[2026-07-17T17:24:36] Scheduler started
[2026-07-17T17:24:36] Started None | no_training_ma_001_yearly_low_mag_noise0_lt1 | run_6 | freq=52 | noise=1 | magnitude=50 | lead_time=1 | PID 1092074 | GPU None
[2026-07-17T17:24:39] Started None | no_training_ma_002_yearly_low_mag_noise0_lt2 | run_6 | freq=52 | noise=1 | magnitude=50 | lead_time=2 | PID 1092088 | GPU None
[2026-07-17T17:24:44] Started None | no_training_ma_003_yearly_low_mag_noise0_lt3 | run_6 | freq=52 | noise=1 | magnitude=50 | lead_time=3 | PID 1092123 | GPU None
[2026-07-17T17:24:47] Started None | no_training_ma_004_yearly_low_mag_noise10_lt1 | run_6 | freq=52 | noise=1 | magnitude=50 | lead_time=1 | PID 1092128 | GPU None
[2026-07-17T17:24:50] Started None | no_training_ma_005_yearly_low_mag_noise10_lt2 | run_6 | freq=52 | noise=1 | magnitude=50 | lead_time=2 | PID 1092310 | GPU None
[2026-07-17T17:24:54] Started None | no_training_ma_006_yearly_low_mag_noise10_lt3 | run_6 | freq=52 | noise=1 | magnitude=50 | lead_time=3 | PID 1092314 | GPU None
[2026-07-17T17:24:57] Started None | no_training_ma_007_yearly_low_mag_noise100_lt1 | run_6 | freq=52 | noise=1 | magnitude=50 | lead_time=1 | PID 1092333 | GPU None
[2026-07-17T17:25:00] Started None | no_training_ma_008_yearly_low_mag_noise100_lt2 | run_6 | freq=52 | noise=1 | magnitude=50 | lead_time=2 | PID 1092436 | GPU None
[2026-07-17T17:25:04] Started None | no_training_ma_009_yearly_low_mag_noise100_lt3 | run_6 | freq=52 | noise=1 | magnitude=50 | lead_time=3 | PID 1092443 | GPU None
[2026-07-17T17:25:07] Started None | no_training_ma_010_yearly_medium_mag_noise0_lt1 | run_6 | freq=52 | noise=1 | magnitude=100 | lead_time=1 | PID 1092447 | GPU None
[2026-07-17T17:25:10] Started None | no_training_ma_011_yearly_medium_mag_noise0_lt2 | run_6 | freq=52 | noise=1 | magnitude=100 | lead_time=2 | PID 1092451 | GPU None
[2026-07-17T17:25:13] Started None | no_training_ma_012_yearly_medium_mag_noise0_lt3 | run_6 | freq=52 | noise=1 | magnitude=100 | lead_time=3 | PID 1092458 | GPU None
[2026-07-17T17:25:16] Started None | no_training_ma_013_yearly_medium_mag_noise10_lt1 | run_6 | freq=52 | noise=1 | magnitude=100 | lead_time=1 | PID 1092471 | GPU None
[2026-07-17T17:25:20] Started None | no_training_ma_014_yearly_medium_mag_noise10_lt2 | run_6 | freq=52 | noise=1 | magnitude=100 | lead_time=2 | PID 1092479 | GPU None
[2026-07-17T17:25:23] Started None | no_training_ma_015_yearly_medium_mag_noise10_lt3 | run_6 | freq=52 | noise=1 | magnitude=100 | lead_time=3 | PID 1092500 | GPU None
[2026-07-17T17:25:26] Started None | no_training_ma_016_yearly_medium_mag_noise100_lt1 | run_6 | freq=52 | noise=1 | magnitude=100 | lead_time=1 | PID 1092565 | GPU None
[2026-07-17T17:25:29] Started None | no_training_ma_017_yearly_medium_mag_noise100_lt2 | run_6 | freq=52 | noise=1 | magnitude=100 | lead_time=2 | PID 1092658 | GPU None
[2026-07-17T17:25:33] Started None | no_training_ma_018_yearly_medium_mag_noise100_lt3 | run_6 | freq=52 | noise=1 | magnitude=100 | lead_time=3 | PID 1092739 | GPU None
[2026-07-17T17:25:36] Started None | no_training_ma_019_yearly_high_mag_noise0_lt1 | run_6 | freq=52 | noise=1 | magnitude=200 | lead_time=1 | PID 1092813 | GPU None
[2026-07-17T17:25:39] Started None | no_training_ma_020_yearly_high_mag_noise0_lt2 | run_6 | freq=52 | noise=1 | magnitude=200 | lead_time=2 | PID 1092882 | GPU None
[2026-07-17T17:25:42] Started None | no_training_ma_021_yearly_high_mag_noise0_lt3 | run_6 | freq=52 | noise=1 | magnitude=200 | lead_time=3 | PID 1092894 | GPU None
[2026-07-17T17:25:46] Started None | no_training_ma_022_yearly_high_mag_noise10_lt1 | run_6 | freq=52 | noise=1 | magnitude=200 | lead_time=1 | PID 1092898 | GPU None
[2026-07-17T17:25:49] Started None | no_training_ma_023_yearly_high_mag_noise10_lt2 | run_6 | freq=52 | noise=1 | magnitude=200 | lead_time=2 | PID 1092975 | GPU None
[2026-07-17T17:25:52] Started None | no_training_ma_024_yearly_high_mag_noise10_lt3 | run_6 | freq=52 | noise=1 | magnitude=200 | lead_time=3 | PID 1093085 | GPU None
[2026-07-17T17:25:55] Started None | no_training_ma_025_yearly_high_mag_noise100_lt1 | run_6 | freq=52 | noise=1 | magnitude=200 | lead_time=1 | PID 1093089 | GPU None
[2026-07-17T17:25:59] Started None | no_training_ma_026_yearly_high_mag_noise100_lt2 | run_6 | freq=52 | noise=1 | magnitude=200 | lead_time=2 | PID 1093098 | GPU None
[2026-07-17T17:26:02] Started None | no_training_ma_027_yearly_high_mag_noise100_lt3 | run_6 | freq=52 | noise=1 | magnitude=200 | lead_time=3 | PID 1093210 | GPU None
[2026-07-17T17:26:05] Started None | no_training_ma_028_half_yearly_low_mag_noise0_lt1 | run_6 | freq=26 | noise=1 | magnitude=50 | lead_time=1 | PID 1093214 | GPU None
[2026-07-17T17:26:08] Started None | no_training_ma_029_half_yearly_low_mag_noise0_lt2 | run_6 | freq=26 | noise=1 | magnitude=50 | lead_time=2 | PID 1093219 | GPU None
[2026-07-17T17:26:12] Started None | no_training_ma_030_half_yearly_low_mag_noise0_lt3 | run_6 | freq=26 | noise=1 | magnitude=50 | lead_time=3 | PID 1093223 | GPU None
[2026-07-17T17:26:15] Started None | no_training_ma_031_half_yearly_low_mag_noise10_lt1 | run_6 | freq=26 | noise=1 | magnitude=50 | lead_time=1 | PID 1093239 | GPU None
[2026-07-17T17:26:18] Started None | no_training_ma_032_half_yearly_low_mag_noise10_lt2 | run_6 | freq=26 | noise=1 | magnitude=50 | lead_time=2 | PID 1093243 | GPU None
[2026-07-17T17:26:21] Started None | no_training_ma_033_half_yearly_low_mag_noise10_lt3 | run_6 | freq=26 | noise=1 | magnitude=50 | lead_time=3 | PID 1093251 | GPU None
[2026-07-17T17:26:25] Started None | no_training_ma_034_half_yearly_low_mag_noise100_lt1 | run_6 | freq=26 | noise=1 | magnitude=50 | lead_time=1 | PID 1093255 | GPU None
[2026-07-17T17:26:28] Started None | no_training_ma_035_half_yearly_low_mag_noise100_lt2 | run_6 | freq=26 | noise=1 | magnitude=50 | lead_time=2 | PID 1093260 | GPU None
[2026-07-17T17:26:31] Started None | no_training_ma_036_half_yearly_low_mag_noise100_lt3 | run_6 | freq=26 | noise=1 | magnitude=50 | lead_time=3 | PID 1093327 | GPU None
[2026-07-17T17:26:34] Started None | no_training_ma_037_half_yearly_medium_mag_noise0_lt1 | run_6 | freq=26 | noise=1 | magnitude=100 | lead_time=1 | PID 1093341 | GPU None
[2026-07-17T17:26:38] Started None | no_training_ma_038_half_yearly_medium_mag_noise0_lt2 | run_6 | freq=26 | noise=1 | magnitude=100 | lead_time=2 | PID 1093345 | GPU None
[2026-07-17T17:26:41] Started None | no_training_ma_039_half_yearly_medium_mag_noise0_lt3 | run_6 | freq=26 | noise=1 | magnitude=100 | lead_time=3 | PID 1093376 | GPU None
[2026-07-17T17:26:44] Started None | no_training_ma_040_half_yearly_medium_mag_noise10_lt1 | run_6 | freq=26 | noise=1 | magnitude=100 | lead_time=1 | PID 1093448 | GPU None
[2026-07-17T17:26:47] Started None | no_training_ma_041_half_yearly_medium_mag_noise10_lt2 | run_6 | freq=26 | noise=1 | magnitude=100 | lead_time=2 | PID 1093520 | GPU None
[2026-07-17T17:26:51] Started None | no_training_ma_042_half_yearly_medium_mag_noise10_lt3 | run_6 | freq=26 | noise=1 | magnitude=100 | lead_time=3 | PID 1093768 | GPU None
[2026-07-17T17:26:54] Started None | no_training_ma_043_half_yearly_medium_mag_noise100_lt1 | run_6 | freq=26 | noise=1 | magnitude=100 | lead_time=1 | PID 1093844 | GPU None
[2026-07-17T17:26:57] Started None | no_training_ma_044_half_yearly_medium_mag_noise100_lt2 | run_6 | freq=26 | noise=1 | magnitude=100 | lead_time=2 | PID 1093885 | GPU None
[2026-07-17T17:27:00] Started None | no_training_ma_045_half_yearly_medium_mag_noise100_lt3 | run_6 | freq=26 | noise=1 | magnitude=100 | lead_time=3 | PID 1093889 | GPU None
[2026-07-17T17:27:04] Started None | no_training_ma_046_half_yearly_high_mag_noise0_lt1 | run_6 | freq=26 | noise=1 | magnitude=200 | lead_time=1 | PID 1094002 | GPU None
[2026-07-17T17:27:07] Started None | no_training_ma_047_half_yearly_high_mag_noise0_lt2 | run_6 | freq=26 | noise=1 | magnitude=200 | lead_time=2 | PID 1094006 | GPU None
[2026-07-17T17:27:10] Started None | no_training_ma_048_half_yearly_high_mag_noise0_lt3 | run_6 | freq=26 | noise=1 | magnitude=200 | lead_time=3 | PID 1094025 | GPU None
[2026-07-17T17:27:13] Started None | no_training_ma_049_half_yearly_high_mag_noise10_lt1 | run_6 | freq=26 | noise=1 | magnitude=200 | lead_time=1 | PID 1094033 | GPU None
[2026-07-17T17:27:16] Started None | no_training_ma_050_half_yearly_high_mag_noise10_lt2 | run_6 | freq=26 | noise=1 | magnitude=200 | lead_time=2 | PID 1094045 | GPU None
[2026-07-17T17:27:20] Finished None | no_training_ma_049_half_yearly_high_mag_noise10_lt1 | run_6 | freq=26 | noise=1 | magnitude=200 | lead_time=1
[2026-07-17T17:27:20] Started None | no_training_ma_051_half_yearly_high_mag_noise10_lt3 | run_6 | freq=26 | noise=1 | magnitude=200 | lead_time=3 | PID 1094057 | GPU None
[2026-07-17T17:27:24] Started None | no_training_ma_052_half_yearly_high_mag_noise100_lt1 | run_6 | freq=26 | noise=1 | magnitude=200 | lead_time=1 | PID 1094062 | GPU None
[2026-07-17T17:27:27] Started None | no_training_ma_053_half_yearly_high_mag_noise100_lt2 | run_6 | freq=26 | noise=1 | magnitude=200 | lead_time=2 | PID 1094066 | GPU None
[2026-07-17T17:27:30] Started None | no_training_ma_054_half_yearly_high_mag_noise100_lt3 | run_6 | freq=26 | noise=1 | magnitude=200 | lead_time=3 | PID 1094070 | GPU None
[2026-07-17T17:27:33] Started None | no_training_ma_055_quarterly_low_mag_noise0_lt1 | run_6 | freq=13 | noise=1 | magnitude=50 | lead_time=1 | PID 1094097 | GPU None
[2026-07-17T17:27:37] Started None | no_training_ma_056_quarterly_low_mag_noise0_lt2 | run_6 | freq=13 | noise=1 | magnitude=50 | lead_time=2 | PID 1094133 | GPU None
[2026-07-17T17:27:40] Started None | no_training_ma_057_quarterly_low_mag_noise0_lt3 | run_6 | freq=13 | noise=1 | magnitude=50 | lead_time=3 | PID 1094137 | GPU None
[2026-07-17T17:27:43] Started None | no_training_ma_058_quarterly_low_mag_noise10_lt1 | run_6 | freq=13 | noise=1 | magnitude=50 | lead_time=1 | PID 1094143 | GPU None
[2026-07-17T17:27:46] Started None | no_training_ma_059_quarterly_low_mag_noise10_lt2 | run_6 | freq=13 | noise=1 | magnitude=50 | lead_time=2 | PID 1094147 | GPU None
[2026-07-17T17:27:50] Started None | no_training_ma_060_quarterly_low_mag_noise10_lt3 | run_6 | freq=13 | noise=1 | magnitude=50 | lead_time=3 | PID 1094152 | GPU None
[2026-07-17T17:27:53] Started None | no_training_ma_061_quarterly_low_mag_noise100_lt1 | run_6 | freq=13 | noise=1 | magnitude=50 | lead_time=1 | PID 1094334 | GPU None
[2026-07-17T17:27:56] Started None | no_training_ma_062_quarterly_low_mag_noise100_lt2 | run_6 | freq=13 | noise=1 | magnitude=50 | lead_time=2 | PID 1094345 | GPU None
[2026-07-17T17:27:59] Started None | no_training_ma_063_quarterly_low_mag_noise100_lt3 | run_6 | freq=13 | noise=1 | magnitude=50 | lead_time=3 | PID 1094423 | GPU None
[2026-07-17T17:28:02] Started None | no_training_ma_064_quarterly_medium_mag_noise0_lt1 | run_6 | freq=13 | noise=1 | magnitude=100 | lead_time=1 | PID 1094499 | GPU None
[2026-07-17T17:28:06] Started None | no_training_ma_065_quarterly_medium_mag_noise0_lt2 | run_6 | freq=13 | noise=1 | magnitude=100 | lead_time=2 | PID 1094667 | GPU None
[2026-07-17T17:28:09] Started None | no_training_ma_066_quarterly_medium_mag_noise0_lt3 | run_6 | freq=13 | noise=1 | magnitude=100 | lead_time=3 | PID 1094752 | GPU None
[2026-07-17T17:28:12] Started None | no_training_ma_067_quarterly_medium_mag_noise10_lt1 | run_6 | freq=13 | noise=1 | magnitude=100 | lead_time=1 | PID 1094801 | GPU None
[2026-07-17T17:28:15] Started None | no_training_ma_068_quarterly_medium_mag_noise10_lt2 | run_6 | freq=13 | noise=1 | magnitude=100 | lead_time=2 | PID 1094817 | GPU None
[2026-07-17T17:28:19] Started None | no_training_ma_069_quarterly_medium_mag_noise10_lt3 | run_6 | freq=13 | noise=1 | magnitude=100 | lead_time=3 | PID 1094821 | GPU None
[2026-07-17T17:28:22] Started None | no_training_ma_070_quarterly_medium_mag_noise100_lt1 | run_6 | freq=13 | noise=1 | magnitude=100 | lead_time=1 | PID 1094829 | GPU None
[2026-07-17T17:28:25] Started None | no_training_ma_071_quarterly_medium_mag_noise100_lt2 | run_6 | freq=13 | noise=1 | magnitude=100 | lead_time=2 | PID 1094833 | GPU None
[2026-07-17T17:28:28] Started None | no_training_ma_072_quarterly_medium_mag_noise100_lt3 | run_6 | freq=13 | noise=1 | magnitude=100 | lead_time=3 | PID 1094837 | GPU None
[2026-07-17T17:28:32] Started None | no_training_ma_073_quarterly_high_mag_noise0_lt1 | run_6 | freq=13 | noise=1 | magnitude=200 | lead_time=1 | PID 1094841 | GPU None
[2026-07-17T17:28:35] Started None | no_training_ma_074_quarterly_high_mag_noise0_lt2 | run_6 | freq=13 | noise=1 | magnitude=200 | lead_time=2 | PID 1094846 | GPU None
[2026-07-17T17:28:38] Started None | no_training_ma_075_quarterly_high_mag_noise0_lt3 | run_6 | freq=13 | noise=1 | magnitude=200 | lead_time=3 | PID 1094873 | GPU None
[2026-07-17T17:28:41] Started None | no_training_ma_076_quarterly_high_mag_noise10_lt1 | run_6 | freq=13 | noise=1 | magnitude=200 | lead_time=1 | PID 1094910 | GPU None
[2026-07-17T17:28:45] Started None | no_training_ma_077_quarterly_high_mag_noise10_lt2 | run_6 | freq=13 | noise=1 | magnitude=200 | lead_time=2 | PID 1094914 | GPU None
[2026-07-17T17:28:48] Started None | no_training_ma_078_quarterly_high_mag_noise10_lt3 | run_6 | freq=13 | noise=1 | magnitude=200 | lead_time=3 | PID 1094919 | GPU None
[2026-07-17T17:28:51] Started None | no_training_ma_079_quarterly_high_mag_noise100_lt1 | run_6 | freq=13 | noise=1 | magnitude=200 | lead_time=1 | PID 1095096 | GPU None
[2026-07-17T17:28:54] Started None | no_training_ma_080_quarterly_high_mag_noise100_lt2 | run_6 | freq=13 | noise=1 | magnitude=200 | lead_time=2 | PID 1095105 | GPU None
[2026-07-17T17:28:58] Started None | no_training_ma_081_quarterly_high_mag_noise100_lt3 | run_6 | freq=13 | noise=1 | magnitude=200 | lead_time=3 | PID 1095113 | GPU None
[2026-07-17T17:29:01] Started None | no_training_ma_082_half_quarterly_low_mag_noise0_lt1 | run_6 | freq=7 | noise=1 | magnitude=50 | lead_time=1 | PID 1095117 | GPU None
[2026-07-17T17:29:04] Started None | no_training_ma_083_half_quarterly_low_mag_noise0_lt2 | run_6 | freq=7 | noise=1 | magnitude=50 | lead_time=2 | PID 1095121 | GPU None
[2026-07-17T17:29:07] Started None | no_training_ma_084_half_quarterly_low_mag_noise0_lt3 | run_6 | freq=7 | noise=1 | magnitude=50 | lead_time=3 | PID 1095217 | GPU None
[2026-07-17T17:29:11] Started None | no_training_ma_085_half_quarterly_low_mag_noise10_lt1 | run_6 | freq=7 | noise=1 | magnitude=50 | lead_time=1 | PID 1095239 | GPU None
[2026-07-17T17:29:14] Started None | no_training_ma_086_half_quarterly_low_mag_noise10_lt2 | run_6 | freq=7 | noise=1 | magnitude=50 | lead_time=2 | PID 1095307 | GPU None
[2026-07-17T17:29:17] Started None | no_training_ma_087_half_quarterly_low_mag_noise10_lt3 | run_6 | freq=7 | noise=1 | magnitude=50 | lead_time=3 | PID 1095394 | GPU None
[2026-07-17T17:29:20] Started None | no_training_ma_088_half_quarterly_low_mag_noise100_lt1 | run_6 | freq=7 | noise=1 | magnitude=50 | lead_time=1 | PID 1095470 | GPU None
[2026-07-17T17:29:24] Started None | no_training_ma_089_half_quarterly_low_mag_noise100_lt2 | run_6 | freq=7 | noise=1 | magnitude=50 | lead_time=2 | PID 1095542 | GPU None
[2026-07-17T17:29:27] Started None | no_training_ma_090_half_quarterly_low_mag_noise100_lt3 | run_6 | freq=7 | noise=1 | magnitude=50 | lead_time=3 | PID 1095604 | GPU None
[2026-07-17T17:29:30] Started None | no_training_ma_091_half_quarterly_medium_mag_noise0_lt1 | run_6 | freq=7 | noise=1 | magnitude=100 | lead_time=1 | PID 1095608 | GPU None
[2026-07-17T17:29:33] Started None | no_training_ma_092_half_quarterly_medium_mag_noise0_lt2 | run_6 | freq=7 | noise=1 | magnitude=100 | lead_time=2 | PID 1095629 | GPU None
[2026-07-17T17:29:37] Started None | no_training_ma_093_half_quarterly_medium_mag_noise0_lt3 | run_6 | freq=7 | noise=1 | magnitude=100 | lead_time=3 | PID 1095633 | GPU None
[2026-07-17T17:29:40] Started None | no_training_ma_094_half_quarterly_medium_mag_noise10_lt1 | run_6 | freq=7 | noise=1 | magnitude=100 | lead_time=1 | PID 1095639 | GPU None
[2026-07-17T17:29:43] Started None | no_training_ma_095_half_quarterly_medium_mag_noise10_lt2 | run_6 | freq=7 | noise=1 | magnitude=100 | lead_time=2 | PID 1095687 | GPU None
[2026-07-17T17:29:46] Started None | no_training_ma_096_half_quarterly_medium_mag_noise10_lt3 | run_6 | freq=7 | noise=1 | magnitude=100 | lead_time=3 | PID 1095719 | GPU None
[2026-07-17T17:29:50] Started None | no_training_ma_097_half_quarterly_medium_mag_noise100_lt1 | run_6 | freq=7 | noise=1 | magnitude=100 | lead_time=1 | PID 1095724 | GPU None
[2026-07-17T17:29:53] Started None | no_training_ma_098_half_quarterly_medium_mag_noise100_lt2 | run_6 | freq=7 | noise=1 | magnitude=100 | lead_time=2 | PID 1095906 | GPU None
[2026-07-17T17:29:56] Started None | no_training_ma_099_half_quarterly_medium_mag_noise100_lt3 | run_6 | freq=7 | noise=1 | magnitude=100 | lead_time=3 | PID 1095910 | GPU None
[2026-07-17T17:29:59] Finished None | no_training_ma_097_half_quarterly_medium_mag_noise100_lt1 | run_6 | freq=7 | noise=1 | magnitude=100 | lead_time=1
[2026-07-17T17:30:00] Started None | no_training_ma_100_half_quarterly_high_mag_noise0_lt1 | run_6 | freq=7 | noise=1 | magnitude=200 | lead_time=1 | PID 1095920 | GPU None
[2026-07-17T17:30:03] Started None | no_training_ma_101_half_quarterly_high_mag_noise0_lt2 | run_6 | freq=7 | noise=1 | magnitude=200 | lead_time=2 | PID 1095924 | GPU None
[2026-07-17T17:30:06] Started None | no_training_ma_102_half_quarterly_high_mag_noise0_lt3 | run_6 | freq=7 | noise=1 | magnitude=200 | lead_time=3 | PID 1095939 | GPU None
[2026-07-17T17:30:10] Started None | no_training_ma_103_half_quarterly_high_mag_noise10_lt1 | run_6 | freq=7 | noise=1 | magnitude=200 | lead_time=1 | PID 1096043 | GPU None
[2026-07-17T17:30:13] Started None | no_training_ma_104_half_quarterly_high_mag_noise10_lt2 | run_6 | freq=7 | noise=1 | magnitude=200 | lead_time=2 | PID 1096059 | GPU None
[2026-07-17T17:30:16] Started None | no_training_ma_105_half_quarterly_high_mag_noise10_lt3 | run_6 | freq=7 | noise=1 | magnitude=200 | lead_time=3 | PID 1096075 | GPU None
[2026-07-17T17:30:19] Started None | no_training_ma_106_half_quarterly_high_mag_noise100_lt1 | run_6 | freq=7 | noise=1 | magnitude=200 | lead_time=1 | PID 1096079 | GPU None
[2026-07-17T17:30:23] Started None | no_training_ma_107_half_quarterly_high_mag_noise100_lt2 | run_6 | freq=7 | noise=1 | magnitude=200 | lead_time=2 | PID 1096087 | GPU None
[2026-07-17T17:30:26] Started None | no_training_ma_108_half_quarterly_high_mag_noise100_lt3 | run_6 | freq=7 | noise=1 | magnitude=200 | lead_time=3 | PID 1096091 | GPU None
[2026-07-17T17:30:29] Started local_multichannel | local_multichannel_001_yearly_low_mag_noise0_lt1 | run_6 | freq=52 | noise=1 | magnitude=50 | lead_time=1 | PID 1096163 | GPU 0
[2026-07-17T17:30:33] Started local_multichannel | local_multichannel_002_yearly_low_mag_noise0_lt2 | run_6 | freq=52 | noise=1 | magnitude=50 | lead_time=2 | PID 1096255 | GPU 1
[2026-07-17T17:30:37] Started local_multichannel | local_multichannel_003_yearly_low_mag_noise0_lt3 | run_6 | freq=52 | noise=1 | magnitude=50 | lead_time=3 | PID 1096339 | GPU 2
[2026-07-17T17:30:40] Started local_multichannel | local_multichannel_004_yearly_low_mag_noise10_lt1 | run_6 | freq=52 | noise=1 | magnitude=50 | lead_time=1 | PID 1096421 | GPU 4
[2026-07-17T17:30:43] Started local_multichannel | local_multichannel_005_yearly_low_mag_noise10_lt2 | run_6 | freq=52 | noise=1 | magnitude=50 | lead_time=2 | PID 1096470 | GPU 5
[2026-07-17T17:30:47] Started local_multichannel | local_multichannel_006_yearly_low_mag_noise10_lt3 | run_6 | freq=52 | noise=1 | magnitude=50 | lead_time=3 | PID 1096512 | GPU 6
[2026-07-17T17:30:50] Started local_multichannel | local_multichannel_007_yearly_low_mag_noise100_lt1 | run_6 | freq=52 | noise=1 | magnitude=50 | lead_time=1 | PID 1096547 | GPU 7
[2026-07-17T17:30:53] Started local_multichannel | local_multichannel_008_yearly_low_mag_noise100_lt2 | run_6 | freq=52 | noise=1 | magnitude=50 | lead_time=2 | PID 1096736 | GPU 3
[2026-07-17T17:30:56] Started local_multichannel | local_multichannel_009_yearly_low_mag_noise100_lt3 | run_6 | freq=52 | noise=1 | magnitude=50 | lead_time=3 | PID 1096748 | GPU 7
[2026-07-17T17:31:00] Started local_multichannel | local_multichannel_010_yearly_medium_mag_noise0_lt1 | run_6 | freq=52 | noise=1 | magnitude=100 | lead_time=1 | PID 1096756 | GPU 2
[2026-07-17T17:31:03] Started local_multichannel | local_multichannel_011_yearly_medium_mag_noise0_lt2 | run_6 | freq=52 | noise=1 | magnitude=100 | lead_time=2 | PID 1096764 | GPU 5
[2026-07-17T17:31:06] Started local_multichannel | local_multichannel_012_yearly_medium_mag_noise0_lt3 | run_6 | freq=52 | noise=1 | magnitude=100 | lead_time=3 | PID 1096772 | GPU 0
[2026-07-17T17:31:10] Started local_multichannel | local_multichannel_013_yearly_medium_mag_noise10_lt1 | run_6 | freq=52 | noise=1 | magnitude=100 | lead_time=1 | PID 1096780 | GPU 1
[2026-07-17T17:31:13] Started local_multichannel | local_multichannel_014_yearly_medium_mag_noise10_lt2 | run_6 | freq=52 | noise=1 | magnitude=100 | lead_time=2 | PID 1096897 | GPU 6
[2026-07-17T17:31:16] Started local_multichannel | local_multichannel_015_yearly_medium_mag_noise10_lt3 | run_6 | freq=52 | noise=1 | magnitude=100 | lead_time=3 | PID 1096917 | GPU 4
[2026-07-17T17:31:20] Started local_multichannel | local_multichannel_016_yearly_medium_mag_noise100_lt1 | run_6 | freq=52 | noise=1 | magnitude=100 | lead_time=1 | PID 1096925 | GPU 3
[2026-07-17T17:31:23] Started local_multichannel | local_multichannel_017_yearly_medium_mag_noise100_lt2 | run_6 | freq=52 | noise=1 | magnitude=100 | lead_time=2 | PID 1096937 | GPU 5
[2026-07-17T17:31:26] Started local_multichannel | local_multichannel_018_yearly_medium_mag_noise100_lt3 | run_6 | freq=52 | noise=1 | magnitude=100 | lead_time=3 | PID 1096945 | GPU 0
[2026-07-17T17:31:30] Started local_multichannel | local_multichannel_019_yearly_high_mag_noise0_lt1 | run_6 | freq=52 | noise=1 | magnitude=200 | lead_time=1 | PID 1096953 | GPU 1
[2026-07-17T17:31:33] Started local_multichannel | local_multichannel_020_yearly_high_mag_noise0_lt2 | run_6 | freq=52 | noise=1 | magnitude=200 | lead_time=2 | PID 1096961 | GPU 7
[2026-07-17T17:31:36] Started local_multichannel | local_multichannel_021_yearly_high_mag_noise0_lt3 | run_6 | freq=52 | noise=1 | magnitude=200 | lead_time=3 | PID 1096969 | GPU 6
[2026-07-17T17:31:40] Started local_multichannel | local_multichannel_022_yearly_high_mag_noise10_lt1 | run_6 | freq=52 | noise=1 | magnitude=200 | lead_time=1 | PID 1096977 | GPU 2
[2026-07-17T17:31:43] Started local_multichannel | local_multichannel_023_yearly_high_mag_noise10_lt2 | run_6 | freq=52 | noise=1 | magnitude=200 | lead_time=2 | PID 1097019 | GPU 4
[2026-07-17T17:31:46] Started local_multichannel | local_multichannel_024_yearly_high_mag_noise10_lt3 | run_6 | freq=52 | noise=1 | magnitude=200 | lead_time=3 | PID 1097090 | GPU 3
[2026-07-17T17:31:50] Started local_multichannel | local_multichannel_025_yearly_high_mag_noise100_lt1 | run_6 | freq=52 | noise=1 | magnitude=200 | lead_time=1 | PID 1097157 | GPU 4
[2026-07-17T17:32:04] Started split_multichannel | split_multichannel_015_yearly_medium_mag_noise10_lt3 | run_6 | freq=52 | noise=1 | magnitude=100 | lead_time=3 | PID 1097775 | GPU 3
[2026-07-17T17:32:13] Started split_multichannel | split_multichannel_070_quarterly_medium_mag_noise100_lt1 | run_6 | freq=13 | noise=1 | magnitude=100 | lead_time=1 | PID 1097978 | GPU 2
[2026-07-17T17:32:16] Started split_multichannel | split_multichannel_071_quarterly_medium_mag_noise100_lt2 | run_6 | freq=13 | noise=1 | magnitude=100 | lead_time=2 | PID 1098035 | GPU 5
[2026-07-17T17:32:28] Started local_timemixer | local_timemixer_031_half_yearly_low_mag_noise10_lt1 | run_6 | freq=26 | noise=1 | magnitude=50 | lead_time=1 | PID 1098182 | GPU 0
[2026-07-17T17:32:37] Started local_timemixer | local_timemixer_085_half_quarterly_low_mag_noise10_lt1 | run_6 | freq=7 | noise=1 | magnitude=50 | lead_time=1 | PID 1098313 | GPU 6
[2026-07-17T17:32:45] Started split_timemixer | split_timemixer_022_yearly_high_mag_noise10_lt1 | run_6 | freq=52 | noise=1 | magnitude=200 | lead_time=1 | PID 1098411 | GPU 7
[2026-07-17T17:32:51] Started split_timemixer | split_timemixer_046_half_yearly_high_mag_noise0_lt1 | run_6 | freq=26 | noise=1 | magnitude=200 | lead_time=1 | PID 1098466 | GPU 1
[2026-07-17T17:33:27] Finished split_multichannel | split_multichannel_070_quarterly_medium_mag_noise100_lt1 | run_6 | freq=13 | noise=1 | magnitude=100 | lead_time=1
[2026-07-17T17:33:36] Started local_multichannel | local_multichannel_100_half_quarterly_high_mag_noise0_lt1 | run_6 | freq=7 | noise=1 | magnitude=200 | lead_time=1 | PID 1099873 | GPU 1
[2026-07-17T17:33:56] Started local_timemixer | local_timemixer_038_half_yearly_medium_mag_noise0_lt2 | run_6 | freq=26 | noise=1 | magnitude=100 | lead_time=2 | PID 1100360 | GPU 2
[2026-07-17T17:34:45] Finished local_multichannel | local_multichannel_023_yearly_high_mag_noise10_lt2 | run_6 | freq=52 | noise=1 | magnitude=200 | lead_time=2
[2026-07-17T17:34:45] Started local_multichannel | local_multichannel_026_yearly_high_mag_noise100_lt2 | run_6 | freq=52 | noise=1 | magnitude=200 | lead_time=2 | PID 1101685 | GPU 5
[2026-07-17T17:34:49] Started local_multichannel | local_multichannel_027_yearly_high_mag_noise100_lt3 | run_6 | freq=52 | noise=1 | magnitude=200 | lead_time=3 | PID 1101693 | GPU 4
[2026-07-17T17:34:52] Started local_multichannel | local_multichannel_028_half_yearly_low_mag_noise0_lt1 | run_6 | freq=26 | noise=1 | magnitude=50 | lead_time=1 | PID 1101701 | GPU 5
[2026-07-17T17:34:55] Started local_multichannel | local_multichannel_029_half_yearly_low_mag_noise0_lt2 | run_6 | freq=26 | noise=1 | magnitude=50 | lead_time=2 | PID 1101887 | GPU 4
[2026-07-17T17:35:07] Started split_multichannel | split_multichannel_002_yearly_low_mag_noise0_lt2 | run_6 | freq=52 | noise=1 | magnitude=50 | lead_time=2 | PID 1102117 | GPU 3
[2026-07-17T17:35:11] Started split_multichannel | split_multichannel_003_yearly_low_mag_noise0_lt3 | run_6 | freq=52 | noise=1 | magnitude=50 | lead_time=3 | PID 1102124 | GPU 2
[2026-07-17T17:35:21] Started split_multichannel | split_multichannel_068_quarterly_medium_mag_noise10_lt2 | run_6 | freq=13 | noise=1 | magnitude=100 | lead_time=2 | PID 1102353 | GPU 6
[2026-07-17T17:35:29] Started split_multichannel | split_multichannel_104_half_quarterly_high_mag_noise10_lt2 | run_6 | freq=7 | noise=1 | magnitude=200 | lead_time=2 | PID 1102457 | GPU 0
[2026-07-17T17:35:34] Started local_timemixer | local_timemixer_012_yearly_medium_mag_noise0_lt3 | run_6 | freq=52 | noise=1 | magnitude=100 | lead_time=3 | PID 1102511 | GPU 7
[2026-07-17T17:35:44] Started local_timemixer | local_timemixer_079_quarterly_high_mag_noise100_lt1 | run_6 | freq=13 | noise=1 | magnitude=200 | lead_time=1 | PID 1102811 | GPU 5
[2026-07-17T17:36:26] Finished split_multichannel | split_multichannel_002_yearly_low_mag_noise0_lt2 | run_6 | freq=52 | noise=1 | magnitude=50 | lead_time=2
[2026-07-17T17:36:26] Started local_multichannel | local_multichannel_030_half_yearly_low_mag_noise0_lt3 | run_6 | freq=26 | noise=1 | magnitude=50 | lead_time=3 | PID 1104054 | GPU 3
[2026-07-17T17:36:30] Started local_multichannel | local_multichannel_031_half_yearly_low_mag_noise10_lt1 | run_6 | freq=26 | noise=1 | magnitude=50 | lead_time=1 | PID 1104061 | GPU 3
[2026-07-17T17:36:33] Started local_multichannel | local_multichannel_032_half_yearly_low_mag_noise10_lt2 | run_6 | freq=26 | noise=1 | magnitude=50 | lead_time=2 | PID 1104069 | GPU 4
[2026-07-17T17:36:36] Started local_multichannel | local_multichannel_033_half_yearly_low_mag_noise10_lt3 | run_6 | freq=26 | noise=1 | magnitude=50 | lead_time=3 | PID 1104077 | GPU 6
[2026-07-17T17:36:40] Started local_multichannel | local_multichannel_034_half_yearly_low_mag_noise100_lt1 | run_6 | freq=26 | noise=1 | magnitude=50 | lead_time=1 | PID 1104092 | GPU 3
[2026-07-17T17:36:43] Started local_multichannel | local_multichannel_035_half_yearly_low_mag_noise100_lt2 | run_6 | freq=26 | noise=1 | magnitude=50 | lead_time=2 | PID 1104103 | GPU 6
[2026-07-17T17:36:46] Started local_multichannel | local_multichannel_036_half_yearly_low_mag_noise100_lt3 | run_6 | freq=26 | noise=1 | magnitude=50 | lead_time=3 | PID 1104111 | GPU 0
[2026-07-17T17:36:50] Started local_multichannel | local_multichannel_037_half_yearly_medium_mag_noise0_lt1 | run_6 | freq=26 | noise=1 | magnitude=100 | lead_time=1 | PID 1104120 | GPU 0
[2026-07-17T17:37:05] Started split_multichannel | split_multichannel_040_half_yearly_medium_mag_noise10_lt1 | run_6 | freq=26 | noise=1 | magnitude=100 | lead_time=1 | PID 1104720 | GPU 5
[2026-07-17T17:37:41] Started local_patchtst | local_patchtst_026_yearly_high_mag_noise100_lt2 | run_6 | freq=52 | noise=1 | magnitude=200 | lead_time=2 | PID 1105653 | GPU 2
[2026-07-17T17:37:45] Started local_patchtst | local_patchtst_033_half_yearly_low_mag_noise10_lt3 | run_6 | freq=26 | noise=1 | magnitude=50 | lead_time=3 | PID 1105672 | GPU 3
[2026-07-17T17:38:08] Finished split_multichannel | split_multichannel_068_quarterly_medium_mag_noise10_lt2 | run_6 | freq=13 | noise=1 | magnitude=100 | lead_time=2
[2026-07-17T17:38:09] Started local_multichannel | local_multichannel_038_half_yearly_medium_mag_noise0_lt2 | run_6 | freq=26 | noise=1 | magnitude=100 | lead_time=2 | PID 1106233 | GPU 6
[2026-07-17T17:38:12] Started local_multichannel | local_multichannel_039_half_yearly_medium_mag_noise0_lt3 | run_6 | freq=26 | noise=1 | magnitude=100 | lead_time=3 | PID 1106240 | GPU 4
[2026-07-17T17:38:17] Started local_multichannel | local_multichannel_054_half_yearly_high_mag_noise100_lt3 | run_6 | freq=26 | noise=1 | magnitude=200 | lead_time=3 | PID 1106334 | GPU 2
[2026-07-17T17:38:52] Started split_timemixer | split_timemixer_033_half_yearly_low_mag_noise10_lt3 | run_6 | freq=26 | noise=1 | magnitude=50 | lead_time=3 | PID 1107391 | GPU 1
[2026-07-17T17:38:56] Started split_timemixer | split_timemixer_034_half_yearly_low_mag_noise100_lt1 | run_6 | freq=26 | noise=1 | magnitude=50 | lead_time=1 | PID 1107398 | GPU 1
[2026-07-17T17:39:00] Started split_timemixer | split_timemixer_043_half_yearly_medium_mag_noise100_lt1 | run_6 | freq=26 | noise=1 | magnitude=100 | lead_time=1 | PID 1107604 | GPU 6
[2026-07-17T17:39:06] Started split_timemixer | split_timemixer_067_quarterly_medium_mag_noise10_lt1 | run_6 | freq=13 | noise=1 | magnitude=100 | lead_time=1 | PID 1107657 | GPU 0
[2026-07-17T17:39:11] Started split_timemixer | split_timemixer_080_quarterly_high_mag_noise100_lt2 | run_6 | freq=13 | noise=1 | magnitude=200 | lead_time=2 | PID 1107688 | GPU 2
[2026-07-17T17:39:42] Finished local_patchtst | local_patchtst_033_half_yearly_low_mag_noise10_lt3 | run_6 | freq=26 | noise=1 | magnitude=50 | lead_time=3
[2026-07-17T17:39:42] Started local_multichannel | local_multichannel_040_half_yearly_medium_mag_noise10_lt1 | run_6 | freq=26 | noise=1 | magnitude=100 | lead_time=1 | PID 1108506 | GPU 4
[2026-07-17T17:39:46] Started local_multichannel | local_multichannel_041_half_yearly_medium_mag_noise10_lt2 | run_6 | freq=26 | noise=1 | magnitude=100 | lead_time=2 | PID 1108594 | GPU 5
[2026-07-17T17:39:49] Started local_multichannel | local_multichannel_042_half_yearly_medium_mag_noise10_lt3 | run_6 | freq=26 | noise=1 | magnitude=100 | lead_time=3 | PID 1108676 | GPU 5
[2026-07-17T17:39:52] Started local_multichannel | local_multichannel_043_half_yearly_medium_mag_noise100_lt1 | run_6 | freq=26 | noise=1 | magnitude=100 | lead_time=1 | PID 1108742 | GPU 4
[2026-07-17T17:39:56] Started local_multichannel | local_multichannel_044_half_yearly_medium_mag_noise100_lt2 | run_6 | freq=26 | noise=1 | magnitude=100 | lead_time=2 | PID 1108761 | GPU 5
[2026-07-17T17:40:05] Started local_multichannel | local_multichannel_096_half_quarterly_medium_mag_noise10_lt3 | run_6 | freq=7 | noise=1 | magnitude=100 | lead_time=3 | PID 1109078 | GPU 3
[2026-07-17T17:40:35] Started split_timemixer | split_timemixer_021_yearly_high_mag_noise0_lt3 | run_6 | freq=52 | noise=1 | magnitude=200 | lead_time=3 | PID 1109736 | GPU 7
[2026-07-17T17:40:55] Started local_patchtst | local_patchtst_079_quarterly_high_mag_noise100_lt1 | run_6 | freq=13 | noise=1 | magnitude=200 | lead_time=1 | PID 1110128 | GPU 4
[2026-07-17T17:41:14] Finished local_multichannel | local_multichannel_038_half_yearly_medium_mag_noise0_lt2 | run_6 | freq=26 | noise=1 | magnitude=100 | lead_time=2
[2026-07-17T17:41:15] Started local_multichannel | local_multichannel_045_half_yearly_medium_mag_noise100_lt3 | run_6 | freq=26 | noise=1 | magnitude=100 | lead_time=3 | PID 1110865 | GPU 3
[2026-07-17T17:41:18] Started local_multichannel | local_multichannel_046_half_yearly_high_mag_noise0_lt1 | run_6 | freq=26 | noise=1 | magnitude=200 | lead_time=1 | PID 1110875 | GPU 3
[2026-07-17T17:41:21] Started local_multichannel | local_multichannel_047_half_yearly_high_mag_noise0_lt2 | run_6 | freq=26 | noise=1 | magnitude=200 | lead_time=2 | PID 1110883 | GPU 3
[2026-07-17T17:41:28] Started local_multichannel | local_multichannel_076_quarterly_high_mag_noise10_lt1 | run_6 | freq=13 | noise=1 | magnitude=200 | lead_time=1 | PID 1110950 | GPU 6
[2026-07-17T17:42:05] Started split_timemixer | split_timemixer_086_half_quarterly_low_mag_noise10_lt2 | run_6 | freq=7 | noise=1 | magnitude=50 | lead_time=2 | PID 1111944 | GPU 5
[2026-07-17T17:42:35] Finished local_patchtst | local_patchtst_079_quarterly_high_mag_noise100_lt1 | run_6 | freq=13 | noise=1 | magnitude=200 | lead_time=1
[2026-07-17T17:42:36] Started local_multichannel | local_multichannel_048_half_yearly_high_mag_noise0_lt3 | run_6 | freq=26 | noise=1 | magnitude=200 | lead_time=3 | PID 1112816 | GPU 4
[2026-07-17T17:42:39] Started local_multichannel | local_multichannel_049_half_yearly_high_mag_noise10_lt1 | run_6 | freq=26 | noise=1 | magnitude=200 | lead_time=1 | PID 1112956 | GPU 4
[2026-07-17T17:42:53] Started split_multichannel | split_multichannel_049_half_yearly_high_mag_noise10_lt1 | run_6 | freq=26 | noise=1 | magnitude=200 | lead_time=1 | PID 1113168 | GPU 6
[2026-07-17T17:43:21] Started split_timemixer | split_timemixer_062_quarterly_low_mag_noise100_lt2 | run_6 | freq=13 | noise=1 | magnitude=50 | lead_time=2 | PID 1113796 | GPU 7
[2026-07-17T17:43:49] Started split_patchtst | split_patchtst_068_quarterly_medium_mag_noise10_lt2 | run_6 | freq=13 | noise=1 | magnitude=100 | lead_time=2 | PID 1114735 | GPU 2
[2026-07-17T17:43:54] Started split_patchtst | split_patchtst_089_half_quarterly_low_mag_noise100_lt2 | run_6 | freq=7 | noise=1 | magnitude=50 | lead_time=2 | PID 1114783 | GPU 0
[2026-07-17T17:43:57] Started split_patchtst | split_patchtst_090_half_quarterly_low_mag_noise100_lt3 | run_6 | freq=7 | noise=1 | magnitude=50 | lead_time=3 | PID 1114794 | GPU 0
[2026-07-17T17:44:01] Started split_patchtst | split_patchtst_091_half_quarterly_medium_mag_noise0_lt1 | run_6 | freq=7 | noise=1 | magnitude=100 | lead_time=1 | PID 1114958 | GPU 0
[2026-07-17T17:44:06] Finished local_multichannel | local_multichannel_047_half_yearly_high_mag_noise0_lt2 | run_6 | freq=26 | noise=1 | magnitude=200 | lead_time=2
[2026-07-17T17:44:07] Started local_multichannel | local_multichannel_050_half_yearly_high_mag_noise10_lt2 | run_6 | freq=26 | noise=1 | magnitude=200 | lead_time=2 | PID 1115025 | GPU 4
[2026-07-17T17:44:10] Started local_multichannel | local_multichannel_051_half_yearly_high_mag_noise10_lt3 | run_6 | freq=26 | noise=1 | magnitude=200 | lead_time=3 | PID 1115033 | GPU 3
[2026-07-17T17:44:13] Started local_multichannel | local_multichannel_052_half_yearly_high_mag_noise100_lt1 | run_6 | freq=26 | noise=1 | magnitude=200 | lead_time=1 | PID 1115041 | GPU 3
[2026-07-17T17:44:33] Started split_multichannel | split_multichannel_098_half_quarterly_medium_mag_noise100_lt2 | run_6 | freq=7 | noise=1 | magnitude=100 | lead_time=2 | PID 1115365 | GPU 6
[2026-07-17T17:44:37] Started local_timemixer | local_timemixer_001_yearly_low_mag_noise0_lt1 | run_6 | freq=52 | noise=1 | magnitude=50 | lead_time=1 | PID 1115390 | GPU 2
[2026-07-17T17:44:41] Started local_timemixer | local_timemixer_002_yearly_low_mag_noise0_lt2 | run_6 | freq=52 | noise=1 | magnitude=50 | lead_time=2 | PID 1115398 | GPU 2
[2026-07-17T17:44:50] Started local_timemixer | local_timemixer_061_quarterly_low_mag_noise100_lt1 | run_6 | freq=13 | noise=1 | magnitude=50 | lead_time=1 | PID 1115744 | GPU 4
[2026-07-17T17:45:29] Started split_patchtst | split_patchtst_072_quarterly_medium_mag_noise100_lt3 | run_6 | freq=13 | noise=1 | magnitude=100 | lead_time=3 | PID 1116877 | GPU 5
[2026-07-17T17:45:36] Finished local_multichannel | local_multichannel_076_quarterly_high_mag_noise10_lt1 | run_6 | freq=13 | noise=1 | magnitude=200 | lead_time=1
[2026-07-17T17:45:37] Started local_multichannel | local_multichannel_053_half_yearly_high_mag_noise100_lt2 | run_6 | freq=26 | noise=1 | magnitude=200 | lead_time=2 | PID 1116953 | GPU 6
[2026-07-17T17:45:40] Started local_multichannel | local_multichannel_055_quarterly_low_mag_noise0_lt1 | run_6 | freq=13 | noise=1 | magnitude=50 | lead_time=1 | PID 1116960 | GPU 3
[2026-07-17T17:45:43] Started local_multichannel | local_multichannel_056_quarterly_low_mag_noise0_lt2 | run_6 | freq=13 | noise=1 | magnitude=50 | lead_time=2 | PID 1116970 | GPU 3
[2026-07-17T17:45:49] Started local_multichannel | local_multichannel_080_quarterly_high_mag_noise100_lt2 | run_6 | freq=13 | noise=1 | magnitude=200 | lead_time=2 | PID 1117071 | GPU 6
[2026-07-17T17:45:53] Started local_multichannel | local_multichannel_081_quarterly_high_mag_noise100_lt3 | run_6 | freq=13 | noise=1 | magnitude=200 | lead_time=3 | PID 1117159 | GPU 0
[2026-07-17T17:46:48] Started split_patchtst | split_patchtst_042_half_yearly_medium_mag_noise10_lt3 | run_6 | freq=26 | noise=1 | magnitude=100 | lead_time=3 | PID 1118669 | GPU 2
[2026-07-17T17:46:58] Finished local_multichannel | local_multichannel_050_half_yearly_high_mag_noise10_lt2 | run_6 | freq=26 | noise=1 | magnitude=200 | lead_time=2
[2026-07-17T17:46:58] Started local_multichannel | local_multichannel_057_quarterly_low_mag_noise0_lt3 | run_6 | freq=13 | noise=1 | magnitude=50 | lead_time=3 | PID 1118937 | GPU 0
[2026-07-17T17:47:02] Started local_multichannel | local_multichannel_058_quarterly_low_mag_noise10_lt1 | run_6 | freq=13 | noise=1 | magnitude=50 | lead_time=1 | PID 1118976 | GPU 0
[2026-07-17T17:47:05] Started local_multichannel | local_multichannel_059_quarterly_low_mag_noise10_lt2 | run_6 | freq=13 | noise=1 | magnitude=50 | lead_time=2 | PID 1119162 | GPU 0
[2026-07-17T17:47:09] Started local_multichannel | local_multichannel_067_quarterly_medium_mag_noise10_lt1 | run_6 | freq=13 | noise=1 | magnitude=100 | lead_time=1 | PID 1119200 | GPU 1
[2026-07-17T17:47:23] Started split_multichannel | split_multichannel_064_quarterly_medium_mag_noise0_lt1 | run_6 | freq=13 | noise=1 | magnitude=100 | lead_time=1 | PID 1119462 | GPU 6
[2026-07-17T17:47:28] Started split_multichannel | split_multichannel_081_quarterly_high_mag_noise100_lt3 | run_6 | freq=13 | noise=1 | magnitude=200 | lead_time=3 | PID 1119597 | GPU 4
[2026-07-17T17:47:43] Started local_timemixer | local_timemixer_087_half_quarterly_low_mag_noise10_lt3 | run_6 | freq=7 | noise=1 | magnitude=50 | lead_time=3 | PID 1120014 | GPU 4
[2026-07-17T17:48:05] Started local_patchtst | local_patchtst_050_half_yearly_high_mag_noise10_lt2 | run_6 | freq=26 | noise=1 | magnitude=200 | lead_time=2 | PID 1120702 | GPU 5
[2026-07-17T17:48:08] Started local_patchtst | local_patchtst_051_half_yearly_high_mag_noise10_lt3 | run_6 | freq=26 | noise=1 | magnitude=200 | lead_time=3 | PID 1120709 | GPU 5
[2026-07-17T17:48:12] Started local_patchtst | local_patchtst_052_half_yearly_high_mag_noise100_lt1 | run_6 | freq=26 | noise=1 | magnitude=200 | lead_time=1 | PID 1120718 | GPU 1
[2026-07-17T17:48:33] Finished local_multichannel | local_multichannel_080_quarterly_high_mag_noise100_lt2 | run_6 | freq=13 | noise=1 | magnitude=200 | lead_time=2
[2026-07-17T17:48:34] Started local_multichannel | local_multichannel_060_quarterly_low_mag_noise10_lt3 | run_6 | freq=13 | noise=1 | magnitude=50 | lead_time=3 | PID 1121059 | GPU 6
[2026-07-17T17:48:37] Started local_multichannel | local_multichannel_061_quarterly_low_mag_noise100_lt1 | run_6 | freq=13 | noise=1 | magnitude=50 | lead_time=1 | PID 1121066 | GPU 6
[2026-07-17T17:48:40] Started local_multichannel | local_multichannel_062_quarterly_low_mag_noise100_lt2 | run_6 | freq=13 | noise=1 | magnitude=50 | lead_time=2 | PID 1121147 | GPU 3
[2026-07-17T17:48:44] Started local_multichannel | local_multichannel_063_quarterly_low_mag_noise100_lt3 | run_6 | freq=13 | noise=1 | magnitude=50 | lead_time=3 | PID 1121221 | GPU 3
[2026-07-17T17:49:00] Started split_multichannel | split_multichannel_092_half_quarterly_medium_mag_noise0_lt2 | run_6 | freq=7 | noise=1 | magnitude=100 | lead_time=2 | PID 1121777 | GPU 5
[2026-07-17T17:49:04] Started split_multichannel | split_multichannel_093_half_quarterly_medium_mag_noise0_lt3 | run_6 | freq=7 | noise=1 | magnitude=100 | lead_time=3 | PID 1121810 | GPU 5
[2026-07-17T17:49:25] Started split_timemixer | split_timemixer_055_quarterly_low_mag_noise0_lt1 | run_6 | freq=13 | noise=1 | magnitude=50 | lead_time=1 | PID 1122359 | GPU 1
[2026-07-17T17:49:28] Started split_timemixer | split_timemixer_056_quarterly_low_mag_noise0_lt2 | run_6 | freq=13 | noise=1 | magnitude=50 | lead_time=2 | PID 1122370 | GPU 1
[2026-07-17T17:49:48] Started local_patchtst | local_patchtst_108_half_quarterly_high_mag_noise100_lt3 | run_6 | freq=7 | noise=1 | magnitude=200 | lead_time=3 | PID 1122701 | GPU 6
[2026-07-17T17:49:52] Started split_patchtst | split_patchtst_008_yearly_low_mag_noise100_lt2 | run_6 | freq=52 | noise=1 | magnitude=50 | lead_time=2 | PID 1122725 | GPU 4
[2026-07-17T17:50:06] Finished local_patchtst | local_patchtst_052_half_yearly_high_mag_noise100_lt1 | run_6 | freq=26 | noise=1 | magnitude=200 | lead_time=1
[2026-07-17T17:50:07] Started local_multichannel | local_multichannel_064_quarterly_medium_mag_noise0_lt1 | run_6 | freq=13 | noise=1 | magnitude=100 | lead_time=1 | PID 1123475 | GPU 5
[2026-07-17T17:50:10] Started local_multichannel | local_multichannel_065_quarterly_medium_mag_noise0_lt2 | run_6 | freq=13 | noise=1 | magnitude=100 | lead_time=2 | PID 1123544 | GPU 3
[2026-07-17T17:50:14] Started local_multichannel | local_multichannel_066_quarterly_medium_mag_noise0_lt3 | run_6 | freq=13 | noise=1 | magnitude=100 | lead_time=3 | PID 1123615 | GPU 0
[2026-07-17T17:51:00] Started local_patchtst | local_patchtst_071_quarterly_medium_mag_noise100_lt2 | run_6 | freq=13 | noise=1 | magnitude=100 | lead_time=2 | PID 1124452 | GPU 3
[2026-07-17T17:51:18] Finished split_multichannel | split_multichannel_064_quarterly_medium_mag_noise0_lt1 | run_6 | freq=13 | noise=1 | magnitude=100 | lead_time=1
[2026-07-17T17:51:19] Started local_multichannel | local_multichannel_068_quarterly_medium_mag_noise10_lt2 | run_6 | freq=13 | noise=1 | magnitude=100 | lead_time=2 | PID 1125149 | GPU 0
[2026-07-17T17:51:23] Started local_multichannel | local_multichannel_069_quarterly_medium_mag_noise10_lt3 | run_6 | freq=13 | noise=1 | magnitude=100 | lead_time=3 | PID 1125241 | GPU 0
[2026-07-17T17:51:26] Started local_multichannel | local_multichannel_070_quarterly_medium_mag_noise100_lt1 | run_6 | freq=13 | noise=1 | magnitude=100 | lead_time=1 | PID 1125315 | GPU 2
[2026-07-17T17:51:29] Started local_multichannel | local_multichannel_071_quarterly_medium_mag_noise100_lt2 | run_6 | freq=13 | noise=1 | magnitude=100 | lead_time=2 | PID 1125405 | GPU 2
[2026-07-17T17:51:33] Started local_multichannel | local_multichannel_072_quarterly_medium_mag_noise100_lt3 | run_6 | freq=13 | noise=1 | magnitude=100 | lead_time=3 | PID 1125456 | GPU 7
[2026-07-17T17:51:36] Started local_multichannel | local_multichannel_073_quarterly_high_mag_noise0_lt1 | run_6 | freq=13 | noise=1 | magnitude=200 | lead_time=1 | PID 1125464 | GPU 7
[2026-07-17T17:51:39] Started local_multichannel | local_multichannel_074_quarterly_high_mag_noise0_lt2 | run_6 | freq=13 | noise=1 | magnitude=200 | lead_time=2 | PID 1125472 | GPU 7
[2026-07-17T17:51:43] Started local_multichannel | local_multichannel_075_quarterly_high_mag_noise0_lt3 | run_6 | freq=13 | noise=1 | magnitude=200 | lead_time=3 | PID 1125482 | GPU 2
[2026-07-17T17:51:46] Started local_multichannel | local_multichannel_077_quarterly_high_mag_noise10_lt2 | run_6 | freq=13 | noise=1 | magnitude=200 | lead_time=2 | PID 1125490 | GPU 6
[2026-07-17T17:52:14] Started local_timemixer | local_timemixer_107_half_quarterly_high_mag_noise100_lt2 | run_6 | freq=7 | noise=1 | magnitude=200 | lead_time=2 | PID 1126242 | GPU 5
[2026-07-17T17:52:22] Started split_timemixer | split_timemixer_045_half_yearly_medium_mag_noise100_lt3 | run_6 | freq=26 | noise=1 | magnitude=100 | lead_time=3 | PID 1126371 | GPU 4
[2026-07-17T17:52:31] Started split_timemixer | split_timemixer_101_half_quarterly_high_mag_noise0_lt2 | run_6 | freq=7 | noise=1 | magnitude=200 | lead_time=2 | PID 1126504 | GPU 0
[2026-07-17T17:52:57] Finished local_patchtst | local_patchtst_071_quarterly_medium_mag_noise100_lt2 | run_6 | freq=13 | noise=1 | magnitude=100 | lead_time=2
[2026-07-17T17:52:57] Started local_multichannel | local_multichannel_078_quarterly_high_mag_noise10_lt3 | run_6 | freq=13 | noise=1 | magnitude=200 | lead_time=3 | PID 1127267 | GPU 6
[2026-07-17T17:53:01] Started local_multichannel | local_multichannel_079_quarterly_high_mag_noise100_lt1 | run_6 | freq=13 | noise=1 | magnitude=200 | lead_time=1 | PID 1127274 | GPU 3
[2026-07-17T17:53:04] Started local_multichannel | local_multichannel_082_half_quarterly_low_mag_noise0_lt1 | run_6 | freq=7 | noise=1 | magnitude=50 | lead_time=1 | PID 1127282 | GPU 6
[2026-07-17T17:53:07] Started local_multichannel | local_multichannel_083_half_quarterly_low_mag_noise0_lt2 | run_6 | freq=7 | noise=1 | magnitude=50 | lead_time=2 | PID 1127469 | GPU 3
[2026-07-17T17:53:11] Started local_multichannel | local_multichannel_084_half_quarterly_low_mag_noise0_lt3 | run_6 | freq=7 | noise=1 | magnitude=50 | lead_time=3 | PID 1127596 | GPU 3
[2026-07-17T17:53:26] Started split_multichannel | split_multichannel_094_half_quarterly_medium_mag_noise10_lt1 | run_6 | freq=7 | noise=1 | magnitude=100 | lead_time=1 | PID 1127849 | GPU 5
[2026-07-17T17:53:37] Started local_timemixer | local_timemixer_063_quarterly_low_mag_noise100_lt3 | run_6 | freq=13 | noise=1 | magnitude=50 | lead_time=3 | PID 1128043 | GPU 7
[2026-07-17T17:53:40] Started local_timemixer | local_timemixer_064_quarterly_medium_mag_noise0_lt1 | run_6 | freq=13 | noise=1 | magnitude=100 | lead_time=1 | PID 1128052 | GPU 2
[2026-07-17T17:54:09] Started local_patchtst | local_patchtst_105_half_quarterly_high_mag_noise10_lt3 | run_6 | freq=7 | noise=1 | magnitude=200 | lead_time=3 | PID 1129040 | GPU 6
[2026-07-17T17:54:17] Started split_patchtst | split_patchtst_036_half_yearly_low_mag_noise100_lt3 | run_6 | freq=26 | noise=1 | magnitude=50 | lead_time=3 | PID 1129240 | GPU 5
[2026-07-17T17:54:28] Finished local_multichannel | local_multichannel_077_quarterly_high_mag_noise10_lt2 | run_6 | freq=13 | noise=1 | magnitude=200 | lead_time=2
[2026-07-17T17:54:41] Started local_timemixer | local_timemixer_004_yearly_low_mag_noise10_lt1 | run_6 | freq=52 | noise=1 | magnitude=50 | lead_time=1 | PID 1129678 | GPU 4
[2026-07-17T17:54:59] Started split_timemixer | split_timemixer_041_half_yearly_medium_mag_noise10_lt2 | run_6 | freq=26 | noise=1 | magnitude=100 | lead_time=2 | PID 1129968 | GPU 5
[2026-07-17T17:55:02] Started split_timemixer | split_timemixer_049_half_yearly_high_mag_noise10_lt1 | run_6 | freq=26 | noise=1 | magnitude=200 | lead_time=1 | PID 1129986 | GPU 3
[2026-07-17T17:55:08] Started split_timemixer | split_timemixer_075_quarterly_high_mag_noise0_lt3 | run_6 | freq=13 | noise=1 | magnitude=200 | lead_time=3 | PID 1130288 | GPU 0
[2026-07-17T17:55:34] Started split_patchtst | split_patchtst_075_quarterly_high_mag_noise0_lt3 | run_6 | freq=13 | noise=1 | magnitude=200 | lead_time=3 | PID 1131107 | GPU 6
[2026-07-17T17:55:41] Finished local_patchtst | local_patchtst_105_half_quarterly_high_mag_noise10_lt3 | run_6 | freq=7 | noise=1 | magnitude=200 | lead_time=3
[2026-07-17T17:55:44] Started local_multichannel | local_multichannel_108_half_quarterly_high_mag_noise100_lt3 | run_6 | freq=7 | noise=1 | magnitude=200 | lead_time=3 | PID 1131244 | GPU 7
[2026-07-17T17:55:48] Started split_multichannel | split_multichannel_006_yearly_low_mag_noise10_lt3 | run_6 | freq=52 | noise=1 | magnitude=50 | lead_time=3 | PID 1131258 | GPU 3
[2026-07-17T17:56:04] Started local_timemixer | local_timemixer_036_half_yearly_low_mag_noise100_lt3 | run_6 | freq=26 | noise=1 | magnitude=50 | lead_time=3 | PID 1131509 | GPU 2
[2026-07-17T17:56:43] Started split_patchtst | split_patchtst_057_quarterly_low_mag_noise0_lt3 | run_6 | freq=13 | noise=1 | magnitude=50 | lead_time=3 | PID 1132839 | GPU 6
[2026-07-17T17:56:51] Finished local_multichannel | local_multichannel_083_half_quarterly_low_mag_noise0_lt2 | run_6 | freq=7 | noise=1 | magnitude=50 | lead_time=2
[2026-07-17T17:56:52] Started local_multichannel | local_multichannel_087_half_quarterly_low_mag_noise10_lt3 | run_6 | freq=7 | noise=1 | magnitude=50 | lead_time=3 | PID 1132947 | GPU 6
[2026-07-17T17:56:55] Started local_multichannel | local_multichannel_088_half_quarterly_low_mag_noise100_lt1 | run_6 | freq=7 | noise=1 | magnitude=50 | lead_time=1 | PID 1132954 | GPU 6
[2026-07-17T17:57:10] Started split_multichannel | split_multichannel_107_half_quarterly_high_mag_noise100_lt2 | run_6 | freq=7 | noise=1 | magnitude=200 | lead_time=2 | PID 1133410 | GPU 7
[2026-07-17T17:57:36] Started local_patchtst | local_patchtst_010_yearly_medium_mag_noise0_lt1 | run_6 | freq=52 | noise=1 | magnitude=100 | lead_time=1 | PID 1133950 | GPU 3
[2026-07-17T17:57:45] Started local_patchtst | local_patchtst_068_quarterly_medium_mag_noise10_lt2 | run_6 | freq=13 | noise=1 | magnitude=100 | lead_time=2 | PID 1134136 | GPU 2
[2026-07-17T17:58:02] Started split_patchtst | split_patchtst_101_half_quarterly_high_mag_noise0_lt2 | run_6 | freq=7 | noise=1 | magnitude=200 | lead_time=2 | PID 1134715 | GPU 5
[2026-07-17T17:58:05] Started split_patchtst | split_patchtst_102_half_quarterly_high_mag_noise0_lt3 | run_6 | freq=7 | noise=1 | magnitude=200 | lead_time=3 | PID 1134722 | GPU 2
[2026-07-17T17:58:09] Finished split_patchtst | split_patchtst_057_quarterly_low_mag_noise0_lt3 | run_6 | freq=13 | noise=1 | magnitude=50 | lead_time=3
[2026-07-17T17:58:10] Started local_multichannel | local_multichannel_085_half_quarterly_low_mag_noise10_lt1 | run_6 | freq=7 | noise=1 | magnitude=50 | lead_time=1 | PID 1134922 | GPU 6
[2026-07-17T17:58:13] Started local_multichannel | local_multichannel_086_half_quarterly_low_mag_noise10_lt2 | run_6 | freq=7 | noise=1 | magnitude=50 | lead_time=2 | PID 1134931 | GPU 6
[2026-07-17T17:58:17] Started local_multichannel | local_multichannel_089_half_quarterly_low_mag_noise100_lt2 | run_6 | freq=7 | noise=1 | magnitude=50 | lead_time=2 | PID 1134947 | GPU 7
[2026-07-17T17:59:14] Finished local_timemixer | local_timemixer_063_quarterly_low_mag_noise100_lt3 | run_6 | freq=13 | noise=1 | magnitude=50 | lead_time=3
[2026-07-17T17:59:18] Started split_multichannel | split_multichannel_013_yearly_medium_mag_noise10_lt1 | run_6 | freq=52 | noise=1 | magnitude=100 | lead_time=1 | PID 1136695 | GPU 1
[2026-07-17T17:59:21] Started split_multichannel | split_multichannel_014_yearly_medium_mag_noise10_lt2 | run_6 | freq=52 | noise=1 | magnitude=100 | lead_time=2 | PID 1136703 | GPU 1
[2026-07-17T17:59:24] Started split_multichannel | split_multichannel_016_yearly_medium_mag_noise100_lt1 | run_6 | freq=52 | noise=1 | magnitude=100 | lead_time=1 | PID 1136812 | GPU 1
[2026-07-17T17:59:33] Started split_multichannel | split_multichannel_065_quarterly_medium_mag_noise0_lt2 | run_6 | freq=13 | noise=1 | magnitude=100 | lead_time=2 | PID 1136925 | GPU 7
[2026-07-17T17:59:54] Started split_timemixer | split_timemixer_031_half_yearly_low_mag_noise10_lt1 | run_6 | freq=26 | noise=1 | magnitude=50 | lead_time=1 | PID 1137304 | GPU 5
[2026-07-17T18:00:26] Finished split_multichannel | split_multichannel_016_yearly_medium_mag_noise100_lt1 | run_6 | freq=52 | noise=1 | magnitude=100 | lead_time=1
[2026-07-17T18:00:27] Started local_multichannel | local_multichannel_090_half_quarterly_low_mag_noise100_lt3 | run_6 | freq=7 | noise=1 | magnitude=50 | lead_time=3 | PID 1138883 | GPU 1
[2026-07-17T18:00:30] Started local_multichannel | local_multichannel_091_half_quarterly_medium_mag_noise0_lt1 | run_6 | freq=7 | noise=1 | magnitude=100 | lead_time=1 | PID 1138969 | GPU 1
[2026-07-17T18:00:34] Started local_multichannel | local_multichannel_092_half_quarterly_medium_mag_noise0_lt2 | run_6 | freq=7 | noise=1 | magnitude=100 | lead_time=2 | PID 1139021 | GPU 1
[2026-07-17T18:00:37] Started local_multichannel | local_multichannel_093_half_quarterly_medium_mag_noise0_lt3 | run_6 | freq=7 | noise=1 | magnitude=100 | lead_time=3 | PID 1139030 | GPU 7
[2026-07-17T18:00:51] Started split_multichannel | split_multichannel_101_half_quarterly_high_mag_noise0_lt2 | run_6 | freq=7 | noise=1 | magnitude=200 | lead_time=2 | PID 1139228 | GPU 3
[2026-07-17T18:01:02] Started local_timemixer | local_timemixer_072_quarterly_medium_mag_noise100_lt3 | run_6 | freq=13 | noise=1 | magnitude=100 | lead_time=3 | PID 1139428 | GPU 3
[2026-07-17T18:01:05] Started local_timemixer | local_timemixer_073_quarterly_high_mag_noise0_lt1 | run_6 | freq=13 | noise=1 | magnitude=200 | lead_time=1 | PID 1139435 | GPU 3
[2026-07-17T18:01:17] Started split_timemixer | split_timemixer_064_quarterly_medium_mag_noise0_lt1 | run_6 | freq=13 | noise=1 | magnitude=100 | lead_time=1 | PID 1139797 | GPU 2
[2026-07-17T18:01:21] Started split_timemixer | split_timemixer_069_quarterly_medium_mag_noise10_lt3 | run_6 | freq=13 | noise=1 | magnitude=100 | lead_time=3 | PID 1139810 | GPU 2
[2026-07-17T18:01:50] Finished split_multichannel | split_multichannel_065_quarterly_medium_mag_noise0_lt2 | run_6 | freq=13 | noise=1 | magnitude=100 | lead_time=2
[2026-07-17T18:01:50] Started local_multichannel | local_multichannel_094_half_quarterly_medium_mag_noise10_lt1 | run_6 | freq=7 | noise=1 | magnitude=100 | lead_time=1 | PID 1140735 | GPU 6
[2026-07-17T18:01:54] Started local_multichannel | local_multichannel_095_half_quarterly_medium_mag_noise10_lt2 | run_6 | freq=7 | noise=1 | magnitude=100 | lead_time=2 | PID 1140745 | GPU 6
[2026-07-17T18:01:57] Started local_multichannel | local_multichannel_097_half_quarterly_medium_mag_noise100_lt1 | run_6 | freq=7 | noise=1 | magnitude=100 | lead_time=1 | PID 1140757 | GPU 7
[2026-07-17T18:02:00] Started local_multichannel | local_multichannel_098_half_quarterly_medium_mag_noise100_lt2 | run_6 | freq=7 | noise=1 | magnitude=100 | lead_time=2 | PID 1140794 | GPU 7
[2026-07-17T18:02:04] Started local_multichannel | local_multichannel_099_half_quarterly_medium_mag_noise100_lt3 | run_6 | freq=7 | noise=1 | magnitude=100 | lead_time=3 | PID 1140828 | GPU 6
[2026-07-17T18:02:07] Started local_multichannel | local_multichannel_101_half_quarterly_high_mag_noise0_lt2 | run_6 | freq=7 | noise=1 | magnitude=200 | lead_time=2 | PID 1140837 | GPU 6
[2026-07-17T18:02:29] Started local_timemixer | local_timemixer_095_half_quarterly_medium_mag_noise10_lt2 | run_6 | freq=7 | noise=1 | magnitude=100 | lead_time=2 | PID 1141398 | GPU 0
[2026-07-17T18:02:38] Started split_timemixer | split_timemixer_048_half_yearly_high_mag_noise0_lt3 | run_6 | freq=26 | noise=1 | magnitude=200 | lead_time=3 | PID 1141640 | GPU 1
[2026-07-17T18:03:03] Started split_patchtst | split_patchtst_048_half_yearly_high_mag_noise0_lt3 | run_6 | freq=26 | noise=1 | magnitude=200 | lead_time=3 | PID 1142314 | GPU 7
[2026-07-17T18:03:21] Started split_multichannel | split_multichannel_084_half_quarterly_low_mag_noise0_lt3 | run_6 | freq=7 | noise=1 | magnitude=50 | lead_time=3 | PID 1142884 | GPU 5
[2026-07-17T18:03:37] Started split_timemixer | split_timemixer_005_yearly_low_mag_noise10_lt2 | run_6 | freq=52 | noise=1 | magnitude=50 | lead_time=2 | PID 1143236 | GPU 4
[2026-07-17T18:04:11] Finished local_multichannel | local_multichannel_098_half_quarterly_medium_mag_noise100_lt2 | run_6 | freq=7 | noise=1 | magnitude=100 | lead_time=2
[2026-07-17T18:04:18] Started split_multichannel | split_multichannel_059_quarterly_low_mag_noise10_lt2 | run_6 | freq=13 | noise=1 | magnitude=50 | lead_time=2 | PID 1144325 | GPU 0
[2026-07-17T18:04:24] Started split_multichannel | split_multichannel_096_half_quarterly_medium_mag_noise10_lt3 | run_6 | freq=7 | noise=1 | magnitude=100 | lead_time=3 | PID 1144519 | GPU 7
[2026-07-17T18:04:27] Started split_multichannel | split_multichannel_097_half_quarterly_medium_mag_noise100_lt1 | run_6 | freq=7 | noise=1 | magnitude=100 | lead_time=1 | PID 1144584 | GPU 7
[2026-07-17T18:04:31] Started split_multichannel | split_multichannel_100_half_quarterly_high_mag_noise0_lt1 | run_6 | freq=7 | noise=1 | magnitude=200 | lead_time=1 | PID 1144594 | GPU 0
[2026-07-17T18:04:55] Started local_patchtst | local_patchtst_014_yearly_medium_mag_noise10_lt2 | run_6 | freq=52 | noise=1 | magnitude=100 | lead_time=2 | PID 1145128 | GPU 1
[2026-07-17T18:05:18] Finished split_patchtst | split_patchtst_048_half_yearly_high_mag_noise0_lt3 | run_6 | freq=26 | noise=1 | magnitude=200 | lead_time=3
[2026-07-17T18:05:19] Started local_multichannel | local_multichannel_102_half_quarterly_high_mag_noise0_lt3 | run_6 | freq=7 | noise=1 | magnitude=200 | lead_time=3 | PID 1145748 | GPU 6
[2026-07-17T18:05:22] Started local_multichannel | local_multichannel_103_half_quarterly_high_mag_noise10_lt1 | run_6 | freq=7 | noise=1 | magnitude=200 | lead_time=1 | PID 1145755 | GPU 6
[2026-07-17T18:05:33] Started split_multichannel | split_multichannel_078_quarterly_high_mag_noise10_lt3 | run_6 | freq=13 | noise=1 | magnitude=200 | lead_time=3 | PID 1146051 | GPU 7
[2026-07-17T18:05:55] Started split_timemixer | split_timemixer_077_quarterly_high_mag_noise10_lt2 | run_6 | freq=13 | noise=1 | magnitude=200 | lead_time=2 | PID 1146702 | GPU 0
[2026-07-17T18:06:23] Finished split_multichannel | split_multichannel_097_half_quarterly_medium_mag_noise100_lt1 | run_6 | freq=7 | noise=1 | magnitude=100 | lead_time=1
[2026-07-17T18:06:23] Started local_multichannel | local_multichannel_104_half_quarterly_high_mag_noise10_lt2 | run_6 | freq=7 | noise=1 | magnitude=200 | lead_time=2 | PID 1147399 | GPU 6
[2026-07-17T18:06:27] Started local_multichannel | local_multichannel_105_half_quarterly_high_mag_noise10_lt3 | run_6 | freq=7 | noise=1 | magnitude=200 | lead_time=3 | PID 1147406 | GPU 7
[2026-07-17T18:06:30] Started local_multichannel | local_multichannel_106_half_quarterly_high_mag_noise100_lt1 | run_6 | freq=7 | noise=1 | magnitude=200 | lead_time=1 | PID 1147415 | GPU 7
[2026-07-17T18:06:33] Started split_multichannel | split_multichannel_004_yearly_low_mag_noise10_lt1 | run_6 | freq=52 | noise=1 | magnitude=50 | lead_time=1 | PID 1147431 | GPU 6
[2026-07-17T18:06:41] Started split_multichannel | split_multichannel_050_half_yearly_high_mag_noise10_lt2 | run_6 | freq=26 | noise=1 | magnitude=200 | lead_time=2 | PID 1147604 | GPU 1
[2026-07-17T18:07:09] Started local_patchtst | local_patchtst_002_yearly_low_mag_noise0_lt2 | run_6 | freq=52 | noise=1 | magnitude=50 | lead_time=2 | PID 1148418 | GPU 5
[2026-07-17T18:07:12] Started local_patchtst | local_patchtst_003_yearly_low_mag_noise0_lt3 | run_6 | freq=52 | noise=1 | magnitude=50 | lead_time=3 | PID 1148425 | GPU 5
[2026-07-17T18:07:37] Finished split_multichannel | split_multichannel_004_yearly_low_mag_noise10_lt1 | run_6 | freq=52 | noise=1 | magnitude=50 | lead_time=1
[2026-07-17T18:07:43] Started split_multichannel | split_multichannel_067_quarterly_medium_mag_noise10_lt1 | run_6 | freq=13 | noise=1 | magnitude=100 | lead_time=1 | PID 1149259 | GPU 6
[2026-07-17T18:07:50] Started local_timemixer | local_timemixer_009_yearly_low_mag_noise100_lt3 | run_6 | freq=52 | noise=1 | magnitude=50 | lead_time=3 | PID 1149351 | GPU 5
[2026-07-17T18:07:54] Started local_timemixer | local_timemixer_010_yearly_medium_mag_noise0_lt1 | run_6 | freq=52 | noise=1 | magnitude=100 | lead_time=1 | PID 1149358 | GPU 3
[2026-07-17T18:07:57] Started local_timemixer | local_timemixer_011_yearly_medium_mag_noise0_lt2 | run_6 | freq=52 | noise=1 | magnitude=100 | lead_time=2 | PID 1149366 | GPU 3
[2026-07-17T18:08:41] Finished local_patchtst | local_patchtst_014_yearly_medium_mag_noise10_lt2 | run_6 | freq=52 | noise=1 | magnitude=100 | lead_time=2
[2026-07-17T18:08:54] Started local_timemixer | local_timemixer_043_half_yearly_medium_mag_noise100_lt1 | run_6 | freq=26 | noise=1 | magnitude=100 | lead_time=1 | PID 1151024 | GPU 7
[2026-07-17T18:09:03] Started local_timemixer | local_timemixer_103_half_quarterly_high_mag_noise10_lt1 | run_6 | freq=7 | noise=1 | magnitude=200 | lead_time=1 | PID 1151136 | GPU 0
[2026-07-17T18:09:33] Started split_patchtst | split_patchtst_061_quarterly_low_mag_noise100_lt1 | run_6 | freq=13 | noise=1 | magnitude=50 | lead_time=1 | PID 1152101 | GPU 1
[2026-07-17T18:09:37] Started split_patchtst | split_patchtst_062_quarterly_low_mag_noise100_lt2 | run_6 | freq=13 | noise=1 | magnitude=50 | lead_time=2 | PID 1152200 | GPU 1
[2026-07-17T18:09:44] Finished split_multichannel | split_multichannel_067_quarterly_medium_mag_noise10_lt1 | run_6 | freq=13 | noise=1 | magnitude=100 | lead_time=1
[2026-07-17T18:09:45] Started local_multichannel | local_multichannel_107_half_quarterly_high_mag_noise100_lt2 | run_6 | freq=7 | noise=1 | magnitude=200 | lead_time=2 | PID 1152313 | GPU 6
[2026-07-17T18:09:48] Started split_multichannel | split_multichannel_001_yearly_low_mag_noise0_lt1 | run_6 | freq=52 | noise=1 | magnitude=50 | lead_time=1 | PID 1152419 | GPU 6
[2026-07-17T18:09:52] Started split_multichannel | split_multichannel_005_yearly_low_mag_noise10_lt2 | run_6 | freq=52 | noise=1 | magnitude=50 | lead_time=2 | PID 1152441 | GPU 6
[2026-07-17T18:09:55] Started split_multichannel | split_multichannel_007_yearly_low_mag_noise100_lt1 | run_6 | freq=52 | noise=1 | magnitude=50 | lead_time=1 | PID 1152449 | GPU 6
[2026-07-17T18:09:59] Started split_multichannel | split_multichannel_012_yearly_medium_mag_noise0_lt3 | run_6 | freq=52 | noise=1 | magnitude=100 | lead_time=3 | PID 1152469 | GPU 5
[2026-07-17T18:10:12] Started local_timemixer | local_timemixer_028_half_yearly_low_mag_noise0_lt1 | run_6 | freq=26 | noise=1 | magnitude=50 | lead_time=1 | PID 1152660 | GPU 2
[2026-07-17T18:10:15] Started local_timemixer | local_timemixer_029_half_yearly_low_mag_noise0_lt2 | run_6 | freq=26 | noise=1 | magnitude=50 | lead_time=2 | PID 1152675 | GPU 2
[2026-07-17T18:10:54] Started split_patchtst | split_patchtst_095_half_quarterly_medium_mag_noise10_lt2 | run_6 | freq=7 | noise=1 | magnitude=100 | lead_time=2 | PID 1154008 | GPU 5
[2026-07-17T18:10:59] Finished local_multichannel | local_multichannel_106_half_quarterly_high_mag_noise100_lt1 | run_6 | freq=7 | noise=1 | magnitude=200 | lead_time=1
[2026-07-17T18:11:10] Started local_timemixer | local_timemixer_030_half_yearly_low_mag_noise0_lt3 | run_6 | freq=26 | noise=1 | magnitude=50 | lead_time=3 | PID 1154238 | GPU 7
[2026-07-17T18:11:14] Started local_timemixer | local_timemixer_044_half_yearly_medium_mag_noise100_lt2 | run_6 | freq=26 | noise=1 | magnitude=100 | lead_time=2 | PID 1154263 | GPU 1
[2026-07-17T18:11:53] Finished split_multichannel | split_multichannel_005_yearly_low_mag_noise10_lt2 | run_6 | freq=52 | noise=1 | magnitude=50 | lead_time=2
[2026-07-17T18:11:54] Started split_multichannel | split_multichannel_008_yearly_low_mag_noise100_lt2 | run_6 | freq=52 | noise=1 | magnitude=50 | lead_time=2 | PID 1155302 | GPU 6
[2026-07-17T18:11:57] Started split_multichannel | split_multichannel_009_yearly_low_mag_noise100_lt3 | run_6 | freq=52 | noise=1 | magnitude=50 | lead_time=3 | PID 1155371 | GPU 6
[2026-07-17T18:12:00] Started split_multichannel | split_multichannel_010_yearly_medium_mag_noise0_lt1 | run_6 | freq=52 | noise=1 | magnitude=100 | lead_time=1 | PID 1155440 | GPU 6
[2026-07-17T18:12:11] Started split_multichannel | split_multichannel_108_half_quarterly_high_mag_noise100_lt3 | run_6 | freq=7 | noise=1 | magnitude=200 | lead_time=3 | PID 1155813 | GPU 1
[2026-07-17T18:12:23] Started local_timemixer | local_timemixer_098_half_quarterly_medium_mag_noise100_lt2 | run_6 | freq=7 | noise=1 | magnitude=100 | lead_time=2 | PID 1156155 | GPU 1
[2026-07-17T18:12:57] Finished local_timemixer | local_timemixer_009_yearly_low_mag_noise100_lt3 | run_6 | freq=52 | noise=1 | magnitude=50 | lead_time=3
[2026-07-17T18:12:58] Started split_multichannel | split_multichannel_021_yearly_high_mag_noise0_lt3 | run_6 | freq=52 | noise=1 | magnitude=200 | lead_time=3 | PID 1156911 | GPU 5
[2026-07-17T18:13:02] Started split_multichannel | split_multichannel_022_yearly_high_mag_noise10_lt1 | run_6 | freq=52 | noise=1 | magnitude=200 | lead_time=1 | PID 1156918 | GPU 5
[2026-07-17T18:13:13] Started local_timemixer | local_timemixer_015_yearly_medium_mag_noise10_lt3 | run_6 | freq=52 | noise=1 | magnitude=100 | lead_time=3 | PID 1157088 | GPU 7
[2026-07-17T18:13:54] Finished split_multichannel | split_multichannel_010_yearly_medium_mag_noise0_lt1 | run_6 | freq=52 | noise=1 | magnitude=100 | lead_time=1
[2026-07-17T18:13:55] Started split_multichannel | split_multichannel_011_yearly_medium_mag_noise0_lt2 | run_6 | freq=52 | noise=1 | magnitude=100 | lead_time=2 | PID 1158345 | GPU 6
[2026-07-17T18:13:58] Started split_multichannel | split_multichannel_017_yearly_medium_mag_noise100_lt2 | run_6 | freq=52 | noise=1 | magnitude=100 | lead_time=2 | PID 1158464 | GPU 6
[2026-07-17T18:14:02] Started split_multichannel | split_multichannel_018_yearly_medium_mag_noise100_lt3 | run_6 | freq=52 | noise=1 | magnitude=100 | lead_time=3 | PID 1158473 | GPU 3
[2026-07-17T18:14:05] Started split_multichannel | split_multichannel_019_yearly_high_mag_noise0_lt1 | run_6 | freq=52 | noise=1 | magnitude=200 | lead_time=1 | PID 1158483 | GPU 3
[2026-07-17T18:14:08] Started split_multichannel | split_multichannel_020_yearly_high_mag_noise0_lt2 | run_6 | freq=52 | noise=1 | magnitude=200 | lead_time=2 | PID 1158492 | GPU 5
[2026-07-17T18:14:12] Started split_multichannel | split_multichannel_023_yearly_high_mag_noise10_lt2 | run_6 | freq=52 | noise=1 | magnitude=200 | lead_time=2 | PID 1158500 | GPU 3
[2026-07-17T18:14:20] Started split_multichannel | split_multichannel_080_quarterly_high_mag_noise100_lt2 | run_6 | freq=13 | noise=1 | magnitude=200 | lead_time=2 | PID 1158758 | GPU 4
[2026-07-17T18:15:04] Finished split_multichannel | split_multichannel_019_yearly_high_mag_noise0_lt1 | run_6 | freq=52 | noise=1 | magnitude=200 | lead_time=1
[2026-07-17T18:15:05] Started split_multichannel | split_multichannel_024_yearly_high_mag_noise10_lt3 | run_6 | freq=52 | noise=1 | magnitude=200 | lead_time=3 | PID 1164284 | GPU 5
[2026-07-17T18:15:08] Started split_multichannel | split_multichannel_025_yearly_high_mag_noise100_lt1 | run_6 | freq=52 | noise=1 | magnitude=200 | lead_time=1 | PID 1167222 | GPU 3
[2026-07-17T18:15:11] Started split_multichannel | split_multichannel_026_yearly_high_mag_noise100_lt2 | run_6 | freq=52 | noise=1 | magnitude=200 | lead_time=2 | PID 1168724 | GPU 3
[2026-07-17T18:15:15] Started split_multichannel | split_multichannel_027_yearly_high_mag_noise100_lt3 | run_6 | freq=52 | noise=1 | magnitude=200 | lead_time=3 | PID 1168733 | GPU 0
[2026-07-17T18:15:18] Started split_multichannel | split_multichannel_028_half_yearly_low_mag_noise0_lt1 | run_6 | freq=26 | noise=1 | magnitude=50 | lead_time=1 | PID 1169926 | GPU 0
[2026-07-17T18:15:58] Started split_patchtst | split_patchtst_021_yearly_high_mag_noise0_lt3 | run_6 | freq=52 | noise=1 | magnitude=200 | lead_time=3 | PID 1171067 | GPU 2
[2026-07-17T18:16:02] Started split_patchtst | split_patchtst_022_yearly_high_mag_noise10_lt1 | run_6 | freq=52 | noise=1 | magnitude=200 | lead_time=1 | PID 1171185 | GPU 2
[2026-07-17T18:16:05] Started split_patchtst | split_patchtst_023_yearly_high_mag_noise10_lt2 | run_6 | freq=52 | noise=1 | magnitude=200 | lead_time=2 | PID 1171309 | GPU 5
[2026-07-17T18:16:16] Finished split_multichannel | split_multichannel_011_yearly_medium_mag_noise0_lt2 | run_6 | freq=52 | noise=1 | magnitude=100 | lead_time=2
[2026-07-17T18:16:17] Started split_multichannel | split_multichannel_029_half_yearly_low_mag_noise0_lt2 | run_6 | freq=26 | noise=1 | magnitude=50 | lead_time=2 | PID 1171481 | GPU 6
[2026-07-17T18:16:20] Started split_multichannel | split_multichannel_030_half_yearly_low_mag_noise0_lt3 | run_6 | freq=26 | noise=1 | magnitude=50 | lead_time=3 | PID 1171490 | GPU 6
[2026-07-17T18:16:24] Started split_multichannel | split_multichannel_031_half_yearly_low_mag_noise10_lt1 | run_6 | freq=26 | noise=1 | magnitude=50 | lead_time=1 | PID 1171676 | GPU 0
[2026-07-17T18:16:27] Started split_multichannel | split_multichannel_032_half_yearly_low_mag_noise10_lt2 | run_6 | freq=26 | noise=1 | magnitude=50 | lead_time=2 | PID 1171687 | GPU 0
[2026-07-17T18:16:56] Started local_patchtst | local_patchtst_018_yearly_medium_mag_noise100_lt3 | run_6 | freq=52 | noise=1 | magnitude=100 | lead_time=3 | PID 1172161 | GPU 6
[2026-07-17T18:17:13] Started split_patchtst | split_patchtst_045_half_yearly_medium_mag_noise100_lt3 | run_6 | freq=26 | noise=1 | magnitude=100 | lead_time=3 | PID 1172722 | GPU 1
[2026-07-17T18:17:22] Finished split_multichannel | split_multichannel_032_half_yearly_low_mag_noise10_lt2 | run_6 | freq=26 | noise=1 | magnitude=50 | lead_time=2
[2026-07-17T18:17:22] Started split_multichannel | split_multichannel_033_half_yearly_low_mag_noise10_lt3 | run_6 | freq=26 | noise=1 | magnitude=50 | lead_time=3 | PID 1173222 | GPU 0
[2026-07-17T18:17:26] Started split_multichannel | split_multichannel_034_half_yearly_low_mag_noise100_lt1 | run_6 | freq=26 | noise=1 | magnitude=50 | lead_time=1 | PID 1173230 | GPU 2
[2026-07-17T18:17:29] Started split_multichannel | split_multichannel_035_half_yearly_low_mag_noise100_lt2 | run_6 | freq=26 | noise=1 | magnitude=50 | lead_time=2 | PID 1173240 | GPU 2
[2026-07-17T18:17:32] Started split_multichannel | split_multichannel_036_half_yearly_low_mag_noise100_lt3 | run_6 | freq=26 | noise=1 | magnitude=50 | lead_time=3 | PID 1173248 | GPU 0
[2026-07-17T18:17:36] Started split_multichannel | split_multichannel_037_half_yearly_medium_mag_noise0_lt1 | run_6 | freq=26 | noise=1 | magnitude=100 | lead_time=1 | PID 1173273 | GPU 5
[2026-07-17T18:17:39] Started split_multichannel | split_multichannel_038_half_yearly_medium_mag_noise0_lt2 | run_6 | freq=26 | noise=1 | magnitude=100 | lead_time=2 | PID 1173285 | GPU 3
[2026-07-17T18:17:53] Started local_timemixer | local_timemixer_069_quarterly_medium_mag_noise10_lt3 | run_6 | freq=13 | noise=1 | magnitude=100 | lead_time=3 | PID 1173488 | GPU 6
[2026-07-17T18:18:01] Started split_timemixer | split_timemixer_012_yearly_medium_mag_noise0_lt3 | run_6 | freq=52 | noise=1 | magnitude=100 | lead_time=3 | PID 1173580 | GPU 7
[2026-07-17T18:18:32] Finished split_multichannel | split_multichannel_034_half_yearly_low_mag_noise100_lt1 | run_6 | freq=26 | noise=1 | magnitude=50 | lead_time=1
[2026-07-17T18:18:33] Started split_multichannel | split_multichannel_039_half_yearly_medium_mag_noise0_lt3 | run_6 | freq=26 | noise=1 | magnitude=100 | lead_time=3 | PID 1174653 | GPU 2
[2026-07-17T18:18:36] Started split_multichannel | split_multichannel_041_half_yearly_medium_mag_noise10_lt2 | run_6 | freq=26 | noise=1 | magnitude=100 | lead_time=2 | PID 1174737 | GPU 2
[2026-07-17T18:18:40] Started split_multichannel | split_multichannel_042_half_yearly_medium_mag_noise10_lt3 | run_6 | freq=26 | noise=1 | magnitude=100 | lead_time=3 | PID 1174805 | GPU 5
[2026-07-17T18:18:43] Started split_multichannel | split_multichannel_043_half_yearly_medium_mag_noise100_lt1 | run_6 | freq=26 | noise=1 | magnitude=100 | lead_time=1 | PID 1174818 | GPU 3
[2026-07-17T18:18:46] Started split_multichannel | split_multichannel_044_half_yearly_medium_mag_noise100_lt2 | run_6 | freq=26 | noise=1 | magnitude=100 | lead_time=2 | PID 1174826 | GPU 5
[2026-07-17T18:18:50] Started split_multichannel | split_multichannel_045_half_yearly_medium_mag_noise100_lt3 | run_6 | freq=26 | noise=1 | magnitude=100 | lead_time=3 | PID 1174834 | GPU 1
[2026-07-17T18:18:53] Started split_multichannel | split_multichannel_046_half_yearly_high_mag_noise0_lt1 | run_6 | freq=26 | noise=1 | magnitude=200 | lead_time=1 | PID 1174842 | GPU 1
[2026-07-17T18:18:57] Started split_multichannel | split_multichannel_047_half_yearly_high_mag_noise0_lt2 | run_6 | freq=26 | noise=1 | magnitude=200 | lead_time=2 | PID 1174850 | GPU 0
[2026-07-17T18:19:00] Started split_multichannel | split_multichannel_048_half_yearly_high_mag_noise0_lt3 | run_6 | freq=26 | noise=1 | magnitude=200 | lead_time=3 | PID 1174862 | GPU 3
[2026-07-17T18:19:37] Started split_patchtst | split_patchtst_016_yearly_medium_mag_noise100_lt1 | run_6 | freq=52 | noise=1 | magnitude=100 | lead_time=1 | PID 1175843 | GPU 2
[2026-07-17T18:19:49] Finished split_multichannel | split_multichannel_041_half_yearly_medium_mag_noise10_lt2 | run_6 | freq=26 | noise=1 | magnitude=100 | lead_time=2
[2026-07-17T18:19:49] Started split_multichannel | split_multichannel_051_half_yearly_high_mag_noise10_lt3 | run_6 | freq=26 | noise=1 | magnitude=200 | lead_time=3 | PID 1176217 | GPU 5
[2026-07-17T18:19:53] Started split_multichannel | split_multichannel_052_half_yearly_high_mag_noise100_lt1 | run_6 | freq=26 | noise=1 | magnitude=200 | lead_time=1 | PID 1176290 | GPU 1
[2026-07-17T18:19:56] Started split_multichannel | split_multichannel_053_half_yearly_high_mag_noise100_lt2 | run_6 | freq=26 | noise=1 | magnitude=200 | lead_time=2 | PID 1176363 | GPU 3
[2026-07-17T18:19:59] Started split_multichannel | split_multichannel_054_half_yearly_high_mag_noise100_lt3 | run_6 | freq=26 | noise=1 | magnitude=200 | lead_time=3 | PID 1176375 | GPU 3
[2026-07-17T18:20:04] Started split_multichannel | split_multichannel_073_quarterly_high_mag_noise0_lt1 | run_6 | freq=13 | noise=1 | magnitude=200 | lead_time=1 | PID 1176428 | GPU 4
[2026-07-17T18:20:09] Started split_multichannel | split_multichannel_102_half_quarterly_high_mag_noise0_lt3 | run_6 | freq=7 | noise=1 | magnitude=200 | lead_time=3 | PID 1176469 | GPU 6
[2026-07-17T18:20:15] Started local_timemixer | local_timemixer_039_half_yearly_medium_mag_noise0_lt3 | run_6 | freq=26 | noise=1 | magnitude=100 | lead_time=3 | PID 1176551 | GPU 7
[2026-07-17T18:20:23] Started local_timemixer | local_timemixer_091_half_quarterly_medium_mag_noise0_lt1 | run_6 | freq=7 | noise=1 | magnitude=100 | lead_time=1 | PID 1176794 | GPU 0
[2026-07-17T18:20:54] Started split_patchtst | split_patchtst_059_quarterly_low_mag_noise10_lt2 | run_6 | freq=13 | noise=1 | magnitude=50 | lead_time=2 | PID 1177482 | GPU 1
[2026-07-17T18:21:01] Started split_patchtst | split_patchtst_104_half_quarterly_high_mag_noise10_lt2 | run_6 | freq=7 | noise=1 | magnitude=200 | lead_time=2 | PID 1177659 | GPU 2
[2026-07-17T18:21:05] Finished split_multichannel | split_multichannel_052_half_yearly_high_mag_noise100_lt1 | run_6 | freq=26 | noise=1 | magnitude=200 | lead_time=1
[2026-07-17T18:21:05] Started split_multichannel | split_multichannel_055_quarterly_low_mag_noise0_lt1 | run_6 | freq=13 | noise=1 | magnitude=50 | lead_time=1 | PID 1177766 | GPU 2
[2026-07-17T18:21:11] Started split_multichannel | split_multichannel_088_half_quarterly_low_mag_noise100_lt1 | run_6 | freq=7 | noise=1 | magnitude=50 | lead_time=1 | PID 1177931 | GPU 5
[2026-07-17T18:21:15] Started split_multichannel | split_multichannel_103_half_quarterly_high_mag_noise10_lt1 | run_6 | freq=7 | noise=1 | magnitude=200 | lead_time=1 | PID 1177974 | GPU 6
[2026-07-17T18:21:21] Started local_timemixer | local_timemixer_032_half_yearly_low_mag_noise10_lt2 | run_6 | freq=26 | noise=1 | magnitude=50 | lead_time=2 | PID 1178130 | GPU 4
[2026-07-17T18:21:29] Started local_timemixer | local_timemixer_089_half_quarterly_low_mag_noise100_lt2 | run_6 | freq=7 | noise=1 | magnitude=50 | lead_time=2 | PID 1178472 | GPU 0
[2026-07-17T18:21:33] Started local_timemixer | local_timemixer_094_half_quarterly_medium_mag_noise10_lt1 | run_6 | freq=7 | noise=1 | magnitude=100 | lead_time=1 | PID 1178485 | GPU 0
[2026-07-17T18:22:07] Finished split_patchtst | split_patchtst_016_yearly_medium_mag_noise100_lt1 | run_6 | freq=52 | noise=1 | magnitude=100 | lead_time=1
[2026-07-17T18:22:10] Started split_multichannel | split_multichannel_106_half_quarterly_high_mag_noise100_lt1 | run_6 | freq=7 | noise=1 | magnitude=200 | lead_time=1 | PID 1179117 | GPU 5
[2026-07-17T18:22:19] Started local_timemixer | local_timemixer_065_quarterly_medium_mag_noise0_lt2 | run_6 | freq=13 | noise=1 | magnitude=100 | lead_time=2 | PID 1179322 | GPU 2
[2026-07-17T18:22:22] Started local_timemixer | local_timemixer_066_quarterly_medium_mag_noise0_lt3 | run_6 | freq=13 | noise=1 | magnitude=100 | lead_time=3 | PID 1179390 | GPU 1
[2026-07-17T18:22:25] Started local_timemixer | local_timemixer_067_quarterly_medium_mag_noise10_lt1 | run_6 | freq=13 | noise=1 | magnitude=100 | lead_time=1 | PID 1179616 | GPU 1
[2026-07-17T18:22:59] Started split_patchtst | split_patchtst_088_half_quarterly_low_mag_noise100_lt1 | run_6 | freq=7 | noise=1 | magnitude=50 | lead_time=1 | PID 1180481 | GPU 6
[2026-07-17T18:23:03] Finished split_multichannel | split_multichannel_088_half_quarterly_low_mag_noise100_lt1 | run_6 | freq=7 | noise=1 | magnitude=50 | lead_time=1
[2026-07-17T18:23:04] Started split_multichannel | split_multichannel_056_quarterly_low_mag_noise0_lt2 | run_6 | freq=13 | noise=1 | magnitude=50 | lead_time=2 | PID 1180517 | GPU 5
[2026-07-17T18:23:07] Started split_multichannel | split_multichannel_057_quarterly_low_mag_noise0_lt3 | run_6 | freq=13 | noise=1 | magnitude=50 | lead_time=3 | PID 1180525 | GPU 3
[2026-07-17T18:23:11] Started split_multichannel | split_multichannel_058_quarterly_low_mag_noise10_lt1 | run_6 | freq=13 | noise=1 | magnitude=50 | lead_time=1 | PID 1180533 | GPU 3
[2026-07-17T18:23:14] Started split_multichannel | split_multichannel_060_quarterly_low_mag_noise10_lt3 | run_6 | freq=13 | noise=1 | magnitude=50 | lead_time=3 | PID 1180541 | GPU 2
[2026-07-17T18:23:17] Started split_multichannel | split_multichannel_061_quarterly_low_mag_noise100_lt1 | run_6 | freq=13 | noise=1 | magnitude=50 | lead_time=1 | PID 1180557 | GPU 5
[2026-07-17T18:23:23] Started split_multichannel | split_multichannel_091_half_quarterly_medium_mag_noise0_lt1 | run_6 | freq=7 | noise=1 | magnitude=100 | lead_time=1 | PID 1180601 | GPU 2
[2026-07-17T18:24:04] Finished split_multichannel | split_multichannel_056_quarterly_low_mag_noise0_lt2 | run_6 | freq=13 | noise=1 | magnitude=50 | lead_time=2
[2026-07-17T18:24:04] Started split_multichannel | split_multichannel_062_quarterly_low_mag_noise100_lt2 | run_6 | freq=13 | noise=1 | magnitude=50 | lead_time=2 | PID 1181984 | GPU 5
[2026-07-17T18:24:08] Started split_multichannel | split_multichannel_063_quarterly_low_mag_noise100_lt3 | run_6 | freq=13 | noise=1 | magnitude=50 | lead_time=3 | PID 1181991 | GPU 5
[2026-07-17T18:24:11] Started split_multichannel | split_multichannel_066_quarterly_medium_mag_noise0_lt3 | run_6 | freq=13 | noise=1 | magnitude=100 | lead_time=3 | PID 1181999 | GPU 3
[2026-07-17T18:24:14] Started split_multichannel | split_multichannel_069_quarterly_medium_mag_noise10_lt3 | run_6 | freq=13 | noise=1 | magnitude=100 | lead_time=3 | PID 1182008 | GPU 3
[2026-07-17T18:24:21] Started local_timemixer | local_timemixer_024_yearly_high_mag_noise10_lt3 | run_6 | freq=52 | noise=1 | magnitude=200 | lead_time=3 | PID 1182089 | GPU 6
[2026-07-17T18:24:43] Started local_patchtst | local_patchtst_036_half_yearly_low_mag_noise100_lt3 | run_6 | freq=26 | noise=1 | magnitude=50 | lead_time=3 | PID 1182783 | GPU 5
[2026-07-17T18:24:56] Started split_patchtst | split_patchtst_024_yearly_high_mag_noise10_lt3 | run_6 | freq=52 | noise=1 | magnitude=200 | lead_time=3 | PID 1183057 | GPU 2
[2026-07-17T18:25:06] Finished split_multichannel | split_multichannel_091_half_quarterly_medium_mag_noise0_lt1 | run_6 | freq=7 | noise=1 | magnitude=100 | lead_time=1
[2026-07-17T18:25:15] Started local_timemixer | local_timemixer_102_half_quarterly_high_mag_noise0_lt3 | run_6 | freq=7 | noise=1 | magnitude=200 | lead_time=3 | PID 1183619 | GPU 5
[2026-07-17T18:25:31] Started local_patchtst | local_patchtst_025_yearly_high_mag_noise100_lt1 | run_6 | freq=52 | noise=1 | magnitude=200 | lead_time=1 | PID 1184024 | GPU 6
[2026-07-17T18:25:51] Started split_patchtst | split_patchtst_108_half_quarterly_high_mag_noise100_lt3 | run_6 | freq=7 | noise=1 | magnitude=200 | lead_time=3 | PID 1184510 | GPU 6
[2026-07-17T18:25:54] Finished split_multichannel | split_multichannel_073_quarterly_high_mag_noise0_lt1 | run_6 | freq=13 | noise=1 | magnitude=200 | lead_time=1
[2026-07-17T18:26:12] Started split_timemixer | split_timemixer_094_half_quarterly_medium_mag_noise10_lt1 | run_6 | freq=7 | noise=1 | magnitude=100 | lead_time=1 | PID 1184913 | GPU 7
[2026-07-17T18:26:30] Started split_patchtst | split_patchtst_031_half_yearly_low_mag_noise10_lt1 | run_6 | freq=26 | noise=1 | magnitude=50 | lead_time=1 | PID 1185620 | GPU 3
[2026-07-17T18:26:40] Finished split_multichannel | split_multichannel_057_quarterly_low_mag_noise0_lt3 | run_6 | freq=13 | noise=1 | magnitude=50 | lead_time=3
[2026-07-17T18:26:53] Started split_timemixer | split_timemixer_032_half_yearly_low_mag_noise10_lt2 | run_6 | freq=26 | noise=1 | magnitude=50 | lead_time=2 | PID 1186156 | GPU 2
[2026-07-17T18:27:21] Finished split_patchtst | split_patchtst_024_yearly_high_mag_noise10_lt3 | run_6 | freq=52 | noise=1 | magnitude=200 | lead_time=3
[2026-07-17T18:27:31] Started split_timemixer | split_timemixer_001_yearly_low_mag_noise0_lt1 | run_6 | freq=52 | noise=1 | magnitude=50 | lead_time=1 | PID 1187149 | GPU 2
[2026-07-17T18:27:51] Started local_patchtst | local_patchtst_084_half_quarterly_low_mag_noise0_lt3 | run_6 | freq=7 | noise=1 | magnitude=50 | lead_time=3 | PID 1187775 | GPU 3
[2026-07-17T18:27:56] Started local_patchtst | local_patchtst_097_half_quarterly_medium_mag_noise100_lt1 | run_6 | freq=7 | noise=1 | magnitude=100 | lead_time=1 | PID 1187843 | GPU 5
[2026-07-17T18:28:03] Started split_patchtst | split_patchtst_033_half_yearly_low_mag_noise10_lt3 | run_6 | freq=26 | noise=1 | magnitude=50 | lead_time=3 | PID 1187924 | GPU 6
[2026-07-17T18:28:13] Finished split_patchtst | split_patchtst_031_half_yearly_low_mag_noise10_lt1 | run_6 | freq=26 | noise=1 | magnitude=50 | lead_time=1
[2026-07-17T18:28:13] Started split_multichannel | split_multichannel_072_quarterly_medium_mag_noise100_lt3 | run_6 | freq=13 | noise=1 | magnitude=100 | lead_time=3 | PID 1188044 | GPU 3
[2026-07-17T18:28:17] Started split_multichannel | split_multichannel_074_quarterly_high_mag_noise0_lt2 | run_6 | freq=13 | noise=1 | magnitude=200 | lead_time=2 | PID 1188059 | GPU 3
[2026-07-17T18:28:23] Started local_timemixer | local_timemixer_022_yearly_high_mag_noise10_lt1 | run_6 | freq=52 | noise=1 | magnitude=200 | lead_time=1 | PID 1188124 | GPU 1
[2026-07-17T18:28:26] Started local_timemixer | local_timemixer_023_yearly_high_mag_noise10_lt2 | run_6 | freq=52 | noise=1 | magnitude=200 | lead_time=2 | PID 1188134 | GPU 1
[2026-07-17T18:28:35] Started local_timemixer | local_timemixer_090_half_quarterly_low_mag_noise100_lt3 | run_6 | freq=7 | noise=1 | magnitude=50 | lead_time=3 | PID 1188408 | GPU 7
[2026-07-17T18:28:45] Started split_timemixer | split_timemixer_078_quarterly_high_mag_noise10_lt3 | run_6 | freq=13 | noise=1 | magnitude=200 | lead_time=3 | PID 1188750 | GPU 4
[2026-07-17T18:28:49] Started split_timemixer | split_timemixer_079_quarterly_high_mag_noise100_lt1 | run_6 | freq=13 | noise=1 | magnitude=200 | lead_time=1 | PID 1188833 | GPU 4
[2026-07-17T18:29:02] Started local_patchtst | local_patchtst_087_half_quarterly_low_mag_noise10_lt3 | run_6 | freq=7 | noise=1 | magnitude=50 | lead_time=3 | PID 1189259 | GPU 6
[2026-07-17T18:29:06] Started local_patchtst | local_patchtst_088_half_quarterly_low_mag_noise100_lt1 | run_6 | freq=7 | noise=1 | magnitude=50 | lead_time=1 | PID 1189266 | GPU 0
[2026-07-17T18:29:09] Started local_patchtst | local_patchtst_089_half_quarterly_low_mag_noise100_lt2 | run_6 | freq=7 | noise=1 | magnitude=50 | lead_time=2 | PID 1189278 | GPU 0
[2026-07-17T18:29:15] Started split_patchtst | split_patchtst_002_yearly_low_mag_noise0_lt2 | run_6 | freq=52 | noise=1 | magnitude=50 | lead_time=2 | PID 1189321 | GPU 3
[2026-07-17T18:29:26] Finished local_patchtst | local_patchtst_084_half_quarterly_low_mag_noise0_lt3 | run_6 | freq=7 | noise=1 | magnitude=50 | lead_time=3
[2026-07-17T18:29:37] Started split_timemixer | split_timemixer_015_yearly_medium_mag_noise10_lt3 | run_6 | freq=52 | noise=1 | magnitude=100 | lead_time=3 | PID 1189877 | GPU 0
[2026-07-17T18:29:40] Started split_timemixer | split_timemixer_017_yearly_medium_mag_noise100_lt2 | run_6 | freq=52 | noise=1 | magnitude=100 | lead_time=2 | PID 1189890 | GPU 0
[2026-07-17T18:29:44] Started split_timemixer | split_timemixer_018_yearly_medium_mag_noise100_lt3 | run_6 | freq=52 | noise=1 | magnitude=100 | lead_time=3 | PID 1189981 | GPU 6
[2026-07-17T18:29:47] Started split_timemixer | split_timemixer_019_yearly_high_mag_noise0_lt1 | run_6 | freq=52 | noise=1 | magnitude=200 | lead_time=1 | PID 1191299 | GPU 6
[2026-07-17T18:30:16] Finished split_patchtst | split_patchtst_033_half_yearly_low_mag_noise10_lt3 | run_6 | freq=26 | noise=1 | magnitude=50 | lead_time=3
[2026-07-17T18:30:33] Started split_timemixer | split_timemixer_095_half_quarterly_medium_mag_noise10_lt2 | run_6 | freq=7 | noise=1 | magnitude=100 | lead_time=2 | PID 1193555 | GPU 5
[2026-07-17T18:30:37] Started split_timemixer | split_timemixer_100_half_quarterly_high_mag_noise0_lt1 | run_6 | freq=7 | noise=1 | magnitude=200 | lead_time=1 | PID 1193838 | GPU 5
[2026-07-17T18:30:40] Started split_timemixer | split_timemixer_102_half_quarterly_high_mag_noise0_lt3 | run_6 | freq=7 | noise=1 | magnitude=200 | lead_time=3 | PID 1193853 | GPU 3
[2026-07-17T18:31:03] Finished split_patchtst | split_patchtst_002_yearly_low_mag_noise0_lt2 | run_6 | freq=52 | noise=1 | magnitude=50 | lead_time=2
[2026-07-17T18:31:39] Waiting for available CPU/GPU capacity. waiting=317, running=20
[2026-07-17T18:32:18] Finished local_patchtst | local_patchtst_087_half_quarterly_low_mag_noise10_lt3 | run_6 | freq=7 | noise=1 | magnitude=50 | lead_time=3
[2026-07-17T18:32:54] Waiting for available CPU/GPU capacity. waiting=317, running=19
[2026-07-17T18:32:55] Finished local_patchtst | local_patchtst_089_half_quarterly_low_mag_noise100_lt2 | run_6 | freq=7 | noise=1 | magnitude=50 | lead_time=2
[2026-07-17T18:33:03] Started local_timemixer | local_timemixer_088_half_quarterly_low_mag_noise100_lt1 | run_6 | freq=7 | noise=1 | magnitude=50 | lead_time=1 | PID 1198171 | GPU 7
[2026-07-17T18:33:34] Finished split_timemixer | split_timemixer_094_half_quarterly_medium_mag_noise10_lt1 | run_6 | freq=7 | noise=1 | magnitude=100 | lead_time=1
[2026-07-17T18:33:45] Started split_timemixer | split_timemixer_014_yearly_medium_mag_noise10_lt2 | run_6 | freq=52 | noise=1 | magnitude=100 | lead_time=2 | PID 1199222 | GPU 1
[2026-07-17T18:34:09] Started split_patchtst | split_patchtst_058_quarterly_low_mag_noise10_lt1 | run_6 | freq=13 | noise=1 | magnitude=50 | lead_time=1 | PID 1200067 | GPU 3
[2026-07-17T18:34:16] Finished local_timemixer | local_timemixer_022_yearly_high_mag_noise10_lt1 | run_6 | freq=52 | noise=1 | magnitude=200 | lead_time=1
[2026-07-17T18:34:52] Waiting for available CPU/GPU capacity. waiting=314, running=16
[2026-07-17T18:34:53] Finished local_timemixer | local_timemixer_023_yearly_high_mag_noise10_lt2 | run_6 | freq=52 | noise=1 | magnitude=200 | lead_time=2
[2026-07-17T18:35:29] Waiting for available CPU/GPU capacity. waiting=314, running=15
[2026-07-17T18:35:30] Finished local_timemixer | local_timemixer_090_half_quarterly_low_mag_noise100_lt3 | run_6 | freq=7 | noise=1 | magnitude=50 | lead_time=3
[2026-07-17T18:35:47] Started split_timemixer | split_timemixer_108_half_quarterly_high_mag_noise100_lt3 | run_6 | freq=7 | noise=1 | magnitude=200 | lead_time=3 | PID 1202736 | GPU 1
[2026-07-17T18:35:55] Started local_patchtst | local_patchtst_057_quarterly_low_mag_noise0_lt3 | run_6 | freq=13 | noise=1 | magnitude=50 | lead_time=3 | PID 1202832 | GPU 2
[2026-07-17T18:36:05] Started split_patchtst | split_patchtst_025_yearly_high_mag_noise100_lt1 | run_6 | freq=52 | noise=1 | magnitude=200 | lead_time=1 | PID 1203074 | GPU 7
[2026-07-17T18:36:15] Finished split_timemixer | split_timemixer_032_half_yearly_low_mag_noise10_lt2 | run_6 | freq=26 | noise=1 | magnitude=50 | lead_time=2
[2026-07-17T18:36:24] Started local_timemixer | local_timemixer_104_half_quarterly_high_mag_noise10_lt2 | run_6 | freq=7 | noise=1 | magnitude=200 | lead_time=2 | PID 1203365 | GPU 2
[2026-07-17T18:36:28] Started local_timemixer | local_timemixer_105_half_quarterly_high_mag_noise10_lt3 | run_6 | freq=7 | noise=1 | magnitude=200 | lead_time=3 | PID 1203412 | GPU 2
[2026-07-17T18:36:57] Finished split_patchtst | split_patchtst_058_quarterly_low_mag_noise10_lt1 | run_6 | freq=13 | noise=1 | magnitude=50 | lead_time=1
[2026-07-17T18:37:06] Started local_timemixer | local_timemixer_096_half_quarterly_medium_mag_noise10_lt3 | run_6 | freq=7 | noise=1 | magnitude=100 | lead_time=3 | PID 1204704 | GPU 3
[2026-07-17T18:37:09] Started local_timemixer | local_timemixer_097_half_quarterly_medium_mag_noise100_lt1 | run_6 | freq=7 | noise=1 | magnitude=100 | lead_time=1 | PID 1204726 | GPU 3
[2026-07-17T18:37:24] Started local_patchtst | local_patchtst_040_half_yearly_medium_mag_noise10_lt1 | run_6 | freq=26 | noise=1 | magnitude=100 | lead_time=1 | PID 1204955 | GPU 7
[2026-07-17T18:37:27] Started local_patchtst | local_patchtst_041_half_yearly_medium_mag_noise10_lt2 | run_6 | freq=26 | noise=1 | magnitude=100 | lead_time=2 | PID 1204963 | GPU 7
[2026-07-17T18:37:45] Finished local_timemixer | local_timemixer_088_half_quarterly_low_mag_noise100_lt1 | run_6 | freq=7 | noise=1 | magnitude=50 | lead_time=1
[2026-07-17T18:38:01] Started split_timemixer | split_timemixer_097_half_quarterly_medium_mag_noise100_lt1 | run_6 | freq=7 | noise=1 | magnitude=100 | lead_time=1 | PID 1206085 | GPU 7
[2026-07-17T18:38:22] Finished split_patchtst | split_patchtst_025_yearly_high_mag_noise100_lt1 | run_6 | freq=52 | noise=1 | magnitude=200 | lead_time=1
[2026-07-17T18:38:57] Started split_patchtst | split_patchtst_106_half_quarterly_high_mag_noise100_lt1 | run_6 | freq=7 | noise=1 | magnitude=200 | lead_time=1 | PID 1207413 | GPU 5
[2026-07-17T18:39:00] Finished split_timemixer | split_timemixer_100_half_quarterly_high_mag_noise0_lt1 | run_6 | freq=7 | noise=1 | magnitude=200 | lead_time=1
[2026-07-17T18:39:11] Started split_timemixer | split_timemixer_028_half_yearly_low_mag_noise0_lt1 | run_6 | freq=26 | noise=1 | magnitude=50 | lead_time=1 | PID 1207953 | GPU 4
[2026-07-17T18:39:29] Started local_patchtst | local_patchtst_103_half_quarterly_high_mag_noise10_lt1 | run_6 | freq=7 | noise=1 | magnitude=200 | lead_time=1 | PID 1208331 | GPU 6
[2026-07-17T18:39:32] Started local_patchtst | local_patchtst_104_half_quarterly_high_mag_noise10_lt2 | run_6 | freq=7 | noise=1 | magnitude=200 | lead_time=2 | PID 1208341 | GPU 6
[2026-07-17T18:39:44] Started split_patchtst | split_patchtst_100_half_quarterly_high_mag_noise0_lt1 | run_6 | freq=7 | noise=1 | magnitude=200 | lead_time=1 | PID 1208739 | GPU 0
[2026-07-17T18:39:47] Started split_patchtst | split_patchtst_103_half_quarterly_high_mag_noise10_lt1 | run_6 | freq=7 | noise=1 | magnitude=200 | lead_time=1 | PID 1208746 | GPU 0
[2026-07-17T18:39:51] Finished local_patchtst | local_patchtst_057_quarterly_low_mag_noise0_lt3 | run_6 | freq=13 | noise=1 | magnitude=50 | lead_time=3
[2026-07-17T18:39:52] Started split_multichannel | split_multichannel_075_quarterly_high_mag_noise0_lt3 | run_6 | freq=13 | noise=1 | magnitude=200 | lead_time=3 | PID 1208777 | GPU 0
[2026-07-17T18:39:59] Started local_timemixer | local_timemixer_041_half_yearly_medium_mag_noise10_lt2 | run_6 | freq=26 | noise=1 | magnitude=100 | lead_time=2 | PID 1208859 | GPU 6
[2026-07-17T18:40:02] Started local_timemixer | local_timemixer_042_half_yearly_medium_mag_noise10_lt3 | run_6 | freq=26 | noise=1 | magnitude=100 | lead_time=3 | PID 1208890 | GPU 5
[2026-07-17T18:40:06] Started local_timemixer | local_timemixer_045_half_yearly_medium_mag_noise100_lt3 | run_6 | freq=26 | noise=1 | magnitude=100 | lead_time=3 | PID 1208900 | GPU 5
[2026-07-17T18:40:31] Started split_patchtst | split_patchtst_018_yearly_medium_mag_noise100_lt3 | run_6 | freq=52 | noise=1 | magnitude=100 | lead_time=3 | PID 1209735 | GPU 7
[2026-07-17T18:40:41] Finished local_patchtst | local_patchtst_041_half_yearly_medium_mag_noise10_lt2 | run_6 | freq=26 | noise=1 | magnitude=100 | lead_time=2
[2026-07-17T18:41:14] Waiting for available CPU/GPU capacity. waiting=293, running=19
[2026-07-17T18:41:24] Started split_timemixer | split_timemixer_009_yearly_low_mag_noise100_lt3 | run_6 | freq=52 | noise=1 | magnitude=50 | lead_time=3 | PID 1211010 | GPU 0
[2026-07-17T18:41:52] Finished split_patchtst | split_patchtst_103_half_quarterly_high_mag_noise10_lt1 | run_6 | freq=7 | noise=1 | magnitude=200 | lead_time=1
[2026-07-17T18:42:03] Started split_timemixer | split_timemixer_040_half_yearly_medium_mag_noise10_lt1 | run_6 | freq=26 | noise=1 | magnitude=100 | lead_time=1 | PID 1212235 | GPU 0
[2026-07-17T18:42:11] Started split_timemixer | split_timemixer_103_half_quarterly_high_mag_noise10_lt1 | run_6 | freq=7 | noise=1 | magnitude=200 | lead_time=1 | PID 1212336 | GPU 6
[2026-07-17T18:42:31] Finished split_timemixer | split_timemixer_014_yearly_medium_mag_noise10_lt2 | run_6 | freq=52 | noise=1 | magnitude=100 | lead_time=2
[2026-07-17T18:42:50] Started local_patchtst | local_patchtst_038_half_yearly_medium_mag_noise0_lt2 | run_6 | freq=26 | noise=1 | magnitude=100 | lead_time=2 | PID 1213297 | GPU 2
[2026-07-17T18:42:54] Started local_patchtst | local_patchtst_039_half_yearly_medium_mag_noise0_lt3 | run_6 | freq=26 | noise=1 | magnitude=100 | lead_time=3 | PID 1213345 | GPU 2
[2026-07-17T18:43:00] Started local_patchtst | local_patchtst_076_quarterly_high_mag_noise10_lt1 | run_6 | freq=13 | noise=1 | magnitude=200 | lead_time=1 | PID 1213549 | GPU 1
[2026-07-17T18:43:11] Started split_patchtst | split_patchtst_073_quarterly_high_mag_noise0_lt1 | run_6 | freq=13 | noise=1 | magnitude=200 | lead_time=1 | PID 1213913 | GPU 3
[2026-07-17T18:43:14] Started split_patchtst | split_patchtst_074_quarterly_high_mag_noise0_lt2 | run_6 | freq=13 | noise=1 | magnitude=200 | lead_time=2 | PID 1214005 | GPU 3
[2026-07-17T18:43:20] Finished split_patchtst | split_patchtst_018_yearly_medium_mag_noise100_lt3 | run_6 | freq=52 | noise=1 | magnitude=100 | lead_time=3
[2026-07-17T18:43:26] Started local_timemixer | local_timemixer_057_quarterly_low_mag_noise0_lt3 | run_6 | freq=13 | noise=1 | magnitude=50 | lead_time=3 | PID 1214181 | GPU 7
[2026-07-17T18:43:46] Started local_patchtst | local_patchtst_082_half_quarterly_low_mag_noise0_lt1 | run_6 | freq=7 | noise=1 | magnitude=50 | lead_time=1 | PID 1214676 | GPU 2
[2026-07-17T18:43:53] Started split_patchtst | split_patchtst_026_yearly_high_mag_noise100_lt2 | run_6 | freq=52 | noise=1 | magnitude=200 | lead_time=2 | PID 1214750 | GPU 7
[2026-07-17T18:44:00] Started split_patchtst | split_patchtst_067_quarterly_medium_mag_noise10_lt1 | run_6 | freq=13 | noise=1 | magnitude=100 | lead_time=1 | PID 1214837 | GPU 1
[2026-07-17T18:44:03] Started split_patchtst | split_patchtst_069_quarterly_medium_mag_noise10_lt3 | run_6 | freq=13 | noise=1 | magnitude=100 | lead_time=3 | PID 1214882 | GPU 1
[2026-07-17T18:44:09] Finished split_timemixer | split_timemixer_097_half_quarterly_medium_mag_noise100_lt1 | run_6 | freq=7 | noise=1 | magnitude=100 | lead_time=1
[2026-07-17T18:44:25] Started local_patchtst | local_patchtst_005_yearly_low_mag_noise10_lt2 | run_6 | freq=52 | noise=1 | magnitude=50 | lead_time=2 | PID 1215624 | GPU 2
[2026-07-17T18:44:30] Started local_patchtst | local_patchtst_028_half_yearly_low_mag_noise0_lt1 | run_6 | freq=26 | noise=1 | magnitude=50 | lead_time=1 | PID 1215705 | GPU 3
[2026-07-17T18:44:34] Started local_patchtst | local_patchtst_029_half_yearly_low_mag_noise0_lt2 | run_6 | freq=26 | noise=1 | magnitude=50 | lead_time=2 | PID 1215715 | GPU 3
[2026-07-17T18:44:45] Started split_patchtst | split_patchtst_034_half_yearly_low_mag_noise100_lt1 | run_6 | freq=26 | noise=1 | magnitude=50 | lead_time=1 | PID 1216078 | GPU 7
[2026-07-17T18:44:54] Finished split_patchtst | split_patchtst_074_quarterly_high_mag_noise0_lt2 | run_6 | freq=13 | noise=1 | magnitude=200 | lead_time=2
[2026-07-17T18:44:56] Started split_multichannel | split_multichannel_095_half_quarterly_medium_mag_noise10_lt2 | run_6 | freq=7 | noise=1 | magnitude=100 | lead_time=2 | PID 1216219 | GPU 2
[2026-07-17T18:45:03] Started local_timemixer | local_timemixer_060_quarterly_low_mag_noise10_lt3 | run_6 | freq=13 | noise=1 | magnitude=50 | lead_time=3 | PID 1216312 | GPU 3
[2026-07-17T18:45:25] Started split_patchtst | split_patchtst_001_yearly_low_mag_noise0_lt1 | run_6 | freq=52 | noise=1 | magnitude=50 | lead_time=1 | PID 1216813 | GPU 2
[2026-07-17T18:45:35] Started split_patchtst | split_patchtst_097_half_quarterly_medium_mag_noise100_lt1 | run_6 | freq=7 | noise=1 | magnitude=100 | lead_time=1 | PID 1217136 | GPU 1
[2026-07-17T18:45:39] Finished local_patchtst | local_patchtst_082_half_quarterly_low_mag_noise0_lt1 | run_6 | freq=7 | noise=1 | magnitude=50 | lead_time=1
[2026-07-17T18:45:39] Started split_multichannel | split_multichannel_076_quarterly_high_mag_noise10_lt1 | run_6 | freq=13 | noise=1 | magnitude=200 | lead_time=1 | PID 1217264 | GPU 1
[2026-07-17T18:46:13] Finished local_patchtst | local_patchtst_005_yearly_low_mag_noise10_lt2 | run_6 | freq=52 | noise=1 | magnitude=50 | lead_time=2
[2026-07-17T18:46:42] Started split_patchtst | split_patchtst_094_half_quarterly_medium_mag_noise10_lt1 | run_6 | freq=7 | noise=1 | magnitude=100 | lead_time=1 | PID 1218977 | GPU 2
[2026-07-17T18:46:46] Started split_patchtst | split_patchtst_096_half_quarterly_medium_mag_noise10_lt3 | run_6 | freq=7 | noise=1 | magnitude=100 | lead_time=3 | PID 1219051 | GPU 2
[2026-07-17T18:46:49] Started split_patchtst | split_patchtst_098_half_quarterly_medium_mag_noise100_lt2 | run_6 | freq=7 | noise=1 | magnitude=100 | lead_time=2 | PID 1219135 | GPU 1
[2026-07-17T18:46:52] Started split_patchtst | split_patchtst_099_half_quarterly_medium_mag_noise100_lt3 | run_6 | freq=7 | noise=1 | magnitude=100 | lead_time=3 | PID 1219214 | GPU 5
[2026-07-17T18:46:56] Started split_patchtst | split_patchtst_105_half_quarterly_high_mag_noise10_lt3 | run_6 | freq=7 | noise=1 | magnitude=200 | lead_time=3 | PID 1219292 | GPU 5
[2026-07-17T18:46:59] Finished split_patchtst | split_patchtst_097_half_quarterly_medium_mag_noise100_lt1 | run_6 | freq=7 | noise=1 | magnitude=100 | lead_time=1
[2026-07-17T18:47:00] Started split_multichannel | split_multichannel_077_quarterly_high_mag_noise10_lt2 | run_6 | freq=13 | noise=1 | magnitude=200 | lead_time=2 | PID 1219364 | GPU 5
[2026-07-17T18:47:06] Started local_timemixer | local_timemixer_037_half_yearly_medium_mag_noise0_lt1 | run_6 | freq=26 | noise=1 | magnitude=100 | lead_time=1 | PID 1219431 | GPU 7
[2026-07-17T18:47:13] Started local_timemixer | local_timemixer_101_half_quarterly_high_mag_noise0_lt2 | run_6 | freq=7 | noise=1 | magnitude=200 | lead_time=2 | PID 1219556 | GPU 3
[2026-07-17T18:47:30] Started local_patchtst | local_patchtst_078_quarterly_high_mag_noise10_lt3 | run_6 | freq=13 | noise=1 | magnitude=200 | lead_time=3 | PID 1219945 | GPU 6
[2026-07-17T18:47:33] Started local_patchtst | local_patchtst_080_quarterly_high_mag_noise100_lt2 | run_6 | freq=13 | noise=1 | magnitude=200 | lead_time=2 | PID 1219952 | GPU 6
[2026-07-17T18:47:37] Started local_patchtst | local_patchtst_081_quarterly_high_mag_noise100_lt3 | run_6 | freq=13 | noise=1 | magnitude=200 | lead_time=3 | PID 1219963 | GPU 6
[2026-07-17T18:47:49] Finished split_timemixer | split_timemixer_103_half_quarterly_high_mag_noise10_lt1 | run_6 | freq=7 | noise=1 | magnitude=200 | lead_time=1
[2026-07-17T18:48:02] Started split_timemixer | split_timemixer_083_half_quarterly_low_mag_noise0_lt2 | run_6 | freq=7 | noise=1 | magnitude=50 | lead_time=2 | PID 1220627 | GPU 4
[2026-07-17T18:48:07] Started local_patchtst | local_patchtst_011_yearly_medium_mag_noise0_lt2 | run_6 | freq=52 | noise=1 | magnitude=100 | lead_time=2 | PID 1220797 | GPU 1
[2026-07-17T18:48:11] Started local_patchtst | local_patchtst_012_yearly_medium_mag_noise0_lt3 | run_6 | freq=52 | noise=1 | magnitude=100 | lead_time=3 | PID 1220884 | GPU 1
[2026-07-17T18:48:27] Started split_patchtst | split_patchtst_081_quarterly_high_mag_noise100_lt3 | run_6 | freq=13 | noise=1 | magnitude=200 | lead_time=3 | PID 1221359 | GPU 2
[2026-07-17T18:48:31] Finished split_patchtst | split_patchtst_098_half_quarterly_medium_mag_noise100_lt2 | run_6 | freq=7 | noise=1 | magnitude=100 | lead_time=2
[2026-07-17T18:48:32] Started split_multichannel | split_multichannel_079_quarterly_high_mag_noise100_lt1 | run_6 | freq=13 | noise=1 | magnitude=200 | lead_time=1 | PID 1221386 | GPU 2
[2026-07-17T18:48:35] Started split_multichannel | split_multichannel_082_half_quarterly_low_mag_noise0_lt1 | run_6 | freq=7 | noise=1 | magnitude=50 | lead_time=1 | PID 1221397 | GPU 5
[2026-07-17T18:49:07] Finished split_patchtst | split_patchtst_105_half_quarterly_high_mag_noise10_lt3 | run_6 | freq=7 | noise=1 | magnitude=200 | lead_time=3
[2026-07-17T18:49:08] Started split_multichannel | split_multichannel_083_half_quarterly_low_mag_noise0_lt2 | run_6 | freq=7 | noise=1 | magnitude=50 | lead_time=2 | PID 1222104 | GPU 5
[2026-07-17T18:49:11] Started split_multichannel | split_multichannel_085_half_quarterly_low_mag_noise10_lt1 | run_6 | freq=7 | noise=1 | magnitude=50 | lead_time=1 | PID 1222111 | GPU 1
[2026-07-17T18:49:21] Started split_timemixer | split_timemixer_002_yearly_low_mag_noise0_lt2 | run_6 | freq=52 | noise=1 | magnitude=50 | lead_time=2 | PID 1222406 | GPU 2
[2026-07-17T18:49:25] Started split_timemixer | split_timemixer_003_yearly_low_mag_noise0_lt3 | run_6 | freq=52 | noise=1 | magnitude=50 | lead_time=3 | PID 1222470 | GPU 2
[2026-07-17T18:49:28] Started split_timemixer | split_timemixer_004_yearly_low_mag_noise10_lt1 | run_6 | freq=52 | noise=1 | magnitude=50 | lead_time=1 | PID 1222634 | GPU 6
[2026-07-17T18:49:32] Started split_timemixer | split_timemixer_006_yearly_low_mag_noise10_lt3 | run_6 | freq=52 | noise=1 | magnitude=50 | lead_time=3 | PID 1222748 | GPU 5
[2026-07-17T18:49:56] Finished split_multichannel | split_multichannel_082_half_quarterly_low_mag_noise0_lt1 | run_6 | freq=7 | noise=1 | magnitude=50 | lead_time=1
[2026-07-17T18:49:56] Started split_multichannel | split_multichannel_086_half_quarterly_low_mag_noise10_lt2 | run_6 | freq=7 | noise=1 | magnitude=50 | lead_time=2 | PID 1223364 | GPU 1
[2026-07-17T18:50:00] Started split_multichannel | split_multichannel_087_half_quarterly_low_mag_noise10_lt3 | run_6 | freq=7 | noise=1 | magnitude=50 | lead_time=3 | PID 1223375 | GPU 1
[2026-07-17T18:50:03] Started split_multichannel | split_multichannel_089_half_quarterly_low_mag_noise100_lt2 | run_6 | freq=7 | noise=1 | magnitude=50 | lead_time=2 | PID 1223383 | GPU 1
[2026-07-17T18:50:08] Started local_timemixer | local_timemixer_020_yearly_high_mag_noise0_lt2 | run_6 | freq=52 | noise=1 | magnitude=200 | lead_time=2 | PID 1223423 | GPU 7
[2026-07-17T18:50:19] Started split_timemixer | split_timemixer_050_half_yearly_high_mag_noise10_lt2 | run_6 | freq=26 | noise=1 | magnitude=200 | lead_time=2 | PID 1223793 | GPU 5
[2026-07-17T18:50:40] Finished split_multichannel | split_multichannel_085_half_quarterly_low_mag_noise10_lt1 | run_6 | freq=7 | noise=1 | magnitude=50 | lead_time=1
[2026-07-17T18:51:06] Started split_patchtst | split_patchtst_064_quarterly_medium_mag_noise0_lt1 | run_6 | freq=13 | noise=1 | magnitude=100 | lead_time=1 | PID 1225285 | GPU 3
[2026-07-17T18:51:11] Finished local_timemixer | local_timemixer_060_quarterly_low_mag_noise10_lt3 | run_6 | freq=13 | noise=1 | magnitude=50 | lead_time=3
[2026-07-17T18:51:40] Waiting for available CPU/GPU capacity. waiting=242, running=18
[2026-07-17T18:51:41] Finished local_timemixer | local_timemixer_037_half_yearly_medium_mag_noise0_lt1 | run_6 | freq=26 | noise=1 | magnitude=100 | lead_time=1
[2026-07-17T18:51:45] Started local_timemixer | local_timemixer_059_quarterly_low_mag_noise10_lt2 | run_6 | freq=13 | noise=1 | magnitude=50 | lead_time=2 | PID 1226249 | GPU 0
[2026-07-17T18:51:48] Started local_timemixer | local_timemixer_062_quarterly_low_mag_noise100_lt2 | run_6 | freq=13 | noise=1 | magnitude=50 | lead_time=2 | PID 1226260 | GPU 0
[2026-07-17T18:52:07] Started local_patchtst | local_patchtst_096_half_quarterly_medium_mag_noise10_lt3 | run_6 | freq=7 | noise=1 | magnitude=100 | lead_time=3 | PID 1226883 | GPU 3
[2026-07-17T18:52:18] Finished split_timemixer | split_timemixer_040_half_yearly_medium_mag_noise10_lt1 | run_6 | freq=26 | noise=1 | magnitude=100 | lead_time=1
[2026-07-17T18:52:20] Started local_timemixer | local_timemixer_033_half_yearly_low_mag_noise10_lt3 | run_6 | freq=26 | noise=1 | magnitude=50 | lead_time=3 | PID 1227083 | GPU 6
[2026-07-17T18:52:52] Started local_timemixer | local_timemixer_050_half_yearly_high_mag_noise10_lt2 | run_6 | freq=26 | noise=1 | magnitude=200 | lead_time=2 | PID 1227935 | GPU 1
[2026-07-17T18:52:56] Started local_timemixer | local_timemixer_070_quarterly_medium_mag_noise100_lt1 | run_6 | freq=13 | noise=1 | magnitude=100 | lead_time=1 | PID 1227958 | GPU 3
[2026-07-17T18:53:22] Finished split_patchtst | split_patchtst_064_quarterly_medium_mag_noise0_lt1 | run_6 | freq=13 | noise=1 | magnitude=100 | lead_time=1
[2026-07-17T18:53:23] Started split_multichannel | split_multichannel_090_half_quarterly_low_mag_noise100_lt3 | run_6 | freq=7 | noise=1 | magnitude=50 | lead_time=3 | PID 1228719 | GPU 3
[2026-07-17T18:53:35] Started split_timemixer | split_timemixer_063_quarterly_low_mag_noise100_lt3 | run_6 | freq=13 | noise=1 | magnitude=50 | lead_time=3 | PID 1228890 | GPU 7
[2026-07-17T18:53:56] Finished split_multichannel | split_multichannel_089_half_quarterly_low_mag_noise100_lt2 | run_6 | freq=7 | noise=1 | magnitude=50 | lead_time=2
[2026-07-17T18:54:04] Started split_timemixer | split_timemixer_047_half_yearly_high_mag_noise0_lt2 | run_6 | freq=26 | noise=1 | magnitude=200 | lead_time=2 | PID 1229732 | GPU 1
[2026-07-17T18:54:27] Started local_timemixer | local_timemixer_016_yearly_medium_mag_noise100_lt1 | run_6 | freq=52 | noise=1 | magnitude=100 | lead_time=1 | PID 1230237 | GPU 7
[2026-07-17T18:54:55] Finished local_timemixer | local_timemixer_020_yearly_high_mag_noise0_lt2 | run_6 | freq=52 | noise=1 | magnitude=200 | lead_time=2
[2026-07-17T18:55:21] Waiting for available CPU/GPU capacity. waiting=232, running=17
[2026-07-17T18:55:50] Finished split_timemixer | split_timemixer_004_yearly_low_mag_noise10_lt1 | run_6 | freq=52 | noise=1 | magnitude=50 | lead_time=1
[2026-07-17T18:56:02] Started split_timemixer | split_timemixer_106_half_quarterly_high_mag_noise100_lt1 | run_6 | freq=7 | noise=1 | magnitude=200 | lead_time=1 | PID 1233168 | GPU 6
[2026-07-17T18:56:20] Finished local_patchtst | local_patchtst_096_half_quarterly_medium_mag_noise10_lt3 | run_6 | freq=7 | noise=1 | magnitude=100 | lead_time=3
[2026-07-17T18:56:46] Waiting for available CPU/GPU capacity. waiting=231, running=16
[2026-07-17T18:57:02] Started local_patchtst | local_patchtst_035_half_yearly_low_mag_noise100_lt2 | run_6 | freq=26 | noise=1 | magnitude=50 | lead_time=2 | PID 1234626 | GPU 3
[2026-07-17T18:57:05] Started local_patchtst | local_patchtst_037_half_yearly_medium_mag_noise0_lt1 | run_6 | freq=26 | noise=1 | magnitude=100 | lead_time=1 | PID 1234695 | GPU 3
[2026-07-17T18:57:20] Finished local_timemixer | local_timemixer_070_quarterly_medium_mag_noise100_lt1 | run_6 | freq=13 | noise=1 | magnitude=100 | lead_time=1
[2026-07-17T18:57:39] Started local_patchtst | local_patchtst_095_half_quarterly_medium_mag_noise10_lt2 | run_6 | freq=7 | noise=1 | magnitude=100 | lead_time=2 | PID 1235493 | GPU 0
[2026-07-17T18:57:43] Started local_patchtst | local_patchtst_098_half_quarterly_medium_mag_noise100_lt2 | run_6 | freq=7 | noise=1 | magnitude=100 | lead_time=2 | PID 1235505 | GPU 0
[2026-07-17T18:57:53] Finished local_timemixer | local_timemixer_062_quarterly_low_mag_noise100_lt2 | run_6 | freq=13 | noise=1 | magnitude=50 | lead_time=2
[2026-07-17T18:58:09] Started local_patchtst | local_patchtst_054_half_yearly_high_mag_noise100_lt3 | run_6 | freq=26 | noise=1 | magnitude=200 | lead_time=3 | PID 1236265 | GPU 3
[2026-07-17T18:58:14] Started local_patchtst | local_patchtst_083_half_quarterly_low_mag_noise0_lt2 | run_6 | freq=7 | noise=1 | magnitude=50 | lead_time=2 | PID 1236311 | GPU 0
[2026-07-17T18:58:25] Finished split_multichannel | split_multichannel_090_half_quarterly_low_mag_noise100_lt3 | run_6 | freq=7 | noise=1 | magnitude=50 | lead_time=3
[2026-07-17T18:58:41] Started local_patchtst | local_patchtst_060_quarterly_low_mag_noise10_lt3 | run_6 | freq=13 | noise=1 | magnitude=50 | lead_time=3 | PID 1237086 | GPU 3
[2026-07-17T18:58:54] Finished local_patchtst | local_patchtst_037_half_yearly_medium_mag_noise0_lt1 | run_6 | freq=26 | noise=1 | magnitude=100 | lead_time=1
[2026-07-17T18:58:55] Started local_timemixer | local_timemixer_006_yearly_low_mag_noise10_lt3 | run_6 | freq=52 | noise=1 | magnitude=50 | lead_time=3 | PID 1237457 | GPU 4
[2026-07-17T18:58:58] Started local_timemixer | local_timemixer_007_yearly_low_mag_noise100_lt1 | run_6 | freq=52 | noise=1 | magnitude=50 | lead_time=1 | PID 1237569 | GPU 2
[2026-07-17T18:59:02] Started local_timemixer | local_timemixer_008_yearly_low_mag_noise100_lt2 | run_6 | freq=52 | noise=1 | magnitude=50 | lead_time=2 | PID 1237586 | GPU 2
[2026-07-17T18:59:12] Started split_timemixer | split_timemixer_052_half_yearly_high_mag_noise100_lt1 | run_6 | freq=26 | noise=1 | magnitude=200 | lead_time=1 | PID 1237779 | GPU 3
[2026-07-17T18:59:17] Started split_timemixer | split_timemixer_081_quarterly_high_mag_noise100_lt3 | run_6 | freq=13 | noise=1 | magnitude=200 | lead_time=3 | PID 1237826 | GPU 1
[2026-07-17T18:59:25] Started local_patchtst | local_patchtst_043_half_yearly_medium_mag_noise100_lt1 | run_6 | freq=26 | noise=1 | magnitude=100 | lead_time=1 | PID 1237914 | GPU 0
[2026-07-17T18:59:39] Finished local_patchtst | local_patchtst_098_half_quarterly_medium_mag_noise100_lt2 | run_6 | freq=7 | noise=1 | magnitude=100 | lead_time=2
[2026-07-17T18:59:51] Started local_patchtst | local_patchtst_006_yearly_low_mag_noise10_lt3 | run_6 | freq=52 | noise=1 | magnitude=50 | lead_time=3 | PID 1238884 | GPU 0
[2026-07-17T18:59:54] Started local_patchtst | local_patchtst_007_yearly_low_mag_noise100_lt1 | run_6 | freq=52 | noise=1 | magnitude=50 | lead_time=1 | PID 1238893 | GPU 0
[2026-07-17T19:00:09] Started split_patchtst | split_patchtst_084_half_quarterly_low_mag_noise0_lt3 | run_6 | freq=7 | noise=1 | magnitude=50 | lead_time=3 | PID 1239750 | GPU 6
[2026-07-17T19:00:13] Finished local_patchtst | local_patchtst_083_half_quarterly_low_mag_noise0_lt2 | run_6 | freq=7 | noise=1 | magnitude=50 | lead_time=2
[2026-07-17T19:00:38] Waiting for available CPU/GPU capacity. waiting=215, running=17
[2026-07-17T19:00:39] Finished split_timemixer | split_timemixer_006_yearly_low_mag_noise10_lt3 | run_6 | freq=52 | noise=1 | magnitude=50 | lead_time=3
[2026-07-17T19:00:49] Started split_timemixer | split_timemixer_087_half_quarterly_low_mag_noise10_lt3 | run_6 | freq=7 | noise=1 | magnitude=50 | lead_time=3 | PID 1240480 | GPU 5
[2026-07-17T19:00:52] Started split_timemixer | split_timemixer_088_half_quarterly_low_mag_noise100_lt1 | run_6 | freq=7 | noise=1 | magnitude=50 | lead_time=1 | PID 1240769 | GPU 5
[2026-07-17T19:01:05] Started split_patchtst | split_patchtst_030_half_yearly_low_mag_noise0_lt3 | run_6 | freq=26 | noise=1 | magnitude=50 | lead_time=3 | PID 1241326 | GPU 0
[2026-07-17T19:01:13] Finished local_patchtst | local_patchtst_043_half_yearly_medium_mag_noise100_lt1 | run_6 | freq=26 | noise=1 | magnitude=100 | lead_time=1
[2026-07-17T19:01:30] Started local_patchtst | local_patchtst_090_half_quarterly_low_mag_noise100_lt3 | run_6 | freq=7 | noise=1 | magnitude=50 | lead_time=3 | PID 1241819 | GPU 3
[2026-07-17T19:01:34] Started local_patchtst | local_patchtst_101_half_quarterly_high_mag_noise0_lt2 | run_6 | freq=7 | noise=1 | magnitude=200 | lead_time=2 | PID 1241838 | GPU 6
[2026-07-17T19:01:37] Started local_patchtst | local_patchtst_102_half_quarterly_high_mag_noise0_lt3 | run_6 | freq=7 | noise=1 | magnitude=200 | lead_time=3 | PID 1241846 | GPU 6
[2026-07-17T19:01:44] Started split_patchtst | split_patchtst_051_half_yearly_high_mag_noise10_lt3 | run_6 | freq=26 | noise=1 | magnitude=200 | lead_time=3 | PID 1241927 | GPU 0
[2026-07-17T19:01:47] Started split_patchtst | split_patchtst_052_half_yearly_high_mag_noise100_lt1 | run_6 | freq=26 | noise=1 | magnitude=200 | lead_time=1 | PID 1241934 | GPU 7
[2026-07-17T19:01:51] Started split_patchtst | split_patchtst_053_half_yearly_high_mag_noise100_lt2 | run_6 | freq=26 | noise=1 | magnitude=200 | lead_time=2 | PID 1242124 | GPU 7
[2026-07-17T19:01:54] Started split_patchtst | split_patchtst_054_half_yearly_high_mag_noise100_lt3 | run_6 | freq=26 | noise=1 | magnitude=200 | lead_time=3 | PID 1242132 | GPU 7
[2026-07-17T19:02:00] Finished local_patchtst | local_patchtst_007_yearly_low_mag_noise100_lt1 | run_6 | freq=52 | noise=1 | magnitude=50 | lead_time=1
[2026-07-17T19:02:15] Started local_patchtst | local_patchtst_062_quarterly_low_mag_noise100_lt2 | run_6 | freq=13 | noise=1 | magnitude=50 | lead_time=2 | PID 1242758 | GPU 6
[2026-07-17T19:02:26] Finished split_patchtst | split_patchtst_084_half_quarterly_low_mag_noise0_lt3 | run_6 | freq=7 | noise=1 | magnitude=50 | lead_time=3
[2026-07-17T19:02:30] Started local_timemixer | local_timemixer_068_quarterly_medium_mag_noise10_lt2 | run_6 | freq=13 | noise=1 | magnitude=100 | lead_time=2 | PID 1243181 | GPU 0
[2026-07-17T19:02:33] Started local_timemixer | local_timemixer_071_quarterly_medium_mag_noise100_lt2 | run_6 | freq=13 | noise=1 | magnitude=100 | lead_time=2 | PID 1243188 | GPU 0
[2026-07-17T19:02:56] Finished split_patchtst | split_patchtst_030_half_yearly_low_mag_noise0_lt3 | run_6 | freq=26 | noise=1 | magnitude=50 | lead_time=3
[2026-07-17T19:03:16] Started split_patchtst | split_patchtst_055_quarterly_low_mag_noise0_lt1 | run_6 | freq=13 | noise=1 | magnitude=50 | lead_time=1 | PID 1244272 | GPU 3
[2026-07-17T19:03:28] Started local_timemixer | local_timemixer_100_half_quarterly_high_mag_noise0_lt1 | run_6 | freq=7 | noise=1 | magnitude=200 | lead_time=1 | PID 1244481 | GPU 6
[2026-07-17T19:03:46] Started split_patchtst | split_patchtst_056_quarterly_low_mag_noise0_lt2 | run_6 | freq=13 | noise=1 | magnitude=50 | lead_time=2 | PID 1245081 | GPU 7
[2026-07-17T19:03:52] Finished split_patchtst | split_patchtst_053_half_yearly_high_mag_noise100_lt2 | run_6 | freq=26 | noise=1 | magnitude=200 | lead_time=2
[2026-07-17T19:03:53] Started split_multichannel | split_multichannel_099_half_quarterly_medium_mag_noise100_lt3 | run_6 | freq=7 | noise=1 | magnitude=100 | lead_time=3 | PID 1245311 | GPU 7
[2026-07-17T19:03:56] Started split_multichannel | split_multichannel_105_half_quarterly_high_mag_noise10_lt3 | run_6 | freq=7 | noise=1 | magnitude=200 | lead_time=3 | PID 1245318 | GPU 7
[2026-07-17T19:04:10] Started local_patchtst | local_patchtst_015_yearly_medium_mag_noise10_lt3 | run_6 | freq=52 | noise=1 | magnitude=100 | lead_time=3 | PID 1245621 | GPU 1
[2026-07-17T19:04:24] Finished local_patchtst | local_patchtst_062_quarterly_low_mag_noise100_lt2 | run_6 | freq=13 | noise=1 | magnitude=50 | lead_time=2
[2026-07-17T19:04:32] Started split_timemixer | split_timemixer_054_half_yearly_high_mag_noise100_lt3 | run_6 | freq=26 | noise=1 | magnitude=200 | lead_time=3 | PID 1246020 | GPU 6
[2026-07-17T19:04:36] Started split_timemixer | split_timemixer_068_quarterly_medium_mag_noise10_lt2 | run_6 | freq=13 | noise=1 | magnitude=100 | lead_time=2 | PID 1246058 | GPU 6
[2026-07-17T19:04:39] Started split_timemixer | split_timemixer_070_quarterly_medium_mag_noise100_lt1 | run_6 | freq=13 | noise=1 | magnitude=100 | lead_time=1 | PID 1246069 | GPU 2
[2026-07-17T19:04:43] Started split_timemixer | split_timemixer_071_quarterly_medium_mag_noise100_lt2 | run_6 | freq=13 | noise=1 | magnitude=100 | lead_time=2 | PID 1246118 | GPU 2
[2026-07-17T19:04:46] Started split_timemixer | split_timemixer_072_quarterly_medium_mag_noise100_lt3 | run_6 | freq=13 | noise=1 | magnitude=100 | lead_time=3 | PID 1246197 | GPU 2
[2026-07-17T19:05:03] Finished local_patchtst | local_patchtst_090_half_quarterly_low_mag_noise100_lt3 | run_6 | freq=7 | noise=1 | magnitude=50 | lead_time=3
[2026-07-17T19:05:10] Started split_timemixer | split_timemixer_038_half_yearly_medium_mag_noise0_lt2 | run_6 | freq=26 | noise=1 | magnitude=100 | lead_time=2 | PID 1246996 | GPU 3
[2026-07-17T19:05:13] Started split_timemixer | split_timemixer_039_half_yearly_medium_mag_noise0_lt3 | run_6 | freq=26 | noise=1 | magnitude=100 | lead_time=3 | PID 1247112 | GPU 7
[2026-07-17T19:05:32] Finished split_patchtst | split_patchtst_056_quarterly_low_mag_noise0_lt2 | run_6 | freq=13 | noise=1 | magnitude=50 | lead_time=2
[2026-07-17T19:05:44] Started local_patchtst | local_patchtst_046_half_yearly_high_mag_noise0_lt1 | run_6 | freq=26 | noise=1 | magnitude=200 | lead_time=1 | PID 1247685 | GPU 1
[2026-07-17T19:05:55] Started split_patchtst | split_patchtst_066_quarterly_medium_mag_noise0_lt3 | run_6 | freq=13 | noise=1 | magnitude=100 | lead_time=3 | PID 1248006 | GPU 3
[2026-07-17T19:06:22] Waiting for available CPU/GPU capacity. waiting=187, running=21
[2026-07-17T19:06:23] Finished split_patchtst | split_patchtst_055_quarterly_low_mag_noise0_lt1 | run_6 | freq=13 | noise=1 | magnitude=50 | lead_time=1
[2026-07-17T19:06:45] Waiting for available CPU/GPU capacity. waiting=187, running=19
[2026-07-17T19:07:08] Finished local_patchtst | local_patchtst_015_yearly_medium_mag_noise10_lt3 | run_6 | freq=52 | noise=1 | magnitude=100 | lead_time=3
[2026-07-17T19:07:16] Started split_timemixer | split_timemixer_059_quarterly_low_mag_noise10_lt2 | run_6 | freq=13 | noise=1 | magnitude=50 | lead_time=2 | PID 1250172 | GPU 1
[2026-07-17T19:07:19] Started split_timemixer | split_timemixer_060_quarterly_low_mag_noise10_lt3 | run_6 | freq=13 | noise=1 | magnitude=50 | lead_time=3 | PID 1250288 | GPU 1
[2026-07-17T19:07:30] Started local_patchtst | local_patchtst_075_quarterly_high_mag_noise0_lt3 | run_6 | freq=13 | noise=1 | magnitude=200 | lead_time=3 | PID 1250612 | GPU 4
[2026-07-17T19:07:40] Finished split_timemixer | split_timemixer_081_quarterly_high_mag_noise100_lt3 | run_6 | freq=13 | noise=1 | magnitude=200 | lead_time=3
[2026-07-17T19:08:01] Waiting for available CPU/GPU capacity. waiting=184, running=20
[2026-07-17T19:08:48] Finished split_patchtst | split_patchtst_066_quarterly_medium_mag_noise0_lt3 | run_6 | freq=13 | noise=1 | magnitude=100 | lead_time=3
[2026-07-17T19:08:48] Started local_timemixer | local_timemixer_003_yearly_low_mag_noise0_lt3 | run_6 | freq=52 | noise=1 | magnitude=50 | lead_time=3 | PID 1252630 | GPU 0
[2026-07-17T19:08:52] Started local_timemixer | local_timemixer_005_yearly_low_mag_noise10_lt2 | run_6 | freq=52 | noise=1 | magnitude=50 | lead_time=2 | PID 1252678 | GPU 0
[2026-07-17T19:09:11] Started split_patchtst | split_patchtst_015_yearly_medium_mag_noise10_lt3 | run_6 | freq=52 | noise=1 | magnitude=100 | lead_time=3 | PID 1253157 | GPU 3
[2026-07-17T19:09:15] Started split_patchtst | split_patchtst_017_yearly_medium_mag_noise100_lt2 | run_6 | freq=52 | noise=1 | magnitude=100 | lead_time=2 | PID 1253165 | GPU 7
[2026-07-17T19:09:22] Finished local_patchtst | local_patchtst_046_half_yearly_high_mag_noise0_lt1 | run_6 | freq=26 | noise=1 | magnitude=200 | lead_time=1
[2026-07-17T19:09:27] Started split_timemixer | split_timemixer_007_yearly_low_mag_noise100_lt1 | run_6 | freq=52 | noise=1 | magnitude=50 | lead_time=1 | PID 1253444 | GPU 5
[2026-07-17T19:09:32] Started split_timemixer | split_timemixer_029_half_yearly_low_mag_noise0_lt2 | run_6 | freq=26 | noise=1 | magnitude=50 | lead_time=2 | PID 1253473 | GPU 5
[2026-07-17T19:10:10] Waiting for available CPU/GPU capacity. waiting=178, running=19
[2026-07-17T19:10:15] Started local_timemixer | local_timemixer_083_half_quarterly_low_mag_noise0_lt2 | run_6 | freq=7 | noise=1 | magnitude=50 | lead_time=2 | PID 1254852 | GPU 4
[2026-07-17T19:10:35] Finished local_patchtst | local_patchtst_075_quarterly_high_mag_noise0_lt3 | run_6 | freq=13 | noise=1 | magnitude=200 | lead_time=3
[2026-07-17T19:10:52] Started split_patchtst | split_patchtst_019_yearly_high_mag_noise0_lt1 | run_6 | freq=52 | noise=1 | magnitude=200 | lead_time=1 | PID 1255560 | GPU 3
[2026-07-17T19:10:59] Finished split_timemixer | split_timemixer_087_half_quarterly_low_mag_noise10_lt3 | run_6 | freq=7 | noise=1 | magnitude=50 | lead_time=3
[2026-07-17T19:11:19] Waiting for available CPU/GPU capacity. waiting=176, running=19
[2026-07-17T19:11:20] Finished local_timemixer | local_timemixer_100_half_quarterly_high_mag_noise0_lt1 | run_6 | freq=7 | noise=1 | magnitude=200 | lead_time=1
[2026-07-17T19:11:41] Waiting for available CPU/GPU capacity. waiting=176, running=18
[2026-07-17T19:11:54] Started local_patchtst | local_patchtst_048_half_yearly_high_mag_noise0_lt3 | run_6 | freq=26 | noise=1 | magnitude=200 | lead_time=3 | PID 1257291 | GPU 3
[2026-07-17T19:12:00] Started local_patchtst | local_patchtst_100_half_quarterly_high_mag_noise0_lt1 | run_6 | freq=7 | noise=1 | magnitude=200 | lead_time=1 | PID 1257370 | GPU 4
[2026-07-17T19:12:09] Finished split_patchtst | split_patchtst_017_yearly_medium_mag_noise100_lt2 | run_6 | freq=52 | noise=1 | magnitude=100 | lead_time=2
[2026-07-17T19:12:19] Started local_patchtst | local_patchtst_016_yearly_medium_mag_noise100_lt1 | run_6 | freq=52 | noise=1 | magnitude=100 | lead_time=1 | PID 1257893 | GPU 4
[2026-07-17T19:12:25] Started local_patchtst | local_patchtst_058_quarterly_low_mag_noise10_lt1 | run_6 | freq=13 | noise=1 | magnitude=50 | lead_time=1 | PID 1257981 | GPU 7
[2026-07-17T19:12:28] Started local_patchtst | local_patchtst_059_quarterly_low_mag_noise10_lt2 | run_6 | freq=13 | noise=1 | magnitude=50 | lead_time=2 | PID 1258070 | GPU 7
[2026-07-17T19:12:31] Started local_patchtst | local_patchtst_061_quarterly_low_mag_noise100_lt1 | run_6 | freq=13 | noise=1 | magnitude=50 | lead_time=1 | PID 1258239 | GPU 7
[2026-07-17T19:12:40] Started split_patchtst | split_patchtst_050_half_yearly_high_mag_noise10_lt2 | run_6 | freq=26 | noise=1 | magnitude=200 | lead_time=2 | PID 1258509 | GPU 3
[2026-07-17T19:12:43] Started split_patchtst | split_patchtst_060_quarterly_low_mag_noise10_lt3 | run_6 | freq=13 | noise=1 | magnitude=50 | lead_time=3 | PID 1258562 | GPU 3
[2026-07-17T19:12:48] Finished split_patchtst | split_patchtst_019_yearly_high_mag_noise0_lt1 | run_6 | freq=52 | noise=1 | magnitude=200 | lead_time=1
[2026-07-17T19:13:08] Waiting for available CPU/GPU capacity. waiting=168, running=20
[2026-07-17T19:13:50] Finished local_patchtst | local_patchtst_048_half_yearly_high_mag_noise0_lt3 | run_6 | freq=26 | noise=1 | magnitude=200 | lead_time=3
[2026-07-17T19:14:10] Waiting for available CPU/GPU capacity. waiting=168, running=19
[2026-07-17T19:14:16] Started local_timemixer | local_timemixer_108_half_quarterly_high_mag_noise100_lt3 | run_6 | freq=7 | noise=1 | magnitude=200 | lead_time=3 | PID 1261055 | GPU 3
[2026-07-17T19:14:19] Started split_timemixer | split_timemixer_008_yearly_low_mag_noise100_lt2 | run_6 | freq=52 | noise=1 | magnitude=50 | lead_time=2 | PID 1261071 | GPU 7
[2026-07-17T19:14:36] Started split_patchtst | split_patchtst_076_quarterly_high_mag_noise10_lt1 | run_6 | freq=13 | noise=1 | magnitude=200 | lead_time=1 | PID 1261428 | GPU 3
[2026-07-17T19:14:41] Finished split_patchtst | split_patchtst_060_quarterly_low_mag_noise10_lt3 | run_6 | freq=13 | noise=1 | magnitude=50 | lead_time=3
[2026-07-17T19:14:45] Started local_timemixer | local_timemixer_081_quarterly_high_mag_noise100_lt3 | run_6 | freq=13 | noise=1 | magnitude=200 | lead_time=3 | PID 1261542 | GPU 0
[2026-07-17T19:14:51] Started split_timemixer | split_timemixer_065_quarterly_medium_mag_noise0_lt2 | run_6 | freq=13 | noise=1 | magnitude=100 | lead_time=2 | PID 1261622 | GPU 7
[2026-07-17T19:14:56] Started split_timemixer | split_timemixer_091_half_quarterly_medium_mag_noise0_lt1 | run_6 | freq=7 | noise=1 | magnitude=100 | lead_time=1 | PID 1261651 | GPU 4
[2026-07-17T19:15:09] Started split_patchtst | split_patchtst_079_quarterly_high_mag_noise100_lt1 | run_6 | freq=13 | noise=1 | magnitude=200 | lead_time=1 | PID 1262264 | GPU 0
[2026-07-17T19:15:13] Finished local_patchtst | local_patchtst_100_half_quarterly_high_mag_noise0_lt1 | run_6 | freq=7 | noise=1 | magnitude=200 | lead_time=1
[2026-07-17T19:15:30] Started split_patchtst | split_patchtst_047_half_yearly_high_mag_noise0_lt2 | run_6 | freq=26 | noise=1 | magnitude=200 | lead_time=2 | PID 1266470 | GPU 3
[2026-07-17T19:15:35] Finished local_patchtst | local_patchtst_016_yearly_medium_mag_noise100_lt1 | run_6 | freq=52 | noise=1 | magnitude=100 | lead_time=1
[2026-07-17T19:15:54] Waiting for available CPU/GPU capacity. waiting=160, running=18
[2026-07-17T19:16:00] Started split_timemixer | split_timemixer_016_yearly_medium_mag_noise100_lt1 | run_6 | freq=52 | noise=1 | magnitude=100 | lead_time=1 | PID 1273121 | GPU 0
[2026-07-17T19:16:17] Finished local_timemixer | local_timemixer_083_half_quarterly_low_mag_noise0_lt2 | run_6 | freq=7 | noise=1 | magnitude=50 | lead_time=2
[2026-07-17T19:16:22] Started split_timemixer | split_timemixer_013_yearly_medium_mag_noise10_lt1 | run_6 | freq=52 | noise=1 | magnitude=100 | lead_time=1 | PID 1273770 | GPU 6
[2026-07-17T19:16:25] Started split_timemixer | split_timemixer_020_yearly_high_mag_noise0_lt2 | run_6 | freq=52 | noise=1 | magnitude=200 | lead_time=2 | PID 1273855 | GPU 6
[2026-07-17T19:16:42] Finished split_timemixer | split_timemixer_068_quarterly_medium_mag_noise10_lt2 | run_6 | freq=13 | noise=1 | magnitude=100 | lead_time=2
[2026-07-17T19:17:00] Waiting for available CPU/GPU capacity. waiting=157, running=18
[2026-07-17T19:17:01] Finished split_patchtst | split_patchtst_076_quarterly_high_mag_noise10_lt1 | run_6 | freq=13 | noise=1 | magnitude=200 | lead_time=1
[2026-07-17T19:17:07] Started split_timemixer | split_timemixer_036_half_yearly_low_mag_noise100_lt3 | run_6 | freq=26 | noise=1 | magnitude=50 | lead_time=3 | PID 1274811 | GPU 4
[2026-07-17T19:17:22] Started split_patchtst | split_patchtst_086_half_quarterly_low_mag_noise10_lt2 | run_6 | freq=7 | noise=1 | magnitude=50 | lead_time=2 | PID 1275237 | GPU 1
[2026-07-17T19:17:25] Started split_patchtst | split_patchtst_087_half_quarterly_low_mag_noise10_lt3 | run_6 | freq=7 | noise=1 | magnitude=50 | lead_time=3 | PID 1275285 | GPU 1
[2026-07-17T19:17:29] Started split_patchtst | split_patchtst_092_half_quarterly_medium_mag_noise0_lt2 | run_6 | freq=7 | noise=1 | magnitude=100 | lead_time=2 | PID 1275306 | GPU 1
[2026-07-17T19:17:32] Finished split_timemixer | split_timemixer_060_quarterly_low_mag_noise10_lt3 | run_6 | freq=13 | noise=1 | magnitude=50 | lead_time=3
[2026-07-17T19:17:39] Started split_timemixer | split_timemixer_074_quarterly_high_mag_noise0_lt2 | run_6 | freq=13 | noise=1 | magnitude=200 | lead_time=2 | PID 1275553 | GPU 3
[2026-07-17T19:17:53] Finished split_patchtst | split_patchtst_047_half_yearly_high_mag_noise0_lt2 | run_6 | freq=26 | noise=1 | magnitude=200 | lead_time=2
[2026-07-17T19:18:11] Waiting for available CPU/GPU capacity. waiting=152, running=17
[2026-07-17T19:18:12] Finished split_timemixer | split_timemixer_007_yearly_low_mag_noise100_lt1 | run_6 | freq=52 | noise=1 | magnitude=50 | lead_time=1
[2026-07-17T19:18:30] Waiting for available CPU/GPU capacity. waiting=152, running=16
[2026-07-17T19:19:01] Started local_patchtst | local_patchtst_056_quarterly_low_mag_noise0_lt2 | run_6 | freq=13 | noise=1 | magnitude=50 | lead_time=2 | PID 1277873 | GPU 2
[2026-07-17T19:19:04] Started local_patchtst | local_patchtst_063_quarterly_low_mag_noise100_lt3 | run_6 | freq=13 | noise=1 | magnitude=50 | lead_time=3 | PID 1277949 | GPU 5
[2026-07-17T19:19:08] Started local_patchtst | local_patchtst_064_quarterly_medium_mag_noise0_lt1 | run_6 | freq=13 | noise=1 | magnitude=100 | lead_time=1 | PID 1277982 | GPU 5
[2026-07-17T19:19:11] Started local_patchtst | local_patchtst_065_quarterly_medium_mag_noise0_lt2 | run_6 | freq=13 | noise=1 | magnitude=100 | lead_time=2 | PID 1278168 | GPU 2
[2026-07-17T19:19:20] Finished split_timemixer | split_timemixer_029_half_yearly_low_mag_noise0_lt2 | run_6 | freq=26 | noise=1 | magnitude=50 | lead_time=2
[2026-07-17T19:19:23] Started local_timemixer | local_timemixer_051_half_yearly_high_mag_noise10_lt3 | run_6 | freq=26 | noise=1 | magnitude=200 | lead_time=3 | PID 1278330 | GPU 1
[2026-07-17T19:19:26] Started local_timemixer | local_timemixer_055_quarterly_low_mag_noise0_lt1 | run_6 | freq=13 | noise=1 | magnitude=50 | lead_time=1 | PID 1278347 | GPU 2
[2026-07-17T19:19:35] Started local_patchtst | local_patchtst_004_yearly_low_mag_noise10_lt1 | run_6 | freq=52 | noise=1 | magnitude=50 | lead_time=1 | PID 1278513 | GPU 5
[2026-07-17T19:19:47] Finished split_patchtst | split_patchtst_092_half_quarterly_medium_mag_noise0_lt2 | run_6 | freq=7 | noise=1 | magnitude=100 | lead_time=2
[2026-07-17T19:19:50] Started local_timemixer | local_timemixer_076_quarterly_high_mag_noise10_lt1 | run_6 | freq=13 | noise=1 | magnitude=200 | lead_time=1 | PID 1278858 | GPU 1
[2026-07-17T19:20:24] Waiting for available CPU/GPU capacity. waiting=144, running=19
[2026-07-17T19:20:25] Finished local_timemixer | local_timemixer_108_half_quarterly_high_mag_noise100_lt3 | run_6 | freq=7 | noise=1 | magnitude=200 | lead_time=3
[2026-07-17T19:20:32] Started split_timemixer | split_timemixer_076_quarterly_high_mag_noise10_lt1 | run_6 | freq=13 | noise=1 | magnitude=200 | lead_time=1 | PID 1280056 | GPU 3
[2026-07-17T19:20:47] Started local_timemixer | local_timemixer_027_yearly_high_mag_noise100_lt3 | run_6 | freq=52 | noise=1 | magnitude=200 | lead_time=3 | PID 1280342 | GPU 5
[2026-07-17T19:21:05] Finished local_patchtst | local_patchtst_064_quarterly_medium_mag_noise0_lt1 | run_6 | freq=13 | noise=1 | magnitude=100 | lead_time=1
[2026-07-17T19:21:11] Started split_timemixer | split_timemixer_066_quarterly_medium_mag_noise0_lt3 | run_6 | freq=13 | noise=1 | magnitude=100 | lead_time=3 | PID 1280848 | GPU 5
[2026-07-17T19:21:25] Finished local_patchtst | local_patchtst_056_quarterly_low_mag_noise0_lt2 | run_6 | freq=13 | noise=1 | magnitude=50 | lead_time=2
[2026-07-17T19:21:41] Waiting for available CPU/GPU capacity. waiting=141, running=18
[2026-07-17T19:21:42] Finished local_patchtst | local_patchtst_065_quarterly_medium_mag_noise0_lt2 | run_6 | freq=13 | noise=1 | magnitude=100 | lead_time=2
[2026-07-17T19:21:44] Started local_timemixer | local_timemixer_019_yearly_high_mag_noise0_lt1 | run_6 | freq=52 | noise=1 | magnitude=200 | lead_time=1 | PID 1281901 | GPU 0
[2026-07-17T19:21:48] Started local_timemixer | local_timemixer_047_half_yearly_high_mag_noise0_lt2 | run_6 | freq=26 | noise=1 | magnitude=200 | lead_time=2 | PID 1281923 | GPU 2
[2026-07-17T19:22:05] Finished local_patchtst | local_patchtst_004_yearly_low_mag_noise10_lt1 | run_6 | freq=52 | noise=1 | magnitude=50 | lead_time=1
[2026-07-17T19:22:12] Started split_timemixer | split_timemixer_089_half_quarterly_low_mag_noise100_lt2 | run_6 | freq=7 | noise=1 | magnitude=50 | lead_time=2 | PID 1282425 | GPU 4
[2026-07-17T19:22:41] Waiting for available CPU/GPU capacity. waiting=138, running=17
[2026-07-17T19:22:42] Finished split_patchtst | split_patchtst_087_half_quarterly_low_mag_noise10_lt3 | run_6 | freq=7 | noise=1 | magnitude=50 | lead_time=3
[2026-07-17T19:22:58] Waiting for available CPU/GPU capacity. waiting=138, running=16
[2026-07-17T19:23:29] Started split_patchtst | split_patchtst_006_yearly_low_mag_noise10_lt3 | run_6 | freq=52 | noise=1 | magnitude=50 | lead_time=3 | PID 1284547 | GPU 7
[2026-07-17T19:23:36] Finished split_timemixer | split_timemixer_016_yearly_medium_mag_noise100_lt1 | run_6 | freq=52 | noise=1 | magnitude=100 | lead_time=1
[2026-07-17T19:23:38] Started local_timemixer | local_timemixer_077_quarterly_high_mag_noise10_lt2 | run_6 | freq=13 | noise=1 | magnitude=200 | lead_time=2 | PID 1284665 | GPU 0
[2026-07-17T19:24:10] Waiting for available CPU/GPU capacity. waiting=136, running=16
[2026-07-17T19:24:16] Started split_timemixer | split_timemixer_035_half_yearly_low_mag_noise100_lt2 | run_6 | freq=26 | noise=1 | magnitude=50 | lead_time=2 | PID 1285984 | GPU 7
[2026-07-17T19:24:19] Started split_timemixer | split_timemixer_037_half_yearly_medium_mag_noise0_lt1 | run_6 | freq=26 | noise=1 | magnitude=100 | lead_time=1 | PID 1286027 | GPU 7
[2026-07-17T19:24:30] Started split_patchtst | split_patchtst_009_yearly_low_mag_noise100_lt3 | run_6 | freq=52 | noise=1 | magnitude=50 | lead_time=3 | PID 1286165 | GPU 6
[2026-07-17T19:24:37] Finished local_timemixer | local_timemixer_055_quarterly_low_mag_noise0_lt1 | run_6 | freq=13 | noise=1 | magnitude=50 | lead_time=1
[2026-07-17T19:24:51] Waiting for available CPU/GPU capacity. waiting=133, running=16
[2026-07-17T19:25:06] Started split_patchtst | split_patchtst_044_half_yearly_medium_mag_noise100_lt2 | run_6 | freq=26 | noise=1 | magnitude=100 | lead_time=2 | PID 1286945 | GPU 2
[2026-07-17T19:25:26] Waiting for available CPU/GPU capacity. waiting=132, running=17
[2026-07-17T19:25:37] Started local_patchtst | local_patchtst_053_half_yearly_high_mag_noise100_lt2 | run_6 | freq=26 | noise=1 | magnitude=200 | lead_time=2 | PID 1287955 | GPU 6
[2026-07-17T19:25:40] Started local_patchtst | local_patchtst_055_quarterly_low_mag_noise0_lt1 | run_6 | freq=13 | noise=1 | magnitude=50 | lead_time=1 | PID 1287962 | GPU 6
[2026-07-17T19:25:49] Finished local_timemixer | local_timemixer_076_quarterly_high_mag_noise10_lt1 | run_6 | freq=13 | noise=1 | magnitude=200 | lead_time=1
[2026-07-17T19:25:55] Started split_timemixer | split_timemixer_084_half_quarterly_low_mag_noise0_lt3 | run_6 | freq=7 | noise=1 | magnitude=50 | lead_time=3 | PID 1288240 | GPU 1
[2026-07-17T19:26:00] Started local_patchtst | local_patchtst_031_half_yearly_low_mag_noise10_lt1 | run_6 | freq=26 | noise=1 | magnitude=50 | lead_time=1 | PID 1288408 | GPU 1
[2026-07-17T19:26:10] Finished local_timemixer | local_timemixer_051_half_yearly_high_mag_noise10_lt3 | run_6 | freq=26 | noise=1 | magnitude=200 | lead_time=3
[2026-07-17T19:26:25] Waiting for available CPU/GPU capacity. waiting=128, running=18
[2026-07-17T19:26:34] Started local_patchtst | local_patchtst_017_yearly_medium_mag_noise100_lt2 | run_6 | freq=52 | noise=1 | magnitude=100 | lead_time=2 | PID 1289170 | GPU 1
[2026-07-17T19:26:40] Started local_patchtst | local_patchtst_107_half_quarterly_high_mag_noise100_lt2 | run_6 | freq=7 | noise=1 | magnitude=200 | lead_time=2 | PID 1289358 | GPU 2
[2026-07-17T19:26:44] Started split_patchtst | split_patchtst_003_yearly_low_mag_noise0_lt3 | run_6 | freq=52 | noise=1 | magnitude=50 | lead_time=3 | PID 1289453 | GPU 2
[2026-07-17T19:26:47] Started split_patchtst | split_patchtst_010_yearly_medium_mag_noise0_lt1 | run_6 | freq=52 | noise=1 | magnitude=100 | lead_time=1 | PID 1289541 | GPU 6
[2026-07-17T19:26:54] Finished split_patchtst | split_patchtst_009_yearly_low_mag_noise100_lt3 | run_6 | freq=52 | noise=1 | magnitude=50 | lead_time=3
[2026-07-17T19:27:08] Waiting for available CPU/GPU capacity. waiting=124, running=19
[2026-07-17T19:27:09] Finished split_patchtst | split_patchtst_044_half_yearly_medium_mag_noise100_lt2 | run_6 | freq=26 | noise=1 | magnitude=100 | lead_time=2
[2026-07-17T19:27:14] Started split_timemixer | split_timemixer_027_yearly_high_mag_noise100_lt3 | run_6 | freq=52 | noise=1 | magnitude=200 | lead_time=3 | PID 1290190 | GPU 2
[2026-07-17T19:27:27] Started split_patchtst | split_patchtst_082_half_quarterly_low_mag_noise0_lt1 | run_6 | freq=7 | noise=1 | magnitude=50 | lead_time=1 | PID 1290550 | GPU 0
[2026-07-17T19:27:30] Started split_patchtst | split_patchtst_083_half_quarterly_low_mag_noise0_lt2 | run_6 | freq=7 | noise=1 | magnitude=50 | lead_time=2 | PID 1290557 | GPU 6
[2026-07-17T19:27:34] Finished local_patchtst | local_patchtst_055_quarterly_low_mag_noise0_lt1 | run_6 | freq=13 | noise=1 | magnitude=50 | lead_time=1
[2026-07-17T19:27:34] Started local_timemixer | local_timemixer_013_yearly_medium_mag_noise10_lt1 | run_6 | freq=52 | noise=1 | magnitude=100 | lead_time=1 | PID 1290573 | GPU 6
[2026-07-17T19:27:51] Finished local_timemixer | local_timemixer_027_yearly_high_mag_noise100_lt3 | run_6 | freq=52 | noise=1 | magnitude=200 | lead_time=3
[2026-07-17T19:28:05] Waiting for available CPU/GPU capacity. waiting=120, running=17
[2026-07-17T19:28:13] Started local_patchtst | local_patchtst_019_yearly_high_mag_noise0_lt1 | run_6 | freq=52 | noise=1 | magnitude=200 | lead_time=1 | PID 1291691 | GPU 3
[2026-07-17T19:28:17] Started local_patchtst | local_patchtst_020_yearly_high_mag_noise0_lt2 | run_6 | freq=52 | noise=1 | magnitude=200 | lead_time=2 | PID 1291885 | GPU 3
[2026-07-17T19:28:20] Started local_patchtst | local_patchtst_021_yearly_high_mag_noise0_lt3 | run_6 | freq=52 | noise=1 | magnitude=200 | lead_time=3 | PID 1291893 | GPU 3
[2026-07-17T19:28:30] Finished split_timemixer | split_timemixer_076_quarterly_high_mag_noise10_lt1 | run_6 | freq=13 | noise=1 | magnitude=200 | lead_time=1
[2026-07-17T19:28:43] Waiting for available CPU/GPU capacity. waiting=117, running=19
[2026-07-17T19:28:59] Finished split_patchtst | split_patchtst_010_yearly_medium_mag_noise0_lt1 | run_6 | freq=52 | noise=1 | magnitude=100 | lead_time=1
[2026-07-17T19:29:12] Started split_patchtst | split_patchtst_041_half_yearly_medium_mag_noise10_lt2 | run_6 | freq=26 | noise=1 | magnitude=100 | lead_time=2 | PID 1292880 | GPU 0
[2026-07-17T19:29:15] Started split_patchtst | split_patchtst_043_half_yearly_medium_mag_noise100_lt1 | run_6 | freq=26 | noise=1 | magnitude=100 | lead_time=1 | PID 1292962 | GPU 5
[2026-07-17T19:29:18] Started split_patchtst | split_patchtst_046_half_yearly_high_mag_noise0_lt1 | run_6 | freq=26 | noise=1 | magnitude=200 | lead_time=1 | PID 1293208 | GPU 5
[2026-07-17T19:29:22] Started split_patchtst | split_patchtst_049_half_yearly_high_mag_noise10_lt1 | run_6 | freq=26 | noise=1 | magnitude=200 | lead_time=1 | PID 1293316 | GPU 0
[2026-07-17T19:29:26] Finished split_patchtst | split_patchtst_082_half_quarterly_low_mag_noise0_lt1 | run_6 | freq=7 | noise=1 | magnitude=50 | lead_time=1
[2026-07-17T19:29:27] Started local_timemixer | local_timemixer_014_yearly_medium_mag_noise10_lt2 | run_6 | freq=52 | noise=1 | magnitude=100 | lead_time=2 | PID 1293446 | GPU 0
[2026-07-17T19:29:35] Started split_timemixer | split_timemixer_098_half_quarterly_medium_mag_noise100_lt2 | run_6 | freq=7 | noise=1 | magnitude=100 | lead_time=2 | PID 1293559 | GPU 2
[2026-07-17T19:29:46] Finished split_patchtst | split_patchtst_083_half_quarterly_low_mag_noise0_lt2 | run_6 | freq=7 | noise=1 | magnitude=50 | lead_time=2
[2026-07-17T19:29:58] Waiting for available CPU/GPU capacity. waiting=111, running=16
[2026-07-17T19:30:03] Started local_timemixer | local_timemixer_092_half_quarterly_medium_mag_noise0_lt2 | run_6 | freq=7 | noise=1 | magnitude=100 | lead_time=2 | PID 1294015 | GPU 6
[2026-07-17T19:30:06] Started split_timemixer | split_timemixer_023_yearly_high_mag_noise10_lt2 | run_6 | freq=52 | noise=1 | magnitude=200 | lead_time=2 | PID 1294036 | GPU 3
[2026-07-17T19:30:18] Finished local_patchtst | local_patchtst_021_yearly_high_mag_noise0_lt3 | run_6 | freq=52 | noise=1 | magnitude=200 | lead_time=3
[2026-07-17T19:30:31] Waiting for available CPU/GPU capacity. waiting=109, running=15
[2026-07-17T19:30:37] Started split_timemixer | split_timemixer_058_quarterly_low_mag_noise10_lt1 | run_6 | freq=13 | noise=1 | magnitude=50 | lead_time=1 | PID 1295059 | GPU 6
[2026-07-17T19:30:41] Started split_timemixer | split_timemixer_061_quarterly_low_mag_noise100_lt1 | run_6 | freq=13 | noise=1 | magnitude=50 | lead_time=1 | PID 1295138 | GPU 5
[2026-07-17T19:30:44] Started split_timemixer | split_timemixer_073_quarterly_high_mag_noise0_lt1 | run_6 | freq=13 | noise=1 | magnitude=200 | lead_time=1 | PID 1295204 | GPU 5
[2026-07-17T19:30:55] Finished split_patchtst | split_patchtst_046_half_yearly_high_mag_noise0_lt1 | run_6 | freq=26 | noise=1 | magnitude=200 | lead_time=1
[2026-07-17T19:31:07] Waiting for available CPU/GPU capacity. waiting=106, running=16
[2026-07-17T19:31:17] Started local_patchtst | local_patchtst_086_half_quarterly_low_mag_noise10_lt2 | run_6 | freq=7 | noise=1 | magnitude=50 | lead_time=2 | PID 1295734 | GPU 1
[2026-07-17T19:31:31] Started local_patchtst | local_patchtst_027_yearly_high_mag_noise100_lt3 | run_6 | freq=52 | noise=1 | magnitude=200 | lead_time=3 | PID 1296262 | GPU 0
[2026-07-17T19:31:40] Finished split_patchtst | split_patchtst_041_half_yearly_medium_mag_noise10_lt2 | run_6 | freq=26 | noise=1 | magnitude=100 | lead_time=2
[2026-07-17T19:31:46] Started local_patchtst | local_patchtst_009_yearly_low_mag_noise100_lt3 | run_6 | freq=52 | noise=1 | magnitude=50 | lead_time=3 | PID 1296528 | GPU 3
[2026-07-17T19:31:55] Finished split_patchtst | split_patchtst_049_half_yearly_high_mag_noise10_lt1 | run_6 | freq=26 | noise=1 | magnitude=200 | lead_time=1
[2026-07-17T19:32:07] Waiting for available CPU/GPU capacity. waiting=103, running=17
[2026-07-17T19:32:12] Started local_timemixer | local_timemixer_099_half_quarterly_medium_mag_noise100_lt3 | run_6 | freq=7 | noise=1 | magnitude=100 | lead_time=3 | PID 1297207 | GPU 0
[2026-07-17T19:32:18] Started local_patchtst | local_patchtst_024_yearly_high_mag_noise10_lt3 | run_6 | freq=52 | noise=1 | magnitude=200 | lead_time=3 | PID 1297325 | GPU 1
[2026-07-17T19:32:22] Started local_patchtst | local_patchtst_030_half_yearly_low_mag_noise0_lt3 | run_6 | freq=26 | noise=1 | magnitude=50 | lead_time=3 | PID 1297559 | GPU 1
[2026-07-17T19:32:30] Finished split_timemixer | split_timemixer_084_half_quarterly_low_mag_noise0_lt3 | run_6 | freq=7 | noise=1 | magnitude=50 | lead_time=3
[2026-07-17T19:32:42] Waiting for available CPU/GPU capacity. waiting=100, running=18
[2026-07-17T19:32:46] Started local_timemixer | local_timemixer_082_half_quarterly_low_mag_noise0_lt1 | run_6 | freq=7 | noise=1 | magnitude=50 | lead_time=1 | PID 1298002 | GPU 4
[2026-07-17T19:33:10] Waiting for available CPU/GPU capacity. waiting=99, running=19
[2026-07-17T19:33:21] Started split_patchtst | split_patchtst_037_half_yearly_medium_mag_noise0_lt1 | run_6 | freq=26 | noise=1 | magnitude=100 | lead_time=1 | PID 1299072 | GPU 3
[2026-07-17T19:33:26] Finished local_patchtst | local_patchtst_086_half_quarterly_low_mag_noise10_lt2 | run_6 | freq=7 | noise=1 | magnitude=50 | lead_time=2
[2026-07-17T19:33:29] Started local_timemixer | local_timemixer_084_half_quarterly_low_mag_noise0_lt3 | run_6 | freq=7 | noise=1 | magnitude=50 | lead_time=3 | PID 1299257 | GPU 1
[2026-07-17T19:33:41] Finished split_timemixer | split_timemixer_037_half_yearly_medium_mag_noise0_lt1 | run_6 | freq=26 | noise=1 | magnitude=100 | lead_time=1
[2026-07-17T19:33:52] Waiting for available CPU/GPU capacity. waiting=97, running=18
[2026-07-17T19:34:13] Started local_patchtst | local_patchtst_069_quarterly_medium_mag_noise10_lt3 | run_6 | freq=13 | noise=1 | magnitude=100 | lead_time=3 | PID 1300018 | GPU 7
[2026-07-17T19:34:16] Started local_patchtst | local_patchtst_070_quarterly_medium_mag_noise100_lt1 | run_6 | freq=13 | noise=1 | magnitude=100 | lead_time=1 | PID 1300056 | GPU 7
[2026-07-17T19:34:19] Started local_patchtst | local_patchtst_072_quarterly_medium_mag_noise100_lt3 | run_6 | freq=13 | noise=1 | magnitude=100 | lead_time=3 | PID 1300171 | GPU 7
[2026-07-17T19:34:27] Finished local_patchtst | local_patchtst_024_yearly_high_mag_noise10_lt3 | run_6 | freq=52 | noise=1 | magnitude=200 | lead_time=3
[2026-07-17T19:34:38] Waiting for available CPU/GPU capacity. waiting=94, running=19
[2026-07-17T19:34:51] Finished local_patchtst | local_patchtst_027_yearly_high_mag_noise100_lt3 | run_6 | freq=52 | noise=1 | magnitude=200 | lead_time=3
[2026-07-17T19:35:02] Waiting for available CPU/GPU capacity. waiting=94, running=18
[2026-07-17T19:35:14] Started split_patchtst | split_patchtst_085_half_quarterly_low_mag_noise10_lt1 | run_6 | freq=7 | noise=1 | magnitude=50 | lead_time=1 | PID 1301639 | GPU 1
[2026-07-17T19:35:28] Waiting for available CPU/GPU capacity. waiting=93, running=19
[2026-07-17T19:35:42] Finished local_patchtst | local_patchtst_009_yearly_low_mag_noise100_lt3 | run_6 | freq=52 | noise=1 | magnitude=50 | lead_time=3
[2026-07-17T19:35:52] Waiting for available CPU/GPU capacity. waiting=93, running=17
[2026-07-17T19:36:02] Started local_patchtst | local_patchtst_099_half_quarterly_medium_mag_noise100_lt3 | run_6 | freq=7 | noise=1 | magnitude=100 | lead_time=3 | PID 1303069 | GPU 0
[2026-07-17T19:36:07] Started split_patchtst | split_patchtst_039_half_yearly_medium_mag_noise0_lt3 | run_6 | freq=26 | noise=1 | magnitude=100 | lead_time=3 | PID 1303106 | GPU 7
[2026-07-17T19:36:11] Finished local_patchtst | local_patchtst_072_quarterly_medium_mag_noise100_lt3 | run_6 | freq=13 | noise=1 | magnitude=100 | lead_time=3
[2026-07-17T19:36:12] Started local_timemixer | local_timemixer_017_yearly_medium_mag_noise100_lt2 | run_6 | freq=52 | noise=1 | magnitude=100 | lead_time=2 | PID 1303136 | GPU 7
[2026-07-17T19:36:15] Started local_timemixer | local_timemixer_018_yearly_medium_mag_noise100_lt3 | run_6 | freq=52 | noise=1 | magnitude=100 | lead_time=3 | PID 1303145 | GPU 7
[2026-07-17T19:36:31] Started local_timemixer | local_timemixer_058_quarterly_low_mag_noise10_lt1 | run_6 | freq=13 | noise=1 | magnitude=50 | lead_time=1 | PID 1303639 | GPU 3
[2026-07-17T19:36:34] Started local_timemixer | local_timemixer_074_quarterly_high_mag_noise0_lt2 | run_6 | freq=13 | noise=1 | magnitude=200 | lead_time=2 | PID 1303688 | GPU 3
[2026-07-17T19:36:45] Finished split_timemixer | split_timemixer_023_yearly_high_mag_noise10_lt2 | run_6 | freq=52 | noise=1 | magnitude=200 | lead_time=2
[2026-07-17T19:36:49] Started split_timemixer | split_timemixer_044_half_yearly_medium_mag_noise100_lt2 | run_6 | freq=26 | noise=1 | magnitude=100 | lead_time=2 | PID 1303985 | GPU 0
[2026-07-17T19:37:08] Waiting for available CPU/GPU capacity. waiting=86, running=18
[2026-07-17T19:37:18] Started split_patchtst | split_patchtst_028_half_yearly_low_mag_noise0_lt1 | run_6 | freq=26 | noise=1 | magnitude=50 | lead_time=1 | PID 1304935 | GPU 2
[2026-07-17T19:37:33] Waiting for available CPU/GPU capacity. waiting=85, running=19
[2026-07-17T19:37:34] Finished split_patchtst | split_patchtst_085_half_quarterly_low_mag_noise10_lt1 | run_6 | freq=7 | noise=1 | magnitude=50 | lead_time=1
[2026-07-17T19:37:44] Waiting for available CPU/GPU capacity. waiting=85, running=17
[2026-07-17T19:37:57] Started local_timemixer | local_timemixer_035_half_yearly_low_mag_noise100_lt2 | run_6 | freq=26 | noise=1 | magnitude=50 | lead_time=2 | PID 1305860 | GPU 2
[2026-07-17T19:38:00] Started local_timemixer | local_timemixer_040_half_yearly_medium_mag_noise10_lt1 | run_6 | freq=26 | noise=1 | magnitude=100 | lead_time=1 | PID 1305871 | GPU 2
[2026-07-17T19:38:04] Started local_timemixer | local_timemixer_046_half_yearly_high_mag_noise0_lt1 | run_6 | freq=26 | noise=1 | magnitude=200 | lead_time=1 | PID 1305883 | GPU 6
[2026-07-17T19:38:07] Started local_timemixer | local_timemixer_048_half_yearly_high_mag_noise0_lt3 | run_6 | freq=26 | noise=1 | magnitude=200 | lead_time=3 | PID 1305929 | GPU 6
[2026-07-17T19:38:19] Finished local_patchtst | local_patchtst_030_half_yearly_low_mag_noise0_lt3 | run_6 | freq=26 | noise=1 | magnitude=50 | lead_time=3
[2026-07-17T19:38:27] Started split_patchtst | split_patchtst_029_half_yearly_low_mag_noise0_lt2 | run_6 | freq=26 | noise=1 | magnitude=50 | lead_time=2 | PID 1306745 | GPU 1
[2026-07-17T19:38:31] Finished local_timemixer | local_timemixer_099_half_quarterly_medium_mag_noise100_lt3 | run_6 | freq=7 | noise=1 | magnitude=100 | lead_time=3
[2026-07-17T19:38:40] Started split_patchtst | split_patchtst_035_half_yearly_low_mag_noise100_lt2 | run_6 | freq=26 | noise=1 | magnitude=50 | lead_time=2 | PID 1307175 | GPU 1
[2026-07-17T19:38:43] Started split_patchtst | split_patchtst_038_half_yearly_medium_mag_noise0_lt2 | run_6 | freq=26 | noise=1 | magnitude=100 | lead_time=2 | PID 1307382 | GPU 1
[2026-07-17T19:38:47] Finished local_timemixer | local_timemixer_084_half_quarterly_low_mag_noise0_lt3 | run_6 | freq=7 | noise=1 | magnitude=50 | lead_time=3
[2026-07-17T19:38:57] Waiting for available CPU/GPU capacity. waiting=78, running=19
[2026-07-17T19:38:58] Finished local_timemixer | local_timemixer_082_half_quarterly_low_mag_noise0_lt1 | run_6 | freq=7 | noise=1 | magnitude=50 | lead_time=1
[2026-07-17T19:39:07] Started split_patchtst | split_patchtst_032_half_yearly_low_mag_noise10_lt2 | run_6 | freq=26 | noise=1 | magnitude=50 | lead_time=2 | PID 1307991 | GPU 5
[2026-07-17T19:39:10] Started split_patchtst | split_patchtst_040_half_yearly_medium_mag_noise10_lt1 | run_6 | freq=26 | noise=1 | magnitude=100 | lead_time=1 | PID 1308014 | GPU 5
[2026-07-17T19:39:14] Finished local_patchtst | local_patchtst_099_half_quarterly_medium_mag_noise100_lt3 | run_6 | freq=7 | noise=1 | magnitude=100 | lead_time=3
[2026-07-17T19:39:15] Started local_timemixer | local_timemixer_021_yearly_high_mag_noise0_lt3 | run_6 | freq=52 | noise=1 | magnitude=200 | lead_time=3 | PID 1308059 | GPU 5
[2026-07-17T19:39:27] Finished split_patchtst | split_patchtst_039_half_yearly_medium_mag_noise0_lt3 | run_6 | freq=26 | noise=1 | magnitude=100 | lead_time=3
[2026-07-17T19:39:30] Started split_timemixer | split_timemixer_057_quarterly_low_mag_noise0_lt3 | run_6 | freq=13 | noise=1 | magnitude=50 | lead_time=3 | PID 1308687 | GPU 0
[2026-07-17T19:39:48] Waiting for available CPU/GPU capacity. waiting=74, running=18
[2026-07-17T19:39:59] Started local_timemixer | local_timemixer_025_yearly_high_mag_noise100_lt1 | run_6 | freq=52 | noise=1 | magnitude=200 | lead_time=1 | PID 1309403 | GPU 4
[2026-07-17T19:40:19] Waiting for available CPU/GPU capacity. waiting=73, running=19
[2026-07-17T19:40:20] Finished split_patchtst | split_patchtst_029_half_yearly_low_mag_noise0_lt2 | run_6 | freq=26 | noise=1 | magnitude=50 | lead_time=2
[2026-07-17T19:40:29] Waiting for available CPU/GPU capacity. waiting=73, running=17
[2026-07-17T19:40:31] Started local_timemixer | local_timemixer_026_yearly_high_mag_noise100_lt2 | run_6 | freq=52 | noise=1 | magnitude=200 | lead_time=2 | PID 1310131 | GPU 1
[2026-07-17T19:40:34] Started local_timemixer | local_timemixer_034_half_yearly_low_mag_noise100_lt1 | run_6 | freq=26 | noise=1 | magnitude=50 | lead_time=1 | PID 1310138 | GPU 1
[2026-07-17T19:40:46] Finished split_patchtst | split_patchtst_038_half_yearly_medium_mag_noise0_lt2 | run_6 | freq=26 | noise=1 | magnitude=100 | lead_time=2
[2026-07-17T19:40:54] Waiting for available CPU/GPU capacity. waiting=71, running=17
[2026-07-17T19:41:33] Finished split_patchtst | split_patchtst_032_half_yearly_low_mag_noise10_lt2 | run_6 | freq=26 | noise=1 | magnitude=50 | lead_time=2
[2026-07-17T19:41:42] Waiting for available CPU/GPU capacity. waiting=71, running=16
[2026-07-17T19:41:43] Finished split_patchtst | split_patchtst_040_half_yearly_medium_mag_noise10_lt1 | run_6 | freq=26 | noise=1 | magnitude=100 | lead_time=1
[2026-07-17T19:41:47] Started local_patchtst | local_patchtst_022_yearly_high_mag_noise10_lt1 | run_6 | freq=52 | noise=1 | magnitude=200 | lead_time=1 | PID 1312075 | GPU 5
[2026-07-17T19:42:03] Waiting for available CPU/GPU capacity. waiting=70, running=16
[2026-07-17T19:42:05] Started local_timemixer | local_timemixer_056_quarterly_low_mag_noise0_lt2 | run_6 | freq=13 | noise=1 | magnitude=50 | lead_time=2 | PID 1312556 | GPU 3
[2026-07-17T19:42:15] Finished local_timemixer | local_timemixer_058_quarterly_low_mag_noise10_lt1 | run_6 | freq=13 | noise=1 | magnitude=50 | lead_time=1
[2026-07-17T19:42:23] Waiting for available CPU/GPU capacity. waiting=69, running=16
[2026-07-17T19:42:41] Started local_patchtst | local_patchtst_034_half_yearly_low_mag_noise100_lt1 | run_6 | freq=26 | noise=1 | magnitude=50 | lead_time=1 | PID 1313568 | GPU 3
[2026-07-17T19:42:48] Finished local_timemixer | local_timemixer_074_quarterly_high_mag_noise0_lt2 | run_6 | freq=13 | noise=1 | magnitude=200 | lead_time=2
[2026-07-17T19:42:56] Started split_patchtst | split_patchtst_080_quarterly_high_mag_noise100_lt2 | run_6 | freq=13 | noise=1 | magnitude=200 | lead_time=2 | PID 1313947 | GPU 5
[2026-07-17T19:43:04] Started split_timemixer | split_timemixer_105_half_quarterly_high_mag_noise10_lt3 | run_6 | freq=7 | noise=1 | magnitude=200 | lead_time=3 | PID 1314466 | GPU 7
[2026-07-17T19:43:07] Started split_timemixer | split_timemixer_107_half_quarterly_high_mag_noise100_lt2 | run_6 | freq=7 | noise=1 | magnitude=200 | lead_time=2 | PID 1314487 | GPU 7
[2026-07-17T19:43:16] Finished local_timemixer | local_timemixer_017_yearly_medium_mag_noise100_lt2 | run_6 | freq=52 | noise=1 | magnitude=100 | lead_time=2
[2026-07-17T19:43:24] Waiting for available CPU/GPU capacity. waiting=65, running=18
[2026-07-17T19:43:34] Finished local_timemixer | local_timemixer_046_half_yearly_high_mag_noise0_lt1 | run_6 | freq=26 | noise=1 | magnitude=200 | lead_time=1
[2026-07-17T19:43:42] Started split_patchtst | split_patchtst_077_quarterly_high_mag_noise10_lt2 | run_6 | freq=13 | noise=1 | magnitude=200 | lead_time=2 | PID 1315767 | GPU 3
[2026-07-17T19:43:53] Started local_patchtst | local_patchtst_092_half_quarterly_medium_mag_noise0_lt2 | run_6 | freq=7 | noise=1 | magnitude=100 | lead_time=2 | PID 1316067 | GPU 6
[2026-07-17T19:43:58] Finished local_timemixer | local_timemixer_040_half_yearly_medium_mag_noise10_lt1 | run_6 | freq=26 | noise=1 | magnitude=100 | lead_time=1
[2026-07-17T19:44:00] Started local_timemixer | local_timemixer_086_half_quarterly_low_mag_noise10_lt2 | run_6 | freq=7 | noise=1 | magnitude=50 | lead_time=2 | PID 1316175 | GPU 6
[2026-07-17T19:44:03] Started local_timemixer | local_timemixer_093_half_quarterly_medium_mag_noise0_lt3 | run_6 | freq=7 | noise=1 | magnitude=100 | lead_time=3 | PID 1316186 | GPU 6
[2026-07-17T19:44:13] Finished local_timemixer | local_timemixer_048_half_yearly_high_mag_noise0_lt3 | run_6 | freq=26 | noise=1 | magnitude=200 | lead_time=3
[2026-07-17T19:44:22] Waiting for available CPU/GPU capacity. waiting=61, running=18
[2026-07-17T19:44:42] Finished local_timemixer | local_timemixer_035_half_yearly_low_mag_noise100_lt2 | run_6 | freq=26 | noise=1 | magnitude=50 | lead_time=2
[2026-07-17T19:44:46] Started local_patchtst | local_patchtst_001_yearly_low_mag_noise0_lt1 | run_6 | freq=52 | noise=1 | magnitude=50 | lead_time=1 | PID 1317276 | GPU 2
[2026-07-17T19:45:02] Waiting for available CPU/GPU capacity. waiting=60, running=18
[2026-07-17T19:45:03] Finished local_timemixer | local_timemixer_021_yearly_high_mag_noise0_lt3 | run_6 | freq=52 | noise=1 | magnitude=200 | lead_time=3
[2026-07-17T19:45:05] Started split_timemixer | split_timemixer_010_yearly_medium_mag_noise0_lt1 | run_6 | freq=52 | noise=1 | magnitude=100 | lead_time=1 | PID 1317687 | GPU 5
[2026-07-17T19:45:08] Started split_timemixer | split_timemixer_011_yearly_medium_mag_noise0_lt2 | run_6 | freq=52 | noise=1 | magnitude=100 | lead_time=2 | PID 1317694 | GPU 5
[2026-07-17T19:45:18] Finished split_patchtst | split_patchtst_080_quarterly_high_mag_noise100_lt2 | run_6 | freq=13 | noise=1 | magnitude=200 | lead_time=2
[2026-07-17T19:45:26] Waiting for available CPU/GPU capacity. waiting=58, running=18
[2026-07-17T19:46:13] Finished local_timemixer | local_timemixer_025_yearly_high_mag_noise100_lt1 | run_6 | freq=52 | noise=1 | magnitude=200 | lead_time=1
[2026-07-17T19:46:21] Waiting for available CPU/GPU capacity. waiting=58, running=17
[2026-07-17T19:46:50] Finished local_patchtst | local_patchtst_034_half_yearly_low_mag_noise100_lt1 | run_6 | freq=26 | noise=1 | magnitude=50 | lead_time=1
[2026-07-17T19:46:58] Waiting for available CPU/GPU capacity. waiting=58, running=16
[2026-07-17T19:47:17] Finished local_patchtst | local_patchtst_092_half_quarterly_medium_mag_noise0_lt2 | run_6 | freq=7 | noise=1 | magnitude=100 | lead_time=2
[2026-07-17T19:47:26] Waiting for available CPU/GPU capacity. waiting=58, running=15
[2026-07-17T19:47:45] Finished local_patchtst | local_patchtst_001_yearly_low_mag_noise0_lt1 | run_6 | freq=52 | noise=1 | magnitude=50 | lead_time=1
[2026-07-17T19:47:53] Waiting for available CPU/GPU capacity. waiting=58, running=14
[2026-07-17T19:47:54] Finished local_timemixer | local_timemixer_034_half_yearly_low_mag_noise100_lt1 | run_6 | freq=26 | noise=1 | magnitude=50 | lead_time=1
[2026-07-17T19:47:57] Started split_timemixer | split_timemixer_092_half_quarterly_medium_mag_noise0_lt2 | run_6 | freq=7 | noise=1 | magnitude=100 | lead_time=2 | PID 1321674 | GPU 4
[2026-07-17T19:48:05] Finished split_patchtst | split_patchtst_077_quarterly_high_mag_noise10_lt2 | run_6 | freq=13 | noise=1 | magnitude=200 | lead_time=2
[2026-07-17T19:48:13] Waiting for available CPU/GPU capacity. waiting=57, running=13
[2026-07-17T19:48:32] Finished local_timemixer | local_timemixer_026_yearly_high_mag_noise100_lt2 | run_6 | freq=52 | noise=1 | magnitude=200 | lead_time=2
[2026-07-17T19:48:40] Waiting for available CPU/GPU capacity. waiting=57, running=12
[2026-07-17T19:49:17] Finished split_timemixer | split_timemixer_044_half_yearly_medium_mag_noise100_lt2 | run_6 | freq=26 | noise=1 | magnitude=100 | lead_time=2
[2026-07-17T19:49:25] Waiting for available CPU/GPU capacity. waiting=57, running=11
[2026-07-17T19:49:26] Finished local_timemixer | local_timemixer_056_quarterly_low_mag_noise0_lt2 | run_6 | freq=13 | noise=1 | magnitude=50 | lead_time=2
[2026-07-17T19:49:34] Waiting for available CPU/GPU capacity. waiting=57, running=10
[2026-07-17T19:49:35] Finished local_patchtst | local_patchtst_022_yearly_high_mag_noise10_lt1 | run_6 | freq=52 | noise=1 | magnitude=200 | lead_time=1
[2026-07-17T19:49:43] Waiting for available CPU/GPU capacity. waiting=57, running=9
[2026-07-17T19:50:02] Started local_timemixer | local_timemixer_049_half_yearly_high_mag_noise10_lt1 | run_6 | freq=26 | noise=1 | magnitude=200 | lead_time=1 | PID 1324784 | GPU 3
[2026-07-17T19:50:14] Started split_timemixer | split_timemixer_025_yearly_high_mag_noise100_lt1 | run_6 | freq=52 | noise=1 | magnitude=200 | lead_time=1 | PID 1324948 | GPU 1
[2026-07-17T19:50:18] Started split_timemixer | split_timemixer_053_half_yearly_high_mag_noise100_lt2 | run_6 | freq=26 | noise=1 | magnitude=200 | lead_time=2 | PID 1324971 | GPU 1
[2026-07-17T19:50:35] Waiting for available CPU/GPU capacity. waiting=54, running=12
[2026-07-17T19:50:36] Finished local_timemixer | local_timemixer_086_half_quarterly_low_mag_noise10_lt2 | run_6 | freq=7 | noise=1 | magnitude=50 | lead_time=2
[2026-07-17T19:50:42] Started split_patchtst | split_patchtst_063_quarterly_low_mag_noise100_lt3 | run_6 | freq=13 | noise=1 | magnitude=50 | lead_time=3 | PID 1325464 | GPU 2
[2026-07-17T19:50:46] Started split_patchtst | split_patchtst_065_quarterly_medium_mag_noise0_lt2 | run_6 | freq=13 | noise=1 | magnitude=100 | lead_time=2 | PID 1325472 | GPU 6
[2026-07-17T19:50:49] Started split_patchtst | split_patchtst_070_quarterly_medium_mag_noise100_lt1 | run_6 | freq=13 | noise=1 | magnitude=100 | lead_time=1 | PID 1325521 | GPU 6
[2026-07-17T19:50:53] Started split_patchtst | split_patchtst_071_quarterly_medium_mag_noise100_lt2 | run_6 | freq=13 | noise=1 | magnitude=100 | lead_time=2 | PID 1325549 | GPU 6
[2026-07-17T19:50:56] Finished local_timemixer | local_timemixer_093_half_quarterly_medium_mag_noise0_lt3 | run_6 | freq=7 | noise=1 | magnitude=100 | lead_time=3
[2026-07-17T19:51:03] Waiting for available CPU/GPU capacity. waiting=50, running=14
[2026-07-17T19:52:44] Started local_timemixer | local_timemixer_052_half_yearly_high_mag_noise100_lt1 | run_6 | freq=26 | noise=1 | magnitude=200 | lead_time=1 | PID 1328265 | GPU 6
[2026-07-17T19:52:53] Finished split_patchtst | split_patchtst_071_quarterly_medium_mag_noise100_lt2 | run_6 | freq=13 | noise=1 | magnitude=100 | lead_time=2
[2026-07-17T19:53:00] Waiting for available CPU/GPU capacity. waiting=49, running=11
[2026-07-17T19:53:02] Started local_timemixer | local_timemixer_054_half_yearly_high_mag_noise100_lt3 | run_6 | freq=26 | noise=1 | magnitude=200 | lead_time=3 | PID 1328540 | GPU 7
[2026-07-17T19:53:06] Started local_timemixer | local_timemixer_075_quarterly_high_mag_noise0_lt3 | run_6 | freq=13 | noise=1 | magnitude=200 | lead_time=3 | PID 1328551 | GPU 7
[2026-07-17T19:53:10] Started split_timemixer | split_timemixer_024_yearly_high_mag_noise10_lt3 | run_6 | freq=52 | noise=1 | magnitude=200 | lead_time=3 | PID 1328659 | GPU 7
[2026-07-17T19:53:18] Finished split_timemixer | split_timemixer_105_half_quarterly_high_mag_noise10_lt3 | run_6 | freq=7 | noise=1 | magnitude=200 | lead_time=3
[2026-07-17T19:53:25] Waiting for available CPU/GPU capacity. waiting=46, running=13
[2026-07-17T19:53:40] Started split_patchtst | split_patchtst_093_half_quarterly_medium_mag_noise0_lt3 | run_6 | freq=7 | noise=1 | magnitude=100 | lead_time=3 | PID 1329452 | GPU 6
[2026-07-17T19:53:44] Finished split_patchtst | split_patchtst_063_quarterly_low_mag_noise100_lt3 | run_6 | freq=13 | noise=1 | magnitude=50 | lead_time=3
[2026-07-17T19:53:50] Waiting for available CPU/GPU capacity. waiting=45, running=12
[2026-07-17T19:54:01] Started local_patchtst | local_patchtst_042_half_yearly_medium_mag_noise10_lt3 | run_6 | freq=26 | noise=1 | magnitude=100 | lead_time=3 | PID 1329856 | GPU 2
[2026-07-17T19:54:05] Started local_patchtst | local_patchtst_044_half_yearly_medium_mag_noise100_lt2 | run_6 | freq=26 | noise=1 | magnitude=100 | lead_time=2 | PID 1329884 | GPU 0
[2026-07-17T19:54:08] Started local_patchtst | local_patchtst_045_half_yearly_medium_mag_noise100_lt3 | run_6 | freq=26 | noise=1 | magnitude=100 | lead_time=3 | PID 1329961 | GPU 0
[2026-07-17T19:54:13] Started local_patchtst | local_patchtst_047_half_yearly_high_mag_noise0_lt2 | run_6 | freq=26 | noise=1 | magnitude=200 | lead_time=2 | PID 1330122 | GPU 2
[2026-07-17T19:54:17] Started local_patchtst | local_patchtst_049_half_yearly_high_mag_noise10_lt1 | run_6 | freq=26 | noise=1 | magnitude=200 | lead_time=1 | PID 1330140 | GPU 2
[2026-07-17T19:54:28] Waiting for available CPU/GPU capacity. waiting=40, running=17
[2026-07-17T19:54:31] Started split_timemixer | split_timemixer_104_half_quarterly_high_mag_noise10_lt2 | run_6 | freq=7 | noise=1 | magnitude=200 | lead_time=2 | PID 1330322 | GPU 3
[2026-07-17T19:54:37] Started split_patchtst | split_patchtst_013_yearly_medium_mag_noise10_lt1 | run_6 | freq=52 | noise=1 | magnitude=100 | lead_time=1 | PID 1330860 | GPU 3
[2026-07-17T19:54:41] Started split_patchtst | split_patchtst_014_yearly_medium_mag_noise10_lt2 | run_6 | freq=52 | noise=1 | magnitude=100 | lead_time=2 | PID 1330977 | GPU 5
[2026-07-17T19:54:44] Started split_patchtst | split_patchtst_020_yearly_high_mag_noise0_lt2 | run_6 | freq=52 | noise=1 | magnitude=200 | lead_time=2 | PID 1330984 | GPU 5
[2026-07-17T19:54:48] Finished split_timemixer | split_timemixer_010_yearly_medium_mag_noise0_lt1 | run_6 | freq=52 | noise=1 | magnitude=100 | lead_time=1
[2026-07-17T19:54:49] Started local_timemixer | local_timemixer_053_half_yearly_high_mag_noise100_lt2 | run_6 | freq=26 | noise=1 | magnitude=200 | lead_time=2 | PID 1331060 | GPU 5
[2026-07-17T19:55:02] Waiting for available CPU/GPU capacity. waiting=35, running=21
[2026-07-17T19:55:08] Started split_patchtst | split_patchtst_107_half_quarterly_high_mag_noise100_lt2 | run_6 | freq=7 | noise=1 | magnitude=200 | lead_time=2 | PID 1331767 | GPU 6
[2026-07-17T19:55:14] Started local_patchtst | local_patchtst_013_yearly_medium_mag_noise10_lt1 | run_6 | freq=52 | noise=1 | magnitude=100 | lead_time=1 | PID 1331882 | GPU 0
[2026-07-17T19:55:25] Waiting for available CPU/GPU capacity. waiting=33, running=23
[2026-07-17T19:55:44] Finished split_patchtst | split_patchtst_093_half_quarterly_medium_mag_noise0_lt3 | run_6 | freq=7 | noise=1 | magnitude=100 | lead_time=3
[2026-07-17T19:55:49] Waiting for available CPU/GPU capacity. waiting=33, running=22
[2026-07-17T19:56:14] Finished local_patchtst | local_patchtst_044_half_yearly_medium_mag_noise100_lt2 | run_6 | freq=26 | noise=1 | magnitude=100 | lead_time=2
[2026-07-17T19:56:19] Waiting for available CPU/GPU capacity. waiting=33, running=20
[2026-07-17T19:56:20] Finished local_patchtst | local_patchtst_045_half_yearly_medium_mag_noise100_lt3 | run_6 | freq=26 | noise=1 | magnitude=100 | lead_time=3
[2026-07-17T19:56:25] Waiting for available CPU/GPU capacity. waiting=33, running=18
[2026-07-17T19:56:33] Started local_timemixer | local_timemixer_080_quarterly_high_mag_noise100_lt2 | run_6 | freq=13 | noise=1 | magnitude=200 | lead_time=2 | PID 1333563 | GPU 0
[2026-07-17T19:56:37] Started split_timemixer | split_timemixer_093_half_quarterly_medium_mag_noise0_lt3 | run_6 | freq=7 | noise=1 | magnitude=100 | lead_time=3 | PID 1333764 | GPU 6
[2026-07-17T19:56:40] Started split_timemixer | split_timemixer_096_half_quarterly_medium_mag_noise10_lt3 | run_6 | freq=7 | noise=1 | magnitude=100 | lead_time=3 | PID 1333772 | GPU 6
[2026-07-17T19:56:46] Finished local_timemixer | local_timemixer_052_half_yearly_high_mag_noise100_lt1 | run_6 | freq=26 | noise=1 | magnitude=200 | lead_time=1
[2026-07-17T19:56:51] Waiting for available CPU/GPU capacity. waiting=30, running=20
[2026-07-17T19:56:52] Finished local_timemixer | local_timemixer_049_half_yearly_high_mag_noise10_lt1 | run_6 | freq=26 | noise=1 | magnitude=200 | lead_time=1
[2026-07-17T19:56:54] Started split_timemixer | split_timemixer_082_half_quarterly_low_mag_noise0_lt1 | run_6 | freq=7 | noise=1 | magnitude=50 | lead_time=1 | PID 1333908 | GPU 2
[2026-07-17T19:56:57] Started split_timemixer | split_timemixer_085_half_quarterly_low_mag_noise10_lt1 | run_6 | freq=7 | noise=1 | magnitude=50 | lead_time=1 | PID 1333915 | GPU 2
[2026-07-17T19:57:03] Finished local_patchtst | local_patchtst_049_half_yearly_high_mag_noise10_lt1 | run_6 | freq=26 | noise=1 | magnitude=200 | lead_time=1
[2026-07-17T19:57:07] Waiting for available CPU/GPU capacity. waiting=28, running=19
[2026-07-17T19:57:30] Finished split_patchtst | split_patchtst_107_half_quarterly_high_mag_noise100_lt2 | run_6 | freq=7 | noise=1 | magnitude=200 | lead_time=2
[2026-07-17T19:57:34] Waiting for available CPU/GPU capacity. waiting=28, running=18
[2026-07-17T19:57:49] Started local_patchtst | local_patchtst_091_half_quarterly_medium_mag_noise0_lt1 | run_6 | freq=7 | noise=1 | magnitude=100 | lead_time=1 | PID 1335191 | GPU 5
[2026-07-17T19:57:53] Finished split_patchtst | split_patchtst_020_yearly_high_mag_noise0_lt2 | run_6 | freq=52 | noise=1 | magnitude=200 | lead_time=2
[2026-07-17T19:57:57] Waiting for available CPU/GPU capacity. waiting=27, running=17
[2026-07-17T19:58:02] Started split_patchtst | split_patchtst_012_yearly_medium_mag_noise0_lt3 | run_6 | freq=52 | noise=1 | magnitude=100 | lead_time=3 | PID 1335335 | GPU 5
[2026-07-17T19:58:10] Waiting for available CPU/GPU capacity. waiting=26, running=18
[2026-07-17T19:58:11] Finished split_timemixer | split_timemixer_092_half_quarterly_medium_mag_noise0_lt2 | run_6 | freq=7 | noise=1 | magnitude=100 | lead_time=2
[2026-07-17T19:58:15] Waiting for available CPU/GPU capacity. waiting=26, running=17
[2026-07-17T19:59:11] Finished local_patchtst | local_patchtst_013_yearly_medium_mag_noise10_lt1 | run_6 | freq=52 | noise=1 | magnitude=100 | lead_time=1
[2026-07-17T19:59:15] Waiting for available CPU/GPU capacity. waiting=26, running=16
[2026-07-17T19:59:22] Finished split_patchtst | split_patchtst_013_yearly_medium_mag_noise10_lt1 | run_6 | freq=52 | noise=1 | magnitude=100 | lead_time=1
[2026-07-17T19:59:26] Waiting for available CPU/GPU capacity. waiting=26, running=15
[2026-07-17T19:59:50] Started split_patchtst | split_patchtst_005_yearly_low_mag_noise10_lt2 | run_6 | freq=52 | noise=1 | magnitude=50 | lead_time=2 | PID 1337580 | GPU 4
[2026-07-17T19:59:58] Waiting for available CPU/GPU capacity. waiting=25, running=16
[2026-07-17T20:00:04] Started local_timemixer | local_timemixer_106_half_quarterly_high_mag_noise100_lt1 | run_6 | freq=7 | noise=1 | magnitude=200 | lead_time=1 | PID 1338424 | GPU 4
[2026-07-17T20:00:08] Started split_timemixer | split_timemixer_026_yearly_high_mag_noise100_lt2 | run_6 | freq=52 | noise=1 | magnitude=200 | lead_time=2 | PID 1338505 | GPU 4
[2026-07-17T20:00:14] Finished split_timemixer | split_timemixer_036_half_yearly_low_mag_noise100_lt3 | run_6 | freq=26 | noise=1 | magnitude=50 | lead_time=3
[2026-07-17T20:00:18] Waiting for available CPU/GPU capacity. waiting=23, running=17
[2026-07-17T20:00:19] Finished split_patchtst | split_patchtst_012_yearly_medium_mag_noise0_lt3 | run_6 | freq=52 | noise=1 | magnitude=100 | lead_time=3
[2026-07-17T20:00:22] Waiting for available CPU/GPU capacity. waiting=23, running=16
[2026-07-17T20:00:51] Finished local_patchtst | local_patchtst_091_half_quarterly_medium_mag_noise0_lt1 | run_6 | freq=7 | noise=1 | magnitude=100 | lead_time=1
[2026-07-17T20:00:54] Started local_patchtst | local_patchtst_093_half_quarterly_medium_mag_noise0_lt3 | run_6 | freq=7 | noise=1 | magnitude=100 | lead_time=3 | PID 1339408 | GPU 5
[2026-07-17T20:00:57] Started local_patchtst | local_patchtst_094_half_quarterly_medium_mag_noise10_lt1 | run_6 | freq=7 | noise=1 | magnitude=100 | lead_time=1 | PID 1339418 | GPU 5
[2026-07-17T20:01:01] Started local_patchtst | local_patchtst_106_half_quarterly_high_mag_noise100_lt1 | run_6 | freq=7 | noise=1 | magnitude=200 | lead_time=1 | PID 1339430 | GPU 5
[2026-07-17T20:01:04] Finished local_timemixer | local_timemixer_053_half_yearly_high_mag_noise100_lt2 | run_6 | freq=26 | noise=1 | magnitude=200 | lead_time=2
[2026-07-17T20:01:08] Waiting for available CPU/GPU capacity. waiting=20, running=17
[2026-07-17T20:02:15] Started local_patchtst | local_patchtst_023_yearly_high_mag_noise10_lt2 | run_6 | freq=52 | noise=1 | magnitude=200 | lead_time=2 | PID 1340883 | GPU 5
[2026-07-17T20:02:22] Waiting for available CPU/GPU capacity. waiting=19, running=18
[2026-07-17T20:02:57] Finished local_patchtst | local_patchtst_093_half_quarterly_medium_mag_noise0_lt3 | run_6 | freq=7 | noise=1 | magnitude=100 | lead_time=3
[2026-07-17T20:02:58] Started split_timemixer | split_timemixer_090_half_quarterly_low_mag_noise100_lt3 | run_6 | freq=7 | noise=1 | magnitude=50 | lead_time=3 | PID 1341989 | GPU 5
[2026-07-17T20:03:03] Finished local_patchtst | local_patchtst_106_half_quarterly_high_mag_noise100_lt1 | run_6 | freq=7 | noise=1 | magnitude=200 | lead_time=1
[2026-07-17T20:03:04] Started local_timemixer | local_timemixer_078_quarterly_high_mag_noise10_lt3 | run_6 | freq=13 | noise=1 | magnitude=200 | lead_time=3 | PID 1342031 | GPU 5
[2026-07-17T20:03:12] Waiting for available CPU/GPU capacity. waiting=17, running=16
[2026-07-17T20:03:17] Finished split_patchtst | split_patchtst_005_yearly_low_mag_noise10_lt2 | run_6 | freq=52 | noise=1 | magnitude=50 | lead_time=2
[2026-07-17T20:03:20] Waiting for available CPU/GPU capacity. waiting=17, running=15
[2026-07-17T20:03:25] Finished local_timemixer | local_timemixer_054_half_yearly_high_mag_noise100_lt3 | run_6 | freq=26 | noise=1 | magnitude=200 | lead_time=3
[2026-07-17T20:03:28] Waiting for available CPU/GPU capacity. waiting=17, running=14
[2026-07-17T20:03:41] Finished local_timemixer | local_timemixer_075_quarterly_high_mag_noise0_lt3 | run_6 | freq=13 | noise=1 | magnitude=200 | lead_time=3
[2026-07-17T20:03:43] Waiting for available CPU/GPU capacity. waiting=17, running=13
[2026-07-17T20:03:50] Started local_patchtst | local_patchtst_067_quarterly_medium_mag_noise10_lt1 | run_6 | freq=13 | noise=1 | magnitude=100 | lead_time=1 | PID 1342906 | GPU 7
[2026-07-17T20:03:57] Waiting for available CPU/GPU capacity. waiting=16, running=14
[2026-07-17T20:04:29] Started split_timemixer | split_timemixer_099_half_quarterly_medium_mag_noise100_lt3 | run_6 | freq=7 | noise=1 | magnitude=100 | lead_time=3 | PID 1343534 | GPU 0
[2026-07-17T20:04:32] Started local_patchtst | local_patchtst_008_yearly_low_mag_noise100_lt2 | run_6 | freq=52 | noise=1 | magnitude=50 | lead_time=2 | PID 1343541 | GPU 0
[2026-07-17T20:04:37] Finished local_timemixer | local_timemixer_080_quarterly_high_mag_noise100_lt2 | run_6 | freq=13 | noise=1 | magnitude=200 | lead_time=2
[2026-07-17T20:04:39] Waiting for available CPU/GPU capacity. waiting=14, running=15
[2026-07-17T20:05:15] Finished split_timemixer | split_timemixer_053_half_yearly_high_mag_noise100_lt2 | run_6 | freq=26 | noise=1 | magnitude=200 | lead_time=2
[2026-07-17T20:05:18] Waiting for available CPU/GPU capacity. waiting=14, running=14
[2026-07-17T20:05:20] Started split_timemixer | split_timemixer_030_half_yearly_low_mag_noise0_lt3 | run_6 | freq=26 | noise=1 | magnitude=50 | lead_time=3 | PID 1344674 | GPU 1
[2026-07-17T20:05:23] Started split_timemixer | split_timemixer_042_half_yearly_medium_mag_noise10_lt3 | run_6 | freq=26 | noise=1 | magnitude=100 | lead_time=3 | PID 1344681 | GPU 1
[2026-07-17T20:05:30] Waiting for available CPU/GPU capacity. waiting=12, running=16
[2026-07-17T20:05:31] Finished local_patchtst | local_patchtst_023_yearly_high_mag_noise10_lt2 | run_6 | freq=52 | noise=1 | magnitude=200 | lead_time=2
[2026-07-17T20:05:33] Waiting for available CPU/GPU capacity. waiting=12, running=15
[2026-07-17T20:06:36] Finished local_patchtst | local_patchtst_067_quarterly_medium_mag_noise10_lt1 | run_6 | freq=13 | noise=1 | magnitude=100 | lead_time=1
[2026-07-17T20:06:37] Started local_patchtst | local_patchtst_066_quarterly_medium_mag_noise0_lt3 | run_6 | freq=13 | noise=1 | magnitude=100 | lead_time=3 | PID 1346003 | GPU 4
[2026-07-17T20:06:41] Finished local_timemixer | local_timemixer_106_half_quarterly_high_mag_noise100_lt1 | run_6 | freq=7 | noise=1 | magnitude=200 | lead_time=1
[2026-07-17T20:06:43] Waiting for available CPU/GPU capacity. waiting=11, running=14
[2026-07-17T20:06:45] Finished split_timemixer | split_timemixer_093_half_quarterly_medium_mag_noise0_lt3 | run_6 | freq=7 | noise=1 | magnitude=100 | lead_time=3
[2026-07-17T20:06:45] Started split_timemixer | split_timemixer_051_half_yearly_high_mag_noise10_lt3 | run_6 | freq=26 | noise=1 | magnitude=200 | lead_time=3 | PID 1346329 | GPU 6
[2026-07-17T20:06:49] Started local_patchtst | local_patchtst_032_half_yearly_low_mag_noise10_lt2 | run_6 | freq=26 | noise=1 | magnitude=50 | lead_time=2 | PID 1346354 | GPU 6
[2026-07-17T20:06:53] Finished split_timemixer | split_timemixer_096_half_quarterly_medium_mag_noise10_lt3 | run_6 | freq=7 | noise=1 | magnitude=100 | lead_time=3
[2026-07-17T20:06:54] Started local_patchtst | local_patchtst_073_quarterly_high_mag_noise0_lt1 | run_6 | freq=13 | noise=1 | magnitude=200 | lead_time=1 | PID 1346384 | GPU 3
[2026-07-17T20:07:00] Waiting for available CPU/GPU capacity. waiting=8, running=15
[2026-07-17T20:07:01] Finished split_timemixer | split_timemixer_104_half_quarterly_high_mag_noise10_lt2 | run_6 | freq=7 | noise=1 | magnitude=200 | lead_time=2
[2026-07-17T20:07:02] Waiting for available CPU/GPU capacity. waiting=8, running=14
[2026-07-17T20:07:24] Started split_patchtst | split_patchtst_004_yearly_low_mag_noise10_lt1 | run_6 | freq=52 | noise=1 | magnitude=50 | lead_time=1 | PID 1346687 | GPU 6
[2026-07-17T20:07:29] Waiting for available CPU/GPU capacity. waiting=7, running=15
[2026-07-17T20:07:49] Started local_patchtst | local_patchtst_074_quarterly_high_mag_noise0_lt2 | run_6 | freq=13 | noise=1 | magnitude=200 | lead_time=2 | PID 1347470 | GPU 4
[2026-07-17T20:07:55] Waiting for available CPU/GPU capacity. waiting=6, running=16
[2026-07-17T20:08:04] Started split_patchtst | split_patchtst_011_yearly_medium_mag_noise0_lt2 | run_6 | freq=52 | noise=1 | magnitude=100 | lead_time=2 | PID 1347625 | GPU 7
[2026-07-17T20:08:09] Waiting for available CPU/GPU capacity. waiting=5, running=17
[2026-07-17T20:09:03] Finished split_timemixer | split_timemixer_026_yearly_high_mag_noise100_lt2 | run_6 | freq=52 | noise=1 | magnitude=200 | lead_time=2
[2026-07-17T20:09:04] Waiting for available CPU/GPU capacity. waiting=5, running=16
[2026-07-17T20:09:12] Finished local_patchtst | local_patchtst_008_yearly_low_mag_noise100_lt2 | run_6 | freq=52 | noise=1 | magnitude=50 | lead_time=2
[2026-07-17T20:09:13] Waiting for available CPU/GPU capacity. waiting=5, running=15
[2026-07-17T20:09:18] Started local_patchtst | local_patchtst_077_quarterly_high_mag_noise10_lt2 | run_6 | freq=13 | noise=1 | magnitude=200 | lead_time=2 | PID 1348752 | GPU 4
[2026-07-17T20:09:21] Started local_patchtst | local_patchtst_085_half_quarterly_low_mag_noise10_lt1 | run_6 | freq=7 | noise=1 | magnitude=50 | lead_time=1 | PID 1348759 | GPU 4
[2026-07-17T20:09:25] Finished local_patchtst | local_patchtst_066_quarterly_medium_mag_noise0_lt3 | run_6 | freq=13 | noise=1 | magnitude=100 | lead_time=3
[2026-07-17T20:09:26] Waiting for available CPU/GPU capacity. waiting=3, running=16
[2026-07-17T20:09:45] Started split_patchtst | split_patchtst_007_yearly_low_mag_noise100_lt1 | run_6 | freq=52 | noise=1 | magnitude=50 | lead_time=1 | PID 1349047 | GPU 3
[2026-07-17T20:09:48] Started split_patchtst | split_patchtst_027_yearly_high_mag_noise100_lt3 | run_6 | freq=52 | noise=1 | magnitude=200 | lead_time=3 | PID 1349054 | GPU 3
[2026-07-17T20:09:51] Finished local_patchtst | local_patchtst_073_quarterly_high_mag_noise0_lt1 | run_6 | freq=13 | noise=1 | magnitude=200 | lead_time=1
[2026-07-17T20:09:52] Waiting for available CPU/GPU capacity. waiting=1, running=17
[2026-07-17T20:09:55] Finished local_patchtst | local_patchtst_074_quarterly_high_mag_noise0_lt2 | run_6 | freq=13 | noise=1 | magnitude=200 | lead_time=2
[2026-07-17T20:09:56] Waiting for available CPU/GPU capacity. waiting=1, running=15
[2026-07-17T20:10:20] Started split_patchtst | split_patchtst_078_quarterly_high_mag_noise10_lt3 | run_6 | freq=13 | noise=1 | magnitude=200 | lead_time=3 | PID 1349544 | GPU 4
[2026-07-17T20:10:24] No pending jobs left. Waiting for 16 active process(es) to exit.
[2026-07-17T20:10:27] Finished split_patchtst | split_patchtst_004_yearly_low_mag_noise10_lt1 | run_6 | freq=52 | noise=1 | magnitude=50 | lead_time=1
[2026-07-17T20:10:28] No pending jobs left. Waiting for 15 active process(es) to exit.
[2026-07-17T20:10:48] Finished split_patchtst | split_patchtst_011_yearly_medium_mag_noise0_lt2 | run_6 | freq=52 | noise=1 | magnitude=100 | lead_time=2
[2026-07-17T20:10:49] No pending jobs left. Waiting for 14 active process(es) to exit.
[2026-07-17T20:10:50] Finished local_timemixer | local_timemixer_078_quarterly_high_mag_noise10_lt3 | run_6 | freq=13 | noise=1 | magnitude=200 | lead_time=3
[2026-07-17T20:10:51] No pending jobs left. Waiting for 13 active process(es) to exit.
[2026-07-17T20:10:57] Finished local_patchtst | local_patchtst_077_quarterly_high_mag_noise10_lt2 | run_6 | freq=13 | noise=1 | magnitude=200 | lead_time=2
[2026-07-17T20:10:58] No pending jobs left. Waiting for 12 active process(es) to exit.
[2026-07-17T20:11:02] Finished local_patchtst | local_patchtst_085_half_quarterly_low_mag_noise10_lt1 | run_6 | freq=7 | noise=1 | magnitude=50 | lead_time=1
[2026-07-17T20:11:03] No pending jobs left. Waiting for 11 active process(es) to exit.
[2026-07-17T20:11:29] Finished split_timemixer | split_timemixer_082_half_quarterly_low_mag_noise0_lt1 | run_6 | freq=7 | noise=1 | magnitude=50 | lead_time=1
[2026-07-17T20:11:29] No pending jobs left. Waiting for 10 active process(es) to exit.
[2026-07-17T20:11:37] Finished split_timemixer | split_timemixer_090_half_quarterly_low_mag_noise100_lt3 | run_6 | freq=7 | noise=1 | magnitude=50 | lead_time=3
[2026-07-17T20:11:38] No pending jobs left. Waiting for 9 active process(es) to exit.
[2026-07-17T20:11:46] Finished split_patchtst | split_patchtst_078_quarterly_high_mag_noise10_lt3 | run_6 | freq=13 | noise=1 | magnitude=200 | lead_time=3
[2026-07-17T20:11:47] No pending jobs left. Waiting for 8 active process(es) to exit.
[2026-07-17T20:11:48] Finished split_timemixer | split_timemixer_085_half_quarterly_low_mag_noise10_lt1 | run_6 | freq=7 | noise=1 | magnitude=50 | lead_time=1
[2026-07-17T20:11:49] No pending jobs left. Waiting for 7 active process(es) to exit.
[2026-07-17T20:12:55] Finished split_timemixer | split_timemixer_051_half_yearly_high_mag_noise10_lt3 | run_6 | freq=26 | noise=1 | magnitude=200 | lead_time=3
[2026-07-17T20:12:56] No pending jobs left. Waiting for 6 active process(es) to exit.
[2026-07-17T20:13:02] Finished split_patchtst | split_patchtst_007_yearly_low_mag_noise100_lt1 | run_6 | freq=52 | noise=1 | magnitude=50 | lead_time=1
[2026-07-17T20:13:03] No pending jobs left. Waiting for 5 active process(es) to exit.
[2026-07-17T20:13:07] Finished split_patchtst | split_patchtst_027_yearly_high_mag_noise100_lt3 | run_6 | freq=52 | noise=1 | magnitude=200 | lead_time=3
[2026-07-17T20:13:08] No pending jobs left. Waiting for 4 active process(es) to exit.
[2026-07-17T20:13:25] Finished split_timemixer | split_timemixer_024_yearly_high_mag_noise10_lt3 | run_6 | freq=52 | noise=1 | magnitude=200 | lead_time=3
[2026-07-17T20:13:26] No pending jobs left. Waiting for 3 active process(es) to exit.
[2026-07-17T20:16:33] Finished split_timemixer | split_timemixer_099_half_quarterly_medium_mag_noise100_lt3 | run_6 | freq=7 | noise=1 | magnitude=100 | lead_time=3
[2026-07-17T20:16:33] No pending jobs left. Waiting for 2 active process(es) to exit.
[2026-07-17T20:22:04] Finished split_timemixer | split_timemixer_030_half_yearly_low_mag_noise0_lt3 | run_6 | freq=26 | noise=1 | magnitude=50 | lead_time=3
[2026-07-17T20:22:04] No pending jobs left. Waiting for 1 active process(es) to exit.
[2026-07-17T20:22:29] Finished split_timemixer | split_timemixer_042_half_yearly_medium_mag_noise10_lt3 | run_6 | freq=26 | noise=1 | magnitude=100 | lead_time=3
[2026-07-17T20:22:29] No pending jobs left. Waiting for 0 active process(es) to exit.
[2026-07-17T20:22:31] All jobs finished.
