demand,Demand_Retailer_0,Demand_Retailer_1,Demand_Retailer_2,Demand_Retailer_3,Demand_Retailer_4,Demand_Retailer_5
1103.0,257.0,276.0,259.0,105.0,106.0,100.0
940.0,221.0,236.0,226.0,89.0,87.0,81.0
1177.0,281.0,282.0,289.0,98.0,111.0,116.0
1214.0,301.0,273.0,275.0,123.0,121.0,121.0
1141.0,270.0,287.0,268.0,115.0,93.0,108.0
1021.0,259.0,249.0,225.0,98.0,92.0,98.0
1102.0,280.0,285.0,225.0,108.0,104.0,100.0
1202.0,313.0,276.0,289.0,107.0,107.0,110.0
1094.0,252.0,241.0,289.0,107.0,97.0,108.0
1220.0,267.0,287.0,312.0,122.0,119.0,113.0
1014.0,239.0,216.0,268.0,95.0,93.0,103.0
1172.0,281.0,264.0,265.0,119.0,125.0,118.0
1065.0,226.0,280.0,224.0,112.0,101.0,122.0
1030.0,233.0,240.0,254.0,97.0,106.0,100.0
1043.0,236.0,247.0,234.0,105.0,99.0,122.0
1082.0,234.0,272.0,266.0,104.0,102.0,104.0
1112.0,251.0,266.0,253.0,103.0,111.0,128.0
1061.0,241.0,251.0,243.0,107.0,107.0,112.0
1175.0,276.0,262.0,272.0,113.0,118.0,134.0
1072.0,253.0,257.0,240.0,107.0,104.0,111.0
906.0,214.0,190.0,221.0,85.0,93.0,103.0
948.0,233.0,231.0,181.0,101.0,92.0,110.0
916.0,205.0,227.0,225.0,74.0,93.0,92.0
1076.0,255.0,245.0,243.0,109.0,112.0,112.0
1095.0,261.0,272.0,249.0,98.0,107.0,108.0
1073.0,254.0,248.0,244.0,109.0,104.0,114.0
925.0,212.0,218.0,206.0,90.0,99.0,100.0
1014.0,229.0,218.0,244.0,99.0,115.0,109.0
1030.0,239.0,225.0,240.0,103.0,109.0,114.0
1046.0,254.0,247.0,244.0,102.0,99.0,100.0
1031.0,235.0,246.0,239.0,103.0,99.0,109.0
1060.0,255.0,250.0,230.0,110.0,109.0,106.0
961.0,228.0,224.0,218.0,99.0,100.0,92.0
1043.0,252.0,255.0,215.0,107.0,111.0,103.0
1106.0,259.0,247.0,260.0,112.0,116.0,112.0
1009.0,248.0,247.0,213.0,99.0,97.0,105.0
1023.0,242.0,231.0,241.0,101.0,104.0,104.0
996.0,235.0,257.0,191.0,106.0,110.0,97.0
963.0,231.0,226.0,207.0,99.0,99.0,101.0
1163.0,273.0,290.0,262.0,117.0,112.0,109.0
1090.0,224.0,271.0,252.0,116.0,110.0,117.0
1094.0,262.0,268.0,252.0,95.0,111.0,106.0
995.0,228.0,204.0,256.0,108.0,95.0,104.0
1177.0,270.0,260.0,284.0,124.0,119.0,120.0
1031.0,223.0,242.0,236.0,113.0,116.0,101.0
924.0,196.0,214.0,221.0,95.0,104.0,94.0
1111.0,256.0,247.0,272.0,123.0,104.0,109.0
1152.0,275.0,258.0,265.0,109.0,118.0,127.0
1008.0,246.0,219.0,233.0,107.0,101.0,102.0
1039.0,242.0,244.0,251.0,104.0,107.0,91.0
1036.0,242.0,246.0,252.0,102.0,100.0,94.0
1064.0,227.0,267.0,242.0,107.0,117.0,104.0
1168.0,270.0,246.0,285.0,127.0,121.0,119.0
1292.0,303.0,311.0,297.0,132.0,122.0,127.0
1093.0,248.0,240.0,263.0,110.0,113.0,119.0
1158.0,281.0,254.0,278.0,115.0,117.0,113.0
1232.0,295.0,290.0,294.0,127.0,111.0,115.0
1179.0,289.0,265.0,272.0,121.0,118.0,114.0
1145.0,276.0,240.0,281.0,105.0,116.0,127.0
1088.0,266.0,259.0,248.0,104.0,107.0,104.0
1181.0,289.0,290.0,259.0,106.0,109.0,128.0
1191.0,276.0,275.0,294.0,118.0,127.0,101.0
1231.0,324.0,286.0,270.0,130.0,118.0,103.0
1072.0,261.0,237.0,244.0,107.0,106.0,117.0
1193.0,291.0,274.0,279.0,114.0,119.0,116.0
1194.0,281.0,272.0,283.0,119.0,118.0,121.0
1247.0,317.0,274.0,287.0,122.0,129.0,118.0
998.0,253.0,228.0,235.0,93.0,88.0,101.0
1266.0,302.0,299.0,298.0,119.0,126.0,122.0
1105.0,231.0,270.0,263.0,108.0,115.0,118.0
1138.0,261.0,271.0,265.0,120.0,119.0,102.0
1096.0,257.0,261.0,268.0,95.0,103.0,112.0
1291.0,296.0,329.0,295.0,124.0,121.0,126.0
1121.0,238.0,297.0,262.0,116.0,98.0,110.0
1066.0,260.0,296.0,216.0,98.0,98.0,98.0
1053.0,226.0,259.0,250.0,98.0,108.0,112.0
1204.0,263.0,301.0,284.0,119.0,119.0,118.0
1255.0,307.0,313.0,271.0,116.0,125.0,123.0
997.0,227.0,232.0,238.0,102.0,104.0,94.0
1151.0,303.0,269.0,270.0,102.0,108.0,99.0
1174.0,273.0,289.0,272.0,113.0,116.0,111.0
1213.0,280.0,304.0,278.0,120.0,117.0,114.0
1086.0,260.0,292.0,232.0,105.0,101.0,96.0
1065.0,250.0,240.0,248.0,105.0,115.0,107.0
1310.0,295.0,323.0,317.0,122.0,130.0,123.0
1231.0,311.0,278.0,279.0,120.0,126.0,117.0
1166.0,296.0,254.0,295.0,103.0,109.0,109.0
1172.0,300.0,275.0,273.0,111.0,105.0,108.0
903.0,213.0,206.0,219.0,98.0,84.0,83.0
1277.0,316.0,298.0,302.0,124.0,114.0,123.0
1061.0,250.0,211.0,282.0,116.0,103.0,99.0
1206.0,287.0,268.0,280.0,130.0,116.0,125.0
1066.0,236.0,217.0,274.0,112.0,119.0,108.0
1082.0,243.0,234.0,252.0,117.0,124.0,112.0
1108.0,251.0,210.0,295.0,121.0,120.0,111.0
1025.0,237.0,228.0,249.0,113.0,103.0,95.0
994.0,219.0,209.0,260.0,108.0,102.0,96.0
1219.0,256.0,285.0,302.0,117.0,126.0,133.0
1151.0,238.0,266.0,278.0,121.0,130.0,118.0
1165.0,246.0,256.0,312.0,130.0,112.0,109.0
1155.0,270.0,251.0,269.0,122.0,125.0,118.0
1136.0,266.0,238.0,270.0,121.0,120.0,121.0
1055.0,234.0,219.0,274.0,106.0,113.0,109.0
1179.0,259.0,286.0,254.0,128.0,122.0,130.0
1229.0,301.0,273.0,284.0,129.0,121.0,121.0
1240.0,270.0,281.0,306.0,131.0,131.0,121.0
1371.0,302.0,313.0,329.0,139.0,147.0,141.0
1366.0,335.0,321.0,282.0,149.0,134.0,145.0
1322.0,287.0,321.0,292.0,136.0,137.0,149.0
1355.0,327.0,331.0,295.0,133.0,131.0,138.0
1165.0,268.0,283.0,240.0,122.0,129.0,123.0
1352.0,335.0,316.0,288.0,135.0,137.0,141.0
1333.0,313.0,315.0,299.0,136.0,138.0,132.0
1346.0,323.0,300.0,315.0,139.0,124.0,145.0
1486.0,361.0,350.0,318.0,151.0,150.0,156.0
1274.0,284.0,308.0,284.0,127.0,138.0,133.0
1392.0,334.0,316.0,310.0,145.0,145.0,142.0
1321.0,313.0,319.0,306.0,124.0,125.0,134.0
1375.0,321.0,341.0,294.0,133.0,149.0,137.0
1429.0,338.0,355.0,306.0,148.0,141.0,141.0
1295.0,315.0,283.0,299.0,126.0,135.0,137.0
1298.0,301.0,291.0,320.0,119.0,133.0,134.0
1206.0,279.0,288.0,285.0,117.0,113.0,124.0
1301.0,276.0,325.0,298.0,131.0,135.0,136.0
1283.0,292.0,296.0,290.0,123.0,134.0,148.0
1245.0,264.0,307.0,300.0,113.0,129.0,132.0
1168.0,242.0,274.0,285.0,118.0,113.0,136.0
1365.0,330.0,309.0,327.0,126.0,139.0,134.0
1294.0,297.0,285.0,328.0,131.0,122.0,131.0
1313.0,298.0,290.0,315.0,134.0,133.0,143.0
1134.0,262.0,237.0,281.0,113.0,122.0,119.0
1128.0,275.0,247.0,275.0,106.0,119.0,106.0
1347.0,327.0,321.0,302.0,129.0,135.0,133.0
1127.0,286.0,248.0,259.0,114.0,110.0,110.0
1112.0,270.0,264.0,252.0,118.0,108.0,100.0
1248.0,319.0,269.0,307.0,110.0,120.0,123.0
1130.0,290.0,232.0,288.0,101.0,108.0,111.0
1306.0,330.0,284.0,337.0,114.0,115.0,126.0
1086.0,234.0,238.0,288.0,105.0,118.0,103.0
1256.0,306.0,303.0,309.0,114.0,105.0,119.0
1218.0,293.0,274.0,288.0,121.0,127.0,115.0
1199.0,283.0,288.0,296.0,116.0,116.0,100.0
1209.0,282.0,284.0,304.0,119.0,119.0,101.0
1154.0,280.0,274.0,254.0,124.0,113.0,109.0
1353.0,310.0,335.0,309.0,142.0,130.0,127.0
1292.0,287.0,321.0,307.0,128.0,120.0,129.0
1268.0,253.0,312.0,339.0,129.0,115.0,120.0
1195.0,268.0,296.0,291.0,112.0,109.0,119.0
1188.0,258.0,304.0,251.0,135.0,125.0,115.0
1232.0,287.0,310.0,272.0,124.0,124.0,115.0
1273.0,268.0,329.0,304.0,130.0,117.0,125.0
1398.0,313.0,335.0,331.0,149.0,134.0,136.0
1140.0,247.0,279.0,275.0,119.0,119.0,101.0
1343.0,300.0,311.0,319.0,143.0,130.0,140.0
1272.0,289.0,304.0,302.0,137.0,119.0,121.0
1291.0,284.0,323.0,280.0,139.0,132.0,133.0
1372.0,321.0,348.0,298.0,131.0,144.0,130.0
1309.0,317.0,300.0,281.0,144.0,137.0,130.0
1271.0,297.0,275.0,292.0,141.0,142.0,124.0
1177.0,269.0,283.0,245.0,140.0,124.0,116.0
1388.0,340.0,310.0,317.0,137.0,145.0,139.0
1215.0,300.0,271.0,280.0,124.0,127.0,113.0
1322.0,307.0,324.0,304.0,137.0,132.0,118.0
1511.0,365.0,297.0,384.0,165.0,152.0,148.0
1488.0,381.0,308.0,331.0,163.0,163.0,142.0
1429.0,355.0,320.0,317.0,159.0,141.0,137.0
1418.0,342.0,322.0,324.0,148.0,147.0,135.0
1394.0,314.0,326.0,339.0,140.0,137.0,138.0
1431.0,356.0,313.0,331.0,146.0,143.0,142.0
1530.0,365.0,346.0,350.0,153.0,163.0,153.0
1361.0,339.0,308.0,290.0,142.0,143.0,139.0
1273.0,295.0,264.0,313.0,128.0,136.0,137.0
1446.0,344.0,331.0,329.0,150.0,143.0,149.0
1349.0,317.0,299.0,303.0,134.0,151.0,145.0
1339.0,313.0,277.0,327.0,139.0,146.0,137.0
1295.0,283.0,284.0,324.0,125.0,144.0,135.0
1303.0,279.0,310.0,314.0,125.0,138.0,137.0
1468.0,336.0,337.0,335.0,147.0,157.0,156.0
1320.0,273.0,320.0,308.0,126.0,144.0,149.0
1431.0,315.0,338.0,351.0,143.0,143.0,141.0
1488.0,333.0,377.0,335.0,144.0,150.0,149.0
1340.0,289.0,325.0,305.0,126.0,148.0,147.0
1473.0,342.0,349.0,334.0,147.0,153.0,148.0
1459.0,329.0,364.0,349.0,127.0,142.0,148.0
1334.0,298.0,330.0,333.0,121.0,121.0,131.0
1410.0,344.0,328.0,330.0,119.0,145.0,144.0
1317.0,303.0,319.0,298.0,117.0,137.0,143.0
1421.0,357.0,324.0,330.0,132.0,134.0,144.0
1426.0,341.0,334.0,337.0,119.0,153.0,142.0
1469.0,329.0,356.0,344.0,137.0,157.0,146.0
1260.0,276.0,303.0,305.0,129.0,129.0,118.0
1211.0,281.0,290.0,274.0,120.0,117.0,129.0
1225.0,312.0,270.0,272.0,116.0,120.0,135.0
1268.0,299.0,302.0,284.0,135.0,114.0,134.0
1261.0,295.0,294.0,296.0,120.0,124.0,132.0
1376.0,332.0,317.0,314.0,138.0,128.0,147.0
1328.0,290.0,320.0,332.0,128.0,123.0,135.0
1389.0,316.0,337.0,324.0,152.0,125.0,135.0
1173.0,262.0,287.0,279.0,114.0,112.0,119.0
1339.0,310.0,300.0,322.0,141.0,126.0,140.0
1326.0,293.0,325.0,289.0,140.0,137.0,142.0
1172.0,270.0,254.0,275.0,122.0,119.0,132.0
1242.0,261.0,303.0,296.0,122.0,127.0,133.0
1308.0,317.0,288.0,307.0,138.0,120.0,138.0
1345.0,339.0,297.0,280.0,155.0,140.0,134.0
1440.0,336.0,335.0,317.0,149.0,150.0,153.0
1274.0,305.0,291.0,290.0,137.0,127.0,124.0
1358.0,305.0,330.0,311.0,139.0,135.0,138.0
1408.0,337.0,321.0,314.0,149.0,137.0,150.0
1559.0,389.0,337.0,365.0,161.0,153.0,154.0
1313.0,318.0,305.0,290.0,145.0,128.0,127.0
1485.0,387.0,345.0,350.0,143.0,132.0,128.0
1511.0,361.0,347.0,342.0,157.0,145.0,159.0
1524.0,379.0,360.0,324.0,161.0,146.0,154.0
1295.0,323.0,297.0,295.0,125.0,128.0,127.0
1601.0,389.0,374.0,365.0,169.0,149.0,155.0
1427.0,349.0,343.0,310.0,151.0,137.0,137.0
1444.0,342.0,311.0,380.0,138.0,139.0,134.0
1511.0,353.0,376.0,327.0,160.0,146.0,149.0
1546.0,402.0,359.0,354.0,146.0,147.0,138.0
1454.0,336.0,333.0,367.0,148.0,127.0,143.0
1547.0,323.0,398.0,365.0,165.0,142.0,154.0
1545.0,350.0,386.0,361.0,158.0,156.0,134.0
1597.0,380.0,385.0,353.0,166.0,154.0,159.0
1454.0,329.0,351.0,355.0,151.0,139.0,129.0
1538.0,356.0,364.0,381.0,145.0,150.0,142.0
1472.0,344.0,367.0,336.0,139.0,150.0,136.0
1432.0,317.0,345.0,358.0,133.0,144.0,135.0
1516.0,328.0,365.0,387.0,152.0,145.0,139.0
1285.0,278.0,296.0,335.0,129.0,119.0,128.0
1522.0,333.0,354.0,386.0,148.0,154.0,147.0
1557.0,331.0,378.0,379.0,148.0,164.0,157.0
1568.0,369.0,356.0,382.0,152.0,158.0,151.0
1443.0,354.0,336.0,333.0,135.0,148.0,137.0
1499.0,333.0,339.0,372.0,148.0,167.0,140.0
1492.0,335.0,359.0,359.0,142.0,150.0,147.0
1346.0,307.0,304.0,314.0,144.0,143.0,134.0
1458.0,343.0,321.0,359.0,141.0,154.0,140.0
1483.0,338.0,338.0,345.0,147.0,165.0,150.0
1394.0,331.0,323.0,335.0,137.0,140.0,128.0
1511.0,389.0,337.0,347.0,138.0,145.0,155.0
1484.0,352.0,340.0,341.0,139.0,164.0,148.0
1350.0,346.0,298.0,305.0,120.0,141.0,140.0
1254.0,306.0,264.0,312.0,122.0,127.0,123.0
1473.0,378.0,330.0,337.0,137.0,152.0,139.0
1523.0,372.0,338.0,356.0,142.0,168.0,147.0
1404.0,336.0,321.0,323.0,136.0,151.0,137.0
1382.0,349.0,321.0,309.0,136.0,137.0,130.0
1547.0,356.0,369.0,369.0,139.0,164.0,150.0
1213.0,271.0,290.0,284.0,115.0,116.0,137.0
1430.0,333.0,343.0,314.0,132.0,150.0,158.0
1420.0,328.0,329.0,320.0,148.0,143.0,152.0
1386.0,333.0,318.0,321.0,132.0,144.0,138.0
1352.0,300.0,348.0,288.0,133.0,137.0,146.0
1563.0,356.0,388.0,342.0,159.0,156.0,162.0
1418.0,332.0,353.0,317.0,136.0,137.0,143.0
1518.0,337.0,358.0,341.0,162.0,163.0,157.0
1542.0,346.0,367.0,362.0,149.0,147.0,171.0
1565.0,348.0,381.0,352.0,160.0,166.0,158.0
1533.0,381.0,362.0,329.0,156.0,153.0,152.0
1519.0,351.0,355.0,347.0,160.0,141.0,165.0
1548.0,357.0,381.0,349.0,159.0,147.0,155.0
1481.0,340.0,358.0,318.0,137.0,160.0,168.0
1507.0,348.0,335.0,370.0,152.0,146.0,156.0
1580.0,381.0,347.0,379.0,161.0,150.0,162.0
1483.0,366.0,326.0,339.0,156.0,144.0,152.0
1595.0,380.0,365.0,364.0,171.0,152.0,163.0
1567.0,382.0,372.0,355.0,150.0,143.0,165.0
1675.0,380.0,396.0,392.0,165.0,160.0,182.0
1543.0,362.0,333.0,358.0,163.0,165.0,162.0
1638.0,419.0,370.0,369.0,174.0,148.0,158.0
1653.0,396.0,375.0,401.0,160.0,150.0,171.0
1589.0,371.0,356.0,386.0,169.0,145.0,162.0
1660.0,377.0,372.0,410.0,167.0,160.0,174.0
1593.0,344.0,376.0,393.0,161.0,152.0,167.0
1703.0,395.0,383.0,409.0,178.0,164.0,174.0
1647.0,376.0,379.0,402.0,171.0,155.0,164.0
1612.0,357.0,360.0,391.0,165.0,161.0,178.0
1527.0,323.0,338.0,399.0,161.0,143.0,163.0
1648.0,399.0,356.0,381.0,168.0,170.0,174.0
1592.0,364.0,357.0,385.0,172.0,151.0,163.0
1680.0,379.0,371.0,411.0,182.0,162.0,175.0
1493.0,342.0,335.0,345.0,165.0,145.0,161.0
1638.0,365.0,385.0,398.0,168.0,157.0,165.0
1541.0,320.0,360.0,402.0,157.0,149.0,153.0
1493.0,338.0,373.0,364.0,137.0,129.0,152.0
1520.0,342.0,356.0,378.0,151.0,137.0,156.0
1610.0,363.0,392.0,379.0,150.0,171.0,155.0
1510.0,354.0,370.0,335.0,144.0,150.0,157.0
1530.0,373.0,338.0,357.0,163.0,153.0,146.0
1597.0,382.0,364.0,364.0,163.0,160.0,164.0
1391.0,327.0,322.0,328.0,136.0,140.0,138.0
1568.0,381.0,367.0,364.0,146.0,165.0,145.0
1558.0,385.0,390.0,340.0,142.0,155.0,146.0
1523.0,356.0,361.0,335.0,153.0,160.0,158.0
1591.0,393.0,389.0,340.0,156.0,161.0,152.0
1574.0,372.0,383.0,341.0,145.0,166.0,167.0
1604.0,378.0,420.0,334.0,154.0,167.0,151.0
1481.0,333.0,352.0,342.0,150.0,156.0,148.0
1588.0,385.0,375.0,370.0,157.0,153.0,148.0
1420.0,357.0,350.0,282.0,137.0,158.0,136.0
1430.0,339.0,344.0,326.0,139.0,143.0,139.0
1505.0,370.0,340.0,332.0,158.0,157.0,148.0
1477.0,292.0,362.0,366.0,153.0,162.0,142.0
1505.0,346.0,345.0,345.0,146.0,171.0,152.0
1421.0,326.0,334.0,338.0,145.0,146.0,132.0
1552.0,361.0,356.0,374.0,151.0,154.0,156.0
1547.0,341.0,367.0,359.0,155.0,168.0,157.0
1560.0,360.0,376.0,364.0,150.0,165.0,145.0
1609.0,373.0,372.0,385.0,161.0,163.0,155.0
1574.0,359.0,370.0,376.0,170.0,152.0,147.0
1674.0,388.0,370.0,405.0,165.0,174.0,172.0
1617.0,388.0,340.0,395.0,167.0,175.0,152.0
1500.0,351.0,340.0,347.0,143.0,172.0,147.0
1635.0,395.0,368.0,380.0,161.0,178.0,153.0
1670.0,401.0,388.0,382.0,166.0,170.0,163.0
1603.0,375.0,375.0,369.0,163.0,159.0,162.0
1806.0,423.0,405.0,423.0,183.0,190.0,182.0
1781.0,406.0,400.0,433.0,187.0,177.0,178.0
1544.0,380.0,360.0,349.0,155.0,150.0,150.0
1719.0,410.0,375.0,399.0,173.0,186.0,176.0
1663.0,392.0,380.0,384.0,176.0,169.0,162.0
1725.0,401.0,415.0,398.0,171.0,169.0,171.0
1808.0,420.0,436.0,425.0,179.0,185.0,163.0
1839.0,432.0,429.0,435.0,181.0,176.0,186.0
1741.0,394.0,404.0,440.0,168.0,175.0,160.0
1832.0,428.0,428.0,426.0,191.0,182.0,177.0
1781.0,400.0,427.0,417.0,173.0,177.0,187.0
1729.0,402.0,383.0,411.0,187.0,173.0,173.0
1835.0,396.0,439.0,442.0,185.0,184.0,189.0
1691.0,382.0,414.0,385.0,175.0,169.0,166.0
1679.0,363.0,403.0,398.0,173.0,169.0,173.0
1812.0,410.0,436.0,418.0,185.0,186.0,177.0
1667.0,364.0,397.0,391.0,172.0,171.0,172.0
1718.0,393.0,397.0,410.0,180.0,160.0,178.0
1784.0,403.0,450.0,415.0,178.0,166.0,172.0
1789.0,414.0,428.0,407.0,184.0,175.0,181.0
1679.0,373.0,384.0,402.0,183.0,160.0,177.0
1682.0,393.0,413.0,376.0,175.0,151.0,174.0
1682.0,381.0,404.0,384.0,174.0,160.0,179.0
1692.0,382.0,380.0,408.0,171.0,172.0,179.0
1742.0,411.0,405.0,410.0,171.0,174.0,171.0
1613.0,406.0,379.0,358.0,157.0,154.0,159.0
1675.0,417.0,395.0,371.0,164.0,162.0,166.0
1568.0,383.0,317.0,380.0,162.0,155.0,171.0
1588.0,366.0,359.0,379.0,172.0,153.0,159.0
1407.0,342.0,316.0,318.0,148.0,136.0,147.0
1479.0,367.0,339.0,330.0,149.0,136.0,158.0
1742.0,434.0,392.0,405.0,170.0,158.0,183.0
1715.0,423.0,395.0,378.0,167.0,166.0,186.0
1572.0,358.0,359.0,384.0,135.0,156.0,180.0
1637.0,418.0,350.0,367.0,156.0,169.0,177.0
1593.0,370.0,376.0,362.0,163.0,157.0,165.0
1631.0,370.0,374.0,383.0,170.0,162.0,172.0
1706.0,413.0,393.0,398.0,156.0,175.0,171.0
1607.0,372.0,395.0,338.0,164.0,163.0,175.0
1709.0,383.0,410.0,402.0,166.0,170.0,178.0
1712.0,397.0,409.0,400.0,169.0,166.0,171.0
1567.0,370.0,358.0,355.0,146.0,166.0,172.0
1525.0,368.0,356.0,361.0,137.0,148.0,155.0
1626.0,367.0,386.0,375.0,152.0,170.0,176.0
1611.0,393.0,371.0,373.0,152.0,158.0,164.0
1748.0,411.0,441.0,396.0,163.0,162.0,175.0
1743.0,390.0,410.0,424.0,171.0,172.0,176.0
1758.0,397.0,422.0,414.0,176.0,173.0,176.0
1788.0,397.0,424.0,436.0,167.0,181.0,183.0
1755.0,410.0,425.0,407.0,171.0,173.0,169.0
1816.0,415.0,449.0,412.0,176.0,186.0,178.0
1651.0,368.0,379.0,418.0,165.0,166.0,155.0
1746.0,423.0,423.0,400.0,164.0,171.0,165.0
1982.0,469.0,509.0,437.0,185.0,199.0,183.0
1879.0,452.0,416.0,433.0,198.0,190.0,190.0
1845.0,446.0,425.0,431.0,182.0,188.0,173.0
1850.0,451.0,424.0,444.0,173.0,189.0,169.0
1849.0,429.0,441.0,425.0,175.0,198.0,181.0
1899.0,432.0,440.0,470.0,186.0,199.0,172.0
1856.0,441.0,413.0,459.0,186.0,196.0,161.0
1900.0,425.0,460.0,485.0,182.0,182.0,166.0
1770.0,406.0,396.0,440.0,185.0,188.0,155.0
1859.0,442.0,427.0,450.0,183.0,187.0,170.0
1738.0,384.0,398.0,422.0,178.0,178.0,178.0
1780.0,378.0,410.0,447.0,185.0,187.0,173.0
1845.0,414.0,436.0,436.0,192.0,194.0,173.0
1677.0,383.0,387.0,397.0,172.0,180.0,158.0
1791.0,391.0,425.0,428.0,192.0,192.0,163.0
1715.0,396.0,400.0,378.0,180.0,186.0,175.0
1844.0,416.0,443.0,423.0,183.0,184.0,195.0
1725.0,400.0,382.0,410.0,191.0,175.0,167.0
1788.0,405.0,429.0,408.0,189.0,177.0,180.0
1823.0,426.0,420.0,422.0,186.0,186.0,183.0
1736.0,411.0,397.0,412.0,170.0,177.0,169.0
1852.0,429.0,427.0,430.0,187.0,197.0,182.0
1609.0,386.0,371.0,367.0,166.0,162.0,157.0
1744.0,416.0,375.0,409.0,191.0,174.0,179.0
1743.0,428.0,397.0,378.0,185.0,180.0,175.0
1805.0,436.0,418.0,411.0,194.0,185.0,161.0
1703.0,444.0,397.0,362.0,176.0,164.0,160.0
1767.0,407.0,422.0,410.0,177.0,175.0,176.0
1609.0,396.0,380.0,349.0,164.0,160.0,160.0
1770.0,428.0,428.0,405.0,170.0,164.0,175.0
1669.0,391.0,390.0,377.0,173.0,165.0,173.0
1762.0,420.0,424.0,416.0,162.0,169.0,171.0
1698.0,388.0,422.0,380.0,163.0,164.0,181.0
1799.0,446.0,427.0,405.0,170.0,173.0,178.0
1719.0,384.0,406.0,417.0,159.0,165.0,188.0
1807.0,418.0,446.0,422.0,166.0,183.0,172.0
1603.0,353.0,388.0,366.0,169.0,156.0,171.0
1703.0,408.0,396.0,416.0,158.0,149.0,176.0
1775.0,386.0,437.0,431.0,172.0,177.0,172.0
1915.0,442.0,451.0,451.0,199.0,183.0,189.0
1887.0,422.0,429.0,460.0,182.0,180.0,214.0
1666.0,393.0,397.0,380.0,163.0,163.0,170.0
1830.0,418.0,415.0,440.0,183.0,181.0,193.0
1831.0,375.0,419.0,476.0,180.0,191.0,190.0
1758.0,401.0,388.0,434.0,170.0,173.0,192.0
1807.0,432.0,397.0,430.0,185.0,173.0,190.0
1840.0,420.0,418.0,455.0,177.0,177.0,193.0
1910.0,459.0,429.0,466.0,180.0,183.0,193.0
1878.0,448.0,432.0,457.0,172.0,183.0,186.0
1864.0,439.0,445.0,440.0,181.0,178.0,181.0
1846.0,428.0,427.0,452.0,171.0,178.0,190.0
2011.0,499.0,454.0,462.0,198.0,195.0,203.0
1987.0,494.0,428.0,480.0,195.0,178.0,212.0
2015.0,477.0,444.0,476.0,199.0,214.0,205.0
1882.0,476.0,417.0,449.0,166.0,182.0,192.0
1935.0,455.0,450.0,439.0,193.0,186.0,212.0
1872.0,427.0,432.0,454.0,194.0,182.0,183.0
2122.0,496.0,479.0,500.0,212.0,213.0,222.0
2093.0,508.0,478.0,484.0,211.0,204.0,208.0
1905.0,434.0,430.0,458.0,188.0,200.0,195.0
1907.0,468.0,418.0,436.0,191.0,192.0,202.0
1859.0,415.0,422.0,443.0,177.0,196.0,206.0
1869.0,441.0,438.0,421.0,192.0,188.0,189.0
1918.0,437.0,450.0,428.0,203.0,207.0,193.0
2047.0,466.0,487.0,467.0,210.0,209.0,208.0
2012.0,475.0,488.0,452.0,206.0,200.0,191.0
1941.0,412.0,490.0,444.0,189.0,197.0,209.0
2030.0,473.0,484.0,465.0,203.0,200.0,205.0
1757.0,403.0,426.0,389.0,168.0,181.0,190.0
1814.0,399.0,430.0,440.0,179.0,187.0,179.0
1793.0,424.0,404.0,403.0,192.0,189.0,181.0
1917.0,463.0,474.0,408.0,191.0,191.0,190.0
2011.0,480.0,486.0,434.0,205.0,204.0,202.0
1910.0,469.0,452.0,403.0,205.0,199.0,182.0
1766.0,435.0,409.0,400.0,184.0,177.0,161.0
1881.0,463.0,430.0,409.0,207.0,191.0,181.0
1812.0,433.0,414.0,410.0,188.0,194.0,173.0
1875.0,449.0,438.0,432.0,185.0,197.0,174.0
1914.0,453.0,475.0,429.0,184.0,198.0,175.0
1928.0,462.0,454.0,430.0,195.0,203.0,184.0
1813.0,431.0,441.0,394.0,184.0,181.0,182.0
1918.0,465.0,428.0,461.0,194.0,190.0,180.0
1828.0,445.0,417.0,417.0,185.0,183.0,181.0
1877.0,445.0,445.0,412.0,191.0,202.0,182.0
1829.0,417.0,425.0,443.0,188.0,180.0,176.0
1793.0,415.0,387.0,430.0,190.0,188.0,183.0
1770.0,401.0,396.0,426.0,192.0,188.0,167.0
1813.0,432.0,421.0,417.0,182.0,184.0,177.0
1827.0,411.0,432.0,426.0,190.0,186.0,182.0
1852.0,438.0,413.0,453.0,177.0,190.0,181.0
1730.0,382.0,389.0,426.0,179.0,177.0,177.0
1722.0,371.0,379.0,448.0,178.0,172.0,174.0
1782.0,393.0,409.0,455.0,178.0,174.0,173.0
1809.0,435.0,410.0,420.0,177.0,184.0,183.0
1927.0,455.0,469.0,452.0,192.0,188.0,171.0
1981.0,458.0,479.0,476.0,196.0,185.0,187.0
1922.0,435.0,454.0,463.0,186.0,199.0,185.0
1872.0,425.0,450.0,461.0,188.0,178.0,170.0
2051.0,468.0,486.0,513.0,193.0,200.0,191.0
1964.0,463.0,470.0,461.0,192.0,186.0,192.0
2011.0,445.0,494.0,485.0,191.0,199.0,197.0
2021.0,469.0,493.0,461.0,197.0,203.0,198.0
1848.0,439.0,441.0,433.0,182.0,170.0,183.0
2031.0,502.0,468.0,484.0,197.0,185.0,195.0
2115.0,502.0,495.0,516.0,203.0,199.0,200.0
2264.0,547.0,529.0,523.0,216.0,222.0,227.0
2221.0,517.0,544.0,510.0,211.0,215.0,224.0
2085.0,499.0,495.0,482.0,201.0,198.0,210.0
1949.0,421.0,482.0,466.0,195.0,188.0,197.0
1995.0,475.0,493.0,455.0,189.0,189.0,194.0
1914.0,457.0,449.0,446.0,184.0,181.0,197.0
2023.0,484.0,482.0,467.0,193.0,187.0,210.0
2117.0,494.0,497.0,484.0,211.0,206.0,225.0
1836.0,438.0,444.0,402.0,178.0,183.0,191.0
2050.0,466.0,486.0,481.0,209.0,199.0,209.0
1999.0,438.0,491.0,467.0,202.0,196.0,205.0
1944.0,444.0,469.0,441.0,199.0,195.0,196.0
1868.0,430.0,426.0,431.0,199.0,187.0,195.0
1981.0,472.0,440.0,466.0,200.0,203.0,200.0
1966.0,448.0,483.0,440.0,196.0,195.0,204.0
2030.0,456.0,477.0,472.0,211.0,206.0,208.0
1780.0,410.0,398.0,421.0,192.0,173.0,186.0
2052.0,473.0,476.0,479.0,217.0,195.0,212.0
1933.0,452.0,440.0,446.0,213.0,182.0,200.0
2056.0,489.0,462.0,493.0,201.0,198.0,213.0
1939.0,438.0,438.0,454.0,206.0,197.0,206.0
1885.0,444.0,427.0,442.0,185.0,192.0,195.0
1791.0,447.0,394.0,415.0,177.0,185.0,173.0
1831.0,414.0,414.0,441.0,196.0,177.0,189.0
2050.0,482.0,467.0,492.0,199.0,197.0,213.0
2041.0,498.0,451.0,470.0,210.0,204.0,208.0
1945.0,458.0,439.0,472.0,190.0,194.0,192.0
1879.0,433.0,428.0,445.0,193.0,182.0,198.0
1893.0,443.0,436.0,446.0,190.0,176.0,202.0
2010.0,487.0,463.0,446.0,211.0,200.0,203.0
2026.0,467.0,472.0,490.0,192.0,207.0,198.0
1911.0,440.0,443.0,438.0,192.0,201.0,197.0
1957.0,451.0,445.0,489.0,189.0,195.0,188.0
1970.0,462.0,447.0,464.0,190.0,203.0,204.0
2011.0,440.0,468.0,496.0,215.0,190.0,202.0
2001.0,443.0,453.0,489.0,197.0,221.0,198.0
2040.0,458.0,495.0,468.0,204.0,207.0,208.0
1991.0,445.0,455.0,477.0,196.0,205.0,213.0
2175.0,484.0,519.0,526.0,208.0,224.0,214.0
2199.0,502.0,508.0,527.0,219.0,230.0,213.0
2024.0,439.0,477.0,497.0,196.0,208.0,207.0
2078.0,488.0,484.0,480.0,202.0,204.0,220.0
2015.0,477.0,479.0,451.0,201.0,208.0,199.0
1892.0,411.0,458.0,456.0,185.0,187.0,195.0
1985.0,457.0,449.0,457.0,195.0,216.0,211.0
1940.0,461.0,476.0,431.0,189.0,193.0,190.0
1948.0,454.0,448.0,452.0,195.0,213.0,186.0
2124.0,490.0,490.0,502.0,205.0,227.0,210.0
1981.0,467.0,466.0,455.0,193.0,207.0,193.0
2018.0,501.0,469.0,461.0,189.0,205.0,193.0
2087.0,505.0,476.0,491.0,204.0,214.0,197.0
1879.0,484.0,419.0,434.0,176.0,182.0,184.0
1976.0,480.0,440.0,472.0,189.0,198.0,197.0
2178.0,526.0,522.0,495.0,204.0,224.0,207.0
2046.0,513.0,443.0,484.0,201.0,203.0,202.0
2080.0,503.0,485.0,481.0,197.0,208.0,206.0
2083.0,509.0,461.0,475.0,225.0,213.0,200.0
2026.0,489.0,467.0,462.0,204.0,204.0,200.0
2098.0,524.0,489.0,480.0,206.0,187.0,212.0
2062.0,498.0,464.0,473.0,210.0,216.0,201.0
2046.0,482.0,479.0,474.0,208.0,206.0,197.0
2089.0,478.0,497.0,475.0,216.0,210.0,213.0
1975.0,471.0,455.0,452.0,199.0,201.0,197.0
2163.0,482.0,533.0,486.0,228.0,217.0,217.0
1987.0,442.0,477.0,470.0,198.0,204.0,196.0
2137.0,485.0,528.0,489.0,206.0,217.0,212.0
1988.0,469.0,449.0,464.0,205.0,209.0,192.0
2085.0,486.0,501.0,479.0,208.0,200.0,211.0
2061.0,481.0,494.0,485.0,204.0,198.0,199.0
2034.0,490.0,493.0,460.0,209.0,195.0,187.0
2054.0,463.0,514.0,484.0,205.0,188.0,200.0
2146.0,499.0,526.0,505.0,206.0,207.0,203.0
2201.0,507.0,534.0,520.0,219.0,208.0,213.0
2017.0,482.0,490.0,462.0,206.0,186.0,191.0
2081.0,491.0,490.0,487.0,211.0,205.0,197.0
2120.0,508.0,492.0,505.0,204.0,209.0,202.0
2068.0,486.0,486.0,474.0,210.0,206.0,206.0
2009.0,486.0,461.0,464.0,205.0,198.0,195.0
1984.0,475.0,481.0,449.0,198.0,194.0,187.0
2160.0,492.0,518.0,516.0,212.0,208.0,214.0
2124.0,497.0,495.0,510.0,218.0,206.0,198.0
2007.0,470.0,464.0,489.0,202.0,192.0,190.0
1806.0,403.0,415.0,441.0,194.0,180.0,173.0
2052.0,496.0,472.0,470.0,200.0,204.0,210.0
2154.0,493.0,492.0,531.0,224.0,205.0,209.0
2071.0,462.0,481.0,511.0,218.0,200.0,199.0
2115.0,480.0,495.0,504.0,215.0,203.0,218.0
2019.0,469.0,443.0,480.0,212.0,205.0,210.0
2064.0,491.0,471.0,489.0,205.0,203.0,205.0
1933.0,438.0,444.0,454.0,204.0,192.0,201.0
1972.0,452.0,450.0,470.0,203.0,195.0,202.0
2206.0,519.0,482.0,520.0,229.0,229.0,227.0
2037.0,467.0,461.0,482.0,215.0,210.0,202.0
2057.0,485.0,460.0,487.0,203.0,205.0,217.0
2256.0,515.0,525.0,519.0,235.0,229.0,233.0
2158.0,513.0,500.0,490.0,212.0,227.0,216.0
2271.0,527.0,530.0,526.0,216.0,240.0,232.0
2038.0,487.0,483.0,469.0,195.0,200.0,204.0
2164.0,500.0,510.0,496.0,210.0,218.0,230.0
2172.0,513.0,520.0,471.0,223.0,218.0,227.0
2137.0,515.0,496.0,473.0,219.0,222.0,212.0
2266.0,539.0,516.0,519.0,225.0,237.0,230.0
2215.0,520.0,505.0,515.0,222.0,220.0,233.0
2202.0,524.0,512.0,501.0,219.0,224.0,222.0
2343.0,551.0,548.0,539.0,233.0,231.0,241.0
2324.0,561.0,560.0,510.0,225.0,242.0,226.0
2256.0,517.0,535.0,509.0,230.0,234.0,231.0
2244.0,538.0,524.0,505.0,213.0,230.0,234.0
2268.0,538.0,514.0,523.0,220.0,238.0,235.0
2343.0,537.0,591.0,536.0,217.0,222.0,240.0
2265.0,511.0,538.0,557.0,211.0,231.0,217.0
2214.0,500.0,547.0,495.0,220.0,229.0,223.0
2362.0,540.0,565.0,579.0,218.0,228.0,232.0
2252.0,498.0,564.0,503.0,223.0,233.0,231.0
2309.0,534.0,548.0,531.0,224.0,236.0,236.0
2082.0,466.0,478.0,489.0,214.0,213.0,222.0
2091.0,471.0,484.0,501.0,215.0,216.0,204.0
2104.0,472.0,490.0,496.0,213.0,219.0,214.0
2365.0,530.0,558.0,556.0,239.0,241.0,241.0
2424.0,564.0,577.0,553.0,243.0,245.0,242.0
2198.0,508.0,509.0,513.0,225.0,216.0,227.0
2246.0,500.0,547.0,537.0,224.0,220.0,218.0
2110.0,491.0,501.0,481.0,212.0,208.0,217.0
2162.0,494.0,515.0,505.0,220.0,219.0,209.0
2169.0,508.0,469.0,517.0,227.0,220.0,228.0
2210.0,503.0,517.0,547.0,213.0,216.0,214.0
2057.0,476.0,449.0,508.0,208.0,207.0,209.0
2348.0,557.0,534.0,561.0,233.0,234.0,229.0
2198.0,554.0,487.0,527.0,212.0,213.0,205.0
2071.0,506.0,451.0,503.0,209.0,195.0,207.0
2037.0,500.0,445.0,492.0,203.0,204.0,193.0
2146.0,523.0,498.0,501.0,212.0,208.0,204.0
2141.0,527.0,479.0,500.0,221.0,210.0,204.0
2322.0,537.0,544.0,546.0,241.0,230.0,224.0
2183.0,509.0,491.0,526.0,232.0,221.0,204.0
2180.0,517.0,507.0,509.0,227.0,205.0,215.0
2080.0,491.0,477.0,505.0,212.0,197.0,198.0
2172.0,502.0,519.0,508.0,223.0,206.0,214.0
2128.0,494.0,505.0,505.0,210.0,205.0,209.0
2057.0,476.0,474.0,498.0,209.0,191.0,209.0
2210.0,494.0,528.0,507.0,225.0,225.0,231.0
2157.0,459.0,533.0,516.0,224.0,216.0,209.0
2068.0,461.0,494.0,495.0,206.0,204.0,208.0
2019.0,462.0,480.0,476.0,216.0,197.0,188.0
2317.0,542.0,540.0,533.0,244.0,229.0,229.0
2146.0,506.0,520.0,476.0,231.0,221.0,192.0
2196.0,506.0,520.0,518.0,230.0,212.0,210.0
2384.0,566.0,562.0,547.0,247.0,231.0,231.0
2245.0,526.0,520.0,528.0,232.0,218.0,221.0
2278.0,520.0,557.0,514.0,238.0,222.0,227.0
2015.0,460.0,492.0,462.0,201.0,197.0,203.0
2197.0,523.0,540.0,494.0,217.0,218.0,205.0
2268.0,519.0,541.0,542.0,224.0,221.0,221.0
2285.0,549.0,549.0,506.0,232.0,231.0,218.0
2244.0,548.0,516.0,512.0,233.0,223.0,212.0
2411.0,551.0,558.0,579.0,240.0,243.0,240.0
2257.0,541.0,501.0,538.0,235.0,228.0,214.0
2313.0,568.0,534.0,524.0,223.0,243.0,221.0
2498.0,605.0,566.0,578.0,242.0,259.0,248.0
2465.0,590.0,565.0,580.0,239.0,241.0,250.0
2375.0,571.0,542.0,551.0,231.0,239.0,241.0
2372.0,576.0,543.0,558.0,218.0,239.0,238.0
2150.0,509.0,491.0,499.0,212.0,222.0,217.0
2430.0,581.0,544.0,579.0,240.0,243.0,243.0
2355.0,537.0,564.0,534.0,236.0,232.0,252.0
2199.0,499.0,522.0,496.0,213.0,233.0,236.0
2321.0,536.0,534.0,549.0,227.0,228.0,247.0
2312.0,530.0,523.0,564.0,224.0,236.0,235.0
2227.0,501.0,519.0,527.0,215.0,232.0,233.0
2341.0,526.0,525.0,575.0,227.0,230.0,258.0
2411.0,519.0,572.0,597.0,227.0,248.0,248.0
2380.0,549.0,547.0,568.0,225.0,245.0,246.0
2364.0,524.0,546.0,566.0,239.0,246.0,243.0
2268.0,514.0,546.0,517.0,231.0,232.0,228.0
2323.0,549.0,550.0,537.0,224.0,240.0,223.0
2453.0,565.0,582.0,571.0,242.0,252.0,241.0
2262.0,519.0,525.0,537.0,210.0,231.0,240.0
2341.0,567.0,527.0,544.0,226.0,240.0,237.0
2394.0,565.0,570.0,555.0,242.0,234.0,228.0
2340.0,556.0,540.0,561.0,221.0,232.0,230.0
2234.0,525.0,528.0,526.0,214.0,215.0,226.0
2275.0,545.0,501.0,545.0,219.0,234.0,231.0
2231.0,516.0,509.0,546.0,212.0,226.0,222.0
2222.0,524.0,505.0,521.0,212.0,224.0,236.0
2453.0,575.0,570.0,572.0,247.0,249.0,240.0
2333.0,540.0,552.0,554.0,221.0,232.0,234.0
2229.0,536.0,503.0,511.0,222.0,228.0,229.0
2261.0,556.0,527.0,490.0,225.0,240.0,223.0
2165.0,477.0,499.0,530.0,220.0,219.0,220.0
2224.0,505.0,490.0,551.0,232.0,221.0,225.0
2246.0,532.0,535.0,511.0,222.0,236.0,210.0
2255.0,506.0,551.0,534.0,224.0,221.0,219.0
2276.0,542.0,527.0,492.0,246.0,230.0,239.0
2330.0,516.0,553.0,553.0,235.0,251.0,222.0
2377.0,549.0,554.0,552.0,258.0,226.0,238.0
2147.0,497.0,501.0,481.0,225.0,206.0,237.0
2246.0,517.0,552.0,498.0,219.0,228.0,232.0
2181.0,512.0,490.0,503.0,229.0,222.0,225.0
2291.0,515.0,541.0,543.0,241.0,216.0,235.0
2292.0,528.0,518.0,550.0,241.0,224.0,231.0
2398.0,581.0,532.0,549.0,250.0,245.0,241.0
2378.0,559.0,550.0,557.0,242.0,231.0,239.0
2303.0,551.0,515.0,527.0,240.0,235.0,235.0
2445.0,583.0,561.0,553.0,253.0,245.0,250.0
2280.0,553.0,515.0,528.0,241.0,218.0,225.0
2445.0,566.0,562.0,576.0,254.0,240.0,247.0
2403.0,567.0,545.0,556.0,245.0,245.0,245.0
2446.0,601.0,565.0,555.0,255.0,241.0,229.0
2492.0,603.0,564.0,574.0,245.0,251.0,255.0
2566.0,618.0,586.0,590.0,261.0,247.0,264.0
2336.0,557.0,546.0,524.0,245.0,229.0,235.0
2435.0,586.0,539.0,582.0,252.0,241.0,235.0
2300.0,552.0,523.0,547.0,230.0,226.0,222.0
2373.0,562.0,547.0,562.0,237.0,227.0,238.0
2510.0,594.0,557.0,619.0,245.0,247.0,248.0
2463.0,548.0,610.0,589.0,249.0,240.0,227.0
2392.0,522.0,584.0,593.0,226.0,239.0,228.0
2389.0,532.0,579.0,568.0,240.0,236.0,234.0
2487.0,579.0,608.0,579.0,239.0,240.0,242.0
2406.0,571.0,546.0,585.0,241.0,227.0,236.0
2440.0,548.0,594.0,560.0,246.0,246.0,246.0
2385.0,546.0,556.0,565.0,241.0,232.0,245.0
2513.0,581.0,599.0,591.0,248.0,250.0,244.0
2333.0,534.0,561.0,549.0,233.0,227.0,229.0
2425.0,545.0,561.0,604.0,235.0,245.0,235.0
2272.0,540.0,547.0,522.0,218.0,223.0,222.0
2372.0,552.0,572.0,570.0,220.0,238.0,220.0
2332.0,515.0,562.0,555.0,230.0,244.0,226.0
2421.0,563.0,568.0,569.0,237.0,245.0,239.0
2350.0,549.0,541.0,569.0,228.0,231.0,232.0
2329.0,565.0,524.0,553.0,228.0,235.0,224.0
2351.0,559.0,538.0,567.0,221.0,240.0,226.0
2287.0,540.0,538.0,534.0,222.0,235.0,218.0
2398.0,574.0,555.0,569.0,217.0,250.0,233.0
2327.0,557.0,549.0,527.0,225.0,236.0,233.0
2327.0,560.0,539.0,521.0,235.0,243.0,229.0
2271.0,543.0,508.0,521.0,236.0,233.0,230.0
2396.0,586.0,548.0,545.0,244.0,240.0,233.0
2285.0,530.0,531.0,532.0,231.0,244.0,217.0
2329.0,546.0,525.0,541.0,246.0,231.0,240.0
2301.0,515.0,541.0,547.0,228.0,244.0,226.0
2483.0,584.0,579.0,558.0,257.0,259.0,246.0
2379.0,562.0,535.0,543.0,248.0,250.0,241.0
2369.0,555.0,559.0,536.0,237.0,247.0,235.0
2491.0,578.0,584.0,576.0,248.0,251.0,254.0
2368.0,554.0,538.0,552.0,238.0,240.0,246.0
2341.0,538.0,545.0,548.0,234.0,241.0,235.0
2292.0,534.0,554.0,508.0,231.0,230.0,235.0
2433.0,553.0,576.0,570.0,239.0,251.0,244.0
2471.0,579.0,590.0,554.0,252.0,244.0,252.0
2388.0,545.0,561.0,557.0,234.0,252.0,239.0
2382.0,536.0,556.0,541.0,246.0,241.0,262.0
2477.0,576.0,580.0,562.0,250.0,245.0,264.0
2523.0,607.0,561.0,566.0,264.0,258.0,267.0
2386.0,548.0,578.0,540.0,246.0,238.0,236.0
2527.0,589.0,621.0,559.0,240.0,261.0,257.0
2584.0,589.0,610.0,609.0,267.0,250.0,259.0
2522.0,589.0,591.0,583.0,248.0,249.0,262.0
2501.0,591.0,580.0,582.0,248.0,246.0,254.0
2584.0,598.0,615.0,567.0,267.0,260.0,277.0
2602.0,606.0,639.0,587.0,258.0,251.0,261.0
2569.0,585.0,615.0,607.0,255.0,242.0,265.0
2522.0,589.0,591.0,582.0,258.0,242.0,260.0
2569.0,589.0,597.0,595.0,260.0,264.0,264.0
2547.0,585.0,600.0,607.0,260.0,245.0,250.0
2552.0,572.0,623.0,594.0,255.0,242.0,266.0
2489.0,597.0,560.0,581.0,250.0,250.0,251.0
2436.0,577.0,558.0,574.0,247.0,236.0,244.0
2496.0,555.0,575.0,610.0,242.0,248.0,266.0
2498.0,570.0,578.0,594.0,252.0,246.0,258.0
2523.0,564.0,580.0,619.0,245.0,244.0,271.0
2497.0,558.0,600.0,575.0,266.0,243.0,255.0
2564.0,569.0,602.0,627.0,254.0,249.0,263.0
2332.0,546.0,510.0,573.0,232.0,232.0,239.0
2422.0,558.0,541.0,565.0,252.0,245.0,261.0
2446.0,576.0,562.0,590.0,240.0,237.0,241.0
2495.0,591.0,579.0,590.0,249.0,236.0,250.0
2546.0,612.0,590.0,593.0,258.0,251.0,242.0
2345.0,525.0,533.0,582.0,234.0,233.0,238.0
2602.0,633.0,592.0,617.0,253.0,254.0,253.0
2579.0,632.0,583.0,601.0,256.0,248.0,259.0
2662.0,644.0,606.0,614.0,259.0,267.0,272.0
2479.0,617.0,566.0,578.0,238.0,242.0,238.0
2515.0,602.0,600.0,575.0,254.0,237.0,247.0
2561.0,629.0,584.0,604.0,241.0,252.0,251.0
2465.0,574.0,591.0,579.0,239.0,240.0,242.0
2529.0,621.0,591.0,582.0,244.0,246.0,245.0
2511.0,604.0,583.0,570.0,243.0,251.0,260.0
2512.0,594.0,611.0,558.0,250.0,255.0,244.0
2421.0,600.0,566.0,550.0,233.0,239.0,233.0
2567.0,602.0,616.0,598.0,248.0,250.0,253.0
2481.0,593.0,600.0,532.0,256.0,256.0,244.0
2260.0,530.0,545.0,517.0,226.0,221.0,221.0
2399.0,546.0,573.0,551.0,233.0,253.0,243.0
2422.0,576.0,598.0,520.0,243.0,251.0,234.0
2521.0,594.0,594.0,582.0,250.0,257.0,244.0
2499.0,576.0,615.0,549.0,247.0,251.0,261.0
2411.0,518.0,592.0,562.0,249.0,250.0,240.0
2413.0,559.0,579.0,571.0,237.0,240.0,227.0
2579.0,590.0,623.0,580.0,263.0,264.0,259.0
2390.0,540.0,579.0,547.0,257.0,238.0,229.0
2501.0,581.0,605.0,572.0,250.0,257.0,236.0
2752.0,637.0,650.0,624.0,293.0,278.0,270.0
2472.0,560.0,583.0,555.0,266.0,267.0,241.0
2537.0,617.0,583.0,583.0,256.0,248.0,250.0
2580.0,585.0,619.0,586.0,270.0,267.0,253.0
2496.0,558.0,595.0,586.0,248.0,262.0,247.0
2571.0,590.0,610.0,583.0,269.0,261.0,258.0
2657.0,641.0,592.0,631.0,270.0,267.0,256.0
2621.0,613.0,611.0,609.0,266.0,267.0,255.0
2678.0,635.0,607.0,612.0,276.0,287.0,261.0
2631.0,619.0,603.0,604.0,269.0,275.0,261.0
2469.0,576.0,564.0,591.0,250.0,247.0,241.0
2675.0,625.0,607.0,632.0,272.0,275.0,264.0
2718.0,627.0,621.0,657.0,280.0,266.0,267.0
2741.0,646.0,626.0,649.0,269.0,276.0,275.0
2569.0,620.0,584.0,602.0,247.0,259.0,257.0
2785.0,626.0,633.0,674.0,290.0,278.0,284.0
2730.0,646.0,624.0,643.0,271.0,282.0,264.0
2833.0,650.0,678.0,646.0,278.0,294.0,287.0
2651.0,602.0,614.0,648.0,263.0,261.0,263.0
2703.0,605.0,633.0,657.0,272.0,271.0,265.0
2554.0,571.0,606.0,604.0,258.0,260.0,255.0
2668.0,590.0,648.0,624.0,277.0,264.0,265.0
2726.0,618.0,634.0,650.0,279.0,275.0,270.0
2677.0,597.0,651.0,627.0,268.0,271.0,263.0
2664.0,612.0,651.0,622.0,261.0,259.0,259.0
2697.0,611.0,644.0,639.0,267.0,264.0,272.0
2618.0,612.0,626.0,601.0,260.0,253.0,266.0
2645.0,605.0,641.0,606.0,260.0,264.0,269.0
2665.0,617.0,628.0,628.0,261.0,255.0,276.0
2459.0,566.0,584.0,578.0,243.0,233.0,255.0
2679.0,623.0,653.0,611.0,265.0,262.0,265.0
2460.0,578.0,596.0,555.0,241.0,243.0,247.0
2559.0,626.0,585.0,597.0,255.0,244.0,252.0
2543.0,618.0,590.0,580.0,243.0,256.0,256.0
2509.0,607.0,595.0,555.0,244.0,251.0,257.0
2625.0,642.0,597.0,595.0,257.0,259.0,275.0
2612.0,635.0,600.0,581.0,259.0,262.0,275.0
2573.0,621.0,577.0,594.0,254.0,261.0,266.0
2566.0,610.0,611.0,577.0,248.0,246.0,274.0
2523.0,613.0,592.0,555.0,251.0,242.0,270.0
2411.0,573.0,528.0,577.0,242.0,235.0,256.0
2559.0,622.0,605.0,582.0,238.0,238.0,274.0
2436.0,585.0,566.0,553.0,237.0,239.0,256.0
2595.0,620.0,589.0,590.0,250.0,267.0,279.0
2383.0,547.0,538.0,553.0,251.0,243.0,251.0
2524.0,586.0,595.0,578.0,250.0,258.0,257.0
2380.0,544.0,543.0,575.0,230.0,235.0,253.0
2559.0,595.0,597.0,601.0,248.0,256.0,262.0
2482.0,566.0,560.0,594.0,256.0,253.0,253.0
2606.0,606.0,577.0,626.0,263.0,266.0,268.0
2670.0,607.0,632.0,618.0,269.0,272.0,272.0
2611.0,602.0,590.0,614.0,271.0,256.0,278.0
2507.0,577.0,578.0,578.0,261.0,260.0,253.0
2641.0,615.0,615.0,617.0,261.0,261.0,272.0
2752.0,650.0,650.0,642.0,273.0,262.0,275.0
2668.0,606.0,612.0,643.0,274.0,259.0,274.0
2726.0,632.0,641.0,651.0,274.0,263.0,265.0
2917.0,669.0,698.0,687.0,292.0,284.0,287.0
2668.0,630.0,628.0,618.0,261.0,260.0,271.0
2719.0,638.0,627.0,637.0,265.0,290.0,262.0
2720.0,636.0,652.0,639.0,268.0,269.0,256.0
2776.0,639.0,640.0,671.0,284.0,280.0,262.0
2623.0,618.0,611.0,611.0,266.0,265.0,252.0
2769.0,638.0,662.0,665.0,272.0,273.0,259.0
2797.0,648.0,649.0,675.0,275.0,289.0,261.0
2834.0,670.0,652.0,649.0,293.0,288.0,282.0
2820.0,646.0,683.0,660.0,281.0,283.0,267.0
2850.0,642.0,673.0,675.0,285.0,295.0,280.0
2874.0,674.0,692.0,658.0,291.0,291.0,268.0
2812.0,656.0,657.0,656.0,284.0,282.0,277.0
2878.0,672.0,695.0,659.0,288.0,295.0,269.0
2713.0,648.0,619.0,632.0,283.0,277.0,254.0
2790.0,637.0,650.0,651.0,292.0,280.0,280.0
2782.0,653.0,646.0,642.0,288.0,278.0,275.0
2586.0,589.0,613.0,608.0,265.0,268.0,243.0
2714.0,630.0,611.0,651.0,285.0,278.0,259.0
2822.0,650.0,663.0,659.0,287.0,288.0,275.0
2630.0,611.0,602.0,617.0,265.0,274.0,261.0
2775.0,644.0,622.0,650.0,287.0,290.0,282.0
2646.0,618.0,620.0,598.0,272.0,276.0,262.0
2675.0,635.0,593.0,631.0,273.0,290.0,253.0
2672.0,638.0,623.0,605.0,262.0,280.0,264.0
2742.0,673.0,615.0,625.0,273.0,288.0,268.0
2702.0,633.0,630.0,628.0,261.0,288.0,262.0
2632.0,609.0,620.0,631.0,260.0,254.0,258.0
2678.0,635.0,665.0,568.0,267.0,278.0,265.0
2503.0,610.0,543.0,589.0,246.0,259.0,256.0
2527.0,621.0,580.0,570.0,249.0,252.0,255.0
2760.0,655.0,662.0,627.0,261.0,283.0,272.0
2709.0,664.0,612.0,633.0,265.0,266.0,269.0
2712.0,666.0,634.0,604.0,266.0,277.0,265.0
2573.0,615.0,602.0,587.0,257.0,253.0,259.0
2775.0,651.0,645.0,649.0,283.0,274.0,273.0
2730.0,631.0,668.0,617.0,263.0,263.0,288.0
2697.0,630.0,644.0,610.0,264.0,267.0,282.0
2641.0,613.0,624.0,617.0,258.0,260.0,269.0
2629.0,589.0,653.0,602.0,263.0,257.0,265.0
2606.0,592.0,615.0,613.0,255.0,255.0,276.0
2595.0,591.0,623.0,616.0,244.0,254.0,267.0
2646.0,606.0,635.0,614.0,252.0,260.0,279.0
2624.0,586.0,648.0,617.0,254.0,253.0,266.0
2723.0,631.0,644.0,638.0,266.0,264.0,280.0
2623.0,592.0,608.0,634.0,265.0,254.0,270.0
2721.0,616.0,658.0,641.0,267.0,268.0,271.0
2712.0,635.0,632.0,644.0,264.0,266.0,271.0
2792.0,638.0,647.0,668.0,288.0,270.0,281.0
2790.0,635.0,647.0,675.0,273.0,272.0,288.0
2802.0,659.0,648.0,668.0,275.0,276.0,276.0
2823.0,663.0,635.0,691.0,279.0,265.0,290.0
2806.0,661.0,649.0,660.0,272.0,276.0,288.0
2744.0,644.0,616.0,664.0,278.0,266.0,276.0
2801.0,663.0,636.0,668.0,276.0,270.0,288.0
2813.0,671.0,627.0,672.0,285.0,264.0,294.0
2946.0,691.0,667.0,712.0,291.0,285.0,300.0
2942.0,688.0,690.0,690.0,305.0,280.0,289.0
2834.0,661.0,638.0,687.0,275.0,282.0,291.0
2921.0,679.0,667.0,692.0,293.0,291.0,299.0
2747.0,630.0,649.0,639.0,288.0,262.0,279.0
2787.0,647.0,652.0,654.0,291.0,262.0,281.0
2892.0,698.0,669.0,665.0,295.0,276.0,289.0
2886.0,674.0,667.0,653.0,294.0,295.0,303.0
2910.0,680.0,677.0,688.0,297.0,279.0,289.0
2794.0,649.0,638.0,646.0,286.0,289.0,286.0
2844.0,645.0,687.0,655.0,281.0,295.0,281.0
3048.0,718.0,706.0,695.0,311.0,312.0,306.0
2836.0,665.0,641.0,638.0,291.0,292.0,309.0
2884.0,637.0,714.0,659.0,296.0,291.0,287.0
2949.0,687.0,679.0,693.0,302.0,280.0,308.0
2790.0,632.0,672.0,636.0,287.0,276.0,287.0
2953.0,664.0,699.0,667.0,301.0,320.0,302.0
2839.0,657.0,681.0,634.0,292.0,284.0,291.0
2868.0,662.0,672.0,663.0,295.0,289.0,287.0
2863.0,679.0,669.0,658.0,293.0,282.0,282.0
2875.0,674.0,676.0,675.0,279.0,283.0,288.0
2790.0,621.0,701.0,623.0,290.0,273.0,282.0
2835.0,654.0,676.0,653.0,278.0,300.0,274.0
2677.0,636.0,636.0,589.0,268.0,279.0,269.0
2814.0,657.0,672.0,646.0,277.0,285.0,277.0
2830.0,656.0,674.0,647.0,280.0,290.0,283.0
2768.0,654.0,667.0,645.0,265.0,271.0,266.0
2791.0,666.0,656.0,631.0,276.0,281.0,281.0
2757.0,648.0,648.0,629.0,274.0,285.0,273.0
2736.0,660.0,643.0,623.0,268.0,277.0,265.0
2843.0,668.0,663.0,644.0,296.0,287.0,285.0
2751.0,633.0,661.0,637.0,267.0,283.0,270.0
2709.0,626.0,647.0,626.0,273.0,275.0,262.0
2695.0,630.0,634.0,624.0,272.0,274.0,261.0
2643.0,613.0,639.0,602.0,263.0,278.0,248.0
2840.0,655.0,651.0,690.0,275.0,278.0,291.0
2743.0,615.0,650.0,660.0,277.0,283.0,258.0
2885.0,658.0,669.0,703.0,292.0,286.0,277.0
2737.0,614.0,623.0,657.0,267.0,300.0,276.0
2706.0,612.0,619.0,657.0,269.0,283.0,266.0
2839.0,657.0,655.0,662.0,286.0,294.0,285.0
2707.0,607.0,628.0,648.0,280.0,284.0,260.0
2888.0,674.0,675.0,664.0,286.0,295.0,294.0
2867.0,694.0,667.0,661.0,278.0,281.0,286.0
2600.0,604.0,595.0,621.0,250.0,266.0,264.0
2832.0,644.0,667.0,674.0,280.0,286.0,281.0
2812.0,651.0,649.0,672.0,285.0,287.0,268.0
2741.0,625.0,642.0,662.0,274.0,271.0,267.0
2762.0,647.0,637.0,653.0,275.0,283.0,267.0
3183.0,739.0,748.0,778.0,300.0,310.0,308.0
2818.0,674.0,676.0,653.0,280.0,262.0,273.0
2943.0,689.0,684.0,711.0,280.0,291.0,288.0
2959.0,701.0,699.0,685.0,301.0,279.0,294.0
2981.0,723.0,700.0,690.0,296.0,286.0,286.0
2947.0,717.0,681.0,692.0,289.0,283.0,285.0
2920.0,673.0,694.0,687.0,293.0,290.0,283.0
2907.0,682.0,701.0,671.0,285.0,280.0,288.0
2898.0,684.0,693.0,667.0,284.0,288.0,282.0
2996.0,667.0,719.0,711.0,299.0,299.0,301.0
2943.0,681.0,702.0,682.0,292.0,290.0,296.0
2924.0,682.0,684.0,658.0,305.0,300.0,295.0
2974.0,686.0,704.0,684.0,308.0,292.0,300.0
2948.0,667.0,713.0,685.0,301.0,281.0,301.0
2951.0,672.0,714.0,665.0,308.0,294.0,298.0
2991.0,668.0,730.0,689.0,313.0,295.0,296.0
3031.0,709.0,726.0,680.0,308.0,303.0,305.0
3044.0,693.0,710.0,710.0,317.0,294.0,320.0
2928.0,664.0,675.0,700.0,298.0,290.0,301.0
3009.0,690.0,713.0,702.0,313.0,286.0,305.0
2967.0,705.0,697.0,675.0,308.0,285.0,297.0
3028.0,676.0,701.0,695.0,326.0,311.0,319.0
2840.0,659.0,656.0,654.0,300.0,279.0,292.0
2958.0,705.0,685.0,687.0,298.0,295.0,288.0
2979.0,691.0,689.0,693.0,304.0,300.0,302.0
2692.0,621.0,610.0,638.0,273.0,265.0,285.0
3016.0,713.0,682.0,697.0,305.0,300.0,319.0
2893.0,688.0,665.0,664.0,299.0,284.0,293.0
3073.0,726.0,711.0,693.0,322.0,308.0,313.0
2961.0,688.0,693.0,700.0,296.0,286.0,298.0
2937.0,684.0,673.0,700.0,294.0,284.0,302.0
2847.0,673.0,651.0,677.0,276.0,276.0,294.0
2860.0,651.0,672.0,690.0,283.0,287.0,277.0
2756.0,620.0,627.0,675.0,279.0,278.0,277.0
3065.0,701.0,721.0,729.0,307.0,302.0,305.0
2881.0,679.0,661.0,663.0,293.0,281.0,304.0
2973.0,679.0,699.0,696.0,295.0,299.0,305.0
2941.0,682.0,662.0,717.0,288.0,295.0,297.0
2870.0,660.0,678.0,674.0,276.0,289.0,293.0
3002.0,697.0,687.0,724.0,294.0,291.0,309.0
2893.0,689.0,669.0,690.0,278.0,281.0,286.0
2972.0,681.0,688.0,705.0,302.0,302.0,294.0
2986.0,664.0,701.0,710.0,296.0,305.0,310.0
2819.0,614.0,639.0,690.0,289.0,292.0,295.0
2907.0,645.0,704.0,703.0,278.0,294.0,283.0
3003.0,683.0,703.0,720.0,296.0,300.0,301.0
2967.0,671.0,692.0,719.0,288.0,298.0,299.0
3092.0,702.0,739.0,734.0,307.0,311.0,299.0
2878.0,649.0,705.0,666.0,284.0,283.0,291.0
3009.0,701.0,707.0,702.0,297.0,311.0,291.0
3022.0,696.0,707.0,708.0,304.0,299.0,308.0
3067.0,726.0,706.0,710.0,307.0,312.0,306.0
2986.0,676.0,708.0,703.0,295.0,307.0,297.0
3056.0,728.0,714.0,692.0,302.0,316.0,304.0
2968.0,702.0,724.0,662.0,290.0,298.0,292.0
2909.0,682.0,688.0,680.0,289.0,286.0,284.0
3017.0,740.0,704.0,684.0,294.0,306.0,289.0
2904.0,691.0,668.0,672.0,290.0,291.0,292.0
3031.0,733.0,685.0,697.0,308.0,304.0,304.0
2976.0,696.0,694.0,696.0,290.0,307.0,293.0
3148.0,744.0,714.0,738.0,319.0,325.0,308.0
3175.0,756.0,735.0,726.0,319.0,331.0,308.0
3117.0,738.0,707.0,723.0,314.0,323.0,312.0
3060.0,724.0,715.0,687.0,317.0,316.0,301.0
2985.0,709.0,682.0,684.0,302.0,304.0,304.0
3008.0,680.0,709.0,700.0,312.0,305.0,302.0
2978.0,691.0,672.0,708.0,311.0,299.0,297.0
2857.0,657.0,670.0,661.0,296.0,280.0,293.0
2907.0,682.0,678.0,685.0,296.0,279.0,287.0
2927.0,680.0,662.0,717.0,297.0,292.0,279.0
3088.0,709.0,701.0,747.0,317.0,314.0,300.0
3180.0,729.0,737.0,746.0,335.0,319.0,314.0
2890.0,677.0,665.0,667.0,305.0,292.0,284.0
2925.0,679.0,679.0,692.0,298.0,297.0,280.0
2877.0,674.0,645.0,670.0,306.0,291.0,291.0
3060.0,702.0,721.0,738.0,311.0,294.0,294.0
3054.0,707.0,703.0,716.0,314.0,311.0,303.0
2897.0,691.0,657.0,681.0,302.0,281.0,285.0
2860.0,678.0,659.0,670.0,291.0,279.0,283.0
3071.0,730.0,714.0,718.0,310.0,301.0,298.0
3130.0,750.0,719.0,749.0,311.0,300.0,301.0
2914.0,679.0,701.0,678.0,295.0,278.0,283.0
3071.0,730.0,735.0,721.0,298.0,291.0,296.0
2987.0,686.0,710.0,718.0,302.0,281.0,290.0
3113.0,723.0,727.0,750.0,315.0,292.0,306.0
2886.0,678.0,693.0,676.0,283.0,281.0,275.0
2989.0,723.0,690.0,693.0,293.0,290.0,300.0
3058.0,699.0,713.0,711.0,312.0,310.0,313.0
3035.0,711.0,676.0,732.0,306.0,308.0,302.0
3027.0,707.0,701.0,711.0,303.0,300.0,305.0
2899.0,650.0,677.0,692.0,299.0,289.0,292.0
3080.0,701.0,726.0,735.0,313.0,297.0,308.0
2996.0,681.0,692.0,708.0,302.0,303.0,310.0
2888.0,660.0,676.0,681.0,288.0,290.0,293.0
3202.0,731.0,774.0,739.0,320.0,321.0,317.0
3073.0,712.0,717.0,711.0,307.0,307.0,319.0
2908.0,668.0,674.0,692.0,289.0,290.0,295.0
2983.0,700.0,671.0,712.0,304.0,290.0,306.0
2994.0,701.0,675.0,698.0,305.0,313.0,302.0
2967.0,681.0,710.0,695.0,296.0,293.0,292.0
3107.0,746.0,711.0,721.0,311.0,303.0,315.0
2969.0,707.0,683.0,670.0,294.0,308.0,307.0
3272.0,751.0,750.0,792.0,320.0,324.0,335.0
3093.0,724.0,700.0,724.0,313.0,318.0,314.0
3126.0,749.0,704.0,740.0,286.0,327.0,320.0
3135.0,742.0,736.0,711.0,305.0,319.0,322.0
3044.0,707.0,705.0,713.0,301.0,313.0,305.0
3229.0,782.0,736.0,743.0,315.0,336.0,317.0
3218.0,765.0,738.0,752.0,307.0,319.0,337.0
3182.0,783.0,737.0,725.0,311.0,309.0,317.0
3257.0,780.0,780.0,718.0,317.0,326.0,336.0
3122.0,734.0,727.0,705.0,307.0,331.0,318.0
3189.0,785.0,751.0,714.0,312.0,323.0,304.0
3153.0,746.0,735.0,718.0,308.0,319.0,327.0
3037.0,703.0,711.0,681.0,304.0,322.0,316.0
3195.0,731.0,761.0,738.0,314.0,333.0,318.0
3296.0,769.0,778.0,754.0,328.0,330.0,337.0
3187.0,721.0,767.0,742.0,320.0,318.0,319.0
3264.0,737.0,775.0,747.0,331.0,337.0,337.0
3315.0,760.0,806.0,763.0,323.0,328.0,335.0
3200.0,689.0,773.0,775.0,314.0,323.0,326.0
3133.0,694.0,734.0,751.0,312.0,327.0,315.0
3062.0,707.0,717.0,709.0,304.0,312.0,313.0
3201.0,728.0,757.0,733.0,326.0,345.0,312.0
3126.0,700.0,759.0,724.0,318.0,308.0,317.0
3208.0,761.0,758.0,749.0,321.0,310.0,309.0
3252.0,732.0,772.0,774.0,324.0,324.0,326.0
3107.0,706.0,747.0,733.0,306.0,307.0,308.0
3236.0,745.0,755.0,780.0,309.0,323.0,324.0
3064.0,718.0,711.0,725.0,310.0,296.0,304.0
3128.0,722.0,725.0,742.0,337.0,303.0,299.0
3201.0,753.0,745.0,749.0,322.0,319.0,313.0
3144.0,745.0,696.0,755.0,321.0,312.0,315.0
2996.0,713.0,673.0,719.0,301.0,290.0,300.0
3236.0,761.0,744.0,780.0,322.0,314.0,315.0
3019.0,688.0,709.0,720.0,314.0,299.0,289.0
3055.0,730.0,692.0,707.0,324.0,307.0,295.0
3111.0,715.0,704.0,753.0,316.0,314.0,309.0
2993.0,694.0,685.0,694.0,315.0,307.0,298.0
3189.0,765.0,727.0,751.0,333.0,299.0,314.0
2980.0,678.0,688.0,722.0,307.0,286.0,299.0
3057.0,719.0,717.0,708.0,308.0,299.0,306.0
2885.0,663.0,664.0,679.0,302.0,289.0,288.0
3070.0,695.0,697.0,762.0,315.0,298.0,303.0
3100.0,725.0,738.0,727.0,305.0,306.0,299.0
3054.0,694.0,717.0,733.0,314.0,297.0,299.0
2997.0,697.0,706.0,714.0,302.0,295.0,283.0
3158.0,742.0,726.0,740.0,320.0,320.0,310.0
3057.0,721.0,713.0,713.0,308.0,295.0,307.0
3132.0,716.0,759.0,729.0,319.0,310.0,299.0
3042.0,711.0,733.0,718.0,296.0,285.0,299.0
3098.0,748.0,735.0,695.0,310.0,306.0,304.0
3202.0,761.0,759.0,736.0,314.0,309.0,323.0
3186.0,754.0,759.0,723.0,314.0,324.0,312.0
3295.0,769.0,805.0,761.0,315.0,333.0,312.0
3210.0,798.0,723.0,726.0,321.0,317.0,325.0
3244.0,799.0,769.0,730.0,309.0,316.0,321.0
3213.0,767.0,731.0,747.0,316.0,323.0,329.0
3156.0,761.0,759.0,715.0,305.0,307.0,309.0
3326.0,787.0,800.0,763.0,325.0,334.0,317.0
3164.0,755.0,749.0,722.0,306.0,311.0,321.0
3333.0,794.0,790.0,760.0,335.0,330.0,324.0
3376.0,807.0,803.0,762.0,329.0,332.0,343.0
3352.0,800.0,799.0,770.0,320.0,330.0,333.0
3273.0,781.0,741.0,755.0,330.0,325.0,341.0
3388.0,802.0,788.0,797.0,334.0,329.0,338.0
3187.0,762.0,743.0,731.0,314.0,324.0,313.0
3262.0,768.0,755.0,762.0,325.0,327.0,325.0
3194.0,752.0,733.0,749.0,320.0,321.0,319.0
3072.0,725.0,696.0,739.0,294.0,307.0,311.0
3294.0,791.0,762.0,743.0,320.0,342.0,336.0
3379.0,793.0,779.0,803.0,335.0,337.0,332.0
3329.0,762.0,775.0,792.0,336.0,334.0,330.0
3125.0,716.0,714.0,739.0,318.0,323.0,315.0
3228.0,737.0,740.0,770.0,325.0,331.0,325.0
3127.0,726.0,721.0,740.0,309.0,321.0,310.0
3172.0,718.0,745.0,751.0,313.0,319.0,326.0
3220.0,738.0,738.0,762.0,320.0,336.0,326.0
3179.0,743.0,723.0,745.0,318.0,329.0,321.0
3288.0,764.0,767.0,770.0,324.0,334.0,329.0
3256.0,764.0,735.0,768.0,331.0,329.0,329.0
3210.0,746.0,740.0,770.0,324.0,319.0,311.0
3219.0,769.0,738.0,740.0,328.0,324.0,320.0
3276.0,775.0,767.0,746.0,328.0,322.0,338.0
3166.0,756.0,696.0,752.0,313.0,325.0,324.0
3257.0,774.0,757.0,755.0,327.0,317.0,327.0
3283.0,767.0,749.0,769.0,336.0,337.0,325.0
3172.0,737.0,737.0,735.0,320.0,325.0,318.0
3202.0,746.0,759.0,725.0,322.0,325.0,325.0
3286.0,772.0,770.0,761.0,336.0,331.0,316.0
3379.0,786.0,817.0,762.0,342.0,337.0,335.0
3125.0,707.0,744.0,717.0,307.0,325.0,325.0
3110.0,745.0,715.0,699.0,323.0,321.0,307.0
3107.0,722.0,734.0,696.0,332.0,308.0,315.0
3283.0,759.0,774.0,768.0,330.0,325.0,327.0
3178.0,721.0,757.0,724.0,327.0,329.0,320.0
3261.0,752.0,787.0,738.0,332.0,320.0,332.0
3208.0,739.0,747.0,749.0,319.0,330.0,324.0
3213.0,736.0,765.0,743.0,325.0,317.0,327.0
3048.0,707.0,735.0,671.0,309.0,312.0,314.0
3309.0,751.0,776.0,804.0,326.0,322.0,330.0
3239.0,740.0,759.0,750.0,343.0,326.0,321.0
3231.0,741.0,748.0,765.0,330.0,323.0,324.0
3153.0,729.0,737.0,716.0,324.0,320.0,327.0
3372.0,792.0,803.0,764.0,342.0,332.0,339.0
3279.0,792.0,754.0,749.0,322.0,331.0,331.0
3304.0,771.0,779.0,767.0,323.0,341.0,323.0
3159.0,737.0,735.0,744.0,327.0,310.0,306.0
3242.0,766.0,750.0,742.0,322.0,318.0,344.0
3221.0,771.0,758.0,729.0,318.0,326.0,319.0
3395.0,821.0,779.0,780.0,337.0,339.0,339.0
3422.0,807.0,799.0,812.0,336.0,336.0,332.0
3271.0,789.0,743.0,764.0,326.0,325.0,324.0
3327.0,777.0,773.0,791.0,329.0,330.0,327.0
3369.0,798.0,775.0,787.0,331.0,339.0,339.0
3263.0,776.0,732.0,772.0,327.0,329.0,327.0
3248.0,766.0,740.0,780.0,326.0,312.0,324.0
3285.0,767.0,778.0,762.0,322.0,331.0,325.0
3401.0,766.0,806.0,823.0,342.0,332.0,332.0
3445.0,808.0,805.0,813.0,348.0,344.0,327.0
3456.0,801.0,800.0,841.0,328.0,341.0,345.0
3278.0,739.0,782.0,786.0,325.0,327.0,319.0
3338.0,782.0,805.0,795.0,316.0,325.0,315.0
3323.0,760.0,785.0,775.0,334.0,334.0,335.0
3345.0,765.0,790.0,806.0,333.0,324.0,327.0
3374.0,794.0,785.0,792.0,329.0,338.0,336.0
3418.0,779.0,808.0,816.0,327.0,344.0,344.0
3286.0,767.0,772.0,770.0,321.0,326.0,330.0
3360.0,791.0,792.0,774.0,327.0,335.0,341.0
3610.0,838.0,853.0,853.0,365.0,362.0,339.0
3420.0,799.0,820.0,799.0,338.0,323.0,341.0
3373.0,789.0,814.0,785.0,328.0,333.0,324.0
3456.0,794.0,820.0,828.0,342.0,338.0,334.0
3318.0,802.0,763.0,768.0,319.0,332.0,334.0
3451.0,788.0,814.0,831.0,343.0,336.0,339.0
3341.0,769.0,795.0,787.0,327.0,337.0,326.0
3245.0,756.0,745.0,753.0,329.0,331.0,331.0
3342.0,801.0,777.0,751.0,338.0,345.0,330.0
3451.0,840.0,767.0,806.0,351.0,340.0,347.0
3336.0,807.0,746.0,787.0,327.0,337.0,332.0
3244.0,760.0,765.0,757.0,318.0,319.0,325.0
3314.0,762.0,783.0,790.0,327.0,322.0,330.0
3389.0,781.0,785.0,786.0,349.0,352.0,336.0
3183.0,730.0,730.0,747.0,336.0,322.0,318.0
3275.0,784.0,748.0,757.0,335.0,320.0,331.0
3178.0,733.0,749.0,716.0,330.0,330.0,320.0
3303.0,779.0,755.0,756.0,331.0,344.0,338.0
3251.0,747.0,773.0,754.0,332.0,326.0,319.0
3234.0,748.0,758.0,740.0,330.0,332.0,326.0
3269.0,774.0,766.0,731.0,334.0,338.0,326.0
3257.0,749.0,760.0,760.0,322.0,336.0,330.0
3287.0,777.0,745.0,759.0,342.0,333.0,331.0
3234.0,722.0,766.0,739.0,337.0,334.0,336.0
3308.0,752.0,763.0,772.0,347.0,336.0,338.0
3337.0,761.0,769.0,777.0,338.0,350.0,342.0
3271.0,748.0,783.0,743.0,319.0,335.0,343.0
3401.0,793.0,800.0,793.0,338.0,340.0,337.0
3402.0,796.0,787.0,787.0,343.0,344.0,345.0
3522.0,823.0,827.0,803.0,348.0,353.0,368.0
3525.0,815.0,850.0,800.0,348.0,351.0,361.0
3473.0,798.0,779.0,829.0,354.0,356.0,357.0
3410.0,780.0,798.0,802.0,341.0,343.0,346.0
3414.0,811.0,812.0,761.0,345.0,338.0,347.0
3640.0,874.0,848.0,840.0,360.0,359.0,359.0
3599.0,845.0,838.0,831.0,352.0,361.0,372.0
3359.0,776.0,820.0,759.0,332.0,338.0,334.0
3635.0,835.0,896.0,825.0,356.0,360.0,363.0
3449.0,794.0,824.0,798.0,334.0,345.0,354.0
3676.0,877.0,879.0,838.0,362.0,354.0,366.0
3356.0,781.0,782.0,779.0,337.0,339.0,338.0
3517.0,804.0,826.0,843.0,347.0,346.0,351.0
3471.0,797.0,823.0,822.0,343.0,334.0,352.0
3406.0,780.0,813.0,805.0,324.0,333.0,351.0
3430.0,792.0,797.0,824.0,337.0,328.0,352.0
3301.0,748.0,792.0,775.0,325.0,320.0,341.0
3362.0,758.0,790.0,802.0,331.0,342.0,339.0
3465.0,786.0,813.0,835.0,340.0,342.0,349.0
3597.0,828.0,853.0,858.0,359.0,354.0,345.0
3412.0,797.0,801.0,802.0,329.0,334.0,349.0
3620.0,847.0,827.0,852.0,357.0,364.0,373.0
3516.0,821.0,806.0,838.0,352.0,347.0,352.0
3379.0,768.0,778.0,802.0,352.0,334.0,345.0
3361.0,769.0,768.0,818.0,330.0,333.0,343.0
3451.0,811.0,790.0,832.0,336.0,329.0,353.0
3323.0,767.0,762.0,796.0,342.0,332.0,324.0
3570.0,838.0,816.0,838.0,359.0,356.0,363.0
3435.0,804.0,790.0,822.0,331.0,345.0,343.0
3528.0,828.0,820.0,828.0,352.0,350.0,350.0
3362.0,816.0,767.0,759.0,345.0,336.0,339.0
3378.0,804.0,794.0,791.0,328.0,325.0,336.0
3322.0,817.0,740.0,760.0,333.0,331.0,341.0
3425.0,805.0,806.0,806.0,337.0,334.0,337.0
3369.0,812.0,782.0,782.0,335.0,330.0,328.0
3425.0,819.0,805.0,804.0,333.0,338.0,326.0
3405.0,765.0,835.0,785.0,336.0,348.0,336.0
3343.0,784.0,802.0,755.0,341.0,333.0,328.0
3435.0,819.0,808.0,785.0,345.0,335.0,343.0
3483.0,816.0,812.0,815.0,346.0,345.0,349.0
3417.0,792.0,828.0,762.0,349.0,345.0,341.0
3459.0,804.0,828.0,795.0,346.0,340.0,346.0
3372.0,763.0,803.0,791.0,343.0,334.0,338.0
3327.0,761.0,805.0,765.0,332.0,338.0,326.0
3303.0,738.0,799.0,771.0,346.0,332.0,317.0
3328.0,750.0,801.0,770.0,349.0,334.0,324.0
3521.0,823.0,835.0,818.0,345.0,348.0,352.0
3306.0,762.0,775.0,760.0,336.0,352.0,321.0
3569.0,826.0,822.0,843.0,364.0,358.0,356.0
3533.0,816.0,841.0,810.0,368.0,348.0,350.0
3455.0,830.0,809.0,792.0,344.0,346.0,334.0
3485.0,831.0,823.0,793.0,350.0,354.0,334.0
3733.0,873.0,866.0,868.0,376.0,376.0,374.0
3552.0,855.0,815.0,826.0,351.0,358.0,347.0
3523.0,827.0,814.0,820.0,350.0,360.0,352.0
3511.0,845.0,793.0,817.0,349.0,366.0,341.0
3565.0,834.0,818.0,841.0,360.0,367.0,345.0
3586.0,834.0,826.0,855.0,360.0,360.0,351.0
3496.0,839.0,799.0,813.0,346.0,351.0,348.0
3586.0,835.0,800.0,860.0,362.0,375.0,354.0
3498.0,819.0,798.0,838.0,346.0,350.0,347.0
3555.0,846.0,796.0,857.0,348.0,346.0,362.0
3597.0,836.0,812.0,865.0,353.0,371.0,360.0
3702.0,855.0,836.0,880.0,378.0,378.0,375.0
3502.0,822.0,798.0,836.0,347.0,355.0,344.0
3561.0,808.0,816.0,861.0,363.0,360.0,353.0
3613.0,828.0,866.0,843.0,367.0,362.0,347.0
3432.0,793.0,801.0,811.0,335.0,345.0,347.0
3688.0,829.0,859.0,884.0,367.0,374.0,375.0
3533.0,807.0,832.0,826.0,349.0,367.0,352.0
3591.0,840.0,832.0,829.0,354.0,371.0,365.0
3649.0,836.0,859.0,873.0,353.0,364.0,364.0
3734.0,848.0,887.0,864.0,379.0,371.0,385.0
3571.0,826.0,845.0,828.0,348.0,357.0,367.0
3644.0,860.0,861.0,842.0,348.0,371.0,362.0
3459.0,791.0,800.0,814.0,346.0,356.0,352.0
3427.0,799.0,822.0,775.0,348.0,326.0,357.0
3672.0,883.0,863.0,832.0,360.0,362.0,372.0
3514.0,825.0,827.0,817.0,351.0,345.0,349.0
3536.0,838.0,848.0,808.0,336.0,360.0,346.0
3448.0,816.0,820.0,783.0,346.0,334.0,349.0
3430.0,803.0,798.0,790.0,358.0,341.0,340.0
3478.0,830.0,820.0,784.0,338.0,349.0,357.0
3643.0,861.0,881.0,836.0,344.0,347.0,374.0
3501.0,831.0,809.0,807.0,349.0,346.0,359.0
3525.0,834.0,841.0,811.0,345.0,347.0,347.0
3561.0,829.0,845.0,817.0,359.0,352.0,359.0
3501.0,823.0,835.0,805.0,349.0,345.0,344.0
3382.0,790.0,796.0,780.0,336.0,331.0,349.0
3317.0,778.0,756.0,773.0,331.0,338.0,341.0
3424.0,818.0,774.0,787.0,341.0,353.0,351.0
3575.0,835.0,843.0,825.0,359.0,353.0,360.0
3655.0,854.0,843.0,862.0,366.0,362.0,368.0
3510.0,843.0,797.0,808.0,362.0,343.0,357.0
3266.0,780.0,760.0,749.0,323.0,317.0,337.0
3604.0,819.0,832.0,855.0,367.0,361.0,370.0
3556.0,814.0,815.0,838.0,359.0,356.0,374.0
3495.0,833.0,794.0,804.0,353.0,349.0,362.0
3498.0,794.0,814.0,819.0,366.0,345.0,360.0
3483.0,810.0,788.0,816.0,368.0,346.0,355.0
3605.0,862.0,847.0,807.0,370.0,361.0,358.0
3660.0,865.0,823.0,882.0,362.0,358.0,370.0
3606.0,829.0,825.0,872.0,368.0,352.0,360.0
3647.0,842.0,850.0,871.0,366.0,359.0,359.0
3563.0,815.0,811.0,859.0,363.0,360.0,355.0
3684.0,853.0,853.0,874.0,371.0,366.0,367.0
3750.0,868.0,867.0,890.0,382.0,376.0,367.0
3752.0,881.0,882.0,883.0,372.0,377.0,357.0
3719.0,873.0,853.0,886.0,370.0,370.0,367.0
3805.0,892.0,901.0,889.0,380.0,380.0,363.0
3687.0,907.0,835.0,850.0,366.0,358.0,371.0
3697.0,874.0,865.0,866.0,369.0,369.0,354.0
3692.0,883.0,860.0,832.0,363.0,387.0,367.0
3749.0,872.0,872.0,901.0,373.0,367.0,364.0
3731.0,864.0,885.0,887.0,369.0,368.0,358.0
3696.0,874.0,862.0,864.0,370.0,379.0,347.0
3870.0,885.0,931.0,888.0,395.0,387.0,384.0
3678.0,846.0,870.0,862.0,377.0,364.0,359.0
3637.0,825.0,873.0,845.0,369.0,368.0,357.0
3773.0,867.0,897.0,869.0,385.0,384.0,371.0
3678.0,866.0,856.0,844.0,378.0,374.0,360.0
3806.0,873.0,909.0,893.0,372.0,380.0,379.0
3580.0,843.0,825.0,837.0,356.0,364.0,355.0
3779.0,875.0,890.0,880.0,373.0,387.0,374.0
3524.0,830.0,829.0,813.0,350.0,364.0,338.0
3624.0,864.0,828.0,845.0,362.0,371.0,354.0
3644.0,844.0,844.0,853.0,371.0,373.0,359.0
3768.0,883.0,871.0,887.0,368.0,392.0,367.0
3461.0,795.0,808.0,789.0,354.0,362.0,353.0
3662.0,858.0,849.0,849.0,354.0,386.0,366.0
3575.0,850.0,839.0,839.0,347.0,359.0,341.0
3580.0,833.0,841.0,823.0,357.0,364.0,362.0
3518.0,836.0,821.0,808.0,347.0,362.0,344.0
3523.0,856.0,793.0,813.0,348.0,356.0,357.0
3794.0,883.0,879.0,884.0,382.0,393.0,373.0
3553.0,867.0,799.0,820.0,354.0,360.0,353.0
3627.0,863.0,819.0,861.0,349.0,371.0,364.0
3600.0,854.0,820.0,817.0,364.0,374.0,371.0
3644.0,869.0,825.0,853.0,372.0,365.0,360.0
3613.0,861.0,836.0,838.0,359.0,356.0,363.0
3614.0,831.0,861.0,848.0,345.0,373.0,356.0
3677.0,885.0,838.0,863.0,368.0,361.0,362.0
3612.0,841.0,859.0,824.0,362.0,366.0,360.0
3481.0,797.0,798.0,843.0,354.0,341.0,348.0
3694.0,876.0,873.0,841.0,368.0,376.0,360.0
3807.0,891.0,918.0,867.0,381.0,372.0,378.0
3659.0,858.0,868.0,856.0,362.0,346.0,369.0
3631.0,851.0,841.0,849.0,356.0,367.0,367.0
3704.0,850.0,871.0,894.0,364.0,360.0,365.0
3582.0,804.0,845.0,830.0,364.0,369.0,370.0
3739.0,848.0,879.0,894.0,375.0,371.0,372.0
3749.0,854.0,907.0,881.0,376.0,364.0,367.0
3570.0,820.0,836.0,852.0,362.0,340.0,360.0
3661.0,828.0,869.0,860.0,369.0,368.0,367.0
3790.0,882.0,895.0,876.0,394.0,360.0,383.0
3713.0,886.0,861.0,853.0,374.0,362.0,377.0
3667.0,885.0,855.0,849.0,368.0,352.0,358.0
3797.0,878.0,866.0,906.0,385.0,381.0,381.0
3778.0,894.0,866.0,904.0,383.0,360.0,371.0
3849.0,880.0,897.0,910.0,397.0,374.0,391.0
3758.0,915.0,869.0,864.0,372.0,367.0,371.0
3795.0,870.0,893.0,886.0,396.0,362.0,388.0
3787.0,893.0,874.0,900.0,369.0,366.0,385.0
3895.0,925.0,913.0,905.0,392.0,382.0,378.0
3713.0,891.0,861.0,875.0,371.0,360.0,355.0
3787.0,892.0,865.0,881.0,386.0,376.0,387.0
3854.0,887.0,893.0,924.0,397.0,375.0,378.0
3833.0,889.0,909.0,893.0,398.0,367.0,377.0
3729.0,870.0,864.0,865.0,387.0,365.0,378.0
3913.0,913.0,908.0,929.0,388.0,386.0,389.0
3790.0,884.0,883.0,883.0,378.0,375.0,387.0
3939.0,915.0,892.0,928.0,414.0,381.0,409.0
3762.0,895.0,873.0,856.0,377.0,374.0,387.0
3785.0,880.0,877.0,865.0,391.0,377.0,395.0
3659.0,844.0,846.0,853.0,374.0,364.0,378.0
3725.0,879.0,880.0,849.0,379.0,367.0,371.0
3777.0,879.0,875.0,875.0,379.0,387.0,382.0
3595.0,841.0,837.0,843.0,351.0,355.0,368.0
3837.0,897.0,894.0,892.0,373.0,390.0,391.0
3742.0,848.0,866.0,875.0,375.0,391.0,387.0
3767.0,883.0,899.0,855.0,383.0,380.0,367.0
3808.0,894.0,888.0,885.0,382.0,380.0,379.0
3718.0,867.0,852.0,864.0,372.0,388.0,375.0
3768.0,891.0,884.0,851.0,368.0,388.0,386.0
3752.0,874.0,881.0,863.0,384.0,383.0,367.0
3609.0,846.0,864.0,827.0,361.0,362.0,349.0
3783.0,906.0,892.0,875.0,365.0,378.0,367.0
3793.0,887.0,907.0,871.0,382.0,383.0,363.0
3721.0,863.0,873.0,893.0,356.0,371.0,365.0
3683.0,864.0,882.0,834.0,361.0,379.0,363.0
3764.0,912.0,869.0,861.0,374.0,376.0,372.0
3699.0,852.0,887.0,841.0,361.0,393.0,365.0
3822.0,910.0,897.0,881.0,372.0,383.0,379.0
3648.0,861.0,875.0,830.0,366.0,368.0,348.0
3658.0,878.0,857.0,842.0,352.0,370.0,359.0
3684.0,878.0,854.0,856.0,363.0,365.0,368.0
3876.0,889.0,927.0,923.0,372.0,384.0,381.0
3623.0,823.0,854.0,854.0,359.0,376.0,357.0
3775.0,883.0,907.0,896.0,367.0,374.0,348.0
3772.0,878.0,870.0,882.0,380.0,392.0,370.0
3733.0,847.0,876.0,888.0,372.0,379.0,371.0
3662.0,858.0,865.0,848.0,355.0,368.0,368.0
3711.0,847.0,875.0,872.0,361.0,379.0,377.0
3771.0,860.0,884.0,909.0,363.0,381.0,374.0
3774.0,848.0,871.0,925.0,378.0,379.0,373.0
3722.0,870.0,857.0,891.0,366.0,382.0,356.0
3853.0,899.0,872.0,944.0,380.0,386.0,372.0
3729.0,875.0,834.0,902.0,379.0,377.0,362.0
3812.0,904.0,891.0,884.0,381.0,378.0,374.0
3980.0,935.0,912.0,949.0,402.0,399.0,383.0
4021.0,941.0,909.0,962.0,404.0,409.0,396.0
3810.0,910.0,850.0,905.0,389.0,378.0,378.0
3757.0,876.0,887.0,871.0,375.0,375.0,373.0
3814.0,903.0,880.0,900.0,376.0,378.0,377.0
3924.0,912.0,888.0,942.0,399.0,392.0,391.0
3805.0,893.0,883.0,885.0,395.0,368.0,381.0
3948.0,927.0,927.0,924.0,394.0,384.0,392.0
3995.0,950.0,929.0,937.0,405.0,378.0,396.0
4123.0,985.0,968.0,955.0,407.0,407.0,401.0
3809.0,890.0,857.0,898.0,393.0,382.0,389.0
3940.0,919.0,943.0,913.0,391.0,385.0,389.0
3980.0,923.0,930.0,929.0,402.0,398.0,398.0
3853.0,901.0,918.0,893.0,381.0,379.0,381.0
3945.0,920.0,930.0,896.0,402.0,397.0,400.0
3911.0,905.0,935.0,912.0,400.0,378.0,381.0
3717.0,855.0,910.0,835.0,377.0,364.0,376.0
3856.0,892.0,933.0,874.0,388.0,376.0,393.0
4082.0,941.0,961.0,954.0,416.0,399.0,411.0
3917.0,895.0,943.0,888.0,409.0,381.0,401.0
3825.0,909.0,912.0,863.0,383.0,376.0,382.0
3882.0,903.0,918.0,900.0,375.0,394.0,392.0
3743.0,865.0,890.0,865.0,372.0,371.0,380.0
3793.0,875.0,899.0,889.0,360.0,382.0,388.0
3866.0,911.0,887.0,898.0,382.0,388.0,400.0
3850.0,878.0,920.0,885.0,377.0,389.0,401.0
3757.0,878.0,869.0,870.0,387.0,370.0,383.0
3905.0,934.0,911.0,924.0,375.0,363.0,398.0
3889.0,938.0,886.0,911.0,385.0,377.0,392.0
3917.0,923.0,887.0,933.0,395.0,373.0,406.0
3749.0,911.0,848.0,875.0,370.0,368.0,377.0
3904.0,933.0,893.0,908.0,390.0,389.0,391.0
3939.0,945.0,891.0,914.0,396.0,397.0,396.0
3894.0,927.0,893.0,914.0,388.0,387.0,385.0
3844.0,922.0,861.0,899.0,372.0,395.0,395.0
3663.0,872.0,819.0,871.0,357.0,369.0,375.0
3723.0,861.0,869.0,888.0,361.0,364.0,380.0
3869.0,883.0,882.0,943.0,382.0,395.0,384.0
3936.0,911.0,886.0,956.0,401.0,394.0,388.0
3906.0,912.0,892.0,932.0,379.0,390.0,401.0
3825.0,884.0,873.0,917.0,378.0,384.0,389.0
3807.0,892.0,884.0,881.0,376.0,392.0,382.0
3842.0,895.0,882.0,917.0,367.0,388.0,393.0
3597.0,809.0,818.0,861.0,372.0,363.0,374.0
3863.0,900.0,887.0,905.0,393.0,390.0,388.0
3834.0,875.0,885.0,899.0,378.0,403.0,394.0
3887.0,902.0,899.0,921.0,380.0,399.0,386.0
3842.0,877.0,895.0,918.0,371.0,392.0,389.0
4024.0,932.0,937.0,956.0,402.0,405.0,392.0
3869.0,897.0,916.0,896.0,396.0,366.0,398.0
3975.0,929.0,934.0,920.0,395.0,405.0,392.0
3974.0,907.0,916.0,939.0,402.0,404.0,406.0
3979.0,939.0,941.0,919.0,396.0,404.0,380.0
3974.0,923.0,943.0,918.0,400.0,403.0,387.0
4054.0,918.0,969.0,938.0,411.0,414.0,404.0
3960.0,948.0,934.0,899.0,391.0,400.0,388.0
4045.0,974.0,932.0,944.0,403.0,408.0,384.0
3883.0,908.0,912.0,884.0,400.0,394.0,385.0
4046.0,965.0,938.0,941.0,409.0,399.0,394.0
3906.0,916.0,908.0,908.0,391.0,384.0,399.0
3964.0,905.0,957.0,918.0,402.0,397.0,385.0
3919.0,912.0,919.0,912.0,397.0,397.0,382.0
4018.0,935.0,951.0,936.0,403.0,403.0,390.0
3987.0,929.0,939.0,923.0,402.0,403.0,391.0
3912.0,914.0,915.0,890.0,405.0,398.0,390.0
4061.0,949.0,939.0,936.0,419.0,420.0,398.0
3938.0,918.0,916.0,908.0,403.0,406.0,387.0
4046.0,946.0,943.0,939.0,419.0,399.0,400.0
3972.0,917.0,913.0,928.0,419.0,398.0,397.0
3963.0,917.0,907.0,921.0,409.0,404.0,405.0
3949.0,906.0,916.0,929.0,405.0,404.0,389.0
3905.0,911.0,895.0,905.0,403.0,401.0,390.0
4076.0,940.0,951.0,940.0,419.0,413.0,413.0
3779.0,878.0,860.0,895.0,391.0,383.0,372.0
4000.0,927.0,938.0,935.0,398.0,398.0,404.0
3928.0,916.0,901.0,932.0,401.0,385.0,393.0
3949.0,926.0,913.0,920.0,402.0,388.0,400.0
3945.0,916.0,910.0,936.0,404.0,389.0,390.0
3962.0,932.0,905.0,928.0,392.0,407.0,398.0
4049.0,963.0,916.0,953.0,417.0,398.0,402.0
3979.0,949.0,918.0,926.0,395.0,392.0,399.0
4035.0,927.0,963.0,935.0,399.0,412.0,399.0
3994.0,934.0,935.0,946.0,398.0,399.0,382.0
4065.0,965.0,963.0,938.0,408.0,387.0,404.0
4027.0,940.0,966.0,953.0,389.0,388.0,391.0
3917.0,933.0,925.0,905.0,392.0,373.0,389.0
3890.0,919.0,914.0,905.0,382.0,380.0,390.0
3832.0,881.0,920.0,903.0,379.0,371.0,378.0
3998.0,946.0,940.0,938.0,387.0,383.0,404.0
3879.0,884.0,904.0,929.0,383.0,393.0,386.0
4074.0,954.0,938.0,973.0,406.0,403.0,400.0
3874.0,891.0,902.0,945.0,378.0,375.0,383.0
4000.0,901.0,951.0,971.0,394.0,388.0,395.0
3793.0,874.0,899.0,893.0,366.0,376.0,385.0
3840.0,901.0,901.0,902.0,365.0,371.0,400.0
3991.0,918.0,932.0,942.0,396.0,396.0,407.0
3922.0,887.0,919.0,930.0,391.0,395.0,400.0
4046.0,933.0,956.0,939.0,397.0,405.0,416.0
3978.0,917.0,915.0,927.0,407.0,400.0,412.0
3935.0,899.0,913.0,929.0,394.0,400.0,400.0
4037.0,936.0,966.0,933.0,394.0,388.0,420.0
3949.0,922.0,924.0,916.0,393.0,393.0,401.0
3887.0,901.0,921.0,913.0,379.0,388.0,385.0
4034.0,967.0,913.0,922.0,403.0,410.0,419.0
3986.0,940.0,924.0,932.0,391.0,390.0,409.0
4084.0,964.0,949.0,945.0,404.0,402.0,420.0
4086.0,967.0,936.0,953.0,402.0,409.0,419.0
4108.0,985.0,946.0,937.0,406.0,425.0,409.0
4176.0,1000.0,968.0,953.0,413.0,412.0,430.0
4133.0,968.0,962.0,945.0,416.0,415.0,427.0
4048.0,960.0,940.0,920.0,395.0,427.0,406.0
4119.0,977.0,928.0,952.0,422.0,420.0,420.0
4095.0,962.0,952.0,939.0,408.0,422.0,412.0
4158.0,974.0,952.0,960.0,429.0,423.0,420.0
4168.0,970.0,966.0,953.0,423.0,431.0,425.0
4048.0,941.0,957.0,926.0,403.0,412.0,409.0
4103.0,951.0,957.0,943.0,413.0,421.0,418.0
4160.0,947.0,951.0,999.0,413.0,432.0,418.0
4177.0,947.0,965.0,988.0,420.0,424.0,433.0
4096.0,942.0,958.0,945.0,425.0,414.0,412.0
4061.0,936.0,946.0,944.0,414.0,406.0,415.0
4224.0,987.0,1004.0,969.0,428.0,431.0,405.0
4020.0,927.0,953.0,931.0,415.0,396.0,398.0
4172.0,958.0,998.0,949.0,433.0,415.0,419.0
4131.0,965.0,973.0,939.0,428.0,411.0,415.0
4167.0,964.0,973.0,966.0,426.0,422.0,416.0
4088.0,930.0,985.0,949.0,418.0,411.0,395.0
4192.0,966.0,986.0,958.0,422.0,428.0,432.0
4151.0,974.0,984.0,959.0,417.0,417.0,400.0
3944.0,893.0,948.0,921.0,404.0,385.0,393.0
4019.0,944.0,947.0,937.0,400.0,397.0,394.0
4187.0,990.0,979.0,988.0,409.0,420.0,401.0
4104.0,958.0,970.0,965.0,411.0,407.0,393.0
4042.0,936.0,956.0,939.0,409.0,405.0,397.0
4100.0,960.0,939.0,972.0,416.0,405.0,408.0
3936.0,933.0,893.0,935.0,388.0,404.0,383.0
4079.0,964.0,956.0,950.0,406.0,400.0,403.0
4049.0,956.0,943.0,928.0,408.0,410.0,404.0
4102.0,981.0,923.0,968.0,411.0,406.0,413.0
3992.0,949.0,934.0,923.0,392.0,400.0,394.0
3882.0,904.0,884.0,935.0,382.0,398.0,379.0
3962.0,925.0,912.0,958.0,382.0,397.0,388.0
4048.0,956.0,922.0,979.0,403.0,397.0,391.0
3967.0,937.0,917.0,937.0,398.0,393.0,385.0
4066.0,948.0,939.0,973.0,400.0,404.0,402.0
4016.0,947.0,919.0,944.0,410.0,394.0,402.0
4010.0,938.0,938.0,939.0,396.0,397.0,402.0
4031.0,923.0,946.0,967.0,403.0,403.0,389.0
4180.0,949.0,981.0,981.0,420.0,413.0,436.0
3903.0,887.0,928.0,922.0,386.0,395.0,385.0
4305.0,1018.0,1014.0,1012.0,422.0,414.0,425.0
3915.0,902.0,926.0,915.0,385.0,390.0,397.0
3957.0,918.0,929.0,929.0,395.0,394.0,392.0
3993.0,933.0,930.0,966.0,391.0,385.0,388.0
4158.0,985.0,978.0,959.0,410.0,418.0,408.0
4143.0,959.0,982.0,967.0,421.0,405.0,409.0
4150.0,981.0,955.0,972.0,412.0,415.0,415.0
4138.0,992.0,980.0,945.0,411.0,403.0,407.0
4258.0,1019.0,985.0,986.0,425.0,416.0,427.0
4222.0,999.0,1015.0,974.0,411.0,418.0,405.0
4225.0,994.0,1025.0,962.0,423.0,402.0,419.0
4197.0,1015.0,999.0,958.0,409.0,412.0,404.0
4126.0,957.0,967.0,970.0,411.0,420.0,401.0
4371.0,1045.0,1034.0,998.0,441.0,410.0,443.0
4265.0,1019.0,1000.0,965.0,427.0,420.0,434.0
4160.0,990.0,976.0,936.0,420.0,422.0,416.0
4104.0,968.0,958.0,957.0,410.0,405.0,406.0
4221.0,990.0,995.0,969.0,430.0,420.0,417.0
4315.0,1018.0,1017.0,985.0,439.0,430.0,426.0
4278.0,983.0,1012.0,983.0,446.0,430.0,424.0
4281.0,975.0,1012.0,1002.0,435.0,439.0,418.0
4159.0,963.0,958.0,975.0,426.0,425.0,412.0
4204.0,953.0,981.0,979.0,438.0,428.0,425.0
4232.0,971.0,995.0,995.0,426.0,420.0,425.0
4335.0,1015.0,990.0,1043.0,429.0,428.0,430.0
4314.0,980.0,1000.0,1029.0,437.0,428.0,440.0
4285.0,998.0,978.0,1011.0,435.0,428.0,435.0
4180.0,966.0,945.0,1000.0,421.0,435.0,413.0
4207.0,999.0,955.0,990.0,424.0,423.0,416.0
4139.0,945.0,969.0,965.0,429.0,417.0,414.0
4154.0,962.0,951.0,995.0,419.0,410.0,417.0
4212.0,970.0,963.0,1008.0,421.0,427.0,423.0
4169.0,992.0,954.0,974.0,413.0,410.0,426.0
4290.0,992.0,960.0,1015.0,441.0,440.0,442.0
4104.0,990.0,896.0,965.0,427.0,411.0,415.0
4180.0,1004.0,932.0,991.0,412.0,428.0,413.0
4131.0,987.0,940.0,977.0,397.0,418.0,412.0
4193.0,987.0,946.0,1000.0,415.0,424.0,421.0
4114.0,953.0,944.0,952.0,419.0,430.0,416.0
4103.0,963.0,918.0,985.0,414.0,411.0,412.0
4259.0,977.0,994.0,997.0,436.0,429.0,426.0
4293.0,994.0,1012.0,994.0,421.0,430.0,442.0
4126.0,961.0,981.0,946.0,406.0,410.0,422.0
4111.0,949.0,971.0,960.0,403.0,416.0,412.0
4236.0,994.0,982.0,994.0,424.0,426.0,416.0
4179.0,961.0,990.0,975.0,419.0,413.0,421.0
3955.0,900.0,918.0,926.0,410.0,395.0,406.0
4080.0,930.0,987.0,924.0,415.0,413.0,411.0
4153.0,937.0,999.0,960.0,415.0,426.0,416.0
4132.0,947.0,969.0,949.0,415.0,428.0,424.0
4138.0,968.0,984.0,952.0,410.0,420.0,404.0
4206.0,976.0,1001.0,953.0,419.0,432.0,425.0
4272.0,991.0,1013.0,985.0,411.0,440.0,432.0
4211.0,962.0,1030.0,958.0,423.0,415.0,423.0
4269.0,1019.0,1001.0,971.0,417.0,428.0,433.0
4260.0,997.0,989.0,987.0,430.0,434.0,423.0
4160.0,1005.0,954.0,959.0,417.0,410.0,415.0
4168.0,966.0,994.0,972.0,405.0,417.0,414.0
4170.0,985.0,961.0,970.0,404.0,438.0,412.0
4207.0,1034.0,983.0,926.0,414.0,421.0,429.0
4184.0,988.0,962.0,977.0,416.0,413.0,428.0
4386.0,1048.0,1027.0,1005.0,430.0,436.0,440.0
4301.0,1025.0,1003.0,998.0,427.0,419.0,429.0
4367.0,1024.0,1024.0,1022.0,428.0,437.0,432.0
4199.0,1021.0,937.0,986.0,420.0,428.0,407.0
4346.0,1021.0,986.0,1048.0,429.0,435.0,427.0
4246.0,1017.0,973.0,997.0,419.0,424.0,416.0
4362.0,1047.0,999.0,1029.0,429.0,430.0,428.0
4362.0,1002.0,1017.0,1049.0,433.0,427.0,434.0
4336.0,998.0,1010.0,1022.0,429.0,439.0,438.0
4136.0,947.0,965.0,991.0,413.0,411.0,409.0
4427.0,1019.0,1022.0,1070.0,445.0,435.0,436.0
4481.0,1044.0,1061.0,1056.0,441.0,441.0,438.0
4337.0,1018.0,984.0,1036.0,436.0,429.0,434.0
4357.0,1008.0,1016.0,1025.0,436.0,440.0,432.0
4166.0,968.0,961.0,989.0,419.0,412.0,417.0
4319.0,1013.0,988.0,1048.0,425.0,426.0,419.0
4382.0,1007.0,1041.0,1046.0,432.0,433.0,423.0
4330.0,999.0,1030.0,1006.0,438.0,431.0,426.0
4200.0,956.0,998.0,994.0,429.0,419.0,404.0
4260.0,999.0,991.0,999.0,436.0,418.0,417.0
4404.0,1023.0,1043.0,1014.0,447.0,437.0,440.0
4192.0,964.0,996.0,992.0,423.0,407.0,410.0
4296.0,1001.0,1021.0,1007.0,429.0,421.0,417.0
4335.0,1016.0,1015.0,1022.0,436.0,414.0,432.0
4248.0,1009.0,1003.0,986.0,415.0,427.0,408.0
4417.0,1027.0,1049.0,1039.0,441.0,427.0,434.0
4197.0,953.0,1005.0,999.0,422.0,414.0,404.0
4177.0,991.0,998.0,963.0,415.0,412.0,398.0
4376.0,1014.0,1020.0,1034.0,439.0,438.0,431.0
4246.0,1013.0,1006.0,942.0,437.0,422.0,426.0
4142.0,973.0,956.0,967.0,416.0,414.0,416.0
4231.0,1020.0,957.0,989.0,424.0,426.0,415.0
4311.0,1001.0,1012.0,998.0,431.0,437.0,432.0
4317.0,1011.0,980.0,1013.0,440.0,437.0,436.0
4186.0,965.0,985.0,954.0,430.0,432.0,420.0
4219.0,955.0,986.0,979.0,431.0,437.0,431.0
4321.0,1004.0,1002.0,1009.0,442.0,432.0,432.0
4379.0,1015.0,1031.0,1007.0,445.0,438.0,443.0
4242.0,1004.0,1013.0,943.0,427.0,426.0,429.0
4084.0,944.0,951.0,939.0,410.0,418.0,422.0
4174.0,950.0,978.0,984.0,417.0,419.0,426.0
4167.0,956.0,976.0,955.0,421.0,432.0,427.0
4298.0,992.0,990.0,1022.0,436.0,438.0,420.0
4240.0,997.0,968.0,969.0,428.0,436.0,442.0
4079.0,930.0,953.0,948.0,407.0,423.0,418.0
4346.0,1008.0,1015.0,1017.0,437.0,439.0,430.0
4204.0,976.0,967.0,975.0,421.0,431.0,434.0
4212.0,966.0,1002.0,976.0,423.0,430.0,415.0
4422.0,1040.0,1018.0,1025.0,445.0,449.0,445.0
4293.0,1025.0,979.0,973.0,439.0,442.0,435.0
4515.0,1056.0,1045.0,1051.0,444.0,456.0,463.0
4347.0,1004.0,1016.0,1004.0,426.0,446.0,451.0
4457.0,1055.0,1057.0,1019.0,426.0,456.0,444.0
4581.0,1086.0,1053.0,1071.0,445.0,463.0,463.0
4483.0,1076.0,1052.0,1035.0,428.0,447.0,445.0
4541.0,1062.0,1059.0,1066.0,450.0,449.0,455.0
4572.0,1065.0,1064.0,1065.0,454.0,452.0,472.0
4456.0,1022.0,1052.0,1022.0,441.0,462.0,457.0
4509.0,1023.0,1075.0,1067.0,437.0,452.0,455.0
4468.0,1048.0,1033.0,1052.0,447.0,440.0,448.0
4344.0,1011.0,1042.0,1015.0,422.0,424.0,430.0
4388.0,1023.0,1027.0,1025.0,434.0,438.0,441.0
4481.0,1022.0,1061.0,1076.0,429.0,440.0,453.0
4310.0,971.0,1011.0,1018.0,432.0,434.0,444.0
4403.0,992.0,1054.0,1045.0,438.0,436.0,438.0
4514.0,1022.0,1055.0,1092.0,443.0,447.0,455.0
4322.0,992.0,1000.0,1035.0,422.0,434.0,439.0
4376.0,1031.0,1005.0,1040.0,435.0,421.0,444.0
4382.0,997.0,1031.0,1038.0,445.0,430.0,441.0
4358.0,1039.0,1010.0,1006.0,422.0,439.0,442.0
4219.0,972.0,975.0,1003.0,427.0,420.0,422.0
4501.0,1040.0,1052.0,1080.0,443.0,433.0,453.0
4461.0,1045.0,1030.0,1047.0,446.0,449.0,444.0
4281.0,992.0,977.0,1030.0,428.0,430.0,424.0
4446.0,1019.0,1027.0,1048.0,452.0,450.0,450.0
4351.0,1019.0,990.0,1022.0,439.0,438.0,443.0
4311.0,1041.0,985.0,996.0,438.0,427.0,424.0
4400.0,1023.0,1002.0,1039.0,451.0,439.0,446.0
4421.0,1016.0,1040.0,1045.0,440.0,435.0,445.0
4342.0,1024.0,1017.0,1014.0,430.0,419.0,438.0
4284.0,1012.0,989.0,1003.0,435.0,418.0,427.0
4232.0,988.0,998.0,984.0,425.0,417.0,420.0
4362.0,1024.0,1020.0,1018.0,440.0,426.0,434.0
4322.0,1025.0,1008.0,995.0,434.0,428.0,432.0
4357.0,1017.0,1006.0,1014.0,449.0,428.0,443.0
4124.0,974.0,959.0,955.0,429.0,411.0,396.0
4118.0,971.0,982.0,936.0,420.0,399.0,410.0
4296.0,1005.0,1016.0,963.0,450.0,422.0,440.0
4328.0,1011.0,1008.0,1003.0,443.0,437.0,426.0
4317.0,1028.0,1001.0,1007.0,433.0,422.0,426.0
4279.0,1004.0,992.0,987.0,445.0,424.0,427.0
4282.0,957.0,1025.0,996.0,440.0,432.0,432.0
4251.0,977.0,1016.0,982.0,435.0,420.0,421.0
4276.0,967.0,1023.0,1005.0,439.0,425.0,417.0
4250.0,982.0,1006.0,980.0,426.0,425.0,431.0
4340.0,1014.0,1033.0,992.0,439.0,434.0,428.0
4290.0,984.0,1025.0,1004.0,424.0,429.0,424.0
4423.0,1028.0,1025.0,1033.0,441.0,452.0,444.0
4491.0,1067.0,1049.0,1048.0,448.0,441.0,438.0
4345.0,990.0,1011.0,1035.0,429.0,445.0,435.0
4537.0,1057.0,1059.0,1073.0,443.0,460.0,445.0
4528.0,1071.0,1063.0,1051.0,442.0,460.0,441.0
4599.0,1082.0,1069.0,1073.0,460.0,460.0,455.0
4370.0,1012.0,1025.0,1041.0,428.0,439.0,425.0
4515.0,1070.0,1018.0,1062.0,448.0,465.0,452.0
4633.0,1103.0,1080.0,1079.0,452.0,466.0,453.0
4578.0,1081.0,1046.0,1093.0,448.0,456.0,454.0
4550.0,1073.0,1076.0,1054.0,452.0,446.0,449.0
4542.0,1075.0,1028.0,1086.0,444.0,455.0,454.0
4525.0,1080.0,1039.0,1050.0,449.0,451.0,456.0
4529.0,1055.0,1042.0,1076.0,449.0,457.0,450.0
4616.0,1069.0,1077.0,1087.0,448.0,467.0,468.0
4525.0,1064.0,1022.0,1080.0,445.0,466.0,448.0
4588.0,1034.0,1073.0,1073.0,462.0,473.0,473.0
4536.0,1060.0,1056.0,1053.0,452.0,451.0,464.0
4485.0,1038.0,1031.0,1066.0,436.0,461.0,453.0
4476.0,1028.0,1020.0,1067.0,449.0,450.0,462.0
4549.0,1044.0,1054.0,1062.0,451.0,467.0,471.0
4492.0,1031.0,1033.0,1057.0,460.0,450.0,461.0
4473.0,1037.0,1028.0,1073.0,434.0,456.0,445.0
4489.0,1031.0,1028.0,1061.0,455.0,468.0,446.0
4279.0,1006.0,1003.0,984.0,421.0,430.0,435.0
4348.0,1009.0,1011.0,1036.0,415.0,437.0,440.0
4472.0,1024.0,1055.0,1051.0,433.0,454.0,455.0
4480.0,1035.0,1059.0,1051.0,434.0,449.0,452.0
4408.0,1035.0,1021.0,1032.0,431.0,439.0,450.0
4443.0,1046.0,1026.0,1025.0,451.0,452.0,443.0
4585.0,1073.0,1090.0,1051.0,462.0,449.0,460.0
4356.0,1027.0,994.0,1009.0,445.0,436.0,445.0
4455.0,1049.0,1065.0,1008.0,435.0,445.0,453.0
4559.0,1067.0,1091.0,1043.0,452.0,448.0,458.0
4423.0,1056.0,1043.0,992.0,440.0,438.0,454.0
4418.0,1020.0,1044.0,1026.0,446.0,439.0,443.0
4511.0,1051.0,1090.0,1044.0,442.0,432.0,452.0
4405.0,1019.0,1037.0,1022.0,449.0,438.0,440.0
4362.0,1021.0,1036.0,1005.0,442.0,417.0,441.0
4486.0,1051.0,1063.0,1016.0,449.0,452.0,455.0
4453.0,1041.0,1042.0,1042.0,440.0,438.0,450.0
4461.0,1006.0,1064.0,1028.0,461.0,449.0,453.0
4438.0,1058.0,1058.0,987.0,436.0,449.0,450.0
4509.0,1068.0,1059.0,1021.0,459.0,439.0,463.0
4467.0,1034.0,1066.0,1029.0,450.0,439.0,449.0
4281.0,999.0,999.0,982.0,440.0,428.0,433.0
4463.0,1010.0,1036.0,1053.0,464.0,454.0,446.0
4464.0,1035.0,1043.0,1041.0,452.0,449.0,444.0
4623.0,1075.0,1087.0,1069.0,475.0,451.0,466.0
4387.0,1001.0,1045.0,1002.0,449.0,446.0,444.0
4571.0,1083.0,1058.0,1071.0,470.0,437.0,452.0
4554.0,1051.0,1051.0,1060.0,471.0,453.0,468.0
4441.0,1041.0,1039.0,1036.0,449.0,430.0,446.0
4486.0,1047.0,1021.0,1054.0,463.0,442.0,459.0
4609.0,1085.0,1050.0,1086.0,462.0,465.0,461.0
4399.0,1012.0,1029.0,1050.0,432.0,433.0,443.0
4629.0,1076.0,1077.0,1067.0,477.0,459.0,473.0
4649.0,1084.0,1087.0,1099.0,464.0,452.0,463.0
4516.0,1048.0,1057.0,1054.0,459.0,440.0,458.0
4595.0,1080.0,1056.0,1090.0,461.0,449.0,459.0
4654.0,1110.0,1054.0,1095.0,474.0,456.0,465.0
4586.0,1067.0,1042.0,1104.0,464.0,459.0,450.0
4662.0,1077.0,1085.0,1106.0,462.0,469.0,463.0
4663.0,1095.0,1088.0,1097.0,458.0,463.0,462.0
4683.0,1092.0,1127.0,1075.0,461.0,459.0,469.0
4611.0,1073.0,1082.0,1094.0,462.0,455.0,445.0
4597.0,1072.0,1087.0,1071.0,455.0,467.0,445.0
4644.0,1059.0,1112.0,1101.0,452.0,466.0,454.0
4676.0,1077.0,1099.0,1116.0,456.0,467.0,461.0
4730.0,1084.0,1141.0,1107.0,471.0,463.0,464.0
4676.0,1081.0,1127.0,1087.0,460.0,478.0,443.0
4645.0,1083.0,1101.0,1073.0,456.0,471.0,461.0
4769.0,1114.0,1109.0,1113.0,465.0,495.0,473.0
4548.0,1062.0,1075.0,1038.0,454.0,466.0,453.0
4619.0,1056.0,1103.0,1065.0,464.0,477.0,454.0
4591.0,1050.0,1089.0,1075.0,450.0,469.0,458.0
4615.0,1052.0,1120.0,1074.0,445.0,469.0,455.0
4616.0,1044.0,1105.0,1074.0,458.0,478.0,457.0
4500.0,1032.0,1064.0,1029.0,450.0,474.0,451.0
4391.0,1015.0,1037.0,1021.0,437.0,443.0,438.0
4547.0,1064.0,1065.0,1048.0,450.0,465.0,455.0
4640.0,1063.0,1088.0,1085.0,466.0,474.0,464.0
4604.0,1097.0,1065.0,1082.0,458.0,453.0,449.0
4518.0,1078.0,1056.0,1024.0,454.0,454.0,452.0
4658.0,1130.0,1073.0,1040.0,472.0,478.0,465.0
4623.0,1094.0,1072.0,1068.0,452.0,471.0,466.0
4467.0,1067.0,1021.0,1031.0,446.0,459.0,443.0
4515.0,1063.0,1023.0,1060.0,447.0,461.0,461.0
4364.0,1053.0,1000.0,1004.0,441.0,438.0,428.0
4470.0,1056.0,1005.0,1047.0,454.0,454.0,454.0
4539.0,1073.0,1033.0,1053.0,459.0,458.0,463.0
4453.0,1060.0,1006.0,1053.0,445.0,440.0,449.0
4485.0,1086.0,1004.0,1033.0,450.0,461.0,451.0
4602.0,1069.0,1055.0,1079.0,466.0,467.0,466.0
4613.0,1061.0,1072.0,1091.0,459.0,466.0,464.0
4458.0,1011.0,1042.0,1051.0,454.0,448.0,452.0
4522.0,1073.0,1029.0,1058.0,442.0,460.0,460.0
4513.0,1049.0,1064.0,1047.0,453.0,444.0,456.0
4633.0,1041.0,1088.0,1106.0,470.0,468.0,460.0
4579.0,1068.0,1047.0,1090.0,467.0,450.0,457.0
4587.0,1060.0,1077.0,1080.0,458.0,449.0,463.0
4607.0,1053.0,1075.0,1086.0,469.0,465.0,459.0
4679.0,1057.0,1084.0,1119.0,478.0,465.0,476.0
4539.0,1048.0,1049.0,1081.0,464.0,449.0,448.0
4630.0,1075.0,1079.0,1075.0,471.0,470.0,460.0
4626.0,1077.0,1072.0,1089.0,466.0,453.0,469.0
4865.0,1138.0,1132.0,1149.0,483.0,482.0,481.0
4760.0,1116.0,1098.0,1119.0,471.0,464.0,492.0
4783.0,1121.0,1110.0,1130.0,481.0,465.0,476.0
4794.0,1119.0,1123.0,1123.0,473.0,471.0,485.0
4801.0,1103.0,1120.0,1139.0,476.0,476.0,487.0
4760.0,1103.0,1099.0,1137.0,479.0,463.0,479.0
4613.0,1089.0,1060.0,1093.0,450.0,465.0,456.0
4802.0,1130.0,1131.0,1111.0,476.0,472.0,482.0
4832.0,1130.0,1143.0,1136.0,478.0,469.0,476.0
4767.0,1131.0,1112.0,1108.0,474.0,462.0,480.0
4590.0,1077.0,1075.0,1068.0,455.0,452.0,463.0
4766.0,1130.0,1111.0,1089.0,477.0,475.0,484.0
4642.0,1073.0,1089.0,1091.0,472.0,449.0,468.0
4769.0,1118.0,1115.0,1100.0,475.0,458.0,503.0
4714.0,1108.0,1130.0,1088.0,458.0,457.0,473.0
4578.0,1052.0,1060.0,1076.0,455.0,473.0,462.0
4861.0,1150.0,1119.0,1138.0,484.0,479.0,491.0
4727.0,1117.0,1109.0,1078.0,466.0,477.0,480.0
4590.0,1076.0,1073.0,1073.0,458.0,451.0,459.0
4721.0,1098.0,1095.0,1101.0,470.0,485.0,472.0
4560.0,1046.0,1056.0,1083.0,463.0,446.0,466.0
4680.0,1080.0,1090.0,1110.0,465.0,461.0,474.0
4643.0,1093.0,1085.0,1075.0,456.0,464.0,470.0
4643.0,1082.0,1081.0,1091.0,461.0,461.0,467.0
4627.0,1084.0,1094.0,1062.0,458.0,461.0,468.0
4692.0,1106.0,1104.0,1076.0,467.0,471.0,468.0
4722.0,1099.0,1118.0,1089.0,468.0,461.0,487.0
4771.0,1127.0,1119.0,1109.0,464.0,476.0,476.0
4705.0,1122.0,1065.0,1093.0,466.0,476.0,483.0
4573.0,1069.0,1056.0,1069.0,459.0,453.0,467.0
4728.0,1124.0,1100.0,1088.0,462.0,468.0,486.0
4580.0,1089.0,1076.0,1036.0,455.0,470.0,454.0
4572.0,1082.0,1070.0,1066.0,450.0,452.0,452.0
4546.0,1077.0,1057.0,1053.0,446.0,456.0,457.0
4723.0,1099.0,1120.0,1100.0,470.0,462.0,472.0
4631.0,1111.0,1072.0,1075.0,456.0,469.0,448.0
4720.0,1089.0,1117.0,1099.0,476.0,470.0,469.0
4640.0,1066.0,1107.0,1073.0,465.0,469.0,460.0
4751.0,1113.0,1119.0,1108.0,473.0,476.0,462.0
4635.0,1082.0,1099.0,1082.0,459.0,460.0,453.0
4652.0,1061.0,1127.0,1068.0,471.0,468.0,457.0
4760.0,1093.0,1126.0,1112.0,487.0,475.0,467.0
4719.0,1084.0,1100.0,1124.0,468.0,481.0,462.0
4657.0,1060.0,1078.0,1123.0,465.0,478.0,453.0
4779.0,1104.0,1111.0,1139.0,483.0,477.0,465.0
4678.0,1066.0,1114.0,1093.0,477.0,476.0,452.0
4564.0,1060.0,1066.0,1071.0,465.0,460.0,442.0
4719.0,1100.0,1110.0,1097.0,469.0,477.0,466.0
4637.0,1070.0,1071.0,1090.0,467.0,471.0,468.0
4725.0,1087.0,1092.0,1109.0,487.0,481.0,469.0
4787.0,1102.0,1107.0,1145.0,492.0,482.0,459.0
4821.0,1119.0,1121.0,1128.0,485.0,495.0,473.0
4839.0,1117.0,1114.0,1134.0,503.0,491.0,480.0
4803.0,1135.0,1110.0,1139.0,472.0,482.0,465.0
4760.0,1090.0,1106.0,1118.0,491.0,482.0,473.0
4872.0,1159.0,1141.0,1111.0,487.0,487.0,487.0
4606.0,1052.0,1084.0,1092.0,466.0,461.0,451.0
4780.0,1127.0,1104.0,1126.0,484.0,476.0,463.0
4717.0,1103.0,1103.0,1098.0,469.0,486.0,458.0
4653.0,1110.0,1071.0,1075.0,477.0,459.0,461.0
4946.0,1159.0,1132.0,1159.0,513.0,489.0,494.0
4764.0,1115.0,1121.0,1087.0,496.0,476.0,469.0
4980.0,1170.0,1130.0,1183.0,500.0,501.0,496.0
4885.0,1123.0,1160.0,1144.0,490.0,484.0,484.0
4776.0,1101.0,1112.0,1106.0,493.0,478.0,486.0
4735.0,1125.0,1105.0,1081.0,465.0,477.0,482.0
4665.0,1068.0,1103.0,1073.0,474.0,470.0,477.0
4881.0,1148.0,1131.0,1139.0,490.0,487.0,486.0
4854.0,1127.0,1112.0,1140.0,495.0,474.0,506.0
5000.0,1157.0,1186.0,1163.0,498.0,503.0,493.0
4616.0,1065.0,1083.0,1068.0,465.0,464.0,471.0
4801.0,1103.0,1123.0,1127.0,481.0,477.0,490.0
4704.0,1107.0,1114.0,1084.0,462.0,464.0,473.0
4802.0,1105.0,1148.0,1098.0,481.0,485.0,485.0
4702.0,1069.0,1139.0,1075.0,467.0,470.0,482.0
4889.0,1134.0,1165.0,1113.0,509.0,480.0,488.0
4827.0,1098.0,1170.0,1117.0,478.0,480.0,484.0
4788.0,1109.0,1147.0,1106.0,474.0,477.0,475.0
4854.0,1139.0,1131.0,1134.0,482.0,485.0,483.0
4870.0,1152.0,1132.0,1133.0,477.0,483.0,493.0
4850.0,1132.0,1151.0,1124.0,470.0,472.0,501.0
4784.0,1124.0,1128.0,1100.0,480.0,479.0,473.0
4843.0,1134.0,1139.0,1131.0,472.0,477.0,490.0
4721.0,1105.0,1115.0,1077.0,472.0,470.0,482.0
4818.0,1146.0,1131.0,1110.0,481.0,471.0,479.0
4822.0,1140.0,1122.0,1106.0,487.0,478.0,489.0
4633.0,1092.0,1067.0,1109.0,452.0,449.0,464.0
4911.0,1148.0,1149.0,1138.0,491.0,489.0,496.0
4699.0,1082.0,1104.0,1115.0,463.0,462.0,473.0
4766.0,1132.0,1095.0,1119.0,469.0,465.0,486.0
4816.0,1138.0,1103.0,1143.0,465.0,472.0,495.0
4836.0,1107.0,1125.0,1136.0,491.0,490.0,487.0
4712.0,1106.0,1079.0,1095.0,478.0,467.0,487.0
4757.0,1090.0,1088.0,1127.0,476.0,484.0,492.0
4710.0,1080.0,1106.0,1119.0,453.0,480.0,472.0
4909.0,1109.0,1151.0,1170.0,492.0,495.0,492.0
4843.0,1125.0,1121.0,1150.0,484.0,477.0,486.0
4676.0,1067.0,1068.0,1108.0,479.0,479.0,475.0
4871.0,1108.0,1125.0,1153.0,488.0,497.0,500.0
4847.0,1102.0,1115.0,1164.0,486.0,493.0,487.0
4742.0,1098.0,1113.0,1104.0,472.0,483.0,472.0
4877.0,1115.0,1146.0,1138.0,500.0,483.0,495.0
4682.0,1069.0,1092.0,1099.0,481.0,472.0,469.0
4860.0,1153.0,1107.0,1137.0,489.0,492.0,482.0
4899.0,1157.0,1131.0,1150.0,492.0,484.0,485.0
4848.0,1122.0,1115.0,1146.0,493.0,487.0,485.0
4831.0,1141.0,1131.0,1115.0,481.0,483.0,480.0
4927.0,1146.0,1141.0,1130.0,519.0,495.0,496.0
5028.0,1180.0,1198.0,1146.0,507.0,492.0,505.0
4904.0,1181.0,1121.0,1115.0,498.0,501.0,488.0
4877.0,1141.0,1133.0,1133.0,484.0,505.0,481.0
5021.0,1201.0,1167.0,1149.0,508.0,514.0,482.0
4918.0,1162.0,1157.0,1110.0,501.0,504.0,484.0
4929.0,1158.0,1160.0,1144.0,494.0,494.0,479.0
5067.0,1210.0,1191.0,1138.0,511.0,515.0,502.0
4958.0,1157.0,1187.0,1148.0,495.0,492.0,479.0
4891.0,1128.0,1167.0,1125.0,492.0,505.0,474.0
4865.0,1138.0,1116.0,1126.0,498.0,503.0,484.0
5023.0,1153.0,1182.0,1156.0,521.0,501.0,510.0
4953.0,1138.0,1170.0,1140.0,497.0,505.0,503.0
4830.0,1110.0,1152.0,1115.0,487.0,479.0,487.0
4933.0,1149.0,1153.0,1150.0,495.0,494.0,492.0
4953.0,1135.0,1183.0,1148.0,489.0,511.0,487.0
4815.0,1110.0,1120.0,1117.0,490.0,498.0,480.0
4781.0,1109.0,1088.0,1122.0,487.0,490.0,485.0
4890.0,1142.0,1150.0,1139.0,495.0,483.0,481.0
4837.0,1116.0,1147.0,1121.0,488.0,484.0,481.0
4768.0,1093.0,1100.0,1124.0,488.0,481.0,482.0
4818.0,1102.0,1135.0,1129.0,479.0,493.0,480.0
4760.0,1111.0,1108.0,1115.0,472.0,485.0,469.0
5108.0,1196.0,1199.0,1192.0,519.0,505.0,497.0
4928.0,1162.0,1143.0,1161.0,489.0,495.0,478.0
4907.0,1157.0,1127.0,1161.0,479.0,485.0,498.0
4966.0,1166.0,1147.0,1171.0,487.0,500.0,495.0
4805.0,1128.0,1125.0,1117.0,480.0,473.0,482.0
4959.0,1185.0,1144.0,1158.0,497.0,478.0,497.0
4824.0,1122.0,1115.0,1142.0,473.0,489.0,483.0
4756.0,1133.0,1107.0,1110.0,464.0,468.0,474.0
4812.0,1106.0,1123.0,1145.0,488.0,479.0,471.0
4817.0,1134.0,1146.0,1122.0,465.0,475.0,475.0
4837.0,1129.0,1123.0,1152.0,475.0,477.0,481.0
4714.0,1085.0,1111.0,1122.0,459.0,460.0,477.0
4871.0,1150.0,1127.0,1150.0,482.0,472.0,490.0
4945.0,1131.0,1162.0,1175.0,492.0,490.0,495.0
4800.0,1111.0,1113.0,1141.0,478.0,474.0,483.0
4914.0,1146.0,1167.0,1138.0,485.0,481.0,497.0
4844.0,1098.0,1153.0,1165.0,464.0,479.0,485.0
4785.0,1092.0,1130.0,1153.0,467.0,474.0,469.0
4831.0,1111.0,1131.0,1134.0,488.0,475.0,492.0
5002.0,1155.0,1206.0,1164.0,493.0,484.0,500.0
4910.0,1098.0,1184.0,1172.0,488.0,482.0,486.0
4820.0,1129.0,1121.0,1135.0,473.0,480.0,482.0
4948.0,1140.0,1158.0,1154.0,506.0,493.0,497.0
4861.0,1127.0,1143.0,1129.0,486.0,482.0,494.0
4881.0,1118.0,1138.0,1142.0,500.0,480.0,503.0
5041.0,1170.0,1177.0,1181.0,498.0,496.0,519.0
5069.0,1197.0,1183.0,1178.0,497.0,501.0,513.0
5052.0,1188.0,1165.0,1172.0,514.0,509.0,504.0
5054.0,1170.0,1191.0,1171.0,505.0,509.0,508.0
4995.0,1174.0,1165.0,1157.0,505.0,487.0,507.0
4929.0,1171.0,1144.0,1127.0,506.0,495.0,486.0
5007.0,1183.0,1180.0,1153.0,497.0,489.0,505.0
5085.0,1191.0,1188.0,1166.0,525.0,509.0,506.0
4944.0,1174.0,1138.0,1143.0,502.0,484.0,503.0
4966.0,1181.0,1141.0,1129.0,503.0,502.0,510.0
4923.0,1151.0,1147.0,1116.0,494.0,507.0,508.0
5000.0,1161.0,1160.0,1160.0,506.0,492.0,521.0
5063.0,1187.0,1173.0,1155.0,515.0,510.0,523.0
5156.0,1232.0,1165.0,1184.0,527.0,529.0,519.0
5036.0,1165.0,1156.0,1195.0,511.0,501.0,508.0
5128.0,1188.0,1174.0,1201.0,528.0,521.0,516.0
5072.0,1198.0,1169.0,1161.0,516.0,514.0,514.0
5049.0,1192.0,1166.0,1161.0,508.0,519.0,503.0
5079.0,1180.0,1177.0,1177.0,512.0,518.0,515.0
5115.0,1192.0,1163.0,1217.0,529.0,506.0,508.0
4975.0,1161.0,1161.0,1153.0,500.0,503.0,497.0
5005.0,1142.0,1180.0,1172.0,494.0,509.0,508.0
4985.0,1134.0,1148.0,1181.0,500.0,508.0,514.0
5074.0,1162.0,1195.0,1172.0,520.0,516.0,509.0
5016.0,1155.0,1170.0,1176.0,512.0,499.0,504.0
4938.0,1139.0,1165.0,1156.0,494.0,498.0,486.0
5022.0,1157.0,1171.0,1183.0,497.0,502.0,512.0
4973.0,1144.0,1170.0,1173.0,491.0,497.0,498.0
5100.0,1173.0,1218.0,1176.0,513.0,514.0,506.0
4969.0,1134.0,1161.0,1181.0,494.0,500.0,499.0
5054.0,1183.0,1186.0,1174.0,481.0,522.0,508.0
4996.0,1145.0,1166.0,1197.0,490.0,510.0,488.0
5069.0,1194.0,1174.0,1188.0,499.0,508.0,506.0
5102.0,1187.0,1206.0,1195.0,496.0,513.0,505.0
4936.0,1152.0,1161.0,1157.0,487.0,484.0,495.0
4970.0,1194.0,1159.0,1153.0,482.0,499.0,483.0
5064.0,1193.0,1174.0,1176.0,492.0,519.0,510.0
4907.0,1142.0,1148.0,1156.0,488.0,486.0,487.0
5056.0,1182.0,1184.0,1173.0,504.0,518.0,495.0
4920.0,1137.0,1147.0,1180.0,477.0,494.0,485.0
4901.0,1168.0,1123.0,1143.0,488.0,491.0,488.0
4885.0,1145.0,1138.0,1154.0,488.0,479.0,481.0
4926.0,1141.0,1149.0,1164.0,493.0,490.0,489.0
5013.0,1159.0,1167.0,1192.0,489.0,500.0,506.0
4939.0,1139.0,1131.0,1183.0,493.0,500.0,493.0
4965.0,1165.0,1122.0,1193.0,493.0,496.0,496.0
4928.0,1135.0,1161.0,1147.0,497.0,509.0,479.0
4840.0,1125.0,1118.0,1147.0,481.0,484.0,485.0
4998.0,1182.0,1139.0,1175.0,489.0,507.0,506.0
4909.0,1145.0,1127.0,1174.0,485.0,493.0,485.0
5069.0,1177.0,1175.0,1187.0,516.0,514.0,500.0
5024.0,1184.0,1150.0,1175.0,498.0,508.0,509.0
4982.0,1188.0,1159.0,1144.0,493.0,498.0,500.0
5064.0,1204.0,1155.0,1179.0,503.0,514.0,509.0
5042.0,1200.0,1156.0,1185.0,499.0,509.0,493.0
4997.0,1176.0,1140.0,1178.0,498.0,507.0,498.0
5163.0,1228.0,1213.0,1178.0,522.0,516.0,506.0
5052.0,1223.0,1132.0,1183.0,518.0,489.0,507.0
4959.0,1154.0,1175.0,1133.0,507.0,499.0,491.0
5161.0,1225.0,1204.0,1200.0,513.0,509.0,510.0
5043.0,1193.0,1180.0,1167.0,505.0,491.0,507.0
5085.0,1214.0,1187.0,1186.0,505.0,493.0,500.0
4939.0,1168.0,1181.0,1104.0,495.0,491.0,500.0
5188.0,1187.0,1215.0,1225.0,527.0,520.0,514.0
5080.0,1218.0,1194.0,1170.0,511.0,490.0,497.0
5214.0,1195.0,1253.0,1210.0,515.0,514.0,527.0
5205.0,1217.0,1215.0,1199.0,527.0,519.0,528.0
5123.0,1183.0,1199.0,1195.0,523.0,511.0,512.0
5244.0,1214.0,1248.0,1215.0,531.0,522.0,514.0
5151.0,1198.0,1224.0,1192.0,516.0,513.0,508.0
5211.0,1192.0,1225.0,1222.0,534.0,507.0,531.0
5189.0,1201.0,1226.0,1205.0,520.0,511.0,526.0
5095.0,1181.0,1190.0,1185.0,514.0,512.0,513.0
5007.0,1165.0,1175.0,1162.0,503.0,496.0,506.0
5228.0,1193.0,1224.0,1237.0,516.0,525.0,533.0
5090.0,1179.0,1192.0,1189.0,508.0,513.0,509.0
5124.0,1199.0,1170.0,1226.0,509.0,507.0,513.0
5171.0,1194.0,1197.0,1223.0,514.0,522.0,521.0
5072.0,1185.0,1157.0,1190.0,512.0,504.0,524.0
5070.0,1184.0,1172.0,1184.0,508.0,509.0,513.0
5215.0,1225.0,1211.0,1205.0,528.0,517.0,529.0
5075.0,1189.0,1161.0,1183.0,509.0,519.0,514.0
5062.0,1191.0,1188.0,1189.0,503.0,492.0,499.0
5006.0,1183.0,1153.0,1150.0,507.0,508.0,505.0
5053.0,1206.0,1133.0,1208.0,502.0,501.0,503.0
5070.0,1193.0,1158.0,1187.0,495.0,529.0,508.0
5064.0,1194.0,1158.0,1197.0,497.0,509.0,509.0
5063.0,1198.0,1172.0,1171.0,513.0,497.0,512.0
5103.0,1201.0,1174.0,1189.0,504.0,513.0,522.0
4967.0,1159.0,1135.0,1153.0,504.0,509.0,507.0
5112.0,1197.0,1186.0,1194.0,506.0,515.0,514.0
5058.0,1182.0,1163.0,1182.0,497.0,513.0,521.0
5159.0,1183.0,1180.0,1229.0,524.0,526.0,517.0
5042.0,1166.0,1182.0,1185.0,497.0,508.0,504.0
5084.0,1170.0,1187.0,1198.0,500.0,506.0,523.0
5167.0,1171.0,1221.0,1201.0,519.0,527.0,528.0
4958.0,1126.0,1158.0,1182.0,481.0,515.0,496.0
5097.0,1190.0,1227.0,1159.0,498.0,513.0,510.0
5104.0,1157.0,1214.0,1205.0,507.0,514.0,507.0
5017.0,1147.0,1199.0,1162.0,494.0,509.0,506.0
5193.0,1185.0,1210.0,1218.0,527.0,535.0,518.0
5180.0,1226.0,1201.0,1206.0,508.0,516.0,523.0
5170.0,1203.0,1214.0,1203.0,502.0,522.0,526.0
5099.0,1194.0,1224.0,1173.0,508.0,495.0,505.0
5152.0,1193.0,1230.0,1182.0,509.0,523.0,515.0
5176.0,1200.0,1207.0,1221.0,511.0,514.0,523.0
5255.0,1218.0,1258.0,1216.0,514.0,530.0,519.0
5114.0,1194.0,1189.0,1190.0,509.0,514.0,518.0
5095.0,1211.0,1189.0,1179.0,498.0,513.0,505.0
5194.0,1235.0,1208.0,1183.0,520.0,523.0,525.0
5172.0,1227.0,1214.0,1202.0,505.0,508.0,516.0
5218.0,1258.0,1208.0,1218.0,514.0,509.0,511.0
5218.0,1232.0,1224.0,1215.0,505.0,521.0,521.0
5086.0,1208.0,1170.0,1181.0,518.0,503.0,506.0
5233.0,1235.0,1226.0,1219.0,515.0,530.0,508.0
5109.0,1185.0,1192.0,1198.0,524.0,507.0,503.0
5185.0,1224.0,1198.0,1211.0,519.0,516.0,517.0
5295.0,1221.0,1228.0,1254.0,541.0,521.0,530.0
5340.0,1262.0,1237.0,1246.0,549.0,531.0,515.0
5202.0,1208.0,1196.0,1230.0,532.0,528.0,508.0
5186.0,1227.0,1180.0,1239.0,530.0,509.0,501.0
5286.0,1238.0,1232.0,1248.0,535.0,512.0,521.0
5299.0,1218.0,1242.0,1269.0,533.0,519.0,518.0
5251.0,1194.0,1239.0,1263.0,534.0,507.0,514.0
5259.0,1210.0,1209.0,1240.0,526.0,545.0,529.0
5286.0,1230.0,1223.0,1256.0,527.0,523.0,527.0
5202.0,1197.0,1215.0,1232.0,526.0,519.0,513.0
5041.0,1162.0,1165.0,1220.0,499.0,493.0,502.0
5190.0,1201.0,1216.0,1219.0,529.0,519.0,506.0
5372.0,1260.0,1248.0,1265.0,541.0,527.0,531.0
5254.0,1232.0,1239.0,1246.0,514.0,509.0,514.0
5225.0,1216.0,1208.0,1228.0,535.0,527.0,511.0
5036.0,1180.0,1175.0,1192.0,505.0,495.0,489.0
5309.0,1237.0,1267.0,1242.0,529.0,523.0,511.0
5253.0,1214.0,1222.0,1229.0,524.0,535.0,529.0
5190.0,1212.0,1211.0,1226.0,530.0,505.0,506.0
5199.0,1211.0,1208.0,1218.0,524.0,534.0,504.0
5173.0,1224.0,1194.0,1203.0,512.0,521.0,519.0
5198.0,1214.0,1234.0,1201.0,519.0,516.0,514.0
5223.0,1203.0,1262.0,1222.0,519.0,512.0,505.0
5311.0,1249.0,1257.0,1219.0,534.0,519.0,533.0
5119.0,1194.0,1222.0,1176.0,514.0,499.0,514.0
5106.0,1186.0,1190.0,1203.0,515.0,509.0,503.0
5133.0,1190.0,1213.0,1189.0,519.0,503.0,519.0
5174.0,1208.0,1209.0,1199.0,527.0,517.0,514.0
5248.0,1239.0,1210.0,1216.0,516.0,540.0,527.0
5151.0,1200.0,1190.0,1206.0,514.0,516.0,525.0
5046.0,1177.0,1184.0,1178.0,503.0,498.0,506.0
5136.0,1169.0,1201.0,1206.0,518.0,520.0,522.0
5158.0,1183.0,1218.0,1191.0,522.0,524.0,520.0
5236.0,1194.0,1232.0,1203.0,536.0,545.0,526.0
5184.0,1200.0,1217.0,1184.0,504.0,539.0,540.0
5149.0,1206.0,1183.0,1211.0,503.0,520.0,526.0
5153.0,1184.0,1215.0,1190.0,509.0,532.0,523.0
5243.0,1194.0,1222.0,1221.0,524.0,539.0,543.0
5388.0,1263.0,1266.0,1248.0,524.0,545.0,542.0
5212.0,1206.0,1227.0,1209.0,517.0,528.0,525.0
5079.0,1197.0,1184.0,1151.0,501.0,525.0,521.0
5310.0,1237.0,1251.0,1226.0,528.0,538.0,530.0
5257.0,1239.0,1214.0,1221.0,516.0,540.0,527.0
5255.0,1226.0,1203.0,1236.0,518.0,536.0,536.0
5248.0,1242.0,1194.0,1229.0,523.0,530.0,530.0
5317.0,1254.0,1221.0,1243.0,520.0,538.0,541.0
5475.0,1316.0,1260.0,1271.0,525.0,544.0,559.0
5282.0,1249.0,1202.0,1233.0,529.0,529.0,540.0
5415.0,1267.0,1267.0,1261.0,529.0,548.0,543.0
5433.0,1252.0,1275.0,1274.0,551.0,549.0,532.0
5247.0,1224.0,1216.0,1239.0,518.0,522.0,528.0
5336.0,1248.0,1275.0,1241.0,523.0,524.0,525.0
5337.0,1239.0,1240.0,1267.0,527.0,526.0,538.0
5288.0,1253.0,1245.0,1216.0,526.0,519.0,529.0
5307.0,1229.0,1259.0,1249.0,522.0,529.0,519.0
5359.0,1225.0,1278.0,1246.0,542.0,533.0,535.0
5353.0,1224.0,1263.0,1264.0,526.0,538.0,538.0
5432.0,1242.0,1282.0,1266.0,542.0,552.0,548.0
5464.0,1254.0,1289.0,1272.0,553.0,554.0,542.0
5234.0,1197.0,1223.0,1229.0,529.0,522.0,534.0
5451.0,1263.0,1269.0,1274.0,554.0,549.0,542.0
5302.0,1211.0,1230.0,1260.0,538.0,531.0,532.0
5248.0,1202.0,1239.0,1227.0,529.0,521.0,530.0
5375.0,1248.0,1280.0,1259.0,526.0,534.0,528.0
5262.0,1211.0,1231.0,1251.0,531.0,510.0,528.0
5251.0,1220.0,1232.0,1215.0,534.0,522.0,528.0
5337.0,1256.0,1262.0,1254.0,531.0,515.0,519.0
5308.0,1241.0,1232.0,1253.0,533.0,522.0,527.0
5443.0,1275.0,1267.0,1263.0,550.0,538.0,550.0
5187.0,1208.0,1205.0,1206.0,532.0,520.0,516.0
5235.0,1224.0,1226.0,1208.0,525.0,529.0,523.0
5385.0,1300.0,1226.0,1248.0,541.0,534.0,536.0
5273.0,1243.0,1234.0,1213.0,538.0,521.0,524.0
5270.0,1266.0,1219.0,1234.0,521.0,509.0,521.0
5185.0,1230.0,1184.0,1213.0,525.0,521.0,512.0
5184.0,1238.0,1221.0,1184.0,522.0,507.0,512.0
5260.0,1239.0,1215.0,1220.0,537.0,528.0,521.0
5277.0,1258.0,1208.0,1217.0,530.0,538.0,526.0
5170.0,1240.0,1201.0,1168.0,535.0,513.0,513.0
5144.0,1214.0,1204.0,1183.0,511.0,516.0,516.0
5255.0,1241.0,1209.0,1244.0,520.0,502.0,539.0
5318.0,1212.0,1240.0,1256.0,543.0,534.0,533.0
5174.0,1203.0,1207.0,1204.0,529.0,515.0,516.0
5175.0,1221.0,1208.0,1202.0,511.0,520.0,513.0
5280.0,1226.0,1238.0,1231.0,532.0,531.0,522.0
5331.0,1247.0,1262.0,1226.0,530.0,532.0,534.0
5332.0,1230.0,1260.0,1245.0,540.0,523.0,534.0
5407.0,1240.0,1271.0,1282.0,535.0,538.0,541.0
5231.0,1199.0,1250.0,1227.0,520.0,517.0,518.0
5318.0,1227.0,1262.0,1225.0,540.0,540.0,524.0
5282.0,1240.0,1237.0,1237.0,524.0,525.0,519.0
5345.0,1242.0,1280.0,1231.0,533.0,531.0,528.0
5269.0,1220.0,1243.0,1218.0,517.0,540.0,531.0
5409.0,1253.0,1285.0,1257.0,536.0,540.0,538.0
5437.0,1296.0,1256.0,1263.0,535.0,545.0,542.0
5403.0,1255.0,1273.0,1277.0,530.0,525.0,543.0
5405.0,1252.0,1276.0,1275.0,526.0,540.0,536.0
5404.0,1261.0,1285.0,1250.0,537.0,544.0,527.0
5256.0,1222.0,1226.0,1232.0,525.0,525.0,526.0
5402.0,1281.0,1254.0,1269.0,530.0,533.0,535.0
5440.0,1277.0,1271.0,1276.0,538.0,546.0,532.0
5469.0,1267.0,1278.0,1301.0,544.0,542.0,537.0
5399.0,1256.0,1269.0,1278.0,527.0,532.0,537.0
5638.0,1331.0,1304.0,1327.0,557.0,563.0,556.0
5520.0,1282.0,1312.0,1297.0,537.0,555.0,537.0
5447.0,1270.0,1247.0,1294.0,543.0,553.0,540.0
5395.0,1253.0,1264.0,1271.0,526.0,541.0,540.0
5453.0,1267.0,1267.0,1276.0,538.0,555.0,550.0
5498.0,1271.0,1293.0,1293.0,530.0,553.0,558.0
5436.0,1230.0,1283.0,1274.0,544.0,559.0,546.0
5414.0,1234.0,1259.0,1292.0,533.0,551.0,545.0
5454.0,1287.0,1258.0,1269.0,545.0,550.0,545.0
5385.0,1231.0,1254.0,1251.0,545.0,551.0,553.0
5363.0,1242.0,1236.0,1264.0,546.0,526.0,549.0
5443.0,1262.0,1249.0,1272.0,554.0,554.0,552.0
5312.0,1239.0,1233.0,1228.0,537.0,535.0,540.0
5485.0,1308.0,1257.0,1278.0,547.0,549.0,546.0
5502.0,1280.0,1284.0,1282.0,552.0,545.0,559.0
5300.0,1220.0,1245.0,1226.0,543.0,539.0,527.0
5465.0,1285.0,1264.0,1271.0,551.0,544.0,550.0
5484.0,1283.0,1251.0,1287.0,554.0,557.0,552.0
5443.0,1300.0,1241.0,1253.0,550.0,552.0,547.0
5429.0,1288.0,1243.0,1252.0,543.0,549.0,554.0
5390.0,1263.0,1246.0,1245.0,550.0,543.0,543.0
5288.0,1247.0,1227.0,1212.0,535.0,528.0,539.0
5276.0,1251.0,1243.0,1210.0,519.0,521.0,532.0
5288.0,1259.0,1232.0,1200.0,534.0,530.0,533.0
5141.0,1197.0,1205.0,1189.0,530.0,503.0,517.0
5458.0,1261.0,1264.0,1264.0,566.0,546.0,557.0
5286.0,1215.0,1231.0,1236.0,541.0,525.0,538.0
5362.0,1265.0,1263.0,1207.0,538.0,538.0,551.0
5415.0,1254.0,1273.0,1268.0,540.0,541.0,539.0
5439.0,1235.0,1300.0,1262.0,547.0,545.0,550.0
5273.0,1220.0,1248.0,1231.0,532.0,509.0,533.0
5393.0,1223.0,1300.0,1250.0,551.0,533.0,536.0
5308.0,1235.0,1235.0,1232.0,536.0,523.0,547.0
5323.0,1223.0,1277.0,1221.0,535.0,532.0,535.0
5291.0,1219.0,1246.0,1244.0,527.0,515.0,540.0
5231.0,1211.0,1250.0,1203.0,526.0,525.0,516.0
5461.0,1251.0,1285.0,1297.0,533.0,551.0,544.0
5359.0,1239.0,1261.0,1262.0,531.0,529.0,537.0
5410.0,1275.0,1251.0,1253.0,530.0,547.0,554.0
5446.0,1291.0,1262.0,1273.0,544.0,538.0,538.0
5524.0,1295.0,1293.0,1283.0,540.0,555.0,558.0
5381.0,1261.0,1245.0,1259.0,537.0,536.0,543.0
5518.0,1298.0,1282.0,1295.0,534.0,550.0,559.0
5513.0,1288.0,1294.0,1283.0,558.0,539.0,551.0
5489.0,1281.0,1272.0,1304.0,539.0,543.0,550.0
5481.0,1282.0,1251.0,1315.0,532.0,550.0,551.0
5541.0,1312.0,1267.0,1319.0,543.0,553.0,547.0
5446.0,1304.0,1251.0,1274.0,535.0,537.0,545.0
5628.0,1352.0,1302.0,1311.0,566.0,548.0,549.0
5525.0,1325.0,1274.0,1308.0,541.0,541.0,536.0
5451.0,1292.0,1243.0,1292.0,546.0,536.0,542.0
5648.0,1311.0,1319.0,1339.0,556.0,560.0,563.0
5555.0,1301.0,1294.0,1319.0,548.0,551.0,542.0
5693.0,1334.0,1332.0,1332.0,563.0,562.0,570.0
5586.0,1307.0,1283.0,1318.0,563.0,559.0,556.0
5617.0,1329.0,1283.0,1329.0,556.0,557.0,563.0
5648.0,1306.0,1335.0,1320.0,551.0,567.0,569.0
5448.0,1256.0,1283.0,1276.0,543.0,540.0,550.0
5517.0,1295.0,1270.0,1290.0,547.0,559.0,556.0
5618.0,1325.0,1320.0,1292.0,565.0,555.0,561.0
5543.0,1268.0,1309.0,1309.0,554.0,557.0,546.0
5577.0,1278.0,1333.0,1301.0,559.0,561.0,545.0
5593.0,1307.0,1327.0,1280.0,557.0,569.0,553.0
5476.0,1253.0,1297.0,1285.0,541.0,552.0,548.0
5513.0,1313.0,1289.0,1275.0,548.0,549.0,539.0
5522.0,1270.0,1318.0,1270.0,561.0,550.0,553.0
5513.0,1306.0,1276.0,1274.0,550.0,560.0,547.0
5590.0,1305.0,1305.0,1280.0,570.0,566.0,564.0
5525.0,1304.0,1279.0,1271.0,565.0,554.0,552.0
5417.0,1262.0,1239.0,1268.0,545.0,564.0,539.0
5439.0,1257.0,1266.0,1276.0,550.0,551.0,539.0
5702.0,1346.0,1332.0,1324.0,571.0,571.0,558.0
5466.0,1284.0,1276.0,1273.0,546.0,538.0,549.0
5522.0,1290.0,1308.0,1280.0,547.0,550.0,547.0
5424.0,1270.0,1241.0,1262.0,553.0,552.0,546.0
5485.0,1280.0,1267.0,1281.0,552.0,560.0,545.0
5698.0,1357.0,1304.0,1317.0,576.0,578.0,566.0
5404.0,1253.0,1254.0,1256.0,554.0,543.0,544.0
5481.0,1283.0,1263.0,1275.0,552.0,549.0,559.0
5643.0,1340.0,1302.0,1298.0,564.0,569.0,570.0
5435.0,1261.0,1255.0,1273.0,545.0,553.0,548.0
5543.0,1293.0,1292.0,1284.0,562.0,557.0,555.0
5460.0,1272.0,1220.0,1304.0,558.0,557.0,549.0
5313.0,1238.0,1237.0,1221.0,550.0,533.0,534.0
5323.0,1235.0,1229.0,1227.0,549.0,546.0,537.0
5520.0,1297.0,1276.0,1284.0,553.0,552.0,558.0
5511.0,1279.0,1262.0,1303.0,561.0,553.0,553.0
5442.0,1248.0,1272.0,1264.0,556.0,541.0,561.0
5506.0,1250.0,1264.0,1312.0,572.0,549.0,559.0
5456.0,1242.0,1278.0,1289.0,555.0,540.0,552.0
5452.0,1251.0,1276.0,1286.0,552.0,546.0,541.0
5394.0,1233.0,1266.0,1265.0,553.0,537.0,540.0
5601.0,1303.0,1290.0,1329.0,555.0,563.0,561.0
5557.0,1290.0,1278.0,1317.0,555.0,560.0,557.0
5532.0,1299.0,1270.0,1299.0,544.0,550.0,570.0
5612.0,1294.0,1294.0,1343.0,556.0,558.0,567.0
5570.0,1298.0,1318.0,1299.0,544.0,545.0,566.0
5595.0,1314.0,1303.0,1312.0,552.0,548.0,566.0
5710.0,1338.0,1339.0,1326.0,564.0,569.0,574.0
5692.0,1331.0,1325.0,1355.0,555.0,553.0,573.0
5595.0,1290.0,1313.0,1328.0,552.0,546.0,566.0
5769.0,1363.0,1354.0,1336.0,568.0,570.0,578.0
5682.0,1339.0,1336.0,1332.0,551.0,552.0,572.0
5720.0,1332.0,1357.0,1337.0,562.0,556.0,576.0
5656.0,1344.0,1314.0,1318.0,556.0,552.0,572.0
5696.0,1353.0,1319.0,1336.0,561.0,567.0,560.0
5739.0,1344.0,1351.0,1338.0,572.0,555.0,579.0
5603.0,1316.0,1310.0,1304.0,561.0,554.0,558.0
5537.0,1284.0,1293.0,1298.0,546.0,557.0,559.0
5693.0,1313.0,1371.0,1308.0,559.0,575.0,567.0
5622.0,1317.0,1330.0,1302.0,550.0,552.0,571.0
5484.0,1277.0,1257.0,1303.0,543.0,544.0,560.0
5580.0,1287.0,1324.0,1291.0,554.0,558.0,566.0
5720.0,1331.0,1335.0,1338.0,572.0,568.0,576.0
5563.0,1308.0,1273.0,1305.0,559.0,556.0,562.0
5740.0,1340.0,1347.0,1324.0,571.0,575.0,583.0
5545.0,1281.0,1307.0,1282.0,560.0,556.0,559.0
5541.0,1299.0,1271.0,1295.0,547.0,564.0,565.0
5576.0,1312.0,1292.0,1302.0,557.0,561.0,552.0
5512.0,1284.0,1286.0,1284.0,544.0,548.0,566.0
5644.0,1332.0,1303.0,1310.0,561.0,570.0,568.0
5580.0,1311.0,1288.0,1297.0,549.0,569.0,566.0
5640.0,1337.0,1301.0,1324.0,564.0,554.0,560.0
5591.0,1329.0,1301.0,1278.0,554.0,571.0,558.0
5532.0,1293.0,1284.0,1288.0,553.0,557.0,557.0
5649.0,1317.0,1296.0,1341.0,561.0,567.0,567.0
5671.0,1355.0,1309.0,1313.0,564.0,574.0,556.0
5620.0,1328.0,1318.0,1275.0,564.0,570.0,565.0
5535.0,1311.0,1277.0,1285.0,556.0,558.0,548.0
5750.0,1343.0,1351.0,1334.0,575.0,579.0,568.0
5524.0,1303.0,1282.0,1286.0,549.0,550.0,554.0
5582.0,1291.0,1296.0,1307.0,567.0,568.0,553.0
5560.0,1299.0,1266.0,1311.0,573.0,559.0,552.0
5677.0,1315.0,1326.0,1335.0,575.0,571.0,555.0
5633.0,1299.0,1325.0,1311.0,570.0,566.0,562.0
5628.0,1290.0,1324.0,1324.0,561.0,576.0,553.0
5650.0,1296.0,1327.0,1322.0,570.0,570.0,565.0
5634.0,1289.0,1315.0,1330.0,562.0,585.0,553.0
5746.0,1326.0,1345.0,1362.0,561.0,579.0,573.0
5752.0,1337.0,1340.0,1353.0,574.0,580.0,568.0
5552.0,1274.0,1321.0,1294.0,559.0,553.0,551.0
5562.0,1283.0,1303.0,1310.0,552.0,571.0,543.0
5710.0,1295.0,1352.0,1336.0,575.0,579.0,573.0
5656.0,1291.0,1329.0,1336.0,567.0,569.0,564.0
5625.0,1318.0,1336.0,1316.0,551.0,562.0,542.0
5543.0,1273.0,1299.0,1306.0,561.0,562.0,542.0
5754.0,1359.0,1335.0,1348.0,571.0,574.0,567.0
5662.0,1319.0,1334.0,1319.0,561.0,571.0,558.0
5603.0,1288.0,1321.0,1296.0,574.0,559.0,565.0
5830.0,1381.0,1359.0,1358.0,569.0,585.0,578.0
5804.0,1369.0,1325.0,1376.0,584.0,577.0,573.0
5624.0,1333.0,1291.0,1312.0,563.0,569.0,556.0
5891.0,1398.0,1348.0,1373.0,600.0,593.0,579.0
5811.0,1369.0,1306.0,1375.0,585.0,590.0,586.0
5806.0,1377.0,1323.0,1363.0,572.0,586.0,585.0
5807.0,1351.0,1355.0,1372.0,574.0,582.0,573.0
5856.0,1367.0,1361.0,1368.0,586.0,595.0,579.0
5890.0,1393.0,1357.0,1367.0,584.0,599.0,590.0
5863.0,1370.0,1340.0,1397.0,580.0,589.0,587.0
5668.0,1329.0,1312.0,1324.0,559.0,562.0,582.0
5562.0,1312.0,1288.0,1294.0,547.0,561.0,560.0
5857.0,1351.0,1364.0,1375.0,590.0,596.0,581.0
5670.0,1314.0,1330.0,1321.0,569.0,567.0,569.0
5705.0,1319.0,1333.0,1334.0,574.0,570.0,575.0
5744.0,1336.0,1366.0,1323.0,564.0,577.0,578.0
5814.0,1372.0,1324.0,1366.0,587.0,578.0,587.0
5652.0,1298.0,1340.0,1305.0,563.0,566.0,580.0
5580.0,1265.0,1333.0,1301.0,565.0,552.0,564.0
5640.0,1327.0,1330.0,1292.0,564.0,567.0,560.0
5676.0,1326.0,1327.0,1310.0,576.0,560.0,577.0
5827.0,1350.0,1368.0,1365.0,572.0,571.0,601.0
5736.0,1340.0,1336.0,1337.0,563.0,580.0,580.0
5686.0,1322.0,1332.0,1326.0,565.0,558.0,583.0
5627.0,1333.0,1299.0,1307.0,559.0,559.0,570.0
5608.0,1326.0,1324.0,1293.0,550.0,545.0,570.0
5694.0,1345.0,1331.0,1321.0,563.0,557.0,577.0
5784.0,1355.0,1357.0,1358.0,563.0,559.0,592.0
5802.0,1328.0,1367.0,1369.0,573.0,565.0,600.0
5783.0,1345.0,1363.0,1361.0,570.0,562.0,582.0
5645.0,1329.0,1306.0,1315.0,566.0,557.0,572.0
5784.0,1325.0,1346.0,1362.0,590.0,575.0,586.0
5830.0,1362.0,1361.0,1353.0,580.0,578.0,596.0
5656.0,1312.0,1307.0,1343.0,556.0,565.0,573.0
5833.0,1363.0,1356.0,1375.0,573.0,584.0,582.0
5747.0,1327.0,1336.0,1360.0,569.0,563.0,592.0
5734.0,1344.0,1325.0,1353.0,567.0,564.0,581.0
5680.0,1319.0,1315.0,1344.0,573.0,565.0,564.0
5846.0,1357.0,1352.0,1379.0,596.0,580.0,582.0
5758.0,1308.0,1333.0,1377.0,583.0,576.0,581.0
5749.0,1340.0,1325.0,1355.0,585.0,570.0,574.0
5725.0,1347.0,1309.0,1366.0,567.0,564.0,572.0
5787.0,1311.0,1372.0,1344.0,588.0,586.0,586.0
5714.0,1323.0,1322.0,1357.0,583.0,569.0,560.0
5706.0,1336.0,1303.0,1344.0,581.0,567.0,575.0
5803.0,1341.0,1338.0,1372.0,585.0,586.0,581.0
5761.0,1336.0,1327.0,1367.0,589.0,569.0,573.0
5755.0,1343.0,1327.0,1342.0,587.0,579.0,577.0
5759.0,1350.0,1337.0,1345.0,581.0,573.0,573.0
5666.0,1313.0,1317.0,1314.0,581.0,571.0,570.0
5800.0,1352.0,1359.0,1353.0,575.0,591.0,570.0
5831.0,1368.0,1372.0,1348.0,584.0,589.0,570.0
5810.0,1371.0,1365.0,1342.0,581.0,573.0,578.0
5702.0,1358.0,1341.0,1313.0,574.0,561.0,555.0
5853.0,1383.0,1378.0,1345.0,588.0,578.0,581.0
5924.0,1386.0,1390.0,1381.0,584.0,598.0,585.0
6016.0,1424.0,1423.0,1378.0,602.0,594.0,595.0
5743.0,1345.0,1347.0,1314.0,580.0,585.0,572.0
5762.0,1354.0,1361.0,1310.0,574.0,585.0,578.0
5804.0,1357.0,1386.0,1323.0,586.0,590.0,562.0
5828.0,1343.0,1376.0,1359.0,584.0,587.0,579.0
5774.0,1359.0,1355.0,1319.0,589.0,581.0,571.0
5941.0,1372.0,1399.0,1369.0,596.0,608.0,597.0
5917.0,1371.0,1402.0,1366.0,594.0,599.0,585.0
5850.0,1367.0,1359.0,1377.0,582.0,585.0,580.0
5932.0,1385.0,1386.0,1370.0,598.0,612.0,581.0
5816.0,1349.0,1379.0,1336.0,571.0,597.0,584.0
5858.0,1346.0,1378.0,1354.0,582.0,599.0,599.0
5907.0,1364.0,1400.0,1362.0,590.0,599.0,592.0
5779.0,1327.0,1360.0,1348.0,576.0,586.0,582.0
5814.0,1333.0,1372.0,1369.0,568.0,584.0,588.0
5678.0,1314.0,1305.0,1342.0,577.0,577.0,563.0
5660.0,1318.0,1325.0,1316.0,562.0,579.0,560.0
5723.0,1324.0,1354.0,1327.0,568.0,578.0,572.0
5795.0,1361.0,1344.0,1345.0,575.0,586.0,584.0
5995.0,1408.0,1399.0,1405.0,593.0,592.0,598.0
5924.0,1393.0,1390.0,1394.0,577.0,590.0,580.0
5874.0,1398.0,1359.0,1373.0,574.0,588.0,582.0
5871.0,1396.0,1353.0,1358.0,585.0,591.0,588.0
5793.0,1365.0,1343.0,1350.0,585.0,576.0,574.0
5623.0,1329.0,1284.0,1300.0,579.0,566.0,565.0
5769.0,1342.0,1334.0,1361.0,575.0,576.0,581.0
5680.0,1333.0,1320.0,1342.0,569.0,557.0,559.0
5838.0,1367.0,1354.0,1390.0,570.0,582.0,575.0
5896.0,1371.0,1359.0,1392.0,585.0,597.0,592.0
5858.0,1370.0,1353.0,1388.0,584.0,582.0,581.0
5812.0,1364.0,1328.0,1380.0,581.0,577.0,582.0
5731.0,1343.0,1333.0,1333.0,570.0,573.0,579.0
5779.0,1341.0,1349.0,1371.0,576.0,571.0,571.0
6012.0,1379.0,1392.0,1436.0,604.0,593.0,608.0
5796.0,1341.0,1360.0,1344.0,593.0,581.0,577.0
5817.0,1365.0,1330.0,1383.0,588.0,571.0,580.0
5914.0,1350.0,1411.0,1372.0,596.0,587.0,598.0
5759.0,1329.0,1340.0,1346.0,583.0,570.0,591.0
5678.0,1313.0,1335.0,1326.0,566.0,563.0,575.0
5820.0,1344.0,1376.0,1338.0,589.0,580.0,593.0
5828.0,1362.0,1371.0,1352.0,589.0,573.0,581.0
5811.0,1360.0,1348.0,1365.0,586.0,568.0,584.0
5836.0,1343.0,1359.0,1371.0,590.0,580.0,593.0
5840.0,1376.0,1373.0,1344.0,587.0,577.0,583.0
5820.0,1335.0,1379.0,1376.0,590.0,559.0,581.0
5920.0,1383.0,1375.0,1379.0,605.0,583.0,595.0
5978.0,1422.0,1385.0,1388.0,595.0,587.0,601.0
6007.0,1404.0,1415.0,1381.0,607.0,601.0,599.0
5911.0,1395.0,1379.0,1356.0,596.0,582.0,603.0
6032.0,1448.0,1401.0,1380.0,596.0,602.0,605.0
5853.0,1365.0,1372.0,1342.0,588.0,595.0,591.0
5973.0,1410.0,1391.0,1364.0,602.0,599.0,607.0
5832.0,1376.0,1363.0,1317.0,599.0,581.0,596.0
6137.0,1427.0,1442.0,1425.0,615.0,605.0,623.0
5890.0,1387.0,1364.0,1356.0,597.0,589.0,597.0
6018.0,1401.0,1390.0,1389.0,604.0,617.0,617.0
5932.0,1417.0,1352.0,1374.0,607.0,590.0,592.0
5957.0,1398.0,1365.0,1386.0,598.0,601.0,609.0
6029.0,1413.0,1398.0,1395.0,603.0,599.0,621.0
5973.0,1392.0,1376.0,1411.0,587.0,605.0,602.0
5999.0,1401.0,1374.0,1409.0,603.0,596.0,616.0
5895.0,1367.0,1360.0,1376.0,595.0,599.0,598.0
5901.0,1369.0,1362.0,1375.0,596.0,602.0,597.0
5966.0,1385.0,1370.0,1387.0,596.0,615.0,613.0
5848.0,1352.0,1352.0,1377.0,593.0,591.0,583.0
5940.0,1391.0,1363.0,1414.0,587.0,593.0,592.0
5937.0,1350.0,1362.0,1422.0,596.0,610.0,597.0
5994.0,1373.0,1406.0,1399.0,601.0,619.0,596.0
5833.0,1353.0,1366.0,1382.0,568.0,584.0,580.0
5976.0,1401.0,1367.0,1397.0,595.0,609.0,607.0
5887.0,1374.0,1364.0,1385.0,586.0,590.0,588.0
5940.0,1389.0,1386.0,1389.0,579.0,600.0,597.0
5943.0,1387.0,1384.0,1410.0,588.0,584.0,590.0
5865.0,1343.0,1370.0,1392.0,576.0,591.0,593.0
5952.0,1404.0,1387.0,1387.0,591.0,595.0,588.0
6005.0,1407.0,1408.0,1404.0,595.0,593.0,598.0
5955.0,1376.0,1365.0,1425.0,585.0,597.0,607.0
5913.0,1404.0,1380.0,1374.0,576.0,598.0,581.0
5859.0,1385.0,1380.0,1355.0,571.0,582.0,586.0
5863.0,1371.0,1362.0,1382.0,581.0,592.0,575.0
5882.0,1390.0,1380.0,1373.0,578.0,581.0,580.0
5939.0,1386.0,1401.0,1390.0,581.0,592.0,589.0
5887.0,1386.0,1373.0,1388.0,574.0,585.0,581.0
5855.0,1353.0,1377.0,1369.0,582.0,589.0,585.0
5883.0,1362.0,1381.0,1389.0,576.0,589.0,586.0
5957.0,1358.0,1425.0,1394.0,586.0,605.0,589.0
5929.0,1364.0,1401.0,1380.0,597.0,599.0,588.0
5869.0,1339.0,1383.0,1371.0,601.0,588.0,587.0
5907.0,1389.0,1356.0,1371.0,601.0,602.0,588.0
5948.0,1358.0,1394.0,1416.0,600.0,591.0,589.0
5987.0,1390.0,1385.0,1425.0,596.0,603.0,588.0
5834.0,1331.0,1382.0,1367.0,589.0,578.0,587.0
5936.0,1370.0,1397.0,1399.0,587.0,599.0,584.0
5969.0,1373.0,1410.0,1383.0,604.0,608.0,591.0
5886.0,1378.0,1377.0,1367.0,590.0,588.0,586.0
5893.0,1362.0,1356.0,1389.0,599.0,599.0,588.0
6012.0,1402.0,1411.0,1391.0,602.0,597.0,609.0
6015.0,1425.0,1395.0,1385.0,609.0,593.0,608.0
6056.0,1422.0,1418.0,1386.0,617.0,610.0,603.0
6236.0,1474.0,1442.0,1440.0,637.0,621.0,622.0
5870.0,1382.0,1345.0,1360.0,601.0,591.0,591.0
5937.0,1384.0,1364.0,1403.0,598.0,603.0,585.0
6009.0,1418.0,1390.0,1374.0,618.0,605.0,604.0
6062.0,1427.0,1428.0,1387.0,605.0,608.0,607.0
5953.0,1441.0,1377.0,1345.0,604.0,590.0,596.0
6091.0,1440.0,1417.0,1403.0,617.0,604.0,610.0
6086.0,1441.0,1416.0,1407.0,608.0,596.0,618.0
6152.0,1428.0,1454.0,1426.0,614.0,614.0,616.0
6003.0,1396.0,1410.0,1394.0,608.0,591.0,604.0
6248.0,1465.0,1449.0,1461.0,632.0,618.0,623.0
6089.0,1414.0,1436.0,1417.0,610.0,602.0,610.0
5912.0,1367.0,1411.0,1365.0,597.0,583.0,589.0
6221.0,1466.0,1466.0,1443.0,624.0,608.0,614.0
6188.0,1415.0,1461.0,1455.0,613.0,619.0,625.0
5934.0,1365.0,1375.0,1404.0,602.0,598.0,590.0
5983.0,1377.0,1426.0,1368.0,609.0,598.0,605.0
6022.0,1380.0,1422.0,1399.0,605.0,603.0,613.0
6072.0,1378.0,1442.0,1432.0,605.0,600.0,615.0
6193.0,1439.0,1441.0,1455.0,607.0,622.0,629.0
5986.0,1371.0,1405.0,1417.0,596.0,595.0,602.0
6117.0,1403.0,1454.0,1434.0,613.0,595.0,618.0
6062.0,1409.0,1397.0,1433.0,603.0,604.0,616.0
5993.0,1383.0,1394.0,1412.0,597.0,591.0,616.0
5950.0,1389.0,1393.0,1395.0,588.0,593.0,592.0
6140.0,1442.0,1403.0,1458.0,604.0,616.0,617.0
6056.0,1409.0,1398.0,1439.0,597.0,604.0,609.0
6055.0,1406.0,1410.0,1434.0,600.0,606.0,599.0
5869.0,1362.0,1344.0,1406.0,584.0,581.0,592.0
6084.0,1427.0,1386.0,1438.0,613.0,605.0,615.0
6003.0,1433.0,1380.0,1378.0,594.0,612.0,606.0
5977.0,1414.0,1387.0,1393.0,583.0,601.0,599.0
5836.0,1366.0,1339.0,1379.0,574.0,591.0,587.0
5928.0,1416.0,1349.0,1374.0,592.0,599.0,598.0
5912.0,1376.0,1381.0,1371.0,589.0,601.0,594.0
5775.0,1333.0,1332.0,1372.0,583.0,574.0,581.0
6041.0,1383.0,1402.0,1408.0,612.0,611.0,625.0
6013.0,1376.0,1425.0,1404.0,601.0,603.0,604.0
5972.0,1393.0,1377.0,1404.0,588.0,607.0,603.0
6009.0,1396.0,1374.0,1402.0,600.0,616.0,621.0
6048.0,1415.0,1408.0,1415.0,600.0,602.0,608.0
5903.0,1375.0,1392.0,1360.0,584.0,592.0,600.0
6065.0,1402.0,1421.0,1404.0,606.0,618.0,614.0
5921.0,1370.0,1398.0,1359.0,598.0,594.0,602.0
5954.0,1374.0,1400.0,1376.0,612.0,590.0,602.0
6033.0,1410.0,1422.0,1390.0,594.0,609.0,608.0
6103.0,1397.0,1448.0,1397.0,620.0,618.0,623.0
6044.0,1409.0,1400.0,1406.0,605.0,615.0,609.0
5944.0,1376.0,1399.0,1370.0,605.0,602.0,592.0
6100.0,1430.0,1431.0,1409.0,605.0,622.0,603.0
6009.0,1398.0,1432.0,1379.0,587.0,607.0,606.0
6202.0,1453.0,1445.0,1417.0,620.0,640.0,627.0
6193.0,1424.0,1454.0,1440.0,624.0,626.0,625.0
6222.0,1466.0,1449.0,1440.0,631.0,630.0,606.0
6156.0,1447.0,1441.0,1410.0,628.0,614.0,616.0
6234.0,1458.0,1478.0,1416.0,632.0,626.0,624.0
6199.0,1446.0,1460.0,1453.0,622.0,606.0,612.0
6214.0,1455.0,1473.0,1440.0,617.0,617.0,612.0
6204.0,1432.0,1474.0,1435.0,630.0,609.0,624.0
6201.0,1449.0,1461.0,1429.0,625.0,615.0,622.0
6163.0,1433.0,1430.0,1444.0,631.0,610.0,615.0
6184.0,1476.0,1415.0,1438.0,624.0,621.0,610.0
6298.0,1479.0,1459.0,1475.0,638.0,622.0,625.0
6176.0,1448.0,1440.0,1450.0,615.0,616.0,607.0
6206.0,1477.0,1423.0,1450.0,625.0,624.0,607.0
6122.0,1444.0,1425.0,1423.0,622.0,604.0,604.0
6080.0,1404.0,1417.0,1422.0,617.0,607.0,613.0
6300.0,1444.0,1470.0,1497.0,641.0,628.0,620.0
6133.0,1418.0,1449.0,1438.0,619.0,604.0,605.0
6281.0,1449.0,1452.0,1503.0,633.0,621.0,623.0
6144.0,1425.0,1430.0,1451.0,613.0,612.0,613.0
6070.0,1402.0,1421.0,1419.0,617.0,610.0,601.0
6118.0,1438.0,1433.0,1419.0,618.0,607.0,603.0
6098.0,1419.0,1412.0,1455.0,606.0,597.0,609.0
6176.0,1457.0,1415.0,1442.0,627.0,612.0,623.0
6231.0,1477.0,1438.0,1467.0,622.0,612.0,615.0
6108.0,1429.0,1410.0,1443.0,607.0,601.0,618.0
6180.0,1442.0,1433.0,1453.0,623.0,625.0,604.0
6016.0,1431.0,1394.0,1397.0,597.0,584.0,613.0
6197.0,1482.0,1423.0,1452.0,620.0,611.0,609.0
6172.0,1459.0,1443.0,1416.0,625.0,618.0,611.0
6074.0,1439.0,1397.0,1421.0,615.0,598.0,604.0
6197.0,1458.0,1435.0,1453.0,614.0,625.0,612.0
6286.0,1487.0,1471.0,1451.0,625.0,627.0,625.0
6197.0,1466.0,1431.0,1439.0,620.0,622.0,619.0
6264.0,1470.0,1483.0,1449.0,616.0,628.0,618.0
6070.0,1416.0,1414.0,1419.0,595.0,611.0,615.0
6115.0,1427.0,1426.0,1427.0,614.0,605.0,616.0
6031.0,1409.0,1435.0,1383.0,596.0,600.0,608.0
6166.0,1459.0,1460.0,1391.0,614.0,614.0,628.0
6126.0,1426.0,1449.0,1414.0,605.0,627.0,605.0
6062.0,1402.0,1440.0,1384.0,605.0,608.0,623.0
5974.0,1388.0,1398.0,1401.0,579.0,599.0,609.0
6034.0,1402.0,1440.0,1384.0,603.0,603.0,602.0
6116.0,1403.0,1465.0,1405.0,605.0,614.0,624.0
6134.0,1433.0,1427.0,1427.0,614.0,615.0,618.0
6116.0,1431.0,1428.0,1414.0,605.0,615.0,623.0
6186.0,1451.0,1439.0,1436.0,621.0,621.0,618.0
6088.0,1417.0,1438.0,1407.0,597.0,612.0,617.0
6194.0,1446.0,1433.0,1436.0,629.0,626.0,624.0
6086.0,1396.0,1424.0,1413.0,615.0,617.0,621.0
6293.0,1480.0,1460.0,1449.0,624.0,636.0,644.0
6218.0,1457.0,1441.0,1417.0,625.0,646.0,632.0
6345.0,1505.0,1458.0,1460.0,637.0,641.0,644.0
6236.0,1459.0,1443.0,1449.0,631.0,628.0,626.0
6202.0,1456.0,1433.0,1423.0,633.0,638.0,619.0
6282.0,1469.0,1478.0,1455.0,626.0,618.0,636.0
6248.0,1459.0,1437.0,1459.0,629.0,629.0,635.0
6304.0,1472.0,1474.0,1468.0,634.0,632.0,624.0
6286.0,1477.0,1458.0,1462.0,631.0,634.0,624.0
6173.0,1465.0,1406.0,1448.0,613.0,616.0,625.0
6384.0,1498.0,1486.0,1470.0,646.0,642.0,642.0
6306.0,1476.0,1459.0,1489.0,626.0,633.0,623.0
6385.0,1495.0,1466.0,1508.0,637.0,632.0,647.0
6238.0,1443.0,1439.0,1477.0,622.0,623.0,634.0
6370.0,1485.0,1477.0,1484.0,631.0,644.0,649.0
6345.0,1450.0,1479.0,1498.0,640.0,636.0,642.0
6260.0,1452.0,1473.0,1447.0,627.0,629.0,632.0
6184.0,1422.0,1457.0,1444.0,620.0,619.0,622.0
6352.0,1443.0,1515.0,1475.0,647.0,644.0,628.0
6319.0,1475.0,1468.0,1480.0,638.0,626.0,632.0
6285.0,1424.0,1467.0,1471.0,642.0,639.0,642.0
6521.0,1507.0,1544.0,1516.0,653.0,650.0,651.0
6262.0,1466.0,1455.0,1478.0,620.0,619.0,624.0
6315.0,1453.0,1501.0,1473.0,630.0,624.0,634.0
6239.0,1439.0,1461.0,1466.0,626.0,618.0,629.0
6211.0,1426.0,1463.0,1460.0,629.0,614.0,619.0
6240.0,1439.0,1468.0,1471.0,622.0,614.0,626.0
6298.0,1483.0,1481.0,1454.0,629.0,624.0,627.0
6173.0,1436.0,1471.0,1429.0,616.0,612.0,609.0
6175.0,1444.0,1443.0,1435.0,623.0,614.0,616.0
6117.0,1405.0,1468.0,1433.0,601.0,602.0,608.0
6360.0,1509.0,1476.0,1479.0,640.0,630.0,626.0
6062.0,1431.0,1409.0,1425.0,597.0,605.0,595.0
6213.0,1467.0,1457.0,1428.0,629.0,617.0,615.0
6297.0,1492.0,1466.0,1451.0,643.0,625.0,620.0
6157.0,1448.0,1432.0,1423.0,623.0,621.0,610.0
5966.0,1404.0,1387.0,1399.0,592.0,590.0,594.0
6181.0,1478.0,1422.0,1434.0,617.0,610.0,620.0
6182.0,1441.0,1461.0,1424.0,616.0,621.0,619.0
6023.0,1427.0,1387.0,1412.0,600.0,594.0,603.0
6174.0,1455.0,1425.0,1434.0,625.0,615.0,620.0
6016.0,1415.0,1401.0,1382.0,614.0,607.0,597.0
6029.0,1411.0,1403.0,1410.0,605.0,598.0,602.0
6232.0,1445.0,1442.0,1445.0,635.0,634.0,631.0
6275.0,1465.0,1455.0,1487.0,623.0,626.0,619.0
6128.0,1426.0,1423.0,1447.0,612.0,614.0,606.0
6186.0,1434.0,1458.0,1449.0,626.0,612.0,607.0
6046.0,1399.0,1422.0,1416.0,599.0,607.0,603.0
6143.0,1415.0,1450.0,1451.0,607.0,606.0,614.0
6235.0,1448.0,1456.0,1472.0,618.0,622.0,619.0
6148.0,1445.0,1425.0,1428.0,613.0,617.0,620.0
6363.0,1485.0,1499.0,1481.0,623.0,646.0,629.0
6426.0,1526.0,1494.0,1504.0,646.0,633.0,623.0
6253.0,1479.0,1452.0,1462.0,610.0,622.0,628.0
6386.0,1489.0,1488.0,1499.0,631.0,636.0,643.0
6409.0,1500.0,1507.0,1500.0,647.0,629.0,626.0
6393.0,1501.0,1472.0,1508.0,631.0,643.0,638.0
6382.0,1488.0,1485.0,1505.0,644.0,637.0,623.0
6351.0,1491.0,1507.0,1477.0,627.0,618.0,631.0
6538.0,1553.0,1515.0,1531.0,649.0,650.0,640.0
6391.0,1498.0,1512.0,1486.0,637.0,626.0,632.0
6475.0,1507.0,1529.0,1518.0,649.0,643.0,629.0
6451.0,1493.0,1520.0,1503.0,645.0,652.0,638.0
6346.0,1461.0,1490.0,1497.0,634.0,627.0,637.0
6417.0,1491.0,1502.0,1494.0,646.0,640.0,644.0
6455.0,1488.0,1538.0,1494.0,650.0,639.0,646.0
6259.0,1455.0,1468.0,1476.0,619.0,613.0,628.0
6534.0,1530.0,1531.0,1527.0,654.0,643.0,649.0
6542.0,1494.0,1530.0,1541.0,666.0,654.0,657.0
6493.0,1501.0,1518.0,1511.0,660.0,652.0,651.0
6406.0,1486.0,1497.0,1486.0,648.0,645.0,644.0
6393.0,1477.0,1464.0,1498.0,650.0,655.0,649.0
6449.0,1486.0,1500.0,1512.0,656.0,644.0,651.0
6391.0,1483.0,1499.0,1471.0,641.0,648.0,649.0
6366.0,1493.0,1468.0,1475.0,639.0,650.0,641.0
6453.0,1473.0,1486.0,1531.0,655.0,650.0,658.0
6305.0,1454.0,1457.0,1471.0,647.0,637.0,639.0
6337.0,1481.0,1481.0,1470.0,629.0,642.0,634.0
6429.0,1516.0,1492.0,1495.0,641.0,648.0,637.0
6356.0,1469.0,1473.0,1472.0,647.0,658.0,637.0
6421.0,1514.0,1472.0,1488.0,649.0,643.0,655.0
6305.0,1483.0,1448.0,1450.0,640.0,648.0,636.0
6254.0,1469.0,1443.0,1447.0,635.0,624.0,636.0
6220.0,1456.0,1435.0,1442.0,638.0,623.0,626.0
6287.0,1482.0,1459.0,1444.0,627.0,631.0,644.0
6403.0,1512.0,1501.0,1453.0,635.0,649.0,653.0
6348.0,1482.0,1441.0,1494.0,646.0,637.0,648.0
6418.0,1510.0,1478.0,1492.0,642.0,646.0,650.0
6262.0,1468.0,1467.0,1445.0,629.0,631.0,622.0
6329.0,1462.0,1505.0,1469.0,628.0,634.0,631.0
6290.0,1499.0,1454.0,1447.0,624.0,626.0,640.0
6301.0,1457.0,1473.0,1478.0,625.0,637.0,631.0
6181.0,1435.0,1468.0,1414.0,609.0,630.0,625.0
6248.0,1439.0,1485.0,1441.0,629.0,623.0,631.0
6229.0,1452.0,1450.0,1433.0,628.0,629.0,637.0
6411.0,1494.0,1488.0,1509.0,639.0,629.0,652.0
6369.0,1479.0,1494.0,1492.0,625.0,631.0,648.0
6342.0,1455.0,1476.0,1492.0,637.0,641.0,641.0
6359.0,1473.0,1503.0,1480.0,626.0,632.0,645.0
6432.0,1494.0,1534.0,1483.0,643.0,634.0,644.0
6428.0,1496.0,1497.0,1518.0,635.0,640.0,642.0
6421.0,1498.0,1510.0,1500.0,644.0,635.0,634.0
6372.0,1504.0,1484.0,1493.0,620.0,633.0,638.0
6332.0,1483.0,1471.0,1494.0,617.0,633.0,634.0
6388.0,1480.0,1504.0,1498.0,633.0,637.0,636.0
6463.0,1505.0,1516.0,1512.0,638.0,631.0,661.0
6370.0,1501.0,1495.0,1474.0,634.0,633.0,633.0
6426.0,1495.0,1500.0,1533.0,632.0,618.0,648.0
6602.0,1529.0,1547.0,1563.0,653.0,659.0,651.0
6626.0,1561.0,1514.0,1579.0,654.0,647.0,671.0
6492.0,1507.0,1527.0,1521.0,646.0,650.0,641.0
6481.0,1532.0,1477.0,1544.0,631.0,649.0,648.0
6347.0,1477.0,1475.0,1498.0,633.0,632.0,632.0
6488.0,1517.0,1529.0,1506.0,648.0,648.0,640.0
6580.0,1553.0,1501.0,1556.0,661.0,652.0,657.0
6539.0,1560.0,1509.0,1549.0,643.0,640.0,638.0
6431.0,1518.0,1487.0,1518.0,642.0,632.0,634.0
6355.0,1480.0,1463.0,1509.0,642.0,635.0,626.0
6481.0,1525.0,1502.0,1508.0,650.0,659.0,637.0
6413.0,1506.0,1501.0,1487.0,637.0,636.0,646.0
6513.0,1504.0,1515.0,1543.0,664.0,649.0,638.0
6522.0,1521.0,1521.0,1537.0,642.0,652.0,649.0
6388.0,1479.0,1492.0,1496.0,638.0,647.0,636.0
6426.0,1498.0,1494.0,1512.0,653.0,637.0,632.0
6474.0,1492.0,1528.0,1513.0,647.0,652.0,642.0
6532.0,1527.0,1533.0,1518.0,666.0,648.0,640.0
6468.0,1504.0,1508.0,1501.0,656.0,654.0,645.0
6511.0,1524.0,1523.0,1499.0,665.0,645.0,655.0
6571.0,1508.0,1540.0,1545.0,668.0,653.0,657.0
6502.0,1518.0,1524.0,1498.0,651.0,656.0,655.0
6358.0,1481.0,1503.0,1468.0,651.0,630.0,625.0
6379.0,1488.0,1495.0,1474.0,652.0,645.0,625.0
6450.0,1498.0,1515.0,1480.0,651.0,658.0,648.0
6355.0,1482.0,1500.0,1439.0,652.0,649.0,633.0
6403.0,1472.0,1526.0,1479.0,640.0,649.0,637.0
6407.0,1507.0,1500.0,1472.0,648.0,639.0,641.0
6427.0,1485.0,1515.0,1489.0,657.0,647.0,634.0
6427.0,1512.0,1487.0,1508.0,659.0,630.0,631.0
6374.0,1499.0,1486.0,1475.0,639.0,633.0,642.0
6365.0,1487.0,1488.0,1461.0,645.0,647.0,637.0
6482.0,1497.0,1544.0,1496.0,640.0,656.0,649.0
6435.0,1516.0,1518.0,1491.0,647.0,647.0,616.0
6411.0,1502.0,1469.0,1511.0,640.0,646.0,643.0
6419.0,1481.0,1490.0,1507.0,643.0,657.0,641.0
6316.0,1473.0,1483.0,1471.0,620.0,637.0,632.0
6331.0,1470.0,1463.0,1485.0,623.0,645.0,645.0
6338.0,1484.0,1442.0,1490.0,641.0,646.0,635.0
6472.0,1510.0,1496.0,1524.0,645.0,655.0,642.0
6471.0,1485.0,1509.0,1517.0,656.0,656.0,648.0
6353.0,1476.0,1470.0,1499.0,636.0,631.0,641.0
6497.0,1468.0,1509.0,1542.0,651.0,665.0,662.0
6623.0,1533.0,1543.0,1560.0,656.0,665.0,666.0
6533.0,1486.0,1517.0,1550.0,667.0,647.0,666.0
6604.0,1566.0,1512.0,1547.0,653.0,660.0,666.0
6509.0,1515.0,1497.0,1522.0,652.0,660.0,663.0
6572.0,1519.0,1513.0,1552.0,654.0,671.0,663.0
6416.0,1500.0,1485.0,1513.0,627.0,638.0,653.0
6485.0,1504.0,1509.0,1528.0,641.0,641.0,662.0
6412.0,1499.0,1459.0,1530.0,625.0,647.0,652.0
6601.0,1532.0,1531.0,1554.0,663.0,664.0,657.0
6639.0,1555.0,1521.0,1582.0,655.0,662.0,664.0
6668.0,1556.0,1545.0,1580.0,651.0,661.0,675.0
6618.0,1552.0,1556.0,1536.0,653.0,653.0,668.0
6597.0,1548.0,1525.0,1533.0,658.0,663.0,670.0
6686.0,1566.0,1548.0,1570.0,660.0,666.0,676.0
6660.0,1565.0,1546.0,1573.0,660.0,654.0,662.0
6575.0,1538.0,1531.0,1527.0,661.0,649.0,669.0
6641.0,1564.0,1576.0,1520.0,661.0,663.0,657.0
6587.0,1539.0,1534.0,1545.0,658.0,655.0,656.0
6567.0,1529.0,1548.0,1509.0,654.0,655.0,672.0
6521.0,1512.0,1535.0,1539.0,636.0,643.0,656.0
6572.0,1521.0,1556.0,1529.0,650.0,660.0,656.0
6690.0,1545.0,1582.0,1552.0,659.0,666.0,686.0
6594.0,1523.0,1573.0,1522.0,653.0,656.0,667.0
6621.0,1536.0,1546.0,1551.0,664.0,654.0,670.0
6601.0,1527.0,1549.0,1529.0,664.0,662.0,670.0
6701.0,1542.0,1576.0,1582.0,669.0,657.0,675.0
6556.0,1530.0,1535.0,1531.0,652.0,640.0,668.0
6526.0,1525.0,1535.0,1499.0,659.0,659.0,649.0
6501.0,1530.0,1528.0,1493.0,665.0,631.0,654.0
6469.0,1521.0,1504.0,1494.0,656.0,645.0,649.0
6604.0,1532.0,1542.0,1546.0,664.0,658.0,662.0
6427.0,1489.0,1493.0,1503.0,655.0,645.0,642.0
6426.0,1499.0,1494.0,1488.0,652.0,647.0,646.0
6505.0,1540.0,1491.0,1513.0,663.0,646.0,652.0
6564.0,1565.0,1508.0,1519.0,657.0,658.0,657.0
6531.0,1522.0,1513.0,1521.0,664.0,654.0,657.0
6534.0,1512.0,1524.0,1534.0,660.0,652.0,652.0
6554.0,1554.0,1517.0,1528.0,649.0,655.0,651.0
6425.0,1541.0,1477.0,1472.0,653.0,640.0,642.0
6515.0,1533.0,1522.0,1502.0,661.0,651.0,646.0
6445.0,1519.0,1500.0,1487.0,656.0,643.0,640.0
6542.0,1548.0,1497.0,1532.0,657.0,659.0,649.0
6636.0,1569.0,1526.0,1547.0,674.0,659.0,661.0
6616.0,1535.0,1544.0,1565.0,672.0,655.0,645.0
6455.0,1501.0,1501.0,1522.0,660.0,642.0,629.0
6448.0,1505.0,1487.0,1522.0,653.0,643.0,638.0
6565.0,1525.0,1526.0,1549.0,662.0,655.0,648.0
6540.0,1527.0,1509.0,1547.0,661.0,652.0,644.0
6524.0,1519.0,1514.0,1522.0,651.0,668.0,650.0
6538.0,1496.0,1529.0,1550.0,658.0,653.0,652.0
6465.0,1500.0,1522.0,1518.0,642.0,644.0,639.0
6470.0,1489.0,1509.0,1550.0,641.0,654.0,627.0
6552.0,1519.0,1529.0,1558.0,650.0,654.0,642.0
6583.0,1536.0,1535.0,1542.0,655.0,676.0,639.0
6595.0,1517.0,1553.0,1561.0,650.0,665.0,649.0
6560.0,1534.0,1520.0,1543.0,652.0,665.0,646.0
6685.0,1546.0,1574.0,1574.0,668.0,665.0,658.0
6696.0,1553.0,1595.0,1563.0,657.0,668.0,660.0
6682.0,1551.0,1565.0,1569.0,661.0,672.0,664.0
6596.0,1555.0,1536.0,1529.0,658.0,665.0,653.0
6707.0,1556.0,1583.0,1578.0,659.0,672.0,659.0
6739.0,1570.0,1559.0,1586.0,672.0,689.0,663.0
6618.0,1534.0,1554.0,1565.0,655.0,668.0,642.0
6876.0,1607.0,1607.0,1608.0,675.0,702.0,677.0
6627.0,1552.0,1536.0,1551.0,662.0,666.0,660.0
6680.0,1574.0,1573.0,1531.0,655.0,681.0,666.0
6692.0,1584.0,1546.0,1574.0,655.0,665.0,668.0
6699.0,1569.0,1557.0,1567.0,665.0,669.0,672.0
6657.0,1564.0,1543.0,1530.0,673.0,677.0,670.0
6638.0,1543.0,1537.0,1563.0,665.0,671.0,659.0
6649.0,1555.0,1552.0,1548.0,671.0,663.0,660.0
6662.0,1553.0,1548.0,1549.0,663.0,679.0,670.0
6580.0,1542.0,1522.0,1521.0,662.0,666.0,667.0
6784.0,1564.0,1606.0,1571.0,669.0,686.0,688.0
6860.0,1613.0,1597.0,1588.0,677.0,693.0,692.0
6691.0,1562.0,1582.0,1525.0,670.0,675.0,677.0
6583.0,1513.0,1547.0,1551.0,652.0,660.0,660.0
6682.0,1554.0,1566.0,1572.0,659.0,668.0,663.0
6697.0,1571.0,1542.0,1562.0,675.0,664.0,683.0
6743.0,1566.0,1593.0,1554.0,680.0,672.0,678.0
6648.0,1521.0,1541.0,1571.0,668.0,667.0,680.0
6795.0,1581.0,1592.0,1576.0,676.0,681.0,689.0
6482.0,1530.0,1508.0,1506.0,664.0,629.0,645.0
6519.0,1493.0,1539.0,1531.0,650.0,656.0,650.0
6596.0,1545.0,1545.0,1523.0,646.0,657.0,680.0
6639.0,1550.0,1538.0,1552.0,669.0,666.0,664.0
6676.0,1557.0,1572.0,1548.0,678.0,661.0,660.0
6652.0,1560.0,1549.0,1555.0,670.0,649.0,669.0
6646.0,1562.0,1570.0,1529.0,663.0,648.0,674.0
6597.0,1552.0,1542.0,1515.0,658.0,659.0,671.0
6609.0,1529.0,1544.0,1557.0,668.0,641.0,670.0
6761.0,1576.0,1576.0,1600.0,676.0,661.0,672.0
6562.0,1520.0,1546.0,1521.0,668.0,658.0,649.0
6638.0,1541.0,1566.0,1558.0,661.0,650.0,662.0
6716.0,1589.0,1567.0,1564.0,672.0,656.0,668.0
6702.0,1556.0,1561.0,1567.0,681.0,658.0,679.0
6563.0,1529.0,1536.0,1526.0,665.0,650.0,657.0
6795.0,1572.0,1593.0,1589.0,679.0,673.0,689.0
6576.0,1498.0,1582.0,1530.0,663.0,642.0,661.0
6550.0,1512.0,1538.0,1527.0,666.0,650.0,657.0
6668.0,1520.0,1559.0,1575.0,676.0,664.0,674.0
6638.0,1526.0,1564.0,1575.0,648.0,667.0,658.0
6627.0,1520.0,1543.0,1556.0,674.0,660.0,674.0
6638.0,1529.0,1544.0,1568.0,666.0,665.0,666.0
6587.0,1510.0,1562.0,1513.0,679.0,662.0,661.0
6673.0,1557.0,1561.0,1554.0,671.0,671.0,659.0
6723.0,1569.0,1568.0,1576.0,668.0,667.0,675.0
6595.0,1545.0,1517.0,1553.0,670.0,644.0,666.0
6682.0,1569.0,1542.0,1553.0,681.0,670.0,667.0
6725.0,1576.0,1550.0,1580.0,677.0,662.0,680.0
6821.0,1607.0,1569.0,1600.0,686.0,677.0,682.0
6741.0,1605.0,1524.0,1584.0,674.0,670.0,684.0
6733.0,1576.0,1568.0,1561.0,673.0,675.0,680.0
6798.0,1595.0,1580.0,1590.0,672.0,682.0,679.0
6855.0,1596.0,1594.0,1608.0,685.0,689.0,683.0
6711.0,1568.0,1561.0,1571.0,663.0,681.0,667.0
6766.0,1601.0,1580.0,1568.0,670.0,678.0,669.0
6864.0,1625.0,1588.0,1592.0,682.0,696.0,681.0
6794.0,1577.0,1606.0,1576.0,673.0,685.0,677.0
6824.0,1592.0,1637.0,1579.0,661.0,684.0,671.0
6755.0,1599.0,1579.0,1548.0,670.0,678.0,681.0
6922.0,1614.0,1643.0,1588.0,679.0,708.0,690.0
6818.0,1597.0,1615.0,1582.0,675.0,673.0,676.0
6874.0,1602.0,1634.0,1582.0,681.0,693.0,682.0
6646.0,1569.0,1569.0,1510.0,664.0,671.0,663.0
6829.0,1597.0,1605.0,1589.0,667.0,687.0,684.0
6882.0,1577.0,1638.0,1590.0,691.0,701.0,685.0
6787.0,1583.0,1595.0,1588.0,672.0,681.0,668.0
6847.0,1569.0,1630.0,1595.0,684.0,688.0,681.0
6818.0,1558.0,1641.0,1575.0,681.0,694.0,669.0
6843.0,1594.0,1605.0,1574.0,695.0,698.0,677.0
6715.0,1554.0,1575.0,1556.0,664.0,686.0,680.0
6750.0,1550.0,1575.0,1591.0,676.0,683.0,675.0
6874.0,1588.0,1632.0,1602.0,685.0,687.0,680.0
6745.0,1585.0,1583.0,1561.0,665.0,676.0,675.0
6875.0,1572.0,1606.0,1635.0,683.0,691.0,688.0
6777.0,1578.0,1570.0,1578.0,683.0,690.0,678.0
6660.0,1546.0,1560.0,1541.0,672.0,676.0,665.0
6801.0,1579.0,1579.0,1608.0,677.0,669.0,689.0
6859.0,1601.0,1611.0,1595.0,683.0,686.0,683.0
6820.0,1583.0,1581.0,1617.0,681.0,681.0,677.0
6814.0,1600.0,1587.0,1589.0,683.0,689.0,666.0
6792.0,1589.0,1553.0,1620.0,687.0,677.0,666.0
6694.0,1577.0,1550.0,1561.0,661.0,676.0,669.0
6716.0,1604.0,1544.0,1580.0,677.0,647.0,664.0
6699.0,1549.0,1551.0,1583.0,680.0,676.0,660.0
6944.0,1610.0,1610.0,1641.0,706.0,691.0,686.0
6784.0,1581.0,1550.0,1610.0,681.0,684.0,678.0
6832.0,1586.0,1598.0,1590.0,683.0,688.0,687.0
6807.0,1576.0,1590.0,1600.0,685.0,674.0,682.0
6893.0,1607.0,1619.0,1604.0,701.0,675.0,687.0
6777.0,1563.0,1574.0,1605.0,680.0,676.0,679.0
6654.0,1554.0,1554.0,1546.0,678.0,651.0,671.0
6818.0,1577.0,1595.0,1604.0,682.0,674.0,686.0
6839.0,1585.0,1595.0,1597.0,685.0,684.0,693.0
6729.0,1553.0,1569.0,1571.0,676.0,669.0,691.0
6889.0,1595.0,1591.0,1624.0,696.0,678.0,705.0
6608.0,1538.0,1548.0,1529.0,663.0,651.0,679.0
6801.0,1576.0,1594.0,1591.0,682.0,676.0,682.0
6753.0,1544.0,1611.0,1559.0,680.0,671.0,688.0
6720.0,1563.0,1573.0,1572.0,666.0,670.0,676.0
6760.0,1583.0,1601.0,1581.0,665.0,657.0,673.0
6786.0,1584.0,1576.0,1574.0,678.0,683.0,691.0
7001.0,1636.0,1639.0,1616.0,702.0,696.0,712.0
6951.0,1635.0,1628.0,1619.0,685.0,681.0,703.0
6835.0,1579.0,1622.0,1583.0,673.0,687.0,691.0
7038.0,1653.0,1668.0,1624.0,700.0,687.0,706.0
6810.0,1581.0,1591.0,1568.0,691.0,682.0,697.0
6832.0,1608.0,1589.0,1593.0,677.0,672.0,693.0
7041.0,1666.0,1647.0,1623.0,696.0,700.0,709.0
6848.0,1613.0,1565.0,1594.0,691.0,696.0,689.0
6974.0,1639.0,1643.0,1609.0,686.0,692.0,705.0
6845.0,1613.0,1600.0,1579.0,678.0,678.0,697.0
6854.0,1600.0,1633.0,1587.0,675.0,673.0,686.0
6866.0,1599.0,1588.0,1602.0,687.0,685.0,705.0
7016.0,1659.0,1643.0,1614.0,702.0,696.0,702.0
7003.0,1640.0,1611.0,1640.0,712.0,696.0,704.0
6858.0,1618.0,1573.0,1592.0,679.0,695.0,701.0
6913.0,1611.0,1595.0,1617.0,685.0,708.0,697.0
6951.0,1598.0,1626.0,1632.0,693.0,703.0,699.0
6804.0,1573.0,1571.0,1608.0,679.0,687.0,686.0
6932.0,1589.0,1639.0,1612.0,697.0,702.0,693.0
6874.0,1581.0,1612.0,1611.0,680.0,691.0,699.0
6745.0,1552.0,1573.0,1589.0,669.0,682.0,680.0
6989.0,1617.0,1613.0,1638.0,700.0,711.0,710.0
6833.0,1576.0,1601.0,1594.0,687.0,691.0,684.0
6963.0,1627.0,1608.0,1627.0,696.0,708.0,697.0
6907.0,1610.0,1598.0,1632.0,682.0,700.0,685.0
6865.0,1605.0,1613.0,1598.0,673.0,693.0,683.0
6886.0,1627.0,1612.0,1585.0,683.0,693.0,686.0
6872.0,1595.0,1597.0,1638.0,668.0,691.0,683.0
6888.0,1604.0,1594.0,1624.0,691.0,687.0,688.0
6898.0,1598.0,1616.0,1625.0,690.0,691.0,678.0
6898.0,1599.0,1617.0,1620.0,686.0,683.0,693.0
6812.0,1579.0,1606.0,1589.0,667.0,690.0,681.0
6855.0,1612.0,1583.0,1606.0,679.0,691.0,684.0
6923.0,1616.0,1621.0,1607.0,692.0,695.0,692.0
6788.0,1579.0,1600.0,1590.0,676.0,678.0,665.0
6912.0,1612.0,1617.0,1615.0,697.0,695.0,676.0
6959.0,1619.0,1634.0,1629.0,695.0,694.0,688.0
6991.0,1640.0,1618.0,1645.0,698.0,703.0,687.0
6919.0,1605.0,1622.0,1600.0,705.0,699.0,688.0
6780.0,1578.0,1557.0,1595.0,697.0,672.0,681.0
6881.0,1606.0,1624.0,1601.0,695.0,687.0,668.0
6922.0,1597.0,1621.0,1629.0,698.0,694.0,683.0
6699.0,1565.0,1586.0,1534.0,673.0,679.0,662.0
6970.0,1611.0,1635.0,1626.0,709.0,700.0,689.0
6926.0,1614.0,1637.0,1601.0,691.0,705.0,678.0
7008.0,1630.0,1634.0,1633.0,707.0,703.0,701.0
7034.0,1634.0,1650.0,1611.0,722.0,718.0,699.0
6823.0,1581.0,1582.0,1601.0,688.0,691.0,680.0
6952.0,1618.0,1621.0,1629.0,696.0,691.0,697.0
6889.0,1600.0,1616.0,1603.0,701.0,680.0,689.0
6894.0,1611.0,1608.0,1616.0,688.0,685.0,686.0
6808.0,1596.0,1568.0,1567.0,695.0,691.0,691.0
6883.0,1623.0,1588.0,1600.0,689.0,688.0,695.0
6809.0,1625.0,1577.0,1589.0,677.0,678.0,663.0
6934.0,1652.0,1604.0,1608.0,693.0,690.0,687.0
6861.0,1635.0,1574.0,1584.0,702.0,680.0,686.0
7003.0,1668.0,1626.0,1614.0,702.0,699.0,694.0
6905.0,1632.0,1609.0,1602.0,684.0,685.0,693.0
6902.0,1617.0,1588.0,1611.0,698.0,698.0,690.0
6971.0,1637.0,1604.0,1636.0,700.0,688.0,706.0
7016.0,1660.0,1622.0,1617.0,711.0,698.0,708.0
7034.0,1675.0,1633.0,1626.0,707.0,697.0,696.0
7108.0,1673.0,1665.0,1657.0,700.0,703.0,710.0
6953.0,1623.0,1632.0,1617.0,697.0,694.0,690.0
6971.0,1628.0,1626.0,1651.0,689.0,680.0,697.0
7045.0,1623.0,1644.0,1661.0,704.0,705.0,708.0
6980.0,1614.0,1619.0,1652.0,694.0,697.0,704.0
7059.0,1631.0,1650.0,1676.0,705.0,703.0,694.0
7007.0,1640.0,1650.0,1632.0,693.0,691.0,701.0
6880.0,1589.0,1619.0,1618.0,684.0,678.0,692.0
7183.0,1663.0,1706.0,1674.0,705.0,712.0,723.0
6937.0,1581.0,1625.0,1653.0,689.0,696.0,693.0
7030.0,1631.0,1660.0,1642.0,693.0,696.0,708.0
7063.0,1650.0,1636.0,1674.0,700.0,695.0,708.0
7071.0,1637.0,1668.0,1655.0,695.0,707.0,709.0
6977.0,1610.0,1646.0,1631.0,695.0,691.0,704.0
7023.0,1672.0,1627.0,1639.0,687.0,694.0,704.0
6979.0,1622.0,1667.0,1642.0,671.0,685.0,692.0
7167.0,1677.0,1679.0,1685.0,705.0,702.0,719.0
7057.0,1648.0,1633.0,1656.0,696.0,710.0,714.0
7030.0,1627.0,1643.0,1663.0,698.0,694.0,705.0
6966.0,1609.0,1633.0,1637.0,697.0,694.0,696.0
6938.0,1634.0,1622.0,1622.0,684.0,684.0,692.0
6979.0,1613.0,1616.0,1653.0,700.0,688.0,709.0
6834.0,1590.0,1591.0,1591.0,680.0,689.0,693.0
6835.0,1598.0,1578.0,1605.0,687.0,678.0,689.0
7017.0,1647.0,1626.0,1621.0,690.0,714.0,719.0
6962.0,1623.0,1607.0,1639.0,690.0,695.0,708.0
6886.0,1604.0,1600.0,1598.0,698.0,694.0,692.0
6952.0,1613.0,1616.0,1621.0,702.0,704.0,696.0
6872.0,1611.0,1585.0,1593.0,695.0,694.0,694.0
6934.0,1587.0,1605.0,1633.0,704.0,701.0,704.0
7060.0,1633.0,1629.0,1652.0,711.0,717.0,718.0
6951.0,1620.0,1620.0,1587.0,703.0,714.0,707.0
7135.0,1669.0,1661.0,1663.0,716.0,709.0,717.0
7012.0,1631.0,1645.0,1610.0,702.0,714.0,710.0
7044.0,1653.0,1638.0,1619.0,718.0,710.0,706.0
6995.0,1625.0,1621.0,1633.0,709.0,707.0,700.0
6994.0,1640.0,1620.0,1615.0,705.0,705.0,709.0
7017.0,1636.0,1623.0,1634.0,704.0,720.0,700.0
7007.0,1652.0,1611.0,1644.0,713.0,698.0,689.0
7101.0,1665.0,1633.0,1641.0,712.0,720.0,730.0
6891.0,1605.0,1599.0,1611.0,687.0,692.0,697.0
6981.0,1636.0,1635.0,1589.0,714.0,714.0,693.0
7065.0,1626.0,1677.0,1621.0,711.0,716.0,714.0
7210.0,1697.0,1691.0,1664.0,721.0,717.0,720.0
7011.0,1647.0,1651.0,1599.0,709.0,707.0,698.0
7089.0,1678.0,1646.0,1639.0,710.0,707.0,709.0
7087.0,1681.0,1663.0,1623.0,712.0,708.0,700.0
7179.0,1687.0,1694.0,1655.0,721.0,716.0,706.0
7076.0,1662.0,1660.0,1627.0,713.0,717.0,697.0
7196.0,1679.0,1698.0,1674.0,720.0,715.0,710.0
7240.0,1702.0,1683.0,1693.0,726.0,723.0,713.0
7185.0,1701.0,1677.0,1682.0,710.0,712.0,703.0
7121.0,1674.0,1674.0,1639.0,715.0,707.0,712.0
7238.0,1695.0,1676.0,1726.0,719.0,716.0,706.0
7146.0,1673.0,1664.0,1684.0,704.0,723.0,698.0
7065.0,1623.0,1663.0,1666.0,705.0,706.0,702.0
7083.0,1651.0,1637.0,1660.0,711.0,712.0,712.0
6995.0,1592.0,1649.0,1634.0,708.0,701.0,711.0
7077.0,1655.0,1646.0,1677.0,704.0,695.0,700.0
7006.0,1595.0,1627.0,1676.0,716.0,701.0,691.0
6914.0,1617.0,1604.0,1626.0,694.0,687.0,686.0
6990.0,1606.0,1644.0,1648.0,699.0,689.0,704.0
7154.0,1700.0,1646.0,1671.0,716.0,713.0,708.0
7057.0,1621.0,1655.0,1669.0,710.0,701.0,701.0
7026.0,1636.0,1631.0,1661.0,704.0,700.0,694.0
7156.0,1685.0,1656.0,1676.0,716.0,714.0,709.0
7145.0,1673.0,1642.0,1699.0,713.0,713.0,705.0
7192.0,1690.0,1683.0,1669.0,724.0,706.0,720.0
7079.0,1662.0,1634.0,1675.0,699.0,707.0,702.0
6941.0,1641.0,1629.0,1609.0,680.0,697.0,685.0
7102.0,1655.0,1659.0,1654.0,713.0,703.0,718.0
6882.0,1627.0,1589.0,1596.0,682.0,701.0,687.0
6916.0,1629.0,1616.0,1621.0,689.0,688.0,673.0
7054.0,1678.0,1635.0,1635.0,709.0,707.0,690.0
7097.0,1673.0,1671.0,1642.0,701.0,699.0,711.0
7038.0,1648.0,1632.0,1658.0,693.0,701.0,706.0
6891.0,1596.0,1601.0,1620.0,689.0,691.0,694.0
7046.0,1674.0,1651.0,1618.0,709.0,692.0,702.0
6937.0,1639.0,1638.0,1593.0,695.0,678.0,694.0
7006.0,1664.0,1628.0,1622.0,689.0,702.0,701.0
7188.0,1678.0,1713.0,1651.0,723.0,708.0,715.0
7193.0,1668.0,1688.0,1692.0,711.0,710.0,724.0
7011.0,1631.0,1665.0,1618.0,694.0,696.0,707.0
7188.0,1645.0,1709.0,1682.0,709.0,719.0,724.0
7133.0,1657.0,1673.0,1652.0,719.0,714.0,718.0
7131.0,1661.0,1670.0,1655.0,711.0,712.0,722.0
6924.0,1611.0,1620.0,1612.0,691.0,693.0,697.0
7093.0,1623.0,1688.0,1630.0,716.0,715.0,721.0
7089.0,1653.0,1668.0,1639.0,716.0,707.0,706.0
7140.0,1638.0,1690.0,1653.0,723.0,718.0,718.0
7020.0,1628.0,1662.0,1611.0,707.0,699.0,713.0
7219.0,1693.0,1690.0,1662.0,732.0,714.0,728.0
7091.0,1639.0,1678.0,1642.0,713.0,701.0,718.0
7171.0,1671.0,1677.0,1663.0,715.0,726.0,719.0
7056.0,1653.0,1640.0,1641.0,705.0,709.0,708.0
7340.0,1718.0,1709.0,1697.0,729.0,734.0,753.0
7121.0,1658.0,1651.0,1647.0,718.0,720.0,727.0
7225.0,1677.0,1687.0,1668.0,739.0,734.0,720.0
7096.0,1647.0,1644.0,1644.0,711.0,718.0,732.0
7312.0,1740.0,1694.0,1676.0,730.0,736.0,736.0
7276.0,1719.0,1681.0,1686.0,729.0,731.0,730.0
7312.0,1736.0,1683.0,1694.0,732.0,739.0,728.0
7145.0,1667.0,1640.0,1669.0,717.0,721.0,731.0
7348.0,1720.0,1711.0,1710.0,738.0,737.0,732.0
7318.0,1705.0,1692.0,1714.0,733.0,746.0,728.0
7279.0,1671.0,1701.0,1721.0,734.0,725.0,727.0
7230.0,1699.0,1632.0,1708.0,733.0,727.0,731.0
7236.0,1669.0,1670.0,1709.0,737.0,724.0,727.0
7273.0,1684.0,1677.0,1724.0,726.0,740.0,722.0
7207.0,1671.0,1676.0,1689.0,729.0,721.0,721.0
7286.0,1688.0,1703.0,1701.0,736.0,723.0,735.0
7259.0,1674.0,1674.0,1707.0,733.0,737.0,734.0
7250.0,1640.0,1727.0,1689.0,727.0,729.0,738.0
7250.0,1658.0,1710.0,1716.0,712.0,728.0,726.0
7202.0,1674.0,1688.0,1684.0,716.0,718.0,722.0
7278.0,1716.0,1705.0,1689.0,722.0,725.0,721.0
7100.0,1653.0,1675.0,1652.0,707.0,707.0,706.0
7331.0,1720.0,1701.0,1714.0,722.0,745.0,729.0
7154.0,1640.0,1685.0,1678.0,706.0,728.0,717.0
7155.0,1688.0,1671.0,1678.0,707.0,707.0,704.0
7166.0,1654.0,1671.0,1677.0,720.0,723.0,721.0
7331.0,1695.0,1728.0,1723.0,722.0,726.0,737.0
7270.0,1703.0,1705.0,1689.0,724.0,733.0,716.0
7169.0,1679.0,1682.0,1670.0,716.0,712.0,710.0
7029.0,1639.0,1672.0,1626.0,695.0,702.0,695.0
7178.0,1693.0,1686.0,1662.0,707.0,711.0,719.0
7126.0,1660.0,1699.0,1646.0,703.0,702.0,716.0
7211.0,1697.0,1688.0,1687.0,706.0,718.0,715.0
7067.0,1651.0,1667.0,1638.0,710.0,707.0,694.0
7008.0,1655.0,1637.0,1637.0,689.0,703.0,687.0
7125.0,1655.0,1667.0,1658.0,705.0,718.0,722.0
7115.0,1650.0,1667.0,1668.0,703.0,714.0,713.0
6979.0,1623.0,1645.0,1627.0,690.0,696.0,698.0
7059.0,1664.0,1647.0,1642.0,695.0,702.0,709.0
7103.0,1636.0,1680.0,1649.0,707.0,712.0,719.0
7172.0,1698.0,1663.0,1657.0,722.0,721.0,711.0
7171.0,1674.0,1662.0,1662.0,733.0,722.0,718.0
7050.0,1648.0,1628.0,1659.0,705.0,703.0,707.0
6997.0,1598.0,1636.0,1629.0,714.0,707.0,713.0
7085.0,1638.0,1657.0,1648.0,708.0,721.0,713.0
7348.0,1714.0,1716.0,1718.0,736.0,736.0,728.0
7180.0,1700.0,1680.0,1667.0,716.0,714.0,703.0
7047.0,1640.0,1640.0,1646.0,719.0,711.0,691.0
7206.0,1705.0,1667.0,1686.0,724.0,714.0,710.0
7062.0,1654.0,1611.0,1674.0,712.0,701.0,710.0
7382.0,1733.0,1708.0,1723.0,740.0,728.0,750.0
7375.0,1717.0,1731.0,1724.0,733.0,730.0,740.0
7203.0,1710.0,1670.0,1677.0,728.0,713.0,705.0
7158.0,1650.0,1673.0,1686.0,731.0,702.0,716.0
7347.0,1734.0,1720.0,1705.0,733.0,733.0,722.0
7360.0,1733.0,1711.0,1708.0,749.0,734.0,725.0
7387.0,1733.0,1731.0,1727.0,740.0,733.0,723.0
7478.0,1737.0,1756.0,1738.0,767.0,741.0,739.0
7315.0,1713.0,1704.0,1721.0,727.0,722.0,728.0
7308.0,1718.0,1686.0,1722.0,734.0,729.0,719.0
7211.0,1668.0,1696.0,1692.0,729.0,713.0,713.0
7273.0,1702.0,1701.0,1691.0,732.0,724.0,723.0
7357.0,1717.0,1716.0,1725.0,726.0,741.0,732.0
7330.0,1679.0,1724.0,1723.0,739.0,730.0,735.0
7261.0,1701.0,1689.0,1709.0,724.0,712.0,726.0
7416.0,1716.0,1718.0,1751.0,750.0,746.0,735.0
7363.0,1700.0,1720.0,1718.0,737.0,751.0,737.0
7446.0,1728.0,1760.0,1725.0,741.0,746.0,746.0
7360.0,1684.0,1721.0,1733.0,741.0,739.0,742.0
7481.0,1738.0,1756.0,1747.0,748.0,745.0,747.0
7389.0,1700.0,1723.0,1743.0,740.0,738.0,745.0
7595.0,1752.0,1783.0,1768.0,760.0,766.0,766.0
7323.0,1703.0,1694.0,1719.0,740.0,725.0,742.0
7306.0,1699.0,1708.0,1696.0,727.0,737.0,739.0
7281.0,1707.0,1704.0,1673.0,723.0,743.0,731.0
7336.0,1725.0,1715.0,1701.0,727.0,730.0,738.0
7197.0,1697.0,1661.0,1665.0,725.0,728.0,721.0
7311.0,1719.0,1721.0,1677.0,726.0,737.0,731.0
7340.0,1735.0,1708.0,1685.0,734.0,738.0,740.0
7125.0,1647.0,1673.0,1651.0,710.0,721.0,723.0
7222.0,1702.0,1670.0,1693.0,720.0,723.0,714.0
7308.0,1766.0,1682.0,1655.0,721.0,731.0,753.0
7240.0,1693.0,1685.0,1675.0,725.0,728.0,734.0
7375.0,1752.0,1696.0,1719.0,732.0,736.0,740.0
7090.0,1646.0,1661.0,1630.0,703.0,726.0,724.0
7219.0,1682.0,1674.0,1682.0,723.0,732.0,726.0
7264.0,1711.0,1706.0,1650.0,733.0,727.0,737.0
7397.0,1721.0,1711.0,1711.0,745.0,763.0,746.0
7365.0,1712.0,1720.0,1704.0,742.0,741.0,746.0
7187.0,1676.0,1690.0,1670.0,718.0,715.0,718.0
7287.0,1701.0,1695.0,1700.0,739.0,725.0,727.0
7186.0,1677.0,1657.0,1698.0,700.0,728.0,726.0
7157.0,1652.0,1709.0,1661.0,714.0,704.0,717.0
7282.0,1665.0,1729.0,1694.0,726.0,739.0,729.0
7355.0,1713.0,1708.0,1721.0,735.0,732.0,746.0
7393.0,1718.0,1737.0,1712.0,733.0,743.0,750.0
7328.0,1690.0,1726.0,1720.0,726.0,725.0,741.0
7282.0,1705.0,1718.0,1692.0,727.0,719.0,721.0
7236.0,1659.0,1701.0,1692.0,732.0,726.0,726.0
7309.0,1686.0,1723.0,1714.0,727.0,724.0,735.0
7322.0,1686.0,1737.0,1705.0,734.0,722.0,738.0
7336.0,1711.0,1722.0,1717.0,728.0,729.0,729.0
7343.0,1700.0,1731.0,1736.0,723.0,724.0,729.0
7521.0,1775.0,1765.0,1735.0,754.0,748.0,744.0
7341.0,1718.0,1721.0,1719.0,731.0,719.0,733.0
7581.0,1772.0,1755.0,1797.0,755.0,742.0,760.0
7477.0,1759.0,1725.0,1779.0,749.0,725.0,740.0
7440.0,1762.0,1726.0,1739.0,743.0,738.0,732.0
7492.0,1766.0,1730.0,1759.0,751.0,745.0,741.0
7366.0,1724.0,1694.0,1724.0,738.0,735.0,751.0
7402.0,1733.0,1720.0,1749.0,746.0,721.0,733.0
7466.0,1737.0,1742.0,1762.0,751.0,732.0,742.0
7678.0,1797.0,1776.0,1805.0,776.0,763.0,761.0
7264.0,1700.0,1676.0,1720.0,724.0,723.0,721.0
7443.0,1747.0,1689.0,1760.0,754.0,750.0,743.0
7528.0,1764.0,1738.0,1797.0,751.0,744.0,734.0
7504.0,1735.0,1740.0,1782.0,762.0,748.0,737.0
7443.0,1736.0,1709.0,1759.0,759.0,739.0,741.0
7499.0,1741.0,1764.0,1761.0,754.0,746.0,733.0
7471.0,1720.0,1742.0,1766.0,759.0,745.0,739.0
7446.0,1761.0,1727.0,1732.0,754.0,737.0,735.0
7483.0,1745.0,1751.0,1754.0,753.0,734.0,746.0
7335.0,1696.0,1702.0,1730.0,737.0,735.0,735.0
7363.0,1706.0,1729.0,1708.0,745.0,735.0,740.0
7378.0,1719.0,1718.0,1712.0,745.0,735.0,749.0
7471.0,1762.0,1749.0,1712.0,755.0,741.0,752.0
7598.0,1761.0,1806.0,1771.0,758.0,740.0,762.0
7440.0,1741.0,1743.0,1713.0,758.0,750.0,735.0
7389.0,1717.0,1724.0,1727.0,743.0,743.0,735.0
7310.0,1719.0,1707.0,1695.0,731.0,732.0,726.0
7360.0,1738.0,1731.0,1696.0,735.0,736.0,724.0
7320.0,1723.0,1696.0,1694.0,738.0,731.0,738.0
7314.0,1715.0,1708.0,1712.0,738.0,728.0,713.0
7519.0,1776.0,1744.0,1755.0,752.0,744.0,748.0
7328.0,1711.0,1722.0,1690.0,733.0,745.0,727.0
7406.0,1734.0,1756.0,1713.0,722.0,740.0,741.0
7368.0,1732.0,1736.0,1709.0,725.0,739.0,727.0
7373.0,1712.0,1734.0,1721.0,733.0,735.0,738.0
7321.0,1741.0,1714.0,1684.0,716.0,738.0,728.0
7283.0,1697.0,1728.0,1680.0,723.0,738.0,717.0
7212.0,1662.0,1682.0,1694.0,735.0,722.0,717.0
7416.0,1746.0,1743.0,1710.0,735.0,746.0,736.0
7483.0,1745.0,1759.0,1737.0,738.0,764.0,740.0
7325.0,1700.0,1711.0,1710.0,729.0,741.0,734.0
7359.0,1709.0,1706.0,1731.0,729.0,743.0,741.0
7558.0,1748.0,1769.0,1780.0,743.0,763.0,755.0
7409.0,1715.0,1727.0,1745.0,730.0,747.0,745.0
7387.0,1713.0,1729.0,1741.0,729.0,739.0,736.0
7500.0,1739.0,1756.0,1741.0,741.0,765.0,758.0
7453.0,1746.0,1722.0,1745.0,748.0,744.0,748.0
7326.0,1699.0,1703.0,1721.0,715.0,742.0,746.0
7394.0,1718.0,1712.0,1747.0,723.0,747.0,747.0
7427.0,1737.0,1713.0,1741.0,746.0,747.0,743.0
7473.0,1754.0,1721.0,1744.0,740.0,752.0,762.0
7444.0,1754.0,1716.0,1707.0,748.0,763.0,756.0
7399.0,1741.0,1684.0,1747.0,727.0,754.0,746.0
7533.0,1784.0,1722.0,1763.0,751.0,754.0,759.0
7535.0,1752.0,1735.0,1786.0,745.0,758.0,759.0
7697.0,1782.0,1786.0,1811.0,773.0,776.0,769.0
7692.0,1808.0,1754.0,1814.0,770.0,770.0,776.0
7510.0,1771.0,1741.0,1724.0,756.0,758.0,760.0
7581.0,1766.0,1763.0,1778.0,751.0,752.0,771.0
7476.0,1749.0,1734.0,1750.0,755.0,743.0,745.0
7497.0,1751.0,1730.0,1758.0,746.0,755.0,757.0
7520.0,1751.0,1747.0,1762.0,752.0,757.0,751.0
7661.0,1797.0,1785.0,1780.0,769.0,756.0,774.0
7532.0,1760.0,1767.0,1749.0,750.0,751.0,755.0
7489.0,1722.0,1775.0,1734.0,757.0,746.0,755.0
7507.0,1746.0,1789.0,1719.0,761.0,739.0,753.0
7705.0,1787.0,1829.0,1786.0,774.0,762.0,767.0
7461.0,1730.0,1755.0,1728.0,759.0,742.0,747.0
7526.0,1732.0,1792.0,1738.0,761.0,741.0,762.0
7415.0,1723.0,1729.0,1726.0,760.0,735.0,742.0
7529.0,1759.0,1783.0,1718.0,764.0,751.0,754.0
7539.0,1744.0,1782.0,1744.0,761.0,752.0,756.0
7485.0,1729.0,1761.0,1729.0,757.0,752.0,757.0
7510.0,1746.0,1767.0,1724.0,769.0,754.0,750.0
7451.0,1753.0,1753.0,1718.0,748.0,740.0,739.0
7519.0,1757.0,1768.0,1754.0,757.0,740.0,743.0
7512.0,1756.0,1770.0,1725.0,756.0,751.0,754.0
7653.0,1826.0,1787.0,1743.0,776.0,758.0,763.0
7576.0,1804.0,1775.0,1738.0,758.0,751.0,750.0
7352.0,1724.0,1701.0,1706.0,748.0,729.0,744.0
7590.0,1797.0,1763.0,1748.0,765.0,754.0,763.0
7543.0,1762.0,1753.0,1758.0,752.0,753.0,765.0
7417.0,1753.0,1700.0,1737.0,740.0,742.0,745.0
7338.0,1757.0,1702.0,1692.0,745.0,724.0,718.0
7577.0,1799.0,1754.0,1735.0,777.0,755.0,757.0
7337.0,1721.0,1697.0,1708.0,735.0,733.0,743.0
7452.0,1754.0,1718.0,1751.0,738.0,747.0,744.0
7402.0,1707.0,1708.0,1745.0,755.0,750.0,737.0
7346.0,1705.0,1701.0,1752.0,731.0,722.0,735.0
7429.0,1732.0,1727.0,1754.0,750.0,732.0,734.0
7444.0,1734.0,1723.0,1747.0,752.0,747.0,741.0
7364.0,1734.0,1684.0,1739.0,736.0,738.0,733.0
7530.0,1754.0,1762.0,1751.0,756.0,760.0,747.0
7589.0,1780.0,1779.0,1790.0,747.0,748.0,745.0
7548.0,1751.0,1757.0,1761.0,772.0,758.0,749.0
7418.0,1723.0,1717.0,1761.0,748.0,739.0,730.0
7494.0,1749.0,1730.0,1771.0,741.0,758.0,745.0
7517.0,1769.0,1743.0,1747.0,756.0,758.0,744.0
7386.0,1728.0,1736.0,1712.0,736.0,742.0,732.0
7550.0,1735.0,1768.0,1786.0,745.0,766.0,750.0
7532.0,1739.0,1781.0,1771.0,736.0,762.0,743.0
7500.0,1768.0,1747.0,1759.0,738.0,750.0,738.0
7336.0,1696.0,1715.0,1743.0,725.0,726.0,731.0
7538.0,1780.0,1732.0,1781.0,748.0,751.0,746.0
7591.0,1789.0,1750.0,1775.0,753.0,767.0,757.0
7554.0,1774.0,1751.0,1762.0,755.0,773.0,739.0
7430.0,1720.0,1727.0,1762.0,743.0,741.0,737.0
7552.0,1764.0,1785.0,1746.0,749.0,750.0,758.0
7658.0,1815.0,1797.0,1762.0,762.0,764.0,758.0
7626.0,1794.0,1785.0,1776.0,752.0,763.0,756.0
7656.0,1796.0,1783.0,1790.0,761.0,761.0,765.0
7675.0,1809.0,1813.0,1759.0,754.0,772.0,768.0
7715.0,1795.0,1808.0,1805.0,769.0,779.0,759.0
7763.0,1817.0,1793.0,1814.0,779.0,784.0,776.0
7537.0,1755.0,1754.0,1756.0,767.0,757.0,748.0
7426.0,1732.0,1722.0,1727.0,742.0,749.0,754.0
7585.0,1762.0,1768.0,1757.0,767.0,771.0,760.0
7683.0,1778.0,1800.0,1789.0,775.0,774.0,767.0
7639.0,1779.0,1784.0,1761.0,768.0,773.0,774.0
7645.0,1786.0,1777.0,1750.0,774.0,778.0,780.0
7653.0,1777.0,1767.0,1790.0,772.0,777.0,770.0
7574.0,1739.0,1740.0,1781.0,764.0,779.0,771.0
7588.0,1747.0,1786.0,1748.0,766.0,771.0,770.0
7702.0,1792.0,1781.0,1790.0,780.0,778.0,781.0
7480.0,1746.0,1727.0,1745.0,756.0,751.0,755.0
7668.0,1772.0,1788.0,1787.0,768.0,777.0,776.0
7496.0,1749.0,1760.0,1730.0,757.0,746.0,754.0
7536.0,1739.0,1747.0,1759.0,761.0,761.0,769.0
7679.0,1795.0,1783.0,1785.0,770.0,772.0,774.0
7759.0,1806.0,1840.0,1774.0,780.0,777.0,782.0
7561.0,1752.0,1777.0,1761.0,755.0,751.0,765.0
7664.0,1803.0,1781.0,1779.0,770.0,759.0,772.0
7600.0,1778.0,1775.0,1756.0,778.0,750.0,763.0
7469.0,1747.0,1726.0,1745.0,748.0,748.0,755.0
7577.0,1785.0,1761.0,1754.0,769.0,751.0,757.0
7366.0,1713.0,1736.0,1707.0,739.0,740.0,731.0
7596.0,1778.0,1762.0,1767.0,760.0,764.0,765.0
7565.0,1784.0,1747.0,1779.0,756.0,744.0,755.0
7479.0,1752.0,1739.0,1747.0,749.0,741.0,751.0
7652.0,1776.0,1802.0,1778.0,758.0,771.0,767.0
7486.0,1749.0,1766.0,1737.0,749.0,736.0,749.0
7688.0,1799.0,1795.0,1792.0,766.0,760.0,776.0
7630.0,1759.0,1792.0,1791.0,772.0,760.0,756.0
7522.0,1744.0,1768.0,1771.0,744.0,741.0,754.0
7438.0,1724.0,1744.0,1741.0,743.0,735.0,751.0
7581.0,1766.0,1777.0,1792.0,741.0,745.0,760.0
7648.0,1751.0,1778.0,1817.0,763.0,766.0,773.0
7621.0,1785.0,1770.0,1777.0,757.0,763.0,769.0
7706.0,1793.0,1790.0,1824.0,771.0,760.0,768.0
7605.0,1788.0,1783.0,1765.0,750.0,756.0,763.0
7678.0,1775.0,1797.0,1808.0,769.0,766.0,763.0
7619.0,1766.0,1799.0,1772.0,761.0,753.0,768.0
7440.0,1729.0,1714.0,1759.0,743.0,737.0,758.0
7515.0,1753.0,1757.0,1745.0,755.0,748.0,757.0
7705.0,1787.0,1788.0,1818.0,772.0,777.0,763.0
7700.0,1792.0,1762.0,1818.0,778.0,782.0,768.0
7604.0,1784.0,1766.0,1762.0,764.0,762.0,766.0
7585.0,1780.0,1768.0,1775.0,745.0,755.0,762.0
7706.0,1816.0,1789.0,1793.0,767.0,776.0,765.0
7756.0,1850.0,1777.0,1810.0,774.0,774.0,771.0
7670.0,1830.0,1773.0,1775.0,766.0,766.0,760.0
7704.0,1820.0,1791.0,1782.0,768.0,778.0,765.0
7881.0,1864.0,1817.0,1831.0,791.0,791.0,787.0
7613.0,1793.0,1765.0,1762.0,764.0,768.0,761.0
7690.0,1810.0,1780.0,1807.0,767.0,765.0,761.0
7749.0,1824.0,1820.0,1766.0,772.0,787.0,780.0
7801.0,1819.0,1816.0,1839.0,768.0,785.0,774.0
7632.0,1814.0,1766.0,1758.0,770.0,766.0,758.0
7728.0,1818.0,1787.0,1793.0,772.0,783.0,775.0
7842.0,1807.0,1840.0,1836.0,785.0,787.0,787.0
7674.0,1763.0,1801.0,1787.0,779.0,782.0,762.0
7809.0,1818.0,1813.0,1845.0,779.0,785.0,769.0
7696.0,1801.0,1779.0,1797.0,778.0,772.0,769.0
7759.0,1798.0,1811.0,1795.0,791.0,787.0,777.0
7827.0,1798.0,1857.0,1820.0,792.0,786.0,774.0
7846.0,1832.0,1841.0,1826.0,783.0,789.0,775.0
7704.0,1782.0,1822.0,1807.0,781.0,765.0,747.0
7841.0,1812.0,1833.0,1857.0,787.0,786.0,766.0
7616.0,1801.0,1773.0,1774.0,757.0,766.0,745.0
7652.0,1784.0,1796.0,1759.0,775.0,774.0,764.0
7661.0,1780.0,1773.0,1791.0,786.0,788.0,743.0
7665.0,1787.0,1810.0,1781.0,761.0,772.0,754.0
7694.0,1783.0,1821.0,1785.0,781.0,762.0,762.0
7762.0,1801.0,1815.0,1833.0,770.0,777.0,766.0
7789.0,1836.0,1802.0,1809.0,793.0,778.0,771.0
7685.0,1789.0,1800.0,1794.0,776.0,768.0,758.0
7611.0,1789.0,1760.0,1788.0,765.0,759.0,750.0
7704.0,1788.0,1794.0,1807.0,785.0,773.0,757.0
7590.0,1781.0,1746.0,1772.0,771.0,767.0,753.0
7701.0,1777.0,1805.0,1805.0,784.0,765.0,765.0
7734.0,1796.0,1784.0,1827.0,776.0,768.0,783.0
7559.0,1800.0,1716.0,1770.0,759.0,759.0,755.0
7717.0,1802.0,1786.0,1810.0,775.0,768.0,776.0
7810.0,1827.0,1823.0,1826.0,787.0,781.0,766.0
7647.0,1784.0,1766.0,1787.0,772.0,767.0,771.0
7815.0,1798.0,1824.0,1832.0,775.0,799.0,787.0
7623.0,1761.0,1780.0,1792.0,766.0,763.0,761.0
7583.0,1755.0,1769.0,1787.0,763.0,745.0,764.0
7671.0,1797.0,1788.0,1791.0,764.0,763.0,768.0
7606.0,1759.0,1777.0,1787.0,764.0,755.0,764.0
7603.0,1774.0,1776.0,1756.0,766.0,766.0,765.0
7717.0,1812.0,1788.0,1809.0,770.0,758.0,780.0
7838.0,1813.0,1813.0,1858.0,771.0,778.0,805.0
7752.0,1780.0,1799.0,1846.0,782.0,772.0,773.0
7856.0,1848.0,1829.0,1830.0,785.0,781.0,783.0
7691.0,1775.0,1809.0,1790.0,770.0,768.0,779.0
7544.0,1752.0,1765.0,1756.0,757.0,751.0,763.0
7783.0,1840.0,1800.0,1817.0,767.0,774.0,785.0
7919.0,1853.0,1866.0,1838.0,780.0,779.0,803.0
7692.0,1795.0,1798.0,1793.0,772.0,767.0,767.0
7891.0,1844.0,1867.0,1837.0,776.0,773.0,794.0
7794.0,1845.0,1820.0,1807.0,757.0,777.0,788.0
7791.0,1817.0,1820.0,1808.0,772.0,782.0,792.0
7807.0,1849.0,1833.0,1784.0,780.0,776.0,785.0
7952.0,1891.0,1860.0,1849.0,784.0,782.0,786.0
7852.0,1842.0,1846.0,1820.0,784.0,769.0,791.0
7859.0,1824.0,1843.0,1828.0,787.0,780.0,797.0
7822.0,1830.0,1858.0,1796.0,770.0,780.0,788.0
7823.0,1832.0,1847.0,1813.0,772.0,779.0,780.0
7861.0,1836.0,1857.0,1820.0,783.0,777.0,788.0
7989.0,1874.0,1871.0,1837.0,796.0,796.0,815.0
7917.0,1849.0,1877.0,1822.0,774.0,790.0,805.0
7787.0,1822.0,1851.0,1796.0,771.0,768.0,779.0
7775.0,1817.0,1821.0,1809.0,782.0,771.0,775.0
7897.0,1831.0,1844.0,1856.0,795.0,778.0,793.0
7972.0,1818.0,1882.0,1883.0,796.0,786.0,807.0
7846.0,1833.0,1809.0,1832.0,799.0,784.0,789.0
7803.0,1811.0,1824.0,1837.0,773.0,771.0,787.0
7936.0,1846.0,1856.0,1845.0,797.0,785.0,807.0
7848.0,1835.0,1811.0,1830.0,793.0,787.0,792.0
7768.0,1830.0,1781.0,1823.0,775.0,778.0,781.0
7802.0,1839.0,1812.0,1817.0,785.0,778.0,771.0
7768.0,1797.0,1801.0,1828.0,786.0,777.0,779.0
7863.0,1832.0,1833.0,1840.0,787.0,790.0,781.0
7607.0,1783.0,1745.0,1778.0,771.0,766.0,764.0
7791.0,1818.0,1816.0,1816.0,782.0,785.0,774.0
7816.0,1829.0,1824.0,1825.0,773.0,778.0,787.0
7793.0,1813.0,1801.0,1827.0,787.0,787.0,778.0
7903.0,1862.0,1813.0,1855.0,785.0,803.0,785.0
7929.0,1835.0,1863.0,1882.0,786.0,784.0,779.0
7660.0,1781.0,1790.0,1785.0,763.0,776.0,765.0
7810.0,1814.0,1821.0,1829.0,781.0,786.0,779.0
7827.0,1825.0,1840.0,1815.0,788.0,793.0,766.0
7930.0,1853.0,1839.0,1863.0,789.0,799.0,787.0
7651.0,1757.0,1781.0,1810.0,765.0,775.0,763.0
7879.0,1845.0,1854.0,1814.0,797.0,801.0,768.0
7681.0,1766.0,1789.0,1821.0,768.0,773.0,764.0
7915.0,1862.0,1857.0,1833.0,802.0,779.0,782.0
7745.0,1781.0,1819.0,1795.0,784.0,796.0,770.0
7804.0,1830.0,1814.0,1804.0,790.0,784.0,782.0
7757.0,1801.0,1836.0,1796.0,779.0,781.0,764.0
7726.0,1779.0,1828.0,1790.0,787.0,777.0,765.0
7792.0,1794.0,1833.0,1814.0,786.0,793.0,772.0
7694.0,1773.0,1843.0,1788.0,757.0,775.0,758.0
7862.0,1828.0,1861.0,1843.0,777.0,778.0,775.0
7735.0,1806.0,1805.0,1799.0,780.0,778.0,767.0
7880.0,1847.0,1847.0,1834.0,794.0,780.0,778.0
7859.0,1844.0,1841.0,1815.0,787.0,795.0,777.0
7689.0,1806.0,1809.0,1770.0,765.0,774.0,765.0
7874.0,1855.0,1842.0,1822.0,790.0,782.0,783.0
7869.0,1859.0,1841.0,1812.0,779.0,787.0,791.0
7894.0,1865.0,1846.0,1811.0,791.0,791.0,790.0
8019.0,1907.0,1831.0,1882.0,803.0,804.0,792.0
7817.0,1844.0,1814.0,1815.0,787.0,779.0,778.0
7990.0,1891.0,1859.0,1858.0,799.0,801.0,782.0
8017.0,1909.0,1851.0,1866.0,804.0,793.0,794.0
7882.0,1870.0,1838.0,1809.0,789.0,790.0,786.0
7908.0,1853.0,1854.0,1838.0,775.0,790.0,798.0
7839.0,1850.0,1813.0,1808.0,783.0,785.0,800.0
7961.0,1884.0,1832.0,1844.0,800.0,792.0,809.0
7917.0,1870.0,1810.0,1865.0,789.0,792.0,791.0
8020.0,1884.0,1857.0,1867.0,801.0,805.0,806.0
7938.0,1847.0,1865.0,1852.0,787.0,795.0,792.0
7859.0,1832.0,1848.0,1831.0,790.0,775.0,783.0
7932.0,1845.0,1827.0,1879.0,791.0,792.0,798.0
7917.0,1841.0,1843.0,1846.0,793.0,786.0,808.0
8057.0,1884.0,1878.0,1889.0,811.0,792.0,803.0
8076.0,1859.0,1896.0,1902.0,805.0,813.0,801.0
7918.0,1854.0,1844.0,1860.0,783.0,774.0,803.0
7916.0,1830.0,1859.0,1863.0,785.0,788.0,791.0
7839.0,1827.0,1821.0,1843.0,776.0,782.0,790.0
7993.0,1851.0,1852.0,1892.0,802.0,787.0,809.0
7940.0,1837.0,1849.0,1885.0,786.0,789.0,794.0
8053.0,1865.0,1893.0,1899.0,798.0,790.0,808.0
7949.0,1863.0,1867.0,1869.0,783.0,785.0,782.0
8019.0,1845.0,1871.0,1898.0,800.0,792.0,813.0
7861.0,1838.0,1832.0,1836.0,790.0,777.0,788.0
7858.0,1825.0,1849.0,1842.0,789.0,771.0,782.0
7805.0,1818.0,1818.0,1871.0,775.0,750.0,773.0
7836.0,1849.0,1809.0,1839.0,786.0,779.0,774.0
7925.0,1840.0,1863.0,1872.0,781.0,784.0,785.0
7933.0,1844.0,1845.0,1856.0,791.0,794.0,803.0
7930.0,1839.0,1831.0,1869.0,799.0,793.0,799.0
7823.0,1808.0,1839.0,1819.0,787.0,785.0,785.0
7824.0,1826.0,1846.0,1820.0,781.0,780.0,771.0
7976.0,1856.0,1859.0,1859.0,809.0,791.0,802.0
7756.0,1814.0,1809.0,1800.0,778.0,770.0,785.0
7964.0,1864.0,1863.0,1840.0,810.0,786.0,801.0
7930.0,1824.0,1863.0,1865.0,788.0,789.0,801.0
7926.0,1863.0,1812.0,1850.0,804.0,793.0,804.0
7813.0,1837.0,1813.0,1800.0,803.0,785.0,775.0
7997.0,1850.0,1862.0,1865.0,801.0,820.0,799.0
7931.0,1844.0,1837.0,1851.0,802.0,798.0,799.0
7957.0,1857.0,1845.0,1856.0,800.0,795.0,804.0
7888.0,1837.0,1830.0,1832.0,792.0,801.0,796.0
7817.0,1801.0,1815.0,1821.0,790.0,791.0,799.0
7836.0,1829.0,1831.0,1816.0,790.0,792.0,778.0
7685.0,1793.0,1797.0,1784.0,767.0,774.0,770.0
8098.0,1883.0,1881.0,1885.0,817.0,818.0,814.0
7949.0,1870.0,1848.0,1843.0,803.0,797.0,788.0
8024.0,1877.0,1870.0,1859.0,797.0,810.0,811.0
7760.0,1799.0,1828.0,1789.0,781.0,787.0,776.0
7983.0,1866.0,1860.0,1869.0,793.0,801.0,794.0
7906.0,1848.0,1837.0,1832.0,795.0,806.0,788.0
8133.0,1901.0,1901.0,1889.0,808.0,818.0,816.0
8096.0,1902.0,1880.0,1879.0,814.0,822.0,799.0
8034.0,1883.0,1875.0,1863.0,810.0,806.0,797.0
8021.0,1868.0,1901.0,1860.0,787.0,801.0,804.0
7978.0,1865.0,1879.0,1843.0,786.0,802.0,803.0
8222.0,1945.0,1937.0,1888.0,813.0,827.0,812.0
8312.0,1939.0,1971.0,1940.0,816.0,830.0,816.0
8022.0,1879.0,1882.0,1848.0,796.0,817.0,800.0
8018.0,1848.0,1887.0,1890.0,795.0,798.0,800.0
8005.0,1849.0,1900.0,1852.0,792.0,810.0,802.0
8024.0,1845.0,1893.0,1903.0,800.0,796.0,787.0
8060.0,1874.0,1901.0,1886.0,788.0,821.0,790.0
8054.0,1867.0,1872.0,1891.0,801.0,811.0,812.0
8023.0,1871.0,1873.0,1894.0,780.0,809.0,796.0
7994.0,1860.0,1880.0,1867.0,784.0,810.0,793.0
7970.0,1842.0,1873.0,1860.0,797.0,793.0,805.0
7970.0,1838.0,1867.0,1877.0,800.0,800.0,788.0
8005.0,1850.0,1882.0,1887.0,796.0,798.0,792.0
8110.0,1879.0,1880.0,1919.0,803.0,823.0,806.0
8014.0,1861.0,1901.0,1876.0,789.0,793.0,794.0
7927.0,1844.0,1854.0,1868.0,788.0,781.0,792.0
8119.0,1902.0,1873.0,1917.0,806.0,813.0,808.0
7957.0,1860.0,1845.0,1882.0,792.0,794.0,784.0
8087.0,1901.0,1896.0,1857.0,814.0,811.0,808.0
7935.0,1870.0,1852.0,1841.0,798.0,786.0,788.0
8082.0,1902.0,1881.0,1879.0,803.0,805.0,812.0
7994.0,1889.0,1858.0,1862.0,800.0,794.0,791.0
7905.0,1863.0,1802.0,1854.0,795.0,794.0,797.0
7865.0,1837.0,1821.0,1851.0,776.0,789.0,791.0
7957.0,1870.0,1848.0,1862.0,792.0,793.0,792.0
8004.0,1881.0,1870.0,1868.0,800.0,798.0,787.0
8056.0,1900.0,1867.0,1863.0,819.0,798.0,809.0
8062.0,1903.0,1860.0,1893.0,805.0,798.0,803.0
7935.0,1871.0,1834.0,1854.0,791.0,792.0,793.0
7997.0,1854.0,1879.0,1881.0,801.0,795.0,787.0
7921.0,1855.0,1846.0,1833.0,794.0,792.0,801.0
7977.0,1852.0,1855.0,1856.0,820.0,799.0,795.0
7845.0,1841.0,1815.0,1818.0,794.0,784.0,793.0
7846.0,1830.0,1821.0,1821.0,801.0,780.0,793.0
7907.0,1865.0,1851.0,1826.0,792.0,782.0,791.0
7995.0,1877.0,1862.0,1861.0,803.0,792.0,800.0
7945.0,1835.0,1875.0,1832.0,816.0,795.0,792.0
8031.0,1853.0,1886.0,1858.0,823.0,799.0,812.0
7949.0,1833.0,1885.0,1847.0,794.0,787.0,803.0
8003.0,1844.0,1887.0,1865.0,806.0,794.0,807.0
7997.0,1848.0,1876.0,1845.0,811.0,805.0,812.0
7871.0,1810.0,1856.0,1811.0,798.0,791.0,805.0
8147.0,1899.0,1930.0,1888.0,818.0,802.0,810.0
8044.0,1853.0,1893.0,1875.0,803.0,803.0,817.0
8078.0,1886.0,1872.0,1882.0,813.0,815.0,810.0
8076.0,1878.0,1893.0,1858.0,809.0,815.0,823.0
8234.0,1918.0,1913.0,1933.0,828.0,819.0,823.0
8208.0,1928.0,1919.0,1904.0,820.0,817.0,820.0
8059.0,1905.0,1862.0,1854.0,812.0,809.0,817.0
8061.0,1890.0,1875.0,1893.0,801.0,801.0,801.0
8226.0,1911.0,1928.0,1903.0,833.0,820.0,831.0
8081.0,1880.0,1868.0,1894.0,804.0,811.0,824.0
8241.0,1936.0,1905.0,1911.0,828.0,831.0,830.0
8190.0,1903.0,1885.0,1946.0,810.0,817.0,829.0
8226.0,1907.0,1907.0,1939.0,813.0,835.0,825.0
8119.0,1901.0,1861.0,1911.0,814.0,818.0,814.0
8293.0,1962.0,1902.0,1943.0,816.0,835.0,835.0
8213.0,1907.0,1889.0,1933.0,818.0,829.0,837.0
8199.0,1901.0,1919.0,1933.0,816.0,808.0,822.0
8201.0,1897.0,1911.0,1921.0,820.0,832.0,820.0
8230.0,1892.0,1907.0,1957.0,814.0,835.0,825.0
8240.0,1904.0,1914.0,1949.0,817.0,819.0,837.0
7998.0,1839.0,1882.0,1888.0,785.0,812.0,792.0
8201.0,1894.0,1907.0,1921.0,828.0,822.0,829.0
8127.0,1888.0,1912.0,1883.0,804.0,816.0,824.0
8131.0,1886.0,1883.0,1917.0,806.0,825.0,814.0
8068.0,1851.0,1869.0,1917.0,802.0,809.0,820.0
8317.0,1929.0,1919.0,1982.0,819.0,837.0,831.0
8086.0,1884.0,1884.0,1884.0,810.0,820.0,804.0
8059.0,1862.0,1896.0,1881.0,805.0,814.0,801.0
8065.0,1872.0,1882.0,1891.0,807.0,812.0,801.0
8114.0,1879.0,1904.0,1908.0,802.0,823.0,798.0
8108.0,1901.0,1908.0,1870.0,803.0,812.0,814.0
8101.0,1879.0,1911.0,1882.0,799.0,809.0,821.0
8102.0,1908.0,1887.0,1889.0,796.0,826.0,796.0
8014.0,1878.0,1871.0,1854.0,807.0,800.0,804.0
8143.0,1923.0,1915.0,1868.0,805.0,815.0,817.0
8180.0,1917.0,1912.0,1917.0,817.0,825.0,792.0
7973.0,1867.0,1880.0,1846.0,788.0,794.0,798.0
8331.0,1963.0,1943.0,1963.0,820.0,811.0,831.0
8007.0,1895.0,1900.0,1821.0,803.0,797.0,791.0
8031.0,1880.0,1895.0,1864.0,794.0,802.0,796.0
8266.0,1919.0,1944.0,1916.0,840.0,828.0,819.0
8031.0,1886.0,1895.0,1848.0,794.0,802.0,806.0
8106.0,1895.0,1899.0,1895.0,809.0,804.0,804.0
8019.0,1859.0,1877.0,1879.0,804.0,806.0,794.0
8083.0,1882.0,1866.0,1920.0,800.0,806.0,809.0
8037.0,1856.0,1880.0,1876.0,814.0,813.0,798.0
8189.0,1895.0,1921.0,1929.0,822.0,817.0,805.0
8079.0,1887.0,1894.0,1890.0,817.0,800.0,791.0
7997.0,1856.0,1849.0,1878.0,807.0,807.0,800.0
8099.0,1879.0,1903.0,1882.0,826.0,815.0,794.0
8177.0,1910.0,1909.0,1901.0,831.0,822.0,804.0
8080.0,1905.0,1890.0,1879.0,808.0,797.0,801.0
8124.0,1909.0,1883.0,1892.0,818.0,812.0,810.0
8167.0,1885.0,1919.0,1908.0,830.0,805.0,820.0
8128.0,1902.0,1877.0,1912.0,813.0,807.0,817.0
8244.0,1925.0,1929.0,1933.0,831.0,813.0,813.0
8239.0,1942.0,1901.0,1936.0,829.0,815.0,816.0
8228.0,1932.0,1922.0,1920.0,827.0,806.0,821.0
8324.0,1975.0,1929.0,1942.0,829.0,828.0,821.0
8348.0,1957.0,1939.0,1958.0,836.0,825.0,833.0
8235.0,1896.0,1919.0,1953.0,838.0,825.0,804.0
8253.0,1926.0,1928.0,1920.0,840.0,814.0,825.0
8311.0,1950.0,1937.0,1930.0,842.0,814.0,838.0
8233.0,1926.0,1919.0,1924.0,828.0,813.0,823.0
8372.0,1947.0,1949.0,1975.0,838.0,837.0,826.0
8211.0,1919.0,1927.0,1914.0,824.0,809.0,818.0
8270.0,1953.0,1924.0,1931.0,820.0,825.0,817.0
8377.0,1932.0,1955.0,1989.0,835.0,829.0,837.0
8276.0,1922.0,1940.0,1940.0,816.0,827.0,831.0
8507.0,1952.0,1997.0,2000.0,852.0,852.0,854.0
8298.0,1913.0,1940.0,1960.0,833.0,823.0,829.0
8302.0,1931.0,1937.0,1948.0,839.0,820.0,827.0
8322.0,1929.0,1944.0,1941.0,837.0,836.0,835.0
8229.0,1892.0,1947.0,1929.0,824.0,814.0,823.0
8142.0,1879.0,1913.0,1906.0,808.0,814.0,822.0
8275.0,1914.0,1948.0,1915.0,830.0,837.0,831.0
8200.0,1919.0,1896.0,1904.0,822.0,832.0,827.0
8111.0,1899.0,1908.0,1874.0,810.0,809.0,811.0
8378.0,1966.0,1948.0,1938.0,836.0,851.0,839.0
8265.0,1935.0,1948.0,1919.0,815.0,832.0,816.0
8158.0,1915.0,1898.0,1902.0,811.0,808.0,824.0
8133.0,1885.0,1906.0,1902.0,804.0,819.0,817.0
8282.0,1949.0,1928.0,1911.0,821.0,832.0,841.0
8244.0,1957.0,1904.0,1906.0,822.0,823.0,832.0
8217.0,1930.0,1920.0,1894.0,819.0,825.0,829.0
8309.0,1965.0,1939.0,1913.0,820.0,839.0,833.0
8076.0,1903.0,1867.0,1852.0,810.0,824.0,820.0
8203.0,1927.0,1898.0,1900.0,810.0,839.0,829.0
8144.0,1903.0,1873.0,1910.0,812.0,826.0,820.0
8197.0,1908.0,1891.0,1920.0,816.0,837.0,825.0
8105.0,1887.0,1880.0,1885.0,806.0,822.0,825.0
8288.0,1920.0,1952.0,1927.0,822.0,842.0,825.0
8048.0,1901.0,1842.0,1871.0,803.0,818.0,813.0
8045.0,1922.0,1851.0,1845.0,806.0,810.0,811.0
8117.0,1897.0,1867.0,1893.0,828.0,824.0,808.0
8199.0,1903.0,1883.0,1933.0,831.0,829.0,820.0
8044.0,1870.0,1882.0,1866.0,802.0,805.0,819.0
8224.0,1930.0,1905.0,1906.0,824.0,835.0,824.0
8200.0,1909.0,1906.0,1898.0,831.0,826.0,830.0
8376.0,1952.0,1954.0,1949.0,847.0,835.0,839.0
8301.0,1917.0,1942.0,1916.0,842.0,843.0,841.0
8225.0,1903.0,1927.0,1928.0,827.0,816.0,824.0
8273.0,1903.0,1969.0,1917.0,827.0,828.0,829.0
8182.0,1905.0,1905.0,1910.0,828.0,814.0,820.0
8251.0,1906.0,1931.0,1930.0,824.0,837.0,823.0
8351.0,1927.0,1946.0,1976.0,849.0,826.0,827.0
8312.0,1906.0,1957.0,1976.0,832.0,822.0,819.0
8450.0,1978.0,1973.0,1964.0,843.0,838.0,854.0
8385.0,1990.0,1953.0,1956.0,835.0,825.0,826.0
8307.0,1928.0,1945.0,1944.0,835.0,828.0,827.0
8350.0,1950.0,1955.0,1954.0,839.0,828.0,824.0
8477.0,1972.0,1988.0,1979.0,855.0,850.0,833.0
8461.0,1991.0,1995.0,1964.0,841.0,838.0,832.0
8494.0,1996.0,1974.0,1992.0,852.0,845.0,835.0
8461.0,1983.0,1974.0,1979.0,859.0,838.0,828.0
8307.0,1948.0,1939.0,1944.0,831.0,822.0,823.0
8267.0,1916.0,1934.0,1937.0,833.0,819.0,828.0
8493.0,1977.0,1999.0,1994.0,847.0,829.0,847.0
8397.0,1956.0,1954.0,1963.0,847.0,839.0,838.0
8298.0,1916.0,1932.0,1938.0,838.0,827.0,847.0
8343.0,1928.0,1964.0,1963.0,837.0,820.0,831.0
8384.0,1945.0,1957.0,1954.0,856.0,837.0,835.0
8339.0,1944.0,1912.0,1975.0,843.0,833.0,832.0
8285.0,1916.0,1925.0,1942.0,848.0,827.0,827.0
8286.0,1939.0,1924.0,1954.0,838.0,820.0,811.0
8518.0,1954.0,1988.0,2016.0,855.0,861.0,844.0
8358.0,1936.0,1965.0,1947.0,840.0,840.0,830.0
8264.0,1919.0,1943.0,1916.0,840.0,813.0,833.0
8292.0,1931.0,1937.0,1931.0,835.0,829.0,829.0
8214.0,1915.0,1907.0,1923.0,829.0,822.0,818.0
8287.0,1942.0,1921.0,1928.0,835.0,833.0,828.0
8335.0,1965.0,1944.0,1926.0,833.0,826.0,841.0
8213.0,1933.0,1921.0,1908.0,825.0,813.0,813.0
8215.0,1923.0,1915.0,1910.0,833.0,818.0,816.0
8309.0,1969.0,1942.0,1907.0,838.0,826.0,827.0
8302.0,1952.0,1936.0,1923.0,825.0,839.0,827.0
8236.0,1941.0,1934.0,1896.0,821.0,826.0,818.0
8362.0,1959.0,1945.0,1952.0,829.0,839.0,838.0
8250.0,1938.0,1938.0,1907.0,814.0,826.0,827.0
8304.0,1940.0,1943.0,1937.0,824.0,835.0,825.0
8354.0,1973.0,1944.0,1949.0,824.0,831.0,833.0
8345.0,1964.0,1961.0,1935.0,830.0,829.0,826.0
8303.0,1939.0,1960.0,1923.0,822.0,824.0,835.0
8301.0,1921.0,1957.0,1941.0,826.0,827.0,829.0
8284.0,1928.0,1957.0,1919.0,820.0,826.0,834.0
8389.0,1954.0,1963.0,1976.0,831.0,824.0,841.0
8349.0,1919.0,1944.0,1977.0,831.0,838.0,840.0
8230.0,1902.0,1935.0,1937.0,811.0,829.0,816.0
8347.0,1930.0,1951.0,1945.0,831.0,842.0,848.0
8320.0,1918.0,1958.0,1935.0,832.0,841.0,836.0
8300.0,1919.0,1931.0,1962.0,826.0,837.0,825.0
8288.0,1911.0,1941.0,1936.0,822.0,840.0,838.0
8265.0,1897.0,1927.0,1946.0,833.0,825.0,837.0
8348.0,1947.0,1937.0,1953.0,832.0,836.0,843.0
8336.0,1899.0,1953.0,1963.0,834.0,843.0,844.0
8354.0,1947.0,1937.0,1962.0,829.0,837.0,842.0
8436.0,1971.0,1953.0,1977.0,841.0,846.0,848.0
8374.0,1923.0,1953.0,1981.0,832.0,838.0,847.0
8533.0,1984.0,1980.0,2006.0,854.0,864.0,845.0
8520.0,1992.0,1967.0,1989.0,850.0,865.0,857.0
8616.0,2022.0,1972.0,2036.0,861.0,857.0,868.0
8428.0,1962.0,1951.0,1971.0,845.0,856.0,843.0
8506.0,1985.0,1968.0,1985.0,863.0,858.0,847.0
8378.0,1972.0,1926.0,1955.0,844.0,843.0,838.0
8419.0,1958.0,1961.0,1974.0,839.0,832.0,855.0
8541.0,2011.0,1959.0,2009.0,856.0,863.0,843.0
8652.0,2032.0,2000.0,2021.0,862.0,868.0,869.0
8409.0,1961.0,1915.0,1972.0,863.0,846.0,852.0
8486.0,1985.0,1969.0,1981.0,844.0,861.0,846.0
8531.0,1985.0,1983.0,2005.0,857.0,851.0,850.0
8460.0,1958.0,1953.0,2000.0,842.0,858.0,849.0
8424.0,1972.0,1958.0,1955.0,836.0,852.0,851.0
8353.0,1942.0,1945.0,1928.0,846.0,843.0,849.0
8393.0,1949.0,1956.0,1952.0,844.0,836.0,856.0
8526.0,1971.0,2005.0,1998.0,851.0,854.0,847.0
8562.0,1972.0,2036.0,1980.0,861.0,850.0,863.0
8377.0,1956.0,1965.0,1932.0,845.0,831.0,848.0
8455.0,1972.0,2000.0,1951.0,851.0,828.0,853.0
8512.0,1983.0,1987.0,1984.0,853.0,848.0,857.0
8337.0,1956.0,1938.0,1946.0,836.0,824.0,837.0
8345.0,1942.0,1954.0,1951.0,835.0,834.0,829.0
8334.0,1931.0,1965.0,1925.0,837.0,839.0,837.0
8381.0,1968.0,1965.0,1925.0,844.0,828.0,851.0
8347.0,1948.0,1969.0,1929.0,829.0,845.0,827.0
8573.0,2007.0,2019.0,1983.0,859.0,856.0,849.0
8456.0,1987.0,1981.0,1956.0,848.0,837.0,847.0
8330.0,1951.0,1970.0,1944.0,823.0,822.0,820.0
8503.0,2003.0,1989.0,1972.0,843.0,849.0,847.0
8395.0,1995.0,1961.0,1937.0,836.0,826.0,840.0
8447.0,1986.0,1979.0,1964.0,831.0,839.0,848.0
8277.0,1944.0,1938.0,1916.0,819.0,827.0,833.0
8456.0,1973.0,1962.0,1989.0,839.0,839.0,854.0
8253.0,1916.0,1923.0,1948.0,824.0,818.0,824.0
8427.0,1977.0,1955.0,2000.0,834.0,834.0,827.0
8334.0,1955.0,1935.0,1965.0,821.0,832.0,826.0
8304.0,1921.0,1924.0,1949.0,833.0,841.0,836.0
8313.0,1943.0,1940.0,1962.0,822.0,823.0,823.0
8428.0,1978.0,1979.0,1955.0,840.0,829.0,847.0
8385.0,1964.0,1922.0,1974.0,838.0,844.0,843.0
8206.0,1910.0,1920.0,1924.0,822.0,817.0,813.0
8390.0,1939.0,1980.0,1966.0,839.0,828.0,838.0
8399.0,1952.0,1956.0,1983.0,835.0,838.0,835.0
8358.0,1928.0,1948.0,1985.0,838.0,831.0,828.0
8218.0,1905.0,1903.0,1938.0,835.0,818.0,819.0
8305.0,1946.0,1927.0,1960.0,828.0,823.0,821.0
8425.0,1949.0,1983.0,1974.0,843.0,848.0,828.0
8379.0,1957.0,1947.0,1965.0,838.0,837.0,835.0
8466.0,1958.0,1966.0,2014.0,850.0,836.0,842.0
8513.0,1977.0,1988.0,2002.0,846.0,846.0,854.0
8523.0,2008.0,1988.0,1976.0,850.0,863.0,838.0
8531.0,1989.0,1992.0,2005.0,838.0,856.0,851.0
8478.0,1987.0,1975.0,1978.0,857.0,847.0,834.0
8445.0,1973.0,1964.0,1973.0,848.0,852.0,835.0
8739.0,2017.0,2071.0,2023.0,868.0,885.0,875.0
8607.0,2021.0,2021.0,2005.0,861.0,848.0,851.0
8598.0,2015.0,2017.0,2002.0,854.0,860.0,850.0
8491.0,2011.0,1989.0,1948.0,845.0,860.0,838.0
8531.0,1989.0,2005.0,1991.0,855.0,845.0,846.0
8613.0,2013.0,2029.0,1983.0,869.0,866.0,853.0
8834.0,2077.0,2065.0,2071.0,875.0,881.0,865.0
8595.0,2026.0,1983.0,2007.0,864.0,861.0,854.0
8616.0,2013.0,2021.0,2002.0,874.0,857.0,849.0
8537.0,2000.0,2004.0,1960.0,863.0,854.0,856.0
8522.0,1980.0,1985.0,1992.0,859.0,864.0,842.0
8595.0,1997.0,2014.0,2007.0,871.0,845.0,861.0
8615.0,1994.0,2023.0,1988.0,873.0,875.0,862.0
8541.0,1995.0,1985.0,1974.0,868.0,864.0,855.0
8449.0,1962.0,1968.0,1963.0,858.0,849.0,849.0
8521.0,1968.0,2008.0,1966.0,857.0,866.0,856.0
8466.0,1977.0,1969.0,1959.0,858.0,853.0,850.0
8515.0,1977.0,1984.0,1989.0,862.0,855.0,848.0
8538.0,2000.0,1979.0,1993.0,856.0,845.0,865.0
8567.0,1992.0,1978.0,1997.0,867.0,867.0,866.0
8552.0,1999.0,1995.0,1984.0,860.0,845.0,869.0
8556.0,1984.0,1999.0,1991.0,857.0,859.0,866.0
8526.0,1997.0,1970.0,1980.0,861.0,856.0,862.0
8588.0,1999.0,2000.0,1976.0,874.0,880.0,859.0
8509.0,1985.0,1966.0,2001.0,854.0,854.0,849.0
8492.0,1984.0,1961.0,1969.0,850.0,854.0,874.0
8472.0,2002.0,1958.0,1976.0,844.0,851.0,841.0
8570.0,1994.0,1975.0,2013.0,863.0,855.0,870.0
8438.0,2006.0,1946.0,1969.0,836.0,838.0,843.0
8429.0,1991.0,1963.0,1954.0,838.0,838.0,845.0
8605.0,2023.0,1994.0,2011.0,860.0,843.0,874.0
8455.0,1976.0,1979.0,1978.0,832.0,839.0,851.0
8624.0,2029.0,2019.0,1997.0,856.0,863.0,860.0
8553.0,2024.0,1998.0,1979.0,840.0,852.0,860.0
8573.0,2002.0,2015.0,2009.0,841.0,842.0,864.0
8529.0,1990.0,1992.0,2002.0,850.0,843.0,852.0
8409.0,1963.0,1981.0,1970.0,826.0,825.0,844.0
8600.0,2005.0,2033.0,2003.0,843.0,861.0,855.0
8480.0,1970.0,1968.0,2005.0,844.0,841.0,852.0
8460.0,1957.0,1971.0,1978.0,845.0,845.0,864.0
8544.0,1986.0,1998.0,2010.0,838.0,855.0,857.0
8490.0,1953.0,1995.0,2005.0,843.0,850.0,844.0
8537.0,1982.0,2011.0,1999.0,837.0,855.0,853.0
8514.0,1998.0,1978.0,1997.0,845.0,845.0,851.0
8584.0,2000.0,2014.0,2015.0,856.0,841.0,858.0
8584.0,1986.0,2009.0,2024.0,850.0,855.0,860.0
8578.0,1993.0,1996.0,2025.0,848.0,861.0,855.0
8520.0,2009.0,1999.0,1972.0,849.0,840.0,851.0
8426.0,1951.0,1968.0,1988.0,833.0,836.0,850.0
8816.0,2085.0,2039.0,2064.0,881.0,871.0,876.0
8653.0,2022.0,2026.0,2021.0,850.0,862.0,872.0
8688.0,2045.0,1992.0,2027.0,871.0,868.0,885.0
8633.0,2033.0,2009.0,2024.0,861.0,854.0,852.0
8759.0,2097.0,2039.0,2010.0,874.0,877.0,862.0
8765.0,2062.0,2041.0,2029.0,874.0,879.0,880.0
8579.0,2015.0,1988.0,2010.0,860.0,854.0,852.0
8738.0,2060.0,2017.0,2038.0,883.0,867.0,873.0
8704.0,2052.0,2007.0,2039.0,871.0,867.0,868.0
8696.0,2070.0,2012.0,2011.0,871.0,862.0,870.0
8657.0,2023.0,1990.0,2027.0,874.0,872.0,871.0
8613.0,2014.0,2005.0,2019.0,871.0,856.0,848.0
8724.0,2043.0,2042.0,2020.0,884.0,871.0,864.0
8492.0,1986.0,1973.0,1972.0,847.0,859.0,855.0
8859.0,2071.0,2045.0,2073.0,896.0,887.0,887.0
8599.0,2014.0,2013.0,1978.0,866.0,869.0,859.0
8665.0,2025.0,2027.0,2027.0,865.0,875.0,846.0
8719.0,2019.0,2019.0,2051.0,876.0,875.0,879.0
8665.0,1994.0,2037.0,2030.0,872.0,875.0,857.0
8615.0,1993.0,2013.0,2006.0,874.0,874.0,855.0
8535.0,1973.0,2003.0,1984.0,874.0,867.0,834.0
8705.0,2014.0,2062.0,2030.0,876.0,869.0,854.0
8687.0,2031.0,2032.0,2017.0,880.0,877.0,850.0
8676.0,1995.0,2011.0,2028.0,882.0,895.0,865.0
8615.0,1999.0,2015.0,2008.0,877.0,862.0,854.0
8766.0,2057.0,2034.0,2062.0,871.0,876.0,866.0
8683.0,2001.0,2029.0,2048.0,878.0,869.0,858.0
8559.0,2001.0,1988.0,2017.0,857.0,857.0,839.0
8616.0,1997.0,2022.0,2013.0,864.0,863.0,857.0
8699.0,2019.0,2057.0,2023.0,878.0,866.0,856.0
8701.0,2029.0,2044.0,2036.0,866.0,875.0,851.0
8665.0,2052.0,2022.0,2004.0,860.0,867.0,860.0
8670.0,2048.0,2018.0,2022.0,861.0,865.0,856.0
8646.0,2020.0,2031.0,2027.0,858.0,852.0,858.0
8671.0,2042.0,2035.0,2013.0,861.0,861.0,859.0
8796.0,2010.0,2071.0,2077.0,870.0,889.0,879.0
8442.0,1962.0,1960.0,1988.0,836.0,853.0,843.0
8690.0,2018.0,2024.0,2049.0,882.0,855.0,862.0
8700.0,2033.0,2024.0,2035.0,861.0,878.0,869.0
8672.0,2004.0,2018.0,2035.0,869.0,871.0,875.0
8687.0,2008.0,2019.0,2050.0,867.0,860.0,883.0
8610.0,1982.0,2004.0,2023.0,862.0,868.0,871.0
8655.0,2014.0,2027.0,2027.0,849.0,868.0,870.0
8414.0,1958.0,1947.0,1983.0,832.0,843.0,851.0
8598.0,1987.0,2009.0,2024.0,856.0,856.0,866.0
8571.0,2005.0,1981.0,2015.0,856.0,867.0,847.0
8561.0,1987.0,2010.0,2013.0,846.0,841.0,864.0
8672.0,2009.0,2024.0,2043.0,865.0,862.0,869.0
8518.0,1970.0,1963.0,2009.0,851.0,867.0,858.0
8567.0,1976.0,1972.0,2019.0,864.0,856.0,880.0
8626.0,2022.0,2005.0,2012.0,858.0,858.0,871.0
8691.0,2035.0,2034.0,2033.0,855.0,862.0,872.0
8586.0,2018.0,1981.0,2018.0,848.0,856.0,865.0
8763.0,2086.0,2035.0,2033.0,864.0,876.0,869.0
8697.0,2041.0,2027.0,2020.0,875.0,858.0,876.0
8661.0,2026.0,2031.0,2002.0,864.0,861.0,877.0
8836.0,2096.0,2063.0,2054.0,871.0,869.0,883.0
8729.0,2078.0,2039.0,1996.0,855.0,881.0,880.0
8824.0,2057.0,2072.0,2074.0,861.0,880.0,880.0
8833.0,2068.0,2072.0,2045.0,872.0,883.0,893.0
8785.0,2068.0,2065.0,2026.0,864.0,865.0,897.0
8870.0,2076.0,2095.0,2054.0,888.0,870.0,887.0
8648.0,2025.0,2038.0,1993.0,862.0,866.0,864.0
8844.0,2080.0,2065.0,2052.0,879.0,870.0,898.0
8631.0,2016.0,2039.0,1995.0,864.0,849.0,868.0
8905.0,2087.0,2100.0,2069.0,884.0,876.0,889.0
8911.0,2061.0,2098.0,2079.0,898.0,883.0,892.0
8782.0,2042.0,2089.0,2030.0,879.0,860.0,882.0
8752.0,2048.0,2046.0,2028.0,881.0,869.0,880.0
8854.0,2055.0,2091.0,2064.0,884.0,872.0,888.0
8754.0,2058.0,2038.0,2015.0,885.0,876.0,882.0
8851.0,2052.0,2091.0,2049.0,883.0,887.0,889.0
8848.0,2051.0,2077.0,2054.0,885.0,890.0,891.0
9024.0,2113.0,2109.0,2091.0,897.0,906.0,908.0
8882.0,2052.0,2059.0,2091.0,890.0,884.0,906.0
8811.0,2057.0,2042.0,2061.0,889.0,877.0,885.0
8777.0,2027.0,2036.0,2071.0,884.0,885.0,874.0
8745.0,2045.0,2025.0,2073.0,883.0,853.0,866.0
8632.0,2025.0,1999.0,2021.0,861.0,862.0,864.0
8597.0,2024.0,2004.0,2019.0,851.0,851.0,848.0
8730.0,2051.0,2030.0,2026.0,888.0,867.0,868.0
8811.0,2048.0,2052.0,2060.0,894.0,876.0,881.0
8665.0,2013.0,2016.0,2040.0,867.0,866.0,863.0
8708.0,2047.0,1997.0,2055.0,870.0,871.0,868.0
8747.0,2057.0,2020.0,2045.0,874.0,881.0,870.0
8775.0,2062.0,2012.0,2054.0,889.0,881.0,877.0
8672.0,2061.0,2004.0,2017.0,865.0,870.0,855.0
8771.0,2046.0,2050.0,2052.0,872.0,876.0,875.0
8638.0,2004.0,2018.0,2037.0,858.0,867.0,854.0
8732.0,2025.0,2034.0,2059.0,868.0,881.0,865.0
8626.0,2013.0,2004.0,2011.0,862.0,870.0,866.0
8788.0,2044.0,2040.0,2068.0,878.0,881.0,877.0
8722.0,2036.0,2058.0,2020.0,865.0,878.0,865.0
8808.0,2044.0,2064.0,2057.0,885.0,886.0,872.0
8757.0,2048.0,2046.0,2036.0,867.0,885.0,875.0
8731.0,2042.0,2047.0,2026.0,870.0,878.0,868.0
8755.0,2049.0,2053.0,2037.0,882.0,876.0,858.0
8811.0,2028.0,2072.0,2064.0,877.0,890.0,880.0
8867.0,2073.0,2073.0,2064.0,887.0,888.0,882.0
8633.0,2020.0,2023.0,2007.0,859.0,868.0,856.0
8806.0,2033.0,2102.0,2043.0,871.0,884.0,873.0
8829.0,2068.0,2079.0,2044.0,884.0,883.0,871.0
8776.0,2050.0,2072.0,2027.0,869.0,880.0,878.0
8803.0,2076.0,2052.0,2041.0,875.0,884.0,875.0
8710.0,2039.0,2037.0,2007.0,859.0,887.0,881.0
8912.0,2097.0,2085.0,2078.0,886.0,895.0,871.0
8749.0,2032.0,2077.0,2022.0,876.0,881.0,861.0
8989.0,2106.0,2099.0,2099.0,884.0,904.0,897.0
8887.0,2076.0,2087.0,2072.0,885.0,881.0,886.0
8788.0,2058.0,2054.0,2046.0,871.0,882.0,877.0
8866.0,2091.0,2072.0,2055.0,883.0,888.0,877.0
8997.0,2107.0,2109.0,2090.0,885.0,909.0,897.0
8876.0,2079.0,2063.0,2059.0,901.0,887.0,887.0
8808.0,2077.0,2052.0,2040.0,869.0,889.0,881.0
8822.0,2058.0,2044.0,2067.0,878.0,900.0,875.0
8917.0,2088.0,2079.0,2067.0,892.0,894.0,897.0
8863.0,2083.0,2065.0,2063.0,877.0,885.0,890.0
9093.0,2112.0,2116.0,2141.0,913.0,905.0,906.0
8926.0,2093.0,2083.0,2083.0,880.0,891.0,896.0
8765.0,2048.0,2049.0,2025.0,878.0,878.0,887.0
8816.0,2034.0,2036.0,2109.0,887.0,874.0,876.0
8851.0,2035.0,2062.0,2106.0,876.0,888.0,884.0
8831.0,2049.0,2045.0,2073.0,891.0,882.0,891.0
8802.0,2039.0,2037.0,2068.0,885.0,878.0,895.0
8949.0,2061.0,2076.0,2116.0,897.0,895.0,904.0
8893.0,2039.0,2071.0,2121.0,888.0,881.0,893.0
8857.0,2046.0,2029.0,2095.0,904.0,882.0,901.0
8861.0,2055.0,2073.0,2077.0,887.0,878.0,891.0
8794.0,2043.0,2062.0,2060.0,875.0,870.0,884.0
8967.0,2069.0,2095.0,2112.0,891.0,888.0,912.0
8977.0,2093.0,2087.0,2078.0,911.0,893.0,915.0
8842.0,2055.0,2085.0,2067.0,877.0,869.0,889.0
8856.0,2056.0,2071.0,2076.0,883.0,871.0,899.0
9026.0,2114.0,2114.0,2108.0,900.0,884.0,906.0
8921.0,2087.0,2073.0,2077.0,894.0,899.0,891.0
9006.0,2121.0,2110.0,2080.0,904.0,890.0,901.0
8739.0,2054.0,2030.0,2047.0,876.0,864.0,868.0
8905.0,2080.0,2094.0,2064.0,892.0,882.0,893.0
8797.0,2080.0,2040.0,2052.0,883.0,869.0,873.0
8911.0,2087.0,2085.0,2078.0,893.0,880.0,888.0
8817.0,2034.0,2077.0,2067.0,887.0,866.0,886.0
8732.0,2035.0,2047.0,2030.0,876.0,867.0,877.0
8981.0,2088.0,2116.0,2085.0,902.0,893.0,897.0
8855.0,2063.0,2068.0,2072.0,879.0,880.0,893.0
8908.0,2072.0,2074.0,2072.0,901.0,889.0,900.0
8764.0,2014.0,2053.0,2052.0,886.0,880.0,879.0
8638.0,2012.0,2022.0,2008.0,862.0,858.0,876.0
8931.0,2071.0,2109.0,2058.0,893.0,893.0,907.0
8935.0,2056.0,2109.0,2076.0,901.0,898.0,895.0
8813.0,2034.0,2079.0,2029.0,890.0,893.0,888.0
8945.0,2091.0,2076.0,2072.0,912.0,890.0,904.0
8899.0,2064.0,2068.0,2074.0,884.0,903.0,906.0
8762.0,2058.0,2020.0,2049.0,872.0,880.0,883.0
8845.0,2078.0,2036.0,2061.0,883.0,899.0,888.0
8800.0,2056.0,2050.0,2061.0,861.0,894.0,878.0
8852.0,2051.0,2060.0,2070.0,890.0,889.0,892.0
8771.0,2048.0,2010.0,2065.0,870.0,894.0,884.0
8799.0,2043.0,2064.0,2043.0,874.0,895.0,880.0
8892.0,2084.0,2079.0,2056.0,891.0,899.0,883.0
8761.0,2051.0,2054.0,2023.0,874.0,877.0,882.0
8994.0,2129.0,2086.0,2090.0,897.0,901.0,891.0
8891.0,2108.0,2049.0,2061.0,884.0,897.0,892.0
8949.0,2094.0,2090.0,2099.0,879.0,895.0,892.0
8957.0,2083.0,2093.0,2080.0,908.0,901.0,892.0
8983.0,2127.0,2102.0,2071.0,878.0,908.0,897.0
9097.0,2118.0,2127.0,2129.0,898.0,922.0,903.0
9099.0,2104.0,2118.0,2145.0,917.0,910.0,905.0
8891.0,2073.0,2098.0,2058.0,882.0,894.0,886.0
8943.0,2068.0,2107.0,2094.0,882.0,900.0,892.0
9007.0,2098.0,2107.0,2122.0,891.0,901.0,888.0
8968.0,2079.0,2112.0,2107.0,894.0,888.0,888.0
9047.0,2104.0,2116.0,2119.0,900.0,920.0,888.0
9009.0,2112.0,2086.0,2123.0,904.0,904.0,880.0
9033.0,2088.0,2114.0,2128.0,901.0,911.0,891.0
9096.0,2098.0,2129.0,2145.0,907.0,920.0,897.0
9011.0,2116.0,2079.0,2117.0,900.0,906.0,893.0
8955.0,2077.0,2085.0,2108.0,905.0,891.0,889.0
8922.0,2067.0,2093.0,2096.0,893.0,883.0,890.0
8959.0,2068.0,2106.0,2093.0,902.0,909.0,881.0
8983.0,2086.0,2129.0,2081.0,895.0,898.0,894.0
9025.0,2096.0,2124.0,2107.0,898.0,904.0,896.0
8918.0,2092.0,2090.0,2070.0,890.0,888.0,888.0
9041.0,2119.0,2120.0,2106.0,905.0,909.0,882.0
9110.0,2109.0,2153.0,2118.0,907.0,912.0,911.0
9104.0,2149.0,2111.0,2130.0,915.0,902.0,897.0
9031.0,2138.0,2086.0,2107.0,910.0,905.0,885.0
8971.0,2098.0,2083.0,2098.0,902.0,896.0,894.0
8879.0,2071.0,2051.0,2081.0,895.0,884.0,897.0
9002.0,2098.0,2083.0,2128.0,908.0,891.0,894.0
8938.0,2093.0,2082.0,2083.0,890.0,895.0,895.0
9000.0,2096.0,2091.0,2097.0,913.0,899.0,904.0
8890.0,2101.0,2064.0,2062.0,895.0,891.0,877.0
8982.0,2092.0,2093.0,2106.0,903.0,899.0,889.0
8916.0,2074.0,2076.0,2084.0,907.0,888.0,887.0
9005.0,2090.0,2100.0,2123.0,906.0,887.0,899.0
8845.0,2075.0,2063.0,2043.0,893.0,883.0,888.0
8918.0,2077.0,2067.0,2077.0,906.0,891.0,900.0
8896.0,2071.0,2069.0,2061.0,892.0,888.0,915.0
8999.0,2087.0,2094.0,2102.0,915.0,894.0,907.0
8856.0,2059.0,2064.0,2057.0,891.0,886.0,899.0
9096.0,2113.0,2128.0,2131.0,901.0,906.0,917.0
8900.0,2071.0,2114.0,2054.0,894.0,881.0,886.0
9002.0,2075.0,2098.0,2126.0,898.0,898.0,907.0
8878.0,2066.0,2107.0,2062.0,885.0,875.0,883.0
9078.0,2118.0,2117.0,2110.0,908.0,918.0,907.0
8940.0,2079.0,2101.0,2076.0,894.0,890.0,900.0
8975.0,2107.0,2108.0,2061.0,905.0,897.0,897.0
9034.0,2124.0,2121.0,2072.0,903.0,900.0,914.0
9017.0,2088.0,2119.0,2087.0,899.0,910.0,914.0
9028.0,2107.0,2107.0,2111.0,890.0,896.0,917.0
9054.0,2124.0,2124.0,2105.0,902.0,891.0,908.0
9118.0,2144.0,2158.0,2113.0,897.0,897.0,909.0
8929.0,2101.0,2079.0,2084.0,877.0,892.0,896.0
9249.0,2167.0,2174.0,2133.0,933.0,922.0,920.0
9177.0,2180.0,2148.0,2113.0,910.0,901.0,925.0
9144.0,2136.0,2149.0,2122.0,902.0,918.0,917.0
9079.0,2143.0,2129.0,2094.0,897.0,903.0,913.0
9055.0,2108.0,2096.0,2141.0,903.0,901.0,906.0
9128.0,2134.0,2116.0,2135.0,910.0,916.0,917.0
9317.0,2179.0,2178.0,2185.0,919.0,935.0,921.0
9125.0,2109.0,2138.0,2143.0,909.0,910.0,916.0
9204.0,2128.0,2153.0,2174.0,904.0,921.0,924.0
9151.0,2124.0,2125.0,2168.0,905.0,912.0,917.0
9256.0,2166.0,2148.0,2187.0,910.0,919.0,926.0
9177.0,2110.0,2146.0,2173.0,915.0,921.0,912.0
9059.0,2093.0,2090.0,2141.0,901.0,926.0,908.0
8998.0,2098.0,2098.0,2108.0,892.0,905.0,897.0
9178.0,2109.0,2119.0,2163.0,919.0,936.0,932.0
9182.0,2142.0,2135.0,2153.0,911.0,916.0,925.0
9155.0,2125.0,2115.0,2162.0,907.0,920.0,926.0
8974.0,2118.0,2096.0,2077.0,887.0,896.0,900.0
9177.0,2122.0,2140.0,2154.0,913.0,927.0,921.0
9045.0,2120.0,2076.0,2128.0,907.0,909.0,905.0
9009.0,2098.0,2099.0,2110.0,898.0,901.0,903.0
9061.0,2125.0,2099.0,2102.0,902.0,919.0,914.0
9011.0,2095.0,2099.0,2127.0,892.0,904.0,894.0
8982.0,2109.0,2085.0,2091.0,901.0,902.0,894.0
9141.0,2108.0,2135.0,2163.0,916.0,909.0,910.0
8924.0,2058.0,2105.0,2069.0,901.0,903.0,888.0
8924.0,2096.0,2082.0,2071.0,895.0,893.0,887.0
9115.0,2149.0,2148.0,2110.0,918.0,888.0,902.0
9120.0,2135.0,2115.0,2129.0,914.0,926.0,901.0
9112.0,2130.0,2127.0,2119.0,919.0,904.0,913.0
9079.0,2128.0,2123.0,2106.0,905.0,911.0,906.0
8981.0,2087.0,2101.0,2107.0,901.0,902.0,883.0
8980.0,2093.0,2102.0,2082.0,899.0,910.0,894.0
9007.0,2081.0,2133.0,2086.0,911.0,898.0,898.0
9025.0,2089.0,2125.0,2112.0,905.0,901.0,893.0
9046.0,2111.0,2105.0,2120.0,909.0,908.0,893.0
9112.0,2110.0,2140.0,2118.0,923.0,921.0,900.0
8998.0,2102.0,2084.0,2098.0,904.0,911.0,899.0
9041.0,2087.0,2145.0,2088.0,917.0,903.0,901.0
9078.0,2101.0,2123.0,2113.0,922.0,911.0,908.0
9039.0,2101.0,2120.0,2085.0,911.0,903.0,919.0
9059.0,2114.0,2123.0,2095.0,916.0,913.0,898.0
9032.0,2088.0,2114.0,2101.0,924.0,899.0,906.0
8981.0,2096.0,2090.0,2112.0,897.0,889.0,897.0
8951.0,2097.0,2070.0,2101.0,889.0,899.0,895.0
9032.0,2114.0,2080.0,2123.0,909.0,905.0,901.0
9100.0,2130.0,2136.0,2111.0,918.0,905.0,900.0
9188.0,2142.0,2135.0,2151.0,926.0,913.0,921.0
9227.0,2172.0,2138.0,2152.0,929.0,923.0,913.0
9124.0,2120.0,2116.0,2140.0,921.0,912.0,915.0
9149.0,2142.0,2118.0,2157.0,916.0,912.0,904.0
9154.0,2163.0,2120.0,2136.0,911.0,913.0,911.0
9184.0,2150.0,2127.0,2156.0,910.0,934.0,907.0
9198.0,2152.0,2140.0,2163.0,917.0,909.0,917.0
9036.0,2115.0,2091.0,2140.0,905.0,883.0,902.0
9315.0,2179.0,2148.0,2188.0,937.0,926.0,937.0
9248.0,2166.0,2156.0,2158.0,916.0,918.0,934.0
9271.0,2191.0,2144.0,2169.0,911.0,924.0,932.0
9304.0,2167.0,2177.0,2176.0,926.0,928.0,930.0
9236.0,2142.0,2155.0,2179.0,918.0,922.0,920.0
9053.0,2123.0,2079.0,2128.0,903.0,910.0,910.0
9181.0,2121.0,2150.0,2154.0,915.0,920.0,921.0
9150.0,2118.0,2129.0,2158.0,912.0,910.0,923.0
9182.0,2117.0,2155.0,2147.0,911.0,923.0,929.0
9384.0,2143.0,2223.0,2196.0,934.0,936.0,952.0
9207.0,2135.0,2162.0,2152.0,905.0,915.0,938.0
9213.0,2143.0,2157.0,2157.0,917.0,917.0,922.0
9233.0,2165.0,2134.0,2157.0,912.0,931.0,934.0
9303.0,2144.0,2198.0,2172.0,929.0,928.0,932.0
9192.0,2139.0,2148.0,2153.0,912.0,914.0,926.0
9196.0,2129.0,2172.0,2153.0,913.0,914.0,915.0
9266.0,2153.0,2183.0,2160.0,915.0,931.0,924.0
9106.0,2132.0,2130.0,2119.0,905.0,902.0,918.0
9165.0,2143.0,2132.0,2141.0,909.0,925.0,915.0
9204.0,2157.0,2158.0,2143.0,917.0,910.0,919.0
9116.0,2144.0,2124.0,2106.0,909.0,911.0,922.0
9193.0,2135.0,2163.0,2127.0,923.0,910.0,935.0
9067.0,2103.0,2133.0,2102.0,893.0,914.0,922.0
9098.0,2123.0,2111.0,2143.0,897.0,897.0,927.0
9056.0,2118.0,2093.0,2108.0,912.0,898.0,927.0
9047.0,2142.0,2093.0,2086.0,909.0,911.0,906.0
9091.0,2132.0,2104.0,2122.0,907.0,916.0,910.0
9129.0,2145.0,2103.0,2127.0,925.0,909.0,920.0
9051.0,2133.0,2094.0,2081.0,914.0,921.0,908.0
9176.0,2154.0,2110.0,2133.0,910.0,934.0,935.0
9022.0,2105.0,2107.0,2081.0,908.0,919.0,902.0
9166.0,2119.0,2115.0,2145.0,932.0,934.0,921.0
9118.0,2138.0,2095.0,2128.0,923.0,917.0,917.0
9109.0,2134.0,2106.0,2126.0,906.0,917.0,920.0
9136.0,2121.0,2100.0,2136.0,916.0,932.0,931.0
9143.0,2147.0,2123.0,2120.0,918.0,929.0,906.0
9248.0,2137.0,2149.0,2177.0,926.0,932.0,927.0
9035.0,2091.0,2102.0,2106.0,917.0,905.0,914.0
9290.0,2159.0,2159.0,2173.0,940.0,937.0,922.0
9135.0,2115.0,2137.0,2155.0,909.0,915.0,904.0
9320.0,2160.0,2169.0,2187.0,942.0,930.0,932.0
9213.0,2142.0,2143.0,2141.0,924.0,930.0,933.0
9206.0,2116.0,2128.0,2170.0,937.0,938.0,917.0
9179.0,2126.0,2145.0,2144.0,915.0,932.0,917.0
9301.0,2168.0,2147.0,2190.0,935.0,930.0,931.0
9183.0,2153.0,2149.0,2140.0,911.0,918.0,912.0
9331.0,2199.0,2176.0,2173.0,930.0,927.0,926.0
9301.0,2167.0,2176.0,2173.0,926.0,937.0,922.0
9361.0,2194.0,2186.0,2191.0,936.0,935.0,919.0
9311.0,2191.0,2160.0,2182.0,939.0,921.0,918.0
9512.0,2237.0,2225.0,2212.0,956.0,941.0,941.0
9281.0,2186.0,2163.0,2156.0,932.0,927.0,917.0
9309.0,2170.0,2160.0,2198.0,936.0,927.0,918.0
9313.0,2188.0,2169.0,2187.0,928.0,922.0,919.0
9214.0,2155.0,2168.0,2151.0,912.0,920.0,908.0
9438.0,2187.0,2223.0,2209.0,935.0,951.0,933.0
9328.0,2176.0,2199.0,2190.0,922.0,925.0,916.0
9275.0,2163.0,2171.0,2177.0,921.0,926.0,917.0
9370.0,2199.0,2189.0,2184.0,928.0,938.0,932.0
9201.0,2138.0,2149.0,2158.0,924.0,912.0,920.0
9237.0,2148.0,2161.0,2169.0,931.0,916.0,912.0
9184.0,2151.0,2137.0,2140.0,928.0,913.0,915.0
9134.0,2132.0,2136.0,2139.0,907.0,915.0,905.0
9291.0,2181.0,2163.0,2162.0,931.0,934.0,920.0
9155.0,2131.0,2106.0,2153.0,930.0,919.0,916.0
9268.0,2149.0,2167.0,2170.0,926.0,924.0,932.0
9334.0,2170.0,2160.0,2185.0,943.0,929.0,947.0
9266.0,2178.0,2173.0,2148.0,919.0,921.0,927.0
9264.0,2173.0,2172.0,2137.0,931.0,925.0,926.0
9207.0,2137.0,2115.0,2176.0,926.0,930.0,923.0
9260.0,2178.0,2152.0,2151.0,925.0,930.0,924.0
9072.0,2137.0,2098.0,2102.0,909.0,910.0,916.0
9365.0,2212.0,2191.0,2174.0,922.0,942.0,924.0
9068.0,2152.0,2098.0,2103.0,898.0,919.0,898.0
9221.0,2187.0,2136.0,2138.0,925.0,908.0,927.0
9364.0,2213.0,2186.0,2161.0,936.0,938.0,930.0
9245.0,2193.0,2144.0,2133.0,920.0,927.0,928.0
9244.0,2186.0,2150.0,2142.0,919.0,928.0,919.0
9081.0,2131.0,2105.0,2118.0,917.0,905.0,905.0
9065.0,2122.0,2133.0,2116.0,895.0,896.0,903.0
9283.0,2173.0,2199.0,2148.0,920.0,927.0,916.0
9065.0,2121.0,2121.0,2108.0,898.0,914.0,903.0
9092.0,2115.0,2122.0,2126.0,917.0,902.0,910.0
9390.0,2169.0,2196.0,2206.0,935.0,940.0,944.0
9321.0,2184.0,2178.0,2177.0,922.0,933.0,927.0
9110.0,2103.0,2151.0,2121.0,915.0,903.0,917.0
9263.0,2152.0,2166.0,2159.0,919.0,930.0,937.0
9309.0,2175.0,2181.0,2188.0,920.0,922.0,923.0
9160.0,2114.0,2164.0,2135.0,920.0,908.0,919.0
9306.0,2162.0,2161.0,2189.0,933.0,938.0,923.0
9174.0,2133.0,2138.0,2152.0,910.0,927.0,914.0
9308.0,2176.0,2165.0,2166.0,928.0,946.0,927.0
9385.0,2168.0,2197.0,2200.0,959.0,936.0,925.0
9388.0,2190.0,2202.0,2179.0,941.0,935.0,941.0
9417.0,2178.0,2191.0,2207.0,952.0,939.0,950.0
9280.0,2143.0,2176.0,2169.0,936.0,924.0,932.0
9225.0,2170.0,2129.0,2163.0,914.0,925.0,924.0
9407.0,2176.0,2173.0,2230.0,943.0,939.0,946.0
9510.0,2201.0,2205.0,2224.0,954.0,960.0,966.0
9473.0,2208.0,2211.0,2220.0,935.0,949.0,950.0
9234.0,2159.0,2138.0,2152.0,926.0,935.0,924.0
9578.0,2246.0,2210.0,2251.0,955.0,965.0,951.0
9335.0,2176.0,2159.0,2169.0,941.0,942.0,948.0
9449.0,2207.0,2182.0,2217.0,948.0,953.0,942.0
9396.0,2204.0,2186.0,2205.0,935.0,940.0,926.0
9550.0,2220.0,2219.0,2218.0,962.0,955.0,976.0
9429.0,2229.0,2156.0,2185.0,955.0,945.0,959.0
9490.0,2226.0,2207.0,2215.0,947.0,956.0,939.0
9381.0,2207.0,2164.0,2194.0,940.0,945.0,931.0
9410.0,2223.0,2164.0,2185.0,951.0,941.0,946.0
9388.0,2176.0,2180.0,2203.0,935.0,954.0,940.0
9503.0,2200.0,2206.0,2225.0,956.0,958.0,958.0
9325.0,2162.0,2178.0,2200.0,927.0,932.0,926.0
9461.0,2196.0,2219.0,2193.0,945.0,956.0,952.0
9386.0,2189.0,2190.0,2181.0,932.0,944.0,950.0
9385.0,2172.0,2193.0,2182.0,946.0,951.0,941.0
9438.0,2177.0,2218.0,2203.0,934.0,949.0,957.0
9369.0,2198.0,2190.0,2168.0,927.0,940.0,946.0
9350.0,2166.0,2196.0,2160.0,941.0,930.0,957.0
9457.0,2186.0,2228.0,2202.0,941.0,949.0,951.0
9397.0,2195.0,2209.0,2168.0,935.0,945.0,945.0
9204.0,2161.0,2180.0,2128.0,903.0,914.0,918.0
9405.0,2193.0,2206.0,2190.0,937.0,939.0,940.0
9282.0,2176.0,2187.0,2161.0,921.0,924.0,913.0
9325.0,2178.0,2214.0,2163.0,926.0,924.0,920.0
9233.0,2192.0,2158.0,2138.0,911.0,913.0,921.0
9333.0,2211.0,2187.0,2159.0,918.0,925.0,933.0
9388.0,2194.0,2223.0,2163.0,931.0,935.0,942.0
9406.0,2218.0,2208.0,2173.0,939.0,933.0,935.0
9368.0,2188.0,2207.0,2179.0,935.0,933.0,926.0
9302.0,2181.0,2180.0,2169.0,925.0,927.0,920.0
9322.0,2203.0,2182.0,2171.0,928.0,912.0,926.0
9263.0,2157.0,2167.0,2181.0,924.0,918.0,916.0
9444.0,2219.0,2191.0,2229.0,944.0,933.0,928.0
9086.0,2124.0,2133.0,2125.0,897.0,912.0,895.0
9239.0,2166.0,2146.0,2178.0,919.0,916.0,914.0
9238.0,2157.0,2140.0,2158.0,924.0,926.0,933.0
9385.0,2176.0,2208.0,2192.0,946.0,931.0,932.0
9154.0,2115.0,2131.0,2164.0,917.0,910.0,917.0
9273.0,2139.0,2168.0,2197.0,924.0,929.0,916.0
9362.0,2188.0,2164.0,2200.0,943.0,929.0,938.0
9331.0,2159.0,2171.0,2202.0,941.0,935.0,923.0
9413.0,2178.0,2176.0,2241.0,944.0,938.0,936.0
9344.0,2172.0,2161.0,2211.0,938.0,929.0,933.0
9305.0,2161.0,2167.0,2209.0,932.0,930.0,906.0
9181.0,2124.0,2137.0,2155.0,923.0,921.0,921.0
9444.0,2208.0,2191.0,2227.0,957.0,934.0,927.0
9450.0,2206.0,2201.0,2211.0,943.0,957.0,932.0
9451.0,2214.0,2198.0,2225.0,937.0,942.0,935.0
9517.0,2231.0,2203.0,2236.0,951.0,949.0,947.0
9526.0,2226.0,2215.0,2227.0,954.0,955.0,949.0
9571.0,2242.0,2227.0,2226.0,961.0,968.0,947.0
9415.0,2211.0,2176.0,2195.0,955.0,937.0,941.0
9506.0,2201.0,2224.0,2232.0,957.0,963.0,929.0
9523.0,2233.0,2205.0,2211.0,960.0,959.0,955.0
9471.0,2214.0,2207.0,2211.0,952.0,951.0,936.0
9529.0,2257.0,2214.0,2197.0,961.0,948.0,952.0
9586.0,2213.0,2251.0,2242.0,963.0,956.0,961.0
9507.0,2208.0,2210.0,2223.0,962.0,955.0,949.0
9492.0,2238.0,2226.0,2177.0,958.0,944.0,949.0
9548.0,2231.0,2235.0,2221.0,960.0,953.0,948.0
9539.0,2239.0,2218.0,2228.0,939.0,962.0,953.0
9581.0,2232.0,2245.0,2216.0,965.0,960.0,963.0
9568.0,2199.0,2240.0,2246.0,961.0,964.0,958.0
9508.0,2212.0,2239.0,2175.0,959.0,958.0,965.0
9547.0,2212.0,2243.0,2227.0,956.0,957.0,952.0
9540.0,2220.0,2272.0,2190.0,952.0,958.0,948.0
9430.0,2197.0,2229.0,2187.0,930.0,938.0,949.0
9511.0,2218.0,2219.0,2200.0,956.0,962.0,956.0
9438.0,2181.0,2220.0,2195.0,933.0,957.0,952.0
9472.0,2201.0,2196.0,2224.0,953.0,952.0,946.0
9455.0,2177.0,2202.0,2216.0,961.0,953.0,946.0
9409.0,2209.0,2178.0,2181.0,936.0,949.0,956.0
9394.0,2186.0,2188.0,2202.0,931.0,949.0,938.0
9506.0,2214.0,2217.0,2207.0,956.0,952.0,960.0
9413.0,2202.0,2193.0,2182.0,935.0,948.0,953.0
9417.0,2188.0,2187.0,2206.0,941.0,951.0,944.0
9487.0,2244.0,2186.0,2204.0,939.0,955.0,959.0
9417.0,2210.0,2168.0,2219.0,929.0,944.0,947.0
9425.0,2246.0,2157.0,2194.0,935.0,944.0,949.0
9509.0,2225.0,2210.0,2232.0,937.0,949.0,956.0
9490.0,2236.0,2194.0,2224.0,949.0,941.0,946.0
9451.0,2215.0,2177.0,2223.0,940.0,938.0,958.0
9433.0,2196.0,2201.0,2210.0,928.0,949.0,949.0
9640.0,2274.0,2237.0,2247.0,949.0,962.0,971.0
9411.0,2179.0,2212.0,2216.0,924.0,937.0,943.0
9423.0,2223.0,2183.0,2205.0,935.0,935.0,942.0
9503.0,2204.0,2219.0,2241.0,939.0,945.0,955.0
9375.0,2190.0,2187.0,2199.0,926.0,929.0,944.0
9520.0,2197.0,2245.0,2245.0,946.0,938.0,949.0
9467.0,2185.0,2234.0,2220.0,945.0,942.0,941.0
9469.0,2186.0,2233.0,2214.0,946.0,945.0,945.0
9464.0,2189.0,2228.0,2228.0,941.0,935.0,943.0
9604.0,2229.0,2245.0,2240.0,963.0,963.0,964.0
9608.0,2250.0,2247.0,2237.0,952.0,964.0,958.0
9547.0,2211.0,2228.0,2245.0,951.0,946.0,966.0
9498.0,2203.0,2217.0,2237.0,945.0,932.0,964.0
9481.0,2198.0,2224.0,2222.0,959.0,928.0,950.0
9658.0,2244.0,2265.0,2256.0,976.0,965.0,952.0
9637.0,2235.0,2261.0,2257.0,963.0,955.0,966.0
9584.0,2208.0,2267.0,2246.0,963.0,949.0,951.0
9472.0,2198.0,2224.0,2228.0,941.0,939.0,942.0
9432.0,2214.0,2189.0,2212.0,950.0,931.0,936.0
9657.0,2284.0,2236.0,2257.0,965.0,954.0,961.0
9671.0,2279.0,2259.0,2249.0,965.0,959.0,960.0
9493.0,2221.0,2219.0,2210.0,953.0,948.0,942.0
9600.0,2232.0,2244.0,2236.0,977.0,955.0,956.0
9713.0,2256.0,2252.0,2257.0,989.0,976.0,983.0
9669.0,2278.0,2246.0,2240.0,978.0,963.0,964.0
9670.0,2270.0,2278.0,2237.0,973.0,956.0,956.0
9507.0,2261.0,2209.0,2189.0,950.0,950.0,948.0
9642.0,2253.0,2234.0,2253.0,974.0,963.0,965.0
9529.0,2236.0,2212.0,2207.0,966.0,953.0,955.0
9727.0,2269.0,2259.0,2283.0,987.0,967.0,962.0
9629.0,2260.0,2252.0,2235.0,965.0,963.0,954.0
9590.0,2249.0,2221.0,2229.0,980.0,951.0,960.0
9659.0,2242.0,2265.0,2232.0,983.0,974.0,963.0
9519.0,2220.0,2222.0,2211.0,961.0,952.0,953.0
9612.0,2225.0,2233.0,2248.0,974.0,965.0,967.0
9502.0,2219.0,2205.0,2217.0,961.0,952.0,948.0
9376.0,2169.0,2184.0,2180.0,952.0,950.0,941.0
9479.0,2211.0,2223.0,2208.0,943.0,951.0,943.0
9515.0,2229.0,2200.0,2230.0,956.0,955.0,945.0
9623.0,2241.0,2279.0,2228.0,961.0,956.0,958.0
9672.0,2232.0,2268.0,2276.0,971.0,954.0,971.0
9688.0,2256.0,2269.0,2263.0,972.0,974.0,954.0
9412.0,2184.0,2223.0,2178.0,944.0,949.0,934.0
9656.0,2263.0,2251.0,2257.0,968.0,959.0,958.0
9450.0,2209.0,2217.0,2203.0,939.0,943.0,939.0
9634.0,2233.0,2249.0,2267.0,960.0,963.0,962.0
9534.0,2218.0,2252.0,2226.0,942.0,958.0,938.0
9575.0,2243.0,2204.0,2269.0,946.0,970.0,943.0
9656.0,2231.0,2258.0,2281.0,951.0,973.0,962.0
9498.0,2235.0,2214.0,2207.0,950.0,950.0,942.0
9574.0,2243.0,2228.0,2250.0,944.0,956.0,953.0
9677.0,2249.0,2279.0,2266.0,954.0,961.0,968.0
9542.0,2230.0,2252.0,2231.0,933.0,947.0,949.0
9696.0,2267.0,2266.0,2258.0,959.0,980.0,966.0
9463.0,2213.0,2206.0,2215.0,939.0,950.0,940.0
9474.0,2192.0,2212.0,2228.0,940.0,965.0,937.0
9705.0,2245.0,2268.0,2275.0,956.0,982.0,979.0
9673.0,2255.0,2253.0,2268.0,965.0,975.0,957.0
9600.0,2202.0,2234.0,2255.0,959.0,976.0,974.0
9525.0,2225.0,2216.0,2208.0,948.0,966.0,962.0
9705.0,2261.0,2261.0,2296.0,957.0,963.0,967.0
9552.0,2241.0,2221.0,2212.0,952.0,962.0,964.0
9493.0,2175.0,2222.0,2236.0,948.0,954.0,958.0
9490.0,2198.0,2204.0,2242.0,950.0,939.0,957.0
9537.0,2212.0,2227.0,2230.0,944.0,959.0,965.0
9567.0,2251.0,2202.0,2240.0,957.0,960.0,957.0
9630.0,2256.0,2219.0,2243.0,974.0,962.0,976.0
9507.0,2228.0,2187.0,2234.0,944.0,954.0,960.0
9650.0,2265.0,2252.0,2233.0,969.0,968.0,963.0
9678.0,2245.0,2261.0,2254.0,979.0,970.0,969.0
9570.0,2250.0,2224.0,2233.0,963.0,948.0,952.0
9773.0,2258.0,2277.0,2298.0,971.0,983.0,986.0
9663.0,2266.0,2240.0,2252.0,969.0,958.0,978.0
9673.0,2276.0,2290.0,2223.0,964.0,941.0,979.0
9709.0,2281.0,2259.0,2256.0,968.0,958.0,987.0
9808.0,2292.0,2298.0,2279.0,984.0,973.0,982.0
9820.0,2305.0,2283.0,2281.0,983.0,978.0,990.0
9693.0,2263.0,2270.0,2239.0,978.0,967.0,976.0
9847.0,2310.0,2288.0,2296.0,982.0,978.0,993.0
9762.0,2302.0,2278.0,2249.0,979.0,977.0,977.0
9607.0,2248.0,2261.0,2213.0,964.0,957.0,964.0
9753.0,2284.0,2277.0,2247.0,995.0,969.0,981.0
9691.0,2255.0,2269.0,2241.0,971.0,975.0,980.0
9764.0,2261.0,2303.0,2236.0,985.0,984.0,995.0
9720.0,2280.0,2276.0,2240.0,976.0,969.0,979.0
9872.0,2272.0,2321.0,2319.0,989.0,978.0,993.0
9892.0,2291.0,2333.0,2297.0,993.0,982.0,996.0
9513.0,2198.0,2231.0,2231.0,954.0,948.0,951.0
9696.0,2246.0,2289.0,2242.0,986.0,961.0,972.0
9718.0,2253.0,2298.0,2274.0,975.0,951.0,967.0
9666.0,2236.0,2265.0,2266.0,974.0,965.0,960.0
9618.0,2255.0,2235.0,2254.0,963.0,958.0,953.0
9821.0,2290.0,2308.0,2286.0,986.0,970.0,981.0
9725.0,2271.0,2255.0,2280.0,971.0,972.0,976.0
9670.0,2243.0,2274.0,2262.0,974.0,961.0,956.0
9609.0,2235.0,2263.0,2230.0,968.0,952.0,961.0
9644.0,2281.0,2244.0,2254.0,954.0,961.0,950.0
9694.0,2270.0,2274.0,2254.0,980.0,957.0,959.0
9578.0,2252.0,2227.0,2228.0,961.0,945.0,965.0
9599.0,2241.0,2230.0,2266.0,953.0,955.0,954.0
9743.0,2285.0,2274.0,2281.0,967.0,965.0,971.0
9536.0,2235.0,2201.0,2241.0,955.0,944.0,960.0
9713.0,2294.0,2232.0,2295.0,966.0,965.0,961.0
9702.0,2274.0,2233.0,2293.0,973.0,966.0,963.0
9565.0,2246.0,2220.0,2243.0,950.0,953.0,953.0
9854.0,2305.0,2288.0,2309.0,982.0,982.0,988.0
9630.0,2255.0,2223.0,2262.0,963.0,971.0,956.0
9703.0,2264.0,2262.0,2255.0,968.0,983.0,971.0
9718.0,2254.0,2252.0,2298.0,962.0,981.0,971.0
9604.0,2255.0,2214.0,2257.0,963.0,959.0,956.0
9744.0,2261.0,2261.0,2274.0,980.0,987.0,981.0
9698.0,2252.0,2273.0,2265.0,968.0,973.0,967.0
9484.0,2185.0,2231.0,2212.0,945.0,961.0,950.0
9687.0,2244.0,2282.0,2269.0,967.0,971.0,954.0
9592.0,2216.0,2242.0,2238.0,961.0,980.0,955.0
9642.0,2255.0,2243.0,2240.0,952.0,991.0,961.0
9761.0,2261.0,2297.0,2261.0,984.0,983.0,975.0
9676.0,2246.0,2255.0,2270.0,956.0,982.0,967.0
9716.0,2237.0,2285.0,2287.0,967.0,976.0,964.0
9698.0,2272.0,2276.0,2254.0,954.0,974.0,968.0
9628.0,2248.0,2279.0,2219.0,962.0,960.0,960.0
9686.0,2277.0,2283.0,2226.0,965.0,976.0,959.0
9761.0,2271.0,2302.0,2252.0,972.0,987.0,977.0
9808.0,2315.0,2289.0,2272.0,971.0,989.0,972.0
9850.0,2331.0,2294.0,2265.0,988.0,1000.0,972.0
9747.0,2306.0,2285.0,2238.0,967.0,979.0,972.0
10017.0,2335.0,2345.0,2355.0,999.0,997.0,986.0
9853.0,2319.0,2327.0,2276.0,977.0,978.0,976.0
9743.0,2278.0,2282.0,2263.0,977.0,974.0,969.0
9945.0,2339.0,2310.0,2313.0,996.0,997.0,990.0
9837.0,2296.0,2291.0,2302.0,995.0,977.0,976.0
9886.0,2321.0,2313.0,2301.0,986.0,986.0,979.0
9858.0,2305.0,2291.0,2315.0,983.0,988.0,976.0
9739.0,2294.0,2251.0,2265.0,974.0,979.0,976.0
9899.0,2312.0,2301.0,2322.0,1002.0,977.0,985.0
9864.0,2298.0,2309.0,2300.0,997.0,977.0,983.0
9907.0,2306.0,2289.0,2317.0,1007.0,988.0,1000.0
9864.0,2296.0,2274.0,2319.0,997.0,993.0,985.0
9788.0,2260.0,2281.0,2313.0,991.0,973.0,970.0
9763.0,2250.0,2295.0,2290.0,986.0,966.0,976.0
9799.0,2263.0,2266.0,2308.0,989.0,982.0,991.0
9799.0,2269.0,2290.0,2292.0,981.0,981.0,986.0
9837.0,2286.0,2273.0,2299.0,997.0,992.0,990.0
9777.0,2310.0,2260.0,2271.0,982.0,982.0,972.0
9734.0,2272.0,2242.0,2277.0,983.0,973.0,987.0
9863.0,2285.0,2286.0,2334.0,987.0,983.0,988.0
9874.0,2313.0,2271.0,2322.0,984.0,982.0,1002.0
9977.0,2327.0,2309.0,2367.0,1000.0,985.0,989.0
9637.0,2245.0,2257.0,2248.0,964.0,957.0,966.0
9723.0,2286.0,2256.0,2281.0,968.0,966.0,966.0
9816.0,2298.0,2284.0,2301.0,982.0,974.0,977.0
9759.0,2278.0,2261.0,2300.0,976.0,964.0,980.0
9867.0,2301.0,2320.0,2296.0,983.0,981.0,986.0
9708.0,2285.0,2256.0,2266.0,964.0,953.0,984.0
9763.0,2296.0,2275.0,2267.0,978.0,963.0,984.0
9673.0,2247.0,2252.0,2280.0,963.0,964.0,967.0
9999.0,2340.0,2330.0,2355.0,993.0,984.0,997.0
9704.0,2278.0,2267.0,2249.0,968.0,966.0,976.0
9835.0,2284.0,2325.0,2290.0,982.0,973.0,981.0
9831.0,2288.0,2314.0,2307.0,976.0,966.0,980.0
9814.0,2292.0,2332.0,2274.0,974.0,972.0,970.0
9706.0,2255.0,2281.0,2270.0,962.0,968.0,970.0
9655.0,2222.0,2283.0,2242.0,972.0,960.0,976.0
9784.0,2256.0,2319.0,2257.0,983.0,989.0,980.0
9714.0,2283.0,2273.0,2237.0,968.0,978.0,975.0
9774.0,2267.0,2278.0,2295.0,982.0,977.0,975.0
9674.0,2255.0,2265.0,2252.0,955.0,971.0,976.0
9682.0,2250.0,2243.0,2270.0,970.0,971.0,978.0
9649.0,2258.0,2250.0,2262.0,951.0,953.0,975.0
9797.0,2280.0,2269.0,2297.0,982.0,989.0,980.0
9807.0,2276.0,2304.0,2300.0,973.0,976.0,978.0
9687.0,2271.0,2241.0,2243.0,968.0,985.0,979.0
9947.0,2363.0,2303.0,2274.0,994.0,1008.0,1005.0
9776.0,2307.0,2243.0,2274.0,981.0,985.0,986.0
9901.0,2340.0,2271.0,2304.0,984.0,1006.0,996.0
9768.0,2274.0,2280.0,2274.0,972.0,981.0,987.0
9807.0,2298.0,2289.0,2276.0,977.0,991.0,976.0
9836.0,2295.0,2279.0,2305.0,982.0,983.0,992.0
9909.0,2336.0,2301.0,2321.0,978.0,991.0,982.0
9755.0,2288.0,2275.0,2253.0,973.0,988.0,978.0
9874.0,2304.0,2316.0,2299.0,981.0,994.0,980.0
10055.0,2358.0,2323.0,2365.0,1004.0,1002.0,1003.0
9894.0,2323.0,2299.0,2320.0,979.0,991.0,982.0
10028.0,2366.0,2333.0,2332.0,998.0,1008.0,991.0
10008.0,2327.0,2323.0,2349.0,1008.0,1002.0,999.0
9895.0,2313.0,2336.0,2314.0,972.0,987.0,973.0
9893.0,2293.0,2330.0,2317.0,983.0,993.0,977.0
9912.0,2288.0,2313.0,2325.0,1006.0,993.0,987.0
9944.0,2289.0,2344.0,2323.0,998.0,1000.0,990.0
9950.0,2306.0,2324.0,2342.0,1001.0,1002.0,975.0
9997.0,2320.0,2318.0,2359.0,1004.0,1008.0,988.0
9914.0,2312.0,2335.0,2315.0,978.0,999.0,975.0
9975.0,2312.0,2334.0,2344.0,993.0,1006.0,986.0
9959.0,2304.0,2338.0,2318.0,999.0,1003.0,997.0
9937.0,2309.0,2339.0,2312.0,1006.0,993.0,978.0
9923.0,2314.0,2296.0,2341.0,983.0,1006.0,983.0
9766.0,2249.0,2277.0,2289.0,989.0,978.0,984.0
9932.0,2296.0,2321.0,2331.0,1002.0,998.0,984.0
9829.0,2274.0,2313.0,2303.0,996.0,969.0,974.0
9769.0,2288.0,2289.0,2280.0,965.0,976.0,971.0
9921.0,2318.0,2327.0,2294.0,1002.0,994.0,986.0
9989.0,2325.0,2336.0,2345.0,1009.0,985.0,989.0
9916.0,2330.0,2295.0,2321.0,999.0,989.0,982.0
9903.0,2325.0,2312.0,2300.0,981.0,995.0,990.0
9933.0,2342.0,2304.0,2302.0,998.0,991.0,996.0
9766.0,2295.0,2288.0,2273.0,980.0,961.0,969.0
9847.0,2311.0,2304.0,2290.0,979.0,982.0,981.0
9799.0,2288.0,2279.0,2285.0,989.0,986.0,972.0
9886.0,2324.0,2291.0,2296.0,998.0,994.0,983.0
9752.0,2292.0,2281.0,2244.0,984.0,974.0,977.0
9828.0,2275.0,2308.0,2297.0,984.0,982.0,982.0
9877.0,2280.0,2304.0,2322.0,990.0,991.0,990.0
9730.0,2270.0,2266.0,2253.0,978.0,983.0,980.0
9834.0,2294.0,2279.0,2312.0,973.0,986.0,990.0
9668.0,2233.0,2244.0,2268.0,974.0,972.0,977.0
9909.0,2319.0,2320.0,2310.0,980.0,990.0,990.0
9819.0,2287.0,2310.0,2268.0,992.0,975.0,987.0
9810.0,2290.0,2303.0,2274.0,980.0,982.0,981.0
9843.0,2306.0,2289.0,2295.0,982.0,979.0,992.0
9867.0,2294.0,2310.0,2285.0,990.0,992.0,996.0
9841.0,2294.0,2287.0,2298.0,998.0,982.0,982.0
9971.0,2316.0,2348.0,2315.0,995.0,990.0,1007.0
9986.0,2325.0,2334.0,2331.0,990.0,998.0,1008.0
9911.0,2329.0,2323.0,2292.0,983.0,984.0,1000.0
9970.0,2329.0,2337.0,2327.0,983.0,993.0,1001.0
10027.0,2352.0,2333.0,2332.0,999.0,1004.0,1007.0
9985.0,2343.0,2337.0,2327.0,987.0,988.0,1003.0
10034.0,2350.0,2352.0,2332.0,991.0,1003.0,1006.0
10082.0,2364.0,2344.0,2365.0,1000.0,996.0,1013.0
9999.0,2329.0,2340.0,2351.0,991.0,990.0,998.0
10010.0,2335.0,2346.0,2319.0,1001.0,999.0,1010.0
10247.0,2405.0,2399.0,2371.0,1017.0,1025.0,1030.0
10008.0,2339.0,2362.0,2310.0,1003.0,990.0,1004.0
10059.0,2357.0,2361.0,2348.0,997.0,998.0,998.0
10165.0,2377.0,2378.0,2372.0,1003.0,1022.0,1013.0
10099.0,2352.0,2367.0,2371.0,1002.0,994.0,1013.0
10202.0,2379.0,2384.0,2389.0,1005.0,1019.0,1026.0
10086.0,2328.0,2355.0,2359.0,1019.0,1008.0,1017.0
10097.0,2333.0,2379.0,2351.0,1001.0,1019.0,1014.0
10100.0,2325.0,2365.0,2388.0,1008.0,1004.0,1010.0
10066.0,2315.0,2346.0,2376.0,1001.0,1016.0,1012.0
10001.0,2283.0,2351.0,2369.0,999.0,1001.0,998.0
9953.0,2306.0,2315.0,2342.0,997.0,984.0,1009.0
10073.0,2318.0,2329.0,2393.0,1008.0,1015.0,1010.0
10145.0,2365.0,2357.0,2367.0,1022.0,1019.0,1015.0
9939.0,2313.0,2317.0,2309.0,1001.0,998.0,1001.0
9971.0,2318.0,2311.0,2329.0,1000.0,1010.0,1003.0
9925.0,2285.0,2320.0,2321.0,1001.0,1000.0,998.0
9988.0,2328.0,2318.0,2335.0,1002.0,1008.0,997.0
10049.0,2364.0,2336.0,2346.0,1002.0,997.0,1004.0
9849.0,2295.0,2284.0,2295.0,989.0,991.0,995.0
10052.0,2361.0,2324.0,2343.0,1008.0,1011.0,1005.0
9851.0,2301.0,2284.0,2294.0,992.0,993.0,987.0
9910.0,2320.0,2319.0,2288.0,998.0,990.0,995.0
10068.0,2389.0,2349.0,2320.0,1004.0,1001.0,1005.0
9955.0,2337.0,2294.0,2339.0,997.0,999.0,989.0
9918.0,2350.0,2270.0,2304.0,1003.0,1010.0,981.0
10099.0,2366.0,2325.0,2359.0,1023.0,1015.0,1011.0
9928.0,2312.0,2328.0,2280.0,1006.0,1004.0,998.0
10034.0,2329.0,2352.0,2346.0,1012.0,1012.0,983.0
10128.0,2373.0,2351.0,2360.0,1022.0,1013.0,1009.0
9985.0,2338.0,2329.0,2327.0,989.0,1004.0,998.0
9913.0,2334.0,2325.0,2288.0,998.0,990.0,978.0
10025.0,2327.0,2362.0,2325.0,1008.0,1000.0,1003.0
9944.0,2324.0,2334.0,2297.0,998.0,1003.0,988.0
9980.0,2320.0,2345.0,2323.0,1003.0,1003.0,986.0
10080.0,2349.0,2372.0,2323.0,1017.0,1010.0,1009.0
9933.0,2286.0,2355.0,2319.0,994.0,989.0,990.0
9875.0,2295.0,2330.0,2308.0,974.0,991.0,977.0
9907.0,2289.0,2316.0,2319.0,991.0,1003.0,989.0
10026.0,2316.0,2363.0,2337.0,999.0,1005.0,1006.0
9917.0,2323.0,2332.0,2315.0,976.0,987.0,984.0
10068.0,2343.0,2346.0,2363.0,1002.0,1009.0,1005.0
10003.0,2334.0,2344.0,2337.0,992.0,1000.0,996.0
9989.0,2318.0,2328.0,2344.0,997.0,1003.0,999.0
10119.0,2331.0,2384.0,2367.0,1023.0,1007.0,1007.0
10017.0,2325.0,2355.0,2337.0,1003.0,991.0,1006.0
10147.0,2383.0,2365.0,2363.0,1003.0,1015.0,1018.0
10131.0,2355.0,2399.0,2368.0,989.0,1015.0,1005.0
10160.0,2394.0,2367.0,2369.0,1002.0,1016.0,1012.0
10003.0,2331.0,2347.0,2350.0,992.0,988.0,995.0
10121.0,2369.0,2337.0,2406.0,1004.0,1012.0,993.0
10186.0,2399.0,2359.0,2397.0,1008.0,1017.0,1006.0
10131.0,2388.0,2340.0,2367.0,1006.0,1016.0,1014.0
10095.0,2363.0,2353.0,2366.0,997.0,998.0,1018.0
10115.0,2376.0,2366.0,2363.0,1003.0,998.0,1009.0
10096.0,2366.0,2325.0,2385.0,1015.0,997.0,1008.0
10183.0,2383.0,2352.0,2393.0,1014.0,1021.0,1020.0
10207.0,2391.0,2347.0,2412.0,1019.0,1011.0,1027.0
10252.0,2395.0,2382.0,2412.0,1017.0,1020.0,1026.0
10269.0,2370.0,2408.0,2419.0,1020.0,1029.0,1023.0
10144.0,2354.0,2368.0,2374.0,1012.0,1014.0,1022.0
10228.0,2392.0,2388.0,2392.0,1026.0,1017.0,1013.0
10134.0,2351.0,2360.0,2373.0,1017.0,1019.0,1014.0
10228.0,2401.0,2372.0,2390.0,1017.0,1021.0,1027.0
10142.0,2364.0,2371.0,2358.0,1015.0,1018.0,1016.0
9988.0,2333.0,2318.0,2343.0,997.0,995.0,1002.0
10095.0,2323.0,2360.0,2374.0,1008.0,1012.0,1018.0
10044.0,2324.0,2346.0,2349.0,1011.0,999.0,1015.0
10073.0,2370.0,2345.0,2341.0,998.0,1012.0,1007.0
10288.0,2399.0,2411.0,2405.0,1021.0,1026.0,1026.0
10016.0,2334.0,2353.0,2323.0,1002.0,1002.0,1002.0
10056.0,2346.0,2342.0,2327.0,1014.0,1012.0,1015.0
10095.0,2348.0,2382.0,2328.0,1009.0,1006.0,1022.0
10039.0,2345.0,2349.0,2325.0,1011.0,1006.0,1003.0
10188.0,2378.0,2376.0,2361.0,1020.0,1026.0,1027.0
10087.0,2353.0,2369.0,2350.0,1001.0,1002.0,1012.0
9995.0,2331.0,2339.0,2313.0,998.0,1006.0,1008.0
10141.0,2374.0,2383.0,2343.0,1002.0,1011.0,1028.0
10083.0,2371.0,2335.0,2338.0,1013.0,1013.0,1013.0
10018.0,2351.0,2320.0,2326.0,1003.0,1007.0,1011.0
10073.0,2359.0,2340.0,2341.0,1008.0,1013.0,1012.0
10227.0,2411.0,2389.0,2344.0,1025.0,1031.0,1027.0
9753.0,2279.0,2260.0,2258.0,984.0,989.0,983.0
10135.0,2374.0,2356.0,2346.0,1019.0,1024.0,1016.0
10075.0,2346.0,2332.0,2338.0,1017.0,1022.0,1020.0
9959.0,2321.0,2294.0,2330.0,998.0,1013.0,1003.0
10006.0,2319.0,2329.0,2331.0,1011.0,1007.0,1009.0
9995.0,2335.0,2314.0,2328.0,1006.0,1021.0,991.0
10190.0,2368.0,2364.0,2374.0,1033.0,1028.0,1023.0
10108.0,2351.0,2353.0,2352.0,1015.0,1012.0,1025.0
10092.0,2359.0,2319.0,2375.0,1024.0,1007.0,1008.0
10274.0,2362.0,2368.0,2433.0,1050.0,1033.0,1028.0
10129.0,2342.0,2356.0,2377.0,1018.0,1017.0,1019.0
10098.0,2334.0,2328.0,2379.0,1009.0,1027.0,1021.0
10120.0,2377.0,2357.0,2349.0,1010.0,1016.0,1011.0
10098.0,2351.0,2348.0,2354.0,1010.0,1029.0,1006.0
10192.0,2378.0,2354.0,2397.0,1020.0,1023.0,1020.0
10214.0,2374.0,2369.0,2408.0,1012.0,1037.0,1014.0
10211.0,2403.0,2360.0,2403.0,1018.0,1022.0,1005.0
10156.0,2372.0,2367.0,2391.0,1003.0,1017.0,1006.0
10240.0,2415.0,2369.0,2405.0,1016.0,1013.0,1022.0
10168.0,2379.0,2361.0,2402.0,1004.0,1008.0,1014.0
10172.0,2399.0,2362.0,2378.0,1018.0,1014.0,1001.0
10260.0,2407.0,2397.0,2385.0,1023.0,1026.0,1022.0
10268.0,2406.0,2383.0,2411.0,1018.0,1026.0,1024.0
10202.0,2374.0,2386.0,2399.0,1007.0,1023.0,1013.0
10455.0,2462.0,2452.0,2438.0,1025.0,1050.0,1028.0
10248.0,2413.0,2391.0,2387.0,1021.0,1022.0,1014.0
10452.0,2437.0,2458.0,2449.0,1043.0,1036.0,1029.0
10312.0,2398.0,2413.0,2405.0,1021.0,1040.0,1035.0
10359.0,2410.0,2427.0,2430.0,1033.0,1030.0,1029.0
10340.0,2394.0,2429.0,2423.0,1032.0,1035.0,1027.0
10204.0,2378.0,2378.0,2385.0,1014.0,1017.0,1032.0
10334.0,2425.0,2414.0,2415.0,1024.0,1025.0,1031.0
10250.0,2392.0,2391.0,2408.0,1018.0,1019.0,1022.0
10337.0,2395.0,2437.0,2411.0,1029.0,1035.0,1030.0
10295.0,2407.0,2385.0,2425.0,1036.0,1019.0,1023.0
10142.0,2366.0,2370.0,2371.0,1014.0,1005.0,1016.0
10217.0,2361.0,2396.0,2395.0,1022.0,1017.0,1026.0
10052.0,2339.0,2366.0,2338.0,1005.0,1006.0,998.0
10136.0,2365.0,2387.0,2352.0,1010.0,1010.0,1012.0
10177.0,2376.0,2368.0,2387.0,1021.0,1011.0,1014.0
10138.0,2390.0,2356.0,2360.0,1007.0,1015.0,1010.0
10283.0,2404.0,2393.0,2390.0,1046.0,1012.0,1038.0
10205.0,2402.0,2367.0,2386.0,1021.0,1019.0,1010.0
10099.0,2384.0,2328.0,2347.0,1015.0,1011.0,1014.0
10241.0,2402.0,2410.0,2369.0,1032.0,1013.0,1015.0
10113.0,2375.0,2370.0,2353.0,1008.0,1006.0,1001.0
10310.0,2427.0,2403.0,2386.0,1051.0,1028.0,1015.0
10096.0,2364.0,2350.0,2345.0,1008.0,1024.0,1005.0
10150.0,2393.0,2350.0,2379.0,1018.0,1006.0,1004.0
10237.0,2413.0,2377.0,2383.0,1028.0,1017.0,1019.0
10182.0,2388.0,2365.0,2380.0,1012.0,1010.0,1027.0
10217.0,2400.0,2386.0,2350.0,1036.0,1016.0,1029.0
10188.0,2407.0,2378.0,2359.0,1022.0,1010.0,1012.0
10093.0,2355.0,2347.0,2367.0,1014.0,999.0,1011.0
10179.0,2375.0,2375.0,2373.0,1024.0,1006.0,1026.0
10154.0,2363.0,2362.0,2379.0,1027.0,1009.0,1014.0
10257.0,2380.0,2374.0,2412.0,1040.0,1029.0,1022.0
10278.0,2412.0,2373.0,2392.0,1037.0,1034.0,1030.0
10203.0,2363.0,2408.0,2375.0,1019.0,1016.0,1022.0
10145.0,2312.0,2371.0,2391.0,1023.0,1033.0,1015.0
10393.0,2411.0,2407.0,2439.0,1045.0,1045.0,1046.0
10350.0,2388.0,2419.0,2435.0,1032.0,1037.0,1039.0
10337.0,2383.0,2425.0,2410.0,1042.0,1042.0,1035.0
10095.0,2355.0,2371.0,2365.0,999.0,1002.0,1003.0
10188.0,2356.0,2384.0,2392.0,1022.0,1018.0,1016.0
10333.0,2393.0,2403.0,2451.0,1034.0,1017.0,1035.0
10281.0,2367.0,2398.0,2407.0,1021.0,1044.0,1044.0
10307.0,2405.0,2396.0,2412.0,1027.0,1042.0,1025.0
10476.0,2445.0,2461.0,2435.0,1035.0,1046.0,1054.0
10358.0,2430.0,2404.0,2409.0,1024.0,1050.0,1041.0
10473.0,2448.0,2440.0,2448.0,1045.0,1049.0,1043.0
10433.0,2431.0,2434.0,2454.0,1031.0,1037.0,1046.0
10366.0,2419.0,2416.0,2415.0,1035.0,1043.0,1038.0
10263.0,2393.0,2378.0,2430.0,1016.0,1026.0,1020.0
10314.0,2418.0,2401.0,2409.0,1022.0,1026.0,1038.0
10543.0,2436.0,2445.0,2483.0,1049.0,1065.0,1065.0
10417.0,2433.0,2396.0,2431.0,1033.0,1064.0,1060.0
10214.0,2388.0,2381.0,2377.0,1023.0,1015.0,1030.0
10354.0,2426.0,2394.0,2411.0,1031.0,1046.0,1046.0
10403.0,2420.0,2414.0,2439.0,1035.0,1048.0,1047.0
10396.0,2447.0,2418.0,2411.0,1033.0,1042.0,1045.0
10267.0,2398.0,2386.0,2398.0,1020.0,1035.0,1030.0
10306.0,2394.0,2407.0,2419.0,1020.0,1036.0,1030.0
10199.0,2378.0,2363.0,2373.0,1028.0,1020.0,1037.0
10359.0,2379.0,2435.0,2428.0,1038.0,1033.0,1046.0
10397.0,2438.0,2395.0,2450.0,1019.0,1058.0,1037.0
10261.0,2394.0,2395.0,2400.0,1011.0,1028.0,1033.0
10379.0,2420.0,2415.0,2417.0,1031.0,1051.0,1045.0
10196.0,2389.0,2366.0,2371.0,1027.0,1018.0,1025.0
10361.0,2414.0,2432.0,2415.0,1015.0,1039.0,1046.0
10233.0,2387.0,2399.0,2376.0,1009.0,1026.0,1036.0
10132.0,2376.0,2345.0,2365.0,1007.0,1015.0,1024.0
10375.0,2408.0,2418.0,2432.0,1024.0,1037.0,1056.0
10287.0,2416.0,2406.0,2391.0,1018.0,1026.0,1030.0
10224.0,2377.0,2404.0,2382.0,1020.0,1024.0,1017.0
10219.0,2400.0,2400.0,2369.0,1016.0,1016.0,1018.0
10291.0,2419.0,2390.0,2405.0,1028.0,1024.0,1025.0
10249.0,2414.0,2397.0,2371.0,1018.0,1020.0,1029.0
10262.0,2405.0,2435.0,2362.0,1015.0,1024.0,1021.0
10432.0,2432.0,2451.0,2434.0,1051.0,1028.0,1036.0
10332.0,2415.0,2421.0,2421.0,1033.0,1021.0,1021.0
10336.0,2419.0,2431.0,2417.0,1023.0,1026.0,1020.0
10277.0,2404.0,2398.0,2390.0,1026.0,1025.0,1034.0
10371.0,2403.0,2419.0,2429.0,1042.0,1037.0,1041.0
10174.0,2374.0,2387.0,2357.0,1025.0,1028.0,1003.0
10258.0,2376.0,2409.0,2405.0,1030.0,1025.0,1013.0
10383.0,2405.0,2440.0,2453.0,1035.0,1022.0,1028.0
10275.0,2391.0,2397.0,2428.0,1031.0,1010.0,1018.0
10245.0,2397.0,2396.0,2395.0,1022.0,1013.0,1022.0
10281.0,2403.0,2403.0,2405.0,1034.0,1021.0,1015.0
10224.0,2381.0,2393.0,2403.0,1032.0,1002.0,1013.0
10211.0,2380.0,2358.0,2423.0,1028.0,1012.0,1010.0
10319.0,2397.0,2406.0,2443.0,1026.0,1022.0,1025.0
10341.0,2385.0,2425.0,2405.0,1056.0,1034.0,1036.0
10293.0,2384.0,2405.0,2432.0,1038.0,1017.0,1017.0
10312.0,2395.0,2395.0,2423.0,1044.0,1036.0,1019.0
10316.0,2395.0,2374.0,2445.0,1039.0,1023.0,1040.0
10386.0,2428.0,2427.0,2440.0,1035.0,1032.0,1024.0
10276.0,2398.0,2388.0,2423.0,1034.0,1023.0,1010.0
10282.0,2390.0,2389.0,2407.0,1039.0,1032.0,1025.0
10404.0,2417.0,2435.0,2432.0,1045.0,1036.0,1039.0
10461.0,2461.0,2405.0,2447.0,1057.0,1046.0,1045.0
10486.0,2459.0,2446.0,2457.0,1035.0,1045.0,1044.0
10391.0,2444.0,2404.0,2422.0,1044.0,1039.0,1038.0
10432.0,2448.0,2434.0,2424.0,1046.0,1042.0,1038.0
10366.0,2430.0,2402.0,2441.0,1030.0,1038.0,1025.0
10323.0,2431.0,2399.0,2403.0,1022.0,1040.0,1028.0
10415.0,2456.0,2418.0,2420.0,1037.0,1043.0,1041.0
10451.0,2443.0,2436.0,2428.0,1050.0,1045.0,1049.0
10469.0,2438.0,2459.0,2439.0,1043.0,1050.0,1040.0
10490.0,2436.0,2444.0,2468.0,1049.0,1049.0,1044.0
10510.0,2447.0,2465.0,2423.0,1067.0,1055.0,1053.0
10550.0,2465.0,2462.0,2479.0,1049.0,1048.0,1047.0
10331.0,2388.0,2415.0,2407.0,1040.0,1047.0,1034.0
10263.0,2396.0,2398.0,2383.0,1020.0,1029.0,1037.0
10661.0,2481.0,2502.0,2460.0,1057.0,1082.0,1079.0
10319.0,2393.0,2416.0,2401.0,1037.0,1041.0,1031.0
10371.0,2389.0,2421.0,2417.0,1049.0,1048.0,1047.0
10375.0,2395.0,2457.0,2415.0,1028.0,1044.0,1036.0
10426.0,2425.0,2430.0,2427.0,1032.0,1048.0,1064.0
10486.0,2444.0,2458.0,2425.0,1050.0,1051.0,1058.0
10352.0,2416.0,2415.0,2410.0,1035.0,1040.0,1036.0
10386.0,2415.0,2434.0,2411.0,1036.0,1048.0,1042.0
10502.0,2458.0,2485.0,2406.0,1035.0,1059.0,1059.0
10301.0,2397.0,2415.0,2381.0,1029.0,1042.0,1037.0
10445.0,2443.0,2444.0,2429.0,1034.0,1046.0,1049.0
10501.0,2466.0,2453.0,2430.0,1058.0,1047.0,1047.0
10422.0,2443.0,2434.0,2407.0,1035.0,1049.0,1054.0
10435.0,2427.0,2432.0,2442.0,1038.0,1048.0,1048.0
10338.0,2404.0,2411.0,2424.0,1031.0,1039.0,1029.0
10469.0,2448.0,2435.0,2451.0,1034.0,1051.0,1050.0
10209.0,2409.0,2352.0,2381.0,1013.0,1027.0,1027.0
10459.0,2438.0,2431.0,2454.0,1049.0,1046.0,1041.0
10273.0,2432.0,2369.0,2402.0,1015.0,1020.0,1035.0
10271.0,2411.0,2365.0,2406.0,1019.0,1031.0,1039.0
10172.0,2383.0,2352.0,2383.0,1012.0,1016.0,1026.0
10446.0,2441.0,2426.0,2452.0,1042.0,1042.0,1043.0
10415.0,2439.0,2415.0,2444.0,1041.0,1044.0,1032.0
10243.0,2400.0,2383.0,2401.0,1006.0,1025.0,1028.0
10283.0,2377.0,2391.0,2418.0,1035.0,1027.0,1035.0
10477.0,2421.0,2451.0,2454.0,1050.0,1049.0,1052.0
10304.0,2396.0,2400.0,2419.0,1017.0,1033.0,1039.0
10448.0,2413.0,2445.0,2459.0,1037.0,1049.0,1045.0
10500.0,2458.0,2450.0,2451.0,1059.0,1042.0,1040.0
10410.0,2391.0,2443.0,2437.0,1058.0,1033.0,1048.0
10583.0,2449.0,2469.0,2483.0,1070.0,1055.0,1057.0
10264.0,2365.0,2412.0,2410.0,1036.0,1009.0,1032.0
10540.0,2424.0,2470.0,2464.0,1067.0,1054.0,1061.0
10352.0,2428.0,2424.0,2397.0,1037.0,1021.0,1045.0
10318.0,2405.0,2400.0,2417.0,1040.0,1020.0,1036.0
10365.0,2416.0,2422.0,2428.0,1031.0,1037.0,1031.0
10564.0,2475.0,2480.0,2436.0,1057.0,1055.0,1061.0
10552.0,2451.0,2471.0,2481.0,1060.0,1041.0,1048.0
10487.0,2450.0,2447.0,2449.0,1059.0,1040.0,1042.0
10604.0,2487.0,2490.0,2457.0,1067.0,1055.0,1048.0
10601.0,2478.0,2470.0,2487.0,1063.0,1053.0,1050.0
10538.0,2465.0,2465.0,2453.0,1052.0,1056.0,1047.0
10530.0,2475.0,2476.0,2433.0,1057.0,1046.0,1043.0
10515.0,2478.0,2467.0,2435.0,1051.0,1035.0,1049.0
10600.0,2478.0,2480.0,2465.0,1072.0,1058.0,1047.0
10477.0,2457.0,2461.0,2445.0,1043.0,1032.0,1039.0
10541.0,2457.0,2462.0,2444.0,1059.0,1064.0,1055.0
10408.0,2456.0,2425.0,2406.0,1050.0,1034.0,1037.0
10533.0,2464.0,2451.0,2445.0,1063.0,1060.0,1050.0
10642.0,2483.0,2498.0,2492.0,1057.0,1057.0,1055.0
10649.0,2485.0,2494.0,2490.0,1064.0,1059.0,1057.0
10502.0,2470.0,2443.0,2445.0,1051.0,1052.0,1041.0
10578.0,2470.0,2470.0,2460.0,1055.0,1071.0,1052.0
10505.0,2442.0,2465.0,2446.0,1056.0,1051.0,1045.0
10709.0,2524.0,2471.0,2506.0,1059.0,1070.0,1079.0
10374.0,2439.0,2423.0,2405.0,1043.0,1037.0,1027.0
10516.0,2442.0,2456.0,2464.0,1053.0,1045.0,1056.0
10542.0,2452.0,2442.0,2476.0,1049.0,1062.0,1061.0
10604.0,2460.0,2489.0,2475.0,1056.0,1064.0,1060.0
10554.0,2486.0,2457.0,2463.0,1047.0,1055.0,1046.0
10489.0,2448.0,2439.0,2457.0,1042.0,1059.0,1044.0
10483.0,2467.0,2425.0,2461.0,1037.0,1042.0,1051.0
10538.0,2457.0,2457.0,2475.0,1040.0,1050.0,1059.0
10544.0,2473.0,2443.0,2470.0,1047.0,1060.0,1051.0
10539.0,2472.0,2429.0,2511.0,1044.0,1048.0,1035.0
10555.0,2481.0,2457.0,2452.0,1048.0,1062.0,1055.0
10606.0,2500.0,2485.0,2458.0,1045.0,1059.0,1059.0
10475.0,2476.0,2411.0,2460.0,1041.0,1045.0,1042.0
10545.0,2464.0,2475.0,2460.0,1046.0,1052.0,1048.0
10440.0,2452.0,2402.0,2448.0,1032.0,1060.0,1046.0
10465.0,2444.0,2444.0,2449.0,1042.0,1061.0,1025.0
10326.0,2421.0,2409.0,2412.0,1018.0,1040.0,1026.0
10691.0,2500.0,2512.0,2492.0,1061.0,1070.0,1056.0
10780.0,2499.0,2519.0,2540.0,1068.0,1075.0,1079.0
10369.0,2405.0,2426.0,2452.0,1013.0,1041.0,1032.0
10385.0,2407.0,2435.0,2429.0,1028.0,1049.0,1037.0
10480.0,2421.0,2451.0,2449.0,1052.0,1057.0,1050.0
10634.0,2457.0,2503.0,2484.0,1048.0,1070.0,1072.0
10528.0,2460.0,2468.0,2425.0,1052.0,1060.0,1063.0
10483.0,2443.0,2453.0,2453.0,1046.0,1044.0,1044.0
10535.0,2419.0,2472.0,2467.0,1056.0,1068.0,1053.0
10407.0,2423.0,2447.0,2403.0,1045.0,1044.0,1045.0
10498.0,2435.0,2453.0,2464.0,1049.0,1038.0,1059.0
10452.0,2411.0,2452.0,2442.0,1054.0,1052.0,1041.0
10703.0,2485.0,2515.0,2481.0,1069.0,1075.0,1078.0
10591.0,2467.0,2463.0,2483.0,1059.0,1057.0,1062.0
10460.0,2435.0,2446.0,2432.0,1047.0,1054.0,1046.0
10524.0,2440.0,2442.0,2461.0,1056.0,1065.0,1060.0
10615.0,2473.0,2458.0,2485.0,1060.0,1072.0,1067.0
10477.0,2459.0,2441.0,2426.0,1059.0,1038.0,1054.0
10560.0,2455.0,2445.0,2444.0,1070.0,1072.0,1074.0
10563.0,2494.0,2440.0,2445.0,1066.0,1057.0,1061.0
10547.0,2486.0,2410.0,2474.0,1064.0,1046.0,1067.0
10729.0,2514.0,2481.0,2487.0,1083.0,1074.0,1090.0
10788.0,2543.0,2483.0,2507.0,1087.0,1085.0,1083.0
10705.0,2519.0,2505.0,2474.0,1069.0,1069.0,1069.0
10626.0,2486.0,2469.0,2463.0,1075.0,1065.0,1068.0
10638.0,2484.0,2475.0,2468.0,1078.0,1061.0,1072.0
10522.0,2476.0,2449.0,2425.0,1070.0,1036.0,1066.0
10552.0,2499.0,2431.0,2438.0,1060.0,1057.0,1067.0
10625.0,2490.0,2486.0,2458.0,1071.0,1057.0,1063.0
10626.0,2475.0,2489.0,2474.0,1059.0,1052.0,1077.0
10557.0,2439.0,2476.0,2478.0,1050.0,1045.0,1069.0
10634.0,2481.0,2471.0,2501.0,1067.0,1060.0,1054.0
10716.0,2476.0,2520.0,2504.0,1071.0,1065.0,1080.0
10656.0,2483.0,2489.0,2489.0,1057.0,1060.0,1078.0
10718.0,2488.0,2519.0,2510.0,1062.0,1060.0,1079.0
10652.0,2475.0,2502.0,2469.0,1073.0,1061.0,1072.0
10563.0,2461.0,2473.0,2470.0,1055.0,1053.0,1051.0
10728.0,2515.0,2523.0,2484.0,1067.0,1072.0,1067.0
10658.0,2484.0,2483.0,2489.0,1072.0,1056.0,1074.0
10629.0,2500.0,2494.0,2464.0,1063.0,1052.0,1056.0
10745.0,2511.0,2531.0,2498.0,1074.0,1063.0,1068.0
10532.0,2474.0,2467.0,2455.0,1044.0,1041.0,1051.0
10547.0,2451.0,2452.0,2479.0,1052.0,1054.0,1059.0
10676.0,2510.0,2499.0,2484.0,1058.0,1060.0,1065.0
10615.0,2487.0,2477.0,2472.0,1064.0,1059.0,1056.0
10697.0,2500.0,2511.0,2492.0,1063.0,1066.0,1065.0
10626.0,2471.0,2490.0,2492.0,1050.0,1061.0,1062.0
10699.0,2505.0,2471.0,2514.0,1071.0,1065.0,1073.0
10688.0,2527.0,2491.0,2500.0,1053.0,1053.0,1064.0
10620.0,2501.0,2469.0,2494.0,1050.0,1056.0,1050.0
10613.0,2480.0,2466.0,2499.0,1046.0,1063.0,1059.0
10449.0,2491.0,2412.0,2404.0,1040.0,1055.0,1047.0
10730.0,2514.0,2508.0,2507.0,1062.0,1067.0,1072.0
10509.0,2450.0,2453.0,2449.0,1047.0,1064.0,1046.0
10611.0,2482.0,2483.0,2479.0,1056.0,1064.0,1047.0
10347.0,2429.0,2375.0,2433.0,1037.0,1036.0,1037.0
10530.0,2462.0,2432.0,2478.0,1046.0,1054.0,1058.0
10403.0,2431.0,2425.0,2432.0,1035.0,1049.0,1031.0
10630.0,2479.0,2462.0,2483.0,1058.0,1070.0,1078.0
10590.0,2454.0,2483.0,2483.0,1057.0,1059.0,1054.0
10504.0,2451.0,2430.0,2479.0,1041.0,1062.0,1041.0
10570.0,2448.0,2475.0,2450.0,1068.0,1079.0,1050.0
10590.0,2462.0,2488.0,2469.0,1052.0,1065.0,1054.0
10555.0,2452.0,2484.0,2455.0,1062.0,1055.0,1047.0
10804.0,2511.0,2533.0,2519.0,1069.0,1092.0,1080.0
10700.0,2494.0,2500.0,2509.0,1073.0,1068.0,1056.0
10690.0,2505.0,2496.0,2488.0,1075.0,1063.0,1063.0
10765.0,2505.0,2513.0,2499.0,1084.0,1093.0,1071.0
10597.0,2504.0,2452.0,2468.0,1067.0,1055.0,1051.0
10755.0,2512.0,2502.0,2497.0,1084.0,1081.0,1079.0
10652.0,2496.0,2487.0,2475.0,1062.0,1073.0,1059.0
10714.0,2512.0,2510.0,2469.0,1086.0,1076.0,1061.0
10795.0,2520.0,2544.0,2506.0,1074.0,1082.0,1069.0
10757.0,2522.0,2520.0,2485.0,1093.0,1083.0,1054.0
10767.0,2527.0,2507.0,2506.0,1076.0,1072.0,1079.0
10830.0,2544.0,2549.0,2494.0,1086.0,1085.0,1072.0
10751.0,2541.0,2520.0,2481.0,1072.0,1072.0,1065.0
10709.0,2511.0,2485.0,2475.0,1077.0,1083.0,1078.0
10759.0,2522.0,2500.0,2500.0,1077.0,1083.0,1077.0
10749.0,2471.0,2516.0,2508.0,1085.0,1089.0,1080.0
10995.0,2565.0,2584.0,2554.0,1104.0,1100.0,1088.0
10754.0,2488.0,2513.0,2514.0,1081.0,1087.0,1071.0
10586.0,2451.0,2484.0,2455.0,1072.0,1068.0,1056.0
10848.0,2521.0,2529.0,2532.0,1095.0,1086.0,1085.0
10814.0,2523.0,2530.0,2512.0,1093.0,1080.0,1076.0
10756.0,2501.0,2505.0,2506.0,1087.0,1078.0,1079.0
10696.0,2476.0,2494.0,2509.0,1069.0,1083.0,1065.0
10705.0,2481.0,2502.0,2499.0,1086.0,1074.0,1063.0
10509.0,2442.0,2424.0,2468.0,1065.0,1048.0,1062.0
10719.0,2498.0,2476.0,2506.0,1087.0,1070.0,1082.0
10707.0,2486.0,2461.0,2542.0,1068.0,1073.0,1077.0
10754.0,2493.0,2502.0,2512.0,1080.0,1087.0,1080.0
10902.0,2550.0,2539.0,2550.0,1085.0,1083.0,1095.0
10721.0,2506.0,2486.0,2520.0,1072.0,1070.0,1067.0
10556.0,2466.0,2450.0,2479.0,1053.0,1049.0,1059.0
10858.0,2528.0,2517.0,2544.0,1081.0,1092.0,1096.0
10720.0,2532.0,2469.0,2514.0,1069.0,1061.0,1075.0
10767.0,2512.0,2508.0,2523.0,1074.0,1072.0,1078.0
10808.0,2538.0,2512.0,2527.0,1078.0,1069.0,1084.0
10877.0,2525.0,2540.0,2561.0,1088.0,1070.0,1093.0
10803.0,2539.0,2527.0,2499.0,1088.0,1068.0,1082.0
10789.0,2535.0,2508.0,2530.0,1070.0,1061.0,1085.0
10696.0,2494.0,2478.0,2502.0,1075.0,1077.0,1070.0
10684.0,2511.0,2501.0,2464.0,1062.0,1066.0,1080.0
10752.0,2497.0,2509.0,2533.0,1060.0,1062.0,1091.0
10659.0,2489.0,2483.0,2496.0,1061.0,1060.0,1070.0
10698.0,2483.0,2489.0,2512.0,1071.0,1064.0,1079.0
10716.0,2498.0,2517.0,2490.0,1060.0,1072.0,1079.0
10651.0,2495.0,2497.0,2474.0,1052.0,1053.0,1080.0
10665.0,2467.0,2501.0,2494.0,1063.0,1071.0,1069.0
10633.0,2477.0,2497.0,2471.0,1065.0,1050.0,1073.0
10667.0,2481.0,2496.0,2507.0,1053.0,1055.0,1075.0
10786.0,2480.0,2535.0,2510.0,1078.0,1092.0,1091.0
10702.0,2490.0,2507.0,2486.0,1071.0,1074.0,1074.0
10634.0,2466.0,2492.0,2473.0,1063.0,1066.0,1074.0
10665.0,2481.0,2468.0,2505.0,1067.0,1070.0,1074.0
10683.0,2459.0,2537.0,2466.0,1075.0,1069.0,1077.0
10670.0,2477.0,2510.0,2468.0,1071.0,1076.0,1068.0
10775.0,2501.0,2522.0,2521.0,1079.0,1075.0,1077.0
10915.0,2548.0,2543.0,2540.0,1090.0,1092.0,1102.0
10657.0,2477.0,2485.0,2476.0,1076.0,1077.0,1066.0
10864.0,2525.0,2557.0,2498.0,1084.0,1103.0,1097.0
10908.0,2546.0,2546.0,2550.0,1088.0,1086.0,1092.0
10798.0,2527.0,2524.0,2512.0,1074.0,1084.0,1077.0
10827.0,2539.0,2511.0,2535.0,1079.0,1087.0,1076.0
10860.0,2540.0,2529.0,2526.0,1087.0,1092.0,1086.0
10871.0,2553.0,2534.0,2535.0,1083.0,1086.0,1080.0
11016.0,2572.0,2557.0,2563.0,1111.0,1102.0,1111.0
10966.0,2572.0,2544.0,2560.0,1098.0,1103.0,1089.0
10820.0,2545.0,2482.0,2524.0,1097.0,1080.0,1092.0
10760.0,2517.0,2511.0,2490.0,1088.0,1080.0,1074.0
10980.0,2560.0,2555.0,2570.0,1104.0,1104.0,1087.0
10860.0,2550.0,2526.0,2519.0,1091.0,1104.0,1070.0
10817.0,2515.0,2493.0,2540.0,1088.0,1099.0,1082.0
10901.0,2521.0,2537.0,2555.0,1107.0,1094.0,1087.0
10957.0,2521.0,2545.0,2573.0,1112.0,1116.0,1090.0
10914.0,2527.0,2533.0,2546.0,1107.0,1107.0,1094.0
10776.0,2491.0,2495.0,2556.0,1085.0,1078.0,1071.0
10948.0,2532.0,2545.0,2577.0,1098.0,1107.0,1089.0
10920.0,2564.0,2538.0,2561.0,1089.0,1090.0,1078.0
10820.0,2495.0,2536.0,2534.0,1084.0,1089.0,1082.0
10962.0,2528.0,2563.0,2564.0,1115.0,1105.0,1087.0
10878.0,2522.0,2551.0,2550.0,1086.0,1094.0,1075.0
10944.0,2554.0,2564.0,2550.0,1093.0,1096.0,1087.0
10818.0,2509.0,2526.0,2529.0,1087.0,1095.0,1072.0
10857.0,2530.0,2535.0,2538.0,1096.0,1085.0,1073.0
10819.0,2519.0,2514.0,2543.0,1085.0,1090.0,1068.0
10899.0,2536.0,2557.0,2554.0,1089.0,1090.0,1073.0
10802.0,2522.0,2512.0,2532.0,1090.0,1085.0,1061.0
10875.0,2523.0,2555.0,2542.0,1088.0,1086.0,1081.0
10807.0,2502.0,2555.0,2515.0,1078.0,1089.0,1068.0
10754.0,2523.0,2531.0,2470.0,1069.0,1082.0,1079.0
10983.0,2581.0,2550.0,2564.0,1086.0,1094.0,1108.0
10695.0,2508.0,2511.0,2470.0,1072.0,1067.0,1067.0
10731.0,2500.0,2509.0,2499.0,1084.0,1071.0,1068.0
10847.0,2529.0,2542.0,2530.0,1086.0,1085.0,1075.0
10951.0,2586.0,2551.0,2534.0,1091.0,1097.0,1092.0
10885.0,2530.0,2549.0,2538.0,1088.0,1093.0,1087.0
10698.0,2508.0,2486.0,2514.0,1052.0,1068.0,1070.0
10763.0,2510.0,2517.0,2503.0,1064.0,1085.0,1084.0
10707.0,2507.0,2498.0,2489.0,1076.0,1065.0,1072.0
10766.0,2497.0,2519.0,2517.0,1083.0,1067.0,1083.0
10700.0,2513.0,2488.0,2484.0,1064.0,1077.0,1074.0
10789.0,2508.0,2526.0,2507.0,1081.0,1085.0,1082.0
10705.0,2497.0,2482.0,2497.0,1082.0,1066.0,1081.0
10727.0,2510.0,2483.0,2506.0,1071.0,1076.0,1081.0
10844.0,2558.0,2517.0,2519.0,1087.0,1076.0,1087.0
10796.0,2541.0,2504.0,2514.0,1083.0,1076.0,1078.0
10669.0,2485.0,2488.0,2488.0,1064.0,1067.0,1077.0
10696.0,2512.0,2508.0,2499.0,1052.0,1056.0,1069.0
10802.0,2506.0,2521.0,2526.0,1068.0,1087.0,1094.0
10844.0,2522.0,2521.0,2560.0,1081.0,1076.0,1084.0
10825.0,2544.0,2535.0,2501.0,1075.0,1072.0,1098.0
10892.0,2538.0,2554.0,2536.0,1083.0,1085.0,1096.0
10967.0,2569.0,2547.0,2551.0,1100.0,1095.0,1105.0
10868.0,2556.0,2532.0,2526.0,1082.0,1086.0,1086.0
11015.0,2589.0,2584.0,2557.0,1092.0,1094.0,1099.0
11048.0,2586.0,2571.0,2589.0,1107.0,1089.0,1106.0
11010.0,2603.0,2569.0,2531.0,1108.0,1086.0,1113.0
10830.0,2540.0,2515.0,2526.0,1073.0,1086.0,1090.0
10995.0,2568.0,2570.0,2576.0,1102.0,1083.0,1096.0
11117.0,2608.0,2602.0,2584.0,1105.0,1101.0,1117.0
11033.0,2606.0,2564.0,2547.0,1106.0,1098.0,1112.0
11059.0,2578.0,2573.0,2586.0,1109.0,1104.0,1109.0
10961.0,2560.0,2559.0,2552.0,1097.0,1085.0,1108.0
11082.0,2569.0,2615.0,2581.0,1110.0,1099.0,1108.0
10987.0,2549.0,2558.0,2589.0,1096.0,1095.0,1100.0
11001.0,2530.0,2604.0,2559.0,1092.0,1108.0,1108.0
10999.0,2560.0,2570.0,2577.0,1100.0,1094.0,1098.0
10905.0,2519.0,2545.0,2571.0,1095.0,1081.0,1094.0
10980.0,2529.0,2554.0,2592.0,1100.0,1100.0,1105.0
10809.0,2498.0,2535.0,2518.0,1088.0,1093.0,1077.0
11035.0,2553.0,2556.0,2588.0,1109.0,1114.0,1115.0
11087.0,2598.0,2572.0,2587.0,1115.0,1108.0,1107.0
11056.0,2570.0,2585.0,2574.0,1116.0,1101.0,1110.0
10998.0,2589.0,2537.0,2561.0,1111.0,1100.0,1100.0
10834.0,2508.0,2528.0,2530.0,1094.0,1088.0,1086.0
10895.0,2539.0,2523.0,2551.0,1098.0,1088.0,1096.0
10940.0,2573.0,2552.0,2547.0,1090.0,1089.0,1089.0
10934.0,2538.0,2514.0,2578.0,1099.0,1104.0,1101.0
11054.0,2582.0,2576.0,2575.0,1113.0,1100.0,1108.0
10929.0,2568.0,2553.0,2523.0,1094.0,1095.0,1096.0
10878.0,2542.0,2532.0,2536.0,1081.0,1090.0,1097.0
10942.0,2560.0,2538.0,2555.0,1096.0,1105.0,1088.0
10862.0,2560.0,2518.0,2518.0,1088.0,1101.0,1077.0
10720.0,2513.0,2476.0,2516.0,1072.0,1077.0,1066.0
10977.0,2572.0,2543.0,2563.0,1100.0,1110.0,1089.0
10930.0,2582.0,2559.0,2507.0,1090.0,1101.0,1091.0
10981.0,2582.0,2557.0,2564.0,1093.0,1092.0,1093.0
10916.0,2575.0,2535.0,2533.0,1093.0,1103.0,1077.0
11022.0,2595.0,2581.0,2539.0,1103.0,1109.0,1095.0
10923.0,2553.0,2546.0,2530.0,1100.0,1103.0,1091.0
10858.0,2528.0,2531.0,2537.0,1080.0,1098.0,1084.0
10976.0,2578.0,2564.0,2550.0,1086.0,1107.0,1091.0
10904.0,2545.0,2572.0,2522.0,1090.0,1088.0,1087.0
10892.0,2528.0,2560.0,2534.0,1087.0,1102.0,1081.0
10820.0,2499.0,2522.0,2532.0,1083.0,1096.0,1088.0
10943.0,2562.0,2581.0,2530.0,1092.0,1100.0,1078.0
10901.0,2547.0,2549.0,2537.0,1097.0,1088.0,1083.0
11010.0,2550.0,2588.0,2588.0,1082.0,1101.0,1101.0
10993.0,2554.0,2584.0,2576.0,1086.0,1096.0,1097.0
10966.0,2559.0,2590.0,2557.0,1084.0,1098.0,1078.0
10935.0,2532.0,2568.0,2554.0,1087.0,1099.0,1095.0
10904.0,2558.0,2558.0,2547.0,1079.0,1087.0,1075.0
10932.0,2559.0,2565.0,2545.0,1082.0,1084.0,1097.0
11221.0,2607.0,2637.0,2626.0,1116.0,1118.0,1117.0
11054.0,2590.0,2573.0,2591.0,1100.0,1097.0,1103.0
10884.0,2545.0,2534.0,2557.0,1082.0,1078.0,1088.0
11027.0,2579.0,2547.0,2593.0,1102.0,1106.0,1100.0
10966.0,2568.0,2581.0,2549.0,1093.0,1088.0,1087.0
11076.0,2574.0,2588.0,2594.0,1111.0,1109.0,1100.0
11062.0,2595.0,2574.0,2584.0,1104.0,1099.0,1106.0
11123.0,2621.0,2592.0,2600.0,1089.0,1100.0,1121.0
11106.0,2603.0,2571.0,2611.0,1114.0,1090.0,1117.0
10956.0,2557.0,2549.0,2586.0,1085.0,1089.0,1090.0
11231.0,2625.0,2616.0,2647.0,1108.0,1119.0,1116.0
11141.0,2610.0,2580.0,2613.0,1121.0,1114.0,1103.0
10955.0,2562.0,2559.0,2573.0,1093.0,1081.0,1087.0
11140.0,2600.0,2591.0,2609.0,1114.0,1115.0,1111.0
11008.0,2550.0,2556.0,2594.0,1112.0,1098.0,1098.0
11235.0,2624.0,2606.0,2631.0,1133.0,1116.0,1125.0
11086.0,2566.0,2591.0,2601.0,1108.0,1109.0,1111.0
11116.0,2584.0,2574.0,2622.0,1127.0,1103.0,1106.0
10912.0,2533.0,2540.0,2549.0,1110.0,1089.0,1091.0
11150.0,2597.0,2601.0,2591.0,1113.0,1116.0,1132.0
10878.0,2512.0,2534.0,2545.0,1097.0,1085.0,1105.0
10957.0,2551.0,2542.0,2565.0,1090.0,1090.0,1119.0
11059.0,2613.0,2567.0,2571.0,1108.0,1093.0,1107.0
10947.0,2521.0,2536.0,2577.0,1103.0,1099.0,1111.0
10928.0,2553.0,2546.0,2552.0,1102.0,1080.0,1095.0
10976.0,2573.0,2539.0,2558.0,1100.0,1091.0,1115.0
11065.0,2586.0,2602.0,2565.0,1107.0,1092.0,1113.0
11070.0,2590.0,2578.0,2583.0,1112.0,1097.0,1110.0
10930.0,2544.0,2553.0,2540.0,1103.0,1089.0,1101.0
10979.0,2601.0,2564.0,2526.0,1100.0,1091.0,1097.0
10896.0,2553.0,2553.0,2514.0,1094.0,1082.0,1100.0
11074.0,2598.0,2586.0,2563.0,1106.0,1114.0,1107.0
11002.0,2574.0,2578.0,2549.0,1100.0,1096.0,1105.0
10986.0,2580.0,2545.0,2543.0,1103.0,1099.0,1116.0
10992.0,2559.0,2567.0,2555.0,1103.0,1097.0,1111.0
11035.0,2591.0,2592.0,2531.0,1110.0,1104.0,1107.0
11049.0,2565.0,2584.0,2563.0,1107.0,1121.0,1109.0
11064.0,2572.0,2608.0,2557.0,1110.0,1113.0,1104.0
11016.0,2576.0,2568.0,2555.0,1095.0,1106.0,1116.0
11010.0,2574.0,2584.0,2543.0,1093.0,1104.0,1112.0
11096.0,2589.0,2567.0,2596.0,1109.0,1117.0,1118.0
10947.0,2556.0,2538.0,2549.0,1085.0,1105.0,1114.0
10909.0,2520.0,2544.0,2540.0,1102.0,1110.0,1093.0
11137.0,2600.0,2580.0,2607.0,1112.0,1120.0,1118.0
11066.0,2583.0,2573.0,2585.0,1104.0,1113.0,1108.0
11028.0,2562.0,2566.0,2575.0,1104.0,1103.0,1118.0
11042.0,2559.0,2580.0,2596.0,1099.0,1114.0,1094.0
10891.0,2533.0,2529.0,2554.0,1089.0,1093.0,1093.0
11164.0,2592.0,2596.0,2634.0,1113.0,1108.0,1121.0
11032.0,2576.0,2561.0,2578.0,1099.0,1114.0,1104.0
11090.0,2592.0,2552.0,2617.0,1104.0,1114.0,1111.0
11008.0,2585.0,2562.0,2574.0,1098.0,1092.0,1097.0
11138.0,2597.0,2601.0,2589.0,1108.0,1120.0,1123.0
11076.0,2581.0,2567.0,2613.0,1101.0,1114.0,1100.0
11074.0,2572.0,2587.0,2587.0,1110.0,1115.0,1103.0
11164.0,2612.0,2592.0,2615.0,1111.0,1115.0,1119.0
