demand,Demand_Retailer_0,Demand_Retailer_1,Demand_Retailer_2,Demand_Retailer_3,Demand_Retailer_4,Demand_Retailer_5
971.0,226.0,253.0,229.0,89.0,91.0,83.0
1063.0,254.0,272.0,255.0,98.0,96.0,88.0
998.0,250.0,242.0,248.0,70.0,90.0,98.0
966.0,259.0,209.0,207.0,96.0,97.0,98.0
1040.0,254.0,269.0,238.0,103.0,76.0,100.0
1076.0,283.0,261.0,225.0,102.0,97.0,108.0
1151.0,296.0,300.0,218.0,114.0,113.0,110.0
993.0,266.0,216.0,241.0,84.0,90.0,96.0
1039.0,219.0,212.0,289.0,106.0,98.0,115.0
972.0,181.0,218.0,266.0,103.0,106.0,98.0
1180.0,258.0,232.0,320.0,116.0,120.0,134.0
1061.0,241.0,219.0,235.0,116.0,130.0,120.0
1010.0,193.0,265.0,199.0,116.0,104.0,133.0
1178.0,261.0,260.0,292.0,114.0,131.0,120.0
1065.0,241.0,241.0,231.0,112.0,105.0,135.0
972.0,210.0,245.0,241.0,93.0,92.0,91.0
1045.0,242.0,247.0,230.0,95.0,106.0,125.0
941.0,219.0,224.0,211.0,96.0,95.0,96.0
892.0,213.0,195.0,206.0,85.0,89.0,104.0
1212.0,281.0,301.0,275.0,123.0,115.0,117.0
915.0,202.0,195.0,239.0,87.0,93.0,99.0
918.0,210.0,241.0,173.0,105.0,86.0,103.0
976.0,189.0,260.0,262.0,79.0,98.0,88.0
1076.0,230.0,254.0,260.0,116.0,112.0,104.0
1101.0,243.0,287.0,268.0,101.0,105.0,97.0
1080.0,242.0,251.0,261.0,116.0,102.0,108.0
1009.0,224.0,235.0,237.0,103.0,109.0,101.0
1133.0,257.0,231.0,287.0,114.0,130.0,114.0
1042.0,252.0,212.0,251.0,108.0,110.0,109.0
1103.0,287.0,252.0,262.0,109.0,99.0,94.0
1137.0,272.0,267.0,265.0,115.0,105.0,113.0
1159.0,293.0,274.0,246.0,122.0,116.0,108.0
1304.0,315.0,310.0,295.0,135.0,131.0,118.0
1112.0,271.0,290.0,218.0,114.0,116.0,103.0
1285.0,295.0,304.0,302.0,128.0,132.0,124.0
1040.0,252.0,284.0,209.0,98.0,93.0,104.0
1051.0,242.0,261.0,247.0,99.0,101.0,101.0
922.0,216.0,275.0,155.0,95.0,100.0,81.0
1040.0,257.0,266.0,216.0,100.0,98.0,103.0
1139.0,285.0,307.0,249.0,106.0,97.0,95.0
1113.0,243.0,290.0,254.0,112.0,100.0,114.0
1003.0,280.0,249.0,228.0,70.0,90.0,86.0
1087.0,290.0,202.0,287.0,112.0,90.0,106.0
1007.0,271.0,196.0,250.0,103.0,91.0,96.0
922.0,229.0,195.0,212.0,101.0,102.0,83.0
854.0,202.0,173.0,212.0,86.0,96.0,85.0
1046.0,262.0,203.0,269.0,121.0,90.0,101.0
1074.0,273.0,214.0,252.0,100.0,110.0,125.0
790.0,204.0,145.0,185.0,91.0,81.0,84.0
959.0,221.0,216.0,237.0,100.0,103.0,82.0
1023.0,234.0,242.0,247.0,104.0,101.0,95.0
1096.0,220.0,287.0,234.0,114.0,128.0,113.0
1107.0,251.0,232.0,257.0,127.0,120.0,120.0
1247.0,291.0,322.0,260.0,129.0,117.0,128.0
1256.0,281.0,295.0,275.0,125.0,134.0,146.0
1222.0,296.0,290.0,266.0,118.0,127.0,125.0
1265.0,297.0,330.0,276.0,128.0,112.0,122.0
1268.0,300.0,314.0,266.0,128.0,131.0,129.0
1258.0,282.0,286.0,296.0,108.0,133.0,153.0
1340.0,299.0,349.0,295.0,123.0,136.0,138.0
1175.0,256.0,318.0,250.0,97.0,111.0,143.0
1084.0,212.0,265.0,285.0,103.0,125.0,94.0
1163.0,289.0,277.0,262.0,122.0,114.0,99.0
1260.0,281.0,273.0,307.0,123.0,127.0,149.0
1229.0,286.0,268.0,315.0,111.0,123.0,126.0
1206.0,278.0,251.0,316.0,116.0,117.0,128.0
1182.0,319.0,224.0,299.0,109.0,120.0,111.0
1004.0,277.0,195.0,266.0,85.0,78.0,103.0
1081.0,282.0,224.0,283.0,92.0,100.0,100.0
1096.0,238.0,242.0,288.0,103.0,108.0,117.0
1074.0,262.0,231.0,272.0,116.0,107.0,86.0
1060.0,261.0,234.0,283.0,87.0,90.0,105.0
1198.0,276.0,304.0,286.0,118.0,103.0,111.0
927.0,179.0,258.0,227.0,107.0,70.0,86.0
1121.0,270.0,324.0,220.0,111.0,99.0,97.0
1038.0,203.0,258.0,249.0,108.0,109.0,111.0
1051.0,211.0,269.0,244.0,119.0,107.0,101.0
924.0,232.0,237.0,173.0,96.0,98.0,88.0
1189.0,272.0,265.0,268.0,139.0,133.0,112.0
1213.0,340.0,268.0,264.0,120.0,121.0,100.0
1295.0,314.0,303.0,276.0,140.0,139.0,123.0
1284.0,309.0,307.0,268.0,142.0,135.0,123.0
1331.0,330.0,343.0,258.0,142.0,137.0,121.0
1319.0,313.0,276.0,288.0,142.0,160.0,140.0
1235.0,267.0,299.0,289.0,120.0,139.0,121.0
1280.0,317.0,278.0,275.0,131.0,150.0,129.0
1145.0,277.0,242.0,293.0,99.0,121.0,113.0
1425.0,340.0,344.0,327.0,133.0,141.0,140.0
1327.0,282.0,319.0,318.0,139.0,137.0,132.0
1350.0,314.0,337.0,316.0,121.0,126.0,136.0
1225.0,270.0,261.0,328.0,123.0,125.0,118.0
1224.0,286.0,295.0,274.0,118.0,118.0,133.0
1271.0,281.0,280.0,321.0,114.0,144.0,131.0
1162.0,270.0,273.0,256.0,107.0,134.0,122.0
1185.0,286.0,233.0,312.0,110.0,125.0,119.0
1290.0,324.0,307.0,298.0,122.0,121.0,118.0
1103.0,263.0,244.0,282.0,103.0,104.0,107.0
1062.0,229.0,264.0,259.0,83.0,102.0,125.0
858.0,175.0,208.0,203.0,81.0,97.0,94.0
999.0,209.0,219.0,282.0,110.0,85.0,94.0
1000.0,244.0,212.0,226.0,104.0,105.0,109.0
1136.0,274.0,228.0,269.0,123.0,113.0,129.0
920.0,205.0,176.0,253.0,94.0,93.0,99.0
1076.0,239.0,264.0,220.0,125.0,103.0,125.0
1152.0,304.0,245.0,264.0,129.0,100.0,110.0
1276.0,286.0,282.0,323.0,143.0,123.0,119.0
1409.0,320.0,316.0,346.0,149.0,140.0,138.0
1260.0,331.0,296.0,251.0,148.0,107.0,127.0
1306.0,281.0,324.0,295.0,142.0,122.0,142.0
1453.0,353.0,363.0,330.0,147.0,126.0,134.0
1424.0,315.0,353.0,316.0,155.0,148.0,137.0
1454.0,345.0,345.0,336.0,150.0,139.0,139.0
1302.0,278.0,313.0,329.0,139.0,130.0,113.0
1392.0,307.0,305.0,373.0,149.0,120.0,138.0
1376.0,312.0,321.0,329.0,145.0,137.0,132.0
1314.0,264.0,310.0,337.0,133.0,146.0,124.0
1219.0,287.0,252.0,308.0,130.0,131.0,111.0
1389.0,332.0,313.0,361.0,126.0,131.0,126.0
1225.0,301.0,284.0,280.0,112.0,141.0,107.0
1077.0,284.0,249.0,235.0,111.0,108.0,90.0
1107.0,309.0,200.0,268.0,100.0,122.0,108.0
1163.0,303.0,228.0,301.0,96.0,125.0,110.0
994.0,259.0,224.0,234.0,90.0,93.0,94.0
1214.0,267.0,306.0,264.0,120.0,135.0,122.0
1014.0,239.0,236.0,206.0,92.0,116.0,125.0
1172.0,238.0,312.0,264.0,102.0,130.0,126.0
1204.0,232.0,308.0,271.0,125.0,121.0,147.0
1201.0,285.0,299.0,261.0,110.0,129.0,117.0
1126.0,243.0,275.0,265.0,120.0,106.0,117.0
1085.0,229.0,266.0,229.0,119.0,114.0,128.0
1238.0,276.0,283.0,275.0,131.0,137.0,136.0
1264.0,306.0,300.0,276.0,126.0,135.0,121.0
1381.0,338.0,352.0,273.0,140.0,136.0,142.0
1504.0,382.0,343.0,318.0,163.0,144.0,154.0
1525.0,366.0,368.0,325.0,176.0,145.0,145.0
1342.0,343.0,281.0,323.0,127.0,126.0,142.0
1353.0,337.0,266.0,345.0,134.0,127.0,144.0
1551.0,374.0,324.0,409.0,148.0,134.0,162.0
1385.0,266.0,291.0,378.0,149.0,155.0,146.0
1462.0,329.0,345.0,373.0,144.0,120.0,151.0
1483.0,330.0,321.0,360.0,160.0,159.0,153.0
1347.0,297.0,316.0,343.0,138.0,133.0,120.0
1310.0,294.0,299.0,338.0,133.0,133.0,113.0
1171.0,290.0,272.0,245.0,130.0,118.0,116.0
1406.0,333.0,348.0,306.0,147.0,137.0,135.0
1232.0,291.0,309.0,278.0,114.0,114.0,126.0
1300.0,272.0,320.0,344.0,122.0,119.0,123.0
1085.0,270.0,273.0,247.0,85.0,101.0,109.0
1201.0,284.0,314.0,220.0,129.0,138.0,116.0
1186.0,303.0,303.0,236.0,104.0,131.0,109.0
1257.0,271.0,332.0,289.0,115.0,125.0,125.0
988.0,223.0,234.0,231.0,97.0,106.0,97.0
1227.0,265.0,292.0,299.0,117.0,146.0,108.0
1103.0,240.0,238.0,272.0,110.0,121.0,122.0
1100.0,246.0,246.0,277.0,112.0,115.0,104.0
1074.0,227.0,258.0,238.0,111.0,125.0,115.0
1272.0,301.0,311.0,287.0,107.0,149.0,117.0
1278.0,318.0,265.0,287.0,136.0,146.0,126.0
1377.0,324.0,269.0,341.0,147.0,164.0,132.0
1323.0,298.0,304.0,294.0,155.0,144.0,128.0
1539.0,374.0,330.0,379.0,143.0,161.0,152.0
1431.0,339.0,317.0,359.0,140.0,147.0,129.0
1507.0,321.0,385.0,375.0,152.0,144.0,130.0
1591.0,351.0,314.0,445.0,175.0,152.0,154.0
1633.0,385.0,354.0,384.0,182.0,173.0,155.0
1463.0,324.0,356.0,341.0,169.0,132.0,141.0
1514.0,326.0,376.0,361.0,161.0,144.0,146.0
1482.0,295.0,381.0,376.0,150.0,129.0,151.0
1385.0,334.0,322.0,322.0,144.0,121.0,142.0
1402.0,334.0,333.0,313.0,140.0,136.0,146.0
1352.0,357.0,315.0,264.0,144.0,126.0,146.0
1278.0,321.0,256.0,303.0,129.0,121.0,148.0
1244.0,336.0,279.0,257.0,131.0,103.0,138.0
1121.0,305.0,233.0,221.0,110.0,118.0,134.0
1256.0,334.0,234.0,291.0,133.0,127.0,137.0
1071.0,258.0,215.0,259.0,102.0,114.0,123.0
1167.0,264.0,274.0,269.0,110.0,116.0,134.0
1205.0,291.0,269.0,256.0,123.0,126.0,140.0
1164.0,232.0,288.0,261.0,111.0,126.0,146.0
1254.0,271.0,300.0,309.0,129.0,120.0,125.0
1290.0,283.0,347.0,278.0,125.0,127.0,130.0
1171.0,243.0,295.0,259.0,108.0,133.0,133.0
1440.0,338.0,348.0,319.0,147.0,149.0,139.0
1416.0,320.0,367.0,340.0,119.0,135.0,135.0
1601.0,362.0,400.0,404.0,148.0,142.0,145.0
1484.0,375.0,342.0,348.0,124.0,156.0,139.0
1541.0,357.0,370.0,348.0,143.0,166.0,157.0
1555.0,398.0,343.0,365.0,154.0,151.0,144.0
1554.0,366.0,354.0,375.0,138.0,180.0,141.0
1539.0,324.0,365.0,369.0,160.0,181.0,140.0
1583.0,323.0,369.0,393.0,185.0,177.0,136.0
1492.0,324.0,346.0,342.0,171.0,159.0,150.0
1453.0,357.0,305.0,322.0,160.0,156.0,153.0
1404.0,319.0,325.0,309.0,175.0,137.0,139.0
1421.0,328.0,323.0,327.0,154.0,151.0,138.0
1378.0,343.0,310.0,298.0,155.0,134.0,138.0
1419.0,319.0,344.0,345.0,146.0,134.0,131.0
1308.0,317.0,327.0,284.0,156.0,114.0,110.0
1327.0,319.0,339.0,295.0,130.0,125.0,119.0
1296.0,324.0,300.0,295.0,138.0,116.0,123.0
1342.0,309.0,357.0,267.0,139.0,136.0,134.0
1182.0,282.0,275.0,267.0,116.0,115.0,127.0
1307.0,265.0,352.0,313.0,116.0,128.0,133.0
1201.0,289.0,284.0,289.0,117.0,99.0,123.0
1194.0,300.0,279.0,246.0,133.0,122.0,114.0
1276.0,280.0,316.0,293.0,117.0,131.0,139.0
1193.0,272.0,281.0,297.0,114.0,114.0,115.0
1321.0,277.0,330.0,332.0,117.0,127.0,138.0
1300.0,306.0,287.0,317.0,121.0,122.0,147.0
1376.0,354.0,269.0,357.0,125.0,131.0,140.0
1522.0,372.0,333.0,364.0,152.0,147.0,154.0
1599.0,432.0,348.0,408.0,134.0,137.0,140.0
1372.0,331.0,289.0,330.0,131.0,133.0,158.0
1654.0,413.0,372.0,363.0,164.0,162.0,180.0
1598.0,388.0,351.0,380.0,143.0,166.0,170.0
1626.0,380.0,372.0,378.0,169.0,158.0,169.0
1437.0,330.0,348.0,307.0,152.0,149.0,151.0
1451.0,315.0,305.0,398.0,135.0,153.0,145.0
1497.0,322.0,389.0,304.0,164.0,157.0,161.0
1495.0,387.0,353.0,323.0,140.0,154.0,138.0
1540.0,343.0,355.0,376.0,161.0,143.0,162.0
1519.0,302.0,407.0,334.0,170.0,147.0,159.0
1463.0,342.0,372.0,311.0,154.0,160.0,124.0
1320.0,345.0,312.0,249.0,143.0,135.0,136.0
1324.0,328.0,307.0,302.0,143.0,132.0,112.0
1446.0,370.0,321.0,343.0,135.0,147.0,130.0
1225.0,322.0,292.0,256.0,113.0,133.0,109.0
1293.0,306.0,290.0,322.0,118.0,136.0,121.0
1290.0,285.0,292.0,342.0,132.0,124.0,115.0
1162.0,251.0,245.0,321.0,120.0,106.0,119.0
1263.0,268.0,278.0,343.0,122.0,130.0,122.0
1316.0,261.0,320.0,335.0,121.0,142.0,137.0
1455.0,342.0,325.0,368.0,138.0,143.0,139.0
1465.0,365.0,348.0,340.0,131.0,144.0,137.0
1449.0,314.0,339.0,369.0,138.0,158.0,131.0
1432.0,318.0,372.0,345.0,128.0,129.0,140.0
1465.0,334.0,357.0,332.0,155.0,142.0,145.0
1562.0,370.0,372.0,378.0,146.0,149.0,147.0
1485.0,333.0,374.0,329.0,144.0,153.0,152.0
1608.0,375.0,413.0,373.0,157.0,143.0,147.0
1565.0,403.0,383.0,341.0,141.0,130.0,167.0
1598.0,359.0,401.0,352.0,153.0,166.0,167.0
1766.0,430.0,420.0,387.0,166.0,171.0,192.0
1524.0,346.0,340.0,376.0,161.0,142.0,159.0
1584.0,393.0,367.0,354.0,159.0,154.0,157.0
1490.0,351.0,329.0,345.0,151.0,162.0,152.0
1471.0,345.0,329.0,336.0,157.0,152.0,152.0
1615.0,415.0,360.0,358.0,175.0,149.0,158.0
1457.0,343.0,328.0,353.0,138.0,150.0,145.0
1318.0,308.0,289.0,313.0,135.0,115.0,158.0
1340.0,334.0,294.0,292.0,128.0,135.0,157.0
1569.0,383.0,331.0,362.0,173.0,150.0,170.0
1391.0,355.0,288.0,337.0,136.0,140.0,135.0
1386.0,310.0,346.0,305.0,139.0,136.0,150.0
1430.0,320.0,348.0,326.0,149.0,140.0,147.0
1492.0,341.0,365.0,357.0,141.0,142.0,146.0
1392.0,285.0,319.0,337.0,153.0,157.0,141.0
1466.0,307.0,343.0,375.0,137.0,140.0,164.0
1370.0,281.0,333.0,330.0,138.0,156.0,132.0
1443.0,362.0,332.0,322.0,142.0,150.0,135.0
1573.0,362.0,354.0,378.0,162.0,150.0,167.0
1587.0,373.0,382.0,369.0,155.0,157.0,151.0
1484.0,353.0,346.0,318.0,123.0,175.0,169.0
1773.0,426.0,373.0,447.0,169.0,182.0,176.0
1670.0,425.0,344.0,408.0,161.0,168.0,164.0
1692.0,436.0,356.0,385.0,172.0,176.0,167.0
1542.0,377.0,346.0,347.0,164.0,156.0,152.0
1457.0,360.0,355.0,322.0,130.0,139.0,151.0
1629.0,354.0,403.0,377.0,155.0,164.0,176.0
1552.0,350.0,347.0,352.0,163.0,182.0,158.0
1681.0,429.0,405.0,364.0,179.0,154.0,150.0
1612.0,377.0,397.0,386.0,149.0,145.0,158.0
1486.0,340.0,364.0,353.0,158.0,132.0,139.0
1445.0,322.0,354.0,351.0,140.0,137.0,141.0
1532.0,327.0,400.0,367.0,149.0,141.0,148.0
1476.0,358.0,356.0,340.0,151.0,135.0,136.0
1567.0,376.0,385.0,370.0,159.0,139.0,138.0
1563.0,361.0,363.0,367.0,157.0,152.0,163.0
1430.0,307.0,322.0,380.0,151.0,126.0,144.0
1414.0,366.0,297.0,315.0,143.0,148.0,145.0
1503.0,349.0,332.0,363.0,169.0,141.0,149.0
1359.0,301.0,284.0,340.0,157.0,134.0,143.0
1443.0,325.0,311.0,329.0,170.0,147.0,161.0
1420.0,302.0,324.0,351.0,152.0,143.0,148.0
1539.0,298.0,346.0,415.0,162.0,159.0,159.0
1536.0,343.0,378.0,373.0,138.0,138.0,166.0
1570.0,350.0,353.0,388.0,157.0,150.0,172.0
1648.0,373.0,394.0,373.0,149.0,193.0,166.0
1608.0,386.0,389.0,332.0,149.0,172.0,180.0
1790.0,447.0,383.0,398.0,190.0,191.0,181.0
1554.0,378.0,347.0,333.0,156.0,167.0,173.0
1645.0,382.0,380.0,375.0,157.0,176.0,175.0
1747.0,415.0,412.0,396.0,156.0,196.0,172.0
1824.0,433.0,466.0,390.0,162.0,191.0,182.0
1802.0,390.0,431.0,398.0,181.0,199.0,203.0
1742.0,405.0,431.0,375.0,171.0,183.0,177.0
1762.0,386.0,427.0,394.0,161.0,192.0,202.0
1528.0,336.0,406.0,324.0,148.0,163.0,151.0
1646.0,351.0,371.0,408.0,171.0,172.0,173.0
1534.0,375.0,333.0,388.0,156.0,138.0,144.0
1540.0,404.0,348.0,321.0,153.0,165.0,149.0
1531.0,382.0,332.0,378.0,153.0,138.0,148.0
1500.0,400.0,294.0,352.0,167.0,142.0,145.0
1530.0,305.0,346.0,414.0,169.0,153.0,143.0
1455.0,352.0,303.0,355.0,148.0,153.0,144.0
1457.0,345.0,327.0,369.0,161.0,128.0,127.0
1463.0,344.0,328.0,374.0,152.0,122.0,143.0
1565.0,332.0,382.0,373.0,169.0,153.0,156.0
1361.0,301.0,355.0,321.0,139.0,128.0,117.0
1523.0,338.0,380.0,365.0,164.0,135.0,141.0
1497.0,325.0,388.0,351.0,178.0,123.0,132.0
1637.0,368.0,390.0,386.0,169.0,156.0,168.0
1441.0,348.0,322.0,339.0,157.0,147.0,128.0
1695.0,400.0,417.0,365.0,163.0,186.0,164.0
1698.0,423.0,408.0,366.0,168.0,178.0,155.0
1647.0,409.0,407.0,346.0,162.0,161.0,162.0
1552.0,371.0,383.0,330.0,157.0,149.0,162.0
1866.0,441.0,425.0,419.0,187.0,199.0,195.0
1835.0,411.0,415.0,440.0,191.0,185.0,193.0
1870.0,453.0,441.0,413.0,183.0,187.0,193.0
1822.0,420.0,390.0,422.0,177.0,211.0,202.0
1500.0,334.0,338.0,349.0,156.0,165.0,158.0
1626.0,357.0,394.0,380.0,151.0,170.0,174.0
1713.0,381.0,415.0,411.0,158.0,189.0,159.0
1783.0,412.0,410.0,430.0,161.0,177.0,193.0
1611.0,361.0,365.0,426.0,138.0,171.0,150.0
1682.0,406.0,386.0,388.0,163.0,173.0,166.0
1604.0,373.0,382.0,370.0,137.0,164.0,178.0
1631.0,405.0,343.0,381.0,168.0,167.0,167.0
1744.0,390.0,413.0,414.0,163.0,179.0,185.0
1513.0,362.0,372.0,326.0,150.0,155.0,148.0
1505.0,332.0,358.0,347.0,152.0,156.0,160.0
1560.0,363.0,373.0,345.0,159.0,168.0,152.0
1585.0,345.0,371.0,362.0,167.0,170.0,170.0
1524.0,351.0,338.0,360.0,169.0,142.0,164.0
1449.0,323.0,372.0,330.0,151.0,134.0,139.0
1605.0,375.0,374.0,353.0,176.0,162.0,165.0
1574.0,348.0,339.0,377.0,187.0,153.0,170.0
1798.0,432.0,431.0,393.0,197.0,161.0,184.0
1542.0,356.0,361.0,346.0,169.0,146.0,164.0
1754.0,404.0,376.0,429.0,184.0,181.0,180.0
1715.0,416.0,392.0,410.0,170.0,172.0,155.0
1874.0,482.0,443.0,421.0,182.0,177.0,169.0
1630.0,410.0,397.0,368.0,157.0,155.0,143.0
1634.0,386.0,332.0,422.0,169.0,160.0,165.0
1939.0,414.0,464.0,491.0,209.0,186.0,175.0
1794.0,398.0,434.0,435.0,184.0,175.0,168.0
1843.0,417.0,457.0,442.0,180.0,169.0,178.0
1973.0,456.0,475.0,493.0,184.0,177.0,188.0
1632.0,376.0,403.0,382.0,150.0,159.0,162.0
1755.0,370.0,421.0,463.0,136.0,178.0,187.0
1727.0,442.0,371.0,406.0,154.0,184.0,170.0
1693.0,393.0,405.0,400.0,167.0,171.0,157.0
1604.0,373.0,360.0,389.0,165.0,164.0,153.0
1631.0,425.0,359.0,385.0,139.0,176.0,147.0
1517.0,377.0,363.0,300.0,156.0,164.0,157.0
1606.0,379.0,369.0,373.0,157.0,169.0,159.0
1566.0,384.0,357.0,356.0,160.0,160.0,149.0
1577.0,390.0,338.0,339.0,152.0,182.0,176.0
1393.0,350.0,310.0,314.0,131.0,145.0,143.0
1455.0,324.0,339.0,312.0,146.0,167.0,167.0
1624.0,401.0,366.0,352.0,167.0,167.0,171.0
1713.0,401.0,444.0,357.0,173.0,160.0,178.0
1767.0,386.0,416.0,410.0,190.0,178.0,187.0
1644.0,365.0,401.0,362.0,182.0,161.0,173.0
1891.0,417.0,450.0,442.0,188.0,190.0,204.0
2011.0,476.0,489.0,442.0,209.0,193.0,202.0
1869.0,431.0,467.0,401.0,191.0,186.0,193.0
2141.0,479.0,484.0,534.0,225.0,206.0,213.0
1960.0,478.0,471.0,443.0,190.0,182.0,196.0
1838.0,430.0,484.0,397.0,173.0,175.0,179.0
1787.0,422.0,374.0,420.0,201.0,171.0,199.0
1907.0,448.0,426.0,461.0,193.0,186.0,193.0
1899.0,451.0,421.0,480.0,176.0,185.0,186.0
1791.0,396.0,421.0,427.0,167.0,188.0,192.0
1769.0,386.0,400.0,467.0,169.0,178.0,169.0
1782.0,426.0,382.0,463.0,172.0,181.0,158.0
2003.0,451.0,489.0,529.0,180.0,176.0,178.0
1615.0,387.0,356.0,411.0,160.0,162.0,139.0
1670.0,430.0,389.0,400.0,147.0,153.0,151.0
1789.0,420.0,423.0,421.0,167.0,169.0,189.0
1721.0,381.0,417.0,423.0,163.0,170.0,167.0
1667.0,393.0,427.0,371.0,159.0,167.0,150.0
1679.0,400.0,420.0,375.0,156.0,175.0,153.0
1446.0,310.0,385.0,330.0,147.0,154.0,120.0
1579.0,364.0,405.0,319.0,156.0,173.0,162.0
1697.0,369.0,448.0,374.0,157.0,166.0,183.0
1570.0,352.0,365.0,371.0,175.0,160.0,147.0
1572.0,338.0,402.0,354.0,165.0,156.0,157.0
1712.0,391.0,399.0,402.0,171.0,178.0,171.0
1864.0,437.0,420.0,457.0,177.0,195.0,178.0
1851.0,425.0,411.0,447.0,185.0,206.0,177.0
1885.0,454.0,412.0,451.0,193.0,194.0,181.0
1961.0,469.0,387.0,488.0,218.0,199.0,200.0
1855.0,457.0,392.0,423.0,200.0,198.0,185.0
2023.0,479.0,441.0,492.0,222.0,214.0,175.0
1908.0,490.0,423.0,431.0,199.0,187.0,178.0
1958.0,419.0,454.0,491.0,197.0,199.0,198.0
1995.0,459.0,462.0,462.0,206.0,203.0,203.0
1862.0,417.0,451.0,454.0,177.0,173.0,190.0
1965.0,425.0,459.0,465.0,205.0,199.0,212.0
1976.0,445.0,481.0,484.0,177.0,192.0,197.0
1758.0,382.0,447.0,395.0,164.0,170.0,200.0
1796.0,456.0,426.0,396.0,163.0,171.0,184.0
1691.0,383.0,394.0,408.0,147.0,160.0,199.0
1848.0,453.0,454.0,414.0,160.0,188.0,179.0
1579.0,374.0,371.0,335.0,167.0,152.0,180.0
1650.0,440.0,363.0,387.0,145.0,135.0,180.0
1587.0,369.0,381.0,370.0,149.0,160.0,158.0
1776.0,442.0,397.0,398.0,190.0,168.0,181.0
1635.0,381.0,345.0,389.0,158.0,156.0,206.0
1676.0,414.0,386.0,362.0,168.0,168.0,178.0
1525.0,351.0,327.0,360.0,161.0,156.0,170.0
1664.0,314.0,370.0,446.0,172.0,185.0,177.0
1689.0,378.0,362.0,417.0,171.0,171.0,190.0
1781.0,426.0,386.0,416.0,195.0,173.0,185.0
1850.0,414.0,426.0,456.0,185.0,181.0,188.0
2055.0,494.0,472.0,495.0,200.0,199.0,195.0
2083.0,496.0,498.0,499.0,195.0,206.0,189.0
2043.0,476.0,516.0,470.0,206.0,197.0,178.0
2038.0,460.0,499.0,493.0,195.0,200.0,191.0
2074.0,509.0,493.0,462.0,214.0,207.0,189.0
1918.0,466.0,428.0,461.0,200.0,172.0,191.0
2011.0,449.0,462.0,471.0,211.0,230.0,188.0
2023.0,493.0,467.0,480.0,185.0,207.0,191.0
1988.0,437.0,484.0,442.0,213.0,203.0,209.0
2027.0,432.0,482.0,493.0,226.0,211.0,183.0
1850.0,416.0,418.0,433.0,196.0,201.0,186.0
1786.0,441.0,403.0,404.0,189.0,185.0,164.0
1879.0,433.0,414.0,449.0,189.0,212.0,182.0
1805.0,477.0,372.0,398.0,182.0,190.0,186.0
1881.0,445.0,409.0,442.0,172.0,207.0,206.0
1708.0,445.0,388.0,368.0,170.0,174.0,163.0
1878.0,463.0,429.0,405.0,193.0,207.0,181.0
1708.0,417.0,403.0,382.0,166.0,172.0,168.0
1747.0,444.0,429.0,388.0,166.0,165.0,155.0
1798.0,378.0,470.0,421.0,157.0,174.0,198.0
1820.0,431.0,440.0,433.0,166.0,166.0,184.0
1672.0,379.0,415.0,388.0,140.0,161.0,189.0
1751.0,367.0,419.0,466.0,156.0,168.0,175.0
1768.0,413.0,389.0,429.0,179.0,173.0,185.0
1717.0,418.0,429.0,385.0,157.0,153.0,175.0
1864.0,449.0,443.0,426.0,180.0,171.0,195.0
2013.0,507.0,457.0,449.0,211.0,193.0,196.0
1940.0,491.0,422.0,474.0,196.0,175.0,182.0
1993.0,506.0,423.0,457.0,220.0,186.0,201.0
2000.0,485.0,426.0,480.0,206.0,202.0,201.0
2165.0,519.0,482.0,524.0,213.0,216.0,211.0
2094.0,487.0,510.0,485.0,202.0,208.0,202.0
1930.0,449.0,446.0,437.0,201.0,200.0,197.0
2152.0,489.0,527.0,469.0,225.0,209.0,233.0
1932.0,447.0,433.0,470.0,203.0,187.0,192.0
2022.0,470.0,477.0,449.0,212.0,201.0,213.0
1920.0,434.0,484.0,393.0,203.0,211.0,195.0
2145.0,471.0,528.0,498.0,225.0,210.0,213.0
1846.0,421.0,420.0,414.0,200.0,196.0,195.0
1942.0,442.0,462.0,433.0,213.0,209.0,183.0
1845.0,459.0,458.0,380.0,181.0,188.0,179.0
1883.0,440.0,474.0,398.0,192.0,193.0,186.0
1777.0,448.0,409.0,407.0,158.0,186.0,169.0
1839.0,421.0,425.0,429.0,185.0,192.0,187.0
1794.0,392.0,398.0,461.0,180.0,184.0,179.0
1729.0,381.0,399.0,443.0,168.0,173.0,165.0
1699.0,420.0,379.0,385.0,161.0,181.0,173.0
1971.0,467.0,483.0,463.0,194.0,198.0,166.0
1770.0,404.0,427.0,436.0,173.0,167.0,163.0
1924.0,426.0,444.0,475.0,185.0,210.0,184.0
1996.0,448.0,471.0,505.0,202.0,193.0,177.0
2020.0,459.0,466.0,524.0,188.0,200.0,183.0
1942.0,467.0,456.0,456.0,192.0,183.0,188.0
1964.0,431.0,482.0,476.0,188.0,196.0,191.0
1952.0,459.0,478.0,432.0,195.0,197.0,191.0
2080.0,499.0,496.0,477.0,213.0,187.0,208.0
2086.0,522.0,479.0,488.0,212.0,184.0,201.0
2206.0,514.0,521.0,533.0,223.0,204.0,211.0
1970.0,466.0,467.0,440.0,199.0,193.0,205.0
2075.0,455.0,527.0,462.0,211.0,200.0,220.0
1961.0,446.0,473.0,442.0,206.0,185.0,209.0
1982.0,387.0,499.0,472.0,219.0,193.0,212.0
2081.0,478.0,514.0,466.0,213.0,198.0,212.0
1914.0,451.0,432.0,444.0,197.0,181.0,209.0
1998.0,484.0,454.0,460.0,200.0,181.0,219.0
1868.0,447.0,407.0,424.0,196.0,182.0,212.0
1876.0,471.0,422.0,406.0,186.0,189.0,202.0
1936.0,458.0,424.0,465.0,201.0,187.0,201.0
1829.0,409.0,426.0,441.0,183.0,180.0,190.0
1764.0,416.0,403.0,411.0,177.0,180.0,177.0
1871.0,437.0,402.0,451.0,195.0,191.0,195.0
1968.0,472.0,417.0,489.0,187.0,209.0,194.0
1931.0,424.0,486.0,451.0,176.0,196.0,198.0
2025.0,428.0,489.0,497.0,197.0,212.0,202.0
1986.0,434.0,459.0,495.0,199.0,198.0,201.0
1870.0,407.0,458.0,457.0,183.0,179.0,186.0
1944.0,436.0,468.0,462.0,201.0,184.0,193.0
2167.0,508.0,511.0,534.0,189.0,211.0,214.0
2072.0,458.0,492.0,490.0,204.0,218.0,210.0
2055.0,488.0,487.0,481.0,182.0,216.0,201.0
2051.0,526.0,467.0,470.0,187.0,218.0,183.0
2295.0,523.0,536.0,548.0,236.0,226.0,226.0
2314.0,550.0,539.0,552.0,216.0,225.0,232.0
2159.0,535.0,481.0,488.0,220.0,222.0,213.0
2196.0,514.0,502.0,533.0,214.0,224.0,209.0
1966.0,441.0,454.0,465.0,209.0,193.0,204.0
1759.0,401.0,411.0,414.0,185.0,160.0,188.0
2217.0,534.0,516.0,482.0,246.0,221.0,218.0
2017.0,459.0,477.0,492.0,196.0,205.0,188.0
1857.0,428.0,436.0,418.0,196.0,193.0,186.0
1927.0,455.0,437.0,491.0,191.0,181.0,172.0
1896.0,469.0,428.0,442.0,186.0,183.0,188.0
2019.0,460.0,470.0,502.0,226.0,169.0,192.0
2020.0,472.0,452.0,496.0,200.0,212.0,188.0
1941.0,463.0,478.0,436.0,196.0,179.0,189.0
1711.0,403.0,382.0,414.0,169.0,160.0,183.0
1897.0,435.0,455.0,470.0,177.0,182.0,178.0
2099.0,493.0,475.0,513.0,210.0,210.0,198.0
2045.0,441.0,475.0,518.0,198.0,200.0,213.0
1866.0,447.0,422.0,435.0,180.0,173.0,209.0
1993.0,478.0,463.0,444.0,202.0,203.0,203.0
1854.0,393.0,440.0,457.0,182.0,179.0,203.0
1920.0,446.0,410.0,439.0,189.0,215.0,221.0
2043.0,499.0,492.0,441.0,197.0,202.0,212.0
1957.0,468.0,431.0,443.0,196.0,223.0,196.0
2184.0,514.0,489.0,505.0,207.0,241.0,228.0
2021.0,488.0,471.0,444.0,194.0,217.0,207.0
2247.0,570.0,524.0,492.0,205.0,232.0,224.0
2125.0,513.0,491.0,484.0,206.0,224.0,207.0
2181.0,553.0,501.0,487.0,203.0,214.0,223.0
2312.0,533.0,537.0,543.0,222.0,237.0,240.0
2289.0,517.0,585.0,509.0,213.0,243.0,222.0
2261.0,531.0,511.0,535.0,227.0,228.0,229.0
2340.0,523.0,575.0,544.0,224.0,237.0,237.0
2126.0,486.0,485.0,488.0,243.0,220.0,204.0
2071.0,473.0,491.0,479.0,216.0,208.0,204.0
2146.0,528.0,504.0,501.0,216.0,180.0,217.0
2076.0,501.0,454.0,488.0,220.0,217.0,196.0
2092.0,498.0,474.0,500.0,220.0,206.0,194.0
1838.0,427.0,418.0,430.0,200.0,179.0,184.0
1998.0,497.0,428.0,473.0,208.0,198.0,194.0
2011.0,453.0,478.0,463.0,224.0,196.0,197.0
1887.0,422.0,429.0,470.0,194.0,192.0,180.0
1928.0,438.0,464.0,455.0,188.0,195.0,188.0
1821.0,435.0,383.0,441.0,196.0,195.0,171.0
2087.0,484.0,493.0,488.0,213.0,196.0,213.0
1964.0,455.0,470.0,470.0,196.0,186.0,187.0
2006.0,488.0,492.0,447.0,209.0,191.0,179.0
1907.0,422.0,497.0,446.0,188.0,169.0,185.0
1977.0,464.0,503.0,455.0,180.0,191.0,184.0
2154.0,504.0,539.0,494.0,206.0,203.0,208.0
2286.0,565.0,567.0,500.0,225.0,212.0,217.0
2200.0,536.0,524.0,494.0,214.0,223.0,209.0
2252.0,558.0,524.0,520.0,202.0,230.0,218.0
2270.0,541.0,534.0,502.0,221.0,237.0,235.0
2151.0,526.0,487.0,484.0,211.0,225.0,218.0
2246.0,532.0,543.0,500.0,215.0,235.0,221.0
2140.0,465.0,511.0,518.0,200.0,221.0,225.0
2266.0,511.0,516.0,554.0,228.0,237.0,220.0
2149.0,484.0,482.0,538.0,210.0,221.0,214.0
2130.0,454.0,475.0,531.0,226.0,229.0,215.0
2108.0,508.0,468.0,483.0,197.0,224.0,228.0
2155.0,488.0,476.0,542.0,221.0,213.0,215.0
2056.0,458.0,468.0,513.0,213.0,205.0,199.0
2052.0,475.0,478.0,481.0,202.0,199.0,217.0
2127.0,513.0,460.0,492.0,218.0,220.0,224.0
2146.0,534.0,495.0,490.0,205.0,211.0,211.0
2141.0,497.0,508.0,479.0,223.0,211.0,223.0
2052.0,477.0,489.0,467.0,210.0,199.0,210.0
2025.0,482.0,456.0,455.0,212.0,212.0,208.0
2016.0,456.0,483.0,455.0,218.0,207.0,197.0
1958.0,457.0,462.0,445.0,193.0,191.0,210.0
1869.0,412.0,464.0,407.0,203.0,188.0,195.0
2168.0,515.0,526.0,471.0,215.0,227.0,214.0
2095.0,486.0,507.0,472.0,197.0,220.0,213.0
2201.0,538.0,534.0,497.0,211.0,206.0,215.0
2109.0,498.0,502.0,479.0,204.0,202.0,224.0
2228.0,545.0,535.0,474.0,233.0,212.0,229.0
2234.0,562.0,510.0,496.0,232.0,222.0,212.0
2224.0,547.0,492.0,524.0,221.0,224.0,216.0
2230.0,529.0,495.0,546.0,225.0,207.0,228.0
2401.0,570.0,552.0,577.0,240.0,232.0,230.0
2213.0,507.0,517.0,547.0,221.0,203.0,218.0
2280.0,534.0,559.0,533.0,220.0,229.0,205.0
2161.0,461.0,521.0,529.0,226.0,215.0,209.0
2170.0,497.0,512.0,529.0,204.0,212.0,216.0
2222.0,506.0,501.0,555.0,216.0,226.0,218.0
2266.0,500.0,591.0,554.0,207.0,196.0,218.0
2271.0,501.0,538.0,604.0,210.0,222.0,196.0
2079.0,470.0,516.0,480.0,212.0,208.0,193.0
2079.0,489.0,486.0,542.0,190.0,187.0,185.0
2142.0,488.0,530.0,478.0,220.0,219.0,207.0
2025.0,497.0,457.0,464.0,204.0,206.0,197.0
1954.0,458.0,414.0,458.0,218.0,201.0,205.0
1956.0,458.0,421.0,468.0,220.0,207.0,182.0
2041.0,468.0,448.0,472.0,225.0,221.0,207.0
1903.0,423.0,430.0,435.0,213.0,204.0,198.0
2013.0,471.0,470.0,433.0,220.0,214.0,205.0
2156.0,495.0,489.0,481.0,239.0,220.0,232.0
2207.0,476.0,547.0,508.0,235.0,223.0,218.0
2025.0,466.0,492.0,429.0,215.0,206.0,217.0
2042.0,459.0,505.0,446.0,216.0,215.0,201.0
2316.0,541.0,507.0,524.0,248.0,242.0,254.0
2331.0,525.0,570.0,558.0,219.0,229.0,230.0
2217.0,508.0,502.0,529.0,220.0,225.0,233.0
2264.0,533.0,541.0,523.0,216.0,226.0,225.0
2626.0,657.0,609.0,616.0,241.0,253.0,250.0
2408.0,572.0,550.0,580.0,231.0,224.0,251.0
2371.0,561.0,541.0,574.0,223.0,239.0,233.0
2269.0,529.0,552.0,533.0,211.0,220.0,224.0
2230.0,527.0,512.0,528.0,220.0,220.0,223.0
2186.0,474.0,528.0,525.0,218.0,219.0,222.0
2314.0,520.0,521.0,571.0,238.0,239.0,225.0
2239.0,528.0,518.0,528.0,224.0,209.0,232.0
2150.0,517.0,482.0,530.0,208.0,202.0,211.0
1912.0,460.0,450.0,442.0,187.0,177.0,196.0
2009.0,496.0,465.0,470.0,185.0,191.0,202.0
2078.0,516.0,460.0,495.0,202.0,188.0,217.0
2070.0,490.0,486.0,453.0,203.0,214.0,224.0
2089.0,457.0,519.0,486.0,214.0,212.0,201.0
1948.0,449.0,464.0,453.0,189.0,195.0,198.0
2120.0,498.0,505.0,485.0,228.0,211.0,193.0
2238.0,530.0,522.0,499.0,240.0,227.0,220.0
2145.0,506.0,529.0,457.0,239.0,232.0,182.0
2126.0,480.0,506.0,502.0,229.0,211.0,198.0
2118.0,499.0,497.0,484.0,226.0,212.0,200.0
2311.0,535.0,522.0,554.0,243.0,233.0,224.0
2344.0,526.0,564.0,535.0,251.0,236.0,232.0
2169.0,490.0,511.0,514.0,216.0,221.0,217.0
2352.0,564.0,555.0,547.0,231.0,243.0,212.0
2350.0,532.0,530.0,596.0,230.0,236.0,226.0
2419.0,583.0,550.0,560.0,245.0,255.0,226.0
2476.0,602.0,533.0,599.0,257.0,254.0,231.0
2365.0,515.0,517.0,614.0,233.0,248.0,238.0
2491.0,573.0,525.0,637.0,260.0,260.0,236.0
2453.0,578.0,554.0,586.0,231.0,268.0,236.0
2275.0,524.0,507.0,555.0,213.0,244.0,232.0
2436.0,553.0,564.0,598.0,229.0,237.0,255.0
2315.0,533.0,541.0,549.0,218.0,231.0,243.0
2473.0,589.0,587.0,586.0,214.0,243.0,254.0
2215.0,518.0,531.0,504.0,211.0,223.0,228.0
2358.0,574.0,548.0,548.0,226.0,223.0,239.0
2253.0,524.0,576.0,476.0,221.0,204.0,252.0
2198.0,517.0,554.0,455.0,207.0,221.0,244.0
2259.0,547.0,542.0,501.0,219.0,202.0,248.0
2058.0,494.0,478.0,479.0,199.0,194.0,214.0
2109.0,490.0,508.0,470.0,207.0,206.0,228.0
2218.0,507.0,499.0,531.0,223.0,199.0,259.0
2272.0,479.0,551.0,558.0,222.0,221.0,241.0
2038.0,473.0,466.0,478.0,203.0,199.0,219.0
2173.0,471.0,496.0,518.0,241.0,218.0,229.0
2229.0,501.0,537.0,497.0,250.0,218.0,226.0
2145.0,516.0,503.0,491.0,223.0,213.0,199.0
2311.0,536.0,543.0,537.0,246.0,229.0,220.0
2382.0,554.0,541.0,570.0,233.0,233.0,251.0
2559.0,638.0,562.0,596.0,260.0,254.0,249.0
2453.0,591.0,584.0,569.0,263.0,229.0,217.0
2513.0,606.0,576.0,611.0,245.0,243.0,232.0
2522.0,592.0,602.0,600.0,249.0,237.0,242.0
2594.0,616.0,571.0,631.0,256.0,269.0,251.0
2571.0,577.0,594.0,642.0,249.0,266.0,243.0
2338.0,533.0,538.0,556.0,225.0,244.0,242.0
2531.0,574.0,598.0,596.0,260.0,269.0,234.0
2271.0,507.0,548.0,548.0,212.0,238.0,218.0
2272.0,544.0,507.0,520.0,225.0,249.0,227.0
2362.0,595.0,545.0,498.0,230.0,271.0,223.0
2233.0,497.0,502.0,553.0,221.0,241.0,219.0
2140.0,507.0,442.0,539.0,218.0,225.0,209.0
2305.0,586.0,534.0,512.0,214.0,258.0,201.0
2364.0,564.0,565.0,556.0,220.0,240.0,219.0
2175.0,563.0,483.0,447.0,228.0,229.0,225.0
2160.0,498.0,503.0,515.0,203.0,248.0,193.0
2199.0,529.0,505.0,512.0,232.0,208.0,213.0
2279.0,537.0,533.0,511.0,227.0,218.0,253.0
2183.0,497.0,559.0,484.0,196.0,223.0,224.0
2225.0,510.0,509.0,527.0,224.0,227.0,228.0
2144.0,451.0,531.0,532.0,218.0,192.0,220.0
2068.0,448.0,482.0,526.0,211.0,194.0,207.0
2318.0,547.0,524.0,548.0,235.0,232.0,232.0
2466.0,560.0,589.0,600.0,242.0,228.0,247.0
2367.0,555.0,537.0,558.0,241.0,233.0,243.0
2613.0,614.0,607.0,603.0,266.0,253.0,270.0
2643.0,635.0,597.0,628.0,278.0,242.0,263.0
2549.0,577.0,582.0,618.0,265.0,243.0,264.0
2414.0,557.0,537.0,570.0,248.0,245.0,257.0
2575.0,625.0,585.0,591.0,275.0,252.0,247.0
2632.0,621.0,582.0,613.0,261.0,270.0,285.0
2584.0,604.0,577.0,596.0,271.0,252.0,284.0
2544.0,583.0,588.0,565.0,277.0,258.0,273.0
2546.0,596.0,546.0,609.0,273.0,263.0,259.0
2444.0,576.0,545.0,574.0,249.0,251.0,249.0
2365.0,557.0,538.0,546.0,239.0,234.0,251.0
2448.0,588.0,527.0,595.0,235.0,252.0,251.0
2461.0,552.0,620.0,566.0,248.0,249.0,226.0
2441.0,543.0,602.0,587.0,221.0,255.0,233.0
2274.0,525.0,556.0,513.0,223.0,234.0,223.0
2278.0,562.0,565.0,499.0,207.0,226.0,219.0
2132.0,539.0,469.0,505.0,209.0,203.0,207.0
2310.0,531.0,565.0,505.0,230.0,245.0,234.0
2180.0,507.0,496.0,509.0,221.0,219.0,228.0
2401.0,560.0,564.0,561.0,237.0,249.0,230.0
2231.0,506.0,526.0,527.0,228.0,225.0,219.0
2154.0,470.0,475.0,561.0,213.0,228.0,207.0
2159.0,516.0,504.0,498.0,212.0,218.0,211.0
2391.0,556.0,560.0,587.0,227.0,245.0,216.0
2361.0,513.0,552.0,570.0,245.0,254.0,227.0
2483.0,583.0,562.0,585.0,255.0,252.0,246.0
2555.0,605.0,569.0,622.0,261.0,245.0,253.0
2365.0,590.0,516.0,556.0,245.0,233.0,225.0
2463.0,592.0,561.0,589.0,242.0,244.0,235.0
2479.0,582.0,598.0,564.0,254.0,245.0,236.0
2679.0,630.0,643.0,623.0,252.0,269.0,262.0
2653.0,615.0,662.0,579.0,270.0,255.0,272.0
2451.0,564.0,608.0,524.0,263.0,245.0,247.0
2473.0,561.0,592.0,550.0,272.0,239.0,259.0
2513.0,592.0,616.0,553.0,267.0,235.0,250.0
2371.0,521.0,592.0,541.0,248.0,241.0,228.0
2599.0,593.0,613.0,596.0,281.0,238.0,278.0
2355.0,515.0,578.0,560.0,230.0,236.0,236.0
2500.0,600.0,594.0,554.0,256.0,245.0,251.0
2433.0,597.0,539.0,556.0,248.0,241.0,252.0
2315.0,570.0,538.0,529.0,218.0,228.0,232.0
2421.0,589.0,551.0,576.0,225.0,229.0,251.0
2277.0,560.0,488.0,556.0,212.0,218.0,243.0
2233.0,530.0,495.0,555.0,206.0,222.0,225.0
2168.0,517.0,510.0,504.0,201.0,210.0,226.0
2225.0,502.0,510.0,562.0,199.0,228.0,224.0
2319.0,540.0,544.0,550.0,222.0,225.0,238.0
2264.0,503.0,522.0,567.0,203.0,245.0,224.0
2296.0,498.0,529.0,548.0,226.0,236.0,259.0
2461.0,565.0,573.0,579.0,235.0,246.0,263.0
2428.0,591.0,526.0,553.0,247.0,256.0,255.0
2357.0,541.0,579.0,538.0,236.0,241.0,222.0
2530.0,598.0,635.0,552.0,227.0,271.0,247.0
2605.0,597.0,618.0,615.0,268.0,258.0,249.0
2686.0,636.0,629.0,614.0,262.0,274.0,271.0
2536.0,607.0,585.0,582.0,254.0,260.0,248.0
2475.0,570.0,592.0,519.0,266.0,264.0,264.0
2661.0,613.0,662.0,586.0,273.0,269.0,258.0
2404.0,529.0,579.0,566.0,250.0,236.0,244.0
2569.0,586.0,598.0,585.0,280.0,259.0,261.0
2570.0,573.0,592.0,589.0,275.0,282.0,259.0
2520.0,568.0,592.0,600.0,272.0,251.0,237.0
2375.0,522.0,590.0,545.0,247.0,229.0,242.0
2438.0,602.0,538.0,559.0,252.0,252.0,235.0
2446.0,602.0,556.0,567.0,253.0,236.0,232.0
2310.0,524.0,535.0,565.0,219.0,228.0,239.0
2405.0,570.0,566.0,562.0,240.0,230.0,237.0
2339.0,536.0,550.0,574.0,217.0,216.0,246.0
2578.0,587.0,648.0,577.0,273.0,242.0,251.0
2471.0,547.0,609.0,604.0,235.0,231.0,245.0
2401.0,567.0,542.0,589.0,230.0,234.0,239.0
2239.0,508.0,520.0,512.0,230.0,224.0,245.0
2332.0,542.0,562.0,562.0,220.0,221.0,225.0
2313.0,540.0,560.0,541.0,226.0,214.0,232.0
2442.0,585.0,583.0,557.0,246.0,242.0,229.0
2413.0,524.0,554.0,599.0,240.0,244.0,252.0
2545.0,630.0,574.0,592.0,245.0,252.0,252.0
2530.0,638.0,557.0,571.0,254.0,247.0,263.0
2514.0,627.0,553.0,557.0,246.0,262.0,269.0
2639.0,679.0,581.0,596.0,256.0,266.0,261.0
2670.0,647.0,623.0,589.0,280.0,258.0,273.0
2675.0,664.0,587.0,619.0,258.0,274.0,273.0
2658.0,603.0,627.0,616.0,269.0,270.0,273.0
2676.0,643.0,614.0,608.0,270.0,272.0,269.0
2689.0,619.0,615.0,607.0,273.0,282.0,293.0
2678.0,597.0,654.0,592.0,282.0,285.0,268.0
2742.0,650.0,636.0,630.0,276.0,280.0,270.0
2678.0,593.0,642.0,639.0,269.0,265.0,270.0
2541.0,586.0,613.0,544.0,276.0,269.0,253.0
2563.0,587.0,607.0,604.0,264.0,250.0,251.0
2579.0,580.0,598.0,612.0,253.0,274.0,262.0
2624.0,639.0,630.0,572.0,265.0,269.0,249.0
2433.0,595.0,542.0,584.0,240.0,243.0,229.0
2554.0,610.0,605.0,574.0,249.0,248.0,268.0
2350.0,508.0,554.0,576.0,242.0,238.0,232.0
2411.0,579.0,550.0,603.0,230.0,229.0,220.0
2314.0,540.0,541.0,536.0,233.0,230.0,234.0
2338.0,530.0,554.0,556.0,254.0,222.0,222.0
2356.0,553.0,567.0,554.0,228.0,235.0,219.0
2371.0,550.0,561.0,542.0,254.0,230.0,234.0
2515.0,566.0,602.0,563.0,269.0,268.0,247.0
2543.0,636.0,596.0,578.0,247.0,233.0,253.0
2316.0,525.0,589.0,508.0,235.0,230.0,229.0
2634.0,591.0,664.0,602.0,248.0,265.0,264.0
2522.0,586.0,641.0,542.0,255.0,241.0,257.0
2660.0,661.0,625.0,610.0,258.0,251.0,255.0
2817.0,665.0,702.0,626.0,275.0,273.0,276.0
2631.0,626.0,635.0,571.0,264.0,276.0,259.0
2694.0,625.0,658.0,594.0,270.0,275.0,272.0
2798.0,633.0,676.0,659.0,279.0,272.0,279.0
2492.0,557.0,590.0,584.0,253.0,254.0,254.0
2702.0,591.0,638.0,659.0,282.0,258.0,274.0
2759.0,626.0,639.0,657.0,270.0,278.0,289.0
2634.0,623.0,597.0,621.0,252.0,267.0,274.0
2738.0,593.0,610.0,675.0,294.0,274.0,292.0
2519.0,602.0,554.0,597.0,252.0,266.0,248.0
2683.0,622.0,629.0,603.0,263.0,285.0,281.0
2418.0,562.0,533.0,601.0,239.0,239.0,244.0
2722.0,627.0,614.0,664.0,274.0,275.0,268.0
2366.0,545.0,544.0,552.0,240.0,247.0,238.0
2505.0,565.0,603.0,573.0,264.0,251.0,249.0
2352.0,544.0,535.0,553.0,244.0,244.0,232.0
2448.0,546.0,604.0,558.0,244.0,257.0,239.0
2550.0,587.0,637.0,581.0,247.0,253.0,245.0
2522.0,563.0,613.0,588.0,248.0,254.0,256.0
2497.0,583.0,609.0,556.0,247.0,246.0,256.0
2547.0,576.0,632.0,567.0,248.0,263.0,261.0
2535.0,588.0,600.0,592.0,246.0,245.0,264.0
2627.0,610.0,622.0,613.0,258.0,252.0,272.0
2669.0,633.0,650.0,601.0,263.0,265.0,257.0
2572.0,621.0,614.0,576.0,251.0,259.0,251.0
2501.0,640.0,545.0,594.0,250.0,238.0,234.0
2783.0,694.0,622.0,648.0,265.0,285.0,269.0
2776.0,681.0,640.0,628.0,272.0,281.0,274.0
2902.0,710.0,637.0,683.0,289.0,288.0,295.0
2430.0,583.0,542.0,563.0,248.0,246.0,248.0
2897.0,675.0,638.0,708.0,294.0,296.0,286.0
2720.0,615.0,654.0,646.0,269.0,257.0,279.0
2600.0,603.0,620.0,598.0,268.0,245.0,266.0
2755.0,621.0,607.0,699.0,287.0,265.0,276.0
2716.0,641.0,662.0,640.0,255.0,244.0,274.0
2608.0,614.0,624.0,606.0,259.0,250.0,255.0
2721.0,649.0,631.0,623.0,265.0,278.0,275.0
2556.0,586.0,589.0,593.0,280.0,258.0,250.0
2641.0,623.0,641.0,594.0,266.0,269.0,248.0
2595.0,604.0,601.0,620.0,254.0,255.0,261.0
2393.0,570.0,568.0,547.0,234.0,242.0,232.0
2476.0,572.0,557.0,579.0,265.0,260.0,243.0
2386.0,563.0,517.0,561.0,248.0,255.0,242.0
2341.0,528.0,558.0,518.0,244.0,253.0,240.0
2425.0,557.0,536.0,551.0,263.0,250.0,268.0
2526.0,578.0,574.0,559.0,271.0,282.0,262.0
2531.0,590.0,581.0,571.0,250.0,266.0,273.0
2617.0,626.0,612.0,590.0,258.0,259.0,272.0
2700.0,614.0,606.0,639.0,276.0,273.0,292.0
2739.0,645.0,636.0,641.0,269.0,273.0,275.0
2655.0,615.0,637.0,612.0,256.0,264.0,271.0
2860.0,689.0,671.0,647.0,265.0,283.0,305.0
2790.0,661.0,640.0,645.0,255.0,310.0,279.0
2945.0,687.0,716.0,688.0,274.0,294.0,286.0
2923.0,659.0,678.0,717.0,287.0,297.0,285.0
2837.0,652.0,669.0,667.0,277.0,288.0,284.0
2897.0,641.0,707.0,713.0,272.0,283.0,281.0
2890.0,642.0,676.0,720.0,273.0,299.0,280.0
2739.0,629.0,628.0,636.0,281.0,276.0,289.0
2820.0,626.0,690.0,674.0,276.0,277.0,277.0
2809.0,620.0,657.0,679.0,278.0,286.0,289.0
2711.0,649.0,647.0,620.0,274.0,265.0,256.0
2712.0,657.0,614.0,632.0,274.0,259.0,276.0
2599.0,643.0,617.0,583.0,260.0,255.0,241.0
2568.0,662.0,557.0,586.0,275.0,249.0,239.0
2533.0,613.0,572.0,577.0,274.0,238.0,259.0
2406.0,604.0,546.0,535.0,258.0,224.0,239.0
2483.0,587.0,591.0,569.0,261.0,246.0,229.0
2625.0,626.0,590.0,622.0,285.0,256.0,246.0
2557.0,591.0,621.0,584.0,266.0,249.0,246.0
2655.0,611.0,630.0,614.0,271.0,267.0,262.0
2574.0,584.0,596.0,598.0,272.0,262.0,262.0
2629.0,599.0,651.0,582.0,273.0,268.0,256.0
2651.0,619.0,607.0,629.0,270.0,287.0,239.0
2702.0,638.0,659.0,610.0,256.0,279.0,260.0
2733.0,675.0,625.0,627.0,264.0,284.0,258.0
2870.0,665.0,684.0,682.0,265.0,305.0,269.0
2808.0,639.0,671.0,701.0,266.0,263.0,268.0
2900.0,680.0,734.0,622.0,279.0,302.0,283.0
2856.0,687.0,602.0,705.0,271.0,299.0,292.0
2848.0,686.0,640.0,673.0,273.0,287.0,289.0
2882.0,659.0,684.0,686.0,263.0,304.0,286.0
2964.0,702.0,648.0,730.0,287.0,297.0,300.0
2918.0,693.0,666.0,674.0,285.0,310.0,290.0
2778.0,636.0,636.0,657.0,279.0,281.0,289.0
2741.0,619.0,622.0,660.0,286.0,278.0,276.0
2831.0,636.0,692.0,641.0,273.0,276.0,313.0
2699.0,628.0,639.0,600.0,267.0,271.0,294.0
2770.0,651.0,646.0,634.0,275.0,275.0,289.0
2777.0,633.0,695.0,609.0,285.0,270.0,285.0
2714.0,637.0,635.0,610.0,273.0,263.0,296.0
2621.0,621.0,628.0,592.0,250.0,254.0,276.0
2538.0,605.0,610.0,552.0,248.0,246.0,277.0
2618.0,597.0,654.0,585.0,265.0,248.0,269.0
2546.0,606.0,598.0,569.0,262.0,243.0,268.0
2633.0,596.0,598.0,623.0,286.0,253.0,277.0
2515.0,565.0,607.0,579.0,263.0,248.0,253.0
2547.0,600.0,578.0,599.0,263.0,251.0,256.0
2647.0,601.0,593.0,635.0,295.0,256.0,267.0
2938.0,668.0,660.0,718.0,299.0,288.0,305.0
2730.0,653.0,609.0,658.0,276.0,272.0,262.0
2798.0,669.0,601.0,701.0,283.0,260.0,284.0
2824.0,680.0,638.0,669.0,274.0,280.0,283.0
2946.0,702.0,647.0,724.0,300.0,288.0,285.0
3029.0,725.0,686.0,729.0,294.0,294.0,301.0
2907.0,695.0,653.0,702.0,289.0,274.0,294.0
3032.0,699.0,705.0,744.0,289.0,299.0,296.0
2807.0,634.0,696.0,660.0,287.0,272.0,258.0
2897.0,646.0,688.0,711.0,266.0,300.0,286.0
2954.0,654.0,717.0,700.0,285.0,308.0,290.0
2883.0,627.0,734.0,663.0,294.0,286.0,279.0
2777.0,621.0,696.0,643.0,281.0,270.0,266.0
2990.0,720.0,728.0,670.0,293.0,295.0,284.0
2766.0,649.0,666.0,600.0,270.0,299.0,282.0
2747.0,659.0,655.0,636.0,269.0,270.0,258.0
2707.0,655.0,619.0,606.0,266.0,295.0,266.0
2582.0,609.0,633.0,576.0,241.0,282.0,241.0
2714.0,679.0,614.0,600.0,270.0,289.0,262.0
2704.0,668.0,584.0,593.0,273.0,288.0,298.0
2516.0,560.0,625.0,570.0,257.0,260.0,244.0
2700.0,643.0,597.0,648.0,276.0,251.0,285.0
2563.0,575.0,609.0,596.0,266.0,252.0,265.0
2786.0,610.0,647.0,644.0,287.0,310.0,288.0
2756.0,625.0,655.0,632.0,287.0,270.0,287.0
2843.0,640.0,656.0,686.0,296.0,278.0,287.0
2883.0,676.0,663.0,692.0,298.0,269.0,285.0
2816.0,651.0,655.0,696.0,269.0,259.0,286.0
2941.0,637.0,747.0,678.0,309.0,267.0,303.0
3002.0,687.0,710.0,718.0,291.0,303.0,293.0
3100.0,738.0,728.0,699.0,309.0,306.0,320.0
3046.0,709.0,720.0,721.0,298.0,290.0,308.0
2998.0,688.0,707.0,704.0,296.0,291.0,312.0
3054.0,714.0,730.0,732.0,290.0,282.0,306.0
3001.0,707.0,696.0,690.0,299.0,289.0,320.0
2808.0,644.0,651.0,651.0,283.0,283.0,296.0
2816.0,669.0,654.0,646.0,279.0,278.0,290.0
2725.0,626.0,627.0,613.0,295.0,270.0,294.0
2868.0,648.0,690.0,659.0,280.0,293.0,298.0
2682.0,617.0,643.0,607.0,276.0,268.0,271.0
2875.0,683.0,677.0,646.0,293.0,288.0,288.0
2831.0,675.0,695.0,614.0,282.0,296.0,269.0
2788.0,665.0,641.0,659.0,266.0,264.0,293.0
2818.0,651.0,684.0,651.0,285.0,287.0,260.0
2784.0,655.0,661.0,657.0,282.0,269.0,260.0
2835.0,646.0,662.0,654.0,274.0,315.0,284.0
2733.0,621.0,646.0,644.0,272.0,287.0,263.0
2483.0,573.0,596.0,553.0,255.0,261.0,245.0
2882.0,629.0,695.0,676.0,309.0,306.0,267.0
2711.0,618.0,659.0,603.0,275.0,282.0,274.0
2828.0,678.0,677.0,637.0,281.0,278.0,277.0
2716.0,612.0,629.0,646.0,270.0,285.0,274.0
2826.0,623.0,673.0,671.0,292.0,291.0,276.0
2900.0,663.0,662.0,693.0,309.0,304.0,269.0
3025.0,685.0,699.0,732.0,316.0,303.0,290.0
2934.0,692.0,659.0,689.0,305.0,308.0,281.0
3304.0,772.0,761.0,812.0,317.0,325.0,317.0
2936.0,713.0,695.0,670.0,302.0,272.0,284.0
2947.0,690.0,671.0,714.0,284.0,297.0,291.0
3142.0,741.0,738.0,716.0,330.0,298.0,319.0
3001.0,724.0,706.0,685.0,304.0,290.0,292.0
3065.0,735.0,711.0,715.0,303.0,297.0,304.0
3124.0,692.0,755.0,732.0,316.0,317.0,312.0
2888.0,655.0,717.0,660.0,279.0,279.0,298.0
2860.0,660.0,701.0,652.0,273.0,287.0,287.0
2925.0,626.0,717.0,699.0,283.0,294.0,306.0
3016.0,697.0,726.0,699.0,286.0,295.0,313.0
2764.0,658.0,640.0,615.0,278.0,286.0,287.0
2781.0,660.0,648.0,643.0,275.0,268.0,287.0
2693.0,626.0,641.0,638.0,258.0,248.0,282.0
2850.0,671.0,671.0,652.0,284.0,281.0,291.0
2698.0,614.0,640.0,643.0,271.0,263.0,267.0
2796.0,675.0,643.0,645.0,269.0,281.0,283.0
2853.0,652.0,631.0,701.0,287.0,274.0,308.0
2691.0,602.0,585.0,690.0,263.0,271.0,280.0
2806.0,631.0,645.0,693.0,287.0,266.0,284.0
2711.0,639.0,620.0,643.0,278.0,263.0,268.0
2829.0,603.0,642.0,674.0,308.0,303.0,299.0
2856.0,649.0,655.0,675.0,302.0,287.0,288.0
3019.0,717.0,703.0,712.0,299.0,309.0,279.0
2967.0,681.0,698.0,692.0,300.0,308.0,288.0
2906.0,664.0,675.0,686.0,293.0,292.0,296.0
3167.0,750.0,737.0,715.0,320.0,322.0,323.0
2942.0,700.0,707.0,651.0,308.0,295.0,281.0
3174.0,743.0,770.0,684.0,341.0,328.0,308.0
3022.0,686.0,748.0,696.0,305.0,298.0,289.0
2915.0,658.0,702.0,681.0,298.0,288.0,288.0
3023.0,694.0,722.0,706.0,297.0,301.0,303.0
3157.0,690.0,774.0,755.0,320.0,327.0,291.0
3008.0,650.0,703.0,736.0,313.0,313.0,293.0
3040.0,678.0,733.0,721.0,311.0,305.0,292.0
3007.0,712.0,692.0,681.0,313.0,295.0,314.0
2873.0,662.0,677.0,669.0,288.0,289.0,288.0
2811.0,675.0,614.0,695.0,273.0,279.0,275.0
2906.0,699.0,677.0,681.0,274.0,286.0,289.0
2906.0,713.0,645.0,709.0,280.0,266.0,293.0
2990.0,758.0,676.0,718.0,280.0,273.0,285.0
2926.0,700.0,665.0,699.0,298.0,284.0,280.0
2821.0,639.0,660.0,679.0,277.0,274.0,292.0
2671.0,578.0,596.0,671.0,278.0,265.0,283.0
2931.0,645.0,723.0,722.0,278.0,280.0,283.0
2929.0,660.0,692.0,713.0,292.0,276.0,296.0
2969.0,660.0,698.0,730.0,293.0,283.0,305.0
3019.0,675.0,731.0,719.0,310.0,289.0,295.0
2958.0,659.0,735.0,676.0,303.0,276.0,309.0
2934.0,688.0,684.0,675.0,302.0,295.0,290.0
3033.0,705.0,696.0,700.0,322.0,287.0,323.0
3039.0,737.0,675.0,687.0,322.0,302.0,316.0
2987.0,680.0,690.0,692.0,311.0,304.0,310.0
3022.0,735.0,682.0,663.0,316.0,312.0,314.0
2922.0,695.0,704.0,629.0,302.0,291.0,301.0
3121.0,722.0,723.0,726.0,328.0,305.0,317.0
3022.0,736.0,693.0,676.0,308.0,310.0,299.0
3281.0,753.0,747.0,763.0,342.0,332.0,344.0
3301.0,770.0,740.0,765.0,349.0,334.0,343.0
3135.0,694.0,739.0,746.0,310.0,330.0,316.0
3048.0,687.0,694.0,730.0,313.0,322.0,302.0
3160.0,729.0,745.0,731.0,315.0,335.0,305.0
3058.0,708.0,702.0,723.0,300.0,320.0,305.0
2830.0,665.0,678.0,636.0,285.0,294.0,272.0
2970.0,710.0,688.0,690.0,283.0,300.0,299.0
3058.0,689.0,736.0,725.0,301.0,307.0,300.0
2822.0,665.0,635.0,691.0,278.0,280.0,273.0
2850.0,663.0,675.0,673.0,276.0,274.0,289.0
2897.0,691.0,679.0,702.0,275.0,272.0,278.0
2835.0,663.0,632.0,728.0,269.0,283.0,260.0
2881.0,658.0,642.0,726.0,282.0,299.0,274.0
2795.0,634.0,640.0,673.0,288.0,285.0,275.0
2717.0,638.0,615.0,634.0,282.0,281.0,267.0
2880.0,670.0,660.0,691.0,285.0,300.0,274.0
2757.0,653.0,599.0,641.0,293.0,286.0,285.0
2875.0,665.0,674.0,697.0,288.0,276.0,275.0
2970.0,700.0,675.0,684.0,304.0,309.0,298.0
2999.0,739.0,670.0,688.0,313.0,291.0,298.0
3160.0,768.0,727.0,719.0,320.0,310.0,316.0
3102.0,754.0,724.0,704.0,313.0,305.0,302.0
3266.0,793.0,753.0,767.0,325.0,313.0,315.0
3248.0,749.0,797.0,737.0,333.0,311.0,321.0
3035.0,710.0,744.0,702.0,296.0,287.0,296.0
3124.0,688.0,755.0,752.0,324.0,295.0,310.0
3130.0,698.0,735.0,761.0,325.0,294.0,317.0
3157.0,716.0,763.0,740.0,316.0,315.0,307.0
3157.0,753.0,716.0,732.0,314.0,314.0,328.0
3172.0,708.0,721.0,739.0,332.0,334.0,338.0
2988.0,702.0,627.0,732.0,305.0,316.0,306.0
3075.0,733.0,679.0,723.0,308.0,314.0,318.0
2960.0,676.0,658.0,709.0,308.0,305.0,304.0
3035.0,713.0,686.0,724.0,307.0,297.0,308.0
2993.0,704.0,659.0,701.0,297.0,314.0,318.0
2882.0,680.0,655.0,670.0,281.0,300.0,296.0
2961.0,688.0,719.0,664.0,290.0,307.0,293.0
2906.0,682.0,680.0,652.0,284.0,300.0,308.0
2890.0,661.0,682.0,674.0,281.0,297.0,295.0
2920.0,681.0,670.0,684.0,295.0,288.0,302.0
2970.0,686.0,692.0,671.0,301.0,323.0,297.0
2798.0,625.0,715.0,636.0,276.0,279.0,267.0
3061.0,735.0,733.0,688.0,304.0,296.0,305.0
3158.0,752.0,759.0,685.0,311.0,331.0,320.0
3175.0,722.0,754.0,766.0,308.0,309.0,316.0
3056.0,718.0,708.0,707.0,313.0,312.0,298.0
3258.0,791.0,743.0,773.0,293.0,337.0,321.0
3172.0,755.0,758.0,717.0,313.0,315.0,314.0
3099.0,712.0,720.0,744.0,316.0,312.0,295.0
3383.0,817.0,763.0,801.0,342.0,345.0,315.0
3186.0,742.0,720.0,782.0,314.0,302.0,326.0
3204.0,779.0,731.0,766.0,329.0,295.0,304.0
3054.0,710.0,731.0,701.0,314.0,292.0,306.0
3288.0,746.0,754.0,784.0,341.0,341.0,322.0
3264.0,797.0,760.0,766.0,335.0,316.0,290.0
3105.0,726.0,712.0,742.0,316.0,298.0,311.0
3051.0,702.0,705.0,708.0,318.0,313.0,305.0
3120.0,717.0,739.0,744.0,314.0,312.0,294.0
3175.0,761.0,744.0,738.0,322.0,299.0,311.0
2990.0,693.0,723.0,705.0,304.0,281.0,284.0
3045.0,707.0,723.0,692.0,312.0,304.0,307.0
3081.0,730.0,760.0,701.0,295.0,291.0,304.0
2874.0,614.0,704.0,705.0,277.0,283.0,291.0
3162.0,706.0,738.0,758.0,311.0,332.0,317.0
2920.0,687.0,680.0,663.0,284.0,301.0,305.0
2852.0,649.0,674.0,635.0,289.0,325.0,280.0
2872.0,637.0,703.0,651.0,290.0,288.0,303.0
3160.0,765.0,739.0,725.0,309.0,311.0,311.0
3129.0,703.0,736.0,739.0,302.0,322.0,327.0
3037.0,695.0,726.0,706.0,287.0,310.0,313.0
3158.0,737.0,724.0,758.0,283.0,326.0,330.0
3267.0,782.0,746.0,762.0,319.0,322.0,336.0
3211.0,748.0,737.0,753.0,341.0,317.0,315.0
3285.0,778.0,767.0,757.0,317.0,335.0,331.0
3257.0,768.0,718.0,780.0,323.0,329.0,339.0
3370.0,787.0,771.0,807.0,327.0,330.0,348.0
3529.0,802.0,836.0,854.0,341.0,345.0,351.0
3233.0,691.0,796.0,773.0,333.0,324.0,316.0
3257.0,742.0,769.0,748.0,346.0,332.0,320.0
3290.0,711.0,775.0,802.0,332.0,335.0,335.0
3209.0,709.0,764.0,736.0,341.0,333.0,326.0
3391.0,799.0,794.0,791.0,358.0,311.0,338.0
3142.0,701.0,742.0,757.0,326.0,296.0,320.0
3036.0,724.0,723.0,683.0,307.0,291.0,308.0
2938.0,691.0,673.0,672.0,314.0,292.0,296.0
3069.0,716.0,681.0,758.0,320.0,291.0,303.0
2937.0,722.0,693.0,669.0,287.0,287.0,279.0
2871.0,676.0,661.0,679.0,301.0,275.0,279.0
2836.0,687.0,654.0,666.0,289.0,278.0,262.0
2991.0,725.0,668.0,690.0,307.0,307.0,294.0
2868.0,692.0,657.0,660.0,292.0,275.0,292.0
3011.0,684.0,733.0,698.0,311.0,301.0,284.0
3230.0,752.0,780.0,768.0,312.0,301.0,317.0
3042.0,740.0,722.0,676.0,302.0,305.0,297.0
3217.0,764.0,763.0,745.0,309.0,311.0,325.0
3362.0,795.0,802.0,769.0,324.0,348.0,324.0
3254.0,756.0,802.0,766.0,298.0,335.0,297.0
3103.0,791.0,676.0,712.0,303.0,309.0,312.0
3218.0,807.0,753.0,738.0,292.0,315.0,313.0
3196.0,761.0,700.0,771.0,307.0,329.0,328.0
3386.0,811.0,800.0,792.0,320.0,334.0,329.0
3414.0,790.0,805.0,813.0,331.0,354.0,321.0
3376.0,782.0,776.0,802.0,327.0,342.0,347.0
3400.0,782.0,783.0,805.0,350.0,348.0,332.0
3425.0,791.0,793.0,796.0,341.0,347.0,357.0
3231.0,746.0,752.0,763.0,314.0,328.0,328.0
3165.0,737.0,682.0,744.0,334.0,324.0,344.0
3126.0,730.0,705.0,746.0,320.0,306.0,319.0
3261.0,783.0,744.0,738.0,334.0,338.0,324.0
3180.0,759.0,724.0,728.0,329.0,320.0,320.0
3058.0,740.0,694.0,692.0,318.0,306.0,308.0
3206.0,783.0,725.0,745.0,312.0,314.0,327.0
3056.0,770.0,719.0,637.0,301.0,314.0,315.0
3195.0,774.0,755.0,725.0,323.0,307.0,311.0
3145.0,729.0,761.0,715.0,327.0,304.0,309.0
3181.0,732.0,756.0,720.0,333.0,319.0,321.0
2949.0,666.0,707.0,681.0,304.0,293.0,298.0
3193.0,738.0,769.0,735.0,319.0,317.0,315.0
3037.0,673.0,749.0,708.0,300.0,292.0,315.0
2959.0,669.0,699.0,696.0,294.0,301.0,300.0
3224.0,757.0,745.0,753.0,321.0,324.0,324.0
3143.0,738.0,745.0,739.0,303.0,307.0,311.0
3379.0,809.0,757.0,807.0,339.0,329.0,338.0
3272.0,779.0,750.0,803.0,323.0,311.0,306.0
3388.0,837.0,767.0,788.0,338.0,330.0,328.0
3352.0,815.0,782.0,771.0,326.0,317.0,341.0
3335.0,814.0,715.0,814.0,319.0,338.0,335.0
3351.0,805.0,780.0,791.0,329.0,317.0,329.0
3376.0,783.0,772.0,808.0,341.0,348.0,324.0
3442.0,785.0,813.0,811.0,342.0,354.0,337.0
3273.0,745.0,798.0,744.0,325.0,336.0,325.0
3367.0,777.0,810.0,784.0,343.0,344.0,309.0
3487.0,800.0,872.0,778.0,351.0,351.0,335.0
3158.0,703.0,772.0,715.0,306.0,339.0,323.0
3168.0,777.0,732.0,692.0,332.0,336.0,299.0
3190.0,761.0,758.0,691.0,348.0,320.0,312.0
3242.0,777.0,759.0,745.0,326.0,325.0,310.0
3079.0,725.0,724.0,681.0,321.0,329.0,299.0
3202.0,772.0,761.0,705.0,329.0,317.0,318.0
3012.0,721.0,673.0,700.0,300.0,321.0,297.0
3125.0,735.0,719.0,723.0,320.0,313.0,315.0
2977.0,704.0,698.0,648.0,306.0,315.0,306.0
3116.0,700.0,703.0,791.0,307.0,306.0,309.0
3028.0,678.0,686.0,722.0,332.0,312.0,298.0
3082.0,688.0,690.0,763.0,318.0,313.0,310.0
3088.0,694.0,708.0,721.0,320.0,318.0,327.0
3233.0,745.0,770.0,750.0,326.0,315.0,327.0
3355.0,805.0,766.0,786.0,320.0,337.0,341.0
3317.0,760.0,791.0,792.0,311.0,341.0,322.0
3258.0,746.0,770.0,789.0,330.0,311.0,312.0
3542.0,827.0,835.0,820.0,339.0,337.0,384.0
3477.0,822.0,843.0,790.0,331.0,345.0,346.0
3516.0,840.0,828.0,810.0,337.0,344.0,357.0
3628.0,832.0,875.0,869.0,346.0,350.0,356.0
3540.0,830.0,825.0,829.0,348.0,348.0,360.0
3504.0,784.0,839.0,837.0,344.0,346.0,354.0
3333.0,760.0,783.0,775.0,326.0,339.0,350.0
3184.0,736.0,715.0,749.0,324.0,327.0,333.0
3289.0,761.0,749.0,786.0,336.0,316.0,341.0
3378.0,782.0,803.0,764.0,336.0,347.0,346.0
3254.0,725.0,768.0,778.0,338.0,321.0,324.0
3127.0,754.0,716.0,715.0,328.0,318.0,296.0
3140.0,752.0,705.0,753.0,299.0,313.0,318.0
3358.0,778.0,787.0,783.0,343.0,341.0,326.0
3115.0,764.0,743.0,720.0,298.0,305.0,285.0
3309.0,778.0,769.0,744.0,345.0,339.0,334.0
3234.0,752.0,753.0,768.0,334.0,316.0,311.0
3212.0,768.0,737.0,738.0,322.0,331.0,316.0
3231.0,726.0,763.0,767.0,316.0,336.0,323.0
3274.0,756.0,767.0,759.0,330.0,335.0,327.0
3067.0,714.0,723.0,696.0,306.0,316.0,312.0
3362.0,768.0,792.0,797.0,353.0,349.0,303.0
3460.0,802.0,828.0,807.0,350.0,329.0,344.0
3390.0,793.0,814.0,787.0,333.0,344.0,319.0
3410.0,783.0,796.0,825.0,341.0,340.0,325.0
3397.0,843.0,755.0,782.0,324.0,348.0,345.0
3389.0,779.0,780.0,825.0,337.0,334.0,334.0
3547.0,823.0,829.0,836.0,344.0,366.0,349.0
3412.0,801.0,762.0,788.0,346.0,357.0,358.0
3375.0,816.0,774.0,745.0,340.0,358.0,342.0
3532.0,865.0,770.0,824.0,356.0,349.0,368.0
3600.0,864.0,803.0,851.0,344.0,366.0,372.0
3622.0,829.0,874.0,844.0,345.0,353.0,377.0
3433.0,763.0,840.0,824.0,327.0,325.0,354.0
3384.0,758.0,812.0,780.0,340.0,348.0,346.0
3385.0,760.0,806.0,793.0,349.0,330.0,347.0
3346.0,806.0,792.0,767.0,328.0,307.0,346.0
3302.0,765.0,814.0,731.0,329.0,326.0,337.0
3273.0,790.0,770.0,743.0,309.0,322.0,339.0
3411.0,799.0,839.0,793.0,332.0,317.0,331.0
3287.0,777.0,788.0,756.0,321.0,314.0,331.0
3127.0,763.0,745.0,701.0,308.0,302.0,308.0
3289.0,762.0,772.0,791.0,312.0,320.0,332.0
3237.0,773.0,722.0,774.0,334.0,309.0,325.0
3232.0,705.0,763.0,767.0,338.0,320.0,339.0
3270.0,727.0,739.0,801.0,348.0,320.0,335.0
3181.0,708.0,714.0,778.0,325.0,329.0,327.0
3169.0,710.0,750.0,746.0,308.0,320.0,335.0
3410.0,791.0,786.0,825.0,342.0,335.0,331.0
3487.0,818.0,787.0,827.0,357.0,350.0,348.0
3523.0,830.0,815.0,809.0,351.0,352.0,366.0
3540.0,825.0,855.0,800.0,352.0,352.0,356.0
3522.0,814.0,773.0,848.0,366.0,367.0,354.0
3593.0,824.0,843.0,842.0,363.0,368.0,353.0
3518.0,844.0,850.0,760.0,361.0,355.0,348.0
3421.0,829.0,809.0,773.0,341.0,346.0,323.0
3388.0,787.0,804.0,767.0,332.0,353.0,345.0
3354.0,755.0,850.0,737.0,336.0,354.0,322.0
3514.0,783.0,902.0,778.0,347.0,363.0,341.0
3481.0,782.0,849.0,795.0,338.0,365.0,352.0
3436.0,821.0,835.0,767.0,341.0,340.0,332.0
3377.0,787.0,781.0,776.0,344.0,358.0,331.0
3367.0,775.0,780.0,812.0,334.0,341.0,325.0
3351.0,787.0,781.0,794.0,332.0,326.0,331.0
3277.0,776.0,766.0,773.0,307.0,323.0,332.0
3278.0,789.0,734.0,792.0,322.0,311.0,330.0
3301.0,774.0,777.0,772.0,325.0,318.0,335.0
3474.0,803.0,800.0,830.0,344.0,355.0,342.0
3304.0,759.0,767.0,803.0,327.0,323.0,325.0
3383.0,782.0,809.0,809.0,345.0,327.0,311.0
3301.0,770.0,786.0,770.0,322.0,316.0,337.0
3276.0,757.0,758.0,763.0,331.0,327.0,340.0
3271.0,747.0,769.0,773.0,339.0,316.0,327.0
3403.0,746.0,809.0,795.0,372.0,331.0,350.0
3451.0,767.0,814.0,830.0,348.0,336.0,356.0
3511.0,815.0,827.0,830.0,349.0,324.0,366.0
3597.0,820.0,846.0,839.0,385.0,355.0,352.0
3713.0,870.0,863.0,843.0,384.0,367.0,386.0
3635.0,849.0,846.0,849.0,355.0,366.0,370.0
3408.0,798.0,798.0,778.0,347.0,340.0,347.0
3546.0,864.0,804.0,774.0,374.0,360.0,370.0
3669.0,864.0,861.0,851.0,358.0,357.0,378.0
3484.0,851.0,756.0,790.0,354.0,357.0,376.0
3600.0,820.0,840.0,857.0,354.0,362.0,367.0
3564.0,837.0,814.0,841.0,352.0,361.0,359.0
3641.0,846.0,844.0,878.0,347.0,372.0,354.0
3311.0,704.0,815.0,784.0,316.0,356.0,336.0
3496.0,804.0,831.0,807.0,346.0,360.0,348.0
3519.0,839.0,813.0,825.0,337.0,349.0,356.0
3472.0,818.0,792.0,840.0,323.0,349.0,350.0
3450.0,809.0,831.0,781.0,332.0,354.0,343.0
3372.0,801.0,799.0,794.0,313.0,331.0,334.0
3290.0,754.0,774.0,797.0,313.0,326.0,326.0
3460.0,805.0,831.0,815.0,323.0,354.0,332.0
3462.0,776.0,833.0,831.0,349.0,349.0,324.0
3318.0,746.0,794.0,787.0,340.0,334.0,317.0
3397.0,802.0,797.0,807.0,317.0,335.0,339.0
3327.0,766.0,766.0,777.0,332.0,364.0,322.0
3281.0,759.0,734.0,794.0,334.0,329.0,331.0
3399.0,786.0,801.0,780.0,361.0,330.0,341.0
3567.0,876.0,821.0,813.0,357.0,354.0,346.0
3404.0,834.0,794.0,761.0,346.0,343.0,326.0
3470.0,830.0,792.0,794.0,357.0,343.0,354.0
3460.0,865.0,782.0,787.0,347.0,339.0,340.0
3538.0,850.0,816.0,802.0,358.0,353.0,359.0
3476.0,860.0,785.0,786.0,352.0,354.0,339.0
3690.0,866.0,863.0,853.0,380.0,369.0,359.0
3615.0,830.0,858.0,851.0,370.0,348.0,358.0
3674.0,870.0,872.0,838.0,368.0,354.0,372.0
3663.0,822.0,847.0,875.0,376.0,375.0,368.0
3737.0,841.0,893.0,894.0,372.0,359.0,378.0
3639.0,839.0,846.0,882.0,355.0,336.0,381.0
3450.0,773.0,806.0,836.0,335.0,347.0,353.0
3512.0,788.0,812.0,838.0,360.0,350.0,364.0
3528.0,825.0,817.0,846.0,343.0,347.0,350.0
3523.0,797.0,812.0,859.0,357.0,346.0,352.0
3590.0,836.0,870.0,830.0,360.0,351.0,343.0
3219.0,768.0,742.0,757.0,303.0,318.0,331.0
3444.0,790.0,786.0,828.0,336.0,348.0,356.0
3358.0,789.0,776.0,775.0,326.0,354.0,338.0
3416.0,826.0,770.0,773.0,333.0,360.0,354.0
3430.0,797.0,794.0,820.0,327.0,347.0,345.0
3349.0,758.0,791.0,760.0,347.0,338.0,355.0
3557.0,823.0,838.0,811.0,348.0,365.0,372.0
3488.0,827.0,824.0,790.0,334.0,368.0,345.0
3403.0,768.0,782.0,790.0,351.0,365.0,347.0
3629.0,844.0,879.0,798.0,381.0,349.0,378.0
3604.0,880.0,850.0,792.0,362.0,361.0,359.0
3731.0,881.0,879.0,855.0,385.0,371.0,360.0
3728.0,893.0,899.0,838.0,361.0,388.0,349.0
3572.0,853.0,848.0,802.0,374.0,347.0,348.0
3610.0,845.0,829.0,834.0,398.0,362.0,342.0
3826.0,913.0,891.0,870.0,385.0,388.0,379.0
3823.0,893.0,919.0,899.0,370.0,362.0,380.0
3733.0,870.0,841.0,892.0,388.0,372.0,370.0
3555.0,817.0,835.0,856.0,361.0,353.0,333.0
3605.0,807.0,840.0,870.0,379.0,359.0,350.0
3523.0,802.0,826.0,855.0,363.0,348.0,329.0
3627.0,825.0,837.0,881.0,368.0,354.0,362.0
3593.0,830.0,796.0,880.0,362.0,369.0,356.0
3540.0,851.0,777.0,844.0,350.0,368.0,350.0
3536.0,835.0,830.0,838.0,350.0,344.0,339.0
3590.0,858.0,822.0,866.0,349.0,350.0,345.0
3610.0,900.0,818.0,832.0,362.0,346.0,352.0
3395.0,843.0,805.0,770.0,317.0,321.0,339.0
3466.0,800.0,820.0,817.0,337.0,345.0,347.0
3350.0,775.0,791.0,777.0,320.0,336.0,351.0
3603.0,875.0,846.0,802.0,346.0,362.0,372.0
3417.0,768.0,832.0,777.0,346.0,341.0,353.0
3395.0,785.0,794.0,771.0,351.0,344.0,350.0
3347.0,806.0,821.0,706.0,333.0,346.0,335.0
3635.0,860.0,828.0,862.0,345.0,365.0,375.0
3646.0,833.0,844.0,868.0,363.0,366.0,372.0
3627.0,838.0,852.0,850.0,354.0,369.0,364.0
3568.0,816.0,802.0,850.0,358.0,376.0,366.0
3507.0,819.0,799.0,819.0,348.0,361.0,361.0
3717.0,867.0,840.0,874.0,377.0,386.0,373.0
3735.0,884.0,864.0,872.0,367.0,388.0,360.0
3728.0,874.0,832.0,890.0,370.0,383.0,379.0
3823.0,886.0,898.0,892.0,384.0,392.0,371.0
3878.0,949.0,861.0,893.0,387.0,382.0,406.0
3650.0,838.0,852.0,861.0,369.0,373.0,357.0
3730.0,868.0,870.0,834.0,370.0,405.0,383.0
3690.0,826.0,861.0,904.0,372.0,361.0,366.0
3694.0,828.0,887.0,889.0,368.0,363.0,359.0
3724.0,873.0,872.0,870.0,376.0,383.0,350.0
3636.0,823.0,887.0,822.0,377.0,359.0,368.0
3731.0,869.0,881.0,866.0,388.0,360.0,367.0
3556.0,824.0,854.0,811.0,364.0,352.0,351.0
3543.0,845.0,835.0,795.0,365.0,352.0,351.0
3341.0,832.0,758.0,745.0,348.0,330.0,328.0
3485.0,833.0,823.0,807.0,336.0,334.0,352.0
3348.0,829.0,747.0,773.0,333.0,330.0,336.0
3419.0,816.0,791.0,791.0,336.0,342.0,343.0
3438.0,833.0,797.0,788.0,343.0,348.0,329.0
3504.0,854.0,783.0,821.0,352.0,350.0,344.0
3490.0,809.0,801.0,827.0,360.0,347.0,346.0
3631.0,851.0,837.0,869.0,352.0,370.0,352.0
3655.0,830.0,859.0,840.0,377.0,373.0,376.0
3658.0,854.0,856.0,860.0,347.0,377.0,364.0
3656.0,870.0,875.0,874.0,349.0,350.0,338.0
3773.0,869.0,906.0,879.0,375.0,368.0,376.0
3784.0,891.0,903.0,883.0,371.0,375.0,361.0
3948.0,951.0,901.0,928.0,389.0,384.0,395.0
3766.0,849.0,891.0,898.0,383.0,383.0,362.0
3726.0,889.0,847.0,881.0,375.0,369.0,365.0
4008.0,917.0,914.0,981.0,390.0,405.0,401.0
3876.0,877.0,889.0,897.0,405.0,404.0,404.0
3901.0,891.0,881.0,937.0,414.0,391.0,387.0
3844.0,882.0,888.0,908.0,395.0,380.0,391.0
3682.0,811.0,878.0,879.0,359.0,389.0,366.0
3672.0,877.0,815.0,869.0,381.0,364.0,366.0
3725.0,863.0,874.0,839.0,386.0,386.0,377.0
3597.0,829.0,797.0,872.0,378.0,356.0,365.0
3587.0,881.0,830.0,787.0,364.0,374.0,351.0
3683.0,896.0,880.0,803.0,373.0,361.0,370.0
3632.0,889.0,849.0,821.0,360.0,341.0,372.0
3442.0,842.0,782.0,775.0,333.0,356.0,354.0
3637.0,856.0,853.0,861.0,352.0,355.0,360.0
3637.0,823.0,863.0,814.0,368.0,385.0,384.0
3493.0,792.0,830.0,824.0,345.0,352.0,350.0
3591.0,814.0,893.0,830.0,353.0,350.0,351.0
3644.0,834.0,864.0,866.0,363.0,347.0,370.0
3527.0,788.0,852.0,825.0,347.0,361.0,354.0
3724.0,872.0,886.0,855.0,383.0,351.0,377.0
3606.0,881.0,830.0,825.0,352.0,352.0,366.0
3710.0,923.0,856.0,862.0,361.0,355.0,353.0
3878.0,912.0,863.0,943.0,383.0,394.0,383.0
3736.0,909.0,834.0,915.0,370.0,352.0,356.0
3779.0,871.0,863.0,912.0,386.0,369.0,378.0
3784.0,946.0,857.0,879.0,367.0,373.0,362.0
3947.0,898.0,923.0,937.0,414.0,378.0,397.0
3902.0,914.0,895.0,947.0,375.0,382.0,389.0
3931.0,923.0,930.0,921.0,398.0,394.0,365.0
3881.0,918.0,914.0,923.0,390.0,383.0,353.0
3789.0,873.0,880.0,879.0,393.0,386.0,378.0
3795.0,847.0,906.0,912.0,399.0,376.0,355.0
3754.0,855.0,929.0,858.0,399.0,362.0,351.0
3753.0,872.0,901.0,845.0,396.0,373.0,366.0
3746.0,880.0,900.0,870.0,369.0,374.0,353.0
3666.0,870.0,882.0,824.0,363.0,368.0,359.0
3885.0,921.0,892.0,891.0,414.0,376.0,391.0
3791.0,931.0,896.0,829.0,376.0,381.0,378.0
3577.0,849.0,838.0,791.0,371.0,361.0,367.0
3561.0,829.0,826.0,821.0,363.0,360.0,362.0
3667.0,875.0,869.0,829.0,372.0,365.0,357.0
3468.0,804.0,793.0,812.0,344.0,367.0,348.0
3614.0,838.0,827.0,870.0,345.0,362.0,372.0
3559.0,821.0,810.0,854.0,337.0,370.0,367.0
3655.0,804.0,822.0,889.0,361.0,392.0,387.0
3731.0,866.0,874.0,872.0,376.0,379.0,364.0
3650.0,852.0,826.0,882.0,360.0,362.0,368.0
3810.0,884.0,843.0,918.0,374.0,399.0,392.0
3876.0,920.0,890.0,895.0,368.0,395.0,408.0
3826.0,889.0,884.0,901.0,390.0,384.0,378.0
3991.0,932.0,952.0,933.0,395.0,389.0,390.0
4029.0,964.0,948.0,948.0,383.0,389.0,397.0
4135.0,951.0,997.0,960.0,420.0,405.0,402.0
3890.0,877.0,919.0,954.0,373.0,373.0,394.0
3927.0,897.0,954.0,886.0,393.0,396.0,401.0
3960.0,945.0,917.0,901.0,407.0,383.0,407.0
3875.0,866.0,941.0,871.0,392.0,408.0,397.0
3881.0,918.0,911.0,883.0,393.0,377.0,399.0
3775.0,893.0,906.0,838.0,399.0,370.0,369.0
3731.0,917.0,860.0,838.0,373.0,367.0,376.0
3691.0,912.0,832.0,835.0,382.0,351.0,379.0
3691.0,873.0,869.0,865.0,366.0,351.0,367.0
3717.0,874.0,856.0,855.0,384.0,378.0,370.0
3717.0,909.0,884.0,865.0,372.0,354.0,333.0
3704.0,894.0,835.0,845.0,388.0,380.0,362.0
3593.0,828.0,839.0,844.0,368.0,358.0,356.0
3536.0,844.0,843.0,801.0,345.0,348.0,355.0
3516.0,794.0,846.0,818.0,343.0,357.0,358.0
3623.0,809.0,873.0,878.0,344.0,364.0,355.0
3832.0,834.0,909.0,950.0,382.0,383.0,374.0
3777.0,868.0,898.0,906.0,363.0,391.0,351.0
3773.0,866.0,876.0,937.0,361.0,378.0,355.0
3850.0,897.0,880.0,934.0,382.0,392.0,365.0
3872.0,921.0,934.0,885.0,373.0,385.0,374.0
4066.0,959.0,949.0,966.0,397.0,412.0,383.0
4063.0,955.0,926.0,970.0,392.0,423.0,397.0
3831.0,926.0,853.0,904.0,379.0,387.0,382.0
3890.0,906.0,932.0,890.0,373.0,399.0,390.0
3872.0,916.0,895.0,911.0,367.0,394.0,389.0
3887.0,888.0,871.0,940.0,388.0,402.0,398.0
3940.0,909.0,914.0,914.0,406.0,390.0,407.0
3930.0,905.0,924.0,921.0,386.0,391.0,403.0
3950.0,928.0,915.0,929.0,397.0,376.0,405.0
3886.0,924.0,912.0,898.0,376.0,390.0,386.0
3670.0,850.0,806.0,871.0,378.0,375.0,390.0
3713.0,868.0,892.0,858.0,361.0,361.0,373.0
3810.0,891.0,880.0,892.0,380.0,380.0,387.0
3861.0,921.0,915.0,896.0,373.0,373.0,383.0
3777.0,902.0,880.0,852.0,382.0,375.0,386.0
3764.0,888.0,894.0,889.0,382.0,350.0,361.0
3688.0,860.0,903.0,831.0,371.0,350.0,373.0
3940.0,919.0,947.0,906.0,394.0,373.0,401.0
3802.0,875.0,877.0,918.0,389.0,362.0,381.0
3687.0,830.0,877.0,857.0,393.0,351.0,379.0
3886.0,923.0,908.0,902.0,390.0,378.0,385.0
3753.0,862.0,865.0,905.0,359.0,385.0,377.0
3817.0,870.0,886.0,913.0,381.0,382.0,385.0
4002.0,916.0,926.0,969.0,374.0,410.0,407.0
3822.0,906.0,845.0,909.0,376.0,392.0,394.0
3844.0,875.0,906.0,893.0,373.0,399.0,398.0
3896.0,921.0,883.0,907.0,404.0,392.0,389.0
3939.0,961.0,914.0,936.0,369.0,366.0,393.0
4048.0,994.0,919.0,941.0,397.0,401.0,396.0
4033.0,952.0,920.0,954.0,407.0,390.0,410.0
3871.0,944.0,894.0,885.0,380.0,393.0,375.0
3821.0,902.0,906.0,867.0,382.0,396.0,368.0
3969.0,935.0,932.0,897.0,401.0,418.0,386.0
4145.0,963.0,994.0,953.0,415.0,426.0,394.0
3981.0,936.0,927.0,909.0,384.0,427.0,398.0
3815.0,892.0,884.0,891.0,372.0,398.0,378.0
3883.0,881.0,943.0,912.0,378.0,386.0,383.0
3879.0,876.0,902.0,942.0,387.0,405.0,367.0
3940.0,920.0,887.0,954.0,411.0,398.0,370.0
3835.0,918.0,868.0,908.0,376.0,382.0,383.0
3830.0,910.0,858.0,916.0,386.0,382.0,378.0
3783.0,920.0,860.0,863.0,383.0,389.0,368.0
3769.0,907.0,839.0,903.0,366.0,375.0,379.0
3662.0,835.0,804.0,883.0,399.0,362.0,379.0
3637.0,863.0,809.0,854.0,389.0,359.0,363.0
3603.0,820.0,813.0,849.0,370.0,377.0,374.0
3930.0,912.0,895.0,939.0,398.0,395.0,391.0
3916.0,885.0,906.0,944.0,389.0,389.0,403.0
3859.0,888.0,897.0,922.0,400.0,375.0,377.0
3876.0,896.0,925.0,887.0,414.0,342.0,412.0
3897.0,916.0,923.0,888.0,395.0,383.0,392.0
3974.0,907.0,916.0,930.0,411.0,389.0,421.0
4155.0,997.0,991.0,941.0,416.0,408.0,402.0
3961.0,930.0,949.0,898.0,400.0,389.0,395.0
4020.0,907.0,971.0,917.0,409.0,401.0,415.0
4110.0,997.0,971.0,919.0,401.0,406.0,416.0
4101.0,997.0,934.0,960.0,404.0,407.0,399.0
3959.0,915.0,924.0,903.0,408.0,399.0,410.0
4052.0,958.0,926.0,959.0,404.0,396.0,409.0
3982.0,913.0,911.0,949.0,391.0,389.0,429.0
3917.0,863.0,945.0,935.0,389.0,393.0,392.0
4000.0,911.0,923.0,963.0,394.0,409.0,400.0
3944.0,904.0,922.0,951.0,382.0,397.0,388.0
4102.0,951.0,954.0,978.0,398.0,415.0,406.0
3946.0,927.0,911.0,916.0,395.0,402.0,395.0
3878.0,917.0,885.0,913.0,385.0,404.0,374.0
3887.0,919.0,900.0,911.0,381.0,402.0,374.0
3793.0,901.0,887.0,894.0,379.0,367.0,365.0
3956.0,918.0,914.0,937.0,408.0,393.0,386.0
3896.0,900.0,900.0,913.0,392.0,398.0,393.0
3896.0,882.0,923.0,926.0,391.0,401.0,373.0
3738.0,860.0,873.0,866.0,384.0,389.0,366.0
3697.0,831.0,887.0,847.0,380.0,380.0,372.0
3709.0,845.0,857.0,879.0,387.0,382.0,359.0
3891.0,887.0,932.0,901.0,387.0,390.0,394.0
3940.0,913.0,908.0,928.0,409.0,388.0,394.0
3959.0,932.0,916.0,905.0,411.0,391.0,404.0
4056.0,949.0,930.0,949.0,424.0,403.0,401.0
4126.0,988.0,928.0,946.0,413.0,432.0,419.0
4104.0,999.0,908.0,947.0,433.0,406.0,411.0
3973.0,969.0,903.0,904.0,399.0,393.0,405.0
4177.0,959.0,999.0,948.0,417.0,435.0,419.0
3981.0,929.0,930.0,936.0,400.0,403.0,383.0
4111.0,970.0,981.0,935.0,418.0,389.0,418.0
4289.0,981.0,1043.0,1016.0,412.0,413.0,424.0
4070.0,951.0,974.0,936.0,409.0,385.0,415.0
4028.0,930.0,958.0,936.0,393.0,395.0,416.0
4154.0,928.0,1013.0,984.0,409.0,402.0,418.0
4079.0,958.0,964.0,959.0,388.0,387.0,423.0
4005.0,903.0,930.0,966.0,391.0,410.0,405.0
3935.0,934.0,889.0,946.0,388.0,390.0,388.0
3944.0,922.0,900.0,972.0,378.0,380.0,392.0
3934.0,899.0,919.0,963.0,383.0,380.0,390.0
3918.0,928.0,905.0,915.0,374.0,393.0,403.0
3948.0,957.0,897.0,918.0,371.0,384.0,421.0
3859.0,905.0,870.0,904.0,388.0,392.0,400.0
3785.0,859.0,859.0,892.0,388.0,394.0,393.0
3631.0,840.0,840.0,827.0,366.0,377.0,381.0
3782.0,867.0,845.0,867.0,407.0,396.0,400.0
3900.0,878.0,892.0,911.0,407.0,413.0,399.0
3859.0,886.0,930.0,871.0,389.0,377.0,406.0
3981.0,924.0,936.0,903.0,411.0,406.0,401.0
3976.0,915.0,958.0,917.0,399.0,405.0,382.0
4069.0,983.0,927.0,903.0,418.0,422.0,416.0
4193.0,989.0,992.0,966.0,418.0,410.0,418.0
4117.0,971.0,982.0,938.0,413.0,403.0,410.0
4263.0,1004.0,1000.0,991.0,422.0,425.0,421.0
4195.0,1000.0,992.0,954.0,417.0,436.0,396.0
4188.0,990.0,999.0,963.0,414.0,405.0,417.0
4225.0,960.0,1011.0,985.0,427.0,419.0,423.0
4178.0,962.0,992.0,976.0,403.0,443.0,402.0
4016.0,924.0,909.0,967.0,413.0,406.0,397.0
4080.0,930.0,959.0,976.0,402.0,417.0,396.0
4072.0,933.0,928.0,984.0,420.0,408.0,399.0
4192.0,965.0,965.0,998.0,419.0,428.0,417.0
3952.0,922.0,930.0,939.0,381.0,392.0,388.0
4067.0,959.0,935.0,965.0,397.0,406.0,405.0
4034.0,938.0,898.0,1010.0,385.0,409.0,394.0
3860.0,899.0,872.0,940.0,374.0,378.0,397.0
3963.0,947.0,916.0,922.0,402.0,385.0,391.0
3723.0,891.0,860.0,869.0,369.0,355.0,379.0
3984.0,964.0,955.0,905.0,394.0,396.0,370.0
3809.0,898.0,915.0,873.0,389.0,360.0,374.0
3970.0,920.0,971.0,881.0,412.0,384.0,402.0
3924.0,926.0,941.0,866.0,408.0,382.0,401.0
3880.0,898.0,918.0,880.0,399.0,390.0,395.0
4137.0,935.0,1018.0,941.0,427.0,412.0,404.0
4011.0,924.0,950.0,888.0,406.0,412.0,431.0
4255.0,1010.0,1009.0,960.0,431.0,428.0,417.0
4108.0,932.0,986.0,942.0,428.0,399.0,421.0
4240.0,1013.0,984.0,973.0,425.0,420.0,425.0
4300.0,1035.0,983.0,1007.0,421.0,436.0,418.0
4308.0,1014.0,998.0,1008.0,437.0,431.0,420.0
4269.0,985.0,991.0,987.0,440.0,435.0,431.0
4362.0,1011.0,974.0,1040.0,450.0,438.0,449.0
4164.0,972.0,923.0,999.0,414.0,440.0,416.0
4319.0,996.0,1009.0,1010.0,434.0,431.0,439.0
4225.0,968.0,987.0,967.0,430.0,439.0,434.0
4081.0,951.0,916.0,970.0,410.0,410.0,424.0
4269.0,991.0,1019.0,980.0,415.0,435.0,429.0
4038.0,918.0,936.0,974.0,391.0,422.0,397.0
4253.0,983.0,1002.0,1024.0,398.0,429.0,417.0
3942.0,938.0,917.0,945.0,384.0,383.0,375.0
4023.0,968.0,954.0,926.0,394.0,396.0,385.0
3985.0,950.0,941.0,933.0,379.0,392.0,390.0
3971.0,965.0,923.0,904.0,400.0,384.0,395.0
3921.0,942.0,936.0,889.0,379.0,384.0,391.0
3941.0,914.0,940.0,932.0,390.0,392.0,373.0
3933.0,894.0,933.0,907.0,395.0,386.0,418.0
3825.0,866.0,919.0,896.0,379.0,389.0,376.0
3983.0,950.0,939.0,935.0,391.0,376.0,392.0
4040.0,923.0,951.0,946.0,402.0,404.0,414.0
4008.0,923.0,929.0,951.0,409.0,400.0,396.0
3955.0,920.0,903.0,984.0,394.0,375.0,379.0
4140.0,985.0,956.0,966.0,416.0,416.0,401.0
4203.0,967.0,980.0,1000.0,440.0,406.0,410.0
4053.0,961.0,904.0,973.0,411.0,403.0,401.0
4222.0,1017.0,984.0,980.0,428.0,405.0,408.0
4327.0,1034.0,979.0,1025.0,442.0,417.0,430.0
4272.0,997.0,1024.0,1008.0,421.0,422.0,400.0
4269.0,978.0,1040.0,992.0,438.0,400.0,421.0
4447.0,1052.0,1056.0,1038.0,440.0,439.0,422.0
4221.0,935.0,983.0,1025.0,430.0,440.0,408.0
4352.0,1009.0,1025.0,1011.0,451.0,407.0,449.0
4316.0,1003.0,1001.0,987.0,441.0,435.0,449.0
4266.0,996.0,986.0,963.0,438.0,449.0,434.0
4076.0,952.0,931.0,960.0,411.0,413.0,409.0
4089.0,963.0,944.0,933.0,420.0,419.0,410.0
4162.0,1004.0,958.0,932.0,424.0,427.0,417.0
4031.0,948.0,932.0,905.0,423.0,417.0,406.0
4014.0,939.0,930.0,921.0,403.0,427.0,394.0
3823.0,921.0,855.0,874.0,385.0,405.0,383.0
4137.0,962.0,954.0,936.0,427.0,432.0,426.0
4179.0,982.0,986.0,959.0,408.0,419.0,425.0
3986.0,956.0,910.0,949.0,378.0,395.0,398.0
4120.0,933.0,974.0,970.0,406.0,410.0,427.0
4035.0,941.0,942.0,937.0,398.0,402.0,415.0
4026.0,923.0,935.0,958.0,392.0,424.0,394.0
4081.0,972.0,957.0,950.0,399.0,405.0,398.0
4166.0,938.0,1021.0,960.0,425.0,411.0,411.0
4201.0,969.0,995.0,1009.0,413.0,401.0,414.0
4089.0,940.0,962.0,985.0,398.0,403.0,401.0
4161.0,1005.0,975.0,971.0,402.0,390.0,418.0
4207.0,977.0,947.0,1003.0,433.0,420.0,427.0
4341.0,1066.0,943.0,1029.0,456.0,419.0,428.0
4253.0,1036.0,944.0,1024.0,419.0,424.0,406.0
4324.0,1039.0,984.0,1040.0,415.0,426.0,420.0
4364.0,1022.0,979.0,1063.0,439.0,432.0,429.0
4220.0,961.0,967.0,988.0,445.0,440.0,419.0
4318.0,1000.0,956.0,1059.0,451.0,426.0,426.0
4310.0,969.0,1010.0,1019.0,459.0,430.0,423.0
4286.0,982.0,1019.0,993.0,429.0,425.0,438.0
4050.0,944.0,975.0,920.0,406.0,396.0,409.0
4135.0,962.0,984.0,959.0,410.0,416.0,404.0
4176.0,1005.0,967.0,971.0,422.0,416.0,395.0
4067.0,959.0,970.0,935.0,409.0,395.0,399.0
4110.0,960.0,951.0,949.0,430.0,407.0,413.0
4060.0,950.0,993.0,896.0,413.0,409.0,399.0
4102.0,941.0,993.0,938.0,405.0,424.0,401.0
3995.0,930.0,929.0,911.0,397.0,421.0,407.0
4140.0,983.0,978.0,955.0,404.0,425.0,395.0
3993.0,927.0,942.0,908.0,392.0,420.0,404.0
4038.0,930.0,943.0,950.0,377.0,428.0,410.0
4055.0,907.0,986.0,943.0,405.0,404.0,410.0
4122.0,984.0,937.0,961.0,395.0,421.0,424.0
4208.0,976.0,941.0,1008.0,424.0,438.0,421.0
4311.0,1048.0,947.0,1024.0,430.0,427.0,435.0
4305.0,990.0,1002.0,1035.0,412.0,434.0,432.0
4227.0,998.0,940.0,1009.0,405.0,454.0,421.0
4370.0,1087.0,1000.0,962.0,429.0,438.0,454.0
4242.0,995.0,958.0,1006.0,424.0,416.0,443.0
4482.0,1061.0,1051.0,1028.0,441.0,443.0,458.0
4320.0,1010.0,1018.0,1003.0,436.0,415.0,438.0
4359.0,987.0,1047.0,1018.0,434.0,435.0,438.0
4566.0,1082.0,1036.0,1065.0,469.0,467.0,447.0
4451.0,1004.0,1036.0,1071.0,452.0,444.0,444.0
4405.0,1025.0,1042.0,1016.0,447.0,438.0,437.0
4293.0,1012.0,1012.0,991.0,434.0,419.0,425.0
4285.0,958.0,1029.0,1015.0,437.0,413.0,433.0
4110.0,934.0,979.0,940.0,416.0,417.0,424.0
4129.0,947.0,976.0,966.0,422.0,407.0,411.0
4209.0,985.0,969.0,1001.0,431.0,408.0,415.0
4265.0,1024.0,1012.0,978.0,420.0,416.0,415.0
4134.0,1008.0,913.0,972.0,418.0,407.0,416.0
4103.0,978.0,941.0,947.0,411.0,419.0,407.0
4151.0,990.0,936.0,977.0,416.0,414.0,418.0
4170.0,999.0,928.0,1023.0,403.0,416.0,401.0
4192.0,967.0,992.0,1009.0,403.0,421.0,400.0
4096.0,942.0,974.0,951.0,409.0,418.0,402.0
4170.0,936.0,993.0,998.0,420.0,427.0,396.0
4180.0,979.0,969.0,988.0,419.0,419.0,406.0
4275.0,989.0,1019.0,981.0,423.0,436.0,427.0
4234.0,969.0,1014.0,1009.0,413.0,419.0,410.0
4284.0,1003.0,1027.0,1004.0,411.0,428.0,411.0
4496.0,1063.0,1054.0,1059.0,437.0,435.0,448.0
4431.0,1068.0,1049.0,1019.0,414.0,459.0,422.0
4541.0,1061.0,1082.0,1063.0,441.0,447.0,447.0
4513.0,1017.0,1084.0,1074.0,445.0,457.0,436.0
4472.0,1063.0,1069.0,1021.0,437.0,454.0,428.0
4405.0,1006.0,1018.0,1043.0,440.0,456.0,442.0
4468.0,1057.0,1054.0,972.0,466.0,456.0,463.0
4170.0,962.0,947.0,975.0,424.0,428.0,434.0
4436.0,1064.0,980.0,1039.0,450.0,457.0,446.0
4452.0,1018.0,1035.0,1030.0,451.0,458.0,460.0
4569.0,1064.0,1016.0,1076.0,474.0,465.0,474.0
4116.0,945.0,963.0,930.0,430.0,426.0,422.0
4181.0,943.0,971.0,969.0,432.0,429.0,437.0
4299.0,1013.0,991.0,1006.0,443.0,414.0,432.0
4327.0,1018.0,1025.0,993.0,438.0,413.0,440.0
4021.0,976.0,979.0,878.0,400.0,382.0,406.0
4261.0,993.0,1005.0,986.0,422.0,414.0,441.0
4120.0,931.0,986.0,992.0,404.0,388.0,419.0
4131.0,936.0,993.0,961.0,411.0,408.0,422.0
4281.0,973.0,1005.0,1052.0,429.0,414.0,408.0
4047.0,940.0,938.0,944.0,404.0,397.0,424.0
4167.0,925.0,995.0,997.0,409.0,417.0,424.0
4173.0,951.0,991.0,1007.0,416.0,404.0,404.0
4320.0,994.0,998.0,1026.0,429.0,429.0,444.0
4264.0,971.0,1026.0,1007.0,426.0,424.0,410.0
4450.0,1058.0,1017.0,1046.0,446.0,443.0,440.0
4368.0,1066.0,980.0,989.0,450.0,447.0,436.0
4435.0,1054.0,1015.0,1036.0,435.0,445.0,450.0
4264.0,994.0,990.0,981.0,418.0,441.0,440.0
4349.0,1045.0,1035.0,982.0,414.0,451.0,422.0
4534.0,1084.0,1036.0,1054.0,445.0,465.0,450.0
4299.0,1037.0,1017.0,979.0,414.0,436.0,416.0
4350.0,1003.0,1025.0,1014.0,444.0,437.0,427.0
4359.0,994.0,1027.0,1003.0,448.0,440.0,447.0
4241.0,944.0,1022.0,951.0,436.0,459.0,429.0
4438.0,978.0,1082.0,1043.0,442.0,456.0,437.0
4331.0,1011.0,1006.0,1008.0,451.0,434.0,421.0
4454.0,1039.0,1081.0,1026.0,445.0,439.0,424.0
4450.0,1051.0,1037.0,1024.0,454.0,451.0,433.0
4336.0,1002.0,1018.0,1040.0,422.0,429.0,425.0
4315.0,987.0,993.0,1012.0,446.0,441.0,436.0
4303.0,985.0,1014.0,1020.0,440.0,429.0,415.0
4439.0,1021.0,1007.0,1086.0,444.0,442.0,439.0
4219.0,985.0,941.0,1020.0,419.0,429.0,425.0
4111.0,990.0,907.0,987.0,417.0,393.0,417.0
4173.0,946.0,961.0,998.0,435.0,411.0,422.0
4210.0,1017.0,955.0,968.0,407.0,431.0,432.0
4259.0,974.0,971.0,1019.0,436.0,428.0,431.0
4396.0,1008.0,1027.0,1064.0,429.0,418.0,450.0
4263.0,998.0,986.0,993.0,422.0,433.0,431.0
4442.0,1026.0,1021.0,1066.0,436.0,447.0,446.0
4281.0,975.0,1007.0,994.0,427.0,434.0,444.0
4514.0,1062.0,1046.0,1040.0,442.0,453.0,471.0
4653.0,1137.0,1090.0,1047.0,458.0,457.0,464.0
4612.0,1068.0,1078.0,1070.0,459.0,457.0,480.0
4488.0,1014.0,1097.0,1048.0,427.0,438.0,464.0
4604.0,1071.0,1117.0,1063.0,437.0,439.0,477.0
4401.0,1018.0,1045.0,1027.0,433.0,427.0,451.0
4420.0,999.0,1073.0,1030.0,430.0,438.0,450.0
4524.0,1028.0,1077.0,1067.0,444.0,445.0,463.0
4459.0,1029.0,1048.0,1040.0,437.0,448.0,457.0
4466.0,1014.0,1025.0,1062.0,455.0,443.0,467.0
4583.0,1068.0,1051.0,1086.0,472.0,464.0,442.0
4219.0,992.0,992.0,977.0,424.0,410.0,424.0
4357.0,1024.0,1006.0,989.0,455.0,430.0,453.0
4606.0,1089.0,1037.0,1092.0,466.0,472.0,450.0
4334.0,1060.0,966.0,1035.0,427.0,424.0,422.0
4356.0,1044.0,973.0,1022.0,453.0,434.0,430.0
4264.0,950.0,1004.0,1010.0,437.0,437.0,426.0
4397.0,1015.0,1038.0,1028.0,450.0,437.0,429.0
4163.0,930.0,992.0,996.0,430.0,418.0,397.0
4139.0,948.0,978.0,959.0,415.0,420.0,419.0
4260.0,989.0,1018.0,971.0,434.0,433.0,415.0
4382.0,990.0,1054.0,1029.0,433.0,445.0,431.0
4318.0,995.0,996.0,1007.0,433.0,452.0,435.0
4319.0,1035.0,1006.0,1000.0,433.0,426.0,419.0
4293.0,975.0,991.0,1021.0,424.0,448.0,434.0
4509.0,1064.0,1043.0,1057.0,438.0,463.0,444.0
4352.0,1055.0,1012.0,992.0,422.0,446.0,425.0
4472.0,1077.0,1023.0,1027.0,451.0,446.0,448.0
4459.0,1048.0,1034.0,1056.0,437.0,446.0,438.0
4348.0,1049.0,953.0,1016.0,433.0,450.0,447.0
4541.0,1094.0,1052.0,1050.0,442.0,452.0,451.0
4601.0,1084.0,1043.0,1105.0,451.0,450.0,468.0
4643.0,1082.0,1112.0,1071.0,465.0,443.0,470.0
4563.0,1063.0,1034.0,1103.0,448.0,447.0,468.0
4388.0,1032.0,1022.0,1017.0,439.0,423.0,455.0
4378.0,995.0,1027.0,1048.0,437.0,428.0,443.0
4632.0,1052.0,1109.0,1092.0,447.0,452.0,480.0
4511.0,1056.0,1034.0,1079.0,444.0,449.0,449.0
4253.0,942.0,1024.0,983.0,433.0,423.0,448.0
4554.0,1075.0,1085.0,1038.0,457.0,428.0,471.0
4412.0,1035.0,1029.0,1037.0,428.0,437.0,446.0
4261.0,990.0,977.0,1005.0,434.0,410.0,445.0
4384.0,1017.0,1024.0,1002.0,442.0,439.0,460.0
4490.0,1038.0,1035.0,1039.0,476.0,437.0,465.0
4412.0,1030.0,1011.0,1052.0,436.0,445.0,438.0
4271.0,977.0,969.0,1000.0,452.0,449.0,424.0
4259.0,1005.0,996.0,959.0,434.0,428.0,437.0
4325.0,1001.0,997.0,1027.0,421.0,439.0,440.0
4263.0,967.0,1001.0,995.0,422.0,442.0,436.0
4352.0,1003.0,1023.0,1014.0,429.0,444.0,439.0
4453.0,1054.0,1017.0,1036.0,442.0,451.0,453.0
4508.0,1074.0,1026.0,1030.0,467.0,470.0,441.0
4576.0,1083.0,1087.0,1039.0,465.0,453.0,449.0
4516.0,1077.0,1016.0,1046.0,464.0,461.0,452.0
4623.0,1095.0,1112.0,1044.0,443.0,470.0,459.0
4688.0,1094.0,1132.0,1082.0,457.0,466.0,457.0
4608.0,1096.0,1094.0,1044.0,448.0,464.0,462.0
4697.0,1058.0,1119.0,1124.0,465.0,475.0,456.0
4759.0,1080.0,1167.0,1141.0,451.0,458.0,462.0
4533.0,1014.0,1071.0,1097.0,454.0,459.0,438.0
4576.0,1044.0,1090.0,1100.0,453.0,439.0,450.0
4422.0,1018.0,1045.0,1038.0,430.0,454.0,437.0
4437.0,1029.0,1023.0,1087.0,422.0,439.0,437.0
4576.0,1021.0,1078.0,1092.0,465.0,466.0,454.0
4438.0,1086.0,1040.0,1001.0,419.0,453.0,439.0
4404.0,1079.0,1009.0,1009.0,439.0,423.0,445.0
4356.0,1039.0,1023.0,1014.0,429.0,424.0,427.0
4332.0,1048.0,987.0,995.0,440.0,432.0,430.0
4445.0,1025.0,1015.0,1054.0,462.0,454.0,435.0
4434.0,1051.0,1031.0,1026.0,445.0,447.0,434.0
4431.0,1044.0,1052.0,1006.0,458.0,427.0,444.0
4315.0,980.0,1055.0,955.0,445.0,443.0,437.0
4502.0,1071.0,1065.0,1030.0,469.0,423.0,444.0
4454.0,1013.0,1056.0,1006.0,469.0,445.0,465.0
4478.0,1041.0,1086.0,1011.0,456.0,430.0,454.0
4486.0,1036.0,1048.0,1021.0,470.0,443.0,468.0
4487.0,1053.0,1046.0,1026.0,451.0,458.0,453.0
4630.0,1056.0,1113.0,1080.0,451.0,457.0,473.0
4613.0,1069.0,1094.0,1026.0,480.0,461.0,483.0
4746.0,1105.0,1125.0,1101.0,472.0,463.0,480.0
4601.0,1061.0,1085.0,1054.0,469.0,453.0,479.0
4576.0,1070.0,1046.0,1081.0,458.0,453.0,468.0
4700.0,1115.0,1047.0,1105.0,481.0,469.0,483.0
4675.0,1064.0,1044.0,1141.0,475.0,482.0,469.0
4784.0,1073.0,1103.0,1149.0,473.0,498.0,488.0
4717.0,1080.0,1090.0,1123.0,460.0,483.0,481.0
4700.0,1068.0,1136.0,1080.0,459.0,472.0,485.0
4682.0,1067.0,1091.0,1124.0,469.0,472.0,459.0
4535.0,1046.0,1070.0,1057.0,445.0,474.0,443.0
4610.0,1041.0,1107.0,1095.0,441.0,471.0,455.0
4794.0,1111.0,1123.0,1142.0,461.0,482.0,475.0
4474.0,1040.0,1090.0,1030.0,443.0,433.0,438.0
4439.0,1051.0,1081.0,1007.0,433.0,456.0,411.0
4351.0,1046.0,1034.0,976.0,425.0,439.0,431.0
4421.0,1064.0,1021.0,1008.0,430.0,461.0,437.0
4460.0,1067.0,1054.0,988.0,452.0,454.0,445.0
4463.0,1028.0,1070.0,1009.0,461.0,459.0,436.0
4472.0,1024.0,1059.0,1040.0,448.0,452.0,449.0
4421.0,1001.0,1080.0,1027.0,435.0,442.0,436.0
4399.0,979.0,1049.0,1028.0,454.0,452.0,437.0
4425.0,1006.0,1032.0,1014.0,462.0,464.0,447.0
4497.0,1036.0,1042.0,1062.0,466.0,440.0,451.0
4607.0,1082.0,1056.0,1078.0,471.0,458.0,462.0
4578.0,1044.0,1052.0,1096.0,476.0,452.0,458.0
4917.0,1183.0,1113.0,1186.0,500.0,460.0,475.0
4880.0,1172.0,1125.0,1125.0,501.0,471.0,486.0
4657.0,1141.0,1059.0,1050.0,481.0,463.0,463.0
4727.0,1109.0,1095.0,1120.0,462.0,465.0,476.0
4634.0,1089.0,1064.0,1097.0,464.0,463.0,457.0
4742.0,1084.0,1086.0,1146.0,466.0,472.0,488.0
4698.0,1103.0,1101.0,1104.0,472.0,458.0,460.0
4597.0,1045.0,1055.0,1103.0,463.0,459.0,472.0
4669.0,1067.0,1089.0,1099.0,465.0,465.0,484.0
4760.0,1107.0,1098.0,1141.0,464.0,463.0,487.0
4588.0,1107.0,1039.0,1054.0,447.0,473.0,468.0
4621.0,1066.0,1073.0,1080.0,454.0,471.0,477.0
4603.0,1062.0,1081.0,1082.0,440.0,468.0,470.0
4466.0,1025.0,1049.0,1039.0,440.0,452.0,461.0
4562.0,1124.0,1024.0,1045.0,424.0,472.0,473.0
4488.0,1080.0,1054.0,1013.0,435.0,445.0,461.0
4262.0,975.0,992.0,1004.0,421.0,442.0,428.0
4476.0,1076.0,1002.0,1051.0,447.0,447.0,453.0
4407.0,1038.0,1028.0,1020.0,430.0,438.0,453.0
4500.0,1035.0,1043.0,1048.0,454.0,468.0,452.0
4528.0,1014.0,1041.0,1082.0,462.0,461.0,468.0
4579.0,1055.0,1053.0,1089.0,469.0,461.0,452.0
4507.0,1044.0,1051.0,1036.0,461.0,470.0,445.0
4700.0,1094.0,1088.0,1105.0,473.0,464.0,476.0
4740.0,1113.0,1104.0,1121.0,469.0,473.0,460.0
4745.0,1121.0,1091.0,1115.0,468.0,462.0,488.0
4815.0,1139.0,1115.0,1142.0,487.0,465.0,467.0
4769.0,1122.0,1117.0,1121.0,470.0,466.0,473.0
4757.0,1091.0,1106.0,1141.0,474.0,472.0,473.0
4708.0,1089.0,1077.0,1143.0,482.0,455.0,462.0
4831.0,1141.0,1097.0,1161.0,475.0,494.0,463.0
4840.0,1133.0,1136.0,1128.0,488.0,479.0,476.0
4814.0,1113.0,1137.0,1148.0,485.0,469.0,462.0
4762.0,1122.0,1103.0,1117.0,483.0,465.0,472.0
4771.0,1109.0,1112.0,1118.0,481.0,477.0,474.0
4649.0,1103.0,1078.0,1055.0,474.0,473.0,466.0
4633.0,1067.0,1086.0,1090.0,480.0,451.0,459.0
4559.0,1082.0,1066.0,1037.0,455.0,437.0,482.0
4527.0,1088.0,1101.0,1026.0,432.0,438.0,442.0
4482.0,1049.0,1041.0,1037.0,440.0,475.0,440.0
4615.0,1128.0,1067.0,1061.0,451.0,455.0,453.0
4606.0,1121.0,1100.0,1018.0,442.0,469.0,456.0
4670.0,1116.0,1113.0,1075.0,456.0,458.0,452.0
4408.0,1032.0,1043.0,1015.0,429.0,462.0,427.0
4599.0,1045.0,1086.0,1094.0,461.0,450.0,463.0
4539.0,1029.0,1079.0,1086.0,443.0,449.0,453.0
4356.0,1009.0,1037.0,1013.0,420.0,440.0,437.0
4586.0,1043.0,1078.0,1096.0,452.0,460.0,457.0
4713.0,1080.0,1124.0,1095.0,464.0,474.0,476.0
4617.0,1070.0,1085.0,1074.0,461.0,469.0,458.0
4749.0,1086.0,1116.0,1115.0,473.0,463.0,496.0
4886.0,1148.0,1125.0,1160.0,476.0,489.0,488.0
4751.0,1135.0,1033.0,1125.0,478.0,484.0,496.0
4834.0,1124.0,1082.0,1153.0,496.0,476.0,503.0
4857.0,1155.0,1099.0,1131.0,482.0,478.0,512.0
4879.0,1156.0,1123.0,1108.0,497.0,504.0,491.0
4783.0,1119.0,1103.0,1128.0,483.0,468.0,482.0
4753.0,1108.0,1093.0,1106.0,479.0,475.0,492.0
4895.0,1109.0,1166.0,1143.0,503.0,471.0,503.0
4945.0,1167.0,1147.0,1145.0,500.0,498.0,488.0
4732.0,1061.0,1136.0,1094.0,493.0,464.0,484.0
4637.0,1041.0,1128.0,1057.0,476.0,462.0,473.0
4865.0,1137.0,1160.0,1118.0,491.0,478.0,481.0
4762.0,1122.0,1144.0,1092.0,473.0,459.0,472.0
4744.0,1095.0,1168.0,1060.0,483.0,465.0,473.0
4754.0,1119.0,1128.0,1089.0,488.0,459.0,471.0
4590.0,1090.0,1060.0,1083.0,448.0,457.0,452.0
4586.0,1079.0,1044.0,1106.0,449.0,461.0,447.0
4696.0,1124.0,1073.0,1120.0,467.0,455.0,457.0
4480.0,1047.0,1059.0,1043.0,451.0,448.0,432.0
4397.0,1049.0,1011.0,1036.0,442.0,434.0,425.0
4558.0,1082.0,1062.0,1065.0,441.0,454.0,454.0
4485.0,1040.0,1022.0,1068.0,443.0,452.0,460.0
4597.0,1055.0,1054.0,1093.0,470.0,465.0,460.0
4726.0,1082.0,1092.0,1151.0,481.0,472.0,448.0
4610.0,1067.0,1080.0,1086.0,454.0,474.0,449.0
4785.0,1099.0,1111.0,1124.0,494.0,484.0,473.0
4920.0,1170.0,1154.0,1168.0,468.0,491.0,469.0
4845.0,1102.0,1151.0,1129.0,495.0,490.0,478.0
4956.0,1188.0,1193.0,1103.0,486.0,493.0,493.0
4829.0,1088.0,1174.0,1131.0,484.0,484.0,468.0
4914.0,1151.0,1166.0,1141.0,495.0,491.0,470.0
4917.0,1130.0,1186.0,1123.0,486.0,517.0,475.0
4918.0,1155.0,1159.0,1114.0,510.0,489.0,491.0
4835.0,1103.0,1125.0,1119.0,514.0,484.0,490.0
4823.0,1097.0,1160.0,1078.0,516.0,492.0,480.0
4887.0,1122.0,1108.0,1161.0,497.0,503.0,496.0
4979.0,1115.0,1194.0,1162.0,505.0,502.0,501.0
4689.0,1062.0,1083.0,1079.0,495.0,479.0,491.0
4672.0,1118.0,1074.0,1056.0,458.0,479.0,487.0
4567.0,1047.0,1063.0,1045.0,468.0,466.0,478.0
4928.0,1183.0,1110.0,1156.0,493.0,492.0,494.0
4818.0,1140.0,1067.0,1144.0,490.0,464.0,513.0
4772.0,1125.0,1112.0,1122.0,467.0,479.0,467.0
4547.0,1064.0,1045.0,1067.0,451.0,453.0,467.0
4628.0,1067.0,1064.0,1114.0,454.0,454.0,475.0
4591.0,1088.0,1079.0,1081.0,438.0,445.0,460.0
4607.0,1048.0,1103.0,1075.0,454.0,463.0,464.0
4576.0,1017.0,1120.0,1070.0,446.0,453.0,470.0
4707.0,1075.0,1126.0,1092.0,494.0,455.0,465.0
4646.0,1032.0,1138.0,1102.0,454.0,460.0,460.0
4800.0,1101.0,1152.0,1131.0,472.0,476.0,468.0
4906.0,1154.0,1128.0,1168.0,487.0,490.0,479.0
4755.0,1139.0,1085.0,1119.0,465.0,472.0,475.0
4834.0,1140.0,1134.0,1126.0,469.0,469.0,496.0
4874.0,1162.0,1131.0,1117.0,500.0,495.0,469.0
4803.0,1138.0,1113.0,1120.0,476.0,479.0,477.0
4876.0,1149.0,1140.0,1096.0,504.0,497.0,490.0
4839.0,1158.0,1128.0,1100.0,502.0,482.0,469.0
4898.0,1153.0,1136.0,1103.0,518.0,499.0,489.0
5063.0,1178.0,1167.0,1207.0,512.0,503.0,496.0
4997.0,1145.0,1184.0,1138.0,522.0,514.0,494.0
4842.0,1082.0,1162.0,1138.0,495.0,489.0,476.0
5017.0,1176.0,1173.0,1159.0,510.0,500.0,499.0
4887.0,1144.0,1141.0,1144.0,479.0,488.0,491.0
4860.0,1097.0,1161.0,1119.0,507.0,505.0,471.0
4786.0,1129.0,1117.0,1084.0,495.0,480.0,481.0
4801.0,1104.0,1116.0,1118.0,483.0,496.0,484.0
4896.0,1134.0,1176.0,1147.0,463.0,504.0,472.0
4906.0,1114.0,1171.0,1160.0,488.0,498.0,475.0
4682.0,1106.0,1093.0,1105.0,462.0,459.0,457.0
4658.0,1068.0,1064.0,1102.0,476.0,482.0,466.0
4744.0,1078.0,1096.0,1126.0,468.0,489.0,487.0
4610.0,1040.0,1055.0,1123.0,456.0,473.0,463.0
4731.0,1095.0,1112.0,1104.0,461.0,486.0,473.0
4758.0,1079.0,1118.0,1114.0,485.0,469.0,493.0
4751.0,1078.0,1103.0,1122.0,484.0,479.0,485.0
4617.0,1113.0,1033.0,1081.0,456.0,466.0,468.0
4926.0,1183.0,1127.0,1156.0,484.0,477.0,499.0
4895.0,1145.0,1115.0,1157.0,490.0,484.0,504.0
4991.0,1202.0,1169.0,1138.0,484.0,488.0,510.0
4962.0,1169.0,1147.0,1120.0,523.0,486.0,517.0
4889.0,1162.0,1182.0,1092.0,485.0,460.0,508.0
5028.0,1229.0,1149.0,1126.0,504.0,504.0,516.0
5205.0,1213.0,1219.0,1206.0,510.0,530.0,527.0
5071.0,1210.0,1188.0,1156.0,511.0,510.0,496.0
4810.0,1120.0,1144.0,1081.0,492.0,486.0,487.0
4919.0,1131.0,1166.0,1159.0,494.0,481.0,488.0
4837.0,1141.0,1139.0,1090.0,491.0,484.0,492.0
4935.0,1129.0,1183.0,1169.0,495.0,477.0,482.0
4835.0,1096.0,1145.0,1137.0,489.0,496.0,472.0
4842.0,1132.0,1073.0,1150.0,502.0,497.0,488.0
4777.0,1097.0,1093.0,1125.0,505.0,465.0,492.0
4699.0,1089.0,1077.0,1106.0,471.0,474.0,482.0
4850.0,1130.0,1127.0,1144.0,489.0,470.0,490.0
4880.0,1159.0,1106.0,1163.0,487.0,481.0,484.0
4621.0,1068.0,1089.0,1091.0,448.0,479.0,446.0
4515.0,1046.0,1030.0,1063.0,460.0,471.0,445.0
4755.0,1103.0,1064.0,1133.0,483.0,492.0,480.0
4826.0,1122.0,1144.0,1132.0,486.0,475.0,467.0
4839.0,1099.0,1173.0,1120.0,485.0,487.0,475.0
4812.0,1079.0,1132.0,1134.0,492.0,491.0,484.0
4692.0,1047.0,1144.0,1089.0,459.0,490.0,463.0
4877.0,1127.0,1170.0,1125.0,476.0,505.0,474.0
5071.0,1183.0,1229.0,1157.0,513.0,504.0,485.0
4942.0,1171.0,1176.0,1139.0,483.0,502.0,471.0
4952.0,1177.0,1158.0,1146.0,473.0,493.0,505.0
4911.0,1162.0,1151.0,1132.0,475.0,502.0,489.0
4939.0,1166.0,1173.0,1118.0,493.0,489.0,500.0
5041.0,1216.0,1166.0,1154.0,509.0,485.0,511.0
5054.0,1166.0,1168.0,1186.0,498.0,522.0,514.0
5092.0,1205.0,1184.0,1177.0,503.0,506.0,517.0
4939.0,1106.0,1150.0,1179.0,516.0,498.0,490.0
5110.0,1181.0,1218.0,1189.0,502.0,507.0,513.0
5175.0,1183.0,1191.0,1242.0,522.0,512.0,525.0
5010.0,1126.0,1175.0,1203.0,499.0,487.0,520.0
5007.0,1175.0,1144.0,1187.0,509.0,479.0,513.0
4995.0,1130.0,1164.0,1192.0,511.0,491.0,507.0
4804.0,1115.0,1098.0,1144.0,490.0,468.0,489.0
4942.0,1170.0,1168.0,1129.0,496.0,475.0,504.0
4974.0,1137.0,1179.0,1195.0,479.0,485.0,499.0
4869.0,1125.0,1142.0,1172.0,480.0,477.0,473.0
4649.0,1084.0,1078.0,1076.0,481.0,452.0,478.0
5004.0,1169.0,1211.0,1146.0,498.0,479.0,501.0
4969.0,1104.0,1202.0,1181.0,501.0,490.0,491.0
4821.0,1139.0,1107.0,1126.0,477.0,488.0,484.0
4776.0,1098.0,1106.0,1102.0,501.0,486.0,483.0
4770.0,1105.0,1110.0,1097.0,482.0,485.0,491.0
4861.0,1107.0,1117.0,1132.0,507.0,490.0,508.0
4918.0,1146.0,1131.0,1148.0,484.0,497.0,512.0
4999.0,1198.0,1149.0,1156.0,482.0,509.0,505.0
4926.0,1177.0,1114.0,1138.0,498.0,514.0,485.0
5057.0,1180.0,1186.0,1170.0,495.0,526.0,500.0
5104.0,1214.0,1185.0,1184.0,505.0,507.0,509.0
5038.0,1209.0,1170.0,1153.0,507.0,519.0,480.0
5044.0,1190.0,1206.0,1171.0,483.0,499.0,495.0
5209.0,1204.0,1240.0,1208.0,527.0,531.0,499.0
5189.0,1210.0,1219.0,1224.0,512.0,511.0,513.0
5206.0,1209.0,1225.0,1205.0,513.0,534.0,520.0
5004.0,1129.0,1203.0,1158.0,487.0,524.0,503.0
4974.0,1111.0,1190.0,1188.0,492.0,486.0,507.0
5128.0,1171.0,1219.0,1195.0,511.0,515.0,517.0
5007.0,1187.0,1141.0,1174.0,506.0,513.0,486.0
4998.0,1144.0,1158.0,1223.0,500.0,487.0,486.0
4976.0,1156.0,1138.0,1190.0,511.0,497.0,484.0
4771.0,1154.0,1092.0,1099.0,483.0,473.0,470.0
4896.0,1192.0,1118.0,1130.0,490.0,494.0,472.0
4743.0,1134.0,1083.0,1101.0,479.0,473.0,473.0
4837.0,1162.0,1070.0,1164.0,510.0,460.0,471.0
4818.0,1155.0,1111.0,1111.0,490.0,474.0,477.0
4881.0,1127.0,1145.0,1139.0,486.0,486.0,498.0
4636.0,1057.0,1054.0,1099.0,474.0,463.0,489.0
4903.0,1123.0,1159.0,1115.0,517.0,490.0,499.0
4846.0,1116.0,1133.0,1124.0,508.0,468.0,497.0
4973.0,1147.0,1185.0,1148.0,504.0,492.0,497.0
5033.0,1159.0,1181.0,1172.0,501.0,491.0,529.0
5154.0,1187.0,1224.0,1200.0,511.0,504.0,528.0
5004.0,1154.0,1213.0,1129.0,506.0,495.0,507.0
5034.0,1150.0,1181.0,1187.0,499.0,498.0,519.0
5050.0,1195.0,1188.0,1157.0,469.0,520.0,521.0
5282.0,1209.0,1230.0,1268.0,512.0,537.0,526.0
5198.0,1229.0,1193.0,1217.0,507.0,519.0,533.0
5215.0,1203.0,1228.0,1226.0,501.0,527.0,530.0
5184.0,1193.0,1209.0,1225.0,510.0,509.0,538.0
5315.0,1267.0,1223.0,1242.0,513.0,541.0,529.0
5151.0,1192.0,1173.0,1207.0,499.0,542.0,538.0
5223.0,1189.0,1205.0,1247.0,524.0,526.0,532.0
5034.0,1159.0,1163.0,1172.0,507.0,530.0,503.0
5068.0,1155.0,1166.0,1229.0,492.0,518.0,508.0
4915.0,1181.0,1105.0,1139.0,494.0,500.0,496.0
4926.0,1166.0,1138.0,1154.0,498.0,484.0,486.0
4930.0,1155.0,1147.0,1147.0,500.0,493.0,488.0
5062.0,1187.0,1182.0,1181.0,496.0,505.0,511.0
5017.0,1172.0,1152.0,1179.0,507.0,511.0,496.0
4844.0,1157.0,1097.0,1143.0,487.0,482.0,478.0
4839.0,1117.0,1169.0,1090.0,499.0,506.0,458.0
5004.0,1163.0,1179.0,1160.0,506.0,499.0,497.0
4922.0,1164.0,1138.0,1134.0,488.0,502.0,496.0
4928.0,1136.0,1150.0,1171.0,496.0,495.0,480.0
4977.0,1137.0,1172.0,1156.0,521.0,507.0,484.0
5034.0,1176.0,1158.0,1175.0,506.0,510.0,509.0
5082.0,1210.0,1186.0,1164.0,509.0,505.0,508.0
5115.0,1219.0,1152.0,1202.0,511.0,519.0,512.0
5075.0,1215.0,1143.0,1215.0,502.0,511.0,489.0
5060.0,1195.0,1124.0,1223.0,503.0,513.0,502.0
5217.0,1252.0,1206.0,1209.0,526.0,518.0,506.0
5328.0,1305.0,1153.0,1284.0,544.0,507.0,535.0
5166.0,1191.0,1209.0,1211.0,524.0,520.0,511.0
5254.0,1238.0,1208.0,1261.0,510.0,517.0,520.0
5275.0,1228.0,1224.0,1258.0,516.0,512.0,537.0
5190.0,1218.0,1206.0,1249.0,501.0,502.0,514.0
5124.0,1184.0,1235.0,1162.0,499.0,515.0,529.0
5057.0,1114.0,1189.0,1228.0,503.0,515.0,508.0
5172.0,1228.0,1223.0,1204.0,506.0,501.0,510.0
5232.0,1176.0,1275.0,1221.0,498.0,522.0,540.0
5055.0,1184.0,1178.0,1157.0,499.0,513.0,524.0
5236.0,1218.0,1220.0,1212.0,523.0,532.0,531.0
5069.0,1195.0,1204.0,1153.0,503.0,515.0,499.0
4939.0,1182.0,1166.0,1115.0,483.0,503.0,490.0
4927.0,1154.0,1140.0,1133.0,502.0,485.0,513.0
4913.0,1170.0,1144.0,1112.0,486.0,494.0,507.0
4966.0,1180.0,1137.0,1128.0,500.0,514.0,507.0
4912.0,1165.0,1133.0,1115.0,495.0,499.0,505.0
4922.0,1124.0,1136.0,1155.0,486.0,509.0,512.0
4906.0,1140.0,1137.0,1131.0,494.0,510.0,494.0
5002.0,1173.0,1123.0,1199.0,500.0,504.0,503.0
4906.0,1125.0,1131.0,1158.0,492.0,506.0,494.0
4953.0,1156.0,1126.0,1155.0,507.0,495.0,514.0
5102.0,1191.0,1190.0,1183.0,515.0,513.0,510.0
5163.0,1217.0,1217.0,1180.0,527.0,506.0,516.0
5224.0,1227.0,1213.0,1210.0,524.0,532.0,518.0
5202.0,1229.0,1256.0,1218.0,515.0,491.0,493.0
5208.0,1233.0,1231.0,1185.0,529.0,519.0,511.0
5394.0,1289.0,1233.0,1298.0,533.0,521.0,520.0
5304.0,1238.0,1243.0,1244.0,513.0,549.0,517.0
5232.0,1220.0,1228.0,1246.0,511.0,515.0,512.0
5164.0,1206.0,1229.0,1195.0,529.0,493.0,512.0
5178.0,1201.0,1217.0,1212.0,512.0,512.0,524.0
5047.0,1161.0,1169.0,1174.0,520.0,513.0,510.0
5052.0,1177.0,1186.0,1184.0,503.0,501.0,501.0
5134.0,1204.0,1182.0,1202.0,506.0,514.0,526.0
5030.0,1160.0,1141.0,1208.0,519.0,506.0,496.0
5031.0,1187.0,1176.0,1180.0,497.0,497.0,494.0
5038.0,1189.0,1166.0,1184.0,496.0,488.0,515.0
5152.0,1192.0,1210.0,1187.0,523.0,518.0,522.0
5039.0,1171.0,1164.0,1204.0,487.0,519.0,494.0
4986.0,1197.0,1204.0,1116.0,487.0,492.0,490.0
4953.0,1129.0,1178.0,1176.0,497.0,490.0,483.0
4885.0,1115.0,1172.0,1134.0,486.0,490.0,488.0
4996.0,1125.0,1156.0,1188.0,519.0,515.0,493.0
4996.0,1179.0,1147.0,1179.0,496.0,491.0,504.0
5165.0,1183.0,1205.0,1224.0,506.0,520.0,527.0
5136.0,1185.0,1232.0,1201.0,522.0,489.0,507.0
5264.0,1198.0,1246.0,1229.0,529.0,536.0,526.0
5240.0,1197.0,1194.0,1271.0,526.0,518.0,534.0
5347.0,1227.0,1260.0,1262.0,528.0,542.0,528.0
5240.0,1219.0,1179.0,1244.0,530.0,529.0,539.0
5227.0,1248.0,1180.0,1230.0,515.0,530.0,524.0
5295.0,1263.0,1192.0,1217.0,537.0,540.0,546.0
5446.0,1290.0,1248.0,1283.0,533.0,538.0,554.0
5395.0,1301.0,1220.0,1275.0,534.0,529.0,536.0
5420.0,1262.0,1260.0,1272.0,522.0,550.0,554.0
5342.0,1249.0,1220.0,1243.0,550.0,535.0,545.0
5420.0,1254.0,1280.0,1260.0,530.0,560.0,536.0
5113.0,1154.0,1212.0,1192.0,526.0,514.0,515.0
5144.0,1198.0,1211.0,1185.0,508.0,517.0,525.0
5149.0,1168.0,1224.0,1204.0,521.0,507.0,525.0
5192.0,1234.0,1235.0,1181.0,526.0,516.0,500.0
4966.0,1161.0,1170.0,1147.0,497.0,507.0,484.0
5221.0,1264.0,1210.0,1223.0,519.0,505.0,500.0
5018.0,1206.0,1200.0,1155.0,490.0,475.0,492.0
5146.0,1204.0,1236.0,1215.0,499.0,495.0,497.0
4978.0,1144.0,1203.0,1189.0,491.0,469.0,482.0
4991.0,1163.0,1155.0,1163.0,482.0,524.0,504.0
5060.0,1192.0,1175.0,1201.0,490.0,498.0,504.0
5053.0,1163.0,1185.0,1200.0,503.0,506.0,496.0
4896.0,1124.0,1124.0,1206.0,475.0,478.0,489.0
5133.0,1182.0,1197.0,1214.0,523.0,520.0,497.0
5240.0,1231.0,1203.0,1246.0,526.0,517.0,517.0
5264.0,1237.0,1233.0,1262.0,509.0,511.0,512.0
5258.0,1225.0,1196.0,1243.0,543.0,540.0,511.0
5160.0,1217.0,1190.0,1226.0,518.0,513.0,496.0
5420.0,1269.0,1292.0,1263.0,541.0,540.0,515.0
5289.0,1223.0,1220.0,1229.0,529.0,552.0,536.0
5291.0,1238.0,1230.0,1243.0,547.0,520.0,513.0
5500.0,1275.0,1276.0,1276.0,560.0,582.0,531.0
5259.0,1238.0,1212.0,1207.0,523.0,545.0,534.0
5328.0,1223.0,1280.0,1213.0,537.0,543.0,532.0
5490.0,1231.0,1348.0,1275.0,551.0,551.0,534.0
5193.0,1198.0,1241.0,1175.0,529.0,518.0,532.0
5355.0,1223.0,1288.0,1218.0,544.0,532.0,550.0
5115.0,1167.0,1183.0,1208.0,522.0,523.0,512.0
5221.0,1199.0,1225.0,1206.0,531.0,519.0,541.0
5205.0,1219.0,1194.0,1206.0,533.0,528.0,525.0
5113.0,1229.0,1142.0,1187.0,495.0,537.0,523.0
5300.0,1257.0,1186.0,1252.0,523.0,532.0,550.0
5208.0,1243.0,1190.0,1230.0,511.0,508.0,526.0
5124.0,1181.0,1167.0,1225.0,511.0,515.0,525.0
5221.0,1211.0,1213.0,1223.0,523.0,523.0,528.0
5173.0,1180.0,1205.0,1206.0,528.0,534.0,520.0
5050.0,1168.0,1183.0,1170.0,479.0,518.0,532.0
5126.0,1196.0,1174.0,1239.0,491.0,502.0,524.0
5059.0,1138.0,1213.0,1191.0,496.0,510.0,511.0
5254.0,1163.0,1246.0,1250.0,525.0,526.0,544.0
5224.0,1207.0,1259.0,1229.0,503.0,509.0,517.0
5239.0,1191.0,1268.0,1229.0,523.0,511.0,517.0
5325.0,1248.0,1272.0,1204.0,530.0,533.0,538.0
5294.0,1229.0,1280.0,1220.0,534.0,517.0,514.0
5392.0,1277.0,1265.0,1248.0,537.0,538.0,527.0
5409.0,1266.0,1250.0,1270.0,545.0,537.0,541.0
5406.0,1291.0,1234.0,1259.0,555.0,532.0,535.0
5416.0,1285.0,1248.0,1257.0,545.0,539.0,542.0
5421.0,1318.0,1249.0,1246.0,532.0,529.0,547.0
5444.0,1285.0,1234.0,1263.0,568.0,542.0,552.0
5277.0,1223.0,1243.0,1221.0,532.0,537.0,521.0
5364.0,1214.0,1267.0,1254.0,569.0,548.0,512.0
5313.0,1226.0,1232.0,1255.0,541.0,532.0,527.0
5493.0,1278.0,1328.0,1269.0,549.0,541.0,528.0
5358.0,1241.0,1245.0,1273.0,536.0,531.0,532.0
5266.0,1267.0,1246.0,1194.0,526.0,518.0,515.0
5307.0,1245.0,1267.0,1244.0,517.0,533.0,501.0
5121.0,1186.0,1232.0,1178.0,514.0,513.0,498.0
5198.0,1209.0,1230.0,1225.0,496.0,528.0,510.0
5265.0,1225.0,1244.0,1219.0,511.0,544.0,522.0
5315.0,1240.0,1255.0,1231.0,526.0,548.0,515.0
5041.0,1166.0,1172.0,1186.0,496.0,509.0,512.0
5261.0,1233.0,1214.0,1232.0,524.0,539.0,519.0
5132.0,1171.0,1177.0,1234.0,510.0,524.0,516.0
5200.0,1186.0,1221.0,1222.0,513.0,526.0,532.0
5139.0,1193.0,1220.0,1211.0,487.0,521.0,507.0
5295.0,1215.0,1223.0,1272.0,526.0,517.0,542.0
5273.0,1230.0,1222.0,1215.0,531.0,532.0,543.0
5366.0,1278.0,1258.0,1259.0,525.0,518.0,528.0
5378.0,1272.0,1229.0,1266.0,534.0,533.0,544.0
5218.0,1237.0,1202.0,1194.0,524.0,518.0,543.0
5564.0,1305.0,1286.0,1276.0,571.0,561.0,565.0
5475.0,1285.0,1287.0,1241.0,547.0,556.0,559.0
5413.0,1319.0,1232.0,1234.0,543.0,535.0,550.0
5383.0,1256.0,1282.0,1219.0,553.0,528.0,545.0
5520.0,1310.0,1301.0,1286.0,543.0,525.0,555.0
5426.0,1256.0,1264.0,1267.0,553.0,543.0,543.0
5510.0,1281.0,1338.0,1251.0,557.0,532.0,551.0
5544.0,1266.0,1310.0,1290.0,570.0,554.0,554.0
5322.0,1240.0,1237.0,1233.0,534.0,543.0,535.0
5327.0,1261.0,1255.0,1203.0,555.0,523.0,530.0
5221.0,1220.0,1233.0,1211.0,512.0,520.0,525.0
5197.0,1229.0,1186.0,1257.0,505.0,483.0,537.0
5413.0,1228.0,1249.0,1306.0,548.0,542.0,540.0
5189.0,1219.0,1189.0,1228.0,526.0,514.0,513.0
5385.0,1295.0,1229.0,1272.0,519.0,543.0,527.0
5078.0,1195.0,1163.0,1206.0,504.0,515.0,495.0
5193.0,1231.0,1208.0,1207.0,507.0,523.0,517.0
5199.0,1201.0,1209.0,1234.0,523.0,514.0,518.0
5183.0,1180.0,1201.0,1254.0,505.0,525.0,518.0
5131.0,1163.0,1223.0,1217.0,505.0,517.0,506.0
5167.0,1180.0,1227.0,1187.0,526.0,541.0,506.0
5244.0,1229.0,1225.0,1227.0,518.0,533.0,512.0
5311.0,1229.0,1286.0,1206.0,529.0,538.0,523.0
5438.0,1256.0,1291.0,1236.0,531.0,573.0,551.0
5371.0,1247.0,1288.0,1223.0,534.0,545.0,534.0
5534.0,1339.0,1274.0,1257.0,547.0,564.0,553.0
5589.0,1306.0,1321.0,1299.0,553.0,544.0,566.0
5643.0,1310.0,1335.0,1311.0,556.0,569.0,562.0
5534.0,1293.0,1320.0,1254.0,563.0,563.0,541.0
5462.0,1262.0,1266.0,1267.0,563.0,549.0,555.0
5639.0,1332.0,1296.0,1318.0,570.0,555.0,568.0
5491.0,1272.0,1272.0,1288.0,562.0,553.0,544.0
5539.0,1257.0,1281.0,1330.0,573.0,545.0,553.0
5457.0,1246.0,1272.0,1304.0,550.0,530.0,555.0
5387.0,1262.0,1226.0,1279.0,550.0,530.0,540.0
5507.0,1268.0,1306.0,1302.0,548.0,543.0,540.0
5473.0,1277.0,1233.0,1311.0,560.0,543.0,549.0
5409.0,1265.0,1264.0,1276.0,532.0,523.0,549.0
5361.0,1262.0,1243.0,1248.0,532.0,529.0,547.0
5270.0,1237.0,1252.0,1232.0,501.0,508.0,540.0
5319.0,1212.0,1278.0,1233.0,531.0,529.0,536.0
5279.0,1213.0,1250.0,1254.0,511.0,518.0,533.0
5367.0,1290.0,1263.0,1227.0,529.0,522.0,536.0
5276.0,1203.0,1265.0,1204.0,528.0,527.0,549.0
5357.0,1240.0,1267.0,1250.0,541.0,505.0,554.0
5260.0,1215.0,1236.0,1214.0,530.0,527.0,538.0
5377.0,1252.0,1280.0,1225.0,535.0,535.0,550.0
5260.0,1268.0,1224.0,1213.0,512.0,522.0,521.0
5299.0,1235.0,1258.0,1226.0,520.0,520.0,540.0
5468.0,1261.0,1300.0,1256.0,553.0,560.0,538.0
5290.0,1263.0,1222.0,1227.0,523.0,527.0,528.0
5520.0,1309.0,1244.0,1303.0,547.0,567.0,550.0
5680.0,1384.0,1275.0,1312.0,563.0,584.0,562.0
5491.0,1322.0,1237.0,1277.0,538.0,564.0,553.0
5411.0,1272.0,1234.0,1270.0,547.0,554.0,534.0
5606.0,1318.0,1289.0,1308.0,561.0,568.0,562.0
5659.0,1328.0,1332.0,1328.0,548.0,566.0,557.0
5554.0,1302.0,1290.0,1290.0,559.0,567.0,546.0
5628.0,1275.0,1321.0,1342.0,583.0,557.0,550.0
5494.0,1229.0,1270.0,1312.0,577.0,558.0,548.0
5556.0,1241.0,1293.0,1342.0,572.0,558.0,550.0
5425.0,1266.0,1279.0,1240.0,544.0,551.0,545.0
5512.0,1266.0,1291.0,1324.0,548.0,555.0,528.0
5450.0,1230.0,1302.0,1286.0,549.0,548.0,535.0
5344.0,1251.0,1253.0,1264.0,541.0,510.0,525.0
5512.0,1264.0,1321.0,1284.0,568.0,543.0,532.0
5413.0,1291.0,1231.0,1259.0,549.0,531.0,552.0
5292.0,1241.0,1257.0,1205.0,534.0,530.0,525.0
5194.0,1219.0,1202.0,1221.0,520.0,502.0,530.0
5183.0,1219.0,1228.0,1177.0,527.0,525.0,507.0
5414.0,1246.0,1261.0,1286.0,527.0,553.0,541.0
5344.0,1240.0,1251.0,1251.0,531.0,530.0,541.0
5388.0,1280.0,1238.0,1227.0,526.0,552.0,565.0
5391.0,1289.0,1249.0,1241.0,540.0,533.0,539.0
5487.0,1290.0,1297.0,1248.0,531.0,555.0,566.0
5400.0,1270.0,1262.0,1238.0,536.0,538.0,556.0
5682.0,1344.0,1341.0,1307.0,538.0,566.0,586.0
5598.0,1309.0,1344.0,1272.0,564.0,543.0,566.0
5691.0,1326.0,1345.0,1334.0,549.0,560.0,577.0
5531.0,1285.0,1282.0,1318.0,525.0,556.0,565.0
5659.0,1330.0,1315.0,1337.0,546.0,567.0,564.0
5635.0,1336.0,1316.0,1305.0,549.0,557.0,572.0
5867.0,1391.0,1378.0,1358.0,593.0,571.0,576.0
5675.0,1336.0,1323.0,1347.0,556.0,559.0,554.0
5721.0,1323.0,1307.0,1361.0,582.0,570.0,578.0
5676.0,1278.0,1332.0,1353.0,565.0,572.0,576.0
5611.0,1287.0,1303.0,1339.0,564.0,567.0,551.0
5559.0,1288.0,1290.0,1297.0,561.0,558.0,565.0
5290.0,1235.0,1187.0,1245.0,550.0,541.0,532.0
5432.0,1304.0,1205.0,1278.0,549.0,547.0,549.0
5377.0,1259.0,1253.0,1237.0,532.0,550.0,546.0
5386.0,1263.0,1249.0,1240.0,548.0,539.0,547.0
5404.0,1302.0,1215.0,1239.0,546.0,556.0,546.0
5438.0,1317.0,1265.0,1216.0,560.0,538.0,542.0
5187.0,1197.0,1222.0,1209.0,528.0,525.0,506.0
5328.0,1224.0,1284.0,1223.0,544.0,539.0,514.0
5359.0,1260.0,1282.0,1201.0,540.0,549.0,527.0
5573.0,1264.0,1331.0,1304.0,553.0,563.0,558.0
5317.0,1275.0,1247.0,1225.0,530.0,525.0,515.0
5394.0,1228.0,1302.0,1240.0,552.0,531.0,541.0
5435.0,1296.0,1250.0,1265.0,538.0,548.0,538.0
5350.0,1253.0,1239.0,1236.0,544.0,535.0,543.0
5674.0,1353.0,1292.0,1327.0,576.0,558.0,568.0
5595.0,1313.0,1249.0,1347.0,552.0,577.0,557.0
5640.0,1309.0,1287.0,1366.0,559.0,559.0,560.0
5750.0,1371.0,1318.0,1377.0,563.0,560.0,561.0
5698.0,1341.0,1307.0,1374.0,555.0,542.0,579.0
5684.0,1319.0,1336.0,1363.0,548.0,550.0,568.0
5548.0,1281.0,1249.0,1337.0,558.0,554.0,569.0
5573.0,1274.0,1281.0,1347.0,550.0,559.0,562.0
5682.0,1335.0,1298.0,1345.0,565.0,566.0,573.0
5594.0,1263.0,1311.0,1328.0,568.0,550.0,574.0
5613.0,1289.0,1311.0,1322.0,557.0,549.0,585.0
5671.0,1339.0,1331.0,1302.0,556.0,561.0,582.0
5602.0,1290.0,1319.0,1307.0,553.0,561.0,572.0
5568.0,1304.0,1328.0,1267.0,559.0,548.0,562.0
5545.0,1306.0,1247.0,1309.0,563.0,559.0,561.0
5542.0,1313.0,1316.0,1231.0,575.0,548.0,559.0
5373.0,1269.0,1258.0,1194.0,557.0,550.0,545.0
5478.0,1316.0,1280.0,1234.0,547.0,544.0,557.0
5436.0,1280.0,1248.0,1257.0,558.0,546.0,547.0
5434.0,1251.0,1280.0,1228.0,563.0,543.0,569.0
5362.0,1209.0,1225.0,1266.0,571.0,541.0,550.0
5513.0,1245.0,1293.0,1290.0,570.0,552.0,563.0
5599.0,1277.0,1306.0,1313.0,576.0,572.0,555.0
5284.0,1196.0,1235.0,1234.0,553.0,537.0,529.0
5666.0,1319.0,1287.0,1349.0,564.0,582.0,565.0
5638.0,1312.0,1277.0,1343.0,565.0,581.0,560.0
5633.0,1335.0,1273.0,1326.0,551.0,568.0,580.0
5563.0,1286.0,1267.0,1347.0,549.0,560.0,554.0
5717.0,1340.0,1355.0,1335.0,552.0,562.0,573.0
5773.0,1365.0,1343.0,1359.0,564.0,568.0,574.0
5698.0,1337.0,1343.0,1326.0,559.0,573.0,560.0
5629.0,1309.0,1318.0,1358.0,543.0,546.0,555.0
5792.0,1314.0,1373.0,1390.0,571.0,568.0,576.0
5624.0,1316.0,1336.0,1305.0,554.0,560.0,553.0
5696.0,1328.0,1354.0,1345.0,551.0,554.0,564.0
5744.0,1319.0,1378.0,1349.0,569.0,560.0,569.0
5525.0,1313.0,1282.0,1288.0,549.0,541.0,552.0
5463.0,1310.0,1254.0,1282.0,546.0,549.0,522.0
5687.0,1347.0,1330.0,1319.0,578.0,547.0,566.0
5457.0,1310.0,1257.0,1259.0,560.0,540.0,531.0
5389.0,1278.0,1234.0,1255.0,541.0,546.0,535.0
5415.0,1278.0,1298.0,1222.0,539.0,551.0,527.0
5593.0,1347.0,1306.0,1280.0,555.0,545.0,560.0
5358.0,1274.0,1198.0,1274.0,541.0,530.0,541.0
5371.0,1249.0,1270.0,1233.0,543.0,538.0,538.0
5433.0,1266.0,1262.0,1272.0,554.0,539.0,540.0
5443.0,1275.0,1237.0,1284.0,558.0,545.0,544.0
5617.0,1291.0,1331.0,1298.0,566.0,564.0,567.0
5512.0,1239.0,1320.0,1282.0,564.0,555.0,552.0
5597.0,1283.0,1293.0,1324.0,553.0,575.0,569.0
5585.0,1289.0,1308.0,1321.0,557.0,564.0,546.0
5677.0,1295.0,1340.0,1338.0,553.0,565.0,586.0
5642.0,1317.0,1308.0,1322.0,553.0,574.0,568.0
5694.0,1326.0,1316.0,1337.0,547.0,587.0,581.0
5912.0,1396.0,1361.0,1406.0,581.0,580.0,588.0
5749.0,1364.0,1334.0,1318.0,557.0,597.0,579.0
5817.0,1345.0,1344.0,1367.0,570.0,595.0,596.0
5801.0,1334.0,1317.0,1399.0,564.0,592.0,595.0
5815.0,1381.0,1331.0,1354.0,567.0,602.0,580.0
5778.0,1348.0,1353.0,1306.0,572.0,600.0,599.0
5717.0,1339.0,1310.0,1331.0,567.0,589.0,581.0
5721.0,1318.0,1347.0,1326.0,563.0,587.0,580.0
5768.0,1355.0,1337.0,1336.0,563.0,580.0,597.0
5463.0,1258.0,1268.0,1270.0,548.0,564.0,555.0
5600.0,1322.0,1266.0,1309.0,573.0,563.0,567.0
5560.0,1307.0,1302.0,1291.0,556.0,556.0,548.0
5664.0,1333.0,1339.0,1292.0,565.0,562.0,573.0
5504.0,1289.0,1302.0,1275.0,538.0,558.0,542.0
5636.0,1323.0,1329.0,1299.0,561.0,557.0,567.0
5460.0,1274.0,1276.0,1278.0,537.0,561.0,534.0
5560.0,1307.0,1302.0,1315.0,533.0,546.0,557.0
5506.0,1300.0,1278.0,1294.0,548.0,542.0,544.0
5720.0,1317.0,1364.0,1334.0,581.0,554.0,570.0
5640.0,1302.0,1313.0,1341.0,564.0,571.0,549.0
5582.0,1253.0,1317.0,1319.0,571.0,556.0,566.0
5599.0,1269.0,1303.0,1342.0,570.0,553.0,562.0
5635.0,1330.0,1329.0,1331.0,555.0,551.0,539.0
5714.0,1313.0,1323.0,1360.0,589.0,571.0,558.0
5684.0,1361.0,1299.0,1339.0,568.0,557.0,560.0
5731.0,1347.0,1344.0,1334.0,571.0,570.0,565.0
5781.0,1331.0,1363.0,1328.0,602.0,569.0,588.0
5910.0,1413.0,1382.0,1366.0,573.0,588.0,588.0
5895.0,1393.0,1349.0,1394.0,595.0,581.0,583.0
5796.0,1367.0,1348.0,1337.0,581.0,587.0,576.0
5877.0,1381.0,1368.0,1353.0,602.0,594.0,579.0
5899.0,1363.0,1348.0,1387.0,593.0,604.0,604.0
5825.0,1354.0,1358.0,1354.0,568.0,595.0,596.0
5986.0,1355.0,1440.0,1406.0,585.0,605.0,595.0
5824.0,1329.0,1389.0,1348.0,578.0,601.0,579.0
5711.0,1338.0,1337.0,1310.0,558.0,589.0,579.0
5781.0,1343.0,1326.0,1380.0,563.0,586.0,583.0
5681.0,1337.0,1316.0,1322.0,550.0,564.0,592.0
5654.0,1352.0,1298.0,1312.0,546.0,574.0,572.0
5735.0,1335.0,1317.0,1354.0,574.0,589.0,566.0
5760.0,1352.0,1327.0,1352.0,575.0,576.0,578.0
5660.0,1321.0,1292.0,1342.0,571.0,564.0,570.0
5496.0,1288.0,1286.0,1281.0,537.0,552.0,552.0
5761.0,1370.0,1266.0,1385.0,588.0,571.0,581.0
5594.0,1270.0,1306.0,1317.0,564.0,560.0,577.0
5740.0,1274.0,1360.0,1370.0,594.0,564.0,578.0
5672.0,1324.0,1324.0,1320.0,579.0,570.0,555.0
5614.0,1297.0,1299.0,1316.0,586.0,548.0,568.0
5675.0,1298.0,1326.0,1353.0,566.0,548.0,584.0
5703.0,1325.0,1321.0,1343.0,569.0,576.0,569.0
5712.0,1325.0,1335.0,1339.0,580.0,554.0,579.0
5871.0,1403.0,1346.0,1362.0,595.0,580.0,585.0
5846.0,1397.0,1383.0,1338.0,581.0,562.0,585.0
5713.0,1364.0,1334.0,1316.0,575.0,555.0,569.0
5930.0,1396.0,1392.0,1388.0,583.0,570.0,601.0
6033.0,1370.0,1423.0,1423.0,606.0,590.0,621.0
5808.0,1343.0,1372.0,1366.0,580.0,569.0,578.0
5852.0,1372.0,1347.0,1358.0,597.0,589.0,589.0
5883.0,1326.0,1365.0,1387.0,612.0,600.0,593.0
5832.0,1353.0,1359.0,1347.0,584.0,594.0,595.0
5764.0,1329.0,1325.0,1375.0,563.0,593.0,579.0
5791.0,1357.0,1343.0,1366.0,560.0,597.0,568.0
5888.0,1365.0,1368.0,1394.0,571.0,587.0,603.0
5801.0,1382.0,1339.0,1365.0,557.0,580.0,578.0
5683.0,1342.0,1318.0,1341.0,558.0,575.0,549.0
5752.0,1361.0,1337.0,1348.0,571.0,578.0,557.0
5887.0,1349.0,1376.0,1406.0,578.0,596.0,582.0
5639.0,1335.0,1314.0,1321.0,556.0,564.0,549.0
5847.0,1393.0,1354.0,1394.0,555.0,579.0,572.0
5593.0,1253.0,1367.0,1284.0,554.0,575.0,560.0
5609.0,1289.0,1325.0,1331.0,562.0,563.0,539.0
5788.0,1346.0,1340.0,1358.0,581.0,580.0,583.0
5850.0,1335.0,1367.0,1380.0,583.0,598.0,587.0
5543.0,1272.0,1288.0,1314.0,567.0,548.0,554.0
5837.0,1357.0,1350.0,1348.0,597.0,592.0,593.0
5826.0,1370.0,1353.0,1347.0,589.0,580.0,587.0
5836.0,1356.0,1352.0,1335.0,605.0,589.0,599.0
5925.0,1392.0,1382.0,1367.0,588.0,605.0,591.0
6111.0,1450.0,1429.0,1394.0,617.0,615.0,606.0
5857.0,1397.0,1367.0,1336.0,592.0,568.0,597.0
5854.0,1408.0,1370.0,1334.0,598.0,564.0,580.0
5988.0,1415.0,1408.0,1366.0,611.0,579.0,609.0
5801.0,1342.0,1363.0,1357.0,575.0,578.0,586.0
6010.0,1407.0,1432.0,1377.0,608.0,578.0,608.0
5811.0,1333.0,1371.0,1336.0,594.0,583.0,594.0
5835.0,1345.0,1391.0,1335.0,584.0,580.0,600.0
5869.0,1348.0,1418.0,1351.0,596.0,584.0,572.0
5818.0,1317.0,1379.0,1385.0,582.0,570.0,585.0
5812.0,1367.0,1361.0,1346.0,593.0,567.0,578.0
5727.0,1322.0,1341.0,1343.0,569.0,572.0,580.0
5718.0,1338.0,1344.0,1344.0,567.0,561.0,564.0
5834.0,1389.0,1325.0,1409.0,571.0,564.0,576.0
5695.0,1358.0,1299.0,1339.0,569.0,579.0,551.0
5627.0,1328.0,1309.0,1313.0,542.0,570.0,565.0
5600.0,1298.0,1288.0,1317.0,551.0,568.0,578.0
5773.0,1341.0,1346.0,1349.0,575.0,583.0,579.0
5585.0,1279.0,1294.0,1323.0,558.0,566.0,565.0
5700.0,1297.0,1332.0,1363.0,555.0,573.0,580.0
5598.0,1287.0,1266.0,1337.0,580.0,574.0,554.0
5657.0,1310.0,1322.0,1310.0,569.0,588.0,558.0
5690.0,1306.0,1359.0,1303.0,573.0,581.0,568.0
5876.0,1380.0,1372.0,1339.0,592.0,601.0,592.0
5895.0,1388.0,1394.0,1353.0,592.0,583.0,585.0
6107.0,1440.0,1461.0,1404.0,600.0,611.0,591.0
5938.0,1422.0,1399.0,1348.0,587.0,599.0,583.0
5899.0,1407.0,1385.0,1319.0,599.0,600.0,589.0
6053.0,1417.0,1434.0,1374.0,626.0,605.0,597.0
5930.0,1385.0,1377.0,1335.0,630.0,604.0,599.0
5924.0,1346.0,1396.0,1379.0,603.0,597.0,603.0
6021.0,1382.0,1423.0,1411.0,616.0,593.0,596.0
5976.0,1367.0,1401.0,1423.0,590.0,602.0,593.0
5845.0,1325.0,1351.0,1382.0,589.0,601.0,597.0
6009.0,1383.0,1384.0,1432.0,606.0,601.0,603.0
5899.0,1376.0,1330.0,1411.0,594.0,588.0,600.0
5796.0,1362.0,1332.0,1348.0,576.0,581.0,597.0
5827.0,1364.0,1341.0,1392.0,576.0,574.0,580.0
5799.0,1344.0,1317.0,1398.0,577.0,567.0,596.0
5776.0,1364.0,1337.0,1331.0,587.0,578.0,579.0
5797.0,1399.0,1296.0,1382.0,576.0,562.0,582.0
5674.0,1313.0,1356.0,1304.0,560.0,560.0,581.0
5882.0,1378.0,1361.0,1365.0,584.0,580.0,614.0
5592.0,1307.0,1320.0,1297.0,541.0,554.0,573.0
5770.0,1338.0,1378.0,1308.0,573.0,577.0,596.0
5709.0,1341.0,1357.0,1311.0,566.0,562.0,572.0
5732.0,1345.0,1336.0,1341.0,568.0,562.0,580.0
5931.0,1359.0,1387.0,1389.0,592.0,597.0,607.0
5874.0,1395.0,1388.0,1337.0,582.0,587.0,585.0
5904.0,1354.0,1403.0,1399.0,594.0,569.0,585.0
5847.0,1381.0,1344.0,1359.0,596.0,584.0,583.0
5889.0,1429.0,1342.0,1367.0,581.0,586.0,584.0
6016.0,1420.0,1400.0,1383.0,608.0,616.0,589.0
6039.0,1440.0,1384.0,1392.0,609.0,605.0,609.0
5980.0,1453.0,1363.0,1379.0,588.0,610.0,587.0
5970.0,1381.0,1383.0,1388.0,603.0,625.0,590.0
6005.0,1402.0,1383.0,1394.0,610.0,617.0,599.0
6100.0,1413.0,1419.0,1400.0,636.0,620.0,612.0
5994.0,1352.0,1414.0,1429.0,605.0,599.0,595.0
6005.0,1380.0,1394.0,1414.0,614.0,610.0,593.0
6069.0,1376.0,1410.0,1429.0,611.0,635.0,608.0
5982.0,1415.0,1369.0,1411.0,616.0,596.0,575.0
5917.0,1376.0,1367.0,1397.0,590.0,599.0,588.0
5763.0,1350.0,1355.0,1342.0,570.0,567.0,579.0
5936.0,1391.0,1382.0,1415.0,571.0,598.0,579.0
5978.0,1413.0,1380.0,1407.0,594.0,583.0,601.0
5812.0,1365.0,1354.0,1351.0,581.0,585.0,576.0
5661.0,1333.0,1317.0,1308.0,568.0,572.0,563.0
5625.0,1323.0,1295.0,1293.0,557.0,579.0,578.0
5687.0,1325.0,1321.0,1332.0,578.0,568.0,563.0
5665.0,1342.0,1297.0,1349.0,556.0,556.0,565.0
5833.0,1320.0,1333.0,1400.0,589.0,597.0,594.0
5692.0,1299.0,1340.0,1316.0,575.0,588.0,574.0
5826.0,1357.0,1365.0,1375.0,566.0,573.0,590.0
5721.0,1355.0,1292.0,1324.0,574.0,578.0,598.0
6025.0,1419.0,1387.0,1407.0,606.0,591.0,615.0
6009.0,1421.0,1396.0,1391.0,587.0,595.0,619.0
5918.0,1395.0,1372.0,1399.0,591.0,562.0,599.0
6096.0,1397.0,1421.0,1442.0,604.0,600.0,632.0
6129.0,1456.0,1426.0,1417.0,617.0,597.0,616.0
6078.0,1423.0,1428.0,1415.0,612.0,583.0,617.0
6208.0,1414.0,1416.0,1497.0,620.0,611.0,650.0
6166.0,1450.0,1442.0,1432.0,611.0,616.0,615.0
6084.0,1415.0,1440.0,1406.0,605.0,595.0,623.0
6035.0,1379.0,1399.0,1434.0,615.0,607.0,601.0
6114.0,1422.0,1432.0,1433.0,616.0,598.0,613.0
6115.0,1404.0,1437.0,1437.0,612.0,608.0,617.0
5971.0,1400.0,1374.0,1414.0,593.0,593.0,597.0
5991.0,1382.0,1388.0,1399.0,609.0,606.0,607.0
5938.0,1386.0,1369.0,1399.0,589.0,598.0,597.0
5897.0,1358.0,1395.0,1367.0,584.0,607.0,586.0
5870.0,1376.0,1365.0,1347.0,598.0,601.0,583.0
5776.0,1339.0,1342.0,1329.0,601.0,585.0,580.0
5784.0,1397.0,1302.0,1317.0,592.0,600.0,576.0
5949.0,1370.0,1390.0,1407.0,598.0,597.0,587.0
5870.0,1374.0,1358.0,1391.0,576.0,600.0,571.0
5843.0,1323.0,1409.0,1356.0,583.0,584.0,588.0
5871.0,1342.0,1410.0,1379.0,566.0,602.0,572.0
5846.0,1324.0,1420.0,1343.0,580.0,605.0,574.0
5767.0,1338.0,1385.0,1334.0,561.0,579.0,570.0
5881.0,1340.0,1379.0,1395.0,582.0,603.0,582.0
5950.0,1375.0,1431.0,1379.0,575.0,589.0,601.0
6147.0,1457.0,1448.0,1421.0,603.0,600.0,618.0
6106.0,1433.0,1450.0,1404.0,605.0,613.0,601.0
6071.0,1438.0,1409.0,1419.0,605.0,599.0,601.0
5938.0,1394.0,1353.0,1402.0,596.0,596.0,597.0
6084.0,1404.0,1387.0,1479.0,598.0,619.0,597.0
6086.0,1422.0,1396.0,1418.0,621.0,613.0,616.0
6119.0,1420.0,1436.0,1429.0,601.0,615.0,618.0
6059.0,1457.0,1384.0,1391.0,614.0,600.0,613.0
6104.0,1418.0,1405.0,1434.0,620.0,606.0,621.0
6046.0,1410.0,1392.0,1422.0,604.0,590.0,628.0
6104.0,1390.0,1439.0,1432.0,610.0,612.0,621.0
5982.0,1375.0,1398.0,1397.0,612.0,588.0,612.0
6021.0,1415.0,1382.0,1408.0,614.0,595.0,607.0
6064.0,1416.0,1427.0,1397.0,610.0,600.0,614.0
6074.0,1421.0,1454.0,1374.0,617.0,599.0,609.0
6036.0,1458.0,1421.0,1367.0,607.0,587.0,596.0
6110.0,1416.0,1444.0,1408.0,602.0,617.0,623.0
5950.0,1390.0,1369.0,1382.0,608.0,609.0,592.0
5956.0,1387.0,1425.0,1318.0,612.0,606.0,608.0
5875.0,1352.0,1387.0,1334.0,594.0,601.0,607.0
6008.0,1357.0,1428.0,1402.0,600.0,605.0,616.0
5978.0,1393.0,1377.0,1393.0,582.0,619.0,614.0
5866.0,1336.0,1366.0,1388.0,585.0,598.0,593.0
5997.0,1367.0,1420.0,1403.0,603.0,594.0,610.0
5943.0,1383.0,1343.0,1411.0,591.0,608.0,607.0
6045.0,1396.0,1384.0,1431.0,602.0,607.0,625.0
6018.0,1417.0,1393.0,1415.0,591.0,611.0,591.0
6087.0,1446.0,1365.0,1460.0,593.0,620.0,603.0
6209.0,1453.0,1422.0,1488.0,608.0,625.0,613.0
6316.0,1468.0,1473.0,1506.0,623.0,637.0,609.0
6130.0,1415.0,1408.0,1484.0,611.0,606.0,606.0
6125.0,1425.0,1407.0,1456.0,623.0,608.0,606.0
6097.0,1446.0,1429.0,1389.0,607.0,624.0,602.0
6322.0,1473.0,1508.0,1470.0,621.0,632.0,618.0
6176.0,1414.0,1457.0,1461.0,615.0,622.0,607.0
6067.0,1433.0,1415.0,1394.0,619.0,607.0,599.0
6035.0,1380.0,1456.0,1384.0,615.0,607.0,593.0
5967.0,1360.0,1409.0,1413.0,621.0,578.0,586.0
6044.0,1374.0,1428.0,1390.0,633.0,599.0,620.0
5976.0,1371.0,1443.0,1378.0,614.0,583.0,587.0
6014.0,1429.0,1386.0,1401.0,605.0,597.0,596.0
5909.0,1404.0,1336.0,1364.0,605.0,593.0,607.0
5950.0,1430.0,1372.0,1384.0,603.0,572.0,589.0
5913.0,1409.0,1384.0,1352.0,596.0,576.0,596.0
5936.0,1392.0,1375.0,1374.0,605.0,592.0,598.0
5878.0,1372.0,1376.0,1352.0,606.0,574.0,598.0
5913.0,1364.0,1378.0,1381.0,622.0,569.0,599.0
5775.0,1348.0,1352.0,1349.0,568.0,573.0,585.0
6084.0,1372.0,1442.0,1412.0,622.0,607.0,629.0
6028.0,1392.0,1382.0,1435.0,600.0,607.0,612.0
6085.0,1392.0,1428.0,1430.0,616.0,610.0,609.0
6129.0,1431.0,1431.0,1444.0,594.0,622.0,607.0
6282.0,1455.0,1498.0,1464.0,594.0,631.0,640.0
6248.0,1463.0,1445.0,1444.0,608.0,648.0,640.0
6395.0,1460.0,1493.0,1512.0,628.0,647.0,655.0
6321.0,1492.0,1458.0,1482.0,626.0,645.0,618.0
6093.0,1429.0,1414.0,1406.0,610.0,612.0,622.0
6383.0,1482.0,1508.0,1453.0,635.0,651.0,654.0
6391.0,1473.0,1496.0,1516.0,630.0,631.0,645.0
6276.0,1451.0,1483.0,1463.0,612.0,635.0,632.0
6085.0,1376.0,1444.0,1409.0,616.0,608.0,632.0
5986.0,1381.0,1405.0,1372.0,601.0,607.0,620.0
5862.0,1349.0,1346.0,1371.0,603.0,592.0,601.0
6163.0,1483.0,1391.0,1417.0,620.0,633.0,619.0
6177.0,1463.0,1422.0,1427.0,626.0,617.0,622.0
6124.0,1456.0,1428.0,1413.0,605.0,617.0,605.0
6102.0,1489.0,1394.0,1393.0,613.0,618.0,595.0
6045.0,1460.0,1417.0,1367.0,615.0,593.0,593.0
6075.0,1423.0,1433.0,1386.0,617.0,604.0,612.0
6004.0,1384.0,1424.0,1406.0,613.0,594.0,583.0
5976.0,1389.0,1448.0,1375.0,603.0,579.0,582.0
6043.0,1390.0,1422.0,1440.0,609.0,589.0,593.0
5985.0,1380.0,1422.0,1405.0,595.0,591.0,592.0
5874.0,1340.0,1406.0,1363.0,602.0,588.0,575.0
6197.0,1449.0,1478.0,1426.0,629.0,610.0,605.0
5965.0,1374.0,1393.0,1435.0,592.0,577.0,594.0
6061.0,1430.0,1387.0,1414.0,620.0,598.0,612.0
6155.0,1469.0,1415.0,1454.0,613.0,600.0,604.0
6188.0,1455.0,1417.0,1467.0,612.0,607.0,630.0
6320.0,1484.0,1451.0,1487.0,638.0,646.0,614.0
6227.0,1502.0,1426.0,1438.0,615.0,604.0,642.0
6302.0,1530.0,1425.0,1472.0,629.0,626.0,620.0
6274.0,1492.0,1457.0,1422.0,639.0,638.0,626.0
6297.0,1494.0,1434.0,1467.0,642.0,628.0,632.0
6353.0,1483.0,1465.0,1485.0,629.0,657.0,634.0
6486.0,1519.0,1522.0,1483.0,646.0,662.0,654.0
6168.0,1440.0,1423.0,1422.0,620.0,636.0,627.0
6235.0,1439.0,1491.0,1429.0,613.0,641.0,622.0
6217.0,1426.0,1452.0,1447.0,608.0,642.0,642.0
6332.0,1461.0,1476.0,1470.0,641.0,637.0,647.0
6267.0,1459.0,1494.0,1422.0,620.0,633.0,639.0
6253.0,1493.0,1474.0,1387.0,625.0,629.0,645.0
5991.0,1407.0,1401.0,1376.0,593.0,625.0,589.0
6157.0,1438.0,1441.0,1398.0,619.0,622.0,639.0
6174.0,1454.0,1408.0,1461.0,598.0,621.0,632.0
5903.0,1387.0,1381.0,1361.0,598.0,589.0,587.0
6054.0,1391.0,1423.0,1406.0,606.0,607.0,621.0
6080.0,1426.0,1372.0,1443.0,620.0,607.0,612.0
6089.0,1423.0,1386.0,1436.0,612.0,610.0,622.0
5993.0,1400.0,1363.0,1423.0,615.0,597.0,595.0
6069.0,1399.0,1420.0,1430.0,602.0,605.0,613.0
6126.0,1417.0,1401.0,1446.0,637.0,613.0,612.0
6159.0,1392.0,1443.0,1450.0,633.0,616.0,625.0
6314.0,1484.0,1471.0,1461.0,629.0,627.0,642.0
6103.0,1432.0,1431.0,1383.0,617.0,628.0,612.0
6233.0,1493.0,1451.0,1425.0,626.0,615.0,623.0
6496.0,1526.0,1536.0,1501.0,657.0,638.0,638.0
6268.0,1478.0,1486.0,1418.0,641.0,634.0,611.0
6254.0,1464.0,1524.0,1431.0,617.0,595.0,623.0
6321.0,1470.0,1495.0,1464.0,633.0,624.0,635.0
6278.0,1455.0,1518.0,1450.0,628.0,619.0,608.0
6325.0,1476.0,1510.0,1461.0,631.0,631.0,616.0
6293.0,1489.0,1460.0,1473.0,618.0,621.0,632.0
6364.0,1487.0,1511.0,1453.0,642.0,637.0,634.0
6227.0,1456.0,1457.0,1476.0,610.0,623.0,605.0
6274.0,1478.0,1442.0,1489.0,619.0,615.0,631.0
6285.0,1466.0,1446.0,1496.0,618.0,625.0,634.0
6261.0,1487.0,1442.0,1456.0,609.0,634.0,633.0
5935.0,1377.0,1372.0,1407.0,592.0,593.0,594.0
6078.0,1445.0,1422.0,1395.0,599.0,610.0,607.0
6133.0,1438.0,1436.0,1430.0,607.0,613.0,609.0
6000.0,1376.0,1435.0,1387.0,609.0,612.0,581.0
6093.0,1446.0,1404.0,1427.0,611.0,602.0,603.0
6127.0,1382.0,1426.0,1433.0,628.0,631.0,627.0
6153.0,1418.0,1466.0,1426.0,615.0,617.0,611.0
6199.0,1450.0,1438.0,1467.0,611.0,616.0,617.0
6159.0,1400.0,1476.0,1432.0,616.0,613.0,622.0
6293.0,1437.0,1473.0,1476.0,636.0,629.0,642.0
6041.0,1373.0,1422.0,1415.0,619.0,603.0,609.0
6407.0,1473.0,1501.0,1503.0,642.0,636.0,652.0
6309.0,1500.0,1471.0,1435.0,634.0,631.0,638.0
6312.0,1478.0,1495.0,1441.0,634.0,632.0,632.0
6300.0,1487.0,1449.0,1447.0,642.0,634.0,641.0
6552.0,1505.0,1563.0,1526.0,644.0,650.0,664.0
6521.0,1559.0,1489.0,1507.0,662.0,651.0,653.0
6450.0,1521.0,1481.0,1518.0,634.0,650.0,646.0
6396.0,1499.0,1493.0,1465.0,653.0,639.0,647.0
6375.0,1493.0,1481.0,1470.0,656.0,635.0,640.0
6364.0,1468.0,1483.0,1478.0,646.0,647.0,642.0
6349.0,1463.0,1486.0,1508.0,625.0,625.0,642.0
6429.0,1518.0,1488.0,1506.0,635.0,629.0,653.0
6297.0,1440.0,1515.0,1461.0,618.0,628.0,635.0
6305.0,1484.0,1464.0,1497.0,617.0,611.0,632.0
6252.0,1471.0,1455.0,1465.0,624.0,612.0,625.0
6305.0,1487.0,1483.0,1454.0,637.0,626.0,618.0
6267.0,1475.0,1468.0,1480.0,619.0,608.0,617.0
6117.0,1422.0,1417.0,1426.0,621.0,617.0,614.0
6197.0,1456.0,1435.0,1490.0,608.0,609.0,599.0
6092.0,1421.0,1409.0,1457.0,608.0,606.0,591.0
6058.0,1399.0,1428.0,1432.0,619.0,596.0,584.0
5939.0,1364.0,1392.0,1402.0,594.0,600.0,587.0
6159.0,1403.0,1448.0,1468.0,617.0,611.0,612.0
6187.0,1425.0,1430.0,1470.0,626.0,625.0,611.0
6116.0,1436.0,1398.0,1413.0,625.0,626.0,618.0
6176.0,1439.0,1445.0,1425.0,616.0,644.0,607.0
6372.0,1527.0,1463.0,1476.0,660.0,636.0,610.0
6307.0,1507.0,1447.0,1453.0,626.0,639.0,635.0
6333.0,1485.0,1464.0,1464.0,637.0,642.0,641.0
6393.0,1505.0,1501.0,1469.0,661.0,636.0,621.0
6403.0,1511.0,1464.0,1489.0,640.0,658.0,641.0
6476.0,1507.0,1508.0,1508.0,665.0,658.0,630.0
6502.0,1519.0,1558.0,1490.0,647.0,637.0,651.0
6515.0,1541.0,1514.0,1513.0,650.0,657.0,640.0
6713.0,1552.0,1604.0,1551.0,672.0,663.0,671.0
6378.0,1456.0,1519.0,1497.0,641.0,641.0,624.0
6435.0,1461.0,1524.0,1502.0,642.0,660.0,646.0
6345.0,1436.0,1489.0,1511.0,630.0,628.0,651.0
6403.0,1481.0,1489.0,1499.0,639.0,639.0,656.0
6375.0,1470.0,1515.0,1479.0,635.0,626.0,650.0
6292.0,1482.0,1456.0,1498.0,607.0,606.0,643.0
6216.0,1491.0,1435.0,1459.0,608.0,599.0,624.0
6512.0,1512.0,1501.0,1543.0,653.0,640.0,663.0
6222.0,1472.0,1438.0,1445.0,622.0,613.0,632.0
6235.0,1480.0,1447.0,1439.0,620.0,615.0,634.0
6126.0,1439.0,1390.0,1432.0,614.0,619.0,632.0
6377.0,1482.0,1492.0,1490.0,642.0,620.0,651.0
6074.0,1416.0,1451.0,1378.0,600.0,604.0,625.0
6216.0,1464.0,1458.0,1422.0,618.0,625.0,629.0
6316.0,1424.0,1485.0,1495.0,640.0,622.0,650.0
6248.0,1429.0,1481.0,1442.0,644.0,619.0,633.0
6254.0,1459.0,1506.0,1430.0,616.0,622.0,621.0
6395.0,1514.0,1522.0,1470.0,635.0,632.0,622.0
6411.0,1479.0,1517.0,1468.0,656.0,659.0,632.0
6532.0,1552.0,1515.0,1502.0,662.0,642.0,659.0
6285.0,1488.0,1454.0,1435.0,643.0,643.0,622.0
6355.0,1497.0,1472.0,1473.0,652.0,626.0,635.0
6586.0,1538.0,1519.0,1541.0,685.0,655.0,648.0
6397.0,1501.0,1480.0,1486.0,642.0,642.0,646.0
6462.0,1512.0,1511.0,1485.0,644.0,661.0,649.0
6496.0,1488.0,1450.0,1577.0,671.0,657.0,653.0
6393.0,1478.0,1453.0,1531.0,644.0,652.0,635.0
6416.0,1477.0,1493.0,1522.0,648.0,656.0,620.0
6516.0,1474.0,1547.0,1555.0,646.0,661.0,633.0
6407.0,1524.0,1462.0,1506.0,632.0,644.0,639.0
6369.0,1462.0,1476.0,1531.0,626.0,653.0,621.0
6324.0,1473.0,1499.0,1460.0,613.0,654.0,625.0
6357.0,1474.0,1510.0,1475.0,634.0,637.0,627.0
6206.0,1471.0,1433.0,1425.0,619.0,633.0,625.0
6184.0,1468.0,1423.0,1461.0,608.0,604.0,620.0
6245.0,1474.0,1460.0,1459.0,602.0,620.0,630.0
6209.0,1436.0,1436.0,1456.0,623.0,634.0,624.0
6155.0,1438.0,1455.0,1419.0,602.0,616.0,625.0
6329.0,1479.0,1514.0,1437.0,636.0,627.0,636.0
6315.0,1475.0,1458.0,1483.0,629.0,635.0,635.0
6202.0,1451.0,1450.0,1433.0,634.0,617.0,617.0
6300.0,1499.0,1450.0,1462.0,618.0,631.0,640.0
6401.0,1508.0,1466.0,1499.0,631.0,645.0,652.0
6539.0,1519.0,1525.0,1517.0,662.0,655.0,661.0
6472.0,1516.0,1503.0,1495.0,651.0,627.0,680.0
6546.0,1558.0,1524.0,1490.0,666.0,648.0,660.0
6619.0,1543.0,1535.0,1573.0,662.0,626.0,680.0
6519.0,1502.0,1528.0,1536.0,657.0,648.0,648.0
6447.0,1513.0,1466.0,1536.0,646.0,620.0,666.0
6533.0,1488.0,1558.0,1521.0,661.0,653.0,652.0
6531.0,1516.0,1499.0,1560.0,640.0,654.0,662.0
6584.0,1487.0,1559.0,1553.0,666.0,655.0,664.0
6490.0,1473.0,1571.0,1496.0,656.0,649.0,645.0
6606.0,1523.0,1529.0,1563.0,670.0,655.0,666.0
6617.0,1557.0,1552.0,1568.0,649.0,646.0,645.0
6581.0,1536.0,1543.0,1548.0,656.0,648.0,650.0
6398.0,1479.0,1483.0,1515.0,645.0,646.0,630.0
6464.0,1533.0,1502.0,1483.0,642.0,670.0,634.0
6335.0,1513.0,1485.0,1443.0,618.0,634.0,642.0
6302.0,1477.0,1457.0,1481.0,637.0,637.0,613.0
6332.0,1511.0,1464.0,1477.0,606.0,644.0,630.0
6279.0,1483.0,1453.0,1453.0,613.0,652.0,625.0
6155.0,1464.0,1414.0,1437.0,616.0,621.0,603.0
6351.0,1477.0,1493.0,1474.0,621.0,656.0,630.0
6347.0,1499.0,1483.0,1467.0,639.0,640.0,619.0
6298.0,1467.0,1461.0,1457.0,630.0,653.0,630.0
6048.0,1417.0,1413.0,1386.0,612.0,607.0,613.0
6496.0,1476.0,1524.0,1541.0,653.0,651.0,651.0
6315.0,1472.0,1482.0,1459.0,620.0,643.0,639.0
6419.0,1493.0,1523.0,1492.0,651.0,634.0,626.0
6430.0,1500.0,1506.0,1500.0,651.0,649.0,624.0
6434.0,1492.0,1509.0,1492.0,641.0,654.0,646.0
6505.0,1517.0,1532.0,1485.0,666.0,660.0,645.0
6658.0,1519.0,1586.0,1566.0,659.0,667.0,661.0
6692.0,1570.0,1552.0,1568.0,677.0,654.0,671.0
6700.0,1527.0,1567.0,1591.0,691.0,663.0,661.0
6733.0,1566.0,1533.0,1628.0,700.0,642.0,664.0
6843.0,1586.0,1575.0,1624.0,692.0,665.0,701.0
6527.0,1498.0,1507.0,1530.0,672.0,655.0,665.0
6438.0,1456.0,1529.0,1514.0,641.0,641.0,657.0
6648.0,1554.0,1559.0,1563.0,678.0,656.0,638.0
6449.0,1507.0,1454.0,1542.0,650.0,637.0,659.0
6378.0,1469.0,1471.0,1505.0,644.0,643.0,646.0
6504.0,1533.0,1529.0,1506.0,636.0,641.0,659.0
6326.0,1491.0,1461.0,1468.0,617.0,633.0,656.0
6503.0,1555.0,1478.0,1506.0,658.0,650.0,656.0
6343.0,1511.0,1481.0,1466.0,626.0,630.0,629.0
6359.0,1475.0,1511.0,1457.0,642.0,635.0,639.0
6378.0,1499.0,1505.0,1475.0,632.0,621.0,646.0
6238.0,1397.0,1483.0,1458.0,620.0,638.0,642.0
6493.0,1500.0,1550.0,1505.0,635.0,648.0,655.0
6192.0,1386.0,1470.0,1456.0,635.0,608.0,637.0
6529.0,1553.0,1512.0,1512.0,640.0,653.0,659.0
6460.0,1496.0,1499.0,1497.0,647.0,662.0,659.0
6567.0,1509.0,1517.0,1548.0,652.0,682.0,659.0
6507.0,1524.0,1505.0,1535.0,632.0,652.0,659.0
6547.0,1520.0,1517.0,1546.0,648.0,651.0,665.0
6543.0,1541.0,1463.0,1574.0,637.0,670.0,658.0
6737.0,1570.0,1543.0,1593.0,687.0,687.0,657.0
6625.0,1559.0,1491.0,1596.0,661.0,669.0,649.0
6656.0,1552.0,1524.0,1592.0,656.0,668.0,664.0
6744.0,1576.0,1581.0,1567.0,678.0,673.0,669.0
6551.0,1523.0,1505.0,1524.0,672.0,671.0,656.0
6736.0,1556.0,1557.0,1590.0,682.0,680.0,671.0
6675.0,1546.0,1554.0,1585.0,680.0,662.0,648.0
6578.0,1515.0,1540.0,1522.0,685.0,655.0,661.0
6473.0,1513.0,1558.0,1461.0,663.0,654.0,624.0
6703.0,1559.0,1568.0,1564.0,688.0,671.0,653.0
6529.0,1523.0,1550.0,1476.0,665.0,654.0,661.0
6495.0,1519.0,1532.0,1525.0,640.0,638.0,641.0
6450.0,1515.0,1527.0,1483.0,645.0,650.0,630.0
6341.0,1492.0,1492.0,1453.0,627.0,630.0,647.0
6482.0,1528.0,1539.0,1480.0,643.0,643.0,649.0
6311.0,1494.0,1448.0,1480.0,634.0,620.0,635.0
6246.0,1467.0,1442.0,1449.0,628.0,627.0,633.0
6421.0,1486.0,1488.0,1540.0,636.0,625.0,646.0
6470.0,1519.0,1492.0,1534.0,634.0,627.0,664.0
6467.0,1512.0,1506.0,1503.0,645.0,658.0,643.0
6364.0,1496.0,1485.0,1483.0,644.0,612.0,644.0
6475.0,1515.0,1494.0,1522.0,644.0,647.0,653.0
6549.0,1502.0,1526.0,1568.0,641.0,653.0,659.0
6601.0,1512.0,1533.0,1575.0,656.0,664.0,661.0
6638.0,1536.0,1549.0,1558.0,654.0,670.0,671.0
6703.0,1584.0,1540.0,1577.0,663.0,665.0,674.0
6675.0,1592.0,1543.0,1554.0,644.0,671.0,671.0
6775.0,1561.0,1588.0,1587.0,670.0,682.0,687.0
6757.0,1536.0,1601.0,1597.0,665.0,679.0,679.0
6837.0,1603.0,1605.0,1596.0,659.0,690.0,684.0
6764.0,1605.0,1573.0,1539.0,680.0,682.0,685.0
6658.0,1535.0,1580.0,1524.0,673.0,677.0,669.0
6745.0,1560.0,1588.0,1543.0,688.0,685.0,681.0
6486.0,1514.0,1484.0,1511.0,653.0,669.0,655.0
6755.0,1585.0,1550.0,1560.0,693.0,682.0,685.0
6735.0,1551.0,1570.0,1583.0,693.0,676.0,662.0
6648.0,1550.0,1535.0,1551.0,691.0,669.0,652.0
6454.0,1526.0,1467.0,1505.0,662.0,649.0,645.0
6565.0,1552.0,1507.0,1530.0,668.0,657.0,651.0
6417.0,1535.0,1456.0,1500.0,655.0,638.0,633.0
6477.0,1544.0,1485.0,1486.0,648.0,666.0,648.0
6520.0,1512.0,1515.0,1535.0,661.0,646.0,651.0
6340.0,1495.0,1492.0,1476.0,629.0,623.0,625.0
6366.0,1473.0,1484.0,1533.0,629.0,637.0,610.0
6541.0,1521.0,1530.0,1565.0,648.0,641.0,636.0
6489.0,1517.0,1518.0,1524.0,645.0,662.0,623.0
6551.0,1497.0,1554.0,1565.0,642.0,650.0,643.0
6484.0,1517.0,1501.0,1538.0,643.0,648.0,637.0
6626.0,1529.0,1565.0,1575.0,662.0,644.0,651.0
6615.0,1539.0,1583.0,1553.0,644.0,644.0,652.0
6679.0,1561.0,1556.0,1579.0,658.0,659.0,666.0
6821.0,1632.0,1572.0,1582.0,682.0,675.0,678.0
6645.0,1556.0,1559.0,1572.0,651.0,653.0,654.0
6820.0,1603.0,1555.0,1612.0,684.0,692.0,674.0
6804.0,1581.0,1587.0,1617.0,678.0,680.0,661.0
6775.0,1583.0,1575.0,1584.0,669.0,691.0,673.0
6815.0,1587.0,1573.0,1593.0,692.0,681.0,689.0
6783.0,1584.0,1607.0,1538.0,673.0,693.0,688.0
6681.0,1564.0,1548.0,1570.0,662.0,660.0,677.0
6832.0,1573.0,1603.0,1590.0,690.0,680.0,696.0
6686.0,1547.0,1568.0,1516.0,692.0,681.0,682.0
6670.0,1525.0,1564.0,1562.0,680.0,674.0,665.0
6733.0,1562.0,1594.0,1552.0,692.0,665.0,668.0
6716.0,1559.0,1578.0,1545.0,674.0,684.0,676.0
6610.0,1553.0,1539.0,1510.0,672.0,666.0,670.0
6762.0,1557.0,1622.0,1552.0,667.0,680.0,684.0
6656.0,1578.0,1553.0,1532.0,655.0,670.0,668.0
6540.0,1533.0,1555.0,1480.0,656.0,657.0,659.0
6576.0,1503.0,1544.0,1568.0,650.0,658.0,653.0
6661.0,1543.0,1553.0,1593.0,654.0,665.0,653.0
6657.0,1556.0,1509.0,1580.0,673.0,659.0,680.0
6544.0,1503.0,1538.0,1532.0,663.0,654.0,654.0
6581.0,1479.0,1503.0,1597.0,661.0,665.0,676.0
6573.0,1517.0,1523.0,1552.0,650.0,665.0,666.0
6647.0,1572.0,1526.0,1570.0,682.0,643.0,654.0
6841.0,1558.0,1606.0,1634.0,674.0,695.0,674.0
6684.0,1576.0,1556.0,1554.0,640.0,669.0,689.0
6819.0,1605.0,1568.0,1606.0,679.0,689.0,672.0
6859.0,1613.0,1620.0,1590.0,690.0,681.0,665.0
6853.0,1623.0,1601.0,1601.0,681.0,666.0,681.0
6805.0,1612.0,1628.0,1552.0,667.0,662.0,684.0
6731.0,1590.0,1592.0,1529.0,661.0,680.0,679.0
6854.0,1575.0,1622.0,1614.0,688.0,665.0,690.0
6838.0,1582.0,1615.0,1621.0,678.0,672.0,670.0
6673.0,1528.0,1597.0,1537.0,680.0,681.0,650.0
6816.0,1568.0,1628.0,1599.0,676.0,673.0,672.0
6887.0,1634.0,1612.0,1599.0,689.0,678.0,675.0
6503.0,1510.0,1510.0,1518.0,666.0,644.0,655.0
6787.0,1596.0,1578.0,1573.0,691.0,679.0,670.0
6729.0,1576.0,1561.0,1571.0,672.0,673.0,676.0
6600.0,1521.0,1582.0,1528.0,668.0,647.0,654.0
6416.0,1510.0,1485.0,1489.0,657.0,642.0,633.0
6471.0,1494.0,1490.0,1532.0,659.0,650.0,646.0
6670.0,1553.0,1558.0,1587.0,645.0,679.0,648.0
6501.0,1499.0,1501.0,1524.0,666.0,654.0,657.0
6478.0,1491.0,1504.0,1531.0,650.0,658.0,644.0
6674.0,1516.0,1602.0,1514.0,696.0,681.0,665.0
6559.0,1519.0,1554.0,1514.0,661.0,670.0,641.0
6687.0,1544.0,1586.0,1556.0,660.0,670.0,671.0
6738.0,1564.0,1571.0,1574.0,686.0,660.0,683.0
6652.0,1550.0,1561.0,1521.0,680.0,675.0,665.0
6824.0,1592.0,1596.0,1582.0,683.0,674.0,697.0
6887.0,1624.0,1603.0,1591.0,690.0,686.0,693.0
6886.0,1652.0,1561.0,1595.0,682.0,686.0,710.0
6746.0,1582.0,1587.0,1535.0,669.0,680.0,693.0
6926.0,1628.0,1618.0,1601.0,678.0,699.0,702.0
6808.0,1579.0,1587.0,1587.0,678.0,687.0,690.0
6864.0,1594.0,1596.0,1603.0,674.0,702.0,695.0
6941.0,1634.0,1619.0,1607.0,686.0,696.0,699.0
6820.0,1600.0,1567.0,1589.0,678.0,694.0,692.0
6778.0,1541.0,1604.0,1587.0,673.0,682.0,691.0
6739.0,1546.0,1626.0,1578.0,648.0,669.0,672.0
6705.0,1575.0,1557.0,1552.0,667.0,663.0,691.0
6697.0,1545.0,1589.0,1554.0,656.0,677.0,676.0
6792.0,1588.0,1605.0,1601.0,674.0,648.0,676.0
6647.0,1552.0,1578.0,1548.0,660.0,650.0,659.0
6656.0,1591.0,1562.0,1522.0,669.0,650.0,662.0
6777.0,1604.0,1581.0,1599.0,660.0,657.0,676.0
6673.0,1535.0,1584.0,1558.0,678.0,660.0,658.0
6825.0,1610.0,1591.0,1620.0,681.0,660.0,663.0
6579.0,1508.0,1563.0,1551.0,668.0,640.0,649.0
6646.0,1512.0,1604.0,1547.0,677.0,663.0,643.0
6589.0,1537.0,1531.0,1522.0,689.0,663.0,647.0
6568.0,1513.0,1526.0,1531.0,663.0,666.0,669.0
6704.0,1527.0,1546.0,1597.0,688.0,673.0,673.0
6682.0,1537.0,1579.0,1560.0,682.0,663.0,661.0
6691.0,1583.0,1554.0,1540.0,670.0,670.0,674.0
6763.0,1542.0,1563.0,1614.0,682.0,681.0,681.0
6680.0,1568.0,1528.0,1539.0,685.0,688.0,672.0
6793.0,1589.0,1585.0,1547.0,693.0,697.0,682.0
6877.0,1607.0,1592.0,1612.0,685.0,677.0,704.0
6865.0,1610.0,1625.0,1570.0,680.0,692.0,688.0
6932.0,1604.0,1621.0,1630.0,687.0,699.0,691.0
7031.0,1643.0,1664.0,1617.0,697.0,722.0,688.0
7079.0,1634.0,1643.0,1683.0,709.0,714.0,696.0
6967.0,1616.0,1650.0,1610.0,673.0,715.0,703.0
6968.0,1643.0,1638.0,1633.0,690.0,671.0,693.0
6780.0,1527.0,1608.0,1602.0,677.0,695.0,671.0
6870.0,1559.0,1627.0,1626.0,686.0,690.0,682.0
6628.0,1525.0,1531.0,1580.0,648.0,676.0,668.0
6769.0,1561.0,1606.0,1568.0,658.0,688.0,688.0
7045.0,1635.0,1656.0,1654.0,692.0,697.0,711.0
6745.0,1592.0,1588.0,1560.0,674.0,656.0,675.0
6881.0,1608.0,1586.0,1630.0,677.0,686.0,694.0
6694.0,1597.0,1549.0,1543.0,676.0,649.0,680.0
6656.0,1564.0,1541.0,1562.0,657.0,656.0,676.0
6528.0,1535.0,1505.0,1515.0,649.0,654.0,670.0
6463.0,1503.0,1491.0,1500.0,650.0,643.0,676.0
6563.0,1525.0,1497.0,1545.0,668.0,644.0,684.0
6736.0,1572.0,1574.0,1543.0,681.0,663.0,703.0
6587.0,1523.0,1545.0,1533.0,667.0,656.0,663.0
6820.0,1546.0,1643.0,1556.0,695.0,680.0,700.0
6765.0,1573.0,1589.0,1573.0,674.0,677.0,679.0
6590.0,1551.0,1575.0,1533.0,648.0,635.0,648.0
6819.0,1599.0,1584.0,1570.0,685.0,691.0,690.0
7018.0,1649.0,1646.0,1609.0,708.0,699.0,707.0
6853.0,1626.0,1606.0,1597.0,672.0,669.0,683.0
6933.0,1598.0,1650.0,1611.0,680.0,704.0,690.0
7004.0,1646.0,1660.0,1628.0,697.0,684.0,689.0
6901.0,1588.0,1599.0,1610.0,705.0,701.0,698.0
6807.0,1588.0,1564.0,1624.0,673.0,677.0,681.0
6900.0,1617.0,1597.0,1627.0,679.0,698.0,682.0
6810.0,1581.0,1521.0,1632.0,691.0,712.0,673.0
6822.0,1581.0,1593.0,1615.0,665.0,690.0,678.0
6977.0,1627.0,1611.0,1649.0,687.0,703.0,700.0
6838.0,1582.0,1624.0,1619.0,666.0,679.0,668.0
6798.0,1577.0,1550.0,1619.0,676.0,688.0,688.0
6830.0,1631.0,1591.0,1583.0,678.0,683.0,664.0
6792.0,1607.0,1547.0,1604.0,690.0,678.0,666.0
6672.0,1601.0,1521.0,1545.0,652.0,683.0,670.0
6687.0,1578.0,1545.0,1556.0,655.0,693.0,660.0
6957.0,1605.0,1648.0,1621.0,691.0,706.0,686.0
6579.0,1525.0,1536.0,1541.0,658.0,665.0,654.0
6683.0,1522.0,1620.0,1526.0,678.0,678.0,659.0
6535.0,1489.0,1569.0,1506.0,651.0,655.0,665.0
6570.0,1493.0,1564.0,1525.0,662.0,663.0,663.0
6797.0,1557.0,1589.0,1566.0,695.0,692.0,698.0
6773.0,1547.0,1612.0,1550.0,699.0,682.0,683.0
6851.0,1598.0,1589.0,1574.0,703.0,693.0,694.0
6801.0,1587.0,1573.0,1591.0,686.0,683.0,681.0
7016.0,1650.0,1651.0,1609.0,700.0,699.0,707.0
7060.0,1688.0,1646.0,1599.0,713.0,699.0,715.0
7031.0,1640.0,1620.0,1678.0,690.0,693.0,710.0
6989.0,1635.0,1598.0,1647.0,716.0,681.0,712.0
7024.0,1623.0,1636.0,1660.0,714.0,689.0,702.0
7119.0,1639.0,1664.0,1680.0,716.0,687.0,733.0
7106.0,1626.0,1680.0,1665.0,697.0,710.0,728.0
7033.0,1635.0,1621.0,1661.0,698.0,699.0,719.0
7076.0,1626.0,1666.0,1652.0,708.0,700.0,724.0
6914.0,1582.0,1647.0,1633.0,685.0,680.0,687.0
6942.0,1600.0,1636.0,1632.0,697.0,690.0,687.0
6897.0,1595.0,1632.0,1621.0,680.0,678.0,691.0
7093.0,1673.0,1641.0,1674.0,696.0,707.0,702.0
6863.0,1607.0,1611.0,1574.0,692.0,690.0,689.0
6888.0,1632.0,1564.0,1615.0,701.0,676.0,700.0
6825.0,1632.0,1606.0,1573.0,676.0,679.0,659.0
6816.0,1606.0,1580.0,1596.0,675.0,685.0,674.0
6666.0,1599.0,1567.0,1500.0,658.0,682.0,660.0
6832.0,1607.0,1585.0,1582.0,688.0,693.0,677.0
6763.0,1601.0,1587.0,1549.0,664.0,702.0,660.0
6666.0,1564.0,1536.0,1548.0,668.0,679.0,671.0
6912.0,1609.0,1612.0,1569.0,711.0,722.0,689.0
6794.0,1568.0,1561.0,1601.0,683.0,702.0,679.0
6977.0,1617.0,1622.0,1643.0,694.0,701.0,700.0
6752.0,1556.0,1589.0,1577.0,688.0,669.0,673.0
6942.0,1613.0,1625.0,1639.0,687.0,692.0,686.0
7113.0,1661.0,1641.0,1640.0,725.0,727.0,719.0
7079.0,1665.0,1640.0,1656.0,702.0,706.0,710.0
7147.0,1705.0,1669.0,1683.0,702.0,707.0,681.0
7156.0,1699.0,1670.0,1673.0,709.0,706.0,699.0
7193.0,1700.0,1661.0,1676.0,736.0,706.0,714.0
6967.0,1640.0,1636.0,1621.0,695.0,691.0,684.0
7065.0,1638.0,1665.0,1662.0,695.0,696.0,709.0
6963.0,1591.0,1609.0,1654.0,706.0,705.0,698.0
6974.0,1599.0,1608.0,1667.0,701.0,684.0,715.0
6959.0,1621.0,1608.0,1619.0,710.0,690.0,711.0
7159.0,1693.0,1658.0,1666.0,721.0,707.0,714.0
6970.0,1634.0,1628.0,1635.0,681.0,687.0,705.0
6931.0,1621.0,1619.0,1611.0,693.0,692.0,695.0
6876.0,1623.0,1586.0,1633.0,674.0,664.0,696.0
6815.0,1589.0,1572.0,1600.0,677.0,683.0,694.0
6817.0,1605.0,1559.0,1601.0,673.0,682.0,697.0
6916.0,1629.0,1602.0,1629.0,686.0,689.0,681.0
6902.0,1653.0,1621.0,1577.0,676.0,680.0,695.0
6816.0,1594.0,1604.0,1579.0,675.0,673.0,691.0
6863.0,1601.0,1643.0,1570.0,668.0,684.0,697.0
6784.0,1537.0,1595.0,1607.0,675.0,690.0,680.0
6754.0,1564.0,1608.0,1557.0,666.0,675.0,684.0
6892.0,1607.0,1594.0,1628.0,687.0,685.0,691.0
6883.0,1583.0,1631.0,1600.0,680.0,701.0,688.0
6927.0,1588.0,1636.0,1611.0,699.0,696.0,697.0
6889.0,1656.0,1578.0,1601.0,680.0,690.0,684.0
7079.0,1648.0,1687.0,1667.0,683.0,703.0,691.0
7198.0,1695.0,1665.0,1697.0,718.0,711.0,712.0
6986.0,1641.0,1584.0,1645.0,701.0,717.0,698.0
7121.0,1648.0,1639.0,1697.0,723.0,712.0,702.0
7197.0,1656.0,1667.0,1701.0,739.0,729.0,705.0
7259.0,1707.0,1681.0,1705.0,732.0,725.0,709.0
7001.0,1595.0,1608.0,1675.0,722.0,698.0,703.0
7070.0,1619.0,1647.0,1649.0,721.0,726.0,708.0
7193.0,1656.0,1667.0,1694.0,741.0,721.0,714.0
7034.0,1630.0,1647.0,1614.0,700.0,728.0,715.0
6965.0,1603.0,1630.0,1638.0,698.0,697.0,699.0
6924.0,1600.0,1641.0,1590.0,711.0,699.0,683.0
6909.0,1599.0,1642.0,1592.0,701.0,698.0,677.0
7034.0,1665.0,1654.0,1605.0,710.0,703.0,697.0
6882.0,1584.0,1624.0,1606.0,695.0,686.0,687.0
7007.0,1643.0,1642.0,1622.0,696.0,701.0,703.0
7102.0,1686.0,1682.0,1593.0,707.0,720.0,714.0
7005.0,1670.0,1652.0,1624.0,688.0,676.0,695.0
6785.0,1600.0,1612.0,1548.0,663.0,678.0,684.0
6861.0,1631.0,1603.0,1578.0,689.0,676.0,684.0
6993.0,1629.0,1619.0,1656.0,697.0,692.0,700.0
6771.0,1593.0,1560.0,1587.0,670.0,668.0,693.0
7052.0,1641.0,1616.0,1679.0,694.0,715.0,707.0
6933.0,1638.0,1569.0,1671.0,698.0,674.0,683.0
6953.0,1630.0,1571.0,1642.0,685.0,694.0,731.0
6731.0,1565.0,1540.0,1616.0,657.0,662.0,691.0
7121.0,1673.0,1650.0,1643.0,723.0,719.0,713.0
7157.0,1639.0,1692.0,1665.0,711.0,716.0,734.0
7312.0,1727.0,1704.0,1708.0,722.0,713.0,738.0
7234.0,1699.0,1699.0,1658.0,728.0,722.0,728.0
7273.0,1720.0,1680.0,1693.0,725.0,718.0,737.0
7364.0,1740.0,1730.0,1687.0,741.0,731.0,735.0
7170.0,1664.0,1702.0,1652.0,723.0,715.0,714.0
7131.0,1650.0,1679.0,1633.0,726.0,731.0,712.0
7407.0,1699.0,1757.0,1720.0,748.0,741.0,742.0
7087.0,1646.0,1644.0,1652.0,720.0,717.0,708.0
7223.0,1704.0,1679.0,1682.0,719.0,724.0,715.0
7228.0,1699.0,1692.0,1639.0,734.0,727.0,737.0
6937.0,1636.0,1583.0,1651.0,693.0,694.0,680.0
7018.0,1667.0,1609.0,1638.0,691.0,725.0,688.0
6991.0,1626.0,1627.0,1631.0,699.0,708.0,700.0
7005.0,1669.0,1587.0,1619.0,704.0,715.0,711.0
6832.0,1574.0,1596.0,1573.0,694.0,692.0,703.0
6934.0,1656.0,1595.0,1633.0,685.0,681.0,684.0
6986.0,1598.0,1613.0,1670.0,716.0,704.0,685.0
7071.0,1668.0,1641.0,1654.0,706.0,704.0,698.0
6927.0,1582.0,1648.0,1630.0,688.0,681.0,698.0
6934.0,1655.0,1608.0,1612.0,689.0,690.0,680.0
7014.0,1586.0,1678.0,1662.0,703.0,694.0,691.0
6977.0,1607.0,1649.0,1652.0,695.0,692.0,682.0
7162.0,1679.0,1686.0,1671.0,712.0,711.0,703.0
7014.0,1634.0,1633.0,1671.0,697.0,695.0,684.0
7131.0,1675.0,1698.0,1639.0,719.0,690.0,710.0
7083.0,1666.0,1650.0,1671.0,697.0,702.0,697.0
7236.0,1719.0,1718.0,1658.0,707.0,725.0,709.0
7182.0,1671.0,1688.0,1656.0,730.0,706.0,731.0
7110.0,1684.0,1640.0,1631.0,713.0,730.0,712.0
7197.0,1689.0,1683.0,1677.0,732.0,717.0,699.0
7143.0,1694.0,1648.0,1640.0,737.0,723.0,701.0
7075.0,1651.0,1666.0,1622.0,715.0,701.0,720.0
7352.0,1697.0,1694.0,1730.0,741.0,741.0,749.0
7233.0,1644.0,1668.0,1699.0,744.0,737.0,741.0
7190.0,1698.0,1677.0,1635.0,743.0,711.0,726.0
7041.0,1657.0,1658.0,1601.0,721.0,691.0,713.0
6981.0,1666.0,1605.0,1605.0,693.0,708.0,704.0
7230.0,1693.0,1721.0,1645.0,736.0,714.0,721.0
7129.0,1661.0,1659.0,1680.0,703.0,705.0,721.0
6993.0,1641.0,1654.0,1608.0,687.0,696.0,707.0
7249.0,1662.0,1717.0,1705.0,706.0,729.0,730.0
7068.0,1653.0,1641.0,1646.0,707.0,711.0,710.0
6907.0,1617.0,1598.0,1620.0,678.0,694.0,700.0
6961.0,1620.0,1608.0,1648.0,683.0,703.0,699.0
7072.0,1602.0,1673.0,1649.0,705.0,722.0,721.0
7050.0,1637.0,1640.0,1661.0,703.0,710.0,699.0
7091.0,1608.0,1663.0,1676.0,709.0,722.0,713.0
7041.0,1624.0,1652.0,1643.0,698.0,707.0,717.0
6958.0,1637.0,1608.0,1625.0,697.0,690.0,701.0
6997.0,1617.0,1645.0,1643.0,692.0,692.0,708.0
7206.0,1692.0,1671.0,1687.0,704.0,735.0,717.0
7199.0,1706.0,1662.0,1686.0,706.0,724.0,715.0
7289.0,1725.0,1697.0,1683.0,711.0,726.0,747.0
7219.0,1692.0,1682.0,1663.0,721.0,728.0,733.0
7322.0,1701.0,1735.0,1677.0,748.0,742.0,719.0
7217.0,1668.0,1705.0,1658.0,719.0,725.0,742.0
7356.0,1753.0,1746.0,1661.0,731.0,733.0,732.0
7163.0,1683.0,1701.0,1640.0,719.0,711.0,709.0
7116.0,1680.0,1685.0,1628.0,716.0,711.0,696.0
7204.0,1658.0,1699.0,1669.0,728.0,717.0,733.0
7288.0,1694.0,1747.0,1679.0,738.0,718.0,712.0
7142.0,1656.0,1688.0,1661.0,721.0,720.0,696.0
7346.0,1681.0,1749.0,1733.0,748.0,715.0,720.0
7068.0,1684.0,1591.0,1667.0,725.0,697.0,704.0
7126.0,1663.0,1645.0,1682.0,735.0,697.0,704.0
7202.0,1696.0,1650.0,1711.0,721.0,723.0,701.0
6996.0,1654.0,1614.0,1638.0,713.0,687.0,690.0
7030.0,1657.0,1628.0,1641.0,716.0,684.0,704.0
7022.0,1638.0,1593.0,1659.0,715.0,709.0,708.0
7010.0,1581.0,1670.0,1635.0,705.0,702.0,717.0
6992.0,1594.0,1644.0,1670.0,682.0,701.0,701.0
7020.0,1631.0,1640.0,1646.0,697.0,699.0,707.0
7075.0,1675.0,1655.0,1637.0,699.0,706.0,703.0
7056.0,1638.0,1670.0,1635.0,700.0,706.0,707.0
7093.0,1667.0,1641.0,1651.0,691.0,732.0,711.0
7224.0,1645.0,1709.0,1685.0,706.0,746.0,733.0
7303.0,1735.0,1706.0,1699.0,714.0,725.0,724.0
7222.0,1666.0,1682.0,1673.0,725.0,738.0,738.0
7244.0,1675.0,1711.0,1688.0,707.0,722.0,741.0
7287.0,1713.0,1706.0,1673.0,724.0,745.0,726.0
7607.0,1781.0,1778.0,1759.0,761.0,763.0,765.0
7242.0,1677.0,1722.0,1664.0,718.0,733.0,728.0
7416.0,1737.0,1730.0,1714.0,734.0,742.0,759.0
7395.0,1695.0,1758.0,1711.0,736.0,735.0,760.0
7226.0,1676.0,1672.0,1709.0,713.0,727.0,729.0
7314.0,1678.0,1708.0,1713.0,749.0,739.0,727.0
7172.0,1674.0,1652.0,1700.0,713.0,725.0,708.0
7144.0,1635.0,1649.0,1686.0,717.0,722.0,735.0
7261.0,1668.0,1681.0,1730.0,725.0,726.0,731.0
7105.0,1647.0,1662.0,1677.0,708.0,701.0,710.0
7126.0,1692.0,1648.0,1674.0,703.0,697.0,712.0
7106.0,1635.0,1683.0,1661.0,711.0,700.0,716.0
7182.0,1720.0,1660.0,1663.0,728.0,711.0,700.0
7160.0,1677.0,1662.0,1664.0,740.0,710.0,707.0
6969.0,1631.0,1616.0,1652.0,697.0,683.0,690.0
6948.0,1565.0,1647.0,1620.0,715.0,696.0,705.0
7232.0,1654.0,1717.0,1682.0,722.0,734.0,723.0
7184.0,1660.0,1703.0,1681.0,719.0,717.0,704.0
6996.0,1654.0,1662.0,1616.0,695.0,694.0,675.0
7182.0,1659.0,1688.0,1671.0,736.0,730.0,698.0
7256.0,1723.0,1686.0,1688.0,726.0,722.0,711.0
7162.0,1684.0,1626.0,1693.0,719.0,717.0,723.0
7141.0,1692.0,1646.0,1649.0,709.0,711.0,734.0
7284.0,1710.0,1710.0,1685.0,713.0,730.0,736.0
7352.0,1774.0,1693.0,1690.0,736.0,739.0,720.0
7350.0,1700.0,1712.0,1718.0,747.0,731.0,742.0
7403.0,1762.0,1729.0,1698.0,727.0,756.0,731.0
7467.0,1763.0,1731.0,1717.0,754.0,761.0,741.0
7440.0,1737.0,1747.0,1733.0,735.0,755.0,733.0
7537.0,1726.0,1780.0,1744.0,771.0,763.0,753.0
7450.0,1721.0,1742.0,1756.0,730.0,749.0,752.0
7357.0,1708.0,1698.0,1741.0,731.0,749.0,730.0
7325.0,1667.0,1734.0,1724.0,735.0,734.0,731.0
7361.0,1711.0,1726.0,1709.0,736.0,741.0,738.0
7355.0,1715.0,1712.0,1727.0,715.0,749.0,737.0
7190.0,1644.0,1687.0,1692.0,722.0,717.0,728.0
7326.0,1742.0,1685.0,1725.0,724.0,712.0,738.0
7195.0,1689.0,1639.0,1701.0,729.0,723.0,714.0
7258.0,1702.0,1671.0,1686.0,726.0,742.0,731.0
7190.0,1699.0,1682.0,1653.0,716.0,715.0,725.0
7098.0,1639.0,1635.0,1672.0,721.0,708.0,723.0
7112.0,1672.0,1652.0,1656.0,717.0,700.0,715.0
7214.0,1666.0,1665.0,1705.0,731.0,712.0,735.0
7158.0,1651.0,1675.0,1660.0,725.0,717.0,730.0
7135.0,1662.0,1642.0,1674.0,733.0,694.0,730.0
7077.0,1647.0,1662.0,1632.0,710.0,705.0,721.0
7192.0,1694.0,1700.0,1633.0,717.0,726.0,722.0
7277.0,1724.0,1724.0,1675.0,720.0,706.0,728.0
7310.0,1738.0,1707.0,1677.0,738.0,726.0,724.0
7445.0,1762.0,1791.0,1691.0,734.0,735.0,732.0
7321.0,1744.0,1738.0,1667.0,728.0,719.0,725.0
7590.0,1746.0,1824.0,1759.0,750.0,753.0,758.0
7609.0,1790.0,1792.0,1799.0,752.0,745.0,731.0
7398.0,1794.0,1728.0,1675.0,722.0,725.0,754.0
7402.0,1704.0,1753.0,1736.0,739.0,734.0,736.0
7505.0,1762.0,1741.0,1785.0,741.0,739.0,737.0
7272.0,1648.0,1725.0,1705.0,718.0,745.0,731.0
7399.0,1689.0,1720.0,1768.0,743.0,750.0,729.0
7391.0,1720.0,1739.0,1705.0,752.0,737.0,738.0
7332.0,1687.0,1679.0,1730.0,745.0,766.0,725.0
7301.0,1691.0,1688.0,1717.0,743.0,736.0,726.0
7401.0,1735.0,1721.0,1743.0,745.0,735.0,722.0
7306.0,1726.0,1670.0,1721.0,752.0,726.0,711.0
7283.0,1726.0,1644.0,1737.0,711.0,743.0,722.0
7210.0,1684.0,1714.0,1669.0,728.0,707.0,708.0
7202.0,1657.0,1704.0,1666.0,728.0,738.0,709.0
7195.0,1693.0,1655.0,1671.0,731.0,719.0,726.0
7179.0,1677.0,1684.0,1638.0,723.0,729.0,728.0
7380.0,1698.0,1743.0,1715.0,743.0,734.0,747.0
7200.0,1687.0,1708.0,1646.0,734.0,714.0,711.0
7155.0,1623.0,1690.0,1649.0,742.0,728.0,723.0
7341.0,1682.0,1739.0,1699.0,742.0,732.0,747.0
7243.0,1658.0,1728.0,1660.0,739.0,717.0,741.0
7431.0,1738.0,1739.0,1718.0,746.0,743.0,747.0
7416.0,1721.0,1742.0,1742.0,733.0,732.0,746.0
7450.0,1780.0,1733.0,1694.0,752.0,744.0,747.0
7477.0,1766.0,1734.0,1742.0,745.0,731.0,759.0
7536.0,1773.0,1717.0,1793.0,748.0,734.0,771.0
7641.0,1806.0,1735.0,1832.0,762.0,736.0,770.0
7471.0,1775.0,1713.0,1753.0,741.0,742.0,747.0
7486.0,1757.0,1714.0,1772.0,743.0,746.0,754.0
7382.0,1705.0,1689.0,1741.0,730.0,741.0,776.0
7462.0,1721.0,1740.0,1782.0,744.0,724.0,751.0
7498.0,1713.0,1768.0,1785.0,742.0,733.0,757.0
7553.0,1746.0,1765.0,1783.0,751.0,751.0,757.0
7408.0,1718.0,1731.0,1759.0,720.0,738.0,742.0
7388.0,1732.0,1688.0,1744.0,734.0,748.0,742.0
7449.0,1754.0,1744.0,1775.0,723.0,733.0,720.0
7396.0,1717.0,1740.0,1743.0,738.0,737.0,721.0
7091.0,1676.0,1642.0,1655.0,713.0,703.0,702.0
7382.0,1734.0,1765.0,1707.0,729.0,736.0,711.0
7394.0,1715.0,1740.0,1727.0,745.0,741.0,726.0
7287.0,1753.0,1697.0,1665.0,733.0,726.0,713.0
7382.0,1733.0,1735.0,1713.0,740.0,727.0,734.0
7065.0,1631.0,1635.0,1660.0,711.0,720.0,708.0
7202.0,1661.0,1690.0,1659.0,734.0,732.0,726.0
7344.0,1705.0,1697.0,1699.0,748.0,744.0,751.0
7429.0,1754.0,1726.0,1694.0,758.0,747.0,750.0
7330.0,1687.0,1738.0,1719.0,734.0,716.0,736.0
7353.0,1720.0,1704.0,1698.0,757.0,753.0,721.0
7383.0,1711.0,1700.0,1746.0,745.0,751.0,730.0
7440.0,1753.0,1717.0,1744.0,743.0,749.0,734.0
7514.0,1779.0,1754.0,1749.0,748.0,753.0,731.0
7542.0,1772.0,1729.0,1770.0,759.0,751.0,761.0
7539.0,1755.0,1751.0,1800.0,759.0,746.0,728.0
7762.0,1819.0,1790.0,1847.0,773.0,761.0,772.0
7505.0,1723.0,1765.0,1760.0,748.0,763.0,746.0
7479.0,1719.0,1783.0,1761.0,719.0,742.0,755.0
7605.0,1758.0,1797.0,1795.0,743.0,757.0,755.0
7487.0,1705.0,1762.0,1780.0,742.0,737.0,761.0
7403.0,1755.0,1727.0,1718.0,717.0,740.0,746.0
7274.0,1687.0,1724.0,1687.0,721.0,731.0,724.0
7318.0,1687.0,1688.0,1732.0,753.0,720.0,738.0
7193.0,1724.0,1674.0,1648.0,713.0,712.0,722.0
7273.0,1730.0,1692.0,1674.0,716.0,735.0,726.0
7247.0,1720.0,1672.0,1676.0,723.0,720.0,736.0
7167.0,1703.0,1639.0,1671.0,713.0,710.0,731.0
7292.0,1717.0,1699.0,1700.0,719.0,722.0,735.0
7146.0,1677.0,1664.0,1664.0,708.0,707.0,726.0
7284.0,1703.0,1716.0,1697.0,726.0,713.0,729.0
7283.0,1691.0,1726.0,1659.0,729.0,736.0,742.0
7240.0,1696.0,1693.0,1672.0,742.0,710.0,727.0
7222.0,1661.0,1709.0,1678.0,712.0,724.0,738.0
7306.0,1682.0,1721.0,1715.0,721.0,731.0,736.0
7490.0,1742.0,1756.0,1739.0,767.0,746.0,740.0
7489.0,1754.0,1748.0,1730.0,751.0,748.0,758.0
7247.0,1711.0,1689.0,1634.0,741.0,745.0,727.0
7568.0,1785.0,1727.0,1785.0,749.0,772.0,750.0
7625.0,1817.0,1744.0,1779.0,769.0,761.0,755.0
7691.0,1784.0,1771.0,1832.0,766.0,778.0,760.0
7704.0,1772.0,1789.0,1820.0,784.0,785.0,754.0
7714.0,1809.0,1744.0,1831.0,781.0,782.0,767.0
7446.0,1749.0,1722.0,1704.0,759.0,767.0,745.0
7644.0,1760.0,1775.0,1806.0,761.0,771.0,771.0
7427.0,1720.0,1719.0,1749.0,757.0,753.0,729.0
7479.0,1731.0,1719.0,1763.0,744.0,773.0,749.0
7510.0,1738.0,1743.0,1765.0,749.0,774.0,741.0
7477.0,1759.0,1744.0,1732.0,746.0,747.0,749.0
7411.0,1744.0,1746.0,1710.0,728.0,750.0,733.0
7345.0,1700.0,1756.0,1683.0,735.0,740.0,731.0
7433.0,1758.0,1790.0,1675.0,743.0,732.0,735.0
7460.0,1761.0,1786.0,1711.0,734.0,738.0,730.0
7329.0,1731.0,1730.0,1683.0,733.0,729.0,723.0
7446.0,1735.0,1785.0,1708.0,740.0,729.0,749.0
7371.0,1735.0,1713.0,1717.0,747.0,728.0,731.0
7363.0,1737.0,1745.0,1675.0,738.0,734.0,734.0
7304.0,1689.0,1723.0,1703.0,729.0,728.0,732.0
7390.0,1699.0,1726.0,1727.0,742.0,744.0,752.0
7498.0,1734.0,1746.0,1744.0,768.0,754.0,752.0
7437.0,1748.0,1727.0,1744.0,743.0,736.0,739.0
7467.0,1739.0,1729.0,1781.0,750.0,729.0,739.0
7381.0,1721.0,1714.0,1720.0,741.0,737.0,748.0
7645.0,1839.0,1754.0,1757.0,776.0,752.0,767.0
7585.0,1820.0,1752.0,1756.0,756.0,747.0,754.0
7571.0,1774.0,1726.0,1776.0,772.0,747.0,776.0
7761.0,1838.0,1789.0,1795.0,782.0,768.0,789.0
7783.0,1802.0,1808.0,1823.0,773.0,777.0,800.0
7598.0,1778.0,1742.0,1786.0,757.0,763.0,772.0
7634.0,1810.0,1791.0,1749.0,779.0,755.0,750.0
7816.0,1827.0,1837.0,1768.0,809.0,785.0,790.0
7532.0,1727.0,1774.0,1737.0,755.0,763.0,776.0
7626.0,1762.0,1790.0,1776.0,752.0,776.0,770.0
7570.0,1706.0,1777.0,1767.0,776.0,782.0,762.0
7490.0,1716.0,1760.0,1772.0,741.0,743.0,758.0
7567.0,1760.0,1780.0,1762.0,762.0,753.0,750.0
7548.0,1768.0,1755.0,1741.0,760.0,769.0,755.0
7600.0,1819.0,1728.0,1769.0,754.0,772.0,758.0
7444.0,1763.0,1739.0,1696.0,744.0,763.0,739.0
7316.0,1755.0,1706.0,1707.0,710.0,724.0,714.0
7426.0,1752.0,1711.0,1710.0,764.0,753.0,736.0
7293.0,1717.0,1665.0,1730.0,737.0,730.0,714.0
7226.0,1705.0,1644.0,1709.0,712.0,738.0,718.0
7292.0,1733.0,1672.0,1688.0,739.0,740.0,720.0
7481.0,1754.0,1753.0,1730.0,750.0,753.0,741.0
7274.0,1656.0,1700.0,1736.0,720.0,740.0,722.0
7468.0,1711.0,1773.0,1765.0,732.0,753.0,734.0
7430.0,1756.0,1728.0,1749.0,737.0,734.0,726.0
7658.0,1764.0,1792.0,1832.0,765.0,743.0,762.0
7654.0,1820.0,1748.0,1814.0,770.0,747.0,755.0
7675.0,1823.0,1760.0,1790.0,774.0,762.0,766.0
7636.0,1805.0,1764.0,1773.0,780.0,772.0,742.0
7604.0,1760.0,1762.0,1807.0,779.0,741.0,755.0
7739.0,1810.0,1833.0,1775.0,785.0,751.0,785.0
7671.0,1826.0,1797.0,1748.0,783.0,752.0,765.0
7612.0,1786.0,1775.0,1768.0,768.0,751.0,764.0
7691.0,1793.0,1780.0,1799.0,784.0,753.0,782.0
7685.0,1801.0,1814.0,1750.0,769.0,767.0,784.0
7574.0,1743.0,1769.0,1777.0,770.0,760.0,755.0
7613.0,1772.0,1740.0,1784.0,778.0,765.0,774.0
7501.0,1740.0,1734.0,1750.0,776.0,747.0,754.0
7519.0,1756.0,1731.0,1750.0,753.0,752.0,777.0
7479.0,1745.0,1737.0,1729.0,755.0,756.0,757.0
7562.0,1761.0,1773.0,1762.0,755.0,754.0,757.0
7487.0,1761.0,1752.0,1721.0,739.0,751.0,763.0
7480.0,1766.0,1744.0,1704.0,742.0,757.0,767.0
7521.0,1754.0,1742.0,1772.0,739.0,759.0,755.0
7504.0,1714.0,1731.0,1786.0,735.0,774.0,764.0
7508.0,1713.0,1796.0,1740.0,736.0,763.0,760.0
7369.0,1700.0,1720.0,1733.0,726.0,745.0,745.0
7686.0,1777.0,1789.0,1820.0,756.0,772.0,772.0
7519.0,1710.0,1771.0,1778.0,733.0,769.0,758.0
7428.0,1717.0,1762.0,1732.0,734.0,742.0,741.0
7649.0,1747.0,1775.0,1808.0,759.0,782.0,778.0
7723.0,1804.0,1789.0,1811.0,762.0,785.0,772.0
7739.0,1804.0,1842.0,1767.0,770.0,783.0,773.0
7710.0,1792.0,1807.0,1802.0,763.0,772.0,774.0
7648.0,1818.0,1764.0,1773.0,767.0,763.0,763.0
7771.0,1832.0,1806.0,1787.0,803.0,772.0,771.0
7632.0,1794.0,1752.0,1778.0,769.0,774.0,765.0
7759.0,1834.0,1801.0,1784.0,798.0,777.0,765.0
7708.0,1781.0,1830.0,1773.0,784.0,786.0,754.0
7640.0,1776.0,1780.0,1765.0,776.0,780.0,763.0
7786.0,1825.0,1807.0,1826.0,790.0,771.0,767.0
7586.0,1763.0,1779.0,1762.0,772.0,757.0,753.0
7598.0,1747.0,1813.0,1752.0,760.0,774.0,752.0
7767.0,1812.0,1852.0,1788.0,786.0,763.0,766.0
7820.0,1841.0,1833.0,1811.0,783.0,772.0,780.0
7446.0,1726.0,1752.0,1743.0,761.0,742.0,722.0
7602.0,1788.0,1782.0,1787.0,750.0,745.0,750.0
7497.0,1768.0,1744.0,1751.0,748.0,738.0,748.0
7637.0,1816.0,1770.0,1811.0,737.0,747.0,756.0
7450.0,1725.0,1703.0,1783.0,740.0,750.0,749.0
7486.0,1785.0,1708.0,1747.0,738.0,755.0,753.0
7468.0,1755.0,1705.0,1783.0,745.0,739.0,741.0
7496.0,1779.0,1738.0,1740.0,733.0,752.0,754.0
7491.0,1726.0,1738.0,1774.0,750.0,758.0,745.0
7467.0,1723.0,1761.0,1733.0,744.0,746.0,760.0
7365.0,1702.0,1684.0,1744.0,734.0,739.0,762.0
7522.0,1747.0,1764.0,1730.0,756.0,759.0,766.0
7798.0,1799.0,1816.0,1828.0,782.0,799.0,774.0
7602.0,1763.0,1742.0,1778.0,770.0,786.0,763.0
7585.0,1780.0,1780.0,1722.0,764.0,768.0,771.0
7651.0,1794.0,1808.0,1760.0,747.0,766.0,776.0
7769.0,1827.0,1828.0,1774.0,775.0,790.0,775.0
8017.0,1910.0,1853.0,1843.0,805.0,804.0,802.0
7820.0,1855.0,1829.0,1782.0,789.0,785.0,780.0
7838.0,1825.0,1845.0,1793.0,791.0,799.0,785.0
7820.0,1820.0,1812.0,1808.0,800.0,790.0,790.0
7831.0,1808.0,1823.0,1811.0,802.0,795.0,792.0
7590.0,1753.0,1754.0,1802.0,771.0,754.0,756.0
7739.0,1797.0,1816.0,1765.0,784.0,788.0,789.0
7699.0,1773.0,1775.0,1847.0,766.0,771.0,767.0
7763.0,1850.0,1767.0,1805.0,797.0,771.0,773.0
7635.0,1807.0,1730.0,1795.0,769.0,765.0,769.0
7646.0,1766.0,1767.0,1822.0,769.0,753.0,769.0
7611.0,1758.0,1760.0,1799.0,779.0,763.0,752.0
7593.0,1791.0,1731.0,1832.0,754.0,745.0,740.0
7538.0,1790.0,1714.0,1787.0,761.0,736.0,750.0
7386.0,1724.0,1710.0,1727.0,754.0,733.0,738.0
7497.0,1721.0,1786.0,1763.0,756.0,735.0,736.0
7772.0,1822.0,1828.0,1826.0,767.0,765.0,764.0
7618.0,1757.0,1817.0,1808.0,769.0,737.0,730.0
7562.0,1740.0,1777.0,1815.0,751.0,745.0,734.0
7528.0,1795.0,1758.0,1758.0,737.0,746.0,734.0
7688.0,1800.0,1814.0,1758.0,772.0,771.0,773.0
7503.0,1755.0,1731.0,1751.0,769.0,773.0,724.0
7679.0,1811.0,1818.0,1773.0,750.0,770.0,757.0
7718.0,1808.0,1829.0,1774.0,780.0,757.0,770.0
7628.0,1789.0,1775.0,1798.0,746.0,762.0,758.0
7793.0,1866.0,1784.0,1794.0,793.0,778.0,778.0
7734.0,1811.0,1804.0,1795.0,779.0,776.0,769.0
7849.0,1851.0,1802.0,1841.0,787.0,787.0,781.0
7750.0,1784.0,1802.0,1816.0,795.0,785.0,768.0
7737.0,1799.0,1775.0,1804.0,790.0,792.0,777.0
7752.0,1753.0,1831.0,1818.0,795.0,776.0,779.0
7792.0,1775.0,1806.0,1846.0,783.0,779.0,803.0
7844.0,1854.0,1784.0,1833.0,788.0,794.0,791.0
8053.0,1859.0,1882.0,1883.0,808.0,804.0,817.0
7832.0,1822.0,1854.0,1819.0,788.0,785.0,764.0
7731.0,1802.0,1802.0,1790.0,779.0,776.0,782.0
7899.0,1814.0,1866.0,1834.0,775.0,814.0,796.0
7762.0,1800.0,1831.0,1808.0,776.0,776.0,771.0
7641.0,1781.0,1797.0,1784.0,765.0,745.0,769.0
7569.0,1795.0,1775.0,1744.0,748.0,751.0,756.0
7578.0,1761.0,1780.0,1765.0,759.0,751.0,762.0
7662.0,1799.0,1796.0,1744.0,772.0,777.0,774.0
7628.0,1804.0,1763.0,1777.0,760.0,748.0,776.0
7480.0,1727.0,1722.0,1775.0,731.0,745.0,780.0
7591.0,1733.0,1753.0,1815.0,771.0,761.0,758.0
7729.0,1830.0,1791.0,1791.0,774.0,773.0,770.0
7637.0,1760.0,1796.0,1770.0,766.0,768.0,777.0
7599.0,1772.0,1772.0,1763.0,764.0,760.0,768.0
7816.0,1871.0,1793.0,1823.0,765.0,779.0,785.0
7869.0,1857.0,1855.0,1823.0,769.0,771.0,794.0
7828.0,1837.0,1827.0,1830.0,786.0,780.0,768.0
7937.0,1860.0,1887.0,1857.0,775.0,771.0,787.0
7994.0,1899.0,1867.0,1867.0,768.0,797.0,796.0
7956.0,1839.0,1861.0,1867.0,790.0,802.0,797.0
7876.0,1851.0,1855.0,1816.0,792.0,785.0,777.0
8057.0,1899.0,1886.0,1908.0,797.0,792.0,775.0
7830.0,1805.0,1842.0,1852.0,791.0,766.0,774.0
7830.0,1778.0,1830.0,1863.0,796.0,782.0,781.0
7779.0,1794.0,1845.0,1816.0,774.0,782.0,768.0
7811.0,1814.0,1829.0,1844.0,780.0,784.0,760.0
7793.0,1815.0,1819.0,1831.0,789.0,774.0,765.0
7932.0,1873.0,1824.0,1837.0,803.0,797.0,798.0
7855.0,1854.0,1836.0,1814.0,772.0,792.0,787.0
7604.0,1807.0,1786.0,1752.0,761.0,753.0,745.0
7630.0,1812.0,1759.0,1772.0,780.0,762.0,745.0
7718.0,1810.0,1779.0,1811.0,789.0,764.0,765.0
7605.0,1732.0,1794.0,1792.0,767.0,754.0,766.0
7569.0,1779.0,1736.0,1748.0,784.0,765.0,757.0
7628.0,1767.0,1798.0,1779.0,758.0,757.0,769.0
7803.0,1807.0,1852.0,1782.0,788.0,775.0,799.0
7722.0,1797.0,1806.0,1769.0,784.0,781.0,785.0
7630.0,1795.0,1774.0,1763.0,757.0,768.0,773.0
7710.0,1818.0,1827.0,1761.0,771.0,770.0,763.0
7739.0,1780.0,1828.0,1796.0,778.0,773.0,784.0
7762.0,1809.0,1844.0,1789.0,765.0,778.0,777.0
7726.0,1819.0,1790.0,1783.0,773.0,775.0,786.0
7866.0,1842.0,1855.0,1815.0,775.0,788.0,791.0
8247.0,1937.0,1940.0,1915.0,798.0,811.0,846.0
7891.0,1834.0,1827.0,1851.0,786.0,791.0,802.0
8019.0,1891.0,1833.0,1892.0,782.0,810.0,811.0
7925.0,1814.0,1870.0,1907.0,772.0,771.0,791.0
7862.0,1808.0,1838.0,1848.0,773.0,791.0,804.0
7946.0,1821.0,1851.0,1883.0,787.0,792.0,812.0
7926.0,1829.0,1867.0,1850.0,796.0,797.0,787.0
7826.0,1817.0,1809.0,1858.0,773.0,779.0,790.0
7799.0,1775.0,1813.0,1863.0,776.0,781.0,791.0
7948.0,1872.0,1875.0,1821.0,804.0,799.0,777.0
7832.0,1809.0,1822.0,1861.0,780.0,775.0,785.0
7865.0,1885.0,1848.0,1802.0,799.0,753.0,778.0
7765.0,1808.0,1827.0,1776.0,789.0,791.0,774.0
7753.0,1857.0,1797.0,1764.0,788.0,767.0,780.0
7610.0,1796.0,1809.0,1735.0,767.0,757.0,746.0
7708.0,1791.0,1830.0,1762.0,794.0,770.0,761.0
7650.0,1770.0,1799.0,1765.0,779.0,780.0,757.0
7706.0,1777.0,1855.0,1780.0,759.0,778.0,757.0
7584.0,1766.0,1794.0,1780.0,752.0,747.0,745.0
7710.0,1801.0,1781.0,1796.0,786.0,781.0,765.0
7708.0,1809.0,1789.0,1803.0,784.0,764.0,759.0
7810.0,1836.0,1807.0,1811.0,786.0,800.0,770.0
7718.0,1819.0,1795.0,1786.0,766.0,785.0,767.0
7811.0,1851.0,1803.0,1823.0,782.0,778.0,774.0
8019.0,1905.0,1854.0,1862.0,786.0,806.0,806.0
8067.0,1913.0,1870.0,1865.0,802.0,812.0,805.0
8123.0,1937.0,1829.0,1939.0,805.0,818.0,795.0
8006.0,1877.0,1854.0,1884.0,799.0,799.0,793.0
7985.0,1872.0,1866.0,1883.0,789.0,803.0,772.0
7833.0,1842.0,1820.0,1849.0,778.0,772.0,772.0
7933.0,1848.0,1876.0,1832.0,788.0,798.0,791.0
7984.0,1824.0,1907.0,1873.0,771.0,798.0,811.0
7899.0,1827.0,1853.0,1827.0,785.0,791.0,816.0
7845.0,1830.0,1825.0,1818.0,788.0,778.0,806.0
7940.0,1860.0,1825.0,1876.0,790.0,793.0,796.0
7933.0,1860.0,1848.0,1834.0,795.0,794.0,802.0
7859.0,1832.0,1860.0,1816.0,780.0,784.0,787.0
7738.0,1822.0,1824.0,1776.0,787.0,755.0,774.0
7739.0,1826.0,1763.0,1817.0,780.0,769.0,784.0
7685.0,1817.0,1773.0,1760.0,782.0,758.0,795.0
7761.0,1849.0,1791.0,1792.0,798.0,755.0,776.0
7737.0,1796.0,1804.0,1800.0,787.0,781.0,769.0
7869.0,1864.0,1815.0,1827.0,793.0,763.0,807.0
7764.0,1798.0,1815.0,1812.0,785.0,775.0,779.0
7820.0,1825.0,1804.0,1825.0,789.0,784.0,793.0
7740.0,1783.0,1783.0,1829.0,795.0,762.0,788.0
7720.0,1775.0,1794.0,1835.0,775.0,771.0,770.0
7804.0,1798.0,1840.0,1839.0,781.0,766.0,780.0
8010.0,1882.0,1886.0,1881.0,792.0,794.0,775.0
8021.0,1838.0,1871.0,1905.0,804.0,796.0,807.0
8063.0,1894.0,1877.0,1881.0,813.0,802.0,796.0
8029.0,1869.0,1892.0,1885.0,806.0,793.0,784.0
8164.0,1906.0,1896.0,1979.0,806.0,785.0,792.0
8241.0,1953.0,1890.0,1944.0,824.0,832.0,798.0
8001.0,1850.0,1880.0,1910.0,779.0,805.0,777.0
8026.0,1852.0,1857.0,1892.0,795.0,824.0,806.0
7958.0,1826.0,1823.0,1897.0,800.0,817.0,795.0
8008.0,1829.0,1881.0,1872.0,802.0,827.0,797.0
7993.0,1853.0,1889.0,1866.0,791.0,818.0,776.0
7849.0,1818.0,1825.0,1834.0,794.0,795.0,783.0
7955.0,1866.0,1853.0,1843.0,790.0,803.0,800.0
7933.0,1872.0,1859.0,1819.0,802.0,791.0,790.0
8067.0,1867.0,1905.0,1892.0,789.0,808.0,806.0
7777.0,1863.0,1772.0,1800.0,780.0,781.0,781.0
7875.0,1889.0,1838.0,1788.0,805.0,790.0,765.0
7789.0,1825.0,1832.0,1799.0,767.0,802.0,764.0
7874.0,1852.0,1843.0,1824.0,788.0,784.0,783.0
7874.0,1852.0,1849.0,1828.0,783.0,774.0,788.0
7818.0,1823.0,1840.0,1811.0,778.0,783.0,783.0
7758.0,1771.0,1827.0,1814.0,781.0,771.0,794.0
7917.0,1834.0,1877.0,1846.0,796.0,785.0,779.0
7942.0,1835.0,1878.0,1863.0,789.0,782.0,795.0
7910.0,1819.0,1846.0,1867.0,799.0,782.0,797.0
7998.0,1873.0,1859.0,1881.0,811.0,781.0,793.0
7911.0,1844.0,1836.0,1860.0,783.0,780.0,808.0
7959.0,1837.0,1868.0,1860.0,803.0,790.0,801.0
8110.0,1898.0,1869.0,1933.0,804.0,794.0,812.0
8053.0,1885.0,1846.0,1891.0,812.0,808.0,811.0
8172.0,1912.0,1890.0,1922.0,810.0,806.0,832.0
8167.0,1919.0,1876.0,1915.0,823.0,820.0,814.0
8283.0,1933.0,1921.0,1936.0,839.0,820.0,834.0
8098.0,1865.0,1927.0,1888.0,790.0,800.0,828.0
7841.0,1810.0,1856.0,1812.0,770.0,785.0,808.0
8146.0,1913.0,1935.0,1859.0,804.0,818.0,817.0
8187.0,1886.0,1965.0,1907.0,798.0,817.0,814.0
7992.0,1858.0,1891.0,1819.0,792.0,821.0,811.0
8017.0,1830.0,1903.0,1881.0,792.0,799.0,812.0
8074.0,1862.0,1934.0,1838.0,795.0,825.0,820.0
7873.0,1816.0,1864.0,1853.0,784.0,782.0,774.0
7945.0,1873.0,1873.0,1833.0,769.0,820.0,777.0
7963.0,1875.0,1831.0,1846.0,792.0,810.0,809.0
7994.0,1901.0,1843.0,1871.0,771.0,815.0,793.0
7779.0,1842.0,1809.0,1796.0,761.0,800.0,771.0
7846.0,1832.0,1820.0,1816.0,793.0,787.0,798.0
7809.0,1809.0,1804.0,1837.0,796.0,794.0,769.0
7867.0,1818.0,1830.0,1858.0,794.0,791.0,776.0
7851.0,1812.0,1794.0,1868.0,788.0,811.0,778.0
7941.0,1833.0,1883.0,1861.0,791.0,790.0,783.0
7957.0,1838.0,1856.0,1882.0,804.0,784.0,793.0
8166.0,1907.0,1875.0,1933.0,822.0,821.0,808.0
8069.0,1879.0,1873.0,1910.0,814.0,806.0,787.0
8016.0,1884.0,1897.0,1814.0,821.0,804.0,796.0
8207.0,1937.0,1936.0,1882.0,837.0,806.0,809.0
8311.0,1957.0,1959.0,1909.0,831.0,823.0,832.0
8131.0,1923.0,1918.0,1870.0,820.0,802.0,798.0
8225.0,1932.0,1893.0,1910.0,834.0,824.0,832.0
8164.0,1888.0,1920.0,1907.0,805.0,819.0,825.0
8405.0,1955.0,1982.0,1952.0,838.0,837.0,841.0
8097.0,1879.0,1923.0,1876.0,811.0,809.0,799.0
8218.0,1918.0,1923.0,1885.0,841.0,815.0,836.0
8093.0,1893.0,1875.0,1900.0,806.0,803.0,816.0
8087.0,1896.0,1870.0,1889.0,800.0,812.0,820.0
8101.0,1865.0,1908.0,1913.0,803.0,809.0,803.0
8042.0,1890.0,1862.0,1859.0,795.0,809.0,827.0
7889.0,1842.0,1813.0,1840.0,805.0,796.0,793.0
7991.0,1902.0,1819.0,1856.0,794.0,803.0,817.0
7973.0,1887.0,1821.0,1859.0,800.0,794.0,812.0
7887.0,1896.0,1823.0,1829.0,769.0,780.0,790.0
7924.0,1887.0,1821.0,1863.0,775.0,785.0,793.0
7937.0,1837.0,1863.0,1845.0,804.0,800.0,788.0
7847.0,1805.0,1833.0,1836.0,794.0,785.0,794.0
8009.0,1831.0,1900.0,1889.0,783.0,797.0,809.0
7991.0,1818.0,1884.0,1893.0,794.0,799.0,803.0
8050.0,1838.0,1884.0,1879.0,810.0,822.0,817.0
7927.0,1797.0,1868.0,1842.0,800.0,809.0,811.0
8198.0,1901.0,1942.0,1919.0,819.0,812.0,805.0
8243.0,1887.0,1930.0,1940.0,819.0,833.0,834.0
8017.0,1878.0,1833.0,1880.0,810.0,821.0,795.0
8087.0,1889.0,1878.0,1858.0,814.0,828.0,820.0
8352.0,1959.0,1916.0,1969.0,847.0,837.0,824.0
8209.0,1947.0,1902.0,1899.0,827.0,824.0,810.0
8139.0,1944.0,1860.0,1858.0,832.0,825.0,820.0
8262.0,1942.0,1913.0,1940.0,830.0,826.0,811.0
8271.0,1912.0,1945.0,1901.0,854.0,829.0,830.0
8242.0,1903.0,1911.0,1928.0,830.0,832.0,838.0
8173.0,1909.0,1903.0,1882.0,834.0,828.0,817.0
8127.0,1867.0,1890.0,1936.0,809.0,807.0,818.0
8098.0,1859.0,1909.0,1906.0,801.0,821.0,802.0
8049.0,1881.0,1872.0,1888.0,811.0,802.0,795.0
8057.0,1923.0,1875.0,1875.0,786.0,799.0,799.0
8034.0,1875.0,1876.0,1882.0,795.0,796.0,810.0
8217.0,1923.0,1962.0,1930.0,810.0,784.0,808.0
7954.0,1860.0,1884.0,1852.0,788.0,790.0,780.0
7986.0,1851.0,1871.0,1904.0,779.0,793.0,788.0
7963.0,1858.0,1866.0,1887.0,780.0,768.0,804.0
7995.0,1848.0,1902.0,1891.0,775.0,798.0,781.0
8040.0,1863.0,1875.0,1885.0,815.0,790.0,812.0
7971.0,1856.0,1884.0,1843.0,787.0,788.0,813.0
7961.0,1843.0,1835.0,1888.0,792.0,802.0,801.0
7991.0,1819.0,1839.0,1914.0,801.0,795.0,823.0
8081.0,1868.0,1845.0,1943.0,801.0,810.0,814.0
8119.0,1891.0,1877.0,1885.0,827.0,825.0,814.0
8066.0,1860.0,1890.0,1871.0,819.0,816.0,810.0
8161.0,1897.0,1891.0,1901.0,831.0,823.0,818.0
8344.0,1934.0,1951.0,1949.0,835.0,850.0,825.0
8172.0,1925.0,1920.0,1855.0,821.0,820.0,831.0
8402.0,1944.0,1983.0,1928.0,840.0,840.0,867.0
8274.0,1947.0,1922.0,1910.0,823.0,853.0,819.0
8278.0,1925.0,1932.0,1895.0,850.0,832.0,844.0
8353.0,1954.0,1970.0,1897.0,837.0,843.0,852.0
8378.0,1933.0,1958.0,1968.0,850.0,856.0,813.0
8290.0,1907.0,1957.0,1923.0,828.0,833.0,842.0
8251.0,1917.0,1913.0,1969.0,816.0,803.0,833.0
8173.0,1918.0,1934.0,1862.0,826.0,820.0,813.0
8154.0,1894.0,1907.0,1916.0,804.0,820.0,813.0
8348.0,1929.0,1937.0,1960.0,852.0,841.0,829.0
8214.0,1941.0,1909.0,1911.0,802.0,823.0,828.0
8261.0,1950.0,1899.0,1964.0,814.0,816.0,818.0
8196.0,1920.0,1882.0,1954.0,808.0,824.0,808.0
8050.0,1898.0,1816.0,1955.0,776.0,800.0,805.0
7830.0,1822.0,1808.0,1855.0,780.0,793.0,772.0
8065.0,1876.0,1882.0,1931.0,792.0,801.0,783.0
8062.0,1893.0,1892.0,1907.0,799.0,792.0,779.0
7947.0,1840.0,1843.0,1884.0,785.0,802.0,793.0
8179.0,1886.0,1950.0,1904.0,823.0,823.0,793.0
7897.0,1835.0,1877.0,1832.0,791.0,794.0,768.0
8065.0,1899.0,1927.0,1864.0,790.0,790.0,795.0
8154.0,1914.0,1926.0,1883.0,808.0,813.0,810.0
8165.0,1873.0,1963.0,1887.0,822.0,800.0,820.0
8090.0,1898.0,1895.0,1883.0,798.0,802.0,814.0
8225.0,1928.0,1956.0,1903.0,823.0,809.0,806.0
8232.0,1956.0,1913.0,1910.0,824.0,815.0,814.0
8403.0,1982.0,1980.0,1933.0,844.0,823.0,841.0
8222.0,1966.0,1909.0,1895.0,817.0,824.0,811.0
8236.0,1927.0,1913.0,1918.0,829.0,821.0,828.0
8333.0,1891.0,1940.0,1978.0,860.0,849.0,815.0
8218.0,1895.0,1917.0,1903.0,850.0,821.0,832.0
8201.0,1903.0,1904.0,1898.0,843.0,812.0,841.0
8025.0,1853.0,1861.0,1877.0,816.0,805.0,813.0
8374.0,1923.0,1938.0,1985.0,845.0,852.0,831.0
8179.0,1899.0,1913.0,1905.0,826.0,814.0,822.0
8178.0,1939.0,1888.0,1906.0,809.0,826.0,810.0
8193.0,1887.0,1900.0,1954.0,813.0,816.0,823.0
8073.0,1888.0,1885.0,1885.0,787.0,813.0,815.0
8234.0,1897.0,1927.0,1930.0,819.0,831.0,830.0
8185.0,1904.0,1905.0,1928.0,817.0,812.0,819.0
8078.0,1902.0,1875.0,1886.0,814.0,797.0,804.0
8023.0,1877.0,1866.0,1857.0,804.0,810.0,809.0
8145.0,1878.0,1930.0,1901.0,813.0,805.0,818.0
7946.0,1837.0,1864.0,1854.0,785.0,797.0,809.0
7972.0,1844.0,1875.0,1831.0,802.0,813.0,807.0
7925.0,1864.0,1813.0,1831.0,799.0,811.0,807.0
7972.0,1877.0,1869.0,1831.0,801.0,794.0,800.0
8148.0,1928.0,1878.0,1876.0,819.0,830.0,817.0
8219.0,1941.0,1932.0,1905.0,812.0,824.0,805.0
8305.0,1971.0,1917.0,1938.0,832.0,810.0,837.0
8496.0,1981.0,1985.0,1993.0,845.0,845.0,847.0
8469.0,2012.0,1967.0,1953.0,846.0,837.0,854.0
8321.0,1993.0,1919.0,1928.0,839.0,813.0,829.0
8382.0,1968.0,1972.0,1939.0,845.0,825.0,833.0
8456.0,1992.0,1995.0,1959.0,842.0,837.0,831.0
8337.0,1941.0,1949.0,1927.0,850.0,838.0,832.0
8610.0,1989.0,2020.0,2020.0,860.0,868.0,853.0
8363.0,1911.0,1949.0,2000.0,846.0,834.0,823.0
8383.0,1906.0,1961.0,2002.0,846.0,844.0,824.0
8284.0,1890.0,1948.0,1958.0,834.0,827.0,827.0
8274.0,1884.0,1981.0,1951.0,828.0,829.0,801.0
8223.0,1940.0,1882.0,1934.0,828.0,826.0,813.0
8181.0,1976.0,1877.0,1882.0,826.0,813.0,807.0
8190.0,1931.0,1869.0,1922.0,847.0,826.0,795.0
8145.0,1912.0,1847.0,1936.0,832.0,820.0,798.0
8197.0,1934.0,1904.0,1900.0,816.0,816.0,827.0
8147.0,1948.0,1863.0,1880.0,816.0,832.0,808.0
8069.0,1904.0,1855.0,1855.0,821.0,818.0,816.0
8096.0,1906.0,1875.0,1872.0,820.0,813.0,810.0
8146.0,1886.0,1899.0,1859.0,827.0,842.0,833.0
8121.0,1880.0,1902.0,1893.0,812.0,814.0,820.0
8116.0,1858.0,1950.0,1859.0,803.0,825.0,821.0
8166.0,1903.0,1904.0,1887.0,820.0,824.0,828.0
8193.0,1889.0,1926.0,1898.0,805.0,848.0,827.0
8200.0,1889.0,1917.0,1931.0,825.0,818.0,820.0
8327.0,1905.0,1973.0,1975.0,819.0,829.0,826.0
8390.0,1978.0,1962.0,1928.0,821.0,837.0,864.0
8339.0,2004.0,1940.0,1930.0,815.0,822.0,828.0
8446.0,1962.0,1976.0,1969.0,839.0,847.0,853.0
8413.0,1964.0,1965.0,1968.0,837.0,838.0,841.0
8576.0,1984.0,2005.0,2006.0,861.0,868.0,852.0
8538.0,2000.0,2009.0,1986.0,843.0,850.0,850.0
8489.0,1979.0,1954.0,2008.0,852.0,850.0,846.0
8366.0,1940.0,1936.0,1973.0,857.0,832.0,828.0
8420.0,1955.0,1949.0,1986.0,846.0,836.0,848.0
8223.0,1882.0,1911.0,1940.0,836.0,815.0,839.0
8349.0,1933.0,1959.0,1969.0,835.0,809.0,844.0
8203.0,1911.0,1898.0,1914.0,834.0,819.0,827.0
8143.0,1883.0,1890.0,1889.0,827.0,810.0,844.0
8131.0,1891.0,1923.0,1899.0,817.0,790.0,811.0
8098.0,1898.0,1899.0,1858.0,834.0,804.0,805.0
8258.0,1949.0,1895.0,1937.0,836.0,820.0,821.0
8090.0,1883.0,1899.0,1867.0,833.0,805.0,803.0
8316.0,1961.0,1955.0,1938.0,841.0,819.0,802.0
8267.0,1886.0,1961.0,1941.0,828.0,840.0,811.0
8154.0,1878.0,1956.0,1875.0,817.0,824.0,804.0
8042.0,1853.0,1927.0,1843.0,819.0,790.0,810.0
8333.0,1926.0,1971.0,1929.0,837.0,841.0,829.0
8188.0,1895.0,1912.0,1918.0,824.0,828.0,811.0
8294.0,1936.0,1923.0,1932.0,832.0,845.0,826.0
8384.0,1978.0,1951.0,1941.0,831.0,838.0,845.0
8315.0,1960.0,1933.0,1946.0,831.0,829.0,816.0
8489.0,1988.0,1957.0,1994.0,859.0,852.0,839.0
8310.0,1980.0,1917.0,1921.0,836.0,833.0,823.0
8346.0,1963.0,1918.0,1959.0,823.0,855.0,828.0
8491.0,1995.0,1972.0,1979.0,844.0,860.0,841.0
8636.0,2004.0,1985.0,2052.0,854.0,874.0,867.0
8431.0,1954.0,1968.0,1978.0,831.0,851.0,849.0
8549.0,1960.0,1992.0,2028.0,851.0,866.0,852.0
8579.0,1996.0,1988.0,2030.0,850.0,855.0,860.0
8391.0,1944.0,1975.0,1962.0,844.0,832.0,834.0
8535.0,1964.0,2022.0,1985.0,854.0,843.0,867.0
8440.0,1928.0,1995.0,1981.0,852.0,835.0,849.0
8416.0,1953.0,1993.0,1939.0,844.0,831.0,856.0
8359.0,1957.0,1949.0,1964.0,839.0,805.0,845.0
8219.0,1901.0,1898.0,1939.0,831.0,815.0,835.0
8398.0,1968.0,1962.0,1959.0,838.0,835.0,836.0
8178.0,1922.0,1891.0,1879.0,828.0,814.0,844.0
8106.0,1897.0,1893.0,1857.0,827.0,809.0,823.0
8275.0,1941.0,1902.0,1944.0,837.0,823.0,828.0
8010.0,1864.0,1861.0,1853.0,806.0,804.0,822.0
8127.0,1871.0,1880.0,1907.0,835.0,799.0,835.0
8322.0,1953.0,1919.0,1939.0,839.0,822.0,850.0
8248.0,1866.0,1935.0,1944.0,832.0,827.0,844.0
8295.0,1937.0,1925.0,1950.0,824.0,819.0,840.0
8285.0,1940.0,1926.0,1943.0,824.0,820.0,832.0
8351.0,1910.0,1968.0,1985.0,821.0,824.0,843.0
8471.0,1974.0,1987.0,1996.0,838.0,850.0,826.0
8483.0,1992.0,1982.0,1979.0,832.0,855.0,843.0
8624.0,2034.0,1995.0,2046.0,846.0,845.0,858.0
8550.0,1989.0,2013.0,2000.0,842.0,866.0,840.0
8521.0,1983.0,2007.0,1988.0,854.0,858.0,831.0
8579.0,2014.0,2003.0,2004.0,851.0,864.0,843.0
8593.0,1977.0,2040.0,2023.0,842.0,848.0,863.0
8475.0,1980.0,1966.0,2005.0,839.0,866.0,819.0
8598.0,2001.0,2010.0,2013.0,847.0,874.0,853.0
8405.0,1939.0,1917.0,1977.0,866.0,860.0,846.0
8396.0,1954.0,1957.0,1960.0,829.0,870.0,826.0
8457.0,1964.0,1967.0,1990.0,849.0,856.0,831.0
8355.0,1938.0,1916.0,1979.0,828.0,865.0,829.0
8433.0,2000.0,1946.0,1941.0,833.0,868.0,845.0
8262.0,1949.0,1907.0,1885.0,841.0,847.0,833.0
8156.0,1926.0,1882.0,1881.0,821.0,818.0,828.0
8403.0,1969.0,1965.0,1962.0,837.0,848.0,822.0
8322.0,1934.0,1981.0,1909.0,839.0,827.0,832.0
8186.0,1932.0,1912.0,1876.0,829.0,812.0,825.0
8203.0,1922.0,1944.0,1888.0,828.0,797.0,824.0
8340.0,1939.0,1939.0,1956.0,837.0,831.0,838.0
8202.0,1919.0,1897.0,1934.0,823.0,807.0,822.0
8383.0,1934.0,1958.0,1986.0,838.0,837.0,830.0
8487.0,1945.0,1998.0,1983.0,852.0,854.0,855.0
8318.0,1946.0,1937.0,1929.0,838.0,814.0,854.0
8333.0,1936.0,1953.0,1952.0,821.0,844.0,827.0
8627.0,2019.0,2012.0,2022.0,860.0,857.0,857.0
8499.0,2003.0,1962.0,1991.0,848.0,835.0,860.0
8511.0,1998.0,1990.0,2017.0,831.0,833.0,842.0
8696.0,2057.0,2004.0,2039.0,855.0,866.0,875.0
8576.0,2047.0,1976.0,1993.0,849.0,840.0,871.0
8662.0,2030.0,2011.0,2029.0,845.0,862.0,885.0
8541.0,1991.0,1991.0,1983.0,842.0,858.0,876.0
8570.0,1973.0,1982.0,2028.0,848.0,855.0,884.0
8541.0,1947.0,1998.0,2022.0,855.0,853.0,866.0
8482.0,1964.0,1980.0,2016.0,838.0,845.0,839.0
8549.0,1983.0,2005.0,2003.0,841.0,862.0,855.0
8466.0,1933.0,1984.0,1962.0,854.0,870.0,863.0
8400.0,1957.0,1990.0,1955.0,830.0,835.0,833.0
8394.0,1978.0,2005.0,1900.0,839.0,826.0,846.0
8419.0,1987.0,1943.0,1944.0,844.0,854.0,847.0
8432.0,1979.0,1997.0,1934.0,850.0,843.0,829.0
8345.0,1940.0,1995.0,1916.0,841.0,824.0,829.0
8285.0,1940.0,1938.0,1930.0,830.0,831.0,816.0
8324.0,1923.0,1945.0,1962.0,846.0,831.0,817.0
8379.0,1943.0,1934.0,1963.0,868.0,840.0,831.0
8276.0,1943.0,1910.0,1949.0,838.0,825.0,811.0
8427.0,1937.0,1981.0,1972.0,858.0,859.0,820.0
8401.0,1956.0,1935.0,1973.0,855.0,846.0,836.0
8363.0,1921.0,1922.0,2008.0,854.0,828.0,830.0
8483.0,1963.0,1965.0,2005.0,853.0,844.0,853.0
8557.0,2027.0,1980.0,1981.0,861.0,872.0,836.0
8435.0,1974.0,1957.0,1989.0,827.0,846.0,842.0
8540.0,2016.0,1979.0,1989.0,869.0,850.0,837.0
8661.0,2035.0,2007.0,2021.0,872.0,871.0,855.0
8614.0,1986.0,2057.0,1982.0,851.0,870.0,868.0
8698.0,2050.0,2056.0,2019.0,867.0,844.0,862.0
8691.0,2037.0,2056.0,2017.0,856.0,861.0,864.0
8500.0,2015.0,2011.0,1932.0,839.0,857.0,846.0
8568.0,1980.0,2036.0,2000.0,854.0,837.0,861.0
8530.0,1977.0,2032.0,1955.0,857.0,852.0,857.0
8638.0,2023.0,2030.0,2035.0,845.0,851.0,854.0
8811.0,2077.0,2027.0,2065.0,879.0,873.0,890.0
8427.0,1971.0,1975.0,1965.0,851.0,825.0,840.0
8559.0,2021.0,1999.0,1963.0,859.0,844.0,873.0
8438.0,1979.0,1942.0,1988.0,842.0,847.0,840.0
8303.0,1955.0,1922.0,1956.0,835.0,795.0,840.0
8422.0,1975.0,1953.0,1952.0,847.0,846.0,849.0
8290.0,1969.0,1895.0,1929.0,836.0,827.0,834.0
8332.0,1955.0,1917.0,1956.0,840.0,824.0,840.0
8528.0,1976.0,2002.0,1985.0,849.0,859.0,857.0
8467.0,1981.0,1960.0,1979.0,854.0,844.0,849.0
8448.0,1949.0,1970.0,2003.0,853.0,839.0,834.0
8395.0,1953.0,1952.0,1987.0,837.0,818.0,848.0
8497.0,1950.0,1973.0,2003.0,859.0,858.0,854.0
8498.0,1965.0,2007.0,1985.0,852.0,831.0,858.0
8518.0,1949.0,2019.0,1992.0,850.0,854.0,854.0
8716.0,2030.0,2034.0,2026.0,881.0,875.0,870.0
8715.0,2018.0,2053.0,1993.0,891.0,903.0,857.0
8680.0,2022.0,2019.0,2042.0,872.0,875.0,850.0
8646.0,2022.0,2007.0,1991.0,866.0,876.0,884.0
8728.0,2075.0,2023.0,2024.0,870.0,887.0,849.0
8721.0,2027.0,2011.0,2042.0,884.0,880.0,877.0
8840.0,2112.0,2038.0,2052.0,877.0,889.0,872.0
8704.0,2057.0,2032.0,2004.0,869.0,878.0,864.0
8602.0,2017.0,1994.0,2004.0,866.0,851.0,870.0
8590.0,1995.0,2018.0,2006.0,846.0,866.0,859.0
8672.0,2034.0,2038.0,1997.0,864.0,883.0,856.0
8516.0,2021.0,1994.0,1958.0,835.0,859.0,849.0
8669.0,2027.0,2046.0,2028.0,847.0,855.0,866.0
8642.0,2027.0,2021.0,2025.0,862.0,856.0,851.0
8457.0,1994.0,2000.0,1974.0,825.0,827.0,837.0
8559.0,2022.0,2031.0,1981.0,832.0,857.0,836.0
8480.0,1998.0,1959.0,2005.0,843.0,836.0,839.0
8562.0,2005.0,1987.0,1993.0,856.0,852.0,869.0
8526.0,2006.0,1987.0,2004.0,832.0,851.0,846.0
8531.0,1972.0,2000.0,2019.0,851.0,852.0,837.0
8513.0,1986.0,2001.0,1993.0,836.0,852.0,845.0
8396.0,1981.0,1932.0,1972.0,843.0,831.0,837.0
8582.0,1998.0,2000.0,2019.0,869.0,836.0,860.0
8520.0,1961.0,1975.0,2016.0,857.0,853.0,858.0
8405.0,1946.0,1929.0,1991.0,844.0,852.0,843.0
8349.0,1978.0,1938.0,1917.0,849.0,825.0,842.0
8742.0,2020.0,2017.0,2059.0,879.0,873.0,894.0
8580.0,2048.0,1954.0,1994.0,873.0,852.0,859.0
8647.0,2028.0,2009.0,2001.0,856.0,869.0,884.0
8636.0,2044.0,1955.0,1991.0,878.0,872.0,896.0
8810.0,2079.0,2046.0,2047.0,886.0,877.0,875.0
8912.0,2145.0,2079.0,2010.0,894.0,902.0,882.0
8744.0,2042.0,2052.0,2000.0,874.0,887.0,889.0
8860.0,2053.0,2073.0,2067.0,888.0,891.0,888.0
8706.0,2020.0,2032.0,2024.0,880.0,871.0,879.0
8809.0,2040.0,2057.0,2067.0,874.0,885.0,886.0
8622.0,2026.0,2022.0,1993.0,854.0,858.0,869.0
8522.0,1954.0,1976.0,2011.0,850.0,866.0,865.0
8493.0,1960.0,1996.0,2011.0,847.0,845.0,834.0
8529.0,1986.0,2011.0,1989.0,850.0,851.0,842.0
8709.0,2038.0,2021.0,2042.0,845.0,883.0,880.0
8594.0,2023.0,1966.0,2039.0,851.0,855.0,860.0
8511.0,2018.0,1980.0,1972.0,836.0,857.0,848.0
8598.0,2036.0,1992.0,2043.0,835.0,864.0,828.0
8618.0,2015.0,1965.0,2063.0,848.0,857.0,870.0
8503.0,1966.0,1984.0,2024.0,841.0,852.0,836.0
8557.0,1988.0,1981.0,2018.0,860.0,863.0,847.0
8547.0,1977.0,1997.0,2007.0,874.0,864.0,828.0
8613.0,1990.0,2045.0,2026.0,863.0,848.0,841.0
8527.0,1998.0,1995.0,1988.0,865.0,852.0,829.0
8539.0,1952.0,1977.0,2002.0,873.0,880.0,855.0
8668.0,2011.0,2036.0,2017.0,890.0,854.0,860.0
8613.0,2036.0,2002.0,2023.0,856.0,846.0,850.0
8723.0,2013.0,2049.0,2051.0,890.0,859.0,861.0
8766.0,2068.0,2041.0,2054.0,883.0,864.0,856.0
8729.0,2034.0,2060.0,2019.0,883.0,862.0,871.0
8712.0,2031.0,2075.0,2004.0,891.0,853.0,858.0
8925.0,2088.0,2102.0,2074.0,896.0,891.0,874.0
8901.0,2120.0,2073.0,2041.0,891.0,884.0,892.0
8873.0,2097.0,2057.0,2064.0,889.0,881.0,885.0
8672.0,2012.0,2034.0,2038.0,868.0,848.0,872.0
8685.0,2035.0,2032.0,2017.0,869.0,861.0,871.0
8746.0,1960.0,2056.0,2083.0,868.0,890.0,889.0
8908.0,2053.0,2052.0,2112.0,883.0,906.0,902.0
8648.0,1996.0,2000.0,2054.0,885.0,847.0,866.0
8776.0,2053.0,2029.0,2056.0,863.0,891.0,884.0
8660.0,2003.0,2006.0,2033.0,863.0,872.0,883.0
8683.0,2016.0,2013.0,2048.0,858.0,856.0,892.0
8708.0,2014.0,2030.0,2036.0,862.0,880.0,886.0
8733.0,2051.0,2059.0,2028.0,840.0,876.0,879.0
8527.0,1999.0,1985.0,1994.0,829.0,855.0,865.0
8529.0,1973.0,2019.0,1990.0,839.0,849.0,859.0
8594.0,2015.0,2008.0,2001.0,852.0,876.0,842.0
8591.0,1985.0,2054.0,2001.0,842.0,842.0,867.0
8608.0,1979.0,2040.0,2012.0,859.0,858.0,860.0
8572.0,1964.0,1992.0,2009.0,861.0,884.0,862.0
8393.0,1916.0,1941.0,1967.0,857.0,844.0,868.0
8626.0,2021.0,2015.0,1995.0,866.0,861.0,868.0
8697.0,2041.0,2041.0,2022.0,862.0,865.0,866.0
8588.0,2031.0,1968.0,2016.0,857.0,858.0,858.0
8730.0,2105.0,2011.0,2017.0,871.0,875.0,851.0
8695.0,2053.0,2010.0,2018.0,893.0,855.0,866.0
8706.0,2042.0,2028.0,2015.0,884.0,865.0,872.0
8812.0,2101.0,2041.0,2063.0,880.0,862.0,865.0
8880.0,2117.0,2061.0,2041.0,879.0,900.0,882.0
8830.0,2033.0,2069.0,2115.0,869.0,880.0,864.0
8832.0,2039.0,2071.0,2077.0,882.0,883.0,880.0
8793.0,2041.0,2071.0,2060.0,871.0,861.0,889.0
8876.0,2045.0,2107.0,2092.0,898.0,864.0,870.0
8720.0,2016.0,2063.0,2040.0,873.0,875.0,853.0
8769.0,2051.0,2044.0,2067.0,871.0,858.0,878.0
8717.0,2032.0,2063.0,2039.0,870.0,852.0,861.0
8827.0,2083.0,2078.0,2072.0,867.0,864.0,863.0
8726.0,2031.0,2045.0,2054.0,873.0,865.0,858.0
8778.0,2068.0,2083.0,2033.0,868.0,857.0,869.0
8608.0,2053.0,1988.0,1995.0,856.0,859.0,857.0
8375.0,1973.0,1964.0,1953.0,823.0,829.0,833.0
8706.0,2085.0,1999.0,1990.0,871.0,885.0,876.0
8531.0,1996.0,2006.0,1962.0,837.0,871.0,859.0
8563.0,1996.0,1999.0,1974.0,845.0,880.0,869.0
8642.0,2037.0,2011.0,1983.0,845.0,888.0,878.0
8850.0,2040.0,2043.0,2075.0,877.0,896.0,919.0
8724.0,2040.0,2020.0,2023.0,872.0,883.0,886.0
8805.0,2025.0,2048.0,2064.0,878.0,906.0,884.0
8809.0,2063.0,2051.0,2075.0,882.0,861.0,877.0
8710.0,2050.0,2033.0,2013.0,857.0,877.0,880.0
8986.0,2124.0,2120.0,2086.0,876.0,891.0,889.0
9133.0,2149.0,2151.0,2088.0,925.0,907.0,913.0
8976.0,2075.0,2122.0,2078.0,907.0,889.0,905.0
8941.0,2059.0,2110.0,2095.0,889.0,891.0,897.0
8987.0,2095.0,2080.0,2118.0,895.0,895.0,904.0
9019.0,2097.0,2104.0,2105.0,901.0,906.0,906.0
8823.0,2045.0,2034.0,2068.0,901.0,881.0,894.0
8924.0,2101.0,2074.0,2077.0,894.0,890.0,888.0
8731.0,2007.0,2055.0,2051.0,872.0,863.0,883.0
8864.0,2031.0,2077.0,2105.0,885.0,881.0,885.0
8743.0,2014.0,2032.0,2075.0,873.0,873.0,876.0
8648.0,2025.0,1997.0,2015.0,869.0,862.0,880.0
8635.0,2027.0,1987.0,2034.0,867.0,851.0,869.0
8794.0,2085.0,2069.0,2021.0,871.0,871.0,877.0
8644.0,2040.0,2014.0,2007.0,871.0,854.0,858.0
8587.0,2051.0,1996.0,1977.0,846.0,855.0,862.0
8704.0,2076.0,2037.0,1999.0,865.0,861.0,866.0
8594.0,2045.0,2018.0,1982.0,867.0,844.0,838.0
8673.0,2005.0,2049.0,2024.0,860.0,866.0,869.0
8578.0,2019.0,2014.0,1987.0,857.0,847.0,854.0
8684.0,2038.0,2046.0,2013.0,861.0,865.0,861.0
8700.0,1997.0,2102.0,2017.0,857.0,866.0,861.0
8567.0,2007.0,2026.0,1984.0,859.0,850.0,841.0
8802.0,2055.0,2081.0,2037.0,869.0,878.0,882.0
8810.0,2087.0,2039.0,2056.0,874.0,881.0,873.0
8994.0,2110.0,2083.0,2085.0,884.0,919.0,913.0
8878.0,2099.0,2050.0,2096.0,884.0,891.0,858.0
8865.0,2056.0,2085.0,2072.0,893.0,894.0,865.0
8948.0,2096.0,2053.0,2124.0,880.0,903.0,892.0
8927.0,2074.0,2067.0,2117.0,896.0,884.0,889.0
8876.0,2059.0,2046.0,2101.0,887.0,896.0,887.0
9027.0,2106.0,2088.0,2121.0,910.0,910.0,892.0
8919.0,2052.0,2081.0,2100.0,885.0,910.0,891.0
8834.0,2029.0,2045.0,2069.0,916.0,888.0,887.0
8955.0,2078.0,2089.0,2085.0,892.0,912.0,899.0
8917.0,2042.0,2073.0,2099.0,897.0,920.0,886.0
8805.0,2037.0,2071.0,2030.0,891.0,885.0,891.0
8920.0,2088.0,2099.0,2059.0,886.0,890.0,898.0
8774.0,2031.0,2063.0,2049.0,887.0,870.0,874.0
8891.0,2100.0,2099.0,2042.0,873.0,884.0,893.0
8735.0,2062.0,2067.0,1971.0,874.0,873.0,888.0
8743.0,2031.0,2031.0,2074.0,880.0,861.0,866.0
8542.0,1975.0,2007.0,2013.0,837.0,856.0,854.0
8788.0,2056.0,2044.0,2034.0,885.0,877.0,892.0
8523.0,1985.0,1977.0,1981.0,854.0,850.0,876.0
8697.0,2002.0,2020.0,2048.0,867.0,873.0,887.0
8715.0,1990.0,2031.0,2085.0,864.0,864.0,881.0
8633.0,1991.0,1961.0,2047.0,882.0,863.0,889.0
8669.0,2012.0,2028.0,2034.0,859.0,861.0,875.0
8874.0,2066.0,2080.0,2084.0,871.0,880.0,893.0
8842.0,2041.0,2062.0,2095.0,864.0,877.0,903.0
8805.0,2066.0,2037.0,2035.0,887.0,880.0,900.0
8823.0,2062.0,2085.0,2070.0,858.0,867.0,881.0
8904.0,2076.0,2083.0,2097.0,873.0,876.0,899.0
9149.0,2155.0,2148.0,2143.0,899.0,896.0,908.0
8945.0,2095.0,2082.0,2087.0,887.0,914.0,880.0
9120.0,2149.0,2149.0,2104.0,910.0,909.0,899.0
9110.0,2132.0,2124.0,2144.0,910.0,911.0,889.0
8973.0,2076.0,2127.0,2080.0,899.0,902.0,889.0
8919.0,2097.0,2073.0,2085.0,899.0,894.0,871.0
9021.0,2097.0,2117.0,2106.0,909.0,905.0,887.0
8962.0,2046.0,2118.0,2104.0,910.0,893.0,891.0
8749.0,2036.0,2046.0,2026.0,886.0,885.0,870.0
8981.0,2095.0,2109.0,2072.0,910.0,909.0,886.0
8972.0,2112.0,2074.0,2090.0,894.0,905.0,897.0
8875.0,2094.0,2038.0,2049.0,907.0,898.0,889.0
8663.0,2014.0,2006.0,2020.0,884.0,881.0,858.0
8807.0,2085.0,2041.0,2033.0,880.0,880.0,888.0
8838.0,2074.0,2079.0,2018.0,885.0,888.0,894.0
8656.0,1998.0,2044.0,2006.0,874.0,874.0,860.0
8776.0,2024.0,2079.0,2012.0,887.0,893.0,881.0
8769.0,2047.0,2038.0,2036.0,897.0,866.0,885.0
8791.0,2020.0,2055.0,2063.0,865.0,890.0,898.0
8881.0,2071.0,2060.0,2098.0,874.0,883.0,895.0
8862.0,2065.0,2054.0,2086.0,874.0,894.0,889.0
8955.0,2072.0,2110.0,2124.0,858.0,899.0,892.0
8951.0,2050.0,2105.0,2119.0,890.0,882.0,905.0
8855.0,2055.0,2035.0,2117.0,864.0,887.0,897.0
8924.0,2059.0,2113.0,2091.0,874.0,891.0,896.0
9063.0,2122.0,2130.0,2110.0,901.0,897.0,903.0
9027.0,2109.0,2125.0,2096.0,895.0,883.0,919.0
9046.0,2145.0,2093.0,2117.0,901.0,887.0,903.0
8973.0,2128.0,2056.0,2090.0,894.0,891.0,914.0
8996.0,2088.0,2098.0,2129.0,885.0,884.0,912.0
8984.0,2064.0,2097.0,2092.0,928.0,893.0,910.0
9113.0,2147.0,2131.0,2095.0,898.0,914.0,928.0
9027.0,2079.0,2109.0,2114.0,904.0,911.0,910.0
8832.0,2018.0,2051.0,2083.0,912.0,876.0,892.0
8885.0,2066.0,2103.0,2033.0,897.0,888.0,898.0
8865.0,2047.0,2094.0,2056.0,888.0,887.0,893.0
8945.0,2099.0,2091.0,2087.0,897.0,887.0,884.0
8904.0,2083.0,2101.0,2066.0,901.0,871.0,882.0
8874.0,2091.0,2072.0,2048.0,894.0,903.0,866.0
8883.0,2118.0,2044.0,2071.0,904.0,888.0,858.0
8620.0,2011.0,2013.0,2013.0,869.0,870.0,844.0
8834.0,2048.0,2062.0,2072.0,889.0,898.0,865.0
8906.0,2111.0,2034.0,2084.0,898.0,901.0,878.0
8763.0,2033.0,2025.0,2064.0,898.0,876.0,867.0
8759.0,2024.0,2043.0,2064.0,883.0,871.0,874.0
8920.0,2048.0,2084.0,2090.0,905.0,921.0,872.0
8717.0,2019.0,2060.0,2020.0,868.0,882.0,868.0
8738.0,2027.0,2043.0,2048.0,866.0,887.0,867.0
9066.0,2138.0,2107.0,2106.0,899.0,912.0,904.0
8961.0,2115.0,2087.0,2089.0,889.0,913.0,868.0
9151.0,2124.0,2161.0,2124.0,899.0,925.0,918.0
9219.0,2198.0,2127.0,2154.0,916.0,918.0,906.0
9186.0,2193.0,2119.0,2135.0,914.0,928.0,897.0
9050.0,2116.0,2114.0,2107.0,898.0,910.0,905.0
9073.0,2104.0,2116.0,2117.0,902.0,907.0,927.0
9140.0,2107.0,2146.0,2158.0,911.0,906.0,912.0
9139.0,2114.0,2172.0,2114.0,895.0,920.0,924.0
9073.0,2078.0,2151.0,2100.0,914.0,909.0,921.0
9031.0,2113.0,2138.0,2078.0,900.0,908.0,894.0
8968.0,2060.0,2129.0,2096.0,893.0,898.0,892.0
9114.0,2100.0,2152.0,2123.0,923.0,904.0,912.0
9152.0,2113.0,2154.0,2160.0,914.0,893.0,918.0
8823.0,2081.0,2065.0,2026.0,885.0,876.0,890.0
8889.0,2084.0,2050.0,2070.0,901.0,882.0,902.0
9079.0,2133.0,2093.0,2104.0,904.0,900.0,945.0
9020.0,2109.0,2073.0,2120.0,917.0,889.0,912.0
8863.0,2077.0,2036.0,2074.0,889.0,883.0,904.0
8816.0,2057.0,2034.0,2094.0,866.0,875.0,890.0
9001.0,2097.0,2123.0,2098.0,903.0,888.0,892.0
8902.0,2037.0,2046.0,2146.0,886.0,890.0,897.0
9026.0,2088.0,2133.0,2126.0,898.0,890.0,891.0
8849.0,2050.0,2045.0,2086.0,884.0,906.0,878.0
8877.0,2047.0,2079.0,2085.0,887.0,890.0,889.0
9049.0,2119.0,2122.0,2086.0,914.0,913.0,895.0
9045.0,2128.0,2123.0,2074.0,902.0,909.0,909.0
9173.0,2118.0,2157.0,2125.0,911.0,939.0,923.0
9088.0,2127.0,2118.0,2129.0,887.0,911.0,916.0
9193.0,2169.0,2159.0,2131.0,912.0,912.0,910.0
9222.0,2184.0,2192.0,2125.0,900.0,915.0,906.0
9073.0,2147.0,2109.0,2110.0,885.0,921.0,901.0
9159.0,2150.0,2157.0,2094.0,931.0,928.0,899.0
9184.0,2193.0,2150.0,2097.0,913.0,911.0,920.0
9045.0,2104.0,2130.0,2089.0,895.0,927.0,900.0
9078.0,2142.0,2130.0,2079.0,903.0,916.0,908.0
9003.0,2083.0,2073.0,2138.0,908.0,906.0,895.0
9041.0,2110.0,2087.0,2113.0,912.0,917.0,902.0
9179.0,2152.0,2145.0,2151.0,911.0,927.0,893.0
8978.0,2077.0,2106.0,2106.0,904.0,893.0,892.0
9111.0,2117.0,2135.0,2153.0,898.0,906.0,902.0
8962.0,2099.0,2082.0,2125.0,892.0,880.0,884.0
9072.0,2153.0,2111.0,2140.0,894.0,882.0,892.0
8980.0,2076.0,2119.0,2125.0,903.0,883.0,874.0
8941.0,2077.0,2074.0,2110.0,896.0,901.0,883.0
9082.0,2130.0,2144.0,2117.0,907.0,891.0,893.0
8784.0,2006.0,2048.0,2068.0,891.0,882.0,889.0
9047.0,2106.0,2132.0,2115.0,906.0,879.0,909.0
8855.0,2041.0,2066.0,2093.0,886.0,871.0,898.0
9003.0,2124.0,2130.0,2068.0,898.0,879.0,904.0
8948.0,2051.0,2107.0,2097.0,900.0,890.0,903.0
9067.0,2125.0,2080.0,2130.0,921.0,897.0,914.0
9071.0,2114.0,2117.0,2115.0,913.0,893.0,919.0
9068.0,2140.0,2092.0,2085.0,907.0,914.0,930.0
9041.0,2113.0,2097.0,2131.0,895.0,899.0,906.0
9165.0,2171.0,2113.0,2120.0,922.0,915.0,924.0
9277.0,2139.0,2157.0,2198.0,930.0,916.0,937.0
9152.0,2104.0,2159.0,2110.0,925.0,929.0,925.0
9180.0,2156.0,2136.0,2125.0,916.0,920.0,927.0
9402.0,2210.0,2221.0,2175.0,941.0,912.0,943.0
9308.0,2156.0,2156.0,2184.0,924.0,956.0,932.0
9179.0,2117.0,2147.0,2148.0,917.0,915.0,935.0
9204.0,2130.0,2159.0,2151.0,902.0,931.0,931.0
9154.0,2097.0,2146.0,2176.0,903.0,927.0,905.0
9225.0,2130.0,2159.0,2160.0,906.0,945.0,925.0
9086.0,2083.0,2156.0,2125.0,904.0,909.0,909.0
9115.0,2107.0,2136.0,2164.0,896.0,912.0,900.0
9193.0,2159.0,2112.0,2186.0,907.0,927.0,902.0
8965.0,2090.0,2081.0,2108.0,896.0,911.0,879.0
9037.0,2136.0,2051.0,2134.0,895.0,921.0,900.0
8953.0,2081.0,2102.0,2086.0,901.0,895.0,888.0
8861.0,2062.0,2038.0,2085.0,899.0,893.0,884.0
8971.0,2094.0,2075.0,2082.0,902.0,900.0,918.0
8914.0,2086.0,2066.0,2073.0,905.0,905.0,879.0
8912.0,2052.0,2069.0,2084.0,922.0,889.0,896.0
8938.0,2083.0,2066.0,2115.0,896.0,885.0,893.0
9079.0,2126.0,2090.0,2134.0,904.0,916.0,909.0
8927.0,2090.0,2051.0,2094.0,905.0,897.0,890.0
9029.0,2117.0,2141.0,2070.0,918.0,895.0,888.0
9131.0,2131.0,2141.0,2114.0,926.0,903.0,916.0
9207.0,2179.0,2157.0,2115.0,931.0,919.0,906.0
9041.0,2099.0,2126.0,2091.0,917.0,901.0,907.0
9292.0,2177.0,2182.0,2165.0,930.0,924.0,914.0
9135.0,2161.0,2148.0,2100.0,906.0,910.0,910.0
9198.0,2139.0,2163.0,2138.0,907.0,943.0,908.0
9409.0,2179.0,2222.0,2200.0,936.0,929.0,943.0
9353.0,2162.0,2188.0,2214.0,937.0,912.0,940.0
9223.0,2127.0,2139.0,2165.0,930.0,923.0,939.0
9244.0,2140.0,2167.0,2155.0,911.0,924.0,947.0
9166.0,2157.0,2114.0,2146.0,893.0,923.0,933.0
9072.0,2098.0,2119.0,2125.0,900.0,914.0,916.0
9093.0,2102.0,2106.0,2156.0,899.0,917.0,913.0
9088.0,2147.0,2051.0,2140.0,902.0,926.0,922.0
9130.0,2121.0,2117.0,2141.0,906.0,924.0,921.0
9091.0,2124.0,2087.0,2144.0,902.0,910.0,924.0
9074.0,2108.0,2111.0,2111.0,897.0,923.0,924.0
9126.0,2088.0,2157.0,2122.0,908.0,918.0,933.0
9056.0,2113.0,2119.0,2100.0,888.0,906.0,930.0
9107.0,2126.0,2128.0,2117.0,912.0,913.0,911.0
8918.0,2098.0,2050.0,2065.0,886.0,912.0,907.0
9137.0,2091.0,2172.0,2115.0,925.0,919.0,915.0
9047.0,2097.0,2117.0,2105.0,911.0,905.0,912.0
8984.0,2068.0,2133.0,2090.0,906.0,897.0,890.0
9061.0,2100.0,2140.0,2098.0,908.0,917.0,898.0
9158.0,2151.0,2134.0,2118.0,927.0,907.0,921.0
9187.0,2159.0,2120.0,2141.0,926.0,932.0,909.0
9311.0,2199.0,2168.0,2166.0,943.0,915.0,920.0
9240.0,2193.0,2129.0,2134.0,936.0,919.0,929.0
9391.0,2187.0,2194.0,2182.0,959.0,919.0,950.0
9413.0,2181.0,2201.0,2202.0,934.0,944.0,951.0
9330.0,2171.0,2145.0,2240.0,924.0,905.0,945.0
9303.0,2161.0,2134.0,2204.0,947.0,909.0,948.0
9194.0,2165.0,2120.0,2156.0,929.0,916.0,908.0
9148.0,2120.0,2120.0,2184.0,912.0,911.0,901.0
9504.0,2209.0,2197.0,2261.0,963.0,929.0,945.0
9205.0,2152.0,2147.0,2148.0,925.0,925.0,908.0
9101.0,2125.0,2108.0,2150.0,887.0,915.0,916.0
9189.0,2137.0,2178.0,2141.0,911.0,922.0,900.0
9050.0,2089.0,2110.0,2143.0,907.0,909.0,892.0
9104.0,2155.0,2109.0,2138.0,906.0,897.0,899.0
9142.0,2170.0,2134.0,2139.0,886.0,903.0,910.0
9118.0,2140.0,2108.0,2133.0,894.0,921.0,922.0
9174.0,2189.0,2147.0,2115.0,904.0,925.0,894.0
9018.0,2099.0,2109.0,2122.0,887.0,903.0,898.0
8965.0,2086.0,2096.0,2077.0,903.0,894.0,909.0
9207.0,2149.0,2144.0,2143.0,928.0,931.0,912.0
9070.0,2101.0,2128.0,2135.0,895.0,912.0,899.0
8963.0,2075.0,2083.0,2093.0,908.0,899.0,905.0
9075.0,2111.0,2103.0,2087.0,912.0,927.0,935.0
9012.0,2063.0,2067.0,2115.0,926.0,934.0,907.0
9267.0,2148.0,2157.0,2145.0,925.0,956.0,936.0
9281.0,2173.0,2121.0,2173.0,937.0,936.0,941.0
9512.0,2244.0,2218.0,2195.0,943.0,958.0,954.0
9286.0,2204.0,2156.0,2142.0,927.0,927.0,930.0
9439.0,2198.0,2206.0,2192.0,940.0,960.0,943.0
9365.0,2192.0,2184.0,2184.0,939.0,942.0,924.0
9493.0,2225.0,2198.0,2222.0,964.0,942.0,942.0
9522.0,2222.0,2231.0,2210.0,963.0,946.0,950.0
9343.0,2179.0,2179.0,2170.0,943.0,940.0,932.0
9331.0,2142.0,2159.0,2220.0,945.0,936.0,929.0
9407.0,2187.0,2185.0,2222.0,939.0,936.0,938.0
9298.0,2157.0,2186.0,2178.0,919.0,934.0,924.0
9326.0,2146.0,2190.0,2190.0,922.0,948.0,930.0
9284.0,2172.0,2177.0,2185.0,913.0,922.0,915.0
9267.0,2181.0,2147.0,2175.0,916.0,927.0,921.0
9226.0,2202.0,2131.0,2138.0,908.0,925.0,922.0
9317.0,2199.0,2152.0,2175.0,934.0,921.0,936.0
9130.0,2159.0,2118.0,2131.0,920.0,902.0,900.0
8970.0,2140.0,2071.0,2069.0,908.0,888.0,894.0
9056.0,2140.0,2115.0,2104.0,895.0,907.0,895.0
9134.0,2165.0,2130.0,2104.0,915.0,920.0,900.0
8836.0,2057.0,2034.0,2070.0,904.0,888.0,883.0
9058.0,2087.0,2142.0,2111.0,906.0,902.0,910.0
9015.0,2077.0,2105.0,2103.0,918.0,895.0,917.0
9132.0,2134.0,2176.0,2103.0,906.0,904.0,909.0
9163.0,2135.0,2181.0,2099.0,926.0,913.0,909.0
9408.0,2160.0,2172.0,2235.0,952.0,953.0,936.0
9499.0,2225.0,2221.0,2207.0,953.0,955.0,938.0
9325.0,2190.0,2158.0,2163.0,940.0,937.0,937.0
9535.0,2248.0,2234.0,2223.0,939.0,963.0,928.0
9427.0,2233.0,2168.0,2201.0,938.0,963.0,924.0
9614.0,2271.0,2209.0,2248.0,975.0,947.0,964.0
9675.0,2269.0,2242.0,2253.0,978.0,976.0,957.0
9490.0,2231.0,2177.0,2212.0,953.0,961.0,956.0
9355.0,2185.0,2153.0,2194.0,940.0,951.0,932.0
9353.0,2160.0,2143.0,2211.0,959.0,943.0,937.0
9346.0,2155.0,2188.0,2206.0,928.0,931.0,938.0
9338.0,2162.0,2210.0,2171.0,928.0,943.0,924.0
9143.0,2127.0,2129.0,2132.0,905.0,933.0,917.0
9176.0,2130.0,2132.0,2146.0,928.0,914.0,926.0
9340.0,2160.0,2179.0,2190.0,925.0,939.0,947.0
9180.0,2180.0,2142.0,2126.0,896.0,920.0,916.0
9148.0,2135.0,2168.0,2103.0,910.0,902.0,930.0
9218.0,2175.0,2157.0,2121.0,900.0,923.0,942.0
9254.0,2201.0,2173.0,2155.0,897.0,908.0,920.0
8953.0,2088.0,2129.0,2062.0,889.0,879.0,906.0
9177.0,2155.0,2128.0,2148.0,909.0,923.0,914.0
9094.0,2132.0,2119.0,2125.0,888.0,917.0,913.0
9167.0,2161.0,2127.0,2125.0,904.0,932.0,918.0
9092.0,2104.0,2127.0,2135.0,931.0,899.0,896.0
9153.0,2149.0,2143.0,2123.0,912.0,902.0,924.0
9297.0,2157.0,2150.0,2191.0,940.0,916.0,943.0
9238.0,2141.0,2160.0,2170.0,930.0,907.0,930.0
9476.0,2256.0,2168.0,2237.0,931.0,938.0,946.0
9521.0,2214.0,2185.0,2281.0,952.0,936.0,953.0
9438.0,2193.0,2183.0,2218.0,946.0,943.0,955.0
9449.0,2211.0,2215.0,2225.0,927.0,934.0,937.0
9409.0,2202.0,2192.0,2198.0,945.0,944.0,928.0
9605.0,2247.0,2235.0,2268.0,959.0,960.0,936.0
9573.0,2210.0,2244.0,2222.0,972.0,961.0,964.0
9405.0,2170.0,2208.0,2211.0,950.0,945.0,921.0
9402.0,2180.0,2235.0,2207.0,939.0,936.0,905.0
9572.0,2193.0,2269.0,2211.0,973.0,954.0,972.0
9242.0,2175.0,2139.0,2123.0,947.0,927.0,931.0
9444.0,2208.0,2231.0,2189.0,946.0,955.0,915.0
9435.0,2229.0,2193.0,2191.0,949.0,955.0,918.0
9241.0,2210.0,2128.0,2121.0,940.0,926.0,916.0
9282.0,2170.0,2156.0,2164.0,923.0,953.0,916.0
9200.0,2154.0,2126.0,2141.0,926.0,935.0,918.0
9346.0,2195.0,2171.0,2204.0,924.0,939.0,913.0
9331.0,2192.0,2176.0,2150.0,928.0,953.0,932.0
9073.0,2139.0,2097.0,2106.0,893.0,921.0,917.0
9079.0,2107.0,2101.0,2117.0,914.0,933.0,907.0
9247.0,2125.0,2160.0,2177.0,906.0,938.0,941.0
9275.0,2175.0,2153.0,2162.0,908.0,938.0,939.0
9216.0,2116.0,2156.0,2147.0,925.0,919.0,953.0
9275.0,2119.0,2180.0,2188.0,916.0,935.0,937.0
9401.0,2181.0,2204.0,2189.0,929.0,948.0,950.0
9235.0,2161.0,2187.0,2156.0,895.0,913.0,923.0
9617.0,2232.0,2247.0,2264.0,953.0,957.0,964.0
9515.0,2228.0,2235.0,2238.0,940.0,940.0,934.0
9581.0,2232.0,2272.0,2239.0,951.0,941.0,946.0
9463.0,2254.0,2194.0,2203.0,933.0,928.0,951.0
9461.0,2242.0,2202.0,2197.0,933.0,932.0,955.0
9566.0,2220.0,2259.0,2206.0,958.0,950.0,973.0
9644.0,2261.0,2250.0,2229.0,979.0,954.0,971.0
9558.0,2207.0,2241.0,2227.0,973.0,954.0,956.0
9579.0,2223.0,2230.0,2235.0,972.0,959.0,960.0
9459.0,2223.0,2201.0,2197.0,962.0,923.0,953.0
9371.0,2163.0,2180.0,2203.0,955.0,932.0,938.0
9598.0,2254.0,2210.0,2257.0,979.0,949.0,949.0
9395.0,2202.0,2203.0,2173.0,939.0,949.0,929.0
9538.0,2254.0,2208.0,2226.0,958.0,946.0,946.0
9257.0,2184.0,2140.0,2127.0,933.0,931.0,942.0
9253.0,2164.0,2193.0,2124.0,938.0,918.0,916.0
9317.0,2168.0,2183.0,2176.0,932.0,927.0,931.0
9079.0,2103.0,2146.0,2131.0,898.0,913.0,888.0
9188.0,2161.0,2142.0,2136.0,920.0,913.0,916.0
9296.0,2146.0,2190.0,2181.0,930.0,939.0,910.0
9364.0,2153.0,2187.0,2232.0,928.0,939.0,925.0
9152.0,2114.0,2138.0,2168.0,906.0,916.0,910.0
9209.0,2122.0,2168.0,2197.0,908.0,930.0,884.0
9309.0,2135.0,2184.0,2188.0,922.0,946.0,934.0
9435.0,2202.0,2195.0,2235.0,945.0,940.0,918.0
9483.0,2216.0,2210.0,2221.0,929.0,977.0,930.0
9429.0,2220.0,2186.0,2228.0,916.0,949.0,930.0
9627.0,2274.0,2213.0,2267.0,946.0,969.0,958.0
9601.0,2258.0,2218.0,2244.0,949.0,972.0,960.0
9426.0,2223.0,2180.0,2187.0,937.0,965.0,934.0
9492.0,2240.0,2178.0,2209.0,960.0,948.0,957.0
9450.0,2178.0,2211.0,2222.0,950.0,966.0,923.0
9558.0,2234.0,2209.0,2210.0,965.0,968.0,972.0
9583.0,2223.0,2240.0,2234.0,966.0,965.0,955.0
9478.0,2237.0,2210.0,2171.0,961.0,939.0,960.0
9483.0,2156.0,2247.0,2218.0,958.0,939.0,965.0
9401.0,2160.0,2193.0,2199.0,961.0,938.0,950.0
9690.0,2286.0,2284.0,2207.0,985.0,949.0,979.0
9481.0,2219.0,2223.0,2204.0,958.0,930.0,947.0
9576.0,2267.0,2216.0,2242.0,938.0,950.0,963.0
9303.0,2188.0,2168.0,2151.0,941.0,912.0,943.0
9373.0,2168.0,2173.0,2221.0,944.0,925.0,942.0
9337.0,2200.0,2177.0,2136.0,945.0,923.0,956.0
9123.0,2134.0,2117.0,2154.0,914.0,894.0,910.0
9324.0,2188.0,2206.0,2157.0,928.0,919.0,926.0
9320.0,2183.0,2183.0,2193.0,912.0,907.0,942.0
9384.0,2192.0,2160.0,2203.0,944.0,939.0,946.0
9245.0,2124.0,2159.0,2187.0,908.0,931.0,936.0
9397.0,2171.0,2158.0,2251.0,946.0,936.0,935.0
9378.0,2137.0,2176.0,2236.0,957.0,939.0,933.0
9308.0,2184.0,2149.0,2177.0,918.0,935.0,945.0
9600.0,2227.0,2245.0,2270.0,942.0,968.0,948.0
9389.0,2183.0,2208.0,2182.0,940.0,936.0,940.0
9685.0,2268.0,2281.0,2236.0,954.0,975.0,971.0
9622.0,2232.0,2263.0,2247.0,957.0,974.0,949.0
9524.0,2263.0,2220.0,2192.0,936.0,963.0,950.0
9720.0,2279.0,2267.0,2278.0,954.0,980.0,962.0
9704.0,2317.0,2246.0,2234.0,964.0,979.0,964.0
9508.0,2207.0,2245.0,2216.0,939.0,958.0,943.0
9662.0,2261.0,2261.0,2248.0,977.0,967.0,948.0
9546.0,2215.0,2216.0,2235.0,962.0,958.0,960.0
9579.0,2206.0,2255.0,2232.0,953.0,980.0,953.0
9532.0,2244.0,2217.0,2206.0,950.0,964.0,951.0
9564.0,2202.0,2255.0,2247.0,950.0,963.0,947.0
9473.0,2252.0,2180.0,2207.0,955.0,946.0,933.0
9360.0,2183.0,2170.0,2205.0,938.0,935.0,929.0
9389.0,2220.0,2170.0,2196.0,938.0,931.0,934.0
9511.0,2215.0,2231.0,2242.0,957.0,933.0,933.0
9444.0,2201.0,2218.0,2209.0,954.0,938.0,924.0
9265.0,2156.0,2178.0,2159.0,936.0,923.0,913.0
9570.0,2225.0,2248.0,2255.0,959.0,939.0,944.0
9378.0,2183.0,2187.0,2182.0,949.0,940.0,937.0
9306.0,2187.0,2176.0,2161.0,923.0,934.0,925.0
9332.0,2152.0,2179.0,2199.0,932.0,920.0,950.0
9473.0,2187.0,2213.0,2236.0,943.0,923.0,971.0
9379.0,2164.0,2206.0,2197.0,954.0,911.0,947.0
9361.0,2171.0,2198.0,2181.0,949.0,937.0,925.0
9379.0,2175.0,2199.0,2192.0,932.0,929.0,952.0
9465.0,2181.0,2239.0,2213.0,946.0,938.0,948.0
9622.0,2244.0,2248.0,2259.0,945.0,957.0,969.0
9543.0,2262.0,2191.0,2232.0,953.0,945.0,960.0
9775.0,2338.0,2237.0,2278.0,965.0,970.0,987.0
9605.0,2278.0,2227.0,2225.0,946.0,961.0,968.0
9695.0,2265.0,2254.0,2255.0,964.0,981.0,976.0
9568.0,2205.0,2230.0,2232.0,969.0,964.0,968.0
9534.0,2183.0,2204.0,2221.0,967.0,974.0,985.0
9537.0,2223.0,2216.0,2215.0,958.0,962.0,963.0
9792.0,2269.0,2326.0,2272.0,976.0,975.0,974.0
9663.0,2282.0,2257.0,2229.0,951.0,974.0,970.0
9554.0,2205.0,2224.0,2249.0,955.0,961.0,960.0
9614.0,2241.0,2244.0,2235.0,965.0,965.0,964.0
9547.0,2216.0,2228.0,2260.0,960.0,948.0,935.0
9537.0,2243.0,2246.0,2221.0,942.0,952.0,933.0
9650.0,2273.0,2238.0,2251.0,980.0,951.0,957.0
9498.0,2208.0,2238.0,2197.0,962.0,957.0,936.0
9410.0,2202.0,2200.0,2193.0,945.0,937.0,933.0
9345.0,2161.0,2165.0,2200.0,947.0,936.0,936.0
9240.0,2161.0,2134.0,2169.0,937.0,923.0,916.0
9396.0,2164.0,2181.0,2195.0,961.0,954.0,941.0
9549.0,2223.0,2237.0,2234.0,951.0,956.0,948.0
9442.0,2214.0,2165.0,2225.0,955.0,947.0,936.0
9593.0,2233.0,2277.0,2217.0,963.0,947.0,956.0
9558.0,2200.0,2238.0,2255.0,967.0,933.0,965.0
9630.0,2252.0,2253.0,2243.0,972.0,963.0,947.0
9565.0,2230.0,2266.0,2193.0,965.0,959.0,952.0
9738.0,2306.0,2269.0,2261.0,980.0,953.0,969.0
9835.0,2319.0,2315.0,2273.0,977.0,969.0,982.0
9917.0,2306.0,2324.0,2322.0,989.0,978.0,998.0
9822.0,2289.0,2343.0,2277.0,968.0,976.0,969.0
9803.0,2298.0,2260.0,2324.0,966.0,985.0,970.0
9850.0,2255.0,2321.0,2331.0,968.0,984.0,991.0
9676.0,2265.0,2269.0,2242.0,973.0,957.0,970.0
9705.0,2255.0,2266.0,2290.0,957.0,959.0,978.0
9692.0,2227.0,2294.0,2279.0,958.0,951.0,983.0
9620.0,2235.0,2276.0,2259.0,939.0,943.0,968.0
9665.0,2256.0,2247.0,2256.0,960.0,973.0,973.0
9547.0,2240.0,2203.0,2243.0,953.0,952.0,956.0
9365.0,2175.0,2158.0,2212.0,935.0,955.0,930.0
9608.0,2240.0,2215.0,2255.0,949.0,970.0,979.0
9543.0,2255.0,2188.0,2235.0,961.0,960.0,944.0
9385.0,2166.0,2153.0,2201.0,947.0,956.0,962.0
9603.0,2271.0,2210.0,2206.0,965.0,976.0,975.0
9598.0,2253.0,2222.0,2266.0,953.0,948.0,956.0
9526.0,2249.0,2210.0,2179.0,961.0,963.0,964.0
9300.0,2111.0,2190.0,2177.0,942.0,939.0,941.0
9599.0,2207.0,2246.0,2254.0,975.0,949.0,968.0
9553.0,2196.0,2261.0,2210.0,952.0,967.0,967.0
9563.0,2244.0,2222.0,2216.0,966.0,966.0,949.0
9632.0,2248.0,2243.0,2216.0,986.0,967.0,972.0
9821.0,2298.0,2281.0,2291.0,977.0,990.0,984.0
9623.0,2261.0,2275.0,2201.0,970.0,970.0,946.0
9669.0,2237.0,2284.0,2238.0,982.0,974.0,954.0
9686.0,2286.0,2265.0,2257.0,973.0,959.0,946.0
9704.0,2232.0,2270.0,2296.0,956.0,983.0,967.0
9737.0,2283.0,2255.0,2286.0,971.0,967.0,975.0
9864.0,2316.0,2349.0,2282.0,974.0,954.0,989.0
9760.0,2281.0,2265.0,2302.0,964.0,964.0,984.0
9864.0,2283.0,2310.0,2335.0,981.0,981.0,974.0
9985.0,2323.0,2310.0,2367.0,990.0,998.0,997.0
9705.0,2241.0,2269.0,2286.0,971.0,972.0,966.0
9787.0,2281.0,2262.0,2332.0,962.0,973.0,977.0
9630.0,2271.0,2239.0,2252.0,953.0,966.0,949.0
9795.0,2296.0,2305.0,2283.0,969.0,974.0,968.0
9633.0,2271.0,2242.0,2236.0,975.0,953.0,956.0
9554.0,2243.0,2233.0,2219.0,943.0,961.0,955.0
9467.0,2212.0,2237.0,2159.0,945.0,955.0,959.0
9773.0,2328.0,2285.0,2242.0,971.0,973.0,974.0
9568.0,2218.0,2250.0,2251.0,950.0,945.0,954.0
9547.0,2228.0,2256.0,2203.0,954.0,948.0,958.0
9610.0,2230.0,2250.0,2246.0,963.0,963.0,958.0
9528.0,2212.0,2252.0,2180.0,977.0,950.0,957.0
9508.0,2204.0,2250.0,2212.0,960.0,934.0,948.0
9522.0,2197.0,2222.0,2219.0,969.0,964.0,951.0
9649.0,2270.0,2221.0,2247.0,974.0,975.0,962.0
9760.0,2280.0,2281.0,2250.0,989.0,975.0,985.0
9659.0,2263.0,2213.0,2248.0,971.0,981.0,983.0
9678.0,2248.0,2265.0,2245.0,983.0,974.0,963.0
9924.0,2315.0,2329.0,2277.0,1006.0,994.0,1003.0
9834.0,2344.0,2276.0,2281.0,970.0,990.0,973.0
9932.0,2328.0,2333.0,2290.0,1007.0,985.0,989.0
9790.0,2298.0,2281.0,2262.0,981.0,969.0,999.0
9888.0,2287.0,2312.0,2334.0,975.0,989.0,991.0
9899.0,2295.0,2337.0,2314.0,975.0,983.0,995.0
9826.0,2268.0,2293.0,2310.0,980.0,973.0,1002.0
9773.0,2278.0,2270.0,2317.0,965.0,971.0,972.0
9910.0,2288.0,2307.0,2350.0,990.0,985.0,990.0
9929.0,2305.0,2337.0,2327.0,979.0,985.0,996.0
9691.0,2250.0,2276.0,2266.0,959.0,959.0,981.0
9716.0,2274.0,2254.0,2277.0,968.0,975.0,968.0
9720.0,2279.0,2278.0,2240.0,965.0,980.0,978.0
9684.0,2264.0,2242.0,2285.0,953.0,969.0,971.0
9509.0,2273.0,2177.0,2222.0,955.0,934.0,948.0
9526.0,2242.0,2195.0,2204.0,964.0,956.0,965.0
9450.0,2225.0,2207.0,2190.0,950.0,934.0,944.0
9495.0,2206.0,2228.0,2200.0,954.0,952.0,955.0
9512.0,2219.0,2238.0,2221.0,962.0,939.0,933.0
9420.0,2179.0,2194.0,2191.0,960.0,956.0,940.0
9573.0,2246.0,2217.0,2218.0,956.0,981.0,955.0
9641.0,2225.0,2272.0,2228.0,993.0,959.0,964.0
9547.0,2206.0,2220.0,2252.0,956.0,958.0,955.0
9693.0,2213.0,2284.0,2301.0,979.0,959.0,957.0
9672.0,2265.0,2271.0,2258.0,958.0,957.0,963.0
9679.0,2258.0,2297.0,2237.0,979.0,947.0,961.0
9851.0,2321.0,2320.0,2272.0,991.0,980.0,967.0
9930.0,2304.0,2337.0,2306.0,996.0,995.0,992.0
9972.0,2358.0,2310.0,2334.0,990.0,998.0,982.0
9851.0,2332.0,2273.0,2287.0,994.0,999.0,966.0
10037.0,2368.0,2335.0,2329.0,996.0,1006.0,1003.0
9902.0,2282.0,2299.0,2377.0,989.0,983.0,972.0
9926.0,2314.0,2333.0,2324.0,982.0,986.0,987.0
9861.0,2276.0,2291.0,2324.0,990.0,992.0,988.0
9831.0,2293.0,2259.0,2315.0,982.0,994.0,988.0
9707.0,2246.0,2241.0,2298.0,981.0,971.0,970.0
9848.0,2309.0,2292.0,2303.0,972.0,991.0,981.0
9814.0,2299.0,2268.0,2313.0,965.0,993.0,976.0
9839.0,2341.0,2262.0,2275.0,968.0,999.0,994.0
9645.0,2277.0,2242.0,2247.0,964.0,952.0,963.0
9701.0,2287.0,2286.0,2232.0,966.0,961.0,969.0
9602.0,2262.0,2228.0,2212.0,963.0,961.0,976.0
9761.0,2295.0,2266.0,2265.0,972.0,988.0,975.0
9726.0,2254.0,2299.0,2273.0,972.0,967.0,961.0
9673.0,2227.0,2319.0,2239.0,966.0,955.0,967.0
9648.0,2220.0,2261.0,2251.0,965.0,971.0,980.0
9587.0,2208.0,2279.0,2219.0,951.0,963.0,967.0
9738.0,2253.0,2273.0,2258.0,985.0,988.0,981.0
9723.0,2305.0,2263.0,2240.0,974.0,981.0,960.0
9665.0,2255.0,2229.0,2255.0,978.0,967.0,981.0
9757.0,2257.0,2262.0,2319.0,976.0,972.0,971.0
9905.0,2332.0,2262.0,2336.0,987.0,984.0,1004.0
9996.0,2343.0,2297.0,2390.0,1006.0,983.0,977.0
9973.0,2335.0,2327.0,2331.0,1002.0,989.0,989.0
9969.0,2360.0,2296.0,2351.0,996.0,990.0,976.0
10026.0,2353.0,2321.0,2363.0,1010.0,996.0,983.0
9912.0,2308.0,2284.0,2355.0,1000.0,980.0,985.0
9990.0,2315.0,2357.0,2330.0,1002.0,1000.0,986.0
9794.0,2294.0,2279.0,2293.0,978.0,964.0,986.0
9940.0,2321.0,2326.0,2308.0,1004.0,987.0,994.0
9979.0,2292.0,2335.0,2361.0,999.0,1006.0,986.0
9961.0,2319.0,2333.0,2351.0,991.0,987.0,980.0
9940.0,2333.0,2333.0,2290.0,994.0,1001.0,989.0
9786.0,2275.0,2332.0,2264.0,977.0,976.0,962.0
9763.0,2289.0,2305.0,2281.0,965.0,965.0,958.0
9875.0,2337.0,2354.0,2266.0,974.0,986.0,958.0
9947.0,2342.0,2327.0,2314.0,979.0,1003.0,982.0
9712.0,2258.0,2285.0,2241.0,977.0,975.0,976.0
9699.0,2258.0,2285.0,2222.0,973.0,997.0,964.0
9599.0,2288.0,2218.0,2201.0,953.0,981.0,958.0
9639.0,2244.0,2215.0,2280.0,969.0,974.0,957.0
9796.0,2286.0,2268.0,2296.0,962.0,994.0,990.0
9572.0,2214.0,2185.0,2273.0,962.0,968.0,970.0
9797.0,2282.0,2262.0,2327.0,963.0,968.0,995.0
9635.0,2222.0,2209.0,2292.0,971.0,977.0,964.0
9671.0,2220.0,2270.0,2300.0,960.0,957.0,964.0
9829.0,2290.0,2264.0,2293.0,986.0,998.0,998.0
9972.0,2371.0,2305.0,2280.0,1000.0,1005.0,1011.0
9874.0,2325.0,2260.0,2310.0,996.0,983.0,1000.0
9880.0,2331.0,2265.0,2308.0,984.0,994.0,998.0
9952.0,2295.0,2344.0,2323.0,995.0,983.0,1012.0
9983.0,2320.0,2355.0,2317.0,1001.0,994.0,996.0
9941.0,2290.0,2324.0,2337.0,1003.0,974.0,1013.0
10044.0,2345.0,2355.0,2357.0,999.0,987.0,1001.0
9802.0,2269.0,2311.0,2253.0,990.0,982.0,997.0
10042.0,2311.0,2383.0,2333.0,1009.0,998.0,1008.0
9863.0,2292.0,2285.0,2322.0,997.0,968.0,999.0
9906.0,2318.0,2308.0,2318.0,987.0,980.0,995.0
9917.0,2350.0,2307.0,2289.0,994.0,987.0,990.0
9863.0,2303.0,2281.0,2305.0,1002.0,975.0,997.0
9881.0,2339.0,2336.0,2294.0,965.0,972.0,975.0
9696.0,2277.0,2282.0,2253.0,959.0,963.0,962.0
9716.0,2274.0,2257.0,2264.0,986.0,962.0,973.0
9821.0,2290.0,2316.0,2276.0,978.0,980.0,981.0
9612.0,2259.0,2240.0,2255.0,958.0,963.0,937.0
9605.0,2254.0,2219.0,2266.0,953.0,966.0,947.0
9625.0,2264.0,2279.0,2242.0,929.0,969.0,942.0
9764.0,2266.0,2292.0,2300.0,956.0,987.0,963.0
9678.0,2233.0,2285.0,2252.0,957.0,979.0,972.0
9807.0,2273.0,2323.0,2283.0,985.0,983.0,960.0
9800.0,2283.0,2261.0,2330.0,955.0,1003.0,968.0
9813.0,2247.0,2285.0,2310.0,987.0,990.0,994.0
10004.0,2309.0,2331.0,2358.0,1003.0,1014.0,989.0
9902.0,2292.0,2323.0,2327.0,1001.0,979.0,980.0
9997.0,2358.0,2327.0,2333.0,977.0,1008.0,994.0
9976.0,2345.0,2323.0,2296.0,1009.0,1010.0,993.0
10153.0,2370.0,2354.0,2386.0,1029.0,1007.0,1007.0
10023.0,2365.0,2293.0,2344.0,1015.0,1011.0,995.0
9969.0,2341.0,2314.0,2304.0,988.0,1016.0,1006.0
10133.0,2384.0,2338.0,2335.0,1026.0,1023.0,1027.0
9984.0,2330.0,2344.0,2314.0,1010.0,988.0,998.0
10068.0,2340.0,2368.0,2329.0,1006.0,1013.0,1012.0
9802.0,2258.0,2294.0,2275.0,999.0,997.0,979.0
10029.0,2337.0,2341.0,2313.0,1021.0,1014.0,1003.0
9757.0,2279.0,2310.0,2220.0,989.0,975.0,984.0
9992.0,2293.0,2379.0,2325.0,999.0,995.0,1001.0
9943.0,2283.0,2344.0,2334.0,992.0,993.0,997.0
9828.0,2299.0,2309.0,2260.0,981.0,988.0,991.0
9958.0,2335.0,2318.0,2345.0,970.0,988.0,1002.0
9782.0,2262.0,2277.0,2303.0,977.0,975.0,988.0
9936.0,2340.0,2335.0,2326.0,965.0,982.0,988.0
9974.0,2328.0,2353.0,2314.0,1000.0,979.0,1000.0
9770.0,2282.0,2294.0,2284.0,965.0,972.0,973.0
9791.0,2292.0,2264.0,2314.0,968.0,967.0,986.0
9747.0,2253.0,2271.0,2284.0,973.0,982.0,984.0
9753.0,2262.0,2245.0,2314.0,991.0,973.0,968.0
9864.0,2277.0,2313.0,2317.0,981.0,980.0,996.0
9737.0,2259.0,2258.0,2301.0,960.0,978.0,981.0
9937.0,2342.0,2315.0,2309.0,983.0,990.0,998.0
10073.0,2359.0,2349.0,2363.0,990.0,1009.0,1003.0
10037.0,2367.0,2319.0,2335.0,1004.0,1015.0,997.0
10015.0,2363.0,2339.0,2328.0,992.0,997.0,996.0
10136.0,2382.0,2378.0,2342.0,1006.0,1024.0,1004.0
10134.0,2379.0,2356.0,2368.0,1015.0,1010.0,1006.0
10096.0,2339.0,2373.0,2365.0,1014.0,1011.0,994.0
10069.0,2332.0,2375.0,2308.0,1026.0,1021.0,1007.0
10175.0,2373.0,2396.0,2329.0,1029.0,1036.0,1012.0
10238.0,2372.0,2435.0,2338.0,1050.0,1027.0,1016.0
10038.0,2336.0,2366.0,2330.0,1014.0,1010.0,982.0
10166.0,2366.0,2379.0,2361.0,1020.0,1040.0,1000.0
9967.0,2317.0,2330.0,2336.0,1007.0,987.0,990.0
10033.0,2349.0,2329.0,2344.0,999.0,1012.0,1000.0
9978.0,2313.0,2308.0,2328.0,1027.0,1004.0,998.0
9895.0,2307.0,2315.0,2295.0,988.0,1007.0,983.0
10105.0,2349.0,2344.0,2397.0,1014.0,1001.0,1000.0
9989.0,2320.0,2305.0,2365.0,994.0,1009.0,996.0
9835.0,2255.0,2305.0,2343.0,981.0,979.0,972.0
9762.0,2279.0,2261.0,2304.0,976.0,952.0,990.0
9846.0,2266.0,2273.0,2358.0,980.0,985.0,984.0
9729.0,2273.0,2273.0,2269.0,975.0,967.0,972.0
9827.0,2282.0,2318.0,2277.0,982.0,975.0,993.0
9865.0,2284.0,2315.0,2300.0,978.0,990.0,998.0
9813.0,2237.0,2337.0,2289.0,980.0,976.0,994.0
9863.0,2293.0,2327.0,2296.0,975.0,982.0,990.0
10069.0,2378.0,2379.0,2335.0,987.0,977.0,1013.0
9974.0,2327.0,2345.0,2306.0,987.0,988.0,1021.0
10041.0,2374.0,2344.0,2322.0,992.0,995.0,1014.0
10033.0,2354.0,2345.0,2318.0,998.0,999.0,1019.0
10137.0,2383.0,2393.0,2317.0,1012.0,998.0,1034.0
10327.0,2468.0,2421.0,2360.0,1019.0,1013.0,1046.0
10216.0,2398.0,2349.0,2405.0,1018.0,1017.0,1029.0
10079.0,2388.0,2289.0,2344.0,1021.0,1027.0,1010.0
10044.0,2335.0,2295.0,2361.0,1022.0,1007.0,1024.0
9992.0,2298.0,2340.0,2299.0,1019.0,1012.0,1024.0
10011.0,2290.0,2342.0,2367.0,1015.0,1011.0,986.0
10105.0,2347.0,2327.0,2380.0,1025.0,1009.0,1017.0
10048.0,2339.0,2328.0,2368.0,991.0,1010.0,1012.0
9965.0,2347.0,2324.0,2317.0,1004.0,991.0,982.0
9984.0,2313.0,2343.0,2334.0,1003.0,992.0,999.0
10084.0,2367.0,2352.0,2343.0,1009.0,1017.0,996.0
9994.0,2333.0,2335.0,2345.0,1000.0,1004.0,977.0
10011.0,2348.0,2343.0,2314.0,1008.0,1001.0,997.0
9932.0,2287.0,2350.0,2338.0,988.0,986.0,983.0
9908.0,2311.0,2328.0,2335.0,966.0,997.0,971.0
9896.0,2283.0,2296.0,2336.0,987.0,1011.0,983.0
9950.0,2289.0,2336.0,2334.0,988.0,1005.0,998.0
9986.0,2342.0,2336.0,2344.0,975.0,1001.0,988.0
9922.0,2305.0,2291.0,2344.0,986.0,1004.0,992.0
9943.0,2322.0,2314.0,2328.0,984.0,1003.0,992.0
9933.0,2305.0,2295.0,2335.0,992.0,1008.0,998.0
9846.0,2265.0,2313.0,2298.0,1001.0,987.0,982.0
10008.0,2332.0,2346.0,2320.0,1004.0,994.0,1012.0
9807.0,2327.0,2277.0,2262.0,964.0,987.0,990.0
10158.0,2372.0,2420.0,2353.0,982.0,1022.0,1009.0
9987.0,2372.0,2333.0,2302.0,981.0,1001.0,998.0
10193.0,2372.0,2415.0,2376.0,1010.0,1004.0,1016.0
10078.0,2349.0,2343.0,2392.0,1000.0,1008.0,986.0
10413.0,2437.0,2438.0,2438.0,1032.0,1039.0,1029.0
10247.0,2391.0,2396.0,2378.0,1022.0,1028.0,1032.0
10104.0,2328.0,2395.0,2357.0,1001.0,994.0,1029.0
10138.0,2349.0,2412.0,2356.0,1012.0,994.0,1015.0
10060.0,2327.0,2338.0,2377.0,1024.0,986.0,1008.0
10099.0,2341.0,2347.0,2369.0,1014.0,1012.0,1016.0
10149.0,2369.0,2333.0,2399.0,1023.0,999.0,1026.0
9972.0,2332.0,2315.0,2340.0,996.0,989.0,1000.0
9975.0,2303.0,2337.0,2344.0,997.0,1001.0,993.0
10039.0,2345.0,2328.0,2337.0,1010.0,1004.0,1015.0
10076.0,2384.0,2331.0,2343.0,1022.0,1002.0,994.0
9981.0,2335.0,2297.0,2324.0,1013.0,1012.0,1000.0
9922.0,2357.0,2270.0,2304.0,993.0,998.0,1000.0
9917.0,2324.0,2299.0,2287.0,1002.0,1009.0,996.0
9896.0,2320.0,2275.0,2313.0,995.0,997.0,996.0
9885.0,2262.0,2303.0,2319.0,993.0,1006.0,1002.0
9962.0,2295.0,2323.0,2319.0,1009.0,1004.0,1012.0
10002.0,2361.0,2326.0,2308.0,987.0,1022.0,998.0
10194.0,2378.0,2396.0,2373.0,1006.0,1030.0,1011.0
10148.0,2369.0,2395.0,2338.0,1009.0,1028.0,1009.0
9949.0,2329.0,2320.0,2287.0,998.0,1015.0,1000.0
10187.0,2377.0,2417.0,2337.0,1007.0,1022.0,1027.0
10173.0,2388.0,2383.0,2355.0,1015.0,1027.0,1005.0
10235.0,2397.0,2384.0,2380.0,1012.0,1039.0,1023.0
10146.0,2368.0,2384.0,2387.0,990.0,1010.0,1007.0
10159.0,2364.0,2372.0,2378.0,1001.0,1028.0,1016.0
10163.0,2369.0,2384.0,2382.0,989.0,1014.0,1025.0
10234.0,2395.0,2350.0,2419.0,1021.0,1031.0,1018.0
10215.0,2381.0,2345.0,2423.0,1015.0,1028.0,1023.0
10113.0,2351.0,2331.0,2404.0,1006.0,1015.0,1006.0
10196.0,2399.0,2369.0,2373.0,1017.0,1024.0,1014.0
10048.0,2342.0,2311.0,2368.0,1012.0,1013.0,1002.0
9998.0,2349.0,2312.0,2346.0,1003.0,999.0,989.0
10114.0,2367.0,2329.0,2371.0,1019.0,1014.0,1014.0
10012.0,2353.0,2296.0,2364.0,999.0,1005.0,995.0
9984.0,2333.0,2331.0,2332.0,1008.0,985.0,995.0
10187.0,2408.0,2368.0,2369.0,1024.0,1026.0,992.0
10064.0,2358.0,2354.0,2332.0,1024.0,996.0,1000.0
9911.0,2319.0,2336.0,2287.0,996.0,972.0,1001.0
10130.0,2379.0,2349.0,2371.0,1035.0,991.0,1005.0
9812.0,2241.0,2287.0,2316.0,1016.0,973.0,979.0
10088.0,2321.0,2380.0,2348.0,1019.0,1002.0,1018.0
10081.0,2315.0,2345.0,2359.0,1011.0,1023.0,1028.0
10107.0,2378.0,2377.0,2315.0,1012.0,1009.0,1016.0
10069.0,2342.0,2355.0,2321.0,1011.0,1030.0,1010.0
10061.0,2353.0,2321.0,2351.0,1009.0,1010.0,1017.0
10209.0,2379.0,2361.0,2396.0,1008.0,1043.0,1022.0
10293.0,2443.0,2362.0,2413.0,1025.0,1032.0,1018.0
10402.0,2442.0,2410.0,2444.0,1021.0,1046.0,1039.0
10268.0,2440.0,2352.0,2409.0,1013.0,1016.0,1038.0
10255.0,2401.0,2362.0,2431.0,1006.0,1020.0,1035.0
10375.0,2447.0,2393.0,2427.0,1038.0,1041.0,1029.0
10462.0,2439.0,2438.0,2432.0,1041.0,1056.0,1056.0
10379.0,2407.0,2401.0,2449.0,1026.0,1047.0,1049.0
10282.0,2357.0,2408.0,2431.0,1011.0,1043.0,1032.0
10358.0,2417.0,2438.0,2418.0,1010.0,1052.0,1023.0
10241.0,2394.0,2392.0,2384.0,1022.0,1029.0,1020.0
10294.0,2384.0,2429.0,2412.0,1031.0,1023.0,1015.0
10271.0,2382.0,2402.0,2385.0,1018.0,1044.0,1040.0
10079.0,2352.0,2356.0,2355.0,1010.0,1003.0,1003.0
10123.0,2358.0,2369.0,2358.0,1018.0,1015.0,1005.0
9979.0,2354.0,2303.0,2313.0,998.0,994.0,1017.0
10125.0,2417.0,2340.0,2345.0,1011.0,1001.0,1011.0
9990.0,2363.0,2301.0,2333.0,1004.0,992.0,997.0
9986.0,2333.0,2337.0,2310.0,1009.0,1002.0,995.0
9930.0,2343.0,2266.0,2335.0,1020.0,980.0,986.0
9878.0,2315.0,2287.0,2301.0,1005.0,977.0,993.0
10021.0,2307.0,2337.0,2350.0,1021.0,997.0,1009.0
10100.0,2343.0,2373.0,2345.0,1026.0,1012.0,1001.0
10095.0,2347.0,2380.0,2340.0,1017.0,1004.0,1007.0
10206.0,2373.0,2372.0,2405.0,1034.0,1009.0,1013.0
10169.0,2397.0,2365.0,2373.0,1011.0,1015.0,1008.0
10396.0,2422.0,2427.0,2423.0,1064.0,1012.0,1048.0
10285.0,2419.0,2394.0,2420.0,1024.0,1021.0,1007.0
10457.0,2467.0,2419.0,2442.0,1043.0,1042.0,1044.0
10316.0,2407.0,2458.0,2397.0,1030.0,1012.0,1012.0
10284.0,2397.0,2437.0,2413.0,1009.0,1020.0,1008.0
10398.0,2424.0,2446.0,2425.0,1051.0,1037.0,1015.0
10381.0,2396.0,2435.0,2436.0,1019.0,1063.0,1032.0
10281.0,2392.0,2392.0,2443.0,1016.0,1023.0,1015.0
10435.0,2429.0,2431.0,2455.0,1034.0,1044.0,1042.0
10214.0,2364.0,2375.0,2413.0,997.0,1023.0,1042.0
10217.0,2382.0,2388.0,2354.0,1026.0,1027.0,1040.0
10168.0,2403.0,2366.0,2357.0,1007.0,1019.0,1016.0
10352.0,2418.0,2391.0,2435.0,1027.0,1034.0,1047.0
10219.0,2402.0,2368.0,2374.0,1016.0,1017.0,1042.0
10296.0,2422.0,2373.0,2401.0,1033.0,1032.0,1035.0
10314.0,2423.0,2362.0,2411.0,1041.0,1045.0,1032.0
10111.0,2416.0,2309.0,2323.0,1015.0,1028.0,1020.0
10180.0,2385.0,2403.0,2339.0,1008.0,1019.0,1026.0
10105.0,2306.0,2359.0,2363.0,1019.0,1042.0,1016.0
10030.0,2341.0,2316.0,2334.0,1009.0,1014.0,1016.0
10127.0,2336.0,2374.0,2369.0,1009.0,1017.0,1022.0
10099.0,2319.0,2383.0,2336.0,1025.0,1022.0,1014.0
10247.0,2391.0,2421.0,2391.0,1015.0,1013.0,1016.0
10395.0,2396.0,2440.0,2439.0,1050.0,1035.0,1035.0
10212.0,2360.0,2372.0,2436.0,1030.0,992.0,1022.0
10330.0,2374.0,2404.0,2423.0,1030.0,1047.0,1052.0
10342.0,2428.0,2390.0,2428.0,1035.0,1040.0,1021.0
10387.0,2443.0,2433.0,2419.0,1027.0,1025.0,1040.0
10298.0,2441.0,2367.0,2403.0,1020.0,1038.0,1029.0
10485.0,2469.0,2424.0,2467.0,1052.0,1039.0,1034.0
10529.0,2462.0,2444.0,2501.0,1042.0,1032.0,1048.0
10368.0,2421.0,2410.0,2430.0,1042.0,1035.0,1030.0
10476.0,2435.0,2423.0,2511.0,1039.0,1038.0,1030.0
10392.0,2427.0,2429.0,2441.0,1032.0,1023.0,1040.0
10333.0,2358.0,2411.0,2453.0,1032.0,1040.0,1039.0
10255.0,2377.0,2373.0,2397.0,1017.0,1049.0,1042.0
10345.0,2406.0,2446.0,2401.0,1039.0,1018.0,1035.0
10201.0,2388.0,2388.0,2362.0,1014.0,1027.0,1022.0
10371.0,2412.0,2441.0,2419.0,1028.0,1039.0,1032.0
10249.0,2434.0,2419.0,2348.0,1013.0,1019.0,1016.0
10111.0,2382.0,2381.0,2338.0,998.0,1014.0,998.0
10282.0,2408.0,2431.0,2395.0,1010.0,1027.0,1011.0
10165.0,2394.0,2370.0,2340.0,1026.0,1009.0,1026.0
10164.0,2338.0,2412.0,2371.0,1019.0,1007.0,1017.0
10236.0,2419.0,2351.0,2415.0,997.0,1046.0,1008.0
10064.0,2353.0,2348.0,2357.0,990.0,1009.0,1007.0
10177.0,2368.0,2356.0,2378.0,1015.0,1037.0,1023.0
10082.0,2355.0,2317.0,2359.0,1029.0,1009.0,1013.0
10227.0,2366.0,2385.0,2407.0,1004.0,1030.0,1035.0
10401.0,2409.0,2416.0,2438.0,1032.0,1048.0,1058.0
10369.0,2420.0,2362.0,2450.0,1040.0,1043.0,1054.0
10244.0,2359.0,2355.0,2436.0,1015.0,1026.0,1053.0
10565.0,2478.0,2442.0,2479.0,1051.0,1054.0,1061.0
10305.0,2384.0,2403.0,2423.0,1035.0,1033.0,1027.0
10530.0,2471.0,2456.0,2455.0,1051.0,1045.0,1052.0
10328.0,2425.0,2377.0,2432.0,1036.0,1025.0,1033.0
10617.0,2494.0,2475.0,2461.0,1056.0,1055.0,1076.0
10335.0,2406.0,2465.0,2375.0,1020.0,1032.0,1037.0
10524.0,2426.0,2480.0,2462.0,1067.0,1034.0,1055.0
10493.0,2425.0,2467.0,2467.0,1051.0,1036.0,1047.0
10462.0,2424.0,2473.0,2449.0,1031.0,1042.0,1043.0
10214.0,2369.0,2386.0,2370.0,1018.0,1024.0,1047.0
10454.0,2402.0,2437.0,2445.0,1050.0,1052.0,1068.0
10222.0,2386.0,2397.0,2350.0,1028.0,1043.0,1018.0
10204.0,2369.0,2390.0,2383.0,1019.0,1026.0,1017.0
10306.0,2407.0,2412.0,2430.0,1016.0,1013.0,1028.0
10264.0,2423.0,2375.0,2418.0,1019.0,1007.0,1022.0
10219.0,2437.0,2373.0,2370.0,1004.0,1009.0,1026.0
10200.0,2428.0,2369.0,2369.0,1013.0,1014.0,1007.0
10165.0,2403.0,2371.0,2378.0,1015.0,992.0,1006.0
10108.0,2382.0,2321.0,2400.0,1006.0,1002.0,997.0
10259.0,2393.0,2397.0,2432.0,1004.0,1017.0,1016.0
10163.0,2334.0,2403.0,2350.0,1034.0,1023.0,1019.0
10233.0,2356.0,2415.0,2423.0,1023.0,1013.0,1003.0
10254.0,2363.0,2406.0,2409.0,1033.0,1038.0,1005.0
10275.0,2363.0,2383.0,2443.0,1029.0,1022.0,1035.0
10497.0,2441.0,2486.0,2463.0,1036.0,1047.0,1024.0
10408.0,2416.0,2445.0,2452.0,1044.0,1041.0,1010.0
10461.0,2420.0,2452.0,2438.0,1056.0,1059.0,1036.0
10434.0,2415.0,2466.0,2424.0,1046.0,1045.0,1038.0
10566.0,2493.0,2428.0,2457.0,1070.0,1065.0,1053.0
10551.0,2477.0,2469.0,2460.0,1037.0,1059.0,1049.0
10350.0,2436.0,2390.0,2397.0,1045.0,1045.0,1037.0
10478.0,2453.0,2445.0,2418.0,1058.0,1057.0,1047.0
10505.0,2450.0,2426.0,2474.0,1048.0,1064.0,1043.0
10628.0,2490.0,2463.0,2466.0,1056.0,1085.0,1068.0
10391.0,2437.0,2404.0,2407.0,1041.0,1051.0,1051.0
10441.0,2420.0,2428.0,2420.0,1058.0,1052.0,1063.0
10318.0,2385.0,2426.0,2402.0,1031.0,1040.0,1034.0
10283.0,2375.0,2388.0,2429.0,1030.0,1029.0,1032.0
10318.0,2402.0,2419.0,2367.0,1054.0,1033.0,1043.0
10405.0,2445.0,2420.0,2456.0,1028.0,1020.0,1036.0
10217.0,2372.0,2380.0,2385.0,1025.0,1028.0,1027.0
10332.0,2437.0,2404.0,2404.0,1016.0,1020.0,1051.0
10343.0,2429.0,2422.0,2390.0,1012.0,1036.0,1054.0
10329.0,2411.0,2408.0,2422.0,1032.0,1025.0,1031.0
10124.0,2333.0,2349.0,2387.0,1024.0,1005.0,1026.0
10360.0,2388.0,2452.0,2443.0,1019.0,1024.0,1034.0
10284.0,2390.0,2377.0,2430.0,1013.0,1016.0,1058.0
10367.0,2412.0,2414.0,2429.0,1042.0,1021.0,1049.0
10238.0,2385.0,2365.0,2422.0,1030.0,1013.0,1023.0
10315.0,2390.0,2398.0,2427.0,1037.0,1030.0,1033.0
10254.0,2403.0,2416.0,2362.0,1016.0,1024.0,1033.0
10461.0,2436.0,2433.0,2434.0,1058.0,1050.0,1050.0
10555.0,2479.0,2452.0,2468.0,1056.0,1046.0,1054.0
10549.0,2495.0,2451.0,2440.0,1082.0,1040.0,1041.0
10406.0,2454.0,2426.0,2392.0,1047.0,1042.0,1045.0
10661.0,2482.0,2489.0,2489.0,1076.0,1066.0,1059.0
10503.0,2435.0,2466.0,2453.0,1064.0,1055.0,1030.0
10611.0,2471.0,2493.0,2469.0,1060.0,1067.0,1051.0
10479.0,2463.0,2441.0,2422.0,1054.0,1058.0,1041.0
10555.0,2432.0,2495.0,2459.0,1076.0,1060.0,1033.0
10520.0,2473.0,2464.0,2438.0,1049.0,1048.0,1048.0
10508.0,2442.0,2456.0,2443.0,1051.0,1064.0,1052.0
10294.0,2392.0,2416.0,2393.0,1030.0,1036.0,1027.0
10482.0,2438.0,2466.0,2446.0,1049.0,1053.0,1030.0
10514.0,2466.0,2459.0,2454.0,1050.0,1063.0,1022.0
10427.0,2461.0,2438.0,2432.0,1013.0,1051.0,1032.0
10349.0,2407.0,2409.0,2427.0,1037.0,1039.0,1030.0
10298.0,2402.0,2407.0,2406.0,1022.0,1038.0,1023.0
10258.0,2417.0,2376.0,2409.0,993.0,1036.0,1027.0
10382.0,2420.0,2417.0,2451.0,1013.0,1051.0,1030.0
10255.0,2433.0,2376.0,2395.0,1023.0,1021.0,1007.0
10267.0,2362.0,2401.0,2412.0,1036.0,1022.0,1034.0
10392.0,2408.0,2413.0,2450.0,1042.0,1041.0,1038.0
10473.0,2406.0,2462.0,2470.0,1047.0,1029.0,1059.0
10320.0,2358.0,2421.0,2417.0,1038.0,1038.0,1048.0
10516.0,2472.0,2466.0,2426.0,1043.0,1036.0,1073.0
10359.0,2415.0,2409.0,2424.0,1037.0,1023.0,1051.0
10543.0,2460.0,2470.0,2463.0,1036.0,1057.0,1057.0
10467.0,2464.0,2468.0,2387.0,1038.0,1046.0,1064.0
10603.0,2468.0,2489.0,2484.0,1060.0,1041.0,1061.0
10735.0,2519.0,2505.0,2491.0,1083.0,1061.0,1076.0
10510.0,2476.0,2470.0,2414.0,1058.0,1045.0,1047.0
10760.0,2516.0,2497.0,2520.0,1081.0,1069.0,1077.0
10687.0,2493.0,2491.0,2483.0,1069.0,1076.0,1075.0
10545.0,2469.0,2473.0,2431.0,1065.0,1051.0,1056.0
10558.0,2474.0,2464.0,2448.0,1062.0,1041.0,1069.0
10638.0,2460.0,2471.0,2488.0,1088.0,1070.0,1061.0
10611.0,2464.0,2478.0,2498.0,1061.0,1048.0,1062.0
10455.0,2410.0,2420.0,2443.0,1056.0,1068.0,1058.0
10557.0,2483.0,2435.0,2457.0,1070.0,1054.0,1058.0
10207.0,2380.0,2351.0,2388.0,1032.0,1036.0,1020.0
10633.0,2479.0,2483.0,2516.0,1047.0,1058.0,1050.0
10485.0,2452.0,2446.0,2474.0,1038.0,1042.0,1033.0
10466.0,2480.0,2424.0,2450.0,1036.0,1050.0,1026.0
10535.0,2471.0,2461.0,2459.0,1035.0,1073.0,1036.0
10225.0,2379.0,2414.0,2388.0,1016.0,1023.0,1005.0
10490.0,2485.0,2423.0,2464.0,1018.0,1049.0,1051.0
10341.0,2434.0,2437.0,2395.0,1029.0,1036.0,1010.0
10407.0,2400.0,2456.0,2445.0,1032.0,1034.0,1040.0
10230.0,2361.0,2387.0,2409.0,1007.0,1038.0,1028.0
10385.0,2388.0,2466.0,2421.0,1027.0,1048.0,1035.0
10390.0,2448.0,2435.0,2416.0,1024.0,1043.0,1024.0
10493.0,2445.0,2449.0,2450.0,1040.0,1067.0,1042.0
10406.0,2461.0,2405.0,2434.0,1027.0,1034.0,1045.0
10710.0,2508.0,2495.0,2502.0,1057.0,1067.0,1081.0
10713.0,2533.0,2470.0,2493.0,1069.0,1078.0,1070.0
10680.0,2526.0,2442.0,2545.0,1065.0,1056.0,1046.0
10433.0,2473.0,2417.0,2398.0,1047.0,1048.0,1050.0
10581.0,2511.0,2476.0,2428.0,1052.0,1050.0,1064.0
10708.0,2541.0,2448.0,2507.0,1080.0,1059.0,1073.0
10720.0,2493.0,2523.0,2491.0,1081.0,1059.0,1073.0
10572.0,2468.0,2424.0,2479.0,1062.0,1068.0,1071.0
10572.0,2444.0,2477.0,2474.0,1073.0,1066.0,1038.0
10579.0,2458.0,2477.0,2473.0,1058.0,1054.0,1059.0
10668.0,2475.0,2521.0,2487.0,1075.0,1052.0,1058.0
10803.0,2485.0,2530.0,2556.0,1083.0,1059.0,1090.0
10668.0,2468.0,2497.0,2535.0,1046.0,1054.0,1068.0
10395.0,2415.0,2434.0,2431.0,1035.0,1036.0,1044.0
10651.0,2474.0,2479.0,2487.0,1078.0,1060.0,1073.0
10568.0,2463.0,2476.0,2464.0,1040.0,1051.0,1074.0
10380.0,2463.0,2414.0,2371.0,1039.0,1035.0,1058.0
10591.0,2503.0,2455.0,2475.0,1057.0,1043.0,1058.0
10437.0,2411.0,2430.0,2443.0,1046.0,1058.0,1049.0
10294.0,2420.0,2407.0,2362.0,1033.0,1031.0,1041.0
10332.0,2407.0,2399.0,2427.0,1028.0,1018.0,1053.0
10199.0,2350.0,2389.0,2380.0,1027.0,1034.0,1019.0
10416.0,2418.0,2453.0,2402.0,1032.0,1055.0,1056.0
10445.0,2434.0,2432.0,2446.0,1035.0,1049.0,1049.0
10446.0,2433.0,2458.0,2415.0,1034.0,1064.0,1042.0
10462.0,2423.0,2441.0,2439.0,1037.0,1071.0,1051.0
10582.0,2468.0,2468.0,2470.0,1039.0,1080.0,1057.0
10598.0,2498.0,2497.0,2438.0,1058.0,1051.0,1056.0
10711.0,2487.0,2506.0,2466.0,1073.0,1098.0,1081.0
10681.0,2530.0,2492.0,2466.0,1064.0,1073.0,1056.0
10637.0,2504.0,2444.0,2510.0,1061.0,1056.0,1062.0
10700.0,2489.0,2498.0,2490.0,1072.0,1077.0,1074.0
10739.0,2512.0,2486.0,2517.0,1075.0,1088.0,1061.0
10871.0,2531.0,2570.0,2536.0,1078.0,1090.0,1066.0
10645.0,2455.0,2485.0,2500.0,1078.0,1073.0,1054.0
10645.0,2451.0,2481.0,2506.0,1083.0,1066.0,1058.0
10668.0,2491.0,2478.0,2490.0,1091.0,1048.0,1070.0
10628.0,2517.0,2425.0,2486.0,1070.0,1067.0,1063.0
10650.0,2499.0,2477.0,2490.0,1078.0,1057.0,1049.0
10628.0,2485.0,2471.0,2499.0,1059.0,1047.0,1067.0
10423.0,2419.0,2426.0,2472.0,1035.0,1025.0,1046.0
10545.0,2490.0,2422.0,2499.0,1061.0,1047.0,1026.0
10398.0,2423.0,2434.0,2435.0,1039.0,1028.0,1039.0
10614.0,2502.0,2465.0,2477.0,1050.0,1051.0,1069.0
10536.0,2465.0,2475.0,2462.0,1041.0,1036.0,1057.0
10575.0,2469.0,2490.0,2430.0,1069.0,1053.0,1064.0
10402.0,2431.0,2443.0,2418.0,1040.0,1038.0,1032.0
10552.0,2483.0,2497.0,2415.0,1048.0,1058.0,1051.0
10521.0,2451.0,2457.0,2437.0,1062.0,1044.0,1070.0
10522.0,2485.0,2480.0,2410.0,1052.0,1044.0,1051.0
10511.0,2461.0,2487.0,2418.0,1050.0,1044.0,1051.0
10642.0,2515.0,2489.0,2458.0,1051.0,1057.0,1072.0
10699.0,2494.0,2470.0,2502.0,1065.0,1080.0,1088.0
10698.0,2536.0,2488.0,2469.0,1056.0,1071.0,1078.0
10697.0,2522.0,2473.0,2476.0,1073.0,1078.0,1075.0
10838.0,2542.0,2525.0,2514.0,1075.0,1091.0,1091.0
10656.0,2473.0,2476.0,2500.0,1051.0,1078.0,1078.0
10775.0,2514.0,2458.0,2538.0,1084.0,1085.0,1096.0
10983.0,2588.0,2544.0,2573.0,1082.0,1091.0,1105.0
10964.0,2560.0,2539.0,2584.0,1088.0,1101.0,1092.0
10761.0,2478.0,2498.0,2545.0,1064.0,1091.0,1085.0
10531.0,2495.0,2429.0,2407.0,1057.0,1077.0,1066.0
10763.0,2493.0,2533.0,2509.0,1071.0,1075.0,1082.0
10675.0,2462.0,2512.0,2472.0,1072.0,1091.0,1066.0
10757.0,2505.0,2543.0,2493.0,1078.0,1080.0,1058.0
10675.0,2510.0,2460.0,2489.0,1079.0,1066.0,1071.0
10612.0,2492.0,2464.0,2473.0,1060.0,1057.0,1066.0
10505.0,2474.0,2469.0,2423.0,1051.0,1054.0,1034.0
10488.0,2466.0,2440.0,2416.0,1050.0,1049.0,1067.0
10671.0,2487.0,2522.0,2475.0,1073.0,1057.0,1057.0
10460.0,2460.0,2423.0,2454.0,1041.0,1051.0,1031.0
10358.0,2405.0,2438.0,2374.0,1060.0,1056.0,1025.0
10551.0,2458.0,2490.0,2449.0,1053.0,1052.0,1049.0
10391.0,2413.0,2454.0,2411.0,1056.0,1027.0,1030.0
10523.0,2442.0,2469.0,2459.0,1041.0,1057.0,1055.0
10533.0,2456.0,2455.0,2488.0,1060.0,1037.0,1037.0
10459.0,2459.0,2433.0,2450.0,1054.0,1023.0,1040.0
10574.0,2464.0,2457.0,2473.0,1063.0,1065.0,1052.0
10582.0,2522.0,2428.0,2491.0,1059.0,1035.0,1047.0
10730.0,2516.0,2482.0,2518.0,1073.0,1062.0,1079.0
10791.0,2539.0,2511.0,2538.0,1059.0,1072.0,1072.0
10835.0,2546.0,2537.0,2522.0,1087.0,1072.0,1071.0
10806.0,2515.0,2555.0,2544.0,1056.0,1068.0,1068.0
10917.0,2548.0,2563.0,2554.0,1099.0,1088.0,1065.0
10740.0,2502.0,2501.0,2539.0,1057.0,1057.0,1084.0
10833.0,2522.0,2562.0,2522.0,1073.0,1079.0,1075.0
10885.0,2555.0,2556.0,2538.0,1072.0,1080.0,1084.0
10696.0,2485.0,2473.0,2494.0,1069.0,1085.0,1090.0
10646.0,2481.0,2460.0,2493.0,1059.0,1076.0,1077.0
10781.0,2454.0,2512.0,2531.0,1087.0,1100.0,1097.0
10710.0,2505.0,2504.0,2488.0,1073.0,1075.0,1065.0
10626.0,2468.0,2460.0,2482.0,1067.0,1083.0,1066.0
10773.0,2516.0,2506.0,2479.0,1095.0,1095.0,1082.0
10528.0,2477.0,2427.0,2437.0,1067.0,1060.0,1060.0
10617.0,2515.0,2464.0,2434.0,1079.0,1065.0,1060.0
10594.0,2493.0,2451.0,2436.0,1076.0,1070.0,1068.0
10621.0,2475.0,2470.0,2465.0,1063.0,1089.0,1059.0
10555.0,2454.0,2474.0,2433.0,1080.0,1067.0,1047.0
10528.0,2446.0,2432.0,2449.0,1076.0,1056.0,1069.0
10477.0,2435.0,2434.0,2425.0,1072.0,1051.0,1060.0
10623.0,2451.0,2457.0,2517.0,1060.0,1070.0,1068.0
10642.0,2447.0,2509.0,2466.0,1071.0,1085.0,1064.0
10811.0,2521.0,2553.0,2513.0,1072.0,1073.0,1079.0
10823.0,2525.0,2538.0,2537.0,1079.0,1080.0,1064.0
10886.0,2542.0,2552.0,2551.0,1081.0,1080.0,1080.0
10771.0,2507.0,2515.0,2521.0,1065.0,1085.0,1078.0
10865.0,2583.0,2509.0,2549.0,1078.0,1071.0,1075.0
10883.0,2542.0,2547.0,2556.0,1081.0,1082.0,1075.0
10728.0,2526.0,2498.0,2515.0,1067.0,1058.0,1064.0
10828.0,2502.0,2535.0,2568.0,1084.0,1061.0,1078.0
10937.0,2565.0,2564.0,2531.0,1109.0,1083.0,1085.0
10812.0,2531.0,2512.0,2551.0,1074.0,1064.0,1080.0
10733.0,2484.0,2481.0,2523.0,1089.0,1092.0,1064.0
10750.0,2518.0,2521.0,2473.0,1075.0,1081.0,1082.0
10787.0,2489.0,2519.0,2552.0,1067.0,1069.0,1091.0
10799.0,2521.0,2514.0,2527.0,1083.0,1080.0,1074.0
10635.0,2470.0,2471.0,2493.0,1075.0,1062.0,1064.0
10650.0,2499.0,2506.0,2453.0,1059.0,1072.0,1061.0
10556.0,2502.0,2474.0,2428.0,1047.0,1043.0,1062.0
10649.0,2482.0,2496.0,2472.0,1070.0,1076.0,1053.0
10574.0,2490.0,2480.0,2434.0,1069.0,1043.0,1058.0
10618.0,2489.0,2475.0,2490.0,1053.0,1050.0,1061.0
10633.0,2443.0,2492.0,2466.0,1073.0,1088.0,1071.0
10610.0,2471.0,2470.0,2462.0,1075.0,1074.0,1058.0
10589.0,2446.0,2462.0,2470.0,1070.0,1072.0,1069.0
10597.0,2452.0,2416.0,2515.0,1072.0,1074.0,1068.0
10510.0,2390.0,2482.0,2441.0,1072.0,1062.0,1063.0
10672.0,2457.0,2483.0,2491.0,1082.0,1089.0,1070.0
10834.0,2496.0,2501.0,2571.0,1092.0,1088.0,1086.0
10959.0,2550.0,2514.0,2580.0,1098.0,1103.0,1114.0
10840.0,2510.0,2492.0,2545.0,1099.0,1105.0,1089.0
10854.0,2514.0,2535.0,2508.0,1079.0,1112.0,1106.0
10820.0,2522.0,2507.0,2555.0,1071.0,1076.0,1089.0
11067.0,2585.0,2581.0,2590.0,1090.0,1111.0,1110.0
11004.0,2571.0,2551.0,2594.0,1084.0,1104.0,1100.0
10899.0,2530.0,2554.0,2541.0,1079.0,1095.0,1100.0
10959.0,2552.0,2584.0,2559.0,1078.0,1089.0,1097.0
10895.0,2511.0,2564.0,2531.0,1089.0,1085.0,1115.0
10979.0,2547.0,2587.0,2558.0,1086.0,1100.0,1101.0
10826.0,2526.0,2514.0,2515.0,1090.0,1071.0,1110.0
10822.0,2513.0,2573.0,2480.0,1086.0,1078.0,1092.0
10770.0,2501.0,2544.0,2505.0,1072.0,1074.0,1074.0
10877.0,2568.0,2559.0,2493.0,1082.0,1100.0,1075.0
10667.0,2497.0,2467.0,2487.0,1064.0,1076.0,1076.0
10684.0,2493.0,2496.0,2484.0,1081.0,1058.0,1072.0
10697.0,2485.0,2482.0,2497.0,1083.0,1082.0,1068.0
10671.0,2505.0,2466.0,2469.0,1082.0,1073.0,1076.0
10764.0,2518.0,2475.0,2555.0,1082.0,1062.0,1072.0
10661.0,2489.0,2462.0,2510.0,1069.0,1069.0,1062.0
10575.0,2514.0,2443.0,2482.0,1053.0,1041.0,1042.0
10726.0,2474.0,2509.0,2517.0,1077.0,1072.0,1077.0
10588.0,2433.0,2472.0,2483.0,1089.0,1062.0,1049.0
10623.0,2454.0,2493.0,2502.0,1065.0,1062.0,1047.0
10798.0,2518.0,2532.0,2519.0,1083.0,1075.0,1071.0
10908.0,2521.0,2547.0,2555.0,1102.0,1105.0,1078.0
10905.0,2540.0,2548.0,2551.0,1109.0,1085.0,1072.0
10857.0,2530.0,2518.0,2556.0,1093.0,1095.0,1065.0
11067.0,2578.0,2600.0,2592.0,1108.0,1106.0,1083.0
11011.0,2579.0,2553.0,2576.0,1117.0,1110.0,1076.0
11014.0,2554.0,2590.0,2567.0,1104.0,1104.0,1095.0
11066.0,2554.0,2622.0,2564.0,1105.0,1127.0,1094.0
10853.0,2546.0,2554.0,2469.0,1079.0,1106.0,1099.0
11008.0,2582.0,2540.0,2565.0,1088.0,1108.0,1125.0
10863.0,2534.0,2546.0,2496.0,1094.0,1097.0,1096.0
10891.0,2515.0,2536.0,2533.0,1110.0,1101.0,1096.0
10847.0,2508.0,2535.0,2530.0,1090.0,1100.0,1084.0
10839.0,2557.0,2510.0,2500.0,1080.0,1100.0,1092.0
10929.0,2528.0,2550.0,2547.0,1092.0,1110.0,1102.0
10916.0,2564.0,2522.0,2571.0,1064.0,1095.0,1100.0
10822.0,2530.0,2524.0,2512.0,1061.0,1097.0,1098.0
10758.0,2535.0,2504.0,2496.0,1078.0,1066.0,1079.0
10816.0,2518.0,2532.0,2531.0,1084.0,1063.0,1088.0
10867.0,2572.0,2527.0,2520.0,1071.0,1089.0,1088.0
10876.0,2532.0,2559.0,2529.0,1084.0,1086.0,1086.0
10862.0,2532.0,2525.0,2543.0,1100.0,1069.0,1093.0
10968.0,2559.0,2548.0,2578.0,1093.0,1090.0,1100.0
10859.0,2556.0,2533.0,2536.0,1091.0,1063.0,1080.0
10834.0,2536.0,2523.0,2541.0,1094.0,1069.0,1071.0
10776.0,2483.0,2525.0,2534.0,1082.0,1070.0,1082.0
10826.0,2529.0,2551.0,2551.0,1067.0,1057.0,1071.0
10807.0,2485.0,2524.0,2548.0,1075.0,1086.0,1089.0
10955.0,2537.0,2538.0,2612.0,1103.0,1081.0,1084.0
10952.0,2582.0,2558.0,2528.0,1098.0,1081.0,1105.0
10872.0,2538.0,2541.0,2532.0,1092.0,1084.0,1085.0
10984.0,2587.0,2531.0,2550.0,1117.0,1101.0,1098.0
11044.0,2615.0,2559.0,2557.0,1111.0,1111.0,1091.0
11093.0,2620.0,2599.0,2562.0,1109.0,1109.0,1094.0
11060.0,2589.0,2568.0,2588.0,1120.0,1098.0,1097.0
11267.0,2668.0,2633.0,2564.0,1146.0,1122.0,1134.0
10782.0,2519.0,2509.0,2503.0,1071.0,1101.0,1079.0
10888.0,2526.0,2562.0,2544.0,1097.0,1085.0,1074.0
10993.0,2567.0,2594.0,2541.0,1091.0,1103.0,1097.0
10930.0,2584.0,2553.0,2499.0,1094.0,1105.0,1095.0
10791.0,2511.0,2521.0,2515.0,1077.0,1095.0,1072.0
10870.0,2548.0,2546.0,2518.0,1079.0,1088.0,1091.0
10913.0,2543.0,2587.0,2530.0,1081.0,1093.0,1079.0
10721.0,2512.0,2485.0,2530.0,1053.0,1079.0,1062.0
10933.0,2536.0,2588.0,2535.0,1066.0,1115.0,1093.0
10826.0,2556.0,2510.0,2539.0,1067.0,1084.0,1070.0
10721.0,2503.0,2478.0,2540.0,1064.0,1066.0,1070.0
10806.0,2505.0,2485.0,2568.0,1071.0,1090.0,1087.0
10955.0,2544.0,2552.0,2557.0,1095.0,1118.0,1089.0
10750.0,2491.0,2463.0,2534.0,1075.0,1094.0,1093.0
10889.0,2563.0,2507.0,2547.0,1092.0,1090.0,1090.0
10833.0,2516.0,2529.0,2522.0,1094.0,1076.0,1096.0
10837.0,2560.0,2489.0,2519.0,1097.0,1080.0,1092.0
10930.0,2521.0,2560.0,2545.0,1107.0,1092.0,1105.0
10891.0,2538.0,2531.0,2540.0,1100.0,1076.0,1106.0
11012.0,2602.0,2592.0,2541.0,1094.0,1080.0,1103.0
11088.0,2571.0,2564.0,2601.0,1116.0,1107.0,1129.0
10928.0,2555.0,2580.0,2518.0,1104.0,1066.0,1105.0
11165.0,2627.0,2646.0,2543.0,1119.0,1100.0,1130.0
11154.0,2597.0,2632.0,2580.0,1108.0,1098.0,1139.0
11220.0,2609.0,2634.0,2608.0,1127.0,1118.0,1124.0
11000.0,2577.0,2576.0,2538.0,1106.0,1103.0,1100.0
10918.0,2533.0,2539.0,2573.0,1095.0,1082.0,1096.0
11009.0,2550.0,2563.0,2584.0,1107.0,1103.0,1102.0
11043.0,2591.0,2599.0,2535.0,1102.0,1102.0,1114.0
11132.0,2600.0,2590.0,2626.0,1106.0,1092.0,1118.0
10940.0,2578.0,2526.0,2562.0,1094.0,1098.0,1082.0
10835.0,2558.0,2523.0,2513.0,1080.0,1082.0,1079.0
10889.0,2555.0,2511.0,2546.0,1093.0,1094.0,1090.0
10784.0,2524.0,2483.0,2552.0,1062.0,1086.0,1077.0
10940.0,2599.0,2526.0,2565.0,1068.0,1098.0,1084.0
10711.0,2524.0,2509.0,2494.0,1061.0,1060.0,1063.0
10777.0,2516.0,2516.0,2528.0,1065.0,1090.0,1062.0
10689.0,2470.0,2473.0,2524.0,1063.0,1085.0,1074.0
10833.0,2546.0,2554.0,2510.0,1075.0,1091.0,1057.0
10875.0,2541.0,2538.0,2539.0,1096.0,1087.0,1074.0
10770.0,2479.0,2537.0,2546.0,1052.0,1082.0,1074.0
10871.0,2512.0,2561.0,2554.0,1072.0,1089.0,1083.0
10939.0,2545.0,2594.0,2545.0,1084.0,1104.0,1067.0
11094.0,2557.0,2606.0,2582.0,1111.0,1126.0,1112.0
11124.0,2618.0,2605.0,2583.0,1109.0,1117.0,1092.0
10983.0,2583.0,2567.0,2534.0,1098.0,1095.0,1106.0
11258.0,2624.0,2633.0,2614.0,1135.0,1130.0,1122.0
11123.0,2625.0,2564.0,2589.0,1123.0,1109.0,1113.0
11052.0,2597.0,2549.0,2581.0,1115.0,1099.0,1111.0
10991.0,2576.0,2509.0,2574.0,1119.0,1111.0,1102.0
11047.0,2585.0,2595.0,2547.0,1120.0,1100.0,1100.0
11014.0,2538.0,2567.0,2572.0,1126.0,1111.0,1100.0
11086.0,2581.0,2577.0,2583.0,1123.0,1104.0,1118.0
11301.0,2643.0,2640.0,2637.0,1111.0,1117.0,1153.0
11044.0,2562.0,2563.0,2599.0,1120.0,1077.0,1123.0
10935.0,2523.0,2562.0,2588.0,1085.0,1084.0,1093.0
11120.0,2580.0,2613.0,2625.0,1091.0,1104.0,1107.0
10938.0,2557.0,2551.0,2561.0,1099.0,1089.0,1081.0
11019.0,2580.0,2603.0,2580.0,1089.0,1075.0,1092.0
11121.0,2608.0,2609.0,2592.0,1098.0,1106.0,1108.0
10953.0,2548.0,2562.0,2573.0,1095.0,1084.0,1091.0
10997.0,2592.0,2563.0,2561.0,1095.0,1085.0,1101.0
10847.0,2523.0,2554.0,2532.0,1066.0,1083.0,1089.0
10813.0,2529.0,2507.0,2546.0,1085.0,1071.0,1075.0
10822.0,2521.0,2525.0,2515.0,1092.0,1084.0,1085.0
10805.0,2525.0,2525.0,2495.0,1062.0,1091.0,1107.0
10744.0,2476.0,2502.0,2507.0,1075.0,1082.0,1102.0
10652.0,2481.0,2463.0,2489.0,1046.0,1072.0,1101.0
10868.0,2587.0,2512.0,2515.0,1080.0,1085.0,1089.0
10971.0,2519.0,2526.0,2586.0,1101.0,1120.0,1119.0
10977.0,2576.0,2547.0,2559.0,1102.0,1096.0,1097.0
10849.0,2560.0,2492.0,2524.0,1080.0,1090.0,1103.0
11116.0,2612.0,2614.0,2569.0,1105.0,1105.0,1111.0
11255.0,2644.0,2612.0,2629.0,1128.0,1124.0,1118.0
11195.0,2605.0,2612.0,2607.0,1129.0,1126.0,1116.0
11130.0,2646.0,2599.0,2562.0,1114.0,1114.0,1095.0
11361.0,2650.0,2666.0,2635.0,1142.0,1135.0,1133.0
11173.0,2601.0,2611.0,2609.0,1117.0,1135.0,1100.0
11294.0,2613.0,2651.0,2649.0,1132.0,1130.0,1119.0
11181.0,2598.0,2580.0,2624.0,1128.0,1124.0,1127.0
11026.0,2533.0,2569.0,2605.0,1113.0,1103.0,1103.0
11127.0,2596.0,2607.0,2580.0,1127.0,1115.0,1102.0
11085.0,2556.0,2576.0,2609.0,1115.0,1130.0,1099.0
11092.0,2577.0,2600.0,2593.0,1117.0,1114.0,1091.0
11107.0,2616.0,2560.0,2602.0,1103.0,1109.0,1117.0
11110.0,2627.0,2585.0,2580.0,1100.0,1105.0,1113.0
10977.0,2597.0,2503.0,2588.0,1096.0,1095.0,1098.0
10983.0,2604.0,2518.0,2564.0,1083.0,1098.0,1116.0
10785.0,2516.0,2502.0,2510.0,1092.0,1090.0,1075.0
10995.0,2596.0,2538.0,2573.0,1095.0,1092.0,1101.0
10891.0,2563.0,2539.0,2535.0,1083.0,1081.0,1090.0
10902.0,2539.0,2556.0,2530.0,1090.0,1074.0,1113.0
10851.0,2509.0,2569.0,2540.0,1076.0,1083.0,1074.0
10926.0,2535.0,2571.0,2543.0,1092.0,1082.0,1103.0
11102.0,2567.0,2621.0,2605.0,1105.0,1082.0,1122.0
11115.0,2592.0,2618.0,2569.0,1106.0,1111.0,1119.0
11108.0,2596.0,2581.0,2603.0,1105.0,1102.0,1121.0
11175.0,2632.0,2632.0,2585.0,1115.0,1091.0,1120.0
11269.0,2630.0,2659.0,2588.0,1122.0,1122.0,1148.0
11191.0,2608.0,2605.0,2629.0,1115.0,1116.0,1118.0
11162.0,2585.0,2619.0,2591.0,1128.0,1118.0,1121.0
11375.0,2656.0,2638.0,2657.0,1141.0,1130.0,1153.0
