demand,Demand_Retailer_0,Demand_Retailer_1,Demand_Retailer_2,Demand_Retailer_3,Demand_Retailer_4,Demand_Retailer_5
992.0,231.0,237.0,232.0,98.0,98.0,96.0
1008.0,236.0,240.0,237.0,99.0,99.0,97.0
1024.0,241.0,241.0,243.0,97.0,100.0,102.0
1018.0,243.0,234.0,235.0,102.0,102.0,102.0
1030.0,241.0,247.0,241.0,103.0,97.0,101.0
1033.0,248.0,244.0,237.0,102.0,100.0,102.0
1052.0,252.0,254.0,236.0,105.0,103.0,102.0
1046.0,254.0,242.0,247.0,101.0,101.0,101.0
1064.0,247.0,244.0,258.0,106.0,103.0,106.0
1050.0,240.0,246.0,253.0,105.0,104.0,102.0
1052.0,246.0,239.0,255.0,103.0,103.0,106.0
1066.0,251.0,246.0,246.0,107.0,109.0,107.0
1041.0,236.0,252.0,236.0,106.0,102.0,109.0
1079.0,249.0,252.0,256.0,106.0,109.0,107.0
1053.0,243.0,247.0,243.0,106.0,103.0,111.0
1058.0,241.0,253.0,251.0,104.0,104.0,105.0
1053.0,243.0,248.0,244.0,103.0,105.0,110.0
1055.0,244.0,247.0,245.0,106.0,106.0,107.0
1066.0,249.0,245.0,248.0,105.0,107.0,112.0
1054.0,247.0,248.0,243.0,105.0,104.0,107.0
1035.0,242.0,235.0,245.0,102.0,104.0,107.0
1060.0,251.0,250.0,235.0,108.0,105.0,111.0
1040.0,240.0,247.0,246.0,99.0,104.0,104.0
1036.0,243.0,240.0,239.0,104.0,105.0,105.0
1055.0,248.0,251.0,244.0,102.0,105.0,105.0
1047.0,245.0,244.0,242.0,105.0,104.0,107.0
1045.0,242.0,244.0,241.0,104.0,107.0,107.0
1049.0,243.0,239.0,247.0,104.0,109.0,107.0
1051.0,245.0,241.0,245.0,105.0,107.0,108.0
1046.0,247.0,245.0,244.0,104.0,103.0,103.0
1061.0,246.0,249.0,247.0,106.0,105.0,108.0
1050.0,247.0,246.0,240.0,106.0,106.0,105.0
1054.0,247.0,246.0,244.0,106.0,107.0,104.0
1047.0,247.0,248.0,236.0,105.0,107.0,104.0
1065.0,249.0,245.0,249.0,107.0,108.0,107.0
1035.0,245.0,245.0,235.0,103.0,102.0,105.0
1035.0,243.0,239.0,242.0,103.0,104.0,104.0
1042.0,244.0,251.0,231.0,106.0,107.0,103.0
1047.0,246.0,245.0,239.0,105.0,106.0,106.0
1079.0,252.0,257.0,249.0,108.0,107.0,106.0
1055.0,237.0,251.0,245.0,108.0,106.0,108.0
1057.0,249.0,250.0,246.0,101.0,106.0,105.0
1072.0,249.0,241.0,257.0,110.0,106.0,109.0
1053.0,244.0,241.0,249.0,107.0,106.0,106.0
1066.0,243.0,249.0,247.0,110.0,111.0,106.0
1071.0,244.0,249.0,251.0,108.0,111.0,108.0
1084.0,252.0,249.0,257.0,112.0,106.0,108.0
1081.0,254.0,249.0,251.0,106.0,109.0,112.0
1083.0,256.0,248.0,252.0,110.0,108.0,109.0
1097.0,256.0,256.0,259.0,110.0,110.0,106.0
1093.0,255.0,256.0,258.0,109.0,108.0,107.0
1090.0,248.0,260.0,253.0,109.0,112.0,108.0
1101.0,256.0,249.0,261.0,113.0,111.0,111.0
1117.0,261.0,264.0,259.0,113.0,109.0,111.0
1109.0,257.0,254.0,261.0,111.0,112.0,114.0
1137.0,269.0,260.0,268.0,113.0,114.0,113.0
1145.0,269.0,268.0,269.0,116.0,111.0,112.0
1157.0,274.0,267.0,269.0,117.0,116.0,114.0
1129.0,266.0,255.0,268.0,110.0,113.0,117.0
1132.0,268.0,266.0,262.0,112.0,112.0,112.0
1149.0,272.0,273.0,263.0,111.0,112.0,118.0
1138.0,265.0,265.0,271.0,113.0,116.0,108.0
1167.0,283.0,272.0,267.0,119.0,115.0,111.0
1152.0,272.0,265.0,267.0,115.0,115.0,118.0
1157.0,274.0,269.0,270.0,114.0,115.0,115.0
1154.0,270.0,267.0,271.0,115.0,115.0,116.0
1163.0,279.0,266.0,270.0,116.0,118.0,114.0
1163.0,277.0,270.0,272.0,114.0,113.0,117.0
1156.0,272.0,271.0,271.0,113.0,115.0,114.0
1139.0,258.0,269.0,268.0,113.0,115.0,116.0
1149.0,267.0,270.0,268.0,117.0,116.0,111.0
1164.0,272.0,273.0,276.0,112.0,114.0,117.0
1177.0,273.0,283.0,273.0,116.0,115.0,117.0
1168.0,265.0,283.0,273.0,118.0,113.0,116.0
1159.0,274.0,285.0,261.0,113.0,113.0,113.0
1140.0,260.0,270.0,267.0,112.0,115.0,116.0
1165.0,266.0,278.0,273.0,116.0,116.0,116.0
1142.0,271.0,273.0,260.0,111.0,114.0,113.0
1158.0,269.0,270.0,272.0,116.0,117.0,114.0
1142.0,277.0,267.0,267.0,110.0,112.0,109.0
1161.0,271.0,275.0,270.0,115.0,116.0,114.0
1152.0,268.0,275.0,267.0,115.0,114.0,113.0
1145.0,269.0,279.0,261.0,113.0,112.0,111.0
1138.0,266.0,263.0,266.0,113.0,116.0,114.0
1151.0,265.0,274.0,272.0,112.0,115.0,113.0
1140.0,273.0,263.0,264.0,113.0,115.0,112.0
1134.0,272.0,259.0,272.0,109.0,111.0,111.0
1149.0,276.0,269.0,268.0,113.0,111.0,112.0
1136.0,266.0,263.0,268.0,116.0,112.0,111.0
1162.0,277.0,271.0,272.0,115.0,112.0,115.0
1146.0,268.0,256.0,278.0,118.0,114.0,112.0
1158.0,272.0,266.0,270.0,119.0,114.0,117.0
1151.0,265.0,259.0,276.0,117.0,119.0,115.0
1131.0,261.0,258.0,264.0,116.0,118.0,114.0
1156.0,267.0,255.0,281.0,119.0,118.0,116.0
1156.0,269.0,266.0,273.0,119.0,116.0,113.0
1170.0,269.0,266.0,281.0,120.0,118.0,116.0
1178.0,266.0,275.0,280.0,117.0,119.0,121.0
1157.0,261.0,269.0,273.0,117.0,120.0,117.0
1164.0,264.0,267.0,284.0,120.0,115.0,114.0
1165.0,272.0,266.0,272.0,119.0,119.0,117.0
1186.0,277.0,268.0,278.0,121.0,121.0,121.0
1193.0,275.0,270.0,287.0,119.0,122.0,120.0
1189.0,273.0,281.0,271.0,122.0,120.0,122.0
1201.0,285.0,276.0,279.0,122.0,120.0,119.0
1220.0,279.0,282.0,290.0,124.0,124.0,121.0
1236.0,283.0,286.0,291.0,124.0,127.0,125.0
1217.0,289.0,285.0,273.0,125.0,121.0,124.0
1235.0,282.0,292.0,283.0,125.0,125.0,128.0
1234.0,291.0,292.0,282.0,123.0,122.0,124.0
1262.0,293.0,298.0,285.0,128.0,130.0,128.0
1258.0,299.0,294.0,285.0,126.0,126.0,128.0
1275.0,298.0,299.0,294.0,128.0,129.0,127.0
1273.0,300.0,293.0,297.0,129.0,124.0,130.0
1280.0,303.0,300.0,290.0,129.0,128.0,130.0
1277.0,294.0,301.0,294.0,128.0,131.0,129.0
1286.0,303.0,297.0,296.0,130.0,130.0,130.0
1282.0,300.0,302.0,299.0,126.0,126.0,129.0
1289.0,301.0,307.0,293.0,127.0,132.0,129.0
1285.0,301.0,306.0,292.0,130.0,128.0,128.0
1268.0,300.0,290.0,295.0,126.0,128.0,129.0
1286.0,300.0,296.0,305.0,125.0,130.0,130.0
1260.0,293.0,296.0,295.0,125.0,124.0,127.0
1266.0,287.0,302.0,294.0,127.0,128.0,128.0
1259.0,291.0,293.0,291.0,124.0,128.0,132.0
1279.0,290.0,304.0,301.0,125.0,129.0,130.0
1268.0,287.0,296.0,300.0,127.0,125.0,133.0
1254.0,296.0,290.0,295.0,122.0,126.0,125.0
1253.0,291.0,287.0,300.0,126.0,123.0,126.0
1260.0,291.0,289.0,297.0,127.0,127.0,129.0
1237.0,288.0,280.0,294.0,124.0,126.0,125.0
1252.0,296.0,287.0,296.0,123.0,127.0,123.0
1249.0,295.0,294.0,288.0,123.0,125.0,124.0
1250.0,299.0,287.0,291.0,125.0,124.0,124.0
1245.0,294.0,292.0,288.0,127.0,123.0,121.0
1255.0,301.0,286.0,298.0,121.0,124.0,125.0
1262.0,302.0,285.0,302.0,123.0,125.0,125.0
1255.0,300.0,286.0,303.0,121.0,121.0,124.0
1246.0,285.0,286.0,301.0,123.0,128.0,123.0
1270.0,300.0,299.0,301.0,124.0,121.0,125.0
1261.0,297.0,291.0,295.0,126.0,128.0,124.0
1265.0,296.0,298.0,300.0,125.0,125.0,121.0
1273.0,297.0,297.0,304.0,127.0,127.0,121.0
1246.0,294.0,292.0,286.0,127.0,124.0,123.0
1273.0,295.0,303.0,295.0,129.0,126.0,125.0
1265.0,291.0,301.0,297.0,126.0,124.0,126.0
1256.0,280.0,298.0,306.0,126.0,122.0,124.0
1244.0,287.0,296.0,294.0,122.0,121.0,124.0
1256.0,287.0,301.0,285.0,131.0,128.0,124.0
1257.0,293.0,300.0,289.0,126.0,126.0,123.0
1278.0,289.0,308.0,300.0,129.0,125.0,127.0
1287.0,296.0,303.0,302.0,131.0,127.0,128.0
1273.0,291.0,301.0,300.0,129.0,129.0,123.0
1280.0,294.0,298.0,300.0,131.0,127.0,130.0
1304.0,302.0,306.0,306.0,133.0,128.0,129.0
1293.0,297.0,308.0,296.0,132.0,130.0,130.0
1322.0,309.0,317.0,302.0,130.0,134.0,130.0
1310.0,309.0,304.0,298.0,135.0,133.0,131.0
1299.0,303.0,297.0,302.0,134.0,134.0,129.0
1314.0,305.0,309.0,298.0,138.0,133.0,131.0
1346.0,319.0,310.0,312.0,134.0,136.0,135.0
1324.0,314.0,305.0,308.0,133.0,134.0,130.0
1343.0,313.0,318.0,312.0,136.0,134.0,130.0
1363.0,322.0,301.0,328.0,140.0,137.0,135.0
1379.0,332.0,310.0,317.0,142.0,142.0,136.0
1354.0,322.0,312.0,311.0,140.0,135.0,134.0
1370.0,323.0,317.0,318.0,139.0,138.0,135.0
1366.0,315.0,319.0,323.0,137.0,136.0,136.0
1378.0,328.0,315.0,321.0,139.0,138.0,137.0
1382.0,325.0,319.0,321.0,138.0,141.0,138.0
1371.0,326.0,317.0,312.0,139.0,139.0,138.0
1376.0,320.0,311.0,326.0,138.0,140.0,141.0
1367.0,321.0,317.0,317.0,138.0,136.0,138.0
1378.0,322.0,317.0,318.0,137.0,143.0,141.0
1371.0,320.0,309.0,324.0,139.0,141.0,138.0
1365.0,313.0,313.0,325.0,135.0,141.0,138.0
1366.0,311.0,320.0,322.0,135.0,139.0,139.0
1385.0,321.0,321.0,321.0,139.0,142.0,141.0
1367.0,308.0,323.0,319.0,135.0,140.0,142.0
1388.0,318.0,325.0,329.0,139.0,139.0,138.0
1382.0,318.0,331.0,319.0,137.0,139.0,138.0
1378.0,315.0,325.0,319.0,135.0,142.0,142.0
1393.0,324.0,327.0,322.0,139.0,141.0,140.0
1376.0,318.0,328.0,324.0,132.0,136.0,138.0
1371.0,316.0,326.0,327.0,133.0,133.0,136.0
1367.0,323.0,319.0,319.0,130.0,138.0,138.0
1372.0,319.0,323.0,317.0,133.0,139.0,141.0
1347.0,322.0,312.0,314.0,132.0,132.0,135.0
1370.0,322.0,320.0,321.0,130.0,140.0,137.0
1367.0,315.0,323.0,319.0,134.0,140.0,136.0
1350.0,309.0,318.0,318.0,136.0,136.0,133.0
1337.0,311.0,314.0,310.0,133.0,133.0,136.0
1351.0,323.0,311.0,311.0,133.0,134.0,139.0
1360.0,318.0,319.0,314.0,139.0,132.0,138.0
1344.0,314.0,313.0,314.0,133.0,134.0,136.0
1374.0,324.0,319.0,318.0,138.0,135.0,140.0
1367.0,313.0,322.0,326.0,135.0,134.0,137.0
1340.0,310.0,316.0,313.0,138.0,130.0,133.0
1347.0,311.0,318.0,316.0,134.0,133.0,135.0
1375.0,320.0,317.0,324.0,140.0,135.0,139.0
1350.0,310.0,320.0,309.0,137.0,136.0,138.0
1351.0,314.0,309.0,316.0,136.0,136.0,140.0
1366.0,310.0,323.0,321.0,136.0,137.0,139.0
1365.0,322.0,313.0,319.0,139.0,133.0,139.0
1357.0,324.0,311.0,307.0,142.0,137.0,136.0
1374.0,321.0,320.0,315.0,139.0,139.0,140.0
1389.0,326.0,322.0,322.0,142.0,139.0,138.0
1403.0,324.0,331.0,326.0,141.0,140.0,141.0
1407.0,331.0,326.0,324.0,143.0,140.0,143.0
1426.0,340.0,325.0,333.0,144.0,142.0,142.0
1441.0,340.0,336.0,331.0,148.0,143.0,143.0
1437.0,347.0,335.0,336.0,142.0,139.0,138.0
1429.0,336.0,332.0,330.0,145.0,141.0,145.0
1452.0,346.0,340.0,329.0,148.0,143.0,146.0
1444.0,343.0,335.0,335.0,143.0,144.0,144.0
1474.0,349.0,344.0,341.0,150.0,144.0,146.0
1457.0,345.0,343.0,333.0,148.0,144.0,144.0
1475.0,346.0,336.0,357.0,146.0,146.0,144.0
1474.0,344.0,351.0,336.0,150.0,146.0,147.0
1497.0,362.0,349.0,347.0,147.0,147.0,145.0
1481.0,344.0,344.0,354.0,149.0,143.0,147.0
1492.0,337.0,359.0,350.0,152.0,145.0,149.0
1475.0,341.0,352.0,344.0,149.0,148.0,141.0
1464.0,344.0,345.0,336.0,148.0,145.0,146.0
1467.0,339.0,346.0,347.0,148.0,145.0,142.0
1494.0,348.0,350.0,355.0,147.0,148.0,146.0
1483.0,346.0,353.0,344.0,146.0,149.0,145.0
1473.0,338.0,347.0,351.0,144.0,148.0,145.0
1488.0,339.0,351.0,357.0,149.0,147.0,145.0
1470.0,336.0,342.0,354.0,147.0,144.0,147.0
1485.0,340.0,346.0,356.0,147.0,149.0,147.0
1485.0,337.0,351.0,351.0,146.0,151.0,149.0
1494.0,350.0,345.0,353.0,148.0,150.0,148.0
1476.0,350.0,344.0,343.0,145.0,149.0,145.0
1466.0,337.0,338.0,349.0,146.0,152.0,144.0
1450.0,334.0,342.0,342.0,143.0,145.0,144.0
1444.0,335.0,334.0,337.0,147.0,147.0,144.0
1467.0,343.0,337.0,348.0,145.0,149.0,145.0
1442.0,334.0,334.0,336.0,144.0,149.0,145.0
1447.0,339.0,337.0,341.0,144.0,145.0,141.0
1462.0,352.0,336.0,340.0,142.0,144.0,148.0
1454.0,341.0,337.0,338.0,143.0,150.0,145.0
1447.0,347.0,332.0,335.0,140.0,147.0,146.0
1431.0,338.0,325.0,340.0,142.0,144.0,142.0
1469.0,353.0,339.0,341.0,144.0,148.0,144.0
1438.0,340.0,330.0,336.0,141.0,149.0,142.0
1448.0,340.0,336.0,337.0,143.0,148.0,144.0
1474.0,352.0,343.0,340.0,147.0,147.0,145.0
1455.0,338.0,342.0,342.0,141.0,148.0,144.0
1439.0,332.0,338.0,336.0,142.0,142.0,149.0
1465.0,342.0,344.0,336.0,143.0,149.0,151.0
1458.0,339.0,339.0,337.0,148.0,146.0,149.0
1474.0,347.0,342.0,343.0,146.0,149.0,147.0
1450.0,334.0,348.0,330.0,144.0,146.0,148.0
1482.0,343.0,353.0,339.0,149.0,148.0,150.0
1487.0,347.0,354.0,343.0,147.0,147.0,149.0
1501.0,345.0,351.0,346.0,153.0,154.0,152.0
1512.0,349.0,355.0,353.0,150.0,149.0,156.0
1502.0,345.0,355.0,347.0,151.0,153.0,151.0
1519.0,361.0,356.0,346.0,153.0,152.0,151.0
1516.0,353.0,354.0,352.0,154.0,148.0,155.0
1527.0,355.0,362.0,353.0,154.0,150.0,153.0
1541.0,358.0,363.0,351.0,151.0,158.0,160.0
1539.0,358.0,354.0,365.0,154.0,153.0,155.0
1550.0,365.0,355.0,365.0,156.0,153.0,156.0
1569.0,372.0,360.0,364.0,159.0,156.0,158.0
1571.0,369.0,364.0,364.0,161.0,155.0,158.0
1562.0,369.0,367.0,361.0,154.0,152.0,159.0
1571.0,363.0,368.0,367.0,156.0,155.0,162.0
1554.0,363.0,354.0,362.0,158.0,159.0,158.0
1605.0,386.0,370.0,370.0,164.0,156.0,159.0
1586.0,373.0,367.0,375.0,157.0,154.0,160.0
1569.0,366.0,361.0,371.0,160.0,153.0,158.0
1578.0,365.0,364.0,375.0,158.0,156.0,160.0
1609.0,367.0,377.0,382.0,161.0,159.0,163.0
1570.0,366.0,362.0,370.0,159.0,155.0,158.0
1597.0,370.0,371.0,378.0,162.0,157.0,159.0
1589.0,365.0,366.0,375.0,160.0,159.0,164.0
1589.0,361.0,365.0,384.0,161.0,156.0,162.0
1572.0,371.0,358.0,366.0,158.0,159.0,160.0
1584.0,367.0,365.0,374.0,162.0,156.0,160.0
1588.0,367.0,364.0,376.0,163.0,157.0,161.0
1564.0,363.0,361.0,364.0,161.0,155.0,160.0
1578.0,363.0,369.0,373.0,159.0,156.0,158.0
1552.0,350.0,362.0,375.0,156.0,154.0,155.0
1595.0,369.0,380.0,377.0,156.0,153.0,160.0
1585.0,366.0,370.0,377.0,158.0,154.0,160.0
1561.0,361.0,369.0,365.0,153.0,159.0,154.0
1564.0,366.0,370.0,360.0,154.0,156.0,158.0
1581.0,374.0,363.0,369.0,161.0,158.0,156.0
1539.0,362.0,356.0,357.0,155.0,154.0,155.0
1537.0,359.0,358.0,360.0,153.0,154.0,153.0
1572.0,371.0,367.0,366.0,154.0,160.0,154.0
1543.0,367.0,368.0,353.0,150.0,154.0,151.0
1548.0,361.0,363.0,355.0,155.0,157.0,157.0
1544.0,367.0,366.0,351.0,153.0,155.0,152.0
1564.0,366.0,370.0,357.0,153.0,159.0,159.0
1578.0,369.0,382.0,356.0,156.0,160.0,155.0
1559.0,360.0,366.0,363.0,156.0,158.0,156.0
1541.0,364.0,361.0,359.0,154.0,152.0,151.0
1541.0,367.0,365.0,345.0,153.0,159.0,152.0
1552.0,364.0,365.0,360.0,154.0,155.0,154.0
1546.0,366.0,357.0,355.0,157.0,157.0,154.0
1537.0,343.0,364.0,365.0,155.0,158.0,152.0
1568.0,365.0,364.0,364.0,155.0,163.0,157.0
1564.0,363.0,366.0,367.0,157.0,158.0,153.0
1575.0,367.0,366.0,371.0,156.0,157.0,158.0
1591.0,365.0,373.0,371.0,159.0,163.0,160.0
1580.0,367.0,372.0,369.0,156.0,161.0,155.0
1598.0,372.0,372.0,376.0,160.0,160.0,158.0
1609.0,373.0,376.0,378.0,165.0,159.0,158.0
1606.0,374.0,368.0,379.0,160.0,163.0,162.0
1638.0,385.0,371.0,388.0,165.0,168.0,161.0
1606.0,375.0,372.0,374.0,158.0,167.0,160.0
1648.0,389.0,380.0,384.0,164.0,169.0,162.0
1659.0,390.0,387.0,385.0,165.0,167.0,165.0
1638.0,382.0,383.0,381.0,165.0,163.0,164.0
1673.0,391.0,385.0,391.0,168.0,170.0,168.0
1673.0,387.0,386.0,396.0,170.0,167.0,167.0
1676.0,397.0,391.0,388.0,168.0,166.0,166.0
1675.0,393.0,383.0,390.0,168.0,172.0,169.0
1681.0,393.0,390.0,391.0,171.0,169.0,167.0
1673.0,390.0,394.0,389.0,167.0,166.0,167.0
1703.0,397.0,401.0,398.0,170.0,172.0,165.0
1711.0,400.0,399.0,401.0,170.0,169.0,172.0
1709.0,395.0,398.0,409.0,169.0,171.0,167.0
1693.0,395.0,395.0,395.0,172.0,169.0,167.0
1686.0,389.0,397.0,394.0,167.0,168.0,171.0
1681.0,392.0,386.0,395.0,172.0,168.0,168.0
1720.0,392.0,404.0,406.0,172.0,172.0,174.0
1689.0,390.0,400.0,391.0,171.0,169.0,168.0
1675.0,382.0,394.0,393.0,169.0,168.0,169.0
1697.0,392.0,400.0,395.0,171.0,171.0,168.0
1706.0,391.0,400.0,399.0,172.0,172.0,172.0
1682.0,390.0,391.0,395.0,171.0,165.0,170.0
1687.0,389.0,404.0,393.0,169.0,165.0,167.0
1681.0,391.0,395.0,389.0,170.0,167.0,169.0
1671.0,384.0,387.0,393.0,172.0,165.0,170.0
1691.0,395.0,401.0,389.0,171.0,164.0,171.0
1670.0,386.0,393.0,387.0,169.0,165.0,170.0
1674.0,387.0,386.0,395.0,168.0,168.0,170.0
1682.0,394.0,392.0,394.0,167.0,168.0,167.0
1670.0,399.0,390.0,384.0,166.0,165.0,166.0
1658.0,395.0,388.0,381.0,165.0,164.0,165.0
1647.0,390.0,369.0,389.0,166.0,164.0,169.0
1653.0,384.0,382.0,389.0,169.0,164.0,165.0
1680.0,396.0,388.0,389.0,170.0,167.0,170.0
1639.0,389.0,381.0,378.0,164.0,160.0,167.0
1661.0,396.0,383.0,387.0,165.0,161.0,169.0
1651.0,392.0,384.0,379.0,164.0,163.0,169.0
1654.0,383.0,384.0,391.0,159.0,165.0,172.0
1651.0,396.0,375.0,381.0,163.0,167.0,169.0
1649.0,384.0,386.0,382.0,166.0,164.0,167.0
1657.0,383.0,385.0,388.0,168.0,165.0,168.0
1677.0,396.0,390.0,391.0,163.0,169.0,168.0
1657.0,386.0,393.0,375.0,167.0,166.0,170.0
1681.0,387.0,396.0,393.0,167.0,168.0,170.0
1667.0,388.0,392.0,389.0,166.0,165.0,167.0
1671.0,391.0,387.0,387.0,164.0,170.0,172.0
1673.0,394.0,390.0,392.0,163.0,166.0,168.0
1679.0,388.0,394.0,390.0,165.0,170.0,172.0
1711.0,404.0,398.0,399.0,168.0,170.0,172.0
1722.0,403.0,412.0,398.0,169.0,168.0,172.0
1736.0,400.0,406.0,410.0,173.0,173.0,174.0
1738.0,401.0,409.0,407.0,174.0,173.0,174.0
1736.0,399.0,407.0,411.0,170.0,174.0,175.0
1749.0,408.0,413.0,407.0,174.0,174.0,173.0
1772.0,411.0,421.0,410.0,176.0,178.0,176.0
1788.0,412.0,415.0,427.0,179.0,179.0,176.0
1774.0,419.0,419.0,412.0,174.0,176.0,174.0
1805.0,423.0,435.0,414.0,176.0,181.0,176.0
1763.0,415.0,405.0,410.0,179.0,177.0,177.0
1786.0,421.0,415.0,417.0,178.0,180.0,175.0
1797.0,425.0,417.0,423.0,176.0,181.0,175.0
1786.0,416.0,419.0,415.0,176.0,183.0,177.0
1813.0,420.0,422.0,431.0,180.0,184.0,176.0
1806.0,424.0,415.0,429.0,181.0,184.0,173.0
1824.0,420.0,431.0,438.0,180.0,180.0,175.0
1796.0,417.0,414.0,427.0,182.0,183.0,173.0
1805.0,423.0,419.0,426.0,180.0,181.0,176.0
1788.0,411.0,415.0,422.0,180.0,180.0,180.0
1793.0,407.0,417.0,428.0,181.0,182.0,178.0
1776.0,409.0,416.0,416.0,180.0,181.0,174.0
1789.0,415.0,416.0,419.0,180.0,183.0,176.0
1791.0,410.0,420.0,421.0,183.0,183.0,174.0
1758.0,409.0,410.0,404.0,178.0,180.0,177.0
1775.0,410.0,418.0,412.0,177.0,177.0,181.0
1755.0,409.0,403.0,412.0,181.0,176.0,174.0
1774.0,410.0,418.0,411.0,180.0,177.0,178.0
1774.0,414.0,412.0,413.0,179.0,178.0,178.0
1797.0,421.0,417.0,421.0,179.0,181.0,178.0
1782.0,415.0,414.0,415.0,179.0,182.0,177.0
1756.0,413.0,408.0,407.0,177.0,176.0,175.0
1754.0,412.0,400.0,410.0,180.0,175.0,177.0
1769.0,419.0,410.0,404.0,180.0,179.0,177.0
1763.0,416.0,410.0,408.0,181.0,178.0,170.0
1766.0,426.0,412.0,401.0,178.0,175.0,174.0
1768.0,411.0,415.0,412.0,177.0,176.0,177.0
1755.0,416.0,411.0,401.0,177.0,175.0,175.0
1768.0,417.0,417.0,410.0,175.0,173.0,176.0
1764.0,412.0,412.0,408.0,178.0,176.0,178.0
1775.0,417.0,418.0,416.0,173.0,175.0,176.0
1751.0,406.0,416.0,404.0,173.0,173.0,179.0
1784.0,424.0,418.0,412.0,176.0,176.0,178.0
1753.0,404.0,411.0,414.0,171.0,173.0,180.0
1796.0,418.0,427.0,419.0,175.0,180.0,177.0
1775.0,408.0,418.0,412.0,180.0,176.0,181.0
1775.0,417.0,414.0,420.0,174.0,171.0,179.0
1787.0,408.0,424.0,422.0,177.0,179.0,177.0
1781.0,414.0,417.0,417.0,181.0,175.0,177.0
1812.0,417.0,419.0,429.0,179.0,179.0,189.0
1783.0,417.0,419.0,414.0,177.0,177.0,179.0
1799.0,417.0,416.0,424.0,180.0,179.0,183.0
1808.0,406.0,419.0,437.0,180.0,183.0,183.0
1799.0,417.0,413.0,427.0,178.0,179.0,185.0
1807.0,425.0,414.0,424.0,182.0,178.0,184.0
1839.0,426.0,425.0,437.0,182.0,182.0,187.0
1841.0,433.0,424.0,436.0,181.0,182.0,185.0
1853.0,435.0,431.0,438.0,180.0,184.0,185.0
1857.0,435.0,436.0,435.0,184.0,183.0,184.0
1840.0,428.0,428.0,436.0,180.0,182.0,186.0
1878.0,447.0,434.0,436.0,187.0,186.0,188.0
1864.0,444.0,424.0,440.0,185.0,180.0,191.0
1860.0,436.0,426.0,436.0,185.0,190.0,187.0
1900.0,455.0,437.0,446.0,183.0,188.0,191.0
1884.0,441.0,439.0,436.0,188.0,186.0,194.0
1892.0,438.0,440.0,447.0,191.0,188.0,188.0
1897.0,443.0,437.0,444.0,190.0,190.0,193.0
1895.0,448.0,439.0,441.0,190.0,188.0,189.0
1890.0,438.0,437.0,445.0,188.0,192.0,190.0
1905.0,451.0,436.0,442.0,191.0,191.0,194.0
1898.0,437.0,439.0,446.0,187.0,193.0,196.0
1911.0,447.0,447.0,441.0,193.0,191.0,192.0
1914.0,443.0,447.0,441.0,195.0,196.0,192.0
1885.0,436.0,443.0,437.0,190.0,190.0,189.0
1896.0,444.0,448.0,437.0,191.0,189.0,187.0
1891.0,429.0,452.0,439.0,187.0,190.0,194.0
1899.0,443.0,446.0,440.0,190.0,189.0,191.0
1876.0,436.0,443.0,431.0,185.0,189.0,192.0
1907.0,438.0,447.0,450.0,190.0,192.0,190.0
1883.0,441.0,435.0,435.0,192.0,191.0,189.0
1895.0,447.0,450.0,431.0,189.0,189.0,189.0
1868.0,439.0,441.0,425.0,188.0,188.0,187.0
1897.0,450.0,444.0,430.0,194.0,192.0,187.0
1883.0,446.0,438.0,436.0,191.0,188.0,184.0
1888.0,448.0,438.0,431.0,194.0,190.0,187.0
1860.0,437.0,431.0,430.0,188.0,190.0,184.0
1882.0,443.0,439.0,438.0,187.0,191.0,184.0
1891.0,443.0,450.0,436.0,187.0,191.0,184.0
1878.0,442.0,440.0,432.0,188.0,191.0,185.0
1875.0,440.0,443.0,429.0,188.0,187.0,188.0
1873.0,442.0,431.0,441.0,188.0,187.0,184.0
1887.0,446.0,437.0,438.0,189.0,189.0,188.0
1859.0,436.0,436.0,426.0,187.0,190.0,184.0
1884.0,436.0,439.0,445.0,190.0,188.0,186.0
1861.0,433.0,425.0,438.0,189.0,189.0,187.0
1856.0,429.0,428.0,437.0,190.0,189.0,183.0
1869.0,439.0,435.0,434.0,187.0,188.0,186.0
1881.0,434.0,441.0,439.0,190.0,189.0,188.0
1875.0,439.0,432.0,444.0,185.0,189.0,186.0
1861.0,428.0,430.0,441.0,188.0,187.0,187.0
1863.0,425.0,428.0,449.0,188.0,186.0,187.0
1883.0,433.0,437.0,451.0,188.0,187.0,187.0
1892.0,445.0,438.0,441.0,188.0,190.0,190.0
1908.0,447.0,451.0,446.0,191.0,189.0,184.0
1908.0,444.0,450.0,449.0,190.0,187.0,188.0
1909.0,441.0,447.0,450.0,189.0,193.0,189.0
1931.0,447.0,455.0,458.0,193.0,190.0,188.0
1946.0,451.0,456.0,465.0,191.0,193.0,190.0
1933.0,452.0,455.0,452.0,192.0,190.0,192.0
1938.0,445.0,460.0,457.0,191.0,193.0,192.0
1953.0,455.0,462.0,453.0,194.0,195.0,194.0
1959.0,460.0,460.0,458.0,195.0,191.0,195.0
1975.0,469.0,459.0,464.0,196.0,192.0,195.0
1977.0,464.0,462.0,468.0,195.0,194.0,194.0
1998.0,472.0,466.0,465.0,197.0,198.0,200.0
1998.0,466.0,474.0,464.0,196.0,198.0,200.0
1994.0,469.0,468.0,464.0,197.0,196.0,200.0
1973.0,450.0,469.0,464.0,197.0,195.0,198.0
2002.0,470.0,475.0,464.0,197.0,197.0,199.0
2004.0,471.0,468.0,468.0,198.0,197.0,202.0
2013.0,473.0,473.0,468.0,198.0,197.0,204.0
1992.0,465.0,466.0,462.0,199.0,197.0,203.0
1985.0,466.0,468.0,455.0,197.0,198.0,201.0
1988.0,460.0,466.0,465.0,200.0,197.0,200.0
1995.0,457.0,473.0,466.0,200.0,198.0,201.0
1996.0,463.0,470.0,462.0,201.0,200.0,200.0
1970.0,458.0,457.0,458.0,201.0,197.0,199.0
1983.0,465.0,456.0,464.0,199.0,200.0,199.0
2004.0,464.0,475.0,462.0,200.0,200.0,203.0
1977.0,456.0,462.0,461.0,200.0,199.0,199.0
1990.0,463.0,459.0,466.0,203.0,198.0,201.0
1993.0,464.0,464.0,465.0,203.0,196.0,201.0
1974.0,461.0,457.0,459.0,203.0,194.0,200.0
1991.0,467.0,459.0,469.0,198.0,197.0,201.0
1970.0,455.0,455.0,460.0,201.0,198.0,201.0
1984.0,464.0,459.0,464.0,197.0,200.0,200.0
1956.0,465.0,449.0,456.0,195.0,197.0,194.0
1985.0,459.0,459.0,467.0,203.0,197.0,200.0
1994.0,466.0,462.0,469.0,198.0,197.0,202.0
2009.0,475.0,461.0,467.0,203.0,201.0,202.0
2009.0,470.0,464.0,474.0,200.0,201.0,200.0
1963.0,456.0,455.0,460.0,198.0,195.0,199.0
1970.0,460.0,458.0,461.0,197.0,193.0,201.0
1983.0,468.0,461.0,456.0,201.0,198.0,199.0
2013.0,468.0,469.0,475.0,198.0,203.0,200.0
1995.0,464.0,465.0,463.0,200.0,202.0,201.0
1984.0,461.0,460.0,473.0,196.0,198.0,196.0
1987.0,464.0,460.0,465.0,197.0,200.0,201.0
2006.0,459.0,468.0,476.0,205.0,197.0,201.0
2003.0,460.0,463.0,474.0,199.0,207.0,200.0
1998.0,460.0,472.0,464.0,200.0,201.0,201.0
1985.0,457.0,460.0,467.0,198.0,200.0,203.0
1999.0,459.0,470.0,472.0,197.0,202.0,199.0
2023.0,469.0,471.0,476.0,202.0,205.0,200.0
2026.0,463.0,474.0,480.0,201.0,204.0,204.0
2024.0,473.0,472.0,471.0,201.0,201.0,206.0
2032.0,476.0,477.0,469.0,203.0,205.0,202.0
2019.0,462.0,476.0,475.0,201.0,201.0,204.0
2040.0,474.0,472.0,474.0,203.0,209.0,208.0
2022.0,474.0,479.0,465.0,201.0,202.0,201.0
2035.0,474.0,473.0,474.0,204.0,209.0,201.0
2048.0,476.0,476.0,480.0,203.0,209.0,204.0
2070.0,484.0,484.0,481.0,206.0,210.0,205.0
2057.0,489.0,479.0,477.0,202.0,207.0,203.0
2054.0,485.0,476.0,480.0,204.0,207.0,202.0
2080.0,499.0,479.0,484.0,205.0,206.0,207.0
2093.0,494.0,482.0,492.0,207.0,209.0,209.0
2091.0,493.0,492.0,484.0,205.0,211.0,206.0
2088.0,498.0,477.0,489.0,208.0,208.0,208.0
2096.0,494.0,489.0,488.0,206.0,210.0,209.0
2092.0,495.0,480.0,485.0,214.0,211.0,207.0
2078.0,490.0,483.0,482.0,208.0,208.0,207.0
2086.0,497.0,486.0,484.0,208.0,202.0,209.0
2082.0,491.0,481.0,483.0,209.0,211.0,207.0
2088.0,488.0,488.0,486.0,210.0,209.0,207.0
2069.0,480.0,486.0,479.0,209.0,207.0,208.0
2103.0,494.0,489.0,488.0,211.0,211.0,210.0
2081.0,479.0,494.0,480.0,212.0,208.0,208.0
2073.0,477.0,488.0,486.0,207.0,209.0,206.0
2090.0,483.0,496.0,485.0,207.0,210.0,209.0
2080.0,487.0,481.0,485.0,210.0,211.0,206.0
2118.0,494.0,498.0,492.0,212.0,209.0,213.0
2100.0,490.0,494.0,491.0,209.0,208.0,208.0
2086.0,492.0,492.0,482.0,210.0,206.0,204.0
2086.0,482.0,497.0,488.0,209.0,203.0,207.0
2083.0,485.0,494.0,487.0,206.0,206.0,205.0
2104.0,489.0,497.0,493.0,210.0,207.0,208.0
2108.0,495.0,498.0,489.0,212.0,206.0,208.0
2093.0,490.0,490.0,489.0,210.0,208.0,206.0
2103.0,495.0,490.0,494.0,208.0,209.0,207.0
2092.0,489.0,489.0,486.0,210.0,209.0,209.0
2083.0,491.0,484.0,485.0,209.0,207.0,207.0
2092.0,492.0,493.0,484.0,209.0,208.0,206.0
2093.0,484.0,493.0,492.0,208.0,207.0,209.0
2090.0,488.0,487.0,492.0,211.0,207.0,205.0
2077.0,485.0,483.0,491.0,208.0,205.0,205.0
2072.0,478.0,482.0,489.0,211.0,207.0,205.0
2096.0,494.0,487.0,487.0,208.0,209.0,211.0
2087.0,484.0,484.0,496.0,211.0,205.0,207.0
2082.0,479.0,485.0,494.0,212.0,206.0,206.0
2093.0,484.0,489.0,492.0,210.0,207.0,211.0
2072.0,483.0,475.0,486.0,210.0,208.0,210.0
2102.0,493.0,487.0,493.0,210.0,209.0,210.0
2096.0,485.0,487.0,490.0,213.0,209.0,212.0
2105.0,489.0,488.0,494.0,212.0,210.0,212.0
2104.0,492.0,481.0,493.0,213.0,213.0,212.0
2104.0,488.0,487.0,493.0,214.0,212.0,210.0
2108.0,493.0,486.0,494.0,210.0,211.0,214.0
2119.0,491.0,494.0,492.0,215.0,213.0,214.0
2122.0,498.0,494.0,491.0,211.0,216.0,212.0
2139.0,498.0,499.0,498.0,211.0,218.0,215.0
2146.0,504.0,503.0,499.0,212.0,213.0,215.0
2144.0,499.0,502.0,498.0,212.0,215.0,218.0
2149.0,503.0,505.0,491.0,217.0,215.0,218.0
2184.0,514.0,509.0,502.0,220.0,221.0,218.0
2164.0,508.0,501.0,502.0,216.0,220.0,217.0
2186.0,511.0,506.0,510.0,219.0,218.0,222.0
2172.0,510.0,506.0,503.0,217.0,218.0,218.0
2188.0,512.0,511.0,508.0,218.0,218.0,221.0
2214.0,522.0,522.0,507.0,219.0,224.0,220.0
2200.0,510.0,516.0,508.0,221.0,223.0,222.0
2193.0,516.0,512.0,506.0,216.0,221.0,222.0
2214.0,519.0,512.0,515.0,219.0,225.0,224.0
2226.0,517.0,533.0,516.0,217.0,219.0,224.0
2205.0,509.0,517.0,523.0,216.0,222.0,218.0
2198.0,508.0,522.0,507.0,219.0,222.0,220.0
2214.0,513.0,521.0,525.0,216.0,219.0,220.0
2223.0,510.0,530.0,512.0,222.0,225.0,224.0
2221.0,516.0,521.0,516.0,220.0,224.0,224.0
2197.0,507.0,510.0,514.0,221.0,221.0,224.0
2196.0,507.0,511.0,517.0,221.0,222.0,218.0
2221.0,512.0,518.0,520.0,223.0,225.0,223.0
2201.0,507.0,515.0,515.0,221.0,221.0,222.0
2200.0,513.0,517.0,509.0,220.0,221.0,220.0
2183.0,508.0,508.0,509.0,220.0,217.0,221.0
2203.0,507.0,521.0,518.0,220.0,219.0,218.0
2174.0,507.0,510.0,504.0,218.0,216.0,219.0
2175.0,504.0,511.0,508.0,219.0,218.0,215.0
2197.0,513.0,501.0,516.0,223.0,221.0,223.0
2194.0,508.0,512.0,522.0,217.0,218.0,217.0
2178.0,507.0,498.0,517.0,219.0,218.0,219.0
2186.0,513.0,506.0,514.0,218.0,218.0,217.0
2195.0,525.0,504.0,517.0,217.0,217.0,215.0
2184.0,516.0,500.0,516.0,219.0,215.0,218.0
2190.0,518.0,502.0,516.0,219.0,219.0,216.0
2164.0,512.0,504.0,505.0,216.0,214.0,213.0
2169.0,514.0,500.0,506.0,219.0,216.0,214.0
2171.0,505.0,507.0,508.0,220.0,216.0,215.0
2186.0,510.0,505.0,515.0,223.0,219.0,214.0
2190.0,514.0,510.0,511.0,222.0,215.0,218.0
2175.0,509.0,505.0,514.0,219.0,214.0,214.0
2187.0,509.0,514.0,511.0,220.0,215.0,218.0
2175.0,507.0,510.0,510.0,217.0,215.0,216.0
2184.0,508.0,508.0,515.0,220.0,214.0,219.0
2188.0,504.0,514.0,508.0,220.0,220.0,222.0
2191.0,498.0,520.0,515.0,222.0,219.0,217.0
2200.0,507.0,517.0,517.0,220.0,219.0,220.0
2221.0,515.0,521.0,520.0,226.0,221.0,218.0
2232.0,521.0,521.0,519.0,227.0,222.0,222.0
2233.0,523.0,527.0,514.0,228.0,225.0,216.0
2228.0,518.0,522.0,522.0,226.0,220.0,220.0
2224.0,522.0,521.0,516.0,225.0,220.0,220.0
2256.0,527.0,525.0,528.0,228.0,224.0,224.0
2239.0,519.0,530.0,517.0,227.0,222.0,224.0
2244.0,521.0,530.0,521.0,224.0,223.0,225.0
2253.0,529.0,534.0,520.0,224.0,225.0,221.0
2256.0,523.0,530.0,530.0,225.0,224.0,224.0
2254.0,531.0,531.0,518.0,226.0,226.0,222.0
2270.0,537.0,527.0,526.0,230.0,227.0,223.0
2303.0,534.0,536.0,542.0,230.0,231.0,230.0
2289.0,538.0,526.0,538.0,232.0,230.0,225.0
2287.0,542.0,532.0,529.0,226.0,232.0,226.0
2292.0,541.0,530.0,533.0,227.0,232.0,229.0
2314.0,544.0,537.0,541.0,229.0,230.0,233.0
2310.0,544.0,535.0,538.0,229.0,232.0,232.0
2318.0,548.0,538.0,542.0,226.0,232.0,232.0
2296.0,538.0,532.0,535.0,229.0,232.0,230.0
2324.0,546.0,535.0,546.0,232.0,232.0,233.0
2334.0,541.0,549.0,540.0,234.0,232.0,238.0
2301.0,533.0,539.0,532.0,228.0,234.0,235.0
2325.0,541.0,540.0,545.0,231.0,231.0,237.0
2295.0,533.0,530.0,543.0,227.0,231.0,231.0
2305.0,532.0,538.0,540.0,228.0,233.0,234.0
2294.0,529.0,529.0,544.0,227.0,228.0,237.0
2314.0,527.0,543.0,550.0,227.0,233.0,234.0
2301.0,535.0,534.0,541.0,226.0,232.0,233.0
2305.0,530.0,536.0,542.0,231.0,233.0,233.0
2305.0,533.0,543.0,534.0,232.0,232.0,231.0
2326.0,545.0,545.0,541.0,230.0,235.0,230.0
2303.0,535.0,541.0,537.0,229.0,232.0,229.0
2313.0,537.0,539.0,542.0,226.0,233.0,236.0
2317.0,547.0,535.0,540.0,229.0,233.0,233.0
2311.0,541.0,543.0,538.0,232.0,229.0,228.0
2290.0,538.0,532.0,539.0,225.0,228.0,228.0
2288.0,535.0,536.0,535.0,226.0,226.0,230.0
2292.0,539.0,526.0,539.0,227.0,231.0,230.0
2309.0,537.0,535.0,546.0,228.0,232.0,231.0
2277.0,533.0,527.0,532.0,225.0,228.0,232.0
2284.0,534.0,532.0,533.0,229.0,229.0,227.0
2300.0,535.0,539.0,540.0,226.0,230.0,230.0
2292.0,540.0,529.0,532.0,229.0,231.0,231.0
2312.0,548.0,539.0,528.0,231.0,236.0,230.0
2284.0,525.0,531.0,541.0,229.0,229.0,229.0
2288.0,529.0,525.0,544.0,232.0,228.0,230.0
2293.0,537.0,539.0,531.0,228.0,233.0,225.0
2311.0,533.0,546.0,542.0,231.0,230.0,229.0
2299.0,540.0,535.0,525.0,235.0,231.0,233.0
2303.0,529.0,540.0,540.0,231.0,236.0,227.0
2301.0,535.0,537.0,536.0,236.0,227.0,230.0
2300.0,535.0,537.0,531.0,233.0,227.0,237.0
2326.0,540.0,551.0,535.0,231.0,234.0,235.0
2314.0,541.0,534.0,538.0,235.0,233.0,233.0
2316.0,535.0,542.0,543.0,235.0,228.0,233.0
2324.0,540.0,537.0,547.0,236.0,231.0,233.0
2337.0,552.0,537.0,542.0,237.0,235.0,234.0
2340.0,547.0,545.0,547.0,235.0,232.0,234.0
2344.0,551.0,540.0,544.0,237.0,236.0,236.0
2367.0,556.0,550.0,547.0,239.0,237.0,238.0
2378.0,561.0,549.0,554.0,242.0,235.0,237.0
2380.0,554.0,552.0,557.0,241.0,237.0,239.0
2376.0,556.0,550.0,553.0,239.0,239.0,239.0
2392.0,567.0,556.0,554.0,242.0,238.0,235.0
2396.0,566.0,554.0,557.0,238.0,240.0,241.0
2407.0,567.0,558.0,559.0,242.0,238.0,243.0
2396.0,563.0,559.0,553.0,243.0,238.0,240.0
2416.0,569.0,555.0,568.0,244.0,241.0,239.0
2419.0,569.0,560.0,567.0,242.0,241.0,240.0
2421.0,567.0,563.0,568.0,242.0,239.0,242.0
2416.0,566.0,555.0,574.0,240.0,240.0,241.0
2440.0,561.0,580.0,574.0,245.0,242.0,238.0
2423.0,555.0,573.0,576.0,238.0,242.0,239.0
2421.0,557.0,572.0,568.0,242.0,241.0,241.0
2440.0,569.0,578.0,569.0,241.0,241.0,242.0
2420.0,567.0,560.0,572.0,242.0,238.0,241.0
2421.0,558.0,572.0,562.0,243.0,243.0,243.0
2401.0,557.0,560.0,563.0,241.0,238.0,242.0
2414.0,562.0,567.0,565.0,240.0,241.0,239.0
2406.0,558.0,566.0,563.0,241.0,239.0,239.0
2395.0,553.0,557.0,571.0,237.0,240.0,237.0
2401.0,563.0,565.0,558.0,237.0,239.0,239.0
2422.0,565.0,571.0,570.0,237.0,242.0,237.0
2398.0,551.0,565.0,563.0,239.0,243.0,237.0
2395.0,558.0,560.0,560.0,238.0,240.0,239.0
2401.0,560.0,558.0,567.0,238.0,239.0,239.0
2387.0,564.0,551.0,560.0,237.0,239.0,236.0
2390.0,561.0,554.0,563.0,235.0,241.0,236.0
2391.0,560.0,559.0,558.0,237.0,241.0,236.0
2388.0,561.0,556.0,560.0,232.0,242.0,237.0
2400.0,564.0,562.0,555.0,238.0,241.0,240.0
2370.0,558.0,552.0,546.0,238.0,240.0,236.0
2373.0,558.0,547.0,551.0,240.0,239.0,238.0
2398.0,568.0,556.0,555.0,241.0,240.0,238.0
2391.0,557.0,557.0,558.0,240.0,244.0,235.0
2383.0,557.0,550.0,555.0,242.0,238.0,241.0
2381.0,549.0,557.0,559.0,237.0,242.0,237.0
2393.0,560.0,558.0,552.0,242.0,242.0,239.0
2392.0,560.0,552.0,555.0,242.0,243.0,240.0
2382.0,556.0,558.0,551.0,238.0,241.0,238.0
2402.0,559.0,561.0,559.0,240.0,241.0,242.0
2410.0,563.0,558.0,562.0,241.0,242.0,244.0
2410.0,560.0,562.0,563.0,241.0,243.0,241.0
2405.0,561.0,567.0,553.0,241.0,241.0,242.0
2415.0,559.0,566.0,564.0,240.0,244.0,242.0
2446.0,571.0,575.0,564.0,246.0,244.0,246.0
2438.0,565.0,570.0,569.0,242.0,248.0,244.0
2433.0,562.0,568.0,563.0,246.0,244.0,250.0
2462.0,574.0,575.0,570.0,247.0,245.0,251.0
2472.0,582.0,568.0,570.0,251.0,249.0,252.0
2476.0,575.0,584.0,573.0,250.0,247.0,247.0
2474.0,577.0,587.0,568.0,243.0,250.0,249.0
2502.0,579.0,586.0,586.0,253.0,248.0,250.0
2482.0,579.0,580.0,578.0,247.0,247.0,251.0
2493.0,584.0,581.0,581.0,249.0,248.0,250.0
2502.0,582.0,587.0,573.0,253.0,251.0,256.0
2506.0,584.0,594.0,579.0,250.0,248.0,251.0
2517.0,583.0,592.0,590.0,251.0,247.0,254.0
2518.0,587.0,588.0,586.0,254.0,249.0,254.0
2508.0,582.0,584.0,584.0,252.0,253.0,253.0
2508.0,582.0,587.0,589.0,252.0,248.0,250.0
2512.0,579.0,595.0,586.0,251.0,247.0,254.0
2516.0,592.0,581.0,587.0,252.0,252.0,252.0
2506.0,587.0,581.0,587.0,252.0,248.0,251.0
2510.0,577.0,583.0,594.0,249.0,251.0,256.0
2502.0,580.0,582.0,587.0,251.0,249.0,253.0
2532.0,583.0,588.0,600.0,251.0,251.0,259.0
2521.0,581.0,593.0,586.0,257.0,250.0,254.0
2511.0,577.0,587.0,595.0,250.0,249.0,253.0
2532.0,591.0,580.0,600.0,253.0,253.0,255.0
2508.0,583.0,578.0,585.0,254.0,252.0,256.0
2502.0,585.0,581.0,590.0,249.0,248.0,249.0
2491.0,584.0,580.0,584.0,249.0,245.0,249.0
2500.0,589.0,582.0,583.0,251.0,249.0,246.0
2495.0,575.0,578.0,593.0,249.0,249.0,251.0
2508.0,593.0,580.0,588.0,249.0,249.0,249.0
2498.0,592.0,577.0,583.0,249.0,247.0,250.0
2494.0,589.0,577.0,580.0,247.0,250.0,251.0
2508.0,597.0,581.0,585.0,248.0,249.0,248.0
2488.0,585.0,584.0,577.0,250.0,244.0,248.0
2491.0,591.0,577.0,583.0,244.0,248.0,248.0
2504.0,584.0,589.0,586.0,248.0,248.0,249.0
2506.0,594.0,585.0,582.0,248.0,249.0,248.0
2476.0,583.0,577.0,573.0,245.0,248.0,250.0
2475.0,580.0,585.0,569.0,247.0,249.0,245.0
2500.0,594.0,584.0,579.0,247.0,249.0,247.0
2482.0,580.0,584.0,579.0,246.0,246.0,247.0
2478.0,582.0,585.0,564.0,250.0,250.0,247.0
2492.0,582.0,587.0,578.0,249.0,248.0,248.0
2496.0,578.0,586.0,580.0,248.0,254.0,250.0
2501.0,587.0,593.0,570.0,250.0,253.0,248.0
2493.0,583.0,583.0,580.0,249.0,251.0,247.0
2504.0,582.0,594.0,574.0,249.0,251.0,254.0
2509.0,572.0,594.0,585.0,253.0,254.0,251.0
2530.0,589.0,595.0,593.0,252.0,252.0,249.0
2509.0,582.0,592.0,579.0,252.0,253.0,251.0
2517.0,582.0,594.0,584.0,257.0,251.0,249.0
2540.0,592.0,599.0,589.0,254.0,256.0,250.0
2545.0,592.0,596.0,589.0,260.0,255.0,253.0
2530.0,585.0,592.0,584.0,259.0,259.0,251.0
2570.0,607.0,597.0,597.0,258.0,255.0,256.0
2563.0,593.0,603.0,593.0,260.0,259.0,255.0
2556.0,589.0,600.0,598.0,255.0,259.0,255.0
2580.0,599.0,605.0,597.0,262.0,259.0,258.0
2595.0,612.0,597.0,609.0,261.0,260.0,256.0
2596.0,606.0,605.0,605.0,261.0,261.0,258.0
2596.0,609.0,600.0,602.0,262.0,265.0,258.0
2628.0,615.0,610.0,610.0,265.0,266.0,262.0
2619.0,611.0,607.0,616.0,263.0,262.0,260.0
2607.0,608.0,603.0,611.0,262.0,263.0,260.0
2632.0,612.0,610.0,621.0,266.0,261.0,262.0
2636.0,617.0,611.0,618.0,262.0,264.0,264.0
2619.0,617.0,606.0,612.0,259.0,263.0,262.0
2632.0,607.0,609.0,621.0,267.0,263.0,265.0
2603.0,610.0,603.0,609.0,260.0,263.0,258.0
2657.0,616.0,625.0,616.0,264.0,269.0,267.0
2615.0,605.0,609.0,619.0,261.0,260.0,261.0
2638.0,608.0,616.0,624.0,264.0,264.0,262.0
2618.0,603.0,614.0,613.0,263.0,263.0,262.0
2628.0,603.0,621.0,614.0,266.0,262.0,262.0
2630.0,608.0,613.0,618.0,265.0,264.0,262.0
2612.0,601.0,618.0,610.0,261.0,262.0,260.0
2644.0,614.0,626.0,617.0,263.0,262.0,262.0
2636.0,610.0,619.0,618.0,263.0,262.0,264.0
2618.0,611.0,616.0,608.0,261.0,259.0,263.0
2613.0,606.0,617.0,606.0,260.0,261.0,263.0
2598.0,605.0,608.0,608.0,258.0,256.0,263.0
2623.0,610.0,615.0,614.0,261.0,258.0,265.0
2611.0,609.0,618.0,605.0,260.0,259.0,260.0
2615.0,611.0,617.0,604.0,260.0,261.0,262.0
2584.0,612.0,599.0,603.0,258.0,255.0,257.0
2610.0,616.0,608.0,605.0,258.0,262.0,261.0
2595.0,612.0,608.0,596.0,258.0,260.0,261.0
2628.0,622.0,608.0,608.0,261.0,262.0,267.0
2552.0,603.0,593.0,587.0,255.0,255.0,259.0
2592.0,611.0,598.0,603.0,258.0,260.0,262.0
2590.0,608.0,608.0,598.0,256.0,256.0,264.0
2580.0,609.0,603.0,592.0,258.0,255.0,263.0
2577.0,604.0,591.0,606.0,258.0,256.0,262.0
2591.0,612.0,607.0,600.0,254.0,254.0,264.0
2592.0,610.0,604.0,600.0,257.0,258.0,263.0
2600.0,611.0,602.0,602.0,257.0,262.0,266.0
2583.0,600.0,597.0,602.0,262.0,260.0,262.0
2594.0,604.0,607.0,602.0,259.0,261.0,261.0
2607.0,605.0,605.0,614.0,258.0,260.0,265.0
2601.0,606.0,607.0,608.0,258.0,260.0,262.0
2603.0,603.0,601.0,612.0,263.0,262.0,262.0
2610.0,608.0,600.0,614.0,262.0,263.0,263.0
2625.0,608.0,615.0,611.0,263.0,264.0,264.0
2623.0,610.0,606.0,614.0,265.0,261.0,267.0
2626.0,610.0,611.0,611.0,266.0,265.0,263.0
2638.0,615.0,615.0,616.0,263.0,263.0,266.0
2660.0,623.0,623.0,621.0,265.0,262.0,266.0
2690.0,622.0,625.0,634.0,271.0,267.0,271.0
2698.0,628.0,631.0,634.0,270.0,267.0,268.0
2699.0,626.0,635.0,632.0,270.0,268.0,268.0
2709.0,634.0,634.0,631.0,269.0,269.0,272.0
2703.0,632.0,628.0,632.0,268.0,276.0,267.0
2716.0,634.0,639.0,635.0,270.0,271.0,267.0
2698.0,627.0,627.0,637.0,272.0,270.0,265.0
2723.0,637.0,635.0,635.0,274.0,273.0,269.0
2718.0,632.0,639.0,640.0,270.0,271.0,266.0
2754.0,641.0,642.0,649.0,274.0,278.0,270.0
2712.0,635.0,630.0,629.0,274.0,273.0,271.0
2751.0,638.0,649.0,643.0,275.0,275.0,271.0
2742.0,633.0,642.0,643.0,274.0,277.0,273.0
2750.0,643.0,648.0,638.0,276.0,276.0,269.0
2738.0,639.0,639.0,639.0,275.0,274.0,272.0
2738.0,639.0,646.0,635.0,274.0,276.0,268.0
2756.0,648.0,639.0,643.0,279.0,277.0,270.0
2732.0,633.0,637.0,638.0,277.0,274.0,273.0
2730.0,638.0,636.0,635.0,276.0,273.0,272.0
2719.0,630.0,637.0,636.0,274.0,275.0,267.0
2720.0,634.0,628.0,640.0,276.0,274.0,268.0
2737.0,636.0,640.0,639.0,275.0,275.0,272.0
2714.0,632.0,630.0,634.0,272.0,275.0,271.0
2716.0,633.0,626.0,635.0,274.0,275.0,273.0
2705.0,631.0,632.0,625.0,273.0,274.0,270.0
2699.0,633.0,620.0,632.0,272.0,277.0,265.0
2697.0,633.0,629.0,624.0,268.0,274.0,269.0
2718.0,644.0,627.0,630.0,271.0,276.0,270.0
2706.0,632.0,631.0,631.0,268.0,276.0,268.0
2680.0,624.0,627.0,631.0,267.0,265.0,266.0
2699.0,633.0,642.0,612.0,270.0,273.0,269.0
2702.0,638.0,618.0,632.0,269.0,273.0,272.0
2687.0,636.0,624.0,621.0,268.0,269.0,269.0
2704.0,634.0,636.0,626.0,266.0,273.0,269.0
2702.0,640.0,624.0,631.0,268.0,269.0,270.0
2694.0,639.0,629.0,620.0,268.0,271.0,267.0
2690.0,632.0,628.0,623.0,269.0,268.0,270.0
2704.0,632.0,630.0,632.0,272.0,269.0,269.0
2694.0,627.0,638.0,623.0,266.0,266.0,274.0
2692.0,628.0,633.0,623.0,267.0,268.0,273.0
2714.0,632.0,635.0,634.0,270.0,270.0,273.0
2710.0,625.0,644.0,629.0,271.0,269.0,272.0
2714.0,628.0,635.0,635.0,270.0,270.0,276.0
2713.0,629.0,638.0,636.0,266.0,270.0,274.0
2708.0,629.0,637.0,631.0,267.0,269.0,275.0
2739.0,631.0,650.0,641.0,271.0,271.0,275.0
2730.0,636.0,640.0,638.0,271.0,270.0,275.0
2730.0,631.0,636.0,644.0,274.0,270.0,275.0
2746.0,635.0,648.0,643.0,273.0,273.0,274.0
2740.0,640.0,639.0,643.0,272.0,272.0,274.0
2764.0,641.0,643.0,650.0,279.0,274.0,277.0
2779.0,643.0,647.0,656.0,276.0,276.0,281.0
2780.0,650.0,647.0,653.0,276.0,277.0,277.0
2780.0,650.0,641.0,659.0,277.0,273.0,280.0
2787.0,652.0,649.0,652.0,276.0,277.0,281.0
2787.0,651.0,643.0,658.0,280.0,276.0,279.0
2813.0,659.0,651.0,661.0,280.0,278.0,284.0
2798.0,657.0,644.0,657.0,281.0,275.0,284.0
2807.0,656.0,649.0,663.0,279.0,278.0,282.0
2823.0,659.0,659.0,660.0,286.0,278.0,281.0
2813.0,656.0,649.0,664.0,279.0,281.0,284.0
2826.0,658.0,655.0,663.0,283.0,282.0,285.0
2814.0,653.0,659.0,656.0,285.0,278.0,283.0
2831.0,659.0,661.0,662.0,287.0,278.0,284.0
2841.0,670.0,661.0,660.0,286.0,280.0,284.0
2817.0,658.0,655.0,651.0,283.0,284.0,286.0
2849.0,665.0,664.0,668.0,287.0,281.0,284.0
2820.0,657.0,654.0,656.0,284.0,285.0,284.0
2820.0,652.0,665.0,656.0,281.0,285.0,281.0
2832.0,663.0,659.0,656.0,285.0,285.0,284.0
2821.0,659.0,652.0,651.0,284.0,285.0,290.0
2817.0,646.0,670.0,653.0,284.0,283.0,281.0
2818.0,657.0,655.0,659.0,284.0,277.0,286.0
2815.0,651.0,663.0,652.0,284.0,281.0,284.0
2835.0,654.0,664.0,655.0,285.0,291.0,286.0
2836.0,660.0,667.0,653.0,286.0,284.0,286.0
2825.0,657.0,660.0,657.0,285.0,283.0,283.0
2836.0,665.0,662.0,659.0,286.0,282.0,282.0
2834.0,662.0,663.0,663.0,281.0,282.0,283.0
2839.0,653.0,678.0,654.0,287.0,282.0,285.0
2833.0,659.0,665.0,659.0,282.0,288.0,280.0
2815.0,660.0,660.0,646.0,282.0,285.0,282.0
2811.0,656.0,660.0,653.0,280.0,282.0,280.0
2847.0,663.0,668.0,660.0,284.0,287.0,285.0
2830.0,663.0,667.0,660.0,279.0,281.0,280.0
2811.0,660.0,657.0,650.0,280.0,282.0,282.0
2803.0,655.0,655.0,650.0,280.0,283.0,280.0
2800.0,660.0,655.0,649.0,278.0,281.0,277.0
2811.0,657.0,656.0,650.0,285.0,282.0,281.0
2805.0,652.0,660.0,653.0,278.0,283.0,279.0
2819.0,656.0,662.0,656.0,283.0,283.0,279.0
2804.0,654.0,656.0,653.0,281.0,282.0,278.0
2807.0,654.0,661.0,651.0,280.0,285.0,276.0
2823.0,656.0,655.0,667.0,280.0,281.0,284.0
2815.0,649.0,660.0,663.0,282.0,284.0,277.0
2816.0,652.0,656.0,666.0,283.0,281.0,278.0
2819.0,650.0,653.0,663.0,280.0,290.0,283.0
2815.0,651.0,653.0,665.0,281.0,285.0,280.0
2827.0,658.0,657.0,660.0,283.0,286.0,283.0
2823.0,651.0,658.0,664.0,285.0,286.0,279.0
2841.0,663.0,663.0,660.0,283.0,286.0,286.0
2857.0,674.0,666.0,664.0,283.0,284.0,286.0
2863.0,667.0,664.0,673.0,283.0,288.0,288.0
2855.0,661.0,668.0,670.0,285.0,286.0,285.0
2886.0,672.0,671.0,678.0,290.0,290.0,285.0
2861.0,663.0,668.0,675.0,286.0,285.0,284.0
2877.0,672.0,669.0,674.0,287.0,290.0,285.0
2924.0,681.0,684.0,693.0,287.0,290.0,289.0
2916.0,685.0,686.0,679.0,291.0,286.0,289.0
2912.0,680.0,679.0,687.0,287.0,290.0,289.0
2924.0,685.0,685.0,681.0,294.0,287.0,292.0
2920.0,690.0,683.0,680.0,291.0,288.0,288.0
2941.0,695.0,684.0,688.0,292.0,291.0,291.0
2932.0,681.0,688.0,686.0,294.0,293.0,290.0
2920.0,683.0,688.0,679.0,290.0,289.0,291.0
2938.0,688.0,690.0,683.0,292.0,293.0,292.0
2938.0,676.0,691.0,689.0,294.0,294.0,294.0
2936.0,683.0,690.0,684.0,293.0,292.0,294.0
2924.0,682.0,683.0,675.0,296.0,295.0,293.0
2928.0,681.0,686.0,680.0,296.0,291.0,294.0
2928.0,676.0,691.0,682.0,295.0,289.0,295.0
2935.0,680.0,692.0,678.0,298.0,293.0,294.0
2947.0,679.0,697.0,685.0,299.0,293.0,294.0
2933.0,685.0,690.0,676.0,295.0,293.0,294.0
2935.0,680.0,685.0,685.0,297.0,290.0,298.0
2941.0,680.0,684.0,691.0,296.0,293.0,297.0
2917.0,677.0,684.0,681.0,295.0,287.0,293.0
2914.0,684.0,681.0,675.0,295.0,288.0,291.0
2910.0,670.0,677.0,676.0,298.0,293.0,296.0
2919.0,680.0,679.0,679.0,297.0,290.0,294.0
2925.0,687.0,681.0,682.0,293.0,292.0,290.0
2922.0,681.0,680.0,681.0,294.0,293.0,293.0
2907.0,676.0,673.0,682.0,292.0,289.0,295.0
2909.0,682.0,672.0,677.0,292.0,290.0,296.0
2922.0,686.0,679.0,678.0,295.0,291.0,293.0
2906.0,681.0,676.0,671.0,295.0,291.0,292.0
2914.0,679.0,681.0,683.0,291.0,288.0,292.0
2923.0,682.0,678.0,687.0,292.0,289.0,295.0
2898.0,679.0,672.0,680.0,287.0,287.0,293.0
2930.0,679.0,685.0,691.0,292.0,293.0,290.0
2910.0,672.0,674.0,689.0,292.0,292.0,291.0
2925.0,678.0,684.0,687.0,293.0,291.0,292.0
2896.0,678.0,672.0,673.0,291.0,288.0,294.0
2917.0,676.0,682.0,682.0,291.0,292.0,294.0
2920.0,680.0,674.0,691.0,290.0,292.0,293.0
2937.0,682.0,688.0,687.0,290.0,294.0,296.0
2926.0,682.0,678.0,690.0,291.0,290.0,295.0
2928.0,688.0,681.0,688.0,289.0,290.0,292.0
2938.0,682.0,684.0,689.0,295.0,295.0,293.0
2927.0,673.0,684.0,687.0,292.0,295.0,296.0
2923.0,669.0,676.0,692.0,295.0,295.0,296.0
2961.0,681.0,699.0,698.0,292.0,297.0,294.0
2959.0,685.0,691.0,696.0,295.0,296.0,296.0
2953.0,682.0,689.0,697.0,293.0,296.0,296.0
2983.0,690.0,701.0,700.0,298.0,299.0,295.0
2961.0,684.0,701.0,689.0,295.0,295.0,297.0
2990.0,697.0,699.0,698.0,298.0,302.0,296.0
3003.0,698.0,701.0,702.0,301.0,299.0,302.0
2999.0,703.0,697.0,698.0,300.0,301.0,300.0
3003.0,694.0,704.0,703.0,299.0,303.0,300.0
2981.0,700.0,696.0,689.0,297.0,301.0,298.0
3001.0,703.0,710.0,691.0,298.0,300.0,299.0
3000.0,701.0,703.0,701.0,299.0,298.0,298.0
3033.0,719.0,708.0,702.0,301.0,304.0,299.0
3019.0,708.0,702.0,703.0,302.0,302.0,302.0
3038.0,717.0,702.0,706.0,305.0,304.0,304.0
3023.0,706.0,705.0,706.0,300.0,305.0,301.0
3021.0,708.0,699.0,706.0,303.0,305.0,300.0
3053.0,717.0,711.0,708.0,306.0,309.0,302.0
3026.0,709.0,700.0,705.0,303.0,306.0,303.0
3013.0,706.0,703.0,695.0,305.0,304.0,300.0
3020.0,708.0,700.0,701.0,303.0,304.0,304.0
3016.0,697.0,706.0,703.0,305.0,303.0,302.0
3030.0,706.0,700.0,711.0,307.0,303.0,303.0
3022.0,702.0,706.0,704.0,305.0,300.0,305.0
3013.0,704.0,703.0,705.0,303.0,298.0,300.0
3014.0,702.0,697.0,714.0,303.0,301.0,297.0
3040.0,706.0,703.0,717.0,307.0,306.0,301.0
3032.0,703.0,706.0,709.0,308.0,304.0,302.0
3024.0,706.0,703.0,704.0,307.0,303.0,301.0
3043.0,709.0,709.0,713.0,306.0,306.0,300.0
3024.0,706.0,698.0,706.0,308.0,303.0,303.0
3020.0,701.0,707.0,712.0,304.0,298.0,298.0
3021.0,703.0,702.0,706.0,305.0,304.0,301.0
3024.0,710.0,700.0,707.0,306.0,300.0,301.0
3038.0,712.0,706.0,710.0,305.0,302.0,303.0
3021.0,709.0,704.0,706.0,303.0,300.0,299.0
3036.0,714.0,705.0,714.0,303.0,300.0,300.0
3021.0,705.0,711.0,704.0,303.0,298.0,300.0
3027.0,710.0,712.0,708.0,300.0,298.0,299.0
3014.0,700.0,707.0,710.0,302.0,296.0,299.0
3022.0,704.0,705.0,713.0,303.0,296.0,301.0
3032.0,709.0,713.0,708.0,302.0,301.0,299.0
3015.0,711.0,701.0,702.0,300.0,299.0,302.0
3029.0,702.0,707.0,706.0,305.0,304.0,305.0
3013.0,704.0,693.0,710.0,302.0,303.0,301.0
3032.0,708.0,706.0,709.0,303.0,302.0,304.0
3001.0,692.0,700.0,705.0,303.0,300.0,301.0
3043.0,705.0,712.0,715.0,306.0,301.0,304.0
3038.0,703.0,707.0,712.0,304.0,305.0,307.0
3036.0,704.0,709.0,711.0,303.0,304.0,305.0
3048.0,706.0,719.0,709.0,305.0,305.0,304.0
3038.0,707.0,709.0,707.0,304.0,304.0,307.0
3024.0,702.0,704.0,710.0,302.0,302.0,304.0
3037.0,710.0,701.0,714.0,305.0,301.0,306.0
3036.0,709.0,701.0,709.0,305.0,308.0,304.0
3038.0,705.0,714.0,710.0,304.0,303.0,302.0
3076.0,724.0,713.0,717.0,308.0,305.0,309.0
3088.0,725.0,717.0,714.0,308.0,312.0,312.0
3079.0,715.0,714.0,727.0,306.0,307.0,310.0
3087.0,721.0,714.0,721.0,310.0,311.0,310.0
3110.0,732.0,718.0,729.0,303.0,315.0,313.0
3093.0,725.0,723.0,715.0,307.0,311.0,312.0
3100.0,722.0,722.0,724.0,309.0,313.0,310.0
3113.0,735.0,721.0,723.0,309.0,315.0,310.0
3131.0,735.0,727.0,731.0,308.0,312.0,318.0
3127.0,742.0,728.0,725.0,310.0,310.0,312.0
3135.0,737.0,737.0,719.0,311.0,314.0,317.0
3143.0,735.0,733.0,726.0,313.0,320.0,316.0
3149.0,747.0,737.0,726.0,313.0,316.0,310.0
3133.0,734.0,731.0,726.0,311.0,314.0,317.0
3124.0,727.0,730.0,721.0,312.0,318.0,316.0
3160.0,733.0,742.0,735.0,314.0,320.0,316.0
3165.0,738.0,741.0,734.0,316.0,317.0,319.0
3140.0,726.0,740.0,732.0,314.0,314.0,314.0
3148.0,727.0,739.0,730.0,316.0,318.0,318.0
3158.0,732.0,747.0,734.0,313.0,315.0,317.0
3148.0,717.0,742.0,743.0,313.0,316.0,317.0
3165.0,727.0,739.0,745.0,316.0,321.0,317.0
3144.0,731.0,734.0,732.0,314.0,316.0,317.0
3137.0,726.0,735.0,728.0,316.0,321.0,311.0
3145.0,725.0,743.0,732.0,316.0,313.0,316.0
3157.0,740.0,739.0,737.0,316.0,313.0,312.0
3125.0,721.0,733.0,734.0,312.0,312.0,313.0
3150.0,729.0,742.0,737.0,314.0,314.0,314.0
3125.0,726.0,729.0,737.0,308.0,312.0,313.0
3120.0,729.0,727.0,731.0,313.0,309.0,311.0
3136.0,729.0,730.0,736.0,321.0,311.0,309.0
3132.0,733.0,730.0,731.0,314.0,313.0,311.0
3137.0,735.0,720.0,739.0,316.0,313.0,314.0
3132.0,735.0,723.0,737.0,314.0,310.0,313.0
3135.0,733.0,728.0,739.0,313.0,311.0,311.0
3124.0,724.0,730.0,734.0,316.0,311.0,309.0
3122.0,733.0,722.0,727.0,318.0,313.0,309.0
3114.0,723.0,720.0,735.0,313.0,312.0,311.0
3086.0,719.0,716.0,719.0,313.0,311.0,308.0
3123.0,735.0,723.0,731.0,317.0,306.0,311.0
3118.0,722.0,725.0,736.0,315.0,308.0,312.0
3111.0,728.0,727.0,724.0,312.0,309.0,311.0
3109.0,722.0,723.0,727.0,315.0,311.0,311.0
3128.0,723.0,724.0,744.0,315.0,310.0,312.0
3102.0,724.0,728.0,725.0,309.0,309.0,307.0
3139.0,727.0,734.0,739.0,316.0,311.0,312.0
3134.0,731.0,733.0,736.0,314.0,312.0,308.0
3138.0,734.0,729.0,733.0,315.0,315.0,312.0
3133.0,733.0,731.0,731.0,314.0,310.0,314.0
3152.0,731.0,744.0,735.0,317.0,314.0,311.0
3164.0,738.0,745.0,741.0,314.0,311.0,315.0
3178.0,749.0,745.0,733.0,318.0,317.0,316.0
3190.0,748.0,748.0,741.0,317.0,316.0,320.0
3183.0,746.0,747.0,737.0,317.0,320.0,316.0
3206.0,748.0,759.0,746.0,316.0,322.0,315.0
3206.0,763.0,740.0,741.0,321.0,319.0,322.0
3195.0,758.0,749.0,738.0,315.0,317.0,318.0
3193.0,750.0,739.0,744.0,318.0,320.0,322.0
3220.0,759.0,758.0,745.0,319.0,319.0,320.0
3248.0,761.0,765.0,754.0,323.0,325.0,320.0
3231.0,759.0,757.0,749.0,320.0,322.0,324.0
3222.0,757.0,755.0,747.0,323.0,321.0,319.0
3221.0,757.0,756.0,744.0,320.0,320.0,324.0
3259.0,766.0,766.0,757.0,321.0,324.0,325.0
3223.0,757.0,745.0,750.0,323.0,322.0,326.0
3239.0,759.0,755.0,758.0,322.0,321.0,324.0
3271.0,769.0,763.0,759.0,326.0,329.0,325.0
3241.0,758.0,754.0,757.0,324.0,324.0,324.0
3248.0,760.0,754.0,759.0,325.0,325.0,325.0
3248.0,760.0,751.0,765.0,321.0,325.0,326.0
3243.0,764.0,755.0,749.0,321.0,328.0,326.0
3250.0,760.0,755.0,763.0,324.0,325.0,323.0
3277.0,760.0,764.0,769.0,329.0,328.0,327.0
3240.0,752.0,751.0,759.0,326.0,327.0,325.0
3224.0,747.0,748.0,758.0,323.0,325.0,323.0
3244.0,756.0,754.0,760.0,323.0,327.0,324.0
3233.0,747.0,756.0,758.0,322.0,324.0,326.0
3251.0,754.0,755.0,762.0,325.0,329.0,326.0
3252.0,759.0,753.0,760.0,325.0,329.0,326.0
3245.0,756.0,757.0,758.0,323.0,326.0,325.0
3236.0,756.0,747.0,758.0,325.0,325.0,325.0
3236.0,754.0,752.0,762.0,324.0,323.0,321.0
3240.0,761.0,752.0,753.0,326.0,325.0,323.0
3236.0,758.0,756.0,749.0,324.0,322.0,327.0
3240.0,761.0,743.0,760.0,323.0,327.0,326.0
3235.0,759.0,754.0,753.0,324.0,321.0,324.0
3253.0,759.0,754.0,760.0,328.0,328.0,324.0
3233.0,753.0,753.0,753.0,324.0,326.0,324.0
3234.0,754.0,758.0,748.0,324.0,325.0,325.0
3239.0,757.0,757.0,754.0,326.0,325.0,320.0
3248.0,757.0,767.0,750.0,326.0,324.0,324.0
3233.0,747.0,759.0,751.0,322.0,327.0,327.0
3222.0,758.0,748.0,744.0,326.0,325.0,321.0
3209.0,748.0,752.0,740.0,327.0,320.0,322.0
3233.0,752.0,757.0,755.0,324.0,322.0,323.0
3237.0,749.0,760.0,750.0,327.0,327.0,324.0
3245.0,755.0,765.0,750.0,326.0,323.0,326.0
3198.0,743.0,746.0,746.0,319.0,323.0,321.0
3247.0,753.0,762.0,756.0,326.0,323.0,327.0
3231.0,753.0,761.0,742.0,324.0,325.0,326.0
3255.0,753.0,761.0,769.0,324.0,323.0,325.0
3245.0,752.0,758.0,756.0,330.0,325.0,324.0
3265.0,758.0,760.0,765.0,328.0,327.0,327.0
3240.0,754.0,756.0,750.0,327.0,325.0,328.0
3287.0,769.0,772.0,760.0,330.0,327.0,329.0
3273.0,772.0,760.0,759.0,326.0,328.0,328.0
3291.0,768.0,770.0,767.0,327.0,332.0,327.0
3282.0,766.0,765.0,768.0,332.0,326.0,325.0
3291.0,771.0,766.0,764.0,328.0,327.0,335.0
3325.0,782.0,778.0,769.0,331.0,334.0,331.0
3307.0,780.0,768.0,768.0,330.0,330.0,331.0
3325.0,778.0,776.0,780.0,331.0,331.0,329.0
3327.0,784.0,770.0,777.0,332.0,332.0,332.0
3327.0,776.0,775.0,781.0,332.0,332.0,331.0
3324.0,779.0,772.0,776.0,331.0,333.0,333.0
3347.0,785.0,772.0,784.0,335.0,336.0,335.0
3339.0,781.0,774.0,786.0,334.0,330.0,334.0
3342.0,780.0,783.0,779.0,332.0,335.0,333.0
3344.0,772.0,784.0,789.0,335.0,332.0,332.0
3351.0,783.0,782.0,785.0,336.0,335.0,330.0
3361.0,782.0,782.0,795.0,331.0,335.0,336.0
3346.0,773.0,786.0,787.0,334.0,334.0,332.0
3349.0,782.0,789.0,787.0,330.0,332.0,329.0
3356.0,779.0,786.0,783.0,336.0,336.0,336.0
3353.0,778.0,785.0,790.0,335.0,332.0,333.0
3340.0,781.0,779.0,781.0,331.0,334.0,334.0
3343.0,774.0,783.0,786.0,330.0,335.0,335.0
3342.0,780.0,781.0,781.0,332.0,333.0,335.0
3330.0,779.0,779.0,774.0,330.0,333.0,335.0
3359.0,783.0,787.0,787.0,337.0,336.0,329.0
3367.0,786.0,792.0,786.0,336.0,331.0,336.0
3363.0,785.0,793.0,784.0,334.0,335.0,332.0
3346.0,777.0,785.0,787.0,334.0,332.0,331.0
3350.0,790.0,778.0,780.0,331.0,335.0,336.0
3342.0,775.0,782.0,788.0,334.0,331.0,332.0
3361.0,781.0,789.0,786.0,334.0,337.0,334.0
3316.0,773.0,770.0,773.0,333.0,334.0,333.0
3316.0,780.0,773.0,765.0,333.0,335.0,330.0
3315.0,784.0,762.0,774.0,333.0,330.0,332.0
3318.0,783.0,764.0,777.0,330.0,333.0,331.0
3350.0,783.0,784.0,782.0,333.0,333.0,335.0
3346.0,777.0,784.0,786.0,333.0,332.0,334.0
3330.0,774.0,775.0,776.0,336.0,337.0,332.0
3316.0,770.0,770.0,775.0,337.0,333.0,331.0
3323.0,781.0,770.0,774.0,335.0,330.0,333.0
3321.0,772.0,777.0,767.0,336.0,336.0,333.0
3331.0,780.0,773.0,773.0,333.0,337.0,335.0
3323.0,772.0,780.0,774.0,334.0,333.0,330.0
3334.0,776.0,779.0,774.0,335.0,336.0,334.0
3339.0,782.0,780.0,770.0,336.0,337.0,334.0
3331.0,774.0,777.0,778.0,332.0,336.0,334.0
3356.0,786.0,776.0,781.0,340.0,337.0,336.0
3350.0,772.0,785.0,777.0,339.0,338.0,339.0
3355.0,777.0,780.0,783.0,340.0,337.0,338.0
3344.0,775.0,777.0,780.0,336.0,339.0,337.0
3360.0,779.0,790.0,778.0,334.0,338.0,341.0
3408.0,795.0,797.0,795.0,340.0,341.0,340.0
3409.0,796.0,793.0,794.0,342.0,342.0,342.0
3420.0,798.0,800.0,792.0,341.0,342.0,347.0
3418.0,795.0,806.0,791.0,341.0,341.0,344.0
3422.0,795.0,789.0,804.0,344.0,345.0,345.0
3416.0,792.0,798.0,799.0,342.0,342.0,343.0
3427.0,804.0,804.0,789.0,344.0,342.0,344.0
3439.0,810.0,802.0,800.0,343.0,342.0,342.0
3435.0,803.0,801.0,799.0,341.0,344.0,347.0
3447.0,802.0,815.0,797.0,344.0,345.0,344.0
3450.0,801.0,819.0,798.0,343.0,344.0,345.0
3471.0,806.0,816.0,808.0,344.0,347.0,350.0
3474.0,816.0,817.0,805.0,346.0,343.0,347.0
3452.0,805.0,805.0,804.0,346.0,346.0,346.0
3460.0,802.0,809.0,814.0,345.0,344.0,346.0
3463.0,804.0,812.0,812.0,345.0,342.0,348.0
3461.0,803.0,813.0,811.0,341.0,344.0,349.0
3462.0,805.0,807.0,815.0,344.0,342.0,349.0
3468.0,802.0,816.0,811.0,345.0,344.0,350.0
3456.0,798.0,808.0,812.0,344.0,347.0,347.0
3453.0,799.0,807.0,814.0,343.0,344.0,346.0
3471.0,806.0,814.0,816.0,347.0,345.0,343.0
3449.0,805.0,806.0,807.0,341.0,343.0,347.0
3441.0,804.0,797.0,805.0,343.0,345.0,347.0
3430.0,800.0,796.0,806.0,343.0,342.0,343.0
3441.0,797.0,800.0,807.0,348.0,343.0,346.0
3441.0,798.0,798.0,814.0,342.0,343.0,346.0
3448.0,806.0,800.0,813.0,342.0,340.0,347.0
3430.0,798.0,796.0,807.0,346.0,343.0,340.0
3437.0,803.0,797.0,804.0,344.0,343.0,346.0
3435.0,802.0,798.0,808.0,340.0,344.0,343.0
3436.0,803.0,801.0,803.0,343.0,343.0,343.0
3439.0,812.0,797.0,795.0,346.0,344.0,345.0
3438.0,807.0,804.0,803.0,341.0,340.0,343.0
3418.0,810.0,787.0,793.0,342.0,341.0,345.0
3420.0,800.0,800.0,800.0,340.0,340.0,340.0
3429.0,808.0,799.0,799.0,342.0,341.0,340.0
3440.0,809.0,804.0,804.0,341.0,343.0,339.0
3397.0,784.0,805.0,790.0,338.0,342.0,338.0
3436.0,803.0,808.0,794.0,346.0,343.0,342.0
3420.0,803.0,800.0,793.0,343.0,339.0,342.0
3429.0,801.0,800.0,801.0,342.0,342.0,343.0
3429.0,798.0,809.0,790.0,345.0,344.0,343.0
3429.0,799.0,806.0,797.0,343.0,341.0,343.0
3434.0,794.0,806.0,803.0,345.0,342.0,344.0
3460.0,802.0,816.0,804.0,346.0,348.0,344.0
3452.0,795.0,814.0,806.0,350.0,346.0,341.0
3444.0,795.0,811.0,802.0,349.0,345.0,342.0
3462.0,808.0,812.0,807.0,344.0,345.0,346.0
3476.0,808.0,812.0,808.0,349.0,354.0,345.0
3447.0,802.0,801.0,808.0,347.0,345.0,344.0
3473.0,808.0,815.0,806.0,352.0,346.0,346.0
3506.0,825.0,819.0,814.0,350.0,351.0,347.0
3496.0,821.0,819.0,810.0,350.0,351.0,345.0
3482.0,813.0,811.0,812.0,349.0,349.0,348.0
3518.0,829.0,816.0,820.0,351.0,353.0,349.0
3516.0,822.0,818.0,820.0,351.0,354.0,351.0
3524.0,830.0,814.0,822.0,352.0,357.0,349.0
3527.0,823.0,819.0,826.0,354.0,356.0,349.0
3549.0,827.0,825.0,834.0,355.0,355.0,353.0
3549.0,835.0,823.0,828.0,354.0,355.0,354.0
3561.0,830.0,820.0,838.0,357.0,361.0,355.0
3559.0,831.0,825.0,837.0,355.0,356.0,355.0
3562.0,836.0,821.0,840.0,354.0,353.0,358.0
3548.0,827.0,819.0,836.0,353.0,358.0,355.0
3557.0,827.0,822.0,835.0,358.0,358.0,357.0
3561.0,832.0,825.0,837.0,355.0,358.0,354.0
3549.0,821.0,824.0,837.0,357.0,356.0,354.0
3561.0,826.0,838.0,831.0,358.0,356.0,352.0
3555.0,827.0,829.0,833.0,353.0,356.0,357.0
3568.0,823.0,832.0,840.0,356.0,358.0,359.0
3562.0,826.0,833.0,832.0,355.0,360.0,356.0
3555.0,830.0,828.0,827.0,354.0,359.0,357.0
3564.0,827.0,834.0,838.0,353.0,356.0,356.0
3562.0,824.0,836.0,829.0,358.0,355.0,360.0
3549.0,826.0,831.0,827.0,352.0,355.0,358.0
3561.0,834.0,834.0,829.0,351.0,358.0,355.0
3541.0,821.0,824.0,829.0,354.0,357.0,356.0
3549.0,828.0,835.0,821.0,356.0,350.0,359.0
3540.0,834.0,828.0,819.0,352.0,352.0,355.0
3539.0,827.0,828.0,825.0,354.0,352.0,353.0
3557.0,834.0,837.0,825.0,350.0,358.0,353.0
3540.0,829.0,831.0,820.0,354.0,351.0,355.0
3537.0,826.0,825.0,822.0,358.0,353.0,353.0
3556.0,835.0,832.0,822.0,353.0,356.0,358.0
3561.0,834.0,840.0,827.0,350.0,351.0,359.0
3525.0,827.0,820.0,820.0,352.0,351.0,355.0
3534.0,828.0,830.0,821.0,351.0,352.0,352.0
3519.0,820.0,825.0,817.0,353.0,351.0,353.0
3540.0,828.0,831.0,823.0,354.0,352.0,352.0
3514.0,820.0,822.0,817.0,351.0,349.0,355.0
3523.0,823.0,817.0,822.0,352.0,354.0,355.0
3521.0,827.0,814.0,818.0,352.0,355.0,355.0
3539.0,826.0,828.0,823.0,354.0,353.0,355.0
3538.0,826.0,822.0,828.0,354.0,353.0,355.0
3540.0,833.0,819.0,823.0,357.0,352.0,356.0
3542.0,832.0,826.0,823.0,353.0,351.0,357.0
3543.0,820.0,824.0,831.0,356.0,355.0,357.0
3531.0,819.0,819.0,827.0,354.0,353.0,359.0
3572.0,839.0,827.0,830.0,358.0,357.0,361.0
3564.0,825.0,831.0,833.0,361.0,355.0,359.0
3567.0,831.0,825.0,833.0,363.0,356.0,359.0
3570.0,839.0,835.0,823.0,360.0,357.0,356.0
3602.0,844.0,831.0,849.0,359.0,358.0,361.0
3606.0,838.0,836.0,851.0,363.0,358.0,360.0
3608.0,839.0,842.0,848.0,361.0,359.0,359.0
3592.0,833.0,832.0,847.0,361.0,360.0,359.0
3600.0,838.0,838.0,844.0,361.0,359.0,360.0
3638.0,847.0,846.0,854.0,366.0,364.0,361.0
3642.0,851.0,852.0,852.0,363.0,365.0,359.0
3642.0,851.0,845.0,855.0,364.0,364.0,363.0
3646.0,852.0,855.0,851.0,365.0,364.0,359.0
3649.0,865.0,844.0,848.0,364.0,362.0,366.0
3650.0,855.0,852.0,853.0,365.0,365.0,360.0
3663.0,861.0,854.0,846.0,364.0,372.0,366.0
3673.0,856.0,856.0,865.0,367.0,365.0,364.0
3659.0,852.0,858.0,859.0,365.0,364.0,361.0
3667.0,859.0,856.0,856.0,367.0,369.0,360.0
3661.0,849.0,863.0,850.0,368.0,366.0,365.0
3675.0,854.0,861.0,859.0,370.0,366.0,365.0
3654.0,845.0,860.0,852.0,367.0,367.0,363.0
3674.0,853.0,862.0,854.0,370.0,369.0,366.0
3630.0,849.0,846.0,843.0,366.0,365.0,361.0
3691.0,857.0,867.0,863.0,366.0,369.0,369.0
3664.0,857.0,852.0,856.0,366.0,368.0,365.0
3670.0,854.0,859.0,856.0,365.0,370.0,366.0
3664.0,857.0,857.0,852.0,366.0,370.0,362.0
3650.0,857.0,846.0,852.0,365.0,368.0,362.0
3668.0,854.0,854.0,857.0,369.0,369.0,365.0
3648.0,852.0,849.0,854.0,362.0,369.0,362.0
3635.0,844.0,848.0,843.0,366.0,368.0,366.0
3667.0,856.0,854.0,854.0,363.0,373.0,367.0
3645.0,855.0,852.0,852.0,361.0,365.0,360.0
3624.0,845.0,847.0,842.0,362.0,364.0,364.0
3629.0,851.0,847.0,843.0,361.0,366.0,361.0
3642.0,860.0,841.0,847.0,363.0,365.0,366.0
3639.0,848.0,847.0,849.0,365.0,368.0,362.0
3625.0,857.0,837.0,843.0,362.0,364.0,362.0
3644.0,855.0,842.0,855.0,360.0,367.0,365.0
3638.0,853.0,843.0,842.0,365.0,368.0,367.0
3648.0,857.0,843.0,852.0,367.0,365.0,364.0
3653.0,858.0,850.0,851.0,364.0,364.0,366.0
3628.0,843.0,852.0,848.0,358.0,366.0,361.0
3639.0,857.0,843.0,851.0,364.0,362.0,362.0
3638.0,848.0,854.0,844.0,364.0,365.0,363.0
3640.0,844.0,845.0,859.0,366.0,362.0,364.0
3646.0,855.0,854.0,844.0,364.0,367.0,362.0
3636.0,849.0,857.0,842.0,364.0,361.0,363.0
3648.0,852.0,855.0,852.0,364.0,359.0,366.0
3667.0,857.0,854.0,856.0,364.0,368.0,368.0
3664.0,851.0,857.0,864.0,364.0,363.0,365.0
3670.0,847.0,859.0,855.0,369.0,370.0,370.0
3687.0,853.0,862.0,867.0,369.0,368.0,368.0
3696.0,856.0,872.0,865.0,370.0,366.0,367.0
3691.0,857.0,862.0,867.0,371.0,364.0,370.0
3671.0,849.0,861.0,858.0,368.0,368.0,367.0
3713.0,865.0,869.0,864.0,376.0,366.0,373.0
3711.0,872.0,864.0,862.0,372.0,368.0,373.0
3703.0,873.0,864.0,862.0,371.0,366.0,367.0
3716.0,865.0,861.0,873.0,373.0,372.0,372.0
3718.0,871.0,863.0,875.0,373.0,366.0,370.0
3739.0,867.0,872.0,876.0,377.0,371.0,376.0
3744.0,885.0,871.0,870.0,373.0,372.0,373.0
3744.0,869.0,876.0,874.0,379.0,369.0,377.0
3768.0,882.0,876.0,884.0,374.0,373.0,379.0
3768.0,884.0,880.0,878.0,378.0,375.0,373.0
3761.0,885.0,876.0,880.0,376.0,373.0,371.0
3770.0,882.0,874.0,879.0,379.0,376.0,380.0
3757.0,873.0,875.0,884.0,379.0,373.0,373.0
3774.0,879.0,885.0,880.0,382.0,372.0,376.0
3755.0,876.0,874.0,875.0,380.0,373.0,377.0
3778.0,881.0,880.0,887.0,377.0,376.0,377.0
3780.0,882.0,881.0,882.0,378.0,377.0,380.0
3790.0,883.0,876.0,887.0,385.0,375.0,384.0
3779.0,887.0,880.0,876.0,378.0,377.0,381.0
3760.0,876.0,875.0,872.0,380.0,376.0,381.0
3755.0,873.0,874.0,876.0,378.0,375.0,379.0
3763.0,881.0,881.0,872.0,378.0,375.0,376.0
3746.0,873.0,872.0,872.0,375.0,378.0,376.0
3754.0,877.0,875.0,877.0,373.0,374.0,378.0
3761.0,878.0,877.0,877.0,373.0,378.0,378.0
3751.0,868.0,873.0,876.0,375.0,380.0,379.0
3754.0,877.0,882.0,869.0,377.0,376.0,373.0
3755.0,878.0,876.0,875.0,376.0,375.0,375.0
3758.0,876.0,872.0,876.0,376.0,381.0,377.0
3755.0,880.0,877.0,868.0,373.0,379.0,378.0
3749.0,874.0,877.0,871.0,378.0,377.0,372.0
3759.0,878.0,884.0,873.0,376.0,376.0,372.0
3753.0,883.0,878.0,874.0,371.0,375.0,372.0
3772.0,881.0,887.0,876.0,378.0,378.0,372.0
3760.0,875.0,879.0,885.0,371.0,376.0,374.0
3739.0,874.0,879.0,865.0,372.0,377.0,372.0
3750.0,885.0,872.0,870.0,374.0,375.0,374.0
3739.0,869.0,880.0,866.0,371.0,381.0,372.0
3759.0,882.0,879.0,874.0,373.0,376.0,375.0
3731.0,874.0,878.0,864.0,373.0,374.0,368.0
3743.0,881.0,874.0,870.0,370.0,376.0,372.0
3744.0,879.0,872.0,873.0,373.0,373.0,374.0
3759.0,872.0,884.0,883.0,371.0,375.0,374.0
3729.0,863.0,873.0,873.0,372.0,377.0,371.0
3775.0,881.0,889.0,886.0,374.0,376.0,369.0
3779.0,881.0,879.0,882.0,379.0,382.0,376.0
3746.0,867.0,876.0,879.0,374.0,376.0,374.0
3766.0,880.0,882.0,877.0,373.0,377.0,377.0
3759.0,871.0,880.0,879.0,373.0,378.0,378.0
3775.0,875.0,882.0,890.0,373.0,379.0,376.0
3776.0,871.0,878.0,895.0,378.0,378.0,376.0
3808.0,889.0,885.0,895.0,379.0,384.0,376.0
3807.0,888.0,880.0,902.0,379.0,381.0,377.0
3825.0,894.0,882.0,902.0,384.0,384.0,379.0
3831.0,898.0,894.0,893.0,383.0,382.0,381.0
3837.0,897.0,890.0,902.0,385.0,384.0,379.0
3849.0,899.0,889.0,906.0,385.0,387.0,383.0
3839.0,902.0,884.0,901.0,386.0,383.0,383.0
3842.0,896.0,900.0,895.0,384.0,384.0,383.0
3853.0,903.0,896.0,902.0,384.0,384.0,384.0
3847.0,896.0,889.0,906.0,387.0,385.0,384.0
3865.0,903.0,900.0,901.0,391.0,383.0,387.0
3862.0,903.0,903.0,902.0,386.0,383.0,385.0
3882.0,911.0,905.0,907.0,390.0,382.0,387.0
3879.0,912.0,907.0,903.0,386.0,386.0,385.0
3847.0,898.0,888.0,901.0,388.0,385.0,387.0
3874.0,904.0,911.0,902.0,386.0,385.0,386.0
3878.0,903.0,905.0,905.0,389.0,388.0,388.0
3876.0,905.0,910.0,903.0,386.0,386.0,386.0
3884.0,906.0,909.0,899.0,391.0,389.0,390.0
3880.0,903.0,912.0,905.0,391.0,384.0,385.0
3852.0,895.0,912.0,889.0,387.0,383.0,386.0
3897.0,907.0,919.0,902.0,390.0,387.0,392.0
3889.0,904.0,910.0,908.0,391.0,386.0,390.0
3861.0,895.0,910.0,893.0,391.0,383.0,389.0
3873.0,909.0,910.0,895.0,387.0,385.0,387.0
3846.0,896.0,901.0,896.0,381.0,386.0,386.0
3848.0,895.0,903.0,896.0,384.0,384.0,386.0
3873.0,901.0,908.0,905.0,381.0,388.0,390.0
3848.0,901.0,893.0,897.0,383.0,385.0,389.0
3847.0,891.0,904.0,894.0,382.0,386.0,390.0
3868.0,903.0,900.0,901.0,390.0,385.0,389.0
3870.0,910.0,903.0,907.0,382.0,379.0,389.0
3869.0,912.0,896.0,904.0,386.0,383.0,388.0
3850.0,901.0,890.0,904.0,386.0,379.0,390.0
3827.0,904.0,885.0,893.0,381.0,381.0,383.0
3834.0,901.0,889.0,894.0,383.0,383.0,384.0
3832.0,902.0,885.0,893.0,384.0,384.0,384.0
3851.0,904.0,894.0,900.0,385.0,384.0,384.0
3850.0,906.0,888.0,899.0,381.0,388.0,388.0
3831.0,899.0,883.0,899.0,380.0,384.0,386.0
3849.0,896.0,898.0,904.0,382.0,382.0,387.0
3857.0,894.0,894.0,912.0,384.0,388.0,385.0
3846.0,895.0,887.0,909.0,387.0,385.0,383.0
3836.0,895.0,889.0,902.0,380.0,383.0,387.0
3870.0,900.0,897.0,911.0,385.0,388.0,389.0
3844.0,898.0,895.0,895.0,383.0,388.0,385.0
3856.0,899.0,895.0,906.0,381.0,387.0,388.0
3837.0,886.0,889.0,902.0,387.0,385.0,388.0
3852.0,898.0,895.0,900.0,387.0,386.0,386.0
3879.0,899.0,902.0,907.0,386.0,394.0,391.0
3899.0,909.0,907.0,914.0,387.0,393.0,389.0
3903.0,905.0,910.0,917.0,386.0,393.0,392.0
3920.0,912.0,914.0,920.0,392.0,393.0,389.0
3896.0,907.0,913.0,907.0,393.0,383.0,393.0
3917.0,914.0,916.0,912.0,391.0,394.0,390.0
3916.0,908.0,910.0,917.0,393.0,394.0,394.0
3942.0,923.0,923.0,917.0,394.0,396.0,389.0
3932.0,916.0,922.0,915.0,394.0,395.0,390.0
3935.0,910.0,925.0,916.0,395.0,396.0,393.0
3949.0,929.0,925.0,914.0,393.0,396.0,392.0
3959.0,933.0,920.0,924.0,395.0,397.0,390.0
3950.0,922.0,923.0,915.0,399.0,397.0,394.0
3954.0,929.0,920.0,922.0,397.0,394.0,392.0
3977.0,929.0,927.0,927.0,398.0,396.0,400.0
3966.0,919.0,935.0,924.0,398.0,397.0,393.0
3969.0,925.0,927.0,926.0,398.0,399.0,394.0
3986.0,929.0,934.0,930.0,399.0,399.0,395.0
3971.0,926.0,929.0,925.0,398.0,398.0,395.0
3974.0,928.0,928.0,920.0,402.0,399.0,397.0
3972.0,927.0,924.0,924.0,401.0,401.0,395.0
3976.0,927.0,927.0,925.0,400.0,401.0,396.0
3940.0,920.0,919.0,918.0,398.0,392.0,393.0
3958.0,921.0,919.0,924.0,402.0,396.0,396.0
3952.0,920.0,916.0,921.0,399.0,398.0,398.0
3968.0,921.0,924.0,928.0,400.0,400.0,395.0
3949.0,921.0,916.0,920.0,399.0,398.0,395.0
3961.0,921.0,924.0,921.0,399.0,398.0,398.0
3951.0,921.0,915.0,926.0,399.0,397.0,393.0
3974.0,925.0,928.0,928.0,397.0,397.0,399.0
3970.0,926.0,921.0,931.0,400.0,395.0,397.0
3954.0,924.0,920.0,922.0,398.0,393.0,397.0
3983.0,928.0,926.0,934.0,401.0,397.0,397.0
3966.0,928.0,919.0,927.0,395.0,400.0,397.0
3961.0,930.0,915.0,927.0,400.0,394.0,395.0
3949.0,928.0,918.0,921.0,394.0,393.0,395.0
3959.0,919.0,930.0,922.0,395.0,399.0,394.0
3944.0,921.0,921.0,925.0,394.0,394.0,389.0
3952.0,927.0,927.0,919.0,396.0,389.0,394.0
3962.0,924.0,932.0,929.0,392.0,392.0,393.0
3945.0,926.0,924.0,918.0,394.0,389.0,394.0
3958.0,927.0,925.0,923.0,394.0,393.0,396.0
3960.0,920.0,932.0,927.0,395.0,392.0,394.0
3965.0,929.0,927.0,927.0,393.0,391.0,398.0
3954.0,916.0,922.0,930.0,394.0,397.0,395.0
3964.0,926.0,921.0,932.0,396.0,395.0,394.0
3950.0,918.0,921.0,934.0,392.0,391.0,394.0
3963.0,915.0,930.0,936.0,394.0,393.0,395.0
3950.0,918.0,926.0,924.0,391.0,394.0,397.0
3970.0,928.0,928.0,928.0,391.0,393.0,402.0
3959.0,920.0,924.0,927.0,395.0,395.0,398.0
3966.0,917.0,927.0,930.0,396.0,397.0,399.0
3979.0,925.0,932.0,927.0,396.0,398.0,401.0
3965.0,922.0,921.0,925.0,399.0,397.0,401.0
3992.0,926.0,930.0,935.0,399.0,401.0,401.0
4010.0,934.0,943.0,933.0,398.0,396.0,406.0
4013.0,936.0,937.0,935.0,401.0,401.0,403.0
4020.0,936.0,942.0,940.0,399.0,402.0,401.0
4010.0,943.0,927.0,930.0,401.0,403.0,406.0
4017.0,940.0,936.0,938.0,399.0,399.0,405.0
4043.0,947.0,942.0,941.0,403.0,402.0,408.0
4038.0,946.0,937.0,942.0,402.0,404.0,407.0
4053.0,953.0,942.0,939.0,404.0,410.0,405.0
4042.0,951.0,941.0,937.0,403.0,402.0,408.0
4062.0,949.0,947.0,942.0,407.0,407.0,410.0
4060.0,952.0,946.0,940.0,403.0,413.0,406.0
4063.0,953.0,938.0,945.0,409.0,409.0,409.0
4073.0,952.0,949.0,946.0,407.0,411.0,408.0
4059.0,948.0,942.0,944.0,410.0,408.0,407.0
4088.0,953.0,952.0,948.0,411.0,413.0,411.0
4077.0,950.0,955.0,946.0,407.0,410.0,409.0
4080.0,950.0,952.0,948.0,409.0,411.0,410.0
4081.0,945.0,946.0,961.0,407.0,413.0,409.0
4070.0,941.0,947.0,954.0,408.0,409.0,411.0
4088.0,950.0,954.0,951.0,413.0,410.0,410.0
4083.0,949.0,952.0,952.0,411.0,408.0,411.0
4104.0,958.0,963.0,953.0,412.0,413.0,405.0
4074.0,947.0,955.0,949.0,411.0,406.0,406.0
4099.0,952.0,964.0,949.0,415.0,409.0,410.0
4088.0,954.0,957.0,946.0,413.0,408.0,410.0
4069.0,947.0,949.0,947.0,410.0,409.0,407.0
4106.0,951.0,968.0,957.0,413.0,411.0,406.0
4083.0,949.0,955.0,947.0,409.0,411.0,412.0
4092.0,956.0,959.0,952.0,410.0,410.0,405.0
4077.0,943.0,959.0,952.0,411.0,405.0,407.0
4064.0,950.0,951.0,948.0,406.0,405.0,404.0
4082.0,956.0,953.0,956.0,405.0,409.0,403.0
4073.0,951.0,954.0,953.0,407.0,406.0,402.0
4085.0,951.0,957.0,952.0,410.0,409.0,406.0
4063.0,949.0,942.0,953.0,408.0,405.0,406.0
4057.0,951.0,939.0,952.0,404.0,409.0,402.0
4067.0,953.0,950.0,949.0,406.0,404.0,405.0
4058.0,950.0,946.0,942.0,407.0,407.0,406.0
4051.0,952.0,935.0,949.0,405.0,404.0,406.0
4050.0,950.0,946.0,942.0,403.0,405.0,404.0
4037.0,941.0,935.0,951.0,402.0,407.0,401.0
4054.0,946.0,942.0,956.0,401.0,406.0,403.0
4064.0,952.0,941.0,959.0,406.0,404.0,402.0
4054.0,949.0,943.0,950.0,406.0,404.0,402.0
4055.0,946.0,943.0,954.0,403.0,405.0,404.0
4050.0,948.0,939.0,947.0,408.0,403.0,405.0
4083.0,953.0,953.0,954.0,407.0,407.0,409.0
4051.0,940.0,947.0,953.0,405.0,405.0,401.0
4084.0,945.0,954.0,955.0,409.0,407.0,414.0
4074.0,943.0,956.0,954.0,406.0,409.0,406.0
4090.0,959.0,957.0,957.0,406.0,404.0,407.0
4082.0,949.0,956.0,953.0,406.0,408.0,410.0
4106.0,957.0,960.0,960.0,410.0,410.0,409.0
4104.0,958.0,957.0,968.0,408.0,406.0,407.0
4123.0,967.0,964.0,959.0,410.0,413.0,410.0
4111.0,957.0,964.0,959.0,413.0,408.0,410.0
4120.0,965.0,957.0,963.0,411.0,412.0,412.0
4130.0,971.0,968.0,958.0,412.0,410.0,411.0
4136.0,973.0,962.0,963.0,413.0,411.0,414.0
4166.0,976.0,981.0,969.0,413.0,415.0,412.0
4165.0,974.0,984.0,965.0,417.0,410.0,415.0
4183.0,987.0,982.0,970.0,415.0,416.0,413.0
4168.0,971.0,974.0,975.0,416.0,419.0,413.0
4162.0,979.0,975.0,965.0,417.0,408.0,418.0
4166.0,979.0,973.0,963.0,417.0,415.0,419.0
4182.0,982.0,977.0,966.0,419.0,420.0,418.0
4162.0,974.0,971.0,971.0,416.0,415.0,415.0
4182.0,977.0,979.0,971.0,420.0,418.0,417.0
4181.0,979.0,979.0,969.0,420.0,418.0,416.0
4162.0,966.0,975.0,967.0,422.0,417.0,415.0
4181.0,968.0,980.0,977.0,420.0,421.0,415.0
4174.0,972.0,970.0,976.0,420.0,420.0,416.0
4218.0,976.0,984.0,984.0,427.0,424.0,423.0
4196.0,974.0,981.0,982.0,420.0,419.0,420.0
4197.0,980.0,973.0,989.0,418.0,418.0,419.0
4199.0,971.0,978.0,987.0,422.0,419.0,422.0
4190.0,977.0,971.0,981.0,421.0,419.0,421.0
4183.0,973.0,967.0,984.0,419.0,423.0,417.0
4192.0,983.0,970.0,981.0,420.0,420.0,418.0
4186.0,970.0,978.0,977.0,423.0,419.0,419.0
4160.0,968.0,965.0,979.0,417.0,415.0,416.0
4181.0,972.0,969.0,983.0,418.0,420.0,419.0
4180.0,981.0,969.0,976.0,417.0,416.0,421.0
4181.0,973.0,963.0,980.0,422.0,421.0,422.0
4171.0,983.0,954.0,976.0,422.0,417.0,419.0
4174.0,982.0,961.0,979.0,416.0,420.0,416.0
4155.0,976.0,962.0,974.0,411.0,417.0,415.0
4174.0,976.0,964.0,981.0,416.0,419.0,418.0
4158.0,968.0,965.0,968.0,418.0,422.0,417.0
4176.0,976.0,962.0,983.0,419.0,418.0,418.0
4152.0,964.0,969.0,970.0,418.0,416.0,415.0
4147.0,965.0,971.0,965.0,412.0,415.0,419.0
4163.0,971.0,977.0,967.0,414.0,415.0,419.0
4172.0,970.0,977.0,974.0,415.0,419.0,417.0
4157.0,972.0,968.0,972.0,416.0,416.0,413.0
4177.0,970.0,979.0,975.0,418.0,416.0,419.0
4147.0,960.0,966.0,969.0,419.0,415.0,418.0
4164.0,965.0,982.0,963.0,419.0,418.0,417.0
4166.0,962.0,981.0,969.0,417.0,420.0,417.0
4180.0,970.0,977.0,971.0,419.0,422.0,421.0
4182.0,977.0,981.0,972.0,417.0,420.0,415.0
4181.0,974.0,981.0,967.0,418.0,421.0,420.0
4189.0,976.0,982.0,974.0,414.0,423.0,420.0
4201.0,974.0,994.0,973.0,421.0,418.0,421.0
4218.0,991.0,985.0,977.0,419.0,422.0,424.0
4206.0,982.0,980.0,979.0,422.0,423.0,420.0
4219.0,995.0,979.0,981.0,422.0,420.0,422.0
4236.0,986.0,995.0,988.0,420.0,424.0,423.0
4216.0,987.0,980.0,983.0,418.0,428.0,420.0
4250.0,1007.0,992.0,975.0,423.0,425.0,428.0
4224.0,989.0,981.0,986.0,422.0,421.0,425.0
4267.0,1003.0,997.0,990.0,424.0,426.0,427.0
4234.0,994.0,988.0,986.0,423.0,420.0,423.0
4272.0,998.0,998.0,998.0,425.0,427.0,426.0
4283.0,1012.0,986.0,1002.0,428.0,431.0,424.0
4272.0,999.0,988.0,1007.0,426.0,427.0,425.0
4269.0,1004.0,991.0,998.0,425.0,427.0,424.0
4279.0,1007.0,993.0,1002.0,426.0,426.0,425.0
4299.0,998.0,1003.0,1013.0,429.0,427.0,429.0
4269.0,992.0,996.0,999.0,425.0,429.0,428.0
4278.0,993.0,998.0,1006.0,428.0,427.0,426.0
4296.0,998.0,999.0,1014.0,430.0,427.0,428.0
4274.0,997.0,1002.0,1001.0,425.0,425.0,424.0
4277.0,1000.0,989.0,1006.0,428.0,426.0,428.0
4287.0,997.0,1000.0,1003.0,429.0,430.0,428.0
4279.0,997.0,995.0,1004.0,428.0,427.0,428.0
4280.0,1000.0,993.0,1011.0,426.0,426.0,424.0
4316.0,1002.0,1013.0,1014.0,430.0,430.0,427.0
4294.0,998.0,1008.0,1001.0,431.0,429.0,427.0
4308.0,998.0,1010.0,1010.0,434.0,430.0,426.0
4276.0,999.0,997.0,999.0,431.0,425.0,425.0
4291.0,1000.0,1006.0,997.0,431.0,428.0,429.0
4279.0,994.0,1004.0,1003.0,429.0,424.0,425.0
4274.0,997.0,1003.0,999.0,427.0,425.0,423.0
4291.0,1002.0,1002.0,1005.0,430.0,423.0,429.0
4310.0,1011.0,1009.0,1004.0,428.0,432.0,426.0
4274.0,996.0,1003.0,1000.0,427.0,423.0,425.0
4263.0,987.0,1002.0,1001.0,427.0,424.0,422.0
4278.0,1003.0,1005.0,995.0,427.0,426.0,422.0
4273.0,995.0,997.0,1001.0,428.0,427.0,425.0
4267.0,1002.0,1000.0,981.0,431.0,426.0,427.0
4265.0,997.0,992.0,996.0,427.0,426.0,427.0
4263.0,1005.0,985.0,995.0,427.0,427.0,424.0
4274.0,996.0,999.0,995.0,427.0,429.0,428.0
4273.0,998.0,989.0,999.0,430.0,429.0,428.0
4254.0,989.0,995.0,986.0,429.0,429.0,426.0
4242.0,981.0,990.0,988.0,427.0,429.0,427.0
4269.0,995.0,994.0,996.0,430.0,427.0,427.0
4278.0,996.0,1001.0,994.0,430.0,428.0,429.0
4255.0,997.0,1000.0,979.0,426.0,426.0,427.0
4263.0,992.0,994.0,991.0,427.0,429.0,430.0
4267.0,988.0,997.0,999.0,427.0,427.0,429.0
4242.0,985.0,991.0,985.0,425.0,429.0,427.0
4299.0,1000.0,999.0,1009.0,432.0,432.0,427.0
4298.0,1005.0,997.0,997.0,431.0,433.0,435.0
4312.0,1000.0,1006.0,1005.0,431.0,436.0,434.0
4295.0,1000.0,1003.0,1003.0,430.0,431.0,428.0
4313.0,1005.0,1002.0,1005.0,432.0,434.0,435.0
4300.0,998.0,1009.0,1001.0,431.0,433.0,428.0
4336.0,1014.0,1008.0,1010.0,434.0,436.0,434.0
4341.0,1020.0,1006.0,1004.0,437.0,438.0,436.0
4348.0,1015.0,1012.0,1014.0,433.0,436.0,438.0
4354.0,1013.0,1016.0,1013.0,433.0,439.0,440.0
4349.0,1019.0,1020.0,1009.0,429.0,438.0,434.0
4385.0,1028.0,1018.0,1024.0,435.0,440.0,440.0
4392.0,1034.0,1026.0,1022.0,433.0,439.0,438.0
4400.0,1027.0,1027.0,1029.0,439.0,438.0,440.0
4377.0,1021.0,1020.0,1021.0,437.0,436.0,442.0
4382.0,1017.0,1026.0,1017.0,437.0,443.0,442.0
4403.0,1018.0,1034.0,1032.0,436.0,441.0,442.0
4381.0,1024.0,1019.0,1025.0,438.0,436.0,439.0
4403.0,1026.0,1036.0,1028.0,437.0,437.0,439.0
4394.0,1025.0,1026.0,1026.0,438.0,439.0,440.0
4425.0,1025.0,1037.0,1042.0,437.0,440.0,444.0
4404.0,1017.0,1029.0,1032.0,441.0,441.0,444.0
4396.0,1015.0,1034.0,1031.0,439.0,438.0,439.0
4424.0,1023.0,1033.0,1044.0,440.0,441.0,443.0
4379.0,1017.0,1019.0,1030.0,435.0,438.0,440.0
4389.0,1027.0,1019.0,1030.0,438.0,434.0,441.0
4382.0,1015.0,1025.0,1027.0,440.0,436.0,439.0
4373.0,1027.0,1018.0,1017.0,433.0,439.0,439.0
4393.0,1021.0,1022.0,1031.0,441.0,439.0,439.0
4397.0,1023.0,1026.0,1035.0,438.0,434.0,441.0
4380.0,1023.0,1019.0,1024.0,438.0,439.0,437.0
4391.0,1022.0,1018.0,1034.0,439.0,440.0,438.0
4352.0,1010.0,1012.0,1019.0,437.0,437.0,437.0
4375.0,1022.0,1013.0,1023.0,439.0,438.0,440.0
4374.0,1031.0,1014.0,1018.0,440.0,436.0,435.0
4367.0,1018.0,1011.0,1023.0,440.0,436.0,439.0
4388.0,1019.0,1026.0,1028.0,438.0,437.0,440.0
4353.0,1019.0,1017.0,1016.0,434.0,431.0,436.0
4382.0,1026.0,1019.0,1024.0,440.0,435.0,438.0
4358.0,1017.0,1020.0,1016.0,436.0,434.0,435.0
4358.0,1019.0,1017.0,1017.0,437.0,433.0,435.0
4343.0,1018.0,1013.0,1010.0,435.0,433.0,434.0
4377.0,1021.0,1018.0,1021.0,442.0,435.0,440.0
4378.0,1025.0,1020.0,1020.0,443.0,437.0,433.0
4369.0,1023.0,1026.0,1012.0,439.0,433.0,436.0
4371.0,1021.0,1024.0,1008.0,443.0,435.0,440.0
4382.0,1023.0,1022.0,1021.0,441.0,439.0,436.0
4361.0,1024.0,1015.0,1018.0,437.0,433.0,434.0
4373.0,1022.0,1018.0,1017.0,443.0,436.0,437.0
4380.0,1009.0,1030.0,1021.0,442.0,439.0,439.0
4383.0,1018.0,1030.0,1020.0,441.0,437.0,437.0
4378.0,1012.0,1029.0,1024.0,441.0,437.0,435.0
4384.0,1020.0,1027.0,1020.0,439.0,438.0,440.0
4398.0,1027.0,1032.0,1020.0,441.0,440.0,438.0
4419.0,1026.0,1038.0,1032.0,440.0,442.0,441.0
4421.0,1030.0,1029.0,1032.0,442.0,445.0,443.0
4422.0,1037.0,1032.0,1032.0,442.0,440.0,439.0
4440.0,1029.0,1035.0,1043.0,442.0,447.0,444.0
4450.0,1038.0,1038.0,1043.0,442.0,447.0,442.0
4447.0,1042.0,1040.0,1036.0,441.0,447.0,441.0
4447.0,1040.0,1036.0,1038.0,445.0,445.0,443.0
4455.0,1037.0,1041.0,1046.0,443.0,446.0,442.0
4462.0,1046.0,1030.0,1044.0,445.0,450.0,447.0
4472.0,1050.0,1043.0,1043.0,444.0,448.0,444.0
4489.0,1051.0,1041.0,1055.0,446.0,448.0,448.0
4486.0,1050.0,1051.0,1044.0,448.0,446.0,447.0
4483.0,1051.0,1036.0,1054.0,445.0,449.0,448.0
4467.0,1049.0,1037.0,1041.0,446.0,446.0,448.0
4473.0,1043.0,1039.0,1050.0,446.0,449.0,446.0
4493.0,1046.0,1048.0,1052.0,445.0,451.0,451.0
4502.0,1053.0,1040.0,1058.0,448.0,454.0,449.0
4467.0,1031.0,1043.0,1043.0,448.0,451.0,451.0
4486.0,1047.0,1046.0,1045.0,448.0,448.0,452.0
4506.0,1049.0,1047.0,1057.0,447.0,454.0,452.0
4475.0,1039.0,1037.0,1051.0,448.0,448.0,452.0
4485.0,1041.0,1044.0,1047.0,447.0,452.0,454.0
4502.0,1045.0,1046.0,1053.0,454.0,450.0,454.0
4494.0,1046.0,1044.0,1058.0,445.0,452.0,449.0
4501.0,1045.0,1044.0,1055.0,452.0,456.0,449.0
4498.0,1052.0,1051.0,1045.0,448.0,450.0,452.0
4496.0,1047.0,1048.0,1056.0,444.0,450.0,451.0
4490.0,1042.0,1051.0,1050.0,445.0,451.0,451.0
4488.0,1044.0,1051.0,1049.0,445.0,449.0,450.0
4479.0,1047.0,1043.0,1046.0,445.0,447.0,451.0
4482.0,1048.0,1043.0,1043.0,450.0,450.0,448.0
4501.0,1051.0,1056.0,1045.0,451.0,447.0,451.0
4472.0,1047.0,1037.0,1041.0,450.0,447.0,450.0
4475.0,1047.0,1052.0,1035.0,444.0,447.0,450.0
4475.0,1045.0,1052.0,1038.0,447.0,445.0,448.0
4466.0,1049.0,1045.0,1030.0,446.0,446.0,450.0
4492.0,1045.0,1052.0,1047.0,450.0,448.0,450.0
4495.0,1048.0,1060.0,1046.0,447.0,444.0,450.0
4447.0,1035.0,1040.0,1036.0,447.0,444.0,445.0
4486.0,1048.0,1052.0,1043.0,450.0,443.0,450.0
4476.0,1046.0,1049.0,1035.0,448.0,449.0,449.0
4485.0,1047.0,1047.0,1048.0,447.0,446.0,450.0
4470.0,1032.0,1050.0,1039.0,452.0,448.0,449.0
4475.0,1051.0,1051.0,1030.0,445.0,449.0,449.0
4471.0,1048.0,1045.0,1034.0,450.0,443.0,451.0
4473.0,1041.0,1051.0,1040.0,448.0,445.0,448.0
4483.0,1046.0,1046.0,1041.0,452.0,448.0,450.0
4494.0,1039.0,1047.0,1052.0,455.0,452.0,449.0
4482.0,1044.0,1046.0,1046.0,450.0,449.0,447.0
4521.0,1054.0,1057.0,1052.0,456.0,449.0,453.0
4479.0,1038.0,1052.0,1039.0,451.0,450.0,449.0
4523.0,1060.0,1053.0,1057.0,456.0,446.0,451.0
4509.0,1048.0,1048.0,1052.0,456.0,450.0,455.0
4521.0,1056.0,1055.0,1055.0,454.0,448.0,453.0
4508.0,1052.0,1044.0,1054.0,455.0,449.0,454.0
4524.0,1058.0,1048.0,1059.0,453.0,454.0,452.0
4539.0,1055.0,1060.0,1066.0,451.0,452.0,455.0
4554.0,1061.0,1061.0,1059.0,460.0,454.0,459.0
4571.0,1066.0,1067.0,1071.0,457.0,453.0,457.0
4581.0,1067.0,1070.0,1069.0,460.0,455.0,460.0
4569.0,1068.0,1061.0,1072.0,457.0,454.0,457.0
4577.0,1075.0,1058.0,1071.0,460.0,455.0,458.0
4580.0,1068.0,1060.0,1079.0,460.0,458.0,455.0
4582.0,1066.0,1068.0,1075.0,457.0,459.0,457.0
4608.0,1077.0,1075.0,1078.0,458.0,460.0,460.0
4591.0,1071.0,1082.0,1066.0,457.0,456.0,459.0
4590.0,1070.0,1073.0,1077.0,459.0,457.0,454.0
4589.0,1071.0,1075.0,1071.0,457.0,461.0,454.0
4619.0,1070.0,1086.0,1083.0,458.0,463.0,459.0
4618.0,1073.0,1080.0,1085.0,458.0,462.0,460.0
4624.0,1073.0,1090.0,1080.0,462.0,459.0,460.0
4597.0,1069.0,1084.0,1072.0,457.0,463.0,452.0
4584.0,1069.0,1075.0,1067.0,456.0,460.0,457.0
4598.0,1073.0,1072.0,1073.0,456.0,465.0,459.0
4606.0,1075.0,1079.0,1068.0,460.0,464.0,460.0
4598.0,1066.0,1080.0,1069.0,461.0,465.0,457.0
4576.0,1061.0,1073.0,1069.0,455.0,461.0,457.0
4574.0,1060.0,1080.0,1067.0,452.0,460.0,455.0
4580.0,1058.0,1077.0,1068.0,457.0,463.0,457.0
4575.0,1062.0,1072.0,1061.0,457.0,465.0,458.0
4564.0,1062.0,1068.0,1064.0,456.0,458.0,456.0
4580.0,1069.0,1070.0,1065.0,457.0,461.0,458.0
4576.0,1062.0,1069.0,1069.0,458.0,460.0,458.0
4596.0,1079.0,1070.0,1075.0,459.0,457.0,456.0
4582.0,1076.0,1070.0,1060.0,459.0,459.0,458.0
4551.0,1075.0,1057.0,1048.0,457.0,459.0,455.0
4561.0,1069.0,1062.0,1061.0,453.0,459.0,457.0
4569.0,1073.0,1059.0,1063.0,457.0,461.0,456.0
4561.0,1067.0,1055.0,1066.0,455.0,459.0,459.0
4585.0,1080.0,1064.0,1066.0,460.0,459.0,456.0
4549.0,1065.0,1050.0,1063.0,457.0,457.0,457.0
4553.0,1066.0,1054.0,1061.0,457.0,457.0,458.0
4588.0,1077.0,1060.0,1075.0,459.0,457.0,460.0
4564.0,1077.0,1052.0,1061.0,457.0,460.0,457.0
4583.0,1068.0,1064.0,1071.0,460.0,460.0,460.0
4593.0,1067.0,1070.0,1076.0,459.0,461.0,460.0
4573.0,1058.0,1067.0,1071.0,460.0,458.0,459.0
4579.0,1074.0,1060.0,1070.0,455.0,460.0,460.0
4583.0,1068.0,1072.0,1068.0,459.0,456.0,460.0
4581.0,1057.0,1071.0,1077.0,460.0,459.0,457.0
4591.0,1071.0,1064.0,1078.0,462.0,457.0,459.0
4611.0,1073.0,1078.0,1079.0,461.0,458.0,462.0
4603.0,1067.0,1074.0,1078.0,463.0,461.0,460.0
4630.0,1070.0,1078.0,1089.0,466.0,462.0,465.0
4650.0,1082.0,1082.0,1092.0,468.0,463.0,463.0
4631.0,1079.0,1080.0,1079.0,466.0,465.0,462.0
4631.0,1080.0,1078.0,1084.0,464.0,460.0,465.0
4670.0,1090.0,1089.0,1094.0,466.0,466.0,465.0
4663.0,1089.0,1084.0,1091.0,465.0,463.0,471.0
4674.0,1092.0,1089.0,1095.0,468.0,463.0,467.0
4679.0,1092.0,1093.0,1093.0,466.0,465.0,470.0
4675.0,1085.0,1091.0,1097.0,466.0,466.0,470.0
4683.0,1091.0,1089.0,1101.0,469.0,464.0,469.0
4712.0,1103.0,1094.0,1105.0,468.0,472.0,470.0
4700.0,1099.0,1100.0,1094.0,469.0,468.0,470.0
4710.0,1100.0,1103.0,1102.0,469.0,467.0,469.0
4701.0,1102.0,1097.0,1096.0,469.0,466.0,471.0
4683.0,1095.0,1094.0,1092.0,467.0,466.0,469.0
4708.0,1104.0,1098.0,1092.0,471.0,470.0,473.0
4707.0,1095.0,1100.0,1101.0,473.0,466.0,472.0
4699.0,1098.0,1097.0,1093.0,469.0,464.0,478.0
4715.0,1103.0,1109.0,1097.0,467.0,467.0,472.0
4696.0,1091.0,1093.0,1098.0,469.0,474.0,471.0
4710.0,1104.0,1095.0,1100.0,470.0,469.0,472.0
4691.0,1099.0,1097.0,1087.0,467.0,470.0,471.0
4698.0,1098.0,1097.0,1097.0,469.0,467.0,470.0
4696.0,1094.0,1094.0,1096.0,469.0,473.0,470.0
4678.0,1086.0,1089.0,1097.0,470.0,465.0,471.0
4688.0,1090.0,1093.0,1099.0,468.0,467.0,471.0
4686.0,1096.0,1094.0,1091.0,466.0,469.0,470.0
4700.0,1096.0,1096.0,1099.0,469.0,469.0,471.0
4705.0,1099.0,1102.0,1093.0,469.0,470.0,472.0
4677.0,1095.0,1094.0,1086.0,467.0,468.0,467.0
4690.0,1093.0,1099.0,1091.0,468.0,466.0,473.0
4681.0,1096.0,1094.0,1091.0,464.0,468.0,468.0
4673.0,1098.0,1080.0,1089.0,466.0,469.0,471.0
4682.0,1093.0,1089.0,1093.0,469.0,467.0,471.0
4684.0,1099.0,1092.0,1089.0,465.0,467.0,472.0
4671.0,1096.0,1092.0,1080.0,466.0,471.0,466.0
4688.0,1098.0,1095.0,1094.0,467.0,467.0,467.0
4674.0,1096.0,1089.0,1088.0,465.0,468.0,468.0
4675.0,1090.0,1096.0,1091.0,467.0,464.0,467.0
4681.0,1101.0,1090.0,1091.0,466.0,470.0,463.0
4670.0,1086.0,1094.0,1089.0,468.0,467.0,466.0
4696.0,1091.0,1103.0,1093.0,470.0,471.0,468.0
4695.0,1097.0,1098.0,1095.0,469.0,470.0,466.0
4679.0,1092.0,1097.0,1092.0,466.0,467.0,465.0
4712.0,1092.0,1112.0,1094.0,473.0,472.0,469.0
4695.0,1090.0,1100.0,1096.0,473.0,469.0,467.0
4693.0,1090.0,1095.0,1102.0,468.0,472.0,466.0
4695.0,1087.0,1093.0,1107.0,469.0,473.0,466.0
4712.0,1096.0,1098.0,1107.0,473.0,471.0,467.0
4694.0,1087.0,1102.0,1096.0,472.0,472.0,465.0
4707.0,1097.0,1099.0,1100.0,473.0,472.0,466.0
4733.0,1104.0,1107.0,1103.0,472.0,475.0,472.0
4728.0,1099.0,1100.0,1106.0,474.0,475.0,474.0
4709.0,1094.0,1096.0,1101.0,475.0,473.0,470.0
4729.0,1099.0,1100.0,1112.0,477.0,474.0,467.0
4749.0,1106.0,1107.0,1109.0,476.0,479.0,472.0
4743.0,1103.0,1102.0,1109.0,480.0,476.0,473.0
4757.0,1114.0,1107.0,1116.0,473.0,476.0,471.0
4751.0,1102.0,1107.0,1111.0,480.0,477.0,474.0
4788.0,1124.0,1118.0,1109.0,479.0,479.0,479.0
4776.0,1107.0,1117.0,1120.0,479.0,478.0,475.0
4768.0,1116.0,1109.0,1116.0,479.0,476.0,472.0
4777.0,1115.0,1115.0,1114.0,477.0,482.0,474.0
4778.0,1122.0,1110.0,1112.0,481.0,476.0,477.0
4791.0,1119.0,1111.0,1120.0,485.0,477.0,479.0
4792.0,1119.0,1121.0,1111.0,485.0,479.0,477.0
4794.0,1121.0,1109.0,1125.0,480.0,480.0,479.0
4818.0,1119.0,1130.0,1126.0,482.0,481.0,480.0
4787.0,1113.0,1116.0,1115.0,483.0,479.0,481.0
4771.0,1119.0,1113.0,1106.0,475.0,478.0,480.0
4779.0,1109.0,1119.0,1111.0,480.0,479.0,481.0
4816.0,1127.0,1121.0,1124.0,482.0,481.0,481.0
4811.0,1121.0,1116.0,1125.0,484.0,478.0,487.0
4818.0,1121.0,1130.0,1123.0,481.0,483.0,480.0
4791.0,1114.0,1120.0,1115.0,480.0,480.0,482.0
4785.0,1111.0,1117.0,1119.0,479.0,478.0,481.0
4793.0,1121.0,1123.0,1115.0,477.0,477.0,480.0
4807.0,1117.0,1130.0,1115.0,481.0,482.0,482.0
4788.0,1108.0,1130.0,1111.0,478.0,479.0,482.0
4801.0,1118.0,1128.0,1112.0,486.0,477.0,480.0
4798.0,1111.0,1133.0,1117.0,478.0,479.0,480.0
4798.0,1117.0,1129.0,1116.0,478.0,479.0,479.0
4824.0,1128.0,1125.0,1126.0,481.0,482.0,482.0
4789.0,1122.0,1116.0,1116.0,476.0,478.0,481.0
4799.0,1120.0,1125.0,1118.0,475.0,476.0,485.0
4777.0,1117.0,1118.0,1110.0,478.0,478.0,476.0
4791.0,1119.0,1121.0,1118.0,475.0,477.0,481.0
4779.0,1116.0,1119.0,1108.0,478.0,477.0,481.0
4773.0,1120.0,1116.0,1110.0,477.0,474.0,476.0
4769.0,1117.0,1112.0,1107.0,478.0,476.0,479.0
4763.0,1115.0,1107.0,1120.0,473.0,472.0,476.0
4797.0,1120.0,1120.0,1117.0,480.0,479.0,481.0
4772.0,1109.0,1116.0,1119.0,475.0,475.0,478.0
4805.0,1127.0,1116.0,1124.0,478.0,477.0,483.0
4788.0,1121.0,1111.0,1123.0,474.0,476.0,483.0
4784.0,1110.0,1115.0,1119.0,481.0,480.0,479.0
4782.0,1118.0,1109.0,1115.0,480.0,477.0,483.0
4787.0,1111.0,1110.0,1122.0,479.0,481.0,484.0
4786.0,1111.0,1119.0,1123.0,473.0,481.0,479.0
4815.0,1112.0,1125.0,1131.0,482.0,483.0,482.0
4812.0,1121.0,1120.0,1129.0,481.0,479.0,482.0
4797.0,1112.0,1112.0,1125.0,483.0,483.0,482.0
4828.0,1118.0,1123.0,1131.0,483.0,486.0,487.0
4807.0,1113.0,1117.0,1132.0,481.0,483.0,481.0
4810.0,1120.0,1124.0,1122.0,480.0,484.0,480.0
4837.0,1121.0,1131.0,1129.0,488.0,482.0,486.0
4837.0,1121.0,1128.0,1131.0,488.0,485.0,484.0
4841.0,1135.0,1121.0,1131.0,485.0,486.0,483.0
4855.0,1137.0,1129.0,1135.0,486.0,484.0,484.0
4854.0,1130.0,1128.0,1137.0,488.0,486.0,485.0
4864.0,1139.0,1136.0,1131.0,486.0,486.0,486.0
4877.0,1137.0,1135.0,1132.0,496.0,488.0,489.0
4891.0,1143.0,1149.0,1133.0,490.0,486.0,490.0
4888.0,1152.0,1133.0,1132.0,491.0,492.0,488.0
4891.0,1142.0,1140.0,1140.0,488.0,494.0,487.0
4913.0,1155.0,1145.0,1140.0,493.0,495.0,485.0
4883.0,1144.0,1142.0,1128.0,491.0,492.0,486.0
4905.0,1147.0,1147.0,1143.0,491.0,491.0,486.0
4926.0,1158.0,1152.0,1136.0,494.0,495.0,491.0
4919.0,1147.0,1157.0,1145.0,492.0,491.0,487.0
4883.0,1135.0,1147.0,1135.0,489.0,493.0,484.0
4911.0,1147.0,1140.0,1143.0,495.0,496.0,490.0
4906.0,1139.0,1148.0,1140.0,496.0,490.0,493.0
4912.0,1141.0,1150.0,1142.0,492.0,494.0,493.0
4896.0,1137.0,1150.0,1139.0,491.0,488.0,491.0
4897.0,1142.0,1143.0,1143.0,490.0,490.0,489.0
4900.0,1137.0,1152.0,1141.0,488.0,495.0,487.0
4892.0,1137.0,1140.0,1140.0,492.0,494.0,489.0
4902.0,1142.0,1135.0,1146.0,493.0,494.0,492.0
4896.0,1143.0,1145.0,1142.0,491.0,488.0,487.0
4890.0,1137.0,1147.0,1139.0,490.0,489.0,488.0
4895.0,1136.0,1138.0,1146.0,493.0,491.0,491.0
4872.0,1130.0,1140.0,1138.0,486.0,491.0,487.0
4882.0,1139.0,1138.0,1141.0,487.0,491.0,486.0
4907.0,1146.0,1147.0,1145.0,493.0,489.0,487.0
4902.0,1147.0,1142.0,1147.0,489.0,491.0,486.0
4905.0,1148.0,1139.0,1149.0,487.0,489.0,493.0
4898.0,1145.0,1139.0,1147.0,487.0,491.0,489.0
4910.0,1148.0,1147.0,1144.0,491.0,489.0,491.0
4896.0,1151.0,1138.0,1143.0,490.0,484.0,490.0
4888.0,1139.0,1137.0,1146.0,486.0,491.0,489.0
4885.0,1147.0,1139.0,1140.0,485.0,486.0,488.0
4886.0,1135.0,1140.0,1147.0,491.0,488.0,485.0
4897.0,1145.0,1149.0,1142.0,485.0,488.0,488.0
4886.0,1140.0,1138.0,1147.0,486.0,487.0,488.0
4887.0,1136.0,1143.0,1147.0,485.0,485.0,491.0
4879.0,1143.0,1135.0,1143.0,486.0,483.0,489.0
4895.0,1135.0,1144.0,1149.0,489.0,488.0,490.0
4882.0,1136.0,1137.0,1146.0,488.0,486.0,489.0
4894.0,1142.0,1148.0,1140.0,487.0,486.0,491.0
4918.0,1138.0,1154.0,1158.0,486.0,490.0,492.0
4896.0,1135.0,1146.0,1154.0,486.0,488.0,487.0
4905.0,1139.0,1146.0,1147.0,492.0,488.0,493.0
4920.0,1144.0,1160.0,1147.0,490.0,487.0,492.0
4927.0,1135.0,1161.0,1158.0,492.0,490.0,491.0
4907.0,1146.0,1144.0,1148.0,488.0,490.0,491.0
4924.0,1144.0,1150.0,1149.0,496.0,492.0,493.0
4934.0,1149.0,1154.0,1150.0,493.0,492.0,496.0
4947.0,1148.0,1154.0,1156.0,498.0,492.0,499.0
4943.0,1151.0,1153.0,1155.0,493.0,492.0,499.0
4964.0,1163.0,1158.0,1157.0,493.0,495.0,498.0
4960.0,1160.0,1153.0,1155.0,499.0,497.0,496.0
4969.0,1156.0,1163.0,1157.0,497.0,498.0,498.0
4965.0,1161.0,1158.0,1156.0,498.0,493.0,499.0
4968.0,1165.0,1157.0,1152.0,501.0,498.0,495.0
5001.0,1171.0,1170.0,1162.0,499.0,497.0,502.0
5011.0,1171.0,1170.0,1163.0,506.0,501.0,500.0
5004.0,1173.0,1163.0,1165.0,503.0,497.0,503.0
4990.0,1171.0,1159.0,1155.0,501.0,501.0,503.0
5010.0,1170.0,1168.0,1159.0,501.0,506.0,506.0
4980.0,1160.0,1160.0,1160.0,500.0,496.0,504.0
5019.0,1173.0,1169.0,1163.0,504.0,503.0,507.0
5012.0,1178.0,1158.0,1164.0,505.0,505.0,502.0
5024.0,1169.0,1166.0,1178.0,505.0,502.0,504.0
5024.0,1170.0,1165.0,1174.0,507.0,505.0,503.0
5021.0,1176.0,1167.0,1165.0,505.0,504.0,504.0
5028.0,1177.0,1170.0,1168.0,504.0,507.0,502.0
5010.0,1167.0,1167.0,1167.0,502.0,504.0,503.0
5029.0,1173.0,1164.0,1181.0,508.0,501.0,502.0
5011.0,1169.0,1169.0,1167.0,502.0,503.0,501.0
5026.0,1165.0,1176.0,1174.0,501.0,505.0,505.0
5003.0,1158.0,1163.0,1173.0,501.0,503.0,505.0
5013.0,1163.0,1173.0,1166.0,505.0,504.0,502.0
5022.0,1167.0,1172.0,1174.0,505.0,501.0,503.0
5023.0,1168.0,1176.0,1173.0,502.0,504.0,500.0
5010.0,1164.0,1169.0,1173.0,499.0,501.0,504.0
5007.0,1163.0,1171.0,1172.0,499.0,501.0,501.0
4989.0,1159.0,1172.0,1160.0,500.0,500.0,498.0
5012.0,1162.0,1170.0,1176.0,500.0,502.0,502.0
5014.0,1171.0,1172.0,1169.0,494.0,506.0,502.0
4997.0,1159.0,1166.0,1176.0,497.0,503.0,496.0
4995.0,1169.0,1163.0,1167.0,497.0,500.0,499.0
5003.0,1166.0,1172.0,1169.0,496.0,501.0,499.0
4994.0,1165.0,1168.0,1167.0,497.0,497.0,500.0
5000.0,1177.0,1166.0,1165.0,495.0,501.0,496.0
4986.0,1167.0,1161.0,1162.0,494.0,502.0,500.0
5019.0,1170.0,1172.0,1175.0,501.0,500.0,501.0
4984.0,1164.0,1164.0,1161.0,498.0,502.0,495.0
4993.0,1161.0,1165.0,1175.0,495.0,500.0,497.0
5001.0,1174.0,1161.0,1167.0,499.0,500.0,500.0
4998.0,1168.0,1165.0,1171.0,500.0,497.0,497.0
4986.0,1161.0,1163.0,1168.0,499.0,498.0,497.0
5003.0,1164.0,1166.0,1174.0,497.0,500.0,502.0
4991.0,1160.0,1158.0,1174.0,499.0,501.0,499.0
4999.0,1168.0,1155.0,1177.0,499.0,500.0,500.0
4987.0,1159.0,1167.0,1163.0,500.0,504.0,494.0
5008.0,1167.0,1165.0,1174.0,500.0,501.0,501.0
5007.0,1173.0,1160.0,1171.0,497.0,503.0,503.0
5025.0,1172.0,1167.0,1181.0,501.0,503.0,501.0
5025.0,1171.0,1170.0,1174.0,505.0,505.0,500.0
5043.0,1180.0,1170.0,1178.0,503.0,506.0,506.0
5063.0,1189.0,1180.0,1176.0,505.0,506.0,507.0
5051.0,1185.0,1171.0,1178.0,504.0,507.0,506.0
5020.0,1178.0,1165.0,1174.0,500.0,504.0,499.0
5054.0,1182.0,1171.0,1183.0,505.0,508.0,505.0
5070.0,1190.0,1185.0,1175.0,509.0,507.0,504.0
5069.0,1196.0,1169.0,1184.0,511.0,502.0,507.0
5081.0,1184.0,1191.0,1179.0,511.0,509.0,507.0
5104.0,1197.0,1191.0,1190.0,509.0,508.0,509.0
5104.0,1196.0,1192.0,1188.0,511.0,506.0,511.0
5104.0,1199.0,1191.0,1191.0,509.0,506.0,508.0
5098.0,1194.0,1198.0,1175.0,510.0,509.0,512.0
5116.0,1187.0,1195.0,1198.0,514.0,512.0,510.0
5140.0,1209.0,1202.0,1195.0,515.0,509.0,510.0
5139.0,1192.0,1210.0,1197.0,512.0,512.0,516.0
5137.0,1199.0,1199.0,1194.0,516.0,513.0,516.0
5133.0,1194.0,1199.0,1198.0,516.0,513.0,513.0
5130.0,1194.0,1204.0,1195.0,515.0,512.0,510.0
5106.0,1190.0,1198.0,1188.0,511.0,510.0,509.0
5118.0,1187.0,1197.0,1196.0,516.0,507.0,515.0
5116.0,1191.0,1198.0,1192.0,512.0,509.0,514.0
5107.0,1189.0,1192.0,1191.0,512.0,511.0,512.0
5122.0,1194.0,1197.0,1193.0,513.0,511.0,514.0
5140.0,1191.0,1200.0,1205.0,512.0,515.0,517.0
5123.0,1193.0,1196.0,1196.0,512.0,514.0,512.0
5114.0,1194.0,1185.0,1203.0,510.0,510.0,512.0
5096.0,1185.0,1186.0,1194.0,509.0,511.0,511.0
5108.0,1192.0,1184.0,1194.0,512.0,510.0,516.0
5115.0,1194.0,1190.0,1194.0,512.0,512.0,513.0
5123.0,1198.0,1193.0,1192.0,514.0,511.0,515.0
5104.0,1192.0,1184.0,1191.0,511.0,514.0,512.0
5101.0,1193.0,1192.0,1193.0,509.0,506.0,508.0
5078.0,1189.0,1180.0,1180.0,510.0,510.0,509.0
5104.0,1199.0,1177.0,1200.0,509.0,509.0,510.0
5083.0,1189.0,1178.0,1187.0,505.0,515.0,509.0
5101.0,1194.0,1183.0,1195.0,507.0,511.0,511.0
5091.0,1193.0,1185.0,1185.0,511.0,506.0,511.0
5092.0,1191.0,1183.0,1188.0,507.0,510.0,513.0
5081.0,1186.0,1178.0,1184.0,510.0,512.0,511.0
5092.0,1189.0,1186.0,1189.0,508.0,510.0,510.0
5104.0,1191.0,1185.0,1192.0,508.0,513.0,515.0
5088.0,1181.0,1180.0,1195.0,511.0,512.0,509.0
5097.0,1186.0,1191.0,1192.0,507.0,511.0,510.0
5099.0,1185.0,1190.0,1194.0,507.0,509.0,514.0
5101.0,1179.0,1195.0,1189.0,511.0,513.0,514.0
5106.0,1182.0,1192.0,1199.0,506.0,516.0,511.0
5126.0,1196.0,1207.0,1187.0,509.0,514.0,513.0
5119.0,1184.0,1201.0,1199.0,511.0,513.0,511.0
5124.0,1188.0,1204.0,1193.0,510.0,515.0,514.0
5108.0,1184.0,1191.0,1194.0,513.0,516.0,510.0
5120.0,1200.0,1192.0,1194.0,509.0,511.0,514.0
5164.0,1204.0,1207.0,1204.0,512.0,518.0,519.0
5139.0,1200.0,1210.0,1194.0,513.0,509.0,513.0
5155.0,1200.0,1211.0,1197.0,514.0,518.0,515.0
5167.0,1203.0,1205.0,1210.0,515.0,516.0,518.0
5172.0,1204.0,1216.0,1204.0,514.0,519.0,515.0
5159.0,1204.0,1202.0,1203.0,515.0,517.0,518.0
5183.0,1216.0,1209.0,1207.0,515.0,519.0,517.0
5187.0,1217.0,1209.0,1202.0,519.0,520.0,520.0
5195.0,1218.0,1214.0,1211.0,516.0,517.0,519.0
5207.0,1227.0,1212.0,1216.0,518.0,517.0,517.0
5221.0,1222.0,1220.0,1218.0,517.0,522.0,522.0
5219.0,1224.0,1213.0,1216.0,525.0,520.0,521.0
5223.0,1223.0,1220.0,1218.0,520.0,524.0,518.0
5211.0,1213.0,1216.0,1218.0,525.0,520.0,519.0
5214.0,1221.0,1213.0,1217.0,521.0,521.0,521.0
5225.0,1215.0,1217.0,1225.0,526.0,520.0,522.0
5226.0,1224.0,1217.0,1219.0,527.0,522.0,517.0
5218.0,1216.0,1212.0,1223.0,525.0,524.0,518.0
5227.0,1225.0,1210.0,1229.0,526.0,520.0,517.0
5219.0,1219.0,1217.0,1222.0,524.0,517.0,520.0
5223.0,1213.0,1220.0,1229.0,523.0,519.0,519.0
5226.0,1210.0,1224.0,1231.0,525.0,517.0,519.0
5221.0,1213.0,1213.0,1222.0,522.0,528.0,523.0
5234.0,1220.0,1218.0,1228.0,523.0,522.0,523.0
5221.0,1213.0,1218.0,1224.0,524.0,522.0,520.0
5194.0,1208.0,1208.0,1225.0,518.0,516.0,519.0
5207.0,1212.0,1216.0,1217.0,524.0,521.0,517.0
5242.0,1225.0,1222.0,1227.0,525.0,521.0,522.0
5237.0,1224.0,1226.0,1228.0,520.0,519.0,520.0
5194.0,1211.0,1208.0,1215.0,523.0,521.0,516.0
5222.0,1220.0,1218.0,1224.0,522.0,520.0,518.0
5231.0,1220.0,1229.0,1221.0,523.0,521.0,517.0
5216.0,1213.0,1216.0,1218.0,521.0,525.0,523.0
5206.0,1215.0,1215.0,1219.0,524.0,516.0,517.0
5218.0,1217.0,1216.0,1219.0,523.0,526.0,517.0
5207.0,1220.0,1211.0,1214.0,519.0,522.0,521.0
5211.0,1216.0,1222.0,1213.0,521.0,520.0,519.0
5211.0,1211.0,1229.0,1217.0,520.0,518.0,516.0
5188.0,1213.0,1216.0,1205.0,520.0,515.0,519.0
5200.0,1213.0,1221.0,1208.0,521.0,516.0,521.0
5185.0,1208.0,1209.0,1214.0,520.0,518.0,516.0
5196.0,1210.0,1217.0,1210.0,521.0,517.0,521.0
5191.0,1211.0,1212.0,1209.0,522.0,519.0,518.0
5208.0,1219.0,1211.0,1213.0,518.0,525.0,522.0
5202.0,1213.0,1210.0,1215.0,520.0,521.0,523.0
5224.0,1219.0,1221.0,1219.0,522.0,520.0,523.0
5199.0,1204.0,1214.0,1216.0,521.0,522.0,522.0
5222.0,1212.0,1223.0,1215.0,524.0,525.0,523.0
5227.0,1211.0,1223.0,1214.0,526.0,529.0,524.0
5199.0,1210.0,1215.0,1206.0,516.0,526.0,526.0
5227.0,1221.0,1214.0,1223.0,519.0,524.0,526.0
5235.0,1216.0,1225.0,1218.0,522.0,528.0,526.0
5235.0,1213.0,1221.0,1221.0,523.0,528.0,529.0
5243.0,1225.0,1226.0,1221.0,520.0,526.0,525.0
5263.0,1225.0,1231.0,1226.0,525.0,529.0,527.0
5260.0,1231.0,1227.0,1217.0,524.0,531.0,530.0
5266.0,1228.0,1232.0,1225.0,526.0,529.0,526.0
5289.0,1238.0,1230.0,1233.0,526.0,533.0,529.0
5293.0,1235.0,1228.0,1238.0,527.0,533.0,532.0
5295.0,1241.0,1226.0,1237.0,529.0,531.0,531.0
5293.0,1239.0,1229.0,1236.0,526.0,531.0,532.0
5324.0,1254.0,1237.0,1240.0,526.0,531.0,536.0
5302.0,1242.0,1228.0,1238.0,530.0,530.0,534.0
5299.0,1237.0,1238.0,1236.0,526.0,532.0,530.0
5314.0,1235.0,1242.0,1242.0,534.0,533.0,528.0
5310.0,1239.0,1236.0,1244.0,529.0,530.0,532.0
5337.0,1246.0,1254.0,1244.0,531.0,531.0,531.0
5316.0,1238.0,1239.0,1247.0,530.0,529.0,533.0
5338.0,1251.0,1249.0,1240.0,533.0,531.0,534.0
5330.0,1241.0,1250.0,1247.0,530.0,533.0,529.0
5323.0,1234.0,1250.0,1241.0,534.0,532.0,532.0
5326.0,1235.0,1247.0,1248.0,530.0,533.0,533.0
5326.0,1235.0,1247.0,1243.0,532.0,535.0,534.0
5343.0,1240.0,1251.0,1246.0,536.0,537.0,533.0
5327.0,1236.0,1243.0,1246.0,534.0,532.0,536.0
5336.0,1242.0,1244.0,1246.0,536.0,535.0,533.0
5340.0,1238.0,1244.0,1253.0,536.0,534.0,535.0
5337.0,1238.0,1250.0,1246.0,535.0,533.0,535.0
5350.0,1246.0,1256.0,1250.0,532.0,534.0,532.0
5320.0,1236.0,1242.0,1249.0,533.0,527.0,533.0
5313.0,1238.0,1242.0,1237.0,534.0,530.0,532.0
5340.0,1249.0,1251.0,1249.0,533.0,528.0,530.0
5324.0,1243.0,1240.0,1247.0,533.0,530.0,531.0
5307.0,1240.0,1237.0,1236.0,532.0,529.0,533.0
5329.0,1243.0,1242.0,1242.0,537.0,533.0,532.0
5302.0,1238.0,1238.0,1233.0,531.0,532.0,530.0
5295.0,1249.0,1226.0,1233.0,530.0,528.0,529.0
5293.0,1239.0,1236.0,1230.0,533.0,527.0,528.0
5313.0,1251.0,1236.0,1241.0,529.0,526.0,530.0
5281.0,1238.0,1224.0,1234.0,530.0,529.0,526.0
5300.0,1245.0,1240.0,1229.0,531.0,527.0,528.0
5299.0,1240.0,1233.0,1234.0,533.0,531.0,528.0
5280.0,1240.0,1225.0,1228.0,529.0,531.0,527.0
5279.0,1242.0,1230.0,1220.0,533.0,527.0,527.0
5297.0,1240.0,1237.0,1231.0,529.0,530.0,530.0
5290.0,1239.0,1229.0,1240.0,527.0,522.0,533.0
5306.0,1229.0,1238.0,1243.0,534.0,531.0,531.0
5295.0,1234.0,1235.0,1235.0,533.0,529.0,529.0
5332.0,1248.0,1244.0,1243.0,531.0,534.0,532.0
5298.0,1234.0,1238.0,1236.0,531.0,531.0,528.0
5314.0,1241.0,1245.0,1234.0,531.0,531.0,532.0
5332.0,1240.0,1249.0,1245.0,535.0,530.0,533.0
5338.0,1239.0,1248.0,1252.0,532.0,533.0,534.0
5320.0,1235.0,1250.0,1243.0,531.0,530.0,531.0
5329.0,1239.0,1250.0,1239.0,535.0,535.0,531.0
5360.0,1253.0,1252.0,1252.0,535.0,535.0,533.0
5367.0,1250.0,1262.0,1248.0,536.0,536.0,535.0
5361.0,1248.0,1255.0,1248.0,533.0,540.0,537.0
5387.0,1254.0,1264.0,1256.0,537.0,538.0,538.0
5369.0,1261.0,1249.0,1252.0,534.0,537.0,536.0
5392.0,1256.0,1262.0,1263.0,536.0,535.0,540.0
5416.0,1261.0,1268.0,1268.0,537.0,542.0,540.0
5410.0,1262.0,1270.0,1259.0,540.0,542.0,537.0
5405.0,1260.0,1261.0,1263.0,540.0,540.0,541.0
5443.0,1276.0,1268.0,1273.0,541.0,542.0,543.0
5412.0,1265.0,1263.0,1265.0,539.0,542.0,538.0
5419.0,1262.0,1265.0,1272.0,541.0,540.0,539.0
5424.0,1264.0,1268.0,1271.0,539.0,540.0,542.0
5433.0,1272.0,1264.0,1272.0,541.0,543.0,541.0
5443.0,1268.0,1277.0,1273.0,540.0,545.0,540.0
5446.0,1270.0,1264.0,1278.0,544.0,547.0,543.0
5430.0,1265.0,1269.0,1271.0,539.0,543.0,543.0
5424.0,1264.0,1264.0,1267.0,540.0,545.0,544.0
5429.0,1263.0,1270.0,1270.0,537.0,544.0,545.0
5438.0,1257.0,1273.0,1271.0,544.0,548.0,545.0
5433.0,1259.0,1266.0,1277.0,541.0,546.0,544.0
5433.0,1272.0,1263.0,1267.0,543.0,545.0,543.0
5412.0,1255.0,1262.0,1261.0,543.0,545.0,546.0
5434.0,1265.0,1263.0,1272.0,547.0,540.0,547.0
5432.0,1265.0,1261.0,1268.0,546.0,546.0,546.0
5447.0,1271.0,1269.0,1268.0,546.0,546.0,547.0
5428.0,1275.0,1260.0,1266.0,542.0,543.0,542.0
5408.0,1261.0,1262.0,1262.0,541.0,539.0,543.0
5430.0,1262.0,1269.0,1264.0,547.0,546.0,542.0
5427.0,1269.0,1263.0,1265.0,544.0,542.0,544.0
5425.0,1267.0,1257.0,1268.0,544.0,545.0,544.0
5431.0,1276.0,1258.0,1263.0,545.0,545.0,544.0
5406.0,1268.0,1254.0,1257.0,541.0,542.0,544.0
5401.0,1262.0,1257.0,1257.0,543.0,541.0,541.0
5401.0,1264.0,1258.0,1254.0,542.0,540.0,543.0
5404.0,1267.0,1264.0,1255.0,538.0,538.0,542.0
5404.0,1268.0,1260.0,1251.0,542.0,541.0,542.0
5394.0,1258.0,1260.0,1256.0,544.0,536.0,540.0
5391.0,1254.0,1255.0,1255.0,545.0,539.0,543.0
5421.0,1259.0,1264.0,1266.0,546.0,541.0,545.0
5412.0,1267.0,1266.0,1249.0,542.0,542.0,546.0
5422.0,1262.0,1268.0,1267.0,542.0,542.0,541.0
5416.0,1253.0,1273.0,1262.0,543.0,542.0,543.0
5404.0,1258.0,1266.0,1261.0,542.0,535.0,542.0
5414.0,1252.0,1276.0,1261.0,545.0,540.0,540.0
5393.0,1257.0,1257.0,1257.0,541.0,537.0,544.0
5418.0,1258.0,1275.0,1258.0,542.0,542.0,543.0
5426.0,1261.0,1270.0,1269.0,542.0,538.0,546.0
5434.0,1265.0,1277.0,1263.0,544.0,544.0,541.0
5456.0,1266.0,1276.0,1280.0,542.0,547.0,545.0
5451.0,1268.0,1275.0,1276.0,544.0,543.0,545.0
5467.0,1279.0,1272.0,1273.0,543.0,549.0,551.0
5481.0,1285.0,1276.0,1280.0,548.0,546.0,546.0
5471.0,1278.0,1278.0,1275.0,543.0,548.0,549.0
5461.0,1276.0,1271.0,1275.0,546.0,545.0,548.0
5474.0,1280.0,1276.0,1280.0,542.0,547.0,549.0
5477.0,1278.0,1280.0,1277.0,550.0,544.0,548.0
5480.0,1279.0,1276.0,1286.0,545.0,546.0,548.0
5488.0,1281.0,1272.0,1292.0,544.0,549.0,550.0
5500.0,1289.0,1275.0,1291.0,547.0,550.0,548.0
5507.0,1295.0,1279.0,1286.0,548.0,548.0,551.0
5522.0,1300.0,1285.0,1288.0,553.0,548.0,548.0
5518.0,1298.0,1283.0,1294.0,548.0,548.0,547.0
5514.0,1292.0,1278.0,1293.0,552.0,549.0,550.0
5530.0,1288.0,1291.0,1297.0,550.0,551.0,553.0
5548.0,1296.0,1294.0,1301.0,553.0,553.0,551.0
5548.0,1296.0,1295.0,1296.0,553.0,553.0,555.0
5529.0,1291.0,1284.0,1295.0,554.0,553.0,552.0
5530.0,1296.0,1282.0,1296.0,551.0,552.0,553.0
5533.0,1287.0,1296.0,1292.0,549.0,554.0,555.0
5537.0,1287.0,1296.0,1294.0,553.0,552.0,555.0
5520.0,1290.0,1283.0,1289.0,551.0,554.0,553.0
5547.0,1298.0,1297.0,1289.0,556.0,553.0,554.0
5512.0,1278.0,1291.0,1291.0,551.0,552.0,549.0
5538.0,1285.0,1302.0,1292.0,554.0,555.0,550.0
5539.0,1293.0,1299.0,1285.0,553.0,557.0,552.0
5531.0,1283.0,1296.0,1293.0,551.0,555.0,553.0
5532.0,1299.0,1291.0,1288.0,552.0,553.0,549.0
5515.0,1281.0,1296.0,1281.0,554.0,551.0,552.0
5512.0,1292.0,1283.0,1282.0,551.0,554.0,550.0
5532.0,1291.0,1291.0,1284.0,556.0,555.0,555.0
5525.0,1294.0,1286.0,1284.0,556.0,553.0,552.0
5501.0,1283.0,1276.0,1285.0,551.0,557.0,549.0
5512.0,1283.0,1285.0,1288.0,553.0,553.0,550.0
5536.0,1296.0,1292.0,1290.0,554.0,554.0,550.0
5512.0,1288.0,1286.0,1286.0,551.0,549.0,552.0
5514.0,1287.0,1292.0,1284.0,550.0,551.0,550.0
5502.0,1285.0,1276.0,1283.0,554.0,553.0,551.0
5503.0,1284.0,1280.0,1285.0,551.0,554.0,549.0
5523.0,1297.0,1281.0,1285.0,554.0,555.0,551.0
5508.0,1283.0,1283.0,1284.0,555.0,551.0,552.0
5507.0,1286.0,1280.0,1284.0,552.0,551.0,554.0
5525.0,1296.0,1285.0,1284.0,552.0,554.0,554.0
5504.0,1282.0,1280.0,1286.0,551.0,553.0,552.0
5509.0,1285.0,1285.0,1283.0,553.0,552.0,551.0
5531.0,1290.0,1274.0,1300.0,557.0,556.0,554.0
5503.0,1283.0,1283.0,1279.0,556.0,551.0,551.0
5507.0,1282.0,1281.0,1281.0,556.0,555.0,552.0
5524.0,1292.0,1285.0,1288.0,553.0,552.0,554.0
5526.0,1287.0,1282.0,1295.0,556.0,553.0,553.0
5536.0,1285.0,1292.0,1290.0,557.0,553.0,559.0
5543.0,1282.0,1287.0,1302.0,561.0,554.0,557.0
5553.0,1286.0,1297.0,1301.0,558.0,554.0,557.0
5552.0,1289.0,1297.0,1300.0,557.0,555.0,554.0
5558.0,1289.0,1299.0,1299.0,560.0,555.0,556.0
5594.0,1304.0,1300.0,1312.0,558.0,560.0,560.0
5596.0,1304.0,1300.0,1312.0,559.0,561.0,560.0
5581.0,1305.0,1296.0,1305.0,555.0,557.0,563.0
5583.0,1298.0,1298.0,1313.0,557.0,557.0,560.0
5613.0,1309.0,1315.0,1310.0,557.0,558.0,564.0
5611.0,1312.0,1308.0,1311.0,559.0,558.0,563.0
5624.0,1314.0,1314.0,1311.0,560.0,562.0,563.0
5632.0,1315.0,1313.0,1323.0,559.0,558.0,564.0
5643.0,1312.0,1319.0,1324.0,562.0,560.0,566.0
5655.0,1324.0,1322.0,1317.0,563.0,563.0,566.0
5627.0,1317.0,1316.0,1315.0,557.0,558.0,564.0
5648.0,1317.0,1324.0,1319.0,562.0,560.0,566.0
5649.0,1325.0,1316.0,1318.0,562.0,561.0,567.0
5629.0,1321.0,1310.0,1316.0,560.0,562.0,560.0
5658.0,1322.0,1324.0,1320.0,565.0,560.0,567.0
5634.0,1317.0,1315.0,1314.0,564.0,561.0,563.0
5652.0,1316.0,1319.0,1321.0,563.0,566.0,567.0
5615.0,1306.0,1323.0,1304.0,558.0,563.0,561.0
5622.0,1313.0,1317.0,1309.0,559.0,559.0,565.0
5614.0,1309.0,1303.0,1317.0,560.0,560.0,565.0
5631.0,1309.0,1320.0,1311.0,562.0,563.0,566.0
5633.0,1313.0,1314.0,1316.0,563.0,562.0,565.0
5618.0,1314.0,1303.0,1313.0,563.0,562.0,563.0
5642.0,1316.0,1319.0,1312.0,563.0,565.0,567.0
5635.0,1311.0,1319.0,1311.0,565.0,564.0,565.0
5631.0,1316.0,1307.0,1315.0,561.0,566.0,566.0
5635.0,1318.0,1312.0,1315.0,563.0,565.0,562.0
5625.0,1312.0,1312.0,1312.0,560.0,562.0,567.0
5616.0,1315.0,1306.0,1308.0,561.0,563.0,563.0
5607.0,1311.0,1304.0,1307.0,558.0,564.0,563.0
5638.0,1322.0,1311.0,1318.0,564.0,561.0,562.0
5616.0,1318.0,1309.0,1303.0,560.0,565.0,561.0
5614.0,1310.0,1308.0,1309.0,561.0,563.0,563.0
5600.0,1306.0,1300.0,1314.0,559.0,561.0,560.0
5602.0,1317.0,1303.0,1304.0,559.0,562.0,557.0
5607.0,1313.0,1310.0,1298.0,561.0,563.0,562.0
5619.0,1317.0,1307.0,1309.0,563.0,563.0,560.0
5622.0,1312.0,1315.0,1310.0,562.0,563.0,560.0
5633.0,1318.0,1312.0,1314.0,562.0,563.0,564.0
5596.0,1302.0,1304.0,1307.0,562.0,563.0,558.0
5603.0,1308.0,1298.0,1312.0,565.0,561.0,559.0
5628.0,1310.0,1313.0,1317.0,565.0,564.0,559.0
5631.0,1309.0,1317.0,1313.0,565.0,564.0,563.0
5619.0,1304.0,1314.0,1315.0,561.0,566.0,559.0
5622.0,1305.0,1314.0,1313.0,564.0,564.0,562.0
5623.0,1304.0,1312.0,1317.0,562.0,569.0,559.0
5653.0,1314.0,1320.0,1326.0,561.0,567.0,565.0
5657.0,1318.0,1319.0,1324.0,565.0,567.0,564.0
5675.0,1317.0,1332.0,1324.0,569.0,567.0,566.0
5652.0,1314.0,1320.0,1323.0,564.0,570.0,561.0
5668.0,1311.0,1329.0,1324.0,568.0,569.0,567.0
5675.0,1315.0,1327.0,1329.0,568.0,569.0,567.0
5703.0,1332.0,1338.0,1332.0,567.0,570.0,564.0
5667.0,1316.0,1324.0,1326.0,569.0,569.0,563.0
5712.0,1337.0,1330.0,1335.0,570.0,571.0,569.0
5702.0,1330.0,1334.0,1330.0,569.0,571.0,568.0
5697.0,1323.0,1334.0,1326.0,574.0,569.0,571.0
5729.0,1343.0,1336.0,1336.0,569.0,574.0,571.0
5739.0,1343.0,1330.0,1346.0,575.0,573.0,572.0
5686.0,1333.0,1320.0,1327.0,569.0,570.0,567.0
5718.0,1341.0,1326.0,1334.0,575.0,573.0,569.0
5726.0,1340.0,1321.0,1342.0,574.0,575.0,574.0
5711.0,1339.0,1323.0,1335.0,569.0,573.0,572.0
5748.0,1340.0,1341.0,1347.0,573.0,575.0,572.0
5730.0,1337.0,1335.0,1338.0,573.0,576.0,571.0
5725.0,1341.0,1331.0,1334.0,571.0,575.0,573.0
5741.0,1340.0,1331.0,1349.0,572.0,575.0,574.0
5723.0,1337.0,1332.0,1336.0,570.0,571.0,577.0
5721.0,1339.0,1332.0,1334.0,569.0,574.0,573.0
5741.0,1335.0,1339.0,1342.0,575.0,577.0,573.0
5739.0,1336.0,1341.0,1339.0,574.0,574.0,575.0
5746.0,1337.0,1341.0,1342.0,576.0,574.0,576.0
5740.0,1338.0,1347.0,1334.0,571.0,575.0,575.0
5735.0,1343.0,1328.0,1341.0,575.0,573.0,575.0
5737.0,1332.0,1345.0,1335.0,573.0,574.0,578.0
5731.0,1326.0,1347.0,1337.0,575.0,571.0,575.0
5744.0,1344.0,1345.0,1333.0,574.0,575.0,573.0
5726.0,1336.0,1337.0,1332.0,575.0,570.0,576.0
5714.0,1330.0,1336.0,1335.0,568.0,568.0,577.0
5736.0,1339.0,1338.0,1338.0,570.0,575.0,576.0
5728.0,1335.0,1338.0,1336.0,572.0,570.0,577.0
5720.0,1341.0,1330.0,1333.0,571.0,571.0,574.0
5729.0,1342.0,1341.0,1332.0,570.0,568.0,576.0
5739.0,1344.0,1340.0,1337.0,572.0,570.0,576.0
5738.0,1340.0,1341.0,1342.0,569.0,568.0,578.0
5718.0,1326.0,1338.0,1339.0,570.0,567.0,578.0
5705.0,1330.0,1335.0,1335.0,568.0,565.0,572.0
5715.0,1337.0,1330.0,1333.0,572.0,569.0,574.0
5725.0,1328.0,1335.0,1340.0,576.0,571.0,575.0
5731.0,1338.0,1337.0,1335.0,572.0,572.0,577.0
5731.0,1335.0,1333.0,1345.0,570.0,573.0,575.0
5733.0,1338.0,1336.0,1342.0,570.0,574.0,573.0
5757.0,1339.0,1342.0,1349.0,574.0,572.0,581.0
5735.0,1340.0,1334.0,1343.0,571.0,571.0,576.0
5728.0,1334.0,1333.0,1343.0,574.0,572.0,572.0
5726.0,1334.0,1332.0,1341.0,576.0,571.0,572.0
5747.0,1330.0,1338.0,1351.0,577.0,575.0,576.0
5737.0,1338.0,1333.0,1343.0,577.0,572.0,574.0
5751.0,1345.0,1334.0,1351.0,573.0,573.0,575.0
5732.0,1326.0,1344.0,1336.0,576.0,575.0,575.0
5718.0,1331.0,1331.0,1342.0,575.0,571.0,568.0
5774.0,1348.0,1339.0,1351.0,581.0,576.0,579.0
5785.0,1346.0,1345.0,1355.0,580.0,580.0,579.0
5771.0,1344.0,1341.0,1354.0,581.0,575.0,576.0
5777.0,1348.0,1343.0,1348.0,581.0,579.0,578.0
5787.0,1352.0,1348.0,1351.0,580.0,578.0,578.0
5798.0,1350.0,1351.0,1351.0,584.0,581.0,581.0
5803.0,1353.0,1356.0,1354.0,579.0,584.0,577.0
5829.0,1362.0,1363.0,1357.0,583.0,585.0,579.0
5808.0,1360.0,1358.0,1351.0,581.0,578.0,580.0
5825.0,1367.0,1362.0,1354.0,584.0,580.0,578.0
5826.0,1365.0,1363.0,1353.0,584.0,580.0,581.0
5824.0,1360.0,1361.0,1359.0,580.0,584.0,580.0
5846.0,1370.0,1370.0,1356.0,585.0,582.0,583.0
5827.0,1361.0,1362.0,1352.0,584.0,586.0,582.0
5828.0,1363.0,1365.0,1350.0,582.0,585.0,583.0
5828.0,1360.0,1369.0,1351.0,585.0,586.0,577.0
5843.0,1358.0,1368.0,1363.0,585.0,586.0,583.0
5840.0,1366.0,1365.0,1354.0,588.0,585.0,582.0
5837.0,1357.0,1366.0,1357.0,584.0,588.0,585.0
5830.0,1357.0,1367.0,1356.0,584.0,585.0,581.0
5851.0,1366.0,1363.0,1369.0,584.0,585.0,584.0
5857.0,1367.0,1367.0,1363.0,587.0,591.0,582.0
5839.0,1360.0,1369.0,1356.0,581.0,588.0,585.0
5837.0,1355.0,1365.0,1358.0,583.0,588.0,588.0
5850.0,1361.0,1371.0,1360.0,585.0,588.0,585.0
5815.0,1350.0,1360.0,1357.0,581.0,584.0,583.0
5834.0,1354.0,1366.0,1366.0,579.0,584.0,585.0
5852.0,1362.0,1359.0,1371.0,588.0,588.0,584.0
5836.0,1361.0,1363.0,1360.0,582.0,588.0,582.0
5834.0,1358.0,1367.0,1359.0,582.0,585.0,583.0
5810.0,1358.0,1353.0,1354.0,580.0,583.0,582.0
5842.0,1366.0,1363.0,1365.0,582.0,582.0,584.0
5838.0,1365.0,1365.0,1366.0,579.0,583.0,580.0
5818.0,1366.0,1354.0,1358.0,578.0,582.0,580.0
5826.0,1367.0,1354.0,1356.0,582.0,584.0,583.0
5824.0,1363.0,1356.0,1359.0,584.0,581.0,581.0
5799.0,1358.0,1344.0,1350.0,585.0,581.0,581.0
5827.0,1358.0,1356.0,1365.0,582.0,582.0,584.0
5831.0,1363.0,1359.0,1366.0,583.0,580.0,580.0
5826.0,1361.0,1357.0,1368.0,578.0,582.0,580.0
5818.0,1356.0,1352.0,1363.0,580.0,584.0,583.0
5834.0,1362.0,1357.0,1368.0,583.0,582.0,582.0
5844.0,1366.0,1355.0,1371.0,584.0,583.0,585.0
5810.0,1357.0,1354.0,1355.0,580.0,581.0,583.0
5833.0,1359.0,1361.0,1368.0,583.0,581.0,581.0
5839.0,1355.0,1359.0,1373.0,585.0,581.0,586.0
5815.0,1353.0,1359.0,1354.0,586.0,582.0,581.0
5853.0,1368.0,1357.0,1374.0,587.0,582.0,585.0
5837.0,1353.0,1371.0,1360.0,585.0,582.0,586.0
5844.0,1359.0,1362.0,1364.0,587.0,583.0,589.0
5850.0,1361.0,1368.0,1366.0,584.0,584.0,587.0
5840.0,1359.0,1368.0,1357.0,586.0,583.0,587.0
5849.0,1365.0,1368.0,1363.0,587.0,582.0,584.0
5864.0,1369.0,1366.0,1371.0,588.0,583.0,587.0
5898.0,1370.0,1375.0,1379.0,592.0,589.0,593.0
5887.0,1377.0,1377.0,1368.0,590.0,587.0,588.0
5909.0,1372.0,1385.0,1384.0,593.0,584.0,591.0
5900.0,1377.0,1375.0,1376.0,594.0,587.0,591.0
5910.0,1387.0,1376.0,1377.0,590.0,588.0,592.0
5901.0,1377.0,1381.0,1371.0,592.0,590.0,590.0
5904.0,1382.0,1377.0,1371.0,592.0,588.0,594.0
5905.0,1390.0,1376.0,1370.0,588.0,590.0,591.0
5941.0,1386.0,1388.0,1379.0,595.0,597.0,596.0
5918.0,1386.0,1380.0,1372.0,593.0,592.0,595.0
5930.0,1388.0,1384.0,1371.0,598.0,592.0,597.0
5944.0,1385.0,1390.0,1385.0,595.0,592.0,597.0
5949.0,1392.0,1385.0,1383.0,597.0,595.0,597.0
5947.0,1387.0,1383.0,1383.0,596.0,599.0,599.0
5941.0,1396.0,1376.0,1384.0,598.0,593.0,594.0
5943.0,1389.0,1379.0,1386.0,595.0,596.0,598.0
5933.0,1386.0,1382.0,1381.0,593.0,592.0,599.0
5947.0,1387.0,1382.0,1393.0,592.0,597.0,596.0
5940.0,1386.0,1378.0,1389.0,595.0,593.0,599.0
5960.0,1388.0,1386.0,1391.0,598.0,599.0,598.0
5950.0,1386.0,1384.0,1388.0,597.0,598.0,597.0
5936.0,1383.0,1378.0,1384.0,593.0,599.0,599.0
5949.0,1384.0,1384.0,1392.0,598.0,597.0,594.0
5942.0,1388.0,1379.0,1395.0,592.0,594.0,594.0
5930.0,1373.0,1376.0,1395.0,594.0,598.0,594.0
5945.0,1379.0,1389.0,1388.0,595.0,601.0,593.0
5934.0,1382.0,1386.0,1391.0,589.0,594.0,592.0
5936.0,1387.0,1377.0,1386.0,593.0,597.0,596.0
5926.0,1383.0,1380.0,1386.0,592.0,593.0,592.0
5946.0,1388.0,1387.0,1389.0,590.0,596.0,596.0
5931.0,1384.0,1383.0,1391.0,591.0,590.0,592.0
5934.0,1377.0,1385.0,1392.0,590.0,595.0,595.0
5954.0,1394.0,1389.0,1389.0,594.0,595.0,593.0
5945.0,1389.0,1389.0,1388.0,593.0,592.0,594.0
5935.0,1381.0,1377.0,1396.0,590.0,594.0,597.0
5947.0,1395.0,1388.0,1386.0,590.0,597.0,591.0
5931.0,1389.0,1388.0,1380.0,589.0,592.0,593.0
5920.0,1382.0,1379.0,1386.0,590.0,594.0,589.0
5939.0,1391.0,1388.0,1386.0,591.0,592.0,591.0
5937.0,1385.0,1390.0,1387.0,590.0,593.0,592.0
5931.0,1387.0,1384.0,1388.0,589.0,592.0,591.0
5931.0,1380.0,1387.0,1385.0,592.0,594.0,593.0
5929.0,1380.0,1386.0,1389.0,589.0,593.0,592.0
5960.0,1381.0,1401.0,1392.0,593.0,599.0,594.0
5935.0,1379.0,1390.0,1384.0,595.0,595.0,592.0
5928.0,1374.0,1387.0,1384.0,597.0,593.0,593.0
5936.0,1388.0,1378.0,1383.0,597.0,597.0,593.0
5949.0,1379.0,1390.0,1397.0,596.0,594.0,593.0
5953.0,1387.0,1385.0,1398.0,594.0,597.0,592.0
5956.0,1380.0,1396.0,1392.0,597.0,594.0,597.0
5981.0,1391.0,1399.0,1400.0,596.0,600.0,595.0
5966.0,1386.0,1397.0,1389.0,599.0,600.0,595.0
5956.0,1391.0,1391.0,1388.0,596.0,595.0,595.0
5958.0,1386.0,1384.0,1395.0,599.0,599.0,595.0
5971.0,1393.0,1396.0,1390.0,597.0,596.0,599.0
5976.0,1401.0,1392.0,1389.0,600.0,595.0,599.0
5999.0,1403.0,1401.0,1392.0,603.0,601.0,599.0
5992.0,1404.0,1394.0,1394.0,603.0,598.0,599.0
5986.0,1400.0,1389.0,1394.0,603.0,600.0,600.0
5990.0,1397.0,1391.0,1403.0,600.0,602.0,597.0
6010.0,1407.0,1399.0,1394.0,606.0,602.0,602.0
6028.0,1410.0,1411.0,1399.0,602.0,603.0,603.0
6029.0,1422.0,1403.0,1394.0,606.0,601.0,603.0
6045.0,1416.0,1409.0,1405.0,607.0,603.0,605.0
6038.0,1415.0,1407.0,1405.0,604.0,600.0,607.0
6050.0,1409.0,1417.0,1409.0,605.0,605.0,605.0
6040.0,1408.0,1412.0,1408.0,606.0,601.0,605.0
6055.0,1415.0,1410.0,1414.0,608.0,603.0,605.0
6045.0,1408.0,1415.0,1410.0,605.0,602.0,605.0
6050.0,1408.0,1421.0,1407.0,607.0,603.0,604.0
6066.0,1420.0,1420.0,1413.0,607.0,602.0,604.0
6050.0,1403.0,1417.0,1415.0,603.0,605.0,607.0
6051.0,1406.0,1409.0,1418.0,608.0,606.0,604.0
6067.0,1410.0,1424.0,1407.0,610.0,607.0,609.0
6055.0,1405.0,1418.0,1411.0,606.0,606.0,609.0
6064.0,1403.0,1422.0,1420.0,606.0,604.0,609.0
6076.0,1416.0,1416.0,1421.0,604.0,609.0,610.0
6041.0,1402.0,1412.0,1416.0,603.0,603.0,605.0
6061.0,1407.0,1422.0,1417.0,606.0,601.0,608.0
6057.0,1411.0,1408.0,1419.0,605.0,605.0,609.0
6028.0,1402.0,1405.0,1411.0,602.0,600.0,608.0
6038.0,1409.0,1410.0,1411.0,602.0,603.0,603.0
6034.0,1411.0,1399.0,1416.0,600.0,604.0,604.0
6052.0,1411.0,1407.0,1420.0,603.0,605.0,606.0
6044.0,1408.0,1409.0,1417.0,603.0,605.0,602.0
6040.0,1407.0,1401.0,1421.0,603.0,602.0,606.0
6032.0,1410.0,1397.0,1413.0,605.0,602.0,605.0
6032.0,1417.0,1401.0,1401.0,601.0,607.0,605.0
6038.0,1415.0,1406.0,1409.0,599.0,605.0,604.0
6033.0,1409.0,1401.0,1413.0,600.0,606.0,604.0
6024.0,1416.0,1395.0,1403.0,602.0,604.0,604.0
6027.0,1405.0,1406.0,1404.0,602.0,606.0,604.0
6029.0,1402.0,1402.0,1414.0,605.0,602.0,604.0
6036.0,1400.0,1406.0,1408.0,606.0,606.0,610.0
6051.0,1403.0,1418.0,1413.0,605.0,606.0,606.0
6053.0,1412.0,1407.0,1416.0,603.0,608.0,607.0
6027.0,1404.0,1398.0,1407.0,602.0,607.0,609.0
6063.0,1416.0,1413.0,1416.0,605.0,606.0,607.0
6047.0,1410.0,1415.0,1406.0,603.0,605.0,608.0
6039.0,1405.0,1411.0,1406.0,604.0,607.0,606.0
6051.0,1408.0,1417.0,1405.0,607.0,606.0,608.0
6042.0,1405.0,1413.0,1406.0,609.0,603.0,606.0
6075.0,1418.0,1422.0,1412.0,605.0,609.0,609.0
6095.0,1414.0,1430.0,1414.0,612.0,612.0,613.0
6087.0,1420.0,1417.0,1419.0,609.0,612.0,610.0
6100.0,1420.0,1427.0,1419.0,613.0,612.0,609.0
6107.0,1427.0,1427.0,1421.0,609.0,614.0,609.0
6108.0,1424.0,1434.0,1418.0,607.0,613.0,612.0
6101.0,1425.0,1423.0,1415.0,610.0,616.0,612.0
6118.0,1421.0,1430.0,1427.0,613.0,614.0,613.0
6144.0,1438.0,1433.0,1430.0,617.0,617.0,609.0
6124.0,1432.0,1430.0,1421.0,616.0,612.0,613.0
6134.0,1432.0,1438.0,1420.0,616.0,614.0,614.0
6151.0,1435.0,1439.0,1437.0,616.0,611.0,613.0
6157.0,1438.0,1444.0,1434.0,614.0,614.0,613.0
6153.0,1431.0,1444.0,1432.0,618.0,612.0,616.0
6151.0,1436.0,1439.0,1430.0,617.0,613.0,616.0
6146.0,1433.0,1431.0,1436.0,619.0,613.0,614.0
6158.0,1447.0,1428.0,1436.0,617.0,617.0,613.0
6178.0,1444.0,1438.0,1444.0,620.0,616.0,616.0
6151.0,1437.0,1435.0,1438.0,614.0,615.0,612.0
6167.0,1447.0,1431.0,1440.0,618.0,618.0,613.0
6158.0,1441.0,1436.0,1436.0,619.0,613.0,613.0
6136.0,1427.0,1431.0,1433.0,617.0,613.0,615.0
6164.0,1430.0,1438.0,1447.0,620.0,616.0,613.0
6173.0,1436.0,1446.0,1443.0,619.0,614.0,615.0
6159.0,1432.0,1433.0,1449.0,617.0,614.0,614.0
6156.0,1434.0,1435.0,1442.0,615.0,615.0,615.0
6140.0,1428.0,1434.0,1434.0,617.0,615.0,612.0
6162.0,1441.0,1439.0,1435.0,618.0,615.0,614.0
6157.0,1435.0,1433.0,1447.0,615.0,612.0,615.0
6154.0,1441.0,1428.0,1436.0,618.0,614.0,617.0
6142.0,1440.0,1428.0,1437.0,614.0,611.0,612.0
6136.0,1433.0,1427.0,1437.0,612.0,611.0,616.0
6171.0,1440.0,1437.0,1443.0,619.0,619.0,613.0
6167.0,1447.0,1436.0,1437.0,615.0,612.0,620.0
6129.0,1441.0,1423.0,1432.0,613.0,610.0,610.0
6141.0,1438.0,1434.0,1426.0,617.0,614.0,612.0
6139.0,1439.0,1426.0,1434.0,616.0,611.0,613.0
6138.0,1436.0,1429.0,1435.0,612.0,615.0,611.0
6154.0,1442.0,1437.0,1432.0,614.0,615.0,614.0
6136.0,1438.0,1427.0,1430.0,614.0,614.0,613.0
6134.0,1434.0,1437.0,1428.0,610.0,614.0,611.0
6136.0,1431.0,1431.0,1433.0,610.0,615.0,616.0
6106.0,1425.0,1424.0,1425.0,611.0,609.0,612.0
6125.0,1430.0,1437.0,1422.0,610.0,612.0,614.0
6147.0,1440.0,1441.0,1420.0,614.0,614.0,618.0
6139.0,1431.0,1438.0,1428.0,612.0,618.0,612.0
6146.0,1430.0,1442.0,1425.0,614.0,615.0,620.0
6136.0,1430.0,1433.0,1434.0,608.0,614.0,617.0
6140.0,1430.0,1442.0,1426.0,614.0,614.0,614.0
6157.0,1429.0,1448.0,1430.0,614.0,616.0,620.0
6147.0,1435.0,1433.0,1433.0,615.0,615.0,616.0
6142.0,1434.0,1433.0,1430.0,612.0,615.0,618.0
6171.0,1442.0,1438.0,1438.0,618.0,618.0,617.0
6188.0,1443.0,1449.0,1440.0,615.0,620.0,621.0
6168.0,1439.0,1435.0,1437.0,620.0,619.0,618.0
6171.0,1432.0,1441.0,1438.0,619.0,620.0,621.0
6190.0,1448.0,1442.0,1439.0,617.0,621.0,623.0
6201.0,1449.0,1444.0,1437.0,621.0,627.0,623.0
6210.0,1456.0,1442.0,1443.0,622.0,623.0,624.0
6222.0,1453.0,1448.0,1450.0,624.0,624.0,623.0
6221.0,1454.0,1447.0,1445.0,626.0,627.0,622.0
6242.0,1457.0,1460.0,1453.0,624.0,621.0,627.0
6219.0,1451.0,1445.0,1452.0,623.0,623.0,625.0
6245.0,1457.0,1458.0,1457.0,626.0,625.0,622.0
6253.0,1462.0,1456.0,1458.0,626.0,627.0,624.0
6253.0,1466.0,1449.0,1462.0,624.0,625.0,627.0
6279.0,1468.0,1464.0,1459.0,630.0,629.0,629.0
6285.0,1468.0,1463.0,1472.0,627.0,629.0,626.0
6272.0,1465.0,1456.0,1469.0,627.0,625.0,630.0
6258.0,1456.0,1455.0,1467.0,625.0,626.0,629.0
6279.0,1465.0,1462.0,1465.0,626.0,630.0,631.0
6271.0,1454.0,1463.0,1469.0,629.0,627.0,629.0
6275.0,1461.0,1468.0,1460.0,628.0,629.0,629.0
6277.0,1458.0,1469.0,1465.0,628.0,628.0,629.0
6262.0,1449.0,1471.0,1459.0,630.0,629.0,624.0
6291.0,1468.0,1466.0,1470.0,631.0,627.0,629.0
6269.0,1450.0,1463.0,1464.0,631.0,630.0,631.0
6276.0,1460.0,1471.0,1463.0,628.0,627.0,627.0
6273.0,1465.0,1462.0,1469.0,625.0,625.0,627.0
6265.0,1456.0,1470.0,1462.0,626.0,624.0,627.0
6270.0,1458.0,1464.0,1466.0,628.0,625.0,629.0
6251.0,1451.0,1463.0,1462.0,627.0,623.0,625.0
6266.0,1457.0,1465.0,1467.0,626.0,624.0,627.0
6265.0,1466.0,1465.0,1457.0,626.0,625.0,626.0
6246.0,1456.0,1467.0,1454.0,624.0,623.0,622.0
6242.0,1457.0,1457.0,1455.0,626.0,623.0,624.0
6240.0,1449.0,1468.0,1458.0,621.0,621.0,623.0
6240.0,1463.0,1454.0,1455.0,625.0,622.0,621.0
6244.0,1462.0,1455.0,1460.0,622.0,624.0,621.0
6236.0,1460.0,1457.0,1449.0,626.0,622.0,622.0
6233.0,1461.0,1453.0,1449.0,627.0,622.0,621.0
6230.0,1457.0,1452.0,1450.0,625.0,625.0,621.0
6223.0,1456.0,1450.0,1455.0,621.0,620.0,621.0
6233.0,1465.0,1448.0,1452.0,623.0,621.0,624.0
6229.0,1453.0,1459.0,1448.0,622.0,624.0,623.0
6214.0,1456.0,1444.0,1452.0,621.0,619.0,622.0
6217.0,1455.0,1446.0,1449.0,624.0,621.0,622.0
6214.0,1453.0,1449.0,1444.0,625.0,623.0,620.0
6222.0,1453.0,1450.0,1453.0,623.0,621.0,622.0
6233.0,1451.0,1450.0,1452.0,627.0,627.0,626.0
6223.0,1452.0,1449.0,1459.0,621.0,622.0,620.0
6242.0,1455.0,1454.0,1462.0,624.0,625.0,622.0
6241.0,1453.0,1461.0,1458.0,626.0,622.0,621.0
6248.0,1454.0,1461.0,1460.0,623.0,626.0,624.0
6269.0,1457.0,1468.0,1468.0,625.0,624.0,627.0
6265.0,1460.0,1462.0,1467.0,625.0,626.0,625.0
6285.0,1470.0,1463.0,1465.0,628.0,629.0,630.0
6300.0,1470.0,1474.0,1469.0,626.0,633.0,628.0
6288.0,1475.0,1465.0,1469.0,630.0,626.0,623.0
6286.0,1473.0,1464.0,1468.0,624.0,628.0,629.0
6307.0,1471.0,1471.0,1475.0,628.0,630.0,632.0
6326.0,1477.0,1480.0,1478.0,634.0,629.0,628.0
6336.0,1481.0,1472.0,1484.0,631.0,635.0,633.0
6365.0,1485.0,1484.0,1490.0,638.0,636.0,632.0
6355.0,1486.0,1490.0,1482.0,633.0,630.0,634.0
6378.0,1496.0,1485.0,1490.0,636.0,637.0,634.0
6347.0,1483.0,1487.0,1480.0,634.0,631.0,632.0
6379.0,1487.0,1494.0,1491.0,638.0,637.0,632.0
6356.0,1479.0,1487.0,1483.0,636.0,638.0,633.0
6364.0,1479.0,1488.0,1490.0,636.0,634.0,637.0
6376.0,1486.0,1489.0,1487.0,639.0,637.0,638.0
6384.0,1484.0,1499.0,1486.0,640.0,636.0,639.0
6385.0,1488.0,1492.0,1495.0,636.0,635.0,639.0
6396.0,1494.0,1494.0,1493.0,640.0,637.0,638.0
6407.0,1485.0,1496.0,1500.0,644.0,641.0,641.0
6364.0,1480.0,1486.0,1484.0,640.0,637.0,637.0
6377.0,1485.0,1488.0,1486.0,640.0,639.0,639.0
6352.0,1478.0,1474.0,1484.0,638.0,640.0,638.0
6380.0,1483.0,1487.0,1491.0,641.0,638.0,640.0
6355.0,1480.0,1485.0,1477.0,636.0,638.0,639.0
6365.0,1487.0,1480.0,1482.0,637.0,641.0,638.0
6361.0,1474.0,1478.0,1492.0,639.0,638.0,640.0
6362.0,1479.0,1480.0,1485.0,641.0,638.0,639.0
6366.0,1486.0,1486.0,1483.0,635.0,639.0,637.0
6359.0,1488.0,1481.0,1483.0,635.0,638.0,634.0
6348.0,1477.0,1478.0,1478.0,638.0,642.0,635.0
6369.0,1491.0,1478.0,1483.0,639.0,637.0,641.0
6339.0,1482.0,1472.0,1473.0,637.0,639.0,636.0
6338.0,1482.0,1474.0,1475.0,637.0,633.0,637.0
6349.0,1483.0,1476.0,1479.0,640.0,635.0,636.0
6356.0,1488.0,1481.0,1476.0,635.0,636.0,640.0
6344.0,1486.0,1482.0,1468.0,633.0,637.0,638.0
6338.0,1479.0,1467.0,1483.0,637.0,634.0,638.0
6332.0,1481.0,1471.0,1476.0,633.0,635.0,636.0
6336.0,1481.0,1480.0,1474.0,634.0,635.0,632.0
6354.0,1478.0,1491.0,1480.0,634.0,636.0,635.0
6348.0,1491.0,1477.0,1475.0,633.0,634.0,638.0
6357.0,1479.0,1484.0,1486.0,634.0,638.0,636.0
6340.0,1477.0,1487.0,1471.0,631.0,638.0,636.0
6350.0,1476.0,1490.0,1477.0,636.0,634.0,637.0
6332.0,1477.0,1476.0,1471.0,635.0,635.0,638.0
6328.0,1476.0,1474.0,1481.0,632.0,629.0,636.0
6355.0,1480.0,1485.0,1485.0,632.0,634.0,639.0
6360.0,1476.0,1483.0,1488.0,637.0,638.0,638.0
6370.0,1483.0,1492.0,1485.0,634.0,636.0,640.0
6378.0,1486.0,1498.0,1483.0,638.0,635.0,638.0
6395.0,1491.0,1491.0,1498.0,637.0,639.0,639.0
6391.0,1491.0,1494.0,1492.0,640.0,637.0,637.0
6394.0,1497.0,1491.0,1494.0,634.0,638.0,640.0
6410.0,1497.0,1494.0,1501.0,636.0,641.0,641.0
6408.0,1492.0,1499.0,1498.0,639.0,640.0,640.0
6427.0,1499.0,1502.0,1501.0,640.0,638.0,647.0
6426.0,1504.0,1502.0,1496.0,642.0,641.0,641.0
6433.0,1499.0,1501.0,1512.0,640.0,636.0,645.0
6428.0,1496.0,1502.0,1507.0,641.0,642.0,640.0
6440.0,1507.0,1493.0,1513.0,641.0,639.0,647.0
6447.0,1502.0,1508.0,1506.0,644.0,645.0,642.0
6429.0,1506.0,1489.0,1510.0,638.0,643.0,643.0
6448.0,1503.0,1503.0,1510.0,644.0,644.0,644.0
6455.0,1507.0,1511.0,1504.0,645.0,645.0,643.0
6489.0,1519.0,1504.0,1521.0,650.0,647.0,648.0
6482.0,1523.0,1507.0,1520.0,645.0,644.0,643.0
6450.0,1510.0,1501.0,1510.0,645.0,642.0,642.0
6462.0,1507.0,1502.0,1516.0,648.0,646.0,643.0
6473.0,1514.0,1507.0,1509.0,648.0,651.0,644.0
6456.0,1509.0,1508.0,1504.0,644.0,644.0,647.0
6488.0,1509.0,1512.0,1521.0,653.0,648.0,645.0
6467.0,1508.0,1508.0,1514.0,644.0,647.0,646.0
6468.0,1506.0,1510.0,1511.0,646.0,649.0,646.0
6450.0,1505.0,1503.0,1509.0,648.0,643.0,642.0
6488.0,1508.0,1519.0,1515.0,649.0,650.0,647.0
6473.0,1511.0,1513.0,1509.0,651.0,646.0,643.0
6439.0,1501.0,1502.0,1500.0,647.0,646.0,643.0
6459.0,1509.0,1508.0,1501.0,650.0,644.0,647.0
6445.0,1496.0,1506.0,1508.0,648.0,643.0,644.0
6466.0,1509.0,1511.0,1503.0,647.0,648.0,648.0
6456.0,1506.0,1512.0,1502.0,650.0,644.0,642.0
6456.0,1506.0,1508.0,1502.0,650.0,648.0,642.0
6421.0,1496.0,1501.0,1491.0,644.0,646.0,643.0
6441.0,1503.0,1508.0,1490.0,649.0,648.0,643.0
6461.0,1501.0,1517.0,1503.0,646.0,649.0,645.0
6457.0,1510.0,1508.0,1500.0,648.0,645.0,646.0
6465.0,1504.0,1513.0,1505.0,651.0,648.0,644.0
6451.0,1509.0,1501.0,1508.0,650.0,641.0,642.0
6461.0,1511.0,1507.0,1504.0,646.0,645.0,648.0
6455.0,1506.0,1507.0,1499.0,648.0,649.0,646.0
6467.0,1504.0,1519.0,1504.0,644.0,649.0,647.0
6462.0,1512.0,1513.0,1505.0,647.0,647.0,638.0
6450.0,1507.0,1496.0,1510.0,645.0,646.0,646.0
6442.0,1498.0,1501.0,1506.0,644.0,649.0,644.0
6456.0,1506.0,1509.0,1506.0,642.0,647.0,646.0
6452.0,1503.0,1501.0,1508.0,642.0,649.0,649.0
6424.0,1500.0,1487.0,1503.0,645.0,646.0,643.0
6456.0,1506.0,1502.0,1511.0,645.0,648.0,644.0
6456.0,1499.0,1506.0,1509.0,648.0,648.0,646.0
6456.0,1504.0,1503.0,1512.0,646.0,644.0,647.0
6466.0,1494.0,1507.0,1517.0,647.0,651.0,650.0
6501.0,1513.0,1516.0,1522.0,648.0,651.0,651.0
6471.0,1498.0,1508.0,1518.0,651.0,645.0,651.0
6481.0,1520.0,1503.0,1514.0,646.0,648.0,650.0
6498.0,1515.0,1509.0,1518.0,650.0,653.0,653.0
6510.0,1514.0,1513.0,1525.0,650.0,655.0,653.0
6542.0,1527.0,1522.0,1532.0,650.0,653.0,658.0
6502.0,1514.0,1516.0,1522.0,648.0,648.0,654.0
6514.0,1521.0,1509.0,1530.0,646.0,653.0,655.0
6538.0,1523.0,1522.0,1530.0,655.0,655.0,653.0
6538.0,1527.0,1517.0,1536.0,651.0,653.0,654.0
6542.0,1526.0,1523.0,1534.0,649.0,653.0,657.0
6568.0,1535.0,1536.0,1530.0,654.0,654.0,659.0
6549.0,1531.0,1524.0,1526.0,654.0,656.0,658.0
6577.0,1536.0,1531.0,1538.0,655.0,657.0,660.0
6575.0,1537.0,1532.0,1540.0,656.0,654.0,656.0
6554.0,1530.0,1528.0,1527.0,657.0,653.0,659.0
6585.0,1541.0,1544.0,1528.0,658.0,658.0,656.0
6577.0,1535.0,1534.0,1537.0,657.0,657.0,657.0
6578.0,1534.0,1540.0,1528.0,657.0,657.0,662.0
6576.0,1531.0,1538.0,1540.0,653.0,655.0,659.0
6593.0,1534.0,1545.0,1538.0,657.0,660.0,659.0
6580.0,1530.0,1542.0,1533.0,655.0,657.0,663.0
6570.0,1528.0,1544.0,1528.0,655.0,656.0,659.0
6548.0,1525.0,1528.0,1530.0,655.0,653.0,657.0
6571.0,1529.0,1536.0,1530.0,658.0,658.0,660.0
6590.0,1531.0,1541.0,1544.0,659.0,655.0,660.0
6588.0,1537.0,1539.0,1538.0,658.0,654.0,662.0
6580.0,1536.0,1539.0,1528.0,660.0,660.0,657.0
6561.0,1535.0,1534.0,1524.0,661.0,650.0,657.0
6564.0,1535.0,1530.0,1527.0,659.0,656.0,657.0
6567.0,1530.0,1532.0,1534.0,658.0,656.0,657.0
6545.0,1524.0,1525.0,1529.0,658.0,655.0,654.0
6567.0,1532.0,1530.0,1529.0,660.0,658.0,658.0
6559.0,1537.0,1522.0,1529.0,660.0,655.0,656.0
6547.0,1538.0,1520.0,1524.0,655.0,655.0,655.0
6538.0,1525.0,1522.0,1525.0,657.0,654.0,655.0
6555.0,1526.0,1529.0,1533.0,657.0,655.0,655.0
6571.0,1541.0,1529.0,1533.0,655.0,657.0,656.0
6548.0,1540.0,1521.0,1520.0,658.0,654.0,655.0
6538.0,1529.0,1526.0,1520.0,657.0,654.0,652.0
6549.0,1533.0,1527.0,1523.0,658.0,654.0,654.0
6527.0,1529.0,1514.0,1525.0,654.0,654.0,651.0
6566.0,1538.0,1525.0,1532.0,660.0,655.0,656.0
6560.0,1528.0,1531.0,1537.0,659.0,654.0,651.0
6578.0,1533.0,1533.0,1540.0,662.0,657.0,653.0
6551.0,1528.0,1523.0,1534.0,658.0,655.0,653.0
6563.0,1529.0,1529.0,1537.0,658.0,656.0,654.0
6567.0,1532.0,1527.0,1539.0,659.0,656.0,654.0
6553.0,1528.0,1526.0,1529.0,655.0,660.0,655.0
6565.0,1523.0,1533.0,1539.0,658.0,656.0,656.0
6582.0,1533.0,1540.0,1539.0,657.0,657.0,656.0
6580.0,1529.0,1535.0,1548.0,656.0,660.0,652.0
6598.0,1536.0,1540.0,1549.0,658.0,659.0,656.0
6578.0,1535.0,1534.0,1537.0,657.0,663.0,652.0
6578.0,1528.0,1539.0,1542.0,655.0,659.0,655.0
6600.0,1541.0,1536.0,1544.0,659.0,663.0,657.0
6622.0,1541.0,1549.0,1550.0,662.0,661.0,659.0
6625.0,1543.0,1555.0,1546.0,659.0,662.0,660.0
6629.0,1544.0,1548.0,1550.0,661.0,664.0,662.0
6642.0,1554.0,1549.0,1547.0,664.0,666.0,662.0
6645.0,1547.0,1556.0,1555.0,661.0,665.0,661.0
6652.0,1551.0,1548.0,1556.0,665.0,670.0,662.0
6664.0,1552.0,1558.0,1562.0,664.0,668.0,660.0
6654.0,1553.0,1553.0,1554.0,662.0,670.0,662.0
6652.0,1554.0,1549.0,1554.0,665.0,666.0,664.0
6681.0,1563.0,1563.0,1551.0,664.0,672.0,668.0
6653.0,1559.0,1547.0,1557.0,661.0,664.0,665.0
6674.0,1559.0,1555.0,1559.0,666.0,667.0,668.0
6657.0,1556.0,1550.0,1547.0,668.0,669.0,667.0
6658.0,1552.0,1550.0,1558.0,666.0,668.0,664.0
6694.0,1563.0,1562.0,1561.0,671.0,669.0,668.0
6678.0,1557.0,1556.0,1557.0,667.0,672.0,669.0
6659.0,1556.0,1549.0,1550.0,667.0,668.0,669.0
6663.0,1549.0,1562.0,1551.0,664.0,668.0,669.0
6677.0,1561.0,1557.0,1554.0,665.0,670.0,670.0
6685.0,1560.0,1566.0,1549.0,669.0,670.0,671.0
6686.0,1553.0,1563.0,1565.0,667.0,669.0,669.0
6664.0,1553.0,1557.0,1559.0,664.0,666.0,665.0
6677.0,1560.0,1552.0,1558.0,669.0,666.0,672.0
6658.0,1551.0,1559.0,1548.0,668.0,665.0,667.0
6664.0,1546.0,1552.0,1561.0,667.0,667.0,671.0
6682.0,1558.0,1561.0,1556.0,667.0,669.0,671.0
6676.0,1563.0,1556.0,1556.0,672.0,662.0,667.0
6676.0,1549.0,1563.0,1561.0,667.0,669.0,667.0
6693.0,1563.0,1564.0,1557.0,665.0,669.0,675.0
6655.0,1553.0,1549.0,1554.0,667.0,666.0,666.0
6673.0,1557.0,1561.0,1554.0,671.0,665.0,665.0
6664.0,1557.0,1554.0,1556.0,668.0,661.0,668.0
6664.0,1558.0,1561.0,1549.0,666.0,661.0,669.0
6665.0,1559.0,1556.0,1548.0,666.0,666.0,670.0
6674.0,1553.0,1558.0,1562.0,670.0,661.0,670.0
6668.0,1555.0,1555.0,1563.0,667.0,662.0,666.0
6667.0,1552.0,1560.0,1553.0,670.0,667.0,665.0
6676.0,1555.0,1563.0,1561.0,667.0,663.0,667.0
6688.0,1567.0,1560.0,1560.0,669.0,664.0,668.0
6647.0,1549.0,1550.0,1552.0,668.0,661.0,667.0
6673.0,1556.0,1558.0,1556.0,670.0,665.0,668.0
6669.0,1552.0,1558.0,1557.0,667.0,665.0,670.0
6655.0,1542.0,1567.0,1552.0,667.0,661.0,666.0
6647.0,1546.0,1554.0,1551.0,668.0,663.0,665.0
6666.0,1544.0,1556.0,1562.0,669.0,666.0,669.0
6673.0,1550.0,1561.0,1565.0,663.0,668.0,666.0
6668.0,1548.0,1555.0,1559.0,670.0,666.0,670.0
6684.0,1553.0,1558.0,1566.0,669.0,669.0,669.0
6687.0,1552.0,1568.0,1553.0,675.0,670.0,669.0
6689.0,1561.0,1562.0,1560.0,670.0,670.0,666.0
6713.0,1566.0,1566.0,1569.0,670.0,670.0,672.0
6713.0,1568.0,1560.0,1571.0,674.0,667.0,673.0
6687.0,1563.0,1555.0,1559.0,673.0,669.0,668.0
6719.0,1570.0,1562.0,1571.0,673.0,669.0,674.0
6729.0,1575.0,1563.0,1573.0,674.0,671.0,673.0
6740.0,1582.0,1558.0,1576.0,674.0,673.0,677.0
6716.0,1568.0,1566.0,1564.0,672.0,672.0,674.0
6731.0,1573.0,1568.0,1572.0,671.0,674.0,673.0
6759.0,1576.0,1575.0,1580.0,676.0,677.0,675.0
6757.0,1577.0,1575.0,1579.0,673.0,679.0,674.0
6771.0,1586.0,1580.0,1577.0,675.0,678.0,675.0
6772.0,1587.0,1576.0,1577.0,676.0,680.0,676.0
6766.0,1576.0,1585.0,1576.0,675.0,678.0,676.0
6772.0,1580.0,1593.0,1576.0,671.0,678.0,674.0
6761.0,1585.0,1578.0,1569.0,674.0,677.0,678.0
6791.0,1584.0,1593.0,1577.0,675.0,684.0,678.0
6763.0,1580.0,1585.0,1576.0,674.0,674.0,674.0
6776.0,1580.0,1590.0,1575.0,676.0,679.0,676.0
6774.0,1586.0,1586.0,1569.0,677.0,679.0,677.0
6807.0,1589.0,1592.0,1587.0,676.0,682.0,681.0
6770.0,1571.0,1589.0,1575.0,678.0,681.0,676.0
6781.0,1582.0,1585.0,1584.0,676.0,679.0,675.0
6788.0,1575.0,1593.0,1583.0,679.0,680.0,678.0
6786.0,1573.0,1598.0,1579.0,679.0,682.0,675.0
6779.0,1581.0,1584.0,1575.0,681.0,682.0,676.0
6758.0,1573.0,1579.0,1574.0,674.0,680.0,678.0
6772.0,1572.0,1580.0,1586.0,677.0,680.0,677.0
6782.0,1577.0,1591.0,1582.0,678.0,678.0,676.0
6777.0,1584.0,1584.0,1578.0,675.0,678.0,678.0
6790.0,1574.0,1585.0,1594.0,678.0,680.0,679.0
6770.0,1578.0,1576.0,1579.0,679.0,681.0,677.0
6757.0,1574.0,1578.0,1573.0,678.0,679.0,675.0
6761.0,1575.0,1575.0,1584.0,675.0,673.0,679.0
6789.0,1584.0,1587.0,1583.0,678.0,679.0,678.0
6756.0,1574.0,1573.0,1585.0,675.0,675.0,674.0
6767.0,1582.0,1578.0,1579.0,677.0,679.0,672.0
6779.0,1583.0,1572.0,1593.0,680.0,677.0,674.0
6783.0,1587.0,1579.0,1583.0,676.0,680.0,678.0
6761.0,1588.0,1570.0,1582.0,678.0,669.0,674.0
6761.0,1573.0,1574.0,1584.0,679.0,678.0,673.0
6756.0,1573.0,1573.0,1583.0,679.0,675.0,673.0
6750.0,1574.0,1565.0,1583.0,676.0,677.0,675.0
6762.0,1575.0,1579.0,1577.0,676.0,678.0,677.0
6780.0,1578.0,1582.0,1586.0,679.0,676.0,679.0
6774.0,1580.0,1583.0,1580.0,681.0,673.0,677.0
6774.0,1575.0,1578.0,1588.0,678.0,677.0,678.0
6792.0,1585.0,1585.0,1583.0,683.0,675.0,681.0
6773.0,1576.0,1581.0,1585.0,677.0,675.0,679.0
6781.0,1579.0,1582.0,1583.0,678.0,678.0,681.0
6770.0,1574.0,1579.0,1581.0,678.0,676.0,682.0
6790.0,1580.0,1579.0,1590.0,681.0,676.0,684.0
6812.0,1588.0,1591.0,1586.0,682.0,678.0,687.0
6800.0,1583.0,1589.0,1588.0,680.0,679.0,681.0
6804.0,1578.0,1598.0,1583.0,682.0,679.0,684.0
6816.0,1589.0,1591.0,1592.0,680.0,681.0,683.0
6820.0,1593.0,1598.0,1593.0,679.0,676.0,681.0
6828.0,1593.0,1591.0,1591.0,683.0,684.0,686.0
6842.0,1597.0,1598.0,1591.0,685.0,683.0,688.0
6850.0,1602.0,1600.0,1598.0,682.0,681.0,687.0
6845.0,1592.0,1605.0,1594.0,681.0,686.0,687.0
6875.0,1607.0,1612.0,1599.0,687.0,682.0,688.0
6848.0,1595.0,1598.0,1592.0,688.0,685.0,690.0
6860.0,1605.0,1599.0,1600.0,684.0,683.0,689.0
6875.0,1611.0,1605.0,1599.0,685.0,686.0,689.0
6867.0,1607.0,1592.0,1601.0,689.0,690.0,688.0
6883.0,1609.0,1611.0,1601.0,685.0,687.0,690.0
6871.0,1608.0,1604.0,1598.0,685.0,685.0,691.0
6878.0,1605.0,1615.0,1601.0,685.0,684.0,688.0
6881.0,1604.0,1601.0,1606.0,688.0,688.0,694.0
6880.0,1612.0,1607.0,1599.0,688.0,686.0,688.0
6873.0,1605.0,1596.0,1606.0,691.0,686.0,689.0
6865.0,1607.0,1594.0,1600.0,684.0,689.0,691.0
6887.0,1606.0,1601.0,1608.0,687.0,694.0,691.0
6893.0,1601.0,1609.0,1612.0,689.0,692.0,690.0
6855.0,1595.0,1594.0,1606.0,685.0,688.0,687.0
6881.0,1597.0,1612.0,1604.0,689.0,691.0,688.0
6871.0,1596.0,1605.0,1606.0,685.0,688.0,691.0
6856.0,1593.0,1599.0,1605.0,684.0,688.0,687.0
6885.0,1602.0,1601.0,1609.0,689.0,692.0,692.0
6873.0,1598.0,1606.0,1604.0,688.0,690.0,687.0
6867.0,1603.0,1597.0,1603.0,687.0,690.0,687.0
6878.0,1604.0,1601.0,1611.0,685.0,691.0,686.0
6893.0,1609.0,1612.0,1608.0,685.0,691.0,688.0
6879.0,1611.0,1607.0,1599.0,686.0,689.0,687.0
6871.0,1601.0,1601.0,1614.0,681.0,688.0,686.0
6889.0,1606.0,1603.0,1613.0,690.0,688.0,689.0
6875.0,1600.0,1606.0,1609.0,688.0,688.0,684.0
6866.0,1599.0,1604.0,1605.0,686.0,684.0,688.0
6871.0,1600.0,1608.0,1603.0,683.0,690.0,687.0
6865.0,1606.0,1597.0,1604.0,684.0,688.0,686.0
6889.0,1607.0,1609.0,1605.0,689.0,690.0,689.0
6867.0,1601.0,1607.0,1604.0,686.0,687.0,682.0
6877.0,1604.0,1606.0,1606.0,689.0,689.0,683.0
6877.0,1603.0,1608.0,1607.0,687.0,687.0,685.0
6876.0,1607.0,1600.0,1609.0,687.0,689.0,684.0
6859.0,1597.0,1603.0,1596.0,690.0,688.0,685.0
6853.0,1598.0,1591.0,1603.0,691.0,684.0,686.0
6892.0,1608.0,1614.0,1607.0,691.0,689.0,683.0
6875.0,1598.0,1606.0,1609.0,689.0,688.0,685.0
6863.0,1602.0,1608.0,1593.0,687.0,689.0,684.0
6903.0,1606.0,1613.0,1611.0,694.0,691.0,688.0
6886.0,1606.0,1613.0,1603.0,688.0,692.0,684.0
6902.0,1609.0,1610.0,1610.0,692.0,691.0,690.0
6923.0,1613.0,1618.0,1606.0,698.0,697.0,691.0
6902.0,1607.0,1607.0,1613.0,692.0,693.0,690.0
6945.0,1619.0,1620.0,1623.0,695.0,693.0,695.0
6913.0,1611.0,1615.0,1612.0,695.0,689.0,691.0
6913.0,1614.0,1613.0,1615.0,691.0,690.0,690.0
6921.0,1617.0,1609.0,1609.0,696.0,695.0,695.0
6947.0,1626.0,1615.0,1619.0,695.0,695.0,697.0
6960.0,1635.0,1620.0,1624.0,695.0,695.0,691.0
6969.0,1636.0,1622.0,1623.0,697.0,696.0,695.0
6969.0,1636.0,1618.0,1621.0,702.0,695.0,697.0
6944.0,1630.0,1618.0,1615.0,695.0,694.0,692.0
6980.0,1635.0,1628.0,1626.0,696.0,696.0,699.0
6974.0,1629.0,1620.0,1628.0,700.0,700.0,697.0
6969.0,1629.0,1619.0,1629.0,698.0,694.0,700.0
6963.0,1632.0,1620.0,1619.0,699.0,695.0,698.0
6990.0,1641.0,1628.0,1627.0,700.0,697.0,697.0
6982.0,1633.0,1631.0,1629.0,695.0,696.0,698.0
7008.0,1635.0,1638.0,1634.0,701.0,701.0,699.0
7010.0,1636.0,1635.0,1643.0,699.0,696.0,701.0
6988.0,1624.0,1630.0,1636.0,699.0,699.0,700.0
6992.0,1627.0,1628.0,1639.0,698.0,699.0,701.0
7023.0,1634.0,1639.0,1648.0,702.0,701.0,699.0
6988.0,1632.0,1635.0,1630.0,696.0,696.0,699.0
6979.0,1623.0,1632.0,1633.0,697.0,695.0,699.0
6987.0,1626.0,1639.0,1630.0,695.0,697.0,700.0
6985.0,1618.0,1632.0,1641.0,697.0,699.0,698.0
6996.0,1630.0,1638.0,1633.0,697.0,697.0,701.0
6997.0,1633.0,1629.0,1641.0,698.0,696.0,700.0
6989.0,1627.0,1636.0,1633.0,695.0,699.0,699.0
6983.0,1624.0,1635.0,1631.0,697.0,696.0,700.0
6985.0,1640.0,1626.0,1630.0,694.0,696.0,699.0
6996.0,1630.0,1644.0,1637.0,691.0,696.0,698.0
7012.0,1637.0,1638.0,1640.0,698.0,697.0,702.0
6968.0,1626.0,1622.0,1629.0,694.0,698.0,699.0
6976.0,1624.0,1628.0,1635.0,696.0,695.0,698.0
6981.0,1624.0,1631.0,1633.0,698.0,697.0,698.0
6983.0,1634.0,1630.0,1631.0,695.0,695.0,698.0
6977.0,1623.0,1624.0,1636.0,698.0,695.0,701.0
6956.0,1622.0,1622.0,1622.0,695.0,697.0,698.0
6990.0,1632.0,1626.0,1634.0,700.0,697.0,701.0
6951.0,1625.0,1618.0,1617.0,692.0,699.0,700.0
6971.0,1626.0,1621.0,1631.0,695.0,697.0,701.0
6956.0,1622.0,1621.0,1621.0,698.0,697.0,697.0
6973.0,1624.0,1625.0,1627.0,699.0,700.0,698.0
6957.0,1625.0,1618.0,1620.0,698.0,698.0,698.0
6957.0,1614.0,1619.0,1628.0,699.0,698.0,699.0
6987.0,1626.0,1625.0,1632.0,700.0,702.0,702.0
6988.0,1630.0,1630.0,1620.0,701.0,705.0,702.0
6982.0,1630.0,1628.0,1629.0,699.0,697.0,699.0
6997.0,1631.0,1635.0,1625.0,700.0,704.0,702.0
6979.0,1631.0,1627.0,1621.0,702.0,700.0,698.0
6988.0,1628.0,1627.0,1631.0,702.0,701.0,699.0
7018.0,1640.0,1634.0,1633.0,703.0,703.0,705.0
7014.0,1636.0,1632.0,1636.0,702.0,707.0,701.0
7031.0,1646.0,1633.0,1643.0,707.0,702.0,700.0
7002.0,1636.0,1627.0,1629.0,701.0,703.0,706.0
7026.0,1638.0,1637.0,1641.0,702.0,703.0,705.0
7019.0,1640.0,1639.0,1626.0,707.0,707.0,700.0
7049.0,1638.0,1653.0,1637.0,706.0,708.0,707.0
7052.0,1650.0,1648.0,1640.0,705.0,704.0,705.0
7051.0,1648.0,1650.0,1634.0,708.0,707.0,704.0
7069.0,1657.0,1647.0,1645.0,707.0,706.0,707.0
7089.0,1662.0,1657.0,1645.0,710.0,709.0,706.0
7074.0,1654.0,1656.0,1645.0,708.0,707.0,704.0
7071.0,1653.0,1652.0,1643.0,709.0,710.0,704.0
7089.0,1654.0,1660.0,1653.0,709.0,707.0,706.0
7101.0,1660.0,1655.0,1658.0,711.0,710.0,707.0
7092.0,1662.0,1655.0,1657.0,707.0,707.0,704.0
7088.0,1657.0,1658.0,1647.0,710.0,707.0,709.0
7082.0,1654.0,1648.0,1664.0,707.0,706.0,703.0
7103.0,1659.0,1656.0,1663.0,707.0,713.0,705.0
7085.0,1645.0,1658.0,1659.0,708.0,708.0,707.0
7089.0,1653.0,1649.0,1657.0,710.0,710.0,710.0
7096.0,1643.0,1661.0,1657.0,712.0,710.0,713.0
7092.0,1656.0,1653.0,1663.0,708.0,705.0,707.0
7086.0,1641.0,1651.0,1666.0,713.0,709.0,706.0
7087.0,1654.0,1651.0,1658.0,710.0,707.0,707.0
7097.0,1648.0,1660.0,1661.0,710.0,707.0,711.0
7080.0,1661.0,1645.0,1653.0,708.0,707.0,706.0
7087.0,1646.0,1656.0,1661.0,710.0,707.0,707.0
7068.0,1648.0,1647.0,1656.0,707.0,706.0,704.0
7098.0,1661.0,1652.0,1658.0,710.0,709.0,708.0
7084.0,1654.0,1645.0,1663.0,708.0,708.0,706.0
7078.0,1655.0,1653.0,1649.0,709.0,704.0,708.0
7079.0,1655.0,1646.0,1659.0,705.0,708.0,706.0
7066.0,1655.0,1651.0,1646.0,702.0,708.0,704.0
7070.0,1649.0,1650.0,1649.0,708.0,705.0,709.0
7064.0,1655.0,1643.0,1646.0,704.0,710.0,706.0
7072.0,1654.0,1651.0,1653.0,706.0,706.0,702.0
7064.0,1658.0,1645.0,1645.0,707.0,707.0,702.0
7075.0,1656.0,1655.0,1647.0,705.0,704.0,708.0
7091.0,1656.0,1651.0,1660.0,706.0,708.0,710.0
7067.0,1645.0,1647.0,1653.0,707.0,707.0,708.0
7076.0,1660.0,1653.0,1643.0,709.0,704.0,707.0
7068.0,1655.0,1655.0,1642.0,707.0,702.0,707.0
7063.0,1657.0,1646.0,1644.0,703.0,707.0,706.0
7079.0,1652.0,1662.0,1644.0,709.0,705.0,707.0
7067.0,1646.0,1652.0,1653.0,704.0,704.0,708.0
7079.0,1650.0,1660.0,1647.0,706.0,706.0,710.0
7079.0,1642.0,1661.0,1653.0,705.0,708.0,710.0
7073.0,1648.0,1653.0,1647.0,709.0,707.0,709.0
7085.0,1652.0,1655.0,1651.0,708.0,708.0,711.0
7091.0,1653.0,1656.0,1654.0,709.0,709.0,710.0
7093.0,1645.0,1665.0,1648.0,711.0,711.0,713.0
7102.0,1657.0,1661.0,1653.0,712.0,710.0,709.0
7130.0,1655.0,1671.0,1660.0,716.0,714.0,714.0
7118.0,1658.0,1668.0,1653.0,713.0,711.0,715.0
7124.0,1665.0,1664.0,1656.0,715.0,710.0,714.0
7151.0,1664.0,1675.0,1665.0,716.0,713.0,718.0
7144.0,1666.0,1668.0,1664.0,714.0,717.0,715.0
7141.0,1668.0,1664.0,1665.0,714.0,715.0,715.0
7172.0,1675.0,1672.0,1669.0,716.0,717.0,723.0
7160.0,1669.0,1667.0,1667.0,718.0,718.0,721.0
7160.0,1668.0,1671.0,1666.0,721.0,719.0,715.0
7164.0,1669.0,1668.0,1668.0,717.0,719.0,723.0
7177.0,1685.0,1671.0,1666.0,717.0,719.0,719.0
7188.0,1683.0,1672.0,1674.0,719.0,720.0,720.0
7208.0,1691.0,1675.0,1678.0,721.0,723.0,720.0
7190.0,1677.0,1669.0,1679.0,720.0,721.0,724.0
7213.0,1685.0,1682.0,1682.0,722.0,722.0,720.0
7192.0,1677.0,1673.0,1680.0,720.0,724.0,718.0
7193.0,1670.0,1679.0,1686.0,721.0,718.0,719.0
7188.0,1681.0,1660.0,1684.0,722.0,720.0,721.0
7210.0,1676.0,1677.0,1689.0,725.0,721.0,722.0
7223.0,1681.0,1679.0,1694.0,722.0,726.0,721.0
7212.0,1680.0,1681.0,1685.0,724.0,721.0,721.0
7214.0,1679.0,1684.0,1684.0,724.0,720.0,723.0
7206.0,1675.0,1675.0,1686.0,723.0,724.0,723.0
7194.0,1663.0,1689.0,1678.0,720.0,721.0,723.0
7193.0,1668.0,1684.0,1686.0,715.0,720.0,720.0
7206.0,1679.0,1684.0,1683.0,719.0,720.0,721.0
7197.0,1684.0,1681.0,1677.0,718.0,719.0,718.0
7177.0,1673.0,1680.0,1673.0,717.0,717.0,717.0
7196.0,1682.0,1676.0,1681.0,716.0,723.0,718.0
7177.0,1666.0,1679.0,1678.0,715.0,721.0,718.0
7195.0,1684.0,1679.0,1682.0,717.0,717.0,716.0
7205.0,1675.0,1681.0,1683.0,722.0,722.0,722.0
7196.0,1674.0,1684.0,1683.0,716.0,718.0,721.0
7182.0,1678.0,1678.0,1674.0,717.0,720.0,715.0
7190.0,1679.0,1680.0,1677.0,719.0,718.0,717.0
7177.0,1674.0,1684.0,1671.0,715.0,718.0,715.0
7185.0,1682.0,1680.0,1673.0,715.0,716.0,719.0
7163.0,1671.0,1682.0,1667.0,713.0,713.0,717.0
7163.0,1675.0,1673.0,1673.0,712.0,715.0,715.0
7163.0,1672.0,1677.0,1669.0,717.0,716.0,712.0
7156.0,1676.0,1670.0,1671.0,712.0,716.0,711.0
7151.0,1666.0,1670.0,1667.0,713.0,717.0,718.0
7179.0,1672.0,1677.0,1678.0,715.0,719.0,718.0
7157.0,1668.0,1675.0,1670.0,713.0,715.0,716.0
7174.0,1679.0,1674.0,1673.0,714.0,716.0,718.0
7153.0,1662.0,1676.0,1667.0,714.0,716.0,718.0
7186.0,1684.0,1673.0,1672.0,720.0,720.0,717.0
7158.0,1670.0,1667.0,1667.0,721.0,717.0,716.0
7182.0,1677.0,1670.0,1680.0,718.0,718.0,719.0
7175.0,1664.0,1675.0,1673.0,722.0,720.0,721.0
7199.0,1675.0,1681.0,1678.0,720.0,724.0,721.0
7207.0,1681.0,1682.0,1683.0,721.0,721.0,719.0
7210.0,1690.0,1683.0,1680.0,720.0,720.0,717.0
7205.0,1680.0,1680.0,1682.0,725.0,722.0,716.0
7231.0,1694.0,1683.0,1689.0,724.0,721.0,720.0
7238.0,1690.0,1678.0,1697.0,726.0,722.0,725.0
7251.0,1695.0,1687.0,1692.0,726.0,722.0,729.0
7269.0,1695.0,1699.0,1697.0,725.0,725.0,728.0
7254.0,1701.0,1689.0,1692.0,728.0,723.0,721.0
7270.0,1690.0,1697.0,1701.0,732.0,723.0,727.0
7281.0,1705.0,1700.0,1696.0,728.0,728.0,724.0
7319.0,1712.0,1706.0,1705.0,736.0,731.0,729.0
7303.0,1707.0,1706.0,1705.0,731.0,729.0,725.0
7304.0,1702.0,1708.0,1702.0,736.0,728.0,728.0
7296.0,1704.0,1701.0,1707.0,728.0,727.0,729.0
7290.0,1705.0,1695.0,1706.0,730.0,729.0,725.0
7317.0,1703.0,1711.0,1711.0,734.0,729.0,729.0
7314.0,1708.0,1708.0,1705.0,733.0,730.0,730.0
7324.0,1709.0,1708.0,1712.0,730.0,734.0,731.0
7316.0,1697.0,1711.0,1711.0,734.0,731.0,732.0
7316.0,1709.0,1705.0,1712.0,731.0,727.0,732.0
7314.0,1702.0,1703.0,1713.0,734.0,733.0,729.0
7318.0,1702.0,1708.0,1708.0,732.0,736.0,732.0
7317.0,1704.0,1714.0,1704.0,731.0,732.0,732.0
7305.0,1694.0,1706.0,1710.0,732.0,731.0,732.0
7304.0,1702.0,1707.0,1705.0,730.0,730.0,730.0
7312.0,1699.0,1706.0,1712.0,731.0,731.0,733.0
7300.0,1697.0,1706.0,1703.0,730.0,732.0,732.0
7299.0,1701.0,1698.0,1707.0,732.0,728.0,733.0
7302.0,1702.0,1705.0,1701.0,729.0,732.0,733.0
7279.0,1701.0,1700.0,1691.0,726.0,732.0,729.0
7299.0,1707.0,1704.0,1700.0,728.0,729.0,731.0
7273.0,1702.0,1691.0,1693.0,729.0,730.0,728.0
7291.0,1705.0,1706.0,1693.0,727.0,731.0,729.0
7296.0,1709.0,1701.0,1694.0,730.0,731.0,731.0
7281.0,1694.0,1702.0,1696.0,727.0,731.0,731.0
7301.0,1709.0,1699.0,1706.0,729.0,730.0,728.0
7270.0,1715.0,1689.0,1681.0,724.0,727.0,734.0
7273.0,1698.0,1695.0,1693.0,728.0,729.0,730.0
7287.0,1709.0,1693.0,1700.0,727.0,728.0,730.0
7267.0,1693.0,1697.0,1689.0,725.0,732.0,731.0
7271.0,1696.0,1693.0,1696.0,728.0,730.0,728.0
7282.0,1704.0,1702.0,1686.0,730.0,728.0,732.0
7278.0,1696.0,1694.0,1694.0,729.0,735.0,730.0
7273.0,1695.0,1697.0,1693.0,729.0,729.0,730.0
7278.0,1698.0,1702.0,1696.0,727.0,727.0,728.0
7276.0,1698.0,1696.0,1698.0,731.0,726.0,727.0
7282.0,1699.0,1693.0,1706.0,723.0,731.0,730.0
7295.0,1696.0,1714.0,1700.0,729.0,726.0,730.0
7296.0,1692.0,1711.0,1701.0,729.0,733.0,730.0
7285.0,1699.0,1697.0,1702.0,728.0,727.0,732.0
7327.0,1707.0,1713.0,1706.0,731.0,734.0,736.0
7308.0,1699.0,1710.0,1709.0,729.0,728.0,733.0
7305.0,1706.0,1710.0,1703.0,730.0,728.0,728.0
7320.0,1699.0,1712.0,1709.0,734.0,733.0,733.0
7344.0,1708.0,1719.0,1716.0,733.0,732.0,736.0
7344.0,1707.0,1722.0,1713.0,735.0,731.0,736.0
7352.0,1715.0,1718.0,1717.0,734.0,734.0,734.0
7353.0,1711.0,1721.0,1723.0,732.0,732.0,734.0
7367.0,1725.0,1722.0,1714.0,737.0,735.0,734.0
7383.0,1724.0,1725.0,1725.0,737.0,734.0,738.0
7386.0,1724.0,1719.0,1732.0,738.0,734.0,739.0
7386.0,1728.0,1717.0,1734.0,739.0,732.0,736.0
7392.0,1733.0,1721.0,1726.0,739.0,737.0,736.0
7404.0,1733.0,1722.0,1731.0,741.0,739.0,738.0
7370.0,1721.0,1712.0,1722.0,737.0,737.0,741.0
7405.0,1730.0,1725.0,1735.0,742.0,735.0,738.0
7400.0,1725.0,1726.0,1733.0,741.0,736.0,739.0
7418.0,1733.0,1726.0,1735.0,744.0,740.0,740.0
7388.0,1725.0,1718.0,1732.0,738.0,738.0,737.0
7394.0,1728.0,1711.0,1733.0,742.0,741.0,739.0
7414.0,1732.0,1724.0,1742.0,741.0,739.0,736.0
7403.0,1722.0,1724.0,1737.0,744.0,740.0,736.0
7401.0,1727.0,1718.0,1734.0,745.0,738.0,739.0
7391.0,1722.0,1729.0,1728.0,740.0,738.0,734.0
7410.0,1722.0,1728.0,1736.0,745.0,740.0,739.0
7410.0,1736.0,1726.0,1727.0,744.0,739.0,738.0
7414.0,1729.0,1731.0,1733.0,743.0,737.0,741.0
7393.0,1720.0,1722.0,1731.0,740.0,740.0,740.0
7390.0,1720.0,1727.0,1722.0,742.0,739.0,740.0
7407.0,1727.0,1727.0,1726.0,743.0,740.0,744.0
7392.0,1730.0,1726.0,1716.0,742.0,737.0,741.0
7405.0,1724.0,1738.0,1728.0,740.0,734.0,741.0
7409.0,1730.0,1731.0,1722.0,745.0,743.0,738.0
7372.0,1718.0,1720.0,1721.0,739.0,738.0,736.0
7387.0,1727.0,1724.0,1721.0,739.0,739.0,737.0
7410.0,1735.0,1733.0,1723.0,741.0,741.0,737.0
7401.0,1731.0,1723.0,1723.0,742.0,740.0,742.0
7383.0,1725.0,1723.0,1725.0,740.0,737.0,733.0
7402.0,1733.0,1724.0,1728.0,740.0,738.0,739.0
7386.0,1723.0,1727.0,1718.0,739.0,742.0,737.0
7375.0,1722.0,1729.0,1717.0,732.0,737.0,738.0
7404.0,1731.0,1733.0,1725.0,737.0,741.0,737.0
7390.0,1722.0,1728.0,1725.0,738.0,738.0,739.0
7395.0,1735.0,1727.0,1719.0,735.0,741.0,738.0
7383.0,1722.0,1731.0,1717.0,737.0,741.0,735.0
7364.0,1712.0,1718.0,1722.0,741.0,736.0,735.0
7381.0,1727.0,1726.0,1716.0,736.0,740.0,736.0
7403.0,1727.0,1731.0,1725.0,737.0,745.0,738.0
7397.0,1723.0,1726.0,1727.0,739.0,742.0,740.0
7397.0,1723.0,1722.0,1731.0,738.0,742.0,741.0
7421.0,1727.0,1733.0,1737.0,738.0,744.0,742.0
7405.0,1724.0,1727.0,1733.0,737.0,742.0,742.0
7417.0,1727.0,1732.0,1736.0,739.0,742.0,741.0
7416.0,1727.0,1732.0,1728.0,739.0,746.0,744.0
7420.0,1733.0,1726.0,1733.0,743.0,742.0,743.0
7423.0,1729.0,1730.0,1736.0,737.0,745.0,746.0
7428.0,1731.0,1729.0,1740.0,738.0,745.0,745.0
7437.0,1736.0,1729.0,1738.0,745.0,745.0,744.0
7453.0,1742.0,1732.0,1739.0,743.0,747.0,750.0
7435.0,1740.0,1728.0,1726.0,745.0,749.0,747.0
7453.0,1743.0,1726.0,1746.0,741.0,750.0,747.0
7458.0,1748.0,1729.0,1742.0,745.0,746.0,748.0
7495.0,1747.0,1741.0,1758.0,747.0,751.0,751.0
7498.0,1745.0,1746.0,1754.0,751.0,752.0,750.0
7499.0,1754.0,1737.0,1756.0,750.0,750.0,752.0
7485.0,1752.0,1743.0,1738.0,750.0,751.0,751.0
7498.0,1748.0,1747.0,1753.0,748.0,748.0,754.0
7506.0,1753.0,1748.0,1753.0,753.0,749.0,750.0
7496.0,1750.0,1743.0,1752.0,748.0,751.0,752.0
7493.0,1747.0,1746.0,1751.0,749.0,751.0,749.0
7530.0,1760.0,1756.0,1755.0,754.0,750.0,755.0
7510.0,1753.0,1755.0,1750.0,750.0,750.0,752.0
7521.0,1747.0,1763.0,1751.0,755.0,751.0,754.0
7519.0,1752.0,1766.0,1745.0,755.0,748.0,753.0
7532.0,1754.0,1767.0,1754.0,754.0,751.0,752.0
7519.0,1751.0,1758.0,1751.0,756.0,751.0,752.0
7532.0,1750.0,1768.0,1752.0,756.0,750.0,756.0
7506.0,1749.0,1751.0,1750.0,756.0,749.0,751.0
7515.0,1754.0,1761.0,1742.0,755.0,751.0,752.0
7510.0,1748.0,1759.0,1748.0,753.0,750.0,752.0
7507.0,1746.0,1756.0,1747.0,753.0,752.0,753.0
7504.0,1749.0,1755.0,1743.0,756.0,751.0,750.0
7495.0,1753.0,1753.0,1743.0,750.0,748.0,748.0
7498.0,1750.0,1754.0,1750.0,751.0,746.0,747.0
7496.0,1750.0,1754.0,1741.0,751.0,750.0,750.0
7499.0,1762.0,1750.0,1737.0,753.0,748.0,749.0
7501.0,1761.0,1752.0,1742.0,750.0,748.0,748.0
7472.0,1746.0,1739.0,1741.0,751.0,745.0,750.0
7497.0,1757.0,1747.0,1743.0,751.0,748.0,751.0
7485.0,1747.0,1744.0,1746.0,748.0,748.0,752.0
7481.0,1752.0,1736.0,1748.0,748.0,748.0,749.0
7477.0,1758.0,1741.0,1739.0,751.0,745.0,743.0
7488.0,1756.0,1743.0,1737.0,755.0,748.0,749.0
7477.0,1747.0,1740.0,1744.0,748.0,748.0,750.0
7503.0,1755.0,1744.0,1755.0,748.0,751.0,750.0
7468.0,1736.0,1737.0,1748.0,751.0,750.0,746.0
7450.0,1736.0,1734.0,1750.0,744.0,741.0,745.0
7488.0,1746.0,1745.0,1754.0,751.0,746.0,746.0
7477.0,1743.0,1740.0,1748.0,750.0,749.0,747.0
7493.0,1753.0,1738.0,1755.0,749.0,750.0,748.0
7487.0,1746.0,1748.0,1745.0,750.0,751.0,747.0
7496.0,1752.0,1751.0,1755.0,746.0,746.0,746.0
7522.0,1752.0,1754.0,1755.0,758.0,753.0,750.0
7497.0,1746.0,1745.0,1759.0,752.0,749.0,746.0
7492.0,1748.0,1742.0,1755.0,747.0,752.0,748.0
7514.0,1758.0,1750.0,1751.0,753.0,753.0,749.0
7538.0,1760.0,1762.0,1756.0,753.0,755.0,752.0
7532.0,1749.0,1759.0,1765.0,750.0,757.0,752.0
7545.0,1755.0,1768.0,1765.0,749.0,757.0,751.0
7561.0,1770.0,1763.0,1767.0,753.0,756.0,752.0
7542.0,1755.0,1761.0,1770.0,751.0,752.0,753.0
7560.0,1770.0,1756.0,1771.0,754.0,755.0,754.0
7571.0,1772.0,1760.0,1768.0,755.0,759.0,757.0
7549.0,1765.0,1758.0,1761.0,755.0,760.0,750.0
7557.0,1759.0,1761.0,1772.0,756.0,755.0,754.0
7593.0,1772.0,1779.0,1767.0,757.0,758.0,760.0
7602.0,1782.0,1777.0,1766.0,759.0,760.0,758.0
7601.0,1778.0,1775.0,1773.0,757.0,760.0,758.0
7613.0,1779.0,1775.0,1778.0,760.0,760.0,761.0
7619.0,1783.0,1784.0,1769.0,758.0,763.0,762.0
7621.0,1777.0,1781.0,1780.0,761.0,764.0,758.0
7615.0,1779.0,1771.0,1778.0,762.0,764.0,761.0
7610.0,1775.0,1774.0,1775.0,765.0,762.0,759.0
7609.0,1775.0,1772.0,1774.0,761.0,763.0,764.0
7605.0,1772.0,1774.0,1771.0,763.0,764.0,761.0
7623.0,1774.0,1781.0,1778.0,764.0,764.0,762.0
7609.0,1774.0,1776.0,1769.0,762.0,764.0,764.0
7596.0,1773.0,1770.0,1762.0,763.0,764.0,764.0
7594.0,1769.0,1766.0,1774.0,761.0,763.0,761.0
7609.0,1767.0,1767.0,1780.0,763.0,767.0,765.0
7596.0,1765.0,1777.0,1766.0,762.0,763.0,763.0
7598.0,1771.0,1768.0,1771.0,763.0,762.0,763.0
7606.0,1775.0,1769.0,1775.0,763.0,761.0,763.0
7597.0,1767.0,1772.0,1772.0,760.0,763.0,763.0
7611.0,1776.0,1779.0,1771.0,763.0,760.0,762.0
7606.0,1769.0,1771.0,1775.0,763.0,763.0,765.0
7623.0,1779.0,1776.0,1777.0,763.0,764.0,764.0
7592.0,1770.0,1780.0,1761.0,761.0,759.0,761.0
7614.0,1773.0,1780.0,1776.0,761.0,760.0,764.0
7583.0,1774.0,1767.0,1767.0,759.0,756.0,760.0
7628.0,1781.0,1780.0,1775.0,768.0,760.0,764.0
7593.0,1773.0,1766.0,1773.0,760.0,759.0,762.0
7604.0,1779.0,1772.0,1771.0,764.0,758.0,760.0
7577.0,1766.0,1773.0,1765.0,758.0,759.0,756.0
7609.0,1777.0,1772.0,1774.0,761.0,762.0,763.0
7601.0,1779.0,1768.0,1778.0,760.0,756.0,760.0
7603.0,1776.0,1772.0,1775.0,761.0,758.0,761.0
7610.0,1772.0,1780.0,1774.0,759.0,763.0,762.0
7597.0,1773.0,1778.0,1770.0,760.0,756.0,760.0
7615.0,1778.0,1777.0,1777.0,760.0,759.0,764.0
7593.0,1765.0,1775.0,1776.0,762.0,758.0,757.0
7614.0,1773.0,1780.0,1782.0,759.0,758.0,762.0
7611.0,1772.0,1778.0,1778.0,761.0,759.0,763.0
7607.0,1774.0,1777.0,1782.0,756.0,757.0,761.0
7618.0,1767.0,1776.0,1788.0,761.0,762.0,764.0
7608.0,1777.0,1773.0,1775.0,759.0,761.0,763.0
7632.0,1779.0,1778.0,1789.0,763.0,760.0,763.0
7639.0,1786.0,1785.0,1780.0,761.0,762.0,765.0
7631.0,1775.0,1782.0,1786.0,763.0,763.0,762.0
7622.0,1775.0,1784.0,1777.0,762.0,760.0,764.0
7616.0,1775.0,1770.0,1784.0,761.0,760.0,766.0
7639.0,1782.0,1783.0,1780.0,765.0,763.0,766.0
7662.0,1784.0,1785.0,1794.0,767.0,768.0,764.0
7631.0,1779.0,1770.0,1787.0,765.0,767.0,763.0
7643.0,1786.0,1781.0,1780.0,765.0,765.0,766.0
7676.0,1794.0,1790.0,1793.0,764.0,766.0,769.0
7671.0,1795.0,1787.0,1789.0,766.0,769.0,765.0
7705.0,1810.0,1788.0,1798.0,770.0,770.0,769.0
7693.0,1807.0,1790.0,1791.0,769.0,769.0,767.0
7700.0,1803.0,1795.0,1793.0,769.0,772.0,768.0
7702.0,1805.0,1790.0,1795.0,771.0,771.0,770.0
7690.0,1799.0,1791.0,1790.0,770.0,771.0,769.0
7708.0,1803.0,1794.0,1803.0,770.0,770.0,768.0
7727.0,1808.0,1806.0,1791.0,772.0,776.0,774.0
7727.0,1802.0,1802.0,1809.0,769.0,774.0,771.0
7679.0,1802.0,1787.0,1785.0,770.0,769.0,766.0
7704.0,1802.0,1793.0,1795.0,770.0,773.0,771.0
7729.0,1796.0,1806.0,1806.0,773.0,774.0,774.0
7719.0,1793.0,1804.0,1800.0,776.0,776.0,770.0
7715.0,1799.0,1797.0,1807.0,771.0,773.0,768.0
7707.0,1800.0,1793.0,1799.0,773.0,771.0,771.0
7688.0,1790.0,1794.0,1790.0,773.0,772.0,769.0
7709.0,1790.0,1808.0,1797.0,774.0,772.0,768.0
7746.0,1808.0,1810.0,1806.0,774.0,776.0,772.0
7730.0,1799.0,1811.0,1807.0,776.0,771.0,766.0
7733.0,1799.0,1805.0,1813.0,774.0,774.0,768.0
7710.0,1806.0,1798.0,1798.0,770.0,772.0,766.0
7691.0,1794.0,1797.0,1787.0,772.0,772.0,769.0
7700.0,1794.0,1792.0,1798.0,776.0,777.0,763.0
7716.0,1800.0,1807.0,1798.0,770.0,773.0,768.0
7695.0,1792.0,1803.0,1793.0,773.0,767.0,767.0
7707.0,1795.0,1799.0,1805.0,769.0,771.0,768.0
7701.0,1802.0,1792.0,1795.0,774.0,770.0,768.0
7715.0,1799.0,1802.0,1801.0,774.0,771.0,768.0
7717.0,1804.0,1796.0,1805.0,773.0,771.0,768.0
7714.0,1797.0,1799.0,1803.0,776.0,772.0,767.0
7695.0,1798.0,1788.0,1796.0,773.0,772.0,768.0
7707.0,1792.0,1801.0,1801.0,775.0,769.0,769.0
7717.0,1798.0,1794.0,1808.0,772.0,770.0,775.0
7693.0,1806.0,1780.0,1798.0,770.0,770.0,769.0
7713.0,1800.0,1795.0,1803.0,772.0,770.0,773.0
7701.0,1798.0,1797.0,1798.0,772.0,770.0,766.0
7684.0,1793.0,1787.0,1794.0,771.0,769.0,770.0
7727.0,1795.0,1803.0,1806.0,771.0,778.0,774.0
7726.0,1797.0,1803.0,1807.0,774.0,773.0,772.0
7708.0,1794.0,1798.0,1804.0,772.0,767.0,773.0
7686.0,1795.0,1793.0,1794.0,768.0,767.0,769.0
7713.0,1795.0,1800.0,1804.0,772.0,770.0,772.0
7703.0,1797.0,1798.0,1792.0,772.0,772.0,772.0
7748.0,1811.0,1804.0,1811.0,774.0,771.0,777.0
7742.0,1802.0,1801.0,1816.0,770.0,772.0,781.0
7733.0,1796.0,1801.0,1816.0,775.0,772.0,773.0
7743.0,1811.0,1805.0,1806.0,774.0,773.0,774.0
7766.0,1806.0,1816.0,1811.0,777.0,776.0,780.0
7766.0,1810.0,1813.0,1811.0,777.0,776.0,779.0
7772.0,1821.0,1808.0,1814.0,774.0,776.0,779.0
7786.0,1818.0,1822.0,1814.0,775.0,775.0,782.0
7767.0,1812.0,1813.0,1812.0,778.0,776.0,776.0
7798.0,1820.0,1827.0,1819.0,776.0,775.0,781.0
7808.0,1830.0,1822.0,1819.0,774.0,780.0,783.0
7792.0,1818.0,1819.0,1815.0,777.0,780.0,783.0
7789.0,1825.0,1821.0,1806.0,779.0,778.0,780.0
7826.0,1837.0,1827.0,1824.0,779.0,779.0,780.0
7805.0,1824.0,1825.0,1818.0,780.0,776.0,782.0
7815.0,1820.0,1826.0,1822.0,782.0,780.0,785.0
7810.0,1824.0,1832.0,1814.0,777.0,780.0,783.0
7800.0,1822.0,1826.0,1817.0,777.0,779.0,779.0
7791.0,1818.0,1825.0,1814.0,778.0,776.0,780.0
7835.0,1831.0,1830.0,1820.0,783.0,783.0,788.0
7825.0,1826.0,1835.0,1819.0,777.0,782.0,786.0
7816.0,1825.0,1834.0,1818.0,779.0,778.0,782.0
7800.0,1821.0,1822.0,1819.0,781.0,778.0,779.0
7820.0,1821.0,1825.0,1829.0,783.0,779.0,783.0
7824.0,1813.0,1832.0,1833.0,782.0,779.0,785.0
7815.0,1824.0,1817.0,1824.0,786.0,781.0,783.0
7819.0,1821.0,1825.0,1830.0,780.0,779.0,784.0
7824.0,1824.0,1827.0,1824.0,783.0,780.0,786.0
7818.0,1825.0,1818.0,1825.0,784.0,782.0,784.0
7820.0,1830.0,1815.0,1828.0,782.0,782.0,783.0
7813.0,1828.0,1820.0,1822.0,783.0,781.0,779.0
7803.0,1816.0,1817.0,1826.0,783.0,780.0,781.0
7813.0,1822.0,1822.0,1825.0,782.0,782.0,780.0
7782.0,1818.0,1807.0,1817.0,781.0,780.0,779.0
7795.0,1819.0,1818.0,1819.0,780.0,781.0,778.0
7814.0,1825.0,1823.0,1824.0,779.0,780.0,783.0
7795.0,1817.0,1813.0,1822.0,782.0,782.0,779.0
7794.0,1824.0,1809.0,1822.0,778.0,783.0,778.0
7800.0,1815.0,1824.0,1830.0,778.0,777.0,776.0
7800.0,1818.0,1820.0,1820.0,779.0,783.0,780.0
7801.0,1817.0,1819.0,1823.0,780.0,782.0,780.0
7799.0,1819.0,1824.0,1816.0,782.0,783.0,775.0
7801.0,1821.0,1817.0,1824.0,779.0,782.0,778.0
7798.0,1811.0,1818.0,1827.0,780.0,783.0,779.0
7822.0,1827.0,1830.0,1818.0,785.0,786.0,776.0
7813.0,1815.0,1822.0,1832.0,781.0,783.0,780.0
7827.0,1831.0,1829.0,1822.0,786.0,779.0,780.0
7802.0,1812.0,1824.0,1817.0,783.0,787.0,779.0
7806.0,1824.0,1819.0,1817.0,783.0,782.0,781.0
7813.0,1820.0,1831.0,1819.0,782.0,783.0,778.0
7835.0,1821.0,1835.0,1825.0,788.0,785.0,781.0
7799.0,1812.0,1824.0,1819.0,782.0,784.0,778.0
7848.0,1824.0,1845.0,1830.0,781.0,787.0,781.0
7853.0,1830.0,1840.0,1835.0,783.0,783.0,782.0
7862.0,1835.0,1834.0,1833.0,788.0,788.0,784.0
7845.0,1833.0,1833.0,1830.0,786.0,782.0,781.0
7872.0,1839.0,1839.0,1831.0,788.0,790.0,785.0
7862.0,1838.0,1839.0,1827.0,785.0,788.0,785.0
7854.0,1838.0,1834.0,1828.0,786.0,784.0,784.0
7871.0,1843.0,1838.0,1830.0,785.0,787.0,788.0
7868.0,1843.0,1837.0,1827.0,787.0,787.0,787.0
7879.0,1849.0,1826.0,1842.0,788.0,789.0,785.0
7900.0,1849.0,1840.0,1841.0,792.0,789.0,789.0
7910.0,1853.0,1844.0,1844.0,791.0,792.0,786.0
7894.0,1853.0,1836.0,1841.0,790.0,787.0,787.0
7886.0,1849.0,1840.0,1831.0,789.0,789.0,788.0
7890.0,1843.0,1844.0,1839.0,784.0,789.0,791.0
7887.0,1847.0,1835.0,1834.0,788.0,789.0,794.0
7912.0,1854.0,1838.0,1843.0,792.0,790.0,795.0
7918.0,1854.0,1836.0,1853.0,791.0,792.0,792.0
7923.0,1853.0,1844.0,1848.0,792.0,793.0,793.0
7926.0,1848.0,1853.0,1850.0,790.0,793.0,792.0
7928.0,1849.0,1854.0,1849.0,794.0,790.0,792.0
7915.0,1845.0,1839.0,1856.0,791.0,791.0,793.0
7925.0,1847.0,1848.0,1849.0,793.0,791.0,797.0
7920.0,1849.0,1847.0,1851.0,794.0,788.0,791.0
7918.0,1840.0,1851.0,1853.0,791.0,793.0,790.0
7932.0,1852.0,1849.0,1855.0,791.0,788.0,797.0
7919.0,1842.0,1851.0,1853.0,790.0,791.0,792.0
7926.0,1849.0,1847.0,1854.0,790.0,792.0,794.0
7914.0,1842.0,1843.0,1855.0,792.0,788.0,794.0
7921.0,1843.0,1847.0,1858.0,790.0,791.0,792.0
7923.0,1844.0,1853.0,1855.0,790.0,788.0,793.0
7927.0,1852.0,1853.0,1854.0,789.0,790.0,789.0
7926.0,1841.0,1849.0,1858.0,792.0,790.0,796.0
7913.0,1847.0,1846.0,1847.0,792.0,789.0,792.0
7915.0,1844.0,1851.0,1850.0,793.0,787.0,790.0
7924.0,1848.0,1848.0,1864.0,791.0,783.0,790.0
7936.0,1858.0,1846.0,1855.0,794.0,792.0,791.0
7919.0,1845.0,1852.0,1855.0,788.0,789.0,790.0
7913.0,1844.0,1844.0,1848.0,791.0,792.0,794.0
7899.0,1839.0,1837.0,1849.0,792.0,790.0,792.0
7912.0,1841.0,1850.0,1844.0,793.0,792.0,792.0
7916.0,1847.0,1853.0,1846.0,791.0,791.0,788.0
7895.0,1840.0,1841.0,1842.0,793.0,788.0,791.0
7922.0,1850.0,1848.0,1846.0,793.0,790.0,795.0
7903.0,1846.0,1845.0,1839.0,794.0,787.0,792.0
7922.0,1840.0,1852.0,1853.0,791.0,791.0,795.0
7905.0,1848.0,1833.0,1845.0,794.0,791.0,794.0
7927.0,1854.0,1846.0,1843.0,799.0,794.0,791.0
7916.0,1842.0,1846.0,1847.0,792.0,798.0,791.0
7922.0,1846.0,1844.0,1849.0,795.0,794.0,794.0
7930.0,1850.0,1847.0,1851.0,794.0,793.0,795.0
7913.0,1845.0,1843.0,1844.0,792.0,795.0,794.0
7941.0,1846.0,1850.0,1852.0,797.0,797.0,799.0
7925.0,1849.0,1850.0,1846.0,794.0,795.0,791.0
7942.0,1853.0,1854.0,1850.0,794.0,796.0,795.0
7942.0,1851.0,1851.0,1852.0,796.0,797.0,795.0
7959.0,1861.0,1855.0,1854.0,798.0,797.0,794.0
7961.0,1859.0,1857.0,1854.0,794.0,798.0,799.0
7954.0,1852.0,1861.0,1850.0,797.0,799.0,795.0
7976.0,1862.0,1860.0,1863.0,796.0,799.0,796.0
7969.0,1860.0,1857.0,1856.0,798.0,802.0,796.0
7998.0,1867.0,1867.0,1864.0,798.0,801.0,801.0
7992.0,1869.0,1862.0,1862.0,800.0,803.0,796.0
8020.0,1874.0,1871.0,1868.0,804.0,803.0,800.0
8024.0,1871.0,1881.0,1869.0,798.0,802.0,803.0
8015.0,1871.0,1875.0,1865.0,798.0,803.0,803.0
8018.0,1879.0,1876.0,1862.0,799.0,803.0,799.0
8039.0,1876.0,1885.0,1876.0,799.0,804.0,799.0
8015.0,1872.0,1873.0,1863.0,800.0,806.0,801.0
8023.0,1865.0,1877.0,1878.0,800.0,801.0,802.0
8034.0,1869.0,1884.0,1870.0,801.0,806.0,804.0
8029.0,1865.0,1880.0,1883.0,802.0,801.0,798.0
8027.0,1871.0,1879.0,1875.0,797.0,807.0,798.0
8022.0,1868.0,1869.0,1876.0,801.0,804.0,804.0
8039.0,1875.0,1876.0,1883.0,797.0,806.0,802.0
8047.0,1876.0,1882.0,1878.0,800.0,808.0,803.0
8028.0,1868.0,1877.0,1874.0,803.0,801.0,805.0
8031.0,1867.0,1876.0,1880.0,804.0,804.0,800.0
8019.0,1866.0,1875.0,1877.0,801.0,801.0,799.0
8035.0,1871.0,1871.0,1883.0,801.0,807.0,802.0
8031.0,1871.0,1883.0,1876.0,799.0,801.0,801.0
8016.0,1868.0,1872.0,1877.0,800.0,798.0,801.0
8028.0,1875.0,1867.0,1880.0,801.0,803.0,802.0
8014.0,1871.0,1866.0,1878.0,800.0,801.0,798.0
7992.0,1869.0,1867.0,1856.0,801.0,800.0,799.0
8007.0,1874.0,1868.0,1866.0,802.0,798.0,799.0
8012.0,1874.0,1868.0,1868.0,800.0,800.0,802.0
8025.0,1879.0,1870.0,1872.0,803.0,801.0,800.0
8005.0,1873.0,1855.0,1871.0,802.0,801.0,803.0
8018.0,1871.0,1866.0,1876.0,799.0,803.0,803.0
8023.0,1876.0,1869.0,1874.0,801.0,802.0,801.0
8020.0,1875.0,1872.0,1872.0,802.0,801.0,798.0
8004.0,1874.0,1864.0,1863.0,804.0,798.0,801.0
8011.0,1875.0,1863.0,1873.0,801.0,799.0,800.0
8008.0,1874.0,1863.0,1870.0,800.0,800.0,801.0
8005.0,1864.0,1872.0,1873.0,801.0,799.0,796.0
7996.0,1868.0,1865.0,1862.0,800.0,799.0,802.0
8015.0,1867.0,1868.0,1869.0,808.0,802.0,801.0
7968.0,1862.0,1854.0,1856.0,800.0,797.0,799.0
8004.0,1867.0,1865.0,1865.0,805.0,799.0,803.0
8007.0,1874.0,1870.0,1863.0,801.0,798.0,801.0
8027.0,1876.0,1872.0,1872.0,804.0,800.0,803.0
8020.0,1865.0,1878.0,1865.0,809.0,802.0,801.0
8052.0,1873.0,1882.0,1874.0,811.0,804.0,808.0
8035.0,1868.0,1884.0,1873.0,803.0,801.0,806.0
8046.0,1870.0,1883.0,1877.0,806.0,803.0,807.0
8062.0,1875.0,1884.0,1875.0,810.0,808.0,810.0
8049.0,1870.0,1884.0,1871.0,808.0,806.0,810.0
8058.0,1879.0,1889.0,1877.0,807.0,802.0,804.0
8072.0,1876.0,1888.0,1883.0,807.0,807.0,811.0
8075.0,1884.0,1880.0,1884.0,809.0,810.0,808.0
8076.0,1882.0,1887.0,1877.0,808.0,810.0,812.0
8114.0,1892.0,1891.0,1897.0,813.0,810.0,811.0
8119.0,1898.0,1895.0,1891.0,812.0,811.0,812.0
8107.0,1899.0,1886.0,1884.0,812.0,812.0,814.0
8113.0,1895.0,1891.0,1897.0,810.0,810.0,810.0
8112.0,1890.0,1895.0,1888.0,814.0,811.0,814.0
8119.0,1892.0,1889.0,1897.0,811.0,813.0,817.0
8136.0,1902.0,1893.0,1895.0,815.0,816.0,815.0
8145.0,1898.0,1892.0,1911.0,812.0,814.0,818.0
8146.0,1897.0,1897.0,1907.0,812.0,818.0,815.0
8141.0,1901.0,1889.0,1905.0,815.0,816.0,815.0
8140.0,1907.0,1889.0,1902.0,810.0,816.0,816.0
8142.0,1897.0,1891.0,1905.0,813.0,817.0,819.0
8158.0,1900.0,1905.0,1910.0,815.0,812.0,816.0
8140.0,1894.0,1898.0,1902.0,814.0,818.0,814.0
8141.0,1891.0,1895.0,1911.0,811.0,818.0,815.0
8120.0,1889.0,1892.0,1903.0,810.0,810.0,816.0
8151.0,1893.0,1906.0,1909.0,811.0,819.0,813.0
8131.0,1891.0,1895.0,1900.0,815.0,814.0,816.0
8137.0,1896.0,1903.0,1895.0,811.0,815.0,817.0
8137.0,1895.0,1894.0,1905.0,812.0,817.0,814.0
8110.0,1882.0,1888.0,1903.0,810.0,812.0,815.0
8142.0,1896.0,1893.0,1913.0,810.0,816.0,814.0
8147.0,1900.0,1900.0,1901.0,815.0,818.0,813.0
8124.0,1890.0,1900.0,1896.0,812.0,815.0,811.0
8121.0,1892.0,1895.0,1898.0,812.0,814.0,810.0
8136.0,1894.0,1902.0,1903.0,811.0,817.0,809.0
8135.0,1901.0,1903.0,1892.0,811.0,814.0,814.0
8147.0,1897.0,1907.0,1899.0,812.0,814.0,818.0
8130.0,1902.0,1895.0,1897.0,809.0,818.0,809.0
8103.0,1893.0,1891.0,1886.0,812.0,810.0,811.0
8132.0,1904.0,1902.0,1888.0,811.0,813.0,814.0
8110.0,1895.0,1893.0,1895.0,811.0,813.0,803.0
8100.0,1892.0,1896.0,1886.0,807.0,809.0,810.0
8098.0,1895.0,1889.0,1896.0,806.0,803.0,809.0
8097.0,1897.0,1899.0,1875.0,810.0,809.0,807.0
8120.0,1896.0,1901.0,1892.0,809.0,812.0,810.0
8110.0,1889.0,1897.0,1889.0,815.0,811.0,809.0
8120.0,1898.0,1901.0,1887.0,809.0,812.0,813.0
8145.0,1901.0,1903.0,1902.0,814.0,812.0,813.0
8111.0,1889.0,1894.0,1895.0,812.0,812.0,809.0
8124.0,1894.0,1889.0,1906.0,810.0,812.0,813.0
8107.0,1885.0,1893.0,1892.0,814.0,814.0,809.0
8127.0,1892.0,1899.0,1902.0,814.0,812.0,808.0
8132.0,1898.0,1900.0,1899.0,816.0,811.0,808.0
8111.0,1890.0,1887.0,1897.0,813.0,813.0,811.0
8157.0,1900.0,1907.0,1901.0,821.0,817.0,811.0
8141.0,1900.0,1900.0,1898.0,818.0,815.0,810.0
8150.0,1907.0,1903.0,1900.0,815.0,812.0,813.0
8151.0,1906.0,1898.0,1901.0,817.0,815.0,814.0
8159.0,1897.0,1908.0,1905.0,820.0,812.0,817.0
8174.0,1909.0,1901.0,1912.0,817.0,816.0,819.0
8202.0,1914.0,1915.0,1917.0,822.0,817.0,817.0
8200.0,1919.0,1907.0,1918.0,821.0,817.0,818.0
8210.0,1919.0,1916.0,1916.0,822.0,816.0,821.0
8203.0,1924.0,1910.0,1914.0,819.0,819.0,817.0
8220.0,1921.0,1915.0,1922.0,822.0,819.0,821.0
8237.0,1914.0,1921.0,1932.0,828.0,824.0,818.0
8225.0,1919.0,1920.0,1918.0,827.0,819.0,822.0
8236.0,1925.0,1921.0,1919.0,827.0,818.0,826.0
8214.0,1918.0,1916.0,1918.0,823.0,818.0,821.0
8259.0,1925.0,1926.0,1934.0,826.0,826.0,822.0
8251.0,1926.0,1929.0,1925.0,826.0,821.0,824.0
8238.0,1929.0,1920.0,1923.0,822.0,823.0,821.0
8247.0,1917.0,1924.0,1935.0,824.0,822.0,825.0
8232.0,1918.0,1923.0,1924.0,820.0,823.0,824.0
8259.0,1917.0,1931.0,1932.0,826.0,826.0,827.0
8240.0,1915.0,1924.0,1930.0,825.0,822.0,824.0
8242.0,1921.0,1923.0,1927.0,827.0,821.0,823.0
8219.0,1914.0,1918.0,1918.0,823.0,823.0,823.0
8240.0,1914.0,1931.0,1926.0,824.0,821.0,824.0
8228.0,1913.0,1924.0,1922.0,821.0,823.0,825.0
8221.0,1913.0,1923.0,1914.0,823.0,825.0,823.0
8230.0,1922.0,1914.0,1918.0,824.0,827.0,825.0
8235.0,1923.0,1926.0,1916.0,823.0,823.0,824.0
8227.0,1923.0,1917.0,1915.0,822.0,827.0,823.0
8243.0,1925.0,1929.0,1921.0,821.0,826.0,821.0
8220.0,1921.0,1916.0,1918.0,821.0,820.0,824.0
8240.0,1919.0,1925.0,1924.0,821.0,826.0,825.0
8212.0,1921.0,1915.0,1910.0,819.0,822.0,825.0
8218.0,1927.0,1912.0,1913.0,821.0,821.0,824.0
8213.0,1920.0,1917.0,1910.0,820.0,822.0,824.0
8207.0,1923.0,1915.0,1908.0,817.0,823.0,821.0
8201.0,1919.0,1908.0,1904.0,821.0,825.0,824.0
8230.0,1924.0,1915.0,1916.0,820.0,829.0,826.0
8201.0,1914.0,1905.0,1917.0,819.0,824.0,822.0
8205.0,1913.0,1908.0,1917.0,819.0,826.0,822.0
8214.0,1915.0,1913.0,1915.0,820.0,825.0,826.0
8193.0,1908.0,1917.0,1910.0,817.0,823.0,818.0
8203.0,1921.0,1903.0,1912.0,820.0,824.0,823.0
8208.0,1928.0,1907.0,1906.0,821.0,823.0,823.0
8203.0,1915.0,1906.0,1914.0,825.0,824.0,819.0
8185.0,1907.0,1901.0,1916.0,822.0,821.0,818.0
8226.0,1917.0,1921.0,1916.0,822.0,823.0,827.0
8232.0,1924.0,1916.0,1917.0,824.0,827.0,824.0
8217.0,1916.0,1915.0,1913.0,825.0,823.0,825.0
8245.0,1923.0,1924.0,1922.0,827.0,824.0,825.0
8261.0,1921.0,1929.0,1922.0,830.0,830.0,829.0
8278.0,1926.0,1934.0,1935.0,829.0,826.0,828.0
8244.0,1915.0,1935.0,1920.0,824.0,825.0,825.0
8261.0,1926.0,1926.0,1928.0,829.0,825.0,827.0
8283.0,1927.0,1934.0,1934.0,828.0,832.0,828.0
8280.0,1925.0,1931.0,1941.0,832.0,825.0,826.0
8287.0,1923.0,1939.0,1945.0,829.0,826.0,825.0
8304.0,1939.0,1938.0,1936.0,830.0,828.0,833.0
8303.0,1948.0,1936.0,1938.0,829.0,826.0,826.0
8328.0,1940.0,1945.0,1945.0,834.0,832.0,832.0
8319.0,1941.0,1943.0,1943.0,833.0,830.0,829.0
8341.0,1944.0,1949.0,1947.0,836.0,835.0,830.0
8317.0,1946.0,1947.0,1938.0,830.0,829.0,827.0
8340.0,1950.0,1943.0,1949.0,835.0,833.0,830.0
8354.0,1952.0,1949.0,1951.0,839.0,833.0,830.0
8328.0,1946.0,1943.0,1945.0,833.0,830.0,831.0
8336.0,1941.0,1946.0,1948.0,836.0,831.0,834.0
8369.0,1951.0,1958.0,1957.0,836.0,831.0,836.0
8338.0,1944.0,1944.0,1947.0,836.0,834.0,833.0
8337.0,1939.0,1944.0,1946.0,836.0,833.0,839.0
8347.0,1942.0,1953.0,1953.0,835.0,830.0,834.0
8330.0,1940.0,1944.0,1943.0,838.0,833.0,832.0
8335.0,1944.0,1935.0,1954.0,836.0,833.0,833.0
8339.0,1940.0,1943.0,1949.0,840.0,834.0,833.0
8335.0,1946.0,1942.0,1952.0,836.0,831.0,828.0
8347.0,1937.0,1948.0,1957.0,836.0,837.0,832.0
8343.0,1942.0,1951.0,1946.0,836.0,835.0,833.0
8310.0,1936.0,1943.0,1936.0,835.0,827.0,833.0
8349.0,1947.0,1948.0,1947.0,837.0,835.0,835.0
8320.0,1941.0,1938.0,1944.0,834.0,832.0,831.0
8329.0,1946.0,1939.0,1942.0,835.0,834.0,833.0
8326.0,1949.0,1942.0,1937.0,833.0,830.0,835.0
8327.0,1948.0,1944.0,1941.0,834.0,830.0,830.0
8334.0,1946.0,1944.0,1943.0,837.0,832.0,832.0
8304.0,1947.0,1938.0,1928.0,833.0,829.0,829.0
8317.0,1945.0,1940.0,1937.0,830.0,834.0,831.0
8316.0,1946.0,1944.0,1933.0,831.0,832.0,830.0
8309.0,1941.0,1937.0,1939.0,829.0,832.0,831.0
8327.0,1947.0,1947.0,1938.0,829.0,833.0,833.0
8322.0,1942.0,1943.0,1942.0,830.0,834.0,831.0
8335.0,1952.0,1943.0,1945.0,830.0,832.0,833.0
8298.0,1941.0,1940.0,1933.0,829.0,828.0,827.0
8343.0,1947.0,1953.0,1943.0,832.0,832.0,836.0
8341.0,1941.0,1952.0,1948.0,833.0,833.0,834.0
8324.0,1941.0,1949.0,1938.0,830.0,832.0,834.0
8333.0,1943.0,1946.0,1950.0,831.0,829.0,834.0
8323.0,1933.0,1941.0,1951.0,831.0,833.0,834.0
8343.0,1941.0,1951.0,1952.0,831.0,836.0,832.0
8334.0,1939.0,1945.0,1944.0,832.0,836.0,838.0
8331.0,1937.0,1949.0,1942.0,833.0,836.0,834.0
8362.0,1946.0,1949.0,1959.0,835.0,838.0,835.0
8339.0,1938.0,1948.0,1947.0,832.0,837.0,837.0
8356.0,1940.0,1949.0,1955.0,838.0,835.0,839.0
8367.0,1952.0,1949.0,1954.0,836.0,837.0,839.0
8382.0,1942.0,1958.0,1962.0,838.0,841.0,841.0
8390.0,1957.0,1954.0,1962.0,837.0,839.0,841.0
8389.0,1958.0,1953.0,1960.0,838.0,840.0,840.0
8380.0,1946.0,1955.0,1964.0,836.0,838.0,841.0
8408.0,1960.0,1958.0,1967.0,841.0,844.0,838.0
8408.0,1963.0,1955.0,1963.0,840.0,845.0,842.0
8412.0,1966.0,1951.0,1971.0,841.0,840.0,843.0
8427.0,1965.0,1961.0,1968.0,843.0,847.0,843.0
8430.0,1967.0,1962.0,1967.0,847.0,845.0,842.0
8431.0,1972.0,1958.0,1968.0,845.0,845.0,843.0
8424.0,1964.0,1964.0,1969.0,842.0,839.0,846.0
8428.0,1972.0,1956.0,1972.0,843.0,845.0,840.0
8460.0,1978.0,1968.0,1975.0,845.0,847.0,847.0
8430.0,1966.0,1953.0,1970.0,850.0,845.0,846.0
8449.0,1973.0,1968.0,1972.0,843.0,849.0,844.0
8462.0,1973.0,1972.0,1979.0,847.0,846.0,845.0
8454.0,1968.0,1966.0,1981.0,844.0,849.0,846.0
8429.0,1968.0,1964.0,1964.0,841.0,846.0,846.0
8444.0,1968.0,1969.0,1964.0,848.0,847.0,848.0
8447.0,1968.0,1970.0,1969.0,846.0,844.0,850.0
8456.0,1967.0,1978.0,1976.0,845.0,846.0,844.0
8451.0,1964.0,1983.0,1967.0,847.0,843.0,847.0
8449.0,1972.0,1974.0,1965.0,847.0,843.0,848.0
8444.0,1970.0,1978.0,1964.0,846.0,839.0,847.0
8451.0,1970.0,1972.0,1972.0,846.0,844.0,847.0
8421.0,1968.0,1963.0,1965.0,843.0,839.0,843.0
8437.0,1967.0,1970.0,1970.0,844.0,844.0,842.0
8440.0,1965.0,1975.0,1964.0,845.0,846.0,845.0
8423.0,1969.0,1968.0,1957.0,844.0,839.0,846.0
8426.0,1966.0,1972.0,1961.0,841.0,846.0,840.0
8445.0,1972.0,1976.0,1966.0,845.0,844.0,842.0
8419.0,1968.0,1967.0,1960.0,843.0,839.0,842.0
8410.0,1964.0,1970.0,1963.0,838.0,838.0,837.0
8430.0,1973.0,1968.0,1964.0,841.0,842.0,842.0
8427.0,1977.0,1967.0,1960.0,841.0,839.0,843.0
8442.0,1974.0,1972.0,1968.0,840.0,843.0,845.0
8411.0,1966.0,1964.0,1958.0,839.0,841.0,843.0
8411.0,1962.0,1959.0,1968.0,839.0,839.0,844.0
8425.0,1963.0,1965.0,1973.0,842.0,840.0,842.0
8436.0,1971.0,1965.0,1979.0,841.0,841.0,839.0
8421.0,1968.0,1962.0,1971.0,838.0,842.0,840.0
8405.0,1956.0,1957.0,1965.0,841.0,844.0,842.0
8425.0,1966.0,1966.0,1973.0,840.0,840.0,840.0
8428.0,1970.0,1970.0,1963.0,842.0,839.0,844.0
8400.0,1962.0,1949.0,1966.0,840.0,842.0,841.0
8429.0,1965.0,1968.0,1970.0,843.0,842.0,841.0
8412.0,1957.0,1969.0,1966.0,841.0,838.0,841.0
8457.0,1971.0,1972.0,1981.0,844.0,845.0,844.0
8434.0,1961.0,1967.0,1979.0,844.0,842.0,841.0
8449.0,1967.0,1967.0,1978.0,849.0,844.0,844.0
8450.0,1974.0,1968.0,1979.0,844.0,843.0,842.0
8444.0,1965.0,1975.0,1973.0,845.0,846.0,840.0
8450.0,1972.0,1969.0,1975.0,845.0,845.0,844.0
8487.0,1975.0,1977.0,1992.0,850.0,846.0,847.0
8496.0,1979.0,1983.0,1988.0,848.0,848.0,850.0
8491.0,1987.0,1981.0,1978.0,848.0,852.0,845.0
8505.0,1984.0,1985.0,1989.0,846.0,851.0,850.0
8520.0,1990.0,1987.0,1988.0,855.0,852.0,848.0
8507.0,1985.0,1983.0,1986.0,852.0,853.0,848.0
8522.0,1982.0,1998.0,1984.0,850.0,855.0,853.0
8543.0,1997.0,1997.0,1993.0,854.0,851.0,851.0
8555.0,1999.0,1999.0,1995.0,854.0,856.0,852.0
8538.0,2001.0,1994.0,1982.0,853.0,857.0,851.0
8550.0,1994.0,1999.0,1995.0,856.0,853.0,853.0
8547.0,1995.0,2000.0,1987.0,857.0,856.0,852.0
8585.0,2008.0,2004.0,2006.0,856.0,858.0,853.0
8588.0,2010.0,1997.0,2005.0,860.0,859.0,857.0
8555.0,1997.0,1999.0,1994.0,859.0,854.0,852.0
8544.0,1996.0,1997.0,1984.0,857.0,855.0,855.0
8552.0,1993.0,1994.0,1997.0,857.0,859.0,852.0
8559.0,1994.0,2000.0,1998.0,859.0,852.0,856.0
8556.0,1991.0,2000.0,1990.0,859.0,860.0,856.0
8548.0,1995.0,1992.0,1989.0,859.0,858.0,855.0
8555.0,1993.0,1995.0,1994.0,859.0,857.0,857.0
8564.0,1992.0,2004.0,1992.0,858.0,861.0,857.0
8540.0,1993.0,1991.0,1988.0,857.0,856.0,855.0
8534.0,1988.0,1990.0,1993.0,857.0,854.0,852.0
8538.0,1994.0,1988.0,1993.0,855.0,851.0,857.0
8530.0,1988.0,1984.0,1990.0,856.0,856.0,856.0
8550.0,1996.0,1995.0,1992.0,856.0,852.0,859.0
8539.0,1989.0,1993.0,1991.0,854.0,855.0,857.0
8530.0,1992.0,1984.0,1988.0,856.0,854.0,856.0
8529.0,1988.0,1989.0,1982.0,858.0,859.0,853.0
8527.0,1989.0,1983.0,1995.0,854.0,854.0,852.0
8517.0,1988.0,1981.0,1984.0,852.0,853.0,859.0
8542.0,2001.0,1987.0,1993.0,853.0,856.0,852.0
8519.0,1986.0,1980.0,1992.0,854.0,851.0,856.0
8536.0,2003.0,1985.0,1992.0,851.0,852.0,853.0
8526.0,1997.0,1988.0,1986.0,851.0,851.0,853.0
8516.0,1992.0,1983.0,1988.0,851.0,846.0,856.0
8532.0,1992.0,1992.0,1993.0,849.0,851.0,855.0
8541.0,1998.0,1995.0,1989.0,852.0,854.0,853.0
8530.0,1999.0,1991.0,1986.0,848.0,852.0,854.0
8553.0,1996.0,2000.0,1999.0,850.0,851.0,857.0
8543.0,1993.0,1994.0,1998.0,853.0,851.0,854.0
8528.0,1990.0,1995.0,1993.0,848.0,848.0,854.0
8548.0,1994.0,2002.0,1994.0,850.0,855.0,853.0
8544.0,1991.0,1990.0,2002.0,853.0,852.0,856.0
8541.0,1987.0,1992.0,1994.0,854.0,854.0,860.0
8558.0,1994.0,1998.0,2002.0,851.0,856.0,857.0
8559.0,1989.0,2001.0,2005.0,854.0,856.0,854.0
8579.0,1999.0,2007.0,2004.0,853.0,858.0,858.0
8549.0,1998.0,1992.0,1998.0,853.0,853.0,855.0
8585.0,2002.0,2006.0,2007.0,858.0,853.0,859.0
8573.0,1995.0,2002.0,2007.0,855.0,856.0,858.0
8577.0,1998.0,1999.0,2009.0,855.0,859.0,857.0
8585.0,2009.0,2006.0,1999.0,858.0,855.0,858.0
8609.0,2004.0,2009.0,2016.0,858.0,859.0,863.0
8607.0,2016.0,2003.0,2011.0,860.0,858.0,859.0
8611.0,2010.0,2011.0,2011.0,856.0,860.0,863.0
8604.0,2013.0,1997.0,2008.0,861.0,860.0,865.0
8613.0,2015.0,2008.0,2013.0,861.0,858.0,858.0
8635.0,2031.0,2013.0,2005.0,863.0,864.0,859.0
8624.0,2017.0,2011.0,2008.0,862.0,863.0,863.0
8628.0,2017.0,2009.0,2016.0,863.0,862.0,861.0
8619.0,2017.0,2004.0,2011.0,865.0,860.0,862.0
8638.0,2022.0,2008.0,2018.0,864.0,863.0,863.0
8644.0,2029.0,2012.0,2012.0,865.0,862.0,864.0
8637.0,2016.0,2006.0,2018.0,866.0,866.0,865.0
8652.0,2020.0,2017.0,2022.0,868.0,864.0,861.0
8645.0,2019.0,2019.0,2013.0,868.0,864.0,862.0
8658.0,2021.0,2017.0,2018.0,865.0,869.0,868.0
8674.0,2025.0,2017.0,2026.0,870.0,868.0,868.0
8656.0,2022.0,2022.0,2012.0,867.0,868.0,865.0
8670.0,2024.0,2024.0,2025.0,866.0,870.0,861.0
8640.0,2011.0,2011.0,2022.0,865.0,865.0,866.0
8633.0,2006.0,2019.0,2017.0,865.0,866.0,860.0
8656.0,2014.0,2021.0,2019.0,869.0,869.0,864.0
8648.0,2012.0,2021.0,2016.0,871.0,869.0,859.0
8664.0,2016.0,2031.0,2022.0,868.0,866.0,861.0
8652.0,2020.0,2020.0,2016.0,869.0,868.0,859.0
8645.0,2008.0,2013.0,2018.0,869.0,873.0,864.0
8668.0,2019.0,2024.0,2022.0,872.0,867.0,864.0
8681.0,2029.0,2022.0,2031.0,866.0,868.0,865.0
8662.0,2013.0,2022.0,2028.0,869.0,867.0,863.0
8656.0,2021.0,2017.0,2026.0,866.0,866.0,860.0
8633.0,2010.0,2018.0,2015.0,864.0,864.0,862.0
8645.0,2014.0,2025.0,2016.0,867.0,863.0,860.0
8667.0,2022.0,2026.0,2024.0,866.0,868.0,861.0
8658.0,2029.0,2020.0,2015.0,864.0,866.0,864.0
8639.0,2023.0,2014.0,2016.0,862.0,863.0,861.0
8658.0,2021.0,2024.0,2023.0,864.0,862.0,864.0
8641.0,2022.0,2020.0,2013.0,862.0,862.0,862.0
8640.0,2003.0,2021.0,2024.0,861.0,867.0,864.0
8620.0,2009.0,2008.0,2017.0,859.0,865.0,862.0
8632.0,2011.0,2013.0,2021.0,867.0,859.0,861.0
8647.0,2018.0,2016.0,2020.0,862.0,867.0,864.0
8641.0,2010.0,2014.0,2020.0,865.0,865.0,867.0
8625.0,2006.0,2010.0,2020.0,862.0,860.0,867.0
8636.0,2006.0,2013.0,2020.0,864.0,866.0,867.0
8636.0,2013.0,2017.0,2018.0,859.0,864.0,865.0
8636.0,2013.0,2010.0,2021.0,861.0,864.0,867.0
8647.0,2012.0,2018.0,2023.0,863.0,864.0,867.0
8661.0,2022.0,2015.0,2026.0,866.0,869.0,863.0
8655.0,2016.0,2023.0,2025.0,862.0,861.0,868.0
8657.0,2016.0,2020.0,2026.0,865.0,864.0,866.0
8664.0,2016.0,2014.0,2029.0,866.0,871.0,868.0
8646.0,2010.0,2009.0,2024.0,867.0,864.0,872.0
8675.0,2027.0,2022.0,2024.0,866.0,866.0,870.0
8692.0,2030.0,2030.0,2030.0,865.0,867.0,870.0
8711.0,2037.0,2026.0,2037.0,868.0,870.0,873.0
8720.0,2047.0,2031.0,2032.0,868.0,872.0,870.0
8704.0,2034.0,2030.0,2029.0,872.0,867.0,872.0
8690.0,2029.0,2031.0,2022.0,868.0,868.0,872.0
8742.0,2050.0,2040.0,2038.0,870.0,870.0,874.0
8723.0,2048.0,2036.0,2023.0,867.0,875.0,874.0
8742.0,2039.0,2043.0,2045.0,868.0,873.0,874.0
8752.0,2044.0,2045.0,2038.0,872.0,875.0,878.0
8733.0,2043.0,2042.0,2031.0,869.0,869.0,879.0
8770.0,2048.0,2054.0,2042.0,877.0,872.0,877.0
8769.0,2048.0,2052.0,2039.0,876.0,877.0,877.0
8753.0,2047.0,2043.0,2039.0,874.0,871.0,879.0
8784.0,2050.0,2057.0,2044.0,879.0,874.0,880.0
8787.0,2053.0,2057.0,2048.0,877.0,874.0,878.0
8767.0,2040.0,2051.0,2046.0,879.0,874.0,877.0
8781.0,2046.0,2061.0,2044.0,878.0,873.0,879.0
8755.0,2044.0,2044.0,2039.0,877.0,874.0,877.0
8751.0,2038.0,2049.0,2042.0,875.0,871.0,876.0
8749.0,2046.0,2040.0,2033.0,878.0,875.0,877.0
8770.0,2042.0,2054.0,2042.0,876.0,878.0,878.0
8762.0,2040.0,2048.0,2042.0,876.0,878.0,878.0
8774.0,2049.0,2048.0,2043.0,876.0,879.0,879.0
8768.0,2040.0,2042.0,2052.0,877.0,875.0,882.0
8773.0,2047.0,2043.0,2049.0,880.0,876.0,878.0
8759.0,2037.0,2040.0,2051.0,878.0,878.0,875.0
8755.0,2044.0,2038.0,2053.0,878.0,869.0,873.0
8746.0,2044.0,2036.0,2043.0,874.0,874.0,875.0
8746.0,2046.0,2040.0,2045.0,872.0,872.0,871.0
8758.0,2048.0,2041.0,2041.0,880.0,874.0,874.0
8743.0,2037.0,2039.0,2042.0,878.0,873.0,874.0
8748.0,2038.0,2039.0,2047.0,875.0,875.0,874.0
8753.0,2047.0,2032.0,2050.0,875.0,875.0,874.0
8720.0,2039.0,2028.0,2036.0,872.0,874.0,871.0
8738.0,2043.0,2028.0,2041.0,877.0,875.0,874.0
8747.0,2052.0,2035.0,2039.0,874.0,876.0,871.0
8747.0,2041.0,2042.0,2043.0,873.0,874.0,874.0
8700.0,2026.0,2031.0,2037.0,868.0,871.0,867.0
8737.0,2035.0,2037.0,2046.0,872.0,876.0,871.0
8749.0,2041.0,2039.0,2041.0,875.0,877.0,876.0
8735.0,2036.0,2035.0,2044.0,873.0,874.0,873.0
8756.0,2043.0,2050.0,2039.0,873.0,877.0,874.0
8763.0,2041.0,2047.0,2046.0,877.0,878.0,874.0
8740.0,2041.0,2040.0,2037.0,871.0,877.0,874.0
8748.0,2043.0,2044.0,2038.0,874.0,876.0,873.0
8758.0,2045.0,2046.0,2042.0,878.0,876.0,871.0
8778.0,2040.0,2053.0,2051.0,877.0,880.0,877.0
8773.0,2048.0,2048.0,2046.0,877.0,878.0,876.0
8784.0,2051.0,2052.0,2048.0,877.0,880.0,876.0
8790.0,2044.0,2065.0,2048.0,876.0,880.0,877.0
8776.0,2050.0,2053.0,2043.0,878.0,878.0,874.0
8804.0,2055.0,2061.0,2048.0,878.0,881.0,881.0
8809.0,2062.0,2055.0,2052.0,879.0,882.0,879.0
8809.0,2057.0,2057.0,2048.0,877.0,886.0,884.0
8819.0,2063.0,2059.0,2058.0,880.0,883.0,876.0
8809.0,2052.0,2066.0,2050.0,881.0,883.0,877.0
8820.0,2060.0,2058.0,2059.0,878.0,884.0,881.0
8855.0,2067.0,2070.0,2066.0,884.0,883.0,885.0
8842.0,2065.0,2064.0,2062.0,882.0,885.0,884.0
8825.0,2066.0,2060.0,2055.0,881.0,883.0,880.0
8856.0,2069.0,2069.0,2064.0,881.0,888.0,885.0
8834.0,2064.0,2059.0,2058.0,887.0,883.0,883.0
8845.0,2070.0,2063.0,2060.0,881.0,887.0,884.0
8856.0,2066.0,2062.0,2069.0,884.0,891.0,884.0
8843.0,2065.0,2063.0,2060.0,884.0,885.0,886.0
8860.0,2072.0,2066.0,2066.0,883.0,886.0,887.0
8859.0,2064.0,2065.0,2073.0,887.0,885.0,885.0
8874.0,2074.0,2070.0,2071.0,884.0,887.0,888.0
8860.0,2068.0,2068.0,2062.0,886.0,887.0,889.0
8871.0,2063.0,2063.0,2086.0,889.0,885.0,885.0
8871.0,2060.0,2069.0,2083.0,884.0,888.0,887.0
8845.0,2060.0,2059.0,2068.0,887.0,884.0,887.0
8859.0,2063.0,2062.0,2072.0,887.0,885.0,890.0
8859.0,2059.0,2063.0,2076.0,886.0,886.0,889.0
8869.0,2058.0,2068.0,2084.0,887.0,884.0,888.0
8854.0,2060.0,2054.0,2075.0,891.0,884.0,890.0
8858.0,2063.0,2069.0,2070.0,886.0,883.0,887.0
8871.0,2067.0,2073.0,2073.0,886.0,884.0,888.0
8856.0,2059.0,2067.0,2073.0,884.0,883.0,890.0
8845.0,2063.0,2061.0,2059.0,889.0,883.0,890.0
8852.0,2062.0,2072.0,2067.0,883.0,881.0,887.0
8848.0,2061.0,2066.0,2068.0,884.0,880.0,889.0
8870.0,2072.0,2072.0,2071.0,886.0,881.0,888.0
8853.0,2067.0,2063.0,2065.0,886.0,887.0,885.0
8869.0,2075.0,2072.0,2063.0,888.0,884.0,887.0
8857.0,2071.0,2064.0,2069.0,886.0,883.0,884.0
8848.0,2065.0,2069.0,2061.0,885.0,882.0,886.0
8843.0,2071.0,2060.0,2064.0,885.0,881.0,882.0
8862.0,2070.0,2069.0,2068.0,887.0,883.0,885.0
8850.0,2058.0,2071.0,2068.0,887.0,880.0,886.0
8835.0,2061.0,2064.0,2059.0,884.0,882.0,885.0
8862.0,2065.0,2074.0,2065.0,887.0,885.0,886.0
8854.0,2065.0,2066.0,2068.0,883.0,884.0,888.0
8852.0,2063.0,2064.0,2064.0,888.0,885.0,888.0
8842.0,2054.0,2065.0,2066.0,887.0,885.0,885.0
8850.0,2064.0,2067.0,2063.0,884.0,883.0,889.0
8852.0,2062.0,2073.0,2058.0,885.0,885.0,889.0
8858.0,2058.0,2074.0,2065.0,888.0,887.0,886.0
8856.0,2060.0,2073.0,2058.0,888.0,889.0,888.0
8864.0,2069.0,2065.0,2064.0,892.0,885.0,889.0
8868.0,2065.0,2066.0,2069.0,885.0,891.0,892.0
8876.0,2075.0,2063.0,2073.0,886.0,889.0,890.0
8890.0,2078.0,2066.0,2074.0,888.0,894.0,890.0
8907.0,2079.0,2077.0,2081.0,885.0,895.0,890.0
8897.0,2071.0,2074.0,2078.0,891.0,891.0,892.0
8902.0,2078.0,2066.0,2083.0,888.0,895.0,892.0
8889.0,2071.0,2077.0,2072.0,887.0,893.0,889.0
8908.0,2081.0,2080.0,2073.0,891.0,894.0,889.0
8927.0,2085.0,2086.0,2077.0,892.0,893.0,894.0
8947.0,2097.0,2084.0,2085.0,894.0,895.0,892.0
8932.0,2094.0,2076.0,2080.0,892.0,896.0,894.0
8958.0,2092.0,2090.0,2094.0,891.0,896.0,895.0
8951.0,2086.0,2089.0,2086.0,899.0,897.0,894.0
8958.0,2099.0,2092.0,2083.0,890.0,899.0,895.0
8956.0,2088.0,2091.0,2092.0,892.0,899.0,894.0
8957.0,2084.0,2088.0,2097.0,898.0,896.0,894.0
8959.0,2090.0,2097.0,2086.0,894.0,897.0,895.0
8962.0,2085.0,2097.0,2094.0,893.0,898.0,895.0
8985.0,2095.0,2098.0,2103.0,895.0,899.0,895.0
8962.0,2087.0,2097.0,2096.0,895.0,894.0,893.0
8976.0,2092.0,2096.0,2097.0,896.0,902.0,893.0
8971.0,2096.0,2088.0,2100.0,898.0,898.0,891.0
8961.0,2085.0,2093.0,2098.0,895.0,898.0,892.0
8981.0,2088.0,2098.0,2103.0,897.0,901.0,894.0
8977.0,2099.0,2088.0,2099.0,897.0,899.0,895.0
8953.0,2085.0,2088.0,2095.0,898.0,894.0,893.0
8956.0,2085.0,2093.0,2094.0,896.0,893.0,895.0
8976.0,2087.0,2099.0,2095.0,900.0,902.0,893.0
8950.0,2085.0,2098.0,2084.0,894.0,895.0,894.0
8951.0,2085.0,2094.0,2089.0,894.0,896.0,893.0
8973.0,2097.0,2096.0,2091.0,897.0,896.0,896.0
8958.0,2093.0,2093.0,2090.0,896.0,897.0,889.0
8968.0,2087.0,2100.0,2091.0,896.0,897.0,897.0
8977.0,2102.0,2090.0,2097.0,899.0,895.0,894.0
8957.0,2099.0,2083.0,2091.0,898.0,896.0,890.0
8946.0,2089.0,2084.0,2089.0,896.0,894.0,894.0
8916.0,2080.0,2074.0,2084.0,894.0,890.0,894.0
8949.0,2087.0,2083.0,2097.0,897.0,892.0,893.0
8947.0,2090.0,2086.0,2087.0,894.0,895.0,895.0
8950.0,2087.0,2085.0,2088.0,899.0,895.0,896.0
8950.0,2096.0,2085.0,2085.0,897.0,896.0,891.0
8928.0,2082.0,2082.0,2087.0,894.0,893.0,890.0
8951.0,2086.0,2087.0,2090.0,900.0,894.0,894.0
8975.0,2091.0,2094.0,2101.0,899.0,893.0,897.0
8948.0,2091.0,2088.0,2082.0,897.0,894.0,896.0
8929.0,2082.0,2079.0,2083.0,897.0,893.0,895.0
8949.0,2086.0,2086.0,2084.0,896.0,894.0,903.0
8961.0,2087.0,2089.0,2092.0,901.0,894.0,898.0
8948.0,2085.0,2087.0,2086.0,896.0,895.0,899.0
8962.0,2088.0,2093.0,2094.0,894.0,895.0,898.0
8979.0,2093.0,2106.0,2089.0,899.0,895.0,897.0
8987.0,2089.0,2096.0,2105.0,898.0,898.0,901.0
8981.0,2094.0,2106.0,2093.0,897.0,894.0,897.0
8980.0,2095.0,2095.0,2093.0,898.0,901.0,898.0
8991.0,2096.0,2102.0,2095.0,899.0,898.0,901.0
9009.0,2106.0,2106.0,2092.0,903.0,901.0,901.0
9012.0,2108.0,2107.0,2092.0,901.0,900.0,904.0
9046.0,2106.0,2115.0,2106.0,904.0,907.0,908.0
9029.0,2107.0,2107.0,2108.0,899.0,901.0,907.0
9033.0,2111.0,2111.0,2106.0,902.0,899.0,904.0
9061.0,2119.0,2123.0,2110.0,902.0,902.0,905.0
9046.0,2116.0,2109.0,2111.0,900.0,904.0,906.0
9044.0,2113.0,2115.0,2103.0,907.0,903.0,903.0
9065.0,2127.0,2117.0,2107.0,904.0,901.0,909.0
9052.0,2113.0,2117.0,2109.0,901.0,906.0,906.0
9062.0,2122.0,2117.0,2107.0,903.0,905.0,908.0
9061.0,2113.0,2109.0,2123.0,905.0,905.0,906.0
9078.0,2119.0,2114.0,2120.0,907.0,909.0,909.0
9091.0,2123.0,2122.0,2125.0,905.0,910.0,906.0
9073.0,2111.0,2119.0,2122.0,906.0,907.0,908.0
9069.0,2110.0,2117.0,2125.0,902.0,907.0,908.0
9077.0,2114.0,2115.0,2128.0,905.0,907.0,908.0
9078.0,2120.0,2114.0,2127.0,903.0,906.0,908.0
9071.0,2107.0,2118.0,2127.0,906.0,908.0,905.0
9071.0,2110.0,2109.0,2125.0,906.0,913.0,908.0
9087.0,2120.0,2120.0,2123.0,906.0,910.0,908.0
9047.0,2101.0,2104.0,2118.0,905.0,910.0,909.0
9092.0,2121.0,2119.0,2125.0,907.0,909.0,911.0
9080.0,2115.0,2112.0,2127.0,905.0,910.0,911.0
9057.0,2120.0,2114.0,2109.0,903.0,905.0,906.0
9074.0,2111.0,2117.0,2122.0,906.0,910.0,908.0
9064.0,2118.0,2104.0,2121.0,907.0,908.0,906.0
9052.0,2111.0,2111.0,2115.0,904.0,905.0,906.0
9064.0,2118.0,2110.0,2112.0,905.0,910.0,909.0
9061.0,2112.0,2113.0,2122.0,903.0,907.0,904.0
9036.0,2112.0,2105.0,2108.0,904.0,905.0,902.0
9065.0,2107.0,2116.0,2125.0,907.0,905.0,905.0
9060.0,2106.0,2121.0,2110.0,909.0,909.0,905.0
9058.0,2118.0,2113.0,2110.0,907.0,906.0,904.0
9083.0,2126.0,2126.0,2115.0,910.0,901.0,905.0
9058.0,2115.0,2110.0,2114.0,906.0,910.0,903.0
9051.0,2113.0,2112.0,2110.0,907.0,903.0,906.0
9050.0,2114.0,2113.0,2109.0,904.0,906.0,904.0
9045.0,2108.0,2112.0,2114.0,905.0,906.0,900.0
9047.0,2110.0,2113.0,2107.0,905.0,908.0,904.0
9049.0,2105.0,2121.0,2107.0,908.0,904.0,904.0
9049.0,2106.0,2117.0,2114.0,906.0,904.0,902.0
9063.0,2114.0,2113.0,2118.0,908.0,907.0,903.0
9056.0,2108.0,2117.0,2111.0,909.0,909.0,902.0
9043.0,2110.0,2105.0,2110.0,906.0,908.0,904.0
9073.0,2110.0,2128.0,2111.0,911.0,907.0,906.0
9043.0,2105.0,2111.0,2109.0,909.0,905.0,904.0
9078.0,2116.0,2121.0,2111.0,910.0,908.0,912.0
9069.0,2116.0,2119.0,2111.0,910.0,909.0,904.0
9061.0,2108.0,2116.0,2113.0,912.0,905.0,907.0
9085.0,2120.0,2118.0,2125.0,908.0,906.0,908.0
9086.0,2122.0,2114.0,2124.0,907.0,910.0,909.0
9084.0,2121.0,2111.0,2125.0,910.0,909.0,908.0
9095.0,2124.0,2126.0,2119.0,912.0,908.0,906.0
9125.0,2128.0,2126.0,2132.0,915.0,911.0,913.0
9120.0,2134.0,2123.0,2128.0,914.0,912.0,909.0
9122.0,2126.0,2124.0,2132.0,915.0,912.0,913.0
9140.0,2135.0,2127.0,2140.0,914.0,913.0,911.0
9152.0,2143.0,2130.0,2136.0,914.0,915.0,914.0
9125.0,2131.0,2124.0,2134.0,910.0,917.0,909.0
9153.0,2137.0,2134.0,2141.0,914.0,912.0,915.0
9170.0,2141.0,2134.0,2150.0,918.0,911.0,916.0
9146.0,2136.0,2126.0,2139.0,916.0,913.0,916.0
9167.0,2141.0,2138.0,2140.0,914.0,915.0,919.0
9158.0,2145.0,2131.0,2139.0,911.0,915.0,917.0
9160.0,2136.0,2139.0,2139.0,915.0,915.0,916.0
9172.0,2136.0,2140.0,2148.0,915.0,917.0,916.0
9138.0,2135.0,2122.0,2138.0,913.0,915.0,915.0
9167.0,2132.0,2141.0,2143.0,916.0,917.0,918.0
9176.0,2136.0,2139.0,2148.0,917.0,916.0,920.0
9179.0,2134.0,2145.0,2144.0,916.0,919.0,921.0
9176.0,2127.0,2151.0,2143.0,916.0,917.0,922.0
9185.0,2139.0,2147.0,2144.0,914.0,917.0,924.0
9190.0,2142.0,2146.0,2147.0,918.0,918.0,919.0
9180.0,2145.0,2136.0,2143.0,915.0,920.0,921.0
9197.0,2138.0,2154.0,2147.0,919.0,919.0,920.0
9202.0,2145.0,2148.0,2150.0,918.0,919.0,922.0
9177.0,2136.0,2149.0,2144.0,916.0,916.0,916.0
9154.0,2133.0,2142.0,2135.0,912.0,917.0,915.0
9168.0,2141.0,2141.0,2138.0,915.0,914.0,919.0
9158.0,2138.0,2135.0,2138.0,914.0,918.0,915.0
9180.0,2144.0,2145.0,2141.0,917.0,915.0,918.0
9159.0,2142.0,2136.0,2131.0,915.0,916.0,919.0
9169.0,2136.0,2145.0,2134.0,918.0,914.0,922.0
9163.0,2134.0,2143.0,2134.0,912.0,919.0,921.0
9149.0,2135.0,2131.0,2141.0,911.0,911.0,920.0
9143.0,2135.0,2127.0,2132.0,916.0,912.0,921.0
9152.0,2145.0,2130.0,2128.0,916.0,917.0,916.0
9159.0,2140.0,2132.0,2138.0,915.0,918.0,916.0
9162.0,2142.0,2130.0,2137.0,920.0,915.0,918.0
9158.0,2143.0,2131.0,2128.0,919.0,920.0,917.0
9139.0,2136.0,2123.0,2130.0,912.0,919.0,919.0
9141.0,2133.0,2133.0,2126.0,916.0,919.0,914.0
9140.0,2127.0,2125.0,2135.0,919.0,919.0,915.0
9160.0,2140.0,2127.0,2138.0,919.0,918.0,918.0
9164.0,2141.0,2132.0,2139.0,915.0,918.0,919.0
9156.0,2133.0,2127.0,2138.0,916.0,921.0,921.0
9168.0,2143.0,2136.0,2136.0,918.0,921.0,914.0
9166.0,2132.0,2136.0,2145.0,917.0,919.0,917.0
9181.0,2137.0,2140.0,2142.0,922.0,919.0,921.0
9205.0,2145.0,2145.0,2150.0,924.0,923.0,918.0
9207.0,2143.0,2150.0,2156.0,919.0,921.0,918.0
9186.0,2139.0,2141.0,2147.0,922.0,918.0,919.0
9199.0,2144.0,2144.0,2144.0,921.0,922.0,924.0
9219.0,2141.0,2145.0,2158.0,927.0,927.0,921.0
9236.0,2150.0,2156.0,2156.0,923.0,928.0,923.0
9222.0,2151.0,2144.0,2158.0,924.0,922.0,923.0
9259.0,2163.0,2162.0,2160.0,924.0,926.0,924.0
9230.0,2160.0,2153.0,2153.0,922.0,921.0,921.0
9259.0,2159.0,2162.0,2162.0,925.0,928.0,923.0
9271.0,2166.0,2163.0,2166.0,927.0,927.0,922.0
9274.0,2170.0,2160.0,2167.0,930.0,924.0,923.0
9278.0,2170.0,2166.0,2163.0,929.0,925.0,925.0
9277.0,2171.0,2164.0,2162.0,929.0,927.0,924.0
9278.0,2164.0,2161.0,2173.0,929.0,927.0,924.0
9281.0,2170.0,2164.0,2170.0,927.0,925.0,925.0
9261.0,2162.0,2166.0,2162.0,923.0,926.0,922.0
9276.0,2160.0,2170.0,2167.0,925.0,930.0,924.0
9284.0,2166.0,2173.0,2171.0,925.0,926.0,923.0
9280.0,2165.0,2167.0,2170.0,926.0,927.0,925.0
9264.0,2165.0,2162.0,2161.0,924.0,927.0,925.0
9275.0,2161.0,2165.0,2168.0,929.0,925.0,927.0
9289.0,2165.0,2169.0,2172.0,931.0,927.0,925.0
9268.0,2165.0,2160.0,2162.0,930.0,925.0,926.0
9245.0,2157.0,2158.0,2160.0,923.0,925.0,922.0
9274.0,2168.0,2162.0,2162.0,928.0,929.0,925.0
9227.0,2151.0,2143.0,2159.0,927.0,924.0,923.0
9262.0,2157.0,2162.0,2164.0,926.0,925.0,928.0
9260.0,2158.0,2155.0,2163.0,929.0,925.0,930.0
9269.0,2167.0,2166.0,2159.0,925.0,925.0,927.0
9258.0,2164.0,2163.0,2153.0,927.0,925.0,926.0
9256.0,2156.0,2150.0,2169.0,927.0,928.0,926.0
9249.0,2163.0,2155.0,2156.0,925.0,926.0,924.0
9204.0,2154.0,2142.0,2143.0,921.0,921.0,923.0
9275.0,2172.0,2166.0,2161.0,923.0,929.0,924.0
9256.0,2171.0,2154.0,2156.0,923.0,929.0,923.0
9261.0,2171.0,2156.0,2157.0,927.0,922.0,928.0
9255.0,2168.0,2160.0,2153.0,925.0,926.0,923.0
9249.0,2169.0,2154.0,2151.0,923.0,926.0,926.0
9241.0,2165.0,2154.0,2152.0,923.0,925.0,922.0
9251.0,2162.0,2154.0,2159.0,928.0,924.0,924.0
9241.0,2158.0,2161.0,2157.0,921.0,921.0,923.0
9256.0,2162.0,2169.0,2155.0,923.0,925.0,922.0
9270.0,2165.0,2165.0,2161.0,924.0,929.0,926.0
9255.0,2157.0,2160.0,2161.0,928.0,923.0,926.0
9265.0,2155.0,2163.0,2167.0,925.0,927.0,928.0
9262.0,2164.0,2162.0,2162.0,923.0,926.0,925.0
9265.0,2155.0,2169.0,2161.0,928.0,924.0,928.0
9284.0,2163.0,2168.0,2166.0,926.0,929.0,932.0
9292.0,2169.0,2171.0,2173.0,926.0,926.0,927.0
9260.0,2153.0,2169.0,2160.0,927.0,924.0,927.0
9313.0,2170.0,2170.0,2179.0,932.0,933.0,929.0
9292.0,2166.0,2167.0,2172.0,927.0,932.0,928.0
9305.0,2172.0,2169.0,2170.0,930.0,935.0,929.0
9303.0,2164.0,2173.0,2174.0,936.0,930.0,926.0
9333.0,2177.0,2181.0,2175.0,934.0,932.0,934.0
9317.0,2168.0,2172.0,2177.0,935.0,931.0,934.0
9323.0,2168.0,2178.0,2177.0,935.0,931.0,934.0
9339.0,2184.0,2172.0,2183.0,931.0,935.0,934.0
9352.0,2176.0,2175.0,2193.0,936.0,935.0,937.0
9358.0,2178.0,2179.0,2185.0,937.0,939.0,940.0
9375.0,2187.0,2187.0,2191.0,934.0,938.0,938.0
9353.0,2184.0,2177.0,2182.0,936.0,939.0,935.0
9398.0,2196.0,2185.0,2198.0,939.0,942.0,938.0
9374.0,2186.0,2181.0,2185.0,940.0,940.0,942.0
9372.0,2187.0,2180.0,2191.0,938.0,940.0,936.0
9389.0,2194.0,2189.0,2195.0,937.0,939.0,935.0
9385.0,2187.0,2187.0,2187.0,941.0,938.0,945.0
9369.0,2194.0,2172.0,2182.0,941.0,938.0,942.0
9378.0,2191.0,2186.0,2189.0,937.0,940.0,935.0
9403.0,2200.0,2186.0,2196.0,941.0,942.0,938.0
9386.0,2198.0,2180.0,2187.0,942.0,939.0,940.0
9393.0,2187.0,2188.0,2196.0,938.0,944.0,940.0
9373.0,2181.0,2183.0,2190.0,939.0,940.0,940.0
9380.0,2184.0,2189.0,2197.0,936.0,938.0,936.0
9380.0,2185.0,2192.0,2184.0,938.0,941.0,940.0
9368.0,2185.0,2186.0,2184.0,935.0,938.0,940.0
9392.0,2186.0,2192.0,2190.0,941.0,943.0,940.0
9367.0,2178.0,2190.0,2186.0,934.0,938.0,941.0
9378.0,2192.0,2189.0,2183.0,935.0,939.0,940.0
9362.0,2179.0,2189.0,2178.0,938.0,935.0,943.0
9383.0,2183.0,2196.0,2188.0,937.0,939.0,940.0
9376.0,2188.0,2193.0,2181.0,936.0,939.0,939.0
9363.0,2189.0,2194.0,2179.0,931.0,934.0,936.0
9363.0,2184.0,2188.0,2184.0,935.0,936.0,936.0
9377.0,2191.0,2194.0,2187.0,936.0,936.0,933.0
9367.0,2186.0,2197.0,2182.0,935.0,934.0,933.0
9362.0,2196.0,2185.0,2180.0,932.0,933.0,936.0
9362.0,2194.0,2187.0,2179.0,932.0,934.0,936.0
9364.0,2186.0,2195.0,2177.0,934.0,935.0,937.0
9371.0,2193.0,2191.0,2180.0,937.0,935.0,935.0
9374.0,2188.0,2193.0,2186.0,937.0,936.0,934.0
9345.0,2183.0,2183.0,2181.0,933.0,934.0,931.0
9351.0,2190.0,2184.0,2181.0,934.0,929.0,933.0
9353.0,2181.0,2184.0,2188.0,935.0,933.0,932.0
9368.0,2190.0,2182.0,2194.0,937.0,933.0,932.0
9351.0,2183.0,2185.0,2184.0,932.0,936.0,931.0
9365.0,2188.0,2182.0,2192.0,935.0,934.0,934.0
9372.0,2187.0,2182.0,2188.0,937.0,938.0,940.0
9346.0,2176.0,2186.0,2182.0,937.0,932.0,933.0
9361.0,2178.0,2183.0,2193.0,937.0,934.0,936.0
9372.0,2179.0,2188.0,2197.0,936.0,938.0,934.0
9383.0,2190.0,2183.0,2195.0,940.0,936.0,939.0
9364.0,2179.0,2183.0,2193.0,939.0,937.0,933.0
9380.0,2183.0,2182.0,2203.0,939.0,937.0,936.0
9386.0,2187.0,2184.0,2200.0,940.0,937.0,938.0
9385.0,2187.0,2188.0,2202.0,939.0,938.0,931.0
9428.0,2194.0,2198.0,2204.0,944.0,944.0,944.0
9421.0,2199.0,2194.0,2206.0,946.0,939.0,937.0
9444.0,2204.0,2202.0,2206.0,944.0,948.0,940.0
9436.0,2204.0,2199.0,2208.0,941.0,943.0,941.0
9466.0,2212.0,2203.0,2214.0,946.0,946.0,945.0
9462.0,2209.0,2205.0,2209.0,947.0,947.0,945.0
9445.0,2206.0,2202.0,2202.0,946.0,948.0,941.0
9462.0,2212.0,2201.0,2208.0,950.0,945.0,946.0
9468.0,2204.0,2211.0,2214.0,949.0,950.0,940.0
9472.0,2213.0,2205.0,2207.0,950.0,949.0,948.0
9485.0,2214.0,2212.0,2214.0,950.0,950.0,945.0
9485.0,2223.0,2210.0,2206.0,951.0,947.0,948.0
9473.0,2203.0,2215.0,2212.0,949.0,946.0,948.0
9492.0,2211.0,2212.0,2217.0,953.0,950.0,949.0
9504.0,2224.0,2221.0,2207.0,953.0,949.0,950.0
9498.0,2217.0,2218.0,2215.0,951.0,949.0,948.0
9503.0,2221.0,2215.0,2218.0,946.0,953.0,950.0
9486.0,2212.0,2216.0,2208.0,951.0,949.0,950.0
9486.0,2203.0,2215.0,2218.0,950.0,951.0,949.0
9474.0,2208.0,2216.0,2198.0,950.0,950.0,952.0
9497.0,2211.0,2221.0,2216.0,950.0,950.0,949.0
9480.0,2210.0,2226.0,2202.0,947.0,949.0,946.0
9494.0,2214.0,2224.0,2212.0,945.0,948.0,951.0
9495.0,2215.0,2215.0,2210.0,951.0,953.0,951.0
9468.0,2203.0,2214.0,2207.0,944.0,951.0,949.0
9482.0,2209.0,2208.0,2217.0,950.0,950.0,948.0
9464.0,2199.0,2207.0,2212.0,951.0,949.0,946.0
9457.0,2211.0,2201.0,2203.0,944.0,948.0,950.0
9468.0,2207.0,2208.0,2213.0,944.0,950.0,946.0
9456.0,2205.0,2206.0,2204.0,947.0,946.0,948.0
9471.0,2211.0,2209.0,2206.0,945.0,949.0,951.0
9474.0,2208.0,2207.0,2214.0,947.0,950.0,948.0
9469.0,2218.0,2201.0,2207.0,944.0,949.0,950.0
9485.0,2217.0,2204.0,2220.0,945.0,949.0,950.0
9479.0,2226.0,2199.0,2210.0,946.0,948.0,950.0
9447.0,2206.0,2201.0,2209.0,941.0,944.0,946.0
9469.0,2216.0,2203.0,2213.0,947.0,944.0,946.0
9444.0,2206.0,2195.0,2210.0,943.0,942.0,948.0
9470.0,2208.0,2209.0,2213.0,942.0,949.0,949.0
9476.0,2218.0,2207.0,2211.0,943.0,947.0,950.0
9475.0,2206.0,2216.0,2217.0,942.0,946.0,948.0
9453.0,2213.0,2201.0,2208.0,943.0,943.0,945.0
9462.0,2203.0,2208.0,2215.0,943.0,945.0,948.0
9471.0,2210.0,2209.0,2214.0,944.0,945.0,949.0
9475.0,2203.0,2218.0,2218.0,946.0,943.0,947.0
9474.0,2203.0,2218.0,2214.0,947.0,946.0,946.0
9474.0,2203.0,2218.0,2212.0,947.0,947.0,947.0
9486.0,2207.0,2219.0,2220.0,947.0,945.0,948.0
9501.0,2213.0,2218.0,2217.0,951.0,951.0,951.0
9484.0,2215.0,2214.0,2212.0,946.0,949.0,948.0
9487.0,2209.0,2213.0,2219.0,948.0,946.0,952.0
9500.0,2212.0,2217.0,2223.0,949.0,945.0,954.0
9526.0,2218.0,2226.0,2226.0,956.0,947.0,953.0
9526.0,2220.0,2226.0,2224.0,956.0,952.0,948.0
9537.0,2221.0,2229.0,2228.0,954.0,951.0,954.0
9542.0,2218.0,2235.0,2230.0,956.0,951.0,952.0
9564.0,2228.0,2235.0,2237.0,955.0,954.0,955.0
9528.0,2227.0,2219.0,2227.0,955.0,949.0,951.0
9576.0,2244.0,2229.0,2236.0,957.0,954.0,956.0
9570.0,2239.0,2234.0,2231.0,956.0,955.0,955.0
9566.0,2234.0,2233.0,2231.0,958.0,956.0,954.0
9564.0,2229.0,2232.0,2231.0,962.0,955.0,955.0
9567.0,2229.0,2228.0,2230.0,962.0,958.0,960.0
9604.0,2247.0,2238.0,2237.0,964.0,959.0,959.0
9612.0,2247.0,2249.0,2237.0,963.0,958.0,958.0
9587.0,2250.0,2234.0,2229.0,958.0,958.0,958.0
9583.0,2237.0,2231.0,2237.0,961.0,958.0,959.0
9585.0,2240.0,2233.0,2232.0,963.0,958.0,959.0
9589.0,2237.0,2234.0,2242.0,963.0,957.0,956.0
9600.0,2244.0,2241.0,2237.0,961.0,960.0,957.0
9588.0,2241.0,2232.0,2235.0,965.0,956.0,959.0
9590.0,2234.0,2241.0,2232.0,964.0,961.0,958.0
9581.0,2235.0,2236.0,2233.0,961.0,958.0,958.0
9586.0,2231.0,2234.0,2239.0,962.0,960.0,960.0
9567.0,2233.0,2228.0,2233.0,960.0,957.0,956.0
9574.0,2228.0,2233.0,2232.0,962.0,961.0,958.0
9573.0,2233.0,2237.0,2233.0,956.0,958.0,956.0
9583.0,2239.0,2230.0,2239.0,960.0,959.0,956.0
9595.0,2237.0,2249.0,2234.0,959.0,958.0,958.0
9590.0,2230.0,2241.0,2244.0,960.0,955.0,960.0
9589.0,2236.0,2240.0,2239.0,960.0,960.0,954.0
9564.0,2228.0,2239.0,2227.0,957.0,959.0,954.0
9589.0,2240.0,2236.0,2239.0,960.0,957.0,957.0
9580.0,2236.0,2239.0,2235.0,956.0,958.0,956.0
9576.0,2230.0,2235.0,2240.0,957.0,957.0,957.0
9586.0,2235.0,2245.0,2237.0,955.0,960.0,954.0
9589.0,2240.0,2228.0,2248.0,955.0,963.0,955.0
9587.0,2230.0,2238.0,2246.0,954.0,961.0,958.0
9560.0,2236.0,2230.0,2228.0,956.0,956.0,954.0
9575.0,2237.0,2232.0,2240.0,953.0,957.0,956.0
9593.0,2236.0,2245.0,2241.0,955.0,957.0,959.0
9564.0,2233.0,2239.0,2233.0,950.0,954.0,955.0
9561.0,2232.0,2232.0,2230.0,953.0,959.0,955.0
9582.0,2237.0,2235.0,2239.0,956.0,959.0,956.0
9572.0,2228.0,2233.0,2239.0,955.0,963.0,954.0
9583.0,2230.0,2237.0,2239.0,954.0,962.0,961.0
9581.0,2235.0,2234.0,2239.0,957.0,961.0,955.0
9548.0,2216.0,2226.0,2233.0,954.0,960.0,959.0
9571.0,2234.0,2231.0,2229.0,956.0,961.0,960.0
9583.0,2235.0,2235.0,2246.0,954.0,956.0,957.0
9593.0,2242.0,2236.0,2234.0,958.0,961.0,962.0
9584.0,2224.0,2238.0,2243.0,958.0,960.0,961.0
9605.0,2236.0,2238.0,2250.0,961.0,957.0,963.0
9600.0,2236.0,2240.0,2242.0,957.0,961.0,964.0
9607.0,2247.0,2232.0,2244.0,961.0,962.0,961.0
9618.0,2247.0,2235.0,2243.0,965.0,962.0,966.0
9636.0,2251.0,2239.0,2254.0,962.0,964.0,966.0
9651.0,2256.0,2252.0,2247.0,966.0,966.0,964.0
9632.0,2243.0,2248.0,2246.0,967.0,964.0,964.0
9646.0,2256.0,2248.0,2251.0,966.0,962.0,963.0
9660.0,2247.0,2252.0,2260.0,964.0,968.0,969.0
9667.0,2259.0,2251.0,2255.0,968.0,964.0,970.0
9667.0,2261.0,2265.0,2246.0,966.0,959.0,970.0
9670.0,2261.0,2254.0,2254.0,966.0,963.0,972.0
9692.0,2262.0,2264.0,2259.0,970.0,967.0,970.0
9706.0,2269.0,2262.0,2262.0,971.0,969.0,973.0
9686.0,2260.0,2262.0,2254.0,971.0,968.0,971.0
9696.0,2266.0,2259.0,2262.0,969.0,968.0,972.0
9691.0,2268.0,2261.0,2253.0,970.0,970.0,969.0
9703.0,2266.0,2270.0,2256.0,971.0,969.0,971.0
9699.0,2265.0,2263.0,2255.0,976.0,968.0,972.0
9715.0,2265.0,2269.0,2261.0,972.0,973.0,975.0
9687.0,2255.0,2268.0,2248.0,971.0,971.0,974.0
9700.0,2267.0,2266.0,2255.0,971.0,969.0,972.0
9714.0,2257.0,2271.0,2272.0,972.0,969.0,973.0
9698.0,2257.0,2270.0,2260.0,971.0,968.0,972.0
9702.0,2257.0,2267.0,2268.0,971.0,969.0,970.0
9698.0,2258.0,2271.0,2257.0,975.0,967.0,970.0
9695.0,2257.0,2271.0,2265.0,971.0,963.0,968.0
9683.0,2253.0,2262.0,2263.0,971.0,968.0,966.0
9678.0,2261.0,2255.0,2262.0,968.0,967.0,965.0
9709.0,2265.0,2270.0,2264.0,972.0,967.0,971.0
9679.0,2259.0,2254.0,2262.0,967.0,968.0,969.0
9680.0,2254.0,2264.0,2261.0,970.0,966.0,965.0
9699.0,2261.0,2269.0,2260.0,972.0,967.0,970.0
9700.0,2272.0,2261.0,2265.0,967.0,969.0,966.0
9682.0,2262.0,2263.0,2257.0,971.0,964.0,965.0
9661.0,2259.0,2252.0,2253.0,967.0,962.0,968.0
9676.0,2258.0,2255.0,2266.0,965.0,966.0,966.0
9691.0,2265.0,2261.0,2264.0,967.0,966.0,968.0
9648.0,2254.0,2244.0,2256.0,965.0,962.0,967.0
9665.0,2263.0,2245.0,2264.0,965.0,965.0,963.0
9693.0,2265.0,2252.0,2271.0,970.0,968.0,967.0
9672.0,2261.0,2253.0,2261.0,965.0,966.0,966.0
9672.0,2259.0,2253.0,2260.0,966.0,966.0,968.0
9669.0,2258.0,2249.0,2261.0,967.0,969.0,965.0
9663.0,2254.0,2254.0,2252.0,966.0,970.0,967.0
9689.0,2256.0,2256.0,2270.0,966.0,972.0,969.0
9661.0,2258.0,2246.0,2259.0,967.0,966.0,965.0
9679.0,2254.0,2254.0,2259.0,970.0,972.0,970.0
9681.0,2255.0,2262.0,2260.0,968.0,969.0,967.0
9665.0,2247.0,2260.0,2256.0,965.0,970.0,967.0
9686.0,2255.0,2267.0,2263.0,968.0,969.0,964.0
9689.0,2254.0,2262.0,2261.0,969.0,975.0,968.0
9713.0,2268.0,2264.0,2264.0,967.0,980.0,970.0
9716.0,2262.0,2273.0,2262.0,974.0,974.0,971.0
9714.0,2263.0,2265.0,2271.0,968.0,976.0,971.0
9712.0,2257.0,2271.0,2273.0,970.0,972.0,969.0
9747.0,2277.0,2278.0,2272.0,970.0,976.0,974.0
9749.0,2275.0,2284.0,2267.0,975.0,974.0,974.0
9741.0,2278.0,2280.0,2263.0,973.0,976.0,971.0
9757.0,2274.0,2284.0,2269.0,975.0,979.0,976.0
9751.0,2283.0,2275.0,2271.0,972.0,978.0,972.0
9764.0,2288.0,2277.0,2269.0,977.0,981.0,972.0
9796.0,2295.0,2289.0,2275.0,977.0,981.0,979.0
9796.0,2285.0,2288.0,2291.0,979.0,978.0,975.0
9795.0,2291.0,2294.0,2279.0,977.0,977.0,977.0
9804.0,2289.0,2290.0,2285.0,981.0,980.0,979.0
9770.0,2285.0,2276.0,2278.0,977.0,978.0,976.0
9807.0,2288.0,2287.0,2291.0,984.0,979.0,978.0
9810.0,2293.0,2291.0,2288.0,980.0,980.0,978.0
9801.0,2288.0,2284.0,2292.0,979.0,981.0,977.0
9801.0,2293.0,2280.0,2285.0,980.0,982.0,981.0
9799.0,2287.0,2284.0,2290.0,984.0,976.0,978.0
9819.0,2290.0,2293.0,2291.0,985.0,979.0,981.0
9793.0,2283.0,2278.0,2287.0,984.0,979.0,982.0
9797.0,2284.0,2277.0,2292.0,983.0,982.0,979.0
9805.0,2280.0,2287.0,2297.0,984.0,979.0,978.0
9792.0,2276.0,2290.0,2289.0,982.0,976.0,979.0
9804.0,2280.0,2281.0,2295.0,983.0,981.0,984.0
9794.0,2280.0,2286.0,2287.0,980.0,980.0,981.0
9783.0,2280.0,2276.0,2284.0,982.0,981.0,980.0
9790.0,2293.0,2278.0,2282.0,980.0,980.0,977.0
9779.0,2282.0,2272.0,2284.0,981.0,978.0,982.0
9782.0,2277.0,2278.0,2293.0,978.0,977.0,979.0
9790.0,2287.0,2274.0,2290.0,978.0,977.0,984.0
9800.0,2286.0,2281.0,2299.0,981.0,976.0,977.0
9782.0,2281.0,2285.0,2283.0,978.0,976.0,979.0
9785.0,2288.0,2279.0,2287.0,977.0,977.0,977.0
9797.0,2288.0,2284.0,2290.0,980.0,977.0,978.0
9786.0,2283.0,2278.0,2291.0,979.0,975.0,980.0
9785.0,2283.0,2288.0,2282.0,977.0,977.0,978.0
9779.0,2288.0,2279.0,2282.0,976.0,972.0,982.0
9788.0,2289.0,2283.0,2281.0,979.0,975.0,981.0
9798.0,2283.0,2284.0,2293.0,979.0,979.0,980.0
9793.0,2287.0,2284.0,2292.0,977.0,975.0,978.0
9784.0,2287.0,2283.0,2279.0,978.0,977.0,980.0
9785.0,2280.0,2292.0,2282.0,978.0,975.0,978.0
9769.0,2277.0,2285.0,2284.0,975.0,972.0,976.0
9824.0,2293.0,2305.0,2288.0,980.0,979.0,979.0
9785.0,2280.0,2288.0,2285.0,976.0,978.0,978.0
9768.0,2270.0,2288.0,2276.0,979.0,975.0,980.0
9786.0,2275.0,2294.0,2276.0,980.0,982.0,979.0
9778.0,2286.0,2283.0,2273.0,977.0,980.0,979.0
9806.0,2284.0,2287.0,2293.0,982.0,980.0,980.0
9782.0,2282.0,2285.0,2281.0,974.0,979.0,981.0
9786.0,2281.0,2278.0,2287.0,979.0,979.0,982.0
9825.0,2294.0,2292.0,2296.0,978.0,979.0,986.0
9820.0,2289.0,2286.0,2295.0,983.0,985.0,982.0
9841.0,2292.0,2301.0,2300.0,982.0,983.0,983.0
9816.0,2293.0,2285.0,2286.0,981.0,986.0,985.0
9854.0,2312.0,2294.0,2285.0,985.0,990.0,988.0
9830.0,2301.0,2282.0,2292.0,984.0,985.0,986.0
9851.0,2307.0,2287.0,2297.0,983.0,990.0,987.0
9858.0,2299.0,2300.0,2299.0,984.0,987.0,989.0
9855.0,2302.0,2300.0,2296.0,984.0,989.0,984.0
9863.0,2301.0,2296.0,2305.0,986.0,986.0,989.0
9895.0,2315.0,2305.0,2312.0,986.0,990.0,987.0
9884.0,2309.0,2306.0,2300.0,988.0,992.0,989.0
9907.0,2311.0,2315.0,2311.0,989.0,993.0,988.0
9897.0,2313.0,2302.0,2315.0,989.0,989.0,989.0
9893.0,2313.0,2305.0,2312.0,986.0,990.0,987.0
9914.0,2321.0,2311.0,2311.0,990.0,993.0,988.0
9905.0,2308.0,2307.0,2316.0,993.0,991.0,990.0
9917.0,2315.0,2322.0,2316.0,986.0,991.0,987.0
9911.0,2308.0,2319.0,2316.0,989.0,992.0,987.0
9904.0,2303.0,2311.0,2315.0,995.0,991.0,989.0
9925.0,2306.0,2323.0,2317.0,994.0,994.0,991.0
9906.0,2306.0,2312.0,2318.0,992.0,993.0,985.0
9904.0,2307.0,2306.0,2319.0,992.0,993.0,987.0
9902.0,2310.0,2317.0,2312.0,986.0,992.0,985.0
9914.0,2308.0,2315.0,2319.0,990.0,994.0,988.0
9892.0,2302.0,2312.0,2307.0,990.0,991.0,990.0
9909.0,2309.0,2318.0,2310.0,995.0,991.0,986.0
9920.0,2314.0,2309.0,2323.0,989.0,996.0,989.0
9894.0,2299.0,2308.0,2312.0,993.0,990.0,992.0
9899.0,2303.0,2311.0,2314.0,993.0,991.0,987.0
9880.0,2299.0,2311.0,2309.0,992.0,984.0,985.0
9906.0,2314.0,2314.0,2312.0,987.0,990.0,989.0
9895.0,2309.0,2312.0,2303.0,993.0,990.0,988.0
9883.0,2304.0,2308.0,2311.0,991.0,984.0,985.0
9884.0,2311.0,2300.0,2309.0,991.0,988.0,985.0
9865.0,2306.0,2302.0,2299.0,984.0,988.0,986.0
9875.0,2311.0,2300.0,2300.0,989.0,987.0,988.0
9865.0,2307.0,2304.0,2301.0,987.0,982.0,984.0
9883.0,2310.0,2308.0,2304.0,987.0,987.0,987.0
9864.0,2302.0,2299.0,2302.0,989.0,988.0,984.0
9885.0,2311.0,2302.0,2304.0,991.0,990.0,987.0
9851.0,2303.0,2300.0,2289.0,988.0,985.0,986.0
9871.0,2297.0,2307.0,2305.0,988.0,987.0,987.0
9883.0,2298.0,2306.0,2312.0,989.0,989.0,989.0
9862.0,2301.0,2300.0,2296.0,988.0,989.0,988.0
9899.0,2309.0,2305.0,2315.0,987.0,991.0,992.0
9866.0,2295.0,2298.0,2306.0,989.0,988.0,990.0
9894.0,2311.0,2311.0,2308.0,986.0,989.0,989.0
9876.0,2303.0,2310.0,2298.0,991.0,985.0,989.0
9883.0,2306.0,2310.0,2302.0,988.0,989.0,988.0
9903.0,2313.0,2308.0,2311.0,990.0,988.0,993.0
9894.0,2306.0,2311.0,2304.0,990.0,991.0,992.0
9907.0,2311.0,2308.0,2313.0,995.0,990.0,990.0
9926.0,2313.0,2322.0,2313.0,992.0,990.0,996.0
9933.0,2316.0,2319.0,2318.0,991.0,993.0,996.0
9943.0,2325.0,2323.0,2314.0,992.0,992.0,997.0
9956.0,2324.0,2326.0,2324.0,991.0,994.0,997.0
9957.0,2327.0,2321.0,2321.0,995.0,996.0,997.0
9986.0,2334.0,2332.0,2330.0,995.0,995.0,1000.0
9982.0,2332.0,2332.0,2327.0,994.0,998.0,999.0
9980.0,2332.0,2326.0,2333.0,996.0,994.0,999.0
10007.0,2333.0,2337.0,2341.0,998.0,998.0,1000.0
9977.0,2328.0,2331.0,2323.0,998.0,997.0,1000.0
10011.0,2340.0,2338.0,2330.0,999.0,1001.0,1003.0
10000.0,2334.0,2341.0,2326.0,1001.0,997.0,1001.0
10005.0,2337.0,2339.0,2335.0,998.0,998.0,998.0
10033.0,2342.0,2343.0,2342.0,999.0,1005.0,1002.0
10026.0,2338.0,2342.0,2344.0,1000.0,998.0,1004.0
10013.0,2336.0,2337.0,2339.0,997.0,1001.0,1003.0
10015.0,2329.0,2337.0,2339.0,1005.0,1001.0,1004.0
9994.0,2325.0,2338.0,2331.0,997.0,1002.0,1001.0
10015.0,2327.0,2339.0,2347.0,1001.0,999.0,1002.0
10021.0,2328.0,2337.0,2347.0,1000.0,1005.0,1004.0
10010.0,2320.0,2341.0,2347.0,1001.0,1001.0,1000.0
10010.0,2330.0,2333.0,2342.0,1002.0,998.0,1005.0
9989.0,2321.0,2324.0,2344.0,999.0,1001.0,1000.0
10007.0,2334.0,2332.0,2335.0,1003.0,1002.0,1001.0
10017.0,2335.0,2336.0,2335.0,1004.0,1003.0,1004.0
10011.0,2333.0,2331.0,2337.0,1002.0,1005.0,1003.0
9985.0,2320.0,2331.0,2332.0,1001.0,1001.0,1000.0
9982.0,2328.0,2325.0,2331.0,999.0,1001.0,998.0
9990.0,2337.0,2328.0,2332.0,998.0,996.0,999.0
9983.0,2328.0,2325.0,2329.0,1000.0,1000.0,1001.0
10003.0,2339.0,2327.0,2334.0,1001.0,1002.0,1000.0
9980.0,2329.0,2324.0,2328.0,1000.0,1000.0,999.0
9982.0,2331.0,2331.0,2322.0,1000.0,998.0,1000.0
9999.0,2345.0,2333.0,2325.0,999.0,998.0,999.0
9984.0,2334.0,2321.0,2335.0,999.0,999.0,996.0
9995.0,2343.0,2318.0,2330.0,1003.0,1005.0,996.0
9999.0,2336.0,2323.0,2335.0,1004.0,1001.0,1000.0
9973.0,2326.0,2330.0,2316.0,1001.0,1001.0,999.0
9977.0,2324.0,2331.0,2330.0,1000.0,1000.0,992.0
10000.0,2336.0,2329.0,2333.0,1003.0,1000.0,999.0
9977.0,2330.0,2327.0,2328.0,995.0,999.0,998.0
9977.0,2334.0,2331.0,2321.0,1000.0,997.0,994.0
9999.0,2329.0,2340.0,2329.0,1002.0,999.0,1000.0
9984.0,2330.0,2334.0,2323.0,1000.0,1001.0,996.0
9965.0,2322.0,2330.0,2324.0,998.0,998.0,993.0
10004.0,2333.0,2340.0,2326.0,1003.0,1001.0,1001.0
9973.0,2317.0,2338.0,2328.0,998.0,996.0,996.0
10003.0,2331.0,2342.0,2336.0,996.0,1001.0,997.0
9995.0,2325.0,2333.0,2335.0,1000.0,1003.0,999.0
10023.0,2331.0,2346.0,2339.0,1001.0,1003.0,1003.0
10026.0,2342.0,2345.0,2340.0,998.0,1001.0,1000.0
10031.0,2338.0,2339.0,2345.0,1002.0,1004.0,1003.0
10040.0,2342.0,2345.0,2344.0,1002.0,1004.0,1003.0
10032.0,2337.0,2340.0,2345.0,1003.0,1004.0,1003.0
10043.0,2334.0,2350.0,2346.0,1007.0,1003.0,1003.0
10049.0,2341.0,2350.0,2345.0,1005.0,1002.0,1006.0
10064.0,2353.0,2347.0,2347.0,1003.0,1007.0,1007.0
10085.0,2350.0,2364.0,2355.0,1001.0,1009.0,1006.0
10078.0,2358.0,2350.0,2351.0,1004.0,1008.0,1007.0
10067.0,2348.0,2353.0,2354.0,1004.0,1003.0,1005.0
10092.0,2357.0,2347.0,2369.0,1007.0,1009.0,1003.0
10104.0,2364.0,2352.0,2364.0,1007.0,1010.0,1007.0
10094.0,2362.0,2348.0,2357.0,1007.0,1010.0,1010.0
10081.0,2354.0,2351.0,2356.0,1004.0,1005.0,1011.0
10117.0,2365.0,2362.0,2362.0,1009.0,1008.0,1011.0
10093.0,2358.0,2346.0,2364.0,1011.0,1005.0,1009.0
10092.0,2357.0,2347.0,2360.0,1008.0,1010.0,1010.0
10125.0,2365.0,2352.0,2372.0,1012.0,1010.0,1014.0
10124.0,2363.0,2359.0,2368.0,1010.0,1011.0,1013.0
10091.0,2346.0,2358.0,2362.0,1007.0,1010.0,1008.0
10095.0,2351.0,2356.0,2358.0,1009.0,1009.0,1012.0
10130.0,2365.0,2364.0,2366.0,1014.0,1011.0,1010.0
10110.0,2355.0,2357.0,2362.0,1012.0,1013.0,1011.0
10106.0,2362.0,2353.0,2360.0,1009.0,1010.0,1012.0
10112.0,2358.0,2361.0,2357.0,1012.0,1012.0,1012.0
10109.0,2359.0,2355.0,2363.0,1010.0,1010.0,1012.0
10107.0,2348.0,2360.0,2365.0,1010.0,1011.0,1013.0
10116.0,2354.0,2361.0,2362.0,1014.0,1010.0,1015.0
10093.0,2361.0,2353.0,2353.0,1006.0,1011.0,1009.0
10121.0,2361.0,2365.0,2363.0,1010.0,1011.0,1011.0
10119.0,2360.0,2366.0,2357.0,1012.0,1012.0,1012.0
10087.0,2353.0,2352.0,2348.0,1011.0,1011.0,1012.0
10085.0,2351.0,2361.0,2346.0,1008.0,1007.0,1012.0
10099.0,2357.0,2358.0,2352.0,1012.0,1010.0,1010.0
10099.0,2357.0,2356.0,2352.0,1010.0,1012.0,1012.0
10096.0,2355.0,2360.0,2355.0,1007.0,1008.0,1011.0
10094.0,2355.0,2357.0,2350.0,1009.0,1011.0,1012.0
10096.0,2358.0,2360.0,2349.0,1006.0,1009.0,1014.0
10102.0,2362.0,2351.0,2353.0,1012.0,1012.0,1012.0
10090.0,2358.0,2349.0,2351.0,1009.0,1011.0,1012.0
10095.0,2358.0,2352.0,2353.0,1010.0,1011.0,1011.0
10091.0,2362.0,2355.0,2342.0,1010.0,1012.0,1010.0
10071.0,2351.0,2345.0,2345.0,1010.0,1011.0,1009.0
10051.0,2348.0,2342.0,2340.0,1007.0,1008.0,1006.0
10085.0,2352.0,2347.0,2350.0,1011.0,1013.0,1012.0
10064.0,2347.0,2339.0,2351.0,1007.0,1012.0,1008.0
10088.0,2349.0,2352.0,2353.0,1012.0,1011.0,1011.0
10097.0,2357.0,2350.0,2355.0,1012.0,1016.0,1007.0
10118.0,2358.0,2357.0,2360.0,1016.0,1014.0,1013.0
10105.0,2355.0,2356.0,2356.0,1012.0,1011.0,1015.0
10133.0,2365.0,2353.0,2371.0,1018.0,1013.0,1013.0
10137.0,2354.0,2356.0,2377.0,1021.0,1015.0,1014.0
10134.0,2358.0,2362.0,2369.0,1015.0,1015.0,1015.0
10123.0,2355.0,2353.0,2369.0,1012.0,1018.0,1016.0
10146.0,2372.0,2366.0,2364.0,1014.0,1016.0,1014.0
10142.0,2365.0,2364.0,2366.0,1014.0,1020.0,1013.0
10157.0,2370.0,2362.0,2376.0,1016.0,1017.0,1016.0
10165.0,2369.0,2367.0,2380.0,1014.0,1021.0,1014.0
10170.0,2379.0,2366.0,2380.0,1016.0,1017.0,1012.0
10192.0,2379.0,2377.0,2385.0,1015.0,1020.0,1016.0
10164.0,2379.0,2365.0,2377.0,1014.0,1013.0,1016.0
10212.0,2385.0,2379.0,2392.0,1017.0,1019.0,1020.0
10192.0,2386.0,2374.0,2380.0,1020.0,1018.0,1014.0
10198.0,2383.0,2380.0,2377.0,1019.0,1020.0,1019.0
10205.0,2384.0,2377.0,2386.0,1018.0,1020.0,1020.0
10192.0,2376.0,2380.0,2384.0,1015.0,1020.0,1017.0
10207.0,2388.0,2385.0,2382.0,1015.0,1022.0,1015.0
10224.0,2392.0,2385.0,2385.0,1021.0,1022.0,1019.0
10237.0,2388.0,2394.0,2392.0,1023.0,1021.0,1019.0
10231.0,2385.0,2389.0,2387.0,1020.0,1026.0,1024.0
10223.0,2383.0,2388.0,2390.0,1021.0,1021.0,1020.0
10211.0,2377.0,2387.0,2386.0,1021.0,1021.0,1019.0
10183.0,2375.0,2375.0,2378.0,1016.0,1017.0,1022.0
10209.0,2386.0,2383.0,2384.0,1018.0,1018.0,1020.0
10198.0,2379.0,2379.0,2385.0,1018.0,1018.0,1019.0
10198.0,2374.0,2387.0,2380.0,1018.0,1020.0,1019.0
10191.0,2379.0,2373.0,2385.0,1021.0,1016.0,1017.0
10188.0,2377.0,2378.0,2379.0,1019.0,1016.0,1019.0
10209.0,2375.0,2385.0,2386.0,1021.0,1020.0,1022.0
10200.0,2378.0,2386.0,2378.0,1020.0,1020.0,1018.0
10198.0,2379.0,2386.0,2376.0,1019.0,1019.0,1019.0
10189.0,2377.0,2375.0,2382.0,1020.0,1017.0,1018.0
10197.0,2386.0,2376.0,2378.0,1018.0,1020.0,1019.0
10206.0,2382.0,2379.0,2379.0,1026.0,1016.0,1024.0
10210.0,2388.0,2378.0,2384.0,1021.0,1021.0,1018.0
10172.0,2382.0,2365.0,2371.0,1019.0,1017.0,1018.0
10180.0,2379.0,2381.0,2370.0,1020.0,1015.0,1015.0
10182.0,2380.0,2379.0,2374.0,1017.0,1017.0,1015.0
10197.0,2385.0,2378.0,2374.0,1026.0,1019.0,1015.0
10191.0,2380.0,2376.0,2375.0,1019.0,1023.0,1018.0
10196.0,2386.0,2373.0,2383.0,1021.0,1017.0,1016.0
10196.0,2386.0,2375.0,2378.0,1021.0,1018.0,1018.0
10181.0,2379.0,2372.0,2377.0,1016.0,1016.0,1021.0
10184.0,2381.0,2377.0,2366.0,1023.0,1017.0,1020.0
10192.0,2387.0,2378.0,2373.0,1020.0,1017.0,1017.0
10200.0,2380.0,2377.0,2384.0,1021.0,1017.0,1021.0
10210.0,2382.0,2382.0,2382.0,1023.0,1017.0,1024.0
10216.0,2382.0,2381.0,2387.0,1025.0,1020.0,1021.0
10204.0,2377.0,2375.0,2387.0,1025.0,1021.0,1019.0
10198.0,2383.0,2372.0,2378.0,1023.0,1022.0,1020.0
10255.0,2387.0,2401.0,2392.0,1025.0,1024.0,1026.0
10219.0,2367.0,2385.0,2392.0,1025.0,1028.0,1022.0
10226.0,2382.0,2380.0,2391.0,1024.0,1024.0,1025.0
10252.0,2384.0,2393.0,2399.0,1024.0,1026.0,1026.0
10217.0,2375.0,2388.0,2384.0,1024.0,1024.0,1022.0
10243.0,2390.0,2395.0,2393.0,1021.0,1022.0,1022.0
10261.0,2388.0,2396.0,2399.0,1027.0,1026.0,1025.0
10247.0,2385.0,2388.0,2404.0,1025.0,1020.0,1025.0
10265.0,2386.0,2395.0,2398.0,1024.0,1031.0,1031.0
10269.0,2396.0,2393.0,2399.0,1026.0,1030.0,1025.0
10279.0,2399.0,2403.0,2396.0,1024.0,1027.0,1030.0
10281.0,2403.0,2395.0,2397.0,1024.0,1032.0,1030.0
10304.0,2405.0,2403.0,2406.0,1030.0,1031.0,1029.0
10292.0,2400.0,2401.0,2408.0,1026.0,1027.0,1030.0
10297.0,2402.0,2402.0,2402.0,1029.0,1032.0,1030.0
10310.0,2405.0,2400.0,2417.0,1028.0,1031.0,1029.0
10324.0,2412.0,2407.0,2410.0,1029.0,1031.0,1035.0
10324.0,2401.0,2404.0,2416.0,1031.0,1036.0,1036.0
10301.0,2404.0,2393.0,2404.0,1027.0,1037.0,1036.0
10307.0,2406.0,2404.0,2404.0,1031.0,1029.0,1033.0
10299.0,2406.0,2396.0,2402.0,1029.0,1033.0,1033.0
10355.0,2414.0,2412.0,2420.0,1034.0,1038.0,1037.0
10318.0,2414.0,2405.0,2403.0,1030.0,1033.0,1033.0
10311.0,2406.0,2403.0,2407.0,1029.0,1034.0,1032.0
10325.0,2406.0,2410.0,2414.0,1029.0,1034.0,1032.0
10298.0,2402.0,2398.0,2401.0,1032.0,1030.0,1035.0
10302.0,2392.0,2409.0,2408.0,1031.0,1029.0,1033.0
10309.0,2409.0,2396.0,2413.0,1025.0,1036.0,1030.0
10306.0,2404.0,2405.0,2407.0,1026.0,1031.0,1033.0
10305.0,2404.0,2402.0,2404.0,1028.0,1034.0,1033.0
10281.0,2402.0,2394.0,2397.0,1030.0,1028.0,1030.0
10329.0,2409.0,2414.0,2410.0,1026.0,1034.0,1036.0
10292.0,2401.0,2405.0,2398.0,1025.0,1030.0,1033.0
10293.0,2405.0,2396.0,2402.0,1027.0,1030.0,1033.0
10307.0,2401.0,2404.0,2409.0,1027.0,1030.0,1036.0
10323.0,2413.0,2410.0,2406.0,1029.0,1032.0,1033.0
10302.0,2401.0,2409.0,2403.0,1029.0,1031.0,1029.0
10305.0,2409.0,2409.0,2400.0,1029.0,1029.0,1029.0
10293.0,2407.0,2398.0,2403.0,1029.0,1028.0,1028.0
10309.0,2412.0,2407.0,2400.0,1029.0,1029.0,1032.0
10283.0,2402.0,2411.0,2390.0,1025.0,1028.0,1027.0
10303.0,2403.0,2409.0,2404.0,1033.0,1026.0,1028.0
10299.0,2404.0,2406.0,2407.0,1030.0,1026.0,1026.0
10278.0,2400.0,2404.0,2400.0,1024.0,1026.0,1024.0
10308.0,2407.0,2405.0,2403.0,1030.0,1030.0,1033.0
10299.0,2398.0,2403.0,2406.0,1031.0,1030.0,1031.0
10297.0,2403.0,2406.0,2398.0,1032.0,1033.0,1025.0
10280.0,2393.0,2403.0,2403.0,1029.0,1028.0,1024.0
10306.0,2399.0,2410.0,2414.0,1030.0,1026.0,1027.0
10300.0,2401.0,2403.0,2413.0,1031.0,1025.0,1027.0
10326.0,2411.0,2411.0,2411.0,1032.0,1029.0,1032.0
10324.0,2410.0,2410.0,2411.0,1034.0,1030.0,1029.0
10312.0,2405.0,2408.0,2412.0,1034.0,1025.0,1028.0
10317.0,2406.0,2400.0,2420.0,1034.0,1029.0,1028.0
10315.0,2403.0,2406.0,2418.0,1030.0,1029.0,1029.0
10321.0,2399.0,2412.0,2406.0,1039.0,1032.0,1033.0
10338.0,2407.0,2413.0,2422.0,1036.0,1030.0,1030.0
10324.0,2405.0,2405.0,2415.0,1036.0,1034.0,1029.0
10336.0,2408.0,2401.0,2424.0,1036.0,1031.0,1036.0
10360.0,2418.0,2418.0,2423.0,1035.0,1034.0,1032.0
10347.0,2414.0,2411.0,2423.0,1037.0,1033.0,1029.0
10371.0,2417.0,2417.0,2423.0,1040.0,1038.0,1036.0
10364.0,2415.0,2420.0,2420.0,1038.0,1035.0,1036.0
10376.0,2427.0,2410.0,2423.0,1041.0,1038.0,1037.0
10408.0,2432.0,2428.0,2432.0,1037.0,1040.0,1039.0
10369.0,2425.0,2413.0,2419.0,1038.0,1037.0,1037.0
10403.0,2431.0,2427.0,2425.0,1041.0,1040.0,1039.0
10408.0,2432.0,2423.0,2436.0,1039.0,1041.0,1037.0
10410.0,2435.0,2426.0,2428.0,1038.0,1043.0,1040.0
10392.0,2432.0,2421.0,2422.0,1038.0,1040.0,1039.0
10414.0,2431.0,2429.0,2427.0,1043.0,1041.0,1043.0
10430.0,2432.0,2438.0,2433.0,1042.0,1044.0,1041.0
10409.0,2425.0,2427.0,2436.0,1041.0,1041.0,1039.0
10434.0,2433.0,2438.0,2426.0,1048.0,1045.0,1044.0
10443.0,2437.0,2437.0,2442.0,1043.0,1042.0,1042.0
10419.0,2424.0,2432.0,2431.0,1044.0,1046.0,1042.0
10419.0,2431.0,2432.0,2428.0,1040.0,1043.0,1045.0
10451.0,2436.0,2443.0,2431.0,1042.0,1050.0,1049.0
10414.0,2425.0,2432.0,2429.0,1043.0,1044.0,1041.0
10422.0,2422.0,2432.0,2432.0,1046.0,1045.0,1045.0
10437.0,2427.0,2446.0,2434.0,1041.0,1046.0,1043.0
10398.0,2424.0,2425.0,2425.0,1037.0,1041.0,1046.0
10427.0,2432.0,2436.0,2427.0,1043.0,1043.0,1046.0
10407.0,2428.0,2428.0,2427.0,1041.0,1042.0,1041.0
10404.0,2425.0,2431.0,2424.0,1040.0,1043.0,1041.0
10414.0,2432.0,2440.0,2417.0,1037.0,1044.0,1044.0
10403.0,2425.0,2431.0,2421.0,1040.0,1044.0,1042.0
10407.0,2430.0,2430.0,2426.0,1038.0,1041.0,1042.0
10435.0,2439.0,2435.0,2429.0,1046.0,1043.0,1043.0
10396.0,2429.0,2426.0,2419.0,1037.0,1042.0,1043.0
10432.0,2431.0,2433.0,2437.0,1042.0,1044.0,1045.0
10406.0,2425.0,2428.0,2432.0,1040.0,1042.0,1039.0
10405.0,2429.0,2425.0,2431.0,1036.0,1042.0,1042.0
10393.0,2433.0,2416.0,2425.0,1037.0,1041.0,1041.0
10403.0,2427.0,2424.0,2432.0,1041.0,1040.0,1039.0
10397.0,2436.0,2417.0,2428.0,1036.0,1038.0,1042.0
10405.0,2432.0,2418.0,2431.0,1038.0,1042.0,1044.0
10404.0,2430.0,2421.0,2431.0,1039.0,1040.0,1043.0
10424.0,2433.0,2428.0,2437.0,1042.0,1042.0,1042.0
10417.0,2433.0,2426.0,2435.0,1041.0,1043.0,1039.0
10416.0,2433.0,2428.0,2434.0,1036.0,1042.0,1043.0
10390.0,2417.0,2422.0,2430.0,1041.0,1039.0,1041.0
10416.0,2423.0,2432.0,2434.0,1042.0,1042.0,1043.0
10418.0,2428.0,2429.0,2436.0,1038.0,1043.0,1044.0
10418.0,2423.0,2433.0,2438.0,1039.0,1043.0,1042.0
10427.0,2435.0,2433.0,2434.0,1045.0,1040.0,1040.0
10418.0,2419.0,2435.0,2434.0,1047.0,1039.0,1044.0
10446.0,2431.0,2437.0,2442.0,1048.0,1044.0,1044.0
10443.0,2427.0,2442.0,2442.0,1047.0,1039.0,1046.0
10440.0,2425.0,2439.0,2438.0,1048.0,1044.0,1046.0
10444.0,2441.0,2439.0,2432.0,1045.0,1040.0,1047.0
10458.0,2439.0,2438.0,2444.0,1048.0,1042.0,1047.0
10482.0,2445.0,2447.0,2449.0,1046.0,1048.0,1047.0
10467.0,2445.0,2447.0,2434.0,1047.0,1046.0,1048.0
10496.0,2446.0,2452.0,2455.0,1051.0,1045.0,1047.0
10508.0,2452.0,2452.0,2453.0,1054.0,1048.0,1049.0
10507.0,2455.0,2456.0,2447.0,1053.0,1049.0,1047.0
10517.0,2455.0,2452.0,2458.0,1053.0,1050.0,1049.0
10497.0,2451.0,2451.0,2448.0,1049.0,1050.0,1048.0
10511.0,2458.0,2458.0,2446.0,1052.0,1049.0,1048.0
10510.0,2460.0,2456.0,2447.0,1051.0,1046.0,1050.0
10532.0,2459.0,2459.0,2455.0,1057.0,1053.0,1049.0
10507.0,2455.0,2457.0,2452.0,1049.0,1046.0,1048.0
10514.0,2452.0,2454.0,2449.0,1053.0,1054.0,1052.0
10510.0,2460.0,2451.0,2446.0,1054.0,1049.0,1050.0
10511.0,2454.0,2451.0,2449.0,1054.0,1053.0,1050.0
10545.0,2460.0,2465.0,2464.0,1052.0,1052.0,1052.0
10536.0,2458.0,2461.0,2461.0,1053.0,1052.0,1051.0
10522.0,2461.0,2453.0,2454.0,1052.0,1053.0,1049.0
10520.0,2455.0,2455.0,2453.0,1051.0,1056.0,1050.0
10513.0,2450.0,2457.0,2452.0,1053.0,1051.0,1050.0
10533.0,2465.0,2449.0,2460.0,1050.0,1053.0,1056.0
10516.0,2459.0,2454.0,2450.0,1053.0,1052.0,1048.0
10516.0,2450.0,2454.0,2457.0,1052.0,1050.0,1053.0
10507.0,2449.0,2446.0,2457.0,1049.0,1053.0,1053.0
10506.0,2447.0,2455.0,2452.0,1049.0,1052.0,1051.0
10518.0,2461.0,2452.0,2455.0,1049.0,1052.0,1049.0
10521.0,2455.0,2452.0,2458.0,1050.0,1055.0,1051.0
10508.0,2458.0,2445.0,2457.0,1047.0,1049.0,1052.0
10529.0,2456.0,2456.0,2462.0,1049.0,1052.0,1054.0
10511.0,2456.0,2447.0,2456.0,1049.0,1053.0,1050.0
10528.0,2460.0,2447.0,2473.0,1050.0,1051.0,1047.0
10504.0,2456.0,2449.0,2448.0,1048.0,1053.0,1050.0
10497.0,2457.0,2452.0,2445.0,1045.0,1049.0,1049.0
10512.0,2462.0,2443.0,2458.0,1049.0,1050.0,1050.0
10509.0,2453.0,2456.0,2453.0,1048.0,1050.0,1049.0
10506.0,2456.0,2441.0,2456.0,1047.0,1055.0,1051.0
10509.0,2453.0,2452.0,2455.0,1050.0,1055.0,1044.0
10504.0,2454.0,2451.0,2452.0,1046.0,1053.0,1048.0
10521.0,2456.0,2460.0,2455.0,1050.0,1052.0,1048.0
10530.0,2452.0,2458.0,2465.0,1050.0,1052.0,1053.0
10511.0,2448.0,2454.0,2463.0,1044.0,1052.0,1050.0
10519.0,2449.0,2458.0,2457.0,1049.0,1055.0,1051.0
10510.0,2445.0,2454.0,2454.0,1052.0,1054.0,1051.0
10533.0,2450.0,2464.0,2459.0,1049.0,1055.0,1056.0
10526.0,2457.0,2459.0,2447.0,1052.0,1055.0,1056.0
10534.0,2457.0,2460.0,2460.0,1053.0,1052.0,1052.0
10517.0,2442.0,2458.0,2457.0,1052.0,1056.0,1052.0
10534.0,2456.0,2463.0,2451.0,1055.0,1054.0,1055.0
10544.0,2456.0,2461.0,2465.0,1054.0,1051.0,1057.0
10515.0,2445.0,2457.0,2455.0,1054.0,1054.0,1050.0
10555.0,2459.0,2468.0,2458.0,1055.0,1057.0,1058.0
10564.0,2463.0,2462.0,2469.0,1057.0,1056.0,1057.0
10571.0,2465.0,2468.0,2464.0,1057.0,1060.0,1057.0
10563.0,2460.0,2460.0,2467.0,1057.0,1060.0,1059.0
10569.0,2465.0,2460.0,2469.0,1056.0,1060.0,1059.0
10587.0,2474.0,2469.0,2465.0,1062.0,1056.0,1061.0
10572.0,2464.0,2461.0,2461.0,1061.0,1062.0,1063.0
10594.0,2481.0,2464.0,2467.0,1062.0,1059.0,1061.0
10593.0,2479.0,2456.0,2476.0,1062.0,1057.0,1063.0
10607.0,2478.0,2468.0,2470.0,1064.0,1061.0,1066.0
10626.0,2487.0,2469.0,2477.0,1065.0,1064.0,1064.0
10628.0,2487.0,2482.0,2473.0,1062.0,1062.0,1062.0
10611.0,2478.0,2472.0,2471.0,1065.0,1062.0,1063.0
10610.0,2476.0,2473.0,2472.0,1065.0,1060.0,1064.0
10635.0,2487.0,2479.0,2473.0,1069.0,1059.0,1068.0
10635.0,2492.0,2472.0,2475.0,1065.0,1064.0,1067.0
10622.0,2482.0,2480.0,2473.0,1065.0,1060.0,1062.0
10624.0,2477.0,2482.0,2478.0,1061.0,1059.0,1067.0
10632.0,2473.0,2485.0,2486.0,1061.0,1060.0,1067.0
10644.0,2483.0,2480.0,2490.0,1066.0,1064.0,1061.0
10631.0,2473.0,2486.0,2482.0,1063.0,1061.0,1066.0
10640.0,2481.0,2483.0,2484.0,1062.0,1062.0,1068.0
10658.0,2483.0,2492.0,2490.0,1063.0,1062.0,1068.0
10636.0,2478.0,2487.0,2477.0,1066.0,1062.0,1066.0
10619.0,2476.0,2480.0,2480.0,1062.0,1061.0,1060.0
10626.0,2483.0,2485.0,2474.0,1061.0,1062.0,1061.0
10623.0,2478.0,2477.0,2480.0,1064.0,1059.0,1065.0
10616.0,2483.0,2481.0,2473.0,1061.0,1058.0,1060.0
10623.0,2480.0,2486.0,2476.0,1062.0,1059.0,1060.0
10628.0,2485.0,2482.0,2480.0,1060.0,1059.0,1062.0
10624.0,2476.0,2476.0,2485.0,1061.0,1062.0,1064.0
10610.0,2481.0,2478.0,2474.0,1058.0,1059.0,1060.0
10607.0,2478.0,2475.0,2474.0,1061.0,1060.0,1059.0
10619.0,2479.0,2482.0,2477.0,1060.0,1061.0,1060.0
10611.0,2473.0,2479.0,2480.0,1057.0,1061.0,1061.0
10626.0,2482.0,2471.0,2485.0,1063.0,1061.0,1064.0
10622.0,2488.0,2477.0,2481.0,1057.0,1058.0,1061.0
10624.0,2486.0,2476.0,2484.0,1059.0,1060.0,1059.0
10623.0,2479.0,2475.0,2486.0,1058.0,1063.0,1062.0
10577.0,2484.0,2460.0,2458.0,1056.0,1061.0,1058.0
10602.0,2477.0,2475.0,2475.0,1057.0,1058.0,1060.0
10592.0,2471.0,2471.0,2471.0,1058.0,1063.0,1058.0
10601.0,2475.0,2475.0,2475.0,1059.0,1061.0,1056.0
10600.0,2478.0,2461.0,2479.0,1061.0,1060.0,1061.0
10603.0,2475.0,2466.0,2481.0,1058.0,1061.0,1062.0
10611.0,2477.0,2475.0,2478.0,1059.0,1064.0,1058.0
10603.0,2473.0,2468.0,2475.0,1059.0,1063.0,1065.0
10645.0,2478.0,2487.0,2488.0,1064.0,1065.0,1063.0
10611.0,2476.0,2469.0,2485.0,1058.0,1065.0,1058.0
10621.0,2472.0,2481.0,2474.0,1065.0,1069.0,1060.0
10623.0,2476.0,2483.0,2479.0,1060.0,1064.0,1061.0
10632.0,2477.0,2487.0,2479.0,1065.0,1063.0,1061.0
10659.0,2484.0,2491.0,2487.0,1062.0,1069.0,1066.0
10665.0,2488.0,2489.0,2493.0,1067.0,1066.0,1062.0
10642.0,2486.0,2484.0,2482.0,1066.0,1062.0,1062.0
10659.0,2485.0,2487.0,2484.0,1068.0,1071.0,1064.0
10655.0,2495.0,2480.0,2485.0,1068.0,1064.0,1063.0
10691.0,2495.0,2492.0,2491.0,1072.0,1071.0,1070.0
10687.0,2496.0,2494.0,2491.0,1068.0,1071.0,1067.0
10690.0,2498.0,2497.0,2486.0,1073.0,1070.0,1066.0
10706.0,2498.0,2506.0,2495.0,1069.0,1071.0,1067.0
10725.0,2506.0,2505.0,2495.0,1078.0,1075.0,1066.0
10716.0,2505.0,2499.0,2499.0,1071.0,1070.0,1072.0
10742.0,2511.0,2513.0,2497.0,1075.0,1075.0,1071.0
10739.0,2515.0,2509.0,2498.0,1073.0,1073.0,1071.0
10740.0,2509.0,2502.0,2499.0,1076.0,1078.0,1076.0
10717.0,2504.0,2497.0,2498.0,1072.0,1074.0,1072.0
10734.0,2493.0,2507.0,2505.0,1076.0,1078.0,1075.0
10752.0,2509.0,2514.0,2506.0,1076.0,1075.0,1072.0
10748.0,2501.0,2509.0,2510.0,1076.0,1078.0,1074.0
10727.0,2497.0,2507.0,2499.0,1077.0,1075.0,1072.0
10716.0,2497.0,2499.0,2501.0,1075.0,1072.0,1072.0
10719.0,2501.0,2503.0,2498.0,1076.0,1071.0,1070.0
10739.0,2503.0,2504.0,2505.0,1077.0,1075.0,1075.0
10734.0,2498.0,2504.0,2509.0,1073.0,1078.0,1072.0
10733.0,2499.0,2506.0,2505.0,1078.0,1074.0,1071.0
10735.0,2501.0,2496.0,2510.0,1078.0,1073.0,1077.0
10714.0,2499.0,2492.0,2502.0,1076.0,1071.0,1074.0
10722.0,2498.0,2490.0,2516.0,1071.0,1073.0,1074.0
10728.0,2498.0,2501.0,2505.0,1074.0,1076.0,1074.0
10720.0,2503.0,2500.0,2504.0,1070.0,1070.0,1073.0
10722.0,2503.0,2497.0,2508.0,1072.0,1071.0,1071.0
10728.0,2504.0,2499.0,2508.0,1072.0,1071.0,1074.0
10719.0,2499.0,2496.0,2505.0,1070.0,1074.0,1075.0
10719.0,2510.0,2491.0,2505.0,1071.0,1069.0,1073.0
10717.0,2500.0,2499.0,2505.0,1071.0,1070.0,1072.0
10719.0,2506.0,2498.0,2503.0,1071.0,1068.0,1073.0
10722.0,2498.0,2502.0,2509.0,1072.0,1067.0,1074.0
10727.0,2508.0,2505.0,2497.0,1075.0,1069.0,1073.0
10723.0,2507.0,2499.0,2506.0,1070.0,1067.0,1074.0
10726.0,2502.0,2497.0,2505.0,1074.0,1075.0,1073.0
10696.0,2501.0,2498.0,2487.0,1068.0,1069.0,1073.0
10720.0,2498.0,2501.0,2509.0,1067.0,1068.0,1077.0
10710.0,2499.0,2498.0,2502.0,1070.0,1069.0,1072.0
10689.0,2490.0,2492.0,2499.0,1069.0,1067.0,1072.0
10730.0,2503.0,2508.0,2501.0,1070.0,1073.0,1075.0
10726.0,2505.0,2506.0,2500.0,1069.0,1069.0,1077.0
10708.0,2492.0,2502.0,2501.0,1070.0,1072.0,1071.0
10699.0,2495.0,2501.0,2494.0,1070.0,1066.0,1073.0
10726.0,2500.0,2505.0,2509.0,1068.0,1069.0,1075.0
10724.0,2491.0,2508.0,2501.0,1072.0,1076.0,1076.0
10734.0,2502.0,2507.0,2502.0,1074.0,1075.0,1074.0
10738.0,2501.0,2508.0,2503.0,1074.0,1075.0,1077.0
10742.0,2504.0,2500.0,2512.0,1074.0,1075.0,1077.0
10734.0,2494.0,2518.0,2497.0,1075.0,1074.0,1076.0
10749.0,2504.0,2514.0,2502.0,1076.0,1078.0,1075.0
10775.0,2510.0,2516.0,2517.0,1078.0,1077.0,1077.0
10783.0,2516.0,2515.0,2514.0,1078.0,1079.0,1081.0
10761.0,2508.0,2510.0,2508.0,1079.0,1080.0,1076.0
10777.0,2511.0,2521.0,2504.0,1077.0,1083.0,1081.0
10808.0,2522.0,2522.0,2524.0,1080.0,1079.0,1081.0
10794.0,2520.0,2520.0,2517.0,1078.0,1081.0,1078.0
10807.0,2525.0,2517.0,2525.0,1079.0,1082.0,1079.0
10813.0,2525.0,2521.0,2521.0,1082.0,1083.0,1081.0
10822.0,2530.0,2524.0,2525.0,1081.0,1082.0,1080.0
10809.0,2522.0,2518.0,2520.0,1084.0,1081.0,1084.0
10836.0,2532.0,2524.0,2529.0,1084.0,1086.0,1081.0
10841.0,2536.0,2516.0,2530.0,1089.0,1083.0,1087.0
10830.0,2529.0,2527.0,2521.0,1087.0,1084.0,1082.0
10821.0,2524.0,2522.0,2528.0,1084.0,1084.0,1079.0
10851.0,2536.0,2529.0,2528.0,1087.0,1091.0,1080.0
10838.0,2526.0,2519.0,2534.0,1086.0,1089.0,1084.0
10823.0,2518.0,2523.0,2530.0,1087.0,1084.0,1081.0
10847.0,2520.0,2527.0,2536.0,1090.0,1091.0,1083.0
10833.0,2522.0,2523.0,2528.0,1088.0,1088.0,1084.0
10853.0,2525.0,2526.0,2545.0,1088.0,1086.0,1083.0
10834.0,2521.0,2525.0,2535.0,1084.0,1087.0,1082.0
10845.0,2535.0,2527.0,2535.0,1084.0,1084.0,1080.0
10842.0,2521.0,2533.0,2533.0,1085.0,1086.0,1084.0
10841.0,2520.0,2531.0,2532.0,1090.0,1087.0,1081.0
10832.0,2522.0,2531.0,2532.0,1083.0,1085.0,1079.0
10832.0,2527.0,2530.0,2527.0,1083.0,1084.0,1081.0
10837.0,2524.0,2529.0,2530.0,1085.0,1088.0,1081.0
10842.0,2529.0,2530.0,2532.0,1087.0,1084.0,1080.0
10847.0,2529.0,2528.0,2537.0,1086.0,1087.0,1080.0
10824.0,2523.0,2530.0,2530.0,1082.0,1082.0,1077.0
10817.0,2524.0,2521.0,2528.0,1085.0,1083.0,1076.0
10827.0,2522.0,2531.0,2528.0,1083.0,1082.0,1081.0
10823.0,2519.0,2535.0,2524.0,1082.0,1085.0,1078.0
10811.0,2527.0,2529.0,2511.0,1079.0,1083.0,1082.0
10830.0,2532.0,2523.0,2528.0,1079.0,1082.0,1086.0
10808.0,2525.0,2526.0,2515.0,1082.0,1080.0,1080.0
10816.0,2522.0,2525.0,2523.0,1085.0,1081.0,1080.0
10825.0,2525.0,2529.0,2526.0,1083.0,1083.0,1079.0
10796.0,2528.0,2518.0,2513.0,1078.0,1080.0,1079.0
10825.0,2523.0,2528.0,2526.0,1082.0,1084.0,1082.0
10806.0,2525.0,2518.0,2527.0,1075.0,1080.0,1081.0
10828.0,2526.0,2528.0,2525.0,1079.0,1085.0,1085.0
10811.0,2525.0,2522.0,2520.0,1083.0,1079.0,1082.0
10812.0,2518.0,2525.0,2525.0,1083.0,1078.0,1083.0
10812.0,2528.0,2520.0,2520.0,1079.0,1083.0,1082.0
10829.0,2524.0,2529.0,2524.0,1083.0,1085.0,1084.0
10842.0,2529.0,2525.0,2530.0,1088.0,1083.0,1087.0
10835.0,2530.0,2522.0,2530.0,1083.0,1084.0,1086.0
10822.0,2533.0,2521.0,2522.0,1083.0,1080.0,1083.0
10841.0,2536.0,2525.0,2528.0,1085.0,1083.0,1084.0
10840.0,2528.0,2529.0,2529.0,1083.0,1084.0,1087.0
10858.0,2538.0,2537.0,2535.0,1080.0,1082.0,1086.0
10863.0,2530.0,2535.0,2537.0,1083.0,1088.0,1090.0
10889.0,2538.0,2538.0,2550.0,1088.0,1086.0,1089.0
10877.0,2543.0,2541.0,2531.0,1085.0,1085.0,1092.0
10885.0,2538.0,2543.0,2539.0,1087.0,1087.0,1091.0
10903.0,2547.0,2540.0,2542.0,1091.0,1090.0,1093.0
10906.0,2551.0,2544.0,2542.0,1089.0,1090.0,1090.0
10917.0,2553.0,2551.0,2544.0,1089.0,1089.0,1091.0
10920.0,2550.0,2546.0,2552.0,1093.0,1087.0,1092.0
10927.0,2560.0,2549.0,2539.0,1095.0,1088.0,1096.0
10949.0,2558.0,2551.0,2555.0,1092.0,1096.0,1097.0
10960.0,2558.0,2558.0,2561.0,1097.0,1091.0,1095.0
10954.0,2560.0,2558.0,2554.0,1093.0,1092.0,1097.0
10936.0,2561.0,2549.0,2544.0,1094.0,1092.0,1096.0
10943.0,2552.0,2551.0,2556.0,1095.0,1094.0,1095.0
10937.0,2553.0,2552.0,2551.0,1094.0,1090.0,1097.0
10971.0,2555.0,2568.0,2559.0,1098.0,1094.0,1097.0
10954.0,2551.0,2554.0,2564.0,1095.0,1094.0,1096.0
10956.0,2545.0,2567.0,2555.0,1093.0,1098.0,1098.0
10959.0,2555.0,2558.0,2561.0,1096.0,1094.0,1095.0
10933.0,2543.0,2551.0,2560.0,1095.0,1090.0,1094.0
10931.0,2540.0,2548.0,2560.0,1094.0,1094.0,1095.0
10939.0,2545.0,2556.0,2551.0,1096.0,1098.0,1093.0
10946.0,2547.0,2548.0,2559.0,1096.0,1098.0,1098.0
10949.0,2558.0,2550.0,2555.0,1097.0,1095.0,1094.0
10938.0,2549.0,2554.0,2551.0,1097.0,1092.0,1095.0
10950.0,2562.0,2546.0,2554.0,1098.0,1095.0,1095.0
10918.0,2541.0,2547.0,2549.0,1095.0,1093.0,1093.0
10915.0,2546.0,2541.0,2550.0,1094.0,1091.0,1093.0
10943.0,2559.0,2553.0,2552.0,1093.0,1093.0,1093.0
10943.0,2549.0,2542.0,2562.0,1096.0,1097.0,1097.0
10925.0,2550.0,2548.0,2548.0,1095.0,1091.0,1093.0
10915.0,2552.0,2548.0,2539.0,1092.0,1092.0,1092.0
10908.0,2546.0,2543.0,2545.0,1089.0,1091.0,1094.0
10920.0,2550.0,2543.0,2549.0,1093.0,1095.0,1090.0
10918.0,2555.0,2542.0,2543.0,1093.0,1096.0,1089.0
10913.0,2550.0,2538.0,2552.0,1091.0,1093.0,1089.0
10924.0,2552.0,2543.0,2550.0,1093.0,1096.0,1090.0
10903.0,2553.0,2546.0,2532.0,1089.0,1093.0,1090.0
10912.0,2552.0,2544.0,2547.0,1090.0,1089.0,1090.0
10903.0,2552.0,2540.0,2540.0,1091.0,1094.0,1086.0
10927.0,2556.0,2552.0,2540.0,1093.0,1095.0,1091.0
10907.0,2546.0,2544.0,2540.0,1093.0,1094.0,1090.0
10904.0,2542.0,2543.0,2546.0,1089.0,1094.0,1090.0
10942.0,2558.0,2554.0,2550.0,1091.0,1097.0,1092.0
10919.0,2548.0,2556.0,2541.0,1092.0,1091.0,1091.0
10926.0,2545.0,2555.0,2548.0,1092.0,1096.0,1090.0
10919.0,2540.0,2547.0,2550.0,1092.0,1096.0,1094.0
10936.0,2554.0,2560.0,2545.0,1093.0,1095.0,1089.0
10956.0,2557.0,2558.0,2555.0,1098.0,1095.0,1093.0
10950.0,2549.0,2561.0,2561.0,1089.0,1095.0,1095.0
10969.0,2556.0,2565.0,2563.0,1093.0,1096.0,1096.0
10985.0,2563.0,2572.0,2563.0,1095.0,1099.0,1093.0
10969.0,2553.0,2564.0,2561.0,1095.0,1099.0,1097.0
10976.0,2565.0,2565.0,2562.0,1094.0,1097.0,1093.0
10989.0,2566.0,2568.0,2563.0,1096.0,1096.0,1100.0
11001.0,2563.0,2572.0,2570.0,1098.0,1099.0,1099.0
10997.0,2569.0,2564.0,2570.0,1098.0,1097.0,1099.0
11003.0,2569.0,2566.0,2573.0,1098.0,1097.0,1100.0
11011.0,2571.0,2561.0,2576.0,1101.0,1102.0,1100.0
11017.0,2573.0,2577.0,2568.0,1101.0,1099.0,1099.0
11016.0,2567.0,2571.0,2574.0,1103.0,1102.0,1099.0
11020.0,2575.0,2569.0,2573.0,1101.0,1100.0,1102.0
11051.0,2586.0,2577.0,2581.0,1098.0,1101.0,1108.0
11026.0,2576.0,2566.0,2579.0,1104.0,1096.0,1105.0
11025.0,2572.0,2570.0,2582.0,1099.0,1101.0,1101.0
11053.0,2580.0,2577.0,2588.0,1101.0,1104.0,1103.0
11053.0,2582.0,2573.0,2584.0,1107.0,1105.0,1102.0
11046.0,2579.0,2578.0,2583.0,1104.0,1100.0,1102.0
11064.0,2582.0,2579.0,2585.0,1106.0,1107.0,1105.0
11057.0,2574.0,2576.0,2588.0,1109.0,1105.0,1105.0
11039.0,2576.0,2571.0,2579.0,1107.0,1102.0,1104.0
11042.0,2570.0,2578.0,2581.0,1104.0,1104.0,1105.0
11045.0,2574.0,2571.0,2586.0,1109.0,1102.0,1103.0
11001.0,2563.0,2565.0,2568.0,1106.0,1099.0,1100.0
11047.0,2576.0,2577.0,2575.0,1104.0,1105.0,1110.0
11025.0,2564.0,2571.0,2575.0,1105.0,1102.0,1108.0
11036.0,2573.0,2570.0,2578.0,1102.0,1102.0,1111.0
11048.0,2587.0,2574.0,2575.0,1106.0,1101.0,1105.0
11060.0,2570.0,2575.0,2588.0,1109.0,1107.0,1111.0
11043.0,2578.0,2575.0,2578.0,1107.0,1100.0,1105.0
11021.0,2575.0,2565.0,2571.0,1103.0,1100.0,1107.0
11033.0,2576.0,2580.0,2570.0,1103.0,1099.0,1105.0
11050.0,2580.0,2576.0,2579.0,1107.0,1102.0,1106.0
11024.0,2570.0,2573.0,2570.0,1105.0,1101.0,1105.0
11025.0,2584.0,2573.0,2562.0,1103.0,1101.0,1102.0
11049.0,2581.0,2581.0,2570.0,1106.0,1103.0,1108.0
11040.0,2580.0,2576.0,2570.0,1104.0,1106.0,1104.0
11027.0,2575.0,2576.0,2568.0,1103.0,1101.0,1104.0
11042.0,2581.0,2571.0,2571.0,1105.0,1104.0,1110.0
11008.0,2567.0,2569.0,2566.0,1102.0,1100.0,1104.0
11023.0,2577.0,2577.0,2559.0,1104.0,1103.0,1103.0
11033.0,2570.0,2576.0,2570.0,1104.0,1108.0,1105.0
11038.0,2572.0,2583.0,2569.0,1105.0,1106.0,1103.0
11028.0,2575.0,2572.0,2569.0,1101.0,1104.0,1107.0
11041.0,2577.0,2581.0,2569.0,1102.0,1105.0,1107.0
11036.0,2575.0,2568.0,2578.0,1103.0,1106.0,1106.0
11025.0,2573.0,2567.0,2571.0,1100.0,1106.0,1108.0
11025.0,2565.0,2572.0,2571.0,1106.0,1108.0,1103.0
11044.0,2577.0,2571.0,2580.0,1104.0,1106.0,1106.0
11045.0,2577.0,2574.0,2579.0,1104.0,1106.0,1105.0
11051.0,2575.0,2576.0,2580.0,1105.0,1105.0,1110.0
11033.0,2569.0,2575.0,2581.0,1102.0,1106.0,1100.0
11057.0,2577.0,2576.0,2584.0,1106.0,1107.0,1107.0
11104.0,2587.0,2588.0,2600.0,1109.0,1108.0,1112.0
11076.0,2585.0,2580.0,2586.0,1106.0,1111.0,1108.0
11076.0,2586.0,2573.0,2594.0,1106.0,1109.0,1108.0
11088.0,2592.0,2585.0,2589.0,1108.0,1106.0,1108.0
11088.0,2586.0,2588.0,2585.0,1107.0,1111.0,1111.0
11089.0,2586.0,2582.0,2596.0,1107.0,1111.0,1107.0
11102.0,2586.0,2591.0,2592.0,1111.0,1113.0,1109.0
11140.0,2601.0,2595.0,2603.0,1112.0,1114.0,1115.0
