demand,Demand_Retailer_0,Demand_Retailer_1,Demand_Retailer_2,Demand_Retailer_3,Demand_Retailer_4,Demand_Retailer_5
1011.0,235.0,263.0,238.0,93.0,95.0,87.0
996.0,234.0,257.0,242.0,92.0,90.0,81.0
1115.0,270.0,270.0,280.0,84.0,102.0,109.0
1113.0,285.0,245.0,248.0,113.0,111.0,111.0
1116.0,265.0,291.0,263.0,112.0,82.0,103.0
1044.0,274.0,259.0,224.0,99.0,90.0,98.0
1139.0,298.0,305.0,220.0,111.0,105.0,100.0
1097.0,302.0,249.0,269.0,91.0,91.0,95.0
1226.0,281.0,266.0,334.0,119.0,105.0,121.0
1197.0,254.0,283.0,318.0,119.0,116.0,107.0
1048.0,249.0,214.0,290.0,95.0,93.0,107.0
1048.0,255.0,231.0,232.0,108.0,116.0,106.0
1045.0,212.0,288.0,209.0,112.0,97.0,127.0
1229.0,276.0,287.0,307.0,114.0,127.0,118.0
991.0,220.0,236.0,218.0,101.0,91.0,125.0
1184.0,250.0,305.0,295.0,112.0,109.0,113.0
1109.0,246.0,268.0,249.0,100.0,111.0,135.0
1029.0,231.0,245.0,233.0,104.0,104.0,112.0
1050.0,247.0,228.0,241.0,99.0,106.0,129.0
1144.0,270.0,277.0,253.0,114.0,110.0,120.0
996.0,236.0,201.0,247.0,92.0,102.0,118.0
1244.0,308.0,304.0,233.0,133.0,120.0,146.0
977.0,215.0,247.0,244.0,73.0,99.0,99.0
1115.0,266.0,252.0,249.0,113.0,117.0,118.0
1066.0,257.0,272.0,239.0,91.0,103.0,104.0
967.0,231.0,222.0,216.0,99.0,92.0,107.0
1070.0,244.0,252.0,236.0,103.0,117.0,118.0
920.0,204.0,188.0,225.0,89.0,111.0,103.0
1110.0,257.0,237.0,259.0,111.0,120.0,126.0
988.0,245.0,234.0,231.0,95.0,91.0,92.0
926.0,208.0,223.0,214.0,93.0,87.0,101.0
1188.0,288.0,282.0,252.0,125.0,122.0,119.0
1072.0,255.0,250.0,241.0,112.0,112.0,102.0
1010.0,248.0,252.0,195.0,105.0,110.0,100.0
1073.0,252.0,234.0,254.0,109.0,115.0,109.0
848.0,217.0,215.0,165.0,82.0,79.0,90.0
973.0,233.0,216.0,230.0,96.0,99.0,99.0
913.0,217.0,248.0,154.0,100.0,107.0,87.0
993.0,241.0,233.0,207.0,103.0,103.0,106.0
1097.0,258.0,283.0,242.0,111.0,104.0,99.0
911.0,169.0,236.0,210.0,101.0,92.0,103.0
941.0,230.0,238.0,215.0,73.0,96.0,89.0
980.0,223.0,188.0,263.0,110.0,91.0,105.0
889.0,201.0,186.0,221.0,98.0,90.0,93.0
1095.0,230.0,257.0,249.0,124.0,128.0,107.0
1077.0,223.0,249.0,259.0,111.0,124.0,111.0
1061.0,243.0,230.0,266.0,123.0,96.0,103.0
1207.0,291.0,266.0,277.0,112.0,124.0,137.0
1014.0,252.0,213.0,234.0,110.0,102.0,103.0
1136.0,264.0,267.0,278.0,114.0,118.0,95.0
889.0,208.0,213.0,221.0,87.0,84.0,76.0
1075.0,221.0,278.0,241.0,109.0,122.0,104.0
1151.0,265.0,230.0,287.0,130.0,121.0,118.0
1237.0,291.0,302.0,282.0,128.0,113.0,121.0
1085.0,244.0,231.0,264.0,109.0,114.0,123.0
1233.0,303.0,264.0,299.0,122.0,125.0,120.0
1100.0,267.0,261.0,266.0,115.0,92.0,99.0
1240.0,309.0,275.0,284.0,129.0,125.0,118.0
1068.0,262.0,210.0,269.0,93.0,109.0,125.0
1263.0,312.0,302.0,287.0,119.0,123.0,120.0
1232.0,306.0,309.0,263.0,106.0,111.0,137.0
1252.0,290.0,288.0,316.0,123.0,136.0,99.0
1175.0,327.0,273.0,249.0,127.0,110.0,89.0
1308.0,321.0,287.0,296.0,131.0,129.0,144.0
1362.0,336.0,312.0,319.0,129.0,135.0,131.0
1178.0,278.0,265.0,281.0,118.0,116.0,120.0
1218.0,322.0,260.0,278.0,118.0,128.0,112.0
1286.0,328.0,293.0,303.0,119.0,112.0,131.0
1275.0,308.0,303.0,301.0,116.0,126.0,121.0
1279.0,260.0,316.0,306.0,124.0,134.0,139.0
1162.0,265.0,278.0,271.0,126.0,123.0,99.0
1298.0,305.0,311.0,320.0,109.0,120.0,133.0
1259.0,286.0,334.0,285.0,119.0,114.0,121.0
1286.0,266.0,350.0,300.0,135.0,109.0,126.0
1189.0,294.0,346.0,230.0,106.0,107.0,106.0
1312.0,278.0,325.0,313.0,121.0,135.0,140.0
1266.0,270.0,324.0,300.0,125.0,124.0,123.0
1052.0,266.0,275.0,214.0,91.0,105.0,101.0
1101.0,249.0,256.0,264.0,113.0,117.0,102.0
1210.0,331.0,283.0,284.0,103.0,111.0,98.0
1102.0,256.0,278.0,254.0,104.0,109.0,101.0
1076.0,247.0,281.0,243.0,106.0,101.0,98.0
966.0,235.0,280.0,195.0,91.0,86.0,79.0
1080.0,254.0,239.0,252.0,106.0,120.0,109.0
974.0,212.0,253.0,243.0,84.0,96.0,86.0
1059.0,281.0,234.0,234.0,102.0,110.0,98.0
1132.0,298.0,238.0,297.0,94.0,103.0,102.0
1110.0,296.0,262.0,259.0,101.0,94.0,98.0
1035.0,245.0,234.0,254.0,114.0,95.0,93.0
1004.0,260.0,235.0,240.0,95.0,81.0,93.0
872.0,207.0,151.0,253.0,101.0,83.0,77.0
1169.0,282.0,253.0,270.0,130.0,110.0,124.0
1012.0,218.0,191.0,272.0,109.0,119.0,103.0
948.0,207.0,195.0,221.0,108.0,117.0,100.0
1140.0,255.0,196.0,318.0,129.0,128.0,114.0
1137.0,263.0,249.0,279.0,129.0,114.0,103.0
1121.0,242.0,229.0,302.0,125.0,115.0,108.0
1048.0,204.0,246.0,269.0,98.0,110.0,121.0
1167.0,229.0,269.0,286.0,124.0,138.0,121.0
1161.0,234.0,248.0,328.0,135.0,110.0,106.0
1113.0,261.0,233.0,258.0,120.0,125.0,116.0
1089.0,255.0,215.0,262.0,119.0,118.0,120.0
1212.0,265.0,245.0,323.0,121.0,132.0,126.0
1151.0,246.0,284.0,238.0,129.0,122.0,132.0
1139.0,287.0,246.0,261.0,123.0,111.0,111.0
1246.0,263.0,279.0,314.0,135.0,134.0,121.0
1341.0,288.0,303.0,326.0,137.0,148.0,139.0
1226.0,310.0,289.0,234.0,140.0,119.0,134.0
1312.0,276.0,325.0,282.0,137.0,137.0,155.0
1327.0,325.0,330.0,280.0,129.0,127.0,136.0
1331.0,305.0,327.0,265.0,140.0,151.0,143.0
1403.0,355.0,328.0,288.0,140.0,143.0,149.0
1480.0,348.0,351.0,328.0,152.0,155.0,146.0
1442.0,350.0,316.0,338.0,150.0,129.0,159.0
1341.0,333.0,318.0,272.0,138.0,136.0,144.0
1446.0,318.0,353.0,319.0,144.0,160.0,152.0
1351.0,329.0,302.0,294.0,143.0,144.0,139.0
1402.0,334.0,342.0,324.0,129.0,130.0,143.0
1412.0,330.0,359.0,291.0,134.0,157.0,141.0
1450.0,345.0,369.0,299.0,153.0,142.0,142.0
1401.0,346.0,300.0,323.0,134.0,147.0,151.0
1439.0,334.0,319.0,360.0,129.0,148.0,149.0
1243.0,287.0,300.0,295.0,119.0,113.0,129.0
1302.0,265.0,334.0,296.0,132.0,137.0,138.0
1271.0,286.0,292.0,283.0,119.0,135.0,156.0
1220.0,247.0,308.0,298.0,106.0,128.0,133.0
1355.0,273.0,319.0,334.0,137.0,129.0,163.0
1185.0,292.0,263.0,289.0,104.0,122.0,115.0
1148.0,261.0,244.0,305.0,117.0,104.0,117.0
1205.0,269.0,258.0,294.0,124.0,123.0,137.0
1060.0,244.0,208.0,270.0,105.0,119.0,114.0
1227.0,303.0,263.0,303.0,114.0,132.0,112.0
1164.0,290.0,281.0,254.0,108.0,117.0,114.0
1319.0,341.0,287.0,302.0,133.0,128.0,128.0
1310.0,321.0,312.0,295.0,141.0,126.0,115.0
1222.0,326.0,253.0,308.0,101.0,115.0,119.0
1333.0,349.0,266.0,346.0,116.0,126.0,130.0
1092.0,290.0,225.0,301.0,86.0,87.0,103.0
1220.0,257.0,262.0,334.0,116.0,136.0,115.0
1242.0,308.0,305.0,313.0,108.0,94.0,114.0
1237.0,301.0,274.0,294.0,123.0,131.0,114.0
1185.0,281.0,289.0,300.0,113.0,112.0,90.0
1218.0,284.0,287.0,316.0,119.0,119.0,93.0
1059.0,263.0,254.0,225.0,118.0,103.0,96.0
1168.0,264.0,300.0,262.0,127.0,110.0,105.0
1274.0,277.0,325.0,305.0,126.0,114.0,127.0
1238.0,228.0,311.0,351.0,127.0,107.0,114.0
1175.0,258.0,299.0,291.0,107.0,103.0,117.0
1191.0,250.0,315.0,240.0,143.0,129.0,114.0
1133.0,264.0,296.0,242.0,114.0,115.0,102.0
1259.0,252.0,339.0,303.0,130.0,112.0,123.0
1217.0,264.0,297.0,291.0,134.0,114.0,117.0
1152.0,242.0,287.0,282.0,122.0,122.0,97.0
1109.0,240.0,256.0,267.0,123.0,104.0,119.0
1185.0,266.0,286.0,284.0,132.0,107.0,110.0
1185.0,253.0,308.0,246.0,133.0,122.0,123.0
1479.0,346.0,385.0,314.0,139.0,158.0,137.0
1335.0,328.0,304.0,276.0,152.0,143.0,132.0
1148.0,269.0,237.0,261.0,135.0,136.0,110.0
1252.0,283.0,304.0,249.0,158.0,135.0,123.0
1316.0,331.0,287.0,297.0,129.0,140.0,132.0
1390.0,348.0,306.0,319.0,143.0,147.0,127.0
1399.0,324.0,349.0,320.0,146.0,140.0,120.0
1372.0,338.0,241.0,365.0,157.0,139.0,132.0
1432.0,383.0,278.0,310.0,164.0,164.0,133.0
1406.0,358.0,308.0,305.0,164.0,138.0,133.0
1507.0,368.0,339.0,342.0,160.0,157.0,141.0
1495.0,333.0,350.0,369.0,150.0,146.0,147.0
1581.0,401.0,339.0,365.0,163.0,157.0,156.0
1598.0,385.0,357.0,363.0,159.0,174.0,160.0
1263.0,325.0,281.0,255.0,135.0,136.0,131.0
1583.0,366.0,322.0,392.0,160.0,171.0,172.0
1409.0,339.0,319.0,317.0,148.0,138.0,148.0
1501.0,353.0,328.0,333.0,149.0,174.0,164.0
1397.0,326.0,276.0,347.0,147.0,157.0,144.0
1485.0,319.0,321.0,377.0,142.0,169.0,157.0
1299.0,267.0,312.0,318.0,122.0,140.0,140.0
1471.0,334.0,335.0,332.0,148.0,162.0,160.0
1345.0,264.0,331.0,314.0,126.0,151.0,159.0
1514.0,326.0,359.0,378.0,152.0,151.0,148.0
1532.0,337.0,400.0,340.0,146.0,156.0,153.0
1309.0,272.0,323.0,295.0,119.0,150.0,150.0
1461.0,338.0,349.0,327.0,146.0,154.0,147.0
1598.0,356.0,407.0,385.0,133.0,154.0,163.0
1311.0,287.0,333.0,338.0,113.0,113.0,127.0
1344.0,335.0,313.0,315.0,102.0,140.0,139.0
1367.0,313.0,336.0,305.0,115.0,145.0,153.0
1347.0,351.0,303.0,312.0,120.0,124.0,137.0
1302.0,315.0,306.0,310.0,96.0,146.0,129.0
1377.0,301.0,340.0,323.0,123.0,153.0,137.0
1282.0,273.0,312.0,315.0,132.0,133.0,117.0
1283.0,296.0,310.0,287.0,127.0,123.0,140.0
1251.0,329.0,269.0,272.0,116.0,121.0,144.0
1400.0,332.0,335.0,309.0,152.0,122.0,150.0
1141.0,267.0,266.0,269.0,106.0,111.0,122.0
1236.0,304.0,282.0,278.0,125.0,110.0,137.0
1106.0,230.0,272.0,290.0,103.0,97.0,114.0
1337.0,301.0,330.0,312.0,152.0,114.0,128.0
1231.0,270.0,307.0,295.0,118.0,116.0,125.0
1194.0,276.0,261.0,292.0,129.0,108.0,128.0
1125.0,239.0,285.0,233.0,123.0,119.0,126.0
1175.0,269.0,247.0,276.0,124.0,120.0,139.0
1321.0,267.0,327.0,318.0,129.0,136.0,144.0
1322.0,325.0,284.0,311.0,143.0,117.0,142.0
1107.0,294.0,234.0,210.0,140.0,119.0,110.0
1319.0,308.0,307.0,280.0,139.0,140.0,145.0
1251.0,303.0,283.0,282.0,139.0,124.0,120.0
1296.0,285.0,321.0,294.0,135.0,128.0,133.0
1322.0,320.0,298.0,288.0,144.0,127.0,145.0
1522.0,391.0,317.0,357.0,160.0,148.0,149.0
1317.0,324.0,305.0,284.0,151.0,127.0,126.0
1499.0,407.0,348.0,355.0,142.0,126.0,121.0
1550.0,374.0,353.0,346.0,164.0,147.0,166.0
1517.0,388.0,360.0,309.0,164.0,142.0,154.0
1500.0,380.0,342.0,341.0,143.0,147.0,147.0
1582.0,392.0,370.0,356.0,171.0,142.0,151.0
1640.0,405.0,397.0,350.0,176.0,156.0,156.0
1579.0,376.0,331.0,430.0,148.0,151.0,143.0
1587.0,371.0,404.0,333.0,172.0,151.0,156.0
1550.0,421.0,359.0,352.0,143.0,144.0,131.0
1624.0,374.0,370.0,418.0,166.0,136.0,160.0
1724.0,348.0,455.0,409.0,187.0,154.0,171.0
1477.0,330.0,381.0,345.0,153.0,149.0,119.0
1431.0,345.0,351.0,306.0,152.0,135.0,142.0
1573.0,352.0,384.0,389.0,166.0,148.0,134.0
1707.0,394.0,406.0,430.0,158.0,165.0,154.0
1630.0,381.0,414.0,370.0,151.0,167.0,147.0
1566.0,341.0,381.0,399.0,142.0,158.0,145.0
1595.0,335.0,388.0,420.0,160.0,150.0,142.0
1520.0,322.0,349.0,405.0,153.0,139.0,152.0
1463.0,310.0,340.0,385.0,140.0,149.0,139.0
1612.0,330.0,397.0,398.0,150.0,173.0,164.0
1612.0,381.0,362.0,399.0,154.0,163.0,153.0
1504.0,376.0,350.0,345.0,137.0,156.0,140.0
1421.0,308.0,316.0,363.0,139.0,167.0,128.0
1405.0,310.0,343.0,344.0,129.0,141.0,138.0
1338.0,302.0,298.0,312.0,147.0,146.0,133.0
1418.0,335.0,303.0,358.0,135.0,154.0,133.0
1224.0,275.0,274.0,284.0,120.0,146.0,125.0
1406.0,336.0,325.0,342.0,137.0,142.0,124.0
1319.0,360.0,285.0,299.0,113.0,124.0,138.0
1473.0,352.0,334.0,336.0,134.0,170.0,147.0
1222.0,330.0,260.0,271.0,101.0,131.0,129.0
1297.0,322.0,261.0,331.0,125.0,132.0,126.0
1359.0,366.0,298.0,308.0,121.0,143.0,123.0
1335.0,335.0,287.0,312.0,119.0,157.0,125.0
1153.0,281.0,260.0,263.0,109.0,130.0,110.0
1405.0,365.0,326.0,309.0,138.0,138.0,129.0
1307.0,297.0,316.0,316.0,108.0,145.0,125.0
1346.0,297.0,324.0,315.0,125.0,128.0,157.0
1309.0,305.0,318.0,277.0,115.0,141.0,153.0
1337.0,308.0,308.0,296.0,142.0,135.0,148.0
1242.0,303.0,282.0,287.0,115.0,132.0,123.0
1390.0,303.0,371.0,285.0,135.0,142.0,154.0
1374.0,308.0,354.0,288.0,141.0,137.0,146.0
1401.0,329.0,358.0,307.0,132.0,133.0,142.0
1330.0,285.0,315.0,292.0,148.0,149.0,141.0
1573.0,348.0,377.0,370.0,150.0,147.0,181.0
1439.0,311.0,358.0,317.0,149.0,158.0,146.0
1491.0,381.0,355.0,307.0,153.0,148.0,147.0
1510.0,347.0,353.0,342.0,163.0,136.0,169.0
1594.0,367.0,400.0,354.0,165.0,148.0,160.0
1533.0,350.0,375.0,318.0,138.0,170.0,182.0
1632.0,375.0,357.0,407.0,165.0,157.0,171.0
1571.0,384.0,336.0,381.0,161.0,146.0,163.0
1691.0,423.0,366.0,384.0,180.0,163.0,175.0
1649.0,396.0,374.0,373.0,182.0,154.0,170.0
1566.0,388.0,375.0,350.0,147.0,137.0,169.0
1682.0,377.0,400.0,394.0,165.0,157.0,189.0
1637.0,385.0,343.0,378.0,176.0,180.0,175.0
1815.0,477.0,405.0,404.0,197.0,159.0,173.0
1719.0,416.0,386.0,423.0,164.0,150.0,180.0
1631.0,381.0,359.0,402.0,178.0,144.0,167.0
1642.0,368.0,361.0,415.0,166.0,156.0,176.0
1769.0,373.0,419.0,443.0,179.0,167.0,188.0
1729.0,400.0,383.0,420.0,183.0,164.0,179.0
1641.0,371.0,375.0,408.0,173.0,151.0,163.0
1739.0,379.0,383.0,426.0,180.0,174.0,197.0
1715.0,353.0,374.0,461.0,184.0,157.0,186.0
1598.0,393.0,332.0,368.0,164.0,167.0,174.0
1691.0,384.0,373.0,414.0,188.0,157.0,175.0
1566.0,347.0,335.0,392.0,176.0,149.0,167.0
1687.0,385.0,375.0,389.0,191.0,162.0,185.0
1613.0,352.0,380.0,399.0,167.0,151.0,164.0
1379.0,265.0,322.0,383.0,142.0,131.0,136.0
1776.0,400.0,449.0,437.0,160.0,148.0,182.0
1601.0,355.0,375.0,407.0,159.0,139.0,166.0
1683.0,375.0,416.0,397.0,153.0,183.0,159.0
1587.0,373.0,395.0,346.0,148.0,157.0,168.0
1729.0,426.0,376.0,403.0,187.0,173.0,164.0
1356.0,330.0,304.0,305.0,140.0,136.0,141.0
1314.0,311.0,303.0,312.0,127.0,132.0,129.0
1519.0,376.0,356.0,352.0,136.0,163.0,136.0
1532.0,388.0,395.0,323.0,134.0,153.0,139.0
1426.0,333.0,341.0,304.0,144.0,153.0,151.0
1340.0,344.0,339.0,268.0,129.0,137.0,123.0
1566.0,372.0,388.0,328.0,139.0,169.0,170.0
1467.0,347.0,408.0,284.0,138.0,156.0,134.0
1389.0,307.0,334.0,319.0,141.0,150.0,138.0
1454.0,360.0,345.0,338.0,143.0,138.0,130.0
1370.0,356.0,346.0,249.0,130.0,160.0,129.0
1449.0,346.0,353.0,327.0,139.0,145.0,139.0
1249.0,319.0,275.0,264.0,135.0,135.0,121.0
1257.0,217.0,318.0,323.0,134.0,147.0,118.0
1580.0,361.0,360.0,360.0,151.0,188.0,160.0
1453.0,331.0,343.0,348.0,150.0,151.0,130.0
1425.0,331.0,324.0,349.0,137.0,141.0,143.0
1345.0,284.0,323.0,311.0,135.0,154.0,138.0
1336.0,306.0,330.0,311.0,124.0,147.0,118.0
1617.0,374.0,373.0,390.0,162.0,165.0,153.0
1548.0,350.0,365.0,373.0,172.0,148.0,140.0
1548.0,357.0,331.0,382.0,151.0,165.0,162.0
1749.0,423.0,355.0,434.0,182.0,194.0,161.0
1494.0,351.0,334.0,345.0,139.0,180.0,145.0
1725.0,422.0,383.0,401.0,169.0,193.0,157.0
1776.0,430.0,412.0,404.0,176.0,182.0,172.0
1754.0,410.0,411.0,402.0,179.0,174.0,178.0
1684.0,395.0,369.0,396.0,172.0,182.0,170.0
1866.0,422.0,413.0,460.0,199.0,185.0,187.0
1786.0,444.0,417.0,400.0,180.0,172.0,173.0
1907.0,457.0,408.0,442.0,192.0,211.0,197.0
1885.0,445.0,429.0,434.0,202.0,193.0,182.0
1712.0,397.0,417.0,393.0,170.0,167.0,168.0
1828.0,423.0,446.0,431.0,181.0,189.0,158.0
1894.0,445.0,442.0,451.0,185.0,178.0,193.0
1845.0,413.0,427.0,478.0,176.0,186.0,165.0
1868.0,437.0,437.0,433.0,198.0,185.0,178.0
1895.0,420.0,459.0,444.0,182.0,188.0,202.0
1774.0,412.0,384.0,425.0,197.0,178.0,178.0
1832.0,382.0,442.0,447.0,185.0,185.0,191.0
1714.0,382.0,428.0,386.0,180.0,171.0,167.0
1754.0,368.0,425.0,418.0,183.0,177.0,183.0
1804.0,403.0,439.0,414.0,186.0,188.0,174.0
1830.0,392.0,438.0,430.0,190.0,189.0,191.0
1953.0,444.0,450.0,469.0,208.0,178.0,204.0
1683.0,373.0,441.0,391.0,168.0,150.0,160.0
1731.0,399.0,419.0,388.0,181.0,168.0,176.0
1647.0,358.0,373.0,398.0,186.0,154.0,178.0
1757.0,411.0,439.0,387.0,185.0,152.0,183.0
1649.0,368.0,401.0,372.0,173.0,154.0,181.0
1752.0,391.0,387.0,428.0,178.0,179.0,189.0
1659.0,393.0,385.0,392.0,162.0,165.0,162.0
1626.0,422.0,383.0,353.0,157.0,152.0,159.0
1424.0,370.0,338.0,304.0,137.0,135.0,140.0
1549.0,387.0,291.0,381.0,163.0,152.0,175.0
1603.0,367.0,358.0,386.0,179.0,152.0,161.0
1608.0,395.0,358.0,360.0,171.0,155.0,169.0
1514.0,385.0,344.0,332.0,153.0,134.0,166.0
1736.0,445.0,385.0,403.0,167.0,150.0,186.0
1643.0,416.0,376.0,352.0,158.0,156.0,185.0
1739.0,393.0,394.0,430.0,143.0,172.0,207.0
1526.0,407.0,310.0,335.0,142.0,160.0,172.0
1560.0,361.0,370.0,351.0,161.0,153.0,164.0
1453.0,324.0,330.0,342.0,156.0,143.0,158.0
1669.0,411.0,382.0,389.0,146.0,173.0,168.0
1415.0,326.0,359.0,277.0,146.0,145.0,162.0
1487.0,324.0,364.0,352.0,142.0,147.0,158.0
1537.0,355.0,372.0,360.0,150.0,147.0,153.0
1543.0,366.0,349.0,345.0,139.0,168.0,176.0
1603.0,391.0,375.0,381.0,138.0,154.0,164.0
1602.0,357.0,383.0,367.0,145.0,171.0,179.0
1739.0,430.0,399.0,402.0,161.0,169.0,178.0
1765.0,416.0,459.0,395.0,160.0,158.0,177.0
1838.0,405.0,433.0,454.0,179.0,181.0,186.0
1776.0,396.0,431.0,420.0,178.0,173.0,178.0
1731.0,376.0,413.0,430.0,157.0,176.0,179.0
1897.0,443.0,464.0,439.0,184.0,186.0,181.0
1815.0,412.0,459.0,407.0,174.0,187.0,176.0
1988.0,439.0,455.0,510.0,199.0,200.0,185.0
1915.0,469.0,469.0,437.0,176.0,187.0,177.0
1936.0,461.0,518.0,416.0,174.0,195.0,172.0
1857.0,453.0,401.0,426.0,201.0,188.0,188.0
1951.0,477.0,448.0,455.0,192.0,200.0,179.0
2100.0,518.0,480.0,508.0,192.0,215.0,187.0
1852.0,428.0,446.0,422.0,171.0,205.0,180.0
1939.0,437.0,448.0,490.0,188.0,207.0,169.0
1839.0,441.0,401.0,466.0,184.0,199.0,148.0
2218.0,492.0,541.0,576.0,211.0,211.0,187.0
1976.0,451.0,437.0,500.0,209.0,213.0,166.0
1969.0,471.0,450.0,483.0,193.0,198.0,174.0
1903.0,414.0,433.0,467.0,196.0,196.0,197.0
1829.0,374.0,419.0,472.0,193.0,195.0,176.0
1861.0,410.0,442.0,442.0,197.0,200.0,170.0
1893.0,430.0,435.0,450.0,195.0,207.0,176.0
1873.0,399.0,447.0,452.0,206.0,205.0,164.0
1686.0,388.0,393.0,362.0,180.0,189.0,174.0
1808.0,401.0,440.0,412.0,179.0,180.0,196.0
1783.0,413.0,387.0,426.0,205.0,182.0,170.0
1729.0,386.0,421.0,390.0,187.0,171.0,174.0
1811.0,423.0,414.0,418.0,187.0,186.0,183.0
1770.0,421.0,401.0,422.0,172.0,183.0,171.0
1865.0,431.0,427.0,432.0,189.0,204.0,182.0
1635.0,397.0,375.0,369.0,170.0,165.0,159.0
1676.0,404.0,346.0,394.0,191.0,167.0,174.0
1413.0,360.0,316.0,288.0,157.0,150.0,142.0
1732.0,425.0,399.0,389.0,193.0,180.0,146.0
1742.0,474.0,406.0,355.0,182.0,165.0,160.0
1548.0,354.0,375.0,358.0,155.0,152.0,154.0
1713.0,430.0,406.0,362.0,176.0,169.0,170.0
1670.0,411.0,411.0,379.0,156.0,149.0,164.0
1756.0,412.0,411.0,392.0,184.0,173.0,184.0
1607.0,387.0,394.0,381.0,141.0,151.0,153.0
1667.0,377.0,426.0,366.0,157.0,158.0,183.0
1673.0,428.0,400.0,369.0,154.0,157.0,165.0
1605.0,350.0,381.0,398.0,142.0,151.0,183.0
1686.0,389.0,428.0,393.0,148.0,172.0,156.0
1653.0,355.0,406.0,374.0,178.0,160.0,180.0
1472.0,359.0,342.0,370.0,129.0,117.0,155.0
1699.0,356.0,429.0,421.0,161.0,170.0,162.0
1618.0,371.0,383.0,384.0,173.0,149.0,158.0
1763.0,385.0,395.0,440.0,167.0,164.0,212.0
1697.0,403.0,408.0,384.0,164.0,164.0,174.0
1702.0,385.0,380.0,415.0,170.0,168.0,184.0
1774.0,339.0,402.0,484.0,173.0,189.0,187.0
1680.0,379.0,360.0,426.0,160.0,164.0,191.0
1835.0,443.0,393.0,440.0,190.0,172.0,197.0
2046.0,464.0,460.0,514.0,195.0,195.0,218.0
1881.0,457.0,415.0,468.0,172.0,177.0,192.0
1912.0,460.0,437.0,473.0,168.0,185.0,189.0
1927.0,455.0,464.0,457.0,185.0,181.0,185.0
2029.0,469.0,468.0,504.0,184.0,193.0,211.0
1947.0,497.0,433.0,444.0,190.0,186.0,197.0
2041.0,519.0,426.0,499.0,199.0,175.0,223.0
1965.0,468.0,421.0,467.0,193.0,214.0,202.0
2073.0,537.0,452.0,497.0,176.0,198.0,213.0
1983.0,468.0,461.0,445.0,198.0,187.0,224.0
2087.0,473.0,480.0,511.0,219.0,202.0,202.0
2250.0,526.0,502.0,532.0,225.0,226.0,239.0
2074.0,512.0,469.0,478.0,210.0,200.0,205.0
2120.0,479.0,474.0,514.0,209.0,226.0,218.0
2047.0,510.0,439.0,465.0,206.0,206.0,221.0
2065.0,454.0,465.0,495.0,194.0,221.0,236.0
1940.0,459.0,456.0,431.0,201.0,196.0,197.0
2027.0,458.0,476.0,445.0,219.0,224.0,205.0
1951.0,439.0,469.0,440.0,203.0,201.0,199.0
1953.0,464.0,483.0,430.0,202.0,193.0,181.0
2088.0,429.0,540.0,475.0,201.0,213.0,230.0
1889.0,440.0,455.0,428.0,189.0,185.0,192.0
1962.0,448.0,481.0,428.0,185.0,203.0,217.0
1873.0,402.0,447.0,460.0,184.0,196.0,184.0
1894.0,450.0,421.0,420.0,207.0,203.0,193.0
1757.0,432.0,448.0,354.0,175.0,175.0,173.0
1881.0,455.0,463.0,388.0,194.0,192.0,189.0
1963.0,492.0,467.0,397.0,216.0,208.0,183.0
1927.0,482.0,445.0,432.0,204.0,193.0,171.0
1821.0,459.0,412.0,382.0,209.0,187.0,172.0
1766.0,426.0,400.0,394.0,186.0,195.0,165.0
1833.0,444.0,429.0,420.0,179.0,197.0,164.0
1902.0,452.0,484.0,419.0,180.0,200.0,167.0
1853.0,450.0,438.0,404.0,188.0,200.0,173.0
1828.0,439.0,452.0,385.0,186.0,182.0,184.0
1799.0,445.0,392.0,439.0,183.0,177.0,163.0
1762.0,438.0,397.0,397.0,180.0,177.0,173.0
1708.0,409.0,409.0,361.0,176.0,191.0,162.0
1828.0,412.0,424.0,450.0,190.0,179.0,173.0
1785.0,412.0,372.0,434.0,193.0,191.0,183.0
1712.0,382.0,375.0,418.0,193.0,187.0,157.0
1869.0,449.0,433.0,427.0,188.0,191.0,181.0
1601.0,352.0,382.0,373.0,170.0,165.0,159.0
1780.0,424.0,388.0,445.0,166.0,185.0,172.0
1639.0,352.0,361.0,414.0,172.0,170.0,170.0
1728.0,359.0,371.0,469.0,181.0,173.0,175.0
1756.0,377.0,400.0,465.0,176.0,169.0,169.0
1813.0,442.0,406.0,420.0,176.0,185.0,184.0
1789.0,425.0,446.0,421.0,178.0,172.0,147.0
1914.0,441.0,470.0,466.0,188.0,173.0,176.0
1849.0,412.0,439.0,452.0,177.0,194.0,175.0
1971.0,443.0,479.0,494.0,198.0,184.0,173.0
1943.0,438.0,464.0,503.0,177.0,187.0,174.0
1867.0,443.0,453.0,439.0,181.0,171.0,180.0
2004.0,432.0,503.0,490.0,187.0,198.0,194.0
2004.0,464.0,498.0,453.0,193.0,201.0,195.0
2003.0,479.0,481.0,470.0,196.0,179.0,198.0
2089.0,528.0,479.0,502.0,200.0,183.0,197.0
2010.0,481.0,471.0,501.0,189.0,183.0,185.0
2212.0,543.0,517.0,509.0,206.0,215.0,222.0
2108.0,490.0,529.0,480.0,195.0,200.0,214.0
2116.0,511.0,507.0,487.0,201.0,196.0,214.0
1964.0,410.0,498.0,474.0,196.0,187.0,199.0
2013.0,483.0,508.0,454.0,187.0,187.0,194.0
2211.0,531.0,520.0,515.0,210.0,206.0,229.0
2189.0,528.0,525.0,504.0,205.0,197.0,230.0
2046.0,477.0,482.0,463.0,204.0,197.0,223.0
1948.0,468.0,477.0,417.0,187.0,194.0,205.0
2137.0,481.0,510.0,502.0,220.0,205.0,219.0
2116.0,453.0,529.0,494.0,215.0,206.0,219.0
2093.0,475.0,510.0,470.0,217.0,209.0,212.0
1909.0,437.0,432.0,438.0,209.0,191.0,202.0
2042.0,490.0,445.0,482.0,207.0,212.0,206.0
1981.0,447.0,497.0,436.0,197.0,195.0,209.0
1970.0,434.0,465.0,457.0,209.0,201.0,204.0
1977.0,454.0,437.0,469.0,217.0,191.0,209.0
2041.0,469.0,472.0,477.0,220.0,190.0,213.0
1982.0,463.0,447.0,456.0,226.0,182.0,208.0
2264.0,542.0,503.0,547.0,220.0,215.0,237.0
2064.0,461.0,461.0,484.0,224.0,211.0,223.0
1822.0,431.0,407.0,428.0,177.0,187.0,192.0
2044.0,518.0,443.0,473.0,202.0,212.0,196.0
1914.0,427.0,428.0,466.0,210.0,183.0,200.0
1961.0,463.0,442.0,477.0,188.0,184.0,207.0
2045.0,508.0,441.0,468.0,212.0,205.0,211.0
2100.0,497.0,468.0,515.0,204.0,209.0,207.0
1811.0,415.0,408.0,432.0,188.0,173.0,195.0
1968.0,461.0,451.0,465.0,198.0,178.0,215.0
1891.0,467.0,432.0,408.0,204.0,188.0,192.0
1834.0,420.0,427.0,453.0,168.0,189.0,177.0
1837.0,420.0,425.0,418.0,185.0,197.0,192.0
2018.0,463.0,454.0,518.0,192.0,200.0,191.0
1928.0,453.0,432.0,456.0,183.0,201.0,203.0
2009.0,427.0,467.0,507.0,220.0,185.0,203.0
1809.0,388.0,403.0,453.0,176.0,210.0,179.0
1948.0,429.0,482.0,443.0,195.0,199.0,200.0
1900.0,415.0,430.0,461.0,186.0,198.0,210.0
2057.0,446.0,497.0,507.0,192.0,215.0,200.0
2082.0,470.0,478.0,506.0,207.0,223.0,198.0
2009.0,421.0,476.0,503.0,192.0,209.0,208.0
2060.0,486.0,479.0,473.0,197.0,201.0,224.0
2035.0,484.0,487.0,448.0,203.0,213.0,200.0
2076.0,441.0,508.0,505.0,202.0,204.0,216.0
2152.0,494.0,482.0,493.0,210.0,240.0,233.0
2073.0,496.0,518.0,453.0,199.0,205.0,202.0
2083.0,485.0,476.0,482.0,209.0,235.0,196.0
2116.0,486.0,485.0,503.0,201.0,232.0,209.0
2158.0,511.0,509.0,493.0,209.0,228.0,208.0
2034.0,518.0,472.0,460.0,185.0,208.0,191.0
1945.0,480.0,438.0,459.0,188.0,202.0,178.0
2107.0,557.0,464.0,485.0,194.0,202.0,205.0
2180.0,535.0,479.0,524.0,206.0,219.0,217.0
2160.0,529.0,524.0,485.0,197.0,225.0,200.0
2096.0,540.0,440.0,498.0,205.0,208.0,205.0
2208.0,541.0,514.0,509.0,205.0,221.0,218.0
2235.0,555.0,485.0,505.0,248.0,230.0,212.0
2077.0,508.0,477.0,469.0,210.0,209.0,204.0
2128.0,545.0,495.0,483.0,208.0,181.0,216.0
2041.0,501.0,452.0,464.0,210.0,218.0,196.0
2017.0,477.0,473.0,465.0,207.0,204.0,191.0
2133.0,484.0,512.0,480.0,223.0,215.0,219.0
2195.0,527.0,504.0,499.0,222.0,224.0,219.0
2141.0,467.0,541.0,473.0,230.0,215.0,215.0
2113.0,461.0,513.0,502.0,210.0,220.0,207.0
2090.0,468.0,529.0,474.0,198.0,214.0,207.0
2127.0,504.0,475.0,496.0,221.0,228.0,203.0
2064.0,481.0,502.0,471.0,206.0,194.0,210.0
2047.0,478.0,497.0,483.0,201.0,194.0,194.0
2135.0,521.0,524.0,477.0,221.0,202.0,190.0
2174.0,484.0,557.0,515.0,217.0,192.0,209.0
2159.0,501.0,540.0,510.0,204.0,205.0,199.0
2121.0,485.0,525.0,504.0,210.0,195.0,202.0
2194.0,529.0,539.0,499.0,226.0,197.0,204.0
1979.0,469.0,468.0,464.0,203.0,193.0,182.0
2071.0,503.0,479.0,498.0,195.0,203.0,193.0
1799.0,425.0,424.0,408.0,185.0,178.0,179.0
1900.0,468.0,432.0,436.0,196.0,186.0,182.0
1944.0,471.0,479.0,434.0,194.0,188.0,178.0
2125.0,478.0,516.0,514.0,206.0,201.0,210.0
2153.0,504.0,501.0,523.0,224.0,207.0,194.0
2070.0,486.0,477.0,513.0,208.0,194.0,192.0
2021.0,445.0,463.0,499.0,221.0,201.0,192.0
2051.0,504.0,469.0,466.0,197.0,203.0,212.0
2005.0,454.0,453.0,508.0,213.0,185.0,192.0
2011.0,439.0,466.0,509.0,216.0,191.0,190.0
1981.0,443.0,465.0,477.0,203.0,186.0,207.0
2033.0,472.0,435.0,487.0,217.0,207.0,215.0
2044.0,491.0,461.0,488.0,202.0,200.0,202.0
1892.0,423.0,431.0,446.0,204.0,187.0,201.0
2044.0,465.0,462.0,491.0,213.0,201.0,212.0
2010.0,475.0,422.0,477.0,213.0,213.0,210.0
2190.0,499.0,491.0,520.0,235.0,228.0,217.0
2116.0,500.0,466.0,504.0,207.0,211.0,228.0
2077.0,468.0,483.0,474.0,221.0,213.0,218.0
2063.0,495.0,476.0,462.0,201.0,222.0,207.0
2294.0,532.0,535.0,530.0,213.0,247.0,237.0
2255.0,543.0,537.0,517.0,213.0,220.0,225.0
2112.0,486.0,501.0,480.0,202.0,213.0,230.0
2165.0,514.0,525.0,454.0,225.0,217.0,230.0
2252.0,549.0,522.0,489.0,232.0,237.0,223.0
2146.0,516.0,483.0,486.0,212.0,230.0,219.0
2136.0,503.0,481.0,496.0,214.0,212.0,230.0
2363.0,566.0,548.0,533.0,235.0,242.0,239.0
2304.0,544.0,540.0,526.0,228.0,226.0,240.0
2391.0,584.0,583.0,512.0,229.0,253.0,230.0
2311.0,526.0,551.0,514.0,238.0,243.0,239.0
2235.0,542.0,522.0,495.0,207.0,231.0,238.0
2335.0,558.0,523.0,535.0,223.0,250.0,246.0
2323.0,529.0,605.0,526.0,208.0,214.0,241.0
2305.0,513.0,552.0,578.0,208.0,237.0,217.0
2421.0,541.0,608.0,534.0,240.0,253.0,245.0
2449.0,555.0,592.0,611.0,219.0,233.0,239.0
2412.0,523.0,618.0,531.0,238.0,253.0,249.0
2348.0,541.0,561.0,537.0,225.0,242.0,242.0
2201.0,486.0,502.0,518.0,229.0,227.0,239.0
2337.0,522.0,540.0,564.0,242.0,243.0,226.0
2354.0,523.0,548.0,556.0,239.0,248.0,240.0
2022.0,440.0,480.0,478.0,206.0,209.0,209.0
2252.0,523.0,542.0,507.0,226.0,229.0,225.0
2277.0,524.0,526.0,531.0,235.0,222.0,239.0
2227.0,485.0,553.0,538.0,222.0,215.0,214.0
2142.0,498.0,513.0,485.0,215.0,209.0,222.0
2119.0,480.0,510.0,495.0,217.0,216.0,201.0
2003.0,470.0,414.0,483.0,215.0,205.0,216.0
2133.0,480.0,499.0,542.0,202.0,206.0,204.0
2053.0,474.0,434.0,519.0,209.0,207.0,210.0
2170.0,519.0,487.0,525.0,215.0,216.0,208.0
2266.0,587.0,492.0,550.0,216.0,216.0,205.0
2185.0,542.0,464.0,538.0,221.0,201.0,219.0
2152.0,538.0,459.0,526.0,214.0,215.0,200.0
2030.0,506.0,469.0,474.0,200.0,194.0,187.0
2063.0,520.0,452.0,482.0,217.0,200.0,192.0
1991.0,457.0,468.0,471.0,211.0,196.0,188.0
2116.0,493.0,468.0,517.0,231.0,216.0,191.0
1978.0,474.0,459.0,462.0,211.0,179.0,193.0
2003.0,476.0,456.0,495.0,206.0,185.0,185.0
2044.0,471.0,494.0,478.0,213.0,188.0,200.0
1995.0,462.0,478.0,478.0,195.0,188.0,194.0
1921.0,442.0,440.0,474.0,197.0,171.0,197.0
2048.0,447.0,496.0,466.0,210.0,210.0,219.0
2059.0,417.0,523.0,499.0,218.0,206.0,196.0
2110.0,461.0,509.0,510.0,210.0,207.0,213.0
2164.0,492.0,518.0,512.0,236.0,209.0,197.0
2244.0,525.0,523.0,513.0,242.0,221.0,220.0
2344.0,554.0,575.0,511.0,259.0,243.0,202.0
2183.0,501.0,520.0,518.0,233.0,207.0,204.0
2164.0,519.0,513.0,492.0,228.0,206.0,206.0
2219.0,521.0,513.0,524.0,232.0,213.0,216.0
2290.0,518.0,571.0,509.0,244.0,220.0,228.0
1983.0,448.0,494.0,451.0,197.0,192.0,201.0
2331.0,559.0,583.0,517.0,229.0,231.0,212.0
2191.0,496.0,529.0,529.0,215.0,211.0,211.0
2226.0,542.0,542.0,481.0,228.0,226.0,207.0
2305.0,573.0,527.0,522.0,242.0,228.0,213.0
2292.0,518.0,528.0,558.0,228.0,232.0,228.0
2447.0,591.0,534.0,588.0,259.0,248.0,227.0
2418.0,605.0,556.0,542.0,230.0,258.0,227.0
2309.0,570.0,514.0,532.0,220.0,244.0,229.0
2440.0,591.0,554.0,576.0,234.0,236.0,249.0
2410.0,586.0,545.0,558.0,232.0,243.0,246.0
2622.0,645.0,597.0,618.0,234.0,264.0,264.0
2382.0,566.0,541.0,551.0,234.0,249.0,241.0
2400.0,580.0,527.0,577.0,236.0,240.0,240.0
2538.0,574.0,613.0,569.0,255.0,249.0,278.0
2502.0,564.0,597.0,559.0,241.0,269.0,272.0
2412.0,555.0,552.0,573.0,234.0,236.0,262.0
2389.0,544.0,533.0,592.0,229.0,246.0,245.0
2392.0,532.0,557.0,569.0,228.0,252.0,254.0
2488.0,552.0,550.0,622.0,238.0,243.0,283.0
2264.0,466.0,542.0,577.0,206.0,236.0,237.0
2343.0,537.0,535.0,565.0,216.0,244.0,246.0
2255.0,487.0,518.0,547.0,229.0,239.0,235.0
2392.0,536.0,582.0,540.0,246.0,247.0,241.0
2395.0,569.0,571.0,551.0,228.0,250.0,226.0
2337.0,535.0,560.0,543.0,229.0,243.0,227.0
2277.0,519.0,527.0,544.0,205.0,234.0,248.0
2454.0,602.0,546.0,570.0,234.0,253.0,249.0
2262.0,537.0,545.0,522.0,230.0,218.0,210.0
2200.0,528.0,504.0,535.0,202.0,217.0,214.0
2094.0,494.0,498.0,496.0,196.0,197.0,213.0
2210.0,536.0,473.0,536.0,209.0,230.0,226.0
2276.0,524.0,514.0,567.0,212.0,232.0,227.0
2156.0,511.0,483.0,507.0,202.0,218.0,235.0
2302.0,542.0,534.0,536.0,233.0,235.0,222.0
2154.0,497.0,513.0,516.0,198.0,214.0,216.0
2084.0,509.0,461.0,473.0,207.0,216.0,218.0
2193.0,552.0,511.0,458.0,217.0,240.0,215.0
2055.0,440.0,471.0,515.0,210.0,209.0,210.0
2176.0,487.0,467.0,554.0,231.0,215.0,222.0
2175.0,519.0,524.0,489.0,213.0,233.0,197.0
2211.0,487.0,551.0,527.0,219.0,214.0,213.0
2224.0,534.0,513.0,463.0,249.0,226.0,239.0
2312.0,500.0,553.0,553.0,234.0,256.0,216.0
2262.0,520.0,527.0,524.0,255.0,210.0,226.0
2173.0,501.0,507.0,479.0,232.0,205.0,249.0
2381.0,545.0,596.0,518.0,231.0,242.0,249.0
2292.0,539.0,508.0,526.0,245.0,235.0,239.0
2410.0,535.0,572.0,574.0,258.0,222.0,249.0
2263.0,519.0,503.0,550.0,243.0,219.0,229.0
2299.0,567.0,496.0,521.0,245.0,238.0,232.0
2327.0,549.0,536.0,546.0,239.0,223.0,234.0
2452.0,592.0,541.0,557.0,259.0,252.0,251.0
2498.0,601.0,569.0,557.0,262.0,251.0,258.0
2321.0,572.0,517.0,536.0,251.0,218.0,227.0
2294.0,529.0,523.0,543.0,243.0,223.0,233.0
2600.0,615.0,585.0,599.0,267.0,267.0,267.0
2358.0,594.0,541.0,528.0,251.0,230.0,214.0
2365.0,582.0,527.0,541.0,230.0,240.0,245.0
2620.0,639.0,593.0,599.0,269.0,248.0,272.0
2389.0,574.0,559.0,527.0,256.0,232.0,241.0
2657.0,646.0,578.0,639.0,278.0,262.0,254.0
2527.0,612.0,569.0,604.0,253.0,247.0,242.0
2514.0,598.0,578.0,598.0,251.0,236.0,253.0
2591.0,616.0,564.0,652.0,250.0,254.0,255.0
2664.0,583.0,672.0,642.0,271.0,257.0,239.0
2479.0,527.0,615.0,628.0,229.0,248.0,232.0
2457.0,537.0,604.0,588.0,247.0,242.0,239.0
2580.0,601.0,642.0,600.0,243.0,246.0,248.0
2526.0,603.0,567.0,623.0,254.0,233.0,246.0
2598.0,576.0,642.0,592.0,262.0,263.0,263.0
2397.0,544.0,558.0,572.0,244.0,230.0,249.0
2532.0,584.0,609.0,597.0,248.0,251.0,243.0
2276.0,516.0,554.0,538.0,227.0,219.0,222.0
2315.0,510.0,533.0,595.0,221.0,235.0,221.0
2631.0,628.0,638.0,602.0,249.0,258.0,256.0
2620.0,609.0,639.0,635.0,237.0,263.0,237.0
2462.0,533.0,600.0,590.0,242.0,262.0,235.0
2453.0,569.0,577.0,578.0,238.0,250.0,241.0
2482.0,580.0,569.0,609.0,238.0,242.0,244.0
2289.0,566.0,506.0,547.0,222.0,232.0,216.0
2447.0,586.0,555.0,598.0,225.0,252.0,231.0
2348.0,557.0,554.0,548.0,225.0,244.0,220.0
2304.0,558.0,531.0,552.0,198.0,245.0,220.0
2420.0,585.0,574.0,541.0,231.0,246.0,243.0
2302.0,561.0,531.0,506.0,234.0,245.0,225.0
2234.0,541.0,490.0,508.0,236.0,231.0,228.0
2338.0,585.0,530.0,525.0,240.0,234.0,224.0
2210.0,511.0,513.0,514.0,225.0,243.0,204.0
2232.0,524.0,494.0,518.0,242.0,220.0,234.0
2064.0,451.0,487.0,496.0,203.0,226.0,201.0
2364.0,559.0,551.0,522.0,248.0,251.0,233.0
2373.0,563.0,525.0,536.0,252.0,255.0,242.0
2254.0,529.0,535.0,502.0,225.0,240.0,223.0
2418.0,559.0,568.0,557.0,240.0,245.0,249.0
2249.0,527.0,505.0,524.0,226.0,229.0,238.0
2340.0,535.0,544.0,548.0,234.0,244.0,235.0
2198.0,512.0,541.0,474.0,222.0,221.0,228.0
2289.0,513.0,545.0,537.0,223.0,240.0,231.0
2362.0,554.0,571.0,519.0,243.0,232.0,243.0
2455.0,556.0,579.0,573.0,238.0,264.0,245.0
2285.0,505.0,533.0,512.0,240.0,233.0,262.0
2366.0,549.0,555.0,529.0,240.0,233.0,260.0
2537.0,618.0,553.0,559.0,270.0,262.0,275.0
2401.0,548.0,590.0,536.0,251.0,239.0,237.0
2497.0,582.0,628.0,539.0,231.0,261.0,256.0
2572.0,580.0,611.0,608.0,270.0,245.0,258.0
2487.0,581.0,584.0,572.0,243.0,244.0,263.0
2568.0,610.0,595.0,597.0,254.0,250.0,262.0
2593.0,599.0,622.0,554.0,271.0,262.0,285.0
2624.0,611.0,658.0,584.0,259.0,249.0,263.0
2624.0,592.0,635.0,623.0,260.0,241.0,273.0
2752.0,642.0,645.0,633.0,284.0,261.0,287.0
2635.0,600.0,612.0,609.0,267.0,274.0,273.0
2704.0,618.0,639.0,648.0,278.0,257.0,264.0
2640.0,583.0,656.0,613.0,264.0,245.0,279.0
2737.0,661.0,609.0,638.0,276.0,276.0,277.0
2573.0,613.0,585.0,608.0,263.0,246.0,258.0
2575.0,561.0,591.0,640.0,247.0,256.0,280.0
2515.0,569.0,581.0,602.0,255.0,245.0,263.0
2536.0,556.0,579.0,635.0,244.0,241.0,281.0
2683.0,591.0,651.0,616.0,292.0,258.0,275.0
2659.0,578.0,626.0,661.0,263.0,255.0,276.0
2605.0,611.0,558.0,649.0,259.0,259.0,269.0
2530.0,580.0,556.0,590.0,267.0,257.0,280.0
2485.0,588.0,568.0,607.0,241.0,238.0,243.0
2510.0,598.0,581.0,597.0,251.0,232.0,251.0
2564.0,624.0,593.0,597.0,261.0,251.0,238.0
2408.0,530.0,542.0,611.0,240.0,239.0,246.0
2471.0,614.0,555.0,590.0,237.0,238.0,237.0
2444.0,614.0,543.0,569.0,242.0,230.0,246.0
2395.0,592.0,538.0,548.0,229.0,241.0,247.0
2580.0,658.0,584.0,601.0,243.0,250.0,244.0
2476.0,599.0,597.0,561.0,251.0,226.0,242.0
2280.0,577.0,512.0,541.0,207.0,222.0,221.0
2505.0,583.0,607.0,590.0,239.0,241.0,245.0
2339.0,590.0,547.0,534.0,221.0,225.0,222.0
2316.0,567.0,536.0,518.0,219.0,232.0,244.0
2473.0,589.0,612.0,537.0,245.0,253.0,237.0
2315.0,590.0,541.0,518.0,219.0,228.0,219.0
2459.0,578.0,598.0,572.0,234.0,236.0,241.0
2272.0,549.0,561.0,462.0,239.0,239.0,222.0
2306.0,541.0,563.0,523.0,231.0,224.0,224.0
2485.0,560.0,599.0,567.0,239.0,267.0,253.0
2374.0,570.0,601.0,489.0,238.0,250.0,226.0
2425.0,574.0,573.0,557.0,240.0,250.0,231.0
2485.0,570.0,626.0,531.0,244.0,250.0,264.0
2511.0,522.0,628.0,585.0,262.0,264.0,250.0
2324.0,537.0,565.0,554.0,226.0,230.0,212.0
2415.0,547.0,594.0,532.0,249.0,250.0,243.0
2447.0,545.0,602.0,556.0,271.0,243.0,230.0
2432.0,564.0,598.0,551.0,243.0,253.0,223.0
2542.0,586.0,605.0,567.0,279.0,258.0,247.0
2494.0,558.0,591.0,551.0,276.0,278.0,240.0
2586.0,640.0,590.0,590.0,262.0,251.0,253.0
2448.0,547.0,596.0,548.0,261.0,258.0,238.0
2620.0,576.0,629.0,616.0,260.0,280.0,259.0
2755.0,628.0,657.0,619.0,293.0,281.0,277.0
2580.0,632.0,563.0,618.0,264.0,259.0,244.0
2760.0,646.0,643.0,640.0,282.0,283.0,266.0
2591.0,619.0,579.0,587.0,270.0,286.0,250.0
2683.0,633.0,611.0,612.0,277.0,285.0,265.0
2672.0,623.0,606.0,645.0,271.0,268.0,259.0
2727.0,638.0,611.0,647.0,279.0,284.0,268.0
2742.0,629.0,622.0,672.0,286.0,266.0,267.0
2877.0,680.0,652.0,685.0,280.0,291.0,289.0
2799.0,682.0,631.0,657.0,266.0,283.0,280.0
2782.0,615.0,625.0,683.0,295.0,278.0,286.0
2655.0,633.0,600.0,628.0,263.0,278.0,253.0
2824.0,642.0,683.0,638.0,275.0,298.0,288.0
2595.0,582.0,599.0,648.0,256.0,254.0,256.0
2795.0,616.0,656.0,690.0,282.0,280.0,271.0
2633.0,578.0,629.0,626.0,268.0,270.0,262.0
2762.0,599.0,681.0,647.0,290.0,272.0,273.0
2796.0,627.0,650.0,672.0,289.0,283.0,275.0
2726.0,597.0,674.0,639.0,272.0,278.0,266.0
2599.0,592.0,649.0,607.0,252.0,250.0,249.0
2696.0,603.0,650.0,643.0,265.0,262.0,273.0
2665.0,624.0,643.0,608.0,263.0,254.0,273.0
2648.0,600.0,652.0,602.0,258.0,264.0,272.0
2543.0,587.0,602.0,603.0,246.0,237.0,268.0
2540.0,582.0,608.0,598.0,250.0,235.0,267.0
2773.0,644.0,687.0,627.0,273.0,269.0,273.0
2510.0,591.0,617.0,558.0,244.0,247.0,253.0
2470.0,618.0,559.0,577.0,245.0,230.0,241.0
2649.0,653.0,613.0,599.0,249.0,268.0,267.0
2456.0,605.0,587.0,529.0,236.0,245.0,254.0
2588.0,646.0,581.0,578.0,252.0,254.0,277.0
2422.0,602.0,552.0,524.0,239.0,243.0,262.0
2497.0,612.0,549.0,574.0,245.0,255.0,262.0
2448.0,588.0,589.0,540.0,232.0,229.0,270.0
2422.0,600.0,570.0,516.0,241.0,228.0,267.0
2348.0,563.0,498.0,569.0,236.0,226.0,256.0
2387.0,593.0,568.0,535.0,213.0,214.0,264.0
2304.0,562.0,533.0,516.0,221.0,224.0,248.0
2524.0,610.0,565.0,567.0,239.0,263.0,280.0
2293.0,522.0,509.0,531.0,248.0,236.0,247.0
2398.0,555.0,568.0,544.0,237.0,248.0,246.0
2439.0,552.0,552.0,597.0,233.0,240.0,265.0
2397.0,556.0,559.0,565.0,229.0,240.0,248.0
2544.0,575.0,566.0,615.0,266.0,261.0,261.0
2339.0,543.0,502.0,571.0,237.0,242.0,244.0
2573.0,578.0,613.0,593.0,260.0,264.0,265.0
2560.0,587.0,570.0,604.0,270.0,249.0,280.0
2626.0,602.0,603.0,602.0,277.0,276.0,266.0
2483.0,578.0,578.0,580.0,243.0,244.0,260.0
2616.0,621.0,622.0,610.0,259.0,243.0,261.0
2561.0,573.0,583.0,626.0,267.0,245.0,267.0
2763.0,639.0,651.0,666.0,279.0,263.0,265.0
2693.0,612.0,653.0,638.0,270.0,258.0,262.0
2799.0,664.0,661.0,646.0,272.0,270.0,286.0
2710.0,637.0,622.0,636.0,261.0,297.0,257.0
2810.0,657.0,681.0,661.0,276.0,277.0,258.0
2989.0,685.0,686.0,731.0,308.0,302.0,277.0
3011.0,711.0,701.0,701.0,307.0,305.0,286.0
2951.0,677.0,711.0,715.0,288.0,290.0,270.0
2989.0,691.0,693.0,729.0,292.0,312.0,272.0
2789.0,663.0,637.0,633.0,293.0,286.0,277.0
2972.0,676.0,729.0,696.0,296.0,299.0,276.0
2856.0,633.0,678.0,680.0,286.0,300.0,279.0
2828.0,664.0,691.0,642.0,288.0,288.0,255.0
2912.0,679.0,681.0,679.0,295.0,293.0,285.0
2858.0,668.0,701.0,649.0,286.0,296.0,258.0
2945.0,709.0,667.0,685.0,311.0,303.0,270.0
2783.0,629.0,648.0,650.0,297.0,280.0,279.0
2898.0,681.0,672.0,666.0,304.0,290.0,285.0
2777.0,627.0,662.0,654.0,287.0,291.0,256.0
2740.0,636.0,608.0,664.0,293.0,283.0,256.0
2736.0,627.0,645.0,639.0,280.0,282.0,263.0
2687.0,623.0,611.0,632.0,271.0,284.0,266.0
2878.0,667.0,635.0,675.0,301.0,305.0,295.0
2745.0,641.0,644.0,612.0,286.0,291.0,271.0
2747.0,657.0,596.0,651.0,283.0,307.0,253.0
2723.0,656.0,635.0,609.0,264.0,291.0,268.0
2588.0,652.0,568.0,583.0,257.0,278.0,250.0
2662.0,625.0,621.0,618.0,253.0,291.0,254.0
2630.0,606.0,622.0,638.0,258.0,250.0,256.0
2525.0,604.0,647.0,507.0,251.0,267.0,249.0
2751.0,680.0,583.0,649.0,268.0,288.0,283.0
2686.0,671.0,613.0,599.0,263.0,268.0,272.0
2687.0,643.0,652.0,602.0,248.0,279.0,263.0
2596.0,651.0,577.0,607.0,252.0,252.0,257.0
2575.0,648.0,602.0,560.0,251.0,266.0,248.0
2611.0,630.0,612.0,590.0,260.0,255.0,264.0
2636.0,620.0,612.0,617.0,272.0,258.0,257.0
2518.0,578.0,633.0,559.0,237.0,237.0,274.0
2508.0,587.0,606.0,558.0,242.0,247.0,268.0
2533.0,586.0,602.0,592.0,245.0,248.0,260.0
2541.0,558.0,650.0,577.0,254.0,245.0,257.0
2570.0,576.0,610.0,607.0,250.0,249.0,278.0
2587.0,583.0,628.0,619.0,236.0,251.0,270.0
2674.0,608.0,650.0,619.0,249.0,260.0,288.0
2496.0,545.0,634.0,589.0,238.0,236.0,254.0
2773.0,641.0,660.0,651.0,268.0,265.0,288.0
2663.0,593.0,615.0,653.0,271.0,254.0,277.0
2806.0,628.0,688.0,664.0,273.0,274.0,279.0
2782.0,652.0,648.0,665.0,268.0,271.0,278.0
2767.0,626.0,639.0,669.0,290.0,264.0,279.0
2952.0,666.0,683.0,723.0,286.0,285.0,309.0
2811.0,664.0,648.0,676.0,273.0,275.0,275.0
2985.0,702.0,662.0,743.0,294.0,274.0,310.0
2872.0,680.0,662.0,678.0,275.0,280.0,297.0
2906.0,683.0,643.0,712.0,296.0,279.0,293.0
2785.0,663.0,625.0,670.0,273.0,264.0,290.0
2902.0,698.0,636.0,699.0,295.0,266.0,308.0
2918.0,686.0,652.0,716.0,286.0,278.0,300.0
3048.0,713.0,716.0,716.0,321.0,285.0,297.0
2848.0,664.0,632.0,701.0,273.0,282.0,296.0
2821.0,655.0,637.0,673.0,284.0,280.0,292.0
2838.0,646.0,674.0,659.0,303.0,266.0,290.0
2984.0,691.0,698.0,702.0,316.0,275.0,302.0
2929.0,717.0,675.0,669.0,301.0,274.0,293.0
2932.0,685.0,675.0,655.0,301.0,302.0,314.0
3096.0,724.0,719.0,735.0,319.0,292.0,307.0
2952.0,685.0,669.0,681.0,304.0,309.0,304.0
2979.0,668.0,729.0,683.0,293.0,313.0,293.0
2914.0,690.0,672.0,657.0,300.0,302.0,293.0
2802.0,658.0,624.0,620.0,291.0,293.0,316.0
2826.0,608.0,718.0,639.0,293.0,287.0,281.0
3056.0,711.0,700.0,720.0,316.0,284.0,325.0
2948.0,661.0,718.0,666.0,306.0,291.0,306.0
3041.0,674.0,723.0,678.0,313.0,339.0,314.0
2838.0,655.0,689.0,621.0,295.0,284.0,294.0
2815.0,647.0,661.0,647.0,293.0,285.0,282.0
2778.0,663.0,649.0,634.0,288.0,272.0,272.0
2782.0,653.0,657.0,655.0,266.0,272.0,279.0
2840.0,619.0,734.0,622.0,300.0,276.0,289.0
2854.0,655.0,687.0,654.0,278.0,308.0,272.0
2781.0,665.0,665.0,597.0,279.0,295.0,280.0
2795.0,653.0,674.0,637.0,273.0,285.0,273.0
2877.0,666.0,691.0,652.0,283.0,297.0,288.0
2819.0,669.0,688.0,656.0,265.0,274.0,267.0
2779.0,670.0,655.0,620.0,274.0,280.0,280.0
2738.0,645.0,646.0,619.0,271.0,287.0,270.0
2534.0,622.0,598.0,569.0,245.0,258.0,242.0
2751.0,648.0,641.0,614.0,292.0,279.0,277.0
2619.0,599.0,638.0,604.0,250.0,273.0,255.0
2633.0,605.0,636.0,606.0,267.0,269.0,250.0
2734.0,640.0,646.0,632.0,276.0,279.0,261.0
2784.0,645.0,682.0,629.0,276.0,297.0,255.0
2684.0,615.0,609.0,666.0,256.0,260.0,278.0
2755.0,608.0,657.0,671.0,280.0,287.0,252.0
2791.0,630.0,645.0,694.0,284.0,276.0,262.0
2795.0,616.0,630.0,679.0,270.0,317.0,283.0
2628.0,585.0,596.0,650.0,260.0,280.0,257.0
2709.0,624.0,621.0,631.0,274.0,286.0,273.0
2787.0,615.0,645.0,674.0,293.0,297.0,263.0
2820.0,658.0,660.0,644.0,277.0,291.0,290.0
2820.0,694.0,655.0,646.0,270.0,274.0,281.0
2934.0,680.0,667.0,705.0,279.0,303.0,300.0
2775.0,624.0,657.0,666.0,273.0,281.0,274.0
2861.0,660.0,657.0,690.0,292.0,294.0,268.0
2937.0,665.0,689.0,718.0,293.0,289.0,283.0
2865.0,671.0,658.0,681.0,285.0,296.0,274.0
2998.0,694.0,707.0,750.0,274.0,288.0,285.0
2997.0,722.0,726.0,693.0,297.0,272.0,287.0
2932.0,687.0,681.0,720.0,272.0,288.0,284.0
3126.0,745.0,742.0,721.0,319.0,289.0,310.0
2989.0,736.0,704.0,690.0,296.0,282.0,281.0
2957.0,732.0,681.0,696.0,287.0,279.0,282.0
2964.0,680.0,709.0,699.0,298.0,294.0,284.0
3017.0,710.0,736.0,693.0,293.0,287.0,298.0
2921.0,693.0,705.0,668.0,284.0,290.0,281.0
3046.0,664.0,739.0,728.0,304.0,304.0,307.0
2965.0,683.0,714.0,685.0,294.0,290.0,299.0
2906.0,678.0,681.0,643.0,309.0,301.0,294.0
2909.0,667.0,694.0,664.0,306.0,283.0,295.0
2988.0,667.0,733.0,692.0,308.0,280.0,308.0
3059.0,690.0,750.0,680.0,325.0,304.0,310.0
3057.0,672.0,759.0,700.0,326.0,299.0,301.0
2869.0,672.0,697.0,630.0,294.0,287.0,289.0
2982.0,672.0,696.0,695.0,316.0,283.0,320.0
3010.0,675.0,691.0,726.0,308.0,297.0,313.0
2930.0,666.0,700.0,684.0,310.0,272.0,298.0
2906.0,696.0,685.0,653.0,307.0,274.0,291.0
3047.0,668.0,703.0,695.0,338.0,316.0,327.0
2950.0,683.0,679.0,676.0,318.0,288.0,306.0
2710.0,654.0,624.0,628.0,274.0,270.0,260.0
2987.0,692.0,688.0,694.0,307.0,302.0,304.0
2793.0,642.0,626.0,666.0,285.0,273.0,301.0
2930.0,698.0,653.0,674.0,298.0,290.0,317.0
2995.0,718.0,685.0,682.0,313.0,292.0,305.0
2883.0,685.0,664.0,638.0,310.0,290.0,296.0
2869.0,666.0,672.0,683.0,286.0,272.0,290.0
2884.0,671.0,656.0,694.0,289.0,274.0,300.0
2733.0,650.0,618.0,656.0,261.0,261.0,287.0
2924.0,659.0,689.0,715.0,289.0,293.0,279.0
2863.0,635.0,645.0,714.0,291.0,289.0,289.0
2912.0,659.0,688.0,699.0,292.0,285.0,289.0
2883.0,682.0,657.0,659.0,296.0,278.0,311.0
2731.0,616.0,645.0,641.0,270.0,275.0,284.0
2861.0,661.0,633.0,711.0,277.0,288.0,291.0
2719.0,621.0,646.0,640.0,256.0,275.0,281.0
2898.0,672.0,657.0,710.0,281.0,276.0,302.0
2799.0,673.0,645.0,675.0,263.0,268.0,275.0
2950.0,670.0,681.0,705.0,302.0,302.0,290.0
2762.0,598.0,651.0,664.0,272.0,285.0,292.0
2666.0,560.0,595.0,668.0,277.0,281.0,285.0
2939.0,638.0,723.0,721.0,276.0,298.0,283.0
2920.0,656.0,685.0,709.0,286.0,292.0,292.0
2720.0,604.0,635.0,672.0,260.0,274.0,275.0
3091.0,694.0,746.0,739.0,306.0,311.0,295.0
2947.0,656.0,735.0,680.0,289.0,288.0,299.0
2997.0,697.0,707.0,699.0,294.0,314.0,286.0
3085.0,707.0,723.0,724.0,311.0,303.0,317.0
2958.0,705.0,676.0,682.0,297.0,303.0,295.0
3026.0,677.0,722.0,715.0,297.0,315.0,300.0
3028.0,728.0,708.0,676.0,298.0,317.0,301.0
3091.0,735.0,767.0,677.0,300.0,310.0,302.0
2987.0,702.0,711.0,699.0,296.0,291.0,288.0
3167.0,791.0,740.0,710.0,305.0,322.0,299.0
3120.0,747.0,715.0,720.0,311.0,313.0,314.0
3066.0,753.0,684.0,701.0,314.0,307.0,307.0
3220.0,754.0,751.0,754.0,311.0,335.0,315.0
3133.0,745.0,701.0,736.0,319.0,328.0,304.0
3220.0,773.0,744.0,730.0,324.0,341.0,308.0
3123.0,744.0,700.0,723.0,316.0,328.0,312.0
3016.0,718.0,705.0,665.0,317.0,316.0,295.0
3044.0,728.0,690.0,693.0,309.0,312.0,312.0
2997.0,668.0,710.0,696.0,316.0,305.0,302.0
3135.0,727.0,699.0,749.0,332.0,315.0,313.0
2955.0,676.0,694.0,681.0,310.0,287.0,307.0
2939.0,691.0,686.0,695.0,302.0,277.0,288.0
3013.0,699.0,673.0,752.0,307.0,300.0,282.0
3226.0,736.0,725.0,790.0,334.0,331.0,310.0
3223.0,733.0,744.0,758.0,347.0,324.0,317.0
2976.0,698.0,681.0,684.0,321.0,302.0,290.0
3101.0,719.0,719.0,737.0,318.0,316.0,292.0
3010.0,706.0,665.0,701.0,327.0,306.0,305.0
2945.0,670.0,697.0,721.0,302.0,278.0,277.0
2967.0,684.0,679.0,697.0,309.0,305.0,293.0
2929.0,705.0,656.0,691.0,310.0,280.0,287.0
3032.0,723.0,696.0,711.0,310.0,294.0,298.0
3045.0,730.0,707.0,713.0,308.0,296.0,291.0
3059.0,742.0,698.0,740.0,303.0,288.0,288.0
3025.0,705.0,736.0,703.0,307.0,283.0,291.0
2978.0,714.0,722.0,701.0,285.0,275.0,281.0
2853.0,650.0,684.0,696.0,290.0,260.0,273.0
2850.0,660.0,666.0,699.0,290.0,257.0,278.0
3028.0,713.0,735.0,710.0,295.0,292.0,283.0
2916.0,717.0,670.0,674.0,283.0,279.0,293.0
2937.0,665.0,684.0,682.0,303.0,299.0,304.0
2942.0,690.0,641.0,720.0,298.0,301.0,292.0
3000.0,702.0,693.0,706.0,300.0,296.0,303.0
2937.0,647.0,687.0,707.0,307.0,293.0,296.0
3068.0,691.0,727.0,739.0,313.0,291.0,307.0
2997.0,674.0,689.0,712.0,302.0,305.0,315.0
2802.0,634.0,657.0,664.0,279.0,282.0,286.0
2901.0,653.0,716.0,665.0,290.0,291.0,286.0
2877.0,664.0,672.0,662.0,287.0,288.0,304.0
2852.0,650.0,660.0,684.0,282.0,284.0,292.0
2973.0,699.0,658.0,717.0,305.0,285.0,309.0
2937.0,689.0,651.0,685.0,302.0,313.0,297.0
3075.0,701.0,742.0,722.0,307.0,303.0,300.0
3089.0,751.0,701.0,716.0,309.0,297.0,315.0
3168.0,760.0,725.0,707.0,312.0,333.0,331.0
3159.0,719.0,718.0,778.0,305.0,312.0,327.0
3165.0,742.0,708.0,742.0,321.0,329.0,323.0
3233.0,783.0,718.0,769.0,285.0,344.0,334.0
3008.0,717.0,709.0,672.0,288.0,309.0,313.0
3110.0,721.0,718.0,729.0,306.0,324.0,312.0
3221.0,792.0,727.0,736.0,311.0,341.0,314.0
3311.0,793.0,755.0,774.0,309.0,327.0,353.0
3172.0,799.0,732.0,715.0,306.0,305.0,315.0
3247.0,785.0,787.0,697.0,313.0,325.0,340.0
3406.0,802.0,793.0,761.0,333.0,368.0,349.0
3251.0,816.0,769.0,715.0,316.0,331.0,304.0
3088.0,735.0,719.0,695.0,299.0,314.0,326.0
3058.0,706.0,717.0,674.0,306.0,332.0,323.0
3360.0,763.0,806.0,773.0,328.0,355.0,335.0
3280.0,765.0,778.0,744.0,326.0,329.0,338.0
3152.0,703.0,769.0,733.0,317.0,315.0,315.0
3192.0,710.0,764.0,723.0,326.0,334.0,335.0
3216.0,731.0,797.0,735.0,310.0,316.0,327.0
3255.0,676.0,797.0,800.0,317.0,330.0,335.0
3220.0,698.0,756.0,780.0,320.0,342.0,324.0
3211.0,739.0,753.0,741.0,317.0,330.0,331.0
3188.0,716.0,759.0,724.0,327.0,355.0,307.0
3042.0,667.0,752.0,702.0,313.0,298.0,310.0
3171.0,758.0,753.0,740.0,317.0,302.0,301.0
3125.0,691.0,749.0,751.0,311.0,310.0,313.0
3148.0,707.0,767.0,746.0,308.0,310.0,310.0
3253.0,744.0,759.0,795.0,304.0,325.0,326.0
3063.0,720.0,708.0,729.0,312.0,292.0,302.0
3031.0,696.0,700.0,725.0,337.0,289.0,284.0
3065.0,724.0,712.0,718.0,309.0,305.0,297.0
3134.0,747.0,677.0,762.0,323.0,310.0,315.0
3056.0,734.0,676.0,741.0,307.0,292.0,306.0
3210.0,757.0,733.0,785.0,319.0,308.0,308.0
2919.0,657.0,688.0,704.0,309.0,287.0,274.0
2839.0,687.0,633.0,654.0,311.0,286.0,268.0
3048.0,696.0,680.0,750.0,312.0,308.0,302.0
2947.0,682.0,668.0,681.0,318.0,306.0,292.0
2982.0,725.0,671.0,706.0,319.0,270.0,291.0
2941.0,662.0,676.0,724.0,307.0,277.0,295.0
3167.0,747.0,744.0,731.0,320.0,307.0,318.0
2899.0,662.0,663.0,684.0,310.0,291.0,289.0
3082.0,689.0,691.0,784.0,320.0,295.0,303.0
2946.0,690.0,708.0,693.0,287.0,290.0,278.0
2980.0,669.0,702.0,725.0,310.0,286.0,288.0
3102.0,721.0,733.0,745.0,313.0,304.0,286.0
2885.0,680.0,658.0,678.0,294.0,294.0,281.0
2984.0,708.0,696.0,695.0,301.0,283.0,301.0
3072.0,695.0,757.0,715.0,315.0,303.0,287.0
3130.0,732.0,763.0,742.0,302.0,286.0,305.0
2919.0,717.0,698.0,641.0,292.0,287.0,284.0
3374.0,806.0,804.0,771.0,329.0,322.0,342.0
3321.0,790.0,798.0,746.0,325.0,340.0,322.0
3230.0,754.0,805.0,743.0,302.0,328.0,298.0
3253.0,829.0,722.0,726.0,326.0,319.0,331.0
3387.0,851.0,808.0,752.0,316.0,327.0,333.0
3168.0,764.0,712.0,735.0,309.0,320.0,328.0
3275.0,800.0,796.0,733.0,312.0,315.0,319.0
3396.0,808.0,827.0,773.0,329.0,342.0,317.0
3415.0,821.0,812.0,773.0,327.0,334.0,348.0
3348.0,805.0,798.0,756.0,338.0,330.0,321.0
3247.0,785.0,779.0,721.0,313.0,317.0,332.0
3475.0,836.0,836.0,793.0,326.0,340.0,344.0
3230.0,779.0,721.0,741.0,327.0,320.0,342.0
3328.0,793.0,773.0,786.0,326.0,318.0,332.0
3362.0,811.0,784.0,766.0,330.0,343.0,328.0
3320.0,784.0,767.0,776.0,330.0,333.0,330.0
3289.0,777.0,750.0,773.0,330.0,331.0,328.0
3356.0,795.0,754.0,815.0,316.0,335.0,341.0
3298.0,802.0,761.0,733.0,316.0,347.0,339.0
3476.0,818.0,797.0,832.0,343.0,347.0,339.0
3300.0,749.0,767.0,792.0,335.0,332.0,325.0
3355.0,764.0,761.0,797.0,344.0,350.0,339.0
3315.0,750.0,754.0,798.0,335.0,343.0,335.0
3352.0,777.0,770.0,797.0,330.0,347.0,331.0
3309.0,740.0,779.0,789.0,325.0,333.0,343.0
3323.0,756.0,756.0,791.0,330.0,352.0,338.0
3287.0,768.0,740.0,772.0,329.0,345.0,333.0
3296.0,765.0,769.0,773.0,322.0,337.0,330.0
3251.0,765.0,723.0,771.0,332.0,330.0,330.0
3299.0,766.0,757.0,800.0,334.0,327.0,315.0
3330.0,803.0,758.0,761.0,341.0,337.0,330.0
3105.0,740.0,729.0,698.0,310.0,303.0,325.0
3352.0,807.0,720.0,801.0,330.0,348.0,346.0
3142.0,754.0,729.0,725.0,317.0,301.0,316.0
3239.0,757.0,732.0,760.0,335.0,337.0,318.0
3141.0,728.0,729.0,726.0,318.0,325.0,315.0
3161.0,736.0,755.0,706.0,319.0,323.0,322.0
3224.0,760.0,757.0,744.0,333.0,326.0,304.0
3200.0,744.0,787.0,710.0,325.0,318.0,316.0
3047.0,679.0,732.0,693.0,297.0,323.0,323.0
3050.0,740.0,696.0,674.0,322.0,319.0,299.0
3153.0,731.0,749.0,695.0,346.0,311.0,321.0
3280.0,755.0,777.0,768.0,331.0,323.0,326.0
3168.0,710.0,761.0,714.0,330.0,333.0,320.0
3264.0,750.0,799.0,729.0,335.0,317.0,334.0
2979.0,681.0,693.0,696.0,296.0,311.0,302.0
3149.0,715.0,756.0,725.0,321.0,308.0,324.0
2999.0,694.0,734.0,642.0,306.0,310.0,313.0
3292.0,737.0,774.0,814.0,322.0,316.0,329.0
3199.0,724.0,751.0,738.0,347.0,323.0,316.0
3353.0,764.0,774.0,798.0,345.0,335.0,337.0
2977.0,686.0,696.0,666.0,310.0,304.0,315.0
3285.0,774.0,790.0,733.0,336.0,321.0,331.0
3301.0,809.0,754.0,747.0,322.0,334.0,335.0
3326.0,777.0,787.0,771.0,322.0,347.0,322.0
3252.0,759.0,756.0,769.0,341.0,317.0,310.0
3204.0,762.0,738.0,727.0,317.0,311.0,349.0
3458.0,835.0,816.0,775.0,340.0,351.0,341.0
3367.0,827.0,767.0,769.0,333.0,335.0,336.0
3444.0,816.0,804.0,822.0,336.0,336.0,330.0
3404.0,831.0,765.0,796.0,339.0,337.0,336.0
3473.0,812.0,806.0,831.0,342.0,343.0,339.0
3256.0,776.0,744.0,761.0,317.0,329.0,329.0
3321.0,796.0,733.0,790.0,334.0,336.0,332.0
3417.0,810.0,772.0,829.0,343.0,323.0,340.0
3420.0,799.0,814.0,792.0,332.0,345.0,338.0
3519.0,781.0,839.0,863.0,355.0,341.0,340.0
3500.0,823.0,818.0,829.0,355.0,350.0,325.0
3456.0,798.0,798.0,857.0,320.0,339.0,344.0
3464.0,771.0,832.0,839.0,343.0,346.0,333.0
3465.0,813.0,846.0,832.0,321.0,334.0,319.0
3614.0,822.0,858.0,843.0,363.0,363.0,365.0
3385.0,768.0,803.0,827.0,336.0,323.0,328.0
3471.0,820.0,807.0,816.0,335.0,348.0,345.0
3418.0,771.0,813.0,824.0,321.0,345.0,344.0
3350.0,781.0,789.0,786.0,325.0,332.0,337.0
3346.0,791.0,793.0,766.0,321.0,333.0,342.0
3418.0,792.0,812.0,813.0,347.0,344.0,310.0
3524.0,824.0,854.0,823.0,347.0,325.0,351.0
3293.0,771.0,806.0,766.0,316.0,324.0,310.0
3293.0,750.0,788.0,799.0,325.0,318.0,313.0
3414.0,836.0,782.0,788.0,323.0,341.0,344.0
3324.0,752.0,788.0,813.0,329.0,319.0,323.0
3389.0,775.0,814.0,802.0,328.0,343.0,327.0
3149.0,733.0,717.0,729.0,322.0,325.0,323.0
3232.0,784.0,750.0,713.0,329.0,339.0,317.0
3399.0,843.0,740.0,794.0,348.0,332.0,342.0
3314.0,814.0,727.0,785.0,322.0,336.0,330.0
3406.0,799.0,806.0,794.0,332.0,333.0,342.0
3331.0,761.0,791.0,801.0,327.0,320.0,331.0
3206.0,735.0,740.0,741.0,335.0,339.0,316.0
3358.0,766.0,765.0,790.0,361.0,341.0,335.0
3363.0,813.0,761.0,775.0,347.0,326.0,341.0
3254.0,747.0,770.0,722.0,343.0,343.0,329.0
3301.0,782.0,748.0,750.0,331.0,349.0,341.0
3175.0,725.0,762.0,734.0,327.0,319.0,308.0
3211.0,740.0,754.0,729.0,330.0,333.0,325.0
3252.0,775.0,764.0,713.0,335.0,341.0,324.0
3132.0,715.0,731.0,731.0,308.0,328.0,319.0
3254.0,773.0,728.0,748.0,344.0,332.0,329.0
3274.0,717.0,780.0,742.0,347.0,343.0,345.0
3363.0,756.0,772.0,785.0,359.0,344.0,347.0
3233.0,730.0,741.0,752.0,329.0,346.0,335.0
3364.0,763.0,813.0,756.0,325.0,348.0,359.0
3429.0,799.0,809.0,800.0,340.0,343.0,338.0
3604.0,844.0,831.0,831.0,365.0,366.0,367.0
3390.0,793.0,799.0,763.0,333.0,340.0,362.0
3530.0,813.0,864.0,791.0,347.0,350.0,365.0
3501.0,799.0,772.0,844.0,360.0,362.0,364.0
3613.0,821.0,846.0,852.0,361.0,365.0,368.0
3525.0,843.0,845.0,771.0,358.0,347.0,361.0
3440.0,838.0,801.0,789.0,339.0,337.0,336.0
3533.0,833.0,822.0,812.0,342.0,354.0,370.0
3564.0,821.0,884.0,796.0,351.0,359.0,353.0
3621.0,826.0,913.0,812.0,352.0,357.0,361.0
3786.0,868.0,911.0,874.0,363.0,379.0,391.0
3671.0,884.0,888.0,828.0,359.0,347.0,365.0
3691.0,859.0,860.0,855.0,371.0,374.0,372.0
3546.0,804.0,835.0,860.0,348.0,346.0,353.0
3677.0,839.0,877.0,875.0,362.0,349.0,375.0
3601.0,819.0,867.0,854.0,337.0,349.0,375.0
3628.0,834.0,842.0,879.0,355.0,342.0,376.0
3522.0,790.0,853.0,829.0,344.0,338.0,368.0
3586.0,799.0,844.0,862.0,351.0,367.0,363.0
3671.0,824.0,863.0,895.0,358.0,361.0,370.0
3552.0,812.0,849.0,855.0,355.0,347.0,334.0
3630.0,848.0,854.0,856.0,346.0,352.0,374.0
3583.0,840.0,810.0,846.0,352.0,361.0,374.0
3331.0,778.0,757.0,802.0,334.0,326.0,334.0
3567.0,803.0,817.0,852.0,376.0,352.0,367.0
3495.0,793.0,793.0,864.0,341.0,345.0,359.0
3409.0,803.0,773.0,834.0,328.0,318.0,353.0
3354.0,771.0,763.0,812.0,350.0,335.0,323.0
3480.0,819.0,788.0,819.0,351.0,346.0,357.0
3334.0,781.0,762.0,807.0,315.0,336.0,333.0
3396.0,799.0,788.0,799.0,338.0,336.0,336.0
3377.0,833.0,763.0,752.0,349.0,338.0,342.0
3279.0,788.0,774.0,769.0,313.0,309.0,326.0
3187.0,804.0,693.0,722.0,320.0,316.0,332.0
3277.0,773.0,775.0,774.0,320.0,316.0,319.0
3376.0,825.0,782.0,782.0,334.0,328.0,325.0
3292.0,796.0,776.0,775.0,316.0,323.0,306.0
3231.0,712.0,811.0,740.0,317.0,334.0,317.0
3287.0,773.0,799.0,731.0,338.0,327.0,319.0
3385.0,815.0,799.0,766.0,341.0,326.0,338.0
3326.0,781.0,775.0,779.0,329.0,328.0,334.0
3256.0,752.0,804.0,709.0,336.0,330.0,325.0
3292.0,764.0,798.0,751.0,330.0,320.0,329.0
3227.0,719.0,776.0,759.0,331.0,318.0,324.0
3358.0,761.0,824.0,768.0,335.0,344.0,326.0
3388.0,743.0,831.0,791.0,362.0,341.0,320.0
3252.0,720.0,794.0,750.0,349.0,327.0,312.0
3327.0,779.0,796.0,771.0,322.0,327.0,332.0
3430.0,787.0,805.0,784.0,350.0,374.0,330.0
3445.0,795.0,788.0,819.0,354.0,346.0,343.0
3456.0,794.0,831.0,785.0,367.0,337.0,342.0
3375.0,821.0,792.0,767.0,335.0,339.0,321.0
3513.0,845.0,834.0,791.0,353.0,360.0,330.0
3350.0,784.0,775.0,777.0,339.0,339.0,336.0
3605.0,879.0,821.0,837.0,355.0,364.0,349.0
3445.0,811.0,792.0,800.0,342.0,356.0,344.0
3535.0,862.0,788.0,822.0,351.0,374.0,338.0
3451.0,809.0,786.0,818.0,350.0,360.0,328.0
3682.0,855.0,843.0,886.0,371.0,370.0,357.0
3638.0,882.0,825.0,845.0,359.0,366.0,361.0
3700.0,860.0,811.0,896.0,375.0,394.0,364.0
3635.0,852.0,822.0,879.0,359.0,364.0,359.0
3676.0,881.0,810.0,897.0,357.0,354.0,377.0
3734.0,867.0,832.0,908.0,364.0,389.0,374.0
3575.0,821.0,795.0,857.0,369.0,369.0,364.0
3738.0,879.0,845.0,900.0,369.0,380.0,365.0
3590.0,805.0,817.0,881.0,369.0,364.0,354.0
3661.0,833.0,887.0,854.0,374.0,367.0,346.0
3703.0,853.0,864.0,879.0,358.0,373.0,376.0
3702.0,819.0,861.0,898.0,367.0,378.0,379.0
3635.0,823.0,859.0,850.0,358.0,383.0,362.0
3519.0,824.0,813.0,808.0,345.0,368.0,361.0
3665.0,833.0,866.0,886.0,350.0,365.0,365.0
3507.0,785.0,841.0,808.0,359.0,347.0,367.0
3591.0,828.0,855.0,830.0,346.0,359.0,373.0
3629.0,861.0,862.0,835.0,340.0,372.0,359.0
3365.0,762.0,775.0,795.0,337.0,351.0,345.0
3615.0,843.0,876.0,808.0,369.0,338.0,381.0
3567.0,870.0,841.0,798.0,346.0,349.0,363.0
3550.0,836.0,838.0,824.0,354.0,346.0,352.0
3513.0,838.0,853.0,795.0,326.0,361.0,340.0
3440.0,819.0,824.0,772.0,346.0,329.0,350.0
3488.0,818.0,811.0,799.0,370.0,345.0,345.0
3613.0,869.0,855.0,804.0,348.0,363.0,374.0
3560.0,846.0,875.0,811.0,327.0,331.0,370.0
3451.0,826.0,794.0,791.0,343.0,339.0,358.0
3361.0,800.0,811.0,767.0,326.0,329.0,328.0
3346.0,778.0,801.0,761.0,339.0,329.0,338.0
3452.0,814.0,831.0,789.0,344.0,337.0,337.0
3448.0,806.0,815.0,791.0,342.0,334.0,360.0
3495.0,821.0,790.0,814.0,349.0,359.0,362.0
3276.0,792.0,729.0,747.0,325.0,343.0,340.0
3451.0,807.0,818.0,792.0,347.0,339.0,348.0
3527.0,825.0,809.0,836.0,353.0,347.0,357.0
3338.0,813.0,748.0,763.0,349.0,323.0,342.0
3397.0,818.0,790.0,774.0,335.0,325.0,355.0
3344.0,750.0,767.0,800.0,344.0,335.0,348.0
3413.0,774.0,775.0,809.0,346.0,342.0,367.0
3559.0,856.0,800.0,813.0,361.0,355.0,374.0
3640.0,818.0,846.0,853.0,387.0,358.0,378.0
3444.0,799.0,769.0,808.0,372.0,341.0,355.0
3383.0,819.0,798.0,740.0,352.0,339.0,335.0
3609.0,858.0,797.0,882.0,355.0,350.0,367.0
3429.0,783.0,777.0,843.0,353.0,331.0,342.0
3663.0,842.0,854.0,882.0,368.0,359.0,358.0
3495.0,791.0,787.0,855.0,359.0,355.0,348.0
3816.0,881.0,881.0,910.0,386.0,378.0,380.0
3759.0,867.0,865.0,899.0,386.0,377.0,365.0
3681.0,867.0,868.0,870.0,364.0,370.0,342.0
3608.0,849.0,820.0,868.0,358.0,359.0,354.0
3765.0,885.0,898.0,880.0,376.0,375.0,351.0
3921.0,981.0,879.0,900.0,389.0,376.0,396.0
3733.0,887.0,874.0,875.0,373.0,373.0,351.0
3636.0,879.0,847.0,806.0,355.0,389.0,360.0
3728.0,866.0,866.0,908.0,370.0,361.0,357.0
3860.0,891.0,922.0,925.0,380.0,378.0,364.0
3839.0,912.0,896.0,898.0,384.0,397.0,352.0
3636.0,822.0,888.0,827.0,375.0,364.0,360.0
3812.0,872.0,906.0,895.0,394.0,376.0,369.0
3724.0,835.0,904.0,864.0,380.0,379.0,362.0
3714.0,847.0,891.0,850.0,382.0,381.0,363.0
3679.0,869.0,856.0,838.0,382.0,377.0,357.0
3850.0,877.0,929.0,905.0,372.0,384.0,383.0
3786.0,895.0,869.0,885.0,376.0,387.0,374.0
3786.0,874.0,895.0,881.0,371.0,392.0,373.0
3590.0,849.0,847.0,824.0,356.0,376.0,338.0
3745.0,900.0,848.0,873.0,374.0,387.0,363.0
3725.0,860.0,860.0,874.0,381.0,384.0,366.0
3527.0,828.0,812.0,834.0,340.0,374.0,339.0
3474.0,792.0,811.0,785.0,358.0,371.0,357.0
3657.0,858.0,845.0,846.0,348.0,394.0,366.0
3570.0,856.0,840.0,839.0,342.0,359.0,334.0
3464.0,806.0,816.0,790.0,346.0,355.0,351.0
3518.0,842.0,821.0,803.0,345.0,366.0,341.0
3524.0,871.0,781.0,809.0,346.0,358.0,359.0
3440.0,800.0,793.0,800.0,348.0,364.0,335.0
3481.0,867.0,769.0,800.0,346.0,355.0,344.0
3709.0,890.0,827.0,886.0,351.0,382.0,373.0
3539.0,845.0,797.0,793.0,360.0,374.0,370.0
3492.0,842.0,778.0,819.0,360.0,350.0,343.0
3608.0,868.0,832.0,834.0,357.0,354.0,363.0
3411.0,779.0,822.0,803.0,317.0,357.0,333.0
3656.0,891.0,824.0,860.0,366.0,357.0,358.0
3436.0,799.0,825.0,775.0,345.0,351.0,341.0
3435.0,779.0,781.0,846.0,352.0,334.0,343.0
3561.0,851.0,847.0,801.0,354.0,366.0,342.0
3629.0,851.0,889.0,816.0,363.0,350.0,360.0
3523.0,828.0,842.0,825.0,347.0,324.0,357.0
3518.0,827.0,812.0,824.0,341.0,357.0,357.0
3539.0,806.0,836.0,868.0,344.0,339.0,346.0
3563.0,786.0,845.0,823.0,365.0,371.0,373.0
3818.0,856.0,900.0,922.0,383.0,378.0,379.0
3745.0,844.0,920.0,883.0,376.0,359.0,363.0
3740.0,854.0,878.0,899.0,381.0,350.0,378.0
3582.0,798.0,858.0,843.0,363.0,361.0,359.0
3761.0,874.0,893.0,865.0,398.0,349.0,382.0
3787.0,912.0,876.0,864.0,382.0,366.0,387.0
3675.0,899.0,857.0,848.0,370.0,347.0,354.0
3739.0,861.0,844.0,901.0,381.0,376.0,376.0
3748.0,893.0,853.0,906.0,382.0,349.0,365.0
3674.0,831.0,856.0,874.0,384.0,352.0,377.0
3956.0,977.0,912.0,905.0,390.0,383.0,389.0
3890.0,885.0,919.0,909.0,412.0,364.0,401.0
3912.0,926.0,899.0,936.0,377.0,373.0,401.0
4023.0,962.0,945.0,933.0,406.0,392.0,385.0
3947.0,956.0,914.0,934.0,394.0,378.0,371.0
4015.0,949.0,910.0,933.0,412.0,397.0,414.0
3802.0,870.0,878.0,922.0,397.0,365.0,370.0
3905.0,903.0,932.0,909.0,412.0,367.0,382.0
3797.0,886.0,877.0,878.0,400.0,369.0,387.0
3840.0,895.0,889.0,919.0,380.0,376.0,381.0
3958.0,923.0,921.0,922.0,394.0,391.0,407.0
3920.0,909.0,875.0,928.0,421.0,374.0,413.0
4015.0,962.0,930.0,906.0,402.0,398.0,417.0
3879.0,900.0,896.0,879.0,406.0,386.0,412.0
3734.0,857.0,860.0,870.0,385.0,371.0,391.0
3829.0,907.0,909.0,865.0,392.0,375.0,381.0
3625.0,843.0,837.0,836.0,364.0,376.0,369.0
3823.0,895.0,890.0,897.0,370.0,376.0,395.0
3612.0,845.0,841.0,838.0,346.0,370.0,372.0
3762.0,842.0,868.0,880.0,377.0,400.0,395.0
3662.0,860.0,883.0,820.0,375.0,371.0,353.0
3769.0,887.0,879.0,873.0,379.0,376.0,375.0
3935.0,917.0,896.0,913.0,393.0,417.0,399.0
3574.0,851.0,840.0,794.0,345.0,373.0,371.0
3583.0,834.0,844.0,818.0,371.0,370.0,346.0
3681.0,864.0,891.0,837.0,368.0,370.0,351.0
3730.0,904.0,883.0,860.0,354.0,372.0,357.0
3733.0,874.0,903.0,851.0,377.0,379.0,349.0
3783.0,874.0,890.0,918.0,356.0,376.0,369.0
3661.0,862.0,886.0,817.0,355.0,382.0,359.0
3779.0,929.0,869.0,857.0,375.0,377.0,372.0
3713.0,850.0,901.0,835.0,358.0,405.0,364.0
3619.0,870.0,853.0,829.0,347.0,363.0,357.0
3673.0,871.0,891.0,826.0,369.0,372.0,344.0
3627.0,881.0,851.0,831.0,342.0,369.0,353.0
3712.0,893.0,858.0,861.0,364.0,366.0,370.0
3657.0,831.0,885.0,880.0,344.0,361.0,356.0
3568.0,801.0,845.0,844.0,352.0,376.0,350.0
3693.0,865.0,900.0,883.0,354.0,364.0,327.0
3788.0,880.0,870.0,886.0,383.0,400.0,369.0
3561.0,797.0,839.0,854.0,354.0,364.0,353.0
3623.0,852.0,860.0,836.0,346.0,364.0,365.0
3634.0,821.0,861.0,857.0,349.0,375.0,371.0
3695.0,834.0,868.0,904.0,349.0,375.0,365.0
3713.0,820.0,853.0,930.0,371.0,374.0,365.0
3701.0,866.0,848.0,895.0,361.0,384.0,347.0
3739.0,872.0,834.0,937.0,367.0,374.0,355.0
3838.0,903.0,844.0,941.0,393.0,389.0,368.0
4047.0,966.0,946.0,936.0,404.0,400.0,395.0
3985.0,939.0,906.0,959.0,404.0,400.0,377.0
3976.0,932.0,886.0,962.0,400.0,408.0,388.0
3855.0,929.0,844.0,922.0,397.0,381.0,382.0
3856.0,899.0,915.0,892.0,384.0,385.0,381.0
3957.0,942.0,909.0,938.0,388.0,391.0,389.0
3888.0,901.0,868.0,945.0,398.0,389.0,387.0
4023.0,946.0,932.0,935.0,423.0,385.0,402.0
3994.0,940.0,940.0,936.0,399.0,384.0,395.0
4108.0,984.0,954.0,965.0,419.0,380.0,406.0
4027.0,972.0,949.0,929.0,395.0,395.0,387.0
3905.0,913.0,866.0,925.0,407.0,392.0,402.0
4042.0,943.0,977.0,934.0,400.0,391.0,397.0
3975.0,919.0,929.0,929.0,403.0,398.0,397.0
4079.0,954.0,979.0,943.0,402.0,399.0,402.0
4124.0,962.0,976.0,926.0,424.0,416.0,420.0
4060.0,936.0,979.0,947.0,418.0,388.0,392.0
3801.0,869.0,948.0,841.0,388.0,369.0,386.0
3927.0,905.0,964.0,880.0,396.0,379.0,403.0
4080.0,936.0,964.0,954.0,419.0,395.0,412.0
3869.0,876.0,944.0,865.0,412.0,372.0,400.0
3929.0,941.0,945.0,875.0,393.0,383.0,392.0
3816.0,887.0,908.0,882.0,363.0,389.0,387.0
3739.0,860.0,897.0,860.0,371.0,370.0,381.0
3941.0,906.0,940.0,925.0,366.0,397.0,407.0
3690.0,874.0,840.0,855.0,362.0,371.0,388.0
3848.0,869.0,929.0,879.0,373.0,390.0,408.0
3867.0,905.0,891.0,894.0,402.0,378.0,397.0
3872.0,936.0,904.0,922.0,364.0,348.0,398.0
3729.0,914.0,840.0,875.0,367.0,356.0,377.0
3695.0,875.0,824.0,889.0,375.0,342.0,390.0
3713.0,918.0,828.0,866.0,365.0,362.0,374.0
3678.0,889.0,833.0,854.0,367.0,366.0,369.0
3685.0,896.0,819.0,853.0,372.0,373.0,372.0
3771.0,906.0,857.0,888.0,375.0,374.0,371.0
3670.0,893.0,805.0,859.0,349.0,382.0,382.0
3709.0,891.0,814.0,888.0,357.0,376.0,383.0
3694.0,850.0,863.0,889.0,354.0,358.0,380.0
3712.0,838.0,837.0,924.0,364.0,382.0,367.0
3780.0,871.0,836.0,936.0,388.0,379.0,370.0
3695.0,863.0,834.0,892.0,353.0,368.0,385.0
3885.0,894.0,878.0,942.0,382.0,391.0,398.0
3675.0,863.0,851.0,847.0,360.0,384.0,370.0
3679.0,856.0,838.0,888.0,344.0,373.0,380.0
3690.0,818.0,831.0,892.0,387.0,373.0,389.0
3789.0,882.0,864.0,889.0,388.0,384.0,382.0
3611.0,814.0,829.0,849.0,354.0,389.0,376.0
3822.0,885.0,880.0,912.0,370.0,397.0,378.0
3965.0,898.0,923.0,955.0,378.0,408.0,403.0
3913.0,903.0,911.0,938.0,390.0,395.0,376.0
3755.0,868.0,895.0,866.0,389.0,346.0,391.0
3820.0,894.0,901.0,881.0,378.0,392.0,374.0
3898.0,881.0,893.0,926.0,397.0,399.0,402.0
4033.0,956.0,960.0,927.0,401.0,412.0,377.0
4098.0,950.0,979.0,943.0,413.0,418.0,395.0
3987.0,890.0,964.0,919.0,407.0,411.0,396.0
3957.0,957.0,938.0,888.0,388.0,402.0,384.0
4028.0,983.0,923.0,940.0,401.0,407.0,374.0
3983.0,932.0,938.0,898.0,416.0,406.0,393.0
4174.0,1005.0,965.0,969.0,423.0,410.0,402.0
4052.0,951.0,941.0,941.0,406.0,396.0,417.0
4198.0,951.0,1026.0,970.0,428.0,420.0,403.0
4100.0,953.0,963.0,953.0,417.0,418.0,396.0
4376.0,1017.0,1040.0,1018.0,440.0,440.0,421.0
4195.0,976.0,991.0,969.0,425.0,425.0,409.0
3954.0,924.0,926.0,890.0,415.0,405.0,394.0
4182.0,978.0,964.0,959.0,437.0,438.0,406.0
4104.0,956.0,954.0,942.0,423.0,428.0,401.0
3958.0,927.0,922.0,916.0,416.0,388.0,389.0
4033.0,927.0,921.0,943.0,435.0,404.0,403.0
3886.0,896.0,881.0,902.0,406.0,400.0,401.0
3873.0,882.0,896.0,915.0,401.0,400.0,379.0
3897.0,909.0,886.0,901.0,408.0,404.0,389.0
3862.0,885.0,901.0,886.0,402.0,394.0,394.0
3912.0,908.0,882.0,931.0,409.0,399.0,383.0
3912.0,904.0,919.0,915.0,388.0,388.0,398.0
3900.0,909.0,887.0,932.0,402.0,379.0,391.0
3817.0,897.0,879.0,889.0,392.0,371.0,389.0
3967.0,919.0,911.0,948.0,410.0,389.0,390.0
4026.0,951.0,911.0,945.0,397.0,417.0,405.0
4032.0,967.0,900.0,952.0,420.0,394.0,399.0
3893.0,938.0,893.0,905.0,385.0,381.0,391.0
3912.0,892.0,944.0,903.0,385.0,404.0,384.0
3949.0,925.0,926.0,942.0,392.0,394.0,370.0
4052.0,969.0,967.0,930.0,408.0,377.0,401.0
4038.0,943.0,980.0,962.0,384.0,382.0,387.0
3870.0,930.0,919.0,891.0,387.0,360.0,383.0
3865.0,919.0,911.0,897.0,376.0,374.0,388.0
3935.0,899.0,955.0,932.0,387.0,376.0,386.0
3819.0,910.0,901.0,899.0,364.0,357.0,388.0
3830.0,864.0,892.0,927.0,376.0,390.0,381.0
3858.0,905.0,882.0,932.0,384.0,380.0,375.0
4015.0,918.0,934.0,996.0,388.0,384.0,395.0
3843.0,850.0,922.0,951.0,375.0,367.0,378.0
3778.0,865.0,902.0,893.0,359.0,373.0,386.0
3769.0,886.0,887.0,888.0,349.0,359.0,400.0
3734.0,852.0,873.0,887.0,368.0,370.0,384.0
3875.0,864.0,910.0,925.0,386.0,391.0,399.0
3866.0,886.0,920.0,894.0,376.0,387.0,403.0
3761.0,861.0,858.0,876.0,389.0,380.0,397.0
3901.0,882.0,904.0,926.0,390.0,399.0,400.0
3947.0,913.0,955.0,908.0,381.0,372.0,418.0
4146.0,968.0,971.0,960.0,412.0,411.0,424.0
3998.0,925.0,953.0,942.0,386.0,398.0,394.0
3982.0,966.0,889.0,901.0,397.0,408.0,421.0
3953.0,937.0,914.0,925.0,384.0,383.0,410.0
4066.0,965.0,943.0,936.0,401.0,398.0,423.0
4140.0,985.0,942.0,965.0,405.0,414.0,429.0
4219.0,1022.0,966.0,953.0,416.0,443.0,419.0
4149.0,1006.0,959.0,937.0,408.0,406.0,433.0
4102.0,963.0,954.0,929.0,414.0,412.0,430.0
4249.0,1014.0,984.0,956.0,411.0,457.0,427.0
4104.0,980.0,910.0,945.0,425.0,422.0,422.0
4163.0,980.0,967.0,947.0,415.0,434.0,420.0
4231.0,992.0,961.0,972.0,442.0,434.0,430.0
4151.0,964.0,959.0,941.0,424.0,436.0,427.0
4116.0,955.0,978.0,934.0,409.0,422.0,418.0
4197.0,970.0,979.0,959.0,423.0,435.0,431.0
4195.0,945.0,951.0,1019.0,416.0,442.0,422.0
4206.0,942.0,968.0,1000.0,424.0,430.0,442.0
4144.0,948.0,970.0,951.0,436.0,421.0,418.0
4226.0,970.0,984.0,981.0,434.0,422.0,435.0
4211.0,985.0,1009.0,959.0,429.0,433.0,396.0
4182.0,961.0,997.0,966.0,436.0,410.0,412.0
4163.0,949.0,1007.0,936.0,439.0,413.0,419.0
4095.0,957.0,969.0,919.0,430.0,407.0,413.0
4016.0,925.0,938.0,927.0,415.0,410.0,401.0
4238.0,955.0,1034.0,982.0,437.0,426.0,404.0
4043.0,926.0,955.0,914.0,408.0,417.0,423.0
4165.0,979.0,994.0,958.0,419.0,419.0,396.0
4068.0,910.0,989.0,950.0,421.0,394.0,404.0
4096.0,966.0,969.0,954.0,406.0,403.0,398.0
4009.0,954.0,939.0,951.0,387.0,403.0,375.0
4020.0,939.0,956.0,949.0,402.0,397.0,377.0
4212.0,972.0,1002.0,977.0,429.0,422.0,410.0
4207.0,986.0,957.0,1003.0,429.0,414.0,418.0
4113.0,981.0,923.0,983.0,404.0,426.0,396.0
4030.0,958.0,947.0,937.0,400.0,392.0,396.0
3963.0,941.0,922.0,901.0,400.0,404.0,395.0
4097.0,990.0,907.0,973.0,410.0,403.0,414.0
3848.0,923.0,901.0,885.0,375.0,386.0,378.0
3894.0,906.0,878.0,950.0,381.0,403.0,376.0
3967.0,927.0,908.0,974.0,376.0,398.0,384.0
3921.0,931.0,883.0,964.0,390.0,381.0,372.0
3822.0,908.0,879.0,908.0,384.0,377.0,366.0
4109.0,958.0,945.0,993.0,402.0,407.0,404.0
3889.0,921.0,882.0,917.0,401.0,378.0,390.0
4080.0,955.0,956.0,956.0,402.0,402.0,409.0
4055.0,921.0,954.0,984.0,405.0,405.0,386.0
4050.0,908.0,953.0,953.0,408.0,398.0,430.0
3813.0,856.0,915.0,905.0,376.0,387.0,374.0
3996.0,952.0,946.0,943.0,387.0,376.0,392.0
3987.0,914.0,948.0,932.0,389.0,397.0,407.0
4120.0,954.0,969.0,970.0,411.0,410.0,406.0
4105.0,960.0,956.0,1007.0,398.0,390.0,394.0
4198.0,1002.0,991.0,964.0,411.0,422.0,408.0
4054.0,935.0,968.0,947.0,414.0,392.0,398.0
4154.0,988.0,950.0,975.0,411.0,415.0,415.0
4240.0,1027.0,1010.0,960.0,420.0,409.0,414.0
4218.0,1021.0,972.0,974.0,421.0,407.0,423.0
4352.0,1036.0,1058.0,999.0,419.0,429.0,411.0
4314.0,1018.0,1063.0,973.0,432.0,402.0,426.0
4360.0,1068.0,1046.0,987.0,421.0,425.0,413.0
4252.0,984.0,999.0,1002.0,423.0,436.0,408.0
4258.0,1029.0,1014.0,962.0,431.0,388.0,434.0
4249.0,1025.0,998.0,948.0,426.0,416.0,436.0
4296.0,1030.0,1010.0,953.0,435.0,439.0,429.0
4301.0,1018.0,1005.0,1003.0,430.0,422.0,423.0
4387.0,1031.0,1039.0,1001.0,449.0,436.0,431.0
4319.0,1024.0,1023.0,976.0,442.0,430.0,424.0
4259.0,972.0,1014.0,972.0,451.0,429.0,421.0
4093.0,921.0,974.0,959.0,420.0,425.0,394.0
4262.0,984.0,977.0,1001.0,440.0,439.0,421.0
4473.0,1003.0,1044.0,1041.0,473.0,458.0,454.0
4412.0,1007.0,1041.0,1040.0,445.0,436.0,443.0
4335.0,1017.0,981.0,1056.0,427.0,425.0,429.0
4154.0,931.0,960.0,1001.0,424.0,411.0,427.0
4372.0,1018.0,989.0,1036.0,446.0,436.0,447.0
4167.0,959.0,929.0,1008.0,421.0,441.0,409.0
4230.0,1012.0,949.0,999.0,428.0,426.0,416.0
4170.0,944.0,978.0,972.0,438.0,421.0,417.0
4138.0,955.0,939.0,1002.0,419.0,407.0,416.0
4191.0,960.0,949.0,1014.0,419.0,427.0,422.0
4082.0,980.0,926.0,954.0,402.0,398.0,422.0
4197.0,966.0,920.0,1000.0,437.0,435.0,439.0
4128.0,1009.0,874.0,974.0,437.0,414.0,420.0
4043.0,984.0,882.0,966.0,396.0,418.0,397.0
4111.0,992.0,925.0,978.0,388.0,418.0,410.0
4186.0,989.0,931.0,1008.0,412.0,425.0,421.0
4012.0,927.0,913.0,925.0,412.0,428.0,407.0
4081.0,960.0,896.0,991.0,414.0,409.0,411.0
4292.0,978.0,1001.0,1006.0,444.0,433.0,430.0
4081.0,941.0,967.0,941.0,396.0,410.0,426.0
4146.0,965.0,994.0,944.0,405.0,410.0,428.0
4052.0,931.0,962.0,946.0,394.0,412.0,407.0
4063.0,956.0,939.0,956.0,406.0,410.0,396.0
4084.0,932.0,974.0,953.0,410.0,402.0,413.0
3996.0,899.0,926.0,937.0,420.0,400.0,414.0
4072.0,919.0,1000.0,910.0,417.0,414.0,412.0
4241.0,944.0,1032.0,976.0,424.0,440.0,425.0
4127.0,939.0,970.0,941.0,415.0,434.0,428.0
4081.0,956.0,978.0,932.0,403.0,417.0,395.0
4152.0,961.0,997.0,928.0,413.0,431.0,422.0
4164.0,963.0,995.0,954.0,394.0,435.0,423.0
4123.0,932.0,1030.0,927.0,415.0,404.0,415.0
4251.0,1024.0,999.0,956.0,411.0,427.0,434.0
4297.0,1007.0,996.0,992.0,435.0,441.0,426.0
4394.0,1074.0,1002.0,1009.0,441.0,430.0,438.0
4133.0,955.0,996.0,963.0,396.0,413.0,410.0
4144.0,984.0,950.0,963.0,396.0,444.0,407.0
4242.0,1064.0,992.0,910.0,415.0,425.0,436.0
4250.0,1009.0,971.0,992.0,422.0,418.0,438.0
4283.0,1034.0,1005.0,973.0,416.0,424.0,431.0
4196.0,1010.0,978.0,971.0,415.0,404.0,418.0
4356.0,1023.0,1024.0,1020.0,423.0,436.0,430.0
4493.0,1107.0,987.0,1058.0,449.0,461.0,431.0
4353.0,1026.0,975.0,1064.0,428.0,436.0,424.0
4343.0,1051.0,989.0,1022.0,426.0,433.0,422.0
4280.0,1041.0,972.0,1014.0,418.0,419.0,416.0
4471.0,1021.0,1042.0,1088.0,442.0,434.0,444.0
4220.0,965.0,982.0,999.0,415.0,430.0,429.0
4164.0,946.0,971.0,1009.0,416.0,412.0,410.0
4370.0,1000.0,1003.0,1073.0,440.0,426.0,428.0
4351.0,1013.0,1038.0,1030.0,424.0,425.0,421.0
4192.0,987.0,938.0,1013.0,422.0,412.0,420.0
4246.0,978.0,991.0,1002.0,425.0,430.0,420.0
4296.0,997.0,987.0,1026.0,433.0,423.0,430.0
4341.0,1020.0,984.0,1071.0,424.0,426.0,416.0
4491.0,1026.0,1075.0,1081.0,440.0,441.0,428.0
4386.0,1007.0,1052.0,1017.0,446.0,436.0,428.0
4383.0,988.0,1048.0,1043.0,452.0,436.0,416.0
4307.0,1012.0,1001.0,1013.0,445.0,419.0,417.0
4409.0,1022.0,1051.0,1009.0,451.0,436.0,440.0
4349.0,995.0,1041.0,1035.0,440.0,417.0,421.0
4264.0,994.0,1022.0,1002.0,425.0,413.0,408.0
4409.0,1035.0,1034.0,1043.0,445.0,413.0,439.0
4422.0,1057.0,1049.0,1024.0,428.0,445.0,419.0
4188.0,972.0,1004.0,988.0,418.0,398.0,408.0
4269.0,959.0,1033.0,1024.0,430.0,418.0,405.0
4251.0,1016.0,1025.0,975.0,421.0,417.0,397.0
4296.0,992.0,1001.0,1021.0,431.0,431.0,420.0
4311.0,1037.0,1028.0,936.0,449.0,427.0,434.0
4120.0,971.0,946.0,962.0,415.0,411.0,415.0
4264.0,1042.0,951.0,997.0,428.0,431.0,415.0
4202.0,974.0,989.0,970.0,420.0,428.0,421.0
4220.0,990.0,946.0,992.0,434.0,430.0,428.0
4021.0,921.0,951.0,906.0,418.0,421.0,404.0
4079.0,910.0,954.0,943.0,421.0,430.0,421.0
4273.0,991.0,988.0,998.0,442.0,427.0,427.0
4293.0,992.0,1015.0,981.0,439.0,429.0,437.0
4038.0,962.0,975.0,875.0,408.0,407.0,411.0
4154.0,956.0,967.0,949.0,418.0,429.0,435.0
4202.0,946.0,987.0,994.0,420.0,423.0,432.0
4001.0,910.0,939.0,909.0,406.0,422.0,415.0
4345.0,999.0,996.0,1041.0,443.0,446.0,420.0
4174.0,985.0,944.0,945.0,423.0,434.0,443.0
4203.0,950.0,983.0,975.0,418.0,443.0,434.0
4149.0,960.0,970.0,972.0,418.0,421.0,408.0
4201.0,974.0,960.0,972.0,421.0,435.0,439.0
4213.0,959.0,1011.0,973.0,424.0,434.0,412.0
4474.0,1055.0,1025.0,1035.0,451.0,457.0,451.0
4375.0,1054.0,988.0,980.0,451.0,456.0,446.0
4459.0,1044.0,1028.0,1037.0,436.0,452.0,462.0
4417.0,1016.0,1033.0,1016.0,429.0,458.0,465.0
4460.0,1062.0,1065.0,1011.0,418.0,461.0,443.0
4603.0,1099.0,1051.0,1077.0,442.0,467.0,467.0
4563.0,1107.0,1073.0,1049.0,427.0,455.0,452.0
4506.0,1055.0,1051.0,1061.0,444.0,443.0,452.0
4624.0,1076.0,1075.0,1076.0,458.0,455.0,484.0
4508.0,1026.0,1069.0,1026.0,445.0,475.0,467.0
4626.0,1038.0,1113.0,1101.0,442.0,464.0,468.0
4512.0,1061.0,1039.0,1066.0,451.0,442.0,453.0
4588.0,1067.0,1112.0,1073.0,441.0,443.0,452.0
4485.0,1045.0,1051.0,1048.0,442.0,447.0,452.0
4539.0,1025.0,1081.0,1102.0,427.0,443.0,461.0
4503.0,1001.0,1059.0,1068.0,451.0,455.0,469.0
4507.0,1001.0,1090.0,1076.0,448.0,444.0,448.0
4537.0,1014.0,1062.0,1114.0,442.0,447.0,458.0
4462.0,1018.0,1029.0,1079.0,432.0,448.0,456.0
4410.0,1043.0,1006.0,1056.0,437.0,418.0,450.0
4354.0,980.0,1028.0,1038.0,445.0,423.0,440.0
4456.0,1072.0,1030.0,1024.0,425.0,451.0,454.0
4423.0,1015.0,1019.0,1058.0,449.0,440.0,442.0
4515.0,1039.0,1056.0,1096.0,441.0,427.0,456.0
4386.0,1029.0,1008.0,1032.0,438.0,443.0,436.0
4409.0,1018.0,998.0,1074.0,440.0,444.0,435.0
4432.0,1008.0,1019.0,1049.0,454.0,451.0,451.0
4371.0,1026.0,984.0,1030.0,442.0,441.0,448.0
4406.0,1078.0,998.0,1014.0,450.0,435.0,431.0
4352.0,1011.0,980.0,1033.0,451.0,433.0,444.0
4300.0,981.0,1015.0,1023.0,427.0,420.0,434.0
4373.0,1036.0,1026.0,1022.0,431.0,415.0,443.0
4274.0,1015.0,982.0,1002.0,437.0,412.0,426.0
4156.0,971.0,984.0,965.0,418.0,407.0,411.0
4199.0,988.0,983.0,980.0,425.0,406.0,417.0
4107.0,981.0,957.0,940.0,414.0,405.0,410.0
4359.0,1017.0,1002.0,1014.0,455.0,425.0,446.0
4284.0,1017.0,994.0,990.0,452.0,426.0,405.0
4252.0,1007.0,1022.0,957.0,437.0,407.0,422.0
4396.0,1029.0,1045.0,970.0,469.0,428.0,455.0
4184.0,978.0,973.0,967.0,433.0,424.0,409.0
4305.0,1035.0,995.0,1003.0,433.0,416.0,423.0
4304.0,1013.0,994.0,988.0,455.0,425.0,429.0
4310.0,945.0,1043.0,1001.0,448.0,437.0,436.0
4269.0,975.0,1031.0,981.0,441.0,419.0,422.0
4298.0,959.0,1039.0,1013.0,446.0,426.0,415.0
4273.0,983.0,1018.0,980.0,429.0,427.0,436.0
4350.0,1017.0,1044.0,985.0,442.0,435.0,427.0
4337.0,988.0,1046.0,1016.0,426.0,434.0,427.0
4471.0,1037.0,1033.0,1045.0,445.0,461.0,450.0
4384.0,1050.0,1024.0,1023.0,437.0,427.0,423.0
4661.0,1054.0,1083.0,1118.0,458.0,481.0,467.0
4684.0,1090.0,1094.0,1113.0,453.0,478.0,456.0
4609.0,1096.0,1085.0,1068.0,445.0,471.0,444.0
4455.0,1052.0,1034.0,1039.0,446.0,446.0,438.0
4401.0,1017.0,1034.0,1057.0,428.0,443.0,422.0
4582.0,1092.0,1018.0,1081.0,453.0,478.0,460.0
4523.0,1088.0,1054.0,1052.0,436.0,456.0,437.0
4674.0,1109.0,1060.0,1126.0,453.0,464.0,462.0
4497.0,1065.0,1070.0,1038.0,445.0,437.0,442.0
4633.0,1103.0,1035.0,1118.0,449.0,465.0,463.0
4520.0,1089.0,1031.0,1046.0,447.0,450.0,457.0
4504.0,1048.0,1030.0,1078.0,445.0,457.0,446.0
4668.0,1078.0,1088.0,1104.0,447.0,475.0,476.0
4530.0,1069.0,1008.0,1092.0,443.0,472.0,446.0
4473.0,992.0,1047.0,1046.0,452.0,468.0,468.0
4554.0,1064.0,1060.0,1055.0,453.0,451.0,471.0
4630.0,1068.0,1058.0,1108.0,446.0,481.0,469.0
4640.0,1059.0,1047.0,1115.0,466.0,468.0,485.0
4478.0,1020.0,1034.0,1046.0,442.0,465.0,471.0
4592.0,1047.0,1050.0,1084.0,475.0,460.0,476.0
4485.0,1037.0,1024.0,1088.0,429.0,461.0,446.0
4444.0,1013.0,1009.0,1057.0,453.0,471.0,441.0
4405.0,1039.0,1034.0,1007.0,431.0,443.0,451.0
4562.0,1057.0,1059.0,1095.0,428.0,459.0,464.0
4447.0,1010.0,1054.0,1049.0,424.0,455.0,455.0
4585.0,1055.0,1089.0,1077.0,439.0,460.0,465.0
4423.0,1041.0,1021.0,1037.0,428.0,440.0,456.0
4500.0,1063.0,1035.0,1034.0,459.0,461.0,448.0
4466.0,1047.0,1071.0,1015.0,451.0,433.0,449.0
4363.0,1034.0,986.0,1007.0,450.0,437.0,449.0
4386.0,1037.0,1060.0,978.0,423.0,438.0,450.0
4531.0,1062.0,1096.0,1027.0,448.0,442.0,456.0
4408.0,1063.0,1044.0,971.0,437.0,435.0,458.0
4450.0,1023.0,1057.0,1031.0,451.0,441.0,447.0
4658.0,1085.0,1141.0,1075.0,452.0,438.0,467.0
4228.0,974.0,999.0,978.0,435.0,420.0,422.0
4448.0,1042.0,1064.0,1019.0,453.0,418.0,452.0
4382.0,1029.0,1046.0,978.0,439.0,443.0,447.0
4269.0,999.0,1000.0,1000.0,419.0,417.0,434.0
4366.0,968.0,1052.0,1000.0,458.0,441.0,447.0
4314.0,1039.0,1039.0,937.0,420.0,439.0,440.0
4251.0,1015.0,1002.0,947.0,436.0,408.0,443.0
4344.0,1001.0,1048.0,994.0,439.0,424.0,438.0
4364.0,1019.0,1017.0,994.0,453.0,437.0,444.0
4519.0,1009.0,1047.0,1071.0,478.0,463.0,451.0
4367.0,1010.0,1021.0,1018.0,444.0,441.0,433.0
4573.0,1062.0,1079.0,1054.0,475.0,441.0,462.0
4385.0,991.0,1054.0,992.0,454.0,449.0,445.0
4647.0,1108.0,1072.0,1090.0,483.0,436.0,458.0
4424.0,1016.0,1015.0,1029.0,465.0,439.0,460.0
4589.0,1078.0,1075.0,1070.0,466.0,438.0,462.0
4460.0,1041.0,1004.0,1051.0,466.0,437.0,461.0
4499.0,1063.0,1014.0,1065.0,452.0,455.0,450.0
4602.0,1054.0,1078.0,1108.0,448.0,450.0,464.0
4517.0,1049.0,1049.0,1034.0,472.0,446.0,467.0
4600.0,1072.0,1077.0,1093.0,459.0,441.0,458.0
4548.0,1053.0,1066.0,1061.0,465.0,439.0,464.0
4681.0,1104.0,1070.0,1117.0,470.0,452.0,468.0
4760.0,1145.0,1065.0,1124.0,488.0,462.0,476.0
4662.0,1084.0,1048.0,1136.0,474.0,467.0,453.0
4714.0,1085.0,1096.0,1126.0,465.0,476.0,466.0
4747.0,1117.0,1107.0,1121.0,463.0,470.0,469.0
4662.0,1087.0,1138.0,1062.0,455.0,453.0,467.0
4612.0,1072.0,1085.0,1102.0,462.0,452.0,439.0
4782.0,1115.0,1137.0,1114.0,471.0,488.0,457.0
4684.0,1058.0,1133.0,1118.0,450.0,471.0,454.0
4864.0,1114.0,1147.0,1171.0,470.0,486.0,476.0
4816.0,1096.0,1177.0,1128.0,479.0,467.0,469.0
4800.0,1105.0,1172.0,1114.0,469.0,495.0,445.0
4501.0,1049.0,1075.0,1035.0,438.0,459.0,445.0
4684.0,1095.0,1087.0,1093.0,452.0,495.0,462.0
4694.0,1096.0,1115.0,1062.0,468.0,486.0,467.0
4856.0,1101.0,1169.0,1115.0,489.0,508.0,474.0
4494.0,1019.0,1074.0,1053.0,436.0,464.0,448.0
4544.0,1025.0,1122.0,1057.0,430.0,465.0,445.0
4583.0,1022.0,1109.0,1065.0,453.0,482.0,452.0
4683.0,1067.0,1113.0,1062.0,468.0,503.0,470.0
4487.0,1032.0,1064.0,1042.0,446.0,455.0,448.0
4597.0,1077.0,1079.0,1054.0,453.0,474.0,460.0
4495.0,1021.0,1057.0,1052.0,452.0,463.0,450.0
4580.0,1101.0,1056.0,1080.0,454.0,447.0,442.0
4405.0,1061.0,1030.0,985.0,444.0,444.0,441.0
4540.0,1121.0,1039.0,992.0,463.0,472.0,453.0
4420.0,1054.0,1021.0,1016.0,428.0,454.0,447.0
4625.0,1114.0,1049.0,1063.0,462.0,480.0,457.0
4489.0,1062.0,1003.0,1056.0,443.0,463.0,462.0
4600.0,1123.0,1048.0,1053.0,466.0,462.0,448.0
4366.0,1037.0,965.0,1025.0,447.0,446.0,446.0
4369.0,1039.0,982.0,1011.0,444.0,443.0,450.0
4474.0,1074.0,997.0,1063.0,447.0,440.0,453.0
4492.0,1105.0,987.0,1028.0,452.0,467.0,453.0
4514.0,1047.0,1026.0,1060.0,459.0,462.0,460.0
4528.0,1034.0,1050.0,1077.0,450.0,460.0,457.0
4373.0,979.0,1023.0,1036.0,449.0,440.0,446.0
4350.0,1041.0,978.0,1019.0,420.0,446.0,446.0
4477.0,1040.0,1060.0,1036.0,450.0,437.0,454.0
4402.0,970.0,1037.0,1063.0,450.0,447.0,435.0
4593.0,1071.0,1041.0,1103.0,472.0,448.0,458.0
4619.0,1063.0,1088.0,1091.0,461.0,448.0,468.0
4620.0,1047.0,1079.0,1094.0,473.0,468.0,459.0
4636.0,1032.0,1070.0,1121.0,478.0,460.0,475.0
4700.0,1081.0,1082.0,1128.0,485.0,462.0,462.0
4582.0,1061.0,1067.0,1062.0,470.0,468.0,454.0
4595.0,1069.0,1061.0,1086.0,464.0,446.0,469.0
4758.0,1114.0,1106.0,1130.0,471.0,469.0,468.0
4885.0,1147.0,1122.0,1151.0,481.0,472.0,512.0
4722.0,1109.0,1093.0,1122.0,476.0,453.0,469.0
4822.0,1126.0,1131.0,1132.0,472.0,470.0,491.0
4574.0,1043.0,1067.0,1094.0,451.0,451.0,468.0
4804.0,1111.0,1105.0,1158.0,485.0,461.0,484.0
4793.0,1137.0,1095.0,1142.0,463.0,485.0,471.0
4919.0,1162.0,1162.0,1134.0,486.0,481.0,494.0
4743.0,1111.0,1129.0,1119.0,467.0,453.0,464.0
4814.0,1150.0,1123.0,1117.0,478.0,460.0,486.0
4855.0,1142.0,1139.0,1129.0,479.0,475.0,491.0
4768.0,1138.0,1111.0,1079.0,478.0,475.0,487.0
4803.0,1106.0,1129.0,1131.0,492.0,459.0,486.0
4827.0,1134.0,1130.0,1108.0,480.0,455.0,520.0
4803.0,1132.0,1164.0,1104.0,461.0,459.0,483.0
4803.0,1098.0,1109.0,1131.0,477.0,502.0,486.0
4784.0,1140.0,1095.0,1121.0,475.0,468.0,485.0
4794.0,1139.0,1128.0,1083.0,469.0,485.0,490.0
4888.0,1148.0,1144.0,1144.0,487.0,477.0,488.0
4719.0,1096.0,1092.0,1100.0,469.0,490.0,472.0
4611.0,1050.0,1064.0,1103.0,471.0,447.0,476.0
4641.0,1066.0,1080.0,1109.0,459.0,454.0,473.0
4745.0,1121.0,1109.0,1095.0,463.0,474.0,483.0
4644.0,1082.0,1080.0,1094.0,460.0,460.0,468.0
4654.0,1092.0,1107.0,1060.0,458.0,463.0,474.0
4522.0,1071.0,1069.0,1028.0,449.0,455.0,450.0
4598.0,1069.0,1096.0,1055.0,453.0,444.0,481.0
4718.0,1121.0,1109.0,1095.0,453.0,470.0,470.0
4665.0,1123.0,1041.0,1081.0,461.0,475.0,484.0
4496.0,1052.0,1033.0,1052.0,452.0,443.0,464.0
4657.0,1117.0,1082.0,1065.0,450.0,459.0,484.0
4750.0,1138.0,1118.0,1062.0,470.0,493.0,469.0
4570.0,1088.0,1072.0,1065.0,447.0,449.0,449.0
4480.0,1069.0,1040.0,1034.0,436.0,450.0,451.0
4683.0,1089.0,1119.0,1089.0,466.0,453.0,467.0
4564.0,1108.0,1053.0,1057.0,447.0,465.0,434.0
4446.0,1020.0,1060.0,1033.0,451.0,442.0,440.0
4611.0,1052.0,1111.0,1062.0,462.0,468.0,456.0
4703.0,1104.0,1111.0,1096.0,468.0,472.0,452.0
4709.0,1100.0,1124.0,1100.0,464.0,466.0,455.0
4628.0,1045.0,1139.0,1055.0,471.0,467.0,451.0
4542.0,1034.0,1083.0,1062.0,470.0,452.0,441.0
4568.0,1041.0,1064.0,1098.0,452.0,470.0,443.0
4617.0,1040.0,1065.0,1129.0,460.0,479.0,444.0
4636.0,1066.0,1076.0,1116.0,470.0,463.0,445.0
4613.0,1040.0,1108.0,1078.0,474.0,474.0,439.0
4567.0,1059.0,1067.0,1074.0,470.0,461.0,436.0
4706.0,1097.0,1110.0,1092.0,467.0,478.0,462.0
4732.0,1087.0,1089.0,1115.0,478.0,484.0,479.0
4696.0,1074.0,1080.0,1105.0,491.0,481.0,465.0
4710.0,1078.0,1085.0,1138.0,490.0,476.0,443.0
4781.0,1107.0,1111.0,1120.0,483.0,496.0,464.0
4940.0,1135.0,1131.0,1160.0,522.0,504.0,488.0
4802.0,1141.0,1105.0,1147.0,468.0,483.0,458.0
4677.0,1062.0,1085.0,1102.0,489.0,476.0,463.0
4918.0,1180.0,1153.0,1111.0,492.0,491.0,491.0
4766.0,1079.0,1125.0,1136.0,485.0,478.0,463.0
4677.0,1108.0,1075.0,1107.0,476.0,465.0,446.0
4825.0,1129.0,1129.0,1122.0,479.0,503.0,463.0
4899.0,1178.0,1122.0,1128.0,507.0,480.0,484.0
4895.0,1149.0,1111.0,1149.0,516.0,481.0,489.0
4817.0,1129.0,1137.0,1089.0,510.0,481.0,471.0
4930.0,1162.0,1105.0,1180.0,496.0,497.0,490.0
5103.0,1166.0,1220.0,1197.0,512.0,504.0,504.0
4786.0,1097.0,1113.0,1105.0,500.0,480.0,491.0
4812.0,1151.0,1123.0,1089.0,470.0,486.0,493.0
4835.0,1099.0,1148.0,1105.0,495.0,489.0,499.0
4977.0,1174.0,1149.0,1162.0,501.0,496.0,495.0
4888.0,1132.0,1112.0,1151.0,502.0,473.0,518.0
4951.0,1142.0,1183.0,1149.0,492.0,500.0,485.0
4787.0,1100.0,1126.0,1103.0,483.0,482.0,493.0
4764.0,1087.0,1116.0,1121.0,477.0,473.0,490.0
4806.0,1135.0,1145.0,1103.0,468.0,471.0,484.0
4838.0,1107.0,1168.0,1097.0,485.0,490.0,491.0
4759.0,1071.0,1170.0,1079.0,471.0,476.0,492.0
4790.0,1108.0,1152.0,1078.0,508.0,466.0,478.0
4783.0,1076.0,1178.0,1103.0,471.0,475.0,480.0
4786.0,1105.0,1160.0,1101.0,472.0,475.0,473.0
4804.0,1131.0,1119.0,1123.0,476.0,479.0,476.0
4884.0,1163.0,1133.0,1134.0,474.0,483.0,497.0
4787.0,1118.0,1145.0,1106.0,458.0,459.0,501.0
4698.0,1108.0,1112.0,1073.0,473.0,470.0,462.0
4646.0,1090.0,1097.0,1085.0,447.0,455.0,472.0
4714.0,1105.0,1120.0,1064.0,471.0,469.0,485.0
4735.0,1136.0,1115.0,1085.0,472.0,458.0,469.0
4641.0,1105.0,1079.0,1055.0,470.0,458.0,474.0
4668.0,1106.0,1069.0,1129.0,450.0,446.0,468.0
4735.0,1109.0,1109.0,1093.0,474.0,470.0,480.0
4585.0,1049.0,1080.0,1097.0,448.0,447.0,464.0
4833.0,1156.0,1103.0,1137.0,473.0,467.0,497.0
4690.0,1114.0,1065.0,1122.0,445.0,455.0,489.0
4513.0,1022.0,1049.0,1064.0,461.0,461.0,456.0
4661.0,1097.0,1058.0,1081.0,476.0,460.0,489.0
4655.0,1058.0,1055.0,1110.0,466.0,477.0,489.0
4601.0,1047.0,1084.0,1102.0,434.0,472.0,462.0
4771.0,1062.0,1121.0,1149.0,478.0,483.0,478.0
4800.0,1113.0,1107.0,1147.0,480.0,470.0,483.0
4660.0,1052.0,1055.0,1112.0,483.0,482.0,476.0
4757.0,1069.0,1094.0,1133.0,477.0,490.0,494.0
4666.0,1047.0,1066.0,1136.0,469.0,478.0,470.0
4813.0,1111.0,1133.0,1119.0,478.0,494.0,478.0
4808.0,1089.0,1134.0,1121.0,499.0,474.0,491.0
4814.0,1089.0,1123.0,1133.0,500.0,487.0,482.0
4730.0,1131.0,1065.0,1107.0,478.0,481.0,468.0
4788.0,1138.0,1100.0,1127.0,481.0,470.0,472.0
4861.0,1121.0,1111.0,1155.0,499.0,489.0,486.0
4994.0,1184.0,1171.0,1147.0,497.0,500.0,495.0
5100.0,1185.0,1177.0,1162.0,548.0,513.0,515.0
4888.0,1150.0,1176.0,1101.0,495.0,474.0,492.0
4924.0,1201.0,1116.0,1107.0,503.0,508.0,489.0
4930.0,1155.0,1144.0,1143.0,488.0,517.0,483.0
5126.0,1239.0,1190.0,1164.0,520.0,529.0,484.0
4906.0,1166.0,1158.0,1091.0,503.0,508.0,480.0
5066.0,1193.0,1196.0,1174.0,508.0,508.0,487.0
5191.0,1251.0,1224.0,1148.0,525.0,531.0,512.0
5103.0,1190.0,1234.0,1178.0,510.0,505.0,486.0
4923.0,1130.0,1186.0,1125.0,496.0,515.0,471.0
5003.0,1172.0,1139.0,1154.0,517.0,524.0,497.0
4994.0,1139.0,1180.0,1142.0,526.0,497.0,510.0
4795.0,1094.0,1139.0,1096.0,482.0,494.0,490.0
4968.0,1134.0,1195.0,1142.0,503.0,491.0,503.0
4860.0,1131.0,1137.0,1132.0,488.0,487.0,485.0
5005.0,1138.0,1207.0,1157.0,491.0,523.0,489.0
4843.0,1111.0,1125.0,1121.0,497.0,507.0,482.0
5023.0,1163.0,1132.0,1181.0,515.0,520.0,512.0
4782.0,1117.0,1128.0,1113.0,487.0,470.0,467.0
4840.0,1112.0,1155.0,1118.0,491.0,484.0,480.0
4850.0,1104.0,1114.0,1148.0,501.0,491.0,492.0
4847.0,1099.0,1147.0,1137.0,480.0,501.0,483.0
4852.0,1133.0,1128.0,1138.0,480.0,498.0,475.0
4929.0,1156.0,1161.0,1149.0,505.0,485.0,473.0
4797.0,1137.0,1110.0,1135.0,474.0,483.0,458.0
4805.0,1138.0,1096.0,1144.0,463.0,473.0,491.0
4996.0,1176.0,1149.0,1183.0,486.0,505.0,497.0
4856.0,1143.0,1139.0,1127.0,485.0,474.0,488.0
4771.0,1153.0,1094.0,1115.0,479.0,451.0,479.0
4736.0,1100.0,1089.0,1129.0,460.0,484.0,474.0
4718.0,1134.0,1097.0,1101.0,455.0,461.0,470.0
4804.0,1097.0,1122.0,1153.0,490.0,477.0,465.0
4918.0,1162.0,1179.0,1145.0,468.0,482.0,482.0
4804.0,1122.0,1113.0,1154.0,469.0,470.0,476.0
4819.0,1103.0,1140.0,1156.0,464.0,465.0,491.0
4760.0,1131.0,1097.0,1129.0,469.0,454.0,480.0
4801.0,1088.0,1131.0,1151.0,477.0,473.0,481.0
4770.0,1101.0,1103.0,1143.0,474.0,468.0,481.0
4981.0,1162.0,1191.0,1150.0,489.0,483.0,506.0
4920.0,1102.0,1180.0,1197.0,464.0,485.0,492.0
4754.0,1074.0,1129.0,1162.0,459.0,469.0,461.0
4689.0,1070.0,1100.0,1103.0,476.0,458.0,482.0
4907.0,1127.0,1201.0,1141.0,480.0,467.0,491.0
4831.0,1059.0,1182.0,1165.0,478.0,471.0,476.0
4838.0,1135.0,1124.0,1143.0,471.0,481.0,484.0
4803.0,1100.0,1126.0,1119.0,497.0,478.0,483.0
4652.0,1075.0,1098.0,1078.0,465.0,459.0,477.0
4810.0,1092.0,1122.0,1127.0,498.0,469.0,502.0
4874.0,1129.0,1139.0,1143.0,479.0,475.0,509.0
5011.0,1190.0,1170.0,1162.0,487.0,493.0,509.0
4934.0,1165.0,1131.0,1141.0,506.0,499.0,492.0
4961.0,1144.0,1175.0,1146.0,496.0,501.0,499.0
5000.0,1179.0,1166.0,1154.0,507.0,483.0,511.0
5036.0,1205.0,1166.0,1141.0,523.0,507.0,494.0
5065.0,1202.0,1199.0,1159.0,502.0,490.0,513.0
5106.0,1198.0,1194.0,1162.0,534.0,512.0,506.0
5045.0,1206.0,1155.0,1162.0,515.0,490.0,517.0
5220.0,1250.0,1193.0,1175.0,531.0,530.0,541.0
5047.0,1181.0,1175.0,1131.0,507.0,526.0,527.0
5020.0,1163.0,1162.0,1161.0,511.0,491.0,532.0
5284.0,1241.0,1222.0,1195.0,540.0,534.0,552.0
5075.0,1225.0,1130.0,1156.0,524.0,527.0,513.0
5083.0,1172.0,1159.0,1214.0,519.0,505.0,514.0
5096.0,1178.0,1157.0,1195.0,531.0,521.0,514.0
5070.0,1204.0,1162.0,1152.0,519.0,517.0,516.0
5142.0,1219.0,1183.0,1175.0,519.0,535.0,511.0
4942.0,1146.0,1142.0,1141.0,499.0,509.0,505.0
5255.0,1224.0,1182.0,1260.0,550.0,518.0,521.0
4960.0,1157.0,1158.0,1146.0,500.0,503.0,496.0
5131.0,1161.0,1214.0,1203.0,504.0,526.0,523.0
4903.0,1103.0,1122.0,1170.0,493.0,503.0,512.0
5047.0,1146.0,1194.0,1160.0,523.0,517.0,507.0
5252.0,1204.0,1225.0,1233.0,540.0,521.0,529.0
5153.0,1184.0,1221.0,1207.0,515.0,521.0,505.0
4895.0,1121.0,1141.0,1158.0,482.0,489.0,504.0
4866.0,1112.0,1149.0,1153.0,478.0,486.0,488.0
4949.0,1131.0,1194.0,1135.0,499.0,501.0,489.0
5049.0,1142.0,1181.0,1208.0,501.0,509.0,508.0
4991.0,1171.0,1174.0,1157.0,465.0,522.0,502.0
4998.0,1136.0,1167.0,1211.0,486.0,514.0,484.0
4996.0,1182.0,1153.0,1173.0,488.0,501.0,499.0
5019.0,1166.0,1194.0,1177.0,481.0,506.0,495.0
4874.0,1137.0,1151.0,1144.0,478.0,474.0,490.0
5010.0,1219.0,1168.0,1159.0,479.0,504.0,481.0
4976.0,1177.0,1150.0,1153.0,477.0,516.0,503.0
4982.0,1158.0,1167.0,1179.0,494.0,492.0,492.0
5006.0,1172.0,1174.0,1158.0,498.0,518.0,486.0
4779.0,1099.0,1114.0,1161.0,457.0,480.0,468.0
4790.0,1153.0,1088.0,1117.0,476.0,480.0,476.0
5011.0,1177.0,1167.0,1190.0,500.0,487.0,490.0
4890.0,1129.0,1140.0,1162.0,490.0,486.0,483.0
5034.0,1160.0,1171.0,1206.0,486.0,501.0,510.0
4785.0,1097.0,1086.0,1160.0,477.0,488.0,477.0
4831.0,1137.0,1075.0,1177.0,478.0,482.0,482.0
4775.0,1093.0,1130.0,1110.0,484.0,501.0,457.0
4842.0,1124.0,1113.0,1155.0,480.0,484.0,486.0
4941.0,1175.0,1114.0,1165.0,479.0,505.0,503.0
4835.0,1127.0,1102.0,1168.0,476.0,487.0,475.0
4916.0,1139.0,1136.0,1153.0,504.0,502.0,482.0
5018.0,1188.0,1140.0,1174.0,495.0,510.0,511.0
4991.0,1201.0,1160.0,1138.0,492.0,498.0,502.0
4994.0,1197.0,1128.0,1162.0,494.0,510.0,503.0
4958.0,1190.0,1128.0,1169.0,488.0,503.0,480.0
5008.0,1182.0,1131.0,1186.0,499.0,512.0,498.0
5076.0,1218.0,1196.0,1146.0,516.0,507.0,493.0
5165.0,1269.0,1138.0,1211.0,535.0,493.0,519.0
5103.0,1186.0,1216.0,1157.0,526.0,515.0,503.0
5091.0,1217.0,1187.0,1182.0,504.0,500.0,501.0
5169.0,1229.0,1211.0,1192.0,518.0,498.0,521.0
5320.0,1281.0,1242.0,1240.0,527.0,510.0,520.0
5191.0,1234.0,1252.0,1142.0,520.0,515.0,528.0
5182.0,1176.0,1216.0,1229.0,530.0,520.0,511.0
5288.0,1281.0,1247.0,1212.0,533.0,503.0,512.0
5259.0,1196.0,1279.0,1217.0,517.0,515.0,535.0
5349.0,1252.0,1249.0,1226.0,544.0,532.0,546.0
5122.0,1177.0,1201.0,1195.0,527.0,510.0,512.0
5300.0,1223.0,1271.0,1224.0,540.0,527.0,515.0
5251.0,1220.0,1257.0,1210.0,527.0,522.0,515.0
5253.0,1192.0,1238.0,1235.0,544.0,505.0,539.0
5207.0,1201.0,1237.0,1207.0,522.0,510.0,530.0
5201.0,1203.0,1216.0,1208.0,526.0,523.0,525.0
5140.0,1195.0,1209.0,1190.0,517.0,507.0,522.0
5266.0,1190.0,1235.0,1253.0,517.0,529.0,542.0
5080.0,1173.0,1191.0,1187.0,507.0,514.0,508.0
5315.0,1245.0,1203.0,1284.0,526.0,524.0,533.0
5119.0,1177.0,1180.0,1218.0,508.0,519.0,517.0
5114.0,1196.0,1156.0,1202.0,519.0,506.0,535.0
5099.0,1192.0,1174.0,1191.0,511.0,512.0,519.0
5062.0,1193.0,1173.0,1165.0,515.0,499.0,517.0
5144.0,1207.0,1167.0,1199.0,516.0,531.0,524.0
5025.0,1187.0,1182.0,1184.0,498.0,482.0,492.0
5013.0,1191.0,1148.0,1144.0,511.0,511.0,508.0
5075.0,1223.0,1118.0,1226.0,502.0,502.0,504.0
5038.0,1190.0,1139.0,1181.0,487.0,535.0,506.0
4956.0,1175.0,1123.0,1178.0,482.0,499.0,499.0
5058.0,1203.0,1167.0,1165.0,516.0,493.0,514.0
5050.0,1193.0,1155.0,1176.0,495.0,509.0,522.0
4833.0,1128.0,1093.0,1119.0,494.0,501.0,498.0
4979.0,1168.0,1152.0,1163.0,490.0,504.0,502.0
5015.0,1173.0,1145.0,1173.0,489.0,512.0,523.0
4881.0,1109.0,1105.0,1176.0,499.0,502.0,490.0
4918.0,1133.0,1156.0,1159.0,481.0,497.0,492.0
4965.0,1135.0,1160.0,1174.0,485.0,493.0,518.0
4996.0,1116.0,1187.0,1159.0,503.0,515.0,516.0
5087.0,1143.0,1189.0,1222.0,488.0,536.0,509.0
5093.0,1190.0,1243.0,1145.0,492.0,514.0,509.0
5048.0,1129.0,1211.0,1198.0,500.0,510.0,500.0
5071.0,1149.0,1224.0,1171.0,497.0,517.0,513.0
4974.0,1123.0,1158.0,1170.0,508.0,520.0,495.0
4989.0,1189.0,1153.0,1160.0,485.0,496.0,506.0
5179.0,1204.0,1219.0,1204.0,497.0,525.0,530.0
5163.0,1210.0,1254.0,1180.0,514.0,495.0,510.0
5176.0,1195.0,1247.0,1179.0,509.0,529.0,517.0
5235.0,1210.0,1220.0,1241.0,515.0,518.0,531.0
5416.0,1252.0,1309.0,1249.0,525.0,549.0,532.0
5100.0,1191.0,1184.0,1185.0,507.0,513.0,520.0
5207.0,1247.0,1215.0,1201.0,504.0,525.0,515.0
5388.0,1290.0,1251.0,1216.0,539.0,545.0,547.0
5368.0,1281.0,1263.0,1246.0,519.0,523.0,536.0
5281.0,1290.0,1218.0,1234.0,517.0,510.0,512.0
5365.0,1272.0,1261.0,1248.0,513.0,536.0,535.0
5371.0,1284.0,1230.0,1245.0,551.0,528.0,533.0
5413.0,1283.0,1270.0,1260.0,530.0,550.0,520.0
5228.0,1210.0,1220.0,1228.0,541.0,517.0,512.0
5251.0,1246.0,1208.0,1227.0,526.0,521.0,523.0
5324.0,1222.0,1232.0,1269.0,549.0,520.0,532.0
5323.0,1265.0,1229.0,1241.0,554.0,528.0,506.0
5183.0,1201.0,1184.0,1232.0,535.0,530.0,501.0
5487.0,1305.0,1237.0,1322.0,565.0,534.0,524.0
5324.0,1250.0,1240.0,1263.0,541.0,509.0,521.0
5241.0,1197.0,1231.0,1270.0,528.0,508.0,507.0
5225.0,1174.0,1239.0,1273.0,535.0,497.0,507.0
5207.0,1191.0,1189.0,1233.0,521.0,548.0,525.0
5320.0,1237.0,1226.0,1274.0,530.0,524.0,529.0
5271.0,1206.0,1232.0,1255.0,535.0,526.0,517.0
5188.0,1190.0,1194.0,1273.0,512.0,503.0,516.0
5263.0,1214.0,1235.0,1239.0,541.0,527.0,507.0
5305.0,1248.0,1230.0,1254.0,536.0,516.0,521.0
5403.0,1269.0,1280.0,1289.0,524.0,517.0,524.0
5185.0,1205.0,1194.0,1223.0,536.0,525.0,502.0
5228.0,1227.0,1220.0,1244.0,524.0,511.0,502.0
5302.0,1234.0,1278.0,1241.0,528.0,519.0,502.0
5215.0,1200.0,1212.0,1221.0,520.0,535.0,527.0
5032.0,1176.0,1174.0,1195.0,519.0,483.0,485.0
5290.0,1231.0,1227.0,1241.0,536.0,549.0,506.0
5180.0,1233.0,1190.0,1203.0,511.0,523.0,520.0
5104.0,1192.0,1222.0,1174.0,509.0,505.0,502.0
5091.0,1165.0,1250.0,1192.0,505.0,494.0,485.0
5107.0,1206.0,1217.0,1163.0,515.0,493.0,513.0
5121.0,1194.0,1235.0,1168.0,516.0,493.0,515.0
5053.0,1171.0,1177.0,1196.0,512.0,503.0,494.0
5033.0,1164.0,1197.0,1161.0,511.0,489.0,511.0
5126.0,1197.0,1199.0,1184.0,526.0,512.0,508.0
5032.0,1195.0,1153.0,1162.0,490.0,525.0,507.0
5014.0,1167.0,1153.0,1176.0,500.0,503.0,515.0
5165.0,1204.0,1215.0,1206.0,514.0,508.0,518.0
5080.0,1144.0,1189.0,1196.0,514.0,518.0,519.0
5082.0,1156.0,1207.0,1168.0,517.0,520.0,514.0
4980.0,1122.0,1177.0,1135.0,516.0,528.0,502.0
5098.0,1176.0,1201.0,1153.0,489.0,539.0,540.0
4982.0,1169.0,1136.0,1176.0,481.0,506.0,514.0
5247.0,1198.0,1243.0,1206.0,516.0,548.0,536.0
5273.0,1188.0,1228.0,1227.0,527.0,549.0,554.0
5350.0,1256.0,1261.0,1236.0,513.0,544.0,540.0
5310.0,1225.0,1254.0,1229.0,525.0,541.0,536.0
5369.0,1270.0,1251.0,1204.0,528.0,561.0,555.0
5318.0,1239.0,1258.0,1222.0,527.0,542.0,530.0
5242.0,1241.0,1205.0,1215.0,510.0,544.0,527.0
5387.0,1257.0,1224.0,1271.0,528.0,554.0,553.0
5357.0,1275.0,1206.0,1257.0,533.0,542.0,544.0
5356.0,1269.0,1222.0,1253.0,519.0,545.0,548.0
5346.0,1303.0,1223.0,1238.0,502.0,529.0,551.0
5480.0,1302.0,1235.0,1280.0,549.0,549.0,565.0
5451.0,1277.0,1277.0,1269.0,527.0,554.0,547.0
5443.0,1247.0,1281.0,1279.0,555.0,553.0,528.0
5505.0,1284.0,1273.0,1306.0,541.0,546.0,555.0
5585.0,1308.0,1346.0,1297.0,543.0,544.0,547.0
5543.0,1284.0,1286.0,1324.0,545.0,543.0,561.0
5259.0,1255.0,1244.0,1201.0,521.0,512.0,526.0
5514.0,1273.0,1316.0,1302.0,539.0,549.0,535.0
5269.0,1193.0,1269.0,1223.0,535.0,523.0,526.0
5410.0,1226.0,1283.0,1284.0,528.0,545.0,544.0
5480.0,1242.0,1299.0,1277.0,546.0,561.0,555.0
5411.0,1232.0,1283.0,1258.0,551.0,553.0,534.0
5408.0,1227.0,1265.0,1273.0,549.0,539.0,555.0
5335.0,1233.0,1240.0,1248.0,547.0,538.0,529.0
5433.0,1231.0,1258.0,1300.0,554.0,544.0,546.0
5390.0,1225.0,1278.0,1261.0,545.0,534.0,547.0
5430.0,1258.0,1304.0,1274.0,527.0,538.0,529.0
5371.0,1229.0,1258.0,1286.0,544.0,514.0,540.0
5347.0,1241.0,1257.0,1233.0,547.0,530.0,539.0
5481.0,1295.0,1303.0,1291.0,544.0,521.0,527.0
5330.0,1248.0,1234.0,1264.0,536.0,521.0,527.0
5312.0,1246.0,1235.0,1229.0,539.0,523.0,540.0
5248.0,1221.0,1217.0,1218.0,544.0,527.0,521.0
5137.0,1203.0,1205.0,1179.0,516.0,521.0,513.0
5194.0,1275.0,1168.0,1199.0,523.0,513.0,516.0
5263.0,1247.0,1233.0,1203.0,542.0,517.0,521.0
5279.0,1283.0,1216.0,1238.0,519.0,503.0,520.0
5127.0,1226.0,1159.0,1201.0,522.0,516.0,503.0
5098.0,1229.0,1206.0,1153.0,515.0,494.0,501.0
5155.0,1220.0,1185.0,1192.0,531.0,519.0,508.0
5100.0,1228.0,1157.0,1170.0,513.0,525.0,507.0
5088.0,1235.0,1179.0,1132.0,535.0,503.0,504.0
5119.0,1214.0,1200.0,1170.0,507.0,514.0,514.0
5445.0,1292.0,1246.0,1296.0,537.0,511.0,563.0
5255.0,1184.0,1225.0,1248.0,541.0,529.0,528.0
5119.0,1188.0,1194.0,1189.0,529.0,509.0,510.0
5298.0,1255.0,1237.0,1229.0,520.0,534.0,523.0
5204.0,1206.0,1222.0,1213.0,526.0,525.0,512.0
5087.0,1191.0,1213.0,1161.0,505.0,507.0,510.0
5235.0,1201.0,1244.0,1223.0,534.0,509.0,524.0
5232.0,1190.0,1234.0,1250.0,515.0,519.0,524.0
5143.0,1169.0,1242.0,1209.0,510.0,505.0,508.0
5316.0,1221.0,1271.0,1217.0,543.0,543.0,521.0
5411.0,1273.0,1269.0,1269.0,535.0,537.0,528.0
5368.0,1245.0,1300.0,1230.0,534.0,531.0,528.0
5315.0,1226.0,1260.0,1224.0,517.0,550.0,538.0
5289.0,1222.0,1267.0,1227.0,522.0,527.0,524.0
5406.0,1300.0,1243.0,1254.0,528.0,543.0,538.0
5262.0,1220.0,1246.0,1250.0,511.0,504.0,531.0
5741.0,1326.0,1361.0,1359.0,554.0,574.0,567.0
5336.0,1246.0,1280.0,1229.0,528.0,539.0,514.0
5426.0,1260.0,1266.0,1274.0,541.0,542.0,543.0
5474.0,1307.0,1268.0,1289.0,533.0,537.0,540.0
5650.0,1329.0,1321.0,1327.0,556.0,569.0,548.0
5600.0,1294.0,1309.0,1342.0,556.0,553.0,546.0
5549.0,1289.0,1308.0,1320.0,537.0,544.0,551.0
5515.0,1309.0,1270.0,1303.0,542.0,551.0,540.0
5771.0,1338.0,1381.0,1359.0,556.0,581.0,556.0
5507.0,1283.0,1251.0,1318.0,549.0,562.0,544.0
5537.0,1284.0,1300.0,1309.0,534.0,555.0,555.0
5482.0,1271.0,1271.0,1284.0,538.0,563.0,555.0
5529.0,1273.0,1305.0,1305.0,525.0,557.0,564.0
5459.0,1219.0,1295.0,1282.0,547.0,567.0,549.0
5603.0,1266.0,1301.0,1348.0,548.0,574.0,566.0
5483.0,1300.0,1259.0,1274.0,547.0,555.0,548.0
5479.0,1241.0,1276.0,1270.0,557.0,566.0,569.0
5350.0,1235.0,1226.0,1266.0,550.0,520.0,553.0
5404.0,1249.0,1230.0,1264.0,555.0,554.0,552.0
5526.0,1289.0,1280.0,1273.0,561.0,559.0,564.0
5473.0,1317.0,1245.0,1274.0,545.0,549.0,543.0
5478.0,1273.0,1279.0,1276.0,550.0,540.0,560.0
5578.0,1278.0,1314.0,1286.0,576.0,571.0,553.0
5399.0,1274.0,1244.0,1253.0,547.0,536.0,545.0
5499.0,1288.0,1242.0,1293.0,558.0,562.0,556.0
5309.0,1282.0,1197.0,1215.0,538.0,542.0,535.0
5385.0,1287.0,1223.0,1235.0,539.0,547.0,554.0
5456.0,1281.0,1256.0,1255.0,561.0,551.0,552.0
5235.0,1241.0,1212.0,1190.0,532.0,522.0,538.0
5445.0,1299.0,1288.0,1240.0,532.0,535.0,551.0
5183.0,1245.0,1206.0,1161.0,526.0,520.0,525.0
5295.0,1232.0,1243.0,1220.0,552.0,514.0,534.0
5297.0,1218.0,1223.0,1222.0,559.0,529.0,546.0
5368.0,1226.0,1249.0,1257.0,554.0,532.0,550.0
5246.0,1244.0,1241.0,1161.0,527.0,527.0,546.0
5397.0,1246.0,1273.0,1266.0,537.0,539.0,536.0
5260.0,1179.0,1271.0,1218.0,531.0,527.0,534.0
5407.0,1247.0,1287.0,1262.0,548.0,515.0,548.0
5168.0,1155.0,1266.0,1193.0,534.0,508.0,512.0
5240.0,1218.0,1217.0,1214.0,531.0,513.0,547.0
5314.0,1213.0,1290.0,1210.0,535.0,530.0,536.0
5293.0,1213.0,1252.0,1248.0,527.0,509.0,544.0
5336.0,1231.0,1287.0,1220.0,538.0,537.0,523.0
5512.0,1253.0,1302.0,1319.0,533.0,558.0,547.0
5389.0,1241.0,1272.0,1274.0,532.0,530.0,540.0
5338.0,1264.0,1229.0,1231.0,518.0,543.0,553.0
5537.0,1321.0,1279.0,1295.0,553.0,544.0,545.0
5516.0,1296.0,1293.0,1278.0,534.0,555.0,560.0
5391.0,1266.0,1243.0,1262.0,538.0,536.0,546.0
5504.0,1300.0,1277.0,1294.0,525.0,548.0,560.0
5573.0,1303.0,1312.0,1295.0,567.0,540.0,556.0
5666.0,1323.0,1310.0,1355.0,552.0,558.0,568.0
5405.0,1265.0,1221.0,1313.0,518.0,543.0,545.0
5530.0,1317.0,1254.0,1327.0,537.0,552.0,543.0
5508.0,1332.0,1257.0,1290.0,537.0,541.0,551.0
5723.0,1391.0,1319.0,1333.0,577.0,551.0,552.0
5712.0,1384.0,1311.0,1360.0,555.0,554.0,548.0
5563.0,1327.0,1256.0,1326.0,558.0,544.0,552.0
5649.0,1309.0,1320.0,1348.0,552.0,557.0,563.0
5580.0,1309.0,1299.0,1334.0,548.0,551.0,539.0
5704.0,1339.0,1336.0,1336.0,561.0,560.0,572.0
5644.0,1321.0,1288.0,1337.0,571.0,566.0,561.0
5789.0,1377.0,1311.0,1377.0,571.0,572.0,581.0
5676.0,1308.0,1349.0,1327.0,548.0,571.0,573.0
5661.0,1299.0,1338.0,1328.0,563.0,560.0,573.0
5549.0,1306.0,1270.0,1299.0,548.0,565.0,561.0
5645.0,1337.0,1330.0,1290.0,570.0,555.0,563.0
5463.0,1239.0,1297.0,1297.0,546.0,550.0,534.0
5636.0,1282.0,1361.0,1314.0,566.0,568.0,545.0
5641.0,1320.0,1348.0,1280.0,561.0,577.0,555.0
5591.0,1269.0,1333.0,1314.0,550.0,566.0,559.0
5476.0,1316.0,1281.0,1261.0,543.0,545.0,530.0
5556.0,1270.0,1339.0,1270.0,568.0,553.0,556.0
5644.0,1345.0,1303.0,1299.0,562.0,577.0,558.0
5466.0,1276.0,1277.0,1241.0,562.0,557.0,553.0
5565.0,1319.0,1284.0,1273.0,575.0,559.0,555.0
5322.0,1239.0,1207.0,1248.0,536.0,564.0,528.0
5408.0,1245.0,1258.0,1271.0,549.0,551.0,534.0
5669.0,1345.0,1325.0,1313.0,569.0,568.0,549.0
5409.0,1274.0,1262.0,1259.0,540.0,529.0,545.0
5460.0,1276.0,1302.0,1261.0,539.0,543.0,539.0
5438.0,1275.0,1233.0,1263.0,560.0,558.0,549.0
5484.0,1280.0,1261.0,1281.0,553.0,565.0,544.0
5387.0,1296.0,1221.0,1238.0,547.0,551.0,534.0
5398.0,1249.0,1249.0,1253.0,559.0,543.0,545.0
5194.0,1218.0,1190.0,1206.0,525.0,520.0,535.0
5534.0,1325.0,1271.0,1264.0,553.0,560.0,561.0
5409.0,1252.0,1243.0,1269.0,543.0,554.0,548.0
5353.0,1249.0,1247.0,1235.0,546.0,539.0,537.0
5356.0,1247.0,1172.0,1293.0,553.0,551.0,540.0
5320.0,1239.0,1237.0,1214.0,559.0,535.0,536.0
5303.0,1227.0,1218.0,1216.0,554.0,550.0,538.0
5303.0,1250.0,1221.0,1232.0,532.0,530.0,538.0
5429.0,1257.0,1233.0,1292.0,557.0,545.0,545.0
5525.0,1257.0,1293.0,1281.0,570.0,548.0,576.0
5388.0,1207.0,1228.0,1297.0,569.0,537.0,550.0
5393.0,1214.0,1266.0,1281.0,552.0,531.0,549.0
5513.0,1257.0,1292.0,1306.0,561.0,552.0,545.0
5509.0,1249.0,1296.0,1294.0,570.0,548.0,552.0
5657.0,1314.0,1296.0,1352.0,558.0,570.0,567.0
5718.0,1325.0,1307.0,1363.0,571.0,579.0,573.0
5607.0,1320.0,1278.0,1320.0,548.0,556.0,585.0
5645.0,1295.0,1295.0,1365.0,558.0,560.0,572.0
5657.0,1317.0,1346.0,1318.0,548.0,549.0,579.0
5573.0,1313.0,1297.0,1309.0,546.0,541.0,567.0
5751.0,1350.0,1351.0,1333.0,566.0,572.0,579.0
5683.0,1330.0,1322.0,1364.0,548.0,545.0,574.0
5771.0,1325.0,1357.0,1378.0,567.0,558.0,586.0
5681.0,1350.0,1337.0,1311.0,555.0,558.0,570.0
5906.0,1398.0,1392.0,1387.0,566.0,567.0,596.0
5754.0,1339.0,1374.0,1346.0,561.0,553.0,581.0
5721.0,1369.0,1327.0,1332.0,559.0,553.0,581.0
5715.0,1368.0,1319.0,1343.0,560.0,568.0,557.0
5804.0,1362.0,1372.0,1352.0,577.0,553.0,588.0
5529.0,1302.0,1294.0,1286.0,554.0,543.0,550.0
5691.0,1316.0,1330.0,1337.0,558.0,574.0,576.0
5707.0,1310.0,1393.0,1302.0,555.0,579.0,568.0
5660.0,1328.0,1347.0,1307.0,549.0,551.0,578.0
5592.0,1301.0,1273.0,1338.0,552.0,553.0,575.0
5675.0,1303.0,1355.0,1309.0,561.0,568.0,579.0
5672.0,1318.0,1324.0,1328.0,567.0,562.0,573.0
5652.0,1334.0,1283.0,1328.0,569.0,565.0,573.0
5728.0,1337.0,1348.0,1314.0,569.0,574.0,586.0
5622.0,1293.0,1331.0,1295.0,570.0,564.0,569.0
5662.0,1329.0,1290.0,1324.0,557.0,581.0,581.0
5659.0,1336.0,1308.0,1322.0,565.0,571.0,557.0
5543.0,1290.0,1293.0,1290.0,543.0,551.0,576.0
5451.0,1294.0,1252.0,1262.0,540.0,553.0,550.0
5463.0,1288.0,1255.0,1268.0,533.0,561.0,558.0
5584.0,1333.0,1282.0,1315.0,558.0,544.0,552.0
5367.0,1288.0,1246.0,1214.0,530.0,554.0,535.0
5508.0,1288.0,1276.0,1281.0,550.0,557.0,556.0
5631.0,1313.0,1283.0,1346.0,557.0,566.0,566.0
5541.0,1338.0,1273.0,1278.0,550.0,564.0,538.0
5486.0,1303.0,1290.0,1228.0,552.0,560.0,553.0
5422.0,1293.0,1244.0,1256.0,546.0,549.0,534.0
5668.0,1324.0,1336.0,1312.0,567.0,572.0,557.0
5539.0,1312.0,1283.0,1288.0,549.0,551.0,556.0
5277.0,1215.0,1222.0,1237.0,540.0,542.0,521.0
5379.0,1258.0,1210.0,1275.0,562.0,542.0,532.0
5443.0,1256.0,1272.0,1285.0,555.0,549.0,526.0
5567.0,1277.0,1314.0,1294.0,566.0,561.0,555.0
5639.0,1282.0,1331.0,1331.0,562.0,583.0,550.0
5512.0,1255.0,1298.0,1292.0,558.0,558.0,551.0
5443.0,1234.0,1271.0,1292.0,542.0,575.0,529.0
5629.0,1292.0,1320.0,1343.0,544.0,569.0,561.0
5524.0,1282.0,1286.0,1304.0,550.0,560.0,542.0
5663.0,1290.0,1358.0,1319.0,572.0,563.0,561.0
5454.0,1251.0,1280.0,1290.0,540.0,566.0,527.0
5656.0,1266.0,1348.0,1326.0,571.0,577.0,568.0
5595.0,1264.0,1319.0,1329.0,561.0,565.0,557.0
5746.0,1349.0,1375.0,1345.0,558.0,574.0,545.0
5700.0,1300.0,1338.0,1348.0,580.0,581.0,553.0
5840.0,1386.0,1352.0,1370.0,578.0,582.0,572.0
5559.0,1294.0,1315.0,1294.0,549.0,562.0,545.0
5781.0,1321.0,1368.0,1333.0,598.0,576.0,585.0
5828.0,1389.0,1358.0,1356.0,563.0,586.0,576.0
5815.0,1378.0,1315.0,1388.0,586.0,577.0,571.0
5721.0,1364.0,1305.0,1335.0,573.0,581.0,563.0
5902.0,1411.0,1339.0,1375.0,605.0,596.0,576.0
6021.0,1424.0,1334.0,1432.0,607.0,614.0,610.0
5757.0,1375.0,1298.0,1354.0,564.0,584.0,582.0
6066.0,1410.0,1416.0,1440.0,596.0,608.0,596.0
5980.0,1396.0,1388.0,1398.0,598.0,612.0,588.0
5980.0,1421.0,1371.0,1385.0,591.0,612.0,600.0
5875.0,1374.0,1330.0,1412.0,578.0,592.0,589.0
5693.0,1338.0,1314.0,1330.0,558.0,562.0,591.0
6000.0,1420.0,1386.0,1394.0,587.0,607.0,606.0
5755.0,1321.0,1340.0,1355.0,581.0,590.0,568.0
5922.0,1369.0,1391.0,1379.0,595.0,592.0,596.0
5827.0,1342.0,1362.0,1364.0,588.0,582.0,589.0
5645.0,1311.0,1354.0,1292.0,550.0,568.0,570.0
5788.0,1373.0,1304.0,1363.0,587.0,574.0,587.0
5814.0,1327.0,1386.0,1337.0,578.0,583.0,603.0
5673.0,1271.0,1369.0,1322.0,577.0,558.0,576.0
5891.0,1391.0,1395.0,1340.0,589.0,593.0,583.0
5642.0,1319.0,1320.0,1296.0,576.0,553.0,578.0
5660.0,1307.0,1333.0,1328.0,551.0,549.0,592.0
5614.0,1312.0,1307.0,1308.0,546.0,570.0,571.0
5690.0,1321.0,1335.0,1326.0,564.0,555.0,589.0
5813.0,1385.0,1336.0,1347.0,576.0,577.0,592.0
5742.0,1365.0,1362.0,1317.0,558.0,552.0,588.0
5728.0,1360.0,1340.0,1326.0,564.0,555.0,583.0
5587.0,1311.0,1315.0,1316.0,536.0,531.0,578.0
5515.0,1250.0,1306.0,1309.0,542.0,529.0,579.0
5827.0,1354.0,1379.0,1376.0,571.0,559.0,588.0
5581.0,1319.0,1287.0,1299.0,560.0,547.0,569.0
5574.0,1265.0,1295.0,1318.0,574.0,553.0,569.0
5670.0,1326.0,1324.0,1312.0,563.0,560.0,585.0
5620.0,1300.0,1294.0,1345.0,548.0,561.0,572.0
5659.0,1323.0,1314.0,1340.0,551.0,567.0,564.0
5640.0,1296.0,1310.0,1343.0,555.0,547.0,589.0
5473.0,1286.0,1259.0,1298.0,538.0,534.0,558.0
5785.0,1340.0,1335.0,1377.0,586.0,574.0,573.0
5653.0,1309.0,1302.0,1340.0,581.0,559.0,562.0
5742.0,1289.0,1325.0,1387.0,585.0,574.0,582.0
5678.0,1323.0,1301.0,1344.0,582.0,561.0,567.0
5659.0,1336.0,1283.0,1363.0,558.0,554.0,565.0
5514.0,1231.0,1318.0,1278.0,565.0,561.0,561.0
5633.0,1300.0,1299.0,1348.0,580.0,559.0,547.0
5586.0,1309.0,1263.0,1321.0,574.0,554.0,565.0
5725.0,1318.0,1312.0,1361.0,580.0,580.0,574.0
5575.0,1289.0,1276.0,1333.0,577.0,547.0,553.0
5842.0,1363.0,1340.0,1361.0,601.0,590.0,587.0
5734.0,1347.0,1328.0,1339.0,581.0,569.0,570.0
5699.0,1317.0,1323.0,1318.0,590.0,576.0,575.0
5947.0,1386.0,1396.0,1387.0,587.0,610.0,581.0
5983.0,1407.0,1412.0,1378.0,600.0,607.0,579.0
5846.0,1386.0,1377.0,1344.0,585.0,573.0,581.0
5800.0,1393.0,1368.0,1328.0,586.0,566.0,559.0
5996.0,1424.0,1417.0,1369.0,604.0,589.0,593.0
5890.0,1379.0,1386.0,1373.0,576.0,598.0,578.0
6072.0,1445.0,1445.0,1380.0,608.0,596.0,598.0
5749.0,1348.0,1352.0,1304.0,583.0,590.0,572.0
5702.0,1344.0,1355.0,1281.0,567.0,582.0,573.0
5886.0,1377.0,1419.0,1328.0,597.0,603.0,562.0
5933.0,1360.0,1407.0,1383.0,595.0,600.0,588.0
6001.0,1416.0,1412.0,1359.0,617.0,606.0,591.0
5794.0,1331.0,1370.0,1327.0,583.0,599.0,584.0
5951.0,1375.0,1420.0,1367.0,598.0,605.0,586.0
5977.0,1398.0,1386.0,1411.0,594.0,598.0,590.0
5919.0,1382.0,1384.0,1360.0,599.0,619.0,575.0
5744.0,1329.0,1371.0,1310.0,560.0,596.0,578.0
5977.0,1364.0,1410.0,1376.0,593.0,617.0,617.0
5954.0,1369.0,1420.0,1366.0,594.0,608.0,597.0
5737.0,1308.0,1356.0,1338.0,571.0,585.0,579.0
5938.0,1352.0,1408.0,1404.0,574.0,597.0,603.0
5805.0,1339.0,1326.0,1379.0,594.0,593.0,574.0
5814.0,1353.0,1362.0,1350.0,576.0,600.0,573.0
5746.0,1324.0,1367.0,1329.0,569.0,583.0,574.0
5716.0,1346.0,1323.0,1324.0,565.0,581.0,577.0
5963.0,1405.0,1391.0,1400.0,587.0,586.0,594.0
5922.0,1397.0,1393.0,1398.0,570.0,589.0,575.0
5978.0,1434.0,1378.0,1398.0,579.0,599.0,590.0
5778.0,1386.0,1324.0,1331.0,575.0,584.0,578.0
5841.0,1382.0,1350.0,1361.0,592.0,580.0,576.0
5664.0,1346.0,1281.0,1305.0,590.0,572.0,570.0
5711.0,1326.0,1316.0,1354.0,568.0,569.0,578.0
5760.0,1355.0,1337.0,1368.0,577.0,560.0,563.0
5829.0,1368.0,1348.0,1399.0,563.0,581.0,570.0
5740.0,1332.0,1316.0,1362.0,568.0,584.0,578.0
5847.0,1369.0,1345.0,1395.0,582.0,579.0,577.0
5792.0,1363.0,1312.0,1385.0,579.0,573.0,580.0
5630.0,1322.0,1307.0,1308.0,559.0,562.0,572.0
5719.0,1324.0,1335.0,1367.0,569.0,562.0,562.0
5785.0,1315.0,1335.0,1397.0,583.0,567.0,588.0
5706.0,1315.0,1342.0,1319.0,590.0,573.0,567.0
5758.0,1355.0,1304.0,1380.0,585.0,560.0,574.0
5804.0,1312.0,1399.0,1342.0,587.0,574.0,590.0
5589.0,1283.0,1299.0,1306.0,570.0,550.0,581.0
5791.0,1334.0,1366.0,1354.0,576.0,572.0,589.0
5721.0,1315.0,1361.0,1306.0,583.0,569.0,587.0
5723.0,1338.0,1352.0,1324.0,581.0,558.0,570.0
5766.0,1351.0,1335.0,1358.0,583.0,558.0,581.0
6057.0,1386.0,1409.0,1427.0,615.0,601.0,619.0
5877.0,1390.0,1387.0,1344.0,592.0,577.0,587.0
6107.0,1392.0,1455.0,1451.0,622.0,578.0,609.0
5983.0,1399.0,1387.0,1392.0,616.0,586.0,603.0
5958.0,1430.0,1376.0,1380.0,592.0,580.0,600.0
5876.0,1374.0,1390.0,1341.0,597.0,588.0,586.0
6008.0,1425.0,1401.0,1369.0,607.0,588.0,618.0
5989.0,1456.0,1389.0,1358.0,588.0,597.0,601.0
6054.0,1412.0,1423.0,1378.0,609.0,619.0,613.0
6017.0,1427.0,1400.0,1361.0,609.0,604.0,616.0
6039.0,1431.0,1412.0,1347.0,626.0,600.0,623.0
6020.0,1397.0,1420.0,1394.0,605.0,589.0,615.0
6064.0,1434.0,1400.0,1388.0,618.0,606.0,618.0
6164.0,1434.0,1418.0,1416.0,620.0,638.0,638.0
5994.0,1446.0,1353.0,1384.0,619.0,594.0,598.0
5913.0,1391.0,1344.0,1374.0,594.0,599.0,611.0
5939.0,1395.0,1373.0,1369.0,594.0,588.0,620.0
6020.0,1403.0,1379.0,1429.0,587.0,613.0,609.0
6072.0,1419.0,1380.0,1430.0,612.0,601.0,630.0
6123.0,1416.0,1407.0,1430.0,620.0,626.0,624.0
5901.0,1366.0,1356.0,1374.0,599.0,606.0,600.0
5933.0,1374.0,1352.0,1377.0,593.0,620.0,617.0
5996.0,1380.0,1381.0,1417.0,612.0,609.0,597.0
5816.0,1364.0,1324.0,1397.0,572.0,580.0,579.0
5935.0,1335.0,1351.0,1437.0,597.0,617.0,598.0
5969.0,1356.0,1403.0,1394.0,599.0,625.0,592.0
5969.0,1382.0,1399.0,1422.0,575.0,598.0,593.0
6007.0,1411.0,1362.0,1405.0,597.0,618.0,614.0
5911.0,1380.0,1366.0,1395.0,587.0,593.0,590.0
6024.0,1410.0,1405.0,1410.0,581.0,611.0,607.0
5886.0,1373.0,1370.0,1407.0,580.0,574.0,582.0
6022.0,1369.0,1407.0,1439.0,587.0,608.0,612.0
5963.0,1413.0,1389.0,1389.0,590.0,596.0,586.0
5918.0,1390.0,1390.0,1385.0,584.0,581.0,588.0
5943.0,1367.0,1351.0,1438.0,580.0,597.0,610.0
5855.0,1401.0,1366.0,1358.0,564.0,596.0,570.0
5913.0,1405.0,1398.0,1362.0,570.0,586.0,592.0
5782.0,1353.0,1341.0,1369.0,571.0,586.0,562.0
5870.0,1395.0,1381.0,1369.0,573.0,577.0,575.0
5924.0,1382.0,1405.0,1388.0,574.0,589.0,586.0
5738.0,1356.0,1338.0,1359.0,553.0,569.0,563.0
5825.0,1341.0,1374.0,1364.0,577.0,587.0,582.0
5872.0,1355.0,1382.0,1393.0,570.0,588.0,584.0
5881.0,1327.0,1423.0,1377.0,574.0,601.0,579.0
5794.0,1324.0,1377.0,1347.0,585.0,589.0,572.0
5884.0,1329.0,1392.0,1375.0,609.0,590.0,589.0
5741.0,1355.0,1308.0,1329.0,589.0,590.0,570.0
5907.0,1336.0,1387.0,1418.0,598.0,586.0,582.0
5814.0,1347.0,1340.0,1397.0,577.0,587.0,566.0
5925.0,1339.0,1413.0,1391.0,600.0,585.0,597.0
5900.0,1354.0,1393.0,1397.0,581.0,598.0,577.0
5899.0,1348.0,1402.0,1362.0,600.0,606.0,581.0
5990.0,1405.0,1403.0,1388.0,601.0,598.0,595.0
5996.0,1381.0,1372.0,1419.0,613.0,613.0,598.0
5973.0,1392.0,1406.0,1376.0,599.0,592.0,608.0
5888.0,1404.0,1362.0,1348.0,600.0,577.0,597.0
6019.0,1418.0,1412.0,1365.0,618.0,608.0,598.0
6025.0,1433.0,1388.0,1385.0,621.0,598.0,600.0
5973.0,1411.0,1358.0,1380.0,618.0,603.0,603.0
5888.0,1372.0,1344.0,1399.0,594.0,602.0,577.0
5995.0,1421.0,1382.0,1358.0,624.0,606.0,604.0
6119.0,1446.0,1447.0,1388.0,610.0,615.0,613.0
6020.0,1479.0,1388.0,1342.0,615.0,594.0,602.0
6103.0,1451.0,1418.0,1397.0,622.0,603.0,612.0
6053.0,1442.0,1407.0,1394.0,604.0,587.0,619.0
6140.0,1422.0,1460.0,1419.0,612.0,612.0,615.0
6121.0,1421.0,1442.0,1419.0,624.0,598.0,617.0
6302.0,1481.0,1458.0,1475.0,641.0,620.0,627.0
6225.0,1443.0,1474.0,1447.0,624.0,613.0,624.0
6218.0,1433.0,1496.0,1430.0,630.0,610.0,619.0
6161.0,1458.0,1458.0,1425.0,620.0,595.0,605.0
6212.0,1409.0,1474.0,1465.0,612.0,622.0,630.0
6049.0,1384.0,1398.0,1439.0,618.0,611.0,599.0
6054.0,1385.0,1455.0,1373.0,621.0,606.0,614.0
6213.0,1413.0,1474.0,1441.0,626.0,622.0,637.0
6037.0,1353.0,1445.0,1431.0,600.0,593.0,615.0
6077.0,1410.0,1412.0,1432.0,590.0,612.0,621.0
5893.0,1339.0,1387.0,1404.0,586.0,583.0,594.0
6266.0,1427.0,1501.0,1471.0,628.0,603.0,636.0
6094.0,1413.0,1397.0,1448.0,605.0,607.0,624.0
6055.0,1391.0,1406.0,1432.0,603.0,593.0,630.0
5942.0,1388.0,1393.0,1395.0,584.0,592.0,590.0
5880.0,1386.0,1330.0,1409.0,573.0,590.0,592.0
6078.0,1413.0,1397.0,1455.0,596.0,605.0,612.0
6091.0,1412.0,1417.0,1451.0,601.0,610.0,600.0
6035.0,1398.0,1371.0,1460.0,600.0,595.0,611.0
5947.0,1398.0,1339.0,1414.0,602.0,590.0,604.0
5875.0,1417.0,1341.0,1338.0,578.0,605.0,596.0
6007.0,1429.0,1391.0,1399.0,580.0,605.0,603.0
5993.0,1405.0,1366.0,1423.0,585.0,610.0,604.0
5792.0,1399.0,1302.0,1338.0,578.0,588.0,587.0
5905.0,1372.0,1381.0,1365.0,587.0,605.0,595.0
5850.0,1344.0,1343.0,1400.0,593.0,580.0,590.0
5743.0,1302.0,1329.0,1337.0,586.0,584.0,605.0
5987.0,1358.0,1428.0,1399.0,598.0,601.0,603.0
5889.0,1373.0,1350.0,1390.0,576.0,603.0,597.0
5943.0,1378.0,1346.0,1387.0,593.0,616.0,623.0
6001.0,1405.0,1395.0,1406.0,594.0,596.0,605.0
5926.0,1379.0,1404.0,1357.0,584.0,596.0,606.0
5932.0,1365.0,1393.0,1368.0,593.0,609.0,604.0
6062.0,1398.0,1438.0,1382.0,615.0,609.0,620.0
5990.0,1376.0,1414.0,1379.0,622.0,591.0,608.0
5970.0,1396.0,1413.0,1368.0,584.0,605.0,604.0
6089.0,1382.0,1456.0,1382.0,622.0,620.0,627.0
5944.0,1385.0,1373.0,1381.0,595.0,609.0,601.0
6052.0,1396.0,1430.0,1387.0,621.0,616.0,602.0
6127.0,1439.0,1440.0,1409.0,606.0,630.0,603.0
6126.0,1424.0,1472.0,1396.0,593.0,622.0,619.0
6120.0,1436.0,1426.0,1385.0,612.0,640.0,621.0
6344.0,1450.0,1493.0,1474.0,641.0,644.0,642.0
6195.0,1466.0,1442.0,1428.0,632.0,631.0,596.0
6225.0,1467.0,1459.0,1415.0,640.0,621.0,623.0
6229.0,1458.0,1487.0,1398.0,635.0,627.0,624.0
6212.0,1449.0,1469.0,1458.0,624.0,602.0,610.0
6208.0,1456.0,1481.0,1435.0,615.0,614.0,607.0
6121.0,1406.0,1466.0,1410.0,626.0,596.0,617.0
6150.0,1438.0,1455.0,1409.0,623.0,607.0,618.0
6137.0,1426.0,1420.0,1441.0,634.0,605.0,611.0
6223.0,1499.0,1412.0,1445.0,630.0,626.0,611.0
6443.0,1517.0,1489.0,1511.0,656.0,633.0,637.0
6162.0,1448.0,1436.0,1450.0,612.0,614.0,602.0
6293.0,1509.0,1433.0,1471.0,636.0,634.0,610.0
6064.0,1437.0,1410.0,1407.0,621.0,595.0,594.0
6076.0,1397.0,1416.0,1422.0,621.0,606.0,614.0
6185.0,1405.0,1443.0,1482.0,635.0,616.0,604.0
6260.0,1442.0,1487.0,1470.0,635.0,612.0,614.0
6143.0,1410.0,1414.0,1487.0,621.0,604.0,607.0
6187.0,1432.0,1438.0,1469.0,616.0,616.0,616.0
6164.0,1418.0,1444.0,1442.0,631.0,621.0,608.0
6409.0,1511.0,1503.0,1482.0,650.0,634.0,629.0
6060.0,1408.0,1398.0,1460.0,601.0,588.0,605.0
6060.0,1437.0,1377.0,1415.0,620.0,598.0,613.0
6066.0,1449.0,1393.0,1434.0,604.0,591.0,595.0
6082.0,1425.0,1397.0,1444.0,602.0,595.0,619.0
6317.0,1474.0,1461.0,1489.0,639.0,642.0,612.0
6314.0,1512.0,1459.0,1463.0,625.0,607.0,648.0
6020.0,1456.0,1372.0,1413.0,602.0,590.0,587.0
6172.0,1467.0,1444.0,1405.0,629.0,618.0,609.0
6152.0,1467.0,1406.0,1440.0,627.0,602.0,610.0
6056.0,1430.0,1397.0,1423.0,598.0,613.0,595.0
6176.0,1470.0,1447.0,1419.0,612.0,616.0,612.0
6090.0,1450.0,1399.0,1411.0,609.0,613.0,608.0
6011.0,1415.0,1433.0,1384.0,586.0,603.0,590.0
6054.0,1413.0,1409.0,1417.0,588.0,611.0,616.0
5863.0,1368.0,1367.0,1368.0,590.0,577.0,593.0
6054.0,1416.0,1452.0,1377.0,595.0,601.0,613.0
6010.0,1432.0,1433.0,1333.0,597.0,597.0,618.0
5891.0,1370.0,1403.0,1352.0,578.0,610.0,578.0
6070.0,1398.0,1453.0,1373.0,605.0,610.0,631.0
5875.0,1363.0,1377.0,1380.0,561.0,590.0,604.0
5866.0,1360.0,1415.0,1334.0,586.0,586.0,585.0
6216.0,1416.0,1505.0,1419.0,612.0,624.0,640.0
6094.0,1424.0,1417.0,1416.0,610.0,611.0,616.0
6046.0,1416.0,1412.0,1392.0,595.0,610.0,621.0
6212.0,1461.0,1443.0,1439.0,625.0,624.0,620.0
6193.0,1441.0,1470.0,1425.0,602.0,624.0,631.0
6023.0,1406.0,1388.0,1392.0,616.0,612.0,609.0
6083.0,1385.0,1425.0,1409.0,617.0,621.0,626.0
6040.0,1426.0,1398.0,1381.0,597.0,613.0,625.0
6195.0,1454.0,1432.0,1397.0,624.0,654.0,634.0
6185.0,1478.0,1411.0,1414.0,622.0,628.0,632.0
6263.0,1467.0,1444.0,1453.0,637.0,633.0,629.0
6228.0,1466.0,1433.0,1419.0,641.0,648.0,621.0
6241.0,1461.0,1474.0,1440.0,621.0,610.0,635.0
6201.0,1448.0,1417.0,1449.0,626.0,626.0,635.0
6401.0,1494.0,1498.0,1489.0,646.0,643.0,631.0
6428.0,1514.0,1488.0,1493.0,647.0,650.0,636.0
6508.0,1554.0,1470.0,1529.0,645.0,649.0,661.0
6472.0,1523.0,1505.0,1482.0,658.0,652.0,652.0
6435.0,1508.0,1484.0,1527.0,636.0,647.0,633.0
6409.0,1503.0,1462.0,1522.0,639.0,631.0,652.0
6430.0,1482.0,1477.0,1531.0,641.0,642.0,657.0
6571.0,1531.0,1520.0,1530.0,649.0,667.0,674.0
6435.0,1458.0,1500.0,1526.0,652.0,645.0,654.0
6423.0,1486.0,1517.0,1478.0,644.0,647.0,651.0
6387.0,1460.0,1510.0,1492.0,641.0,640.0,644.0
6358.0,1428.0,1531.0,1473.0,653.0,648.0,625.0
6445.0,1505.0,1495.0,1511.0,653.0,636.0,645.0
6296.0,1408.0,1470.0,1475.0,649.0,645.0,649.0
6397.0,1471.0,1525.0,1485.0,641.0,637.0,638.0
6354.0,1490.0,1474.0,1507.0,626.0,625.0,632.0
6417.0,1467.0,1537.0,1497.0,640.0,631.0,645.0
6197.0,1422.0,1453.0,1461.0,623.0,611.0,627.0
6327.0,1443.0,1496.0,1492.0,643.0,623.0,630.0
6376.0,1464.0,1505.0,1509.0,635.0,623.0,640.0
6234.0,1474.0,1471.0,1432.0,622.0,615.0,620.0
6301.0,1464.0,1514.0,1454.0,628.0,622.0,619.0
6108.0,1430.0,1428.0,1417.0,619.0,606.0,608.0
6086.0,1388.0,1478.0,1429.0,593.0,595.0,603.0
6186.0,1479.0,1432.0,1436.0,625.0,610.0,604.0
6172.0,1464.0,1432.0,1455.0,604.0,615.0,602.0
6123.0,1454.0,1439.0,1397.0,624.0,606.0,603.0
6118.0,1460.0,1423.0,1401.0,630.0,605.0,599.0
6141.0,1449.0,1426.0,1413.0,625.0,622.0,606.0
6127.0,1447.0,1422.0,1440.0,606.0,603.0,609.0
6085.0,1471.0,1392.0,1408.0,606.0,597.0,611.0
6096.0,1421.0,1449.0,1396.0,606.0,613.0,611.0
5952.0,1420.0,1362.0,1397.0,592.0,584.0,597.0
6135.0,1452.0,1410.0,1422.0,624.0,610.0,617.0
5933.0,1400.0,1381.0,1352.0,612.0,601.0,587.0
6063.0,1421.0,1410.0,1419.0,609.0,599.0,605.0
6071.0,1403.0,1399.0,1403.0,624.0,623.0,619.0
6108.0,1427.0,1412.0,1457.0,605.0,608.0,599.0
6106.0,1419.0,1415.0,1449.0,610.0,612.0,601.0
6138.0,1418.0,1453.0,1440.0,624.0,605.0,598.0
5965.0,1375.0,1408.0,1399.0,589.0,600.0,594.0
6220.0,1426.0,1475.0,1477.0,611.0,610.0,621.0
6202.0,1438.0,1448.0,1472.0,613.0,617.0,614.0
6080.0,1435.0,1405.0,1409.0,605.0,611.0,615.0
6217.0,1451.0,1471.0,1445.0,603.0,636.0,611.0
6187.0,1482.0,1436.0,1450.0,624.0,604.0,591.0
6236.0,1484.0,1445.0,1459.0,602.0,619.0,627.0
6297.0,1469.0,1466.0,1482.0,618.0,626.0,636.0
6294.0,1474.0,1485.0,1475.0,638.0,613.0,609.0
6393.0,1505.0,1464.0,1516.0,627.0,644.0,637.0
6520.0,1520.0,1516.0,1544.0,660.0,650.0,630.0
6476.0,1524.0,1546.0,1504.0,637.0,623.0,642.0
6554.0,1569.0,1515.0,1537.0,648.0,649.0,636.0
6468.0,1519.0,1539.0,1502.0,644.0,628.0,636.0
6567.0,1527.0,1558.0,1542.0,658.0,651.0,631.0
6584.0,1519.0,1558.0,1533.0,658.0,668.0,648.0
6618.0,1515.0,1558.0,1568.0,661.0,651.0,665.0
6510.0,1511.0,1525.0,1515.0,657.0,648.0,654.0
6524.0,1496.0,1568.0,1505.0,659.0,643.0,653.0
6586.0,1528.0,1547.0,1559.0,649.0,641.0,662.0
6461.0,1515.0,1517.0,1511.0,647.0,632.0,639.0
6561.0,1485.0,1536.0,1552.0,673.0,656.0,659.0
6463.0,1488.0,1513.0,1502.0,662.0,650.0,648.0
6556.0,1517.0,1533.0,1517.0,667.0,662.0,660.0
6415.0,1476.0,1457.0,1505.0,657.0,664.0,656.0
6448.0,1478.0,1497.0,1515.0,661.0,643.0,654.0
6397.0,1481.0,1503.0,1464.0,642.0,653.0,654.0
6293.0,1479.0,1444.0,1453.0,633.0,649.0,635.0
6577.0,1488.0,1506.0,1571.0,672.0,664.0,676.0
6249.0,1434.0,1438.0,1458.0,648.0,635.0,636.0
6497.0,1519.0,1519.0,1503.0,643.0,662.0,651.0
6414.0,1519.0,1485.0,1489.0,639.0,649.0,633.0
6310.0,1453.0,1458.0,1456.0,647.0,663.0,633.0
6322.0,1498.0,1438.0,1460.0,641.0,634.0,651.0
6311.0,1490.0,1440.0,1442.0,644.0,656.0,639.0
6202.0,1461.0,1424.0,1429.0,634.0,619.0,635.0
6367.0,1492.0,1463.0,1472.0,660.0,638.0,642.0
6504.0,1540.0,1506.0,1484.0,648.0,654.0,672.0
6322.0,1501.0,1485.0,1416.0,625.0,645.0,650.0
6320.0,1475.0,1418.0,1493.0,648.0,635.0,651.0
6314.0,1491.0,1446.0,1465.0,631.0,638.0,643.0
6234.0,1465.0,1463.0,1431.0,627.0,631.0,617.0
6307.0,1450.0,1512.0,1460.0,624.0,633.0,628.0
6374.0,1532.0,1468.0,1457.0,630.0,634.0,653.0
6289.0,1448.0,1471.0,1479.0,622.0,639.0,630.0
6234.0,1444.0,1491.0,1414.0,610.0,641.0,634.0
6027.0,1379.0,1445.0,1382.0,609.0,600.0,612.0
6106.0,1423.0,1420.0,1394.0,618.0,620.0,631.0
6046.0,1408.0,1400.0,1429.0,602.0,587.0,620.0
6315.0,1463.0,1485.0,1481.0,615.0,623.0,648.0
6139.0,1397.0,1427.0,1450.0,618.0,623.0,624.0
6229.0,1438.0,1481.0,1448.0,609.0,618.0,635.0
6268.0,1453.0,1510.0,1437.0,626.0,614.0,628.0
6460.0,1502.0,1503.0,1533.0,635.0,642.0,645.0
6249.0,1457.0,1475.0,1460.0,628.0,615.0,614.0
6358.0,1508.0,1480.0,1493.0,611.0,630.0,636.0
6464.0,1516.0,1499.0,1533.0,623.0,646.0,647.0
6369.0,1471.0,1506.0,1497.0,629.0,634.0,632.0
6402.0,1490.0,1505.0,1499.0,628.0,618.0,662.0
6431.0,1522.0,1513.0,1483.0,639.0,637.0,637.0
6491.0,1508.0,1515.0,1563.0,634.0,614.0,657.0
6588.0,1521.0,1547.0,1569.0,649.0,657.0,645.0
6535.0,1546.0,1480.0,1572.0,641.0,631.0,665.0
6415.0,1485.0,1514.0,1506.0,637.0,643.0,630.0
6542.0,1554.0,1476.0,1572.0,630.0,656.0,654.0
6589.0,1531.0,1529.0,1562.0,657.0,655.0,655.0
6498.0,1521.0,1538.0,1505.0,649.0,648.0,637.0
6697.0,1588.0,1514.0,1592.0,674.0,661.0,668.0
6659.0,1603.0,1530.0,1587.0,651.0,645.0,643.0
6455.0,1531.0,1488.0,1530.0,644.0,630.0,632.0
6537.0,1521.0,1497.0,1563.0,663.0,653.0,640.0
6545.0,1546.0,1512.0,1521.0,657.0,670.0,639.0
6447.0,1519.0,1511.0,1490.0,639.0,637.0,651.0
6578.0,1512.0,1528.0,1568.0,676.0,655.0,639.0
6682.0,1558.0,1558.0,1581.0,654.0,668.0,663.0
6593.0,1522.0,1541.0,1546.0,658.0,671.0,655.0
6438.0,1501.0,1495.0,1519.0,658.0,636.0,629.0
6672.0,1530.0,1582.0,1560.0,667.0,674.0,659.0
6430.0,1505.0,1513.0,1492.0,661.0,635.0,624.0
6464.0,1501.0,1506.0,1496.0,660.0,657.0,644.0
6498.0,1523.0,1522.0,1487.0,670.0,641.0,655.0
6380.0,1453.0,1498.0,1505.0,654.0,632.0,638.0
6500.0,1518.0,1526.0,1489.0,651.0,658.0,658.0
6359.0,1481.0,1511.0,1461.0,658.0,628.0,620.0
6456.0,1506.0,1516.0,1485.0,665.0,656.0,628.0
6217.0,1441.0,1465.0,1415.0,630.0,640.0,626.0
6320.0,1474.0,1499.0,1412.0,656.0,651.0,628.0
6478.0,1480.0,1557.0,1489.0,648.0,661.0,643.0
6434.0,1519.0,1508.0,1468.0,654.0,641.0,644.0
6495.0,1495.0,1538.0,1500.0,670.0,655.0,637.0
6124.0,1447.0,1410.0,1441.0,636.0,594.0,596.0
6503.0,1534.0,1515.0,1500.0,652.0,645.0,657.0
6410.0,1499.0,1499.0,1461.0,653.0,656.0,642.0
6320.0,1453.0,1520.0,1451.0,620.0,643.0,633.0
6327.0,1496.0,1500.0,1461.0,638.0,638.0,594.0
6282.0,1475.0,1427.0,1487.0,627.0,635.0,631.0
6323.0,1452.0,1465.0,1488.0,634.0,654.0,630.0
6246.0,1457.0,1470.0,1453.0,609.0,632.0,625.0
6185.0,1433.0,1422.0,1454.0,604.0,636.0,636.0
6308.0,1479.0,1419.0,1488.0,642.0,648.0,632.0
6356.0,1483.0,1463.0,1503.0,632.0,647.0,628.0
6512.0,1484.0,1518.0,1530.0,663.0,664.0,653.0
6288.0,1459.0,1450.0,1491.0,629.0,623.0,636.0
6322.0,1406.0,1465.0,1512.0,634.0,655.0,650.0
6465.0,1491.0,1505.0,1529.0,637.0,651.0,652.0
6431.0,1445.0,1490.0,1537.0,663.0,634.0,662.0
6482.0,1548.0,1471.0,1521.0,637.0,648.0,657.0
6392.0,1487.0,1460.0,1496.0,641.0,652.0,656.0
6428.0,1479.0,1471.0,1526.0,638.0,663.0,651.0
6637.0,1552.0,1531.0,1572.0,643.0,659.0,680.0
6401.0,1480.0,1488.0,1515.0,629.0,629.0,660.0
6554.0,1534.0,1477.0,1577.0,632.0,663.0,671.0
6794.0,1574.0,1572.0,1605.0,684.0,684.0,675.0
6769.0,1588.0,1540.0,1626.0,664.0,674.0,677.0
6739.0,1573.0,1557.0,1606.0,651.0,666.0,686.0
6622.0,1557.0,1562.0,1533.0,649.0,650.0,671.0
6623.0,1558.0,1525.0,1536.0,660.0,667.0,677.0
6704.0,1573.0,1547.0,1579.0,658.0,666.0,681.0
6695.0,1578.0,1551.0,1589.0,661.0,653.0,663.0
6639.0,1555.0,1544.0,1539.0,670.0,651.0,680.0
6667.0,1576.0,1593.0,1513.0,662.0,666.0,657.0
6866.0,1605.0,1598.0,1613.0,686.0,681.0,683.0
6688.0,1555.0,1584.0,1527.0,665.0,666.0,691.0
6719.0,1554.0,1587.0,1593.0,649.0,659.0,677.0
6598.0,1521.0,1572.0,1533.0,650.0,664.0,658.0
6652.0,1529.0,1582.0,1538.0,652.0,661.0,690.0
6545.0,1505.0,1576.0,1503.0,646.0,650.0,665.0
6584.0,1523.0,1538.0,1545.0,661.0,647.0,670.0
6793.0,1567.0,1598.0,1569.0,684.0,682.0,693.0
6621.0,1514.0,1562.0,1572.0,660.0,644.0,669.0
6714.0,1567.0,1575.0,1568.0,666.0,649.0,689.0
6628.0,1551.0,1565.0,1512.0,671.0,671.0,658.0
6495.0,1534.0,1532.0,1481.0,671.0,622.0,655.0
6548.0,1545.0,1521.0,1505.0,668.0,652.0,657.0
6302.0,1458.0,1472.0,1477.0,636.0,627.0,632.0
6489.0,1499.0,1505.0,1519.0,667.0,652.0,647.0
6592.0,1537.0,1530.0,1522.0,673.0,665.0,665.0
6681.0,1591.0,1521.0,1551.0,686.0,662.0,670.0
6488.0,1561.0,1480.0,1496.0,650.0,651.0,650.0
6367.0,1483.0,1470.0,1481.0,652.0,638.0,643.0
6522.0,1504.0,1521.0,1536.0,661.0,650.0,650.0
6704.0,1600.0,1547.0,1563.0,661.0,669.0,664.0
6514.0,1580.0,1488.0,1481.0,667.0,647.0,651.0
6428.0,1518.0,1503.0,1473.0,657.0,642.0,635.0
6388.0,1513.0,1486.0,1466.0,655.0,636.0,632.0
6362.0,1515.0,1442.0,1493.0,640.0,643.0,629.0
6384.0,1519.0,1458.0,1488.0,653.0,631.0,635.0
6442.0,1491.0,1504.0,1533.0,659.0,635.0,620.0
6583.0,1528.0,1529.0,1559.0,679.0,653.0,635.0
6426.0,1500.0,1474.0,1524.0,655.0,640.0,633.0
6385.0,1480.0,1481.0,1515.0,646.0,636.0,627.0
6505.0,1520.0,1493.0,1548.0,660.0,647.0,637.0
6586.0,1532.0,1525.0,1536.0,656.0,681.0,656.0
6559.0,1488.0,1535.0,1565.0,663.0,655.0,653.0
6460.0,1496.0,1527.0,1520.0,639.0,643.0,635.0
6483.0,1483.0,1512.0,1570.0,640.0,658.0,620.0
6522.0,1508.0,1522.0,1564.0,645.0,650.0,633.0
6487.0,1514.0,1512.0,1522.0,644.0,674.0,621.0
6492.0,1484.0,1535.0,1546.0,636.0,657.0,634.0
6506.0,1523.0,1502.0,1536.0,645.0,664.0,636.0
6531.0,1504.0,1544.0,1544.0,652.0,649.0,638.0
6767.0,1566.0,1625.0,1580.0,659.0,674.0,663.0
6768.0,1568.0,1588.0,1593.0,666.0,682.0,671.0
6678.0,1581.0,1554.0,1543.0,666.0,675.0,659.0
6774.0,1568.0,1607.0,1599.0,661.0,679.0,660.0
6774.0,1577.0,1562.0,1600.0,675.0,699.0,661.0
6827.0,1578.0,1607.0,1623.0,673.0,692.0,654.0
6704.0,1568.0,1568.0,1569.0,653.0,691.0,655.0
6803.0,1596.0,1573.0,1594.0,679.0,685.0,676.0
6711.0,1588.0,1586.0,1526.0,653.0,689.0,669.0
6733.0,1604.0,1548.0,1589.0,653.0,668.0,671.0
6840.0,1605.0,1587.0,1601.0,677.0,683.0,687.0
6643.0,1566.0,1536.0,1517.0,674.0,680.0,670.0
6683.0,1551.0,1543.0,1579.0,670.0,679.0,661.0
6895.0,1614.0,1609.0,1604.0,698.0,687.0,683.0
6788.0,1582.0,1574.0,1576.0,674.0,697.0,685.0
6748.0,1583.0,1555.0,1554.0,681.0,687.0,688.0
6744.0,1547.0,1607.0,1556.0,661.0,685.0,688.0
6621.0,1562.0,1540.0,1526.0,649.0,673.0,671.0
6660.0,1555.0,1584.0,1502.0,667.0,674.0,678.0
6753.0,1543.0,1591.0,1596.0,667.0,678.0,678.0
6731.0,1564.0,1580.0,1588.0,660.0,673.0,666.0
6676.0,1569.0,1528.0,1557.0,675.0,660.0,687.0
6765.0,1568.0,1607.0,1551.0,685.0,673.0,681.0
6661.0,1511.0,1540.0,1582.0,670.0,669.0,689.0
6686.0,1553.0,1569.0,1546.0,664.0,671.0,683.0
6825.0,1618.0,1586.0,1583.0,705.0,655.0,678.0
6458.0,1467.0,1533.0,1521.0,643.0,651.0,643.0
6724.0,1577.0,1578.0,1546.0,653.0,669.0,701.0
6559.0,1532.0,1514.0,1535.0,664.0,659.0,655.0
6628.0,1545.0,1567.0,1532.0,678.0,654.0,652.0
6692.0,1573.0,1558.0,1565.0,676.0,645.0,675.0
6713.0,1583.0,1594.0,1535.0,669.0,647.0,685.0
6685.0,1578.0,1564.0,1525.0,666.0,668.0,684.0
6748.0,1557.0,1577.0,1595.0,685.0,646.0,688.0
6645.0,1548.0,1549.0,1582.0,664.0,643.0,659.0
6671.0,1541.0,1578.0,1542.0,683.0,670.0,657.0
6647.0,1539.0,1576.0,1564.0,661.0,644.0,663.0
6660.0,1586.0,1553.0,1550.0,667.0,644.0,660.0
6570.0,1522.0,1529.0,1537.0,673.0,640.0,669.0
6609.0,1539.0,1549.0,1534.0,674.0,651.0,662.0
6655.0,1533.0,1564.0,1558.0,665.0,656.0,679.0
6645.0,1499.0,1618.0,1543.0,673.0,643.0,669.0
6398.0,1470.0,1507.0,1490.0,656.0,633.0,642.0
6510.0,1468.0,1524.0,1547.0,664.0,646.0,661.0
6632.0,1515.0,1569.0,1584.0,641.0,668.0,655.0
6622.0,1508.0,1540.0,1559.0,679.0,658.0,678.0
6567.0,1504.0,1526.0,1560.0,659.0,658.0,660.0
6556.0,1492.0,1566.0,1495.0,684.0,660.0,659.0
6469.0,1509.0,1515.0,1504.0,653.0,652.0,636.0
6648.0,1552.0,1551.0,1562.0,658.0,657.0,668.0
6748.0,1584.0,1543.0,1595.0,689.0,653.0,684.0
6539.0,1540.0,1502.0,1517.0,672.0,656.0,652.0
6889.0,1617.0,1580.0,1623.0,695.0,674.0,700.0
6715.0,1589.0,1535.0,1578.0,678.0,664.0,671.0
6720.0,1614.0,1498.0,1584.0,672.0,666.0,686.0
6789.0,1591.0,1580.0,1570.0,679.0,681.0,688.0
6765.0,1591.0,1569.0,1584.0,666.0,680.0,675.0
6881.0,1601.0,1598.0,1617.0,688.0,693.0,684.0
6752.0,1579.0,1569.0,1582.0,663.0,690.0,669.0
6985.0,1662.0,1632.0,1614.0,689.0,701.0,687.0
6885.0,1640.0,1588.0,1592.0,682.0,702.0,681.0
6819.0,1579.0,1621.0,1577.0,673.0,690.0,679.0
6877.0,1605.0,1668.0,1586.0,657.0,690.0,671.0
6895.0,1642.0,1613.0,1568.0,681.0,693.0,698.0
6898.0,1608.0,1649.0,1571.0,671.0,712.0,687.0
6770.0,1589.0,1615.0,1567.0,667.0,664.0,668.0
6872.0,1601.0,1647.0,1572.0,678.0,695.0,679.0
6786.0,1609.0,1610.0,1525.0,678.0,688.0,676.0
6934.0,1623.0,1635.0,1611.0,671.0,699.0,695.0
6836.0,1553.0,1641.0,1573.0,688.0,702.0,679.0
6958.0,1623.0,1640.0,1629.0,686.0,699.0,681.0
6886.0,1566.0,1653.0,1602.0,688.0,694.0,683.0
6900.0,1563.0,1682.0,1587.0,689.0,708.0,671.0
6778.0,1578.0,1594.0,1549.0,693.0,697.0,667.0
6728.0,1551.0,1582.0,1554.0,662.0,694.0,685.0
6765.0,1542.0,1579.0,1602.0,678.0,687.0,677.0
6866.0,1579.0,1642.0,1599.0,684.0,686.0,676.0
6722.0,1585.0,1581.0,1550.0,658.0,675.0,673.0
6761.0,1532.0,1580.0,1622.0,670.0,681.0,676.0
6832.0,1590.0,1578.0,1589.0,691.0,701.0,683.0
6705.0,1553.0,1573.0,1546.0,679.0,685.0,669.0
6602.0,1529.0,1529.0,1571.0,656.0,645.0,672.0
6741.0,1573.0,1588.0,1566.0,670.0,674.0,670.0
6697.0,1551.0,1548.0,1599.0,669.0,668.0,662.0
6724.0,1583.0,1565.0,1567.0,674.0,684.0,651.0
6783.0,1588.0,1537.0,1633.0,690.0,675.0,660.0
6654.0,1574.0,1535.0,1551.0,654.0,675.0,665.0
6680.0,1611.0,1526.0,1577.0,676.0,633.0,657.0
6741.0,1553.0,1555.0,1601.0,689.0,683.0,660.0
6649.0,1537.0,1537.0,1581.0,681.0,660.0,653.0
6519.0,1519.0,1474.0,1560.0,655.0,660.0,651.0
6670.0,1544.0,1563.0,1551.0,666.0,674.0,672.0
6855.0,1583.0,1602.0,1616.0,691.0,675.0,688.0
6618.0,1542.0,1559.0,1538.0,678.0,642.0,659.0
6705.0,1538.0,1554.0,1598.0,674.0,668.0,673.0
6646.0,1553.0,1553.0,1541.0,683.0,644.0,672.0
6597.0,1519.0,1545.0,1558.0,660.0,649.0,666.0
6678.0,1543.0,1558.0,1559.0,669.0,668.0,681.0
6560.0,1506.0,1529.0,1532.0,661.0,651.0,681.0
6793.0,1567.0,1562.0,1608.0,689.0,664.0,703.0
6734.0,1566.0,1580.0,1552.0,677.0,659.0,700.0
6780.0,1567.0,1592.0,1588.0,680.0,672.0,681.0
6717.0,1522.0,1617.0,1543.0,679.0,666.0,690.0
6694.0,1555.0,1569.0,1567.0,661.0,667.0,675.0
6844.0,1606.0,1630.0,1602.0,668.0,658.0,680.0
6844.0,1598.0,1587.0,1583.0,683.0,691.0,702.0
6834.0,1598.0,1603.0,1570.0,686.0,677.0,700.0
7056.0,1665.0,1656.0,1642.0,691.0,686.0,716.0
6837.0,1573.0,1634.0,1578.0,669.0,689.0,694.0
6964.0,1640.0,1662.0,1599.0,691.0,672.0,700.0
6836.0,1585.0,1598.0,1565.0,697.0,685.0,706.0
6878.0,1625.0,1597.0,1603.0,679.0,672.0,702.0
7094.0,1689.0,1661.0,1627.0,698.0,703.0,716.0
7095.0,1677.0,1608.0,1649.0,719.0,726.0,716.0
7134.0,1682.0,1687.0,1638.0,697.0,706.0,724.0
7022.0,1661.0,1643.0,1612.0,693.0,693.0,720.0
7123.0,1664.0,1711.0,1644.0,697.0,694.0,713.0
6896.0,1605.0,1589.0,1609.0,690.0,687.0,716.0
6879.0,1637.0,1614.0,1572.0,688.0,680.0,688.0
6861.0,1610.0,1568.0,1609.0,702.0,680.0,692.0
6887.0,1633.0,1568.0,1595.0,679.0,702.0,710.0
6875.0,1602.0,1578.0,1609.0,678.0,712.0,696.0
6942.0,1585.0,1627.0,1634.0,691.0,705.0,700.0
6981.0,1608.0,1605.0,1658.0,696.0,707.0,707.0
6918.0,1574.0,1645.0,1607.0,697.0,704.0,691.0
6808.0,1556.0,1601.0,1599.0,670.0,685.0,697.0
6822.0,1560.0,1591.0,1614.0,675.0,692.0,690.0
6812.0,1570.0,1565.0,1599.0,682.0,699.0,697.0
6901.0,1584.0,1620.0,1609.0,695.0,702.0,691.0
6930.0,1620.0,1593.0,1620.0,693.0,710.0,694.0
6982.0,1626.0,1610.0,1658.0,686.0,712.0,690.0
6974.0,1632.0,1644.0,1621.0,678.0,707.0,692.0
6806.0,1617.0,1596.0,1557.0,672.0,687.0,677.0
6802.0,1575.0,1579.0,1637.0,652.0,685.0,674.0
6921.0,1611.0,1595.0,1639.0,696.0,689.0,691.0
6925.0,1599.0,1625.0,1638.0,693.0,694.0,676.0
6947.0,1606.0,1631.0,1636.0,690.0,685.0,699.0
6897.0,1594.0,1633.0,1608.0,669.0,703.0,690.0
6713.0,1584.0,1543.0,1575.0,661.0,680.0,670.0
7041.0,1644.0,1651.0,1631.0,703.0,708.0,704.0
6828.0,1587.0,1617.0,1601.0,678.0,682.0,663.0
6840.0,1595.0,1602.0,1599.0,692.0,690.0,662.0
6882.0,1599.0,1621.0,1614.0,686.0,685.0,677.0
6715.0,1579.0,1548.0,1587.0,670.0,677.0,654.0
6681.0,1545.0,1570.0,1538.0,687.0,678.0,663.0
6783.0,1577.0,1547.0,1601.0,705.0,670.0,683.0
6890.0,1608.0,1635.0,1601.0,698.0,688.0,660.0
6830.0,1567.0,1602.0,1614.0,691.0,686.0,670.0
6727.0,1573.0,1602.0,1528.0,678.0,685.0,661.0
6858.0,1578.0,1613.0,1599.0,703.0,690.0,675.0
6804.0,1585.0,1618.0,1566.0,678.0,698.0,659.0
6899.0,1603.0,1608.0,1606.0,699.0,693.0,690.0
6979.0,1619.0,1641.0,1584.0,724.0,719.0,692.0
6868.0,1587.0,1588.0,1615.0,695.0,699.0,684.0
6954.0,1617.0,1621.0,1632.0,696.0,690.0,698.0
6774.0,1570.0,1593.0,1574.0,695.0,665.0,677.0
6949.0,1625.0,1620.0,1631.0,693.0,689.0,691.0
6916.0,1625.0,1585.0,1583.0,711.0,706.0,706.0
6956.0,1648.0,1597.0,1614.0,697.0,695.0,705.0
7201.0,1732.0,1664.0,1680.0,715.0,716.0,694.0
6887.0,1656.0,1587.0,1592.0,689.0,684.0,679.0
6933.0,1666.0,1579.0,1594.0,716.0,685.0,693.0
7045.0,1692.0,1633.0,1615.0,707.0,703.0,695.0
7026.0,1669.0,1636.0,1626.0,694.0,695.0,706.0
6987.0,1640.0,1598.0,1631.0,710.0,710.0,698.0
7082.0,1667.0,1621.0,1665.0,713.0,695.0,721.0
7020.0,1672.0,1616.0,1609.0,716.0,696.0,711.0
6917.0,1663.0,1603.0,1591.0,696.0,683.0,681.0
7082.0,1673.0,1662.0,1650.0,693.0,697.0,707.0
7048.0,1646.0,1659.0,1636.0,706.0,703.0,698.0
7018.0,1639.0,1636.0,1673.0,691.0,677.0,702.0
7165.0,1642.0,1672.0,1696.0,716.0,717.0,722.0
7116.0,1640.0,1646.0,1693.0,706.0,711.0,720.0
7196.0,1656.0,1683.0,1721.0,718.0,715.0,703.0
7197.0,1687.0,1701.0,1675.0,708.0,706.0,720.0
7069.0,1626.0,1669.0,1668.0,701.0,693.0,712.0
7292.0,1683.0,1745.0,1698.0,710.0,720.0,736.0
6986.0,1576.0,1639.0,1679.0,692.0,702.0,698.0
7054.0,1633.0,1674.0,1648.0,691.0,695.0,713.0
7139.0,1669.0,1649.0,1703.0,704.0,698.0,716.0
7046.0,1626.0,1670.0,1651.0,687.0,705.0,707.0
7161.0,1645.0,1697.0,1675.0,712.0,707.0,725.0
7017.0,1685.0,1621.0,1637.0,680.0,690.0,704.0
7066.0,1639.0,1704.0,1668.0,668.0,688.0,699.0
7085.0,1660.0,1663.0,1672.0,691.0,687.0,712.0
6883.0,1609.0,1587.0,1619.0,674.0,694.0,700.0
6858.0,1581.0,1604.0,1632.0,679.0,673.0,689.0
6957.0,1601.0,1634.0,1640.0,696.0,692.0,694.0
6905.0,1633.0,1616.0,1616.0,677.0,676.0,687.0
6886.0,1585.0,1589.0,1642.0,692.0,674.0,704.0
6726.0,1563.0,1565.0,1564.0,668.0,680.0,686.0
6895.0,1613.0,1584.0,1624.0,695.0,682.0,697.0
6983.0,1644.0,1613.0,1605.0,682.0,716.0,723.0
6949.0,1620.0,1596.0,1642.0,687.0,693.0,711.0
6670.0,1552.0,1547.0,1544.0,680.0,675.0,672.0
6917.0,1601.0,1605.0,1612.0,701.0,705.0,693.0
6814.0,1601.0,1564.0,1575.0,692.0,691.0,691.0
6777.0,1538.0,1563.0,1603.0,693.0,688.0,692.0
6767.0,1558.0,1553.0,1585.0,684.0,693.0,694.0
6801.0,1585.0,1584.0,1537.0,691.0,707.0,697.0
6858.0,1606.0,1595.0,1597.0,689.0,680.0,691.0
6815.0,1584.0,1603.0,1552.0,682.0,700.0,694.0
6961.0,1638.0,1617.0,1589.0,715.0,704.0,698.0
6870.0,1592.0,1587.0,1604.0,701.0,698.0,688.0
7078.0,1663.0,1635.0,1628.0,716.0,715.0,721.0
6840.0,1595.0,1575.0,1592.0,687.0,710.0,681.0
7066.0,1673.0,1614.0,1661.0,725.0,703.0,690.0
7032.0,1652.0,1607.0,1617.0,706.0,718.0,732.0
7059.0,1643.0,1635.0,1651.0,703.0,710.0,717.0
6976.0,1638.0,1636.0,1570.0,721.0,720.0,691.0
7096.0,1623.0,1696.0,1617.0,716.0,724.0,720.0
7253.0,1713.0,1705.0,1666.0,725.0,720.0,724.0
7074.0,1666.0,1673.0,1597.0,719.0,716.0,703.0
7204.0,1715.0,1669.0,1659.0,723.0,718.0,720.0
7229.0,1727.0,1700.0,1643.0,728.0,721.0,710.0
7288.0,1717.0,1728.0,1671.0,733.0,727.0,712.0
7307.0,1721.0,1717.0,1670.0,739.0,745.0,715.0
7207.0,1682.0,1709.0,1674.0,721.0,714.0,707.0
7211.0,1701.0,1674.0,1687.0,724.0,720.0,705.0
7281.0,1734.0,1699.0,1706.0,717.0,719.0,706.0
7314.0,1724.0,1725.0,1674.0,735.0,724.0,732.0
7155.0,1678.0,1652.0,1722.0,709.0,704.0,690.0
7243.0,1697.0,1685.0,1714.0,709.0,737.0,701.0
7151.0,1632.0,1690.0,1693.0,713.0,714.0,709.0
7218.0,1681.0,1662.0,1695.0,725.0,728.0,727.0
7033.0,1583.0,1665.0,1644.0,716.0,705.0,720.0
7226.0,1691.0,1679.0,1723.0,717.0,704.0,712.0
7022.0,1582.0,1628.0,1697.0,724.0,703.0,688.0
7065.0,1653.0,1636.0,1667.0,711.0,700.0,698.0
7207.0,1646.0,1700.0,1706.0,721.0,706.0,728.0
7016.0,1681.0,1604.0,1639.0,703.0,698.0,691.0
7066.0,1612.0,1661.0,1681.0,713.0,700.0,699.0
6979.0,1624.0,1616.0,1659.0,700.0,694.0,686.0
7116.0,1682.0,1641.0,1669.0,712.0,710.0,702.0
7165.0,1679.0,1636.0,1717.0,715.0,715.0,703.0
6909.0,1629.0,1619.0,1599.0,698.0,672.0,692.0
6940.0,1635.0,1594.0,1652.0,682.0,692.0,685.0
7039.0,1673.0,1656.0,1627.0,683.0,709.0,691.0
7017.0,1635.0,1640.0,1633.0,705.0,691.0,713.0
7064.0,1679.0,1624.0,1635.0,697.0,725.0,704.0
6951.0,1644.0,1625.0,1632.0,692.0,689.0,669.0
6983.0,1676.0,1614.0,1613.0,703.0,701.0,676.0
6962.0,1650.0,1646.0,1604.0,683.0,681.0,698.0
7033.0,1650.0,1627.0,1663.0,688.0,699.0,706.0
6870.0,1586.0,1593.0,1620.0,687.0,690.0,694.0
6896.0,1652.0,1619.0,1572.0,695.0,671.0,687.0
6938.0,1647.0,1647.0,1582.0,696.0,671.0,695.0
6877.0,1647.0,1595.0,1586.0,671.0,690.0,688.0
6975.0,1629.0,1679.0,1589.0,704.0,682.0,692.0
7017.0,1623.0,1651.0,1656.0,689.0,689.0,709.0
6985.0,1622.0,1671.0,1605.0,688.0,691.0,708.0
6887.0,1560.0,1653.0,1613.0,675.0,689.0,697.0
6939.0,1608.0,1632.0,1602.0,702.0,694.0,701.0
6837.0,1592.0,1604.0,1582.0,681.0,682.0,696.0
6934.0,1611.0,1625.0,1612.0,691.0,695.0,700.0
7076.0,1606.0,1698.0,1615.0,717.0,716.0,724.0
7044.0,1642.0,1663.0,1622.0,715.0,702.0,700.0
7055.0,1606.0,1680.0,1628.0,718.0,711.0,712.0
7073.0,1636.0,1685.0,1612.0,714.0,703.0,723.0
7063.0,1661.0,1656.0,1615.0,721.0,695.0,715.0
7216.0,1661.0,1717.0,1666.0,727.0,710.0,735.0
7186.0,1674.0,1682.0,1661.0,715.0,732.0,722.0
7069.0,1659.0,1640.0,1642.0,706.0,712.0,710.0
7204.0,1689.0,1676.0,1657.0,714.0,720.0,748.0
7156.0,1665.0,1654.0,1649.0,724.0,727.0,737.0
7156.0,1657.0,1671.0,1644.0,739.0,732.0,713.0
7282.0,1687.0,1683.0,1682.0,731.0,739.0,760.0
7322.0,1757.0,1691.0,1665.0,730.0,739.0,740.0
7210.0,1713.0,1658.0,1665.0,723.0,726.0,725.0
7370.0,1762.0,1687.0,1702.0,739.0,747.0,733.0
7306.0,1704.0,1666.0,1707.0,735.0,739.0,755.0
7470.0,1752.0,1738.0,1736.0,751.0,750.0,743.0
7509.0,1748.0,1730.0,1761.0,753.0,771.0,746.0
7434.0,1695.0,1738.0,1767.0,753.0,739.0,742.0
7324.0,1726.0,1630.0,1739.0,747.0,738.0,744.0
7442.0,1708.0,1711.0,1766.0,763.0,745.0,749.0
7320.0,1689.0,1680.0,1746.0,730.0,750.0,725.0
7322.0,1693.0,1700.0,1719.0,744.0,733.0,733.0
7428.0,1716.0,1737.0,1735.0,753.0,735.0,752.0
7323.0,1680.0,1680.0,1728.0,743.0,748.0,744.0
7291.0,1628.0,1752.0,1697.0,732.0,735.0,747.0
7403.0,1680.0,1753.0,1762.0,722.0,744.0,742.0
7138.0,1656.0,1677.0,1671.0,708.0,710.0,716.0
7045.0,1670.0,1654.0,1630.0,696.0,700.0,695.0
7192.0,1673.0,1705.0,1671.0,714.0,715.0,714.0
7299.0,1717.0,1689.0,1708.0,714.0,747.0,724.0
7104.0,1616.0,1680.0,1670.0,697.0,728.0,713.0
7243.0,1716.0,1692.0,1703.0,711.0,713.0,708.0
7122.0,1636.0,1660.0,1669.0,718.0,721.0,718.0
7069.0,1627.0,1675.0,1667.0,691.0,697.0,712.0
7013.0,1646.0,1649.0,1626.0,697.0,709.0,686.0
7157.0,1679.0,1683.0,1666.0,714.0,709.0,706.0
7038.0,1641.0,1688.0,1621.0,692.0,703.0,693.0
7168.0,1698.0,1689.0,1654.0,701.0,707.0,719.0
6975.0,1624.0,1680.0,1603.0,683.0,683.0,702.0
7073.0,1671.0,1658.0,1657.0,685.0,703.0,699.0
7105.0,1660.0,1684.0,1643.0,715.0,711.0,692.0
6914.0,1641.0,1617.0,1616.0,674.0,695.0,671.0
6964.0,1614.0,1631.0,1619.0,686.0,704.0,710.0
6967.0,1611.0,1635.0,1637.0,685.0,700.0,699.0
6855.0,1592.0,1623.0,1597.0,675.0,682.0,686.0
7065.0,1674.0,1648.0,1641.0,691.0,701.0,710.0
6870.0,1572.0,1636.0,1591.0,683.0,689.0,699.0
6991.0,1666.0,1617.0,1607.0,706.0,705.0,690.0
6922.0,1616.0,1599.0,1599.0,715.0,699.0,694.0
6931.0,1622.0,1592.0,1636.0,693.0,691.0,697.0
6953.0,1573.0,1628.0,1616.0,716.0,706.0,714.0
7074.0,1629.0,1656.0,1643.0,707.0,725.0,714.0
7048.0,1643.0,1647.0,1649.0,707.0,707.0,695.0
7028.0,1676.0,1646.0,1627.0,700.0,697.0,682.0
7069.0,1643.0,1643.0,1652.0,728.0,715.0,688.0
7161.0,1705.0,1651.0,1677.0,721.0,706.0,701.0
7148.0,1677.0,1616.0,1705.0,723.0,707.0,720.0
7298.0,1718.0,1682.0,1704.0,733.0,715.0,746.0
7209.0,1677.0,1697.0,1687.0,714.0,710.0,724.0
7408.0,1770.0,1714.0,1723.0,752.0,730.0,719.0
7298.0,1674.0,1707.0,1725.0,752.0,710.0,730.0
7382.0,1750.0,1731.0,1709.0,736.0,736.0,720.0
7537.0,1782.0,1750.0,1745.0,772.0,750.0,738.0
7553.0,1776.0,1772.0,1767.0,757.0,748.0,733.0
7518.0,1743.0,1771.0,1744.0,779.0,742.0,739.0
7528.0,1765.0,1752.0,1776.0,747.0,740.0,748.0
7279.0,1717.0,1671.0,1722.0,732.0,726.0,711.0
7504.0,1730.0,1770.0,1765.0,762.0,739.0,738.0
7545.0,1767.0,1766.0,1752.0,762.0,750.0,748.0
7511.0,1753.0,1751.0,1765.0,738.0,759.0,745.0
7364.0,1674.0,1737.0,1736.0,746.0,732.0,739.0
7427.0,1743.0,1725.0,1754.0,739.0,723.0,743.0
7510.0,1732.0,1735.0,1781.0,764.0,757.0,741.0
7416.0,1705.0,1734.0,1731.0,742.0,762.0,742.0
7433.0,1722.0,1766.0,1716.0,739.0,745.0,745.0
7318.0,1660.0,1713.0,1730.0,739.0,736.0,740.0
7375.0,1710.0,1736.0,1723.0,737.0,734.0,735.0
7266.0,1662.0,1694.0,1722.0,728.0,725.0,735.0
7474.0,1715.0,1759.0,1738.0,748.0,757.0,757.0
7425.0,1724.0,1711.0,1747.0,754.0,733.0,756.0
7203.0,1673.0,1686.0,1668.0,715.0,729.0,732.0
7274.0,1709.0,1705.0,1660.0,720.0,748.0,732.0
7410.0,1749.0,1734.0,1714.0,731.0,735.0,747.0
7198.0,1705.0,1653.0,1659.0,727.0,732.0,722.0
7249.0,1710.0,1713.0,1650.0,717.0,734.0,725.0
7136.0,1697.0,1659.0,1625.0,714.0,719.0,722.0
7258.0,1671.0,1709.0,1677.0,722.0,738.0,741.0
7216.0,1708.0,1662.0,1695.0,718.0,723.0,710.0
7130.0,1751.0,1630.0,1591.0,700.0,713.0,745.0
7062.0,1653.0,1642.0,1627.0,708.0,712.0,720.0
7279.0,1743.0,1663.0,1695.0,720.0,726.0,732.0
7129.0,1651.0,1674.0,1629.0,704.0,737.0,734.0
7295.0,1699.0,1687.0,1699.0,731.0,744.0,735.0
7184.0,1699.0,1692.0,1612.0,728.0,719.0,734.0
7191.0,1670.0,1656.0,1657.0,727.0,753.0,728.0
7059.0,1638.0,1650.0,1626.0,714.0,712.0,719.0
7130.0,1662.0,1683.0,1653.0,712.0,708.0,712.0
7113.0,1661.0,1652.0,1659.0,726.0,706.0,709.0
7166.0,1672.0,1644.0,1702.0,691.0,730.0,727.0
7203.0,1654.0,1737.0,1668.0,718.0,704.0,722.0
7100.0,1608.0,1700.0,1650.0,706.0,725.0,711.0
7215.0,1679.0,1673.0,1690.0,720.0,716.0,737.0
7172.0,1664.0,1690.0,1655.0,708.0,722.0,733.0
7217.0,1656.0,1707.0,1699.0,712.0,710.0,733.0
7166.0,1681.0,1699.0,1663.0,714.0,703.0,706.0
7280.0,1657.0,1717.0,1703.0,739.0,732.0,732.0
7205.0,1654.0,1707.0,1693.0,714.0,710.0,727.0
7218.0,1652.0,1726.0,1679.0,724.0,707.0,730.0
7213.0,1682.0,1697.0,1690.0,714.0,715.0,715.0
7338.0,1693.0,1738.0,1744.0,718.0,719.0,726.0
7524.0,1784.0,1770.0,1728.0,755.0,746.0,741.0
7445.0,1745.0,1749.0,1746.0,740.0,723.0,742.0
7676.0,1796.0,1772.0,1831.0,763.0,744.0,770.0
7467.0,1763.0,1715.0,1791.0,748.0,714.0,736.0
7510.0,1790.0,1737.0,1757.0,750.0,742.0,734.0
7491.0,1774.0,1722.0,1764.0,751.0,743.0,737.0
7476.0,1752.0,1709.0,1752.0,749.0,746.0,768.0
7679.0,1801.0,1781.0,1822.0,777.0,741.0,757.0
7649.0,1777.0,1785.0,1813.0,771.0,744.0,759.0
7598.0,1781.0,1751.0,1792.0,771.0,753.0,750.0
7472.0,1750.0,1717.0,1779.0,743.0,743.0,740.0
7314.0,1722.0,1638.0,1740.0,745.0,740.0,729.0
7548.0,1772.0,1735.0,1819.0,752.0,742.0,728.0
7423.0,1709.0,1717.0,1776.0,759.0,739.0,723.0
7417.0,1730.0,1691.0,1762.0,763.0,734.0,737.0
7526.0,1743.0,1777.0,1772.0,759.0,747.0,728.0
7439.0,1702.0,1734.0,1769.0,761.0,740.0,733.0
7644.0,1817.0,1770.0,1775.0,777.0,754.0,751.0
7623.0,1778.0,1786.0,1790.0,769.0,741.0,759.0
7437.0,1713.0,1722.0,1761.0,750.0,745.0,746.0
7263.0,1677.0,1710.0,1680.0,739.0,725.0,732.0
7433.0,1731.0,1729.0,1721.0,754.0,739.0,759.0
7224.0,1713.0,1694.0,1640.0,734.0,713.0,730.0
7490.0,1730.0,1796.0,1745.0,747.0,720.0,752.0
7418.0,1739.0,1741.0,1698.0,761.0,750.0,729.0
7286.0,1690.0,1699.0,1704.0,735.0,735.0,723.0
7343.0,1732.0,1716.0,1698.0,734.0,736.0,727.0
7505.0,1780.0,1771.0,1720.0,750.0,751.0,733.0
7159.0,1691.0,1654.0,1651.0,724.0,714.0,725.0
7289.0,1713.0,1702.0,1709.0,738.0,724.0,703.0
7444.0,1768.0,1722.0,1737.0,745.0,733.0,739.0
7315.0,1709.0,1724.0,1678.0,732.0,749.0,723.0
7201.0,1688.0,1720.0,1659.0,693.0,720.0,721.0
7264.0,1713.0,1720.0,1680.0,710.0,729.0,712.0
7259.0,1681.0,1713.0,1695.0,720.0,722.0,728.0
7414.0,1777.0,1738.0,1695.0,718.0,750.0,736.0
7246.0,1687.0,1731.0,1663.0,717.0,739.0,709.0
7321.0,1679.0,1707.0,1724.0,752.0,733.0,726.0
7180.0,1698.0,1693.0,1645.0,709.0,725.0,710.0
7331.0,1709.0,1729.0,1697.0,718.0,756.0,722.0
7172.0,1661.0,1676.0,1675.0,712.0,729.0,719.0
7271.0,1685.0,1680.0,1717.0,718.0,737.0,734.0
7362.0,1695.0,1726.0,1742.0,718.0,746.0,735.0
7338.0,1692.0,1710.0,1736.0,718.0,742.0,740.0
7333.0,1696.0,1719.0,1736.0,719.0,733.0,730.0
7486.0,1731.0,1755.0,1733.0,736.0,770.0,761.0
7265.0,1705.0,1671.0,1703.0,731.0,725.0,730.0
7388.0,1709.0,1715.0,1740.0,714.0,753.0,757.0
7410.0,1719.0,1710.0,1760.0,717.0,752.0,752.0
7424.0,1738.0,1704.0,1743.0,747.0,749.0,743.0
7467.0,1758.0,1709.0,1742.0,736.0,754.0,768.0
7427.0,1758.0,1703.0,1689.0,748.0,770.0,759.0
7345.0,1735.0,1653.0,1744.0,716.0,754.0,743.0
7520.0,1793.0,1703.0,1762.0,749.0,752.0,761.0
7680.0,1783.0,1759.0,1832.0,756.0,775.0,775.0
7694.0,1775.0,1781.0,1817.0,774.0,779.0,768.0
7696.0,1815.0,1737.0,1823.0,771.0,771.0,779.0
7658.0,1814.0,1771.0,1746.0,772.0,776.0,779.0
7733.0,1800.0,1796.0,1818.0,763.0,765.0,791.0
7612.0,1783.0,1761.0,1784.0,772.0,755.0,757.0
7476.0,1747.0,1717.0,1756.0,742.0,756.0,758.0
7557.0,1759.0,1752.0,1773.0,755.0,763.0,755.0
7788.0,1831.0,1814.0,1807.0,782.0,764.0,790.0
7601.0,1777.0,1787.0,1761.0,756.0,757.0,763.0
7509.0,1716.0,1792.0,1732.0,763.0,747.0,759.0
7654.0,1778.0,1840.0,1739.0,780.0,748.0,769.0
7639.0,1766.0,1828.0,1765.0,769.0,752.0,759.0
7471.0,1727.0,1764.0,1725.0,765.0,742.0,748.0
7624.0,1744.0,1831.0,1753.0,775.0,746.0,775.0
7600.0,1763.0,1773.0,1767.0,786.0,751.0,760.0
7719.0,1804.0,1839.0,1746.0,788.0,769.0,773.0
7546.0,1739.0,1794.0,1739.0,765.0,752.0,757.0
7502.0,1726.0,1771.0,1725.0,763.0,755.0,762.0
7570.0,1757.0,1787.0,1726.0,783.0,761.0,756.0
7382.0,1743.0,1743.0,1693.0,743.0,730.0,730.0
7576.0,1771.0,1787.0,1767.0,765.0,741.0,745.0
7335.0,1716.0,1737.0,1672.0,740.0,733.0,737.0
7559.0,1822.0,1766.0,1702.0,771.0,745.0,753.0
7344.0,1766.0,1724.0,1670.0,735.0,725.0,724.0
7466.0,1755.0,1721.0,1729.0,764.0,738.0,759.0
7417.0,1768.0,1719.0,1698.0,750.0,734.0,748.0
7328.0,1714.0,1701.0,1706.0,729.0,730.0,748.0
7417.0,1763.0,1686.0,1740.0,740.0,742.0,746.0
7420.0,1796.0,1717.0,1701.0,758.0,728.0,720.0
7371.0,1764.0,1701.0,1672.0,765.0,733.0,736.0
7304.0,1717.0,1683.0,1698.0,732.0,730.0,744.0
7334.0,1733.0,1682.0,1728.0,724.0,736.0,731.0
7376.0,1693.0,1694.0,1746.0,759.0,751.0,733.0
7364.0,1706.0,1699.0,1772.0,731.0,719.0,737.0
7499.0,1747.0,1741.0,1779.0,760.0,735.0,737.0
7380.0,1718.0,1702.0,1736.0,749.0,742.0,733.0
7391.0,1747.0,1675.0,1754.0,739.0,742.0,734.0
7253.0,1688.0,1700.0,1683.0,730.0,735.0,717.0
7440.0,1749.0,1747.0,1764.0,727.0,729.0,724.0
7390.0,1711.0,1719.0,1723.0,764.0,743.0,730.0
7451.0,1727.0,1719.0,1782.0,754.0,741.0,728.0
7269.0,1697.0,1670.0,1728.0,715.0,739.0,720.0
7399.0,1748.0,1711.0,1716.0,746.0,749.0,729.0
7623.0,1785.0,1797.0,1762.0,758.0,768.0,753.0
7479.0,1707.0,1754.0,1780.0,733.0,764.0,741.0
7636.0,1755.0,1816.0,1801.0,739.0,776.0,749.0
7526.0,1782.0,1752.0,1769.0,736.0,752.0,735.0
7501.0,1728.0,1756.0,1795.0,737.0,739.0,746.0
7650.0,1815.0,1748.0,1816.0,756.0,761.0,754.0
7552.0,1787.0,1732.0,1767.0,747.0,766.0,753.0
7655.0,1802.0,1770.0,1784.0,766.0,791.0,742.0
7578.0,1748.0,1759.0,1809.0,758.0,755.0,749.0
7776.0,1817.0,1847.0,1791.0,769.0,770.0,782.0
7678.0,1832.0,1806.0,1755.0,763.0,766.0,756.0
7661.0,1809.0,1795.0,1782.0,751.0,767.0,757.0
7854.0,1847.0,1828.0,1837.0,779.0,779.0,784.0
7738.0,1832.0,1837.0,1760.0,754.0,781.0,774.0
7807.0,1815.0,1833.0,1828.0,777.0,791.0,763.0
7849.0,1840.0,1805.0,1835.0,789.0,796.0,784.0
7777.0,1810.0,1808.0,1811.0,797.0,782.0,769.0
7774.0,1813.0,1799.0,1806.0,777.0,786.0,793.0
7630.0,1769.0,1778.0,1761.0,775.0,781.0,766.0
7775.0,1794.0,1825.0,1808.0,787.0,785.0,776.0
7675.0,1786.0,1793.0,1760.0,774.0,780.0,782.0
7637.0,1785.0,1772.0,1733.0,778.0,783.0,786.0
7681.0,1780.0,1765.0,1798.0,778.0,784.0,776.0
7717.0,1760.0,1761.0,1820.0,781.0,803.0,792.0
7752.0,1775.0,1831.0,1776.0,786.0,793.0,791.0
7562.0,1758.0,1742.0,1754.0,770.0,767.0,771.0
7693.0,1796.0,1769.0,1795.0,780.0,773.0,780.0
7698.0,1771.0,1794.0,1792.0,772.0,785.0,784.0
7573.0,1767.0,1783.0,1740.0,768.0,752.0,763.0
7605.0,1747.0,1758.0,1775.0,771.0,772.0,782.0
7757.0,1814.0,1797.0,1800.0,779.0,782.0,785.0
7549.0,1755.0,1804.0,1709.0,761.0,756.0,764.0
7640.0,1765.0,1801.0,1778.0,763.0,756.0,777.0
7565.0,1786.0,1755.0,1751.0,762.0,746.0,765.0
7584.0,1776.0,1772.0,1745.0,784.0,744.0,763.0
7492.0,1754.0,1725.0,1751.0,751.0,750.0,761.0
7490.0,1772.0,1738.0,1728.0,765.0,740.0,747.0
7638.0,1774.0,1807.0,1766.0,767.0,768.0,756.0
7541.0,1768.0,1745.0,1751.0,755.0,760.0,762.0
7508.0,1778.0,1726.0,1771.0,751.0,734.0,748.0
7616.0,1787.0,1769.0,1779.0,763.0,752.0,766.0
7662.0,1774.0,1812.0,1777.0,756.0,774.0,769.0
7581.0,1772.0,1796.0,1755.0,759.0,740.0,759.0
7533.0,1766.0,1759.0,1755.0,749.0,740.0,764.0
7516.0,1723.0,1770.0,1769.0,765.0,747.0,742.0
7524.0,1740.0,1774.0,1778.0,741.0,736.0,755.0
7598.0,1756.0,1785.0,1781.0,758.0,748.0,770.0
7352.0,1712.0,1727.0,1748.0,711.0,716.0,738.0
7599.0,1725.0,1764.0,1819.0,757.0,762.0,772.0
7641.0,1793.0,1771.0,1781.0,756.0,766.0,774.0
7546.0,1753.0,1750.0,1797.0,755.0,740.0,751.0
7566.0,1785.0,1777.0,1752.0,742.0,750.0,760.0
7544.0,1737.0,1768.0,1784.0,756.0,752.0,747.0
7513.0,1737.0,1783.0,1745.0,749.0,739.0,760.0
7472.0,1733.0,1712.0,1776.0,745.0,738.0,768.0
7542.0,1758.0,1765.0,1748.0,759.0,750.0,762.0
7504.0,1736.0,1737.0,1779.0,753.0,760.0,739.0
7631.0,1774.0,1731.0,1811.0,774.0,780.0,761.0
7588.0,1785.0,1759.0,1753.0,764.0,761.0,766.0
7576.0,1783.0,1765.0,1775.0,738.0,752.0,763.0
7540.0,1785.0,1746.0,1752.0,749.0,762.0,746.0
7680.0,1850.0,1745.0,1792.0,766.0,766.0,761.0
7781.0,1874.0,1792.0,1795.0,776.0,776.0,768.0
7900.0,1875.0,1835.0,1821.0,786.0,801.0,782.0
7720.0,1838.0,1770.0,1789.0,777.0,776.0,770.0
7584.0,1793.0,1754.0,1749.0,762.0,768.0,758.0
7756.0,1832.0,1790.0,1828.0,772.0,770.0,764.0
7659.0,1811.0,1804.0,1727.0,761.0,783.0,773.0
7788.0,1815.0,1812.0,1844.0,762.0,785.0,770.0
7831.0,1875.0,1806.0,1794.0,794.0,787.0,775.0
7851.0,1853.0,1809.0,1817.0,784.0,799.0,789.0
7836.0,1795.0,1843.0,1837.0,785.0,788.0,788.0
7705.0,1758.0,1814.0,1792.0,787.0,791.0,763.0
7739.0,1800.0,1793.0,1838.0,771.0,780.0,757.0
7847.0,1838.0,1807.0,1833.0,797.0,788.0,784.0
7586.0,1753.0,1771.0,1748.0,780.0,774.0,760.0
7798.0,1779.0,1863.0,1811.0,793.0,785.0,767.0
7929.0,1852.0,1865.0,1842.0,791.0,799.0,780.0
7721.0,1779.0,1836.0,1816.0,788.0,764.0,738.0
7688.0,1769.0,1798.0,1833.0,773.0,772.0,743.0
7825.0,1861.0,1820.0,1821.0,776.0,788.0,759.0
7650.0,1783.0,1800.0,1748.0,778.0,778.0,763.0
7644.0,1773.0,1762.0,1788.0,793.0,796.0,732.0
7718.0,1799.0,1832.0,1790.0,764.0,780.0,753.0
7709.0,1782.0,1835.0,1783.0,788.0,760.0,761.0
7496.0,1734.0,1755.0,1780.0,741.0,750.0,736.0
7624.0,1806.0,1757.0,1767.0,782.0,761.0,751.0
7705.0,1792.0,1808.0,1799.0,781.0,770.0,755.0
7630.0,1799.0,1758.0,1798.0,768.0,760.0,747.0
7675.0,1777.0,1786.0,1804.0,789.0,771.0,748.0
7692.0,1809.0,1759.0,1797.0,786.0,780.0,761.0
7616.0,1749.0,1788.0,1789.0,781.0,755.0,754.0
7476.0,1732.0,1715.0,1776.0,751.0,740.0,762.0
7588.0,1822.0,1702.0,1780.0,763.0,763.0,758.0
7681.0,1795.0,1771.0,1805.0,773.0,762.0,775.0
7600.0,1781.0,1775.0,1778.0,768.0,760.0,738.0
7636.0,1782.0,1756.0,1785.0,774.0,766.0,773.0
7635.0,1745.0,1783.0,1793.0,754.0,789.0,771.0
7446.0,1712.0,1739.0,1757.0,750.0,746.0,742.0
7581.0,1749.0,1768.0,1794.0,764.0,740.0,766.0
7380.0,1733.0,1720.0,1723.0,733.0,732.0,739.0
7644.0,1761.0,1787.0,1801.0,769.0,756.0,770.0
7577.0,1768.0,1771.0,1742.0,766.0,765.0,765.0
7776.0,1832.0,1796.0,1826.0,775.0,758.0,789.0
7562.0,1743.0,1742.0,1806.0,738.0,747.0,786.0
7671.0,1749.0,1776.0,1843.0,777.0,762.0,764.0
7742.0,1829.0,1800.0,1801.0,773.0,768.0,771.0
7717.0,1772.0,1822.0,1794.0,773.0,770.0,786.0
7636.0,1771.0,1788.0,1775.0,767.0,759.0,776.0
7700.0,1831.0,1774.0,1798.0,753.0,764.0,780.0
7727.0,1811.0,1829.0,1788.0,756.0,754.0,789.0
7775.0,1815.0,1819.0,1811.0,781.0,774.0,775.0
8030.0,1878.0,1911.0,1867.0,785.0,779.0,810.0
7904.0,1883.0,1846.0,1828.0,758.0,787.0,802.0
7845.0,1829.0,1833.0,1816.0,775.0,789.0,803.0
7814.0,1862.0,1839.0,1770.0,780.0,775.0,788.0
7991.0,1916.0,1871.0,1855.0,783.0,780.0,786.0
7790.0,1832.0,1838.0,1800.0,777.0,756.0,787.0
7864.0,1821.0,1848.0,1827.0,788.0,778.0,802.0
7862.0,1842.0,1882.0,1793.0,769.0,782.0,794.0
7936.0,1861.0,1883.0,1834.0,779.0,789.0,790.0
7844.0,1832.0,1863.0,1810.0,780.0,771.0,788.0
8090.0,1902.0,1898.0,1849.0,805.0,804.0,832.0
7938.0,1855.0,1895.0,1816.0,768.0,792.0,812.0
7974.0,1868.0,1910.0,1830.0,786.0,782.0,798.0
7954.0,1860.0,1866.0,1848.0,802.0,786.0,792.0
7987.0,1847.0,1865.0,1882.0,806.0,783.0,804.0
7815.0,1763.0,1855.0,1856.0,779.0,766.0,796.0
7834.0,1831.0,1797.0,1829.0,804.0,783.0,790.0
8015.0,1856.0,1875.0,1894.0,791.0,788.0,811.0
7825.0,1818.0,1833.0,1815.0,787.0,770.0,802.0
7897.0,1848.0,1814.0,1841.0,801.0,792.0,801.0
7805.0,1846.0,1776.0,1836.0,778.0,782.0,787.0
7900.0,1870.0,1831.0,1838.0,797.0,787.0,777.0
7776.0,1792.0,1798.0,1836.0,791.0,778.0,781.0
7731.0,1800.0,1802.0,1811.0,774.0,778.0,766.0
7707.0,1810.0,1756.0,1803.0,785.0,778.0,775.0
7816.0,1824.0,1821.0,1821.0,785.0,790.0,775.0
7845.0,1838.0,1830.0,1832.0,773.0,779.0,793.0
7645.0,1777.0,1759.0,1796.0,775.0,775.0,763.0
7725.0,1829.0,1758.0,1818.0,765.0,790.0,765.0
7665.0,1767.0,1807.0,1834.0,757.0,754.0,746.0
7823.0,1817.0,1829.0,1822.0,777.0,797.0,781.0
7671.0,1778.0,1788.0,1800.0,766.0,774.0,765.0
7725.0,1801.0,1822.0,1785.0,781.0,787.0,749.0
7592.0,1775.0,1756.0,1789.0,754.0,768.0,750.0
7651.0,1744.0,1780.0,1820.0,765.0,780.0,762.0
7845.0,1840.0,1853.0,1796.0,797.0,803.0,756.0
7724.0,1765.0,1798.0,1843.0,772.0,780.0,766.0
7805.0,1843.0,1836.0,1801.0,795.0,763.0,767.0
7625.0,1742.0,1796.0,1762.0,776.0,793.0,756.0
7603.0,1787.0,1764.0,1750.0,774.0,765.0,763.0
7732.0,1792.0,1841.0,1784.0,778.0,781.0,756.0
7743.0,1773.0,1843.0,1789.0,794.0,781.0,763.0
7506.0,1718.0,1772.0,1745.0,760.0,770.0,741.0
7679.0,1760.0,1859.0,1781.0,751.0,776.0,752.0
7900.0,1835.0,1882.0,1855.0,777.0,778.0,773.0
7678.0,1793.0,1791.0,1783.0,777.0,775.0,759.0
7843.0,1842.0,1842.0,1823.0,793.0,773.0,770.0
7828.0,1841.0,1837.0,1799.0,785.0,796.0,770.0
7751.0,1826.0,1830.0,1774.0,769.0,783.0,769.0
7753.0,1835.0,1817.0,1787.0,778.0,767.0,769.0
7799.0,1853.0,1827.0,1785.0,769.0,779.0,786.0
8029.0,1907.0,1879.0,1829.0,805.0,805.0,804.0
7810.0,1874.0,1765.0,1837.0,783.0,784.0,767.0
8083.0,1914.0,1872.0,1873.0,816.0,805.0,803.0
8091.0,1927.0,1881.0,1878.0,809.0,812.0,784.0
7968.0,1914.0,1832.0,1852.0,800.0,784.0,786.0
7873.0,1881.0,1835.0,1793.0,789.0,791.0,784.0
7977.0,1872.0,1874.0,1851.0,775.0,796.0,809.0
8073.0,1914.0,1861.0,1853.0,806.0,808.0,831.0
7888.0,1878.0,1804.0,1822.0,794.0,783.0,807.0
8104.0,1924.0,1838.0,1916.0,806.0,811.0,809.0
7884.0,1858.0,1820.0,1833.0,788.0,792.0,793.0
7922.0,1841.0,1867.0,1848.0,782.0,794.0,790.0
7851.0,1830.0,1852.0,1827.0,791.0,770.0,781.0
7954.0,1848.0,1822.0,1896.0,792.0,794.0,802.0
8010.0,1860.0,1863.0,1867.0,803.0,793.0,824.0
8071.0,1889.0,1881.0,1896.0,815.0,787.0,803.0
8072.0,1848.0,1900.0,1908.0,804.0,814.0,798.0
8010.0,1878.0,1864.0,1887.0,789.0,775.0,817.0
7859.0,1810.0,1850.0,1857.0,776.0,781.0,785.0
7892.0,1839.0,1829.0,1861.0,778.0,787.0,798.0
8003.0,1847.0,1849.0,1906.0,805.0,782.0,814.0
7929.0,1828.0,1845.0,1896.0,781.0,786.0,793.0
8015.0,1850.0,1890.0,1898.0,791.0,780.0,806.0
7888.0,1853.0,1857.0,1860.0,772.0,775.0,771.0
7831.0,1790.0,1827.0,1866.0,780.0,770.0,798.0
7899.0,1849.0,1840.0,1846.0,795.0,777.0,792.0
7813.0,1811.0,1845.0,1834.0,786.0,761.0,776.0
7774.0,1810.0,1810.0,1885.0,770.0,733.0,766.0
8044.0,1906.0,1850.0,1891.0,808.0,798.0,791.0
7874.0,1825.0,1857.0,1870.0,771.0,775.0,776.0
7946.0,1844.0,1845.0,1861.0,792.0,796.0,808.0
7968.0,1843.0,1831.0,1886.0,806.0,797.0,805.0
7871.0,1812.0,1856.0,1827.0,794.0,791.0,791.0
7809.0,1823.0,1851.0,1813.0,779.0,778.0,765.0
7821.0,1818.0,1822.0,1822.0,798.0,773.0,788.0
7780.0,1822.0,1814.0,1802.0,781.0,769.0,792.0
7906.0,1853.0,1851.0,1818.0,810.0,776.0,798.0
7867.0,1798.0,1853.0,1857.0,780.0,781.0,798.0
7765.0,1831.0,1759.0,1813.0,792.0,777.0,793.0
7844.0,1850.0,1817.0,1798.0,815.0,789.0,775.0
7823.0,1803.0,1820.0,1823.0,784.0,812.0,781.0
7800.0,1811.0,1800.0,1820.0,793.0,787.0,789.0
7841.0,1830.0,1813.0,1828.0,790.0,784.0,796.0
7715.0,1796.0,1786.0,1787.0,776.0,788.0,782.0
7871.0,1804.0,1824.0,1832.0,799.0,800.0,812.0
7921.0,1849.0,1852.0,1830.0,801.0,805.0,784.0
7814.0,1823.0,1829.0,1810.0,779.0,789.0,784.0
7765.0,1803.0,1800.0,1805.0,786.0,789.0,782.0
7951.0,1877.0,1845.0,1838.0,807.0,798.0,786.0
8088.0,1894.0,1884.0,1868.0,801.0,820.0,821.0
8029.0,1857.0,1899.0,1842.0,810.0,819.0,802.0
7901.0,1848.0,1840.0,1852.0,783.0,794.0,784.0
7898.0,1847.0,1832.0,1824.0,796.0,812.0,787.0
8135.0,1903.0,1903.0,1885.0,806.0,820.0,818.0
8114.0,1912.0,1881.0,1879.0,817.0,829.0,796.0
8039.0,1888.0,1876.0,1860.0,813.0,807.0,795.0
8166.0,1900.0,1948.0,1889.0,795.0,815.0,819.0
8150.0,1907.0,1926.0,1875.0,799.0,821.0,822.0
8014.0,1908.0,1897.0,1825.0,789.0,808.0,787.0
8357.0,1950.0,1994.0,1951.0,814.0,834.0,814.0
8105.0,1902.0,1906.0,1857.0,802.0,831.0,807.0
8165.0,1872.0,1929.0,1933.0,806.0,811.0,814.0
8203.0,1887.0,1960.0,1891.0,808.0,835.0,822.0
8118.0,1855.0,1924.0,1938.0,809.0,802.0,790.0
8226.0,1910.0,1949.0,1927.0,797.0,844.0,799.0
7950.0,1838.0,1845.0,1871.0,789.0,803.0,804.0
8152.0,1901.0,1904.0,1933.0,783.0,825.0,806.0
8105.0,1884.0,1912.0,1893.0,788.0,826.0,802.0
8212.0,1891.0,1935.0,1917.0,821.0,815.0,833.0
8072.0,1853.0,1894.0,1908.0,811.0,812.0,794.0
8095.0,1864.0,1909.0,1916.0,803.0,806.0,797.0
8045.0,1858.0,1860.0,1915.0,793.0,822.0,797.0
7944.0,1841.0,1899.0,1862.0,776.0,783.0,783.0
7838.0,1820.0,1836.0,1856.0,777.0,767.0,782.0
8050.0,1890.0,1848.0,1910.0,796.0,807.0,799.0
8083.0,1892.0,1869.0,1922.0,802.0,806.0,792.0
7819.0,1844.0,1837.0,1781.0,790.0,786.0,781.0
7922.0,1875.0,1849.0,1833.0,799.0,781.0,785.0
8047.0,1901.0,1870.0,1868.0,797.0,801.0,810.0
8050.0,1912.0,1868.0,1873.0,806.0,798.0,793.0
7856.0,1861.0,1772.0,1846.0,792.0,790.0,795.0
7878.0,1841.0,1818.0,1860.0,773.0,792.0,794.0
7965.0,1878.0,1845.0,1866.0,791.0,793.0,792.0
7830.0,1846.0,1830.0,1827.0,783.0,780.0,764.0
7777.0,1844.0,1796.0,1791.0,797.0,767.0,782.0
7882.0,1870.0,1809.0,1856.0,787.0,776.0,784.0
7778.0,1842.0,1790.0,1818.0,775.0,775.0,778.0
8020.0,1854.0,1891.0,1893.0,804.0,795.0,783.0
7760.0,1820.0,1808.0,1789.0,779.0,775.0,789.0
8024.0,1858.0,1863.0,1865.0,834.0,805.0,799.0
7758.0,1825.0,1788.0,1792.0,790.0,775.0,788.0
7848.0,1831.0,1818.0,1817.0,808.0,778.0,796.0
7760.0,1840.0,1820.0,1782.0,778.0,763.0,777.0
8000.0,1883.0,1862.0,1860.0,805.0,789.0,801.0
7785.0,1789.0,1847.0,1785.0,809.0,780.0,775.0
7863.0,1806.0,1852.0,1811.0,815.0,781.0,798.0
7980.0,1831.0,1905.0,1850.0,797.0,787.0,810.0
7979.0,1828.0,1890.0,1858.0,807.0,789.0,807.0
8071.0,1858.0,1898.0,1852.0,823.0,815.0,825.0
7992.0,1827.0,1893.0,1828.0,814.0,806.0,824.0
8085.0,1884.0,1929.0,1868.0,813.0,790.0,801.0
8129.0,1863.0,1919.0,1894.0,810.0,811.0,832.0
8101.0,1892.0,1872.0,1886.0,818.0,820.0,813.0
8224.0,1910.0,1932.0,1881.0,824.0,833.0,844.0
8312.0,1936.0,1928.0,1956.0,837.0,825.0,830.0
8130.0,1915.0,1902.0,1881.0,812.0,808.0,812.0
8146.0,1936.0,1875.0,1863.0,823.0,819.0,830.0
8240.0,1935.0,1914.0,1940.0,817.0,817.0,817.0
8130.0,1885.0,1909.0,1873.0,828.0,810.0,825.0
8313.0,1932.0,1915.0,1951.0,826.0,835.0,854.0
8276.0,1950.0,1905.0,1914.0,833.0,838.0,836.0
8298.0,1924.0,1899.0,1986.0,817.0,827.0,845.0
8483.0,1962.0,1962.0,2007.0,834.0,866.0,852.0
8380.0,1964.0,1908.0,1979.0,842.0,846.0,841.0
8259.0,1966.0,1880.0,1938.0,807.0,834.0,834.0
8246.0,1911.0,1885.0,1948.0,820.0,835.0,847.0
8287.0,1917.0,1942.0,1963.0,823.0,811.0,831.0
8191.0,1888.0,1907.0,1922.0,819.0,836.0,819.0
8048.0,1837.0,1859.0,1931.0,792.0,821.0,808.0
8177.0,1881.0,1896.0,1945.0,807.0,811.0,837.0
8268.0,1890.0,1952.0,1960.0,806.0,844.0,816.0
8340.0,1918.0,1937.0,1956.0,845.0,837.0,847.0
8030.0,1862.0,1896.0,1855.0,790.0,808.0,819.0
8179.0,1892.0,1888.0,1937.0,808.0,834.0,820.0
8111.0,1848.0,1873.0,1941.0,805.0,815.0,829.0
8194.0,1895.0,1882.0,1971.0,801.0,827.0,818.0
8218.0,1913.0,1913.0,1914.0,824.0,839.0,815.0
8109.0,1866.0,1914.0,1892.0,810.0,823.0,804.0
8042.0,1862.0,1877.0,1889.0,805.0,813.0,796.0
8203.0,1894.0,1930.0,1935.0,806.0,837.0,801.0
8125.0,1909.0,1919.0,1865.0,802.0,814.0,816.0
8093.0,1872.0,1918.0,1877.0,794.0,807.0,825.0
8001.0,1892.0,1862.0,1864.0,780.0,823.0,780.0
8053.0,1891.0,1880.0,1855.0,813.0,804.0,810.0
7987.0,1896.0,1885.0,1817.0,786.0,800.0,803.0
7964.0,1871.0,1863.0,1870.0,795.0,806.0,759.0
8022.0,1882.0,1900.0,1851.0,789.0,797.0,803.0
8093.0,1915.0,1887.0,1916.0,791.0,778.0,806.0
7810.0,1861.0,1868.0,1754.0,784.0,776.0,767.0
8072.0,1893.0,1914.0,1869.0,794.0,805.0,797.0
8053.0,1866.0,1901.0,1861.0,824.0,807.0,794.0
8085.0,1904.0,1917.0,1849.0,795.0,808.0,812.0
7998.0,1871.0,1877.0,1871.0,798.0,790.0,791.0
7943.0,1837.0,1862.0,1864.0,797.0,800.0,783.0
7943.0,1847.0,1825.0,1902.0,782.0,791.0,796.0
8022.0,1844.0,1878.0,1873.0,817.0,816.0,794.0
8032.0,1852.0,1888.0,1900.0,808.0,801.0,783.0
8074.0,1887.0,1897.0,1891.0,820.0,796.0,783.0
7943.0,1840.0,1830.0,1870.0,804.0,804.0,795.0
8197.0,1897.0,1932.0,1901.0,843.0,827.0,797.0
8123.0,1899.0,1898.0,1885.0,831.0,818.0,792.0
8165.0,1933.0,1913.0,1895.0,816.0,801.0,807.0
7975.0,1880.0,1844.0,1856.0,805.0,796.0,794.0
8114.0,1864.0,1912.0,1897.0,830.0,795.0,816.0
8200.0,1922.0,1885.0,1935.0,820.0,812.0,826.0
8358.0,1953.0,1957.0,1964.0,845.0,820.0,819.0
8334.0,1973.0,1914.0,1964.0,840.0,821.0,822.0
8306.0,1955.0,1941.0,1938.0,837.0,807.0,828.0
8168.0,1953.0,1887.0,1906.0,812.0,810.0,800.0
8257.0,1940.0,1914.0,1941.0,828.0,811.0,823.0
8220.0,1881.0,1915.0,1963.0,843.0,824.0,794.0
8452.0,1972.0,1976.0,1964.0,866.0,829.0,845.0
8361.0,1967.0,1948.0,1937.0,851.0,812.0,846.0
8277.0,1939.0,1929.0,1935.0,834.0,813.0,827.0
8498.0,1974.0,1978.0,2013.0,851.0,849.0,833.0
8356.0,1954.0,1966.0,1947.0,840.0,818.0,831.0
8373.0,1988.0,1945.0,1955.0,828.0,834.0,823.0
8406.0,1929.0,1962.0,2010.0,836.0,829.0,840.0
8240.0,1910.0,1936.0,1934.0,808.0,823.0,829.0
8381.0,1908.0,1973.0,1977.0,840.0,840.0,843.0
8181.0,1876.0,1915.0,1942.0,823.0,808.0,817.0
8388.0,1948.0,1957.0,1973.0,851.0,825.0,834.0
8193.0,1894.0,1915.0,1910.0,826.0,824.0,824.0
8254.0,1886.0,1964.0,1938.0,827.0,813.0,826.0
8319.0,1912.0,1960.0,1950.0,823.0,831.0,843.0
8206.0,1891.0,1939.0,1892.0,824.0,834.0,826.0
8314.0,1948.0,1914.0,1926.0,835.0,849.0,842.0
8462.0,1983.0,1996.0,1948.0,845.0,843.0,847.0
8282.0,1948.0,1923.0,1908.0,826.0,847.0,830.0
8228.0,1929.0,1948.0,1906.0,806.0,831.0,808.0
8138.0,1916.0,1890.0,1897.0,807.0,803.0,825.0
8322.0,1924.0,1953.0,1948.0,819.0,840.0,838.0
8062.0,1905.0,1875.0,1851.0,796.0,811.0,824.0
8201.0,1961.0,1886.0,1888.0,817.0,818.0,831.0
8219.0,1937.0,1921.0,1884.0,817.0,827.0,833.0
8214.0,1954.0,1917.0,1880.0,806.0,833.0,824.0
7983.0,1889.0,1838.0,1817.0,801.0,822.0,816.0
8119.0,1914.0,1872.0,1874.0,797.0,838.0,824.0
8051.0,1883.0,1840.0,1892.0,801.0,822.0,813.0
7971.0,1854.0,1830.0,1870.0,791.0,822.0,804.0
8064.0,1876.0,1866.0,1873.0,800.0,823.0,826.0
8112.0,1873.0,1919.0,1883.0,801.0,830.0,806.0
8195.0,1946.0,1861.0,1902.0,817.0,838.0,831.0
8046.0,1941.0,1840.0,1831.0,807.0,813.0,814.0
8042.0,1881.0,1839.0,1874.0,828.0,822.0,798.0
8116.0,1880.0,1851.0,1922.0,827.0,825.0,811.0
8170.0,1897.0,1914.0,1891.0,813.0,817.0,838.0
8103.0,1906.0,1870.0,1872.0,813.0,829.0,813.0
8021.0,1865.0,1861.0,1850.0,818.0,811.0,816.0
8339.0,1942.0,1946.0,1937.0,848.0,831.0,835.0
8350.0,1920.0,1956.0,1918.0,852.0,853.0,851.0
8215.0,1894.0,1928.0,1929.0,827.0,813.0,824.0
8245.0,1885.0,1980.0,1905.0,824.0,825.0,826.0
8332.0,1939.0,1938.0,1944.0,847.0,828.0,836.0
8181.0,1882.0,1917.0,1916.0,816.0,835.0,815.0
8329.0,1913.0,1940.0,1982.0,852.0,820.0,822.0
8446.0,1923.0,1996.0,2023.0,846.0,831.0,827.0
8371.0,1963.0,1955.0,1942.0,834.0,827.0,850.0
8327.0,1992.0,1938.0,1942.0,828.0,813.0,814.0
8342.0,1932.0,1956.0,1954.0,841.0,830.0,829.0
8384.0,1958.0,1966.0,1964.0,844.0,829.0,823.0
8436.0,1960.0,1984.0,1969.0,854.0,847.0,822.0
8373.0,1978.0,1984.0,1938.0,830.0,826.0,817.0
8728.0,2057.0,2025.0,2051.0,876.0,867.0,852.0
8533.0,2004.0,1991.0,1997.0,872.0,842.0,827.0
8439.0,1982.0,1970.0,1977.0,845.0,832.0,833.0
8293.0,1916.0,1942.0,1946.0,839.0,818.0,832.0
8570.0,1993.0,2024.0,2018.0,853.0,828.0,854.0
8424.0,1961.0,1959.0,1970.0,853.0,841.0,840.0
8296.0,1907.0,1930.0,1938.0,841.0,826.0,854.0
8602.0,1980.0,2032.0,2030.0,864.0,840.0,856.0
8314.0,1924.0,1941.0,1936.0,857.0,829.0,827.0
8375.0,1952.0,1906.0,1995.0,851.0,836.0,835.0
8433.0,1943.0,1956.0,1980.0,871.0,842.0,841.0
8391.0,1965.0,1945.0,1988.0,853.0,827.0,813.0
8424.0,1918.0,1967.0,2006.0,847.0,855.0,831.0
8509.0,1965.0,2007.0,1981.0,857.0,856.0,843.0
8197.0,1900.0,1934.0,1895.0,839.0,800.0,829.0
8489.0,1976.0,1984.0,1974.0,858.0,849.0,848.0
8300.0,1935.0,1923.0,1945.0,841.0,831.0,825.0
8333.0,1956.0,1926.0,1936.0,842.0,840.0,833.0
8194.0,1941.0,1911.0,1884.0,819.0,809.0,830.0
8172.0,1930.0,1914.0,1895.0,823.0,805.0,805.0
8405.0,1970.0,1959.0,1951.0,857.0,835.0,833.0
8182.0,1953.0,1914.0,1863.0,829.0,811.0,812.0
8291.0,1956.0,1933.0,1914.0,822.0,842.0,824.0
8233.0,1949.0,1938.0,1884.0,820.0,826.0,816.0
8242.0,1935.0,1915.0,1924.0,814.0,828.0,826.0
8244.0,1942.0,1942.0,1898.0,809.0,826.0,827.0
8209.0,1919.0,1923.0,1914.0,812.0,827.0,814.0
8247.0,1959.0,1916.0,1923.0,809.0,819.0,821.0
8193.0,1936.0,1932.0,1893.0,813.0,812.0,807.0
8257.0,1929.0,1959.0,1905.0,814.0,817.0,833.0
8342.0,1924.0,1975.0,1952.0,829.0,830.0,832.0
8219.0,1911.0,1953.0,1897.0,810.0,818.0,830.0
8137.0,1894.0,1907.0,1925.0,802.0,792.0,817.0
8260.0,1886.0,1922.0,1968.0,820.0,831.0,833.0
8244.0,1898.0,1945.0,1946.0,807.0,833.0,815.0
8314.0,1915.0,1944.0,1936.0,826.0,842.0,851.0
8125.0,1863.0,1920.0,1886.0,813.0,825.0,818.0
8369.0,1928.0,1945.0,1988.0,831.0,847.0,830.0
8155.0,1870.0,1913.0,1905.0,806.0,832.0,829.0
8380.0,1911.0,1953.0,1979.0,847.0,836.0,854.0
8333.0,1943.0,1929.0,1951.0,830.0,835.0,845.0
8293.0,1870.0,1946.0,1960.0,829.0,843.0,845.0
8440.0,1966.0,1952.0,1988.0,835.0,846.0,853.0
8348.0,1951.0,1926.0,1960.0,831.0,839.0,841.0
8237.0,1878.0,1921.0,1961.0,815.0,825.0,837.0
8376.0,1945.0,1938.0,1976.0,838.0,853.0,826.0
8464.0,1981.0,1945.0,1977.0,843.0,865.0,853.0
8487.0,1997.0,1925.0,2017.0,848.0,842.0,858.0
8406.0,1955.0,1939.0,1967.0,844.0,860.0,841.0
8622.0,2012.0,1988.0,2012.0,880.0,873.0,857.0
8549.0,2019.0,1953.0,1995.0,864.0,863.0,855.0
8456.0,1964.0,1968.0,1987.0,841.0,832.0,864.0
8596.0,2032.0,1957.0,2029.0,862.0,872.0,844.0
8534.0,2011.0,1965.0,1994.0,848.0,858.0,858.0
8421.0,1963.0,1898.0,1979.0,874.0,849.0,858.0
8588.0,2011.0,1988.0,2005.0,852.0,877.0,855.0
8622.0,2003.0,2001.0,2032.0,868.0,860.0,858.0
8568.0,1977.0,1969.0,2036.0,851.0,874.0,861.0
8540.0,2002.0,1981.0,1977.0,845.0,868.0,867.0
8683.0,2016.0,2021.0,1995.0,884.0,880.0,887.0
8550.0,1982.0,1992.0,1985.0,862.0,850.0,879.0
8516.0,1960.0,2010.0,1999.0,849.0,854.0,844.0
8537.0,1955.0,2047.0,1966.0,861.0,844.0,864.0
8314.0,1942.0,1955.0,1907.0,842.0,822.0,846.0
8491.0,1980.0,2021.0,1950.0,857.0,824.0,859.0
8419.0,1959.0,1965.0,1961.0,845.0,838.0,851.0
8299.0,1952.0,1926.0,1937.0,833.0,817.0,834.0
8431.0,1961.0,1977.0,1972.0,843.0,843.0,835.0
8466.0,1956.0,2005.0,1948.0,851.0,854.0,852.0
8274.0,1949.0,1944.0,1886.0,836.0,812.0,847.0
8340.0,1946.0,1977.0,1919.0,826.0,849.0,823.0
8448.0,1981.0,1998.0,1946.0,847.0,843.0,833.0
8446.0,1990.0,1982.0,1946.0,848.0,833.0,847.0
8395.0,1969.0,1997.0,1959.0,825.0,824.0,821.0
8373.0,1982.0,1961.0,1936.0,827.0,835.0,832.0
8392.0,2009.0,1962.0,1927.0,834.0,820.0,840.0
8405.0,1982.0,1972.0,1951.0,822.0,833.0,845.0
8263.0,1947.0,1938.0,1905.0,815.0,825.0,833.0
8219.0,1918.0,1902.0,1940.0,812.0,813.0,834.0
8328.0,1929.0,1940.0,1975.0,831.0,823.0,830.0
8412.0,1978.0,1947.0,2011.0,828.0,829.0,819.0
8343.0,1961.0,1933.0,1975.0,817.0,833.0,824.0
8198.0,1889.0,1893.0,1929.0,824.0,835.0,828.0
8261.0,1932.0,1928.0,1960.0,812.0,814.0,815.0
8471.0,1993.0,1994.0,1960.0,843.0,828.0,853.0
8303.0,1948.0,1888.0,1963.0,829.0,838.0,837.0
8221.0,1912.0,1926.0,1931.0,824.0,817.0,811.0
8200.0,1887.0,1945.0,1925.0,820.0,804.0,819.0
8414.0,1952.0,1958.0,1997.0,835.0,838.0,834.0
8202.0,1882.0,1911.0,1963.0,824.0,813.0,809.0
8373.0,1935.0,1933.0,1983.0,856.0,832.0,834.0
8271.0,1942.0,1914.0,1961.0,824.0,817.0,813.0
8280.0,1908.0,1956.0,1943.0,829.0,837.0,807.0
8274.0,1934.0,1918.0,1944.0,828.0,826.0,824.0
8420.0,1940.0,1951.0,2019.0,847.0,827.0,836.0
8461.0,1960.0,1977.0,1997.0,839.0,838.0,850.0
8618.0,2039.0,2010.0,1993.0,858.0,877.0,841.0
8706.0,2030.0,2033.0,2052.0,849.0,874.0,868.0
8606.0,2021.0,2004.0,2007.0,873.0,860.0,841.0
8550.0,1999.0,1985.0,1999.0,860.0,866.0,841.0
8607.0,1977.0,2054.0,1986.0,852.0,876.0,862.0
8604.0,2025.0,2026.0,2003.0,861.0,843.0,846.0
8689.0,2040.0,2043.0,2022.0,861.0,869.0,854.0
8702.0,2073.0,2042.0,1982.0,864.0,886.0,855.0
8516.0,1984.0,2007.0,1988.0,855.0,840.0,842.0
8754.0,2047.0,2070.0,2004.0,886.0,883.0,864.0
8871.0,2092.0,2075.0,2083.0,876.0,884.0,861.0
8788.0,2080.0,2019.0,2052.0,885.0,881.0,871.0
8773.0,2050.0,2062.0,2035.0,895.0,871.0,860.0
8582.0,2014.0,2020.0,1956.0,871.0,859.0,862.0
8573.0,1989.0,1996.0,2005.0,867.0,874.0,842.0
8655.0,2007.0,2032.0,2022.0,882.0,845.0,867.0
8628.0,1990.0,2031.0,1981.0,880.0,882.0,864.0
8679.0,2028.0,2014.0,1998.0,888.0,882.0,869.0
8607.0,1995.0,2004.0,1996.0,879.0,866.0,867.0
8690.0,1999.0,2056.0,1996.0,876.0,889.0,874.0
8695.0,2032.0,2020.0,2004.0,886.0,878.0,875.0
8505.0,1971.0,1980.0,1988.0,866.0,855.0,845.0
8611.0,2021.0,1990.0,2010.0,865.0,848.0,877.0
8676.0,2015.0,1995.0,2021.0,882.0,882.0,881.0
8507.0,1991.0,1984.0,1968.0,857.0,837.0,870.0
8507.0,1967.0,1989.0,1977.0,853.0,855.0,866.0
8546.0,2005.0,1967.0,1980.0,867.0,859.0,868.0
8492.0,1974.0,1976.0,1941.0,871.0,880.0,850.0
8532.0,1990.0,1963.0,2013.0,858.0,857.0,851.0
8458.0,1977.0,1945.0,1956.0,847.0,852.0,881.0
8506.0,2021.0,1958.0,1983.0,847.0,856.0,841.0
8575.0,1993.0,1966.0,2019.0,866.0,855.0,876.0
8444.0,2023.0,1938.0,1970.0,833.0,836.0,844.0
8539.0,2027.0,1987.0,1975.0,847.0,846.0,857.0
8571.0,2022.0,1981.0,2004.0,856.0,832.0,876.0
8443.0,1975.0,1978.0,1978.0,825.0,835.0,852.0
8421.0,1988.0,1975.0,1943.0,832.0,844.0,839.0
8466.0,2017.0,1978.0,1952.0,825.0,841.0,853.0
8497.0,1986.0,2003.0,1995.0,826.0,828.0,859.0
8416.0,1964.0,1967.0,1981.0,837.0,827.0,840.0
8448.0,1972.0,1999.0,1982.0,823.0,823.0,849.0
8602.0,2005.0,2044.0,2002.0,836.0,861.0,854.0
8531.0,1979.0,1975.0,2028.0,848.0,843.0,858.0
8404.0,1937.0,1956.0,1966.0,839.0,840.0,866.0
8558.0,1986.0,2003.0,2020.0,832.0,857.0,860.0
8438.0,1929.0,1989.0,2003.0,836.0,845.0,836.0
8690.0,2014.0,2055.0,2037.0,845.0,871.0,868.0
8422.0,1981.0,1954.0,1980.0,833.0,832.0,842.0
8620.0,2007.0,2027.0,2029.0,858.0,837.0,862.0
8480.0,1955.0,1987.0,2008.0,836.0,844.0,850.0
8469.0,1964.0,1968.0,2010.0,832.0,852.0,843.0
8593.0,2036.0,2020.0,1982.0,855.0,842.0,858.0
8603.0,1985.0,2010.0,2039.0,847.0,851.0,871.0
8773.0,2087.0,2022.0,2056.0,876.0,863.0,869.0
8647.0,2022.0,2028.0,2021.0,842.0,860.0,874.0
8492.0,2007.0,1932.0,1980.0,853.0,848.0,872.0
8757.0,2070.0,2036.0,2057.0,872.0,862.0,860.0
8735.0,2115.0,2031.0,1990.0,871.0,874.0,854.0
8673.0,2048.0,2018.0,2001.0,864.0,870.0,872.0
8713.0,2052.0,2013.0,2045.0,874.0,866.0,863.0
8543.0,2024.0,1962.0,1992.0,867.0,845.0,853.0
8851.0,2096.0,2032.0,2076.0,885.0,880.0,882.0
8790.0,2110.0,2027.0,2025.0,881.0,868.0,879.0
8754.0,2047.0,2000.0,2053.0,887.0,884.0,883.0
8629.0,2020.0,2006.0,2026.0,877.0,856.0,844.0
8596.0,2016.0,2015.0,1983.0,877.0,858.0,847.0
8695.0,2035.0,2017.0,2015.0,866.0,884.0,878.0
8849.0,2070.0,2034.0,2073.0,900.0,886.0,886.0
8709.0,2043.0,2042.0,1991.0,879.0,884.0,870.0
8939.0,2090.0,2093.0,2094.0,892.0,906.0,864.0
8578.0,1980.0,1979.0,2025.0,864.0,862.0,868.0
8720.0,1995.0,2057.0,2046.0,880.0,884.0,858.0
8729.0,2012.0,2041.0,2031.0,891.0,891.0,863.0
8765.0,2019.0,2062.0,2034.0,906.0,896.0,848.0
8736.0,2014.0,2082.0,2037.0,882.0,871.0,850.0
8782.0,2055.0,2056.0,2035.0,895.0,890.0,851.0
8634.0,1973.0,1996.0,2019.0,883.0,903.0,860.0
8915.0,2064.0,2087.0,2077.0,914.0,892.0,881.0
8743.0,2057.0,2023.0,2064.0,867.0,873.0,859.0
8766.0,2009.0,2050.0,2077.0,890.0,878.0,862.0
8614.0,2016.0,1997.0,2038.0,863.0,863.0,837.0
8625.0,1994.0,2030.0,2015.0,866.0,865.0,855.0
8613.0,1995.0,2049.0,2000.0,873.0,855.0,841.0
8634.0,2013.0,2034.0,2022.0,858.0,871.0,836.0
8652.0,2062.0,2018.0,1993.0,857.0,866.0,856.0
8722.0,2071.0,2028.0,2033.0,863.0,870.0,857.0
8619.0,2015.0,2031.0,2024.0,852.0,844.0,853.0
8547.0,2022.0,2011.0,1979.0,846.0,846.0,843.0
8659.0,1959.0,2048.0,2055.0,852.0,879.0,866.0
8627.0,2002.0,1999.0,2039.0,850.0,876.0,861.0
8603.0,1994.0,2002.0,2038.0,879.0,840.0,850.0
8532.0,1995.0,1982.0,1998.0,841.0,865.0,851.0
8605.0,1980.0,2000.0,2024.0,863.0,866.0,872.0
8501.0,1956.0,1972.0,2016.0,848.0,838.0,871.0
8592.0,1966.0,1998.0,2025.0,860.0,869.0,874.0
8653.0,2011.0,2029.0,2030.0,842.0,869.0,872.0
8648.0,2010.0,1995.0,2046.0,851.0,867.0,879.0
8528.0,1963.0,1994.0,2015.0,847.0,847.0,862.0
8537.0,1999.0,1965.0,2014.0,852.0,868.0,839.0
8549.0,1979.0,2013.0,2017.0,840.0,834.0,866.0
8418.0,1944.0,1965.0,1992.0,839.0,834.0,844.0
8613.0,1985.0,1974.0,2040.0,861.0,883.0,870.0
8449.0,1939.0,1933.0,2000.0,855.0,844.0,878.0
8683.0,2039.0,2016.0,2025.0,862.0,861.0,880.0
8733.0,2049.0,2046.0,2044.0,853.0,864.0,877.0
8721.0,2056.0,2004.0,2056.0,856.0,868.0,881.0
8788.0,2110.0,2036.0,2034.0,862.0,878.0,868.0
8679.0,2042.0,2022.0,2012.0,875.0,851.0,877.0
8718.0,2041.0,2049.0,2007.0,869.0,865.0,887.0
8789.0,2100.0,2052.0,2039.0,861.0,859.0,878.0
8675.0,2084.0,2027.0,1966.0,842.0,879.0,877.0
8813.0,2053.0,2075.0,2077.0,851.0,878.0,879.0
9028.0,2117.0,2122.0,2083.0,887.0,902.0,917.0
8788.0,2077.0,2072.0,2016.0,858.0,860.0,905.0
8866.0,2078.0,2106.0,2046.0,888.0,862.0,886.0
8873.0,2081.0,2099.0,2035.0,883.0,889.0,886.0
8776.0,2072.0,2049.0,2031.0,870.0,857.0,897.0
8872.0,2073.0,2107.0,2043.0,888.0,866.0,895.0
8972.0,2108.0,2125.0,2080.0,887.0,877.0,895.0
8879.0,2045.0,2099.0,2071.0,898.0,877.0,889.0
8921.0,2071.0,2139.0,2054.0,894.0,866.0,897.0
8778.0,2057.0,2053.0,2028.0,886.0,869.0,885.0
8830.0,2044.0,2097.0,2057.0,882.0,864.0,886.0
8806.0,2077.0,2047.0,2015.0,895.0,882.0,890.0
8914.0,2061.0,2117.0,2057.0,888.0,894.0,897.0
8762.0,2025.0,2063.0,2029.0,877.0,883.0,885.0
8770.0,2056.0,2051.0,2026.0,869.0,883.0,885.0
8778.0,2019.0,2030.0,2074.0,880.0,871.0,904.0
8801.0,2056.0,2034.0,2061.0,891.0,874.0,885.0
8833.0,2031.0,2044.0,2094.0,892.0,894.0,878.0
8811.0,2062.0,2035.0,2102.0,893.0,850.0,869.0
8798.0,2068.0,2032.0,2062.0,877.0,878.0,881.0
8924.0,2109.0,2079.0,2100.0,880.0,880.0,876.0
8949.0,2108.0,2078.0,2072.0,917.0,887.0,887.0
8710.0,2021.0,2027.0,2039.0,889.0,863.0,871.0
8570.0,1988.0,1991.0,2026.0,858.0,856.0,851.0
8736.0,2060.0,1989.0,2071.0,873.0,874.0,869.0
8874.0,2093.0,2041.0,2076.0,887.0,897.0,880.0
8563.0,2019.0,1947.0,2007.0,873.0,861.0,856.0
8646.0,2071.0,1990.0,2008.0,861.0,869.0,847.0
8814.0,2056.0,2062.0,2064.0,874.0,880.0,878.0
8552.0,1979.0,1999.0,2026.0,847.0,860.0,841.0
8687.0,2009.0,2022.0,2058.0,861.0,879.0,858.0
8713.0,2033.0,2021.0,2030.0,871.0,882.0,876.0
8653.0,2011.0,2004.0,2043.0,865.0,868.0,862.0
8639.0,2017.0,2048.0,1994.0,854.0,872.0,854.0
8678.0,2009.0,2037.0,2028.0,874.0,875.0,855.0
8603.0,2014.0,2012.0,1996.0,848.0,874.0,859.0
8551.0,2003.0,2009.0,1979.0,851.0,862.0,847.0
8838.0,2071.0,2077.0,2054.0,893.0,884.0,859.0
8832.0,2021.0,2084.0,2073.0,877.0,896.0,881.0
8808.0,2061.0,2062.0,2048.0,881.0,882.0,874.0
8693.0,2037.0,2041.0,2017.0,863.0,876.0,859.0
8690.0,1997.0,2095.0,2011.0,856.0,873.0,858.0
8700.0,2042.0,2057.0,2006.0,872.0,870.0,853.0
8961.0,2094.0,2125.0,2061.0,884.0,900.0,897.0
8894.0,2107.0,2073.0,2057.0,881.0,894.0,882.0
8966.0,2101.0,2099.0,2056.0,879.0,920.0,911.0
8757.0,2068.0,2051.0,2041.0,869.0,881.0,847.0
8827.0,2046.0,2111.0,2032.0,885.0,891.0,862.0
8884.0,2085.0,2075.0,2075.0,867.0,896.0,886.0
9073.0,2120.0,2137.0,2115.0,901.0,896.0,904.0
8881.0,2083.0,2077.0,2065.0,877.0,893.0,886.0
8956.0,2122.0,2095.0,2069.0,890.0,898.0,882.0
8898.0,2087.0,2091.0,2063.0,869.0,903.0,885.0
8946.0,2100.0,2076.0,2070.0,913.0,893.0,894.0
8995.0,2131.0,2094.0,2077.0,883.0,911.0,899.0
8928.0,2083.0,2063.0,2095.0,886.0,918.0,883.0
8918.0,2091.0,2079.0,2061.0,892.0,895.0,900.0
8988.0,2119.0,2093.0,2090.0,886.0,896.0,904.0
8858.0,2053.0,2058.0,2094.0,891.0,880.0,882.0
8947.0,2103.0,2088.0,2088.0,877.0,892.0,899.0
8982.0,2100.0,2101.0,2067.0,900.0,901.0,913.0
8899.0,2043.0,2046.0,2151.0,898.0,880.0,881.0
8995.0,2056.0,2094.0,2157.0,886.0,903.0,899.0
8858.0,2050.0,2045.0,2084.0,897.0,885.0,897.0
8771.0,2026.0,2023.0,2067.0,884.0,873.0,898.0
8846.0,2025.0,2047.0,2104.0,887.0,885.0,898.0
8932.0,2033.0,2078.0,2150.0,891.0,882.0,898.0
8831.0,2031.0,2006.0,2101.0,909.0,878.0,906.0
8933.0,2067.0,2093.0,2098.0,894.0,881.0,900.0
8867.0,2056.0,2084.0,2081.0,880.0,873.0,893.0
9015.0,2070.0,2109.0,2131.0,893.0,889.0,923.0
8930.0,2081.0,2073.0,2059.0,912.0,887.0,918.0
8905.0,2066.0,2109.0,2083.0,880.0,869.0,898.0
8873.0,2056.0,2078.0,2084.0,883.0,866.0,906.0
8819.0,2069.0,2070.0,2060.0,878.0,855.0,887.0
8694.0,2036.0,2017.0,2021.0,872.0,880.0,868.0
8879.0,2100.0,2084.0,2041.0,893.0,873.0,888.0
8714.0,2055.0,2021.0,2044.0,874.0,858.0,862.0
8868.0,2072.0,2092.0,2049.0,889.0,875.0,891.0
8774.0,2086.0,2030.0,2046.0,882.0,862.0,868.0
8757.0,2055.0,2051.0,2042.0,878.0,859.0,872.0
8855.0,2034.0,2095.0,2079.0,893.0,863.0,891.0
8693.0,2025.0,2042.0,2017.0,873.0,861.0,875.0
8692.0,2017.0,2058.0,2012.0,875.0,862.0,868.0
8654.0,2015.0,2022.0,2027.0,856.0,858.0,876.0
8791.0,2043.0,2044.0,2042.0,893.0,877.0,892.0
8755.0,1999.0,2054.0,2053.0,890.0,880.0,879.0
8762.0,2039.0,2054.0,2033.0,874.0,868.0,894.0
8805.0,2037.0,2090.0,2017.0,881.0,880.0,900.0
8824.0,2018.0,2094.0,2046.0,892.0,889.0,885.0
8720.0,2003.0,2067.0,1995.0,884.0,889.0,882.0
8852.0,2071.0,2050.0,2044.0,910.0,878.0,899.0
8652.0,2001.0,2006.0,2015.0,857.0,884.0,889.0
8794.0,2071.0,2017.0,2058.0,874.0,885.0,889.0
8626.0,2033.0,1973.0,2008.0,860.0,884.0,868.0
8827.0,2064.0,2054.0,2070.0,856.0,903.0,880.0
8806.0,2034.0,2047.0,2061.0,887.0,887.0,890.0
8796.0,2055.0,2001.0,2079.0,869.0,903.0,889.0
8876.0,2057.0,2087.0,2057.0,879.0,909.0,887.0
8793.0,2066.0,2058.0,2025.0,881.0,893.0,870.0
9007.0,2111.0,2116.0,2071.0,898.0,902.0,909.0
9092.0,2165.0,2104.0,2109.0,906.0,911.0,897.0
8982.0,2144.0,2060.0,2075.0,891.0,910.0,902.0
9063.0,2123.0,2117.0,2130.0,884.0,906.0,903.0
9020.0,2096.0,2109.0,2090.0,919.0,910.0,896.0
9115.0,2171.0,2136.0,2090.0,883.0,925.0,910.0
8933.0,2078.0,2090.0,2093.0,877.0,911.0,884.0
8926.0,2055.0,2076.0,2114.0,902.0,893.0,886.0
9050.0,2110.0,2145.0,2087.0,895.0,912.0,901.0
9196.0,2119.0,2175.0,2156.0,903.0,927.0,916.0
9192.0,2140.0,2153.0,2173.0,905.0,919.0,902.0
8940.0,2066.0,2114.0,2107.0,890.0,882.0,881.0
9121.0,2118.0,2136.0,2139.0,905.0,935.0,888.0
9102.0,2138.0,2102.0,2153.0,914.0,915.0,880.0
8948.0,2060.0,2097.0,2117.0,891.0,906.0,877.0
9052.0,2077.0,2122.0,2144.0,901.0,920.0,888.0
9043.0,2129.0,2077.0,2130.0,903.0,912.0,892.0
9052.0,2094.0,2106.0,2138.0,919.0,899.0,896.0
9059.0,2093.0,2130.0,2134.0,907.0,893.0,902.0
8990.0,2066.0,2120.0,2101.0,908.0,918.0,877.0
8956.0,2075.0,2138.0,2068.0,891.0,895.0,889.0
8933.0,2070.0,2111.0,2086.0,887.0,895.0,884.0
9042.0,2126.0,2123.0,2094.0,901.0,899.0,899.0
9062.0,2128.0,2130.0,2109.0,907.0,913.0,875.0
8879.0,2048.0,2110.0,2061.0,883.0,889.0,888.0
9143.0,2169.0,2114.0,2142.0,921.0,902.0,895.0
9071.0,2160.0,2086.0,2116.0,917.0,910.0,882.0
8901.0,2084.0,2062.0,2083.0,898.0,889.0,885.0
8805.0,2054.0,2025.0,2067.0,890.0,875.0,894.0
8974.0,2090.0,2070.0,2133.0,908.0,885.0,888.0
8882.0,2083.0,2068.0,2068.0,883.0,890.0,890.0
8992.0,2093.0,2085.0,2094.0,918.0,898.0,904.0
8850.0,2103.0,2050.0,2047.0,894.0,888.0,868.0
8697.0,2024.0,2025.0,2044.0,876.0,871.0,857.0
8912.0,2071.0,2073.0,2085.0,913.0,885.0,885.0
8959.0,2074.0,2089.0,2122.0,904.0,876.0,894.0
8814.0,2073.0,2056.0,2027.0,893.0,879.0,886.0
8805.0,2049.0,2035.0,2049.0,901.0,879.0,892.0
8712.0,2026.0,2023.0,2011.0,875.0,869.0,908.0
8829.0,2042.0,2052.0,2063.0,904.0,874.0,894.0
8754.0,2032.0,2040.0,2029.0,883.0,875.0,895.0
8874.0,2058.0,2079.0,2082.0,875.0,882.0,898.0
8702.0,2023.0,2084.0,1998.0,875.0,857.0,865.0
8905.0,2042.0,2075.0,2114.0,887.0,887.0,900.0
9107.0,2118.0,2175.0,2111.0,907.0,893.0,903.0
8983.0,2096.0,2094.0,2085.0,898.0,913.0,897.0
8980.0,2086.0,2117.0,2081.0,898.0,892.0,906.0
8843.0,2082.0,2083.0,2016.0,895.0,884.0,883.0
8881.0,2096.0,2091.0,2020.0,888.0,883.0,903.0
9095.0,2100.0,2143.0,2098.0,906.0,921.0,927.0
9019.0,2106.0,2105.0,2110.0,883.0,893.0,922.0
9112.0,2142.0,2143.0,2115.0,906.0,891.0,915.0
9055.0,2137.0,2156.0,2092.0,884.0,884.0,902.0
8956.0,2115.0,2084.0,2090.0,873.0,894.0,900.0
9245.0,2171.0,2180.0,2121.0,936.0,920.0,917.0
9205.0,2203.0,2158.0,2108.0,909.0,896.0,931.0
9287.0,2171.0,2190.0,2150.0,910.0,934.0,932.0
9156.0,2172.0,2151.0,2101.0,901.0,908.0,923.0
9212.0,2142.0,2125.0,2190.0,917.0,915.0,923.0
9253.0,2165.0,2139.0,2167.0,921.0,930.0,931.0
9132.0,2139.0,2137.0,2146.0,894.0,918.0,898.0
9272.0,2135.0,2176.0,2183.0,922.0,924.0,932.0
9186.0,2116.0,2151.0,2181.0,895.0,920.0,923.0
9293.0,2152.0,2153.0,2216.0,915.0,925.0,932.0
9250.0,2167.0,2142.0,2197.0,903.0,916.0,925.0
9058.0,2069.0,2121.0,2159.0,902.0,910.0,897.0
9203.0,2118.0,2113.0,2186.0,913.0,950.0,923.0
9030.0,2105.0,2105.0,2119.0,892.0,910.0,899.0
9032.0,2061.0,2075.0,2138.0,905.0,930.0,923.0
9233.0,2154.0,2144.0,2169.0,913.0,920.0,933.0
8988.0,2082.0,2067.0,2134.0,886.0,906.0,913.0
9004.0,2135.0,2105.0,2077.0,885.0,899.0,903.0
9055.0,2085.0,2112.0,2131.0,898.0,919.0,910.0
9065.0,2129.0,2066.0,2140.0,910.0,913.0,907.0
8993.0,2093.0,2094.0,2109.0,896.0,899.0,902.0
9083.0,2135.0,2097.0,2102.0,902.0,927.0,920.0
8965.0,2082.0,2086.0,2127.0,883.0,901.0,886.0
8804.0,2073.0,2039.0,2048.0,884.0,886.0,874.0
9099.0,2087.0,2127.0,2166.0,913.0,902.0,904.0
8958.0,2056.0,2123.0,2070.0,909.0,911.0,889.0
8918.0,2101.0,2081.0,2064.0,896.0,892.0,884.0
9022.0,2137.0,2136.0,2081.0,911.0,869.0,888.0
8982.0,2105.0,2078.0,2097.0,901.0,918.0,883.0
9006.0,2107.0,2102.0,2091.0,912.0,891.0,903.0
9038.0,2122.0,2116.0,2091.0,900.0,908.0,901.0
8981.0,2083.0,2104.0,2111.0,902.0,904.0,877.0
8889.0,2070.0,2084.0,2055.0,890.0,906.0,884.0
8963.0,2062.0,2137.0,2069.0,911.0,892.0,892.0
8958.0,2066.0,2117.0,2099.0,900.0,894.0,882.0
9005.0,2101.0,2093.0,2114.0,907.0,906.0,884.0
8847.0,2041.0,2085.0,2052.0,902.0,898.0,869.0
8956.0,2093.0,2067.0,2088.0,902.0,912.0,894.0
8970.0,2061.0,2145.0,2062.0,915.0,895.0,892.0
8892.0,2051.0,2082.0,2066.0,910.0,894.0,889.0
9063.0,2103.0,2130.0,2080.0,916.0,906.0,928.0
8988.0,2097.0,2111.0,2070.0,914.0,909.0,887.0
8884.0,2046.0,2083.0,2063.0,918.0,882.0,892.0
8966.0,2093.0,2084.0,2115.0,896.0,884.0,894.0
9069.0,2128.0,2090.0,2133.0,899.0,912.0,907.0
8928.0,2093.0,2044.0,2105.0,901.0,896.0,889.0
8969.0,2103.0,2111.0,2075.0,909.0,889.0,882.0
9177.0,2139.0,2129.0,2151.0,928.0,909.0,921.0
9000.0,2127.0,2079.0,2098.0,909.0,901.0,886.0
9174.0,2128.0,2122.0,2156.0,930.0,917.0,921.0
9360.0,2195.0,2160.0,2215.0,938.0,932.0,920.0
9008.0,2140.0,2079.0,2102.0,894.0,898.0,895.0
9236.0,2165.0,2133.0,2173.0,912.0,945.0,908.0
9312.0,2181.0,2164.0,2197.0,927.0,916.0,927.0
9250.0,2167.0,2134.0,2204.0,927.0,896.0,922.0
9244.0,2164.0,2121.0,2177.0,933.0,917.0,932.0
9202.0,2160.0,2144.0,2147.0,908.0,910.0,933.0
9390.0,2232.0,2163.0,2198.0,916.0,935.0,946.0
9281.0,2160.0,2175.0,2172.0,922.0,924.0,928.0
9256.0,2140.0,2160.0,2194.0,917.0,924.0,921.0
9290.0,2183.0,2120.0,2190.0,925.0,936.0,936.0
9370.0,2156.0,2198.0,2203.0,933.0,939.0,941.0
9332.0,2153.0,2169.0,2211.0,928.0,926.0,945.0
9219.0,2114.0,2169.0,2158.0,912.0,929.0,937.0
9315.0,2107.0,2221.0,2182.0,925.0,929.0,951.0
9134.0,2112.0,2152.0,2136.0,891.0,905.0,938.0
9293.0,2159.0,2179.0,2179.0,923.0,923.0,930.0
9136.0,2147.0,2103.0,2135.0,897.0,925.0,929.0
9391.0,2153.0,2231.0,2193.0,937.0,936.0,941.0
9293.0,2160.0,2173.0,2180.0,919.0,922.0,939.0
9195.0,2122.0,2183.0,2155.0,910.0,912.0,913.0
9157.0,2124.0,2167.0,2133.0,899.0,922.0,912.0
9224.0,2162.0,2159.0,2143.0,915.0,911.0,934.0
9168.0,2145.0,2130.0,2142.0,906.0,930.0,915.0
9167.0,2153.0,2154.0,2131.0,912.0,902.0,915.0
9087.0,2144.0,2116.0,2090.0,905.0,908.0,924.0
9255.0,2146.0,2185.0,2133.0,931.0,912.0,948.0
9229.0,2135.0,2179.0,2133.0,903.0,934.0,945.0
9005.0,2102.0,2084.0,2130.0,882.0,882.0,925.0
8952.0,2096.0,2060.0,2081.0,905.0,884.0,926.0
8985.0,2141.0,2071.0,2061.0,904.0,907.0,901.0
9062.0,2130.0,2090.0,2115.0,904.0,916.0,907.0
9038.0,2130.0,2071.0,2104.0,921.0,898.0,914.0
9061.0,2145.0,2089.0,2069.0,919.0,929.0,910.0
8879.0,2091.0,2027.0,2059.0,878.0,912.0,912.0
8865.0,2068.0,2071.0,2034.0,895.0,910.0,887.0
8960.0,2063.0,2057.0,2099.0,918.0,921.0,902.0
9003.0,2115.0,2054.0,2101.0,917.0,908.0,908.0
9069.0,2129.0,2088.0,2116.0,900.0,916.0,920.0
9203.0,2132.0,2102.0,2153.0,924.0,947.0,945.0
9102.0,2144.0,2109.0,2104.0,916.0,931.0,898.0
9131.0,2101.0,2118.0,2157.0,915.0,924.0,916.0
9010.0,2078.0,2094.0,2099.0,920.0,903.0,916.0
9192.0,2132.0,2133.0,2153.0,935.0,930.0,909.0
9133.0,2108.0,2140.0,2164.0,906.0,915.0,900.0
9187.0,2122.0,2136.0,2161.0,933.0,916.0,919.0
8966.0,2081.0,2083.0,2079.0,901.0,908.0,914.0
9156.0,2091.0,2108.0,2168.0,939.0,940.0,910.0
9301.0,2148.0,2175.0,2173.0,926.0,951.0,928.0
9231.0,2152.0,2120.0,2182.0,930.0,922.0,925.0
9411.0,2211.0,2205.0,2191.0,931.0,940.0,933.0
9317.0,2205.0,2172.0,2168.0,928.0,922.0,922.0
9197.0,2141.0,2155.0,2150.0,914.0,929.0,908.0
9581.0,2250.0,2237.0,2245.0,958.0,957.0,934.0
9359.0,2211.0,2166.0,2196.0,948.0,921.0,917.0
9325.0,2202.0,2184.0,2164.0,940.0,918.0,917.0
9381.0,2219.0,2186.0,2175.0,943.0,936.0,922.0
9483.0,2210.0,2195.0,2249.0,956.0,943.0,930.0
9474.0,2232.0,2205.0,2230.0,942.0,935.0,930.0
9332.0,2185.0,2204.0,2179.0,919.0,931.0,914.0
9392.0,2170.0,2221.0,2201.0,927.0,949.0,924.0
9505.0,2217.0,2250.0,2237.0,935.0,940.0,926.0
9466.0,2207.0,2219.0,2227.0,937.0,944.0,932.0
9413.0,2215.0,2201.0,2192.0,929.0,942.0,934.0
9265.0,2149.0,2165.0,2178.0,932.0,915.0,926.0
9458.0,2197.0,2215.0,2226.0,956.0,935.0,929.0
9346.0,2193.0,2172.0,2177.0,949.0,926.0,929.0
9189.0,2145.0,2151.0,2155.0,910.0,921.0,907.0
9448.0,2224.0,2198.0,2195.0,947.0,952.0,932.0
9109.0,2118.0,2083.0,2150.0,931.0,916.0,911.0
9273.0,2145.0,2170.0,2175.0,926.0,923.0,934.0
9191.0,2133.0,2119.0,2154.0,933.0,913.0,939.0
9349.0,2204.0,2197.0,2161.0,925.0,926.0,936.0
9229.0,2170.0,2169.0,2118.0,929.0,921.0,922.0
9332.0,2161.0,2130.0,2217.0,941.0,946.0,937.0
9250.0,2183.0,2146.0,2144.0,924.0,931.0,922.0
9024.0,2135.0,2078.0,2084.0,904.0,907.0,916.0
9176.0,2179.0,2150.0,2124.0,897.0,926.0,900.0
9255.0,2211.0,2134.0,2141.0,913.0,943.0,913.0
9096.0,2173.0,2101.0,2102.0,914.0,890.0,916.0
9192.0,2185.0,2147.0,2110.0,919.0,921.0,910.0
8940.0,2137.0,2068.0,2052.0,887.0,897.0,899.0
9213.0,2191.0,2140.0,2128.0,914.0,926.0,914.0
9080.0,2136.0,2098.0,2117.0,921.0,904.0,904.0
9159.0,2147.0,2163.0,2137.0,900.0,901.0,911.0
9136.0,2142.0,2179.0,2106.0,901.0,912.0,896.0
8993.0,2107.0,2107.0,2088.0,887.0,910.0,894.0
9172.0,2131.0,2141.0,2146.0,929.0,907.0,918.0
9140.0,2101.0,2140.0,2153.0,909.0,916.0,921.0
9183.0,2155.0,2148.0,2145.0,904.0,920.0,911.0
9164.0,2106.0,2174.0,2131.0,922.0,905.0,926.0
9193.0,2132.0,2152.0,2142.0,909.0,924.0,934.0
9289.0,2172.0,2181.0,2190.0,913.0,916.0,917.0
9170.0,2106.0,2178.0,2136.0,923.0,906.0,921.0
9379.0,2175.0,2174.0,2214.0,941.0,948.0,927.0
9261.0,2150.0,2158.0,2176.0,915.0,940.0,922.0
9184.0,2149.0,2133.0,2135.0,914.0,940.0,913.0
9370.0,2156.0,2197.0,2200.0,966.0,934.0,917.0
9399.0,2193.0,2209.0,2176.0,943.0,934.0,944.0
9351.0,2155.0,2173.0,2196.0,950.0,931.0,946.0
9337.0,2147.0,2194.0,2183.0,945.0,928.0,940.0
9465.0,2234.0,2175.0,2224.0,934.0,950.0,948.0
9532.0,2197.0,2193.0,2274.0,956.0,951.0,961.0
9485.0,2188.0,2193.0,2220.0,953.0,962.0,969.0
9544.0,2224.0,2228.0,2240.0,937.0,957.0,958.0
9501.0,2224.0,2194.0,2213.0,954.0,966.0,950.0
9703.0,2280.0,2228.0,2287.0,967.0,981.0,960.0
9571.0,2230.0,2205.0,2220.0,968.0,970.0,978.0
9476.0,2215.0,2179.0,2228.0,952.0,959.0,943.0
9409.0,2213.0,2187.0,2213.0,934.0,941.0,921.0
9535.0,2214.0,2212.0,2210.0,963.0,953.0,983.0
9464.0,2250.0,2145.0,2186.0,964.0,950.0,969.0
9475.0,2228.0,2200.0,2211.0,944.0,958.0,934.0
9552.0,2255.0,2193.0,2236.0,958.0,965.0,945.0
9508.0,2258.0,2173.0,2203.0,965.0,951.0,958.0
9487.0,2193.0,2198.0,2231.0,944.0,970.0,951.0
9441.0,2178.0,2186.0,2214.0,952.0,955.0,956.0
9377.0,2168.0,2191.0,2223.0,930.0,937.0,928.0
9461.0,2192.0,2224.0,2186.0,944.0,961.0,954.0
9269.0,2162.0,2163.0,2150.0,917.0,934.0,943.0
9509.0,2194.0,2223.0,2207.0,961.0,969.0,955.0
9397.0,2157.0,2215.0,2194.0,926.0,947.0,958.0
9505.0,2235.0,2224.0,2192.0,936.0,955.0,963.0
9401.0,2172.0,2215.0,2162.0,948.0,933.0,971.0
9362.0,2155.0,2215.0,2177.0,930.0,941.0,944.0
9401.0,2197.0,2217.0,2158.0,933.0,948.0,948.0
9377.0,2208.0,2234.0,2159.0,913.0,928.0,935.0
9262.0,2159.0,2178.0,2154.0,921.0,925.0,925.0
9408.0,2210.0,2226.0,2188.0,931.0,934.0,919.0
9427.0,2203.0,2254.0,2181.0,934.0,930.0,925.0
9377.0,2242.0,2193.0,2164.0,920.0,923.0,935.0
9270.0,2210.0,2177.0,2136.0,905.0,915.0,927.0
9307.0,2177.0,2219.0,2132.0,919.0,925.0,935.0
9260.0,2194.0,2180.0,2129.0,924.0,915.0,918.0
9200.0,2150.0,2177.0,2137.0,917.0,915.0,904.0
9471.0,2225.0,2223.0,2208.0,940.0,943.0,932.0
9345.0,2220.0,2191.0,2174.0,928.0,906.0,926.0
9161.0,2131.0,2146.0,2165.0,913.0,904.0,902.0
9330.0,2199.0,2159.0,2213.0,933.0,916.0,910.0
9236.0,2161.0,2173.0,2162.0,908.0,928.0,904.0
9288.0,2182.0,2153.0,2199.0,922.0,917.0,915.0
9333.0,2180.0,2155.0,2181.0,934.0,936.0,947.0
9111.0,2106.0,2151.0,2129.0,922.0,901.0,902.0
9198.0,2116.0,2140.0,2186.0,922.0,912.0,922.0
9081.0,2084.0,2125.0,2166.0,904.0,910.0,892.0
9293.0,2173.0,2140.0,2191.0,939.0,919.0,931.0
9232.0,2128.0,2145.0,2190.0,934.0,927.0,908.0
9233.0,2128.0,2125.0,2218.0,928.0,918.0,916.0
9257.0,2149.0,2133.0,2204.0,930.0,917.0,924.0
9366.0,2171.0,2180.0,2239.0,939.0,935.0,902.0
9456.0,2180.0,2199.0,2224.0,952.0,950.0,951.0
9303.0,2178.0,2153.0,2204.0,948.0,915.0,905.0
9519.0,2223.0,2215.0,2229.0,949.0,970.0,933.0
9432.0,2213.0,2190.0,2229.0,932.0,939.0,929.0
9562.0,2247.0,2206.0,2253.0,954.0,953.0,949.0
9550.0,2233.0,2217.0,2234.0,957.0,959.0,950.0
9404.0,2207.0,2185.0,2184.0,946.0,956.0,926.0
9546.0,2248.0,2198.0,2225.0,973.0,948.0,954.0
9709.0,2241.0,2274.0,2286.0,981.0,988.0,939.0
9555.0,2245.0,2205.0,2213.0,967.0,965.0,960.0
9636.0,2254.0,2245.0,2249.0,971.0,970.0,947.0
9543.0,2275.0,2213.0,2189.0,965.0,948.0,953.0
9692.0,2228.0,2283.0,2269.0,975.0,965.0,972.0
9594.0,2223.0,2227.0,2245.0,976.0,966.0,957.0
9666.0,2289.0,2272.0,2201.0,979.0,959.0,966.0
9654.0,2257.0,2263.0,2242.0,973.0,963.0,956.0
9706.0,2284.0,2254.0,2268.0,949.0,982.0,969.0
9547.0,2223.0,2241.0,2199.0,965.0,957.0,962.0
9565.0,2185.0,2242.0,2251.0,963.0,966.0,958.0
9585.0,2227.0,2266.0,2174.0,970.0,969.0,979.0
9738.0,2249.0,2295.0,2271.0,976.0,977.0,970.0
9544.0,2218.0,2293.0,2176.0,951.0,960.0,946.0
9495.0,2211.0,2257.0,2196.0,930.0,942.0,959.0
9675.0,2256.0,2257.0,2229.0,974.0,984.0,975.0
9422.0,2169.0,2223.0,2187.0,927.0,962.0,954.0
9503.0,2204.0,2198.0,2237.0,959.0,957.0,948.0
9374.0,2146.0,2182.0,2201.0,960.0,948.0,937.0
9424.0,2219.0,2174.0,2178.0,935.0,954.0,964.0
9421.0,2190.0,2193.0,2212.0,930.0,956.0,940.0
9487.0,2208.0,2212.0,2198.0,956.0,951.0,962.0
9444.0,2211.0,2199.0,2182.0,936.0,954.0,962.0
9402.0,2181.0,2179.0,2206.0,940.0,953.0,943.0
9316.0,2217.0,2134.0,2160.0,918.0,941.0,946.0
9530.0,2242.0,2182.0,2254.0,935.0,957.0,960.0
9363.0,2252.0,2125.0,2176.0,926.0,938.0,946.0
9269.0,2172.0,2150.0,2181.0,908.0,924.0,934.0
9412.0,2227.0,2168.0,2210.0,940.0,930.0,937.0
9474.0,2225.0,2170.0,2236.0,940.0,937.0,966.0
9216.0,2144.0,2150.0,2163.0,900.0,930.0,929.0
9390.0,2226.0,2174.0,2187.0,917.0,937.0,949.0
9302.0,2146.0,2194.0,2199.0,905.0,925.0,933.0
9313.0,2208.0,2151.0,2182.0,921.0,920.0,931.0
9528.0,2205.0,2225.0,2256.0,937.0,945.0,960.0
9468.0,2212.0,2209.0,2226.0,930.0,935.0,956.0
9416.0,2162.0,2231.0,2231.0,933.0,922.0,937.0
9485.0,2179.0,2249.0,2228.0,946.0,942.0,941.0
9345.0,2147.0,2215.0,2186.0,933.0,932.0,932.0
9308.0,2145.0,2200.0,2200.0,923.0,914.0,926.0
9445.0,2187.0,2210.0,2202.0,948.0,948.0,950.0
9344.0,2192.0,2188.0,2173.0,921.0,939.0,931.0
9259.0,2137.0,2161.0,2185.0,921.0,913.0,942.0
9524.0,2204.0,2223.0,2251.0,946.0,927.0,973.0
9610.0,2222.0,2259.0,2256.0,977.0,932.0,964.0
9457.0,2193.0,2223.0,2210.0,961.0,944.0,926.0
9575.0,2214.0,2252.0,2246.0,957.0,945.0,961.0
9720.0,2228.0,2312.0,2282.0,979.0,958.0,961.0
9659.0,2236.0,2274.0,2279.0,957.0,954.0,959.0
9675.0,2277.0,2240.0,2273.0,977.0,950.0,958.0
9677.0,2302.0,2233.0,2263.0,967.0,951.0,961.0
9645.0,2282.0,2254.0,2239.0,962.0,953.0,955.0
9585.0,2244.0,2243.0,2229.0,964.0,957.0,948.0
9635.0,2237.0,2253.0,2242.0,988.0,957.0,958.0
9665.0,2241.0,2235.0,2241.0,992.0,973.0,983.0
9738.0,2303.0,2258.0,2249.0,990.0,969.0,969.0
9780.0,2302.0,2313.0,2254.0,987.0,962.0,962.0
9585.0,2298.0,2224.0,2194.0,957.0,957.0,955.0
9522.0,2226.0,2199.0,2226.0,967.0,951.0,953.0
9555.0,2248.0,2213.0,2206.0,974.0,955.0,959.0
9695.0,2262.0,2247.0,2281.0,990.0,961.0,954.0
9726.0,2289.0,2277.0,2253.0,976.0,972.0,959.0
9611.0,2259.0,2219.0,2230.0,991.0,950.0,962.0
9591.0,2221.0,2254.0,2207.0,984.0,970.0,955.0
9698.0,2261.0,2265.0,2248.0,983.0,970.0,971.0
9679.0,2233.0,2244.0,2266.0,986.0,973.0,977.0
9563.0,2234.0,2213.0,2231.0,972.0,959.0,954.0
9521.0,2194.0,2216.0,2211.0,973.0,970.0,957.0
9542.0,2225.0,2243.0,2221.0,947.0,958.0,948.0
9664.0,2268.0,2226.0,2269.0,972.0,972.0,957.0
9657.0,2247.0,2302.0,2228.0,964.0,957.0,959.0
9506.0,2183.0,2234.0,2245.0,956.0,932.0,956.0
9614.0,2237.0,2256.0,2246.0,966.0,969.0,940.0
9416.0,2180.0,2235.0,2171.0,946.0,953.0,931.0
9749.0,2289.0,2272.0,2280.0,979.0,965.0,964.0
9532.0,2230.0,2241.0,2221.0,944.0,951.0,945.0
9628.0,2225.0,2249.0,2273.0,958.0,962.0,961.0
9657.0,2244.0,2293.0,2255.0,949.0,972.0,944.0
9594.0,2252.0,2196.0,2288.0,942.0,977.0,939.0
9532.0,2192.0,2232.0,2263.0,933.0,964.0,948.0
9552.0,2255.0,2226.0,2215.0,956.0,955.0,945.0
9540.0,2239.0,2218.0,2249.0,934.0,952.0,948.0
9544.0,2214.0,2257.0,2238.0,935.0,945.0,955.0
9597.0,2245.0,2276.0,2246.0,929.0,949.0,952.0
9490.0,2221.0,2220.0,2208.0,934.0,963.0,944.0
9539.0,2233.0,2223.0,2235.0,944.0,959.0,945.0
9564.0,2205.0,2233.0,2256.0,946.0,982.0,942.0
9470.0,2182.0,2215.0,2225.0,926.0,963.0,959.0
9481.0,2210.0,2206.0,2227.0,945.0,960.0,933.0
9312.0,2119.0,2164.0,2194.0,929.0,954.0,952.0
9516.0,2224.0,2212.0,2200.0,945.0,970.0,965.0
9487.0,2209.0,2209.0,2258.0,929.0,938.0,944.0
9626.0,2263.0,2235.0,2223.0,958.0,972.0,975.0
9280.0,2108.0,2175.0,2195.0,926.0,935.0,941.0
9579.0,2212.0,2220.0,2274.0,960.0,943.0,970.0
9471.0,2191.0,2213.0,2216.0,933.0,954.0,964.0
9565.0,2259.0,2189.0,2242.0,957.0,961.0,957.0
9615.0,2257.0,2204.0,2237.0,977.0,960.0,980.0
9623.0,2260.0,2201.0,2267.0,953.0,966.0,976.0
9626.0,2265.0,2247.0,2219.0,969.0,967.0,959.0
9678.0,2239.0,2262.0,2252.0,984.0,971.0,970.0
9656.0,2277.0,2241.0,2253.0,974.0,952.0,959.0
9746.0,2243.0,2269.0,2299.0,965.0,983.0,987.0
9754.0,2292.0,2254.0,2272.0,980.0,964.0,992.0
9679.0,2285.0,2306.0,2210.0,963.0,930.0,985.0
9781.0,2305.0,2273.0,2268.0,974.0,960.0,1001.0
9663.0,2260.0,2269.0,2241.0,970.0,955.0,968.0
9953.0,2342.0,2310.0,2308.0,997.0,989.0,1007.0
9842.0,2299.0,2308.0,2264.0,997.0,981.0,993.0
9718.0,2285.0,2254.0,2265.0,968.0,962.0,984.0
9761.0,2312.0,2278.0,2236.0,980.0,978.0,977.0
9814.0,2299.0,2318.0,2249.0,986.0,976.0,986.0
9712.0,2278.0,2268.0,2225.0,999.0,962.0,980.0
9850.0,2290.0,2310.0,2269.0,988.0,993.0,1000.0
9792.0,2260.0,2320.0,2224.0,992.0,990.0,1006.0
9877.0,2322.0,2316.0,2264.0,994.0,984.0,997.0
10011.0,2292.0,2360.0,2358.0,1004.0,988.0,1009.0
9796.0,2262.0,2321.0,2270.0,985.0,969.0,989.0
9895.0,2278.0,2324.0,2325.0,994.0,985.0,989.0
9710.0,2243.0,2304.0,2236.0,994.0,958.0,975.0
9669.0,2235.0,2300.0,2265.0,972.0,938.0,959.0
9788.0,2256.0,2298.0,2298.0,989.0,977.0,970.0
9625.0,2261.0,2233.0,2260.0,964.0,957.0,950.0
9939.0,2317.0,2343.0,2311.0,999.0,977.0,992.0
9666.0,2258.0,2235.0,2270.0,965.0,966.0,972.0
9596.0,2220.0,2265.0,2247.0,969.0,951.0,944.0
9675.0,2248.0,2287.0,2240.0,978.0,955.0,967.0
9757.0,2320.0,2268.0,2282.0,961.0,971.0,955.0
9715.0,2279.0,2284.0,2256.0,986.0,953.0,957.0
9570.0,2258.0,2222.0,2224.0,961.0,938.0,967.0
9655.0,2254.0,2239.0,2290.0,955.0,959.0,958.0
9655.0,2270.0,2253.0,2264.0,955.0,953.0,960.0
9567.0,2247.0,2198.0,2254.0,959.0,943.0,966.0
9725.0,2309.0,2220.0,2309.0,965.0,964.0,958.0
9670.0,2272.0,2212.0,2298.0,971.0,961.0,956.0
9711.0,2286.0,2250.0,2281.0,962.0,966.0,966.0
9438.0,2211.0,2186.0,2215.0,939.0,939.0,948.0
9493.0,2226.0,2180.0,2236.0,950.0,961.0,940.0
9527.0,2223.0,2220.0,2210.0,949.0,971.0,954.0
9609.0,2223.0,2220.0,2285.0,947.0,974.0,960.0
9516.0,2241.0,2182.0,2243.0,955.0,949.0,946.0
9501.0,2199.0,2199.0,2217.0,958.0,968.0,960.0
9565.0,2216.0,2247.0,2234.0,955.0,961.0,952.0
9682.0,2219.0,2285.0,2258.0,963.0,986.0,971.0
9735.0,2249.0,2303.0,2284.0,971.0,976.0,952.0
9663.0,2222.0,2261.0,2254.0,969.0,996.0,961.0
9664.0,2263.0,2246.0,2241.0,948.0,1005.0,961.0
9728.0,2247.0,2298.0,2245.0,984.0,983.0,971.0
9678.0,2241.0,2254.0,2276.0,952.0,988.0,967.0
9800.0,2245.0,2312.0,2315.0,973.0,986.0,969.0
9822.0,2304.0,2311.0,2279.0,959.0,989.0,980.0
9725.0,2272.0,2315.0,2230.0,972.0,968.0,968.0
9790.0,2309.0,2317.0,2235.0,975.0,989.0,965.0
9692.0,2252.0,2296.0,2224.0,964.0,985.0,971.0
9801.0,2325.0,2288.0,2263.0,966.0,992.0,967.0
9799.0,2333.0,2280.0,2239.0,984.0,1002.0,961.0
10043.0,2389.0,2358.0,2291.0,993.0,1011.0,1001.0
9919.0,2312.0,2326.0,2339.0,988.0,985.0,969.0
9933.0,2346.0,2358.0,2285.0,981.0,983.0,980.0
9781.0,2289.0,2295.0,2267.0,982.0,977.0,971.0
9961.0,2351.0,2310.0,2313.0,998.0,999.0,990.0
9868.0,2304.0,2296.0,2311.0,1003.0,978.0,976.0
9980.0,2349.0,2338.0,2320.0,994.0,995.0,984.0
9688.0,2267.0,2247.0,2282.0,965.0,972.0,955.0
9908.0,2343.0,2281.0,2301.0,991.0,998.0,994.0
9952.0,2325.0,2310.0,2339.0,1013.0,977.0,988.0
9839.0,2291.0,2306.0,2293.0,1000.0,970.0,979.0
9936.0,2310.0,2286.0,2325.0,1017.0,990.0,1008.0
9888.0,2299.0,2268.0,2332.0,1004.0,998.0,987.0
9950.0,2288.0,2318.0,2363.0,1012.0,987.0,982.0
9729.0,2230.0,2295.0,2287.0,987.0,958.0,972.0
9735.0,2238.0,2242.0,2302.0,987.0,977.0,989.0
9809.0,2263.0,2295.0,2296.0,983.0,982.0,990.0
9851.0,2285.0,2268.0,2303.0,1004.0,997.0,994.0
9762.0,2319.0,2248.0,2263.0,982.0,983.0,967.0
9760.0,2279.0,2235.0,2286.0,990.0,975.0,995.0
9911.0,2289.0,2292.0,2359.0,992.0,986.0,993.0
9817.0,2303.0,2244.0,2316.0,977.0,974.0,1003.0
9682.0,2258.0,2232.0,2315.0,972.0,950.0,955.0
9780.0,2278.0,2294.0,2281.0,978.0,968.0,981.0
9864.0,2326.0,2284.0,2319.0,980.0,977.0,978.0
9896.0,2320.0,2301.0,2324.0,990.0,979.0,982.0
9660.0,2255.0,2231.0,2287.0,967.0,948.0,972.0
9923.0,2313.0,2341.0,2306.0,987.0,985.0,991.0
9624.0,2274.0,2233.0,2246.0,953.0,937.0,981.0
9788.0,2309.0,2280.0,2268.0,981.0,960.0,990.0
9716.0,2253.0,2260.0,2299.0,966.0,967.0,971.0
9843.0,2307.0,2292.0,2327.0,975.0,962.0,980.0
9726.0,2289.0,2273.0,2248.0,969.0,966.0,981.0
9561.0,2216.0,2274.0,2224.0,954.0,940.0,953.0
9579.0,2227.0,2264.0,2253.0,948.0,934.0,953.0
9847.0,2301.0,2358.0,2275.0,974.0,971.0,968.0
9690.0,2247.0,2285.0,2267.0,957.0,965.0,969.0
9759.0,2233.0,2320.0,2261.0,986.0,968.0,991.0
9621.0,2206.0,2296.0,2207.0,969.0,978.0,965.0
9578.0,2259.0,2244.0,2192.0,953.0,967.0,963.0
9611.0,2223.0,2239.0,2263.0,967.0,960.0,959.0
9652.0,2249.0,2264.0,2244.0,947.0,970.0,978.0
9494.0,2203.0,2192.0,2231.0,952.0,953.0,963.0
9795.0,2295.0,2283.0,2300.0,959.0,963.0,995.0
9727.0,2261.0,2246.0,2285.0,976.0,986.0,973.0
9797.0,2269.0,2309.0,2302.0,969.0,972.0,976.0
9896.0,2324.0,2282.0,2284.0,988.0,1013.0,1005.0
9874.0,2364.0,2278.0,2237.0,986.0,1007.0,1002.0
9844.0,2334.0,2242.0,2287.0,989.0,995.0,997.0
9808.0,2331.0,2232.0,2279.0,972.0,1004.0,990.0
9946.0,2313.0,2322.0,2314.0,987.0,1001.0,1009.0
9872.0,2318.0,2305.0,2286.0,981.0,1002.0,980.0
10047.0,2344.0,2322.0,2359.0,1003.0,1003.0,1016.0
9992.0,2365.0,2316.0,2344.0,981.0,1000.0,986.0
9979.0,2345.0,2327.0,2295.0,994.0,1016.0,1002.0
10124.0,2363.0,2380.0,2355.0,1003.0,1021.0,1002.0
10025.0,2356.0,2306.0,2366.0,1000.0,998.0,999.0
10111.0,2381.0,2345.0,2375.0,996.0,1014.0,1000.0
10156.0,2407.0,2360.0,2358.0,1009.0,1023.0,999.0
9976.0,2316.0,2310.0,2348.0,1008.0,999.0,995.0
10148.0,2374.0,2407.0,2375.0,990.0,1011.0,991.0
10155.0,2348.0,2400.0,2381.0,1007.0,1021.0,998.0
10051.0,2310.0,2346.0,2363.0,1026.0,1007.0,999.0
10101.0,2312.0,2391.0,2360.0,1016.0,1019.0,1003.0
10136.0,2343.0,2368.0,2394.0,1022.0,1024.0,985.0
10032.0,2323.0,2320.0,2378.0,1009.0,1016.0,986.0
10066.0,2347.0,2380.0,2352.0,987.0,1017.0,983.0
10118.0,2338.0,2370.0,2384.0,1006.0,1024.0,996.0
9923.0,2287.0,2336.0,2307.0,996.0,1003.0,994.0
10096.0,2342.0,2385.0,2346.0,1027.0,1009.0,987.0
9847.0,2296.0,2270.0,2334.0,972.0,1004.0,971.0
9844.0,2254.0,2295.0,2311.0,1002.0,987.0,995.0
9953.0,2292.0,2328.0,2341.0,1008.0,1002.0,982.0
9835.0,2267.0,2323.0,2309.0,1002.0,963.0,971.0
9718.0,2280.0,2282.0,2268.0,955.0,970.0,963.0
9746.0,2278.0,2292.0,2244.0,989.0,977.0,966.0
9808.0,2280.0,2296.0,2309.0,995.0,961.0,967.0
9893.0,2331.0,2282.0,2319.0,1000.0,986.0,975.0
9746.0,2295.0,2276.0,2258.0,961.0,981.0,975.0
9983.0,2364.0,2310.0,2307.0,1005.0,995.0,1002.0
9706.0,2289.0,2278.0,2256.0,975.0,949.0,959.0
9997.0,2352.0,2342.0,2321.0,992.0,996.0,994.0
9825.0,2295.0,2282.0,2290.0,995.0,992.0,971.0
9752.0,2300.0,2254.0,2259.0,989.0,982.0,968.0
9625.0,2270.0,2254.0,2200.0,975.0,961.0,965.0
9791.0,2258.0,2306.0,2290.0,981.0,978.0,978.0
9585.0,2202.0,2236.0,2261.0,962.0,963.0,961.0
9607.0,2241.0,2236.0,2216.0,967.0,976.0,971.0
9847.0,2297.0,2276.0,2322.0,970.0,988.0,994.0
9471.0,2177.0,2193.0,2227.0,958.0,955.0,961.0
9833.0,2304.0,2306.0,2291.0,967.0,982.0,983.0
9585.0,2231.0,2263.0,2204.0,973.0,949.0,965.0
9748.0,2276.0,2295.0,2253.0,973.0,976.0,975.0
9730.0,2283.0,2260.0,2268.0,970.0,965.0,984.0
9748.0,2263.0,2286.0,2249.0,979.0,983.0,988.0
9807.0,2286.0,2275.0,2291.0,1001.0,977.0,977.0
9943.0,2305.0,2351.0,2303.0,991.0,984.0,1009.0
9782.0,2276.0,2288.0,2284.0,965.0,977.0,992.0
10013.0,2361.0,2352.0,2306.0,989.0,991.0,1014.0
9937.0,2323.0,2334.0,2319.0,973.0,988.0,1000.0
9977.0,2346.0,2318.0,2317.0,993.0,1000.0,1003.0
9962.0,2343.0,2335.0,2320.0,980.0,981.0,1003.0
10021.0,2351.0,2354.0,2325.0,984.0,1001.0,1006.0
10190.0,2394.0,2366.0,2396.0,1007.0,1002.0,1025.0
10144.0,2360.0,2377.0,2393.0,1002.0,1000.0,1012.0
10065.0,2348.0,2363.0,2324.0,1007.0,1004.0,1019.0
10186.0,2397.0,2388.0,2348.0,1008.0,1019.0,1026.0
10091.0,2361.0,2393.0,2318.0,1012.0,994.0,1013.0
10247.0,2405.0,2411.0,2392.0,1012.0,1013.0,1014.0
10304.0,2411.0,2414.0,2404.0,1012.0,1038.0,1025.0
10373.0,2414.0,2435.0,2441.0,1027.0,1014.0,1042.0
10263.0,2393.0,2400.0,2407.0,1004.0,1024.0,1035.0
10156.0,2333.0,2373.0,2378.0,1030.0,1015.0,1027.0
9958.0,2291.0,2356.0,2317.0,984.0,1009.0,1001.0
10107.0,2313.0,2371.0,2403.0,1008.0,1001.0,1011.0
10269.0,2348.0,2393.0,2435.0,1019.0,1040.0,1034.0
10154.0,2297.0,2395.0,2420.0,1013.0,1017.0,1012.0
10047.0,2321.0,2333.0,2372.0,1007.0,989.0,1025.0
10016.0,2291.0,2306.0,2398.0,1003.0,1013.0,1005.0
10049.0,2342.0,2330.0,2344.0,1016.0,1011.0,1006.0
10048.0,2336.0,2342.0,2331.0,1014.0,1011.0,1014.0
10023.0,2327.0,2316.0,2341.0,1007.0,1021.0,1011.0
10037.0,2297.0,2348.0,2349.0,1016.0,1015.0,1012.0
10087.0,2350.0,2336.0,2360.0,1013.0,1022.0,1006.0
10018.0,2366.0,2325.0,2339.0,998.0,990.0,1000.0
9911.0,2308.0,2292.0,2308.0,998.0,1000.0,1005.0
9997.0,2355.0,2302.0,2330.0,1003.0,1008.0,999.0
9952.0,2326.0,2301.0,2315.0,1005.0,1007.0,998.0
10005.0,2345.0,2344.0,2299.0,1011.0,999.0,1007.0
10008.0,2392.0,2335.0,2293.0,997.0,993.0,998.0
9942.0,2341.0,2279.0,2342.0,996.0,999.0,985.0
9987.0,2381.0,2267.0,2316.0,1015.0,1025.0,983.0
9877.0,2318.0,2260.0,2308.0,1006.0,995.0,990.0
9770.0,2274.0,2296.0,2227.0,996.0,992.0,985.0
9647.0,2234.0,2267.0,2257.0,977.0,977.0,935.0
9910.0,2326.0,2295.0,2307.0,1005.0,991.0,986.0
10025.0,2351.0,2338.0,2335.0,989.0,1010.0,1002.0
9944.0,2350.0,2337.0,2285.0,1004.0,992.0,976.0
9845.0,2280.0,2330.0,2276.0,993.0,981.0,985.0
9858.0,2305.0,2320.0,2267.0,991.0,999.0,976.0
9874.0,2291.0,2328.0,2296.0,994.0,995.0,970.0
9928.0,2312.0,2345.0,2275.0,1006.0,996.0,994.0
9776.0,2236.0,2335.0,2282.0,979.0,971.0,973.0
9942.0,2308.0,2357.0,2325.0,974.0,999.0,979.0
9944.0,2289.0,2326.0,2330.0,995.0,1012.0,992.0
9885.0,2273.0,2340.0,2304.0,983.0,992.0,993.0
9868.0,2316.0,2328.0,2303.0,964.0,981.0,976.0
9931.0,2309.0,2312.0,2337.0,986.0,996.0,991.0
9993.0,2333.0,2346.0,2335.0,988.0,998.0,993.0
10002.0,2316.0,2330.0,2352.0,998.0,1006.0,1000.0
9985.0,2287.0,2363.0,2338.0,1014.0,992.0,991.0
10061.0,2330.0,2373.0,2347.0,1008.0,991.0,1012.0
10079.0,2374.0,2348.0,2345.0,990.0,1009.0,1013.0
10087.0,2341.0,2405.0,2359.0,974.0,1011.0,997.0
10047.0,2379.0,2339.0,2341.0,985.0,1004.0,999.0
10112.0,2356.0,2379.0,2381.0,999.0,994.0,1003.0
9976.0,2339.0,2293.0,2391.0,986.0,997.0,970.0
10195.0,2411.0,2353.0,2408.0,1004.0,1017.0,1002.0
10214.0,2418.0,2349.0,2388.0,1012.0,1025.0,1022.0
10118.0,2371.0,2357.0,2375.0,994.0,996.0,1025.0
10010.0,2359.0,2344.0,2339.0,989.0,982.0,997.0
10123.0,2377.0,2319.0,2404.0,1020.0,994.0,1009.0
10082.0,2363.0,2318.0,2377.0,1002.0,1012.0,1010.0
10241.0,2403.0,2340.0,2433.0,1022.0,1010.0,1033.0
10303.0,2408.0,2389.0,2432.0,1019.0,1023.0,1032.0
10084.0,2316.0,2370.0,2385.0,998.0,1012.0,1003.0
10146.0,2349.0,2369.0,2378.0,1011.0,1014.0,1025.0
10276.0,2405.0,2400.0,2406.0,1032.0,1019.0,1014.0
10268.0,2377.0,2389.0,2407.0,1032.0,1035.0,1028.0
10208.0,2403.0,2361.0,2387.0,1012.0,1018.0,1027.0
10238.0,2385.0,2395.0,2376.0,1025.0,1030.0,1027.0
10176.0,2378.0,2357.0,2392.0,1015.0,1012.0,1022.0
10155.0,2323.0,2376.0,2396.0,1014.0,1019.0,1027.0
10250.0,2364.0,2395.0,2399.0,1034.0,1018.0,1040.0
10208.0,2411.0,2374.0,2369.0,1007.0,1027.0,1020.0
10205.0,2380.0,2396.0,2387.0,1009.0,1017.0,1016.0
10138.0,2362.0,2388.0,2345.0,1014.0,1015.0,1014.0
10093.0,2355.0,2349.0,2327.0,1021.0,1018.0,1023.0
10081.0,2342.0,2390.0,2313.0,1007.0,1003.0,1026.0
10080.0,2355.0,2361.0,2327.0,1019.0,1011.0,1007.0
10092.0,2356.0,2353.0,2331.0,1011.0,1020.0,1021.0
9984.0,2329.0,2352.0,2324.0,987.0,989.0,1003.0
10007.0,2334.0,2345.0,2307.0,998.0,1010.0,1013.0
10065.0,2359.0,2372.0,2315.0,990.0,1002.0,1027.0
10076.0,2377.0,2326.0,2330.0,1014.0,1015.0,1014.0
9960.0,2344.0,2299.0,2307.0,997.0,1004.0,1009.0
10021.0,2351.0,2323.0,2325.0,1003.0,1010.0,1009.0
10006.0,2371.0,2338.0,2274.0,1003.0,1013.0,1007.0
9893.0,2314.0,2286.0,2283.0,1002.0,1008.0,1000.0
10036.0,2355.0,2329.0,2314.0,1012.0,1018.0,1008.0
9800.0,2281.0,2259.0,2268.0,993.0,1001.0,998.0
9835.0,2291.0,2252.0,2304.0,987.0,1008.0,993.0
10049.0,2322.0,2337.0,2339.0,1019.0,1015.0,1017.0
9949.0,2326.0,2295.0,2315.0,1005.0,1026.0,982.0
10048.0,2331.0,2326.0,2338.0,1025.0,1017.0,1011.0
9994.0,2322.0,2324.0,2322.0,1006.0,1001.0,1019.0
10109.0,2365.0,2308.0,2387.0,1032.0,1008.0,1009.0
9890.0,2257.0,2267.0,2358.0,1021.0,997.0,990.0
10109.0,2329.0,2348.0,2378.0,1018.0,1017.0,1019.0
9980.0,2297.0,2288.0,2361.0,997.0,1023.0,1014.0
10023.0,2362.0,2332.0,2320.0,1000.0,1008.0,1001.0
10055.0,2339.0,2334.0,2342.0,1006.0,1034.0,1000.0
10238.0,2389.0,2354.0,2416.0,1024.0,1030.0,1025.0
10202.0,2368.0,2360.0,2416.0,1006.0,1042.0,1010.0
10302.0,2433.0,2372.0,2433.0,1026.0,1031.0,1007.0
10211.0,2386.0,2379.0,2413.0,1003.0,1023.0,1007.0
10065.0,2386.0,2319.0,2371.0,995.0,990.0,1004.0
10265.0,2404.0,2379.0,2437.0,1009.0,1014.0,1022.0
10196.0,2416.0,2362.0,2385.0,1021.0,1015.0,997.0
10286.0,2419.0,2404.0,2387.0,1024.0,1029.0,1023.0
10379.0,2436.0,2403.0,2443.0,1026.0,1037.0,1034.0
10217.0,2375.0,2392.0,2410.0,1003.0,1026.0,1011.0
10439.0,2468.0,2454.0,2433.0,1015.0,1050.0,1019.0
10334.0,2442.0,2411.0,2405.0,1028.0,1030.0,1018.0
10402.0,2425.0,2454.0,2442.0,1037.0,1027.0,1017.0
10413.0,2418.0,2440.0,2428.0,1027.0,1053.0,1047.0
10413.0,2420.0,2444.0,2447.0,1037.0,1033.0,1032.0
10383.0,2397.0,2446.0,2438.0,1035.0,1039.0,1028.0
10176.0,2370.0,2370.0,2381.0,1008.0,1012.0,1035.0
10259.0,2414.0,2397.0,2399.0,1012.0,1014.0,1023.0
10210.0,2382.0,2381.0,2406.0,1011.0,1013.0,1017.0
10251.0,2368.0,2428.0,2390.0,1019.0,1027.0,1019.0
10255.0,2400.0,2369.0,2425.0,1034.0,1010.0,1017.0
10066.0,2349.0,2354.0,2354.0,1006.0,994.0,1009.0
10279.0,2366.0,2415.0,2414.0,1029.0,1022.0,1033.0
10312.0,2397.0,2435.0,2395.0,1031.0,1033.0,1021.0
10135.0,2365.0,2396.0,2345.0,1009.0,1009.0,1011.0
10263.0,2396.0,2386.0,2412.0,1032.0,1016.0,1021.0
10114.0,2394.0,2347.0,2351.0,1002.0,1013.0,1007.0
10172.0,2379.0,2364.0,2360.0,1043.0,994.0,1032.0
10153.0,2399.0,2348.0,2376.0,1017.0,1013.0,1000.0
10169.0,2413.0,2332.0,2359.0,1024.0,1018.0,1023.0
10036.0,2360.0,2371.0,2312.0,1015.0,988.0,990.0
10039.0,2364.0,2357.0,2332.0,1000.0,997.0,989.0
10193.0,2408.0,2375.0,2350.0,1048.0,1015.0,997.0
9938.0,2331.0,2310.0,2303.0,992.0,1014.0,988.0
10045.0,2379.0,2318.0,2359.0,1009.0,992.0,988.0
10077.0,2387.0,2334.0,2343.0,1014.0,998.0,1001.0
9993.0,2348.0,2317.0,2337.0,991.0,988.0,1012.0
9998.0,2357.0,2336.0,2284.0,1020.0,991.0,1010.0
10153.0,2412.0,2370.0,2343.0,1020.0,1003.0,1005.0
10081.0,2352.0,2341.0,2370.0,1014.0,993.0,1011.0
10089.0,2355.0,2355.0,2350.0,1017.0,991.0,1021.0
10174.0,2365.0,2364.0,2388.0,1034.0,1008.0,1015.0
10143.0,2348.0,2340.0,2393.0,1035.0,1018.0,1009.0
10085.0,2373.0,2317.0,2344.0,1022.0,1017.0,1012.0
10304.0,2379.0,2443.0,2396.0,1028.0,1025.0,1033.0
10237.0,2309.0,2394.0,2422.0,1037.0,1050.0,1025.0
10218.0,2365.0,2358.0,2404.0,1030.0,1030.0,1031.0
10391.0,2386.0,2431.0,2453.0,1034.0,1042.0,1045.0
10246.0,2349.0,2410.0,2388.0,1036.0,1036.0,1027.0
10313.0,2406.0,2429.0,2419.0,1016.0,1021.0,1022.0
10338.0,2382.0,2422.0,2433.0,1038.0,1033.0,1030.0
10282.0,2373.0,2388.0,2456.0,1030.0,1004.0,1031.0
10234.0,2343.0,2387.0,2399.0,1013.0,1046.0,1046.0
10303.0,2405.0,2392.0,2413.0,1024.0,1046.0,1023.0
10239.0,2391.0,2414.0,2376.0,1005.0,1021.0,1032.0
10326.0,2429.0,2391.0,2398.0,1015.0,1053.0,1040.0
10225.0,2392.0,2380.0,2392.0,1019.0,1025.0,1017.0
10411.0,2425.0,2429.0,2457.0,1023.0,1032.0,1045.0
10324.0,2409.0,2406.0,2403.0,1030.0,1041.0,1035.0
10452.0,2436.0,2415.0,2489.0,1030.0,1045.0,1037.0
10350.0,2431.0,2408.0,2417.0,1021.0,1028.0,1045.0
10461.0,2407.0,2420.0,2473.0,1039.0,1061.0,1061.0
10406.0,2432.0,2379.0,2428.0,1028.0,1072.0,1067.0
10385.0,2430.0,2420.0,2413.0,1041.0,1030.0,1051.0
10303.0,2419.0,2373.0,2396.0,1023.0,1046.0,1046.0
10537.0,2448.0,2440.0,2475.0,1046.0,1065.0,1063.0
10341.0,2443.0,2402.0,2391.0,1025.0,1038.0,1042.0
10427.0,2436.0,2420.0,2436.0,1033.0,1055.0,1047.0
10428.0,2418.0,2436.0,2454.0,1028.0,1050.0,1042.0
10325.0,2407.0,2386.0,2399.0,1044.0,1032.0,1057.0
10225.0,2332.0,2412.0,2401.0,1025.0,1018.0,1037.0
10298.0,2420.0,2359.0,2437.0,1001.0,1056.0,1025.0
10458.0,2440.0,2442.0,2448.0,1024.0,1049.0,1055.0
10361.0,2415.0,2408.0,2411.0,1026.0,1054.0,1047.0
10354.0,2430.0,2397.0,2404.0,1046.0,1033.0,1044.0
10441.0,2432.0,2457.0,2432.0,1014.0,1048.0,1058.0
10264.0,2395.0,2411.0,2377.0,1006.0,1031.0,1044.0
10191.0,2395.0,2351.0,2378.0,1010.0,1022.0,1035.0
10297.0,2385.0,2399.0,2419.0,1010.0,1028.0,1056.0
10330.0,2433.0,2418.0,2396.0,1018.0,1030.0,1035.0
10384.0,2410.0,2449.0,2418.0,1035.0,1041.0,1031.0
10213.0,2405.0,2405.0,2361.0,1013.0,1013.0,1016.0
10325.0,2435.0,2393.0,2415.0,1031.0,1025.0,1026.0
10519.0,2486.0,2462.0,2425.0,1043.0,1045.0,1058.0
10190.0,2393.0,2436.0,2331.0,1002.0,1016.0,1012.0
10314.0,2403.0,2431.0,2406.0,1043.0,1010.0,1021.0
10252.0,2398.0,2407.0,2406.0,1025.0,1008.0,1008.0
10209.0,2393.0,2410.0,2389.0,1005.0,1011.0,1001.0
10314.0,2415.0,2407.0,2395.0,1029.0,1028.0,1040.0
10140.0,2342.0,2365.0,2378.0,1021.0,1014.0,1020.0
10230.0,2387.0,2406.0,2362.0,1034.0,1038.0,1003.0
10164.0,2346.0,2394.0,2388.0,1022.0,1016.0,998.0
10219.0,2359.0,2409.0,2428.0,1017.0,999.0,1007.0
10302.0,2394.0,2404.0,2447.0,1035.0,1006.0,1016.0
10358.0,2426.0,2426.0,2423.0,1032.0,1019.0,1032.0
10198.0,2385.0,2386.0,2387.0,1028.0,1010.0,1002.0
10277.0,2392.0,2409.0,2422.0,1041.0,999.0,1014.0
10302.0,2400.0,2369.0,2461.0,1040.0,1017.0,1015.0
10282.0,2383.0,2397.0,2450.0,1020.0,1014.0,1018.0
10216.0,2344.0,2401.0,2372.0,1052.0,1022.0,1025.0
10396.0,2401.0,2431.0,2469.0,1051.0,1023.0,1021.0
10165.0,2356.0,2356.0,2396.0,1034.0,1023.0,1000.0
10354.0,2398.0,2369.0,2470.0,1046.0,1023.0,1048.0
10496.0,2456.0,2454.0,2473.0,1044.0,1040.0,1029.0
10371.0,2420.0,2406.0,2456.0,1047.0,1030.0,1012.0
10385.0,2410.0,2409.0,2435.0,1053.0,1044.0,1034.0
10443.0,2421.0,2448.0,2442.0,1051.0,1038.0,1043.0
10414.0,2459.0,2378.0,2439.0,1057.0,1041.0,1040.0
10459.0,2458.0,2439.0,2455.0,1027.0,1040.0,1040.0
10407.0,2456.0,2399.0,2425.0,1047.0,1040.0,1040.0
10468.0,2462.0,2442.0,2428.0,1051.0,1045.0,1040.0
10446.0,2453.0,2414.0,2469.0,1035.0,1047.0,1028.0
10524.0,2488.0,2442.0,2447.0,1038.0,1063.0,1046.0
10399.0,2463.0,2409.0,2412.0,1034.0,1042.0,1039.0
10554.0,2469.0,2459.0,2447.0,1062.0,1056.0,1061.0
10429.0,2427.0,2457.0,2428.0,1037.0,1047.0,1033.0
10496.0,2433.0,2443.0,2478.0,1050.0,1050.0,1042.0
10514.0,2446.0,2472.0,2410.0,1075.0,1057.0,1054.0
10574.0,2472.0,2468.0,2492.0,1049.0,1047.0,1046.0
10388.0,2392.0,2429.0,2419.0,1049.0,1059.0,1040.0
10560.0,2466.0,2468.0,2446.0,1047.0,1061.0,1072.0
10493.0,2439.0,2470.0,2409.0,1036.0,1071.0,1068.0
10349.0,2394.0,2427.0,2405.0,1042.0,1048.0,1033.0
10547.0,2416.0,2463.0,2457.0,1072.0,1070.0,1069.0
10561.0,2426.0,2516.0,2456.0,1042.0,1066.0,1055.0
10306.0,2394.0,2402.0,2396.0,1015.0,1038.0,1061.0
10559.0,2460.0,2480.0,2433.0,1058.0,1059.0,1069.0
10451.0,2440.0,2438.0,2430.0,1045.0,1052.0,1046.0
10401.0,2415.0,2443.0,2409.0,1036.0,1054.0,1044.0
10552.0,2473.0,2512.0,2398.0,1034.0,1068.0,1067.0
10329.0,2401.0,2426.0,2378.0,1031.0,1050.0,1043.0
10487.0,2455.0,2457.0,2435.0,1034.0,1051.0,1055.0
10404.0,2451.0,2432.0,2398.0,1051.0,1036.0,1036.0
10344.0,2430.0,2417.0,2378.0,1024.0,1044.0,1051.0
10522.0,2444.0,2451.0,2465.0,1045.0,1058.0,1059.0
10377.0,2409.0,2420.0,2438.0,1034.0,1045.0,1031.0
10365.0,2426.0,2407.0,2430.0,1017.0,1043.0,1042.0
10352.0,2454.0,2373.0,2414.0,1024.0,1043.0,1044.0
10317.0,2404.0,2394.0,2426.0,1036.0,1032.0,1025.0
10308.0,2455.0,2365.0,2412.0,1013.0,1021.0,1042.0
10205.0,2401.0,2336.0,2395.0,1009.0,1027.0,1037.0
10366.0,2432.0,2388.0,2432.0,1029.0,1035.0,1050.0
10326.0,2414.0,2393.0,2430.0,1030.0,1029.0,1030.0
10262.0,2407.0,2373.0,2414.0,1025.0,1030.0,1013.0
10259.0,2408.0,2383.0,2410.0,1000.0,1027.0,1031.0
10347.0,2382.0,2403.0,2440.0,1045.0,1033.0,1044.0
10376.0,2388.0,2430.0,2434.0,1041.0,1039.0,1044.0
10266.0,2384.0,2389.0,2416.0,1007.0,1031.0,1039.0
10152.0,2333.0,2379.0,2399.0,1004.0,1022.0,1015.0
10420.0,2444.0,2431.0,2432.0,1054.0,1031.0,1028.0
10400.0,2373.0,2447.0,2438.0,1064.0,1028.0,1050.0
10286.0,2371.0,2400.0,2420.0,1045.0,1024.0,1026.0
10196.0,2337.0,2404.0,2400.0,1033.0,994.0,1028.0
10390.0,2374.0,2440.0,2430.0,1058.0,1039.0,1049.0
10394.0,2444.0,2437.0,2398.0,1043.0,1019.0,1053.0
10294.0,2398.0,2391.0,2415.0,1042.0,1013.0,1035.0
10509.0,2448.0,2457.0,2466.0,1043.0,1052.0,1043.0
10564.0,2479.0,2487.0,2423.0,1057.0,1055.0,1063.0
10619.0,2462.0,2491.0,2504.0,1069.0,1042.0,1051.0
10740.0,2511.0,2507.0,2509.0,1088.0,1061.0,1064.0
10650.0,2503.0,2507.0,2461.0,1074.0,1058.0,1047.0
10598.0,2479.0,2467.0,2492.0,1064.0,1050.0,1046.0
10577.0,2476.0,2477.0,2460.0,1055.0,1060.0,1049.0
10610.0,2502.0,2503.0,2442.0,1066.0,1051.0,1046.0
10633.0,2516.0,2500.0,2454.0,1063.0,1040.0,1060.0
10596.0,2479.0,2482.0,2460.0,1077.0,1057.0,1041.0
10557.0,2481.0,2488.0,2463.0,1049.0,1033.0,1043.0
10631.0,2477.0,2485.0,2458.0,1070.0,1077.0,1064.0
10509.0,2491.0,2447.0,2420.0,1064.0,1041.0,1046.0
10585.0,2479.0,2461.0,2451.0,1072.0,1068.0,1054.0
10768.0,2512.0,2534.0,2525.0,1066.0,1067.0,1064.0
10764.0,2512.0,2525.0,2519.0,1075.0,1068.0,1065.0
10538.0,2487.0,2448.0,2451.0,1055.0,1056.0,1041.0
10703.0,2501.0,2500.0,2485.0,1066.0,1090.0,1061.0
10610.0,2463.0,2496.0,2468.0,1069.0,1061.0,1053.0
10605.0,2511.0,2435.0,2484.0,1044.0,1059.0,1072.0
10449.0,2465.0,2441.0,2415.0,1053.0,1045.0,1030.0
10571.0,2450.0,2470.0,2481.0,1060.0,1047.0,1063.0
10392.0,2413.0,2400.0,2447.0,1032.0,1051.0,1049.0
10543.0,2439.0,2481.0,2461.0,1048.0,1060.0,1054.0
10438.0,2469.0,2428.0,2435.0,1031.0,1044.0,1031.0
10377.0,2422.0,2409.0,2435.0,1028.0,1052.0,1031.0
10477.0,2474.0,2415.0,2466.0,1032.0,1039.0,1051.0
10700.0,2495.0,2494.0,2519.0,1050.0,1065.0,1077.0
10450.0,2457.0,2414.0,2452.0,1034.0,1053.0,1040.0
10479.0,2463.0,2403.0,2520.0,1034.0,1039.0,1020.0
10460.0,2466.0,2432.0,2424.0,1036.0,1056.0,1046.0
10453.0,2475.0,2454.0,2415.0,1023.0,1043.0,1043.0
10465.0,2488.0,2394.0,2464.0,1037.0,1043.0,1039.0
10615.0,2482.0,2498.0,2476.0,1049.0,1058.0,1052.0
10460.0,2464.0,2392.0,2458.0,1029.0,1068.0,1049.0
10482.0,2450.0,2449.0,2455.0,1042.0,1069.0,1017.0
10310.0,2422.0,2406.0,2409.0,1011.0,1041.0,1021.0
10497.0,2457.0,2474.0,2446.0,1039.0,1050.0,1031.0
10555.0,2440.0,2469.0,2497.0,1041.0,1052.0,1056.0
10284.0,2379.0,2409.0,2446.0,994.0,1034.0,1022.0
10369.0,2396.0,2437.0,2427.0,1022.0,1052.0,1035.0
10372.0,2386.0,2429.0,2425.0,1042.0,1050.0,1040.0
10593.0,2437.0,2503.0,2475.0,1038.0,1069.0,1071.0
10501.0,2455.0,2467.0,2405.0,1049.0,1060.0,1065.0
10515.0,2450.0,2464.0,2463.0,1048.0,1045.0,1045.0
10471.0,2388.0,2463.0,2456.0,1050.0,1068.0,1046.0
10391.0,2418.0,2451.0,2389.0,1045.0,1043.0,1045.0
10551.0,2442.0,2466.0,2482.0,1054.0,1038.0,1069.0
10380.0,2382.0,2441.0,2426.0,1051.0,1048.0,1032.0
10711.0,2481.0,2524.0,2476.0,1069.0,1079.0,1082.0
10496.0,2443.0,2438.0,2465.0,1050.0,1047.0,1053.0
10672.0,2482.0,2498.0,2477.0,1069.0,1079.0,1067.0
10477.0,2422.0,2425.0,2452.0,1053.0,1066.0,1059.0
10580.0,2463.0,2442.0,2480.0,1056.0,1073.0,1066.0
10590.0,2492.0,2465.0,2444.0,1075.0,1045.0,1069.0
10656.0,2474.0,2460.0,2457.0,1086.0,1088.0,1091.0
10624.0,2521.0,2444.0,2451.0,1076.0,1063.0,1069.0
10622.0,2514.0,2405.0,2498.0,1075.0,1050.0,1080.0
10679.0,2507.0,2460.0,2467.0,1083.0,1070.0,1092.0
10694.0,2532.0,2447.0,2480.0,1081.0,1078.0,1076.0
10795.0,2550.0,2530.0,2484.0,1077.0,1077.0,1077.0
10707.0,2508.0,2484.0,2474.0,1088.0,1074.0,1079.0
10695.0,2498.0,2485.0,2475.0,1090.0,1066.0,1081.0
10573.0,2497.0,2458.0,2424.0,1082.0,1034.0,1078.0
10710.0,2552.0,2454.0,2465.0,1078.0,1073.0,1088.0
10734.0,2521.0,2515.0,2474.0,1085.0,1065.0,1074.0
10649.0,2479.0,2498.0,2476.0,1060.0,1050.0,1086.0
10743.0,2472.0,2525.0,2527.0,1066.0,1059.0,1094.0
10689.0,2494.0,2479.0,2521.0,1075.0,1065.0,1055.0
10497.0,2414.0,2478.0,2454.0,1049.0,1041.0,1061.0
10641.0,2478.0,2487.0,2486.0,1052.0,1056.0,1082.0
10803.0,2503.0,2546.0,2533.0,1067.0,1064.0,1090.0
10783.0,2501.0,2540.0,2492.0,1089.0,1073.0,1088.0
10561.0,2459.0,2476.0,2472.0,1055.0,1051.0,1048.0
10604.0,2492.0,2502.0,2446.0,1052.0,1059.0,1053.0
10731.0,2500.0,2499.0,2506.0,1082.0,1059.0,1085.0
10735.0,2534.0,2525.0,2482.0,1073.0,1057.0,1064.0
10619.0,2484.0,2513.0,2464.0,1061.0,1045.0,1052.0
10705.0,2522.0,2511.0,2494.0,1057.0,1053.0,1068.0
10661.0,2474.0,2475.0,2513.0,1062.0,1065.0,1072.0
10561.0,2491.0,2475.0,2454.0,1043.0,1046.0,1052.0
10586.0,2484.0,2471.0,2463.0,1062.0,1055.0,1051.0
10485.0,2453.0,2469.0,2440.0,1039.0,1043.0,1041.0
10681.0,2481.0,2507.0,2510.0,1050.0,1066.0,1067.0
10575.0,2480.0,2432.0,2492.0,1059.0,1050.0,1062.0
10555.0,2511.0,2459.0,2471.0,1033.0,1033.0,1048.0
10523.0,2489.0,2443.0,2478.0,1035.0,1043.0,1035.0
10371.0,2425.0,2405.0,2452.0,1015.0,1040.0,1034.0
10418.0,2507.0,2393.0,2382.0,1035.0,1056.0,1045.0
10580.0,2484.0,2475.0,2473.0,1042.0,1050.0,1056.0
10343.0,2411.0,2414.0,2408.0,1028.0,1054.0,1028.0
10401.0,2436.0,2437.0,2431.0,1033.0,1044.0,1020.0
10509.0,2474.0,2396.0,2478.0,1054.0,1052.0,1055.0
10465.0,2449.0,2406.0,2471.0,1037.0,1048.0,1054.0
10553.0,2468.0,2459.0,2469.0,1047.0,1068.0,1042.0
10572.0,2464.0,2440.0,2471.0,1050.0,1068.0,1079.0
10624.0,2454.0,2496.0,2496.0,1060.0,1063.0,1055.0
10358.0,2417.0,2387.0,2457.0,1023.0,1052.0,1022.0
10558.0,2438.0,2477.0,2440.0,1071.0,1087.0,1045.0
10625.0,2467.0,2503.0,2477.0,1052.0,1071.0,1055.0
10529.0,2441.0,2487.0,2445.0,1063.0,1052.0,1041.0
10568.0,2452.0,2484.0,2463.0,1040.0,1073.0,1056.0
10569.0,2463.0,2471.0,2483.0,1061.0,1054.0,1037.0
10581.0,2484.0,2472.0,2459.0,1067.0,1050.0,1049.0
10646.0,2475.0,2486.0,2465.0,1075.0,1088.0,1057.0
10718.0,2546.0,2471.0,2494.0,1082.0,1066.0,1059.0
10749.0,2512.0,2497.0,2490.0,1088.0,1082.0,1080.0
10749.0,2523.0,2510.0,2493.0,1070.0,1086.0,1067.0
10685.0,2511.0,2508.0,2448.0,1089.0,1075.0,1054.0
10738.0,2507.0,2542.0,2487.0,1066.0,1077.0,1059.0
10945.0,2571.0,2569.0,2518.0,1119.0,1105.0,1063.0
10809.0,2543.0,2515.0,2512.0,1079.0,1075.0,1085.0
10907.0,2569.0,2577.0,2498.0,1094.0,1094.0,1075.0
10989.0,2611.0,2580.0,2524.0,1094.0,1095.0,1085.0
10906.0,2562.0,2525.0,2511.0,1100.0,1108.0,1100.0
10801.0,2537.0,2505.0,2505.0,1082.0,1091.0,1081.0
11001.0,2513.0,2578.0,2567.0,1115.0,1120.0,1108.0
10869.0,2535.0,2563.0,2519.0,1093.0,1088.0,1071.0
10914.0,2516.0,2552.0,2553.0,1099.0,1108.0,1086.0
10726.0,2475.0,2523.0,2481.0,1092.0,1086.0,1069.0
10786.0,2502.0,2514.0,2518.0,1093.0,1080.0,1079.0
10743.0,2507.0,2516.0,2490.0,1091.0,1072.0,1067.0
10971.0,2548.0,2554.0,2554.0,1113.0,1101.0,1101.0
10824.0,2497.0,2523.0,2544.0,1082.0,1102.0,1076.0
10935.0,2528.0,2557.0,2553.0,1116.0,1098.0,1083.0
10748.0,2494.0,2468.0,2530.0,1095.0,1071.0,1090.0
10590.0,2467.0,2435.0,2478.0,1081.0,1056.0,1073.0
10816.0,2507.0,2470.0,2586.0,1078.0,1084.0,1091.0
10833.0,2504.0,2518.0,2531.0,1090.0,1100.0,1090.0
10717.0,2510.0,2495.0,2509.0,1064.0,1061.0,1078.0
10701.0,2504.0,2475.0,2523.0,1070.0,1066.0,1063.0
10763.0,2516.0,2493.0,2534.0,1072.0,1067.0,1081.0
10674.0,2483.0,2467.0,2506.0,1060.0,1076.0,1082.0
10581.0,2513.0,2423.0,2486.0,1054.0,1043.0,1062.0
10795.0,2519.0,2512.0,2535.0,1075.0,1073.0,1081.0
10745.0,2531.0,2493.0,2514.0,1070.0,1057.0,1080.0
10755.0,2492.0,2512.0,2542.0,1076.0,1050.0,1083.0
10690.0,2520.0,2503.0,2463.0,1080.0,1052.0,1072.0
10722.0,2527.0,2489.0,2519.0,1059.0,1047.0,1081.0
10658.0,2485.0,2462.0,2496.0,1073.0,1076.0,1066.0
10496.0,2475.0,2461.0,2407.0,1040.0,1046.0,1067.0
10536.0,2442.0,2459.0,2492.0,1032.0,1035.0,1076.0
10559.0,2467.0,2458.0,2476.0,1049.0,1048.0,1061.0
10552.0,2443.0,2452.0,2485.0,1057.0,1047.0,1068.0
10680.0,2489.0,2516.0,2476.0,1052.0,1069.0,1078.0
10529.0,2471.0,2473.0,2441.0,1035.0,1035.0,1074.0
10752.0,2478.0,2528.0,2516.0,1070.0,1082.0,1078.0
10485.0,2441.0,2469.0,2432.0,1051.0,1029.0,1063.0
10685.0,2481.0,2503.0,2519.0,1049.0,1052.0,1081.0
10602.0,2421.0,2501.0,2464.0,1059.0,1079.0,1078.0
10620.0,2468.0,2492.0,2462.0,1064.0,1067.0,1067.0
10547.0,2439.0,2476.0,2448.0,1054.0,1059.0,1071.0
10680.0,2482.0,2463.0,2515.0,1068.0,1073.0,1079.0
10717.0,2453.0,2564.0,2462.0,1081.0,1073.0,1084.0
10740.0,2488.0,2535.0,2475.0,1080.0,1087.0,1075.0
10865.0,2516.0,2547.0,2545.0,1088.0,1083.0,1086.0
10892.0,2544.0,2536.0,2531.0,1087.0,1090.0,1104.0
10695.0,2482.0,2493.0,2480.0,1084.0,1086.0,1070.0
10788.0,2503.0,2548.0,2464.0,1076.0,1103.0,1094.0
10989.0,2566.0,2566.0,2571.0,1094.0,1092.0,1100.0
10753.0,2520.0,2516.0,2498.0,1067.0,1081.0,1071.0
10976.0,2579.0,2540.0,2574.0,1092.0,1103.0,1088.0
10836.0,2537.0,2521.0,2516.0,1085.0,1093.0,1084.0
10862.0,2558.0,2531.0,2532.0,1081.0,1084.0,1076.0
10838.0,2531.0,2510.0,2518.0,1097.0,1085.0,1097.0
10983.0,2582.0,2541.0,2564.0,1100.0,1108.0,1088.0
10977.0,2591.0,2500.0,2561.0,1119.0,1094.0,1112.0
10801.0,2530.0,2521.0,2490.0,1097.0,1086.0,1077.0
10972.0,2557.0,2549.0,2572.0,1106.0,1106.0,1082.0
11004.0,2591.0,2556.0,2545.0,1108.0,1127.0,1077.0
10880.0,2526.0,2494.0,2562.0,1097.0,1113.0,1088.0
11005.0,2536.0,2558.0,2585.0,1124.0,1106.0,1096.0
10955.0,2505.0,2539.0,2580.0,1119.0,1125.0,1087.0
10796.0,2492.0,2499.0,2518.0,1102.0,1102.0,1083.0
11081.0,2552.0,2558.0,2644.0,1119.0,1109.0,1099.0
10868.0,2504.0,2522.0,2567.0,1092.0,1104.0,1079.0
10956.0,2579.0,2543.0,2575.0,1091.0,1092.0,1076.0
10927.0,2507.0,2566.0,2563.0,1095.0,1103.0,1093.0
10811.0,2480.0,2531.0,2530.0,1108.0,1094.0,1068.0
10861.0,2511.0,2553.0,2551.0,1084.0,1094.0,1068.0
10970.0,2561.0,2574.0,2554.0,1096.0,1099.0,1086.0
10831.0,2505.0,2530.0,2534.0,1090.0,1103.0,1069.0
10865.0,2531.0,2538.0,2542.0,1101.0,1085.0,1068.0
10847.0,2524.0,2516.0,2557.0,1090.0,1096.0,1064.0
10803.0,2510.0,2541.0,2536.0,1080.0,1080.0,1056.0
10973.0,2563.0,2548.0,2576.0,1111.0,1105.0,1070.0
10751.0,2489.0,2534.0,2515.0,1075.0,1073.0,1065.0
10785.0,2488.0,2564.0,2507.0,1075.0,1091.0,1060.0
10627.0,2500.0,2510.0,2423.0,1053.0,1073.0,1068.0
10699.0,2523.0,2478.0,2498.0,1053.0,1064.0,1083.0
10724.0,2520.0,2525.0,2466.0,1076.0,1068.0,1069.0
10614.0,2471.0,2484.0,2469.0,1078.0,1058.0,1054.0
10639.0,2479.0,2499.0,2481.0,1066.0,1064.0,1050.0
10639.0,2526.0,2477.0,2452.0,1058.0,1067.0,1059.0
10714.0,2487.0,2513.0,2497.0,1070.0,1078.0,1069.0
10571.0,2484.0,2453.0,2491.0,1032.0,1054.0,1057.0
10670.0,2487.0,2498.0,2477.0,1050.0,1079.0,1079.0
10623.0,2491.0,2479.0,2465.0,1070.0,1054.0,1064.0
10706.0,2477.0,2508.0,2505.0,1080.0,1057.0,1079.0
10635.0,2505.0,2469.0,2463.0,1055.0,1074.0,1069.0
10548.0,2448.0,2474.0,2446.0,1057.0,1063.0,1060.0
10784.0,2515.0,2494.0,2514.0,1095.0,1072.0,1094.0
10803.0,2531.0,2492.0,2525.0,1078.0,1085.0,1092.0
10614.0,2517.0,2458.0,2460.0,1065.0,1049.0,1065.0
10773.0,2546.0,2492.0,2506.0,1082.0,1072.0,1075.0
10664.0,2482.0,2486.0,2486.0,1063.0,1067.0,1080.0
10815.0,2548.0,2541.0,2528.0,1056.0,1062.0,1080.0
10763.0,2491.0,2512.0,2519.0,1059.0,1086.0,1096.0
10935.0,2540.0,2538.0,2594.0,1088.0,1081.0,1094.0
10847.0,2557.0,2544.0,2495.0,1074.0,1070.0,1107.0
10839.0,2524.0,2547.0,2521.0,1075.0,1078.0,1094.0
10954.0,2571.0,2539.0,2544.0,1100.0,1093.0,1107.0
10876.0,2567.0,2533.0,2523.0,1081.0,1086.0,1086.0
11065.0,2609.0,2602.0,2563.0,1093.0,1095.0,1103.0
11048.0,2589.0,2568.0,2594.0,1108.0,1082.0,1107.0
11136.0,2647.0,2599.0,2544.0,1123.0,1092.0,1131.0
10982.0,2582.0,2545.0,2560.0,1084.0,1102.0,1109.0
11206.0,2619.0,2621.0,2629.0,1124.0,1097.0,1116.0
11125.0,2616.0,2608.0,2582.0,1102.0,1096.0,1121.0
10998.0,2612.0,2552.0,2526.0,1103.0,1093.0,1112.0
11191.0,2608.0,2601.0,2619.0,1123.0,1116.0,1124.0
11135.0,2601.0,2600.0,2591.0,1115.0,1098.0,1130.0
11115.0,2569.0,2635.0,2586.0,1115.0,1099.0,1111.0
11173.0,2587.0,2599.0,2643.0,1113.0,1112.0,1119.0
11084.0,2534.0,2639.0,2575.0,1097.0,1120.0,1119.0
11087.0,2577.0,2592.0,2602.0,1109.0,1101.0,1106.0
10898.0,2507.0,2543.0,2580.0,1097.0,1076.0,1095.0
11049.0,2531.0,2566.0,2621.0,1108.0,1108.0,1115.0
11147.0,2566.0,2620.0,2595.0,1125.0,1132.0,1109.0
10964.0,2527.0,2532.0,2576.0,1105.0,1112.0,1112.0
11068.0,2598.0,2562.0,2582.0,1116.0,1106.0,1104.0
11005.0,2555.0,2575.0,2559.0,1115.0,1094.0,1107.0
10894.0,2574.0,2501.0,2534.0,1105.0,1090.0,1090.0
10962.0,2530.0,2558.0,2560.0,1111.0,1103.0,1100.0
10935.0,2548.0,2524.0,2564.0,1105.0,1091.0,1103.0
10902.0,2573.0,2543.0,2535.0,1084.0,1083.0,1084.0
10898.0,2524.0,2490.0,2580.0,1098.0,1105.0,1101.0
10855.0,2537.0,2529.0,2526.0,1097.0,1077.0,1089.0
10754.0,2535.0,2514.0,2470.0,1077.0,1079.0,1079.0
10856.0,2539.0,2525.0,2530.0,1076.0,1088.0,1098.0
10803.0,2531.0,2500.0,2523.0,1083.0,1095.0,1071.0
10729.0,2540.0,2479.0,2480.0,1076.0,1094.0,1060.0
10799.0,2537.0,2484.0,2541.0,1079.0,1087.0,1071.0
10868.0,2552.0,2510.0,2538.0,1090.0,1104.0,1074.0
10856.0,2579.0,2545.0,2471.0,1081.0,1097.0,1083.0
10915.0,2575.0,2540.0,2549.0,1084.0,1082.0,1085.0
10645.0,2524.0,2467.0,2463.0,1066.0,1081.0,1044.0
11002.0,2600.0,2581.0,2520.0,1101.0,1110.0,1090.0
10542.0,2466.0,2456.0,2433.0,1065.0,1070.0,1052.0
10703.0,2489.0,2494.0,2502.0,1062.0,1088.0,1068.0
10819.0,2549.0,2529.0,2508.0,1065.0,1095.0,1073.0
10816.0,2525.0,2563.0,2492.0,1081.0,1078.0,1077.0
10871.0,2518.0,2563.0,2526.0,1084.0,1105.0,1075.0
10692.0,2458.0,2492.0,2504.0,1071.0,1089.0,1078.0
10841.0,2542.0,2569.0,2496.0,1081.0,1092.0,1061.0
10898.0,2548.0,2551.0,2533.0,1100.0,1087.0,1079.0
10933.0,2524.0,2579.0,2578.0,1066.0,1093.0,1093.0
10921.0,2533.0,2575.0,2564.0,1072.0,1088.0,1089.0
10921.0,2549.0,2593.0,2545.0,1074.0,1095.0,1065.0
11001.0,2539.0,2590.0,2571.0,1091.0,1108.0,1102.0
10965.0,2578.0,2579.0,2562.0,1080.0,1091.0,1075.0
11053.0,2591.0,2599.0,2570.0,1089.0,1093.0,1111.0
11105.0,2575.0,2618.0,2601.0,1102.0,1105.0,1104.0
10924.0,2565.0,2540.0,2566.0,1085.0,1080.0,1088.0
10958.0,2564.0,2549.0,2582.0,1086.0,1081.0,1096.0
11176.0,2616.0,2571.0,2637.0,1117.0,1122.0,1113.0
11102.0,2604.0,2623.0,2575.0,1105.0,1098.0,1097.0
11100.0,2575.0,2595.0,2604.0,1115.0,1112.0,1099.0
11131.0,2617.0,2587.0,2602.0,1109.0,1103.0,1113.0
11121.0,2632.0,2590.0,2601.0,1079.0,1094.0,1125.0
11179.0,2625.0,2579.0,2636.0,1123.0,1088.0,1128.0
11073.0,2584.0,2573.0,2626.0,1093.0,1098.0,1099.0
11294.0,2642.0,2628.0,2673.0,1108.0,1124.0,1119.0
11179.0,2624.0,2580.0,2628.0,1127.0,1118.0,1102.0
11219.0,2626.0,2622.0,2641.0,1119.0,1101.0,1110.0
11266.0,2630.0,2617.0,2643.0,1126.0,1128.0,1122.0
11178.0,2582.0,2591.0,2644.0,1134.0,1113.0,1114.0
11138.0,2603.0,2576.0,2613.0,1127.0,1103.0,1116.0
11082.0,2556.0,2592.0,2605.0,1108.0,1109.0,1112.0
11109.0,2578.0,2564.0,2632.0,1133.0,1099.0,1103.0
10945.0,2535.0,2545.0,2558.0,1121.0,1091.0,1095.0
11034.0,2568.0,2574.0,2560.0,1100.0,1105.0,1127.0
11099.0,2553.0,2584.0,2599.0,1123.0,1106.0,1134.0
10980.0,2554.0,2542.0,2573.0,1090.0,1090.0,1131.0
11116.0,2640.0,2575.0,2579.0,1115.0,1094.0,1113.0
10978.0,2514.0,2535.0,2594.0,1110.0,1104.0,1121.0
11053.0,2584.0,2574.0,2581.0,1118.0,1087.0,1109.0
11040.0,2593.0,2545.0,2572.0,1107.0,1094.0,1129.0
10830.0,2534.0,2556.0,2502.0,1083.0,1062.0,1093.0
11093.0,2598.0,2581.0,2588.0,1117.0,1095.0,1114.0
10955.0,2547.0,2560.0,2541.0,1109.0,1091.0,1107.0
10994.0,2621.0,2569.0,2514.0,1102.0,1090.0,1098.0
10954.0,2572.0,2571.0,2515.0,1102.0,1085.0,1109.0
11144.0,2620.0,2603.0,2570.0,1113.0,1124.0,1114.0
10925.0,2559.0,2565.0,2524.0,1092.0,1086.0,1099.0
10908.0,2569.0,2519.0,2516.0,1097.0,1091.0,1116.0
10850.0,2524.0,2535.0,2517.0,1090.0,1082.0,1102.0
10954.0,2580.0,2580.0,2492.0,1105.0,1096.0,1101.0
11016.0,2552.0,2579.0,2548.0,1104.0,1125.0,1108.0
10948.0,2541.0,2592.0,2519.0,1100.0,1104.0,1092.0
10944.0,2562.0,2550.0,2531.0,1085.0,1101.0,1115.0
11035.0,2582.0,2597.0,2537.0,1092.0,1108.0,1119.0
10971.0,2560.0,2529.0,2569.0,1096.0,1108.0,1109.0
10951.0,2558.0,2532.0,2547.0,1081.0,1110.0,1123.0
10818.0,2489.0,2522.0,2516.0,1097.0,1109.0,1085.0
10956.0,2558.0,2530.0,2568.0,1093.0,1105.0,1102.0
10806.0,2523.0,2509.0,2525.0,1077.0,1089.0,1083.0
10977.0,2546.0,2551.0,2563.0,1099.0,1098.0,1120.0
10980.0,2537.0,2567.0,2590.0,1090.0,1112.0,1084.0
10988.0,2552.0,2546.0,2581.0,1099.0,1105.0,1105.0
11200.0,2595.0,2601.0,2655.0,1115.0,1108.0,1126.0
11083.0,2589.0,2568.0,2590.0,1103.0,1124.0,1109.0
11178.0,2614.0,2557.0,2650.0,1111.0,1125.0,1121.0
11245.0,2647.0,2614.0,2631.0,1120.0,1113.0,1120.0
11204.0,2612.0,2618.0,2600.0,1112.0,1129.0,1133.0
11277.0,2627.0,2607.0,2671.0,1119.0,1136.0,1117.0
11161.0,2587.0,2609.0,2608.0,1120.0,1127.0,1110.0
11330.0,2653.0,2626.0,2657.0,1126.0,1131.0,1137.0
