demand,Demand_Retailer_0,Demand_Retailer_1,Demand_Retailer_2,Demand_Retailer_3,Demand_Retailer_4,Demand_Retailer_5
1015.0,236.0,259.0,239.0,95.0,96.0,90.0
1076.0,262.0,271.0,252.0,99.0,99.0,93.0
1169.0,292.0,278.0,279.0,91.0,110.0,119.0
1073.0,274.0,231.0,231.0,108.0,113.0,116.0
1074.0,245.0,264.0,245.0,111.0,94.0,115.0
1018.0,247.0,234.0,217.0,103.0,104.0,113.0
1056.0,260.0,260.0,204.0,110.0,112.0,110.0
946.0,252.0,197.0,225.0,86.0,92.0,94.0
978.0,218.0,198.0,263.0,101.0,94.0,104.0
975.0,192.0,224.0,260.0,104.0,104.0,91.0
913.0,188.0,187.0,259.0,92.0,91.0,96.0
924.0,189.0,204.0,220.0,105.0,111.0,95.0
936.0,165.0,248.0,205.0,111.0,96.0,111.0
1072.0,234.0,235.0,277.0,109.0,117.0,100.0
1053.0,249.0,232.0,238.0,112.0,101.0,121.0
1160.0,269.0,281.0,284.0,114.0,109.0,103.0
1145.0,270.0,275.0,256.0,106.0,113.0,125.0
1117.0,254.0,281.0,253.0,112.0,109.0,108.0
1103.0,254.0,268.0,255.0,103.0,105.0,118.0
1107.0,261.0,292.0,250.0,106.0,98.0,100.0
971.0,240.0,217.0,245.0,86.0,88.0,95.0
982.0,259.0,242.0,195.0,102.0,84.0,100.0
906.0,212.0,220.0,242.0,70.0,84.0,78.0
903.0,212.0,194.0,223.0,97.0,91.0,86.0
955.0,215.0,235.0,235.0,90.0,92.0,88.0
995.0,220.0,228.0,235.0,110.0,98.0,104.0
1049.0,232.0,254.0,231.0,108.0,114.0,110.0
1162.0,263.0,263.0,266.0,116.0,132.0,122.0
1220.0,284.0,285.0,268.0,122.0,129.0,132.0
1232.0,292.0,309.0,277.0,119.0,118.0,117.0
1167.0,248.0,292.0,272.0,115.0,114.0,126.0
1118.0,250.0,270.0,254.0,114.0,116.0,114.0
1071.0,244.0,244.0,264.0,107.0,109.0,103.0
1046.0,258.0,246.0,234.0,102.0,106.0,100.0
997.0,245.0,209.0,257.0,95.0,97.0,94.0
899.0,232.0,222.0,200.0,84.0,75.0,86.0
850.0,199.0,200.0,212.0,84.0,77.0,78.0
894.0,202.0,254.0,164.0,101.0,95.0,78.0
995.0,237.0,247.0,206.0,109.0,98.0,98.0
1128.0,280.0,287.0,236.0,121.0,106.0,98.0
1139.0,262.0,274.0,243.0,128.0,114.0,118.0
1189.0,324.0,272.0,254.0,105.0,123.0,111.0
1235.0,313.0,234.0,303.0,134.0,122.0,129.0
1194.0,288.0,247.0,285.0,124.0,126.0,124.0
1198.0,265.0,276.0,274.0,124.0,139.0,120.0
1120.0,248.0,261.0,267.0,101.0,126.0,117.0
1119.0,278.0,251.0,271.0,109.0,99.0,111.0
1073.0,285.0,241.0,238.0,82.0,104.0,123.0
991.0,268.0,214.0,219.0,92.0,93.0,105.0
979.0,241.0,232.0,230.0,91.0,96.0,89.0
907.0,216.0,218.0,214.0,89.0,82.0,88.0
967.0,204.0,250.0,206.0,102.0,103.0,102.0
1079.0,257.0,226.0,251.0,125.0,106.0,114.0
1225.0,299.0,309.0,264.0,130.0,104.0,119.0
1216.0,279.0,286.0,281.0,125.0,117.0,128.0
1315.0,306.0,315.0,314.0,132.0,126.0,122.0
1333.0,288.0,344.0,330.0,139.0,115.0,117.0
1272.0,275.0,308.0,312.0,131.0,129.0,117.0
1113.0,241.0,238.0,298.0,97.0,118.0,121.0
1069.0,250.0,254.0,261.0,95.0,111.0,98.0
1002.0,245.0,245.0,225.0,79.0,98.0,110.0
978.0,219.0,223.0,252.0,90.0,116.0,78.0
981.0,254.0,236.0,208.0,102.0,102.0,79.0
949.0,206.0,224.0,210.0,94.0,101.0,114.0
1080.0,241.0,266.0,246.0,103.0,112.0,112.0
1147.0,257.0,270.0,266.0,117.0,113.0,124.0
1239.0,322.0,263.0,282.0,125.0,124.0,123.0
1294.0,333.0,274.0,311.0,128.0,109.0,139.0
1317.0,318.0,280.0,328.0,132.0,124.0,135.0
1228.0,249.0,267.0,318.0,130.0,123.0,141.0
1227.0,273.0,261.0,311.0,140.0,125.0,117.0
1198.0,282.0,261.0,309.0,108.0,110.0,128.0
1187.0,285.0,292.0,272.0,114.0,108.0,116.0
1109.0,253.0,289.0,250.0,114.0,96.0,107.0
1071.0,282.0,298.0,198.0,94.0,104.0,95.0
946.0,204.0,228.0,215.0,86.0,110.0,103.0
1004.0,211.0,244.0,233.0,101.0,115.0,100.0
1037.0,256.0,243.0,217.0,97.0,121.0,103.0
1170.0,270.0,241.0,283.0,125.0,139.0,112.0
1224.0,334.0,254.0,292.0,113.0,127.0,104.0
1345.0,316.0,307.0,316.0,136.0,142.0,128.0
1355.0,300.0,332.0,315.0,143.0,135.0,130.0
1319.0,287.0,358.0,287.0,137.0,127.0,123.0
1238.0,257.0,292.0,287.0,133.0,135.0,134.0
1223.0,251.0,318.0,288.0,120.0,121.0,125.0
1113.0,284.0,254.0,230.0,114.0,113.0,118.0
1025.0,276.0,217.0,243.0,89.0,93.0,107.0
1002.0,273.0,236.0,211.0,92.0,86.0,104.0
951.0,222.0,223.0,214.0,102.0,90.0,100.0
1073.0,259.0,268.0,242.0,98.0,94.0,112.0
1070.0,239.0,232.0,280.0,110.0,105.0,104.0
1293.0,305.0,313.0,290.0,128.0,124.0,133.0
1303.0,298.0,291.0,322.0,124.0,144.0,124.0
1317.0,309.0,304.0,297.0,132.0,150.0,125.0
1367.0,320.0,274.0,353.0,144.0,150.0,126.0
1342.0,315.0,308.0,317.0,147.0,139.0,116.0
1273.0,286.0,276.0,320.0,141.0,135.0,115.0
1221.0,266.0,291.0,288.0,119.0,129.0,128.0
1124.0,254.0,268.0,250.0,118.0,127.0,107.0
1061.0,249.0,244.0,270.0,117.0,93.0,88.0
1029.0,265.0,240.0,221.0,102.0,103.0,98.0
1064.0,257.0,241.0,250.0,104.0,101.0,111.0
1090.0,235.0,243.0,298.0,97.0,105.0,112.0
1077.0,227.0,271.0,249.0,107.0,100.0,123.0
1177.0,296.0,250.0,299.0,112.0,103.0,117.0
1279.0,289.0,269.0,345.0,125.0,124.0,127.0
1394.0,317.0,296.0,360.0,133.0,142.0,146.0
1344.0,332.0,303.0,292.0,145.0,126.0,146.0
1314.0,264.0,321.0,303.0,138.0,135.0,153.0
1331.0,298.0,336.0,296.0,135.0,130.0,136.0
1267.0,272.0,317.0,264.0,139.0,144.0,131.0
1158.0,287.0,270.0,243.0,122.0,120.0,116.0
1172.0,280.0,266.0,270.0,126.0,124.0,106.0
1099.0,270.0,218.0,280.0,120.0,100.0,111.0
1078.0,261.0,231.0,253.0,116.0,111.0,106.0
1099.0,226.0,247.0,284.0,113.0,123.0,106.0
1212.0,282.0,256.0,307.0,128.0,125.0,114.0
1263.0,301.0,299.0,324.0,113.0,110.0,116.0
1357.0,331.0,340.0,304.0,123.0,137.0,122.0
1418.0,356.0,361.0,305.0,142.0,126.0,128.0
1341.0,342.0,298.0,308.0,128.0,129.0,136.0
1379.0,325.0,313.0,337.0,130.0,134.0,140.0
1278.0,299.0,304.0,296.0,132.0,114.0,133.0
1225.0,264.0,300.0,270.0,135.0,125.0,131.0
1199.0,290.0,260.0,257.0,124.0,124.0,144.0
1209.0,271.0,288.0,280.0,117.0,124.0,129.0
1170.0,246.0,272.0,278.0,126.0,111.0,137.0
1087.0,257.0,253.0,258.0,103.0,113.0,103.0
1124.0,234.0,263.0,289.0,118.0,108.0,112.0
1175.0,243.0,277.0,278.0,123.0,126.0,128.0
1232.0,277.0,271.0,294.0,123.0,141.0,126.0
1328.0,331.0,299.0,304.0,125.0,148.0,121.0
1379.0,348.0,334.0,285.0,132.0,146.0,134.0
1403.0,357.0,319.0,300.0,145.0,145.0,137.0
1358.0,317.0,339.0,288.0,151.0,140.0,123.0
1324.0,320.0,308.0,310.0,123.0,132.0,131.0
1342.0,324.0,304.0,325.0,128.0,130.0,131.0
1294.0,320.0,301.0,324.0,118.0,110.0,121.0
1188.0,249.0,273.0,306.0,122.0,128.0,110.0
1259.0,301.0,309.0,307.0,121.0,102.0,119.0
1168.0,267.0,254.0,278.0,126.0,128.0,115.0
1182.0,260.0,271.0,297.0,124.0,124.0,106.0
1232.0,275.0,271.0,310.0,127.0,135.0,114.0
1250.0,307.0,278.0,259.0,137.0,137.0,132.0
1393.0,336.0,332.0,292.0,143.0,147.0,143.0
1426.0,337.0,347.0,310.0,132.0,145.0,155.0
1485.0,309.0,363.0,372.0,139.0,148.0,154.0
1411.0,318.0,348.0,329.0,122.0,141.0,153.0
1353.0,293.0,337.0,283.0,145.0,153.0,142.0
1340.0,321.0,315.0,304.0,126.0,141.0,133.0
1331.0,299.0,312.0,333.0,129.0,123.0,135.0
1226.0,299.0,256.0,310.0,127.0,114.0,120.0
1133.0,264.0,246.0,295.0,116.0,114.0,98.0
1141.0,256.0,246.0,291.0,124.0,104.0,120.0
1178.0,258.0,282.0,294.0,130.0,104.0,110.0
1194.0,249.0,314.0,260.0,130.0,118.0,123.0
1326.0,309.0,353.0,283.0,121.0,137.0,123.0
1350.0,337.0,313.0,283.0,143.0,140.0,134.0
1380.0,331.0,294.0,318.0,144.0,156.0,137.0
1352.0,304.0,319.0,293.0,150.0,147.0,139.0
1455.0,338.0,317.0,355.0,131.0,159.0,155.0
1393.0,313.0,309.0,351.0,129.0,152.0,139.0
1423.0,300.0,355.0,356.0,132.0,146.0,134.0
1346.0,308.0,260.0,373.0,135.0,134.0,136.0
1334.0,336.0,282.0,306.0,136.0,145.0,129.0
1203.0,289.0,285.0,269.0,131.0,111.0,118.0
1214.0,274.0,295.0,279.0,127.0,120.0,119.0
1174.0,238.0,293.0,292.0,122.0,107.0,122.0
1259.0,307.0,280.0,288.0,137.0,117.0,130.0
1353.0,330.0,306.0,301.0,142.0,136.0,138.0
1361.0,362.0,308.0,277.0,147.0,130.0,137.0
1462.0,361.0,308.0,353.0,148.0,141.0,151.0
1484.0,367.0,354.0,336.0,152.0,131.0,144.0
1454.0,342.0,343.0,332.0,140.0,151.0,146.0
1422.0,329.0,312.0,358.0,143.0,146.0,134.0
1390.0,309.0,315.0,356.0,128.0,148.0,134.0
1255.0,287.0,297.0,305.0,114.0,129.0,123.0
1286.0,327.0,278.0,283.0,128.0,139.0,131.0
1169.0,263.0,267.0,259.0,115.0,133.0,132.0
1195.0,274.0,269.0,281.0,131.0,124.0,116.0
1214.0,270.0,312.0,248.0,131.0,129.0,124.0
1264.0,267.0,311.0,262.0,134.0,145.0,145.0
1385.0,325.0,334.0,286.0,155.0,144.0,141.0
1501.0,347.0,379.0,339.0,143.0,140.0,153.0
1559.0,357.0,380.0,379.0,155.0,134.0,154.0
1498.0,366.0,337.0,354.0,137.0,148.0,156.0
1506.0,334.0,350.0,355.0,146.0,153.0,168.0
1433.0,349.0,309.0,352.0,143.0,131.0,149.0
1390.0,326.0,312.0,344.0,120.0,149.0,139.0
1380.0,310.0,330.0,326.0,132.0,148.0,134.0
1258.0,283.0,307.0,297.0,133.0,129.0,109.0
1167.0,275.0,295.0,247.0,119.0,114.0,117.0
1197.0,303.0,281.0,248.0,118.0,122.0,125.0
1245.0,279.0,316.0,265.0,144.0,119.0,122.0
1280.0,287.0,306.0,296.0,132.0,136.0,123.0
1468.0,355.0,330.0,334.0,158.0,146.0,145.0
1481.0,335.0,338.0,376.0,150.0,145.0,137.0
1536.0,363.0,354.0,367.0,174.0,143.0,135.0
1575.0,357.0,374.0,385.0,156.0,156.0,147.0
1581.0,357.0,359.0,391.0,166.0,151.0,157.0
1522.0,322.0,391.0,337.0,157.0,157.0,158.0
1389.0,316.0,323.0,324.0,135.0,138.0,153.0
1375.0,299.0,354.0,319.0,122.0,136.0,145.0
1282.0,336.0,288.0,289.0,122.0,111.0,136.0
1168.0,322.0,255.0,226.0,127.0,120.0,118.0
1170.0,279.0,271.0,253.0,112.0,123.0,132.0
1216.0,285.0,276.0,287.0,124.0,123.0,121.0
1302.0,276.0,321.0,314.0,127.0,131.0,133.0
1389.0,323.0,319.0,326.0,140.0,136.0,145.0
1562.0,388.0,339.0,382.0,154.0,154.0,145.0
1608.0,380.0,381.0,372.0,169.0,161.0,145.0
1645.0,412.0,389.0,405.0,154.0,154.0,131.0
1511.0,335.0,349.0,357.0,157.0,159.0,154.0
1493.0,349.0,350.0,326.0,159.0,159.0,150.0
1369.0,329.0,302.0,320.0,130.0,153.0,135.0
1374.0,340.0,306.0,311.0,143.0,140.0,134.0
1287.0,328.0,299.0,270.0,130.0,134.0,126.0
1269.0,306.0,261.0,344.0,108.0,129.0,121.0
1239.0,280.0,321.0,263.0,122.0,122.0,131.0
1346.0,344.0,320.0,316.0,113.0,127.0,126.0
1385.0,304.0,317.0,368.0,132.0,115.0,149.0
1463.0,297.0,372.0,358.0,150.0,127.0,159.0
1519.0,360.0,358.0,361.0,151.0,148.0,141.0
1548.0,395.0,341.0,339.0,161.0,144.0,168.0
1539.0,366.0,342.0,371.0,165.0,145.0,150.0
1602.0,380.0,360.0,385.0,157.0,158.0,162.0
1537.0,364.0,380.0,327.0,151.0,161.0,154.0
1480.0,336.0,361.0,341.0,141.0,153.0,148.0
1458.0,332.0,360.0,342.0,147.0,141.0,136.0
1341.0,315.0,313.0,320.0,132.0,126.0,135.0
1328.0,307.0,310.0,323.0,123.0,138.0,127.0
1309.0,277.0,320.0,316.0,118.0,144.0,134.0
1344.0,316.0,297.0,336.0,126.0,139.0,130.0
1390.0,341.0,320.0,327.0,127.0,143.0,132.0
1443.0,320.0,324.0,365.0,141.0,159.0,134.0
1546.0,354.0,382.0,366.0,146.0,145.0,153.0
1539.0,355.0,369.0,342.0,169.0,150.0,154.0
1589.0,365.0,381.0,371.0,162.0,154.0,156.0
1469.0,310.0,370.0,320.0,159.0,153.0,157.0
1511.0,330.0,381.0,346.0,165.0,140.0,149.0
1483.0,368.0,346.0,325.0,149.0,130.0,165.0
1468.0,340.0,338.0,328.0,150.0,154.0,158.0
1367.0,354.0,293.0,306.0,129.0,134.0,151.0
1323.0,316.0,271.0,340.0,134.0,126.0,136.0
1368.0,337.0,308.0,327.0,127.0,137.0,132.0
1359.0,305.0,312.0,336.0,123.0,151.0,132.0
1392.0,308.0,335.0,336.0,131.0,148.0,134.0
1597.0,394.0,384.0,365.0,153.0,154.0,147.0
1590.0,375.0,383.0,381.0,137.0,167.0,147.0
1575.0,374.0,367.0,367.0,150.0,148.0,169.0
1605.0,392.0,369.0,353.0,153.0,166.0,172.0
1567.0,372.0,344.0,360.0,174.0,155.0,162.0
1533.0,375.0,334.0,367.0,159.0,154.0,144.0
1474.0,336.0,367.0,326.0,156.0,140.0,149.0
1551.0,370.0,376.0,350.0,165.0,141.0,149.0
1449.0,361.0,352.0,340.0,141.0,123.0,132.0
1397.0,320.0,318.0,333.0,153.0,139.0,134.0
1416.0,317.0,326.0,360.0,135.0,124.0,154.0
1353.0,289.0,317.0,330.0,138.0,144.0,135.0
1458.0,364.0,323.0,331.0,146.0,148.0,146.0
1442.0,340.0,311.0,342.0,148.0,138.0,163.0
1558.0,376.0,363.0,351.0,152.0,156.0,160.0
1620.0,385.0,379.0,340.0,140.0,187.0,189.0
1686.0,387.0,375.0,408.0,163.0,176.0,177.0
1637.0,376.0,370.0,392.0,162.0,168.0,169.0
1634.0,375.0,375.0,377.0,170.0,171.0,166.0
1551.0,348.0,364.0,361.0,168.0,156.0,154.0
1473.0,353.0,351.0,342.0,140.0,138.0,149.0
1433.0,323.0,332.0,347.0,142.0,139.0,150.0
1365.0,323.0,279.0,327.0,148.0,154.0,134.0
1424.0,369.0,320.0,325.0,157.0,128.0,125.0
1426.0,332.0,338.0,351.0,136.0,129.0,140.0
1385.0,315.0,336.0,329.0,146.0,127.0,132.0
1477.0,338.0,363.0,345.0,140.0,144.0,147.0
1659.0,374.0,428.0,378.0,154.0,160.0,165.0
1657.0,408.0,399.0,367.0,159.0,163.0,161.0
1703.0,405.0,411.0,393.0,164.0,167.0,163.0
1665.0,372.0,379.0,391.0,161.0,178.0,184.0
1641.0,345.0,362.0,426.0,166.0,166.0,176.0
1576.0,389.0,329.0,359.0,154.0,176.0,169.0
1572.0,372.0,344.0,372.0,166.0,157.0,161.0
1498.0,352.0,325.0,354.0,161.0,150.0,156.0
1439.0,340.0,329.0,309.0,160.0,145.0,156.0
1439.0,314.0,355.0,331.0,150.0,142.0,147.0
1372.0,265.0,337.0,348.0,145.0,138.0,139.0
1517.0,338.0,391.0,353.0,142.0,134.0,159.0
1513.0,346.0,350.0,365.0,154.0,138.0,160.0
1617.0,382.0,382.0,372.0,150.0,175.0,156.0
1642.0,402.0,387.0,364.0,155.0,162.0,172.0
1709.0,418.0,366.0,412.0,181.0,170.0,162.0
1609.0,368.0,364.0,390.0,163.0,160.0,164.0
1603.0,348.0,375.0,407.0,157.0,160.0,156.0
1676.0,384.0,395.0,415.0,156.0,175.0,151.0
1582.0,382.0,393.0,361.0,146.0,157.0,143.0
1507.0,350.0,340.0,341.0,159.0,160.0,157.0
1444.0,360.0,332.0,309.0,153.0,151.0,139.0
1425.0,327.0,322.0,309.0,145.0,160.0,162.0
1491.0,334.0,376.0,306.0,160.0,165.0,150.0
1500.0,320.0,338.0,349.0,167.0,164.0,162.0
1600.0,385.0,363.0,373.0,168.0,153.0,158.0
1693.0,430.0,406.0,339.0,166.0,181.0,171.0
1772.0,427.0,419.0,411.0,170.0,166.0,179.0
1732.0,427.0,385.0,398.0,177.0,167.0,178.0
1704.0,328.0,411.0,446.0,173.0,173.0,173.0
1695.0,383.0,377.0,415.0,161.0,179.0,180.0
1632.0,379.0,369.0,409.0,165.0,152.0,158.0
1507.0,371.0,330.0,374.0,145.0,132.0,155.0
1534.0,361.0,358.0,351.0,155.0,152.0,157.0
1474.0,358.0,366.0,330.0,144.0,143.0,133.0
1473.0,343.0,362.0,338.0,154.0,138.0,138.0
1494.0,327.0,381.0,343.0,173.0,135.0,135.0
1545.0,342.0,363.0,366.0,160.0,156.0,158.0
1699.0,402.0,369.0,410.0,182.0,181.0,155.0
1656.0,391.0,377.0,382.0,160.0,187.0,159.0
1825.0,444.0,405.0,429.0,180.0,197.0,170.0
1797.0,423.0,415.0,420.0,176.0,183.0,180.0
1749.0,386.0,417.0,412.0,174.0,175.0,185.0
1754.0,383.0,409.0,414.0,173.0,187.0,188.0
1686.0,362.0,403.0,405.0,170.0,165.0,181.0
1631.0,398.0,409.0,346.0,155.0,152.0,171.0
1588.0,386.0,365.0,340.0,152.0,168.0,177.0
1470.0,353.0,351.0,313.0,154.0,144.0,155.0
1412.0,326.0,351.0,308.0,141.0,133.0,153.0
1517.0,344.0,368.0,351.0,156.0,154.0,144.0
1584.0,369.0,359.0,377.0,161.0,147.0,171.0
1669.0,383.0,372.0,430.0,164.0,166.0,154.0
1723.0,422.0,389.0,400.0,182.0,168.0,162.0
1813.0,426.0,429.0,422.0,172.0,180.0,184.0
1776.0,427.0,390.0,420.0,188.0,182.0,169.0
1876.0,407.0,453.0,449.0,183.0,198.0,186.0
1732.0,398.0,426.0,386.0,173.0,187.0,162.0
1601.0,360.0,375.0,370.0,158.0,177.0,161.0
1621.0,400.0,372.0,359.0,156.0,183.0,151.0
1565.0,379.0,348.0,353.0,152.0,175.0,158.0
1509.0,376.0,326.0,354.0,151.0,148.0,154.0
1482.0,342.0,375.0,345.0,141.0,141.0,138.0
1547.0,350.0,374.0,357.0,156.0,155.0,155.0
1606.0,339.0,371.0,400.0,175.0,152.0,169.0
1790.0,410.0,444.0,413.0,185.0,156.0,182.0
1734.0,390.0,414.0,409.0,180.0,159.0,182.0
1843.0,416.0,402.0,459.0,189.0,184.0,193.0
1885.0,437.0,428.0,458.0,189.0,189.0,184.0
1816.0,438.0,422.0,416.0,182.0,179.0,179.0
1711.0,404.0,408.0,386.0,171.0,174.0,168.0
1686.0,392.0,349.0,412.0,175.0,177.0,181.0
1662.0,370.0,394.0,396.0,176.0,170.0,156.0
1618.0,386.0,387.0,364.0,161.0,166.0,154.0
1554.0,375.0,379.0,352.0,147.0,151.0,150.0
1633.0,389.0,384.0,397.0,152.0,155.0,156.0
1560.0,361.0,368.0,365.0,149.0,161.0,156.0
1592.0,337.0,362.0,421.0,135.0,167.0,170.0
1719.0,436.0,354.0,407.0,168.0,183.0,171.0
1785.0,422.0,411.0,417.0,189.0,177.0,169.0
1841.0,429.0,419.0,432.0,201.0,180.0,180.0
1889.0,464.0,443.0,431.0,183.0,189.0,179.0
1837.0,421.0,470.0,372.0,199.0,181.0,194.0
1824.0,401.0,458.0,414.0,188.0,175.0,188.0
1718.0,403.0,421.0,387.0,177.0,159.0,171.0
1680.0,417.0,376.0,369.0,159.0,172.0,187.0
1589.0,413.0,350.0,372.0,141.0,149.0,164.0
1488.0,356.0,327.0,346.0,136.0,155.0,168.0
1598.0,400.0,343.0,381.0,149.0,157.0,168.0
1608.0,373.0,398.0,374.0,148.0,150.0,165.0
1700.0,368.0,394.0,422.0,168.0,173.0,175.0
1734.0,388.0,418.0,403.0,177.0,175.0,173.0
1825.0,412.0,434.0,430.0,175.0,189.0,185.0
1879.0,451.0,454.0,412.0,193.0,190.0,179.0
1888.0,435.0,464.0,406.0,198.0,200.0,185.0
1887.0,414.0,424.0,464.0,208.0,196.0,181.0
1787.0,424.0,424.0,402.0,186.0,179.0,172.0
1764.0,413.0,454.0,380.0,176.0,177.0,164.0
1624.0,398.0,344.0,373.0,183.0,158.0,168.0
1675.0,416.0,384.0,392.0,166.0,160.0,157.0
1674.0,414.0,391.0,409.0,149.0,158.0,153.0
1562.0,350.0,392.0,362.0,139.0,159.0,160.0
1633.0,351.0,395.0,417.0,151.0,164.0,155.0
1681.0,392.0,379.0,422.0,161.0,173.0,154.0
1869.0,422.0,456.0,473.0,171.0,172.0,175.0
1842.0,444.0,403.0,442.0,187.0,192.0,174.0
1902.0,479.0,428.0,438.0,182.0,188.0,187.0
1890.0,430.0,433.0,437.0,190.0,192.0,208.0
1922.0,403.0,455.0,467.0,198.0,201.0,198.0
1847.0,401.0,458.0,426.0,190.0,193.0,179.0
1837.0,414.0,443.0,430.0,183.0,192.0,175.0
1817.0,401.0,445.0,436.0,187.0,187.0,161.0
1668.0,401.0,392.0,370.0,165.0,173.0,167.0
1626.0,377.0,392.0,384.0,149.0,152.0,172.0
1545.0,363.0,335.0,387.0,165.0,148.0,147.0
1578.0,350.0,386.0,375.0,158.0,148.0,161.0
1702.0,393.0,402.0,405.0,162.0,166.0,174.0
1804.0,430.0,429.0,431.0,162.0,175.0,177.0
1847.0,435.0,445.0,425.0,173.0,188.0,181.0
1898.0,459.0,458.0,430.0,183.0,181.0,187.0
1898.0,443.0,421.0,451.0,201.0,183.0,199.0
1929.0,448.0,444.0,435.0,203.0,198.0,201.0
1884.0,423.0,427.0,456.0,206.0,197.0,175.0
1795.0,447.0,396.0,409.0,189.0,177.0,177.0
1800.0,399.0,400.0,446.0,183.0,184.0,188.0
1727.0,420.0,379.0,393.0,178.0,178.0,179.0
1703.0,405.0,396.0,402.0,162.0,163.0,175.0
1680.0,375.0,388.0,384.0,175.0,176.0,182.0
1716.0,388.0,420.0,407.0,155.0,174.0,172.0
1674.0,367.0,424.0,369.0,158.0,170.0,186.0
1818.0,461.0,425.0,401.0,168.0,181.0,182.0
1820.0,428.0,410.0,439.0,164.0,179.0,200.0
1980.0,488.0,462.0,462.0,180.0,204.0,184.0
1895.0,439.0,430.0,441.0,202.0,187.0,196.0
1902.0,464.0,422.0,479.0,181.0,167.0,189.0
1949.0,422.0,470.0,487.0,196.0,195.0,179.0
1845.0,430.0,431.0,440.0,202.0,174.0,168.0
1841.0,423.0,416.0,444.0,185.0,174.0,199.0
1762.0,439.0,420.0,382.0,181.0,174.0,166.0
1674.0,400.0,374.0,380.0,179.0,172.0,169.0
1655.0,333.0,373.0,416.0,176.0,188.0,169.0
1622.0,367.0,349.0,380.0,169.0,176.0,181.0
1664.0,398.0,357.0,372.0,182.0,176.0,179.0
1834.0,420.0,415.0,432.0,180.0,191.0,196.0
1928.0,472.0,438.0,449.0,179.0,195.0,195.0
2059.0,493.0,491.0,483.0,183.0,208.0,201.0
2033.0,465.0,513.0,470.0,193.0,198.0,194.0
1963.0,425.0,485.0,481.0,180.0,192.0,200.0
1963.0,460.0,468.0,452.0,196.0,192.0,195.0
1871.0,450.0,413.0,455.0,191.0,163.0,199.0
1813.0,427.0,400.0,424.0,189.0,194.0,179.0
1772.0,464.0,392.0,411.0,164.0,168.0,173.0
1706.0,407.0,406.0,367.0,184.0,160.0,182.0
1677.0,372.0,406.0,395.0,190.0,162.0,152.0
1709.0,383.0,408.0,392.0,182.0,173.0,171.0
1767.0,420.0,429.0,400.0,184.0,172.0,162.0
1858.0,418.0,437.0,447.0,182.0,198.0,176.0
1981.0,501.0,434.0,456.0,192.0,200.0,198.0
2010.0,465.0,444.0,493.0,180.0,215.0,213.0
2018.0,490.0,453.0,475.0,196.0,207.0,197.0
2047.0,470.0,457.0,481.0,208.0,227.0,204.0
1929.0,439.0,441.0,460.0,191.0,201.0,197.0
1881.0,456.0,446.0,430.0,185.0,186.0,178.0
1865.0,409.0,468.0,425.0,173.0,184.0,206.0
1850.0,459.0,437.0,413.0,179.0,172.0,190.0
1713.0,414.0,414.0,370.0,159.0,165.0,191.0
1756.0,390.0,411.0,433.0,174.0,170.0,178.0
1714.0,405.0,369.0,400.0,189.0,171.0,180.0
1767.0,428.0,421.0,395.0,178.0,165.0,180.0
1871.0,455.0,427.0,430.0,191.0,178.0,190.0
2001.0,507.0,446.0,452.0,211.0,197.0,188.0
2026.0,508.0,451.0,492.0,202.0,192.0,181.0
2069.0,505.0,470.0,478.0,217.0,204.0,195.0
1986.0,454.0,467.0,473.0,194.0,211.0,187.0
1987.0,451.0,485.0,474.0,184.0,211.0,182.0
1981.0,452.0,512.0,448.0,180.0,210.0,179.0
1837.0,441.0,440.0,403.0,178.0,200.0,175.0
1821.0,442.0,443.0,386.0,180.0,184.0,186.0
1739.0,429.0,377.0,418.0,175.0,174.0,166.0
1763.0,422.0,398.0,402.0,182.0,177.0,182.0
1756.0,395.0,425.0,386.0,184.0,188.0,178.0
1893.0,406.0,455.0,466.0,198.0,178.0,190.0
1910.0,430.0,428.0,459.0,203.0,187.0,203.0
2030.0,462.0,472.0,481.0,217.0,199.0,199.0
2102.0,512.0,503.0,470.0,206.0,197.0,214.0
2118.0,486.0,513.0,477.0,216.0,203.0,223.0
2016.0,483.0,457.0,477.0,189.0,200.0,210.0
1935.0,432.0,441.0,455.0,199.0,195.0,213.0
1870.0,415.0,416.0,462.0,191.0,186.0,200.0
1839.0,427.0,428.0,441.0,180.0,179.0,184.0
1807.0,464.0,417.0,385.0,172.0,185.0,184.0
1822.0,448.0,462.0,399.0,180.0,179.0,154.0
1815.0,417.0,459.0,421.0,181.0,172.0,165.0
1810.0,392.0,439.0,431.0,182.0,197.0,169.0
1905.0,416.0,459.0,470.0,203.0,189.0,168.0
1972.0,445.0,453.0,498.0,197.0,200.0,179.0
1987.0,479.0,453.0,460.0,208.0,194.0,193.0
2030.0,455.0,479.0,481.0,206.0,208.0,201.0
2067.0,479.0,494.0,456.0,214.0,214.0,210.0
2048.0,471.0,490.0,466.0,213.0,194.0,214.0
2042.0,486.0,479.0,475.0,206.0,188.0,208.0
1990.0,456.0,475.0,479.0,194.0,187.0,199.0
1995.0,482.0,465.0,453.0,188.0,195.0,212.0
1884.0,439.0,455.0,432.0,175.0,181.0,202.0
1785.0,429.0,400.0,425.0,171.0,169.0,191.0
1712.0,346.0,401.0,437.0,175.0,170.0,183.0
1846.0,420.0,433.0,446.0,179.0,182.0,186.0
1903.0,437.0,423.0,466.0,189.0,188.0,200.0
2069.0,490.0,478.0,487.0,202.0,199.0,213.0
2028.0,479.0,467.0,459.0,208.0,205.0,210.0
2056.0,502.0,495.0,438.0,204.0,214.0,203.0
2120.0,487.0,505.0,488.0,221.0,215.0,204.0
2100.0,456.0,519.0,487.0,216.0,217.0,205.0
1986.0,452.0,475.0,454.0,206.0,209.0,190.0
1934.0,453.0,428.0,458.0,204.0,200.0,191.0
1951.0,487.0,414.0,476.0,188.0,202.0,184.0
1907.0,456.0,463.0,443.0,175.0,184.0,186.0
1866.0,428.0,441.0,455.0,180.0,182.0,180.0
1877.0,428.0,434.0,466.0,188.0,173.0,188.0
1902.0,421.0,467.0,462.0,191.0,170.0,191.0
1885.0,424.0,453.0,445.0,202.0,168.0,193.0
2043.0,483.0,474.0,492.0,193.0,190.0,211.0
2013.0,460.0,460.0,464.0,213.0,202.0,214.0
2125.0,509.0,482.0,487.0,209.0,217.0,221.0
2066.0,512.0,457.0,472.0,207.0,217.0,201.0
2131.0,461.0,493.0,512.0,231.0,213.0,221.0
2152.0,478.0,508.0,522.0,208.0,213.0,223.0
2106.0,492.0,485.0,491.0,212.0,216.0,210.0
2056.0,473.0,485.0,508.0,190.0,207.0,193.0
1894.0,434.0,448.0,458.0,182.0,183.0,189.0
1839.0,431.0,434.0,445.0,172.0,169.0,188.0
1855.0,452.0,432.0,418.0,189.0,185.0,179.0
1870.0,427.0,437.0,466.0,170.0,193.0,177.0
1882.0,437.0,435.0,432.0,188.0,199.0,191.0
1986.0,477.0,448.0,491.0,191.0,193.0,186.0
2042.0,512.0,462.0,461.0,198.0,202.0,207.0
2152.0,501.0,505.0,509.0,235.0,191.0,211.0
2195.0,506.0,504.0,518.0,221.0,232.0,214.0
2172.0,494.0,534.0,487.0,225.0,211.0,221.0
2072.0,465.0,467.0,496.0,211.0,207.0,226.0
2087.0,472.0,482.0,511.0,203.0,211.0,208.0
2067.0,496.0,445.0,500.0,208.0,215.0,203.0
1954.0,451.0,427.0,483.0,187.0,200.0,206.0
1964.0,490.0,430.0,447.0,187.0,193.0,217.0
1938.0,473.0,452.0,421.0,191.0,204.0,197.0
1875.0,401.0,463.0,441.0,181.0,188.0,201.0
1940.0,442.0,452.0,428.0,189.0,216.0,213.0
2009.0,483.0,512.0,424.0,194.0,198.0,198.0
2075.0,495.0,484.0,466.0,210.0,224.0,196.0
2157.0,507.0,495.0,505.0,214.0,225.0,211.0
2193.0,514.0,510.0,512.0,225.0,222.0,210.0
2126.0,511.0,489.0,506.0,212.0,208.0,200.0
2070.0,474.0,470.0,514.0,218.0,204.0,190.0
2078.0,510.0,469.0,503.0,208.0,190.0,198.0
2068.0,486.0,472.0,508.0,207.0,195.0,200.0
1990.0,473.0,500.0,452.0,189.0,196.0,180.0
1938.0,480.0,435.0,456.0,193.0,185.0,189.0
1952.0,455.0,476.0,446.0,184.0,194.0,197.0
1894.0,443.0,427.0,426.0,211.0,199.0,188.0
1903.0,443.0,441.0,431.0,191.0,199.0,198.0
2064.0,515.0,473.0,470.0,199.0,187.0,220.0
2152.0,528.0,469.0,493.0,214.0,231.0,217.0
2207.0,525.0,506.0,515.0,218.0,225.0,218.0
2199.0,496.0,522.0,508.0,223.0,221.0,229.0
2223.0,512.0,516.0,521.0,223.0,225.0,226.0
2219.0,471.0,556.0,509.0,237.0,220.0,226.0
2098.0,456.0,503.0,505.0,213.0,213.0,208.0
2076.0,481.0,504.0,474.0,203.0,207.0,207.0
1937.0,485.0,411.0,447.0,206.0,202.0,186.0
1985.0,489.0,455.0,448.0,203.0,187.0,203.0
1885.0,454.0,437.0,439.0,190.0,182.0,183.0
1871.0,455.0,449.0,418.0,195.0,183.0,171.0
1956.0,433.0,496.0,462.0,192.0,182.0,191.0
2103.0,489.0,521.0,497.0,191.0,208.0,197.0
2264.0,527.0,550.0,538.0,212.0,220.0,217.0
2279.0,550.0,544.0,528.0,221.0,220.0,216.0
2272.0,530.0,519.0,544.0,222.0,238.0,219.0
2260.0,525.0,503.0,553.0,213.0,241.0,225.0
2171.0,488.0,488.0,506.0,222.0,236.0,231.0
2109.0,498.0,463.0,484.0,219.0,226.0,219.0
2084.0,499.0,494.0,453.0,211.0,218.0,209.0
2026.0,463.0,487.0,460.0,200.0,203.0,213.0
2022.0,475.0,480.0,458.0,211.0,202.0,196.0
1932.0,444.0,464.0,450.0,195.0,187.0,192.0
1938.0,415.0,464.0,460.0,208.0,196.0,195.0
2011.0,481.0,472.0,454.0,190.0,200.0,214.0
2111.0,488.0,480.0,526.0,213.0,197.0,207.0
2197.0,510.0,502.0,548.0,220.0,208.0,209.0
2247.0,535.0,520.0,539.0,215.0,211.0,227.0
2236.0,538.0,494.0,532.0,221.0,225.0,226.0
2263.0,545.0,535.0,531.0,213.0,223.0,216.0
2217.0,502.0,540.0,506.0,226.0,222.0,221.0
2171.0,504.0,527.0,493.0,219.0,216.0,212.0
2145.0,526.0,487.0,476.0,221.0,226.0,209.0
2066.0,500.0,479.0,459.0,219.0,216.0,193.0
2025.0,500.0,453.0,460.0,201.0,204.0,207.0
1975.0,453.0,458.0,446.0,213.0,204.0,201.0
1997.0,469.0,461.0,457.0,200.0,213.0,197.0
2076.0,469.0,487.0,495.0,196.0,218.0,211.0
2203.0,521.0,530.0,522.0,207.0,206.0,217.0
2226.0,513.0,538.0,523.0,208.0,210.0,234.0
2250.0,531.0,557.0,496.0,224.0,209.0,233.0
2370.0,564.0,567.0,536.0,237.0,232.0,234.0
2260.0,522.0,526.0,531.0,223.0,227.0,231.0
2208.0,499.0,506.0,529.0,226.0,211.0,237.0
2160.0,506.0,496.0,503.0,223.0,214.0,218.0
2072.0,491.0,471.0,487.0,215.0,197.0,211.0
2116.0,522.0,499.0,469.0,214.0,217.0,195.0
2040.0,463.0,475.0,473.0,222.0,209.0,198.0
1982.0,462.0,459.0,466.0,199.0,201.0,195.0
2076.0,468.0,467.0,507.0,213.0,219.0,202.0
2178.0,475.0,555.0,526.0,211.0,202.0,209.0
2216.0,493.0,512.0,576.0,214.0,226.0,195.0
2265.0,524.0,536.0,523.0,232.0,234.0,216.0
2357.0,562.0,534.0,594.0,220.0,225.0,222.0
2310.0,528.0,556.0,520.0,233.0,239.0,234.0
2283.0,539.0,527.0,526.0,224.0,232.0,235.0
2161.0,488.0,490.0,505.0,226.0,217.0,235.0
2179.0,500.0,507.0,515.0,226.0,217.0,214.0
2197.0,511.0,516.0,507.0,222.0,216.0,225.0
2074.0,482.0,491.0,480.0,211.0,197.0,213.0
2103.0,505.0,499.0,474.0,214.0,200.0,211.0
2029.0,470.0,460.0,480.0,216.0,189.0,214.0
2077.0,447.0,501.0,510.0,218.0,198.0,203.0
1993.0,454.0,466.0,458.0,212.0,195.0,208.0
2128.0,483.0,506.0,491.0,226.0,219.0,203.0
2287.0,542.0,498.0,526.0,245.0,237.0,239.0
2359.0,541.0,574.0,557.0,227.0,237.0,223.0
2317.0,530.0,538.0,541.0,233.0,244.0,231.0
2323.0,532.0,566.0,529.0,228.0,245.0,223.0
2288.0,558.0,539.0,530.0,215.0,235.0,211.0
2193.0,521.0,497.0,522.0,215.0,218.0,220.0
2150.0,528.0,475.0,514.0,206.0,224.0,203.0
2083.0,516.0,483.0,484.0,197.0,206.0,197.0
2067.0,512.0,461.0,484.0,208.0,204.0,198.0
2040.0,454.0,490.0,483.0,210.0,202.0,201.0
2109.0,467.0,492.0,508.0,225.0,214.0,203.0
2154.0,492.0,524.0,492.0,225.0,199.0,222.0
2199.0,516.0,521.0,514.0,223.0,206.0,219.0
2300.0,545.0,556.0,509.0,235.0,217.0,238.0
2289.0,553.0,537.0,516.0,222.0,223.0,238.0
2333.0,557.0,521.0,545.0,233.0,225.0,252.0
2329.0,525.0,538.0,525.0,231.0,250.0,260.0
2285.0,483.0,548.0,549.0,229.0,243.0,233.0
2225.0,500.0,514.0,540.0,207.0,232.0,232.0
2242.0,528.0,517.0,537.0,221.0,229.0,210.0
2238.0,543.0,508.0,523.0,217.0,229.0,218.0
2202.0,534.0,524.0,497.0,222.0,235.0,190.0
2097.0,485.0,485.0,512.0,210.0,209.0,196.0
2089.0,494.0,477.0,494.0,214.0,209.0,201.0
2196.0,513.0,485.0,531.0,230.0,219.0,218.0
2225.0,513.0,522.0,506.0,240.0,219.0,225.0
2231.0,523.0,520.0,514.0,228.0,218.0,228.0
2362.0,573.0,566.0,532.0,238.0,231.0,222.0
2383.0,535.0,566.0,580.0,239.0,226.0,237.0
2373.0,545.0,578.0,540.0,244.0,235.0,231.0
2360.0,543.0,551.0,563.0,245.0,229.0,229.0
2351.0,504.0,546.0,595.0,230.0,234.0,242.0
2258.0,527.0,489.0,567.0,230.0,226.0,219.0
2208.0,543.0,493.0,519.0,203.0,234.0,216.0
2104.0,511.0,456.0,502.0,195.0,223.0,217.0
2131.0,499.0,479.0,513.0,202.0,212.0,226.0
2159.0,501.0,497.0,501.0,210.0,223.0,227.0
2240.0,530.0,530.0,518.0,205.0,229.0,228.0
2296.0,537.0,548.0,514.0,231.0,237.0,229.0
2400.0,583.0,556.0,552.0,243.0,234.0,232.0
2467.0,573.0,609.0,540.0,256.0,233.0,256.0
2445.0,561.0,591.0,545.0,248.0,249.0,251.0
2410.0,556.0,557.0,576.0,249.0,225.0,247.0
2302.0,525.0,517.0,577.0,235.0,223.0,225.0
2284.0,520.0,531.0,551.0,228.0,224.0,230.0
2242.0,522.0,501.0,555.0,220.0,203.0,241.0
2199.0,491.0,536.0,540.0,204.0,211.0,217.0
2145.0,516.0,512.0,494.0,198.0,209.0,216.0
2126.0,474.0,516.0,488.0,216.0,215.0,217.0
2163.0,486.0,549.0,465.0,225.0,219.0,219.0
2228.0,529.0,542.0,491.0,219.0,232.0,215.0
2261.0,528.0,536.0,506.0,230.0,236.0,225.0
2361.0,558.0,531.0,547.0,226.0,243.0,256.0
2459.0,611.0,531.0,564.0,247.0,255.0,251.0
2498.0,587.0,582.0,579.0,266.0,246.0,238.0
2491.0,573.0,570.0,606.0,248.0,249.0,245.0
2393.0,535.0,573.0,572.0,241.0,230.0,242.0
2373.0,552.0,527.0,574.0,238.0,243.0,239.0
2298.0,530.0,527.0,563.0,224.0,230.0,224.0
2139.0,519.0,480.0,496.0,207.0,212.0,225.0
2189.0,531.0,500.0,505.0,225.0,221.0,207.0
2094.0,493.0,488.0,500.0,198.0,208.0,207.0
2087.0,507.0,460.0,482.0,209.0,216.0,213.0
2230.0,555.0,516.0,486.0,219.0,240.0,214.0
2311.0,515.0,532.0,577.0,229.0,232.0,226.0
2406.0,561.0,529.0,607.0,243.0,235.0,231.0
2501.0,608.0,598.0,578.0,237.0,260.0,220.0
2570.0,581.0,628.0,623.0,248.0,251.0,239.0
2484.0,587.0,570.0,551.0,266.0,255.0,255.0
2457.0,535.0,573.0,598.0,247.0,274.0,230.0
2376.0,552.0,537.0,558.0,259.0,233.0,237.0
2266.0,542.0,511.0,502.0,234.0,224.0,253.0
2266.0,544.0,552.0,487.0,212.0,235.0,236.0
2201.0,533.0,495.0,495.0,221.0,229.0,228.0
2190.0,487.0,537.0,515.0,218.0,206.0,227.0
2165.0,482.0,512.0,527.0,214.0,211.0,219.0
2293.0,542.0,527.0,536.0,224.0,234.0,230.0
2390.0,554.0,567.0,580.0,225.0,227.0,237.0
2417.0,582.0,540.0,576.0,236.0,242.0,241.0
2486.0,596.0,564.0,586.0,245.0,246.0,249.0
2481.0,594.0,555.0,600.0,256.0,237.0,239.0
2489.0,551.0,576.0,608.0,258.0,248.0,248.0
2401.0,535.0,558.0,565.0,248.0,253.0,242.0
2417.0,573.0,578.0,543.0,258.0,245.0,220.0
2330.0,554.0,544.0,520.0,231.0,245.0,236.0
2336.0,562.0,544.0,516.0,241.0,233.0,240.0
2197.0,519.0,518.0,475.0,235.0,227.0,223.0
2278.0,538.0,491.0,545.0,239.0,240.0,225.0
2219.0,516.0,486.0,538.0,222.0,233.0,224.0
2311.0,533.0,510.0,562.0,229.0,232.0,245.0
2381.0,564.0,499.0,604.0,225.0,242.0,247.0
2534.0,572.0,612.0,610.0,249.0,249.0,242.0
2543.0,568.0,611.0,626.0,232.0,253.0,253.0
2557.0,578.0,618.0,595.0,254.0,250.0,262.0
2584.0,606.0,636.0,582.0,250.0,246.0,264.0
2450.0,588.0,549.0,576.0,256.0,227.0,254.0
2405.0,553.0,575.0,523.0,257.0,242.0,255.0
2287.0,552.0,506.0,517.0,248.0,219.0,245.0
2319.0,573.0,524.0,522.0,244.0,228.0,228.0
2228.0,535.0,512.0,508.0,238.0,215.0,220.0
2195.0,496.0,492.0,548.0,224.0,224.0,211.0
2282.0,535.0,551.0,520.0,227.0,227.0,222.0
2362.0,537.0,580.0,569.0,222.0,240.0,214.0
2368.0,514.0,580.0,560.0,235.0,253.0,226.0
2490.0,585.0,587.0,576.0,242.0,255.0,245.0
2581.0,612.0,592.0,614.0,249.0,256.0,258.0
2512.0,612.0,561.0,584.0,248.0,258.0,249.0
2510.0,585.0,575.0,596.0,241.0,261.0,252.0
2437.0,555.0,583.0,558.0,244.0,251.0,246.0
2419.0,562.0,574.0,564.0,224.0,248.0,247.0
2424.0,570.0,593.0,534.0,241.0,233.0,253.0
2320.0,552.0,559.0,508.0,241.0,226.0,234.0
2280.0,533.0,529.0,523.0,244.0,215.0,236.0
2321.0,549.0,548.0,538.0,244.0,214.0,228.0
2297.0,503.0,546.0,556.0,239.0,233.0,220.0
2346.0,530.0,529.0,567.0,254.0,220.0,246.0
2384.0,529.0,558.0,584.0,235.0,245.0,233.0
2518.0,609.0,584.0,569.0,256.0,256.0,244.0
2582.0,630.0,583.0,587.0,261.0,267.0,254.0
2588.0,619.0,627.0,580.0,247.0,268.0,247.0
2610.0,606.0,636.0,601.0,248.0,263.0,256.0
2493.0,581.0,587.0,584.0,239.0,253.0,249.0
2488.0,577.0,589.0,591.0,239.0,255.0,237.0
2388.0,576.0,571.0,541.0,232.0,235.0,233.0
2368.0,562.0,538.0,577.0,226.0,239.0,226.0
2355.0,573.0,536.0,552.0,238.0,224.0,232.0
2286.0,526.0,513.0,565.0,223.0,236.0,223.0
2271.0,501.0,515.0,542.0,238.0,222.0,253.0
2438.0,559.0,567.0,570.0,247.0,231.0,264.0
2497.0,606.0,552.0,563.0,261.0,247.0,268.0
2497.0,585.0,610.0,561.0,253.0,240.0,248.0
2591.0,618.0,642.0,565.0,236.0,263.0,267.0
2618.0,599.0,615.0,619.0,264.0,253.0,268.0
2551.0,588.0,588.0,600.0,244.0,258.0,273.0
2524.0,583.0,571.0,606.0,244.0,258.0,262.0
2445.0,555.0,568.0,550.0,247.0,259.0,266.0
2456.0,570.0,596.0,568.0,235.0,246.0,241.0
2389.0,542.0,570.0,578.0,230.0,232.0,237.0
2356.0,546.0,557.0,548.0,239.0,234.0,232.0
2333.0,519.0,555.0,540.0,238.0,253.0,228.0
2343.0,518.0,570.0,556.0,247.0,235.0,217.0
2356.0,513.0,594.0,535.0,244.0,232.0,238.0
2442.0,598.0,548.0,548.0,255.0,255.0,238.0
2490.0,618.0,564.0,561.0,260.0,246.0,241.0
2534.0,589.0,580.0,596.0,248.0,255.0,266.0
2613.0,614.0,611.0,600.0,265.0,257.0,266.0
2639.0,590.0,623.0,635.0,253.0,254.0,284.0
2622.0,578.0,658.0,592.0,275.0,253.0,266.0
2548.0,559.0,624.0,617.0,243.0,244.0,261.0
2514.0,601.0,563.0,607.0,240.0,248.0,255.0
2396.0,570.0,536.0,543.0,244.0,243.0,260.0
2341.0,569.0,534.0,551.0,226.0,231.0,230.0
2318.0,555.0,533.0,532.0,236.0,227.0,235.0
2359.0,564.0,546.0,529.0,250.0,246.0,224.0
2397.0,522.0,548.0,575.0,253.0,253.0,246.0
2525.0,615.0,582.0,572.0,257.0,257.0,242.0
2589.0,640.0,595.0,576.0,268.0,256.0,254.0
2640.0,641.0,613.0,589.0,264.0,271.0,262.0
2727.0,668.0,633.0,634.0,268.0,271.0,253.0
2655.0,610.0,640.0,621.0,276.0,252.0,256.0
2572.0,607.0,579.0,635.0,246.0,256.0,249.0
2562.0,577.0,601.0,633.0,251.0,250.0,250.0
2476.0,609.0,558.0,595.0,238.0,238.0,238.0
2416.0,588.0,541.0,564.0,232.0,238.0,253.0
2368.0,561.0,571.0,530.0,237.0,237.0,232.0
2407.0,590.0,563.0,548.0,234.0,235.0,237.0
2410.0,544.0,587.0,562.0,238.0,232.0,247.0
2410.0,560.0,585.0,508.0,259.0,250.0,248.0
2535.0,590.0,595.0,581.0,262.0,248.0,259.0
2637.0,609.0,597.0,611.0,263.0,279.0,278.0
2659.0,648.0,615.0,581.0,272.0,276.0,267.0
2710.0,646.0,595.0,647.0,273.0,278.0,271.0
2719.0,621.0,638.0,621.0,270.0,274.0,295.0
2650.0,556.0,633.0,642.0,272.0,275.0,272.0
2642.0,612.0,627.0,641.0,252.0,258.0,252.0
2514.0,588.0,611.0,564.0,246.0,250.0,255.0
2418.0,569.0,592.0,547.0,250.0,230.0,230.0
2416.0,586.0,592.0,543.0,230.0,239.0,226.0
2403.0,569.0,573.0,536.0,253.0,234.0,238.0
2351.0,533.0,557.0,525.0,254.0,250.0,232.0
2475.0,609.0,568.0,571.0,249.0,231.0,247.0
2538.0,577.0,615.0,578.0,266.0,252.0,250.0
2652.0,597.0,641.0,626.0,261.0,265.0,262.0
2729.0,625.0,665.0,620.0,283.0,263.0,273.0
2802.0,663.0,648.0,669.0,282.0,270.0,270.0
2760.0,616.0,674.0,643.0,279.0,275.0,273.0
2648.0,597.0,625.0,602.0,272.0,285.0,267.0
2644.0,602.0,623.0,597.0,268.0,280.0,274.0
2547.0,592.0,590.0,594.0,252.0,258.0,261.0
2462.0,585.0,560.0,560.0,242.0,259.0,256.0
2453.0,570.0,569.0,574.0,245.0,242.0,253.0
2472.0,579.0,582.0,567.0,231.0,252.0,261.0
2435.0,576.0,580.0,557.0,222.0,246.0,254.0
2540.0,551.0,604.0,611.0,259.0,249.0,266.0
2560.0,608.0,604.0,598.0,246.0,258.0,246.0
2761.0,647.0,672.0,623.0,265.0,277.0,277.0
2688.0,631.0,617.0,662.0,265.0,253.0,260.0
2757.0,634.0,633.0,677.0,282.0,268.0,263.0
2657.0,603.0,618.0,631.0,278.0,267.0,260.0
2628.0,587.0,632.0,611.0,285.0,258.0,255.0
2616.0,608.0,602.0,613.0,277.0,265.0,251.0
2545.0,591.0,622.0,574.0,258.0,260.0,240.0
2520.0,609.0,622.0,564.0,244.0,247.0,234.0
2497.0,586.0,598.0,576.0,242.0,250.0,245.0
2443.0,580.0,581.0,555.0,238.0,244.0,245.0
2468.0,557.0,588.0,574.0,238.0,259.0,252.0
2475.0,566.0,558.0,607.0,239.0,246.0,259.0
2656.0,611.0,598.0,648.0,261.0,261.0,277.0
2735.0,643.0,637.0,643.0,270.0,273.0,269.0
2724.0,643.0,637.0,629.0,270.0,273.0,272.0
2722.0,658.0,613.0,646.0,279.0,261.0,265.0
2773.0,649.0,650.0,639.0,277.0,281.0,277.0
2675.0,618.0,649.0,592.0,275.0,269.0,272.0
2708.0,643.0,624.0,612.0,281.0,267.0,281.0
2492.0,603.0,571.0,550.0,261.0,250.0,257.0
2524.0,614.0,552.0,589.0,260.0,257.0,252.0
2472.0,588.0,579.0,568.0,245.0,237.0,255.0
2436.0,581.0,566.0,555.0,247.0,237.0,250.0
2441.0,555.0,533.0,617.0,246.0,244.0,246.0
2578.0,605.0,623.0,611.0,233.0,245.0,261.0
2618.0,616.0,624.0,610.0,247.0,264.0,257.0
2796.0,670.0,649.0,639.0,260.0,295.0,283.0
2743.0,637.0,631.0,631.0,284.0,287.0,273.0
2771.0,648.0,661.0,624.0,274.0,293.0,271.0
2734.0,622.0,626.0,649.0,270.0,281.0,286.0
2651.0,613.0,616.0,611.0,265.0,275.0,271.0
2651.0,608.0,592.0,622.0,283.0,275.0,271.0
2582.0,616.0,563.0,607.0,267.0,263.0,266.0
2628.0,614.0,625.0,593.0,267.0,262.0,267.0
2548.0,597.0,581.0,592.0,265.0,240.0,273.0
2495.0,570.0,588.0,575.0,258.0,252.0,252.0
2533.0,578.0,603.0,598.0,245.0,244.0,265.0
2590.0,606.0,619.0,611.0,252.0,240.0,262.0
2652.0,606.0,601.0,644.0,268.0,256.0,277.0
2736.0,654.0,631.0,649.0,269.0,266.0,267.0
2827.0,667.0,668.0,654.0,279.0,280.0,279.0
2783.0,667.0,653.0,628.0,269.0,280.0,286.0
2781.0,644.0,649.0,636.0,271.0,311.0,270.0
2743.0,623.0,676.0,630.0,273.0,283.0,258.0
2708.0,607.0,635.0,648.0,281.0,283.0,254.0
2664.0,625.0,622.0,613.0,274.0,276.0,254.0
2598.0,602.0,613.0,627.0,257.0,258.0,241.0
2660.0,619.0,597.0,653.0,263.0,278.0,250.0
2494.0,588.0,548.0,580.0,264.0,255.0,259.0
2601.0,583.0,619.0,621.0,260.0,260.0,258.0
2608.0,576.0,609.0,624.0,258.0,268.0,273.0
2701.0,643.0,655.0,608.0,266.0,265.0,264.0
2780.0,671.0,657.0,629.0,268.0,266.0,289.0
2835.0,688.0,701.0,623.0,269.0,278.0,276.0
2883.0,709.0,668.0,652.0,289.0,282.0,283.0
2831.0,651.0,667.0,652.0,288.0,274.0,299.0
2780.0,656.0,643.0,642.0,282.0,270.0,287.0
2737.0,630.0,637.0,652.0,276.0,278.0,264.0
2661.0,635.0,578.0,651.0,277.0,266.0,254.0
2669.0,633.0,614.0,633.0,268.0,265.0,256.0
2607.0,615.0,593.0,620.0,260.0,266.0,253.0
2652.0,608.0,602.0,628.0,275.0,274.0,265.0
2563.0,580.0,625.0,578.0,265.0,266.0,249.0
2611.0,605.0,599.0,616.0,267.0,284.0,240.0
2705.0,643.0,649.0,605.0,262.0,281.0,265.0
2790.0,698.0,629.0,629.0,274.0,288.0,272.0
2807.0,666.0,655.0,654.0,265.0,293.0,274.0
2793.0,640.0,659.0,683.0,271.0,261.0,279.0
2825.0,647.0,713.0,614.0,278.0,285.0,288.0
2783.0,646.0,614.0,682.0,270.0,278.0,293.0
2717.0,637.0,638.0,638.0,265.0,258.0,281.0
2771.0,637.0,679.0,647.0,259.0,272.0,277.0
2686.0,650.0,608.0,642.0,264.0,251.0,271.0
2614.0,635.0,608.0,587.0,263.0,262.0,259.0
2565.0,597.0,591.0,590.0,269.0,252.0,266.0
2569.0,583.0,581.0,605.0,281.0,260.0,259.0
2675.0,604.0,642.0,599.0,272.0,266.0,292.0
2700.0,634.0,627.0,599.0,276.0,278.0,286.0
2806.0,667.0,647.0,643.0,281.0,286.0,282.0
2877.0,661.0,708.0,648.0,290.0,288.0,282.0
2914.0,671.0,684.0,683.0,285.0,292.0,299.0
2866.0,653.0,686.0,688.0,267.0,287.0,285.0
2804.0,641.0,666.0,663.0,265.0,281.0,288.0
2827.0,641.0,682.0,677.0,274.0,276.0,277.0
2714.0,658.0,614.0,642.0,266.0,263.0,271.0
2622.0,626.0,575.0,633.0,271.0,253.0,264.0
2608.0,618.0,612.0,602.0,264.0,257.0,255.0
2578.0,619.0,592.0,594.0,262.0,255.0,256.0
2627.0,597.0,614.0,606.0,288.0,257.0,265.0
2746.0,617.0,650.0,640.0,280.0,272.0,287.0
2793.0,659.0,657.0,640.0,282.0,281.0,274.0
2877.0,683.0,647.0,685.0,289.0,276.0,297.0
2933.0,698.0,673.0,677.0,285.0,299.0,301.0
2944.0,686.0,650.0,713.0,298.0,300.0,297.0
2956.0,681.0,665.0,714.0,288.0,301.0,307.0
2850.0,656.0,635.0,692.0,284.0,283.0,300.0
2800.0,637.0,644.0,684.0,267.0,285.0,283.0
2803.0,648.0,682.0,648.0,283.0,276.0,266.0
2651.0,619.0,624.0,629.0,245.0,271.0,263.0
2629.0,610.0,632.0,603.0,258.0,267.0,259.0
2577.0,579.0,646.0,581.0,272.0,248.0,251.0
2621.0,594.0,640.0,607.0,279.0,246.0,255.0
2685.0,645.0,634.0,614.0,280.0,254.0,258.0
2709.0,637.0,628.0,613.0,280.0,275.0,276.0
2922.0,699.0,676.0,700.0,298.0,272.0,277.0
2928.0,696.0,667.0,688.0,294.0,296.0,287.0
2982.0,679.0,732.0,700.0,285.0,303.0,283.0
2976.0,696.0,704.0,690.0,293.0,301.0,292.0
2888.0,669.0,666.0,658.0,283.0,297.0,315.0
2829.0,621.0,716.0,649.0,275.0,287.0,281.0
2795.0,672.0,635.0,656.0,271.0,264.0,297.0
2657.0,629.0,626.0,599.0,259.0,266.0,278.0
2716.0,632.0,621.0,607.0,266.0,305.0,285.0
2690.0,633.0,628.0,601.0,270.0,274.0,284.0
2647.0,605.0,608.0,625.0,270.0,269.0,270.0
2764.0,647.0,638.0,654.0,283.0,269.0,273.0
2893.0,673.0,676.0,703.0,279.0,275.0,287.0
2979.0,661.0,746.0,687.0,311.0,278.0,296.0
3000.0,694.0,705.0,718.0,296.0,304.0,283.0
2984.0,704.0,694.0,685.0,305.0,299.0,297.0
2936.0,671.0,687.0,704.0,297.0,288.0,289.0
2925.0,662.0,683.0,693.0,297.0,294.0,296.0
2889.0,676.0,686.0,688.0,281.0,277.0,281.0
2779.0,670.0,646.0,629.0,276.0,274.0,284.0
2681.0,639.0,632.0,605.0,264.0,273.0,268.0
2655.0,645.0,634.0,596.0,255.0,265.0,260.0
2662.0,611.0,634.0,598.0,278.0,267.0,274.0
2704.0,596.0,664.0,630.0,261.0,279.0,274.0
2750.0,613.0,659.0,643.0,281.0,279.0,275.0
2882.0,668.0,665.0,673.0,296.0,291.0,289.0
2954.0,695.0,694.0,671.0,301.0,307.0,286.0
3026.0,711.0,674.0,728.0,302.0,290.0,321.0
3022.0,684.0,712.0,710.0,317.0,305.0,294.0
3008.0,682.0,710.0,711.0,317.0,290.0,298.0
2958.0,656.0,699.0,679.0,299.0,316.0,309.0
2866.0,651.0,685.0,660.0,292.0,289.0,289.0
2783.0,663.0,665.0,610.0,284.0,277.0,284.0
2735.0,638.0,649.0,625.0,285.0,276.0,262.0
2728.0,661.0,644.0,604.0,269.0,270.0,280.0
2726.0,675.0,636.0,619.0,263.0,260.0,273.0
2747.0,633.0,630.0,659.0,264.0,280.0,281.0
2788.0,621.0,664.0,668.0,277.0,282.0,276.0
2901.0,666.0,678.0,690.0,296.0,298.0,273.0
2956.0,674.0,706.0,701.0,297.0,294.0,284.0
3041.0,711.0,716.0,697.0,308.0,316.0,293.0
3151.0,720.0,756.0,752.0,303.0,314.0,306.0
3026.0,702.0,737.0,681.0,313.0,292.0,301.0
2917.0,658.0,677.0,695.0,288.0,302.0,297.0
2927.0,679.0,681.0,667.0,309.0,286.0,305.0
2860.0,696.0,653.0,657.0,289.0,281.0,284.0
2831.0,697.0,633.0,668.0,276.0,274.0,283.0
2817.0,643.0,659.0,675.0,278.0,281.0,281.0
2714.0,621.0,656.0,646.0,256.0,259.0,276.0
2756.0,628.0,665.0,658.0,259.0,273.0,273.0
2772.0,591.0,669.0,686.0,266.0,277.0,283.0
2876.0,665.0,678.0,684.0,276.0,283.0,290.0
2928.0,703.0,662.0,666.0,300.0,304.0,293.0
2994.0,717.0,680.0,692.0,308.0,299.0,298.0
2981.0,692.0,696.0,696.0,305.0,292.0,300.0
3025.0,695.0,715.0,684.0,320.0,313.0,298.0
3017.0,670.0,730.0,699.0,320.0,310.0,288.0
2952.0,693.0,706.0,663.0,299.0,307.0,284.0
2880.0,664.0,668.0,679.0,295.0,284.0,290.0
2887.0,668.0,657.0,705.0,283.0,292.0,282.0
2822.0,655.0,662.0,678.0,283.0,271.0,273.0
2731.0,652.0,631.0,643.0,273.0,267.0,265.0
2694.0,585.0,612.0,643.0,283.0,286.0,285.0
2818.0,646.0,643.0,668.0,288.0,281.0,292.0
2898.0,697.0,670.0,680.0,278.0,291.0,282.0
3010.0,708.0,706.0,695.0,294.0,301.0,306.0
3023.0,703.0,707.0,705.0,296.0,292.0,320.0
3113.0,729.0,734.0,706.0,309.0,304.0,331.0
3079.0,710.0,743.0,699.0,318.0,298.0,311.0
3036.0,688.0,730.0,683.0,324.0,303.0,308.0
2967.0,666.0,711.0,711.0,301.0,284.0,294.0
2924.0,671.0,671.0,710.0,298.0,281.0,293.0
2853.0,675.0,647.0,690.0,279.0,277.0,285.0
2889.0,652.0,681.0,708.0,289.0,294.0,265.0
2801.0,614.0,649.0,693.0,286.0,289.0,270.0
2835.0,626.0,696.0,672.0,285.0,286.0,270.0
2832.0,657.0,680.0,634.0,288.0,282.0,291.0
2957.0,678.0,724.0,668.0,291.0,302.0,294.0
3003.0,720.0,688.0,707.0,290.0,303.0,295.0
3071.0,737.0,729.0,696.0,293.0,308.0,308.0
3094.0,744.0,698.0,733.0,306.0,295.0,318.0
3072.0,748.0,696.0,729.0,302.0,292.0,305.0
3065.0,708.0,694.0,730.0,324.0,303.0,306.0
2968.0,666.0,684.0,710.0,305.0,290.0,313.0
2886.0,642.0,640.0,706.0,309.0,284.0,305.0
2989.0,684.0,719.0,716.0,295.0,284.0,291.0
2890.0,674.0,671.0,683.0,296.0,274.0,292.0
2777.0,632.0,642.0,666.0,281.0,270.0,286.0
2874.0,650.0,681.0,674.0,300.0,286.0,283.0
2874.0,648.0,693.0,654.0,296.0,284.0,299.0
2950.0,700.0,673.0,678.0,300.0,310.0,289.0
3044.0,719.0,691.0,705.0,312.0,304.0,313.0
3096.0,748.0,697.0,714.0,312.0,318.0,307.0
3133.0,702.0,743.0,746.0,309.0,325.0,308.0
3052.0,705.0,723.0,705.0,303.0,317.0,299.0
3104.0,702.0,774.0,712.0,306.0,309.0,301.0
2979.0,672.0,713.0,721.0,301.0,287.0,285.0
2997.0,730.0,696.0,695.0,298.0,296.0,282.0
2857.0,681.0,644.0,674.0,295.0,276.0,287.0
2880.0,701.0,635.0,669.0,305.0,278.0,292.0
2823.0,648.0,656.0,666.0,285.0,284.0,284.0
2844.0,653.0,648.0,670.0,298.0,288.0,287.0
2967.0,689.0,704.0,673.0,302.0,303.0,296.0
3016.0,706.0,701.0,695.0,300.0,304.0,310.0
3105.0,737.0,742.0,690.0,312.0,312.0,312.0
3132.0,750.0,723.0,721.0,301.0,311.0,326.0
3191.0,717.0,754.0,756.0,315.0,321.0,328.0
3135.0,718.0,699.0,768.0,312.0,317.0,321.0
3052.0,690.0,706.0,728.0,303.0,304.0,321.0
3006.0,705.0,691.0,723.0,294.0,293.0,300.0
2930.0,693.0,652.0,725.0,286.0,297.0,277.0
2966.0,698.0,671.0,710.0,297.0,306.0,284.0
2921.0,680.0,687.0,668.0,306.0,296.0,284.0
2830.0,665.0,667.0,635.0,300.0,289.0,274.0
2880.0,659.0,684.0,672.0,295.0,297.0,273.0
2859.0,663.0,642.0,663.0,308.0,293.0,290.0
2991.0,688.0,697.0,730.0,303.0,287.0,286.0
3078.0,725.0,687.0,732.0,312.0,315.0,307.0
3182.0,772.0,698.0,762.0,324.0,309.0,317.0
3168.0,750.0,716.0,758.0,312.0,312.0,320.0
3180.0,740.0,737.0,758.0,310.0,318.0,317.0
3183.0,741.0,738.0,770.0,305.0,313.0,316.0
3016.0,685.0,738.0,695.0,295.0,298.0,305.0
3025.0,718.0,730.0,693.0,284.0,298.0,302.0
2957.0,685.0,697.0,690.0,295.0,291.0,299.0
2910.0,683.0,663.0,682.0,296.0,287.0,299.0
2903.0,680.0,681.0,662.0,290.0,302.0,288.0
2893.0,694.0,647.0,659.0,291.0,299.0,303.0
2969.0,665.0,677.0,684.0,313.0,317.0,313.0
3035.0,712.0,662.0,730.0,311.0,318.0,302.0
3202.0,761.0,738.0,745.0,321.0,320.0,317.0
3202.0,733.0,751.0,758.0,329.0,318.0,313.0
3291.0,760.0,784.0,781.0,332.0,314.0,320.0
3199.0,732.0,745.0,753.0,321.0,323.0,325.0
3035.0,700.0,715.0,711.0,302.0,305.0,302.0
3083.0,720.0,750.0,698.0,307.0,309.0,299.0
3008.0,728.0,699.0,676.0,299.0,299.0,307.0
2867.0,691.0,665.0,662.0,283.0,283.0,283.0
2898.0,703.0,657.0,675.0,296.0,277.0,290.0
2898.0,679.0,668.0,664.0,300.0,303.0,284.0
2912.0,647.0,724.0,680.0,297.0,286.0,278.0
3067.0,717.0,719.0,716.0,314.0,296.0,305.0
3166.0,740.0,735.0,720.0,321.0,328.0,322.0
3225.0,733.0,732.0,795.0,322.0,317.0,326.0
3228.0,753.0,718.0,766.0,335.0,332.0,324.0
3274.0,776.0,729.0,787.0,305.0,343.0,334.0
3187.0,733.0,756.0,729.0,317.0,324.0,328.0
3124.0,696.0,742.0,739.0,315.0,320.0,312.0
3131.0,742.0,737.0,721.0,307.0,322.0,302.0
3065.0,723.0,727.0,718.0,289.0,292.0,316.0
3016.0,752.0,717.0,690.0,292.0,277.0,288.0
2958.0,711.0,723.0,659.0,287.0,282.0,296.0
2957.0,685.0,687.0,694.0,295.0,306.0,290.0
2998.0,730.0,696.0,705.0,301.0,295.0,271.0
2946.0,687.0,668.0,707.0,297.0,290.0,297.0
3051.0,707.0,693.0,712.0,315.0,318.0,306.0
3278.0,762.0,764.0,774.0,330.0,335.0,313.0
3322.0,793.0,774.0,762.0,338.0,326.0,329.0
3249.0,743.0,782.0,753.0,333.0,321.0,317.0
3242.0,731.0,772.0,733.0,335.0,337.0,334.0
3224.0,740.0,785.0,733.0,316.0,321.0,329.0
3090.0,668.0,735.0,750.0,301.0,315.0,321.0
3096.0,708.0,698.0,744.0,303.0,326.0,317.0
3043.0,738.0,680.0,706.0,292.0,309.0,318.0
2975.0,699.0,680.0,687.0,294.0,322.0,293.0
2945.0,662.0,709.0,695.0,292.0,282.0,305.0
3045.0,720.0,724.0,724.0,297.0,284.0,296.0
3068.0,677.0,743.0,741.0,300.0,296.0,311.0
3187.0,723.0,783.0,749.0,311.0,305.0,316.0
3237.0,756.0,765.0,771.0,306.0,315.0,324.0
3264.0,782.0,761.0,754.0,334.0,310.0,323.0
3294.0,765.0,766.0,764.0,364.0,320.0,315.0
3230.0,753.0,759.0,740.0,332.0,328.0,318.0
3188.0,740.0,712.0,756.0,331.0,326.0,323.0
3118.0,729.0,716.0,738.0,311.0,311.0,313.0
3151.0,733.0,746.0,752.0,304.0,313.0,303.0
3061.0,689.0,746.0,722.0,305.0,310.0,289.0
3051.0,722.0,715.0,698.0,309.0,315.0,292.0
3011.0,670.0,701.0,732.0,291.0,313.0,304.0
2920.0,653.0,683.0,675.0,298.0,311.0,300.0
3085.0,729.0,708.0,722.0,316.0,294.0,316.0
3139.0,714.0,725.0,748.0,317.0,306.0,329.0
3207.0,772.0,751.0,717.0,318.0,314.0,335.0
3265.0,769.0,754.0,738.0,340.0,326.0,338.0
3335.0,763.0,767.0,802.0,343.0,320.0,340.0
3298.0,767.0,804.0,754.0,325.0,322.0,326.0
3245.0,726.0,778.0,770.0,335.0,312.0,324.0
3212.0,745.0,760.0,765.0,323.0,313.0,306.0
3136.0,750.0,705.0,741.0,315.0,317.0,308.0
3126.0,761.0,701.0,740.0,309.0,302.0,313.0
3061.0,715.0,714.0,729.0,306.0,309.0,288.0
3072.0,723.0,717.0,744.0,292.0,296.0,300.0
3023.0,727.0,702.0,687.0,298.0,313.0,296.0
3147.0,740.0,741.0,727.0,304.0,317.0,318.0
3198.0,756.0,762.0,720.0,311.0,339.0,310.0
3340.0,784.0,816.0,763.0,316.0,349.0,312.0
3335.0,838.0,736.0,748.0,337.0,337.0,339.0
3355.0,823.0,778.0,760.0,326.0,333.0,335.0
3238.0,752.0,707.0,774.0,332.0,332.0,341.0
3299.0,769.0,766.0,776.0,333.0,322.0,333.0
3281.0,753.0,762.0,783.0,334.0,329.0,320.0
3178.0,746.0,727.0,751.0,317.0,306.0,331.0
3147.0,745.0,732.0,734.0,324.0,302.0,310.0
3105.0,736.0,739.0,707.0,305.0,295.0,323.0
3102.0,725.0,752.0,716.0,296.0,299.0,314.0
3043.0,708.0,695.0,702.0,311.0,300.0,327.0
3101.0,724.0,727.0,728.0,307.0,300.0,315.0
3205.0,774.0,744.0,725.0,316.0,330.0,316.0
3248.0,785.0,740.0,750.0,324.0,329.0,320.0
3319.0,804.0,749.0,772.0,333.0,337.0,324.0
3376.0,808.0,761.0,811.0,324.0,340.0,332.0
3343.0,802.0,783.0,752.0,327.0,350.0,329.0
3365.0,780.0,794.0,804.0,338.0,334.0,315.0
3338.0,759.0,799.0,793.0,343.0,330.0,314.0
3253.0,756.0,759.0,760.0,337.0,328.0,313.0
3083.0,725.0,715.0,722.0,316.0,307.0,298.0
3077.0,739.0,715.0,710.0,309.0,307.0,297.0
3022.0,695.0,720.0,699.0,302.0,295.0,311.0
2994.0,689.0,697.0,692.0,301.0,307.0,308.0
3128.0,735.0,727.0,714.0,313.0,317.0,322.0
3199.0,752.0,770.0,730.0,308.0,315.0,324.0
3328.0,794.0,773.0,768.0,329.0,325.0,339.0
3377.0,793.0,803.0,801.0,330.0,324.0,326.0
3447.0,821.0,809.0,790.0,343.0,341.0,343.0
3369.0,780.0,803.0,773.0,333.0,329.0,351.0
3359.0,783.0,736.0,812.0,333.0,349.0,346.0
3279.0,770.0,754.0,769.0,334.0,323.0,329.0
3248.0,762.0,726.0,763.0,339.0,341.0,317.0
3163.0,747.0,725.0,725.0,325.0,330.0,311.0
3130.0,738.0,745.0,693.0,320.0,323.0,311.0
3133.0,735.0,747.0,714.0,326.0,321.0,290.0
3162.0,726.0,789.0,703.0,322.0,317.0,305.0
3173.0,709.0,770.0,729.0,309.0,332.0,324.0
3187.0,777.0,729.0,724.0,326.0,326.0,305.0
3296.0,791.0,762.0,754.0,344.0,319.0,326.0
3426.0,822.0,781.0,827.0,332.0,330.0,334.0
3391.0,789.0,781.0,801.0,338.0,344.0,338.0
3419.0,796.0,808.0,800.0,339.0,328.0,348.0
3265.0,751.0,750.0,784.0,317.0,332.0,331.0
3325.0,766.0,791.0,775.0,331.0,322.0,340.0
3204.0,759.0,776.0,695.0,320.0,324.0,330.0
3252.0,755.0,762.0,782.0,316.0,313.0,324.0
3154.0,733.0,734.0,717.0,337.0,320.0,313.0
3160.0,724.0,720.0,748.0,326.0,323.0,319.0
3041.0,691.0,698.0,695.0,318.0,319.0,320.0
3254.0,752.0,765.0,749.0,332.0,328.0,328.0
3267.0,786.0,738.0,764.0,316.0,336.0,327.0
3387.0,788.0,797.0,806.0,321.0,353.0,322.0
3408.0,788.0,803.0,822.0,343.0,334.0,318.0
3452.0,798.0,820.0,806.0,332.0,337.0,359.0
3489.0,806.0,851.0,803.0,338.0,353.0,338.0
3349.0,783.0,793.0,777.0,330.0,335.0,331.0
3318.0,763.0,792.0,791.0,328.0,326.0,318.0
3254.0,783.0,741.0,754.0,331.0,324.0,321.0
3185.0,746.0,739.0,749.0,323.0,316.0,312.0
3121.0,737.0,715.0,719.0,316.0,317.0,317.0
3197.0,743.0,718.0,751.0,333.0,327.0,325.0
3191.0,722.0,737.0,767.0,332.0,309.0,324.0
3276.0,734.0,790.0,757.0,329.0,336.0,330.0
3333.0,728.0,798.0,807.0,341.0,330.0,329.0
3466.0,815.0,803.0,810.0,352.0,353.0,333.0
3512.0,825.0,795.0,848.0,330.0,355.0,359.0
3445.0,785.0,801.0,815.0,342.0,356.0,346.0
3421.0,809.0,808.0,801.0,323.0,346.0,334.0
3381.0,778.0,785.0,767.0,342.0,353.0,356.0
3364.0,782.0,786.0,787.0,337.0,333.0,339.0
3246.0,792.0,750.0,730.0,316.0,329.0,329.0
3223.0,761.0,762.0,742.0,308.0,323.0,327.0
3200.0,770.0,750.0,728.0,317.0,313.0,322.0
3138.0,749.0,735.0,712.0,313.0,308.0,321.0
3218.0,744.0,749.0,767.0,340.0,321.0,297.0
3340.0,778.0,783.0,789.0,344.0,310.0,336.0
3341.0,789.0,783.0,784.0,335.0,329.0,321.0
3436.0,802.0,792.0,826.0,348.0,335.0,333.0
3486.0,858.0,787.0,797.0,337.0,351.0,356.0
3511.0,798.0,832.0,835.0,349.0,346.0,351.0
3526.0,792.0,858.0,816.0,342.0,364.0,354.0
3402.0,768.0,801.0,775.0,341.0,357.0,360.0
3315.0,779.0,786.0,729.0,329.0,352.0,340.0
3290.0,803.0,727.0,763.0,326.0,328.0,343.0
3288.0,803.0,721.0,780.0,312.0,334.0,338.0
3300.0,771.0,768.0,783.0,315.0,322.0,341.0
3265.0,733.0,768.0,803.0,317.0,311.0,333.0
3271.0,727.0,762.0,782.0,337.0,334.0,329.0
3345.0,743.0,782.0,805.0,354.0,326.0,335.0
3379.0,803.0,792.0,789.0,344.0,313.0,338.0
3436.0,800.0,834.0,771.0,353.0,339.0,339.0
3507.0,845.0,821.0,797.0,346.0,348.0,350.0
3523.0,823.0,856.0,814.0,355.0,339.0,336.0
3487.0,814.0,829.0,801.0,350.0,349.0,344.0
3442.0,822.0,813.0,778.0,344.0,350.0,335.0
3342.0,778.0,782.0,795.0,317.0,341.0,329.0
3370.0,818.0,761.0,793.0,335.0,336.0,327.0
3327.0,759.0,794.0,775.0,328.0,338.0,333.0
3287.0,755.0,766.0,786.0,328.0,328.0,324.0
3208.0,723.0,750.0,768.0,311.0,335.0,321.0
3281.0,733.0,799.0,763.0,310.0,335.0,341.0
3353.0,770.0,791.0,797.0,331.0,334.0,330.0
3426.0,804.0,780.0,799.0,349.0,345.0,349.0
3485.0,829.0,800.0,790.0,350.0,346.0,370.0
3591.0,844.0,852.0,808.0,362.0,352.0,373.0
3535.0,813.0,779.0,845.0,371.0,358.0,369.0
3529.0,791.0,829.0,836.0,361.0,350.0,362.0
3471.0,804.0,839.0,779.0,357.0,337.0,355.0
3459.0,819.0,816.0,810.0,343.0,334.0,337.0
3376.0,791.0,787.0,794.0,326.0,333.0,345.0
3303.0,768.0,804.0,759.0,323.0,330.0,319.0
3248.0,749.0,797.0,748.0,316.0,323.0,315.0
3251.0,745.0,763.0,765.0,316.0,334.0,328.0
3279.0,781.0,776.0,748.0,330.0,325.0,319.0
3287.0,762.0,758.0,755.0,341.0,348.0,323.0
3383.0,778.0,795.0,793.0,345.0,345.0,327.0
3483.0,816.0,832.0,793.0,355.0,344.0,343.0
3567.0,835.0,860.0,807.0,350.0,356.0,359.0
3598.0,841.0,842.0,836.0,366.0,350.0,363.0
3585.0,811.0,863.0,824.0,366.0,354.0,367.0
3520.0,789.0,821.0,833.0,358.0,364.0,355.0
3500.0,797.0,808.0,844.0,351.0,347.0,353.0
3446.0,810.0,805.0,820.0,347.0,336.0,328.0
3357.0,809.0,779.0,780.0,320.0,323.0,346.0
3318.0,795.0,758.0,766.0,323.0,330.0,346.0
3231.0,756.0,759.0,754.0,321.0,315.0,326.0
3245.0,723.0,777.0,750.0,339.0,321.0,335.0
3374.0,758.0,800.0,801.0,331.0,337.0,347.0
3444.0,808.0,807.0,809.0,336.0,331.0,353.0
3474.0,807.0,802.0,813.0,364.0,354.0,334.0
3627.0,856.0,823.0,840.0,372.0,371.0,365.0
3613.0,834.0,825.0,868.0,356.0,375.0,355.0
3596.0,815.0,836.0,857.0,368.0,370.0,350.0
3551.0,826.0,816.0,817.0,372.0,368.0,352.0
3538.0,809.0,846.0,845.0,345.0,348.0,345.0
3438.0,831.0,774.0,795.0,343.0,348.0,347.0
3368.0,783.0,804.0,799.0,325.0,331.0,326.0
3349.0,805.0,781.0,781.0,326.0,330.0,326.0
3305.0,783.0,776.0,784.0,314.0,329.0,319.0
3254.0,711.0,798.0,758.0,315.0,338.0,334.0
3331.0,774.0,789.0,759.0,335.0,333.0,341.0
3484.0,838.0,802.0,804.0,342.0,335.0,363.0
3586.0,855.0,817.0,849.0,345.0,348.0,372.0
3614.0,850.0,864.0,815.0,359.0,356.0,370.0
3633.0,847.0,860.0,851.0,355.0,348.0,372.0
3631.0,811.0,854.0,875.0,365.0,354.0,372.0
3649.0,824.0,867.0,863.0,361.0,369.0,365.0
3498.0,781.0,822.0,836.0,366.0,353.0,340.0
3446.0,794.0,797.0,807.0,361.0,349.0,338.0
3401.0,829.0,773.0,790.0,326.0,340.0,343.0
3322.0,793.0,753.0,758.0,331.0,363.0,324.0
3264.0,768.0,739.0,770.0,326.0,333.0,328.0
3323.0,765.0,802.0,755.0,340.0,329.0,332.0
3468.0,833.0,828.0,792.0,333.0,347.0,335.0
3482.0,836.0,838.0,791.0,335.0,350.0,332.0
3526.0,835.0,823.0,825.0,343.0,346.0,354.0
3647.0,891.0,833.0,859.0,350.0,356.0,358.0
3648.0,855.0,837.0,864.0,358.0,363.0,371.0
3583.0,850.0,804.0,849.0,358.0,365.0,357.0
3578.0,815.0,826.0,853.0,367.0,360.0,357.0
3531.0,802.0,827.0,838.0,362.0,345.0,357.0
3505.0,837.0,822.0,792.0,352.0,342.0,360.0
3444.0,800.0,791.0,797.0,352.0,355.0,349.0
3372.0,786.0,799.0,777.0,336.0,331.0,343.0
3392.0,798.0,783.0,795.0,333.0,327.0,356.0
3333.0,756.0,769.0,791.0,327.0,348.0,342.0
3383.0,766.0,769.0,800.0,347.0,351.0,350.0
3526.0,831.0,802.0,842.0,345.0,360.0,346.0
3561.0,820.0,812.0,863.0,359.0,359.0,348.0
3649.0,853.0,881.0,847.0,366.0,362.0,340.0
3656.0,855.0,867.0,859.0,353.0,362.0,360.0
3650.0,816.0,873.0,870.0,365.0,364.0,362.0
3557.0,809.0,864.0,817.0,359.0,364.0,344.0
3535.0,838.0,834.0,794.0,360.0,358.0,351.0
3520.0,831.0,831.0,823.0,353.0,341.0,341.0
3393.0,800.0,797.0,763.0,362.0,326.0,345.0
3410.0,817.0,789.0,778.0,346.0,333.0,347.0
3382.0,813.0,782.0,780.0,334.0,341.0,332.0
3353.0,759.0,760.0,801.0,347.0,345.0,341.0
3489.0,802.0,832.0,802.0,361.0,328.0,364.0
3600.0,864.0,840.0,828.0,352.0,354.0,362.0
3703.0,870.0,863.0,875.0,366.0,365.0,364.0
3741.0,889.0,887.0,867.0,349.0,387.0,362.0
3685.0,866.0,860.0,850.0,370.0,366.0,373.0
3640.0,835.0,827.0,853.0,386.0,376.0,363.0
3657.0,854.0,842.0,836.0,364.0,383.0,378.0
3607.0,840.0,858.0,836.0,348.0,354.0,371.0
3511.0,832.0,795.0,814.0,360.0,355.0,355.0
3448.0,817.0,818.0,797.0,346.0,343.0,327.0
3387.0,780.0,808.0,787.0,351.0,334.0,327.0
3470.0,797.0,838.0,818.0,354.0,339.0,324.0
3424.0,773.0,815.0,818.0,347.0,332.0,339.0
3489.0,798.0,793.0,846.0,352.0,355.0,345.0
3535.0,845.0,786.0,839.0,350.0,365.0,350.0
3707.0,881.0,860.0,873.0,367.0,366.0,360.0
3735.0,895.0,848.0,890.0,364.0,372.0,366.0
3747.0,916.0,849.0,860.0,376.0,372.0,374.0
3665.0,877.0,868.0,831.0,350.0,364.0,375.0
3684.0,829.0,874.0,860.0,364.0,380.0,377.0
3602.0,822.0,848.0,831.0,351.0,371.0,379.0
3626.0,878.0,837.0,812.0,354.0,370.0,375.0
3538.0,817.0,827.0,813.0,362.0,356.0,363.0
3462.0,817.0,774.0,805.0,362.0,350.0,354.0
3445.0,828.0,803.0,767.0,352.0,352.0,343.0
3518.0,823.0,780.0,861.0,347.0,348.0,359.0
3578.0,810.0,820.0,873.0,365.0,351.0,359.0
3666.0,844.0,868.0,871.0,364.0,360.0,359.0
3660.0,843.0,852.0,868.0,367.0,368.0,362.0
3706.0,868.0,884.0,857.0,365.0,365.0,367.0
3777.0,876.0,900.0,877.0,377.0,378.0,369.0
3709.0,864.0,897.0,859.0,361.0,376.0,352.0
3631.0,842.0,842.0,861.0,356.0,368.0,362.0
3617.0,844.0,859.0,843.0,357.0,368.0,346.0
3530.0,883.0,783.0,813.0,345.0,346.0,360.0
3542.0,848.0,815.0,832.0,349.0,359.0,339.0
3449.0,830.0,794.0,773.0,335.0,371.0,346.0
3540.0,808.0,822.0,859.0,353.0,350.0,348.0
3552.0,798.0,850.0,848.0,354.0,355.0,347.0
3611.0,840.0,843.0,837.0,367.0,377.0,347.0
3627.0,827.0,868.0,814.0,378.0,366.0,374.0
3704.0,872.0,856.0,848.0,386.0,366.0,376.0
3735.0,873.0,872.0,847.0,384.0,377.0,382.0
3762.0,886.0,871.0,851.0,387.0,380.0,387.0
3642.0,870.0,830.0,829.0,376.0,365.0,372.0
3776.0,868.0,899.0,889.0,364.0,366.0,390.0
3664.0,872.0,842.0,864.0,358.0,358.0,370.0
3649.0,860.0,861.0,858.0,351.0,356.0,363.0
3614.0,874.0,848.0,843.0,352.0,355.0,342.0
3519.0,858.0,794.0,834.0,349.0,345.0,339.0
3522.0,817.0,805.0,841.0,364.0,350.0,345.0
3485.0,810.0,794.0,836.0,349.0,359.0,337.0
3482.0,788.0,804.0,799.0,371.0,363.0,357.0
3660.0,856.0,843.0,845.0,365.0,386.0,365.0
3691.0,882.0,870.0,857.0,368.0,367.0,347.0
3743.0,867.0,892.0,849.0,382.0,377.0,376.0
3800.0,884.0,909.0,869.0,380.0,387.0,371.0
3811.0,893.0,880.0,888.0,379.0,381.0,390.0
3780.0,838.0,893.0,901.0,382.0,389.0,377.0
3718.0,881.0,839.0,884.0,368.0,370.0,376.0
3675.0,861.0,822.0,901.0,348.0,366.0,377.0
3593.0,848.0,806.0,834.0,361.0,364.0,380.0
3502.0,832.0,784.0,837.0,357.0,339.0,353.0
3558.0,834.0,832.0,833.0,355.0,339.0,365.0
3524.0,784.0,865.0,828.0,339.0,356.0,352.0
3658.0,866.0,855.0,851.0,374.0,350.0,362.0
3644.0,844.0,888.0,814.0,374.0,363.0,361.0
3777.0,876.0,870.0,902.0,393.0,364.0,372.0
3814.0,926.0,894.0,856.0,388.0,388.0,362.0
3837.0,914.0,911.0,872.0,391.0,377.0,372.0
3842.0,907.0,890.0,910.0,386.0,370.0,379.0
3761.0,884.0,850.0,894.0,370.0,392.0,371.0
3750.0,868.0,868.0,919.0,364.0,373.0,358.0
3660.0,839.0,856.0,846.0,364.0,387.0,368.0
3633.0,849.0,851.0,861.0,353.0,368.0,351.0
3618.0,847.0,883.0,833.0,352.0,357.0,346.0
3540.0,827.0,831.0,829.0,353.0,344.0,356.0
3421.0,775.0,812.0,788.0,344.0,355.0,347.0
3618.0,850.0,845.0,819.0,381.0,349.0,374.0
3676.0,897.0,832.0,829.0,373.0,364.0,381.0
3719.0,922.0,847.0,849.0,376.0,359.0,366.0
3818.0,895.0,854.0,908.0,390.0,385.0,386.0
3867.0,913.0,884.0,928.0,394.0,368.0,380.0
3836.0,851.0,905.0,914.0,399.0,376.0,391.0
3789.0,899.0,892.0,875.0,374.0,377.0,372.0
3734.0,833.0,895.0,874.0,389.0,364.0,379.0
3711.0,874.0,861.0,880.0,353.0,370.0,373.0
3662.0,883.0,859.0,839.0,361.0,375.0,345.0
3565.0,870.0,826.0,830.0,347.0,363.0,329.0
3540.0,834.0,812.0,813.0,354.0,371.0,356.0
3547.0,801.0,839.0,848.0,360.0,362.0,337.0
3674.0,837.0,900.0,850.0,376.0,363.0,348.0
3719.0,863.0,887.0,857.0,379.0,370.0,363.0
3864.0,907.0,918.0,919.0,373.0,380.0,367.0
3971.0,936.0,938.0,929.0,389.0,388.0,391.0
3963.0,923.0,898.0,947.0,418.0,375.0,402.0
3917.0,930.0,907.0,905.0,394.0,383.0,398.0
3852.0,890.0,887.0,892.0,403.0,377.0,403.0
3723.0,861.0,855.0,874.0,384.0,363.0,386.0
3761.0,906.0,888.0,849.0,382.0,361.0,375.0
3623.0,865.0,843.0,825.0,358.0,365.0,367.0
3603.0,858.0,851.0,832.0,342.0,349.0,371.0
3583.0,837.0,850.0,827.0,338.0,363.0,368.0
3564.0,789.0,835.0,840.0,350.0,377.0,373.0
3681.0,850.0,881.0,848.0,370.0,375.0,357.0
3764.0,880.0,860.0,898.0,374.0,379.0,373.0
3862.0,905.0,854.0,925.0,385.0,407.0,386.0
3872.0,921.0,878.0,899.0,380.0,401.0,393.0
3885.0,896.0,892.0,918.0,408.0,398.0,373.0
3939.0,899.0,939.0,923.0,408.0,394.0,376.0
3909.0,911.0,927.0,917.0,392.0,387.0,375.0
3840.0,878.0,929.0,883.0,405.0,382.0,363.0
3778.0,871.0,889.0,906.0,375.0,367.0,370.0
3648.0,865.0,868.0,816.0,370.0,367.0,362.0
3637.0,895.0,821.0,829.0,373.0,353.0,366.0
3572.0,817.0,841.0,819.0,357.0,375.0,363.0
3596.0,848.0,826.0,844.0,355.0,353.0,370.0
3642.0,850.0,862.0,842.0,369.0,360.0,359.0
3791.0,912.0,877.0,882.0,361.0,375.0,384.0
3896.0,941.0,897.0,904.0,380.0,375.0,399.0
3978.0,924.0,954.0,939.0,377.0,385.0,399.0
3915.0,896.0,926.0,905.0,389.0,403.0,396.0
3960.0,928.0,957.0,920.0,390.0,392.0,373.0
3930.0,916.0,903.0,893.0,408.0,412.0,398.0
3774.0,866.0,879.0,870.0,388.0,386.0,385.0
3726.0,901.0,872.0,829.0,370.0,373.0,381.0
3677.0,866.0,865.0,834.0,363.0,372.0,377.0
3663.0,853.0,868.0,864.0,353.0,363.0,362.0
3652.0,817.0,864.0,890.0,365.0,357.0,359.0
3732.0,862.0,890.0,892.0,362.0,374.0,352.0
3742.0,861.0,873.0,926.0,361.0,363.0,358.0
3822.0,897.0,872.0,928.0,380.0,376.0,369.0
3924.0,944.0,929.0,904.0,382.0,379.0,386.0
3963.0,945.0,911.0,940.0,392.0,392.0,383.0
4005.0,939.0,908.0,951.0,397.0,408.0,402.0
3921.0,924.0,884.0,920.0,400.0,392.0,401.0
3872.0,877.0,938.0,882.0,386.0,393.0,396.0
3843.0,888.0,909.0,892.0,377.0,387.0,390.0
3832.0,874.0,881.0,909.0,389.0,389.0,390.0
3737.0,868.0,876.0,861.0,387.0,365.0,380.0
3734.0,866.0,877.0,879.0,369.0,367.0,376.0
3719.0,869.0,853.0,891.0,375.0,356.0,375.0
3767.0,883.0,869.0,897.0,366.0,381.0,371.0
3677.0,845.0,800.0,897.0,375.0,378.0,382.0
3845.0,900.0,905.0,910.0,370.0,380.0,380.0
3902.0,922.0,898.0,921.0,381.0,393.0,387.0
3955.0,949.0,940.0,918.0,375.0,389.0,384.0
3978.0,945.0,942.0,900.0,393.0,401.0,397.0
3964.0,923.0,955.0,929.0,397.0,383.0,377.0
3837.0,885.0,941.0,869.0,384.0,377.0,381.0
3854.0,903.0,919.0,886.0,385.0,377.0,384.0
3880.0,916.0,881.0,927.0,395.0,381.0,380.0
3758.0,882.0,869.0,869.0,395.0,368.0,375.0
3758.0,914.0,862.0,868.0,376.0,374.0,364.0
3683.0,855.0,850.0,877.0,354.0,383.0,364.0
3716.0,841.0,878.0,876.0,370.0,379.0,372.0
3882.0,877.0,925.0,919.0,364.0,403.0,394.0
3813.0,893.0,877.0,883.0,372.0,394.0,394.0
3981.0,910.0,955.0,904.0,384.0,413.0,415.0
4027.0,949.0,927.0,922.0,411.0,406.0,412.0
4040.0,968.0,939.0,952.0,383.0,382.0,416.0
4026.0,960.0,914.0,947.0,398.0,398.0,409.0
3902.0,897.0,885.0,941.0,397.0,374.0,408.0
3840.0,917.0,877.0,906.0,381.0,377.0,382.0
3820.0,904.0,889.0,895.0,385.0,375.0,372.0
3775.0,903.0,871.0,878.0,385.0,373.0,365.0
3830.0,905.0,902.0,899.0,390.0,372.0,362.0
3734.0,884.0,855.0,871.0,372.0,381.0,371.0
3690.0,862.0,840.0,873.0,375.0,373.0,367.0
3759.0,857.0,891.0,886.0,381.0,370.0,374.0
3861.0,886.0,883.0,924.0,395.0,400.0,373.0
3958.0,937.0,890.0,936.0,414.0,402.0,379.0
3991.0,956.0,916.0,922.0,391.0,403.0,403.0
4071.0,954.0,943.0,950.0,403.0,413.0,408.0
4021.0,943.0,955.0,910.0,395.0,418.0,400.0
4015.0,930.0,940.0,949.0,379.0,407.0,410.0
3856.0,868.0,883.0,918.0,398.0,387.0,402.0
3880.0,924.0,881.0,904.0,394.0,386.0,391.0
3765.0,885.0,847.0,878.0,373.0,391.0,391.0
3805.0,910.0,855.0,898.0,378.0,382.0,382.0
3792.0,877.0,866.0,902.0,376.0,379.0,392.0
3773.0,875.0,872.0,890.0,392.0,371.0,373.0
3755.0,869.0,894.0,854.0,402.0,341.0,395.0
3893.0,917.0,923.0,883.0,398.0,386.0,386.0
3948.0,911.0,912.0,921.0,408.0,391.0,405.0
4071.0,975.0,963.0,935.0,409.0,405.0,384.0
4079.0,947.0,961.0,954.0,412.0,410.0,395.0
4020.0,891.0,949.0,957.0,409.0,413.0,401.0
3984.0,937.0,922.0,938.0,390.0,407.0,390.0
3971.0,947.0,892.0,963.0,390.0,405.0,374.0
3883.0,903.0,896.0,908.0,394.0,397.0,385.0
3890.0,934.0,893.0,919.0,384.0,383.0,377.0
3765.0,879.0,879.0,881.0,369.0,368.0,389.0
3746.0,835.0,925.0,869.0,377.0,373.0,367.0
3818.0,866.0,909.0,890.0,387.0,385.0,381.0
3896.0,890.0,929.0,910.0,393.0,386.0,388.0
3956.0,920.0,925.0,920.0,400.0,391.0,400.0
4010.0,950.0,920.0,918.0,415.0,396.0,411.0
4081.0,969.0,924.0,953.0,417.0,409.0,409.0
4131.0,967.0,952.0,971.0,414.0,412.0,415.0
4045.0,937.0,948.0,961.0,408.0,384.0,407.0
4020.0,913.0,939.0,959.0,411.0,391.0,407.0
3985.0,916.0,930.0,936.0,393.0,398.0,412.0
3949.0,915.0,932.0,930.0,385.0,399.0,388.0
3809.0,911.0,878.0,874.0,376.0,391.0,379.0
3753.0,883.0,878.0,852.0,373.0,386.0,381.0
3732.0,875.0,846.0,876.0,379.0,389.0,367.0
3815.0,878.0,898.0,885.0,375.0,391.0,388.0
3905.0,901.0,898.0,923.0,399.0,393.0,391.0
3957.0,922.0,922.0,916.0,403.0,395.0,399.0
4109.0,951.0,957.0,971.0,421.0,408.0,401.0
4191.0,982.0,966.0,979.0,414.0,432.0,418.0
4170.0,979.0,950.0,984.0,432.0,410.0,415.0
4107.0,957.0,952.0,962.0,411.0,406.0,419.0
4064.0,905.0,973.0,946.0,406.0,421.0,413.0
3987.0,920.0,925.0,945.0,400.0,403.0,394.0
3933.0,940.0,922.0,893.0,397.0,375.0,406.0
3945.0,933.0,941.0,915.0,378.0,382.0,396.0
3832.0,923.0,905.0,859.0,383.0,368.0,394.0
3808.0,895.0,903.0,863.0,374.0,379.0,394.0
3853.0,866.0,939.0,894.0,384.0,382.0,388.0
3950.0,923.0,932.0,917.0,386.0,387.0,405.0
3992.0,907.0,917.0,952.0,401.0,418.0,397.0
4122.0,981.0,918.0,984.0,421.0,420.0,398.0
4147.0,974.0,928.0,1013.0,416.0,414.0,402.0
4152.0,947.0,955.0,1011.0,423.0,415.0,401.0
4088.0,947.0,948.0,958.0,409.0,419.0,407.0
4074.0,959.0,948.0,946.0,399.0,404.0,418.0
3981.0,924.0,933.0,921.0,404.0,402.0,397.0
3958.0,914.0,936.0,913.0,400.0,401.0,394.0
3879.0,922.0,927.0,872.0,381.0,386.0,391.0
3809.0,900.0,876.0,871.0,391.0,380.0,391.0
3806.0,875.0,881.0,899.0,381.0,385.0,385.0
3905.0,901.0,933.0,912.0,381.0,369.0,409.0
3982.0,921.0,923.0,942.0,398.0,392.0,406.0
4018.0,926.0,947.0,963.0,392.0,395.0,395.0
4063.0,977.0,914.0,938.0,407.0,407.0,420.0
4159.0,975.0,974.0,979.0,409.0,400.0,422.0
4214.0,976.0,1000.0,975.0,422.0,411.0,430.0
4213.0,966.0,990.0,983.0,422.0,423.0,429.0
4176.0,971.0,984.0,949.0,422.0,439.0,411.0
4044.0,950.0,951.0,919.0,407.0,403.0,414.0
3976.0,924.0,929.0,908.0,405.0,404.0,406.0
3971.0,947.0,920.0,906.0,385.0,425.0,388.0
3850.0,915.0,862.0,905.0,392.0,394.0,382.0
3862.0,893.0,910.0,909.0,377.0,397.0,376.0
3848.0,878.0,898.0,919.0,391.0,386.0,376.0
4009.0,912.0,952.0,946.0,397.0,406.0,396.0
4073.0,942.0,983.0,956.0,393.0,401.0,398.0
4115.0,967.0,967.0,962.0,404.0,407.0,408.0
4152.0,965.0,941.0,1013.0,406.0,419.0,408.0
4130.0,952.0,940.0,986.0,416.0,409.0,427.0
4157.0,968.0,958.0,961.0,437.0,413.0,420.0
4114.0,956.0,945.0,955.0,426.0,406.0,426.0
4151.0,985.0,979.0,944.0,424.0,421.0,398.0
4012.0,947.0,945.0,920.0,413.0,389.0,398.0
4088.0,962.0,975.0,918.0,420.0,401.0,412.0
3977.0,948.0,932.0,899.0,404.0,392.0,402.0
3907.0,908.0,903.0,914.0,391.0,397.0,394.0
4008.0,905.0,959.0,946.0,401.0,406.0,391.0
3964.0,912.0,915.0,917.0,390.0,411.0,419.0
4113.0,980.0,956.0,956.0,405.0,416.0,400.0
4112.0,951.0,975.0,957.0,415.0,401.0,413.0
4135.0,995.0,971.0,951.0,406.0,406.0,406.0
4255.0,1016.0,1007.0,988.0,414.0,424.0,406.0
4188.0,968.0,1016.0,969.0,424.0,411.0,400.0
4175.0,947.0,1017.0,955.0,431.0,414.0,411.0
4151.0,958.0,968.0,975.0,431.0,404.0,415.0
4062.0,962.0,924.0,960.0,408.0,413.0,395.0
4017.0,956.0,937.0,933.0,405.0,388.0,398.0
3965.0,938.0,913.0,909.0,404.0,402.0,399.0
3924.0,931.0,872.0,933.0,395.0,390.0,403.0
3982.0,927.0,940.0,918.0,389.0,405.0,403.0
3982.0,906.0,922.0,952.0,387.0,417.0,398.0
4088.0,947.0,963.0,968.0,384.0,417.0,409.0
4204.0,1001.0,978.0,986.0,409.0,417.0,413.0
4216.0,1010.0,991.0,960.0,415.0,423.0,417.0
4260.0,1001.0,993.0,992.0,414.0,429.0,431.0
4212.0,992.0,964.0,972.0,433.0,418.0,433.0
4222.0,982.0,983.0,982.0,422.0,421.0,432.0
4140.0,945.0,963.0,996.0,421.0,413.0,402.0
4109.0,937.0,955.0,967.0,420.0,399.0,431.0
4068.0,934.0,965.0,964.0,408.0,402.0,395.0
4076.0,972.0,965.0,963.0,403.0,379.0,394.0
3962.0,903.0,948.0,931.0,395.0,388.0,397.0
3986.0,908.0,945.0,943.0,405.0,395.0,390.0
4016.0,926.0,936.0,981.0,398.0,388.0,387.0
4124.0,981.0,960.0,950.0,409.0,421.0,403.0
4112.0,961.0,955.0,959.0,420.0,410.0,407.0
4222.0,1009.0,944.0,992.0,418.0,434.0,425.0
4269.0,1020.0,993.0,982.0,423.0,428.0,423.0
4294.0,1004.0,981.0,1011.0,429.0,432.0,437.0
4271.0,975.0,1026.0,1006.0,415.0,435.0,414.0
4215.0,958.0,1022.0,980.0,424.0,407.0,424.0
4182.0,996.0,983.0,973.0,409.0,416.0,405.0
4056.0,930.0,926.0,974.0,410.0,418.0,398.0
4021.0,961.0,924.0,929.0,416.0,374.0,417.0
3935.0,934.0,894.0,898.0,406.0,390.0,413.0
3964.0,933.0,909.0,895.0,413.0,407.0,407.0
4023.0,943.0,927.0,941.0,411.0,397.0,404.0
4105.0,970.0,966.0,934.0,422.0,406.0,407.0
4207.0,1014.0,997.0,946.0,425.0,414.0,411.0
4238.0,993.0,1013.0,964.0,436.0,420.0,412.0
4291.0,987.0,1025.0,1006.0,427.0,438.0,408.0
4279.0,994.0,989.0,1014.0,429.0,439.0,414.0
4319.0,977.0,1006.0,1020.0,444.0,444.0,428.0
4202.0,973.0,981.0,1000.0,416.0,420.0,412.0
4149.0,997.0,932.0,1005.0,403.0,412.0,400.0
4100.0,955.0,945.0,970.0,412.0,409.0,409.0
4047.0,965.0,929.0,934.0,409.0,406.0,404.0
4043.0,939.0,934.0,943.0,407.0,427.0,393.0
4079.0,966.0,957.0,930.0,413.0,412.0,401.0
4073.0,919.0,991.0,920.0,426.0,409.0,408.0
4155.0,964.0,975.0,974.0,418.0,405.0,419.0
4285.0,999.0,991.0,1012.0,423.0,427.0,433.0
4322.0,1045.0,993.0,1004.0,420.0,414.0,446.0
4306.0,996.0,964.0,1027.0,436.0,433.0,450.0
4277.0,1022.0,941.0,1020.0,438.0,419.0,437.0
4277.0,1010.0,973.0,1030.0,411.0,430.0,423.0
4196.0,990.0,983.0,1000.0,391.0,416.0,416.0
4194.0,986.0,972.0,999.0,406.0,416.0,415.0
4045.0,942.0,951.0,921.0,409.0,421.0,401.0
4056.0,959.0,918.0,964.0,411.0,405.0,399.0
3994.0,912.0,940.0,926.0,418.0,406.0,392.0
4038.0,926.0,952.0,931.0,405.0,412.0,412.0
4105.0,952.0,969.0,942.0,414.0,414.0,414.0
4194.0,974.0,977.0,986.0,418.0,429.0,410.0
4309.0,1029.0,982.0,1021.0,434.0,433.0,410.0
4383.0,1023.0,1029.0,1035.0,438.0,428.0,430.0
4327.0,991.0,998.0,1031.0,445.0,426.0,436.0
4321.0,982.0,1045.0,997.0,435.0,430.0,432.0
4289.0,963.0,1027.0,1010.0,425.0,434.0,430.0
4212.0,976.0,969.0,980.0,420.0,430.0,437.0
4175.0,1007.0,966.0,965.0,411.0,415.0,411.0
4095.0,985.0,946.0,923.0,407.0,413.0,421.0
4068.0,970.0,941.0,935.0,391.0,413.0,418.0
4015.0,920.0,977.0,912.0,410.0,388.0,408.0
4147.0,983.0,970.0,947.0,412.0,411.0,424.0
4156.0,955.0,965.0,974.0,430.0,421.0,411.0
4295.0,1029.0,981.0,1004.0,439.0,419.0,423.0
4342.0,1000.0,1029.0,1030.0,428.0,433.0,422.0
4339.0,1021.0,982.0,1029.0,427.0,461.0,419.0
4410.0,1076.0,1014.0,986.0,441.0,449.0,444.0
4284.0,988.0,973.0,1020.0,434.0,434.0,435.0
4294.0,1001.0,1007.0,993.0,425.0,439.0,429.0
4185.0,979.0,987.0,970.0,418.0,416.0,415.0
4185.0,971.0,1003.0,968.0,407.0,425.0,411.0
4206.0,1025.0,958.0,971.0,417.0,432.0,403.0
4068.0,948.0,944.0,973.0,398.0,407.0,398.0
4110.0,970.0,962.0,959.0,405.0,409.0,405.0
4100.0,964.0,949.0,971.0,406.0,402.0,408.0
4209.0,941.0,983.0,1025.0,424.0,408.0,428.0
4228.0,962.0,976.0,1002.0,424.0,426.0,438.0
4308.0,990.0,993.0,1031.0,436.0,424.0,434.0
4407.0,1022.0,1009.0,1057.0,447.0,430.0,442.0
4434.0,1036.0,1059.0,1024.0,437.0,438.0,440.0
4369.0,1021.0,1003.0,1019.0,441.0,438.0,447.0
4323.0,993.0,1028.0,984.0,432.0,448.0,438.0
4242.0,993.0,988.0,973.0,422.0,433.0,433.0
4202.0,1011.0,954.0,993.0,405.0,428.0,411.0
4238.0,1006.0,996.0,988.0,406.0,432.0,410.0
4143.0,982.0,969.0,946.0,411.0,426.0,409.0
4122.0,947.0,964.0,975.0,415.0,424.0,397.0
4113.0,964.0,946.0,971.0,417.0,412.0,403.0
4202.0,969.0,996.0,970.0,424.0,422.0,421.0
4278.0,983.0,1020.0,1015.0,429.0,414.0,417.0
4327.0,1018.0,1032.0,1009.0,430.0,420.0,418.0
4504.0,1067.0,1052.0,1052.0,455.0,425.0,453.0
4480.0,1069.0,1053.0,1029.0,441.0,450.0,438.0
4364.0,1006.0,1029.0,1021.0,443.0,423.0,442.0
4333.0,967.0,1028.0,1031.0,442.0,432.0,433.0
4283.0,1011.0,1012.0,984.0,426.0,427.0,423.0
4249.0,983.0,978.0,1006.0,421.0,430.0,431.0
4211.0,1010.0,994.0,929.0,424.0,420.0,434.0
4175.0,975.0,964.0,985.0,404.0,419.0,428.0
4223.0,1005.0,958.0,1005.0,407.0,429.0,419.0
4245.0,959.0,1005.0,1005.0,410.0,435.0,431.0
4302.0,989.0,973.0,1033.0,429.0,440.0,438.0
4265.0,980.0,997.0,986.0,431.0,444.0,427.0
4293.0,984.0,990.0,1003.0,435.0,445.0,436.0
4439.0,1054.0,1018.0,1037.0,455.0,438.0,437.0
4473.0,1050.0,1057.0,1025.0,457.0,439.0,445.0
4365.0,1037.0,1062.0,962.0,444.0,428.0,432.0
4361.0,1002.0,1041.0,1003.0,442.0,433.0,440.0
4339.0,985.0,1044.0,1028.0,434.0,418.0,430.0
4227.0,979.0,1009.0,976.0,424.0,420.0,419.0
4305.0,1012.0,996.0,1042.0,431.0,420.0,404.0
4191.0,1002.0,951.0,977.0,416.0,416.0,429.0
4182.0,953.0,973.0,999.0,410.0,424.0,423.0
4156.0,954.0,970.0,999.0,413.0,413.0,407.0
4202.0,964.0,969.0,990.0,417.0,427.0,435.0
4275.0,974.0,1031.0,991.0,427.0,434.0,418.0
4416.0,1043.0,1031.0,1011.0,443.0,446.0,442.0
4454.0,1068.0,1030.0,989.0,459.0,458.0,450.0
4510.0,1045.0,1059.0,1036.0,451.0,456.0,463.0
4461.0,1006.0,1052.0,1026.0,450.0,461.0,466.0
4373.0,1012.0,1039.0,1004.0,433.0,450.0,435.0
4429.0,1037.0,1002.0,1050.0,446.0,448.0,446.0
4365.0,1050.0,1006.0,1022.0,429.0,431.0,427.0
4314.0,1015.0,990.0,1029.0,439.0,418.0,423.0
4188.0,977.0,968.0,987.0,425.0,405.0,426.0
4153.0,941.0,990.0,956.0,419.0,428.0,419.0
4238.0,943.0,1032.0,1008.0,415.0,420.0,420.0
4199.0,983.0,982.0,983.0,426.0,411.0,414.0
4313.0,1018.0,1042.0,992.0,423.0,419.0,419.0
4387.0,1054.0,1015.0,1003.0,439.0,441.0,435.0
4499.0,1058.0,1045.0,1063.0,435.0,447.0,451.0
4485.0,1031.0,1029.0,1044.0,458.0,461.0,462.0
4469.0,1010.0,1055.0,1053.0,455.0,452.0,444.0
4556.0,1026.0,1054.0,1101.0,456.0,460.0,459.0
4384.0,1005.0,1007.0,1045.0,434.0,448.0,445.0
4379.0,1045.0,998.0,1030.0,439.0,424.0,443.0
4267.0,985.0,1001.0,997.0,436.0,420.0,428.0
4242.0,1033.0,976.0,960.0,409.0,432.0,432.0
4189.0,971.0,962.0,984.0,426.0,423.0,423.0
4258.0,982.0,993.0,1015.0,419.0,413.0,436.0
4237.0,994.0,977.0,982.0,422.0,434.0,428.0
4345.0,1014.0,995.0,1035.0,428.0,440.0,433.0
4405.0,1019.0,1029.0,1025.0,439.0,447.0,446.0
4507.0,1062.0,1044.0,1050.0,443.0,452.0,456.0
4550.0,1091.0,1066.0,1051.0,452.0,450.0,440.0
4532.0,1024.0,1058.0,1084.0,458.0,454.0,454.0
4531.0,1002.0,1090.0,1093.0,445.0,450.0,451.0
4458.0,1023.0,1055.0,1062.0,438.0,435.0,445.0
4366.0,1018.0,1003.0,1039.0,442.0,433.0,431.0
4302.0,999.0,1007.0,1009.0,430.0,433.0,424.0
4257.0,992.0,992.0,996.0,427.0,426.0,424.0
4199.0,979.0,986.0,963.0,418.0,429.0,424.0
4299.0,976.0,1009.0,996.0,439.0,433.0,446.0
4315.0,997.0,1023.0,994.0,440.0,440.0,421.0
4442.0,1040.0,1074.0,1005.0,438.0,434.0,451.0
4522.0,1065.0,1070.0,1013.0,457.0,443.0,474.0
4568.0,1082.0,1048.0,1071.0,449.0,459.0,459.0
4579.0,1102.0,1036.0,1092.0,443.0,443.0,463.0
4558.0,1071.0,1028.0,1082.0,463.0,447.0,467.0
4455.0,987.0,1045.0,1067.0,450.0,446.0,460.0
4445.0,1025.0,1046.0,1046.0,450.0,431.0,447.0
4364.0,1000.0,1034.0,1033.0,445.0,425.0,427.0
4294.0,1015.0,1010.0,982.0,429.0,422.0,436.0
4287.0,1023.0,1018.0,964.0,436.0,425.0,421.0
4295.0,991.0,1023.0,996.0,429.0,431.0,425.0
4220.0,979.0,964.0,983.0,428.0,439.0,427.0
4307.0,1026.0,985.0,1008.0,436.0,430.0,422.0
4409.0,1008.0,997.0,1061.0,437.0,461.0,445.0
4525.0,1066.0,1029.0,1081.0,438.0,466.0,445.0
4563.0,1089.0,1054.0,1069.0,439.0,467.0,445.0
4585.0,1073.0,1061.0,1080.0,454.0,459.0,458.0
4568.0,1034.0,1083.0,1099.0,444.0,458.0,450.0
4510.0,1043.0,1028.0,1065.0,447.0,464.0,463.0
4484.0,1054.0,1060.0,1037.0,439.0,445.0,449.0
4404.0,1040.0,1009.0,1039.0,437.0,429.0,450.0
4357.0,1039.0,1033.0,983.0,444.0,415.0,443.0
4285.0,1025.0,960.0,1006.0,433.0,419.0,442.0
4198.0,1002.0,964.0,952.0,435.0,408.0,437.0
4247.0,972.0,988.0,998.0,439.0,420.0,430.0
4404.0,1001.0,1049.0,1027.0,439.0,436.0,452.0
4481.0,1049.0,1030.0,1061.0,449.0,452.0,440.0
4516.0,1018.0,1078.0,1044.0,459.0,457.0,460.0
4655.0,1101.0,1101.0,1069.0,464.0,453.0,467.0
4646.0,1084.0,1078.0,1099.0,450.0,476.0,459.0
4541.0,1045.0,1039.0,1080.0,457.0,458.0,462.0
4511.0,1037.0,1049.0,1044.0,449.0,469.0,463.0
4484.0,1041.0,1034.0,1039.0,464.0,452.0,454.0
4424.0,1051.0,1021.0,1042.0,428.0,452.0,430.0
4375.0,1031.0,1010.0,1009.0,447.0,454.0,424.0
4347.0,1043.0,1037.0,975.0,431.0,428.0,433.0
4353.0,1012.0,1030.0,1030.0,419.0,428.0,434.0
4374.0,986.0,1047.0,1034.0,430.0,435.0,442.0
4420.0,1007.0,1047.0,1053.0,436.0,432.0,445.0
4482.0,1051.0,1022.0,1071.0,445.0,435.0,458.0
4591.0,1090.0,1034.0,1081.0,472.0,457.0,457.0
4695.0,1108.0,1094.0,1094.0,476.0,451.0,472.0
4625.0,1089.0,1038.0,1089.0,474.0,460.0,475.0
4629.0,1073.0,1110.0,1059.0,448.0,465.0,474.0
4598.0,1053.0,1114.0,1060.0,451.0,457.0,463.0
4514.0,1064.0,1076.0,1014.0,441.0,456.0,463.0
4494.0,1032.0,1065.0,1049.0,446.0,457.0,445.0
4494.0,1052.0,1082.0,1050.0,430.0,439.0,441.0
4311.0,998.0,994.0,1021.0,436.0,442.0,420.0
4394.0,1020.0,1020.0,1043.0,445.0,431.0,435.0
4384.0,1011.0,1017.0,1027.0,440.0,455.0,434.0
4429.0,1021.0,1017.0,1074.0,438.0,443.0,436.0
4531.0,1012.0,1072.0,1070.0,470.0,460.0,447.0
4611.0,1113.0,1097.0,1034.0,448.0,466.0,453.0
4621.0,1113.0,1088.0,1045.0,466.0,445.0,464.0
4676.0,1093.0,1126.0,1072.0,465.0,457.0,463.0
4636.0,1088.0,1087.0,1058.0,471.0,464.0,468.0
4602.0,1043.0,1069.0,1083.0,473.0,472.0,462.0
4525.0,1063.0,1051.0,1050.0,447.0,460.0,454.0
4559.0,1085.0,1063.0,1047.0,455.0,446.0,463.0
4421.0,1032.0,1049.0,1000.0,437.0,454.0,449.0
4498.0,1084.0,1042.0,1050.0,447.0,431.0,444.0
4405.0,1009.0,1029.0,1024.0,444.0,445.0,454.0
4461.0,1027.0,1067.0,1039.0,442.0,439.0,447.0
4425.0,1012.0,1026.0,1035.0,453.0,446.0,453.0
4556.0,1066.0,1049.0,1062.0,456.0,471.0,452.0
4625.0,1068.0,1089.0,1086.0,455.0,465.0,462.0
4663.0,1093.0,1086.0,1047.0,488.0,473.0,476.0
4691.0,1094.0,1104.0,1086.0,476.0,465.0,466.0
4661.0,1067.0,1107.0,1066.0,483.0,463.0,475.0
4603.0,1062.0,1081.0,1077.0,468.0,454.0,461.0
4576.0,1078.0,1060.0,1064.0,469.0,448.0,457.0
4497.0,1038.0,1044.0,1077.0,453.0,447.0,438.0
4487.0,1034.0,1062.0,1062.0,438.0,447.0,444.0
4454.0,1044.0,1047.0,1051.0,431.0,437.0,444.0
4391.0,1013.0,1063.0,1010.0,430.0,427.0,448.0
4367.0,1000.0,1016.0,1047.0,442.0,431.0,431.0
4471.0,1033.0,1044.0,1041.0,449.0,459.0,445.0
4622.0,1054.0,1093.0,1085.0,457.0,468.0,465.0
4730.0,1103.0,1097.0,1107.0,470.0,475.0,478.0
4783.0,1112.0,1149.0,1087.0,487.0,468.0,480.0
4734.0,1101.0,1141.0,1071.0,477.0,488.0,456.0
4665.0,1086.0,1103.0,1058.0,469.0,476.0,473.0
4686.0,1091.0,1076.0,1088.0,466.0,491.0,474.0
4629.0,1087.0,1070.0,1059.0,470.0,475.0,468.0
4589.0,1066.0,1063.0,1070.0,466.0,471.0,453.0
4464.0,1046.0,1022.0,1064.0,436.0,449.0,447.0
4401.0,1021.0,1046.0,1045.0,419.0,437.0,433.0
4370.0,988.0,1037.0,1037.0,432.0,444.0,432.0
4410.0,1002.0,1047.0,1020.0,442.0,456.0,443.0
4476.0,1024.0,1070.0,1048.0,448.0,439.0,447.0
4569.0,1069.0,1083.0,1051.0,455.0,454.0,457.0
4638.0,1067.0,1093.0,1081.0,472.0,461.0,464.0
4773.0,1147.0,1098.0,1123.0,482.0,457.0,466.0
4752.0,1129.0,1101.0,1083.0,489.0,470.0,480.0
4665.0,1114.0,1062.0,1054.0,485.0,477.0,473.0
4655.0,1069.0,1072.0,1100.0,463.0,473.0,478.0
4622.0,1073.0,1055.0,1091.0,466.0,473.0,464.0
4585.0,1057.0,1042.0,1097.0,451.0,464.0,474.0
4594.0,1097.0,1066.0,1068.0,456.0,454.0,453.0
4420.0,1030.0,1008.0,1044.0,440.0,444.0,454.0
4425.0,1028.0,1025.0,1031.0,438.0,444.0,459.0
4498.0,1054.0,1031.0,1069.0,441.0,441.0,462.0
4520.0,1091.0,1017.0,1039.0,447.0,464.0,462.0
4601.0,1075.0,1058.0,1075.0,459.0,463.0,471.0
4713.0,1103.0,1098.0,1109.0,462.0,468.0,473.0
4672.0,1080.0,1099.0,1097.0,470.0,458.0,468.0
4778.0,1149.0,1099.0,1117.0,461.0,475.0,477.0
4750.0,1103.0,1142.0,1106.0,475.0,455.0,469.0
4724.0,1050.0,1130.0,1139.0,479.0,470.0,456.0
4675.0,1095.0,1076.0,1121.0,476.0,453.0,454.0
4625.0,1089.0,1083.0,1089.0,459.0,449.0,456.0
4531.0,1066.0,1042.0,1062.0,458.0,461.0,442.0
4529.0,1048.0,1029.0,1075.0,460.0,459.0,458.0
4493.0,1055.0,1024.0,1058.0,456.0,457.0,443.0
4461.0,1041.0,1037.0,1017.0,449.0,471.0,446.0
4537.0,1059.0,1055.0,1050.0,448.0,459.0,466.0
4680.0,1103.0,1096.0,1087.0,453.0,476.0,465.0
4795.0,1138.0,1108.0,1110.0,462.0,476.0,501.0
4811.0,1140.0,1112.0,1130.0,475.0,473.0,481.0
4853.0,1133.0,1127.0,1142.0,474.0,482.0,495.0
4787.0,1084.0,1101.0,1153.0,477.0,481.0,491.0
4699.0,1070.0,1065.0,1144.0,482.0,462.0,476.0
4701.0,1101.0,1061.0,1127.0,467.0,481.0,464.0
4660.0,1100.0,1089.0,1075.0,471.0,461.0,464.0
4616.0,1089.0,1096.0,1075.0,463.0,448.0,445.0
4528.0,1082.0,1068.0,1034.0,456.0,441.0,447.0
4444.0,1037.0,1062.0,1018.0,444.0,445.0,438.0
4476.0,1051.0,1063.0,1007.0,451.0,458.0,446.0
4543.0,1037.0,1077.0,1066.0,464.0,451.0,448.0
4618.0,1087.0,1075.0,1066.0,455.0,454.0,481.0
4763.0,1136.0,1131.0,1105.0,454.0,472.0,465.0
4821.0,1122.0,1098.0,1144.0,472.0,511.0,474.0
4896.0,1166.0,1116.0,1159.0,481.0,490.0,484.0
4821.0,1131.0,1137.0,1107.0,471.0,493.0,482.0
4856.0,1123.0,1151.0,1140.0,485.0,479.0,478.0
4711.0,1087.0,1109.0,1093.0,472.0,485.0,465.0
4629.0,1066.0,1082.0,1087.0,476.0,447.0,471.0
4600.0,1076.0,1075.0,1076.0,463.0,445.0,465.0
4525.0,1082.0,1054.0,1033.0,452.0,444.0,460.0
4497.0,1050.0,1041.0,1055.0,456.0,440.0,455.0
4578.0,1062.0,1082.0,1056.0,461.0,450.0,467.0
4569.0,1064.0,1078.0,1060.0,459.0,453.0,455.0
4704.0,1084.0,1121.0,1102.0,464.0,450.0,483.0
4849.0,1144.0,1146.0,1145.0,464.0,475.0,475.0
4893.0,1164.0,1113.0,1154.0,478.0,490.0,494.0
4866.0,1122.0,1132.0,1157.0,484.0,480.0,491.0
4832.0,1126.0,1129.0,1129.0,472.0,482.0,494.0
4740.0,1104.0,1112.0,1084.0,476.0,497.0,467.0
4707.0,1100.0,1091.0,1105.0,473.0,473.0,465.0
4620.0,1096.0,1056.0,1067.0,464.0,471.0,466.0
4583.0,1072.0,1074.0,1060.0,468.0,449.0,460.0
4585.0,1105.0,1051.0,1057.0,463.0,465.0,444.0
4591.0,1043.0,1090.0,1067.0,475.0,453.0,463.0
4624.0,1037.0,1112.0,1074.0,472.0,461.0,468.0
4674.0,1079.0,1102.0,1101.0,470.0,458.0,464.0
4724.0,1103.0,1111.0,1115.0,467.0,455.0,473.0
4831.0,1118.0,1151.0,1116.0,486.0,472.0,488.0
4840.0,1137.0,1118.0,1135.0,491.0,469.0,490.0
4853.0,1137.0,1106.0,1157.0,475.0,486.0,492.0
4840.0,1114.0,1106.0,1163.0,477.0,492.0,488.0
4830.0,1125.0,1122.0,1138.0,483.0,478.0,484.0
4696.0,1082.0,1130.0,1070.0,475.0,476.0,463.0
4669.0,1110.0,1101.0,1063.0,472.0,467.0,456.0
4705.0,1127.0,1115.0,1062.0,462.0,473.0,466.0
4611.0,1085.0,1065.0,1063.0,463.0,468.0,467.0
4541.0,1050.0,1044.0,1059.0,472.0,465.0,451.0
4586.0,1049.0,1053.0,1105.0,477.0,465.0,437.0
4663.0,1076.0,1079.0,1098.0,471.0,482.0,457.0
4736.0,1093.0,1087.0,1113.0,494.0,479.0,470.0
4866.0,1162.0,1133.0,1150.0,469.0,483.0,469.0
4879.0,1121.0,1157.0,1133.0,495.0,486.0,487.0
4954.0,1177.0,1197.0,1108.0,484.0,487.0,501.0
4874.0,1092.0,1190.0,1141.0,483.0,481.0,487.0
4819.0,1115.0,1148.0,1125.0,479.0,474.0,478.0
4736.0,1092.0,1132.0,1094.0,461.0,485.0,472.0
4727.0,1128.0,1094.0,1087.0,478.0,459.0,481.0
4644.0,1090.0,1056.0,1092.0,479.0,452.0,475.0
4592.0,1068.0,1080.0,1053.0,478.0,455.0,458.0
4630.0,1068.0,1048.0,1120.0,463.0,465.0,466.0
4771.0,1060.0,1150.0,1135.0,478.0,474.0,474.0
4680.0,1046.0,1104.0,1095.0,486.0,472.0,477.0
4764.0,1122.0,1121.0,1089.0,466.0,485.0,481.0
4804.0,1104.0,1137.0,1100.0,488.0,490.0,485.0
4933.0,1180.0,1130.0,1147.0,495.0,499.0,482.0
4877.0,1148.0,1097.0,1146.0,498.0,484.0,504.0
4949.0,1154.0,1159.0,1156.0,492.0,509.0,479.0
4783.0,1108.0,1107.0,1117.0,480.0,489.0,482.0
4765.0,1102.0,1101.0,1134.0,473.0,477.0,478.0
4718.0,1131.0,1107.0,1101.0,455.0,462.0,462.0
4704.0,1101.0,1117.0,1089.0,465.0,470.0,462.0
4667.0,1070.0,1125.0,1085.0,459.0,460.0,468.0
4661.0,1079.0,1100.0,1080.0,493.0,452.0,457.0
4663.0,1045.0,1118.0,1102.0,470.0,464.0,464.0
4737.0,1087.0,1112.0,1111.0,482.0,476.0,469.0
4853.0,1142.0,1098.0,1141.0,497.0,492.0,483.0
4877.0,1168.0,1102.0,1129.0,491.0,492.0,495.0
4954.0,1164.0,1159.0,1135.0,491.0,491.0,514.0
4945.0,1155.0,1163.0,1124.0,507.0,509.0,487.0
4957.0,1136.0,1177.0,1151.0,489.0,503.0,501.0
4904.0,1116.0,1174.0,1116.0,495.0,504.0,499.0
4827.0,1127.0,1143.0,1117.0,483.0,484.0,473.0
4763.0,1119.0,1107.0,1098.0,481.0,482.0,476.0
4700.0,1111.0,1071.0,1140.0,456.0,462.0,460.0
4724.0,1106.0,1098.0,1103.0,475.0,476.0,466.0
4603.0,1048.0,1084.0,1103.0,458.0,456.0,454.0
4740.0,1114.0,1101.0,1111.0,475.0,464.0,475.0
4715.0,1105.0,1103.0,1107.0,463.0,460.0,477.0
4821.0,1102.0,1154.0,1105.0,501.0,486.0,473.0
4869.0,1159.0,1143.0,1094.0,504.0,476.0,493.0
4954.0,1153.0,1155.0,1139.0,504.0,499.0,504.0
4979.0,1154.0,1187.0,1157.0,484.0,504.0,493.0
5015.0,1132.0,1185.0,1183.0,508.0,507.0,500.0
4957.0,1152.0,1147.0,1173.0,497.0,490.0,498.0
4773.0,1092.0,1084.0,1131.0,487.0,492.0,487.0
4883.0,1124.0,1125.0,1151.0,479.0,501.0,503.0
4746.0,1096.0,1094.0,1133.0,462.0,484.0,477.0
4708.0,1105.0,1121.0,1079.0,453.0,481.0,469.0
4753.0,1086.0,1140.0,1091.0,478.0,471.0,487.0
4675.0,1059.0,1111.0,1082.0,476.0,474.0,473.0
4737.0,1127.0,1085.0,1093.0,475.0,482.0,475.0
4850.0,1159.0,1116.0,1127.0,488.0,476.0,484.0
4896.0,1152.0,1110.0,1152.0,503.0,487.0,492.0
4950.0,1188.0,1144.0,1142.0,497.0,487.0,492.0
5034.0,1172.0,1154.0,1166.0,539.0,496.0,507.0
5001.0,1158.0,1196.0,1159.0,509.0,477.0,502.0
4938.0,1169.0,1132.0,1149.0,503.0,495.0,490.0
4915.0,1130.0,1148.0,1171.0,484.0,500.0,482.0
4878.0,1167.0,1132.0,1137.0,486.0,492.0,464.0
4720.0,1124.0,1101.0,1078.0,472.0,480.0,465.0
4704.0,1113.0,1091.0,1108.0,461.0,470.0,461.0
4724.0,1133.0,1093.0,1066.0,468.0,485.0,479.0
4737.0,1095.0,1123.0,1109.0,466.0,475.0,469.0
4692.0,1070.0,1111.0,1086.0,465.0,493.0,467.0
4882.0,1142.0,1106.0,1134.0,494.0,508.0,498.0
4989.0,1150.0,1168.0,1150.0,512.0,492.0,517.0
5007.0,1156.0,1179.0,1157.0,495.0,503.0,517.0
5074.0,1163.0,1207.0,1185.0,508.0,491.0,520.0
5042.0,1165.0,1170.0,1197.0,505.0,494.0,511.0
4964.0,1125.0,1177.0,1174.0,490.0,503.0,495.0
4818.0,1112.0,1103.0,1135.0,494.0,488.0,486.0
4809.0,1134.0,1073.0,1138.0,490.0,482.0,492.0
4779.0,1144.0,1118.0,1109.0,481.0,457.0,470.0
4717.0,1107.0,1131.0,1080.0,472.0,460.0,467.0
4703.0,1079.0,1107.0,1097.0,478.0,467.0,475.0
4693.0,1059.0,1141.0,1089.0,460.0,478.0,466.0
4757.0,1098.0,1137.0,1106.0,466.0,485.0,465.0
4972.0,1159.0,1186.0,1154.0,503.0,491.0,479.0
5046.0,1194.0,1172.0,1188.0,498.0,510.0,484.0
5105.0,1205.0,1163.0,1212.0,498.0,509.0,518.0
5075.0,1179.0,1163.0,1203.0,503.0,520.0,507.0
5102.0,1169.0,1196.0,1188.0,521.0,510.0,518.0
5046.0,1174.0,1172.0,1173.0,520.0,493.0,514.0
4982.0,1129.0,1168.0,1164.0,500.0,514.0,507.0
4883.0,1152.0,1156.0,1110.0,486.0,484.0,495.0
4842.0,1107.0,1147.0,1120.0,502.0,485.0,481.0
4838.0,1140.0,1165.0,1095.0,473.0,479.0,486.0
4747.0,1102.0,1104.0,1113.0,474.0,471.0,483.0
4760.0,1082.0,1119.0,1127.0,469.0,468.0,495.0
4814.0,1134.0,1100.0,1137.0,481.0,469.0,493.0
4932.0,1131.0,1144.0,1176.0,493.0,491.0,497.0
4958.0,1164.0,1134.0,1180.0,493.0,491.0,496.0
5160.0,1224.0,1218.0,1190.0,508.0,506.0,514.0
5138.0,1173.0,1222.0,1233.0,493.0,513.0,504.0
5083.0,1159.0,1201.0,1220.0,502.0,514.0,487.0
5006.0,1151.0,1166.0,1163.0,518.0,506.0,502.0
5008.0,1168.0,1197.0,1148.0,505.0,498.0,492.0
4903.0,1117.0,1161.0,1153.0,499.0,497.0,476.0
4843.0,1172.0,1093.0,1121.0,483.0,497.0,477.0
4799.0,1130.0,1097.0,1105.0,500.0,491.0,476.0
4745.0,1108.0,1103.0,1098.0,476.0,480.0,480.0
4828.0,1093.0,1125.0,1138.0,495.0,480.0,497.0
4885.0,1120.0,1147.0,1159.0,474.0,481.0,504.0
5019.0,1182.0,1177.0,1183.0,478.0,493.0,506.0
5045.0,1192.0,1160.0,1187.0,501.0,504.0,501.0
5111.0,1187.0,1201.0,1201.0,499.0,510.0,513.0
5064.0,1188.0,1175.0,1190.0,505.0,489.0,517.0
5046.0,1186.0,1169.0,1167.0,518.0,507.0,499.0
5015.0,1164.0,1191.0,1164.0,498.0,490.0,508.0
5013.0,1156.0,1187.0,1151.0,522.0,503.0,494.0
4958.0,1170.0,1160.0,1144.0,504.0,483.0,497.0
4893.0,1161.0,1146.0,1107.0,494.0,495.0,490.0
4847.0,1122.0,1154.0,1101.0,482.0,502.0,486.0
4775.0,1085.0,1128.0,1126.0,480.0,471.0,485.0
4896.0,1122.0,1147.0,1142.0,493.0,498.0,494.0
4930.0,1165.0,1110.0,1162.0,498.0,512.0,483.0
4970.0,1147.0,1135.0,1212.0,493.0,495.0,488.0
5071.0,1189.0,1154.0,1207.0,509.0,514.0,498.0
5117.0,1232.0,1181.0,1176.0,505.0,514.0,509.0
5161.0,1235.0,1207.0,1184.0,505.0,524.0,506.0
5090.0,1186.0,1204.0,1172.0,502.0,511.0,515.0
5106.0,1192.0,1181.0,1210.0,523.0,493.0,507.0
5003.0,1178.0,1183.0,1149.0,499.0,492.0,502.0
4962.0,1152.0,1169.0,1155.0,487.0,491.0,508.0
4826.0,1123.0,1090.0,1146.0,485.0,478.0,504.0
4842.0,1129.0,1117.0,1122.0,503.0,481.0,490.0
4906.0,1136.0,1121.0,1164.0,508.0,478.0,499.0
4928.0,1130.0,1151.0,1168.0,498.0,492.0,489.0
4935.0,1127.0,1146.0,1172.0,491.0,490.0,509.0
5013.0,1152.0,1183.0,1180.0,495.0,500.0,503.0
5044.0,1170.0,1212.0,1147.0,506.0,510.0,499.0
5128.0,1183.0,1200.0,1202.0,508.0,520.0,515.0
5110.0,1205.0,1198.0,1170.0,484.0,537.0,516.0
5086.0,1159.0,1182.0,1212.0,503.0,530.0,500.0
5014.0,1174.0,1150.0,1171.0,501.0,511.0,507.0
4992.0,1155.0,1172.0,1168.0,492.0,507.0,498.0
4977.0,1163.0,1162.0,1165.0,500.0,484.0,503.0
4973.0,1205.0,1155.0,1150.0,489.0,492.0,482.0
4890.0,1149.0,1136.0,1133.0,483.0,493.0,496.0
4933.0,1130.0,1164.0,1164.0,504.0,477.0,494.0
4894.0,1121.0,1157.0,1132.0,503.0,494.0,487.0
4898.0,1113.0,1146.0,1173.0,488.0,484.0,494.0
5004.0,1198.0,1137.0,1151.0,510.0,496.0,512.0
5120.0,1219.0,1180.0,1187.0,520.0,497.0,517.0
5152.0,1214.0,1190.0,1192.0,520.0,512.0,524.0
5226.0,1219.0,1215.0,1219.0,509.0,523.0,541.0
5150.0,1182.0,1188.0,1218.0,511.0,527.0,524.0
5123.0,1192.0,1171.0,1223.0,503.0,516.0,518.0
5043.0,1151.0,1208.0,1166.0,502.0,527.0,489.0
5062.0,1180.0,1177.0,1198.0,495.0,507.0,505.0
5022.0,1202.0,1138.0,1183.0,484.0,511.0,504.0
4967.0,1167.0,1128.0,1198.0,490.0,500.0,484.0
4879.0,1129.0,1119.0,1153.0,504.0,498.0,476.0
4918.0,1149.0,1117.0,1160.0,495.0,500.0,497.0
5000.0,1183.0,1165.0,1148.0,504.0,499.0,501.0
5025.0,1193.0,1151.0,1164.0,505.0,509.0,503.0
5071.0,1212.0,1174.0,1183.0,503.0,508.0,491.0
5148.0,1211.0,1186.0,1208.0,512.0,519.0,512.0
5193.0,1226.0,1234.0,1184.0,522.0,517.0,510.0
5185.0,1236.0,1159.0,1233.0,528.0,502.0,527.0
5092.0,1152.0,1201.0,1191.0,515.0,520.0,513.0
5153.0,1202.0,1182.0,1232.0,501.0,517.0,519.0
5043.0,1184.0,1153.0,1197.0,493.0,499.0,517.0
5043.0,1205.0,1151.0,1199.0,488.0,497.0,503.0
4922.0,1159.0,1164.0,1108.0,483.0,501.0,507.0
4920.0,1102.0,1149.0,1172.0,496.0,507.0,494.0
4967.0,1174.0,1172.0,1142.0,499.0,490.0,490.0
5044.0,1136.0,1221.0,1164.0,498.0,509.0,516.0
5117.0,1201.0,1185.0,1168.0,521.0,520.0,522.0
5179.0,1216.0,1191.0,1202.0,531.0,523.0,516.0
5203.0,1232.0,1213.0,1204.0,528.0,522.0,504.0
5194.0,1230.0,1211.0,1209.0,519.0,519.0,506.0
5210.0,1199.0,1208.0,1240.0,532.0,505.0,526.0
5166.0,1199.0,1218.0,1217.0,509.0,506.0,517.0
5107.0,1194.0,1197.0,1199.0,503.0,509.0,505.0
5082.0,1206.0,1201.0,1179.0,495.0,497.0,504.0
5084.0,1186.0,1200.0,1196.0,485.0,506.0,511.0
4957.0,1175.0,1168.0,1141.0,483.0,500.0,490.0
4949.0,1175.0,1129.0,1171.0,485.0,494.0,495.0
4882.0,1130.0,1130.0,1139.0,485.0,503.0,495.0
4954.0,1160.0,1127.0,1142.0,505.0,501.0,519.0
5119.0,1202.0,1185.0,1172.0,517.0,521.0,522.0
5254.0,1244.0,1228.0,1189.0,536.0,523.0,534.0
5275.0,1238.0,1221.0,1211.0,531.0,541.0,533.0
5288.0,1232.0,1269.0,1233.0,527.0,510.0,517.0
5224.0,1208.0,1233.0,1198.0,532.0,528.0,525.0
5248.0,1226.0,1200.0,1263.0,523.0,516.0,520.0
5119.0,1188.0,1186.0,1203.0,499.0,532.0,511.0
5110.0,1208.0,1177.0,1209.0,500.0,507.0,509.0
4956.0,1188.0,1155.0,1137.0,504.0,476.0,496.0
4941.0,1175.0,1149.0,1140.0,487.0,489.0,501.0
4879.0,1137.0,1135.0,1121.0,500.0,494.0,492.0
4976.0,1153.0,1186.0,1154.0,497.0,494.0,492.0
5042.0,1166.0,1187.0,1174.0,501.0,504.0,510.0
5138.0,1172.0,1191.0,1227.0,530.0,516.0,502.0
5217.0,1216.0,1227.0,1230.0,521.0,516.0,507.0
5322.0,1238.0,1228.0,1265.0,532.0,522.0,537.0
5329.0,1211.0,1236.0,1256.0,548.0,541.0,537.0
5281.0,1196.0,1206.0,1282.0,524.0,549.0,524.0
5295.0,1234.0,1255.0,1218.0,527.0,533.0,528.0
5219.0,1183.0,1226.0,1242.0,526.0,524.0,518.0
5115.0,1184.0,1213.0,1180.0,506.0,515.0,517.0
5052.0,1173.0,1168.0,1177.0,513.0,517.0,504.0
4990.0,1205.0,1149.0,1154.0,486.0,488.0,508.0
5029.0,1177.0,1175.0,1173.0,485.0,501.0,518.0
4971.0,1162.0,1186.0,1157.0,497.0,472.0,497.0
5104.0,1177.0,1199.0,1195.0,507.0,512.0,514.0
5153.0,1196.0,1169.0,1250.0,513.0,502.0,523.0
5281.0,1231.0,1238.0,1252.0,520.0,523.0,517.0
5291.0,1239.0,1206.0,1259.0,533.0,522.0,532.0
5325.0,1257.0,1234.0,1255.0,528.0,530.0,521.0
5317.0,1240.0,1242.0,1225.0,542.0,535.0,533.0
5289.0,1225.0,1256.0,1238.0,525.0,521.0,524.0
5224.0,1243.0,1218.0,1220.0,522.0,514.0,507.0
5195.0,1222.0,1222.0,1202.0,504.0,528.0,517.0
5079.0,1214.0,1159.0,1169.0,519.0,512.0,506.0
5106.0,1209.0,1189.0,1183.0,497.0,530.0,498.0
4986.0,1143.0,1161.0,1171.0,507.0,506.0,498.0
5021.0,1165.0,1165.0,1179.0,493.0,509.0,510.0
5116.0,1153.0,1201.0,1221.0,513.0,507.0,521.0
5274.0,1238.0,1240.0,1230.0,530.0,523.0,513.0
5283.0,1229.0,1230.0,1243.0,527.0,533.0,521.0
5390.0,1288.0,1236.0,1277.0,541.0,522.0,526.0
5381.0,1269.0,1264.0,1254.0,539.0,515.0,540.0
5326.0,1224.0,1256.0,1260.0,536.0,519.0,531.0
5235.0,1188.0,1242.0,1241.0,536.0,505.0,523.0
5147.0,1194.0,1183.0,1185.0,516.0,540.0,529.0
5198.0,1233.0,1205.0,1204.0,516.0,517.0,523.0
5130.0,1204.0,1209.0,1183.0,513.0,516.0,505.0
4993.0,1166.0,1168.0,1189.0,482.0,493.0,495.0
5048.0,1168.0,1202.0,1172.0,504.0,515.0,487.0
5168.0,1204.0,1214.0,1216.0,507.0,519.0,508.0
5214.0,1215.0,1236.0,1243.0,494.0,518.0,508.0
5192.0,1211.0,1189.0,1225.0,520.0,540.0,507.0
5291.0,1255.0,1216.0,1252.0,519.0,534.0,515.0
5409.0,1275.0,1277.0,1258.0,531.0,545.0,523.0
5319.0,1229.0,1227.0,1234.0,528.0,555.0,546.0
5312.0,1227.0,1242.0,1244.0,547.0,524.0,528.0
5309.0,1213.0,1243.0,1232.0,542.0,553.0,526.0
5245.0,1225.0,1217.0,1208.0,525.0,530.0,540.0
5214.0,1211.0,1240.0,1196.0,527.0,514.0,526.0
5158.0,1186.0,1240.0,1210.0,517.0,499.0,506.0
5123.0,1206.0,1191.0,1187.0,520.0,494.0,525.0
5059.0,1169.0,1184.0,1186.0,512.0,489.0,519.0
5050.0,1154.0,1151.0,1224.0,512.0,504.0,505.0
5103.0,1168.0,1190.0,1208.0,515.0,500.0,522.0
5217.0,1217.0,1209.0,1224.0,527.0,523.0,517.0
5361.0,1280.0,1231.0,1244.0,518.0,555.0,533.0
5371.0,1268.0,1242.0,1253.0,529.0,540.0,539.0
5452.0,1283.0,1285.0,1267.0,540.0,541.0,536.0
5304.0,1205.0,1242.0,1246.0,539.0,542.0,530.0
5313.0,1215.0,1252.0,1231.0,546.0,543.0,526.0
5262.0,1202.0,1226.0,1216.0,551.0,549.0,518.0
5210.0,1222.0,1206.0,1199.0,514.0,537.0,532.0
5171.0,1232.0,1170.0,1233.0,511.0,510.0,515.0
5178.0,1196.0,1221.0,1210.0,518.0,520.0,513.0
5185.0,1168.0,1221.0,1225.0,524.0,517.0,530.0
5193.0,1199.0,1246.0,1217.0,507.0,508.0,516.0
5206.0,1186.0,1253.0,1216.0,520.0,511.0,520.0
5226.0,1229.0,1237.0,1181.0,517.0,526.0,536.0
5313.0,1247.0,1263.0,1219.0,528.0,526.0,530.0
5391.0,1284.0,1247.0,1244.0,528.0,546.0,542.0
5404.0,1260.0,1239.0,1268.0,534.0,548.0,555.0
5419.0,1267.0,1241.0,1271.0,544.0,546.0,550.0
5390.0,1245.0,1254.0,1265.0,531.0,547.0,548.0
5372.0,1273.0,1255.0,1251.0,517.0,532.0,544.0
5256.0,1230.0,1210.0,1232.0,532.0,524.0,528.0
5197.0,1210.0,1230.0,1214.0,512.0,524.0,507.0
5195.0,1188.0,1227.0,1224.0,539.0,525.0,492.0
5095.0,1180.0,1179.0,1212.0,515.0,507.0,502.0
5144.0,1195.0,1232.0,1199.0,516.0,505.0,497.0
5148.0,1194.0,1189.0,1223.0,520.0,508.0,514.0
5227.0,1260.0,1228.0,1186.0,526.0,510.0,517.0
5342.0,1267.0,1270.0,1238.0,525.0,528.0,514.0
5404.0,1265.0,1298.0,1232.0,543.0,531.0,535.0
5456.0,1268.0,1299.0,1273.0,528.0,542.0,546.0
5413.0,1244.0,1288.0,1254.0,532.0,547.0,548.0
5416.0,1246.0,1279.0,1261.0,543.0,548.0,539.0
5279.0,1218.0,1217.0,1246.0,528.0,526.0,544.0
5334.0,1263.0,1210.0,1250.0,539.0,538.0,534.0
5266.0,1232.0,1185.0,1253.0,532.0,531.0,533.0
5206.0,1214.0,1203.0,1210.0,524.0,523.0,532.0
5204.0,1216.0,1231.0,1207.0,509.0,527.0,514.0
5170.0,1182.0,1213.0,1216.0,525.0,510.0,524.0
5219.0,1205.0,1238.0,1185.0,532.0,530.0,529.0
5392.0,1272.0,1291.0,1246.0,533.0,528.0,522.0
5415.0,1278.0,1262.0,1263.0,537.0,540.0,535.0
5477.0,1294.0,1274.0,1264.0,545.0,548.0,552.0
5466.0,1271.0,1265.0,1281.0,552.0,555.0,542.0
5384.0,1242.0,1260.0,1265.0,530.0,550.0,537.0
5364.0,1277.0,1220.0,1272.0,528.0,535.0,532.0
5349.0,1240.0,1263.0,1255.0,535.0,528.0,528.0
5350.0,1276.0,1253.0,1270.0,515.0,512.0,524.0
5199.0,1228.0,1205.0,1223.0,516.0,519.0,508.0
5250.0,1245.0,1263.0,1193.0,522.0,510.0,517.0
5194.0,1204.0,1219.0,1199.0,530.0,525.0,517.0
5146.0,1205.0,1187.0,1181.0,519.0,534.0,520.0
5229.0,1237.0,1215.0,1173.0,548.0,527.0,529.0
5347.0,1255.0,1243.0,1225.0,532.0,546.0,546.0
5458.0,1295.0,1238.0,1294.0,536.0,526.0,569.0
5554.0,1266.0,1283.0,1317.0,561.0,564.0,563.0
5535.0,1280.0,1288.0,1297.0,557.0,556.0,557.0
5598.0,1305.0,1312.0,1315.0,540.0,567.0,559.0
5453.0,1248.0,1286.0,1287.0,538.0,551.0,543.0
5380.0,1255.0,1277.0,1245.0,524.0,537.0,542.0
5354.0,1248.0,1256.0,1254.0,536.0,522.0,538.0
5279.0,1235.0,1221.0,1253.0,518.0,522.0,530.0
5149.0,1203.0,1212.0,1204.0,514.0,505.0,511.0
5126.0,1193.0,1203.0,1173.0,531.0,520.0,506.0
5271.0,1238.0,1225.0,1231.0,536.0,522.0,519.0
5296.0,1223.0,1271.0,1215.0,542.0,522.0,523.0
5324.0,1228.0,1256.0,1227.0,534.0,543.0,536.0
5471.0,1269.0,1297.0,1270.0,553.0,541.0,541.0
5491.0,1314.0,1253.0,1279.0,549.0,549.0,547.0
5528.0,1275.0,1286.0,1318.0,551.0,537.0,561.0
5521.0,1258.0,1284.0,1317.0,546.0,559.0,557.0
5401.0,1239.0,1267.0,1257.0,545.0,555.0,538.0
5353.0,1231.0,1230.0,1255.0,541.0,545.0,551.0
5403.0,1285.0,1242.0,1255.0,532.0,539.0,550.0
5281.0,1248.0,1234.0,1214.0,523.0,535.0,527.0
5302.0,1229.0,1250.0,1237.0,530.0,525.0,531.0
5248.0,1211.0,1254.0,1221.0,515.0,514.0,533.0
5234.0,1223.0,1226.0,1219.0,525.0,518.0,523.0
5334.0,1226.0,1282.0,1247.0,528.0,529.0,522.0
5398.0,1262.0,1228.0,1284.0,550.0,538.0,536.0
5486.0,1292.0,1275.0,1293.0,544.0,535.0,547.0
5491.0,1298.0,1265.0,1285.0,550.0,545.0,548.0
5528.0,1291.0,1304.0,1299.0,538.0,542.0,554.0
5523.0,1248.0,1324.0,1288.0,559.0,558.0,546.0
5539.0,1259.0,1318.0,1311.0,546.0,556.0,549.0
5461.0,1300.0,1292.0,1247.0,542.0,545.0,535.0
5349.0,1241.0,1274.0,1214.0,534.0,545.0,541.0
5311.0,1260.0,1239.0,1228.0,532.0,516.0,536.0
5274.0,1247.0,1214.0,1217.0,528.0,538.0,530.0
5298.0,1246.0,1231.0,1221.0,527.0,537.0,536.0
5302.0,1265.0,1213.0,1245.0,521.0,533.0,525.0
5326.0,1227.0,1248.0,1257.0,528.0,525.0,541.0
5473.0,1250.0,1295.0,1280.0,556.0,552.0,540.0
5591.0,1314.0,1303.0,1312.0,558.0,546.0,558.0
5625.0,1314.0,1293.0,1331.0,564.0,560.0,563.0
5639.0,1340.0,1296.0,1307.0,569.0,562.0,565.0
5558.0,1302.0,1281.0,1293.0,558.0,555.0,569.0
5452.0,1259.0,1262.0,1273.0,561.0,545.0,552.0
5390.0,1264.0,1245.0,1247.0,547.0,535.0,552.0
5337.0,1273.0,1248.0,1236.0,520.0,524.0,536.0
5277.0,1271.0,1217.0,1210.0,526.0,527.0,526.0
5256.0,1227.0,1227.0,1237.0,532.0,514.0,519.0
5250.0,1199.0,1217.0,1244.0,536.0,528.0,526.0
5314.0,1197.0,1242.0,1279.0,533.0,534.0,529.0
5357.0,1248.0,1262.0,1234.0,527.0,546.0,540.0
5472.0,1264.0,1274.0,1311.0,537.0,556.0,530.0
5545.0,1270.0,1302.0,1306.0,553.0,565.0,549.0
5555.0,1308.0,1283.0,1307.0,560.0,545.0,552.0
5566.0,1276.0,1316.0,1292.0,574.0,560.0,548.0
5515.0,1291.0,1261.0,1278.0,564.0,552.0,569.0
5494.0,1262.0,1314.0,1250.0,559.0,555.0,554.0
5463.0,1263.0,1288.0,1273.0,547.0,532.0,560.0
5422.0,1271.0,1301.0,1231.0,544.0,542.0,533.0
5473.0,1272.0,1289.0,1293.0,527.0,548.0,544.0
5350.0,1252.0,1256.0,1260.0,522.0,523.0,537.0
5316.0,1260.0,1219.0,1237.0,513.0,537.0,550.0
5367.0,1270.0,1233.0,1267.0,532.0,531.0,534.0
5388.0,1257.0,1255.0,1258.0,522.0,547.0,549.0
5429.0,1274.0,1253.0,1266.0,540.0,547.0,549.0
5589.0,1324.0,1306.0,1292.0,538.0,565.0,564.0
5583.0,1308.0,1332.0,1267.0,570.0,554.0,552.0
5620.0,1302.0,1332.0,1303.0,559.0,567.0,557.0
5603.0,1285.0,1309.0,1317.0,555.0,577.0,560.0
5554.0,1287.0,1295.0,1299.0,558.0,571.0,544.0
5512.0,1301.0,1279.0,1270.0,556.0,557.0,549.0
5513.0,1322.0,1275.0,1270.0,569.0,544.0,533.0
5398.0,1299.0,1237.0,1274.0,536.0,533.0,519.0
5390.0,1275.0,1222.0,1277.0,547.0,532.0,537.0
5375.0,1229.0,1265.0,1277.0,531.0,532.0,541.0
5396.0,1239.0,1277.0,1282.0,533.0,533.0,532.0
5459.0,1260.0,1302.0,1267.0,538.0,534.0,558.0
5489.0,1282.0,1276.0,1277.0,552.0,544.0,558.0
5618.0,1348.0,1285.0,1305.0,554.0,550.0,576.0
5595.0,1315.0,1319.0,1281.0,545.0,557.0,578.0
5616.0,1310.0,1308.0,1296.0,565.0,555.0,582.0
5565.0,1314.0,1257.0,1292.0,560.0,566.0,576.0
5621.0,1328.0,1299.0,1288.0,577.0,556.0,573.0
5471.0,1251.0,1273.0,1298.0,555.0,551.0,543.0
5514.0,1272.0,1304.0,1291.0,558.0,553.0,536.0
5512.0,1305.0,1295.0,1263.0,550.0,559.0,540.0
5444.0,1253.0,1279.0,1288.0,536.0,548.0,540.0
5370.0,1286.0,1242.0,1254.0,533.0,535.0,520.0
5362.0,1225.0,1270.0,1247.0,546.0,536.0,538.0
5380.0,1279.0,1224.0,1257.0,534.0,550.0,536.0
5474.0,1289.0,1255.0,1261.0,556.0,555.0,558.0
5539.0,1329.0,1259.0,1280.0,562.0,551.0,558.0
5590.0,1317.0,1264.0,1318.0,554.0,576.0,561.0
5648.0,1301.0,1316.0,1340.0,564.0,561.0,566.0
5691.0,1323.0,1341.0,1342.0,565.0,557.0,563.0
5609.0,1285.0,1322.0,1335.0,557.0,537.0,573.0
5581.0,1276.0,1331.0,1322.0,550.0,541.0,561.0
5504.0,1274.0,1249.0,1308.0,561.0,549.0,563.0
5444.0,1266.0,1241.0,1295.0,546.0,547.0,549.0
5432.0,1295.0,1224.0,1270.0,549.0,546.0,548.0
5406.0,1239.0,1249.0,1268.0,555.0,541.0,554.0
5374.0,1239.0,1246.0,1253.0,539.0,539.0,558.0
5514.0,1298.0,1293.0,1259.0,543.0,559.0,562.0
5553.0,1285.0,1310.0,1288.0,544.0,566.0,560.0
5634.0,1327.0,1341.0,1288.0,556.0,563.0,559.0
5706.0,1348.0,1291.0,1356.0,567.0,579.0,565.0
5653.0,1330.0,1331.0,1298.0,572.0,563.0,559.0
5618.0,1307.0,1304.0,1305.0,570.0,573.0,559.0
5620.0,1325.0,1301.0,1322.0,557.0,555.0,560.0
5566.0,1302.0,1273.0,1330.0,564.0,549.0,548.0
5530.0,1287.0,1297.0,1283.0,565.0,537.0,561.0
5485.0,1267.0,1266.0,1298.0,573.0,534.0,547.0
5451.0,1257.0,1298.0,1267.0,558.0,527.0,544.0
5399.0,1244.0,1289.0,1249.0,553.0,534.0,530.0
5349.0,1216.0,1280.0,1228.0,558.0,531.0,536.0
5547.0,1289.0,1286.0,1296.0,555.0,562.0,559.0
5569.0,1301.0,1274.0,1303.0,560.0,569.0,562.0
5634.0,1341.0,1274.0,1310.0,553.0,569.0,587.0
5669.0,1318.0,1285.0,1356.0,560.0,574.0,576.0
5712.0,1329.0,1341.0,1334.0,554.0,570.0,584.0
5701.0,1321.0,1325.0,1345.0,560.0,571.0,579.0
5697.0,1309.0,1343.0,1330.0,563.0,580.0,572.0
5657.0,1303.0,1324.0,1353.0,553.0,558.0,566.0
5590.0,1282.0,1314.0,1324.0,558.0,552.0,560.0
5540.0,1321.0,1294.0,1269.0,555.0,553.0,548.0
5445.0,1296.0,1268.0,1266.0,541.0,533.0,541.0
5433.0,1266.0,1277.0,1263.0,553.0,533.0,541.0
5389.0,1279.0,1236.0,1253.0,551.0,530.0,540.0
5468.0,1298.0,1253.0,1285.0,557.0,549.0,526.0
5671.0,1332.0,1331.0,1324.0,577.0,546.0,561.0
5654.0,1340.0,1318.0,1319.0,572.0,557.0,548.0
5757.0,1345.0,1342.0,1358.0,566.0,579.0,567.0
5799.0,1338.0,1401.0,1341.0,564.0,589.0,566.0
5766.0,1345.0,1361.0,1350.0,559.0,571.0,580.0
5625.0,1303.0,1275.0,1353.0,553.0,568.0,573.0
5597.0,1292.0,1314.0,1299.0,552.0,572.0,568.0
5601.0,1319.0,1288.0,1305.0,557.0,567.0,565.0
5496.0,1316.0,1240.0,1276.0,551.0,558.0,555.0
5521.0,1300.0,1297.0,1254.0,549.0,560.0,561.0
5475.0,1255.0,1306.0,1253.0,557.0,553.0,551.0
5513.0,1271.0,1282.0,1286.0,548.0,565.0,561.0
5604.0,1296.0,1316.0,1316.0,565.0,562.0,549.0
5663.0,1304.0,1330.0,1333.0,560.0,558.0,578.0
5678.0,1340.0,1306.0,1337.0,564.0,566.0,565.0
5753.0,1353.0,1318.0,1361.0,563.0,580.0,578.0
5848.0,1380.0,1344.0,1400.0,582.0,567.0,575.0
5769.0,1353.0,1349.0,1338.0,568.0,588.0,573.0
5674.0,1299.0,1336.0,1336.0,561.0,572.0,570.0
5613.0,1288.0,1312.0,1339.0,548.0,564.0,562.0
5555.0,1326.0,1306.0,1276.0,542.0,564.0,541.0
5528.0,1309.0,1318.0,1236.0,545.0,564.0,556.0
5501.0,1305.0,1275.0,1268.0,546.0,560.0,547.0
5552.0,1285.0,1304.0,1289.0,552.0,567.0,555.0
5534.0,1290.0,1270.0,1298.0,550.0,559.0,567.0
5511.0,1258.0,1258.0,1305.0,563.0,568.0,559.0
5603.0,1309.0,1247.0,1334.0,580.0,565.0,568.0
5802.0,1355.0,1335.0,1368.0,587.0,580.0,577.0
5877.0,1371.0,1372.0,1361.0,591.0,584.0,598.0
5815.0,1343.0,1368.0,1358.0,574.0,589.0,583.0
5796.0,1335.0,1367.0,1343.0,579.0,577.0,595.0
5713.0,1315.0,1336.0,1334.0,563.0,589.0,576.0
5640.0,1324.0,1314.0,1322.0,541.0,561.0,578.0
5572.0,1335.0,1280.0,1294.0,547.0,555.0,561.0
5534.0,1312.0,1299.0,1274.0,549.0,542.0,558.0
5482.0,1298.0,1268.0,1285.0,535.0,557.0,539.0
5474.0,1249.0,1294.0,1281.0,546.0,550.0,554.0
5552.0,1259.0,1311.0,1318.0,554.0,555.0,555.0
5694.0,1327.0,1367.0,1335.0,555.0,565.0,545.0
5653.0,1292.0,1335.0,1331.0,574.0,571.0,550.0
5815.0,1382.0,1351.0,1354.0,579.0,578.0,571.0
5825.0,1365.0,1371.0,1343.0,582.0,588.0,576.0
5799.0,1328.0,1365.0,1326.0,604.0,582.0,594.0
5856.0,1376.0,1366.0,1351.0,578.0,593.0,592.0
5832.0,1357.0,1336.0,1375.0,593.0,582.0,589.0
5642.0,1322.0,1308.0,1306.0,566.0,570.0,570.0
5676.0,1342.0,1315.0,1312.0,576.0,565.0,566.0
5613.0,1319.0,1276.0,1327.0,557.0,559.0,575.0
5555.0,1310.0,1284.0,1310.0,537.0,548.0,566.0
5666.0,1295.0,1344.0,1357.0,553.0,554.0,563.0
5600.0,1279.0,1314.0,1331.0,559.0,560.0,557.0
5604.0,1308.0,1291.0,1321.0,558.0,562.0,564.0
5737.0,1337.0,1300.0,1385.0,572.0,570.0,573.0
5724.0,1354.0,1316.0,1339.0,571.0,560.0,584.0
5791.0,1382.0,1338.0,1339.0,578.0,581.0,573.0
5889.0,1362.0,1380.0,1372.0,604.0,601.0,570.0
5889.0,1358.0,1398.0,1362.0,601.0,592.0,578.0
5796.0,1328.0,1369.0,1352.0,593.0,584.0,570.0
5751.0,1336.0,1375.0,1324.0,568.0,584.0,564.0
5702.0,1362.0,1279.0,1350.0,577.0,572.0,562.0
5646.0,1315.0,1314.0,1319.0,560.0,570.0,568.0
5626.0,1287.0,1317.0,1336.0,567.0,560.0,559.0
5606.0,1325.0,1297.0,1309.0,558.0,568.0,549.0
5595.0,1299.0,1290.0,1315.0,569.0,554.0,568.0
5641.0,1294.0,1319.0,1339.0,553.0,552.0,584.0
5726.0,1335.0,1331.0,1338.0,563.0,579.0,580.0
5786.0,1352.0,1353.0,1341.0,580.0,565.0,595.0
5880.0,1403.0,1349.0,1354.0,593.0,584.0,597.0
5879.0,1391.0,1378.0,1348.0,588.0,573.0,601.0
5859.0,1372.0,1353.0,1363.0,594.0,579.0,598.0
5835.0,1347.0,1350.0,1384.0,581.0,572.0,601.0
5788.0,1304.0,1344.0,1384.0,582.0,574.0,600.0
5699.0,1319.0,1328.0,1357.0,565.0,563.0,567.0
5700.0,1343.0,1309.0,1337.0,570.0,574.0,567.0
5596.0,1272.0,1306.0,1326.0,567.0,570.0,555.0
5626.0,1302.0,1328.0,1306.0,552.0,573.0,565.0
5585.0,1278.0,1307.0,1328.0,541.0,575.0,556.0
5693.0,1324.0,1337.0,1334.0,551.0,588.0,559.0
5761.0,1340.0,1344.0,1348.0,564.0,576.0,589.0
5832.0,1397.0,1344.0,1353.0,571.0,582.0,585.0
5886.0,1397.0,1359.0,1370.0,592.0,590.0,578.0
5878.0,1383.0,1364.0,1366.0,600.0,584.0,581.0
5942.0,1348.0,1392.0,1409.0,603.0,592.0,598.0
5875.0,1364.0,1377.0,1375.0,598.0,576.0,585.0
5891.0,1388.0,1369.0,1399.0,578.0,571.0,586.0
5784.0,1317.0,1393.0,1331.0,582.0,576.0,585.0
5631.0,1324.0,1310.0,1328.0,568.0,552.0,549.0
5706.0,1357.0,1301.0,1333.0,573.0,563.0,579.0
5664.0,1317.0,1306.0,1330.0,563.0,575.0,573.0
5601.0,1298.0,1294.0,1321.0,566.0,558.0,564.0
5710.0,1331.0,1327.0,1315.0,574.0,584.0,579.0
5759.0,1355.0,1355.0,1326.0,569.0,579.0,575.0
5874.0,1369.0,1387.0,1342.0,590.0,597.0,589.0
5918.0,1384.0,1409.0,1370.0,574.0,606.0,575.0
6015.0,1404.0,1433.0,1392.0,596.0,609.0,581.0
5935.0,1380.0,1404.0,1388.0,593.0,583.0,587.0
5872.0,1375.0,1379.0,1380.0,596.0,574.0,568.0
5846.0,1366.0,1364.0,1372.0,595.0,570.0,579.0
5744.0,1340.0,1329.0,1366.0,571.0,572.0,566.0
5762.0,1372.0,1350.0,1333.0,583.0,554.0,570.0
5625.0,1318.0,1313.0,1294.0,574.0,561.0,565.0
5601.0,1307.0,1330.0,1274.0,561.0,558.0,571.0
5614.0,1295.0,1356.0,1279.0,570.0,563.0,551.0
5709.0,1299.0,1354.0,1337.0,572.0,567.0,580.0
5801.0,1368.0,1352.0,1328.0,590.0,576.0,587.0
5860.0,1366.0,1354.0,1359.0,583.0,595.0,603.0
5911.0,1388.0,1366.0,1380.0,588.0,593.0,596.0
6002.0,1413.0,1354.0,1439.0,594.0,596.0,606.0
5991.0,1395.0,1368.0,1409.0,606.0,618.0,595.0
5872.0,1351.0,1374.0,1369.0,579.0,602.0,597.0
5853.0,1337.0,1367.0,1363.0,587.0,595.0,604.0
5838.0,1356.0,1382.0,1341.0,589.0,586.0,584.0
5717.0,1328.0,1344.0,1322.0,578.0,571.0,574.0
5715.0,1324.0,1348.0,1334.0,566.0,565.0,578.0
5650.0,1314.0,1291.0,1328.0,589.0,568.0,560.0
5638.0,1311.0,1317.0,1306.0,572.0,573.0,559.0
5722.0,1319.0,1354.0,1327.0,577.0,571.0,574.0
5771.0,1359.0,1337.0,1341.0,576.0,575.0,583.0
6005.0,1418.0,1408.0,1409.0,592.0,580.0,598.0
6042.0,1422.0,1435.0,1424.0,582.0,590.0,589.0
6044.0,1426.0,1422.0,1415.0,585.0,597.0,599.0
6013.0,1403.0,1412.0,1390.0,598.0,603.0,607.0
5959.0,1371.0,1405.0,1385.0,606.0,594.0,598.0
5780.0,1343.0,1330.0,1322.0,604.0,589.0,592.0
5808.0,1341.0,1346.0,1349.0,587.0,588.0,597.0
5766.0,1356.0,1338.0,1333.0,588.0,574.0,577.0
5726.0,1341.0,1329.0,1335.0,567.0,582.0,572.0
5700.0,1310.0,1324.0,1319.0,576.0,589.0,582.0
5772.0,1327.0,1353.0,1349.0,583.0,582.0,578.0
5880.0,1361.0,1363.0,1383.0,591.0,590.0,592.0
5852.0,1367.0,1377.0,1350.0,580.0,587.0,591.0
5978.0,1400.0,1400.0,1415.0,589.0,590.0,584.0
6038.0,1404.0,1390.0,1446.0,599.0,594.0,605.0
5949.0,1396.0,1384.0,1381.0,603.0,599.0,586.0
6002.0,1425.0,1355.0,1434.0,602.0,592.0,594.0
5888.0,1352.0,1401.0,1363.0,590.0,590.0,592.0
5848.0,1367.0,1355.0,1355.0,590.0,584.0,597.0
5765.0,1361.0,1355.0,1326.0,570.0,577.0,576.0
5781.0,1365.0,1369.0,1301.0,583.0,582.0,581.0
5770.0,1372.0,1356.0,1319.0,582.0,574.0,567.0
5733.0,1349.0,1320.0,1343.0,579.0,570.0,572.0
5796.0,1324.0,1331.0,1372.0,589.0,591.0,589.0
5810.0,1363.0,1340.0,1354.0,584.0,589.0,580.0
5961.0,1364.0,1381.0,1435.0,602.0,584.0,595.0
6027.0,1416.0,1366.0,1425.0,610.0,604.0,606.0
6065.0,1453.0,1382.0,1426.0,592.0,603.0,609.0
6039.0,1404.0,1421.0,1400.0,599.0,613.0,602.0
6009.0,1400.0,1414.0,1388.0,594.0,597.0,616.0
5940.0,1409.0,1400.0,1364.0,574.0,597.0,596.0
5901.0,1360.0,1402.0,1357.0,584.0,604.0,594.0
5856.0,1384.0,1370.0,1340.0,583.0,587.0,592.0
5768.0,1370.0,1345.0,1308.0,590.0,571.0,584.0
5744.0,1336.0,1345.0,1353.0,575.0,561.0,574.0
5762.0,1347.0,1329.0,1352.0,588.0,573.0,573.0
5782.0,1320.0,1338.0,1364.0,585.0,593.0,582.0
5851.0,1379.0,1342.0,1382.0,603.0,578.0,567.0
5925.0,1379.0,1371.0,1396.0,594.0,595.0,590.0
5988.0,1406.0,1404.0,1390.0,595.0,591.0,602.0
6078.0,1427.0,1412.0,1435.0,591.0,615.0,598.0
6055.0,1423.0,1393.0,1417.0,605.0,602.0,615.0
6040.0,1402.0,1398.0,1403.0,607.0,619.0,611.0
5977.0,1388.0,1380.0,1385.0,602.0,615.0,607.0
5876.0,1373.0,1345.0,1356.0,583.0,610.0,609.0
5876.0,1376.0,1358.0,1375.0,592.0,589.0,586.0
5815.0,1386.0,1335.0,1380.0,567.0,568.0,579.0
5809.0,1328.0,1339.0,1393.0,581.0,584.0,584.0
5820.0,1326.0,1381.0,1360.0,586.0,589.0,578.0
5835.0,1340.0,1379.0,1392.0,574.0,568.0,582.0
5830.0,1359.0,1331.0,1369.0,593.0,582.0,596.0
5875.0,1376.0,1351.0,1383.0,601.0,576.0,588.0
5983.0,1417.0,1379.0,1390.0,599.0,595.0,603.0
6031.0,1426.0,1389.0,1418.0,614.0,585.0,599.0
6075.0,1395.0,1414.0,1426.0,612.0,611.0,617.0
6066.0,1423.0,1421.0,1396.0,616.0,609.0,601.0
6043.0,1399.0,1433.0,1399.0,609.0,600.0,603.0
6004.0,1370.0,1385.0,1432.0,595.0,607.0,615.0
5943.0,1413.0,1389.0,1373.0,579.0,606.0,583.0
5859.0,1393.0,1371.0,1352.0,570.0,584.0,589.0
5789.0,1357.0,1323.0,1374.0,576.0,588.0,571.0
5815.0,1371.0,1342.0,1368.0,577.0,575.0,582.0
5856.0,1353.0,1364.0,1380.0,581.0,584.0,594.0
5864.0,1373.0,1353.0,1384.0,581.0,580.0,593.0
5972.0,1381.0,1399.0,1383.0,604.0,594.0,611.0
6038.0,1412.0,1419.0,1401.0,599.0,593.0,614.0
6187.0,1426.0,1490.0,1417.0,615.0,616.0,623.0
6138.0,1422.0,1459.0,1403.0,625.0,609.0,620.0
6015.0,1370.0,1422.0,1391.0,623.0,594.0,615.0
6028.0,1419.0,1375.0,1397.0,616.0,610.0,611.0
6011.0,1375.0,1396.0,1442.0,603.0,593.0,602.0
5962.0,1401.0,1360.0,1435.0,582.0,598.0,586.0
5920.0,1367.0,1393.0,1399.0,583.0,584.0,594.0
5925.0,1376.0,1396.0,1408.0,568.0,600.0,577.0
5859.0,1339.0,1403.0,1363.0,578.0,602.0,574.0
5843.0,1351.0,1393.0,1359.0,573.0,590.0,577.0
5869.0,1337.0,1372.0,1384.0,588.0,606.0,582.0
5982.0,1387.0,1422.0,1375.0,593.0,601.0,604.0
6065.0,1444.0,1410.0,1386.0,611.0,602.0,612.0
6143.0,1448.0,1436.0,1399.0,626.0,623.0,611.0
6131.0,1443.0,1412.0,1420.0,628.0,613.0,615.0
6080.0,1405.0,1392.0,1426.0,624.0,614.0,619.0
6023.0,1367.0,1391.0,1450.0,603.0,612.0,600.0
6002.0,1385.0,1401.0,1393.0,611.0,601.0,611.0
5990.0,1391.0,1427.0,1388.0,583.0,596.0,605.0
5889.0,1424.0,1369.0,1341.0,582.0,578.0,595.0
5906.0,1392.0,1376.0,1371.0,583.0,585.0,599.0
5835.0,1373.0,1353.0,1360.0,569.0,576.0,604.0
5865.0,1345.0,1381.0,1367.0,576.0,598.0,598.0
5890.0,1361.0,1372.0,1370.0,592.0,594.0,601.0
6005.0,1417.0,1375.0,1400.0,604.0,608.0,601.0
6088.0,1431.0,1424.0,1406.0,606.0,615.0,606.0
6160.0,1442.0,1464.0,1410.0,620.0,619.0,605.0
6225.0,1479.0,1464.0,1438.0,625.0,617.0,602.0
6173.0,1405.0,1456.0,1458.0,613.0,628.0,613.0
6138.0,1408.0,1410.0,1465.0,629.0,628.0,598.0
6056.0,1400.0,1426.0,1391.0,623.0,613.0,603.0
5991.0,1396.0,1387.0,1395.0,606.0,604.0,603.0
5921.0,1374.0,1381.0,1396.0,590.0,585.0,595.0
5916.0,1408.0,1355.0,1381.0,577.0,596.0,599.0
5793.0,1341.0,1358.0,1359.0,577.0,575.0,583.0
5870.0,1345.0,1413.0,1357.0,589.0,569.0,597.0
5963.0,1384.0,1391.0,1389.0,593.0,594.0,612.0
5995.0,1386.0,1410.0,1391.0,598.0,588.0,622.0
6114.0,1439.0,1439.0,1414.0,605.0,608.0,609.0
6145.0,1453.0,1396.0,1453.0,608.0,617.0,618.0
6246.0,1448.0,1432.0,1486.0,625.0,626.0,629.0
6242.0,1427.0,1447.0,1487.0,632.0,632.0,617.0
6129.0,1392.0,1401.0,1478.0,627.0,613.0,618.0
6079.0,1403.0,1389.0,1438.0,629.0,610.0,610.0
6046.0,1437.0,1406.0,1370.0,610.0,621.0,602.0
6037.0,1429.0,1428.0,1384.0,596.0,607.0,593.0
5928.0,1385.0,1391.0,1379.0,589.0,600.0,584.0
5849.0,1394.0,1358.0,1336.0,591.0,590.0,580.0
5882.0,1355.0,1402.0,1354.0,592.0,597.0,582.0
5946.0,1363.0,1386.0,1417.0,607.0,584.0,589.0
6020.0,1380.0,1401.0,1409.0,614.0,599.0,617.0
6186.0,1429.0,1468.0,1455.0,618.0,606.0,610.0
6231.0,1470.0,1435.0,1479.0,612.0,617.0,618.0
6225.0,1451.0,1428.0,1467.0,621.0,622.0,636.0
6308.0,1469.0,1482.0,1490.0,629.0,611.0,627.0
6235.0,1441.0,1486.0,1444.0,622.0,612.0,630.0
6126.0,1414.0,1441.0,1418.0,619.0,615.0,619.0
6052.0,1416.0,1421.0,1381.0,619.0,599.0,616.0
6012.0,1412.0,1393.0,1380.0,626.0,590.0,611.0
5959.0,1417.0,1380.0,1366.0,590.0,601.0,605.0
5981.0,1373.0,1401.0,1368.0,612.0,608.0,619.0
5923.0,1375.0,1356.0,1392.0,592.0,606.0,602.0
5989.0,1374.0,1405.0,1399.0,606.0,607.0,598.0
6196.0,1450.0,1450.0,1454.0,603.0,629.0,610.0
6201.0,1446.0,1476.0,1447.0,591.0,620.0,621.0
6188.0,1455.0,1432.0,1439.0,607.0,633.0,622.0
6262.0,1434.0,1459.0,1488.0,624.0,627.0,630.0
6243.0,1461.0,1439.0,1475.0,633.0,629.0,606.0
6092.0,1418.0,1411.0,1418.0,627.0,605.0,613.0
6109.0,1421.0,1439.0,1395.0,626.0,612.0,616.0
6071.0,1418.0,1423.0,1426.0,615.0,588.0,601.0
6007.0,1414.0,1427.0,1384.0,598.0,592.0,592.0
5951.0,1368.0,1426.0,1366.0,607.0,581.0,603.0
5941.0,1373.0,1414.0,1363.0,598.0,590.0,603.0
5971.0,1363.0,1393.0,1406.0,609.0,596.0,604.0
6081.0,1438.0,1387.0,1422.0,605.0,619.0,610.0
6189.0,1452.0,1421.0,1458.0,615.0,618.0,625.0
6205.0,1469.0,1429.0,1460.0,600.0,627.0,620.0
6291.0,1520.0,1424.0,1464.0,617.0,641.0,625.0
6261.0,1491.0,1455.0,1441.0,622.0,624.0,628.0
6184.0,1427.0,1457.0,1424.0,616.0,624.0,636.0
6205.0,1414.0,1476.0,1449.0,624.0,623.0,619.0
6190.0,1434.0,1496.0,1414.0,620.0,609.0,617.0
6148.0,1434.0,1443.0,1438.0,616.0,605.0,612.0
6057.0,1430.0,1422.0,1399.0,602.0,600.0,604.0
5963.0,1396.0,1400.0,1371.0,610.0,597.0,589.0
6033.0,1427.0,1413.0,1387.0,616.0,597.0,593.0
5974.0,1382.0,1381.0,1431.0,598.0,585.0,597.0
6065.0,1423.0,1389.0,1417.0,620.0,604.0,612.0
6158.0,1460.0,1428.0,1447.0,612.0,607.0,604.0
6214.0,1457.0,1447.0,1456.0,610.0,616.0,628.0
6388.0,1492.0,1498.0,1483.0,637.0,656.0,622.0
6339.0,1502.0,1485.0,1450.0,623.0,627.0,652.0
6273.0,1486.0,1449.0,1452.0,626.0,635.0,625.0
6238.0,1454.0,1460.0,1414.0,636.0,644.0,630.0
6162.0,1447.0,1402.0,1433.0,631.0,623.0,626.0
6143.0,1442.0,1399.0,1436.0,614.0,634.0,618.0
6143.0,1456.0,1415.0,1415.0,617.0,620.0,620.0
6052.0,1427.0,1376.0,1412.0,615.0,610.0,612.0
6047.0,1399.0,1427.0,1411.0,604.0,605.0,601.0
6056.0,1383.0,1407.0,1437.0,604.0,607.0,618.0
6028.0,1384.0,1400.0,1426.0,618.0,591.0,609.0
6169.0,1439.0,1456.0,1426.0,619.0,607.0,622.0
6261.0,1503.0,1460.0,1413.0,631.0,618.0,636.0
6230.0,1477.0,1446.0,1441.0,621.0,637.0,608.0
6273.0,1471.0,1466.0,1434.0,631.0,630.0,641.0
6241.0,1461.0,1443.0,1471.0,606.0,629.0,631.0
6212.0,1445.0,1479.0,1431.0,622.0,624.0,611.0
6234.0,1432.0,1497.0,1438.0,614.0,627.0,626.0
6166.0,1454.0,1432.0,1443.0,613.0,617.0,607.0
6098.0,1444.0,1417.0,1420.0,599.0,611.0,607.0
6094.0,1442.0,1405.0,1431.0,612.0,609.0,595.0
6098.0,1417.0,1429.0,1429.0,601.0,612.0,610.0
6073.0,1406.0,1388.0,1429.0,628.0,614.0,608.0
6074.0,1378.0,1411.0,1425.0,625.0,615.0,620.0
6154.0,1448.0,1423.0,1417.0,618.0,616.0,632.0
6227.0,1467.0,1450.0,1406.0,631.0,640.0,633.0
6332.0,1511.0,1473.0,1440.0,637.0,627.0,644.0
6401.0,1491.0,1514.0,1475.0,647.0,632.0,642.0
6276.0,1453.0,1487.0,1434.0,639.0,636.0,627.0
6287.0,1445.0,1516.0,1461.0,621.0,606.0,638.0
6191.0,1428.0,1442.0,1460.0,617.0,615.0,629.0
6187.0,1441.0,1456.0,1457.0,615.0,613.0,605.0
6138.0,1450.0,1425.0,1442.0,609.0,613.0,599.0
6073.0,1448.0,1384.0,1437.0,597.0,602.0,605.0
6078.0,1419.0,1431.0,1401.0,615.0,612.0,600.0
6146.0,1422.0,1448.0,1451.0,610.0,620.0,595.0
6181.0,1437.0,1447.0,1448.0,620.0,613.0,616.0
6241.0,1446.0,1464.0,1455.0,625.0,626.0,625.0
6373.0,1508.0,1491.0,1454.0,632.0,647.0,641.0
6333.0,1473.0,1478.0,1471.0,641.0,635.0,635.0
6338.0,1494.0,1486.0,1446.0,635.0,638.0,639.0
6312.0,1464.0,1477.0,1471.0,631.0,631.0,638.0
6252.0,1424.0,1487.0,1455.0,633.0,632.0,621.0
6300.0,1487.0,1454.0,1482.0,626.0,616.0,635.0
6196.0,1422.0,1441.0,1452.0,621.0,621.0,639.0
6214.0,1464.0,1474.0,1439.0,607.0,607.0,623.0
6153.0,1467.0,1428.0,1448.0,595.0,597.0,618.0
6122.0,1418.0,1459.0,1420.0,604.0,599.0,622.0
6110.0,1410.0,1424.0,1429.0,614.0,606.0,627.0
6058.0,1391.0,1414.0,1417.0,620.0,604.0,612.0
6262.0,1454.0,1453.0,1467.0,631.0,623.0,634.0
6357.0,1516.0,1473.0,1454.0,642.0,638.0,634.0
6393.0,1496.0,1511.0,1473.0,643.0,643.0,627.0
6363.0,1480.0,1482.0,1482.0,647.0,643.0,629.0
6413.0,1442.0,1550.0,1518.0,631.0,641.0,631.0
6417.0,1490.0,1498.0,1513.0,647.0,645.0,624.0
6341.0,1471.0,1479.0,1514.0,620.0,640.0,617.0
6219.0,1459.0,1456.0,1445.0,626.0,622.0,611.0
6206.0,1474.0,1434.0,1441.0,630.0,618.0,609.0
6083.0,1431.0,1404.0,1413.0,613.0,617.0,605.0
6066.0,1417.0,1407.0,1430.0,600.0,601.0,611.0
6151.0,1455.0,1420.0,1427.0,615.0,607.0,627.0
6179.0,1417.0,1480.0,1417.0,617.0,619.0,629.0
6256.0,1472.0,1455.0,1459.0,625.0,611.0,634.0
6383.0,1503.0,1483.0,1474.0,649.0,628.0,646.0
6422.0,1510.0,1499.0,1471.0,660.0,642.0,640.0
6456.0,1504.0,1497.0,1518.0,652.0,637.0,648.0
6385.0,1462.0,1463.0,1494.0,659.0,654.0,653.0
6373.0,1472.0,1460.0,1530.0,638.0,641.0,632.0
6308.0,1461.0,1448.0,1501.0,633.0,640.0,625.0
6249.0,1455.0,1465.0,1462.0,632.0,625.0,610.0
6203.0,1450.0,1460.0,1439.0,609.0,630.0,615.0
6171.0,1431.0,1470.0,1441.0,603.0,614.0,612.0
6091.0,1414.0,1439.0,1424.0,599.0,614.0,601.0
6113.0,1430.0,1431.0,1407.0,608.0,621.0,616.0
6204.0,1440.0,1469.0,1439.0,607.0,637.0,612.0
6285.0,1500.0,1449.0,1474.0,638.0,618.0,606.0
6342.0,1514.0,1448.0,1490.0,623.0,628.0,639.0
6424.0,1506.0,1471.0,1520.0,642.0,635.0,650.0
6436.0,1500.0,1497.0,1519.0,662.0,626.0,632.0
6444.0,1492.0,1475.0,1533.0,647.0,646.0,651.0
6447.0,1474.0,1504.0,1525.0,664.0,642.0,638.0
6364.0,1475.0,1521.0,1471.0,637.0,616.0,644.0
6333.0,1507.0,1467.0,1465.0,633.0,631.0,630.0
6194.0,1462.0,1463.0,1415.0,620.0,609.0,625.0
6223.0,1458.0,1459.0,1439.0,624.0,627.0,616.0
6128.0,1417.0,1432.0,1414.0,612.0,633.0,620.0
6149.0,1405.0,1432.0,1449.0,612.0,619.0,632.0
6257.0,1448.0,1456.0,1456.0,626.0,633.0,638.0
6373.0,1471.0,1521.0,1472.0,635.0,634.0,640.0
6423.0,1508.0,1509.0,1514.0,625.0,626.0,641.0
6507.0,1544.0,1532.0,1517.0,644.0,633.0,637.0
6559.0,1507.0,1543.0,1544.0,667.0,648.0,650.0
6409.0,1487.0,1508.0,1488.0,655.0,636.0,635.0
6429.0,1499.0,1507.0,1485.0,657.0,640.0,641.0
6294.0,1473.0,1436.0,1465.0,647.0,638.0,635.0
6305.0,1483.0,1464.0,1463.0,646.0,618.0,631.0
6191.0,1473.0,1457.0,1402.0,618.0,617.0,624.0
6249.0,1494.0,1452.0,1430.0,621.0,629.0,623.0
6179.0,1410.0,1445.0,1465.0,618.0,613.0,628.0
6231.0,1423.0,1469.0,1459.0,628.0,623.0,629.0
6312.0,1461.0,1503.0,1475.0,609.0,635.0,629.0
6400.0,1505.0,1500.0,1504.0,620.0,641.0,630.0
6470.0,1496.0,1501.0,1514.0,644.0,669.0,646.0
6559.0,1552.0,1496.0,1534.0,651.0,656.0,670.0
6469.0,1516.0,1482.0,1499.0,651.0,668.0,653.0
6446.0,1494.0,1493.0,1501.0,656.0,645.0,657.0
6431.0,1478.0,1501.0,1496.0,666.0,644.0,646.0
6426.0,1494.0,1515.0,1474.0,646.0,642.0,655.0
6360.0,1494.0,1516.0,1436.0,634.0,639.0,641.0
6281.0,1464.0,1436.0,1485.0,645.0,620.0,631.0
6260.0,1472.0,1446.0,1470.0,629.0,621.0,622.0
6198.0,1444.0,1451.0,1458.0,626.0,617.0,602.0
6244.0,1423.0,1479.0,1489.0,621.0,620.0,612.0
6269.0,1489.0,1430.0,1481.0,621.0,619.0,629.0
6381.0,1476.0,1473.0,1533.0,629.0,642.0,628.0
6486.0,1522.0,1527.0,1501.0,632.0,659.0,645.0
6512.0,1517.0,1542.0,1506.0,651.0,648.0,648.0
6488.0,1524.0,1507.0,1487.0,653.0,659.0,658.0
6486.0,1513.0,1503.0,1521.0,649.0,642.0,658.0
6469.0,1501.0,1510.0,1506.0,641.0,650.0,661.0
6402.0,1474.0,1467.0,1498.0,655.0,658.0,650.0
6334.0,1487.0,1464.0,1465.0,634.0,638.0,646.0
6322.0,1495.0,1472.0,1449.0,643.0,628.0,635.0
6355.0,1497.0,1444.0,1503.0,638.0,637.0,636.0
6292.0,1469.0,1460.0,1475.0,642.0,624.0,622.0
6251.0,1467.0,1450.0,1472.0,613.0,622.0,627.0
6357.0,1476.0,1482.0,1505.0,622.0,635.0,637.0
6418.0,1483.0,1523.0,1499.0,638.0,638.0,637.0
6475.0,1518.0,1527.0,1499.0,638.0,629.0,664.0
6540.0,1558.0,1539.0,1491.0,653.0,651.0,648.0
6535.0,1525.0,1528.0,1544.0,646.0,631.0,661.0
6507.0,1495.0,1532.0,1527.0,651.0,660.0,642.0
6435.0,1500.0,1475.0,1525.0,643.0,637.0,655.0
6409.0,1466.0,1525.0,1487.0,646.0,654.0,631.0
6332.0,1486.0,1455.0,1498.0,620.0,644.0,629.0
6366.0,1469.0,1499.0,1488.0,640.0,641.0,629.0
6375.0,1474.0,1526.0,1464.0,642.0,645.0,624.0
6386.0,1485.0,1468.0,1504.0,648.0,642.0,639.0
6364.0,1496.0,1477.0,1505.0,630.0,632.0,624.0
6355.0,1483.0,1471.0,1492.0,638.0,635.0,636.0
6375.0,1483.0,1462.0,1500.0,645.0,646.0,639.0
6485.0,1544.0,1499.0,1482.0,645.0,666.0,649.0
6530.0,1556.0,1534.0,1483.0,639.0,647.0,671.0
6582.0,1529.0,1545.0,1538.0,661.0,654.0,655.0
6607.0,1541.0,1563.0,1542.0,637.0,656.0,668.0
6506.0,1500.0,1540.0,1519.0,637.0,654.0,656.0
6400.0,1495.0,1495.0,1510.0,641.0,626.0,633.0
6476.0,1506.0,1521.0,1523.0,638.0,645.0,643.0
6364.0,1514.0,1470.0,1493.0,644.0,623.0,620.0
6280.0,1479.0,1433.0,1474.0,636.0,633.0,625.0
6257.0,1472.0,1439.0,1455.0,642.0,619.0,630.0
6290.0,1432.0,1460.0,1497.0,644.0,628.0,629.0
6381.0,1482.0,1491.0,1474.0,639.0,650.0,645.0
6440.0,1500.0,1525.0,1484.0,658.0,642.0,631.0
6518.0,1529.0,1528.0,1500.0,660.0,664.0,637.0
6469.0,1509.0,1515.0,1483.0,644.0,665.0,653.0
6525.0,1520.0,1530.0,1486.0,662.0,671.0,656.0
6600.0,1499.0,1560.0,1551.0,650.0,673.0,667.0
6581.0,1528.0,1519.0,1549.0,657.0,656.0,672.0
6552.0,1495.0,1524.0,1558.0,662.0,655.0,658.0
6459.0,1514.0,1473.0,1553.0,655.0,620.0,644.0
6451.0,1517.0,1494.0,1517.0,638.0,625.0,660.0
6372.0,1483.0,1492.0,1476.0,642.0,633.0,646.0
6369.0,1452.0,1535.0,1477.0,628.0,631.0,646.0
6404.0,1491.0,1528.0,1486.0,650.0,633.0,616.0
6387.0,1486.0,1466.0,1506.0,646.0,636.0,647.0
6444.0,1490.0,1493.0,1508.0,653.0,655.0,645.0
6579.0,1555.0,1536.0,1524.0,649.0,659.0,656.0
6571.0,1549.0,1507.0,1536.0,646.0,668.0,665.0
6603.0,1560.0,1498.0,1554.0,667.0,672.0,652.0
6641.0,1549.0,1547.0,1571.0,656.0,672.0,646.0
6622.0,1509.0,1568.0,1559.0,665.0,671.0,650.0
6561.0,1524.0,1542.0,1551.0,648.0,648.0,648.0
6443.0,1462.0,1516.0,1526.0,638.0,657.0,644.0
6458.0,1519.0,1517.0,1508.0,633.0,642.0,639.0
6355.0,1462.0,1481.0,1492.0,654.0,622.0,644.0
6342.0,1523.0,1452.0,1465.0,634.0,629.0,639.0
6341.0,1478.0,1463.0,1461.0,650.0,639.0,650.0
6397.0,1474.0,1483.0,1489.0,653.0,649.0,649.0
6573.0,1539.0,1536.0,1526.0,656.0,644.0,672.0
6604.0,1536.0,1555.0,1533.0,665.0,640.0,675.0
6686.0,1566.0,1535.0,1581.0,660.0,665.0,679.0
6744.0,1554.0,1578.0,1583.0,688.0,672.0,669.0
6680.0,1543.0,1535.0,1601.0,667.0,666.0,668.0
6610.0,1518.0,1530.0,1580.0,650.0,661.0,671.0
6570.0,1528.0,1537.0,1531.0,653.0,658.0,663.0
6427.0,1511.0,1468.0,1492.0,645.0,660.0,651.0
6442.0,1521.0,1477.0,1505.0,638.0,655.0,646.0
6397.0,1512.0,1481.0,1500.0,637.0,641.0,626.0
6323.0,1474.0,1479.0,1453.0,644.0,637.0,636.0
6386.0,1492.0,1533.0,1445.0,645.0,651.0,620.0
6478.0,1503.0,1513.0,1516.0,658.0,654.0,634.0
6527.0,1521.0,1532.0,1498.0,660.0,657.0,659.0
6616.0,1549.0,1533.0,1574.0,653.0,653.0,654.0
6701.0,1570.0,1554.0,1575.0,671.0,673.0,658.0
6693.0,1557.0,1550.0,1573.0,665.0,665.0,683.0
6671.0,1541.0,1570.0,1560.0,665.0,663.0,672.0
6624.0,1532.0,1533.0,1570.0,665.0,653.0,671.0
6582.0,1525.0,1542.0,1529.0,657.0,660.0,669.0
6594.0,1530.0,1553.0,1554.0,647.0,645.0,665.0
6537.0,1549.0,1532.0,1515.0,635.0,638.0,668.0
6427.0,1522.0,1511.0,1463.0,635.0,656.0,640.0
6372.0,1506.0,1493.0,1459.0,643.0,626.0,645.0
6382.0,1494.0,1472.0,1482.0,640.0,650.0,644.0
6486.0,1490.0,1502.0,1537.0,646.0,660.0,651.0
6564.0,1510.0,1513.0,1556.0,664.0,670.0,651.0
6709.0,1560.0,1555.0,1570.0,675.0,682.0,667.0
6773.0,1598.0,1557.0,1590.0,685.0,675.0,668.0
6747.0,1593.0,1567.0,1574.0,670.0,678.0,665.0
6701.0,1529.0,1578.0,1573.0,680.0,673.0,668.0
6668.0,1508.0,1583.0,1577.0,672.0,667.0,661.0
6661.0,1564.0,1560.0,1556.0,655.0,666.0,660.0
6495.0,1563.0,1499.0,1482.0,656.0,645.0,650.0
6414.0,1519.0,1504.0,1471.0,643.0,639.0,638.0
6404.0,1515.0,1498.0,1472.0,642.0,636.0,641.0
6365.0,1499.0,1466.0,1494.0,627.0,640.0,639.0
6464.0,1509.0,1505.0,1513.0,645.0,639.0,653.0
6552.0,1496.0,1551.0,1559.0,655.0,646.0,645.0
6710.0,1550.0,1572.0,1586.0,676.0,665.0,661.0
6706.0,1572.0,1543.0,1581.0,671.0,667.0,672.0
6773.0,1588.0,1560.0,1592.0,679.0,676.0,678.0
6768.0,1594.0,1539.0,1592.0,686.0,678.0,679.0
6684.0,1563.0,1530.0,1544.0,673.0,693.0,681.0
6658.0,1526.0,1542.0,1561.0,680.0,671.0,678.0
6648.0,1557.0,1558.0,1534.0,666.0,665.0,668.0
6559.0,1534.0,1526.0,1546.0,652.0,661.0,640.0
6553.0,1551.0,1529.0,1535.0,649.0,646.0,643.0
6427.0,1527.0,1499.0,1489.0,636.0,654.0,622.0
6420.0,1487.0,1513.0,1520.0,629.0,638.0,633.0
6414.0,1504.0,1475.0,1521.0,637.0,643.0,634.0
6495.0,1503.0,1515.0,1547.0,651.0,637.0,642.0
6634.0,1549.0,1563.0,1560.0,652.0,652.0,658.0
6677.0,1567.0,1543.0,1572.0,664.0,663.0,668.0
6754.0,1609.0,1560.0,1557.0,682.0,673.0,673.0
6814.0,1578.0,1613.0,1591.0,680.0,677.0,675.0
6778.0,1559.0,1581.0,1580.0,691.0,693.0,674.0
6767.0,1539.0,1609.0,1585.0,686.0,684.0,664.0
6658.0,1533.0,1568.0,1542.0,667.0,683.0,665.0
6628.0,1543.0,1533.0,1541.0,675.0,666.0,670.0
6563.0,1547.0,1535.0,1497.0,651.0,670.0,663.0
6509.0,1539.0,1485.0,1543.0,641.0,644.0,657.0
6519.0,1510.0,1505.0,1544.0,650.0,648.0,662.0
6465.0,1494.0,1500.0,1505.0,656.0,654.0,656.0
6519.0,1490.0,1523.0,1556.0,651.0,652.0,647.0
6742.0,1568.0,1596.0,1577.0,677.0,659.0,665.0
6712.0,1572.0,1581.0,1558.0,662.0,671.0,668.0
6787.0,1606.0,1587.0,1560.0,681.0,673.0,680.0
6788.0,1573.0,1625.0,1564.0,671.0,675.0,680.0
6780.0,1599.0,1585.0,1567.0,675.0,678.0,676.0
6725.0,1570.0,1594.0,1533.0,683.0,673.0,672.0
6670.0,1534.0,1564.0,1582.0,669.0,664.0,657.0
6636.0,1556.0,1550.0,1572.0,658.0,658.0,642.0
6625.0,1570.0,1518.0,1556.0,669.0,651.0,661.0
6589.0,1534.0,1564.0,1528.0,662.0,654.0,647.0
6566.0,1487.0,1529.0,1571.0,655.0,661.0,663.0
6607.0,1519.0,1556.0,1547.0,650.0,669.0,666.0
6639.0,1557.0,1543.0,1555.0,675.0,651.0,658.0
6693.0,1530.0,1572.0,1580.0,658.0,685.0,668.0
6782.0,1604.0,1571.0,1564.0,653.0,685.0,705.0
6780.0,1599.0,1550.0,1583.0,677.0,690.0,681.0
6829.0,1595.0,1601.0,1581.0,690.0,684.0,678.0
6812.0,1584.0,1589.0,1596.0,685.0,669.0,689.0
6743.0,1563.0,1606.0,1557.0,672.0,659.0,686.0
6771.0,1575.0,1591.0,1563.0,676.0,679.0,687.0
6686.0,1539.0,1561.0,1590.0,678.0,646.0,672.0
6633.0,1550.0,1534.0,1587.0,665.0,648.0,649.0
6559.0,1523.0,1529.0,1533.0,672.0,664.0,638.0
6531.0,1513.0,1525.0,1548.0,654.0,648.0,643.0
6640.0,1570.0,1535.0,1553.0,667.0,662.0,653.0
6539.0,1515.0,1517.0,1525.0,666.0,658.0,658.0
6676.0,1568.0,1566.0,1533.0,671.0,678.0,660.0
6815.0,1598.0,1608.0,1565.0,669.0,691.0,684.0
6804.0,1571.0,1655.0,1551.0,673.0,678.0,676.0
6784.0,1581.0,1606.0,1557.0,678.0,687.0,675.0
6807.0,1552.0,1599.0,1597.0,680.0,691.0,688.0
6825.0,1568.0,1608.0,1618.0,657.0,697.0,677.0
6685.0,1538.0,1544.0,1570.0,677.0,672.0,684.0
6657.0,1550.0,1533.0,1572.0,664.0,668.0,670.0
6600.0,1533.0,1560.0,1502.0,682.0,660.0,663.0
6587.0,1554.0,1546.0,1517.0,664.0,656.0,650.0
6590.0,1539.0,1559.0,1526.0,656.0,646.0,664.0
6647.0,1549.0,1558.0,1544.0,680.0,641.0,675.0
6564.0,1533.0,1545.0,1501.0,674.0,654.0,657.0
6723.0,1578.0,1570.0,1559.0,677.0,657.0,682.0
6820.0,1620.0,1577.0,1584.0,685.0,674.0,680.0
6865.0,1649.0,1547.0,1609.0,682.0,682.0,696.0
6802.0,1588.0,1585.0,1583.0,676.0,686.0,684.0
6814.0,1576.0,1589.0,1613.0,670.0,690.0,676.0
6833.0,1556.0,1601.0,1627.0,681.0,692.0,676.0
6749.0,1546.0,1586.0,1600.0,664.0,689.0,664.0
6759.0,1584.0,1593.0,1576.0,669.0,677.0,660.0
6694.0,1579.0,1556.0,1555.0,668.0,677.0,659.0
6624.0,1526.0,1572.0,1536.0,665.0,665.0,660.0
6553.0,1515.0,1575.0,1517.0,645.0,653.0,648.0
6528.0,1533.0,1513.0,1496.0,664.0,650.0,672.0
6640.0,1536.0,1563.0,1525.0,666.0,674.0,676.0
6726.0,1578.0,1577.0,1566.0,677.0,649.0,679.0
6825.0,1603.0,1607.0,1575.0,681.0,671.0,688.0
6873.0,1638.0,1609.0,1569.0,687.0,675.0,695.0
6973.0,1635.0,1630.0,1641.0,676.0,683.0,708.0
6884.0,1566.0,1634.0,1614.0,688.0,688.0,694.0
6921.0,1608.0,1613.0,1646.0,682.0,683.0,689.0
6826.0,1565.0,1605.0,1610.0,681.0,679.0,686.0
6738.0,1557.0,1596.0,1565.0,674.0,683.0,663.0
6653.0,1582.0,1525.0,1527.0,681.0,679.0,659.0
6554.0,1540.0,1510.0,1511.0,654.0,672.0,667.0
6596.0,1519.0,1526.0,1549.0,671.0,670.0,661.0
6650.0,1527.0,1586.0,1540.0,674.0,666.0,657.0
6725.0,1572.0,1588.0,1547.0,672.0,674.0,672.0
6805.0,1546.0,1597.0,1620.0,683.0,680.0,679.0
6825.0,1593.0,1579.0,1590.0,693.0,689.0,681.0
6854.0,1595.0,1600.0,1592.0,694.0,688.0,685.0
6916.0,1600.0,1597.0,1652.0,688.0,671.0,708.0
6923.0,1599.0,1626.0,1625.0,687.0,686.0,700.0
6850.0,1566.0,1595.0,1637.0,681.0,678.0,693.0
6827.0,1589.0,1608.0,1587.0,678.0,686.0,679.0
6801.0,1587.0,1577.0,1607.0,681.0,672.0,677.0
6734.0,1591.0,1590.0,1539.0,654.0,676.0,684.0
6670.0,1597.0,1564.0,1538.0,666.0,637.0,668.0
6674.0,1529.0,1574.0,1552.0,676.0,678.0,665.0
6692.0,1530.0,1571.0,1567.0,683.0,673.0,668.0
6687.0,1543.0,1531.0,1582.0,673.0,685.0,673.0
6817.0,1580.0,1594.0,1579.0,681.0,697.0,686.0
6954.0,1622.0,1619.0,1629.0,697.0,695.0,692.0
6983.0,1644.0,1641.0,1617.0,706.0,689.0,686.0
6976.0,1616.0,1631.0,1646.0,693.0,702.0,688.0
6975.0,1630.0,1652.0,1609.0,704.0,687.0,693.0
6863.0,1586.0,1632.0,1603.0,676.0,684.0,682.0
6785.0,1585.0,1601.0,1566.0,668.0,684.0,681.0
6698.0,1574.0,1566.0,1545.0,661.0,669.0,683.0
6732.0,1597.0,1543.0,1573.0,669.0,663.0,687.0
6657.0,1583.0,1544.0,1530.0,659.0,657.0,684.0
6632.0,1551.0,1540.0,1556.0,659.0,662.0,664.0
6627.0,1506.0,1576.0,1540.0,665.0,662.0,678.0
6742.0,1557.0,1571.0,1595.0,665.0,676.0,678.0
6880.0,1605.0,1625.0,1626.0,673.0,670.0,681.0
6932.0,1617.0,1598.0,1620.0,691.0,703.0,703.0
7008.0,1637.0,1626.0,1627.0,704.0,703.0,711.0
7009.0,1642.0,1624.0,1644.0,692.0,698.0,709.0
6938.0,1581.0,1630.0,1619.0,688.0,716.0,704.0
6948.0,1612.0,1630.0,1614.0,697.0,695.0,700.0
6780.0,1560.0,1565.0,1569.0,693.0,698.0,695.0
6781.0,1596.0,1562.0,1589.0,670.0,679.0,685.0
6736.0,1602.0,1571.0,1558.0,660.0,677.0,668.0
6655.0,1566.0,1518.0,1563.0,668.0,683.0,657.0
6721.0,1565.0,1597.0,1571.0,655.0,667.0,666.0
6714.0,1560.0,1579.0,1577.0,664.0,662.0,672.0
6750.0,1556.0,1616.0,1594.0,666.0,657.0,661.0
6851.0,1592.0,1572.0,1626.0,692.0,677.0,692.0
6870.0,1642.0,1593.0,1593.0,696.0,673.0,673.0
6957.0,1649.0,1581.0,1635.0,720.0,683.0,689.0
6925.0,1647.0,1581.0,1601.0,697.0,698.0,701.0
7001.0,1629.0,1624.0,1625.0,704.0,717.0,702.0
6997.0,1596.0,1661.0,1626.0,706.0,707.0,701.0
6869.0,1584.0,1606.0,1605.0,690.0,693.0,691.0
6894.0,1586.0,1650.0,1582.0,693.0,697.0,686.0
6786.0,1575.0,1598.0,1577.0,666.0,680.0,690.0
6676.0,1546.0,1553.0,1572.0,657.0,675.0,673.0
6715.0,1552.0,1541.0,1580.0,669.0,686.0,687.0
6742.0,1542.0,1579.0,1581.0,678.0,684.0,678.0
6784.0,1575.0,1568.0,1590.0,680.0,690.0,681.0
6871.0,1600.0,1601.0,1620.0,680.0,691.0,679.0
6995.0,1643.0,1666.0,1608.0,689.0,697.0,692.0
7035.0,1673.0,1673.0,1590.0,705.0,697.0,697.0
7019.0,1627.0,1656.0,1653.0,693.0,695.0,695.0
7028.0,1625.0,1644.0,1640.0,723.0,692.0,704.0
6998.0,1604.0,1650.0,1640.0,719.0,695.0,690.0
6914.0,1593.0,1619.0,1621.0,703.0,678.0,700.0
6848.0,1589.0,1606.0,1597.0,677.0,690.0,689.0
6780.0,1605.0,1550.0,1592.0,672.0,680.0,681.0
6818.0,1594.0,1591.0,1587.0,678.0,681.0,687.0
6795.0,1569.0,1608.0,1598.0,670.0,678.0,672.0
6828.0,1574.0,1606.0,1600.0,682.0,689.0,677.0
6866.0,1585.0,1619.0,1606.0,677.0,687.0,692.0
6899.0,1626.0,1588.0,1615.0,681.0,698.0,691.0
6984.0,1643.0,1619.0,1595.0,708.0,708.0,711.0
7009.0,1662.0,1579.0,1631.0,720.0,695.0,722.0
7065.0,1672.0,1644.0,1629.0,715.0,705.0,700.0
7013.0,1625.0,1624.0,1646.0,710.0,701.0,707.0
6939.0,1623.0,1636.0,1586.0,700.0,697.0,697.0
7044.0,1631.0,1651.0,1647.0,717.0,696.0,702.0
6923.0,1628.0,1639.0,1605.0,684.0,691.0,676.0
6899.0,1625.0,1606.0,1617.0,687.0,676.0,688.0
6828.0,1602.0,1599.0,1572.0,693.0,686.0,676.0
6758.0,1571.0,1559.0,1606.0,671.0,678.0,673.0
6842.0,1589.0,1590.0,1623.0,674.0,678.0,688.0
6811.0,1577.0,1596.0,1597.0,684.0,674.0,683.0
6873.0,1610.0,1604.0,1615.0,672.0,687.0,685.0
6978.0,1644.0,1612.0,1599.0,699.0,715.0,709.0
7095.0,1676.0,1651.0,1642.0,696.0,714.0,716.0
7118.0,1686.0,1671.0,1660.0,696.0,714.0,691.0
7108.0,1663.0,1666.0,1656.0,704.0,713.0,706.0
7061.0,1644.0,1632.0,1647.0,722.0,705.0,711.0
6984.0,1633.0,1624.0,1629.0,700.0,702.0,696.0
6933.0,1621.0,1606.0,1629.0,686.0,689.0,702.0
6863.0,1599.0,1562.0,1620.0,696.0,695.0,691.0
6819.0,1592.0,1559.0,1614.0,685.0,670.0,699.0
6765.0,1587.0,1568.0,1562.0,687.0,671.0,690.0
6817.0,1606.0,1602.0,1572.0,684.0,674.0,679.0
6873.0,1602.0,1638.0,1594.0,671.0,678.0,690.0
6984.0,1629.0,1662.0,1610.0,694.0,697.0,692.0
7065.0,1666.0,1655.0,1664.0,691.0,687.0,702.0
7056.0,1644.0,1640.0,1659.0,700.0,710.0,703.0
7079.0,1651.0,1622.0,1681.0,703.0,715.0,707.0
7150.0,1655.0,1649.0,1713.0,718.0,723.0,692.0
7040.0,1649.0,1637.0,1652.0,702.0,706.0,694.0
6981.0,1615.0,1625.0,1649.0,702.0,700.0,690.0
7011.0,1637.0,1656.0,1626.0,695.0,704.0,693.0
6886.0,1586.0,1604.0,1628.0,693.0,701.0,674.0
6879.0,1614.0,1622.0,1582.0,688.0,689.0,684.0
6859.0,1613.0,1581.0,1605.0,692.0,684.0,684.0
6823.0,1580.0,1604.0,1575.0,683.0,695.0,686.0
6862.0,1585.0,1607.0,1586.0,696.0,689.0,699.0
6963.0,1678.0,1590.0,1610.0,688.0,693.0,704.0
7070.0,1662.0,1675.0,1654.0,680.0,694.0,705.0
7209.0,1702.0,1678.0,1691.0,709.0,702.0,727.0
7103.0,1657.0,1642.0,1670.0,700.0,712.0,722.0
7148.0,1631.0,1684.0,1701.0,712.0,702.0,718.0
7092.0,1608.0,1682.0,1675.0,715.0,705.0,707.0
7074.0,1648.0,1668.0,1656.0,705.0,696.0,701.0
6965.0,1603.0,1615.0,1647.0,710.0,687.0,703.0
6813.0,1591.0,1583.0,1573.0,690.0,692.0,684.0
6809.0,1598.0,1566.0,1585.0,700.0,682.0,678.0
6762.0,1584.0,1569.0,1545.0,677.0,700.0,687.0
6871.0,1587.0,1598.0,1610.0,692.0,694.0,690.0
6848.0,1579.0,1614.0,1581.0,701.0,697.0,676.0
6998.0,1617.0,1652.0,1627.0,706.0,710.0,686.0
7073.0,1667.0,1652.0,1639.0,707.0,709.0,699.0
7163.0,1648.0,1673.0,1697.0,716.0,715.0,714.0
7224.0,1676.0,1674.0,1707.0,715.0,725.0,727.0
7160.0,1669.0,1673.0,1652.0,713.0,727.0,726.0
7124.0,1668.0,1659.0,1680.0,705.0,695.0,717.0
7033.0,1645.0,1651.0,1622.0,695.0,704.0,716.0
6961.0,1657.0,1620.0,1595.0,704.0,686.0,699.0
6944.0,1637.0,1615.0,1612.0,699.0,685.0,696.0
6931.0,1644.0,1618.0,1587.0,694.0,683.0,705.0
6869.0,1602.0,1603.0,1596.0,687.0,695.0,686.0
6951.0,1630.0,1606.0,1639.0,709.0,684.0,683.0
6969.0,1623.0,1598.0,1626.0,697.0,703.0,722.0
7011.0,1630.0,1611.0,1666.0,694.0,701.0,709.0
7113.0,1675.0,1641.0,1644.0,722.0,728.0,703.0
7171.0,1654.0,1680.0,1674.0,712.0,729.0,722.0
7236.0,1702.0,1683.0,1699.0,712.0,721.0,719.0
7133.0,1659.0,1682.0,1648.0,712.0,723.0,709.0
7130.0,1669.0,1665.0,1665.0,705.0,713.0,713.0
7132.0,1682.0,1688.0,1637.0,709.0,712.0,704.0
6985.0,1644.0,1658.0,1607.0,695.0,694.0,687.0
6924.0,1639.0,1620.0,1586.0,696.0,699.0,684.0
6910.0,1621.0,1619.0,1609.0,693.0,680.0,688.0
6848.0,1610.0,1570.0,1612.0,693.0,679.0,684.0
6954.0,1639.0,1602.0,1645.0,694.0,683.0,691.0
7023.0,1640.0,1636.0,1628.0,712.0,690.0,717.0
7050.0,1649.0,1618.0,1696.0,703.0,689.0,695.0
7196.0,1694.0,1668.0,1696.0,706.0,722.0,710.0
7169.0,1655.0,1689.0,1681.0,711.0,712.0,721.0
7206.0,1687.0,1665.0,1673.0,719.0,726.0,736.0
7122.0,1616.0,1684.0,1643.0,719.0,721.0,739.0
7138.0,1674.0,1658.0,1671.0,707.0,710.0,718.0
7041.0,1611.0,1628.0,1662.0,719.0,718.0,703.0
6988.0,1661.0,1611.0,1614.0,699.0,704.0,699.0
6974.0,1628.0,1638.0,1616.0,694.0,693.0,705.0
6936.0,1673.0,1598.0,1593.0,694.0,695.0,683.0
6957.0,1592.0,1652.0,1631.0,704.0,692.0,686.0
6955.0,1602.0,1639.0,1637.0,704.0,692.0,681.0
7084.0,1652.0,1661.0,1652.0,718.0,705.0,696.0
7134.0,1662.0,1650.0,1692.0,723.0,708.0,699.0
7143.0,1684.0,1676.0,1644.0,731.0,695.0,713.0
7183.0,1694.0,1654.0,1687.0,720.0,715.0,713.0
7170.0,1693.0,1686.0,1644.0,712.0,723.0,712.0
7210.0,1660.0,1695.0,1661.0,734.0,719.0,741.0
7108.0,1655.0,1658.0,1630.0,710.0,735.0,720.0
7122.0,1654.0,1688.0,1652.0,711.0,716.0,701.0
7063.0,1670.0,1654.0,1619.0,707.0,717.0,696.0
7030.0,1651.0,1667.0,1615.0,687.0,699.0,711.0
7102.0,1651.0,1644.0,1678.0,694.0,717.0,718.0
6979.0,1593.0,1607.0,1659.0,698.0,713.0,709.0
6974.0,1636.0,1614.0,1621.0,707.0,696.0,700.0
6994.0,1636.0,1629.0,1625.0,709.0,692.0,703.0
7106.0,1690.0,1624.0,1658.0,705.0,720.0,709.0
7236.0,1702.0,1710.0,1660.0,737.0,714.0,713.0
7278.0,1704.0,1698.0,1709.0,725.0,717.0,725.0
7271.0,1703.0,1728.0,1671.0,725.0,719.0,725.0
7253.0,1658.0,1731.0,1698.0,720.0,723.0,723.0
7134.0,1659.0,1670.0,1660.0,723.0,711.0,711.0
7085.0,1664.0,1642.0,1660.0,705.0,704.0,710.0
7040.0,1664.0,1617.0,1662.0,696.0,701.0,700.0
6999.0,1628.0,1635.0,1632.0,697.0,703.0,704.0
6964.0,1647.0,1609.0,1638.0,693.0,692.0,685.0
7006.0,1607.0,1645.0,1650.0,699.0,705.0,700.0
7022.0,1616.0,1664.0,1632.0,698.0,701.0,711.0
7075.0,1648.0,1664.0,1638.0,712.0,701.0,712.0
7178.0,1652.0,1709.0,1661.0,717.0,712.0,727.0
7237.0,1693.0,1696.0,1668.0,718.0,737.0,725.0
7228.0,1703.0,1676.0,1671.0,722.0,730.0,726.0
7328.0,1715.0,1702.0,1686.0,731.0,736.0,758.0
7227.0,1667.0,1674.0,1673.0,734.0,735.0,744.0
7200.0,1647.0,1689.0,1670.0,742.0,733.0,719.0
7106.0,1629.0,1661.0,1658.0,710.0,714.0,734.0
7187.0,1709.0,1687.0,1653.0,708.0,713.0,717.0
7066.0,1673.0,1660.0,1644.0,695.0,696.0,698.0
7047.0,1677.0,1652.0,1638.0,692.0,699.0,689.0
7001.0,1625.0,1637.0,1642.0,692.0,696.0,709.0
7062.0,1645.0,1675.0,1645.0,702.0,701.0,694.0
7003.0,1629.0,1638.0,1636.0,698.0,713.0,689.0
7143.0,1649.0,1683.0,1677.0,720.0,708.0,706.0
7175.0,1716.0,1618.0,1673.0,729.0,720.0,719.0
7327.0,1714.0,1700.0,1704.0,749.0,731.0,729.0
7352.0,1715.0,1710.0,1720.0,736.0,748.0,723.0
7336.0,1699.0,1727.0,1701.0,746.0,733.0,730.0
7340.0,1693.0,1734.0,1702.0,746.0,726.0,739.0
7250.0,1671.0,1675.0,1700.0,735.0,735.0,734.0
7185.0,1635.0,1710.0,1668.0,719.0,719.0,734.0
7107.0,1649.0,1660.0,1681.0,693.0,709.0,715.0
7051.0,1666.0,1632.0,1645.0,698.0,697.0,713.0
6999.0,1671.0,1626.0,1617.0,693.0,692.0,700.0
6991.0,1632.0,1649.0,1618.0,696.0,692.0,704.0
7093.0,1669.0,1649.0,1647.0,698.0,718.0,712.0
7106.0,1632.0,1685.0,1654.0,701.0,718.0,716.0
7286.0,1736.0,1706.0,1697.0,721.0,711.0,715.0
7348.0,1704.0,1709.0,1716.0,746.0,735.0,738.0
7373.0,1699.0,1728.0,1744.0,736.0,727.0,739.0
7314.0,1696.0,1696.0,1721.0,744.0,740.0,717.0
7324.0,1690.0,1693.0,1736.0,749.0,733.0,723.0
7203.0,1657.0,1690.0,1693.0,727.0,727.0,709.0
7242.0,1699.0,1679.0,1694.0,724.0,723.0,723.0
7104.0,1648.0,1686.0,1646.0,707.0,705.0,712.0
7097.0,1662.0,1660.0,1662.0,696.0,714.0,703.0
7045.0,1625.0,1672.0,1629.0,711.0,714.0,694.0
7051.0,1643.0,1657.0,1645.0,692.0,717.0,697.0
7034.0,1613.0,1647.0,1636.0,695.0,717.0,726.0
7205.0,1665.0,1678.0,1693.0,708.0,727.0,734.0
7240.0,1693.0,1688.0,1693.0,711.0,720.0,735.0
7338.0,1744.0,1690.0,1717.0,717.0,724.0,746.0
7322.0,1683.0,1722.0,1714.0,727.0,726.0,750.0
7386.0,1738.0,1711.0,1721.0,744.0,735.0,737.0
7292.0,1682.0,1698.0,1702.0,750.0,727.0,733.0
7284.0,1692.0,1693.0,1719.0,730.0,719.0,731.0
7180.0,1639.0,1689.0,1663.0,736.0,722.0,731.0
7153.0,1667.0,1676.0,1648.0,716.0,729.0,717.0
7138.0,1680.0,1665.0,1653.0,716.0,721.0,703.0
7029.0,1674.0,1643.0,1617.0,701.0,709.0,685.0
7011.0,1624.0,1631.0,1630.0,717.0,723.0,686.0
7110.0,1678.0,1648.0,1659.0,709.0,718.0,698.0
7238.0,1691.0,1656.0,1715.0,720.0,730.0,726.0
7361.0,1730.0,1713.0,1715.0,723.0,733.0,747.0
7451.0,1732.0,1765.0,1742.0,724.0,742.0,746.0
7460.0,1761.0,1741.0,1741.0,743.0,743.0,731.0
7427.0,1685.0,1745.0,1759.0,755.0,732.0,751.0
7322.0,1707.0,1715.0,1704.0,730.0,736.0,730.0
7333.0,1717.0,1695.0,1699.0,752.0,734.0,736.0
7246.0,1705.0,1686.0,1682.0,731.0,720.0,722.0
7203.0,1683.0,1684.0,1651.0,748.0,712.0,725.0
7146.0,1682.0,1663.0,1659.0,714.0,703.0,725.0
7068.0,1659.0,1635.0,1649.0,713.0,706.0,706.0
7167.0,1642.0,1701.0,1671.0,725.0,710.0,718.0
7219.0,1681.0,1697.0,1672.0,723.0,722.0,724.0
7337.0,1719.0,1705.0,1722.0,714.0,745.0,732.0
7362.0,1705.0,1713.0,1737.0,732.0,738.0,737.0
7435.0,1774.0,1700.0,1759.0,728.0,734.0,740.0
7413.0,1738.0,1690.0,1760.0,741.0,755.0,729.0
7382.0,1716.0,1710.0,1726.0,732.0,764.0,734.0
7357.0,1716.0,1741.0,1697.0,728.0,744.0,731.0
7312.0,1683.0,1718.0,1709.0,735.0,737.0,730.0
7233.0,1706.0,1711.0,1665.0,722.0,717.0,712.0
7214.0,1688.0,1691.0,1680.0,724.0,712.0,719.0
7181.0,1677.0,1692.0,1655.0,722.0,716.0,719.0
7131.0,1668.0,1645.0,1674.0,729.0,694.0,721.0
7126.0,1654.0,1662.0,1665.0,715.0,708.0,722.0
7118.0,1664.0,1660.0,1652.0,710.0,716.0,716.0
7322.0,1723.0,1709.0,1718.0,723.0,712.0,737.0
7372.0,1744.0,1703.0,1721.0,737.0,731.0,736.0
7463.0,1755.0,1775.0,1720.0,732.0,739.0,742.0
7474.0,1756.0,1766.0,1720.0,740.0,741.0,751.0
7421.0,1686.0,1777.0,1724.0,734.0,747.0,753.0
7435.0,1724.0,1747.0,1749.0,740.0,744.0,731.0
7278.0,1748.0,1688.0,1643.0,720.0,729.0,750.0
7238.0,1686.0,1689.0,1675.0,731.0,730.0,727.0
7315.0,1743.0,1675.0,1710.0,734.0,730.0,723.0
7159.0,1654.0,1677.0,1656.0,719.0,734.0,719.0
7199.0,1657.0,1673.0,1698.0,734.0,728.0,709.0
7223.0,1673.0,1713.0,1660.0,743.0,716.0,718.0
7274.0,1664.0,1697.0,1707.0,744.0,745.0,717.0
7324.0,1691.0,1723.0,1713.0,746.0,725.0,726.0
7416.0,1739.0,1748.0,1736.0,745.0,723.0,725.0
7456.0,1762.0,1725.0,1747.0,761.0,728.0,733.0
7476.0,1764.0,1707.0,1774.0,730.0,750.0,751.0
7428.0,1724.0,1764.0,1725.0,745.0,725.0,745.0
7330.0,1679.0,1732.0,1704.0,734.0,743.0,738.0
7329.0,1720.0,1690.0,1709.0,734.0,727.0,749.0
7355.0,1730.0,1719.0,1691.0,727.0,738.0,750.0
7281.0,1699.0,1707.0,1701.0,719.0,717.0,738.0
7235.0,1710.0,1698.0,1676.0,723.0,714.0,714.0
7208.0,1647.0,1681.0,1689.0,736.0,730.0,725.0
7232.0,1655.0,1687.0,1706.0,728.0,725.0,731.0
7253.0,1658.0,1699.0,1696.0,739.0,726.0,735.0
7323.0,1713.0,1690.0,1714.0,738.0,739.0,729.0
7395.0,1725.0,1722.0,1741.0,735.0,738.0,734.0
7502.0,1789.0,1751.0,1708.0,758.0,755.0,741.0
7514.0,1763.0,1769.0,1738.0,751.0,743.0,750.0
7479.0,1737.0,1751.0,1758.0,745.0,737.0,751.0
7445.0,1735.0,1741.0,1762.0,744.0,725.0,738.0
7391.0,1742.0,1733.0,1719.0,733.0,737.0,727.0
7300.0,1724.0,1690.0,1712.0,724.0,728.0,722.0
7213.0,1695.0,1650.0,1689.0,715.0,723.0,741.0
7238.0,1697.0,1672.0,1718.0,725.0,706.0,720.0
7237.0,1670.0,1686.0,1716.0,725.0,714.0,726.0
7274.0,1681.0,1687.0,1712.0,735.0,730.0,729.0
7260.0,1678.0,1689.0,1710.0,721.0,732.0,730.0
7377.0,1724.0,1687.0,1721.0,746.0,754.0,745.0
7528.0,1771.0,1756.0,1767.0,744.0,751.0,739.0
7533.0,1750.0,1761.0,1755.0,760.0,760.0,747.0
7513.0,1760.0,1731.0,1749.0,760.0,755.0,758.0
7499.0,1739.0,1770.0,1747.0,745.0,757.0,741.0
7483.0,1716.0,1742.0,1769.0,751.0,755.0,750.0
7430.0,1766.0,1717.0,1732.0,738.0,739.0,738.0
7405.0,1742.0,1730.0,1745.0,727.0,722.0,739.0
7308.0,1706.0,1696.0,1736.0,714.0,726.0,730.0
7270.0,1694.0,1719.0,1694.0,719.0,717.0,727.0
7261.0,1690.0,1705.0,1694.0,722.0,714.0,736.0
7241.0,1701.0,1710.0,1663.0,727.0,711.0,729.0
7350.0,1692.0,1759.0,1720.0,733.0,708.0,738.0
7420.0,1741.0,1730.0,1708.0,761.0,747.0,733.0
7377.0,1726.0,1700.0,1726.0,748.0,742.0,735.0
7508.0,1777.0,1730.0,1743.0,756.0,753.0,749.0
7585.0,1787.0,1768.0,1755.0,763.0,762.0,750.0
7546.0,1752.0,1738.0,1764.0,765.0,758.0,769.0
7493.0,1722.0,1747.0,1781.0,757.0,750.0,736.0
7533.0,1752.0,1741.0,1786.0,750.0,747.0,757.0
7385.0,1708.0,1726.0,1727.0,732.0,753.0,739.0
7353.0,1718.0,1728.0,1722.0,706.0,734.0,745.0
7329.0,1723.0,1705.0,1720.0,715.0,734.0,732.0
7247.0,1674.0,1682.0,1711.0,721.0,721.0,738.0
7312.0,1734.0,1694.0,1691.0,718.0,736.0,739.0
7307.0,1696.0,1727.0,1687.0,734.0,737.0,726.0
7348.0,1697.0,1710.0,1722.0,762.0,725.0,732.0
7487.0,1783.0,1763.0,1712.0,752.0,739.0,738.0
7571.0,1785.0,1787.0,1745.0,756.0,759.0,739.0
7595.0,1773.0,1779.0,1771.0,768.0,753.0,751.0
7587.0,1762.0,1758.0,1794.0,765.0,754.0,754.0
7584.0,1751.0,1771.0,1801.0,757.0,757.0,747.0
7459.0,1734.0,1727.0,1769.0,742.0,746.0,741.0
7441.0,1747.0,1731.0,1757.0,737.0,739.0,730.0
7365.0,1735.0,1721.0,1695.0,727.0,751.0,736.0
7280.0,1730.0,1690.0,1683.0,730.0,725.0,722.0
7249.0,1686.0,1711.0,1676.0,704.0,737.0,735.0
7284.0,1685.0,1720.0,1694.0,710.0,739.0,736.0
7378.0,1719.0,1734.0,1700.0,744.0,743.0,738.0
7430.0,1747.0,1731.0,1706.0,739.0,746.0,761.0
7449.0,1768.0,1723.0,1682.0,755.0,762.0,759.0
7543.0,1786.0,1711.0,1773.0,748.0,763.0,762.0
7584.0,1796.0,1729.0,1775.0,768.0,750.0,766.0
7596.0,1744.0,1754.0,1812.0,763.0,757.0,766.0
7585.0,1725.0,1777.0,1794.0,775.0,758.0,756.0
7539.0,1753.0,1737.0,1781.0,764.0,747.0,757.0
7427.0,1748.0,1748.0,1690.0,752.0,744.0,745.0
7377.0,1722.0,1738.0,1717.0,730.0,727.0,743.0
7308.0,1717.0,1710.0,1697.0,738.0,728.0,718.0
7237.0,1690.0,1675.0,1690.0,718.0,739.0,725.0
7274.0,1688.0,1688.0,1705.0,725.0,747.0,721.0
7409.0,1738.0,1718.0,1726.0,740.0,744.0,743.0
7431.0,1745.0,1731.0,1732.0,733.0,754.0,736.0
7577.0,1755.0,1785.0,1761.0,759.0,765.0,752.0
7673.0,1800.0,1822.0,1764.0,770.0,760.0,757.0
7718.0,1794.0,1829.0,1801.0,769.0,767.0,758.0
7631.0,1763.0,1790.0,1783.0,774.0,763.0,758.0
7641.0,1750.0,1812.0,1778.0,773.0,755.0,773.0
7526.0,1757.0,1732.0,1761.0,774.0,748.0,754.0
7418.0,1759.0,1729.0,1690.0,753.0,741.0,746.0
7391.0,1741.0,1717.0,1707.0,743.0,737.0,746.0
7328.0,1718.0,1700.0,1689.0,736.0,737.0,748.0
7302.0,1706.0,1708.0,1677.0,742.0,734.0,735.0
7336.0,1722.0,1729.0,1701.0,725.0,729.0,730.0
7468.0,1733.0,1765.0,1760.0,737.0,736.0,737.0
7469.0,1739.0,1767.0,1732.0,734.0,750.0,747.0
7652.0,1833.0,1783.0,1759.0,760.0,761.0,756.0
7717.0,1843.0,1798.0,1790.0,758.0,772.0,756.0
7591.0,1771.0,1741.0,1785.0,766.0,764.0,764.0
7646.0,1791.0,1766.0,1779.0,770.0,774.0,766.0
7566.0,1739.0,1758.0,1775.0,757.0,771.0,766.0
7498.0,1752.0,1723.0,1756.0,753.0,764.0,750.0
7466.0,1781.0,1749.0,1704.0,763.0,745.0,724.0
7431.0,1763.0,1742.0,1675.0,767.0,745.0,739.0
7342.0,1713.0,1721.0,1691.0,736.0,736.0,745.0
7403.0,1725.0,1727.0,1734.0,732.0,742.0,743.0
7344.0,1665.0,1707.0,1738.0,750.0,744.0,740.0
7386.0,1694.0,1713.0,1777.0,730.0,721.0,751.0
7555.0,1758.0,1751.0,1795.0,757.0,737.0,757.0
7573.0,1775.0,1743.0,1779.0,758.0,753.0,765.0
7699.0,1830.0,1755.0,1812.0,762.0,764.0,776.0
7700.0,1800.0,1813.0,1771.0,770.0,772.0,774.0
7687.0,1802.0,1823.0,1790.0,756.0,753.0,763.0
7632.0,1765.0,1796.0,1748.0,790.0,767.0,766.0
7560.0,1761.0,1759.0,1763.0,773.0,755.0,749.0
7448.0,1761.0,1711.0,1727.0,747.0,758.0,744.0
7469.0,1791.0,1711.0,1703.0,766.0,758.0,740.0
7445.0,1768.0,1727.0,1704.0,755.0,753.0,738.0
7391.0,1703.0,1710.0,1746.0,741.0,756.0,735.0
7437.0,1709.0,1750.0,1753.0,736.0,756.0,733.0
7496.0,1763.0,1741.0,1764.0,744.0,748.0,736.0
7517.0,1736.0,1759.0,1791.0,745.0,737.0,749.0
7669.0,1825.0,1760.0,1810.0,761.0,754.0,759.0
7646.0,1818.0,1758.0,1780.0,759.0,763.0,768.0
7556.0,1781.0,1745.0,1755.0,761.0,768.0,746.0
7579.0,1746.0,1752.0,1798.0,768.0,749.0,766.0
7646.0,1774.0,1799.0,1763.0,770.0,753.0,787.0
7595.0,1796.0,1770.0,1741.0,769.0,752.0,767.0
7513.0,1768.0,1745.0,1747.0,751.0,744.0,758.0
7545.0,1771.0,1748.0,1764.0,758.0,740.0,764.0
7478.0,1756.0,1769.0,1714.0,739.0,745.0,755.0
7514.0,1724.0,1767.0,1772.0,755.0,754.0,742.0
7501.0,1727.0,1733.0,1773.0,759.0,756.0,753.0
7492.0,1722.0,1741.0,1765.0,768.0,752.0,744.0
7557.0,1760.0,1741.0,1772.0,754.0,762.0,768.0
7612.0,1784.0,1760.0,1768.0,766.0,775.0,759.0
7728.0,1810.0,1803.0,1800.0,773.0,777.0,765.0
7669.0,1802.0,1795.0,1765.0,762.0,774.0,771.0
7666.0,1795.0,1800.0,1750.0,768.0,777.0,776.0
7635.0,1769.0,1788.0,1790.0,761.0,768.0,759.0
7590.0,1741.0,1767.0,1793.0,755.0,772.0,762.0
7573.0,1753.0,1804.0,1751.0,755.0,755.0,755.0
7491.0,1762.0,1736.0,1755.0,751.0,741.0,746.0
7490.0,1763.0,1723.0,1769.0,752.0,737.0,746.0
7498.0,1730.0,1741.0,1772.0,749.0,752.0,754.0
7471.0,1732.0,1753.0,1745.0,755.0,738.0,748.0
7501.0,1715.0,1740.0,1765.0,757.0,758.0,766.0
7718.0,1800.0,1801.0,1793.0,769.0,778.0,777.0
7705.0,1796.0,1849.0,1744.0,766.0,774.0,776.0
7792.0,1807.0,1853.0,1799.0,766.0,779.0,788.0
7737.0,1815.0,1816.0,1784.0,765.0,776.0,781.0
7797.0,1806.0,1834.0,1800.0,790.0,782.0,785.0
7677.0,1774.0,1775.0,1805.0,760.0,784.0,779.0
7638.0,1788.0,1765.0,1784.0,769.0,770.0,762.0
7513.0,1745.0,1757.0,1759.0,747.0,765.0,740.0
7547.0,1774.0,1733.0,1771.0,750.0,766.0,753.0
7507.0,1776.0,1724.0,1779.0,749.0,741.0,738.0
7510.0,1752.0,1751.0,1760.0,756.0,747.0,744.0
7519.0,1729.0,1787.0,1745.0,751.0,763.0,744.0
7543.0,1756.0,1793.0,1739.0,765.0,744.0,746.0
7690.0,1813.0,1795.0,1773.0,775.0,764.0,770.0
7667.0,1793.0,1788.0,1778.0,786.0,770.0,752.0
7751.0,1831.0,1800.0,1805.0,772.0,771.0,772.0
7754.0,1822.0,1795.0,1800.0,778.0,777.0,782.0
7725.0,1811.0,1794.0,1821.0,753.0,771.0,775.0
7724.0,1765.0,1786.0,1835.0,767.0,788.0,783.0
7709.0,1812.0,1786.0,1791.0,757.0,784.0,779.0
7668.0,1797.0,1778.0,1808.0,758.0,764.0,763.0
7647.0,1821.0,1790.0,1758.0,745.0,767.0,766.0
7566.0,1762.0,1766.0,1768.0,756.0,763.0,751.0
7456.0,1731.0,1758.0,1716.0,750.0,745.0,756.0
7365.0,1706.0,1686.0,1729.0,747.0,738.0,759.0
7506.0,1746.0,1751.0,1723.0,771.0,753.0,762.0
7600.0,1763.0,1762.0,1776.0,778.0,769.0,752.0
7622.0,1780.0,1746.0,1783.0,784.0,772.0,757.0
7729.0,1816.0,1812.0,1775.0,787.0,767.0,772.0
7811.0,1820.0,1846.0,1826.0,773.0,768.0,778.0
7789.0,1807.0,1836.0,1823.0,780.0,778.0,765.0
7842.0,1841.0,1814.0,1850.0,786.0,778.0,773.0
7724.0,1822.0,1794.0,1809.0,771.0,768.0,760.0
7634.0,1795.0,1774.0,1783.0,758.0,771.0,753.0
7603.0,1801.0,1743.0,1776.0,762.0,764.0,757.0
7517.0,1767.0,1739.0,1742.0,754.0,762.0,753.0
7482.0,1746.0,1738.0,1760.0,747.0,748.0,743.0
7575.0,1758.0,1799.0,1714.0,758.0,775.0,771.0
7653.0,1758.0,1800.0,1801.0,757.0,771.0,766.0
7684.0,1819.0,1785.0,1760.0,782.0,768.0,770.0
7792.0,1838.0,1794.0,1805.0,782.0,783.0,790.0
7879.0,1821.0,1831.0,1854.0,793.0,781.0,799.0
7859.0,1807.0,1818.0,1850.0,804.0,791.0,789.0
7825.0,1820.0,1786.0,1882.0,783.0,775.0,779.0
7791.0,1822.0,1773.0,1850.0,789.0,768.0,789.0
7644.0,1776.0,1766.0,1788.0,778.0,762.0,774.0
7682.0,1781.0,1818.0,1795.0,770.0,756.0,762.0
7725.0,1834.0,1811.0,1795.0,759.0,762.0,764.0
7579.0,1777.0,1797.0,1774.0,760.0,739.0,732.0
7524.0,1750.0,1759.0,1784.0,748.0,748.0,735.0
7563.0,1798.0,1753.0,1763.0,748.0,759.0,742.0
7551.0,1763.0,1757.0,1739.0,766.0,767.0,759.0
7612.0,1777.0,1733.0,1790.0,785.0,789.0,738.0
7800.0,1832.0,1818.0,1821.0,774.0,788.0,767.0
7859.0,1827.0,1844.0,1831.0,800.0,777.0,780.0
7857.0,1812.0,1833.0,1868.0,779.0,786.0,779.0
7894.0,1839.0,1833.0,1840.0,806.0,788.0,788.0
7848.0,1797.0,1857.0,1834.0,793.0,784.0,783.0
7775.0,1811.0,1812.0,1822.0,779.0,774.0,777.0
7672.0,1779.0,1795.0,1786.0,779.0,767.0,766.0
7583.0,1794.0,1743.0,1751.0,765.0,763.0,767.0
7598.0,1762.0,1785.0,1763.0,768.0,750.0,770.0
7524.0,1746.0,1742.0,1766.0,747.0,743.0,780.0
7536.0,1791.0,1722.0,1756.0,749.0,753.0,765.0
7700.0,1787.0,1807.0,1799.0,765.0,760.0,782.0
7770.0,1817.0,1843.0,1808.0,774.0,770.0,758.0
7818.0,1833.0,1827.0,1817.0,782.0,777.0,782.0
7990.0,1848.0,1883.0,1863.0,786.0,816.0,794.0
7955.0,1844.0,1868.0,1863.0,800.0,798.0,782.0
7856.0,1819.0,1838.0,1844.0,795.0,778.0,782.0
7758.0,1821.0,1811.0,1799.0,778.0,782.0,767.0
7778.0,1808.0,1820.0,1809.0,786.0,783.0,772.0
7660.0,1811.0,1794.0,1739.0,773.0,782.0,761.0
7754.0,1851.0,1804.0,1789.0,770.0,766.0,774.0
7654.0,1787.0,1784.0,1796.0,744.0,763.0,780.0
7628.0,1749.0,1787.0,1813.0,764.0,762.0,753.0
7635.0,1789.0,1790.0,1782.0,756.0,761.0,757.0
7692.0,1760.0,1813.0,1806.0,765.0,769.0,779.0
7726.0,1791.0,1793.0,1819.0,773.0,768.0,782.0
7887.0,1876.0,1795.0,1863.0,775.0,782.0,796.0
7943.0,1866.0,1847.0,1860.0,785.0,778.0,807.0
7888.0,1834.0,1826.0,1853.0,802.0,787.0,786.0
7944.0,1834.0,1878.0,1859.0,793.0,780.0,800.0
7913.0,1848.0,1851.0,1838.0,781.0,796.0,799.0
7806.0,1796.0,1827.0,1810.0,789.0,794.0,790.0
7702.0,1819.0,1805.0,1754.0,782.0,776.0,766.0
7758.0,1852.0,1799.0,1808.0,773.0,773.0,753.0
7635.0,1791.0,1772.0,1785.0,770.0,759.0,758.0
7589.0,1747.0,1752.0,1795.0,767.0,769.0,759.0
7624.0,1766.0,1790.0,1783.0,752.0,776.0,757.0
7662.0,1779.0,1793.0,1810.0,755.0,775.0,750.0
7759.0,1808.0,1824.0,1821.0,770.0,772.0,764.0
7953.0,1877.0,1858.0,1838.0,788.0,793.0,799.0
7926.0,1866.0,1885.0,1822.0,769.0,789.0,795.0
7893.0,1858.0,1886.0,1813.0,782.0,773.0,781.0
7888.0,1847.0,1852.0,1827.0,801.0,778.0,783.0
7889.0,1829.0,1839.0,1848.0,806.0,773.0,794.0
7805.0,1782.0,1837.0,1838.0,790.0,763.0,795.0
7744.0,1831.0,1767.0,1798.0,800.0,767.0,781.0
7772.0,1826.0,1807.0,1823.0,773.0,758.0,785.0
7711.0,1805.0,1806.0,1785.0,775.0,754.0,786.0
7691.0,1794.0,1786.0,1792.0,775.0,767.0,777.0
7679.0,1795.0,1780.0,1804.0,759.0,768.0,773.0
7774.0,1819.0,1830.0,1808.0,774.0,777.0,766.0
7771.0,1792.0,1820.0,1823.0,777.0,781.0,778.0
7852.0,1840.0,1842.0,1822.0,776.0,794.0,778.0
7831.0,1852.0,1800.0,1811.0,787.0,795.0,786.0
7931.0,1856.0,1860.0,1828.0,792.0,806.0,789.0
7954.0,1852.0,1876.0,1840.0,786.0,796.0,804.0
7820.0,1800.0,1833.0,1820.0,793.0,792.0,782.0
7857.0,1838.0,1828.0,1833.0,782.0,796.0,780.0
7813.0,1798.0,1866.0,1850.0,774.0,761.0,764.0
7752.0,1802.0,1831.0,1801.0,771.0,773.0,774.0
7693.0,1784.0,1803.0,1805.0,769.0,761.0,771.0
7666.0,1779.0,1805.0,1784.0,774.0,768.0,756.0
7691.0,1786.0,1776.0,1819.0,765.0,768.0,777.0
7693.0,1757.0,1780.0,1828.0,767.0,776.0,785.0
7877.0,1857.0,1845.0,1803.0,791.0,799.0,782.0
7921.0,1842.0,1837.0,1863.0,780.0,795.0,804.0
8011.0,1914.0,1879.0,1830.0,799.0,784.0,805.0
7952.0,1842.0,1872.0,1821.0,793.0,819.0,805.0
7935.0,1867.0,1845.0,1821.0,793.0,799.0,810.0
7949.0,1846.0,1877.0,1839.0,791.0,803.0,793.0
7905.0,1826.0,1852.0,1839.0,802.0,796.0,790.0
7770.0,1807.0,1794.0,1823.0,782.0,790.0,774.0
7790.0,1820.0,1832.0,1827.0,764.0,780.0,767.0
7793.0,1833.0,1816.0,1847.0,771.0,761.0,765.0
7726.0,1809.0,1785.0,1814.0,784.0,769.0,765.0
7724.0,1804.0,1812.0,1811.0,784.0,753.0,760.0
7829.0,1829.0,1845.0,1811.0,787.0,784.0,773.0
7839.0,1843.0,1858.0,1801.0,779.0,779.0,779.0
7856.0,1864.0,1844.0,1813.0,785.0,769.0,781.0
7978.0,1897.0,1865.0,1836.0,784.0,790.0,806.0
7980.0,1885.0,1860.0,1838.0,796.0,796.0,805.0
7980.0,1882.0,1808.0,1897.0,797.0,801.0,795.0
7971.0,1849.0,1844.0,1877.0,802.0,797.0,802.0
7926.0,1848.0,1845.0,1867.0,790.0,797.0,779.0
7861.0,1853.0,1818.0,1846.0,786.0,777.0,781.0
7810.0,1838.0,1832.0,1795.0,782.0,784.0,779.0
7767.0,1798.0,1837.0,1805.0,762.0,778.0,787.0
7726.0,1798.0,1799.0,1775.0,780.0,779.0,795.0
7689.0,1795.0,1775.0,1774.0,787.0,771.0,787.0
7806.0,1829.0,1782.0,1833.0,791.0,788.0,783.0
7863.0,1849.0,1816.0,1817.0,797.0,794.0,790.0
7959.0,1866.0,1869.0,1843.0,794.0,798.0,789.0
8041.0,1893.0,1894.0,1861.0,812.0,789.0,792.0
8037.0,1878.0,1858.0,1904.0,800.0,799.0,798.0
7992.0,1854.0,1878.0,1866.0,798.0,790.0,806.0
7995.0,1864.0,1882.0,1882.0,803.0,781.0,783.0
7924.0,1823.0,1871.0,1873.0,787.0,798.0,772.0
7868.0,1864.0,1825.0,1847.0,776.0,768.0,788.0
7817.0,1835.0,1819.0,1832.0,777.0,783.0,771.0
7729.0,1830.0,1771.0,1802.0,771.0,781.0,774.0
7722.0,1799.0,1769.0,1812.0,788.0,773.0,781.0
7748.0,1790.0,1795.0,1820.0,780.0,787.0,776.0
7816.0,1803.0,1839.0,1819.0,786.0,782.0,787.0
7926.0,1861.0,1864.0,1838.0,789.0,796.0,778.0
8005.0,1845.0,1866.0,1876.0,804.0,801.0,813.0
8074.0,1896.0,1874.0,1874.0,814.0,807.0,809.0
8102.0,1879.0,1896.0,1902.0,815.0,803.0,807.0
8027.0,1857.0,1854.0,1945.0,797.0,777.0,797.0
8057.0,1888.0,1842.0,1911.0,808.0,809.0,799.0
7948.0,1837.0,1858.0,1896.0,779.0,791.0,787.0
7891.0,1839.0,1828.0,1851.0,782.0,793.0,798.0
7785.0,1816.0,1799.0,1831.0,781.0,779.0,779.0
7751.0,1796.0,1841.0,1788.0,778.0,778.0,770.0
7742.0,1803.0,1854.0,1787.0,773.0,773.0,752.0
7783.0,1798.0,1836.0,1806.0,795.0,774.0,774.0
7857.0,1830.0,1844.0,1821.0,792.0,783.0,787.0
7905.0,1856.0,1846.0,1827.0,809.0,782.0,785.0
8076.0,1870.0,1885.0,1910.0,801.0,805.0,805.0
8114.0,1927.0,1834.0,1907.0,819.0,814.0,813.0
8098.0,1913.0,1872.0,1880.0,826.0,815.0,792.0
8142.0,1876.0,1904.0,1914.0,803.0,839.0,806.0
8123.0,1878.0,1900.0,1905.0,808.0,817.0,815.0
8074.0,1884.0,1895.0,1884.0,794.0,802.0,815.0
7926.0,1861.0,1858.0,1832.0,777.0,798.0,800.0
7901.0,1842.0,1845.0,1831.0,781.0,790.0,812.0
7770.0,1836.0,1821.0,1794.0,770.0,776.0,773.0
7767.0,1821.0,1818.0,1807.0,766.0,771.0,784.0
7844.0,1818.0,1823.0,1839.0,788.0,782.0,794.0
7908.0,1852.0,1842.0,1852.0,799.0,778.0,785.0
7992.0,1863.0,1870.0,1871.0,791.0,791.0,806.0
8038.0,1859.0,1906.0,1871.0,808.0,798.0,796.0
8123.0,1894.0,1904.0,1922.0,806.0,799.0,798.0
8114.0,1882.0,1895.0,1899.0,818.0,819.0,801.0
8175.0,1887.0,1919.0,1918.0,815.0,819.0,817.0
8026.0,1864.0,1863.0,1879.0,812.0,819.0,789.0
8016.0,1868.0,1862.0,1868.0,813.0,809.0,796.0
7938.0,1850.0,1873.0,1841.0,777.0,798.0,799.0
7850.0,1845.0,1839.0,1807.0,770.0,794.0,795.0
7833.0,1862.0,1844.0,1789.0,771.0,790.0,777.0
7897.0,1831.0,1882.0,1845.0,771.0,788.0,780.0
7841.0,1816.0,1847.0,1809.0,779.0,798.0,792.0
7924.0,1803.0,1867.0,1882.0,788.0,782.0,802.0
8011.0,1844.0,1892.0,1859.0,798.0,803.0,815.0
8092.0,1871.0,1884.0,1927.0,816.0,790.0,804.0
8121.0,1910.0,1884.0,1899.0,804.0,818.0,806.0
8071.0,1887.0,1843.0,1889.0,818.0,804.0,830.0
8142.0,1908.0,1881.0,1910.0,805.0,816.0,822.0
8083.0,1885.0,1897.0,1864.0,805.0,817.0,815.0
8025.0,1863.0,1891.0,1841.0,813.0,795.0,822.0
7953.0,1853.0,1871.0,1839.0,803.0,798.0,789.0
7919.0,1855.0,1869.0,1836.0,787.0,789.0,783.0
7921.0,1854.0,1834.0,1855.0,781.0,811.0,786.0
7855.0,1829.0,1865.0,1830.0,770.0,785.0,776.0
7861.0,1821.0,1832.0,1857.0,782.0,784.0,785.0
7962.0,1859.0,1824.0,1887.0,791.0,809.0,792.0
7989.0,1866.0,1845.0,1891.0,797.0,806.0,784.0
8070.0,1902.0,1897.0,1835.0,817.0,815.0,804.0
8192.0,1933.0,1928.0,1877.0,830.0,812.0,812.0
8184.0,1915.0,1931.0,1876.0,820.0,817.0,825.0
8199.0,1914.0,1938.0,1884.0,831.0,816.0,816.0
8061.0,1872.0,1860.0,1871.0,822.0,812.0,824.0
8061.0,1861.0,1881.0,1884.0,802.0,810.0,823.0
8049.0,1885.0,1871.0,1875.0,804.0,802.0,812.0
7963.0,1872.0,1856.0,1858.0,794.0,793.0,790.0
7930.0,1867.0,1832.0,1840.0,802.0,785.0,804.0
7915.0,1851.0,1828.0,1877.0,780.0,785.0,794.0
7934.0,1843.0,1846.0,1873.0,778.0,797.0,797.0
8018.0,1830.0,1905.0,1904.0,789.0,804.0,786.0
8047.0,1875.0,1887.0,1868.0,793.0,813.0,811.0
8146.0,1898.0,1894.0,1895.0,828.0,827.0,804.0
8086.0,1917.0,1858.0,1869.0,812.0,820.0,810.0
8152.0,1918.0,1873.0,1890.0,831.0,823.0,817.0
8110.0,1924.0,1879.0,1874.0,814.0,815.0,804.0
8154.0,1920.0,1880.0,1906.0,822.0,818.0,808.0
8066.0,1868.0,1891.0,1869.0,832.0,814.0,792.0
8076.0,1878.0,1885.0,1880.0,826.0,803.0,804.0
7999.0,1863.0,1890.0,1875.0,790.0,785.0,796.0
7960.0,1846.0,1871.0,1878.0,791.0,782.0,792.0
7952.0,1839.0,1856.0,1860.0,797.0,796.0,804.0
7918.0,1813.0,1856.0,1850.0,793.0,794.0,812.0
7958.0,1855.0,1871.0,1869.0,789.0,781.0,793.0
8071.0,1866.0,1878.0,1897.0,795.0,807.0,828.0
8101.0,1911.0,1854.0,1891.0,807.0,821.0,817.0
8171.0,1914.0,1905.0,1873.0,811.0,829.0,839.0
8319.0,1937.0,1934.0,1949.0,833.0,832.0,834.0
8248.0,1919.0,1943.0,1910.0,824.0,827.0,825.0
8142.0,1900.0,1895.0,1873.0,824.0,825.0,825.0
8136.0,1885.0,1902.0,1920.0,812.0,814.0,803.0
8048.0,1858.0,1887.0,1869.0,822.0,806.0,806.0
8005.0,1863.0,1839.0,1889.0,801.0,805.0,808.0
7950.0,1872.0,1826.0,1852.0,805.0,804.0,791.0
7952.0,1839.0,1829.0,1904.0,790.0,792.0,798.0
7986.0,1837.0,1868.0,1887.0,791.0,811.0,792.0
7998.0,1866.0,1860.0,1875.0,804.0,800.0,793.0
8098.0,1929.0,1890.0,1875.0,792.0,806.0,806.0
8138.0,1910.0,1904.0,1887.0,806.0,809.0,822.0
8283.0,1945.0,1970.0,1925.0,821.0,800.0,822.0
8222.0,1918.0,1936.0,1904.0,823.0,824.0,817.0
8228.0,1894.0,1915.0,1951.0,818.0,826.0,824.0
8191.0,1891.0,1903.0,1937.0,819.0,805.0,836.0
8189.0,1885.0,1926.0,1931.0,811.0,825.0,811.0
8118.0,1886.0,1883.0,1893.0,830.0,805.0,821.0
8089.0,1897.0,1906.0,1856.0,806.0,804.0,820.0
8013.0,1868.0,1863.0,1871.0,802.0,808.0,801.0
7958.0,1819.0,1857.0,1874.0,800.0,796.0,812.0
8061.0,1859.0,1872.0,1908.0,801.0,813.0,808.0
8060.0,1873.0,1885.0,1859.0,817.0,821.0,805.0
8071.0,1870.0,1897.0,1868.0,813.0,818.0,805.0
8170.0,1914.0,1892.0,1908.0,822.0,822.0,812.0
8270.0,1930.0,1926.0,1948.0,819.0,836.0,811.0
8302.0,1949.0,1945.0,1925.0,824.0,826.0,833.0
8327.0,1911.0,1966.0,1957.0,824.0,824.0,845.0
8268.0,1921.0,1930.0,1956.0,816.0,837.0,808.0
8141.0,1885.0,1904.0,1907.0,827.0,803.0,815.0
8136.0,1914.0,1910.0,1881.0,811.0,806.0,814.0
8072.0,1893.0,1871.0,1907.0,816.0,809.0,776.0
7993.0,1872.0,1863.0,1859.0,801.0,794.0,804.0
7986.0,1877.0,1835.0,1894.0,797.0,778.0,805.0
7939.0,1868.0,1865.0,1805.0,808.0,799.0,794.0
8100.0,1883.0,1896.0,1883.0,805.0,818.0,815.0
8206.0,1899.0,1918.0,1902.0,834.0,830.0,823.0
8278.0,1951.0,1946.0,1903.0,807.0,832.0,839.0
8383.0,1967.0,1958.0,1966.0,821.0,833.0,838.0
8357.0,1936.0,1950.0,1973.0,821.0,843.0,834.0
8330.0,1930.0,1912.0,2006.0,807.0,833.0,842.0
8200.0,1882.0,1906.0,1939.0,819.0,833.0,821.0
8168.0,1891.0,1900.0,1946.0,810.0,815.0,806.0
8154.0,1924.0,1896.0,1915.0,817.0,804.0,798.0
8009.0,1883.0,1841.0,1876.0,802.0,805.0,802.0
8082.0,1891.0,1908.0,1862.0,823.0,810.0,788.0
7977.0,1866.0,1885.0,1836.0,811.0,800.0,779.0
8061.0,1891.0,1917.0,1858.0,805.0,794.0,796.0
8048.0,1879.0,1892.0,1864.0,808.0,806.0,799.0
8157.0,1873.0,1936.0,1900.0,825.0,806.0,817.0
8238.0,1932.0,1902.0,1939.0,814.0,824.0,827.0
8406.0,1966.0,1963.0,1977.0,836.0,837.0,827.0
8329.0,1957.0,1915.0,1968.0,825.0,836.0,828.0
8351.0,1938.0,1957.0,1957.0,827.0,831.0,841.0
8267.0,1938.0,1930.0,1930.0,809.0,837.0,823.0
8269.0,1916.0,1943.0,1929.0,816.0,830.0,835.0
8215.0,1877.0,1939.0,1928.0,828.0,834.0,809.0
8112.0,1894.0,1916.0,1854.0,821.0,806.0,821.0
8059.0,1895.0,1890.0,1839.0,817.0,793.0,825.0
7977.0,1861.0,1862.0,1844.0,808.0,792.0,810.0
8106.0,1873.0,1882.0,1906.0,821.0,815.0,809.0
8098.0,1887.0,1890.0,1885.0,823.0,798.0,815.0
8177.0,1943.0,1885.0,1910.0,817.0,813.0,809.0
8323.0,1934.0,1929.0,1981.0,832.0,818.0,829.0
8252.0,1937.0,1929.0,1933.0,812.0,819.0,822.0
8378.0,1931.0,1969.0,1970.0,838.0,837.0,833.0
8347.0,1928.0,1956.0,1971.0,838.0,828.0,826.0
8265.0,1930.0,1928.0,1935.0,836.0,820.0,816.0
8168.0,1912.0,1897.0,1893.0,822.0,829.0,815.0
8157.0,1906.0,1912.0,1898.0,817.0,814.0,810.0
8039.0,1893.0,1863.0,1867.0,798.0,811.0,807.0
8074.0,1895.0,1880.0,1854.0,814.0,824.0,807.0
8034.0,1891.0,1840.0,1861.0,813.0,821.0,808.0
8140.0,1897.0,1915.0,1884.0,822.0,811.0,811.0
8204.0,1911.0,1910.0,1906.0,829.0,830.0,818.0
8304.0,1935.0,1962.0,1940.0,827.0,827.0,813.0
8326.0,1956.0,1931.0,1955.0,837.0,809.0,838.0
8429.0,1954.0,1967.0,1987.0,842.0,834.0,845.0
8367.0,1965.0,1939.0,1944.0,840.0,827.0,852.0
8351.0,1970.0,1924.0,1944.0,844.0,822.0,847.0
8303.0,1930.0,1948.0,1923.0,836.0,825.0,841.0
8250.0,1938.0,1943.0,1902.0,817.0,825.0,825.0
8194.0,1926.0,1915.0,1877.0,822.0,828.0,826.0
8208.0,1927.0,1924.0,1901.0,806.0,832.0,818.0
8098.0,1883.0,1885.0,1911.0,804.0,815.0,800.0
8103.0,1864.0,1888.0,1920.0,806.0,825.0,800.0
8129.0,1864.0,1897.0,1919.0,812.0,824.0,813.0
8129.0,1858.0,1920.0,1920.0,811.0,827.0,793.0
8211.0,1938.0,1866.0,1932.0,826.0,834.0,815.0
8315.0,2002.0,1900.0,1915.0,840.0,834.0,824.0
8351.0,1967.0,1916.0,1948.0,860.0,843.0,817.0
8393.0,1955.0,1934.0,1975.0,857.0,843.0,829.0
8414.0,1954.0,1991.0,1940.0,841.0,834.0,854.0
8358.0,1962.0,1956.0,1923.0,838.0,842.0,837.0
8255.0,1930.0,1931.0,1898.0,835.0,822.0,839.0
8287.0,1955.0,1931.0,1920.0,833.0,815.0,833.0
8204.0,1924.0,1904.0,1890.0,824.0,824.0,838.0
8164.0,1914.0,1891.0,1924.0,811.0,800.0,824.0
8076.0,1864.0,1910.0,1885.0,798.0,803.0,816.0
8132.0,1891.0,1881.0,1914.0,818.0,807.0,821.0
8180.0,1880.0,1913.0,1923.0,812.0,833.0,819.0
8302.0,1913.0,1936.0,1965.0,843.0,823.0,822.0
8412.0,1935.0,1985.0,1989.0,841.0,837.0,825.0
8447.0,1991.0,1971.0,1940.0,844.0,847.0,854.0
8441.0,2014.0,1960.0,1948.0,846.0,844.0,829.0
8407.0,1943.0,1960.0,1953.0,854.0,857.0,840.0
8333.0,1934.0,1940.0,1943.0,845.0,845.0,826.0
8323.0,1928.0,1942.0,1939.0,843.0,852.0,819.0
8238.0,1944.0,1937.0,1908.0,813.0,826.0,810.0
8241.0,1945.0,1911.0,1934.0,816.0,825.0,810.0
8147.0,1910.0,1908.0,1908.0,816.0,808.0,797.0
8109.0,1890.0,1907.0,1902.0,798.0,803.0,809.0
8119.0,1860.0,1915.0,1907.0,808.0,804.0,825.0
8288.0,1916.0,1962.0,1945.0,817.0,808.0,840.0
8300.0,1937.0,1928.0,1928.0,833.0,831.0,843.0
8319.0,1937.0,1926.0,1920.0,837.0,832.0,867.0
8419.0,1965.0,1974.0,1956.0,843.0,829.0,852.0
8421.0,1963.0,1963.0,1935.0,864.0,846.0,850.0
8393.0,1951.0,1928.0,1971.0,851.0,845.0,847.0
8417.0,1930.0,1971.0,1959.0,864.0,848.0,845.0
8378.0,1952.0,1960.0,1970.0,845.0,834.0,817.0
8397.0,1923.0,1968.0,1988.0,836.0,855.0,827.0
8281.0,1927.0,1948.0,1930.0,823.0,837.0,816.0
8157.0,1902.0,1913.0,1897.0,822.0,805.0,818.0
8229.0,1916.0,1915.0,1927.0,822.0,830.0,819.0
8137.0,1887.0,1885.0,1918.0,817.0,821.0,809.0
8199.0,1912.0,1903.0,1913.0,823.0,829.0,819.0
8295.0,1956.0,1946.0,1910.0,826.0,820.0,837.0
8364.0,1973.0,1973.0,1933.0,840.0,821.0,824.0
8478.0,1984.0,1992.0,1963.0,863.0,835.0,841.0
8466.0,1996.0,1990.0,1941.0,862.0,833.0,844.0
8503.0,1972.0,1985.0,1983.0,856.0,855.0,852.0
8416.0,1951.0,1967.0,1961.0,853.0,840.0,844.0
8389.0,1939.0,1927.0,1989.0,845.0,839.0,850.0
8356.0,1950.0,1934.0,1957.0,834.0,835.0,846.0
8278.0,1928.0,1909.0,1952.0,828.0,832.0,829.0
8306.0,1957.0,1913.0,1951.0,823.0,827.0,835.0
8192.0,1913.0,1923.0,1904.0,818.0,817.0,817.0
8285.0,1913.0,1964.0,1918.0,822.0,827.0,841.0
8306.0,1906.0,1965.0,1940.0,828.0,833.0,834.0
8343.0,1946.0,1968.0,1924.0,826.0,836.0,843.0
8457.0,1993.0,1960.0,1989.0,839.0,829.0,847.0
8437.0,1964.0,1936.0,2002.0,843.0,846.0,846.0
8497.0,1984.0,1972.0,2010.0,843.0,852.0,836.0
8449.0,1960.0,1955.0,1983.0,851.0,846.0,854.0
8406.0,1937.0,1972.0,1969.0,852.0,840.0,836.0
8460.0,1962.0,1968.0,2011.0,851.0,839.0,829.0
8349.0,1941.0,1961.0,1947.0,835.0,831.0,834.0
8321.0,1934.0,1945.0,1948.0,846.0,814.0,834.0
8257.0,1952.0,1919.0,1914.0,828.0,815.0,829.0
8209.0,1878.0,1929.0,1917.0,826.0,826.0,833.0
8248.0,1929.0,1915.0,1921.0,821.0,826.0,836.0
8295.0,1943.0,1923.0,1927.0,827.0,835.0,840.0
8335.0,1919.0,1951.0,1957.0,822.0,837.0,849.0
8479.0,1983.0,1979.0,1978.0,838.0,861.0,840.0
8560.0,2008.0,1995.0,1985.0,841.0,870.0,861.0
8624.0,2015.0,1998.0,2035.0,851.0,856.0,869.0
8574.0,1969.0,2016.0,2007.0,854.0,872.0,856.0
8520.0,1958.0,1999.0,1993.0,865.0,860.0,845.0
8455.0,1974.0,1959.0,1976.0,854.0,850.0,842.0
8362.0,1942.0,1958.0,1959.0,836.0,821.0,846.0
8291.0,1966.0,1902.0,1944.0,836.0,834.0,809.0
8283.0,1957.0,1924.0,1922.0,829.0,827.0,824.0
8176.0,1903.0,1877.0,1908.0,847.0,818.0,823.0
8260.0,1921.0,1948.0,1921.0,820.0,836.0,814.0
8361.0,1934.0,1976.0,1964.0,836.0,829.0,822.0
8390.0,1941.0,1958.0,1990.0,823.0,848.0,830.0
8470.0,2000.0,1975.0,1972.0,824.0,854.0,845.0
8541.0,2005.0,1980.0,1984.0,850.0,863.0,859.0
8513.0,1990.0,1964.0,2002.0,842.0,851.0,864.0
8561.0,1980.0,1993.0,2033.0,842.0,866.0,847.0
8505.0,1954.0,2007.0,1984.0,848.0,853.0,859.0
8419.0,1972.0,1957.0,1946.0,845.0,844.0,855.0
8387.0,1973.0,1975.0,1927.0,840.0,825.0,847.0
8381.0,1974.0,1945.0,1940.0,838.0,839.0,845.0
8227.0,1949.0,1901.0,1909.0,825.0,816.0,827.0
8280.0,1930.0,1928.0,1935.0,831.0,832.0,824.0
8309.0,1916.0,1944.0,1929.0,840.0,841.0,839.0
8307.0,1946.0,1922.0,1926.0,842.0,821.0,850.0
8372.0,1955.0,1945.0,1962.0,831.0,850.0,829.0
8548.0,2011.0,1984.0,2006.0,853.0,852.0,842.0
8523.0,2009.0,1976.0,1999.0,849.0,841.0,849.0
8557.0,1996.0,2022.0,2023.0,838.0,843.0,835.0
8569.0,1997.0,2015.0,2005.0,845.0,859.0,848.0
8554.0,2007.0,2014.0,1982.0,850.0,848.0,853.0
8536.0,1986.0,2012.0,1984.0,840.0,858.0,856.0
8394.0,1966.0,1967.0,1932.0,835.0,850.0,844.0
8321.0,1942.0,1919.0,1948.0,832.0,838.0,842.0
8308.0,1922.0,1923.0,1954.0,841.0,837.0,831.0
8325.0,1937.0,1921.0,1977.0,835.0,836.0,819.0
8343.0,1928.0,1936.0,1969.0,833.0,845.0,832.0
8385.0,1907.0,1949.0,1968.0,851.0,858.0,852.0
8514.0,1973.0,2001.0,2006.0,844.0,843.0,847.0
8629.0,2025.0,2041.0,1987.0,859.0,844.0,873.0
8593.0,2021.0,1976.0,2008.0,856.0,860.0,872.0
8628.0,2015.0,2028.0,2004.0,863.0,854.0,864.0
8543.0,1975.0,2026.0,1983.0,854.0,839.0,866.0
8573.0,1996.0,2001.0,2004.0,854.0,853.0,865.0
8468.0,1964.0,1978.0,1987.0,852.0,838.0,849.0
8378.0,1965.0,1944.0,1945.0,854.0,829.0,841.0
8372.0,1991.0,1950.0,1945.0,836.0,823.0,827.0
8313.0,1937.0,1975.0,1921.0,835.0,833.0,812.0
8293.0,1937.0,1942.0,1929.0,836.0,826.0,823.0
8431.0,1934.0,1968.0,2005.0,856.0,832.0,836.0
8485.0,1956.0,1982.0,1998.0,853.0,846.0,850.0
8506.0,2007.0,1971.0,1970.0,857.0,868.0,833.0
8560.0,2008.0,1977.0,2010.0,845.0,864.0,856.0
8626.0,2037.0,1988.0,2004.0,878.0,867.0,852.0
8626.0,2018.0,1996.0,2006.0,870.0,876.0,860.0
8616.0,1972.0,2053.0,1982.0,855.0,878.0,876.0
8635.0,2010.0,2044.0,2002.0,862.0,850.0,867.0
8566.0,1996.0,2025.0,1988.0,844.0,853.0,860.0
8464.0,2008.0,1988.0,1935.0,834.0,851.0,848.0
8392.0,1963.0,1965.0,1967.0,834.0,819.0,844.0
8399.0,1967.0,1962.0,1949.0,844.0,834.0,843.0
8429.0,1978.0,1946.0,2008.0,833.0,830.0,834.0
8438.0,1978.0,1920.0,2005.0,851.0,836.0,848.0
8435.0,1959.0,1963.0,1988.0,860.0,830.0,835.0
8489.0,1990.0,1985.0,1961.0,860.0,841.0,852.0
8553.0,2000.0,1990.0,2004.0,861.0,861.0,837.0
8661.0,2029.0,2036.0,2019.0,875.0,843.0,859.0
8646.0,2012.0,2040.0,1987.0,873.0,878.0,856.0
8651.0,2027.0,2015.0,1999.0,874.0,878.0,858.0
8549.0,1988.0,1991.0,1995.0,861.0,862.0,852.0
8575.0,1990.0,2016.0,1992.0,850.0,875.0,852.0
8469.0,2001.0,1956.0,1976.0,844.0,852.0,840.0
8434.0,1983.0,1956.0,1992.0,837.0,840.0,826.0
8413.0,1988.0,1950.0,1986.0,827.0,820.0,842.0
8401.0,1949.0,1953.0,1980.0,838.0,839.0,842.0
8452.0,1960.0,1998.0,1977.0,841.0,821.0,855.0
8452.0,1941.0,2002.0,1976.0,843.0,836.0,854.0
8527.0,1994.0,1986.0,1979.0,863.0,844.0,861.0
8551.0,1997.0,1999.0,1955.0,876.0,869.0,855.0
8630.0,2022.0,1993.0,2022.0,872.0,859.0,862.0
8662.0,2021.0,2001.0,2000.0,874.0,869.0,897.0
8744.0,2051.0,2029.0,2038.0,877.0,881.0,868.0
8636.0,1980.0,2005.0,2034.0,874.0,866.0,877.0
8630.0,2032.0,2009.0,2019.0,852.0,862.0,856.0
8549.0,2009.0,2010.0,1986.0,843.0,855.0,846.0
8505.0,1998.0,1983.0,1993.0,842.0,837.0,852.0
8434.0,1968.0,1982.0,1980.0,822.0,846.0,836.0
8399.0,1970.0,1968.0,1948.0,832.0,855.0,826.0
8401.0,1984.0,1957.0,1944.0,828.0,851.0,837.0
8511.0,1986.0,1994.0,1989.0,843.0,847.0,852.0
8538.0,2005.0,1985.0,1988.0,864.0,852.0,844.0
8597.0,2032.0,2021.0,1987.0,856.0,847.0,854.0
8719.0,2059.0,2062.0,1999.0,867.0,874.0,858.0
8708.0,2039.0,2021.0,2036.0,881.0,862.0,869.0
8714.0,2017.0,2029.0,2022.0,885.0,871.0,890.0
8688.0,2019.0,2023.0,2040.0,862.0,871.0,873.0
8648.0,1995.0,2012.0,2045.0,868.0,868.0,860.0
8588.0,2016.0,1992.0,2011.0,844.0,864.0,861.0
8533.0,2036.0,1944.0,1999.0,847.0,851.0,856.0
8475.0,1999.0,1961.0,1983.0,844.0,836.0,852.0
8428.0,1956.0,1960.0,1978.0,833.0,852.0,849.0
8433.0,1953.0,1963.0,1977.0,832.0,863.0,845.0
8470.0,1993.0,2000.0,1935.0,846.0,848.0,848.0
8616.0,1991.0,2022.0,2011.0,854.0,868.0,870.0
8710.0,2072.0,2014.0,2019.0,875.0,870.0,860.0
8739.0,2048.0,2041.0,2031.0,863.0,879.0,877.0
8724.0,2049.0,1984.0,2039.0,886.0,879.0,887.0
8735.0,2036.0,2024.0,2068.0,882.0,868.0,857.0
8740.0,2071.0,2031.0,2025.0,882.0,877.0,854.0
8630.0,2005.0,2015.0,2018.0,867.0,863.0,862.0
8566.0,1997.0,1997.0,2023.0,859.0,845.0,845.0
8486.0,1996.0,1976.0,1984.0,854.0,832.0,844.0
8510.0,2000.0,1984.0,1995.0,843.0,839.0,849.0
8434.0,1999.0,1974.0,1947.0,836.0,829.0,849.0
8423.0,1947.0,1950.0,1976.0,843.0,848.0,859.0
8502.0,1973.0,1986.0,1998.0,853.0,845.0,847.0
8575.0,2007.0,2005.0,1987.0,860.0,857.0,859.0
8659.0,2034.0,2000.0,2014.0,851.0,877.0,883.0
8867.0,2082.0,2035.0,2083.0,886.0,885.0,896.0
8836.0,2067.0,2069.0,2040.0,880.0,891.0,889.0
8865.0,2057.0,2081.0,2091.0,876.0,893.0,867.0
8751.0,2007.0,2031.0,2077.0,874.0,874.0,888.0
8712.0,1996.0,2052.0,2054.0,872.0,875.0,863.0
8644.0,2013.0,2010.0,2017.0,874.0,871.0,859.0
8521.0,1997.0,1983.0,1979.0,871.0,860.0,831.0
8499.0,1995.0,1999.0,1980.0,851.0,840.0,834.0
8440.0,1994.0,1962.0,1959.0,852.0,846.0,827.0
8391.0,1930.0,1940.0,1966.0,849.0,863.0,843.0
8617.0,2000.0,2021.0,2014.0,871.0,853.0,858.0
8731.0,2058.0,2030.0,2063.0,855.0,861.0,864.0
8767.0,2028.0,2052.0,2079.0,876.0,866.0,866.0
8796.0,2067.0,2037.0,2087.0,871.0,871.0,863.0
8807.0,2037.0,2057.0,2074.0,880.0,877.0,882.0
8803.0,2027.0,2069.0,2064.0,893.0,875.0,875.0
8769.0,2026.0,2043.0,2064.0,880.0,887.0,869.0
8705.0,2054.0,2013.0,2010.0,873.0,876.0,879.0
8664.0,2051.0,2003.0,2004.0,868.0,869.0,869.0
8590.0,2014.0,2019.0,1988.0,858.0,847.0,864.0
8550.0,2019.0,2019.0,1953.0,853.0,849.0,857.0
8550.0,1935.0,2036.0,1999.0,847.0,867.0,866.0
8561.0,1973.0,2005.0,2004.0,848.0,866.0,865.0
8603.0,1986.0,2014.0,2027.0,876.0,841.0,859.0
8667.0,2032.0,2014.0,2029.0,854.0,870.0,868.0
8738.0,2038.0,2023.0,2055.0,872.0,869.0,881.0
8778.0,2051.0,2031.0,2077.0,873.0,857.0,889.0
8845.0,2048.0,2062.0,2079.0,885.0,882.0,889.0
8822.0,2055.0,2085.0,2060.0,867.0,877.0,878.0
8770.0,2038.0,2056.0,2053.0,873.0,872.0,878.0
8730.0,2020.0,2071.0,2031.0,877.0,863.0,868.0
8654.0,2042.0,2020.0,2004.0,874.0,874.0,840.0
8593.0,2017.0,2031.0,1990.0,858.0,841.0,856.0
8542.0,1995.0,1995.0,1992.0,863.0,851.0,846.0
8548.0,1977.0,1961.0,2010.0,865.0,880.0,855.0
8505.0,1945.0,1948.0,2011.0,868.0,859.0,874.0
8596.0,1999.0,1996.0,2016.0,858.0,862.0,865.0
8761.0,2041.0,2054.0,2061.0,858.0,873.0,874.0
8835.0,2073.0,2043.0,2088.0,865.0,882.0,884.0
8915.0,2123.0,2079.0,2074.0,871.0,891.0,877.0
8836.0,2061.0,2071.0,2059.0,886.0,871.0,888.0
8777.0,2030.0,2069.0,2036.0,877.0,875.0,890.0
8793.0,2068.0,2053.0,2054.0,872.0,867.0,879.0
8685.0,2061.0,2019.0,1990.0,858.0,882.0,875.0
8657.0,2016.0,2018.0,2046.0,853.0,866.0,858.0
8637.0,2028.0,2010.0,2007.0,862.0,865.0,865.0
8506.0,2003.0,1990.0,1973.0,844.0,837.0,859.0
8624.0,2002.0,2038.0,2018.0,872.0,847.0,847.0
8585.0,1984.0,2026.0,2004.0,862.0,867.0,842.0
8664.0,2019.0,2017.0,2039.0,863.0,859.0,867.0
8794.0,2050.0,2065.0,2056.0,878.0,874.0,871.0
8891.0,2101.0,2072.0,2083.0,875.0,885.0,875.0
8879.0,2075.0,2060.0,2082.0,888.0,894.0,880.0
8899.0,2088.0,2094.0,2060.0,883.0,884.0,890.0
8829.0,2078.0,2045.0,2044.0,882.0,891.0,889.0
8799.0,2045.0,2076.0,2045.0,871.0,877.0,885.0
8742.0,2067.0,2035.0,1997.0,877.0,882.0,884.0
8742.0,2043.0,2073.0,2009.0,862.0,876.0,879.0
8689.0,2035.0,2042.0,2005.0,861.0,870.0,876.0
8699.0,2055.0,2029.0,2011.0,858.0,868.0,878.0
8585.0,1983.0,1980.0,2032.0,860.0,847.0,883.0
8678.0,2021.0,2000.0,2043.0,878.0,859.0,877.0
8685.0,1996.0,2007.0,2062.0,877.0,875.0,868.0
8752.0,2051.0,2026.0,2078.0,883.0,848.0,866.0
8844.0,2088.0,2059.0,2055.0,876.0,882.0,884.0
8891.0,2106.0,2099.0,2064.0,870.0,880.0,872.0
8972.0,2108.0,2124.0,2052.0,904.0,895.0,889.0
8916.0,2054.0,2120.0,2061.0,896.0,894.0,891.0
8820.0,2026.0,2089.0,2062.0,873.0,892.0,878.0
8770.0,2049.0,2030.0,2062.0,868.0,887.0,874.0
8720.0,2051.0,2020.0,2033.0,863.0,886.0,867.0
8640.0,2037.0,1975.0,2021.0,871.0,871.0,865.0
8694.0,2070.0,2008.0,2022.0,864.0,872.0,858.0
8673.0,2008.0,2040.0,2031.0,862.0,861.0,871.0
8638.0,1978.0,2040.0,2038.0,861.0,860.0,861.0
8720.0,2001.0,2056.0,2050.0,870.0,869.0,874.0
8823.0,2057.0,2069.0,2037.0,886.0,876.0,898.0
8856.0,2076.0,2063.0,2061.0,888.0,872.0,896.0
8944.0,2114.0,2110.0,2045.0,888.0,886.0,901.0
8985.0,2105.0,2094.0,2083.0,905.0,893.0,905.0
8865.0,2085.0,2056.0,2055.0,877.0,890.0,902.0
8824.0,2071.0,2053.0,2051.0,877.0,882.0,890.0
8776.0,2064.0,2044.0,2051.0,880.0,871.0,866.0
8835.0,2046.0,2066.0,2081.0,871.0,886.0,885.0
8776.0,2073.0,2039.0,2052.0,871.0,871.0,870.0
8703.0,2051.0,2028.0,2034.0,862.0,870.0,858.0
8674.0,2000.0,2065.0,2024.0,860.0,869.0,856.0
8621.0,2014.0,2015.0,2007.0,874.0,863.0,848.0
8758.0,2042.0,2046.0,2030.0,881.0,880.0,879.0
8779.0,2080.0,2017.0,2039.0,888.0,881.0,874.0
8874.0,2091.0,2048.0,2042.0,889.0,902.0,902.0
8951.0,2117.0,2077.0,2088.0,903.0,892.0,874.0
8910.0,2059.0,2117.0,2065.0,903.0,888.0,878.0
8946.0,2070.0,2096.0,2107.0,884.0,890.0,899.0
8968.0,2059.0,2119.0,2117.0,895.0,876.0,902.0
8830.0,2039.0,2069.0,2084.0,873.0,875.0,890.0
8766.0,2056.0,2043.0,2057.0,869.0,868.0,873.0
8753.0,2046.0,2039.0,2055.0,855.0,878.0,880.0
8632.0,2018.0,1990.0,2017.0,877.0,859.0,871.0
8666.0,2032.0,2012.0,2014.0,855.0,878.0,875.0
8671.0,1999.0,2013.0,2033.0,868.0,893.0,865.0
8706.0,2018.0,2047.0,2004.0,878.0,880.0,879.0
8861.0,2076.0,2086.0,2041.0,882.0,890.0,886.0
8927.0,2076.0,2096.0,2081.0,902.0,892.0,880.0
9032.0,2130.0,2122.0,2088.0,892.0,905.0,895.0
8998.0,2108.0,2111.0,2068.0,905.0,907.0,899.0
8970.0,2064.0,2070.0,2157.0,907.0,894.0,878.0
8911.0,2042.0,2074.0,2137.0,880.0,899.0,879.0
8863.0,2062.0,2048.0,2090.0,891.0,888.0,884.0
8772.0,2051.0,2030.0,2061.0,874.0,873.0,883.0
8733.0,2034.0,2035.0,2057.0,863.0,871.0,873.0
8731.0,2018.0,2054.0,2069.0,859.0,862.0,869.0
8683.0,2012.0,2009.0,2034.0,880.0,865.0,883.0
8678.0,2011.0,2056.0,2011.0,863.0,863.0,874.0
8766.0,2035.0,2071.0,2032.0,869.0,874.0,885.0
8819.0,2039.0,2058.0,2061.0,875.0,882.0,904.0
8887.0,2087.0,2047.0,2039.0,906.0,895.0,913.0
9004.0,2103.0,2105.0,2098.0,893.0,896.0,909.0
9033.0,2092.0,2098.0,2119.0,902.0,902.0,920.0
9108.0,2113.0,2131.0,2133.0,909.0,906.0,916.0
8995.0,2077.0,2095.0,2100.0,901.0,925.0,897.0
9013.0,2107.0,2121.0,2080.0,902.0,905.0,898.0
8855.0,2083.0,2059.0,2071.0,881.0,889.0,872.0
8815.0,2072.0,2071.0,2033.0,875.0,885.0,879.0
8672.0,2071.0,2000.0,2016.0,864.0,867.0,854.0
8734.0,2056.0,2034.0,2036.0,870.0,872.0,866.0
8666.0,1995.0,2038.0,2038.0,870.0,858.0,867.0
8706.0,2029.0,2038.0,2030.0,871.0,869.0,869.0
8854.0,2065.0,2089.0,2061.0,885.0,879.0,875.0
8976.0,2107.0,2097.0,2108.0,885.0,885.0,894.0
9069.0,2124.0,2111.0,2119.0,914.0,896.0,905.0
9068.0,2085.0,2125.0,2139.0,917.0,903.0,899.0
9040.0,2100.0,2113.0,2117.0,903.0,894.0,913.0
9026.0,2086.0,2125.0,2090.0,906.0,902.0,917.0
8940.0,2057.0,2099.0,2083.0,904.0,901.0,896.0
8830.0,2053.0,2070.0,2025.0,892.0,898.0,892.0
8798.0,2081.0,2030.0,2025.0,895.0,875.0,892.0
8768.0,2047.0,2039.0,2031.0,863.0,892.0,896.0
8730.0,2050.0,2027.0,2036.0,860.0,876.0,881.0
8782.0,2049.0,2043.0,2049.0,867.0,892.0,882.0
8872.0,2055.0,2090.0,2090.0,857.0,897.0,883.0
8907.0,2051.0,2085.0,2102.0,890.0,885.0,894.0
8956.0,2092.0,2048.0,2134.0,884.0,901.0,897.0
9004.0,2090.0,2108.0,2115.0,896.0,902.0,893.0
9025.0,2107.0,2107.0,2110.0,913.0,899.0,889.0
9001.0,2084.0,2118.0,2097.0,911.0,888.0,903.0
9028.0,2112.0,2109.0,2108.0,917.0,892.0,890.0
8891.0,2090.0,2069.0,2058.0,899.0,886.0,889.0
8929.0,2079.0,2109.0,2085.0,888.0,881.0,887.0
8848.0,2055.0,2086.0,2038.0,909.0,881.0,879.0
8824.0,2092.0,2074.0,2020.0,866.0,888.0,884.0
8757.0,2026.0,2045.0,2052.0,869.0,889.0,876.0
8742.0,1999.0,2021.0,2077.0,887.0,877.0,881.0
8784.0,2034.0,2057.0,2045.0,872.0,887.0,889.0
8910.0,2056.0,2080.0,2099.0,876.0,898.0,901.0
9079.0,2127.0,2105.0,2143.0,894.0,905.0,905.0
9034.0,2109.0,2118.0,2117.0,898.0,888.0,904.0
9118.0,2130.0,2130.0,2121.0,909.0,924.0,904.0
9078.0,2134.0,2100.0,2123.0,919.0,906.0,896.0
8965.0,2074.0,2096.0,2093.0,906.0,900.0,896.0
8974.0,2083.0,2088.0,2095.0,909.0,903.0,896.0
8866.0,2119.0,2017.0,2060.0,899.0,885.0,886.0
8796.0,2078.0,2019.0,2052.0,903.0,866.0,878.0
8788.0,2065.0,2041.0,2053.0,888.0,861.0,880.0
8816.0,2044.0,2065.0,2056.0,893.0,892.0,866.0
8777.0,2032.0,2090.0,2033.0,873.0,875.0,874.0
8839.0,2042.0,2095.0,2067.0,873.0,886.0,876.0
8983.0,2108.0,2117.0,2082.0,886.0,897.0,893.0
9102.0,2144.0,2141.0,2112.0,899.0,921.0,885.0
9122.0,2119.0,2159.0,2108.0,898.0,922.0,916.0
9152.0,2165.0,2117.0,2129.0,915.0,919.0,907.0
9096.0,2143.0,2098.0,2110.0,916.0,928.0,901.0
9041.0,2092.0,2104.0,2102.0,911.0,918.0,914.0
8939.0,2063.0,2075.0,2082.0,902.0,900.0,917.0
8970.0,2076.0,2091.0,2110.0,904.0,891.0,898.0
8933.0,2082.0,2101.0,2071.0,884.0,894.0,901.0
8944.0,2066.0,2097.0,2084.0,904.0,890.0,903.0
8914.0,2086.0,2086.0,2078.0,892.0,891.0,881.0
8828.0,2027.0,2069.0,2093.0,881.0,882.0,876.0
8953.0,2062.0,2088.0,2116.0,904.0,890.0,893.0
9028.0,2092.0,2103.0,2148.0,897.0,887.0,901.0
9068.0,2145.0,2112.0,2098.0,901.0,906.0,906.0
9087.0,2136.0,2109.0,2114.0,908.0,910.0,910.0
9122.0,2134.0,2134.0,2106.0,899.0,916.0,933.0
9133.0,2115.0,2146.0,2129.0,917.0,915.0,911.0
9050.0,2097.0,2128.0,2101.0,900.0,916.0,908.0
9075.0,2108.0,2130.0,2132.0,889.0,914.0,902.0
9020.0,2112.0,2136.0,2089.0,900.0,901.0,882.0
8942.0,2078.0,2055.0,2133.0,888.0,900.0,888.0
8939.0,2096.0,2092.0,2098.0,890.0,887.0,876.0
8847.0,2066.0,2032.0,2082.0,887.0,904.0,876.0
8890.0,2056.0,2072.0,2087.0,892.0,891.0,892.0
8937.0,2089.0,2093.0,2062.0,905.0,897.0,891.0
9021.0,2123.0,2119.0,2067.0,901.0,897.0,914.0
9136.0,2123.0,2149.0,2107.0,908.0,921.0,928.0
9117.0,2140.0,2125.0,2126.0,894.0,902.0,930.0
9117.0,2144.0,2134.0,2118.0,907.0,895.0,919.0
9187.0,2154.0,2168.0,2136.0,904.0,904.0,921.0
9052.0,2117.0,2092.0,2130.0,892.0,908.0,913.0
9041.0,2108.0,2110.0,2100.0,921.0,904.0,898.0
8989.0,2139.0,2090.0,2080.0,897.0,882.0,901.0
8962.0,2094.0,2102.0,2087.0,890.0,902.0,887.0
8896.0,2099.0,2091.0,2051.0,888.0,886.0,881.0
8904.0,2056.0,2070.0,2109.0,902.0,890.0,877.0
8900.0,2062.0,2075.0,2076.0,904.0,901.0,882.0
8984.0,2093.0,2111.0,2094.0,901.0,910.0,875.0
9041.0,2095.0,2121.0,2103.0,916.0,907.0,899.0
9100.0,2127.0,2125.0,2127.0,903.0,913.0,905.0
9154.0,2153.0,2121.0,2147.0,912.0,910.0,911.0
9193.0,2173.0,2139.0,2155.0,905.0,906.0,915.0
9143.0,2102.0,2159.0,2156.0,912.0,909.0,905.0
9130.0,2104.0,2130.0,2153.0,906.0,923.0,914.0
9108.0,2126.0,2151.0,2127.0,898.0,899.0,907.0
8987.0,2073.0,2090.0,2112.0,897.0,901.0,914.0
9063.0,2137.0,2116.0,2114.0,897.0,885.0,914.0
8930.0,2091.0,2061.0,2100.0,887.0,884.0,907.0
8878.0,2108.0,2075.0,2038.0,885.0,877.0,895.0
8895.0,2050.0,2079.0,2075.0,897.0,895.0,899.0
8973.0,2100.0,2064.0,2094.0,913.0,900.0,902.0
9025.0,2102.0,2117.0,2092.0,909.0,900.0,905.0
9132.0,2149.0,2131.0,2095.0,912.0,926.0,919.0
9233.0,2148.0,2169.0,2170.0,913.0,925.0,908.0
9159.0,2143.0,2140.0,2135.0,916.0,920.0,905.0
9245.0,2105.0,2169.0,2212.0,923.0,919.0,917.0
9104.0,2070.0,2150.0,2140.0,916.0,924.0,904.0
9067.0,2116.0,2104.0,2137.0,903.0,906.0,901.0
9151.0,2160.0,2142.0,2145.0,915.0,884.0,905.0
8973.0,2108.0,2063.0,2116.0,892.0,907.0,887.0
8919.0,2088.0,2075.0,2086.0,896.0,875.0,899.0
8953.0,2090.0,2099.0,2082.0,890.0,890.0,902.0
8963.0,2063.0,2106.0,2110.0,900.0,894.0,890.0
8995.0,2081.0,2109.0,2088.0,902.0,907.0,908.0
9084.0,2095.0,2144.0,2107.0,921.0,899.0,918.0
9178.0,2136.0,2134.0,2159.0,919.0,911.0,919.0
9271.0,2181.0,2117.0,2191.0,928.0,929.0,925.0
9214.0,2141.0,2126.0,2165.0,928.0,934.0,920.0
9193.0,2145.0,2095.0,2172.0,914.0,938.0,929.0
9229.0,2119.0,2177.0,2154.0,924.0,928.0,927.0
9108.0,2105.0,2123.0,2134.0,910.0,921.0,915.0
9114.0,2131.0,2137.0,2100.0,899.0,916.0,931.0
9037.0,2132.0,2119.0,2079.0,897.0,917.0,893.0
8909.0,2078.0,2086.0,2060.0,900.0,891.0,894.0
8912.0,2090.0,2071.0,2090.0,882.0,888.0,891.0
8939.0,2094.0,2061.0,2097.0,885.0,905.0,897.0
8949.0,2092.0,2052.0,2106.0,903.0,902.0,894.0
9062.0,2123.0,2127.0,2100.0,918.0,900.0,894.0
9248.0,2158.0,2151.0,2165.0,934.0,914.0,926.0
9225.0,2171.0,2148.0,2150.0,930.0,918.0,908.0
9312.0,2144.0,2180.0,2185.0,941.0,927.0,935.0
9253.0,2136.0,2167.0,2184.0,927.0,923.0,916.0
9186.0,2140.0,2149.0,2140.0,913.0,922.0,922.0
9130.0,2115.0,2128.0,2133.0,903.0,940.0,911.0
9123.0,2129.0,2128.0,2127.0,906.0,912.0,921.0
9042.0,2121.0,2092.0,2118.0,902.0,895.0,914.0
8943.0,2094.0,2062.0,2073.0,898.0,904.0,912.0
8988.0,2095.0,2109.0,2070.0,888.0,907.0,919.0
8991.0,2108.0,2098.0,2082.0,881.0,911.0,911.0
9045.0,2084.0,2141.0,2099.0,903.0,912.0,906.0
9190.0,2121.0,2159.0,2158.0,917.0,923.0,912.0
9174.0,2161.0,2102.0,2149.0,921.0,925.0,916.0
9281.0,2158.0,2164.0,2173.0,935.0,929.0,922.0
9280.0,2161.0,2140.0,2190.0,939.0,921.0,929.0
9216.0,2129.0,2147.0,2155.0,931.0,927.0,927.0
9216.0,2105.0,2176.0,2151.0,933.0,919.0,932.0
9165.0,2140.0,2148.0,2128.0,911.0,908.0,930.0
9109.0,2147.0,2132.0,2112.0,913.0,903.0,902.0
9066.0,2161.0,2092.0,2094.0,896.0,913.0,910.0
9079.0,2113.0,2150.0,2103.0,906.0,904.0,903.0
9042.0,2113.0,2108.0,2117.0,896.0,900.0,908.0
9049.0,2089.0,2127.0,2131.0,899.0,904.0,899.0
9041.0,2093.0,2108.0,2129.0,893.0,916.0,902.0
9171.0,2149.0,2111.0,2156.0,915.0,913.0,927.0
9239.0,2168.0,2114.0,2179.0,920.0,937.0,921.0
9359.0,2198.0,2172.0,2193.0,939.0,925.0,932.0
9332.0,2186.0,2166.0,2164.0,940.0,932.0,944.0
9345.0,2144.0,2210.0,2167.0,950.0,922.0,952.0
9294.0,2124.0,2206.0,2158.0,925.0,935.0,946.0
9170.0,2121.0,2140.0,2168.0,911.0,896.0,934.0
9121.0,2130.0,2110.0,2129.0,926.0,894.0,932.0
9043.0,2154.0,2086.0,2095.0,911.0,900.0,897.0
9004.0,2118.0,2077.0,2125.0,896.0,897.0,891.0
9090.0,2130.0,2091.0,2151.0,918.0,893.0,907.0
9014.0,2109.0,2094.0,2105.0,904.0,909.0,893.0
9050.0,2108.0,2096.0,2136.0,886.0,913.0,911.0
9145.0,2127.0,2160.0,2130.0,908.0,922.0,898.0
9235.0,2139.0,2150.0,2173.0,928.0,933.0,912.0
9362.0,2210.0,2164.0,2185.0,940.0,934.0,929.0
9379.0,2209.0,2178.0,2184.0,927.0,941.0,940.0
9308.0,2162.0,2142.0,2170.0,933.0,953.0,948.0
9281.0,2184.0,2156.0,2142.0,934.0,947.0,918.0
9265.0,2147.0,2151.0,2173.0,928.0,935.0,931.0
9207.0,2148.0,2142.0,2133.0,932.0,918.0,934.0
9210.0,2162.0,2144.0,2145.0,925.0,922.0,912.0
9140.0,2129.0,2152.0,2155.0,896.0,905.0,903.0
9092.0,2105.0,2133.0,2140.0,907.0,896.0,911.0
9073.0,2100.0,2126.0,2117.0,898.0,907.0,925.0
9115.0,2085.0,2112.0,2163.0,919.0,924.0,912.0
9253.0,2151.0,2160.0,2166.0,912.0,936.0,928.0
9256.0,2181.0,2121.0,2179.0,923.0,921.0,931.0
9356.0,2219.0,2180.0,2168.0,923.0,934.0,932.0
9279.0,2201.0,2161.0,2145.0,926.0,923.0,923.0
9314.0,2161.0,2190.0,2161.0,932.0,946.0,924.0
9348.0,2174.0,2197.0,2174.0,943.0,943.0,917.0
9232.0,2160.0,2150.0,2152.0,941.0,921.0,908.0
9288.0,2183.0,2173.0,2148.0,941.0,927.0,916.0
9169.0,2166.0,2123.0,2124.0,926.0,926.0,904.0
9132.0,2129.0,2092.0,2163.0,924.0,921.0,903.0
9094.0,2131.0,2090.0,2146.0,909.0,913.0,905.0
9047.0,2103.0,2110.0,2120.0,896.0,916.0,902.0
9168.0,2111.0,2148.0,2146.0,907.0,936.0,920.0
9244.0,2160.0,2177.0,2158.0,908.0,922.0,919.0
9351.0,2197.0,2191.0,2171.0,922.0,934.0,936.0
9365.0,2220.0,2194.0,2152.0,920.0,936.0,943.0
9411.0,2197.0,2204.0,2184.0,943.0,930.0,953.0
9377.0,2180.0,2196.0,2188.0,949.0,928.0,936.0
9289.0,2174.0,2152.0,2160.0,947.0,921.0,935.0
9242.0,2160.0,2144.0,2168.0,925.0,925.0,920.0
9245.0,2185.0,2128.0,2155.0,934.0,929.0,914.0
9078.0,2127.0,2063.0,2143.0,931.0,911.0,903.0
9116.0,2117.0,2125.0,2139.0,916.0,909.0,910.0
9166.0,2118.0,2126.0,2148.0,933.0,916.0,925.0
9170.0,2135.0,2172.0,2122.0,912.0,918.0,911.0
9164.0,2130.0,2172.0,2104.0,923.0,925.0,910.0
9257.0,2137.0,2135.0,2183.0,931.0,947.0,924.0
9358.0,2206.0,2176.0,2163.0,932.0,950.0,931.0
9274.0,2190.0,2137.0,2143.0,926.0,939.0,939.0
9459.0,2228.0,2210.0,2200.0,927.0,959.0,935.0
9374.0,2202.0,2168.0,2189.0,927.0,955.0,933.0
9405.0,2197.0,2185.0,2201.0,945.0,924.0,953.0
9383.0,2186.0,2203.0,2184.0,940.0,934.0,936.0
9293.0,2186.0,2163.0,2159.0,925.0,922.0,938.0
9247.0,2177.0,2154.0,2154.0,923.0,917.0,922.0
9157.0,2138.0,2118.0,2147.0,933.0,903.0,918.0
9151.0,2127.0,2149.0,2145.0,912.0,899.0,919.0
9131.0,2122.0,2158.0,2117.0,914.0,913.0,907.0
9185.0,2142.0,2135.0,2137.0,917.0,932.0,922.0
9257.0,2160.0,2146.0,2161.0,938.0,923.0,929.0
9394.0,2187.0,2186.0,2201.0,932.0,945.0,943.0
9458.0,2241.0,2205.0,2203.0,925.0,951.0,933.0
9432.0,2189.0,2230.0,2196.0,937.0,938.0,942.0
9505.0,2211.0,2224.0,2225.0,932.0,959.0,954.0
9454.0,2213.0,2211.0,2240.0,924.0,939.0,927.0
9282.0,2153.0,2180.0,2178.0,927.0,921.0,923.0
9337.0,2199.0,2140.0,2207.0,933.0,941.0,917.0
9153.0,2168.0,2105.0,2147.0,906.0,922.0,905.0
9156.0,2177.0,2109.0,2120.0,915.0,927.0,908.0
9119.0,2123.0,2133.0,2124.0,941.0,902.0,896.0
9192.0,2150.0,2171.0,2111.0,928.0,906.0,926.0
9220.0,2131.0,2165.0,2141.0,939.0,909.0,935.0
9308.0,2154.0,2204.0,2155.0,940.0,915.0,940.0
9446.0,2241.0,2188.0,2201.0,930.0,937.0,949.0
9504.0,2210.0,2195.0,2253.0,945.0,941.0,960.0
9460.0,2189.0,2191.0,2219.0,941.0,953.0,967.0
9506.0,2202.0,2221.0,2243.0,928.0,954.0,958.0
9411.0,2181.0,2186.0,2208.0,935.0,958.0,943.0
9439.0,2199.0,2192.0,2227.0,932.0,956.0,933.0
9282.0,2158.0,2169.0,2147.0,928.0,941.0,939.0
9258.0,2165.0,2167.0,2156.0,923.0,936.0,911.0
9252.0,2173.0,2188.0,2151.0,917.0,926.0,897.0
9180.0,2124.0,2166.0,2112.0,929.0,918.0,931.0
9151.0,2155.0,2109.0,2108.0,937.0,918.0,924.0
9254.0,2164.0,2165.0,2158.0,932.0,931.0,904.0
9384.0,2216.0,2163.0,2200.0,947.0,940.0,918.0
9436.0,2250.0,2162.0,2197.0,958.0,932.0,937.0
9483.0,2212.0,2201.0,2239.0,942.0,951.0,938.0
9516.0,2206.0,2216.0,2244.0,953.0,946.0,951.0
9453.0,2184.0,2225.0,2250.0,932.0,932.0,930.0
9463.0,2187.0,2238.0,2202.0,937.0,949.0,950.0
9341.0,2181.0,2187.0,2174.0,918.0,934.0,947.0
9342.0,2178.0,2175.0,2168.0,936.0,947.0,938.0
9259.0,2160.0,2157.0,2155.0,911.0,933.0,943.0
9213.0,2187.0,2127.0,2124.0,910.0,930.0,935.0
9150.0,2123.0,2126.0,2111.0,927.0,918.0,945.0
9282.0,2131.0,2171.0,2169.0,932.0,942.0,937.0
9372.0,2172.0,2192.0,2172.0,942.0,951.0,943.0
9398.0,2196.0,2218.0,2186.0,929.0,937.0,932.0
9518.0,2214.0,2220.0,2233.0,956.0,952.0,943.0
9604.0,2250.0,2248.0,2256.0,960.0,956.0,934.0
9548.0,2220.0,2252.0,2238.0,957.0,947.0,934.0
9512.0,2245.0,2202.0,2227.0,947.0,944.0,947.0
9416.0,2216.0,2188.0,2197.0,934.0,938.0,943.0
9359.0,2177.0,2205.0,2164.0,934.0,937.0,942.0
9331.0,2205.0,2182.0,2152.0,935.0,928.0,929.0
9293.0,2176.0,2190.0,2153.0,928.0,928.0,918.0
9279.0,2174.0,2181.0,2155.0,923.0,927.0,919.0
9243.0,2172.0,2176.0,2147.0,921.0,905.0,922.0
9276.0,2131.0,2178.0,2188.0,930.0,925.0,924.0
9385.0,2184.0,2171.0,2223.0,945.0,934.0,928.0
9401.0,2189.0,2192.0,2201.0,933.0,953.0,933.0
9535.0,2243.0,2189.0,2246.0,953.0,953.0,951.0
9567.0,2246.0,2192.0,2222.0,962.0,968.0,977.0
9582.0,2225.0,2249.0,2218.0,971.0,959.0,960.0
9508.0,2189.0,2224.0,2224.0,955.0,954.0,962.0
9480.0,2177.0,2242.0,2217.0,943.0,957.0,944.0
9406.0,2203.0,2201.0,2174.0,943.0,936.0,949.0
9328.0,2175.0,2194.0,2167.0,932.0,936.0,924.0
9314.0,2181.0,2165.0,2193.0,923.0,925.0,927.0
9236.0,2171.0,2140.0,2171.0,916.0,914.0,924.0
9207.0,2148.0,2148.0,2187.0,913.0,917.0,894.0
9299.0,2146.0,2169.0,2188.0,929.0,931.0,936.0
9349.0,2180.0,2176.0,2213.0,945.0,920.0,915.0
9496.0,2216.0,2224.0,2220.0,943.0,960.0,933.0
9534.0,2239.0,2233.0,2236.0,940.0,946.0,940.0
9610.0,2258.0,2241.0,2242.0,957.0,956.0,956.0
9651.0,2249.0,2262.0,2236.0,967.0,971.0,966.0
9506.0,2210.0,2224.0,2194.0,958.0,971.0,949.0
9500.0,2212.0,2196.0,2205.0,968.0,955.0,964.0
9441.0,2170.0,2202.0,2214.0,952.0,969.0,934.0
9387.0,2203.0,2154.0,2177.0,942.0,954.0,957.0
9342.0,2190.0,2160.0,2188.0,929.0,942.0,933.0
9269.0,2201.0,2142.0,2147.0,922.0,921.0,936.0
9300.0,2128.0,2187.0,2199.0,921.0,923.0,942.0
9319.0,2140.0,2170.0,2208.0,933.0,930.0,938.0
9429.0,2213.0,2215.0,2183.0,943.0,927.0,948.0
9482.0,2220.0,2212.0,2225.0,948.0,935.0,942.0
9512.0,2259.0,2190.0,2236.0,931.0,947.0,949.0
9469.0,2236.0,2193.0,2196.0,957.0,937.0,950.0
9582.0,2222.0,2219.0,2260.0,970.0,956.0,955.0
9561.0,2236.0,2238.0,2189.0,974.0,957.0,967.0
9557.0,2216.0,2242.0,2239.0,965.0,951.0,944.0
9503.0,2217.0,2270.0,2186.0,951.0,947.0,932.0
9530.0,2235.0,2257.0,2219.0,935.0,938.0,946.0
9428.0,2218.0,2195.0,2192.0,941.0,948.0,934.0
9314.0,2162.0,2186.0,2185.0,910.0,942.0,929.0
9308.0,2162.0,2145.0,2215.0,930.0,935.0,921.0
9282.0,2123.0,2151.0,2204.0,942.0,937.0,925.0
9329.0,2185.0,2148.0,2179.0,923.0,943.0,951.0
9472.0,2203.0,2204.0,2227.0,936.0,956.0,946.0
9524.0,2224.0,2229.0,2202.0,958.0,948.0,963.0
9672.0,2266.0,2273.0,2224.0,964.0,965.0,980.0
9660.0,2232.0,2272.0,2249.0,974.0,966.0,967.0
9616.0,2253.0,2245.0,2225.0,963.0,958.0,972.0
9643.0,2233.0,2244.0,2276.0,965.0,958.0,967.0
9542.0,2258.0,2193.0,2227.0,961.0,947.0,956.0
9432.0,2199.0,2193.0,2226.0,941.0,933.0,940.0
9433.0,2227.0,2175.0,2222.0,953.0,928.0,928.0
9330.0,2186.0,2146.0,2205.0,935.0,923.0,935.0
9315.0,2155.0,2187.0,2186.0,920.0,942.0,925.0
9397.0,2202.0,2205.0,2183.0,926.0,945.0,936.0
9432.0,2167.0,2251.0,2207.0,925.0,949.0,933.0
9498.0,2248.0,2223.0,2196.0,942.0,952.0,937.0
9585.0,2241.0,2250.0,2231.0,946.0,964.0,953.0
9614.0,2273.0,2240.0,2226.0,951.0,963.0,961.0
9675.0,2249.0,2272.0,2264.0,967.0,963.0,960.0
9627.0,2227.0,2257.0,2248.0,971.0,968.0,956.0
9557.0,2206.0,2238.0,2231.0,966.0,961.0,955.0
9536.0,2210.0,2230.0,2245.0,958.0,942.0,951.0
9515.0,2224.0,2211.0,2211.0,961.0,952.0,956.0
9466.0,2242.0,2204.0,2191.0,940.0,945.0,944.0
9374.0,2188.0,2181.0,2193.0,936.0,923.0,953.0
9386.0,2184.0,2185.0,2201.0,936.0,919.0,961.0
9365.0,2171.0,2190.0,2186.0,952.0,919.0,947.0
9413.0,2191.0,2195.0,2190.0,954.0,950.0,933.0
9444.0,2201.0,2198.0,2204.0,941.0,947.0,953.0
9618.0,2231.0,2259.0,2248.0,961.0,964.0,955.0
9709.0,2264.0,2268.0,2283.0,955.0,975.0,964.0
9650.0,2262.0,2235.0,2271.0,964.0,965.0,953.0
9765.0,2288.0,2266.0,2298.0,969.0,978.0,966.0
9726.0,2260.0,2283.0,2281.0,965.0,978.0,959.0
9604.0,2218.0,2250.0,2257.0,962.0,971.0,946.0
9534.0,2201.0,2223.0,2237.0,971.0,957.0,945.0
9443.0,2188.0,2174.0,2204.0,964.0,956.0,957.0
9432.0,2223.0,2177.0,2190.0,956.0,944.0,942.0
9459.0,2211.0,2230.0,2189.0,953.0,936.0,940.0
9391.0,2221.0,2191.0,2160.0,934.0,938.0,947.0
9469.0,2194.0,2211.0,2213.0,950.0,942.0,959.0
9556.0,2237.0,2239.0,2209.0,956.0,947.0,968.0
9645.0,2254.0,2258.0,2266.0,961.0,947.0,959.0
9757.0,2300.0,2295.0,2270.0,956.0,964.0,972.0
9742.0,2288.0,2257.0,2280.0,978.0,956.0,983.0
9700.0,2242.0,2273.0,2262.0,974.0,974.0,975.0
9646.0,2240.0,2244.0,2263.0,963.0,963.0,973.0
9585.0,2215.0,2215.0,2258.0,965.0,962.0,970.0
9519.0,2236.0,2200.0,2222.0,958.0,953.0,950.0
9448.0,2201.0,2202.0,2184.0,958.0,957.0,946.0
9438.0,2214.0,2227.0,2179.0,937.0,946.0,935.0
9456.0,2218.0,2200.0,2200.0,953.0,950.0,935.0
9528.0,2209.0,2279.0,2192.0,955.0,946.0,947.0
9505.0,2182.0,2237.0,2237.0,959.0,934.0,956.0
9586.0,2236.0,2239.0,2244.0,964.0,960.0,943.0
9622.0,2245.0,2257.0,2234.0,965.0,964.0,957.0
9748.0,2299.0,2252.0,2294.0,976.0,956.0,971.0
9755.0,2280.0,2278.0,2291.0,966.0,963.0,977.0
9731.0,2236.0,2273.0,2308.0,969.0,962.0,983.0
9682.0,2228.0,2301.0,2268.0,957.0,964.0,964.0
9643.0,2245.0,2226.0,2285.0,955.0,970.0,962.0
9573.0,2206.0,2244.0,2249.0,949.0,958.0,967.0
9455.0,2237.0,2197.0,2171.0,958.0,941.0,951.0
9468.0,2228.0,2187.0,2205.0,947.0,944.0,957.0
9434.0,2189.0,2206.0,2194.0,948.0,939.0,958.0
9414.0,2191.0,2208.0,2193.0,937.0,938.0,947.0
9495.0,2212.0,2205.0,2205.0,955.0,966.0,952.0
9615.0,2250.0,2233.0,2246.0,965.0,967.0,954.0
9678.0,2249.0,2256.0,2272.0,965.0,986.0,950.0
9795.0,2280.0,2293.0,2291.0,964.0,987.0,980.0
9792.0,2296.0,2287.0,2292.0,977.0,983.0,957.0
9667.0,2218.0,2256.0,2269.0,967.0,981.0,976.0
9669.0,2268.0,2253.0,2233.0,965.0,978.0,972.0
9648.0,2267.0,2246.0,2276.0,953.0,951.0,955.0
9554.0,2276.0,2217.0,2192.0,956.0,955.0,958.0
9454.0,2194.0,2215.0,2208.0,949.0,941.0,947.0
9478.0,2215.0,2210.0,2224.0,955.0,925.0,949.0
9469.0,2195.0,2233.0,2203.0,942.0,943.0,953.0
9509.0,2224.0,2210.0,2226.0,958.0,947.0,944.0
9600.0,2229.0,2228.0,2241.0,979.0,954.0,969.0
9721.0,2266.0,2241.0,2296.0,968.0,972.0,978.0
9774.0,2293.0,2278.0,2270.0,983.0,981.0,969.0
9785.0,2266.0,2278.0,2289.0,990.0,986.0,976.0
9813.0,2299.0,2275.0,2301.0,985.0,979.0,974.0
9789.0,2235.0,2286.0,2314.0,967.0,998.0,989.0
9779.0,2266.0,2282.0,2285.0,975.0,981.0,990.0
9662.0,2253.0,2319.0,2217.0,953.0,945.0,975.0
9602.0,2248.0,2257.0,2229.0,946.0,952.0,970.0
9619.0,2247.0,2273.0,2238.0,954.0,956.0,951.0
9552.0,2241.0,2226.0,2233.0,949.0,952.0,951.0
9477.0,2201.0,2217.0,2214.0,955.0,947.0,943.0
9501.0,2213.0,2193.0,2254.0,948.0,945.0,948.0
9571.0,2248.0,2214.0,2240.0,963.0,960.0,946.0
9650.0,2260.0,2253.0,2250.0,970.0,961.0,956.0
9713.0,2290.0,2250.0,2251.0,993.0,964.0,965.0
9812.0,2301.0,2289.0,2271.0,979.0,990.0,982.0
9769.0,2271.0,2306.0,2228.0,981.0,992.0,991.0
9792.0,2303.0,2294.0,2246.0,977.0,987.0,985.0
9801.0,2255.0,2302.0,2299.0,973.0,984.0,988.0
9685.0,2254.0,2271.0,2241.0,961.0,977.0,981.0
9640.0,2252.0,2232.0,2259.0,953.0,976.0,968.0
9559.0,2245.0,2226.0,2206.0,960.0,959.0,963.0
9511.0,2226.0,2224.0,2232.0,941.0,939.0,949.0
9538.0,2208.0,2220.0,2247.0,952.0,961.0,950.0
9554.0,2232.0,2216.0,2250.0,950.0,958.0,948.0
9721.0,2255.0,2295.0,2264.0,974.0,961.0,972.0
9708.0,2265.0,2258.0,2270.0,970.0,970.0,975.0
9740.0,2267.0,2300.0,2263.0,986.0,965.0,959.0
9844.0,2303.0,2324.0,2261.0,1000.0,973.0,983.0
9861.0,2342.0,2297.0,2285.0,984.0,983.0,970.0
9800.0,2288.0,2308.0,2262.0,1003.0,968.0,971.0
9683.0,2263.0,2264.0,2240.0,980.0,957.0,979.0
9683.0,2246.0,2268.0,2278.0,962.0,966.0,963.0
9699.0,2269.0,2287.0,2260.0,958.0,960.0,965.0
9628.0,2253.0,2245.0,2254.0,957.0,951.0,968.0
9623.0,2267.0,2232.0,2270.0,948.0,956.0,950.0
9661.0,2246.0,2241.0,2284.0,965.0,964.0,961.0
9595.0,2230.0,2241.0,2248.0,952.0,960.0,964.0
9638.0,2238.0,2242.0,2251.0,964.0,964.0,979.0
9713.0,2275.0,2236.0,2265.0,979.0,982.0,976.0
9817.0,2305.0,2284.0,2252.0,988.0,993.0,995.0
9888.0,2309.0,2290.0,2310.0,988.0,992.0,999.0
9879.0,2330.0,2284.0,2294.0,1002.0,975.0,994.0
9867.0,2283.0,2305.0,2282.0,1004.0,988.0,1005.0
9790.0,2263.0,2313.0,2277.0,987.0,967.0,983.0
9728.0,2238.0,2296.0,2270.0,974.0,970.0,980.0
9718.0,2265.0,2283.0,2287.0,972.0,955.0,956.0
9577.0,2234.0,2216.0,2250.0,959.0,964.0,954.0
9573.0,2263.0,2198.0,2243.0,941.0,975.0,953.0
9544.0,2217.0,2227.0,2229.0,964.0,953.0,954.0
9541.0,2209.0,2210.0,2259.0,943.0,965.0,955.0
9595.0,2197.0,2256.0,2272.0,957.0,962.0,951.0
9698.0,2273.0,2278.0,2252.0,954.0,973.0,968.0
9823.0,2300.0,2327.0,2255.0,986.0,977.0,978.0
9878.0,2330.0,2322.0,2263.0,991.0,995.0,977.0
9914.0,2297.0,2324.0,2292.0,998.0,1005.0,998.0
9858.0,2310.0,2276.0,2304.0,987.0,997.0,984.0
9790.0,2294.0,2251.0,2279.0,995.0,997.0,974.0
9800.0,2301.0,2270.0,2280.0,979.0,982.0,988.0
9780.0,2268.0,2268.0,2334.0,977.0,964.0,969.0
9735.0,2290.0,2292.0,2268.0,960.0,954.0,971.0
9594.0,2237.0,2250.0,2243.0,956.0,947.0,961.0
9573.0,2241.0,2235.0,2236.0,951.0,949.0,961.0
9610.0,2226.0,2254.0,2256.0,967.0,946.0,961.0
9703.0,2272.0,2282.0,2259.0,961.0,963.0,966.0
9741.0,2287.0,2263.0,2287.0,964.0,974.0,966.0
9846.0,2346.0,2264.0,2282.0,978.0,990.0,986.0
9873.0,2331.0,2285.0,2313.0,996.0,973.0,975.0
9911.0,2321.0,2320.0,2310.0,1000.0,983.0,977.0
9899.0,2300.0,2294.0,2318.0,1006.0,992.0,989.0
9900.0,2293.0,2298.0,2333.0,999.0,1003.0,974.0
9852.0,2268.0,2318.0,2329.0,994.0,984.0,959.0
9785.0,2262.0,2321.0,2286.0,983.0,971.0,962.0
9746.0,2270.0,2260.0,2281.0,977.0,983.0,975.0
9646.0,2254.0,2261.0,2236.0,958.0,973.0,964.0
9549.0,2232.0,2210.0,2211.0,962.0,974.0,960.0
9603.0,2279.0,2228.0,2208.0,957.0,975.0,956.0
9621.0,2248.0,2228.0,2231.0,964.0,968.0,982.0
9812.0,2277.0,2294.0,2305.0,970.0,980.0,986.0
9933.0,2339.0,2302.0,2318.0,976.0,986.0,1012.0
10042.0,2348.0,2343.0,2374.0,996.0,988.0,993.0
9953.0,2311.0,2350.0,2318.0,989.0,988.0,997.0
9951.0,2321.0,2318.0,2342.0,989.0,993.0,988.0
9972.0,2311.0,2319.0,2349.0,1003.0,998.0,992.0
9800.0,2272.0,2257.0,2320.0,989.0,979.0,983.0
9805.0,2286.0,2292.0,2277.0,985.0,990.0,975.0
9702.0,2296.0,2239.0,2253.0,970.0,966.0,978.0
9674.0,2283.0,2250.0,2228.0,976.0,970.0,967.0
9657.0,2235.0,2255.0,2265.0,966.0,981.0,955.0
9748.0,2269.0,2283.0,2290.0,970.0,975.0,961.0
9685.0,2266.0,2269.0,2240.0,966.0,979.0,965.0
9770.0,2272.0,2308.0,2279.0,973.0,975.0,963.0
9864.0,2315.0,2302.0,2329.0,974.0,973.0,971.0
10035.0,2369.0,2357.0,2342.0,992.0,994.0,981.0
10009.0,2340.0,2321.0,2365.0,991.0,997.0,995.0
9894.0,2276.0,2318.0,2320.0,1001.0,980.0,999.0
9903.0,2276.0,2338.0,2298.0,1002.0,998.0,991.0
9850.0,2320.0,2300.0,2268.0,989.0,985.0,988.0
9845.0,2295.0,2292.0,2305.0,998.0,974.0,981.0
9760.0,2295.0,2283.0,2256.0,970.0,971.0,985.0
9628.0,2251.0,2221.0,2247.0,975.0,960.0,974.0
9737.0,2281.0,2260.0,2281.0,968.0,959.0,988.0
9699.0,2246.0,2231.0,2285.0,982.0,982.0,973.0
9775.0,2253.0,2286.0,2312.0,974.0,975.0,975.0
9802.0,2291.0,2255.0,2288.0,979.0,1000.0,989.0
10004.0,2380.0,2311.0,2299.0,994.0,1015.0,1005.0
9935.0,2341.0,2283.0,2328.0,990.0,999.0,994.0
9980.0,2344.0,2304.0,2338.0,985.0,1013.0,996.0
9996.0,2295.0,2362.0,2341.0,992.0,1001.0,1005.0
9910.0,2292.0,2341.0,2308.0,990.0,998.0,981.0
9809.0,2267.0,2289.0,2303.0,988.0,973.0,989.0
9832.0,2318.0,2289.0,2300.0,979.0,974.0,972.0
9698.0,2281.0,2263.0,2228.0,979.0,972.0,975.0
9737.0,2272.0,2291.0,2260.0,978.0,967.0,969.0
9701.0,2263.0,2249.0,2284.0,979.0,952.0,974.0
9726.0,2261.0,2278.0,2286.0,968.0,961.0,972.0
9852.0,2306.0,2311.0,2294.0,982.0,978.0,981.0
9945.0,2303.0,2319.0,2339.0,999.0,983.0,1002.0
10014.0,2351.0,2370.0,2341.0,972.0,988.0,992.0
9998.0,2334.0,2348.0,2337.0,983.0,998.0,998.0
10008.0,2324.0,2320.0,2342.0,1009.0,1002.0,1011.0
10017.0,2313.0,2350.0,2329.0,999.0,1013.0,1013.0
9914.0,2306.0,2305.0,2320.0,993.0,1006.0,984.0
9874.0,2308.0,2281.0,2309.0,988.0,1002.0,986.0
9843.0,2324.0,2320.0,2269.0,964.0,993.0,973.0
9862.0,2316.0,2308.0,2291.0,978.0,992.0,977.0
9748.0,2277.0,2291.0,2248.0,977.0,977.0,978.0
9740.0,2273.0,2293.0,2259.0,991.0,967.0,957.0
9774.0,2281.0,2247.0,2318.0,971.0,987.0,970.0
9803.0,2254.0,2267.0,2312.0,999.0,977.0,994.0
9891.0,2295.0,2289.0,2334.0,1001.0,989.0,983.0
9939.0,2316.0,2321.0,2335.0,1006.0,972.0,989.0
10038.0,2369.0,2344.0,2339.0,984.0,999.0,1003.0
10045.0,2350.0,2365.0,2310.0,1008.0,1006.0,1006.0
10011.0,2315.0,2361.0,2341.0,1003.0,989.0,1002.0
9981.0,2325.0,2331.0,2325.0,997.0,1003.0,1000.0
9893.0,2307.0,2326.0,2285.0,968.0,1004.0,1003.0
9880.0,2327.0,2291.0,2281.0,983.0,995.0,1003.0
9785.0,2302.0,2283.0,2277.0,974.0,970.0,979.0
9807.0,2298.0,2280.0,2289.0,969.0,987.0,984.0
9727.0,2251.0,2250.0,2285.0,982.0,989.0,970.0
9799.0,2276.0,2268.0,2293.0,992.0,993.0,977.0
9797.0,2277.0,2303.0,2264.0,990.0,982.0,981.0
9938.0,2283.0,2354.0,2327.0,995.0,992.0,987.0
10028.0,2314.0,2359.0,2354.0,1003.0,1003.0,995.0
9986.0,2342.0,2342.0,2300.0,1000.0,1006.0,996.0
10099.0,2367.0,2351.0,2370.0,994.0,1010.0,1007.0
9959.0,2300.0,2318.0,2339.0,1002.0,1002.0,998.0
9995.0,2342.0,2344.0,2337.0,983.0,1000.0,989.0
9905.0,2314.0,2331.0,2296.0,996.0,984.0,984.0
9885.0,2323.0,2319.0,2301.0,979.0,989.0,974.0
9849.0,2325.0,2288.0,2308.0,974.0,977.0,977.0
9816.0,2287.0,2303.0,2283.0,978.0,989.0,976.0
9815.0,2277.0,2285.0,2307.0,997.0,983.0,966.0
9881.0,2272.0,2334.0,2305.0,990.0,988.0,992.0
9866.0,2278.0,2301.0,2311.0,986.0,997.0,993.0
9955.0,2338.0,2317.0,2299.0,998.0,999.0,1004.0
10039.0,2354.0,2329.0,2336.0,1001.0,1011.0,1008.0
10085.0,2377.0,2320.0,2335.0,1018.0,1021.0,1014.0
10121.0,2374.0,2355.0,2351.0,1011.0,1010.0,1020.0
10123.0,2354.0,2373.0,2351.0,1009.0,1019.0,1017.0
10091.0,2342.0,2352.0,2376.0,1007.0,1000.0,1014.0
9966.0,2300.0,2341.0,2358.0,990.0,986.0,991.0
9885.0,2300.0,2318.0,2301.0,990.0,984.0,992.0
9952.0,2345.0,2321.0,2314.0,988.0,992.0,992.0
9800.0,2298.0,2300.0,2274.0,987.0,967.0,974.0
9805.0,2299.0,2286.0,2303.0,979.0,974.0,964.0
9858.0,2300.0,2294.0,2307.0,984.0,998.0,975.0
9884.0,2299.0,2312.0,2317.0,995.0,976.0,985.0
9984.0,2338.0,2334.0,2318.0,995.0,1003.0,996.0
10060.0,2338.0,2355.0,2322.0,1030.0,1010.0,1005.0
10081.0,2348.0,2388.0,2312.0,1007.0,1023.0,1003.0
10142.0,2344.0,2385.0,2375.0,1019.0,1011.0,1008.0
10186.0,2342.0,2378.0,2393.0,1017.0,1034.0,1022.0
10039.0,2285.0,2360.0,2379.0,1004.0,1009.0,1002.0
9999.0,2324.0,2314.0,2356.0,999.0,987.0,1019.0
9906.0,2297.0,2274.0,2360.0,984.0,995.0,996.0
9910.0,2340.0,2295.0,2306.0,988.0,987.0,994.0
9875.0,2319.0,2312.0,2282.0,983.0,980.0,999.0
9882.0,2303.0,2314.0,2293.0,981.0,991.0,1000.0
9828.0,2251.0,2336.0,2282.0,986.0,979.0,994.0
9868.0,2294.0,2326.0,2288.0,986.0,985.0,989.0
9996.0,2360.0,2350.0,2314.0,995.0,977.0,1000.0
10031.0,2350.0,2337.0,2323.0,1008.0,999.0,1014.0
10143.0,2396.0,2345.0,2360.0,1019.0,1012.0,1011.0
10105.0,2357.0,2343.0,2361.0,1020.0,1014.0,1010.0
10143.0,2353.0,2382.0,2358.0,1024.0,1010.0,1016.0
10177.0,2389.0,2389.0,2365.0,1012.0,1010.0,1012.0
10104.0,2346.0,2344.0,2398.0,1005.0,1013.0,998.0
10002.0,2360.0,2301.0,2338.0,1001.0,1019.0,983.0
9958.0,2330.0,2301.0,2336.0,996.0,999.0,996.0
9832.0,2286.0,2315.0,2259.0,984.0,995.0,993.0
9832.0,2271.0,2308.0,2309.0,982.0,994.0,968.0
9885.0,2306.0,2285.0,2314.0,991.0,990.0,999.0
9896.0,2312.0,2294.0,2318.0,972.0,994.0,1006.0
10019.0,2367.0,2334.0,2320.0,1003.0,993.0,1002.0
10121.0,2361.0,2370.0,2355.0,1013.0,997.0,1025.0
10175.0,2392.0,2375.0,2360.0,1017.0,1012.0,1019.0
10178.0,2367.0,2383.0,2387.0,1021.0,1008.0,1012.0
10240.0,2378.0,2401.0,2379.0,1035.0,1013.0,1034.0
10091.0,2309.0,2381.0,2381.0,1012.0,995.0,1013.0
10064.0,2343.0,2351.0,2372.0,992.0,1005.0,1001.0
9982.0,2325.0,2298.0,2348.0,999.0,1011.0,1001.0
10002.0,2338.0,2325.0,2332.0,994.0,1006.0,1007.0
9863.0,2339.0,2294.0,2297.0,965.0,988.0,980.0
9885.0,2310.0,2290.0,2315.0,980.0,1001.0,989.0
9900.0,2306.0,2324.0,2306.0,977.0,1001.0,986.0
9951.0,2297.0,2328.0,2331.0,989.0,1011.0,995.0
10011.0,2296.0,2370.0,2338.0,1010.0,1004.0,993.0
10157.0,2358.0,2388.0,2368.0,1016.0,1008.0,1019.0
10165.0,2391.0,2359.0,2370.0,1005.0,1020.0,1020.0
10222.0,2365.0,2414.0,2398.0,1002.0,1027.0,1016.0
10163.0,2375.0,2358.0,2377.0,1014.0,1019.0,1020.0
10081.0,2319.0,2368.0,2371.0,1015.0,996.0,1012.0
10108.0,2343.0,2341.0,2398.0,1017.0,1010.0,999.0
10106.0,2372.0,2357.0,2354.0,1011.0,1007.0,1005.0
9975.0,2351.0,2326.0,2294.0,998.0,999.0,1007.0
9911.0,2314.0,2340.0,2286.0,982.0,979.0,1010.0
9944.0,2324.0,2355.0,2292.0,990.0,984.0,999.0
9896.0,2300.0,2294.0,2323.0,1000.0,984.0,995.0
9913.0,2306.0,2293.0,2322.0,987.0,1007.0,998.0
10108.0,2368.0,2316.0,2387.0,1008.0,1012.0,1017.0
10173.0,2389.0,2355.0,2389.0,1005.0,1023.0,1012.0
10179.0,2359.0,2387.0,2392.0,1007.0,1031.0,1003.0
10241.0,2380.0,2399.0,2387.0,1021.0,1033.0,1021.0
10272.0,2399.0,2416.0,2388.0,1036.0,1030.0,1003.0
10172.0,2353.0,2388.0,2363.0,1030.0,1032.0,1006.0
10136.0,2390.0,2360.0,2345.0,1017.0,1017.0,1007.0
10054.0,2368.0,2349.0,2310.0,1017.0,1013.0,997.0
9967.0,2364.0,2297.0,2318.0,1004.0,992.0,992.0
9913.0,2306.0,2298.0,2323.0,997.0,993.0,996.0
9921.0,2306.0,2300.0,2323.0,1004.0,985.0,1003.0
9905.0,2333.0,2294.0,2314.0,980.0,994.0,990.0
10104.0,2349.0,2365.0,2383.0,996.0,1004.0,1007.0
10151.0,2363.0,2385.0,2373.0,1005.0,1011.0,1014.0
10155.0,2374.0,2359.0,2366.0,1012.0,1019.0,1025.0
10242.0,2386.0,2412.0,2376.0,1011.0,1019.0,1038.0
10252.0,2391.0,2386.0,2391.0,1026.0,1032.0,1026.0
10239.0,2376.0,2371.0,2389.0,1024.0,1042.0,1037.0
10131.0,2345.0,2364.0,2377.0,1007.0,1018.0,1020.0
10081.0,2340.0,2343.0,2343.0,1010.0,1027.0,1018.0
10112.0,2367.0,2366.0,2341.0,1001.0,1014.0,1023.0
10088.0,2378.0,2328.0,2346.0,1015.0,1017.0,1004.0
10008.0,2348.0,2319.0,2337.0,1001.0,1005.0,998.0
9977.0,2322.0,2327.0,2343.0,996.0,1000.0,989.0
9992.0,2339.0,2346.0,2317.0,997.0,1002.0,991.0
9948.0,2311.0,2308.0,2339.0,998.0,1001.0,991.0
10035.0,2356.0,2327.0,2353.0,1000.0,1004.0,995.0
10164.0,2388.0,2340.0,2381.0,1014.0,1020.0,1021.0
10179.0,2399.0,2334.0,2397.0,1007.0,1024.0,1018.0
10227.0,2387.0,2386.0,2386.0,1022.0,1018.0,1028.0
10254.0,2402.0,2392.0,2384.0,1023.0,1040.0,1013.0
10259.0,2381.0,2408.0,2378.0,1034.0,1027.0,1031.0
10139.0,2361.0,2388.0,2342.0,1012.0,1006.0,1030.0
10171.0,2393.0,2350.0,2379.0,1029.0,1006.0,1014.0
10096.0,2334.0,2329.0,2384.0,1032.0,1008.0,1009.0
10085.0,2343.0,2341.0,2364.0,1014.0,1008.0,1015.0
10014.0,2311.0,2297.0,2367.0,1003.0,1019.0,1017.0
10044.0,2352.0,2335.0,2337.0,1006.0,1008.0,1006.0
10069.0,2332.0,2344.0,2350.0,1010.0,1029.0,1004.0
10175.0,2373.0,2359.0,2389.0,1017.0,1019.0,1018.0
10259.0,2392.0,2399.0,2404.0,1011.0,1038.0,1015.0
10295.0,2437.0,2403.0,2401.0,1023.0,1024.0,1007.0
10343.0,2418.0,2438.0,2415.0,1019.0,1031.0,1022.0
10190.0,2399.0,2377.0,2380.0,1012.0,1003.0,1019.0
10222.0,2380.0,2383.0,2411.0,1015.0,1010.0,1023.0
10121.0,2385.0,2346.0,2363.0,1023.0,1006.0,998.0
10118.0,2380.0,2351.0,2349.0,1018.0,1009.0,1011.0
10123.0,2380.0,2331.0,2379.0,1013.0,1008.0,1012.0
10006.0,2325.0,2330.0,2356.0,998.0,1002.0,995.0
10065.0,2358.0,2360.0,2346.0,997.0,1013.0,991.0
10060.0,2347.0,2348.0,2339.0,1016.0,1008.0,1002.0
10189.0,2356.0,2397.0,2379.0,1030.0,1016.0,1011.0
10200.0,2369.0,2374.0,2360.0,1020.0,1039.0,1038.0
10277.0,2408.0,2384.0,2388.0,1032.0,1031.0,1034.0
10274.0,2401.0,2384.0,2385.0,1031.0,1039.0,1034.0
10237.0,2404.0,2355.0,2376.0,1019.0,1030.0,1053.0
10338.0,2435.0,2393.0,2407.0,1024.0,1033.0,1046.0
10201.0,2379.0,2367.0,2397.0,1011.0,1019.0,1028.0
10219.0,2366.0,2408.0,2385.0,1013.0,1024.0,1023.0
10152.0,2385.0,2344.0,2399.0,1018.0,998.0,1008.0
10089.0,2370.0,2351.0,2365.0,1005.0,991.0,1007.0
10099.0,2341.0,2360.0,2379.0,1011.0,998.0,1010.0
10104.0,2350.0,2369.0,2361.0,1017.0,1008.0,999.0
10023.0,2329.0,2352.0,2335.0,1009.0,999.0,999.0
10097.0,2347.0,2338.0,2376.0,1025.0,1006.0,1005.0
10197.0,2405.0,2363.0,2369.0,1020.0,1026.0,1014.0
10315.0,2413.0,2402.0,2386.0,1055.0,1018.0,1041.0
10405.0,2448.0,2424.0,2423.0,1039.0,1045.0,1026.0
10359.0,2430.0,2405.0,2403.0,1035.0,1046.0,1040.0
10333.0,2389.0,2459.0,2396.0,1033.0,1031.0,1025.0
10267.0,2371.0,2426.0,2408.0,1011.0,1032.0,1019.0
10277.0,2389.0,2401.0,2400.0,1037.0,1034.0,1016.0
10180.0,2367.0,2362.0,2388.0,1001.0,1042.0,1020.0
10149.0,2389.0,2337.0,2401.0,1005.0,1009.0,1008.0
10166.0,2392.0,2354.0,2379.0,1012.0,1011.0,1018.0
10058.0,2342.0,2343.0,2359.0,993.0,997.0,1024.0
10035.0,2336.0,2365.0,2302.0,1018.0,996.0,1018.0
10168.0,2389.0,2399.0,2343.0,1021.0,1004.0,1012.0
10296.0,2401.0,2413.0,2403.0,1035.0,1012.0,1032.0
10344.0,2430.0,2422.0,2398.0,1040.0,1014.0,1040.0
10443.0,2454.0,2423.0,2442.0,1056.0,1032.0,1036.0
10395.0,2430.0,2389.0,2453.0,1053.0,1042.0,1028.0
10332.0,2437.0,2364.0,2420.0,1039.0,1043.0,1029.0
10389.0,2410.0,2440.0,2437.0,1029.0,1039.0,1034.0
10290.0,2349.0,2394.0,2442.0,1028.0,1056.0,1021.0
10275.0,2407.0,2370.0,2416.0,1019.0,1038.0,1025.0
10250.0,2393.0,2395.0,2405.0,1006.0,1031.0,1020.0
10067.0,2343.0,2367.0,2330.0,1004.0,1021.0,1002.0
10098.0,2373.0,2376.0,2348.0,992.0,1008.0,1001.0
10126.0,2346.0,2367.0,2363.0,1017.0,1019.0,1014.0
10131.0,2351.0,2343.0,2395.0,1021.0,999.0,1022.0
10191.0,2357.0,2358.0,2374.0,1019.0,1038.0,1045.0
10301.0,2425.0,2374.0,2401.0,1034.0,1038.0,1029.0
10366.0,2435.0,2427.0,2403.0,1029.0,1025.0,1047.0
10405.0,2442.0,2414.0,2421.0,1033.0,1046.0,1049.0
10430.0,2420.0,2444.0,2447.0,1046.0,1033.0,1040.0
10409.0,2400.0,2450.0,2461.0,1031.0,1023.0,1044.0
10281.0,2383.0,2414.0,2400.0,1029.0,1027.0,1028.0
10252.0,2391.0,2383.0,2432.0,1013.0,1019.0,1014.0
10186.0,2403.0,2374.0,2372.0,1007.0,1009.0,1021.0
10132.0,2347.0,2350.0,2381.0,1009.0,1026.0,1019.0
10060.0,2349.0,2316.0,2338.0,1000.0,1036.0,1021.0
10100.0,2350.0,2373.0,2341.0,1018.0,1007.0,1011.0
10151.0,2366.0,2368.0,2356.0,1015.0,1030.0,1016.0
10403.0,2413.0,2437.0,2434.0,1039.0,1047.0,1033.0
10435.0,2464.0,2445.0,2413.0,1041.0,1040.0,1032.0
10410.0,2438.0,2429.0,2434.0,1039.0,1042.0,1028.0
10484.0,2435.0,2452.0,2473.0,1045.0,1044.0,1035.0
10388.0,2416.0,2402.0,2430.0,1059.0,1029.0,1052.0
10383.0,2372.0,2439.0,2449.0,1051.0,1024.0,1048.0
10314.0,2425.0,2365.0,2441.0,1015.0,1041.0,1027.0
10250.0,2409.0,2392.0,2394.0,1009.0,1013.0,1033.0
10226.0,2408.0,2384.0,2369.0,1012.0,1022.0,1031.0
10109.0,2386.0,2356.0,2338.0,1016.0,995.0,1018.0
10215.0,2380.0,2418.0,2376.0,993.0,1014.0,1034.0
10159.0,2357.0,2396.0,2363.0,997.0,1014.0,1032.0
10220.0,2384.0,2361.0,2402.0,1014.0,1023.0,1036.0
10342.0,2393.0,2392.0,2450.0,1019.0,1034.0,1054.0
10441.0,2458.0,2412.0,2451.0,1035.0,1044.0,1041.0
10453.0,2430.0,2428.0,2461.0,1048.0,1053.0,1033.0
10507.0,2458.0,2446.0,2457.0,1053.0,1053.0,1040.0
10454.0,2434.0,2417.0,2463.0,1055.0,1050.0,1035.0
10427.0,2428.0,2441.0,2420.0,1046.0,1048.0,1044.0
10330.0,2400.0,2463.0,2373.0,1028.0,1041.0,1025.0
10302.0,2395.0,2423.0,2397.0,1045.0,1021.0,1021.0
10206.0,2392.0,2384.0,2386.0,1022.0,1013.0,1009.0
10145.0,2382.0,2372.0,2373.0,1001.0,1012.0,1005.0
10145.0,2371.0,2346.0,2368.0,1010.0,1017.0,1033.0
10195.0,2347.0,2358.0,2406.0,1020.0,1025.0,1039.0
10214.0,2372.0,2383.0,2381.0,1023.0,1036.0,1019.0
10287.0,2378.0,2408.0,2424.0,1023.0,1028.0,1026.0
10489.0,2436.0,2462.0,2482.0,1033.0,1029.0,1047.0
10509.0,2458.0,2451.0,2476.0,1044.0,1031.0,1049.0
10584.0,2485.0,2479.0,2456.0,1049.0,1049.0,1066.0
10530.0,2462.0,2464.0,2441.0,1058.0,1055.0,1050.0
10481.0,2442.0,2452.0,2439.0,1061.0,1038.0,1049.0
10374.0,2430.0,2384.0,2436.0,1047.0,1042.0,1035.0
10296.0,2415.0,2390.0,2410.0,1021.0,1033.0,1027.0
10216.0,2380.0,2393.0,2342.0,1041.0,1034.0,1026.0
10240.0,2389.0,2401.0,2399.0,1023.0,1020.0,1008.0
10212.0,2371.0,2392.0,2387.0,1023.0,1034.0,1005.0
10209.0,2355.0,2374.0,2420.0,1015.0,1016.0,1029.0
10315.0,2399.0,2441.0,2425.0,1011.0,1026.0,1013.0
10351.0,2414.0,2425.0,2443.0,1027.0,1029.0,1013.0
10441.0,2436.0,2435.0,2440.0,1043.0,1046.0,1041.0
10448.0,2437.0,2452.0,2433.0,1041.0,1037.0,1048.0
10535.0,2483.0,2423.0,2453.0,1063.0,1052.0,1061.0
10527.0,2456.0,2470.0,2455.0,1039.0,1048.0,1059.0
10392.0,2422.0,2423.0,2407.0,1050.0,1039.0,1051.0
10431.0,2426.0,2458.0,2406.0,1052.0,1041.0,1048.0
10374.0,2419.0,2422.0,2432.0,1032.0,1037.0,1032.0
10323.0,2427.0,2408.0,2395.0,1021.0,1039.0,1033.0
10228.0,2405.0,2372.0,2380.0,1018.0,1025.0,1028.0
10234.0,2374.0,2375.0,2394.0,1029.0,1027.0,1035.0
10260.0,2366.0,2396.0,2417.0,1021.0,1035.0,1025.0
10290.0,2373.0,2375.0,2452.0,1027.0,1035.0,1028.0
10375.0,2416.0,2415.0,2406.0,1053.0,1045.0,1040.0
10514.0,2475.0,2439.0,2482.0,1039.0,1041.0,1038.0
10466.0,2438.0,2440.0,2439.0,1051.0,1058.0,1040.0
10519.0,2472.0,2459.0,2439.0,1044.0,1048.0,1057.0
10523.0,2454.0,2475.0,2427.0,1046.0,1061.0,1060.0
10428.0,2420.0,2438.0,2436.0,1058.0,1043.0,1033.0
10380.0,2398.0,2405.0,2435.0,1064.0,1037.0,1041.0
10377.0,2415.0,2431.0,2436.0,1039.0,1030.0,1026.0
10253.0,2413.0,2350.0,2411.0,1025.0,1015.0,1039.0
10289.0,2418.0,2380.0,2403.0,1042.0,1016.0,1030.0
10260.0,2397.0,2373.0,2415.0,1037.0,1019.0,1019.0
10286.0,2378.0,2408.0,2408.0,1034.0,1031.0,1027.0
10337.0,2406.0,2458.0,2373.0,1021.0,1038.0,1041.0
10402.0,2415.0,2448.0,2402.0,1040.0,1050.0,1047.0
10494.0,2462.0,2459.0,2432.0,1037.0,1050.0,1054.0
10573.0,2495.0,2469.0,2434.0,1066.0,1054.0,1055.0
10516.0,2466.0,2453.0,2421.0,1045.0,1063.0,1068.0
10593.0,2447.0,2468.0,2483.0,1059.0,1068.0,1068.0
10463.0,2407.0,2446.0,2464.0,1051.0,1054.0,1041.0
10488.0,2431.0,2451.0,2466.0,1041.0,1051.0,1048.0
10377.0,2440.0,2405.0,2427.0,1035.0,1036.0,1034.0
10398.0,2417.0,2440.0,2444.0,1050.0,1028.0,1019.0
10316.0,2439.0,2402.0,2414.0,1026.0,1010.0,1025.0
10308.0,2407.0,2397.0,2416.0,1032.0,1025.0,1031.0
10257.0,2388.0,2393.0,2401.0,1031.0,1018.0,1026.0
10370.0,2418.0,2424.0,2427.0,1044.0,1031.0,1026.0
10439.0,2458.0,2429.0,2433.0,1048.0,1046.0,1025.0
10515.0,2492.0,2453.0,2440.0,1029.0,1053.0,1048.0
10547.0,2463.0,2464.0,2453.0,1057.0,1055.0,1055.0
10606.0,2464.0,2502.0,2460.0,1053.0,1067.0,1060.0
10564.0,2457.0,2484.0,2464.0,1029.0,1067.0,1063.0
10562.0,2431.0,2493.0,2479.0,1035.0,1070.0,1054.0
10541.0,2473.0,2467.0,2453.0,1053.0,1053.0,1042.0
10405.0,2402.0,2435.0,2430.0,1051.0,1038.0,1049.0
10412.0,2433.0,2407.0,2438.0,1049.0,1044.0,1041.0
10300.0,2393.0,2398.0,2412.0,1039.0,1017.0,1041.0
10322.0,2379.0,2402.0,2404.0,1050.0,1040.0,1047.0
10299.0,2419.0,2404.0,2369.0,1037.0,1021.0,1049.0
10344.0,2410.0,2406.0,2409.0,1048.0,1026.0,1045.0
10454.0,2442.0,2450.0,2433.0,1038.0,1049.0,1042.0
10520.0,2480.0,2477.0,2407.0,1047.0,1052.0,1057.0
10629.0,2480.0,2489.0,2499.0,1060.0,1048.0,1053.0
10678.0,2496.0,2484.0,2507.0,1070.0,1062.0,1059.0
10592.0,2473.0,2474.0,2480.0,1058.0,1062.0,1045.0
10562.0,2449.0,2439.0,2517.0,1051.0,1060.0,1046.0
10485.0,2437.0,2431.0,2475.0,1037.0,1064.0,1041.0
10430.0,2448.0,2437.0,2431.0,1037.0,1047.0,1030.0
10419.0,2457.0,2436.0,2421.0,1033.0,1034.0,1038.0
10387.0,2420.0,2431.0,2416.0,1047.0,1049.0,1024.0
10344.0,2408.0,2441.0,2411.0,1027.0,1029.0,1028.0
10305.0,2374.0,2415.0,2383.0,1038.0,1055.0,1040.0
10382.0,2433.0,2417.0,2394.0,1053.0,1041.0,1044.0
10426.0,2434.0,2412.0,2418.0,1056.0,1057.0,1049.0
10659.0,2495.0,2483.0,2501.0,1056.0,1059.0,1065.0
10667.0,2500.0,2478.0,2506.0,1061.0,1056.0,1066.0
10651.0,2510.0,2464.0,2496.0,1059.0,1060.0,1062.0
10658.0,2478.0,2492.0,2497.0,1053.0,1073.0,1065.0
10563.0,2438.0,2496.0,2476.0,1052.0,1046.0,1055.0
10575.0,2491.0,2454.0,2484.0,1032.0,1045.0,1069.0
10459.0,2472.0,2458.0,2420.0,1042.0,1034.0,1033.0
10445.0,2444.0,2447.0,2438.0,1040.0,1028.0,1048.0
10330.0,2420.0,2391.0,2415.0,1026.0,1038.0,1040.0
10311.0,2395.0,2422.0,2395.0,1032.0,1036.0,1031.0
10344.0,2435.0,2408.0,2404.0,1035.0,1038.0,1024.0
10407.0,2417.0,2422.0,2432.0,1046.0,1056.0,1034.0
10468.0,2459.0,2425.0,2452.0,1045.0,1041.0,1046.0
10729.0,2498.0,2510.0,2514.0,1065.0,1068.0,1074.0
10712.0,2508.0,2489.0,2507.0,1069.0,1075.0,1064.0
10743.0,2505.0,2482.0,2569.0,1070.0,1064.0,1053.0
10622.0,2474.0,2477.0,2472.0,1062.0,1068.0,1069.0
10575.0,2472.0,2479.0,2455.0,1047.0,1054.0,1068.0
10499.0,2475.0,2403.0,2468.0,1049.0,1044.0,1060.0
10468.0,2452.0,2448.0,2431.0,1043.0,1038.0,1056.0
10392.0,2458.0,2377.0,2420.0,1030.0,1049.0,1058.0
10370.0,2432.0,2423.0,2406.0,1038.0,1045.0,1026.0
10346.0,2424.0,2424.0,2398.0,1026.0,1034.0,1040.0
10467.0,2435.0,2476.0,2427.0,1048.0,1039.0,1042.0
10555.0,2434.0,2474.0,2484.0,1056.0,1044.0,1063.0
10582.0,2457.0,2468.0,2505.0,1042.0,1055.0,1055.0
10664.0,2489.0,2479.0,2495.0,1066.0,1073.0,1062.0
10680.0,2490.0,2467.0,2499.0,1083.0,1076.0,1065.0
10738.0,2498.0,2502.0,2511.0,1066.0,1083.0,1078.0
10677.0,2506.0,2487.0,2455.0,1075.0,1080.0,1074.0
10659.0,2492.0,2492.0,2488.0,1068.0,1065.0,1054.0
10550.0,2432.0,2485.0,2456.0,1057.0,1074.0,1046.0
10519.0,2477.0,2488.0,2402.0,1050.0,1055.0,1047.0
10472.0,2461.0,2458.0,2437.0,1036.0,1030.0,1050.0
10363.0,2414.0,2440.0,2408.0,1037.0,1039.0,1025.0
10437.0,2434.0,2457.0,2417.0,1034.0,1044.0,1051.0
10419.0,2425.0,2419.0,2459.0,1037.0,1033.0,1046.0
10529.0,2445.0,2458.0,2468.0,1050.0,1054.0,1054.0
10555.0,2443.0,2443.0,2491.0,1055.0,1059.0,1064.0
10686.0,2491.0,2474.0,2519.0,1062.0,1068.0,1072.0
10742.0,2521.0,2516.0,2494.0,1083.0,1050.0,1078.0
10729.0,2477.0,2507.0,2486.0,1086.0,1083.0,1090.0
10739.0,2512.0,2508.0,2488.0,1083.0,1072.0,1076.0
10632.0,2479.0,2449.0,2500.0,1072.0,1057.0,1075.0
10590.0,2462.0,2463.0,2455.0,1067.0,1068.0,1075.0
10577.0,2492.0,2435.0,2460.0,1059.0,1075.0,1056.0
10526.0,2484.0,2465.0,2437.0,1039.0,1061.0,1040.0
10448.0,2443.0,2428.0,2435.0,1045.0,1058.0,1039.0
10402.0,2413.0,2429.0,2436.0,1042.0,1047.0,1035.0
10467.0,2440.0,2453.0,2438.0,1052.0,1036.0,1048.0
10584.0,2489.0,2453.0,2471.0,1050.0,1065.0,1056.0
10592.0,2476.0,2493.0,2469.0,1057.0,1054.0,1043.0
10685.0,2498.0,2506.0,2499.0,1056.0,1055.0,1071.0
10745.0,2498.0,2513.0,2530.0,1065.0,1060.0,1079.0
10743.0,2524.0,2478.0,2531.0,1082.0,1071.0,1057.0
10681.0,2473.0,2497.0,2496.0,1075.0,1063.0,1077.0
10666.0,2491.0,2475.0,2488.0,1065.0,1063.0,1084.0
10660.0,2484.0,2495.0,2489.0,1060.0,1055.0,1077.0
10582.0,2477.0,2477.0,2439.0,1067.0,1055.0,1067.0
10484.0,2465.0,2446.0,2443.0,1042.0,1046.0,1042.0
10552.0,2492.0,2475.0,2436.0,1041.0,1059.0,1049.0
10453.0,2438.0,2421.0,2447.0,1046.0,1043.0,1058.0
10497.0,2466.0,2447.0,2442.0,1045.0,1051.0,1046.0
10535.0,2458.0,2462.0,2457.0,1051.0,1057.0,1050.0
10607.0,2501.0,2457.0,2473.0,1051.0,1064.0,1061.0
10702.0,2502.0,2462.0,2506.0,1071.0,1085.0,1076.0
10713.0,2536.0,2496.0,2470.0,1068.0,1076.0,1067.0
10747.0,2519.0,2512.0,2477.0,1090.0,1082.0,1067.0
10748.0,2496.0,2543.0,2478.0,1084.0,1079.0,1068.0
10698.0,2462.0,2530.0,2490.0,1074.0,1074.0,1068.0
10676.0,2482.0,2477.0,2496.0,1087.0,1063.0,1071.0
10666.0,2523.0,2488.0,2486.0,1063.0,1046.0,1060.0
10611.0,2506.0,2458.0,2491.0,1059.0,1049.0,1048.0
10531.0,2460.0,2435.0,2486.0,1044.0,1051.0,1055.0
10412.0,2479.0,2395.0,2395.0,1042.0,1050.0,1051.0
10494.0,2439.0,2463.0,2453.0,1039.0,1042.0,1058.0
10539.0,2437.0,2479.0,2445.0,1049.0,1069.0,1060.0
10637.0,2483.0,2515.0,2461.0,1054.0,1066.0,1058.0
10723.0,2528.0,2479.0,2489.0,1070.0,1072.0,1085.0
10811.0,2542.0,2510.0,2510.0,1070.0,1082.0,1097.0
10793.0,2530.0,2525.0,2494.0,1074.0,1091.0,1079.0
10768.0,2508.0,2493.0,2498.0,1076.0,1087.0,1106.0
10820.0,2499.0,2533.0,2532.0,1088.0,1083.0,1085.0
10657.0,2487.0,2453.0,2520.0,1062.0,1075.0,1060.0
10616.0,2467.0,2479.0,2462.0,1078.0,1077.0,1053.0
10615.0,2482.0,2495.0,2480.0,1054.0,1053.0,1051.0
10593.0,2468.0,2504.0,2470.0,1066.0,1041.0,1044.0
10524.0,2442.0,2485.0,2464.0,1036.0,1049.0,1048.0
10558.0,2452.0,2483.0,2490.0,1056.0,1039.0,1038.0
10517.0,2462.0,2464.0,2458.0,1055.0,1032.0,1046.0
10619.0,2479.0,2475.0,2471.0,1065.0,1070.0,1059.0
10668.0,2545.0,2450.0,2491.0,1068.0,1053.0,1061.0
10752.0,2528.0,2483.0,2504.0,1078.0,1074.0,1085.0
10813.0,2535.0,2512.0,2527.0,1071.0,1086.0,1082.0
10788.0,2510.0,2525.0,2505.0,1091.0,1081.0,1076.0
10781.0,2484.0,2546.0,2529.0,1068.0,1079.0,1075.0
10797.0,2504.0,2529.0,2519.0,1097.0,1086.0,1062.0
10693.0,2495.0,2478.0,2514.0,1065.0,1061.0,1080.0
10652.0,2500.0,2490.0,2470.0,1066.0,1066.0,1060.0
10594.0,2507.0,2458.0,2460.0,1055.0,1056.0,1058.0
10492.0,2455.0,2406.0,2439.0,1058.0,1065.0,1069.0
10474.0,2447.0,2413.0,2446.0,1050.0,1058.0,1060.0
10553.0,2414.0,2463.0,2469.0,1065.0,1071.0,1071.0
10691.0,2504.0,2517.0,2479.0,1066.0,1065.0,1060.0
10794.0,2516.0,2530.0,2518.0,1073.0,1084.0,1073.0
10832.0,2529.0,2555.0,2506.0,1084.0,1083.0,1075.0
10809.0,2526.0,2531.0,2527.0,1079.0,1072.0,1074.0
10797.0,2526.0,2534.0,2519.0,1083.0,1070.0,1065.0
10744.0,2501.0,2501.0,2519.0,1081.0,1073.0,1069.0
10740.0,2495.0,2495.0,2533.0,1070.0,1088.0,1059.0
10660.0,2492.0,2481.0,2489.0,1083.0,1069.0,1046.0
10620.0,2495.0,2439.0,2483.0,1079.0,1060.0,1064.0
10554.0,2479.0,2441.0,2444.0,1075.0,1057.0,1058.0
10529.0,2447.0,2436.0,2476.0,1053.0,1063.0,1054.0
10561.0,2435.0,2490.0,2433.0,1065.0,1080.0,1058.0
10680.0,2489.0,2520.0,2465.0,1064.0,1070.0,1072.0
10730.0,2508.0,2508.0,2495.0,1072.0,1080.0,1067.0
10795.0,2531.0,2513.0,2515.0,1073.0,1080.0,1083.0
10856.0,2535.0,2515.0,2534.0,1075.0,1099.0,1098.0
10897.0,2574.0,2507.0,2557.0,1083.0,1082.0,1094.0
10869.0,2516.0,2540.0,2556.0,1082.0,1086.0,1089.0
10843.0,2521.0,2538.0,2542.0,1081.0,1073.0,1088.0
10783.0,2478.0,2544.0,2542.0,1081.0,1058.0,1080.0
10766.0,2523.0,2545.0,2475.0,1091.0,1062.0,1070.0
10682.0,2514.0,2502.0,2487.0,1066.0,1048.0,1065.0
10571.0,2466.0,2458.0,2454.0,1077.0,1070.0,1046.0
10516.0,2469.0,2466.0,2405.0,1062.0,1058.0,1056.0
10588.0,2445.0,2465.0,2491.0,1062.0,1057.0,1068.0
10608.0,2469.0,2456.0,2484.0,1074.0,1070.0,1055.0
10700.0,2483.0,2469.0,2518.0,1084.0,1078.0,1068.0
10852.0,2542.0,2531.0,2524.0,1078.0,1098.0,1079.0
10928.0,2574.0,2547.0,2545.0,1078.0,1088.0,1096.0
10973.0,2539.0,2565.0,2579.0,1090.0,1112.0,1088.0
10855.0,2523.0,2542.0,2537.0,1084.0,1078.0,1091.0
10880.0,2524.0,2533.0,2575.0,1070.0,1082.0,1096.0
10778.0,2479.0,2513.0,2517.0,1076.0,1099.0,1094.0
10710.0,2515.0,2477.0,2489.0,1073.0,1078.0,1078.0
10635.0,2496.0,2457.0,2469.0,1066.0,1066.0,1081.0
10611.0,2492.0,2422.0,2492.0,1068.0,1062.0,1075.0
10528.0,2423.0,2492.0,2428.0,1069.0,1049.0,1067.0
10607.0,2449.0,2495.0,2459.0,1075.0,1065.0,1064.0
10753.0,2477.0,2521.0,2531.0,1085.0,1065.0,1074.0
10872.0,2528.0,2533.0,2546.0,1090.0,1080.0,1095.0
10870.0,2523.0,2528.0,2545.0,1100.0,1094.0,1080.0
10936.0,2539.0,2565.0,2533.0,1090.0,1110.0,1099.0
10959.0,2549.0,2547.0,2589.0,1090.0,1092.0,1092.0
10889.0,2529.0,2541.0,2556.0,1079.0,1101.0,1083.0
10875.0,2527.0,2525.0,2565.0,1078.0,1101.0,1079.0
10773.0,2502.0,2523.0,2508.0,1071.0,1092.0,1077.0
10755.0,2521.0,2531.0,2499.0,1061.0,1078.0,1065.0
10677.0,2491.0,2505.0,2468.0,1067.0,1068.0,1078.0
10651.0,2494.0,2498.0,2474.0,1057.0,1070.0,1058.0
10662.0,2495.0,2464.0,2483.0,1078.0,1058.0,1084.0
10638.0,2466.0,2500.0,2464.0,1076.0,1061.0,1071.0
10709.0,2478.0,2496.0,2519.0,1078.0,1068.0,1070.0
10832.0,2544.0,2514.0,2519.0,1089.0,1090.0,1076.0
10857.0,2535.0,2491.0,2554.0,1091.0,1088.0,1098.0
10951.0,2546.0,2549.0,2562.0,1109.0,1082.0,1103.0
10972.0,2529.0,2560.0,2565.0,1110.0,1105.0,1103.0
10908.0,2525.0,2554.0,2524.0,1101.0,1097.0,1107.0
10937.0,2527.0,2557.0,2574.0,1093.0,1087.0,1099.0
10815.0,2512.0,2531.0,2521.0,1074.0,1091.0,1086.0
10775.0,2564.0,2507.0,2501.0,1061.0,1073.0,1069.0
10695.0,2500.0,2498.0,2484.0,1059.0,1078.0,1076.0
10676.0,2489.0,2480.0,2485.0,1080.0,1081.0,1061.0
10652.0,2482.0,2485.0,2498.0,1057.0,1076.0,1054.0
10709.0,2499.0,2501.0,2500.0,1068.0,1076.0,1065.0
10751.0,2485.0,2508.0,2520.0,1081.0,1092.0,1065.0
10864.0,2531.0,2538.0,2541.0,1100.0,1083.0,1071.0
10963.0,2562.0,2545.0,2572.0,1104.0,1100.0,1080.0
10988.0,2566.0,2577.0,2566.0,1104.0,1092.0,1083.0
10984.0,2568.0,2545.0,2566.0,1119.0,1100.0,1086.0
10926.0,2525.0,2560.0,2549.0,1104.0,1088.0,1100.0
10810.0,2487.0,2548.0,2513.0,1088.0,1090.0,1084.0
10768.0,2521.0,2524.0,2466.0,1075.0,1083.0,1099.0
10807.0,2543.0,2495.0,2523.0,1067.0,1072.0,1107.0
10731.0,2520.0,2516.0,2478.0,1071.0,1065.0,1081.0
10729.0,2492.0,2510.0,2506.0,1080.0,1066.0,1075.0
10754.0,2485.0,2529.0,2524.0,1072.0,1075.0,1069.0
10727.0,2509.0,2503.0,2499.0,1066.0,1078.0,1072.0
10782.0,2481.0,2523.0,2532.0,1079.0,1090.0,1077.0
10824.0,2533.0,2500.0,2557.0,1067.0,1087.0,1080.0
10954.0,2564.0,2543.0,2548.0,1089.0,1112.0,1098.0
10994.0,2591.0,2548.0,2548.0,1116.0,1100.0,1091.0
11018.0,2562.0,2574.0,2568.0,1121.0,1096.0,1097.0
10975.0,2576.0,2560.0,2538.0,1102.0,1110.0,1089.0
10934.0,2530.0,2582.0,2534.0,1104.0,1101.0,1083.0
10934.0,2546.0,2554.0,2549.0,1111.0,1085.0,1089.0
10868.0,2552.0,2526.0,2544.0,1083.0,1084.0,1079.0
10782.0,2565.0,2503.0,2514.0,1076.0,1060.0,1064.0
10747.0,2546.0,2484.0,2521.0,1073.0,1064.0,1059.0
10670.0,2484.0,2480.0,2512.0,1060.0,1064.0,1070.0
10767.0,2520.0,2522.0,2539.0,1054.0,1061.0,1071.0
10764.0,2480.0,2514.0,2531.0,1062.0,1087.0,1090.0
10896.0,2526.0,2539.0,2575.0,1086.0,1083.0,1087.0
10937.0,2573.0,2575.0,2508.0,1086.0,1087.0,1108.0
11016.0,2564.0,2600.0,2544.0,1098.0,1104.0,1106.0
11061.0,2579.0,2580.0,2555.0,1118.0,1116.0,1113.0
11012.0,2568.0,2572.0,2551.0,1107.0,1115.0,1099.0
11005.0,2562.0,2580.0,2557.0,1102.0,1108.0,1096.0
10920.0,2538.0,2525.0,2573.0,1104.0,1090.0,1090.0
10835.0,2563.0,2507.0,2498.0,1097.0,1079.0,1091.0
10789.0,2537.0,2485.0,2530.0,1067.0,1092.0,1078.0
10862.0,2540.0,2533.0,2558.0,1086.0,1074.0,1071.0
10773.0,2523.0,2531.0,2510.0,1065.0,1070.0,1074.0
10736.0,2532.0,2509.0,2475.0,1072.0,1073.0,1075.0
10795.0,2514.0,2525.0,2520.0,1079.0,1081.0,1076.0
10879.0,2558.0,2544.0,2518.0,1086.0,1077.0,1096.0
10979.0,2576.0,2586.0,2536.0,1099.0,1089.0,1093.0
10994.0,2587.0,2539.0,2576.0,1097.0,1097.0,1098.0
11074.0,2570.0,2606.0,2562.0,1101.0,1119.0,1116.0
11053.0,2584.0,2567.0,2585.0,1110.0,1103.0,1104.0
10970.0,2534.0,2552.0,2587.0,1105.0,1089.0,1103.0
10949.0,2522.0,2543.0,2585.0,1096.0,1099.0,1104.0
10961.0,2545.0,2573.0,2543.0,1099.0,1111.0,1090.0
10861.0,2531.0,2512.0,2536.0,1084.0,1099.0,1099.0
10858.0,2567.0,2515.0,2520.0,1083.0,1087.0,1086.0
10774.0,2514.0,2519.0,2496.0,1080.0,1076.0,1089.0
10763.0,2541.0,2478.0,2496.0,1081.0,1082.0,1085.0
10758.0,2491.0,2514.0,2502.0,1080.0,1084.0,1087.0
10846.0,2538.0,2517.0,2529.0,1084.0,1081.0,1097.0
11013.0,2609.0,2585.0,2550.0,1085.0,1088.0,1096.0
11118.0,2587.0,2576.0,2617.0,1108.0,1112.0,1118.0
11082.0,2580.0,2615.0,2584.0,1110.0,1087.0,1106.0
11101.0,2584.0,2628.0,2574.0,1109.0,1098.0,1108.0
11033.0,2545.0,2594.0,2596.0,1097.0,1091.0,1110.0
10960.0,2539.0,2554.0,2585.0,1102.0,1095.0,1085.0
10932.0,2569.0,2532.0,2552.0,1100.0,1099.0,1080.0
10851.0,2545.0,2498.0,2562.0,1088.0,1081.0,1077.0
10840.0,2537.0,2508.0,2538.0,1089.0,1092.0,1076.0
10782.0,2537.0,2536.0,2467.0,1076.0,1084.0,1082.0
10866.0,2533.0,2550.0,2536.0,1079.0,1078.0,1090.0
10851.0,2543.0,2540.0,2512.0,1081.0,1097.0,1078.0
11029.0,2592.0,2598.0,2532.0,1095.0,1108.0,1104.0
11006.0,2579.0,2563.0,2549.0,1099.0,1108.0,1108.0
11063.0,2586.0,2561.0,2597.0,1091.0,1114.0,1114.0
11150.0,2628.0,2578.0,2611.0,1097.0,1118.0,1118.0
11093.0,2587.0,2590.0,2592.0,1110.0,1098.0,1116.0
11055.0,2559.0,2574.0,2599.0,1108.0,1110.0,1105.0
10931.0,2523.0,2526.0,2577.0,1102.0,1096.0,1107.0
10939.0,2579.0,2569.0,2529.0,1100.0,1085.0,1077.0
10894.0,2570.0,2538.0,2526.0,1108.0,1072.0,1080.0
10853.0,2530.0,2549.0,2542.0,1075.0,1073.0,1084.0
10850.0,2528.0,2547.0,2535.0,1082.0,1075.0,1083.0
10858.0,2534.0,2558.0,2528.0,1084.0,1087.0,1067.0
10855.0,2509.0,2531.0,2539.0,1089.0,1096.0,1091.0
10952.0,2578.0,2544.0,2565.0,1088.0,1097.0,1080.0
11049.0,2599.0,2565.0,2579.0,1093.0,1101.0,1112.0
11135.0,2590.0,2599.0,2614.0,1105.0,1117.0,1110.0
11118.0,2596.0,2579.0,2616.0,1104.0,1111.0,1112.0
11136.0,2577.0,2598.0,2623.0,1106.0,1112.0,1120.0
11091.0,2561.0,2571.0,2609.0,1112.0,1123.0,1115.0
11026.0,2560.0,2609.0,2548.0,1105.0,1102.0,1102.0
10941.0,2533.0,2558.0,2542.0,1108.0,1104.0,1096.0
10872.0,2557.0,2523.0,2512.0,1096.0,1085.0,1099.0
10894.0,2575.0,2532.0,2519.0,1075.0,1080.0,1113.0
10832.0,2533.0,2505.0,2527.0,1101.0,1063.0,1103.0
10823.0,2508.0,2530.0,2543.0,1081.0,1077.0,1084.0
10970.0,2548.0,2576.0,2577.0,1084.0,1093.0,1092.0
11037.0,2582.0,2577.0,2579.0,1109.0,1102.0,1088.0
11119.0,2609.0,2622.0,2602.0,1100.0,1092.0,1094.0
11229.0,2635.0,2629.0,2622.0,1110.0,1124.0,1109.0
11155.0,2593.0,2602.0,2625.0,1116.0,1117.0,1102.0
11154.0,2610.0,2593.0,2608.0,1117.0,1118.0,1108.0
11047.0,2558.0,2588.0,2584.0,1097.0,1120.0,1100.0
11024.0,2574.0,2553.0,2587.0,1114.0,1109.0,1087.0
10866.0,2544.0,2533.0,2513.0,1102.0,1098.0,1076.0
10931.0,2572.0,2559.0,2509.0,1084.0,1106.0,1101.0
10861.0,2521.0,2544.0,2518.0,1092.0,1091.0,1095.0
10912.0,2539.0,2546.0,2543.0,1081.0,1092.0,1111.0
10955.0,2581.0,2552.0,2547.0,1097.0,1086.0,1092.0
10998.0,2514.0,2544.0,2607.0,1108.0,1108.0,1117.0
11043.0,2579.0,2558.0,2601.0,1110.0,1089.0,1106.0
11086.0,2610.0,2537.0,2607.0,1104.0,1098.0,1130.0
11174.0,2623.0,2608.0,2611.0,1108.0,1097.0,1127.0
11212.0,2624.0,2598.0,2637.0,1118.0,1107.0,1128.0
11114.0,2571.0,2598.0,2600.0,1113.0,1108.0,1124.0
11086.0,2611.0,2602.0,2559.0,1102.0,1103.0,1109.0
11099.0,2588.0,2614.0,2567.0,1106.0,1104.0,1120.0
11042.0,2591.0,2582.0,2560.0,1095.0,1115.0,1099.0
10973.0,2575.0,2563.0,2552.0,1092.0,1097.0,1094.0
10928.0,2573.0,2507.0,2549.0,1097.0,1099.0,1103.0
10842.0,2515.0,2506.0,2552.0,1092.0,1090.0,1087.0
10936.0,2554.0,2546.0,2540.0,1108.0,1102.0,1086.0
11006.0,2537.0,2555.0,2587.0,1109.0,1125.0,1093.0
11154.0,2588.0,2620.0,2601.0,1123.0,1124.0,1098.0
11193.0,2629.0,2604.0,2608.0,1111.0,1120.0,1121.0
11207.0,2637.0,2636.0,2588.0,1109.0,1116.0,1121.0
11241.0,2636.0,2604.0,2629.0,1121.0,1124.0,1127.0
11152.0,2612.0,2590.0,2593.0,1102.0,1118.0,1137.0
11087.0,2565.0,2587.0,2578.0,1120.0,1122.0,1115.0
11081.0,2603.0,2560.0,2592.0,1104.0,1104.0,1118.0
10976.0,2589.0,2542.0,2560.0,1091.0,1090.0,1104.0
11002.0,2583.0,2553.0,2564.0,1098.0,1083.0,1121.0
10888.0,2537.0,2549.0,2561.0,1080.0,1084.0,1077.0
10958.0,2544.0,2558.0,2571.0,1098.0,1086.0,1101.0
11066.0,2549.0,2596.0,2616.0,1108.0,1086.0,1111.0
11052.0,2562.0,2588.0,2578.0,1110.0,1110.0,1104.0
11117.0,2592.0,2568.0,2615.0,1118.0,1113.0,1111.0
11193.0,2637.0,2611.0,2597.0,1129.0,1107.0,1112.0
11180.0,2617.0,2614.0,2572.0,1125.0,1126.0,1126.0
11178.0,2605.0,2595.0,2616.0,1125.0,1129.0,1108.0
11151.0,2574.0,2622.0,2584.0,1131.0,1129.0,1111.0
11210.0,2602.0,2626.0,2609.0,1125.0,1123.0,1125.0
