demand,Demand_Retailer_0,Demand_Retailer_1,Demand_Retailer_2,Demand_Retailer_3,Demand_Retailer_4,Demand_Retailer_5
1012.0,236.0,247.0,237.0,98.0,99.0,95.0
1039.0,248.0,252.0,243.0,99.0,100.0,97.0
1082.0,262.0,255.0,256.0,95.0,105.0,109.0
1064.0,260.0,238.0,239.0,107.0,109.0,111.0
1048.0,242.0,251.0,242.0,107.0,98.0,108.0
1001.0,238.0,232.0,223.0,101.0,101.0,106.0
1042.0,250.0,250.0,222.0,106.0,108.0,106.0
970.0,242.0,214.0,228.0,93.0,96.0,97.0
996.0,227.0,217.0,250.0,101.0,98.0,103.0
999.0,215.0,231.0,250.0,103.0,103.0,97.0
981.0,216.0,216.0,252.0,99.0,98.0,100.0
977.0,215.0,222.0,230.0,104.0,107.0,99.0
982.0,202.0,244.0,223.0,107.0,99.0,107.0
1052.0,237.0,238.0,259.0,106.0,110.0,102.0
1033.0,243.0,234.0,237.0,107.0,101.0,111.0
1113.0,259.0,265.0,266.0,110.0,108.0,105.0
1093.0,257.0,259.0,249.0,105.0,108.0,115.0
1097.0,253.0,266.0,252.0,110.0,108.0,108.0
1067.0,247.0,255.0,248.0,103.0,104.0,110.0
1073.0,252.0,267.0,246.0,105.0,101.0,102.0
997.0,239.0,228.0,242.0,94.0,95.0,99.0
1022.0,254.0,245.0,221.0,104.0,95.0,103.0
984.0,230.0,234.0,245.0,88.0,95.0,92.0
953.0,223.0,214.0,229.0,98.0,96.0,93.0
998.0,229.0,239.0,239.0,97.0,98.0,96.0
1008.0,229.0,233.0,237.0,106.0,100.0,103.0
1049.0,238.0,249.0,238.0,106.0,110.0,108.0
1100.0,253.0,252.0,254.0,110.0,118.0,113.0
1140.0,266.0,266.0,257.0,114.0,118.0,119.0
1132.0,267.0,275.0,259.0,111.0,110.0,110.0
1119.0,249.0,271.0,261.0,111.0,111.0,116.0
1095.0,250.0,260.0,252.0,111.0,111.0,111.0
1059.0,244.0,244.0,254.0,106.0,107.0,104.0
1060.0,254.0,248.0,242.0,105.0,107.0,104.0
1036.0,248.0,230.0,254.0,101.0,102.0,101.0
989.0,242.0,237.0,226.0,96.0,91.0,97.0
958.0,224.0,224.0,231.0,95.0,92.0,92.0
979.0,225.0,251.0,206.0,104.0,101.0,92.0
1029.0,242.0,248.0,227.0,108.0,102.0,102.0
1087.0,262.0,266.0,240.0,113.0,105.0,101.0
1098.0,254.0,260.0,245.0,117.0,110.0,112.0
1135.0,288.0,262.0,253.0,107.0,115.0,110.0
1164.0,284.0,244.0,279.0,122.0,116.0,119.0
1138.0,270.0,250.0,269.0,116.0,117.0,116.0
1139.0,258.0,264.0,263.0,116.0,124.0,114.0
1094.0,249.0,255.0,258.0,104.0,116.0,112.0
1114.0,268.0,255.0,265.0,110.0,105.0,111.0
1079.0,269.0,247.0,246.0,95.0,106.0,116.0
1035.0,260.0,233.0,236.0,100.0,100.0,106.0
1033.0,247.0,243.0,242.0,100.0,102.0,99.0
1000.0,235.0,236.0,235.0,99.0,96.0,99.0
1040.0,232.0,255.0,233.0,107.0,107.0,106.0
1093.0,258.0,242.0,255.0,118.0,108.0,112.0
1162.0,278.0,283.0,260.0,120.0,107.0,114.0
1161.0,269.0,272.0,269.0,118.0,114.0,119.0
1214.0,283.0,287.0,287.0,122.0,119.0,116.0
1217.0,273.0,300.0,293.0,124.0,113.0,114.0
1187.0,266.0,283.0,285.0,120.0,120.0,113.0
1111.0,250.0,248.0,279.0,104.0,114.0,116.0
1084.0,253.0,255.0,259.0,103.0,110.0,104.0
1056.0,252.0,252.0,242.0,95.0,104.0,111.0
1053.0,241.0,243.0,258.0,101.0,115.0,95.0
1067.0,261.0,253.0,238.0,109.0,109.0,97.0
1053.0,238.0,247.0,240.0,105.0,108.0,115.0
1100.0,251.0,264.0,254.0,107.0,112.0,112.0
1140.0,261.0,267.0,265.0,115.0,113.0,119.0
1191.0,294.0,265.0,274.0,120.0,119.0,119.0
1210.0,298.0,268.0,287.0,120.0,111.0,126.0
1226.0,291.0,272.0,297.0,123.0,119.0,124.0
1175.0,255.0,264.0,290.0,121.0,118.0,127.0
1188.0,270.0,265.0,290.0,127.0,120.0,116.0
1170.0,274.0,264.0,288.0,111.0,112.0,121.0
1161.0,275.0,278.0,268.0,114.0,111.0,115.0
1124.0,259.0,277.0,258.0,114.0,105.0,111.0
1101.0,273.0,281.0,231.0,104.0,108.0,104.0
1056.0,238.0,250.0,244.0,101.0,113.0,110.0
1078.0,240.0,256.0,251.0,108.0,115.0,108.0
1088.0,261.0,254.0,242.0,105.0,118.0,108.0
1153.0,268.0,253.0,274.0,119.0,126.0,113.0
1194.0,303.0,263.0,282.0,115.0,121.0,110.0
1268.0,297.0,293.0,297.0,128.0,130.0,123.0
1254.0,285.0,300.0,292.0,129.0,125.0,123.0
1241.0,279.0,315.0,279.0,127.0,121.0,120.0
1206.0,265.0,283.0,281.0,125.0,126.0,126.0
1198.0,262.0,296.0,281.0,119.0,119.0,121.0
1148.0,280.0,265.0,253.0,116.0,116.0,118.0
1106.0,276.0,247.0,260.0,104.0,106.0,113.0
1101.0,277.0,258.0,245.0,106.0,103.0,112.0
1057.0,247.0,247.0,243.0,109.0,103.0,108.0
1124.0,266.0,271.0,258.0,108.0,106.0,115.0
1122.0,256.0,253.0,277.0,114.0,111.0,111.0
1236.0,290.0,294.0,282.0,123.0,121.0,126.0
1265.0,292.0,289.0,305.0,123.0,133.0,123.0
1245.0,291.0,289.0,285.0,125.0,134.0,121.0
1272.0,297.0,274.0,314.0,131.0,134.0,122.0
1278.0,299.0,296.0,300.0,134.0,130.0,119.0
1236.0,283.0,278.0,300.0,130.0,127.0,118.0
1201.0,271.0,283.0,282.0,119.0,123.0,123.0
1161.0,267.0,274.0,265.0,119.0,123.0,113.0
1131.0,265.0,262.0,275.0,118.0,107.0,104.0
1142.0,279.0,266.0,257.0,114.0,114.0,112.0
1139.0,270.0,262.0,267.0,113.0,111.0,116.0
1136.0,255.0,259.0,287.0,108.0,112.0,115.0
1145.0,255.0,277.0,266.0,114.0,111.0,122.0
1197.0,290.0,267.0,292.0,117.0,112.0,119.0
1244.0,286.0,275.0,314.0,123.0,122.0,124.0
1297.0,298.0,288.0,320.0,127.0,131.0,133.0
1280.0,308.0,293.0,288.0,133.0,124.0,134.0
1268.0,274.0,303.0,294.0,130.0,129.0,138.0
1278.0,292.0,311.0,291.0,129.0,126.0,129.0
1247.0,279.0,302.0,275.0,131.0,133.0,127.0
1168.0,281.0,272.0,259.0,120.0,119.0,117.0
1212.0,286.0,279.0,281.0,126.0,125.0,115.0
1166.0,279.0,253.0,284.0,122.0,111.0,117.0
1146.0,272.0,257.0,268.0,119.0,116.0,114.0
1168.0,257.0,268.0,287.0,118.0,123.0,115.0
1216.0,284.0,270.0,296.0,125.0,123.0,118.0
1247.0,294.0,293.0,306.0,118.0,117.0,119.0
1309.0,313.0,317.0,299.0,125.0,131.0,124.0
1331.0,323.0,326.0,298.0,133.0,125.0,126.0
1288.0,315.0,293.0,298.0,126.0,126.0,130.0
1321.0,310.0,304.0,316.0,128.0,130.0,133.0
1250.0,292.0,295.0,290.0,127.0,118.0,128.0
1234.0,277.0,295.0,280.0,129.0,125.0,128.0
1216.0,289.0,273.0,272.0,124.0,124.0,134.0
1239.0,284.0,292.0,288.0,122.0,125.0,128.0
1211.0,269.0,282.0,285.0,126.0,118.0,131.0
1172.0,275.0,273.0,276.0,114.0,120.0,114.0
1178.0,261.0,275.0,288.0,121.0,116.0,117.0
1211.0,267.0,284.0,285.0,124.0,125.0,126.0
1234.0,283.0,280.0,291.0,123.0,132.0,125.0
1301.0,314.0,298.0,301.0,126.0,138.0,124.0
1310.0,319.0,312.0,287.0,128.0,135.0,129.0
1327.0,325.0,305.0,296.0,135.0,135.0,131.0
1295.0,302.0,314.0,288.0,137.0,131.0,123.0
1292.0,307.0,301.0,302.0,125.0,129.0,128.0
1296.0,308.0,298.0,308.0,127.0,127.0,128.0
1280.0,308.0,298.0,310.0,122.0,118.0,124.0
1226.0,272.0,284.0,301.0,124.0,127.0,118.0
1274.0,301.0,305.0,304.0,125.0,115.0,124.0
1217.0,281.0,274.0,287.0,127.0,127.0,121.0
1245.0,282.0,288.0,302.0,127.0,127.0,119.0
1250.0,286.0,283.0,303.0,127.0,131.0,120.0
1279.0,306.0,292.0,282.0,134.0,134.0,131.0
1352.0,321.0,319.0,299.0,137.0,139.0,137.0
1375.0,323.0,328.0,309.0,132.0,139.0,144.0
1377.0,303.0,330.0,334.0,133.0,137.0,140.0
1351.0,310.0,325.0,315.0,125.0,135.0,141.0
1326.0,298.0,320.0,293.0,137.0,142.0,136.0
1323.0,313.0,310.0,304.0,128.0,136.0,132.0
1325.0,303.0,310.0,321.0,130.0,127.0,134.0
1255.0,299.0,278.0,305.0,128.0,121.0,124.0
1217.0,284.0,275.0,299.0,123.0,122.0,114.0
1230.0,282.0,277.0,299.0,128.0,118.0,126.0
1240.0,281.0,293.0,299.0,130.0,117.0,120.0
1248.0,276.0,309.0,282.0,130.0,124.0,127.0
1320.0,308.0,330.0,295.0,126.0,134.0,127.0
1342.0,324.0,312.0,297.0,138.0,137.0,134.0
1338.0,317.0,298.0,310.0,137.0,143.0,133.0
1330.0,304.0,312.0,299.0,141.0,139.0,135.0
1389.0,323.0,312.0,332.0,132.0,146.0,144.0
1350.0,309.0,307.0,328.0,130.0,141.0,135.0
1367.0,303.0,330.0,331.0,132.0,138.0,133.0
1330.0,307.0,283.0,340.0,133.0,133.0,134.0
1344.0,326.0,299.0,311.0,136.0,140.0,132.0
1267.0,300.0,298.0,290.0,132.0,122.0,125.0
1265.0,291.0,301.0,293.0,129.0,126.0,125.0
1253.0,274.0,302.0,301.0,128.0,120.0,128.0
1296.0,309.0,295.0,300.0,135.0,125.0,132.0
1345.0,321.0,309.0,306.0,138.0,135.0,136.0
1361.0,340.0,312.0,297.0,142.0,133.0,137.0
1414.0,340.0,313.0,336.0,142.0,139.0,144.0
1427.0,343.0,336.0,328.0,145.0,134.0,141.0
1396.0,327.0,327.0,322.0,137.0,143.0,140.0
1389.0,323.0,314.0,337.0,139.0,141.0,135.0
1372.0,312.0,315.0,336.0,132.0,142.0,135.0
1294.0,299.0,304.0,308.0,124.0,131.0,128.0
1321.0,322.0,297.0,300.0,132.0,137.0,133.0
1254.0,288.0,290.0,286.0,124.0,133.0,133.0
1266.0,293.0,291.0,296.0,132.0,129.0,125.0
1275.0,291.0,312.0,280.0,132.0,131.0,129.0
1316.0,293.0,315.0,291.0,135.0,141.0,141.0
1395.0,326.0,331.0,307.0,148.0,142.0,141.0
1426.0,331.0,347.0,327.0,139.0,138.0,144.0
1463.0,338.0,350.0,349.0,146.0,135.0,145.0
1451.0,347.0,332.0,341.0,139.0,144.0,148.0
1439.0,327.0,335.0,337.0,142.0,145.0,153.0
1412.0,337.0,317.0,338.0,141.0,135.0,144.0
1393.0,326.0,319.0,335.0,130.0,144.0,139.0
1381.0,316.0,327.0,324.0,135.0,143.0,136.0
1313.0,301.0,313.0,308.0,135.0,133.0,123.0
1276.0,299.0,309.0,285.0,129.0,126.0,128.0
1289.0,313.0,302.0,285.0,128.0,130.0,131.0
1317.0,302.0,320.0,295.0,141.0,129.0,130.0
1330.0,304.0,314.0,309.0,135.0,137.0,131.0
1437.0,342.0,329.0,331.0,149.0,143.0,143.0
1429.0,328.0,330.0,349.0,144.0,141.0,137.0
1460.0,343.0,338.0,345.0,156.0,141.0,137.0
1478.0,339.0,348.0,354.0,147.0,147.0,143.0
1482.0,340.0,341.0,357.0,152.0,145.0,147.0
1456.0,323.0,358.0,331.0,148.0,148.0,148.0
1398.0,322.0,326.0,326.0,138.0,139.0,147.0
1379.0,311.0,338.0,321.0,130.0,137.0,142.0
1353.0,334.0,310.0,311.0,132.0,127.0,139.0
1277.0,323.0,289.0,275.0,133.0,129.0,128.0
1307.0,308.0,304.0,295.0,128.0,134.0,138.0
1321.0,309.0,304.0,310.0,133.0,133.0,132.0
1357.0,303.0,325.0,322.0,134.0,136.0,137.0
1408.0,328.0,326.0,330.0,141.0,139.0,144.0
1508.0,363.0,339.0,361.0,150.0,150.0,145.0
1510.0,355.0,355.0,351.0,155.0,151.0,143.0
1526.0,370.0,359.0,367.0,147.0,147.0,136.0
1477.0,336.0,343.0,347.0,151.0,151.0,149.0
1457.0,340.0,341.0,329.0,150.0,151.0,146.0
1405.0,332.0,319.0,328.0,137.0,149.0,140.0
1419.0,341.0,324.0,326.0,145.0,143.0,140.0
1363.0,332.0,317.0,303.0,137.0,139.0,135.0
1324.0,314.0,291.0,333.0,123.0,134.0,129.0
1332.0,306.0,327.0,298.0,132.0,132.0,137.0
1406.0,343.0,331.0,329.0,130.0,137.0,136.0
1414.0,320.0,327.0,352.0,138.0,130.0,147.0
1471.0,321.0,359.0,352.0,149.0,137.0,153.0
1482.0,348.0,348.0,349.0,148.0,146.0,143.0
1500.0,367.0,340.0,339.0,153.0,144.0,157.0
1494.0,352.0,340.0,355.0,155.0,145.0,147.0
1532.0,360.0,351.0,363.0,152.0,152.0,154.0
1499.0,353.0,360.0,334.0,149.0,153.0,150.0
1466.0,337.0,350.0,340.0,143.0,149.0,147.0
1458.0,336.0,350.0,341.0,146.0,144.0,141.0
1414.0,331.0,330.0,334.0,140.0,137.0,142.0
1392.0,323.0,325.0,332.0,134.0,142.0,136.0
1394.0,311.0,333.0,330.0,133.0,146.0,141.0
1413.0,331.0,321.0,341.0,137.0,144.0,139.0
1421.0,340.0,329.0,333.0,136.0,144.0,139.0
1456.0,331.0,334.0,354.0,144.0,153.0,140.0
1503.0,347.0,362.0,354.0,146.0,145.0,149.0
1509.0,350.0,357.0,344.0,158.0,149.0,151.0
1529.0,354.0,362.0,357.0,155.0,150.0,151.0
1459.0,324.0,354.0,329.0,152.0,149.0,151.0
1479.0,334.0,359.0,342.0,155.0,142.0,147.0
1473.0,355.0,343.0,333.0,148.0,138.0,156.0
1477.0,344.0,343.0,337.0,149.0,151.0,153.0
1436.0,352.0,322.0,329.0,140.0,142.0,151.0
1403.0,331.0,309.0,343.0,141.0,137.0,142.0
1431.0,343.0,328.0,338.0,138.0,143.0,141.0
1425.0,326.0,330.0,342.0,136.0,150.0,141.0
1436.0,327.0,340.0,341.0,139.0,148.0,141.0
1550.0,373.0,367.0,358.0,152.0,152.0,148.0
1542.0,362.0,366.0,365.0,143.0,158.0,148.0
1540.0,363.0,359.0,359.0,150.0,149.0,160.0
1554.0,371.0,360.0,352.0,152.0,158.0,161.0
1542.0,363.0,349.0,357.0,163.0,153.0,157.0
1524.0,364.0,344.0,360.0,155.0,153.0,148.0
1497.0,345.0,361.0,340.0,154.0,146.0,151.0
1520.0,358.0,362.0,349.0,157.0,145.0,149.0
1485.0,358.0,353.0,347.0,147.0,138.0,142.0
1453.0,336.0,335.0,343.0,152.0,145.0,142.0
1453.0,332.0,337.0,354.0,142.0,136.0,152.0
1455.0,326.0,340.0,347.0,147.0,150.0,145.0
1491.0,360.0,339.0,344.0,149.0,150.0,149.0
1488.0,349.0,334.0,350.0,151.0,146.0,158.0
1534.0,364.0,358.0,352.0,152.0,153.0,155.0
1559.0,368.0,364.0,345.0,145.0,168.0,169.0
1612.0,373.0,367.0,384.0,158.0,165.0,165.0
1590.0,368.0,365.0,376.0,158.0,161.0,162.0
1595.0,369.0,369.0,370.0,163.0,163.0,161.0
1534.0,351.0,359.0,357.0,160.0,154.0,153.0
1510.0,357.0,356.0,352.0,147.0,146.0,152.0
1499.0,344.0,349.0,356.0,149.0,148.0,153.0
1448.0,340.0,318.0,342.0,151.0,153.0,144.0
1488.0,366.0,341.0,343.0,156.0,142.0,140.0
1494.0,348.0,351.0,358.0,146.0,143.0,148.0
1467.0,338.0,349.0,345.0,151.0,141.0,143.0
1509.0,349.0,361.0,353.0,147.0,149.0,150.0
1614.0,370.0,397.0,372.0,155.0,159.0,161.0
1575.0,378.0,374.0,358.0,154.0,156.0,155.0
1622.0,382.0,385.0,376.0,159.0,161.0,159.0
1597.0,364.0,368.0,374.0,157.0,166.0,168.0
1596.0,353.0,362.0,394.0,161.0,160.0,166.0
1561.0,375.0,345.0,360.0,154.0,165.0,162.0
1562.0,367.0,353.0,367.0,161.0,156.0,158.0
1537.0,360.0,346.0,361.0,159.0,154.0,157.0
1512.0,355.0,349.0,340.0,159.0,152.0,157.0
1516.0,343.0,363.0,351.0,155.0,151.0,153.0
1473.0,316.0,352.0,358.0,151.0,148.0,148.0
1522.0,347.0,374.0,355.0,147.0,143.0,156.0
1548.0,358.0,360.0,367.0,156.0,148.0,159.0
1589.0,373.0,373.0,368.0,153.0,166.0,156.0
1592.0,381.0,373.0,362.0,155.0,158.0,163.0
1648.0,394.0,368.0,391.0,170.0,164.0,161.0
1585.0,366.0,364.0,377.0,160.0,158.0,160.0
1587.0,357.0,371.0,387.0,157.0,158.0,157.0
1645.0,380.0,386.0,396.0,159.0,168.0,156.0
1585.0,376.0,382.0,366.0,152.0,158.0,151.0
1539.0,358.0,353.0,354.0,158.0,159.0,157.0
1526.0,368.0,353.0,342.0,157.0,156.0,150.0
1509.0,349.0,347.0,340.0,152.0,160.0,161.0
1544.0,353.0,374.0,340.0,160.0,162.0,155.0
1533.0,343.0,351.0,357.0,162.0,160.0,160.0
1600.0,379.0,368.0,373.0,164.0,157.0,159.0
1632.0,398.0,386.0,353.0,162.0,169.0,164.0
1694.0,402.0,398.0,394.0,166.0,164.0,170.0
1660.0,399.0,378.0,384.0,168.0,163.0,168.0
1657.0,352.0,393.0,411.0,167.0,167.0,167.0
1642.0,377.0,374.0,393.0,160.0,169.0,169.0
1622.0,378.0,372.0,393.0,163.0,156.0,160.0
1572.0,376.0,356.0,378.0,154.0,148.0,160.0
1574.0,369.0,367.0,364.0,158.0,157.0,159.0
1542.0,367.0,371.0,353.0,152.0,152.0,147.0
1549.0,361.0,371.0,359.0,158.0,150.0,150.0
1559.0,353.0,380.0,361.0,168.0,148.0,149.0
1580.0,359.0,370.0,371.0,161.0,159.0,160.0
1653.0,388.0,372.0,393.0,171.0,171.0,158.0
1643.0,385.0,379.0,381.0,162.0,175.0,161.0
1723.0,411.0,391.0,404.0,171.0,180.0,166.0
1709.0,401.0,396.0,399.0,169.0,173.0,171.0
1690.0,383.0,399.0,396.0,169.0,169.0,174.0
1696.0,383.0,396.0,398.0,168.0,175.0,176.0
1677.0,375.0,396.0,397.0,169.0,166.0,174.0
1625.0,388.0,394.0,362.0,158.0,157.0,166.0
1610.0,383.0,373.0,360.0,158.0,166.0,170.0
1544.0,365.0,364.0,345.0,158.0,153.0,159.0
1521.0,353.0,366.0,344.0,152.0,148.0,158.0
1571.0,362.0,374.0,365.0,159.0,158.0,153.0
1615.0,376.0,372.0,380.0,163.0,156.0,168.0
1657.0,384.0,378.0,407.0,164.0,165.0,159.0
1697.0,406.0,390.0,395.0,174.0,168.0,164.0
1719.0,403.0,404.0,401.0,167.0,171.0,173.0
1731.0,410.0,391.0,407.0,179.0,175.0,169.0
1742.0,391.0,414.0,412.0,172.0,179.0,174.0
1697.0,393.0,407.0,387.0,170.0,176.0,164.0
1645.0,377.0,385.0,382.0,163.0,173.0,165.0
1651.0,396.0,382.0,375.0,162.0,176.0,160.0
1620.0,385.0,369.0,372.0,160.0,171.0,163.0
1592.0,384.0,358.0,372.0,159.0,158.0,161.0
1582.0,367.0,384.0,369.0,154.0,155.0,153.0
1597.0,367.0,379.0,371.0,160.0,160.0,160.0
1641.0,365.0,381.0,396.0,171.0,160.0,168.0
1742.0,403.0,420.0,404.0,177.0,162.0,176.0
1722.0,395.0,406.0,404.0,175.0,165.0,177.0
1765.0,405.0,398.0,426.0,179.0,176.0,181.0
1790.0,416.0,412.0,427.0,179.0,179.0,177.0
1753.0,416.0,408.0,405.0,176.0,174.0,174.0
1687.0,396.0,398.0,387.0,169.0,170.0,167.0
1678.0,391.0,369.0,401.0,171.0,172.0,174.0
1676.0,382.0,394.0,395.0,173.0,169.0,163.0
1649.0,389.0,389.0,378.0,165.0,167.0,161.0
1624.0,385.0,387.0,374.0,158.0,160.0,160.0
1670.0,394.0,391.0,398.0,161.0,163.0,163.0
1628.0,378.0,382.0,381.0,159.0,165.0,163.0
1651.0,368.0,380.0,410.0,153.0,169.0,171.0
1695.0,413.0,372.0,399.0,167.0,175.0,169.0
1737.0,408.0,402.0,406.0,179.0,173.0,169.0
1779.0,415.0,409.0,416.0,187.0,176.0,176.0
1802.0,432.0,422.0,416.0,177.0,180.0,175.0
1765.0,408.0,433.0,383.0,184.0,175.0,182.0
1761.0,399.0,427.0,405.0,179.0,172.0,179.0
1710.0,400.0,409.0,392.0,173.0,165.0,171.0
1700.0,409.0,389.0,385.0,165.0,172.0,180.0
1671.0,411.0,379.0,391.0,158.0,162.0,170.0
1605.0,379.0,364.0,374.0,154.0,164.0,170.0
1659.0,401.0,372.0,391.0,160.0,165.0,170.0
1668.0,388.0,401.0,389.0,160.0,161.0,169.0
1695.0,381.0,394.0,408.0,169.0,171.0,172.0
1722.0,394.0,408.0,401.0,174.0,173.0,172.0
1793.0,411.0,422.0,420.0,176.0,183.0,181.0
1810.0,429.0,430.0,409.0,184.0,182.0,176.0
1805.0,418.0,433.0,404.0,185.0,186.0,179.0
1803.0,407.0,413.0,433.0,190.0,184.0,176.0
1768.0,416.0,416.0,405.0,180.0,177.0,174.0
1737.0,406.0,427.0,389.0,174.0,174.0,167.0
1675.0,401.0,373.0,388.0,178.0,165.0,170.0
1704.0,410.0,394.0,398.0,170.0,167.0,165.0
1699.0,408.0,396.0,406.0,161.0,165.0,163.0
1667.0,382.0,403.0,388.0,158.0,168.0,168.0
1683.0,378.0,400.0,411.0,162.0,168.0,164.0
1721.0,401.0,395.0,416.0,169.0,175.0,165.0
1802.0,414.0,430.0,439.0,172.0,173.0,174.0
1807.0,429.0,408.0,428.0,182.0,185.0,175.0
1820.0,442.0,417.0,422.0,178.0,181.0,180.0
1831.0,422.0,423.0,425.0,184.0,184.0,193.0
1854.0,410.0,436.0,442.0,188.0,190.0,188.0
1808.0,407.0,435.0,419.0,184.0,185.0,178.0
1800.0,413.0,427.0,421.0,179.0,184.0,176.0
1788.0,405.0,428.0,423.0,182.0,182.0,168.0
1715.0,406.0,402.0,391.0,170.0,174.0,172.0
1692.0,394.0,401.0,397.0,162.0,164.0,174.0
1654.0,387.0,373.0,399.0,171.0,162.0,162.0
1668.0,380.0,398.0,393.0,167.0,162.0,168.0
1743.0,405.0,409.0,411.0,170.0,172.0,176.0
1798.0,424.0,423.0,425.0,171.0,177.0,178.0
1809.0,424.0,429.0,419.0,175.0,183.0,179.0
1836.0,437.0,436.0,422.0,180.0,179.0,182.0
1850.0,432.0,420.0,436.0,191.0,182.0,189.0
1849.0,430.0,428.0,424.0,190.0,188.0,189.0
1846.0,422.0,424.0,439.0,194.0,189.0,178.0
1785.0,431.0,405.0,412.0,183.0,177.0,177.0
1802.0,410.0,410.0,434.0,182.0,182.0,184.0
1749.0,417.0,396.0,403.0,178.0,177.0,178.0
1759.0,414.0,410.0,413.0,172.0,172.0,178.0
1727.0,394.0,401.0,399.0,176.0,177.0,180.0
1758.0,404.0,420.0,414.0,167.0,177.0,176.0
1732.0,392.0,421.0,394.0,168.0,174.0,183.0
1795.0,437.0,419.0,407.0,173.0,179.0,180.0
1831.0,429.0,420.0,434.0,174.0,182.0,192.0
1881.0,452.0,439.0,439.0,179.0,191.0,181.0
1854.0,431.0,426.0,432.0,192.0,184.0,189.0
1858.0,444.0,422.0,452.0,181.0,174.0,185.0
1870.0,420.0,444.0,453.0,187.0,187.0,179.0
1827.0,426.0,426.0,431.0,192.0,177.0,175.0
1840.0,426.0,422.0,437.0,184.0,179.0,192.0
1794.0,433.0,423.0,404.0,182.0,178.0,174.0
1750.0,413.0,400.0,403.0,181.0,177.0,176.0
1735.0,378.0,398.0,420.0,179.0,185.0,175.0
1718.0,395.0,386.0,402.0,175.0,179.0,181.0
1755.0,414.0,394.0,402.0,183.0,180.0,182.0
1829.0,423.0,420.0,429.0,181.0,187.0,189.0
1872.0,448.0,431.0,437.0,180.0,188.0,188.0
1962.0,464.0,463.0,459.0,185.0,197.0,194.0
1943.0,449.0,473.0,451.0,189.0,192.0,189.0
1901.0,427.0,457.0,455.0,182.0,188.0,192.0
1913.0,447.0,451.0,444.0,191.0,189.0,191.0
1861.0,441.0,422.0,444.0,188.0,174.0,192.0
1830.0,429.0,415.0,427.0,187.0,190.0,182.0
1820.0,450.0,414.0,424.0,175.0,177.0,180.0
1772.0,418.0,417.0,398.0,184.0,172.0,183.0
1760.0,401.0,418.0,413.0,187.0,173.0,168.0
1785.0,408.0,421.0,413.0,184.0,180.0,179.0
1823.0,429.0,434.0,419.0,186.0,180.0,175.0
1853.0,425.0,434.0,439.0,183.0,191.0,181.0
1921.0,468.0,434.0,445.0,189.0,193.0,192.0
1918.0,445.0,435.0,460.0,181.0,199.0,198.0
1956.0,466.0,447.0,459.0,193.0,198.0,193.0
1959.0,453.0,447.0,459.0,197.0,207.0,196.0
1903.0,438.0,439.0,449.0,189.0,195.0,193.0
1866.0,444.0,439.0,431.0,185.0,186.0,181.0
1858.0,420.0,450.0,428.0,179.0,185.0,196.0
1860.0,448.0,437.0,425.0,183.0,179.0,188.0
1809.0,429.0,429.0,407.0,175.0,178.0,191.0
1813.0,413.0,424.0,435.0,180.0,179.0,182.0
1803.0,423.0,405.0,421.0,189.0,180.0,185.0
1817.0,432.0,428.0,415.0,183.0,176.0,183.0
1874.0,447.0,432.0,434.0,189.0,183.0,189.0
1923.0,469.0,438.0,441.0,198.0,191.0,186.0
1951.0,473.0,444.0,465.0,195.0,190.0,184.0
1969.0,471.0,453.0,457.0,202.0,195.0,191.0
1934.0,447.0,453.0,456.0,191.0,200.0,187.0
1929.0,444.0,461.0,455.0,186.0,199.0,184.0
1939.0,447.0,478.0,445.0,185.0,200.0,184.0
1868.0,442.0,442.0,423.0,184.0,195.0,182.0
1861.0,443.0,443.0,415.0,185.0,187.0,188.0
1822.0,437.0,411.0,431.0,183.0,182.0,178.0
1832.0,433.0,421.0,423.0,186.0,183.0,186.0
1842.0,422.0,438.0,418.0,188.0,191.0,185.0
1914.0,428.0,453.0,459.0,196.0,186.0,192.0
1929.0,442.0,441.0,457.0,199.0,191.0,199.0
1944.0,448.0,453.0,457.0,202.0,192.0,192.0
2010.0,480.0,475.0,459.0,199.0,194.0,203.0
1998.0,462.0,476.0,458.0,202.0,195.0,205.0
1958.0,463.0,450.0,460.0,190.0,195.0,200.0
1939.0,443.0,447.0,454.0,196.0,195.0,204.0
1894.0,431.0,432.0,455.0,191.0,189.0,196.0
1887.0,439.0,440.0,446.0,187.0,186.0,189.0
1845.0,452.0,428.0,412.0,180.0,187.0,186.0
1876.0,449.0,457.0,425.0,186.0,186.0,173.0
1879.0,435.0,456.0,437.0,188.0,183.0,180.0
1858.0,418.0,442.0,438.0,186.0,194.0,180.0
1929.0,436.0,457.0,463.0,199.0,192.0,182.0
1968.0,451.0,456.0,478.0,197.0,198.0,188.0
1955.0,464.0,451.0,454.0,200.0,193.0,193.0
1981.0,453.0,465.0,466.0,199.0,201.0,197.0
1998.0,464.0,472.0,453.0,204.0,204.0,201.0
1979.0,458.0,468.0,456.0,202.0,192.0,203.0
1988.0,468.0,465.0,463.0,200.0,191.0,201.0
1962.0,454.0,463.0,465.0,194.0,190.0,196.0
1980.0,470.0,462.0,456.0,192.0,196.0,204.0
1926.0,449.0,457.0,446.0,186.0,189.0,199.0
1874.0,443.0,429.0,442.0,184.0,183.0,193.0
1861.0,408.0,435.0,453.0,188.0,185.0,192.0
1907.0,439.0,446.0,453.0,188.0,190.0,191.0
1944.0,450.0,443.0,465.0,194.0,193.0,199.0
2009.0,472.0,466.0,471.0,199.0,197.0,204.0
2005.0,471.0,465.0,460.0,203.0,202.0,204.0
2003.0,479.0,475.0,447.0,199.0,204.0,199.0
2032.0,470.0,479.0,471.0,208.0,205.0,199.0
2037.0,458.0,490.0,474.0,207.0,207.0,201.0
1979.0,456.0,468.0,457.0,201.0,203.0,194.0
1949.0,456.0,443.0,458.0,200.0,198.0,194.0
1975.0,477.0,440.0,471.0,194.0,201.0,192.0
1934.0,457.0,460.0,450.0,186.0,190.0,191.0
1923.0,445.0,452.0,458.0,189.0,190.0,189.0
1928.0,445.0,448.0,464.0,193.0,185.0,193.0
1944.0,442.0,465.0,463.0,195.0,184.0,195.0
1915.0,439.0,454.0,449.0,198.0,181.0,194.0
2024.0,475.0,471.0,480.0,197.0,195.0,206.0
2004.0,462.0,463.0,465.0,206.0,201.0,207.0
2054.0,486.0,472.0,475.0,203.0,208.0,210.0
2027.0,488.0,460.0,468.0,203.0,208.0,200.0
2062.0,463.0,479.0,489.0,215.0,206.0,210.0
2073.0,471.0,487.0,494.0,204.0,206.0,211.0
2051.0,479.0,475.0,478.0,206.0,208.0,205.0
2021.0,468.0,474.0,486.0,194.0,203.0,196.0
1934.0,447.0,454.0,460.0,190.0,190.0,193.0
1933.0,452.0,454.0,459.0,187.0,186.0,195.0
1923.0,458.0,448.0,442.0,194.0,192.0,189.0
1939.0,448.0,453.0,467.0,185.0,197.0,189.0
1933.0,450.0,449.0,447.0,193.0,199.0,195.0
1994.0,472.0,458.0,479.0,196.0,196.0,193.0
2050.0,496.0,471.0,471.0,202.0,204.0,206.0
2093.0,488.0,490.0,492.0,219.0,197.0,207.0
2114.0,490.0,489.0,496.0,212.0,218.0,209.0
2092.0,482.0,502.0,478.0,213.0,206.0,211.0
2049.0,469.0,470.0,484.0,207.0,205.0,214.0
2059.0,473.0,478.0,493.0,203.0,207.0,205.0
2046.0,484.0,458.0,487.0,205.0,209.0,203.0
1998.0,464.0,451.0,480.0,196.0,202.0,205.0
1995.0,481.0,451.0,460.0,195.0,198.0,210.0
1972.0,470.0,460.0,444.0,196.0,203.0,199.0
1946.0,436.0,467.0,456.0,191.0,195.0,201.0
1986.0,458.0,463.0,451.0,196.0,210.0,208.0
2015.0,477.0,492.0,448.0,198.0,200.0,200.0
2049.0,484.0,478.0,469.0,206.0,213.0,199.0
2103.0,492.0,487.0,492.0,209.0,215.0,208.0
2103.0,492.0,490.0,491.0,213.0,211.0,206.0
2102.0,498.0,487.0,495.0,210.0,208.0,204.0
2065.0,477.0,475.0,498.0,212.0,205.0,198.0
2067.0,495.0,474.0,491.0,207.0,198.0,202.0
2063.0,483.0,476.0,494.0,206.0,201.0,203.0
2021.0,476.0,489.0,466.0,197.0,200.0,193.0
2013.0,483.0,461.0,472.0,201.0,197.0,199.0
2001.0,466.0,477.0,462.0,195.0,200.0,201.0
1975.0,461.0,453.0,453.0,208.0,203.0,197.0
1995.0,465.0,464.0,459.0,200.0,204.0,203.0
2071.0,500.0,479.0,478.0,203.0,197.0,214.0
2110.0,505.0,475.0,488.0,211.0,219.0,212.0
2151.0,507.0,497.0,502.0,214.0,217.0,214.0
2125.0,487.0,500.0,494.0,214.0,213.0,217.0
2151.0,499.0,501.0,503.0,215.0,216.0,217.0
2152.0,479.0,521.0,498.0,223.0,214.0,217.0
2092.0,471.0,495.0,496.0,211.0,211.0,208.0
2075.0,483.0,494.0,479.0,205.0,207.0,207.0
1996.0,482.0,445.0,463.0,206.0,204.0,196.0
2045.0,490.0,473.0,469.0,207.0,199.0,207.0
1980.0,469.0,460.0,462.0,199.0,195.0,195.0
1982.0,472.0,469.0,453.0,202.0,196.0,190.0
2019.0,459.0,491.0,474.0,200.0,195.0,200.0
2098.0,489.0,505.0,492.0,200.0,209.0,203.0
2159.0,503.0,514.0,509.0,209.0,213.0,211.0
2185.0,519.0,516.0,508.0,215.0,214.0,213.0
2187.0,510.0,505.0,517.0,216.0,224.0,215.0
2178.0,507.0,496.0,522.0,211.0,225.0,217.0
2130.0,488.0,487.0,497.0,216.0,222.0,220.0
2101.0,493.0,476.0,486.0,214.0,218.0,214.0
2105.0,497.0,495.0,475.0,212.0,215.0,211.0
2086.0,482.0,494.0,480.0,207.0,209.0,214.0
2071.0,485.0,487.0,477.0,211.0,207.0,204.0
2029.0,470.0,480.0,473.0,204.0,200.0,202.0
2026.0,454.0,479.0,477.0,210.0,203.0,203.0
2055.0,485.0,481.0,472.0,200.0,205.0,212.0
2122.0,493.0,489.0,512.0,213.0,205.0,210.0
2148.0,500.0,496.0,519.0,215.0,209.0,209.0
2179.0,514.0,506.0,516.0,213.0,211.0,219.0
2177.0,516.0,494.0,513.0,217.0,218.0,219.0
2200.0,522.0,517.0,515.0,213.0,218.0,215.0
2159.0,496.0,515.0,498.0,218.0,216.0,216.0
2154.0,501.0,513.0,496.0,216.0,215.0,213.0
2128.0,509.0,490.0,484.0,216.0,219.0,210.0
2113.0,502.0,491.0,481.0,218.0,216.0,205.0
2072.0,497.0,474.0,477.0,206.0,208.0,210.0
2056.0,476.0,478.0,473.0,213.0,209.0,207.0
2063.0,483.0,479.0,477.0,206.0,213.0,205.0
2100.0,482.0,492.0,495.0,204.0,215.0,212.0
2177.0,511.0,516.0,512.0,211.0,211.0,216.0
2202.0,510.0,523.0,516.0,213.0,214.0,226.0
2194.0,515.0,528.0,497.0,219.0,212.0,223.0
2257.0,532.0,534.0,518.0,226.0,223.0,224.0
2201.0,510.0,513.0,515.0,219.0,221.0,223.0
2187.0,502.0,506.0,517.0,221.0,214.0,227.0
2152.0,503.0,498.0,502.0,219.0,214.0,216.0
2119.0,498.0,488.0,496.0,216.0,207.0,214.0
2126.0,510.0,499.0,484.0,214.0,215.0,204.0
2088.0,480.0,487.0,486.0,218.0,211.0,206.0
2063.0,481.0,480.0,483.0,206.0,208.0,205.0
2110.0,484.0,483.0,504.0,214.0,217.0,208.0
2181.0,492.0,532.0,518.0,215.0,210.0,214.0
2192.0,499.0,509.0,542.0,215.0,221.0,206.0
2215.0,515.0,521.0,514.0,224.0,225.0,216.0
2270.0,536.0,522.0,552.0,219.0,221.0,220.0
2248.0,519.0,533.0,515.0,226.0,229.0,226.0
2237.0,525.0,519.0,518.0,222.0,226.0,227.0
2166.0,497.0,498.0,506.0,222.0,217.0,226.0
2174.0,503.0,507.0,511.0,221.0,217.0,215.0
2182.0,508.0,511.0,506.0,219.0,217.0,221.0
2127.0,495.0,500.0,494.0,214.0,208.0,216.0
2141.0,507.0,504.0,491.0,216.0,209.0,214.0
2116.0,492.0,487.0,497.0,218.0,205.0,217.0
2132.0,479.0,506.0,510.0,218.0,208.0,211.0
2091.0,482.0,488.0,485.0,215.0,207.0,214.0
2156.0,496.0,508.0,500.0,222.0,219.0,211.0
2246.0,528.0,506.0,520.0,233.0,229.0,230.0
2278.0,527.0,543.0,535.0,224.0,228.0,221.0
2258.0,521.0,525.0,527.0,227.0,232.0,226.0
2266.0,524.0,541.0,522.0,224.0,233.0,222.0
2259.0,539.0,530.0,525.0,219.0,229.0,217.0
2204.0,519.0,507.0,519.0,218.0,220.0,221.0
2184.0,523.0,496.0,516.0,214.0,223.0,212.0
2141.0,515.0,498.0,499.0,208.0,213.0,208.0
2143.0,515.0,489.0,501.0,215.0,213.0,210.0
2125.0,485.0,503.0,499.0,215.0,212.0,211.0
2160.0,491.0,504.0,512.0,223.0,218.0,212.0
2192.0,506.0,522.0,506.0,224.0,211.0,223.0
2228.0,521.0,524.0,520.0,225.0,216.0,222.0
2278.0,536.0,541.0,518.0,230.0,221.0,232.0
2247.0,534.0,526.0,515.0,221.0,222.0,229.0
2271.0,536.0,518.0,530.0,227.0,223.0,237.0
2286.0,524.0,531.0,524.0,228.0,237.0,242.0
2250.0,500.0,533.0,533.0,225.0,232.0,227.0
2231.0,511.0,518.0,531.0,215.0,228.0,228.0
2255.0,529.0,523.0,533.0,224.0,228.0,218.0
2243.0,534.0,516.0,524.0,221.0,227.0,221.0
2227.0,530.0,525.0,511.0,224.0,230.0,207.0
2173.0,505.0,505.0,518.0,217.0,217.0,211.0
2147.0,504.0,496.0,504.0,217.0,215.0,211.0
2215.0,517.0,503.0,526.0,227.0,221.0,221.0
2236.0,519.0,523.0,515.0,232.0,222.0,225.0
2248.0,526.0,524.0,522.0,227.0,222.0,227.0
2308.0,549.0,546.0,529.0,232.0,228.0,224.0
2319.0,531.0,546.0,553.0,232.0,226.0,231.0
2304.0,533.0,550.0,531.0,234.0,229.0,227.0
2319.0,537.0,541.0,547.0,237.0,229.0,228.0
2289.0,512.0,533.0,558.0,226.0,228.0,232.0
2267.0,529.0,510.0,549.0,229.0,227.0,223.0
2237.0,536.0,511.0,524.0,215.0,230.0,221.0
2196.0,522.0,495.0,518.0,212.0,226.0,223.0
2198.0,514.0,504.0,521.0,214.0,219.0,226.0
2222.0,517.0,515.0,517.0,219.0,226.0,228.0
2260.0,531.0,531.0,525.0,216.0,229.0,228.0
2267.0,530.0,535.0,518.0,227.0,231.0,226.0
2352.0,560.0,547.0,545.0,237.0,232.0,231.0
2379.0,554.0,572.0,537.0,243.0,231.0,242.0
2360.0,546.0,561.0,538.0,238.0,238.0,239.0
2354.0,546.0,547.0,556.0,239.0,227.0,239.0
2304.0,531.0,528.0,558.0,233.0,227.0,227.0
2283.0,526.0,532.0,542.0,228.0,226.0,229.0
2248.0,524.0,513.0,541.0,223.0,214.0,233.0
2222.0,507.0,530.0,532.0,214.0,218.0,221.0
2214.0,525.0,522.0,513.0,213.0,219.0,222.0
2206.0,503.0,525.0,511.0,222.0,222.0,223.0
2241.0,514.0,545.0,503.0,228.0,225.0,226.0
2266.0,533.0,540.0,514.0,225.0,231.0,223.0
2290.0,535.0,538.0,524.0,231.0,234.0,228.0
2335.0,548.0,534.0,543.0,229.0,237.0,244.0
2373.0,572.0,532.0,549.0,238.0,242.0,240.0
2408.0,564.0,561.0,560.0,249.0,239.0,235.0
2406.0,557.0,556.0,574.0,240.0,240.0,239.0
2348.0,536.0,555.0,555.0,236.0,230.0,236.0
2340.0,545.0,533.0,556.0,234.0,237.0,235.0
2303.0,534.0,533.0,551.0,228.0,230.0,227.0
2227.0,530.0,510.0,518.0,219.0,222.0,228.0
2241.0,533.0,518.0,520.0,227.0,225.0,218.0
2190.0,513.0,511.0,517.0,213.0,218.0,218.0
2211.0,526.0,502.0,514.0,221.0,225.0,223.0
2268.0,547.0,527.0,512.0,225.0,235.0,222.0
2314.0,528.0,536.0,559.0,230.0,232.0,229.0
2363.0,551.0,535.0,575.0,237.0,233.0,232.0
2424.0,578.0,573.0,563.0,236.0,247.0,227.0
2461.0,565.0,588.0,586.0,242.0,243.0,237.0
2403.0,564.0,556.0,546.0,249.0,244.0,244.0
2397.0,540.0,559.0,572.0,240.0,254.0,232.0
2354.0,548.0,541.0,551.0,246.0,233.0,235.0
2296.0,542.0,527.0,523.0,233.0,228.0,243.0
2300.0,544.0,548.0,516.0,223.0,234.0,235.0
2264.0,538.0,519.0,519.0,227.0,231.0,230.0
2260.0,515.0,540.0,530.0,226.0,219.0,230.0
2258.0,515.0,530.0,538.0,225.0,223.0,227.0
2326.0,546.0,539.0,543.0,230.0,235.0,233.0
2372.0,552.0,558.0,565.0,230.0,231.0,236.0
2374.0,563.0,542.0,560.0,234.0,238.0,237.0
2429.0,575.0,558.0,570.0,241.0,242.0,243.0
2427.0,574.0,554.0,577.0,247.0,237.0,238.0
2418.0,549.0,562.0,578.0,247.0,241.0,241.0
2402.0,548.0,559.0,563.0,244.0,247.0,241.0
2390.0,562.0,565.0,547.0,247.0,241.0,228.0
2364.0,557.0,552.0,540.0,235.0,242.0,238.0
2344.0,555.0,546.0,533.0,238.0,234.0,238.0
2277.0,535.0,534.0,513.0,235.0,231.0,229.0
2311.0,542.0,519.0,546.0,237.0,237.0,230.0
2292.0,534.0,519.0,545.0,229.0,235.0,230.0
2339.0,543.0,531.0,557.0,233.0,234.0,241.0
2398.0,564.0,531.0,584.0,233.0,242.0,244.0
2454.0,563.0,583.0,582.0,243.0,243.0,240.0
2472.0,564.0,586.0,593.0,236.0,247.0,246.0
2465.0,566.0,586.0,574.0,246.0,243.0,250.0
2488.0,582.0,597.0,570.0,245.0,242.0,252.0
2400.0,568.0,549.0,562.0,246.0,231.0,244.0
2400.0,556.0,567.0,541.0,248.0,241.0,247.0
2335.0,554.0,531.0,536.0,243.0,229.0,242.0
2350.0,564.0,540.0,539.0,241.0,233.0,233.0
2311.0,547.0,535.0,533.0,239.0,227.0,230.0
2298.0,528.0,526.0,554.0,232.0,232.0,226.0
2343.0,548.0,556.0,541.0,234.0,233.0,231.0
2389.0,550.0,572.0,566.0,232.0,241.0,228.0
2400.0,541.0,574.0,564.0,239.0,248.0,234.0
2459.0,576.0,577.0,571.0,242.0,249.0,244.0
2479.0,583.0,573.0,584.0,244.0,247.0,248.0
2455.0,586.0,560.0,572.0,244.0,249.0,244.0
2474.0,577.0,572.0,583.0,242.0,252.0,248.0
2440.0,563.0,576.0,564.0,244.0,248.0,245.0
2422.0,564.0,570.0,565.0,233.0,245.0,245.0
2426.0,568.0,580.0,550.0,242.0,238.0,248.0
2381.0,561.0,564.0,539.0,243.0,235.0,239.0
2359.0,551.0,549.0,546.0,244.0,229.0,240.0
2370.0,557.0,556.0,551.0,243.0,228.0,235.0
2361.0,534.0,556.0,561.0,241.0,238.0,231.0
2395.0,550.0,550.0,569.0,249.0,232.0,245.0
2412.0,549.0,564.0,577.0,239.0,244.0,239.0
2487.0,591.0,578.0,571.0,251.0,251.0,245.0
2502.0,598.0,574.0,576.0,251.0,255.0,248.0
2519.0,595.0,599.0,576.0,246.0,257.0,246.0
2527.0,588.0,603.0,586.0,246.0,254.0,250.0
2483.0,579.0,582.0,581.0,243.0,250.0,248.0
2468.0,574.0,580.0,581.0,242.0,250.0,241.0
2421.0,574.0,572.0,557.0,239.0,240.0,239.0
2408.0,567.0,555.0,574.0,235.0,242.0,235.0
2404.0,573.0,554.0,562.0,242.0,234.0,239.0
2366.0,548.0,542.0,568.0,234.0,240.0,234.0
2356.0,535.0,542.0,556.0,241.0,233.0,249.0
2446.0,566.0,570.0,571.0,246.0,238.0,255.0
2465.0,587.0,560.0,565.0,252.0,245.0,256.0
2481.0,580.0,593.0,568.0,250.0,243.0,247.0
2520.0,595.0,607.0,568.0,240.0,254.0,256.0
2554.0,590.0,598.0,600.0,257.0,251.0,258.0
2519.0,585.0,584.0,590.0,246.0,253.0,261.0
2502.0,581.0,575.0,592.0,246.0,253.0,255.0
2457.0,565.0,572.0,563.0,247.0,253.0,257.0
2466.0,574.0,587.0,573.0,241.0,247.0,244.0
2437.0,561.0,575.0,579.0,239.0,240.0,243.0
2416.0,562.0,567.0,563.0,243.0,241.0,240.0
2399.0,547.0,565.0,558.0,242.0,250.0,237.0
2411.0,548.0,574.0,567.0,247.0,242.0,233.0
2418.0,546.0,586.0,557.0,246.0,240.0,243.0
2470.0,591.0,565.0,566.0,252.0,252.0,244.0
2483.0,598.0,571.0,569.0,254.0,247.0,244.0
2519.0,587.0,582.0,590.0,249.0,253.0,258.0
2546.0,596.0,595.0,589.0,256.0,253.0,257.0
2559.0,584.0,601.0,607.0,250.0,251.0,266.0
2533.0,574.0,614.0,581.0,260.0,249.0,255.0
2524.0,571.0,604.0,600.0,247.0,247.0,255.0
2488.0,588.0,568.0,591.0,243.0,247.0,251.0
2442.0,575.0,559.0,562.0,246.0,246.0,254.0
2437.0,580.0,562.0,571.0,240.0,242.0,242.0
2420.0,572.0,561.0,560.0,244.0,240.0,243.0
2429.0,574.0,564.0,556.0,250.0,248.0,237.0
2449.0,553.0,566.0,579.0,251.0,252.0,248.0
2528.0,603.0,586.0,581.0,255.0,255.0,248.0
2533.0,609.0,586.0,577.0,258.0,252.0,251.0
2578.0,614.0,600.0,588.0,258.0,261.0,257.0
2620.0,627.0,610.0,610.0,260.0,261.0,252.0
2596.0,601.0,616.0,606.0,265.0,253.0,255.0
2541.0,597.0,582.0,611.0,248.0,253.0,250.0
2549.0,584.0,596.0,613.0,252.0,252.0,252.0
2512.0,602.0,576.0,595.0,247.0,246.0,246.0
2471.0,589.0,565.0,577.0,242.0,245.0,253.0
2441.0,574.0,579.0,558.0,244.0,244.0,242.0
2463.0,589.0,575.0,568.0,243.0,243.0,245.0
2465.0,566.0,587.0,575.0,245.0,242.0,250.0
2474.0,576.0,589.0,550.0,256.0,252.0,251.0
2517.0,586.0,589.0,582.0,256.0,249.0,255.0
2595.0,602.0,596.0,604.0,259.0,267.0,267.0
2592.0,619.0,602.0,585.0,262.0,264.0,260.0
2625.0,619.0,594.0,620.0,263.0,266.0,263.0
2626.0,606.0,614.0,606.0,262.0,264.0,274.0
2595.0,574.0,613.0,618.0,263.0,264.0,263.0
2594.0,603.0,611.0,618.0,253.0,256.0,253.0
2533.0,592.0,603.0,580.0,250.0,253.0,255.0
2470.0,579.0,590.0,568.0,251.0,241.0,241.0
2473.0,588.0,591.0,567.0,241.0,246.0,240.0
2475.0,582.0,584.0,565.0,254.0,244.0,246.0
2448.0,563.0,576.0,560.0,254.0,252.0,243.0
2524.0,605.0,584.0,586.0,253.0,244.0,252.0
2540.0,585.0,604.0,586.0,260.0,253.0,252.0
2611.0,598.0,620.0,613.0,259.0,261.0,260.0
2647.0,611.0,632.0,609.0,270.0,260.0,265.0
2683.0,631.0,623.0,634.0,269.0,263.0,263.0
2665.0,608.0,637.0,621.0,268.0,266.0,265.0
2617.0,600.0,614.0,603.0,265.0,272.0,263.0
2603.0,600.0,611.0,597.0,262.0,268.0,265.0
2560.0,596.0,595.0,597.0,255.0,258.0,259.0
2512.0,591.0,579.0,579.0,249.0,258.0,256.0
2518.0,586.0,586.0,588.0,252.0,250.0,256.0
2537.0,593.0,595.0,587.0,245.0,256.0,261.0
2513.0,591.0,592.0,581.0,240.0,253.0,256.0
2580.0,581.0,608.0,611.0,260.0,256.0,264.0
2563.0,604.0,601.0,599.0,251.0,257.0,251.0
2687.0,628.0,641.0,617.0,263.0,269.0,269.0
2635.0,617.0,609.0,632.0,262.0,256.0,259.0
2667.0,618.0,617.0,639.0,270.0,263.0,260.0
2627.0,604.0,612.0,619.0,269.0,263.0,260.0
2609.0,595.0,618.0,608.0,272.0,259.0,257.0
2609.0,608.0,604.0,610.0,269.0,262.0,256.0
2584.0,602.0,617.0,593.0,260.0,261.0,251.0
2566.0,609.0,616.0,587.0,253.0,254.0,247.0
2552.0,597.0,603.0,592.0,252.0,255.0,253.0
2516.0,592.0,593.0,580.0,248.0,251.0,252.0
2538.0,583.0,598.0,592.0,249.0,260.0,256.0
2563.0,592.0,588.0,613.0,252.0,256.0,262.0
2635.0,611.0,604.0,629.0,261.0,261.0,269.0
2683.0,628.0,625.0,629.0,267.0,268.0,266.0
2673.0,627.0,625.0,620.0,266.0,268.0,267.0
2678.0,636.0,614.0,631.0,271.0,262.0,264.0
2697.0,630.0,631.0,625.0,269.0,272.0,270.0
2644.0,614.0,629.0,601.0,268.0,265.0,267.0
2676.0,630.0,620.0,614.0,273.0,266.0,273.0
2552.0,606.0,590.0,580.0,261.0,256.0,259.0
2593.0,618.0,586.0,605.0,263.0,262.0,259.0
2543.0,599.0,595.0,589.0,253.0,249.0,258.0
2538.0,598.0,591.0,586.0,255.0,251.0,257.0
2546.0,586.0,575.0,618.0,256.0,255.0,256.0
2592.0,606.0,616.0,609.0,247.0,253.0,261.0
2629.0,616.0,620.0,613.0,256.0,264.0,260.0
2724.0,644.0,634.0,629.0,263.0,280.0,274.0
2707.0,630.0,627.0,627.0,276.0,277.0,270.0
2694.0,629.0,636.0,617.0,268.0,278.0,266.0
2699.0,622.0,624.0,635.0,268.0,274.0,276.0
2663.0,619.0,620.0,618.0,266.0,271.0,269.0
2652.0,614.0,605.0,621.0,274.0,270.0,268.0
2621.0,618.0,592.0,614.0,266.0,265.0,266.0
2639.0,616.0,622.0,606.0,266.0,263.0,266.0
2597.0,607.0,599.0,605.0,265.0,252.0,269.0
2588.0,598.0,607.0,600.0,263.0,260.0,260.0
2601.0,600.0,613.0,611.0,256.0,255.0,266.0
2634.0,615.0,622.0,618.0,260.0,254.0,265.0
2664.0,615.0,613.0,634.0,268.0,262.0,272.0
2706.0,639.0,628.0,637.0,268.0,267.0,267.0
2755.0,647.0,647.0,640.0,273.0,274.0,274.0
2727.0,645.0,638.0,626.0,268.0,273.0,277.0
2724.0,633.0,636.0,629.0,269.0,289.0,268.0
2716.0,625.0,652.0,629.0,271.0,276.0,263.0
2703.0,618.0,632.0,639.0,276.0,276.0,262.0
2674.0,626.0,624.0,620.0,271.0,272.0,261.0
2647.0,616.0,621.0,628.0,263.0,264.0,255.0
2672.0,623.0,611.0,640.0,266.0,273.0,259.0
2575.0,604.0,584.0,600.0,265.0,260.0,262.0
2649.0,606.0,624.0,625.0,265.0,265.0,264.0
2653.0,603.0,619.0,627.0,264.0,269.0,271.0
2693.0,635.0,641.0,617.0,267.0,267.0,266.0
2729.0,648.0,641.0,627.0,268.0,267.0,278.0
2757.0,657.0,663.0,624.0,268.0,273.0,272.0
2792.0,670.0,649.0,641.0,279.0,276.0,277.0
2764.0,640.0,648.0,641.0,279.0,272.0,284.0
2730.0,641.0,634.0,634.0,275.0,269.0,277.0
2719.0,630.0,634.0,641.0,273.0,274.0,267.0
2686.0,634.0,605.0,642.0,274.0,269.0,262.0
2695.0,634.0,624.0,634.0,270.0,269.0,264.0
2670.0,626.0,615.0,629.0,267.0,270.0,263.0
2675.0,619.0,616.0,629.0,272.0,272.0,267.0
2648.0,609.0,631.0,608.0,269.0,270.0,261.0
2676.0,622.0,619.0,628.0,271.0,279.0,257.0
2704.0,637.0,640.0,618.0,266.0,276.0,267.0
2747.0,665.0,630.0,630.0,272.0,279.0,271.0
2773.0,652.0,647.0,646.0,270.0,284.0,274.0
2759.0,638.0,648.0,659.0,272.0,266.0,276.0
2768.0,640.0,673.0,623.0,275.0,278.0,279.0
2752.0,640.0,624.0,659.0,271.0,275.0,283.0
2722.0,637.0,637.0,637.0,269.0,265.0,277.0
2753.0,637.0,659.0,643.0,266.0,273.0,275.0
2698.0,641.0,620.0,637.0,268.0,261.0,271.0
2673.0,636.0,623.0,612.0,268.0,268.0,266.0
2663.0,620.0,618.0,617.0,273.0,264.0,271.0
2662.0,613.0,612.0,624.0,278.0,268.0,267.0
2706.0,621.0,640.0,619.0,273.0,270.0,283.0
2740.0,641.0,638.0,624.0,277.0,278.0,282.0
2768.0,652.0,642.0,640.0,277.0,279.0,278.0
2800.0,648.0,672.0,642.0,281.0,280.0,277.0
2833.0,656.0,663.0,663.0,280.0,284.0,287.0
2817.0,649.0,666.0,667.0,272.0,282.0,281.0
2785.0,643.0,656.0,654.0,271.0,279.0,282.0
2775.0,638.0,659.0,656.0,273.0,274.0,275.0
2724.0,648.0,626.0,640.0,270.0,268.0,272.0
2688.0,634.0,609.0,638.0,273.0,264.0,270.0
2692.0,633.0,630.0,625.0,271.0,267.0,266.0
2661.0,630.0,616.0,617.0,268.0,265.0,265.0
2694.0,620.0,629.0,625.0,282.0,267.0,271.0
2750.0,630.0,646.0,641.0,278.0,274.0,281.0
2773.0,650.0,650.0,641.0,279.0,278.0,275.0
2823.0,665.0,646.0,666.0,283.0,276.0,287.0
2853.0,673.0,660.0,662.0,281.0,288.0,289.0
2851.0,665.0,647.0,678.0,287.0,288.0,286.0
2860.0,663.0,655.0,679.0,282.0,289.0,292.0
2816.0,652.0,642.0,671.0,281.0,281.0,289.0
2793.0,643.0,647.0,667.0,273.0,282.0,281.0
2794.0,649.0,666.0,649.0,281.0,277.0,272.0
2713.0,633.0,636.0,639.0,261.0,274.0,270.0
2711.0,631.0,642.0,628.0,268.0,273.0,269.0
2667.0,611.0,645.0,612.0,274.0,262.0,263.0
2698.0,621.0,644.0,627.0,278.0,262.0,266.0
2736.0,648.0,642.0,632.0,279.0,266.0,269.0
2771.0,649.0,644.0,637.0,282.0,279.0,280.0
2844.0,672.0,661.0,673.0,287.0,274.0,277.0
2870.0,676.0,661.0,672.0,288.0,289.0,284.0
2893.0,666.0,693.0,677.0,283.0,292.0,282.0
2897.0,677.0,680.0,674.0,287.0,292.0,287.0
2846.0,661.0,660.0,656.0,282.0,289.0,298.0
2825.0,639.0,687.0,654.0,279.0,285.0,281.0
2818.0,667.0,649.0,660.0,277.0,274.0,291.0
2754.0,647.0,645.0,632.0,272.0,276.0,282.0
2756.0,642.0,637.0,630.0,273.0,292.0,282.0
2744.0,643.0,640.0,627.0,275.0,277.0,282.0
2740.0,633.0,634.0,643.0,277.0,276.0,277.0
2787.0,651.0,647.0,655.0,282.0,275.0,277.0
2851.0,664.0,666.0,679.0,280.0,278.0,284.0
2896.0,659.0,701.0,672.0,296.0,279.0,289.0
2918.0,678.0,683.0,690.0,290.0,294.0,283.0
2909.0,683.0,678.0,673.0,294.0,291.0,290.0
2894.0,668.0,676.0,685.0,291.0,287.0,287.0
2878.0,661.0,672.0,677.0,290.0,288.0,290.0
2853.0,667.0,672.0,673.0,281.0,279.0,281.0
2796.0,663.0,651.0,642.0,279.0,278.0,283.0
2766.0,652.0,648.0,635.0,275.0,279.0,277.0
2748.0,654.0,648.0,629.0,270.0,275.0,272.0
2753.0,637.0,649.0,631.0,281.0,276.0,279.0
2775.0,630.0,664.0,647.0,273.0,282.0,279.0
2782.0,635.0,658.0,650.0,281.0,280.0,278.0
2869.0,667.0,666.0,670.0,291.0,288.0,287.0
2912.0,682.0,682.0,670.0,294.0,297.0,287.0
2934.0,687.0,668.0,696.0,293.0,287.0,303.0
2946.0,677.0,691.0,690.0,302.0,296.0,290.0
2941.0,676.0,690.0,691.0,302.0,289.0,293.0
2893.0,658.0,679.0,669.0,291.0,300.0,296.0
2858.0,658.0,675.0,663.0,288.0,287.0,287.0
2820.0,665.0,666.0,638.0,285.0,281.0,285.0
2797.0,652.0,658.0,646.0,286.0,281.0,274.0
2788.0,663.0,654.0,634.0,277.0,277.0,283.0
2801.0,673.0,654.0,645.0,275.0,274.0,280.0
2814.0,652.0,651.0,666.0,276.0,284.0,285.0
2826.0,645.0,666.0,668.0,282.0,284.0,281.0
2886.0,668.0,674.0,680.0,292.0,292.0,280.0
2898.0,668.0,684.0,682.0,291.0,289.0,284.0
2950.0,689.0,692.0,682.0,297.0,301.0,289.0
3015.0,696.0,714.0,712.0,295.0,301.0,297.0
2956.0,688.0,705.0,677.0,301.0,290.0,295.0
2906.0,667.0,676.0,685.0,289.0,296.0,293.0
2897.0,674.0,675.0,668.0,298.0,286.0,296.0
2867.0,683.0,662.0,664.0,288.0,284.0,286.0
2867.0,687.0,655.0,673.0,283.0,282.0,287.0
2854.0,659.0,667.0,675.0,283.0,285.0,285.0
2809.0,649.0,667.0,662.0,273.0,275.0,283.0
2822.0,651.0,669.0,666.0,274.0,281.0,281.0
2843.0,635.0,675.0,683.0,279.0,284.0,287.0
2891.0,672.0,678.0,681.0,283.0,287.0,290.0
2918.0,691.0,670.0,672.0,295.0,298.0,292.0
2943.0,696.0,677.0,684.0,298.0,294.0,294.0
2929.0,681.0,684.0,684.0,296.0,290.0,294.0
2970.0,687.0,698.0,682.0,306.0,302.0,295.0
2961.0,674.0,704.0,689.0,305.0,300.0,289.0
2910.0,681.0,688.0,666.0,293.0,297.0,285.0
2877.0,667.0,669.0,675.0,291.0,286.0,289.0
2909.0,676.0,670.0,694.0,288.0,293.0,288.0
2870.0,668.0,671.0,680.0,287.0,281.0,283.0
2819.0,665.0,655.0,660.0,282.0,279.0,278.0
2813.0,634.0,648.0,664.0,288.0,290.0,289.0
2859.0,661.0,660.0,672.0,289.0,286.0,291.0
2905.0,688.0,675.0,680.0,285.0,291.0,286.0
2972.0,696.0,695.0,690.0,294.0,297.0,300.0
2971.0,692.0,694.0,693.0,294.0,292.0,306.0
3013.0,705.0,707.0,693.0,300.0,297.0,311.0
3002.0,696.0,713.0,691.0,305.0,295.0,302.0
2970.0,683.0,704.0,680.0,307.0,297.0,299.0
2938.0,672.0,695.0,695.0,296.0,287.0,293.0
2935.0,679.0,679.0,699.0,296.0,288.0,294.0
2908.0,683.0,669.0,691.0,288.0,286.0,291.0
2919.0,670.0,685.0,698.0,292.0,294.0,280.0
2876.0,651.0,669.0,691.0,291.0,292.0,282.0
2898.0,658.0,693.0,682.0,291.0,291.0,283.0
2887.0,672.0,683.0,660.0,291.0,288.0,293.0
2949.0,682.0,706.0,677.0,292.0,298.0,294.0
2969.0,702.0,687.0,696.0,292.0,298.0,294.0
3012.0,713.0,709.0,692.0,294.0,302.0,302.0
3036.0,720.0,696.0,714.0,302.0,296.0,308.0
3024.0,721.0,695.0,712.0,300.0,295.0,301.0
3011.0,699.0,692.0,710.0,310.0,299.0,301.0
2963.0,678.0,687.0,700.0,301.0,293.0,304.0
2942.0,671.0,669.0,703.0,304.0,292.0,303.0
2991.0,691.0,709.0,707.0,297.0,292.0,295.0
2925.0,682.0,681.0,687.0,296.0,285.0,294.0
2871.0,662.0,667.0,679.0,289.0,283.0,291.0
2936.0,674.0,690.0,687.0,300.0,293.0,292.0
2929.0,672.0,695.0,675.0,297.0,291.0,299.0
2954.0,695.0,682.0,684.0,298.0,303.0,292.0
3013.0,707.0,693.0,701.0,305.0,301.0,306.0
3031.0,720.0,695.0,703.0,304.0,307.0,302.0
3063.0,700.0,721.0,722.0,304.0,312.0,304.0
3030.0,703.0,712.0,704.0,302.0,309.0,300.0
3038.0,697.0,734.0,703.0,302.0,303.0,299.0
2974.0,682.0,703.0,707.0,299.0,292.0,291.0
2988.0,712.0,696.0,695.0,298.0,297.0,290.0
2925.0,690.0,671.0,686.0,297.0,288.0,293.0
2931.0,698.0,665.0,683.0,302.0,288.0,295.0
2902.0,672.0,676.0,681.0,291.0,291.0,291.0
2910.0,674.0,671.0,682.0,298.0,293.0,292.0
2985.0,695.0,702.0,687.0,301.0,302.0,298.0
3024.0,706.0,704.0,701.0,302.0,304.0,307.0
3051.0,718.0,721.0,694.0,306.0,306.0,306.0
3060.0,724.0,710.0,709.0,300.0,305.0,312.0
3103.0,710.0,729.0,730.0,308.0,311.0,315.0
3074.0,710.0,701.0,736.0,307.0,309.0,311.0
3039.0,698.0,706.0,717.0,303.0,303.0,312.0
3020.0,706.0,699.0,716.0,299.0,298.0,302.0
2986.0,701.0,681.0,717.0,295.0,301.0,291.0
2993.0,701.0,688.0,708.0,299.0,304.0,293.0
2984.0,696.0,699.0,690.0,305.0,300.0,294.0
2922.0,684.0,685.0,669.0,301.0,295.0,288.0
2956.0,683.0,696.0,690.0,299.0,300.0,288.0
2955.0,687.0,677.0,687.0,307.0,299.0,298.0
3009.0,697.0,702.0,718.0,303.0,295.0,294.0
3060.0,717.0,698.0,721.0,308.0,310.0,306.0
3116.0,742.0,705.0,737.0,314.0,307.0,311.0
3132.0,736.0,719.0,740.0,311.0,311.0,315.0
3109.0,724.0,723.0,733.0,307.0,311.0,311.0
3121.0,727.0,726.0,742.0,305.0,310.0,311.0
3041.0,700.0,727.0,705.0,301.0,302.0,306.0
3039.0,715.0,721.0,703.0,294.0,302.0,304.0
3006.0,699.0,705.0,702.0,300.0,298.0,302.0
2975.0,696.0,686.0,696.0,300.0,295.0,302.0
2972.0,695.0,695.0,686.0,297.0,303.0,296.0
2978.0,704.0,681.0,687.0,299.0,303.0,304.0
3001.0,687.0,692.0,696.0,308.0,310.0,308.0
3035.0,710.0,685.0,719.0,307.0,311.0,303.0
3149.0,742.0,730.0,734.0,315.0,315.0,313.0
3138.0,725.0,734.0,738.0,318.0,313.0,310.0
3193.0,741.0,753.0,752.0,321.0,312.0,314.0
3134.0,724.0,730.0,735.0,314.0,315.0,316.0
3074.0,713.0,720.0,719.0,307.0,308.0,307.0
3076.0,718.0,733.0,707.0,307.0,308.0,303.0
3049.0,725.0,710.0,698.0,304.0,304.0,308.0
2969.0,704.0,691.0,689.0,295.0,295.0,295.0
2974.0,707.0,684.0,693.0,301.0,291.0,298.0
2996.0,700.0,695.0,693.0,305.0,306.0,297.0
3006.0,685.0,724.0,702.0,303.0,298.0,294.0
3059.0,714.0,715.0,714.0,310.0,301.0,305.0
3127.0,730.0,728.0,720.0,315.0,319.0,315.0
3160.0,727.0,727.0,759.0,316.0,313.0,318.0
3156.0,736.0,719.0,743.0,322.0,320.0,316.0
3178.0,747.0,724.0,753.0,307.0,326.0,321.0
3137.0,726.0,738.0,725.0,313.0,316.0,319.0
3102.0,707.0,730.0,729.0,312.0,314.0,310.0
3111.0,732.0,729.0,721.0,308.0,315.0,306.0
3082.0,723.0,725.0,721.0,299.0,301.0,313.0
3056.0,737.0,720.0,706.0,301.0,293.0,299.0
3011.0,713.0,719.0,687.0,297.0,294.0,301.0
3043.0,708.0,708.0,712.0,304.0,309.0,302.0
3043.0,725.0,708.0,713.0,305.0,302.0,290.0
3036.0,708.0,698.0,719.0,305.0,301.0,305.0
3092.0,719.0,712.0,721.0,314.0,316.0,310.0
3183.0,741.0,742.0,747.0,320.0,322.0,311.0
3224.0,761.0,752.0,746.0,325.0,319.0,321.0
3188.0,736.0,756.0,741.0,323.0,317.0,315.0
3170.0,727.0,747.0,728.0,323.0,323.0,322.0
3169.0,733.0,756.0,730.0,314.0,316.0,320.0
3099.0,696.0,730.0,738.0,306.0,313.0,316.0
3116.0,720.0,715.0,738.0,308.0,320.0,315.0
3086.0,734.0,705.0,718.0,302.0,311.0,316.0
3045.0,713.0,703.0,707.0,303.0,317.0,302.0
3030.0,694.0,718.0,711.0,302.0,297.0,308.0
3072.0,722.0,723.0,724.0,303.0,297.0,303.0
3093.0,702.0,736.0,734.0,306.0,304.0,311.0
3151.0,725.0,755.0,738.0,311.0,308.0,314.0
3172.0,741.0,745.0,748.0,308.0,313.0,317.0
3200.0,757.0,746.0,743.0,324.0,312.0,318.0
3219.0,749.0,750.0,749.0,339.0,317.0,315.0
3183.0,742.0,745.0,736.0,323.0,321.0,316.0
3156.0,734.0,720.0,743.0,322.0,319.0,318.0
3134.0,732.0,725.0,737.0,313.0,313.0,314.0
3141.0,732.0,738.0,741.0,309.0,313.0,308.0
3103.0,711.0,740.0,728.0,310.0,312.0,302.0
3110.0,731.0,727.0,719.0,313.0,316.0,304.0
3096.0,706.0,722.0,737.0,304.0,316.0,311.0
3019.0,690.0,705.0,702.0,305.0,311.0,306.0
3137.0,737.0,726.0,733.0,317.0,307.0,317.0
3148.0,725.0,731.0,742.0,317.0,311.0,322.0
3187.0,755.0,745.0,728.0,318.0,315.0,326.0
3211.0,753.0,745.0,737.0,328.0,321.0,327.0
3257.0,752.0,754.0,772.0,331.0,319.0,329.0
3228.0,752.0,771.0,745.0,320.0,319.0,321.0
3202.0,731.0,757.0,754.0,326.0,314.0,320.0
3198.0,744.0,751.0,754.0,321.0,316.0,312.0
3149.0,744.0,721.0,740.0,315.0,317.0,312.0
3137.0,748.0,718.0,737.0,312.0,308.0,314.0
3112.0,726.0,726.0,734.0,311.0,313.0,302.0
3136.0,735.0,732.0,745.0,306.0,308.0,310.0
3104.0,735.0,723.0,715.0,308.0,316.0,307.0
3162.0,741.0,741.0,734.0,311.0,317.0,318.0
3193.0,750.0,753.0,732.0,315.0,329.0,314.0
3239.0,758.0,774.0,748.0,315.0,331.0,313.0
3263.0,792.0,740.0,746.0,328.0,328.0,329.0
3276.0,785.0,762.0,753.0,323.0,326.0,327.0
3218.0,749.0,726.0,760.0,326.0,326.0,331.0
3247.0,757.0,756.0,761.0,326.0,321.0,326.0
3244.0,750.0,755.0,766.0,328.0,325.0,320.0
3194.0,748.0,738.0,750.0,319.0,313.0,326.0
3166.0,744.0,738.0,739.0,321.0,310.0,314.0
3147.0,740.0,742.0,725.0,312.0,307.0,321.0
3144.0,734.0,748.0,730.0,307.0,309.0,316.0
3129.0,729.0,722.0,726.0,316.0,311.0,325.0
3152.0,736.0,737.0,738.0,314.0,310.0,317.0
3211.0,762.0,747.0,738.0,319.0,326.0,319.0
3239.0,769.0,747.0,752.0,323.0,326.0,322.0
3271.0,778.0,750.0,762.0,328.0,330.0,323.0
3289.0,778.0,754.0,779.0,322.0,330.0,326.0
3274.0,775.0,765.0,750.0,324.0,335.0,325.0
3277.0,762.0,769.0,774.0,329.0,326.0,317.0
3283.0,756.0,776.0,774.0,333.0,326.0,318.0
3241.0,755.0,756.0,757.0,330.0,325.0,318.0
3152.0,738.0,733.0,737.0,319.0,315.0,310.0
3166.0,750.0,737.0,735.0,317.0,316.0,311.0
3137.0,727.0,739.0,729.0,314.0,310.0,318.0
3125.0,724.0,728.0,726.0,313.0,317.0,317.0
3174.0,743.0,739.0,733.0,317.0,320.0,322.0
3232.0,757.0,766.0,746.0,317.0,321.0,325.0
3282.0,775.0,764.0,762.0,326.0,324.0,331.0
3298.0,772.0,777.0,776.0,326.0,323.0,324.0
3340.0,788.0,782.0,772.0,333.0,332.0,333.0
3300.0,767.0,778.0,764.0,328.0,326.0,337.0
3297.0,769.0,745.0,784.0,328.0,336.0,335.0
3263.0,764.0,756.0,763.0,329.0,324.0,327.0
3250.0,761.0,742.0,761.0,332.0,333.0,321.0
3196.0,750.0,739.0,739.0,324.0,327.0,317.0
3195.0,749.0,753.0,727.0,323.0,325.0,318.0
3187.0,746.0,752.0,735.0,325.0,322.0,307.0
3207.0,742.0,774.0,731.0,324.0,321.0,315.0
3201.0,731.0,762.0,741.0,316.0,327.0,324.0
3236.0,772.0,748.0,745.0,327.0,327.0,317.0
3280.0,776.0,762.0,758.0,335.0,323.0,326.0
3360.0,795.0,774.0,798.0,331.0,330.0,332.0
3330.0,776.0,772.0,782.0,333.0,335.0,332.0
3342.0,779.0,785.0,781.0,333.0,327.0,337.0
3279.0,760.0,759.0,776.0,323.0,331.0,330.0
3304.0,766.0,778.0,771.0,330.0,325.0,334.0
3251.0,764.0,773.0,732.0,325.0,327.0,330.0
3254.0,757.0,761.0,771.0,321.0,319.0,325.0
3221.0,750.0,750.0,742.0,333.0,325.0,321.0
3209.0,742.0,740.0,754.0,326.0,324.0,323.0
3154.0,726.0,730.0,729.0,322.0,323.0,324.0
3266.0,758.0,765.0,757.0,330.0,328.0,328.0
3267.0,774.0,750.0,763.0,321.0,332.0,327.0
3348.0,780.0,785.0,789.0,326.0,342.0,326.0
3350.0,778.0,786.0,795.0,336.0,331.0,324.0
3369.0,783.0,793.0,786.0,330.0,333.0,344.0
3392.0,787.0,810.0,786.0,334.0,341.0,334.0
3322.0,776.0,781.0,773.0,330.0,332.0,330.0
3321.0,769.0,784.0,784.0,330.0,329.0,325.0
3301.0,782.0,761.0,768.0,333.0,329.0,328.0
3243.0,758.0,754.0,760.0,327.0,323.0,321.0
3221.0,756.0,745.0,747.0,324.0,325.0,324.0
3258.0,759.0,746.0,763.0,333.0,329.0,328.0
3240.0,745.0,752.0,768.0,330.0,319.0,326.0
3307.0,756.0,785.0,768.0,331.0,335.0,332.0
3320.0,750.0,785.0,789.0,336.0,330.0,330.0
3403.0,797.0,791.0,795.0,343.0,344.0,333.0
3416.0,800.0,785.0,811.0,331.0,343.0,346.0
3385.0,780.0,789.0,796.0,337.0,344.0,339.0
3358.0,789.0,788.0,785.0,326.0,338.0,332.0
3361.0,779.0,782.0,774.0,338.0,343.0,345.0
3337.0,777.0,779.0,780.0,334.0,332.0,335.0
3298.0,787.0,765.0,756.0,326.0,332.0,332.0
3269.0,767.0,768.0,758.0,320.0,327.0,329.0
3265.0,773.0,763.0,753.0,325.0,323.0,328.0
3237.0,764.0,757.0,745.0,323.0,321.0,327.0
3277.0,761.0,764.0,773.0,337.0,327.0,315.0
3341.0,779.0,781.0,785.0,339.0,322.0,335.0
3358.0,788.0,785.0,786.0,337.0,333.0,329.0
3372.0,787.0,782.0,799.0,339.0,333.0,332.0
3414.0,819.0,783.0,789.0,336.0,342.0,345.0
3410.0,785.0,802.0,804.0,340.0,338.0,341.0
3434.0,786.0,819.0,798.0,338.0,349.0,344.0
3389.0,778.0,794.0,781.0,339.0,348.0,349.0
3345.0,783.0,787.0,758.0,333.0,345.0,339.0
3327.0,794.0,756.0,774.0,331.0,332.0,340.0
3314.0,791.0,750.0,780.0,323.0,334.0,336.0
3315.0,774.0,772.0,780.0,324.0,328.0,337.0
3322.0,761.0,778.0,796.0,327.0,324.0,336.0
3332.0,759.0,777.0,787.0,338.0,337.0,334.0
3364.0,766.0,786.0,797.0,346.0,332.0,337.0
3370.0,794.0,788.0,787.0,340.0,324.0,337.0
3381.0,788.0,805.0,773.0,343.0,336.0,336.0
3444.0,817.0,805.0,793.0,342.0,343.0,344.0
3445.0,804.0,821.0,800.0,346.0,338.0,336.0
3430.0,800.0,808.0,794.0,344.0,343.0,341.0
3410.0,805.0,801.0,783.0,341.0,344.0,336.0
3365.0,784.0,786.0,793.0,328.0,340.0,334.0
3369.0,802.0,773.0,790.0,336.0,336.0,332.0
3349.0,773.0,790.0,781.0,333.0,337.0,335.0
3346.0,775.0,780.0,791.0,334.0,334.0,332.0
3298.0,757.0,770.0,779.0,325.0,337.0,330.0
3332.0,761.0,794.0,776.0,324.0,337.0,340.0
3365.0,779.0,789.0,793.0,334.0,336.0,334.0
3403.0,796.0,785.0,794.0,343.0,341.0,344.0
3452.0,813.0,799.0,794.0,346.0,344.0,356.0
3497.0,819.0,823.0,801.0,351.0,346.0,357.0
3471.0,804.0,787.0,820.0,356.0,349.0,355.0
3460.0,791.0,810.0,814.0,350.0,345.0,350.0
3449.0,802.0,819.0,789.0,350.0,340.0,349.0
3426.0,805.0,804.0,801.0,341.0,337.0,338.0
3377.0,789.0,788.0,791.0,332.0,335.0,342.0
3362.0,783.0,801.0,779.0,333.0,336.0,330.0
3337.0,774.0,798.0,774.0,329.0,333.0,329.0
3342.0,773.0,782.0,783.0,330.0,338.0,336.0
3340.0,787.0,785.0,771.0,335.0,332.0,330.0
3348.0,779.0,777.0,775.0,341.0,344.0,332.0
3390.0,785.0,794.0,793.0,342.0,342.0,334.0
3469.0,811.0,819.0,800.0,350.0,345.0,344.0
3493.0,817.0,829.0,802.0,346.0,349.0,350.0
3506.0,819.0,819.0,816.0,354.0,346.0,352.0
3502.0,804.0,830.0,811.0,354.0,348.0,355.0
3481.0,796.0,812.0,818.0,351.0,354.0,350.0
3463.0,798.0,803.0,822.0,347.0,345.0,348.0
3431.0,803.0,801.0,809.0,344.0,339.0,335.0
3398.0,806.0,791.0,791.0,332.0,333.0,345.0
3385.0,800.0,782.0,786.0,334.0,337.0,346.0
3332.0,778.0,780.0,778.0,332.0,329.0,335.0
3350.0,764.0,792.0,778.0,343.0,333.0,340.0
3406.0,780.0,801.0,802.0,338.0,340.0,345.0
3438.0,804.0,804.0,805.0,340.0,337.0,348.0
3466.0,807.0,804.0,810.0,355.0,350.0,340.0
3525.0,827.0,811.0,820.0,357.0,357.0,353.0
3520.0,817.0,812.0,834.0,349.0,359.0,349.0
3511.0,807.0,818.0,828.0,355.0,356.0,347.0
3519.0,820.0,815.0,815.0,361.0,358.0,350.0
3502.0,809.0,827.0,827.0,346.0,347.0,346.0
3457.0,821.0,792.0,803.0,345.0,348.0,348.0
3417.0,796.0,806.0,804.0,336.0,339.0,336.0
3415.0,809.0,796.0,797.0,337.0,339.0,337.0
3375.0,793.0,790.0,794.0,329.0,337.0,332.0
3358.0,759.0,803.0,783.0,331.0,342.0,340.0
3398.0,791.0,799.0,784.0,340.0,340.0,344.0
3486.0,826.0,808.0,809.0,345.0,342.0,356.0
3536.0,834.0,815.0,831.0,347.0,348.0,361.0
3528.0,827.0,833.0,809.0,352.0,350.0,357.0
3562.0,831.0,838.0,833.0,352.0,348.0,360.0
3554.0,811.0,833.0,843.0,356.0,351.0,360.0
3563.0,818.0,839.0,837.0,354.0,359.0,356.0
3480.0,794.0,815.0,822.0,356.0,350.0,343.0
3465.0,803.0,805.0,810.0,355.0,349.0,343.0
3450.0,823.0,795.0,803.0,338.0,345.0,346.0
3404.0,803.0,783.0,786.0,340.0,356.0,336.0
3379.0,791.0,777.0,793.0,338.0,341.0,339.0
3420.0,793.0,811.0,788.0,346.0,340.0,342.0
3479.0,824.0,821.0,803.0,341.0,348.0,342.0
3476.0,823.0,824.0,801.0,341.0,348.0,339.0
3510.0,825.0,819.0,820.0,346.0,348.0,352.0
3573.0,854.0,824.0,838.0,350.0,353.0,354.0
3580.0,837.0,828.0,842.0,355.0,357.0,361.0
3540.0,833.0,810.0,833.0,354.0,357.0,353.0
3555.0,819.0,825.0,839.0,360.0,357.0,355.0
3521.0,810.0,823.0,829.0,357.0,348.0,354.0
3503.0,827.0,820.0,804.0,351.0,346.0,355.0
3483.0,811.0,806.0,809.0,352.0,354.0,351.0
3437.0,801.0,808.0,797.0,343.0,341.0,347.0
3444.0,807.0,799.0,806.0,341.0,338.0,353.0
3400.0,782.0,789.0,800.0,337.0,347.0,345.0
3459.0,795.0,797.0,813.0,350.0,352.0,352.0
3527.0,827.0,812.0,833.0,349.0,356.0,350.0
3535.0,820.0,815.0,841.0,355.0,355.0,349.0
3584.0,837.0,851.0,834.0,359.0,357.0,346.0
3596.0,840.0,846.0,842.0,353.0,358.0,357.0
3609.0,824.0,853.0,851.0,361.0,361.0,359.0
3546.0,817.0,844.0,821.0,356.0,359.0,349.0
3535.0,832.0,829.0,809.0,357.0,356.0,352.0
3541.0,831.0,831.0,827.0,354.0,349.0,349.0
3450.0,809.0,808.0,791.0,356.0,338.0,348.0
3476.0,822.0,807.0,802.0,350.0,344.0,351.0
3454.0,818.0,802.0,802.0,343.0,347.0,342.0
3454.0,794.0,795.0,816.0,351.0,350.0,348.0
3515.0,814.0,829.0,814.0,358.0,341.0,359.0
3582.0,848.0,836.0,830.0,354.0,355.0,359.0
3621.0,848.0,844.0,851.0,360.0,359.0,359.0
3645.0,859.0,857.0,847.0,352.0,371.0,359.0
3617.0,847.0,844.0,839.0,362.0,361.0,364.0
3600.0,833.0,829.0,842.0,371.0,366.0,359.0
3615.0,844.0,838.0,835.0,360.0,370.0,368.0
3599.0,839.0,848.0,837.0,353.0,357.0,365.0
3538.0,832.0,813.0,823.0,358.0,356.0,356.0
3503.0,824.0,824.0,814.0,351.0,349.0,341.0
3489.0,809.0,823.0,812.0,355.0,347.0,343.0
3526.0,816.0,837.0,827.0,356.0,349.0,341.0
3498.0,803.0,824.0,826.0,352.0,345.0,348.0
3536.0,817.0,815.0,841.0,355.0,357.0,351.0
3573.0,844.0,814.0,841.0,356.0,363.0,355.0
3648.0,859.0,849.0,855.0,363.0,362.0,360.0
3653.0,864.0,840.0,861.0,361.0,365.0,362.0
3665.0,876.0,843.0,848.0,367.0,365.0,366.0
3619.0,855.0,851.0,832.0,354.0,361.0,366.0
3622.0,830.0,852.0,845.0,360.0,368.0,367.0
3600.0,830.0,844.0,835.0,356.0,365.0,370.0
3600.0,856.0,835.0,823.0,356.0,364.0,366.0
3569.0,828.0,833.0,827.0,361.0,358.0,362.0
3515.0,825.0,803.0,819.0,360.0,353.0,355.0
3540.0,838.0,825.0,808.0,358.0,358.0,353.0
3567.0,833.0,812.0,853.0,354.0,355.0,360.0
3575.0,821.0,827.0,854.0,361.0,354.0,358.0
3644.0,844.0,857.0,858.0,363.0,361.0,361.0
3628.0,841.0,845.0,854.0,363.0,364.0,361.0
3668.0,857.0,866.0,852.0,364.0,364.0,365.0
3685.0,857.0,869.0,858.0,368.0,369.0,364.0
3652.0,851.0,868.0,849.0,360.0,368.0,356.0
3626.0,843.0,844.0,853.0,359.0,365.0,362.0
3615.0,843.0,851.0,843.0,359.0,365.0,354.0
3563.0,861.0,811.0,826.0,352.0,353.0,360.0
3578.0,846.0,829.0,838.0,355.0,360.0,350.0
3547.0,840.0,822.0,812.0,350.0,368.0,355.0
3558.0,821.0,828.0,847.0,355.0,354.0,353.0
3565.0,816.0,843.0,842.0,356.0,356.0,352.0
3613.0,842.0,843.0,841.0,364.0,369.0,354.0
3614.0,834.0,854.0,827.0,369.0,363.0,367.0
3675.0,861.0,853.0,850.0,375.0,366.0,370.0
3678.0,859.0,858.0,846.0,373.0,370.0,372.0
3710.0,870.0,862.0,852.0,377.0,373.0,376.0
3630.0,857.0,837.0,837.0,369.0,363.0,367.0
3698.0,856.0,872.0,867.0,363.0,364.0,376.0
3652.0,860.0,846.0,857.0,361.0,361.0,367.0
3644.0,855.0,855.0,854.0,357.0,360.0,363.0
3621.0,860.0,847.0,845.0,357.0,359.0,353.0
3573.0,852.0,820.0,840.0,356.0,354.0,351.0
3597.0,837.0,831.0,849.0,366.0,358.0,356.0
3561.0,829.0,821.0,843.0,356.0,362.0,350.0
3571.0,821.0,829.0,826.0,369.0,365.0,361.0
3671.0,857.0,851.0,852.0,367.0,377.0,367.0
3679.0,869.0,863.0,856.0,367.0,367.0,357.0
3708.0,862.0,875.0,853.0,374.0,372.0,372.0
3731.0,869.0,882.0,862.0,373.0,377.0,368.0
3747.0,876.0,869.0,874.0,374.0,375.0,379.0
3708.0,843.0,871.0,875.0,373.0,376.0,370.0
3692.0,868.0,847.0,870.0,368.0,368.0,371.0
3666.0,857.0,837.0,878.0,357.0,366.0,371.0
3623.0,850.0,829.0,843.0,363.0,365.0,373.0
3589.0,845.0,821.0,847.0,363.0,353.0,360.0
3610.0,844.0,843.0,844.0,361.0,352.0,366.0
3609.0,823.0,863.0,845.0,354.0,363.0,361.0
3661.0,860.0,855.0,853.0,370.0,358.0,365.0
3651.0,849.0,871.0,834.0,370.0,364.0,363.0
3731.0,868.0,865.0,881.0,381.0,366.0,370.0
3755.0,894.0,878.0,859.0,379.0,379.0,366.0
3764.0,888.0,886.0,866.0,380.0,373.0,371.0
3750.0,880.0,872.0,882.0,376.0,368.0,372.0
3728.0,873.0,856.0,878.0,370.0,381.0,370.0
3707.0,862.0,861.0,887.0,365.0,370.0,362.0
3686.0,852.0,861.0,856.0,368.0,379.0,370.0
3656.0,854.0,855.0,860.0,360.0,368.0,359.0
3660.0,855.0,873.0,849.0,361.0,364.0,358.0
3607.0,842.0,844.0,843.0,360.0,356.0,362.0
3557.0,818.0,837.0,825.0,357.0,362.0,358.0
3662.0,857.0,855.0,842.0,376.0,360.0,372.0
3689.0,880.0,848.0,846.0,372.0,367.0,376.0
3697.0,890.0,852.0,853.0,372.0,363.0,367.0
3766.0,881.0,860.0,887.0,381.0,378.0,379.0
3778.0,887.0,872.0,895.0,382.0,368.0,374.0
3761.0,855.0,883.0,887.0,384.0,372.0,380.0
3773.0,888.0,884.0,876.0,375.0,376.0,374.0
3722.0,849.0,880.0,870.0,380.0,368.0,375.0
3715.0,871.0,864.0,874.0,362.0,371.0,373.0
3703.0,878.0,866.0,857.0,368.0,375.0,359.0
3647.0,870.0,848.0,850.0,360.0,368.0,351.0
3632.0,852.0,840.0,841.0,363.0,372.0,364.0
3620.0,831.0,850.0,855.0,365.0,366.0,353.0
3705.0,854.0,886.0,861.0,375.0,368.0,361.0
3726.0,867.0,879.0,864.0,376.0,372.0,368.0
3805.0,890.0,896.0,897.0,374.0,377.0,371.0
3851.0,903.0,904.0,900.0,381.0,381.0,382.0
3850.0,897.0,885.0,910.0,396.0,374.0,388.0
3818.0,899.0,887.0,887.0,383.0,377.0,385.0
3795.0,881.0,879.0,882.0,389.0,376.0,388.0
3737.0,868.0,865.0,875.0,379.0,369.0,381.0
3741.0,887.0,878.0,859.0,377.0,367.0,373.0
3665.0,865.0,854.0,845.0,364.0,368.0,369.0
3665.0,864.0,860.0,851.0,357.0,361.0,372.0
3661.0,855.0,861.0,850.0,356.0,368.0,371.0
3666.0,834.0,857.0,860.0,363.0,377.0,375.0
3722.0,864.0,879.0,863.0,373.0,376.0,367.0
3764.0,879.0,869.0,888.0,375.0,378.0,375.0
3814.0,892.0,866.0,902.0,381.0,392.0,381.0
3810.0,898.0,876.0,887.0,377.0,388.0,384.0
3819.0,885.0,884.0,897.0,392.0,387.0,374.0
3840.0,886.0,906.0,898.0,391.0,384.0,375.0
3838.0,895.0,903.0,898.0,384.0,382.0,376.0
3803.0,878.0,904.0,881.0,391.0,379.0,370.0
3778.0,876.0,885.0,894.0,377.0,372.0,374.0
3701.0,870.0,872.0,846.0,373.0,371.0,369.0
3700.0,887.0,849.0,854.0,375.0,364.0,371.0
3658.0,845.0,857.0,846.0,366.0,375.0,369.0
3687.0,865.0,854.0,863.0,366.0,365.0,374.0
3728.0,870.0,876.0,866.0,375.0,371.0,370.0
3803.0,901.0,884.0,886.0,371.0,378.0,383.0
3817.0,907.0,884.0,888.0,377.0,374.0,387.0
3904.0,908.0,924.0,917.0,380.0,384.0,391.0
3844.0,888.0,903.0,893.0,383.0,390.0,387.0
3876.0,907.0,921.0,902.0,385.0,385.0,376.0
3863.0,901.0,894.0,889.0,394.0,396.0,389.0
3776.0,874.0,880.0,876.0,383.0,382.0,381.0
3768.0,895.0,881.0,859.0,375.0,377.0,381.0
3732.0,875.0,874.0,859.0,371.0,375.0,378.0
3730.0,869.0,877.0,876.0,366.0,371.0,371.0
3730.0,853.0,876.0,889.0,373.0,369.0,370.0
3755.0,872.0,885.0,887.0,370.0,376.0,365.0
3785.0,877.0,883.0,910.0,372.0,373.0,370.0
3805.0,891.0,878.0,906.0,379.0,377.0,374.0
3871.0,918.0,910.0,897.0,382.0,380.0,384.0
3873.0,914.0,897.0,911.0,385.0,385.0,381.0
3920.0,917.0,901.0,923.0,390.0,396.0,393.0
3868.0,907.0,887.0,905.0,391.0,387.0,391.0
3838.0,882.0,913.0,885.0,383.0,387.0,388.0
3842.0,892.0,903.0,894.0,381.0,385.0,387.0
3816.0,880.0,884.0,898.0,384.0,385.0,385.0
3776.0,879.0,883.0,876.0,384.0,373.0,381.0
3795.0,883.0,888.0,889.0,377.0,377.0,381.0
3785.0,884.0,876.0,895.0,380.0,370.0,380.0
3807.0,890.0,883.0,898.0,375.0,383.0,378.0
3743.0,866.0,844.0,893.0,378.0,380.0,382.0
3827.0,894.0,897.0,900.0,376.0,380.0,380.0
3884.0,912.0,900.0,911.0,384.0,390.0,387.0
3903.0,924.0,919.0,908.0,380.0,387.0,385.0
3914.0,922.0,920.0,899.0,389.0,393.0,391.0
3911.0,912.0,928.0,915.0,391.0,384.0,381.0
3826.0,888.0,916.0,879.0,383.0,379.0,381.0
3849.0,900.0,908.0,891.0,385.0,381.0,384.0
3865.0,907.0,889.0,913.0,390.0,383.0,383.0
3795.0,888.0,882.0,882.0,389.0,375.0,379.0
3808.0,907.0,881.0,884.0,381.0,380.0,375.0
3776.0,879.0,876.0,890.0,371.0,385.0,375.0
3778.0,868.0,887.0,886.0,377.0,382.0,378.0
3860.0,886.0,910.0,908.0,374.0,393.0,389.0
3835.0,896.0,888.0,892.0,379.0,390.0,390.0
3900.0,900.0,923.0,897.0,383.0,398.0,399.0
3943.0,925.0,914.0,911.0,398.0,396.0,399.0
3963.0,937.0,923.0,930.0,386.0,385.0,402.0
3934.0,928.0,905.0,922.0,391.0,391.0,397.0
3883.0,899.0,893.0,922.0,392.0,380.0,397.0
3863.0,912.0,892.0,906.0,385.0,383.0,385.0
3857.0,906.0,899.0,902.0,387.0,382.0,381.0
3821.0,903.0,886.0,890.0,386.0,380.0,376.0
3865.0,907.0,906.0,905.0,390.0,381.0,376.0
3794.0,892.0,877.0,885.0,379.0,383.0,378.0
3791.0,885.0,874.0,891.0,382.0,381.0,378.0
3819.0,881.0,898.0,896.0,384.0,379.0,381.0
3877.0,897.0,896.0,916.0,392.0,395.0,381.0
3920.0,921.0,898.0,921.0,401.0,395.0,384.0
3949.0,934.0,913.0,917.0,391.0,397.0,397.0
3992.0,933.0,928.0,932.0,397.0,402.0,400.0
3955.0,925.0,931.0,909.0,392.0,404.0,394.0
3958.0,920.0,925.0,930.0,385.0,398.0,400.0
3866.0,886.0,894.0,911.0,393.0,387.0,395.0
3900.0,919.0,898.0,909.0,393.0,389.0,392.0
3837.0,898.0,880.0,895.0,382.0,391.0,391.0
3862.0,912.0,885.0,906.0,385.0,387.0,387.0
3843.0,893.0,887.0,905.0,383.0,384.0,391.0
3835.0,892.0,891.0,900.0,391.0,380.0,381.0
3826.0,889.0,902.0,882.0,396.0,365.0,392.0
3895.0,913.0,916.0,896.0,394.0,388.0,388.0
3942.0,915.0,915.0,920.0,401.0,392.0,399.0
3997.0,945.0,939.0,925.0,401.0,399.0,388.0
4001.0,931.0,938.0,935.0,402.0,401.0,394.0
3977.0,904.0,934.0,938.0,401.0,403.0,397.0
3951.0,926.0,918.0,926.0,391.0,399.0,391.0
3949.0,932.0,904.0,940.0,391.0,399.0,383.0
3901.0,909.0,905.0,911.0,393.0,395.0,388.0
3909.0,925.0,905.0,918.0,388.0,388.0,385.0
3845.0,897.0,897.0,899.0,381.0,380.0,391.0
3841.0,877.0,922.0,894.0,385.0,383.0,380.0
3875.0,892.0,913.0,904.0,390.0,389.0,387.0
3928.0,907.0,927.0,917.0,394.0,391.0,392.0
3946.0,919.0,922.0,919.0,397.0,392.0,397.0
3968.0,933.0,918.0,917.0,404.0,394.0,402.0
4017.0,946.0,923.0,938.0,406.0,402.0,402.0
4025.0,941.0,933.0,943.0,403.0,402.0,403.0
3995.0,929.0,934.0,941.0,401.0,389.0,401.0
3987.0,918.0,931.0,941.0,403.0,393.0,401.0
3978.0,921.0,928.0,932.0,395.0,398.0,404.0
3953.0,919.0,927.0,927.0,390.0,398.0,392.0
3895.0,920.0,903.0,901.0,387.0,395.0,389.0
3853.0,903.0,900.0,887.0,384.0,391.0,388.0
3834.0,897.0,882.0,898.0,386.0,391.0,380.0
3895.0,903.0,913.0,906.0,386.0,394.0,393.0
3953.0,917.0,916.0,928.0,400.0,396.0,396.0
3967.0,925.0,925.0,922.0,401.0,396.0,398.0
4041.0,939.0,942.0,949.0,409.0,403.0,399.0
4074.0,953.0,944.0,951.0,405.0,414.0,407.0
4067.0,952.0,937.0,955.0,414.0,403.0,406.0
4057.0,946.0,943.0,949.0,406.0,403.0,410.0
4016.0,916.0,949.0,936.0,401.0,409.0,405.0
3988.0,925.0,928.0,938.0,400.0,401.0,396.0
3964.0,936.0,927.0,913.0,398.0,387.0,403.0
3960.0,930.0,934.0,921.0,388.0,390.0,397.0
3898.0,924.0,915.0,892.0,390.0,382.0,395.0
3888.0,911.0,914.0,894.0,385.0,388.0,396.0
3918.0,898.0,934.0,912.0,391.0,390.0,393.0
3957.0,924.0,928.0,921.0,391.0,392.0,401.0
3983.0,917.0,922.0,940.0,399.0,408.0,397.0
4068.0,959.0,927.0,960.0,411.0,411.0,400.0
4072.0,953.0,930.0,973.0,408.0,407.0,401.0
4079.0,940.0,945.0,973.0,412.0,408.0,401.0
4041.0,939.0,940.0,946.0,404.0,409.0,403.0
4044.0,948.0,942.0,941.0,400.0,403.0,410.0
4002.0,931.0,936.0,930.0,403.0,402.0,400.0
3975.0,923.0,934.0,922.0,399.0,400.0,397.0
3940.0,928.0,930.0,903.0,390.0,393.0,396.0
3907.0,917.0,905.0,903.0,396.0,390.0,396.0
3898.0,903.0,906.0,915.0,390.0,392.0,392.0
3943.0,915.0,931.0,921.0,389.0,383.0,404.0
3994.0,928.0,929.0,939.0,399.0,396.0,403.0
4024.0,933.0,943.0,952.0,398.0,399.0,399.0
4040.0,957.0,925.0,938.0,404.0,405.0,411.0
4087.0,956.0,955.0,958.0,405.0,401.0,412.0
4110.0,956.0,967.0,955.0,411.0,406.0,415.0
4104.0,949.0,961.0,958.0,411.0,411.0,414.0
4098.0,954.0,961.0,944.0,412.0,421.0,406.0
4048.0,948.0,948.0,932.0,406.0,404.0,410.0
3990.0,929.0,932.0,921.0,403.0,402.0,403.0
3993.0,942.0,928.0,922.0,393.0,413.0,395.0
3941.0,928.0,901.0,923.0,398.0,398.0,393.0
3938.0,915.0,923.0,923.0,389.0,399.0,389.0
3964.0,915.0,925.0,936.0,399.0,397.0,392.0
4022.0,926.0,947.0,944.0,400.0,405.0,400.0
4071.0,946.0,966.0,953.0,400.0,404.0,402.0
4089.0,958.0,957.0,955.0,405.0,407.0,407.0
4100.0,955.0,942.0,979.0,406.0,412.0,406.0
4088.0,948.0,942.0,965.0,410.0,407.0,416.0
4090.0,953.0,948.0,950.0,420.0,408.0,411.0
4080.0,950.0,945.0,950.0,415.0,405.0,415.0
4086.0,962.0,959.0,941.0,413.0,411.0,400.0
4027.0,945.0,944.0,931.0,409.0,397.0,401.0
4078.0,956.0,962.0,934.0,413.0,404.0,409.0
4009.0,946.0,937.0,921.0,404.0,398.0,403.0
3974.0,925.0,923.0,929.0,397.0,401.0,399.0
4039.0,927.0,954.0,948.0,404.0,407.0,399.0
4024.0,932.0,934.0,935.0,399.0,410.0,414.0
4116.0,970.0,959.0,959.0,408.0,414.0,406.0
4084.0,949.0,961.0,952.0,410.0,403.0,409.0
4106.0,973.0,961.0,951.0,407.0,407.0,407.0
4167.0,984.0,979.0,970.0,411.0,416.0,407.0
4126.0,958.0,982.0,959.0,415.0,409.0,403.0
4123.0,948.0,984.0,953.0,419.0,410.0,409.0
4114.0,955.0,960.0,963.0,419.0,406.0,411.0
4069.0,957.0,937.0,956.0,408.0,410.0,401.0
4055.0,956.0,946.0,944.0,407.0,399.0,403.0
4025.0,946.0,933.0,931.0,406.0,405.0,404.0
3993.0,939.0,910.0,940.0,401.0,398.0,405.0
4026.0,938.0,945.0,934.0,398.0,406.0,405.0
4030.0,929.0,937.0,952.0,397.0,412.0,403.0
4099.0,953.0,961.0,964.0,397.0,414.0,410.0
4137.0,975.0,964.0,968.0,408.0,412.0,410.0
4171.0,986.0,977.0,961.0,414.0,418.0,415.0
4182.0,979.0,975.0,975.0,412.0,420.0,421.0
4145.0,972.0,958.0,962.0,420.0,413.0,420.0
4163.0,970.0,970.0,970.0,416.0,416.0,421.0
4113.0,949.0,958.0,975.0,415.0,411.0,405.0
4102.0,946.0,955.0,962.0,415.0,404.0,420.0
4088.0,946.0,962.0,962.0,409.0,406.0,403.0
4107.0,969.0,965.0,965.0,408.0,396.0,404.0
4039.0,932.0,954.0,946.0,403.0,400.0,404.0
4053.0,935.0,953.0,952.0,408.0,404.0,401.0
4061.0,942.0,947.0,970.0,404.0,399.0,399.0
4121.0,971.0,960.0,956.0,410.0,417.0,407.0
4116.0,961.0,958.0,961.0,416.0,411.0,409.0
4180.0,987.0,955.0,979.0,416.0,424.0,419.0
4197.0,991.0,978.0,972.0,418.0,420.0,418.0
4203.0,982.0,970.0,985.0,420.0,422.0,424.0
4201.0,969.0,995.0,985.0,414.0,424.0,414.0
4192.0,965.0,998.0,977.0,420.0,412.0,420.0
4164.0,982.0,975.0,970.0,412.0,415.0,410.0
4098.0,948.0,946.0,970.0,412.0,416.0,406.0
4082.0,964.0,945.0,948.0,415.0,394.0,416.0
4043.0,951.0,931.0,933.0,411.0,403.0,414.0
4048.0,949.0,936.0,930.0,413.0,410.0,410.0
4081.0,954.0,946.0,954.0,413.0,405.0,409.0
4143.0,973.0,971.0,955.0,420.0,412.0,412.0
4173.0,990.0,982.0,956.0,419.0,414.0,412.0
4191.0,980.0,990.0,966.0,425.0,417.0,413.0
4212.0,976.0,995.0,985.0,420.0,426.0,410.0
4211.0,980.0,978.0,991.0,422.0,426.0,414.0
4230.0,971.0,986.0,994.0,429.0,429.0,421.0
4170.0,969.0,973.0,983.0,415.0,417.0,413.0
4175.0,989.0,956.0,993.0,411.0,416.0,410.0
4127.0,962.0,957.0,970.0,414.0,412.0,412.0
4093.0,965.0,947.0,950.0,412.0,410.0,409.0
4115.0,958.0,955.0,960.0,413.0,423.0,406.0
4131.0,971.0,967.0,953.0,416.0,415.0,409.0
4112.0,944.0,980.0,944.0,420.0,412.0,412.0
4155.0,967.0,972.0,972.0,417.0,410.0,417.0
4235.0,988.0,983.0,994.0,421.0,423.0,426.0
4234.0,1006.0,980.0,986.0,417.0,414.0,431.0
4258.0,989.0,973.0,1005.0,428.0,427.0,436.0
4233.0,999.0,959.0,999.0,429.0,419.0,428.0
4237.0,994.0,976.0,1005.0,416.0,425.0,421.0
4194.0,984.0,980.0,989.0,405.0,418.0,418.0
4192.0,982.0,975.0,988.0,412.0,418.0,417.0
4120.0,961.0,965.0,950.0,414.0,420.0,410.0
4128.0,970.0,949.0,972.0,416.0,412.0,409.0
4106.0,948.0,962.0,955.0,420.0,414.0,407.0
4101.0,949.0,962.0,951.0,411.0,414.0,414.0
4159.0,967.0,976.0,962.0,418.0,418.0,418.0
4195.0,976.0,978.0,983.0,419.0,424.0,415.0
4243.0,1002.0,978.0,998.0,426.0,425.0,414.0
4288.0,1001.0,1003.0,1007.0,428.0,424.0,425.0
4257.0,984.0,988.0,1004.0,432.0,422.0,427.0
4265.0,982.0,1014.0,990.0,428.0,425.0,426.0
4264.0,976.0,1008.0,1000.0,424.0,429.0,427.0
4228.0,983.0,980.0,985.0,422.0,427.0,431.0
4187.0,993.0,973.0,973.0,415.0,417.0,416.0
4143.0,982.0,962.0,950.0,413.0,416.0,420.0
4136.0,975.0,961.0,958.0,406.0,417.0,419.0
4129.0,955.0,984.0,951.0,417.0,406.0,416.0
4168.0,980.0,973.0,962.0,416.0,415.0,422.0
4183.0,968.0,974.0,978.0,426.0,421.0,416.0
4260.0,1007.0,983.0,995.0,431.0,421.0,423.0
4281.0,992.0,1007.0,1007.0,425.0,428.0,422.0
4285.0,1004.0,985.0,1008.0,425.0,442.0,421.0
4297.0,1026.0,995.0,981.0,430.0,434.0,431.0
4250.0,986.0,978.0,1002.0,428.0,428.0,428.0
4261.0,993.0,997.0,990.0,424.0,431.0,426.0
4207.0,983.0,987.0,979.0,420.0,419.0,419.0
4220.0,982.0,998.0,981.0,416.0,425.0,418.0
4209.0,1004.0,970.0,977.0,419.0,427.0,412.0
4154.0,969.0,967.0,981.0,411.0,415.0,411.0
4177.0,980.0,976.0,975.0,415.0,417.0,414.0
4174.0,978.0,970.0,982.0,415.0,413.0,416.0
4228.0,966.0,987.0,1008.0,424.0,416.0,427.0
4231.0,975.0,981.0,995.0,424.0,425.0,431.0
4272.0,989.0,990.0,1010.0,430.0,424.0,429.0
4335.0,1008.0,1002.0,1026.0,437.0,428.0,434.0
4335.0,1012.0,1024.0,1006.0,430.0,431.0,432.0
4316.0,1008.0,999.0,1007.0,433.0,432.0,437.0
4303.0,996.0,1014.0,992.0,430.0,438.0,433.0
4250.0,993.0,991.0,984.0,424.0,429.0,429.0
4229.0,1002.0,974.0,993.0,415.0,427.0,418.0
4250.0,1000.0,995.0,992.0,416.0,429.0,418.0
4218.0,992.0,985.0,974.0,420.0,428.0,419.0
4201.0,973.0,981.0,987.0,422.0,426.0,412.0
4203.0,983.0,974.0,986.0,423.0,421.0,416.0
4229.0,981.0,994.0,982.0,425.0,424.0,423.0
4282.0,991.0,1010.0,1008.0,429.0,421.0,423.0
4310.0,1010.0,1017.0,1005.0,430.0,424.0,424.0
4392.0,1033.0,1025.0,1026.0,442.0,426.0,440.0
4378.0,1033.0,1025.0,1014.0,434.0,439.0,433.0
4347.0,1008.0,1020.0,1016.0,438.0,428.0,437.0
4306.0,983.0,1013.0,1015.0,435.0,430.0,430.0
4285.0,1006.0,1006.0,992.0,427.0,428.0,426.0
4279.0,994.0,992.0,1006.0,426.0,430.0,431.0
4235.0,1002.0,994.0,961.0,425.0,423.0,430.0
4237.0,989.0,983.0,994.0,417.0,425.0,429.0
4241.0,999.0,975.0,1000.0,416.0,428.0,423.0
4264.0,979.0,1002.0,1002.0,419.0,432.0,430.0
4277.0,990.0,982.0,1013.0,427.0,433.0,432.0
4294.0,994.0,1003.0,997.0,432.0,438.0,430.0
4303.0,995.0,998.0,1005.0,433.0,438.0,434.0
4366.0,1028.0,1010.0,1019.0,442.0,434.0,433.0
4370.0,1023.0,1026.0,1010.0,442.0,433.0,436.0
4342.0,1022.0,1035.0,985.0,438.0,430.0,432.0
4330.0,1003.0,1022.0,1003.0,436.0,431.0,435.0
4328.0,996.0,1025.0,1018.0,433.0,425.0,431.0
4281.0,995.0,1010.0,994.0,429.0,427.0,426.0
4314.0,1010.0,1002.0,1026.0,432.0,426.0,418.0
4238.0,1001.0,975.0,989.0,422.0,422.0,429.0
4260.0,983.0,992.0,1006.0,422.0,429.0,428.0
4249.0,983.0,992.0,1006.0,424.0,424.0,420.0
4269.0,988.0,990.0,1001.0,425.0,431.0,434.0
4304.0,992.0,1021.0,1001.0,430.0,434.0,426.0
4375.0,1027.0,1021.0,1011.0,438.0,440.0,438.0
4397.0,1040.0,1021.0,1001.0,447.0,446.0,442.0
4429.0,1030.0,1037.0,1025.0,443.0,445.0,449.0
4403.0,1010.0,1033.0,1020.0,442.0,448.0,450.0
4358.0,1013.0,1026.0,1009.0,433.0,443.0,434.0
4392.0,1026.0,1009.0,1033.0,441.0,442.0,441.0
4359.0,1033.0,1011.0,1019.0,432.0,433.0,431.0
4320.0,1012.0,999.0,1020.0,436.0,425.0,428.0
4268.0,996.0,991.0,1001.0,430.0,420.0,430.0
4244.0,976.0,1001.0,984.0,426.0,431.0,426.0
4297.0,980.0,1024.0,1012.0,425.0,428.0,428.0
4278.0,1000.0,999.0,1000.0,431.0,423.0,425.0
4333.0,1017.0,1029.0,1004.0,429.0,427.0,427.0
4363.0,1033.0,1014.0,1008.0,436.0,437.0,435.0
4440.0,1040.0,1034.0,1043.0,436.0,442.0,445.0
4406.0,1020.0,1019.0,1027.0,446.0,447.0,447.0
4410.0,1013.0,1035.0,1034.0,445.0,443.0,440.0
4463.0,1023.0,1037.0,1060.0,446.0,449.0,448.0
4364.0,1009.0,1010.0,1030.0,434.0,441.0,440.0
4383.0,1034.0,1011.0,1027.0,439.0,431.0,441.0
4322.0,1003.0,1011.0,1009.0,437.0,429.0,433.0
4301.0,1025.0,997.0,989.0,422.0,434.0,434.0
4280.0,995.0,991.0,1002.0,432.0,430.0,430.0
4325.0,1003.0,1009.0,1020.0,429.0,426.0,438.0
4299.0,1006.0,997.0,1000.0,429.0,435.0,432.0
4369.0,1019.0,1010.0,1030.0,434.0,440.0,436.0
4395.0,1021.0,1026.0,1024.0,439.0,443.0,442.0
4447.0,1043.0,1034.0,1037.0,441.0,445.0,447.0
4455.0,1054.0,1042.0,1034.0,444.0,443.0,438.0
4469.0,1026.0,1043.0,1056.0,449.0,447.0,448.0
4449.0,1010.0,1055.0,1056.0,441.0,443.0,444.0
4413.0,1021.0,1037.0,1041.0,437.0,436.0,441.0
4373.0,1020.0,1013.0,1031.0,440.0,435.0,434.0
4348.0,1012.0,1016.0,1017.0,435.0,436.0,432.0
4336.0,1011.0,1011.0,1013.0,434.0,434.0,433.0
4290.0,1001.0,1004.0,993.0,428.0,433.0,431.0
4338.0,998.0,1015.0,1009.0,438.0,436.0,442.0
4372.0,1015.0,1028.0,1014.0,442.0,441.0,432.0
4429.0,1035.0,1052.0,1018.0,440.0,438.0,446.0
4467.0,1047.0,1050.0,1021.0,449.0,442.0,458.0
4488.0,1055.0,1038.0,1050.0,445.0,450.0,450.0
4483.0,1063.0,1029.0,1058.0,441.0,441.0,451.0
4470.0,1046.0,1025.0,1052.0,451.0,443.0,453.0
4423.0,1005.0,1035.0,1046.0,445.0,442.0,450.0
4430.0,1028.0,1038.0,1038.0,446.0,436.0,444.0
4390.0,1015.0,1032.0,1032.0,444.0,433.0,434.0
4369.0,1026.0,1024.0,1009.0,437.0,433.0,440.0
4361.0,1029.0,1026.0,1000.0,440.0,434.0,432.0
4352.0,1010.0,1026.0,1012.0,435.0,436.0,433.0
4334.0,1008.0,1001.0,1011.0,436.0,442.0,436.0
4376.0,1032.0,1011.0,1023.0,440.0,437.0,433.0
4420.0,1021.0,1015.0,1048.0,440.0,452.0,444.0
4470.0,1048.0,1029.0,1056.0,440.0,454.0,443.0
4495.0,1061.0,1043.0,1051.0,441.0,455.0,444.0
4519.0,1056.0,1050.0,1060.0,450.0,452.0,451.0
4505.0,1035.0,1060.0,1068.0,444.0,451.0,447.0
4479.0,1040.0,1033.0,1052.0,446.0,454.0,454.0
4453.0,1043.0,1046.0,1034.0,440.0,444.0,446.0
4425.0,1039.0,1023.0,1038.0,441.0,437.0,447.0
4398.0,1037.0,1034.0,1010.0,444.0,429.0,444.0
4358.0,1029.0,997.0,1020.0,438.0,431.0,443.0
4318.0,1019.0,1000.0,994.0,439.0,426.0,440.0
4352.0,1006.0,1014.0,1019.0,442.0,433.0,438.0
4435.0,1022.0,1046.0,1034.0,443.0,441.0,449.0
4469.0,1044.0,1035.0,1051.0,447.0,449.0,443.0
4483.0,1028.0,1058.0,1041.0,452.0,451.0,453.0
4570.0,1073.0,1074.0,1058.0,456.0,451.0,458.0
4547.0,1061.0,1058.0,1069.0,447.0,460.0,452.0
4500.0,1043.0,1040.0,1060.0,451.0,452.0,454.0
4485.0,1039.0,1045.0,1043.0,447.0,457.0,454.0
4480.0,1042.0,1039.0,1042.0,456.0,450.0,451.0
4443.0,1046.0,1031.0,1042.0,437.0,449.0,438.0
4434.0,1040.0,1029.0,1029.0,448.0,452.0,436.0
4414.0,1044.0,1041.0,1010.0,440.0,438.0,441.0
4422.0,1030.0,1039.0,1039.0,434.0,438.0,442.0
4440.0,1019.0,1049.0,1043.0,440.0,443.0,446.0
4451.0,1026.0,1046.0,1050.0,442.0,440.0,447.0
4479.0,1048.0,1033.0,1058.0,446.0,441.0,453.0
4540.0,1069.0,1040.0,1064.0,461.0,453.0,453.0
4589.0,1077.0,1070.0,1070.0,462.0,450.0,460.0
4557.0,1068.0,1043.0,1068.0,461.0,455.0,462.0
4571.0,1063.0,1081.0,1056.0,450.0,458.0,463.0
4547.0,1051.0,1082.0,1055.0,450.0,453.0,456.0
4499.0,1055.0,1061.0,1030.0,445.0,452.0,456.0
4503.0,1043.0,1059.0,1051.0,448.0,454.0,448.0
4499.0,1051.0,1066.0,1051.0,440.0,445.0,446.0
4395.0,1021.0,1020.0,1033.0,442.0,445.0,434.0
4443.0,1034.0,1034.0,1046.0,447.0,440.0,442.0
4449.0,1032.0,1035.0,1040.0,446.0,453.0,443.0
4463.0,1035.0,1033.0,1062.0,444.0,446.0,443.0
4533.0,1035.0,1065.0,1064.0,462.0,457.0,450.0
4557.0,1082.0,1074.0,1042.0,449.0,458.0,452.0
4567.0,1083.0,1071.0,1049.0,458.0,448.0,458.0
4596.0,1074.0,1090.0,1063.0,458.0,454.0,457.0
4573.0,1070.0,1070.0,1055.0,461.0,458.0,459.0
4572.0,1051.0,1064.0,1072.0,464.0,463.0,458.0
4524.0,1059.0,1053.0,1053.0,450.0,456.0,453.0
4534.0,1068.0,1058.0,1049.0,453.0,449.0,457.0
4470.0,1043.0,1052.0,1027.0,444.0,453.0,451.0
4503.0,1068.0,1047.0,1051.0,449.0,441.0,447.0
4458.0,1030.0,1041.0,1038.0,448.0,448.0,453.0
4504.0,1044.0,1064.0,1050.0,448.0,447.0,451.0
4480.0,1035.0,1042.0,1047.0,453.0,450.0,453.0
4536.0,1060.0,1051.0,1058.0,454.0,461.0,452.0
4571.0,1061.0,1071.0,1070.0,453.0,459.0,457.0
4597.0,1075.0,1072.0,1052.0,471.0,463.0,464.0
4618.0,1077.0,1082.0,1073.0,466.0,460.0,460.0
4607.0,1065.0,1085.0,1064.0,469.0,459.0,465.0
4560.0,1058.0,1067.0,1066.0,460.0,453.0,456.0
4572.0,1072.0,1063.0,1065.0,463.0,452.0,457.0
4527.0,1051.0,1053.0,1071.0,454.0,451.0,447.0
4520.0,1048.0,1062.0,1062.0,447.0,451.0,450.0
4493.0,1051.0,1052.0,1054.0,442.0,445.0,449.0
4489.0,1042.0,1067.0,1040.0,444.0,443.0,453.0
4469.0,1033.0,1041.0,1057.0,450.0,444.0,444.0
4519.0,1049.0,1055.0,1053.0,453.0,458.0,451.0
4584.0,1057.0,1077.0,1073.0,456.0,461.0,460.0
4657.0,1086.0,1083.0,1089.0,464.0,467.0,468.0
4670.0,1088.0,1106.0,1075.0,471.0,462.0,468.0
4656.0,1085.0,1105.0,1069.0,467.0,473.0,457.0
4620.0,1077.0,1085.0,1063.0,463.0,467.0,465.0
4624.0,1078.0,1070.0,1076.0,461.0,474.0,465.0
4597.0,1076.0,1068.0,1062.0,463.0,466.0,462.0
4578.0,1066.0,1064.0,1068.0,461.0,464.0,455.0
4525.0,1058.0,1046.0,1067.0,447.0,454.0,453.0
4486.0,1044.0,1056.0,1056.0,438.0,447.0,445.0
4487.0,1031.0,1056.0,1056.0,446.0,452.0,446.0
4510.0,1039.0,1061.0,1048.0,451.0,459.0,452.0
4532.0,1047.0,1070.0,1060.0,453.0,449.0,453.0
4580.0,1070.0,1077.0,1061.0,457.0,457.0,458.0
4635.0,1074.0,1087.0,1081.0,467.0,462.0,464.0
4669.0,1106.0,1082.0,1094.0,469.0,457.0,461.0
4675.0,1101.0,1087.0,1078.0,474.0,465.0,470.0
4638.0,1095.0,1069.0,1065.0,473.0,469.0,467.0
4614.0,1068.0,1070.0,1084.0,460.0,465.0,467.0
4617.0,1075.0,1065.0,1084.0,463.0,467.0,463.0
4583.0,1063.0,1056.0,1083.0,454.0,461.0,466.0
4599.0,1086.0,1070.0,1071.0,458.0,457.0,457.0
4520.0,1054.0,1043.0,1061.0,451.0,453.0,458.0
4510.0,1050.0,1048.0,1052.0,449.0,452.0,459.0
4565.0,1067.0,1056.0,1075.0,452.0,452.0,463.0
4554.0,1081.0,1044.0,1055.0,453.0,461.0,460.0
4604.0,1075.0,1066.0,1075.0,460.0,462.0,466.0
4666.0,1090.0,1088.0,1094.0,462.0,465.0,467.0
4637.0,1077.0,1086.0,1086.0,465.0,459.0,464.0
4693.0,1112.0,1087.0,1096.0,461.0,468.0,469.0
4685.0,1091.0,1110.0,1092.0,468.0,459.0,465.0
4676.0,1065.0,1105.0,1110.0,471.0,466.0,459.0
4649.0,1087.0,1077.0,1100.0,469.0,458.0,458.0
4633.0,1086.0,1083.0,1086.0,461.0,457.0,460.0
4577.0,1072.0,1060.0,1071.0,460.0,462.0,452.0
4575.0,1063.0,1053.0,1077.0,461.0,461.0,460.0
4563.0,1068.0,1052.0,1070.0,460.0,460.0,453.0
4546.0,1061.0,1059.0,1049.0,456.0,467.0,454.0
4599.0,1073.0,1071.0,1069.0,457.0,463.0,466.0
4677.0,1097.0,1093.0,1089.0,460.0,472.0,466.0
4693.0,1105.0,1090.0,1091.0,460.0,467.0,480.0
4732.0,1113.0,1099.0,1108.0,470.0,469.0,473.0
4736.0,1105.0,1102.0,1110.0,468.0,472.0,479.0
4721.0,1085.0,1094.0,1120.0,471.0,473.0,478.0
4659.0,1074.0,1071.0,1111.0,472.0,462.0,469.0
4678.0,1094.0,1073.0,1107.0,466.0,473.0,465.0
4651.0,1092.0,1086.0,1079.0,467.0,463.0,464.0
4640.0,1088.0,1092.0,1082.0,465.0,457.0,456.0
4591.0,1084.0,1077.0,1060.0,461.0,453.0,456.0
4567.0,1066.0,1078.0,1056.0,456.0,457.0,454.0
4567.0,1069.0,1075.0,1047.0,458.0,462.0,456.0
4616.0,1066.0,1085.0,1080.0,466.0,460.0,459.0
4649.0,1089.0,1084.0,1079.0,462.0,461.0,474.0
4722.0,1114.0,1111.0,1099.0,461.0,470.0,467.0
4760.0,1109.0,1097.0,1121.0,471.0,490.0,472.0
4778.0,1127.0,1101.0,1123.0,474.0,478.0,475.0
4757.0,1113.0,1116.0,1101.0,470.0,481.0,476.0
4766.0,1107.0,1121.0,1116.0,476.0,473.0,473.0
4690.0,1088.0,1099.0,1091.0,470.0,476.0,466.0
4672.0,1083.0,1091.0,1094.0,474.0,459.0,471.0
4643.0,1085.0,1084.0,1085.0,466.0,456.0,467.0
4596.0,1085.0,1071.0,1061.0,460.0,456.0,463.0
4588.0,1071.0,1066.0,1074.0,462.0,454.0,461.0
4637.0,1079.0,1089.0,1076.0,465.0,460.0,468.0
4633.0,1080.0,1087.0,1079.0,464.0,461.0,462.0
4697.0,1089.0,1108.0,1098.0,467.0,459.0,476.0
4779.0,1121.0,1123.0,1122.0,467.0,473.0,473.0
4802.0,1131.0,1106.0,1127.0,474.0,481.0,483.0
4773.0,1107.0,1112.0,1125.0,476.0,474.0,479.0
4778.0,1114.0,1116.0,1116.0,472.0,477.0,483.0
4723.0,1101.0,1105.0,1091.0,473.0,484.0,469.0
4718.0,1102.0,1097.0,1104.0,473.0,473.0,469.0
4664.0,1097.0,1077.0,1083.0,467.0,471.0,469.0
4646.0,1085.0,1087.0,1079.0,470.0,460.0,465.0
4657.0,1104.0,1077.0,1080.0,468.0,469.0,459.0
4655.0,1072.0,1095.0,1084.0,474.0,463.0,467.0
4667.0,1068.0,1105.0,1087.0,472.0,466.0,469.0
4704.0,1091.0,1103.0,1103.0,472.0,466.0,469.0
4721.0,1102.0,1106.0,1108.0,469.0,464.0,472.0
4784.0,1111.0,1128.0,1111.0,480.0,473.0,481.0
4793.0,1122.0,1113.0,1121.0,483.0,472.0,482.0
4789.0,1120.0,1104.0,1130.0,474.0,479.0,482.0
4782.0,1108.0,1104.0,1133.0,475.0,482.0,480.0
4767.0,1111.0,1110.0,1118.0,477.0,474.0,477.0
4724.0,1095.0,1119.0,1090.0,475.0,476.0,469.0
4698.0,1107.0,1102.0,1083.0,472.0,470.0,464.0
4717.0,1115.0,1109.0,1083.0,468.0,473.0,469.0
4691.0,1099.0,1089.0,1088.0,470.0,473.0,472.0
4638.0,1078.0,1074.0,1082.0,473.0,469.0,462.0
4669.0,1079.0,1081.0,1107.0,476.0,470.0,456.0
4706.0,1092.0,1093.0,1103.0,473.0,479.0,466.0
4749.0,1102.0,1099.0,1112.0,485.0,478.0,473.0
4796.0,1132.0,1118.0,1126.0,471.0,478.0,471.0
4816.0,1115.0,1133.0,1121.0,485.0,481.0,481.0
4858.0,1144.0,1154.0,1110.0,480.0,481.0,489.0
4818.0,1101.0,1151.0,1126.0,480.0,479.0,481.0
4784.0,1112.0,1128.0,1117.0,477.0,474.0,476.0
4755.0,1103.0,1123.0,1104.0,469.0,481.0,475.0
4741.0,1119.0,1102.0,1098.0,477.0,467.0,478.0
4688.0,1097.0,1080.0,1098.0,476.0,463.0,474.0
4677.0,1090.0,1096.0,1082.0,477.0,465.0,467.0
4701.0,1090.0,1081.0,1117.0,470.0,471.0,472.0
4765.0,1085.0,1130.0,1123.0,477.0,475.0,475.0
4711.0,1076.0,1105.0,1101.0,480.0,473.0,476.0
4768.0,1118.0,1117.0,1101.0,472.0,481.0,479.0
4780.0,1107.0,1123.0,1105.0,482.0,483.0,480.0
4867.0,1150.0,1125.0,1134.0,487.0,490.0,481.0
4817.0,1129.0,1103.0,1128.0,487.0,480.0,490.0
4857.0,1133.0,1135.0,1134.0,484.0,493.0,478.0
4779.0,1111.0,1110.0,1116.0,479.0,483.0,480.0
4773.0,1109.0,1108.0,1125.0,475.0,478.0,478.0
4738.0,1121.0,1108.0,1106.0,465.0,469.0,469.0
4749.0,1110.0,1118.0,1104.0,472.0,475.0,470.0
4732.0,1094.0,1122.0,1102.0,470.0,470.0,474.0
4722.0,1097.0,1108.0,1098.0,486.0,465.0,468.0
4730.0,1082.0,1118.0,1111.0,475.0,472.0,472.0
4766.0,1103.0,1115.0,1115.0,481.0,478.0,474.0
4827.0,1131.0,1109.0,1131.0,489.0,486.0,481.0
4831.0,1142.0,1109.0,1123.0,485.0,485.0,487.0
4879.0,1142.0,1140.0,1128.0,486.0,486.0,497.0
4870.0,1137.0,1141.0,1121.0,494.0,494.0,483.0
4892.0,1131.0,1151.0,1139.0,486.0,493.0,492.0
4847.0,1117.0,1146.0,1117.0,487.0,491.0,489.0
4840.0,1129.0,1138.0,1125.0,484.0,485.0,479.0
4784.0,1120.0,1114.0,1110.0,481.0,481.0,478.0
4762.0,1119.0,1098.0,1133.0,469.0,472.0,471.0
4762.0,1113.0,1109.0,1112.0,477.0,478.0,473.0
4715.0,1087.0,1106.0,1115.0,470.0,469.0,468.0
4784.0,1120.0,1114.0,1119.0,479.0,473.0,479.0
4771.0,1115.0,1115.0,1117.0,473.0,471.0,480.0
4817.0,1112.0,1139.0,1114.0,491.0,484.0,477.0
4831.0,1139.0,1131.0,1106.0,492.0,477.0,486.0
4872.0,1135.0,1136.0,1128.0,492.0,489.0,492.0
4908.0,1141.0,1158.0,1143.0,484.0,494.0,488.0
4925.0,1130.0,1156.0,1156.0,496.0,495.0,492.0
4905.0,1142.0,1140.0,1153.0,491.0,487.0,492.0
4803.0,1110.0,1106.0,1129.0,485.0,488.0,485.0
4855.0,1125.0,1125.0,1139.0,481.0,492.0,493.0
4797.0,1114.0,1112.0,1132.0,473.0,485.0,481.0
4777.0,1118.0,1125.0,1105.0,469.0,483.0,477.0
4791.0,1106.0,1133.0,1109.0,481.0,477.0,485.0
4763.0,1095.0,1122.0,1107.0,480.0,480.0,479.0
4784.0,1127.0,1106.0,1110.0,479.0,483.0,479.0
4840.0,1143.0,1121.0,1127.0,485.0,480.0,484.0
4868.0,1141.0,1120.0,1141.0,493.0,485.0,488.0
4892.0,1158.0,1136.0,1135.0,490.0,485.0,488.0
4939.0,1151.0,1142.0,1148.0,512.0,490.0,496.0
4936.0,1147.0,1166.0,1148.0,498.0,482.0,495.0
4885.0,1148.0,1130.0,1139.0,493.0,489.0,486.0
4886.0,1131.0,1141.0,1152.0,485.0,493.0,484.0
4874.0,1152.0,1134.0,1137.0,487.0,489.0,475.0
4787.0,1128.0,1117.0,1105.0,479.0,483.0,475.0
4788.0,1125.0,1114.0,1123.0,474.0,478.0,474.0
4788.0,1133.0,1112.0,1099.0,477.0,485.0,482.0
4806.0,1116.0,1130.0,1124.0,477.0,481.0,478.0
4793.0,1106.0,1127.0,1114.0,477.0,491.0,478.0
4871.0,1138.0,1120.0,1134.0,490.0,497.0,492.0
4921.0,1141.0,1150.0,1141.0,499.0,489.0,501.0
4943.0,1147.0,1159.0,1148.0,491.0,496.0,502.0
4978.0,1151.0,1173.0,1162.0,498.0,490.0,504.0
4974.0,1155.0,1157.0,1171.0,498.0,492.0,501.0
4931.0,1134.0,1160.0,1158.0,490.0,497.0,492.0
4868.0,1129.0,1125.0,1142.0,493.0,490.0,489.0
4839.0,1135.0,1104.0,1137.0,489.0,484.0,490.0
4826.0,1141.0,1128.0,1123.0,484.0,472.0,478.0
4809.0,1125.0,1137.0,1112.0,481.0,475.0,479.0
4799.0,1110.0,1125.0,1120.0,484.0,478.0,482.0
4788.0,1099.0,1141.0,1114.0,474.0,483.0,477.0
4825.0,1120.0,1139.0,1124.0,478.0,487.0,477.0
4924.0,1149.0,1162.0,1146.0,495.0,489.0,483.0
4974.0,1169.0,1158.0,1166.0,494.0,500.0,487.0
5011.0,1176.0,1155.0,1180.0,495.0,500.0,505.0
4996.0,1163.0,1155.0,1175.0,497.0,506.0,500.0
4999.0,1156.0,1169.0,1165.0,505.0,500.0,504.0
4971.0,1158.0,1157.0,1158.0,505.0,491.0,502.0
4946.0,1137.0,1157.0,1155.0,496.0,502.0,499.0
4914.0,1153.0,1155.0,1132.0,490.0,489.0,495.0
4894.0,1130.0,1151.0,1137.0,498.0,490.0,488.0
4883.0,1145.0,1157.0,1122.0,483.0,486.0,490.0
4822.0,1122.0,1123.0,1128.0,482.0,480.0,487.0
4843.0,1116.0,1134.0,1138.0,481.0,480.0,494.0
4873.0,1143.0,1125.0,1144.0,487.0,481.0,493.0
4929.0,1140.0,1146.0,1163.0,493.0,492.0,495.0
4952.0,1159.0,1144.0,1167.0,494.0,493.0,495.0
5049.0,1188.0,1185.0,1171.0,501.0,500.0,504.0
5023.0,1159.0,1184.0,1189.0,492.0,502.0,497.0
5026.0,1159.0,1180.0,1190.0,500.0,505.0,492.0
4963.0,1149.0,1157.0,1156.0,505.0,499.0,497.0
4963.0,1158.0,1172.0,1148.0,498.0,495.0,492.0
4919.0,1134.0,1156.0,1153.0,496.0,495.0,485.0
4883.0,1160.0,1121.0,1135.0,488.0,495.0,484.0
4863.0,1140.0,1123.0,1128.0,496.0,492.0,484.0
4860.0,1134.0,1132.0,1129.0,487.0,489.0,489.0
4890.0,1124.0,1140.0,1147.0,495.0,488.0,496.0
4925.0,1139.0,1153.0,1159.0,485.0,489.0,500.0
4987.0,1169.0,1166.0,1170.0,487.0,494.0,501.0
4991.0,1172.0,1156.0,1170.0,497.0,499.0,497.0
5025.0,1170.0,1177.0,1177.0,496.0,502.0,503.0
5017.0,1174.0,1167.0,1175.0,501.0,493.0,507.0
5005.0,1172.0,1163.0,1163.0,507.0,502.0,498.0
4993.0,1162.0,1175.0,1162.0,498.0,493.0,503.0
4984.0,1156.0,1172.0,1153.0,509.0,499.0,495.0
4965.0,1165.0,1160.0,1152.0,501.0,490.0,497.0
4934.0,1161.0,1153.0,1134.0,496.0,496.0,494.0
4914.0,1142.0,1158.0,1132.0,490.0,500.0,492.0
4890.0,1126.0,1148.0,1147.0,490.0,486.0,493.0
4942.0,1143.0,1155.0,1153.0,496.0,499.0,496.0
4938.0,1159.0,1132.0,1158.0,496.0,504.0,489.0
4960.0,1151.0,1145.0,1184.0,494.0,495.0,491.0
5036.0,1178.0,1160.0,1187.0,505.0,507.0,499.0
5047.0,1197.0,1171.0,1169.0,501.0,506.0,503.0
5078.0,1200.0,1186.0,1175.0,502.0,512.0,503.0
5056.0,1179.0,1188.0,1172.0,502.0,506.0,509.0
5049.0,1178.0,1173.0,1188.0,511.0,496.0,503.0
5007.0,1173.0,1176.0,1159.0,500.0,497.0,502.0
4974.0,1158.0,1166.0,1159.0,493.0,495.0,503.0
4912.0,1144.0,1128.0,1156.0,493.0,489.0,502.0
4919.0,1147.0,1142.0,1144.0,501.0,490.0,495.0
4942.0,1149.0,1141.0,1163.0,503.0,488.0,498.0
4981.0,1152.0,1163.0,1171.0,501.0,498.0,496.0
4964.0,1146.0,1155.0,1169.0,495.0,495.0,504.0
5009.0,1160.0,1175.0,1174.0,498.0,500.0,502.0
5032.0,1171.0,1192.0,1159.0,504.0,506.0,500.0
5070.0,1176.0,1185.0,1186.0,505.0,510.0,508.0
5067.0,1189.0,1185.0,1171.0,493.0,520.0,509.0
5043.0,1163.0,1174.0,1190.0,501.0,515.0,500.0
5005.0,1170.0,1158.0,1169.0,500.0,505.0,503.0
5013.0,1165.0,1173.0,1171.0,498.0,505.0,501.0
5002.0,1168.0,1168.0,1169.0,501.0,493.0,503.0
5000.0,1189.0,1164.0,1162.0,496.0,497.0,492.0
4960.0,1161.0,1155.0,1153.0,493.0,498.0,500.0
4973.0,1149.0,1167.0,1167.0,503.0,489.0,498.0
4970.0,1149.0,1167.0,1155.0,504.0,499.0,496.0
4965.0,1143.0,1160.0,1174.0,495.0,494.0,499.0
5014.0,1185.0,1155.0,1162.0,506.0,499.0,507.0
5073.0,1196.0,1176.0,1180.0,511.0,500.0,510.0
5095.0,1195.0,1183.0,1183.0,512.0,508.0,514.0
5138.0,1199.0,1196.0,1199.0,507.0,514.0,523.0
5096.0,1179.0,1182.0,1197.0,508.0,516.0,514.0
5079.0,1183.0,1173.0,1199.0,503.0,510.0,511.0
5034.0,1162.0,1190.0,1169.0,502.0,515.0,496.0
5046.0,1177.0,1175.0,1186.0,499.0,505.0,504.0
5020.0,1186.0,1154.0,1177.0,493.0,507.0,503.0
5005.0,1172.0,1152.0,1188.0,497.0,502.0,494.0
4959.0,1152.0,1147.0,1165.0,504.0,501.0,490.0
4979.0,1162.0,1146.0,1168.0,500.0,502.0,501.0
5017.0,1179.0,1170.0,1161.0,504.0,501.0,502.0
5025.0,1183.0,1161.0,1168.0,504.0,506.0,503.0
5078.0,1199.0,1180.0,1185.0,506.0,508.0,500.0
5119.0,1200.0,1187.0,1198.0,510.0,514.0,510.0
5133.0,1205.0,1209.0,1184.0,515.0,512.0,508.0
5128.0,1210.0,1171.0,1208.0,517.0,505.0,517.0
5075.0,1166.0,1191.0,1186.0,510.0,513.0,509.0
5101.0,1190.0,1180.0,1205.0,503.0,511.0,512.0
5062.0,1185.0,1169.0,1191.0,500.0,504.0,513.0
5053.0,1193.0,1166.0,1190.0,497.0,502.0,505.0
4995.0,1171.0,1173.0,1145.0,495.0,504.0,507.0
5000.0,1143.0,1167.0,1179.0,502.0,508.0,501.0
5029.0,1181.0,1180.0,1165.0,504.0,500.0,499.0
5058.0,1159.0,1202.0,1174.0,503.0,508.0,512.0
5090.0,1191.0,1183.0,1175.0,514.0,513.0,514.0
5135.0,1202.0,1189.0,1195.0,520.0,516.0,513.0
5142.0,1209.0,1199.0,1195.0,518.0,515.0,506.0
5132.0,1207.0,1197.0,1196.0,513.0,513.0,506.0
5160.0,1196.0,1200.0,1216.0,521.0,508.0,519.0
5121.0,1192.0,1201.0,1201.0,508.0,507.0,512.0
5098.0,1191.0,1192.0,1193.0,506.0,509.0,507.0
5090.0,1198.0,1195.0,1184.0,502.0,504.0,507.0
5084.0,1186.0,1193.0,1191.0,497.0,507.0,510.0
5030.0,1183.0,1179.0,1166.0,497.0,505.0,500.0
5027.0,1183.0,1160.0,1181.0,498.0,502.0,503.0
4987.0,1159.0,1159.0,1164.0,497.0,506.0,502.0
5029.0,1175.0,1159.0,1166.0,508.0,506.0,515.0
5121.0,1198.0,1190.0,1184.0,515.0,517.0,517.0
5170.0,1215.0,1207.0,1188.0,522.0,516.0,522.0
5180.0,1212.0,1203.0,1199.0,520.0,525.0,521.0
5208.0,1214.0,1233.0,1215.0,520.0,511.0,515.0
5170.0,1201.0,1213.0,1196.0,522.0,520.0,518.0
5174.0,1208.0,1195.0,1227.0,516.0,513.0,515.0
5115.0,1190.0,1189.0,1198.0,505.0,522.0,511.0
5115.0,1201.0,1186.0,1202.0,506.0,509.0,511.0
5060.0,1197.0,1180.0,1171.0,510.0,496.0,506.0
5031.0,1185.0,1172.0,1168.0,500.0,500.0,506.0
4997.0,1165.0,1164.0,1157.0,506.0,503.0,502.0
5052.0,1175.0,1191.0,1176.0,505.0,503.0,502.0
5088.0,1182.0,1192.0,1186.0,507.0,509.0,512.0
5143.0,1187.0,1196.0,1214.0,523.0,515.0,508.0
5184.0,1209.0,1214.0,1216.0,518.0,516.0,511.0
5238.0,1220.0,1215.0,1234.0,524.0,519.0,526.0
5225.0,1203.0,1215.0,1226.0,530.0,526.0,525.0
5221.0,1200.0,1205.0,1243.0,520.0,533.0,520.0
5223.0,1218.0,1228.0,1210.0,521.0,524.0,522.0
5180.0,1191.0,1213.0,1221.0,520.0,519.0,516.0
5133.0,1193.0,1208.0,1191.0,510.0,515.0,516.0
5082.0,1183.0,1180.0,1185.0,512.0,514.0,508.0
5065.0,1202.0,1174.0,1177.0,500.0,501.0,511.0
5087.0,1189.0,1187.0,1187.0,500.0,508.0,516.0
5062.0,1182.0,1194.0,1180.0,506.0,494.0,506.0
5126.0,1189.0,1200.0,1198.0,511.0,513.0,515.0
5156.0,1200.0,1186.0,1227.0,515.0,509.0,519.0
5212.0,1215.0,1219.0,1226.0,517.0,519.0,516.0
5227.0,1222.0,1205.0,1232.0,525.0,519.0,524.0
5247.0,1232.0,1220.0,1231.0,522.0,523.0,519.0
5244.0,1223.0,1224.0,1216.0,530.0,526.0,525.0
5245.0,1219.0,1235.0,1226.0,522.0,521.0,522.0
5202.0,1226.0,1213.0,1215.0,520.0,516.0,512.0
5191.0,1216.0,1216.0,1206.0,511.0,524.0,518.0
5128.0,1211.0,1183.0,1188.0,519.0,515.0,512.0
5124.0,1204.0,1194.0,1192.0,506.0,522.0,506.0
5085.0,1176.0,1185.0,1191.0,513.0,512.0,508.0
5097.0,1186.0,1186.0,1193.0,505.0,513.0,514.0
5129.0,1176.0,1200.0,1211.0,513.0,511.0,518.0
5227.0,1223.0,1224.0,1219.0,524.0,521.0,516.0
5233.0,1219.0,1219.0,1226.0,523.0,526.0,520.0
5287.0,1249.0,1223.0,1243.0,530.0,520.0,522.0
5286.0,1240.0,1238.0,1233.0,529.0,517.0,529.0
5268.0,1220.0,1236.0,1238.0,528.0,520.0,526.0
5220.0,1201.0,1228.0,1228.0,528.0,513.0,522.0
5171.0,1203.0,1197.0,1199.0,518.0,530.0,524.0
5204.0,1224.0,1211.0,1210.0,518.0,519.0,522.0
5165.0,1209.0,1211.0,1198.0,516.0,518.0,513.0
5095.0,1189.0,1190.0,1201.0,501.0,506.0,508.0
5119.0,1189.0,1207.0,1192.0,511.0,517.0,503.0
5177.0,1207.0,1212.0,1213.0,513.0,519.0,513.0
5207.0,1214.0,1225.0,1228.0,507.0,519.0,514.0
5201.0,1213.0,1202.0,1221.0,520.0,531.0,514.0
5249.0,1235.0,1215.0,1234.0,520.0,527.0,518.0
5318.0,1247.0,1248.0,1239.0,527.0,534.0,523.0
5272.0,1224.0,1223.0,1227.0,525.0,539.0,534.0
5269.0,1223.0,1231.0,1232.0,535.0,523.0,525.0
5270.0,1217.0,1232.0,1226.0,533.0,538.0,524.0
5245.0,1225.0,1220.0,1216.0,525.0,527.0,532.0
5218.0,1215.0,1230.0,1207.0,524.0,518.0,524.0
5197.0,1204.0,1231.0,1216.0,520.0,511.0,515.0
5170.0,1212.0,1204.0,1202.0,521.0,508.0,523.0
5151.0,1196.0,1204.0,1205.0,518.0,506.0,522.0
5144.0,1188.0,1186.0,1224.0,518.0,514.0,514.0
5180.0,1197.0,1208.0,1218.0,520.0,513.0,524.0
5231.0,1220.0,1216.0,1224.0,526.0,524.0,521.0
5294.0,1250.0,1225.0,1232.0,520.0,539.0,528.0
5288.0,1241.0,1228.0,1234.0,525.0,530.0,530.0
5343.0,1252.0,1253.0,1244.0,532.0,532.0,530.0
5274.0,1214.0,1233.0,1235.0,532.0,533.0,527.0
5293.0,1223.0,1241.0,1231.0,537.0,535.0,526.0
5258.0,1214.0,1226.0,1221.0,538.0,537.0,522.0
5225.0,1222.0,1214.0,1211.0,519.0,531.0,528.0
5214.0,1229.0,1198.0,1230.0,518.0,518.0,521.0
5219.0,1212.0,1224.0,1219.0,522.0,523.0,519.0
5217.0,1196.0,1223.0,1225.0,525.0,521.0,527.0
5228.0,1213.0,1237.0,1223.0,517.0,517.0,521.0
5237.0,1207.0,1241.0,1223.0,523.0,519.0,524.0
5242.0,1228.0,1232.0,1204.0,521.0,526.0,531.0
5295.0,1239.0,1247.0,1225.0,528.0,527.0,529.0
5324.0,1255.0,1237.0,1235.0,527.0,536.0,534.0
5335.0,1244.0,1234.0,1249.0,530.0,537.0,541.0
5348.0,1249.0,1236.0,1251.0,536.0,537.0,539.0
5332.0,1238.0,1242.0,1248.0,529.0,537.0,538.0
5315.0,1250.0,1241.0,1239.0,521.0,529.0,535.0
5260.0,1229.0,1219.0,1230.0,530.0,525.0,527.0
5247.0,1223.0,1233.0,1225.0,521.0,527.0,518.0
5241.0,1211.0,1230.0,1229.0,534.0,527.0,510.0
5206.0,1210.0,1210.0,1227.0,523.0,519.0,517.0
5227.0,1217.0,1235.0,1219.0,524.0,518.0,514.0
5201.0,1210.0,1207.0,1225.0,523.0,516.0,520.0
5266.0,1249.0,1233.0,1212.0,528.0,520.0,524.0
5310.0,1249.0,1251.0,1235.0,526.0,528.0,521.0
5353.0,1251.0,1268.0,1235.0,537.0,530.0,532.0
5369.0,1250.0,1266.0,1253.0,528.0,535.0,537.0
5345.0,1238.0,1259.0,1243.0,530.0,537.0,538.0
5361.0,1242.0,1258.0,1250.0,537.0,539.0,535.0
5308.0,1231.0,1231.0,1246.0,531.0,530.0,539.0
5312.0,1248.0,1222.0,1242.0,534.0,534.0,532.0
5277.0,1233.0,1209.0,1244.0,530.0,530.0,531.0
5250.0,1224.0,1219.0,1223.0,527.0,526.0,531.0
5245.0,1225.0,1232.0,1220.0,519.0,528.0,521.0
5242.0,1211.0,1226.0,1228.0,528.0,521.0,528.0
5268.0,1223.0,1239.0,1213.0,532.0,531.0,530.0
5357.0,1257.0,1266.0,1244.0,533.0,530.0,527.0
5378.0,1262.0,1254.0,1255.0,536.0,537.0,534.0
5396.0,1267.0,1257.0,1252.0,538.0,540.0,542.0
5399.0,1257.0,1255.0,1263.0,543.0,544.0,537.0
5360.0,1244.0,1252.0,1255.0,532.0,542.0,535.0
5337.0,1258.0,1229.0,1256.0,529.0,533.0,532.0
5342.0,1242.0,1254.0,1250.0,534.0,531.0,531.0
5345.0,1261.0,1249.0,1259.0,524.0,523.0,529.0
5267.0,1236.0,1225.0,1234.0,525.0,526.0,521.0
5281.0,1242.0,1251.0,1216.0,527.0,521.0,524.0
5255.0,1222.0,1230.0,1220.0,531.0,528.0,524.0
5251.0,1227.0,1218.0,1216.0,527.0,535.0,528.0
5274.0,1239.0,1228.0,1207.0,540.0,530.0,530.0
5328.0,1247.0,1241.0,1232.0,531.0,538.0,539.0
5395.0,1269.0,1241.0,1269.0,535.0,530.0,551.0
5454.0,1258.0,1266.0,1283.0,548.0,550.0,549.0
5430.0,1261.0,1265.0,1270.0,545.0,544.0,545.0
5483.0,1279.0,1282.0,1284.0,538.0,552.0,548.0
5408.0,1250.0,1269.0,1269.0,537.0,544.0,539.0
5365.0,1251.0,1263.0,1247.0,529.0,536.0,539.0
5350.0,1248.0,1252.0,1251.0,535.0,528.0,536.0
5321.0,1243.0,1236.0,1253.0,527.0,529.0,533.0
5255.0,1227.0,1231.0,1227.0,525.0,521.0,524.0
5228.0,1218.0,1223.0,1208.0,532.0,527.0,520.0
5309.0,1243.0,1236.0,1240.0,535.0,528.0,527.0
5320.0,1235.0,1259.0,1231.0,538.0,528.0,529.0
5344.0,1240.0,1254.0,1239.0,535.0,540.0,536.0
5421.0,1261.0,1275.0,1262.0,545.0,539.0,539.0
5431.0,1284.0,1253.0,1266.0,543.0,543.0,542.0
5447.0,1263.0,1269.0,1285.0,544.0,537.0,549.0
5473.0,1262.0,1275.0,1292.0,544.0,551.0,549.0
5386.0,1246.0,1260.0,1255.0,541.0,546.0,538.0
5371.0,1244.0,1244.0,1256.0,540.0,542.0,545.0
5377.0,1267.0,1245.0,1252.0,534.0,537.0,542.0
5336.0,1253.0,1246.0,1236.0,531.0,537.0,533.0
5346.0,1243.0,1254.0,1247.0,535.0,532.0,535.0
5332.0,1237.0,1259.0,1242.0,529.0,528.0,537.0
5327.0,1244.0,1245.0,1242.0,533.0,530.0,533.0
5376.0,1245.0,1273.0,1256.0,535.0,535.0,532.0
5399.0,1261.0,1244.0,1272.0,545.0,539.0,538.0
5443.0,1276.0,1267.0,1277.0,542.0,538.0,543.0
5443.0,1278.0,1262.0,1272.0,545.0,542.0,544.0
5468.0,1277.0,1283.0,1281.0,539.0,541.0,547.0
5464.0,1254.0,1293.0,1275.0,550.0,549.0,543.0
5468.0,1259.0,1289.0,1285.0,543.0,548.0,544.0
5434.0,1281.0,1277.0,1254.0,541.0,543.0,538.0
5378.0,1251.0,1268.0,1238.0,537.0,543.0,541.0
5355.0,1260.0,1249.0,1244.0,536.0,528.0,538.0
5355.0,1257.0,1241.0,1243.0,536.0,541.0,537.0
5355.0,1254.0,1247.0,1242.0,534.0,539.0,539.0
5357.0,1264.0,1238.0,1254.0,531.0,537.0,533.0
5359.0,1243.0,1253.0,1258.0,533.0,532.0,540.0
5443.0,1256.0,1279.0,1272.0,548.0,547.0,541.0
5507.0,1290.0,1284.0,1289.0,550.0,544.0,550.0
5521.0,1289.0,1278.0,1298.0,553.0,551.0,552.0
5533.0,1303.0,1281.0,1287.0,556.0,552.0,554.0
5485.0,1282.0,1272.0,1278.0,550.0,548.0,555.0
5447.0,1264.0,1266.0,1272.0,553.0,544.0,548.0
5413.0,1266.0,1257.0,1258.0,545.0,539.0,548.0
5390.0,1272.0,1259.0,1253.0,532.0,534.0,540.0
5361.0,1271.0,1244.0,1240.0,535.0,536.0,535.0
5335.0,1245.0,1245.0,1250.0,537.0,528.0,530.0
5354.0,1236.0,1245.0,1259.0,541.0,537.0,536.0
5382.0,1234.0,1257.0,1275.0,539.0,540.0,537.0
5404.0,1260.0,1267.0,1253.0,536.0,546.0,542.0
5454.0,1266.0,1271.0,1290.0,540.0,550.0,537.0
5496.0,1270.0,1286.0,1289.0,549.0,555.0,547.0
5504.0,1290.0,1277.0,1290.0,553.0,545.0,549.0
5501.0,1272.0,1292.0,1280.0,559.0,552.0,546.0
5473.0,1279.0,1264.0,1272.0,554.0,548.0,556.0
5468.0,1266.0,1292.0,1260.0,551.0,550.0,549.0
5464.0,1269.0,1282.0,1274.0,547.0,539.0,553.0
5439.0,1272.0,1287.0,1252.0,545.0,544.0,539.0
5471.0,1274.0,1283.0,1285.0,537.0,547.0,545.0
5405.0,1263.0,1265.0,1268.0,534.0,534.0,541.0
5398.0,1269.0,1249.0,1258.0,530.0,543.0,549.0
5435.0,1277.0,1258.0,1276.0,541.0,541.0,542.0
5435.0,1268.0,1267.0,1269.0,535.0,547.0,549.0
5444.0,1274.0,1263.0,1270.0,543.0,546.0,548.0
5531.0,1300.0,1291.0,1285.0,543.0,556.0,556.0
5550.0,1297.0,1310.0,1277.0,561.0,553.0,552.0
5538.0,1287.0,1303.0,1288.0,552.0,557.0,551.0
5525.0,1278.0,1290.0,1294.0,550.0,561.0,552.0
5515.0,1282.0,1286.0,1289.0,553.0,559.0,546.0
5504.0,1292.0,1281.0,1276.0,553.0,553.0,549.0
5488.0,1298.0,1275.0,1273.0,558.0,545.0,539.0
5456.0,1293.0,1262.0,1280.0,544.0,542.0,535.0
5439.0,1278.0,1251.0,1279.0,548.0,540.0,543.0
5436.0,1256.0,1274.0,1280.0,540.0,541.0,545.0
5455.0,1263.0,1282.0,1284.0,542.0,542.0,542.0
5485.0,1273.0,1294.0,1277.0,544.0,542.0,555.0
5489.0,1281.0,1278.0,1279.0,551.0,546.0,554.0
5553.0,1314.0,1283.0,1293.0,551.0,549.0,563.0
5555.0,1301.0,1303.0,1284.0,548.0,554.0,565.0
5565.0,1298.0,1297.0,1292.0,558.0,553.0,567.0
5524.0,1297.0,1268.0,1286.0,554.0,557.0,562.0
5568.0,1307.0,1293.0,1288.0,564.0,554.0,562.0
5490.0,1268.0,1279.0,1292.0,553.0,551.0,547.0
5509.0,1278.0,1294.0,1288.0,554.0,552.0,543.0
5506.0,1294.0,1289.0,1273.0,550.0,555.0,545.0
5485.0,1272.0,1284.0,1289.0,544.0,550.0,546.0
5432.0,1284.0,1262.0,1268.0,541.0,542.0,535.0
5439.0,1256.0,1278.0,1267.0,549.0,544.0,545.0
5453.0,1284.0,1256.0,1273.0,543.0,552.0,545.0
5486.0,1286.0,1269.0,1272.0,553.0,552.0,554.0
5522.0,1307.0,1272.0,1282.0,556.0,551.0,554.0
5580.0,1308.0,1282.0,1309.0,556.0,566.0,559.0
5595.0,1297.0,1304.0,1317.0,559.0,558.0,560.0
5603.0,1305.0,1314.0,1315.0,558.0,554.0,557.0
5574.0,1289.0,1307.0,1314.0,555.0,545.0,564.0
5553.0,1282.0,1310.0,1306.0,551.0,547.0,557.0
5516.0,1282.0,1269.0,1299.0,557.0,551.0,558.0
5487.0,1278.0,1265.0,1293.0,550.0,550.0,551.0
5486.0,1294.0,1258.0,1282.0,551.0,550.0,551.0
5472.0,1265.0,1270.0,1280.0,555.0,548.0,554.0
5456.0,1265.0,1269.0,1273.0,546.0,547.0,556.0
5537.0,1298.0,1295.0,1278.0,550.0,557.0,559.0
5554.0,1290.0,1303.0,1292.0,550.0,561.0,558.0
5596.0,1312.0,1319.0,1292.0,556.0,560.0,557.0
5638.0,1324.0,1295.0,1328.0,562.0,568.0,561.0
5599.0,1312.0,1312.0,1296.0,563.0,559.0,557.0
5584.0,1301.0,1299.0,1300.0,563.0,564.0,557.0
5594.0,1312.0,1300.0,1311.0,557.0,556.0,558.0
5569.0,1301.0,1286.0,1315.0,561.0,553.0,553.0
5541.0,1291.0,1296.0,1290.0,560.0,546.0,558.0
5538.0,1286.0,1285.0,1302.0,566.0,546.0,553.0
5511.0,1278.0,1299.0,1283.0,558.0,542.0,551.0
5482.0,1271.0,1294.0,1274.0,555.0,545.0,543.0
5468.0,1260.0,1292.0,1266.0,558.0,545.0,547.0
5572.0,1297.0,1296.0,1301.0,558.0,561.0,559.0
5570.0,1300.0,1287.0,1302.0,558.0,563.0,560.0
5605.0,1321.0,1287.0,1306.0,555.0,563.0,573.0
5631.0,1311.0,1295.0,1331.0,559.0,567.0,568.0
5663.0,1319.0,1325.0,1322.0,558.0,566.0,573.0
5644.0,1312.0,1314.0,1325.0,559.0,565.0,569.0
5630.0,1303.0,1321.0,1314.0,560.0,568.0,564.0
5616.0,1302.0,1312.0,1327.0,555.0,558.0,562.0
5585.0,1292.0,1308.0,1313.0,558.0,555.0,559.0
5563.0,1312.0,1299.0,1286.0,557.0,556.0,553.0
5517.0,1300.0,1286.0,1285.0,550.0,546.0,550.0
5509.0,1284.0,1290.0,1283.0,556.0,546.0,550.0
5507.0,1296.0,1274.0,1283.0,557.0,546.0,551.0
5512.0,1297.0,1275.0,1291.0,556.0,552.0,541.0
5636.0,1319.0,1319.0,1315.0,569.0,553.0,561.0
5633.0,1325.0,1314.0,1314.0,567.0,559.0,554.0
5685.0,1327.0,1326.0,1334.0,564.0,570.0,564.0
5703.0,1323.0,1355.0,1325.0,562.0,575.0,563.0
5694.0,1328.0,1336.0,1331.0,561.0,567.0,571.0
5630.0,1309.0,1295.0,1334.0,558.0,566.0,568.0
5610.0,1302.0,1313.0,1306.0,557.0,567.0,565.0
5601.0,1313.0,1298.0,1306.0,559.0,563.0,562.0
5534.0,1308.0,1270.0,1288.0,554.0,558.0,556.0
5585.0,1309.0,1308.0,1286.0,557.0,562.0,563.0
5550.0,1283.0,1309.0,1283.0,560.0,558.0,557.0
5563.0,1290.0,1296.0,1298.0,555.0,563.0,561.0
5609.0,1303.0,1313.0,1313.0,563.0,562.0,555.0
5648.0,1309.0,1322.0,1324.0,562.0,560.0,571.0
5656.0,1327.0,1310.0,1326.0,564.0,565.0,564.0
5689.0,1333.0,1315.0,1337.0,563.0,571.0,570.0
5741.0,1347.0,1329.0,1358.0,573.0,565.0,569.0
5690.0,1331.0,1329.0,1324.0,564.0,575.0,567.0
5657.0,1307.0,1326.0,1326.0,563.0,568.0,567.0
5618.0,1300.0,1312.0,1326.0,555.0,563.0,562.0
5590.0,1319.0,1309.0,1295.0,552.0,563.0,552.0
5576.0,1311.0,1315.0,1274.0,554.0,563.0,559.0
5578.0,1312.0,1297.0,1294.0,556.0,563.0,556.0
5594.0,1300.0,1310.0,1302.0,558.0,565.0,559.0
5585.0,1302.0,1292.0,1307.0,557.0,561.0,566.0
5584.0,1289.0,1289.0,1313.0,564.0,567.0,562.0
5633.0,1315.0,1284.0,1328.0,573.0,566.0,567.0
5727.0,1337.0,1327.0,1343.0,576.0,573.0,571.0
5762.0,1344.0,1345.0,1339.0,578.0,574.0,582.0
5745.0,1334.0,1346.0,1341.0,571.0,578.0,575.0
5716.0,1325.0,1341.0,1329.0,572.0,570.0,579.0
5685.0,1317.0,1328.0,1327.0,565.0,577.0,571.0
5670.0,1327.0,1322.0,1326.0,555.0,566.0,574.0
5616.0,1328.0,1300.0,1308.0,556.0,560.0,564.0
5599.0,1317.0,1310.0,1298.0,558.0,554.0,562.0
5578.0,1311.0,1296.0,1305.0,551.0,562.0,553.0
5576.0,1287.0,1309.0,1303.0,557.0,559.0,561.0
5611.0,1291.0,1317.0,1321.0,560.0,561.0,561.0
5669.0,1322.0,1342.0,1326.0,559.0,565.0,555.0
5655.0,1306.0,1327.0,1326.0,570.0,568.0,558.0
5748.0,1354.0,1338.0,1340.0,573.0,573.0,570.0
5751.0,1344.0,1348.0,1334.0,575.0,578.0,572.0
5748.0,1328.0,1347.0,1328.0,587.0,576.0,582.0
5766.0,1350.0,1345.0,1338.0,573.0,580.0,580.0
5747.0,1339.0,1328.0,1348.0,580.0,574.0,578.0
5659.0,1323.0,1316.0,1315.0,567.0,569.0,569.0
5696.0,1338.0,1324.0,1323.0,574.0,568.0,569.0
5662.0,1326.0,1304.0,1330.0,564.0,565.0,573.0
5628.0,1320.0,1307.0,1320.0,554.0,559.0,568.0
5673.0,1310.0,1335.0,1341.0,560.0,561.0,566.0
5653.0,1305.0,1323.0,1331.0,565.0,565.0,564.0
5648.0,1318.0,1309.0,1325.0,563.0,566.0,567.0
5725.0,1335.0,1316.0,1360.0,572.0,570.0,572.0
5717.0,1343.0,1324.0,1336.0,571.0,566.0,577.0
5768.0,1361.0,1339.0,1340.0,576.0,578.0,574.0
5806.0,1348.0,1358.0,1354.0,588.0,587.0,571.0
5799.0,1345.0,1365.0,1347.0,586.0,582.0,574.0
5763.0,1332.0,1353.0,1344.0,583.0,579.0,572.0
5727.0,1333.0,1353.0,1328.0,569.0,577.0,567.0
5722.0,1351.0,1309.0,1345.0,576.0,573.0,568.0
5708.0,1330.0,1330.0,1333.0,568.0,574.0,573.0
5675.0,1311.0,1326.0,1336.0,570.0,566.0,566.0
5671.0,1332.0,1317.0,1324.0,566.0,571.0,561.0
5647.0,1314.0,1310.0,1323.0,569.0,562.0,569.0
5680.0,1314.0,1326.0,1337.0,563.0,562.0,578.0
5718.0,1334.0,1332.0,1335.0,567.0,575.0,575.0
5766.0,1346.0,1347.0,1341.0,577.0,570.0,585.0
5820.0,1374.0,1346.0,1349.0,584.0,580.0,587.0
5814.0,1366.0,1360.0,1345.0,581.0,574.0,588.0
5794.0,1354.0,1345.0,1350.0,584.0,576.0,585.0
5801.0,1346.0,1348.0,1365.0,579.0,574.0,589.0
5781.0,1325.0,1345.0,1366.0,580.0,576.0,589.0
5723.0,1330.0,1334.0,1349.0,570.0,569.0,571.0
5719.0,1341.0,1324.0,1338.0,572.0,574.0,570.0
5696.0,1312.0,1329.0,1339.0,574.0,575.0,567.0
5685.0,1321.0,1334.0,1323.0,563.0,574.0,570.0
5661.0,1308.0,1323.0,1333.0,557.0,575.0,565.0
5724.0,1333.0,1340.0,1339.0,563.0,582.0,567.0
5762.0,1342.0,1344.0,1347.0,570.0,576.0,583.0
5793.0,1370.0,1343.0,1348.0,573.0,579.0,580.0
5840.0,1374.0,1355.0,1361.0,586.0,585.0,579.0
5842.0,1369.0,1359.0,1361.0,590.0,582.0,581.0
5864.0,1349.0,1371.0,1380.0,591.0,585.0,588.0
5827.0,1356.0,1363.0,1362.0,588.0,577.0,581.0
5831.0,1367.0,1357.0,1373.0,578.0,574.0,582.0
5780.0,1332.0,1371.0,1339.0,580.0,577.0,581.0
5700.0,1335.0,1328.0,1338.0,572.0,564.0,563.0
5743.0,1353.0,1325.0,1341.0,576.0,570.0,578.0
5734.0,1335.0,1330.0,1342.0,572.0,578.0,577.0
5681.0,1321.0,1319.0,1333.0,571.0,567.0,570.0
5746.0,1340.0,1338.0,1332.0,576.0,581.0,579.0
5781.0,1355.0,1354.0,1340.0,575.0,580.0,577.0
5824.0,1358.0,1367.0,1345.0,584.0,587.0,583.0
5857.0,1368.0,1381.0,1361.0,577.0,593.0,577.0
5896.0,1376.0,1391.0,1370.0,587.0,593.0,579.0
5863.0,1365.0,1378.0,1370.0,586.0,581.0,583.0
5835.0,1364.0,1366.0,1366.0,588.0,577.0,574.0
5812.0,1357.0,1356.0,1360.0,587.0,574.0,578.0
5776.0,1348.0,1342.0,1361.0,576.0,576.0,573.0
5789.0,1365.0,1353.0,1345.0,582.0,568.0,576.0
5708.0,1335.0,1332.0,1323.0,576.0,570.0,572.0
5693.0,1328.0,1340.0,1312.0,570.0,568.0,575.0
5698.0,1322.0,1353.0,1314.0,574.0,570.0,565.0
5760.0,1327.0,1355.0,1347.0,576.0,574.0,581.0
5796.0,1360.0,1351.0,1340.0,584.0,578.0,583.0
5818.0,1357.0,1351.0,1354.0,580.0,586.0,590.0
5878.0,1376.0,1365.0,1372.0,586.0,589.0,590.0
5905.0,1384.0,1354.0,1398.0,587.0,589.0,593.0
5895.0,1374.0,1360.0,1381.0,593.0,599.0,588.0
5853.0,1356.0,1368.0,1365.0,581.0,593.0,590.0
5832.0,1346.0,1361.0,1360.0,584.0,588.0,593.0
5834.0,1358.0,1371.0,1351.0,586.0,584.0,584.0
5760.0,1341.0,1349.0,1338.0,579.0,576.0,577.0
5769.0,1341.0,1353.0,1347.0,574.0,574.0,580.0
5755.0,1340.0,1329.0,1348.0,588.0,577.0,573.0
5745.0,1338.0,1341.0,1336.0,579.0,579.0,572.0
5783.0,1341.0,1359.0,1345.0,581.0,578.0,579.0
5798.0,1359.0,1348.0,1350.0,579.0,579.0,583.0
5922.0,1390.0,1385.0,1386.0,588.0,582.0,591.0
5941.0,1392.0,1399.0,1394.0,583.0,587.0,586.0
5931.0,1392.0,1390.0,1386.0,583.0,590.0,590.0
5930.0,1384.0,1388.0,1377.0,591.0,594.0,596.0
5891.0,1365.0,1382.0,1372.0,594.0,588.0,590.0
5792.0,1349.0,1342.0,1338.0,592.0,585.0,586.0
5828.0,1353.0,1355.0,1357.0,586.0,586.0,591.0
5808.0,1361.0,1352.0,1349.0,586.0,579.0,581.0
5780.0,1351.0,1345.0,1348.0,575.0,583.0,578.0
5774.0,1337.0,1344.0,1342.0,580.0,587.0,584.0
5813.0,1346.0,1359.0,1358.0,584.0,584.0,582.0
5864.0,1363.0,1364.0,1374.0,588.0,587.0,588.0
5850.0,1366.0,1371.0,1357.0,582.0,586.0,588.0
5912.0,1382.0,1382.0,1390.0,587.0,587.0,584.0
5953.0,1386.0,1380.0,1408.0,593.0,590.0,596.0
5898.0,1380.0,1374.0,1373.0,594.0,592.0,585.0
5952.0,1401.0,1366.0,1406.0,596.0,591.0,592.0
5887.0,1363.0,1387.0,1368.0,589.0,589.0,591.0
5866.0,1370.0,1364.0,1364.0,589.0,586.0,593.0
5829.0,1368.0,1365.0,1351.0,579.0,583.0,583.0
5835.0,1370.0,1371.0,1338.0,586.0,585.0,585.0
5824.0,1372.0,1364.0,1345.0,585.0,581.0,577.0
5808.0,1361.0,1346.0,1358.0,584.0,579.0,580.0
5835.0,1347.0,1351.0,1372.0,588.0,589.0,588.0
5841.0,1366.0,1355.0,1362.0,586.0,588.0,584.0
5922.0,1368.0,1377.0,1404.0,595.0,586.0,592.0
5937.0,1390.0,1365.0,1395.0,597.0,595.0,595.0
5979.0,1414.0,1378.0,1401.0,591.0,596.0,599.0
5969.0,1390.0,1399.0,1389.0,594.0,601.0,596.0
5945.0,1386.0,1393.0,1380.0,591.0,593.0,602.0
5922.0,1393.0,1389.0,1371.0,582.0,594.0,593.0
5912.0,1371.0,1392.0,1370.0,588.0,598.0,593.0
5864.0,1377.0,1370.0,1355.0,585.0,587.0,590.0
5820.0,1370.0,1357.0,1339.0,589.0,579.0,586.0
5834.0,1359.0,1363.0,1368.0,584.0,577.0,583.0
5837.0,1363.0,1354.0,1366.0,590.0,582.0,582.0
5849.0,1350.0,1359.0,1372.0,588.0,593.0,587.0
5868.0,1376.0,1357.0,1378.0,596.0,583.0,578.0
5922.0,1380.0,1376.0,1389.0,593.0,593.0,591.0
5946.0,1392.0,1391.0,1384.0,593.0,590.0,596.0
5994.0,1403.0,1395.0,1407.0,591.0,603.0,595.0
5995.0,1404.0,1389.0,1401.0,599.0,598.0,604.0
5974.0,1390.0,1388.0,1391.0,599.0,605.0,601.0
5956.0,1386.0,1383.0,1385.0,598.0,604.0,600.0
5895.0,1376.0,1363.0,1368.0,587.0,601.0,600.0
5897.0,1378.0,1369.0,1378.0,592.0,591.0,589.0
5874.0,1385.0,1360.0,1382.0,580.0,581.0,586.0
5867.0,1355.0,1361.0,1388.0,587.0,588.0,588.0
5880.0,1356.0,1384.0,1373.0,590.0,591.0,586.0
5880.0,1361.0,1381.0,1388.0,583.0,580.0,587.0
5889.0,1373.0,1359.0,1378.0,594.0,589.0,596.0
5896.0,1378.0,1366.0,1382.0,596.0,584.0,590.0
5957.0,1400.0,1382.0,1387.0,596.0,594.0,598.0
5986.0,1406.0,1388.0,1403.0,604.0,589.0,596.0
6012.0,1391.0,1401.0,1407.0,604.0,603.0,606.0
6013.0,1407.0,1406.0,1394.0,606.0,602.0,598.0
5987.0,1391.0,1408.0,1392.0,601.0,597.0,598.0
5985.0,1381.0,1388.0,1412.0,596.0,602.0,606.0
5966.0,1405.0,1393.0,1386.0,589.0,602.0,591.0
5911.0,1392.0,1381.0,1372.0,583.0,590.0,593.0
5880.0,1375.0,1358.0,1384.0,586.0,593.0,584.0
5896.0,1383.0,1368.0,1382.0,587.0,586.0,590.0
5918.0,1374.0,1379.0,1388.0,590.0,591.0,596.0
5921.0,1384.0,1374.0,1390.0,589.0,589.0,595.0
5962.0,1385.0,1394.0,1386.0,600.0,594.0,603.0
6002.0,1402.0,1405.0,1397.0,598.0,595.0,605.0
6078.0,1409.0,1442.0,1405.0,606.0,606.0,610.0
6075.0,1412.0,1431.0,1403.0,613.0,605.0,611.0
6011.0,1385.0,1412.0,1397.0,612.0,597.0,608.0
6007.0,1408.0,1386.0,1397.0,607.0,604.0,605.0
5994.0,1385.0,1395.0,1419.0,600.0,595.0,600.0
5979.0,1400.0,1379.0,1417.0,591.0,599.0,593.0
5963.0,1384.0,1397.0,1401.0,592.0,592.0,597.0
5968.0,1389.0,1399.0,1406.0,584.0,601.0,589.0
5913.0,1365.0,1398.0,1378.0,587.0,600.0,585.0
5900.0,1370.0,1392.0,1375.0,584.0,593.0,586.0
5940.0,1369.0,1387.0,1394.0,595.0,604.0,591.0
5979.0,1391.0,1408.0,1385.0,595.0,599.0,601.0
6018.0,1418.0,1401.0,1390.0,604.0,600.0,605.0
6063.0,1422.0,1416.0,1397.0,612.0,611.0,605.0
6065.0,1421.0,1406.0,1410.0,614.0,606.0,608.0
6035.0,1401.0,1394.0,1412.0,612.0,607.0,609.0
6013.0,1383.0,1396.0,1426.0,602.0,606.0,600.0
5984.0,1388.0,1396.0,1393.0,604.0,599.0,604.0
5995.0,1396.0,1413.0,1394.0,591.0,598.0,603.0
5952.0,1414.0,1386.0,1372.0,592.0,590.0,598.0
5959.0,1398.0,1389.0,1387.0,592.0,593.0,600.0
5931.0,1390.0,1379.0,1383.0,586.0,589.0,604.0
5953.0,1377.0,1395.0,1389.0,590.0,601.0,601.0
5952.0,1382.0,1387.0,1387.0,597.0,598.0,601.0
6009.0,1410.0,1389.0,1402.0,602.0,605.0,601.0
6035.0,1413.0,1410.0,1401.0,602.0,607.0,602.0
6115.0,1429.0,1440.0,1413.0,614.0,613.0,606.0
6127.0,1443.0,1435.0,1423.0,614.0,610.0,602.0
6107.0,1407.0,1433.0,1434.0,608.0,616.0,609.0
6084.0,1407.0,1408.0,1436.0,616.0,616.0,601.0
6054.0,1406.0,1419.0,1402.0,614.0,609.0,604.0
6018.0,1403.0,1399.0,1403.0,605.0,604.0,604.0
5977.0,1391.0,1394.0,1402.0,597.0,594.0,599.0
5974.0,1408.0,1381.0,1394.0,590.0,600.0,601.0
5929.0,1378.0,1386.0,1387.0,592.0,591.0,595.0
5950.0,1376.0,1410.0,1382.0,596.0,586.0,600.0
5998.0,1396.0,1399.0,1399.0,598.0,599.0,607.0
6019.0,1398.0,1410.0,1401.0,601.0,596.0,613.0
6075.0,1424.0,1424.0,1411.0,604.0,606.0,606.0
6100.0,1433.0,1404.0,1433.0,607.0,611.0,612.0
6145.0,1429.0,1421.0,1448.0,615.0,615.0,617.0
6162.0,1423.0,1433.0,1453.0,620.0,620.0,613.0
6083.0,1400.0,1405.0,1444.0,615.0,608.0,611.0
6064.0,1407.0,1400.0,1425.0,617.0,607.0,608.0
6047.0,1424.0,1409.0,1391.0,607.0,613.0,603.0
6045.0,1421.0,1420.0,1398.0,601.0,606.0,599.0
5999.0,1401.0,1403.0,1398.0,598.0,604.0,595.0
5950.0,1403.0,1385.0,1374.0,598.0,598.0,592.0
5970.0,1384.0,1408.0,1384.0,599.0,601.0,594.0
5989.0,1385.0,1397.0,1412.0,605.0,594.0,596.0
6029.0,1394.0,1405.0,1409.0,609.0,602.0,610.0
6114.0,1419.0,1439.0,1433.0,611.0,605.0,607.0
6176.0,1449.0,1432.0,1454.0,612.0,614.0,615.0
6154.0,1435.0,1423.0,1444.0,615.0,615.0,622.0
6200.0,1445.0,1452.0,1456.0,619.0,610.0,618.0
6150.0,1428.0,1451.0,1430.0,614.0,609.0,618.0
6117.0,1419.0,1433.0,1422.0,615.0,613.0,615.0
6063.0,1417.0,1419.0,1399.0,613.0,603.0,612.0
6039.0,1414.0,1404.0,1398.0,616.0,598.0,609.0
6035.0,1422.0,1403.0,1396.0,600.0,606.0,608.0
6042.0,1398.0,1413.0,1396.0,611.0,609.0,615.0
6010.0,1399.0,1389.0,1407.0,601.0,608.0,606.0
6042.0,1398.0,1413.0,1411.0,608.0,608.0,604.0
6132.0,1433.0,1433.0,1435.0,605.0,618.0,608.0
6133.0,1431.0,1446.0,1431.0,598.0,613.0,614.0
6157.0,1442.0,1431.0,1434.0,610.0,623.0,617.0
6181.0,1429.0,1441.0,1456.0,617.0,618.0,620.0
6166.0,1441.0,1430.0,1448.0,621.0,619.0,607.0
6110.0,1424.0,1420.0,1424.0,620.0,609.0,613.0
6113.0,1424.0,1433.0,1411.0,619.0,612.0,614.0
6078.0,1419.0,1421.0,1423.0,612.0,598.0,605.0
6063.0,1421.0,1427.0,1406.0,605.0,602.0,602.0
6041.0,1399.0,1428.0,1399.0,610.0,597.0,608.0
6019.0,1398.0,1418.0,1393.0,604.0,600.0,606.0
6048.0,1396.0,1411.0,1418.0,611.0,604.0,608.0
6093.0,1431.0,1405.0,1424.0,608.0,615.0,610.0
6170.0,1443.0,1428.0,1447.0,615.0,617.0,620.0
6163.0,1449.0,1428.0,1444.0,606.0,620.0,616.0
6208.0,1474.0,1426.0,1447.0,615.0,627.0,619.0
6215.0,1465.0,1447.0,1440.0,619.0,621.0,623.0
6154.0,1428.0,1443.0,1427.0,614.0,618.0,624.0
6168.0,1422.0,1453.0,1440.0,619.0,618.0,616.0
6171.0,1435.0,1466.0,1425.0,617.0,612.0,616.0
6135.0,1431.0,1436.0,1434.0,614.0,608.0,612.0
6089.0,1429.0,1425.0,1414.0,607.0,606.0,608.0
6041.0,1412.0,1414.0,1399.0,611.0,605.0,600.0
6082.0,1429.0,1422.0,1409.0,614.0,605.0,603.0
6060.0,1408.0,1407.0,1433.0,606.0,600.0,606.0
6103.0,1428.0,1411.0,1425.0,617.0,609.0,613.0
6148.0,1446.0,1430.0,1440.0,613.0,610.0,609.0
6169.0,1443.0,1438.0,1443.0,611.0,614.0,620.0
6272.0,1464.0,1467.0,1460.0,626.0,636.0,619.0
6247.0,1469.0,1461.0,1443.0,619.0,621.0,634.0
6213.0,1461.0,1442.0,1444.0,621.0,625.0,620.0
6202.0,1446.0,1449.0,1427.0,626.0,630.0,624.0
6158.0,1441.0,1419.0,1435.0,623.0,619.0,621.0
6146.0,1438.0,1417.0,1436.0,615.0,624.0,616.0
6152.0,1447.0,1426.0,1426.0,617.0,618.0,618.0
6111.0,1433.0,1408.0,1426.0,616.0,614.0,614.0
6107.0,1419.0,1433.0,1425.0,610.0,611.0,609.0
6121.0,1413.0,1425.0,1440.0,611.0,613.0,619.0
6111.0,1415.0,1422.0,1436.0,619.0,605.0,614.0
6154.0,1436.0,1444.0,1429.0,616.0,611.0,618.0
6235.0,1476.0,1454.0,1431.0,626.0,619.0,629.0
6206.0,1460.0,1444.0,1442.0,619.0,628.0,613.0
6221.0,1455.0,1453.0,1437.0,624.0,623.0,629.0
6203.0,1449.0,1441.0,1455.0,611.0,623.0,624.0
6198.0,1444.0,1461.0,1437.0,620.0,621.0,615.0
6200.0,1435.0,1468.0,1439.0,615.0,622.0,621.0
6177.0,1449.0,1437.0,1444.0,616.0,618.0,613.0
6143.0,1444.0,1430.0,1432.0,609.0,615.0,613.0
6150.0,1445.0,1426.0,1440.0,616.0,615.0,608.0
6140.0,1430.0,1436.0,1436.0,609.0,615.0,614.0
6136.0,1426.0,1417.0,1438.0,624.0,617.0,614.0
6124.0,1409.0,1426.0,1433.0,621.0,616.0,619.0
6181.0,1448.0,1435.0,1433.0,619.0,619.0,627.0
6226.0,1460.0,1451.0,1429.0,627.0,631.0,628.0
6280.0,1482.0,1463.0,1447.0,630.0,625.0,633.0
6313.0,1472.0,1483.0,1464.0,635.0,627.0,632.0
6263.0,1456.0,1473.0,1446.0,632.0,630.0,626.0
6237.0,1444.0,1480.0,1453.0,620.0,612.0,628.0
6212.0,1441.0,1448.0,1458.0,620.0,619.0,626.0
6209.0,1447.0,1455.0,1456.0,619.0,618.0,614.0
6183.0,1451.0,1439.0,1448.0,616.0,618.0,611.0
6164.0,1454.0,1421.0,1449.0,611.0,614.0,615.0
6150.0,1435.0,1442.0,1426.0,619.0,617.0,611.0
6174.0,1435.0,1448.0,1449.0,615.0,620.0,607.0
6201.0,1444.0,1449.0,1450.0,621.0,618.0,619.0
6241.0,1451.0,1460.0,1456.0,625.0,625.0,624.0
6311.0,1483.0,1474.0,1456.0,629.0,636.0,633.0
6283.0,1464.0,1466.0,1463.0,632.0,629.0,629.0
6276.0,1472.0,1468.0,1448.0,628.0,630.0,630.0
6279.0,1460.0,1467.0,1464.0,628.0,628.0,632.0
6248.0,1440.0,1472.0,1456.0,629.0,628.0,623.0
6268.0,1471.0,1454.0,1469.0,625.0,620.0,629.0
6207.0,1436.0,1446.0,1452.0,621.0,621.0,631.0
6233.0,1461.0,1467.0,1449.0,616.0,616.0,624.0
6200.0,1462.0,1443.0,1453.0,610.0,611.0,621.0
6171.0,1434.0,1455.0,1436.0,613.0,611.0,622.0
6175.0,1433.0,1440.0,1443.0,619.0,615.0,625.0
6154.0,1425.0,1436.0,1438.0,622.0,614.0,619.0
6273.0,1460.0,1459.0,1467.0,630.0,626.0,631.0
6310.0,1489.0,1467.0,1458.0,634.0,632.0,630.0
6331.0,1479.0,1487.0,1468.0,635.0,635.0,627.0
6314.0,1471.0,1472.0,1472.0,637.0,634.0,628.0
6335.0,1451.0,1505.0,1489.0,628.0,633.0,629.0
6332.0,1474.0,1478.0,1485.0,636.0,635.0,624.0
6292.0,1464.0,1468.0,1486.0,622.0,632.0,620.0
6235.0,1459.0,1457.0,1452.0,625.0,624.0,618.0
6244.0,1470.0,1450.0,1453.0,629.0,623.0,619.0
6167.0,1445.0,1431.0,1436.0,619.0,621.0,615.0
6164.0,1439.0,1434.0,1446.0,613.0,613.0,619.0
6211.0,1459.0,1442.0,1445.0,621.0,617.0,627.0
6217.0,1438.0,1470.0,1439.0,621.0,622.0,627.0
6258.0,1466.0,1458.0,1460.0,626.0,618.0,630.0
6334.0,1485.0,1475.0,1470.0,639.0,628.0,637.0
6351.0,1488.0,1482.0,1468.0,644.0,635.0,634.0
6374.0,1486.0,1482.0,1493.0,641.0,633.0,639.0
6346.0,1467.0,1467.0,1483.0,645.0,642.0,642.0
6313.0,1465.0,1459.0,1495.0,632.0,633.0,629.0
6297.0,1464.0,1457.0,1484.0,631.0,634.0,627.0
6272.0,1462.0,1467.0,1465.0,631.0,627.0,620.0
6244.0,1458.0,1463.0,1453.0,619.0,629.0,622.0
6234.0,1450.0,1470.0,1455.0,616.0,622.0,621.0
6199.0,1443.0,1455.0,1448.0,615.0,622.0,616.0
6204.0,1449.0,1450.0,1438.0,619.0,625.0,623.0
6244.0,1453.0,1467.0,1453.0,618.0,633.0,620.0
6292.0,1485.0,1459.0,1472.0,634.0,624.0,618.0
6312.0,1490.0,1457.0,1478.0,626.0,628.0,633.0
6370.0,1490.0,1472.0,1497.0,637.0,633.0,641.0
6380.0,1488.0,1486.0,1498.0,647.0,629.0,632.0
6364.0,1479.0,1470.0,1500.0,638.0,637.0,640.0
6383.0,1474.0,1489.0,1500.0,648.0,637.0,635.0
6355.0,1478.0,1501.0,1476.0,636.0,625.0,639.0
6327.0,1491.0,1471.0,1470.0,633.0,631.0,631.0
6268.0,1471.0,1471.0,1448.0,627.0,622.0,629.0
6271.0,1466.0,1467.0,1457.0,628.0,629.0,624.0
6223.0,1446.0,1453.0,1444.0,622.0,632.0,626.0
6231.0,1439.0,1452.0,1461.0,622.0,625.0,632.0
6279.0,1459.0,1463.0,1463.0,628.0,632.0,634.0
6348.0,1473.0,1498.0,1474.0,634.0,633.0,636.0
6378.0,1493.0,1493.0,1496.0,629.0,630.0,637.0
6419.0,1511.0,1505.0,1497.0,638.0,633.0,635.0
6451.0,1493.0,1512.0,1512.0,651.0,641.0,642.0
6367.0,1481.0,1492.0,1482.0,644.0,634.0,634.0
6388.0,1490.0,1494.0,1483.0,646.0,637.0,638.0
6323.0,1477.0,1459.0,1474.0,641.0,637.0,635.0
6325.0,1482.0,1472.0,1472.0,640.0,626.0,633.0
6278.0,1479.0,1471.0,1444.0,627.0,627.0,630.0
6318.0,1492.0,1471.0,1460.0,630.0,634.0,631.0
6281.0,1449.0,1467.0,1478.0,628.0,626.0,633.0
6298.0,1454.0,1477.0,1472.0,632.0,630.0,633.0
6351.0,1476.0,1497.0,1483.0,624.0,637.0,634.0
6383.0,1495.0,1493.0,1495.0,628.0,639.0,633.0
6415.0,1490.0,1492.0,1499.0,640.0,653.0,641.0
6451.0,1516.0,1488.0,1507.0,643.0,645.0,652.0
6407.0,1498.0,1481.0,1490.0,643.0,651.0,644.0
6391.0,1486.0,1486.0,1490.0,645.0,639.0,645.0
6393.0,1480.0,1491.0,1490.0,651.0,640.0,641.0
6397.0,1490.0,1501.0,1480.0,641.0,639.0,646.0
6366.0,1491.0,1501.0,1461.0,636.0,638.0,639.0
6338.0,1478.0,1464.0,1489.0,642.0,630.0,635.0
6328.0,1482.0,1469.0,1482.0,634.0,630.0,631.0
6286.0,1465.0,1469.0,1473.0,632.0,627.0,620.0
6306.0,1454.0,1483.0,1488.0,629.0,628.0,624.0
6320.0,1488.0,1458.0,1484.0,629.0,628.0,633.0
6361.0,1478.0,1476.0,1506.0,632.0,638.0,631.0
6438.0,1507.0,1509.0,1496.0,635.0,649.0,642.0
6430.0,1499.0,1512.0,1494.0,643.0,641.0,641.0
6431.0,1506.0,1497.0,1487.0,645.0,648.0,648.0
6439.0,1502.0,1497.0,1507.0,644.0,640.0,649.0
6427.0,1495.0,1500.0,1498.0,640.0,644.0,650.0
6389.0,1481.0,1477.0,1493.0,646.0,648.0,644.0
6376.0,1492.0,1481.0,1481.0,638.0,640.0,644.0
6372.0,1496.0,1485.0,1474.0,643.0,635.0,639.0
6377.0,1495.0,1468.0,1498.0,639.0,639.0,638.0
6354.0,1483.0,1478.0,1486.0,642.0,633.0,632.0
6352.0,1486.0,1478.0,1489.0,629.0,634.0,636.0
6384.0,1486.0,1489.0,1501.0,631.0,638.0,639.0
6408.0,1488.0,1508.0,1496.0,639.0,639.0,638.0
6453.0,1509.0,1514.0,1500.0,641.0,636.0,653.0
6478.0,1528.0,1518.0,1494.0,647.0,646.0,645.0
6464.0,1508.0,1510.0,1518.0,643.0,635.0,650.0
6472.0,1498.0,1517.0,1515.0,647.0,652.0,643.0
6418.0,1496.0,1484.0,1509.0,642.0,639.0,648.0
6403.0,1479.0,1509.0,1490.0,643.0,647.0,635.0
6367.0,1490.0,1474.0,1496.0,630.0,642.0,635.0
6407.0,1487.0,1501.0,1497.0,642.0,643.0,637.0
6409.0,1489.0,1514.0,1484.0,643.0,645.0,634.0
6412.0,1493.0,1485.0,1504.0,646.0,643.0,641.0
6400.0,1499.0,1489.0,1503.0,637.0,638.0,634.0
6390.0,1491.0,1485.0,1496.0,640.0,639.0,639.0
6405.0,1492.0,1482.0,1501.0,644.0,645.0,641.0
6456.0,1522.0,1499.0,1491.0,644.0,654.0,646.0
6501.0,1533.0,1522.0,1497.0,643.0,647.0,659.0
6507.0,1515.0,1523.0,1520.0,652.0,648.0,649.0
6532.0,1523.0,1535.0,1525.0,641.0,651.0,657.0
6473.0,1501.0,1521.0,1511.0,641.0,649.0,650.0
6411.0,1497.0,1496.0,1505.0,641.0,634.0,638.0
6473.0,1508.0,1515.0,1517.0,642.0,646.0,645.0
6404.0,1509.0,1487.0,1498.0,644.0,634.0,632.0
6356.0,1490.0,1467.0,1488.0,639.0,638.0,634.0
6356.0,1489.0,1472.0,1481.0,644.0,632.0,638.0
6377.0,1470.0,1484.0,1503.0,645.0,637.0,638.0
6425.0,1496.0,1500.0,1492.0,643.0,648.0,646.0
6439.0,1501.0,1514.0,1493.0,651.0,643.0,637.0
6490.0,1518.0,1518.0,1504.0,653.0,655.0,642.0
6469.0,1509.0,1512.0,1497.0,645.0,656.0,650.0
6517.0,1519.0,1524.0,1503.0,656.0,661.0,654.0
6534.0,1504.0,1534.0,1531.0,648.0,660.0,657.0
6528.0,1519.0,1515.0,1530.0,652.0,652.0,660.0
6491.0,1497.0,1512.0,1529.0,653.0,649.0,651.0
6466.0,1512.0,1491.0,1532.0,651.0,634.0,646.0
6476.0,1517.0,1505.0,1517.0,644.0,638.0,655.0
6424.0,1497.0,1501.0,1494.0,645.0,640.0,647.0
6427.0,1483.0,1524.0,1495.0,638.0,640.0,647.0
6436.0,1500.0,1519.0,1498.0,648.0,640.0,631.0
6431.0,1498.0,1488.0,1509.0,647.0,642.0,647.0
6484.0,1506.0,1507.0,1515.0,653.0,654.0,649.0
6532.0,1534.0,1524.0,1519.0,649.0,654.0,652.0
6529.0,1531.0,1510.0,1526.0,647.0,658.0,657.0
6553.0,1539.0,1507.0,1536.0,659.0,661.0,651.0
6568.0,1532.0,1531.0,1543.0,653.0,661.0,648.0
6556.0,1511.0,1541.0,1537.0,657.0,660.0,650.0
6530.0,1520.0,1529.0,1534.0,649.0,649.0,649.0
6470.0,1489.0,1516.0,1521.0,644.0,653.0,647.0
6489.0,1520.0,1519.0,1515.0,643.0,647.0,645.0
6428.0,1489.0,1499.0,1505.0,652.0,636.0,647.0
6429.0,1522.0,1486.0,1493.0,643.0,640.0,645.0
6417.0,1496.0,1489.0,1488.0,650.0,644.0,650.0
6454.0,1497.0,1501.0,1504.0,652.0,650.0,650.0
6550.0,1531.0,1530.0,1525.0,654.0,648.0,662.0
6556.0,1527.0,1537.0,1526.0,658.0,645.0,663.0
6609.0,1545.0,1529.0,1553.0,657.0,659.0,666.0
6643.0,1540.0,1552.0,1555.0,671.0,663.0,662.0
6604.0,1533.0,1529.0,1563.0,660.0,659.0,660.0
6557.0,1518.0,1523.0,1549.0,650.0,656.0,661.0
6557.0,1527.0,1532.0,1529.0,654.0,656.0,659.0
6471.0,1516.0,1494.0,1506.0,648.0,656.0,651.0
6482.0,1521.0,1499.0,1514.0,645.0,654.0,649.0
6472.0,1520.0,1504.0,1514.0,646.0,648.0,640.0
6429.0,1499.0,1502.0,1489.0,649.0,645.0,645.0
6471.0,1511.0,1531.0,1488.0,650.0,653.0,638.0
6495.0,1511.0,1516.0,1518.0,655.0,653.0,642.0
6528.0,1522.0,1527.0,1511.0,657.0,655.0,656.0
6577.0,1538.0,1529.0,1550.0,653.0,653.0,654.0
6625.0,1549.0,1541.0,1552.0,663.0,664.0,656.0
6620.0,1542.0,1539.0,1550.0,660.0,660.0,669.0
6597.0,1531.0,1546.0,1542.0,659.0,657.0,662.0
6576.0,1527.0,1528.0,1547.0,659.0,653.0,662.0
6581.0,1530.0,1539.0,1532.0,657.0,659.0,664.0
6567.0,1528.0,1540.0,1541.0,650.0,649.0,659.0
6552.0,1541.0,1532.0,1524.0,646.0,647.0,662.0
6490.0,1525.0,1520.0,1496.0,645.0,656.0,648.0
6469.0,1519.0,1512.0,1496.0,650.0,641.0,651.0
6473.0,1513.0,1502.0,1507.0,648.0,653.0,650.0
6525.0,1511.0,1516.0,1535.0,651.0,658.0,654.0
6560.0,1520.0,1521.0,1543.0,660.0,663.0,653.0
6635.0,1545.0,1543.0,1551.0,665.0,669.0,662.0
6663.0,1563.0,1543.0,1560.0,670.0,665.0,662.0
6685.0,1569.0,1556.0,1560.0,666.0,670.0,664.0
6635.0,1531.0,1556.0,1553.0,668.0,665.0,662.0
6626.0,1522.0,1559.0,1557.0,665.0,663.0,660.0
6618.0,1549.0,1547.0,1545.0,656.0,662.0,659.0
6519.0,1545.0,1513.0,1504.0,655.0,650.0,652.0
6497.0,1527.0,1520.0,1503.0,651.0,648.0,648.0
6476.0,1522.0,1513.0,1500.0,648.0,645.0,648.0
6472.0,1517.0,1501.0,1515.0,642.0,649.0,648.0
6529.0,1524.0,1522.0,1526.0,652.0,649.0,656.0
6572.0,1517.0,1545.0,1549.0,657.0,652.0,652.0
6651.0,1544.0,1555.0,1562.0,668.0,662.0,660.0
6651.0,1556.0,1541.0,1560.0,665.0,663.0,666.0
6691.0,1565.0,1551.0,1567.0,670.0,668.0,670.0
6683.0,1567.0,1539.0,1566.0,673.0,669.0,669.0
6642.0,1551.0,1535.0,1542.0,667.0,676.0,671.0
6617.0,1530.0,1538.0,1548.0,669.0,664.0,668.0
6629.0,1550.0,1550.0,1539.0,663.0,663.0,664.0
6573.0,1535.0,1532.0,1542.0,655.0,660.0,649.0
6572.0,1544.0,1533.0,1537.0,654.0,653.0,651.0
6520.0,1535.0,1521.0,1516.0,649.0,658.0,641.0
6520.0,1515.0,1529.0,1533.0,646.0,650.0,647.0
6511.0,1523.0,1508.0,1532.0,649.0,652.0,647.0
6537.0,1519.0,1525.0,1542.0,654.0,647.0,650.0
6619.0,1545.0,1552.0,1551.0,656.0,656.0,659.0
6663.0,1559.0,1547.0,1562.0,665.0,664.0,666.0
6674.0,1574.0,1549.0,1548.0,671.0,666.0,666.0
6705.0,1558.0,1576.0,1565.0,670.0,669.0,667.0
6705.0,1553.0,1564.0,1564.0,677.0,678.0,669.0
6704.0,1544.0,1579.0,1568.0,675.0,674.0,664.0
6635.0,1538.0,1555.0,1543.0,664.0,672.0,663.0
6625.0,1544.0,1539.0,1543.0,669.0,664.0,666.0
6593.0,1546.0,1540.0,1521.0,657.0,666.0,663.0
6567.0,1542.0,1515.0,1545.0,652.0,653.0,660.0
6575.0,1528.0,1526.0,1546.0,657.0,656.0,662.0
6551.0,1521.0,1524.0,1527.0,660.0,659.0,660.0
6575.0,1519.0,1535.0,1552.0,657.0,657.0,655.0
6674.0,1555.0,1568.0,1559.0,669.0,660.0,663.0
6680.0,1561.0,1566.0,1555.0,664.0,668.0,666.0
6710.0,1577.0,1567.0,1554.0,672.0,668.0,672.0
6701.0,1558.0,1584.0,1554.0,666.0,668.0,671.0
6731.0,1579.0,1572.0,1563.0,672.0,673.0,672.0
6686.0,1560.0,1573.0,1542.0,674.0,669.0,668.0
6673.0,1546.0,1561.0,1570.0,668.0,666.0,662.0
6649.0,1555.0,1552.0,1564.0,662.0,662.0,654.0
6643.0,1562.0,1536.0,1555.0,667.0,659.0,664.0
6620.0,1543.0,1558.0,1540.0,664.0,659.0,656.0
6612.0,1520.0,1541.0,1563.0,660.0,663.0,665.0
6642.0,1538.0,1557.0,1553.0,659.0,668.0,667.0
6656.0,1557.0,1550.0,1556.0,671.0,659.0,663.0
6669.0,1540.0,1561.0,1566.0,661.0,675.0,666.0
6734.0,1582.0,1565.0,1562.0,661.0,677.0,687.0
6706.0,1573.0,1549.0,1565.0,670.0,677.0,672.0
6737.0,1573.0,1576.0,1566.0,677.0,674.0,671.0
6718.0,1565.0,1567.0,1571.0,674.0,665.0,676.0
6719.0,1562.0,1584.0,1560.0,671.0,664.0,678.0
6722.0,1566.0,1574.0,1560.0,672.0,673.0,677.0
6681.0,1548.0,1559.0,1574.0,673.0,657.0,670.0
6655.0,1554.0,1546.0,1573.0,666.0,658.0,658.0
6630.0,1543.0,1546.0,1549.0,671.0,667.0,654.0
6616.0,1538.0,1544.0,1556.0,662.0,659.0,657.0
6653.0,1563.0,1545.0,1554.0,667.0,664.0,660.0
6630.0,1542.0,1542.0,1547.0,669.0,665.0,665.0
6682.0,1564.0,1563.0,1547.0,670.0,673.0,665.0
6746.0,1578.0,1583.0,1562.0,668.0,679.0,676.0
6767.0,1571.0,1613.0,1561.0,673.0,675.0,674.0
6746.0,1573.0,1586.0,1561.0,674.0,679.0,673.0
6747.0,1556.0,1579.0,1579.0,675.0,680.0,678.0
6759.0,1565.0,1585.0,1590.0,663.0,683.0,673.0
6694.0,1551.0,1554.0,1567.0,674.0,671.0,677.0
6676.0,1556.0,1547.0,1567.0,667.0,669.0,670.0
6656.0,1550.0,1563.0,1534.0,677.0,665.0,667.0
6662.0,1563.0,1559.0,1544.0,669.0,665.0,662.0
6649.0,1553.0,1562.0,1546.0,663.0,658.0,667.0
6682.0,1558.0,1563.0,1556.0,676.0,656.0,673.0
6635.0,1549.0,1555.0,1533.0,672.0,662.0,664.0
6732.0,1575.0,1572.0,1566.0,676.0,665.0,678.0
6783.0,1597.0,1575.0,1579.0,680.0,675.0,677.0
6803.0,1611.0,1560.0,1591.0,678.0,678.0,685.0
6766.0,1579.0,1577.0,1577.0,675.0,679.0,679.0
6778.0,1575.0,1581.0,1593.0,672.0,682.0,675.0
6787.0,1564.0,1587.0,1600.0,678.0,683.0,675.0
6744.0,1559.0,1579.0,1586.0,669.0,682.0,669.0
6737.0,1575.0,1580.0,1572.0,670.0,674.0,666.0
6711.0,1574.0,1563.0,1563.0,670.0,675.0,666.0
6689.0,1551.0,1574.0,1556.0,670.0,670.0,668.0
6641.0,1542.0,1573.0,1544.0,659.0,663.0,660.0
6635.0,1553.0,1543.0,1535.0,669.0,662.0,673.0
6681.0,1552.0,1566.0,1547.0,669.0,673.0,674.0
6726.0,1573.0,1573.0,1568.0,675.0,661.0,676.0
6778.0,1587.0,1589.0,1573.0,677.0,672.0,680.0
6805.0,1605.0,1591.0,1571.0,680.0,674.0,684.0
6856.0,1604.0,1601.0,1607.0,675.0,678.0,691.0
6811.0,1569.0,1603.0,1593.0,681.0,681.0,684.0
6830.0,1590.0,1593.0,1610.0,678.0,678.0,681.0
6803.0,1574.0,1593.0,1597.0,679.0,678.0,682.0
6747.0,1567.0,1586.0,1571.0,675.0,679.0,669.0
6706.0,1579.0,1551.0,1552.0,679.0,677.0,668.0
6672.0,1562.0,1547.0,1548.0,666.0,676.0,673.0
6675.0,1547.0,1551.0,1563.0,673.0,673.0,668.0
6713.0,1554.0,1583.0,1561.0,676.0,672.0,667.0
6750.0,1576.0,1584.0,1564.0,675.0,676.0,675.0
6785.0,1562.0,1588.0,1599.0,680.0,678.0,678.0
6788.0,1584.0,1577.0,1583.0,684.0,682.0,678.0
6820.0,1589.0,1592.0,1588.0,686.0,683.0,682.0
6856.0,1593.0,1591.0,1619.0,684.0,675.0,694.0
6849.0,1590.0,1603.0,1603.0,682.0,682.0,689.0
6812.0,1573.0,1588.0,1609.0,679.0,678.0,685.0
6797.0,1584.0,1594.0,1583.0,677.0,681.0,678.0
6785.0,1583.0,1578.0,1594.0,679.0,674.0,677.0
6762.0,1587.0,1587.0,1562.0,667.0,678.0,681.0
6743.0,1594.0,1577.0,1564.0,674.0,659.0,675.0
6741.0,1558.0,1581.0,1571.0,679.0,679.0,673.0
6742.0,1557.0,1578.0,1576.0,681.0,676.0,674.0
6744.0,1565.0,1559.0,1585.0,677.0,682.0,676.0
6804.0,1582.0,1589.0,1582.0,680.0,688.0,683.0
6888.0,1606.0,1605.0,1611.0,690.0,689.0,687.0
6899.0,1617.0,1616.0,1603.0,694.0,685.0,684.0
6910.0,1606.0,1614.0,1622.0,689.0,693.0,686.0
6896.0,1610.0,1622.0,1600.0,693.0,684.0,687.0
6852.0,1591.0,1614.0,1600.0,680.0,684.0,683.0
6802.0,1588.0,1596.0,1579.0,675.0,683.0,681.0
6748.0,1580.0,1576.0,1566.0,670.0,675.0,681.0
6783.0,1596.0,1569.0,1584.0,676.0,673.0,685.0
6725.0,1584.0,1564.0,1558.0,669.0,668.0,682.0
6725.0,1571.0,1565.0,1574.0,670.0,672.0,673.0
6743.0,1553.0,1588.0,1570.0,676.0,674.0,682.0
6774.0,1572.0,1580.0,1592.0,673.0,678.0,679.0
6858.0,1600.0,1610.0,1611.0,678.0,677.0,682.0
6879.0,1605.0,1595.0,1606.0,687.0,693.0,693.0
6929.0,1618.0,1612.0,1613.0,694.0,694.0,698.0
6921.0,1618.0,1609.0,1620.0,688.0,690.0,696.0
6877.0,1585.0,1610.0,1605.0,685.0,699.0,693.0
6898.0,1605.0,1614.0,1606.0,691.0,690.0,692.0
6811.0,1578.0,1581.0,1583.0,688.0,691.0,690.0
6814.0,1597.0,1580.0,1593.0,677.0,682.0,685.0
6778.0,1596.0,1581.0,1575.0,671.0,680.0,675.0
6754.0,1583.0,1558.0,1581.0,677.0,684.0,671.0
6782.0,1580.0,1597.0,1584.0,670.0,676.0,675.0
6796.0,1582.0,1592.0,1591.0,676.0,675.0,680.0
6810.0,1579.0,1609.0,1599.0,677.0,672.0,674.0
6845.0,1594.0,1584.0,1611.0,688.0,680.0,688.0
6866.0,1622.0,1597.0,1597.0,691.0,679.0,680.0
6901.0,1623.0,1589.0,1616.0,702.0,684.0,687.0
6889.0,1623.0,1590.0,1600.0,691.0,692.0,693.0
6939.0,1617.0,1614.0,1615.0,696.0,702.0,695.0
6930.0,1598.0,1631.0,1614.0,696.0,697.0,694.0
6851.0,1589.0,1600.0,1600.0,687.0,688.0,687.0
6876.0,1593.0,1625.0,1591.0,689.0,692.0,686.0
6822.0,1587.0,1599.0,1589.0,676.0,683.0,688.0
6793.0,1579.0,1583.0,1592.0,674.0,683.0,682.0
6792.0,1577.0,1571.0,1592.0,678.0,687.0,687.0
6810.0,1573.0,1592.0,1593.0,683.0,686.0,683.0
6824.0,1588.0,1585.0,1596.0,683.0,688.0,684.0
6881.0,1604.0,1604.0,1614.0,685.0,690.0,684.0
6931.0,1623.0,1634.0,1605.0,688.0,692.0,689.0
6952.0,1638.0,1638.0,1596.0,696.0,692.0,692.0
6971.0,1621.0,1636.0,1634.0,692.0,694.0,694.0
6957.0,1616.0,1625.0,1624.0,706.0,690.0,696.0
6949.0,1607.0,1630.0,1625.0,704.0,693.0,690.0
6893.0,1598.0,1611.0,1613.0,695.0,683.0,693.0
6871.0,1599.0,1607.0,1603.0,683.0,690.0,689.0
6825.0,1604.0,1576.0,1598.0,680.0,683.0,684.0
6859.0,1602.0,1600.0,1598.0,684.0,686.0,689.0
6841.0,1588.0,1607.0,1603.0,679.0,684.0,680.0
6868.0,1593.0,1609.0,1606.0,686.0,690.0,684.0
6898.0,1601.0,1618.0,1612.0,685.0,690.0,692.0
6902.0,1619.0,1599.0,1613.0,686.0,694.0,691.0
6937.0,1625.0,1613.0,1601.0,699.0,699.0,700.0
6951.0,1635.0,1593.0,1620.0,705.0,692.0,706.0
6975.0,1639.0,1625.0,1618.0,702.0,697.0,694.0
6954.0,1617.0,1616.0,1628.0,700.0,695.0,698.0
6930.0,1619.0,1626.0,1600.0,696.0,695.0,694.0
6981.0,1622.0,1633.0,1631.0,704.0,694.0,697.0
6920.0,1621.0,1626.0,1610.0,688.0,691.0,684.0
6914.0,1621.0,1611.0,1617.0,690.0,684.0,691.0
6876.0,1609.0,1607.0,1594.0,693.0,689.0,684.0
6836.0,1592.0,1586.0,1610.0,681.0,685.0,682.0
6878.0,1601.0,1601.0,1618.0,683.0,685.0,690.0
6865.0,1595.0,1605.0,1606.0,688.0,683.0,688.0
6892.0,1611.0,1608.0,1614.0,682.0,689.0,688.0
6949.0,1629.0,1613.0,1607.0,696.0,703.0,701.0
7005.0,1644.0,1632.0,1628.0,694.0,703.0,704.0
7032.0,1653.0,1646.0,1641.0,695.0,704.0,693.0
7008.0,1637.0,1639.0,1634.0,698.0,702.0,698.0
7012.0,1634.0,1628.0,1636.0,709.0,701.0,704.0
6935.0,1620.0,1615.0,1618.0,694.0,695.0,693.0
6946.0,1622.0,1615.0,1627.0,691.0,692.0,699.0
6914.0,1612.0,1593.0,1623.0,696.0,696.0,694.0
6872.0,1604.0,1587.0,1615.0,689.0,681.0,696.0
6846.0,1601.0,1592.0,1589.0,690.0,682.0,692.0
6882.0,1613.0,1612.0,1597.0,689.0,684.0,687.0
6909.0,1611.0,1629.0,1608.0,683.0,686.0,692.0
6959.0,1623.0,1640.0,1614.0,694.0,695.0,693.0
7001.0,1642.0,1637.0,1642.0,692.0,690.0,698.0
7008.0,1634.0,1632.0,1642.0,698.0,703.0,699.0
7015.0,1636.0,1622.0,1652.0,699.0,705.0,701.0
7050.0,1638.0,1635.0,1668.0,706.0,709.0,694.0
7002.0,1637.0,1631.0,1639.0,699.0,701.0,695.0
6982.0,1622.0,1627.0,1640.0,700.0,699.0,694.0
6974.0,1628.0,1637.0,1623.0,694.0,699.0,693.0
6929.0,1606.0,1615.0,1628.0,695.0,699.0,686.0
6917.0,1619.0,1622.0,1602.0,692.0,692.0,690.0
6918.0,1620.0,1604.0,1617.0,695.0,691.0,691.0
6880.0,1599.0,1612.0,1597.0,688.0,694.0,690.0
6927.0,1608.0,1619.0,1609.0,698.0,694.0,699.0
6979.0,1655.0,1611.0,1621.0,694.0,696.0,702.0
7023.0,1645.0,1651.0,1641.0,689.0,696.0,701.0
7103.0,1667.0,1655.0,1663.0,704.0,701.0,713.0
7052.0,1645.0,1638.0,1652.0,700.0,706.0,711.0
7064.0,1630.0,1656.0,1665.0,705.0,700.0,708.0
7052.0,1622.0,1659.0,1656.0,708.0,703.0,704.0
7043.0,1642.0,1652.0,1646.0,703.0,699.0,701.0
6970.0,1615.0,1621.0,1638.0,704.0,692.0,700.0
6902.0,1611.0,1607.0,1602.0,695.0,696.0,691.0
6906.0,1616.0,1600.0,1610.0,700.0,691.0,689.0
6887.0,1610.0,1602.0,1591.0,689.0,701.0,694.0
6933.0,1609.0,1615.0,1621.0,696.0,697.0,695.0
6934.0,1608.0,1626.0,1609.0,702.0,700.0,689.0
7001.0,1626.0,1643.0,1631.0,703.0,705.0,693.0
7041.0,1651.0,1644.0,1637.0,704.0,705.0,700.0
7084.0,1641.0,1654.0,1666.0,708.0,708.0,707.0
7118.0,1656.0,1655.0,1672.0,708.0,713.0,714.0
7085.0,1652.0,1654.0,1644.0,707.0,714.0,714.0
7071.0,1653.0,1648.0,1659.0,704.0,698.0,709.0
7008.0,1637.0,1640.0,1626.0,697.0,701.0,707.0
7003.0,1650.0,1632.0,1620.0,704.0,695.0,702.0
6978.0,1637.0,1625.0,1624.0,700.0,693.0,699.0
6984.0,1643.0,1630.0,1615.0,699.0,693.0,704.0
6954.0,1622.0,1623.0,1619.0,695.0,700.0,695.0
7008.0,1639.0,1627.0,1644.0,708.0,695.0,695.0
6992.0,1630.0,1617.0,1632.0,699.0,702.0,712.0
7027.0,1636.0,1627.0,1655.0,699.0,703.0,707.0
7075.0,1659.0,1641.0,1643.0,713.0,716.0,703.0
7104.0,1648.0,1661.0,1658.0,708.0,716.0,713.0
7139.0,1672.0,1663.0,1671.0,708.0,713.0,712.0
7089.0,1651.0,1663.0,1646.0,708.0,714.0,707.0
7079.0,1654.0,1652.0,1653.0,704.0,708.0,708.0
7092.0,1664.0,1667.0,1641.0,707.0,709.0,704.0
7025.0,1646.0,1653.0,1628.0,701.0,700.0,697.0
6990.0,1643.0,1633.0,1616.0,701.0,702.0,695.0
6984.0,1634.0,1633.0,1628.0,699.0,693.0,697.0
6951.0,1628.0,1608.0,1629.0,699.0,692.0,695.0
7006.0,1643.0,1624.0,1646.0,700.0,694.0,699.0
7037.0,1642.0,1640.0,1637.0,709.0,698.0,711.0
7051.0,1647.0,1632.0,1671.0,704.0,697.0,700.0
7136.0,1672.0,1659.0,1674.0,707.0,715.0,709.0
7127.0,1654.0,1671.0,1667.0,710.0,710.0,715.0
7141.0,1669.0,1658.0,1662.0,713.0,717.0,722.0
7094.0,1632.0,1666.0,1646.0,713.0,714.0,723.0
7086.0,1657.0,1650.0,1656.0,705.0,707.0,711.0
7055.0,1630.0,1639.0,1656.0,713.0,712.0,705.0
7038.0,1657.0,1632.0,1634.0,704.0,707.0,704.0
7016.0,1637.0,1642.0,1631.0,700.0,700.0,706.0
7009.0,1663.0,1625.0,1623.0,701.0,702.0,695.0
7007.0,1619.0,1649.0,1639.0,705.0,699.0,696.0
7005.0,1624.0,1642.0,1642.0,705.0,699.0,693.0
7080.0,1651.0,1656.0,1652.0,713.0,706.0,702.0
7109.0,1657.0,1651.0,1673.0,716.0,708.0,704.0
7130.0,1672.0,1668.0,1652.0,722.0,704.0,712.0
7139.0,1675.0,1654.0,1672.0,715.0,712.0,711.0
7130.0,1674.0,1670.0,1649.0,710.0,716.0,711.0
7149.0,1657.0,1674.0,1658.0,721.0,714.0,725.0
7110.0,1657.0,1659.0,1645.0,710.0,723.0,716.0
7112.0,1656.0,1672.0,1655.0,711.0,713.0,705.0
7073.0,1661.0,1653.0,1636.0,708.0,713.0,702.0
7071.0,1655.0,1663.0,1638.0,699.0,705.0,711.0
7098.0,1653.0,1649.0,1667.0,702.0,713.0,714.0
7036.0,1624.0,1631.0,1657.0,704.0,711.0,709.0
7040.0,1647.0,1636.0,1640.0,709.0,703.0,705.0
7045.0,1646.0,1642.0,1641.0,709.0,701.0,706.0
7119.0,1677.0,1644.0,1661.0,709.0,717.0,711.0
7176.0,1681.0,1685.0,1661.0,724.0,713.0,712.0
7205.0,1684.0,1681.0,1687.0,719.0,715.0,719.0
7201.0,1683.0,1696.0,1668.0,719.0,716.0,719.0
7184.0,1659.0,1695.0,1680.0,716.0,717.0,717.0
7140.0,1663.0,1668.0,1664.0,719.0,713.0,713.0
7095.0,1661.0,1650.0,1659.0,708.0,707.0,710.0
7081.0,1663.0,1639.0,1662.0,704.0,707.0,706.0
7064.0,1646.0,1649.0,1648.0,705.0,708.0,708.0
7050.0,1656.0,1637.0,1652.0,703.0,703.0,699.0
7072.0,1636.0,1655.0,1658.0,707.0,709.0,707.0
7086.0,1642.0,1666.0,1650.0,707.0,708.0,713.0
7099.0,1655.0,1663.0,1650.0,712.0,707.0,712.0
7161.0,1659.0,1688.0,1664.0,716.0,713.0,721.0
7195.0,1681.0,1682.0,1669.0,717.0,726.0,720.0
7194.0,1687.0,1673.0,1671.0,719.0,723.0,721.0
7243.0,1693.0,1686.0,1678.0,723.0,726.0,737.0
7202.0,1671.0,1674.0,1674.0,726.0,726.0,731.0
7155.0,1653.0,1674.0,1665.0,726.0,722.0,715.0
7122.0,1647.0,1663.0,1662.0,712.0,714.0,724.0
7165.0,1688.0,1677.0,1660.0,711.0,714.0,715.0
7115.0,1672.0,1666.0,1658.0,706.0,706.0,707.0
7096.0,1672.0,1660.0,1653.0,703.0,707.0,701.0
7087.0,1649.0,1655.0,1658.0,705.0,707.0,713.0
7105.0,1656.0,1671.0,1657.0,708.0,708.0,705.0
7084.0,1650.0,1655.0,1654.0,707.0,715.0,703.0
7143.0,1658.0,1675.0,1672.0,717.0,711.0,710.0
7167.0,1693.0,1644.0,1672.0,722.0,718.0,718.0
7241.0,1692.0,1685.0,1687.0,732.0,723.0,722.0
7246.0,1691.0,1688.0,1693.0,725.0,731.0,718.0
7253.0,1686.0,1700.0,1687.0,732.0,725.0,723.0
7243.0,1680.0,1701.0,1685.0,730.0,720.0,727.0
7210.0,1672.0,1674.0,1687.0,726.0,726.0,725.0
7186.0,1656.0,1694.0,1672.0,719.0,719.0,726.0
7131.0,1659.0,1665.0,1676.0,704.0,712.0,715.0
7113.0,1670.0,1653.0,1660.0,708.0,707.0,715.0
7086.0,1672.0,1650.0,1645.0,705.0,705.0,709.0
7078.0,1652.0,1661.0,1645.0,706.0,704.0,710.0
7128.0,1670.0,1660.0,1660.0,707.0,717.0,714.0
7144.0,1654.0,1680.0,1665.0,710.0,718.0,717.0
7239.0,1707.0,1692.0,1688.0,720.0,715.0,717.0
7271.0,1691.0,1694.0,1697.0,733.0,727.0,729.0
7283.0,1689.0,1703.0,1711.0,728.0,723.0,729.0
7249.0,1686.0,1686.0,1699.0,731.0,729.0,718.0
7277.0,1688.0,1690.0,1712.0,736.0,728.0,723.0
7208.0,1670.0,1687.0,1688.0,724.0,724.0,715.0
7207.0,1686.0,1676.0,1684.0,721.0,720.0,720.0
7160.0,1666.0,1685.0,1665.0,714.0,713.0,717.0
7147.0,1671.0,1669.0,1671.0,708.0,717.0,711.0
7114.0,1650.0,1674.0,1653.0,715.0,716.0,706.0
7133.0,1663.0,1670.0,1665.0,707.0,719.0,709.0
7121.0,1647.0,1665.0,1659.0,708.0,719.0,723.0
7202.0,1672.0,1679.0,1687.0,714.0,723.0,727.0
7220.0,1686.0,1684.0,1687.0,716.0,720.0,727.0
7270.0,1712.0,1685.0,1699.0,719.0,722.0,733.0
7274.0,1684.0,1704.0,1700.0,725.0,725.0,736.0
7299.0,1710.0,1697.0,1702.0,733.0,728.0,729.0
7261.0,1684.0,1693.0,1695.0,736.0,725.0,728.0
7250.0,1688.0,1688.0,1702.0,726.0,720.0,726.0
7193.0,1660.0,1685.0,1673.0,728.0,721.0,726.0
7187.0,1676.0,1680.0,1666.0,719.0,726.0,720.0
7200.0,1687.0,1680.0,1674.0,721.0,723.0,715.0
7138.0,1682.0,1667.0,1654.0,713.0,717.0,705.0
7124.0,1656.0,1660.0,1659.0,720.0,724.0,705.0
7170.0,1682.0,1667.0,1673.0,716.0,721.0,711.0
7242.0,1691.0,1673.0,1703.0,722.0,727.0,726.0
7307.0,1711.0,1703.0,1704.0,724.0,729.0,736.0
7343.0,1710.0,1726.0,1715.0,724.0,733.0,735.0
7342.0,1723.0,1713.0,1714.0,733.0,733.0,726.0
7330.0,1686.0,1716.0,1724.0,739.0,728.0,737.0
7293.0,1701.0,1705.0,1700.0,728.0,731.0,728.0
7307.0,1708.0,1697.0,1699.0,740.0,731.0,732.0
7255.0,1700.0,1690.0,1689.0,729.0,723.0,724.0
7228.0,1687.0,1688.0,1672.0,737.0,719.0,725.0
7168.0,1680.0,1670.0,1669.0,716.0,711.0,722.0
7174.0,1679.0,1667.0,1674.0,720.0,717.0,717.0
7215.0,1668.0,1698.0,1683.0,726.0,718.0,722.0
7239.0,1687.0,1695.0,1683.0,725.0,724.0,725.0
7319.0,1711.0,1704.0,1713.0,722.0,738.0,731.0
7312.0,1699.0,1704.0,1716.0,729.0,732.0,732.0
7357.0,1736.0,1699.0,1729.0,728.0,731.0,734.0
7328.0,1714.0,1690.0,1725.0,733.0,740.0,726.0
7324.0,1706.0,1703.0,1711.0,729.0,745.0,730.0
7320.0,1708.0,1720.0,1698.0,728.0,736.0,730.0
7313.0,1695.0,1712.0,1708.0,733.0,734.0,731.0
7264.0,1704.0,1706.0,1684.0,726.0,723.0,721.0
7248.0,1694.0,1695.0,1690.0,726.0,720.0,723.0
7230.0,1688.0,1695.0,1677.0,725.0,722.0,723.0
7206.0,1683.0,1672.0,1687.0,729.0,711.0,724.0
7208.0,1677.0,1681.0,1683.0,722.0,719.0,726.0
7204.0,1682.0,1681.0,1677.0,719.0,722.0,723.0
7307.0,1712.0,1705.0,1710.0,726.0,721.0,733.0
7338.0,1724.0,1703.0,1713.0,734.0,731.0,733.0
7384.0,1730.0,1740.0,1712.0,731.0,735.0,736.0
7389.0,1730.0,1735.0,1712.0,735.0,736.0,741.0
7369.0,1696.0,1743.0,1716.0,733.0,739.0,742.0
7369.0,1714.0,1725.0,1727.0,735.0,737.0,731.0
7282.0,1724.0,1694.0,1672.0,724.0,729.0,739.0
7275.0,1696.0,1697.0,1691.0,731.0,731.0,729.0
7318.0,1726.0,1691.0,1709.0,733.0,731.0,728.0
7223.0,1677.0,1689.0,1678.0,724.0,731.0,724.0
7238.0,1677.0,1686.0,1698.0,731.0,728.0,718.0
7266.0,1689.0,1709.0,1683.0,737.0,723.0,725.0
7299.0,1686.0,1703.0,1708.0,738.0,739.0,725.0
7336.0,1702.0,1719.0,1714.0,741.0,730.0,730.0
7388.0,1728.0,1732.0,1727.0,741.0,729.0,731.0
7393.0,1736.0,1717.0,1729.0,747.0,731.0,733.0
7398.0,1736.0,1707.0,1741.0,731.0,741.0,742.0
7377.0,1716.0,1737.0,1717.0,739.0,729.0,739.0
7328.0,1694.0,1721.0,1707.0,733.0,738.0,735.0
7317.0,1712.0,1697.0,1707.0,732.0,729.0,740.0
7356.0,1723.0,1718.0,1704.0,731.0,737.0,743.0
7303.0,1704.0,1708.0,1705.0,726.0,725.0,735.0
7268.0,1707.0,1700.0,1690.0,727.0,722.0,722.0
7279.0,1681.0,1698.0,1702.0,736.0,732.0,730.0
7271.0,1680.0,1696.0,1706.0,730.0,728.0,731.0
7314.0,1689.0,1710.0,1708.0,739.0,732.0,736.0
7343.0,1715.0,1704.0,1716.0,737.0,738.0,733.0
7362.0,1718.0,1716.0,1726.0,734.0,735.0,733.0
7435.0,1754.0,1735.0,1714.0,747.0,746.0,739.0
7425.0,1737.0,1741.0,1725.0,742.0,738.0,742.0
7406.0,1724.0,1731.0,1735.0,739.0,735.0,742.0
7395.0,1724.0,1728.0,1738.0,739.0,730.0,736.0
7380.0,1731.0,1726.0,1719.0,735.0,737.0,732.0
7323.0,1719.0,1702.0,1713.0,730.0,731.0,728.0
7310.0,1711.0,1689.0,1709.0,728.0,732.0,741.0
7311.0,1710.0,1697.0,1721.0,732.0,722.0,729.0
7303.0,1694.0,1703.0,1718.0,731.0,725.0,732.0
7340.0,1704.0,1707.0,1720.0,738.0,736.0,735.0
7322.0,1700.0,1706.0,1717.0,730.0,735.0,734.0
7359.0,1718.0,1700.0,1717.0,740.0,744.0,740.0
7444.0,1744.0,1737.0,1742.0,740.0,744.0,737.0
7463.0,1738.0,1743.0,1740.0,749.0,750.0,743.0
7432.0,1738.0,1723.0,1732.0,748.0,745.0,746.0
7434.0,1729.0,1745.0,1733.0,741.0,747.0,739.0
7436.0,1720.0,1733.0,1747.0,745.0,747.0,744.0
7419.0,1747.0,1723.0,1730.0,739.0,740.0,740.0
7390.0,1731.0,1725.0,1733.0,732.0,730.0,739.0
7351.0,1716.0,1710.0,1731.0,727.0,732.0,735.0
7325.0,1708.0,1720.0,1708.0,728.0,728.0,733.0
7333.0,1709.0,1717.0,1711.0,731.0,727.0,738.0
7328.0,1716.0,1720.0,1697.0,734.0,726.0,735.0
7371.0,1708.0,1742.0,1723.0,736.0,723.0,739.0
7423.0,1737.0,1731.0,1720.0,752.0,745.0,738.0
7375.0,1723.0,1710.0,1723.0,743.0,740.0,736.0
7450.0,1751.0,1727.0,1734.0,748.0,746.0,744.0
7494.0,1757.0,1747.0,1742.0,752.0,751.0,745.0
7468.0,1738.0,1731.0,1745.0,752.0,748.0,754.0
7440.0,1723.0,1735.0,1753.0,748.0,744.0,737.0
7465.0,1739.0,1734.0,1756.0,745.0,743.0,748.0
7404.0,1720.0,1729.0,1729.0,737.0,748.0,741.0
7390.0,1726.0,1730.0,1728.0,724.0,738.0,744.0
7368.0,1726.0,1716.0,1724.0,728.0,738.0,736.0
7331.0,1702.0,1706.0,1721.0,731.0,731.0,740.0
7360.0,1731.0,1711.0,1710.0,729.0,739.0,740.0
7362.0,1713.0,1729.0,1709.0,738.0,739.0,734.0
7386.0,1714.0,1721.0,1728.0,752.0,734.0,737.0
7461.0,1759.0,1749.0,1723.0,748.0,741.0,741.0
7501.0,1759.0,1760.0,1740.0,750.0,751.0,741.0
7490.0,1748.0,1751.0,1747.0,753.0,746.0,745.0
7501.0,1746.0,1744.0,1762.0,753.0,748.0,748.0
7483.0,1736.0,1747.0,1762.0,747.0,748.0,743.0
7443.0,1733.0,1730.0,1752.0,742.0,744.0,742.0
7437.0,1741.0,1732.0,1746.0,740.0,741.0,737.0
7409.0,1737.0,1730.0,1717.0,736.0,748.0,741.0
7357.0,1732.0,1712.0,1709.0,737.0,734.0,733.0
7353.0,1713.0,1725.0,1708.0,725.0,741.0,741.0
7370.0,1712.0,1730.0,1717.0,728.0,742.0,741.0
7410.0,1728.0,1735.0,1718.0,744.0,744.0,741.0
7452.0,1746.0,1737.0,1725.0,743.0,747.0,754.0
7458.0,1755.0,1733.0,1712.0,751.0,754.0,753.0
7504.0,1764.0,1726.0,1758.0,747.0,755.0,754.0
7521.0,1768.0,1734.0,1758.0,757.0,748.0,756.0
7535.0,1744.0,1749.0,1778.0,755.0,752.0,757.0
7533.0,1735.0,1761.0,1770.0,762.0,753.0,752.0
7492.0,1745.0,1737.0,1759.0,754.0,746.0,751.0
7438.0,1743.0,1743.0,1714.0,749.0,744.0,745.0
7430.0,1734.0,1742.0,1731.0,739.0,738.0,746.0
7389.0,1730.0,1726.0,1720.0,743.0,737.0,733.0
7345.0,1715.0,1707.0,1715.0,731.0,742.0,735.0
7383.0,1718.0,1718.0,1727.0,737.0,748.0,735.0
7444.0,1741.0,1731.0,1736.0,744.0,746.0,746.0
7456.0,1745.0,1738.0,1739.0,741.0,751.0,742.0
7515.0,1747.0,1762.0,1750.0,752.0,755.0,749.0
7577.0,1773.0,1783.0,1755.0,759.0,754.0,753.0
7581.0,1765.0,1783.0,1769.0,757.0,756.0,751.0
7571.0,1758.0,1771.0,1768.0,763.0,757.0,754.0
7570.0,1750.0,1781.0,1764.0,762.0,752.0,761.0
7495.0,1749.0,1737.0,1752.0,760.0,747.0,750.0
7465.0,1756.0,1741.0,1721.0,752.0,746.0,749.0
7435.0,1743.0,1731.0,1726.0,746.0,742.0,747.0
7415.0,1734.0,1725.0,1720.0,743.0,744.0,749.0
7406.0,1729.0,1730.0,1715.0,746.0,743.0,743.0
7419.0,1736.0,1740.0,1726.0,737.0,740.0,740.0
7468.0,1737.0,1754.0,1752.0,742.0,741.0,742.0
7492.0,1746.0,1760.0,1743.0,743.0,751.0,749.0
7568.0,1790.0,1764.0,1753.0,754.0,755.0,752.0
7609.0,1797.0,1774.0,1770.0,754.0,761.0,753.0
7540.0,1759.0,1744.0,1767.0,757.0,757.0,756.0
7582.0,1772.0,1760.0,1767.0,761.0,763.0,759.0
7542.0,1746.0,1756.0,1765.0,754.0,762.0,759.0
7493.0,1749.0,1735.0,1752.0,751.0,756.0,750.0
7478.0,1764.0,1748.0,1726.0,756.0,747.0,737.0
7482.0,1760.0,1750.0,1717.0,760.0,749.0,746.0
7434.0,1734.0,1739.0,1724.0,744.0,744.0,749.0
7468.0,1741.0,1742.0,1746.0,743.0,748.0,748.0
7433.0,1710.0,1731.0,1747.0,751.0,748.0,746.0
7450.0,1723.0,1733.0,1766.0,741.0,736.0,751.0
7538.0,1756.0,1753.0,1775.0,755.0,745.0,754.0
7537.0,1763.0,1747.0,1765.0,754.0,751.0,757.0
7629.0,1797.0,1759.0,1788.0,759.0,760.0,766.0
7629.0,1782.0,1788.0,1767.0,763.0,764.0,765.0
7615.0,1781.0,1791.0,1775.0,755.0,754.0,759.0
7584.0,1762.0,1777.0,1753.0,772.0,760.0,760.0
7542.0,1758.0,1757.0,1759.0,763.0,754.0,751.0
7498.0,1761.0,1736.0,1744.0,751.0,756.0,750.0
7489.0,1772.0,1731.0,1728.0,758.0,754.0,746.0
7476.0,1760.0,1739.0,1728.0,753.0,752.0,744.0
7457.0,1729.0,1733.0,1751.0,747.0,754.0,743.0
7499.0,1736.0,1757.0,1759.0,746.0,756.0,745.0
7517.0,1761.0,1750.0,1761.0,749.0,751.0,745.0
7528.0,1748.0,1759.0,1776.0,749.0,745.0,751.0
7613.0,1794.0,1761.0,1787.0,758.0,755.0,758.0
7630.0,1797.0,1767.0,1779.0,760.0,762.0,765.0
7552.0,1771.0,1753.0,1758.0,758.0,761.0,751.0
7561.0,1753.0,1756.0,1779.0,761.0,752.0,760.0
7605.0,1769.0,1782.0,1764.0,763.0,755.0,772.0
7584.0,1782.0,1768.0,1754.0,763.0,755.0,762.0
7525.0,1763.0,1752.0,1753.0,752.0,749.0,756.0
7563.0,1770.0,1758.0,1767.0,758.0,749.0,761.0
7521.0,1760.0,1767.0,1740.0,748.0,751.0,755.0
7532.0,1743.0,1764.0,1768.0,755.0,754.0,748.0
7545.0,1749.0,1751.0,1772.0,759.0,758.0,756.0
7536.0,1745.0,1755.0,1767.0,763.0,755.0,751.0
7558.0,1762.0,1752.0,1768.0,755.0,759.0,762.0
7579.0,1772.0,1760.0,1765.0,760.0,765.0,757.0
7650.0,1788.0,1785.0,1784.0,765.0,767.0,761.0
7621.0,1784.0,1781.0,1766.0,760.0,766.0,764.0
7620.0,1781.0,1783.0,1759.0,763.0,767.0,767.0
7621.0,1772.0,1781.0,1783.0,761.0,764.0,760.0
7576.0,1752.0,1766.0,1779.0,756.0,764.0,759.0
7573.0,1760.0,1786.0,1759.0,756.0,756.0,756.0
7544.0,1767.0,1754.0,1764.0,756.0,750.0,753.0
7547.0,1769.0,1748.0,1772.0,756.0,749.0,753.0
7539.0,1749.0,1755.0,1771.0,753.0,755.0,756.0
7541.0,1754.0,1764.0,1761.0,758.0,749.0,755.0
7551.0,1744.0,1757.0,1770.0,758.0,759.0,763.0
7648.0,1784.0,1784.0,1781.0,763.0,768.0,768.0
7653.0,1785.0,1811.0,1759.0,763.0,767.0,768.0
7687.0,1788.0,1811.0,1784.0,762.0,769.0,773.0
7688.0,1799.0,1799.0,1783.0,765.0,770.0,772.0
7687.0,1787.0,1801.0,1784.0,774.0,770.0,771.0
7653.0,1777.0,1777.0,1793.0,761.0,774.0,771.0
7628.0,1783.0,1771.0,1781.0,765.0,766.0,762.0
7557.0,1759.0,1765.0,1766.0,754.0,763.0,750.0
7577.0,1774.0,1754.0,1773.0,756.0,763.0,757.0
7556.0,1775.0,1749.0,1777.0,755.0,751.0,749.0
7545.0,1760.0,1760.0,1765.0,757.0,752.0,751.0
7567.0,1753.0,1782.0,1761.0,756.0,762.0,753.0
7583.0,1767.0,1786.0,1759.0,764.0,753.0,754.0
7658.0,1796.0,1787.0,1777.0,769.0,763.0,766.0
7636.0,1784.0,1781.0,1777.0,773.0,765.0,756.0
7684.0,1804.0,1789.0,1791.0,767.0,766.0,767.0
7698.0,1802.0,1789.0,1792.0,771.0,771.0,773.0
7680.0,1796.0,1788.0,1802.0,758.0,767.0,769.0
7685.0,1774.0,1785.0,1810.0,766.0,776.0,774.0
7680.0,1798.0,1785.0,1789.0,761.0,775.0,772.0
7671.0,1794.0,1784.0,1799.0,763.0,766.0,765.0
7646.0,1802.0,1787.0,1771.0,755.0,766.0,765.0
7619.0,1776.0,1778.0,1779.0,762.0,765.0,759.0
7560.0,1760.0,1773.0,1752.0,758.0,756.0,761.0
7515.0,1747.0,1737.0,1759.0,757.0,752.0,763.0
7569.0,1763.0,1766.0,1752.0,767.0,758.0,763.0
7655.0,1781.0,1780.0,1788.0,775.0,770.0,761.0
7660.0,1788.0,1771.0,1790.0,777.0,771.0,763.0
7697.0,1802.0,1800.0,1782.0,777.0,767.0,769.0
7729.0,1802.0,1815.0,1805.0,769.0,767.0,771.0
7728.0,1798.0,1812.0,1806.0,773.0,773.0,766.0
7746.0,1813.0,1800.0,1818.0,775.0,771.0,769.0
7689.0,1804.0,1790.0,1798.0,768.0,767.0,762.0
7647.0,1791.0,1781.0,1785.0,762.0,768.0,760.0
7628.0,1793.0,1764.0,1781.0,764.0,765.0,761.0
7592.0,1778.0,1764.0,1766.0,760.0,764.0,760.0
7572.0,1766.0,1763.0,1774.0,757.0,757.0,755.0
7618.0,1773.0,1793.0,1751.0,762.0,770.0,769.0
7664.0,1774.0,1795.0,1796.0,762.0,770.0,767.0
7689.0,1807.0,1790.0,1777.0,776.0,769.0,770.0
7733.0,1814.0,1792.0,1798.0,775.0,775.0,779.0
7780.0,1806.0,1812.0,1824.0,780.0,774.0,784.0
7761.0,1797.0,1803.0,1819.0,785.0,779.0,778.0
7755.0,1806.0,1789.0,1838.0,776.0,772.0,774.0
7731.0,1806.0,1781.0,1820.0,778.0,768.0,778.0
7676.0,1788.0,1782.0,1794.0,774.0,766.0,772.0
7681.0,1786.0,1805.0,1794.0,769.0,762.0,765.0
7706.0,1814.0,1802.0,1795.0,764.0,765.0,766.0
7641.0,1787.0,1797.0,1786.0,765.0,755.0,751.0
7619.0,1775.0,1779.0,1792.0,760.0,760.0,753.0
7634.0,1798.0,1775.0,1781.0,759.0,765.0,756.0
7627.0,1780.0,1777.0,1768.0,768.0,769.0,765.0
7659.0,1787.0,1766.0,1794.0,778.0,780.0,754.0
7758.0,1816.0,1809.0,1811.0,773.0,780.0,769.0
7773.0,1810.0,1819.0,1813.0,784.0,773.0,774.0
7776.0,1804.0,1814.0,1832.0,774.0,778.0,774.0
7808.0,1821.0,1817.0,1821.0,789.0,780.0,780.0
7788.0,1800.0,1830.0,1819.0,783.0,778.0,778.0
7747.0,1806.0,1806.0,1812.0,775.0,773.0,775.0
7712.0,1794.0,1802.0,1797.0,777.0,771.0,771.0
7645.0,1796.0,1770.0,1775.0,768.0,767.0,769.0
7644.0,1778.0,1790.0,1779.0,769.0,759.0,769.0
7637.0,1777.0,1775.0,1788.0,761.0,759.0,777.0
7650.0,1801.0,1766.0,1784.0,763.0,765.0,771.0
7720.0,1796.0,1806.0,1803.0,770.0,767.0,778.0
7747.0,1809.0,1823.0,1806.0,773.0,771.0,765.0
7789.0,1822.0,1819.0,1814.0,779.0,776.0,779.0
7866.0,1827.0,1845.0,1835.0,780.0,795.0,784.0
7840.0,1823.0,1836.0,1833.0,786.0,785.0,777.0
7814.0,1816.0,1826.0,1829.0,786.0,777.0,780.0
7744.0,1812.0,1807.0,1801.0,776.0,778.0,770.0
7738.0,1802.0,1808.0,1803.0,778.0,776.0,771.0
7701.0,1809.0,1800.0,1773.0,774.0,778.0,767.0
7746.0,1828.0,1805.0,1797.0,772.0,770.0,774.0
7699.0,1797.0,1795.0,1802.0,759.0,769.0,777.0
7682.0,1777.0,1796.0,1809.0,769.0,768.0,763.0
7716.0,1804.0,1805.0,1801.0,768.0,770.0,768.0
7722.0,1784.0,1811.0,1808.0,770.0,772.0,777.0
7740.0,1800.0,1801.0,1814.0,774.0,772.0,779.0
7820.0,1842.0,1802.0,1836.0,775.0,779.0,786.0
7860.0,1840.0,1831.0,1838.0,781.0,778.0,792.0
7829.0,1823.0,1819.0,1834.0,789.0,782.0,782.0
7865.0,1825.0,1848.0,1838.0,786.0,779.0,789.0
7831.0,1828.0,1829.0,1823.0,778.0,786.0,787.0
7783.0,1803.0,1819.0,1811.0,782.0,785.0,783.0
7722.0,1813.0,1806.0,1780.0,778.0,775.0,770.0
7762.0,1832.0,1805.0,1810.0,775.0,775.0,765.0
7701.0,1802.0,1792.0,1799.0,773.0,768.0,767.0
7679.0,1780.0,1782.0,1804.0,772.0,773.0,768.0
7687.0,1787.0,1799.0,1796.0,764.0,775.0,766.0
7708.0,1794.0,1801.0,1810.0,765.0,775.0,763.0
7771.0,1812.0,1820.0,1819.0,774.0,775.0,771.0
7878.0,1849.0,1839.0,1829.0,784.0,787.0,790.0
7865.0,1843.0,1853.0,1822.0,775.0,785.0,787.0
7841.0,1837.0,1852.0,1815.0,781.0,776.0,780.0
7844.0,1833.0,1836.0,1824.0,791.0,779.0,781.0
7839.0,1823.0,1828.0,1833.0,792.0,776.0,787.0
7803.0,1801.0,1828.0,1830.0,785.0,772.0,787.0
7779.0,1827.0,1795.0,1811.0,791.0,774.0,781.0
7792.0,1824.0,1815.0,1823.0,777.0,770.0,783.0
7761.0,1814.0,1814.0,1804.0,778.0,767.0,784.0
7750.0,1808.0,1804.0,1807.0,778.0,774.0,779.0
7752.0,1810.0,1803.0,1815.0,771.0,775.0,778.0
7787.0,1820.0,1825.0,1814.0,777.0,778.0,773.0
7803.0,1810.0,1824.0,1826.0,780.0,782.0,781.0
7824.0,1829.0,1830.0,1821.0,778.0,787.0,779.0
7829.0,1839.0,1813.0,1819.0,785.0,789.0,784.0
7877.0,1841.0,1843.0,1827.0,787.0,794.0,785.0
7886.0,1838.0,1850.0,1832.0,784.0,789.0,793.0
7816.0,1811.0,1828.0,1822.0,787.0,786.0,782.0
7849.0,1834.0,1829.0,1831.0,783.0,790.0,782.0
7815.0,1811.0,1845.0,1837.0,778.0,771.0,773.0
7794.0,1815.0,1830.0,1815.0,777.0,778.0,779.0
7757.0,1804.0,1814.0,1815.0,776.0,771.0,777.0
7765.0,1807.0,1820.0,1810.0,780.0,777.0,771.0
7776.0,1810.0,1805.0,1827.0,776.0,777.0,781.0
7776.0,1795.0,1807.0,1832.0,776.0,781.0,785.0
7862.0,1844.0,1838.0,1817.0,788.0,792.0,783.0
7893.0,1838.0,1836.0,1850.0,783.0,791.0,795.0
7928.0,1872.0,1855.0,1830.0,792.0,784.0,795.0
7893.0,1835.0,1850.0,1825.0,788.0,801.0,794.0
7870.0,1844.0,1833.0,1821.0,787.0,790.0,795.0
7905.0,1840.0,1856.0,1837.0,788.0,794.0,790.0
7871.0,1827.0,1840.0,1834.0,793.0,790.0,787.0
7795.0,1816.0,1809.0,1824.0,782.0,786.0,778.0
7821.0,1826.0,1832.0,1830.0,775.0,782.0,776.0
7836.0,1836.0,1827.0,1843.0,779.0,774.0,777.0
7788.0,1820.0,1808.0,1823.0,785.0,777.0,775.0
7784.0,1817.0,1821.0,1821.0,784.0,769.0,772.0
7854.0,1833.0,1842.0,1825.0,788.0,786.0,780.0
7848.0,1838.0,1846.0,1817.0,782.0,783.0,782.0
7861.0,1849.0,1840.0,1824.0,786.0,778.0,784.0
7927.0,1867.0,1851.0,1837.0,786.0,789.0,797.0
7922.0,1860.0,1847.0,1837.0,791.0,791.0,796.0
7916.0,1857.0,1820.0,1865.0,791.0,793.0,790.0
7921.0,1843.0,1840.0,1857.0,795.0,792.0,794.0
7908.0,1844.0,1843.0,1854.0,790.0,793.0,784.0
7872.0,1846.0,1828.0,1843.0,787.0,783.0,785.0
7835.0,1836.0,1833.0,1814.0,784.0,785.0,783.0
7823.0,1818.0,1838.0,1822.0,775.0,783.0,787.0
7810.0,1820.0,1820.0,1809.0,785.0,784.0,792.0
7785.0,1817.0,1807.0,1806.0,787.0,780.0,788.0
7850.0,1835.0,1812.0,1838.0,790.0,789.0,786.0
7889.0,1848.0,1831.0,1832.0,794.0,793.0,791.0
7922.0,1853.0,1854.0,1842.0,791.0,793.0,789.0
7966.0,1867.0,1868.0,1851.0,800.0,789.0,791.0
7960.0,1858.0,1849.0,1872.0,794.0,794.0,793.0
7938.0,1847.0,1859.0,1853.0,793.0,789.0,797.0
7961.0,1857.0,1865.0,1866.0,798.0,787.0,788.0
7902.0,1831.0,1855.0,1856.0,787.0,793.0,780.0
7894.0,1856.0,1836.0,1848.0,784.0,780.0,790.0
7861.0,1840.0,1831.0,1838.0,784.0,787.0,781.0
7821.0,1838.0,1808.0,1825.0,781.0,786.0,783.0
7807.0,1820.0,1805.0,1827.0,789.0,781.0,785.0
7836.0,1819.0,1822.0,1835.0,786.0,790.0,784.0
7867.0,1825.0,1843.0,1834.0,789.0,787.0,789.0
7927.0,1855.0,1857.0,1844.0,791.0,795.0,785.0
7973.0,1849.0,1859.0,1865.0,799.0,798.0,803.0
7992.0,1871.0,1860.0,1860.0,802.0,799.0,800.0
8006.0,1862.0,1871.0,1874.0,803.0,797.0,799.0
7969.0,1851.0,1850.0,1896.0,794.0,784.0,794.0
7989.0,1868.0,1845.0,1880.0,800.0,801.0,795.0
7939.0,1843.0,1854.0,1874.0,786.0,792.0,790.0
7893.0,1840.0,1835.0,1847.0,786.0,791.0,794.0
7869.0,1836.0,1827.0,1844.0,788.0,787.0,787.0
7844.0,1824.0,1846.0,1820.0,786.0,786.0,782.0
7853.0,1830.0,1856.0,1823.0,785.0,785.0,774.0
7853.0,1823.0,1842.0,1828.0,794.0,783.0,783.0
7911.0,1844.0,1851.0,1840.0,794.0,790.0,792.0
7926.0,1855.0,1850.0,1841.0,802.0,788.0,790.0
8013.0,1862.0,1870.0,1883.0,798.0,800.0,800.0
8035.0,1892.0,1845.0,1882.0,807.0,805.0,804.0
8033.0,1886.0,1866.0,1869.0,812.0,806.0,794.0
8043.0,1864.0,1879.0,1884.0,799.0,817.0,800.0
8024.0,1863.0,1874.0,1878.0,800.0,805.0,804.0
8015.0,1870.0,1876.0,1870.0,795.0,799.0,805.0
7935.0,1857.0,1856.0,1843.0,786.0,796.0,797.0
7934.0,1851.0,1852.0,1845.0,789.0,793.0,804.0
7862.0,1846.0,1838.0,1825.0,783.0,786.0,784.0
7875.0,1842.0,1840.0,1835.0,782.0,785.0,791.0
7911.0,1839.0,1842.0,1851.0,793.0,790.0,796.0
7931.0,1854.0,1849.0,1854.0,797.0,787.0,790.0
7982.0,1861.0,1865.0,1866.0,794.0,794.0,802.0
8008.0,1860.0,1884.0,1866.0,803.0,798.0,797.0
8035.0,1874.0,1879.0,1889.0,800.0,797.0,796.0
8053.0,1873.0,1880.0,1882.0,809.0,809.0,800.0
8081.0,1875.0,1891.0,1891.0,807.0,809.0,808.0
7988.0,1859.0,1859.0,1867.0,804.0,807.0,792.0
8006.0,1867.0,1864.0,1867.0,806.0,804.0,798.0
7960.0,1856.0,1868.0,1852.0,788.0,798.0,798.0
7907.0,1852.0,1848.0,1833.0,783.0,795.0,796.0
7895.0,1860.0,1850.0,1823.0,783.0,793.0,786.0
7940.0,1847.0,1872.0,1854.0,785.0,793.0,789.0
7910.0,1839.0,1854.0,1836.0,788.0,798.0,795.0
7951.0,1832.0,1864.0,1872.0,793.0,790.0,800.0
7997.0,1853.0,1877.0,1861.0,798.0,801.0,807.0
8051.0,1870.0,1876.0,1899.0,809.0,795.0,802.0
8064.0,1889.0,1876.0,1884.0,802.0,809.0,804.0
8046.0,1879.0,1857.0,1881.0,810.0,803.0,816.0
8069.0,1887.0,1873.0,1888.0,802.0,808.0,811.0
8038.0,1875.0,1881.0,1865.0,802.0,808.0,807.0
8019.0,1866.0,1880.0,1856.0,807.0,798.0,812.0
7978.0,1860.0,1869.0,1853.0,802.0,799.0,795.0
7949.0,1858.0,1866.0,1849.0,792.0,794.0,790.0
7960.0,1860.0,1850.0,1861.0,790.0,806.0,793.0
7946.0,1852.0,1870.0,1853.0,787.0,794.0,790.0
7934.0,1845.0,1850.0,1863.0,791.0,792.0,793.0
8004.0,1868.0,1851.0,1882.0,798.0,807.0,798.0
8003.0,1868.0,1858.0,1881.0,799.0,804.0,793.0
8035.0,1884.0,1882.0,1851.0,808.0,808.0,802.0
8089.0,1898.0,1896.0,1870.0,814.0,806.0,805.0
8107.0,1894.0,1902.0,1875.0,812.0,810.0,814.0
8115.0,1894.0,1906.0,1879.0,817.0,809.0,810.0
8051.0,1874.0,1868.0,1874.0,813.0,808.0,814.0
8038.0,1865.0,1876.0,1877.0,802.0,806.0,812.0
8046.0,1881.0,1874.0,1876.0,804.0,803.0,808.0
7998.0,1873.0,1865.0,1866.0,799.0,798.0,797.0
7980.0,1870.0,1853.0,1857.0,802.0,794.0,804.0
7979.0,1864.0,1852.0,1877.0,792.0,795.0,799.0
7985.0,1859.0,1860.0,1875.0,791.0,800.0,800.0
8018.0,1850.0,1888.0,1888.0,795.0,803.0,794.0
8062.0,1880.0,1886.0,1877.0,800.0,810.0,809.0
8102.0,1889.0,1887.0,1888.0,817.0,816.0,805.0
8054.0,1894.0,1865.0,1871.0,807.0,811.0,806.0
8100.0,1898.0,1875.0,1884.0,818.0,814.0,811.0
8094.0,1904.0,1882.0,1880.0,811.0,811.0,806.0
8116.0,1902.0,1882.0,1896.0,815.0,813.0,808.0
8072.0,1876.0,1888.0,1877.0,820.0,811.0,800.0
8078.0,1882.0,1885.0,1883.0,817.0,805.0,806.0
8023.0,1870.0,1884.0,1877.0,797.0,795.0,800.0
8017.0,1865.0,1877.0,1881.0,799.0,795.0,800.0
8016.0,1862.0,1871.0,1873.0,802.0,802.0,806.0
7984.0,1845.0,1867.0,1864.0,799.0,800.0,809.0
8023.0,1871.0,1879.0,1878.0,799.0,795.0,801.0
8064.0,1873.0,1879.0,1889.0,800.0,806.0,817.0
8096.0,1899.0,1871.0,1890.0,808.0,815.0,813.0
8146.0,1904.0,1900.0,1884.0,812.0,821.0,825.0
8202.0,1912.0,1910.0,1918.0,821.0,820.0,821.0
8164.0,1902.0,1914.0,1898.0,816.0,818.0,816.0
8107.0,1892.0,1889.0,1878.0,816.0,816.0,816.0
8103.0,1884.0,1892.0,1902.0,810.0,810.0,805.0
8072.0,1873.0,1888.0,1879.0,816.0,808.0,808.0
8039.0,1873.0,1861.0,1887.0,804.0,806.0,808.0
8020.0,1880.0,1857.0,1870.0,807.0,806.0,800.0
8035.0,1866.0,1861.0,1900.0,801.0,802.0,805.0
8043.0,1864.0,1879.0,1889.0,800.0,810.0,801.0
8046.0,1877.0,1874.0,1882.0,807.0,805.0,801.0
8096.0,1908.0,1889.0,1882.0,801.0,808.0,808.0
8113.0,1899.0,1896.0,1887.0,807.0,809.0,815.0
8190.0,1917.0,1930.0,1907.0,815.0,805.0,816.0
8174.0,1907.0,1916.0,1900.0,818.0,818.0,815.0
8153.0,1889.0,1900.0,1918.0,813.0,817.0,816.0
8144.0,1890.0,1896.0,1914.0,814.0,807.0,823.0
8150.0,1889.0,1909.0,1912.0,811.0,818.0,811.0
8100.0,1886.0,1884.0,1889.0,819.0,807.0,815.0
8103.0,1895.0,1900.0,1875.0,809.0,808.0,816.0
8062.0,1880.0,1878.0,1882.0,806.0,810.0,806.0
8049.0,1859.0,1878.0,1887.0,807.0,805.0,813.0
8080.0,1874.0,1881.0,1899.0,806.0,811.0,809.0
8085.0,1882.0,1889.0,1876.0,814.0,816.0,808.0
8110.0,1886.0,1899.0,1885.0,814.0,816.0,810.0
8145.0,1904.0,1893.0,1902.0,817.0,817.0,812.0
8205.0,1915.0,1913.0,1924.0,816.0,825.0,812.0
8221.0,1924.0,1922.0,1913.0,819.0,820.0,823.0
8233.0,1905.0,1933.0,1928.0,819.0,819.0,829.0
8197.0,1909.0,1913.0,1926.0,814.0,825.0,810.0
8134.0,1890.0,1900.0,1902.0,820.0,808.0,814.0
8132.0,1905.0,1903.0,1889.0,812.0,809.0,814.0
8098.0,1894.0,1883.0,1902.0,814.0,811.0,794.0
8072.0,1887.0,1882.0,1880.0,808.0,805.0,810.0
8056.0,1886.0,1865.0,1896.0,805.0,795.0,809.0
8042.0,1884.0,1883.0,1853.0,811.0,807.0,804.0
8126.0,1892.0,1899.0,1893.0,810.0,817.0,815.0
8182.0,1901.0,1911.0,1903.0,825.0,823.0,819.0
8235.0,1931.0,1929.0,1907.0,813.0,826.0,829.0
8282.0,1938.0,1933.0,1938.0,820.0,825.0,828.0
8255.0,1919.0,1926.0,1938.0,818.0,829.0,825.0
8241.0,1916.0,1907.0,1954.0,811.0,824.0,829.0
8173.0,1891.0,1903.0,1920.0,817.0,824.0,818.0
8155.0,1895.0,1900.0,1923.0,812.0,815.0,810.0
8145.0,1911.0,1897.0,1907.0,815.0,809.0,806.0
8096.0,1896.0,1875.0,1893.0,810.0,812.0,810.0
8127.0,1899.0,1907.0,1885.0,820.0,814.0,802.0
8087.0,1889.0,1899.0,1875.0,815.0,810.0,799.0
8116.0,1899.0,1912.0,1883.0,811.0,805.0,806.0
8122.0,1896.0,1902.0,1888.0,814.0,813.0,809.0
8156.0,1888.0,1919.0,1902.0,820.0,811.0,816.0
8203.0,1919.0,1904.0,1923.0,815.0,820.0,822.0
8282.0,1935.0,1933.0,1941.0,826.0,826.0,821.0
8274.0,1938.0,1916.0,1943.0,823.0,829.0,825.0
8270.0,1924.0,1934.0,1934.0,823.0,825.0,830.0
8239.0,1927.0,1923.0,1923.0,815.0,829.0,822.0
8228.0,1913.0,1927.0,1920.0,817.0,824.0,827.0
8206.0,1894.0,1926.0,1921.0,824.0,827.0,814.0
8153.0,1903.0,1914.0,1883.0,820.0,813.0,820.0
8137.0,1906.0,1903.0,1878.0,819.0,807.0,824.0
8090.0,1888.0,1888.0,1879.0,814.0,806.0,815.0
8153.0,1893.0,1897.0,1910.0,821.0,817.0,815.0
8150.0,1900.0,1902.0,1900.0,822.0,809.0,817.0
8183.0,1927.0,1898.0,1910.0,818.0,816.0,814.0
8253.0,1921.0,1919.0,1946.0,825.0,818.0,824.0
8239.0,1928.0,1924.0,1927.0,817.0,821.0,822.0
8291.0,1922.0,1942.0,1942.0,829.0,829.0,827.0
8280.0,1922.0,1936.0,1944.0,829.0,825.0,824.0
8222.0,1919.0,1918.0,1922.0,827.0,819.0,817.0
8204.0,1917.0,1910.0,1908.0,823.0,827.0,819.0
8178.0,1909.0,1912.0,1906.0,819.0,817.0,815.0
8127.0,1905.0,1890.0,1892.0,810.0,816.0,814.0
8146.0,1906.0,1899.0,1886.0,818.0,823.0,814.0
8126.0,1904.0,1878.0,1889.0,818.0,822.0,815.0
8193.0,1910.0,1919.0,1904.0,824.0,818.0,818.0
8207.0,1913.0,1912.0,1911.0,825.0,826.0,820.0
8251.0,1924.0,1937.0,1927.0,823.0,823.0,817.0
8273.0,1937.0,1924.0,1937.0,830.0,815.0,830.0
8329.0,1937.0,1943.0,1954.0,833.0,828.0,834.0
8312.0,1946.0,1932.0,1935.0,833.0,827.0,839.0
8284.0,1944.0,1920.0,1931.0,833.0,822.0,834.0
8270.0,1926.0,1935.0,1923.0,830.0,824.0,832.0
8251.0,1932.0,1934.0,1914.0,821.0,825.0,825.0
8208.0,1922.0,1917.0,1898.0,822.0,825.0,824.0
8224.0,1925.0,1923.0,1912.0,815.0,828.0,821.0
8178.0,1905.0,1906.0,1919.0,815.0,820.0,813.0
8176.0,1894.0,1907.0,1923.0,815.0,825.0,812.0
8200.0,1897.0,1913.0,1925.0,819.0,826.0,820.0
8192.0,1892.0,1923.0,1924.0,818.0,826.0,809.0
8231.0,1931.0,1895.0,1929.0,826.0,830.0,820.0
8289.0,1965.0,1914.0,1922.0,833.0,830.0,825.0
8314.0,1949.0,1923.0,1940.0,844.0,836.0,822.0
8312.0,1938.0,1927.0,1948.0,840.0,833.0,826.0
8338.0,1941.0,1959.0,1934.0,834.0,830.0,840.0
8307.0,1944.0,1941.0,1925.0,832.0,834.0,831.0
8268.0,1931.0,1931.0,1915.0,832.0,825.0,834.0
8270.0,1941.0,1928.0,1923.0,829.0,820.0,829.0
8234.0,1926.0,1916.0,1910.0,825.0,825.0,832.0
8203.0,1918.0,1907.0,1924.0,818.0,812.0,824.0
8166.0,1895.0,1918.0,1906.0,812.0,814.0,821.0
8206.0,1911.0,1906.0,1923.0,823.0,818.0,825.0
8234.0,1907.0,1923.0,1929.0,820.0,831.0,824.0
8296.0,1924.0,1935.0,1950.0,836.0,826.0,825.0
8356.0,1936.0,1961.0,1963.0,836.0,833.0,827.0
8359.0,1960.0,1950.0,1935.0,836.0,837.0,841.0
8361.0,1973.0,1946.0,1940.0,837.0,836.0,829.0
8345.0,1938.0,1946.0,1943.0,841.0,843.0,834.0
8328.0,1937.0,1941.0,1943.0,839.0,839.0,829.0
8303.0,1930.0,1937.0,1936.0,836.0,840.0,824.0
8270.0,1940.0,1937.0,1923.0,822.0,828.0,820.0
8281.0,1943.0,1926.0,1938.0,824.0,829.0,821.0
8230.0,1925.0,1923.0,1924.0,824.0,820.0,814.0
8201.0,1912.0,1921.0,1919.0,814.0,816.0,819.0
8213.0,1899.0,1927.0,1923.0,819.0,817.0,828.0
8301.0,1928.0,1951.0,1943.0,824.0,819.0,836.0
8299.0,1937.0,1932.0,1932.0,831.0,830.0,837.0
8311.0,1937.0,1931.0,1929.0,834.0,831.0,849.0
8362.0,1951.0,1956.0,1947.0,837.0,830.0,841.0
8363.0,1950.0,1951.0,1937.0,847.0,838.0,840.0
8361.0,1947.0,1936.0,1957.0,842.0,839.0,840.0
8362.0,1934.0,1955.0,1949.0,847.0,839.0,838.0
8374.0,1952.0,1956.0,1962.0,841.0,836.0,827.0
8364.0,1933.0,1956.0,1966.0,835.0,844.0,830.0
8305.0,1935.0,1946.0,1937.0,828.0,835.0,824.0
8240.0,1922.0,1927.0,1920.0,827.0,819.0,825.0
8274.0,1928.0,1928.0,1934.0,827.0,831.0,826.0
8236.0,1916.0,1915.0,1932.0,825.0,827.0,821.0
8268.0,1929.0,1924.0,1929.0,829.0,831.0,826.0
8308.0,1949.0,1944.0,1926.0,829.0,826.0,834.0
8352.0,1960.0,1959.0,1940.0,837.0,827.0,829.0
8401.0,1963.0,1967.0,1953.0,848.0,834.0,836.0
8415.0,1974.0,1971.0,1946.0,849.0,835.0,840.0
8411.0,1956.0,1963.0,1963.0,844.0,843.0,842.0
8363.0,1945.0,1953.0,1950.0,842.0,836.0,837.0
8377.0,1945.0,1939.0,1971.0,841.0,838.0,843.0
8355.0,1949.0,1941.0,1954.0,835.0,835.0,841.0
8318.0,1939.0,1929.0,1952.0,832.0,834.0,832.0
8327.0,1952.0,1930.0,1950.0,829.0,831.0,835.0
8269.0,1930.0,1935.0,1926.0,826.0,826.0,826.0
8314.0,1930.0,1955.0,1932.0,828.0,831.0,838.0
8343.0,1930.0,1960.0,1948.0,833.0,836.0,836.0
8354.0,1949.0,1960.0,1938.0,831.0,836.0,840.0
8412.0,1972.0,1956.0,1971.0,838.0,833.0,842.0
8387.0,1955.0,1940.0,1974.0,838.0,840.0,840.0
8437.0,1969.0,1963.0,1983.0,840.0,845.0,837.0
8413.0,1957.0,1955.0,1969.0,844.0,842.0,846.0
8391.0,1945.0,1963.0,1962.0,845.0,839.0,837.0
8409.0,1956.0,1959.0,1981.0,844.0,837.0,832.0
8346.0,1944.0,1953.0,1947.0,835.0,833.0,834.0
8339.0,1942.0,1947.0,1949.0,841.0,825.0,835.0
8320.0,1954.0,1937.0,1935.0,833.0,827.0,834.0
8311.0,1920.0,1946.0,1940.0,834.0,834.0,837.0
8310.0,1941.0,1934.0,1938.0,829.0,831.0,837.0
8332.0,1948.0,1938.0,1940.0,832.0,836.0,838.0
8361.0,1938.0,1954.0,1957.0,830.0,838.0,844.0
8429.0,1969.0,1967.0,1966.0,838.0,850.0,839.0
8481.0,1984.0,1977.0,1973.0,841.0,855.0,851.0
8506.0,1986.0,1977.0,1997.0,845.0,847.0,854.0
8485.0,1964.0,1987.0,1983.0,847.0,856.0,848.0
8464.0,1960.0,1980.0,1978.0,853.0,850.0,843.0
8437.0,1969.0,1962.0,1970.0,848.0,846.0,842.0
8382.0,1951.0,1959.0,1960.0,838.0,831.0,843.0
8339.0,1962.0,1929.0,1951.0,837.0,836.0,824.0
8331.0,1956.0,1940.0,1939.0,833.0,832.0,831.0
8278.0,1929.0,1916.0,1932.0,843.0,828.0,830.0
8329.0,1940.0,1954.0,1940.0,830.0,838.0,827.0
8387.0,1948.0,1970.0,1964.0,838.0,835.0,832.0
8388.0,1949.0,1957.0,1974.0,831.0,843.0,834.0
8440.0,1981.0,1969.0,1967.0,832.0,848.0,843.0
8469.0,1982.0,1970.0,1972.0,845.0,851.0,849.0
8454.0,1974.0,1961.0,1981.0,841.0,845.0,852.0
8491.0,1972.0,1979.0,1999.0,842.0,854.0,845.0
8450.0,1956.0,1983.0,1972.0,844.0,846.0,849.0
8433.0,1971.0,1964.0,1959.0,845.0,844.0,850.0
8400.0,1968.0,1969.0,1945.0,841.0,833.0,844.0
8415.0,1973.0,1958.0,1956.0,841.0,842.0,845.0
8311.0,1954.0,1930.0,1934.0,832.0,828.0,833.0
8366.0,1951.0,1950.0,1954.0,838.0,839.0,834.0
8365.0,1940.0,1954.0,1947.0,841.0,842.0,841.0
8378.0,1959.0,1947.0,1949.0,843.0,833.0,847.0
8415.0,1964.0,1960.0,1968.0,838.0,848.0,837.0
8491.0,1989.0,1976.0,1987.0,848.0,848.0,843.0
8474.0,1987.0,1971.0,1982.0,846.0,842.0,846.0
8505.0,1984.0,1997.0,1998.0,842.0,844.0,840.0
8502.0,1983.0,1991.0,1987.0,844.0,851.0,846.0
8484.0,1985.0,1989.0,1973.0,846.0,844.0,847.0
8490.0,1978.0,1991.0,1978.0,842.0,851.0,850.0
8412.0,1966.0,1967.0,1950.0,839.0,847.0,843.0
8381.0,1956.0,1944.0,1959.0,838.0,841.0,843.0
8370.0,1945.0,1945.0,1961.0,842.0,840.0,837.0
8390.0,1955.0,1947.0,1975.0,840.0,841.0,832.0
8415.0,1954.0,1958.0,1975.0,841.0,847.0,840.0
8434.0,1943.0,1964.0,1974.0,850.0,853.0,850.0
8486.0,1973.0,1987.0,1990.0,845.0,844.0,847.0
8558.0,2002.0,2011.0,1984.0,854.0,846.0,861.0
8536.0,1999.0,1977.0,1994.0,852.0,854.0,860.0
8544.0,1994.0,2001.0,1990.0,854.0,850.0,855.0
8507.0,1975.0,2001.0,1980.0,851.0,843.0,857.0
8514.0,1984.0,1987.0,1989.0,850.0,849.0,855.0
8468.0,1970.0,1977.0,1982.0,849.0,842.0,848.0
8427.0,1971.0,1961.0,1962.0,851.0,838.0,844.0
8438.0,1988.0,1967.0,1965.0,843.0,837.0,838.0
8392.0,1957.0,1976.0,1949.0,841.0,840.0,829.0
8399.0,1961.0,1963.0,1957.0,843.0,838.0,837.0
8455.0,1956.0,1973.0,1992.0,852.0,840.0,842.0
8498.0,1971.0,1984.0,1992.0,852.0,848.0,851.0
8491.0,1993.0,1974.0,1974.0,852.0,858.0,840.0
8546.0,1999.0,1984.0,2001.0,849.0,859.0,854.0
8558.0,2009.0,1985.0,1993.0,863.0,858.0,850.0
8564.0,2001.0,1990.0,1995.0,860.0,863.0,855.0
8564.0,1979.0,2019.0,1984.0,853.0,865.0,864.0
8560.0,1995.0,2012.0,1991.0,855.0,849.0,858.0
8546.0,1992.0,2007.0,1989.0,849.0,853.0,856.0
8482.0,1996.0,1986.0,1959.0,842.0,850.0,849.0
8443.0,1972.0,1973.0,1975.0,842.0,834.0,847.0
8440.0,1973.0,1970.0,1964.0,846.0,841.0,846.0
8468.0,1982.0,1965.0,1997.0,842.0,840.0,842.0
8471.0,1981.0,1952.0,1995.0,851.0,843.0,849.0
8467.0,1971.0,1973.0,1986.0,855.0,840.0,842.0
8498.0,1987.0,1985.0,1973.0,856.0,846.0,851.0
8539.0,1994.0,1989.0,1997.0,857.0,857.0,845.0
8587.0,2008.0,2011.0,2003.0,863.0,847.0,855.0
8582.0,1999.0,2014.0,1988.0,862.0,865.0,854.0
8584.0,2007.0,2001.0,1993.0,863.0,865.0,855.0
8531.0,1987.0,1988.0,1991.0,856.0,857.0,852.0
8539.0,1987.0,2000.0,1988.0,850.0,863.0,851.0
8512.0,1999.0,1976.0,1986.0,850.0,853.0,848.0
8477.0,1985.0,1972.0,1990.0,845.0,846.0,839.0
8485.0,1992.0,1973.0,1992.0,841.0,838.0,849.0
8472.0,1971.0,1973.0,1987.0,846.0,847.0,848.0
8494.0,1976.0,1995.0,1985.0,847.0,837.0,854.0
8497.0,1967.0,1998.0,1985.0,848.0,845.0,854.0
8531.0,1993.0,1988.0,1985.0,858.0,849.0,858.0
8551.0,1996.0,1997.0,1975.0,866.0,862.0,855.0
8599.0,2010.0,1996.0,2011.0,865.0,858.0,859.0
8608.0,2008.0,1998.0,1999.0,865.0,862.0,876.0
8652.0,2024.0,2013.0,2018.0,867.0,868.0,862.0
8605.0,1990.0,2002.0,2018.0,866.0,862.0,867.0
8594.0,2014.0,2003.0,2008.0,854.0,859.0,856.0
8551.0,2002.0,2003.0,1991.0,849.0,855.0,851.0
8533.0,1998.0,1990.0,1995.0,849.0,847.0,854.0
8496.0,1982.0,1989.0,1989.0,839.0,851.0,846.0
8469.0,1981.0,1980.0,1971.0,843.0,854.0,840.0
8483.0,1991.0,1978.0,1971.0,842.0,854.0,847.0
8550.0,1995.0,1999.0,1997.0,851.0,853.0,855.0
8558.0,2003.0,1993.0,1995.0,861.0,855.0,851.0
8571.0,2013.0,2007.0,1991.0,855.0,851.0,854.0
8646.0,2029.0,2031.0,2000.0,862.0,866.0,858.0
8639.0,2019.0,2010.0,2018.0,869.0,860.0,863.0
8653.0,2011.0,2017.0,2013.0,872.0,865.0,875.0
8642.0,2012.0,2015.0,2023.0,861.0,865.0,866.0
8615.0,1999.0,2007.0,2024.0,863.0,863.0,859.0
8593.0,2011.0,1999.0,2009.0,852.0,862.0,860.0
8571.0,2022.0,1976.0,2004.0,854.0,856.0,859.0
8526.0,2000.0,1981.0,1992.0,851.0,847.0,855.0
8508.0,1980.0,1981.0,1991.0,846.0,856.0,854.0
8529.0,1982.0,1988.0,1995.0,847.0,863.0,854.0
8535.0,2000.0,2003.0,1971.0,853.0,854.0,854.0
8600.0,1997.0,2013.0,2007.0,856.0,863.0,864.0
8639.0,2035.0,2006.0,2009.0,866.0,864.0,859.0
8669.0,2027.0,2024.0,2019.0,861.0,870.0,868.0
8665.0,2028.0,1996.0,2024.0,873.0,870.0,874.0
8657.0,2019.0,2013.0,2035.0,870.0,863.0,857.0
8670.0,2039.0,2019.0,2016.0,871.0,868.0,857.0
8616.0,2006.0,2011.0,2013.0,863.0,862.0,861.0
8572.0,1999.0,1999.0,2013.0,858.0,852.0,851.0
8551.0,2003.0,1993.0,1997.0,858.0,847.0,853.0
8543.0,2001.0,1993.0,1998.0,850.0,848.0,853.0
8526.0,2005.0,1992.0,1979.0,849.0,846.0,855.0
8506.0,1975.0,1977.0,1990.0,851.0,854.0,859.0
8557.0,1991.0,1998.0,2004.0,857.0,853.0,854.0
8603.0,2010.0,2009.0,2001.0,862.0,860.0,861.0
8649.0,2025.0,2008.0,2015.0,857.0,870.0,874.0
8755.0,2049.0,2026.0,2050.0,875.0,875.0,880.0
8723.0,2038.0,2039.0,2025.0,870.0,876.0,875.0
8750.0,2036.0,2048.0,2053.0,870.0,878.0,865.0
8714.0,2016.0,2027.0,2051.0,871.0,871.0,878.0
8668.0,2004.0,2032.0,2033.0,867.0,869.0,863.0
8635.0,2013.0,2011.0,2015.0,868.0,867.0,861.0
8565.0,2003.0,1996.0,1994.0,866.0,860.0,846.0
8572.0,2006.0,2008.0,1999.0,858.0,852.0,849.0
8558.0,2009.0,1993.0,1992.0,860.0,857.0,847.0
8508.0,1971.0,1976.0,1990.0,856.0,863.0,852.0
8631.0,2008.0,2019.0,2016.0,868.0,859.0,861.0
8669.0,2033.0,2019.0,2036.0,858.0,861.0,862.0
8692.0,2019.0,2031.0,2045.0,869.0,864.0,864.0
8716.0,2041.0,2026.0,2052.0,867.0,867.0,863.0
8735.0,2029.0,2039.0,2048.0,873.0,872.0,874.0
8716.0,2020.0,2041.0,2039.0,878.0,869.0,869.0
8707.0,2021.0,2030.0,2041.0,872.0,876.0,867.0
8685.0,2038.0,2017.0,2016.0,870.0,871.0,873.0
8662.0,2036.0,2012.0,2013.0,867.0,867.0,867.0
8627.0,2018.0,2020.0,2005.0,862.0,857.0,865.0
8617.0,2022.0,2022.0,1990.0,861.0,859.0,863.0
8607.0,1978.0,2029.0,2010.0,857.0,867.0,866.0
8602.0,1995.0,2011.0,2011.0,856.0,865.0,864.0
8623.0,2001.0,2015.0,2022.0,870.0,853.0,862.0
8675.0,2029.0,2020.0,2028.0,861.0,869.0,868.0
8703.0,2030.0,2023.0,2039.0,869.0,868.0,874.0
8736.0,2040.0,2030.0,2053.0,871.0,863.0,879.0
8756.0,2035.0,2042.0,2051.0,876.0,874.0,878.0
8755.0,2041.0,2056.0,2044.0,868.0,873.0,873.0
8722.0,2031.0,2040.0,2038.0,870.0,870.0,873.0
8702.0,2022.0,2047.0,2028.0,872.0,865.0,868.0
8668.0,2034.0,2023.0,2015.0,871.0,871.0,854.0
8640.0,2022.0,2029.0,2009.0,863.0,855.0,862.0
8624.0,2013.0,2013.0,2012.0,867.0,861.0,858.0
8619.0,2002.0,1994.0,2019.0,867.0,875.0,862.0
8585.0,1983.0,1985.0,2017.0,867.0,863.0,870.0
8645.0,2014.0,2012.0,2022.0,864.0,866.0,867.0
8723.0,2034.0,2040.0,2044.0,863.0,871.0,871.0
8766.0,2051.0,2036.0,2059.0,867.0,876.0,877.0
8802.0,2075.0,2053.0,2051.0,870.0,880.0,873.0
8768.0,2045.0,2050.0,2045.0,878.0,871.0,879.0
8739.0,2030.0,2049.0,2033.0,874.0,873.0,880.0
8750.0,2050.0,2042.0,2043.0,871.0,869.0,875.0
8700.0,2047.0,2026.0,2012.0,865.0,877.0,873.0
8685.0,2024.0,2025.0,2040.0,862.0,869.0,865.0
8676.0,2030.0,2022.0,2021.0,867.0,868.0,868.0
8613.0,2018.0,2012.0,2004.0,858.0,855.0,866.0
8669.0,2017.0,2036.0,2026.0,872.0,859.0,859.0
8655.0,2010.0,2031.0,2020.0,867.0,870.0,857.0
8695.0,2027.0,2026.0,2038.0,868.0,866.0,870.0
8772.0,2046.0,2053.0,2049.0,877.0,874.0,873.0
8819.0,2071.0,2056.0,2062.0,875.0,880.0,875.0
8815.0,2058.0,2051.0,2062.0,882.0,884.0,878.0
8809.0,2061.0,2064.0,2047.0,878.0,878.0,881.0
8771.0,2055.0,2039.0,2039.0,877.0,881.0,880.0
8775.0,2043.0,2059.0,2044.0,873.0,876.0,880.0
8745.0,2054.0,2038.0,2020.0,876.0,878.0,879.0
8741.0,2041.0,2056.0,2024.0,868.0,875.0,877.0
8711.0,2036.0,2040.0,2022.0,867.0,871.0,875.0
8719.0,2047.0,2034.0,2025.0,866.0,871.0,876.0
8674.0,2013.0,2012.0,2039.0,868.0,862.0,880.0
8692.0,2026.0,2015.0,2038.0,874.0,865.0,874.0
8717.0,2019.0,2024.0,2052.0,876.0,875.0,871.0
8754.0,2047.0,2034.0,2061.0,879.0,862.0,871.0
8795.0,2064.0,2050.0,2049.0,875.0,878.0,879.0
8819.0,2073.0,2070.0,2053.0,872.0,877.0,874.0
8861.0,2074.0,2083.0,2047.0,890.0,885.0,882.0
8817.0,2044.0,2077.0,2048.0,884.0,883.0,881.0
8781.0,2033.0,2064.0,2051.0,874.0,883.0,876.0
8760.0,2045.0,2036.0,2052.0,871.0,881.0,875.0
8748.0,2049.0,2034.0,2041.0,870.0,882.0,872.0
8699.0,2040.0,2009.0,2033.0,874.0,873.0,870.0
8718.0,2055.0,2024.0,2031.0,869.0,873.0,866.0
8732.0,2029.0,2045.0,2042.0,871.0,870.0,875.0
8685.0,2007.0,2039.0,2038.0,867.0,867.0,867.0
8756.0,2026.0,2053.0,2051.0,875.0,874.0,877.0
8793.0,2051.0,2057.0,2041.0,881.0,876.0,887.0
8813.0,2061.0,2054.0,2054.0,882.0,875.0,887.0
8858.0,2080.0,2078.0,2046.0,883.0,882.0,889.0
8878.0,2076.0,2070.0,2065.0,891.0,885.0,891.0
8827.0,2068.0,2053.0,2053.0,878.0,884.0,891.0
8807.0,2061.0,2052.0,2051.0,878.0,880.0,885.0
8781.0,2057.0,2047.0,2051.0,879.0,875.0,872.0
8815.0,2049.0,2059.0,2067.0,875.0,883.0,882.0
8771.0,2059.0,2042.0,2049.0,874.0,874.0,873.0
8756.0,2053.0,2042.0,2045.0,871.0,875.0,870.0
8729.0,2025.0,2057.0,2037.0,869.0,874.0,867.0
8718.0,2035.0,2036.0,2032.0,878.0,872.0,865.0
8763.0,2043.0,2046.0,2038.0,879.0,879.0,878.0
8783.0,2065.0,2033.0,2045.0,884.0,880.0,876.0
8846.0,2074.0,2053.0,2050.0,885.0,892.0,892.0
8884.0,2087.0,2067.0,2073.0,892.0,887.0,878.0
8852.0,2055.0,2084.0,2059.0,891.0,884.0,879.0
8875.0,2062.0,2075.0,2081.0,882.0,885.0,890.0
8892.0,2058.0,2088.0,2087.0,888.0,879.0,892.0
8831.0,2050.0,2065.0,2073.0,878.0,879.0,886.0
8780.0,2054.0,2047.0,2055.0,874.0,874.0,876.0
8786.0,2052.0,2048.0,2057.0,868.0,880.0,881.0
8712.0,2035.0,2020.0,2035.0,878.0,869.0,875.0
8737.0,2044.0,2033.0,2035.0,868.0,879.0,878.0
8755.0,2030.0,2038.0,2048.0,876.0,888.0,875.0
8774.0,2040.0,2055.0,2034.0,881.0,882.0,882.0
8837.0,2066.0,2071.0,2049.0,881.0,886.0,884.0
8887.0,2070.0,2080.0,2073.0,893.0,889.0,882.0
8935.0,2096.0,2092.0,2075.0,888.0,895.0,889.0
8908.0,2083.0,2084.0,2063.0,893.0,894.0,891.0
8906.0,2063.0,2066.0,2111.0,896.0,889.0,881.0
8876.0,2052.0,2068.0,2100.0,882.0,892.0,882.0
8864.0,2065.0,2058.0,2080.0,889.0,887.0,885.0
8787.0,2052.0,2042.0,2058.0,877.0,877.0,881.0
8801.0,2052.0,2052.0,2063.0,875.0,879.0,880.0
8780.0,2039.0,2057.0,2065.0,871.0,872.0,876.0
8777.0,2041.0,2039.0,2052.0,884.0,876.0,885.0
8758.0,2036.0,2059.0,2037.0,874.0,873.0,879.0
8814.0,2051.0,2069.0,2050.0,878.0,880.0,886.0
8833.0,2052.0,2061.0,2063.0,880.0,883.0,894.0
8861.0,2074.0,2054.0,2051.0,895.0,889.0,898.0
8916.0,2081.0,2082.0,2079.0,888.0,890.0,896.0
8954.0,2081.0,2084.0,2095.0,895.0,895.0,904.0
8986.0,2091.0,2099.0,2101.0,898.0,896.0,901.0
8941.0,2075.0,2084.0,2087.0,895.0,907.0,893.0
8946.0,2089.0,2096.0,2076.0,895.0,897.0,893.0
8854.0,2074.0,2062.0,2069.0,883.0,887.0,879.0
8832.0,2068.0,2068.0,2049.0,880.0,885.0,882.0
8782.0,2072.0,2037.0,2046.0,877.0,878.0,872.0
8800.0,2062.0,2051.0,2053.0,879.0,879.0,876.0
8775.0,2034.0,2055.0,2056.0,879.0,873.0,878.0
8783.0,2048.0,2053.0,2049.0,878.0,877.0,878.0
8866.0,2068.0,2080.0,2067.0,887.0,883.0,881.0
8922.0,2088.0,2083.0,2089.0,886.0,886.0,890.0
8963.0,2095.0,2089.0,2093.0,900.0,891.0,895.0
8977.0,2079.0,2099.0,2106.0,903.0,896.0,894.0
8960.0,2086.0,2092.0,2095.0,896.0,891.0,900.0
8960.0,2080.0,2100.0,2083.0,898.0,896.0,903.0
8919.0,2066.0,2088.0,2080.0,897.0,895.0,893.0
8855.0,2062.0,2071.0,2049.0,890.0,893.0,890.0
8841.0,2077.0,2051.0,2049.0,892.0,882.0,890.0
8834.0,2062.0,2058.0,2054.0,876.0,891.0,893.0
8818.0,2064.0,2052.0,2057.0,875.0,884.0,886.0
8838.0,2062.0,2059.0,2062.0,878.0,891.0,886.0
8874.0,2063.0,2081.0,2081.0,872.0,892.0,885.0
8909.0,2065.0,2082.0,2091.0,890.0,888.0,893.0
8928.0,2084.0,2062.0,2106.0,887.0,895.0,894.0
8968.0,2087.0,2096.0,2100.0,894.0,898.0,893.0
8968.0,2093.0,2093.0,2095.0,902.0,895.0,890.0
8963.0,2083.0,2100.0,2090.0,902.0,890.0,898.0
8979.0,2098.0,2096.0,2096.0,905.0,892.0,892.0
8911.0,2087.0,2076.0,2071.0,896.0,890.0,891.0
8908.0,2076.0,2091.0,2080.0,888.0,885.0,888.0
8888.0,2069.0,2084.0,2061.0,901.0,887.0,886.0
8878.0,2088.0,2079.0,2052.0,880.0,890.0,889.0
8837.0,2053.0,2063.0,2067.0,880.0,890.0,884.0
8838.0,2042.0,2053.0,2081.0,890.0,885.0,887.0
8861.0,2060.0,2071.0,2066.0,883.0,890.0,891.0
8930.0,2072.0,2084.0,2094.0,886.0,896.0,898.0
9012.0,2107.0,2096.0,2115.0,894.0,900.0,900.0
8999.0,2100.0,2105.0,2105.0,897.0,892.0,900.0
9038.0,2110.0,2110.0,2106.0,902.0,910.0,900.0
9002.0,2108.0,2091.0,2103.0,906.0,899.0,895.0
8958.0,2081.0,2092.0,2091.0,901.0,898.0,895.0
8955.0,2084.0,2087.0,2090.0,901.0,898.0,895.0
8912.0,2104.0,2053.0,2075.0,898.0,891.0,891.0
8876.0,2084.0,2054.0,2071.0,899.0,881.0,887.0
8866.0,2076.0,2064.0,2070.0,891.0,878.0,887.0
8887.0,2067.0,2077.0,2073.0,895.0,894.0,881.0
8856.0,2058.0,2088.0,2059.0,883.0,884.0,884.0
8905.0,2067.0,2094.0,2080.0,885.0,892.0,887.0
8960.0,2097.0,2101.0,2084.0,890.0,895.0,893.0
9027.0,2116.0,2115.0,2101.0,897.0,908.0,890.0
9034.0,2103.0,2123.0,2098.0,896.0,909.0,905.0
9069.0,2131.0,2106.0,2113.0,907.0,909.0,903.0
9023.0,2116.0,2093.0,2099.0,905.0,912.0,898.0
9003.0,2092.0,2098.0,2097.0,904.0,907.0,905.0
8946.0,2076.0,2081.0,2086.0,899.0,898.0,906.0
8966.0,2083.0,2091.0,2101.0,900.0,894.0,897.0
8969.0,2092.0,2101.0,2086.0,892.0,897.0,901.0
8967.0,2082.0,2097.0,2091.0,902.0,894.0,901.0
8957.0,2093.0,2093.0,2089.0,896.0,895.0,891.0
8900.0,2060.0,2081.0,2094.0,889.0,889.0,887.0
8974.0,2080.0,2093.0,2108.0,902.0,895.0,896.0
9014.0,2096.0,2101.0,2125.0,899.0,893.0,900.0
9012.0,2117.0,2101.0,2094.0,898.0,901.0,901.0
9043.0,2118.0,2104.0,2107.0,904.0,905.0,905.0
9056.0,2116.0,2116.0,2102.0,899.0,907.0,916.0
9071.0,2108.0,2124.0,2116.0,909.0,908.0,906.0
9017.0,2097.0,2112.0,2099.0,899.0,907.0,903.0
9039.0,2104.0,2115.0,2117.0,895.0,907.0,901.0
9015.0,2107.0,2119.0,2096.0,901.0,901.0,891.0
8977.0,2090.0,2079.0,2118.0,895.0,901.0,894.0
8971.0,2098.0,2096.0,2100.0,895.0,894.0,888.0
8934.0,2085.0,2068.0,2094.0,895.0,903.0,889.0
8948.0,2078.0,2087.0,2095.0,896.0,896.0,896.0
8963.0,2093.0,2095.0,2080.0,902.0,898.0,895.0
9017.0,2113.0,2111.0,2085.0,901.0,899.0,908.0
9066.0,2111.0,2124.0,2103.0,904.0,910.0,914.0
9060.0,2120.0,2113.0,2114.0,897.0,901.0,915.0
9081.0,2127.0,2122.0,2114.0,906.0,900.0,912.0
9095.0,2127.0,2134.0,2119.0,902.0,902.0,911.0
9049.0,2114.0,2101.0,2121.0,898.0,906.0,909.0
9025.0,2105.0,2106.0,2101.0,911.0,903.0,899.0
8998.0,2120.0,2096.0,2091.0,899.0,891.0,901.0
8991.0,2099.0,2103.0,2096.0,896.0,902.0,895.0
8970.0,2105.0,2100.0,2081.0,896.0,895.0,893.0
8974.0,2083.0,2090.0,2110.0,903.0,897.0,891.0
8971.0,2086.0,2092.0,2094.0,904.0,902.0,893.0
8998.0,2097.0,2107.0,2099.0,901.0,906.0,888.0
9039.0,2102.0,2115.0,2106.0,910.0,905.0,901.0
9055.0,2115.0,2113.0,2115.0,902.0,907.0,903.0
9108.0,2134.0,2117.0,2131.0,909.0,908.0,909.0
9124.0,2143.0,2126.0,2134.0,905.0,906.0,910.0
9082.0,2103.0,2132.0,2131.0,907.0,905.0,904.0
9080.0,2105.0,2119.0,2130.0,904.0,913.0,909.0
9078.0,2118.0,2131.0,2119.0,902.0,902.0,906.0
9012.0,2091.0,2099.0,2111.0,900.0,902.0,909.0
9059.0,2125.0,2114.0,2114.0,901.0,895.0,910.0
8998.0,2103.0,2088.0,2108.0,897.0,895.0,907.0
8966.0,2110.0,2094.0,2076.0,895.0,891.0,900.0
8980.0,2082.0,2097.0,2095.0,902.0,901.0,903.0
9009.0,2105.0,2087.0,2103.0,909.0,902.0,903.0
9030.0,2105.0,2113.0,2100.0,906.0,902.0,904.0
9094.0,2131.0,2122.0,2104.0,909.0,916.0,912.0
9145.0,2131.0,2141.0,2142.0,909.0,915.0,907.0
9105.0,2127.0,2126.0,2124.0,911.0,912.0,905.0
9148.0,2108.0,2141.0,2162.0,914.0,912.0,911.0
9085.0,2093.0,2133.0,2128.0,911.0,915.0,905.0
9071.0,2117.0,2110.0,2128.0,905.0,907.0,904.0
9117.0,2139.0,2131.0,2133.0,911.0,896.0,907.0
9020.0,2112.0,2089.0,2116.0,899.0,907.0,897.0
9001.0,2103.0,2097.0,2103.0,902.0,892.0,904.0
9005.0,2101.0,2106.0,2098.0,898.0,898.0,904.0
9032.0,2093.0,2115.0,2117.0,905.0,902.0,900.0
9035.0,2099.0,2113.0,2103.0,905.0,907.0,908.0
9094.0,2109.0,2134.0,2116.0,916.0,905.0,914.0
9121.0,2125.0,2124.0,2137.0,913.0,909.0,913.0
9204.0,2156.0,2124.0,2162.0,921.0,922.0,919.0
9163.0,2133.0,2126.0,2146.0,920.0,923.0,915.0
9142.0,2133.0,2108.0,2147.0,912.0,923.0,919.0
9169.0,2122.0,2151.0,2140.0,917.0,920.0,919.0
9105.0,2114.0,2123.0,2129.0,910.0,916.0,913.0
9104.0,2126.0,2130.0,2111.0,904.0,913.0,920.0
9045.0,2122.0,2116.0,2096.0,901.0,911.0,899.0
9015.0,2103.0,2107.0,2094.0,906.0,902.0,903.0
9013.0,2108.0,2098.0,2109.0,897.0,900.0,901.0
9024.0,2110.0,2093.0,2111.0,898.0,908.0,904.0
9012.0,2105.0,2084.0,2112.0,905.0,905.0,901.0
9102.0,2128.0,2130.0,2117.0,916.0,907.0,904.0
9169.0,2140.0,2136.0,2143.0,922.0,911.0,917.0
9163.0,2147.0,2136.0,2137.0,920.0,914.0,909.0
9209.0,2134.0,2152.0,2155.0,926.0,919.0,923.0
9189.0,2132.0,2148.0,2157.0,920.0,918.0,914.0
9151.0,2133.0,2138.0,2134.0,912.0,917.0,917.0
9119.0,2120.0,2126.0,2129.0,907.0,926.0,911.0
9123.0,2129.0,2128.0,2128.0,909.0,912.0,917.0
9082.0,2125.0,2110.0,2123.0,907.0,904.0,913.0
9032.0,2111.0,2095.0,2101.0,905.0,908.0,912.0
9057.0,2112.0,2119.0,2100.0,900.0,910.0,916.0
9068.0,2121.0,2115.0,2108.0,898.0,913.0,913.0
9107.0,2111.0,2140.0,2119.0,910.0,915.0,912.0
9174.0,2129.0,2148.0,2148.0,916.0,919.0,914.0
9161.0,2148.0,2118.0,2142.0,918.0,920.0,915.0
9205.0,2144.0,2147.0,2152.0,924.0,921.0,917.0
9211.0,2147.0,2136.0,2162.0,926.0,918.0,922.0
9183.0,2132.0,2141.0,2145.0,923.0,921.0,921.0
9194.0,2122.0,2158.0,2146.0,925.0,918.0,925.0
9171.0,2141.0,2144.0,2135.0,914.0,913.0,924.0
9131.0,2141.0,2134.0,2124.0,914.0,909.0,909.0
9116.0,2150.0,2115.0,2117.0,906.0,915.0,913.0
9130.0,2128.0,2146.0,2123.0,912.0,911.0,910.0
9112.0,2128.0,2125.0,2130.0,907.0,909.0,913.0
9095.0,2111.0,2130.0,2132.0,906.0,909.0,907.0
9108.0,2117.0,2124.0,2135.0,905.0,917.0,910.0
9181.0,2146.0,2128.0,2151.0,917.0,916.0,923.0
9198.0,2152.0,2125.0,2158.0,918.0,927.0,918.0
9266.0,2169.0,2156.0,2167.0,928.0,921.0,925.0
9247.0,2162.0,2152.0,2151.0,928.0,924.0,930.0
9263.0,2143.0,2176.0,2155.0,934.0,920.0,935.0
9229.0,2131.0,2172.0,2148.0,921.0,926.0,931.0
9186.0,2134.0,2143.0,2158.0,916.0,908.0,927.0
9141.0,2134.0,2123.0,2134.0,921.0,905.0,924.0
9104.0,2146.0,2112.0,2117.0,914.0,908.0,907.0
9105.0,2133.0,2112.0,2137.0,908.0,909.0,906.0
9134.0,2136.0,2116.0,2147.0,918.0,905.0,912.0
9103.0,2127.0,2119.0,2125.0,912.0,914.0,906.0
9129.0,2128.0,2122.0,2143.0,903.0,917.0,916.0
9165.0,2135.0,2152.0,2137.0,913.0,920.0,908.0
9213.0,2141.0,2147.0,2159.0,924.0,926.0,916.0
9280.0,2178.0,2155.0,2166.0,930.0,927.0,924.0
9286.0,2177.0,2161.0,2165.0,923.0,930.0,930.0
9260.0,2156.0,2145.0,2160.0,927.0,937.0,935.0
9239.0,2165.0,2151.0,2144.0,927.0,933.0,919.0
9226.0,2145.0,2147.0,2159.0,923.0,927.0,925.0
9194.0,2145.0,2142.0,2138.0,925.0,918.0,926.0
9212.0,2156.0,2147.0,2148.0,923.0,921.0,917.0
9161.0,2135.0,2147.0,2149.0,907.0,912.0,911.0
9143.0,2125.0,2139.0,2143.0,913.0,908.0,915.0
9140.0,2124.0,2137.0,2133.0,909.0,914.0,923.0
9170.0,2119.0,2132.0,2158.0,921.0,923.0,917.0
9211.0,2145.0,2150.0,2153.0,914.0,926.0,923.0
9236.0,2166.0,2136.0,2165.0,922.0,921.0,926.0
9280.0,2183.0,2164.0,2158.0,922.0,927.0,926.0
9268.0,2180.0,2161.0,2153.0,926.0,924.0,924.0
9248.0,2152.0,2166.0,2152.0,925.0,932.0,921.0
9277.0,2161.0,2172.0,2161.0,932.0,932.0,919.0
9219.0,2154.0,2149.0,2150.0,931.0,921.0,914.0
9254.0,2167.0,2162.0,2150.0,932.0,924.0,919.0
9185.0,2156.0,2135.0,2136.0,923.0,923.0,912.0
9182.0,2141.0,2123.0,2159.0,924.0,922.0,913.0
9164.0,2143.0,2122.0,2151.0,916.0,918.0,914.0
9152.0,2131.0,2135.0,2140.0,911.0,921.0,914.0
9207.0,2134.0,2153.0,2152.0,916.0,930.0,922.0
9235.0,2156.0,2165.0,2156.0,915.0,922.0,921.0
9302.0,2178.0,2175.0,2165.0,923.0,930.0,931.0
9305.0,2188.0,2176.0,2155.0,922.0,930.0,934.0
9316.0,2174.0,2178.0,2167.0,933.0,926.0,938.0
9305.0,2167.0,2175.0,2172.0,936.0,925.0,930.0
9267.0,2165.0,2154.0,2159.0,936.0,923.0,930.0
9246.0,2159.0,2151.0,2163.0,925.0,925.0,923.0
9257.0,2174.0,2145.0,2159.0,931.0,928.0,920.0
9163.0,2142.0,2110.0,2151.0,928.0,918.0,914.0
9181.0,2137.0,2141.0,2149.0,920.0,917.0,917.0
9211.0,2139.0,2143.0,2154.0,929.0,921.0,925.0
9230.0,2151.0,2170.0,2145.0,921.0,923.0,920.0
9206.0,2144.0,2165.0,2131.0,924.0,925.0,917.0
9281.0,2154.0,2153.0,2177.0,931.0,939.0,927.0
9308.0,2183.0,2168.0,2162.0,929.0,938.0,928.0
9261.0,2174.0,2147.0,2151.0,925.0,932.0,932.0
9365.0,2195.0,2187.0,2182.0,927.0,943.0,931.0
9311.0,2179.0,2163.0,2174.0,926.0,940.0,929.0
9341.0,2181.0,2175.0,2183.0,936.0,926.0,940.0
9344.0,2179.0,2187.0,2178.0,935.0,932.0,933.0
9277.0,2173.0,2162.0,2160.0,926.0,924.0,932.0
9263.0,2171.0,2160.0,2160.0,925.0,922.0,925.0
9246.0,2158.0,2148.0,2163.0,933.0,918.0,926.0
9217.0,2146.0,2157.0,2156.0,920.0,914.0,924.0
9206.0,2143.0,2161.0,2142.0,921.0,921.0,918.0
9239.0,2155.0,2152.0,2153.0,923.0,930.0,926.0
9278.0,2165.0,2157.0,2166.0,934.0,926.0,930.0
9331.0,2175.0,2174.0,2182.0,929.0,936.0,935.0
9375.0,2204.0,2187.0,2186.0,927.0,940.0,931.0
9361.0,2178.0,2199.0,2182.0,933.0,934.0,935.0
9397.0,2189.0,2196.0,2197.0,930.0,944.0,941.0
9375.0,2191.0,2190.0,2205.0,927.0,934.0,928.0
9288.0,2161.0,2174.0,2174.0,928.0,925.0,926.0
9320.0,2185.0,2155.0,2189.0,931.0,936.0,924.0
9218.0,2167.0,2135.0,2157.0,917.0,925.0,917.0
9236.0,2176.0,2141.0,2147.0,923.0,929.0,920.0
9210.0,2146.0,2152.0,2147.0,936.0,916.0,913.0
9267.0,2165.0,2175.0,2146.0,931.0,920.0,930.0
9272.0,2153.0,2170.0,2159.0,936.0,920.0,934.0
9292.0,2159.0,2184.0,2160.0,934.0,921.0,934.0
9361.0,2203.0,2176.0,2183.0,929.0,932.0,938.0
9402.0,2190.0,2182.0,2212.0,938.0,935.0,945.0
9402.0,2184.0,2185.0,2200.0,938.0,944.0,951.0
9411.0,2188.0,2197.0,2209.0,929.0,943.0,945.0
9359.0,2176.0,2179.0,2190.0,933.0,944.0,937.0
9401.0,2192.0,2188.0,2206.0,934.0,946.0,935.0
9314.0,2169.0,2175.0,2164.0,931.0,938.0,937.0
9298.0,2172.0,2173.0,2168.0,928.0,935.0,922.0
9297.0,2176.0,2184.0,2166.0,926.0,930.0,915.0
9264.0,2152.0,2173.0,2147.0,932.0,927.0,933.0
9230.0,2163.0,2141.0,2140.0,934.0,925.0,927.0
9307.0,2174.0,2174.0,2171.0,934.0,934.0,920.0
9374.0,2200.0,2174.0,2193.0,942.0,938.0,927.0
9398.0,2217.0,2173.0,2191.0,947.0,934.0,936.0
9435.0,2201.0,2195.0,2215.0,941.0,945.0,938.0
9438.0,2195.0,2200.0,2215.0,944.0,941.0,943.0
9411.0,2185.0,2205.0,2219.0,935.0,934.0,933.0
9424.0,2188.0,2214.0,2196.0,938.0,944.0,944.0
9344.0,2181.0,2184.0,2178.0,926.0,934.0,941.0
9367.0,2184.0,2183.0,2180.0,938.0,943.0,939.0
9306.0,2171.0,2170.0,2169.0,923.0,934.0,939.0
9298.0,2188.0,2158.0,2157.0,924.0,934.0,937.0
9247.0,2151.0,2153.0,2146.0,931.0,926.0,940.0
9319.0,2157.0,2177.0,2176.0,934.0,939.0,936.0
9357.0,2176.0,2186.0,2176.0,938.0,943.0,938.0
9366.0,2187.0,2198.0,2182.0,931.0,935.0,933.0
9442.0,2199.0,2203.0,2210.0,946.0,944.0,940.0
9488.0,2218.0,2217.0,2222.0,949.0,947.0,935.0
9465.0,2204.0,2220.0,2214.0,948.0,943.0,936.0
9451.0,2218.0,2196.0,2209.0,943.0,942.0,943.0
9391.0,2200.0,2187.0,2192.0,935.0,937.0,940.0
9379.0,2185.0,2199.0,2179.0,937.0,938.0,941.0
9358.0,2197.0,2186.0,2171.0,937.0,933.0,934.0
9357.0,2187.0,2194.0,2176.0,935.0,935.0,930.0
9343.0,2184.0,2188.0,2175.0,932.0,934.0,930.0
9325.0,2183.0,2185.0,2171.0,931.0,923.0,932.0
9330.0,2160.0,2184.0,2189.0,934.0,932.0,931.0
9375.0,2184.0,2178.0,2205.0,941.0,935.0,932.0
9391.0,2189.0,2190.0,2195.0,936.0,946.0,935.0
9476.0,2220.0,2193.0,2222.0,948.0,947.0,946.0
9482.0,2219.0,2192.0,2208.0,951.0,954.0,958.0
9502.0,2211.0,2224.0,2208.0,957.0,951.0,951.0
9459.0,2192.0,2210.0,2210.0,948.0,947.0,952.0
9454.0,2188.0,2221.0,2209.0,943.0,950.0,943.0
9390.0,2195.0,2194.0,2181.0,940.0,937.0,943.0
9367.0,2185.0,2194.0,2181.0,937.0,938.0,932.0
9362.0,2188.0,2180.0,2195.0,932.0,933.0,934.0
9328.0,2184.0,2169.0,2185.0,929.0,928.0,933.0
9293.0,2168.0,2168.0,2188.0,926.0,927.0,916.0
9366.0,2173.0,2185.0,2195.0,936.0,937.0,940.0
9387.0,2189.0,2187.0,2207.0,944.0,931.0,929.0
9481.0,2212.0,2216.0,2215.0,945.0,953.0,940.0
9472.0,2218.0,2214.0,2216.0,941.0,943.0,940.0
9510.0,2227.0,2218.0,2219.0,949.0,949.0,948.0
9542.0,2225.0,2231.0,2219.0,955.0,957.0,955.0
9476.0,2207.0,2214.0,2199.0,951.0,958.0,947.0
9454.0,2203.0,2195.0,2200.0,955.0,948.0,953.0
9428.0,2183.0,2199.0,2206.0,947.0,955.0,938.0
9409.0,2202.0,2177.0,2189.0,943.0,948.0,950.0
9394.0,2197.0,2182.0,2196.0,937.0,943.0,939.0
9348.0,2200.0,2170.0,2174.0,932.0,932.0,940.0
9379.0,2167.0,2197.0,2204.0,933.0,934.0,944.0
9386.0,2173.0,2188.0,2207.0,939.0,938.0,941.0
9448.0,2211.0,2212.0,2196.0,945.0,937.0,947.0
9451.0,2209.0,2205.0,2212.0,945.0,938.0,942.0
9487.0,2233.0,2199.0,2222.0,939.0,947.0,947.0
9466.0,2222.0,2200.0,2202.0,952.0,942.0,948.0
9508.0,2211.0,2210.0,2231.0,957.0,950.0,949.0
9513.0,2222.0,2223.0,2199.0,960.0,952.0,957.0
9507.0,2211.0,2224.0,2224.0,955.0,948.0,945.0
9486.0,2213.0,2240.0,2198.0,949.0,947.0,939.0
9503.0,2223.0,2234.0,2215.0,941.0,943.0,947.0
9462.0,2217.0,2205.0,2204.0,945.0,949.0,942.0
9389.0,2185.0,2197.0,2197.0,928.0,944.0,938.0
9383.0,2184.0,2176.0,2211.0,938.0,940.0,934.0
9367.0,2164.0,2178.0,2205.0,944.0,941.0,935.0
9424.0,2203.0,2184.0,2201.0,938.0,947.0,951.0
9466.0,2205.0,2205.0,2218.0,941.0,951.0,946.0
9489.0,2215.0,2217.0,2204.0,952.0,947.0,954.0
9579.0,2240.0,2243.0,2219.0,956.0,957.0,964.0
9566.0,2221.0,2241.0,2230.0,960.0,957.0,957.0
9544.0,2231.0,2227.0,2218.0,955.0,953.0,960.0
9553.0,2220.0,2226.0,2242.0,956.0,952.0,957.0
9507.0,2234.0,2201.0,2219.0,954.0,947.0,952.0
9463.0,2207.0,2204.0,2221.0,945.0,941.0,945.0
9458.0,2220.0,2193.0,2218.0,951.0,938.0,938.0
9411.0,2200.0,2180.0,2211.0,942.0,936.0,942.0
9409.0,2186.0,2202.0,2202.0,935.0,946.0,938.0
9439.0,2207.0,2208.0,2198.0,937.0,947.0,942.0
9459.0,2190.0,2232.0,2210.0,937.0,949.0,941.0
9500.0,2232.0,2220.0,2207.0,946.0,951.0,944.0
9549.0,2230.0,2235.0,2225.0,949.0,958.0,952.0
9563.0,2246.0,2230.0,2223.0,951.0,957.0,956.0
9593.0,2234.0,2246.0,2242.0,959.0,957.0,955.0
9564.0,2222.0,2237.0,2233.0,960.0,959.0,953.0
9550.0,2216.0,2232.0,2229.0,960.0,958.0,955.0
9522.0,2214.0,2224.0,2232.0,954.0,947.0,951.0
9535.0,2226.0,2220.0,2221.0,958.0,954.0,956.0
9495.0,2232.0,2213.0,2207.0,946.0,949.0,948.0
9436.0,2202.0,2198.0,2205.0,943.0,937.0,951.0
9441.0,2200.0,2200.0,2209.0,943.0,934.0,955.0
9452.0,2198.0,2208.0,2206.0,953.0,936.0,951.0
9458.0,2204.0,2206.0,2204.0,952.0,950.0,942.0
9499.0,2215.0,2214.0,2217.0,948.0,951.0,954.0
9577.0,2228.0,2242.0,2237.0,957.0,959.0,954.0
9605.0,2240.0,2242.0,2250.0,953.0,963.0,957.0
9588.0,2242.0,2229.0,2247.0,958.0,959.0,953.0
9649.0,2256.0,2245.0,2262.0,961.0,965.0,960.0
9635.0,2243.0,2255.0,2254.0,960.0,966.0,957.0
9583.0,2224.0,2241.0,2244.0,959.0,964.0,951.0
9540.0,2214.0,2225.0,2232.0,963.0,956.0,950.0
9489.0,2206.0,2199.0,2215.0,959.0,955.0,955.0
9494.0,2226.0,2203.0,2210.0,956.0,950.0,949.0
9497.0,2218.0,2227.0,2207.0,953.0,945.0,947.0
9464.0,2223.0,2208.0,2193.0,944.0,946.0,950.0
9513.0,2212.0,2220.0,2222.0,953.0,949.0,957.0
9554.0,2233.0,2234.0,2219.0,955.0,951.0,962.0
9606.0,2243.0,2245.0,2249.0,959.0,952.0,958.0
9657.0,2265.0,2262.0,2250.0,956.0,960.0,964.0
9652.0,2259.0,2244.0,2256.0,967.0,956.0,970.0
9613.0,2232.0,2248.0,2243.0,963.0,963.0,964.0
9603.0,2235.0,2237.0,2247.0,960.0,959.0,965.0
9582.0,2225.0,2225.0,2247.0,961.0,960.0,964.0
9545.0,2234.0,2216.0,2228.0,958.0,955.0,954.0
9514.0,2218.0,2218.0,2210.0,958.0,958.0,952.0
9494.0,2221.0,2228.0,2204.0,946.0,950.0,945.0
9525.0,2228.0,2219.0,2220.0,956.0,955.0,947.0
9562.0,2224.0,2259.0,2216.0,957.0,953.0,953.0
9545.0,2209.0,2237.0,2237.0,959.0,946.0,957.0
9571.0,2233.0,2234.0,2237.0,960.0,958.0,949.0
9600.0,2240.0,2246.0,2235.0,961.0,961.0,957.0
9676.0,2270.0,2246.0,2268.0,968.0,958.0,966.0
9681.0,2261.0,2259.0,2267.0,963.0,962.0,969.0
9650.0,2234.0,2253.0,2271.0,963.0,959.0,970.0
9634.0,2232.0,2269.0,2253.0,958.0,961.0,961.0
9623.0,2243.0,2233.0,2263.0,958.0,965.0,961.0
9592.0,2224.0,2243.0,2246.0,955.0,960.0,964.0
9516.0,2236.0,2216.0,2203.0,958.0,949.0,954.0
9537.0,2235.0,2214.0,2223.0,954.0,952.0,959.0
9513.0,2213.0,2222.0,2216.0,954.0,949.0,959.0
9518.0,2218.0,2226.0,2219.0,950.0,950.0,955.0
9558.0,2228.0,2225.0,2225.0,959.0,964.0,957.0
9617.0,2247.0,2238.0,2246.0,964.0,964.0,958.0
9656.0,2248.0,2252.0,2260.0,964.0,975.0,957.0
9697.0,2259.0,2266.0,2266.0,962.0,974.0,970.0
9709.0,2271.0,2266.0,2269.0,970.0,973.0,960.0
9640.0,2230.0,2249.0,2257.0,964.0,971.0,969.0
9651.0,2258.0,2250.0,2241.0,964.0,971.0,967.0
9640.0,2257.0,2247.0,2262.0,958.0,957.0,959.0
9595.0,2262.0,2233.0,2220.0,960.0,959.0,961.0
9558.0,2224.0,2235.0,2232.0,957.0,953.0,957.0
9552.0,2230.0,2228.0,2235.0,959.0,944.0,956.0
9559.0,2223.0,2242.0,2228.0,953.0,954.0,959.0
9575.0,2237.0,2229.0,2238.0,961.0,956.0,954.0
9615.0,2238.0,2238.0,2244.0,971.0,958.0,966.0
9666.0,2254.0,2242.0,2270.0,964.0,967.0,969.0
9694.0,2268.0,2261.0,2257.0,972.0,971.0,965.0
9712.0,2257.0,2263.0,2270.0,977.0,975.0,970.0
9728.0,2274.0,2262.0,2276.0,975.0,972.0,969.0
9699.0,2238.0,2264.0,2278.0,964.0,980.0,975.0
9707.0,2257.0,2265.0,2267.0,969.0,972.0,977.0
9650.0,2251.0,2284.0,2233.0,958.0,954.0,970.0
9630.0,2251.0,2255.0,2241.0,956.0,959.0,968.0
9635.0,2249.0,2263.0,2245.0,960.0,960.0,958.0
9597.0,2245.0,2238.0,2242.0,956.0,958.0,958.0
9562.0,2225.0,2234.0,2233.0,960.0,956.0,954.0
9583.0,2234.0,2224.0,2255.0,957.0,956.0,957.0
9615.0,2251.0,2234.0,2247.0,964.0,963.0,956.0
9647.0,2255.0,2252.0,2250.0,967.0,963.0,960.0
9683.0,2271.0,2251.0,2252.0,979.0,965.0,965.0
9742.0,2279.0,2272.0,2264.0,973.0,979.0,975.0
9714.0,2262.0,2280.0,2241.0,973.0,979.0,979.0
9722.0,2278.0,2273.0,2249.0,971.0,976.0,975.0
9727.0,2253.0,2277.0,2276.0,969.0,975.0,977.0
9682.0,2256.0,2265.0,2250.0,965.0,972.0,974.0
9642.0,2251.0,2241.0,2255.0,959.0,970.0,966.0
9627.0,2253.0,2244.0,2235.0,965.0,964.0,966.0
9604.0,2244.0,2243.0,2248.0,956.0,954.0,959.0
9596.0,2230.0,2236.0,2250.0,959.0,963.0,958.0
9617.0,2245.0,2237.0,2255.0,959.0,963.0,958.0
9703.0,2257.0,2278.0,2262.0,971.0,965.0,970.0
9687.0,2260.0,2257.0,2263.0,968.0,968.0,971.0
9719.0,2265.0,2282.0,2263.0,978.0,967.0,964.0
9765.0,2281.0,2292.0,2261.0,984.0,971.0,976.0
9769.0,2300.0,2277.0,2272.0,976.0,975.0,969.0
9747.0,2275.0,2285.0,2262.0,986.0,969.0,970.0
9676.0,2259.0,2260.0,2248.0,974.0,962.0,973.0
9685.0,2253.0,2264.0,2269.0,966.0,967.0,966.0
9709.0,2268.0,2278.0,2264.0,965.0,966.0,968.0
9662.0,2258.0,2254.0,2258.0,963.0,960.0,969.0
9652.0,2263.0,2245.0,2265.0,958.0,962.0,959.0
9696.0,2258.0,2255.0,2278.0,969.0,969.0,967.0
9661.0,2250.0,2255.0,2259.0,963.0,966.0,968.0
9671.0,2251.0,2253.0,2258.0,967.0,967.0,975.0
9715.0,2271.0,2251.0,2266.0,976.0,977.0,974.0
9760.0,2284.0,2274.0,2258.0,979.0,982.0,983.0
9807.0,2289.0,2280.0,2290.0,980.0,982.0,986.0
9782.0,2295.0,2272.0,2277.0,985.0,972.0,981.0
9801.0,2277.0,2288.0,2277.0,989.0,981.0,989.0
9761.0,2267.0,2292.0,2274.0,980.0,970.0,978.0
9734.0,2255.0,2284.0,2272.0,974.0,972.0,977.0
9722.0,2267.0,2276.0,2279.0,972.0,964.0,964.0
9650.0,2251.0,2242.0,2260.0,966.0,968.0,963.0
9660.0,2268.0,2236.0,2259.0,958.0,975.0,964.0
9632.0,2242.0,2247.0,2249.0,968.0,963.0,963.0
9635.0,2239.0,2240.0,2265.0,958.0,969.0,964.0
9694.0,2241.0,2270.0,2279.0,968.0,971.0,965.0
9715.0,2272.0,2274.0,2262.0,964.0,973.0,970.0
9761.0,2282.0,2295.0,2259.0,978.0,973.0,974.0
9831.0,2306.0,2302.0,2273.0,985.0,987.0,978.0
9831.0,2286.0,2299.0,2284.0,986.0,990.0,986.0
9802.0,2292.0,2275.0,2289.0,981.0,986.0,979.0
9760.0,2282.0,2260.0,2275.0,984.0,985.0,974.0
9771.0,2287.0,2272.0,2277.0,976.0,978.0,981.0
9760.0,2270.0,2270.0,2304.0,976.0,969.0,971.0
9746.0,2283.0,2284.0,2273.0,968.0,965.0,973.0
9674.0,2256.0,2263.0,2260.0,966.0,961.0,968.0
9659.0,2257.0,2254.0,2255.0,963.0,962.0,968.0
9684.0,2251.0,2265.0,2267.0,972.0,961.0,968.0
9730.0,2274.0,2280.0,2268.0,968.0,969.0,971.0
9755.0,2283.0,2271.0,2284.0,971.0,975.0,971.0
9805.0,2312.0,2271.0,2281.0,977.0,983.0,981.0
9814.0,2303.0,2281.0,2295.0,986.0,974.0,975.0
9835.0,2299.0,2299.0,2294.0,988.0,979.0,976.0
9836.0,2290.0,2287.0,2299.0,992.0,985.0,983.0
9830.0,2285.0,2287.0,2305.0,988.0,990.0,975.0
9822.0,2276.0,2301.0,2307.0,987.0,982.0,969.0
9775.0,2270.0,2300.0,2282.0,980.0,974.0,969.0
9759.0,2275.0,2270.0,2281.0,977.0,980.0,976.0
9714.0,2268.0,2272.0,2260.0,968.0,975.0,971.0
9679.0,2260.0,2249.0,2250.0,972.0,977.0,971.0
9690.0,2280.0,2254.0,2245.0,968.0,976.0,967.0
9706.0,2266.0,2256.0,2258.0,971.0,974.0,981.0
9800.0,2280.0,2289.0,2295.0,974.0,980.0,982.0
9859.0,2311.0,2293.0,2301.0,977.0,982.0,995.0
9910.0,2315.0,2312.0,2328.0,987.0,983.0,985.0
9874.0,2298.0,2318.0,2302.0,984.0,984.0,988.0
9865.0,2301.0,2300.0,2312.0,984.0,985.0,983.0
9873.0,2296.0,2300.0,2315.0,990.0,988.0,984.0
9805.0,2280.0,2273.0,2305.0,985.0,980.0,982.0
9797.0,2285.0,2288.0,2281.0,982.0,984.0,977.0
9769.0,2295.0,2267.0,2274.0,977.0,975.0,981.0
9745.0,2287.0,2270.0,2259.0,979.0,976.0,974.0
9723.0,2259.0,2269.0,2275.0,973.0,980.0,967.0
9771.0,2277.0,2284.0,2288.0,975.0,977.0,970.0
9756.0,2279.0,2281.0,2267.0,974.0,981.0,974.0
9793.0,2281.0,2299.0,2285.0,977.0,979.0,972.0
9833.0,2301.0,2294.0,2309.0,977.0,976.0,976.0
9925.0,2329.0,2324.0,2317.0,986.0,988.0,981.0
9902.0,2313.0,2303.0,2326.0,985.0,988.0,987.0
9861.0,2284.0,2306.0,2307.0,992.0,981.0,991.0
9859.0,2283.0,2314.0,2294.0,992.0,990.0,986.0
9832.0,2305.0,2295.0,2279.0,985.0,983.0,985.0
9821.0,2290.0,2289.0,2296.0,989.0,977.0,980.0
9800.0,2295.0,2290.0,2276.0,977.0,977.0,985.0
9729.0,2272.0,2257.0,2271.0,979.0,971.0,979.0
9790.0,2289.0,2278.0,2289.0,976.0,972.0,986.0
9767.0,2270.0,2263.0,2290.0,983.0,983.0,978.0
9823.0,2278.0,2295.0,2308.0,980.0,981.0,981.0
9824.0,2294.0,2276.0,2293.0,982.0,992.0,987.0
9921.0,2338.0,2303.0,2298.0,989.0,999.0,994.0
9896.0,2321.0,2291.0,2314.0,988.0,992.0,990.0
9906.0,2319.0,2299.0,2316.0,984.0,998.0,990.0
9907.0,2293.0,2327.0,2316.0,987.0,991.0,993.0
9895.0,2298.0,2323.0,2307.0,989.0,993.0,985.0
9830.0,2283.0,2294.0,2301.0,986.0,979.0,987.0
9844.0,2309.0,2294.0,2300.0,982.0,980.0,979.0
9768.0,2288.0,2279.0,2262.0,981.0,978.0,980.0
9787.0,2283.0,2293.0,2278.0,981.0,976.0,976.0
9778.0,2281.0,2274.0,2292.0,982.0,969.0,980.0
9787.0,2279.0,2288.0,2292.0,976.0,973.0,979.0
9850.0,2302.0,2305.0,2296.0,983.0,981.0,983.0
9894.0,2299.0,2308.0,2318.0,992.0,984.0,993.0
9931.0,2324.0,2334.0,2320.0,979.0,986.0,988.0
9937.0,2319.0,2326.0,2321.0,985.0,993.0,993.0
9951.0,2316.0,2314.0,2326.0,999.0,996.0,1000.0
9938.0,2306.0,2325.0,2315.0,993.0,999.0,1000.0
9902.0,2307.0,2306.0,2314.0,991.0,997.0,987.0
9880.0,2307.0,2294.0,2309.0,988.0,995.0,987.0
9850.0,2312.0,2310.0,2285.0,975.0,989.0,979.0
9874.0,2311.0,2307.0,2300.0,983.0,990.0,983.0
9816.0,2291.0,2298.0,2278.0,983.0,983.0,983.0
9808.0,2289.0,2299.0,2282.0,989.0,977.0,972.0
9836.0,2295.0,2278.0,2314.0,981.0,988.0,980.0
9836.0,2278.0,2285.0,2308.0,993.0,982.0,990.0
9895.0,2302.0,2299.0,2323.0,996.0,989.0,986.0
9914.0,2312.0,2314.0,2321.0,998.0,980.0,989.0
9954.0,2336.0,2324.0,2321.0,985.0,993.0,995.0
9964.0,2328.0,2336.0,2308.0,998.0,997.0,997.0
9965.0,2314.0,2338.0,2328.0,998.0,990.0,997.0
9953.0,2320.0,2323.0,2321.0,995.0,998.0,996.0
9885.0,2306.0,2315.0,2295.0,978.0,996.0,995.0
9887.0,2318.0,2300.0,2295.0,986.0,992.0,996.0
9847.0,2307.0,2297.0,2295.0,983.0,980.0,985.0
9862.0,2306.0,2297.0,2302.0,980.0,989.0,988.0
9812.0,2280.0,2279.0,2298.0,986.0,989.0,980.0
9861.0,2295.0,2292.0,2304.0,992.0,993.0,985.0
9863.0,2297.0,2310.0,2290.0,992.0,987.0,987.0
9932.0,2299.0,2335.0,2322.0,994.0,992.0,990.0
9970.0,2313.0,2336.0,2334.0,997.0,997.0,993.0
9962.0,2330.0,2330.0,2310.0,997.0,1000.0,995.0
10020.0,2343.0,2335.0,2345.0,994.0,1002.0,1001.0
9931.0,2306.0,2314.0,2325.0,996.0,996.0,994.0
9969.0,2331.0,2332.0,2329.0,988.0,997.0,992.0
9922.0,2316.0,2325.0,2308.0,995.0,989.0,989.0
9895.0,2317.0,2315.0,2306.0,985.0,990.0,982.0
9900.0,2323.0,2305.0,2316.0,984.0,986.0,986.0
9871.0,2301.0,2309.0,2300.0,986.0,991.0,984.0
9906.0,2305.0,2309.0,2320.0,998.0,991.0,983.0
9925.0,2298.0,2330.0,2316.0,994.0,993.0,994.0
9905.0,2299.0,2310.0,2316.0,990.0,996.0,994.0
9950.0,2329.0,2319.0,2310.0,996.0,997.0,999.0
9985.0,2335.0,2323.0,2327.0,997.0,1002.0,1001.0
10024.0,2351.0,2322.0,2330.0,1007.0,1009.0,1005.0
10037.0,2348.0,2339.0,2337.0,1003.0,1002.0,1008.0
10038.0,2338.0,2348.0,2337.0,1002.0,1007.0,1006.0
10029.0,2334.0,2339.0,2351.0,1002.0,998.0,1005.0
9967.0,2313.0,2333.0,2342.0,994.0,991.0,994.0
9914.0,2310.0,2319.0,2311.0,992.0,989.0,993.0
9959.0,2335.0,2323.0,2320.0,992.0,995.0,994.0
9889.0,2313.0,2314.0,2302.0,992.0,982.0,986.0
9881.0,2311.0,2304.0,2314.0,987.0,985.0,980.0
9910.0,2312.0,2309.0,2316.0,990.0,997.0,986.0
9923.0,2311.0,2318.0,2321.0,996.0,986.0,991.0
9981.0,2333.0,2331.0,2324.0,996.0,1000.0,997.0
10022.0,2334.0,2342.0,2326.0,1014.0,1004.0,1002.0
10035.0,2339.0,2359.0,2322.0,1003.0,1011.0,1001.0
10064.0,2337.0,2357.0,2353.0,1009.0,1005.0,1003.0
10065.0,2331.0,2349.0,2357.0,1006.0,1014.0,1008.0
10006.0,2305.0,2344.0,2353.0,1001.0,1003.0,1000.0
9990.0,2326.0,2321.0,2343.0,999.0,993.0,1008.0
9956.0,2316.0,2304.0,2348.0,992.0,998.0,998.0
9951.0,2335.0,2313.0,2319.0,994.0,993.0,997.0
9918.0,2322.0,2318.0,2304.0,989.0,988.0,997.0
9930.0,2316.0,2321.0,2311.0,989.0,994.0,999.0
9902.0,2289.0,2332.0,2305.0,992.0,988.0,996.0
9929.0,2312.0,2328.0,2310.0,993.0,992.0,994.0
9989.0,2345.0,2339.0,2322.0,996.0,988.0,999.0
10012.0,2341.0,2334.0,2327.0,1004.0,999.0,1007.0
10075.0,2365.0,2340.0,2348.0,1010.0,1006.0,1006.0
10041.0,2342.0,2335.0,2345.0,1009.0,1006.0,1004.0
10069.0,2342.0,2357.0,2345.0,1012.0,1005.0,1008.0
10100.0,2364.0,2364.0,2352.0,1007.0,1006.0,1007.0
10063.0,2342.0,2341.0,2369.0,1004.0,1007.0,1000.0
9995.0,2345.0,2315.0,2335.0,1000.0,1009.0,991.0
9985.0,2333.0,2318.0,2337.0,999.0,1000.0,998.0
9933.0,2313.0,2328.0,2301.0,994.0,999.0,998.0
9925.0,2304.0,2323.0,2323.0,992.0,998.0,985.0
9963.0,2324.0,2314.0,2329.0,998.0,997.0,1001.0
9967.0,2327.0,2318.0,2330.0,988.0,999.0,1005.0
10026.0,2354.0,2337.0,2331.0,1003.0,998.0,1003.0
10076.0,2351.0,2355.0,2348.0,1008.0,1000.0,1014.0
10103.0,2366.0,2357.0,2351.0,1010.0,1008.0,1011.0
10097.0,2352.0,2360.0,2362.0,1011.0,1005.0,1007.0
10122.0,2356.0,2367.0,2357.0,1018.0,1007.0,1017.0
10060.0,2324.0,2361.0,2361.0,1007.0,999.0,1008.0
10051.0,2342.0,2347.0,2358.0,998.0,1004.0,1002.0
10012.0,2334.0,2320.0,2346.0,1002.0,1008.0,1002.0
10019.0,2340.0,2333.0,2337.0,999.0,1005.0,1005.0
9957.0,2342.0,2320.0,2321.0,985.0,997.0,992.0
9971.0,2328.0,2318.0,2331.0,993.0,1004.0,997.0
9961.0,2322.0,2331.0,2322.0,990.0,1002.0,994.0
10002.0,2321.0,2337.0,2339.0,997.0,1008.0,1000.0
10034.0,2321.0,2358.0,2343.0,1008.0,1005.0,999.0
10102.0,2351.0,2366.0,2356.0,1010.0,1007.0,1012.0
10120.0,2371.0,2355.0,2360.0,1006.0,1014.0,1014.0
10138.0,2355.0,2380.0,2372.0,1004.0,1016.0,1011.0
10103.0,2359.0,2351.0,2361.0,1009.0,1011.0,1012.0
10066.0,2332.0,2357.0,2359.0,1010.0,1000.0,1008.0
10094.0,2348.0,2346.0,2375.0,1013.0,1009.0,1003.0
10079.0,2359.0,2351.0,2350.0,1008.0,1006.0,1005.0
10026.0,2351.0,2339.0,2323.0,1003.0,1003.0,1007.0
9997.0,2333.0,2346.0,2320.0,995.0,994.0,1009.0
9999.0,2335.0,2350.0,2319.0,998.0,995.0,1002.0
10005.0,2330.0,2326.0,2342.0,1006.0,998.0,1003.0
9991.0,2328.0,2321.0,2336.0,997.0,1007.0,1002.0
10085.0,2358.0,2331.0,2368.0,1007.0,1009.0,1012.0
10119.0,2369.0,2351.0,2369.0,1006.0,1015.0,1009.0
10136.0,2357.0,2371.0,2374.0,1008.0,1020.0,1006.0
10171.0,2368.0,2378.0,2372.0,1016.0,1022.0,1015.0
10179.0,2376.0,2385.0,2371.0,1022.0,1019.0,1006.0
10134.0,2354.0,2371.0,2360.0,1020.0,1021.0,1008.0
10115.0,2373.0,2357.0,2351.0,1013.0,1013.0,1008.0
10080.0,2363.0,2353.0,2334.0,1014.0,1012.0,1004.0
10033.0,2360.0,2326.0,2338.0,1007.0,1001.0,1001.0
9993.0,2328.0,2324.0,2337.0,1002.0,1000.0,1002.0
10009.0,2331.0,2328.0,2340.0,1007.0,997.0,1006.0
10006.0,2346.0,2326.0,2337.0,995.0,1002.0,1000.0
10090.0,2350.0,2358.0,2367.0,1002.0,1006.0,1007.0
10123.0,2359.0,2370.0,2365.0,1007.0,1010.0,1012.0
10141.0,2368.0,2361.0,2365.0,1012.0,1016.0,1019.0
10169.0,2371.0,2384.0,2366.0,1010.0,1014.0,1024.0
10178.0,2374.0,2372.0,2375.0,1018.0,1021.0,1018.0
10172.0,2367.0,2364.0,2374.0,1017.0,1026.0,1024.0
10121.0,2352.0,2361.0,2369.0,1009.0,1014.0,1016.0
10096.0,2349.0,2351.0,2351.0,1011.0,1019.0,1015.0
10113.0,2363.0,2363.0,2351.0,1006.0,1013.0,1017.0
10077.0,2363.0,2338.0,2348.0,1011.0,1012.0,1005.0
10056.0,2352.0,2338.0,2348.0,1006.0,1008.0,1004.0
10058.0,2344.0,2346.0,2355.0,1005.0,1007.0,1001.0
10066.0,2352.0,2356.0,2342.0,1006.0,1008.0,1002.0
10025.0,2334.0,2332.0,2348.0,1004.0,1006.0,1001.0
10101.0,2364.0,2350.0,2363.0,1008.0,1010.0,1006.0
10140.0,2374.0,2350.0,2371.0,1013.0,1016.0,1016.0
10151.0,2381.0,2348.0,2380.0,1009.0,1018.0,1015.0
10176.0,2375.0,2374.0,2375.0,1017.0,1015.0,1020.0
10204.0,2386.0,2380.0,2377.0,1019.0,1028.0,1014.0
10196.0,2373.0,2386.0,2371.0,1024.0,1020.0,1022.0
10139.0,2363.0,2377.0,2354.0,1013.0,1010.0,1022.0
10170.0,2383.0,2361.0,2376.0,1023.0,1011.0,1016.0
10105.0,2347.0,2344.0,2372.0,1022.0,1010.0,1010.0
10121.0,2356.0,2355.0,2367.0,1015.0,1012.0,1016.0
10088.0,2341.0,2334.0,2370.0,1009.0,1018.0,1016.0
10104.0,2362.0,2353.0,2355.0,1011.0,1012.0,1011.0
10123.0,2353.0,2359.0,2363.0,1014.0,1023.0,1011.0
10163.0,2371.0,2364.0,2379.0,1016.0,1017.0,1016.0
10197.0,2378.0,2382.0,2385.0,1012.0,1026.0,1014.0
10223.0,2403.0,2386.0,2385.0,1019.0,1019.0,1011.0
10251.0,2395.0,2404.0,2393.0,1017.0,1023.0,1019.0
10180.0,2386.0,2374.0,2377.0,1015.0,1010.0,1018.0
10187.0,2374.0,2376.0,2390.0,1015.0,1013.0,1019.0
10149.0,2380.0,2360.0,2369.0,1020.0,1012.0,1008.0
10156.0,2379.0,2365.0,2364.0,1019.0,1014.0,1015.0
10130.0,2372.0,2348.0,2373.0,1013.0,1011.0,1013.0
10081.0,2347.0,2350.0,2363.0,1007.0,1009.0,1005.0
10110.0,2364.0,2365.0,2358.0,1006.0,1014.0,1003.0
10110.0,2359.0,2359.0,2355.0,1016.0,1012.0,1009.0
10194.0,2368.0,2388.0,2380.0,1025.0,1018.0,1015.0
10191.0,2372.0,2375.0,2368.0,1019.0,1029.0,1028.0
10228.0,2391.0,2379.0,2382.0,1025.0,1025.0,1026.0
10227.0,2388.0,2379.0,2381.0,1024.0,1029.0,1026.0
10205.0,2389.0,2364.0,2375.0,1018.0,1024.0,1035.0
10252.0,2404.0,2382.0,2390.0,1020.0,1025.0,1031.0
10204.0,2380.0,2374.0,2390.0,1016.0,1020.0,1024.0
10203.0,2372.0,2392.0,2381.0,1016.0,1021.0,1021.0
10171.0,2382.0,2361.0,2389.0,1018.0,1008.0,1013.0
10144.0,2375.0,2365.0,2373.0,1012.0,1005.0,1014.0
10139.0,2358.0,2367.0,2377.0,1015.0,1008.0,1014.0
10138.0,2362.0,2371.0,2367.0,1017.0,1013.0,1008.0
10106.0,2353.0,2365.0,2356.0,1014.0,1009.0,1009.0
10161.0,2366.0,2362.0,2381.0,1024.0,1014.0,1014.0
10195.0,2391.0,2370.0,2374.0,1020.0,1023.0,1017.0
10274.0,2400.0,2395.0,2387.0,1039.0,1021.0,1032.0
10306.0,2415.0,2402.0,2403.0,1030.0,1033.0,1023.0
10292.0,2408.0,2395.0,2395.0,1029.0,1034.0,1031.0
10280.0,2388.0,2422.0,2391.0,1028.0,1027.0,1024.0
10249.0,2379.0,2406.0,2398.0,1017.0,1028.0,1021.0
10238.0,2384.0,2390.0,2390.0,1029.0,1027.0,1018.0
10194.0,2374.0,2372.0,2385.0,1011.0,1032.0,1020.0
10194.0,2389.0,2363.0,2395.0,1014.0,1017.0,1016.0
10197.0,2389.0,2370.0,2383.0,1017.0,1017.0,1021.0
10143.0,2364.0,2365.0,2373.0,1008.0,1010.0,1023.0
10140.0,2363.0,2378.0,2347.0,1021.0,1010.0,1021.0
10203.0,2389.0,2394.0,2366.0,1022.0,1014.0,1018.0
10264.0,2394.0,2400.0,2396.0,1029.0,1018.0,1027.0
10282.0,2407.0,2403.0,2392.0,1031.0,1018.0,1031.0
10350.0,2423.0,2408.0,2418.0,1041.0,1029.0,1031.0
10310.0,2408.0,2387.0,2420.0,1038.0,1032.0,1025.0
10290.0,2414.0,2377.0,2406.0,1032.0,1034.0,1027.0
10321.0,2401.0,2416.0,2415.0,1027.0,1032.0,1030.0
10259.0,2368.0,2390.0,2415.0,1025.0,1039.0,1022.0
10249.0,2396.0,2377.0,2401.0,1021.0,1030.0,1024.0
10243.0,2390.0,2392.0,2397.0,1015.0,1027.0,1022.0
10167.0,2369.0,2381.0,2363.0,1015.0,1024.0,1015.0
10174.0,2382.0,2384.0,2370.0,1008.0,1017.0,1013.0
10181.0,2367.0,2378.0,2376.0,1020.0,1021.0,1019.0
10194.0,2372.0,2368.0,2395.0,1023.0,1012.0,1024.0
10228.0,2376.0,2376.0,2385.0,1023.0,1032.0,1036.0
10269.0,2407.0,2381.0,2395.0,1029.0,1031.0,1026.0
10326.0,2417.0,2413.0,2402.0,1029.0,1027.0,1038.0
10325.0,2416.0,2402.0,2406.0,1029.0,1035.0,1037.0
10358.0,2410.0,2422.0,2424.0,1037.0,1031.0,1034.0
10343.0,2399.0,2424.0,2430.0,1029.0,1025.0,1036.0
10277.0,2390.0,2405.0,2399.0,1028.0,1027.0,1028.0
10259.0,2393.0,2389.0,2414.0,1020.0,1023.0,1020.0
10226.0,2399.0,2384.0,2384.0,1017.0,1018.0,1024.0
10201.0,2371.0,2373.0,2389.0,1018.0,1027.0,1023.0
10167.0,2373.0,2356.0,2368.0,1014.0,1032.0,1024.0
10193.0,2375.0,2386.0,2371.0,1023.0,1018.0,1020.0
10211.0,2381.0,2382.0,2377.0,1021.0,1029.0,1021.0
10347.0,2407.0,2419.0,2418.0,1034.0,1038.0,1031.0
10366.0,2433.0,2424.0,2408.0,1035.0,1035.0,1031.0
10355.0,2421.0,2416.0,2419.0,1034.0,1036.0,1029.0
10398.0,2420.0,2429.0,2440.0,1038.0,1038.0,1033.0
10347.0,2410.0,2403.0,2418.0,1045.0,1030.0,1041.0
10339.0,2387.0,2420.0,2426.0,1040.0,1027.0,1039.0
10307.0,2414.0,2384.0,2423.0,1022.0,1035.0,1029.0
10271.0,2405.0,2397.0,2398.0,1019.0,1021.0,1031.0
10270.0,2407.0,2395.0,2388.0,1022.0,1027.0,1031.0
10188.0,2391.0,2376.0,2367.0,1021.0,1011.0,1022.0
10260.0,2392.0,2411.0,2391.0,1012.0,1022.0,1032.0
10229.0,2380.0,2399.0,2384.0,1013.0,1022.0,1031.0
10261.0,2394.0,2382.0,2404.0,1022.0,1026.0,1033.0
10334.0,2401.0,2401.0,2430.0,1026.0,1033.0,1043.0
10386.0,2434.0,2411.0,2431.0,1034.0,1039.0,1037.0
10386.0,2419.0,2418.0,2435.0,1040.0,1042.0,1032.0
10418.0,2434.0,2428.0,2434.0,1043.0,1043.0,1036.0
10374.0,2418.0,2409.0,2433.0,1042.0,1040.0,1032.0
10379.0,2419.0,2426.0,2415.0,1039.0,1041.0,1039.0
10322.0,2403.0,2435.0,2390.0,1030.0,1036.0,1028.0
10314.0,2402.0,2416.0,2403.0,1039.0,1027.0,1027.0
10263.0,2400.0,2396.0,2398.0,1027.0,1022.0,1020.0
10239.0,2396.0,2391.0,2393.0,1017.0,1023.0,1019.0
10227.0,2388.0,2376.0,2387.0,1020.0,1024.0,1032.0
10271.0,2380.0,2386.0,2410.0,1028.0,1030.0,1037.0
10284.0,2394.0,2399.0,2399.0,1029.0,1036.0,1027.0
10301.0,2392.0,2407.0,2416.0,1027.0,1030.0,1029.0
10428.0,2427.0,2440.0,2451.0,1035.0,1033.0,1042.0
10421.0,2434.0,2431.0,2444.0,1039.0,1032.0,1041.0
10476.0,2452.0,2449.0,2438.0,1043.0,1043.0,1051.0
10447.0,2440.0,2441.0,2430.0,1047.0,1046.0,1043.0
10410.0,2427.0,2432.0,2426.0,1047.0,1036.0,1042.0
10361.0,2422.0,2399.0,2426.0,1041.0,1038.0,1035.0
10312.0,2412.0,2400.0,2410.0,1027.0,1033.0,1030.0
10287.0,2398.0,2405.0,2380.0,1038.0,1035.0,1031.0
10300.0,2403.0,2409.0,2408.0,1030.0,1028.0,1022.0
10284.0,2394.0,2404.0,2402.0,1029.0,1035.0,1020.0
10269.0,2382.0,2392.0,2415.0,1024.0,1025.0,1031.0
10341.0,2409.0,2430.0,2422.0,1024.0,1031.0,1025.0
10348.0,2413.0,2419.0,2429.0,1031.0,1032.0,1024.0
10402.0,2427.0,2426.0,2429.0,1040.0,1041.0,1039.0
10398.0,2426.0,2433.0,2424.0,1038.0,1036.0,1041.0
10448.0,2450.0,2420.0,2436.0,1050.0,1044.0,1048.0
10446.0,2437.0,2444.0,2437.0,1038.0,1042.0,1048.0
10403.0,2426.0,2426.0,2419.0,1046.0,1040.0,1046.0
10407.0,2424.0,2440.0,2415.0,1045.0,1040.0,1043.0
10371.0,2419.0,2420.0,2426.0,1034.0,1037.0,1035.0
10343.0,2422.0,2413.0,2407.0,1028.0,1038.0,1035.0
10311.0,2415.0,2398.0,2403.0,1029.0,1032.0,1034.0
10319.0,2400.0,2401.0,2411.0,1035.0,1034.0,1038.0
10334.0,2397.0,2412.0,2423.0,1031.0,1038.0,1033.0
10314.0,2392.0,2393.0,2433.0,1031.0,1034.0,1031.0
10383.0,2420.0,2420.0,2415.0,1046.0,1042.0,1040.0
10440.0,2447.0,2428.0,2451.0,1038.0,1039.0,1037.0
10429.0,2431.0,2432.0,2432.0,1045.0,1049.0,1040.0
10438.0,2444.0,2438.0,2428.0,1040.0,1042.0,1046.0
10467.0,2441.0,2452.0,2428.0,1044.0,1051.0,1051.0
10409.0,2422.0,2431.0,2430.0,1049.0,1041.0,1036.0
10378.0,2409.0,2413.0,2429.0,1051.0,1037.0,1039.0
10402.0,2424.0,2432.0,2435.0,1041.0,1036.0,1034.0
10332.0,2421.0,2389.0,2421.0,1033.0,1028.0,1040.0
10332.0,2419.0,2400.0,2412.0,1040.0,1027.0,1034.0
10336.0,2413.0,2401.0,2423.0,1039.0,1030.0,1030.0
10350.0,2404.0,2419.0,2419.0,1038.0,1036.0,1034.0
10366.0,2416.0,2442.0,2399.0,1030.0,1039.0,1040.0
10417.0,2424.0,2441.0,2418.0,1042.0,1047.0,1045.0
10459.0,2447.0,2446.0,2432.0,1040.0,1046.0,1048.0
10485.0,2461.0,2447.0,2430.0,1053.0,1047.0,1047.0
10454.0,2445.0,2439.0,2423.0,1042.0,1051.0,1054.0
10509.0,2440.0,2450.0,2458.0,1051.0,1055.0,1055.0
10457.0,2422.0,2442.0,2452.0,1048.0,1050.0,1043.0
10450.0,2430.0,2440.0,2448.0,1041.0,1046.0,1045.0
10409.0,2438.0,2420.0,2432.0,1040.0,1040.0,1039.0
10421.0,2427.0,2438.0,2441.0,1047.0,1036.0,1032.0
10378.0,2437.0,2419.0,2425.0,1035.0,1027.0,1035.0
10377.0,2422.0,2417.0,2427.0,1038.0,1035.0,1038.0
10332.0,2408.0,2410.0,2415.0,1036.0,1030.0,1033.0
10418.0,2430.0,2433.0,2435.0,1045.0,1039.0,1036.0
10444.0,2448.0,2433.0,2436.0,1046.0,1046.0,1035.0
10463.0,2461.0,2441.0,2435.0,1035.0,1047.0,1044.0
10487.0,2448.0,2448.0,2443.0,1050.0,1049.0,1049.0
10516.0,2448.0,2467.0,2447.0,1048.0,1055.0,1051.0
10503.0,2447.0,2460.0,2451.0,1036.0,1055.0,1054.0
10498.0,2432.0,2464.0,2457.0,1039.0,1057.0,1049.0
10503.0,2457.0,2454.0,2448.0,1050.0,1050.0,1044.0
10441.0,2423.0,2440.0,2438.0,1049.0,1043.0,1048.0
10443.0,2439.0,2425.0,2441.0,1048.0,1046.0,1044.0
10374.0,2415.0,2418.0,2425.0,1042.0,1031.0,1043.0
10379.0,2407.0,2418.0,2420.0,1047.0,1042.0,1045.0
10380.0,2430.0,2423.0,2405.0,1042.0,1033.0,1047.0
10402.0,2425.0,2423.0,2425.0,1047.0,1036.0,1046.0
10456.0,2441.0,2445.0,2437.0,1042.0,1047.0,1044.0
10499.0,2462.0,2461.0,2426.0,1047.0,1050.0,1053.0
10543.0,2460.0,2464.0,2470.0,1053.0,1047.0,1049.0
10577.0,2470.0,2464.0,2476.0,1059.0,1055.0,1053.0
10534.0,2458.0,2459.0,2463.0,1053.0,1055.0,1046.0
10536.0,2450.0,2446.0,2485.0,1051.0,1056.0,1048.0
10495.0,2444.0,2441.0,2463.0,1044.0,1057.0,1046.0
10460.0,2448.0,2442.0,2440.0,1043.0,1048.0,1039.0
10444.0,2450.0,2439.0,2432.0,1040.0,1041.0,1042.0
10432.0,2432.0,2438.0,2431.0,1047.0,1048.0,1036.0
10401.0,2424.0,2440.0,2426.0,1037.0,1037.0,1037.0
10398.0,2411.0,2431.0,2416.0,1044.0,1052.0,1044.0
10439.0,2441.0,2433.0,2422.0,1051.0,1045.0,1047.0
10450.0,2439.0,2428.0,2431.0,1052.0,1052.0,1048.0
10575.0,2471.0,2465.0,2475.0,1053.0,1054.0,1057.0
10578.0,2474.0,2462.0,2477.0,1055.0,1052.0,1058.0
10584.0,2482.0,2459.0,2475.0,1055.0,1056.0,1057.0
10574.0,2462.0,2470.0,2473.0,1051.0,1061.0,1057.0
10520.0,2441.0,2470.0,2461.0,1050.0,1047.0,1051.0
10545.0,2472.0,2454.0,2469.0,1042.0,1048.0,1060.0
10492.0,2464.0,2457.0,2438.0,1047.0,1043.0,1043.0
10487.0,2451.0,2452.0,2448.0,1046.0,1040.0,1050.0
10417.0,2435.0,2421.0,2434.0,1038.0,1044.0,1045.0
10423.0,2426.0,2440.0,2427.0,1043.0,1045.0,1042.0
10426.0,2443.0,2430.0,2429.0,1043.0,1044.0,1037.0
10452.0,2433.0,2435.0,2441.0,1048.0,1053.0,1042.0
10496.0,2457.0,2440.0,2454.0,1049.0,1047.0,1049.0
10639.0,2480.0,2486.0,2488.0,1060.0,1061.0,1064.0
10626.0,2484.0,2474.0,2483.0,1062.0,1064.0,1059.0
10628.0,2479.0,2467.0,2512.0,1060.0,1058.0,1052.0
10577.0,2466.0,2467.0,2465.0,1057.0,1061.0,1061.0
10555.0,2465.0,2468.0,2457.0,1050.0,1054.0,1061.0
10515.0,2466.0,2430.0,2463.0,1051.0,1049.0,1056.0
10506.0,2456.0,2454.0,2446.0,1049.0,1046.0,1055.0
10446.0,2454.0,2413.0,2435.0,1040.0,1050.0,1054.0
10455.0,2446.0,2441.0,2433.0,1046.0,1049.0,1040.0
10450.0,2443.0,2443.0,2431.0,1041.0,1044.0,1048.0
10497.0,2446.0,2466.0,2442.0,1050.0,1046.0,1047.0
10551.0,2447.0,2467.0,2473.0,1055.0,1050.0,1059.0
10559.0,2457.0,2463.0,2482.0,1048.0,1055.0,1054.0
10607.0,2475.0,2470.0,2479.0,1060.0,1064.0,1059.0
10609.0,2474.0,2463.0,2479.0,1069.0,1065.0,1059.0
10637.0,2478.0,2480.0,2485.0,1060.0,1068.0,1066.0
10600.0,2481.0,2471.0,2455.0,1064.0,1066.0,1063.0
10602.0,2476.0,2476.0,2475.0,1061.0,1060.0,1054.0
10555.0,2448.0,2475.0,2460.0,1056.0,1065.0,1051.0
10535.0,2469.0,2475.0,2432.0,1053.0,1055.0,1051.0
10508.0,2461.0,2459.0,2449.0,1045.0,1042.0,1052.0
10459.0,2438.0,2451.0,2436.0,1046.0,1048.0,1040.0
10508.0,2451.0,2463.0,2443.0,1046.0,1051.0,1054.0
10492.0,2445.0,2442.0,2462.0,1047.0,1045.0,1051.0
10563.0,2458.0,2465.0,2471.0,1055.0,1057.0,1057.0
10570.0,2456.0,2456.0,2481.0,1057.0,1059.0,1061.0
10623.0,2477.0,2469.0,2492.0,1059.0,1062.0,1064.0
10651.0,2492.0,2490.0,2480.0,1069.0,1053.0,1067.0
10656.0,2473.0,2488.0,2478.0,1072.0,1071.0,1074.0
10662.0,2491.0,2489.0,2479.0,1071.0,1065.0,1067.0
10610.0,2474.0,2460.0,2486.0,1065.0,1058.0,1067.0
10582.0,2465.0,2465.0,2461.0,1062.0,1063.0,1066.0
10584.0,2482.0,2453.0,2466.0,1059.0,1067.0,1057.0
10560.0,2478.0,2468.0,2455.0,1049.0,1060.0,1050.0
10512.0,2455.0,2448.0,2452.0,1051.0,1058.0,1048.0
10490.0,2440.0,2448.0,2452.0,1050.0,1053.0,1047.0
10524.0,2454.0,2461.0,2454.0,1055.0,1047.0,1053.0
10589.0,2480.0,2462.0,2472.0,1055.0,1062.0,1058.0
10580.0,2471.0,2479.0,2468.0,1057.0,1055.0,1050.0
10638.0,2484.0,2488.0,2486.0,1058.0,1057.0,1065.0
10659.0,2482.0,2490.0,2499.0,1061.0,1059.0,1068.0
10688.0,2502.0,2479.0,2507.0,1073.0,1067.0,1060.0
10648.0,2475.0,2487.0,2487.0,1068.0,1062.0,1069.0
10638.0,2483.0,2475.0,2482.0,1063.0,1062.0,1073.0
10626.0,2478.0,2483.0,2481.0,1059.0,1057.0,1068.0
10599.0,2477.0,2477.0,2458.0,1064.0,1059.0,1064.0
10546.0,2470.0,2460.0,2459.0,1052.0,1054.0,1051.0
10590.0,2486.0,2477.0,2458.0,1052.0,1061.0,1056.0
10535.0,2457.0,2449.0,2462.0,1054.0,1053.0,1060.0
10543.0,2468.0,2459.0,2457.0,1052.0,1055.0,1052.0
10586.0,2470.0,2472.0,2470.0,1057.0,1060.0,1057.0
10605.0,2487.0,2465.0,2474.0,1056.0,1062.0,1061.0
10663.0,2490.0,2470.0,2493.0,1067.0,1074.0,1069.0
10660.0,2505.0,2485.0,2473.0,1065.0,1068.0,1064.0
10690.0,2500.0,2496.0,2479.0,1077.0,1073.0,1065.0
10703.0,2491.0,2515.0,2483.0,1075.0,1072.0,1067.0
10660.0,2470.0,2504.0,2485.0,1068.0,1068.0,1065.0
10660.0,2482.0,2480.0,2490.0,1076.0,1064.0,1068.0
10651.0,2502.0,2485.0,2484.0,1063.0,1055.0,1062.0
10650.0,2500.0,2476.0,2493.0,1064.0,1059.0,1058.0
10582.0,2470.0,2458.0,2484.0,1054.0,1057.0,1059.0
10514.0,2478.0,2436.0,2436.0,1052.0,1056.0,1056.0
10577.0,2463.0,2475.0,2470.0,1053.0,1054.0,1062.0
10590.0,2460.0,2481.0,2464.0,1056.0,1067.0,1062.0
10640.0,2483.0,2499.0,2473.0,1059.0,1065.0,1061.0
10676.0,2504.0,2479.0,2485.0,1066.0,1068.0,1074.0
10733.0,2514.0,2498.0,2498.0,1068.0,1074.0,1081.0
10722.0,2508.0,2505.0,2490.0,1069.0,1078.0,1072.0
10720.0,2499.0,2491.0,2494.0,1072.0,1077.0,1087.0
10737.0,2492.0,2510.0,2509.0,1077.0,1074.0,1075.0
10671.0,2490.0,2473.0,2507.0,1065.0,1072.0,1064.0
10634.0,2476.0,2482.0,2474.0,1072.0,1071.0,1059.0
10643.0,2486.0,2492.0,2486.0,1060.0,1060.0,1059.0
10618.0,2476.0,2493.0,2477.0,1065.0,1053.0,1054.0
10603.0,2467.0,2489.0,2478.0,1052.0,1059.0,1058.0
10605.0,2468.0,2484.0,2488.0,1061.0,1052.0,1052.0
10590.0,2475.0,2476.0,2473.0,1061.0,1049.0,1056.0
10648.0,2485.0,2483.0,2482.0,1066.0,1069.0,1063.0
10674.0,2519.0,2471.0,2492.0,1068.0,1060.0,1064.0
10728.0,2513.0,2490.0,2501.0,1074.0,1072.0,1078.0
10741.0,2512.0,2501.0,2508.0,1069.0,1076.0,1075.0
10740.0,2502.0,2510.0,2500.0,1080.0,1075.0,1073.0
10724.0,2486.0,2517.0,2510.0,1067.0,1073.0,1071.0
10723.0,2494.0,2507.0,2502.0,1081.0,1075.0,1064.0
10692.0,2495.0,2486.0,2504.0,1067.0,1065.0,1075.0
10666.0,2496.0,2491.0,2481.0,1067.0,1067.0,1064.0
10656.0,2504.0,2479.0,2481.0,1063.0,1064.0,1065.0
10597.0,2476.0,2451.0,2468.0,1064.0,1068.0,1070.0
10588.0,2472.0,2455.0,2472.0,1060.0,1064.0,1065.0
10621.0,2454.0,2478.0,2482.0,1067.0,1070.0,1070.0
10696.0,2500.0,2507.0,2488.0,1068.0,1068.0,1065.0
10750.0,2507.0,2514.0,2508.0,1072.0,1077.0,1072.0
10768.0,2513.0,2526.0,2502.0,1077.0,1077.0,1073.0
10757.0,2512.0,2514.0,2513.0,1075.0,1071.0,1072.0
10749.0,2511.0,2515.0,2508.0,1077.0,1070.0,1068.0
10716.0,2497.0,2497.0,2507.0,1075.0,1071.0,1069.0
10726.0,2497.0,2497.0,2517.0,1070.0,1080.0,1065.0
10687.0,2496.0,2490.0,2495.0,1077.0,1070.0,1059.0
10664.0,2497.0,2469.0,2491.0,1075.0,1065.0,1067.0
10623.0,2487.0,2468.0,2470.0,1072.0,1063.0,1063.0
10622.0,2473.0,2468.0,2489.0,1062.0,1067.0,1063.0
10638.0,2467.0,2495.0,2467.0,1068.0,1076.0,1065.0
10681.0,2491.0,2506.0,2479.0,1066.0,1069.0,1070.0
10725.0,2505.0,2504.0,2499.0,1072.0,1076.0,1069.0
10754.0,2515.0,2506.0,2508.0,1072.0,1076.0,1077.0
10805.0,2522.0,2512.0,2522.0,1075.0,1087.0,1087.0
10804.0,2537.0,2503.0,2528.0,1077.0,1077.0,1082.0
10786.0,2506.0,2519.0,2527.0,1076.0,1078.0,1080.0
10797.0,2515.0,2523.0,2526.0,1078.0,1074.0,1081.0
10763.0,2492.0,2525.0,2525.0,1078.0,1066.0,1077.0
10756.0,2515.0,2526.0,2492.0,1083.0,1068.0,1072.0
10719.0,2511.0,2506.0,2499.0,1071.0,1062.0,1070.0
10653.0,2485.0,2481.0,2480.0,1075.0,1072.0,1060.0
10637.0,2489.0,2488.0,2458.0,1069.0,1067.0,1066.0
10667.0,2476.0,2486.0,2500.0,1068.0,1066.0,1071.0
10697.0,2493.0,2486.0,2501.0,1076.0,1074.0,1067.0
10749.0,2501.0,2494.0,2519.0,1082.0,1079.0,1074.0
10808.0,2527.0,2521.0,2518.0,1077.0,1087.0,1078.0
10832.0,2539.0,2526.0,2525.0,1076.0,1081.0,1085.0
10851.0,2521.0,2534.0,2541.0,1082.0,1092.0,1081.0
10806.0,2516.0,2526.0,2524.0,1080.0,1077.0,1083.0
10816.0,2516.0,2521.0,2542.0,1072.0,1079.0,1086.0
10762.0,2493.0,2510.0,2513.0,1075.0,1087.0,1084.0
10724.0,2510.0,2491.0,2497.0,1074.0,1076.0,1076.0
10706.0,2505.0,2486.0,2492.0,1072.0,1072.0,1079.0
10695.0,2504.0,2468.0,2504.0,1073.0,1070.0,1076.0
10645.0,2467.0,2501.0,2470.0,1073.0,1063.0,1071.0
10693.0,2482.0,2505.0,2487.0,1076.0,1072.0,1071.0
10754.0,2493.0,2515.0,2521.0,1080.0,1070.0,1075.0
10824.0,2521.0,2523.0,2531.0,1084.0,1079.0,1086.0
10817.0,2517.0,2520.0,2529.0,1088.0,1085.0,1078.0
10866.0,2529.0,2542.0,2526.0,1085.0,1095.0,1089.0
10884.0,2536.0,2534.0,2556.0,1085.0,1087.0,1086.0
10842.0,2524.0,2530.0,2538.0,1079.0,1090.0,1081.0
10824.0,2520.0,2519.0,2540.0,1078.0,1089.0,1078.0
10776.0,2508.0,2519.0,2512.0,1075.0,1085.0,1077.0
10775.0,2520.0,2525.0,2509.0,1070.0,1079.0,1072.0
10754.0,2509.0,2516.0,2498.0,1075.0,1076.0,1080.0
10727.0,2507.0,2509.0,2498.0,1069.0,1075.0,1069.0
10725.0,2506.0,2490.0,2501.0,1079.0,1068.0,1081.0
10711.0,2491.0,2508.0,2490.0,1077.0,1070.0,1075.0
10759.0,2500.0,2509.0,2521.0,1080.0,1074.0,1075.0
10829.0,2535.0,2520.0,2523.0,1086.0,1086.0,1079.0
10821.0,2526.0,2503.0,2536.0,1085.0,1083.0,1088.0
10891.0,2537.0,2538.0,2545.0,1096.0,1082.0,1093.0
10890.0,2525.0,2541.0,2544.0,1095.0,1093.0,1092.0
10864.0,2525.0,2539.0,2524.0,1092.0,1090.0,1094.0
10879.0,2526.0,2541.0,2550.0,1087.0,1084.0,1091.0
10821.0,2519.0,2529.0,2524.0,1078.0,1087.0,1084.0
10783.0,2541.0,2512.0,2510.0,1070.0,1076.0,1074.0
10770.0,2515.0,2514.0,2508.0,1072.0,1081.0,1080.0
10743.0,2506.0,2501.0,2504.0,1080.0,1081.0,1071.0
10727.0,2501.0,2502.0,2510.0,1069.0,1078.0,1067.0
10766.0,2512.0,2513.0,2513.0,1075.0,1079.0,1074.0
10806.0,2509.0,2521.0,2527.0,1084.0,1089.0,1076.0
10852.0,2530.0,2533.0,2536.0,1092.0,1083.0,1078.0
10895.0,2544.0,2536.0,2550.0,1093.0,1091.0,1081.0
10897.0,2544.0,2549.0,2544.0,1092.0,1086.0,1082.0
10907.0,2548.0,2536.0,2547.0,1101.0,1091.0,1084.0
10875.0,2525.0,2543.0,2538.0,1093.0,1085.0,1091.0
10823.0,2507.0,2538.0,2521.0,1086.0,1087.0,1084.0
10803.0,2525.0,2526.0,2498.0,1079.0,1083.0,1092.0
10832.0,2538.0,2514.0,2529.0,1076.0,1079.0,1096.0
10788.0,2525.0,2523.0,2504.0,1078.0,1075.0,1083.0
10787.0,2511.0,2520.0,2519.0,1082.0,1075.0,1080.0
10801.0,2508.0,2530.0,2528.0,1078.0,1080.0,1077.0
10782.0,2519.0,2515.0,2514.0,1075.0,1081.0,1078.0
10833.0,2510.0,2531.0,2536.0,1084.0,1089.0,1083.0
10848.0,2535.0,2518.0,2547.0,1077.0,1087.0,1084.0
10898.0,2547.0,2536.0,2539.0,1087.0,1098.0,1091.0
10941.0,2566.0,2544.0,2545.0,1102.0,1094.0,1090.0
10933.0,2546.0,2552.0,2550.0,1103.0,1091.0,1091.0
10918.0,2555.0,2547.0,2536.0,1094.0,1098.0,1088.0
10891.0,2530.0,2557.0,2533.0,1094.0,1093.0,1084.0
10923.0,2546.0,2550.0,2548.0,1101.0,1088.0,1090.0
10870.0,2544.0,2531.0,2541.0,1085.0,1086.0,1083.0
10814.0,2548.0,2517.0,2523.0,1080.0,1072.0,1074.0
10821.0,2544.0,2513.0,2532.0,1081.0,1077.0,1074.0
10771.0,2510.0,2508.0,2525.0,1073.0,1076.0,1079.0
10808.0,2526.0,2527.0,2535.0,1069.0,1073.0,1078.0
10808.0,2506.0,2523.0,2532.0,1073.0,1086.0,1088.0
10889.0,2532.0,2539.0,2558.0,1087.0,1086.0,1087.0
10913.0,2557.0,2558.0,2524.0,1088.0,1088.0,1098.0
10947.0,2551.0,2569.0,2541.0,1093.0,1096.0,1097.0
10974.0,2560.0,2560.0,2548.0,1103.0,1102.0,1101.0
10958.0,2556.0,2558.0,2548.0,1099.0,1103.0,1094.0
10946.0,2551.0,2560.0,2549.0,1095.0,1099.0,1092.0
10914.0,2541.0,2535.0,2560.0,1098.0,1090.0,1090.0
10871.0,2554.0,2525.0,2522.0,1094.0,1085.0,1091.0
10841.0,2539.0,2513.0,2536.0,1078.0,1091.0,1084.0
10876.0,2540.0,2537.0,2550.0,1088.0,1081.0,1080.0
10828.0,2531.0,2535.0,2525.0,1077.0,1079.0,1081.0
10811.0,2536.0,2524.0,2508.0,1080.0,1081.0,1082.0
10839.0,2526.0,2532.0,2530.0,1084.0,1085.0,1082.0
10894.0,2551.0,2545.0,2532.0,1089.0,1084.0,1093.0
10937.0,2559.0,2564.0,2540.0,1094.0,1089.0,1091.0
10936.0,2563.0,2538.0,2558.0,1092.0,1092.0,1093.0
11003.0,2560.0,2578.0,2557.0,1097.0,1106.0,1105.0
10982.0,2565.0,2556.0,2566.0,1100.0,1097.0,1098.0
10950.0,2542.0,2551.0,2569.0,1099.0,1091.0,1098.0
10942.0,2536.0,2547.0,2569.0,1095.0,1096.0,1099.0
10939.0,2546.0,2560.0,2546.0,1095.0,1101.0,1091.0
10901.0,2542.0,2532.0,2545.0,1089.0,1096.0,1097.0
10904.0,2561.0,2535.0,2538.0,1089.0,1091.0,1090.0
10846.0,2531.0,2533.0,2522.0,1086.0,1084.0,1090.0
10862.0,2549.0,2518.0,2527.0,1088.0,1089.0,1091.0
10860.0,2524.0,2536.0,2530.0,1088.0,1090.0,1092.0
10893.0,2545.0,2535.0,2541.0,1089.0,1088.0,1095.0
10966.0,2578.0,2566.0,2549.0,1089.0,1090.0,1094.0
11030.0,2570.0,2564.0,2586.0,1101.0,1103.0,1106.0
11011.0,2566.0,2584.0,2569.0,1102.0,1090.0,1100.0
11008.0,2565.0,2587.0,2561.0,1100.0,1095.0,1100.0
10991.0,2550.0,2574.0,2576.0,1096.0,1093.0,1102.0
10949.0,2546.0,2553.0,2569.0,1098.0,1094.0,1089.0
10939.0,2562.0,2543.0,2553.0,1097.0,1097.0,1087.0
10903.0,2550.0,2527.0,2560.0,1092.0,1088.0,1086.0
10896.0,2546.0,2531.0,2547.0,1092.0,1094.0,1086.0
10865.0,2546.0,2545.0,2511.0,1085.0,1090.0,1088.0
10908.0,2544.0,2552.0,2546.0,1087.0,1087.0,1092.0
10902.0,2549.0,2548.0,2534.0,1088.0,1096.0,1087.0
10995.0,2575.0,2578.0,2545.0,1095.0,1102.0,1100.0
10991.0,2570.0,2562.0,2555.0,1098.0,1103.0,1103.0
11010.0,2571.0,2559.0,2577.0,1093.0,1105.0,1105.0
11047.0,2591.0,2566.0,2583.0,1095.0,1106.0,1106.0
11027.0,2572.0,2574.0,2575.0,1103.0,1097.0,1106.0
11016.0,2560.0,2567.0,2581.0,1103.0,1104.0,1101.0
10945.0,2540.0,2541.0,2568.0,1099.0,1096.0,1101.0
10953.0,2569.0,2564.0,2544.0,1098.0,1091.0,1087.0
10921.0,2562.0,2546.0,2541.0,1102.0,1083.0,1087.0
10907.0,2544.0,2553.0,2550.0,1085.0,1085.0,1090.0
10914.0,2544.0,2554.0,2549.0,1090.0,1086.0,1091.0
10926.0,2549.0,2562.0,2547.0,1092.0,1093.0,1083.0
10917.0,2535.0,2546.0,2551.0,1093.0,1097.0,1095.0
10966.0,2570.0,2553.0,2564.0,1093.0,1097.0,1089.0
11017.0,2581.0,2564.0,2571.0,1096.0,1100.0,1105.0
11082.0,2582.0,2586.0,2594.0,1104.0,1110.0,1106.0
11058.0,2581.0,2573.0,2591.0,1102.0,1105.0,1106.0
11061.0,2570.0,2581.0,2594.0,1102.0,1105.0,1109.0
11020.0,2558.0,2562.0,2582.0,1104.0,1109.0,1105.0
11024.0,2566.0,2590.0,2560.0,1104.0,1102.0,1102.0
10979.0,2552.0,2564.0,2556.0,1105.0,1103.0,1099.0
10920.0,2558.0,2541.0,2536.0,1096.0,1091.0,1098.0
10944.0,2570.0,2549.0,2542.0,1087.0,1090.0,1106.0
10940.0,2555.0,2541.0,2553.0,1103.0,1084.0,1104.0
10924.0,2540.0,2551.0,2558.0,1092.0,1090.0,1093.0
10984.0,2557.0,2571.0,2572.0,1092.0,1096.0,1096.0
11013.0,2573.0,2571.0,2572.0,1104.0,1100.0,1093.0
11057.0,2587.0,2593.0,2584.0,1100.0,1096.0,1097.0
11128.0,2604.0,2601.0,2598.0,1106.0,1113.0,1106.0
11070.0,2578.0,2582.0,2595.0,1107.0,1108.0,1100.0
11070.0,2587.0,2578.0,2586.0,1108.0,1108.0,1103.0
11020.0,2561.0,2576.0,2575.0,1098.0,1110.0,1100.0
11004.0,2569.0,2558.0,2575.0,1106.0,1103.0,1093.0
10939.0,2557.0,2551.0,2541.0,1101.0,1100.0,1089.0
10967.0,2570.0,2563.0,2538.0,1092.0,1103.0,1101.0
10942.0,2546.0,2558.0,2545.0,1097.0,1097.0,1099.0
10971.0,2556.0,2560.0,2559.0,1092.0,1097.0,1107.0
10981.0,2575.0,2560.0,2558.0,1099.0,1093.0,1096.0
11015.0,2544.0,2559.0,2591.0,1106.0,1105.0,1110.0
11027.0,2574.0,2563.0,2585.0,1106.0,1095.0,1104.0
11054.0,2591.0,2554.0,2590.0,1103.0,1100.0,1116.0
11095.0,2597.0,2589.0,2591.0,1105.0,1099.0,1114.0
11137.0,2602.0,2589.0,2610.0,1112.0,1107.0,1117.0
11083.0,2575.0,2588.0,2590.0,1109.0,1106.0,1115.0
11061.0,2593.0,2588.0,2568.0,1103.0,1103.0,1106.0
11077.0,2583.0,2597.0,2573.0,1106.0,1105.0,1113.0
11051.0,2586.0,2581.0,2571.0,1100.0,1111.0,1102.0
11009.0,2576.0,2570.0,2565.0,1098.0,1101.0,1099.0
10993.0,2576.0,2543.0,2565.0,1101.0,1103.0,1105.0
10958.0,2549.0,2545.0,2568.0,1100.0,1099.0,1097.0
10997.0,2567.0,2563.0,2560.0,1107.0,1104.0,1096.0
11027.0,2557.0,2566.0,2583.0,1107.0,1115.0,1099.0
11113.0,2585.0,2602.0,2593.0,1115.0,1115.0,1103.0
11117.0,2602.0,2590.0,2592.0,1108.0,1112.0,1113.0
11155.0,2614.0,2613.0,2590.0,1109.0,1113.0,1116.0
11149.0,2608.0,2592.0,2605.0,1113.0,1115.0,1116.0
11102.0,2595.0,2584.0,2586.0,1104.0,1112.0,1121.0
11079.0,2574.0,2585.0,2581.0,1114.0,1114.0,1111.0
11076.0,2593.0,2571.0,2588.0,1105.0,1106.0,1113.0
11034.0,2589.0,2565.0,2574.0,1100.0,1100.0,1106.0
11049.0,2586.0,2571.0,2577.0,1104.0,1096.0,1115.0
10997.0,2564.0,2570.0,2577.0,1095.0,1097.0,1094.0
11037.0,2568.0,2576.0,2583.0,1105.0,1099.0,1106.0
11078.0,2568.0,2592.0,2602.0,1109.0,1097.0,1110.0
11065.0,2573.0,2586.0,2582.0,1109.0,1109.0,1106.0
11084.0,2585.0,2573.0,2597.0,1112.0,1109.0,1108.0
11147.0,2614.0,2600.0,2594.0,1119.0,1109.0,1111.0
11122.0,2599.0,2598.0,2577.0,1116.0,1116.0,1116.0
11137.0,2597.0,2592.0,2603.0,1117.0,1119.0,1109.0
11122.0,2581.0,2605.0,2587.0,1120.0,1119.0,1110.0
11142.0,2593.0,2605.0,2597.0,1116.0,1115.0,1116.0
