demand,Demand_Retailer_0,Demand_Retailer_1,Demand_Retailer_2,Demand_Retailer_3,Demand_Retailer_4,Demand_Retailer_5
991.0,231.0,247.0,233.0,94.0,95.0,91.0
938.0,231.0,232.0,216.0,86.0,88.0,85.0
940.0,225.0,218.0,223.0,77.0,95.0,102.0
891.0,217.0,185.0,193.0,94.0,100.0,102.0
921.0,218.0,219.0,208.0,96.0,84.0,96.0
1000.0,239.0,237.0,220.0,102.0,100.0,102.0
1003.0,226.0,253.0,215.0,107.0,105.0,97.0
912.0,230.0,193.0,226.0,88.0,89.0,86.0
1095.0,258.0,227.0,282.0,113.0,105.0,110.0
1049.0,222.0,249.0,266.0,108.0,107.0,97.0
1045.0,231.0,238.0,273.0,100.0,99.0,104.0
1087.0,259.0,245.0,253.0,111.0,114.0,105.0
1052.0,223.0,257.0,239.0,115.0,102.0,116.0
1080.0,229.0,239.0,277.0,112.0,117.0,106.0
998.0,220.0,233.0,221.0,108.0,100.0,116.0
1045.0,234.0,267.0,240.0,102.0,102.0,100.0
1011.0,224.0,248.0,225.0,94.0,104.0,116.0
1036.0,233.0,241.0,249.0,102.0,104.0,107.0
1055.0,260.0,226.0,259.0,98.0,100.0,112.0
1071.0,259.0,260.0,253.0,106.0,95.0,98.0
894.0,203.0,208.0,221.0,89.0,85.0,88.0
1121.0,277.0,279.0,221.0,124.0,106.0,114.0
1054.0,255.0,252.0,249.0,95.0,106.0,97.0
1121.0,263.0,254.0,260.0,115.0,118.0,111.0
1156.0,262.0,292.0,277.0,101.0,114.0,110.0
1069.0,253.0,257.0,252.0,99.0,100.0,108.0
921.0,211.0,222.0,213.0,85.0,93.0,97.0
1010.0,220.0,222.0,247.0,103.0,109.0,109.0
1024.0,237.0,228.0,238.0,110.0,102.0,109.0
1035.0,254.0,253.0,240.0,107.0,91.0,90.0
1041.0,223.0,262.0,253.0,107.0,97.0,99.0
996.0,222.0,240.0,237.0,103.0,103.0,91.0
1144.0,274.0,257.0,274.0,113.0,121.0,105.0
906.0,222.0,218.0,188.0,89.0,101.0,88.0
1134.0,253.0,268.0,261.0,113.0,122.0,117.0
1020.0,246.0,258.0,211.0,101.0,96.0,108.0
1052.0,257.0,232.0,248.0,107.0,99.0,109.0
1125.0,263.0,269.0,241.0,123.0,115.0,114.0
1056.0,250.0,240.0,243.0,110.0,102.0,111.0
1108.0,277.0,277.0,243.0,107.0,103.0,101.0
1135.0,256.0,287.0,248.0,113.0,115.0,116.0
1059.0,262.0,258.0,237.0,89.0,113.0,100.0
1088.0,270.0,215.0,272.0,113.0,109.0,109.0
968.0,247.0,199.0,233.0,100.0,96.0,93.0
1151.0,260.0,271.0,264.0,124.0,121.0,111.0
1102.0,246.0,262.0,254.0,113.0,113.0,114.0
1048.0,270.0,229.0,238.0,113.0,90.0,108.0
1026.0,272.0,222.0,221.0,92.0,99.0,120.0
1039.0,258.0,232.0,235.0,102.0,102.0,110.0
1118.0,267.0,273.0,266.0,102.0,112.0,98.0
1216.0,296.0,293.0,291.0,113.0,117.0,106.0
1107.0,239.0,275.0,254.0,112.0,123.0,104.0
1247.0,285.0,269.0,297.0,139.0,133.0,124.0
1061.0,257.0,265.0,229.0,110.0,99.0,101.0
1066.0,241.0,257.0,245.0,104.0,105.0,114.0
1111.0,248.0,266.0,272.0,105.0,107.0,113.0
1212.0,277.0,289.0,303.0,117.0,105.0,121.0
1196.0,288.0,267.0,285.0,118.0,116.0,122.0
1057.0,233.0,235.0,259.0,98.0,109.0,123.0
1046.0,228.0,271.0,231.0,105.0,107.0,104.0
1104.0,259.0,282.0,234.0,104.0,107.0,118.0
1139.0,255.0,261.0,287.0,116.0,125.0,95.0
1118.0,271.0,257.0,268.0,118.0,111.0,93.0
1221.0,282.0,278.0,297.0,118.0,119.0,127.0
1105.0,269.0,264.0,262.0,100.0,104.0,106.0
1014.0,230.0,237.0,240.0,102.0,98.0,107.0
1074.0,266.0,227.0,247.0,112.0,112.0,110.0
1244.0,314.0,264.0,293.0,125.0,116.0,132.0
1190.0,282.0,266.0,286.0,116.0,121.0,119.0
1050.0,206.0,250.0,261.0,104.0,114.0,115.0
1223.0,284.0,277.0,291.0,126.0,132.0,113.0
1199.0,303.0,260.0,289.0,105.0,119.0,123.0
1148.0,273.0,274.0,262.0,113.0,112.0,114.0
1243.0,271.0,313.0,291.0,133.0,113.0,122.0
1240.0,310.0,320.0,264.0,121.0,112.0,113.0
1134.0,252.0,256.0,278.0,114.0,114.0,120.0
1204.0,258.0,273.0,294.0,128.0,125.0,126.0
1209.0,297.0,277.0,260.0,117.0,130.0,128.0
1245.0,295.0,280.0,278.0,125.0,138.0,129.0
1027.0,261.0,242.0,230.0,90.0,106.0,98.0
1247.0,277.0,298.0,292.0,122.0,131.0,127.0
1139.0,266.0,264.0,269.0,117.0,112.0,111.0
1170.0,276.0,294.0,261.0,122.0,110.0,107.0
1210.0,264.0,285.0,280.0,130.0,129.0,122.0
1226.0,269.0,317.0,280.0,121.0,123.0,116.0
1184.0,302.0,272.0,251.0,117.0,126.0,116.0
1104.0,269.0,240.0,274.0,97.0,114.0,110.0
1234.0,294.0,292.0,290.0,113.0,122.0,123.0
1303.0,302.0,310.0,305.0,130.0,128.0,128.0
1141.0,278.0,282.0,255.0,109.0,103.0,114.0
1083.0,245.0,235.0,266.0,122.0,107.0,108.0
1171.0,286.0,267.0,253.0,130.0,111.0,124.0
1208.0,288.0,264.0,287.0,124.0,126.0,119.0
1092.0,246.0,262.0,250.0,110.0,118.0,106.0
1083.0,243.0,233.0,285.0,107.0,114.0,101.0
1187.0,294.0,273.0,279.0,117.0,119.0,105.0
1243.0,297.0,271.0,301.0,126.0,129.0,119.0
1058.0,225.0,259.0,244.0,101.0,112.0,117.0
1041.0,225.0,257.0,232.0,107.0,113.0,107.0
1284.0,293.0,295.0,325.0,135.0,115.0,121.0
1242.0,295.0,274.0,299.0,124.0,123.0,127.0
1263.0,299.0,268.0,314.0,125.0,124.0,133.0
1137.0,273.0,246.0,291.0,103.0,112.0,112.0
1190.0,276.0,303.0,253.0,119.0,118.0,121.0
1196.0,286.0,281.0,277.0,123.0,119.0,110.0
1249.0,276.0,277.0,316.0,133.0,132.0,115.0
1234.0,280.0,263.0,314.0,127.0,131.0,119.0
1237.0,291.0,285.0,281.0,134.0,119.0,127.0
1271.0,261.0,315.0,299.0,128.0,126.0,142.0
1241.0,303.0,303.0,278.0,116.0,113.0,128.0
1171.0,274.0,273.0,257.0,118.0,121.0,128.0
1031.0,245.0,230.0,239.0,104.0,101.0,112.0
1210.0,275.0,278.0,296.0,125.0,120.0,116.0
1243.0,295.0,273.0,312.0,130.0,111.0,122.0
1386.0,323.0,321.0,319.0,147.0,141.0,135.0
1325.0,290.0,306.0,313.0,139.0,147.0,130.0
1310.0,327.0,282.0,298.0,138.0,138.0,127.0
1292.0,313.0,307.0,306.0,120.0,120.0,126.0
1047.0,235.0,268.0,237.0,98.0,107.0,102.0
1256.0,299.0,305.0,287.0,129.0,114.0,122.0
1126.0,290.0,226.0,271.0,113.0,108.0,118.0
1201.0,283.0,258.0,297.0,120.0,119.0,124.0
1268.0,294.0,306.0,289.0,132.0,120.0,127.0
1187.0,268.0,303.0,256.0,121.0,124.0,115.0
1168.0,278.0,271.0,260.0,111.0,124.0,124.0
1253.0,268.0,302.0,311.0,115.0,133.0,124.0
1215.0,264.0,282.0,300.0,122.0,117.0,130.0
1299.0,326.0,305.0,299.0,123.0,126.0,120.0
1048.0,237.0,252.0,247.0,114.0,93.0,105.0
1305.0,290.0,304.0,293.0,144.0,130.0,144.0
1267.0,300.0,269.0,295.0,134.0,134.0,135.0
1339.0,319.0,298.0,317.0,131.0,143.0,131.0
1313.0,294.0,329.0,294.0,125.0,139.0,132.0
1418.0,338.0,338.0,316.0,140.0,147.0,139.0
1271.0,308.0,310.0,270.0,135.0,132.0,116.0
1276.0,314.0,284.0,295.0,124.0,132.0,127.0
1317.0,315.0,289.0,317.0,134.0,132.0,130.0
1330.0,326.0,304.0,328.0,127.0,118.0,127.0
1227.0,259.0,284.0,312.0,123.0,130.0,119.0
1228.0,279.0,298.0,301.0,115.0,110.0,125.0
1240.0,294.0,273.0,282.0,123.0,138.0,130.0
1251.0,303.0,293.0,284.0,119.0,133.0,119.0
1317.0,299.0,315.0,308.0,129.0,142.0,124.0
1291.0,299.0,307.0,281.0,139.0,136.0,129.0
1246.0,295.0,289.0,285.0,134.0,124.0,119.0
1398.0,326.0,319.0,336.0,143.0,134.0,140.0
1269.0,261.0,300.0,335.0,131.0,119.0,123.0
1339.0,316.0,328.0,311.0,123.0,126.0,135.0
1506.0,358.0,369.0,315.0,156.0,158.0,150.0
1283.0,308.0,301.0,288.0,121.0,136.0,129.0
1278.0,275.0,299.0,317.0,125.0,127.0,135.0
1280.0,299.0,282.0,309.0,130.0,128.0,132.0
1402.0,317.0,328.0,334.0,141.0,147.0,135.0
1397.0,309.0,322.0,329.0,146.0,138.0,153.0
1275.0,300.0,291.0,302.0,132.0,121.0,129.0
1361.0,321.0,320.0,307.0,136.0,135.0,142.0
1476.0,341.0,367.0,346.0,131.0,150.0,141.0
1297.0,297.0,306.0,304.0,131.0,132.0,127.0
1315.0,305.0,290.0,316.0,136.0,142.0,126.0
1324.0,300.0,309.0,289.0,151.0,141.0,134.0
1173.0,269.0,259.0,272.0,118.0,129.0,126.0
1235.0,288.0,284.0,287.0,123.0,130.0,123.0
1392.0,314.0,351.0,328.0,133.0,134.0,132.0
1446.0,326.0,302.0,386.0,146.0,139.0,147.0
1347.0,324.0,286.0,324.0,139.0,140.0,134.0
1256.0,312.0,284.0,289.0,134.0,116.0,121.0
1296.0,309.0,312.0,293.0,134.0,127.0,121.0
1228.0,258.0,314.0,296.0,126.0,117.0,117.0
1409.0,341.0,323.0,328.0,145.0,138.0,134.0
1443.0,350.0,322.0,340.0,141.0,151.0,139.0
1420.0,345.0,322.0,320.0,143.0,146.0,144.0
1410.0,321.0,314.0,344.0,135.0,144.0,152.0
1328.0,330.0,320.0,287.0,131.0,121.0,139.0
1107.0,276.0,253.0,232.0,109.0,114.0,123.0
1293.0,306.0,269.0,311.0,141.0,131.0,135.0
1240.0,284.0,266.0,309.0,128.0,127.0,126.0
1437.0,332.0,339.0,342.0,143.0,141.0,140.0
1437.0,335.0,339.0,324.0,147.0,150.0,142.0
1432.0,311.0,347.0,324.0,141.0,157.0,152.0
1417.0,341.0,323.0,329.0,144.0,145.0,135.0
1389.0,331.0,341.0,302.0,138.0,140.0,137.0
1262.0,270.0,308.0,286.0,126.0,134.0,138.0
1319.0,306.0,313.0,299.0,141.0,127.0,133.0
1363.0,319.0,327.0,322.0,132.0,124.0,139.0
1357.0,306.0,319.0,332.0,139.0,123.0,138.0
1230.0,296.0,282.0,278.0,115.0,130.0,129.0
1283.0,303.0,313.0,276.0,119.0,137.0,135.0
1308.0,327.0,303.0,299.0,124.0,130.0,125.0
1417.0,322.0,328.0,346.0,128.0,159.0,134.0
1262.0,278.0,291.0,306.0,128.0,140.0,119.0
1411.0,319.0,328.0,336.0,156.0,144.0,128.0
1490.0,336.0,365.0,330.0,161.0,144.0,154.0
1460.0,351.0,340.0,319.0,150.0,141.0,159.0
1307.0,314.0,305.0,291.0,141.0,118.0,138.0
1434.0,339.0,322.0,345.0,137.0,142.0,149.0
1433.0,331.0,329.0,341.0,142.0,140.0,150.0
1421.0,311.0,349.0,350.0,135.0,139.0,137.0
1457.0,344.0,359.0,327.0,158.0,138.0,131.0
1450.0,331.0,352.0,335.0,149.0,146.0,137.0
1574.0,367.0,354.0,377.0,169.0,153.0,154.0
1530.0,356.0,371.0,344.0,157.0,152.0,150.0
1336.0,314.0,307.0,322.0,128.0,128.0,137.0
1485.0,314.0,371.0,363.0,137.0,148.0,152.0
1377.0,338.0,306.0,324.0,135.0,130.0,144.0
1262.0,332.0,273.0,257.0,138.0,136.0,126.0
1525.0,351.0,360.0,335.0,154.0,165.0,160.0
1333.0,302.0,318.0,309.0,139.0,139.0,126.0
1295.0,291.0,316.0,308.0,126.0,131.0,123.0
1333.0,318.0,299.0,317.0,133.0,132.0,134.0
1443.0,347.0,314.0,355.0,142.0,145.0,140.0
1259.0,301.0,303.0,283.0,128.0,124.0,120.0
1679.0,429.0,404.0,392.0,153.0,153.0,148.0
1461.0,332.0,342.0,340.0,147.0,145.0,155.0
1416.0,329.0,323.0,323.0,148.0,144.0,149.0
1342.0,324.0,289.0,322.0,128.0,141.0,138.0
1484.0,349.0,341.0,344.0,152.0,147.0,151.0
1321.0,301.0,326.0,288.0,134.0,137.0,135.0
1308.0,306.0,284.0,339.0,117.0,133.0,129.0
1317.0,320.0,313.0,288.0,132.0,130.0,134.0
1478.0,378.0,330.0,354.0,137.0,143.0,136.0
1520.0,342.0,345.0,392.0,154.0,136.0,151.0
1363.0,292.0,346.0,321.0,145.0,124.0,135.0
1414.0,331.0,342.0,320.0,146.0,147.0,128.0
1260.0,303.0,289.0,266.0,133.0,132.0,137.0
1526.0,360.0,350.0,357.0,154.0,155.0,150.0
1449.0,355.0,334.0,346.0,127.0,143.0,144.0
1603.0,378.0,394.0,366.0,145.0,161.0,159.0
1429.0,322.0,337.0,353.0,133.0,140.0,144.0
1577.0,371.0,362.0,384.0,162.0,146.0,152.0
1320.0,311.0,298.0,317.0,140.0,119.0,135.0
1582.0,352.0,380.0,376.0,161.0,157.0,156.0
1509.0,331.0,376.0,350.0,144.0,156.0,152.0
1523.0,373.0,344.0,362.0,143.0,153.0,148.0
1310.0,320.0,299.0,303.0,120.0,137.0,131.0
1548.0,339.0,356.0,373.0,153.0,171.0,156.0
1591.0,364.0,395.0,357.0,155.0,154.0,166.0
1289.0,292.0,312.0,276.0,145.0,127.0,137.0
1280.0,283.0,296.0,307.0,136.0,126.0,132.0
1379.0,306.0,316.0,325.0,145.0,143.0,144.0
1428.0,335.0,337.0,347.0,143.0,134.0,132.0
1547.0,374.0,371.0,358.0,143.0,145.0,156.0
1659.0,371.0,408.0,377.0,159.0,180.0,164.0
1508.0,378.0,346.0,331.0,142.0,157.0,154.0
1499.0,358.0,324.0,363.0,155.0,150.0,149.0
1468.0,350.0,337.0,345.0,148.0,145.0,143.0
1438.0,334.0,331.0,345.0,142.0,145.0,141.0
1563.0,372.0,364.0,367.0,155.0,150.0,155.0
1590.0,389.0,369.0,366.0,161.0,148.0,157.0
1428.0,328.0,336.0,344.0,131.0,146.0,143.0
1386.0,327.0,325.0,323.0,132.0,130.0,149.0
1579.0,374.0,377.0,357.0,148.0,161.0,162.0
1497.0,338.0,344.0,358.0,159.0,150.0,148.0
1321.0,323.0,283.0,325.0,133.0,135.0,122.0
1590.0,380.0,373.0,357.0,162.0,157.0,161.0
1618.0,378.0,389.0,362.0,167.0,157.0,165.0
1503.0,355.0,372.0,341.0,143.0,139.0,153.0
1463.0,344.0,335.0,336.0,149.0,148.0,151.0
1519.0,356.0,337.0,375.0,143.0,141.0,167.0
1509.0,332.0,343.0,367.0,155.0,160.0,152.0
1509.0,373.0,343.0,340.0,156.0,153.0,144.0
1508.0,358.0,349.0,342.0,161.0,146.0,152.0
1594.0,365.0,389.0,361.0,166.0,161.0,152.0
1429.0,324.0,335.0,320.0,134.0,161.0,155.0
1395.0,330.0,298.0,357.0,135.0,138.0,137.0
1497.0,357.0,331.0,376.0,144.0,141.0,148.0
1539.0,356.0,356.0,366.0,155.0,150.0,156.0
1478.0,344.0,345.0,337.0,157.0,143.0,152.0
1394.0,344.0,325.0,306.0,136.0,134.0,149.0
1614.0,357.0,381.0,371.0,163.0,166.0,176.0
1626.0,363.0,369.0,376.0,168.0,183.0,167.0
1466.0,371.0,346.0,330.0,146.0,140.0,133.0
1655.0,395.0,388.0,402.0,150.0,159.0,161.0
1467.0,338.0,339.0,355.0,149.0,143.0,143.0
1419.0,331.0,329.0,336.0,139.0,141.0,143.0
1661.0,379.0,410.0,381.0,165.0,160.0,166.0
1460.0,336.0,352.0,334.0,151.0,142.0,145.0
1681.0,380.0,398.0,401.0,172.0,164.0,166.0
1619.0,376.0,358.0,383.0,159.0,168.0,175.0
1487.0,332.0,332.0,370.0,146.0,149.0,158.0
1512.0,365.0,348.0,329.0,144.0,166.0,160.0
1589.0,375.0,378.0,356.0,162.0,159.0,159.0
1497.0,361.0,336.0,346.0,157.0,147.0,150.0
1564.0,367.0,350.0,361.0,172.0,154.0,160.0
1529.0,341.0,358.0,375.0,161.0,146.0,148.0
1587.0,346.0,377.0,401.0,161.0,152.0,150.0
1593.0,370.0,402.0,371.0,146.0,144.0,160.0
1561.0,347.0,368.0,374.0,154.0,153.0,165.0
1456.0,331.0,342.0,337.0,133.0,165.0,148.0
1605.0,381.0,376.0,360.0,151.0,166.0,171.0
1707.0,394.0,381.0,408.0,181.0,174.0,169.0
1566.0,352.0,358.0,370.0,166.0,157.0,163.0
1569.0,369.0,350.0,374.0,164.0,155.0,157.0
1511.0,368.0,337.0,354.0,152.0,157.0,143.0
1503.0,355.0,369.0,338.0,146.0,151.0,144.0
1519.0,344.0,359.0,348.0,153.0,158.0,157.0
1650.0,401.0,392.0,374.0,159.0,166.0,158.0
1661.0,377.0,382.0,388.0,158.0,177.0,179.0
1581.0,357.0,385.0,350.0,162.0,168.0,159.0
1654.0,378.0,376.0,381.0,176.0,170.0,173.0
1529.0,369.0,357.0,350.0,160.0,142.0,151.0
1660.0,398.0,402.0,353.0,168.0,171.0,168.0
1573.0,375.0,360.0,379.0,155.0,147.0,157.0
1503.0,383.0,319.0,354.0,154.0,145.0,148.0
1521.0,310.0,365.0,387.0,156.0,157.0,146.0
1520.0,347.0,358.0,349.0,150.0,165.0,151.0
1597.0,381.0,376.0,366.0,167.0,159.0,148.0
1528.0,366.0,341.0,361.0,156.0,149.0,155.0
1666.0,365.0,385.0,395.0,173.0,174.0,174.0
1613.0,372.0,387.0,384.0,155.0,158.0,157.0
1730.0,409.0,411.0,412.0,166.0,159.0,173.0
1678.0,382.0,408.0,396.0,174.0,151.0,167.0
1577.0,363.0,357.0,375.0,156.0,155.0,171.0
1641.0,402.0,353.0,388.0,171.0,168.0,159.0
1563.0,364.0,368.0,357.0,154.0,169.0,151.0
1625.0,367.0,389.0,382.0,165.0,172.0,150.0
1710.0,396.0,410.0,395.0,171.0,173.0,165.0
1511.0,357.0,355.0,343.0,152.0,150.0,154.0
1680.0,386.0,387.0,385.0,168.0,176.0,178.0
1483.0,324.0,355.0,349.0,152.0,144.0,159.0
1678.0,406.0,411.0,369.0,164.0,155.0,173.0
1596.0,375.0,357.0,369.0,160.0,164.0,171.0
1680.0,379.0,382.0,397.0,181.0,169.0,172.0
1633.0,377.0,387.0,375.0,166.0,163.0,165.0
1795.0,427.0,437.0,404.0,177.0,187.0,163.0
1785.0,418.0,432.0,404.0,172.0,179.0,180.0
1648.0,375.0,387.0,406.0,154.0,174.0,152.0
1478.0,366.0,331.0,344.0,147.0,149.0,141.0
1416.0,333.0,326.0,337.0,132.0,139.0,149.0
1613.0,375.0,359.0,384.0,173.0,158.0,164.0
1496.0,333.0,359.0,348.0,151.0,147.0,158.0
1657.0,403.0,391.0,359.0,171.0,166.0,167.0
1621.0,369.0,370.0,375.0,165.0,170.0,172.0
1634.0,379.0,378.0,380.0,160.0,177.0,160.0
1861.0,431.0,433.0,439.0,178.0,196.0,184.0
1769.0,419.0,406.0,425.0,174.0,173.0,172.0
1632.0,371.0,404.0,385.0,161.0,160.0,151.0
1583.0,380.0,365.0,357.0,167.0,160.0,154.0
1689.0,396.0,379.0,396.0,185.0,162.0,171.0
1792.0,414.0,442.0,407.0,185.0,164.0,180.0
1612.0,350.0,393.0,383.0,162.0,156.0,168.0
1797.0,408.0,398.0,446.0,173.0,186.0,186.0
1632.0,381.0,369.0,396.0,153.0,173.0,160.0
1712.0,405.0,407.0,389.0,165.0,178.0,168.0
1556.0,371.0,383.0,342.0,153.0,160.0,147.0
1717.0,409.0,370.0,413.0,179.0,174.0,172.0
1622.0,354.0,372.0,405.0,180.0,160.0,151.0
1614.0,367.0,366.0,395.0,172.0,158.0,156.0
1595.0,386.0,373.0,374.0,158.0,147.0,157.0
1659.0,403.0,394.0,388.0,157.0,152.0,165.0
1619.0,378.0,394.0,358.0,156.0,162.0,171.0
1653.0,371.0,380.0,400.0,147.0,171.0,184.0
1763.0,445.0,373.0,403.0,172.0,186.0,184.0
1760.0,394.0,414.0,414.0,184.0,178.0,176.0
1832.0,402.0,433.0,437.0,195.0,182.0,183.0
1725.0,425.0,404.0,398.0,162.0,173.0,163.0
1588.0,384.0,385.0,333.0,164.0,159.0,163.0
1613.0,368.0,385.0,379.0,160.0,160.0,161.0
1740.0,414.0,415.0,407.0,172.0,167.0,165.0
1958.0,474.0,451.0,448.0,186.0,200.0,199.0
1707.0,407.0,394.0,406.0,164.0,168.0,168.0
1674.0,379.0,381.0,386.0,169.0,179.0,180.0
1681.0,425.0,369.0,375.0,169.0,169.0,174.0
1595.0,387.0,396.0,344.0,154.0,150.0,164.0
1758.0,390.0,420.0,418.0,175.0,173.0,182.0
1675.0,383.0,397.0,398.0,168.0,160.0,169.0
1860.0,431.0,421.0,458.0,179.0,182.0,189.0
1768.0,412.0,413.0,416.0,182.0,173.0,172.0
1633.0,365.0,405.0,363.0,171.0,168.0,161.0
1685.0,383.0,392.0,400.0,179.0,171.0,160.0
1647.0,398.0,395.0,365.0,163.0,166.0,160.0
1805.0,413.0,450.0,404.0,173.0,187.0,178.0
1734.0,411.0,374.0,407.0,181.0,175.0,186.0
1747.0,423.0,403.0,406.0,168.0,172.0,175.0
1785.0,424.0,423.0,419.0,168.0,175.0,176.0
1812.0,413.0,439.0,405.0,179.0,187.0,189.0
1756.0,413.0,400.0,420.0,179.0,177.0,167.0
1703.0,411.0,376.0,415.0,175.0,175.0,151.0
1887.0,413.0,466.0,480.0,181.0,180.0,167.0
1918.0,441.0,446.0,471.0,190.0,199.0,171.0
1794.0,442.0,415.0,425.0,166.0,179.0,167.0
1711.0,389.0,393.0,404.0,168.0,174.0,183.0
1816.0,395.0,426.0,440.0,183.0,184.0,188.0
1766.0,411.0,428.0,404.0,178.0,171.0,174.0
1776.0,414.0,421.0,418.0,176.0,172.0,175.0
1852.0,404.0,443.0,451.0,192.0,185.0,177.0
1682.0,397.0,389.0,379.0,168.0,174.0,175.0
1825.0,432.0,440.0,413.0,169.0,179.0,192.0
1715.0,399.0,403.0,399.0,175.0,174.0,165.0
1844.0,412.0,460.0,422.0,182.0,184.0,184.0
1742.0,413.0,400.0,413.0,169.0,174.0,173.0
1750.0,413.0,391.0,432.0,168.0,173.0,173.0
1671.0,369.0,387.0,406.0,168.0,171.0,170.0
1739.0,404.0,414.0,402.0,175.0,166.0,178.0
1730.0,412.0,385.0,402.0,180.0,166.0,185.0
1824.0,432.0,417.0,409.0,185.0,188.0,193.0
1877.0,433.0,426.0,450.0,193.0,197.0,178.0
1775.0,448.0,404.0,404.0,175.0,176.0,168.0
1927.0,432.0,458.0,464.0,190.0,195.0,188.0
1781.0,410.0,422.0,405.0,186.0,183.0,175.0
1695.0,404.0,397.0,394.0,170.0,163.0,167.0
1874.0,448.0,420.0,429.0,196.0,187.0,194.0
1994.0,466.0,470.0,480.0,187.0,193.0,198.0
1771.0,392.0,435.0,416.0,166.0,171.0,191.0
1750.0,436.0,402.0,406.0,161.0,169.0,176.0
1713.0,392.0,381.0,419.0,160.0,172.0,189.0
1786.0,412.0,418.0,414.0,174.0,193.0,175.0
1849.0,421.0,433.0,410.0,201.0,192.0,192.0
1920.0,474.0,442.0,449.0,186.0,180.0,189.0
1813.0,403.0,437.0,439.0,180.0,186.0,168.0
1818.0,426.0,413.0,438.0,191.0,177.0,173.0
1754.0,417.0,383.0,426.0,169.0,168.0,191.0
1798.0,441.0,427.0,398.0,177.0,177.0,178.0
1677.0,383.0,394.0,381.0,174.0,170.0,175.0
1932.0,411.0,446.0,471.0,200.0,206.0,198.0
1751.0,413.0,376.0,415.0,179.0,180.0,188.0
1772.0,417.0,385.0,417.0,189.0,180.0,184.0
1786.0,396.0,417.0,433.0,176.0,181.0,183.0
1799.0,435.0,424.0,419.0,170.0,177.0,174.0
1860.0,447.0,447.0,430.0,174.0,185.0,177.0
1784.0,411.0,438.0,410.0,181.0,176.0,168.0
1808.0,414.0,428.0,434.0,178.0,176.0,178.0
1882.0,460.0,441.0,427.0,192.0,182.0,180.0
2010.0,472.0,460.0,480.0,206.0,186.0,206.0
1846.0,414.0,423.0,430.0,189.0,203.0,187.0
1882.0,472.0,422.0,432.0,171.0,192.0,193.0
1781.0,418.0,422.0,390.0,177.0,179.0,195.0
1824.0,399.0,443.0,435.0,187.0,182.0,178.0
1776.0,406.0,418.0,421.0,176.0,175.0,180.0
1885.0,463.0,432.0,444.0,192.0,177.0,177.0
1793.0,407.0,402.0,440.0,185.0,184.0,175.0
1836.0,447.0,407.0,422.0,191.0,183.0,186.0
1849.0,430.0,428.0,428.0,176.0,193.0,194.0
1836.0,444.0,436.0,410.0,181.0,186.0,179.0
1884.0,429.0,435.0,436.0,190.0,205.0,189.0
1937.0,452.0,438.0,462.0,190.0,198.0,197.0
1791.0,443.0,414.0,415.0,176.0,173.0,170.0
1998.0,436.0,495.0,464.0,194.0,195.0,214.0
1990.0,468.0,474.0,458.0,201.0,188.0,201.0
1894.0,459.0,441.0,428.0,182.0,185.0,199.0
1821.0,422.0,409.0,457.0,176.0,181.0,176.0
1858.0,436.0,409.0,450.0,189.0,191.0,183.0
1791.0,433.0,437.0,407.0,166.0,177.0,171.0
1836.0,448.0,437.0,409.0,177.0,185.0,180.0
1986.0,482.0,458.0,435.0,209.0,207.0,195.0
1943.0,466.0,437.0,452.0,204.0,194.0,190.0
1891.0,464.0,424.0,424.0,205.0,184.0,190.0
1867.0,436.0,431.0,441.0,188.0,186.0,185.0
1825.0,413.0,434.0,446.0,174.0,181.0,177.0
1959.0,456.0,478.0,460.0,182.0,196.0,187.0
1855.0,450.0,431.0,421.0,180.0,192.0,181.0
1831.0,424.0,453.0,401.0,182.0,185.0,186.0
1914.0,443.0,450.0,456.0,193.0,192.0,180.0
1890.0,453.0,440.0,434.0,191.0,187.0,185.0
1794.0,421.0,421.0,405.0,183.0,188.0,176.0
1846.0,409.0,430.0,453.0,189.0,178.0,187.0
1911.0,443.0,432.0,447.0,195.0,190.0,204.0
2005.0,469.0,474.0,456.0,205.0,200.0,201.0
1994.0,473.0,482.0,443.0,195.0,196.0,205.0
1963.0,443.0,466.0,452.0,202.0,197.0,203.0
1783.0,434.0,393.0,428.0,172.0,181.0,175.0
1837.0,417.0,421.0,437.0,191.0,187.0,184.0
1848.0,399.0,431.0,453.0,194.0,187.0,184.0
1809.0,413.0,428.0,429.0,183.0,179.0,177.0
1943.0,490.0,441.0,427.0,190.0,196.0,199.0
1955.0,469.0,472.0,447.0,194.0,189.0,184.0
1937.0,444.0,474.0,459.0,191.0,177.0,192.0
1888.0,435.0,450.0,442.0,184.0,188.0,189.0
1958.0,450.0,465.0,463.0,204.0,187.0,189.0
1759.0,393.0,408.0,425.0,179.0,180.0,174.0
1922.0,454.0,450.0,431.0,199.0,194.0,194.0
1916.0,431.0,467.0,445.0,187.0,198.0,188.0
1955.0,441.0,480.0,448.0,192.0,203.0,191.0
1982.0,453.0,467.0,476.0,198.0,191.0,197.0
1861.0,461.0,410.0,450.0,186.0,173.0,181.0
1918.0,454.0,435.0,464.0,195.0,183.0,187.0
1937.0,449.0,454.0,440.0,198.0,194.0,202.0
2046.0,464.0,498.0,462.0,205.0,203.0,214.0
2060.0,489.0,470.0,479.0,205.0,204.0,213.0
1974.0,418.0,460.0,488.0,200.0,203.0,205.0
2068.0,476.0,489.0,490.0,197.0,210.0,206.0
2021.0,484.0,469.0,472.0,192.0,200.0,204.0
1860.0,449.0,443.0,424.0,179.0,177.0,188.0
1894.0,436.0,439.0,437.0,197.0,188.0,197.0
1967.0,473.0,454.0,447.0,200.0,196.0,197.0
1991.0,466.0,455.0,480.0,205.0,190.0,195.0
1948.0,425.0,475.0,469.0,194.0,191.0,194.0
1982.0,448.0,480.0,459.0,195.0,202.0,198.0
1905.0,455.0,428.0,436.0,192.0,197.0,197.0
2017.0,494.0,440.0,470.0,196.0,214.0,203.0
1805.0,407.0,443.0,410.0,176.0,184.0,185.0
2024.0,455.0,484.0,480.0,206.0,202.0,197.0
1958.0,460.0,448.0,472.0,204.0,184.0,190.0
1948.0,448.0,456.0,469.0,204.0,181.0,190.0
1892.0,440.0,437.0,446.0,203.0,178.0,188.0
2144.0,519.0,497.0,507.0,202.0,207.0,212.0
1969.0,446.0,469.0,457.0,196.0,201.0,200.0
1906.0,428.0,453.0,455.0,179.0,198.0,193.0
1929.0,463.0,431.0,462.0,186.0,201.0,186.0
2024.0,459.0,456.0,492.0,212.0,198.0,207.0
2017.0,459.0,474.0,483.0,198.0,194.0,209.0
1935.0,454.0,457.0,439.0,198.0,191.0,196.0
1922.0,456.0,454.0,457.0,183.0,186.0,186.0
1890.0,440.0,437.0,454.0,187.0,180.0,192.0
1966.0,449.0,456.0,481.0,192.0,185.0,203.0
2085.0,499.0,487.0,476.0,213.0,208.0,202.0
2231.0,523.0,530.0,527.0,212.0,227.0,212.0
2069.0,476.0,488.0,463.0,212.0,219.0,211.0
1962.0,455.0,443.0,475.0,196.0,199.0,194.0
2033.0,497.0,450.0,470.0,197.0,206.0,213.0
1951.0,445.0,450.0,478.0,202.0,178.0,198.0
2009.0,449.0,464.0,493.0,192.0,210.0,201.0
2050.0,480.0,492.0,469.0,201.0,200.0,208.0
2001.0,483.0,443.0,465.0,199.0,201.0,210.0
2024.0,471.0,471.0,475.0,202.0,209.0,196.0
2241.0,522.0,517.0,523.0,231.0,235.0,213.0
2022.0,462.0,473.0,484.0,199.0,205.0,199.0
2037.0,493.0,464.0,472.0,198.0,199.0,211.0
2012.0,479.0,463.0,460.0,201.0,206.0,203.0
2049.0,465.0,483.0,486.0,200.0,198.0,217.0
2153.0,515.0,493.0,480.0,212.0,221.0,232.0
2037.0,480.0,507.0,446.0,204.0,194.0,206.0
2010.0,457.0,465.0,469.0,211.0,211.0,197.0
2024.0,469.0,453.0,487.0,205.0,211.0,199.0
1923.0,448.0,445.0,452.0,194.0,200.0,184.0
1974.0,464.0,474.0,455.0,190.0,204.0,187.0
2086.0,490.0,497.0,483.0,205.0,215.0,196.0
2019.0,510.0,462.0,461.0,192.0,196.0,198.0
2106.0,492.0,474.0,509.0,208.0,208.0,215.0
2099.0,480.0,505.0,495.0,205.0,208.0,206.0
2058.0,497.0,459.0,494.0,208.0,193.0,207.0
2032.0,474.0,485.0,473.0,199.0,195.0,206.0
2114.0,492.0,479.0,484.0,232.0,216.0,211.0
2074.0,493.0,477.0,472.0,210.0,213.0,209.0
2072.0,517.0,482.0,474.0,200.0,192.0,207.0
2287.0,535.0,530.0,536.0,228.0,239.0,219.0
2307.0,526.0,548.0,550.0,233.0,231.0,219.0
1926.0,448.0,450.0,446.0,201.0,189.0,192.0
1993.0,483.0,447.0,457.0,207.0,198.0,201.0
2057.0,456.0,503.0,459.0,222.0,204.0,213.0
1975.0,445.0,476.0,459.0,195.0,199.0,201.0
2175.0,507.0,528.0,498.0,202.0,219.0,221.0
2012.0,473.0,441.0,482.0,198.0,216.0,202.0
2110.0,489.0,484.0,499.0,206.0,213.0,219.0
2123.0,508.0,492.0,495.0,208.0,213.0,207.0
1919.0,469.0,463.0,422.0,199.0,190.0,176.0
1990.0,443.0,495.0,463.0,205.0,189.0,195.0
1985.0,465.0,470.0,471.0,194.0,195.0,190.0
2062.0,487.0,476.0,497.0,202.0,197.0,203.0
2235.0,524.0,529.0,526.0,221.0,214.0,221.0
2084.0,476.0,494.0,489.0,204.0,213.0,208.0
2058.0,495.0,474.0,475.0,193.0,213.0,208.0
2203.0,518.0,503.0,493.0,224.0,233.0,232.0
1997.0,466.0,446.0,459.0,208.0,212.0,206.0
2176.0,508.0,518.0,497.0,219.0,222.0,212.0
2114.0,482.0,509.0,504.0,204.0,207.0,208.0
2154.0,496.0,509.0,517.0,216.0,213.0,203.0
2082.0,485.0,484.0,501.0,205.0,205.0,202.0
2044.0,477.0,470.0,479.0,210.0,208.0,200.0
2013.0,492.0,472.0,446.0,192.0,204.0,207.0
2041.0,455.0,482.0,493.0,210.0,200.0,201.0
2052.0,458.0,480.0,498.0,212.0,204.0,200.0
2243.0,526.0,515.0,524.0,224.0,221.0,233.0
2100.0,494.0,467.0,486.0,215.0,217.0,221.0
2175.0,520.0,517.0,496.0,209.0,215.0,218.0
2234.0,531.0,537.0,503.0,221.0,216.0,226.0
2206.0,525.0,519.0,516.0,217.0,211.0,218.0
2168.0,512.0,481.0,519.0,222.0,219.0,215.0
2199.0,515.0,502.0,522.0,230.0,221.0,209.0
2277.0,550.0,525.0,526.0,224.0,224.0,228.0
2093.0,477.0,508.0,467.0,217.0,213.0,211.0
2292.0,540.0,545.0,513.0,224.0,241.0,229.0
2183.0,519.0,506.0,505.0,202.0,228.0,223.0
1939.0,466.0,458.0,458.0,180.0,184.0,193.0
2170.0,485.0,525.0,517.0,208.0,209.0,226.0
2157.0,500.0,530.0,482.0,223.0,204.0,218.0
2281.0,551.0,533.0,512.0,240.0,226.0,219.0
2309.0,541.0,525.0,537.0,241.0,238.0,227.0
2181.0,497.0,499.0,520.0,227.0,217.0,221.0
2165.0,509.0,506.0,509.0,216.0,218.0,207.0
2223.0,511.0,522.0,534.0,218.0,218.0,220.0
2249.0,521.0,534.0,523.0,220.0,233.0,218.0
2055.0,467.0,471.0,480.0,216.0,209.0,212.0
2040.0,496.0,464.0,463.0,203.0,200.0,214.0
2238.0,521.0,510.0,522.0,230.0,224.0,231.0
2242.0,503.0,560.0,529.0,220.0,204.0,226.0
2234.0,514.0,510.0,567.0,216.0,219.0,208.0
2098.0,485.0,491.0,494.0,211.0,214.0,203.0
2200.0,502.0,515.0,551.0,207.0,216.0,209.0
2126.0,481.0,529.0,474.0,212.0,221.0,209.0
2250.0,541.0,528.0,509.0,223.0,227.0,222.0
2176.0,498.0,486.0,515.0,232.0,218.0,227.0
2204.0,503.0,491.0,539.0,236.0,219.0,216.0
2281.0,532.0,516.0,542.0,236.0,224.0,231.0
2096.0,481.0,496.0,489.0,213.0,203.0,214.0
2150.0,500.0,521.0,482.0,216.0,214.0,217.0
2252.0,534.0,520.0,513.0,229.0,224.0,232.0
2214.0,515.0,528.0,517.0,221.0,221.0,212.0
2193.0,506.0,524.0,501.0,223.0,221.0,218.0
2178.0,484.0,533.0,509.0,225.0,223.0,204.0
2219.0,520.0,496.0,518.0,235.0,224.0,226.0
2090.0,480.0,494.0,501.0,206.0,204.0,205.0
2047.0,464.0,462.0,488.0,210.0,207.0,216.0
2158.0,505.0,511.0,498.0,211.0,214.0,219.0
2315.0,572.0,540.0,539.0,216.0,224.0,224.0
2288.0,533.0,523.0,549.0,226.0,222.0,235.0
2229.0,521.0,500.0,534.0,223.0,232.0,219.0
2144.0,518.0,499.0,486.0,215.0,219.0,207.0
2083.0,506.0,484.0,463.0,217.0,214.0,199.0
1894.0,420.0,472.0,428.0,196.0,195.0,183.0
2181.0,505.0,508.0,515.0,223.0,224.0,206.0
2089.0,505.0,481.0,490.0,207.0,198.0,208.0
2132.0,500.0,487.0,521.0,208.0,205.0,211.0
2209.0,504.0,533.0,511.0,220.0,214.0,227.0
2116.0,502.0,507.0,479.0,204.0,208.0,216.0
2204.0,521.0,504.0,509.0,222.0,216.0,232.0
2203.0,495.0,509.0,502.0,223.0,236.0,238.0
2332.0,514.0,551.0,560.0,234.0,242.0,231.0
2279.0,530.0,531.0,548.0,214.0,228.0,228.0
2302.0,534.0,545.0,548.0,230.0,227.0,218.0
2368.0,560.0,546.0,549.0,241.0,236.0,236.0
2116.0,523.0,488.0,468.0,224.0,218.0,195.0
2183.0,519.0,495.0,515.0,227.0,213.0,214.0
2293.0,533.0,531.0,538.0,236.0,226.0,229.0
2281.0,528.0,518.0,549.0,230.0,226.0,230.0
2191.0,506.0,512.0,508.0,220.0,219.0,226.0
2301.0,522.0,535.0,543.0,223.0,236.0,242.0
2236.0,521.0,536.0,513.0,217.0,229.0,220.0
2405.0,552.0,572.0,574.0,234.0,235.0,238.0
2186.0,516.0,526.0,499.0,222.0,216.0,207.0
2193.0,510.0,500.0,529.0,233.0,214.0,207.0
2337.0,523.0,527.0,584.0,239.0,233.0,231.0
2346.0,557.0,518.0,567.0,245.0,236.0,223.0
2380.0,562.0,563.0,542.0,230.0,251.0,232.0
2124.0,494.0,496.0,490.0,202.0,225.0,217.0
2387.0,567.0,546.0,563.0,229.0,235.0,247.0
2197.0,522.0,493.0,522.0,214.0,219.0,227.0
2226.0,520.0,514.0,538.0,211.0,218.0,225.0
2427.0,564.0,572.0,565.0,247.0,238.0,241.0
2387.0,578.0,552.0,555.0,243.0,227.0,232.0
2220.0,511.0,540.0,495.0,229.0,213.0,232.0
2277.0,522.0,544.0,514.0,225.0,236.0,236.0
2226.0,529.0,518.0,522.0,215.0,215.0,227.0
2161.0,502.0,503.0,522.0,207.0,216.0,211.0
2273.0,508.0,543.0,533.0,224.0,232.0,233.0
2316.0,533.0,522.0,550.0,234.0,224.0,253.0
2418.0,550.0,567.0,571.0,240.0,240.0,250.0
2267.0,530.0,531.0,523.0,225.0,223.0,235.0
2276.0,506.0,544.0,536.0,234.0,225.0,231.0
2293.0,536.0,556.0,522.0,232.0,223.0,224.0
2303.0,557.0,540.0,535.0,224.0,232.0,215.0
2149.0,494.0,508.0,499.0,219.0,223.0,206.0
2258.0,524.0,530.0,518.0,221.0,233.0,232.0
2374.0,581.0,547.0,530.0,240.0,243.0,233.0
2302.0,535.0,551.0,527.0,244.0,226.0,219.0
2339.0,545.0,531.0,567.0,232.0,231.0,233.0
2212.0,525.0,507.0,529.0,216.0,208.0,227.0
2342.0,560.0,521.0,560.0,226.0,234.0,241.0
2293.0,519.0,539.0,552.0,221.0,230.0,232.0
2228.0,525.0,511.0,513.0,218.0,226.0,235.0
2322.0,556.0,525.0,539.0,240.0,239.0,223.0
2296.0,527.0,529.0,555.0,227.0,235.0,223.0
2418.0,566.0,547.0,570.0,246.0,251.0,238.0
2266.0,559.0,529.0,500.0,223.0,240.0,215.0
2336.0,531.0,538.0,566.0,232.0,236.0,233.0
2271.0,521.0,499.0,559.0,232.0,227.0,233.0
2362.0,570.0,553.0,541.0,228.0,243.0,227.0
2307.0,536.0,557.0,548.0,222.0,220.0,224.0
2278.0,537.0,532.0,509.0,239.0,226.0,235.0
2420.0,537.0,569.0,585.0,242.0,259.0,228.0
2352.0,562.0,534.0,549.0,249.0,230.0,228.0
2291.0,547.0,530.0,514.0,231.0,229.0,240.0
2387.0,549.0,596.0,534.0,224.0,247.0,237.0
2253.0,532.0,524.0,526.0,221.0,229.0,221.0
2380.0,550.0,561.0,577.0,235.0,222.0,235.0
2327.0,533.0,523.0,577.0,237.0,225.0,232.0
2422.0,573.0,543.0,567.0,249.0,245.0,245.0
2388.0,561.0,565.0,551.0,238.0,232.0,241.0
2409.0,568.0,559.0,544.0,243.0,248.0,247.0
2507.0,575.0,585.0,576.0,251.0,261.0,259.0
2416.0,570.0,545.0,577.0,242.0,243.0,239.0
2607.0,600.0,600.0,629.0,257.0,263.0,258.0
2345.0,531.0,551.0,554.0,232.0,243.0,234.0
2334.0,549.0,559.0,533.0,243.0,232.0,218.0
2336.0,562.0,533.0,533.0,234.0,236.0,238.0
2357.0,563.0,532.0,542.0,245.0,229.0,246.0
2263.0,516.0,529.0,519.0,238.0,226.0,235.0
2221.0,519.0,497.0,537.0,223.0,224.0,221.0
2400.0,572.0,546.0,568.0,231.0,243.0,240.0
2476.0,578.0,563.0,581.0,245.0,250.0,259.0
2322.0,546.0,505.0,561.0,231.0,240.0,239.0
2370.0,543.0,572.0,549.0,246.0,236.0,224.0
2141.0,476.0,519.0,520.0,209.0,213.0,204.0
2392.0,532.0,573.0,570.0,247.0,235.0,235.0
2392.0,570.0,563.0,559.0,235.0,230.0,235.0
2407.0,597.0,525.0,573.0,242.0,229.0,241.0
2476.0,571.0,591.0,551.0,250.0,255.0,258.0
2407.0,556.0,562.0,546.0,245.0,241.0,257.0
2453.0,585.0,572.0,555.0,246.0,248.0,247.0
2318.0,544.0,531.0,537.0,240.0,229.0,237.0
2306.0,517.0,514.0,572.0,236.0,234.0,233.0
2404.0,575.0,569.0,545.0,241.0,233.0,241.0
2480.0,593.0,602.0,572.0,237.0,241.0,235.0
2333.0,522.0,570.0,537.0,235.0,239.0,230.0
2398.0,555.0,562.0,558.0,240.0,242.0,241.0
2408.0,568.0,547.0,579.0,238.0,236.0,240.0
2394.0,570.0,544.0,567.0,240.0,240.0,233.0
2437.0,551.0,574.0,583.0,240.0,249.0,240.0
2373.0,545.0,567.0,543.0,240.0,242.0,236.0
2296.0,550.0,531.0,530.0,216.0,236.0,233.0
2381.0,556.0,568.0,537.0,235.0,236.0,249.0
2344.0,542.0,563.0,534.0,235.0,234.0,236.0
2377.0,560.0,555.0,555.0,240.0,229.0,238.0
2632.0,631.0,616.0,613.0,266.0,253.0,253.0
2340.0,528.0,550.0,554.0,243.0,244.0,221.0
2336.0,544.0,534.0,540.0,252.0,230.0,236.0
2347.0,535.0,563.0,546.0,234.0,243.0,226.0
2511.0,581.0,603.0,570.0,255.0,256.0,246.0
2563.0,594.0,586.0,604.0,258.0,261.0,260.0
2457.0,587.0,568.0,577.0,235.0,244.0,246.0
2400.0,569.0,557.0,567.0,231.0,230.0,246.0
2261.0,527.0,527.0,530.0,224.0,218.0,235.0
2432.0,570.0,577.0,565.0,242.0,239.0,239.0
2392.0,578.0,568.0,537.0,240.0,233.0,236.0
2501.0,577.0,575.0,605.0,246.0,256.0,242.0
2505.0,587.0,585.0,590.0,249.0,249.0,245.0
2537.0,595.0,593.0,605.0,237.0,264.0,243.0
2423.0,559.0,568.0,557.0,238.0,244.0,257.0
2433.0,566.0,566.0,560.0,241.0,240.0,260.0
2531.0,614.0,551.0,579.0,263.0,255.0,269.0
2392.0,561.0,560.0,555.0,246.0,232.0,238.0
2576.0,589.0,626.0,594.0,246.0,260.0,261.0
2373.0,526.0,561.0,576.0,243.0,231.0,236.0
2371.0,560.0,545.0,555.0,229.0,240.0,242.0
2384.0,569.0,542.0,557.0,232.0,246.0,238.0
2327.0,529.0,554.0,516.0,237.0,247.0,244.0
2400.0,553.0,595.0,546.0,235.0,238.0,233.0
2431.0,556.0,582.0,580.0,240.0,231.0,242.0
2459.0,564.0,570.0,580.0,256.0,238.0,251.0
2504.0,567.0,575.0,586.0,259.0,258.0,259.0
2497.0,584.0,589.0,579.0,254.0,243.0,248.0
2406.0,546.0,600.0,539.0,236.0,234.0,251.0
2450.0,577.0,569.0,561.0,241.0,255.0,247.0
2410.0,574.0,551.0,564.0,239.0,245.0,237.0
2482.0,571.0,563.0,600.0,239.0,256.0,253.0
2599.0,597.0,609.0,607.0,266.0,263.0,257.0
2419.0,542.0,578.0,570.0,242.0,238.0,249.0
2493.0,580.0,611.0,546.0,268.0,243.0,245.0
2452.0,565.0,579.0,577.0,245.0,239.0,247.0
2370.0,557.0,526.0,572.0,235.0,238.0,242.0
2503.0,582.0,570.0,578.0,253.0,254.0,266.0
2493.0,596.0,586.0,583.0,239.0,245.0,244.0
2467.0,579.0,584.0,564.0,249.0,244.0,247.0
2559.0,609.0,596.0,577.0,268.0,264.0,245.0
2439.0,560.0,553.0,579.0,253.0,250.0,244.0
2530.0,613.0,585.0,590.0,253.0,249.0,240.0
2546.0,601.0,595.0,599.0,256.0,246.0,249.0
2482.0,591.0,574.0,581.0,241.0,247.0,248.0
2653.0,658.0,601.0,621.0,257.0,260.0,256.0
2503.0,586.0,592.0,571.0,259.0,243.0,252.0
2554.0,602.0,589.0,595.0,251.0,259.0,258.0
2810.0,643.0,670.0,653.0,282.0,280.0,282.0
2428.0,578.0,556.0,569.0,242.0,242.0,241.0
2467.0,567.0,555.0,585.0,246.0,253.0,261.0
2546.0,592.0,599.0,586.0,256.0,260.0,253.0
2695.0,664.0,625.0,619.0,261.0,264.0,262.0
2648.0,613.0,637.0,620.0,259.0,256.0,263.0
2608.0,612.0,620.0,579.0,273.0,265.0,259.0
2598.0,616.0,593.0,614.0,266.0,253.0,256.0
2481.0,569.0,563.0,591.0,248.0,258.0,252.0
2603.0,604.0,625.0,583.0,264.0,269.0,258.0
2604.0,614.0,605.0,603.0,257.0,265.0,260.0
2517.0,600.0,598.0,553.0,244.0,252.0,270.0
2661.0,591.0,627.0,626.0,268.0,272.0,277.0
2614.0,610.0,610.0,631.0,254.0,253.0,256.0
2663.0,625.0,633.0,614.0,266.0,258.0,267.0
2506.0,578.0,602.0,585.0,265.0,237.0,239.0
2567.0,596.0,614.0,596.0,260.0,256.0,245.0
2604.0,615.0,605.0,588.0,277.0,261.0,258.0
2544.0,596.0,596.0,565.0,265.0,271.0,251.0
2702.0,647.0,636.0,620.0,262.0,265.0,272.0
2481.0,550.0,608.0,572.0,247.0,253.0,251.0
2653.0,600.0,629.0,628.0,255.0,269.0,272.0
2437.0,561.0,576.0,555.0,252.0,238.0,255.0
2483.0,583.0,572.0,582.0,255.0,241.0,250.0
2583.0,597.0,629.0,584.0,263.0,253.0,257.0
2594.0,615.0,613.0,582.0,262.0,268.0,254.0
2583.0,595.0,607.0,599.0,258.0,267.0,257.0
2576.0,586.0,599.0,625.0,252.0,261.0,253.0
2583.0,603.0,600.0,607.0,252.0,266.0,255.0
2516.0,577.0,601.0,590.0,253.0,246.0,249.0
2599.0,597.0,620.0,596.0,257.0,261.0,268.0
2470.0,594.0,570.0,564.0,242.0,244.0,256.0
2685.0,617.0,608.0,640.0,280.0,260.0,280.0
2538.0,597.0,587.0,599.0,249.0,254.0,252.0
2570.0,584.0,630.0,586.0,246.0,261.0,263.0
2435.0,571.0,572.0,581.0,233.0,239.0,239.0
2453.0,572.0,570.0,579.0,243.0,251.0,238.0
2573.0,587.0,603.0,597.0,262.0,270.0,254.0
2570.0,585.0,617.0,593.0,269.0,258.0,248.0
2788.0,653.0,645.0,658.0,286.0,278.0,268.0
2648.0,600.0,634.0,624.0,267.0,265.0,258.0
2514.0,587.0,597.0,591.0,248.0,243.0,248.0
2559.0,608.0,591.0,598.0,251.0,249.0,262.0
2498.0,602.0,589.0,564.0,245.0,242.0,256.0
2461.0,559.0,597.0,564.0,242.0,249.0,250.0
2654.0,616.0,613.0,633.0,263.0,261.0,268.0
2709.0,635.0,614.0,649.0,275.0,267.0,269.0
2520.0,580.0,593.0,591.0,260.0,256.0,240.0
2551.0,587.0,614.0,584.0,259.0,260.0,247.0
2616.0,638.0,605.0,607.0,263.0,254.0,249.0
2657.0,639.0,616.0,615.0,257.0,268.0,262.0
2510.0,586.0,585.0,582.0,248.0,253.0,256.0
2631.0,625.0,588.0,622.0,262.0,261.0,273.0
2609.0,621.0,598.0,596.0,263.0,263.0,268.0
2644.0,611.0,606.0,615.0,270.0,274.0,268.0
2631.0,602.0,629.0,595.0,266.0,265.0,274.0
2549.0,615.0,590.0,566.0,260.0,256.0,262.0
2744.0,645.0,608.0,664.0,276.0,275.0,276.0
2572.0,602.0,620.0,607.0,239.0,244.0,260.0
2550.0,601.0,607.0,596.0,246.0,248.0,252.0
2590.0,624.0,593.0,594.0,252.0,262.0,265.0
2594.0,596.0,589.0,600.0,279.0,264.0,266.0
2598.0,598.0,615.0,589.0,266.0,268.0,262.0
2601.0,603.0,604.0,612.0,254.0,260.0,268.0
2699.0,629.0,637.0,631.0,259.0,273.0,270.0
2757.0,624.0,628.0,665.0,277.0,286.0,277.0
2677.0,632.0,592.0,642.0,264.0,277.0,270.0
2696.0,637.0,637.0,613.0,268.0,274.0,267.0
2761.0,643.0,645.0,633.0,287.0,270.0,283.0
2585.0,595.0,613.0,587.0,272.0,264.0,254.0
2560.0,610.0,591.0,595.0,257.0,250.0,257.0
2806.0,669.0,648.0,660.0,280.0,270.0,279.0
2555.0,572.0,586.0,617.0,260.0,254.0,266.0
2738.0,634.0,651.0,639.0,269.0,272.0,273.0
2780.0,648.0,669.0,633.0,272.0,277.0,281.0
2717.0,637.0,636.0,620.0,266.0,272.0,286.0
2698.0,624.0,613.0,635.0,268.0,288.0,270.0
2729.0,640.0,644.0,644.0,273.0,266.0,262.0
2624.0,602.0,610.0,635.0,270.0,258.0,249.0
2564.0,591.0,606.0,597.0,262.0,258.0,250.0
2690.0,625.0,637.0,636.0,264.0,269.0,259.0
2785.0,662.0,635.0,658.0,269.0,291.0,270.0
2787.0,653.0,640.0,637.0,281.0,289.0,287.0
2901.0,653.0,702.0,681.0,284.0,294.0,287.0
2772.0,631.0,647.0,655.0,274.0,283.0,282.0
2682.0,637.0,629.0,613.0,273.0,267.0,263.0
2624.0,613.0,605.0,607.0,268.0,259.0,272.0
2687.0,640.0,650.0,604.0,266.0,267.0,260.0
2814.0,690.0,653.0,645.0,282.0,276.0,268.0
2780.0,642.0,653.0,655.0,279.0,272.0,279.0
2643.0,623.0,607.0,624.0,265.0,262.0,262.0
2735.0,644.0,634.0,645.0,273.0,279.0,260.0
2686.0,636.0,610.0,632.0,278.0,271.0,259.0
2646.0,605.0,638.0,605.0,269.0,265.0,264.0
2729.0,639.0,634.0,631.0,272.0,274.0,279.0
2750.0,653.0,612.0,648.0,277.0,273.0,287.0
2774.0,644.0,648.0,648.0,276.0,275.0,283.0
2681.0,623.0,612.0,646.0,265.0,276.0,259.0
2740.0,653.0,656.0,624.0,262.0,275.0,270.0
2796.0,680.0,642.0,635.0,279.0,287.0,273.0
2670.0,608.0,626.0,625.0,267.0,284.0,260.0
2720.0,618.0,639.0,659.0,274.0,265.0,265.0
2896.0,675.0,716.0,639.0,288.0,294.0,284.0
2659.0,618.0,600.0,642.0,259.0,268.0,272.0
2638.0,619.0,616.0,614.0,258.0,258.0,273.0
2823.0,667.0,669.0,648.0,269.0,282.0,288.0
2541.0,615.0,573.0,594.0,253.0,245.0,261.0
2627.0,617.0,623.0,594.0,266.0,265.0,262.0
2812.0,652.0,661.0,654.0,288.0,276.0,281.0
2870.0,671.0,655.0,683.0,298.0,286.0,277.0
2764.0,632.0,655.0,642.0,274.0,275.0,286.0
2689.0,623.0,632.0,614.0,268.0,275.0,277.0
2721.0,645.0,641.0,625.0,267.0,271.0,272.0
2652.0,608.0,652.0,602.0,266.0,259.0,265.0
2682.0,610.0,619.0,637.0,271.0,262.0,283.0
2756.0,640.0,630.0,661.0,271.0,269.0,285.0
2726.0,645.0,627.0,631.0,270.0,267.0,286.0
2857.0,649.0,692.0,659.0,286.0,282.0,289.0
2865.0,670.0,676.0,653.0,285.0,289.0,292.0
2691.0,635.0,610.0,630.0,272.0,273.0,271.0
2705.0,635.0,631.0,632.0,266.0,278.0,263.0
2638.0,618.0,607.0,630.0,260.0,267.0,256.0
2773.0,640.0,645.0,659.0,289.0,271.0,269.0
2708.0,632.0,630.0,639.0,272.0,264.0,271.0
2873.0,678.0,664.0,667.0,293.0,288.0,283.0
2768.0,647.0,622.0,660.0,282.0,270.0,287.0
2806.0,666.0,651.0,645.0,272.0,284.0,288.0
2635.0,612.0,606.0,629.0,260.0,265.0,263.0
2725.0,622.0,636.0,650.0,264.0,275.0,278.0
2657.0,624.0,599.0,631.0,267.0,263.0,273.0
2840.0,671.0,647.0,671.0,284.0,284.0,283.0
2786.0,641.0,672.0,639.0,295.0,272.0,267.0
2890.0,657.0,684.0,688.0,285.0,289.0,287.0
2834.0,657.0,667.0,669.0,281.0,280.0,280.0
2700.0,618.0,642.0,637.0,275.0,260.0,268.0
2741.0,623.0,647.0,652.0,277.0,266.0,276.0
2843.0,680.0,672.0,648.0,280.0,279.0,284.0
2824.0,665.0,672.0,622.0,279.0,293.0,293.0
2850.0,661.0,677.0,662.0,288.0,280.0,282.0
2920.0,674.0,669.0,682.0,297.0,303.0,295.0
2881.0,669.0,684.0,677.0,281.0,293.0,277.0
2774.0,664.0,647.0,645.0,274.0,276.0,268.0
2552.0,598.0,595.0,583.0,251.0,257.0,268.0
2723.0,619.0,678.0,623.0,268.0,271.0,264.0
3033.0,733.0,689.0,711.0,301.0,289.0,310.0
2784.0,639.0,655.0,647.0,281.0,278.0,284.0
2857.0,639.0,669.0,663.0,288.0,307.0,291.0
2863.0,669.0,676.0,655.0,289.0,283.0,291.0
2819.0,658.0,649.0,663.0,285.0,280.0,284.0
2819.0,666.0,645.0,662.0,286.0,276.0,284.0
2965.0,703.0,685.0,704.0,285.0,287.0,301.0
2822.0,644.0,698.0,644.0,285.0,268.0,283.0
2719.0,619.0,649.0,649.0,264.0,278.0,260.0
2782.0,643.0,650.0,646.0,281.0,285.0,277.0
2775.0,649.0,637.0,657.0,279.0,280.0,273.0
2858.0,661.0,663.0,662.0,290.0,293.0,289.0
2778.0,636.0,670.0,648.0,272.0,275.0,277.0
2907.0,681.0,687.0,661.0,287.0,290.0,301.0
2919.0,686.0,676.0,678.0,287.0,293.0,299.0
2787.0,658.0,641.0,658.0,274.0,274.0,282.0
2872.0,660.0,664.0,669.0,302.0,281.0,296.0
2889.0,669.0,695.0,665.0,288.0,285.0,287.0
2906.0,674.0,701.0,658.0,302.0,288.0,283.0
2820.0,652.0,667.0,644.0,295.0,286.0,276.0
2728.0,638.0,648.0,620.0,277.0,285.0,260.0
2915.0,686.0,665.0,701.0,282.0,284.0,297.0
2942.0,661.0,707.0,700.0,294.0,297.0,283.0
2944.0,670.0,699.0,700.0,297.0,286.0,292.0
2984.0,693.0,686.0,687.0,297.0,311.0,310.0
2801.0,654.0,641.0,650.0,288.0,281.0,287.0
2874.0,664.0,672.0,652.0,300.0,289.0,297.0
2901.0,657.0,688.0,677.0,303.0,294.0,282.0
2851.0,676.0,676.0,644.0,281.0,287.0,287.0
2883.0,696.0,676.0,657.0,280.0,287.0,287.0
2780.0,647.0,642.0,646.0,271.0,290.0,284.0
2904.0,676.0,691.0,663.0,290.0,295.0,289.0
2889.0,671.0,684.0,665.0,297.0,292.0,280.0
2761.0,614.0,661.0,657.0,284.0,269.0,276.0
2973.0,687.0,683.0,703.0,304.0,298.0,298.0
2801.0,653.0,647.0,683.0,268.0,270.0,280.0
2908.0,680.0,699.0,669.0,290.0,277.0,293.0
2763.0,629.0,659.0,654.0,262.0,281.0,278.0
2819.0,666.0,670.0,641.0,283.0,277.0,282.0
2743.0,660.0,633.0,639.0,273.0,275.0,263.0
2891.0,681.0,655.0,696.0,290.0,289.0,280.0
2919.0,663.0,684.0,699.0,298.0,294.0,281.0
2875.0,675.0,689.0,666.0,284.0,278.0,283.0
2851.0,666.0,678.0,658.0,281.0,285.0,283.0
2742.0,608.0,644.0,655.0,272.0,279.0,284.0
2940.0,693.0,677.0,690.0,284.0,294.0,302.0
2771.0,650.0,633.0,639.0,278.0,289.0,282.0
2857.0,647.0,670.0,675.0,288.0,289.0,288.0
2835.0,645.0,669.0,669.0,286.0,281.0,285.0
3006.0,708.0,699.0,683.0,312.0,307.0,297.0
2992.0,683.0,710.0,694.0,312.0,303.0,290.0
3114.0,732.0,742.0,711.0,310.0,314.0,305.0
2825.0,660.0,659.0,670.0,280.0,270.0,286.0
2912.0,675.0,665.0,713.0,281.0,286.0,292.0
2900.0,664.0,674.0,698.0,292.0,280.0,292.0
3066.0,732.0,709.0,705.0,311.0,302.0,307.0
2829.0,644.0,657.0,640.0,299.0,295.0,294.0
2996.0,687.0,706.0,686.0,311.0,302.0,304.0
2927.0,684.0,684.0,689.0,290.0,298.0,282.0
2775.0,649.0,636.0,662.0,274.0,281.0,273.0
2765.0,639.0,633.0,671.0,270.0,272.0,280.0
2978.0,687.0,701.0,697.0,294.0,295.0,304.0
2919.0,685.0,701.0,665.0,297.0,285.0,286.0
2966.0,702.0,701.0,662.0,310.0,297.0,294.0
2983.0,680.0,703.0,706.0,303.0,293.0,298.0
2978.0,671.0,692.0,716.0,301.0,294.0,304.0
2930.0,682.0,686.0,695.0,282.0,287.0,298.0
3010.0,680.0,726.0,716.0,293.0,303.0,292.0
2963.0,659.0,694.0,712.0,297.0,301.0,300.0
2785.0,642.0,661.0,651.0,280.0,274.0,277.0
2914.0,700.0,676.0,661.0,299.0,279.0,299.0
3043.0,693.0,731.0,710.0,309.0,298.0,302.0
2926.0,672.0,675.0,711.0,295.0,288.0,285.0
2950.0,696.0,690.0,686.0,292.0,294.0,292.0
2957.0,707.0,667.0,697.0,295.0,290.0,301.0
2887.0,693.0,669.0,669.0,282.0,286.0,288.0
2963.0,694.0,692.0,681.0,300.0,301.0,295.0
2901.0,670.0,677.0,676.0,287.0,290.0,301.0
3029.0,678.0,676.0,737.0,316.0,305.0,317.0
3039.0,688.0,712.0,735.0,306.0,298.0,300.0
2950.0,696.0,678.0,695.0,303.0,285.0,293.0
2763.0,644.0,647.0,650.0,278.0,270.0,274.0
3007.0,687.0,720.0,703.0,307.0,301.0,289.0
3148.0,725.0,750.0,731.0,315.0,312.0,315.0
3007.0,715.0,683.0,710.0,298.0,310.0,291.0
3126.0,714.0,721.0,743.0,319.0,309.0,320.0
3003.0,694.0,696.0,698.0,309.0,301.0,305.0
2937.0,669.0,693.0,681.0,301.0,294.0,299.0
2808.0,669.0,646.0,632.0,290.0,282.0,289.0
3016.0,696.0,724.0,687.0,306.0,296.0,307.0
2981.0,686.0,704.0,712.0,298.0,286.0,295.0
2971.0,719.0,700.0,690.0,285.0,294.0,283.0
2948.0,681.0,687.0,697.0,293.0,296.0,294.0
2965.0,698.0,672.0,691.0,305.0,302.0,297.0
3040.0,712.0,704.0,708.0,302.0,314.0,300.0
3062.0,716.0,703.0,716.0,314.0,312.0,301.0
2887.0,663.0,684.0,671.0,292.0,293.0,284.0
2990.0,696.0,685.0,710.0,297.0,298.0,304.0
3018.0,720.0,697.0,694.0,303.0,300.0,304.0
3053.0,720.0,700.0,709.0,300.0,305.0,319.0
2977.0,669.0,715.0,689.0,300.0,300.0,304.0
3066.0,721.0,709.0,715.0,310.0,307.0,304.0
2971.0,690.0,698.0,688.0,302.0,294.0,299.0
3003.0,697.0,693.0,721.0,304.0,294.0,294.0
3042.0,711.0,684.0,751.0,303.0,304.0,289.0
3051.0,715.0,699.0,732.0,302.0,307.0,296.0
3050.0,702.0,723.0,708.0,308.0,303.0,306.0
3038.0,711.0,708.0,697.0,308.0,305.0,309.0
2991.0,709.0,683.0,704.0,295.0,302.0,298.0
2930.0,689.0,648.0,688.0,303.0,298.0,304.0
2957.0,661.0,697.0,718.0,298.0,292.0,291.0
3106.0,711.0,720.0,725.0,315.0,324.0,311.0
3125.0,750.0,706.0,723.0,320.0,316.0,310.0
3056.0,721.0,698.0,710.0,307.0,313.0,307.0
3043.0,715.0,705.0,712.0,301.0,310.0,300.0
3025.0,725.0,698.0,723.0,292.0,294.0,293.0
3059.0,708.0,733.0,718.0,303.0,295.0,302.0
3207.0,743.0,758.0,759.0,315.0,312.0,320.0
3015.0,691.0,698.0,716.0,310.0,295.0,305.0
3021.0,710.0,693.0,706.0,308.0,296.0,308.0
2941.0,682.0,707.0,672.0,289.0,301.0,290.0
3036.0,719.0,706.0,699.0,294.0,309.0,309.0
3187.0,741.0,730.0,743.0,317.0,331.0,325.0
2962.0,705.0,648.0,715.0,295.0,306.0,293.0
3065.0,716.0,710.0,715.0,310.0,308.0,306.0
2972.0,680.0,704.0,687.0,311.0,296.0,294.0
3186.0,749.0,755.0,733.0,328.0,307.0,314.0
3085.0,711.0,709.0,718.0,315.0,314.0,318.0
2972.0,684.0,684.0,702.0,297.0,303.0,302.0
3073.0,717.0,734.0,706.0,301.0,311.0,304.0
3063.0,720.0,723.0,697.0,299.0,309.0,315.0
3008.0,690.0,713.0,699.0,298.0,304.0,304.0
3083.0,734.0,700.0,718.0,318.0,301.0,312.0
3000.0,721.0,675.0,691.0,313.0,306.0,294.0
3108.0,712.0,749.0,733.0,319.0,300.0,295.0
2923.0,687.0,689.0,689.0,297.0,277.0,284.0
3063.0,730.0,719.0,699.0,303.0,309.0,303.0
3070.0,708.0,709.0,741.0,300.0,304.0,308.0
3077.0,706.0,706.0,720.0,314.0,320.0,311.0
3073.0,723.0,706.0,724.0,287.0,321.0,312.0
2953.0,689.0,706.0,674.0,291.0,295.0,298.0
3163.0,711.0,742.0,758.0,322.0,317.0,313.0
3160.0,740.0,721.0,751.0,320.0,320.0,308.0
2950.0,700.0,674.0,702.0,289.0,283.0,302.0
3137.0,765.0,738.0,722.0,310.0,298.0,304.0
3010.0,702.0,740.0,674.0,295.0,297.0,302.0
3042.0,707.0,713.0,704.0,301.0,318.0,299.0
3242.0,796.0,745.0,752.0,321.0,326.0,302.0
3090.0,720.0,704.0,729.0,310.0,312.0,315.0
3106.0,708.0,723.0,713.0,319.0,324.0,319.0
3264.0,758.0,774.0,751.0,326.0,331.0,324.0
3122.0,742.0,729.0,714.0,313.0,304.0,320.0
3043.0,695.0,716.0,722.0,306.0,297.0,307.0
3057.0,706.0,707.0,719.0,306.0,306.0,313.0
3159.0,746.0,754.0,741.0,304.0,303.0,311.0
3211.0,705.0,770.0,782.0,316.0,320.0,318.0
3128.0,705.0,725.0,746.0,318.0,326.0,308.0
3227.0,773.0,734.0,738.0,326.0,331.0,325.0
3030.0,710.0,701.0,689.0,310.0,326.0,294.0
2934.0,657.0,711.0,684.0,295.0,288.0,299.0
3226.0,768.0,763.0,759.0,313.0,307.0,316.0
3228.0,746.0,758.0,769.0,312.0,314.0,329.0
3336.0,766.0,791.0,784.0,328.0,327.0,340.0
3139.0,721.0,736.0,743.0,304.0,314.0,321.0
3013.0,712.0,711.0,692.0,306.0,293.0,299.0
3171.0,730.0,749.0,740.0,338.0,312.0,302.0
3060.0,701.0,720.0,721.0,306.0,313.0,299.0
3016.0,707.0,671.0,727.0,302.0,307.0,302.0
3122.0,745.0,715.0,737.0,303.0,308.0,314.0
3287.0,760.0,785.0,772.0,320.0,322.0,328.0
3139.0,701.0,765.0,728.0,321.0,311.0,313.0
3165.0,754.0,730.0,719.0,331.0,315.0,316.0
3146.0,721.0,714.0,754.0,319.0,316.0,322.0
3046.0,687.0,709.0,708.0,317.0,315.0,310.0
3154.0,745.0,740.0,731.0,321.0,304.0,313.0
3168.0,732.0,750.0,741.0,314.0,314.0,317.0
3190.0,751.0,757.0,724.0,313.0,324.0,321.0
3096.0,714.0,716.0,720.0,317.0,318.0,311.0
3150.0,729.0,718.0,769.0,317.0,307.0,310.0
3083.0,725.0,738.0,721.0,301.0,300.0,298.0
3097.0,699.0,732.0,741.0,318.0,299.0,308.0
3062.0,721.0,710.0,720.0,308.0,303.0,300.0
3113.0,752.0,700.0,715.0,311.0,319.0,316.0
3220.0,761.0,746.0,743.0,317.0,321.0,332.0
3271.0,743.0,788.0,764.0,324.0,333.0,319.0
3311.0,780.0,780.0,788.0,318.0,320.0,325.0
3185.0,770.0,730.0,733.0,320.0,320.0,312.0
3239.0,760.0,746.0,759.0,328.0,319.0,327.0
3045.0,720.0,715.0,693.0,309.0,309.0,299.0
3265.0,768.0,789.0,752.0,318.0,327.0,311.0
3221.0,782.0,722.0,743.0,324.0,319.0,331.0
3190.0,764.0,733.0,747.0,305.0,317.0,324.0
3193.0,755.0,700.0,764.0,313.0,327.0,334.0
3242.0,767.0,762.0,749.0,316.0,323.0,325.0
3167.0,722.0,761.0,730.0,319.0,326.0,309.0
3281.0,767.0,768.0,751.0,331.0,329.0,335.0
3191.0,760.0,736.0,736.0,332.0,317.0,310.0
3225.0,757.0,752.0,752.0,323.0,316.0,325.0
3156.0,733.0,752.0,749.0,305.0,307.0,310.0
3157.0,751.0,722.0,738.0,316.0,308.0,322.0
3009.0,713.0,701.0,707.0,298.0,291.0,299.0
3167.0,747.0,734.0,724.0,320.0,326.0,316.0
3197.0,752.0,733.0,739.0,327.0,324.0,322.0
3304.0,783.0,760.0,766.0,336.0,330.0,329.0
3363.0,784.0,777.0,805.0,327.0,332.0,338.0
3200.0,763.0,748.0,728.0,312.0,325.0,324.0
3223.0,778.0,742.0,758.0,318.0,314.0,313.0
3085.0,729.0,726.0,718.0,310.0,302.0,300.0
3126.0,721.0,741.0,723.0,318.0,315.0,308.0
3213.0,743.0,759.0,751.0,325.0,322.0,313.0
3180.0,755.0,738.0,744.0,317.0,320.0,306.0
3345.0,762.0,783.0,790.0,336.0,336.0,338.0
3169.0,725.0,735.0,740.0,318.0,330.0,321.0
3028.0,719.0,708.0,686.0,299.0,310.0,306.0
3164.0,744.0,761.0,718.0,306.0,316.0,319.0
3106.0,723.0,719.0,726.0,312.0,309.0,317.0
3220.0,752.0,745.0,774.0,324.0,313.0,312.0
3409.0,819.0,786.0,790.0,347.0,335.0,332.0
3264.0,761.0,782.0,746.0,331.0,317.0,327.0
3146.0,737.0,717.0,738.0,316.0,324.0,314.0
3257.0,781.0,760.0,743.0,328.0,322.0,323.0
3130.0,737.0,710.0,730.0,317.0,327.0,309.0
3049.0,696.0,711.0,717.0,302.0,315.0,308.0
3322.0,768.0,791.0,767.0,326.0,333.0,337.0
3333.0,788.0,781.0,778.0,335.0,328.0,323.0
3587.0,835.0,855.0,819.0,365.0,353.0,360.0
3338.0,761.0,781.0,769.0,336.0,343.0,348.0
3192.0,779.0,727.0,718.0,331.0,325.0,312.0
3071.0,724.0,725.0,696.0,320.0,304.0,302.0
3317.0,764.0,779.0,794.0,325.0,333.0,322.0
3306.0,765.0,768.0,775.0,329.0,345.0,324.0
3281.0,783.0,766.0,754.0,326.0,325.0,327.0
3288.0,768.0,760.0,768.0,325.0,337.0,330.0
3335.0,769.0,795.0,769.0,338.0,325.0,339.0
3187.0,756.0,758.0,710.0,321.0,316.0,326.0
3276.0,758.0,750.0,807.0,320.0,313.0,328.0
3195.0,728.0,734.0,764.0,331.0,320.0,318.0
3409.0,787.0,788.0,817.0,337.0,342.0,338.0
3142.0,738.0,742.0,713.0,311.0,321.0,317.0
3321.0,775.0,798.0,753.0,333.0,335.0,327.0
3277.0,778.0,753.0,758.0,326.0,337.0,325.0
3355.0,783.0,781.0,792.0,332.0,345.0,322.0
3335.0,767.0,780.0,799.0,345.0,324.0,320.0
3254.0,740.0,772.0,759.0,324.0,316.0,343.0
3370.0,789.0,804.0,769.0,331.0,338.0,339.0
3266.0,786.0,751.0,746.0,321.0,328.0,334.0
3314.0,763.0,778.0,784.0,326.0,333.0,330.0
3585.0,830.0,832.0,841.0,359.0,364.0,359.0
3332.0,762.0,786.0,792.0,332.0,336.0,324.0
3314.0,768.0,768.0,778.0,333.0,339.0,328.0
3311.0,766.0,747.0,784.0,342.0,341.0,331.0
3344.0,784.0,767.0,790.0,342.0,327.0,334.0
3195.0,753.0,765.0,725.0,314.0,320.0,318.0
3403.0,761.0,819.0,811.0,341.0,333.0,338.0
3425.0,793.0,799.0,808.0,346.0,344.0,335.0
3328.0,781.0,751.0,804.0,320.0,332.0,340.0
3230.0,739.0,751.0,760.0,328.0,329.0,323.0
3207.0,746.0,771.0,741.0,315.0,322.0,312.0
3360.0,780.0,794.0,756.0,344.0,344.0,342.0
3388.0,801.0,786.0,793.0,340.0,334.0,334.0
3347.0,799.0,761.0,784.0,329.0,338.0,336.0
3382.0,779.0,785.0,810.0,326.0,340.0,342.0
3371.0,805.0,785.0,780.0,331.0,331.0,339.0
3288.0,787.0,772.0,739.0,326.0,326.0,338.0
3274.0,761.0,764.0,754.0,342.0,334.0,319.0
3318.0,783.0,772.0,759.0,338.0,323.0,343.0
3409.0,808.0,799.0,785.0,335.0,343.0,339.0
3393.0,771.0,801.0,812.0,334.0,337.0,338.0
3311.0,783.0,767.0,771.0,316.0,334.0,340.0
3300.0,763.0,771.0,789.0,325.0,322.0,330.0
3321.0,773.0,781.0,775.0,329.0,333.0,330.0
3134.0,718.0,726.0,725.0,325.0,318.0,322.0
3377.0,795.0,797.0,763.0,346.0,343.0,333.0
3456.0,832.0,780.0,812.0,350.0,337.0,345.0
3460.0,816.0,778.0,829.0,338.0,350.0,349.0
3410.0,783.0,800.0,805.0,331.0,341.0,350.0
3478.0,804.0,825.0,820.0,334.0,341.0,354.0
3362.0,774.0,798.0,771.0,336.0,344.0,339.0
3374.0,761.0,795.0,795.0,348.0,334.0,341.0
3291.0,783.0,755.0,776.0,334.0,312.0,331.0
3324.0,779.0,776.0,770.0,341.0,330.0,328.0
3387.0,795.0,787.0,791.0,336.0,340.0,338.0
3486.0,800.0,849.0,812.0,347.0,343.0,335.0
3328.0,787.0,794.0,758.0,326.0,336.0,327.0
3327.0,801.0,780.0,752.0,326.0,341.0,327.0
3261.0,749.0,759.0,777.0,313.0,334.0,329.0
3431.0,811.0,783.0,809.0,346.0,339.0,343.0
3596.0,821.0,856.0,833.0,365.0,355.0,366.0
3414.0,780.0,797.0,802.0,354.0,334.0,347.0
3268.0,751.0,755.0,766.0,330.0,332.0,334.0
3226.0,759.0,764.0,739.0,310.0,322.0,332.0
3369.0,794.0,795.0,797.0,326.0,332.0,325.0
3301.0,759.0,776.0,785.0,325.0,332.0,324.0
3457.0,804.0,810.0,808.0,338.0,348.0,349.0
3390.0,793.0,800.0,780.0,337.0,340.0,340.0
3407.0,779.0,759.0,814.0,355.0,351.0,349.0
3360.0,758.0,790.0,788.0,344.0,338.0,342.0
3361.0,797.0,801.0,753.0,341.0,327.0,342.0
3409.0,814.0,789.0,800.0,337.0,331.0,338.0
3321.0,766.0,761.0,790.0,326.0,332.0,346.0
3431.0,792.0,820.0,789.0,342.0,348.0,340.0
3409.0,791.0,835.0,767.0,339.0,343.0,334.0
3467.0,793.0,834.0,790.0,347.0,356.0,347.0
3535.0,834.0,841.0,801.0,362.0,352.0,345.0
3318.0,784.0,755.0,770.0,342.0,341.0,326.0
3388.0,784.0,781.0,814.0,340.0,336.0,333.0
3358.0,766.0,800.0,794.0,334.0,324.0,340.0
3400.0,788.0,818.0,786.0,326.0,331.0,351.0
3511.0,835.0,814.0,814.0,349.0,338.0,361.0
3394.0,783.0,802.0,779.0,343.0,335.0,352.0
3427.0,778.0,799.0,804.0,348.0,354.0,344.0
3653.0,844.0,857.0,863.0,366.0,366.0,357.0
3584.0,834.0,855.0,840.0,362.0,359.0,334.0
3435.0,802.0,811.0,796.0,337.0,346.0,343.0
3369.0,803.0,771.0,774.0,335.0,345.0,341.0
3438.0,823.0,795.0,795.0,344.0,341.0,340.0
3370.0,765.0,796.0,786.0,350.0,332.0,341.0
3598.0,811.0,842.0,865.0,359.0,355.0,366.0
3529.0,827.0,808.0,844.0,350.0,339.0,361.0
3371.0,776.0,769.0,799.0,352.0,342.0,333.0
3493.0,800.0,810.0,809.0,356.0,359.0,359.0
3490.0,804.0,825.0,816.0,336.0,360.0,349.0
3467.0,809.0,821.0,805.0,340.0,351.0,341.0
3555.0,840.0,819.0,820.0,360.0,361.0,355.0
3287.0,760.0,769.0,791.0,321.0,320.0,326.0
3592.0,868.0,808.0,835.0,362.0,355.0,364.0
3415.0,791.0,814.0,801.0,340.0,332.0,337.0
3448.0,805.0,812.0,799.0,347.0,341.0,344.0
3522.0,830.0,819.0,829.0,343.0,354.0,347.0
3565.0,809.0,846.0,835.0,345.0,369.0,361.0
3453.0,796.0,815.0,804.0,341.0,351.0,346.0
3599.0,839.0,845.0,843.0,352.0,356.0,364.0
3478.0,822.0,803.0,819.0,340.0,344.0,350.0
3370.0,795.0,795.0,759.0,344.0,339.0,338.0
3564.0,832.0,833.0,830.0,361.0,349.0,359.0
3374.0,776.0,789.0,802.0,340.0,329.0,338.0
3505.0,820.0,833.0,821.0,339.0,348.0,344.0
3567.0,806.0,845.0,851.0,358.0,357.0,350.0
3430.0,781.0,801.0,808.0,347.0,348.0,345.0
3387.0,814.0,778.0,784.0,323.0,339.0,349.0
3430.0,806.0,793.0,782.0,342.0,362.0,345.0
3480.0,801.0,804.0,821.0,353.0,346.0,355.0
3504.0,813.0,825.0,814.0,362.0,338.0,352.0
3628.0,883.0,831.0,848.0,358.0,354.0,354.0
3375.0,805.0,789.0,783.0,334.0,336.0,328.0
3400.0,790.0,801.0,791.0,336.0,339.0,343.0
3478.0,842.0,816.0,795.0,336.0,347.0,342.0
3307.0,776.0,773.0,760.0,325.0,338.0,335.0
3547.0,833.0,805.0,830.0,355.0,370.0,354.0
3557.0,820.0,816.0,842.0,361.0,364.0,354.0
3526.0,815.0,824.0,833.0,354.0,347.0,353.0
3686.0,864.0,872.0,847.0,365.0,363.0,375.0
3451.0,792.0,797.0,812.0,347.0,353.0,350.0
3540.0,837.0,820.0,832.0,348.0,347.0,356.0
3515.0,837.0,803.0,838.0,343.0,337.0,357.0
3555.0,810.0,829.0,852.0,351.0,361.0,352.0
3533.0,808.0,821.0,832.0,364.0,357.0,351.0
3482.0,825.0,803.0,813.0,351.0,351.0,339.0
3518.0,803.0,812.0,829.0,366.0,357.0,351.0
3545.0,815.0,856.0,809.0,364.0,354.0,347.0
3482.0,820.0,826.0,804.0,337.0,341.0,354.0
3525.0,806.0,833.0,836.0,346.0,345.0,359.0
3266.0,746.0,771.0,768.0,324.0,330.0,327.0
3491.0,830.0,799.0,805.0,352.0,353.0,352.0
3577.0,845.0,834.0,837.0,357.0,354.0,350.0
3524.0,808.0,843.0,799.0,368.0,352.0,354.0
3563.0,826.0,847.0,818.0,356.0,360.0,356.0
3490.0,839.0,810.0,810.0,337.0,357.0,337.0
3453.0,803.0,778.0,826.0,346.0,355.0,345.0
3454.0,799.0,816.0,799.0,352.0,331.0,357.0
3586.0,860.0,842.0,816.0,356.0,349.0,363.0
3629.0,860.0,849.0,837.0,370.0,352.0,361.0
3619.0,849.0,851.0,834.0,360.0,368.0,357.0
3416.0,794.0,790.0,796.0,355.0,337.0,344.0
3584.0,835.0,817.0,847.0,376.0,361.0,348.0
3569.0,839.0,836.0,828.0,348.0,365.0,353.0
3355.0,772.0,811.0,788.0,318.0,331.0,335.0
3509.0,826.0,803.0,819.0,352.0,357.0,352.0
3607.0,857.0,842.0,838.0,359.0,361.0,350.0
3648.0,835.0,859.0,854.0,375.0,362.0,363.0
3677.0,840.0,877.0,867.0,373.0,361.0,359.0
3557.0,826.0,831.0,838.0,355.0,346.0,361.0
3547.0,830.0,800.0,839.0,353.0,364.0,361.0
3523.0,830.0,795.0,818.0,348.0,372.0,360.0
3597.0,842.0,852.0,827.0,354.0,366.0,356.0
3610.0,853.0,843.0,845.0,352.0,365.0,352.0
3665.0,872.0,843.0,854.0,372.0,365.0,359.0
3473.0,822.0,805.0,815.0,345.0,341.0,345.0
3427.0,796.0,785.0,816.0,348.0,341.0,341.0
3445.0,803.0,800.0,802.0,344.0,342.0,354.0
3487.0,827.0,819.0,789.0,345.0,348.0,359.0
3588.0,826.0,848.0,827.0,361.0,357.0,369.0
3619.0,859.0,819.0,842.0,366.0,364.0,369.0
3529.0,840.0,826.0,798.0,352.0,361.0,352.0
3501.0,817.0,801.0,840.0,341.0,350.0,352.0
3663.0,850.0,857.0,864.0,369.0,362.0,361.0
3505.0,817.0,830.0,815.0,352.0,349.0,342.0
3577.0,816.0,825.0,850.0,365.0,365.0,356.0
3715.0,863.0,866.0,877.0,369.0,370.0,370.0
3600.0,839.0,843.0,853.0,355.0,358.0,352.0
3734.0,862.0,893.0,880.0,362.0,376.0,361.0
3561.0,820.0,824.0,843.0,352.0,361.0,361.0
3694.0,870.0,864.0,847.0,371.0,377.0,365.0
3572.0,874.0,806.0,806.0,359.0,356.0,371.0
3616.0,836.0,854.0,837.0,364.0,367.0,358.0
3518.0,832.0,826.0,794.0,344.0,367.0,355.0
3820.0,898.0,881.0,920.0,375.0,371.0,375.0
3634.0,844.0,850.0,871.0,357.0,357.0,355.0
3683.0,871.0,855.0,859.0,369.0,375.0,354.0
3590.0,837.0,862.0,808.0,367.0,356.0,360.0
3694.0,861.0,870.0,851.0,381.0,365.0,366.0
3512.0,794.0,827.0,818.0,362.0,357.0,354.0
3618.0,839.0,832.0,842.0,371.0,368.0,366.0
3619.0,869.0,822.0,833.0,367.0,364.0,364.0
3712.0,859.0,884.0,865.0,359.0,365.0,380.0
3545.0,839.0,824.0,820.0,350.0,352.0,360.0
3785.0,901.0,880.0,875.0,374.0,376.0,379.0
3524.0,847.0,810.0,819.0,355.0,352.0,341.0
3542.0,837.0,804.0,841.0,362.0,353.0,345.0
3810.0,881.0,885.0,900.0,391.0,380.0,373.0
3651.0,862.0,846.0,857.0,359.0,372.0,355.0
3654.0,837.0,851.0,836.0,374.0,379.0,377.0
3621.0,840.0,837.0,842.0,352.0,378.0,372.0
3728.0,884.0,875.0,876.0,361.0,366.0,366.0
3602.0,827.0,856.0,840.0,359.0,352.0,368.0
3651.0,836.0,865.0,860.0,367.0,360.0,363.0
3533.0,839.0,801.0,830.0,359.0,345.0,359.0
3748.0,871.0,867.0,876.0,386.0,379.0,369.0
3700.0,879.0,852.0,856.0,375.0,372.0,366.0
3749.0,864.0,875.0,891.0,364.0,382.0,373.0
3645.0,852.0,844.0,840.0,364.0,376.0,369.0
3562.0,837.0,806.0,851.0,361.0,356.0,351.0
3592.0,832.0,830.0,851.0,362.0,353.0,364.0
3496.0,796.0,837.0,819.0,342.0,353.0,349.0
3757.0,903.0,871.0,867.0,382.0,360.0,374.0
3741.0,865.0,895.0,851.0,381.0,372.0,377.0
3769.0,861.0,861.0,914.0,385.0,369.0,379.0
3636.0,874.0,843.0,841.0,358.0,369.0,351.0
3640.0,862.0,871.0,836.0,358.0,359.0,354.0
3699.0,865.0,883.0,862.0,364.0,360.0,365.0
3750.0,892.0,868.0,862.0,371.0,385.0,372.0
3761.0,893.0,866.0,888.0,376.0,371.0,367.0
3664.0,840.0,847.0,846.0,378.0,377.0,376.0
3724.0,851.0,869.0,890.0,374.0,368.0,372.0
3585.0,835.0,860.0,840.0,353.0,345.0,352.0
3722.0,874.0,863.0,879.0,369.0,360.0,377.0
3497.0,800.0,818.0,813.0,349.0,362.0,355.0
3663.0,867.0,852.0,832.0,379.0,363.0,370.0
3773.0,913.0,872.0,853.0,379.0,381.0,375.0
3773.0,900.0,884.0,872.0,381.0,376.0,360.0
3726.0,853.0,850.0,893.0,380.0,384.0,366.0
3689.0,882.0,835.0,882.0,372.0,360.0,358.0
3672.0,848.0,854.0,861.0,373.0,364.0,372.0
3495.0,837.0,827.0,794.0,341.0,348.0,348.0
3642.0,830.0,874.0,839.0,371.0,354.0,374.0
3836.0,905.0,887.0,905.0,370.0,379.0,390.0
3754.0,876.0,873.0,881.0,378.0,380.0,366.0
3756.0,880.0,873.0,890.0,377.0,378.0,358.0
3641.0,856.0,846.0,838.0,368.0,370.0,363.0
3726.0,859.0,885.0,876.0,378.0,371.0,357.0
3615.0,832.0,872.0,839.0,369.0,354.0,349.0
3626.0,851.0,844.0,846.0,367.0,358.0,360.0
3858.0,911.0,899.0,922.0,374.0,377.0,375.0
3852.0,891.0,913.0,905.0,379.0,379.0,385.0
3781.0,869.0,874.0,889.0,395.0,367.0,387.0
3823.0,920.0,887.0,861.0,382.0,383.0,390.0
3767.0,889.0,867.0,853.0,386.0,381.0,391.0
3691.0,848.0,859.0,862.0,371.0,373.0,378.0
3659.0,864.0,873.0,844.0,361.0,360.0,357.0
3835.0,905.0,895.0,901.0,373.0,385.0,376.0
3812.0,894.0,886.0,908.0,371.0,372.0,381.0
3750.0,878.0,868.0,881.0,371.0,376.0,376.0
3672.0,848.0,849.0,855.0,373.0,375.0,372.0
3744.0,879.0,896.0,851.0,384.0,372.0,362.0
3656.0,840.0,854.0,863.0,369.0,365.0,365.0
3708.0,857.0,836.0,883.0,369.0,386.0,377.0
3784.0,896.0,864.0,876.0,367.0,389.0,392.0
3898.0,896.0,909.0,909.0,398.0,397.0,389.0
3822.0,878.0,918.0,881.0,388.0,380.0,377.0
3849.0,918.0,903.0,892.0,383.0,377.0,376.0
3782.0,882.0,885.0,884.0,394.0,373.0,364.0
3642.0,827.0,838.0,897.0,364.0,357.0,359.0
3791.0,879.0,895.0,880.0,379.0,384.0,374.0
3824.0,922.0,883.0,879.0,381.0,379.0,380.0
3691.0,843.0,881.0,839.0,364.0,392.0,372.0
3524.0,831.0,815.0,810.0,349.0,357.0,362.0
3776.0,898.0,881.0,859.0,385.0,379.0,374.0
3727.0,892.0,863.0,861.0,368.0,368.0,375.0
3625.0,850.0,844.0,847.0,367.0,348.0,369.0
3871.0,895.0,920.0,916.0,381.0,373.0,386.0
3888.0,913.0,904.0,901.0,390.0,392.0,388.0
3829.0,909.0,914.0,892.0,376.0,377.0,361.0
3874.0,907.0,905.0,891.0,389.0,399.0,383.0
3864.0,896.0,914.0,902.0,382.0,388.0,382.0
3757.0,891.0,885.0,863.0,366.0,374.0,378.0
3786.0,866.0,886.0,883.0,376.0,384.0,391.0
3659.0,846.0,857.0,860.0,359.0,364.0,373.0
3724.0,858.0,874.0,877.0,373.0,364.0,378.0
3849.0,900.0,913.0,895.0,376.0,385.0,380.0
3874.0,899.0,897.0,936.0,377.0,381.0,384.0
3854.0,913.0,868.0,926.0,384.0,384.0,379.0
3720.0,882.0,873.0,862.0,368.0,369.0,366.0
3760.0,865.0,885.0,886.0,381.0,381.0,362.0
3935.0,911.0,917.0,919.0,397.0,404.0,387.0
3770.0,900.0,856.0,875.0,385.0,378.0,376.0
3734.0,859.0,883.0,867.0,371.0,376.0,378.0
3870.0,896.0,900.0,923.0,376.0,383.0,392.0
3798.0,876.0,874.0,916.0,373.0,374.0,385.0
3740.0,869.0,882.0,872.0,376.0,360.0,381.0
3790.0,873.0,895.0,887.0,377.0,373.0,385.0
3964.0,938.0,914.0,926.0,403.0,385.0,398.0
3964.0,950.0,921.0,918.0,391.0,400.0,384.0
3975.0,916.0,902.0,947.0,404.0,407.0,399.0
3964.0,912.0,946.0,939.0,386.0,395.0,386.0
3707.0,872.0,850.0,881.0,363.0,375.0,366.0
3752.0,893.0,872.0,880.0,362.0,373.0,372.0
3773.0,882.0,880.0,864.0,379.0,382.0,386.0
3867.0,903.0,917.0,903.0,390.0,374.0,380.0
3692.0,865.0,884.0,840.0,370.0,361.0,372.0
3918.0,909.0,918.0,913.0,393.0,388.0,397.0
3726.0,861.0,849.0,892.0,377.0,374.0,373.0
3787.0,885.0,890.0,867.0,386.0,379.0,380.0
3866.0,930.0,917.0,875.0,378.0,389.0,377.0
3768.0,876.0,892.0,879.0,360.0,389.0,372.0
3915.0,914.0,914.0,919.0,388.0,392.0,388.0
3944.0,925.0,911.0,941.0,378.0,395.0,394.0
3930.0,916.0,898.0,931.0,393.0,393.0,399.0
3906.0,877.0,938.0,906.0,388.0,395.0,402.0
3837.0,897.0,892.0,882.0,394.0,383.0,389.0
3832.0,913.0,891.0,899.0,369.0,369.0,391.0
3887.0,916.0,888.0,915.0,385.0,391.0,392.0
3859.0,894.0,885.0,924.0,387.0,377.0,392.0
3930.0,941.0,908.0,921.0,389.0,388.0,383.0
4003.0,935.0,935.0,935.0,408.0,400.0,390.0
3707.0,873.0,851.0,858.0,386.0,374.0,365.0
3943.0,941.0,913.0,910.0,404.0,391.0,384.0
3957.0,944.0,910.0,911.0,390.0,403.0,399.0
3745.0,869.0,869.0,883.0,367.0,378.0,379.0
3870.0,888.0,916.0,918.0,375.0,382.0,391.0
3940.0,911.0,898.0,947.0,390.0,404.0,390.0
3968.0,918.0,901.0,944.0,411.0,402.0,392.0
3873.0,901.0,903.0,898.0,389.0,387.0,395.0
3927.0,924.0,916.0,910.0,398.0,388.0,391.0
3770.0,898.0,883.0,860.0,380.0,379.0,370.0
3747.0,877.0,860.0,896.0,366.0,372.0,376.0
3799.0,876.0,864.0,906.0,391.0,377.0,385.0
3931.0,939.0,909.0,906.0,397.0,392.0,388.0
3867.0,892.0,906.0,885.0,385.0,404.0,395.0
3927.0,917.0,909.0,910.0,393.0,404.0,394.0
4021.0,941.0,917.0,945.0,399.0,409.0,410.0
3934.0,922.0,899.0,933.0,400.0,392.0,388.0
3919.0,901.0,925.0,917.0,404.0,367.0,405.0
3955.0,927.0,932.0,919.0,393.0,392.0,392.0
3973.0,927.0,911.0,934.0,400.0,395.0,406.0
3905.0,925.0,913.0,905.0,392.0,393.0,377.0
3851.0,888.0,905.0,898.0,392.0,390.0,378.0
3906.0,885.0,927.0,913.0,398.0,396.0,387.0
3927.0,927.0,921.0,908.0,391.0,395.0,385.0
3900.0,915.0,890.0,929.0,393.0,394.0,379.0
3922.0,911.0,904.0,907.0,403.0,397.0,400.0
4051.0,970.0,932.0,943.0,403.0,396.0,407.0
3757.0,869.0,883.0,880.0,369.0,363.0,393.0
3859.0,867.0,937.0,911.0,384.0,377.0,383.0
3963.0,924.0,919.0,944.0,395.0,392.0,389.0
3894.0,907.0,905.0,928.0,390.0,386.0,378.0
3902.0,897.0,917.0,917.0,394.0,394.0,383.0
3954.0,922.0,935.0,900.0,403.0,401.0,393.0
4011.0,948.0,937.0,919.0,402.0,412.0,393.0
3909.0,911.0,909.0,911.0,387.0,401.0,390.0
3823.0,891.0,884.0,907.0,382.0,373.0,386.0
3964.0,927.0,910.0,937.0,402.0,386.0,402.0
3900.0,909.0,905.0,907.0,391.0,385.0,403.0
3907.0,892.0,922.0,913.0,396.0,392.0,392.0
3794.0,893.0,872.0,871.0,389.0,386.0,383.0
3927.0,923.0,910.0,902.0,396.0,399.0,397.0
3796.0,879.0,873.0,903.0,381.0,388.0,372.0
4215.0,966.0,1004.0,994.0,406.0,423.0,422.0
3979.0,933.0,923.0,941.0,393.0,393.0,396.0
3799.0,895.0,879.0,879.0,382.0,376.0,388.0
3942.0,906.0,913.0,925.0,406.0,392.0,400.0
3853.0,900.0,889.0,890.0,386.0,392.0,396.0
4049.0,957.0,929.0,943.0,415.0,396.0,409.0
4055.0,946.0,942.0,948.0,402.0,403.0,414.0
3910.0,883.0,925.0,914.0,386.0,408.0,394.0
4003.0,939.0,927.0,940.0,396.0,412.0,389.0
3976.0,941.0,944.0,902.0,399.0,394.0,396.0
3845.0,881.0,933.0,895.0,378.0,384.0,374.0
3963.0,935.0,933.0,910.0,405.0,387.0,393.0
4031.0,957.0,927.0,938.0,407.0,398.0,404.0
4082.0,935.0,959.0,966.0,414.0,400.0,408.0
3944.0,924.0,924.0,919.0,389.0,383.0,405.0
3873.0,897.0,903.0,902.0,383.0,396.0,392.0
3893.0,924.0,890.0,906.0,389.0,395.0,389.0
3958.0,913.0,905.0,951.0,393.0,399.0,397.0
4088.0,934.0,948.0,984.0,410.0,409.0,403.0
3946.0,926.0,920.0,922.0,390.0,397.0,391.0
4048.0,952.0,949.0,943.0,397.0,397.0,410.0
3860.0,896.0,899.0,900.0,393.0,386.0,386.0
4044.0,947.0,933.0,942.0,409.0,406.0,407.0
4012.0,947.0,938.0,922.0,396.0,401.0,408.0
3939.0,905.0,913.0,919.0,401.0,396.0,405.0
4046.0,926.0,943.0,956.0,404.0,410.0,407.0
4032.0,944.0,952.0,932.0,398.0,392.0,414.0
4053.0,942.0,939.0,939.0,413.0,410.0,410.0
4095.0,942.0,970.0,954.0,411.0,414.0,404.0
3992.0,956.0,921.0,906.0,401.0,404.0,404.0
4093.0,959.0,968.0,961.0,401.0,397.0,407.0
3960.0,915.0,932.0,940.0,391.0,386.0,396.0
4115.0,963.0,947.0,983.0,405.0,406.0,411.0
4182.0,997.0,971.0,966.0,415.0,426.0,407.0
4123.0,964.0,979.0,943.0,413.0,406.0,418.0
4078.0,930.0,971.0,934.0,416.0,410.0,417.0
4014.0,943.0,935.0,921.0,394.0,421.0,400.0
3947.0,926.0,887.0,932.0,401.0,401.0,400.0
4011.0,920.0,940.0,947.0,394.0,409.0,401.0
4077.0,946.0,952.0,957.0,411.0,406.0,405.0
4163.0,977.0,980.0,958.0,415.0,418.0,415.0
4077.0,950.0,967.0,941.0,407.0,407.0,405.0
4134.0,959.0,960.0,964.0,420.0,418.0,413.0
4021.0,930.0,915.0,974.0,399.0,410.0,393.0
4079.0,933.0,944.0,976.0,405.0,409.0,412.0
3943.0,905.0,923.0,923.0,400.0,398.0,394.0
3943.0,925.0,907.0,920.0,392.0,394.0,405.0
4102.0,989.0,955.0,938.0,406.0,415.0,399.0
4144.0,971.0,975.0,959.0,420.0,404.0,415.0
4174.0,965.0,998.0,957.0,429.0,406.0,419.0
4074.0,970.0,950.0,936.0,419.0,394.0,405.0
3877.0,915.0,887.0,909.0,397.0,386.0,383.0
3987.0,915.0,944.0,933.0,408.0,401.0,386.0
4060.0,949.0,953.0,921.0,404.0,417.0,416.0
4105.0,980.0,976.0,934.0,403.0,415.0,397.0
3964.0,900.0,951.0,922.0,399.0,392.0,400.0
4050.0,944.0,942.0,953.0,402.0,403.0,406.0
4058.0,964.0,933.0,961.0,398.0,403.0,399.0
4006.0,934.0,946.0,936.0,405.0,391.0,394.0
4140.0,944.0,995.0,950.0,424.0,410.0,417.0
4142.0,966.0,963.0,963.0,421.0,409.0,420.0
4130.0,985.0,940.0,968.0,406.0,424.0,407.0
4178.0,976.0,980.0,976.0,413.0,418.0,415.0
4082.0,944.0,963.0,942.0,407.0,419.0,407.0
4088.0,971.0,939.0,954.0,407.0,408.0,409.0
4049.0,959.0,956.0,919.0,403.0,408.0,404.0
4106.0,947.0,944.0,967.0,415.0,421.0,412.0
4008.0,937.0,928.0,948.0,393.0,399.0,403.0
4111.0,976.0,950.0,976.0,407.0,397.0,405.0
4201.0,981.0,989.0,988.0,415.0,412.0,416.0
4107.0,950.0,958.0,979.0,400.0,409.0,411.0
3971.0,949.0,905.0,921.0,403.0,395.0,398.0
4142.0,980.0,967.0,950.0,414.0,418.0,413.0
4003.0,912.0,952.0,940.0,407.0,407.0,385.0
4182.0,953.0,989.0,971.0,425.0,415.0,429.0
4255.0,983.0,1001.0,1004.0,423.0,426.0,418.0
4150.0,979.0,964.0,987.0,407.0,399.0,414.0
4010.0,920.0,941.0,943.0,394.0,398.0,414.0
4031.0,943.0,948.0,936.0,399.0,399.0,406.0
3986.0,931.0,932.0,949.0,392.0,387.0,395.0
4094.0,952.0,954.0,950.0,411.0,418.0,409.0
4197.0,963.0,969.0,994.0,434.0,420.0,417.0
4186.0,985.0,944.0,996.0,421.0,425.0,415.0
4131.0,968.0,974.0,961.0,414.0,410.0,404.0
4148.0,971.0,964.0,971.0,416.0,411.0,415.0
4106.0,973.0,972.0,953.0,401.0,410.0,397.0
4059.0,953.0,961.0,938.0,409.0,390.0,408.0
4151.0,977.0,973.0,971.0,411.0,411.0,408.0
4166.0,948.0,968.0,996.0,420.0,423.0,411.0
4225.0,1000.0,985.0,977.0,430.0,402.0,431.0
4272.0,1004.0,984.0,978.0,434.0,432.0,440.0
4057.0,955.0,934.0,920.0,413.0,423.0,412.0
4055.0,964.0,937.0,944.0,402.0,407.0,401.0
3905.0,920.0,922.0,902.0,391.0,389.0,381.0
4254.0,994.0,1004.0,990.0,429.0,422.0,415.0
4107.0,952.0,959.0,959.0,427.0,408.0,402.0
4210.0,983.0,978.0,985.0,430.0,426.0,408.0
4133.0,965.0,955.0,957.0,425.0,421.0,410.0
4245.0,967.0,1004.0,972.0,439.0,433.0,430.0
4155.0,973.0,981.0,961.0,409.0,414.0,417.0
4098.0,975.0,931.0,982.0,395.0,407.0,408.0
4207.0,960.0,974.0,1007.0,417.0,420.0,429.0
4168.0,981.0,964.0,976.0,415.0,413.0,419.0
4285.0,1011.0,995.0,1000.0,428.0,435.0,416.0
4058.0,968.0,947.0,935.0,412.0,401.0,395.0
4188.0,962.0,993.0,968.0,435.0,417.0,413.0
4089.0,961.0,943.0,973.0,409.0,400.0,403.0
4136.0,957.0,964.0,986.0,404.0,416.0,409.0
4136.0,965.0,978.0,964.0,400.0,409.0,420.0
4093.0,943.0,940.0,955.0,412.0,421.0,422.0
4242.0,1027.0,943.0,978.0,436.0,426.0,432.0
4241.0,1007.0,963.0,993.0,423.0,432.0,423.0
4231.0,991.0,987.0,998.0,413.0,421.0,421.0
4239.0,994.0,980.0,1011.0,419.0,417.0,418.0
4143.0,960.0,964.0,968.0,419.0,422.0,410.0
4047.0,941.0,916.0,977.0,407.0,404.0,402.0
4241.0,980.0,993.0,989.0,430.0,429.0,420.0
4368.0,1024.0,1036.0,1002.0,425.0,439.0,442.0
4160.0,962.0,996.0,956.0,410.0,415.0,421.0
4260.0,976.0,998.0,1006.0,423.0,430.0,427.0
4148.0,985.0,939.0,985.0,419.0,412.0,408.0
4267.0,996.0,991.0,1004.0,430.0,415.0,431.0
4106.0,939.0,956.0,963.0,424.0,403.0,421.0
4147.0,962.0,1000.0,941.0,418.0,411.0,415.0
4304.0,1002.0,1016.0,1000.0,427.0,434.0,425.0
4223.0,981.0,966.0,992.0,425.0,434.0,425.0
4190.0,981.0,973.0,988.0,420.0,426.0,402.0
4168.0,980.0,976.0,956.0,419.0,426.0,411.0
4222.0,989.0,992.0,974.0,414.0,433.0,420.0
4072.0,930.0,981.0,932.0,415.0,403.0,411.0
4325.0,1037.0,994.0,994.0,426.0,431.0,443.0
4237.0,1002.0,969.0,995.0,424.0,423.0,424.0
4247.0,1009.0,977.0,1000.0,423.0,412.0,426.0
4198.0,955.0,1002.0,996.0,412.0,416.0,417.0
4186.0,986.0,958.0,979.0,415.0,437.0,411.0
4109.0,1001.0,950.0,910.0,416.0,417.0,415.0
4092.0,943.0,947.0,956.0,418.0,414.0,414.0
4328.0,1013.0,1026.0,997.0,428.0,435.0,429.0
4286.0,1009.0,1008.0,1004.0,423.0,419.0,423.0
4345.0,997.0,1021.0,1032.0,426.0,435.0,434.0
4217.0,999.0,948.0,998.0,424.0,429.0,419.0
4207.0,983.0,965.0,999.0,420.0,418.0,422.0
4261.0,1007.0,997.0,981.0,427.0,424.0,425.0
4255.0,995.0,994.0,992.0,427.0,424.0,423.0
4195.0,955.0,977.0,1005.0,421.0,418.0,419.0
4414.0,1022.0,1020.0,1039.0,435.0,454.0,444.0
4119.0,939.0,969.0,980.0,407.0,418.0,406.0
4223.0,967.0,997.0,1001.0,420.0,422.0,416.0
4251.0,1006.0,1017.0,975.0,416.0,421.0,416.0
4163.0,992.0,944.0,974.0,420.0,412.0,421.0
4120.0,953.0,954.0,962.0,418.0,416.0,417.0
4257.0,995.0,980.0,1000.0,429.0,420.0,433.0
4386.0,1041.0,1007.0,1042.0,428.0,434.0,434.0
4352.0,1007.0,1033.0,1018.0,424.0,439.0,431.0
4166.0,969.0,981.0,950.0,416.0,429.0,421.0
4286.0,1002.0,1001.0,993.0,431.0,439.0,420.0
4262.0,1011.0,988.0,988.0,431.0,425.0,419.0
4305.0,992.0,1022.0,994.0,437.0,430.0,430.0
4406.0,1018.0,1038.0,1042.0,446.0,429.0,433.0
4339.0,1027.0,1011.0,1013.0,435.0,426.0,427.0
4368.0,1024.0,1012.0,1021.0,440.0,425.0,446.0
4272.0,1004.0,1010.0,983.0,414.0,436.0,425.0
4289.0,999.0,1018.0,1000.0,418.0,422.0,432.0
4259.0,966.0,1007.0,1017.0,419.0,428.0,422.0
4177.0,971.0,979.0,982.0,413.0,422.0,410.0
4255.0,979.0,979.0,1013.0,428.0,431.0,425.0
4195.0,1001.0,993.0,932.0,432.0,416.0,421.0
4292.0,998.0,1006.0,999.0,432.0,426.0,431.0
4330.0,1030.0,990.0,1019.0,432.0,433.0,426.0
4349.0,1019.0,1009.0,1024.0,427.0,435.0,435.0
4198.0,985.0,948.0,1004.0,417.0,421.0,423.0
4164.0,946.0,987.0,967.0,418.0,427.0,419.0
4295.0,973.0,1013.0,996.0,432.0,442.0,439.0
4360.0,1026.0,1010.0,1009.0,444.0,434.0,437.0
4452.0,1035.0,1041.0,1028.0,453.0,443.0,452.0
4236.0,998.0,1009.0,960.0,425.0,418.0,426.0
4241.0,992.0,997.0,991.0,416.0,418.0,427.0
4349.0,1003.0,1033.0,1037.0,424.0,421.0,431.0
4204.0,967.0,995.0,979.0,418.0,424.0,421.0
4348.0,1018.0,1004.0,1033.0,439.0,436.0,418.0
4330.0,1034.0,994.0,987.0,437.0,438.0,440.0
4369.0,995.0,1034.0,1017.0,439.0,446.0,438.0
4402.0,1007.0,1040.0,1040.0,445.0,439.0,431.0
4306.0,1004.0,989.0,1012.0,430.0,432.0,439.0
4275.0,987.0,1008.0,1002.0,428.0,428.0,422.0
4414.0,1027.0,1029.0,1029.0,444.0,440.0,445.0
4205.0,998.0,981.0,952.0,430.0,422.0,422.0
4419.0,1037.0,1036.0,1027.0,440.0,436.0,443.0
4386.0,1003.0,1024.0,1029.0,442.0,444.0,444.0
4179.0,971.0,982.0,977.0,414.0,427.0,408.0
4432.0,1047.0,1015.0,1042.0,441.0,449.0,438.0
4412.0,1050.0,1043.0,1013.0,430.0,443.0,433.0
4406.0,1016.0,1039.0,1026.0,442.0,440.0,443.0
4229.0,985.0,978.0,981.0,425.0,420.0,440.0
4351.0,1010.0,1008.0,1002.0,437.0,446.0,448.0
4497.0,1017.0,1063.0,1071.0,446.0,445.0,455.0
4282.0,994.0,994.0,1009.0,440.0,418.0,427.0
4308.0,1015.0,1025.0,995.0,432.0,420.0,421.0
4353.0,1032.0,1005.0,1001.0,443.0,440.0,432.0
4309.0,992.0,1007.0,1021.0,423.0,435.0,431.0
4456.0,1023.0,1039.0,1041.0,447.0,456.0,450.0
4411.0,1017.0,1050.0,1037.0,436.0,440.0,431.0
4510.0,1031.0,1050.0,1084.0,445.0,449.0,451.0
4251.0,985.0,972.0,1009.0,424.0,427.0,434.0
4322.0,1042.0,980.0,1005.0,438.0,416.0,441.0
4400.0,1022.0,1033.0,1016.0,452.0,431.0,446.0
4325.0,1027.0,1015.0,985.0,422.0,437.0,439.0
4214.0,978.0,977.0,995.0,421.0,424.0,419.0
4411.0,1036.0,1019.0,1057.0,427.0,434.0,438.0
4304.0,1007.0,992.0,1011.0,426.0,444.0,424.0
4332.0,996.0,1007.0,1029.0,431.0,444.0,425.0
4327.0,997.0,1019.0,999.0,439.0,441.0,432.0
4388.0,1025.0,1013.0,1019.0,444.0,442.0,445.0
4275.0,1009.0,982.0,998.0,435.0,425.0,426.0
4405.0,1011.0,1007.0,1051.0,445.0,439.0,452.0
4481.0,1024.0,1064.0,1062.0,434.0,442.0,455.0
4426.0,1020.0,1059.0,1033.0,427.0,435.0,452.0
4471.0,1032.0,1050.0,1043.0,445.0,449.0,452.0
4354.0,1013.0,1023.0,1011.0,432.0,441.0,434.0
4408.0,1024.0,1030.0,1036.0,441.0,440.0,437.0
4345.0,1001.0,1025.0,1020.0,434.0,435.0,430.0
4562.0,1050.0,1067.0,1077.0,462.0,448.0,458.0
4409.0,1044.0,1025.0,1031.0,446.0,437.0,426.0
4475.0,1052.0,1057.0,1030.0,446.0,437.0,453.0
4365.0,1016.0,1028.0,989.0,444.0,432.0,456.0
4601.0,1081.0,1070.0,1068.0,457.0,464.0,461.0
4410.0,1048.0,1018.0,1036.0,433.0,434.0,441.0
4386.0,1019.0,1002.0,1031.0,451.0,440.0,443.0
4280.0,969.0,996.0,1007.0,437.0,436.0,435.0
4528.0,1065.0,1060.0,1046.0,458.0,449.0,450.0
4382.0,1004.0,1045.0,1026.0,442.0,435.0,430.0
4385.0,1019.0,1037.0,1017.0,432.0,435.0,445.0
4501.0,1072.0,1049.0,1044.0,446.0,444.0,446.0
4422.0,1031.0,1025.0,1052.0,434.0,438.0,442.0
4417.0,1020.0,1009.0,1044.0,443.0,450.0,451.0
4498.0,1065.0,1045.0,1043.0,452.0,444.0,449.0
4411.0,1018.0,1020.0,1031.0,439.0,452.0,451.0
4447.0,1033.0,1027.0,1044.0,439.0,455.0,449.0
4471.0,1048.0,1035.0,1047.0,438.0,456.0,447.0
4291.0,1013.0,990.0,1010.0,426.0,424.0,428.0
4377.0,1012.0,1033.0,1045.0,429.0,431.0,427.0
4389.0,1022.0,1006.0,1032.0,443.0,445.0,441.0
4361.0,1034.0,1018.0,1005.0,439.0,435.0,430.0
4527.0,1074.0,1032.0,1062.0,457.0,449.0,453.0
4480.0,1041.0,1065.0,1030.0,455.0,441.0,448.0
4483.0,1037.0,1035.0,1066.0,443.0,449.0,453.0
4436.0,1052.0,1029.0,1025.0,439.0,440.0,451.0
4372.0,1020.0,1009.0,1029.0,435.0,438.0,441.0
4584.0,1056.0,1077.0,1066.0,453.0,460.0,472.0
4415.0,1041.0,1018.0,1029.0,444.0,444.0,439.0
4475.0,1024.0,1067.0,1024.0,459.0,447.0,454.0
4702.0,1096.0,1111.0,1086.0,479.0,457.0,473.0
4465.0,1033.0,1032.0,1061.0,444.0,452.0,443.0
4413.0,1033.0,1007.0,1042.0,444.0,440.0,447.0
4433.0,1033.0,1040.0,1017.0,438.0,452.0,453.0
4286.0,984.0,1011.0,986.0,438.0,429.0,438.0
4523.0,1059.0,1052.0,1063.0,442.0,456.0,451.0
4626.0,1084.0,1054.0,1085.0,473.0,470.0,460.0
4506.0,1060.0,1049.0,1046.0,453.0,442.0,456.0
4410.0,1020.0,1032.0,1053.0,431.0,432.0,442.0
4583.0,1064.0,1090.0,1070.0,447.0,455.0,457.0
4405.0,1031.0,1044.0,1026.0,428.0,439.0,437.0
4314.0,1010.0,997.0,1014.0,423.0,436.0,434.0
4358.0,1026.0,999.0,1018.0,440.0,448.0,427.0
4579.0,1073.0,1081.0,1065.0,459.0,452.0,449.0
4547.0,1053.0,1043.0,1072.0,466.0,456.0,457.0
4461.0,1032.0,1057.0,1030.0,443.0,446.0,453.0
4471.0,1050.0,1048.0,1033.0,449.0,439.0,452.0
4505.0,1073.0,1049.0,1024.0,449.0,446.0,464.0
4409.0,1002.0,1043.0,1041.0,441.0,439.0,443.0
4589.0,1059.0,1103.0,1086.0,442.0,444.0,455.0
4396.0,1019.0,1018.0,1046.0,440.0,443.0,430.0
4622.0,1073.0,1074.0,1092.0,467.0,457.0,459.0
4611.0,1070.0,1079.0,1062.0,465.0,476.0,459.0
4477.0,1053.0,1045.0,1045.0,443.0,448.0,443.0
4542.0,1033.0,1081.0,1051.0,464.0,459.0,454.0
4424.0,1045.0,1045.0,1009.0,430.0,448.0,447.0
4329.0,1030.0,998.0,1006.0,429.0,422.0,444.0
4510.0,1061.0,1060.0,1052.0,441.0,443.0,453.0
4487.0,1049.0,1053.0,1032.0,450.0,451.0,452.0
4464.0,1014.0,1047.0,1042.0,458.0,460.0,443.0
4556.0,1076.0,1058.0,1050.0,458.0,467.0,447.0
4489.0,1059.0,1043.0,1038.0,458.0,448.0,443.0
4600.0,1050.0,1094.0,1063.0,464.0,474.0,455.0
4669.0,1107.0,1095.0,1095.0,467.0,452.0,453.0
4560.0,1069.0,1068.0,1053.0,457.0,453.0,460.0
4500.0,1059.0,1063.0,1038.0,447.0,439.0,454.0
4462.0,1040.0,1025.0,1034.0,457.0,444.0,462.0
4559.0,1077.0,1049.0,1057.0,456.0,461.0,459.0
4494.0,1029.0,1066.0,1059.0,441.0,446.0,453.0
4514.0,1026.0,1066.0,1039.0,464.0,456.0,463.0
4605.0,1065.0,1081.0,1080.0,459.0,459.0,461.0
4606.0,1076.0,1080.0,1059.0,464.0,460.0,467.0
4631.0,1079.0,1086.0,1079.0,462.0,461.0,464.0
4645.0,1088.0,1083.0,1079.0,472.0,458.0,465.0
4546.0,1055.0,1049.0,1083.0,461.0,452.0,446.0
4443.0,1022.0,1030.0,1054.0,448.0,445.0,444.0
4515.0,1041.0,1048.0,1063.0,455.0,451.0,457.0
4629.0,1072.0,1112.0,1050.0,463.0,459.0,473.0
4471.0,1045.0,1056.0,1033.0,449.0,446.0,442.0
4757.0,1104.0,1126.0,1093.0,472.0,489.0,473.0
4589.0,1045.0,1083.0,1086.0,449.0,467.0,459.0
4590.0,1071.0,1057.0,1097.0,451.0,458.0,456.0
4659.0,1079.0,1109.0,1092.0,470.0,451.0,458.0
4521.0,1043.0,1088.0,1048.0,457.0,454.0,431.0
4489.0,1059.0,1055.0,1027.0,453.0,448.0,447.0
4713.0,1128.0,1074.0,1089.0,469.0,482.0,471.0
4713.0,1110.0,1090.0,1082.0,474.0,480.0,477.0
4586.0,1049.0,1080.0,1068.0,459.0,471.0,459.0
4531.0,1049.0,1061.0,1065.0,440.0,458.0,458.0
4615.0,1065.0,1098.0,1077.0,448.0,464.0,463.0
4408.0,999.0,1034.0,1028.0,448.0,452.0,447.0
4471.0,1035.0,1040.0,1023.0,458.0,461.0,454.0
4581.0,1071.0,1074.0,1066.0,464.0,449.0,457.0
4658.0,1080.0,1096.0,1091.0,465.0,462.0,464.0
4690.0,1063.0,1098.0,1121.0,471.0,469.0,468.0
4550.0,1084.0,1041.0,1087.0,450.0,443.0,445.0
4503.0,1068.0,1047.0,1032.0,451.0,451.0,454.0
4538.0,1073.0,1060.0,1019.0,462.0,465.0,459.0
4336.0,1007.0,1019.0,1002.0,428.0,438.0,442.0
4619.0,1090.0,1059.0,1077.0,465.0,465.0,463.0
4552.0,1050.0,1032.0,1091.0,455.0,455.0,469.0
4672.0,1099.0,1081.0,1100.0,470.0,458.0,464.0
4472.0,1051.0,1030.0,1052.0,446.0,441.0,452.0
4657.0,1095.0,1089.0,1078.0,463.0,462.0,470.0
4604.0,1079.0,1062.0,1088.0,458.0,455.0,462.0
4560.0,1096.0,1027.0,1059.0,457.0,467.0,454.0
4676.0,1091.0,1074.0,1102.0,470.0,472.0,467.0
4684.0,1068.0,1102.0,1111.0,465.0,470.0,468.0
4645.0,1050.0,1101.0,1092.0,468.0,463.0,471.0
4565.0,1099.0,1045.0,1056.0,440.0,458.0,467.0
4652.0,1103.0,1092.0,1070.0,458.0,454.0,475.0
4650.0,1055.0,1098.0,1104.0,463.0,465.0,465.0
4604.0,1083.0,1066.0,1092.0,459.0,448.0,456.0
4725.0,1112.0,1110.0,1109.0,466.0,461.0,467.0
4616.0,1067.0,1071.0,1086.0,470.0,470.0,452.0
4681.0,1071.0,1076.0,1108.0,480.0,476.0,470.0
4665.0,1102.0,1076.0,1088.0,473.0,470.0,456.0
4687.0,1104.0,1100.0,1073.0,468.0,480.0,462.0
4454.0,1035.0,1038.0,1048.0,440.0,441.0,452.0
4605.0,1084.0,1060.0,1093.0,451.0,458.0,459.0
4620.0,1098.0,1048.0,1087.0,455.0,453.0,479.0
4592.0,1074.0,1063.0,1077.0,465.0,452.0,461.0
4763.0,1103.0,1125.0,1100.0,476.0,477.0,482.0
4608.0,1066.0,1076.0,1075.0,460.0,468.0,463.0
4635.0,1078.0,1060.0,1103.0,467.0,467.0,460.0
4631.0,1079.0,1056.0,1109.0,452.0,482.0,453.0
4782.0,1118.0,1123.0,1117.0,470.0,482.0,472.0
4715.0,1106.0,1120.0,1103.0,463.0,464.0,459.0
4718.0,1109.0,1108.0,1089.0,474.0,464.0,474.0
4535.0,1056.0,1058.0,1050.0,459.0,452.0,460.0
4759.0,1132.0,1098.0,1086.0,483.0,477.0,483.0
4668.0,1078.0,1092.0,1098.0,475.0,457.0,468.0
4681.0,1079.0,1104.0,1089.0,464.0,458.0,487.0
4672.0,1096.0,1119.0,1082.0,450.0,463.0,462.0
4703.0,1100.0,1083.0,1097.0,465.0,493.0,465.0
4689.0,1113.0,1081.0,1091.0,469.0,471.0,464.0
4611.0,1085.0,1092.0,1051.0,460.0,466.0,457.0
4777.0,1127.0,1126.0,1116.0,480.0,464.0,464.0
4649.0,1086.0,1080.0,1093.0,467.0,468.0,455.0
4765.0,1090.0,1100.0,1141.0,486.0,465.0,483.0
4601.0,1068.0,1069.0,1089.0,456.0,454.0,465.0
4874.0,1157.0,1146.0,1117.0,475.0,488.0,491.0
4751.0,1100.0,1122.0,1108.0,469.0,476.0,476.0
4683.0,1083.0,1109.0,1085.0,465.0,471.0,470.0
4705.0,1109.0,1093.0,1096.0,473.0,472.0,462.0
4684.0,1088.0,1099.0,1097.0,472.0,455.0,473.0
4445.0,1031.0,1054.0,1043.0,442.0,438.0,437.0
4741.0,1119.0,1093.0,1101.0,475.0,473.0,480.0
4721.0,1107.0,1094.0,1103.0,474.0,463.0,480.0
4776.0,1121.0,1104.0,1115.0,469.0,473.0,494.0
4551.0,1058.0,1061.0,1054.0,453.0,467.0,458.0
4847.0,1133.0,1131.0,1141.0,479.0,479.0,484.0
4808.0,1123.0,1118.0,1118.0,479.0,482.0,488.0
4664.0,1066.0,1099.0,1088.0,476.0,460.0,475.0
4654.0,1110.0,1065.0,1080.0,469.0,470.0,460.0
4764.0,1110.0,1115.0,1110.0,483.0,469.0,477.0
4774.0,1093.0,1138.0,1117.0,477.0,474.0,475.0
4694.0,1091.0,1106.0,1110.0,465.0,463.0,459.0
4600.0,1087.0,1074.0,1079.0,455.0,452.0,453.0
4663.0,1082.0,1103.0,1068.0,475.0,469.0,466.0
4706.0,1083.0,1103.0,1086.0,488.0,472.0,474.0
4805.0,1114.0,1119.0,1122.0,480.0,488.0,482.0
4899.0,1138.0,1129.0,1162.0,486.0,496.0,488.0
4816.0,1123.0,1107.0,1148.0,481.0,476.0,481.0
4622.0,1066.0,1084.0,1085.0,464.0,464.0,459.0
4727.0,1126.0,1100.0,1097.0,473.0,466.0,465.0
4688.0,1114.0,1113.0,1069.0,462.0,464.0,466.0
4705.0,1092.0,1102.0,1087.0,475.0,472.0,477.0
4702.0,1095.0,1085.0,1093.0,485.0,475.0,469.0
4791.0,1122.0,1098.0,1137.0,489.0,481.0,464.0
4709.0,1090.0,1101.0,1100.0,468.0,482.0,468.0
4727.0,1082.0,1110.0,1099.0,480.0,478.0,478.0
4787.0,1137.0,1124.0,1113.0,460.0,477.0,476.0
4756.0,1098.0,1114.0,1101.0,482.0,476.0,485.0
4862.0,1142.0,1147.0,1110.0,485.0,481.0,497.0
4777.0,1084.0,1137.0,1131.0,481.0,471.0,473.0
4837.0,1132.0,1138.0,1139.0,486.0,474.0,468.0
4757.0,1093.0,1131.0,1111.0,472.0,488.0,462.0
4721.0,1107.0,1100.0,1092.0,480.0,473.0,469.0
4827.0,1133.0,1113.0,1122.0,492.0,484.0,483.0
4698.0,1094.0,1119.0,1070.0,478.0,473.0,464.0
4745.0,1090.0,1101.0,1132.0,469.0,477.0,476.0
4865.0,1108.0,1158.0,1151.0,484.0,478.0,486.0
4776.0,1106.0,1101.0,1117.0,491.0,472.0,489.0
4670.0,1101.0,1084.0,1075.0,464.0,467.0,479.0
4652.0,1061.0,1105.0,1069.0,473.0,468.0,476.0
4730.0,1122.0,1102.0,1098.0,469.0,473.0,466.0
4646.0,1088.0,1061.0,1098.0,465.0,460.0,474.0
4782.0,1105.0,1115.0,1136.0,472.0,490.0,464.0
4701.0,1094.0,1081.0,1108.0,471.0,478.0,469.0
4882.0,1140.0,1130.0,1149.0,489.0,487.0,487.0
4831.0,1138.0,1139.0,1114.0,482.0,477.0,481.0
4741.0,1095.0,1118.0,1088.0,483.0,478.0,479.0
4774.0,1108.0,1122.0,1102.0,478.0,476.0,488.0
4788.0,1121.0,1113.0,1110.0,495.0,471.0,478.0
4889.0,1106.0,1169.0,1153.0,482.0,492.0,487.0
4899.0,1134.0,1163.0,1143.0,484.0,495.0,480.0
4741.0,1123.0,1089.0,1106.0,476.0,484.0,463.0
4882.0,1151.0,1118.0,1137.0,492.0,498.0,486.0
4848.0,1121.0,1138.0,1130.0,486.0,483.0,490.0
4876.0,1143.0,1145.0,1130.0,497.0,489.0,472.0
4891.0,1136.0,1151.0,1154.0,482.0,482.0,486.0
4824.0,1110.0,1136.0,1119.0,486.0,483.0,490.0
4751.0,1122.0,1107.0,1099.0,477.0,471.0,475.0
4772.0,1129.0,1110.0,1084.0,484.0,480.0,485.0
4713.0,1093.0,1102.0,1111.0,468.0,468.0,471.0
4983.0,1142.0,1179.0,1151.0,508.0,505.0,498.0
4713.0,1084.0,1104.0,1116.0,473.0,471.0,465.0
4744.0,1124.0,1088.0,1114.0,475.0,470.0,473.0
4680.0,1095.0,1088.0,1104.0,458.0,463.0,472.0
4674.0,1075.0,1114.0,1078.0,473.0,472.0,462.0
4763.0,1133.0,1115.0,1084.0,479.0,469.0,483.0
4821.0,1111.0,1116.0,1128.0,484.0,488.0,494.0
4872.0,1119.0,1144.0,1151.0,475.0,495.0,488.0
4730.0,1083.0,1110.0,1114.0,476.0,476.0,471.0
4894.0,1145.0,1148.0,1139.0,490.0,484.0,488.0
4669.0,1067.0,1089.0,1082.0,478.0,480.0,473.0
4983.0,1155.0,1159.0,1155.0,497.0,509.0,508.0
4626.0,1082.0,1065.0,1094.0,458.0,467.0,460.0
4813.0,1123.0,1139.0,1121.0,473.0,483.0,474.0
5011.0,1147.0,1193.0,1173.0,509.0,488.0,501.0
4889.0,1133.0,1147.0,1143.0,499.0,484.0,483.0
4749.0,1137.0,1080.0,1102.0,481.0,477.0,472.0
4871.0,1146.0,1122.0,1135.0,493.0,485.0,490.0
4957.0,1149.0,1144.0,1161.0,500.0,500.0,503.0
4804.0,1136.0,1128.0,1109.0,468.0,480.0,483.0
4930.0,1136.0,1143.0,1149.0,506.0,493.0,503.0
4846.0,1125.0,1142.0,1129.0,483.0,473.0,494.0
4837.0,1167.0,1095.0,1114.0,488.0,487.0,486.0
4762.0,1115.0,1107.0,1109.0,476.0,483.0,472.0
4865.0,1145.0,1141.0,1122.0,495.0,491.0,471.0
4724.0,1108.0,1106.0,1084.0,480.0,479.0,467.0
4748.0,1119.0,1094.0,1126.0,470.0,474.0,465.0
5000.0,1181.0,1156.0,1156.0,495.0,509.0,503.0
4860.0,1120.0,1156.0,1143.0,476.0,484.0,481.0
4720.0,1094.0,1123.0,1087.0,466.0,482.0,468.0
4830.0,1135.0,1103.0,1119.0,491.0,491.0,491.0
4722.0,1080.0,1096.0,1101.0,492.0,464.0,489.0
4754.0,1098.0,1105.0,1115.0,477.0,473.0,486.0
4930.0,1147.0,1165.0,1156.0,491.0,476.0,495.0
4893.0,1139.0,1150.0,1153.0,483.0,482.0,486.0
4907.0,1129.0,1171.0,1143.0,477.0,503.0,484.0
4776.0,1124.0,1100.0,1104.0,478.0,493.0,477.0
4814.0,1131.0,1092.0,1125.0,485.0,492.0,489.0
4944.0,1145.0,1167.0,1156.0,499.0,486.0,491.0
4927.0,1134.0,1171.0,1147.0,497.0,484.0,494.0
5038.0,1167.0,1161.0,1186.0,514.0,497.0,513.0
5021.0,1151.0,1179.0,1175.0,501.0,505.0,510.0
4758.0,1106.0,1117.0,1106.0,472.0,480.0,477.0
4923.0,1158.0,1172.0,1133.0,495.0,484.0,481.0
4977.0,1168.0,1173.0,1163.0,491.0,500.0,482.0
4841.0,1119.0,1122.0,1150.0,477.0,485.0,488.0
4942.0,1148.0,1139.0,1167.0,493.0,504.0,491.0
5002.0,1170.0,1172.0,1153.0,509.0,497.0,501.0
5022.0,1179.0,1180.0,1154.0,512.0,489.0,508.0
4887.0,1117.0,1153.0,1137.0,486.0,496.0,498.0
4874.0,1156.0,1138.0,1126.0,479.0,480.0,495.0
4906.0,1126.0,1138.0,1165.0,498.0,489.0,490.0
5016.0,1159.0,1191.0,1173.0,491.0,500.0,502.0
4994.0,1155.0,1169.0,1175.0,499.0,499.0,497.0
5141.0,1191.0,1213.0,1195.0,513.0,513.0,516.0
5003.0,1177.0,1155.0,1159.0,510.0,501.0,501.0
5062.0,1160.0,1177.0,1189.0,516.0,515.0,505.0
4981.0,1168.0,1145.0,1174.0,499.0,499.0,496.0
4854.0,1142.0,1148.0,1123.0,477.0,477.0,487.0
4935.0,1122.0,1170.0,1181.0,476.0,490.0,496.0
5012.0,1163.0,1165.0,1191.0,495.0,500.0,498.0
4895.0,1155.0,1122.0,1128.0,501.0,487.0,502.0
5003.0,1165.0,1189.0,1149.0,503.0,494.0,503.0
4909.0,1103.0,1175.0,1161.0,494.0,492.0,484.0
4959.0,1175.0,1141.0,1166.0,487.0,502.0,488.0
4896.0,1145.0,1125.0,1149.0,497.0,497.0,483.0
4865.0,1133.0,1130.0,1138.0,484.0,492.0,488.0
5070.0,1176.0,1182.0,1181.0,515.0,503.0,513.0
4999.0,1176.0,1173.0,1160.0,493.0,491.0,506.0
5002.0,1175.0,1170.0,1167.0,494.0,494.0,502.0
4892.0,1138.0,1119.0,1153.0,501.0,493.0,488.0
5036.0,1167.0,1170.0,1184.0,503.0,508.0,504.0
4896.0,1143.0,1144.0,1143.0,488.0,484.0,494.0
4946.0,1150.0,1168.0,1137.0,499.0,505.0,487.0
4911.0,1149.0,1170.0,1134.0,479.0,488.0,491.0
4979.0,1168.0,1164.0,1153.0,505.0,501.0,488.0
5063.0,1183.0,1172.0,1196.0,511.0,496.0,505.0
4948.0,1150.0,1155.0,1154.0,500.0,494.0,495.0
4952.0,1150.0,1172.0,1141.0,493.0,499.0,497.0
4924.0,1139.0,1157.0,1149.0,494.0,481.0,504.0
5032.0,1167.0,1175.0,1158.0,506.0,508.0,518.0
4838.0,1152.0,1101.0,1117.0,484.0,497.0,487.0
5074.0,1179.0,1177.0,1207.0,499.0,504.0,508.0
4955.0,1138.0,1152.0,1174.0,497.0,500.0,494.0
4992.0,1169.0,1159.0,1161.0,502.0,501.0,500.0
5085.0,1215.0,1170.0,1176.0,511.0,513.0,500.0
5002.0,1181.0,1161.0,1156.0,505.0,500.0,499.0
4965.0,1161.0,1148.0,1177.0,510.0,483.0,486.0
4973.0,1172.0,1174.0,1155.0,492.0,492.0,488.0
5045.0,1177.0,1182.0,1189.0,488.0,505.0,504.0
5040.0,1159.0,1150.0,1205.0,498.0,511.0,517.0
5137.0,1183.0,1200.0,1191.0,523.0,522.0,518.0
5035.0,1178.0,1174.0,1163.0,513.0,499.0,508.0
5033.0,1175.0,1188.0,1159.0,507.0,503.0,501.0
4987.0,1149.0,1158.0,1171.0,501.0,494.0,514.0
4940.0,1146.0,1145.0,1172.0,492.0,487.0,498.0
4970.0,1160.0,1171.0,1156.0,498.0,492.0,493.0
5056.0,1155.0,1187.0,1202.0,502.0,503.0,507.0
5082.0,1182.0,1201.0,1175.0,491.0,522.0,511.0
4931.0,1142.0,1144.0,1162.0,492.0,505.0,486.0
4989.0,1177.0,1141.0,1158.0,504.0,505.0,504.0
4948.0,1133.0,1161.0,1158.0,495.0,502.0,499.0
5018.0,1157.0,1180.0,1175.0,503.0,492.0,511.0
5130.0,1227.0,1196.0,1186.0,502.0,510.0,509.0
5103.0,1194.0,1182.0,1181.0,502.0,518.0,526.0
5072.0,1176.0,1183.0,1184.0,511.0,502.0,516.0
4960.0,1169.0,1162.0,1135.0,499.0,503.0,492.0
5035.0,1165.0,1183.0,1191.0,497.0,502.0,497.0
5055.0,1185.0,1169.0,1179.0,513.0,507.0,502.0
5116.0,1197.0,1184.0,1206.0,520.0,506.0,503.0
5077.0,1191.0,1172.0,1187.0,513.0,509.0,505.0
5147.0,1193.0,1205.0,1203.0,506.0,516.0,524.0
5069.0,1167.0,1183.0,1191.0,504.0,511.0,513.0
5126.0,1214.0,1172.0,1213.0,505.0,504.0,518.0
5018.0,1166.0,1174.0,1169.0,505.0,508.0,496.0
4979.0,1151.0,1145.0,1185.0,500.0,493.0,505.0
5019.0,1184.0,1150.0,1175.0,497.0,505.0,508.0
5142.0,1208.0,1195.0,1207.0,511.0,516.0,505.0
5135.0,1189.0,1203.0,1190.0,522.0,526.0,505.0
5130.0,1201.0,1178.0,1200.0,507.0,527.0,517.0
5002.0,1194.0,1155.0,1160.0,489.0,504.0,500.0
5156.0,1217.0,1182.0,1214.0,505.0,521.0,517.0
4940.0,1149.0,1148.0,1172.0,487.0,496.0,488.0
4933.0,1147.0,1132.0,1164.0,494.0,497.0,499.0
5105.0,1213.0,1187.0,1165.0,520.0,510.0,510.0
5010.0,1193.0,1121.0,1178.0,515.0,492.0,511.0
5029.0,1146.0,1191.0,1167.0,509.0,513.0,503.0
5118.0,1201.0,1195.0,1207.0,498.0,513.0,504.0
5079.0,1189.0,1181.0,1197.0,499.0,506.0,507.0
5109.0,1199.0,1181.0,1210.0,505.0,510.0,504.0
5027.0,1183.0,1186.0,1138.0,504.0,508.0,508.0
4989.0,1149.0,1164.0,1174.0,507.0,501.0,494.0
5057.0,1197.0,1189.0,1174.0,509.0,490.0,498.0
5227.0,1189.0,1241.0,1232.0,515.0,517.0,533.0
5173.0,1220.0,1181.0,1210.0,515.0,518.0,529.0
5054.0,1179.0,1163.0,1186.0,504.0,511.0,511.0
4982.0,1152.0,1183.0,1151.0,495.0,507.0,494.0
5021.0,1178.0,1192.0,1150.0,496.0,510.0,495.0
5113.0,1196.0,1188.0,1190.0,519.0,505.0,515.0
5027.0,1175.0,1168.0,1176.0,505.0,500.0,503.0
5190.0,1211.0,1202.0,1218.0,523.0,521.0,515.0
5010.0,1187.0,1176.0,1160.0,497.0,492.0,498.0
5166.0,1201.0,1218.0,1207.0,503.0,515.0,522.0
5111.0,1193.0,1202.0,1181.0,504.0,517.0,514.0
5093.0,1207.0,1161.0,1202.0,500.0,509.0,514.0
5054.0,1185.0,1167.0,1183.0,497.0,513.0,509.0
4961.0,1152.0,1147.0,1159.0,499.0,496.0,508.0
5166.0,1195.0,1213.0,1202.0,519.0,519.0,518.0
5225.0,1236.0,1221.0,1197.0,530.0,517.0,524.0
4994.0,1180.0,1153.0,1150.0,503.0,508.0,500.0
5057.0,1182.0,1209.0,1178.0,503.0,491.0,494.0
5085.0,1194.0,1203.0,1165.0,510.0,508.0,505.0
5069.0,1205.0,1165.0,1206.0,500.0,497.0,496.0
5221.0,1212.0,1207.0,1227.0,515.0,540.0,520.0
5263.0,1222.0,1214.0,1240.0,527.0,531.0,529.0
4929.0,1162.0,1153.0,1124.0,506.0,486.0,498.0
5177.0,1211.0,1216.0,1187.0,517.0,519.0,527.0
5110.0,1175.0,1194.0,1182.0,520.0,519.0,520.0
5227.0,1221.0,1218.0,1229.0,518.0,519.0,522.0
5145.0,1213.0,1180.0,1215.0,506.0,511.0,520.0
5095.0,1168.0,1176.0,1220.0,520.0,509.0,502.0
5176.0,1194.0,1229.0,1212.0,519.0,513.0,509.0
4956.0,1156.0,1161.0,1154.0,498.0,488.0,499.0
5023.0,1155.0,1172.0,1165.0,514.0,510.0,507.0
5114.0,1165.0,1178.0,1227.0,506.0,528.0,510.0
5323.0,1248.0,1262.0,1230.0,521.0,531.0,531.0
5324.0,1228.0,1255.0,1262.0,525.0,527.0,527.0
5081.0,1171.0,1204.0,1185.0,502.0,506.0,513.0
5143.0,1185.0,1183.0,1211.0,528.0,521.0,515.0
5134.0,1235.0,1169.0,1198.0,515.0,502.0,515.0
5182.0,1217.0,1202.0,1216.0,515.0,514.0,518.0
5236.0,1214.0,1247.0,1228.0,530.0,506.0,511.0
5160.0,1195.0,1214.0,1207.0,514.0,522.0,508.0
5228.0,1225.0,1195.0,1244.0,517.0,523.0,524.0
5167.0,1196.0,1218.0,1205.0,507.0,526.0,515.0
4989.0,1152.0,1160.0,1165.0,498.0,503.0,511.0
4947.0,1170.0,1154.0,1149.0,486.0,492.0,496.0
5170.0,1217.0,1194.0,1197.0,522.0,513.0,527.0
5071.0,1178.0,1176.0,1204.0,505.0,495.0,513.0
5189.0,1235.0,1193.0,1225.0,517.0,506.0,513.0
5323.0,1253.0,1253.0,1237.0,516.0,533.0,531.0
5181.0,1212.0,1213.0,1198.0,523.0,520.0,515.0
5204.0,1210.0,1228.0,1213.0,509.0,536.0,508.0
5183.0,1203.0,1202.0,1220.0,525.0,522.0,511.0
5148.0,1208.0,1187.0,1209.0,513.0,516.0,515.0
5178.0,1175.0,1216.0,1225.0,529.0,510.0,523.0
5105.0,1200.0,1201.0,1176.0,523.0,504.0,501.0
5022.0,1179.0,1164.0,1163.0,509.0,506.0,501.0
5215.0,1235.0,1194.0,1228.0,526.0,515.0,517.0
5093.0,1191.0,1194.0,1194.0,504.0,500.0,510.0
5199.0,1207.0,1230.0,1232.0,508.0,514.0,508.0
5036.0,1155.0,1200.0,1196.0,500.0,495.0,490.0
5008.0,1153.0,1161.0,1166.0,498.0,527.0,503.0
5174.0,1219.0,1196.0,1204.0,517.0,521.0,517.0
5310.0,1247.0,1242.0,1227.0,534.0,533.0,527.0
5215.0,1207.0,1222.0,1238.0,511.0,512.0,525.0
5252.0,1213.0,1242.0,1227.0,524.0,524.0,522.0
5136.0,1217.0,1188.0,1205.0,504.0,505.0,517.0
5297.0,1252.0,1236.0,1246.0,511.0,521.0,531.0
5177.0,1198.0,1200.0,1202.0,526.0,532.0,519.0
5245.0,1226.0,1233.0,1216.0,525.0,528.0,517.0
5281.0,1236.0,1258.0,1219.0,527.0,530.0,511.0
5267.0,1210.0,1217.0,1237.0,527.0,544.0,532.0
5259.0,1217.0,1214.0,1256.0,535.0,520.0,517.0
5120.0,1196.0,1183.0,1206.0,510.0,525.0,500.0
5210.0,1229.0,1210.0,1209.0,511.0,524.0,527.0
5235.0,1207.0,1246.0,1208.0,523.0,523.0,528.0
5154.0,1184.0,1227.0,1205.0,516.0,511.0,511.0
5241.0,1234.0,1213.0,1212.0,531.0,518.0,533.0
5225.0,1203.0,1229.0,1218.0,529.0,517.0,529.0
5335.0,1221.0,1242.0,1268.0,539.0,537.0,528.0
5209.0,1214.0,1223.0,1211.0,523.0,514.0,524.0
5121.0,1207.0,1185.0,1190.0,519.0,513.0,507.0
5252.0,1238.0,1204.0,1227.0,519.0,538.0,526.0
5297.0,1240.0,1222.0,1250.0,530.0,523.0,532.0
5430.0,1277.0,1271.0,1278.0,543.0,526.0,535.0
5324.0,1213.0,1240.0,1264.0,542.0,531.0,534.0
5207.0,1195.0,1215.0,1215.0,533.0,525.0,524.0
5228.0,1212.0,1215.0,1200.0,536.0,540.0,525.0
5191.0,1214.0,1219.0,1182.0,505.0,535.0,536.0
5186.0,1207.0,1208.0,1221.0,504.0,520.0,526.0
5329.0,1230.0,1259.0,1245.0,525.0,538.0,532.0
5187.0,1198.0,1201.0,1225.0,520.0,519.0,524.0
5223.0,1222.0,1226.0,1226.0,518.0,516.0,515.0
5302.0,1220.0,1263.0,1233.0,538.0,526.0,522.0
5270.0,1244.0,1249.0,1190.0,528.0,532.0,527.0
5249.0,1223.0,1247.0,1210.0,526.0,526.0,517.0
5313.0,1234.0,1232.0,1248.0,524.0,544.0,531.0
5307.0,1227.0,1219.0,1261.0,523.0,539.0,538.0
5419.0,1274.0,1249.0,1272.0,539.0,541.0,544.0
5271.0,1223.0,1235.0,1229.0,523.0,527.0,534.0
5366.0,1270.0,1253.0,1241.0,529.0,527.0,546.0
5126.0,1215.0,1170.0,1191.0,526.0,505.0,519.0
5280.0,1235.0,1238.0,1234.0,525.0,526.0,522.0
5251.0,1194.0,1247.0,1242.0,535.0,526.0,507.0
5231.0,1214.0,1227.0,1240.0,515.0,519.0,516.0
5174.0,1221.0,1233.0,1199.0,506.0,511.0,504.0
5226.0,1217.0,1209.0,1229.0,521.0,523.0,527.0
5272.0,1247.0,1237.0,1202.0,531.0,524.0,531.0
5288.0,1239.0,1251.0,1228.0,526.0,525.0,519.0
5205.0,1202.0,1237.0,1205.0,529.0,512.0,520.0
5240.0,1203.0,1227.0,1242.0,518.0,522.0,528.0
5431.0,1265.0,1263.0,1267.0,540.0,548.0,548.0
5287.0,1248.0,1236.0,1218.0,529.0,535.0,521.0
5307.0,1233.0,1246.0,1228.0,531.0,534.0,535.0
5266.0,1230.0,1229.0,1218.0,533.0,537.0,519.0
5369.0,1253.0,1230.0,1267.0,543.0,544.0,532.0
5251.0,1222.0,1214.0,1231.0,530.0,527.0,527.0
5226.0,1213.0,1232.0,1226.0,514.0,524.0,517.0
5305.0,1230.0,1245.0,1247.0,530.0,516.0,537.0
5328.0,1257.0,1254.0,1217.0,531.0,528.0,541.0
5289.0,1247.0,1248.0,1237.0,519.0,514.0,524.0
5363.0,1249.0,1239.0,1272.0,532.0,533.0,538.0
5387.0,1262.0,1250.0,1259.0,537.0,537.0,542.0
5299.0,1225.0,1240.0,1237.0,538.0,537.0,522.0
5217.0,1196.0,1235.0,1208.0,524.0,537.0,517.0
5332.0,1273.0,1221.0,1233.0,535.0,540.0,530.0
5303.0,1251.0,1239.0,1219.0,534.0,532.0,528.0
5344.0,1261.0,1249.0,1258.0,520.0,522.0,534.0
5319.0,1232.0,1239.0,1259.0,526.0,532.0,531.0
5482.0,1292.0,1298.0,1269.0,541.0,534.0,548.0
5285.0,1234.0,1221.0,1235.0,534.0,530.0,531.0
5132.0,1201.0,1179.0,1188.0,517.0,528.0,519.0
5306.0,1257.0,1241.0,1198.0,547.0,534.0,529.0
5237.0,1233.0,1237.0,1201.0,515.0,530.0,521.0
5320.0,1242.0,1234.0,1268.0,519.0,518.0,539.0
5314.0,1205.0,1234.0,1274.0,533.0,538.0,530.0
5221.0,1225.0,1207.0,1227.0,524.0,519.0,519.0
5368.0,1272.0,1254.0,1246.0,527.0,535.0,534.0
5167.0,1194.0,1222.0,1197.0,522.0,515.0,517.0
5425.0,1272.0,1278.0,1243.0,544.0,538.0,550.0
5406.0,1263.0,1252.0,1264.0,549.0,531.0,547.0
5379.0,1235.0,1242.0,1285.0,533.0,539.0,545.0
5329.0,1217.0,1261.0,1258.0,527.0,533.0,533.0
5297.0,1234.0,1252.0,1217.0,531.0,540.0,523.0
5323.0,1260.0,1239.0,1237.0,529.0,533.0,525.0
5254.0,1220.0,1241.0,1212.0,533.0,525.0,523.0
5443.0,1265.0,1265.0,1264.0,546.0,553.0,550.0
5485.0,1277.0,1289.0,1280.0,553.0,540.0,546.0
5347.0,1257.0,1234.0,1250.0,536.0,532.0,538.0
5291.0,1216.0,1238.0,1251.0,527.0,517.0,542.0
5291.0,1233.0,1229.0,1237.0,521.0,534.0,537.0
5361.0,1253.0,1260.0,1229.0,536.0,547.0,536.0
5307.0,1216.0,1242.0,1237.0,536.0,536.0,540.0
5427.0,1272.0,1264.0,1272.0,541.0,536.0,542.0
5334.0,1252.0,1238.0,1252.0,539.0,531.0,522.0
5395.0,1245.0,1251.0,1284.0,552.0,531.0,532.0
5233.0,1212.0,1231.0,1230.0,525.0,513.0,522.0
5312.0,1263.0,1242.0,1229.0,529.0,525.0,524.0
5463.0,1276.0,1310.0,1265.0,533.0,545.0,534.0
5506.0,1276.0,1269.0,1302.0,550.0,558.0,551.0
5367.0,1250.0,1248.0,1263.0,526.0,538.0,542.0
5399.0,1267.0,1250.0,1254.0,536.0,546.0,546.0
5435.0,1257.0,1292.0,1260.0,532.0,542.0,552.0
5526.0,1257.0,1323.0,1273.0,559.0,559.0,555.0
5351.0,1247.0,1252.0,1255.0,529.0,533.0,535.0
5404.0,1295.0,1250.0,1254.0,537.0,534.0,534.0
5275.0,1210.0,1241.0,1234.0,527.0,530.0,533.0
5368.0,1252.0,1258.0,1265.0,537.0,519.0,537.0
5583.0,1312.0,1299.0,1295.0,561.0,560.0,556.0
5402.0,1264.0,1262.0,1240.0,547.0,544.0,545.0
5445.0,1294.0,1253.0,1261.0,547.0,547.0,543.0
5424.0,1271.0,1270.0,1259.0,541.0,534.0,549.0
5346.0,1231.0,1269.0,1245.0,538.0,534.0,529.0
5368.0,1245.0,1259.0,1268.0,532.0,526.0,538.0
5494.0,1284.0,1260.0,1305.0,546.0,549.0,550.0
5412.0,1300.0,1235.0,1256.0,540.0,543.0,538.0
5416.0,1274.0,1253.0,1257.0,541.0,547.0,544.0
5373.0,1240.0,1259.0,1252.0,548.0,542.0,532.0
5446.0,1277.0,1265.0,1267.0,548.0,546.0,543.0
5344.0,1257.0,1243.0,1255.0,524.0,533.0,532.0
5402.0,1264.0,1246.0,1260.0,541.0,547.0,544.0
5339.0,1238.0,1248.0,1250.0,539.0,526.0,538.0
5370.0,1248.0,1249.0,1246.0,545.0,534.0,548.0
5542.0,1272.0,1291.0,1306.0,560.0,549.0,564.0
5605.0,1313.0,1302.0,1292.0,563.0,562.0,573.0
5466.0,1277.0,1258.0,1302.0,546.0,546.0,537.0
5470.0,1252.0,1289.0,1288.0,550.0,550.0,541.0
5322.0,1226.0,1258.0,1251.0,535.0,525.0,527.0
5497.0,1263.0,1312.0,1274.0,555.0,554.0,539.0
5414.0,1286.0,1241.0,1255.0,539.0,543.0,550.0
5415.0,1257.0,1278.0,1253.0,538.0,546.0,543.0
5625.0,1298.0,1317.0,1331.0,558.0,550.0,571.0
5465.0,1279.0,1296.0,1262.0,548.0,542.0,538.0
5534.0,1283.0,1293.0,1307.0,545.0,555.0,551.0
5573.0,1292.0,1300.0,1303.0,560.0,557.0,561.0
5513.0,1308.0,1271.0,1263.0,544.0,565.0,562.0
5416.0,1295.0,1260.0,1250.0,537.0,544.0,530.0
5575.0,1299.0,1318.0,1292.0,542.0,569.0,555.0
5421.0,1258.0,1263.0,1271.0,540.0,549.0,540.0
5529.0,1305.0,1280.0,1291.0,541.0,557.0,555.0
5538.0,1294.0,1303.0,1273.0,569.0,546.0,553.0
5557.0,1278.0,1312.0,1295.0,559.0,552.0,561.0
5500.0,1273.0,1282.0,1292.0,543.0,551.0,559.0
5603.0,1320.0,1293.0,1316.0,553.0,561.0,560.0
5573.0,1311.0,1285.0,1304.0,550.0,558.0,565.0
5590.0,1316.0,1302.0,1301.0,563.0,556.0,552.0
5653.0,1344.0,1323.0,1316.0,556.0,563.0,551.0
5472.0,1287.0,1273.0,1267.0,555.0,547.0,543.0
5386.0,1235.0,1270.0,1258.0,544.0,541.0,538.0
5496.0,1283.0,1278.0,1294.0,556.0,547.0,538.0
5558.0,1307.0,1296.0,1297.0,556.0,545.0,557.0
5586.0,1296.0,1296.0,1315.0,563.0,555.0,561.0
5561.0,1305.0,1284.0,1307.0,550.0,550.0,565.0
5442.0,1274.0,1277.0,1254.0,531.0,548.0,558.0
5480.0,1280.0,1273.0,1266.0,549.0,549.0,563.0
5355.0,1253.0,1225.0,1245.0,538.0,547.0,547.0
5453.0,1287.0,1274.0,1254.0,553.0,539.0,546.0
5472.0,1269.0,1279.0,1293.0,549.0,545.0,537.0
5543.0,1281.0,1305.0,1302.0,559.0,553.0,543.0
5565.0,1310.0,1301.0,1283.0,556.0,561.0,554.0
5558.0,1299.0,1302.0,1299.0,546.0,553.0,559.0
5397.0,1295.0,1258.0,1248.0,532.0,531.0,533.0
5468.0,1251.0,1295.0,1273.0,553.0,542.0,554.0
5668.0,1338.0,1289.0,1330.0,567.0,573.0,571.0
5632.0,1322.0,1284.0,1308.0,574.0,569.0,575.0
5617.0,1314.0,1291.0,1304.0,574.0,564.0,570.0
5489.0,1266.0,1266.0,1288.0,549.0,566.0,554.0
5590.0,1298.0,1303.0,1315.0,557.0,559.0,558.0
5511.0,1301.0,1278.0,1301.0,545.0,544.0,542.0
5475.0,1268.0,1270.0,1309.0,544.0,533.0,551.0
5458.0,1262.0,1291.0,1291.0,539.0,535.0,540.0
5557.0,1295.0,1284.0,1301.0,563.0,557.0,557.0
5450.0,1255.0,1271.0,1275.0,549.0,554.0,546.0
5527.0,1299.0,1269.0,1282.0,557.0,562.0,558.0
5597.0,1300.0,1295.0,1308.0,563.0,561.0,570.0
5461.0,1273.0,1268.0,1283.0,536.0,541.0,560.0
5572.0,1302.0,1308.0,1300.0,545.0,553.0,564.0
5559.0,1289.0,1300.0,1309.0,549.0,553.0,559.0
5448.0,1288.0,1272.0,1259.0,549.0,537.0,543.0
5663.0,1325.0,1283.0,1341.0,579.0,570.0,565.0
5617.0,1308.0,1327.0,1288.0,578.0,559.0,557.0
5576.0,1306.0,1306.0,1283.0,564.0,565.0,552.0
5542.0,1311.0,1290.0,1291.0,544.0,553.0,553.0
5457.0,1269.0,1254.0,1292.0,545.0,550.0,547.0
5597.0,1301.0,1310.0,1290.0,563.0,557.0,576.0
5662.0,1313.0,1315.0,1320.0,580.0,560.0,574.0
5552.0,1273.0,1319.0,1289.0,565.0,544.0,562.0
5490.0,1263.0,1292.0,1287.0,560.0,544.0,544.0
5644.0,1311.0,1314.0,1323.0,579.0,558.0,559.0
5577.0,1309.0,1282.0,1321.0,553.0,561.0,551.0
5592.0,1294.0,1302.0,1316.0,557.0,570.0,553.0
5637.0,1326.0,1312.0,1304.0,553.0,570.0,572.0
5583.0,1302.0,1289.0,1314.0,555.0,565.0,558.0
5547.0,1289.0,1300.0,1290.0,551.0,554.0,563.0
5621.0,1305.0,1301.0,1322.0,566.0,557.0,570.0
5487.0,1282.0,1283.0,1275.0,551.0,545.0,551.0
5497.0,1281.0,1282.0,1301.0,545.0,534.0,554.0
5558.0,1272.0,1301.0,1312.0,558.0,550.0,565.0
5678.0,1342.0,1320.0,1310.0,565.0,571.0,570.0
5517.0,1308.0,1285.0,1288.0,539.0,548.0,549.0
5682.0,1312.0,1345.0,1333.0,564.0,566.0,562.0
5583.0,1307.0,1297.0,1311.0,558.0,557.0,553.0
5592.0,1331.0,1279.0,1314.0,562.0,565.0,541.0
5642.0,1330.0,1308.0,1312.0,574.0,554.0,564.0
5651.0,1322.0,1317.0,1310.0,576.0,563.0,563.0
5694.0,1325.0,1334.0,1327.0,564.0,571.0,573.0
5580.0,1301.0,1336.0,1284.0,545.0,560.0,554.0
5588.0,1308.0,1307.0,1310.0,547.0,552.0,564.0
5508.0,1280.0,1250.0,1319.0,549.0,553.0,557.0
5484.0,1279.0,1289.0,1267.0,548.0,555.0,546.0
5663.0,1325.0,1328.0,1311.0,572.0,569.0,558.0
5607.0,1311.0,1297.0,1309.0,569.0,566.0,555.0
5603.0,1312.0,1310.0,1300.0,559.0,563.0,559.0
5723.0,1336.0,1336.0,1340.0,572.0,570.0,569.0
5722.0,1333.0,1321.0,1354.0,560.0,576.0,578.0
5698.0,1324.0,1339.0,1338.0,564.0,568.0,565.0
5768.0,1344.0,1356.0,1337.0,568.0,572.0,591.0
5450.0,1282.0,1258.0,1260.0,545.0,553.0,552.0
5634.0,1302.0,1302.0,1317.0,560.0,579.0,574.0
5750.0,1343.0,1334.0,1360.0,574.0,570.0,569.0
5763.0,1356.0,1353.0,1333.0,565.0,587.0,569.0
5693.0,1311.0,1337.0,1340.0,562.0,574.0,569.0
5623.0,1297.0,1300.0,1341.0,555.0,565.0,565.0
5582.0,1334.0,1291.0,1293.0,553.0,561.0,550.0
5334.0,1254.0,1259.0,1212.0,535.0,535.0,539.0
5501.0,1276.0,1284.0,1285.0,554.0,551.0,551.0
5740.0,1327.0,1346.0,1343.0,573.0,576.0,575.0
5731.0,1354.0,1314.0,1340.0,566.0,573.0,584.0
5697.0,1316.0,1315.0,1333.0,572.0,584.0,577.0
5598.0,1305.0,1285.0,1309.0,567.0,566.0,566.0
5656.0,1327.0,1326.0,1315.0,563.0,566.0,559.0
5629.0,1316.0,1317.0,1308.0,564.0,560.0,564.0
5656.0,1304.0,1314.0,1341.0,565.0,571.0,561.0
5565.0,1295.0,1288.0,1308.0,562.0,553.0,559.0
5618.0,1313.0,1304.0,1313.0,559.0,573.0,556.0
5782.0,1348.0,1357.0,1349.0,563.0,580.0,585.0
5590.0,1311.0,1298.0,1297.0,552.0,566.0,566.0
5611.0,1317.0,1311.0,1296.0,556.0,561.0,570.0
5651.0,1323.0,1306.0,1327.0,553.0,577.0,565.0
5731.0,1302.0,1354.0,1342.0,573.0,576.0,584.0
5640.0,1297.0,1328.0,1322.0,566.0,559.0,568.0
5663.0,1347.0,1339.0,1308.0,560.0,557.0,552.0
5603.0,1297.0,1309.0,1307.0,573.0,562.0,555.0
5632.0,1326.0,1312.0,1314.0,561.0,559.0,560.0
5701.0,1332.0,1351.0,1325.0,559.0,570.0,564.0
5821.0,1335.0,1381.0,1351.0,586.0,579.0,589.0
5559.0,1295.0,1302.0,1300.0,542.0,560.0,560.0
5791.0,1356.0,1324.0,1365.0,585.0,578.0,583.0
5686.0,1344.0,1313.0,1311.0,575.0,571.0,572.0
5707.0,1334.0,1329.0,1320.0,587.0,568.0,569.0
5849.0,1353.0,1344.0,1384.0,592.0,583.0,593.0
5678.0,1340.0,1303.0,1343.0,559.0,563.0,570.0
5729.0,1331.0,1337.0,1366.0,564.0,568.0,563.0
5631.0,1298.0,1322.0,1323.0,563.0,571.0,554.0
5608.0,1317.0,1314.0,1294.0,557.0,570.0,556.0
5782.0,1355.0,1337.0,1361.0,576.0,581.0,572.0
5663.0,1318.0,1312.0,1325.0,567.0,564.0,577.0
5780.0,1350.0,1330.0,1360.0,577.0,581.0,582.0
5724.0,1328.0,1327.0,1353.0,576.0,574.0,566.0
5723.0,1332.0,1347.0,1337.0,571.0,563.0,573.0
5734.0,1324.0,1349.0,1341.0,575.0,568.0,577.0
5716.0,1342.0,1349.0,1318.0,563.0,572.0,572.0
5833.0,1395.0,1315.0,1371.0,591.0,581.0,580.0
5783.0,1330.0,1357.0,1350.0,583.0,583.0,580.0
5790.0,1309.0,1376.0,1365.0,592.0,578.0,570.0
5699.0,1347.0,1331.0,1317.0,574.0,576.0,554.0
5651.0,1331.0,1302.0,1310.0,576.0,564.0,568.0
5737.0,1328.0,1332.0,1348.0,568.0,570.0,591.0
5793.0,1355.0,1343.0,1353.0,570.0,586.0,586.0
5827.0,1360.0,1360.0,1365.0,578.0,571.0,593.0
5813.0,1361.0,1335.0,1368.0,582.0,580.0,587.0
5616.0,1311.0,1305.0,1315.0,561.0,556.0,568.0
5763.0,1362.0,1326.0,1342.0,580.0,576.0,577.0
5748.0,1344.0,1344.0,1342.0,568.0,571.0,579.0
5626.0,1273.0,1334.0,1323.0,560.0,564.0,572.0
5580.0,1292.0,1314.0,1316.0,549.0,555.0,554.0
5656.0,1336.0,1296.0,1329.0,563.0,565.0,567.0
5743.0,1310.0,1328.0,1364.0,585.0,576.0,580.0
5793.0,1340.0,1359.0,1345.0,580.0,577.0,592.0
5653.0,1316.0,1319.0,1320.0,560.0,566.0,572.0
5748.0,1348.0,1342.0,1333.0,569.0,581.0,575.0
5866.0,1351.0,1363.0,1378.0,583.0,587.0,604.0
6004.0,1411.0,1387.0,1412.0,588.0,603.0,603.0
5741.0,1347.0,1338.0,1351.0,566.0,578.0,561.0
5790.0,1347.0,1361.0,1355.0,579.0,581.0,567.0
5740.0,1314.0,1346.0,1353.0,577.0,578.0,572.0
5789.0,1376.0,1339.0,1340.0,587.0,574.0,573.0
5718.0,1364.0,1317.0,1341.0,567.0,561.0,568.0
5867.0,1333.0,1406.0,1354.0,593.0,589.0,592.0
5757.0,1338.0,1351.0,1357.0,576.0,570.0,565.0
5914.0,1400.0,1360.0,1382.0,588.0,588.0,596.0
5854.0,1361.0,1354.0,1372.0,580.0,596.0,591.0
5765.0,1339.0,1341.0,1350.0,581.0,577.0,577.0
5760.0,1355.0,1347.0,1324.0,580.0,580.0,574.0
5771.0,1354.0,1357.0,1341.0,580.0,570.0,569.0
5711.0,1312.0,1336.0,1338.0,585.0,570.0,570.0
5751.0,1339.0,1343.0,1356.0,571.0,578.0,564.0
5824.0,1372.0,1369.0,1352.0,579.0,581.0,571.0
5848.0,1367.0,1389.0,1350.0,579.0,575.0,588.0
5868.0,1377.0,1393.0,1352.0,584.0,580.0,582.0
5733.0,1351.0,1341.0,1324.0,571.0,568.0,578.0
5910.0,1375.0,1367.0,1395.0,583.0,597.0,593.0
5821.0,1352.0,1365.0,1359.0,587.0,574.0,584.0
5858.0,1358.0,1373.0,1357.0,594.0,589.0,587.0
5662.0,1334.0,1334.0,1295.0,566.0,564.0,569.0
5743.0,1341.0,1360.0,1322.0,582.0,576.0,562.0
5773.0,1330.0,1346.0,1364.0,579.0,576.0,578.0
5898.0,1395.0,1367.0,1370.0,596.0,585.0,585.0
5820.0,1346.0,1360.0,1361.0,581.0,587.0,585.0
5722.0,1315.0,1344.0,1338.0,578.0,575.0,572.0
5739.0,1346.0,1311.0,1353.0,579.0,572.0,578.0
5897.0,1396.0,1350.0,1359.0,601.0,602.0,589.0
5662.0,1319.0,1329.0,1303.0,561.0,573.0,577.0
5675.0,1304.0,1334.0,1322.0,563.0,568.0,584.0
5873.0,1372.0,1381.0,1369.0,582.0,581.0,588.0
5664.0,1317.0,1316.0,1336.0,564.0,562.0,569.0
5723.0,1315.0,1338.0,1355.0,567.0,569.0,579.0
5847.0,1360.0,1347.0,1370.0,601.0,589.0,580.0
5980.0,1402.0,1405.0,1373.0,602.0,607.0,591.0
5819.0,1339.0,1378.0,1345.0,585.0,587.0,585.0
5861.0,1362.0,1355.0,1369.0,586.0,592.0,597.0
5951.0,1398.0,1381.0,1398.0,588.0,585.0,601.0
5844.0,1368.0,1380.0,1369.0,569.0,576.0,582.0
5809.0,1360.0,1372.0,1345.0,572.0,576.0,584.0
5892.0,1389.0,1379.0,1347.0,595.0,588.0,594.0
5904.0,1390.0,1373.0,1364.0,605.0,586.0,586.0
5723.0,1333.0,1316.0,1325.0,597.0,579.0,573.0
5894.0,1346.0,1382.0,1389.0,593.0,594.0,590.0
5876.0,1370.0,1386.0,1375.0,586.0,583.0,576.0
5776.0,1349.0,1355.0,1355.0,563.0,583.0,571.0
5713.0,1318.0,1327.0,1332.0,569.0,585.0,582.0
5973.0,1396.0,1386.0,1396.0,598.0,596.0,601.0
5906.0,1390.0,1362.0,1384.0,592.0,583.0,595.0
5871.0,1365.0,1378.0,1362.0,588.0,583.0,595.0
5889.0,1361.0,1377.0,1391.0,591.0,585.0,584.0
5852.0,1363.0,1345.0,1382.0,588.0,585.0,589.0
5702.0,1340.0,1331.0,1305.0,579.0,583.0,564.0
5872.0,1381.0,1355.0,1377.0,587.0,591.0,581.0
5866.0,1354.0,1400.0,1352.0,583.0,592.0,585.0
6012.0,1412.0,1385.0,1404.0,602.0,601.0,608.0
5923.0,1381.0,1370.0,1392.0,591.0,592.0,597.0
5876.0,1365.0,1372.0,1355.0,597.0,588.0,599.0
5913.0,1401.0,1385.0,1359.0,595.0,582.0,591.0
5775.0,1366.0,1340.0,1342.0,576.0,569.0,582.0
5939.0,1370.0,1374.0,1398.0,593.0,600.0,604.0
5835.0,1380.0,1349.0,1361.0,576.0,589.0,580.0
6013.0,1394.0,1402.0,1434.0,599.0,592.0,592.0
5981.0,1389.0,1390.0,1406.0,605.0,600.0,591.0
5848.0,1377.0,1361.0,1364.0,584.0,583.0,579.0
5732.0,1346.0,1341.0,1321.0,581.0,578.0,565.0
5899.0,1393.0,1364.0,1367.0,594.0,584.0,597.0
5965.0,1408.0,1386.0,1391.0,586.0,596.0,598.0
5988.0,1381.0,1410.0,1399.0,590.0,606.0,602.0
5862.0,1376.0,1369.0,1358.0,578.0,588.0,593.0
6029.0,1405.0,1408.0,1382.0,611.0,608.0,615.0
6038.0,1389.0,1415.0,1410.0,607.0,606.0,611.0
5947.0,1398.0,1381.0,1372.0,603.0,599.0,594.0
5781.0,1339.0,1350.0,1343.0,580.0,590.0,579.0
5794.0,1361.0,1340.0,1364.0,589.0,573.0,567.0
5735.0,1343.0,1319.0,1356.0,570.0,572.0,575.0
5822.0,1378.0,1349.0,1358.0,575.0,572.0,590.0
5903.0,1377.0,1376.0,1391.0,576.0,592.0,591.0
5922.0,1377.0,1381.0,1382.0,593.0,585.0,604.0
5836.0,1363.0,1356.0,1354.0,588.0,588.0,587.0
5946.0,1387.0,1367.0,1389.0,603.0,602.0,598.0
5736.0,1327.0,1313.0,1344.0,577.0,589.0,586.0
5941.0,1381.0,1381.0,1396.0,601.0,595.0,587.0
5950.0,1412.0,1384.0,1398.0,585.0,586.0,585.0
5955.0,1368.0,1385.0,1410.0,597.0,602.0,593.0
5937.0,1369.0,1394.0,1384.0,599.0,604.0,587.0
5943.0,1397.0,1382.0,1405.0,586.0,586.0,587.0
5850.0,1375.0,1340.0,1368.0,590.0,587.0,590.0
5927.0,1369.0,1384.0,1390.0,600.0,591.0,593.0
5912.0,1380.0,1380.0,1369.0,587.0,596.0,600.0
5927.0,1395.0,1369.0,1385.0,594.0,586.0,598.0
5967.0,1368.0,1387.0,1404.0,593.0,602.0,613.0
5975.0,1395.0,1397.0,1392.0,598.0,594.0,599.0
5969.0,1398.0,1402.0,1396.0,596.0,581.0,596.0
5908.0,1365.0,1353.0,1413.0,592.0,584.0,601.0
5843.0,1374.0,1354.0,1360.0,589.0,587.0,579.0
5906.0,1394.0,1380.0,1356.0,594.0,587.0,595.0
6014.0,1413.0,1397.0,1396.0,606.0,607.0,595.0
5955.0,1395.0,1401.0,1381.0,591.0,592.0,595.0
5915.0,1368.0,1387.0,1388.0,581.0,593.0,598.0
6019.0,1424.0,1382.0,1421.0,588.0,598.0,606.0
6054.0,1409.0,1407.0,1412.0,605.0,605.0,616.0
5854.0,1351.0,1378.0,1368.0,583.0,581.0,593.0
5945.0,1366.0,1425.0,1372.0,594.0,594.0,594.0
6153.0,1438.0,1444.0,1422.0,624.0,613.0,612.0
6070.0,1396.0,1415.0,1424.0,621.0,606.0,608.0
5938.0,1395.0,1360.0,1390.0,598.0,604.0,591.0
6104.0,1411.0,1432.0,1446.0,604.0,608.0,603.0
6026.0,1410.0,1404.0,1419.0,591.0,608.0,594.0
5883.0,1344.0,1394.0,1368.0,591.0,587.0,599.0
5979.0,1388.0,1397.0,1401.0,593.0,602.0,598.0
5920.0,1374.0,1391.0,1373.0,596.0,594.0,592.0
6005.0,1394.0,1415.0,1406.0,596.0,591.0,603.0
6042.0,1383.0,1408.0,1434.0,604.0,607.0,606.0
6013.0,1407.0,1413.0,1396.0,591.0,597.0,609.0
5811.0,1377.0,1349.0,1341.0,577.0,580.0,587.0
6019.0,1395.0,1420.0,1385.0,605.0,615.0,599.0
6058.0,1414.0,1418.0,1406.0,610.0,610.0,600.0
6071.0,1416.0,1402.0,1420.0,614.0,613.0,606.0
6048.0,1387.0,1392.0,1447.0,606.0,616.0,600.0
6012.0,1395.0,1389.0,1395.0,614.0,607.0,612.0
6060.0,1422.0,1429.0,1392.0,596.0,607.0,614.0
5915.0,1417.0,1384.0,1340.0,588.0,587.0,599.0
6030.0,1402.0,1415.0,1400.0,600.0,603.0,610.0
5967.0,1401.0,1380.0,1398.0,589.0,593.0,606.0
6076.0,1414.0,1414.0,1426.0,603.0,615.0,604.0
6084.0,1405.0,1421.0,1425.0,616.0,611.0,606.0
5943.0,1384.0,1385.0,1388.0,601.0,598.0,587.0
6070.0,1424.0,1427.0,1403.0,605.0,607.0,604.0
6048.0,1417.0,1424.0,1397.0,605.0,602.0,603.0
5955.0,1405.0,1385.0,1394.0,592.0,586.0,593.0
5999.0,1384.0,1403.0,1418.0,587.0,599.0,608.0
5943.0,1387.0,1371.0,1400.0,597.0,597.0,591.0
6076.0,1408.0,1435.0,1385.0,620.0,613.0,615.0
6078.0,1405.0,1416.0,1400.0,619.0,619.0,619.0
6058.0,1405.0,1415.0,1411.0,609.0,609.0,609.0
6022.0,1417.0,1394.0,1405.0,592.0,612.0,602.0
5983.0,1372.0,1409.0,1417.0,594.0,599.0,592.0
5996.0,1387.0,1421.0,1407.0,598.0,586.0,597.0
5899.0,1393.0,1350.0,1386.0,589.0,587.0,594.0
6019.0,1396.0,1397.0,1404.0,609.0,595.0,618.0
5965.0,1386.0,1406.0,1379.0,602.0,596.0,596.0
6076.0,1427.0,1403.0,1421.0,607.0,609.0,609.0
6159.0,1429.0,1427.0,1454.0,615.0,617.0,617.0
5961.0,1367.0,1387.0,1415.0,597.0,604.0,591.0
5987.0,1384.0,1378.0,1427.0,599.0,599.0,600.0
5998.0,1409.0,1389.0,1400.0,605.0,597.0,598.0
5948.0,1404.0,1400.0,1353.0,596.0,603.0,592.0
6040.0,1412.0,1423.0,1402.0,603.0,602.0,598.0
6084.0,1424.0,1402.0,1436.0,612.0,607.0,603.0
6028.0,1430.0,1380.0,1405.0,612.0,600.0,601.0
6020.0,1381.0,1426.0,1400.0,606.0,606.0,601.0
6121.0,1408.0,1436.0,1439.0,618.0,607.0,613.0
6207.0,1435.0,1450.0,1431.0,626.0,626.0,639.0
6078.0,1395.0,1438.0,1415.0,609.0,610.0,611.0
6170.0,1434.0,1428.0,1455.0,613.0,621.0,619.0
6230.0,1456.0,1436.0,1460.0,625.0,623.0,630.0
6053.0,1422.0,1417.0,1423.0,607.0,588.0,596.0
6032.0,1406.0,1422.0,1401.0,606.0,594.0,603.0
6039.0,1414.0,1406.0,1401.0,608.0,606.0,604.0
6059.0,1428.0,1421.0,1392.0,608.0,601.0,609.0
6127.0,1419.0,1443.0,1425.0,621.0,604.0,615.0
6165.0,1434.0,1450.0,1439.0,603.0,619.0,620.0
6279.0,1452.0,1466.0,1458.0,633.0,630.0,640.0
6112.0,1434.0,1393.0,1436.0,615.0,616.0,618.0
6036.0,1393.0,1410.0,1402.0,620.0,605.0,606.0
6009.0,1409.0,1410.0,1392.0,599.0,603.0,596.0
6121.0,1435.0,1451.0,1416.0,597.0,608.0,614.0
6180.0,1442.0,1429.0,1443.0,613.0,631.0,622.0
6044.0,1382.0,1400.0,1439.0,603.0,611.0,609.0
6081.0,1432.0,1404.0,1427.0,610.0,616.0,592.0
6083.0,1422.0,1423.0,1400.0,617.0,611.0,610.0
6185.0,1426.0,1466.0,1410.0,629.0,627.0,627.0
6173.0,1432.0,1440.0,1449.0,622.0,609.0,621.0
6174.0,1448.0,1441.0,1443.0,611.0,612.0,619.0
5989.0,1370.0,1416.0,1405.0,601.0,586.0,611.0
6307.0,1457.0,1494.0,1470.0,625.0,622.0,639.0
6021.0,1406.0,1403.0,1409.0,605.0,594.0,604.0
5966.0,1430.0,1365.0,1379.0,597.0,602.0,593.0
6218.0,1455.0,1440.0,1448.0,631.0,624.0,620.0
6169.0,1446.0,1442.0,1438.0,614.0,622.0,607.0
6190.0,1476.0,1430.0,1437.0,617.0,625.0,605.0
6255.0,1469.0,1464.0,1452.0,627.0,621.0,622.0
6112.0,1415.0,1426.0,1422.0,611.0,613.0,625.0
6027.0,1405.0,1406.0,1408.0,602.0,601.0,605.0
6108.0,1430.0,1454.0,1404.0,607.0,600.0,613.0
6156.0,1419.0,1447.0,1449.0,615.0,608.0,618.0
6234.0,1451.0,1460.0,1457.0,620.0,622.0,624.0
6144.0,1436.0,1430.0,1427.0,623.0,621.0,607.0
6154.0,1446.0,1440.0,1418.0,622.0,621.0,607.0
6145.0,1425.0,1441.0,1442.0,609.0,614.0,614.0
5911.0,1403.0,1377.0,1351.0,592.0,593.0,595.0
6149.0,1460.0,1432.0,1427.0,608.0,610.0,612.0
6117.0,1419.0,1414.0,1442.0,608.0,607.0,627.0
6251.0,1451.0,1445.0,1470.0,632.0,631.0,622.0
6277.0,1485.0,1458.0,1452.0,627.0,611.0,644.0
6204.0,1460.0,1440.0,1441.0,628.0,616.0,619.0
6191.0,1443.0,1451.0,1412.0,634.0,630.0,621.0
6099.0,1444.0,1394.0,1417.0,620.0,614.0,610.0
6119.0,1434.0,1408.0,1437.0,607.0,628.0,605.0
6047.0,1406.0,1417.0,1412.0,601.0,612.0,599.0
6319.0,1479.0,1462.0,1480.0,634.0,637.0,627.0
6216.0,1462.0,1456.0,1443.0,620.0,622.0,613.0
6231.0,1449.0,1434.0,1459.0,627.0,627.0,635.0
5987.0,1389.0,1383.0,1398.0,614.0,594.0,609.0
6325.0,1482.0,1490.0,1455.0,630.0,628.0,640.0
6304.0,1489.0,1479.0,1440.0,626.0,628.0,642.0
6252.0,1447.0,1458.0,1467.0,618.0,643.0,619.0
6164.0,1434.0,1434.0,1427.0,616.0,624.0,629.0
6292.0,1483.0,1453.0,1475.0,616.0,633.0,632.0
6187.0,1443.0,1470.0,1421.0,627.0,617.0,609.0
6200.0,1426.0,1480.0,1432.0,624.0,616.0,622.0
6118.0,1446.0,1408.0,1437.0,618.0,603.0,606.0
6273.0,1481.0,1443.0,1474.0,623.0,621.0,631.0
6116.0,1430.0,1417.0,1440.0,612.0,608.0,609.0
6145.0,1434.0,1455.0,1423.0,599.0,614.0,620.0
6277.0,1477.0,1459.0,1447.0,632.0,632.0,630.0
6291.0,1444.0,1470.0,1462.0,638.0,638.0,639.0
6155.0,1436.0,1424.0,1431.0,618.0,621.0,625.0
6217.0,1456.0,1443.0,1434.0,628.0,635.0,621.0
6202.0,1462.0,1445.0,1440.0,623.0,615.0,617.0
6123.0,1415.0,1444.0,1432.0,619.0,608.0,605.0
6114.0,1433.0,1430.0,1407.0,620.0,620.0,604.0
6126.0,1441.0,1448.0,1416.0,607.0,599.0,615.0
6234.0,1441.0,1455.0,1458.0,625.0,625.0,630.0
6131.0,1406.0,1457.0,1434.0,616.0,613.0,605.0
6158.0,1437.0,1442.0,1434.0,618.0,618.0,609.0
6255.0,1477.0,1434.0,1464.0,624.0,624.0,632.0
6165.0,1436.0,1445.0,1417.0,625.0,620.0,622.0
6233.0,1461.0,1463.0,1457.0,615.0,621.0,616.0
6338.0,1497.0,1481.0,1483.0,624.0,619.0,634.0
6374.0,1478.0,1490.0,1509.0,629.0,629.0,639.0
6160.0,1438.0,1430.0,1445.0,609.0,618.0,620.0
6267.0,1456.0,1453.0,1475.0,631.0,626.0,626.0
6083.0,1428.0,1433.0,1390.0,610.0,612.0,610.0
6205.0,1432.0,1472.0,1428.0,623.0,625.0,625.0
6094.0,1404.0,1451.0,1398.0,616.0,619.0,606.0
6314.0,1502.0,1451.0,1472.0,628.0,625.0,636.0
6459.0,1484.0,1494.0,1518.0,649.0,652.0,662.0
6355.0,1477.0,1501.0,1482.0,630.0,629.0,636.0
6235.0,1481.0,1451.0,1459.0,614.0,611.0,619.0
6235.0,1458.0,1474.0,1440.0,625.0,616.0,622.0
6076.0,1409.0,1410.0,1421.0,617.0,608.0,611.0
6084.0,1409.0,1416.0,1429.0,617.0,609.0,604.0
6330.0,1472.0,1479.0,1493.0,626.0,629.0,631.0
6407.0,1498.0,1506.0,1490.0,632.0,641.0,640.0
6200.0,1432.0,1469.0,1444.0,614.0,621.0,620.0
6205.0,1458.0,1435.0,1440.0,624.0,620.0,628.0
6249.0,1439.0,1484.0,1459.0,619.0,617.0,631.0
6264.0,1461.0,1461.0,1461.0,637.0,620.0,624.0
6343.0,1477.0,1481.0,1499.0,630.0,631.0,625.0
6190.0,1453.0,1443.0,1440.0,626.0,617.0,611.0
6318.0,1478.0,1463.0,1475.0,643.0,636.0,623.0
6221.0,1444.0,1449.0,1446.0,627.0,638.0,617.0
6154.0,1442.0,1442.0,1435.0,607.0,617.0,611.0
6375.0,1509.0,1482.0,1476.0,635.0,634.0,639.0
6207.0,1425.0,1466.0,1444.0,623.0,623.0,626.0
6203.0,1456.0,1419.0,1468.0,624.0,610.0,626.0
6462.0,1521.0,1487.0,1509.0,655.0,638.0,652.0
6206.0,1446.0,1458.0,1427.0,632.0,622.0,621.0
6218.0,1445.0,1463.0,1446.0,621.0,619.0,624.0
6275.0,1466.0,1452.0,1448.0,633.0,642.0,634.0
6197.0,1455.0,1427.0,1468.0,613.0,625.0,609.0
6199.0,1432.0,1438.0,1472.0,621.0,627.0,609.0
6282.0,1453.0,1483.0,1474.0,637.0,623.0,612.0
6353.0,1481.0,1494.0,1479.0,635.0,634.0,630.0
6329.0,1462.0,1488.0,1484.0,634.0,624.0,637.0
6220.0,1445.0,1445.0,1460.0,622.0,620.0,628.0
6299.0,1489.0,1456.0,1458.0,625.0,629.0,642.0
6318.0,1473.0,1488.0,1472.0,615.0,639.0,631.0
6214.0,1455.0,1446.0,1462.0,624.0,617.0,610.0
6224.0,1465.0,1433.0,1456.0,614.0,627.0,629.0
6355.0,1490.0,1464.0,1481.0,638.0,641.0,641.0
6293.0,1464.0,1477.0,1461.0,646.0,627.0,618.0
6355.0,1476.0,1475.0,1491.0,636.0,642.0,635.0
6419.0,1498.0,1493.0,1513.0,648.0,638.0,629.0
6159.0,1445.0,1445.0,1444.0,608.0,599.0,618.0
6240.0,1467.0,1436.0,1471.0,621.0,622.0,623.0
6313.0,1475.0,1488.0,1461.0,631.0,622.0,636.0
6399.0,1495.0,1511.0,1477.0,644.0,639.0,633.0
6425.0,1481.0,1512.0,1482.0,650.0,655.0,645.0
6336.0,1454.0,1474.0,1492.0,640.0,634.0,642.0
6329.0,1483.0,1463.0,1477.0,637.0,633.0,636.0
6287.0,1461.0,1493.0,1458.0,628.0,621.0,626.0
6325.0,1470.0,1498.0,1486.0,621.0,618.0,632.0
6302.0,1491.0,1485.0,1459.0,626.0,616.0,625.0
6217.0,1452.0,1447.0,1448.0,631.0,616.0,623.0
6347.0,1479.0,1479.0,1472.0,646.0,634.0,637.0
6563.0,1523.0,1537.0,1523.0,663.0,657.0,660.0
6361.0,1484.0,1466.0,1484.0,639.0,645.0,643.0
6317.0,1472.0,1473.0,1473.0,633.0,629.0,637.0
6303.0,1470.0,1480.0,1448.0,624.0,639.0,642.0
6376.0,1511.0,1479.0,1469.0,631.0,646.0,640.0
6317.0,1466.0,1473.0,1488.0,630.0,625.0,635.0
6380.0,1472.0,1499.0,1495.0,647.0,632.0,635.0
6432.0,1495.0,1516.0,1509.0,638.0,640.0,634.0
6361.0,1507.0,1476.0,1490.0,634.0,633.0,621.0
6370.0,1478.0,1484.0,1478.0,645.0,653.0,632.0
6390.0,1489.0,1492.0,1480.0,639.0,641.0,649.0
6232.0,1454.0,1457.0,1435.0,621.0,638.0,627.0
6399.0,1500.0,1485.0,1493.0,638.0,636.0,647.0
6421.0,1486.0,1483.0,1516.0,652.0,639.0,645.0
6567.0,1525.0,1530.0,1537.0,656.0,652.0,667.0
6437.0,1513.0,1520.0,1475.0,642.0,641.0,646.0
6390.0,1486.0,1473.0,1504.0,653.0,633.0,641.0
6292.0,1464.0,1459.0,1475.0,633.0,632.0,629.0
6230.0,1457.0,1450.0,1459.0,624.0,629.0,611.0
6386.0,1481.0,1503.0,1504.0,628.0,642.0,628.0
6598.0,1554.0,1529.0,1542.0,650.0,660.0,663.0
6452.0,1481.0,1509.0,1524.0,641.0,653.0,644.0
6465.0,1514.0,1515.0,1483.0,644.0,656.0,653.0
6257.0,1457.0,1462.0,1444.0,639.0,622.0,633.0
6295.0,1466.0,1454.0,1458.0,643.0,632.0,642.0
6503.0,1521.0,1505.0,1539.0,650.0,634.0,654.0
6531.0,1535.0,1520.0,1539.0,640.0,644.0,653.0
6393.0,1479.0,1472.0,1513.0,642.0,649.0,638.0
6454.0,1506.0,1503.0,1504.0,641.0,652.0,648.0
6387.0,1506.0,1504.0,1461.0,644.0,639.0,633.0
6519.0,1529.0,1514.0,1522.0,653.0,655.0,646.0
6333.0,1470.0,1483.0,1478.0,645.0,631.0,626.0
6482.0,1531.0,1492.0,1523.0,640.0,645.0,651.0
6484.0,1532.0,1487.0,1528.0,638.0,646.0,653.0
6458.0,1496.0,1519.0,1506.0,643.0,645.0,649.0
6341.0,1468.0,1502.0,1466.0,629.0,625.0,651.0
6332.0,1495.0,1492.0,1446.0,634.0,636.0,629.0
6309.0,1467.0,1468.0,1492.0,629.0,620.0,633.0
6327.0,1446.0,1479.0,1498.0,638.0,644.0,622.0
6421.0,1496.0,1477.0,1522.0,643.0,637.0,646.0
6406.0,1482.0,1522.0,1483.0,641.0,646.0,632.0
6313.0,1475.0,1463.0,1482.0,619.0,637.0,637.0
6410.0,1479.0,1502.0,1495.0,641.0,643.0,650.0
6399.0,1497.0,1509.0,1473.0,638.0,640.0,642.0
6493.0,1522.0,1497.0,1525.0,650.0,644.0,655.0
6435.0,1506.0,1507.0,1518.0,636.0,634.0,634.0
6634.0,1553.0,1547.0,1551.0,666.0,660.0,657.0
6412.0,1503.0,1477.0,1499.0,650.0,650.0,633.0
6426.0,1511.0,1495.0,1479.0,645.0,662.0,634.0
6379.0,1493.0,1508.0,1469.0,629.0,638.0,642.0
6467.0,1505.0,1518.0,1523.0,646.0,642.0,633.0
6522.0,1530.0,1522.0,1538.0,634.0,647.0,651.0
6389.0,1480.0,1484.0,1503.0,635.0,643.0,644.0
6444.0,1513.0,1489.0,1508.0,653.0,637.0,644.0
6521.0,1523.0,1534.0,1505.0,650.0,654.0,655.0
6447.0,1508.0,1516.0,1489.0,652.0,642.0,640.0
6460.0,1500.0,1499.0,1507.0,647.0,657.0,650.0
6374.0,1506.0,1467.0,1486.0,638.0,635.0,642.0
6401.0,1482.0,1482.0,1522.0,638.0,637.0,640.0
6329.0,1471.0,1484.0,1473.0,627.0,636.0,638.0
6438.0,1503.0,1522.0,1491.0,654.0,633.0,635.0
6527.0,1534.0,1518.0,1513.0,665.0,652.0,645.0
6492.0,1503.0,1504.0,1512.0,657.0,656.0,660.0
6397.0,1476.0,1491.0,1482.0,652.0,649.0,647.0
6470.0,1485.0,1528.0,1517.0,637.0,652.0,651.0
6407.0,1497.0,1496.0,1489.0,636.0,640.0,649.0
6471.0,1481.0,1518.0,1514.0,654.0,655.0,649.0
6605.0,1549.0,1517.0,1558.0,673.0,651.0,657.0
6531.0,1538.0,1513.0,1523.0,654.0,645.0,658.0
6593.0,1525.0,1546.0,1537.0,669.0,659.0,657.0
6590.0,1506.0,1572.0,1547.0,654.0,655.0,656.0
6463.0,1525.0,1516.0,1514.0,648.0,640.0,620.0
6448.0,1518.0,1473.0,1523.0,641.0,645.0,648.0
6457.0,1487.0,1506.0,1513.0,642.0,659.0,650.0
6546.0,1527.0,1548.0,1517.0,638.0,658.0,658.0
6402.0,1497.0,1487.0,1495.0,626.0,646.0,651.0
6429.0,1502.0,1465.0,1517.0,652.0,648.0,645.0
6636.0,1548.0,1532.0,1567.0,668.0,663.0,658.0
6526.0,1519.0,1527.0,1519.0,664.0,649.0,648.0
6302.0,1482.0,1482.0,1465.0,631.0,615.0,627.0
6377.0,1450.0,1507.0,1496.0,639.0,644.0,641.0
6488.0,1517.0,1519.0,1519.0,641.0,647.0,645.0
6566.0,1518.0,1522.0,1551.0,667.0,648.0,660.0
6677.0,1578.0,1541.0,1559.0,664.0,667.0,668.0
6513.0,1507.0,1520.0,1508.0,660.0,659.0,659.0
6439.0,1499.0,1498.0,1491.0,649.0,654.0,648.0
6498.0,1528.0,1509.0,1508.0,647.0,645.0,661.0
6529.0,1509.0,1525.0,1529.0,654.0,645.0,667.0
6600.0,1540.0,1519.0,1568.0,648.0,659.0,666.0
6491.0,1510.0,1521.0,1525.0,652.0,646.0,637.0
6624.0,1540.0,1534.0,1573.0,661.0,662.0,654.0
6472.0,1500.0,1502.0,1524.0,646.0,651.0,649.0
6424.0,1511.0,1501.0,1476.0,649.0,645.0,642.0
6478.0,1515.0,1501.0,1493.0,658.0,659.0,652.0
6646.0,1534.0,1549.0,1560.0,665.0,669.0,669.0
6671.0,1557.0,1546.0,1581.0,664.0,660.0,663.0
6553.0,1540.0,1508.0,1531.0,659.0,648.0,667.0
6553.0,1540.0,1540.0,1507.0,656.0,657.0,653.0
6596.0,1536.0,1537.0,1540.0,666.0,659.0,658.0
6626.0,1553.0,1559.0,1515.0,667.0,663.0,669.0
6547.0,1526.0,1527.0,1545.0,648.0,653.0,648.0
6579.0,1520.0,1532.0,1549.0,659.0,671.0,648.0
6668.0,1549.0,1551.0,1563.0,659.0,674.0,672.0
6623.0,1549.0,1565.0,1532.0,651.0,666.0,660.0
6512.0,1517.0,1523.0,1521.0,647.0,649.0,655.0
6397.0,1486.0,1495.0,1483.0,639.0,644.0,650.0
6564.0,1533.0,1520.0,1552.0,653.0,644.0,662.0
6671.0,1567.0,1542.0,1571.0,663.0,651.0,677.0
6584.0,1528.0,1545.0,1532.0,663.0,663.0,653.0
6615.0,1553.0,1556.0,1529.0,670.0,648.0,659.0
6634.0,1571.0,1539.0,1533.0,664.0,669.0,658.0
6545.0,1520.0,1524.0,1535.0,650.0,665.0,651.0
6521.0,1504.0,1519.0,1533.0,654.0,664.0,647.0
6584.0,1534.0,1541.0,1536.0,656.0,663.0,654.0
6662.0,1563.0,1543.0,1564.0,670.0,659.0,663.0
6617.0,1549.0,1531.0,1550.0,661.0,661.0,665.0
6453.0,1493.0,1496.0,1509.0,654.0,645.0,656.0
6661.0,1541.0,1560.0,1556.0,667.0,665.0,672.0
6609.0,1544.0,1554.0,1538.0,646.0,664.0,663.0
6553.0,1540.0,1531.0,1512.0,652.0,659.0,659.0
6591.0,1542.0,1542.0,1534.0,655.0,664.0,654.0
6670.0,1563.0,1550.0,1554.0,670.0,671.0,662.0
6531.0,1524.0,1509.0,1533.0,655.0,661.0,649.0
6580.0,1547.0,1536.0,1522.0,668.0,651.0,656.0
6671.0,1557.0,1571.0,1559.0,675.0,655.0,654.0
6719.0,1561.0,1565.0,1580.0,683.0,665.0,665.0
6605.0,1538.0,1519.0,1564.0,662.0,657.0,665.0
6498.0,1522.0,1504.0,1532.0,643.0,646.0,651.0
6613.0,1553.0,1532.0,1550.0,658.0,659.0,661.0
6576.0,1531.0,1533.0,1517.0,655.0,675.0,665.0
6613.0,1533.0,1535.0,1544.0,670.0,664.0,667.0
6575.0,1555.0,1526.0,1527.0,659.0,654.0,654.0
6621.0,1537.0,1537.0,1577.0,661.0,663.0,646.0
6695.0,1557.0,1565.0,1590.0,665.0,660.0,658.0
6482.0,1535.0,1507.0,1512.0,641.0,654.0,633.0
6608.0,1545.0,1540.0,1550.0,652.0,661.0,660.0
6468.0,1518.0,1488.0,1507.0,648.0,656.0,651.0
6586.0,1532.0,1541.0,1532.0,664.0,656.0,661.0
6747.0,1573.0,1596.0,1562.0,670.0,671.0,675.0
6655.0,1536.0,1551.0,1562.0,668.0,667.0,671.0
6555.0,1533.0,1513.0,1528.0,664.0,658.0,659.0
6738.0,1573.0,1576.0,1581.0,669.0,670.0,669.0
6451.0,1507.0,1500.0,1508.0,647.0,651.0,638.0
6531.0,1500.0,1552.0,1537.0,652.0,652.0,638.0
6505.0,1512.0,1527.0,1523.0,646.0,656.0,641.0
6763.0,1582.0,1558.0,1591.0,684.0,674.0,674.0
6659.0,1549.0,1558.0,1542.0,666.0,676.0,668.0
6666.0,1552.0,1549.0,1568.0,664.0,663.0,670.0
6661.0,1554.0,1562.0,1544.0,666.0,663.0,672.0
6599.0,1547.0,1540.0,1511.0,667.0,666.0,668.0
6493.0,1498.0,1508.0,1534.0,651.0,652.0,650.0
6697.0,1563.0,1563.0,1574.0,675.0,658.0,664.0
6755.0,1579.0,1578.0,1583.0,672.0,673.0,670.0
6609.0,1539.0,1547.0,1537.0,669.0,658.0,659.0
6656.0,1531.0,1583.0,1543.0,666.0,668.0,665.0
6532.0,1550.0,1516.0,1506.0,650.0,659.0,651.0
6678.0,1569.0,1573.0,1525.0,668.0,674.0,669.0
6684.0,1530.0,1579.0,1581.0,657.0,671.0,666.0
6733.0,1565.0,1585.0,1594.0,655.0,669.0,665.0
6806.0,1608.0,1565.0,1597.0,678.0,669.0,689.0
6742.0,1570.0,1582.0,1564.0,681.0,668.0,677.0
6685.0,1533.0,1551.0,1577.0,677.0,667.0,680.0
6715.0,1573.0,1578.0,1553.0,671.0,668.0,672.0
6511.0,1537.0,1521.0,1518.0,664.0,634.0,637.0
6762.0,1542.0,1590.0,1608.0,671.0,686.0,665.0
6624.0,1550.0,1536.0,1553.0,644.0,670.0,671.0
6774.0,1589.0,1561.0,1591.0,674.0,689.0,670.0
6682.0,1549.0,1579.0,1549.0,674.0,672.0,659.0
6616.0,1536.0,1549.0,1543.0,668.0,653.0,667.0
6556.0,1542.0,1535.0,1513.0,657.0,643.0,666.0
6622.0,1555.0,1528.0,1538.0,663.0,664.0,674.0
6758.0,1549.0,1571.0,1608.0,682.0,663.0,685.0
6661.0,1546.0,1557.0,1578.0,660.0,660.0,660.0
6668.0,1555.0,1571.0,1539.0,668.0,680.0,655.0
6671.0,1550.0,1568.0,1558.0,661.0,672.0,662.0
6827.0,1611.0,1582.0,1590.0,683.0,686.0,675.0
6698.0,1566.0,1551.0,1564.0,678.0,669.0,670.0
6688.0,1562.0,1565.0,1555.0,676.0,667.0,663.0
6827.0,1575.0,1604.0,1595.0,683.0,680.0,690.0
6641.0,1531.0,1584.0,1535.0,667.0,654.0,670.0
6659.0,1567.0,1553.0,1533.0,669.0,665.0,672.0
6681.0,1538.0,1567.0,1559.0,668.0,671.0,678.0
6718.0,1549.0,1594.0,1579.0,650.0,681.0,665.0
6663.0,1547.0,1554.0,1554.0,670.0,670.0,668.0
6707.0,1562.0,1554.0,1576.0,672.0,679.0,664.0
6681.0,1538.0,1580.0,1530.0,690.0,679.0,664.0
6792.0,1596.0,1600.0,1561.0,684.0,685.0,666.0
6844.0,1615.0,1617.0,1579.0,675.0,677.0,681.0
6872.0,1610.0,1602.0,1607.0,690.0,670.0,693.0
6700.0,1566.0,1553.0,1564.0,675.0,669.0,673.0
6730.0,1581.0,1551.0,1582.0,672.0,661.0,683.0
6931.0,1626.0,1607.0,1618.0,697.0,688.0,695.0
6764.0,1584.0,1559.0,1575.0,682.0,676.0,688.0
6628.0,1540.0,1558.0,1524.0,669.0,668.0,669.0
6748.0,1583.0,1568.0,1574.0,672.0,679.0,672.0
6774.0,1562.0,1578.0,1602.0,679.0,680.0,673.0
6634.0,1527.0,1557.0,1572.0,654.0,667.0,657.0
6772.0,1592.0,1595.0,1580.0,669.0,668.0,668.0
6607.0,1555.0,1536.0,1536.0,660.0,661.0,659.0
6592.0,1513.0,1552.0,1534.0,665.0,661.0,667.0
6690.0,1552.0,1589.0,1552.0,661.0,668.0,668.0
6748.0,1591.0,1569.0,1555.0,675.0,673.0,685.0
6644.0,1531.0,1572.0,1543.0,655.0,675.0,668.0
6716.0,1559.0,1578.0,1579.0,666.0,662.0,672.0
6788.0,1596.0,1588.0,1576.0,673.0,678.0,677.0
6679.0,1589.0,1558.0,1528.0,670.0,666.0,668.0
6820.0,1593.0,1600.0,1592.0,675.0,676.0,684.0
6654.0,1533.0,1574.0,1546.0,676.0,664.0,661.0
6859.0,1616.0,1587.0,1617.0,687.0,676.0,676.0
6777.0,1560.0,1579.0,1598.0,685.0,675.0,680.0
6612.0,1516.0,1565.0,1539.0,664.0,670.0,658.0
6838.0,1609.0,1593.0,1568.0,690.0,693.0,685.0
6632.0,1548.0,1551.0,1528.0,653.0,673.0,679.0
6695.0,1538.0,1553.0,1580.0,672.0,673.0,679.0
6797.0,1578.0,1589.0,1596.0,683.0,672.0,679.0
6837.0,1617.0,1588.0,1594.0,681.0,673.0,684.0
6768.0,1545.0,1586.0,1611.0,680.0,670.0,676.0
6914.0,1601.0,1617.0,1606.0,701.0,697.0,692.0
6798.0,1588.0,1592.0,1564.0,685.0,688.0,681.0
6706.0,1561.0,1554.0,1577.0,665.0,665.0,684.0
6722.0,1550.0,1584.0,1567.0,666.0,677.0,678.0
6877.0,1581.0,1610.0,1627.0,682.0,687.0,690.0
7002.0,1636.0,1643.0,1626.0,700.0,704.0,693.0
6798.0,1576.0,1568.0,1608.0,692.0,676.0,678.0
6737.0,1574.0,1571.0,1559.0,673.0,678.0,682.0
6796.0,1622.0,1582.0,1579.0,683.0,655.0,675.0
6806.0,1574.0,1603.0,1595.0,682.0,683.0,669.0
6762.0,1553.0,1593.0,1597.0,677.0,676.0,666.0
6699.0,1560.0,1542.0,1587.0,663.0,681.0,666.0
6831.0,1599.0,1597.0,1579.0,677.0,695.0,684.0
6922.0,1604.0,1630.0,1604.0,695.0,694.0,695.0
6684.0,1554.0,1591.0,1532.0,678.0,660.0,669.0
6829.0,1591.0,1597.0,1594.0,681.0,680.0,686.0
6772.0,1596.0,1577.0,1572.0,681.0,662.0,684.0
6797.0,1577.0,1585.0,1605.0,671.0,673.0,686.0
6657.0,1557.0,1556.0,1551.0,655.0,667.0,671.0
6814.0,1597.0,1598.0,1574.0,674.0,682.0,689.0
6887.0,1605.0,1599.0,1606.0,692.0,689.0,696.0
6740.0,1575.0,1568.0,1558.0,678.0,678.0,683.0
6985.0,1637.0,1616.0,1637.0,700.0,704.0,691.0
6932.0,1597.0,1637.0,1612.0,694.0,695.0,697.0
6608.0,1528.0,1549.0,1556.0,650.0,663.0,662.0
6858.0,1609.0,1616.0,1607.0,669.0,672.0,685.0
6918.0,1631.0,1591.0,1606.0,686.0,698.0,706.0
6883.0,1605.0,1597.0,1599.0,690.0,690.0,702.0
6982.0,1625.0,1630.0,1641.0,691.0,693.0,702.0
6962.0,1604.0,1641.0,1630.0,689.0,705.0,693.0
6757.0,1577.0,1586.0,1580.0,676.0,671.0,667.0
6766.0,1555.0,1565.0,1581.0,691.0,691.0,683.0
6871.0,1611.0,1588.0,1612.0,683.0,688.0,689.0
6750.0,1598.0,1579.0,1561.0,665.0,675.0,672.0
6813.0,1588.0,1569.0,1599.0,685.0,691.0,681.0
6880.0,1597.0,1615.0,1613.0,680.0,682.0,693.0
6978.0,1641.0,1611.0,1633.0,697.0,689.0,707.0
6764.0,1576.0,1594.0,1578.0,675.0,666.0,675.0
6846.0,1579.0,1593.0,1597.0,692.0,687.0,698.0
6831.0,1611.0,1610.0,1566.0,685.0,683.0,676.0
6882.0,1624.0,1585.0,1608.0,696.0,688.0,681.0
6863.0,1618.0,1572.0,1608.0,679.0,697.0,689.0
6763.0,1574.0,1562.0,1597.0,671.0,688.0,671.0
6906.0,1602.0,1624.0,1620.0,690.0,688.0,682.0
6821.0,1589.0,1592.0,1597.0,687.0,677.0,679.0
6799.0,1561.0,1614.0,1570.0,694.0,681.0,679.0
6974.0,1617.0,1632.0,1622.0,698.0,696.0,709.0
6803.0,1582.0,1585.0,1593.0,676.0,683.0,684.0
7005.0,1616.0,1633.0,1640.0,697.0,710.0,709.0
6956.0,1597.0,1646.0,1621.0,696.0,702.0,694.0
6829.0,1606.0,1583.0,1584.0,684.0,691.0,681.0
6852.0,1608.0,1588.0,1601.0,686.0,691.0,678.0
6915.0,1609.0,1636.0,1598.0,693.0,692.0,687.0
6920.0,1627.0,1637.0,1587.0,696.0,686.0,687.0
6853.0,1593.0,1604.0,1627.0,672.0,678.0,679.0
6851.0,1585.0,1588.0,1619.0,690.0,679.0,690.0
6878.0,1583.0,1607.0,1619.0,689.0,691.0,689.0
6933.0,1612.0,1625.0,1610.0,689.0,690.0,707.0
6800.0,1574.0,1612.0,1565.0,669.0,690.0,690.0
6917.0,1607.0,1608.0,1611.0,692.0,698.0,701.0
6834.0,1591.0,1589.0,1591.0,691.0,682.0,690.0
6871.0,1609.0,1599.0,1615.0,690.0,680.0,678.0
7003.0,1631.0,1635.0,1641.0,708.0,697.0,691.0
6850.0,1592.0,1618.0,1598.0,682.0,678.0,682.0
7043.0,1669.0,1633.0,1641.0,698.0,704.0,698.0
6945.0,1629.0,1613.0,1601.0,702.0,701.0,699.0
6779.0,1578.0,1542.0,1599.0,693.0,676.0,691.0
6942.0,1624.0,1621.0,1621.0,698.0,693.0,685.0
6898.0,1607.0,1606.0,1618.0,691.0,687.0,689.0
6817.0,1598.0,1606.0,1561.0,683.0,685.0,684.0
7023.0,1636.0,1636.0,1635.0,709.0,701.0,706.0
6919.0,1640.0,1619.0,1598.0,682.0,696.0,684.0
6989.0,1643.0,1628.0,1633.0,692.0,693.0,700.0
6935.0,1607.0,1634.0,1606.0,699.0,701.0,688.0
7092.0,1647.0,1644.0,1675.0,707.0,714.0,705.0
6993.0,1641.0,1616.0,1641.0,697.0,697.0,701.0
6917.0,1604.0,1616.0,1609.0,702.0,689.0,697.0
6897.0,1598.0,1619.0,1612.0,684.0,689.0,695.0
6974.0,1631.0,1622.0,1608.0,698.0,703.0,712.0
6949.0,1629.0,1611.0,1631.0,682.0,689.0,707.0
7023.0,1649.0,1629.0,1665.0,690.0,696.0,694.0
7001.0,1651.0,1624.0,1641.0,694.0,694.0,697.0
6943.0,1644.0,1610.0,1605.0,705.0,687.0,692.0
6992.0,1639.0,1648.0,1611.0,702.0,702.0,690.0
7043.0,1637.0,1654.0,1640.0,701.0,708.0,703.0
6938.0,1617.0,1594.0,1632.0,698.0,708.0,689.0
6925.0,1613.0,1594.0,1641.0,688.0,691.0,698.0
6914.0,1608.0,1614.0,1609.0,692.0,692.0,699.0
6993.0,1650.0,1640.0,1616.0,696.0,694.0,697.0
6888.0,1626.0,1614.0,1596.0,678.0,681.0,693.0
7076.0,1648.0,1653.0,1643.0,715.0,708.0,709.0
6979.0,1621.0,1622.0,1654.0,699.0,685.0,698.0
7127.0,1650.0,1660.0,1680.0,714.0,715.0,708.0
6897.0,1602.0,1600.0,1630.0,685.0,695.0,685.0
6938.0,1605.0,1616.0,1643.0,693.0,704.0,677.0
7038.0,1664.0,1640.0,1630.0,697.0,708.0,699.0
6903.0,1623.0,1609.0,1605.0,688.0,689.0,689.0
7060.0,1642.0,1672.0,1636.0,700.0,702.0,708.0
6912.0,1579.0,1614.0,1641.0,696.0,692.0,690.0
7077.0,1660.0,1647.0,1651.0,708.0,699.0,712.0
6955.0,1641.0,1588.0,1640.0,699.0,688.0,699.0
6949.0,1612.0,1629.0,1613.0,692.0,704.0,699.0
6999.0,1625.0,1652.0,1615.0,700.0,704.0,703.0
6888.0,1650.0,1596.0,1591.0,677.0,691.0,683.0
6992.0,1624.0,1655.0,1645.0,682.0,699.0,687.0
7033.0,1638.0,1633.0,1661.0,705.0,698.0,698.0
6948.0,1627.0,1603.0,1627.0,698.0,699.0,694.0
6983.0,1617.0,1641.0,1635.0,705.0,689.0,696.0
6800.0,1559.0,1608.0,1583.0,691.0,678.0,681.0
7022.0,1649.0,1642.0,1633.0,699.0,695.0,704.0
6928.0,1608.0,1598.0,1637.0,695.0,686.0,704.0
6968.0,1606.0,1628.0,1630.0,693.0,706.0,705.0
7114.0,1641.0,1662.0,1672.0,716.0,711.0,712.0
6919.0,1622.0,1616.0,1591.0,686.0,705.0,699.0
6944.0,1623.0,1609.0,1622.0,698.0,695.0,697.0
6901.0,1601.0,1612.0,1600.0,707.0,695.0,686.0
6836.0,1588.0,1604.0,1595.0,690.0,684.0,675.0
7046.0,1659.0,1646.0,1640.0,703.0,698.0,700.0
7126.0,1633.0,1666.0,1688.0,713.0,710.0,716.0
7008.0,1621.0,1623.0,1647.0,700.0,706.0,711.0
6970.0,1642.0,1622.0,1589.0,700.0,710.0,707.0
7231.0,1701.0,1692.0,1673.0,723.0,717.0,725.0
6906.0,1600.0,1636.0,1587.0,690.0,698.0,695.0
7011.0,1648.0,1636.0,1624.0,708.0,699.0,696.0
7016.0,1649.0,1618.0,1656.0,701.0,698.0,694.0
7086.0,1667.0,1642.0,1659.0,704.0,704.0,710.0
7063.0,1649.0,1649.0,1655.0,699.0,712.0,699.0
7089.0,1683.0,1647.0,1659.0,711.0,696.0,693.0
6885.0,1621.0,1587.0,1597.0,686.0,690.0,704.0
6851.0,1585.0,1580.0,1621.0,684.0,686.0,695.0
6971.0,1626.0,1615.0,1615.0,709.0,709.0,697.0
7169.0,1653.0,1690.0,1663.0,714.0,722.0,727.0
7064.0,1648.0,1662.0,1642.0,699.0,701.0,712.0
7096.0,1655.0,1671.0,1632.0,710.0,713.0,715.0
6974.0,1657.0,1607.0,1624.0,693.0,691.0,702.0
6980.0,1654.0,1625.0,1619.0,699.0,691.0,692.0
7005.0,1624.0,1652.0,1641.0,704.0,694.0,690.0
7034.0,1639.0,1648.0,1637.0,710.0,708.0,692.0
7151.0,1672.0,1672.0,1669.0,717.0,712.0,709.0
7064.0,1655.0,1628.0,1652.0,710.0,713.0,706.0
7100.0,1672.0,1649.0,1658.0,700.0,712.0,709.0
7181.0,1692.0,1684.0,1650.0,712.0,715.0,728.0
7051.0,1653.0,1633.0,1678.0,694.0,695.0,698.0
7205.0,1679.0,1671.0,1705.0,711.0,724.0,715.0
7094.0,1642.0,1653.0,1670.0,713.0,704.0,712.0
7176.0,1694.0,1653.0,1664.0,725.0,717.0,723.0
7154.0,1640.0,1694.0,1649.0,728.0,717.0,726.0
7019.0,1643.0,1645.0,1642.0,699.0,695.0,695.0
6955.0,1607.0,1610.0,1647.0,704.0,701.0,686.0
7130.0,1680.0,1644.0,1670.0,710.0,715.0,711.0
7065.0,1623.0,1661.0,1655.0,706.0,703.0,717.0
7019.0,1668.0,1631.0,1614.0,705.0,699.0,702.0
7076.0,1642.0,1670.0,1636.0,717.0,700.0,711.0
7098.0,1653.0,1654.0,1652.0,721.0,706.0,712.0
6962.0,1631.0,1613.0,1621.0,704.0,695.0,698.0
6953.0,1630.0,1605.0,1643.0,694.0,694.0,687.0
7022.0,1643.0,1659.0,1623.0,703.0,695.0,699.0
7030.0,1630.0,1646.0,1650.0,696.0,712.0,696.0
7209.0,1694.0,1697.0,1656.0,713.0,736.0,713.0
7273.0,1697.0,1696.0,1676.0,738.0,730.0,736.0
7230.0,1686.0,1681.0,1671.0,728.0,739.0,725.0
7139.0,1650.0,1683.0,1674.0,720.0,710.0,702.0
7084.0,1670.0,1648.0,1646.0,714.0,706.0,700.0
6935.0,1627.0,1625.0,1609.0,687.0,685.0,702.0
7078.0,1641.0,1640.0,1666.0,701.0,712.0,718.0
6942.0,1603.0,1617.0,1623.0,695.0,704.0,700.0
7072.0,1676.0,1659.0,1622.0,712.0,703.0,700.0
7191.0,1682.0,1690.0,1666.0,726.0,714.0,713.0
7054.0,1660.0,1621.0,1656.0,704.0,714.0,699.0
7075.0,1662.0,1657.0,1641.0,716.0,701.0,698.0
7091.0,1655.0,1653.0,1669.0,702.0,701.0,711.0
7131.0,1657.0,1692.0,1650.0,704.0,707.0,721.0
7049.0,1627.0,1663.0,1652.0,691.0,703.0,713.0
6984.0,1644.0,1609.0,1632.0,698.0,697.0,704.0
7108.0,1660.0,1636.0,1673.0,708.0,712.0,719.0
7185.0,1669.0,1667.0,1690.0,718.0,723.0,718.0
7181.0,1661.0,1695.0,1656.0,724.0,726.0,719.0
7142.0,1681.0,1668.0,1653.0,720.0,717.0,703.0
7030.0,1621.0,1648.0,1639.0,710.0,711.0,701.0
7164.0,1674.0,1680.0,1665.0,714.0,712.0,719.0
7119.0,1681.0,1663.0,1659.0,710.0,697.0,709.0
7206.0,1660.0,1709.0,1690.0,717.0,706.0,724.0
6978.0,1616.0,1634.0,1631.0,695.0,702.0,700.0
7087.0,1667.0,1639.0,1648.0,710.0,711.0,712.0
7161.0,1676.0,1667.0,1652.0,713.0,719.0,734.0
7056.0,1624.0,1654.0,1636.0,708.0,716.0,718.0
7053.0,1625.0,1665.0,1639.0,711.0,715.0,698.0
7243.0,1683.0,1689.0,1693.0,715.0,728.0,735.0
7197.0,1701.0,1677.0,1667.0,713.0,721.0,718.0
7093.0,1664.0,1659.0,1646.0,710.0,708.0,706.0
7159.0,1700.0,1677.0,1645.0,717.0,714.0,706.0
7019.0,1636.0,1641.0,1626.0,706.0,699.0,711.0
7212.0,1674.0,1695.0,1680.0,725.0,720.0,718.0
7187.0,1673.0,1665.0,1687.0,716.0,730.0,716.0
7192.0,1665.0,1685.0,1693.0,715.0,716.0,718.0
7134.0,1674.0,1640.0,1669.0,713.0,717.0,721.0
7084.0,1637.0,1663.0,1651.0,715.0,707.0,711.0
7065.0,1660.0,1639.0,1652.0,705.0,711.0,698.0
7220.0,1696.0,1677.0,1684.0,733.0,714.0,716.0
7195.0,1672.0,1686.0,1682.0,731.0,706.0,718.0
7123.0,1655.0,1656.0,1670.0,720.0,712.0,710.0
7098.0,1635.0,1693.0,1640.0,708.0,707.0,715.0
7113.0,1645.0,1674.0,1666.0,698.0,716.0,714.0
7082.0,1656.0,1651.0,1643.0,704.0,712.0,716.0
7264.0,1729.0,1692.0,1674.0,720.0,725.0,724.0
7132.0,1667.0,1678.0,1656.0,712.0,707.0,712.0
7149.0,1666.0,1657.0,1678.0,713.0,721.0,714.0
7275.0,1676.0,1696.0,1710.0,729.0,733.0,731.0
7224.0,1718.0,1669.0,1690.0,723.0,711.0,713.0
7199.0,1663.0,1677.0,1681.0,729.0,725.0,724.0
7328.0,1685.0,1732.0,1722.0,725.0,729.0,735.0
7102.0,1661.0,1658.0,1659.0,707.0,718.0,699.0
7235.0,1687.0,1675.0,1703.0,726.0,725.0,719.0
7050.0,1622.0,1653.0,1650.0,708.0,712.0,705.0
7344.0,1715.0,1714.0,1704.0,736.0,732.0,743.0
7208.0,1675.0,1713.0,1659.0,720.0,710.0,731.0
7289.0,1698.0,1705.0,1707.0,722.0,724.0,733.0
7286.0,1686.0,1704.0,1708.0,735.0,728.0,725.0
7243.0,1707.0,1675.0,1712.0,712.0,724.0,713.0
7050.0,1633.0,1644.0,1657.0,697.0,709.0,710.0
7093.0,1627.0,1670.0,1668.0,705.0,716.0,707.0
7260.0,1685.0,1709.0,1687.0,725.0,731.0,723.0
7208.0,1707.0,1668.0,1670.0,718.0,723.0,722.0
7127.0,1639.0,1673.0,1660.0,714.0,718.0,723.0
7218.0,1693.0,1678.0,1680.0,723.0,724.0,720.0
7202.0,1684.0,1676.0,1676.0,725.0,717.0,724.0
7210.0,1691.0,1669.0,1695.0,712.0,714.0,729.0
7167.0,1639.0,1674.0,1667.0,727.0,724.0,736.0
7239.0,1682.0,1691.0,1674.0,724.0,737.0,731.0
7285.0,1708.0,1706.0,1690.0,730.0,732.0,719.0
7332.0,1722.0,1726.0,1703.0,731.0,735.0,715.0
7182.0,1659.0,1675.0,1686.0,729.0,730.0,703.0
7202.0,1708.0,1660.0,1687.0,717.0,720.0,710.0
7139.0,1676.0,1635.0,1682.0,712.0,713.0,721.0
7233.0,1684.0,1694.0,1677.0,719.0,717.0,742.0
7275.0,1687.0,1723.0,1688.0,719.0,719.0,739.0
7243.0,1716.0,1680.0,1682.0,729.0,716.0,720.0
7389.0,1692.0,1717.0,1746.0,756.0,730.0,748.0
7271.0,1695.0,1697.0,1694.0,728.0,734.0,723.0
7354.0,1728.0,1716.0,1697.0,743.0,742.0,728.0
7294.0,1709.0,1719.0,1689.0,725.0,735.0,717.0
7103.0,1641.0,1672.0,1644.0,723.0,717.0,706.0
7380.0,1730.0,1710.0,1735.0,730.0,737.0,738.0
7220.0,1705.0,1658.0,1703.0,721.0,720.0,713.0
7295.0,1682.0,1716.0,1714.0,737.0,720.0,726.0
7239.0,1686.0,1697.0,1679.0,731.0,719.0,727.0
7473.0,1761.0,1732.0,1735.0,740.0,753.0,752.0
7141.0,1658.0,1661.0,1662.0,718.0,717.0,725.0
7315.0,1716.0,1696.0,1714.0,724.0,727.0,738.0
7187.0,1674.0,1667.0,1692.0,716.0,726.0,712.0
7338.0,1717.0,1710.0,1712.0,725.0,746.0,728.0
7356.0,1721.0,1726.0,1709.0,732.0,736.0,732.0
7219.0,1669.0,1678.0,1695.0,732.0,722.0,723.0
7251.0,1713.0,1698.0,1678.0,728.0,715.0,719.0
7328.0,1707.0,1717.0,1714.0,733.0,723.0,734.0
7327.0,1691.0,1727.0,1710.0,729.0,732.0,738.0
7310.0,1708.0,1685.0,1726.0,730.0,721.0,740.0
7246.0,1702.0,1681.0,1690.0,713.0,728.0,732.0
7203.0,1685.0,1691.0,1658.0,713.0,733.0,723.0
7348.0,1716.0,1738.0,1698.0,731.0,730.0,735.0
7279.0,1718.0,1695.0,1679.0,737.0,729.0,721.0
7206.0,1693.0,1697.0,1666.0,722.0,717.0,711.0
7360.0,1720.0,1718.0,1719.0,741.0,730.0,732.0
7422.0,1706.0,1755.0,1743.0,739.0,738.0,741.0
7462.0,1752.0,1750.0,1755.0,739.0,737.0,729.0
7405.0,1764.0,1728.0,1688.0,732.0,737.0,756.0
7401.0,1711.0,1731.0,1719.0,746.0,745.0,749.0
7421.0,1752.0,1707.0,1736.0,744.0,739.0,743.0
7374.0,1698.0,1732.0,1713.0,738.0,747.0,746.0
7332.0,1680.0,1717.0,1728.0,741.0,735.0,731.0
7370.0,1723.0,1737.0,1695.0,747.0,728.0,740.0
7297.0,1709.0,1686.0,1696.0,737.0,742.0,727.0
7238.0,1685.0,1692.0,1682.0,732.0,722.0,725.0
7348.0,1709.0,1735.0,1715.0,737.0,727.0,725.0
7325.0,1717.0,1707.0,1715.0,744.0,724.0,718.0
7298.0,1708.0,1675.0,1732.0,720.0,736.0,727.0
7355.0,1696.0,1731.0,1721.0,744.0,729.0,734.0
7327.0,1690.0,1717.0,1704.0,738.0,744.0,734.0
7357.0,1735.0,1703.0,1706.0,736.0,731.0,746.0
7504.0,1752.0,1763.0,1732.0,744.0,751.0,762.0
7309.0,1693.0,1711.0,1720.0,725.0,721.0,739.0
7194.0,1705.0,1670.0,1683.0,719.0,707.0,710.0
7340.0,1702.0,1703.0,1723.0,746.0,735.0,731.0
7292.0,1681.0,1715.0,1706.0,735.0,727.0,728.0
7318.0,1693.0,1733.0,1688.0,742.0,730.0,732.0
7458.0,1755.0,1737.0,1727.0,746.0,752.0,741.0
7290.0,1689.0,1701.0,1718.0,721.0,732.0,729.0
7593.0,1779.0,1770.0,1761.0,759.0,764.0,760.0
7459.0,1745.0,1747.0,1745.0,737.0,734.0,751.0
7369.0,1718.0,1714.0,1735.0,733.0,723.0,746.0
7333.0,1709.0,1698.0,1730.0,741.0,718.0,737.0
7365.0,1739.0,1705.0,1706.0,744.0,738.0,733.0
7355.0,1735.0,1700.0,1711.0,740.0,739.0,730.0
7340.0,1700.0,1706.0,1713.0,733.0,743.0,745.0
7478.0,1730.0,1754.0,1765.0,746.0,743.0,740.0
7361.0,1714.0,1720.0,1730.0,730.0,734.0,733.0
7386.0,1732.0,1710.0,1723.0,739.0,744.0,738.0
7291.0,1695.0,1698.0,1706.0,725.0,733.0,734.0
7314.0,1712.0,1685.0,1706.0,737.0,736.0,738.0
7494.0,1761.0,1744.0,1770.0,743.0,737.0,739.0
7419.0,1712.0,1723.0,1759.0,748.0,739.0,738.0
7306.0,1700.0,1679.0,1727.0,736.0,730.0,734.0
7365.0,1725.0,1735.0,1717.0,727.0,739.0,722.0
7439.0,1726.0,1752.0,1737.0,740.0,749.0,735.0
7370.0,1738.0,1728.0,1703.0,735.0,739.0,727.0
7309.0,1713.0,1707.0,1711.0,729.0,722.0,727.0
7436.0,1737.0,1713.0,1757.0,743.0,742.0,744.0
7371.0,1706.0,1728.0,1721.0,742.0,731.0,743.0
7460.0,1730.0,1748.0,1736.0,747.0,737.0,762.0
7295.0,1729.0,1710.0,1668.0,727.0,719.0,742.0
7413.0,1728.0,1750.0,1726.0,731.0,725.0,753.0
7346.0,1709.0,1710.0,1706.0,740.0,745.0,736.0
7266.0,1681.0,1688.0,1714.0,724.0,734.0,725.0
7448.0,1745.0,1735.0,1744.0,741.0,746.0,737.0
7567.0,1767.0,1773.0,1765.0,760.0,758.0,744.0
7445.0,1737.0,1715.0,1740.0,757.0,745.0,751.0
7328.0,1722.0,1695.0,1722.0,742.0,727.0,720.0
7484.0,1762.0,1733.0,1756.0,748.0,736.0,749.0
7408.0,1707.0,1743.0,1732.0,738.0,746.0,742.0
7565.0,1757.0,1779.0,1776.0,737.0,752.0,764.0
7518.0,1766.0,1744.0,1763.0,743.0,752.0,750.0
7464.0,1724.0,1734.0,1752.0,752.0,747.0,755.0
7410.0,1744.0,1731.0,1707.0,737.0,749.0,742.0
7478.0,1747.0,1769.0,1722.0,750.0,754.0,736.0
7373.0,1709.0,1713.0,1736.0,754.0,732.0,729.0
7391.0,1735.0,1723.0,1728.0,737.0,737.0,731.0
7405.0,1736.0,1728.0,1735.0,732.0,745.0,729.0
7517.0,1765.0,1756.0,1752.0,749.0,747.0,748.0
7552.0,1759.0,1764.0,1761.0,756.0,754.0,758.0
7375.0,1710.0,1728.0,1720.0,738.0,740.0,739.0
7475.0,1751.0,1729.0,1746.0,747.0,750.0,752.0
7382.0,1725.0,1718.0,1733.0,735.0,735.0,736.0
7422.0,1717.0,1748.0,1723.0,736.0,751.0,747.0
7464.0,1754.0,1745.0,1737.0,747.0,738.0,743.0
7511.0,1766.0,1758.0,1744.0,736.0,751.0,756.0
7502.0,1755.0,1748.0,1754.0,743.0,750.0,752.0
7361.0,1721.0,1715.0,1713.0,749.0,734.0,729.0
7432.0,1749.0,1732.0,1722.0,745.0,739.0,745.0
7395.0,1736.0,1725.0,1693.0,749.0,751.0,741.0
7254.0,1689.0,1668.0,1708.0,720.0,740.0,729.0
7478.0,1765.0,1719.0,1738.0,748.0,753.0,755.0
7415.0,1731.0,1721.0,1734.0,733.0,748.0,748.0
7431.0,1709.0,1751.0,1732.0,746.0,749.0,744.0
7568.0,1759.0,1754.0,1779.0,761.0,754.0,761.0
7407.0,1744.0,1722.0,1708.0,750.0,741.0,742.0
7353.0,1712.0,1706.0,1732.0,737.0,727.0,739.0
7303.0,1694.0,1703.0,1712.0,744.0,729.0,721.0
7345.0,1712.0,1713.0,1711.0,732.0,744.0,733.0
7533.0,1764.0,1760.0,1751.0,748.0,764.0,746.0
7580.0,1775.0,1761.0,1766.0,755.0,759.0,764.0
7398.0,1723.0,1719.0,1734.0,733.0,746.0,743.0
7525.0,1743.0,1765.0,1754.0,755.0,751.0,757.0
7376.0,1723.0,1750.0,1695.0,745.0,725.0,738.0
7584.0,1759.0,1796.0,1759.0,764.0,750.0,756.0
7486.0,1753.0,1744.0,1735.0,760.0,746.0,748.0
7550.0,1768.0,1769.0,1751.0,757.0,748.0,757.0
7508.0,1754.0,1739.0,1765.0,756.0,751.0,743.0
7488.0,1748.0,1765.0,1734.0,746.0,755.0,740.0
7384.0,1725.0,1730.0,1721.0,733.0,744.0,731.0
7434.0,1735.0,1726.0,1724.0,747.0,755.0,747.0
7330.0,1705.0,1706.0,1691.0,750.0,743.0,735.0
7522.0,1771.0,1759.0,1739.0,754.0,749.0,750.0
7481.0,1754.0,1754.0,1753.0,745.0,734.0,741.0
7592.0,1764.0,1784.0,1769.0,753.0,758.0,764.0
7586.0,1794.0,1761.0,1757.0,758.0,756.0,760.0
7560.0,1800.0,1759.0,1748.0,747.0,757.0,749.0
7388.0,1727.0,1717.0,1714.0,744.0,743.0,743.0
7490.0,1746.0,1759.0,1727.0,754.0,755.0,749.0
7448.0,1724.0,1739.0,1741.0,743.0,751.0,750.0
7536.0,1772.0,1724.0,1777.0,752.0,757.0,754.0
7599.0,1792.0,1764.0,1772.0,768.0,753.0,750.0
7616.0,1781.0,1782.0,1754.0,773.0,758.0,768.0
7491.0,1750.0,1756.0,1733.0,742.0,746.0,764.0
7547.0,1770.0,1757.0,1758.0,744.0,756.0,762.0
7418.0,1697.0,1718.0,1744.0,756.0,755.0,748.0
7561.0,1748.0,1751.0,1797.0,756.0,750.0,759.0
7637.0,1780.0,1782.0,1795.0,771.0,757.0,752.0
7504.0,1738.0,1755.0,1752.0,759.0,756.0,744.0
7504.0,1761.0,1733.0,1755.0,753.0,755.0,747.0
7409.0,1747.0,1731.0,1704.0,743.0,746.0,738.0
7537.0,1784.0,1765.0,1759.0,742.0,740.0,747.0
7484.0,1735.0,1753.0,1738.0,764.0,744.0,750.0
7606.0,1771.0,1768.0,1793.0,768.0,750.0,756.0
7551.0,1779.0,1735.0,1768.0,754.0,757.0,758.0
7582.0,1789.0,1745.0,1747.0,773.0,766.0,762.0
7629.0,1789.0,1784.0,1749.0,770.0,771.0,766.0
7563.0,1759.0,1771.0,1761.0,750.0,767.0,755.0
7538.0,1754.0,1781.0,1758.0,739.0,760.0,746.0
7525.0,1768.0,1747.0,1770.0,746.0,750.0,744.0
7307.0,1698.0,1691.0,1739.0,730.0,718.0,731.0
7612.0,1808.0,1740.0,1789.0,766.0,750.0,759.0
7635.0,1791.0,1767.0,1771.0,772.0,764.0,770.0
7490.0,1745.0,1742.0,1734.0,762.0,762.0,745.0
7399.0,1717.0,1707.0,1745.0,747.0,738.0,745.0
7529.0,1756.0,1755.0,1752.0,750.0,750.0,766.0
7553.0,1767.0,1763.0,1757.0,753.0,756.0,757.0
7629.0,1782.0,1788.0,1783.0,754.0,761.0,761.0
7574.0,1779.0,1768.0,1765.0,757.0,748.0,757.0
7486.0,1757.0,1764.0,1720.0,748.0,747.0,750.0
7502.0,1738.0,1751.0,1763.0,760.0,750.0,740.0
7614.0,1785.0,1756.0,1790.0,768.0,758.0,757.0
7628.0,1773.0,1781.0,1791.0,772.0,757.0,754.0
7511.0,1737.0,1752.0,1762.0,745.0,753.0,762.0
7657.0,1782.0,1781.0,1780.0,766.0,777.0,771.0
7365.0,1722.0,1716.0,1710.0,737.0,741.0,739.0
7692.0,1791.0,1801.0,1775.0,771.0,774.0,780.0
7713.0,1794.0,1808.0,1777.0,779.0,774.0,781.0
7630.0,1782.0,1769.0,1796.0,766.0,759.0,758.0
7541.0,1747.0,1733.0,1788.0,756.0,761.0,756.0
7559.0,1745.0,1780.0,1759.0,757.0,760.0,758.0
7556.0,1769.0,1763.0,1756.0,754.0,758.0,756.0
7641.0,1799.0,1785.0,1775.0,757.0,764.0,761.0
7735.0,1787.0,1816.0,1807.0,765.0,784.0,776.0
7700.0,1788.0,1803.0,1797.0,771.0,770.0,771.0
7725.0,1790.0,1783.0,1816.0,775.0,778.0,783.0
7711.0,1801.0,1797.0,1798.0,769.0,772.0,774.0
7586.0,1752.0,1817.0,1738.0,759.0,757.0,763.0
7503.0,1739.0,1776.0,1746.0,743.0,744.0,755.0
7632.0,1804.0,1773.0,1778.0,758.0,757.0,762.0
7723.0,1798.0,1802.0,1805.0,782.0,768.0,768.0
7862.0,1819.0,1828.0,1854.0,783.0,794.0,784.0
7507.0,1761.0,1753.0,1743.0,758.0,753.0,739.0
7605.0,1765.0,1790.0,1760.0,765.0,774.0,751.0
7603.0,1767.0,1759.0,1765.0,767.0,777.0,768.0
7609.0,1791.0,1752.0,1783.0,761.0,759.0,763.0
7682.0,1805.0,1786.0,1792.0,763.0,764.0,772.0
7644.0,1768.0,1803.0,1785.0,751.0,770.0,767.0
7567.0,1762.0,1778.0,1765.0,755.0,750.0,757.0
7557.0,1786.0,1746.0,1756.0,755.0,755.0,759.0
7578.0,1766.0,1765.0,1762.0,773.0,766.0,746.0
7634.0,1772.0,1794.0,1778.0,765.0,767.0,758.0
7577.0,1766.0,1775.0,1760.0,760.0,761.0,755.0
7611.0,1795.0,1768.0,1791.0,744.0,758.0,755.0
7708.0,1780.0,1775.0,1829.0,768.0,779.0,777.0
7691.0,1809.0,1779.0,1788.0,763.0,774.0,778.0
7530.0,1774.0,1752.0,1755.0,753.0,743.0,753.0
7579.0,1796.0,1781.0,1734.0,753.0,753.0,762.0
7629.0,1765.0,1782.0,1782.0,774.0,765.0,761.0
7661.0,1784.0,1791.0,1780.0,773.0,764.0,769.0
7583.0,1774.0,1741.0,1787.0,760.0,758.0,763.0
7615.0,1769.0,1791.0,1765.0,765.0,766.0,759.0
7777.0,1795.0,1825.0,1821.0,779.0,791.0,766.0
7556.0,1767.0,1739.0,1767.0,763.0,769.0,751.0
7338.0,1722.0,1705.0,1695.0,742.0,735.0,739.0
7554.0,1750.0,1769.0,1773.0,752.0,748.0,762.0
7670.0,1784.0,1796.0,1791.0,771.0,764.0,764.0
7742.0,1830.0,1788.0,1807.0,778.0,766.0,773.0
7677.0,1806.0,1783.0,1780.0,772.0,768.0,768.0
7714.0,1800.0,1799.0,1786.0,772.0,784.0,773.0
7618.0,1794.0,1766.0,1766.0,763.0,768.0,761.0
7648.0,1786.0,1791.0,1776.0,765.0,770.0,760.0
7610.0,1762.0,1777.0,1804.0,762.0,755.0,750.0
7763.0,1815.0,1817.0,1794.0,780.0,779.0,778.0
7641.0,1787.0,1768.0,1808.0,761.0,758.0,759.0
7768.0,1834.0,1803.0,1794.0,789.0,771.0,777.0
7702.0,1800.0,1795.0,1786.0,770.0,771.0,780.0
7728.0,1791.0,1809.0,1810.0,767.0,769.0,782.0
7632.0,1764.0,1771.0,1792.0,766.0,773.0,766.0
7670.0,1781.0,1762.0,1831.0,762.0,770.0,764.0
7688.0,1804.0,1767.0,1804.0,775.0,767.0,771.0
7772.0,1820.0,1810.0,1795.0,791.0,779.0,777.0
7671.0,1774.0,1812.0,1782.0,780.0,763.0,760.0
7814.0,1833.0,1817.0,1827.0,784.0,777.0,776.0
7735.0,1813.0,1803.0,1827.0,779.0,758.0,755.0
7570.0,1763.0,1757.0,1806.0,750.0,749.0,745.0
7787.0,1832.0,1814.0,1826.0,766.0,777.0,772.0
7864.0,1838.0,1836.0,1811.0,790.0,793.0,796.0
7687.0,1803.0,1761.0,1787.0,786.0,789.0,761.0
7707.0,1796.0,1803.0,1788.0,770.0,778.0,772.0
7660.0,1765.0,1809.0,1782.0,778.0,758.0,768.0
7694.0,1787.0,1803.0,1820.0,759.0,762.0,763.0
7684.0,1810.0,1781.0,1796.0,774.0,760.0,763.0
7649.0,1773.0,1792.0,1794.0,767.0,762.0,761.0
7520.0,1768.0,1745.0,1760.0,751.0,749.0,747.0
7778.0,1812.0,1825.0,1806.0,787.0,779.0,769.0
7852.0,1826.0,1829.0,1824.0,795.0,794.0,784.0
7628.0,1744.0,1794.0,1787.0,776.0,762.0,765.0
7705.0,1791.0,1773.0,1816.0,771.0,768.0,786.0
7844.0,1863.0,1792.0,1828.0,782.0,788.0,791.0
7723.0,1794.0,1814.0,1795.0,769.0,768.0,783.0
7801.0,1829.0,1849.0,1801.0,777.0,776.0,769.0
7610.0,1793.0,1773.0,1762.0,761.0,757.0,764.0
7743.0,1789.0,1811.0,1813.0,768.0,788.0,774.0
7649.0,1767.0,1792.0,1798.0,770.0,766.0,756.0
7750.0,1808.0,1820.0,1810.0,778.0,764.0,770.0
7762.0,1828.0,1826.0,1790.0,771.0,777.0,770.0
7731.0,1792.0,1816.0,1796.0,774.0,776.0,777.0
7697.0,1810.0,1796.0,1767.0,769.0,779.0,776.0
7807.0,1851.0,1808.0,1822.0,771.0,768.0,787.0
7785.0,1801.0,1813.0,1845.0,763.0,769.0,794.0
7683.0,1761.0,1794.0,1829.0,776.0,761.0,762.0
7840.0,1856.0,1820.0,1822.0,789.0,779.0,774.0
7718.0,1795.0,1803.0,1791.0,781.0,776.0,772.0
7664.0,1774.0,1792.0,1783.0,775.0,774.0,766.0
7882.0,1854.0,1830.0,1844.0,777.0,794.0,783.0
7863.0,1839.0,1847.0,1838.0,771.0,783.0,785.0
7846.0,1817.0,1821.0,1851.0,787.0,791.0,779.0
7789.0,1804.0,1823.0,1832.0,774.0,772.0,784.0
7824.0,1848.0,1814.0,1818.0,772.0,782.0,790.0
7804.0,1812.0,1822.0,1811.0,785.0,783.0,791.0
7631.0,1781.0,1789.0,1760.0,773.0,762.0,766.0
7797.0,1840.0,1804.0,1836.0,776.0,774.0,767.0
7904.0,1854.0,1830.0,1859.0,790.0,784.0,787.0
7711.0,1778.0,1797.0,1815.0,773.0,777.0,771.0
7761.0,1801.0,1842.0,1794.0,768.0,785.0,771.0
7797.0,1830.0,1833.0,1806.0,776.0,784.0,768.0
7703.0,1804.0,1799.0,1789.0,778.0,766.0,767.0
7749.0,1808.0,1796.0,1802.0,784.0,772.0,787.0
7751.0,1809.0,1823.0,1802.0,764.0,769.0,784.0
7805.0,1835.0,1849.0,1808.0,771.0,765.0,777.0
7867.0,1840.0,1843.0,1831.0,788.0,781.0,784.0
7771.0,1808.0,1809.0,1820.0,780.0,774.0,780.0
7663.0,1772.0,1797.0,1798.0,764.0,763.0,769.0
7837.0,1841.0,1811.0,1824.0,797.0,787.0,777.0
7741.0,1789.0,1822.0,1824.0,771.0,766.0,769.0
7730.0,1802.0,1813.0,1799.0,779.0,762.0,775.0
7857.0,1855.0,1813.0,1826.0,794.0,782.0,787.0
7768.0,1834.0,1793.0,1811.0,774.0,773.0,783.0
7918.0,1861.0,1862.0,1829.0,791.0,786.0,789.0
7735.0,1797.0,1816.0,1802.0,773.0,768.0,779.0
7793.0,1814.0,1828.0,1818.0,774.0,780.0,779.0
7716.0,1790.0,1778.0,1808.0,782.0,779.0,779.0
7829.0,1820.0,1830.0,1819.0,788.0,791.0,781.0
7960.0,1864.0,1875.0,1838.0,790.0,793.0,800.0
7812.0,1808.0,1838.0,1812.0,787.0,787.0,780.0
7709.0,1804.0,1793.0,1801.0,763.0,779.0,769.0
7968.0,1852.0,1872.0,1889.0,784.0,783.0,788.0
7804.0,1815.0,1825.0,1826.0,771.0,782.0,785.0
7784.0,1791.0,1830.0,1824.0,775.0,778.0,786.0
7809.0,1815.0,1847.0,1798.0,786.0,787.0,776.0
7873.0,1849.0,1826.0,1827.0,785.0,793.0,793.0
7835.0,1804.0,1816.0,1839.0,785.0,796.0,795.0
7866.0,1838.0,1843.0,1816.0,791.0,799.0,779.0
7765.0,1801.0,1808.0,1840.0,765.0,775.0,776.0
7887.0,1866.0,1850.0,1834.0,787.0,769.0,781.0
7881.0,1822.0,1844.0,1834.0,793.0,800.0,788.0
7736.0,1833.0,1783.0,1787.0,783.0,770.0,780.0
7761.0,1831.0,1817.0,1789.0,780.0,774.0,770.0
7880.0,1823.0,1855.0,1826.0,801.0,788.0,787.0
7789.0,1794.0,1823.0,1822.0,781.0,789.0,780.0
7914.0,1843.0,1863.0,1851.0,772.0,795.0,790.0
7831.0,1838.0,1825.0,1843.0,767.0,775.0,783.0
7760.0,1812.0,1802.0,1809.0,777.0,779.0,781.0
7750.0,1821.0,1819.0,1800.0,777.0,762.0,771.0
8034.0,1894.0,1879.0,1859.0,805.0,801.0,796.0
7902.0,1848.0,1847.0,1842.0,792.0,787.0,786.0
7776.0,1817.0,1805.0,1827.0,785.0,769.0,773.0
7861.0,1852.0,1832.0,1827.0,779.0,783.0,788.0
7749.0,1820.0,1821.0,1783.0,772.0,777.0,776.0
7893.0,1850.0,1821.0,1851.0,787.0,797.0,787.0
7929.0,1854.0,1840.0,1846.0,796.0,795.0,798.0
7922.0,1866.0,1834.0,1853.0,793.0,793.0,783.0
7864.0,1842.0,1822.0,1849.0,793.0,774.0,784.0
7929.0,1846.0,1866.0,1837.0,801.0,788.0,791.0
7862.0,1832.0,1854.0,1829.0,778.0,779.0,790.0
7766.0,1827.0,1803.0,1791.0,780.0,777.0,788.0
7786.0,1825.0,1801.0,1807.0,785.0,781.0,787.0
7945.0,1866.0,1832.0,1870.0,790.0,800.0,787.0
8035.0,1884.0,1873.0,1872.0,799.0,809.0,798.0
7957.0,1839.0,1874.0,1861.0,792.0,801.0,790.0
7885.0,1830.0,1847.0,1836.0,801.0,784.0,787.0
7751.0,1817.0,1780.0,1817.0,782.0,774.0,781.0
7972.0,1866.0,1861.0,1839.0,804.0,790.0,812.0
7744.0,1807.0,1819.0,1804.0,781.0,761.0,772.0
7799.0,1806.0,1831.0,1833.0,775.0,784.0,770.0
7911.0,1873.0,1827.0,1858.0,781.0,779.0,793.0
7810.0,1816.0,1821.0,1835.0,778.0,788.0,772.0
7858.0,1834.0,1829.0,1830.0,786.0,796.0,783.0
7780.0,1819.0,1808.0,1812.0,788.0,776.0,777.0
7768.0,1812.0,1804.0,1822.0,778.0,780.0,772.0
7952.0,1842.0,1853.0,1873.0,796.0,789.0,799.0
7936.0,1864.0,1846.0,1869.0,784.0,788.0,785.0
7930.0,1838.0,1846.0,1871.0,787.0,785.0,803.0
7886.0,1839.0,1846.0,1833.0,791.0,785.0,792.0
7977.0,1849.0,1875.0,1857.0,805.0,795.0,796.0
7856.0,1840.0,1816.0,1864.0,789.0,771.0,776.0
7899.0,1862.0,1814.0,1850.0,800.0,798.0,775.0
8048.0,1851.0,1893.0,1906.0,800.0,808.0,790.0
7939.0,1837.0,1853.0,1863.0,791.0,801.0,794.0
7920.0,1846.0,1829.0,1864.0,793.0,796.0,792.0
7789.0,1802.0,1826.0,1811.0,781.0,785.0,784.0
7925.0,1845.0,1870.0,1841.0,790.0,792.0,787.0
7898.0,1843.0,1848.0,1836.0,796.0,781.0,794.0
8015.0,1872.0,1875.0,1865.0,801.0,794.0,808.0
7955.0,1848.0,1859.0,1853.0,808.0,789.0,798.0
7854.0,1813.0,1835.0,1852.0,779.0,787.0,788.0
7941.0,1882.0,1821.0,1848.0,796.0,798.0,796.0
7888.0,1857.0,1852.0,1815.0,797.0,793.0,774.0
8004.0,1855.0,1885.0,1868.0,790.0,815.0,791.0
8044.0,1889.0,1867.0,1887.0,802.0,799.0,800.0
8090.0,1901.0,1871.0,1904.0,807.0,797.0,810.0
7910.0,1838.0,1842.0,1852.0,792.0,791.0,795.0
7878.0,1821.0,1845.0,1833.0,791.0,786.0,802.0
7912.0,1860.0,1860.0,1825.0,789.0,793.0,785.0
7864.0,1835.0,1843.0,1828.0,777.0,791.0,790.0
7939.0,1842.0,1844.0,1864.0,790.0,801.0,798.0
7936.0,1870.0,1846.0,1859.0,789.0,790.0,782.0
7884.0,1841.0,1850.0,1844.0,776.0,785.0,788.0
7906.0,1819.0,1876.0,1839.0,796.0,791.0,785.0
7992.0,1866.0,1865.0,1875.0,801.0,792.0,793.0
8024.0,1882.0,1859.0,1864.0,811.0,807.0,801.0
7967.0,1848.0,1865.0,1863.0,793.0,795.0,803.0
8001.0,1854.0,1869.0,1876.0,799.0,807.0,796.0
8027.0,1872.0,1871.0,1878.0,801.0,802.0,803.0
8002.0,1858.0,1880.0,1868.0,785.0,800.0,811.0
7871.0,1825.0,1842.0,1826.0,783.0,793.0,802.0
8041.0,1894.0,1890.0,1845.0,805.0,805.0,802.0
8122.0,1899.0,1923.0,1891.0,807.0,802.0,800.0
8106.0,1890.0,1897.0,1881.0,814.0,815.0,809.0
7950.0,1829.0,1854.0,1890.0,795.0,786.0,796.0
7914.0,1844.0,1854.0,1839.0,785.0,797.0,795.0
7877.0,1825.0,1849.0,1855.0,786.0,782.0,780.0
7870.0,1827.0,1858.0,1824.0,775.0,804.0,782.0
8017.0,1868.0,1855.0,1862.0,805.0,810.0,817.0
8101.0,1909.0,1865.0,1898.0,799.0,816.0,814.0
7997.0,1866.0,1857.0,1867.0,796.0,807.0,804.0
8048.0,1863.0,1885.0,1874.0,812.0,796.0,818.0
7922.0,1849.0,1858.0,1845.0,796.0,788.0,786.0
8055.0,1885.0,1893.0,1874.0,803.0,800.0,800.0
7899.0,1839.0,1829.0,1851.0,787.0,804.0,789.0
7979.0,1864.0,1882.0,1855.0,791.0,795.0,792.0
7957.0,1860.0,1860.0,1861.0,795.0,788.0,793.0
7964.0,1853.0,1849.0,1868.0,797.0,802.0,795.0
8055.0,1869.0,1874.0,1889.0,810.0,810.0,803.0
7819.0,1843.0,1828.0,1778.0,791.0,788.0,791.0
8030.0,1891.0,1879.0,1845.0,808.0,798.0,809.0
7863.0,1829.0,1852.0,1820.0,780.0,784.0,798.0
8028.0,1879.0,1888.0,1868.0,800.0,796.0,797.0
8134.0,1909.0,1868.0,1908.0,816.0,816.0,817.0
8055.0,1864.0,1869.0,1897.0,802.0,815.0,808.0
8087.0,1878.0,1888.0,1886.0,813.0,818.0,804.0
8086.0,1892.0,1905.0,1870.0,810.0,816.0,793.0
7949.0,1863.0,1861.0,1830.0,803.0,796.0,796.0
7984.0,1860.0,1852.0,1882.0,792.0,798.0,800.0
8012.0,1878.0,1847.0,1888.0,791.0,802.0,806.0
8178.0,1901.0,1915.0,1931.0,810.0,811.0,810.0
8046.0,1873.0,1886.0,1866.0,803.0,803.0,815.0
8038.0,1858.0,1880.0,1867.0,824.0,807.0,802.0
7929.0,1871.0,1828.0,1836.0,801.0,797.0,796.0
8112.0,1904.0,1866.0,1894.0,822.0,815.0,811.0
8057.0,1893.0,1875.0,1885.0,799.0,807.0,798.0
8165.0,1920.0,1899.0,1918.0,806.0,815.0,807.0
8100.0,1892.0,1902.0,1878.0,815.0,813.0,800.0
7970.0,1853.0,1857.0,1852.0,808.0,796.0,804.0
7932.0,1840.0,1858.0,1851.0,792.0,787.0,804.0
8005.0,1865.0,1867.0,1872.0,804.0,791.0,806.0
7930.0,1841.0,1850.0,1845.0,799.0,793.0,802.0
7967.0,1827.0,1869.0,1858.0,801.0,802.0,810.0
8117.0,1898.0,1901.0,1900.0,807.0,807.0,804.0
8040.0,1874.0,1870.0,1880.0,794.0,812.0,810.0
8057.0,1882.0,1867.0,1881.0,805.0,821.0,801.0
8184.0,1894.0,1927.0,1893.0,817.0,829.0,824.0
8150.0,1901.0,1894.0,1922.0,819.0,808.0,806.0
7935.0,1861.0,1843.0,1861.0,796.0,786.0,788.0
7974.0,1867.0,1838.0,1856.0,808.0,797.0,808.0
8091.0,1889.0,1889.0,1899.0,805.0,802.0,807.0
7997.0,1861.0,1889.0,1839.0,804.0,796.0,808.0
7975.0,1846.0,1861.0,1861.0,790.0,804.0,813.0
8153.0,1901.0,1890.0,1897.0,818.0,827.0,820.0
8146.0,1896.0,1875.0,1936.0,808.0,814.0,817.0
7963.0,1846.0,1858.0,1875.0,792.0,804.0,788.0
8068.0,1875.0,1881.0,1889.0,817.0,807.0,799.0
8133.0,1926.0,1890.0,1887.0,809.0,810.0,811.0
8085.0,1900.0,1870.0,1882.0,809.0,807.0,817.0
8272.0,1926.0,1944.0,1940.0,824.0,810.0,828.0
8048.0,1861.0,1892.0,1880.0,802.0,809.0,804.0
8065.0,1867.0,1885.0,1902.0,795.0,810.0,806.0
8085.0,1881.0,1887.0,1892.0,805.0,801.0,819.0
8154.0,1882.0,1919.0,1902.0,814.0,827.0,810.0
8274.0,1928.0,1928.0,1914.0,845.0,826.0,833.0
8114.0,1907.0,1917.0,1862.0,809.0,805.0,814.0
8178.0,1901.0,1914.0,1921.0,814.0,817.0,811.0
8075.0,1857.0,1880.0,1920.0,805.0,800.0,813.0
8109.0,1900.0,1866.0,1929.0,801.0,807.0,806.0
8132.0,1907.0,1890.0,1887.0,820.0,819.0,809.0
8094.0,1863.0,1911.0,1875.0,819.0,817.0,809.0
8085.0,1872.0,1892.0,1880.0,819.0,814.0,808.0
8213.0,1906.0,1914.0,1927.0,821.0,831.0,814.0
8065.0,1878.0,1877.0,1879.0,807.0,808.0,816.0
8169.0,1881.0,1913.0,1917.0,811.0,814.0,833.0
8123.0,1911.0,1892.0,1898.0,800.0,820.0,802.0
8159.0,1909.0,1909.0,1889.0,823.0,810.0,819.0
8039.0,1881.0,1884.0,1856.0,805.0,804.0,809.0
8185.0,1911.0,1892.0,1932.0,828.0,825.0,797.0
8271.0,1934.0,1925.0,1934.0,826.0,825.0,827.0
8348.0,1945.0,1940.0,1982.0,827.0,819.0,835.0
8149.0,1906.0,1925.0,1872.0,816.0,817.0,813.0
8063.0,1893.0,1883.0,1874.0,794.0,809.0,810.0
8094.0,1889.0,1882.0,1881.0,816.0,812.0,814.0
8110.0,1895.0,1902.0,1882.0,800.0,809.0,822.0
8047.0,1878.0,1882.0,1894.0,800.0,792.0,801.0
8078.0,1883.0,1883.0,1904.0,807.0,804.0,797.0
8188.0,1907.0,1881.0,1953.0,812.0,817.0,818.0
8129.0,1881.0,1889.0,1902.0,821.0,828.0,808.0
8107.0,1895.0,1896.0,1898.0,805.0,816.0,797.0
8097.0,1900.0,1904.0,1885.0,804.0,809.0,795.0
8005.0,1851.0,1862.0,1883.0,793.0,811.0,805.0
8174.0,1899.0,1911.0,1910.0,821.0,823.0,810.0
8212.0,1929.0,1906.0,1914.0,826.0,822.0,815.0
8083.0,1898.0,1897.0,1875.0,806.0,797.0,810.0
8155.0,1904.0,1915.0,1886.0,818.0,814.0,818.0
8130.0,1884.0,1923.0,1884.0,817.0,805.0,817.0
8157.0,1910.0,1889.0,1915.0,806.0,818.0,819.0
8265.0,1914.0,1936.0,1948.0,822.0,829.0,816.0
8188.0,1916.0,1903.0,1926.0,812.0,821.0,810.0
8206.0,1921.0,1935.0,1903.0,816.0,813.0,818.0
8269.0,1944.0,1936.0,1914.0,824.0,829.0,822.0
8158.0,1897.0,1902.0,1900.0,822.0,812.0,825.0
8158.0,1882.0,1899.0,1921.0,830.0,817.0,809.0
8132.0,1891.0,1906.0,1891.0,821.0,803.0,820.0
8168.0,1894.0,1921.0,1900.0,819.0,805.0,829.0
8212.0,1915.0,1921.0,1914.0,818.0,820.0,824.0
8220.0,1926.0,1907.0,1922.0,820.0,832.0,813.0
8427.0,1971.0,1972.0,1950.0,849.0,845.0,840.0
8180.0,1925.0,1908.0,1897.0,818.0,825.0,807.0
8246.0,1915.0,1925.0,1944.0,825.0,818.0,819.0
8118.0,1897.0,1893.0,1902.0,804.0,809.0,813.0
8240.0,1898.0,1918.0,1941.0,827.0,824.0,832.0
8078.0,1883.0,1874.0,1898.0,810.0,800.0,813.0
8057.0,1901.0,1875.0,1869.0,810.0,795.0,807.0
8143.0,1898.0,1903.0,1884.0,819.0,819.0,820.0
8319.0,1921.0,1953.0,1947.0,839.0,828.0,831.0
8102.0,1892.0,1874.0,1901.0,812.0,812.0,811.0
8212.0,1916.0,1910.0,1909.0,831.0,830.0,816.0
8154.0,1906.0,1889.0,1897.0,824.0,825.0,813.0
8205.0,1929.0,1935.0,1892.0,822.0,814.0,813.0
8330.0,1973.0,1935.0,1924.0,832.0,837.0,829.0
8291.0,1942.0,1942.0,1937.0,823.0,828.0,819.0
8146.0,1899.0,1890.0,1918.0,816.0,802.0,821.0
8210.0,1900.0,1923.0,1930.0,818.0,818.0,821.0
8284.0,1936.0,1936.0,1919.0,830.0,827.0,836.0
8046.0,1885.0,1866.0,1866.0,814.0,805.0,810.0
8229.0,1924.0,1921.0,1903.0,828.0,827.0,826.0
8166.0,1928.0,1910.0,1890.0,809.0,819.0,810.0
8299.0,1933.0,1942.0,1928.0,831.0,836.0,829.0
8347.0,1935.0,1955.0,1960.0,827.0,839.0,831.0
8179.0,1907.0,1890.0,1934.0,820.0,816.0,812.0
8155.0,1896.0,1885.0,1917.0,821.0,822.0,814.0
8215.0,1896.0,1919.0,1913.0,828.0,827.0,832.0
8308.0,1916.0,1972.0,1930.0,828.0,838.0,824.0
8227.0,1941.0,1898.0,1917.0,817.0,829.0,825.0
8309.0,1970.0,1916.0,1929.0,827.0,833.0,834.0
8281.0,1930.0,1906.0,1950.0,839.0,835.0,821.0
8259.0,1933.0,1904.0,1946.0,832.0,826.0,818.0
8283.0,1940.0,1952.0,1915.0,827.0,818.0,831.0
8241.0,1933.0,1925.0,1907.0,832.0,827.0,817.0
8199.0,1922.0,1901.0,1903.0,834.0,818.0,821.0
8341.0,1965.0,1929.0,1949.0,842.0,828.0,828.0
8374.0,1940.0,1953.0,1945.0,842.0,849.0,845.0
8326.0,1928.0,1956.0,1948.0,828.0,831.0,835.0
8322.0,1936.0,1974.0,1916.0,823.0,836.0,837.0
8166.0,1919.0,1890.0,1893.0,822.0,817.0,825.0
8286.0,1917.0,1926.0,1937.0,831.0,841.0,834.0
8335.0,1929.0,1936.0,1971.0,848.0,823.0,828.0
8390.0,1937.0,1972.0,1991.0,839.0,826.0,825.0
8256.0,1928.0,1928.0,1923.0,823.0,821.0,833.0
8060.0,1908.0,1871.0,1879.0,801.0,803.0,798.0
8365.0,1956.0,1947.0,1944.0,835.0,846.0,837.0
8231.0,1923.0,1926.0,1913.0,821.0,829.0,819.0
8357.0,1925.0,1966.0,1948.0,839.0,849.0,830.0
8297.0,1939.0,1949.0,1928.0,825.0,830.0,826.0
8528.0,2005.0,1966.0,1997.0,856.0,853.0,851.0
8309.0,1940.0,1932.0,1937.0,845.0,828.0,827.0
8086.0,1886.0,1898.0,1878.0,807.0,805.0,812.0
8259.0,1923.0,1945.0,1916.0,823.0,821.0,831.0
8305.0,1939.0,1956.0,1942.0,819.0,819.0,830.0
8225.0,1907.0,1910.0,1930.0,824.0,832.0,822.0
8233.0,1904.0,1910.0,1924.0,827.0,831.0,837.0
8311.0,1932.0,1957.0,1938.0,831.0,826.0,827.0
8383.0,1943.0,1971.0,1933.0,854.0,843.0,839.0
8250.0,1922.0,1904.0,1933.0,832.0,827.0,832.0
8360.0,1952.0,1936.0,1949.0,846.0,834.0,843.0
8272.0,1945.0,1918.0,1950.0,825.0,816.0,818.0
8315.0,1902.0,1952.0,1971.0,825.0,836.0,829.0
8373.0,1941.0,1979.0,1948.0,834.0,839.0,832.0
8438.0,1973.0,1982.0,1946.0,855.0,835.0,847.0
8496.0,1979.0,1980.0,1970.0,861.0,858.0,848.0
8196.0,1902.0,1905.0,1916.0,831.0,828.0,814.0
8384.0,1962.0,1951.0,1954.0,841.0,843.0,833.0
8273.0,1940.0,1937.0,1925.0,821.0,818.0,832.0
8380.0,1951.0,1961.0,1966.0,838.0,828.0,836.0
8313.0,1939.0,1930.0,1942.0,841.0,825.0,836.0
8218.0,1945.0,1915.0,1887.0,831.0,814.0,826.0
8273.0,1923.0,1937.0,1918.0,830.0,834.0,831.0
8346.0,1936.0,1962.0,1936.0,841.0,838.0,833.0
8411.0,1960.0,1942.0,1981.0,841.0,846.0,841.0
8256.0,1929.0,1917.0,1932.0,821.0,832.0,825.0
8309.0,1921.0,1938.0,1955.0,829.0,840.0,826.0
8314.0,1953.0,1940.0,1942.0,823.0,828.0,828.0
8440.0,1989.0,1981.0,1957.0,843.0,834.0,836.0
8386.0,1952.0,1963.0,1956.0,840.0,828.0,847.0
8400.0,1936.0,1955.0,1983.0,849.0,832.0,845.0
8337.0,1946.0,1946.0,1944.0,835.0,825.0,841.0
8347.0,1948.0,1945.0,1964.0,833.0,818.0,839.0
8250.0,1896.0,1920.0,1945.0,825.0,831.0,833.0
8298.0,1935.0,1935.0,1943.0,821.0,839.0,825.0
8468.0,1988.0,1959.0,1969.0,843.0,854.0,855.0
8353.0,1938.0,1957.0,1949.0,838.0,839.0,832.0
8465.0,1962.0,1975.0,2003.0,848.0,843.0,834.0
8361.0,1951.0,1955.0,1949.0,836.0,834.0,836.0
8398.0,1954.0,1949.0,1964.0,854.0,830.0,847.0
8482.0,1986.0,1967.0,1971.0,853.0,846.0,859.0
8468.0,1948.0,1989.0,1975.0,845.0,852.0,859.0
8499.0,1995.0,1984.0,1981.0,836.0,848.0,855.0
8437.0,1967.0,1966.0,1976.0,835.0,846.0,847.0
8407.0,1930.0,1964.0,1987.0,836.0,842.0,848.0
8421.0,1971.0,1958.0,1968.0,846.0,848.0,830.0
8219.0,1927.0,1920.0,1900.0,826.0,827.0,819.0
8358.0,1948.0,1952.0,1958.0,840.0,825.0,835.0
8368.0,1945.0,1963.0,1951.0,838.0,841.0,830.0
8482.0,1985.0,1972.0,1983.0,853.0,850.0,839.0
8376.0,1958.0,1940.0,1963.0,836.0,843.0,836.0
8391.0,1934.0,1978.0,1964.0,830.0,834.0,851.0
8377.0,1968.0,1950.0,1950.0,834.0,847.0,828.0
8530.0,2000.0,1990.0,1975.0,850.0,858.0,857.0
8383.0,1941.0,1922.0,1964.0,861.0,845.0,850.0
8472.0,1978.0,1970.0,1986.0,842.0,855.0,841.0
8357.0,1952.0,1953.0,1971.0,831.0,826.0,824.0
8503.0,1967.0,1985.0,2015.0,837.0,855.0,844.0
8447.0,1977.0,1975.0,1965.0,831.0,853.0,846.0
8341.0,1961.0,1935.0,1923.0,838.0,844.0,840.0
8331.0,1951.0,1932.0,1936.0,834.0,835.0,843.0
8348.0,1925.0,1960.0,1963.0,832.0,841.0,827.0
8453.0,1951.0,2000.0,1967.0,846.0,841.0,848.0
8424.0,1984.0,1955.0,1956.0,843.0,836.0,850.0
8338.0,1955.0,1949.0,1937.0,834.0,820.0,843.0
8456.0,1978.0,1962.0,1977.0,842.0,844.0,853.0
8263.0,1957.0,1917.0,1929.0,820.0,816.0,824.0
8472.0,1983.0,1977.0,1989.0,842.0,846.0,835.0
8435.0,1949.0,1969.0,1976.0,848.0,853.0,840.0
8389.0,1969.0,1937.0,1953.0,848.0,838.0,844.0
8369.0,1961.0,1949.0,1945.0,834.0,854.0,826.0
8536.0,1988.0,2006.0,1978.0,855.0,862.0,847.0
8299.0,1933.0,1946.0,1923.0,830.0,830.0,837.0
8411.0,1970.0,1972.0,1971.0,828.0,834.0,836.0
8504.0,1996.0,1969.0,1993.0,842.0,850.0,854.0
8207.0,1921.0,1910.0,1918.0,821.0,810.0,827.0
8555.0,1991.0,2007.0,1997.0,850.0,851.0,859.0
8478.0,1984.0,1988.0,1957.0,848.0,851.0,850.0
8336.0,1931.0,1935.0,1953.0,837.0,839.0,841.0
8282.0,1907.0,1927.0,1953.0,833.0,835.0,827.0
8470.0,1982.0,1966.0,2007.0,837.0,847.0,831.0
8630.0,2012.0,2016.0,2033.0,848.0,865.0,856.0
8414.0,1928.0,1965.0,1974.0,845.0,851.0,851.0
8465.0,1975.0,1977.0,1983.0,844.0,838.0,848.0
8464.0,1997.0,1981.0,1942.0,853.0,832.0,859.0
8505.0,1987.0,1964.0,1979.0,859.0,853.0,863.0
8618.0,1997.0,2033.0,2004.0,867.0,858.0,859.0
8461.0,1966.0,2000.0,1970.0,843.0,838.0,844.0
8490.0,1985.0,1974.0,1994.0,842.0,852.0,843.0
8479.0,1961.0,1978.0,1997.0,850.0,851.0,842.0
8589.0,2004.0,2002.0,1996.0,872.0,858.0,857.0
8619.0,2036.0,2016.0,1998.0,864.0,852.0,853.0
8544.0,1981.0,2017.0,1983.0,863.0,854.0,846.0
8432.0,1967.0,1955.0,1973.0,851.0,836.0,850.0
8598.0,2004.0,1985.0,2035.0,865.0,844.0,865.0
8645.0,2015.0,2020.0,2019.0,858.0,857.0,876.0
8379.0,1963.0,1970.0,1928.0,833.0,850.0,835.0
8368.0,1954.0,1959.0,1947.0,822.0,844.0,842.0
8548.0,2014.0,1979.0,1985.0,865.0,859.0,846.0
8439.0,1964.0,1952.0,1979.0,854.0,853.0,837.0
8442.0,1934.0,1997.0,1968.0,846.0,851.0,846.0
8468.0,1986.0,1990.0,1976.0,850.0,828.0,838.0
8541.0,2002.0,2001.0,1989.0,850.0,848.0,851.0
8325.0,1960.0,1943.0,1917.0,829.0,840.0,836.0
8423.0,1963.0,1967.0,1970.0,840.0,835.0,848.0
8670.0,2028.0,2033.0,2006.0,867.0,869.0,867.0
8611.0,2007.0,2011.0,2033.0,851.0,859.0,850.0
8669.0,2026.0,1995.0,2041.0,872.0,869.0,866.0
8415.0,1976.0,1953.0,1965.0,854.0,836.0,831.0
8464.0,1994.0,1975.0,1950.0,855.0,843.0,847.0
8435.0,1959.0,1974.0,1978.0,845.0,847.0,832.0
8431.0,1966.0,1983.0,1980.0,843.0,820.0,839.0
8592.0,2008.0,2008.0,2005.0,857.0,859.0,855.0
8657.0,2027.0,1999.0,2028.0,870.0,867.0,866.0
8393.0,1950.0,1950.0,1964.0,846.0,839.0,844.0
8631.0,2010.0,2034.0,1988.0,863.0,871.0,865.0
8482.0,1990.0,1982.0,1956.0,854.0,850.0,850.0
8463.0,1964.0,1975.0,1984.0,851.0,847.0,842.0
8609.0,2024.0,1991.0,2028.0,854.0,847.0,865.0
8626.0,2022.0,1995.0,2029.0,858.0,861.0,861.0
8561.0,1998.0,2017.0,2001.0,850.0,838.0,857.0
8517.0,1970.0,2014.0,1986.0,849.0,847.0,851.0
8527.0,2006.0,1981.0,1976.0,861.0,851.0,852.0
8277.0,1929.0,1928.0,1907.0,844.0,847.0,822.0
8465.0,1955.0,1967.0,1998.0,851.0,852.0,842.0
8559.0,1982.0,1995.0,1996.0,852.0,861.0,873.0
8621.0,2028.0,2008.0,2014.0,852.0,866.0,853.0
8598.0,1989.0,1994.0,2020.0,862.0,861.0,872.0
8404.0,1982.0,1948.0,1959.0,836.0,838.0,841.0
8502.0,2007.0,1989.0,1965.0,850.0,844.0,847.0
8592.0,2012.0,2009.0,2004.0,865.0,841.0,861.0
8378.0,1937.0,1972.0,1968.0,835.0,834.0,832.0
8490.0,1990.0,1981.0,1975.0,850.0,856.0,838.0
8667.0,2058.0,2012.0,2003.0,857.0,873.0,864.0
8640.0,2016.0,2030.0,2010.0,852.0,863.0,869.0
8617.0,2006.0,2023.0,2003.0,860.0,863.0,862.0
8524.0,2002.0,2002.0,1980.0,841.0,844.0,855.0
8571.0,2011.0,2003.0,1994.0,850.0,859.0,854.0
8501.0,1977.0,1955.0,2010.0,859.0,846.0,854.0
8486.0,1976.0,1967.0,1975.0,859.0,848.0,861.0
8633.0,2031.0,2016.0,2006.0,855.0,866.0,859.0
8567.0,1988.0,2009.0,2000.0,857.0,867.0,846.0
8622.0,2015.0,2014.0,2008.0,851.0,877.0,857.0
8528.0,2022.0,1960.0,1994.0,848.0,858.0,846.0
8645.0,2025.0,2014.0,2025.0,864.0,857.0,860.0
8688.0,2005.0,2032.0,2041.0,869.0,871.0,870.0
8598.0,2003.0,1995.0,2013.0,861.0,865.0,861.0
8616.0,2046.0,2004.0,1979.0,869.0,852.0,866.0
8606.0,1995.0,2001.0,2019.0,860.0,857.0,874.0
8652.0,2031.0,2008.0,2026.0,865.0,859.0,863.0
8678.0,2024.0,2037.0,2031.0,849.0,867.0,870.0
8604.0,2016.0,1979.0,2014.0,859.0,867.0,869.0
8610.0,2006.0,2003.0,2024.0,863.0,864.0,850.0
8522.0,2025.0,1984.0,1954.0,858.0,862.0,839.0
8662.0,2031.0,2028.0,1997.0,869.0,870.0,867.0
8652.0,2007.0,2026.0,2028.0,869.0,860.0,862.0
8536.0,1985.0,1982.0,2007.0,859.0,844.0,859.0
8595.0,2018.0,1980.0,2029.0,852.0,851.0,865.0
8615.0,2039.0,1997.0,2005.0,854.0,851.0,869.0
8589.0,1985.0,1998.0,2012.0,860.0,864.0,870.0
8620.0,2005.0,2025.0,2012.0,867.0,859.0,852.0
8844.0,2073.0,2071.0,2049.0,893.0,884.0,874.0
8569.0,1996.0,1985.0,2007.0,854.0,867.0,860.0
8570.0,1993.0,1979.0,2026.0,862.0,855.0,855.0
8644.0,2032.0,2029.0,2001.0,858.0,863.0,861.0
8612.0,2022.0,2025.0,2015.0,847.0,858.0,845.0
8595.0,1994.0,1996.0,2021.0,854.0,855.0,875.0
8649.0,2007.0,2020.0,2027.0,863.0,865.0,867.0
8693.0,2030.0,2017.0,2029.0,874.0,872.0,871.0
8787.0,2030.0,2058.0,2054.0,892.0,886.0,867.0
8661.0,2000.0,2046.0,2029.0,867.0,863.0,856.0
8738.0,2059.0,2029.0,2032.0,878.0,880.0,860.0
8533.0,1984.0,1965.0,1993.0,859.0,877.0,855.0
8649.0,2010.0,2021.0,2019.0,873.0,863.0,863.0
8763.0,2060.0,2039.0,2064.0,864.0,867.0,869.0
8643.0,2004.0,2016.0,2045.0,867.0,854.0,857.0
8654.0,2017.0,1999.0,2051.0,869.0,860.0,858.0
8613.0,1990.0,2004.0,2019.0,870.0,861.0,869.0
8671.0,2019.0,2038.0,2007.0,877.0,864.0,866.0
8651.0,2017.0,2035.0,2008.0,860.0,872.0,859.0
8617.0,2021.0,2017.0,1992.0,854.0,866.0,867.0
8647.0,2036.0,2005.0,2024.0,856.0,864.0,862.0
8756.0,2054.0,2041.0,2060.0,868.0,861.0,872.0
8571.0,2010.0,2013.0,1994.0,856.0,847.0,851.0
8740.0,1993.0,2073.0,2050.0,874.0,876.0,874.0
8670.0,2026.0,2024.0,2018.0,868.0,869.0,865.0
8569.0,2000.0,1994.0,2004.0,875.0,843.0,853.0
8725.0,2032.0,2027.0,2039.0,868.0,882.0,877.0
8660.0,2004.0,2019.0,2028.0,863.0,870.0,876.0
8727.0,2029.0,2039.0,2044.0,865.0,864.0,886.0
8720.0,2012.0,2043.0,2031.0,873.0,878.0,883.0
8819.0,2058.0,2068.0,2046.0,876.0,883.0,888.0
8627.0,2030.0,1998.0,2010.0,864.0,858.0,867.0
8741.0,2036.0,2052.0,2043.0,878.0,862.0,870.0
8613.0,2008.0,2014.0,2023.0,864.0,863.0,841.0
8696.0,2025.0,2050.0,2043.0,860.0,853.0,865.0
8648.0,2024.0,2015.0,2028.0,861.0,862.0,858.0
8805.0,2042.0,2036.0,2062.0,881.0,901.0,883.0
8624.0,1985.0,2003.0,2015.0,872.0,868.0,881.0
8806.0,2063.0,2060.0,2042.0,881.0,877.0,883.0
8672.0,2025.0,2029.0,2031.0,862.0,859.0,866.0
8706.0,2027.0,2007.0,2062.0,870.0,867.0,873.0
8798.0,2082.0,2040.0,2055.0,875.0,878.0,868.0
8594.0,2018.0,2011.0,1997.0,864.0,848.0,856.0
8703.0,2022.0,2056.0,2015.0,869.0,871.0,870.0
8885.0,2085.0,2078.0,2077.0,880.0,886.0,879.0
8716.0,2066.0,2018.0,2016.0,860.0,888.0,868.0
8740.0,2026.0,2033.0,2074.0,862.0,881.0,864.0
8744.0,2019.0,2047.0,2045.0,872.0,882.0,879.0
8582.0,2005.0,2015.0,1988.0,850.0,851.0,873.0
8772.0,2058.0,2058.0,2035.0,879.0,864.0,878.0
8698.0,2033.0,2031.0,2020.0,867.0,875.0,872.0
8641.0,2023.0,2004.0,2027.0,857.0,855.0,875.0
8753.0,2049.0,2054.0,2044.0,871.0,864.0,871.0
8712.0,2044.0,2043.0,2039.0,864.0,864.0,858.0
8745.0,2020.0,2043.0,2051.0,886.0,879.0,866.0
8898.0,2082.0,2089.0,2060.0,896.0,886.0,885.0
8770.0,2074.0,2033.0,2028.0,881.0,879.0,875.0
8777.0,2043.0,2069.0,2048.0,870.0,870.0,877.0
8687.0,2040.0,2023.0,2014.0,867.0,869.0,874.0
8846.0,2071.0,2072.0,2060.0,872.0,882.0,889.0
8872.0,2076.0,2064.0,2064.0,882.0,890.0,896.0
8742.0,2048.0,2042.0,2020.0,870.0,880.0,882.0
8729.0,2026.0,2036.0,2034.0,874.0,872.0,887.0
8900.0,2092.0,2072.0,2065.0,893.0,891.0,887.0
8771.0,2027.0,2037.0,2069.0,878.0,891.0,869.0
8804.0,2053.0,2041.0,2092.0,880.0,869.0,869.0
8734.0,2055.0,2034.0,2041.0,860.0,873.0,871.0
8690.0,2045.0,2050.0,2024.0,852.0,859.0,860.0
8835.0,2060.0,2083.0,2035.0,895.0,876.0,886.0
8861.0,2056.0,2076.0,2057.0,899.0,878.0,895.0
8785.0,2044.0,2046.0,2058.0,880.0,874.0,883.0
8778.0,2043.0,2032.0,2068.0,876.0,877.0,882.0
8729.0,2027.0,2044.0,2037.0,867.0,881.0,873.0
8788.0,2062.0,2039.0,2042.0,880.0,885.0,880.0
8787.0,2086.0,2044.0,2029.0,871.0,886.0,871.0
8702.0,2022.0,2045.0,2026.0,865.0,872.0,872.0
8766.0,2033.0,2061.0,2057.0,872.0,874.0,869.0
8877.0,2064.0,2081.0,2086.0,883.0,882.0,881.0
8933.0,2077.0,2085.0,2085.0,896.0,889.0,901.0
8743.0,2032.0,2027.0,2054.0,877.0,870.0,883.0
8853.0,2085.0,2075.0,2039.0,877.0,886.0,891.0
8734.0,2042.0,2045.0,2023.0,872.0,876.0,876.0
8743.0,2041.0,2050.0,2026.0,862.0,882.0,882.0
8802.0,2066.0,2054.0,2047.0,875.0,881.0,879.0
8879.0,2098.0,2055.0,2076.0,896.0,881.0,873.0
8828.0,2044.0,2054.0,2077.0,888.0,882.0,883.0
8782.0,2057.0,2049.0,2045.0,887.0,869.0,875.0
8830.0,2084.0,2066.0,2045.0,883.0,875.0,877.0
8903.0,2073.0,2106.0,2068.0,883.0,885.0,888.0
8689.0,2031.0,2022.0,2032.0,870.0,866.0,868.0
8864.0,2070.0,2063.0,2070.0,878.0,887.0,896.0
8864.0,2090.0,2051.0,2067.0,882.0,886.0,888.0
8858.0,2059.0,2067.0,2049.0,883.0,898.0,902.0
8770.0,2047.0,2044.0,2048.0,885.0,879.0,867.0
8653.0,2015.0,2031.0,2008.0,877.0,866.0,856.0
8738.0,2043.0,2028.0,2057.0,867.0,871.0,872.0
8836.0,2039.0,2078.0,2087.0,882.0,870.0,880.0
8723.0,2025.0,2045.0,2052.0,864.0,869.0,868.0
8848.0,2081.0,2064.0,2062.0,882.0,884.0,875.0
8944.0,2079.0,2089.0,2083.0,890.0,907.0,896.0
8809.0,2042.0,2048.0,2044.0,902.0,886.0,887.0
8827.0,2070.0,2062.0,2042.0,878.0,890.0,885.0
8927.0,2070.0,2079.0,2095.0,890.0,905.0,888.0
8762.0,2031.0,2047.0,2048.0,877.0,876.0,883.0
8745.0,2053.0,2036.0,2045.0,864.0,870.0,877.0
8840.0,2068.0,2063.0,2072.0,884.0,876.0,877.0
8926.0,2091.0,2105.0,2070.0,881.0,890.0,889.0
8810.0,2053.0,2079.0,2028.0,884.0,884.0,882.0
9061.0,2106.0,2095.0,2153.0,913.0,903.0,891.0
8797.0,2036.0,2040.0,2088.0,873.0,888.0,872.0
8913.0,2064.0,2070.0,2088.0,897.0,898.0,896.0
8864.0,2062.0,2070.0,2063.0,883.0,888.0,898.0
8798.0,2050.0,2056.0,2051.0,872.0,881.0,888.0
8905.0,2056.0,2080.0,2103.0,884.0,886.0,896.0
8660.0,2007.0,1985.0,2042.0,881.0,865.0,880.0
8839.0,2065.0,2065.0,2068.0,883.0,877.0,881.0
8911.0,2076.0,2097.0,2081.0,887.0,886.0,884.0
8851.0,2037.0,2080.0,2074.0,882.0,888.0,890.0
8666.0,2027.0,2014.0,1993.0,878.0,878.0,876.0
8958.0,2100.0,2100.0,2079.0,884.0,898.0,897.0
8865.0,2055.0,2075.0,2073.0,877.0,887.0,898.0
8816.0,2049.0,2073.0,2063.0,873.0,872.0,886.0
8863.0,2073.0,2059.0,2067.0,884.0,894.0,886.0
8889.0,2093.0,2069.0,2057.0,895.0,883.0,892.0
8837.0,2066.0,2046.0,2067.0,892.0,883.0,883.0
8890.0,2075.0,2088.0,2053.0,893.0,890.0,891.0
8980.0,2125.0,2089.0,2087.0,896.0,897.0,886.0
8859.0,2067.0,2072.0,2076.0,880.0,888.0,876.0
8862.0,2041.0,2073.0,2096.0,884.0,885.0,883.0
8734.0,2048.0,2029.0,2041.0,870.0,876.0,870.0
8789.0,2052.0,2066.0,2039.0,881.0,877.0,874.0
8864.0,2060.0,2080.0,2066.0,884.0,881.0,893.0
8949.0,2089.0,2083.0,2078.0,906.0,889.0,904.0
8964.0,2083.0,2081.0,2104.0,903.0,894.0,899.0
8868.0,2069.0,2062.0,2080.0,879.0,880.0,898.0
8988.0,2084.0,2120.0,2088.0,890.0,899.0,907.0
8966.0,2081.0,2120.0,2083.0,892.0,901.0,889.0
8687.0,2021.0,2050.0,1997.0,872.0,881.0,866.0
8837.0,2066.0,2050.0,2051.0,903.0,882.0,885.0
8969.0,2088.0,2081.0,2098.0,896.0,903.0,903.0
8849.0,2084.0,2048.0,2079.0,881.0,876.0,881.0
8894.0,2077.0,2066.0,2088.0,886.0,889.0,888.0
8970.0,2085.0,2100.0,2111.0,878.0,899.0,897.0
8941.0,2081.0,2080.0,2091.0,894.0,891.0,904.0
8955.0,2091.0,2061.0,2103.0,888.0,906.0,906.0
8867.0,2037.0,2095.0,2064.0,884.0,898.0,889.0
8888.0,2063.0,2091.0,2067.0,894.0,893.0,880.0
9003.0,2098.0,2109.0,2096.0,905.0,895.0,900.0
8884.0,2083.0,2060.0,2081.0,896.0,885.0,879.0
8881.0,2085.0,2059.0,2067.0,891.0,889.0,890.0
9001.0,2104.0,2118.0,2104.0,888.0,889.0,898.0
8978.0,2083.0,2113.0,2084.0,909.0,892.0,897.0
8806.0,2062.0,2062.0,2044.0,867.0,883.0,888.0
8937.0,2072.0,2074.0,2104.0,891.0,900.0,896.0
8894.0,2059.0,2057.0,2096.0,903.0,886.0,893.0
9030.0,2094.0,2130.0,2084.0,907.0,907.0,908.0
8956.0,2066.0,2113.0,2082.0,894.0,900.0,901.0
9009.0,2116.0,2097.0,2107.0,896.0,898.0,895.0
8908.0,2085.0,2078.0,2091.0,890.0,878.0,886.0
8821.0,2054.0,2054.0,2074.0,880.0,889.0,870.0
8896.0,2094.0,2060.0,2094.0,894.0,883.0,871.0
9048.0,2116.0,2110.0,2115.0,907.0,904.0,896.0
8840.0,2054.0,2055.0,2064.0,892.0,893.0,882.0
8952.0,2110.0,2050.0,2083.0,904.0,905.0,900.0
8997.0,2108.0,2080.0,2097.0,910.0,898.0,904.0
8876.0,2069.0,2076.0,2074.0,883.0,880.0,894.0
8890.0,2051.0,2087.0,2077.0,890.0,900.0,885.0
8785.0,2052.0,2068.0,2034.0,873.0,876.0,882.0
8996.0,2113.0,2103.0,2086.0,897.0,898.0,899.0
8892.0,2087.0,2087.0,2050.0,894.0,885.0,889.0
8891.0,2074.0,2099.0,2059.0,895.0,893.0,871.0
9152.0,2123.0,2163.0,2123.0,912.0,917.0,914.0
9019.0,2123.0,2086.0,2114.0,902.0,901.0,893.0
8911.0,2087.0,2060.0,2086.0,891.0,903.0,884.0
9100.0,2117.0,2125.0,2120.0,905.0,917.0,916.0
8865.0,2065.0,2070.0,2058.0,883.0,887.0,902.0
9106.0,2106.0,2128.0,2140.0,914.0,905.0,913.0
8999.0,2087.0,2102.0,2103.0,898.0,902.0,907.0
8967.0,2085.0,2082.0,2101.0,907.0,893.0,899.0
8970.0,2107.0,2095.0,2092.0,897.0,898.0,881.0
8921.0,2058.0,2104.0,2094.0,888.0,898.0,879.0
9124.0,2120.0,2141.0,2127.0,914.0,918.0,904.0
9029.0,2108.0,2105.0,2121.0,896.0,901.0,898.0
9004.0,2106.0,2099.0,2089.0,899.0,908.0,903.0
9073.0,2100.0,2111.0,2126.0,913.0,910.0,913.0
9096.0,2120.0,2121.0,2117.0,905.0,904.0,929.0
8933.0,2079.0,2078.0,2091.0,902.0,884.0,899.0
8906.0,2072.0,2070.0,2076.0,893.0,891.0,904.0
9012.0,2108.0,2101.0,2111.0,887.0,900.0,905.0
9176.0,2155.0,2173.0,2123.0,908.0,912.0,905.0
8973.0,2071.0,2095.0,2129.0,885.0,901.0,892.0
9039.0,2101.0,2130.0,2122.0,896.0,902.0,888.0
9024.0,2120.0,2080.0,2113.0,902.0,918.0,891.0
8960.0,2095.0,2086.0,2086.0,900.0,898.0,895.0
8933.0,2088.0,2097.0,2055.0,905.0,896.0,892.0
8977.0,2109.0,2107.0,2063.0,898.0,893.0,907.0
9068.0,2112.0,2114.0,2112.0,901.0,911.0,918.0
9048.0,2106.0,2092.0,2139.0,891.0,901.0,919.0
9120.0,2125.0,2125.0,2142.0,910.0,905.0,913.0
8972.0,2108.0,2116.0,2082.0,888.0,890.0,888.0
8933.0,2096.0,2084.0,2077.0,888.0,900.0,888.0
8973.0,2087.0,2104.0,2071.0,919.0,905.0,887.0
9171.0,2170.0,2132.0,2122.0,921.0,909.0,917.0
9117.0,2133.0,2131.0,2127.0,905.0,914.0,907.0
9079.0,2128.0,2135.0,2107.0,900.0,899.0,910.0
9072.0,2100.0,2115.0,2142.0,907.0,899.0,909.0
8914.0,2093.0,2067.0,2072.0,894.0,890.0,898.0
8975.0,2109.0,2091.0,2087.0,897.0,900.0,891.0
9021.0,2079.0,2116.0,2106.0,912.0,902.0,906.0
9078.0,2099.0,2133.0,2132.0,902.0,908.0,904.0
8991.0,2098.0,2096.0,2118.0,895.0,894.0,890.0
9103.0,2135.0,2119.0,2142.0,901.0,904.0,902.0
8818.0,2039.0,2068.0,2074.0,883.0,883.0,871.0
8921.0,2089.0,2073.0,2081.0,889.0,901.0,888.0
9091.0,2136.0,2141.0,2106.0,905.0,901.0,902.0
9023.0,2074.0,2104.0,2114.0,910.0,908.0,913.0
9128.0,2136.0,2123.0,2134.0,914.0,902.0,919.0
8999.0,2107.0,2075.0,2113.0,897.0,898.0,909.0
9158.0,2158.0,2150.0,2108.0,909.0,913.0,920.0
9007.0,2081.0,2126.0,2093.0,895.0,908.0,904.0
9156.0,2157.0,2123.0,2134.0,913.0,916.0,913.0
9177.0,2146.0,2141.0,2148.0,914.0,912.0,916.0
9083.0,2118.0,2107.0,2124.0,908.0,913.0,913.0
9172.0,2127.0,2144.0,2171.0,914.0,909.0,907.0
9159.0,2149.0,2140.0,2131.0,922.0,908.0,909.0
9058.0,2080.0,2126.0,2136.0,912.0,897.0,907.0
9001.0,2066.0,2118.0,2090.0,910.0,911.0,906.0
8976.0,2107.0,2082.0,2091.0,894.0,900.0,902.0
9160.0,2147.0,2151.0,2138.0,912.0,897.0,915.0
8996.0,2079.0,2093.0,2121.0,895.0,911.0,897.0
9174.0,2134.0,2136.0,2150.0,923.0,908.0,923.0
9155.0,2153.0,2123.0,2133.0,916.0,913.0,917.0
9096.0,2113.0,2115.0,2141.0,917.0,910.0,900.0
9069.0,2106.0,2120.0,2117.0,908.0,913.0,905.0
9063.0,2102.0,2137.0,2116.0,906.0,899.0,903.0
9145.0,2124.0,2134.0,2161.0,904.0,913.0,909.0
9060.0,2109.0,2087.0,2145.0,900.0,915.0,904.0
9083.0,2113.0,2109.0,2120.0,911.0,922.0,908.0
9222.0,2170.0,2127.0,2143.0,920.0,933.0,929.0
9162.0,2119.0,2167.0,2116.0,925.0,914.0,921.0
9013.0,2088.0,2097.0,2108.0,912.0,901.0,907.0
9007.0,2112.0,2087.0,2097.0,900.0,895.0,916.0
8984.0,2111.0,2089.0,2095.0,897.0,901.0,891.0
9068.0,2097.0,2128.0,2116.0,914.0,904.0,909.0
9030.0,2113.0,2112.0,2112.0,892.0,900.0,901.0
9074.0,2138.0,2099.0,2115.0,896.0,918.0,908.0
9169.0,2141.0,2107.0,2151.0,922.0,928.0,920.0
9014.0,2094.0,2111.0,2098.0,909.0,903.0,899.0
9213.0,2143.0,2148.0,2154.0,924.0,916.0,928.0
9092.0,2130.0,2124.0,2113.0,909.0,909.0,907.0
9146.0,2110.0,2138.0,2135.0,919.0,917.0,927.0
9108.0,2129.0,2118.0,2132.0,909.0,912.0,908.0
9178.0,2166.0,2137.0,2129.0,911.0,920.0,915.0
9284.0,2151.0,2174.0,2173.0,922.0,948.0,916.0
9268.0,2140.0,2177.0,2176.0,929.0,926.0,920.0
9134.0,2131.0,2120.0,2150.0,920.0,905.0,908.0
8984.0,2098.0,2075.0,2093.0,909.0,904.0,905.0
9123.0,2122.0,2140.0,2110.0,909.0,915.0,927.0
9272.0,2182.0,2167.0,2147.0,912.0,927.0,937.0
9126.0,2131.0,2146.0,2120.0,905.0,908.0,916.0
9073.0,2100.0,2116.0,2138.0,905.0,905.0,909.0
9173.0,2145.0,2103.0,2154.0,923.0,924.0,924.0
9016.0,2099.0,2106.0,2097.0,908.0,906.0,900.0
9186.0,2140.0,2145.0,2137.0,925.0,920.0,919.0
9122.0,2107.0,2145.0,2115.0,914.0,926.0,915.0
9231.0,2128.0,2170.0,2153.0,922.0,929.0,929.0
9291.0,2181.0,2157.0,2173.0,915.0,927.0,938.0
9172.0,2142.0,2136.0,2153.0,914.0,912.0,915.0
9157.0,2147.0,2120.0,2136.0,911.0,918.0,925.0
9151.0,2131.0,2151.0,2122.0,922.0,907.0,918.0
9136.0,2144.0,2115.0,2128.0,920.0,907.0,922.0
9095.0,2107.0,2126.0,2132.0,916.0,907.0,907.0
9112.0,2120.0,2132.0,2134.0,905.0,917.0,904.0
9211.0,2162.0,2148.0,2155.0,914.0,915.0,917.0
9241.0,2154.0,2148.0,2173.0,917.0,935.0,914.0
9158.0,2139.0,2137.0,2144.0,918.0,911.0,909.0
9042.0,2134.0,2095.0,2095.0,909.0,901.0,908.0
9037.0,2098.0,2124.0,2099.0,916.0,888.0,912.0
9338.0,2144.0,2204.0,2184.0,930.0,931.0,945.0
9202.0,2132.0,2136.0,2188.0,912.0,900.0,934.0
9212.0,2152.0,2120.0,2165.0,926.0,910.0,939.0
9223.0,2166.0,2134.0,2146.0,923.0,929.0,925.0
9142.0,2126.0,2133.0,2139.0,908.0,923.0,913.0
9297.0,2181.0,2163.0,2166.0,935.0,924.0,928.0
9163.0,2153.0,2131.0,2123.0,923.0,925.0,908.0
9073.0,2114.0,2091.0,2136.0,905.0,915.0,912.0
9132.0,2129.0,2133.0,2131.0,920.0,916.0,903.0
9215.0,2143.0,2143.0,2160.0,930.0,923.0,916.0
9222.0,2160.0,2148.0,2149.0,925.0,917.0,923.0
9293.0,2176.0,2167.0,2166.0,916.0,930.0,938.0
9230.0,2162.0,2123.0,2157.0,914.0,936.0,938.0
9197.0,2169.0,2134.0,2141.0,913.0,929.0,911.0
9244.0,2131.0,2161.0,2181.0,920.0,928.0,923.0
9160.0,2127.0,2146.0,2133.0,924.0,911.0,919.0
9287.0,2182.0,2164.0,2161.0,936.0,928.0,916.0
9191.0,2145.0,2152.0,2158.0,913.0,915.0,908.0
9253.0,2153.0,2162.0,2169.0,928.0,918.0,923.0
9279.0,2173.0,2170.0,2157.0,919.0,927.0,933.0
9171.0,2118.0,2132.0,2162.0,921.0,927.0,911.0
9187.0,2122.0,2146.0,2150.0,913.0,934.0,922.0
9202.0,2149.0,2116.0,2156.0,926.0,926.0,929.0
9242.0,2176.0,2155.0,2134.0,921.0,929.0,927.0
9328.0,2187.0,2184.0,2158.0,932.0,932.0,935.0
9167.0,2122.0,2153.0,2140.0,912.0,924.0,916.0
9202.0,2161.0,2139.0,2160.0,915.0,918.0,909.0
9040.0,2130.0,2085.0,2126.0,908.0,895.0,896.0
9138.0,2137.0,2136.0,2127.0,920.0,909.0,909.0
9196.0,2161.0,2151.0,2122.0,927.0,923.0,912.0
9218.0,2155.0,2140.0,2152.0,932.0,925.0,914.0
9299.0,2175.0,2154.0,2175.0,935.0,933.0,927.0
9227.0,2146.0,2149.0,2159.0,919.0,932.0,922.0
9215.0,2141.0,2153.0,2156.0,911.0,933.0,921.0
9166.0,2141.0,2158.0,2142.0,902.0,912.0,911.0
9279.0,2159.0,2177.0,2165.0,921.0,928.0,929.0
9180.0,2164.0,2136.0,2126.0,913.0,920.0,921.0
9225.0,2165.0,2137.0,2152.0,931.0,916.0,924.0
9214.0,2143.0,2149.0,2161.0,935.0,917.0,909.0
9239.0,2154.0,2154.0,2156.0,937.0,922.0,916.0
9192.0,2155.0,2145.0,2146.0,913.0,925.0,908.0
9123.0,2152.0,2114.0,2114.0,912.0,925.0,906.0
9113.0,2120.0,2096.0,2132.0,923.0,923.0,919.0
9119.0,2119.0,2134.0,2124.0,908.0,911.0,923.0
9355.0,2180.0,2173.0,2183.0,942.0,926.0,951.0
9223.0,2152.0,2165.0,2148.0,920.0,911.0,927.0
9322.0,2170.0,2179.0,2166.0,944.0,928.0,935.0
9252.0,2150.0,2124.0,2183.0,935.0,933.0,927.0
9286.0,2177.0,2168.0,2151.0,930.0,936.0,924.0
9197.0,2140.0,2151.0,2131.0,920.0,930.0,925.0
9323.0,2183.0,2190.0,2172.0,916.0,944.0,918.0
9343.0,2205.0,2156.0,2185.0,924.0,949.0,924.0
9336.0,2186.0,2160.0,2187.0,940.0,923.0,940.0
9503.0,2214.0,2226.0,2207.0,957.0,949.0,950.0
9300.0,2191.0,2170.0,2144.0,931.0,926.0,938.0
9241.0,2173.0,2154.0,2140.0,925.0,923.0,926.0
9163.0,2130.0,2120.0,2149.0,927.0,916.0,921.0
9303.0,2168.0,2176.0,2189.0,917.0,924.0,929.0
9341.0,2185.0,2204.0,2178.0,920.0,936.0,918.0
9355.0,2176.0,2193.0,2186.0,926.0,947.0,927.0
9233.0,2143.0,2152.0,2160.0,935.0,923.0,920.0
9207.0,2147.0,2135.0,2155.0,924.0,923.0,923.0
9388.0,2214.0,2179.0,2190.0,935.0,936.0,934.0
9290.0,2146.0,2188.0,2170.0,933.0,916.0,937.0
9341.0,2180.0,2181.0,2186.0,921.0,928.0,945.0
9444.0,2230.0,2196.0,2221.0,926.0,931.0,940.0
9311.0,2168.0,2178.0,2170.0,930.0,926.0,939.0
9310.0,2177.0,2154.0,2178.0,932.0,942.0,927.0
9270.0,2180.0,2159.0,2154.0,920.0,937.0,920.0
9277.0,2185.0,2159.0,2151.0,926.0,940.0,916.0
9334.0,2162.0,2179.0,2194.0,953.0,931.0,915.0
9269.0,2178.0,2160.0,2161.0,927.0,919.0,924.0
9290.0,2175.0,2160.0,2172.0,932.0,919.0,932.0
9228.0,2140.0,2180.0,2144.0,923.0,913.0,928.0
9409.0,2209.0,2195.0,2191.0,929.0,939.0,946.0
9293.0,2162.0,2151.0,2188.0,929.0,926.0,937.0
9360.0,2170.0,2166.0,2189.0,940.0,945.0,950.0
9204.0,2127.0,2156.0,2162.0,912.0,924.0,923.0
9317.0,2168.0,2181.0,2167.0,933.0,941.0,927.0
9394.0,2206.0,2194.0,2192.0,933.0,943.0,926.0
9302.0,2165.0,2173.0,2155.0,934.0,936.0,939.0
9297.0,2165.0,2165.0,2181.0,930.0,933.0,923.0
9387.0,2204.0,2200.0,2204.0,930.0,930.0,919.0
9435.0,2188.0,2215.0,2197.0,947.0,934.0,954.0
9187.0,2149.0,2126.0,2134.0,932.0,917.0,929.0
9335.0,2185.0,2177.0,2173.0,935.0,940.0,925.0
9599.0,2268.0,2217.0,2231.0,961.0,968.0,954.0
9397.0,2214.0,2177.0,2176.0,945.0,941.0,944.0
9379.0,2168.0,2198.0,2202.0,928.0,948.0,935.0
9290.0,2163.0,2164.0,2183.0,925.0,928.0,927.0
9216.0,2151.0,2146.0,2185.0,915.0,913.0,906.0
9146.0,2126.0,2139.0,2131.0,920.0,918.0,912.0
9498.0,2226.0,2218.0,2204.0,950.0,949.0,951.0
9448.0,2206.0,2211.0,2187.0,954.0,952.0,938.0
9427.0,2178.0,2210.0,2205.0,935.0,949.0,950.0
9326.0,2183.0,2161.0,2179.0,922.0,940.0,941.0
9225.0,2150.0,2139.0,2151.0,922.0,921.0,942.0
9370.0,2173.0,2192.0,2191.0,930.0,941.0,943.0
9331.0,2168.0,2193.0,2159.0,933.0,938.0,940.0
9352.0,2194.0,2202.0,2165.0,930.0,928.0,933.0
9357.0,2191.0,2170.0,2187.0,944.0,933.0,932.0
9460.0,2207.0,2205.0,2225.0,950.0,943.0,930.0
9397.0,2175.0,2217.0,2205.0,939.0,936.0,925.0
9392.0,2218.0,2189.0,2189.0,927.0,936.0,933.0
9324.0,2198.0,2174.0,2163.0,919.0,936.0,934.0
9373.0,2173.0,2201.0,2166.0,937.0,948.0,948.0
9461.0,2218.0,2203.0,2189.0,953.0,948.0,950.0
9604.0,2237.0,2250.0,2236.0,966.0,958.0,957.0
9562.0,2218.0,2239.0,2240.0,960.0,952.0,953.0
9490.0,2219.0,2217.0,2221.0,952.0,932.0,949.0
9374.0,2189.0,2179.0,2203.0,938.0,933.0,932.0
9448.0,2224.0,2190.0,2215.0,945.0,942.0,932.0
9217.0,2144.0,2175.0,2142.0,911.0,935.0,910.0
9411.0,2202.0,2198.0,2203.0,936.0,942.0,930.0
9425.0,2209.0,2180.0,2194.0,943.0,950.0,949.0
9366.0,2171.0,2191.0,2185.0,948.0,936.0,935.0
9338.0,2158.0,2175.0,2192.0,939.0,931.0,943.0
9362.0,2178.0,2201.0,2184.0,931.0,934.0,934.0
9373.0,2203.0,2188.0,2171.0,937.0,927.0,947.0
9395.0,2177.0,2198.0,2199.0,940.0,941.0,940.0
9331.0,2171.0,2158.0,2209.0,929.0,931.0,933.0
9457.0,2215.0,2190.0,2224.0,942.0,943.0,943.0
9576.0,2222.0,2248.0,2253.0,957.0,962.0,934.0
9435.0,2179.0,2218.0,2191.0,949.0,952.0,946.0
9329.0,2194.0,2172.0,2172.0,944.0,928.0,919.0
9366.0,2197.0,2181.0,2176.0,932.0,949.0,931.0
9351.0,2179.0,2185.0,2199.0,921.0,931.0,936.0
9482.0,2214.0,2212.0,2228.0,936.0,940.0,952.0
9525.0,2226.0,2225.0,2224.0,944.0,948.0,958.0
9383.0,2188.0,2186.0,2181.0,940.0,948.0,940.0
9481.0,2213.0,2191.0,2205.0,964.0,950.0,958.0
9329.0,2163.0,2181.0,2180.0,940.0,948.0,917.0
9425.0,2202.0,2191.0,2190.0,947.0,951.0,944.0
9435.0,2185.0,2205.0,2220.0,943.0,950.0,932.0
9379.0,2214.0,2171.0,2187.0,937.0,933.0,937.0
9360.0,2176.0,2181.0,2201.0,933.0,929.0,940.0
9489.0,2203.0,2206.0,2223.0,956.0,947.0,954.0
9490.0,2227.0,2230.0,2183.0,957.0,937.0,956.0
9517.0,2232.0,2218.0,2218.0,956.0,943.0,950.0
9499.0,2235.0,2186.0,2235.0,937.0,953.0,953.0
9312.0,2164.0,2158.0,2182.0,936.0,933.0,939.0
9427.0,2178.0,2194.0,2226.0,940.0,948.0,941.0
9584.0,2251.0,2252.0,2200.0,956.0,961.0,964.0
9506.0,2215.0,2232.0,2222.0,947.0,948.0,942.0
9440.0,2206.0,2231.0,2185.0,943.0,941.0,934.0
9554.0,2247.0,2235.0,2234.0,946.0,939.0,953.0
9422.0,2207.0,2190.0,2199.0,949.0,938.0,939.0
9528.0,2197.0,2244.0,2231.0,946.0,954.0,956.0
9437.0,2198.0,2190.0,2217.0,948.0,943.0,941.0
9447.0,2196.0,2191.0,2209.0,956.0,950.0,945.0
9347.0,2192.0,2163.0,2171.0,928.0,944.0,949.0
9354.0,2165.0,2190.0,2200.0,927.0,942.0,930.0
9430.0,2194.0,2212.0,2200.0,947.0,937.0,940.0
9473.0,2210.0,2215.0,2209.0,949.0,944.0,946.0
9383.0,2166.0,2187.0,2207.0,951.0,940.0,932.0
9430.0,2222.0,2186.0,2190.0,945.0,943.0,944.0
9422.0,2210.0,2193.0,2206.0,935.0,940.0,938.0
9580.0,2257.0,2225.0,2228.0,952.0,959.0,959.0
9491.0,2197.0,2220.0,2233.0,938.0,951.0,952.0
9488.0,2228.0,2193.0,2227.0,950.0,945.0,945.0
9417.0,2199.0,2175.0,2208.0,944.0,939.0,952.0
9520.0,2198.0,2241.0,2215.0,951.0,959.0,956.0
9553.0,2245.0,2240.0,2206.0,953.0,952.0,957.0
9551.0,2225.0,2249.0,2232.0,948.0,948.0,949.0
9362.0,2207.0,2169.0,2193.0,935.0,929.0,929.0
9457.0,2193.0,2208.0,2233.0,938.0,943.0,942.0
9528.0,2238.0,2228.0,2224.0,941.0,948.0,949.0
9469.0,2200.0,2236.0,2209.0,944.0,942.0,938.0
9427.0,2182.0,2218.0,2188.0,950.0,950.0,939.0
9383.0,2184.0,2192.0,2174.0,948.0,946.0,939.0
9511.0,2224.0,2218.0,2223.0,952.0,945.0,949.0
9431.0,2194.0,2201.0,2197.0,946.0,946.0,947.0
9663.0,2265.0,2259.0,2250.0,956.0,969.0,964.0
9458.0,2218.0,2194.0,2213.0,939.0,940.0,954.0
9368.0,2198.0,2170.0,2192.0,933.0,928.0,947.0
9521.0,2212.0,2225.0,2221.0,966.0,945.0,952.0
9533.0,2218.0,2232.0,2220.0,966.0,962.0,935.0
9661.0,2248.0,2255.0,2261.0,967.0,967.0,963.0
9607.0,2209.0,2251.0,2261.0,967.0,963.0,956.0
9647.0,2231.0,2247.0,2274.0,959.0,968.0,968.0
9469.0,2226.0,2193.0,2214.0,946.0,941.0,949.0
9566.0,2256.0,2225.0,2228.0,948.0,948.0,961.0
9475.0,2210.0,2222.0,2210.0,941.0,943.0,949.0
9646.0,2244.0,2246.0,2263.0,966.0,966.0,961.0
9677.0,2248.0,2246.0,2272.0,981.0,967.0,963.0
9539.0,2197.0,2215.0,2231.0,969.0,966.0,961.0
9577.0,2231.0,2242.0,2223.0,964.0,964.0,953.0
9440.0,2214.0,2231.0,2181.0,940.0,941.0,933.0
9522.0,2258.0,2214.0,2201.0,940.0,956.0,953.0
9557.0,2217.0,2215.0,2251.0,954.0,956.0,964.0
9575.0,2236.0,2228.0,2237.0,958.0,951.0,965.0
9758.0,2277.0,2277.0,2295.0,979.0,960.0,970.0
9672.0,2260.0,2271.0,2249.0,966.0,961.0,965.0
9562.0,2237.0,2218.0,2222.0,973.0,949.0,963.0
9512.0,2224.0,2224.0,2196.0,959.0,959.0,950.0
9345.0,2187.0,2187.0,2174.0,930.0,935.0,932.0
9587.0,2212.0,2243.0,2254.0,956.0,962.0,960.0
9542.0,2231.0,2220.0,2238.0,952.0,952.0,949.0
9458.0,2209.0,2195.0,2203.0,952.0,950.0,949.0
9558.0,2235.0,2237.0,2224.0,953.0,951.0,958.0
9624.0,2251.0,2237.0,2246.0,969.0,956.0,965.0
9553.0,2233.0,2264.0,2206.0,953.0,939.0,958.0
9646.0,2232.0,2256.0,2272.0,964.0,947.0,975.0
9627.0,2232.0,2243.0,2264.0,962.0,967.0,959.0
9633.0,2237.0,2261.0,2238.0,962.0,972.0,963.0
9704.0,2281.0,2264.0,2257.0,971.0,965.0,966.0
9731.0,2266.0,2292.0,2257.0,974.0,972.0,970.0
9743.0,2249.0,2276.0,2287.0,983.0,972.0,976.0
9493.0,2214.0,2222.0,2221.0,951.0,946.0,939.0
9628.0,2254.0,2207.0,2286.0,961.0,965.0,955.0
9604.0,2204.0,2249.0,2271.0,954.0,960.0,966.0
9639.0,2260.0,2253.0,2232.0,967.0,960.0,967.0
9631.0,2265.0,2236.0,2244.0,954.0,962.0,970.0
9634.0,2238.0,2253.0,2245.0,960.0,963.0,975.0
9635.0,2243.0,2260.0,2250.0,956.0,961.0,965.0
9736.0,2280.0,2271.0,2264.0,974.0,979.0,968.0
9577.0,2243.0,2234.0,2237.0,962.0,954.0,947.0
9439.0,2186.0,2203.0,2214.0,949.0,954.0,933.0
9692.0,2262.0,2258.0,2259.0,964.0,973.0,976.0
9783.0,2308.0,2276.0,2274.0,978.0,979.0,968.0
9430.0,2173.0,2205.0,2202.0,943.0,952.0,955.0
9665.0,2254.0,2257.0,2240.0,965.0,975.0,974.0
9654.0,2263.0,2239.0,2275.0,958.0,957.0,962.0
9661.0,2278.0,2235.0,2232.0,971.0,972.0,973.0
9467.0,2173.0,2220.0,2214.0,954.0,952.0,954.0
9687.0,2254.0,2269.0,2265.0,972.0,956.0,971.0
9781.0,2287.0,2299.0,2275.0,966.0,975.0,979.0
9769.0,2297.0,2261.0,2295.0,974.0,974.0,968.0
9550.0,2231.0,2206.0,2242.0,964.0,950.0,957.0
9588.0,2250.0,2216.0,2256.0,953.0,957.0,956.0
9688.0,2267.0,2279.0,2238.0,975.0,971.0,958.0
9572.0,2201.0,2255.0,2223.0,973.0,965.0,955.0
9819.0,2295.0,2287.0,2290.0,989.0,981.0,977.0
9730.0,2249.0,2261.0,2295.0,963.0,983.0,979.0
9810.0,2278.0,2283.0,2308.0,976.0,976.0,989.0
9639.0,2240.0,2296.0,2240.0,953.0,940.0,970.0
9584.0,2246.0,2242.0,2237.0,950.0,945.0,964.0
9789.0,2286.0,2292.0,2282.0,983.0,974.0,972.0
9651.0,2249.0,2243.0,2254.0,972.0,968.0,965.0
9543.0,2219.0,2234.0,2220.0,963.0,958.0,949.0
9752.0,2283.0,2268.0,2289.0,966.0,975.0,971.0
9624.0,2254.0,2242.0,2242.0,956.0,973.0,957.0
9673.0,2256.0,2260.0,2250.0,961.0,975.0,971.0
9642.0,2273.0,2233.0,2228.0,972.0,965.0,971.0
9559.0,2238.0,2231.0,2210.0,951.0,963.0,966.0
9408.0,2176.0,2218.0,2163.0,946.0,948.0,957.0
9533.0,2242.0,2219.0,2212.0,956.0,950.0,954.0
9723.0,2264.0,2256.0,2297.0,971.0,966.0,969.0
9667.0,2251.0,2257.0,2258.0,966.0,969.0,966.0
9694.0,2250.0,2268.0,2271.0,964.0,978.0,963.0
9776.0,2289.0,2304.0,2250.0,980.0,980.0,973.0
9587.0,2242.0,2255.0,2234.0,953.0,951.0,952.0
9696.0,2246.0,2255.0,2278.0,974.0,976.0,967.0
9875.0,2319.0,2279.0,2320.0,988.0,985.0,984.0
9822.0,2301.0,2301.0,2283.0,985.0,968.0,984.0
9549.0,2225.0,2226.0,2227.0,955.0,953.0,963.0
9605.0,2225.0,2264.0,2233.0,967.0,959.0,957.0
9641.0,2255.0,2263.0,2225.0,967.0,964.0,967.0
9677.0,2287.0,2253.0,2256.0,954.0,973.0,954.0
9714.0,2253.0,2292.0,2262.0,978.0,969.0,960.0
9767.0,2279.0,2289.0,2270.0,980.0,970.0,979.0
9773.0,2280.0,2279.0,2290.0,976.0,975.0,973.0
9804.0,2288.0,2294.0,2279.0,984.0,974.0,985.0
9683.0,2254.0,2253.0,2256.0,977.0,958.0,985.0
9718.0,2289.0,2258.0,2275.0,966.0,959.0,971.0
9813.0,2291.0,2283.0,2307.0,979.0,971.0,982.0
9665.0,2249.0,2256.0,2267.0,960.0,962.0,971.0
9698.0,2265.0,2253.0,2266.0,969.0,968.0,977.0
9807.0,2304.0,2271.0,2281.0,987.0,989.0,975.0
9619.0,2239.0,2262.0,2214.0,969.0,973.0,962.0
9749.0,2256.0,2279.0,2287.0,975.0,979.0,973.0
9714.0,2292.0,2241.0,2276.0,977.0,961.0,967.0
9652.0,2254.0,2230.0,2259.0,970.0,965.0,974.0
9635.0,2237.0,2257.0,2256.0,962.0,955.0,968.0
9811.0,2272.0,2312.0,2280.0,976.0,981.0,990.0
9724.0,2272.0,2289.0,2258.0,973.0,965.0,967.0
9817.0,2275.0,2283.0,2283.0,992.0,997.0,987.0
9683.0,2262.0,2234.0,2258.0,967.0,991.0,971.0
9658.0,2248.0,2252.0,2249.0,978.0,967.0,964.0
9689.0,2254.0,2253.0,2283.0,960.0,973.0,966.0
9622.0,2212.0,2261.0,2275.0,959.0,959.0,956.0
9503.0,2232.0,2217.0,2217.0,938.0,947.0,952.0
9800.0,2303.0,2295.0,2269.0,982.0,969.0,982.0
9826.0,2299.0,2302.0,2278.0,986.0,981.0,980.0
9717.0,2239.0,2284.0,2265.0,975.0,975.0,979.0
9833.0,2309.0,2280.0,2298.0,979.0,986.0,981.0
9632.0,2268.0,2222.0,2235.0,970.0,977.0,960.0
9742.0,2284.0,2268.0,2255.0,970.0,983.0,982.0
9641.0,2241.0,2254.0,2270.0,960.0,961.0,955.0
9934.0,2336.0,2346.0,2304.0,981.0,983.0,984.0
9901.0,2301.0,2320.0,2322.0,991.0,983.0,984.0
9767.0,2281.0,2261.0,2300.0,981.0,973.0,971.0
9776.0,2286.0,2264.0,2301.0,991.0,966.0,968.0
9776.0,2295.0,2288.0,2275.0,977.0,973.0,968.0
9746.0,2266.0,2282.0,2279.0,971.0,979.0,969.0
9769.0,2300.0,2267.0,2265.0,969.0,986.0,982.0
9733.0,2287.0,2254.0,2282.0,972.0,966.0,972.0
9829.0,2291.0,2295.0,2302.0,982.0,977.0,982.0
9791.0,2276.0,2276.0,2292.0,986.0,975.0,986.0
9866.0,2312.0,2295.0,2304.0,991.0,986.0,978.0
9846.0,2294.0,2308.0,2304.0,995.0,976.0,969.0
9549.0,2210.0,2251.0,2227.0,965.0,947.0,949.0
9683.0,2252.0,2247.0,2270.0,971.0,973.0,970.0
9805.0,2288.0,2303.0,2286.0,968.0,984.0,976.0
9871.0,2292.0,2305.0,2302.0,984.0,1001.0,987.0
9700.0,2284.0,2258.0,2245.0,965.0,984.0,964.0
9790.0,2300.0,2259.0,2269.0,983.0,987.0,992.0
9857.0,2295.0,2292.0,2306.0,987.0,988.0,989.0
9785.0,2279.0,2274.0,2286.0,978.0,976.0,992.0
9903.0,2304.0,2312.0,2340.0,991.0,979.0,977.0
9826.0,2296.0,2303.0,2294.0,978.0,978.0,977.0
9829.0,2304.0,2282.0,2309.0,975.0,987.0,972.0
9758.0,2275.0,2278.0,2282.0,973.0,984.0,966.0
9813.0,2293.0,2287.0,2292.0,979.0,984.0,978.0
9679.0,2253.0,2283.0,2239.0,966.0,976.0,962.0
9790.0,2283.0,2273.0,2289.0,980.0,975.0,990.0
9728.0,2279.0,2249.0,2271.0,980.0,968.0,981.0
9920.0,2311.0,2296.0,2339.0,991.0,991.0,992.0
9839.0,2296.0,2297.0,2313.0,978.0,972.0,983.0
9905.0,2318.0,2320.0,2293.0,988.0,990.0,996.0
9715.0,2274.0,2281.0,2258.0,970.0,967.0,965.0
9837.0,2303.0,2290.0,2314.0,980.0,977.0,973.0
10011.0,2332.0,2357.0,2338.0,1001.0,1002.0,981.0
9874.0,2296.0,2309.0,2317.0,986.0,991.0,975.0
9968.0,2314.0,2342.0,2315.0,1007.0,994.0,996.0
9765.0,2263.0,2296.0,2255.0,986.0,989.0,976.0
9781.0,2304.0,2272.0,2259.0,978.0,984.0,984.0
9760.0,2284.0,2263.0,2292.0,977.0,969.0,975.0
9740.0,2278.0,2277.0,2278.0,959.0,968.0,980.0
9771.0,2262.0,2265.0,2306.0,981.0,974.0,983.0
9834.0,2302.0,2280.0,2314.0,978.0,972.0,988.0
9958.0,2331.0,2294.0,2332.0,1007.0,1005.0,989.0
9957.0,2307.0,2340.0,2331.0,997.0,995.0,987.0
9739.0,2267.0,2272.0,2260.0,976.0,988.0,976.0
9820.0,2326.0,2283.0,2261.0,978.0,988.0,984.0
9668.0,2273.0,2221.0,2270.0,967.0,965.0,972.0
9732.0,2276.0,2238.0,2286.0,970.0,979.0,983.0
9774.0,2262.0,2293.0,2279.0,978.0,971.0,991.0
10004.0,2336.0,2353.0,2312.0,1003.0,999.0,1001.0
9779.0,2260.0,2284.0,2286.0,985.0,973.0,991.0
9872.0,2301.0,2297.0,2320.0,982.0,988.0,984.0
9754.0,2279.0,2272.0,2268.0,972.0,985.0,978.0
9849.0,2289.0,2319.0,2303.0,974.0,988.0,976.0
9824.0,2283.0,2297.0,2310.0,978.0,976.0,980.0
9851.0,2309.0,2306.0,2299.0,977.0,980.0,980.0
10017.0,2373.0,2330.0,2319.0,1003.0,997.0,995.0
9932.0,2309.0,2304.0,2328.0,1007.0,985.0,999.0
9816.0,2285.0,2318.0,2298.0,970.0,970.0,975.0
9811.0,2283.0,2311.0,2292.0,972.0,976.0,977.0
9854.0,2289.0,2296.0,2302.0,992.0,984.0,991.0
9740.0,2252.0,2285.0,2265.0,973.0,983.0,982.0
9839.0,2302.0,2289.0,2296.0,985.0,992.0,975.0
9877.0,2319.0,2290.0,2310.0,987.0,991.0,980.0
9850.0,2305.0,2320.0,2296.0,973.0,984.0,972.0
9898.0,2302.0,2308.0,2328.0,989.0,989.0,982.0
9757.0,2285.0,2268.0,2270.0,979.0,975.0,980.0
9927.0,2330.0,2321.0,2299.0,1001.0,989.0,987.0
9822.0,2294.0,2280.0,2298.0,969.0,995.0,986.0
9849.0,2279.0,2301.0,2290.0,986.0,990.0,1003.0
9889.0,2303.0,2298.0,2312.0,988.0,997.0,991.0
9841.0,2276.0,2294.0,2313.0,993.0,977.0,988.0
9957.0,2320.0,2322.0,2331.0,987.0,998.0,999.0
9902.0,2316.0,2324.0,2285.0,1000.0,989.0,988.0
9988.0,2327.0,2346.0,2331.0,1008.0,984.0,992.0
9790.0,2288.0,2276.0,2290.0,984.0,978.0,974.0
9819.0,2301.0,2288.0,2289.0,968.0,988.0,985.0
10075.0,2372.0,2335.0,2348.0,1002.0,1008.0,1010.0
9964.0,2319.0,2343.0,2330.0,992.0,988.0,992.0
10068.0,2338.0,2367.0,2344.0,1000.0,1011.0,1008.0
9871.0,2302.0,2296.0,2293.0,995.0,999.0,986.0
9787.0,2298.0,2265.0,2267.0,989.0,988.0,980.0
9778.0,2280.0,2294.0,2258.0,984.0,979.0,983.0
9828.0,2269.0,2320.0,2306.0,976.0,978.0,979.0
9990.0,2314.0,2341.0,2358.0,989.0,996.0,992.0
9821.0,2288.0,2292.0,2290.0,980.0,991.0,980.0
9974.0,2325.0,2314.0,2347.0,988.0,1004.0,996.0
9782.0,2274.0,2275.0,2283.0,985.0,988.0,977.0
10073.0,2360.0,2367.0,2339.0,998.0,1011.0,998.0
9870.0,2287.0,2326.0,2289.0,997.0,986.0,985.0
10036.0,2343.0,2344.0,2342.0,1000.0,1007.0,1000.0
10014.0,2358.0,2315.0,2346.0,994.0,996.0,1005.0
9973.0,2320.0,2336.0,2316.0,996.0,1001.0,1004.0
9951.0,2315.0,2328.0,2320.0,1007.0,992.0,989.0
9979.0,2329.0,2350.0,2312.0,999.0,991.0,998.0
9848.0,2299.0,2289.0,2306.0,985.0,987.0,982.0
9850.0,2300.0,2293.0,2300.0,988.0,987.0,982.0
9951.0,2316.0,2323.0,2336.0,989.0,1000.0,987.0
9902.0,2322.0,2305.0,2304.0,989.0,999.0,983.0
10087.0,2355.0,2362.0,2349.0,1001.0,1009.0,1011.0
10024.0,2337.0,2340.0,2333.0,997.0,1009.0,1008.0
10007.0,2349.0,2311.0,2349.0,999.0,992.0,1007.0
9972.0,2316.0,2325.0,2351.0,998.0,986.0,996.0
9817.0,2266.0,2302.0,2288.0,994.0,979.0,988.0
10110.0,2363.0,2360.0,2345.0,1017.0,1014.0,1011.0
9951.0,2336.0,2328.0,2294.0,1007.0,994.0,992.0
10071.0,2358.0,2353.0,2344.0,1007.0,1013.0,996.0
10063.0,2346.0,2358.0,2343.0,998.0,1021.0,997.0
10147.0,2371.0,2379.0,2377.0,1007.0,1004.0,1009.0
9990.0,2337.0,2328.0,2341.0,988.0,997.0,999.0
9983.0,2305.0,2320.0,2338.0,1017.0,996.0,1007.0
10042.0,2335.0,2354.0,2328.0,1007.0,1008.0,1010.0
9921.0,2309.0,2326.0,2316.0,996.0,980.0,994.0
10153.0,2347.0,2381.0,2372.0,1012.0,1020.0,1021.0
9945.0,2281.0,2341.0,2344.0,991.0,996.0,992.0
9984.0,2338.0,2313.0,2345.0,993.0,990.0,1005.0
9923.0,2305.0,2294.0,2350.0,987.0,1000.0,987.0
9993.0,2331.0,2340.0,2321.0,1005.0,1003.0,993.0
10052.0,2351.0,2365.0,2315.0,1013.0,1004.0,1004.0
10028.0,2354.0,2336.0,2321.0,1008.0,1005.0,1004.0
9996.0,2310.0,2340.0,2333.0,1009.0,998.0,1006.0
9968.0,2318.0,2324.0,2336.0,995.0,996.0,999.0
10079.0,2372.0,2360.0,2354.0,993.0,991.0,1009.0
10012.0,2331.0,2344.0,2330.0,993.0,1001.0,1013.0
10123.0,2362.0,2359.0,2356.0,1009.0,1019.0,1018.0
10018.0,2337.0,2329.0,2327.0,1006.0,1011.0,1008.0
9913.0,2321.0,2324.0,2289.0,997.0,988.0,994.0
10093.0,2370.0,2373.0,2341.0,1006.0,998.0,1005.0
10136.0,2354.0,2359.0,2398.0,1012.0,1008.0,1005.0
9915.0,2343.0,2278.0,2321.0,994.0,997.0,982.0
9876.0,2313.0,2275.0,2317.0,991.0,985.0,995.0
9927.0,2298.0,2333.0,2291.0,998.0,999.0,1008.0
9962.0,2304.0,2344.0,2331.0,996.0,1000.0,987.0
10187.0,2383.0,2364.0,2381.0,1021.0,1016.0,1022.0
10194.0,2373.0,2362.0,2398.0,1010.0,1024.0,1027.0
10128.0,2371.0,2353.0,2365.0,1019.0,1012.0,1008.0
9947.0,2321.0,2327.0,2317.0,996.0,989.0,997.0
9942.0,2334.0,2332.0,2301.0,990.0,996.0,989.0
10065.0,2341.0,2365.0,2351.0,1004.0,1006.0,998.0
9962.0,2335.0,2324.0,2314.0,998.0,992.0,999.0
10063.0,2341.0,2350.0,2367.0,1003.0,997.0,1005.0
10049.0,2338.0,2348.0,2365.0,993.0,1006.0,999.0
10203.0,2356.0,2376.0,2391.0,1023.0,1032.0,1025.0
9977.0,2322.0,2334.0,2316.0,995.0,1002.0,1008.0
9954.0,2346.0,2316.0,2316.0,981.0,996.0,999.0
10032.0,2335.0,2320.0,2358.0,998.0,1009.0,1012.0
10090.0,2358.0,2354.0,2366.0,997.0,1006.0,1009.0
10026.0,2336.0,2336.0,2357.0,997.0,999.0,1001.0
10155.0,2337.0,2390.0,2380.0,1029.0,1009.0,1010.0
10171.0,2355.0,2382.0,2370.0,1030.0,1011.0,1023.0
10015.0,2356.0,2326.0,2318.0,1001.0,1008.0,1006.0
10027.0,2327.0,2374.0,2328.0,988.0,1012.0,998.0
9969.0,2320.0,2338.0,2320.0,987.0,1006.0,998.0
10091.0,2335.0,2372.0,2368.0,1000.0,1006.0,1010.0
10144.0,2371.0,2341.0,2402.0,1006.0,1019.0,1005.0
10157.0,2375.0,2359.0,2378.0,1012.0,1019.0,1014.0
10012.0,2339.0,2336.0,2319.0,1005.0,1005.0,1008.0
9985.0,2332.0,2350.0,2313.0,997.0,988.0,1005.0
10018.0,2346.0,2355.0,2326.0,1004.0,992.0,995.0
9976.0,2320.0,2305.0,2354.0,1011.0,994.0,992.0
10026.0,2341.0,2321.0,2351.0,1000.0,1014.0,999.0
10210.0,2397.0,2365.0,2390.0,1016.0,1021.0,1021.0
10051.0,2343.0,2358.0,2337.0,997.0,1010.0,1006.0
10178.0,2349.0,2397.0,2371.0,1016.0,1027.0,1018.0
10152.0,2373.0,2362.0,2358.0,1019.0,1016.0,1024.0
10147.0,2382.0,2361.0,2366.0,1024.0,1007.0,1007.0
10007.0,2317.0,2338.0,2341.0,1009.0,1002.0,1000.0
10103.0,2377.0,2353.0,2352.0,1005.0,1007.0,1009.0
10241.0,2412.0,2390.0,2367.0,1022.0,1031.0,1019.0
10133.0,2380.0,2346.0,2365.0,1011.0,1020.0,1011.0
10180.0,2353.0,2374.0,2388.0,1016.0,1031.0,1018.0
10082.0,2348.0,2351.0,2356.0,1012.0,1008.0,1007.0
10072.0,2372.0,2341.0,2349.0,1000.0,1012.0,998.0
10119.0,2353.0,2359.0,2378.0,1011.0,1010.0,1008.0
10208.0,2386.0,2377.0,2376.0,1025.0,1020.0,1024.0
10079.0,2366.0,2336.0,2334.0,1014.0,1010.0,1019.0
10103.0,2346.0,2384.0,2339.0,1005.0,1006.0,1023.0
9949.0,2310.0,2329.0,2324.0,995.0,998.0,993.0
10094.0,2357.0,2338.0,2365.0,1005.0,1019.0,1010.0
9975.0,2325.0,2319.0,2351.0,990.0,998.0,992.0
10035.0,2323.0,2341.0,2345.0,1006.0,1016.0,1004.0
10083.0,2351.0,2373.0,2339.0,1001.0,1007.0,1012.0
10173.0,2393.0,2362.0,2366.0,1019.0,1018.0,1015.0
10199.0,2384.0,2361.0,2391.0,1016.0,1020.0,1027.0
10064.0,2345.0,2330.0,2372.0,999.0,1005.0,1013.0
10087.0,2378.0,2350.0,2341.0,999.0,1007.0,1012.0
10087.0,2355.0,2348.0,2350.0,1007.0,1013.0,1014.0
10072.0,2347.0,2354.0,2337.0,1010.0,1015.0,1009.0
10171.0,2374.0,2355.0,2361.0,1026.0,1031.0,1024.0
10055.0,2361.0,2312.0,2354.0,1006.0,1019.0,1003.0
10136.0,2352.0,2366.0,2375.0,1017.0,1015.0,1011.0
10275.0,2396.0,2400.0,2409.0,1023.0,1038.0,1009.0
10152.0,2377.0,2370.0,2371.0,1015.0,1010.0,1009.0
10058.0,2360.0,2346.0,2340.0,1002.0,996.0,1014.0
10236.0,2398.0,2364.0,2399.0,1036.0,1014.0,1025.0
10205.0,2359.0,2368.0,2399.0,1040.0,1017.0,1022.0
10224.0,2378.0,2392.0,2386.0,1024.0,1018.0,1026.0
10164.0,2347.0,2357.0,2392.0,1014.0,1028.0,1026.0
10236.0,2398.0,2386.0,2382.0,1020.0,1027.0,1023.0
10113.0,2370.0,2353.0,2350.0,1007.0,1027.0,1006.0
10053.0,2356.0,2341.0,2346.0,1002.0,1005.0,1003.0
10188.0,2361.0,2393.0,2385.0,1011.0,1027.0,1011.0
10017.0,2353.0,2331.0,2349.0,1004.0,995.0,985.0
10296.0,2410.0,2393.0,2422.0,1026.0,1024.0,1021.0
10055.0,2357.0,2324.0,2364.0,1008.0,994.0,1008.0
10206.0,2369.0,2379.0,2400.0,1017.0,1015.0,1026.0
10212.0,2403.0,2383.0,2364.0,1024.0,1022.0,1016.0
10134.0,2375.0,2369.0,2337.0,1012.0,1020.0,1021.0
10184.0,2372.0,2358.0,2385.0,1016.0,1025.0,1028.0
10267.0,2386.0,2388.0,2414.0,1021.0,1031.0,1027.0
10279.0,2421.0,2403.0,2397.0,1018.0,1027.0,1013.0
10159.0,2380.0,2373.0,2364.0,1025.0,1010.0,1007.0
10194.0,2372.0,2391.0,2380.0,1032.0,1011.0,1008.0
10196.0,2389.0,2366.0,2364.0,1020.0,1030.0,1027.0
10208.0,2388.0,2373.0,2382.0,1022.0,1022.0,1021.0
10100.0,2333.0,2365.0,2365.0,1008.0,1018.0,1011.0
10271.0,2393.0,2386.0,2401.0,1018.0,1029.0,1044.0
10237.0,2415.0,2369.0,2389.0,1016.0,1019.0,1029.0
10184.0,2382.0,2352.0,2386.0,1021.0,1017.0,1026.0
10152.0,2358.0,2377.0,2358.0,1022.0,1018.0,1019.0
10114.0,2380.0,2342.0,2365.0,1022.0,998.0,1007.0
10088.0,2363.0,2356.0,2355.0,1008.0,998.0,1008.0
10197.0,2354.0,2382.0,2404.0,1018.0,1018.0,1021.0
10187.0,2375.0,2377.0,2385.0,1014.0,1025.0,1011.0
10324.0,2418.0,2417.0,2398.0,1025.0,1036.0,1030.0
10210.0,2373.0,2385.0,2385.0,1024.0,1023.0,1020.0
10050.0,2348.0,2348.0,2332.0,1003.0,1012.0,1007.0
10384.0,2423.0,2412.0,2414.0,1056.0,1026.0,1053.0
10232.0,2397.0,2364.0,2406.0,1024.0,1021.0,1020.0
10053.0,2344.0,2326.0,2359.0,1006.0,1004.0,1014.0
10357.0,2410.0,2451.0,2410.0,1034.0,1024.0,1028.0
10276.0,2406.0,2423.0,2391.0,1016.0,1024.0,1016.0
10298.0,2405.0,2411.0,2388.0,1044.0,1035.0,1015.0
10194.0,2365.0,2376.0,2378.0,1019.0,1042.0,1014.0
10357.0,2427.0,2403.0,2435.0,1037.0,1035.0,1020.0
10311.0,2410.0,2407.0,2412.0,1031.0,1028.0,1023.0
10148.0,2352.0,2372.0,2384.0,1005.0,1010.0,1025.0
10067.0,2358.0,2352.0,2324.0,1012.0,1002.0,1019.0
10323.0,2447.0,2405.0,2389.0,1026.0,1023.0,1033.0
10347.0,2412.0,2415.0,2423.0,1030.0,1024.0,1043.0
10355.0,2408.0,2429.0,2418.0,1034.0,1023.0,1043.0
10470.0,2446.0,2435.0,2457.0,1052.0,1040.0,1040.0
10311.0,2406.0,2375.0,2429.0,1043.0,1037.0,1021.0
10187.0,2393.0,2344.0,2374.0,1028.0,1032.0,1016.0
10410.0,2430.0,2451.0,2413.0,1036.0,1043.0,1037.0
10282.0,2377.0,2407.0,2403.0,1026.0,1045.0,1024.0
10398.0,2427.0,2411.0,2435.0,1036.0,1043.0,1046.0
10403.0,2414.0,2417.0,2454.0,1032.0,1038.0,1048.0
10079.0,2350.0,2342.0,2355.0,1012.0,1008.0,1012.0
10196.0,2395.0,2385.0,2381.0,1011.0,1008.0,1016.0
10175.0,2356.0,2387.0,2373.0,1025.0,1017.0,1017.0
10320.0,2404.0,2400.0,2425.0,1036.0,1022.0,1033.0
10298.0,2397.0,2388.0,2401.0,1023.0,1049.0,1040.0
10227.0,2390.0,2370.0,2399.0,1017.0,1038.0,1013.0
10143.0,2361.0,2386.0,2369.0,1000.0,1014.0,1013.0
10226.0,2404.0,2384.0,2378.0,1010.0,1030.0,1020.0
10483.0,2454.0,2448.0,2442.0,1052.0,1044.0,1043.0
10252.0,2382.0,2393.0,2402.0,1027.0,1016.0,1032.0
10317.0,2405.0,2405.0,2396.0,1041.0,1033.0,1037.0
10318.0,2406.0,2400.0,2433.0,1025.0,1027.0,1027.0
10243.0,2382.0,2401.0,2397.0,1015.0,1018.0,1030.0
10340.0,2375.0,2410.0,2440.0,1028.0,1045.0,1042.0
10244.0,2399.0,2359.0,2388.0,1017.0,1045.0,1036.0
10367.0,2429.0,2424.0,2404.0,1043.0,1030.0,1037.0
10148.0,2366.0,2372.0,2355.0,1020.0,1019.0,1016.0
10334.0,2402.0,2420.0,2418.0,1037.0,1029.0,1028.0
10310.0,2433.0,2403.0,2398.0,1031.0,1020.0,1025.0
10416.0,2430.0,2420.0,2446.0,1040.0,1040.0,1040.0
10373.0,2407.0,2427.0,2438.0,1029.0,1037.0,1035.0
10299.0,2413.0,2401.0,2384.0,1033.0,1025.0,1043.0
10286.0,2375.0,2430.0,2395.0,1027.0,1024.0,1035.0
10242.0,2395.0,2367.0,2411.0,1010.0,1040.0,1019.0
10288.0,2405.0,2390.0,2416.0,1022.0,1027.0,1028.0
10376.0,2432.0,2406.0,2429.0,1037.0,1039.0,1033.0
10324.0,2414.0,2406.0,2412.0,1044.0,1021.0,1027.0
10318.0,2401.0,2433.0,2409.0,1017.0,1026.0,1032.0
10296.0,2417.0,2409.0,2391.0,1017.0,1027.0,1035.0
10230.0,2406.0,2358.0,2393.0,1017.0,1024.0,1032.0
10324.0,2383.0,2400.0,2435.0,1021.0,1035.0,1050.0
10215.0,2383.0,2384.0,2390.0,1013.0,1021.0,1024.0
10455.0,2426.0,2447.0,2445.0,1047.0,1048.0,1042.0
10408.0,2428.0,2428.0,2424.0,1044.0,1041.0,1043.0
10275.0,2400.0,2374.0,2407.0,1035.0,1028.0,1031.0
10289.0,2422.0,2397.0,2386.0,1024.0,1025.0,1035.0
10365.0,2422.0,2455.0,2401.0,1023.0,1033.0,1031.0
10259.0,2370.0,2408.0,2416.0,1031.0,1015.0,1019.0
10254.0,2388.0,2385.0,2421.0,1025.0,1020.0,1015.0
10351.0,2426.0,2409.0,2425.0,1029.0,1037.0,1025.0
10319.0,2402.0,2400.0,2395.0,1036.0,1042.0,1044.0
10298.0,2373.0,2405.0,2399.0,1038.0,1041.0,1042.0
10362.0,2422.0,2422.0,2394.0,1040.0,1052.0,1032.0
10339.0,2402.0,2408.0,2427.0,1031.0,1038.0,1033.0
10242.0,2369.0,2391.0,2428.0,1014.0,1014.0,1026.0
10301.0,2405.0,2401.0,2427.0,1025.0,1016.0,1027.0
10414.0,2454.0,2442.0,2414.0,1033.0,1031.0,1040.0
10279.0,2409.0,2409.0,2383.0,1033.0,1027.0,1018.0
10342.0,2415.0,2415.0,2414.0,1044.0,1026.0,1028.0
10265.0,2411.0,2362.0,2419.0,1029.0,1027.0,1017.0
10362.0,2418.0,2417.0,2440.0,1021.0,1035.0,1031.0
10223.0,2355.0,2412.0,2368.0,1029.0,1029.0,1030.0
10384.0,2416.0,2437.0,2429.0,1033.0,1032.0,1037.0
10302.0,2416.0,2395.0,2393.0,1032.0,1035.0,1031.0
10341.0,2406.0,2390.0,2427.0,1038.0,1027.0,1053.0
10525.0,2451.0,2475.0,2460.0,1048.0,1045.0,1046.0
10368.0,2420.0,2427.0,2432.0,1039.0,1030.0,1020.0
10219.0,2374.0,2386.0,2387.0,1027.0,1028.0,1017.0
10245.0,2368.0,2405.0,2391.0,1025.0,1031.0,1025.0
10238.0,2404.0,2367.0,2382.0,1026.0,1034.0,1025.0
10547.0,2474.0,2478.0,2452.0,1034.0,1057.0,1052.0
10404.0,2427.0,2433.0,2420.0,1039.0,1041.0,1044.0
10558.0,2453.0,2472.0,2463.0,1059.0,1052.0,1059.0
10336.0,2417.0,2389.0,2441.0,1030.0,1028.0,1031.0
10214.0,2397.0,2371.0,2382.0,1016.0,1023.0,1025.0
10293.0,2405.0,2405.0,2391.0,1028.0,1029.0,1035.0
10369.0,2416.0,2430.0,2403.0,1039.0,1038.0,1043.0
10331.0,2414.0,2421.0,2408.0,1025.0,1038.0,1025.0
10392.0,2410.0,2407.0,2461.0,1038.0,1044.0,1032.0
10319.0,2394.0,2407.0,2405.0,1048.0,1037.0,1028.0
10313.0,2416.0,2400.0,2432.0,1029.0,1019.0,1017.0
10439.0,2424.0,2436.0,2434.0,1057.0,1047.0,1041.0
10355.0,2418.0,2409.0,2409.0,1040.0,1031.0,1048.0
10248.0,2399.0,2381.0,2375.0,1022.0,1030.0,1041.0
10250.0,2399.0,2376.0,2398.0,1028.0,1024.0,1025.0
10462.0,2415.0,2433.0,2458.0,1053.0,1049.0,1054.0
10571.0,2441.0,2490.0,2479.0,1048.0,1060.0,1053.0
10345.0,2425.0,2391.0,2416.0,1029.0,1038.0,1046.0
10259.0,2410.0,2381.0,2377.0,1038.0,1027.0,1026.0
10173.0,2375.0,2365.0,2374.0,1031.0,1018.0,1010.0
10525.0,2452.0,2466.0,2453.0,1058.0,1051.0,1045.0
10507.0,2468.0,2479.0,2428.0,1039.0,1045.0,1048.0
10380.0,2413.0,2424.0,2426.0,1038.0,1038.0,1041.0
10445.0,2435.0,2435.0,2446.0,1038.0,1041.0,1050.0
10417.0,2449.0,2432.0,2409.0,1052.0,1035.0,1040.0
10399.0,2431.0,2441.0,2394.0,1040.0,1044.0,1049.0
10347.0,2385.0,2426.0,2419.0,1041.0,1039.0,1037.0
10457.0,2420.0,2439.0,2459.0,1053.0,1050.0,1036.0
10550.0,2465.0,2451.0,2480.0,1049.0,1056.0,1049.0
10455.0,2449.0,2430.0,2446.0,1042.0,1046.0,1042.0
10363.0,2401.0,2442.0,2425.0,1040.0,1031.0,1024.0
10285.0,2434.0,2400.0,2390.0,1017.0,1016.0,1028.0
10380.0,2437.0,2405.0,2421.0,1034.0,1039.0,1044.0
10416.0,2424.0,2418.0,2439.0,1044.0,1042.0,1049.0
10464.0,2436.0,2441.0,2451.0,1049.0,1045.0,1042.0
10676.0,2501.0,2492.0,2490.0,1067.0,1070.0,1056.0
10561.0,2469.0,2474.0,2458.0,1040.0,1061.0,1059.0
10287.0,2385.0,2402.0,2399.0,1033.0,1033.0,1035.0
10452.0,2443.0,2446.0,2428.0,1042.0,1047.0,1046.0
10473.0,2454.0,2451.0,2446.0,1029.0,1046.0,1047.0
10477.0,2422.0,2468.0,2462.0,1038.0,1048.0,1039.0
10666.0,2507.0,2492.0,2486.0,1074.0,1058.0,1049.0
10441.0,2429.0,2436.0,2431.0,1060.0,1040.0,1045.0
10585.0,2464.0,2463.0,2465.0,1070.0,1065.0,1058.0
10416.0,2409.0,2450.0,2425.0,1045.0,1037.0,1050.0
10292.0,2386.0,2413.0,2390.0,1029.0,1036.0,1038.0
10338.0,2434.0,2411.0,2396.0,1024.0,1027.0,1046.0
10439.0,2430.0,2414.0,2457.0,1046.0,1039.0,1053.0
10434.0,2438.0,2423.0,2449.0,1037.0,1046.0,1041.0
10483.0,2466.0,2456.0,2413.0,1049.0,1048.0,1051.0
10467.0,2427.0,2457.0,2451.0,1054.0,1039.0,1039.0
10480.0,2438.0,2442.0,2451.0,1057.0,1050.0,1042.0
10519.0,2469.0,2446.0,2453.0,1051.0,1059.0,1041.0
10428.0,2432.0,2411.0,2464.0,1036.0,1049.0,1036.0
10466.0,2423.0,2446.0,2454.0,1036.0,1060.0,1047.0
10305.0,2407.0,2423.0,2387.0,1027.0,1032.0,1029.0
10448.0,2460.0,2440.0,2418.0,1043.0,1035.0,1052.0
10430.0,2427.0,2425.0,2433.0,1058.0,1045.0,1042.0
10514.0,2447.0,2459.0,2470.0,1050.0,1038.0,1050.0
10485.0,2440.0,2447.0,2449.0,1047.0,1054.0,1048.0
10418.0,2449.0,2431.0,2426.0,1040.0,1037.0,1035.0
10367.0,2412.0,2413.0,2421.0,1038.0,1050.0,1033.0
10568.0,2469.0,2470.0,2475.0,1045.0,1060.0,1049.0
10470.0,2454.0,2445.0,2442.0,1042.0,1047.0,1040.0
10474.0,2453.0,2444.0,2439.0,1047.0,1050.0,1041.0
10483.0,2434.0,2454.0,2447.0,1046.0,1056.0,1046.0
10452.0,2438.0,2442.0,2443.0,1048.0,1036.0,1045.0
10549.0,2493.0,2427.0,2472.0,1042.0,1046.0,1069.0
10326.0,2422.0,2418.0,2393.0,1034.0,1028.0,1031.0
10684.0,2487.0,2511.0,2489.0,1064.0,1059.0,1074.0
10564.0,2469.0,2460.0,2468.0,1047.0,1061.0,1059.0
10609.0,2458.0,2487.0,2481.0,1059.0,1066.0,1058.0
10689.0,2505.0,2482.0,2505.0,1068.0,1071.0,1058.0
10481.0,2449.0,2437.0,2452.0,1048.0,1054.0,1041.0
10487.0,2463.0,2443.0,2447.0,1044.0,1038.0,1052.0
10556.0,2449.0,2479.0,2465.0,1048.0,1047.0,1068.0
10448.0,2447.0,2426.0,2439.0,1040.0,1043.0,1053.0
10529.0,2473.0,2423.0,2502.0,1045.0,1040.0,1046.0
10530.0,2457.0,2453.0,2454.0,1051.0,1054.0,1061.0
10636.0,2480.0,2501.0,2469.0,1058.0,1061.0,1067.0
10593.0,2496.0,2446.0,2473.0,1064.0,1058.0,1056.0
10395.0,2430.0,2432.0,2411.0,1046.0,1041.0,1035.0
10553.0,2466.0,2429.0,2466.0,1058.0,1074.0,1060.0
10590.0,2471.0,2474.0,2473.0,1061.0,1070.0,1041.0
10571.0,2482.0,2470.0,2469.0,1044.0,1055.0,1051.0
10754.0,2509.0,2524.0,2513.0,1071.0,1068.0,1069.0
10614.0,2461.0,2469.0,2498.0,1061.0,1054.0,1071.0
10572.0,2472.0,2456.0,2480.0,1046.0,1056.0,1062.0
10358.0,2415.0,2422.0,2400.0,1037.0,1043.0,1041.0
10361.0,2393.0,2426.0,2409.0,1047.0,1045.0,1041.0
10650.0,2473.0,2496.0,2485.0,1054.0,1071.0,1071.0
10534.0,2486.0,2447.0,2435.0,1050.0,1058.0,1058.0
10630.0,2493.0,2475.0,2491.0,1059.0,1057.0,1055.0
10610.0,2453.0,2493.0,2478.0,1062.0,1068.0,1056.0
10514.0,2474.0,2478.0,2414.0,1055.0,1044.0,1049.0
10529.0,2464.0,2459.0,2459.0,1055.0,1034.0,1058.0
10536.0,2436.0,2461.0,2468.0,1066.0,1055.0,1050.0
10606.0,2470.0,2479.0,2470.0,1058.0,1062.0,1067.0
10648.0,2491.0,2479.0,2496.0,1056.0,1061.0,1065.0
10798.0,2510.0,2540.0,2509.0,1071.0,1089.0,1079.0
10457.0,2421.0,2441.0,2442.0,1041.0,1060.0,1052.0
10498.0,2457.0,2434.0,2456.0,1042.0,1059.0,1050.0
10574.0,2481.0,2468.0,2461.0,1065.0,1045.0,1054.0
10562.0,2434.0,2468.0,2468.0,1068.0,1063.0,1061.0
10529.0,2467.0,2456.0,2457.0,1059.0,1046.0,1044.0
10508.0,2471.0,2417.0,2473.0,1054.0,1040.0,1053.0
10695.0,2492.0,2483.0,2489.0,1073.0,1076.0,1082.0
10468.0,2447.0,2425.0,2440.0,1045.0,1060.0,1051.0
10545.0,2471.0,2482.0,2444.0,1040.0,1058.0,1050.0
10600.0,2465.0,2478.0,2472.0,1060.0,1064.0,1061.0
10632.0,2458.0,2479.0,2492.0,1073.0,1063.0,1067.0
10561.0,2476.0,2453.0,2455.0,1072.0,1042.0,1063.0
10919.0,2588.0,2521.0,2530.0,1095.0,1091.0,1094.0
10698.0,2502.0,2518.0,2479.0,1074.0,1064.0,1061.0
10576.0,2458.0,2490.0,2469.0,1047.0,1051.0,1061.0
10778.0,2507.0,2517.0,2539.0,1062.0,1073.0,1080.0
10488.0,2457.0,2418.0,2481.0,1044.0,1054.0,1034.0
10452.0,2413.0,2445.0,2454.0,1041.0,1049.0,1050.0
10555.0,2465.0,2462.0,2458.0,1048.0,1057.0,1065.0
10711.0,2507.0,2508.0,2490.0,1064.0,1065.0,1077.0
10582.0,2469.0,2469.0,2449.0,1069.0,1059.0,1067.0
10561.0,2468.0,2452.0,2476.0,1057.0,1055.0,1053.0
10709.0,2528.0,2499.0,2490.0,1061.0,1069.0,1062.0
10493.0,2457.0,2441.0,2454.0,1049.0,1042.0,1050.0
10457.0,2455.0,2452.0,2425.0,1046.0,1044.0,1035.0
10697.0,2509.0,2503.0,2476.0,1076.0,1072.0,1061.0
10528.0,2488.0,2443.0,2438.0,1055.0,1054.0,1050.0
10545.0,2446.0,2444.0,2467.0,1062.0,1065.0,1061.0
10737.0,2504.0,2514.0,2498.0,1072.0,1073.0,1076.0
10760.0,2518.0,2507.0,2505.0,1079.0,1074.0,1077.0
10472.0,2448.0,2447.0,2437.0,1043.0,1045.0,1052.0
10601.0,2455.0,2480.0,2477.0,1055.0,1063.0,1071.0
10578.0,2470.0,2454.0,2465.0,1066.0,1056.0,1067.0
10792.0,2546.0,2527.0,2504.0,1073.0,1068.0,1074.0
10992.0,2567.0,2565.0,2573.0,1100.0,1100.0,1087.0
10695.0,2479.0,2484.0,2518.0,1068.0,1079.0,1067.0
10633.0,2527.0,2453.0,2446.0,1065.0,1077.0,1065.0
10629.0,2488.0,2495.0,2466.0,1055.0,1060.0,1065.0
10700.0,2481.0,2523.0,2474.0,1067.0,1081.0,1074.0
10658.0,2492.0,2507.0,2472.0,1062.0,1062.0,1063.0
10631.0,2504.0,2443.0,2488.0,1067.0,1055.0,1074.0
10775.0,2513.0,2490.0,2534.0,1078.0,1071.0,1089.0
10688.0,2487.0,2501.0,2496.0,1070.0,1070.0,1064.0
10746.0,2514.0,2505.0,2493.0,1072.0,1076.0,1086.0
10712.0,2496.0,2518.0,2492.0,1070.0,1071.0,1065.0
10556.0,2466.0,2447.0,2480.0,1047.0,1068.0,1048.0
10765.0,2506.0,2518.0,2498.0,1081.0,1093.0,1069.0
10757.0,2515.0,2528.0,2513.0,1062.0,1070.0,1069.0
10714.0,2486.0,2528.0,2502.0,1075.0,1057.0,1066.0
10673.0,2476.0,2502.0,2495.0,1061.0,1065.0,1074.0
10805.0,2533.0,2511.0,2528.0,1087.0,1068.0,1078.0
10548.0,2478.0,2454.0,2452.0,1062.0,1043.0,1059.0
10583.0,2450.0,2476.0,2465.0,1061.0,1070.0,1061.0
10641.0,2502.0,2468.0,2494.0,1060.0,1058.0,1059.0
10699.0,2501.0,2479.0,2507.0,1068.0,1072.0,1072.0
10656.0,2487.0,2473.0,2502.0,1060.0,1072.0,1062.0
10533.0,2456.0,2460.0,2447.0,1069.0,1054.0,1047.0
10675.0,2493.0,2514.0,2483.0,1065.0,1061.0,1059.0
10660.0,2493.0,2498.0,2474.0,1083.0,1062.0,1050.0
10750.0,2502.0,2496.0,2527.0,1074.0,1065.0,1086.0
10741.0,2514.0,2504.0,2507.0,1070.0,1072.0,1074.0
10609.0,2506.0,2468.0,2471.0,1047.0,1057.0,1060.0
10716.0,2500.0,2490.0,2489.0,1068.0,1084.0,1085.0
10547.0,2460.0,2457.0,2453.0,1052.0,1065.0,1060.0
10730.0,2482.0,2499.0,2503.0,1082.0,1086.0,1078.0
10579.0,2478.0,2467.0,2469.0,1063.0,1056.0,1046.0
10600.0,2450.0,2471.0,2497.0,1065.0,1065.0,1052.0
10702.0,2485.0,2514.0,2496.0,1076.0,1069.0,1062.0
10735.0,2515.0,2508.0,2504.0,1072.0,1067.0,1069.0
10668.0,2501.0,2495.0,2473.0,1070.0,1065.0,1064.0
10533.0,2459.0,2450.0,2445.0,1058.0,1060.0,1061.0
10775.0,2515.0,2510.0,2512.0,1072.0,1092.0,1074.0
10926.0,2543.0,2560.0,2541.0,1103.0,1096.0,1083.0
10677.0,2476.0,2477.0,2503.0,1080.0,1067.0,1074.0
10606.0,2481.0,2454.0,2473.0,1074.0,1059.0,1065.0
10673.0,2504.0,2459.0,2512.0,1063.0,1068.0,1067.0
10732.0,2497.0,2518.0,2489.0,1074.0,1083.0,1071.0
10685.0,2496.0,2519.0,2484.0,1060.0,1062.0,1064.0
10635.0,2493.0,2485.0,2488.0,1059.0,1061.0,1049.0
10771.0,2516.0,2504.0,2525.0,1077.0,1076.0,1073.0
10698.0,2475.0,2485.0,2503.0,1073.0,1085.0,1077.0
10780.0,2532.0,2501.0,2508.0,1082.0,1078.0,1079.0
10712.0,2498.0,2516.0,2481.0,1072.0,1074.0,1071.0
10719.0,2502.0,2512.0,2489.0,1072.0,1068.0,1076.0
10730.0,2478.0,2512.0,2524.0,1075.0,1063.0,1078.0
10714.0,2516.0,2503.0,2487.0,1079.0,1062.0,1067.0
10813.0,2532.0,2523.0,2537.0,1077.0,1067.0,1077.0
10692.0,2473.0,2498.0,2497.0,1084.0,1080.0,1060.0
10598.0,2483.0,2486.0,2435.0,1066.0,1067.0,1061.0
10784.0,2515.0,2505.0,2524.0,1076.0,1079.0,1085.0
10650.0,2481.0,2469.0,2493.0,1068.0,1073.0,1066.0
10833.0,2504.0,2518.0,2550.0,1085.0,1087.0,1089.0
10815.0,2526.0,2533.0,2519.0,1068.0,1084.0,1085.0
10771.0,2530.0,2511.0,2507.0,1066.0,1067.0,1090.0
10726.0,2486.0,2497.0,2510.0,1078.0,1079.0,1076.0
10698.0,2506.0,2491.0,2484.0,1082.0,1059.0,1076.0
10855.0,2544.0,2526.0,2545.0,1082.0,1075.0,1083.0
10986.0,2532.0,2572.0,2568.0,1103.0,1113.0,1098.0
10758.0,2502.0,2502.0,2520.0,1079.0,1086.0,1069.0
10713.0,2505.0,2480.0,2506.0,1068.0,1081.0,1073.0
10735.0,2513.0,2467.0,2524.0,1071.0,1083.0,1077.0
10612.0,2443.0,2513.0,2454.0,1067.0,1065.0,1070.0
10683.0,2482.0,2509.0,2474.0,1074.0,1073.0,1071.0
10827.0,2523.0,2518.0,2541.0,1088.0,1073.0,1084.0
10760.0,2504.0,2488.0,2528.0,1081.0,1071.0,1088.0
10802.0,2498.0,2510.0,2533.0,1092.0,1087.0,1082.0
10778.0,2505.0,2538.0,2488.0,1072.0,1091.0,1084.0
10797.0,2516.0,2533.0,2521.0,1071.0,1079.0,1077.0
10865.0,2525.0,2548.0,2534.0,1078.0,1097.0,1083.0
10794.0,2520.0,2503.0,2538.0,1074.0,1087.0,1072.0
10754.0,2509.0,2504.0,2515.0,1075.0,1078.0,1073.0
10854.0,2523.0,2546.0,2544.0,1083.0,1077.0,1081.0
10824.0,2503.0,2535.0,2524.0,1091.0,1074.0,1097.0
10728.0,2515.0,2499.0,2497.0,1071.0,1070.0,1076.0
10699.0,2516.0,2464.0,2489.0,1077.0,1063.0,1090.0
10560.0,2455.0,2479.0,2446.0,1058.0,1058.0,1064.0
10831.0,2517.0,2540.0,2535.0,1077.0,1086.0,1076.0
10920.0,2566.0,2553.0,2534.0,1087.0,1105.0,1075.0
10893.0,2531.0,2520.0,2555.0,1094.0,1104.0,1089.0
10842.0,2512.0,2527.0,2532.0,1101.0,1086.0,1084.0
10853.0,2521.0,2530.0,2526.0,1098.0,1096.0,1082.0
10678.0,2490.0,2497.0,2472.0,1075.0,1070.0,1074.0
10798.0,2500.0,2517.0,2551.0,1077.0,1070.0,1083.0
10774.0,2508.0,2500.0,2535.0,1069.0,1079.0,1083.0
10979.0,2600.0,2539.0,2568.0,1086.0,1090.0,1096.0
10900.0,2526.0,2553.0,2537.0,1088.0,1095.0,1101.0
10802.0,2497.0,2536.0,2502.0,1098.0,1089.0,1080.0
10795.0,2524.0,2530.0,2506.0,1079.0,1084.0,1072.0
10688.0,2511.0,2490.0,2484.0,1069.0,1069.0,1065.0
10759.0,2498.0,2500.0,2525.0,1079.0,1085.0,1072.0
10814.0,2526.0,2522.0,2534.0,1085.0,1074.0,1073.0
10894.0,2551.0,2537.0,2551.0,1086.0,1088.0,1081.0
10817.0,2516.0,2539.0,2524.0,1082.0,1079.0,1077.0
10773.0,2509.0,2496.0,2517.0,1093.0,1084.0,1074.0
10945.0,2545.0,2549.0,2554.0,1101.0,1096.0,1100.0
10710.0,2474.0,2517.0,2497.0,1073.0,1081.0,1068.0
10835.0,2515.0,2549.0,2505.0,1080.0,1093.0,1093.0
10723.0,2508.0,2488.0,2510.0,1061.0,1071.0,1085.0
10773.0,2533.0,2515.0,2492.0,1079.0,1076.0,1078.0
10921.0,2541.0,2548.0,2546.0,1105.0,1091.0,1090.0
10837.0,2514.0,2546.0,2532.0,1090.0,1081.0,1074.0
10800.0,2544.0,2521.0,2507.0,1081.0,1076.0,1071.0
10896.0,2529.0,2544.0,2553.0,1095.0,1091.0,1084.0
10765.0,2507.0,2491.0,2541.0,1069.0,1079.0,1078.0
10928.0,2547.0,2545.0,2543.0,1085.0,1106.0,1102.0
10927.0,2566.0,2552.0,2529.0,1094.0,1092.0,1094.0
10915.0,2529.0,2566.0,2546.0,1093.0,1085.0,1096.0
10794.0,2526.0,2514.0,2516.0,1073.0,1085.0,1080.0
10893.0,2545.0,2537.0,2546.0,1092.0,1089.0,1084.0
10758.0,2517.0,2489.0,2521.0,1092.0,1066.0,1073.0
10858.0,2531.0,2529.0,2540.0,1092.0,1085.0,1081.0
10793.0,2544.0,2522.0,2500.0,1086.0,1072.0,1069.0
10851.0,2565.0,2521.0,2518.0,1088.0,1086.0,1073.0
10838.0,2523.0,2522.0,2533.0,1080.0,1093.0,1087.0
10797.0,2522.0,2528.0,2536.0,1060.0,1076.0,1075.0
10816.0,2509.0,2529.0,2535.0,1066.0,1089.0,1088.0
10888.0,2528.0,2542.0,2566.0,1087.0,1081.0,1084.0
10918.0,2548.0,2561.0,2525.0,1095.0,1085.0,1104.0
10687.0,2489.0,2501.0,2486.0,1073.0,1067.0,1071.0
10881.0,2552.0,2527.0,2531.0,1096.0,1088.0,1087.0
10994.0,2567.0,2574.0,2567.0,1095.0,1103.0,1088.0
10794.0,2514.0,2541.0,2523.0,1068.0,1081.0,1067.0
10870.0,2542.0,2524.0,2554.0,1086.0,1084.0,1080.0
10791.0,2547.0,2506.0,2484.0,1088.0,1080.0,1086.0
10806.0,2518.0,2511.0,2513.0,1080.0,1095.0,1089.0
11002.0,2563.0,2576.0,2565.0,1109.0,1091.0,1098.0
11022.0,2588.0,2577.0,2559.0,1099.0,1092.0,1107.0
10887.0,2563.0,2521.0,2527.0,1092.0,1085.0,1099.0
10877.0,2534.0,2518.0,2555.0,1089.0,1089.0,1092.0
10968.0,2579.0,2553.0,2549.0,1092.0,1091.0,1104.0
10870.0,2537.0,2567.0,2515.0,1084.0,1086.0,1081.0
11025.0,2563.0,2573.0,2581.0,1100.0,1110.0,1098.0
11002.0,2550.0,2585.0,2554.0,1096.0,1116.0,1101.0
10997.0,2585.0,2546.0,2574.0,1101.0,1099.0,1092.0
10959.0,2544.0,2550.0,2581.0,1099.0,1088.0,1097.0
10868.0,2513.0,2537.0,2554.0,1084.0,1085.0,1095.0
10789.0,2522.0,2533.0,2495.0,1076.0,1084.0,1079.0
10840.0,2536.0,2509.0,2524.0,1081.0,1090.0,1100.0
11071.0,2600.0,2567.0,2579.0,1108.0,1106.0,1111.0
11025.0,2572.0,2579.0,2566.0,1107.0,1097.0,1104.0
11149.0,2631.0,2584.0,2594.0,1120.0,1113.0,1107.0
10898.0,2522.0,2553.0,2543.0,1099.0,1095.0,1086.0
10827.0,2521.0,2515.0,2531.0,1090.0,1084.0,1086.0
10982.0,2593.0,2566.0,2547.0,1090.0,1093.0,1093.0
10829.0,2518.0,2512.0,2544.0,1079.0,1085.0,1091.0
10987.0,2546.0,2588.0,2567.0,1097.0,1084.0,1105.0
10862.0,2536.0,2551.0,2524.0,1080.0,1077.0,1094.0
11008.0,2569.0,2562.0,2576.0,1093.0,1093.0,1115.0
10993.0,2554.0,2557.0,2571.0,1105.0,1105.0,1101.0
11085.0,2586.0,2591.0,2568.0,1113.0,1121.0,1106.0
10936.0,2555.0,2550.0,2558.0,1090.0,1095.0,1088.0
10964.0,2559.0,2553.0,2568.0,1093.0,1104.0,1087.0
10904.0,2553.0,2552.0,2533.0,1083.0,1094.0,1089.0
11130.0,2607.0,2591.0,2621.0,1104.0,1099.0,1108.0
10904.0,2572.0,2540.0,2539.0,1089.0,1087.0,1077.0
10995.0,2577.0,2587.0,2536.0,1104.0,1094.0,1097.0
10913.0,2542.0,2545.0,2530.0,1105.0,1093.0,1098.0
10853.0,2537.0,2511.0,2539.0,1084.0,1090.0,1092.0
10972.0,2580.0,2543.0,2564.0,1086.0,1101.0,1098.0
10858.0,2524.0,2552.0,2531.0,1081.0,1082.0,1088.0
10897.0,2534.0,2555.0,2544.0,1082.0,1098.0,1084.0
10919.0,2546.0,2531.0,2552.0,1092.0,1100.0,1098.0
11085.0,2606.0,2591.0,2567.0,1114.0,1110.0,1097.0
10955.0,2564.0,2546.0,2555.0,1113.0,1087.0,1090.0
10835.0,2525.0,2533.0,2549.0,1074.0,1073.0,1081.0
10946.0,2550.0,2559.0,2573.0,1087.0,1084.0,1093.0
10844.0,2524.0,2541.0,2540.0,1077.0,1086.0,1076.0
10823.0,2514.0,2516.0,2528.0,1078.0,1092.0,1095.0
11021.0,2596.0,2567.0,2562.0,1092.0,1105.0,1099.0
10962.0,2556.0,2570.0,2542.0,1090.0,1095.0,1109.0
11031.0,2548.0,2590.0,2579.0,1106.0,1103.0,1105.0
10969.0,2569.0,2539.0,2575.0,1102.0,1088.0,1096.0
10985.0,2566.0,2542.0,2586.0,1104.0,1088.0,1099.0
10920.0,2537.0,2528.0,2566.0,1102.0,1096.0,1091.0
10966.0,2560.0,2593.0,2535.0,1097.0,1092.0,1089.0
11108.0,2585.0,2607.0,2581.0,1113.0,1117.0,1105.0
11061.0,2580.0,2577.0,2577.0,1105.0,1110.0,1112.0
11063.0,2586.0,2573.0,2587.0,1089.0,1107.0,1121.0
11127.0,2601.0,2577.0,2606.0,1119.0,1101.0,1123.0
10938.0,2545.0,2559.0,2561.0,1089.0,1092.0,1092.0
11032.0,2564.0,2590.0,2577.0,1096.0,1104.0,1101.0
10985.0,2577.0,2555.0,2554.0,1107.0,1101.0,1091.0
10856.0,2556.0,2538.0,2532.0,1080.0,1074.0,1076.0
10999.0,2568.0,2573.0,2571.0,1093.0,1103.0,1091.0
10945.0,2532.0,2565.0,2573.0,1097.0,1095.0,1083.0
11083.0,2600.0,2583.0,2582.0,1111.0,1107.0,1100.0
10937.0,2548.0,2556.0,2546.0,1093.0,1103.0,1091.0
10900.0,2537.0,2528.0,2549.0,1106.0,1094.0,1086.0
11037.0,2572.0,2578.0,2559.0,1117.0,1107.0,1104.0
11193.0,2622.0,2622.0,2592.0,1107.0,1119.0,1131.0
10930.0,2529.0,2554.0,2562.0,1089.0,1089.0,1107.0
11131.0,2593.0,2582.0,2616.0,1099.0,1109.0,1132.0
11044.0,2623.0,2559.0,2569.0,1099.0,1094.0,1100.0
11064.0,2563.0,2571.0,2593.0,1111.0,1114.0,1112.0
10903.0,2537.0,2555.0,2542.0,1099.0,1087.0,1083.0
10989.0,2571.0,2545.0,2568.0,1100.0,1101.0,1104.0
11062.0,2591.0,2580.0,2584.0,1102.0,1101.0,1104.0
11227.0,2616.0,2602.0,2645.0,1121.0,1120.0,1123.0
11074.0,2563.0,2588.0,2594.0,1107.0,1107.0,1115.0
10886.0,2575.0,2547.0,2513.0,1081.0,1081.0,1089.0
10947.0,2564.0,2560.0,2536.0,1095.0,1086.0,1106.0
10947.0,2552.0,2543.0,2557.0,1097.0,1101.0,1097.0
10983.0,2561.0,2554.0,2573.0,1101.0,1095.0,1099.0
11255.0,2639.0,2600.0,2631.0,1128.0,1126.0,1131.0
11163.0,2587.0,2608.0,2616.0,1117.0,1119.0,1116.0
11070.0,2589.0,2595.0,2559.0,1110.0,1114.0,1103.0
10981.0,2566.0,2552.0,2556.0,1095.0,1116.0,1096.0
10991.0,2567.0,2575.0,2553.0,1099.0,1103.0,1094.0
11113.0,2589.0,2593.0,2596.0,1105.0,1108.0,1122.0
11091.0,2591.0,2601.0,2581.0,1103.0,1099.0,1116.0
11224.0,2633.0,2588.0,2634.0,1124.0,1117.0,1128.0
11104.0,2599.0,2565.0,2591.0,1107.0,1114.0,1128.0
10884.0,2523.0,2537.0,2530.0,1100.0,1104.0,1090.0
10979.0,2581.0,2554.0,2557.0,1091.0,1101.0,1095.0
10915.0,2560.0,2550.0,2545.0,1083.0,1094.0,1083.0
11097.0,2578.0,2586.0,2601.0,1110.0,1107.0,1115.0
10977.0,2555.0,2559.0,2586.0,1097.0,1099.0,1081.0
11073.0,2593.0,2574.0,2587.0,1115.0,1099.0,1105.0
11149.0,2590.0,2615.0,2609.0,1121.0,1096.0,1118.0
11138.0,2594.0,2612.0,2583.0,1118.0,1113.0,1118.0
11139.0,2611.0,2575.0,2611.0,1112.0,1110.0,1120.0
11136.0,2614.0,2591.0,2602.0,1110.0,1103.0,1116.0
11069.0,2563.0,2595.0,2577.0,1103.0,1112.0,1119.0
11047.0,2563.0,2583.0,2592.0,1102.0,1109.0,1098.0
11256.0,2616.0,2647.0,2607.0,1136.0,1130.0,1120.0
11259.0,2623.0,2628.0,2618.0,1137.0,1124.0,1129.0
