[2026-07-16T18:02:46] Scheduler started
[2026-07-16T18:02:47] Started split_multichannel | split_multichannel_024_yearly_high_mag_noise10_lt3 | run_1 | freq=52 | noise=1 | magnitude=200 | lead_time=3 | PID 3630846 | GPU 0
[2026-07-16T18:02:50] Started split_multichannel | split_multichannel_024_yearly_high_mag_noise10_lt3 | run_5 | freq=52 | noise=1 | magnitude=200 | lead_time=3 | PID 3630856 | GPU 1
[2026-07-16T18:02:54] Started split_multichannel | split_multichannel_025_yearly_high_mag_noise100_lt1 | run_1 | freq=52 | noise=1 | magnitude=200 | lead_time=1 | PID 3630975 | GPU 2
[2026-07-16T18:02:57] Started split_multichannel | split_multichannel_025_yearly_high_mag_noise100_lt1 | run_6 | freq=52 | noise=1 | magnitude=200 | lead_time=1 | PID 3630989 | GPU 3
[2026-07-16T18:03:00] Started split_multichannel | split_multichannel_026_yearly_high_mag_noise100_lt2 | run_0 | freq=52 | noise=1 | magnitude=200 | lead_time=2 | PID 3631000 | GPU 4
[2026-07-16T18:03:04] Started split_multichannel | split_multichannel_026_yearly_high_mag_noise100_lt2 | run_4 | freq=52 | noise=1 | magnitude=200 | lead_time=2 | PID 3631011 | GPU 5
[2026-07-16T18:03:07] Started split_multichannel | split_multichannel_026_yearly_high_mag_noise100_lt2 | run_8 | freq=52 | noise=1 | magnitude=200 | lead_time=2 | PID 3631025 | GPU 6
[2026-07-16T18:03:10] Started split_multichannel | split_multichannel_027_yearly_high_mag_noise100_lt3 | run_2 | freq=52 | noise=1 | magnitude=200 | lead_time=3 | PID 3631037 | GPU 7
[2026-07-16T18:03:14] Started split_multichannel | split_multichannel_027_yearly_high_mag_noise100_lt3 | run_9 | freq=52 | noise=1 | magnitude=200 | lead_time=3 | PID 3631048 | GPU 7
[2026-07-16T18:03:17] Started split_multichannel | split_multichannel_028_half_yearly_low_mag_noise0_lt1 | run_3 | freq=26 | noise=1 | magnitude=50 | lead_time=1 | PID 3631060 | GPU 0
[2026-07-16T18:03:20] Started split_multichannel | split_multichannel_028_half_yearly_low_mag_noise0_lt1 | run_7 | freq=26 | noise=1 | magnitude=50 | lead_time=1 | PID 3631068 | GPU 5
[2026-07-16T18:03:24] Started split_multichannel | split_multichannel_029_half_yearly_low_mag_noise0_lt2 | run_2 | freq=26 | noise=1 | magnitude=50 | lead_time=2 | PID 3631085 | GPU 6
[2026-07-16T18:03:27] Started split_multichannel | split_multichannel_029_half_yearly_low_mag_noise0_lt2 | run_6 | freq=26 | noise=1 | magnitude=50 | lead_time=2 | PID 3631126 | GPU 1
[2026-07-16T18:03:30] Started split_multichannel | split_multichannel_030_half_yearly_low_mag_noise0_lt3 | run_0 | freq=26 | noise=1 | magnitude=50 | lead_time=3 | PID 3631198 | GPU 2
[2026-07-16T18:03:33] Started split_multichannel | split_multichannel_030_half_yearly_low_mag_noise0_lt3 | run_5 | freq=26 | noise=1 | magnitude=50 | lead_time=3 | PID 3631268 | GPU 3
[2026-07-16T18:03:37] Started split_multichannel | split_multichannel_031_half_yearly_low_mag_noise10_lt1 | run_0 | freq=26 | noise=1 | magnitude=50 | lead_time=1 | PID 3631350 | GPU 4
[2026-07-16T18:03:40] Started split_multichannel | split_multichannel_031_half_yearly_low_mag_noise10_lt1 | run_5 | freq=26 | noise=1 | magnitude=50 | lead_time=1 | PID 3631417 | GPU 4
[2026-07-16T18:03:43] Started split_multichannel | split_multichannel_031_half_yearly_low_mag_noise10_lt1 | run_9 | freq=26 | noise=1 | magnitude=50 | lead_time=1 | PID 3631470 | GPU 3
[2026-07-16T18:03:47] Started split_multichannel | split_multichannel_032_half_yearly_low_mag_noise10_lt2 | run_3 | freq=26 | noise=1 | magnitude=50 | lead_time=2 | PID 3631665 | GPU 2
[2026-07-16T18:03:50] Started split_multichannel | split_multichannel_032_half_yearly_low_mag_noise10_lt2 | run_7 | freq=26 | noise=1 | magnitude=50 | lead_time=2 | PID 3631706 | GPU 6
[2026-07-16T18:03:53] Started split_multichannel | split_multichannel_033_half_yearly_low_mag_noise10_lt3 | run_1 | freq=26 | noise=1 | magnitude=50 | lead_time=3 | PID 3631735 | GPU 0
[2026-07-16T18:03:57] Started split_multichannel | split_multichannel_033_half_yearly_low_mag_noise10_lt3 | run_5 | freq=26 | noise=1 | magnitude=50 | lead_time=3 | PID 3631852 | GPU 1
[2026-07-16T18:04:00] Started split_multichannel | split_multichannel_033_half_yearly_low_mag_noise10_lt3 | run_9 | freq=26 | noise=1 | magnitude=50 | lead_time=3 | PID 3631860 | GPU 5
[2026-07-16T18:04:03] Started split_multichannel | split_multichannel_034_half_yearly_low_mag_noise100_lt1 | run_3 | freq=26 | noise=1 | magnitude=50 | lead_time=1 | PID 3631868 | GPU 7
[2026-07-16T18:04:07] Started split_multichannel | split_multichannel_034_half_yearly_low_mag_noise100_lt1 | run_9 | freq=26 | noise=1 | magnitude=50 | lead_time=1 | PID 3631879 | GPU 7
[2026-07-16T18:04:13] Started split_multichannel | split_multichannel_045_half_yearly_medium_mag_noise100_lt3 | run_0 | freq=26 | noise=1 | magnitude=100 | lead_time=3 | PID 3631932 | GPU 2
[2026-07-16T18:04:21] Started split_multichannel | split_multichannel_061_quarterly_low_mag_noise100_lt1 | run_6 | freq=13 | noise=1 | magnitude=50 | lead_time=1 | PID 3632022 | GPU 0
[2026-07-16T18:04:28] Started split_multichannel | split_multichannel_075_quarterly_high_mag_noise0_lt3 | run_8 | freq=13 | noise=1 | magnitude=200 | lead_time=3 | PID 3632114 | GPU 5
[2026-07-16T18:04:32] Started split_multichannel | split_multichannel_076_quarterly_high_mag_noise10_lt1 | run_2 | freq=13 | noise=1 | magnitude=200 | lead_time=1 | PID 3632121 | GPU 1
[2026-07-16T18:04:44] Started local_timemixer | local_timemixer_002_yearly_low_mag_noise0_lt2 | run_1 | freq=52 | noise=1 | magnitude=50 | lead_time=2 | PID 3632334 | GPU 4
[2026-07-16T18:04:48] Started local_timemixer | local_timemixer_002_yearly_low_mag_noise0_lt2 | run_5 | freq=52 | noise=1 | magnitude=50 | lead_time=2 | PID 3632596 | GPU 6
[2026-07-16T18:05:02] Started local_timemixer | local_timemixer_041_half_yearly_medium_mag_noise10_lt2 | run_7 | freq=26 | noise=1 | magnitude=100 | lead_time=2 | PID 3633173 | GPU 3
[2026-07-16T18:06:56] Finished split_multichannel | split_multichannel_061_quarterly_low_mag_noise100_lt1 | run_6 | freq=13 | noise=1 | magnitude=50 | lead_time=1
[2026-07-16T18:06:57] Started split_multichannel | split_multichannel_035_half_yearly_low_mag_noise100_lt2 | run_3 | freq=26 | noise=1 | magnitude=50 | lead_time=2 | PID 3636061 | GPU 0
[2026-07-16T18:07:00] Started split_multichannel | split_multichannel_036_half_yearly_low_mag_noise100_lt3 | run_0 | freq=26 | noise=1 | magnitude=50 | lead_time=3 | PID 3636072 | GPU 7
[2026-07-16T18:07:03] Started split_multichannel | split_multichannel_036_half_yearly_low_mag_noise100_lt3 | run_4 | freq=26 | noise=1 | magnitude=50 | lead_time=3 | PID 3636188 | GPU 7
[2026-07-16T18:07:07] Started split_multichannel | split_multichannel_037_half_yearly_medium_mag_noise0_lt1 | run_0 | freq=26 | noise=1 | magnitude=100 | lead_time=1 | PID 3636254 | GPU 0
[2026-07-16T18:07:10] Started split_multichannel | split_multichannel_037_half_yearly_medium_mag_noise0_lt1 | run_4 | freq=26 | noise=1 | magnitude=100 | lead_time=1 | PID 3636280 | GPU 5
[2026-07-16T18:07:13] Started split_multichannel | split_multichannel_037_half_yearly_medium_mag_noise0_lt1 | run_8 | freq=26 | noise=1 | magnitude=100 | lead_time=1 | PID 3636288 | GPU 5
[2026-07-16T18:07:17] Started split_multichannel | split_multichannel_038_half_yearly_medium_mag_noise0_lt2 | run_2 | freq=26 | noise=1 | magnitude=100 | lead_time=2 | PID 3636296 | GPU 7
[2026-07-16T18:07:20] Started split_multichannel | split_multichannel_038_half_yearly_medium_mag_noise0_lt2 | run_7 | freq=26 | noise=1 | magnitude=100 | lead_time=2 | PID 3636341 | GPU 1
[2026-07-16T18:07:23] Started split_multichannel | split_multichannel_039_half_yearly_medium_mag_noise0_lt3 | run_1 | freq=26 | noise=1 | magnitude=100 | lead_time=3 | PID 3636421 | GPU 0
[2026-07-16T18:07:27] Started split_multichannel | split_multichannel_039_half_yearly_medium_mag_noise0_lt3 | run_5 | freq=26 | noise=1 | magnitude=100 | lead_time=3 | PID 3636494 | GPU 2
[2026-07-16T18:07:30] Started split_multichannel | split_multichannel_040_half_yearly_medium_mag_noise10_lt1 | run_0 | freq=26 | noise=1 | magnitude=100 | lead_time=1 | PID 3636577 | GPU 1
[2026-07-16T18:07:41] Started split_multichannel | split_multichannel_069_quarterly_medium_mag_noise10_lt3 | run_6 | freq=13 | noise=1 | magnitude=100 | lead_time=3 | PID 3636814 | GPU 5
[2026-07-16T18:07:49] Started split_multichannel | split_multichannel_088_half_quarterly_low_mag_noise100_lt1 | run_0 | freq=7 | noise=1 | magnitude=50 | lead_time=1 | PID 3637093 | GPU 6
[2026-07-16T18:07:54] Started split_multichannel | split_multichannel_097_half_quarterly_medium_mag_noise100_lt1 | run_8 | freq=7 | noise=1 | magnitude=100 | lead_time=1 | PID 3637148 | GPU 3
[2026-07-16T18:07:59] Started split_multichannel | split_multichannel_102_half_quarterly_high_mag_noise0_lt3 | run_3 | freq=7 | noise=1 | magnitude=200 | lead_time=3 | PID 3637175 | GPU 3
[2026-07-16T18:08:26] Started local_timemixer | local_timemixer_083_half_quarterly_low_mag_noise0_lt2 | run_9 | freq=7 | noise=1 | magnitude=50 | lead_time=2 | PID 3637786 | GPU 0
[2026-07-16T18:08:30] Started local_timemixer | local_timemixer_085_half_quarterly_low_mag_noise10_lt1 | run_9 | freq=7 | noise=1 | magnitude=50 | lead_time=1 | PID 3637818 | GPU 4
[2026-07-16T18:08:33] Started local_timemixer | local_timemixer_086_half_quarterly_low_mag_noise10_lt2 | run_3 | freq=7 | noise=1 | magnitude=50 | lead_time=2 | PID 3637829 | GPU 4
[2026-07-16T18:10:11] Finished split_multichannel | split_multichannel_097_half_quarterly_medium_mag_noise100_lt1 | run_8 | freq=7 | noise=1 | magnitude=100 | lead_time=1
[2026-07-16T18:10:12] Started split_multichannel | split_multichannel_040_half_yearly_medium_mag_noise10_lt1 | run_4 | freq=26 | noise=1 | magnitude=100 | lead_time=1 | PID 3640814 | GPU 6
[2026-07-16T18:10:15] Started split_multichannel | split_multichannel_040_half_yearly_medium_mag_noise10_lt1 | run_8 | freq=26 | noise=1 | magnitude=100 | lead_time=1 | PID 3640932 | GPU 6
[2026-07-16T18:10:18] Started split_multichannel | split_multichannel_041_half_yearly_medium_mag_noise10_lt2 | run_3 | freq=26 | noise=1 | magnitude=100 | lead_time=2 | PID 3640993 | GPU 2
[2026-07-16T18:10:22] Started split_multichannel | split_multichannel_041_half_yearly_medium_mag_noise10_lt2 | run_8 | freq=26 | noise=1 | magnitude=100 | lead_time=2 | PID 3641008 | GPU 1
[2026-07-16T18:10:25] Started split_multichannel | split_multichannel_042_half_yearly_medium_mag_noise10_lt3 | run_2 | freq=26 | noise=1 | magnitude=100 | lead_time=3 | PID 3641016 | GPU 3
[2026-07-16T18:10:28] Started split_multichannel | split_multichannel_042_half_yearly_medium_mag_noise10_lt3 | run_6 | freq=26 | noise=1 | magnitude=100 | lead_time=3 | PID 3641024 | GPU 3
[2026-07-16T18:10:32] Started split_multichannel | split_multichannel_043_half_yearly_medium_mag_noise100_lt1 | run_0 | freq=26 | noise=1 | magnitude=100 | lead_time=1 | PID 3641032 | GPU 1
[2026-07-16T18:10:35] Started split_multichannel | split_multichannel_043_half_yearly_medium_mag_noise100_lt1 | run_4 | freq=26 | noise=1 | magnitude=100 | lead_time=1 | PID 3641040 | GPU 2
[2026-07-16T18:10:38] Started split_multichannel | split_multichannel_043_half_yearly_medium_mag_noise100_lt1 | run_8 | freq=26 | noise=1 | magnitude=100 | lead_time=1 | PID 3641052 | GPU 5
[2026-07-16T18:10:42] Started split_multichannel | split_multichannel_044_half_yearly_medium_mag_noise100_lt2 | run_2 | freq=26 | noise=1 | magnitude=100 | lead_time=2 | PID 3641062 | GPU 6
[2026-07-16T18:10:45] Started split_multichannel | split_multichannel_044_half_yearly_medium_mag_noise100_lt2 | run_6 | freq=26 | noise=1 | magnitude=100 | lead_time=2 | PID 3641078 | GPU 7
[2026-07-16T18:10:48] Started split_multichannel | split_multichannel_045_half_yearly_medium_mag_noise100_lt3 | run_4 | freq=26 | noise=1 | magnitude=100 | lead_time=3 | PID 3641090 | GPU 2
[2026-07-16T18:10:52] Started split_multichannel | split_multichannel_045_half_yearly_medium_mag_noise100_lt3 | run_8 | freq=26 | noise=1 | magnitude=100 | lead_time=3 | PID 3641276 | GPU 5
[2026-07-16T18:10:55] Started split_multichannel | split_multichannel_046_half_yearly_high_mag_noise0_lt1 | run_2 | freq=26 | noise=1 | magnitude=200 | lead_time=1 | PID 3641284 | GPU 1
[2026-07-16T18:11:08] Started split_multichannel | split_multichannel_085_half_quarterly_low_mag_noise10_lt1 | run_0 | freq=7 | noise=1 | magnitude=50 | lead_time=1 | PID 3641516 | GPU 6
[2026-07-16T18:11:23] Started local_timemixer | local_timemixer_018_yearly_medium_mag_noise100_lt3 | run_1 | freq=52 | noise=1 | magnitude=100 | lead_time=3 | PID 3642076 | GPU 0
[2026-07-16T18:11:26] Started local_timemixer | local_timemixer_018_yearly_medium_mag_noise100_lt3 | run_5 | freq=52 | noise=1 | magnitude=100 | lead_time=3 | PID 3642172 | GPU 0
[2026-07-16T18:11:44] Started local_timemixer | local_timemixer_075_quarterly_high_mag_noise0_lt3 | run_9 | freq=13 | noise=1 | magnitude=200 | lead_time=3 | PID 3642481 | GPU 3
[2026-07-16T18:13:23] Finished split_multichannel | split_multichannel_046_half_yearly_high_mag_noise0_lt1 | run_2 | freq=26 | noise=1 | magnitude=200 | lead_time=1
[2026-07-16T18:13:24] Started split_multichannel | split_multichannel_046_half_yearly_high_mag_noise0_lt1 | run_7 | freq=26 | noise=1 | magnitude=200 | lead_time=1 | PID 3645255 | GPU 1
[2026-07-16T18:13:27] Started split_multichannel | split_multichannel_047_half_yearly_high_mag_noise0_lt2 | run_1 | freq=26 | noise=1 | magnitude=200 | lead_time=2 | PID 3645304 | GPU 1
[2026-07-16T18:13:31] Started split_multichannel | split_multichannel_047_half_yearly_high_mag_noise0_lt2 | run_5 | freq=26 | noise=1 | magnitude=200 | lead_time=2 | PID 3645326 | GPU 7
[2026-07-16T18:13:34] Started split_multichannel | split_multichannel_047_half_yearly_high_mag_noise0_lt2 | run_9 | freq=26 | noise=1 | magnitude=200 | lead_time=2 | PID 3645375 | GPU 5
[2026-07-16T18:13:37] Started split_multichannel | split_multichannel_048_half_yearly_high_mag_noise0_lt3 | run_3 | freq=26 | noise=1 | magnitude=200 | lead_time=3 | PID 3645387 | GPU 6
[2026-07-16T18:13:41] Started split_multichannel | split_multichannel_048_half_yearly_high_mag_noise0_lt3 | run_7 | freq=26 | noise=1 | magnitude=200 | lead_time=3 | PID 3645395 | GPU 2
[2026-07-16T18:13:44] Started split_multichannel | split_multichannel_049_half_yearly_high_mag_noise10_lt1 | run_1 | freq=26 | noise=1 | magnitude=200 | lead_time=1 | PID 3645416 | GPU 2
[2026-07-16T18:13:47] Started split_multichannel | split_multichannel_049_half_yearly_high_mag_noise10_lt1 | run_5 | freq=26 | noise=1 | magnitude=200 | lead_time=1 | PID 3645495 | GPU 6
[2026-07-16T18:13:50] Started split_multichannel | split_multichannel_050_half_yearly_high_mag_noise10_lt2 | run_0 | freq=26 | noise=1 | magnitude=200 | lead_time=2 | PID 3645563 | GPU 7
[2026-07-16T18:13:54] Started split_multichannel | split_multichannel_050_half_yearly_high_mag_noise10_lt2 | run_5 | freq=26 | noise=1 | magnitude=200 | lead_time=2 | PID 3645814 | GPU 4
[2026-07-16T18:13:57] Started split_multichannel | split_multichannel_050_half_yearly_high_mag_noise10_lt2 | run_9 | freq=26 | noise=1 | magnitude=200 | lead_time=2 | PID 3645889 | GPU 5
[2026-07-16T18:14:00] Started split_multichannel | split_multichannel_051_half_yearly_high_mag_noise10_lt3 | run_3 | freq=26 | noise=1 | magnitude=200 | lead_time=3 | PID 3645961 | GPU 1
[2026-07-16T18:14:04] Started split_multichannel | split_multichannel_051_half_yearly_high_mag_noise10_lt3 | run_7 | freq=26 | noise=1 | magnitude=200 | lead_time=3 | PID 3645976 | GPU 4
[2026-07-16T18:14:07] Started split_multichannel | split_multichannel_052_half_yearly_high_mag_noise100_lt1 | run_1 | freq=26 | noise=1 | magnitude=200 | lead_time=1 | PID 3645984 | GPU 5
[2026-07-16T18:14:10] Started split_multichannel | split_multichannel_052_half_yearly_high_mag_noise100_lt1 | run_5 | freq=26 | noise=1 | magnitude=200 | lead_time=1 | PID 3645995 | GPU 7
[2026-07-16T18:14:14] Started split_multichannel | split_multichannel_053_half_yearly_high_mag_noise100_lt2 | run_0 | freq=26 | noise=1 | magnitude=200 | lead_time=2 | PID 3646003 | GPU 2
[2026-07-16T18:14:17] Started split_multichannel | split_multichannel_053_half_yearly_high_mag_noise100_lt2 | run_5 | freq=26 | noise=1 | magnitude=200 | lead_time=2 | PID 3646011 | GPU 6
[2026-07-16T18:14:55] Started local_timemixer | local_timemixer_076_quarterly_high_mag_noise10_lt1 | run_7 | freq=13 | noise=1 | magnitude=200 | lead_time=1 | PID 3647023 | GPU 3
[2026-07-16T18:16:36] Finished split_multichannel | split_multichannel_052_half_yearly_high_mag_noise100_lt1 | run_5 | freq=26 | noise=1 | magnitude=200 | lead_time=1
[2026-07-16T18:16:37] Started split_multichannel | split_multichannel_053_half_yearly_high_mag_noise100_lt2 | run_9 | freq=26 | noise=1 | magnitude=200 | lead_time=2 | PID 3649958 | GPU 7
[2026-07-16T18:16:40] Started split_multichannel | split_multichannel_054_half_yearly_high_mag_noise100_lt3 | run_3 | freq=26 | noise=1 | magnitude=200 | lead_time=3 | PID 3649965 | GPU 2
[2026-07-16T18:16:43] Started split_multichannel | split_multichannel_054_half_yearly_high_mag_noise100_lt3 | run_7 | freq=26 | noise=1 | magnitude=200 | lead_time=3 | PID 3649995 | GPU 4
[2026-07-16T18:16:47] Started split_multichannel | split_multichannel_055_quarterly_low_mag_noise0_lt1 | run_1 | freq=13 | noise=1 | magnitude=50 | lead_time=1 | PID 3650047 | GPU 5
[2026-07-16T18:16:50] Started split_multichannel | split_multichannel_055_quarterly_low_mag_noise0_lt1 | run_5 | freq=13 | noise=1 | magnitude=50 | lead_time=1 | PID 3650056 | GPU 7
[2026-07-16T18:16:53] Started split_multichannel | split_multichannel_055_quarterly_low_mag_noise0_lt1 | run_9 | freq=13 | noise=1 | magnitude=50 | lead_time=1 | PID 3650064 | GPU 1
[2026-07-16T18:16:57] Started split_multichannel | split_multichannel_057_quarterly_low_mag_noise0_lt3 | run_5 | freq=13 | noise=1 | magnitude=50 | lead_time=3 | PID 3650256 | GPU 5
[2026-07-16T18:17:06] Started split_multichannel | split_multichannel_081_quarterly_high_mag_noise100_lt3 | run_1 | freq=13 | noise=1 | magnitude=200 | lead_time=3 | PID 3650374 | GPU 6
[2026-07-16T18:17:10] Started split_multichannel | split_multichannel_081_quarterly_high_mag_noise100_lt3 | run_5 | freq=13 | noise=1 | magnitude=200 | lead_time=3 | PID 3650396 | GPU 2
[2026-07-16T18:17:13] Started split_multichannel | split_multichannel_081_quarterly_high_mag_noise100_lt3 | run_9 | freq=13 | noise=1 | magnitude=200 | lead_time=3 | PID 3650407 | GPU 4
[2026-07-16T18:17:44] Started local_timemixer | local_timemixer_078_quarterly_high_mag_noise10_lt3 | run_3 | freq=13 | noise=1 | magnitude=200 | lead_time=3 | PID 3651246 | GPU 3
[2026-07-16T18:18:43] Started local_patchtst | local_patchtst_068_quarterly_medium_mag_noise10_lt2 | run_3 | freq=13 | noise=1 | magnitude=100 | lead_time=2 | PID 3652765 | GPU 0
[2026-07-16T18:18:46] Started local_patchtst | local_patchtst_068_quarterly_medium_mag_noise10_lt2 | run_7 | freq=13 | noise=1 | magnitude=100 | lead_time=2 | PID 3652783 | GPU 0
[2026-07-16T18:19:30] Finished split_multichannel | split_multichannel_055_quarterly_low_mag_noise0_lt1 | run_9 | freq=13 | noise=1 | magnitude=50 | lead_time=1
[2026-07-16T18:19:31] Started split_multichannel | split_multichannel_056_quarterly_low_mag_noise0_lt2 | run_3 | freq=13 | noise=1 | magnitude=50 | lead_time=2 | PID 3654122 | GPU 1
[2026-07-16T18:19:34] Started split_multichannel | split_multichannel_056_quarterly_low_mag_noise0_lt2 | run_7 | freq=13 | noise=1 | magnitude=50 | lead_time=2 | PID 3654132 | GPU 1
[2026-07-16T18:19:38] Started split_multichannel | split_multichannel_057_quarterly_low_mag_noise0_lt3 | run_1 | freq=13 | noise=1 | magnitude=50 | lead_time=3 | PID 3654145 | GPU 5
[2026-07-16T18:19:41] Started split_multichannel | split_multichannel_057_quarterly_low_mag_noise0_lt3 | run_9 | freq=13 | noise=1 | magnitude=50 | lead_time=3 | PID 3654265 | GPU 7
[2026-07-16T18:19:44] Started split_multichannel | split_multichannel_058_quarterly_low_mag_noise10_lt1 | run_3 | freq=13 | noise=1 | magnitude=50 | lead_time=1 | PID 3654273 | GPU 6
[2026-07-16T18:19:47] Started split_multichannel | split_multichannel_058_quarterly_low_mag_noise10_lt1 | run_7 | freq=13 | noise=1 | magnitude=50 | lead_time=1 | PID 3654290 | GPU 7
[2026-07-16T18:19:51] Started split_multichannel | split_multichannel_059_quarterly_low_mag_noise10_lt2 | run_2 | freq=13 | noise=1 | magnitude=50 | lead_time=2 | PID 3654298 | GPU 4
[2026-07-16T18:19:54] Started split_multichannel | split_multichannel_059_quarterly_low_mag_noise10_lt2 | run_6 | freq=13 | noise=1 | magnitude=50 | lead_time=2 | PID 3654306 | GPU 2
[2026-07-16T18:19:57] Started split_multichannel | split_multichannel_060_quarterly_low_mag_noise10_lt3 | run_0 | freq=13 | noise=1 | magnitude=50 | lead_time=3 | PID 3654493 | GPU 5
[2026-07-16T18:20:01] Started split_multichannel | split_multichannel_060_quarterly_low_mag_noise10_lt3 | run_4 | freq=13 | noise=1 | magnitude=50 | lead_time=3 | PID 3654520 | GPU 1
[2026-07-16T18:20:04] Started split_multichannel | split_multichannel_060_quarterly_low_mag_noise10_lt3 | run_8 | freq=13 | noise=1 | magnitude=50 | lead_time=3 | PID 3654586 | GPU 6
[2026-07-16T18:20:07] Started split_multichannel | split_multichannel_061_quarterly_low_mag_noise100_lt1 | run_2 | freq=13 | noise=1 | magnitude=50 | lead_time=1 | PID 3654594 | GPU 5
[2026-07-16T18:20:11] Started split_multichannel | split_multichannel_062_quarterly_low_mag_noise100_lt2 | run_0 | freq=13 | noise=1 | magnitude=50 | lead_time=2 | PID 3654604 | GPU 0
[2026-07-16T18:20:14] Started split_multichannel | split_multichannel_062_quarterly_low_mag_noise100_lt2 | run_5 | freq=13 | noise=1 | magnitude=50 | lead_time=2 | PID 3654683 | GPU 0
[2026-07-16T18:20:17] Started split_multichannel | split_multichannel_062_quarterly_low_mag_noise100_lt2 | run_9 | freq=13 | noise=1 | magnitude=50 | lead_time=2 | PID 3654753 | GPU 6
[2026-07-16T18:20:21] Started split_multichannel | split_multichannel_063_quarterly_low_mag_noise100_lt3 | run_3 | freq=13 | noise=1 | magnitude=50 | lead_time=3 | PID 3654829 | GPU 4
[2026-07-16T18:20:24] Started split_multichannel | split_multichannel_063_quarterly_low_mag_noise100_lt3 | run_7 | freq=13 | noise=1 | magnitude=50 | lead_time=3 | PID 3654901 | GPU 2
[2026-07-16T18:20:27] Started split_multichannel | split_multichannel_064_quarterly_medium_mag_noise0_lt1 | run_1 | freq=13 | noise=1 | magnitude=100 | lead_time=1 | PID 3654976 | GPU 7
[2026-07-16T18:20:59] Started local_timemixer | local_timemixer_069_quarterly_medium_mag_noise10_lt3 | run_5 | freq=13 | noise=1 | magnitude=100 | lead_time=3 | PID 3655827 | GPU 3
[2026-07-16T18:22:42] Finished split_multichannel | split_multichannel_063_quarterly_low_mag_noise100_lt3 | run_7 | freq=13 | noise=1 | magnitude=50 | lead_time=3
[2026-07-16T18:22:42] Started split_multichannel | split_multichannel_064_quarterly_medium_mag_noise0_lt1 | run_5 | freq=13 | noise=1 | magnitude=100 | lead_time=1 | PID 3658425 | GPU 6
[2026-07-16T18:22:46] Started split_multichannel | split_multichannel_065_quarterly_medium_mag_noise0_lt2 | run_0 | freq=13 | noise=1 | magnitude=100 | lead_time=2 | PID 3658472 | GPU 2
[2026-07-16T18:22:49] Started split_multichannel | split_multichannel_065_quarterly_medium_mag_noise0_lt2 | run_5 | freq=13 | noise=1 | magnitude=100 | lead_time=2 | PID 3658655 | GPU 2
[2026-07-16T18:22:52] Started split_multichannel | split_multichannel_065_quarterly_medium_mag_noise0_lt2 | run_9 | freq=13 | noise=1 | magnitude=100 | lead_time=2 | PID 3658731 | GPU 5
[2026-07-16T18:22:56] Started split_multichannel | split_multichannel_066_quarterly_medium_mag_noise0_lt3 | run_3 | freq=13 | noise=1 | magnitude=100 | lead_time=3 | PID 3658803 | GPU 7
[2026-07-16T18:22:59] Started split_multichannel | split_multichannel_066_quarterly_medium_mag_noise0_lt3 | run_8 | freq=13 | noise=1 | magnitude=100 | lead_time=3 | PID 3659050 | GPU 0
[2026-07-16T18:23:02] Started split_multichannel | split_multichannel_067_quarterly_medium_mag_noise10_lt1 | run_2 | freq=13 | noise=1 | magnitude=100 | lead_time=1 | PID 3659098 | GPU 4
[2026-07-16T18:23:06] Started split_multichannel | split_multichannel_067_quarterly_medium_mag_noise10_lt1 | run_6 | freq=13 | noise=1 | magnitude=100 | lead_time=1 | PID 3659106 | GPU 6
[2026-07-16T18:23:09] Started split_multichannel | split_multichannel_068_quarterly_medium_mag_noise10_lt2 | run_0 | freq=13 | noise=1 | magnitude=100 | lead_time=2 | PID 3659115 | GPU 7
[2026-07-16T18:23:12] Started split_multichannel | split_multichannel_068_quarterly_medium_mag_noise10_lt2 | run_4 | freq=13 | noise=1 | magnitude=100 | lead_time=2 | PID 3659150 | GPU 1
[2026-07-16T18:23:16] Started split_multichannel | split_multichannel_068_quarterly_medium_mag_noise10_lt2 | run_8 | freq=13 | noise=1 | magnitude=100 | lead_time=2 | PID 3659192 | GPU 5
[2026-07-16T18:23:19] Started split_multichannel | split_multichannel_069_quarterly_medium_mag_noise10_lt3 | run_2 | freq=13 | noise=1 | magnitude=100 | lead_time=3 | PID 3659200 | GPU 2
[2026-07-16T18:23:22] Started split_multichannel | split_multichannel_070_quarterly_medium_mag_noise100_lt1 | run_0 | freq=13 | noise=1 | magnitude=100 | lead_time=1 | PID 3659209 | GPU 4
[2026-07-16T18:23:26] Started split_multichannel | split_multichannel_070_quarterly_medium_mag_noise100_lt1 | run_4 | freq=13 | noise=1 | magnitude=100 | lead_time=1 | PID 3659221 | GPU 6
[2026-07-16T18:23:41] Started local_timemixer | local_timemixer_012_yearly_medium_mag_noise0_lt3 | run_5 | freq=52 | noise=1 | magnitude=100 | lead_time=3 | PID 3659473 | GPU 0
[2026-07-16T18:23:50] Started local_timemixer | local_timemixer_033_half_yearly_low_mag_noise10_lt3 | run_8 | freq=26 | noise=1 | magnitude=50 | lead_time=3 | PID 3659675 | GPU 3
[2026-07-16T18:25:40] Finished split_multichannel | split_multichannel_070_quarterly_medium_mag_noise100_lt1 | run_4 | freq=13 | noise=1 | magnitude=100 | lead_time=1
[2026-07-16T18:25:41] Started split_multichannel | split_multichannel_070_quarterly_medium_mag_noise100_lt1 | run_8 | freq=13 | noise=1 | magnitude=100 | lead_time=1 | PID 3662967 | GPU 4
[2026-07-16T18:25:44] Started split_multichannel | split_multichannel_071_quarterly_medium_mag_noise100_lt2 | run_2 | freq=13 | noise=1 | magnitude=100 | lead_time=2 | PID 3662977 | GPU 4
[2026-07-16T18:25:48] Started split_multichannel | split_multichannel_071_quarterly_medium_mag_noise100_lt2 | run_6 | freq=13 | noise=1 | magnitude=100 | lead_time=2 | PID 3662994 | GPU 1
[2026-07-16T18:25:51] Started split_multichannel | split_multichannel_072_quarterly_medium_mag_noise100_lt3 | run_0 | freq=13 | noise=1 | magnitude=100 | lead_time=3 | PID 3663002 | GPU 6
[2026-07-16T18:25:54] Started split_multichannel | split_multichannel_072_quarterly_medium_mag_noise100_lt3 | run_5 | freq=13 | noise=1 | magnitude=100 | lead_time=3 | PID 3663102 | GPU 6
[2026-07-16T18:25:58] Started split_multichannel | split_multichannel_072_quarterly_medium_mag_noise100_lt3 | run_9 | freq=13 | noise=1 | magnitude=100 | lead_time=3 | PID 3663127 | GPU 7
[2026-07-16T18:26:01] Started split_multichannel | split_multichannel_073_quarterly_high_mag_noise0_lt1 | run_3 | freq=13 | noise=1 | magnitude=200 | lead_time=1 | PID 3663313 | GPU 1
[2026-07-16T18:26:04] Started split_multichannel | split_multichannel_073_quarterly_high_mag_noise0_lt1 | run_7 | freq=13 | noise=1 | magnitude=200 | lead_time=1 | PID 3663321 | GPU 5
[2026-07-16T18:26:08] Started split_multichannel | split_multichannel_074_quarterly_high_mag_noise0_lt2 | run_1 | freq=13 | noise=1 | magnitude=200 | lead_time=2 | PID 3663329 | GPU 4
[2026-07-16T18:26:11] Started split_multichannel | split_multichannel_074_quarterly_high_mag_noise0_lt2 | run_6 | freq=13 | noise=1 | magnitude=200 | lead_time=2 | PID 3663337 | GPU 2
[2026-07-16T18:26:14] Started split_multichannel | split_multichannel_075_quarterly_high_mag_noise0_lt3 | run_0 | freq=13 | noise=1 | magnitude=200 | lead_time=3 | PID 3663348 | GPU 5
[2026-07-16T18:26:18] Started split_multichannel | split_multichannel_075_quarterly_high_mag_noise0_lt3 | run_4 | freq=13 | noise=1 | magnitude=200 | lead_time=3 | PID 3663356 | GPU 7
[2026-07-16T18:26:21] Started split_multichannel | split_multichannel_076_quarterly_high_mag_noise10_lt1 | run_6 | freq=13 | noise=1 | magnitude=200 | lead_time=1 | PID 3663364 | GPU 1
[2026-07-16T18:26:24] Started split_multichannel | split_multichannel_077_quarterly_high_mag_noise10_lt2 | run_0 | freq=13 | noise=1 | magnitude=200 | lead_time=2 | PID 3663373 | GPU 6
[2026-07-16T18:26:28] Started split_multichannel | split_multichannel_077_quarterly_high_mag_noise10_lt2 | run_4 | freq=13 | noise=1 | magnitude=200 | lead_time=2 | PID 3663404 | GPU 4
[2026-07-16T18:26:40] Started local_timemixer | local_timemixer_009_yearly_low_mag_noise100_lt3 | run_1 | freq=52 | noise=1 | magnitude=50 | lead_time=3 | PID 3663679 | GPU 0
[2026-07-16T18:28:38] Finished split_multichannel | split_multichannel_076_quarterly_high_mag_noise10_lt1 | run_6 | freq=13 | noise=1 | magnitude=200 | lead_time=1
[2026-07-16T18:28:39] Started split_multichannel | split_multichannel_077_quarterly_high_mag_noise10_lt2 | run_8 | freq=13 | noise=1 | magnitude=200 | lead_time=2 | PID 3667138 | GPU 4
[2026-07-16T18:28:42] Started split_multichannel | split_multichannel_078_quarterly_high_mag_noise10_lt3 | run_2 | freq=13 | noise=1 | magnitude=200 | lead_time=3 | PID 3667147 | GPU 2
[2026-07-16T18:28:45] Started split_multichannel | split_multichannel_078_quarterly_high_mag_noise10_lt3 | run_6 | freq=13 | noise=1 | magnitude=200 | lead_time=3 | PID 3667163 | GPU 1
[2026-07-16T18:28:49] Started split_multichannel | split_multichannel_079_quarterly_high_mag_noise100_lt1 | run_0 | freq=13 | noise=1 | magnitude=200 | lead_time=1 | PID 3667172 | GPU 5
[2026-07-16T18:28:52] Started split_multichannel | split_multichannel_079_quarterly_high_mag_noise100_lt1 | run_4 | freq=13 | noise=1 | magnitude=200 | lead_time=1 | PID 3667180 | GPU 7
[2026-07-16T18:28:55] Started split_multichannel | split_multichannel_079_quarterly_high_mag_noise100_lt1 | run_9 | freq=13 | noise=1 | magnitude=200 | lead_time=1 | PID 3667188 | GPU 1
[2026-07-16T18:28:59] Started split_multichannel | split_multichannel_080_quarterly_high_mag_noise100_lt2 | run_3 | freq=13 | noise=1 | magnitude=200 | lead_time=2 | PID 3667196 | GPU 4
[2026-07-16T18:29:02] Started split_multichannel | split_multichannel_080_quarterly_high_mag_noise100_lt2 | run_7 | freq=13 | noise=1 | magnitude=200 | lead_time=2 | PID 3667485 | GPU 2
[2026-07-16T18:29:05] Started split_multichannel | split_multichannel_082_half_quarterly_low_mag_noise0_lt1 | run_3 | freq=7 | noise=1 | magnitude=50 | lead_time=1 | PID 3667499 | GPU 5
[2026-07-16T18:29:09] Started split_multichannel | split_multichannel_082_half_quarterly_low_mag_noise0_lt1 | run_7 | freq=7 | noise=1 | magnitude=50 | lead_time=1 | PID 3667507 | GPU 7
[2026-07-16T18:29:12] Started split_multichannel | split_multichannel_083_half_quarterly_low_mag_noise0_lt2 | run_1 | freq=7 | noise=1 | magnitude=50 | lead_time=2 | PID 3667567 | GPU 1
[2026-07-16T18:29:17] Started split_multichannel | split_multichannel_089_half_quarterly_low_mag_noise100_lt2 | run_7 | freq=7 | noise=1 | magnitude=50 | lead_time=2 | PID 3667693 | GPU 2
[2026-07-16T18:29:20] Started split_multichannel | split_multichannel_090_half_quarterly_low_mag_noise100_lt3 | run_1 | freq=7 | noise=1 | magnitude=50 | lead_time=3 | PID 3667770 | GPU 6
[2026-07-16T18:29:41] Started local_timemixer | local_timemixer_048_half_yearly_high_mag_noise0_lt3 | run_5 | freq=26 | noise=1 | magnitude=200 | lead_time=3 | PID 3670357 | GPU 4
[2026-07-16T18:29:59] Started local_timemixer | local_timemixer_106_half_quarterly_high_mag_noise100_lt1 | run_3 | freq=7 | noise=1 | magnitude=200 | lead_time=1 | PID 3670684 | GPU 0
[2026-07-16T18:31:00] Started local_patchtst | local_patchtst_090_half_quarterly_low_mag_noise100_lt3 | run_7 | freq=7 | noise=1 | magnitude=50 | lead_time=3 | PID 3672388 | GPU 3
[2026-07-16T18:31:20] Started split_patchtst | split_patchtst_042_half_yearly_medium_mag_noise10_lt3 | run_7 | freq=26 | noise=1 | magnitude=100 | lead_time=3 | PID 3672984 | GPU 3
[2026-07-16T18:31:42] Finished split_multichannel | split_multichannel_089_half_quarterly_low_mag_noise100_lt2 | run_7 | freq=7 | noise=1 | magnitude=50 | lead_time=2
[2026-07-16T18:31:43] Started split_multichannel | split_multichannel_083_half_quarterly_low_mag_noise0_lt2 | run_6 | freq=7 | noise=1 | magnitude=50 | lead_time=2 | PID 3673335 | GPU 5
[2026-07-16T18:31:46] Started split_multichannel | split_multichannel_084_half_quarterly_low_mag_noise0_lt3 | run_0 | freq=7 | noise=1 | magnitude=50 | lead_time=3 | PID 3673355 | GPU 7
[2026-07-16T18:31:49] Started split_multichannel | split_multichannel_084_half_quarterly_low_mag_noise0_lt3 | run_6 | freq=7 | noise=1 | magnitude=50 | lead_time=3 | PID 3673420 | GPU 7
[2026-07-16T18:31:53] Started split_multichannel | split_multichannel_085_half_quarterly_low_mag_noise10_lt1 | run_4 | freq=7 | noise=1 | magnitude=50 | lead_time=1 | PID 3673472 | GPU 5
[2026-07-16T18:31:56] Started split_multichannel | split_multichannel_085_half_quarterly_low_mag_noise10_lt1 | run_9 | freq=7 | noise=1 | magnitude=50 | lead_time=1 | PID 3673570 | GPU 6
[2026-07-16T18:31:59] Started split_multichannel | split_multichannel_086_half_quarterly_low_mag_noise10_lt2 | run_3 | freq=7 | noise=1 | magnitude=50 | lead_time=2 | PID 3673640 | GPU 6
[2026-07-16T18:32:03] Started split_multichannel | split_multichannel_086_half_quarterly_low_mag_noise10_lt2 | run_8 | freq=7 | noise=1 | magnitude=50 | lead_time=2 | PID 3673717 | GPU 4
[2026-07-16T18:32:06] Started split_multichannel | split_multichannel_087_half_quarterly_low_mag_noise10_lt3 | run_2 | freq=7 | noise=1 | magnitude=50 | lead_time=3 | PID 3673959 | GPU 1
[2026-07-16T18:32:09] Started split_multichannel | split_multichannel_087_half_quarterly_low_mag_noise10_lt3 | run_6 | freq=7 | noise=1 | magnitude=50 | lead_time=3 | PID 3674101 | GPU 2
[2026-07-16T18:32:13] Started split_multichannel | split_multichannel_088_half_quarterly_low_mag_noise100_lt1 | run_5 | freq=7 | noise=1 | magnitude=50 | lead_time=1 | PID 3674112 | GPU 5
[2026-07-16T18:32:16] Started split_multichannel | split_multichannel_088_half_quarterly_low_mag_noise100_lt1 | run_9 | freq=7 | noise=1 | magnitude=50 | lead_time=1 | PID 3674123 | GPU 7
[2026-07-16T18:32:19] Started split_multichannel | split_multichannel_089_half_quarterly_low_mag_noise100_lt2 | run_3 | freq=7 | noise=1 | magnitude=50 | lead_time=2 | PID 3674131 | GPU 2
[2026-07-16T18:32:23] Started split_multichannel | split_multichannel_090_half_quarterly_low_mag_noise100_lt3 | run_5 | freq=7 | noise=1 | magnitude=50 | lead_time=3 | PID 3674140 | GPU 1
[2026-07-16T18:32:26] Started split_multichannel | split_multichannel_090_half_quarterly_low_mag_noise100_lt3 | run_9 | freq=7 | noise=1 | magnitude=50 | lead_time=3 | PID 3674148 | GPU 5
[2026-07-16T18:32:29] Started split_multichannel | split_multichannel_091_half_quarterly_medium_mag_noise0_lt1 | run_3 | freq=7 | noise=1 | magnitude=100 | lead_time=1 | PID 3674160 | GPU 6
[2026-07-16T18:32:52] Started local_timemixer | local_timemixer_061_quarterly_low_mag_noise100_lt1 | run_9 | freq=13 | noise=1 | magnitude=50 | lead_time=1 | PID 3674559 | GPU 0
[2026-07-16T18:33:11] Started split_timemixer | split_timemixer_014_yearly_medium_mag_noise10_lt2 | run_3 | freq=52 | noise=1 | magnitude=100 | lead_time=2 | PID 3675259 | GPU 4
[2026-07-16T18:33:49] Started local_patchtst | local_patchtst_033_half_yearly_low_mag_noise10_lt3 | run_5 | freq=26 | noise=1 | magnitude=50 | lead_time=3 | PID 3676188 | GPU 3
[2026-07-16T18:34:00] Started local_patchtst | local_patchtst_060_quarterly_low_mag_noise10_lt3 | run_3 | freq=13 | noise=1 | magnitude=50 | lead_time=3 | PID 3676347 | GPU 4
[2026-07-16T18:34:03] Started local_patchtst | local_patchtst_060_quarterly_low_mag_noise10_lt3 | run_7 | freq=13 | noise=1 | magnitude=50 | lead_time=3 | PID 3676390 | GPU 7
[2026-07-16T18:34:41] Started split_patchtst | split_patchtst_081_quarterly_high_mag_noise100_lt3 | run_9 | freq=13 | noise=1 | magnitude=200 | lead_time=3 | PID 3677682 | GPU 0
[2026-07-16T18:34:51] Finished split_multichannel | split_multichannel_088_half_quarterly_low_mag_noise100_lt1 | run_9 | freq=7 | noise=1 | magnitude=50 | lead_time=1
[2026-07-16T18:34:52] Started split_multichannel | split_multichannel_091_half_quarterly_medium_mag_noise0_lt1 | run_7 | freq=7 | noise=1 | magnitude=100 | lead_time=1 | PID 3677837 | GPU 5
[2026-07-16T18:34:55] Started split_multichannel | split_multichannel_092_half_quarterly_medium_mag_noise0_lt2 | run_1 | freq=7 | noise=1 | magnitude=100 | lead_time=2 | PID 3677844 | GPU 1
[2026-07-16T18:34:59] Started split_multichannel | split_multichannel_092_half_quarterly_medium_mag_noise0_lt2 | run_5 | freq=7 | noise=1 | magnitude=100 | lead_time=2 | PID 3677852 | GPU 6
[2026-07-16T18:35:02] Started split_multichannel | split_multichannel_092_half_quarterly_medium_mag_noise0_lt2 | run_9 | freq=7 | noise=1 | magnitude=100 | lead_time=2 | PID 3677865 | GPU 6
[2026-07-16T18:35:05] Started split_multichannel | split_multichannel_093_half_quarterly_medium_mag_noise0_lt3 | run_3 | freq=7 | noise=1 | magnitude=100 | lead_time=3 | PID 3677942 | GPU 3
[2026-07-16T18:35:09] Started split_multichannel | split_multichannel_093_half_quarterly_medium_mag_noise0_lt3 | run_8 | freq=7 | noise=1 | magnitude=100 | lead_time=3 | PID 3678112 | GPU 1
[2026-07-16T18:35:12] Started split_multichannel | split_multichannel_094_half_quarterly_medium_mag_noise10_lt1 | run_2 | freq=7 | noise=1 | magnitude=100 | lead_time=1 | PID 3678120 | GPU 5
[2026-07-16T18:35:15] Started split_multichannel | split_multichannel_094_half_quarterly_medium_mag_noise10_lt1 | run_6 | freq=7 | noise=1 | magnitude=100 | lead_time=1 | PID 3678212 | GPU 2
[2026-07-16T18:35:19] Started split_multichannel | split_multichannel_095_half_quarterly_medium_mag_noise10_lt2 | run_0 | freq=7 | noise=1 | magnitude=100 | lead_time=2 | PID 3678248 | GPU 2
[2026-07-16T18:35:22] Started split_multichannel | split_multichannel_095_half_quarterly_medium_mag_noise10_lt2 | run_4 | freq=7 | noise=1 | magnitude=100 | lead_time=2 | PID 3678256 | GPU 6
[2026-07-16T18:35:25] Started split_multichannel | split_multichannel_095_half_quarterly_medium_mag_noise10_lt2 | run_8 | freq=7 | noise=1 | magnitude=100 | lead_time=2 | PID 3678265 | GPU 7
[2026-07-16T18:35:29] Started split_multichannel | split_multichannel_096_half_quarterly_medium_mag_noise10_lt3 | run_2 | freq=7 | noise=1 | magnitude=100 | lead_time=3 | PID 3678281 | GPU 1
[2026-07-16T18:35:37] Started local_timemixer | local_timemixer_008_yearly_low_mag_noise100_lt2 | run_7 | freq=52 | noise=1 | magnitude=50 | lead_time=2 | PID 3678401 | GPU 4
[2026-07-16T18:35:40] Started local_timemixer | local_timemixer_009_yearly_low_mag_noise100_lt3 | run_5 | freq=52 | noise=1 | magnitude=50 | lead_time=3 | PID 3678439 | GPU 5
[2026-07-16T18:35:44] Started local_timemixer | local_timemixer_011_yearly_medium_mag_noise0_lt2 | run_1 | freq=52 | noise=1 | magnitude=100 | lead_time=2 | PID 3678530 | GPU 3
[2026-07-16T18:36:00] Started local_timemixer | local_timemixer_059_quarterly_low_mag_noise10_lt2 | run_9 | freq=13 | noise=1 | magnitude=50 | lead_time=2 | PID 3678994 | GPU 0
[2026-07-16T18:37:44] Finished split_multichannel | split_multichannel_095_half_quarterly_medium_mag_noise10_lt2 | run_8 | freq=7 | noise=1 | magnitude=100 | lead_time=2
[2026-07-16T18:37:45] Started split_multichannel | split_multichannel_096_half_quarterly_medium_mag_noise10_lt3 | run_6 | freq=7 | noise=1 | magnitude=100 | lead_time=3 | PID 3681900 | GPU 7
[2026-07-16T18:37:48] Started split_multichannel | split_multichannel_097_half_quarterly_medium_mag_noise100_lt1 | run_0 | freq=7 | noise=1 | magnitude=100 | lead_time=1 | PID 3681920 | GPU 7
[2026-07-16T18:37:52] Started split_multichannel | split_multichannel_097_half_quarterly_medium_mag_noise100_lt1 | run_4 | freq=7 | noise=1 | magnitude=100 | lead_time=1 | PID 3681928 | GPU 7
[2026-07-16T18:37:55] Started split_multichannel | split_multichannel_098_half_quarterly_medium_mag_noise100_lt2 | run_2 | freq=7 | noise=1 | magnitude=100 | lead_time=2 | PID 3681936 | GPU 2
[2026-07-16T18:37:58] Started split_multichannel | split_multichannel_098_half_quarterly_medium_mag_noise100_lt2 | run_6 | freq=7 | noise=1 | magnitude=100 | lead_time=2 | PID 3681944 | GPU 6
[2026-07-16T18:38:02] Started split_multichannel | split_multichannel_099_half_quarterly_medium_mag_noise100_lt3 | run_0 | freq=7 | noise=1 | magnitude=100 | lead_time=3 | PID 3681952 | GPU 1
[2026-07-16T18:38:05] Started split_multichannel | split_multichannel_099_half_quarterly_medium_mag_noise100_lt3 | run_4 | freq=7 | noise=1 | magnitude=100 | lead_time=3 | PID 3681960 | GPU 1
[2026-07-16T18:38:09] Started split_multichannel | split_multichannel_101_half_quarterly_high_mag_noise0_lt2 | run_5 | freq=7 | noise=1 | magnitude=200 | lead_time=2 | PID 3682154 | GPU 2
[2026-07-16T18:38:25] Started local_timemixer | local_timemixer_047_half_yearly_high_mag_noise0_lt2 | run_3 | freq=26 | noise=1 | magnitude=200 | lead_time=2 | PID 3682733 | GPU 0
[2026-07-16T18:38:29] Started local_timemixer | local_timemixer_047_half_yearly_high_mag_noise0_lt2 | run_7 | freq=26 | noise=1 | magnitude=200 | lead_time=2 | PID 3682812 | GPU 6
[2026-07-16T18:38:33] Started local_timemixer | local_timemixer_051_half_yearly_high_mag_noise10_lt3 | run_3 | freq=26 | noise=1 | magnitude=200 | lead_time=3 | PID 3682932 | GPU 7
[2026-07-16T18:38:46] Started local_timemixer | local_timemixer_091_half_quarterly_medium_mag_noise0_lt1 | run_9 | freq=7 | noise=1 | magnitude=100 | lead_time=1 | PID 3683149 | GPU 3
[2026-07-16T18:39:06] Started split_timemixer | split_timemixer_045_half_yearly_medium_mag_noise100_lt3 | run_5 | freq=26 | noise=1 | magnitude=100 | lead_time=3 | PID 3683460 | GPU 5
[2026-07-16T18:40:24] Finished split_multichannel | split_multichannel_099_half_quarterly_medium_mag_noise100_lt3 | run_0 | freq=7 | noise=1 | magnitude=100 | lead_time=3
[2026-07-16T18:40:25] Started split_multichannel | split_multichannel_099_half_quarterly_medium_mag_noise100_lt3 | run_8 | freq=7 | noise=1 | magnitude=100 | lead_time=3 | PID 3685772 | GPU 2
[2026-07-16T18:40:28] Started split_multichannel | split_multichannel_100_half_quarterly_high_mag_noise0_lt1 | run_2 | freq=7 | noise=1 | magnitude=200 | lead_time=1 | PID 3685894 | GPU 1
[2026-07-16T18:40:32] Started split_multichannel | split_multichannel_100_half_quarterly_high_mag_noise0_lt1 | run_6 | freq=7 | noise=1 | magnitude=200 | lead_time=1 | PID 3685953 | GPU 1
[2026-07-16T18:40:35] Started split_multichannel | split_multichannel_101_half_quarterly_high_mag_noise0_lt2 | run_1 | freq=7 | noise=1 | magnitude=200 | lead_time=2 | PID 3685961 | GPU 2
[2026-07-16T18:40:38] Started split_multichannel | split_multichannel_101_half_quarterly_high_mag_noise0_lt2 | run_9 | freq=7 | noise=1 | magnitude=200 | lead_time=2 | PID 3685973 | GPU 2
[2026-07-16T18:40:50] Started local_timemixer | local_timemixer_029_half_yearly_low_mag_noise0_lt2 | run_1 | freq=26 | noise=1 | magnitude=50 | lead_time=2 | PID 3686159 | GPU 6
[2026-07-16T18:40:57] Started local_timemixer | local_timemixer_043_half_yearly_medium_mag_noise100_lt1 | run_3 | freq=26 | noise=1 | magnitude=100 | lead_time=1 | PID 3686360 | GPU 3
[2026-07-16T18:41:15] Started local_timemixer | local_timemixer_106_half_quarterly_high_mag_noise100_lt1 | run_7 | freq=7 | noise=1 | magnitude=200 | lead_time=1 | PID 3687009 | GPU 1
[2026-07-16T18:41:40] Started split_timemixer | split_timemixer_074_quarterly_high_mag_noise0_lt2 | run_7 | freq=13 | noise=1 | magnitude=200 | lead_time=2 | PID 3687586 | GPU 4
[2026-07-16T18:42:06] Started local_patchtst | local_patchtst_051_half_yearly_high_mag_noise10_lt3 | run_5 | freq=26 | noise=1 | magnitude=200 | lead_time=3 | PID 3688043 | GPU 0
[2026-07-16T18:42:11] Started local_patchtst | local_patchtst_057_quarterly_low_mag_noise0_lt3 | run_5 | freq=13 | noise=1 | magnitude=50 | lead_time=3 | PID 3688374 | GPU 0
[2026-07-16T18:42:29] Started split_patchtst | split_patchtst_005_yearly_low_mag_noise10_lt2 | run_5 | freq=52 | noise=1 | magnitude=50 | lead_time=2 | PID 3688868 | GPU 7
[2026-07-16T18:43:01] Finished split_multichannel | split_multichannel_100_half_quarterly_high_mag_noise0_lt1 | run_2 | freq=7 | noise=1 | magnitude=200 | lead_time=1
[2026-07-16T18:43:03] Started split_multichannel | split_multichannel_108_half_quarterly_high_mag_noise100_lt3 | run_1 | freq=7 | noise=1 | magnitude=200 | lead_time=3 | PID 3689595 | GPU 7
[2026-07-16T18:43:15] Started local_timemixer | local_timemixer_040_half_yearly_medium_mag_noise10_lt1 | run_1 | freq=26 | noise=1 | magnitude=100 | lead_time=1 | PID 3689947 | GPU 2
[2026-07-16T18:43:29] Started local_timemixer | local_timemixer_083_half_quarterly_low_mag_noise0_lt2 | run_1 | freq=7 | noise=1 | magnitude=50 | lead_time=2 | PID 3690314 | GPU 1
[2026-07-16T18:43:50] Started split_timemixer | split_timemixer_046_half_yearly_high_mag_noise0_lt1 | run_3 | freq=26 | noise=1 | magnitude=200 | lead_time=1 | PID 3691006 | GPU 4
[2026-07-16T18:43:54] Started split_timemixer | split_timemixer_046_half_yearly_high_mag_noise0_lt1 | run_7 | freq=26 | noise=1 | magnitude=200 | lead_time=1 | PID 3691013 | GPU 6
[2026-07-16T18:44:00] Started split_timemixer | split_timemixer_057_quarterly_low_mag_noise0_lt3 | run_9 | freq=13 | noise=1 | magnitude=50 | lead_time=3 | PID 3691076 | GPU 0
[2026-07-16T18:44:29] Started local_patchtst | local_patchtst_047_half_yearly_high_mag_noise0_lt2 | run_1 | freq=26 | noise=1 | magnitude=200 | lead_time=2 | PID 3691762 | GPU 5
[2026-07-16T18:44:57] Started split_patchtst | split_patchtst_030_half_yearly_low_mag_noise0_lt3 | run_3 | freq=26 | noise=1 | magnitude=50 | lead_time=3 | PID 3692739 | GPU 3
[2026-07-16T18:45:02] Started split_patchtst | split_patchtst_037_half_yearly_medium_mag_noise0_lt1 | run_5 | freq=26 | noise=1 | magnitude=100 | lead_time=1 | PID 3692783 | GPU 7
[2026-07-16T18:45:25] Finished split_patchtst | split_patchtst_005_yearly_low_mag_noise10_lt2 | run_5 | freq=52 | noise=1 | magnitude=50 | lead_time=2
[2026-07-16T18:45:26] Started split_multichannel | split_multichannel_104_half_quarterly_high_mag_noise10_lt2 | run_7 | freq=7 | noise=1 | magnitude=200 | lead_time=2 | PID 3693338 | GPU 5
[2026-07-16T18:45:29] Started split_multichannel | split_multichannel_105_half_quarterly_high_mag_noise10_lt3 | run_1 | freq=7 | noise=1 | magnitude=200 | lead_time=3 | PID 3693345 | GPU 5
[2026-07-16T18:45:40] Started local_timemixer | local_timemixer_031_half_yearly_low_mag_noise10_lt1 | run_6 | freq=26 | noise=1 | magnitude=50 | lead_time=1 | PID 3693503 | GPU 2
[2026-07-16T18:45:55] Started local_timemixer | local_timemixer_082_half_quarterly_low_mag_noise0_lt1 | run_7 | freq=7 | noise=1 | magnitude=50 | lead_time=1 | PID 3693918 | GPU 0
[2026-07-16T18:46:02] Started local_timemixer | local_timemixer_098_half_quarterly_medium_mag_noise100_lt2 | run_7 | freq=7 | noise=1 | magnitude=100 | lead_time=2 | PID 3694135 | GPU 3
[2026-07-16T18:46:05] Started local_timemixer | local_timemixer_099_half_quarterly_medium_mag_noise100_lt3 | run_1 | freq=7 | noise=1 | magnitude=100 | lead_time=3 | PID 3694208 | GPU 3
[2026-07-16T18:46:33] Started split_timemixer | split_timemixer_083_half_quarterly_low_mag_noise0_lt2 | run_9 | freq=7 | noise=1 | magnitude=50 | lead_time=2 | PID 3694972 | GPU 6
[2026-07-16T18:46:38] Started split_timemixer | split_timemixer_088_half_quarterly_low_mag_noise100_lt1 | run_3 | freq=7 | noise=1 | magnitude=50 | lead_time=1 | PID 3695003 | GPU 1
[2026-07-16T18:47:15] Started split_patchtst | split_patchtst_001_yearly_low_mag_noise0_lt1 | run_5 | freq=52 | noise=1 | magnitude=50 | lead_time=1 | PID 3696092 | GPU 7
[2026-07-16T18:47:32] Started split_patchtst | split_patchtst_049_half_yearly_high_mag_noise10_lt1 | run_9 | freq=26 | noise=1 | magnitude=200 | lead_time=1 | PID 3696586 | GPU 2
[2026-07-16T18:47:51] Finished split_patchtst | split_patchtst_037_half_yearly_medium_mag_noise0_lt1 | run_5 | freq=26 | noise=1 | magnitude=100 | lead_time=1
[2026-07-16T18:47:52] Started split_multichannel | split_multichannel_102_half_quarterly_high_mag_noise0_lt3 | run_7 | freq=7 | noise=1 | magnitude=200 | lead_time=3 | PID 3697031 | GPU 5
[2026-07-16T18:47:55] Started split_multichannel | split_multichannel_103_half_quarterly_high_mag_noise10_lt1 | run_1 | freq=7 | noise=1 | magnitude=200 | lead_time=1 | PID 3697038 | GPU 5
[2026-07-16T18:48:20] Started local_timemixer | local_timemixer_089_half_quarterly_low_mag_noise100_lt2 | run_1 | freq=7 | noise=1 | magnitude=50 | lead_time=2 | PID 3697673 | GPU 2
[2026-07-16T18:49:11] Started local_patchtst | local_patchtst_049_half_yearly_high_mag_noise10_lt1 | run_9 | freq=26 | noise=1 | magnitude=200 | lead_time=1 | PID 3699047 | GPU 7
[2026-07-16T18:49:26] Started local_patchtst | local_patchtst_093_half_quarterly_medium_mag_noise0_lt3 | run_1 | freq=7 | noise=1 | magnitude=100 | lead_time=3 | PID 3699438 | GPU 1
[2026-07-16T18:50:01] Finished split_patchtst | split_patchtst_001_yearly_low_mag_noise0_lt1 | run_5 | freq=52 | noise=1 | magnitude=50 | lead_time=1
[2026-07-16T18:50:02] Started split_multichannel | split_multichannel_103_half_quarterly_high_mag_noise10_lt1 | run_5 | freq=7 | noise=1 | magnitude=200 | lead_time=1 | PID 3700527 | GPU 7
[2026-07-16T18:50:06] Started split_multichannel | split_multichannel_103_half_quarterly_high_mag_noise10_lt1 | run_9 | freq=7 | noise=1 | magnitude=200 | lead_time=1 | PID 3700538 | GPU 5
[2026-07-16T18:50:09] Started split_multichannel | split_multichannel_104_half_quarterly_high_mag_noise10_lt2 | run_3 | freq=7 | noise=1 | magnitude=200 | lead_time=2 | PID 3700571 | GPU 5
[2026-07-16T18:50:25] Started local_timemixer | local_timemixer_052_half_yearly_high_mag_noise100_lt1 | run_5 | freq=26 | noise=1 | magnitude=200 | lead_time=1 | PID 3701015 | GPU 7
[2026-07-16T18:51:15] Started local_patchtst | local_patchtst_016_yearly_medium_mag_noise100_lt1 | run_3 | freq=52 | noise=1 | magnitude=100 | lead_time=1 | PID 3702326 | GPU 2
[2026-07-16T18:51:20] Started local_patchtst | local_patchtst_022_yearly_high_mag_noise10_lt1 | run_3 | freq=52 | noise=1 | magnitude=200 | lead_time=1 | PID 3702618 | GPU 4
[2026-07-16T18:51:54] Started split_patchtst | split_patchtst_032_half_yearly_low_mag_noise10_lt2 | run_3 | freq=26 | noise=1 | magnitude=50 | lead_time=2 | PID 3703207 | GPU 0
[2026-07-16T18:51:57] Started split_patchtst | split_patchtst_032_half_yearly_low_mag_noise10_lt2 | run_7 | freq=26 | noise=1 | magnitude=50 | lead_time=2 | PID 3703214 | GPU 0
[2026-07-16T18:52:02] Started split_patchtst | split_patchtst_037_half_yearly_medium_mag_noise0_lt1 | run_1 | freq=26 | noise=1 | magnitude=100 | lead_time=1 | PID 3703351 | GPU 6
[2026-07-16T18:52:17] Started split_patchtst | split_patchtst_082_half_quarterly_low_mag_noise0_lt1 | run_7 | freq=7 | noise=1 | magnitude=50 | lead_time=1 | PID 3703776 | GPU 1
[2026-07-16T18:52:20] Started split_patchtst | split_patchtst_083_half_quarterly_low_mag_noise0_lt2 | run_1 | freq=7 | noise=1 | magnitude=50 | lead_time=2 | PID 3703871 | GPU 1
[2026-07-16T18:52:26] Started split_patchtst | split_patchtst_091_half_quarterly_medium_mag_noise0_lt1 | run_9 | freq=7 | noise=1 | magnitude=100 | lead_time=1 | PID 3704053 | GPU 4
[2026-07-16T18:52:34] Finished split_multichannel | split_multichannel_103_half_quarterly_high_mag_noise10_lt1 | run_9 | freq=7 | noise=1 | magnitude=200 | lead_time=1
[2026-07-16T18:52:35] Started split_multichannel | split_multichannel_105_half_quarterly_high_mag_noise10_lt3 | run_5 | freq=7 | noise=1 | magnitude=200 | lead_time=3 | PID 3704316 | GPU 5
[2026-07-16T18:52:38] Started split_multichannel | split_multichannel_106_half_quarterly_high_mag_noise100_lt1 | run_0 | freq=7 | noise=1 | magnitude=200 | lead_time=1 | PID 3704327 | GPU 5
[2026-07-16T18:52:41] Started split_multichannel | split_multichannel_106_half_quarterly_high_mag_noise100_lt1 | run_4 | freq=7 | noise=1 | magnitude=200 | lead_time=1 | PID 3704337 | GPU 5
[2026-07-16T18:52:45] Started split_multichannel | split_multichannel_106_half_quarterly_high_mag_noise100_lt1 | run_8 | freq=7 | noise=1 | magnitude=200 | lead_time=1 | PID 3704345 | GPU 3
[2026-07-16T18:52:48] Started split_multichannel | split_multichannel_107_half_quarterly_high_mag_noise100_lt2 | run_2 | freq=7 | noise=1 | magnitude=200 | lead_time=2 | PID 3704365 | GPU 3
[2026-07-16T18:52:52] Started split_multichannel | split_multichannel_108_half_quarterly_high_mag_noise100_lt3 | run_5 | freq=7 | noise=1 | magnitude=200 | lead_time=3 | PID 3704375 | GPU 7
[2026-07-16T18:53:15] Started local_timemixer | local_timemixer_091_half_quarterly_medium_mag_noise0_lt1 | run_5 | freq=7 | noise=1 | magnitude=100 | lead_time=1 | PID 3704871 | GPU 4
[2026-07-16T18:53:19] Started local_timemixer | local_timemixer_092_half_quarterly_medium_mag_noise0_lt2 | run_3 | freq=7 | noise=1 | magnitude=100 | lead_time=2 | PID 3705056 | GPU 0
[2026-07-16T18:53:22] Started local_timemixer | local_timemixer_092_half_quarterly_medium_mag_noise0_lt2 | run_7 | freq=7 | noise=1 | magnitude=100 | lead_time=2 | PID 3705086 | GPU 0
[2026-07-16T18:53:27] Started local_timemixer | local_timemixer_097_half_quarterly_medium_mag_noise100_lt1 | run_5 | freq=7 | noise=1 | magnitude=100 | lead_time=1 | PID 3705153 | GPU 2
[2026-07-16T18:53:30] Started local_timemixer | local_timemixer_097_half_quarterly_medium_mag_noise100_lt1 | run_9 | freq=7 | noise=1 | magnitude=100 | lead_time=1 | PID 3705161 | GPU 2
[2026-07-16T18:53:35] Started local_timemixer | local_timemixer_107_half_quarterly_high_mag_noise100_lt2 | run_5 | freq=7 | noise=1 | magnitude=200 | lead_time=2 | PID 3705261 | GPU 1
[2026-07-16T18:53:39] Started local_timemixer | local_timemixer_107_half_quarterly_high_mag_noise100_lt2 | run_9 | freq=7 | noise=1 | magnitude=200 | lead_time=2 | PID 3705339 | GPU 6
[2026-07-16T18:53:46] Started split_timemixer | split_timemixer_013_yearly_medium_mag_noise10_lt1 | run_5 | freq=52 | noise=1 | magnitude=100 | lead_time=1 | PID 3705575 | GPU 4
[2026-07-16T18:53:56] Started split_timemixer | split_timemixer_041_half_yearly_medium_mag_noise10_lt2 | run_1 | freq=26 | noise=1 | magnitude=100 | lead_time=2 | PID 3705798 | GPU 1
[2026-07-16T18:54:05] Started split_timemixer | split_timemixer_063_quarterly_low_mag_noise100_lt3 | run_1 | freq=13 | noise=1 | magnitude=50 | lead_time=3 | PID 3705990 | GPU 7
[2026-07-16T18:54:08] Started split_timemixer | split_timemixer_063_quarterly_low_mag_noise100_lt3 | run_5 | freq=13 | noise=1 | magnitude=50 | lead_time=3 | PID 3706022 | GPU 7
[2026-07-16T18:55:18] Started split_patchtst | split_patchtst_098_half_quarterly_medium_mag_noise100_lt2 | run_3 | freq=7 | noise=1 | magnitude=100 | lead_time=2 | PID 3707939 | GPU 6
[2026-07-16T18:55:24] Finished split_multichannel | split_multichannel_106_half_quarterly_high_mag_noise100_lt1 | run_4 | freq=7 | noise=1 | magnitude=200 | lead_time=1
[2026-07-16T18:55:24] Started split_multichannel | split_multichannel_107_half_quarterly_high_mag_noise100_lt2 | run_7 | freq=7 | noise=1 | magnitude=200 | lead_time=2 | PID 3708183 | GPU 5
[2026-07-16T18:55:28] Started split_multichannel | split_multichannel_108_half_quarterly_high_mag_noise100_lt3 | run_9 | freq=7 | noise=1 | magnitude=200 | lead_time=3 | PID 3708191 | GPU 5
[2026-07-16T18:55:31] Started local_timemixer | local_timemixer_001_yearly_low_mag_noise0_lt1 | run_3 | freq=52 | noise=1 | magnitude=50 | lead_time=1 | PID 3708236 | GPU 3
[2026-07-16T18:55:35] Started local_timemixer | local_timemixer_001_yearly_low_mag_noise0_lt1 | run_7 | freq=52 | noise=1 | magnitude=50 | lead_time=1 | PID 3708265 | GPU 3
[2026-07-16T18:55:38] Started local_timemixer | local_timemixer_002_yearly_low_mag_noise0_lt2 | run_9 | freq=52 | noise=1 | magnitude=50 | lead_time=2 | PID 3708277 | GPU 5
[2026-07-16T18:57:08] Started split_patchtst | split_patchtst_028_half_yearly_low_mag_noise0_lt1 | run_7 | freq=26 | noise=1 | magnitude=50 | lead_time=1 | PID 3710624 | GPU 6
[2026-07-16T18:57:33] Finished split_patchtst | split_patchtst_098_half_quarterly_medium_mag_noise100_lt2 | run_3 | freq=7 | noise=1 | magnitude=100 | lead_time=2
[2026-07-16T18:58:01] Started split_timemixer | split_timemixer_018_yearly_medium_mag_noise100_lt3 | run_7 | freq=52 | noise=1 | magnitude=100 | lead_time=3 | PID 3712225 | GPU 6
[2026-07-16T18:58:48] Started local_patchtst | local_patchtst_075_quarterly_high_mag_noise0_lt3 | run_5 | freq=13 | noise=1 | magnitude=200 | lead_time=3 | PID 3713478 | GPU 2
[2026-07-16T18:58:51] Started local_patchtst | local_patchtst_075_quarterly_high_mag_noise0_lt3 | run_9 | freq=13 | noise=1 | magnitude=200 | lead_time=3 | PID 3713545 | GPU 2
[2026-07-16T18:59:20] Started split_patchtst | split_patchtst_065_quarterly_medium_mag_noise0_lt2 | run_1 | freq=13 | noise=1 | magnitude=100 | lead_time=2 | PID 3714297 | GPU 4
[2026-07-16T18:59:34] Started split_patchtst | split_patchtst_107_half_quarterly_high_mag_noise100_lt2 | run_5 | freq=7 | noise=1 | magnitude=200 | lead_time=2 | PID 3714721 | GPU 0
[2026-07-16T18:59:38] Finished split_patchtst | split_patchtst_028_half_yearly_low_mag_noise0_lt1 | run_7 | freq=26 | noise=1 | magnitude=50 | lead_time=1
[2026-07-16T18:59:39] Started local_timemixer | local_timemixer_003_yearly_low_mag_noise0_lt3 | run_3 | freq=52 | noise=1 | magnitude=50 | lead_time=3 | PID 3714744 | GPU 0
[2026-07-16T18:59:42] Started local_timemixer | local_timemixer_003_yearly_low_mag_noise0_lt3 | run_7 | freq=52 | noise=1 | magnitude=50 | lead_time=3 | PID 3714755 | GPU 0
[2026-07-16T18:59:48] Started local_timemixer | local_timemixer_015_yearly_medium_mag_noise10_lt3 | run_5 | freq=52 | noise=1 | magnitude=100 | lead_time=3 | PID 3714817 | GPU 2
[2026-07-16T18:59:53] Started local_timemixer | local_timemixer_023_yearly_high_mag_noise10_lt2 | run_5 | freq=52 | noise=1 | magnitude=200 | lead_time=2 | PID 3714911 | GPU 2
[2026-07-16T19:00:12] Started local_timemixer | local_timemixer_093_half_quarterly_medium_mag_noise0_lt3 | run_1 | freq=7 | noise=1 | magnitude=100 | lead_time=3 | PID 3715971 | GPU 6
[2026-07-16T19:00:21] Started split_timemixer | split_timemixer_011_yearly_medium_mag_noise0_lt2 | run_1 | freq=52 | noise=1 | magnitude=100 | lead_time=2 | PID 3716336 | GPU 5
[2026-07-16T19:00:49] Started split_timemixer | split_timemixer_106_half_quarterly_high_mag_noise100_lt1 | run_7 | freq=7 | noise=1 | magnitude=200 | lead_time=1 | PID 3716951 | GPU 1
[2026-07-16T19:00:58] Started local_patchtst | local_patchtst_019_yearly_high_mag_noise0_lt1 | run_5 | freq=52 | noise=1 | magnitude=200 | lead_time=1 | PID 3717113 | GPU 4
[2026-07-16T19:01:22] Started local_patchtst | local_patchtst_099_half_quarterly_medium_mag_noise100_lt3 | run_1 | freq=7 | noise=1 | magnitude=100 | lead_time=3 | PID 3717704 | GPU 3
[2026-07-16T19:01:25] Started local_patchtst | local_patchtst_099_half_quarterly_medium_mag_noise100_lt3 | run_5 | freq=7 | noise=1 | magnitude=100 | lead_time=3 | PID 3717967 | GPU 3
[2026-07-16T19:01:46] Started split_patchtst | split_patchtst_058_quarterly_low_mag_noise10_lt1 | run_3 | freq=13 | noise=1 | magnitude=50 | lead_time=1 | PID 3718451 | GPU 4
[2026-07-16T19:02:02] Finished split_patchtst | split_patchtst_065_quarterly_medium_mag_noise0_lt2 | run_1 | freq=13 | noise=1 | magnitude=100 | lead_time=2
[2026-07-16T19:02:20] Started local_timemixer | local_timemixer_079_quarterly_high_mag_noise100_lt1 | run_5 | freq=13 | noise=1 | magnitude=200 | lead_time=1 | PID 3719092 | GPU 4
[2026-07-16T19:02:28] Started local_timemixer | local_timemixer_100_half_quarterly_high_mag_noise0_lt1 | run_3 | freq=7 | noise=1 | magnitude=200 | lead_time=1 | PID 3719501 | GPU 3
[2026-07-16T19:03:11] Started local_patchtst | local_patchtst_043_half_yearly_medium_mag_noise100_lt1 | run_5 | freq=26 | noise=1 | magnitude=100 | lead_time=1 | PID 3730470 | GPU 1
[2026-07-16T19:03:22] Started local_patchtst | local_patchtst_074_quarterly_high_mag_noise0_lt2 | run_3 | freq=13 | noise=1 | magnitude=200 | lead_time=2 | PID 3730617 | GPU 5
[2026-07-16T19:03:42] Started split_patchtst | split_patchtst_030_half_yearly_low_mag_noise0_lt3 | run_7 | freq=26 | noise=1 | magnitude=50 | lead_time=3 | PID 3731224 | GPU 3
[2026-07-16T19:03:47] Started split_patchtst | split_patchtst_037_half_yearly_medium_mag_noise0_lt1 | run_9 | freq=26 | noise=1 | magnitude=100 | lead_time=1 | PID 3731265 | GPU 4
[2026-07-16T19:04:08] Finished split_patchtst | split_patchtst_058_quarterly_low_mag_noise10_lt1 | run_3 | freq=13 | noise=1 | magnitude=50 | lead_time=1
[2026-07-16T19:04:40] Started split_timemixer | split_timemixer_033_half_yearly_low_mag_noise10_lt3 | run_5 | freq=26 | noise=1 | magnitude=50 | lead_time=3 | PID 3732886 | GPU 4
[2026-07-16T19:04:46] Started split_timemixer | split_timemixer_044_half_yearly_medium_mag_noise100_lt2 | run_7 | freq=26 | noise=1 | magnitude=100 | lead_time=2 | PID 3732956 | GPU 1
[2026-07-16T19:04:54] Started split_timemixer | split_timemixer_064_quarterly_medium_mag_noise0_lt1 | run_7 | freq=13 | noise=1 | magnitude=100 | lead_time=1 | PID 3733052 | GPU 7
[2026-07-16T19:04:58] Started split_timemixer | split_timemixer_065_quarterly_medium_mag_noise0_lt2 | run_1 | freq=13 | noise=1 | magnitude=100 | lead_time=2 | PID 3733059 | GPU 7
[2026-07-16T19:05:13] Started local_patchtst | local_patchtst_003_yearly_low_mag_noise0_lt3 | run_5 | freq=52 | noise=1 | magnitude=50 | lead_time=3 | PID 3733380 | GPU 3
[2026-07-16T19:05:58] Started split_patchtst | split_patchtst_057_quarterly_low_mag_noise0_lt3 | run_9 | freq=13 | noise=1 | magnitude=50 | lead_time=3 | PID 3734762 | GPU 5
[2026-07-16T19:06:01] Started split_patchtst | split_patchtst_058_quarterly_low_mag_noise10_lt1 | run_7 | freq=13 | noise=1 | magnitude=50 | lead_time=1 | PID 3734769 | GPU 5
[2026-07-16T19:06:18] Finished split_patchtst | split_patchtst_030_half_yearly_low_mag_noise0_lt3 | run_7 | freq=26 | noise=1 | magnitude=50 | lead_time=3
[2026-07-16T19:06:30] Started local_timemixer | local_timemixer_055_quarterly_low_mag_noise0_lt1 | run_8 | freq=13 | noise=1 | magnitude=50 | lead_time=1 | PID 3735523 | GPU 3
[2026-07-16T19:06:33] Started local_timemixer | local_timemixer_056_quarterly_low_mag_noise0_lt2 | run_2 | freq=13 | noise=1 | magnitude=50 | lead_time=2 | PID 3735613 | GPU 3
[2026-07-16T19:06:39] Started local_timemixer | local_timemixer_065_quarterly_medium_mag_noise0_lt2 | run_5 | freq=13 | noise=1 | magnitude=100 | lead_time=2 | PID 3735871 | GPU 2
[2026-07-16T19:06:53] Started split_timemixer | split_timemixer_006_yearly_low_mag_noise10_lt3 | run_3 | freq=52 | noise=1 | magnitude=50 | lead_time=3 | PID 3736174 | GPU 0
[2026-07-16T19:07:19] Started split_timemixer | split_timemixer_098_half_quarterly_medium_mag_noise100_lt2 | run_3 | freq=7 | noise=1 | magnitude=100 | lead_time=2 | PID 3736635 | GPU 5
[2026-07-16T19:07:23] Started split_timemixer | split_timemixer_098_half_quarterly_medium_mag_noise100_lt2 | run_7 | freq=7 | noise=1 | magnitude=100 | lead_time=2 | PID 3736683 | GPU 5
[2026-07-16T19:07:44] Started local_patchtst | local_patchtst_061_quarterly_low_mag_noise100_lt1 | run_1 | freq=13 | noise=1 | magnitude=50 | lead_time=1 | PID 3737327 | GPU 1
[2026-07-16T19:08:26] Finished split_patchtst | split_patchtst_058_quarterly_low_mag_noise10_lt1 | run_7 | freq=13 | noise=1 | magnitude=50 | lead_time=1
[2026-07-16T19:08:30] Started local_timemixer | local_timemixer_019_yearly_high_mag_noise0_lt1 | run_3 | freq=52 | noise=1 | magnitude=200 | lead_time=1 | PID 3738678 | GPU 6
[2026-07-16T19:08:56] Started split_timemixer | split_timemixer_015_yearly_medium_mag_noise10_lt3 | run_1 | freq=52 | noise=1 | magnitude=100 | lead_time=3 | PID 3739250 | GPU 4
[2026-07-16T19:09:19] Started split_timemixer | split_timemixer_093_half_quarterly_medium_mag_noise0_lt3 | run_9 | freq=7 | noise=1 | magnitude=100 | lead_time=3 | PID 3739950 | GPU 1
[2026-07-16T19:10:21] Finished local_timemixer | local_timemixer_003_yearly_low_mag_noise0_lt3 | run_3 | freq=52 | noise=1 | magnitude=50 | lead_time=3
[2026-07-16T19:11:07] Started split_timemixer | split_timemixer_092_half_quarterly_medium_mag_noise0_lt2 | run_7 | freq=7 | noise=1 | magnitude=100 | lead_time=2 | PID 3742936 | GPU 0
[2026-07-16T19:12:09] Finished local_patchtst | local_patchtst_061_quarterly_low_mag_noise100_lt1 | run_1 | freq=13 | noise=1 | magnitude=50 | lead_time=1
[2026-07-16T19:12:12] Started local_timemixer | local_timemixer_016_yearly_medium_mag_noise100_lt1 | run_8 | freq=52 | noise=1 | magnitude=100 | lead_time=1 | PID 3744796 | GPU 3
[2026-07-16T19:12:43] Started split_timemixer | split_timemixer_030_half_yearly_low_mag_noise0_lt3 | run_7 | freq=26 | noise=1 | magnitude=50 | lead_time=3 | PID 3745522 | GPU 1
[2026-07-16T19:13:08] Started local_patchtst | local_patchtst_008_yearly_low_mag_noise100_lt2 | run_3 | freq=52 | noise=1 | magnitude=50 | lead_time=2 | PID 3746390 | GPU 2
[2026-07-16T19:13:16] Started local_patchtst | local_patchtst_026_yearly_high_mag_noise100_lt2 | run_7 | freq=52 | noise=1 | magnitude=200 | lead_time=2 | PID 3746482 | GPU 7
[2026-07-16T19:13:25] Started local_patchtst | local_patchtst_046_half_yearly_high_mag_noise0_lt1 | run_3 | freq=26 | noise=1 | magnitude=200 | lead_time=1 | PID 3746583 | GPU 3
[2026-07-16T19:13:51] Started split_patchtst | split_patchtst_029_half_yearly_low_mag_noise0_lt2 | run_1 | freq=26 | noise=1 | magnitude=50 | lead_time=2 | PID 3747353 | GPU 7
[2026-07-16T19:14:10] Started split_patchtst | split_patchtst_094_half_quarterly_medium_mag_noise10_lt1 | run_3 | freq=7 | noise=1 | magnitude=100 | lead_time=1 | PID 3747798 | GPU 2
[2026-07-16T19:14:17] Finished local_timemixer | local_timemixer_065_quarterly_medium_mag_noise0_lt2 | run_5 | freq=13 | noise=1 | magnitude=100 | lead_time=2
[2026-07-16T19:14:29] Started local_timemixer | local_timemixer_055_quarterly_low_mag_noise0_lt1 | run_0 | freq=13 | noise=1 | magnitude=50 | lead_time=1 | PID 3748312 | GPU 7
[2026-07-16T19:14:43] Started local_timemixer | local_timemixer_107_half_quarterly_high_mag_noise100_lt2 | run_1 | freq=7 | noise=1 | magnitude=200 | lead_time=2 | PID 3748727 | GPU 3
[2026-07-16T19:14:55] Started split_timemixer | split_timemixer_032_half_yearly_low_mag_noise10_lt2 | run_7 | freq=26 | noise=1 | magnitude=50 | lead_time=2 | PID 3749057 | GPU 2
[2026-07-16T19:14:58] Started split_timemixer | split_timemixer_033_half_yearly_low_mag_noise10_lt3 | run_1 | freq=26 | noise=1 | magnitude=50 | lead_time=3 | PID 3749064 | GPU 2
[2026-07-16T19:15:06] Started split_timemixer | split_timemixer_053_half_yearly_high_mag_noise100_lt2 | run_1 | freq=26 | noise=1 | magnitude=200 | lead_time=2 | PID 3749162 | GPU 4
[2026-07-16T19:15:52] Started split_patchtst | split_patchtst_003_yearly_low_mag_noise0_lt3 | run_5 | freq=52 | noise=1 | magnitude=50 | lead_time=3 | PID 3750451 | GPU 6
[2026-07-16T19:15:58] Started split_patchtst | split_patchtst_015_yearly_medium_mag_noise10_lt3 | run_5 | freq=52 | noise=1 | magnitude=100 | lead_time=3 | PID 3750677 | GPU 7
[2026-07-16T19:16:14] Started split_patchtst | split_patchtst_066_quarterly_medium_mag_noise0_lt3 | run_7 | freq=13 | noise=1 | magnitude=100 | lead_time=3 | PID 3750913 | GPU 5
[2026-07-16T19:16:17] Started split_patchtst | split_patchtst_067_quarterly_medium_mag_noise10_lt1 | run_1 | freq=13 | noise=1 | magnitude=100 | lead_time=1 | PID 3750920 | GPU 5
[2026-07-16T19:16:24] Started split_patchtst | split_patchtst_079_quarterly_high_mag_noise100_lt1 | run_5 | freq=13 | noise=1 | magnitude=200 | lead_time=1 | PID 3750989 | GPU 0
[2026-07-16T19:16:34] Finished split_patchtst | split_patchtst_094_half_quarterly_medium_mag_noise10_lt1 | run_3 | freq=7 | noise=1 | magnitude=100 | lead_time=1
[2026-07-16T19:16:38] Started local_timemixer | local_timemixer_017_yearly_medium_mag_noise100_lt2 | run_2 | freq=52 | noise=1 | magnitude=100 | lead_time=2 | PID 3751227 | GPU 3
[2026-07-16T19:16:45] Started local_timemixer | local_timemixer_036_half_yearly_low_mag_noise100_lt3 | run_5 | freq=26 | noise=1 | magnitude=50 | lead_time=3 | PID 3751646 | GPU 7
[2026-07-16T19:17:36] Started local_patchtst | local_patchtst_022_yearly_high_mag_noise10_lt1 | run_7 | freq=52 | noise=1 | magnitude=200 | lead_time=1 | PID 3752870 | GPU 5
[2026-07-16T19:17:39] Started local_patchtst | local_patchtst_023_yearly_high_mag_noise10_lt2 | run_1 | freq=52 | noise=1 | magnitude=200 | lead_time=2 | PID 3752881 | GPU 5
[2026-07-16T19:18:15] Started split_patchtst | split_patchtst_047_half_yearly_high_mag_noise0_lt2 | run_9 | freq=26 | noise=1 | magnitude=200 | lead_time=2 | PID 3754172 | GPU 0
[2026-07-16T19:18:18] Started split_patchtst | split_patchtst_048_half_yearly_high_mag_noise0_lt3 | run_3 | freq=26 | noise=1 | magnitude=200 | lead_time=3 | PID 3754179 | GPU 0
[2026-07-16T19:18:37] Finished split_patchtst | split_patchtst_067_quarterly_medium_mag_noise10_lt1 | run_1 | freq=13 | noise=1 | magnitude=100 | lead_time=1
[2026-07-16T19:18:58] Started local_timemixer | local_timemixer_101_half_quarterly_high_mag_noise0_lt2 | run_9 | freq=7 | noise=1 | magnitude=200 | lead_time=2 | PID 3755038 | GPU 5
[2026-07-16T19:19:01] Started local_timemixer | local_timemixer_102_half_quarterly_high_mag_noise0_lt3 | run_3 | freq=7 | noise=1 | magnitude=200 | lead_time=3 | PID 3755045 | GPU 5
[2026-07-16T19:19:10] Started split_timemixer | split_timemixer_017_yearly_medium_mag_noise100_lt2 | run_1 | freq=52 | noise=1 | magnitude=100 | lead_time=2 | PID 3755256 | GPU 6
[2026-07-16T19:19:15] Started split_timemixer | split_timemixer_024_yearly_high_mag_noise10_lt3 | run_7 | freq=52 | noise=1 | magnitude=200 | lead_time=3 | PID 3755384 | GPU 6
[2026-07-16T19:19:49] Started local_patchtst | local_patchtst_041_half_yearly_medium_mag_noise10_lt2 | run_5 | freq=26 | noise=1 | magnitude=100 | lead_time=2 | PID 3756465 | GPU 0
[2026-07-16T19:20:16] Started split_patchtst | split_patchtst_029_half_yearly_low_mag_noise0_lt2 | run_9 | freq=26 | noise=1 | magnitude=50 | lead_time=2 | PID 3757056 | GPU 4
[2026-07-16T19:20:20] Started split_patchtst | split_patchtst_031_half_yearly_low_mag_noise10_lt1 | run_1 | freq=26 | noise=1 | magnitude=50 | lead_time=1 | PID 3757102 | GPU 4
[2026-07-16T19:20:23] Started split_patchtst | split_patchtst_031_half_yearly_low_mag_noise10_lt1 | run_5 | freq=26 | noise=1 | magnitude=50 | lead_time=1 | PID 3757110 | GPU 4
[2026-07-16T19:20:33] Started split_patchtst | split_patchtst_061_quarterly_low_mag_noise100_lt1 | run_5 | freq=13 | noise=1 | magnitude=50 | lead_time=1 | PID 3757330 | GPU 7
[2026-07-16T19:20:48] Finished split_patchtst | split_patchtst_048_half_yearly_high_mag_noise0_lt3 | run_3 | freq=26 | noise=1 | magnitude=200 | lead_time=3
[2026-07-16T19:20:51] Started local_timemixer | local_timemixer_016_yearly_medium_mag_noise100_lt1 | run_3 | freq=52 | noise=1 | magnitude=100 | lead_time=1 | PID 3758061 | GPU 0
[2026-07-16T19:21:16] Started split_timemixer | split_timemixer_009_yearly_low_mag_noise100_lt3 | run_1 | freq=52 | noise=1 | magnitude=50 | lead_time=3 | PID 3758567 | GPU 1
[2026-07-16T19:21:19] Started split_timemixer | split_timemixer_009_yearly_low_mag_noise100_lt3 | run_5 | freq=52 | noise=1 | magnitude=50 | lead_time=3 | PID 3758580 | GPU 1
[2026-07-16T19:21:38] Started split_timemixer | split_timemixer_075_quarterly_high_mag_noise0_lt3 | run_1 | freq=13 | noise=1 | magnitude=200 | lead_time=3 | PID 3758925 | GPU 3
[2026-07-16T19:22:13] Started local_patchtst | local_patchtst_095_half_quarterly_medium_mag_noise10_lt2 | run_1 | freq=7 | noise=1 | magnitude=100 | lead_time=2 | PID 3760045 | GPU 4
[2026-07-16T19:22:16] Started local_patchtst | local_patchtst_095_half_quarterly_medium_mag_noise10_lt2 | run_5 | freq=7 | noise=1 | magnitude=100 | lead_time=2 | PID 3760161 | GPU 7
[2026-07-16T19:22:20] Started local_patchtst | local_patchtst_095_half_quarterly_medium_mag_noise10_lt2 | run_9 | freq=7 | noise=1 | magnitude=100 | lead_time=2 | PID 3760169 | GPU 7
[2026-07-16T19:22:25] Started local_patchtst | local_patchtst_104_half_quarterly_high_mag_noise10_lt2 | run_3 | freq=7 | noise=1 | magnitude=200 | lead_time=2 | PID 3760244 | GPU 0
[2026-07-16T19:22:55] Finished split_patchtst | split_patchtst_061_quarterly_low_mag_noise100_lt1 | run_5 | freq=13 | noise=1 | magnitude=50 | lead_time=1
[2026-07-16T19:22:56] Started local_timemixer | local_timemixer_004_yearly_low_mag_noise10_lt1 | run_1 | freq=52 | noise=1 | magnitude=50 | lead_time=1 | PID 3760973 | GPU 4
[2026-07-16T19:22:59] Started local_timemixer | local_timemixer_004_yearly_low_mag_noise10_lt1 | run_5 | freq=52 | noise=1 | magnitude=50 | lead_time=1 | PID 3760980 | GPU 4
[2026-07-16T19:23:12] Started local_timemixer | local_timemixer_050_half_yearly_high_mag_noise10_lt2 | run_5 | freq=26 | noise=1 | magnitude=200 | lead_time=2 | PID 3761352 | GPU 7
[2026-07-16T19:23:15] Started local_timemixer | local_timemixer_053_half_yearly_high_mag_noise100_lt2 | run_3 | freq=26 | noise=1 | magnitude=200 | lead_time=2 | PID 3761443 | GPU 7
[2026-07-16T19:23:52] Started split_timemixer | split_timemixer_092_half_quarterly_medium_mag_noise0_lt2 | run_3 | freq=7 | noise=1 | magnitude=100 | lead_time=2 | PID 3762505 | GPU 3
[2026-07-16T19:24:52] Finished local_patchtst | local_patchtst_095_half_quarterly_medium_mag_noise10_lt2 | run_9 | freq=7 | noise=1 | magnitude=100 | lead_time=2
[2026-07-16T19:25:15] Started split_timemixer | split_timemixer_004_yearly_low_mag_noise10_lt1 | run_3 | freq=52 | noise=1 | magnitude=50 | lead_time=1 | PID 3764654 | GPU 5
[2026-07-16T19:25:35] Started split_timemixer | split_timemixer_075_quarterly_high_mag_noise0_lt3 | run_9 | freq=13 | noise=1 | magnitude=200 | lead_time=3 | PID 3765077 | GPU 2
[2026-07-16T19:25:41] Started split_timemixer | split_timemixer_087_half_quarterly_low_mag_noise10_lt3 | run_1 | freq=7 | noise=1 | magnitude=50 | lead_time=3 | PID 3765236 | GPU 0
[2026-07-16T19:25:51] Started local_patchtst | local_patchtst_003_yearly_low_mag_noise0_lt3 | run_9 | freq=52 | noise=1 | magnitude=50 | lead_time=3 | PID 3765739 | GPU 5
[2026-07-16T19:26:45] Finished local_patchtst | local_patchtst_104_half_quarterly_high_mag_noise10_lt2 | run_3 | freq=7 | noise=1 | magnitude=200 | lead_time=2
[2026-07-16T19:27:14] Started split_timemixer | split_timemixer_029_half_yearly_low_mag_noise0_lt2 | run_9 | freq=26 | noise=1 | magnitude=50 | lead_time=2 | PID 3768015 | GPU 6
[2026-07-16T19:27:26] Started split_timemixer | split_timemixer_067_quarterly_medium_mag_noise10_lt1 | run_1 | freq=13 | noise=1 | magnitude=100 | lead_time=1 | PID 3768177 | GPU 5
[2026-07-16T19:28:27] Started split_patchtst | split_patchtst_093_half_quarterly_medium_mag_noise0_lt3 | run_1 | freq=7 | noise=1 | magnitude=100 | lead_time=3 | PID 3769934 | GPU 4
[2026-07-16T19:28:31] Started split_patchtst | split_patchtst_093_half_quarterly_medium_mag_noise0_lt3 | run_5 | freq=7 | noise=1 | magnitude=100 | lead_time=3 | PID 3770057 | GPU 4
[2026-07-16T19:28:38] Finished local_timemixer | local_timemixer_004_yearly_low_mag_noise10_lt1 | run_5 | freq=52 | noise=1 | magnitude=50 | lead_time=1
[2026-07-16T19:29:00] Started split_timemixer | split_timemixer_002_yearly_low_mag_noise0_lt2 | run_3 | freq=52 | noise=1 | magnitude=50 | lead_time=2 | PID 3770786 | GPU 0
[2026-07-16T19:29:20] Started split_timemixer | split_timemixer_073_quarterly_high_mag_noise0_lt1 | run_1 | freq=13 | noise=1 | magnitude=200 | lead_time=1 | PID 3771090 | GPU 6
[2026-07-16T19:29:48] Started local_patchtst | local_patchtst_066_quarterly_medium_mag_noise0_lt3 | run_3 | freq=13 | noise=1 | magnitude=100 | lead_time=3 | PID 3772034 | GPU 7
[2026-07-16T19:29:52] Started local_patchtst | local_patchtst_066_quarterly_medium_mag_noise0_lt3 | run_7 | freq=13 | noise=1 | magnitude=100 | lead_time=3 | PID 3772223 | GPU 4
[2026-07-16T19:29:55] Started local_patchtst | local_patchtst_067_quarterly_medium_mag_noise10_lt1 | run_1 | freq=13 | noise=1 | magnitude=100 | lead_time=1 | PID 3772245 | GPU 7
[2026-07-16T19:29:58] Started local_patchtst | local_patchtst_067_quarterly_medium_mag_noise10_lt1 | run_5 | freq=13 | noise=1 | magnitude=100 | lead_time=1 | PID 3772295 | GPU 4
[2026-07-16T19:30:37] Finished split_patchtst | split_patchtst_093_half_quarterly_medium_mag_noise0_lt3 | run_5 | freq=7 | noise=1 | magnitude=100 | lead_time=3
[2026-07-16T19:30:45] Started local_timemixer | local_timemixer_038_half_yearly_medium_mag_noise0_lt2 | run_5 | freq=26 | noise=1 | magnitude=100 | lead_time=2 | PID 3773267 | GPU 7
[2026-07-16T19:30:54] Started local_timemixer | local_timemixer_068_quarterly_medium_mag_noise10_lt2 | run_3 | freq=13 | noise=1 | magnitude=100 | lead_time=2 | PID 3773764 | GPU 4
[2026-07-16T19:31:25] Started split_timemixer | split_timemixer_084_half_quarterly_low_mag_noise0_lt3 | run_7 | freq=7 | noise=1 | magnitude=50 | lead_time=3 | PID 3774401 | GPU 1
[2026-07-16T19:31:28] Started split_timemixer | split_timemixer_085_half_quarterly_low_mag_noise10_lt1 | run_1 | freq=7 | noise=1 | magnitude=50 | lead_time=1 | PID 3774408 | GPU 1
[2026-07-16T19:31:43] Started local_patchtst | local_patchtst_023_yearly_high_mag_noise10_lt2 | run_9 | freq=52 | noise=1 | magnitude=200 | lead_time=2 | PID 3774736 | GPU 3
[2026-07-16T19:32:02] Started local_patchtst | local_patchtst_089_half_quarterly_low_mag_noise100_lt2 | run_9 | freq=7 | noise=1 | magnitude=50 | lead_time=2 | PID 3775225 | GPU 7
[2026-07-16T19:32:22] Started split_patchtst | split_patchtst_052_half_yearly_high_mag_noise100_lt1 | run_7 | freq=26 | noise=1 | magnitude=200 | lead_time=1 | PID 3775926 | GPU 4
[2026-07-16T19:32:25] Started split_patchtst | split_patchtst_053_half_yearly_high_mag_noise100_lt2 | run_1 | freq=26 | noise=1 | magnitude=200 | lead_time=2 | PID 3775933 | GPU 3
[2026-07-16T19:32:42] Finished local_patchtst | local_patchtst_067_quarterly_medium_mag_noise10_lt1 | run_5 | freq=13 | noise=1 | magnitude=100 | lead_time=1
[2026-07-16T19:32:48] Started local_timemixer | local_timemixer_032_half_yearly_low_mag_noise10_lt2 | run_0 | freq=26 | noise=1 | magnitude=50 | lead_time=2 | PID 3776435 | GPU 7
[2026-07-16T19:32:57] Started local_timemixer | local_timemixer_060_quarterly_low_mag_noise10_lt3 | run_7 | freq=13 | noise=1 | magnitude=50 | lead_time=3 | PID 3776727 | GPU 3
[2026-07-16T19:33:03] Started local_timemixer | local_timemixer_071_quarterly_medium_mag_noise100_lt2 | run_9 | freq=13 | noise=1 | magnitude=100 | lead_time=2 | PID 3776781 | GPU 5
[2026-07-16T19:33:42] Started local_patchtst | local_patchtst_012_yearly_medium_mag_noise0_lt3 | run_3 | freq=52 | noise=1 | magnitude=100 | lead_time=3 | PID 3777898 | GPU 4
[2026-07-16T19:34:13] Started split_patchtst | split_patchtst_021_yearly_high_mag_noise0_lt3 | run_5 | freq=52 | noise=1 | magnitude=200 | lead_time=3 | PID 3778628 | GPU 0
[2026-07-16T19:34:24] Started split_patchtst | split_patchtst_055_quarterly_low_mag_noise0_lt1 | run_5 | freq=13 | noise=1 | magnitude=50 | lead_time=1 | PID 3778823 | GPU 3
[2026-07-16T19:34:34] Started split_patchtst | split_patchtst_084_half_quarterly_low_mag_noise0_lt3 | run_7 | freq=7 | noise=1 | magnitude=50 | lead_time=3 | PID 3778974 | GPU 4
[2026-07-16T19:34:43] Finished split_patchtst | split_patchtst_053_half_yearly_high_mag_noise100_lt2 | run_1 | freq=26 | noise=1 | magnitude=200 | lead_time=2
[2026-07-16T19:34:49] Started local_timemixer | local_timemixer_030_half_yearly_low_mag_noise0_lt3 | run_0 | freq=26 | noise=1 | magnitude=50 | lead_time=3 | PID 3779567 | GPU 3
[2026-07-16T19:35:25] Started split_timemixer | split_timemixer_071_quarterly_medium_mag_noise100_lt2 | run_5 | freq=13 | noise=1 | magnitude=100 | lead_time=2 | PID 3780465 | GPU 5
[2026-07-16T19:35:51] Started local_patchtst | local_patchtst_059_quarterly_low_mag_noise10_lt2 | run_5 | freq=13 | noise=1 | magnitude=50 | lead_time=2 | PID 3781031 | GPU 0
[2026-07-16T19:36:15] Started split_patchtst | split_patchtst_040_half_yearly_medium_mag_noise10_lt1 | run_7 | freq=26 | noise=1 | magnitude=100 | lead_time=1 | PID 3781918 | GPU 4
[2026-07-16T19:36:34] Finished split_patchtst | split_patchtst_084_half_quarterly_low_mag_noise0_lt3 | run_7 | freq=7 | noise=1 | magnitude=50 | lead_time=3
[2026-07-16T19:36:35] Started local_timemixer | local_timemixer_004_yearly_low_mag_noise10_lt1 | run_9 | freq=52 | noise=1 | magnitude=50 | lead_time=1 | PID 3782276 | GPU 4
[2026-07-16T19:36:38] Started local_timemixer | local_timemixer_005_yearly_low_mag_noise10_lt2 | run_3 | freq=52 | noise=1 | magnitude=50 | lead_time=2 | PID 3782287 | GPU 4
[2026-07-16T19:36:52] Started local_timemixer | local_timemixer_057_quarterly_low_mag_noise0_lt3 | run_0 | freq=13 | noise=1 | magnitude=50 | lead_time=3 | PID 3782601 | GPU 6
[2026-07-16T19:36:55] Started local_timemixer | local_timemixer_057_quarterly_low_mag_noise0_lt3 | run_4 | freq=13 | noise=1 | magnitude=50 | lead_time=3 | PID 3782787 | GPU 6
[2026-07-16T19:36:58] Started local_timemixer | local_timemixer_058_quarterly_low_mag_noise10_lt1 | run_6 | freq=13 | noise=1 | magnitude=50 | lead_time=1 | PID 3782799 | GPU 0
[2026-07-16T19:37:41] Started local_patchtst | local_patchtst_021_yearly_high_mag_noise0_lt3 | run_5 | freq=52 | noise=1 | magnitude=200 | lead_time=3 | PID 3783939 | GPU 7
[2026-07-16T19:38:04] Started local_patchtst | local_patchtst_108_half_quarterly_high_mag_noise100_lt3 | run_3 | freq=7 | noise=1 | magnitude=200 | lead_time=3 | PID 3784610 | GPU 7
[2026-07-16T19:38:32] Finished local_patchtst | local_patchtst_059_quarterly_low_mag_noise10_lt2 | run_5 | freq=13 | noise=1 | magnitude=50 | lead_time=2
[2026-07-16T19:38:35] Started local_timemixer | local_timemixer_017_yearly_medium_mag_noise100_lt2 | run_6 | freq=52 | noise=1 | magnitude=100 | lead_time=2 | PID 3785280 | GPU 7
[2026-07-16T19:38:52] Started local_timemixer | local_timemixer_087_half_quarterly_low_mag_noise10_lt3 | run_9 | freq=7 | noise=1 | magnitude=50 | lead_time=3 | PID 3785802 | GPU 0
[2026-07-16T19:40:02] Started split_patchtst | split_patchtst_063_quarterly_low_mag_noise100_lt3 | run_5 | freq=13 | noise=1 | magnitude=50 | lead_time=3 | PID 3788034 | GPU 7
[2026-07-16T19:40:16] Finished local_patchtst | local_patchtst_021_yearly_high_mag_noise0_lt3 | run_5 | freq=52 | noise=1 | magnitude=200 | lead_time=3
[2026-07-16T19:40:24] Started local_timemixer | local_timemixer_044_half_yearly_medium_mag_noise100_lt2 | run_5 | freq=26 | noise=1 | magnitude=100 | lead_time=2 | PID 3788406 | GPU 7
[2026-07-16T19:40:35] Started local_timemixer | local_timemixer_084_half_quarterly_low_mag_noise0_lt3 | run_7 | freq=7 | noise=1 | magnitude=50 | lead_time=3 | PID 3788561 | GPU 5
[2026-07-16T19:40:39] Started local_timemixer | local_timemixer_085_half_quarterly_low_mag_noise10_lt1 | run_1 | freq=7 | noise=1 | magnitude=50 | lead_time=1 | PID 3788573 | GPU 1
[2026-07-16T19:40:42] Started local_timemixer | local_timemixer_085_half_quarterly_low_mag_noise10_lt1 | run_5 | freq=7 | noise=1 | magnitude=50 | lead_time=1 | PID 3788622 | GPU 3
[2026-07-16T19:40:45] Started local_timemixer | local_timemixer_086_half_quarterly_low_mag_noise10_lt2 | run_7 | freq=7 | noise=1 | magnitude=50 | lead_time=2 | PID 3788651 | GPU 3
[2026-07-16T19:41:02] Started split_timemixer | split_timemixer_042_half_yearly_medium_mag_noise10_lt3 | run_3 | freq=26 | noise=1 | magnitude=100 | lead_time=3 | PID 3789203 | GPU 1
[2026-07-16T19:41:32] Started local_patchtst | local_patchtst_051_half_yearly_high_mag_noise10_lt3 | run_1 | freq=26 | noise=1 | magnitude=200 | lead_time=3 | PID 3790033 | GPU 0
[2026-07-16T19:42:12] Finished local_patchtst | local_patchtst_108_half_quarterly_high_mag_noise100_lt3 | run_3 | freq=7 | noise=1 | magnitude=200 | lead_time=3
[2026-07-16T19:42:19] Started local_timemixer | local_timemixer_037_half_yearly_medium_mag_noise0_lt1 | run_3 | freq=26 | noise=1 | magnitude=100 | lead_time=1 | PID 3791239 | GPU 0
[2026-07-16T19:42:25] Started local_timemixer | local_timemixer_050_half_yearly_high_mag_noise10_lt2 | run_1 | freq=26 | noise=1 | magnitude=200 | lead_time=2 | PID 3791380 | GPU 4
[2026-07-16T19:43:14] Started local_patchtst | local_patchtst_049_half_yearly_high_mag_noise10_lt1 | run_5 | freq=26 | noise=1 | magnitude=200 | lead_time=1 | PID 3792846 | GPU 6
[2026-07-16T19:43:17] Started local_patchtst | local_patchtst_050_half_yearly_high_mag_noise10_lt2 | run_3 | freq=26 | noise=1 | magnitude=200 | lead_time=2 | PID 3792856 | GPU 6
[2026-07-16T19:43:34] Started local_patchtst | local_patchtst_108_half_quarterly_high_mag_noise100_lt3 | run_7 | freq=7 | noise=1 | magnitude=200 | lead_time=3 | PID 3793106 | GPU 5
[2026-07-16T19:43:51] Started split_patchtst | split_patchtst_065_quarterly_medium_mag_noise0_lt2 | run_9 | freq=13 | noise=1 | magnitude=100 | lead_time=2 | PID 3793712 | GPU 4
[2026-07-16T19:44:05] Finished split_patchtst | split_patchtst_063_quarterly_low_mag_noise100_lt3 | run_5 | freq=13 | noise=1 | magnitude=50 | lead_time=3
[2026-07-16T19:44:11] Started local_timemixer | local_timemixer_034_half_yearly_low_mag_noise100_lt1 | run_6 | freq=26 | noise=1 | magnitude=50 | lead_time=1 | PID 3794364 | GPU 6
[2026-07-16T19:44:14] Started local_timemixer | local_timemixer_035_half_yearly_low_mag_noise100_lt2 | run_0 | freq=26 | noise=1 | magnitude=50 | lead_time=2 | PID 3794371 | GPU 4
[2026-07-16T19:44:22] Started local_timemixer | local_timemixer_061_quarterly_low_mag_noise100_lt1 | run_1 | freq=13 | noise=1 | magnitude=50 | lead_time=1 | PID 3794460 | GPU 5
[2026-07-16T19:44:58] Started local_patchtst | local_patchtst_001_yearly_low_mag_noise0_lt1 | run_9 | freq=52 | noise=1 | magnitude=50 | lead_time=1 | PID 3795373 | GPU 7
[2026-07-16T19:45:25] Started local_patchtst | local_patchtst_105_half_quarterly_high_mag_noise10_lt3 | run_9 | freq=7 | noise=1 | magnitude=200 | lead_time=3 | PID 3796253 | GPU 0
[2026-07-16T19:45:53] Finished local_patchtst | local_patchtst_050_half_yearly_high_mag_noise10_lt2 | run_3 | freq=26 | noise=1 | magnitude=200 | lead_time=2
[2026-07-16T19:45:54] Started local_timemixer | local_timemixer_007_yearly_low_mag_noise100_lt1 | run_4 | freq=52 | noise=1 | magnitude=50 | lead_time=1 | PID 3796752 | GPU 0
[2026-07-16T19:46:05] Started local_timemixer | local_timemixer_052_half_yearly_high_mag_noise100_lt1 | run_1 | freq=26 | noise=1 | magnitude=200 | lead_time=1 | PID 3797111 | GPU 6
[2026-07-16T19:46:23] Started split_timemixer | split_timemixer_021_yearly_high_mag_noise0_lt3 | run_9 | freq=52 | noise=1 | magnitude=200 | lead_time=3 | PID 3797703 | GPU 7
[2026-07-16T19:46:26] Started split_timemixer | split_timemixer_022_yearly_high_mag_noise10_lt1 | run_3 | freq=52 | noise=1 | magnitude=200 | lead_time=1 | PID 3797762 | GPU 7
[2026-07-16T19:46:39] Started split_timemixer | split_timemixer_061_quarterly_low_mag_noise100_lt1 | run_5 | freq=13 | noise=1 | magnitude=50 | lead_time=1 | PID 3798053 | GPU 3
[2026-07-16T19:46:42] Started split_timemixer | split_timemixer_061_quarterly_low_mag_noise100_lt1 | run_9 | freq=13 | noise=1 | magnitude=50 | lead_time=1 | PID 3798066 | GPU 3
[2026-07-16T19:47:31] Started split_patchtst | split_patchtst_045_half_yearly_medium_mag_noise100_lt3 | run_5 | freq=26 | noise=1 | magnitude=100 | lead_time=3 | PID 3799266 | GPU 5
[2026-07-16T19:47:48] Finished local_patchtst | local_patchtst_001_yearly_low_mag_noise0_lt1 | run_9 | freq=52 | noise=1 | magnitude=50 | lead_time=1
[2026-07-16T19:47:55] Started local_timemixer | local_timemixer_039_half_yearly_medium_mag_noise0_lt3 | run_3 | freq=26 | noise=1 | magnitude=100 | lead_time=3 | PID 3800021 | GPU 5
[2026-07-16T19:48:08] Started local_timemixer | local_timemixer_093_half_quarterly_medium_mag_noise0_lt3 | run_9 | freq=7 | noise=1 | magnitude=100 | lead_time=3 | PID 3800383 | GPU 6
[2026-07-16T19:48:34] Started split_timemixer | split_timemixer_090_half_quarterly_low_mag_noise100_lt3 | run_3 | freq=7 | noise=1 | magnitude=50 | lead_time=3 | PID 3800966 | GPU 4
[2026-07-16T19:48:50] Started local_patchtst | local_patchtst_034_half_yearly_low_mag_noise100_lt1 | run_7 | freq=26 | noise=1 | magnitude=50 | lead_time=1 | PID 3801242 | GPU 0
[2026-07-16T19:48:55] Started local_patchtst | local_patchtst_039_half_yearly_medium_mag_noise0_lt3 | run_9 | freq=26 | noise=1 | magnitude=100 | lead_time=3 | PID 3801371 | GPU 1
[2026-07-16T19:49:38] Finished local_patchtst | local_patchtst_105_half_quarterly_high_mag_noise10_lt3 | run_9 | freq=7 | noise=1 | magnitude=200 | lead_time=3
[2026-07-16T19:50:16] Started split_timemixer | split_timemixer_087_half_quarterly_low_mag_noise10_lt3 | run_5 | freq=7 | noise=1 | magnitude=50 | lead_time=3 | PID 3803800 | GPU 1
[2026-07-16T19:50:27] Started local_patchtst | local_patchtst_012_yearly_medium_mag_noise0_lt3 | run_7 | freq=52 | noise=1 | magnitude=100 | lead_time=3 | PID 3804194 | GPU 5
[2026-07-16T19:50:33] Started local_patchtst | local_patchtst_025_yearly_high_mag_noise100_lt1 | run_5 | freq=52 | noise=1 | magnitude=200 | lead_time=1 | PID 3804250 | GPU 0
[2026-07-16T19:50:36] Started local_patchtst | local_patchtst_025_yearly_high_mag_noise100_lt1 | run_9 | freq=52 | noise=1 | magnitude=200 | lead_time=1 | PID 3804260 | GPU 0
[2026-07-16T19:51:23] Finished local_patchtst | local_patchtst_034_half_yearly_low_mag_noise100_lt1 | run_7 | freq=26 | noise=1 | magnitude=50 | lead_time=1
[2026-07-16T19:51:36] Started local_timemixer | local_timemixer_073_quarterly_high_mag_noise0_lt1 | run_5 | freq=13 | noise=1 | magnitude=200 | lead_time=1 | PID 3805846 | GPU 0
[2026-07-16T19:51:39] Started local_timemixer | local_timemixer_074_quarterly_high_mag_noise0_lt2 | run_3 | freq=13 | noise=1 | magnitude=200 | lead_time=2 | PID 3805933 | GPU 0
[2026-07-16T19:51:48] Started local_timemixer | local_timemixer_103_half_quarterly_high_mag_noise10_lt1 | run_9 | freq=7 | noise=1 | magnitude=200 | lead_time=1 | PID 3806111 | GPU 6
[2026-07-16T19:51:55] Started split_timemixer | split_timemixer_017_yearly_medium_mag_noise100_lt2 | run_5 | freq=52 | noise=1 | magnitude=100 | lead_time=2 | PID 3806200 | GPU 5
[2026-07-16T19:53:08] Finished local_patchtst | local_patchtst_025_yearly_high_mag_noise100_lt1 | run_9 | freq=52 | noise=1 | magnitude=200 | lead_time=1
[2026-07-16T19:54:26] Started split_patchtst | split_patchtst_053_half_yearly_high_mag_noise100_lt2 | run_5 | freq=26 | noise=1 | magnitude=200 | lead_time=2 | PID 3810471 | GPU 6
[2026-07-16T19:54:42] Finished local_patchtst | local_patchtst_012_yearly_medium_mag_noise0_lt3 | run_7 | freq=52 | noise=1 | magnitude=100 | lead_time=3
[2026-07-16T19:54:50] Started local_timemixer | local_timemixer_044_half_yearly_medium_mag_noise100_lt2 | run_1 | freq=26 | noise=1 | magnitude=100 | lead_time=2 | PID 3811037 | GPU 3
[2026-07-16T19:54:53] Started local_timemixer | local_timemixer_044_half_yearly_medium_mag_noise100_lt2 | run_9 | freq=26 | noise=1 | magnitude=100 | lead_time=2 | PID 3811048 | GPU 3
[2026-07-16T19:55:03] Started local_timemixer | local_timemixer_081_quarterly_high_mag_noise100_lt3 | run_5 | freq=13 | noise=1 | magnitude=200 | lead_time=3 | PID 3811183 | GPU 4
[2026-07-16T19:55:15] Started split_timemixer | split_timemixer_021_yearly_high_mag_noise0_lt3 | run_5 | freq=52 | noise=1 | magnitude=200 | lead_time=3 | PID 3811565 | GPU 6
[2026-07-16T19:56:12] Started split_patchtst | split_patchtst_049_half_yearly_high_mag_noise10_lt1 | run_1 | freq=26 | noise=1 | magnitude=200 | lead_time=1 | PID 3813211 | GPU 7
[2026-07-16T19:56:16] Started split_patchtst | split_patchtst_049_half_yearly_high_mag_noise10_lt1 | run_5 | freq=26 | noise=1 | magnitude=200 | lead_time=1 | PID 3813218 | GPU 7
[2026-07-16T19:56:33] Finished split_timemixer | split_timemixer_061_quarterly_low_mag_noise100_lt1 | run_9 | freq=13 | noise=1 | magnitude=50 | lead_time=1
[2026-07-16T19:57:26] Started local_patchtst | local_patchtst_050_half_yearly_high_mag_noise10_lt2 | run_7 | freq=26 | noise=1 | magnitude=200 | lead_time=2 | PID 3815153 | GPU 5
[2026-07-16T19:57:32] Started local_patchtst | local_patchtst_063_quarterly_low_mag_noise100_lt3 | run_5 | freq=13 | noise=1 | magnitude=50 | lead_time=3 | PID 3815209 | GPU 7
[2026-07-16T19:57:36] Started local_patchtst | local_patchtst_063_quarterly_low_mag_noise100_lt3 | run_9 | freq=13 | noise=1 | magnitude=50 | lead_time=3 | PID 3815216 | GPU 7
[2026-07-16T19:57:46] Started local_patchtst | local_patchtst_097_half_quarterly_medium_mag_noise100_lt1 | run_1 | freq=7 | noise=1 | magnitude=100 | lead_time=1 | PID 3815534 | GPU 0
[2026-07-16T19:57:50] Started local_patchtst | local_patchtst_097_half_quarterly_medium_mag_noise100_lt1 | run_5 | freq=7 | noise=1 | magnitude=100 | lead_time=1 | PID 3815620 | GPU 0
[2026-07-16T19:58:10] Started split_patchtst | split_patchtst_071_quarterly_medium_mag_noise100_lt2 | run_5 | freq=13 | noise=1 | magnitude=100 | lead_time=2 | PID 3816392 | GPU 5
[2026-07-16T19:58:14] Started split_patchtst | split_patchtst_071_quarterly_medium_mag_noise100_lt2 | run_9 | freq=13 | noise=1 | magnitude=100 | lead_time=2 | PID 3816399 | GPU 5
[2026-07-16T19:58:22] Started split_patchtst | split_patchtst_091_half_quarterly_medium_mag_noise0_lt1 | run_1 | freq=7 | noise=1 | magnitude=100 | lead_time=1 | PID 3816492 | GPU 6
[2026-07-16T19:58:29] Finished split_patchtst | split_patchtst_049_half_yearly_high_mag_noise10_lt1 | run_5 | freq=26 | noise=1 | magnitude=200 | lead_time=1
[2026-07-16T19:58:34] Started local_timemixer | local_timemixer_027_yearly_high_mag_noise100_lt3 | run_5 | freq=52 | noise=1 | magnitude=200 | lead_time=3 | PID 3816650 | GPU 7
[2026-07-16T19:58:42] Started local_timemixer | local_timemixer_063_quarterly_low_mag_noise100_lt3 | run_1 | freq=13 | noise=1 | magnitude=50 | lead_time=3 | PID 3816773 | GPU 0
[2026-07-16T19:58:47] Started local_timemixer | local_timemixer_067_quarterly_medium_mag_noise10_lt1 | run_9 | freq=13 | noise=1 | magnitude=100 | lead_time=1 | PID 3816905 | GPU 0
[2026-07-16T19:59:25] Started local_patchtst | local_patchtst_017_yearly_medium_mag_noise100_lt2 | run_1 | freq=52 | noise=1 | magnitude=100 | lead_time=2 | PID 3818112 | GPU 6
[2026-07-16T19:59:51] Started split_patchtst | split_patchtst_011_yearly_medium_mag_noise0_lt2 | run_9 | freq=52 | noise=1 | magnitude=100 | lead_time=2 | PID 3818683 | GPU 5
[2026-07-16T20:00:15] Started split_patchtst | split_patchtst_105_half_quarterly_high_mag_noise10_lt3 | run_1 | freq=7 | noise=1 | magnitude=200 | lead_time=3 | PID 3819816 | GPU 7
[2026-07-16T20:00:19] Finished split_patchtst | split_patchtst_071_quarterly_medium_mag_noise100_lt2 | run_9 | freq=13 | noise=1 | magnitude=100 | lead_time=2
[2026-07-16T20:00:19] Started local_timemixer | local_timemixer_005_yearly_low_mag_noise10_lt2 | run_7 | freq=52 | noise=1 | magnitude=50 | lead_time=2 | PID 3819870 | GPU 5
[2026-07-16T20:00:23] Started local_timemixer | local_timemixer_006_yearly_low_mag_noise10_lt3 | run_1 | freq=52 | noise=1 | magnitude=50 | lead_time=3 | PID 3819950 | GPU 5
[2026-07-16T20:00:33] Started local_timemixer | local_timemixer_043_half_yearly_medium_mag_noise100_lt1 | run_7 | freq=26 | noise=1 | magnitude=100 | lead_time=1 | PID 3820281 | GPU 7
[2026-07-16T20:00:57] Started split_timemixer | split_timemixer_048_half_yearly_high_mag_noise0_lt3 | run_3 | freq=26 | noise=1 | magnitude=200 | lead_time=3 | PID 3820820 | GPU 3
[2026-07-16T20:01:00] Started split_timemixer | split_timemixer_048_half_yearly_high_mag_noise0_lt3 | run_7 | freq=26 | noise=1 | magnitude=200 | lead_time=3 | PID 3820830 | GPU 3
[2026-07-16T20:01:20] Started local_patchtst | local_patchtst_013_yearly_medium_mag_noise10_lt1 | run_9 | freq=52 | noise=1 | magnitude=100 | lead_time=1 | PID 3821371 | GPU 6
[2026-07-16T20:02:07] Finished split_patchtst | split_patchtst_091_half_quarterly_medium_mag_noise0_lt1 | run_1 | freq=7 | noise=1 | magnitude=100 | lead_time=1
[2026-07-16T20:02:18] Started local_timemixer | local_timemixer_068_quarterly_medium_mag_noise10_lt2 | run_7 | freq=13 | noise=1 | magnitude=100 | lead_time=2 | PID 3823075 | GPU 1
[2026-07-16T20:02:34] Started split_timemixer | split_timemixer_027_yearly_high_mag_noise100_lt3 | run_1 | freq=52 | noise=1 | magnitude=200 | lead_time=3 | PID 3823303 | GPU 6
[2026-07-16T20:02:56] Started local_patchtst | local_patchtst_006_yearly_low_mag_noise10_lt3 | run_3 | freq=52 | noise=1 | magnitude=50 | lead_time=3 | PID 3823966 | GPU 4
[2026-07-16T20:03:45] Finished split_patchtst | split_patchtst_105_half_quarterly_high_mag_noise10_lt3 | run_1 | freq=7 | noise=1 | magnitude=200 | lead_time=3
[2026-07-16T20:04:20] Started split_timemixer | split_timemixer_084_half_quarterly_low_mag_noise0_lt3 | run_3 | freq=7 | noise=1 | magnitude=50 | lead_time=3 | PID 3836229 | GPU 4
[2026-07-16T20:04:29] Started local_patchtst | local_patchtst_001_yearly_low_mag_noise0_lt1 | run_5 | freq=52 | noise=1 | magnitude=50 | lead_time=1 | PID 3836489 | GPU 6
[2026-07-16T20:04:45] Started local_patchtst | local_patchtst_061_quarterly_low_mag_noise100_lt1 | run_5 | freq=13 | noise=1 | magnitude=50 | lead_time=1 | PID 3836731 | GPU 5
[2026-07-16T20:04:48] Started local_patchtst | local_patchtst_062_quarterly_low_mag_noise100_lt2 | run_7 | freq=13 | noise=1 | magnitude=50 | lead_time=2 | PID 3836751 | GPU 0
[2026-07-16T20:04:51] Started local_patchtst | local_patchtst_063_quarterly_low_mag_noise100_lt3 | run_1 | freq=13 | noise=1 | magnitude=50 | lead_time=3 | PID 3836759 | GPU 0
[2026-07-16T20:05:01] Started local_patchtst | local_patchtst_091_half_quarterly_medium_mag_noise0_lt1 | run_9 | freq=7 | noise=1 | magnitude=100 | lead_time=1 | PID 3836997 | GPU 7
[2026-07-16T20:05:31] Finished local_patchtst | local_patchtst_013_yearly_medium_mag_noise10_lt1 | run_9 | freq=52 | noise=1 | magnitude=100 | lead_time=1
[2026-07-16T20:05:44] Started local_timemixer | local_timemixer_075_quarterly_high_mag_noise0_lt3 | run_5 | freq=13 | noise=1 | magnitude=200 | lead_time=3 | PID 3838305 | GPU 0
[2026-07-16T20:05:55] Started split_timemixer | split_timemixer_010_yearly_medium_mag_noise0_lt1 | run_7 | freq=52 | noise=1 | magnitude=100 | lead_time=1 | PID 3838456 | GPU 7
[2026-07-16T20:05:58] Started split_timemixer | split_timemixer_011_yearly_medium_mag_noise0_lt2 | run_5 | freq=52 | noise=1 | magnitude=100 | lead_time=2 | PID 3838467 | GPU 7
[2026-07-16T20:06:05] Started split_timemixer | split_timemixer_028_half_yearly_low_mag_noise0_lt1 | run_3 | freq=26 | noise=1 | magnitude=50 | lead_time=1 | PID 3838646 | GPU 2
[2026-07-16T20:06:13] Started split_timemixer | split_timemixer_050_half_yearly_high_mag_noise10_lt2 | run_3 | freq=26 | noise=1 | magnitude=200 | lead_time=2 | PID 3838914 | GPU 6
[2026-07-16T20:07:00] Started split_patchtst | split_patchtst_029_half_yearly_low_mag_noise0_lt2 | run_5 | freq=26 | noise=1 | magnitude=50 | lead_time=2 | PID 3840099 | GPU 0
[2026-07-16T20:07:16] Started split_patchtst | split_patchtst_092_half_quarterly_medium_mag_noise0_lt2 | run_3 | freq=7 | noise=1 | magnitude=100 | lead_time=2 | PID 3840641 | GPU 5
[2026-07-16T20:07:23] Finished local_patchtst | local_patchtst_063_quarterly_low_mag_noise100_lt3 | run_1 | freq=13 | noise=1 | magnitude=50 | lead_time=3
[2026-07-16T20:07:41] Started split_timemixer | split_timemixer_002_yearly_low_mag_noise0_lt2 | run_7 | freq=52 | noise=1 | magnitude=50 | lead_time=2 | PID 3841100 | GPU 5
[2026-07-16T20:07:46] Started split_timemixer | split_timemixer_009_yearly_low_mag_noise100_lt3 | run_9 | freq=52 | noise=1 | magnitude=50 | lead_time=3 | PID 3841135 | GPU 0
[2026-07-16T20:08:57] Finished local_patchtst | local_patchtst_091_half_quarterly_medium_mag_noise0_lt1 | run_9 | freq=7 | noise=1 | magnitude=100 | lead_time=1
[2026-07-16T20:10:25] Waiting for available CPU/GPU capacity. waiting=776, running=17
[2026-07-16T20:10:26] Finished split_patchtst | split_patchtst_092_half_quarterly_medium_mag_noise0_lt2 | run_3 | freq=7 | noise=1 | magnitude=100 | lead_time=2
[2026-07-16T20:11:00] Started split_timemixer | split_timemixer_080_quarterly_high_mag_noise100_lt2 | run_7 | freq=13 | noise=1 | magnitude=200 | lead_time=2 | PID 3846657 | GPU 1
[2026-07-16T20:11:17] Started local_patchtst | local_patchtst_036_half_yearly_low_mag_noise100_lt3 | run_3 | freq=26 | noise=1 | magnitude=50 | lead_time=3 | PID 3847196 | GPU 3
[2026-07-16T20:11:20] Started local_patchtst | local_patchtst_036_half_yearly_low_mag_noise100_lt3 | run_7 | freq=26 | noise=1 | magnitude=50 | lead_time=3 | PID 3847203 | GPU 3
[2026-07-16T20:12:01] Finished split_timemixer | split_timemixer_027_yearly_high_mag_noise100_lt3 | run_1 | freq=52 | noise=1 | magnitude=200 | lead_time=3
[2026-07-16T20:12:18] Started local_timemixer | local_timemixer_104_half_quarterly_high_mag_noise10_lt2 | run_7 | freq=7 | noise=1 | magnitude=200 | lead_time=2 | PID 3848936 | GPU 3
[2026-07-16T20:12:24] Started split_timemixer | split_timemixer_008_yearly_low_mag_noise100_lt2 | run_7 | freq=52 | noise=1 | magnitude=50 | lead_time=2 | PID 3848984 | GPU 5
[2026-07-16T20:12:58] Started local_patchtst | local_patchtst_052_half_yearly_high_mag_noise100_lt1 | run_3 | freq=26 | noise=1 | magnitude=200 | lead_time=1 | PID 3849590 | GPU 0
[2026-07-16T20:13:07] Started local_patchtst | local_patchtst_080_quarterly_high_mag_noise100_lt2 | run_7 | freq=13 | noise=1 | magnitude=200 | lead_time=2 | PID 3849744 | GPU 6
[2026-07-16T20:13:10] Started local_patchtst | local_patchtst_081_quarterly_high_mag_noise100_lt3 | run_1 | freq=13 | noise=1 | magnitude=200 | lead_time=3 | PID 3849789 | GPU 6
[2026-07-16T20:13:14] Started local_patchtst | local_patchtst_081_quarterly_high_mag_noise100_lt3 | run_5 | freq=13 | noise=1 | magnitude=200 | lead_time=3 | PID 3849851 | GPU 6
[2026-07-16T20:13:42] Started split_patchtst | split_patchtst_086_half_quarterly_low_mag_noise10_lt2 | run_3 | freq=7 | noise=1 | magnitude=50 | lead_time=2 | PID 3850833 | GPU 3
[2026-07-16T20:13:50] Finished local_patchtst | local_patchtst_036_half_yearly_low_mag_noise100_lt3 | run_7 | freq=26 | noise=1 | magnitude=50 | lead_time=3
[2026-07-16T20:14:32] Started local_patchtst | local_patchtst_005_yearly_low_mag_noise10_lt2 | run_1 | freq=52 | noise=1 | magnitude=50 | lead_time=2 | PID 3852175 | GPU 0
[2026-07-16T20:14:58] Started split_patchtst | split_patchtst_008_yearly_low_mag_noise100_lt2 | run_7 | freq=52 | noise=1 | magnitude=50 | lead_time=2 | PID 3852826 | GPU 6
[2026-07-16T20:15:23] Finished local_patchtst | local_patchtst_081_quarterly_high_mag_noise100_lt3 | run_5 | freq=13 | noise=1 | magnitude=200 | lead_time=3
[2026-07-16T20:15:24] Started local_timemixer | local_timemixer_006_yearly_low_mag_noise10_lt3 | run_5 | freq=52 | noise=1 | magnitude=50 | lead_time=3 | PID 3853573 | GPU 6
[2026-07-16T20:15:27] Started local_timemixer | local_timemixer_006_yearly_low_mag_noise10_lt3 | run_9 | freq=52 | noise=1 | magnitude=50 | lead_time=3 | PID 3853593 | GPU 6
[2026-07-16T20:15:37] Started local_timemixer | local_timemixer_042_half_yearly_medium_mag_noise10_lt3 | run_5 | freq=26 | noise=1 | magnitude=100 | lead_time=3 | PID 3853723 | GPU 0
[2026-07-16T20:15:42] Started local_timemixer | local_timemixer_054_half_yearly_high_mag_noise100_lt3 | run_5 | freq=26 | noise=1 | magnitude=200 | lead_time=3 | PID 3853773 | GPU 3
[2026-07-16T20:15:46] Started local_timemixer | local_timemixer_060_quarterly_low_mag_noise10_lt3 | run_3 | freq=13 | noise=1 | magnitude=50 | lead_time=3 | PID 3853869 | GPU 7
[2026-07-16T20:15:49] Started local_timemixer | local_timemixer_061_quarterly_low_mag_noise100_lt1 | run_5 | freq=13 | noise=1 | magnitude=50 | lead_time=1 | PID 3853956 | GPU 7
[2026-07-16T20:15:55] Started local_timemixer | local_timemixer_079_quarterly_high_mag_noise100_lt1 | run_9 | freq=13 | noise=1 | magnitude=200 | lead_time=1 | PID 3854155 | GPU 5
[2026-07-16T20:15:59] Started local_timemixer | local_timemixer_080_quarterly_high_mag_noise100_lt2 | run_3 | freq=13 | noise=1 | magnitude=200 | lead_time=2 | PID 3854216 | GPU 2
[2026-07-16T20:16:02] Started local_timemixer | local_timemixer_080_quarterly_high_mag_noise100_lt2 | run_7 | freq=13 | noise=1 | magnitude=200 | lead_time=2 | PID 3854225 | GPU 2
[2026-07-16T20:16:37] Started local_patchtst | local_patchtst_029_half_yearly_low_mag_noise0_lt2 | run_5 | freq=26 | noise=1 | magnitude=50 | lead_time=2 | PID 3855161 | GPU 4
[2026-07-16T20:17:19] Finished local_patchtst | local_patchtst_005_yearly_low_mag_noise10_lt2 | run_1 | freq=52 | noise=1 | magnitude=50 | lead_time=2
[2026-07-16T20:17:20] Started local_timemixer | local_timemixer_013_yearly_medium_mag_noise10_lt1 | run_0 | freq=52 | noise=1 | magnitude=100 | lead_time=1 | PID 3856505 | GPU 0
[2026-07-16T20:17:46] Started split_timemixer | split_timemixer_039_half_yearly_medium_mag_noise0_lt3 | run_9 | freq=26 | noise=1 | magnitude=100 | lead_time=3 | PID 3857063 | GPU 3
[2026-07-16T20:18:24] Started local_patchtst | local_patchtst_103_half_quarterly_high_mag_noise10_lt1 | run_5 | freq=7 | noise=1 | magnitude=200 | lead_time=1 | PID 3858024 | GPU 1
[2026-07-16T20:18:27] Started local_patchtst | local_patchtst_103_half_quarterly_high_mag_noise10_lt1 | run_9 | freq=7 | noise=1 | magnitude=200 | lead_time=1 | PID 3858110 | GPU 1
[2026-07-16T20:18:30] Started local_patchtst | local_patchtst_104_half_quarterly_high_mag_noise10_lt2 | run_7 | freq=7 | noise=1 | magnitude=200 | lead_time=2 | PID 3858280 | GPU 1
[2026-07-16T20:18:56] Started split_patchtst | split_patchtst_105_half_quarterly_high_mag_noise10_lt3 | run_9 | freq=7 | noise=1 | magnitude=200 | lead_time=3 | PID 3858860 | GPU 5
[2026-07-16T20:19:00] Finished split_patchtst | split_patchtst_008_yearly_low_mag_noise100_lt2 | run_7 | freq=52 | noise=1 | magnitude=50 | lead_time=2
[2026-07-16T20:19:31] Started split_timemixer | split_timemixer_074_quarterly_high_mag_noise0_lt2 | run_3 | freq=13 | noise=1 | magnitude=200 | lead_time=2 | PID 3859768 | GPU 5
[2026-07-16T20:20:20] Started split_patchtst | split_patchtst_083_half_quarterly_low_mag_noise0_lt2 | run_5 | freq=7 | noise=1 | magnitude=50 | lead_time=2 | PID 3861199 | GPU 1
[2026-07-16T20:20:29] Finished local_patchtst | local_patchtst_104_half_quarterly_high_mag_noise10_lt2 | run_7 | freq=7 | noise=1 | magnitude=200 | lead_time=2
[2026-07-16T20:20:29] Started local_timemixer | local_timemixer_007_yearly_low_mag_noise100_lt1 | run_8 | freq=52 | noise=1 | magnitude=50 | lead_time=1 | PID 3861321 | GPU 1
[2026-07-16T20:20:33] Started local_timemixer | local_timemixer_008_yearly_low_mag_noise100_lt2 | run_2 | freq=52 | noise=1 | magnitude=50 | lead_time=2 | PID 3861439 | GPU 1
[2026-07-16T20:21:04] Started split_timemixer | split_timemixer_066_quarterly_medium_mag_noise0_lt3 | run_7 | freq=13 | noise=1 | magnitude=100 | lead_time=3 | PID 3862294 | GPU 0
[2026-07-16T20:21:07] Started split_timemixer | split_timemixer_067_quarterly_medium_mag_noise10_lt1 | run_9 | freq=13 | noise=1 | magnitude=100 | lead_time=1 | PID 3862367 | GPU 4
[2026-07-16T20:21:21] Started local_patchtst | local_patchtst_007_yearly_low_mag_noise100_lt1 | run_9 | freq=52 | noise=1 | magnitude=50 | lead_time=1 | PID 3862762 | GPU 7
[2026-07-16T20:21:52] Started split_patchtst | split_patchtst_035_half_yearly_low_mag_noise100_lt2 | run_1 | freq=26 | noise=1 | magnitude=50 | lead_time=2 | PID 3863449 | GPU 7
[2026-07-16T20:22:11] Finished split_patchtst | split_patchtst_105_half_quarterly_high_mag_noise10_lt3 | run_9 | freq=7 | noise=1 | magnitude=200 | lead_time=3
[2026-07-16T20:22:13] Started local_timemixer | local_timemixer_019_yearly_high_mag_noise0_lt1 | run_7 | freq=52 | noise=1 | magnitude=200 | lead_time=1 | PID 3863870 | GPU 6
[2026-07-16T20:22:16] Started local_timemixer | local_timemixer_020_yearly_high_mag_noise0_lt2 | run_3 | freq=52 | noise=1 | magnitude=200 | lead_time=2 | PID 3863941 | GPU 6
[2026-07-16T20:22:21] Started local_timemixer | local_timemixer_026_yearly_high_mag_noise100_lt2 | run_5 | freq=52 | noise=1 | magnitude=200 | lead_time=2 | PID 3864185 | GPU 2
[2026-07-16T20:22:24] Started local_timemixer | local_timemixer_026_yearly_high_mag_noise100_lt2 | run_9 | freq=52 | noise=1 | magnitude=200 | lead_time=2 | PID 3864338 | GPU 2
[2026-07-16T20:22:30] Started local_timemixer | local_timemixer_039_half_yearly_medium_mag_noise0_lt3 | run_7 | freq=26 | noise=1 | magnitude=100 | lead_time=3 | PID 3864391 | GPU 5
[2026-07-16T20:22:41] Started local_timemixer | local_timemixer_094_half_quarterly_medium_mag_noise10_lt1 | run_7 | freq=7 | noise=1 | magnitude=100 | lead_time=1 | PID 3864709 | GPU 1
[2026-07-16T20:22:52] Started split_timemixer | split_timemixer_034_half_yearly_low_mag_noise100_lt1 | run_7 | freq=26 | noise=1 | magnitude=50 | lead_time=1 | PID 3864886 | GPU 3
[2026-07-16T20:23:00] Started split_timemixer | split_timemixer_055_quarterly_low_mag_noise0_lt1 | run_1 | freq=13 | noise=1 | magnitude=50 | lead_time=1 | PID 3864973 | GPU 7
[2026-07-16T20:23:03] Started split_timemixer | split_timemixer_055_quarterly_low_mag_noise0_lt1 | run_5 | freq=13 | noise=1 | magnitude=50 | lead_time=1 | PID 3864984 | GPU 7
[2026-07-16T20:23:37] Started local_patchtst | local_patchtst_097_half_quarterly_medium_mag_noise100_lt1 | run_9 | freq=7 | noise=1 | magnitude=100 | lead_time=1 | PID 3865966 | GPU 0
[2026-07-16T20:23:43] Started split_patchtst | split_patchtst_004_yearly_low_mag_noise10_lt1 | run_3 | freq=52 | noise=1 | magnitude=50 | lead_time=1 | PID 3866187 | GPU 4
[2026-07-16T20:24:08] Finished split_patchtst | split_patchtst_035_half_yearly_low_mag_noise100_lt2 | run_1 | freq=26 | noise=1 | magnitude=50 | lead_time=2
[2026-07-16T20:25:11] Started split_patchtst | split_patchtst_023_yearly_high_mag_noise10_lt2 | run_5 | freq=52 | noise=1 | magnitude=200 | lead_time=2 | PID 3868578 | GPU 0
[2026-07-16T20:25:21] Started split_patchtst | split_patchtst_062_quarterly_low_mag_noise100_lt2 | run_7 | freq=13 | noise=1 | magnitude=50 | lead_time=2 | PID 3868720 | GPU 4
[2026-07-16T20:26:55] Waiting for available CPU/GPU capacity. waiting=727, running=19
[2026-07-16T20:26:56] Finished split_patchtst | split_patchtst_004_yearly_low_mag_noise10_lt1 | run_3 | freq=52 | noise=1 | magnitude=50 | lead_time=1
[2026-07-16T20:27:04] Started local_timemixer | local_timemixer_055_quarterly_low_mag_noise0_lt1 | run_4 | freq=13 | noise=1 | magnitude=50 | lead_time=1 | PID 3871571 | GPU 4
[2026-07-16T20:27:07] Started local_timemixer | local_timemixer_056_quarterly_low_mag_noise0_lt2 | run_6 | freq=13 | noise=1 | magnitude=50 | lead_time=2 | PID 3871580 | GPU 4
[2026-07-16T20:27:29] Started split_timemixer | split_timemixer_054_half_yearly_high_mag_noise100_lt3 | run_7 | freq=26 | noise=1 | magnitude=200 | lead_time=3 | PID 3872253 | GPU 5
[2026-07-16T20:28:03] Started local_patchtst | local_patchtst_102_half_quarterly_high_mag_noise0_lt3 | run_3 | freq=7 | noise=1 | magnitude=200 | lead_time=3 | PID 3873163 | GPU 3
[2026-07-16T20:28:14] Started split_patchtst | split_patchtst_025_yearly_high_mag_noise100_lt1 | run_9 | freq=52 | noise=1 | magnitude=200 | lead_time=1 | PID 3873333 | GPU 0
[2026-07-16T20:28:17] Started split_patchtst | split_patchtst_026_yearly_high_mag_noise100_lt2 | run_3 | freq=52 | noise=1 | magnitude=200 | lead_time=2 | PID 3873340 | GPU 0
[2026-07-16T20:28:21] Started split_patchtst | split_patchtst_033_half_yearly_low_mag_noise10_lt3 | run_1 | freq=26 | noise=1 | magnitude=50 | lead_time=3 | PID 3873360 | GPU 6
[2026-07-16T20:28:24] Started split_patchtst | split_patchtst_033_half_yearly_low_mag_noise10_lt3 | run_5 | freq=26 | noise=1 | magnitude=50 | lead_time=3 | PID 3873411 | GPU 6
[2026-07-16T20:28:43] Finished split_patchtst | split_patchtst_062_quarterly_low_mag_noise100_lt2 | run_7 | freq=13 | noise=1 | magnitude=50 | lead_time=2
[2026-07-16T20:28:48] Started local_timemixer | local_timemixer_040_half_yearly_medium_mag_noise10_lt1 | run_9 | freq=26 | noise=1 | magnitude=100 | lead_time=1 | PID 3874153 | GPU 2
[2026-07-16T20:28:52] Started local_timemixer | local_timemixer_041_half_yearly_medium_mag_noise10_lt2 | run_3 | freq=26 | noise=1 | magnitude=100 | lead_time=2 | PID 3874233 | GPU 2
[2026-07-16T20:29:21] Started split_timemixer | split_timemixer_087_half_quarterly_low_mag_noise10_lt3 | run_9 | freq=7 | noise=1 | magnitude=50 | lead_time=3 | PID 3874944 | GPU 1
[2026-07-16T20:29:24] Started split_timemixer | split_timemixer_088_half_quarterly_low_mag_noise100_lt1 | run_7 | freq=7 | noise=1 | magnitude=50 | lead_time=1 | PID 3874955 | GPU 3
[2026-07-16T20:29:27] Started split_timemixer | split_timemixer_089_half_quarterly_low_mag_noise100_lt2 | run_1 | freq=7 | noise=1 | magnitude=50 | lead_time=2 | PID 3875142 | GPU 3
[2026-07-16T20:29:33] Started split_timemixer | split_timemixer_102_half_quarterly_high_mag_noise0_lt3 | run_3 | freq=7 | noise=1 | magnitude=200 | lead_time=3 | PID 3875219 | GPU 0
[2026-07-16T20:29:37] Started split_timemixer | split_timemixer_102_half_quarterly_high_mag_noise0_lt3 | run_7 | freq=7 | noise=1 | magnitude=200 | lead_time=3 | PID 3875227 | GPU 0
[2026-07-16T20:29:46] Started local_patchtst | local_patchtst_025_yearly_high_mag_noise100_lt1 | run_1 | freq=52 | noise=1 | magnitude=200 | lead_time=1 | PID 3875373 | GPU 6
[2026-07-16T20:29:50] Started local_patchtst | local_patchtst_026_yearly_high_mag_noise100_lt2 | run_3 | freq=52 | noise=1 | magnitude=200 | lead_time=2 | PID 3875388 | GPU 6
[2026-07-16T20:29:53] Started local_patchtst | local_patchtst_027_yearly_high_mag_noise100_lt3 | run_1 | freq=52 | noise=1 | magnitude=200 | lead_time=3 | PID 3875397 | GPU 1
[2026-07-16T20:30:10] Started local_patchtst | local_patchtst_092_half_quarterly_medium_mag_noise0_lt2 | run_3 | freq=7 | noise=1 | magnitude=100 | lead_time=2 | PID 3876057 | GPU 5
[2026-07-16T20:30:38] Finished split_patchtst | split_patchtst_033_half_yearly_low_mag_noise10_lt3 | run_5 | freq=26 | noise=1 | magnitude=50 | lead_time=3
[2026-07-16T20:30:47] Started local_timemixer | local_timemixer_073_quarterly_high_mag_noise0_lt1 | run_1 | freq=13 | noise=1 | magnitude=200 | lead_time=1 | PID 3876965 | GPU 6
[2026-07-16T20:31:35] Started local_patchtst | local_patchtst_094_half_quarterly_medium_mag_noise10_lt1 | run_7 | freq=7 | noise=1 | magnitude=100 | lead_time=1 | PID 3878462 | GPU 7
[2026-07-16T20:31:44] Started split_patchtst | split_patchtst_014_yearly_medium_mag_noise10_lt2 | run_3 | freq=52 | noise=1 | magnitude=100 | lead_time=2 | PID 3878568 | GPU 5
[2026-07-16T20:31:48] Started split_patchtst | split_patchtst_019_yearly_high_mag_noise0_lt1 | run_9 | freq=52 | noise=1 | magnitude=200 | lead_time=1 | PID 3878612 | GPU 7
[2026-07-16T20:32:01] Started split_patchtst | split_patchtst_073_quarterly_high_mag_noise0_lt1 | run_1 | freq=13 | noise=1 | magnitude=200 | lead_time=1 | PID 3878797 | GPU 6
[2026-07-16T20:32:12] Finished local_patchtst | local_patchtst_026_yearly_high_mag_noise100_lt2 | run_3 | freq=52 | noise=1 | magnitude=200 | lead_time=2
[2026-07-16T20:32:37] Started split_timemixer | split_timemixer_051_half_yearly_high_mag_noise10_lt3 | run_5 | freq=26 | noise=1 | magnitude=200 | lead_time=3 | PID 3879842 | GPU 7
[2026-07-16T20:32:58] Started local_patchtst | local_patchtst_035_half_yearly_low_mag_noise100_lt2 | run_5 | freq=26 | noise=1 | magnitude=50 | lead_time=2 | PID 3880440 | GPU 1
[2026-07-16T20:33:05] Started local_patchtst | local_patchtst_051_half_yearly_high_mag_noise10_lt3 | run_9 | freq=26 | noise=1 | magnitude=200 | lead_time=3 | PID 3880506 | GPU 4
[2026-07-16T20:33:08] Started local_patchtst | local_patchtst_053_half_yearly_high_mag_noise100_lt2 | run_5 | freq=26 | noise=1 | magnitude=200 | lead_time=2 | PID 3880617 | GPU 4
[2026-07-16T20:33:25] Started split_patchtst | split_patchtst_015_yearly_medium_mag_noise10_lt3 | run_1 | freq=52 | noise=1 | magnitude=100 | lead_time=3 | PID 3880880 | GPU 6
[2026-07-16T20:33:47] Finished split_patchtst | split_patchtst_019_yearly_high_mag_noise0_lt1 | run_9 | freq=52 | noise=1 | magnitude=200 | lead_time=1
[2026-07-16T20:33:58] Started local_timemixer | local_timemixer_077_quarterly_high_mag_noise10_lt2 | run_9 | freq=13 | noise=1 | magnitude=200 | lead_time=2 | PID 3881847 | GPU 6
[2026-07-16T20:34:05] Started local_timemixer | local_timemixer_105_half_quarterly_high_mag_noise10_lt3 | run_5 | freq=7 | noise=1 | magnitude=200 | lead_time=3 | PID 3882071 | GPU 4
[2026-07-16T20:34:09] Started split_timemixer | split_timemixer_001_yearly_low_mag_noise0_lt1 | run_5 | freq=52 | noise=1 | magnitude=50 | lead_time=1 | PID 3882088 | GPU 4
[2026-07-16T20:34:32] Started split_timemixer | split_timemixer_104_half_quarterly_high_mag_noise10_lt2 | run_7 | freq=7 | noise=1 | magnitude=200 | lead_time=2 | PID 3882788 | GPU 1
[2026-07-16T20:34:43] Started local_patchtst | local_patchtst_037_half_yearly_medium_mag_noise0_lt1 | run_5 | freq=26 | noise=1 | magnitude=100 | lead_time=1 | PID 3882962 | GPU 2
[2026-07-16T20:34:46] Started local_patchtst | local_patchtst_037_half_yearly_medium_mag_noise0_lt1 | run_9 | freq=26 | noise=1 | magnitude=100 | lead_time=1 | PID 3882977 | GPU 5
[2026-07-16T20:34:50] Started local_patchtst | local_patchtst_038_half_yearly_medium_mag_noise0_lt2 | run_3 | freq=26 | noise=1 | magnitude=100 | lead_time=2 | PID 3882993 | GPU 5
[2026-07-16T20:34:53] Started local_patchtst | local_patchtst_038_half_yearly_medium_mag_noise0_lt2 | run_7 | freq=26 | noise=1 | magnitude=100 | lead_time=2 | PID 3883001 | GPU 2
[2026-07-16T20:35:32] Finished local_patchtst | local_patchtst_053_half_yearly_high_mag_noise100_lt2 | run_5 | freq=26 | noise=1 | magnitude=200 | lead_time=2
[2026-07-16T20:35:39] Started local_timemixer | local_timemixer_052_half_yearly_high_mag_noise100_lt1 | run_9 | freq=26 | noise=1 | magnitude=200 | lead_time=1 | PID 3884439 | GPU 2
[2026-07-16T20:35:47] Started local_timemixer | local_timemixer_091_half_quarterly_medium_mag_noise0_lt1 | run_1 | freq=7 | noise=1 | magnitude=100 | lead_time=1 | PID 3884564 | GPU 5
[2026-07-16T20:36:06] Started split_timemixer | split_timemixer_068_quarterly_medium_mag_noise10_lt2 | run_7 | freq=13 | noise=1 | magnitude=100 | lead_time=2 | PID 3884858 | GPU 6
[2026-07-16T20:36:55] Started split_patchtst | split_patchtst_090_half_quarterly_low_mag_noise100_lt3 | run_7 | freq=7 | noise=1 | magnitude=50 | lead_time=3 | PID 3886383 | GPU 2
[2026-07-16T20:37:02] Finished local_patchtst | local_patchtst_038_half_yearly_medium_mag_noise0_lt2 | run_7 | freq=26 | noise=1 | magnitude=100 | lead_time=2
[2026-07-16T20:37:03] Started local_timemixer | local_timemixer_010_yearly_medium_mag_noise0_lt1 | run_3 | freq=52 | noise=1 | magnitude=100 | lead_time=1 | PID 3886465 | GPU 5
[2026-07-16T20:37:31] Started split_timemixer | split_timemixer_062_quarterly_low_mag_noise100_lt2 | run_3 | freq=13 | noise=1 | magnitude=50 | lead_time=2 | PID 3887236 | GPU 1
[2026-07-16T20:37:50] Started local_patchtst | local_patchtst_039_half_yearly_medium_mag_noise0_lt3 | run_5 | freq=26 | noise=1 | magnitude=100 | lead_time=3 | PID 3887816 | GPU 2
[2026-07-16T20:38:01] Started local_patchtst | local_patchtst_081_quarterly_high_mag_noise100_lt3 | run_9 | freq=13 | noise=1 | magnitude=200 | lead_time=3 | PID 3888077 | GPU 3
[2026-07-16T20:38:04] Started local_patchtst | local_patchtst_082_half_quarterly_low_mag_noise0_lt1 | run_3 | freq=7 | noise=1 | magnitude=50 | lead_time=1 | PID 3888088 | GPU 7
[2026-07-16T20:38:08] Started local_patchtst | local_patchtst_082_half_quarterly_low_mag_noise0_lt1 | run_7 | freq=7 | noise=1 | magnitude=50 | lead_time=1 | PID 3888096 | GPU 7
[2026-07-16T20:38:11] Started local_patchtst | local_patchtst_083_half_quarterly_low_mag_noise0_lt2 | run_1 | freq=7 | noise=1 | magnitude=50 | lead_time=2 | PID 3888104 | GPU 7
[2026-07-16T20:38:40] Started split_patchtst | split_patchtst_106_half_quarterly_high_mag_noise100_lt1 | run_3 | freq=7 | noise=1 | magnitude=200 | lead_time=1 | PID 3888872 | GPU 3
[2026-07-16T20:38:44] Finished split_timemixer | split_timemixer_051_half_yearly_high_mag_noise10_lt3 | run_5 | freq=26 | noise=1 | magnitude=200 | lead_time=3
[2026-07-16T20:38:45] Started local_timemixer | local_timemixer_009_yearly_low_mag_noise100_lt3 | run_9 | freq=52 | noise=1 | magnitude=50 | lead_time=3 | PID 3888910 | GPU 3
[2026-07-16T20:39:44] Started split_patchtst | split_patchtst_012_yearly_medium_mag_noise0_lt3 | run_3 | freq=52 | noise=1 | magnitude=100 | lead_time=3 | PID 3890637 | GPU 0
[2026-07-16T20:39:47] Started split_patchtst | split_patchtst_012_yearly_medium_mag_noise0_lt3 | run_7 | freq=52 | noise=1 | magnitude=100 | lead_time=3 | PID 3890645 | GPU 0
[2026-07-16T20:39:51] Started split_patchtst | split_patchtst_015_yearly_medium_mag_noise10_lt3 | run_9 | freq=52 | noise=1 | magnitude=100 | lead_time=3 | PID 3890671 | GPU 2
[2026-07-16T20:39:59] Started split_patchtst | split_patchtst_041_half_yearly_medium_mag_noise10_lt2 | run_1 | freq=26 | noise=1 | magnitude=100 | lead_time=2 | PID 3890839 | GPU 7
[2026-07-16T20:40:16] Finished local_patchtst | local_patchtst_083_half_quarterly_low_mag_noise0_lt2 | run_1 | freq=7 | noise=1 | magnitude=50 | lead_time=2
[2026-07-16T20:40:17] Started local_timemixer | local_timemixer_010_yearly_medium_mag_noise0_lt1 | run_7 | freq=52 | noise=1 | magnitude=100 | lead_time=1 | PID 3891221 | GPU 7
[2026-07-16T20:40:20] Started local_timemixer | local_timemixer_011_yearly_medium_mag_noise0_lt2 | run_6 | freq=52 | noise=1 | magnitude=100 | lead_time=2 | PID 3891291 | GPU 7
[2026-07-16T20:40:50] Started split_timemixer | split_timemixer_070_quarterly_medium_mag_noise100_lt1 | run_7 | freq=13 | noise=1 | magnitude=100 | lead_time=1 | PID 3892262 | GPU 3
[2026-07-16T20:41:02] Started local_patchtst | local_patchtst_005_yearly_low_mag_noise10_lt2 | run_9 | freq=52 | noise=1 | magnitude=50 | lead_time=2 | PID 3892475 | GPU 5
[2026-07-16T20:41:09] Started local_patchtst | local_patchtst_024_yearly_high_mag_noise10_lt3 | run_7 | freq=52 | noise=1 | magnitude=200 | lead_time=3 | PID 3892551 | GPU 0
[2026-07-16T20:41:12] Started local_patchtst | local_patchtst_027_yearly_high_mag_noise100_lt3 | run_5 | freq=52 | noise=1 | magnitude=200 | lead_time=3 | PID 3892558 | GPU 2
[2026-07-16T20:41:16] Started local_patchtst | local_patchtst_027_yearly_high_mag_noise100_lt3 | run_9 | freq=52 | noise=1 | magnitude=200 | lead_time=3 | PID 3892566 | GPU 0
[2026-07-16T20:41:37] Started split_patchtst | split_patchtst_017_yearly_medium_mag_noise100_lt2 | run_1 | freq=52 | noise=1 | magnitude=100 | lead_time=2 | PID 3893354 | GPU 2
[2026-07-16T20:41:54] Started split_patchtst | split_patchtst_088_half_quarterly_low_mag_noise100_lt1 | run_7 | freq=7 | noise=1 | magnitude=50 | lead_time=1 | PID 3893800 | GPU 4
[2026-07-16T20:42:00] Started split_patchtst | split_patchtst_103_half_quarterly_high_mag_noise10_lt1 | run_5 | freq=7 | noise=1 | magnitude=200 | lead_time=1 | PID 3893865 | GPU 5
[2026-07-16T20:42:04] Finished split_patchtst | split_patchtst_015_yearly_medium_mag_noise10_lt3 | run_9 | freq=52 | noise=1 | magnitude=100 | lead_time=3
[2026-07-16T20:42:05] Started local_timemixer | local_timemixer_012_yearly_medium_mag_noise0_lt3 | run_1 | freq=52 | noise=1 | magnitude=100 | lead_time=3 | PID 3893946 | GPU 6
[2026-07-16T20:42:14] Started local_timemixer | local_timemixer_050_half_yearly_high_mag_noise10_lt2 | run_9 | freq=26 | noise=1 | magnitude=200 | lead_time=2 | PID 3894072 | GPU 0
[2026-07-16T20:42:27] Started split_timemixer | split_timemixer_015_yearly_medium_mag_noise10_lt3 | run_5 | freq=52 | noise=1 | magnitude=100 | lead_time=3 | PID 3894263 | GPU 2
[2026-07-16T20:42:43] Started split_timemixer | split_timemixer_079_quarterly_high_mag_noise100_lt1 | run_5 | freq=13 | noise=1 | magnitude=200 | lead_time=1 | PID 3894785 | GPU 4
[2026-07-16T20:42:46] Started split_timemixer | split_timemixer_079_quarterly_high_mag_noise100_lt1 | run_9 | freq=13 | noise=1 | magnitude=200 | lead_time=1 | PID 3894842 | GPU 4
[2026-07-16T20:42:54] Started split_timemixer | split_timemixer_101_half_quarterly_high_mag_noise0_lt2 | run_9 | freq=7 | noise=1 | magnitude=200 | lead_time=2 | PID 3895083 | GPU 5
[2026-07-16T20:43:29] Started split_patchtst | split_patchtst_063_quarterly_low_mag_noise100_lt3 | run_9 | freq=13 | noise=1 | magnitude=50 | lead_time=3 | PID 3895854 | GPU 0
[2026-07-16T20:43:35] Started split_patchtst | split_patchtst_074_quarterly_high_mag_noise0_lt2 | run_3 | freq=13 | noise=1 | magnitude=200 | lead_time=2 | PID 3896184 | GPU 6
[2026-07-16T20:43:45] Finished split_patchtst | split_patchtst_017_yearly_medium_mag_noise100_lt2 | run_1 | freq=52 | noise=1 | magnitude=100 | lead_time=2
[2026-07-16T20:43:50] Started local_timemixer | local_timemixer_042_half_yearly_medium_mag_noise10_lt3 | run_1 | freq=26 | noise=1 | magnitude=100 | lead_time=3 | PID 3896420 | GPU 0
[2026-07-16T20:43:58] Started local_timemixer | local_timemixer_081_quarterly_high_mag_noise100_lt3 | run_1 | freq=13 | noise=1 | magnitude=200 | lead_time=3 | PID 3896518 | GPU 6
[2026-07-16T20:44:29] Started local_patchtst | local_patchtst_024_yearly_high_mag_noise10_lt3 | run_3 | freq=52 | noise=1 | magnitude=200 | lead_time=3 | PID 3897439 | GPU 2
[2026-07-16T20:44:49] Started split_patchtst | split_patchtst_013_yearly_medium_mag_noise10_lt1 | run_1 | freq=52 | noise=1 | magnitude=100 | lead_time=1 | PID 3898071 | GPU 5
[2026-07-16T20:45:09] Started split_patchtst | split_patchtst_099_half_quarterly_medium_mag_noise100_lt3 | run_5 | freq=7 | noise=1 | magnitude=100 | lead_time=3 | PID 3898377 | GPU 1
[2026-07-16T20:45:14] Finished split_patchtst | split_patchtst_103_half_quarterly_high_mag_noise10_lt1 | run_5 | freq=7 | noise=1 | magnitude=200 | lead_time=1
[2026-07-16T20:45:38] Started split_timemixer | split_timemixer_054_half_yearly_high_mag_noise100_lt3 | run_3 | freq=26 | noise=1 | magnitude=200 | lead_time=3 | PID 3899501 | GPU 1
[2026-07-16T20:45:41] Started split_timemixer | split_timemixer_055_quarterly_low_mag_noise0_lt1 | run_9 | freq=13 | noise=1 | magnitude=50 | lead_time=1 | PID 3899523 | GPU 1
[2026-07-16T20:45:58] Started local_patchtst | local_patchtst_021_yearly_high_mag_noise0_lt3 | run_9 | freq=52 | noise=1 | magnitude=200 | lead_time=3 | PID 3899795 | GPU 3
[2026-07-16T20:46:15] Started local_patchtst | local_patchtst_105_half_quarterly_high_mag_noise10_lt3 | run_5 | freq=7 | noise=1 | magnitude=200 | lead_time=3 | PID 3900055 | GPU 2
[2026-07-16T20:46:40] Finished split_patchtst | split_patchtst_074_quarterly_high_mag_noise0_lt2 | run_3 | freq=13 | noise=1 | magnitude=200 | lead_time=2
[2026-07-16T20:46:41] Started local_timemixer | local_timemixer_015_yearly_medium_mag_noise10_lt3 | run_1 | freq=52 | noise=1 | magnitude=100 | lead_time=3 | PID 3900929 | GPU 5
[2026-07-16T20:46:56] Started local_timemixer | local_timemixer_103_half_quarterly_high_mag_noise10_lt1 | run_5 | freq=7 | noise=1 | magnitude=200 | lead_time=1 | PID 3901376 | GPU 7
[2026-07-16T20:47:01] Started split_timemixer | split_timemixer_007_yearly_low_mag_noise100_lt1 | run_1 | freq=52 | noise=1 | magnitude=50 | lead_time=1 | PID 3901413 | GPU 7
[2026-07-16T20:47:45] Started split_patchtst | split_patchtst_016_yearly_medium_mag_noise100_lt1 | run_7 | freq=52 | noise=1 | magnitude=100 | lead_time=1 | PID 3902511 | GPU 3
[2026-07-16T20:47:48] Started split_patchtst | split_patchtst_017_yearly_medium_mag_noise100_lt2 | run_5 | freq=52 | noise=1 | magnitude=100 | lead_time=2 | PID 3902543 | GPU 3
[2026-07-16T20:48:02] Started split_patchtst | split_patchtst_073_quarterly_high_mag_noise0_lt1 | run_5 | freq=13 | noise=1 | magnitude=200 | lead_time=1 | PID 3902964 | GPU 2
[2026-07-16T20:48:12] Finished split_patchtst | split_patchtst_013_yearly_medium_mag_noise10_lt1 | run_1 | freq=52 | noise=1 | magnitude=100 | lead_time=1
[2026-07-16T20:48:33] Started split_timemixer | split_timemixer_037_half_yearly_medium_mag_noise0_lt1 | run_9 | freq=26 | noise=1 | magnitude=100 | lead_time=1 | PID 3903618 | GPU 0
[2026-07-16T20:48:44] Started split_timemixer | split_timemixer_078_quarterly_high_mag_noise10_lt3 | run_7 | freq=13 | noise=1 | magnitude=200 | lead_time=3 | PID 3904008 | GPU 6
[2026-07-16T20:49:12] Started split_patchtst | split_patchtst_006_yearly_low_mag_noise10_lt3 | run_3 | freq=52 | noise=1 | magnitude=50 | lead_time=3 | PID 3904637 | GPU 2
[2026-07-16T20:49:16] Started split_patchtst | split_patchtst_009_yearly_low_mag_noise100_lt3 | run_9 | freq=52 | noise=1 | magnitude=50 | lead_time=3 | PID 3904748 | GPU 3
[2026-07-16T20:49:38] Finished split_patchtst | split_patchtst_017_yearly_medium_mag_noise100_lt2 | run_5 | freq=52 | noise=1 | magnitude=100 | lead_time=2
[2026-07-16T20:49:39] Started local_timemixer | local_timemixer_013_yearly_medium_mag_noise10_lt1 | run_4 | freq=52 | noise=1 | magnitude=100 | lead_time=1 | PID 3905469 | GPU 3
[2026-07-16T20:49:42] Started local_timemixer | local_timemixer_013_yearly_medium_mag_noise10_lt1 | run_9 | freq=52 | noise=1 | magnitude=100 | lead_time=1 | PID 3905478 | GPU 3
[2026-07-16T20:49:57] Started local_timemixer | local_timemixer_101_half_quarterly_high_mag_noise0_lt2 | run_1 | freq=7 | noise=1 | magnitude=200 | lead_time=2 | PID 3905816 | GPU 2
[2026-07-16T20:50:00] Started local_timemixer | local_timemixer_101_half_quarterly_high_mag_noise0_lt2 | run_5 | freq=7 | noise=1 | magnitude=200 | lead_time=2 | PID 3905823 | GPU 2
[2026-07-16T20:50:13] Started split_timemixer | split_timemixer_049_half_yearly_high_mag_noise10_lt1 | run_9 | freq=26 | noise=1 | magnitude=200 | lead_time=1 | PID 3906014 | GPU 7
[2026-07-16T20:50:30] Started local_patchtst | local_patchtst_015_yearly_medium_mag_noise10_lt3 | run_1 | freq=52 | noise=1 | magnitude=100 | lead_time=3 | PID 3906414 | GPU 5
[2026-07-16T20:50:55] Started split_patchtst | split_patchtst_035_half_yearly_low_mag_noise100_lt2 | run_5 | freq=26 | noise=1 | magnitude=50 | lead_time=2 | PID 3907358 | GPU 5
[2026-07-16T20:51:13] Finished split_patchtst | split_patchtst_073_quarterly_high_mag_noise0_lt1 | run_5 | freq=13 | noise=1 | magnitude=200 | lead_time=1
[2026-07-16T20:51:17] Started local_timemixer | local_timemixer_042_half_yearly_medium_mag_noise10_lt3 | run_9 | freq=26 | noise=1 | magnitude=100 | lead_time=3 | PID 3907700 | GPU 0
[2026-07-16T20:51:28] Started local_timemixer | local_timemixer_099_half_quarterly_medium_mag_noise100_lt3 | run_9 | freq=7 | noise=1 | magnitude=100 | lead_time=3 | PID 3907841 | GPU 4
[2026-07-16T20:51:52] Started local_patchtst | local_patchtst_001_yearly_low_mag_noise0_lt1 | run_1 | freq=52 | noise=1 | magnitude=50 | lead_time=1 | PID 3908744 | GPU 4
[2026-07-16T20:52:31] Started split_patchtst | split_patchtst_100_half_quarterly_high_mag_noise0_lt1 | run_3 | freq=7 | noise=1 | magnitude=200 | lead_time=1 | PID 3909582 | GPU 6
[2026-07-16T20:52:36] Finished split_patchtst | split_patchtst_009_yearly_low_mag_noise100_lt3 | run_9 | freq=52 | noise=1 | magnitude=50 | lead_time=3
[2026-07-16T20:52:38] Started local_timemixer | local_timemixer_026_yearly_high_mag_noise100_lt2 | run_1 | freq=52 | noise=1 | magnitude=200 | lead_time=2 | PID 3909660 | GPU 4
[2026-07-16T20:53:44] Started split_patchtst | split_patchtst_085_half_quarterly_low_mag_noise10_lt1 | run_9 | freq=7 | noise=1 | magnitude=50 | lead_time=1 | PID 3911678 | GPU 5
[2026-07-16T20:53:51] Finished split_patchtst | split_patchtst_035_half_yearly_low_mag_noise100_lt2 | run_5 | freq=26 | noise=1 | magnitude=50 | lead_time=2
[2026-07-16T20:54:08] Started split_timemixer | split_timemixer_029_half_yearly_low_mag_noise0_lt2 | run_1 | freq=26 | noise=1 | magnitude=50 | lead_time=2 | PID 3912266 | GPU 6
[2026-07-16T20:54:29] Started local_patchtst | local_patchtst_017_yearly_medium_mag_noise100_lt2 | run_5 | freq=52 | noise=1 | magnitude=100 | lead_time=2 | PID 3912880 | GPU 1
[2026-07-16T20:54:33] Started local_patchtst | local_patchtst_017_yearly_medium_mag_noise100_lt2 | run_9 | freq=52 | noise=1 | magnitude=100 | lead_time=2 | PID 3912944 | GPU 5
[2026-07-16T20:55:10] Finished local_patchtst | local_patchtst_001_yearly_low_mag_noise0_lt1 | run_1 | freq=52 | noise=1 | magnitude=50 | lead_time=1
[2026-07-16T20:55:30] Started split_timemixer | split_timemixer_041_half_yearly_medium_mag_noise10_lt2 | run_9 | freq=26 | noise=1 | magnitude=100 | lead_time=2 | PID 3914296 | GPU 1
[2026-07-16T20:55:33] Started split_timemixer | split_timemixer_042_half_yearly_medium_mag_noise10_lt3 | run_7 | freq=26 | noise=1 | magnitude=100 | lead_time=3 | PID 3914328 | GPU 1
[2026-07-16T20:55:37] Started split_timemixer | split_timemixer_043_half_yearly_medium_mag_noise100_lt1 | run_1 | freq=26 | noise=1 | magnitude=100 | lead_time=1 | PID 3914386 | GPU 3
[2026-07-16T20:55:40] Started split_timemixer | split_timemixer_043_half_yearly_medium_mag_noise100_lt1 | run_5 | freq=26 | noise=1 | magnitude=100 | lead_time=1 | PID 3914474 | GPU 3
[2026-07-16T20:56:04] Started local_patchtst | local_patchtst_056_quarterly_low_mag_noise0_lt2 | run_3 | freq=13 | noise=1 | magnitude=50 | lead_time=2 | PID 3915385 | GPU 0
[2026-07-16T20:56:31] Started split_patchtst | split_patchtst_081_quarterly_high_mag_noise100_lt3 | run_5 | freq=13 | noise=1 | magnitude=200 | lead_time=3 | PID 3915824 | GPU 2
[2026-07-16T20:56:34] Started split_patchtst | split_patchtst_082_half_quarterly_low_mag_noise0_lt1 | run_3 | freq=7 | noise=1 | magnitude=50 | lead_time=1 | PID 3915831 | GPU 2
[2026-07-16T20:56:42] Finished split_patchtst | split_patchtst_085_half_quarterly_low_mag_noise10_lt1 | run_9 | freq=7 | noise=1 | magnitude=50 | lead_time=1
[2026-07-16T20:56:53] Started local_timemixer | local_timemixer_099_half_quarterly_medium_mag_noise100_lt3 | run_5 | freq=7 | noise=1 | magnitude=100 | lead_time=3 | PID 3916456 | GPU 6
[2026-07-16T20:56:58] Started split_timemixer | split_timemixer_003_yearly_low_mag_noise0_lt3 | run_9 | freq=52 | noise=1 | magnitude=50 | lead_time=3 | PID 3916589 | GPU 5
[2026-07-16T20:57:05] Started split_timemixer | split_timemixer_026_yearly_high_mag_noise100_lt2 | run_7 | freq=52 | noise=1 | magnitude=200 | lead_time=2 | PID 3916808 | GPU 7
[2026-07-16T20:57:31] Started local_patchtst | local_patchtst_048_half_yearly_high_mag_noise0_lt3 | run_7 | freq=26 | noise=1 | magnitude=200 | lead_time=3 | PID 3917369 | GPU 0
[2026-07-16T20:57:34] Started local_patchtst | local_patchtst_049_half_yearly_high_mag_noise10_lt1 | run_1 | freq=26 | noise=1 | magnitude=200 | lead_time=1 | PID 3917376 | GPU 0
[2026-07-16T20:57:54] Started split_patchtst | split_patchtst_039_half_yearly_medium_mag_noise0_lt3 | run_1 | freq=26 | noise=1 | magnitude=100 | lead_time=3 | PID 3917871 | GPU 2
[2026-07-16T20:57:57] Started split_patchtst | split_patchtst_039_half_yearly_medium_mag_noise0_lt3 | run_5 | freq=26 | noise=1 | magnitude=100 | lead_time=3 | PID 3917878 | GPU 2
[2026-07-16T20:58:07] Started split_patchtst | split_patchtst_077_quarterly_high_mag_noise10_lt2 | run_5 | freq=13 | noise=1 | magnitude=200 | lead_time=2 | PID 3918017 | GPU 4
[2026-07-16T20:58:16] Finished split_patchtst | split_patchtst_082_half_quarterly_low_mag_noise0_lt1 | run_3 | freq=7 | noise=1 | magnitude=50 | lead_time=1
[2026-07-16T20:58:25] Started local_timemixer | local_timemixer_077_quarterly_high_mag_noise10_lt2 | run_5 | freq=13 | noise=1 | magnitude=200 | lead_time=2 | PID 3918765 | GPU 4
[2026-07-16T20:58:29] Started local_timemixer | local_timemixer_078_quarterly_high_mag_noise10_lt3 | run_7 | freq=13 | noise=1 | magnitude=200 | lead_time=3 | PID 3918787 | GPU 4
[2026-07-16T20:58:40] Started split_timemixer | split_timemixer_033_half_yearly_low_mag_noise10_lt3 | run_9 | freq=26 | noise=1 | magnitude=50 | lead_time=3 | PID 3918956 | GPU 0
[2026-07-16T20:59:17] Started split_patchtst | split_patchtst_013_yearly_medium_mag_noise10_lt1 | run_5 | freq=52 | noise=1 | magnitude=100 | lead_time=1 | PID 3919883 | GPU 2
[2026-07-16T20:59:20] Started split_patchtst | split_patchtst_013_yearly_medium_mag_noise10_lt1 | run_9 | freq=52 | noise=1 | magnitude=100 | lead_time=1 | PID 3919927 | GPU 2
[2026-07-16T20:59:40] Started split_patchtst | split_patchtst_104_half_quarterly_high_mag_noise10_lt2 | run_7 | freq=7 | noise=1 | magnitude=200 | lead_time=2 | PID 3920531 | GPU 5
[2026-07-16T20:59:44] Finished split_patchtst | split_patchtst_039_half_yearly_medium_mag_noise0_lt3 | run_5 | freq=26 | noise=1 | magnitude=100 | lead_time=3
[2026-07-16T21:00:38] Started split_patchtst | split_patchtst_038_half_yearly_medium_mag_noise0_lt2 | run_7 | freq=26 | noise=1 | magnitude=100 | lead_time=2 | PID 3922459 | GPU 2
[2026-07-16T21:00:41] Started split_patchtst | split_patchtst_039_half_yearly_medium_mag_noise0_lt3 | run_9 | freq=26 | noise=1 | magnitude=100 | lead_time=3 | PID 3922472 | GPU 2
[2026-07-16T21:00:57] Finished split_patchtst | split_patchtst_013_yearly_medium_mag_noise10_lt1 | run_9 | freq=52 | noise=1 | magnitude=100 | lead_time=1
[2026-07-16T21:01:19] Started split_timemixer | split_timemixer_058_quarterly_low_mag_noise10_lt1 | run_3 | freq=13 | noise=1 | magnitude=50 | lead_time=1 | PID 3923708 | GPU 5
[2026-07-16T21:01:37] Started local_patchtst | local_patchtst_033_half_yearly_low_mag_noise10_lt3 | run_1 | freq=26 | noise=1 | magnitude=50 | lead_time=3 | PID 3924049 | GPU 7
[2026-07-16T21:02:03] Started split_patchtst | split_patchtst_068_quarterly_medium_mag_noise10_lt2 | run_3 | freq=13 | noise=1 | magnitude=100 | lead_time=2 | PID 3924782 | GPU 2
[2026-07-16T21:02:06] Started split_patchtst | split_patchtst_068_quarterly_medium_mag_noise10_lt2 | run_7 | freq=13 | noise=1 | magnitude=100 | lead_time=2 | PID 3924860 | GPU 2
[2026-07-16T21:02:14] Started split_patchtst | split_patchtst_095_half_quarterly_medium_mag_noise10_lt2 | run_9 | freq=7 | noise=1 | magnitude=100 | lead_time=2 | PID 3925127 | GPU 0
[2026-07-16T21:02:19] Started split_patchtst | split_patchtst_102_half_quarterly_high_mag_noise0_lt3 | run_3 | freq=7 | noise=1 | magnitude=200 | lead_time=3 | PID 3925158 | GPU 6
[2026-07-16T21:02:23] Finished split_patchtst | split_patchtst_039_half_yearly_medium_mag_noise0_lt3 | run_9 | freq=26 | noise=1 | magnitude=100 | lead_time=3
[2026-07-16T21:03:02] Started local_patchtst | local_patchtst_055_quarterly_low_mag_noise0_lt1 | run_1 | freq=13 | noise=1 | magnitude=50 | lead_time=1 | PID 3926254 | GPU 6
[2026-07-16T21:03:12] Started local_patchtst | local_patchtst_090_half_quarterly_low_mag_noise100_lt3 | run_3 | freq=7 | noise=1 | magnitude=50 | lead_time=3 | PID 3926384 | GPU 7
[2026-07-16T21:03:27] Started split_patchtst | split_patchtst_056_quarterly_low_mag_noise0_lt2 | run_7 | freq=13 | noise=1 | magnitude=50 | lead_time=2 | PID 3927024 | GPU 2
[2026-07-16T21:03:30] Started split_patchtst | split_patchtst_057_quarterly_low_mag_noise0_lt3 | run_1 | freq=13 | noise=1 | magnitude=50 | lead_time=3 | PID 3927076 | GPU 2
[2026-07-16T21:03:42] Finished split_patchtst | split_patchtst_068_quarterly_medium_mag_noise10_lt2 | run_7 | freq=13 | noise=1 | magnitude=100 | lead_time=2
[2026-07-16T21:03:53] Started local_timemixer | local_timemixer_093_half_quarterly_medium_mag_noise0_lt3 | run_5 | freq=7 | noise=1 | magnitude=100 | lead_time=3 | PID 3936296 | GPU 0
[2026-07-16T21:03:59] Started split_timemixer | split_timemixer_007_yearly_low_mag_noise100_lt1 | run_5 | freq=52 | noise=1 | magnitude=50 | lead_time=1 | PID 3937530 | GPU 3
[2026-07-16T21:04:41] Started split_patchtst | split_patchtst_020_yearly_high_mag_noise0_lt2 | run_3 | freq=52 | noise=1 | magnitude=200 | lead_time=2 | PID 3938447 | GPU 3
[2026-07-16T21:04:46] Started split_patchtst | split_patchtst_038_half_yearly_medium_mag_noise0_lt2 | run_3 | freq=26 | noise=1 | magnitude=100 | lead_time=2 | PID 3938642 | GPU 7
[2026-07-16T21:04:50] Started split_patchtst | split_patchtst_040_half_yearly_medium_mag_noise10_lt1 | run_3 | freq=26 | noise=1 | magnitude=100 | lead_time=1 | PID 3938900 | GPU 2
[2026-07-16T21:04:53] Started split_patchtst | split_patchtst_041_half_yearly_medium_mag_noise10_lt2 | run_5 | freq=26 | noise=1 | magnitude=100 | lead_time=2 | PID 3938966 | GPU 2
[2026-07-16T21:05:08] Finished split_patchtst | split_patchtst_057_quarterly_low_mag_noise0_lt3 | run_1 | freq=13 | noise=1 | magnitude=50 | lead_time=3
[2026-07-16T21:05:15] Started local_timemixer | local_timemixer_058_quarterly_low_mag_noise10_lt1 | run_2 | freq=13 | noise=1 | magnitude=50 | lead_time=1 | PID 3939323 | GPU 4
[2026-07-16T21:05:23] Started local_timemixer | local_timemixer_095_half_quarterly_medium_mag_noise10_lt2 | run_9 | freq=7 | noise=1 | magnitude=100 | lead_time=2 | PID 3939417 | GPU 7
[2026-07-16T21:05:26] Started local_timemixer | local_timemixer_096_half_quarterly_medium_mag_noise10_lt3 | run_3 | freq=7 | noise=1 | magnitude=100 | lead_time=3 | PID 3939424 | GPU 7
[2026-07-16T21:05:36] Started split_timemixer | split_timemixer_031_half_yearly_low_mag_noise10_lt1 | run_5 | freq=26 | noise=1 | magnitude=50 | lead_time=1 | PID 3939652 | GPU 6
[2026-07-16T21:05:45] Started split_timemixer | split_timemixer_068_quarterly_medium_mag_noise10_lt2 | run_3 | freq=13 | noise=1 | magnitude=100 | lead_time=2 | PID 3939805 | GPU 1
[2026-07-16T21:05:48] Started split_timemixer | split_timemixer_069_quarterly_medium_mag_noise10_lt3 | run_1 | freq=13 | noise=1 | magnitude=100 | lead_time=3 | PID 3940025 | GPU 1
[2026-07-16T21:06:01] Started local_patchtst | local_patchtst_013_yearly_medium_mag_noise10_lt1 | run_5 | freq=52 | noise=1 | magnitude=100 | lead_time=1 | PID 3940355 | GPU 0
[2026-07-16T21:06:14] Started local_patchtst | local_patchtst_073_quarterly_high_mag_noise0_lt1 | run_9 | freq=13 | noise=1 | magnitude=200 | lead_time=1 | PID 3940723 | GPU 2
[2026-07-16T21:06:17] Started local_patchtst | local_patchtst_074_quarterly_high_mag_noise0_lt2 | run_7 | freq=13 | noise=1 | magnitude=200 | lead_time=2 | PID 3940730 | GPU 2
[2026-07-16T21:06:29] Started split_patchtst | split_patchtst_019_yearly_high_mag_noise0_lt1 | run_5 | freq=52 | noise=1 | magnitude=200 | lead_time=1 | PID 3940895 | GPU 5
[2026-07-16T21:06:46] Finished split_patchtst | split_patchtst_041_half_yearly_medium_mag_noise10_lt2 | run_5 | freq=26 | noise=1 | magnitude=100 | lead_time=2
[2026-07-16T21:06:49] Started local_timemixer | local_timemixer_032_half_yearly_low_mag_noise10_lt2 | run_4 | freq=26 | noise=1 | magnitude=50 | lead_time=2 | PID 3941541 | GPU 2
[2026-07-16T21:07:29] Started local_patchtst | local_patchtst_069_quarterly_medium_mag_noise10_lt3 | run_9 | freq=13 | noise=1 | magnitude=100 | lead_time=3 | PID 3942589 | GPU 0
[2026-07-16T21:07:52] Started split_patchtst | split_patchtst_087_half_quarterly_low_mag_noise10_lt3 | run_1 | freq=7 | noise=1 | magnitude=50 | lead_time=3 | PID 3943276 | GPU 5
[2026-07-16T21:07:55] Started split_patchtst | split_patchtst_087_half_quarterly_low_mag_noise10_lt3 | run_5 | freq=7 | noise=1 | magnitude=50 | lead_time=3 | PID 3943328 | GPU 5
[2026-07-16T21:08:02] Finished split_patchtst | split_patchtst_038_half_yearly_medium_mag_noise0_lt2 | run_3 | freq=26 | noise=1 | magnitude=100 | lead_time=2
[2026-07-16T21:08:38] Started local_patchtst | local_patchtst_045_half_yearly_medium_mag_noise100_lt3 | run_9 | freq=26 | noise=1 | magnitude=100 | lead_time=3 | PID 3944409 | GPU 2
[2026-07-16T21:09:03] Started split_patchtst | split_patchtst_079_quarterly_high_mag_noise100_lt1 | run_9 | freq=13 | noise=1 | magnitude=200 | lead_time=1 | PID 3945176 | GPU 6
[2026-07-16T21:09:09] Started split_patchtst | split_patchtst_097_half_quarterly_medium_mag_noise100_lt1 | run_1 | freq=7 | noise=1 | magnitude=100 | lead_time=1 | PID 3945228 | GPU 0
[2026-07-16T21:09:12] Started split_patchtst | split_patchtst_097_half_quarterly_medium_mag_noise100_lt1 | run_9 | freq=7 | noise=1 | magnitude=100 | lead_time=1 | PID 3945237 | GPU 3
[2026-07-16T21:09:15] Started split_patchtst | split_patchtst_098_half_quarterly_medium_mag_noise100_lt2 | run_7 | freq=7 | noise=1 | magnitude=100 | lead_time=2 | PID 3945249 | GPU 3
[2026-07-16T21:09:19] Started split_patchtst | split_patchtst_099_half_quarterly_medium_mag_noise100_lt3 | run_1 | freq=7 | noise=1 | magnitude=100 | lead_time=3 | PID 3945257 | GPU 3
[2026-07-16T21:09:24] Finished split_patchtst | split_patchtst_019_yearly_high_mag_noise0_lt1 | run_5 | freq=52 | noise=1 | magnitude=200 | lead_time=1
[2026-07-16T21:09:27] Started local_timemixer | local_timemixer_030_half_yearly_low_mag_noise0_lt3 | run_8 | freq=26 | noise=1 | magnitude=50 | lead_time=3 | PID 3945340 | GPU 5
[2026-07-16T21:09:30] Started local_timemixer | local_timemixer_031_half_yearly_low_mag_noise10_lt1 | run_2 | freq=26 | noise=1 | magnitude=50 | lead_time=1 | PID 3945364 | GPU 5
[2026-07-16T21:09:38] Started local_timemixer | local_timemixer_072_quarterly_medium_mag_noise100_lt3 | run_7 | freq=13 | noise=1 | magnitude=100 | lead_time=3 | PID 3945565 | GPU 0
[2026-07-16T21:09:42] Started local_timemixer | local_timemixer_073_quarterly_high_mag_noise0_lt1 | run_9 | freq=13 | noise=1 | magnitude=200 | lead_time=1 | PID 3945583 | GPU 0
[2026-07-16T21:10:05] Started split_timemixer | split_timemixer_105_half_quarterly_high_mag_noise10_lt3 | run_5 | freq=7 | noise=1 | magnitude=200 | lead_time=3 | PID 3946541 | GPU 2
[2026-07-16T21:10:24] Started local_patchtst | local_patchtst_093_half_quarterly_medium_mag_noise0_lt3 | run_5 | freq=7 | noise=1 | magnitude=100 | lead_time=3 | PID 3946826 | GPU 6
[2026-07-16T21:10:27] Started local_patchtst | local_patchtst_093_half_quarterly_medium_mag_noise0_lt3 | run_9 | freq=7 | noise=1 | magnitude=100 | lead_time=3 | PID 3946833 | GPU 6
[2026-07-16T21:10:49] Finished split_patchtst | split_patchtst_087_half_quarterly_low_mag_noise10_lt3 | run_5 | freq=7 | noise=1 | magnitude=50 | lead_time=3
[2026-07-16T21:11:10] Started split_timemixer | split_timemixer_065_quarterly_medium_mag_noise0_lt2 | run_9 | freq=13 | noise=1 | magnitude=100 | lead_time=2 | PID 3948037 | GPU 6
[2026-07-16T21:11:14] Started split_timemixer | split_timemixer_066_quarterly_medium_mag_noise0_lt3 | run_3 | freq=13 | noise=1 | magnitude=100 | lead_time=3 | PID 3948122 | GPU 3
[2026-07-16T21:11:32] Started local_patchtst | local_patchtst_053_half_yearly_high_mag_noise100_lt2 | run_1 | freq=26 | noise=1 | magnitude=200 | lead_time=2 | PID 3948534 | GPU 4
[2026-07-16T21:11:51] Started split_patchtst | split_patchtst_051_half_yearly_high_mag_noise10_lt3 | run_5 | freq=26 | noise=1 | magnitude=200 | lead_time=3 | PID 3949051 | GPU 7
[2026-07-16T21:12:03] Finished split_patchtst | split_patchtst_099_half_quarterly_medium_mag_noise100_lt3 | run_1 | freq=7 | noise=1 | magnitude=100 | lead_time=3
[2026-07-16T21:12:06] Started local_timemixer | local_timemixer_024_yearly_high_mag_noise10_lt3 | run_7 | freq=52 | noise=1 | magnitude=200 | lead_time=3 | PID 3949360 | GPU 4
[2026-07-16T21:12:09] Started local_timemixer | local_timemixer_025_yearly_high_mag_noise100_lt1 | run_3 | freq=52 | noise=1 | magnitude=200 | lead_time=1 | PID 3949383 | GPU 7
[2026-07-16T21:12:12] Started local_timemixer | local_timemixer_025_yearly_high_mag_noise100_lt1 | run_7 | freq=52 | noise=1 | magnitude=200 | lead_time=1 | PID 3949432 | GPU 7
[2026-07-16T21:12:53] Started local_patchtst | local_patchtst_076_quarterly_high_mag_noise10_lt1 | run_7 | freq=13 | noise=1 | magnitude=200 | lead_time=1 | PID 3950766 | GPU 3
[2026-07-16T21:13:10] Started split_patchtst | split_patchtst_060_quarterly_low_mag_noise10_lt3 | run_3 | freq=13 | noise=1 | magnitude=50 | lead_time=3 | PID 3951029 | GPU 2
[2026-07-16T21:13:21] Finished local_patchtst | local_patchtst_093_half_quarterly_medium_mag_noise0_lt3 | run_9 | freq=7 | noise=1 | magnitude=100 | lead_time=3
[2026-07-16T21:13:37] Started split_timemixer | split_timemixer_034_half_yearly_low_mag_noise100_lt1 | run_3 | freq=26 | noise=1 | magnitude=50 | lead_time=1 | PID 3951541 | GPU 4
[2026-07-16T21:13:42] Started split_timemixer | split_timemixer_039_half_yearly_medium_mag_noise0_lt3 | run_1 | freq=26 | noise=1 | magnitude=100 | lead_time=3 | PID 3951663 | GPU 6
[2026-07-16T21:14:28] Finished local_patchtst | local_patchtst_053_half_yearly_high_mag_noise100_lt2 | run_1 | freq=26 | noise=1 | magnitude=200 | lead_time=2
[2026-07-16T21:15:07] Started local_patchtst | local_patchtst_069_quarterly_medium_mag_noise10_lt3 | run_1 | freq=13 | noise=1 | magnitude=100 | lead_time=3 | PID 3954357 | GPU 2
[2026-07-16T21:15:15] Started local_patchtst | local_patchtst_098_half_quarterly_medium_mag_noise100_lt2 | run_7 | freq=7 | noise=1 | magnitude=100 | lead_time=2 | PID 3954480 | GPU 5
[2026-07-16T21:15:23] Started split_patchtst | split_patchtst_024_yearly_high_mag_noise10_lt3 | run_3 | freq=52 | noise=1 | magnitude=200 | lead_time=3 | PID 3954620 | GPU 5
[2026-07-16T21:15:27] Started split_patchtst | split_patchtst_024_yearly_high_mag_noise10_lt3 | run_7 | freq=52 | noise=1 | magnitude=200 | lead_time=3 | PID 3954648 | GPU 1
[2026-07-16T21:15:30] Started split_patchtst | split_patchtst_025_yearly_high_mag_noise100_lt1 | run_1 | freq=52 | noise=1 | magnitude=200 | lead_time=1 | PID 3954656 | GPU 1
[2026-07-16T21:15:45] Finished local_patchtst | local_patchtst_076_quarterly_high_mag_noise10_lt1 | run_7 | freq=13 | noise=1 | magnitude=200 | lead_time=1
[2026-07-16T21:15:57] Started split_timemixer | split_timemixer_005_yearly_low_mag_noise10_lt2 | run_5 | freq=52 | noise=1 | magnitude=50 | lead_time=2 | PID 3955390 | GPU 0
[2026-07-16T21:16:09] Started split_timemixer | split_timemixer_060_quarterly_low_mag_noise10_lt3 | run_7 | freq=13 | noise=1 | magnitude=50 | lead_time=3 | PID 3955576 | GPU 5
[2026-07-16T21:16:35] Started local_patchtst | local_patchtst_100_half_quarterly_high_mag_noise0_lt1 | run_7 | freq=7 | noise=1 | magnitude=200 | lead_time=1 | PID 3956373 | GPU 0
[2026-07-16T21:16:50] Started split_patchtst | split_patchtst_072_quarterly_medium_mag_noise100_lt3 | run_3 | freq=13 | noise=1 | magnitude=100 | lead_time=3 | PID 3956603 | GPU 1
[2026-07-16T21:16:53] Started split_patchtst | split_patchtst_072_quarterly_medium_mag_noise100_lt3 | run_7 | freq=13 | noise=1 | magnitude=100 | lead_time=3 | PID 3956610 | GPU 1
[2026-07-16T21:16:56] Started split_patchtst | split_patchtst_073_quarterly_high_mag_noise0_lt1 | run_9 | freq=13 | noise=1 | magnitude=200 | lead_time=1 | PID 3956905 | GPU 3
[2026-07-16T21:17:00] Started split_patchtst | split_patchtst_074_quarterly_high_mag_noise0_lt2 | run_7 | freq=13 | noise=1 | magnitude=200 | lead_time=2 | PID 3956917 | GPU 3
[2026-07-16T21:17:03] Started split_patchtst | split_patchtst_075_quarterly_high_mag_noise0_lt3 | run_1 | freq=13 | noise=1 | magnitude=200 | lead_time=3 | PID 3956928 | GPU 3
[2026-07-16T21:17:11] Finished split_patchtst | split_patchtst_025_yearly_high_mag_noise100_lt1 | run_1 | freq=52 | noise=1 | magnitude=200 | lead_time=1
[2026-07-16T21:18:04] Started split_patchtst | split_patchtst_063_quarterly_low_mag_noise100_lt3 | run_1 | freq=13 | noise=1 | magnitude=50 | lead_time=3 | PID 3958707 | GPU 0
[2026-07-16T21:18:08] Started split_patchtst | split_patchtst_069_quarterly_medium_mag_noise10_lt3 | run_1 | freq=13 | noise=1 | magnitude=100 | lead_time=3 | PID 3958726 | GPU 7
[2026-07-16T21:18:12] Started split_patchtst | split_patchtst_069_quarterly_medium_mag_noise10_lt3 | run_5 | freq=13 | noise=1 | magnitude=100 | lead_time=3 | PID 3958734 | GPU 1
[2026-07-16T21:18:15] Started split_patchtst | split_patchtst_069_quarterly_medium_mag_noise10_lt3 | run_9 | freq=13 | noise=1 | magnitude=100 | lead_time=3 | PID 3958742 | GPU 7
[2026-07-16T21:18:18] Started split_patchtst | split_patchtst_070_quarterly_medium_mag_noise100_lt1 | run_3 | freq=13 | noise=1 | magnitude=100 | lead_time=1 | PID 3958754 | GPU 1
[2026-07-16T21:18:27] Finished split_patchtst | split_patchtst_072_quarterly_medium_mag_noise100_lt3 | run_7 | freq=13 | noise=1 | magnitude=100 | lead_time=3
[2026-07-16T21:18:51] Started split_timemixer | split_timemixer_090_half_quarterly_low_mag_noise100_lt3 | run_7 | freq=7 | noise=1 | magnitude=50 | lead_time=3 | PID 3959450 | GPU 3
[2026-07-16T21:19:21] Started split_patchtst | split_patchtst_046_half_yearly_high_mag_noise0_lt1 | run_3 | freq=26 | noise=1 | magnitude=200 | lead_time=1 | PID 3960455 | GPU 5
[2026-07-16T21:19:28] Started split_patchtst | split_patchtst_080_quarterly_high_mag_noise100_lt2 | run_3 | freq=13 | noise=1 | magnitude=200 | lead_time=2 | PID 3960560 | GPU 7
[2026-07-16T21:19:32] Started split_patchtst | split_patchtst_080_quarterly_high_mag_noise100_lt2 | run_7 | freq=13 | noise=1 | magnitude=200 | lead_time=2 | PID 3960568 | GPU 7
[2026-07-16T21:19:35] Started split_patchtst | split_patchtst_081_quarterly_high_mag_noise100_lt3 | run_1 | freq=13 | noise=1 | magnitude=200 | lead_time=3 | PID 3960576 | GPU 1
[2026-07-16T21:19:39] Started split_patchtst | split_patchtst_083_half_quarterly_low_mag_noise0_lt2 | run_9 | freq=7 | noise=1 | magnitude=50 | lead_time=2 | PID 3960589 | GPU 1
[2026-07-16T21:19:46] Finished split_patchtst | split_patchtst_070_quarterly_medium_mag_noise100_lt1 | run_3 | freq=13 | noise=1 | magnitude=100 | lead_time=1
[2026-07-16T21:19:59] Started split_timemixer | split_timemixer_021_yearly_high_mag_noise0_lt3 | run_1 | freq=52 | noise=1 | magnitude=200 | lead_time=3 | PID 3961156 | GPU 0
[2026-07-16T21:20:04] Started split_timemixer | split_timemixer_027_yearly_high_mag_noise100_lt3 | run_5 | freq=52 | noise=1 | magnitude=200 | lead_time=3 | PID 3961314 | GPU 6
[2026-07-16T21:20:35] Started local_patchtst | local_patchtst_099_half_quarterly_medium_mag_noise100_lt3 | run_9 | freq=7 | noise=1 | magnitude=100 | lead_time=3 | PID 3962149 | GPU 3
[2026-07-16T21:20:48] Started split_patchtst | split_patchtst_067_quarterly_medium_mag_noise10_lt1 | run_5 | freq=13 | noise=1 | magnitude=100 | lead_time=1 | PID 3962407 | GPU 7
[2026-07-16T21:20:55] Started split_patchtst | split_patchtst_097_half_quarterly_medium_mag_noise100_lt1 | run_5 | freq=7 | noise=1 | magnitude=100 | lead_time=1 | PID 3962501 | GPU 1
[2026-07-16T21:20:58] Started split_patchtst | split_patchtst_099_half_quarterly_medium_mag_noise100_lt3 | run_9 | freq=7 | noise=1 | magnitude=100 | lead_time=3 | PID 3962690 | GPU 1
[2026-07-16T21:21:03] Finished split_patchtst | split_patchtst_081_quarterly_high_mag_noise100_lt3 | run_1 | freq=13 | noise=1 | magnitude=200 | lead_time=3
[2026-07-16T21:21:04] Started local_timemixer | local_timemixer_014_yearly_medium_mag_noise10_lt2 | run_3 | freq=52 | noise=1 | magnitude=100 | lead_time=2 | PID 3962811 | GPU 7
[2026-07-16T21:21:07] Started local_timemixer | local_timemixer_014_yearly_medium_mag_noise10_lt2 | run_7 | freq=52 | noise=1 | magnitude=100 | lead_time=2 | PID 3962845 | GPU 7
[2026-07-16T21:21:11] Started local_timemixer | local_timemixer_015_yearly_medium_mag_noise10_lt3 | run_9 | freq=52 | noise=1 | magnitude=100 | lead_time=3 | PID 3962853 | GPU 4
[2026-07-16T21:21:14] Started local_timemixer | local_timemixer_018_yearly_medium_mag_noise100_lt3 | run_9 | freq=52 | noise=1 | magnitude=100 | lead_time=3 | PID 3962864 | GPU 4
[2026-07-16T21:22:10] Started split_patchtst | split_patchtst_084_half_quarterly_low_mag_noise0_lt3 | run_3 | freq=7 | noise=1 | magnitude=50 | lead_time=3 | PID 3964537 | GPU 2
[2026-07-16T21:22:13] Started split_patchtst | split_patchtst_085_half_quarterly_low_mag_noise10_lt1 | run_1 | freq=7 | noise=1 | magnitude=50 | lead_time=1 | PID 3964544 | GPU 5
[2026-07-16T21:22:17] Started split_patchtst | split_patchtst_085_half_quarterly_low_mag_noise10_lt1 | run_5 | freq=7 | noise=1 | magnitude=50 | lead_time=1 | PID 3964552 | GPU 5
[2026-07-16T21:22:20] Started split_patchtst | split_patchtst_086_half_quarterly_low_mag_noise10_lt2 | run_7 | freq=7 | noise=1 | magnitude=50 | lead_time=2 | PID 3964564 | GPU 1
[2026-07-16T21:22:27] Finished split_patchtst | split_patchtst_097_half_quarterly_medium_mag_noise100_lt1 | run_5 | freq=7 | noise=1 | magnitude=100 | lead_time=1
[2026-07-16T21:22:27] Started local_timemixer | local_timemixer_020_yearly_high_mag_noise0_lt2 | run_7 | freq=52 | noise=1 | magnitude=200 | lead_time=2 | PID 3964631 | GPU 1
[2026-07-16T21:22:31] Started local_timemixer | local_timemixer_021_yearly_high_mag_noise0_lt3 | run_1 | freq=52 | noise=1 | magnitude=200 | lead_time=3 | PID 3964638 | GPU 1
[2026-07-16T21:23:30] Finished split_patchtst | split_patchtst_099_half_quarterly_medium_mag_noise100_lt3 | run_9 | freq=7 | noise=1 | magnitude=100 | lead_time=3
[2026-07-16T21:23:34] Started local_timemixer | local_timemixer_057_quarterly_low_mag_noise0_lt3 | run_8 | freq=13 | noise=1 | magnitude=50 | lead_time=3 | PID 3966419 | GPU 5
[2026-07-16T21:23:37] Started local_timemixer | local_timemixer_059_quarterly_low_mag_noise10_lt2 | run_1 | freq=13 | noise=1 | magnitude=50 | lead_time=2 | PID 3966426 | GPU 5
[2026-07-16T21:24:31] Started split_patchtst | split_patchtst_103_half_quarterly_high_mag_noise10_lt1 | run_9 | freq=7 | noise=1 | magnitude=200 | lead_time=1 | PID 3968085 | GPU 3
[2026-07-16T21:24:35] Started split_patchtst | split_patchtst_104_half_quarterly_high_mag_noise10_lt2 | run_3 | freq=7 | noise=1 | magnitude=200 | lead_time=2 | PID 3968092 | GPU 3
[2026-07-16T21:24:38] Started split_patchtst | split_patchtst_105_half_quarterly_high_mag_noise10_lt3 | run_5 | freq=7 | noise=1 | magnitude=200 | lead_time=3 | PID 3968101 | GPU 3
[2026-07-16T21:24:42] Finished split_patchtst | split_patchtst_085_half_quarterly_low_mag_noise10_lt1 | run_5 | freq=7 | noise=1 | magnitude=50 | lead_time=1
[2026-07-16T21:24:59] Started split_timemixer | split_timemixer_047_half_yearly_high_mag_noise0_lt2 | run_9 | freq=26 | noise=1 | magnitude=200 | lead_time=2 | PID 3968431 | GPU 6
[2026-07-16T21:25:13] Started local_patchtst | local_patchtst_009_yearly_low_mag_noise100_lt3 | run_9 | freq=52 | noise=1 | magnitude=50 | lead_time=3 | PID 3968888 | GPU 0
[2026-07-16T21:25:43] Finished split_patchtst | split_patchtst_086_half_quarterly_low_mag_noise10_lt2 | run_7 | freq=7 | noise=1 | magnitude=50 | lead_time=2
[2026-07-16T21:25:59] Started split_timemixer | split_timemixer_043_half_yearly_medium_mag_noise100_lt1 | run_9 | freq=26 | noise=1 | magnitude=100 | lead_time=1 | PID 3970129 | GPU 2
[2026-07-16T21:26:28] Started local_patchtst | local_patchtst_106_half_quarterly_high_mag_noise100_lt1 | run_3 | freq=7 | noise=1 | magnitude=200 | lead_time=1 | PID 3970947 | GPU 3
[2026-07-16T21:26:45] Finished split_patchtst | split_patchtst_105_half_quarterly_high_mag_noise10_lt3 | run_5 | freq=7 | noise=1 | magnitude=200 | lead_time=3
[2026-07-16T21:26:45] Started local_timemixer | local_timemixer_021_yearly_high_mag_noise0_lt3 | run_5 | freq=52 | noise=1 | magnitude=200 | lead_time=3 | PID 3971518 | GPU 3
[2026-07-16T21:26:49] Started local_timemixer | local_timemixer_021_yearly_high_mag_noise0_lt3 | run_9 | freq=52 | noise=1 | magnitude=200 | lead_time=3 | PID 3971548 | GPU 3
[2026-07-16T21:27:36] Started split_patchtst | split_patchtst_023_yearly_high_mag_noise10_lt2 | run_9 | freq=52 | noise=1 | magnitude=200 | lead_time=2 | PID 3972758 | GPU 0
[2026-07-16T21:27:40] Started split_patchtst | split_patchtst_025_yearly_high_mag_noise100_lt1 | run_5 | freq=52 | noise=1 | magnitude=200 | lead_time=1 | PID 3972769 | GPU 0
[2026-07-16T21:27:43] Started split_patchtst | split_patchtst_026_yearly_high_mag_noise100_lt2 | run_7 | freq=52 | noise=1 | magnitude=200 | lead_time=2 | PID 3972779 | GPU 4
[2026-07-16T21:27:46] Started split_patchtst | split_patchtst_027_yearly_high_mag_noise100_lt3 | run_1 | freq=52 | noise=1 | magnitude=200 | lead_time=3 | PID 3972791 | GPU 4
[2026-07-16T21:27:50] Started split_patchtst | split_patchtst_027_yearly_high_mag_noise100_lt3 | run_5 | freq=52 | noise=1 | magnitude=200 | lead_time=3 | PID 3972878 | GPU 7
[2026-07-16T21:27:53] Started split_patchtst | split_patchtst_027_yearly_high_mag_noise100_lt3 | run_9 | freq=52 | noise=1 | magnitude=200 | lead_time=3 | PID 3972957 | GPU 7
[2026-07-16T21:28:05] Finished local_timemixer | local_timemixer_018_yearly_medium_mag_noise100_lt3 | run_9 | freq=52 | noise=1 | magnitude=100 | lead_time=3
[2026-07-16T21:29:00] Waiting for available CPU/GPU capacity. waiting=486, running=18
[2026-07-16T21:29:01] Finished local_patchtst | local_patchtst_009_yearly_low_mag_noise100_lt3 | run_9 | freq=52 | noise=1 | magnitude=50 | lead_time=3
[2026-07-16T21:29:05] Started local_timemixer | local_timemixer_049_half_yearly_high_mag_noise10_lt1 | run_3 | freq=26 | noise=1 | magnitude=200 | lead_time=1 | PID 3974953 | GPU 4
[2026-07-16T21:29:08] Started local_timemixer | local_timemixer_049_half_yearly_high_mag_noise10_lt1 | run_7 | freq=26 | noise=1 | magnitude=200 | lead_time=1 | PID 3975030 | GPU 0
[2026-07-16T21:29:11] Started local_timemixer | local_timemixer_051_half_yearly_high_mag_noise10_lt3 | run_7 | freq=26 | noise=1 | magnitude=200 | lead_time=3 | PID 3975106 | GPU 0
[2026-07-16T21:29:16] Started local_timemixer | local_timemixer_063_quarterly_low_mag_noise100_lt3 | run_9 | freq=13 | noise=1 | magnitude=50 | lead_time=3 | PID 3975210 | GPU 7
[2026-07-16T21:29:19] Started local_timemixer | local_timemixer_064_quarterly_medium_mag_noise0_lt1 | run_3 | freq=13 | noise=1 | magnitude=100 | lead_time=1 | PID 3975273 | GPU 7
[2026-07-16T21:29:25] Started local_timemixer | local_timemixer_090_half_quarterly_low_mag_noise100_lt3 | run_7 | freq=7 | noise=1 | magnitude=50 | lead_time=3 | PID 3975510 | GPU 4
[2026-07-16T21:29:33] Started split_timemixer | split_timemixer_020_yearly_high_mag_noise0_lt2 | run_3 | freq=52 | noise=1 | magnitude=200 | lead_time=2 | PID 3975613 | GPU 5
[2026-07-16T21:29:36] Started split_timemixer | split_timemixer_020_yearly_high_mag_noise0_lt2 | run_7 | freq=52 | noise=1 | magnitude=200 | lead_time=2 | PID 3975620 | GPU 1
[2026-07-16T21:29:58] Started local_patchtst | local_patchtst_037_half_yearly_medium_mag_noise0_lt1 | run_1 | freq=26 | noise=1 | magnitude=100 | lead_time=1 | PID 3975999 | GPU 6
[2026-07-16T21:30:08] Started local_patchtst | local_patchtst_085_half_quarterly_low_mag_noise10_lt1 | run_5 | freq=7 | noise=1 | magnitude=50 | lead_time=1 | PID 3976321 | GPU 5
[2026-07-16T21:30:27] Finished split_patchtst | split_patchtst_027_yearly_high_mag_noise100_lt3 | run_9 | freq=52 | noise=1 | magnitude=200 | lead_time=3
[2026-07-16T21:31:18] Waiting for available CPU/GPU capacity. waiting=476, running=16
[2026-07-16T21:31:41] Started split_timemixer | split_timemixer_094_half_quarterly_medium_mag_noise10_lt1 | run_3 | freq=7 | noise=1 | magnitude=100 | lead_time=1 | PID 3978881 | GPU 5
[2026-07-16T21:32:18] Started local_timemixer | local_timemixer_046_half_yearly_high_mag_noise0_lt1 | run_5 | freq=26 | noise=1 | magnitude=200 | lead_time=1 | PID 3979980 | GPU 6
[2026-07-16T21:32:21] Started local_timemixer | local_timemixer_046_half_yearly_high_mag_noise0_lt1 | run_9 | freq=26 | noise=1 | magnitude=200 | lead_time=1 | PID 3979987 | GPU 6
[2026-07-16T21:33:13] Finished local_patchtst | local_patchtst_037_half_yearly_medium_mag_noise0_lt1 | run_1 | freq=26 | noise=1 | magnitude=100 | lead_time=1
[2026-07-16T21:34:05] Started split_patchtst | split_patchtst_101_half_quarterly_high_mag_noise0_lt2 | run_9 | freq=7 | noise=1 | magnitude=200 | lead_time=2 | PID 3982847 | GPU 3
[2026-07-16T21:34:08] Started split_patchtst | split_patchtst_102_half_quarterly_high_mag_noise0_lt3 | run_7 | freq=7 | noise=1 | magnitude=200 | lead_time=3 | PID 3982918 | GPU 3
[2026-07-16T21:34:12] Finished local_patchtst | local_patchtst_085_half_quarterly_low_mag_noise10_lt1 | run_5 | freq=7 | noise=1 | magnitude=50 | lead_time=1
[2026-07-16T21:34:13] Started local_timemixer | local_timemixer_022_yearly_high_mag_noise10_lt1 | run_3 | freq=52 | noise=1 | magnitude=200 | lead_time=1 | PID 3982980 | GPU 3
[2026-07-16T21:34:28] Started split_timemixer | split_timemixer_025_yearly_high_mag_noise100_lt1 | run_1 | freq=52 | noise=1 | magnitude=200 | lead_time=1 | PID 3983508 | GPU 2
[2026-07-16T21:35:00] Started split_patchtst | split_patchtst_007_yearly_low_mag_noise100_lt1 | run_5 | freq=52 | noise=1 | magnitude=50 | lead_time=1 | PID 3984228 | GPU 0
[2026-07-16T21:35:07] Started split_patchtst | split_patchtst_036_half_yearly_low_mag_noise100_lt3 | run_7 | freq=26 | noise=1 | magnitude=50 | lead_time=3 | PID 3984474 | GPU 4
[2026-07-16T21:35:10] Started split_patchtst | split_patchtst_041_half_yearly_medium_mag_noise10_lt2 | run_9 | freq=26 | noise=1 | magnitude=100 | lead_time=2 | PID 3984481 | GPU 4
[2026-07-16T21:35:13] Started split_patchtst | split_patchtst_042_half_yearly_medium_mag_noise10_lt3 | run_3 | freq=26 | noise=1 | magnitude=100 | lead_time=3 | PID 3984489 | GPU 7
[2026-07-16T21:35:17] Started split_patchtst | split_patchtst_043_half_yearly_medium_mag_noise100_lt1 | run_1 | freq=26 | noise=1 | magnitude=100 | lead_time=1 | PID 3984500 | GPU 7
[2026-07-16T21:35:20] Started split_patchtst | split_patchtst_043_half_yearly_medium_mag_noise100_lt1 | run_5 | freq=26 | noise=1 | magnitude=100 | lead_time=1 | PID 3984508 | GPU 0
[2026-07-16T21:35:31] Finished local_timemixer | local_timemixer_090_half_quarterly_low_mag_noise100_lt3 | run_7 | freq=7 | noise=1 | magnitude=50 | lead_time=3
[2026-07-16T21:36:23] Waiting for available CPU/GPU capacity. waiting=463, running=17
[2026-07-16T21:36:25] Started local_timemixer | local_timemixer_022_yearly_high_mag_noise10_lt1 | run_7 | freq=52 | noise=1 | magnitude=200 | lead_time=1 | PID 3986299 | GPU 0
[2026-07-16T21:36:28] Started local_timemixer | local_timemixer_023_yearly_high_mag_noise10_lt2 | run_1 | freq=52 | noise=1 | magnitude=200 | lead_time=2 | PID 3986306 | GPU 4
[2026-07-16T21:36:32] Started local_timemixer | local_timemixer_023_yearly_high_mag_noise10_lt2 | run_9 | freq=52 | noise=1 | magnitude=200 | lead_time=2 | PID 3986314 | GPU 4
[2026-07-16T21:36:35] Started local_timemixer | local_timemixer_024_yearly_high_mag_noise10_lt3 | run_3 | freq=52 | noise=1 | magnitude=200 | lead_time=3 | PID 3986322 | GPU 7
[2026-07-16T21:36:38] Started local_timemixer | local_timemixer_027_yearly_high_mag_noise100_lt3 | run_9 | freq=52 | noise=1 | magnitude=200 | lead_time=3 | PID 3986330 | GPU 7
[2026-07-16T21:36:50] Started split_timemixer | split_timemixer_004_yearly_low_mag_noise10_lt1 | run_7 | freq=52 | noise=1 | magnitude=50 | lead_time=1 | PID 3986730 | GPU 0
[2026-07-16T21:36:55] Started split_timemixer | split_timemixer_019_yearly_high_mag_noise0_lt1 | run_1 | freq=52 | noise=1 | magnitude=200 | lead_time=1 | PID 3986869 | GPU 3
[2026-07-16T21:37:38] Finished split_patchtst | split_patchtst_043_half_yearly_medium_mag_noise100_lt1 | run_5 | freq=26 | noise=1 | magnitude=100 | lead_time=1
[2026-07-16T21:37:50] Started split_timemixer | split_timemixer_035_half_yearly_low_mag_noise100_lt2 | run_5 | freq=26 | noise=1 | magnitude=50 | lead_time=2 | PID 3988320 | GPU 5
[2026-07-16T21:38:11] Started local_patchtst | local_patchtst_042_half_yearly_medium_mag_noise10_lt3 | run_3 | freq=26 | noise=1 | magnitude=100 | lead_time=3 | PID 3989031 | GPU 6
[2026-07-16T21:38:14] Started local_patchtst | local_patchtst_042_half_yearly_medium_mag_noise10_lt3 | run_7 | freq=26 | noise=1 | magnitude=100 | lead_time=3 | PID 3989112 | GPU 6
[2026-07-16T21:38:38] Finished local_timemixer | local_timemixer_046_half_yearly_high_mag_noise0_lt1 | run_9 | freq=26 | noise=1 | magnitude=200 | lead_time=1
[2026-07-16T21:38:42] Started local_timemixer | local_timemixer_069_quarterly_medium_mag_noise10_lt3 | run_9 | freq=13 | noise=1 | magnitude=100 | lead_time=3 | PID 3989683 | GPU 6
[2026-07-16T21:38:47] Started local_timemixer | local_timemixer_081_quarterly_high_mag_noise100_lt3 | run_9 | freq=13 | noise=1 | magnitude=200 | lead_time=3 | PID 3989710 | GPU 6
[2026-07-16T21:38:58] Started split_timemixer | split_timemixer_040_half_yearly_medium_mag_noise10_lt1 | run_3 | freq=26 | noise=1 | magnitude=100 | lead_time=1 | PID 3989997 | GPU 1
[2026-07-16T21:39:01] Started split_timemixer | split_timemixer_040_half_yearly_medium_mag_noise10_lt1 | run_7 | freq=26 | noise=1 | magnitude=100 | lead_time=1 | PID 3990009 | GPU 1
[2026-07-16T21:39:42] Finished split_timemixer | split_timemixer_020_yearly_high_mag_noise0_lt2 | run_7 | freq=52 | noise=1 | magnitude=200 | lead_time=2
[2026-07-16T21:40:01] Started split_timemixer | split_timemixer_082_half_quarterly_low_mag_noise0_lt1 | run_3 | freq=7 | noise=1 | magnitude=50 | lead_time=1 | PID 3991754 | GPU 3
[2026-07-16T21:40:30] Started split_patchtst | split_patchtst_054_half_yearly_high_mag_noise100_lt3 | run_7 | freq=26 | noise=1 | magnitude=200 | lead_time=3 | PID 3992468 | GPU 5
[2026-07-16T21:40:39] Finished local_timemixer | local_timemixer_022_yearly_high_mag_noise10_lt1 | run_3 | freq=52 | noise=1 | magnitude=200 | lead_time=1
[2026-07-16T21:41:30] Waiting for available CPU/GPU capacity. waiting=447, running=18
[2026-07-16T21:41:31] Finished local_patchtst | local_patchtst_042_half_yearly_medium_mag_noise10_lt3 | run_7 | freq=26 | noise=1 | magnitude=100 | lead_time=3
[2026-07-16T21:42:09] Started split_patchtst | split_patchtst_003_yearly_low_mag_noise0_lt3 | run_1 | freq=52 | noise=1 | magnitude=50 | lead_time=3 | PID 3995361 | GPU 5
[2026-07-16T21:42:24] Finished local_timemixer | local_timemixer_023_yearly_high_mag_noise10_lt2 | run_1 | freq=52 | noise=1 | magnitude=200 | lead_time=2
[2026-07-16T21:42:27] Started local_timemixer | local_timemixer_059_quarterly_low_mag_noise10_lt2 | run_5 | freq=13 | noise=1 | magnitude=50 | lead_time=2 | PID 3995848 | GPU 4
[2026-07-16T21:42:30] Started local_timemixer | local_timemixer_062_quarterly_low_mag_noise100_lt2 | run_3 | freq=13 | noise=1 | magnitude=50 | lead_time=2 | PID 3995858 | GPU 4
[2026-07-16T21:43:14] Started split_patchtst | split_patchtst_051_half_yearly_high_mag_noise10_lt3 | run_9 | freq=26 | noise=1 | magnitude=200 | lead_time=3 | PID 3997030 | GPU 7
[2026-07-16T21:43:17] Started split_patchtst | split_patchtst_052_half_yearly_high_mag_noise100_lt1 | run_3 | freq=26 | noise=1 | magnitude=200 | lead_time=1 | PID 3997114 | GPU 7
[2026-07-16T21:43:26] Finished split_patchtst | split_patchtst_054_half_yearly_high_mag_noise100_lt3 | run_7 | freq=26 | noise=1 | magnitude=200 | lead_time=3
[2026-07-16T21:43:34] Started split_timemixer | split_timemixer_003_yearly_low_mag_noise0_lt3 | run_1 | freq=52 | noise=1 | magnitude=50 | lead_time=3 | PID 3997560 | GPU 0
[2026-07-16T21:44:05] Started local_patchtst | local_patchtst_087_half_quarterly_low_mag_noise10_lt3 | run_1 | freq=7 | noise=1 | magnitude=50 | lead_time=3 | PID 3998193 | GPU 5
[2026-07-16T21:44:14] Started split_patchtst | split_patchtst_031_half_yearly_low_mag_noise10_lt1 | run_9 | freq=26 | noise=1 | magnitude=50 | lead_time=1 | PID 3998489 | GPU 2
[2026-07-16T21:44:36] Started split_timemixer | split_timemixer_025_yearly_high_mag_noise100_lt1 | run_5 | freq=52 | noise=1 | magnitude=200 | lead_time=1 | PID 3999053 | GPU 7
[2026-07-16T21:44:39] Started split_timemixer | split_timemixer_025_yearly_high_mag_noise100_lt1 | run_9 | freq=52 | noise=1 | magnitude=200 | lead_time=1 | PID 3999133 | GPU 7
[2026-07-16T21:45:21] Finished split_patchtst | split_patchtst_052_half_yearly_high_mag_noise100_lt1 | run_3 | freq=26 | noise=1 | magnitude=200 | lead_time=1
[2026-07-16T21:45:22] Started local_timemixer | local_timemixer_032_half_yearly_low_mag_noise10_lt2 | run_8 | freq=26 | noise=1 | magnitude=50 | lead_time=2 | PID 4000269 | GPU 5
[2026-07-16T21:45:25] Started local_timemixer | local_timemixer_033_half_yearly_low_mag_noise10_lt3 | run_2 | freq=26 | noise=1 | magnitude=50 | lead_time=3 | PID 4000280 | GPU 5
[2026-07-16T21:45:44] Started split_timemixer | split_timemixer_070_quarterly_medium_mag_noise100_lt1 | run_3 | freq=13 | noise=1 | magnitude=100 | lead_time=1 | PID 4000621 | GPU 0
[2026-07-16T21:46:00] Started local_patchtst | local_patchtst_048_half_yearly_high_mag_noise0_lt3 | run_3 | freq=26 | noise=1 | magnitude=200 | lead_time=3 | PID 4001210 | GPU 6
[2026-07-16T21:46:23] Finished local_timemixer | local_timemixer_081_quarterly_high_mag_noise100_lt3 | run_9 | freq=13 | noise=1 | magnitude=200 | lead_time=3
[2026-07-16T21:46:31] Started split_timemixer | split_timemixer_001_yearly_low_mag_noise0_lt1 | run_9 | freq=52 | noise=1 | magnitude=50 | lead_time=1 | PID 4001990 | GPU 6
[2026-07-16T21:47:02] Started local_patchtst | local_patchtst_101_half_quarterly_high_mag_noise0_lt2 | run_9 | freq=7 | noise=1 | magnitude=200 | lead_time=2 | PID 4002636 | GPU 3
[2026-07-16T21:47:06] Started local_patchtst | local_patchtst_102_half_quarterly_high_mag_noise0_lt3 | run_7 | freq=7 | noise=1 | magnitude=200 | lead_time=3 | PID 4002713 | GPU 3
[2026-07-16T21:47:09] Started local_patchtst | local_patchtst_103_half_quarterly_high_mag_noise10_lt1 | run_1 | freq=7 | noise=1 | magnitude=200 | lead_time=1 | PID 4002916 | GPU 3
[2026-07-16T21:47:24] Finished split_patchtst | split_patchtst_031_half_yearly_low_mag_noise10_lt1 | run_9 | freq=26 | noise=1 | magnitude=50 | lead_time=1
[2026-07-16T21:47:52] Started local_patchtst | local_patchtst_035_half_yearly_low_mag_noise100_lt2 | run_9 | freq=26 | noise=1 | magnitude=50 | lead_time=2 | PID 4004051 | GPU 2
[2026-07-16T21:47:55] Started local_patchtst | local_patchtst_039_half_yearly_medium_mag_noise0_lt3 | run_1 | freq=26 | noise=1 | magnitude=100 | lead_time=3 | PID 4004058 | GPU 2
[2026-07-16T21:47:58] Started local_patchtst | local_patchtst_040_half_yearly_medium_mag_noise10_lt1 | run_3 | freq=26 | noise=1 | magnitude=100 | lead_time=1 | PID 4004067 | GPU 2
[2026-07-16T21:48:09] Started local_patchtst | local_patchtst_091_half_quarterly_medium_mag_noise0_lt1 | run_1 | freq=7 | noise=1 | magnitude=100 | lead_time=1 | PID 4004215 | GPU 1
[2026-07-16T21:48:20] Started split_patchtst | split_patchtst_061_quarterly_low_mag_noise100_lt1 | run_1 | freq=13 | noise=1 | magnitude=50 | lead_time=1 | PID 4004734 | GPU 1
[2026-07-16T21:48:29] Finished split_timemixer | split_timemixer_040_half_yearly_medium_mag_noise10_lt1 | run_7 | freq=26 | noise=1 | magnitude=100 | lead_time=1
[2026-07-16T21:48:41] Started split_timemixer | split_timemixer_045_half_yearly_medium_mag_noise100_lt3 | run_9 | freq=26 | noise=1 | magnitude=100 | lead_time=3 | PID 4005304 | GPU 4
[2026-07-16T21:48:45] Started split_timemixer | split_timemixer_051_half_yearly_high_mag_noise10_lt3 | run_9 | freq=26 | noise=1 | magnitude=200 | lead_time=3 | PID 4005345 | GPU 1
[2026-07-16T21:48:57] Started split_timemixer | split_timemixer_105_half_quarterly_high_mag_noise10_lt3 | run_9 | freq=7 | noise=1 | magnitude=200 | lead_time=3 | PID 4005545 | GPU 3
[2026-07-16T21:49:06] Started local_patchtst | local_patchtst_040_half_yearly_medium_mag_noise10_lt1 | run_7 | freq=26 | noise=1 | magnitude=100 | lead_time=1 | PID 4005659 | GPU 4
[2026-07-16T21:49:29] Finished local_patchtst | local_patchtst_103_half_quarterly_high_mag_noise10_lt1 | run_1 | freq=7 | noise=1 | magnitude=200 | lead_time=1
[2026-07-16T21:49:40] Started split_timemixer | split_timemixer_023_yearly_high_mag_noise10_lt2 | run_9 | freq=52 | noise=1 | magnitude=200 | lead_time=2 | PID 4006652 | GPU 3
[2026-07-16T21:49:46] Started split_timemixer | split_timemixer_050_half_yearly_high_mag_noise10_lt2 | run_7 | freq=26 | noise=1 | magnitude=200 | lead_time=2 | PID 4006843 | GPU 2
[2026-07-16T21:50:23] Finished local_patchtst | local_patchtst_040_half_yearly_medium_mag_noise10_lt1 | run_3 | freq=26 | noise=1 | magnitude=100 | lead_time=1
[2026-07-16T21:50:42] Started split_timemixer | split_timemixer_094_half_quarterly_medium_mag_noise10_lt1 | run_7 | freq=7 | noise=1 | magnitude=100 | lead_time=1 | PID 4008229 | GPU 4
[2026-07-16T21:51:10] Started split_patchtst | split_patchtst_078_quarterly_high_mag_noise10_lt3 | run_7 | freq=13 | noise=1 | magnitude=200 | lead_time=3 | PID 4009082 | GPU 1
[2026-07-16T21:51:16] Finished split_patchtst | split_patchtst_061_quarterly_low_mag_noise100_lt1 | run_1 | freq=13 | noise=1 | magnitude=50 | lead_time=1
[2026-07-16T21:51:48] Started local_patchtst | local_patchtst_071_quarterly_medium_mag_noise100_lt2 | run_5 | freq=13 | noise=1 | magnitude=100 | lead_time=2 | PID 4010004 | GPU 5
[2026-07-16T21:51:56] Started local_patchtst | local_patchtst_107_half_quarterly_high_mag_noise100_lt2 | run_1 | freq=7 | noise=1 | magnitude=200 | lead_time=2 | PID 4010104 | GPU 2
[2026-07-16T21:52:06] Started split_patchtst | split_patchtst_060_quarterly_low_mag_noise10_lt3 | run_7 | freq=13 | noise=1 | magnitude=50 | lead_time=3 | PID 4010286 | GPU 5
[2026-07-16T21:52:14] Finished local_timemixer | local_timemixer_033_half_yearly_low_mag_noise10_lt3 | run_2 | freq=26 | noise=1 | magnitude=50 | lead_time=3
[2026-07-16T21:52:23] Started split_timemixer | split_timemixer_013_yearly_medium_mag_noise10_lt1 | run_9 | freq=52 | noise=1 | magnitude=100 | lead_time=1 | PID 4011051 | GPU 5
[2026-07-16T21:52:50] Started local_patchtst | local_patchtst_085_half_quarterly_low_mag_noise10_lt1 | run_1 | freq=7 | noise=1 | magnitude=50 | lead_time=1 | PID 4011623 | GPU 1
[2026-07-16T21:53:06] Finished local_patchtst | local_patchtst_040_half_yearly_medium_mag_noise10_lt1 | run_7 | freq=26 | noise=1 | magnitude=100 | lead_time=1
[2026-07-16T21:53:09] Started local_timemixer | local_timemixer_054_half_yearly_high_mag_noise100_lt3 | run_1 | freq=26 | noise=1 | magnitude=200 | lead_time=3 | PID 4011967 | GPU 7
[2026-07-16T21:53:14] Started local_timemixer | local_timemixer_070_quarterly_medium_mag_noise100_lt1 | run_7 | freq=13 | noise=1 | magnitude=100 | lead_time=1 | PID 4011996 | GPU 7
[2026-07-16T21:53:17] Started local_timemixer | local_timemixer_071_quarterly_medium_mag_noise100_lt2 | run_1 | freq=13 | noise=1 | magnitude=100 | lead_time=2 | PID 4012182 | GPU 0
[2026-07-16T21:53:20] Started local_timemixer | local_timemixer_071_quarterly_medium_mag_noise100_lt2 | run_5 | freq=13 | noise=1 | magnitude=100 | lead_time=2 | PID 4012190 | GPU 0
[2026-07-16T21:53:59] Started split_patchtst | split_patchtst_044_half_yearly_medium_mag_noise100_lt2 | run_3 | freq=26 | noise=1 | magnitude=100 | lead_time=2 | PID 4013311 | GPU 2
[2026-07-16T21:54:09] Finished split_patchtst | split_patchtst_078_quarterly_high_mag_noise10_lt3 | run_7 | freq=13 | noise=1 | magnitude=200 | lead_time=3
[2026-07-16T21:54:32] Started local_patchtst | local_patchtst_010_yearly_medium_mag_noise0_lt1 | run_7 | freq=52 | noise=1 | magnitude=100 | lead_time=1 | PID 4014205 | GPU 6
[2026-07-16T21:54:35] Started local_patchtst | local_patchtst_011_yearly_medium_mag_noise0_lt2 | run_1 | freq=52 | noise=1 | magnitude=100 | lead_time=2 | PID 4014215 | GPU 6
[2026-07-16T21:54:41] Started local_patchtst | local_patchtst_031_half_yearly_low_mag_noise10_lt1 | run_1 | freq=26 | noise=1 | magnitude=50 | lead_time=1 | PID 4014273 | GPU 1
[2026-07-16T21:55:00] Started split_patchtst | split_patchtst_070_quarterly_medium_mag_noise100_lt1 | run_7 | freq=13 | noise=1 | magnitude=100 | lead_time=1 | PID 4014885 | GPU 5
[2026-07-16T21:55:07] Finished split_patchtst | split_patchtst_060_quarterly_low_mag_noise10_lt3 | run_7 | freq=13 | noise=1 | magnitude=50 | lead_time=3
[2026-07-16T21:55:08] Started local_timemixer | local_timemixer_030_half_yearly_low_mag_noise0_lt3 | run_4 | freq=26 | noise=1 | magnitude=50 | lead_time=3 | PID 4015006 | GPU 6
[2026-07-16T21:55:49] Started split_patchtst | split_patchtst_034_half_yearly_low_mag_noise100_lt1 | run_7 | freq=26 | noise=1 | magnitude=50 | lead_time=1 | PID 4016039 | GPU 2
[2026-07-16T21:56:27] Started local_patchtst | local_patchtst_059_quarterly_low_mag_noise10_lt2 | run_1 | freq=13 | noise=1 | magnitude=50 | lead_time=2 | PID 4017247 | GPU 1
[2026-07-16T21:56:37] Started local_patchtst | local_patchtst_107_half_quarterly_high_mag_noise100_lt2 | run_5 | freq=7 | noise=1 | magnitude=200 | lead_time=2 | PID 4017476 | GPU 2
[2026-07-16T21:56:50] Finished local_patchtst | local_patchtst_011_yearly_medium_mag_noise0_lt2 | run_1 | freq=52 | noise=1 | magnitude=100 | lead_time=2
[2026-07-16T21:56:56] Started local_timemixer | local_timemixer_094_half_quarterly_medium_mag_noise10_lt1 | run_3 | freq=7 | noise=1 | magnitude=100 | lead_time=1 | PID 4017797 | GPU 6
[2026-07-16T21:57:06] Started split_timemixer | split_timemixer_052_half_yearly_high_mag_noise100_lt1 | run_3 | freq=26 | noise=1 | magnitude=200 | lead_time=1 | PID 4017930 | GPU 1
[2026-07-16T21:57:24] Started local_patchtst | local_patchtst_046_half_yearly_high_mag_noise0_lt1 | run_7 | freq=26 | noise=1 | magnitude=200 | lead_time=1 | PID 4018443 | GPU 2
[2026-07-16T21:57:27] Started local_patchtst | local_patchtst_047_half_yearly_high_mag_noise0_lt2 | run_5 | freq=26 | noise=1 | magnitude=200 | lead_time=2 | PID 4018548 | GPU 2
[2026-07-16T21:57:48] Finished split_patchtst | split_patchtst_034_half_yearly_low_mag_noise100_lt1 | run_7 | freq=26 | noise=1 | magnitude=50 | lead_time=1
[2026-07-16T21:57:56] Started split_timemixer | split_timemixer_005_yearly_low_mag_noise10_lt2 | run_9 | freq=52 | noise=1 | magnitude=50 | lead_time=2 | PID 4019361 | GPU 5
[2026-07-16T21:57:59] Started split_timemixer | split_timemixer_006_yearly_low_mag_noise10_lt3 | run_7 | freq=52 | noise=1 | magnitude=50 | lead_time=3 | PID 4019369 | GPU 5
[2026-07-16T21:58:14] Started split_timemixer | split_timemixer_099_half_quarterly_medium_mag_noise100_lt3 | run_9 | freq=7 | noise=1 | magnitude=100 | lead_time=3 | PID 4019593 | GPU 4
[2026-07-16T21:58:32] Started split_patchtst | split_patchtst_002_yearly_low_mag_noise0_lt2 | run_3 | freq=52 | noise=1 | magnitude=50 | lead_time=2 | PID 4020104 | GPU 2
[2026-07-16T21:58:46] Started split_patchtst | split_patchtst_108_half_quarterly_high_mag_noise100_lt3 | run_3 | freq=7 | noise=1 | magnitude=200 | lead_time=3 | PID 4020542 | GPU 3
[2026-07-16T21:58:49] Started split_patchtst | split_patchtst_108_half_quarterly_high_mag_noise100_lt3 | run_7 | freq=7 | noise=1 | magnitude=200 | lead_time=3 | PID 4020624 | GPU 3
[2026-07-16T21:58:52] Finished local_patchtst | local_patchtst_107_half_quarterly_high_mag_noise100_lt2 | run_5 | freq=7 | noise=1 | magnitude=200 | lead_time=2
[2026-07-16T21:58:53] Started local_timemixer | local_timemixer_028_half_yearly_low_mag_noise0_lt1 | run_3 | freq=26 | noise=1 | magnitude=50 | lead_time=1 | PID 4020730 | GPU 3
[2026-07-16T21:59:06] Started split_timemixer | split_timemixer_038_half_yearly_medium_mag_noise0_lt2 | run_7 | freq=26 | noise=1 | magnitude=100 | lead_time=2 | PID 4020959 | GPU 0
[2026-07-16T21:59:10] Started split_timemixer | split_timemixer_039_half_yearly_medium_mag_noise0_lt3 | run_5 | freq=26 | noise=1 | magnitude=100 | lead_time=3 | PID 4020972 | GPU 7
[2026-07-16T21:59:13] Started split_timemixer | split_timemixer_041_half_yearly_medium_mag_noise10_lt2 | run_5 | freq=26 | noise=1 | magnitude=100 | lead_time=2 | PID 4020982 | GPU 7
[2026-07-16T21:59:17] Started split_timemixer | split_timemixer_044_half_yearly_medium_mag_noise100_lt2 | run_3 | freq=26 | noise=1 | magnitude=100 | lead_time=2 | PID 4020991 | GPU 2
[2026-07-16T21:59:38] Started local_patchtst | local_patchtst_075_quarterly_high_mag_noise0_lt3 | run_1 | freq=13 | noise=1 | magnitude=200 | lead_time=3 | PID 4021690 | GPU 0
[2026-07-16T21:59:44] Started local_patchtst | local_patchtst_096_half_quarterly_medium_mag_noise10_lt3 | run_7 | freq=7 | noise=1 | magnitude=100 | lead_time=3 | PID 4021758 | GPU 1
[2026-07-16T21:59:55] Started split_patchtst | split_patchtst_076_quarterly_high_mag_noise10_lt1 | run_3 | freq=13 | noise=1 | magnitude=200 | lead_time=1 | PID 4021953 | GPU 4
[2026-07-16T22:00:01] Finished local_patchtst | local_patchtst_047_half_yearly_high_mag_noise0_lt2 | run_5 | freq=26 | noise=1 | magnitude=200 | lead_time=2
[2026-07-16T22:00:44] Waiting for available CPU/GPU capacity. waiting=380, running=17
[2026-07-16T22:00:45] Finished split_patchtst | split_patchtst_002_yearly_low_mag_noise0_lt2 | run_3 | freq=52 | noise=1 | magnitude=50 | lead_time=2
[2026-07-16T22:01:14] Started local_patchtst | local_patchtst_077_quarterly_high_mag_noise10_lt2 | run_1 | freq=13 | noise=1 | magnitude=200 | lead_time=2 | PID 4024560 | GPU 2
[2026-07-16T22:01:21] Started split_patchtst | split_patchtst_003_yearly_low_mag_noise0_lt3 | run_9 | freq=52 | noise=1 | magnitude=50 | lead_time=3 | PID 4024808 | GPU 1
[2026-07-16T22:01:34] Finished split_patchtst | split_patchtst_108_half_quarterly_high_mag_noise100_lt3 | run_7 | freq=7 | noise=1 | magnitude=200 | lead_time=3
[2026-07-16T22:01:39] Started local_timemixer | local_timemixer_089_half_quarterly_low_mag_noise100_lt2 | run_5 | freq=7 | noise=1 | magnitude=50 | lead_time=2 | PID 4025369 | GPU 6
[2026-07-16T22:01:43] Started local_timemixer | local_timemixer_089_half_quarterly_low_mag_noise100_lt2 | run_9 | freq=7 | noise=1 | magnitude=50 | lead_time=2 | PID 4025517 | GPU 6
[2026-07-16T22:02:23] Finished local_timemixer | local_timemixer_094_half_quarterly_medium_mag_noise10_lt1 | run_3 | freq=7 | noise=1 | magnitude=100 | lead_time=1
[2026-07-16T22:02:36] Started split_timemixer | split_timemixer_060_quarterly_low_mag_noise10_lt3 | run_3 | freq=13 | noise=1 | magnitude=50 | lead_time=3 | PID 4026819 | GPU 3
[2026-07-16T22:03:04] Started split_patchtst | split_patchtst_059_quarterly_low_mag_noise10_lt2 | run_1 | freq=13 | noise=1 | magnitude=50 | lead_time=2 | PID 4027619 | GPU 4
[2026-07-16T22:03:12] Finished split_patchtst | split_patchtst_076_quarterly_high_mag_noise10_lt1 | run_3 | freq=13 | noise=1 | magnitude=200 | lead_time=1
[2026-07-16T22:03:24] Started split_timemixer | split_timemixer_059_quarterly_low_mag_noise10_lt2 | run_9 | freq=13 | noise=1 | magnitude=50 | lead_time=2 | PID 4028100 | GPU 1
[2026-07-16T22:03:27] Started split_timemixer | split_timemixer_061_quarterly_low_mag_noise100_lt1 | run_1 | freq=13 | noise=1 | magnitude=50 | lead_time=1 | PID 4028107 | GPU 1
[2026-07-16T22:03:57] Started split_patchtst | split_patchtst_077_quarterly_high_mag_noise10_lt2 | run_1 | freq=13 | noise=1 | magnitude=200 | lead_time=2 | PID 4028922 | GPU 0
[2026-07-16T22:04:03] Finished local_patchtst | local_patchtst_077_quarterly_high_mag_noise10_lt2 | run_1 | freq=13 | noise=1 | magnitude=200 | lead_time=2
[2026-07-16T22:04:43] Started split_patchtst | split_patchtst_075_quarterly_high_mag_noise0_lt3 | run_9 | freq=13 | noise=1 | magnitude=200 | lead_time=3 | PID 4039893 | GPU 4
[2026-07-16T22:04:49] Finished split_patchtst | split_patchtst_003_yearly_low_mag_noise0_lt3 | run_9 | freq=52 | noise=1 | magnitude=50 | lead_time=3
[2026-07-16T22:04:50] Started local_timemixer | local_timemixer_029_half_yearly_low_mag_noise0_lt2 | run_6 | freq=26 | noise=1 | magnitude=50 | lead_time=2 | PID 4039964 | GPU 2
[2026-07-16T22:04:53] Started local_timemixer | local_timemixer_034_half_yearly_low_mag_noise100_lt1 | run_2 | freq=26 | noise=1 | magnitude=50 | lead_time=1 | PID 4040049 | GPU 2
[2026-07-16T22:04:59] Started local_timemixer | local_timemixer_067_quarterly_medium_mag_noise10_lt1 | run_5 | freq=13 | noise=1 | magnitude=100 | lead_time=1 | PID 4040167 | GPU 0
[2026-07-16T22:05:02] Started local_timemixer | local_timemixer_069_quarterly_medium_mag_noise10_lt3 | run_1 | freq=13 | noise=1 | magnitude=100 | lead_time=3 | PID 4040196 | GPU 0
[2026-07-16T22:05:19] Started split_timemixer | split_timemixer_096_half_quarterly_medium_mag_noise10_lt3 | run_7 | freq=7 | noise=1 | magnitude=100 | lead_time=3 | PID 4040664 | GPU 4
[2026-07-16T22:05:47] Finished split_patchtst | split_patchtst_059_quarterly_low_mag_noise10_lt2 | run_1 | freq=13 | noise=1 | magnitude=50 | lead_time=2
[2026-07-16T22:05:51] Started local_timemixer | local_timemixer_072_quarterly_medium_mag_noise100_lt3 | run_3 | freq=13 | noise=1 | magnitude=100 | lead_time=3 | PID 4041479 | GPU 3
[2026-07-16T22:06:01] Started split_timemixer | split_timemixer_047_half_yearly_high_mag_noise0_lt2 | run_1 | freq=26 | noise=1 | magnitude=200 | lead_time=2 | PID 4041758 | GPU 4
[2026-07-16T22:07:17] Waiting for available CPU/GPU capacity. waiting=363, running=19
[2026-07-16T22:07:18] Finished split_patchtst | split_patchtst_077_quarterly_high_mag_noise10_lt2 | run_1 | freq=13 | noise=1 | magnitude=200 | lead_time=2
[2026-07-16T22:07:59] Started split_patchtst | split_patchtst_106_half_quarterly_high_mag_noise100_lt1 | run_7 | freq=7 | noise=1 | magnitude=200 | lead_time=1 | PID 4045056 | GPU 5
[2026-07-16T22:08:02] Started split_patchtst | split_patchtst_107_half_quarterly_high_mag_noise100_lt2 | run_1 | freq=7 | noise=1 | magnitude=200 | lead_time=2 | PID 4045171 | GPU 6
[2026-07-16T22:08:06] Started split_patchtst | split_patchtst_107_half_quarterly_high_mag_noise100_lt2 | run_9 | freq=7 | noise=1 | magnitude=200 | lead_time=2 | PID 4045182 | GPU 6
[2026-07-16T22:08:09] Finished split_patchtst | split_patchtst_075_quarterly_high_mag_noise0_lt3 | run_9 | freq=13 | noise=1 | magnitude=200 | lead_time=3
[2026-07-16T22:08:10] Started local_timemixer | local_timemixer_028_half_yearly_low_mag_noise0_lt1 | run_7 | freq=26 | noise=1 | magnitude=50 | lead_time=1 | PID 4045202 | GPU 5
[2026-07-16T22:08:13] Started local_timemixer | local_timemixer_035_half_yearly_low_mag_noise100_lt2 | run_5 | freq=26 | noise=1 | magnitude=50 | lead_time=2 | PID 4045246 | GPU 5
[2026-07-16T22:08:51] Started split_patchtst | split_patchtst_035_half_yearly_low_mag_noise100_lt2 | run_9 | freq=26 | noise=1 | magnitude=50 | lead_time=2 | PID 4046076 | GPU 5
[2026-07-16T22:09:00] Finished split_timemixer | split_timemixer_041_half_yearly_medium_mag_noise10_lt2 | run_5 | freq=26 | noise=1 | magnitude=100 | lead_time=2
[2026-07-16T22:09:01] Started local_timemixer | local_timemixer_045_half_yearly_medium_mag_noise100_lt3 | run_3 | freq=26 | noise=1 | magnitude=100 | lead_time=3 | PID 4046294 | GPU 7
[2026-07-16T22:09:04] Started local_timemixer | local_timemixer_045_half_yearly_medium_mag_noise100_lt3 | run_7 | freq=26 | noise=1 | magnitude=100 | lead_time=3 | PID 4046471 | GPU 7
[2026-07-16T22:09:24] Started split_timemixer | split_timemixer_103_half_quarterly_high_mag_noise10_lt1 | run_9 | freq=7 | noise=1 | magnitude=200 | lead_time=1 | PID 4047023 | GPU 6
[2026-07-16T22:09:27] Started split_timemixer | split_timemixer_104_half_quarterly_high_mag_noise10_lt2 | run_3 | freq=7 | noise=1 | magnitude=200 | lead_time=2 | PID 4047208 | GPU 6
[2026-07-16T22:09:53] Finished split_patchtst | split_patchtst_107_half_quarterly_high_mag_noise100_lt2 | run_9 | freq=7 | noise=1 | magnitude=200 | lead_time=2
[2026-07-16T22:10:33] Waiting for available CPU/GPU capacity. waiting=353, running=19
[2026-07-16T22:10:34] Finished local_timemixer | local_timemixer_034_half_yearly_low_mag_noise100_lt1 | run_2 | freq=26 | noise=1 | magnitude=50 | lead_time=1
[2026-07-16T22:10:37] Started local_timemixer | local_timemixer_083_half_quarterly_low_mag_noise0_lt2 | run_5 | freq=7 | noise=1 | magnitude=50 | lead_time=2 | PID 4049105 | GPU 2
[2026-07-16T22:10:41] Started local_timemixer | local_timemixer_084_half_quarterly_low_mag_noise0_lt3 | run_3 | freq=7 | noise=1 | magnitude=50 | lead_time=3 | PID 4049116 | GPU 2
[2026-07-16T22:11:07] Started local_patchtst | local_patchtst_077_quarterly_high_mag_noise10_lt2 | run_9 | freq=13 | noise=1 | magnitude=200 | lead_time=2 | PID 4049650 | GPU 0
[2026-07-16T22:11:23] Finished split_patchtst | split_patchtst_106_half_quarterly_high_mag_noise100_lt1 | run_7 | freq=7 | noise=1 | magnitude=200 | lead_time=1
[2026-07-16T22:11:27] Started local_timemixer | local_timemixer_090_half_quarterly_low_mag_noise100_lt3 | run_3 | freq=7 | noise=1 | magnitude=50 | lead_time=3 | PID 4050012 | GPU 0
[2026-07-16T22:11:31] Started local_timemixer | local_timemixer_095_half_quarterly_medium_mag_noise10_lt2 | run_1 | freq=7 | noise=1 | magnitude=100 | lead_time=2 | PID 4050208 | GPU 0
[2026-07-16T22:12:04] Started split_patchtst | split_patchtst_047_half_yearly_high_mag_noise0_lt2 | run_1 | freq=26 | noise=1 | magnitude=200 | lead_time=2 | PID 4051130 | GPU 1
[2026-07-16T22:12:08] Started split_patchtst | split_patchtst_047_half_yearly_high_mag_noise0_lt2 | run_5 | freq=26 | noise=1 | magnitude=200 | lead_time=2 | PID 4051152 | GPU 1
[2026-07-16T22:12:15] Finished local_timemixer | local_timemixer_069_quarterly_medium_mag_noise10_lt3 | run_1 | freq=13 | noise=1 | magnitude=100 | lead_time=3
[2026-07-16T22:12:54] Waiting for available CPU/GPU capacity. waiting=346, running=18
[2026-07-16T22:12:55] Finished split_patchtst | split_patchtst_035_half_yearly_low_mag_noise100_lt2 | run_9 | freq=26 | noise=1 | magnitude=50 | lead_time=2
[2026-07-16T22:13:27] Started split_patchtst | split_patchtst_010_yearly_medium_mag_noise0_lt1 | run_3 | freq=52 | noise=1 | magnitude=100 | lead_time=1 | PID 4053326 | GPU 1
[2026-07-16T22:13:30] Started split_patchtst | split_patchtst_010_yearly_medium_mag_noise0_lt1 | run_7 | freq=52 | noise=1 | magnitude=100 | lead_time=1 | PID 4053512 | GPU 1
[2026-07-16T22:13:36] Started split_patchtst | split_patchtst_034_half_yearly_low_mag_noise100_lt1 | run_3 | freq=26 | noise=1 | magnitude=50 | lead_time=1 | PID 4053612 | GPU 3
[2026-07-16T22:13:39] Started split_patchtst | split_patchtst_036_half_yearly_low_mag_noise100_lt3 | run_3 | freq=26 | noise=1 | magnitude=50 | lead_time=3 | PID 4053622 | GPU 3
[2026-07-16T22:13:47] Finished split_patchtst | split_patchtst_047_half_yearly_high_mag_noise0_lt2 | run_5 | freq=26 | noise=1 | magnitude=200 | lead_time=2
[2026-07-16T22:14:25] Waiting for available CPU/GPU capacity. waiting=342, running=17
[2026-07-16T22:14:26] Finished local_patchtst | local_patchtst_077_quarterly_high_mag_noise10_lt2 | run_9 | freq=13 | noise=1 | magnitude=200 | lead_time=2
[2026-07-16T22:14:49] Started local_patchtst | local_patchtst_044_half_yearly_medium_mag_noise100_lt2 | run_7 | freq=26 | noise=1 | magnitude=100 | lead_time=2 | PID 4055539 | GPU 1
[2026-07-16T22:14:53] Started local_patchtst | local_patchtst_045_half_yearly_medium_mag_noise100_lt3 | run_1 | freq=26 | noise=1 | magnitude=100 | lead_time=3 | PID 4055555 | GPU 1
[2026-07-16T22:14:56] Started local_patchtst | local_patchtst_045_half_yearly_medium_mag_noise100_lt3 | run_5 | freq=26 | noise=1 | magnitude=100 | lead_time=3 | PID 4055580 | GPU 3
[2026-07-16T22:14:59] Started local_patchtst | local_patchtst_047_half_yearly_high_mag_noise0_lt2 | run_9 | freq=26 | noise=1 | magnitude=200 | lead_time=2 | PID 4055588 | GPU 3
[2026-07-16T22:15:08] Started local_patchtst | local_patchtst_087_half_quarterly_low_mag_noise10_lt3 | run_5 | freq=7 | noise=1 | magnitude=50 | lead_time=3 | PID 4055688 | GPU 5
[2026-07-16T22:15:18] Started split_patchtst | split_patchtst_071_quarterly_medium_mag_noise100_lt2 | run_1 | freq=13 | noise=1 | magnitude=100 | lead_time=2 | PID 4055944 | GPU 5
[2026-07-16T22:15:24] Finished split_patchtst | split_patchtst_036_half_yearly_low_mag_noise100_lt3 | run_3 | freq=26 | noise=1 | magnitude=50 | lead_time=3
[2026-07-16T22:15:27] Started local_timemixer | local_timemixer_074_quarterly_high_mag_noise0_lt2 | run_7 | freq=13 | noise=1 | magnitude=200 | lead_time=2 | PID 4056117 | GPU 1
[2026-07-16T22:15:30] Started local_timemixer | local_timemixer_075_quarterly_high_mag_noise0_lt3 | run_1 | freq=13 | noise=1 | magnitude=200 | lead_time=3 | PID 4056216 | GPU 4
[2026-07-16T22:15:33] Started local_timemixer | local_timemixer_076_quarterly_high_mag_noise10_lt1 | run_3 | freq=13 | noise=1 | magnitude=200 | lead_time=1 | PID 4056432 | GPU 7
[2026-07-16T22:15:37] Started local_timemixer | local_timemixer_077_quarterly_high_mag_noise10_lt2 | run_1 | freq=13 | noise=1 | magnitude=200 | lead_time=2 | PID 4056520 | GPU 7
[2026-07-16T22:15:45] Started split_timemixer | split_timemixer_027_yearly_high_mag_noise100_lt3 | run_9 | freq=52 | noise=1 | magnitude=200 | lead_time=3 | PID 4056716 | GPU 5
[2026-07-16T22:15:51] Started split_timemixer | split_timemixer_058_quarterly_low_mag_noise10_lt1 | run_7 | freq=13 | noise=1 | magnitude=50 | lead_time=1 | PID 4056795 | GPU 4
[2026-07-16T22:15:58] Started split_timemixer | split_timemixer_086_half_quarterly_low_mag_noise10_lt2 | run_7 | freq=7 | noise=1 | magnitude=50 | lead_time=2 | PID 4056871 | GPU 3
[2026-07-16T22:16:01] Started split_timemixer | split_timemixer_089_half_quarterly_low_mag_noise100_lt2 | run_5 | freq=7 | noise=1 | magnitude=50 | lead_time=2 | PID 4056878 | GPU 3
[2026-07-16T22:16:27] Finished local_timemixer | local_timemixer_045_half_yearly_medium_mag_noise100_lt3 | run_7 | freq=26 | noise=1 | magnitude=100 | lead_time=3
[2026-07-16T22:16:47] Started local_patchtst | local_patchtst_016_yearly_medium_mag_noise100_lt1 | run_7 | freq=52 | noise=1 | magnitude=100 | lead_time=1 | PID 4057993 | GPU 2
[2026-07-16T22:16:57] Started local_patchtst | local_patchtst_083_half_quarterly_low_mag_noise0_lt2 | run_9 | freq=7 | noise=1 | magnitude=50 | lead_time=2 | PID 4058353 | GPU 2
[2026-07-16T22:17:11] Finished local_timemixer | local_timemixer_084_half_quarterly_low_mag_noise0_lt3 | run_3 | freq=7 | noise=1 | magnitude=50 | lead_time=3
[2026-07-16T22:17:17] Started split_timemixer | split_timemixer_012_yearly_medium_mag_noise0_lt3 | run_3 | freq=52 | noise=1 | magnitude=100 | lead_time=3 | PID 4058788 | GPU 1
[2026-07-16T22:17:22] Started split_timemixer | split_timemixer_031_half_yearly_low_mag_noise10_lt1 | run_1 | freq=26 | noise=1 | magnitude=50 | lead_time=1 | PID 4058940 | GPU 2
[2026-07-16T22:17:55] Finished split_patchtst | split_patchtst_071_quarterly_medium_mag_noise100_lt2 | run_1 | freq=13 | noise=1 | magnitude=100 | lead_time=2
[2026-07-16T22:18:12] Started split_timemixer | split_timemixer_108_half_quarterly_high_mag_noise100_lt3 | run_7 | freq=7 | noise=1 | magnitude=200 | lead_time=3 | PID 4060195 | GPU 5
[2026-07-16T22:18:15] Started local_patchtst | local_patchtst_002_yearly_low_mag_noise0_lt2 | run_3 | freq=52 | noise=1 | magnitude=50 | lead_time=2 | PID 4060264 | GPU 0
[2026-07-16T22:18:18] Started local_patchtst | local_patchtst_002_yearly_low_mag_noise0_lt2 | run_7 | freq=52 | noise=1 | magnitude=50 | lead_time=2 | PID 4060341 | GPU 0
[2026-07-16T22:18:22] Started local_patchtst | local_patchtst_003_yearly_low_mag_noise0_lt3 | run_1 | freq=52 | noise=1 | magnitude=50 | lead_time=3 | PID 4060406 | GPU 6
[2026-07-16T22:18:25] Started local_patchtst | local_patchtst_004_yearly_low_mag_noise10_lt1 | run_3 | freq=52 | noise=1 | magnitude=50 | lead_time=1 | PID 4060523 | GPU 6
[2026-07-16T22:18:48] Finished local_timemixer | local_timemixer_095_half_quarterly_medium_mag_noise10_lt2 | run_1 | freq=7 | noise=1 | magnitude=100 | lead_time=2
[2026-07-16T22:18:50] Started local_timemixer | local_timemixer_065_quarterly_medium_mag_noise0_lt2 | run_1 | freq=13 | noise=1 | magnitude=100 | lead_time=2 | PID 4061102 | GPU 0
[2026-07-16T22:18:56] Started split_timemixer | split_timemixer_001_yearly_low_mag_noise0_lt1 | run_1 | freq=52 | noise=1 | magnitude=50 | lead_time=1 | PID 4061167 | GPU 6
[2026-07-16T22:19:30] Finished local_patchtst | local_patchtst_016_yearly_medium_mag_noise100_lt1 | run_7 | freq=52 | noise=1 | magnitude=100 | lead_time=1
[2026-07-16T22:19:40] Started split_timemixer | split_timemixer_053_half_yearly_high_mag_noise100_lt2 | run_9 | freq=26 | noise=1 | magnitude=200 | lead_time=2 | PID 4062591 | GPU 3
[2026-07-16T22:19:52] Started local_patchtst | local_patchtst_019_yearly_high_mag_noise0_lt1 | run_1 | freq=52 | noise=1 | magnitude=200 | lead_time=1 | PID 4062775 | GPU 2
[2026-07-16T22:20:13] Finished local_patchtst | local_patchtst_083_half_quarterly_low_mag_noise0_lt2 | run_9 | freq=7 | noise=1 | magnitude=50 | lead_time=2
[2026-07-16T22:20:38] Started local_patchtst | local_patchtst_078_quarterly_high_mag_noise10_lt3 | run_7 | freq=13 | noise=1 | magnitude=200 | lead_time=3 | PID 4063898 | GPU 0
[2026-07-16T22:20:52] Finished local_patchtst | local_patchtst_003_yearly_low_mag_noise0_lt3 | run_1 | freq=52 | noise=1 | magnitude=50 | lead_time=3
[2026-07-16T22:21:06] Started split_timemixer | split_timemixer_095_half_quarterly_medium_mag_noise10_lt2 | run_1 | freq=7 | noise=1 | magnitude=100 | lead_time=2 | PID 4064736 | GPU 0
[2026-07-16T22:21:19] Started local_patchtst | local_patchtst_072_quarterly_medium_mag_noise100_lt3 | run_3 | freq=13 | noise=1 | magnitude=100 | lead_time=3 | PID 4064948 | GPU 6
[2026-07-16T22:21:34] Finished local_patchtst | local_patchtst_004_yearly_low_mag_noise10_lt1 | run_3 | freq=52 | noise=1 | magnitude=50 | lead_time=1
[2026-07-16T22:21:35] Started local_timemixer | local_timemixer_036_half_yearly_low_mag_noise100_lt3 | run_1 | freq=26 | noise=1 | magnitude=50 | lead_time=3 | PID 4065460 | GPU 7
[2026-07-16T22:21:38] Started local_timemixer | local_timemixer_036_half_yearly_low_mag_noise100_lt3 | run_9 | freq=26 | noise=1 | magnitude=50 | lead_time=3 | PID 4065474 | GPU 7
[2026-07-16T22:22:16] Finished local_timemixer | local_timemixer_077_quarterly_high_mag_noise10_lt2 | run_1 | freq=13 | noise=1 | magnitude=200 | lead_time=2
[2026-07-16T22:22:49] Started split_patchtst | split_patchtst_088_half_quarterly_low_mag_noise100_lt1 | run_3 | freq=7 | noise=1 | magnitude=50 | lead_time=1 | PID 4067410 | GPU 4
[2026-07-16T22:22:53] Started split_patchtst | split_patchtst_089_half_quarterly_low_mag_noise100_lt2 | run_1 | freq=7 | noise=1 | magnitude=50 | lead_time=2 | PID 4067426 | GPU 4
[2026-07-16T22:22:58] Finished local_patchtst | local_patchtst_019_yearly_high_mag_noise0_lt1 | run_1 | freq=52 | noise=1 | magnitude=200 | lead_time=1
[2026-07-16T22:22:58] Started local_timemixer | local_timemixer_037_half_yearly_medium_mag_noise0_lt1 | run_7 | freq=26 | noise=1 | magnitude=100 | lead_time=1 | PID 4067467 | GPU 4
[2026-07-16T22:23:03] Started local_timemixer | local_timemixer_063_quarterly_low_mag_noise100_lt3 | run_5 | freq=13 | noise=1 | magnitude=50 | lead_time=3 | PID 4067490 | GPU 2
[2026-07-16T22:23:17] Started split_timemixer | split_timemixer_091_half_quarterly_medium_mag_noise0_lt1 | run_5 | freq=7 | noise=1 | magnitude=100 | lead_time=1 | PID 4067775 | GPU 1
[2026-07-16T22:23:43] Finished local_patchtst | local_patchtst_044_half_yearly_medium_mag_noise100_lt2 | run_7 | freq=26 | noise=1 | magnitude=100 | lead_time=2
[2026-07-16T22:24:18] Waiting for available CPU/GPU capacity. waiting=305, running=19
[2026-07-16T22:24:19] Finished local_patchtst | local_patchtst_072_quarterly_medium_mag_noise100_lt3 | run_3 | freq=13 | noise=1 | magnitude=100 | lead_time=3
[2026-07-16T22:24:26] Started split_timemixer | split_timemixer_031_half_yearly_low_mag_noise10_lt1 | run_9 | freq=26 | noise=1 | magnitude=50 | lead_time=1 | PID 4069600 | GPU 2
[2026-07-16T22:24:29] Started split_timemixer | split_timemixer_032_half_yearly_low_mag_noise10_lt2 | run_3 | freq=26 | noise=1 | magnitude=50 | lead_time=2 | PID 4069625 | GPU 6
[2026-07-16T22:24:33] Started split_timemixer | split_timemixer_035_half_yearly_low_mag_noise100_lt2 | run_1 | freq=26 | noise=1 | magnitude=50 | lead_time=2 | PID 4069656 | GPU 6
[2026-07-16T22:25:03] Finished local_patchtst | local_patchtst_078_quarterly_high_mag_noise10_lt3 | run_7 | freq=13 | noise=1 | magnitude=200 | lead_time=3
[2026-07-16T22:25:04] Started local_timemixer | local_timemixer_046_half_yearly_high_mag_noise0_lt1 | run_1 | freq=26 | noise=1 | magnitude=200 | lead_time=1 | PID 4070781 | GPU 4
[2026-07-16T22:25:11] Started split_timemixer | split_timemixer_007_yearly_low_mag_noise100_lt1 | run_9 | freq=52 | noise=1 | magnitude=50 | lead_time=1 | PID 4070849 | GPU 5
[2026-07-16T22:25:44] Finished split_patchtst | split_patchtst_089_half_quarterly_low_mag_noise100_lt2 | run_1 | freq=7 | noise=1 | magnitude=50 | lead_time=2
[2026-07-16T22:26:17] Waiting for available CPU/GPU capacity. waiting=300, running=16
[2026-07-16T22:27:24] Started split_patchtst | split_patchtst_064_quarterly_medium_mag_noise0_lt1 | run_3 | freq=13 | noise=1 | magnitude=100 | lead_time=1 | PID 4074578 | GPU 0
[2026-07-16T22:27:30] Finished split_timemixer | split_timemixer_012_yearly_medium_mag_noise0_lt3 | run_3 | freq=52 | noise=1 | magnitude=100 | lead_time=3
[2026-07-16T22:27:40] Started split_timemixer | split_timemixer_063_quarterly_low_mag_noise100_lt3 | run_9 | freq=13 | noise=1 | magnitude=50 | lead_time=3 | PID 4075028 | GPU 0
[2026-07-16T22:27:43] Started split_timemixer | split_timemixer_064_quarterly_medium_mag_noise0_lt1 | run_3 | freq=13 | noise=1 | magnitude=100 | lead_time=1 | PID 4075037 | GPU 0
[2026-07-16T22:28:11] Finished local_timemixer | local_timemixer_036_half_yearly_low_mag_noise100_lt3 | run_1 | freq=26 | noise=1 | magnitude=50 | lead_time=3
[2026-07-16T22:28:12] Started local_timemixer | local_timemixer_038_half_yearly_medium_mag_noise0_lt2 | run_9 | freq=26 | noise=1 | magnitude=100 | lead_time=2 | PID 4075615 | GPU 1
[2026-07-16T22:28:18] Started local_timemixer | local_timemixer_108_half_quarterly_high_mag_noise100_lt3 | run_3 | freq=7 | noise=1 | magnitude=200 | lead_time=3 | PID 4075685 | GPU 7
[2026-07-16T22:28:51] Finished local_timemixer | local_timemixer_037_half_yearly_medium_mag_noise0_lt1 | run_7 | freq=26 | noise=1 | magnitude=100 | lead_time=1
[2026-07-16T22:28:58] Started split_timemixer | split_timemixer_036_half_yearly_low_mag_noise100_lt3 | run_3 | freq=26 | noise=1 | magnitude=50 | lead_time=3 | PID 4077022 | GPU 4
[2026-07-16T22:29:22] Started split_patchtst | split_patchtst_014_yearly_medium_mag_noise10_lt2 | run_7 | freq=52 | noise=1 | magnitude=100 | lead_time=2 | PID 4077399 | GPU 2
[2026-07-16T22:29:32] Finished local_timemixer | local_timemixer_063_quarterly_low_mag_noise100_lt3 | run_5 | freq=13 | noise=1 | magnitude=50 | lead_time=3
[2026-07-16T22:30:05] Waiting for available CPU/GPU capacity. waiting=293, running=18
[2026-07-16T22:30:06] Finished split_timemixer | split_timemixer_091_half_quarterly_medium_mag_noise0_lt1 | run_5 | freq=7 | noise=1 | magnitude=100 | lead_time=1
[2026-07-16T22:30:19] Started split_timemixer | split_timemixer_101_half_quarterly_high_mag_noise0_lt2 | run_1 | freq=7 | noise=1 | magnitude=200 | lead_time=2 | PID 4079074 | GPU 1
[2026-07-16T22:30:42] Finished local_timemixer | local_timemixer_046_half_yearly_high_mag_noise0_lt1 | run_1 | freq=26 | noise=1 | magnitude=200 | lead_time=1
[2026-07-16T22:30:47] Started split_timemixer | split_timemixer_013_yearly_medium_mag_noise10_lt1 | run_1 | freq=52 | noise=1 | magnitude=100 | lead_time=1 | PID 4079709 | GPU 3
[2026-07-16T22:30:57] Started split_timemixer | split_timemixer_085_half_quarterly_low_mag_noise10_lt1 | run_9 | freq=7 | noise=1 | magnitude=50 | lead_time=1 | PID 4080079 | GPU 2
[2026-07-16T22:31:00] Started split_timemixer | split_timemixer_086_half_quarterly_low_mag_noise10_lt2 | run_3 | freq=7 | noise=1 | magnitude=50 | lead_time=2 | PID 4080161 | GPU 2
[2026-07-16T22:31:18] Started split_patchtst | split_patchtst_005_yearly_low_mag_noise10_lt2 | run_9 | freq=52 | noise=1 | magnitude=50 | lead_time=2 | PID 4080605 | GPU 4
[2026-07-16T22:31:28] Finished split_patchtst | split_patchtst_064_quarterly_medium_mag_noise0_lt1 | run_3 | freq=13 | noise=1 | magnitude=100 | lead_time=1
[2026-07-16T22:31:45] Started local_patchtst | local_patchtst_028_half_yearly_low_mag_noise0_lt1 | run_3 | freq=26 | noise=1 | magnitude=50 | lead_time=1 | PID 4081220 | GPU 3
[2026-07-16T22:32:04] Finished split_timemixer | split_timemixer_053_half_yearly_high_mag_noise100_lt2 | run_9 | freq=26 | noise=1 | magnitude=200 | lead_time=2
[2026-07-16T22:32:37] Waiting for available CPU/GPU capacity. waiting=287, running=17
[2026-07-16T22:32:38] Finished split_patchtst | split_patchtst_014_yearly_medium_mag_noise10_lt2 | run_7 | freq=52 | noise=1 | magnitude=100 | lead_time=2
[2026-07-16T22:33:09] Started split_patchtst | split_patchtst_078_quarterly_high_mag_noise10_lt3 | run_3 | freq=13 | noise=1 | magnitude=200 | lead_time=3 | PID 4083537 | GPU 4
[2026-07-16T22:33:19] Started split_timemixer | split_timemixer_015_yearly_medium_mag_noise10_lt3 | run_9 | freq=52 | noise=1 | magnitude=100 | lead_time=3 | PID 4083657 | GPU 3
[2026-07-16T22:33:50] Finished split_timemixer | split_timemixer_032_half_yearly_low_mag_noise10_lt2 | run_3 | freq=26 | noise=1 | magnitude=50 | lead_time=2
[2026-07-16T22:34:03] Started split_timemixer | split_timemixer_106_half_quarterly_high_mag_noise100_lt1 | run_3 | freq=7 | noise=1 | magnitude=200 | lead_time=1 | PID 4085084 | GPU 6
[2026-07-16T22:34:07] Started split_timemixer | split_timemixer_107_half_quarterly_high_mag_noise100_lt2 | run_1 | freq=7 | noise=1 | magnitude=200 | lead_time=2 | PID 4085093 | GPU 6
[2026-07-16T22:34:28] Finished split_patchtst | split_patchtst_005_yearly_low_mag_noise10_lt2 | run_9 | freq=52 | noise=1 | magnitude=50 | lead_time=2
[2026-07-16T22:34:59] Started split_patchtst | split_patchtst_091_half_quarterly_medium_mag_noise0_lt1 | run_5 | freq=7 | noise=1 | magnitude=100 | lead_time=1 | PID 4086517 | GPU 4
[2026-07-16T22:35:04] Finished local_timemixer | local_timemixer_038_half_yearly_medium_mag_noise0_lt2 | run_9 | freq=26 | noise=1 | magnitude=100 | lead_time=2
[2026-07-16T22:35:07] Started local_timemixer | local_timemixer_104_half_quarterly_high_mag_noise10_lt2 | run_3 | freq=7 | noise=1 | magnitude=200 | lead_time=2 | PID 4086765 | GPU 5
[2026-07-16T22:35:24] Started local_patchtst | local_patchtst_033_half_yearly_low_mag_noise10_lt3 | run_9 | freq=26 | noise=1 | magnitude=50 | lead_time=3 | PID 4087039 | GPU 7
[2026-07-16T22:35:42] Finished local_patchtst | local_patchtst_028_half_yearly_low_mag_noise0_lt1 | run_3 | freq=26 | noise=1 | magnitude=50 | lead_time=1
[2026-07-16T22:36:13] Waiting for available CPU/GPU capacity. waiting=280, running=16
[2026-07-16T22:36:15] Finished split_patchtst | split_patchtst_078_quarterly_high_mag_noise10_lt3 | run_3 | freq=13 | noise=1 | magnitude=200 | lead_time=3
[2026-07-16T22:36:15] Started local_timemixer | local_timemixer_038_half_yearly_medium_mag_noise0_lt2 | run_1 | freq=26 | noise=1 | magnitude=100 | lead_time=2 | PID 4088485 | GPU 4
[2026-07-16T22:36:19] Started local_timemixer | local_timemixer_040_half_yearly_medium_mag_noise10_lt1 | run_5 | freq=26 | noise=1 | magnitude=100 | lead_time=1 | PID 4088568 | GPU 4
[2026-07-16T22:36:23] Started local_timemixer | local_timemixer_070_quarterly_medium_mag_noise100_lt1 | run_3 | freq=13 | noise=1 | magnitude=100 | lead_time=1 | PID 4088622 | GPU 0
[2026-07-16T22:36:32] Started split_timemixer | split_timemixer_056_quarterly_low_mag_noise0_lt2 | run_3 | freq=13 | noise=1 | magnitude=50 | lead_time=2 | PID 4088730 | GPU 7
[2026-07-16T22:36:37] Started split_timemixer | split_timemixer_073_quarterly_high_mag_noise0_lt1 | run_9 | freq=13 | noise=1 | magnitude=200 | lead_time=1 | PID 4088767 | GPU 1
[2026-07-16T22:37:03] Finished split_timemixer | split_timemixer_036_half_yearly_low_mag_noise100_lt3 | run_3 | freq=26 | noise=1 | magnitude=50 | lead_time=3
[2026-07-16T22:37:21] Started local_patchtst | local_patchtst_055_quarterly_low_mag_noise0_lt1 | run_5 | freq=13 | noise=1 | magnitude=50 | lead_time=1 | PID 4089888 | GPU 7
[2026-07-16T22:37:24] Started local_patchtst | local_patchtst_055_quarterly_low_mag_noise0_lt1 | run_9 | freq=13 | noise=1 | magnitude=50 | lead_time=1 | PID 4089963 | GPU 1
[2026-07-16T22:37:41] Finished split_patchtst | split_patchtst_091_half_quarterly_medium_mag_noise0_lt1 | run_5 | freq=7 | noise=1 | magnitude=100 | lead_time=1
[2026-07-16T22:38:10] Started split_patchtst | split_patchtst_089_half_quarterly_low_mag_noise100_lt2 | run_5 | freq=7 | noise=1 | magnitude=50 | lead_time=2 | PID 4091173 | GPU 0
[2026-07-16T22:38:15] Finished split_timemixer | split_timemixer_063_quarterly_low_mag_noise100_lt3 | run_9 | freq=13 | noise=1 | magnitude=50 | lead_time=3
[2026-07-16T22:38:46] Waiting for available CPU/GPU capacity. waiting=272, running=17
[2026-07-16T22:38:47] Finished local_patchtst | local_patchtst_033_half_yearly_low_mag_noise10_lt3 | run_9 | freq=26 | noise=1 | magnitude=50 | lead_time=3
[2026-07-16T22:38:58] Started split_timemixer | split_timemixer_099_half_quarterly_medium_mag_noise100_lt3 | run_1 | freq=7 | noise=1 | magnitude=100 | lead_time=3 | PID 4092668 | GPU 1
[2026-07-16T22:39:08] Started local_patchtst | local_patchtst_062_quarterly_low_mag_noise100_lt2 | run_3 | freq=13 | noise=1 | magnitude=50 | lead_time=2 | PID 4092797 | GPU 0
[2026-07-16T22:39:24] Started split_patchtst | split_patchtst_103_half_quarterly_high_mag_noise10_lt1 | run_1 | freq=7 | noise=1 | magnitude=200 | lead_time=1 | PID 4093136 | GPU 3
[2026-07-16T22:39:27] Finished split_timemixer | split_timemixer_013_yearly_medium_mag_noise10_lt1 | run_1 | freq=52 | noise=1 | magnitude=100 | lead_time=1
[2026-07-16T22:39:32] Started split_timemixer | split_timemixer_019_yearly_high_mag_noise0_lt1 | run_5 | freq=52 | noise=1 | magnitude=200 | lead_time=1 | PID 4093290 | GPU 2
[2026-07-16T22:40:01] Finished split_timemixer | split_timemixer_085_half_quarterly_low_mag_noise10_lt1 | run_9 | freq=7 | noise=1 | magnitude=50 | lead_time=1
[2026-07-16T22:40:32] Waiting for available CPU/GPU capacity. waiting=268, running=18
[2026-07-16T22:40:33] Finished split_patchtst | split_patchtst_089_half_quarterly_low_mag_noise100_lt2 | run_5 | freq=7 | noise=1 | magnitude=50 | lead_time=2
[2026-07-16T22:40:38] Started split_timemixer | split_timemixer_035_half_yearly_low_mag_noise100_lt2 | run_9 | freq=26 | noise=1 | magnitude=50 | lead_time=2 | PID 4095116 | GPU 7
[2026-07-16T22:41:00] Started split_patchtst | split_patchtst_007_yearly_low_mag_noise100_lt1 | run_1 | freq=52 | noise=1 | magnitude=50 | lead_time=1 | PID 4095645 | GPU 0
[2026-07-16T22:41:03] Started split_patchtst | split_patchtst_007_yearly_low_mag_noise100_lt1 | run_9 | freq=52 | noise=1 | magnitude=50 | lead_time=1 | PID 4095652 | GPU 0
[2026-07-16T22:41:13] Finished local_patchtst | local_patchtst_055_quarterly_low_mag_noise0_lt1 | run_9 | freq=13 | noise=1 | magnitude=50 | lead_time=1
[2026-07-16T22:41:43] Waiting for available CPU/GPU capacity. waiting=265, running=16
[2026-07-16T22:41:44] Finished local_patchtst | local_patchtst_062_quarterly_low_mag_noise100_lt2 | run_3 | freq=13 | noise=1 | magnitude=50 | lead_time=2
[2026-07-16T22:41:45] Started local_timemixer | local_timemixer_065_quarterly_medium_mag_noise0_lt2 | run_9 | freq=13 | noise=1 | magnitude=100 | lead_time=2 | PID 4096831 | GPU 2
[2026-07-16T22:41:56] Started split_timemixer | split_timemixer_073_quarterly_high_mag_noise0_lt1 | run_5 | freq=13 | noise=1 | magnitude=200 | lead_time=1 | PID 4097154 | GPU 5
[2026-07-16T22:42:08] Started local_patchtst | local_patchtst_056_quarterly_low_mag_noise0_lt2 | run_7 | freq=13 | noise=1 | magnitude=50 | lead_time=2 | PID 4097354 | GPU 3
[2026-07-16T22:42:12] Started local_patchtst | local_patchtst_057_quarterly_low_mag_noise0_lt3 | run_1 | freq=13 | noise=1 | magnitude=50 | lead_time=3 | PID 4097361 | GPU 3
[2026-07-16T22:42:28] Finished split_patchtst | split_patchtst_103_half_quarterly_high_mag_noise10_lt1 | run_1 | freq=7 | noise=1 | magnitude=200 | lead_time=1
[2026-07-16T22:42:30] Started local_timemixer | local_timemixer_100_half_quarterly_high_mag_noise0_lt1 | run_7 | freq=7 | noise=1 | magnitude=200 | lead_time=1 | PID 4097844 | GPU 0
[2026-07-16T22:42:34] Started local_timemixer | local_timemixer_102_half_quarterly_high_mag_noise0_lt3 | run_7 | freq=7 | noise=1 | magnitude=200 | lead_time=3 | PID 4097920 | GPU 4
[2026-07-16T22:42:37] Started local_timemixer | local_timemixer_103_half_quarterly_high_mag_noise10_lt1 | run_1 | freq=7 | noise=1 | magnitude=200 | lead_time=1 | PID 4097991 | GPU 4
[2026-07-16T22:42:44] Started split_timemixer | split_timemixer_049_half_yearly_high_mag_noise10_lt1 | run_1 | freq=26 | noise=1 | magnitude=200 | lead_time=1 | PID 4098203 | GPU 3
[2026-07-16T22:42:52] Started split_timemixer | split_timemixer_100_half_quarterly_high_mag_noise0_lt1 | run_3 | freq=7 | noise=1 | magnitude=200 | lead_time=1 | PID 4098512 | GPU 0
[2026-07-16T22:42:55] Started split_timemixer | split_timemixer_100_half_quarterly_high_mag_noise0_lt1 | run_7 | freq=7 | noise=1 | magnitude=200 | lead_time=1 | PID 4098520 | GPU 6
[2026-07-16T22:42:59] Started split_timemixer | split_timemixer_101_half_quarterly_high_mag_noise0_lt2 | run_5 | freq=7 | noise=1 | magnitude=200 | lead_time=2 | PID 4098528 | GPU 6
[2026-07-16T22:43:19] Finished split_patchtst | split_patchtst_007_yearly_low_mag_noise100_lt1 | run_9 | freq=52 | noise=1 | magnitude=50 | lead_time=1
[2026-07-16T22:43:48] Waiting for available CPU/GPU capacity. waiting=254, running=17
[2026-07-16T22:44:19] Finished split_timemixer | split_timemixer_073_quarterly_high_mag_noise0_lt1 | run_9 | freq=13 | noise=1 | magnitude=200 | lead_time=1
[2026-07-16T22:44:32] Started local_patchtst | local_patchtst_015_yearly_medium_mag_noise10_lt3 | run_5 | freq=52 | noise=1 | magnitude=100 | lead_time=3 | PID 4100937 | GPU 1
[2026-07-16T22:44:51] Finished local_patchtst | local_patchtst_057_quarterly_low_mag_noise0_lt3 | run_1 | freq=13 | noise=1 | magnitude=50 | lead_time=3
[2026-07-16T22:45:14] Started split_patchtst | split_patchtst_018_yearly_medium_mag_noise100_lt3 | run_7 | freq=52 | noise=1 | magnitude=100 | lead_time=3 | PID 4102146 | GPU 3
[2026-07-16T22:45:22] Finished local_patchtst | local_patchtst_056_quarterly_low_mag_noise0_lt2 | run_7 | freq=13 | noise=1 | magnitude=50 | lead_time=2
[2026-07-16T22:45:28] Started split_timemixer | split_timemixer_037_half_yearly_medium_mag_noise0_lt1 | run_1 | freq=26 | noise=1 | magnitude=100 | lead_time=1 | PID 4102431 | GPU 7
[2026-07-16T22:46:06] Started local_patchtst | local_patchtst_013_yearly_medium_mag_noise10_lt1 | run_1 | freq=52 | noise=1 | magnitude=100 | lead_time=1 | PID 4103440 | GPU 1
[2026-07-16T22:46:54] Waiting for available CPU/GPU capacity. waiting=250, running=17
[2026-07-16T22:47:24] Finished split_timemixer | split_timemixer_019_yearly_high_mag_noise0_lt1 | run_5 | freq=52 | noise=1 | magnitude=200 | lead_time=1
[2026-07-16T22:47:24] Started local_timemixer | local_timemixer_048_half_yearly_high_mag_noise0_lt3 | run_1 | freq=26 | noise=1 | magnitude=200 | lead_time=3 | PID 4105454 | GPU 2
[2026-07-16T22:47:30] Started local_timemixer | local_timemixer_098_half_quarterly_medium_mag_noise100_lt2 | run_3 | freq=7 | noise=1 | magnitude=100 | lead_time=2 | PID 4105494 | GPU 1
[2026-07-16T22:47:59] Finished split_patchtst | split_patchtst_018_yearly_medium_mag_noise100_lt3 | run_7 | freq=52 | noise=1 | magnitude=100 | lead_time=3
[2026-07-16T22:48:07] Started split_timemixer | split_timemixer_077_quarterly_high_mag_noise10_lt2 | run_5 | freq=13 | noise=1 | magnitude=200 | lead_time=2 | PID 4106820 | GPU 0
[2026-07-16T22:48:23] Started split_patchtst | split_patchtst_008_yearly_low_mag_noise100_lt2 | run_3 | freq=52 | noise=1 | magnitude=50 | lead_time=2 | PID 4107080 | GPU 3
[2026-07-16T22:48:33] Finished local_timemixer | local_timemixer_100_half_quarterly_high_mag_noise0_lt1 | run_7 | freq=7 | noise=1 | magnitude=200 | lead_time=1
[2026-07-16T22:48:42] Started split_timemixer | split_timemixer_082_half_quarterly_low_mag_noise0_lt1 | run_7 | freq=7 | noise=1 | magnitude=50 | lead_time=1 | PID 4107464 | GPU 1
[2026-07-16T22:48:46] Started split_timemixer | split_timemixer_096_half_quarterly_medium_mag_noise10_lt3 | run_3 | freq=7 | noise=1 | magnitude=100 | lead_time=3 | PID 4107495 | GPU 2
[2026-07-16T22:48:51] Started local_patchtst | local_patchtst_007_yearly_low_mag_noise100_lt1 | run_1 | freq=52 | noise=1 | magnitude=50 | lead_time=1 | PID 4107706 | GPU 4
[2026-07-16T22:48:54] Started local_patchtst | local_patchtst_007_yearly_low_mag_noise100_lt1 | run_5 | freq=52 | noise=1 | magnitude=50 | lead_time=1 | PID 4107817 | GPU 4
[2026-07-16T22:49:03] Started local_patchtst | local_patchtst_067_quarterly_medium_mag_noise10_lt1 | run_9 | freq=13 | noise=1 | magnitude=100 | lead_time=1 | PID 4108091 | GPU 7
[2026-07-16T22:49:10] Started local_patchtst | local_patchtst_101_half_quarterly_high_mag_noise0_lt2 | run_1 | freq=7 | noise=1 | magnitude=200 | lead_time=2 | PID 4108283 | GPU 3
[2026-07-16T22:49:13] Started local_patchtst | local_patchtst_101_half_quarterly_high_mag_noise0_lt2 | run_5 | freq=7 | noise=1 | magnitude=200 | lead_time=2 | PID 4108292 | GPU 3
[2026-07-16T22:49:23] Finished local_patchtst | local_patchtst_013_yearly_medium_mag_noise10_lt1 | run_1 | freq=52 | noise=1 | magnitude=100 | lead_time=1
[2026-07-16T22:49:25] Started local_timemixer | local_timemixer_088_half_quarterly_low_mag_noise100_lt1 | run_7 | freq=7 | noise=1 | magnitude=50 | lead_time=1 | PID 4108460 | GPU 4
[2026-07-16T22:49:45] Started local_patchtst | local_patchtst_084_half_quarterly_low_mag_noise0_lt3 | run_3 | freq=7 | noise=1 | magnitude=50 | lead_time=3 | PID 4108891 | GPU 7
[2026-07-16T22:50:24] Waiting for available CPU/GPU capacity. waiting=237, running=19
[2026-07-16T22:50:25] Finished split_patchtst | split_patchtst_008_yearly_low_mag_noise100_lt2 | run_3 | freq=52 | noise=1 | magnitude=50 | lead_time=2
[2026-07-16T22:50:27] Started local_timemixer | local_timemixer_082_half_quarterly_low_mag_noise0_lt1 | run_3 | freq=7 | noise=1 | magnitude=50 | lead_time=1 | PID 4110116 | GPU 3
[2026-07-16T22:50:31] Started local_timemixer | local_timemixer_108_half_quarterly_high_mag_noise100_lt3 | run_7 | freq=7 | noise=1 | magnitude=200 | lead_time=3 | PID 4110162 | GPU 3
[2026-07-16T22:50:45] Started local_patchtst | local_patchtst_032_half_yearly_low_mag_noise10_lt2 | run_3 | freq=26 | noise=1 | magnitude=50 | lead_time=2 | PID 4110484 | GPU 0
[2026-07-16T22:50:58] Started split_patchtst | split_patchtst_050_half_yearly_high_mag_noise10_lt2 | run_7 | freq=26 | noise=1 | magnitude=200 | lead_time=2 | PID 4110854 | GPU 6
[2026-07-16T22:51:05] Finished local_patchtst | local_patchtst_007_yearly_low_mag_noise100_lt1 | run_1 | freq=52 | noise=1 | magnitude=50 | lead_time=1
[2026-07-16T22:51:16] Started local_patchtst | local_patchtst_006_yearly_low_mag_noise10_lt3 | run_7 | freq=52 | noise=1 | magnitude=50 | lead_time=3 | PID 4111140 | GPU 5
[2026-07-16T22:51:26] Started local_patchtst | local_patchtst_085_half_quarterly_low_mag_noise10_lt1 | run_9 | freq=7 | noise=1 | magnitude=50 | lead_time=1 | PID 4111319 | GPU 6
[2026-07-16T22:51:29] Started local_patchtst | local_patchtst_086_half_quarterly_low_mag_noise10_lt2 | run_3 | freq=7 | noise=1 | magnitude=50 | lead_time=2 | PID 4111356 | GPU 6
[2026-07-16T22:51:41] Finished local_patchtst | local_patchtst_101_half_quarterly_high_mag_noise0_lt2 | run_1 | freq=7 | noise=1 | magnitude=200 | lead_time=2
[2026-07-16T22:51:57] Started local_patchtst | local_patchtst_065_quarterly_medium_mag_noise0_lt2 | run_5 | freq=13 | noise=1 | magnitude=100 | lead_time=2 | PID 4112397 | GPU 4
[2026-07-16T22:52:10] Finished local_patchtst | local_patchtst_101_half_quarterly_high_mag_noise0_lt2 | run_5 | freq=7 | noise=1 | magnitude=200 | lead_time=2
[2026-07-16T22:52:14] Started split_timemixer | split_timemixer_018_yearly_medium_mag_noise100_lt3 | run_3 | freq=52 | noise=1 | magnitude=100 | lead_time=3 | PID 4112662 | GPU 4
[2026-07-16T22:52:19] Started split_timemixer | split_timemixer_056_quarterly_low_mag_noise0_lt2 | run_7 | freq=13 | noise=1 | magnitude=50 | lead_time=2 | PID 4112707 | GPU 0
[2026-07-16T22:52:28] Started local_patchtst | local_patchtst_009_yearly_low_mag_noise100_lt3 | run_1 | freq=52 | noise=1 | magnitude=50 | lead_time=3 | PID 4112866 | GPU 7
[2026-07-16T22:52:31] Started local_patchtst | local_patchtst_009_yearly_low_mag_noise100_lt3 | run_5 | freq=52 | noise=1 | magnitude=50 | lead_time=3 | PID 4112874 | GPU 7
[2026-07-16T22:52:48] Started split_patchtst | split_patchtst_066_quarterly_medium_mag_noise0_lt3 | run_3 | freq=13 | noise=1 | magnitude=100 | lead_time=3 | PID 4113225 | GPU 6
[2026-07-16T22:52:53] Finished split_patchtst | split_patchtst_050_half_yearly_high_mag_noise10_lt2 | run_7 | freq=26 | noise=1 | magnitude=200 | lead_time=2
[2026-07-16T22:52:59] Started split_timemixer | split_timemixer_069_quarterly_medium_mag_noise10_lt3 | run_9 | freq=13 | noise=1 | magnitude=100 | lead_time=3 | PID 4113899 | GPU 7
[2026-07-16T22:53:03] Started split_timemixer | split_timemixer_071_quarterly_medium_mag_noise100_lt2 | run_9 | freq=13 | noise=1 | magnitude=100 | lead_time=2 | PID 4113908 | GPU 7
[2026-07-16T22:53:29] Started split_timemixer | split_timemixer_024_yearly_high_mag_noise10_lt3 | run_3 | freq=52 | noise=1 | magnitude=200 | lead_time=3 | PID 4114376 | GPU 6
[2026-07-16T22:53:54] Finished local_patchtst | local_patchtst_086_half_quarterly_low_mag_noise10_lt2 | run_3 | freq=7 | noise=1 | magnitude=50 | lead_time=2
[2026-07-16T22:54:06] Started local_patchtst | local_patchtst_029_half_yearly_low_mag_noise0_lt2 | run_9 | freq=26 | noise=1 | magnitude=50 | lead_time=2 | PID 4115450 | GPU 1
[2026-07-16T22:54:10] Started local_patchtst | local_patchtst_031_half_yearly_low_mag_noise10_lt1 | run_9 | freq=26 | noise=1 | magnitude=50 | lead_time=1 | PID 4115532 | GPU 6
[2026-07-16T22:54:26] Finished local_patchtst | local_patchtst_006_yearly_low_mag_noise10_lt3 | run_7 | freq=52 | noise=1 | magnitude=50 | lead_time=3
[2026-07-16T22:54:51] Waiting for available CPU/GPU capacity. waiting=219, running=17
[2026-07-16T22:55:00] Started split_timemixer | split_timemixer_083_half_quarterly_low_mag_noise0_lt2 | run_5 | freq=7 | noise=1 | magnitude=50 | lead_time=2 | PID 4116836 | GPU 4
[2026-07-16T22:55:10] Started local_patchtst | local_patchtst_069_quarterly_medium_mag_noise10_lt3 | run_5 | freq=13 | noise=1 | magnitude=100 | lead_time=3 | PID 4116967 | GPU 5
[2026-07-16T22:55:15] Started local_patchtst | local_patchtst_084_half_quarterly_low_mag_noise0_lt3 | run_7 | freq=7 | noise=1 | magnitude=50 | lead_time=3 | PID 4117004 | GPU 1
[2026-07-16T22:55:18] Started local_patchtst | local_patchtst_086_half_quarterly_low_mag_noise10_lt2 | run_7 | freq=7 | noise=1 | magnitude=50 | lead_time=2 | PID 4117077 | GPU 1
[2026-07-16T22:55:30] Finished split_patchtst | split_patchtst_066_quarterly_medium_mag_noise0_lt3 | run_3 | freq=13 | noise=1 | magnitude=100 | lead_time=3
[2026-07-16T22:55:46] Started local_patchtst | local_patchtst_080_quarterly_high_mag_noise100_lt2 | run_3 | freq=13 | noise=1 | magnitude=200 | lead_time=2 | PID 4117846 | GPU 6
[2026-07-16T22:55:57] Finished local_patchtst | local_patchtst_009_yearly_low_mag_noise100_lt3 | run_1 | freq=52 | noise=1 | magnitude=50 | lead_time=3
[2026-07-16T22:56:07] Started split_timemixer | split_timemixer_097_half_quarterly_medium_mag_noise100_lt1 | run_5 | freq=7 | noise=1 | magnitude=100 | lead_time=1 | PID 4118456 | GPU 3
[2026-07-16T22:56:10] Started split_timemixer | split_timemixer_097_half_quarterly_medium_mag_noise100_lt1 | run_9 | freq=7 | noise=1 | magnitude=100 | lead_time=1 | PID 4118463 | GPU 2
[2026-07-16T22:56:13] Started split_timemixer | split_timemixer_099_half_quarterly_medium_mag_noise100_lt3 | run_5 | freq=7 | noise=1 | magnitude=100 | lead_time=3 | PID 4118471 | GPU 2
[2026-07-16T22:56:20] Started local_patchtst | local_patchtst_041_half_yearly_medium_mag_noise10_lt2 | run_9 | freq=26 | noise=1 | magnitude=100 | lead_time=2 | PID 4118542 | GPU 5
[2026-07-16T22:56:27] Started local_patchtst | local_patchtst_089_half_quarterly_low_mag_noise100_lt2 | run_1 | freq=7 | noise=1 | magnitude=50 | lead_time=2 | PID 4118619 | GPU 1
[2026-07-16T22:56:39] Finished local_patchtst | local_patchtst_029_half_yearly_low_mag_noise0_lt2 | run_9 | freq=26 | noise=1 | magnitude=50 | lead_time=2
[2026-07-16T22:56:59] Started split_patchtst | split_patchtst_045_half_yearly_medium_mag_noise100_lt3 | run_1 | freq=26 | noise=1 | magnitude=100 | lead_time=3 | PID 4119787 | GPU 3
[2026-07-16T22:57:02] Started split_patchtst | split_patchtst_045_half_yearly_medium_mag_noise100_lt3 | run_9 | freq=26 | noise=1 | magnitude=100 | lead_time=3 | PID 4119831 | GPU 1
[2026-07-16T22:57:06] Started split_patchtst | split_patchtst_055_quarterly_low_mag_noise0_lt1 | run_1 | freq=13 | noise=1 | magnitude=50 | lead_time=1 | PID 4119851 | GPU 0
[2026-07-16T22:57:12] Finished local_patchtst | local_patchtst_086_half_quarterly_low_mag_noise10_lt2 | run_7 | freq=7 | noise=1 | magnitude=50 | lead_time=2
[2026-07-16T22:57:34] Started split_patchtst | split_patchtst_064_quarterly_medium_mag_noise0_lt1 | run_7 | freq=13 | noise=1 | magnitude=100 | lead_time=1 | PID 4120307 | GPU 1
[2026-07-16T22:58:03] Waiting for available CPU/GPU capacity. waiting=205, running=19
[2026-07-16T22:58:29] Finished local_patchtst | local_patchtst_089_half_quarterly_low_mag_noise100_lt2 | run_1 | freq=7 | noise=1 | magnitude=50 | lead_time=2
[2026-07-16T22:58:34] Started split_timemixer | split_timemixer_057_quarterly_low_mag_noise0_lt3 | run_5 | freq=13 | noise=1 | magnitude=50 | lead_time=3 | PID 4121966 | GPU 1
[2026-07-16T22:58:38] Started split_timemixer | split_timemixer_059_quarterly_low_mag_noise10_lt2 | run_1 | freq=13 | noise=1 | magnitude=50 | lead_time=2 | PID 4121973 | GPU 1
[2026-07-16T22:58:44] Started split_timemixer | split_timemixer_097_half_quarterly_medium_mag_noise100_lt1 | run_1 | freq=7 | noise=1 | magnitude=100 | lead_time=1 | PID 4122044 | GPU 0
[2026-07-16T22:59:02] Finished split_patchtst | split_patchtst_045_half_yearly_medium_mag_noise100_lt3 | run_9 | freq=26 | noise=1 | magnitude=100 | lead_time=3
[2026-07-16T22:59:15] Started local_patchtst | local_patchtst_054_half_yearly_high_mag_noise100_lt3 | run_7 | freq=26 | noise=1 | magnitude=200 | lead_time=3 | PID 4122978 | GPU 5
[2026-07-16T22:59:26] Started split_patchtst | split_patchtst_057_quarterly_low_mag_noise0_lt3 | run_5 | freq=13 | noise=1 | magnitude=50 | lead_time=3 | PID 4123361 | GPU 6
[2026-07-16T22:59:32] Finished local_patchtst | local_patchtst_041_half_yearly_medium_mag_noise10_lt2 | run_9 | freq=26 | noise=1 | magnitude=100 | lead_time=2
[2026-07-16T22:59:52] Started split_patchtst | split_patchtst_033_half_yearly_low_mag_noise10_lt3 | run_9 | freq=26 | noise=1 | magnitude=50 | lead_time=3 | PID 4123806 | GPU 0
[2026-07-16T22:59:59] Finished split_patchtst | split_patchtst_064_quarterly_medium_mag_noise0_lt1 | run_7 | freq=13 | noise=1 | magnitude=100 | lead_time=1
[2026-07-16T23:00:08] Started split_timemixer | split_timemixer_105_half_quarterly_high_mag_noise10_lt3 | run_1 | freq=7 | noise=1 | magnitude=200 | lead_time=3 | PID 4124895 | GPU 3
[2026-07-16T23:00:30] Started split_timemixer | split_timemixer_037_half_yearly_medium_mag_noise0_lt1 | run_5 | freq=26 | noise=1 | magnitude=100 | lead_time=1 | PID 4125297 | GPU 5
[2026-07-16T23:01:06] Started local_patchtst | local_patchtst_071_quarterly_medium_mag_noise100_lt2 | run_1 | freq=13 | noise=1 | magnitude=100 | lead_time=2 | PID 4126380 | GPU 6
[2026-07-16T23:01:18] Finished local_patchtst | local_patchtst_031_half_yearly_low_mag_noise10_lt1 | run_9 | freq=26 | noise=1 | magnitude=50 | lead_time=1
[2026-07-16T23:01:31] Started local_patchtst | local_patchtst_054_half_yearly_high_mag_noise100_lt3 | run_3 | freq=26 | noise=1 | magnitude=200 | lead_time=3 | PID 4126871 | GPU 0
[2026-07-16T23:01:34] Started local_patchtst | local_patchtst_057_quarterly_low_mag_noise0_lt3 | run_9 | freq=13 | noise=1 | magnitude=50 | lead_time=3 | PID 4126878 | GPU 6
[2026-07-16T23:01:37] Started local_patchtst | local_patchtst_058_quarterly_low_mag_noise10_lt1 | run_3 | freq=13 | noise=1 | magnitude=50 | lead_time=1 | PID 4126886 | GPU 6
[2026-07-16T23:01:50] Finished split_patchtst | split_patchtst_057_quarterly_low_mag_noise0_lt3 | run_5 | freq=13 | noise=1 | magnitude=50 | lead_time=3
[2026-07-16T23:02:13] Waiting for available CPU/GPU capacity. waiting=193, running=18
[2026-07-16T23:02:14] Finished local_patchtst | local_patchtst_054_half_yearly_high_mag_noise100_lt3 | run_7 | freq=26 | noise=1 | magnitude=200 | lead_time=3
[2026-07-16T23:02:36] Waiting for available CPU/GPU capacity. waiting=193, running=16
[2026-07-16T23:02:37] Finished split_patchtst | split_patchtst_033_half_yearly_low_mag_noise10_lt3 | run_9 | freq=26 | noise=1 | magnitude=50 | lead_time=3
[2026-07-16T23:02:43] Started split_timemixer | split_timemixer_065_quarterly_medium_mag_noise0_lt2 | run_5 | freq=13 | noise=1 | magnitude=100 | lead_time=2 | PID 4128658 | GPU 5
[2026-07-16T23:02:50] Started split_timemixer | split_timemixer_108_half_quarterly_high_mag_noise100_lt3 | run_3 | freq=7 | noise=1 | magnitude=200 | lead_time=3 | PID 4128728 | GPU 4
[2026-07-16T23:02:56] Started local_patchtst | local_patchtst_059_quarterly_low_mag_noise10_lt2 | run_9 | freq=13 | noise=1 | magnitude=50 | lead_time=2 | PID 4128806 | GPU 6
[2026-07-16T23:03:01] Started local_patchtst | local_patchtst_073_quarterly_high_mag_noise0_lt1 | run_5 | freq=13 | noise=1 | magnitude=200 | lead_time=1 | PID 4129012 | GPU 3
[2026-07-16T23:03:12] Finished local_patchtst | local_patchtst_071_quarterly_medium_mag_noise100_lt2 | run_1 | freq=13 | noise=1 | magnitude=100 | lead_time=2
[2026-07-16T23:03:18] Started split_timemixer | split_timemixer_072_quarterly_medium_mag_noise100_lt3 | run_7 | freq=13 | noise=1 | magnitude=100 | lead_time=3 | PID 4129729 | GPU 0
[2026-07-16T23:03:30] Started local_patchtst | local_patchtst_078_quarterly_high_mag_noise10_lt3 | run_3 | freq=13 | noise=1 | magnitude=200 | lead_time=3 | PID 4129926 | GPU 6
[2026-07-16T23:03:41] Finished local_patchtst | local_patchtst_058_quarterly_low_mag_noise10_lt1 | run_3 | freq=13 | noise=1 | magnitude=50 | lead_time=1
[2026-07-16T23:04:01] Started split_patchtst | split_patchtst_077_quarterly_high_mag_noise10_lt2 | run_9 | freq=13 | noise=1 | magnitude=200 | lead_time=2 | PID 4130620 | GPU 6
[2026-07-16T23:04:06] Finished split_timemixer | split_timemixer_071_quarterly_medium_mag_noise100_lt2 | run_9 | freq=13 | noise=1 | magnitude=100 | lead_time=2
[2026-07-16T23:04:15] Started local_patchtst | local_patchtst_008_yearly_low_mag_noise100_lt2 | run_7 | freq=52 | noise=1 | magnitude=50 | lead_time=2 | PID 4130946 | GPU 7
[2026-07-16T23:04:31] Finished split_timemixer | split_timemixer_097_half_quarterly_medium_mag_noise100_lt1 | run_9 | freq=7 | noise=1 | magnitude=100 | lead_time=1
[2026-07-16T23:04:37] Started split_timemixer | split_timemixer_077_quarterly_high_mag_noise10_lt2 | run_9 | freq=13 | noise=1 | magnitude=200 | lead_time=2 | PID 4134382 | GPU 3
[2026-07-16T23:04:55] Finished local_patchtst | local_patchtst_059_quarterly_low_mag_noise10_lt2 | run_9 | freq=13 | noise=1 | magnitude=50 | lead_time=2
[2026-07-16T23:05:06] Started local_patchtst | local_patchtst_031_half_yearly_low_mag_noise10_lt1 | run_5 | freq=26 | noise=1 | magnitude=50 | lead_time=1 | PID 4142143 | GPU 2
[2026-07-16T23:05:10] Started local_patchtst | local_patchtst_032_half_yearly_low_mag_noise10_lt2 | run_7 | freq=26 | noise=1 | magnitude=50 | lead_time=2 | PID 4142152 | GPU 6
[2026-07-16T23:05:13] Started local_patchtst | local_patchtst_034_half_yearly_low_mag_noise100_lt1 | run_3 | freq=26 | noise=1 | magnitude=50 | lead_time=1 | PID 4142161 | GPU 2
[2026-07-16T23:05:16] Started local_patchtst | local_patchtst_035_half_yearly_low_mag_noise100_lt2 | run_1 | freq=26 | noise=1 | magnitude=50 | lead_time=2 | PID 4142229 | GPU 2
[2026-07-16T23:05:26] Started split_patchtst | split_patchtst_043_half_yearly_medium_mag_noise100_lt1 | run_9 | freq=26 | noise=1 | magnitude=100 | lead_time=1 | PID 4142458 | GPU 7
[2026-07-16T23:05:29] Started split_patchtst | split_patchtst_044_half_yearly_medium_mag_noise100_lt2 | run_7 | freq=26 | noise=1 | magnitude=100 | lead_time=2 | PID 4142465 | GPU 6
[2026-07-16T23:05:36] Finished split_patchtst | split_patchtst_077_quarterly_high_mag_noise10_lt2 | run_9 | freq=13 | noise=1 | magnitude=200 | lead_time=2
[2026-07-16T23:05:38] Started local_timemixer | local_timemixer_096_half_quarterly_medium_mag_noise10_lt3 | run_7 | freq=7 | noise=1 | magnitude=100 | lead_time=3 | PID 4142560 | GPU 6
[2026-07-16T23:06:09] Started local_patchtst | local_patchtst_011_yearly_medium_mag_noise0_lt2 | run_9 | freq=52 | noise=1 | magnitude=100 | lead_time=2 | PID 4143597 | GPU 0
[2026-07-16T23:06:24] Finished local_patchtst | local_patchtst_073_quarterly_high_mag_noise0_lt1 | run_5 | freq=13 | noise=1 | magnitude=200 | lead_time=1
[2026-07-16T23:06:25] Started local_timemixer | local_timemixer_087_half_quarterly_low_mag_noise10_lt3 | run_1 | freq=7 | noise=1 | magnitude=50 | lead_time=3 | PID 4143989 | GPU 4
[2026-07-16T23:06:36] Started local_patchtst | local_patchtst_010_yearly_medium_mag_noise0_lt1 | run_3 | freq=52 | noise=1 | magnitude=100 | lead_time=1 | PID 4144128 | GPU 0
[2026-07-16T23:06:59] Started split_timemixer | split_timemixer_103_half_quarterly_high_mag_noise10_lt1 | run_5 | freq=7 | noise=1 | magnitude=200 | lead_time=1 | PID 4144535 | GPU 2
[2026-07-16T23:07:14] Finished local_patchtst | local_patchtst_035_half_yearly_low_mag_noise100_lt2 | run_1 | freq=26 | noise=1 | magnitude=50 | lead_time=2
[2026-07-16T23:07:32] Started split_patchtst | split_patchtst_067_quarterly_medium_mag_noise10_lt1 | run_9 | freq=13 | noise=1 | magnitude=100 | lead_time=1 | PID 4145729 | GPU 2
[2026-07-16T23:07:37] Finished split_patchtst | split_patchtst_044_half_yearly_medium_mag_noise100_lt2 | run_7 | freq=26 | noise=1 | magnitude=100 | lead_time=2
[2026-07-16T23:07:39] Started local_timemixer | local_timemixer_088_half_quarterly_low_mag_noise100_lt1 | run_3 | freq=7 | noise=1 | magnitude=50 | lead_time=1 | PID 4145791 | GPU 6
[2026-07-16T23:08:20] Waiting for available CPU/GPU capacity. waiting=171, running=17
[2026-07-16T23:08:21] Finished split_patchtst | split_patchtst_043_half_yearly_medium_mag_noise100_lt1 | run_9 | freq=26 | noise=1 | magnitude=100 | lead_time=1
[2026-07-16T23:08:34] Started local_patchtst | local_patchtst_088_half_quarterly_low_mag_noise100_lt1 | run_3 | freq=7 | noise=1 | magnitude=50 | lead_time=1 | PID 4147602 | GPU 5
[2026-07-16T23:08:44] Finished split_timemixer | split_timemixer_037_half_yearly_medium_mag_noise0_lt1 | run_5 | freq=26 | noise=1 | magnitude=100 | lead_time=1
[2026-07-16T23:08:51] Started split_timemixer | split_timemixer_081_quarterly_high_mag_noise100_lt3 | run_9 | freq=13 | noise=1 | magnitude=200 | lead_time=3 | PID 4147857 | GPU 1
[2026-07-16T23:08:54] Started split_timemixer | split_timemixer_083_half_quarterly_low_mag_noise0_lt2 | run_1 | freq=7 | noise=1 | magnitude=50 | lead_time=2 | PID 4147876 | GPU 1
[2026-07-16T23:08:57] Started split_timemixer | split_timemixer_085_half_quarterly_low_mag_noise10_lt1 | run_5 | freq=7 | noise=1 | magnitude=50 | lead_time=1 | PID 4147885 | GPU 1
[2026-07-16T23:09:11] Started split_patchtst | split_patchtst_054_half_yearly_high_mag_noise100_lt3 | run_3 | freq=26 | noise=1 | magnitude=200 | lead_time=3 | PID 4148266 | GPU 2
[2026-07-16T23:09:16] Finished local_patchtst | local_patchtst_011_yearly_medium_mag_noise0_lt2 | run_9 | freq=52 | noise=1 | magnitude=100 | lead_time=2
[2026-07-16T23:09:26] Started local_patchtst | local_patchtst_030_half_yearly_low_mag_noise0_lt3 | run_7 | freq=26 | noise=1 | magnitude=50 | lead_time=3 | PID 4148484 | GPU 7
[2026-07-16T23:09:56] Started split_patchtst | split_patchtst_090_half_quarterly_low_mag_noise100_lt3 | run_3 | freq=7 | noise=1 | magnitude=50 | lead_time=3 | PID 4149504 | GPU 3
[2026-07-16T23:10:01] Finished local_patchtst | local_patchtst_010_yearly_medium_mag_noise0_lt1 | run_3 | freq=52 | noise=1 | magnitude=100 | lead_time=1
[2026-07-16T23:10:03] Started split_timemixer | split_timemixer_010_yearly_medium_mag_noise0_lt1 | run_3 | freq=52 | noise=1 | magnitude=100 | lead_time=1 | PID 4149567 | GPU 4
[2026-07-16T23:10:09] Started split_timemixer | split_timemixer_051_half_yearly_high_mag_noise10_lt3 | run_1 | freq=26 | noise=1 | magnitude=200 | lead_time=3 | PID 4149794 | GPU 5
[2026-07-16T23:10:18] Started local_patchtst | local_patchtst_058_quarterly_low_mag_noise10_lt1 | run_7 | freq=13 | noise=1 | magnitude=50 | lead_time=1 | PID 4149903 | GPU 0
[2026-07-16T23:10:30] Finished split_patchtst | split_patchtst_067_quarterly_medium_mag_noise10_lt1 | run_9 | freq=13 | noise=1 | magnitude=100 | lead_time=1
[2026-07-16T23:10:48] Waiting for available CPU/GPU capacity. waiting=161, running=18
[2026-07-16T23:11:01] Started local_patchtst | local_patchtst_087_half_quarterly_low_mag_noise10_lt3 | run_9 | freq=7 | noise=1 | magnitude=50 | lead_time=3 | PID 4150965 | GPU 0
[2026-07-16T23:11:05] Started local_patchtst | local_patchtst_088_half_quarterly_low_mag_noise100_lt1 | run_7 | freq=7 | noise=1 | magnitude=50 | lead_time=1 | PID 4151112 | GPU 0
[2026-07-16T23:11:14] Finished split_timemixer | split_timemixer_072_quarterly_medium_mag_noise100_lt3 | run_7 | freq=13 | noise=1 | magnitude=100 | lead_time=3
[2026-07-16T23:11:32] Waiting for available CPU/GPU capacity. waiting=159, running=18
[2026-07-16T23:11:53] Finished local_patchtst | local_patchtst_088_half_quarterly_low_mag_noise100_lt1 | run_3 | freq=7 | noise=1 | magnitude=50 | lead_time=1
[2026-07-16T23:12:05] Started local_patchtst | local_patchtst_079_quarterly_high_mag_noise100_lt1 | run_9 | freq=13 | noise=1 | magnitude=200 | lead_time=1 | PID 4152475 | GPU 3
[2026-07-16T23:12:08] Started local_patchtst | local_patchtst_083_half_quarterly_low_mag_noise0_lt2 | run_5 | freq=7 | noise=1 | magnitude=50 | lead_time=2 | PID 4152675 | GPU 3
[2026-07-16T23:12:17] Started split_patchtst | split_patchtst_089_half_quarterly_low_mag_noise100_lt2 | run_9 | freq=7 | noise=1 | magnitude=50 | lead_time=2 | PID 4152940 | GPU 6
[2026-07-16T23:12:20] Started split_patchtst | split_patchtst_092_half_quarterly_medium_mag_noise0_lt2 | run_7 | freq=7 | noise=1 | magnitude=100 | lead_time=2 | PID 4153019 | GPU 6
[2026-07-16T23:12:24] Started split_patchtst | split_patchtst_093_half_quarterly_medium_mag_noise0_lt3 | run_9 | freq=7 | noise=1 | magnitude=100 | lead_time=3 | PID 4153099 | GPU 2
[2026-07-16T23:12:27] Started split_patchtst | split_patchtst_094_half_quarterly_medium_mag_noise10_lt1 | run_7 | freq=7 | noise=1 | magnitude=100 | lead_time=1 | PID 4153138 | GPU 2
[2026-07-16T23:12:31] Finished local_patchtst | local_patchtst_058_quarterly_low_mag_noise10_lt1 | run_7 | freq=13 | noise=1 | magnitude=50 | lead_time=1
[2026-07-16T23:12:32] Started local_timemixer | local_timemixer_048_half_yearly_high_mag_noise0_lt3 | run_9 | freq=26 | noise=1 | magnitude=200 | lead_time=3 | PID 4153165 | GPU 2
[2026-07-16T23:12:38] Started split_timemixer | split_timemixer_030_half_yearly_low_mag_noise0_lt3 | run_3 | freq=26 | noise=1 | magnitude=50 | lead_time=3 | PID 4153307 | GPU 3
[2026-07-16T23:12:43] Started split_timemixer | split_timemixer_071_quarterly_medium_mag_noise100_lt2 | run_1 | freq=13 | noise=1 | magnitude=100 | lead_time=2 | PID 4153376 | GPU 3
[2026-07-16T23:12:47] Started split_timemixer | split_timemixer_072_quarterly_medium_mag_noise100_lt3 | run_3 | freq=13 | noise=1 | magnitude=100 | lead_time=3 | PID 4153385 | GPU 0
[2026-07-16T23:12:50] Started split_timemixer | split_timemixer_075_quarterly_high_mag_noise0_lt3 | run_5 | freq=13 | noise=1 | magnitude=200 | lead_time=3 | PID 4153424 | GPU 0
[2026-07-16T23:13:05] Finished local_patchtst | local_patchtst_088_half_quarterly_low_mag_noise100_lt1 | run_7 | freq=7 | noise=1 | magnitude=50 | lead_time=1
[2026-07-16T23:13:22] Waiting for available CPU/GPU capacity. waiting=148, running=18
[2026-07-16T23:13:35] Started local_patchtst | local_patchtst_094_half_quarterly_medium_mag_noise10_lt1 | run_3 | freq=7 | noise=1 | magnitude=100 | lead_time=1 | PID 4154561 | GPU 5
[2026-07-16T23:13:39] Started local_patchtst | local_patchtst_096_half_quarterly_medium_mag_noise10_lt3 | run_3 | freq=7 | noise=1 | magnitude=100 | lead_time=3 | PID 4154641 | GPU 6
[2026-07-16T23:13:42] Started local_patchtst | local_patchtst_098_half_quarterly_medium_mag_noise100_lt2 | run_3 | freq=7 | noise=1 | magnitude=100 | lead_time=2 | PID 4154810 | GPU 6
[2026-07-16T23:13:51] Finished split_patchtst | split_patchtst_092_half_quarterly_medium_mag_noise0_lt2 | run_7 | freq=7 | noise=1 | magnitude=100 | lead_time=2
[2026-07-16T23:14:08] Waiting for available CPU/GPU capacity. waiting=145, running=19
[2026-07-16T23:14:09] Started local_timemixer | local_timemixer_062_quarterly_low_mag_noise100_lt2 | run_7 | freq=13 | noise=1 | magnitude=50 | lead_time=2 | PID 4155480 | GPU 6
[2026-07-16T23:14:13] Started local_timemixer | local_timemixer_067_quarterly_medium_mag_noise10_lt1 | run_1 | freq=13 | noise=1 | magnitude=100 | lead_time=1 | PID 4155493 | GPU 6
[2026-07-16T23:14:49] Waiting for available CPU/GPU capacity. waiting=143, running=21
[2026-07-16T23:14:50] Finished split_patchtst | split_patchtst_094_half_quarterly_medium_mag_noise10_lt1 | run_7 | freq=7 | noise=1 | magnitude=100 | lead_time=1
[2026-07-16T23:15:06] Started split_patchtst | split_patchtst_087_half_quarterly_low_mag_noise10_lt3 | run_9 | freq=7 | noise=1 | magnitude=50 | lead_time=3 | PID 4156897 | GPU 2
[2026-07-16T23:15:10] Started split_patchtst | split_patchtst_101_half_quarterly_high_mag_noise0_lt2 | run_1 | freq=7 | noise=1 | magnitude=200 | lead_time=2 | PID 4157092 | GPU 5
[2026-07-16T23:15:13] Finished local_patchtst | local_patchtst_079_quarterly_high_mag_noise100_lt1 | run_9 | freq=13 | noise=1 | magnitude=200 | lead_time=1
[2026-07-16T23:15:29] Waiting for available CPU/GPU capacity. waiting=141, running=20
[2026-07-16T23:15:48] Finished local_patchtst | local_patchtst_083_half_quarterly_low_mag_noise0_lt2 | run_5 | freq=7 | noise=1 | magnitude=50 | lead_time=2
[2026-07-16T23:15:58] Started local_patchtst | local_patchtst_071_quarterly_medium_mag_noise100_lt2 | run_9 | freq=13 | noise=1 | magnitude=100 | lead_time=2 | PID 4157978 | GPU 2
[2026-07-16T23:16:14] Started split_timemixer | split_timemixer_091_half_quarterly_medium_mag_noise0_lt1 | run_9 | freq=7 | noise=1 | magnitude=100 | lead_time=1 | PID 4158658 | GPU 7
[2026-07-16T23:16:27] Finished local_patchtst | local_patchtst_094_half_quarterly_medium_mag_noise10_lt1 | run_3 | freq=7 | noise=1 | magnitude=100 | lead_time=1
[2026-07-16T23:16:38] Started local_patchtst | local_patchtst_070_quarterly_medium_mag_noise100_lt1 | run_7 | freq=13 | noise=1 | magnitude=100 | lead_time=1 | PID 4159119 | GPU 5
[2026-07-16T23:16:41] Started local_patchtst | local_patchtst_072_quarterly_medium_mag_noise100_lt3 | run_7 | freq=13 | noise=1 | magnitude=100 | lead_time=3 | PID 4159132 | GPU 5
[2026-07-16T23:16:50] Finished local_patchtst | local_patchtst_096_half_quarterly_medium_mag_noise10_lt3 | run_3 | freq=7 | noise=1 | magnitude=100 | lead_time=3
[2026-07-16T23:17:06] Waiting for available CPU/GPU capacity. waiting=137, running=20
[2026-07-16T23:17:07] Finished local_patchtst | local_patchtst_098_half_quarterly_medium_mag_noise100_lt2 | run_3 | freq=7 | noise=1 | magnitude=100 | lead_time=2
[2026-07-16T23:17:21] Started split_patchtst | split_patchtst_023_yearly_high_mag_noise10_lt2 | run_1 | freq=52 | noise=1 | magnitude=200 | lead_time=2 | PID 4160197 | GPU 5
[2026-07-16T23:17:27] Finished split_patchtst | split_patchtst_101_half_quarterly_high_mag_noise0_lt2 | run_1 | freq=7 | noise=1 | magnitude=200 | lead_time=2
[2026-07-16T23:17:40] Started split_patchtst | split_patchtst_028_half_yearly_low_mag_noise0_lt1 | run_3 | freq=26 | noise=1 | magnitude=50 | lead_time=1 | PID 4160758 | GPU 4
[2026-07-16T23:17:46] Finished split_timemixer | split_timemixer_010_yearly_medium_mag_noise0_lt1 | run_3 | freq=52 | noise=1 | magnitude=100 | lead_time=1
[2026-07-16T23:18:01] Waiting for available CPU/GPU capacity. waiting=135, running=18
[2026-07-16T23:18:07] Started split_timemixer | split_timemixer_062_quarterly_low_mag_noise100_lt2 | run_7 | freq=13 | noise=1 | magnitude=50 | lead_time=2 | PID 4161296 | GPU 2
[2026-07-16T23:18:10] Started split_timemixer | split_timemixer_067_quarterly_medium_mag_noise10_lt1 | run_5 | freq=13 | noise=1 | magnitude=100 | lead_time=1 | PID 4161497 | GPU 2
[2026-07-16T23:18:25] Finished local_timemixer | local_timemixer_048_half_yearly_high_mag_noise0_lt3 | run_9 | freq=26 | noise=1 | magnitude=200 | lead_time=3
[2026-07-16T23:18:40] Waiting for available CPU/GPU capacity. waiting=133, running=19
[2026-07-16T23:18:42] Finished local_patchtst | local_patchtst_070_quarterly_medium_mag_noise100_lt1 | run_7 | freq=13 | noise=1 | magnitude=100 | lead_time=1
[2026-07-16T23:18:53] Started split_patchtst | split_patchtst_001_yearly_low_mag_noise0_lt1 | run_1 | freq=52 | noise=1 | magnitude=50 | lead_time=1 | PID 4162629 | GPU 5
[2026-07-16T23:18:56] Started split_patchtst | split_patchtst_001_yearly_low_mag_noise0_lt1 | run_9 | freq=52 | noise=1 | magnitude=50 | lead_time=1 | PID 4162683 | GPU 5
[2026-07-16T23:19:03] Finished split_patchtst | split_patchtst_023_yearly_high_mag_noise10_lt2 | run_1 | freq=52 | noise=1 | magnitude=200 | lead_time=2
[2026-07-16T23:19:19] Waiting for available CPU/GPU capacity. waiting=131, running=18
[2026-07-16T23:19:32] Started split_patchtst | split_patchtst_016_yearly_medium_mag_noise100_lt1 | run_3 | freq=52 | noise=1 | magnitude=100 | lead_time=1 | PID 4163492 | GPU 4
[2026-07-16T23:19:38] Finished split_patchtst | split_patchtst_028_half_yearly_low_mag_noise0_lt1 | run_3 | freq=26 | noise=1 | magnitude=50 | lead_time=1
[2026-07-16T23:19:53] Waiting for available CPU/GPU capacity. waiting=130, running=18
[2026-07-16T23:19:54] Finished local_patchtst | local_patchtst_072_quarterly_medium_mag_noise100_lt3 | run_7 | freq=13 | noise=1 | magnitude=100 | lead_time=3
[2026-07-16T23:20:10] Waiting for available CPU/GPU capacity. waiting=130, running=17
[2026-07-16T23:20:23] Started split_patchtst | split_patchtst_020_yearly_high_mag_noise0_lt2 | run_7 | freq=52 | noise=1 | magnitude=200 | lead_time=2 | PID 4165013 | GPU 6
[2026-07-16T23:20:27] Started split_patchtst | split_patchtst_021_yearly_high_mag_noise0_lt3 | run_1 | freq=52 | noise=1 | magnitude=200 | lead_time=3 | PID 4165023 | GPU 5
[2026-07-16T23:20:30] Started split_patchtst | split_patchtst_021_yearly_high_mag_noise0_lt3 | run_9 | freq=52 | noise=1 | magnitude=200 | lead_time=3 | PID 4165034 | GPU 6
[2026-07-16T23:20:33] Started split_patchtst | split_patchtst_022_yearly_high_mag_noise10_lt1 | run_3 | freq=52 | noise=1 | magnitude=200 | lead_time=1 | PID 4165042 | GPU 5
[2026-07-16T23:20:39] Finished split_patchtst | split_patchtst_001_yearly_low_mag_noise0_lt1 | run_9 | freq=52 | noise=1 | magnitude=50 | lead_time=1
[2026-07-16T23:20:54] Waiting for available CPU/GPU capacity. waiting=126, running=17
[2026-07-16T23:20:57] Started split_timemixer | split_timemixer_011_yearly_medium_mag_noise0_lt2 | run_9 | freq=52 | noise=1 | magnitude=100 | lead_time=2 | PID 4165403 | GPU 4
[2026-07-16T23:21:00] Started split_timemixer | split_timemixer_012_yearly_medium_mag_noise0_lt3 | run_7 | freq=52 | noise=1 | magnitude=100 | lead_time=3 | PID 4165513 | GPU 4
[2026-07-16T23:21:16] Finished local_timemixer | local_timemixer_087_half_quarterly_low_mag_noise10_lt3 | run_1 | freq=7 | noise=1 | magnitude=50 | lead_time=3
[2026-07-16T23:21:31] Waiting for available CPU/GPU capacity. waiting=124, running=18
[2026-07-16T23:21:32] Finished split_timemixer | split_timemixer_085_half_quarterly_low_mag_noise10_lt1 | run_5 | freq=7 | noise=1 | magnitude=50 | lead_time=1
[2026-07-16T23:21:45] Started split_patchtst | split_patchtst_048_half_yearly_high_mag_noise0_lt3 | run_7 | freq=26 | noise=1 | magnitude=200 | lead_time=3 | PID 4166796 | GPU 6
[2026-07-16T23:21:48] Started split_patchtst | split_patchtst_050_half_yearly_high_mag_noise10_lt2 | run_3 | freq=26 | noise=1 | magnitude=200 | lead_time=2 | PID 4166803 | GPU 6
[2026-07-16T23:21:51] Started split_patchtst | split_patchtst_051_half_yearly_high_mag_noise10_lt3 | run_1 | freq=26 | noise=1 | magnitude=200 | lead_time=3 | PID 4166820 | GPU 5
[2026-07-16T23:21:55] Started split_patchtst | split_patchtst_053_half_yearly_high_mag_noise100_lt2 | run_9 | freq=26 | noise=1 | magnitude=200 | lead_time=2 | PID 4166828 | GPU 5
[2026-07-16T23:22:00] Finished split_patchtst | split_patchtst_022_yearly_high_mag_noise10_lt1 | run_3 | freq=52 | noise=1 | magnitude=200 | lead_time=1
[2026-07-16T23:22:01] Started local_timemixer | local_timemixer_053_half_yearly_high_mag_noise100_lt2 | run_7 | freq=26 | noise=1 | magnitude=200 | lead_time=2 | PID 4166972 | GPU 5
[2026-07-16T23:22:31] Waiting for available CPU/GPU capacity. waiting=119, running=16
[2026-07-16T23:22:53] Started split_timemixer | split_timemixer_103_half_quarterly_high_mag_noise10_lt1 | run_1 | freq=7 | noise=1 | magnitude=200 | lead_time=1 | PID 4168408 | GPU 0
[2026-07-16T23:22:56] Started split_timemixer | split_timemixer_107_half_quarterly_high_mag_noise100_lt2 | run_5 | freq=7 | noise=1 | magnitude=200 | lead_time=2 | PID 4168420 | GPU 0
[2026-07-16T23:23:06] Started split_patchtst | split_patchtst_075_quarterly_high_mag_noise0_lt3 | run_5 | freq=13 | noise=1 | magnitude=200 | lead_time=3 | PID 4168661 | GPU 6
[2026-07-16T23:23:10] Started split_patchtst | split_patchtst_076_quarterly_high_mag_noise10_lt1 | run_7 | freq=13 | noise=1 | magnitude=200 | lead_time=1 | PID 4168668 | GPU 6
[2026-07-16T23:23:14] Finished split_patchtst | split_patchtst_048_half_yearly_high_mag_noise0_lt3 | run_7 | freq=26 | noise=1 | magnitude=200 | lead_time=3
[2026-07-16T23:23:15] Started local_timemixer | local_timemixer_064_quarterly_medium_mag_noise0_lt1 | run_7 | freq=13 | noise=1 | magnitude=100 | lead_time=1 | PID 4168870 | GPU 6
[2026-07-16T23:23:31] Finished split_patchtst | split_patchtst_050_half_yearly_high_mag_noise10_lt2 | run_3 | freq=26 | noise=1 | magnitude=200 | lead_time=2
[2026-07-16T23:23:39] Started local_patchtst | local_patchtst_041_half_yearly_medium_mag_noise10_lt2 | run_1 | freq=26 | noise=1 | magnitude=100 | lead_time=2 | PID 4169293 | GPU 3
[2026-07-16T23:24:01] Waiting for available CPU/GPU capacity. waiting=113, running=17
[2026-07-16T23:24:13] Started split_patchtst | split_patchtst_006_yearly_low_mag_noise10_lt3 | run_7 | freq=52 | noise=1 | magnitude=50 | lead_time=3 | PID 4170294 | GPU 3
[2026-07-16T23:24:18] Finished split_patchtst | split_patchtst_053_half_yearly_high_mag_noise100_lt2 | run_9 | freq=26 | noise=1 | magnitude=200 | lead_time=2
[2026-07-16T23:24:32] Waiting for available CPU/GPU capacity. waiting=112, running=16
[2026-07-16T23:24:40] Started local_patchtst | local_patchtst_020_yearly_high_mag_noise0_lt2 | run_3 | freq=52 | noise=1 | magnitude=200 | lead_time=2 | PID 4170905 | GPU 5
[2026-07-16T23:24:59] Started local_patchtst | local_patchtst_105_half_quarterly_high_mag_noise10_lt3 | run_1 | freq=7 | noise=1 | magnitude=200 | lead_time=3 | PID 4171243 | GPU 5
[2026-07-16T23:25:05] Finished split_timemixer | split_timemixer_091_half_quarterly_medium_mag_noise0_lt1 | run_9 | freq=7 | noise=1 | magnitude=100 | lead_time=1
[2026-07-16T23:25:18] Waiting for available CPU/GPU capacity. waiting=110, running=17
[2026-07-16T23:25:34] Finished split_patchtst | split_patchtst_076_quarterly_high_mag_noise10_lt1 | run_7 | freq=13 | noise=1 | magnitude=200 | lead_time=1
[2026-07-16T23:25:38] Started split_timemixer | split_timemixer_076_quarterly_high_mag_noise10_lt1 | run_3 | freq=13 | noise=1 | magnitude=200 | lead_time=1 | PID 4172458 | GPU 1
[2026-07-16T23:25:58] Started local_patchtst | local_patchtst_064_quarterly_medium_mag_noise0_lt1 | run_3 | freq=13 | noise=1 | magnitude=100 | lead_time=1 | PID 4172831 | GPU 6
[2026-07-16T23:26:07] Started split_timemixer | split_timemixer_008_yearly_low_mag_noise100_lt2 | run_3 | freq=52 | noise=1 | magnitude=50 | lead_time=2 | PID 4172944 | GPU 7
[2026-07-16T23:26:19] Started split_patchtst | split_patchtst_011_yearly_medium_mag_noise0_lt2 | run_1 | freq=52 | noise=1 | magnitude=100 | lead_time=2 | PID 4173429 | GPU 6
[2026-07-16T23:26:37] Waiting for available CPU/GPU capacity. waiting=106, running=19
[2026-07-16T23:26:38] Finished local_timemixer | local_timemixer_053_half_yearly_high_mag_noise100_lt2 | run_7 | freq=26 | noise=1 | magnitude=200 | lead_time=2
[2026-07-16T23:26:41] Started split_timemixer | split_timemixer_029_half_yearly_low_mag_noise0_lt2 | run_5 | freq=26 | noise=1 | magnitude=50 | lead_time=2 | PID 4174036 | GPU 5
[2026-07-16T23:26:54] Finished local_patchtst | local_patchtst_041_half_yearly_medium_mag_noise10_lt2 | run_1 | freq=26 | noise=1 | magnitude=100 | lead_time=2
[2026-07-16T23:27:03] Started local_patchtst | local_patchtst_100_half_quarterly_high_mag_noise0_lt1 | run_3 | freq=7 | noise=1 | magnitude=200 | lead_time=1 | PID 4174441 | GPU 2
[2026-07-16T23:27:06] Started local_patchtst | local_patchtst_106_half_quarterly_high_mag_noise100_lt1 | run_7 | freq=7 | noise=1 | magnitude=200 | lead_time=1 | PID 4174448 | GPU 2
[2026-07-16T23:27:10] Started local_patchtst | local_patchtst_107_half_quarterly_high_mag_noise100_lt2 | run_9 | freq=7 | noise=1 | magnitude=200 | lead_time=2 | PID 4174488 | GPU 2
[2026-07-16T23:27:16] Finished split_patchtst | split_patchtst_006_yearly_low_mag_noise10_lt3 | run_7 | freq=52 | noise=1 | magnitude=50 | lead_time=3
[2026-07-16T23:27:26] Started split_patchtst | split_patchtst_009_yearly_low_mag_noise100_lt3 | run_5 | freq=52 | noise=1 | magnitude=50 | lead_time=3 | PID 4174998 | GPU 3
[2026-07-16T23:27:44] Waiting for available CPU/GPU capacity. waiting=101, running=19
[2026-07-16T23:27:45] Finished local_patchtst | local_patchtst_105_half_quarterly_high_mag_noise10_lt3 | run_1 | freq=7 | noise=1 | magnitude=200 | lead_time=3
[2026-07-16T23:27:56] Waiting for available CPU/GPU capacity. waiting=101, running=17
[2026-07-16T23:28:10] Finished local_timemixer | local_timemixer_064_quarterly_medium_mag_noise0_lt1 | run_7 | freq=13 | noise=1 | magnitude=100 | lead_time=1
[2026-07-16T23:28:14] Started split_timemixer | split_timemixer_053_half_yearly_high_mag_noise100_lt2 | run_5 | freq=26 | noise=1 | magnitude=200 | lead_time=2 | PID 4176206 | GPU 6
[2026-07-16T23:28:17] Started split_timemixer | split_timemixer_057_quarterly_low_mag_noise0_lt3 | run_1 | freq=13 | noise=1 | magnitude=50 | lead_time=3 | PID 4176421 | GPU 6
[2026-07-16T23:28:29] Finished split_patchtst | split_patchtst_011_yearly_medium_mag_noise0_lt2 | run_1 | freq=52 | noise=1 | magnitude=100 | lead_time=2
[2026-07-16T23:28:41] Waiting for available CPU/GPU capacity. waiting=99, running=17
[2026-07-16T23:28:42] Finished local_patchtst | local_patchtst_064_quarterly_medium_mag_noise0_lt1 | run_3 | freq=13 | noise=1 | magnitude=100 | lead_time=1
[2026-07-16T23:28:54] Waiting for available CPU/GPU capacity. waiting=99, running=16
[2026-07-16T23:28:55] Finished local_patchtst | local_patchtst_106_half_quarterly_high_mag_noise100_lt1 | run_7 | freq=7 | noise=1 | magnitude=200 | lead_time=1
[2026-07-16T23:28:56] Started local_timemixer | local_timemixer_066_quarterly_medium_mag_noise0_lt3 | run_3 | freq=13 | noise=1 | magnitude=100 | lead_time=3 | PID 4177050 | GPU 2
[2026-07-16T23:28:59] Started local_timemixer | local_timemixer_066_quarterly_medium_mag_noise0_lt3 | run_7 | freq=13 | noise=1 | magnitude=100 | lead_time=3 | PID 4177127 | GPU 2
[2026-07-16T23:29:05] Started split_timemixer | split_timemixer_047_half_yearly_high_mag_noise0_lt2 | run_5 | freq=26 | noise=1 | magnitude=200 | lead_time=2 | PID 4177289 | GPU 3
[2026-07-16T23:29:16] Finished local_patchtst | local_patchtst_107_half_quarterly_high_mag_noise100_lt2 | run_9 | freq=7 | noise=1 | magnitude=200 | lead_time=2
[2026-07-16T23:29:27] Waiting for available CPU/GPU capacity. waiting=96, running=16
[2026-07-16T23:30:03] Started split_patchtst | split_patchtst_059_quarterly_low_mag_noise10_lt2 | run_5 | freq=13 | noise=1 | magnitude=50 | lead_time=2 | PID 4178732 | GPU 5
[2026-07-16T23:30:19] Waiting for available CPU/GPU capacity. waiting=95, running=17
[2026-07-16T23:30:33] Finished split_timemixer | split_timemixer_083_half_quarterly_low_mag_noise0_lt2 | run_1 | freq=7 | noise=1 | magnitude=50 | lead_time=2
[2026-07-16T23:30:44] Waiting for available CPU/GPU capacity. waiting=95, running=16
[2026-07-16T23:30:45] Finished split_patchtst | split_patchtst_009_yearly_low_mag_noise100_lt3 | run_5 | freq=52 | noise=1 | magnitude=50 | lead_time=3
[2026-07-16T23:30:53] Started local_patchtst | local_patchtst_079_quarterly_high_mag_noise100_lt1 | run_5 | freq=13 | noise=1 | magnitude=200 | lead_time=1 | PID 4180151 | GPU 4
[2026-07-16T23:30:57] Started local_patchtst | local_patchtst_089_half_quarterly_low_mag_noise100_lt2 | run_5 | freq=7 | noise=1 | magnitude=50 | lead_time=2 | PID 4180159 | GPU 4
[2026-07-16T23:31:03] Finished split_timemixer | split_timemixer_103_half_quarterly_high_mag_noise10_lt1 | run_1 | freq=7 | noise=1 | magnitude=200 | lead_time=1
[2026-07-16T23:31:06] Started split_timemixer | split_timemixer_076_quarterly_high_mag_noise10_lt1 | run_7 | freq=13 | noise=1 | magnitude=200 | lead_time=1 | PID 4180292 | GPU 0
[2026-07-16T23:31:24] Started local_patchtst | local_patchtst_070_quarterly_medium_mag_noise100_lt1 | run_3 | freq=13 | noise=1 | magnitude=100 | lead_time=1 | PID 4180885 | GPU 4
[2026-07-16T23:31:29] Started split_patchtst | split_patchtst_018_yearly_medium_mag_noise100_lt3 | run_3 | freq=52 | noise=1 | magnitude=100 | lead_time=3 | PID 4180922 | GPU 4
[2026-07-16T23:31:43] Started split_patchtst | split_patchtst_005_yearly_low_mag_noise10_lt2 | run_1 | freq=52 | noise=1 | magnitude=50 | lead_time=2 | PID 4181397 | GPU 5
[2026-07-16T23:31:57] Started split_patchtst | split_patchtst_009_yearly_low_mag_noise100_lt3 | run_1 | freq=52 | noise=1 | magnitude=50 | lead_time=3 | PID 4181634 | GPU 0
[2026-07-16T23:32:00] Started split_patchtst | split_patchtst_011_yearly_medium_mag_noise0_lt2 | run_5 | freq=52 | noise=1 | magnitude=100 | lead_time=2 | PID 4181645 | GPU 1
[2026-07-16T23:32:03] Started split_patchtst | split_patchtst_017_yearly_medium_mag_noise100_lt2 | run_9 | freq=52 | noise=1 | magnitude=100 | lead_time=2 | PID 4181654 | GPU 1
[2026-07-16T23:32:07] Started split_patchtst | split_patchtst_019_yearly_high_mag_noise0_lt1 | run_1 | freq=52 | noise=1 | magnitude=200 | lead_time=1 | PID 4181663 | GPU 1
[2026-07-16T23:32:11] Finished split_timemixer | split_timemixer_076_quarterly_high_mag_noise10_lt1 | run_3 | freq=13 | noise=1 | magnitude=200 | lead_time=1
[2026-07-16T23:32:22] Waiting for available CPU/GPU capacity. waiting=85, running=20
[2026-07-16T23:32:28] Started split_timemixer | split_timemixer_107_half_quarterly_high_mag_noise100_lt2 | run_9 | freq=7 | noise=1 | magnitude=200 | lead_time=2 | PID 4182308 | GPU 5
[2026-07-16T23:32:36] Finished split_patchtst | split_patchtst_059_quarterly_low_mag_noise10_lt2 | run_5 | freq=13 | noise=1 | magnitude=50 | lead_time=2
[2026-07-16T23:32:47] Waiting for available CPU/GPU capacity. waiting=84, running=19
[2026-07-16T23:32:59] Finished local_patchtst | local_patchtst_079_quarterly_high_mag_noise100_lt1 | run_5 | freq=13 | noise=1 | magnitude=200 | lead_time=1
[2026-07-16T23:33:09] Waiting for available CPU/GPU capacity. waiting=84, running=18
[2026-07-16T23:33:10] Finished local_patchtst | local_patchtst_089_half_quarterly_low_mag_noise100_lt2 | run_5 | freq=7 | noise=1 | magnitude=50 | lead_time=2
[2026-07-16T23:33:20] Waiting for available CPU/GPU capacity. waiting=84, running=17
[2026-07-16T23:33:22] Started local_timemixer | local_timemixer_079_quarterly_high_mag_noise100_lt1 | run_1 | freq=13 | noise=1 | magnitude=200 | lead_time=1 | PID 4183704 | GPU 4
[2026-07-16T23:33:25] Started local_timemixer | local_timemixer_087_half_quarterly_low_mag_noise10_lt3 | run_5 | freq=7 | noise=1 | magnitude=50 | lead_time=3 | PID 4183722 | GPU 4
[2026-07-16T23:33:35] Started local_patchtst | local_patchtst_061_quarterly_low_mag_noise100_lt1 | run_9 | freq=13 | noise=1 | magnitude=50 | lead_time=1 | PID 4183942 | GPU 0
[2026-07-16T23:33:41] Finished split_patchtst | split_patchtst_018_yearly_medium_mag_noise100_lt3 | run_3 | freq=52 | noise=1 | magnitude=100 | lead_time=3
[2026-07-16T23:33:50] Waiting for available CPU/GPU capacity. waiting=81, running=18
[2026-07-16T23:34:00] Started split_patchtst | split_patchtst_055_quarterly_low_mag_noise0_lt1 | run_9 | freq=13 | noise=1 | magnitude=50 | lead_time=1 | PID 4184332 | GPU 1
[2026-07-16T23:34:05] Finished split_patchtst | split_patchtst_019_yearly_high_mag_noise0_lt1 | run_1 | freq=52 | noise=1 | magnitude=200 | lead_time=1
[2026-07-16T23:34:05] Started local_timemixer | local_timemixer_095_half_quarterly_medium_mag_noise10_lt2 | run_5 | freq=7 | noise=1 | magnitude=100 | lead_time=2 | PID 4184476 | GPU 1
[2026-07-16T23:34:09] Started local_timemixer | local_timemixer_097_half_quarterly_medium_mag_noise100_lt1 | run_1 | freq=7 | noise=1 | magnitude=100 | lead_time=1 | PID 4184554 | GPU 1
[2026-07-16T23:34:21] Finished split_patchtst | split_patchtst_017_yearly_medium_mag_noise100_lt2 | run_9 | freq=52 | noise=1 | magnitude=100 | lead_time=2
[2026-07-16T23:34:30] Waiting for available CPU/GPU capacity. waiting=78, running=17
[2026-07-16T23:34:35] Started split_timemixer | split_timemixer_093_half_quarterly_medium_mag_noise0_lt3 | run_1 | freq=7 | noise=1 | magnitude=100 | lead_time=3 | PID 4185447 | GPU 5
[2026-07-16T23:34:44] Finished split_patchtst | split_patchtst_009_yearly_low_mag_noise100_lt3 | run_1 | freq=52 | noise=1 | magnitude=50 | lead_time=3
[2026-07-16T23:34:53] Waiting for available CPU/GPU capacity. waiting=77, running=17
[2026-07-16T23:34:59] Started local_patchtst | local_patchtst_014_yearly_medium_mag_noise10_lt2 | run_7 | freq=52 | noise=1 | magnitude=100 | lead_time=2 | PID 4185797 | GPU 7
[2026-07-16T23:35:02] Started local_patchtst | local_patchtst_015_yearly_medium_mag_noise10_lt3 | run_9 | freq=52 | noise=1 | magnitude=100 | lead_time=3 | PID 4185812 | GPU 7
[2026-07-16T23:35:09] Finished split_timemixer | split_timemixer_008_yearly_low_mag_noise100_lt2 | run_3 | freq=52 | noise=1 | magnitude=50 | lead_time=2
[2026-07-16T23:35:18] Waiting for available CPU/GPU capacity. waiting=75, running=17
[2026-07-16T23:35:22] Started split_timemixer | split_timemixer_077_quarterly_high_mag_noise10_lt2 | run_1 | freq=13 | noise=1 | magnitude=200 | lead_time=2 | PID 4186328 | GPU 0
[2026-07-16T23:35:29] Started local_patchtst | local_patchtst_091_half_quarterly_medium_mag_noise0_lt1 | run_5 | freq=7 | noise=1 | magnitude=100 | lead_time=1 | PID 4186544 | GPU 7
[2026-07-16T23:35:33] Started local_patchtst | local_patchtst_092_half_quarterly_medium_mag_noise0_lt2 | run_7 | freq=7 | noise=1 | magnitude=100 | lead_time=2 | PID 4186722 | GPU 2
[2026-07-16T23:35:36] Started split_patchtst | split_patchtst_002_yearly_low_mag_noise0_lt2 | run_7 | freq=52 | noise=1 | magnitude=50 | lead_time=2 | PID 4186804 | GPU 2
[2026-07-16T23:35:41] Finished local_timemixer | local_timemixer_066_quarterly_medium_mag_noise0_lt3 | run_7 | freq=13 | noise=1 | magnitude=100 | lead_time=3
[2026-07-16T23:35:42] Started local_timemixer | local_timemixer_105_half_quarterly_high_mag_noise10_lt3 | run_1 | freq=7 | noise=1 | magnitude=200 | lead_time=3 | PID 4186915 | GPU 2
[2026-07-16T23:36:01] Waiting for available CPU/GPU capacity. waiting=70, running=20
[2026-07-16T23:36:40] Finished local_patchtst | local_patchtst_014_yearly_medium_mag_noise10_lt2 | run_7 | freq=52 | noise=1 | magnitude=100 | lead_time=2
[2026-07-16T23:36:43] Started split_timemixer | split_timemixer_069_quarterly_medium_mag_noise10_lt3 | run_5 | freq=13 | noise=1 | magnitude=100 | lead_time=3 | PID 4188279 | GPU 7
[2026-07-16T23:36:47] Started split_timemixer | split_timemixer_078_quarterly_high_mag_noise10_lt3 | run_3 | freq=13 | noise=1 | magnitude=200 | lead_time=3 | PID 4188351 | GPU 7
[2026-07-16T23:36:55] Finished local_patchtst | local_patchtst_015_yearly_medium_mag_noise10_lt3 | run_9 | freq=52 | noise=1 | magnitude=100 | lead_time=3
[2026-07-16T23:37:04] Waiting for available CPU/GPU capacity. waiting=68, running=20
[2026-07-16T23:37:05] Finished split_patchtst | split_patchtst_055_quarterly_low_mag_noise0_lt1 | run_9 | freq=13 | noise=1 | magnitude=50 | lead_time=1
[2026-07-16T23:37:13] Waiting for available CPU/GPU capacity. waiting=68, running=18
[2026-07-16T23:37:43] Finished split_timemixer | split_timemixer_076_quarterly_high_mag_noise10_lt1 | run_7 | freq=13 | noise=1 | magnitude=200 | lead_time=1
[2026-07-16T23:37:51] Waiting for available CPU/GPU capacity. waiting=68, running=17
[2026-07-16T23:37:52] Finished local_patchtst | local_patchtst_091_half_quarterly_medium_mag_noise0_lt1 | run_5 | freq=7 | noise=1 | magnitude=100 | lead_time=1
[2026-07-16T23:38:00] Waiting for available CPU/GPU capacity. waiting=68, running=16
[2026-07-16T23:38:01] Finished split_patchtst | split_patchtst_002_yearly_low_mag_noise0_lt2 | run_7 | freq=52 | noise=1 | magnitude=50 | lead_time=2
[2026-07-16T23:38:09] Waiting for available CPU/GPU capacity. waiting=68, running=15
[2026-07-16T23:38:12] Started split_timemixer | split_timemixer_023_yearly_high_mag_noise10_lt2 | run_5 | freq=52 | noise=1 | magnitude=200 | lead_time=2 | PID 4190515 | GPU 6
[2026-07-16T23:38:15] Started split_timemixer | split_timemixer_026_yearly_high_mag_noise100_lt2 | run_3 | freq=52 | noise=1 | magnitude=200 | lead_time=2 | PID 4190522 | GPU 6
[2026-07-16T23:38:25] Finished local_patchtst | local_patchtst_092_half_quarterly_medium_mag_noise0_lt2 | run_7 | freq=7 | noise=1 | magnitude=100 | lead_time=2
[2026-07-16T23:38:33] Waiting for available CPU/GPU capacity. waiting=66, running=14
[2026-07-16T23:38:43] Finished local_timemixer | local_timemixer_079_quarterly_high_mag_noise100_lt1 | run_1 | freq=13 | noise=1 | magnitude=200 | lead_time=1
[2026-07-16T23:38:50] Started split_patchtst | split_patchtst_056_quarterly_low_mag_noise0_lt2 | run_3 | freq=13 | noise=1 | magnitude=50 | lead_time=2 | PID 4191377 | GPU 2
[2026-07-16T23:39:02] Waiting for available CPU/GPU capacity. waiting=65, running=13
[2026-07-16T23:39:05] Started split_timemixer | split_timemixer_036_half_yearly_low_mag_noise100_lt3 | run_7 | freq=26 | noise=1 | magnitude=50 | lead_time=3 | PID 4191579 | GPU 2
[2026-07-16T23:39:14] Started split_patchtst | split_patchtst_096_half_quarterly_medium_mag_noise10_lt3 | run_7 | freq=7 | noise=1 | magnitude=100 | lead_time=3 | PID 4191745 | GPU 4
[2026-07-16T23:39:21] Started local_patchtst | local_patchtst_014_yearly_medium_mag_noise10_lt2 | run_3 | freq=52 | noise=1 | magnitude=100 | lead_time=2 | PID 4191964 | GPU 4
[2026-07-16T23:39:24] Started local_patchtst | local_patchtst_018_yearly_medium_mag_noise100_lt3 | run_3 | freq=52 | noise=1 | magnitude=100 | lead_time=3 | PID 4192218 | GPU 4
[2026-07-16T23:39:31] Finished local_timemixer | local_timemixer_087_half_quarterly_low_mag_noise10_lt3 | run_5 | freq=7 | noise=1 | magnitude=50 | lead_time=3
[2026-07-16T23:39:32] Started local_timemixer | local_timemixer_105_half_quarterly_high_mag_noise10_lt3 | run_9 | freq=7 | noise=1 | magnitude=200 | lead_time=3 | PID 4192383 | GPU 3
[2026-07-16T23:39:36] Started split_timemixer | split_timemixer_014_yearly_medium_mag_noise10_lt2 | run_7 | freq=52 | noise=1 | magnitude=100 | lead_time=2 | PID 4192397 | GPU 0
[2026-07-16T23:39:52] Waiting for available CPU/GPU capacity. waiting=59, running=18
[2026-07-16T23:40:10] Finished local_timemixer | local_timemixer_097_half_quarterly_medium_mag_noise100_lt1 | run_1 | freq=7 | noise=1 | magnitude=100 | lead_time=1
[2026-07-16T23:40:17] Waiting for available CPU/GPU capacity. waiting=59, running=17
[2026-07-16T23:40:29] Started split_timemixer | split_timemixer_049_half_yearly_high_mag_noise10_lt1 | run_5 | freq=26 | noise=1 | magnitude=200 | lead_time=1 | PID 4193560 | GPU 1
[2026-07-16T23:40:32] Started split_timemixer | split_timemixer_052_half_yearly_high_mag_noise100_lt1 | run_7 | freq=26 | noise=1 | magnitude=200 | lead_time=1 | PID 4193625 | GPU 1
[2026-07-16T23:40:41] Finished local_timemixer | local_timemixer_095_half_quarterly_medium_mag_noise10_lt2 | run_5 | freq=7 | noise=1 | magnitude=100 | lead_time=2
[2026-07-16T23:40:48] Waiting for available CPU/GPU capacity. waiting=57, running=18
[2026-07-16T23:40:49] Started split_timemixer | split_timemixer_005_yearly_low_mag_noise10_lt2 | run_1 | freq=52 | noise=1 | magnitude=50 | lead_time=2 | PID 4194278 | GPU 4
[2026-07-16T23:40:59] Finished split_patchtst | split_patchtst_096_half_quarterly_medium_mag_noise10_lt3 | run_7 | freq=7 | noise=1 | magnitude=100 | lead_time=3
[2026-07-16T23:41:06] Waiting for available CPU/GPU capacity. waiting=56, running=18
[2026-07-16T23:41:31] Finished split_timemixer | split_timemixer_107_half_quarterly_high_mag_noise100_lt2 | run_9 | freq=7 | noise=1 | magnitude=200 | lead_time=2
[2026-07-16T23:41:36] Started local_patchtst | local_patchtst_053_half_yearly_high_mag_noise100_lt2 | run_9 | freq=26 | noise=1 | magnitude=200 | lead_time=2 | PID 2222 | GPU 4
[2026-07-16T23:41:41] Finished local_patchtst | local_patchtst_014_yearly_medium_mag_noise10_lt2 | run_3 | freq=52 | noise=1 | magnitude=100 | lead_time=2
[2026-07-16T23:41:48] Waiting for available CPU/GPU capacity. waiting=55, running=17
[2026-07-16T23:41:49] Finished local_patchtst | local_patchtst_018_yearly_medium_mag_noise100_lt3 | run_3 | freq=52 | noise=1 | magnitude=100 | lead_time=3
[2026-07-16T23:41:56] Waiting for available CPU/GPU capacity. waiting=55, running=16
[2026-07-16T23:42:05] Finished local_timemixer | local_timemixer_105_half_quarterly_high_mag_noise10_lt3 | run_1 | freq=7 | noise=1 | magnitude=200 | lead_time=3
[2026-07-16T23:42:12] Waiting for available CPU/GPU capacity. waiting=55, running=15
[2026-07-16T23:42:19] Started split_patchtst | split_patchtst_065_quarterly_medium_mag_noise0_lt2 | run_5 | freq=13 | noise=1 | magnitude=100 | lead_time=2 | PID 3468 | GPU 2
[2026-07-16T23:42:23] Finished split_patchtst | split_patchtst_056_quarterly_low_mag_noise0_lt2 | run_3 | freq=13 | noise=1 | magnitude=50 | lead_time=2
[2026-07-16T23:42:30] Waiting for available CPU/GPU capacity. waiting=54, running=14
[2026-07-16T23:42:55] Started split_timemixer | split_timemixer_003_yearly_low_mag_noise0_lt3 | run_5 | freq=52 | noise=1 | magnitude=50 | lead_time=3 | PID 4254 | GPU 5
[2026-07-16T23:42:58] Started split_timemixer | split_timemixer_016_yearly_medium_mag_noise100_lt1 | run_3 | freq=52 | noise=1 | magnitude=100 | lead_time=1 | PID 4279 | GPU 5
[2026-07-16T23:43:07] Finished split_timemixer | split_timemixer_093_half_quarterly_medium_mag_noise0_lt3 | run_1 | freq=7 | noise=1 | magnitude=100 | lead_time=3
[2026-07-16T23:43:14] Waiting for available CPU/GPU capacity. waiting=52, running=15
[2026-07-16T23:43:43] Started split_patchtst | split_patchtst_059_quarterly_low_mag_noise10_lt2 | run_9 | freq=13 | noise=1 | magnitude=50 | lead_time=2 | PID 5483 | GPU 0
[2026-07-16T23:43:53] Waiting for available CPU/GPU capacity. waiting=51, running=16
[2026-07-16T23:44:10] Started split_timemixer | split_timemixer_017_yearly_medium_mag_noise100_lt2 | run_9 | freq=52 | noise=1 | magnitude=100 | lead_time=2 | PID 6007 | GPU 2
[2026-07-16T23:44:25] Waiting for available CPU/GPU capacity. waiting=50, running=17
[2026-07-16T23:44:26] Finished local_patchtst | local_patchtst_053_half_yearly_high_mag_noise100_lt2 | run_9 | freq=26 | noise=1 | magnitude=200 | lead_time=2
[2026-07-16T23:44:32] Waiting for available CPU/GPU capacity. waiting=50, running=16
[2026-07-16T23:44:44] Started local_patchtst | local_patchtst_030_half_yearly_low_mag_noise0_lt3 | run_3 | freq=26 | noise=1 | magnitude=50 | lead_time=3 | PID 7044 | GPU 4
[2026-07-16T23:44:56] Waiting for available CPU/GPU capacity. waiting=49, running=17
[2026-07-16T23:45:19] Finished split_patchtst | split_patchtst_065_quarterly_medium_mag_noise0_lt2 | run_5 | freq=13 | noise=1 | magnitude=100 | lead_time=2
[2026-07-16T23:45:20] Started split_timemixer | split_timemixer_045_half_yearly_medium_mag_noise100_lt3 | run_1 | freq=26 | noise=1 | magnitude=100 | lead_time=3 | PID 7759 | GPU 0
[2026-07-16T23:45:34] Waiting for available CPU/GPU capacity. waiting=48, running=17
[2026-07-16T23:46:54] Finished split_patchtst | split_patchtst_059_quarterly_low_mag_noise10_lt2 | run_9 | freq=13 | noise=1 | magnitude=50 | lead_time=2
[2026-07-16T23:47:00] Waiting for available CPU/GPU capacity. waiting=48, running=15
[2026-07-16T23:47:07] Started split_patchtst | split_patchtst_096_half_quarterly_medium_mag_noise10_lt3 | run_3 | freq=7 | noise=1 | magnitude=100 | lead_time=3 | PID 10830 | GPU 4
[2026-07-16T23:47:11] Started split_patchtst | split_patchtst_100_half_quarterly_high_mag_noise0_lt1 | run_7 | freq=7 | noise=1 | magnitude=200 | lead_time=1 | PID 10904 | GPU 4
[2026-07-16T23:47:14] Started split_patchtst | split_patchtst_101_half_quarterly_high_mag_noise0_lt2 | run_5 | freq=7 | noise=1 | magnitude=200 | lead_time=2 | PID 10934 | GPU 7
[2026-07-16T23:47:17] Finished split_timemixer | split_timemixer_005_yearly_low_mag_noise10_lt2 | run_1 | freq=52 | noise=1 | magnitude=50 | lead_time=2
[2026-07-16T23:47:18] Started split_timemixer | split_timemixer_016_yearly_medium_mag_noise100_lt1 | run_7 | freq=52 | noise=1 | magnitude=100 | lead_time=1 | PID 10998 | GPU 7
[2026-07-16T23:47:21] Started split_timemixer | split_timemixer_019_yearly_high_mag_noise0_lt1 | run_9 | freq=52 | noise=1 | magnitude=200 | lead_time=1 | PID 11011 | GPU 7
[2026-07-16T23:47:28] Started local_patchtst | local_patchtst_076_quarterly_high_mag_noise10_lt1 | run_3 | freq=13 | noise=1 | magnitude=200 | lead_time=1 | PID 11278 | GPU 3
[2026-07-16T23:47:33] Finished local_patchtst | local_patchtst_030_half_yearly_low_mag_noise0_lt3 | run_3 | freq=26 | noise=1 | magnitude=50 | lead_time=3
[2026-07-16T23:47:38] Waiting for available CPU/GPU capacity. waiting=42, running=15
[2026-07-16T23:47:44] Started split_patchtst | split_patchtst_095_half_quarterly_medium_mag_noise10_lt2 | run_1 | freq=7 | noise=1 | magnitude=100 | lead_time=2 | PID 11536 | GPU 6
[2026-07-16T23:47:48] Started split_patchtst | split_patchtst_095_half_quarterly_medium_mag_noise10_lt2 | run_5 | freq=7 | noise=1 | magnitude=100 | lead_time=2 | PID 11543 | GPU 6
[2026-07-16T23:47:51] Finished split_timemixer | split_timemixer_026_yearly_high_mag_noise100_lt2 | run_3 | freq=52 | noise=1 | magnitude=200 | lead_time=2
[2026-07-16T23:47:51] Started split_timemixer | split_timemixer_022_yearly_high_mag_noise10_lt1 | run_7 | freq=52 | noise=1 | magnitude=200 | lead_time=1 | PID 11554 | GPU 6
[2026-07-16T23:48:04] Waiting for available CPU/GPU capacity. waiting=39, running=17
[2026-07-16T23:48:30] Started split_timemixer | split_timemixer_023_yearly_high_mag_noise10_lt2 | run_1 | freq=52 | noise=1 | magnitude=200 | lead_time=2 | PID 12775 | GPU 4
[2026-07-16T23:48:34] Started split_timemixer | split_timemixer_028_half_yearly_low_mag_noise0_lt1 | run_7 | freq=26 | noise=1 | magnitude=50 | lead_time=1 | PID 12782 | GPU 4
[2026-07-16T23:48:41] Finished split_patchtst | split_patchtst_100_half_quarterly_high_mag_noise0_lt1 | run_7 | freq=7 | noise=1 | magnitude=200 | lead_time=1
[2026-07-16T23:48:46] Started split_patchtst | split_patchtst_046_half_yearly_high_mag_noise0_lt1 | run_7 | freq=26 | noise=1 | magnitude=200 | lead_time=1 | PID 12942 | GPU 3
[2026-07-16T23:48:54] Waiting for available CPU/GPU capacity. waiting=36, running=17
[2026-07-16T23:48:59] Started local_patchtst | local_patchtst_073_quarterly_high_mag_noise0_lt1 | run_1 | freq=13 | noise=1 | magnitude=200 | lead_time=1 | PID 13101 | GPU 0
[2026-07-16T23:49:07] Waiting for available CPU/GPU capacity. waiting=35, running=18
[2026-07-16T23:49:29] Started local_patchtst | local_patchtst_043_half_yearly_medium_mag_noise100_lt1 | run_9 | freq=26 | noise=1 | magnitude=100 | lead_time=1 | PID 13784 | GPU 1
[2026-07-16T23:49:32] Started local_patchtst | local_patchtst_044_half_yearly_medium_mag_noise100_lt2 | run_3 | freq=26 | noise=1 | magnitude=100 | lead_time=2 | PID 13912 | GPU 1
[2026-07-16T23:49:35] Started local_patchtst | local_patchtst_052_half_yearly_high_mag_noise100_lt1 | run_7 | freq=26 | noise=1 | magnitude=200 | lead_time=1 | PID 13993 | GPU 2
[2026-07-16T23:49:40] Finished split_timemixer | split_timemixer_052_half_yearly_high_mag_noise100_lt1 | run_7 | freq=26 | noise=1 | magnitude=200 | lead_time=1
[2026-07-16T23:49:44] Waiting for available CPU/GPU capacity. waiting=32, running=19
[2026-07-16T23:50:00] Started split_patchtst | split_patchtst_062_quarterly_low_mag_noise100_lt2 | run_3 | freq=13 | noise=1 | magnitude=50 | lead_time=2 | PID 14486 | GPU 1
[2026-07-16T23:50:07] Waiting for available CPU/GPU capacity. waiting=31, running=20
[2026-07-16T23:50:29] Finished local_patchtst | local_patchtst_076_quarterly_high_mag_noise10_lt1 | run_3 | freq=13 | noise=1 | magnitude=200 | lead_time=1
[2026-07-16T23:50:33] Waiting for available CPU/GPU capacity. waiting=31, running=19
[2026-07-16T23:50:42] Started local_patchtst | local_patchtst_018_yearly_medium_mag_noise100_lt3 | run_7 | freq=52 | noise=1 | magnitude=100 | lead_time=3 | PID 15349 | GPU 3
[2026-07-16T23:50:47] Finished split_patchtst | split_patchtst_095_half_quarterly_medium_mag_noise10_lt2 | run_5 | freq=7 | noise=1 | magnitude=100 | lead_time=2
[2026-07-16T23:50:51] Waiting for available CPU/GPU capacity. waiting=30, running=18
[2026-07-16T23:51:03] Finished split_patchtst | split_patchtst_101_half_quarterly_high_mag_noise0_lt2 | run_5 | freq=7 | noise=1 | magnitude=200 | lead_time=2
[2026-07-16T23:51:07] Waiting for available CPU/GPU capacity. waiting=30, running=17
[2026-07-16T23:51:10] Started local_patchtst | local_patchtst_019_yearly_high_mag_noise0_lt1 | run_9 | freq=52 | noise=1 | magnitude=200 | lead_time=1 | PID 16035 | GPU 2
[2026-07-16T23:51:13] Started local_patchtst | local_patchtst_020_yearly_high_mag_noise0_lt2 | run_7 | freq=52 | noise=1 | magnitude=200 | lead_time=2 | PID 16151 | GPU 2
[2026-07-16T23:51:17] Started local_patchtst | local_patchtst_023_yearly_high_mag_noise10_lt2 | run_5 | freq=52 | noise=1 | magnitude=200 | lead_time=2 | PID 16161 | GPU 1
[2026-07-16T23:51:21] Finished local_patchtst | local_patchtst_044_half_yearly_medium_mag_noise100_lt2 | run_3 | freq=26 | noise=1 | magnitude=100 | lead_time=2
[2026-07-16T23:51:25] Waiting for available CPU/GPU capacity. waiting=27, running=17
[2026-07-16T23:51:27] Started split_timemixer | split_timemixer_038_half_yearly_medium_mag_noise0_lt2 | run_3 | freq=26 | noise=1 | magnitude=100 | lead_time=2 | PID 16254 | GPU 0
[2026-07-16T23:51:30] Started split_timemixer | split_timemixer_059_quarterly_low_mag_noise10_lt2 | run_5 | freq=13 | noise=1 | magnitude=50 | lead_time=2 | PID 16443 | GPU 1
[2026-07-16T23:51:34] Started split_timemixer | split_timemixer_079_quarterly_high_mag_noise100_lt1 | run_1 | freq=13 | noise=1 | magnitude=200 | lead_time=1 | PID 16488 | GPU 1
[2026-07-16T23:51:40] Finished split_patchtst | split_patchtst_062_quarterly_low_mag_noise100_lt2 | run_3 | freq=13 | noise=1 | magnitude=50 | lead_time=2
[2026-07-16T23:51:43] Waiting for available CPU/GPU capacity. waiting=24, running=17
[2026-07-16T23:51:44] Finished split_patchtst | split_patchtst_046_half_yearly_high_mag_noise0_lt1 | run_7 | freq=26 | noise=1 | magnitude=200 | lead_time=1
[2026-07-16T23:51:47] Waiting for available CPU/GPU capacity. waiting=24, running=16
[2026-07-16T23:51:53] Finished local_patchtst | local_patchtst_052_half_yearly_high_mag_noise100_lt1 | run_7 | freq=26 | noise=1 | magnitude=200 | lead_time=1
[2026-07-16T23:51:54] Started split_timemixer | split_timemixer_081_quarterly_high_mag_noise100_lt3 | run_5 | freq=13 | noise=1 | magnitude=200 | lead_time=3 | PID 16739 | GPU 2
[2026-07-16T23:51:58] Started split_timemixer | split_timemixer_093_half_quarterly_medium_mag_noise0_lt3 | run_5 | freq=7 | noise=1 | magnitude=100 | lead_time=3 | PID 16750 | GPU 0
[2026-07-16T23:52:03] Started split_patchtst | split_patchtst_004_yearly_low_mag_noise10_lt1 | run_7 | freq=52 | noise=1 | magnitude=50 | lead_time=1 | PID 16862 | GPU 6
[2026-07-16T23:52:09] Waiting for available CPU/GPU capacity. waiting=21, running=17
[2026-07-16T23:52:24] Started local_patchtst | local_patchtst_004_yearly_low_mag_noise10_lt1 | run_7 | freq=52 | noise=1 | magnitude=50 | lead_time=1 | PID 17459 | GPU 5
[2026-07-16T23:52:27] Started local_patchtst | local_patchtst_005_yearly_low_mag_noise10_lt2 | run_5 | freq=52 | noise=1 | magnitude=50 | lead_time=2 | PID 17466 | GPU 5
[2026-07-16T23:52:30] Started local_patchtst | local_patchtst_011_yearly_medium_mag_noise0_lt2 | run_5 | freq=52 | noise=1 | magnitude=100 | lead_time=2 | PID 17575 | GPU 5
[2026-07-16T23:52:35] Finished split_timemixer | split_timemixer_003_yearly_low_mag_noise0_lt3 | run_5 | freq=52 | noise=1 | magnitude=50 | lead_time=3
[2026-07-16T23:52:38] Waiting for available CPU/GPU capacity. waiting=18, running=19
[2026-07-16T23:53:38] Finished local_patchtst | local_patchtst_018_yearly_medium_mag_noise100_lt3 | run_7 | freq=52 | noise=1 | magnitude=100 | lead_time=3
[2026-07-16T23:53:41] Waiting for available CPU/GPU capacity. waiting=18, running=18
[2026-07-16T23:53:46] Finished local_patchtst | local_patchtst_019_yearly_high_mag_noise0_lt1 | run_9 | freq=52 | noise=1 | magnitude=200 | lead_time=1
[2026-07-16T23:53:49] Waiting for available CPU/GPU capacity. waiting=18, running=17
[2026-07-16T23:53:50] Finished local_patchtst | local_patchtst_020_yearly_high_mag_noise0_lt2 | run_7 | freq=52 | noise=1 | magnitude=200 | lead_time=2
[2026-07-16T23:53:52] Waiting for available CPU/GPU capacity. waiting=18, running=16
[2026-07-16T23:53:54] Started split_timemixer | split_timemixer_080_quarterly_high_mag_noise100_lt2 | run_3 | freq=13 | noise=1 | magnitude=200 | lead_time=2 | PID 19295 | GPU 3
[2026-07-16T23:54:02] Waiting for available CPU/GPU capacity. waiting=17, running=17
[2026-07-16T23:54:11] Finished local_patchtst | local_patchtst_004_yearly_low_mag_noise10_lt1 | run_7 | freq=52 | noise=1 | magnitude=50 | lead_time=1
[2026-07-16T23:54:13] Waiting for available CPU/GPU capacity. waiting=17, running=16
[2026-07-16T23:54:15] Started split_timemixer | split_timemixer_081_quarterly_high_mag_noise100_lt3 | run_1 | freq=13 | noise=1 | magnitude=200 | lead_time=3 | PID 19513 | GPU 5
[2026-07-16T23:54:18] Started split_timemixer | split_timemixer_089_half_quarterly_low_mag_noise100_lt2 | run_9 | freq=7 | noise=1 | magnitude=50 | lead_time=2 | PID 19591 | GPU 5
[2026-07-16T23:54:22] Started local_patchtst | local_patchtst_021_yearly_high_mag_noise0_lt3 | run_1 | freq=52 | noise=1 | magnitude=200 | lead_time=3 | PID 19643 | GPU 6
[2026-07-16T23:54:25] Started local_patchtst | local_patchtst_028_half_yearly_low_mag_noise0_lt1 | run_7 | freq=26 | noise=1 | magnitude=50 | lead_time=1 | PID 19651 | GPU 6
[2026-07-16T23:54:30] Finished local_patchtst | local_patchtst_011_yearly_medium_mag_noise0_lt2 | run_5 | freq=52 | noise=1 | magnitude=100 | lead_time=2
[2026-07-16T23:54:31] Started split_timemixer | split_timemixer_091_half_quarterly_medium_mag_noise0_lt1 | run_1 | freq=7 | noise=1 | magnitude=100 | lead_time=1 | PID 19697 | GPU 6
[2026-07-16T23:54:35] Finished split_patchtst | split_patchtst_004_yearly_low_mag_noise10_lt1 | run_7 | freq=52 | noise=1 | magnitude=50 | lead_time=1
[2026-07-16T23:54:37] Waiting for available CPU/GPU capacity. waiting=12, running=17
[2026-07-16T23:54:54] Finished local_patchtst | local_patchtst_023_yearly_high_mag_noise10_lt2 | run_5 | freq=52 | noise=1 | magnitude=200 | lead_time=2
[2026-07-16T23:54:56] Waiting for available CPU/GPU capacity. waiting=12, running=16
[2026-07-16T23:55:40] Finished split_timemixer | split_timemixer_030_half_yearly_low_mag_noise0_lt3 | run_3 | freq=26 | noise=1 | magnitude=50 | lead_time=3
[2026-07-16T23:55:42] Waiting for available CPU/GPU capacity. waiting=12, running=15
[2026-07-16T23:56:10] Finished split_timemixer | split_timemixer_016_yearly_medium_mag_noise100_lt1 | run_7 | freq=52 | noise=1 | magnitude=100 | lead_time=1
[2026-07-16T23:56:12] Waiting for available CPU/GPU capacity. waiting=12, running=14
[2026-07-16T23:56:42] Started local_patchtst | local_patchtst_043_half_yearly_medium_mag_noise100_lt1 | run_1 | freq=26 | noise=1 | magnitude=100 | lead_time=1 | PID 22469 | GPU 2
[2026-07-16T23:56:48] Waiting for available CPU/GPU capacity. waiting=11, running=15
[2026-07-16T23:56:52] Finished split_timemixer | split_timemixer_028_half_yearly_low_mag_noise0_lt1 | run_7 | freq=26 | noise=1 | magnitude=50 | lead_time=1
[2026-07-16T23:56:54] Waiting for available CPU/GPU capacity. waiting=11, running=14
[2026-07-16T23:56:56] Started local_patchtst | local_patchtst_077_quarterly_high_mag_noise10_lt2 | run_5 | freq=13 | noise=1 | magnitude=200 | lead_time=2 | PID 22642 | GPU 4
[2026-07-16T23:56:59] Started local_patchtst | local_patchtst_079_quarterly_high_mag_noise100_lt1 | run_1 | freq=13 | noise=1 | magnitude=200 | lead_time=1 | PID 22657 | GPU 7
[2026-07-16T23:57:03] Started split_patchtst | split_patchtst_022_yearly_high_mag_noise10_lt1 | run_7 | freq=52 | noise=1 | magnitude=200 | lead_time=1 | PID 22669 | GPU 7
[2026-07-16T23:57:06] Started split_patchtst | split_patchtst_061_quarterly_low_mag_noise100_lt1 | run_9 | freq=13 | noise=1 | magnitude=50 | lead_time=1 | PID 22710 | GPU 4
[2026-07-16T23:57:09] Started split_patchtst | split_patchtst_079_quarterly_high_mag_noise100_lt1 | run_1 | freq=13 | noise=1 | magnitude=200 | lead_time=1 | PID 22807 | GPU 4
[2026-07-16T23:57:13] Finished split_timemixer | split_timemixer_023_yearly_high_mag_noise10_lt2 | run_1 | freq=52 | noise=1 | magnitude=200 | lead_time=2
[2026-07-16T23:57:14] Waiting for available CPU/GPU capacity. waiting=6, running=17
[2026-07-16T23:57:27] Finished local_patchtst | local_patchtst_021_yearly_high_mag_noise0_lt3 | run_1 | freq=52 | noise=1 | magnitude=200 | lead_time=3
[2026-07-16T23:57:29] Waiting for available CPU/GPU capacity. waiting=6, running=16
[2026-07-16T23:57:32] Finished local_patchtst | local_patchtst_028_half_yearly_low_mag_noise0_lt1 | run_7 | freq=26 | noise=1 | magnitude=50 | lead_time=1
[2026-07-16T23:57:33] Started local_patchtst | local_patchtst_065_quarterly_medium_mag_noise0_lt2 | run_1 | freq=13 | noise=1 | magnitude=100 | lead_time=2 | PID 23312 | GPU 7
[2026-07-16T23:57:37] Started local_patchtst | local_patchtst_065_quarterly_medium_mag_noise0_lt2 | run_9 | freq=13 | noise=1 | magnitude=100 | lead_time=2 | PID 23492 | GPU 2
[2026-07-16T23:57:41] Started split_timemixer | split_timemixer_095_half_quarterly_medium_mag_noise10_lt2 | run_5 | freq=7 | noise=1 | magnitude=100 | lead_time=2 | PID 23505 | GPU 2
[2026-07-16T23:57:44] Finished split_timemixer | split_timemixer_081_quarterly_high_mag_noise100_lt3 | run_5 | freq=13 | noise=1 | magnitude=200 | lead_time=3
[2026-07-16T23:57:45] Waiting for available CPU/GPU capacity. waiting=3, running=17
[2026-07-16T23:58:30] Started local_patchtst | local_patchtst_064_quarterly_medium_mag_noise0_lt1 | run_7 | freq=13 | noise=1 | magnitude=100 | lead_time=1 | PID 24152 | GPU 6
[2026-07-16T23:58:34] Waiting for available CPU/GPU capacity. waiting=2, running=18
[2026-07-16T23:58:36] Finished split_patchtst | split_patchtst_022_yearly_high_mag_noise10_lt1 | run_7 | freq=52 | noise=1 | magnitude=200 | lead_time=1
[2026-07-16T23:58:37] Waiting for available CPU/GPU capacity. waiting=2, running=17
[2026-07-16T23:58:45] Finished local_patchtst | local_patchtst_079_quarterly_high_mag_noise100_lt1 | run_1 | freq=13 | noise=1 | magnitude=200 | lead_time=1
[2026-07-16T23:58:46] Started split_timemixer | split_timemixer_095_half_quarterly_medium_mag_noise10_lt2 | run_9 | freq=7 | noise=1 | magnitude=100 | lead_time=2 | PID 24506 | GPU 7
[2026-07-16T23:58:49] Started local_patchtst | local_patchtst_029_half_yearly_low_mag_noise0_lt2 | run_1 | freq=26 | noise=1 | magnitude=50 | lead_time=2 | PID 24513 | GPU 7
[2026-07-16T23:58:53] Finished local_patchtst | local_patchtst_077_quarterly_high_mag_noise10_lt2 | run_5 | freq=13 | noise=1 | magnitude=200 | lead_time=2
[2026-07-16T23:58:53] No pending jobs left. Waiting for 17 active process(es) to exit.
[2026-07-16T23:59:00] Finished split_patchtst | split_patchtst_079_quarterly_high_mag_noise100_lt1 | run_1 | freq=13 | noise=1 | magnitude=200 | lead_time=1
[2026-07-16T23:59:00] No pending jobs left. Waiting for 15 active process(es) to exit.
[2026-07-16T23:59:26] Finished local_patchtst | local_patchtst_043_half_yearly_medium_mag_noise100_lt1 | run_1 | freq=26 | noise=1 | magnitude=100 | lead_time=1
[2026-07-16T23:59:26] No pending jobs left. Waiting for 14 active process(es) to exit.
[2026-07-16T23:59:46] Finished split_timemixer | split_timemixer_080_quarterly_high_mag_noise100_lt2 | run_3 | freq=13 | noise=1 | magnitude=200 | lead_time=2
[2026-07-16T23:59:47] No pending jobs left. Waiting for 13 active process(es) to exit.
[2026-07-16T23:59:48] Finished local_patchtst | local_patchtst_065_quarterly_medium_mag_noise0_lt2 | run_1 | freq=13 | noise=1 | magnitude=100 | lead_time=2
[2026-07-16T23:59:49] No pending jobs left. Waiting for 12 active process(es) to exit.
[2026-07-16T23:59:53] Finished split_timemixer | split_timemixer_091_half_quarterly_medium_mag_noise0_lt1 | run_1 | freq=7 | noise=1 | magnitude=100 | lead_time=1
[2026-07-16T23:59:54] No pending jobs left. Waiting for 11 active process(es) to exit.
[2026-07-17T00:00:19] Finished split_timemixer | split_timemixer_038_half_yearly_medium_mag_noise0_lt2 | run_3 | freq=26 | noise=1 | magnitude=100 | lead_time=2
[2026-07-17T00:00:20] No pending jobs left. Waiting for 10 active process(es) to exit.
[2026-07-17T00:00:23] Finished split_timemixer | split_timemixer_079_quarterly_high_mag_noise100_lt1 | run_1 | freq=13 | noise=1 | magnitude=200 | lead_time=1
[2026-07-17T00:00:23] No pending jobs left. Waiting for 9 active process(es) to exit.
[2026-07-17T00:00:25] Finished local_patchtst | local_patchtst_064_quarterly_medium_mag_noise0_lt1 | run_7 | freq=13 | noise=1 | magnitude=100 | lead_time=1
[2026-07-17T00:00:25] No pending jobs left. Waiting for 8 active process(es) to exit.
[2026-07-17T00:00:51] Finished split_timemixer | split_timemixer_059_quarterly_low_mag_noise10_lt2 | run_5 | freq=13 | noise=1 | magnitude=50 | lead_time=2
[2026-07-17T00:00:51] No pending jobs left. Waiting for 7 active process(es) to exit.
[2026-07-17T00:01:10] Finished split_timemixer | split_timemixer_093_half_quarterly_medium_mag_noise0_lt3 | run_5 | freq=7 | noise=1 | magnitude=100 | lead_time=3
[2026-07-17T00:01:10] No pending jobs left. Waiting for 6 active process(es) to exit.
[2026-07-17T00:01:43] Finished local_patchtst | local_patchtst_029_half_yearly_low_mag_noise0_lt2 | run_1 | freq=26 | noise=1 | magnitude=50 | lead_time=2
[2026-07-17T00:01:44] No pending jobs left. Waiting for 5 active process(es) to exit.
[2026-07-17T00:04:07] Finished local_patchtst | local_patchtst_065_quarterly_medium_mag_noise0_lt2 | run_9 | freq=13 | noise=1 | magnitude=100 | lead_time=2
[2026-07-17T00:04:08] No pending jobs left. Waiting for 4 active process(es) to exit.
[2026-07-17T00:04:12] Finished split_timemixer | split_timemixer_095_half_quarterly_medium_mag_noise10_lt2 | run_5 | freq=7 | noise=1 | magnitude=100 | lead_time=2
[2026-07-17T00:04:13] No pending jobs left. Waiting for 3 active process(es) to exit.
[2026-07-17T00:04:25] Finished split_timemixer | split_timemixer_095_half_quarterly_medium_mag_noise10_lt2 | run_9 | freq=7 | noise=1 | magnitude=100 | lead_time=2
[2026-07-17T00:04:26] No pending jobs left. Waiting for 1 active process(es) to exit.
[2026-07-17T00:04:29] Finished split_timemixer | split_timemixer_081_quarterly_high_mag_noise100_lt3 | run_1 | freq=13 | noise=1 | magnitude=200 | lead_time=3
[2026-07-17T00:04:29] No pending jobs left. Waiting for 0 active process(es) to exit.
[2026-07-17T00:04:30] All jobs finished.
