demand,Demand_Retailer_0,Demand_Retailer_1,Demand_Retailer_2,Demand_Retailer_3,Demand_Retailer_4,Demand_Retailer_5
1014.0,236.0,258.0,239.0,95.0,96.0,90.0
1041.0,248.0,263.0,248.0,97.0,96.0,89.0
1139.0,280.0,274.0,278.0,89.0,106.0,112.0
1068.0,277.0,236.0,234.0,106.0,107.0,108.0
1119.0,271.0,283.0,257.0,111.0,89.0,108.0
1117.0,287.0,269.0,239.0,107.0,103.0,112.0
1185.0,299.0,303.0,235.0,117.0,116.0,115.0
1105.0,286.0,245.0,265.0,98.0,103.0,108.0
1126.0,244.0,237.0,301.0,114.0,108.0,122.0
1122.0,224.0,255.0,294.0,117.0,119.0,113.0
1046.0,230.0,208.0,281.0,103.0,106.0,118.0
1059.0,242.0,224.0,237.0,114.0,125.0,117.0
987.0,195.0,254.0,200.0,111.0,102.0,125.0
1056.0,235.0,234.0,260.0,103.0,117.0,107.0
954.0,217.0,216.0,208.0,100.0,94.0,119.0
1039.0,228.0,257.0,254.0,101.0,100.0,99.0
971.0,225.0,229.0,215.0,89.0,99.0,114.0
963.0,224.0,228.0,218.0,98.0,97.0,98.0
953.0,226.0,212.0,221.0,91.0,95.0,108.0
1014.0,235.0,252.0,230.0,103.0,96.0,98.0
906.0,202.0,196.0,232.0,87.0,92.0,97.0
988.0,227.0,253.0,196.0,110.0,94.0,108.0
927.0,184.0,243.0,245.0,77.0,93.0,85.0
974.0,210.0,230.0,235.0,104.0,101.0,94.0
1038.0,231.0,267.0,251.0,96.0,100.0,93.0
1017.0,229.0,236.0,245.0,109.0,97.0,101.0
1035.0,232.0,241.0,243.0,105.0,110.0,104.0
1086.0,247.0,226.0,272.0,109.0,123.0,109.0
1132.0,271.0,239.0,271.0,116.0,118.0,117.0
1141.0,291.0,262.0,270.0,113.0,105.0,100.0
1147.0,273.0,269.0,268.0,116.0,107.0,114.0
1158.0,289.0,273.0,250.0,121.0,116.0,109.0
1170.0,282.0,278.0,265.0,120.0,118.0,107.0
1188.0,287.0,302.0,243.0,121.0,123.0,112.0
1201.0,276.0,283.0,282.0,120.0,123.0,117.0
1111.0,267.0,293.0,232.0,106.0,102.0,111.0
1048.0,242.0,258.0,246.0,100.0,101.0,101.0
1061.0,248.0,297.0,198.0,109.0,112.0,97.0
1089.0,266.0,273.0,232.0,106.0,104.0,108.0
1136.0,281.0,299.0,251.0,107.0,100.0,98.0
1044.0,230.0,268.0,239.0,105.0,96.0,106.0
1024.0,277.0,252.0,234.0,77.0,94.0,90.0
1047.0,274.0,202.0,272.0,107.0,89.0,103.0
962.0,254.0,192.0,237.0,98.0,88.0,93.0
984.0,241.0,212.0,227.0,106.0,107.0,91.0
927.0,219.0,195.0,227.0,93.0,101.0,92.0
984.0,244.0,196.0,250.0,112.0,87.0,95.0
981.0,247.0,199.0,230.0,92.0,100.0,113.0
973.0,243.0,195.0,228.0,107.0,98.0,102.0
1033.0,239.0,234.0,252.0,107.0,109.0,92.0
1001.0,230.0,236.0,240.0,102.0,99.0,94.0
1071.0,221.0,275.0,232.0,111.0,122.0,110.0
1135.0,259.0,243.0,264.0,127.0,121.0,121.0
1225.0,286.0,312.0,260.0,126.0,116.0,125.0
1189.0,268.0,279.0,263.0,118.0,126.0,135.0
1274.0,306.0,301.0,281.0,124.0,132.0,130.0
1335.0,313.0,340.0,296.0,135.0,121.0,130.0
1352.0,319.0,330.0,291.0,136.0,139.0,137.0
1223.0,276.0,279.0,287.0,108.0,128.0,145.0
1245.0,279.0,320.0,276.0,116.0,126.0,128.0
1238.0,274.0,325.0,269.0,107.0,118.0,145.0
1233.0,254.0,297.0,314.0,119.0,137.0,112.0
1230.0,301.0,291.0,280.0,128.0,121.0,109.0
1130.0,253.0,246.0,275.0,110.0,114.0,132.0
1158.0,270.0,255.0,293.0,106.0,116.0,118.0
1110.0,256.0,234.0,288.0,107.0,108.0,117.0
1105.0,293.0,215.0,277.0,103.0,112.0,105.0
1083.0,288.0,220.0,279.0,96.0,90.0,110.0
1060.0,272.0,224.0,273.0,93.0,99.0,99.0
984.0,215.0,218.0,256.0,93.0,97.0,105.0
1012.0,246.0,220.0,254.0,108.0,100.0,84.0
1014.0,248.0,226.0,266.0,86.0,88.0,100.0
1062.0,245.0,268.0,253.0,105.0,92.0,99.0
1037.0,211.0,276.0,251.0,116.0,85.0,98.0
1067.0,256.0,300.0,215.0,106.0,96.0,94.0
1007.0,203.0,248.0,240.0,104.0,105.0,107.0
1091.0,226.0,274.0,253.0,121.0,111.0,106.0
1090.0,268.0,272.0,219.0,111.0,114.0,106.0
1186.0,272.0,266.0,269.0,135.0,131.0,113.0
1182.0,323.0,263.0,260.0,117.0,118.0,101.0
1262.0,304.0,295.0,273.0,135.0,134.0,121.0
1273.0,305.0,303.0,271.0,139.0,132.0,123.0
1271.0,313.0,323.0,253.0,134.0,131.0,117.0
1265.0,299.0,269.0,279.0,135.0,150.0,133.0
1317.0,290.0,316.0,308.0,129.0,144.0,130.0
1280.0,314.0,282.0,279.0,130.0,146.0,129.0
1279.0,306.0,278.0,320.0,115.0,133.0,127.0
1298.0,309.0,312.0,298.0,122.0,129.0,128.0
1228.0,264.0,294.0,293.0,128.0,127.0,122.0
1321.0,307.0,327.0,309.0,121.0,124.0,133.0
1222.0,272.0,264.0,320.0,123.0,124.0,119.0
1302.0,304.0,311.0,294.0,127.0,127.0,139.0
1205.0,268.0,268.0,301.0,110.0,134.0,124.0
1124.0,261.0,264.0,250.0,105.0,127.0,117.0
1152.0,277.0,233.0,298.0,108.0,121.0,115.0
1135.0,283.0,270.0,262.0,108.0,107.0,105.0
1099.0,261.0,245.0,277.0,104.0,105.0,107.0
1094.0,240.0,269.0,264.0,90.0,106.0,125.0
1013.0,215.0,243.0,239.0,97.0,111.0,108.0
980.0,209.0,217.0,269.0,107.0,85.0,93.0
1016.0,246.0,220.0,231.0,105.0,105.0,109.0
1062.0,255.0,217.0,251.0,114.0,106.0,119.0
1084.0,245.0,221.0,284.0,110.0,109.0,115.0
1099.0,247.0,267.0,231.0,124.0,106.0,124.0
1142.0,295.0,247.0,263.0,125.0,102.0,110.0
1219.0,275.0,271.0,305.0,135.0,118.0,115.0
1317.0,300.0,297.0,321.0,139.0,131.0,129.0
1297.0,333.0,304.0,267.0,148.0,114.0,131.0
1326.0,290.0,325.0,301.0,142.0,126.0,142.0
1386.0,335.0,343.0,316.0,140.0,122.0,130.0
1409.0,314.0,346.0,315.0,151.0,146.0,137.0
1333.0,316.0,316.0,308.0,137.0,128.0,128.0
1411.0,308.0,337.0,350.0,148.0,141.0,127.0
1356.0,301.0,300.0,356.0,144.0,120.0,135.0
1345.0,306.0,314.0,321.0,140.0,134.0,130.0
1320.0,273.0,311.0,333.0,133.0,144.0,126.0
1318.0,309.0,281.0,327.0,139.0,139.0,123.0
1262.0,301.0,285.0,324.0,116.0,120.0,116.0
1242.0,302.0,289.0,285.0,116.0,139.0,111.0
1197.0,306.0,278.0,266.0,122.0,120.0,105.0
1100.0,298.0,209.0,265.0,101.0,119.0,108.0
1145.0,293.0,232.0,291.0,98.0,122.0,109.0
1059.0,269.0,240.0,249.0,98.0,101.0,102.0
1052.0,232.0,264.0,230.0,104.0,116.0,106.0
1059.0,249.0,247.0,222.0,98.0,118.0,125.0
1115.0,231.0,292.0,252.0,99.0,122.0,119.0
1130.0,223.0,286.0,256.0,117.0,113.0,135.0
1087.0,258.0,269.0,238.0,100.0,116.0,106.0
1141.0,250.0,276.0,268.0,120.0,109.0,118.0
1179.0,255.0,286.0,255.0,127.0,122.0,134.0
1229.0,276.0,282.0,275.0,129.0,134.0,133.0
1318.0,317.0,312.0,292.0,132.0,138.0,127.0
1373.0,333.0,345.0,280.0,139.0,136.0,140.0
1430.0,359.0,327.0,307.0,154.0,137.0,146.0
1435.0,344.0,345.0,309.0,163.0,137.0,137.0
1439.0,361.0,309.0,344.0,138.0,137.0,150.0
1472.0,361.0,302.0,368.0,146.0,140.0,155.0
1450.0,348.0,307.0,377.0,139.0,128.0,151.0
1385.0,276.0,297.0,369.0,147.0,152.0,144.0
1466.0,332.0,345.0,368.0,145.0,125.0,151.0
1390.0,311.0,304.0,336.0,148.0,148.0,143.0
1387.0,309.0,325.0,348.0,142.0,137.0,126.0
1356.0,307.0,311.0,343.0,137.0,137.0,121.0
1247.0,305.0,290.0,268.0,135.0,125.0,124.0
1300.0,308.0,320.0,285.0,135.0,127.0,125.0
1244.0,293.0,308.0,282.0,117.0,117.0,127.0
1230.0,262.0,301.0,320.0,116.0,114.0,117.0
1153.0,283.0,285.0,264.0,96.0,109.0,116.0
1138.0,269.0,293.0,216.0,121.0,129.0,110.0
1159.0,292.0,292.0,237.0,104.0,126.0,108.0
1179.0,257.0,307.0,272.0,109.0,117.0,117.0
1136.0,259.0,268.0,265.0,112.0,120.0,112.0
1129.0,246.0,268.0,274.0,108.0,132.0,101.0
1153.0,255.0,253.0,281.0,115.0,124.0,125.0
1214.0,275.0,274.0,300.0,123.0,125.0,117.0
1199.0,261.0,286.0,269.0,122.0,135.0,126.0
1313.0,309.0,318.0,299.0,115.0,149.0,123.0
1304.0,321.0,277.0,295.0,137.0,145.0,129.0
1348.0,317.0,271.0,331.0,143.0,156.0,130.0
1345.0,305.0,310.0,302.0,153.0,144.0,131.0
1508.0,364.0,328.0,368.0,142.0,157.0,149.0
1461.0,345.0,327.0,362.0,143.0,149.0,135.0
1562.0,339.0,392.0,384.0,157.0,151.0,139.0
1513.0,336.0,306.0,414.0,165.0,145.0,147.0
1538.0,362.0,337.0,361.0,169.0,162.0,147.0
1445.0,323.0,349.0,337.0,163.0,133.0,140.0
1462.0,319.0,360.0,347.0,154.0,140.0,142.0
1400.0,285.0,356.0,352.0,141.0,124.0,142.0
1436.0,344.0,334.0,334.0,148.0,129.0,147.0
1368.0,325.0,324.0,307.0,137.0,133.0,142.0
1280.0,333.0,299.0,256.0,135.0,120.0,137.0
1253.0,311.0,258.0,296.0,126.0,120.0,142.0
1234.0,325.0,279.0,260.0,129.0,106.0,135.0
1173.0,310.0,250.0,240.0,116.0,122.0,135.0
1177.0,308.0,226.0,273.0,124.0,119.0,127.0
1176.0,281.0,246.0,282.0,113.0,123.0,131.0
1102.0,250.0,258.0,254.0,105.0,110.0,125.0
1215.0,292.0,273.0,263.0,124.0,126.0,137.0
1147.0,235.0,281.0,259.0,110.0,123.0,139.0
1239.0,271.0,295.0,303.0,127.0,119.0,124.0
1271.0,282.0,334.0,278.0,124.0,126.0,127.0
1320.0,283.0,326.0,296.0,125.0,145.0,145.0
1406.0,329.0,338.0,314.0,143.0,145.0,137.0
1475.0,336.0,374.0,352.0,129.0,142.0,142.0
1503.0,341.0,372.0,376.0,140.0,136.0,138.0
1490.0,371.0,344.0,349.0,129.0,155.0,142.0
1537.0,357.0,367.0,349.0,144.0,164.0,156.0
1546.0,390.0,345.0,362.0,153.0,151.0,145.0
1561.0,367.0,357.0,375.0,142.0,176.0,144.0
1594.0,343.0,377.0,380.0,164.0,182.0,148.0
1495.0,311.0,349.0,368.0,171.0,165.0,131.0
1434.0,314.0,333.0,330.0,161.0,152.0,144.0
1437.0,350.0,307.0,322.0,155.0,153.0,150.0
1418.0,324.0,329.0,315.0,170.0,139.0,141.0
1382.0,320.0,315.0,319.0,148.0,145.0,135.0
1433.0,352.0,325.0,315.0,158.0,140.0,143.0
1340.0,302.0,323.0,324.0,138.0,128.0,125.0
1310.0,315.0,324.0,288.0,152.0,117.0,114.0
1311.0,313.0,330.0,294.0,129.0,125.0,120.0
1327.0,328.0,308.0,304.0,139.0,121.0,127.0
1289.0,298.0,337.0,263.0,133.0,130.0,128.0
1208.0,287.0,281.0,275.0,119.0,118.0,128.0
1266.0,262.0,334.0,302.0,115.0,125.0,128.0
1247.0,298.0,294.0,298.0,122.0,108.0,127.0
1201.0,298.0,281.0,253.0,131.0,122.0,116.0
1264.0,280.0,310.0,291.0,118.0,129.0,136.0
1314.0,301.0,309.0,322.0,127.0,127.0,128.0
1354.0,290.0,334.0,336.0,123.0,131.0,140.0
1374.0,323.0,307.0,332.0,130.0,131.0,151.0
1477.0,372.0,302.0,374.0,137.0,142.0,150.0
1499.0,364.0,331.0,357.0,150.0,146.0,151.0
1575.0,416.0,347.0,396.0,136.0,139.0,141.0
1526.0,365.0,331.0,364.0,147.0,149.0,170.0
1568.0,388.0,354.0,347.0,156.0,154.0,169.0
1533.0,370.0,340.0,364.0,140.0,158.0,161.0
1605.0,375.0,368.0,373.0,166.0,157.0,166.0
1546.0,356.0,371.0,338.0,162.0,159.0,160.0
1528.0,337.0,329.0,406.0,144.0,159.0,153.0
1486.0,324.0,380.0,309.0,160.0,155.0,158.0
1551.0,393.0,366.0,340.0,147.0,159.0,146.0
1505.0,338.0,348.0,365.0,156.0,141.0,157.0
1466.0,299.0,385.0,325.0,161.0,143.0,153.0
1396.0,326.0,351.0,301.0,146.0,151.0,121.0
1358.0,347.0,321.0,268.0,145.0,138.0,139.0
1324.0,325.0,307.0,303.0,141.0,132.0,116.0
1376.0,348.0,307.0,326.0,129.0,140.0,126.0
1297.0,332.0,308.0,278.0,122.0,138.0,119.0
1303.0,308.0,294.0,321.0,121.0,136.0,123.0
1307.0,292.0,297.0,339.0,133.0,127.0,119.0
1267.0,279.0,274.0,337.0,130.0,118.0,129.0
1303.0,282.0,290.0,344.0,127.0,133.0,127.0
1337.0,274.0,323.0,335.0,125.0,142.0,138.0
1421.0,334.0,319.0,355.0,136.0,140.0,137.0
1420.0,350.0,337.0,330.0,129.0,140.0,134.0
1447.0,318.0,338.0,364.0,139.0,155.0,133.0
1499.0,337.0,381.0,359.0,137.0,138.0,147.0
1494.0,343.0,361.0,341.0,156.0,145.0,148.0
1548.0,366.0,367.0,373.0,146.0,149.0,147.0
1480.0,335.0,368.0,331.0,144.0,151.0,151.0
1582.0,369.0,400.0,367.0,155.0,144.0,147.0
1623.0,410.0,393.0,359.0,149.0,141.0,171.0
1629.0,368.0,403.0,363.0,158.0,168.0,169.0
1593.0,386.0,378.0,351.0,151.0,155.0,172.0
1537.0,351.0,346.0,375.0,161.0,145.0,159.0
1557.0,382.0,361.0,351.0,156.0,152.0,155.0
1496.0,352.0,334.0,347.0,151.0,160.0,152.0
1464.0,343.0,330.0,336.0,155.0,150.0,150.0
1559.0,395.0,350.0,348.0,167.0,146.0,153.0
1450.0,341.0,329.0,349.0,138.0,148.0,145.0
1389.0,325.0,309.0,329.0,141.0,125.0,160.0
1404.0,345.0,312.0,311.0,136.0,141.0,159.0
1386.0,337.0,295.0,320.0,152.0,133.0,149.0
1376.0,346.0,291.0,332.0,135.0,138.0,134.0
1350.0,304.0,333.0,300.0,136.0,133.0,144.0
1461.0,330.0,353.0,335.0,151.0,143.0,149.0
1414.0,324.0,344.0,337.0,135.0,135.0,139.0
1404.0,295.0,323.0,337.0,152.0,155.0,142.0
1475.0,315.0,345.0,371.0,140.0,142.0,162.0
1455.0,308.0,350.0,348.0,146.0,161.0,142.0
1537.0,379.0,355.0,346.0,152.0,159.0,146.0
1493.0,344.0,338.0,357.0,153.0,143.0,158.0
1537.0,361.0,368.0,358.0,151.0,152.0,147.0
1556.0,369.0,362.0,340.0,135.0,178.0,172.0
1637.0,392.0,348.0,409.0,157.0,168.0,163.0
1604.0,403.0,337.0,389.0,156.0,161.0,158.0
1628.0,414.0,348.0,372.0,165.0,168.0,161.0
1587.0,384.0,359.0,360.0,167.0,160.0,157.0
1588.0,387.0,383.0,356.0,146.0,153.0,163.0
1598.0,352.0,391.0,370.0,153.0,161.0,171.0
1566.0,356.0,353.0,357.0,163.0,178.0,159.0
1644.0,414.0,394.0,360.0,173.0,153.0,150.0
1623.0,379.0,396.0,387.0,152.0,149.0,160.0
1512.0,347.0,367.0,358.0,159.0,138.0,143.0
1496.0,337.0,363.0,360.0,146.0,143.0,147.0
1568.0,341.0,401.0,374.0,153.0,147.0,152.0
1505.0,362.0,361.0,348.0,153.0,140.0,141.0
1495.0,357.0,365.0,353.0,151.0,135.0,134.0
1464.0,338.0,340.0,344.0,147.0,143.0,152.0
1456.0,318.0,330.0,378.0,152.0,132.0,146.0
1398.0,356.0,299.0,314.0,141.0,145.0,143.0
1438.0,334.0,320.0,346.0,159.0,136.0,143.0
1392.0,312.0,298.0,343.0,157.0,137.0,145.0
1381.0,313.0,301.0,316.0,159.0,140.0,152.0
1468.0,318.0,336.0,359.0,155.0,148.0,152.0
1421.0,281.0,321.0,378.0,148.0,147.0,146.0
1567.0,353.0,382.0,377.0,144.0,144.0,167.0
1544.0,347.0,349.0,378.0,154.0,149.0,167.0
1621.0,369.0,386.0,369.0,149.0,185.0,163.0
1619.0,387.0,389.0,342.0,152.0,171.0,178.0
1713.0,424.0,371.0,384.0,180.0,181.0,173.0
1634.0,394.0,368.0,357.0,164.0,173.0,178.0
1664.0,387.0,385.0,381.0,160.0,176.0,175.0
1774.0,420.0,418.0,404.0,162.0,195.0,175.0
1743.0,413.0,440.0,377.0,157.0,182.0,174.0
1713.0,375.0,408.0,381.0,172.0,187.0,190.0
1696.0,394.0,416.0,370.0,167.0,177.0,172.0
1675.0,370.0,403.0,377.0,155.0,181.0,189.0
1700.0,380.0,438.0,370.0,166.0,178.0,168.0
1608.0,348.0,364.0,395.0,166.0,167.0,168.0
1581.0,383.0,348.0,394.0,160.0,145.0,151.0
1519.0,391.0,345.0,323.0,151.0,161.0,148.0
1561.0,385.0,343.0,381.0,156.0,144.0,152.0
1456.0,381.0,293.0,341.0,160.0,139.0,142.0
1440.0,293.0,327.0,383.0,157.0,144.0,136.0
1492.0,359.0,318.0,361.0,151.0,155.0,148.0
1475.0,349.0,333.0,368.0,160.0,133.0,132.0
1434.0,337.0,324.0,361.0,148.0,123.0,141.0
1489.0,320.0,362.0,354.0,159.0,146.0,148.0
1480.0,332.0,376.0,348.0,151.0,141.0,132.0
1537.0,345.0,379.0,367.0,163.0,139.0,144.0
1553.0,342.0,394.0,364.0,178.0,134.0,141.0
1560.0,353.0,371.0,367.0,160.0,149.0,160.0
1680.0,401.0,380.0,395.0,179.0,170.0,155.0
1601.0,377.0,391.0,348.0,155.0,174.0,156.0
1754.0,431.0,419.0,384.0,174.0,182.0,164.0
1733.0,425.0,423.0,373.0,171.0,170.0,171.0
1727.0,410.0,420.0,377.0,174.0,168.0,178.0
1781.0,420.0,407.0,402.0,179.0,188.0,185.0
1796.0,405.0,408.0,429.0,186.0,180.0,188.0
1757.0,424.0,413.0,391.0,172.0,176.0,181.0
1770.0,409.0,384.0,410.0,173.0,201.0,193.0
1714.0,387.0,390.0,399.0,176.0,184.0,178.0
1657.0,368.0,399.0,387.0,156.0,172.0,175.0
1726.0,387.0,415.0,412.0,162.0,187.0,163.0
1738.0,402.0,401.0,417.0,159.0,173.0,186.0
1690.0,382.0,386.0,435.0,150.0,177.0,160.0
1614.0,388.0,371.0,373.0,158.0,165.0,159.0
1619.0,377.0,384.0,374.0,143.0,165.0,176.0
1549.0,382.0,330.0,362.0,159.0,158.0,158.0
1659.0,373.0,392.0,393.0,157.0,170.0,174.0
1553.0,370.0,378.0,340.0,154.0,158.0,153.0
1478.0,329.0,351.0,341.0,149.0,152.0,156.0
1554.0,361.0,370.0,347.0,158.0,166.0,152.0
1544.0,340.0,361.0,354.0,161.0,164.0,164.0
1528.0,353.0,342.0,360.0,167.0,144.0,162.0
1532.0,345.0,385.0,351.0,159.0,144.0,148.0
1551.0,362.0,361.0,345.0,168.0,156.0,159.0
1589.0,355.0,347.0,379.0,184.0,155.0,169.0
1726.0,413.0,412.0,381.0,187.0,157.0,176.0
1639.0,379.0,383.0,371.0,176.0,158.0,172.0
1750.0,404.0,381.0,425.0,182.0,179.0,179.0
1813.0,436.0,417.0,431.0,180.0,181.0,168.0
1832.0,464.0,432.0,414.0,179.0,175.0,168.0
1796.0,443.0,433.0,409.0,175.0,173.0,163.0
1826.0,430.0,385.0,460.0,187.0,180.0,184.0
1841.0,398.0,439.0,462.0,196.0,178.0,168.0
1847.0,414.0,444.0,444.0,189.0,181.0,175.0
1782.0,405.0,438.0,426.0,174.0,166.0,173.0
1870.0,433.0,448.0,463.0,176.0,170.0,180.0
1765.0,408.0,431.0,413.0,165.0,173.0,175.0
1727.0,370.0,413.0,447.0,140.0,175.0,182.0
1719.0,433.0,375.0,404.0,156.0,181.0,170.0
1680.0,390.0,400.0,396.0,166.0,170.0,158.0
1638.0,381.0,370.0,394.0,168.0,167.0,158.0
1644.0,420.0,366.0,387.0,145.0,175.0,151.0
1578.0,387.0,376.0,324.0,161.0,168.0,162.0
1571.0,370.0,362.0,365.0,154.0,164.0,156.0
1530.0,372.0,350.0,349.0,156.0,156.0,147.0
1533.0,376.0,333.0,334.0,149.0,173.0,168.0
1512.0,373.0,341.0,344.0,144.0,156.0,154.0
1481.0,332.0,345.0,323.0,149.0,166.0,166.0
1625.0,397.0,369.0,357.0,166.0,166.0,170.0
1661.0,388.0,424.0,353.0,167.0,157.0,172.0
1715.0,379.0,403.0,398.0,182.0,173.0,180.0
1734.0,389.0,419.0,387.0,188.0,171.0,180.0
1821.0,405.0,432.0,425.0,182.0,183.0,194.0
1848.0,437.0,447.0,409.0,191.0,178.0,186.0
1883.0,435.0,465.0,411.0,192.0,187.0,193.0
1950.0,438.0,442.0,484.0,204.0,188.0,194.0
1918.0,465.0,458.0,436.0,187.0,180.0,192.0
1940.0,454.0,498.0,426.0,185.0,187.0,190.0
1824.0,430.0,390.0,428.0,201.0,176.0,199.0
1886.0,442.0,424.0,453.0,191.0,185.0,191.0
1867.0,442.0,417.0,466.0,175.0,183.0,184.0
1760.0,393.0,413.0,418.0,166.0,183.0,187.0
1814.0,401.0,412.0,468.0,175.0,183.0,175.0
1783.0,424.0,388.0,455.0,174.0,181.0,161.0
1869.0,423.0,454.0,487.0,170.0,167.0,168.0
1739.0,414.0,389.0,434.0,173.0,174.0,155.0
1697.0,429.0,396.0,405.0,153.0,158.0,156.0
1640.0,385.0,387.0,386.0,154.0,156.0,172.0
1684.0,376.0,406.0,411.0,161.0,166.0,164.0
1606.0,378.0,406.0,360.0,154.0,161.0,147.0
1611.0,383.0,399.0,362.0,151.0,167.0,149.0
1621.0,356.0,417.0,372.0,164.0,170.0,142.0
1557.0,359.0,394.0,323.0,154.0,168.0,159.0
1587.0,348.0,413.0,352.0,148.0,156.0,170.0
1591.0,360.0,370.0,375.0,174.0,161.0,151.0
1661.0,364.0,417.0,377.0,172.0,165.0,166.0
1765.0,405.0,411.0,414.0,177.0,182.0,176.0
1833.0,430.0,415.0,446.0,176.0,190.0,176.0
1835.0,423.0,411.0,441.0,183.0,200.0,177.0
1846.0,442.0,408.0,440.0,189.0,189.0,178.0
1888.0,450.0,382.0,466.0,207.0,191.0,192.0
1938.0,472.0,418.0,444.0,206.0,204.0,194.0
1954.0,462.0,430.0,472.0,212.0,205.0,173.0
1920.0,485.0,430.0,436.0,199.0,189.0,181.0
1966.0,427.0,456.0,487.0,198.0,199.0,199.0
1940.0,447.0,450.0,450.0,199.0,197.0,197.0
1948.0,440.0,468.0,471.0,187.0,184.0,198.0
1914.0,419.0,446.0,452.0,199.0,194.0,204.0
1911.0,433.0,462.0,465.0,174.0,186.0,191.0
1796.0,396.0,449.0,407.0,170.0,175.0,199.0
1851.0,462.0,437.0,413.0,172.0,178.0,189.0
1745.0,398.0,407.0,418.0,156.0,167.0,199.0
1794.0,437.0,437.0,405.0,159.0,182.0,174.0
1690.0,399.0,397.0,367.0,176.0,164.0,187.0
1660.0,433.0,369.0,389.0,149.0,142.0,178.0
1709.0,398.0,407.0,399.0,163.0,172.0,170.0
1602.0,396.0,360.0,360.0,171.0,152.0,163.0
1664.0,388.0,358.0,395.0,162.0,160.0,201.0
1637.0,401.0,378.0,358.0,164.0,164.0,172.0
1611.0,372.0,352.0,379.0,168.0,164.0,176.0
1688.0,333.0,379.0,442.0,173.0,184.0,177.0
1690.0,381.0,368.0,413.0,171.0,171.0,186.0
1749.0,416.0,384.0,408.0,189.0,171.0,181.0
1858.0,418.0,429.0,454.0,186.0,182.0,189.0
1911.0,458.0,440.0,459.0,186.0,185.0,183.0
2034.0,483.0,485.0,485.0,192.0,201.0,188.0
2007.0,467.0,501.0,463.0,202.0,195.0,179.0
1985.0,450.0,483.0,477.0,192.0,195.0,188.0
2054.0,500.0,487.0,461.0,211.0,205.0,190.0
2026.0,488.0,457.0,484.0,209.0,186.0,202.0
2021.0,455.0,466.0,473.0,210.0,226.0,191.0
2025.0,490.0,469.0,479.0,188.0,206.0,193.0
1970.0,438.0,476.0,442.0,208.0,200.0,206.0
1917.0,414.0,455.0,464.0,211.0,198.0,175.0
1910.0,433.0,434.0,447.0,200.0,204.0,192.0
1848.0,451.0,420.0,421.0,193.0,190.0,173.0
1813.0,418.0,403.0,432.0,182.0,201.0,177.0
1818.0,470.0,384.0,405.0,183.0,190.0,186.0
1757.0,415.0,385.0,412.0,162.0,192.0,191.0
1749.0,446.0,400.0,383.0,174.0,177.0,169.0
1744.0,427.0,400.0,379.0,179.0,190.0,169.0
1707.0,414.0,402.0,385.0,167.0,171.0,168.0
1706.0,427.0,416.0,382.0,164.0,163.0,154.0
1731.0,370.0,446.0,405.0,154.0,168.0,188.0
1747.0,413.0,420.0,414.0,162.0,162.0,176.0
1724.0,393.0,423.0,401.0,150.0,167.0,190.0
1802.0,386.0,429.0,468.0,165.0,174.0,180.0
1801.0,421.0,400.0,434.0,182.0,177.0,187.0
1832.0,441.0,451.0,415.0,171.0,168.0,186.0
1886.0,452.0,447.0,433.0,183.0,176.0,195.0
1969.0,490.0,449.0,442.0,205.0,190.0,193.0
1980.0,494.0,436.0,479.0,200.0,183.0,188.0
2020.0,505.0,437.0,465.0,219.0,191.0,203.0
1971.0,475.0,426.0,471.0,202.0,199.0,198.0
2050.0,490.0,458.0,494.0,202.0,205.0,201.0
2111.0,491.0,510.0,490.0,205.0,210.0,205.0
2016.0,470.0,467.0,459.0,208.0,207.0,205.0
2050.0,467.0,499.0,451.0,213.0,200.0,220.0
1999.0,463.0,452.0,482.0,208.0,195.0,199.0
1996.0,464.0,470.0,447.0,208.0,198.0,209.0
1955.0,445.0,486.0,411.0,204.0,211.0,198.0
1985.0,438.0,486.0,461.0,207.0,195.0,198.0
1881.0,431.0,430.0,425.0,201.0,197.0,197.0
1888.0,431.0,448.0,424.0,204.0,201.0,180.0
1910.0,470.0,468.0,404.0,188.0,194.0,186.0
1875.0,438.0,466.0,404.0,190.0,191.0,186.0
1802.0,448.0,416.0,414.0,164.0,187.0,173.0
1759.0,403.0,407.0,410.0,177.0,183.0,179.0
1745.0,385.0,390.0,442.0,175.0,178.0,175.0
1765.0,394.0,408.0,445.0,172.0,176.0,170.0
1760.0,430.0,396.0,402.0,169.0,185.0,178.0
1792.0,424.0,437.0,420.0,177.0,180.0,154.0
1809.0,415.0,434.0,441.0,177.0,173.0,169.0
1815.0,405.0,420.0,445.0,175.0,196.0,174.0
1920.0,433.0,452.0,480.0,194.0,187.0,174.0
1931.0,440.0,447.0,494.0,181.0,192.0,177.0
1925.0,460.0,452.0,451.0,191.0,183.0,188.0
1960.0,434.0,477.0,472.0,189.0,196.0,192.0
2029.0,476.0,492.0,454.0,203.0,205.0,199.0
2093.0,500.0,497.0,481.0,214.0,192.0,209.0
2142.0,529.0,493.0,501.0,217.0,194.0,208.0
2125.0,495.0,501.0,511.0,215.0,199.0,204.0
2177.0,513.0,514.0,492.0,220.0,214.0,224.0
2111.0,469.0,528.0,474.0,214.0,205.0,221.0
2027.0,463.0,486.0,460.0,211.0,194.0,213.0
1931.0,388.0,481.0,459.0,210.0,189.0,204.0
2013.0,464.0,493.0,454.0,205.0,193.0,204.0
1992.0,468.0,453.0,463.0,204.0,190.0,214.0
2038.0,490.0,465.0,470.0,204.0,189.0,220.0
1906.0,454.0,421.0,435.0,198.0,187.0,211.0
1847.0,458.0,418.0,405.0,183.0,186.0,197.0
1868.0,441.0,413.0,447.0,193.0,181.0,193.0
1887.0,426.0,439.0,452.0,189.0,186.0,195.0
1814.0,427.0,416.0,423.0,182.0,184.0,182.0
1822.0,426.0,397.0,437.0,189.0,185.0,188.0
1862.0,445.0,400.0,459.0,178.0,196.0,184.0
1880.0,417.0,468.0,439.0,174.0,190.0,192.0
1869.0,400.0,450.0,456.0,182.0,195.0,186.0
1930.0,426.0,447.0,476.0,193.0,193.0,195.0
1965.0,434.0,477.0,476.0,193.0,190.0,195.0
1931.0,436.0,462.0,458.0,198.0,185.0,192.0
2068.0,484.0,487.0,506.0,184.0,202.0,205.0
2005.0,447.0,475.0,473.0,198.0,209.0,203.0
2064.0,488.0,488.0,483.0,187.0,215.0,203.0
2056.0,519.0,470.0,473.0,191.0,216.0,187.0
2122.0,484.0,495.0,506.0,218.0,210.0,209.0
2185.0,518.0,509.0,520.0,205.0,214.0,219.0
2152.0,528.0,483.0,490.0,219.0,220.0,212.0
2169.0,507.0,497.0,523.0,213.0,221.0,208.0
2023.0,458.0,468.0,477.0,212.0,200.0,208.0
2030.0,466.0,474.0,477.0,210.0,190.0,213.0
2061.0,495.0,480.0,452.0,226.0,205.0,203.0
2066.0,472.0,487.0,500.0,202.0,209.0,196.0
2035.0,471.0,477.0,463.0,212.0,209.0,203.0
2030.0,478.0,464.0,508.0,201.0,193.0,186.0
1990.0,486.0,452.0,464.0,196.0,194.0,198.0
1991.0,455.0,464.0,490.0,219.0,172.0,191.0
1976.0,462.0,445.0,481.0,196.0,206.0,186.0
1953.0,464.0,476.0,442.0,197.0,183.0,191.0
1885.0,443.0,426.0,452.0,186.0,180.0,198.0
1910.0,439.0,455.0,468.0,181.0,185.0,182.0
1949.0,457.0,443.0,474.0,195.0,195.0,185.0
1875.0,408.0,436.0,471.0,182.0,184.0,194.0
1943.0,463.0,442.0,453.0,189.0,183.0,213.0
1968.0,470.0,457.0,442.0,199.0,200.0,200.0
1912.0,414.0,452.0,466.0,188.0,186.0,206.0
1953.0,454.0,425.0,448.0,193.0,214.0,219.0
1978.0,480.0,474.0,432.0,192.0,196.0,204.0
2020.0,481.0,450.0,460.0,203.0,224.0,202.0
2104.0,495.0,474.0,487.0,201.0,229.0,218.0
2149.0,515.0,501.0,479.0,208.0,227.0,219.0
2157.0,540.0,503.0,477.0,200.0,222.0,215.0
2143.0,514.0,496.0,490.0,209.0,224.0,210.0
2212.0,553.0,509.0,498.0,209.0,218.0,225.0
2227.0,515.0,517.0,523.0,215.0,227.0,230.0
2208.0,501.0,557.0,495.0,208.0,232.0,215.0
2205.0,517.0,501.0,521.0,221.0,222.0,223.0
2229.0,501.0,544.0,518.0,215.0,225.0,226.0
2131.0,489.0,488.0,490.0,238.0,220.0,206.0
2071.0,474.0,490.0,480.0,214.0,208.0,205.0
2112.0,515.0,496.0,493.0,212.0,183.0,213.0
2073.0,497.0,459.0,487.0,217.0,215.0,198.0
2009.0,477.0,457.0,479.0,210.0,198.0,188.0
1951.0,454.0,447.0,456.0,208.0,191.0,195.0
1948.0,480.0,423.0,460.0,202.0,193.0,190.0
1963.0,445.0,465.0,453.0,215.0,192.0,193.0
1888.0,425.0,431.0,465.0,193.0,192.0,182.0
1927.0,440.0,461.0,454.0,189.0,194.0,189.0
1878.0,446.0,404.0,451.0,199.0,199.0,179.0
1997.0,464.0,471.0,467.0,203.0,189.0,203.0
1951.0,452.0,465.0,465.0,195.0,187.0,187.0
1956.0,473.0,476.0,439.0,202.0,188.0,178.0
1996.0,447.0,509.0,467.0,197.0,181.0,195.0
2077.0,487.0,519.0,479.0,194.0,202.0,196.0
2159.0,505.0,534.0,497.0,208.0,205.0,210.0
2187.0,536.0,538.0,483.0,216.0,205.0,209.0
2204.0,533.0,524.0,498.0,215.0,223.0,211.0
2249.0,551.0,523.0,521.0,206.0,229.0,219.0
2215.0,526.0,520.0,494.0,217.0,230.0,228.0
2216.0,537.0,505.0,502.0,218.0,230.0,224.0
2251.0,532.0,541.0,505.0,217.0,234.0,222.0
2223.0,491.0,528.0,534.0,211.0,228.0,231.0
2227.0,505.0,509.0,541.0,224.0,231.0,217.0
2158.0,489.0,488.0,533.0,212.0,221.0,215.0
2135.0,463.0,480.0,526.0,224.0,227.0,215.0
2131.0,510.0,478.0,490.0,202.0,224.0,227.0
2138.0,487.0,477.0,531.0,219.0,211.0,213.0
2142.0,481.0,490.0,527.0,221.0,214.0,209.0
2070.0,480.0,482.0,485.0,205.0,202.0,216.0
2051.0,492.0,448.0,475.0,210.0,211.0,215.0
2072.0,511.0,479.0,475.0,199.0,204.0,204.0
2048.0,476.0,485.0,461.0,212.0,202.0,212.0
2031.0,473.0,482.0,464.0,207.0,198.0,207.0
2025.0,480.0,459.0,458.0,211.0,210.0,207.0
2023.0,460.0,482.0,459.0,216.0,207.0,199.0
2027.0,473.0,477.0,464.0,200.0,199.0,214.0
1997.0,446.0,489.0,442.0,213.0,200.0,207.0
2029.0,481.0,490.0,445.0,201.0,211.0,201.0
2081.0,483.0,500.0,472.0,198.0,217.0,211.0
2149.0,522.0,518.0,488.0,207.0,203.0,211.0
2126.0,501.0,504.0,485.0,207.0,206.0,223.0
2126.0,517.0,509.0,458.0,221.0,203.0,218.0
2291.0,568.0,525.0,514.0,236.0,228.0,220.0
2229.0,543.0,498.0,524.0,222.0,224.0,218.0
2291.0,542.0,514.0,555.0,231.0,216.0,233.0
2298.0,544.0,529.0,550.0,230.0,223.0,222.0
2274.0,523.0,531.0,556.0,227.0,212.0,225.0
2350.0,550.0,571.0,549.0,228.0,236.0,216.0
2267.0,493.0,543.0,549.0,235.0,226.0,221.0
2218.0,510.0,522.0,536.0,211.0,218.0,221.0
2245.0,514.0,509.0,554.0,219.0,228.0,221.0
2265.0,505.0,580.0,549.0,210.0,202.0,219.0
2214.0,493.0,523.0,578.0,207.0,217.0,196.0
2170.0,494.0,532.0,502.0,220.0,217.0,205.0
2182.0,512.0,510.0,556.0,203.0,201.0,200.0
2115.0,484.0,518.0,476.0,217.0,215.0,205.0
2086.0,507.0,474.0,480.0,210.0,211.0,204.0
1974.0,463.0,426.0,462.0,216.0,202.0,205.0
2007.0,470.0,439.0,478.0,221.0,210.0,189.0
2047.0,471.0,454.0,474.0,222.0,219.0,207.0
1962.0,440.0,446.0,450.0,215.0,208.0,203.0
2041.0,477.0,476.0,446.0,220.0,215.0,207.0
2045.0,470.0,466.0,459.0,224.0,208.0,218.0
2108.0,460.0,518.0,486.0,222.0,213.0,209.0
2030.0,469.0,489.0,438.0,213.0,206.0,215.0
2123.0,481.0,519.0,471.0,222.0,221.0,209.0
2276.0,532.0,503.0,518.0,241.0,236.0,246.0
2304.0,522.0,559.0,549.0,219.0,227.0,228.0
2310.0,532.0,526.0,549.0,229.0,234.0,240.0
2375.0,558.0,565.0,550.0,229.0,237.0,236.0
2419.0,601.0,562.0,567.0,224.0,234.0,231.0
2354.0,557.0,539.0,564.0,228.0,222.0,244.0
2365.0,558.0,542.0,569.0,225.0,238.0,233.0
2333.0,544.0,563.0,547.0,220.0,228.0,231.0
2306.0,543.0,532.0,544.0,229.0,228.0,230.0
2271.0,500.0,544.0,542.0,227.0,228.0,230.0
2255.0,510.0,510.0,552.0,231.0,232.0,220.0
2224.0,523.0,515.0,524.0,223.0,210.0,229.0
2178.0,521.0,492.0,531.0,212.0,207.0,215.0
2156.0,515.0,506.0,500.0,212.0,204.0,219.0
2080.0,508.0,482.0,486.0,195.0,200.0,209.0
2071.0,508.0,463.0,492.0,202.0,191.0,215.0
2099.0,495.0,492.0,465.0,207.0,216.0,224.0
2064.0,457.0,508.0,480.0,210.0,209.0,200.0
2022.0,468.0,480.0,470.0,197.0,202.0,205.0
2085.0,489.0,495.0,479.0,222.0,207.0,193.0
2136.0,505.0,498.0,479.0,227.0,217.0,210.0
2163.0,509.0,528.0,469.0,237.0,231.0,189.0
2131.0,484.0,506.0,502.0,226.0,212.0,201.0
2173.0,511.0,509.0,499.0,229.0,217.0,208.0
2276.0,527.0,517.0,543.0,238.0,229.0,222.0
2261.0,510.0,542.0,518.0,240.0,227.0,224.0
2255.0,512.0,530.0,533.0,225.0,229.0,226.0
2342.0,559.0,552.0,545.0,231.0,240.0,215.0
2362.0,538.0,536.0,590.0,232.0,237.0,229.0
2356.0,565.0,538.0,546.0,238.0,246.0,223.0
2406.0,581.0,524.0,579.0,249.0,246.0,227.0
2459.0,544.0,545.0,625.0,243.0,255.0,247.0
2427.0,559.0,520.0,612.0,252.0,252.0,232.0
2435.0,573.0,553.0,579.0,232.0,262.0,236.0
2361.0,545.0,531.0,571.0,224.0,250.0,240.0
2387.0,544.0,553.0,582.0,227.0,233.0,248.0
2384.0,550.0,557.0,564.0,227.0,238.0,248.0
2369.0,563.0,561.0,560.0,209.0,234.0,242.0
2266.0,530.0,541.0,518.0,218.0,227.0,232.0
2285.0,553.0,531.0,531.0,221.0,218.0,231.0
2273.0,529.0,572.0,489.0,224.0,210.0,249.0
2211.0,519.0,550.0,468.0,211.0,222.0,241.0
2194.0,528.0,524.0,490.0,214.0,200.0,238.0
2100.0,501.0,488.0,489.0,205.0,200.0,217.0
2108.0,490.0,505.0,474.0,207.0,207.0,225.0
2127.0,488.0,481.0,507.0,213.0,194.0,244.0
2101.0,448.0,507.0,513.0,206.0,205.0,222.0
2117.0,492.0,486.0,496.0,211.0,208.0,224.0
2159.0,474.0,495.0,513.0,235.0,216.0,226.0
2215.0,501.0,531.0,498.0,244.0,217.0,224.0
2281.0,545.0,534.0,524.0,235.0,227.0,216.0
2272.0,528.0,533.0,528.0,240.0,225.0,218.0
2353.0,547.0,537.0,561.0,231.0,231.0,246.0
2391.0,591.0,529.0,557.0,243.0,237.0,234.0
2463.0,590.0,584.0,572.0,261.0,233.0,223.0
2505.0,601.0,576.0,605.0,245.0,243.0,235.0
2453.0,575.0,583.0,582.0,243.0,233.0,237.0
2502.0,593.0,556.0,605.0,247.0,258.0,243.0
2481.0,560.0,574.0,614.0,241.0,255.0,237.0
2402.0,550.0,554.0,569.0,233.0,249.0,247.0
2464.0,561.0,581.0,580.0,252.0,259.0,231.0
2374.0,535.0,568.0,569.0,225.0,247.0,230.0
2326.0,554.0,524.0,534.0,231.0,250.0,233.0
2349.0,584.0,543.0,504.0,230.0,264.0,224.0
2280.0,512.0,516.0,559.0,226.0,243.0,224.0
2240.0,529.0,475.0,556.0,227.0,233.0,220.0
2239.0,563.0,519.0,501.0,210.0,247.0,199.0
2252.0,536.0,536.0,529.0,212.0,228.0,211.0
2171.0,552.0,486.0,457.0,226.0,227.0,223.0
2191.0,507.0,511.0,520.0,208.0,245.0,200.0
2181.0,522.0,502.0,508.0,228.0,209.0,212.0
2148.0,505.0,502.0,484.0,214.0,207.0,236.0
2196.0,502.0,553.0,492.0,201.0,224.0,224.0
2206.0,507.0,507.0,521.0,222.0,224.0,225.0
2244.0,483.0,549.0,550.0,227.0,206.0,229.0
2260.0,499.0,527.0,563.0,230.0,215.0,226.0
2372.0,559.0,540.0,559.0,240.0,237.0,237.0
2435.0,556.0,579.0,588.0,240.0,228.0,244.0
2423.0,568.0,553.0,570.0,246.0,239.0,247.0
2466.0,579.0,573.0,570.0,250.0,240.0,254.0
2492.0,597.0,565.0,591.0,260.0,231.0,248.0
2518.0,573.0,577.0,607.0,260.0,242.0,259.0
2505.0,579.0,563.0,590.0,256.0,254.0,263.0
2557.0,617.0,583.0,589.0,270.0,251.0,247.0
2485.0,585.0,553.0,579.0,247.0,254.0,267.0
2525.0,590.0,567.0,584.0,263.0,247.0,274.0
2420.0,556.0,560.0,541.0,261.0,245.0,257.0
2499.0,585.0,543.0,596.0,265.0,257.0,253.0
2372.0,558.0,533.0,556.0,241.0,243.0,241.0
2395.0,563.0,548.0,554.0,241.0,238.0,251.0
2366.0,566.0,516.0,572.0,229.0,242.0,241.0
2398.0,542.0,597.0,553.0,241.0,242.0,223.0
2313.0,518.0,566.0,554.0,212.0,241.0,222.0
2297.0,531.0,557.0,522.0,226.0,235.0,226.0
2353.0,575.0,576.0,522.0,218.0,234.0,228.0
2244.0,558.0,500.0,530.0,221.0,216.0,219.0
2258.0,520.0,549.0,499.0,225.0,237.0,228.0
2206.0,513.0,504.0,515.0,223.0,222.0,229.0
2293.0,535.0,538.0,536.0,227.0,236.0,221.0
2235.0,510.0,526.0,527.0,227.0,225.0,220.0
2250.0,498.0,502.0,573.0,223.0,236.0,218.0
2323.0,552.0,543.0,537.0,229.0,234.0,228.0
2375.0,553.0,556.0,578.0,227.0,242.0,219.0
2333.0,513.0,545.0,560.0,241.0,248.0,226.0
2432.0,571.0,553.0,572.0,249.0,246.0,241.0
2525.0,597.0,567.0,610.0,257.0,244.0,250.0
2492.0,613.0,552.0,585.0,256.0,246.0,240.0
2572.0,614.0,589.0,612.0,254.0,255.0,248.0
2547.0,597.0,610.0,582.0,260.0,253.0,245.0
2554.0,600.0,610.0,594.0,242.0,257.0,251.0
2588.0,600.0,639.0,571.0,263.0,251.0,264.0
2519.0,581.0,617.0,549.0,267.0,252.0,253.0
2503.0,571.0,596.0,561.0,271.0,244.0,260.0
2523.0,593.0,613.0,561.0,266.0,239.0,251.0
2474.0,551.0,609.0,567.0,256.0,251.0,240.0
2449.0,560.0,577.0,563.0,262.0,227.0,260.0
2393.0,530.0,582.0,567.0,235.0,239.0,240.0
2422.0,579.0,574.0,541.0,247.0,238.0,243.0
2409.0,586.0,538.0,553.0,245.0,239.0,248.0
2360.0,575.0,549.0,541.0,225.0,233.0,237.0
2368.0,572.0,541.0,562.0,223.0,226.0,244.0
2281.0,556.0,497.0,553.0,215.0,220.0,240.0
2305.0,545.0,516.0,566.0,216.0,230.0,232.0
2278.0,541.0,535.0,530.0,215.0,222.0,235.0
2279.0,517.0,524.0,567.0,209.0,233.0,229.0
2350.0,548.0,551.0,555.0,227.0,229.0,240.0
2338.0,525.0,541.0,577.0,214.0,249.0,232.0
2330.0,513.0,538.0,554.0,230.0,238.0,257.0
2483.0,572.0,578.0,583.0,240.0,248.0,262.0
2522.0,609.0,555.0,578.0,255.0,263.0,262.0
2495.0,575.0,606.0,572.0,250.0,254.0,238.0
2559.0,603.0,634.0,566.0,234.0,271.0,251.0
2624.0,604.0,620.0,618.0,269.0,260.0,253.0
2606.0,616.0,610.0,597.0,255.0,265.0,263.0
2611.0,622.0,604.0,602.0,261.0,266.0,256.0
2576.0,595.0,613.0,553.0,273.0,271.0,271.0
2612.0,603.0,643.0,581.0,267.0,263.0,255.0
2557.0,570.0,612.0,601.0,264.0,252.0,258.0
2523.0,578.0,587.0,577.0,271.0,254.0,256.0
2484.0,558.0,573.0,571.0,263.0,269.0,250.0
2469.0,560.0,579.0,586.0,263.0,246.0,235.0
2450.0,545.0,601.0,564.0,253.0,238.0,249.0
2461.0,601.0,549.0,566.0,253.0,253.0,239.0
2417.0,590.0,552.0,561.0,248.0,235.0,231.0
2385.0,544.0,553.0,578.0,229.0,236.0,245.0
2390.0,565.0,561.0,558.0,239.0,231.0,236.0
2425.0,558.0,569.0,589.0,229.0,228.0,252.0
2412.0,551.0,601.0,542.0,254.0,228.0,236.0
2363.0,527.0,578.0,574.0,226.0,223.0,235.0
2367.0,558.0,537.0,577.0,228.0,231.0,236.0
2329.0,531.0,542.0,535.0,238.0,233.0,250.0
2351.0,547.0,563.0,563.0,224.0,225.0,229.0
2369.0,553.0,570.0,554.0,233.0,222.0,237.0
2432.0,580.0,578.0,557.0,245.0,241.0,231.0
2419.0,532.0,557.0,594.0,241.0,244.0,251.0
2521.0,618.0,572.0,586.0,245.0,250.0,250.0
2513.0,626.0,559.0,570.0,252.0,246.0,260.0
2553.0,629.0,568.0,571.0,251.0,264.0,270.0
2654.0,671.0,591.0,603.0,259.0,267.0,263.0
2640.0,636.0,616.0,588.0,275.0,256.0,269.0
2630.0,646.0,583.0,609.0,255.0,269.0,268.0
2679.0,611.0,631.0,622.0,270.0,271.0,274.0
2664.0,637.0,613.0,609.0,268.0,270.0,267.0
2666.0,615.0,612.0,605.0,270.0,277.0,287.0
2656.0,597.0,644.0,593.0,277.0,279.0,266.0
2675.0,633.0,621.0,616.0,269.0,272.0,264.0
2622.0,586.0,626.0,623.0,263.0,260.0,264.0
2570.0,594.0,616.0,560.0,275.0,269.0,256.0
2554.0,587.0,603.0,601.0,262.0,250.0,251.0
2558.0,579.0,594.0,605.0,252.0,269.0,259.0
2477.0,599.0,593.0,545.0,250.0,253.0,237.0
2492.0,604.0,561.0,595.0,246.0,249.0,237.0
2476.0,589.0,585.0,560.0,242.0,242.0,258.0
2410.0,529.0,567.0,585.0,247.0,244.0,238.0
2440.0,583.0,559.0,602.0,235.0,234.0,227.0
2340.0,546.0,547.0,543.0,235.0,233.0,236.0
2312.0,527.0,547.0,548.0,247.0,222.0,221.0
2396.0,561.0,573.0,563.0,234.0,239.0,226.0
2433.0,565.0,574.0,558.0,258.0,237.0,241.0
2408.0,545.0,574.0,542.0,255.0,255.0,237.0
2512.0,621.0,588.0,574.0,245.0,234.0,250.0
2522.0,576.0,628.0,562.0,255.0,251.0,250.0
2579.0,582.0,642.0,592.0,245.0,260.0,258.0
2619.0,609.0,654.0,573.0,264.0,253.0,266.0
2720.0,668.0,638.0,626.0,265.0,260.0,263.0
2721.0,641.0,672.0,610.0,266.0,265.0,267.0
2695.0,639.0,646.0,594.0,270.0,280.0,266.0
2747.0,638.0,665.0,613.0,275.0,279.0,277.0
2730.0,621.0,656.0,642.0,272.0,266.0,273.0
2698.0,609.0,637.0,631.0,273.0,274.0,274.0
2700.0,597.0,636.0,654.0,280.0,260.0,273.0
2722.0,620.0,631.0,646.0,268.0,274.0,283.0
2632.0,621.0,600.0,619.0,254.0,266.0,272.0
2661.0,583.0,597.0,651.0,283.0,266.0,281.0
2555.0,608.0,569.0,604.0,255.0,267.0,252.0
2645.0,614.0,620.0,598.0,260.0,278.0,275.0
2511.0,584.0,560.0,616.0,249.0,249.0,253.0
2576.0,594.0,583.0,625.0,260.0,260.0,254.0
2498.0,577.0,576.0,583.0,253.0,258.0,251.0
2479.0,562.0,594.0,569.0,259.0,248.0,247.0
2489.0,577.0,569.0,584.0,256.0,256.0,247.0
2466.0,554.0,602.0,565.0,246.0,257.0,242.0
2488.0,574.0,615.0,569.0,242.0,247.0,241.0
2476.0,557.0,598.0,577.0,244.0,249.0,251.0
2460.0,574.0,596.0,552.0,244.0,243.0,251.0
2508.0,570.0,616.0,563.0,245.0,258.0,256.0
2494.0,579.0,589.0,582.0,243.0,243.0,258.0
2614.0,608.0,617.0,610.0,258.0,252.0,269.0
2646.0,626.0,640.0,600.0,261.0,263.0,256.0
2620.0,628.0,623.0,592.0,257.0,263.0,257.0
2617.0,657.0,579.0,619.0,261.0,252.0,249.0
2716.0,671.0,611.0,633.0,260.0,277.0,264.0
2712.0,660.0,626.0,617.0,267.0,274.0,268.0
2809.0,683.0,622.0,661.0,280.0,279.0,284.0
2659.0,634.0,600.0,617.0,270.0,268.0,270.0
2765.0,645.0,613.0,671.0,280.0,282.0,274.0
2722.0,619.0,651.0,644.0,270.0,260.0,278.0
2685.0,623.0,638.0,620.0,275.0,256.0,273.0
2656.0,602.0,590.0,666.0,275.0,257.0,266.0
2690.0,634.0,651.0,633.0,255.0,246.0,271.0
2630.0,618.0,626.0,612.0,262.0,254.0,258.0
2664.0,633.0,618.0,612.0,261.0,271.0,269.0
2583.0,594.0,596.0,600.0,279.0,260.0,254.0
2557.0,602.0,617.0,578.0,258.0,260.0,242.0
2528.0,589.0,586.0,602.0,248.0,249.0,254.0
2479.0,588.0,586.0,569.0,244.0,250.0,242.0
2481.0,574.0,562.0,580.0,263.0,258.0,244.0
2447.0,576.0,538.0,574.0,253.0,258.0,248.0
2515.0,572.0,597.0,564.0,259.0,267.0,256.0
2482.0,572.0,554.0,567.0,265.0,255.0,269.0
2466.0,566.0,563.0,550.0,262.0,271.0,254.0
2539.0,592.0,585.0,576.0,252.0,264.0,270.0
2606.0,621.0,610.0,591.0,257.0,258.0,269.0
2647.0,604.0,598.0,625.0,270.0,267.0,283.0
2720.0,639.0,632.0,637.0,268.0,271.0,273.0
2808.0,652.0,669.0,649.0,273.0,280.0,285.0
2803.0,672.0,657.0,637.0,263.0,278.0,296.0
2828.0,668.0,651.0,655.0,263.0,308.0,283.0
2865.0,668.0,692.0,669.0,270.0,286.0,280.0
2853.0,647.0,662.0,694.0,281.0,289.0,280.0
2846.0,656.0,670.0,668.0,279.0,288.0,285.0
2815.0,628.0,682.0,688.0,267.0,276.0,274.0
2890.0,648.0,676.0,712.0,276.0,297.0,281.0
2730.0,629.0,628.0,634.0,279.0,275.0,285.0
2806.0,629.0,681.0,668.0,275.0,277.0,276.0
2742.0,610.0,641.0,659.0,272.0,279.0,281.0
2704.0,644.0,643.0,621.0,273.0,265.0,258.0
2664.0,641.0,606.0,621.0,269.0,257.0,270.0
2627.0,643.0,622.0,593.0,263.0,259.0,247.0
2630.0,666.0,579.0,603.0,278.0,256.0,248.0
2559.0,615.0,581.0,586.0,273.0,243.0,261.0
2557.0,632.0,584.0,575.0,270.0,242.0,254.0
2543.0,600.0,603.0,585.0,265.0,252.0,238.0
2527.0,601.0,571.0,597.0,271.0,248.0,239.0
2566.0,594.0,619.0,589.0,265.0,251.0,248.0
2562.0,591.0,606.0,593.0,260.0,258.0,254.0
2650.0,605.0,614.0,616.0,277.0,269.0,269.0
2605.0,596.0,638.0,582.0,269.0,265.0,255.0
2640.0,616.0,606.0,625.0,268.0,282.0,243.0
2737.0,645.0,662.0,622.0,262.0,281.0,265.0
2790.0,682.0,640.0,642.0,271.0,288.0,267.0
2785.0,646.0,662.0,660.0,260.0,293.0,264.0
2813.0,643.0,669.0,694.0,269.0,267.0,271.0
2875.0,673.0,718.0,626.0,279.0,297.0,282.0
2860.0,685.0,614.0,699.0,274.0,297.0,291.0
2833.0,678.0,641.0,668.0,274.0,285.0,287.0
2911.0,668.0,688.0,691.0,270.0,304.0,290.0
2875.0,680.0,635.0,703.0,279.0,288.0,290.0
2816.0,667.0,645.0,652.0,276.0,296.0,280.0
2798.0,643.0,643.0,660.0,281.0,282.0,289.0
2781.0,632.0,634.0,666.0,288.0,281.0,280.0
2803.0,634.0,680.0,638.0,272.0,274.0,305.0
2712.0,632.0,640.0,608.0,269.0,272.0,291.0
2718.0,638.0,634.0,624.0,270.0,270.0,282.0
2671.0,611.0,662.0,591.0,273.0,261.0,273.0
2687.0,630.0,628.0,608.0,270.0,262.0,289.0
2638.0,623.0,629.0,600.0,254.0,257.0,275.0
2602.0,617.0,622.0,574.0,256.0,254.0,279.0
2646.0,606.0,653.0,596.0,267.0,253.0,271.0
2598.0,616.0,609.0,586.0,266.0,250.0,271.0
2588.0,589.0,590.0,611.0,278.0,250.0,270.0
2606.0,590.0,624.0,602.0,270.0,258.0,262.0
2616.0,615.0,597.0,614.0,268.0,259.0,263.0
2677.0,611.0,604.0,639.0,292.0,261.0,270.0
2769.0,632.0,625.0,673.0,281.0,272.0,286.0
2745.0,654.0,617.0,658.0,277.0,274.0,265.0
2826.0,673.0,617.0,699.0,285.0,266.0,286.0
2848.0,682.0,647.0,673.0,278.0,283.0,285.0
2869.0,682.0,636.0,699.0,291.0,282.0,279.0
2964.0,706.0,675.0,710.0,289.0,289.0,295.0
2915.0,694.0,659.0,700.0,290.0,278.0,294.0
2926.0,675.0,681.0,713.0,281.0,289.0,287.0
2976.0,677.0,728.0,699.0,302.0,291.0,279.0
2880.0,647.0,682.0,701.0,268.0,297.0,285.0
2891.0,645.0,698.0,684.0,280.0,299.0,285.0
2823.0,621.0,709.0,650.0,287.0,281.0,275.0
2824.0,637.0,698.0,655.0,285.0,276.0,273.0
2803.0,673.0,679.0,631.0,275.0,277.0,268.0
2743.0,643.0,657.0,602.0,269.0,293.0,279.0
2779.0,663.0,660.0,644.0,274.0,274.0,264.0
2709.0,651.0,622.0,611.0,267.0,291.0,267.0
2701.0,636.0,655.0,608.0,256.0,290.0,256.0
2695.0,667.0,613.0,601.0,268.0,284.0,262.0
2635.0,645.0,577.0,584.0,265.0,278.0,286.0
2633.0,592.0,646.0,601.0,267.0,270.0,257.0
2676.0,635.0,597.0,639.0,273.0,252.0,280.0
2602.0,588.0,616.0,605.0,268.0,257.0,268.0
2749.0,608.0,639.0,636.0,282.0,301.0,283.0
2754.0,628.0,652.0,633.0,285.0,271.0,285.0
2741.0,620.0,633.0,659.0,284.0,269.0,276.0
2818.0,660.0,650.0,673.0,290.0,266.0,279.0
2917.0,676.0,679.0,713.0,281.0,273.0,295.0
2938.0,645.0,735.0,679.0,306.0,272.0,301.0
2961.0,680.0,699.0,705.0,288.0,299.0,290.0
2969.0,705.0,696.0,673.0,296.0,294.0,305.0
2989.0,696.0,705.0,706.0,293.0,287.0,302.0
3043.0,701.0,716.0,713.0,301.0,297.0,315.0
3059.0,715.0,729.0,730.0,293.0,286.0,306.0
2958.0,696.0,686.0,682.0,295.0,287.0,312.0
2891.0,665.0,671.0,671.0,291.0,291.0,302.0
2864.0,678.0,666.0,659.0,284.0,284.0,293.0
2837.0,654.0,655.0,643.0,302.0,282.0,301.0
2828.0,642.0,677.0,652.0,277.0,288.0,292.0
2795.0,645.0,666.0,637.0,285.0,280.0,282.0
2827.0,670.0,665.0,639.0,287.0,283.0,283.0
2776.0,660.0,676.0,610.0,276.0,288.0,266.0
2789.0,663.0,643.0,657.0,268.0,267.0,291.0
2775.0,642.0,669.0,642.0,280.0,282.0,260.0
2759.0,648.0,653.0,650.0,279.0,268.0,261.0
2748.0,628.0,642.0,635.0,267.0,301.0,275.0
2712.0,619.0,640.0,638.0,271.0,282.0,262.0
2699.0,624.0,644.0,608.0,276.0,280.0,267.0
2713.0,597.0,652.0,636.0,288.0,286.0,254.0
2761.0,632.0,666.0,620.0,280.0,285.0,278.0
2829.0,675.0,674.0,641.0,282.0,279.0,278.0
2849.0,647.0,661.0,675.0,283.0,296.0,287.0
2855.0,636.0,677.0,676.0,293.0,293.0,280.0
2894.0,664.0,663.0,689.0,305.0,301.0,272.0
2892.0,658.0,669.0,696.0,300.0,290.0,279.0
2949.0,694.0,667.0,692.0,305.0,307.0,284.0
3080.0,720.0,710.0,753.0,297.0,303.0,297.0
3017.0,727.0,712.0,691.0,309.0,284.0,294.0
2987.0,699.0,683.0,719.0,290.0,300.0,296.0
3047.0,717.0,715.0,697.0,318.0,291.0,309.0
3019.0,724.0,709.0,692.0,305.0,294.0,295.0
3039.0,726.0,705.0,709.0,301.0,296.0,302.0
3010.0,672.0,724.0,705.0,304.0,304.0,301.0
2929.0,668.0,719.0,672.0,285.0,285.0,300.0
2929.0,677.0,711.0,671.0,282.0,294.0,294.0
2865.0,622.0,697.0,683.0,278.0,288.0,297.0
2885.0,667.0,692.0,669.0,276.0,283.0,298.0
2825.0,670.0,655.0,635.0,284.0,290.0,291.0
2819.0,667.0,657.0,653.0,279.0,273.0,290.0
2782.0,647.0,659.0,657.0,269.0,261.0,289.0
2812.0,661.0,661.0,645.0,280.0,278.0,287.0
2813.0,644.0,665.0,667.0,282.0,276.0,279.0
2756.0,661.0,636.0,637.0,267.0,277.0,278.0
2724.0,624.0,607.0,665.0,274.0,263.0,291.0
2786.0,629.0,615.0,701.0,273.0,280.0,288.0
2779.0,629.0,640.0,680.0,283.0,266.0,281.0
2756.0,648.0,633.0,652.0,281.0,269.0,273.0
2795.0,605.0,637.0,664.0,300.0,296.0,293.0
2873.0,656.0,661.0,678.0,301.0,288.0,289.0
2932.0,695.0,683.0,690.0,291.0,299.0,274.0
3013.0,694.0,708.0,703.0,304.0,310.0,294.0
2998.0,688.0,697.0,706.0,302.0,301.0,304.0
3083.0,728.0,718.0,700.0,311.0,312.0,314.0
3110.0,737.0,743.0,696.0,322.0,312.0,300.0
3093.0,724.0,746.0,675.0,328.0,318.0,302.0
3086.0,704.0,755.0,713.0,311.0,305.0,298.0
3088.0,702.0,739.0,721.0,314.0,306.0,306.0
3038.0,699.0,723.0,709.0,300.0,303.0,304.0
3096.0,684.0,753.0,738.0,313.0,319.0,289.0
3004.0,658.0,701.0,729.0,311.0,311.0,294.0
2999.0,674.0,719.0,709.0,306.0,301.0,290.0
2908.0,687.0,671.0,662.0,301.0,286.0,301.0
2946.0,681.0,693.0,686.0,295.0,296.0,295.0
2883.0,688.0,638.0,705.0,282.0,287.0,283.0
2898.0,694.0,676.0,678.0,276.0,286.0,288.0
2884.0,702.0,646.0,698.0,280.0,268.0,290.0
2860.0,717.0,649.0,684.0,270.0,265.0,275.0
2877.0,686.0,657.0,685.0,292.0,280.0,277.0
2800.0,637.0,655.0,671.0,276.0,273.0,288.0
2756.0,606.0,621.0,682.0,285.0,273.0,289.0
2908.0,646.0,711.0,710.0,279.0,280.0,282.0
2865.0,649.0,676.0,692.0,286.0,273.0,289.0
2823.0,631.0,663.0,690.0,279.0,271.0,289.0
2969.0,669.0,715.0,705.0,303.0,286.0,291.0
2942.0,661.0,723.0,675.0,300.0,278.0,305.0
2995.0,702.0,698.0,691.0,307.0,301.0,296.0
3041.0,707.0,700.0,703.0,320.0,291.0,320.0
3038.0,732.0,681.0,691.0,319.0,302.0,313.0
3075.0,703.0,712.0,713.0,318.0,312.0,317.0
3038.0,733.0,690.0,674.0,315.0,312.0,314.0
3128.0,741.0,748.0,686.0,321.0,312.0,320.0
3059.0,709.0,709.0,712.0,319.0,300.0,310.0
3141.0,758.0,723.0,709.0,319.0,320.0,312.0
3075.0,707.0,702.0,715.0,319.0,311.0,321.0
3148.0,735.0,710.0,730.0,330.0,318.0,325.0
3111.0,695.0,732.0,738.0,308.0,325.0,313.0
3070.0,697.0,702.0,732.0,314.0,321.0,304.0
3122.0,722.0,735.0,723.0,311.0,328.0,303.0
3034.0,703.0,699.0,715.0,299.0,315.0,303.0
3002.0,704.0,715.0,681.0,302.0,309.0,291.0
2960.0,705.0,686.0,688.0,285.0,299.0,297.0
2961.0,671.0,709.0,700.0,292.0,297.0,292.0
2908.0,684.0,659.0,705.0,287.0,289.0,284.0
2864.0,667.0,677.0,675.0,279.0,277.0,289.0
2848.0,677.0,667.0,686.0,273.0,270.0,275.0
2801.0,655.0,629.0,708.0,268.0,280.0,261.0
2870.0,657.0,645.0,714.0,282.0,296.0,276.0
2894.0,660.0,665.0,692.0,297.0,294.0,286.0
2828.0,663.0,644.0,660.0,292.0,290.0,279.0
2900.0,674.0,667.0,692.0,288.0,300.0,279.0
2879.0,680.0,636.0,670.0,302.0,296.0,295.0
2975.0,689.0,697.0,716.0,298.0,288.0,287.0
3041.0,716.0,695.0,702.0,309.0,314.0,305.0
3106.0,757.0,700.0,715.0,322.0,303.0,309.0
3136.0,757.0,723.0,717.0,317.0,308.0,314.0
3177.0,766.0,741.0,725.0,320.0,314.0,311.0
3225.0,778.0,745.0,757.0,321.0,311.0,313.0
3133.0,724.0,763.0,714.0,320.0,302.0,310.0
3203.0,749.0,777.0,742.0,314.0,307.0,314.0
3199.0,713.0,768.0,765.0,329.0,306.0,318.0
3190.0,717.0,748.0,770.0,329.0,304.0,322.0
3170.0,723.0,761.0,742.0,317.0,317.0,310.0
3107.0,738.0,708.0,721.0,309.0,310.0,321.0
3100.0,697.0,707.0,723.0,322.0,324.0,327.0
3047.0,715.0,653.0,740.0,310.0,319.0,310.0
3081.0,732.0,687.0,723.0,309.0,313.0,317.0
3001.0,688.0,673.0,715.0,310.0,308.0,307.0
3046.0,715.0,692.0,724.0,307.0,300.0,308.0
2969.0,697.0,661.0,695.0,295.0,309.0,312.0
2879.0,678.0,658.0,670.0,282.0,297.0,294.0
2960.0,688.0,714.0,668.0,291.0,305.0,294.0
2947.0,691.0,689.0,666.0,289.0,303.0,309.0
2855.0,655.0,673.0,666.0,279.0,292.0,290.0
2903.0,677.0,669.0,679.0,293.0,287.0,298.0
2933.0,679.0,684.0,666.0,297.0,314.0,293.0
2934.0,662.0,736.0,670.0,290.0,293.0,283.0
3052.0,729.0,727.0,691.0,304.0,297.0,304.0
3109.0,738.0,744.0,683.0,307.0,323.0,314.0
3149.0,719.0,745.0,756.0,307.0,308.0,314.0
3150.0,739.0,731.0,730.0,321.0,320.0,309.0
3208.0,774.0,734.0,759.0,294.0,330.0,317.0
3188.0,756.0,759.0,725.0,315.0,317.0,316.0
3189.0,735.0,742.0,761.0,324.0,320.0,307.0
3235.0,777.0,733.0,765.0,327.0,329.0,304.0
3232.0,753.0,735.0,786.0,320.0,309.0,329.0
3218.0,777.0,737.0,766.0,329.0,301.0,308.0
3187.0,742.0,759.0,734.0,325.0,308.0,319.0
3204.0,730.0,737.0,761.0,331.0,330.0,315.0
3202.0,776.0,746.0,751.0,327.0,312.0,290.0
3085.0,721.0,710.0,734.0,313.0,298.0,309.0
3073.0,709.0,711.0,714.0,318.0,314.0,307.0
3163.0,729.0,747.0,752.0,318.0,316.0,301.0
3123.0,746.0,731.0,726.0,316.0,297.0,307.0
3008.0,698.0,723.0,708.0,305.0,286.0,288.0
3007.0,698.0,712.0,687.0,307.0,300.0,303.0
3036.0,718.0,742.0,694.0,293.0,289.0,300.0
2951.0,642.0,716.0,717.0,286.0,292.0,298.0
2989.0,671.0,697.0,714.0,295.0,312.0,300.0
2975.0,699.0,693.0,679.0,291.0,305.0,308.0
2939.0,672.0,693.0,661.0,297.0,327.0,289.0
2937.0,658.0,713.0,669.0,296.0,294.0,307.0
3044.0,733.0,711.0,700.0,299.0,300.0,301.0
3046.0,688.0,716.0,718.0,296.0,312.0,316.0
3132.0,720.0,745.0,729.0,299.0,318.0,321.0
3166.0,739.0,728.0,756.0,289.0,325.0,329.0
3213.0,766.0,736.0,749.0,315.0,318.0,329.0
3292.0,767.0,758.0,771.0,346.0,326.0,324.0
3287.0,777.0,767.0,759.0,319.0,334.0,331.0
3297.0,776.0,735.0,786.0,327.0,333.0,340.0
3307.0,773.0,759.0,788.0,322.0,325.0,340.0
3363.0,767.0,795.0,810.0,326.0,330.0,335.0
3279.0,713.0,799.0,781.0,336.0,328.0,322.0
3290.0,753.0,775.0,758.0,346.0,334.0,324.0
3262.0,714.0,767.0,790.0,329.0,331.0,331.0
3128.0,697.0,743.0,719.0,329.0,323.0,317.0
3236.0,761.0,758.0,755.0,339.0,300.0,323.0
3170.0,713.0,747.0,759.0,327.0,302.0,322.0
3123.0,741.0,741.0,708.0,315.0,302.0,316.0
3075.0,722.0,707.0,707.0,324.0,306.0,309.0
3092.0,721.0,693.0,756.0,320.0,296.0,306.0
2999.0,730.0,706.0,686.0,295.0,294.0,288.0
2981.0,701.0,688.0,703.0,309.0,288.0,292.0
2976.0,715.0,688.0,698.0,302.0,293.0,280.0
2934.0,707.0,660.0,678.0,300.0,300.0,289.0
2980.0,714.0,685.0,688.0,302.0,289.0,302.0
3016.0,689.0,729.0,700.0,309.0,302.0,287.0
3086.0,719.0,742.0,732.0,299.0,291.0,303.0
3083.0,744.0,729.0,692.0,307.0,309.0,302.0
3191.0,755.0,755.0,740.0,309.0,310.0,322.0
3193.0,754.0,759.0,733.0,309.0,329.0,309.0
3298.0,767.0,805.0,775.0,307.0,338.0,306.0
3308.0,827.0,732.0,762.0,325.0,330.0,332.0
3340.0,825.0,781.0,769.0,310.0,328.0,327.0
3284.0,779.0,728.0,787.0,318.0,336.0,336.0
3381.0,806.0,797.0,791.0,323.0,334.0,330.0
3432.0,795.0,808.0,815.0,335.0,353.0,326.0
3347.0,776.0,771.0,793.0,326.0,338.0,343.0
3338.0,770.0,770.0,789.0,342.0,340.0,327.0
3321.0,768.0,770.0,772.0,331.0,336.0,344.0
3334.0,771.0,776.0,786.0,326.0,337.0,338.0
3245.0,756.0,711.0,762.0,339.0,330.0,347.0
3239.0,756.0,736.0,769.0,330.0,319.0,329.0
3252.0,777.0,745.0,740.0,331.0,335.0,324.0
3174.0,754.0,726.0,729.0,327.0,319.0,319.0
3158.0,759.0,721.0,719.0,326.0,316.0,317.0
3152.0,764.0,717.0,733.0,308.0,310.0,320.0
3092.0,768.0,727.0,659.0,305.0,316.0,317.0
3134.0,754.0,739.0,714.0,317.0,304.0,306.0
3154.0,732.0,758.0,720.0,326.0,307.0,311.0
3109.0,717.0,737.0,707.0,323.0,312.0,313.0
3013.0,685.0,718.0,697.0,309.0,300.0,304.0
3073.0,711.0,737.0,709.0,307.0,305.0,304.0
3095.0,692.0,755.0,722.0,307.0,300.0,319.0
3102.0,706.0,731.0,728.0,309.0,314.0,314.0
3199.0,750.0,741.0,747.0,319.0,321.0,321.0
3209.0,753.0,758.0,753.0,312.0,315.0,318.0
3273.0,781.0,738.0,779.0,328.0,320.0,327.0
3286.0,779.0,756.0,800.0,325.0,315.0,311.0
3347.0,819.0,762.0,778.0,334.0,328.0,326.0
3330.0,804.0,777.0,768.0,325.0,318.0,338.0
3404.0,824.0,742.0,824.0,328.0,344.0,342.0
3384.0,809.0,788.0,798.0,333.0,323.0,333.0
3409.0,791.0,783.0,813.0,344.0,349.0,329.0
3366.0,771.0,793.0,792.0,335.0,345.0,330.0
3378.0,773.0,816.0,772.0,336.0,345.0,336.0
3386.0,783.0,809.0,789.0,344.0,345.0,316.0
3361.0,773.0,832.0,755.0,338.0,338.0,325.0
3274.0,736.0,793.0,746.0,319.0,347.0,333.0
3207.0,780.0,742.0,710.0,333.0,336.0,306.0
3193.0,759.0,756.0,701.0,343.0,320.0,314.0
3261.0,778.0,763.0,752.0,327.0,327.0,314.0
3168.0,745.0,744.0,708.0,327.0,334.0,310.0
3179.0,762.0,753.0,707.0,325.0,316.0,316.0
3056.0,728.0,688.0,711.0,305.0,322.0,302.0
3139.0,737.0,724.0,727.0,320.0,315.0,316.0
3050.0,719.0,714.0,674.0,312.0,319.0,312.0
3164.0,716.0,719.0,791.0,312.0,312.0,314.0
3154.0,712.0,719.0,749.0,339.0,323.0,312.0
3213.0,724.0,726.0,786.0,329.0,325.0,323.0
3104.0,703.0,714.0,725.0,319.0,318.0,325.0
3324.0,767.0,788.0,772.0,335.0,326.0,336.0
3284.0,785.0,752.0,769.0,316.0,329.0,333.0
3393.0,780.0,806.0,806.0,323.0,347.0,331.0
3367.0,774.0,794.0,809.0,340.0,324.0,326.0
3422.0,799.0,806.0,793.0,329.0,328.0,367.0
3529.0,832.0,849.0,806.0,339.0,351.0,352.0
3476.0,827.0,817.0,803.0,336.0,341.0,352.0
3509.0,807.0,842.0,838.0,337.0,340.0,345.0
3488.0,817.0,813.0,816.0,344.0,344.0,354.0
3419.0,770.0,815.0,814.0,336.0,339.0,345.0
3365.0,771.0,790.0,783.0,330.0,341.0,350.0
3386.0,784.0,767.0,796.0,343.0,345.0,351.0
3328.0,771.0,761.0,792.0,339.0,322.0,343.0
3299.0,765.0,781.0,750.0,329.0,337.0,337.0
3244.0,729.0,764.0,773.0,335.0,320.0,323.0
3274.0,784.0,752.0,752.0,340.0,332.0,314.0
3254.0,775.0,736.0,776.0,313.0,325.0,329.0
3186.0,739.0,746.0,743.0,325.0,323.0,310.0
3186.0,774.0,757.0,738.0,307.0,313.0,297.0
3212.0,754.0,747.0,726.0,333.0,328.0,324.0
3228.0,751.0,752.0,764.0,331.0,317.0,313.0
3156.0,752.0,726.0,726.0,316.0,324.0,312.0
3169.0,717.0,747.0,750.0,311.0,327.0,317.0
3230.0,747.0,756.0,750.0,325.0,329.0,323.0
3210.0,748.0,755.0,733.0,320.0,328.0,326.0
3320.0,761.0,781.0,785.0,346.0,343.0,304.0
3408.0,791.0,812.0,795.0,344.0,327.0,339.0
3401.0,795.0,812.0,791.0,335.0,344.0,324.0
3407.0,784.0,795.0,819.0,341.0,340.0,328.0
3443.0,845.0,773.0,795.0,331.0,351.0,348.0
3470.0,800.0,801.0,838.0,345.0,343.0,343.0
3527.0,819.0,824.0,830.0,344.0,362.0,348.0
3454.0,810.0,778.0,799.0,349.0,359.0,359.0
3398.0,816.0,782.0,758.0,341.0,357.0,344.0
3429.0,833.0,756.0,800.0,345.0,340.0,355.0
3462.0,828.0,777.0,817.0,333.0,351.0,356.0
3499.0,803.0,840.0,815.0,336.0,343.0,362.0
3472.0,779.0,842.0,829.0,334.0,332.0,356.0
3413.0,770.0,815.0,789.0,343.0,349.0,347.0
3415.0,772.0,810.0,800.0,350.0,335.0,348.0
3351.0,803.0,791.0,771.0,330.0,312.0,344.0
3308.0,767.0,807.0,739.0,330.0,328.0,337.0
3337.0,800.0,784.0,762.0,319.0,329.0,343.0
3328.0,779.0,812.0,774.0,325.0,313.0,325.0
3283.0,774.0,784.0,757.0,322.0,316.0,330.0
3271.0,790.0,776.0,739.0,323.0,319.0,324.0
3225.0,749.0,756.0,772.0,308.0,315.0,325.0
3277.0,780.0,737.0,780.0,336.0,315.0,329.0
3251.0,718.0,766.0,769.0,337.0,323.0,338.0
3236.0,726.0,735.0,786.0,341.0,318.0,330.0
3209.0,720.0,726.0,778.0,327.0,330.0,328.0
3317.0,750.0,782.0,779.0,325.0,334.0,347.0
3391.0,787.0,784.0,815.0,340.0,334.0,331.0
3438.0,806.0,780.0,813.0,351.0,345.0,343.0
3470.0,816.0,804.0,799.0,346.0,347.0,358.0
3557.0,829.0,854.0,809.0,354.0,354.0,357.0
3511.0,813.0,779.0,841.0,362.0,363.0,353.0
3545.0,815.0,831.0,830.0,357.0,362.0,350.0
3531.0,843.0,848.0,774.0,360.0,356.0,350.0
3568.0,858.0,841.0,812.0,356.0,360.0,341.0
3517.0,818.0,831.0,801.0,346.0,364.0,357.0
3497.0,793.0,872.0,778.0,350.0,365.0,339.0
3469.0,779.0,877.0,775.0,343.0,357.0,338.0
3495.0,790.0,846.0,802.0,341.0,364.0,352.0
3474.0,826.0,838.0,782.0,345.0,345.0,338.0
3397.0,792.0,787.0,783.0,345.0,356.0,334.0
3367.0,777.0,781.0,808.0,334.0,340.0,327.0
3355.0,787.0,782.0,793.0,333.0,328.0,332.0
3335.0,788.0,779.0,785.0,316.0,330.0,337.0
3341.0,800.0,754.0,802.0,329.0,320.0,336.0
3310.0,775.0,778.0,774.0,327.0,321.0,335.0
3298.0,763.0,761.0,786.0,327.0,336.0,325.0
3323.0,765.0,772.0,802.0,330.0,326.0,328.0
3322.0,769.0,791.0,791.0,338.0,323.0,310.0
3310.0,772.0,786.0,773.0,324.0,319.0,336.0
3309.0,766.0,767.0,771.0,334.0,330.0,341.0
3277.0,751.0,769.0,773.0,338.0,318.0,328.0
3336.0,739.0,791.0,779.0,359.0,326.0,342.0
3436.0,770.0,809.0,822.0,346.0,336.0,353.0
3479.0,808.0,818.0,821.0,346.0,326.0,360.0
3482.0,796.0,818.0,812.0,369.0,345.0,342.0
3586.0,840.0,834.0,818.0,369.0,355.0,370.0
3583.0,837.0,834.0,837.0,351.0,360.0,364.0
3593.0,841.0,841.0,824.0,365.0,358.0,364.0
3601.0,870.0,821.0,796.0,376.0,365.0,373.0
3616.0,850.0,848.0,839.0,355.0,353.0,371.0
3566.0,864.0,785.0,813.0,361.0,364.0,379.0
3544.0,810.0,827.0,841.0,350.0,356.0,360.0
3571.0,838.0,818.0,841.0,354.0,361.0,359.0
3561.0,828.0,826.0,854.0,342.0,363.0,348.0
3467.0,752.0,844.0,818.0,335.0,367.0,351.0
3512.0,810.0,832.0,812.0,348.0,360.0,350.0
3532.0,839.0,817.0,828.0,341.0,351.0,356.0
3502.0,823.0,802.0,842.0,330.0,352.0,353.0
3418.0,801.0,819.0,778.0,331.0,349.0,340.0
3394.0,803.0,802.0,798.0,320.0,334.0,337.0
3381.0,778.0,794.0,813.0,325.0,335.0,336.0
3417.0,795.0,817.0,804.0,323.0,348.0,330.0
3328.0,750.0,797.0,796.0,335.0,335.0,315.0
3337.0,756.0,795.0,789.0,340.0,335.0,322.0
3344.0,788.0,784.0,792.0,316.0,330.0,334.0
3323.0,767.0,767.0,776.0,332.0,358.0,323.0
3317.0,768.0,748.0,797.0,337.0,333.0,334.0
3376.0,782.0,794.0,777.0,355.0,330.0,338.0
3491.0,850.0,805.0,799.0,350.0,347.0,340.0
3432.0,834.0,801.0,773.0,348.0,345.0,331.0
3446.0,821.0,790.0,791.0,353.0,341.0,350.0
3556.0,877.0,809.0,813.0,356.0,350.0,351.0
3596.0,859.0,831.0,820.0,363.0,359.0,364.0
3575.0,874.0,813.0,814.0,361.0,363.0,350.0
3633.0,852.0,849.0,841.0,373.0,363.0,355.0
3645.0,839.0,863.0,857.0,372.0,353.0,361.0
3647.0,861.0,863.0,835.0,365.0,354.0,369.0
3662.0,828.0,848.0,871.0,374.0,373.0,368.0
3615.0,818.0,861.0,862.0,360.0,349.0,365.0
3641.0,841.0,847.0,877.0,357.0,341.0,378.0
3549.0,802.0,829.0,854.0,347.0,356.0,361.0
3519.0,795.0,815.0,836.0,359.0,351.0,363.0
3558.0,832.0,825.0,849.0,348.0,351.0,353.0
3466.0,788.0,801.0,839.0,350.0,342.0,346.0
3465.0,807.0,835.0,802.0,348.0,340.0,333.0
3422.0,812.0,791.0,803.0,327.0,339.0,350.0
3409.0,784.0,781.0,815.0,334.0,344.0,351.0
3341.0,784.0,773.0,773.0,326.0,349.0,336.0
3349.0,805.0,759.0,762.0,328.0,350.0,345.0
3397.0,790.0,787.0,809.0,327.0,343.0,341.0
3359.0,765.0,791.0,766.0,346.0,339.0,352.0
3421.0,793.0,805.0,783.0,336.0,349.0,355.0
3430.0,811.0,809.0,780.0,331.0,359.0,340.0
3411.0,774.0,786.0,793.0,350.0,361.0,347.0
3480.0,810.0,839.0,772.0,363.0,336.0,360.0
3561.0,863.0,838.0,791.0,357.0,357.0,355.0
3643.0,859.0,857.0,837.0,374.0,363.0,353.0
3680.0,878.0,883.0,833.0,358.0,380.0,348.0
3644.0,867.0,862.0,824.0,378.0,356.0,357.0
3700.0,866.0,852.0,857.0,400.0,371.0,354.0
3764.0,895.0,876.0,860.0,379.0,381.0,373.0
3779.0,883.0,904.0,887.0,368.0,361.0,376.0
3681.0,858.0,834.0,876.0,380.0,367.0,366.0
3657.0,843.0,858.0,875.0,371.0,363.0,347.0
3582.0,808.0,834.0,860.0,374.0,357.0,349.0
3673.0,841.0,860.0,884.0,376.0,364.0,348.0
3589.0,820.0,829.0,866.0,363.0,352.0,359.0
3592.0,831.0,803.0,872.0,362.0,367.0,357.0
3537.0,846.0,785.0,840.0,351.0,365.0,350.0
3589.0,846.0,841.0,848.0,356.0,351.0,347.0
3546.0,844.0,815.0,851.0,346.0,347.0,343.0
3528.0,871.0,803.0,815.0,354.0,340.0,345.0
3446.0,846.0,815.0,785.0,326.0,330.0,344.0
3464.0,801.0,817.0,815.0,339.0,345.0,347.0
3410.0,790.0,803.0,792.0,329.0,342.0,354.0
3475.0,839.0,815.0,779.0,336.0,349.0,357.0
3462.0,783.0,836.0,791.0,350.0,346.0,356.0
3429.0,794.0,801.0,783.0,352.0,347.0,352.0
3463.0,828.0,841.0,746.0,345.0,356.0,347.0
3557.0,840.0,813.0,841.0,340.0,357.0,366.0
3586.0,822.0,831.0,851.0,357.0,360.0,365.0
3657.0,846.0,858.0,856.0,359.0,371.0,367.0
3610.0,829.0,817.0,857.0,362.0,377.0,368.0
3656.0,854.0,837.0,854.0,363.0,374.0,374.0
3751.0,875.0,853.0,881.0,379.0,387.0,376.0
3757.0,887.0,870.0,877.0,370.0,388.0,365.0
3762.0,881.0,847.0,895.0,374.0,384.0,381.0
3815.0,885.0,895.0,890.0,383.0,390.0,372.0
3753.0,912.0,840.0,866.0,375.0,370.0,390.0
3785.0,872.0,883.0,891.0,382.0,385.0,372.0
3701.0,862.0,863.0,834.0,367.0,396.0,379.0
3766.0,850.0,879.0,914.0,379.0,370.0,374.0
3733.0,843.0,892.0,893.0,372.0,368.0,365.0
3699.0,866.0,865.0,864.0,373.0,379.0,352.0
3633.0,827.0,879.0,826.0,375.0,359.0,367.0
3623.0,844.0,854.0,842.0,374.0,351.0,358.0
3577.0,830.0,854.0,819.0,365.0,355.0,354.0
3556.0,844.0,837.0,804.0,364.0,354.0,353.0
3404.0,837.0,777.0,766.0,352.0,337.0,335.0
3554.0,846.0,837.0,824.0,345.0,344.0,358.0
3431.0,840.0,772.0,794.0,342.0,339.0,344.0
3479.0,827.0,806.0,806.0,343.0,348.0,349.0
3478.0,837.0,807.0,800.0,347.0,351.0,336.0
3441.0,833.0,774.0,805.0,346.0,344.0,339.0
3513.0,815.0,809.0,830.0,360.0,350.0,349.0
3536.0,828.0,817.0,843.0,345.0,359.0,344.0
3517.0,802.0,826.0,810.0,361.0,358.0,360.0
3669.0,856.0,858.0,862.0,352.0,376.0,365.0
3657.0,867.0,871.0,871.0,352.0,353.0,343.0
3704.0,855.0,885.0,863.0,368.0,363.0,370.0
3764.0,885.0,895.0,878.0,370.0,374.0,362.0
3832.0,919.0,878.0,899.0,378.0,375.0,383.0
3871.0,879.0,913.0,920.0,392.0,392.0,375.0
3865.0,918.0,883.0,911.0,389.0,384.0,380.0
3907.0,897.0,894.0,950.0,381.0,394.0,391.0
3846.0,875.0,885.0,891.0,399.0,398.0,398.0
3784.0,867.0,859.0,905.0,398.0,379.0,376.0
3814.0,877.0,882.0,900.0,390.0,378.0,387.0
3743.0,833.0,889.0,890.0,367.0,391.0,373.0
3770.0,896.0,845.0,890.0,389.0,374.0,376.0
3640.0,844.0,853.0,825.0,375.0,375.0,368.0
3660.0,845.0,819.0,881.0,381.0,363.0,371.0
3617.0,880.0,838.0,803.0,366.0,375.0,355.0
3588.0,867.0,854.0,791.0,363.0,353.0,360.0
3568.0,866.0,834.0,811.0,354.0,339.0,364.0
3539.0,857.0,809.0,803.0,345.0,363.0,362.0
3558.0,836.0,834.0,841.0,346.0,348.0,353.0
3527.0,802.0,835.0,794.0,356.0,370.0,370.0
3543.0,808.0,839.0,834.0,351.0,356.0,355.0
3594.0,819.0,884.0,832.0,354.0,352.0,353.0
3575.0,821.0,846.0,847.0,356.0,343.0,362.0
3531.0,795.0,848.0,826.0,348.0,360.0,354.0
3705.0,867.0,879.0,853.0,379.0,353.0,374.0
3705.0,897.0,855.0,851.0,363.0,364.0,375.0
3674.0,905.0,849.0,855.0,359.0,354.0,352.0
3749.0,881.0,840.0,906.0,371.0,380.0,371.0
3788.0,914.0,853.0,920.0,376.0,361.0,364.0
3776.0,872.0,866.0,906.0,384.0,370.0,378.0
3820.0,943.0,870.0,888.0,372.0,378.0,369.0
3809.0,870.0,891.0,902.0,397.0,367.0,382.0
3874.0,907.0,891.0,934.0,375.0,380.0,387.0
3878.0,909.0,915.0,908.0,392.0,389.0,365.0
3835.0,905.0,902.0,909.0,385.0,380.0,354.0
3806.0,878.0,885.0,884.0,392.0,387.0,380.0
3752.0,844.0,892.0,897.0,392.0,372.0,355.0
3786.0,866.0,927.0,869.0,398.0,368.0,358.0
3724.0,866.0,889.0,844.0,390.0,371.0,364.0
3753.0,880.0,897.0,872.0,371.0,375.0,358.0
3762.0,890.0,900.0,852.0,373.0,377.0,370.0
3711.0,878.0,854.0,853.0,392.0,361.0,373.0
3693.0,900.0,871.0,816.0,367.0,371.0,368.0
3656.0,865.0,855.0,817.0,377.0,369.0,373.0
3601.0,839.0,836.0,832.0,366.0,363.0,365.0
3639.0,865.0,860.0,827.0,368.0,363.0,356.0
3551.0,824.0,815.0,831.0,353.0,372.0,356.0
3590.0,833.0,825.0,859.0,346.0,359.0,368.0
3628.0,839.0,830.0,866.0,347.0,374.0,372.0
3613.0,803.0,817.0,873.0,358.0,383.0,379.0
3731.0,867.0,873.0,872.0,376.0,378.0,365.0
3766.0,879.0,858.0,903.0,373.0,374.0,379.0
3819.0,887.0,853.0,915.0,376.0,397.0,391.0
3827.0,906.0,881.0,885.0,367.0,389.0,399.0
3849.0,895.0,891.0,905.0,391.0,386.0,381.0
3968.0,926.0,943.0,927.0,394.0,388.0,390.0
3996.0,952.0,939.0,939.0,383.0,388.0,395.0
3968.0,915.0,952.0,922.0,402.0,390.0,387.0
3974.0,902.0,937.0,965.0,384.0,385.0,401.0
3883.0,890.0,937.0,882.0,388.0,391.0,395.0
3885.0,924.0,900.0,888.0,398.0,378.0,397.0
3830.0,862.0,924.0,866.0,387.0,400.0,391.0
3819.0,901.0,895.0,873.0,386.0,373.0,391.0
3749.0,885.0,895.0,839.0,393.0,369.0,368.0
3764.0,917.0,869.0,851.0,377.0,371.0,379.0
3706.0,907.0,841.0,843.0,381.0,355.0,379.0
3732.0,880.0,877.0,874.0,371.0,358.0,372.0
3619.0,850.0,835.0,834.0,372.0,367.0,361.0
3687.0,895.0,874.0,858.0,369.0,354.0,337.0
3705.0,889.0,840.0,849.0,385.0,378.0,364.0
3623.0,837.0,846.0,849.0,370.0,361.0,360.0
3637.0,864.0,863.0,829.0,357.0,359.0,365.0
3629.0,825.0,868.0,845.0,355.0,368.0,368.0
3671.0,827.0,879.0,884.0,352.0,368.0,361.0
3719.0,818.0,880.0,914.0,371.0,372.0,364.0
3788.0,873.0,898.0,904.0,367.0,389.0,357.0
3813.0,878.0,886.0,936.0,368.0,382.0,363.0
3842.0,895.0,881.0,926.0,382.0,390.0,368.0
3928.0,931.0,942.0,901.0,381.0,391.0,382.0
3971.0,935.0,927.0,941.0,389.0,401.0,378.0
4007.0,941.0,917.0,953.0,389.0,414.0,393.0
3964.0,951.0,891.0,934.0,393.0,400.0,395.0
3938.0,917.0,939.0,904.0,381.0,402.0,395.0
3938.0,929.0,912.0,925.0,377.0,400.0,395.0
3919.0,899.0,885.0,942.0,391.0,403.0,399.0
3882.0,897.0,901.0,902.0,398.0,385.0,399.0
3908.0,902.0,918.0,915.0,385.0,389.0,399.0
3932.0,922.0,912.0,924.0,395.0,378.0,401.0
3923.0,930.0,919.0,908.0,382.0,394.0,390.0
3772.0,875.0,839.0,892.0,386.0,384.0,396.0
3838.0,897.0,917.0,889.0,375.0,375.0,385.0
3826.0,894.0,886.0,895.0,382.0,382.0,387.0
3810.0,905.0,901.0,885.0,370.0,370.0,379.0
3789.0,901.0,883.0,860.0,382.0,377.0,386.0
3770.0,888.0,892.0,888.0,382.0,356.0,364.0
3669.0,856.0,891.0,832.0,369.0,351.0,370.0
3751.0,875.0,898.0,864.0,375.0,358.0,381.0
3788.0,874.0,875.0,909.0,386.0,364.0,380.0
3721.0,843.0,882.0,865.0,392.0,358.0,381.0
3741.0,886.0,874.0,869.0,375.0,366.0,371.0
3712.0,855.0,858.0,890.0,357.0,379.0,373.0
3749.0,858.0,871.0,893.0,374.0,375.0,378.0
3879.0,891.0,898.0,934.0,366.0,396.0,394.0
3782.0,894.0,844.0,897.0,373.0,386.0,388.0
3907.0,893.0,919.0,909.0,381.0,403.0,402.0
3942.0,930.0,898.0,918.0,406.0,396.0,394.0
4026.0,974.0,935.0,953.0,382.0,380.0,402.0
4053.0,986.0,925.0,943.0,399.0,402.0,398.0
3982.0,938.0,912.0,940.0,401.0,387.0,404.0
3974.0,961.0,920.0,912.0,391.0,402.0,388.0
3981.0,937.0,940.0,909.0,398.0,410.0,387.0
3947.0,928.0,926.0,897.0,398.0,412.0,386.0
4028.0,936.0,962.0,928.0,403.0,413.0,386.0
3956.0,929.0,921.0,907.0,384.0,419.0,396.0
3888.0,909.0,902.0,908.0,381.0,402.0,386.0
3903.0,890.0,941.0,916.0,382.0,388.0,386.0
3883.0,882.0,903.0,937.0,388.0,402.0,371.0
3879.0,905.0,879.0,934.0,402.0,391.0,368.0
3823.0,911.0,870.0,903.0,376.0,381.0,382.0
3837.0,909.0,866.0,914.0,386.0,383.0,379.0
3762.0,909.0,859.0,861.0,380.0,385.0,368.0
3803.0,910.0,854.0,907.0,371.0,379.0,382.0
3654.0,837.0,811.0,876.0,392.0,362.0,376.0
3757.0,888.0,844.0,881.0,397.0,372.0,375.0
3700.0,846.0,840.0,870.0,378.0,384.0,382.0
3815.0,886.0,872.0,908.0,386.0,383.0,380.0
3861.0,877.0,894.0,926.0,384.0,384.0,396.0
3863.0,891.0,899.0,919.0,398.0,377.0,379.0
3818.0,884.0,908.0,877.0,403.0,344.0,402.0
3906.0,917.0,923.0,894.0,395.0,385.0,392.0
3916.0,897.0,904.0,916.0,403.0,385.0,411.0
4028.0,962.0,958.0,916.0,404.0,396.0,392.0
4039.0,947.0,963.0,921.0,407.0,398.0,403.0
4017.0,912.0,964.0,920.0,408.0,401.0,412.0
4063.0,980.0,958.0,915.0,398.0,402.0,410.0
4071.0,983.0,932.0,952.0,402.0,404.0,398.0
4015.0,930.0,937.0,920.0,411.0,404.0,413.0
4068.0,960.0,933.0,960.0,406.0,399.0,410.0
3971.0,913.0,912.0,944.0,391.0,389.0,422.0
3959.0,882.0,949.0,941.0,394.0,397.0,396.0
3990.0,913.0,923.0,955.0,394.0,406.0,399.0
4025.0,926.0,941.0,964.0,392.0,405.0,397.0
3969.0,921.0,923.0,944.0,387.0,401.0,393.0
3925.0,921.0,908.0,912.0,393.0,398.0,393.0
3908.0,922.0,895.0,918.0,389.0,405.0,379.0
3889.0,917.0,902.0,911.0,382.0,400.0,377.0
3827.0,906.0,894.0,900.0,383.0,373.0,371.0
3843.0,892.0,889.0,908.0,395.0,382.0,377.0
3828.0,886.0,886.0,896.0,384.0,390.0,386.0
3855.0,877.0,911.0,913.0,387.0,395.0,372.0
3775.0,871.0,881.0,876.0,386.0,390.0,371.0
3792.0,859.0,905.0,872.0,388.0,387.0,381.0
3810.0,872.0,882.0,900.0,395.0,390.0,371.0
3905.0,894.0,931.0,906.0,389.0,391.0,394.0
3944.0,915.0,911.0,927.0,407.0,389.0,395.0
3931.0,924.0,911.0,902.0,405.0,389.0,400.0
4016.0,939.0,924.0,939.0,417.0,399.0,398.0
4050.0,966.0,917.0,931.0,405.0,421.0,410.0
4066.0,983.0,908.0,940.0,425.0,403.0,407.0
4059.0,982.0,927.0,928.0,407.0,403.0,412.0
4069.0,937.0,969.0,928.0,406.0,421.0,408.0
4093.0,955.0,956.0,961.0,411.0,413.0,397.0
4144.0,976.0,985.0,947.0,420.0,396.0,420.0
4180.0,959.0,1010.0,988.0,404.0,405.0,414.0
4076.0,952.0,971.0,940.0,409.0,390.0,414.0
4067.0,941.0,964.0,946.0,399.0,400.0,417.0
4081.0,919.0,988.0,964.0,403.0,397.0,410.0
4072.0,955.0,960.0,956.0,391.0,390.0,420.0
3993.0,906.0,928.0,958.0,391.0,407.0,403.0
4032.0,954.0,917.0,963.0,399.0,400.0,399.0
3983.0,931.0,912.0,972.0,385.0,386.0,397.0
3924.0,900.0,916.0,953.0,384.0,381.0,390.0
3863.0,913.0,894.0,902.0,372.0,387.0,395.0
3885.0,936.0,886.0,904.0,369.0,380.0,410.0
3815.0,894.0,865.0,893.0,383.0,387.0,393.0
3825.0,873.0,873.0,900.0,390.0,395.0,394.0
3821.0,885.0,886.0,875.0,385.0,393.0,397.0
3802.0,875.0,856.0,874.0,404.0,395.0,398.0
3858.0,874.0,885.0,901.0,400.0,405.0,393.0
3966.0,914.0,950.0,901.0,399.0,389.0,413.0
4029.0,936.0,946.0,919.0,414.0,409.0,405.0
4027.0,929.0,964.0,931.0,404.0,409.0,390.0
4005.0,962.0,916.0,896.0,410.0,413.0,408.0
4080.0,961.0,963.0,941.0,407.0,401.0,407.0
4146.0,976.0,985.0,949.0,416.0,407.0,413.0
4207.0,989.0,986.0,979.0,417.0,419.0,417.0
4262.0,1012.0,1005.0,974.0,424.0,440.0,407.0
4187.0,987.0,995.0,965.0,415.0,408.0,417.0
4171.0,952.0,994.0,973.0,421.0,414.0,417.0
4208.0,971.0,996.0,983.0,409.0,442.0,407.0
4123.0,951.0,939.0,987.0,422.0,416.0,408.0
4105.0,939.0,964.0,977.0,406.0,418.0,401.0
4045.0,930.0,925.0,972.0,415.0,405.0,398.0
4078.0,941.0,941.0,968.0,407.0,415.0,406.0
4046.0,944.0,950.0,958.0,393.0,402.0,399.0
3986.0,939.0,918.0,944.0,390.0,398.0,397.0
3946.0,918.0,885.0,978.0,379.0,399.0,387.0
3900.0,909.0,887.0,942.0,380.0,383.0,399.0
3935.0,936.0,911.0,916.0,398.0,385.0,389.0
3908.0,930.0,905.0,912.0,388.0,377.0,396.0
3969.0,955.0,947.0,906.0,393.0,395.0,373.0
3827.0,900.0,915.0,880.0,389.0,366.0,377.0
3980.0,924.0,966.0,891.0,410.0,387.0,402.0
3921.0,923.0,936.0,874.0,405.0,383.0,400.0
3905.0,905.0,921.0,890.0,400.0,393.0,396.0
4050.0,920.0,988.0,925.0,416.0,404.0,397.0
4009.0,926.0,947.0,896.0,405.0,410.0,425.0
4132.0,978.0,978.0,937.0,418.0,415.0,406.0
4121.0,940.0,984.0,948.0,426.0,402.0,421.0
4121.0,981.0,957.0,948.0,413.0,409.0,413.0
4238.0,1015.0,972.0,992.0,416.0,429.0,414.0
4227.0,994.0,980.0,989.0,427.0,423.0,414.0
4259.0,984.0,990.0,987.0,437.0,432.0,429.0
4308.0,1000.0,969.0,1024.0,442.0,432.0,441.0
4247.0,991.0,951.0,1013.0,423.0,444.0,425.0
4254.0,983.0,994.0,995.0,427.0,424.0,431.0
4216.0,969.0,985.0,968.0,427.0,436.0,431.0
4170.0,972.0,943.0,988.0,418.0,419.0,430.0
4186.0,973.0,995.0,963.0,409.0,425.0,421.0
4093.0,935.0,950.0,981.0,399.0,424.0,404.0
4099.0,949.0,965.0,982.0,387.0,413.0,403.0
4105.0,973.0,955.0,979.0,402.0,401.0,395.0
4030.0,964.0,953.0,930.0,396.0,398.0,389.0
4009.0,952.0,945.0,938.0,385.0,395.0,394.0
3957.0,955.0,920.0,905.0,398.0,385.0,394.0
3998.0,955.0,950.0,912.0,389.0,393.0,399.0
3926.0,912.0,933.0,926.0,389.0,391.0,375.0
3924.0,896.0,928.0,907.0,394.0,386.0,413.0
3916.0,891.0,936.0,917.0,389.0,397.0,386.0
3982.0,946.0,937.0,934.0,392.0,380.0,393.0
3918.0,898.0,921.0,917.0,390.0,392.0,400.0
3997.0,923.0,927.0,946.0,406.0,399.0,396.0
4049.0,943.0,928.0,995.0,403.0,388.0,392.0
4125.0,978.0,954.0,963.0,414.0,414.0,402.0
4103.0,946.0,957.0,973.0,426.0,399.0,402.0
4202.0,993.0,946.0,1003.0,425.0,418.0,417.0
4285.0,1026.0,999.0,995.0,433.0,415.0,417.0
4324.0,1029.0,984.0,1021.0,440.0,420.0,430.0
4352.0,1016.0,1037.0,1025.0,430.0,431.0,413.0
4344.0,999.0,1050.0,1011.0,443.0,412.0,429.0
4353.0,1027.0,1031.0,1016.0,431.0,431.0,417.0
4278.0,957.0,996.0,1031.0,435.0,443.0,416.0
4300.0,998.0,1011.0,1000.0,443.0,407.0,441.0
4226.0,983.0,981.0,970.0,430.0,425.0,437.0
4192.0,978.0,970.0,952.0,429.0,437.0,426.0
4159.0,971.0,954.0,978.0,419.0,420.0,417.0
4136.0,973.0,956.0,948.0,423.0,422.0,414.0
4097.0,983.0,945.0,924.0,416.0,419.0,410.0
4025.0,945.0,932.0,910.0,419.0,414.0,405.0
4015.0,939.0,931.0,924.0,403.0,423.0,395.0
4003.0,958.0,903.0,919.0,403.0,419.0,401.0
4088.0,951.0,945.0,930.0,419.0,424.0,419.0
4012.0,942.0,945.0,923.0,393.0,402.0,407.0
4031.0,962.0,924.0,956.0,386.0,400.0,403.0
4017.0,914.0,948.0,944.0,397.0,400.0,414.0
4031.0,940.0,941.0,937.0,399.0,402.0,412.0
4075.0,937.0,947.0,966.0,399.0,425.0,401.0
4153.0,985.0,973.0,967.0,408.0,413.0,407.0
4108.0,931.0,999.0,949.0,417.0,406.0,406.0
4164.0,962.0,984.0,995.0,411.0,401.0,411.0
4261.0,983.0,1001.0,1019.0,417.0,421.0,420.0
4275.0,1026.0,1001.0,997.0,416.0,406.0,429.0
4299.0,999.0,975.0,1021.0,440.0,429.0,435.0
4310.0,1049.0,948.0,1019.0,449.0,419.0,426.0
4329.0,1046.0,970.0,1036.0,428.0,432.0,417.0
4313.0,1031.0,986.0,1032.0,417.0,426.0,421.0
4340.0,1015.0,980.0,1050.0,436.0,431.0,428.0
4241.0,970.0,975.0,992.0,443.0,439.0,422.0
4287.0,994.0,958.0,1043.0,444.0,424.0,424.0
4243.0,960.0,994.0,1001.0,447.0,423.0,418.0
4229.0,972.0,1002.0,981.0,423.0,420.0,431.0
4215.0,983.0,1008.0,963.0,422.0,414.0,425.0
4181.0,973.0,991.0,971.0,415.0,420.0,411.0
4159.0,996.0,964.0,967.0,420.0,415.0,397.0
4164.0,979.0,989.0,960.0,419.0,407.0,410.0
4064.0,949.0,942.0,940.0,422.0,403.0,408.0
4062.0,950.0,985.0,905.0,412.0,409.0,401.0
4083.0,939.0,982.0,937.0,404.0,420.0,401.0
4063.0,946.0,946.0,931.0,404.0,424.0,412.0
4093.0,969.0,965.0,946.0,401.0,418.0,394.0
4073.0,947.0,959.0,931.0,401.0,424.0,411.0
4087.0,943.0,954.0,960.0,387.0,429.0,414.0
4077.0,919.0,984.0,949.0,407.0,406.0,412.0
4183.0,994.0,956.0,975.0,405.0,425.0,428.0
4175.0,969.0,940.0,996.0,420.0,432.0,418.0
4262.0,1029.0,946.0,1010.0,426.0,422.0,429.0
4278.0,986.0,996.0,1024.0,413.0,430.0,429.0
4278.0,1008.0,960.0,1017.0,413.0,454.0,426.0
4372.0,1076.0,1004.0,973.0,430.0,438.0,451.0
4326.0,1013.0,983.0,1023.0,433.0,426.0,448.0
4404.0,1040.0,1032.0,1013.0,435.0,436.0,448.0
4376.0,1023.0,1030.0,1017.0,441.0,423.0,442.0
4413.0,1005.0,1054.0,1030.0,440.0,441.0,443.0
4431.0,1048.0,1010.0,1034.0,453.0,451.0,435.0
4343.0,985.0,1011.0,1041.0,440.0,433.0,433.0
4343.0,1011.0,1025.0,1004.0,440.0,432.0,431.0
4303.0,1013.0,1012.0,995.0,434.0,422.0,427.0
4318.0,973.0,1032.0,1020.0,439.0,419.0,435.0
4194.0,958.0,995.0,963.0,424.0,424.0,430.0
4159.0,957.0,981.0,973.0,423.0,411.0,414.0
4169.0,975.0,962.0,988.0,426.0,406.0,412.0
4145.0,991.0,981.0,953.0,409.0,406.0,405.0
4070.0,986.0,907.0,955.0,411.0,402.0,409.0
4090.0,971.0,941.0,946.0,409.0,416.0,407.0
4045.0,962.0,917.0,951.0,405.0,403.0,407.0
4079.0,973.0,915.0,993.0,396.0,407.0,395.0
4166.0,963.0,983.0,997.0,404.0,418.0,401.0
4160.0,959.0,986.0,967.0,415.0,423.0,410.0
4178.0,944.0,991.0,996.0,420.0,426.0,401.0
4200.0,983.0,975.0,990.0,421.0,421.0,410.0
4243.0,983.0,1008.0,977.0,420.0,431.0,424.0
4297.0,987.0,1024.0,1020.0,421.0,426.0,419.0
4281.0,1002.0,1022.0,1003.0,413.0,428.0,413.0
4469.0,1054.0,1046.0,1051.0,437.0,435.0,446.0
4465.0,1070.0,1054.0,1030.0,422.0,460.0,429.0
4443.0,1038.0,1055.0,1040.0,433.0,439.0,438.0
4429.0,1004.0,1059.0,1051.0,438.0,447.0,430.0
4421.0,1047.0,1052.0,1013.0,434.0,448.0,427.0
4416.0,1012.0,1022.0,1043.0,442.0,454.0,443.0
4407.0,1040.0,1038.0,970.0,457.0,448.0,454.0
4349.0,1006.0,994.0,1016.0,440.0,444.0,449.0
4405.0,1051.0,982.0,1031.0,446.0,452.0,443.0
4384.0,1006.0,1020.0,1016.0,443.0,449.0,450.0
4372.0,1019.0,979.0,1028.0,451.0,444.0,451.0
4273.0,984.0,999.0,972.0,443.0,439.0,436.0
4201.0,954.0,976.0,975.0,432.0,429.0,435.0
4281.0,1007.0,989.0,1002.0,439.0,415.0,429.0
4265.0,1002.0,1008.0,982.0,431.0,410.0,432.0
4181.0,1006.0,1009.0,927.0,417.0,401.0,421.0
4183.0,975.0,985.0,969.0,415.0,408.0,431.0
4186.0,952.0,997.0,1002.0,412.0,399.0,424.0
4114.0,937.0,984.0,958.0,410.0,407.0,418.0
4254.0,971.0,998.0,1036.0,426.0,414.0,409.0
4201.0,977.0,975.0,980.0,419.0,414.0,436.0
4244.0,951.0,1009.0,1011.0,418.0,424.0,431.0
4219.0,966.0,999.0,1012.0,420.0,411.0,411.0
4239.0,977.0,981.0,1004.0,421.0,422.0,434.0
4265.0,976.0,1020.0,1005.0,426.0,425.0,413.0
4332.0,1027.0,993.0,1017.0,434.0,432.0,429.0
4360.0,1056.0,985.0,993.0,447.0,444.0,435.0
4424.0,1048.0,1016.0,1034.0,435.0,443.0,448.0
4413.0,1029.0,1026.0,1018.0,434.0,453.0,453.0
4402.0,1052.0,1044.0,1000.0,423.0,453.0,430.0
4524.0,1077.0,1037.0,1053.0,445.0,462.0,450.0
4512.0,1081.0,1064.0,1033.0,438.0,456.0,440.0
4495.0,1039.0,1057.0,1048.0,457.0,451.0,443.0
4421.0,1012.0,1040.0,1020.0,452.0,446.0,451.0
4386.0,985.0,1050.0,991.0,449.0,468.0,443.0
4441.0,989.0,1074.0,1042.0,443.0,454.0,439.0
4341.0,1013.0,1009.0,1011.0,449.0,435.0,424.0
4371.0,1019.0,1054.0,1009.0,437.0,432.0,420.0
4331.0,1021.0,1009.0,999.0,441.0,438.0,423.0
4366.0,1010.0,1024.0,1042.0,427.0,433.0,430.0
4285.0,984.0,988.0,1004.0,441.0,436.0,432.0
4260.0,978.0,1002.0,1007.0,434.0,425.0,414.0
4337.0,1000.0,989.0,1053.0,434.0,432.0,429.0
4173.0,974.0,938.0,1003.0,415.0,423.0,420.0
4199.0,1005.0,937.0,1002.0,425.0,405.0,425.0
4171.0,950.0,963.0,993.0,432.0,412.0,421.0
4194.0,1007.0,955.0,967.0,408.0,428.0,429.0
4204.0,965.0,962.0,1002.0,429.0,422.0,424.0
4326.0,995.0,1010.0,1041.0,424.0,415.0,441.0
4332.0,1013.0,1004.0,1010.0,430.0,438.0,437.0
4399.0,1017.0,1014.0,1051.0,433.0,442.0,442.0
4380.0,1002.0,1029.0,1018.0,437.0,443.0,451.0
4450.0,1046.0,1033.0,1027.0,437.0,446.0,461.0
4511.0,1095.0,1056.0,1021.0,445.0,444.0,450.0
4507.0,1045.0,1053.0,1047.0,449.0,447.0,466.0
4556.0,1036.0,1104.0,1063.0,438.0,447.0,468.0
4549.0,1059.0,1096.0,1052.0,436.0,437.0,469.0
4518.0,1047.0,1069.0,1054.0,446.0,441.0,461.0
4494.0,1022.0,1083.0,1048.0,439.0,446.0,456.0
4488.0,1025.0,1065.0,1057.0,442.0,442.0,457.0
4423.0,1023.0,1038.0,1032.0,435.0,444.0,451.0
4464.0,1019.0,1027.0,1058.0,453.0,444.0,463.0
4424.0,1031.0,1017.0,1046.0,454.0,447.0,429.0
4433.0,1041.0,1040.0,1028.0,445.0,434.0,445.0
4410.0,1035.0,1020.0,1006.0,457.0,437.0,455.0
4392.0,1037.0,994.0,1039.0,443.0,448.0,431.0
4352.0,1055.0,979.0,1035.0,430.0,427.0,426.0
4356.0,1039.0,980.0,1021.0,450.0,435.0,431.0
4268.0,959.0,1003.0,1008.0,436.0,436.0,426.0
4312.0,997.0,1016.0,1008.0,440.0,429.0,422.0
4260.0,960.0,1011.0,1014.0,438.0,427.0,410.0
4239.0,974.0,999.0,984.0,425.0,429.0,428.0
4307.0,1001.0,1025.0,986.0,437.0,436.0,422.0
4339.0,986.0,1039.0,1018.0,429.0,439.0,428.0
4303.0,994.0,995.0,1003.0,431.0,447.0,433.0
4377.0,1044.0,1019.0,1015.0,439.0,433.0,427.0
4412.0,1008.0,1020.0,1045.0,437.0,457.0,445.0
4472.0,1053.0,1036.0,1048.0,437.0,457.0,441.0
4475.0,1077.0,1041.0,1025.0,437.0,456.0,439.0
4489.0,1075.0,1031.0,1034.0,452.0,448.0,449.0
4511.0,1059.0,1047.0,1066.0,444.0,451.0,444.0
4513.0,1082.0,1002.0,1054.0,450.0,464.0,461.0
4562.0,1093.0,1058.0,1056.0,447.0,454.0,454.0
4567.0,1074.0,1041.0,1092.0,449.0,448.0,463.0
4560.0,1063.0,1088.0,1054.0,457.0,438.0,460.0
4528.0,1055.0,1031.0,1088.0,446.0,445.0,463.0
4471.0,1050.0,1042.0,1037.0,447.0,434.0,461.0
4468.0,1021.0,1047.0,1065.0,446.0,438.0,451.0
4535.0,1035.0,1082.0,1067.0,440.0,444.0,467.0
4466.0,1045.0,1026.0,1064.0,441.0,445.0,445.0
4391.0,983.0,1051.0,1017.0,445.0,437.0,458.0
4464.0,1052.0,1060.0,1022.0,447.0,424.0,459.0
4448.0,1042.0,1038.0,1044.0,434.0,441.0,449.0
4346.0,1011.0,1000.0,1023.0,441.0,421.0,450.0
4345.0,1009.0,1015.0,997.0,437.0,435.0,452.0
4363.0,1010.0,1008.0,1011.0,459.0,426.0,449.0
4326.0,1010.0,994.0,1028.0,428.0,436.0,430.0
4325.0,993.0,986.0,1012.0,453.0,451.0,430.0
4324.0,1019.0,1011.0,980.0,439.0,434.0,441.0
4359.0,1010.0,1007.0,1032.0,427.0,441.0,442.0
4379.0,999.0,1027.0,1022.0,434.0,451.0,446.0
4408.0,1018.0,1035.0,1027.0,436.0,448.0,444.0
4456.0,1052.0,1021.0,1037.0,443.0,451.0,452.0
4533.0,1076.0,1036.0,1040.0,467.0,469.0,445.0
4618.0,1090.0,1093.0,1054.0,468.0,458.0,455.0
4577.0,1087.0,1037.0,1062.0,468.0,465.0,458.0
4634.0,1095.0,1109.0,1053.0,447.0,469.0,461.0
4677.0,1091.0,1123.0,1082.0,458.0,465.0,458.0
4640.0,1099.0,1098.0,1057.0,454.0,467.0,465.0
4693.0,1064.0,1114.0,1118.0,466.0,473.0,458.0
4746.0,1082.0,1154.0,1133.0,454.0,460.0,463.0
4578.0,1032.0,1080.0,1100.0,458.0,463.0,445.0
4643.0,1064.0,1102.0,1110.0,460.0,449.0,458.0
4575.0,1056.0,1079.0,1073.0,447.0,467.0,453.0
4529.0,1052.0,1047.0,1099.0,435.0,449.0,447.0
4523.0,1017.0,1064.0,1075.0,459.0,459.0,449.0
4437.0,1077.0,1039.0,1007.0,423.0,451.0,440.0
4402.0,1069.0,1012.0,1012.0,439.0,426.0,444.0
4414.0,1049.0,1035.0,1028.0,436.0,432.0,434.0
4369.0,1050.0,1000.0,1006.0,443.0,436.0,434.0
4411.0,1019.0,1011.0,1043.0,456.0,449.0,433.0
4377.0,1035.0,1018.0,1014.0,439.0,441.0,430.0
4436.0,1044.0,1050.0,1012.0,456.0,430.0,444.0
4349.0,993.0,1054.0,973.0,446.0,444.0,439.0
4481.0,1062.0,1057.0,1029.0,464.0,426.0,443.0
4416.0,1009.0,1044.0,1003.0,461.0,441.0,458.0
4472.0,1040.0,1077.0,1016.0,454.0,433.0,452.0
4444.0,1028.0,1038.0,1016.0,462.0,440.0,460.0
4556.0,1068.0,1062.0,1046.0,458.0,463.0,459.0
4600.0,1053.0,1100.0,1073.0,450.0,456.0,468.0
4637.0,1076.0,1096.0,1041.0,479.0,464.0,481.0
4703.0,1095.0,1112.0,1092.0,468.0,461.0,475.0
4738.0,1095.0,1115.0,1090.0,481.0,468.0,489.0
4706.0,1100.0,1080.0,1109.0,471.0,467.0,479.0
4733.0,1119.0,1064.0,1111.0,483.0,472.0,484.0
4681.0,1070.0,1054.0,1134.0,474.0,480.0,469.0
4694.0,1059.0,1084.0,1123.0,465.0,486.0,477.0
4688.0,1077.0,1085.0,1112.0,459.0,478.0,477.0
4643.0,1060.0,1115.0,1070.0,455.0,466.0,477.0
4574.0,1046.0,1066.0,1093.0,458.0,461.0,450.0
4614.0,1067.0,1086.0,1075.0,455.0,478.0,453.0
4631.0,1053.0,1107.0,1096.0,446.0,471.0,458.0
4625.0,1073.0,1082.0,1098.0,448.0,465.0,459.0
4559.0,1061.0,1102.0,1052.0,452.0,444.0,448.0
4481.0,1058.0,1083.0,1022.0,439.0,458.0,421.0
4404.0,1053.0,1043.0,995.0,432.0,444.0,437.0
4457.0,1067.0,1031.0,1021.0,436.0,461.0,441.0
4455.0,1061.0,1051.0,996.0,451.0,452.0,444.0
4446.0,1026.0,1061.0,1011.0,457.0,455.0,436.0
4375.0,1005.0,1034.0,1018.0,438.0,441.0,439.0
4372.0,995.0,1060.0,1016.0,432.0,437.0,432.0
4403.0,988.0,1046.0,1029.0,452.0,450.0,438.0
4444.0,1016.0,1036.0,1022.0,460.0,462.0,448.0
4499.0,1038.0,1044.0,1060.0,464.0,442.0,451.0
4555.0,1069.0,1047.0,1065.0,464.0,453.0,457.0
4602.0,1054.0,1060.0,1097.0,475.0,456.0,460.0
4711.0,1129.0,1071.0,1131.0,478.0,445.0,457.0
4741.0,1133.0,1095.0,1095.0,485.0,460.0,473.0
4693.0,1140.0,1072.0,1065.0,482.0,467.0,467.0
4736.0,1110.0,1099.0,1119.0,465.0,467.0,476.0
4756.0,1116.0,1096.0,1123.0,476.0,475.0,470.0
4737.0,1087.0,1088.0,1138.0,467.0,472.0,485.0
4791.0,1123.0,1122.0,1124.0,481.0,470.0,471.0
4653.0,1063.0,1071.0,1111.0,468.0,464.0,476.0
4666.0,1070.0,1088.0,1097.0,465.0,465.0,481.0
4744.0,1104.0,1096.0,1132.0,465.0,464.0,483.0
4684.0,1123.0,1067.0,1079.0,459.0,480.0,476.0
4659.0,1077.0,1083.0,1089.0,459.0,473.0,478.0
4618.0,1068.0,1083.0,1084.0,445.0,468.0,470.0
4475.0,1030.0,1050.0,1042.0,442.0,452.0,459.0
4516.0,1103.0,1020.0,1038.0,425.0,465.0,465.0
4474.0,1071.0,1049.0,1016.0,436.0,444.0,458.0
4470.0,1027.0,1041.0,1051.0,443.0,460.0,448.0
4457.0,1066.0,1005.0,1045.0,446.0,445.0,450.0
4466.0,1050.0,1041.0,1036.0,437.0,445.0,457.0
4480.0,1033.0,1039.0,1044.0,451.0,463.0,450.0
4537.0,1024.0,1046.0,1079.0,461.0,461.0,466.0
4552.0,1051.0,1049.0,1079.0,465.0,458.0,450.0
4541.0,1053.0,1059.0,1047.0,462.0,470.0,450.0
4622.0,1076.0,1072.0,1085.0,465.0,457.0,467.0
4703.0,1103.0,1096.0,1109.0,466.0,470.0,459.0
4754.0,1120.0,1096.0,1116.0,470.0,465.0,487.0
4789.0,1130.0,1110.0,1133.0,484.0,465.0,467.0
4849.0,1139.0,1135.0,1138.0,479.0,476.0,482.0
4810.0,1107.0,1119.0,1148.0,480.0,478.0,478.0
4787.0,1109.0,1099.0,1154.0,488.0,466.0,471.0
4832.0,1139.0,1102.0,1155.0,477.0,492.0,467.0
4815.0,1126.0,1129.0,1122.0,485.0,478.0,475.0
4820.0,1116.0,1136.0,1145.0,485.0,472.0,466.0
4738.0,1114.0,1099.0,1110.0,480.0,464.0,471.0
4658.0,1083.0,1086.0,1091.0,469.0,466.0,463.0
4656.0,1101.0,1081.0,1062.0,473.0,472.0,467.0
4635.0,1070.0,1085.0,1089.0,477.0,454.0,460.0
4600.0,1089.0,1075.0,1052.0,459.0,444.0,481.0
4612.0,1102.0,1113.0,1051.0,444.0,449.0,453.0
4602.0,1076.0,1070.0,1067.0,454.0,482.0,453.0
4605.0,1117.0,1066.0,1062.0,452.0,455.0,453.0
4557.0,1101.0,1084.0,1017.0,440.0,463.0,452.0
4603.0,1096.0,1093.0,1062.0,451.0,453.0,448.0
4518.0,1057.0,1066.0,1043.0,442.0,469.0,441.0
4499.0,1026.0,1060.0,1067.0,451.0,442.0,453.0
4542.0,1035.0,1076.0,1082.0,445.0,450.0,454.0
4564.0,1059.0,1082.0,1062.0,443.0,460.0,458.0
4581.0,1046.0,1076.0,1090.0,453.0,459.0,457.0
4679.0,1075.0,1112.0,1088.0,462.0,470.0,472.0
4645.0,1078.0,1090.0,1081.0,464.0,470.0,462.0
4723.0,1084.0,1108.0,1108.0,471.0,462.0,490.0
4802.0,1127.0,1108.0,1137.0,470.0,480.0,480.0
4838.0,1150.0,1067.0,1143.0,486.0,491.0,501.0
4820.0,1122.0,1087.0,1145.0,492.0,476.0,498.0
4850.0,1150.0,1104.0,1130.0,482.0,478.0,506.0
4847.0,1145.0,1119.0,1106.0,492.0,498.0,487.0
4888.0,1143.0,1130.0,1150.0,493.0,480.0,492.0
4840.0,1128.0,1116.0,1127.0,487.0,484.0,498.0
4805.0,1094.0,1141.0,1122.0,491.0,465.0,492.0
4816.0,1135.0,1118.0,1117.0,486.0,484.0,476.0
4814.0,1088.0,1149.0,1115.0,498.0,474.0,490.0
4812.0,1089.0,1161.0,1102.0,491.0,480.0,489.0
4770.0,1114.0,1133.0,1099.0,481.0,470.0,473.0
4703.0,1106.0,1124.0,1082.0,468.0,456.0,467.0
4707.0,1089.0,1148.0,1060.0,477.0,463.0,470.0
4633.0,1089.0,1097.0,1064.0,474.0,449.0,460.0
4610.0,1091.0,1067.0,1085.0,452.0,459.0,456.0
4610.0,1083.0,1054.0,1105.0,453.0,463.0,452.0
4608.0,1098.0,1056.0,1095.0,459.0,449.0,451.0
4508.0,1053.0,1063.0,1050.0,453.0,451.0,438.0
4528.0,1075.0,1044.0,1065.0,455.0,448.0,441.0
4589.0,1086.0,1069.0,1072.0,447.0,458.0,457.0
4586.0,1065.0,1050.0,1088.0,454.0,461.0,468.0
4548.0,1046.0,1046.0,1078.0,463.0,460.0,455.0
4619.0,1061.0,1069.0,1117.0,468.0,462.0,442.0
4698.0,1089.0,1100.0,1104.0,464.0,481.0,460.0
4760.0,1097.0,1106.0,1117.0,489.0,480.0,471.0
4826.0,1144.0,1131.0,1143.0,463.0,482.0,463.0
4842.0,1106.0,1147.0,1129.0,493.0,488.0,479.0
4949.0,1180.0,1185.0,1111.0,487.0,493.0,493.0
4927.0,1117.0,1188.0,1154.0,493.0,494.0,481.0
4923.0,1152.0,1165.0,1144.0,495.0,492.0,475.0
4908.0,1131.0,1177.0,1125.0,486.0,512.0,477.0
4921.0,1155.0,1158.0,1120.0,507.0,490.0,491.0
4888.0,1120.0,1138.0,1133.0,514.0,489.0,494.0
4812.0,1099.0,1151.0,1084.0,509.0,489.0,480.0
4828.0,1111.0,1100.0,1143.0,490.0,495.0,489.0
4901.0,1105.0,1170.0,1144.0,496.0,493.0,493.0
4751.0,1082.0,1100.0,1096.0,497.0,483.0,493.0
4699.0,1120.0,1084.0,1068.0,462.0,479.0,486.0
4637.0,1067.0,1080.0,1065.0,473.0,471.0,481.0
4757.0,1137.0,1078.0,1115.0,476.0,475.0,476.0
4669.0,1102.0,1042.0,1106.0,473.0,453.0,493.0
4766.0,1122.0,1111.0,1119.0,468.0,478.0,468.0
4628.0,1082.0,1067.0,1085.0,459.0,462.0,473.0
4639.0,1072.0,1069.0,1110.0,457.0,457.0,474.0
4610.0,1090.0,1082.0,1084.0,443.0,449.0,462.0
4651.0,1063.0,1108.0,1086.0,459.0,467.0,468.0
4663.0,1046.0,1131.0,1090.0,457.0,463.0,476.0
4685.0,1074.0,1116.0,1088.0,488.0,455.0,464.0
4726.0,1060.0,1147.0,1118.0,464.0,468.0,469.0
4782.0,1100.0,1142.0,1125.0,472.0,475.0,468.0
4877.0,1146.0,1124.0,1157.0,485.0,487.0,478.0
4827.0,1151.0,1106.0,1134.0,474.0,480.0,482.0
4868.0,1146.0,1141.0,1134.0,475.0,475.0,497.0
4881.0,1159.0,1134.0,1122.0,499.0,494.0,473.0
4904.0,1158.0,1138.0,1143.0,487.0,490.0,488.0
4901.0,1153.0,1145.0,1109.0,504.0,498.0,492.0
4891.0,1165.0,1140.0,1118.0,504.0,488.0,476.0
4887.0,1148.0,1135.0,1108.0,511.0,497.0,488.0
4876.0,1135.0,1126.0,1159.0,492.0,485.0,479.0
4958.0,1140.0,1172.0,1134.0,514.0,507.0,491.0
4833.0,1089.0,1154.0,1135.0,492.0,487.0,476.0
4945.0,1158.0,1156.0,1144.0,501.0,493.0,493.0
4856.0,1136.0,1133.0,1136.0,478.0,485.0,488.0
4856.0,1102.0,1155.0,1121.0,503.0,501.0,474.0
4795.0,1129.0,1119.0,1092.0,493.0,480.0,482.0
4792.0,1105.0,1115.0,1116.0,482.0,492.0,482.0
4801.0,1113.0,1148.0,1124.0,458.0,492.0,466.0
4811.0,1098.0,1144.0,1135.0,479.0,487.0,468.0
4785.0,1127.0,1117.0,1127.0,474.0,471.0,469.0
4621.0,1063.0,1060.0,1091.0,470.0,475.0,462.0
4750.0,1084.0,1100.0,1124.0,470.0,487.0,485.0
4632.0,1052.0,1063.0,1120.0,459.0,473.0,465.0
4676.0,1083.0,1098.0,1091.0,458.0,478.0,468.0
4760.0,1085.0,1117.0,1114.0,484.0,470.0,490.0
4706.0,1073.0,1093.0,1109.0,478.0,474.0,479.0
4754.0,1138.0,1073.0,1112.0,471.0,479.0,481.0
4852.0,1159.0,1113.0,1138.0,478.0,473.0,491.0
4866.0,1138.0,1113.0,1148.0,487.0,482.0,498.0
4897.0,1173.0,1146.0,1120.0,478.0,481.0,499.0
4966.0,1168.0,1150.0,1128.0,519.0,488.0,513.0
4999.0,1184.0,1200.0,1126.0,497.0,476.0,516.0
4961.0,1204.0,1138.0,1118.0,497.0,497.0,507.0
5010.0,1167.0,1173.0,1162.0,492.0,509.0,507.0
5027.0,1195.0,1177.0,1151.0,506.0,505.0,493.0
4942.0,1151.0,1171.0,1120.0,503.0,498.0,499.0
4970.0,1146.0,1175.0,1169.0,498.0,488.0,494.0
4987.0,1174.0,1172.0,1132.0,505.0,499.0,505.0
4970.0,1141.0,1186.0,1174.0,498.0,483.0,488.0
4828.0,1100.0,1140.0,1134.0,487.0,493.0,474.0
4899.0,1145.0,1096.0,1160.0,505.0,500.0,493.0
4822.0,1110.0,1108.0,1134.0,504.0,472.0,494.0
4760.0,1105.0,1095.0,1118.0,477.0,479.0,486.0
4795.0,1117.0,1115.0,1129.0,483.0,467.0,484.0
4795.0,1136.0,1091.0,1139.0,479.0,474.0,476.0
4730.0,1095.0,1112.0,1114.0,462.0,487.0,460.0
4676.0,1085.0,1072.0,1099.0,474.0,484.0,462.0
4708.0,1093.0,1061.0,1118.0,477.0,484.0,475.0
4750.0,1105.0,1123.0,1113.0,478.0,469.0,462.0
4748.0,1083.0,1144.0,1100.0,476.0,477.0,468.0
4771.0,1077.0,1121.0,1122.0,486.0,485.0,480.0
4766.0,1073.0,1152.0,1107.0,468.0,494.0,472.0
4808.0,1113.0,1148.0,1111.0,471.0,495.0,470.0
4967.0,1159.0,1197.0,1138.0,501.0,494.0,478.0
4992.0,1179.0,1184.0,1153.0,490.0,506.0,480.0
5030.0,1191.0,1176.0,1166.0,485.0,501.0,511.0
5013.0,1183.0,1174.0,1158.0,488.0,510.0,500.0
5061.0,1192.0,1198.0,1152.0,506.0,502.0,511.0
5069.0,1215.0,1174.0,1165.0,511.0,491.0,513.0
5051.0,1168.0,1169.0,1184.0,499.0,519.0,512.0
5014.0,1184.0,1166.0,1161.0,496.0,499.0,508.0
5005.0,1129.0,1166.0,1190.0,519.0,504.0,497.0
5057.0,1170.0,1201.0,1177.0,498.0,503.0,508.0
4999.0,1146.0,1153.0,1195.0,503.0,496.0,506.0
4985.0,1128.0,1168.0,1191.0,497.0,487.0,514.0
4965.0,1164.0,1138.0,1174.0,503.0,479.0,507.0
4959.0,1128.0,1156.0,1179.0,505.0,489.0,502.0
4872.0,1132.0,1118.0,1156.0,495.0,477.0,494.0
4973.0,1174.0,1173.0,1141.0,499.0,481.0,505.0
4915.0,1127.0,1162.0,1175.0,477.0,481.0,493.0
4867.0,1126.0,1141.0,1165.0,481.0,479.0,475.0
4803.0,1120.0,1115.0,1114.0,493.0,470.0,491.0
4857.0,1134.0,1169.0,1116.0,484.0,468.0,486.0
4832.0,1082.0,1162.0,1146.0,487.0,477.0,478.0
4803.0,1132.0,1106.0,1122.0,476.0,485.0,482.0
4784.0,1102.0,1109.0,1106.0,498.0,486.0,483.0
4768.0,1106.0,1110.0,1100.0,481.0,483.0,488.0
4838.0,1107.0,1114.0,1127.0,501.0,487.0,502.0
4882.0,1138.0,1125.0,1140.0,482.0,492.0,505.0
4953.0,1182.0,1141.0,1147.0,481.0,503.0,499.0
4954.0,1178.0,1127.0,1147.0,500.0,513.0,489.0
5014.0,1170.0,1175.0,1162.0,493.0,518.0,496.0
5025.0,1191.0,1167.0,1167.0,498.0,500.0,502.0
5078.0,1212.0,1180.0,1166.0,511.0,521.0,488.0
5120.0,1206.0,1219.0,1190.0,494.0,507.0,504.0
5135.0,1189.0,1218.0,1192.0,518.0,522.0,496.0
5154.0,1202.0,1209.0,1213.0,510.0,509.0,511.0
5122.0,1190.0,1204.0,1187.0,506.0,523.0,512.0
5078.0,1153.0,1215.0,1177.0,496.0,527.0,510.0
5011.0,1129.0,1193.0,1192.0,496.0,492.0,509.0
5110.0,1171.0,1211.0,1191.0,510.0,513.0,514.0
5076.0,1200.0,1162.0,1189.0,512.0,518.0,495.0
4999.0,1148.0,1160.0,1214.0,500.0,489.0,488.0
4972.0,1156.0,1141.0,1184.0,508.0,497.0,486.0
4934.0,1185.0,1134.0,1140.0,498.0,490.0,487.0
4912.0,1187.0,1126.0,1136.0,492.0,495.0,476.0
4832.0,1150.0,1108.0,1123.0,487.0,482.0,482.0
4897.0,1170.0,1095.0,1172.0,511.0,470.0,479.0
4817.0,1149.0,1113.0,1113.0,489.0,475.0,478.0
4831.0,1117.0,1132.0,1127.0,481.0,482.0,492.0
4725.0,1082.0,1080.0,1117.0,481.0,472.0,493.0
4813.0,1106.0,1135.0,1099.0,504.0,481.0,488.0
4908.0,1133.0,1147.0,1140.0,510.0,477.0,501.0
4943.0,1142.0,1173.0,1144.0,500.0,490.0,494.0
4939.0,1140.0,1158.0,1150.0,492.0,484.0,515.0
4984.0,1150.0,1181.0,1161.0,494.0,489.0,509.0
5003.0,1156.0,1205.0,1136.0,505.0,496.0,505.0
5092.0,1168.0,1193.0,1199.0,505.0,505.0,522.0
5107.0,1205.0,1200.0,1174.0,481.0,523.0,524.0
5160.0,1184.0,1202.0,1234.0,503.0,523.0,514.0
5149.0,1214.0,1185.0,1205.0,505.0,514.0,526.0
5166.0,1194.0,1215.0,1213.0,499.0,521.0,524.0
5173.0,1193.0,1207.0,1220.0,511.0,509.0,533.0
5183.0,1232.0,1195.0,1211.0,503.0,526.0,516.0
5119.0,1186.0,1171.0,1199.0,499.0,534.0,530.0
5122.0,1171.0,1184.0,1218.0,514.0,515.0,520.0
5079.0,1172.0,1176.0,1183.0,511.0,530.0,507.0
5015.0,1147.0,1156.0,1208.0,490.0,511.0,503.0
5018.0,1199.0,1136.0,1164.0,504.0,509.0,506.0
5044.0,1191.0,1168.0,1180.0,509.0,497.0,499.0
4967.0,1163.0,1156.0,1156.0,502.0,497.0,493.0
5019.0,1176.0,1172.0,1171.0,493.0,501.0,506.0
4937.0,1153.0,1137.0,1159.0,498.0,501.0,489.0
4883.0,1161.0,1112.0,1150.0,490.0,487.0,483.0
4849.0,1121.0,1164.0,1099.0,498.0,503.0,464.0
4913.0,1142.0,1156.0,1141.0,496.0,490.0,488.0
4926.0,1162.0,1141.0,1138.0,489.0,500.0,496.0
4923.0,1137.0,1149.0,1166.0,495.0,494.0,482.0
4927.0,1130.0,1158.0,1145.0,512.0,500.0,482.0
4987.0,1165.0,1150.0,1164.0,501.0,504.0,503.0
5048.0,1198.0,1178.0,1160.0,505.0,502.0,505.0
5020.0,1192.0,1137.0,1178.0,502.0,508.0,503.0
5020.0,1197.0,1137.0,1197.0,497.0,505.0,487.0
5085.0,1198.0,1140.0,1221.0,506.0,515.0,505.0
5142.0,1228.0,1190.0,1194.0,518.0,511.0,501.0
5179.0,1259.0,1134.0,1242.0,527.0,497.0,520.0
5151.0,1190.0,1205.0,1206.0,521.0,518.0,511.0
5254.0,1236.0,1211.0,1255.0,513.0,518.0,521.0
5231.0,1218.0,1215.0,1243.0,514.0,510.0,531.0
5270.0,1236.0,1225.0,1261.0,512.0,513.0,523.0
5167.0,1196.0,1238.0,1178.0,506.0,519.0,530.0
5157.0,1149.0,1211.0,1243.0,513.0,524.0,517.0
5151.0,1219.0,1215.0,1200.0,506.0,502.0,509.0
5156.0,1166.0,1247.0,1203.0,495.0,515.0,530.0
5127.0,1200.0,1195.0,1178.0,507.0,519.0,528.0
5097.0,1186.0,1188.0,1181.0,509.0,517.0,516.0
5033.0,1184.0,1192.0,1150.0,500.0,510.0,497.0
4988.0,1188.0,1175.0,1133.0,490.0,506.0,496.0
4980.0,1166.0,1154.0,1148.0,505.0,492.0,515.0
4927.0,1169.0,1148.0,1121.0,488.0,495.0,506.0
4906.0,1162.0,1127.0,1120.0,493.0,505.0,499.0
4927.0,1165.0,1139.0,1124.0,496.0,499.0,504.0
4992.0,1145.0,1154.0,1170.0,494.0,513.0,516.0
4963.0,1154.0,1152.0,1147.0,499.0,512.0,499.0
5007.0,1173.0,1132.0,1194.0,501.0,504.0,503.0
4968.0,1143.0,1148.0,1170.0,498.0,509.0,500.0
5036.0,1175.0,1151.0,1175.0,513.0,503.0,519.0
5146.0,1201.0,1200.0,1195.0,518.0,517.0,515.0
5219.0,1228.0,1228.0,1198.0,530.0,513.0,522.0
5206.0,1222.0,1210.0,1207.0,522.0,528.0,517.0
5245.0,1236.0,1259.0,1228.0,520.0,500.0,502.0
5214.0,1232.0,1229.0,1192.0,528.0,520.0,513.0
5311.0,1264.0,1218.0,1272.0,526.0,516.0,515.0
5269.0,1230.0,1234.0,1235.0,513.0,542.0,515.0
5316.0,1239.0,1246.0,1261.0,522.0,525.0,523.0
5204.0,1215.0,1234.0,1206.0,531.0,501.0,517.0
5216.0,1211.0,1225.0,1220.0,517.0,517.0,526.0
5124.0,1182.0,1188.0,1193.0,525.0,519.0,517.0
5160.0,1202.0,1210.0,1209.0,514.0,513.0,512.0
5106.0,1197.0,1178.0,1194.0,505.0,511.0,521.0
5071.0,1172.0,1156.0,1211.0,520.0,510.0,502.0
5041.0,1187.0,1178.0,1181.0,499.0,499.0,497.0
5045.0,1188.0,1169.0,1184.0,498.0,492.0,514.0
5024.0,1164.0,1179.0,1160.0,509.0,504.0,508.0
5018.0,1167.0,1161.0,1194.0,488.0,514.0,494.0
5046.0,1205.0,1211.0,1139.0,495.0,499.0,497.0
5029.0,1151.0,1192.0,1191.0,504.0,498.0,493.0
4993.0,1145.0,1191.0,1161.0,497.0,500.0,499.0
5001.0,1134.0,1159.0,1185.0,516.0,513.0,494.0
4999.0,1177.0,1151.0,1178.0,497.0,493.0,503.0
5120.0,1176.0,1195.0,1210.0,503.0,515.0,521.0
5098.0,1178.0,1217.0,1192.0,517.0,490.0,504.0
5198.0,1188.0,1227.0,1213.0,522.0,528.0,520.0
5224.0,1198.0,1195.0,1259.0,524.0,518.0,530.0
5279.0,1215.0,1242.0,1243.0,522.0,534.0,523.0
5238.0,1219.0,1186.0,1240.0,529.0,528.0,536.0
5285.0,1256.0,1201.0,1242.0,522.0,535.0,529.0
5324.0,1265.0,1206.0,1227.0,539.0,541.0,546.0
5382.0,1271.0,1237.0,1266.0,529.0,533.0,546.0
5349.0,1283.0,1216.0,1262.0,530.0,526.0,532.0
5371.0,1251.0,1249.0,1259.0,521.0,544.0,547.0
5287.0,1236.0,1212.0,1231.0,542.0,529.0,537.0
5331.0,1236.0,1256.0,1240.0,523.0,548.0,528.0
5226.0,1187.0,1235.0,1219.0,535.0,525.0,525.0
5191.0,1209.0,1220.0,1199.0,514.0,521.0,528.0
5193.0,1184.0,1230.0,1214.0,524.0,513.0,528.0
5220.0,1237.0,1237.0,1193.0,528.0,519.0,506.0
5139.0,1201.0,1209.0,1189.0,514.0,522.0,504.0
5162.0,1242.0,1198.0,1208.0,514.0,502.0,498.0
5124.0,1224.0,1220.0,1183.0,503.0,490.0,504.0
5087.0,1190.0,1216.0,1199.0,496.0,492.0,494.0
5045.0,1163.0,1211.0,1200.0,499.0,481.0,491.0
4998.0,1165.0,1158.0,1165.0,486.0,520.0,504.0
5078.0,1194.0,1180.0,1202.0,495.0,501.0,506.0
5043.0,1164.0,1181.0,1194.0,502.0,505.0,497.0
4961.0,1142.0,1142.0,1210.0,484.0,487.0,496.0
5062.0,1168.0,1181.0,1195.0,514.0,511.0,493.0
5180.0,1215.0,1193.0,1228.0,520.0,512.0,512.0
5238.0,1230.0,1226.0,1250.0,509.0,511.0,512.0
5175.0,1206.0,1182.0,1221.0,532.0,529.0,505.0
5254.0,1237.0,1214.0,1244.0,527.0,523.0,509.0
5381.0,1259.0,1278.0,1254.0,537.0,537.0,516.0
5325.0,1233.0,1231.0,1238.0,533.0,552.0,538.0
5346.0,1250.0,1244.0,1254.0,550.0,527.0,521.0
5405.0,1254.0,1255.0,1255.0,549.0,567.0,525.0
5389.0,1266.0,1245.0,1241.0,537.0,555.0,545.0
5388.0,1241.0,1287.0,1233.0,542.0,547.0,538.0
5395.0,1218.0,1314.0,1254.0,541.0,541.0,527.0
5358.0,1239.0,1274.0,1220.0,544.0,535.0,546.0
5302.0,1215.0,1269.0,1211.0,537.0,528.0,542.0
5240.0,1201.0,1214.0,1235.0,532.0,533.0,525.0
5205.0,1199.0,1220.0,1204.0,528.0,518.0,536.0
5208.0,1219.0,1198.0,1208.0,531.0,527.0,525.0
5224.0,1248.0,1177.0,1214.0,509.0,544.0,532.0
5147.0,1218.0,1159.0,1214.0,509.0,516.0,531.0
5207.0,1238.0,1194.0,1227.0,513.0,510.0,525.0
5081.0,1174.0,1162.0,1209.0,507.0,510.0,519.0
5120.0,1189.0,1191.0,1198.0,513.0,513.0,516.0
5108.0,1170.0,1190.0,1191.0,520.0,524.0,513.0
5083.0,1177.0,1190.0,1179.0,487.0,519.0,531.0
5135.0,1197.0,1180.0,1234.0,496.0,505.0,523.0
5175.0,1173.0,1234.0,1216.0,509.0,521.0,522.0
5198.0,1161.0,1230.0,1232.0,520.0,520.0,535.0
5240.0,1212.0,1256.0,1231.0,508.0,513.0,520.0
5254.0,1200.0,1263.0,1231.0,525.0,515.0,520.0
5276.0,1236.0,1255.0,1199.0,526.0,528.0,532.0
5321.0,1236.0,1279.0,1229.0,536.0,522.0,519.0
5371.0,1269.0,1259.0,1245.0,535.0,536.0,527.0
5404.0,1264.0,1251.0,1267.0,544.0,537.0,541.0
5423.0,1290.0,1243.0,1263.0,554.0,535.0,538.0
5442.0,1287.0,1257.0,1264.0,547.0,542.0,545.0
5428.0,1310.0,1254.0,1251.0,534.0,532.0,547.0
5352.0,1261.0,1219.0,1243.0,555.0,533.0,541.0
5321.0,1235.0,1251.0,1233.0,536.0,539.0,527.0
5370.0,1222.0,1266.0,1255.0,564.0,546.0,517.0
5304.0,1226.0,1232.0,1250.0,538.0,531.0,527.0
5330.0,1241.0,1281.0,1233.0,533.0,526.0,516.0
5251.0,1217.0,1221.0,1244.0,526.0,521.0,522.0
5271.0,1261.0,1244.0,1202.0,527.0,520.0,517.0
5281.0,1237.0,1256.0,1237.0,517.0,530.0,504.0
5253.0,1218.0,1256.0,1212.0,527.0,526.0,514.0
5254.0,1223.0,1240.0,1236.0,506.0,532.0,517.0
5216.0,1214.0,1230.0,1209.0,509.0,536.0,518.0
5241.0,1223.0,1235.0,1215.0,519.0,538.0,511.0
5142.0,1191.0,1196.0,1208.0,508.0,518.0,521.0
5214.0,1221.0,1206.0,1221.0,519.0,532.0,515.0
5189.0,1189.0,1194.0,1241.0,516.0,528.0,521.0
5189.0,1188.0,1217.0,1218.0,513.0,524.0,529.0
5217.0,1213.0,1235.0,1227.0,499.0,527.0,516.0
5186.0,1193.0,1199.0,1240.0,516.0,509.0,529.0
5238.0,1222.0,1215.0,1210.0,527.0,528.0,536.0
5359.0,1272.0,1255.0,1257.0,526.0,521.0,528.0
5357.0,1264.0,1229.0,1259.0,533.0,531.0,541.0
5414.0,1280.0,1250.0,1244.0,543.0,538.0,559.0
5437.0,1274.0,1258.0,1250.0,556.0,548.0,551.0
5417.0,1270.0,1272.0,1234.0,541.0,549.0,551.0
5458.0,1320.0,1248.0,1250.0,547.0,540.0,553.0
5493.0,1282.0,1303.0,1251.0,561.0,541.0,555.0
5534.0,1309.0,1302.0,1290.0,546.0,531.0,556.0
5404.0,1252.0,1259.0,1262.0,549.0,541.0,541.0
5497.0,1279.0,1325.0,1254.0,555.0,534.0,550.0
5427.0,1243.0,1280.0,1263.0,555.0,543.0,543.0
5378.0,1253.0,1251.0,1248.0,539.0,547.0,540.0
5367.0,1267.0,1262.0,1220.0,555.0,528.0,535.0
5374.0,1255.0,1266.0,1248.0,529.0,536.0,540.0
5348.0,1262.0,1226.0,1285.0,522.0,504.0,549.0
5347.0,1219.0,1236.0,1283.0,540.0,535.0,534.0
5254.0,1233.0,1208.0,1240.0,531.0,522.0,520.0
5324.0,1274.0,1219.0,1255.0,517.0,536.0,523.0
5209.0,1224.0,1197.0,1233.0,518.0,527.0,510.0
5178.0,1224.0,1205.0,1204.0,508.0,521.0,516.0
5200.0,1204.0,1210.0,1230.0,523.0,515.0,518.0
5229.0,1196.0,1213.0,1257.0,512.0,528.0,523.0
5161.0,1176.0,1226.0,1221.0,509.0,519.0,510.0
5167.0,1184.0,1223.0,1191.0,524.0,537.0,508.0
5357.0,1255.0,1251.0,1253.0,530.0,543.0,525.0
5330.0,1235.0,1282.0,1217.0,531.0,539.0,526.0
5329.0,1233.0,1261.0,1216.0,523.0,557.0,539.0
5387.0,1252.0,1286.0,1232.0,536.0,545.0,536.0
5396.0,1299.0,1245.0,1231.0,534.0,548.0,539.0
5484.0,1281.0,1294.0,1276.0,543.0,536.0,554.0
5546.0,1289.0,1309.0,1289.0,547.0,559.0,553.0
5478.0,1280.0,1302.0,1248.0,555.0,556.0,537.0
5492.0,1271.0,1275.0,1276.0,563.0,551.0,556.0
5582.0,1316.0,1286.0,1305.0,563.0,551.0,561.0
5492.0,1274.0,1274.0,1287.0,560.0,552.0,545.0
5533.0,1262.0,1281.0,1322.0,569.0,546.0,553.0
5457.0,1251.0,1272.0,1299.0,549.0,533.0,553.0
5430.0,1271.0,1242.0,1285.0,552.0,536.0,544.0
5455.0,1259.0,1290.0,1287.0,543.0,539.0,537.0
5431.0,1267.0,1231.0,1295.0,553.0,540.0,545.0
5410.0,1265.0,1264.0,1274.0,533.0,527.0,547.0
5331.0,1253.0,1238.0,1242.0,529.0,527.0,542.0
5309.0,1245.0,1257.0,1241.0,509.0,515.0,542.0
5330.0,1220.0,1274.0,1237.0,532.0,531.0,536.0
5343.0,1231.0,1261.0,1265.0,521.0,526.0,539.0
5305.0,1269.0,1247.0,1217.0,524.0,518.0,530.0
5244.0,1201.0,1251.0,1201.0,525.0,524.0,542.0
5254.0,1218.0,1240.0,1226.0,530.0,500.0,540.0
5278.0,1221.0,1238.0,1221.0,531.0,529.0,538.0
5329.0,1241.0,1264.0,1219.0,531.0,531.0,543.0
5344.0,1280.0,1245.0,1235.0,523.0,531.0,530.0
5326.0,1242.0,1261.0,1234.0,524.0,524.0,541.0
5389.0,1245.0,1277.0,1241.0,544.0,550.0,532.0
5477.0,1301.0,1268.0,1272.0,543.0,546.0,547.0
5496.0,1300.0,1246.0,1294.0,546.0,562.0,548.0
5558.0,1345.0,1255.0,1286.0,552.0,569.0,551.0
5528.0,1323.0,1253.0,1287.0,544.0,565.0,556.0
5539.0,1300.0,1269.0,1298.0,559.0,565.0,548.0
5560.0,1305.0,1282.0,1297.0,557.0,562.0,557.0
5576.0,1308.0,1310.0,1307.0,543.0,558.0,550.0
5549.0,1300.0,1290.0,1290.0,558.0,564.0,547.0
5533.0,1259.0,1297.0,1315.0,570.0,549.0,543.0
5487.0,1237.0,1270.0,1305.0,571.0,556.0,548.0
5513.0,1240.0,1283.0,1324.0,565.0,554.0,547.0
5474.0,1277.0,1288.0,1256.0,549.0,554.0,550.0
5515.0,1270.0,1291.0,1318.0,549.0,554.0,533.0
5433.0,1233.0,1292.0,1280.0,547.0,546.0,535.0
5385.0,1260.0,1261.0,1271.0,544.0,518.0,531.0
5349.0,1230.0,1277.0,1246.0,549.0,528.0,519.0
5275.0,1254.0,1204.0,1228.0,534.0,519.0,536.0
5266.0,1234.0,1247.0,1204.0,531.0,527.0,523.0
5265.0,1234.0,1221.0,1236.0,527.0,512.0,535.0
5260.0,1235.0,1243.0,1201.0,533.0,531.0,517.0
5346.0,1233.0,1246.0,1266.0,523.0,544.0,534.0
5302.0,1231.0,1240.0,1240.0,528.0,527.0,536.0
5317.0,1259.0,1225.0,1216.0,521.0,543.0,553.0
5415.0,1289.0,1256.0,1250.0,542.0,537.0,541.0
5435.0,1276.0,1282.0,1242.0,529.0,548.0,558.0
5413.0,1271.0,1265.0,1245.0,538.0,540.0,554.0
5530.0,1305.0,1303.0,1275.0,528.0,551.0,568.0
5541.0,1296.0,1324.0,1265.0,557.0,540.0,559.0
5586.0,1302.0,1318.0,1308.0,542.0,551.0,565.0
5622.0,1307.0,1305.0,1335.0,539.0,564.0,572.0
5651.0,1327.0,1314.0,1332.0,549.0,566.0,563.0
5665.0,1339.0,1323.0,1314.0,554.0,561.0,574.0
5709.0,1350.0,1340.0,1323.0,576.0,558.0,562.0
5632.0,1324.0,1313.0,1333.0,554.0,556.0,552.0
5639.0,1306.0,1293.0,1337.0,572.0,562.0,569.0
5627.0,1275.0,1319.0,1337.0,561.0,566.0,569.0
5581.0,1284.0,1297.0,1327.0,560.0,563.0,550.0
5574.0,1293.0,1295.0,1301.0,561.0,559.0,565.0
5481.0,1280.0,1240.0,1287.0,565.0,558.0,551.0
5522.0,1319.0,1237.0,1297.0,557.0,555.0,557.0
5414.0,1267.0,1262.0,1249.0,537.0,551.0,548.0
5384.0,1262.0,1249.0,1242.0,547.0,539.0,545.0
5341.0,1280.0,1208.0,1228.0,539.0,547.0,539.0
5394.0,1298.0,1255.0,1215.0,553.0,535.0,538.0
5292.0,1223.0,1244.0,1234.0,537.0,535.0,519.0
5337.0,1230.0,1279.0,1229.0,543.0,538.0,518.0
5398.0,1267.0,1286.0,1219.0,543.0,551.0,532.0
5394.0,1229.0,1284.0,1261.0,536.0,544.0,540.0
5391.0,1286.0,1263.0,1245.0,538.0,534.0,525.0
5436.0,1243.0,1304.0,1253.0,554.0,537.0,545.0
5440.0,1292.0,1254.0,1267.0,539.0,548.0,540.0
5504.0,1288.0,1277.0,1274.0,558.0,550.0,557.0
5536.0,1315.0,1266.0,1294.0,561.0,546.0,554.0
5549.0,1301.0,1248.0,1329.0,549.0,569.0,553.0
5604.0,1302.0,1284.0,1349.0,556.0,556.0,557.0
5682.0,1350.0,1306.0,1355.0,558.0,556.0,557.0
5647.0,1327.0,1299.0,1354.0,553.0,542.0,572.0
5669.0,1317.0,1330.0,1353.0,550.0,552.0,567.0
5646.0,1306.0,1280.0,1353.0,567.0,564.0,576.0
5646.0,1295.0,1302.0,1356.0,558.0,566.0,569.0
5670.0,1330.0,1300.0,1339.0,565.0,565.0,571.0
5632.0,1279.0,1319.0,1333.0,571.0,555.0,575.0
5588.0,1287.0,1305.0,1314.0,555.0,549.0,578.0
5643.0,1330.0,1323.0,1299.0,556.0,559.0,576.0
5579.0,1287.0,1312.0,1302.0,552.0,558.0,568.0
5527.0,1294.0,1314.0,1263.0,554.0,545.0,557.0
5538.0,1302.0,1254.0,1305.0,561.0,557.0,559.0
5443.0,1286.0,1289.0,1220.0,561.0,539.0,548.0
5394.0,1271.0,1262.0,1210.0,555.0,550.0,546.0
5445.0,1302.0,1272.0,1234.0,544.0,541.0,552.0
5423.0,1275.0,1249.0,1256.0,554.0,544.0,545.0
5416.0,1250.0,1274.0,1231.0,558.0,541.0,562.0
5419.0,1230.0,1243.0,1276.0,571.0,546.0,553.0
5425.0,1232.0,1271.0,1269.0,558.0,543.0,552.0
5414.0,1239.0,1263.0,1269.0,555.0,551.0,537.0
5397.0,1229.0,1261.0,1260.0,560.0,547.0,540.0
5582.0,1300.0,1273.0,1325.0,556.0,571.0,557.0
5605.0,1305.0,1276.0,1330.0,562.0,575.0,557.0
5617.0,1327.0,1277.0,1320.0,552.0,566.0,575.0
5662.0,1311.0,1296.0,1362.0,560.0,569.0,564.0
5704.0,1336.0,1348.0,1332.0,554.0,563.0,571.0
5677.0,1339.0,1321.0,1335.0,557.0,560.0,565.0
5751.0,1348.0,1353.0,1339.0,566.0,578.0,567.0
5759.0,1340.0,1348.0,1381.0,559.0,562.0,569.0
5751.0,1311.0,1360.0,1374.0,568.0,566.0,572.0
5760.0,1347.0,1364.0,1338.0,569.0,574.0,568.0
5708.0,1331.0,1352.0,1345.0,556.0,558.0,566.0
5708.0,1314.0,1363.0,1339.0,566.0,559.0,567.0
5606.0,1328.0,1302.0,1307.0,558.0,551.0,560.0
5557.0,1326.0,1279.0,1303.0,555.0,558.0,536.0
5636.0,1332.0,1318.0,1308.0,571.0,546.0,561.0
5490.0,1311.0,1268.0,1270.0,560.0,544.0,537.0
5507.0,1302.0,1266.0,1283.0,552.0,557.0,547.0
5499.0,1295.0,1311.0,1249.0,548.0,558.0,538.0
5475.0,1312.0,1278.0,1257.0,544.0,536.0,548.0
5399.0,1279.0,1217.0,1280.0,544.0,535.0,544.0
5423.0,1262.0,1279.0,1249.0,547.0,543.0,543.0
5506.0,1283.0,1280.0,1288.0,560.0,547.0,548.0
5454.0,1277.0,1245.0,1284.0,557.0,546.0,545.0
5534.0,1275.0,1308.0,1281.0,557.0,555.0,558.0
5541.0,1254.0,1320.0,1290.0,565.0,557.0,555.0
5606.0,1289.0,1297.0,1323.0,555.0,573.0,569.0
5688.0,1315.0,1331.0,1342.0,568.0,574.0,558.0
5702.0,1306.0,1343.0,1342.0,558.0,568.0,585.0
5678.0,1325.0,1318.0,1330.0,558.0,576.0,571.0
5754.0,1340.0,1332.0,1350.0,557.0,590.0,585.0
5877.0,1385.0,1356.0,1393.0,579.0,579.0,585.0
5826.0,1378.0,1353.0,1340.0,568.0,601.0,586.0
5761.0,1334.0,1333.0,1353.0,566.0,587.0,588.0
5751.0,1326.0,1312.0,1379.0,562.0,585.0,587.0
5727.0,1356.0,1315.0,1334.0,561.0,589.0,572.0
5707.0,1331.0,1336.0,1297.0,566.0,589.0,588.0
5711.0,1337.0,1313.0,1330.0,567.0,585.0,579.0
5747.0,1327.0,1351.0,1334.0,567.0,587.0,581.0
5699.0,1338.0,1322.0,1322.0,558.0,573.0,586.0
5577.0,1288.0,1296.0,1297.0,559.0,572.0,565.0
5563.0,1310.0,1264.0,1301.0,567.0,559.0,562.0
5649.0,1326.0,1322.0,1313.0,565.0,565.0,558.0
5630.0,1323.0,1328.0,1290.0,562.0,559.0,568.0
5539.0,1296.0,1307.0,1285.0,544.0,560.0,547.0
5533.0,1298.0,1303.0,1277.0,552.0,547.0,556.0
5537.0,1292.0,1293.0,1295.0,547.0,566.0,544.0
5504.0,1292.0,1288.0,1299.0,532.0,542.0,551.0
5485.0,1292.0,1274.0,1288.0,546.0,542.0,543.0
5506.0,1271.0,1309.0,1284.0,558.0,535.0,549.0
5508.0,1274.0,1283.0,1306.0,550.0,556.0,539.0
5524.0,1248.0,1301.0,1303.0,563.0,551.0,558.0
5590.0,1274.0,1301.0,1334.0,567.0,553.0,561.0
5691.0,1340.0,1340.0,1341.0,562.0,559.0,549.0
5614.0,1293.0,1301.0,1332.0,576.0,561.0,551.0
5733.0,1367.0,1315.0,1348.0,573.0,564.0,566.0
5745.0,1349.0,1345.0,1338.0,573.0,572.0,568.0
5782.0,1334.0,1361.0,1332.0,598.0,570.0,587.0
5872.0,1398.0,1373.0,1359.0,573.0,585.0,584.0
5919.0,1395.0,1360.0,1396.0,596.0,585.0,587.0
5770.0,1358.0,1343.0,1334.0,578.0,583.0,574.0
5845.0,1372.0,1361.0,1349.0,596.0,590.0,577.0
5812.0,1345.0,1332.0,1365.0,584.0,593.0,593.0
5772.0,1342.0,1346.0,1343.0,566.0,587.0,588.0
5887.0,1339.0,1409.0,1381.0,578.0,594.0,586.0
5805.0,1330.0,1379.0,1345.0,577.0,596.0,578.0
5722.0,1339.0,1339.0,1317.0,562.0,587.0,578.0
5750.0,1337.0,1323.0,1368.0,562.0,581.0,579.0
5637.0,1325.0,1307.0,1312.0,549.0,560.0,584.0
5617.0,1337.0,1293.0,1305.0,546.0,569.0,567.0
5652.0,1316.0,1301.0,1332.0,566.0,578.0,559.0
5650.0,1325.0,1304.0,1325.0,564.0,565.0,567.0
5581.0,1302.0,1278.0,1320.0,562.0,557.0,562.0
5578.0,1306.0,1304.0,1301.0,547.0,560.0,560.0
5580.0,1323.0,1238.0,1335.0,568.0,554.0,562.0
5594.0,1276.0,1306.0,1315.0,563.0,560.0,574.0
5648.0,1264.0,1335.0,1343.0,581.0,557.0,568.0
5671.0,1324.0,1324.0,1320.0,577.0,569.0,557.0
5662.0,1310.0,1312.0,1327.0,586.0,556.0,571.0
5694.0,1307.0,1330.0,1352.0,568.0,554.0,583.0
5731.0,1333.0,1329.0,1347.0,572.0,578.0,572.0
5770.0,1340.0,1348.0,1351.0,584.0,563.0,584.0
5818.0,1384.0,1338.0,1351.0,589.0,576.0,580.0
5849.0,1392.0,1380.0,1343.0,582.0,567.0,585.0
5874.0,1396.0,1371.0,1357.0,590.0,574.0,586.0
5907.0,1388.0,1385.0,1382.0,583.0,572.0,597.0
5871.0,1339.0,1383.0,1382.0,589.0,576.0,602.0
5825.0,1349.0,1373.0,1368.0,582.0,573.0,580.0
5831.0,1366.0,1346.0,1354.0,593.0,586.0,586.0
5755.0,1304.0,1337.0,1355.0,595.0,585.0,579.0
5794.0,1346.0,1350.0,1341.0,580.0,588.0,589.0
5759.0,1330.0,1327.0,1369.0,565.0,590.0,578.0
5778.0,1353.0,1341.0,1360.0,562.0,593.0,569.0
5771.0,1339.0,1341.0,1363.0,563.0,576.0,589.0
5752.0,1366.0,1330.0,1351.0,556.0,575.0,574.0
5711.0,1346.0,1326.0,1345.0,563.0,576.0,555.0
5673.0,1339.0,1319.0,1329.0,564.0,570.0,552.0
5726.0,1316.0,1338.0,1363.0,563.0,579.0,567.0
5653.0,1335.0,1318.0,1323.0,559.0,565.0,553.0
5722.0,1359.0,1326.0,1359.0,548.0,568.0,562.0
5653.0,1276.0,1370.0,1302.0,561.0,578.0,566.0
5590.0,1288.0,1317.0,1323.0,560.0,561.0,541.0
5733.0,1334.0,1329.0,1344.0,575.0,574.0,577.0
5750.0,1317.0,1343.0,1354.0,573.0,586.0,577.0
5694.0,1311.0,1324.0,1346.0,580.0,564.0,569.0
5796.0,1348.0,1343.0,1341.0,591.0,586.0,587.0
5787.0,1359.0,1345.0,1340.0,584.0,576.0,583.0
5819.0,1353.0,1349.0,1336.0,599.0,587.0,595.0
5845.0,1372.0,1363.0,1351.0,581.0,595.0,583.0
5952.0,1408.0,1392.0,1363.0,600.0,598.0,591.0
5908.0,1404.0,1379.0,1353.0,596.0,576.0,600.0
5918.0,1415.0,1384.0,1355.0,603.0,574.0,587.0
5967.0,1407.0,1401.0,1367.0,607.0,580.0,605.0
5931.0,1374.0,1392.0,1387.0,589.0,591.0,598.0
5988.0,1401.0,1422.0,1376.0,605.0,579.0,605.0
5872.0,1351.0,1383.0,1354.0,598.0,588.0,598.0
5844.0,1350.0,1388.0,1341.0,585.0,582.0,598.0
5824.0,1341.0,1399.0,1344.0,590.0,580.0,570.0
5840.0,1329.0,1381.0,1385.0,584.0,574.0,587.0
5807.0,1364.0,1359.0,1346.0,591.0,569.0,578.0
5781.0,1337.0,1353.0,1355.0,575.0,577.0,584.0
5737.0,1342.0,1347.0,1347.0,569.0,565.0,567.0
5774.0,1370.0,1317.0,1387.0,567.0,562.0,571.0
5730.0,1361.0,1312.0,1345.0,573.0,581.0,558.0
5624.0,1325.0,1309.0,1312.0,545.0,569.0,564.0
5627.0,1305.0,1297.0,1321.0,556.0,570.0,578.0
5687.0,1322.0,1326.0,1329.0,567.0,573.0,570.0
5602.0,1287.0,1299.0,1324.0,560.0,567.0,565.0
5663.0,1294.0,1323.0,1348.0,554.0,569.0,575.0
5690.0,1311.0,1295.0,1353.0,586.0,581.0,564.0
5731.0,1329.0,1339.0,1329.0,576.0,591.0,567.0
5802.0,1336.0,1379.0,1334.0,584.0,590.0,579.0
5794.0,1359.0,1353.0,1325.0,583.0,591.0,583.0
5977.0,1405.0,1410.0,1377.0,599.0,592.0,594.0
5975.0,1406.0,1424.0,1377.0,589.0,598.0,581.0
5998.0,1430.0,1410.0,1369.0,594.0,604.0,591.0
5996.0,1424.0,1406.0,1352.0,607.0,608.0,599.0
6032.0,1411.0,1425.0,1375.0,621.0,603.0,597.0
5923.0,1383.0,1377.0,1342.0,623.0,601.0,597.0
6013.0,1373.0,1415.0,1400.0,610.0,605.0,610.0
6007.0,1383.0,1417.0,1407.0,612.0,593.0,595.0
5983.0,1373.0,1402.0,1420.0,592.0,602.0,594.0
5945.0,1355.0,1377.0,1402.0,598.0,608.0,605.0
5971.0,1377.0,1379.0,1418.0,601.0,597.0,599.0
5955.0,1389.0,1351.0,1418.0,599.0,594.0,604.0
5828.0,1368.0,1343.0,1356.0,580.0,584.0,597.0
5846.0,1368.0,1349.0,1391.0,579.0,577.0,582.0
5849.0,1357.0,1335.0,1402.0,582.0,575.0,598.0
5734.0,1351.0,1329.0,1324.0,581.0,574.0,575.0
5811.0,1394.0,1309.0,1380.0,578.0,567.0,583.0
5724.0,1327.0,1362.0,1319.0,566.0,566.0,584.0
5703.0,1335.0,1321.0,1325.0,567.0,563.0,592.0
5675.0,1326.0,1336.0,1318.0,553.0,563.0,579.0
5701.0,1323.0,1356.0,1299.0,567.0,570.0,586.0
5742.0,1347.0,1360.0,1323.0,570.0,567.0,575.0
5761.0,1351.0,1343.0,1347.0,572.0,567.0,581.0
5827.0,1339.0,1362.0,1364.0,582.0,586.0,594.0
5819.0,1378.0,1372.0,1330.0,577.0,582.0,580.0
5915.0,1361.0,1401.0,1398.0,594.0,574.0,587.0
5928.0,1397.0,1366.0,1379.0,602.0,592.0,592.0
5965.0,1437.0,1365.0,1386.0,590.0,594.0,593.0
5961.0,1404.0,1388.0,1374.0,601.0,608.0,586.0
5998.0,1425.0,1379.0,1385.0,604.0,601.0,604.0
5996.0,1447.0,1373.0,1385.0,591.0,610.0,590.0
6055.0,1403.0,1404.0,1409.0,610.0,629.0,600.0
6031.0,1408.0,1392.0,1401.0,611.0,617.0,602.0
6008.0,1393.0,1398.0,1383.0,622.0,609.0,603.0
6035.0,1370.0,1421.0,1433.0,608.0,603.0,600.0
6034.0,1391.0,1402.0,1418.0,615.0,611.0,597.0
5992.0,1365.0,1393.0,1409.0,603.0,622.0,600.0
5978.0,1411.0,1373.0,1407.0,612.0,596.0,579.0
5929.0,1379.0,1372.0,1397.0,592.0,599.0,590.0
5888.0,1378.0,1382.0,1372.0,584.0,581.0,591.0
5884.0,1378.0,1371.0,1397.0,570.0,592.0,576.0
5839.0,1378.0,1350.0,1373.0,580.0,572.0,586.0
5821.0,1366.0,1356.0,1354.0,582.0,585.0,578.0
5798.0,1363.0,1349.0,1342.0,581.0,585.0,578.0
5731.0,1346.0,1323.0,1321.0,568.0,587.0,586.0
5728.0,1335.0,1331.0,1341.0,580.0,573.0,568.0
5702.0,1347.0,1310.0,1353.0,562.0,561.0,569.0
5703.0,1297.0,1307.0,1363.0,575.0,582.0,579.0
5803.0,1330.0,1364.0,1344.0,585.0,596.0,584.0
5808.0,1353.0,1360.0,1368.0,567.0,573.0,587.0
5798.0,1369.0,1318.0,1344.0,582.0,584.0,601.0
5852.0,1377.0,1350.0,1366.0,588.0,576.0,595.0
5969.0,1408.0,1388.0,1383.0,586.0,592.0,612.0
5992.0,1410.0,1391.0,1413.0,599.0,574.0,605.0
6067.0,1395.0,1414.0,1432.0,602.0,599.0,625.0
6128.0,1451.0,1427.0,1419.0,616.0,600.0,615.0
6161.0,1441.0,1446.0,1435.0,620.0,596.0,623.0
6163.0,1410.0,1411.0,1478.0,616.0,608.0,640.0
6162.0,1447.0,1440.0,1432.0,612.0,616.0,615.0
6128.0,1426.0,1446.0,1419.0,610.0,602.0,625.0
6066.0,1391.0,1408.0,1437.0,616.0,609.0,605.0
6085.0,1416.0,1424.0,1425.0,612.0,598.0,610.0
6084.0,1401.0,1428.0,1428.0,609.0,605.0,613.0
5999.0,1405.0,1384.0,1417.0,597.0,596.0,600.0
5976.0,1381.0,1387.0,1395.0,606.0,603.0,604.0
5904.0,1378.0,1364.0,1389.0,586.0,594.0,593.0
5970.0,1378.0,1409.0,1386.0,592.0,611.0,594.0
5871.0,1375.0,1366.0,1351.0,596.0,599.0,584.0
5780.0,1342.0,1344.0,1333.0,597.0,584.0,580.0
5808.0,1394.0,1316.0,1329.0,592.0,599.0,578.0
5824.0,1344.0,1361.0,1374.0,585.0,584.0,576.0
5843.0,1367.0,1354.0,1381.0,575.0,595.0,571.0
5824.0,1326.0,1396.0,1353.0,581.0,582.0,586.0
5883.0,1350.0,1406.0,1380.0,571.0,600.0,576.0
5842.0,1330.0,1410.0,1346.0,580.0,601.0,575.0
5873.0,1364.0,1403.0,1361.0,574.0,589.0,582.0
5909.0,1352.0,1385.0,1397.0,586.0,603.0,586.0
5985.0,1386.0,1432.0,1389.0,582.0,593.0,603.0
6030.0,1425.0,1418.0,1396.0,594.0,591.0,606.0
6108.0,1432.0,1446.0,1408.0,606.0,613.0,603.0
6111.0,1444.0,1420.0,1428.0,609.0,604.0,606.0
6096.0,1430.0,1396.0,1436.0,611.0,611.0,612.0
6085.0,1407.0,1393.0,1469.0,600.0,617.0,599.0
6096.0,1424.0,1402.0,1421.0,620.0,613.0,616.0
6139.0,1426.0,1439.0,1434.0,605.0,616.0,619.0
6043.0,1445.0,1386.0,1391.0,611.0,599.0,611.0
6119.0,1423.0,1412.0,1436.0,620.0,608.0,620.0
6069.0,1415.0,1401.0,1426.0,606.0,595.0,626.0
6096.0,1394.0,1434.0,1429.0,610.0,611.0,618.0
6024.0,1389.0,1407.0,1406.0,614.0,594.0,614.0
6029.0,1415.0,1388.0,1409.0,613.0,597.0,607.0
5994.0,1400.0,1409.0,1384.0,602.0,594.0,605.0
5968.0,1396.0,1423.0,1357.0,604.0,590.0,598.0
5972.0,1434.0,1404.0,1359.0,600.0,584.0,591.0
5936.0,1377.0,1400.0,1370.0,586.0,599.0,604.0
5908.0,1380.0,1362.0,1373.0,602.0,602.0,589.0
5882.0,1370.0,1401.0,1314.0,602.0,597.0,598.0
5880.0,1357.0,1385.0,1342.0,593.0,599.0,604.0
5884.0,1336.0,1395.0,1373.0,587.0,592.0,601.0
5956.0,1388.0,1375.0,1388.0,583.0,613.0,609.0
5873.0,1343.0,1368.0,1386.0,586.0,597.0,593.0
5952.0,1363.0,1406.0,1392.0,598.0,590.0,603.0
5990.0,1395.0,1361.0,1418.0,596.0,610.0,610.0
5989.0,1386.0,1376.0,1414.0,597.0,601.0,615.0
6055.0,1423.0,1404.0,1422.0,596.0,614.0,596.0
6069.0,1437.0,1371.0,1448.0,594.0,617.0,602.0
6204.0,1451.0,1425.0,1480.0,610.0,624.0,614.0
6262.0,1456.0,1461.0,1488.0,619.0,631.0,607.0
6206.0,1436.0,1430.0,1492.0,619.0,615.0,614.0
6193.0,1442.0,1427.0,1467.0,628.0,615.0,614.0
6209.0,1468.0,1453.0,1421.0,619.0,633.0,615.0
6242.0,1455.0,1483.0,1452.0,615.0,624.0,613.0
6162.0,1416.0,1451.0,1454.0,614.0,620.0,607.0
6112.0,1440.0,1426.0,1409.0,621.0,611.0,605.0
6097.0,1399.0,1462.0,1403.0,619.0,613.0,601.0
6065.0,1388.0,1429.0,1432.0,627.0,591.0,598.0
6042.0,1380.0,1424.0,1394.0,627.0,600.0,617.0
6072.0,1397.0,1457.0,1404.0,620.0,595.0,599.0
6005.0,1422.0,1387.0,1400.0,603.0,597.0,596.0
5945.0,1408.0,1352.0,1375.0,606.0,596.0,608.0
6013.0,1437.0,1390.0,1399.0,608.0,582.0,597.0
5959.0,1415.0,1394.0,1367.0,600.0,583.0,600.0
5893.0,1380.0,1367.0,1366.0,599.0,588.0,593.0
5905.0,1378.0,1381.0,1362.0,606.0,579.0,599.0
5921.0,1368.0,1380.0,1383.0,617.0,574.0,599.0
5949.0,1389.0,1392.0,1389.0,587.0,591.0,601.0
6054.0,1373.0,1431.0,1406.0,617.0,605.0,622.0
6006.0,1390.0,1381.0,1425.0,598.0,604.0,608.0
6056.0,1390.0,1420.0,1421.0,612.0,607.0,606.0
6190.0,1445.0,1445.0,1456.0,603.0,627.0,614.0
6168.0,1430.0,1466.0,1438.0,589.0,619.0,626.0
6176.0,1445.0,1430.0,1430.0,604.0,637.0,630.0
6273.0,1437.0,1464.0,1480.0,618.0,634.0,640.0
6317.0,1488.0,1460.0,1480.0,627.0,642.0,620.0
6224.0,1458.0,1446.0,1439.0,623.0,625.0,633.0
6293.0,1462.0,1484.0,1439.0,627.0,639.0,642.0
6292.0,1453.0,1472.0,1489.0,621.0,623.0,634.0
6243.0,1446.0,1472.0,1456.0,611.0,630.0,628.0
6166.0,1402.0,1459.0,1430.0,623.0,616.0,636.0
6135.0,1419.0,1438.0,1411.0,616.0,620.0,631.0
6095.0,1407.0,1404.0,1425.0,623.0,615.0,621.0
6135.0,1468.0,1393.0,1414.0,617.0,627.0,616.0
6130.0,1448.0,1415.0,1419.0,620.0,612.0,616.0
6058.0,1436.0,1412.0,1401.0,599.0,610.0,600.0
6080.0,1473.0,1394.0,1394.0,610.0,614.0,595.0
6023.0,1446.0,1410.0,1370.0,611.0,593.0,593.0
5962.0,1396.0,1404.0,1365.0,604.0,593.0,600.0
6002.0,1387.0,1419.0,1405.0,610.0,595.0,586.0
6039.0,1404.0,1453.0,1393.0,609.0,589.0,591.0
6055.0,1397.0,1422.0,1438.0,609.0,593.0,596.0
6021.0,1391.0,1426.0,1412.0,599.0,596.0,597.0
5983.0,1371.0,1425.0,1390.0,610.0,599.0,588.0
6103.0,1427.0,1450.0,1408.0,618.0,602.0,598.0
6045.0,1396.0,1412.0,1446.0,601.0,588.0,602.0
6106.0,1438.0,1402.0,1425.0,622.0,604.0,615.0
6143.0,1460.0,1416.0,1448.0,612.0,602.0,605.0
6137.0,1441.0,1410.0,1451.0,608.0,604.0,623.0
6299.0,1478.0,1450.0,1480.0,635.0,641.0,615.0
6279.0,1506.0,1443.0,1453.0,621.0,612.0,644.0
6259.0,1509.0,1423.0,1462.0,625.0,622.0,618.0
6289.0,1491.0,1462.0,1433.0,638.0,638.0,627.0
6270.0,1483.0,1434.0,1461.0,637.0,626.0,629.0
6291.0,1468.0,1454.0,1470.0,624.0,647.0,628.0
6324.0,1480.0,1483.0,1451.0,630.0,643.0,637.0
6268.0,1463.0,1449.0,1448.0,630.0,643.0,635.0
6259.0,1447.0,1491.0,1439.0,617.0,640.0,625.0
6227.0,1433.0,1454.0,1450.0,612.0,639.0,639.0
6121.0,1415.0,1427.0,1422.0,618.0,615.0,624.0
6165.0,1436.0,1465.0,1405.0,611.0,621.0,627.0
6198.0,1474.0,1458.0,1387.0,620.0,623.0,636.0
6095.0,1429.0,1425.0,1404.0,605.0,631.0,601.0
6107.0,1426.0,1428.0,1393.0,614.0,616.0,630.0
6054.0,1423.0,1386.0,1429.0,589.0,609.0,618.0
6038.0,1417.0,1411.0,1396.0,610.0,603.0,601.0
6088.0,1403.0,1429.0,1415.0,609.0,610.0,622.0
6041.0,1415.0,1371.0,1429.0,614.0,604.0,608.0
6009.0,1404.0,1373.0,1415.0,603.0,602.0,612.0
6085.0,1421.0,1390.0,1440.0,622.0,607.0,605.0
6125.0,1415.0,1432.0,1441.0,608.0,611.0,618.0
6126.0,1419.0,1406.0,1443.0,632.0,613.0,613.0
6107.0,1388.0,1430.0,1436.0,624.0,611.0,618.0
6174.0,1450.0,1439.0,1430.0,616.0,613.0,626.0
6195.0,1452.0,1451.0,1412.0,625.0,634.0,621.0
6286.0,1498.0,1464.0,1443.0,631.0,621.0,629.0
6345.0,1489.0,1497.0,1468.0,641.0,625.0,625.0
6299.0,1483.0,1489.0,1433.0,641.0,636.0,617.0
6340.0,1483.0,1533.0,1456.0,627.0,609.0,632.0
6305.0,1467.0,1488.0,1462.0,631.0,624.0,633.0
6332.0,1469.0,1521.0,1465.0,634.0,626.0,617.0
6326.0,1476.0,1504.0,1464.0,631.0,632.0,619.0
6283.0,1483.0,1459.0,1470.0,619.0,622.0,630.0
6274.0,1466.0,1485.0,1438.0,632.0,628.0,625.0
6279.0,1468.0,1469.0,1484.0,617.0,628.0,613.0
6245.0,1469.0,1439.0,1478.0,617.0,614.0,628.0
6185.0,1443.0,1426.0,1467.0,610.0,616.0,623.0
6243.0,1478.0,1441.0,1453.0,610.0,631.0,630.0
6141.0,1427.0,1422.0,1451.0,613.0,614.0,614.0
6121.0,1450.0,1432.0,1409.0,605.0,614.0,611.0
6112.0,1432.0,1430.0,1425.0,606.0,611.0,608.0
6079.0,1399.0,1447.0,1408.0,615.0,618.0,592.0
6158.0,1457.0,1422.0,1441.0,617.0,610.0,611.0
6081.0,1379.0,1416.0,1422.0,621.0,623.0,620.0
6157.0,1422.0,1462.0,1428.0,616.0,617.0,612.0
6171.0,1443.0,1433.0,1457.0,609.0,614.0,615.0
6182.0,1412.0,1475.0,1438.0,618.0,616.0,623.0
6212.0,1424.0,1453.0,1455.0,627.0,621.0,632.0
6165.0,1408.0,1449.0,1443.0,629.0,616.0,620.0
6302.0,1452.0,1475.0,1477.0,632.0,626.0,640.0
6335.0,1501.0,1477.0,1448.0,636.0,634.0,639.0
6329.0,1481.0,1495.0,1451.0,635.0,634.0,633.0
6298.0,1483.0,1452.0,1451.0,640.0,633.0,639.0
6359.0,1464.0,1512.0,1482.0,626.0,632.0,643.0
6431.0,1531.0,1474.0,1489.0,651.0,642.0,644.0
6412.0,1510.0,1476.0,1507.0,632.0,645.0,642.0
6350.0,1487.0,1482.0,1459.0,646.0,635.0,641.0
6425.0,1504.0,1494.0,1485.0,658.0,640.0,644.0
6353.0,1468.0,1481.0,1477.0,643.0,644.0,640.0
6337.0,1463.0,1482.0,1501.0,625.0,626.0,640.0
6374.0,1502.0,1477.0,1492.0,631.0,626.0,646.0
6310.0,1448.0,1510.0,1466.0,621.0,629.0,636.0
6249.0,1469.0,1452.0,1479.0,614.0,609.0,626.0
6240.0,1466.0,1453.0,1461.0,623.0,613.0,624.0
6216.0,1464.0,1460.0,1436.0,627.0,618.0,611.0
6217.0,1461.0,1456.0,1465.0,615.0,606.0,614.0
6156.0,1432.0,1428.0,1435.0,623.0,620.0,618.0
6158.0,1445.0,1428.0,1473.0,606.0,607.0,599.0
6144.0,1433.0,1423.0,1463.0,613.0,612.0,600.0
6123.0,1417.0,1441.0,1444.0,623.0,604.0,594.0
6126.0,1411.0,1435.0,1443.0,612.0,618.0,607.0
6134.0,1403.0,1440.0,1457.0,614.0,609.0,611.0
6126.0,1414.0,1418.0,1451.0,618.0,618.0,607.0
6172.0,1447.0,1416.0,1429.0,628.0,629.0,623.0
6245.0,1455.0,1460.0,1444.0,623.0,647.0,616.0
6291.0,1501.0,1448.0,1459.0,648.0,628.0,607.0
6306.0,1501.0,1451.0,1456.0,626.0,638.0,634.0
6364.0,1491.0,1473.0,1474.0,639.0,644.0,643.0
6383.0,1501.0,1497.0,1471.0,656.0,635.0,623.0
6433.0,1515.0,1476.0,1497.0,643.0,658.0,644.0
6486.0,1510.0,1511.0,1511.0,663.0,657.0,634.0
6469.0,1511.0,1543.0,1487.0,644.0,636.0,648.0
6535.0,1542.0,1520.0,1519.0,652.0,658.0,644.0
6451.0,1493.0,1536.0,1493.0,646.0,638.0,645.0
6483.0,1486.0,1538.0,1520.0,651.0,651.0,637.0
6401.0,1460.0,1512.0,1494.0,639.0,654.0,642.0
6372.0,1450.0,1494.0,1512.0,633.0,632.0,651.0
6368.0,1475.0,1481.0,1490.0,636.0,636.0,650.0
6353.0,1468.0,1505.0,1475.0,633.0,626.0,646.0
6297.0,1480.0,1459.0,1494.0,612.0,611.0,641.0
6288.0,1501.0,1454.0,1474.0,618.0,610.0,631.0
6313.0,1467.0,1458.0,1492.0,633.0,622.0,641.0
6164.0,1455.0,1427.0,1433.0,616.0,609.0,624.0
6240.0,1477.0,1449.0,1443.0,621.0,617.0,633.0
6148.0,1442.0,1402.0,1437.0,616.0,620.0,631.0
6204.0,1443.0,1451.0,1449.0,624.0,606.0,631.0
6148.0,1434.0,1462.0,1402.0,609.0,612.0,629.0
6249.0,1469.0,1464.0,1435.0,622.0,628.0,631.0
6227.0,1412.0,1462.0,1471.0,629.0,615.0,638.0
6265.0,1438.0,1481.0,1449.0,642.0,621.0,634.0
6329.0,1477.0,1515.0,1453.0,625.0,630.0,629.0
6367.0,1504.0,1510.0,1467.0,633.0,630.0,623.0
6415.0,1483.0,1514.0,1474.0,654.0,656.0,634.0
6482.0,1535.0,1505.0,1494.0,656.0,639.0,653.0
6450.0,1522.0,1495.0,1479.0,657.0,657.0,640.0
6458.0,1519.0,1498.0,1499.0,659.0,638.0,645.0
6496.0,1517.0,1501.0,1519.0,671.0,647.0,641.0
6536.0,1532.0,1515.0,1520.0,656.0,655.0,658.0
6526.0,1526.0,1525.0,1504.0,651.0,665.0,655.0
6501.0,1494.0,1463.0,1567.0,668.0,656.0,653.0
6487.0,1502.0,1482.0,1546.0,652.0,659.0,646.0
6452.0,1489.0,1502.0,1526.0,651.0,657.0,627.0
6442.0,1465.0,1525.0,1532.0,639.0,652.0,629.0
6424.0,1523.0,1472.0,1508.0,635.0,645.0,641.0
6398.0,1473.0,1485.0,1530.0,631.0,653.0,626.0
6384.0,1488.0,1509.0,1477.0,622.0,656.0,632.0
6322.0,1468.0,1497.0,1468.0,631.0,633.0,625.0
6249.0,1477.0,1446.0,1439.0,624.0,635.0,628.0
6253.0,1480.0,1442.0,1474.0,617.0,614.0,626.0
6263.0,1475.0,1464.0,1463.0,608.0,622.0,631.0
6226.0,1442.0,1442.0,1459.0,624.0,634.0,625.0
6207.0,1450.0,1464.0,1434.0,609.0,621.0,629.0
6234.0,1456.0,1486.0,1422.0,626.0,618.0,626.0
6330.0,1478.0,1464.0,1485.0,631.0,636.0,636.0
6273.0,1467.0,1466.0,1452.0,639.0,625.0,624.0
6253.0,1483.0,1442.0,1452.0,616.0,626.0,634.0
6339.0,1490.0,1456.0,1484.0,627.0,638.0,644.0
6370.0,1481.0,1486.0,1479.0,643.0,638.0,643.0
6420.0,1503.0,1492.0,1486.0,645.0,625.0,669.0
6511.0,1545.0,1516.0,1488.0,661.0,646.0,655.0
6550.0,1527.0,1521.0,1552.0,655.0,625.0,670.0
6596.0,1524.0,1545.0,1551.0,663.0,656.0,657.0
6586.0,1544.0,1505.0,1563.0,660.0,638.0,676.0
6586.0,1507.0,1564.0,1534.0,665.0,659.0,657.0
6516.0,1514.0,1500.0,1550.0,641.0,652.0,659.0
6597.0,1499.0,1558.0,1553.0,666.0,657.0,664.0
6578.0,1501.0,1581.0,1520.0,664.0,658.0,654.0
6622.0,1530.0,1534.0,1563.0,670.0,658.0,667.0
6556.0,1541.0,1536.0,1550.0,645.0,642.0,642.0
6482.0,1513.0,1518.0,1522.0,647.0,640.0,642.0
6409.0,1484.0,1487.0,1514.0,645.0,646.0,633.0
6402.0,1515.0,1489.0,1473.0,636.0,659.0,630.0
6325.0,1504.0,1481.0,1447.0,620.0,633.0,640.0
6344.0,1486.0,1469.0,1489.0,640.0,640.0,620.0
6341.0,1507.0,1468.0,1479.0,612.0,643.0,632.0
6262.0,1476.0,1451.0,1451.0,614.0,646.0,624.0
6171.0,1462.0,1421.0,1441.0,618.0,622.0,607.0
6303.0,1467.0,1480.0,1464.0,619.0,647.0,626.0
6233.0,1469.0,1456.0,1443.0,627.0,628.0,610.0
6254.0,1457.0,1452.0,1449.0,626.0,644.0,626.0
6282.0,1471.0,1467.0,1445.0,634.0,630.0,635.0
6315.0,1441.0,1480.0,1495.0,634.0,633.0,632.0
6406.0,1493.0,1502.0,1483.0,631.0,650.0,647.0
6443.0,1499.0,1524.0,1499.0,652.0,638.0,631.0
6507.0,1518.0,1523.0,1518.0,657.0,656.0,635.0
6431.0,1493.0,1507.0,1493.0,641.0,652.0,645.0
6541.0,1525.0,1538.0,1499.0,667.0,662.0,650.0
6644.0,1522.0,1577.0,1561.0,659.0,665.0,660.0
6694.0,1569.0,1554.0,1567.0,676.0,657.0,671.0
6692.0,1532.0,1565.0,1584.0,686.0,663.0,662.0
6642.0,1546.0,1519.0,1597.0,686.0,638.0,656.0
6653.0,1544.0,1534.0,1574.0,672.0,650.0,679.0
6586.0,1516.0,1524.0,1543.0,674.0,660.0,669.0
6577.0,1496.0,1557.0,1545.0,655.0,656.0,668.0
6552.0,1531.0,1535.0,1539.0,666.0,648.0,633.0
6513.0,1521.0,1478.0,1550.0,656.0,645.0,663.0
6457.0,1491.0,1492.0,1521.0,651.0,650.0,652.0
6468.0,1521.0,1519.0,1500.0,635.0,639.0,654.0
6378.0,1500.0,1476.0,1482.0,625.0,638.0,657.0
6361.0,1515.0,1452.0,1475.0,642.0,636.0,641.0
6399.0,1518.0,1494.0,1482.0,633.0,636.0,636.0
6369.0,1479.0,1508.0,1464.0,642.0,636.0,640.0
6357.0,1492.0,1497.0,1472.0,631.0,622.0,643.0
6295.0,1421.0,1492.0,1471.0,626.0,641.0,644.0
6412.0,1484.0,1525.0,1488.0,629.0,640.0,646.0
6354.0,1434.0,1503.0,1492.0,649.0,626.0,650.0
6428.0,1524.0,1491.0,1490.0,632.0,643.0,648.0
6447.0,1495.0,1497.0,1496.0,645.0,658.0,656.0
6466.0,1489.0,1496.0,1522.0,643.0,667.0,649.0
6576.0,1539.0,1523.0,1548.0,642.0,659.0,665.0
6546.0,1521.0,1519.0,1543.0,649.0,651.0,663.0
6607.0,1553.0,1489.0,1581.0,646.0,674.0,664.0
6686.0,1558.0,1536.0,1578.0,679.0,680.0,655.0
6660.0,1565.0,1509.0,1595.0,665.0,671.0,655.0
6676.0,1557.0,1534.0,1590.0,660.0,669.0,666.0
6718.0,1569.0,1573.0,1562.0,675.0,671.0,668.0
6620.0,1540.0,1525.0,1541.0,676.0,675.0,663.0
6673.0,1544.0,1545.0,1572.0,674.0,673.0,665.0
6672.0,1547.0,1554.0,1580.0,678.0,662.0,651.0
6568.0,1517.0,1537.0,1522.0,679.0,654.0,659.0
6593.0,1540.0,1578.0,1498.0,672.0,665.0,640.0
6595.0,1535.0,1542.0,1539.0,674.0,660.0,645.0
6515.0,1520.0,1542.0,1481.0,661.0,653.0,658.0
6502.0,1520.0,1531.0,1525.0,642.0,641.0,643.0
6509.0,1527.0,1537.0,1501.0,651.0,655.0,638.0
6449.0,1515.0,1515.0,1483.0,639.0,641.0,656.0
6396.0,1505.0,1514.0,1466.0,636.0,635.0,640.0
6373.0,1505.0,1467.0,1493.0,640.0,628.0,640.0
6352.0,1490.0,1470.0,1475.0,638.0,637.0,642.0
6430.0,1490.0,1492.0,1535.0,638.0,629.0,646.0
6431.0,1508.0,1486.0,1520.0,633.0,627.0,657.0
6419.0,1500.0,1495.0,1493.0,641.0,651.0,639.0
6397.0,1501.0,1493.0,1491.0,646.0,620.0,646.0
6446.0,1508.0,1490.0,1513.0,642.0,644.0,649.0
6552.0,1507.0,1527.0,1561.0,644.0,654.0,659.0
6582.0,1512.0,1530.0,1564.0,655.0,662.0,659.0
6668.0,1545.0,1556.0,1563.0,659.0,672.0,673.0
6707.0,1582.0,1545.0,1575.0,665.0,666.0,674.0
6723.0,1597.0,1557.0,1566.0,653.0,675.0,675.0
6732.0,1554.0,1577.0,1576.0,667.0,677.0,681.0
6771.0,1546.0,1600.0,1597.0,668.0,680.0,680.0
6851.0,1605.0,1606.0,1599.0,665.0,690.0,686.0
6724.0,1591.0,1564.0,1536.0,676.0,677.0,680.0
6686.0,1545.0,1582.0,1536.0,674.0,678.0,671.0
6679.0,1547.0,1570.0,1533.0,679.0,677.0,673.0
6605.0,1541.0,1517.0,1539.0,664.0,678.0,666.0
6641.0,1557.0,1528.0,1536.0,679.0,669.0,672.0
6623.0,1529.0,1544.0,1555.0,678.0,664.0,653.0
6646.0,1550.0,1537.0,1551.0,686.0,668.0,654.0
6538.0,1542.0,1494.0,1524.0,668.0,657.0,653.0
6540.0,1543.0,1505.0,1524.0,664.0,654.0,650.0
6510.0,1550.0,1485.0,1522.0,662.0,648.0,643.0
6452.0,1532.0,1484.0,1485.0,645.0,661.0,645.0
6436.0,1494.0,1497.0,1513.0,651.0,638.0,643.0
6488.0,1526.0,1525.0,1512.0,644.0,640.0,641.0
6441.0,1493.0,1502.0,1542.0,638.0,644.0,622.0
6495.0,1511.0,1518.0,1547.0,645.0,639.0,635.0
6427.0,1502.0,1503.0,1508.0,639.0,654.0,621.0
6465.0,1482.0,1530.0,1539.0,636.0,642.0,636.0
6484.0,1516.0,1503.0,1534.0,644.0,648.0,639.0
6541.0,1512.0,1542.0,1550.0,654.0,639.0,644.0
6664.0,1551.0,1588.0,1563.0,652.0,652.0,658.0
6643.0,1552.0,1548.0,1567.0,656.0,657.0,663.0
6686.0,1594.0,1544.0,1552.0,668.0,663.0,665.0
6729.0,1575.0,1577.0,1588.0,661.0,664.0,664.0
6757.0,1586.0,1547.0,1594.0,677.0,684.0,669.0
6782.0,1577.0,1582.0,1607.0,676.0,678.0,662.0
6734.0,1573.0,1566.0,1574.0,667.0,684.0,670.0
6752.0,1573.0,1561.0,1578.0,684.0,675.0,681.0
6723.0,1570.0,1589.0,1532.0,668.0,684.0,680.0
6705.0,1569.0,1555.0,1574.0,665.0,664.0,678.0
6746.0,1557.0,1581.0,1571.0,680.0,672.0,685.0
6662.0,1544.0,1561.0,1518.0,685.0,677.0,677.0
6636.0,1523.0,1555.0,1553.0,674.0,669.0,662.0
6740.0,1565.0,1592.0,1557.0,689.0,667.0,670.0
6627.0,1540.0,1555.0,1528.0,665.0,673.0,666.0
6621.0,1554.0,1542.0,1518.0,671.0,666.0,670.0
6621.0,1528.0,1582.0,1524.0,654.0,665.0,668.0
6626.0,1567.0,1546.0,1529.0,654.0,666.0,664.0
6589.0,1543.0,1561.0,1499.0,661.0,662.0,663.0
6571.0,1507.0,1541.0,1561.0,651.0,657.0,654.0
6556.0,1520.0,1528.0,1562.0,646.0,655.0,645.0
6566.0,1534.0,1496.0,1554.0,663.0,651.0,668.0
6529.0,1504.0,1532.0,1527.0,660.0,653.0,653.0
6556.0,1483.0,1503.0,1580.0,658.0,662.0,670.0
6620.0,1531.0,1536.0,1560.0,656.0,668.0,669.0
6654.0,1570.0,1532.0,1568.0,680.0,647.0,657.0
6684.0,1528.0,1568.0,1591.0,660.0,677.0,660.0
6772.0,1594.0,1577.0,1575.0,654.0,678.0,694.0
6733.0,1583.0,1552.0,1583.0,671.0,679.0,665.0
6796.0,1596.0,1602.0,1577.0,683.0,676.0,662.0
6809.0,1608.0,1591.0,1591.0,677.0,665.0,677.0
6788.0,1603.0,1617.0,1554.0,668.0,664.0,682.0
6841.0,1612.0,1614.0,1562.0,674.0,690.0,689.0
6802.0,1567.0,1606.0,1599.0,682.0,664.0,684.0
6822.0,1580.0,1608.0,1613.0,677.0,673.0,671.0
6763.0,1554.0,1611.0,1562.0,687.0,687.0,662.0
6748.0,1556.0,1606.0,1582.0,670.0,667.0,667.0
6836.0,1618.0,1599.0,1589.0,683.0,674.0,673.0
6643.0,1544.0,1544.0,1551.0,677.0,659.0,668.0
6686.0,1570.0,1555.0,1551.0,679.0,669.0,662.0
6713.0,1571.0,1559.0,1567.0,671.0,671.0,674.0
6601.0,1525.0,1575.0,1530.0,667.0,649.0,655.0
6540.0,1536.0,1516.0,1519.0,667.0,655.0,647.0
6575.0,1521.0,1518.0,1552.0,667.0,660.0,657.0
6622.0,1542.0,1547.0,1570.0,644.0,672.0,647.0
6538.0,1511.0,1512.0,1531.0,667.0,657.0,660.0
6539.0,1509.0,1519.0,1542.0,656.0,662.0,651.0
6547.0,1494.0,1564.0,1492.0,678.0,666.0,653.0
6607.0,1532.0,1561.0,1528.0,665.0,672.0,649.0
6623.0,1532.0,1566.0,1542.0,656.0,663.0,664.0
6736.0,1565.0,1571.0,1573.0,684.0,662.0,681.0
6615.0,1542.0,1551.0,1518.0,673.0,669.0,662.0
6769.0,1579.0,1583.0,1571.0,678.0,670.0,688.0
6827.0,1607.0,1590.0,1580.0,683.0,681.0,686.0
6840.0,1634.0,1558.0,1586.0,679.0,682.0,701.0
6785.0,1590.0,1594.0,1551.0,674.0,683.0,693.0
6807.0,1598.0,1590.0,1576.0,668.0,686.0,689.0
6884.0,1598.0,1605.0,1605.0,686.0,694.0,696.0
6815.0,1584.0,1585.0,1592.0,671.0,694.0,689.0
6862.0,1613.0,1601.0,1591.0,679.0,688.0,690.0
6834.0,1602.0,1575.0,1593.0,680.0,693.0,691.0
6826.0,1559.0,1611.0,1597.0,679.0,686.0,694.0
6777.0,1559.0,1626.0,1586.0,656.0,674.0,676.0
6739.0,1581.0,1566.0,1562.0,671.0,668.0,691.0
6758.0,1563.0,1598.0,1570.0,664.0,682.0,681.0
6747.0,1577.0,1591.0,1588.0,670.0,649.0,672.0
6724.0,1570.0,1591.0,1567.0,668.0,660.0,668.0
6688.0,1592.0,1568.0,1535.0,671.0,656.0,666.0
6741.0,1592.0,1572.0,1588.0,659.0,657.0,673.0
6635.0,1530.0,1571.0,1549.0,672.0,657.0,656.0
6715.0,1581.0,1565.0,1590.0,671.0,653.0,655.0
6671.0,1534.0,1579.0,1570.0,675.0,653.0,660.0
6629.0,1515.0,1591.0,1544.0,673.0,661.0,645.0
6628.0,1546.0,1541.0,1534.0,688.0,666.0,653.0
6549.0,1512.0,1523.0,1527.0,660.0,662.0,665.0
6622.0,1514.0,1530.0,1572.0,677.0,664.0,665.0
6684.0,1542.0,1576.0,1560.0,680.0,664.0,662.0
6720.0,1586.0,1562.0,1551.0,673.0,672.0,676.0
6757.0,1547.0,1564.0,1606.0,680.0,680.0,680.0
6734.0,1579.0,1546.0,1555.0,687.0,690.0,677.0
6756.0,1580.0,1576.0,1545.0,687.0,690.0,678.0
6856.0,1601.0,1589.0,1606.0,684.0,677.0,699.0
6925.0,1623.0,1635.0,1590.0,687.0,697.0,693.0
6915.0,1602.0,1617.0,1624.0,686.0,696.0,690.0
6960.0,1626.0,1643.0,1605.0,691.0,712.0,683.0
6990.0,1616.0,1624.0,1657.0,700.0,704.0,689.0
6968.0,1618.0,1646.0,1613.0,677.0,712.0,702.0
6930.0,1631.0,1627.0,1623.0,687.0,672.0,690.0
6923.0,1570.0,1637.0,1632.0,691.0,706.0,687.0
6922.0,1579.0,1635.0,1634.0,691.0,694.0,689.0
6834.0,1577.0,1582.0,1622.0,671.0,694.0,688.0
6823.0,1577.0,1614.0,1583.0,667.0,691.0,691.0
6866.0,1595.0,1612.0,1610.0,677.0,680.0,692.0
6773.0,1595.0,1592.0,1569.0,677.0,662.0,678.0
6728.0,1571.0,1554.0,1590.0,664.0,671.0,678.0
6731.0,1599.0,1560.0,1555.0,679.0,656.0,682.0
6651.0,1561.0,1542.0,1559.0,658.0,657.0,674.0
6630.0,1557.0,1532.0,1540.0,660.0,664.0,677.0
6597.0,1535.0,1526.0,1533.0,662.0,657.0,684.0
6691.0,1556.0,1533.0,1573.0,678.0,659.0,692.0
6684.0,1560.0,1561.0,1536.0,675.0,659.0,693.0
6695.0,1551.0,1569.0,1559.0,676.0,667.0,673.0
6678.0,1521.0,1600.0,1530.0,679.0,666.0,682.0
6763.0,1573.0,1587.0,1574.0,674.0,677.0,678.0
6818.0,1602.0,1621.0,1587.0,673.0,662.0,673.0
6833.0,1601.0,1588.0,1577.0,686.0,691.0,690.0
6905.0,1621.0,1618.0,1588.0,695.0,688.0,695.0
6949.0,1643.0,1627.0,1620.0,684.0,682.0,693.0
6969.0,1610.0,1652.0,1621.0,686.0,706.0,694.0
7044.0,1653.0,1665.0,1639.0,701.0,691.0,695.0
6945.0,1602.0,1611.0,1620.0,707.0,704.0,701.0
6973.0,1627.0,1607.0,1657.0,691.0,694.0,697.0
6952.0,1628.0,1611.0,1636.0,686.0,702.0,689.0
6881.0,1599.0,1550.0,1641.0,696.0,714.0,681.0
6945.0,1611.0,1621.0,1640.0,681.0,701.0,691.0
6901.0,1609.0,1596.0,1628.0,682.0,694.0,692.0
6856.0,1588.0,1623.0,1619.0,671.0,682.0,673.0
6852.0,1591.0,1569.0,1626.0,682.0,692.0,692.0
6770.0,1610.0,1577.0,1571.0,673.0,677.0,662.0
6778.0,1600.0,1550.0,1598.0,686.0,677.0,667.0
6720.0,1605.0,1538.0,1559.0,659.0,685.0,674.0
6791.0,1599.0,1572.0,1581.0,668.0,699.0,672.0
6788.0,1569.0,1604.0,1582.0,675.0,687.0,671.0
6673.0,1549.0,1558.0,1562.0,667.0,673.0,664.0
6735.0,1541.0,1621.0,1544.0,682.0,681.0,666.0
6696.0,1533.0,1599.0,1547.0,668.0,670.0,679.0
6642.0,1517.0,1575.0,1544.0,668.0,669.0,669.0
6741.0,1549.0,1576.0,1556.0,687.0,684.0,689.0
6783.0,1555.0,1609.0,1558.0,696.0,682.0,683.0
6820.0,1591.0,1584.0,1571.0,696.0,689.0,689.0
6852.0,1599.0,1587.0,1602.0,690.0,688.0,686.0
6936.0,1629.0,1630.0,1596.0,692.0,691.0,698.0
6977.0,1661.0,1627.0,1588.0,704.0,692.0,705.0
6992.0,1631.0,1614.0,1662.0,689.0,691.0,705.0
7049.0,1648.0,1618.0,1658.0,719.0,690.0,716.0
7104.0,1645.0,1655.0,1675.0,720.0,699.0,710.0
7070.0,1631.0,1652.0,1665.0,711.0,687.0,724.0
7039.0,1616.0,1660.0,1649.0,693.0,703.0,718.0
7000.0,1629.0,1617.0,1650.0,695.0,696.0,713.0
7055.0,1625.0,1659.0,1647.0,706.0,699.0,719.0
6986.0,1604.0,1658.0,1646.0,693.0,690.0,695.0
7035.0,1625.0,1655.0,1651.0,706.0,700.0,698.0
6981.0,1617.0,1648.0,1639.0,690.0,688.0,699.0
6912.0,1628.0,1601.0,1628.0,681.0,689.0,685.0
6890.0,1612.0,1615.0,1585.0,694.0,692.0,692.0
6836.0,1616.0,1560.0,1601.0,693.0,673.0,693.0
6838.0,1628.0,1606.0,1579.0,679.0,681.0,665.0
6781.0,1595.0,1574.0,1587.0,672.0,681.0,672.0
6713.0,1602.0,1576.0,1521.0,664.0,684.0,666.0
6805.0,1598.0,1580.0,1578.0,685.0,689.0,675.0
6738.0,1591.0,1580.0,1548.0,664.0,695.0,660.0
6750.0,1582.0,1559.0,1569.0,676.0,685.0,679.0
6784.0,1580.0,1582.0,1547.0,695.0,704.0,676.0
6784.0,1569.0,1563.0,1596.0,681.0,697.0,678.0
6909.0,1603.0,1607.0,1625.0,688.0,693.0,693.0
6889.0,1591.0,1618.0,1609.0,700.0,684.0,687.0
6927.0,1611.0,1620.0,1632.0,687.0,691.0,686.0
6978.0,1629.0,1613.0,1612.0,709.0,711.0,704.0
7057.0,1658.0,1637.0,1650.0,701.0,704.0,707.0
7102.0,1688.0,1658.0,1670.0,700.0,704.0,682.0
7129.0,1687.0,1664.0,1666.0,708.0,705.0,699.0
7148.0,1686.0,1653.0,1666.0,729.0,704.0,710.0
7118.0,1673.0,1669.0,1658.0,710.0,707.0,701.0
7127.0,1654.0,1676.0,1675.0,703.0,704.0,715.0
7090.0,1627.0,1641.0,1679.0,717.0,716.0,710.0
7047.0,1621.0,1628.0,1677.0,708.0,694.0,719.0
6976.0,1625.0,1615.0,1624.0,709.0,693.0,710.0
7015.0,1655.0,1627.0,1633.0,705.0,695.0,700.0
6964.0,1631.0,1627.0,1632.0,683.0,688.0,703.0
6969.0,1629.0,1627.0,1621.0,697.0,696.0,699.0
6941.0,1635.0,1605.0,1643.0,683.0,674.0,701.0
6842.0,1595.0,1582.0,1604.0,681.0,685.0,695.0
6827.0,1605.0,1567.0,1602.0,675.0,683.0,695.0
6907.0,1624.0,1602.0,1624.0,686.0,689.0,682.0
6807.0,1623.0,1597.0,1561.0,669.0,672.0,685.0
6773.0,1583.0,1592.0,1571.0,672.0,670.0,685.0
6846.0,1597.0,1632.0,1572.0,670.0,682.0,693.0
6782.0,1545.0,1593.0,1602.0,675.0,688.0,679.0
6859.0,1591.0,1627.0,1585.0,678.0,685.0,693.0
6909.0,1611.0,1601.0,1629.0,689.0,687.0,692.0
6906.0,1593.0,1632.0,1606.0,684.0,701.0,690.0
6955.0,1599.0,1639.0,1619.0,701.0,698.0,699.0
7012.0,1676.0,1612.0,1631.0,694.0,702.0,697.0
7055.0,1643.0,1676.0,1659.0,685.0,701.0,691.0
7176.0,1687.0,1662.0,1689.0,716.0,711.0,711.0
7068.0,1658.0,1611.0,1662.0,709.0,722.0,706.0
7124.0,1651.0,1643.0,1692.0,721.0,713.0,704.0
7135.0,1646.0,1655.0,1683.0,729.0,721.0,701.0
7192.0,1689.0,1668.0,1687.0,724.0,718.0,706.0
7118.0,1629.0,1640.0,1695.0,730.0,710.0,714.0
7036.0,1617.0,1640.0,1641.0,715.0,719.0,704.0
7087.0,1635.0,1644.0,1667.0,727.0,710.0,704.0
7034.0,1632.0,1646.0,1619.0,701.0,723.0,713.0
7047.0,1626.0,1648.0,1655.0,706.0,705.0,707.0
6951.0,1609.0,1643.0,1601.0,710.0,701.0,687.0
6993.0,1621.0,1656.0,1615.0,707.0,706.0,688.0
6936.0,1638.0,1629.0,1589.0,699.0,693.0,688.0
6933.0,1600.0,1633.0,1618.0,699.0,691.0,692.0
6962.0,1631.0,1630.0,1614.0,692.0,697.0,698.0
6918.0,1638.0,1635.0,1561.0,689.0,700.0,695.0
6915.0,1643.0,1628.0,1605.0,681.0,671.0,687.0
6865.0,1616.0,1625.0,1573.0,674.0,686.0,691.0
6845.0,1622.0,1599.0,1578.0,687.0,676.0,683.0
6866.0,1600.0,1591.0,1622.0,685.0,681.0,687.0
6898.0,1620.0,1593.0,1616.0,684.0,682.0,703.0
6872.0,1600.0,1579.0,1631.0,678.0,695.0,689.0
6983.0,1646.0,1590.0,1673.0,702.0,682.0,690.0
6979.0,1635.0,1586.0,1645.0,689.0,697.0,727.0
7019.0,1633.0,1612.0,1675.0,689.0,693.0,717.0
7084.0,1662.0,1644.0,1637.0,718.0,714.0,709.0
7143.0,1641.0,1685.0,1663.0,711.0,714.0,729.0
7241.0,1707.0,1688.0,1691.0,717.0,709.0,729.0
7172.0,1683.0,1683.0,1648.0,721.0,716.0,721.0
7248.0,1710.0,1677.0,1688.0,723.0,717.0,733.0
7318.0,1725.0,1717.0,1682.0,735.0,728.0,731.0
7218.0,1677.0,1708.0,1667.0,727.0,720.0,719.0
7188.0,1666.0,1690.0,1652.0,729.0,733.0,718.0
7192.0,1654.0,1702.0,1671.0,725.0,719.0,721.0
7132.0,1658.0,1656.0,1663.0,722.0,720.0,713.0
7157.0,1685.0,1665.0,1667.0,713.0,717.0,710.0
7116.0,1671.0,1665.0,1621.0,721.0,715.0,723.0
7004.0,1649.0,1604.0,1661.0,700.0,701.0,689.0
7039.0,1667.0,1619.0,1643.0,695.0,723.0,692.0
6919.0,1610.0,1611.0,1614.0,692.0,699.0,693.0
6905.0,1640.0,1572.0,1599.0,693.0,702.0,699.0
6872.0,1586.0,1605.0,1586.0,696.0,695.0,704.0
6922.0,1646.0,1596.0,1628.0,685.0,682.0,685.0
6884.0,1580.0,1592.0,1639.0,703.0,693.0,677.0
6877.0,1619.0,1597.0,1608.0,687.0,685.0,681.0
6928.0,1588.0,1643.0,1628.0,689.0,683.0,697.0
6951.0,1652.0,1613.0,1617.0,692.0,693.0,684.0
6977.0,1586.0,1662.0,1649.0,699.0,692.0,689.0
6993.0,1615.0,1649.0,1651.0,697.0,695.0,686.0
7113.0,1666.0,1672.0,1660.0,708.0,707.0,700.0
7127.0,1661.0,1660.0,1691.0,709.0,708.0,698.0
7134.0,1674.0,1693.0,1644.0,718.0,694.0,711.0
7151.0,1680.0,1666.0,1684.0,706.0,710.0,705.0
7160.0,1696.0,1695.0,1646.0,702.0,717.0,704.0
7247.0,1687.0,1701.0,1675.0,734.0,715.0,735.0
7185.0,1697.0,1661.0,1654.0,720.0,734.0,719.0
7221.0,1693.0,1688.0,1683.0,732.0,720.0,705.0
7183.0,1699.0,1661.0,1654.0,737.0,725.0,707.0
7188.0,1678.0,1690.0,1653.0,725.0,713.0,729.0
7271.0,1681.0,1679.0,1709.0,732.0,732.0,738.0
7172.0,1637.0,1658.0,1683.0,734.0,728.0,732.0
7134.0,1681.0,1664.0,1630.0,733.0,707.0,719.0
7102.0,1668.0,1670.0,1623.0,724.0,699.0,718.0
7092.0,1685.0,1635.0,1636.0,705.0,717.0,714.0
7129.0,1668.0,1692.0,1629.0,724.0,705.0,711.0
7102.0,1655.0,1653.0,1671.0,702.0,704.0,717.0
7075.0,1658.0,1669.0,1632.0,697.0,705.0,714.0
7090.0,1630.0,1675.0,1666.0,693.0,713.0,713.0
7006.0,1638.0,1628.0,1632.0,701.0,704.0,703.0
6978.0,1633.0,1617.0,1635.0,687.0,701.0,705.0
6988.0,1627.0,1617.0,1650.0,688.0,705.0,701.0
6965.0,1585.0,1644.0,1624.0,695.0,709.0,708.0
6996.0,1626.0,1628.0,1646.0,698.0,704.0,694.0
7037.0,1603.0,1649.0,1660.0,704.0,714.0,707.0
7048.0,1629.0,1652.0,1645.0,700.0,707.0,715.0
7080.0,1663.0,1639.0,1654.0,709.0,703.0,712.0
7138.0,1653.0,1675.0,1674.0,707.0,708.0,721.0
7169.0,1681.0,1664.0,1678.0,703.0,729.0,714.0
7156.0,1691.0,1655.0,1675.0,704.0,719.0,712.0
7284.0,1720.0,1697.0,1685.0,713.0,726.0,743.0
7217.0,1690.0,1682.0,1666.0,721.0,727.0,731.0
7253.0,1686.0,1714.0,1667.0,739.0,733.0,714.0
7209.0,1669.0,1699.0,1660.0,719.0,724.0,738.0
7310.0,1736.0,1730.0,1660.0,727.0,729.0,728.0
7249.0,1700.0,1716.0,1666.0,727.0,721.0,719.0
7258.0,1710.0,1714.0,1667.0,729.0,725.0,713.0
7242.0,1671.0,1705.0,1680.0,731.0,721.0,734.0
7276.0,1692.0,1736.0,1680.0,735.0,719.0,714.0
7160.0,1662.0,1688.0,1666.0,722.0,721.0,701.0
7177.0,1647.0,1704.0,1690.0,729.0,701.0,706.0
7111.0,1688.0,1611.0,1674.0,726.0,703.0,709.0
7146.0,1667.0,1653.0,1683.0,733.0,702.0,708.0
7110.0,1672.0,1634.0,1684.0,712.0,713.0,695.0
7085.0,1671.0,1638.0,1658.0,720.0,698.0,700.0
7058.0,1661.0,1637.0,1647.0,716.0,690.0,707.0
7033.0,1640.0,1604.0,1658.0,714.0,709.0,708.0
7010.0,1591.0,1664.0,1635.0,705.0,701.0,714.0
7026.0,1608.0,1650.0,1671.0,689.0,704.0,704.0
7058.0,1641.0,1648.0,1654.0,702.0,703.0,710.0
7068.0,1669.0,1653.0,1638.0,700.0,705.0,703.0
7081.0,1646.0,1672.0,1643.0,703.0,708.0,709.0
7174.0,1684.0,1662.0,1671.0,702.0,736.0,719.0
7146.0,1634.0,1687.0,1667.0,701.0,734.0,723.0
7277.0,1723.0,1700.0,1694.0,714.0,724.0,722.0
7301.0,1688.0,1701.0,1693.0,732.0,743.0,744.0
7327.0,1697.0,1727.0,1708.0,718.0,731.0,746.0
7322.0,1719.0,1713.0,1686.0,728.0,746.0,730.0
7397.0,1731.0,1728.0,1713.0,740.0,742.0,743.0
7326.0,1699.0,1736.0,1688.0,727.0,740.0,736.0
7385.0,1728.0,1723.0,1710.0,732.0,739.0,753.0
7290.0,1676.0,1728.0,1689.0,726.0,725.0,746.0
7309.0,1697.0,1694.0,1724.0,723.0,735.0,736.0
7263.0,1671.0,1696.0,1700.0,741.0,733.0,722.0
7228.0,1687.0,1669.0,1708.0,720.0,729.0,715.0
7171.0,1647.0,1658.0,1689.0,719.0,724.0,734.0
7230.0,1666.0,1676.0,1716.0,722.0,723.0,727.0
7158.0,1661.0,1674.0,1686.0,714.0,708.0,715.0
7176.0,1699.0,1662.0,1683.0,710.0,705.0,717.0
7100.0,1638.0,1677.0,1659.0,710.0,702.0,714.0
7148.0,1704.0,1655.0,1658.0,723.0,708.0,700.0
7071.0,1655.0,1643.0,1644.0,727.0,702.0,700.0
7090.0,1658.0,1646.0,1676.0,709.0,697.0,704.0
7058.0,1600.0,1668.0,1646.0,723.0,707.0,714.0
7087.0,1626.0,1678.0,1649.0,708.0,718.0,708.0
7149.0,1655.0,1690.0,1672.0,716.0,714.0,702.0
7096.0,1673.0,1680.0,1642.0,706.0,705.0,690.0
7085.0,1639.0,1663.0,1650.0,723.0,718.0,692.0
7143.0,1692.0,1661.0,1663.0,714.0,711.0,702.0
7209.0,1692.0,1645.0,1700.0,723.0,722.0,727.0
7281.0,1721.0,1682.0,1685.0,724.0,725.0,744.0
7331.0,1719.0,1719.0,1698.0,720.0,735.0,740.0
7328.0,1758.0,1692.0,1689.0,733.0,736.0,720.0
7371.0,1707.0,1717.0,1723.0,747.0,734.0,743.0
7370.0,1748.0,1721.0,1696.0,726.0,750.0,729.0
7461.0,1758.0,1731.0,1720.0,752.0,758.0,742.0
7441.0,1737.0,1745.0,1734.0,737.0,753.0,735.0
7439.0,1709.0,1754.0,1724.0,758.0,751.0,743.0
7403.0,1713.0,1730.0,1742.0,728.0,744.0,746.0
7316.0,1700.0,1692.0,1727.0,728.0,742.0,727.0
7397.0,1691.0,1747.0,1738.0,742.0,741.0,738.0
7363.0,1713.0,1725.0,1711.0,736.0,740.0,738.0
7372.0,1719.0,1716.0,1729.0,720.0,749.0,739.0
7286.0,1672.0,1708.0,1712.0,731.0,727.0,736.0
7301.0,1730.0,1683.0,1717.0,723.0,713.0,735.0
7212.0,1691.0,1650.0,1701.0,729.0,724.0,717.0
7181.0,1683.0,1657.0,1670.0,718.0,731.0,722.0
7173.0,1691.0,1677.0,1653.0,715.0,714.0,723.0
7146.0,1653.0,1650.0,1681.0,724.0,713.0,725.0
7115.0,1671.0,1654.0,1657.0,716.0,703.0,714.0
7133.0,1650.0,1649.0,1682.0,721.0,706.0,725.0
7149.0,1652.0,1672.0,1660.0,722.0,716.0,727.0
7138.0,1663.0,1647.0,1673.0,730.0,697.0,728.0
7170.0,1670.0,1682.0,1657.0,719.0,714.0,728.0
7151.0,1682.0,1686.0,1632.0,713.0,721.0,717.0
7301.0,1725.0,1725.0,1684.0,724.0,712.0,731.0
7286.0,1727.0,1701.0,1677.0,734.0,724.0,723.0
7382.0,1743.0,1767.0,1684.0,730.0,730.0,728.0
7416.0,1760.0,1755.0,1697.0,738.0,730.0,736.0
7425.0,1712.0,1776.0,1723.0,735.0,737.0,742.0
7532.0,1769.0,1771.0,1777.0,746.0,740.0,729.0
7418.0,1786.0,1733.0,1689.0,727.0,730.0,753.0
7438.0,1716.0,1757.0,1743.0,742.0,739.0,741.0
7565.0,1774.0,1757.0,1793.0,749.0,747.0,745.0
7394.0,1685.0,1748.0,1732.0,732.0,754.0,743.0
7409.0,1698.0,1723.0,1763.0,744.0,749.0,732.0
7407.0,1725.0,1740.0,1712.0,751.0,739.0,740.0
7361.0,1698.0,1691.0,1734.0,746.0,763.0,729.0
7285.0,1689.0,1687.0,1711.0,739.0,734.0,725.0
7309.0,1712.0,1701.0,1718.0,735.0,727.0,716.0
7274.0,1715.0,1668.0,1711.0,745.0,724.0,711.0
7262.0,1716.0,1649.0,1726.0,712.0,738.0,721.0
7246.0,1692.0,1716.0,1680.0,731.0,713.0,714.0
7168.0,1653.0,1692.0,1660.0,723.0,732.0,708.0
7185.0,1688.0,1657.0,1670.0,728.0,718.0,724.0
7261.0,1696.0,1702.0,1664.0,730.0,735.0,734.0
7194.0,1658.0,1696.0,1673.0,724.0,716.0,727.0
7178.0,1681.0,1698.0,1647.0,729.0,713.0,710.0
7230.0,1649.0,1704.0,1670.0,745.0,733.0,729.0
7263.0,1669.0,1716.0,1684.0,733.0,724.0,737.0
7280.0,1672.0,1730.0,1674.0,740.0,722.0,742.0
7337.0,1715.0,1716.0,1699.0,736.0,734.0,737.0
7358.0,1709.0,1726.0,1727.0,729.0,728.0,739.0
7472.0,1778.0,1739.0,1707.0,753.0,746.0,749.0
7496.0,1767.0,1740.0,1747.0,747.0,736.0,759.0
7496.0,1761.0,1715.0,1777.0,745.0,734.0,764.0
7515.0,1773.0,1714.0,1794.0,750.0,728.0,756.0
7516.0,1780.0,1729.0,1762.0,746.0,748.0,751.0
7485.0,1755.0,1719.0,1767.0,744.0,747.0,753.0
7446.0,1723.0,1710.0,1753.0,738.0,747.0,775.0
7476.0,1728.0,1744.0,1778.0,746.0,729.0,751.0
7490.0,1717.0,1763.0,1777.0,743.0,735.0,755.0
7469.0,1729.0,1745.0,1760.0,744.0,743.0,748.0
7384.0,1715.0,1725.0,1748.0,721.0,736.0,739.0
7354.0,1723.0,1686.0,1732.0,732.0,743.0,738.0
7402.0,1740.0,1732.0,1758.0,722.0,730.0,720.0
7329.0,1703.0,1722.0,1725.0,731.0,731.0,717.0
7251.0,1709.0,1681.0,1693.0,728.0,720.0,720.0
7266.0,1705.0,1730.0,1683.0,719.0,725.0,704.0
7298.0,1694.0,1715.0,1705.0,734.0,731.0,719.0
7266.0,1739.0,1693.0,1666.0,730.0,724.0,714.0
7255.0,1702.0,1703.0,1685.0,727.0,716.0,722.0
7207.0,1667.0,1671.0,1691.0,724.0,732.0,722.0
7209.0,1666.0,1690.0,1664.0,732.0,731.0,726.0
7276.0,1691.0,1684.0,1686.0,739.0,735.0,741.0
7301.0,1721.0,1697.0,1671.0,742.0,734.0,736.0
7385.0,1704.0,1746.0,1730.0,740.0,724.0,741.0
7450.0,1742.0,1729.0,1724.0,763.0,759.0,733.0
7374.0,1711.0,1702.0,1740.0,743.0,748.0,730.0
7499.0,1764.0,1734.0,1756.0,749.0,754.0,742.0
7586.0,1791.0,1771.0,1766.0,756.0,760.0,742.0
7572.0,1777.0,1741.0,1775.0,761.0,755.0,763.0
7567.0,1762.0,1758.0,1800.0,761.0,751.0,735.0
7632.0,1787.0,1763.0,1811.0,761.0,750.0,760.0
7562.0,1742.0,1776.0,1772.0,754.0,766.0,752.0
7569.0,1745.0,1797.0,1779.0,733.0,752.0,763.0
7569.0,1753.0,1785.0,1783.0,742.0,754.0,752.0
7525.0,1722.0,1768.0,1783.0,747.0,743.0,762.0
7541.0,1782.0,1759.0,1752.0,735.0,754.0,759.0
7428.0,1725.0,1755.0,1725.0,737.0,746.0,740.0
7352.0,1698.0,1700.0,1736.0,753.0,725.0,740.0
7349.0,1753.0,1711.0,1690.0,729.0,729.0,737.0
7325.0,1736.0,1705.0,1691.0,723.0,739.0,731.0
7299.0,1727.0,1687.0,1691.0,729.0,726.0,739.0
7308.0,1730.0,1678.0,1704.0,728.0,725.0,743.0
7329.0,1723.0,1708.0,1709.0,725.0,727.0,737.0
7269.0,1704.0,1693.0,1694.0,721.0,720.0,737.0
7303.0,1707.0,1717.0,1702.0,728.0,718.0,731.0
7293.0,1694.0,1724.0,1669.0,730.0,735.0,741.0
7292.0,1707.0,1704.0,1688.0,744.0,717.0,732.0
7320.0,1688.0,1728.0,1702.0,723.0,734.0,745.0
7351.0,1697.0,1729.0,1724.0,727.0,735.0,739.0
7448.0,1733.0,1745.0,1731.0,759.0,742.0,738.0
7485.0,1752.0,1747.0,1733.0,750.0,747.0,756.0
7453.0,1755.0,1738.0,1692.0,759.0,762.0,747.0
7523.0,1771.0,1724.0,1771.0,746.0,765.0,746.0
7576.0,1799.0,1738.0,1768.0,763.0,757.0,751.0
7620.0,1769.0,1759.0,1808.0,760.0,769.0,755.0
7642.0,1762.0,1776.0,1802.0,775.0,776.0,751.0
7666.0,1796.0,1742.0,1815.0,775.0,775.0,763.0
7578.0,1778.0,1756.0,1741.0,769.0,776.0,758.0
7595.0,1753.0,1765.0,1791.0,756.0,765.0,765.0
7556.0,1752.0,1751.0,1777.0,768.0,764.0,744.0
7467.0,1731.0,1721.0,1757.0,743.0,767.0,748.0
7482.0,1734.0,1738.0,1756.0,747.0,767.0,740.0
7522.0,1767.0,1754.0,1745.0,751.0,752.0,753.0
7417.0,1743.0,1744.0,1715.0,731.0,749.0,735.0
7423.0,1721.0,1766.0,1707.0,742.0,747.0,740.0
7423.0,1752.0,1778.0,1683.0,742.0,733.0,735.0
7428.0,1750.0,1770.0,1709.0,733.0,736.0,730.0
7359.0,1734.0,1733.0,1695.0,736.0,733.0,728.0
7391.0,1723.0,1764.0,1700.0,735.0,726.0,743.0
7346.0,1726.0,1708.0,1712.0,743.0,727.0,730.0
7310.0,1721.0,1728.0,1670.0,733.0,729.0,729.0
7344.0,1701.0,1729.0,1713.0,733.0,732.0,736.0
7340.0,1691.0,1714.0,1715.0,737.0,738.0,745.0
7361.0,1705.0,1715.0,1713.0,751.0,739.0,738.0
7388.0,1735.0,1717.0,1731.0,738.0,732.0,735.0
7500.0,1747.0,1739.0,1782.0,752.0,736.0,744.0
7471.0,1743.0,1736.0,1742.0,749.0,746.0,755.0
7590.0,1816.0,1746.0,1749.0,769.0,749.0,761.0
7651.0,1826.0,1771.0,1774.0,763.0,756.0,761.0
7577.0,1774.0,1735.0,1776.0,770.0,749.0,773.0
7687.0,1816.0,1776.0,1780.0,774.0,762.0,779.0
7680.0,1780.0,1785.0,1798.0,764.0,767.0,786.0
7667.0,1793.0,1763.0,1800.0,764.0,770.0,777.0
7660.0,1811.0,1795.0,1761.0,779.0,759.0,755.0
7644.0,1786.0,1794.0,1738.0,787.0,767.0,772.0
7595.0,1747.0,1786.0,1756.0,761.0,767.0,778.0
7643.0,1769.0,1792.0,1781.0,756.0,775.0,770.0
7562.0,1715.0,1773.0,1765.0,772.0,777.0,760.0
7511.0,1727.0,1763.0,1773.0,744.0,746.0,758.0
7551.0,1757.0,1773.0,1759.0,760.0,752.0,750.0
7443.0,1742.0,1731.0,1720.0,749.0,756.0,745.0
7490.0,1785.0,1710.0,1744.0,744.0,759.0,748.0
7421.0,1753.0,1733.0,1698.0,742.0,757.0,738.0
7413.0,1769.0,1729.0,1730.0,723.0,735.0,727.0
7389.0,1740.0,1706.0,1706.0,757.0,747.0,733.0
7369.0,1732.0,1689.0,1743.0,743.0,738.0,724.0
7316.0,1723.0,1672.0,1726.0,723.0,744.0,728.0
7406.0,1754.0,1704.0,1717.0,749.0,749.0,733.0
7445.0,1744.0,1743.0,1725.0,746.0,749.0,738.0
7424.0,1698.0,1734.0,1764.0,737.0,753.0,738.0
7506.0,1726.0,1776.0,1770.0,738.0,756.0,740.0
7523.0,1774.0,1751.0,1768.0,747.0,745.0,738.0
7509.0,1733.0,1757.0,1789.0,750.0,732.0,748.0
7645.0,1812.0,1753.0,1807.0,768.0,749.0,756.0
7632.0,1807.0,1756.0,1780.0,768.0,759.0,762.0
7573.0,1786.0,1752.0,1759.0,771.0,765.0,740.0
7627.0,1768.0,1769.0,1807.0,778.0,747.0,758.0
7740.0,1810.0,1828.0,1781.0,783.0,755.0,783.0
7729.0,1833.0,1810.0,1769.0,786.0,760.0,771.0
7669.0,1797.0,1789.0,1783.0,773.0,758.0,769.0
7707.0,1797.0,1786.0,1802.0,783.0,758.0,781.0
7626.0,1786.0,1797.0,1744.0,763.0,761.0,775.0
7656.0,1766.0,1787.0,1795.0,776.0,768.0,764.0
7628.0,1776.0,1750.0,1786.0,776.0,766.0,774.0
7555.0,1754.0,1750.0,1763.0,777.0,753.0,758.0
7539.0,1761.0,1740.0,1755.0,755.0,754.0,774.0
7492.0,1748.0,1742.0,1735.0,755.0,756.0,756.0
7562.0,1761.0,1772.0,1763.0,755.0,754.0,757.0
7483.0,1758.0,1750.0,1725.0,740.0,750.0,760.0
7474.0,1761.0,1743.0,1710.0,742.0,755.0,763.0
7481.0,1745.0,1735.0,1760.0,737.0,754.0,750.0
7445.0,1707.0,1720.0,1766.0,732.0,764.0,756.0
7466.0,1710.0,1778.0,1732.0,735.0,757.0,754.0
7444.0,1721.0,1737.0,1748.0,736.0,751.0,751.0
7502.0,1737.0,1747.0,1772.0,740.0,753.0,753.0
7572.0,1730.0,1780.0,1786.0,742.0,771.0,763.0
7554.0,1749.0,1786.0,1762.0,748.0,755.0,754.0
7538.0,1727.0,1751.0,1778.0,749.0,768.0,765.0
7674.0,1792.0,1780.0,1798.0,759.0,778.0,767.0
7651.0,1784.0,1815.0,1753.0,762.0,772.0,765.0
7698.0,1791.0,1803.0,1799.0,763.0,770.0,772.0
7675.0,1819.0,1773.0,1782.0,769.0,766.0,766.0
7768.0,1828.0,1806.0,1791.0,798.0,773.0,772.0
7742.0,1817.0,1783.0,1805.0,779.0,783.0,775.0
7749.0,1828.0,1800.0,1786.0,793.0,776.0,766.0
7672.0,1776.0,1816.0,1770.0,778.0,779.0,753.0
7716.0,1795.0,1798.0,1786.0,781.0,785.0,771.0
7706.0,1805.0,1790.0,1806.0,780.0,764.0,761.0
7701.0,1791.0,1805.0,1790.0,781.0,769.0,765.0
7693.0,1774.0,1828.0,1778.0,769.0,781.0,763.0
7663.0,1788.0,1821.0,1768.0,774.0,755.0,757.0
7704.0,1811.0,1804.0,1787.0,771.0,762.0,769.0
7590.0,1762.0,1783.0,1775.0,773.0,757.0,740.0
7594.0,1783.0,1779.0,1783.0,751.0,747.0,751.0
7550.0,1777.0,1758.0,1763.0,753.0,746.0,753.0
7517.0,1782.0,1744.0,1778.0,730.0,738.0,745.0
7500.0,1739.0,1721.0,1787.0,746.0,754.0,753.0
7505.0,1783.0,1719.0,1751.0,742.0,756.0,754.0
7504.0,1761.0,1720.0,1784.0,749.0,744.0,746.0
7528.0,1782.0,1747.0,1749.0,739.0,755.0,756.0
7550.0,1744.0,1753.0,1784.0,756.0,762.0,751.0
7489.0,1731.0,1763.0,1739.0,747.0,749.0,760.0
7439.0,1722.0,1707.0,1757.0,742.0,746.0,765.0
7573.0,1760.0,1774.0,1746.0,761.0,763.0,769.0
7637.0,1765.0,1779.0,1789.0,765.0,780.0,759.0
7605.0,1765.0,1748.0,1778.0,769.0,782.0,763.0
7687.0,1802.0,1802.0,1754.0,773.0,777.0,779.0
7791.0,1825.0,1837.0,1797.0,764.0,780.0,788.0
7798.0,1831.0,1832.0,1788.0,778.0,791.0,778.0
7914.0,1879.0,1832.0,1824.0,794.0,794.0,791.0
7842.0,1855.0,1833.0,1795.0,790.0,787.0,782.0
7843.0,1827.0,1843.0,1801.0,790.0,797.0,785.0
7819.0,1821.0,1814.0,1811.0,797.0,788.0,788.0
7754.0,1793.0,1806.0,1796.0,791.0,785.0,783.0
7740.0,1791.0,1792.0,1831.0,784.0,770.0,772.0
7747.0,1800.0,1816.0,1774.0,783.0,786.0,788.0
7759.0,1791.0,1793.0,1852.0,773.0,776.0,774.0
7672.0,1822.0,1754.0,1785.0,784.0,763.0,764.0
7666.0,1810.0,1746.0,1800.0,771.0,768.0,771.0
7660.0,1772.0,1773.0,1819.0,770.0,757.0,769.0
7615.0,1762.0,1764.0,1796.0,776.0,763.0,754.0
7587.0,1786.0,1737.0,1819.0,755.0,747.0,743.0
7586.0,1795.0,1733.0,1793.0,765.0,744.0,756.0
7475.0,1745.0,1733.0,1747.0,760.0,743.0,747.0
7552.0,1739.0,1792.0,1774.0,760.0,743.0,744.0
7664.0,1795.0,1800.0,1798.0,758.0,757.0,756.0
7561.0,1747.0,1797.0,1789.0,762.0,736.0,730.0
7584.0,1750.0,1780.0,1811.0,754.0,749.0,740.0
7628.0,1812.0,1781.0,1781.0,750.0,757.0,747.0
7603.0,1780.0,1790.0,1745.0,763.0,762.0,763.0
7607.0,1778.0,1758.0,1776.0,776.0,780.0,739.0
7715.0,1816.0,1822.0,1785.0,757.0,773.0,762.0
7714.0,1806.0,1823.0,1778.0,778.0,759.0,770.0
7749.0,1816.0,1804.0,1823.0,761.0,774.0,771.0
7819.0,1863.0,1796.0,1805.0,793.0,781.0,781.0
7847.0,1836.0,1830.0,1823.0,790.0,787.0,781.0
7856.0,1849.0,1809.0,1841.0,787.0,788.0,782.0
7849.0,1812.0,1826.0,1838.0,801.0,793.0,779.0
7823.0,1820.0,1800.0,1824.0,796.0,798.0,785.0
7881.0,1793.0,1857.0,1846.0,805.0,789.0,791.0
7823.0,1790.0,1815.0,1849.0,785.0,782.0,802.0
7792.0,1837.0,1780.0,1821.0,782.0,787.0,785.0
7856.0,1817.0,1835.0,1837.0,788.0,784.0,795.0
7818.0,1820.0,1846.0,1817.0,786.0,783.0,766.0
7736.0,1803.0,1803.0,1794.0,779.0,776.0,781.0
7809.0,1798.0,1841.0,1814.0,769.0,801.0,786.0
7756.0,1801.0,1826.0,1807.0,775.0,775.0,772.0
7652.0,1784.0,1797.0,1786.0,766.0,749.0,770.0
7590.0,1795.0,1779.0,1753.0,751.0,754.0,758.0
7633.0,1776.0,1790.0,1778.0,764.0,758.0,767.0
7546.0,1770.0,1767.0,1725.0,760.0,763.0,761.0
7667.0,1809.0,1775.0,1787.0,765.0,754.0,777.0
7614.0,1762.0,1757.0,1801.0,747.0,759.0,788.0
7619.0,1746.0,1763.0,1814.0,772.0,763.0,761.0
7649.0,1806.0,1775.0,1775.0,765.0,765.0,763.0
7675.0,1773.0,1802.0,1781.0,770.0,771.0,778.0
7664.0,1788.0,1787.0,1780.0,770.0,766.0,773.0
7803.0,1860.0,1795.0,1820.0,767.0,778.0,783.0
7855.0,1850.0,1849.0,1822.0,771.0,772.0,791.0
7813.0,1832.0,1823.0,1826.0,784.0,779.0,769.0
7939.0,1859.0,1881.0,1857.0,779.0,775.0,788.0
7957.0,1884.0,1858.0,1858.0,770.0,794.0,793.0
7929.0,1836.0,1854.0,1859.0,788.0,798.0,794.0
7875.0,1848.0,1852.0,1820.0,791.0,785.0,779.0
8002.0,1883.0,1872.0,1890.0,793.0,789.0,775.0
7907.0,1827.0,1858.0,1866.0,797.0,776.0,783.0
7848.0,1790.0,1834.0,1861.0,796.0,784.0,783.0
7837.0,1811.0,1853.0,1830.0,780.0,787.0,776.0
7787.0,1810.0,1822.0,1835.0,778.0,781.0,761.0
7773.0,1811.0,1815.0,1824.0,785.0,773.0,765.0
7835.0,1847.0,1806.0,1817.0,791.0,786.0,788.0
7720.0,1819.0,1804.0,1786.0,761.0,777.0,773.0
7647.0,1811.0,1794.0,1766.0,765.0,759.0,752.0
7667.0,1815.0,1771.0,1782.0,781.0,766.0,752.0
7697.0,1803.0,1778.0,1805.0,783.0,764.0,764.0
7667.0,1754.0,1805.0,1804.0,772.0,761.0,771.0
7651.0,1796.0,1760.0,1770.0,788.0,772.0,765.0
7712.0,1789.0,1814.0,1799.0,767.0,767.0,776.0
7690.0,1783.0,1820.0,1763.0,775.0,765.0,784.0
7698.0,1792.0,1800.0,1770.0,779.0,777.0,780.0
7708.0,1811.0,1793.0,1784.0,766.0,775.0,779.0
7780.0,1831.0,1838.0,1784.0,778.0,777.0,772.0
7774.0,1793.0,1832.0,1806.0,781.0,777.0,785.0
7837.0,1827.0,1855.0,1811.0,775.0,785.0,784.0
7809.0,1836.0,1811.0,1806.0,781.0,783.0,792.0
7922.0,1854.0,1865.0,1831.0,783.0,793.0,796.0
8008.0,1879.0,1881.0,1861.0,779.0,790.0,818.0
7902.0,1838.0,1832.0,1852.0,788.0,791.0,801.0
7975.0,1877.0,1829.0,1878.0,781.0,805.0,805.0
7967.0,1830.0,1876.0,1907.0,780.0,779.0,795.0
7922.0,1826.0,1852.0,1860.0,781.0,796.0,807.0
7891.0,1814.0,1839.0,1865.0,783.0,787.0,803.0
7891.0,1824.0,1856.0,1842.0,791.0,793.0,785.0
7907.0,1837.0,1831.0,1871.0,783.0,788.0,797.0
7835.0,1791.0,1823.0,1864.0,780.0,784.0,793.0
7901.0,1858.0,1860.0,1816.0,798.0,793.0,776.0
7826.0,1811.0,1821.0,1854.0,780.0,776.0,784.0
7833.0,1869.0,1838.0,1800.0,793.0,756.0,777.0
7716.0,1797.0,1813.0,1771.0,782.0,784.0,769.0
7686.0,1833.0,1783.0,1756.0,779.0,762.0,773.0
7727.0,1820.0,1830.0,1770.0,777.0,770.0,760.0
7731.0,1798.0,1830.0,1774.0,792.0,772.0,765.0
7643.0,1771.0,1795.0,1767.0,776.0,776.0,758.0
7692.0,1777.0,1842.0,1780.0,760.0,775.0,758.0
7762.0,1808.0,1831.0,1820.0,771.0,767.0,765.0
7731.0,1805.0,1789.0,1801.0,786.0,782.0,768.0
7754.0,1818.0,1801.0,1813.0,786.0,770.0,766.0
7851.0,1843.0,1819.0,1823.0,789.0,801.0,776.0
7826.0,1841.0,1821.0,1814.0,778.0,794.0,778.0
7835.0,1851.0,1812.0,1829.0,784.0,781.0,778.0
7948.0,1883.0,1841.0,1847.0,781.0,798.0,798.0
7994.0,1891.0,1855.0,1851.0,795.0,804.0,798.0
8030.0,1908.0,1819.0,1909.0,797.0,808.0,789.0
8070.0,1890.0,1871.0,1896.0,806.0,806.0,801.0
8050.0,1886.0,1881.0,1894.0,797.0,809.0,783.0
8034.0,1887.0,1868.0,1892.0,799.0,794.0,794.0
7986.0,1861.0,1884.0,1848.0,794.0,802.0,797.0
8001.0,1835.0,1903.0,1875.0,777.0,800.0,811.0
7963.0,1844.0,1866.0,1845.0,792.0,798.0,818.0
7894.0,1841.0,1837.0,1832.0,793.0,784.0,807.0
7943.0,1860.0,1830.0,1873.0,791.0,793.0,796.0
7909.0,1852.0,1843.0,1832.0,792.0,792.0,798.0
7855.0,1831.0,1854.0,1818.0,781.0,784.0,787.0
7836.0,1842.0,1844.0,1804.0,794.0,768.0,784.0
7784.0,1833.0,1781.0,1826.0,783.0,774.0,787.0
7732.0,1824.0,1787.0,1777.0,784.0,765.0,795.0
7747.0,1839.0,1791.0,1792.0,793.0,757.0,775.0
7718.0,1793.0,1800.0,1797.0,782.0,778.0,768.0
7720.0,1825.0,1784.0,1794.0,777.0,752.0,788.0
7731.0,1793.0,1807.0,1804.0,780.0,772.0,775.0
7749.0,1809.0,1791.0,1809.0,780.0,776.0,784.0
7790.0,1799.0,1799.0,1837.0,796.0,769.0,790.0
7823.0,1804.0,1819.0,1853.0,785.0,782.0,780.0
7864.0,1816.0,1851.0,1850.0,787.0,774.0,786.0
7944.0,1864.0,1867.0,1864.0,787.0,789.0,773.0
7973.0,1832.0,1860.0,1888.0,799.0,793.0,801.0
8014.0,1880.0,1866.0,1870.0,807.0,798.0,793.0
8063.0,1877.0,1897.0,1891.0,809.0,798.0,791.0
8084.0,1887.0,1879.0,1947.0,800.0,783.0,788.0
8159.0,1929.0,1876.0,1921.0,816.0,823.0,794.0
8101.0,1876.0,1901.0,1926.0,793.0,814.0,791.0
8065.0,1865.0,1869.0,1898.0,800.0,824.0,809.0
8015.0,1845.0,1842.0,1903.0,805.0,819.0,801.0
7981.0,1829.0,1873.0,1865.0,799.0,820.0,795.0
7996.0,1856.0,1885.0,1867.0,793.0,815.0,780.0
7926.0,1838.0,1844.0,1852.0,800.0,801.0,791.0
7954.0,1864.0,1853.0,1845.0,791.0,802.0,799.0
7876.0,1855.0,1844.0,1811.0,795.0,786.0,785.0
7920.0,1835.0,1867.0,1856.0,777.0,793.0,792.0
7882.0,1879.0,1804.0,1827.0,790.0,791.0,791.0
7828.0,1869.0,1827.0,1786.0,797.0,785.0,764.0
7881.0,1845.0,1851.0,1824.0,778.0,807.0,776.0
7875.0,1849.0,1842.0,1827.0,788.0,785.0,784.0
7902.0,1856.0,1853.0,1837.0,787.0,779.0,790.0
7817.0,1823.0,1837.0,1813.0,778.0,783.0,783.0
7863.0,1802.0,1848.0,1838.0,791.0,783.0,801.0
7819.0,1814.0,1848.0,1823.0,785.0,777.0,772.0
7861.0,1819.0,1855.0,1842.0,782.0,776.0,787.0
7942.0,1831.0,1853.0,1871.0,801.0,787.0,799.0
7942.0,1859.0,1847.0,1866.0,803.0,779.0,788.0
8005.0,1866.0,1860.0,1880.0,794.0,791.0,814.0
7989.0,1847.0,1873.0,1867.0,805.0,794.0,803.0
8028.0,1877.0,1854.0,1907.0,797.0,789.0,804.0
8052.0,1884.0,1852.0,1889.0,810.0,807.0,810.0
8182.0,1913.0,1895.0,1922.0,812.0,809.0,831.0
8087.0,1898.0,1863.0,1895.0,814.0,811.0,806.0
8173.0,1907.0,1898.0,1910.0,826.0,810.0,822.0
8165.0,1885.0,1936.0,1904.0,800.0,809.0,831.0
8087.0,1871.0,1909.0,1873.0,797.0,809.0,828.0
8078.0,1895.0,1913.0,1850.0,799.0,811.0,810.0
8119.0,1874.0,1940.0,1892.0,795.0,810.0,808.0
8001.0,1861.0,1889.0,1829.0,794.0,818.0,810.0
8011.0,1836.0,1896.0,1877.0,793.0,799.0,810.0
7970.0,1842.0,1900.0,1822.0,787.0,812.0,807.0
7982.0,1845.0,1884.0,1876.0,796.0,794.0,787.0
7917.0,1863.0,1863.0,1830.0,771.0,813.0,777.0
7842.0,1844.0,1807.0,1820.0,781.0,795.0,795.0
7902.0,1873.0,1826.0,1848.0,767.0,803.0,785.0
7874.0,1859.0,1832.0,1821.0,774.0,806.0,782.0
7851.0,1833.0,1823.0,1820.0,792.0,787.0,796.0
7826.0,1815.0,1811.0,1839.0,795.0,793.0,773.0
7841.0,1815.0,1825.0,1848.0,790.0,788.0,775.0
7924.0,1832.0,1817.0,1879.0,795.0,814.0,787.0
7905.0,1829.0,1869.0,1851.0,788.0,787.0,781.0
7928.0,1835.0,1849.0,1871.0,800.0,783.0,790.0
8040.0,1877.0,1851.0,1899.0,808.0,808.0,797.0
7997.0,1863.0,1858.0,1889.0,805.0,799.0,783.0
8036.0,1886.0,1897.0,1829.0,819.0,806.0,799.0
8127.0,1914.0,1914.0,1869.0,826.0,801.0,803.0
8161.0,1919.0,1920.0,1879.0,816.0,810.0,817.0
8222.0,1939.0,1936.0,1896.0,828.0,813.0,810.0
8131.0,1908.0,1876.0,1890.0,822.0,814.0,821.0
8218.0,1903.0,1930.0,1919.0,813.0,824.0,829.0
8241.0,1918.0,1940.0,1915.0,822.0,821.0,825.0
8164.0,1897.0,1932.0,1894.0,818.0,816.0,807.0
8147.0,1901.0,1906.0,1874.0,830.0,809.0,827.0
8091.0,1892.0,1877.0,1897.0,806.0,804.0,815.0
8069.0,1890.0,1868.0,1884.0,800.0,810.0,817.0
8072.0,1863.0,1898.0,1902.0,802.0,806.0,801.0
7990.0,1875.0,1853.0,1850.0,792.0,803.0,817.0
8008.0,1869.0,1846.0,1868.0,814.0,807.0,804.0
7874.0,1868.0,1800.0,1830.0,784.0,790.0,802.0
7949.0,1877.0,1822.0,1854.0,797.0,792.0,807.0
7922.0,1894.0,1834.0,1839.0,776.0,785.0,794.0
7982.0,1894.0,1839.0,1874.0,784.0,792.0,799.0
7929.0,1838.0,1859.0,1845.0,801.0,798.0,788.0
7988.0,1842.0,1866.0,1868.0,807.0,799.0,806.0
7940.0,1822.0,1878.0,1869.0,779.0,791.0,801.0
7975.0,1823.0,1877.0,1884.0,793.0,797.0,801.0
8013.0,1836.0,1875.0,1870.0,806.0,815.0,811.0
7991.0,1822.0,1880.0,1858.0,805.0,812.0,814.0
8065.0,1872.0,1906.0,1887.0,806.0,800.0,794.0
8102.0,1861.0,1896.0,1904.0,806.0,817.0,818.0
8105.0,1897.0,1860.0,1899.0,817.0,827.0,805.0
8132.0,1899.0,1890.0,1874.0,817.0,829.0,823.0
8273.0,1939.0,1903.0,1947.0,837.0,829.0,818.0
8238.0,1948.0,1911.0,1909.0,829.0,826.0,815.0
8149.0,1938.0,1869.0,1868.0,830.0,824.0,820.0
8190.0,1923.0,1899.0,1921.0,822.0,819.0,806.0
8155.0,1888.0,1915.0,1879.0,838.0,817.0,818.0
8160.0,1887.0,1894.0,1908.0,821.0,822.0,828.0
8171.0,1908.0,1903.0,1886.0,831.0,826.0,817.0
8168.0,1881.0,1901.0,1939.0,814.0,812.0,821.0
8178.0,1883.0,1924.0,1922.0,811.0,827.0,811.0
8128.0,1899.0,1891.0,1905.0,818.0,811.0,804.0
8100.0,1925.0,1886.0,1886.0,794.0,804.0,805.0
8032.0,1875.0,1875.0,1880.0,796.0,797.0,809.0
8106.0,1896.0,1928.0,1902.0,801.0,779.0,800.0
8032.0,1877.0,1897.0,1871.0,797.0,799.0,791.0
8017.0,1861.0,1877.0,1904.0,785.0,797.0,793.0
7994.0,1865.0,1872.0,1889.0,786.0,776.0,806.0
8024.0,1858.0,1902.0,1894.0,782.0,801.0,787.0
7954.0,1845.0,1855.0,1864.0,804.0,784.0,802.0
7966.0,1856.0,1879.0,1845.0,788.0,789.0,809.0
7939.0,1840.0,1834.0,1878.0,791.0,798.0,798.0
7940.0,1815.0,1832.0,1894.0,796.0,790.0,813.0
8084.0,1871.0,1853.0,1934.0,803.0,810.0,813.0
8093.0,1886.0,1874.0,1881.0,821.0,820.0,811.0
8100.0,1872.0,1896.0,1881.0,820.0,818.0,813.0
8168.0,1900.0,1895.0,1903.0,829.0,823.0,818.0
8269.0,1919.0,1932.0,1931.0,828.0,840.0,819.0
8301.0,1952.0,1947.0,1894.0,834.0,832.0,842.0
8360.0,1937.0,1969.0,1924.0,836.0,836.0,858.0
8329.0,1957.0,1936.0,1927.0,829.0,854.0,826.0
8266.0,1923.0,1929.0,1899.0,845.0,830.0,840.0
8324.0,1946.0,1960.0,1899.0,834.0,839.0,846.0
8305.0,1920.0,1940.0,1949.0,841.0,845.0,810.0
8240.0,1900.0,1941.0,1914.0,823.0,827.0,835.0
8250.0,1918.0,1915.0,1961.0,818.0,807.0,831.0
8176.0,1916.0,1930.0,1871.0,825.0,820.0,814.0
8217.0,1910.0,1921.0,1928.0,813.0,825.0,820.0
8213.0,1901.0,1907.0,1927.0,835.0,826.0,817.0
8152.0,1922.0,1896.0,1898.0,799.0,816.0,821.0
8167.0,1924.0,1882.0,1936.0,806.0,809.0,810.0
8087.0,1893.0,1862.0,1921.0,800.0,812.0,799.0
8036.0,1891.0,1824.0,1939.0,780.0,799.0,803.0
7975.0,1856.0,1845.0,1884.0,795.0,806.0,789.0
8004.0,1863.0,1867.0,1908.0,789.0,796.0,781.0
8035.0,1884.0,1884.0,1896.0,798.0,792.0,781.0
7961.0,1846.0,1848.0,1882.0,788.0,802.0,795.0
8072.0,1865.0,1918.0,1880.0,811.0,811.0,787.0
8011.0,1863.0,1897.0,1861.0,802.0,805.0,783.0
8105.0,1905.0,1928.0,1877.0,797.0,797.0,801.0
8066.0,1891.0,1901.0,1866.0,801.0,805.0,802.0
8162.0,1878.0,1952.0,1890.0,821.0,802.0,819.0
8180.0,1917.0,1915.0,1905.0,809.0,812.0,822.0
8314.0,1947.0,1970.0,1927.0,832.0,820.0,818.0
8272.0,1960.0,1924.0,1921.0,828.0,820.0,819.0
8345.0,1965.0,1963.0,1925.0,837.0,820.0,835.0
8313.0,1979.0,1932.0,1920.0,827.0,833.0,822.0
8366.0,1956.0,1945.0,1950.0,841.0,834.0,840.0
8364.0,1908.0,1948.0,1979.0,858.0,849.0,822.0
8305.0,1919.0,1937.0,1926.0,854.0,830.0,839.0
8293.0,1926.0,1927.0,1922.0,848.0,823.0,847.0
8240.0,1907.0,1913.0,1926.0,835.0,826.0,833.0
8342.0,1921.0,1933.0,1972.0,841.0,846.0,829.0
8264.0,1920.0,1932.0,1926.0,833.0,823.0,830.0
8222.0,1944.0,1901.0,1917.0,815.0,829.0,816.0
8241.0,1902.0,1913.0,1958.0,819.0,822.0,827.0
8094.0,1892.0,1889.0,1890.0,793.0,814.0,816.0
8175.0,1888.0,1912.0,1915.0,814.0,823.0,823.0
8138.0,1894.0,1894.0,1914.0,813.0,809.0,814.0
8104.0,1905.0,1883.0,1892.0,815.0,801.0,808.0
8057.0,1884.0,1875.0,1868.0,807.0,812.0,811.0
8082.0,1867.0,1910.0,1887.0,807.0,800.0,811.0
8003.0,1853.0,1876.0,1867.0,792.0,802.0,813.0
8053.0,1866.0,1891.0,1855.0,810.0,818.0,813.0
8047.0,1890.0,1848.0,1863.0,810.0,820.0,816.0
8122.0,1909.0,1902.0,1871.0,815.0,810.0,815.0
8156.0,1925.0,1884.0,1882.0,819.0,828.0,818.0
8201.0,1933.0,1925.0,1903.0,812.0,822.0,806.0
8213.0,1944.0,1899.0,1916.0,822.0,805.0,827.0
8315.0,1939.0,1942.0,1949.0,828.0,828.0,829.0
8313.0,1969.0,1932.0,1921.0,831.0,823.0,837.0
8354.0,1992.0,1930.0,1938.0,841.0,820.0,833.0
8393.0,1969.0,1972.0,1944.0,845.0,828.0,835.0
8395.0,1974.0,1977.0,1947.0,837.0,833.0,827.0
8389.0,1954.0,1961.0,1942.0,852.0,842.0,838.0
8464.0,1958.0,1984.0,1984.0,846.0,852.0,840.0
8355.0,1916.0,1948.0,1989.0,844.0,833.0,825.0
8354.0,1908.0,1953.0,1987.0,842.0,840.0,824.0
8321.0,1906.0,1954.0,1962.0,837.0,831.0,831.0
8259.0,1889.0,1968.0,1944.0,826.0,828.0,804.0
8250.0,1943.0,1895.0,1937.0,830.0,828.0,817.0
8200.0,1968.0,1887.0,1891.0,827.0,816.0,811.0
8162.0,1921.0,1870.0,1914.0,839.0,822.0,796.0
8144.0,1909.0,1856.0,1930.0,829.0,819.0,801.0
8168.0,1923.0,1899.0,1895.0,814.0,814.0,823.0
8138.0,1938.0,1867.0,1882.0,815.0,828.0,808.0
8066.0,1899.0,1860.0,1859.0,818.0,816.0,814.0
8136.0,1913.0,1887.0,1884.0,822.0,816.0,814.0
8136.0,1886.0,1897.0,1864.0,824.0,836.0,829.0
8150.0,1890.0,1907.0,1900.0,815.0,817.0,821.0
8103.0,1862.0,1937.0,1862.0,803.0,821.0,818.0
8183.0,1907.0,1908.0,1895.0,821.0,824.0,828.0
8212.0,1897.0,1928.0,1905.0,810.0,845.0,827.0
8285.0,1913.0,1936.0,1948.0,833.0,827.0,828.0
8370.0,1921.0,1978.0,1979.0,826.0,834.0,832.0
8393.0,1975.0,1962.0,1934.0,824.0,838.0,860.0
8438.0,2017.0,1964.0,1956.0,828.0,834.0,839.0
8460.0,1967.0,1978.0,1973.0,841.0,848.0,853.0
8445.0,1971.0,1972.0,1975.0,841.0,842.0,844.0
8501.0,1969.0,1987.0,1987.0,853.0,859.0,846.0
8431.0,1974.0,1981.0,1962.0,834.0,840.0,840.0
8471.0,1975.0,1955.0,1999.0,849.0,848.0,845.0
8395.0,1949.0,1946.0,1976.0,856.0,836.0,832.0
8314.0,1932.0,1927.0,1958.0,835.0,826.0,836.0
8287.0,1903.0,1927.0,1951.0,840.0,823.0,843.0
8397.0,1947.0,1968.0,1977.0,840.0,818.0,847.0
8317.0,1938.0,1927.0,1941.0,843.0,831.0,837.0
8232.0,1907.0,1912.0,1912.0,834.0,819.0,848.0
8227.0,1914.0,1941.0,1921.0,826.0,804.0,821.0
8193.0,1919.0,1919.0,1886.0,839.0,815.0,815.0
8143.0,1918.0,1874.0,1908.0,823.0,810.0,810.0
8173.0,1904.0,1916.0,1890.0,837.0,814.0,812.0
8176.0,1925.0,1920.0,1906.0,825.0,807.0,793.0
8243.0,1888.0,1950.0,1933.0,825.0,835.0,812.0
8168.0,1886.0,1950.0,1883.0,818.0,824.0,807.0
8124.0,1876.0,1937.0,1868.0,825.0,801.0,817.0
8266.0,1914.0,1950.0,1916.0,830.0,833.0,823.0
8223.0,1905.0,1920.0,1925.0,827.0,830.0,816.0
8250.0,1925.0,1915.0,1923.0,827.0,838.0,822.0
8299.0,1954.0,1932.0,1924.0,824.0,829.0,836.0
8341.0,1963.0,1940.0,1951.0,833.0,832.0,822.0
8431.0,1973.0,1948.0,1978.0,851.0,846.0,835.0
8417.0,1998.0,1946.0,1949.0,846.0,843.0,835.0
8521.0,2000.0,1964.0,1998.0,843.0,869.0,847.0
8496.0,1994.0,1975.0,1981.0,845.0,858.0,843.0
8516.0,1978.0,1962.0,2018.0,843.0,860.0,855.0
8535.0,1981.0,1992.0,2001.0,843.0,860.0,858.0
8498.0,1954.0,1980.0,2010.0,847.0,859.0,848.0
8532.0,1986.0,1979.0,2014.0,847.0,851.0,855.0
8436.0,1957.0,1983.0,1972.0,847.0,838.0,839.0
8488.0,1958.0,2006.0,1975.0,849.0,840.0,860.0
8448.0,1937.0,1992.0,1981.0,851.0,838.0,849.0
8383.0,1947.0,1980.0,1936.0,840.0,830.0,850.0
8394.0,1964.0,1957.0,1970.0,842.0,814.0,847.0
8264.0,1914.0,1912.0,1946.0,834.0,821.0,837.0
8301.0,1944.0,1939.0,1937.0,828.0,826.0,827.0
8213.0,1928.0,1902.0,1892.0,830.0,818.0,843.0
8167.0,1910.0,1907.0,1878.0,830.0,815.0,827.0
8264.0,1937.0,1904.0,1939.0,834.0,823.0,827.0
8158.0,1899.0,1896.0,1891.0,820.0,819.0,833.0
8196.0,1892.0,1899.0,1921.0,838.0,808.0,838.0
8211.0,1925.0,1897.0,1913.0,827.0,813.0,836.0
8259.0,1879.0,1936.0,1943.0,832.0,827.0,842.0
8326.0,1944.0,1934.0,1955.0,828.0,824.0,841.0
8367.0,1958.0,1946.0,1960.0,833.0,830.0,840.0
8378.0,1923.0,1971.0,1985.0,826.0,829.0,844.0
8443.0,1967.0,1979.0,1986.0,837.0,847.0,827.0
8498.0,1993.0,1985.0,1983.0,836.0,855.0,846.0
8572.0,2018.0,1986.0,2028.0,844.0,843.0,853.0
8560.0,1993.0,2012.0,2001.0,846.0,865.0,843.0
8598.0,2002.0,2022.0,2006.0,861.0,865.0,842.0
8582.0,2012.0,2003.0,2004.0,853.0,864.0,846.0
8556.0,1973.0,2025.0,2011.0,841.0,847.0,859.0
8518.0,1990.0,1978.0,2010.0,845.0,867.0,828.0
8554.0,1992.0,1999.0,2001.0,845.0,867.0,850.0
8423.0,1947.0,1929.0,1979.0,863.0,858.0,847.0
8446.0,1966.0,1969.0,1972.0,836.0,870.0,833.0
8437.0,1961.0,1963.0,1982.0,846.0,853.0,832.0
8364.0,1942.0,1924.0,1976.0,830.0,861.0,831.0
8305.0,1964.0,1920.0,1916.0,822.0,851.0,832.0
8320.0,1959.0,1924.0,1906.0,844.0,849.0,838.0
8251.0,1944.0,1908.0,1907.0,830.0,827.0,835.0
8324.0,1949.0,1946.0,1943.0,830.0,839.0,817.0
8280.0,1925.0,1964.0,1905.0,834.0,824.0,828.0
8251.0,1943.0,1927.0,1897.0,834.0,820.0,830.0
8249.0,1931.0,1949.0,1904.0,831.0,806.0,828.0
8312.0,1934.0,1934.0,1947.0,834.0,828.0,835.0
8223.0,1923.0,1905.0,1935.0,825.0,811.0,824.0
8349.0,1930.0,1949.0,1973.0,835.0,834.0,828.0
8382.0,1926.0,1970.0,1958.0,841.0,843.0,844.0
8388.0,1961.0,1954.0,1948.0,844.0,824.0,857.0
8418.0,1957.0,1971.0,1970.0,832.0,851.0,837.0
8522.0,1994.0,1988.0,1996.0,850.0,847.0,847.0
8457.0,1990.0,1956.0,1980.0,844.0,833.0,854.0
8521.0,1998.0,1991.0,2014.0,836.0,837.0,845.0
8576.0,2024.0,1981.0,2009.0,845.0,855.0,862.0
8612.0,2047.0,1989.0,2003.0,854.0,847.0,872.0
8655.0,2027.0,2011.0,2026.0,848.0,862.0,881.0
8555.0,1994.0,1994.0,1988.0,846.0,859.0,874.0
8531.0,1968.0,1976.0,2014.0,846.0,851.0,876.0
8535.0,1954.0,1995.0,2016.0,854.0,852.0,864.0
8552.0,1983.0,1996.0,2026.0,847.0,852.0,848.0
8524.0,1979.0,1997.0,1996.0,841.0,858.0,853.0
8450.0,1937.0,1979.0,1961.0,851.0,864.0,858.0
8467.0,1973.0,2001.0,1972.0,838.0,842.0,841.0
8486.0,1996.0,2018.0,1932.0,848.0,838.0,854.0
8378.0,1973.0,1937.0,1938.0,840.0,848.0,842.0
8395.0,1968.0,1983.0,1932.0,845.0,839.0,828.0
8363.0,1945.0,1991.0,1926.0,841.0,828.0,832.0
8411.0,1968.0,1967.0,1960.0,842.0,843.0,831.0
8336.0,1929.0,1947.0,1961.0,845.0,833.0,821.0
8310.0,1929.0,1922.0,1946.0,856.0,832.0,825.0
8333.0,1954.0,1927.0,1959.0,842.0,831.0,820.0
8314.0,1916.0,1952.0,1944.0,844.0,845.0,813.0
8296.0,1932.0,1915.0,1946.0,842.0,835.0,826.0
8449.0,1946.0,1947.0,2018.0,860.0,838.0,840.0
8493.0,1968.0,1970.0,2003.0,853.0,846.0,853.0
8488.0,2005.0,1967.0,1968.0,853.0,862.0,833.0
8539.0,1997.0,1983.0,2009.0,841.0,856.0,853.0
8583.0,2022.0,1991.0,2000.0,871.0,855.0,844.0
8598.0,2018.0,1995.0,2006.0,864.0,864.0,851.0
8636.0,1995.0,2054.0,1992.0,855.0,871.0,869.0
8703.0,2048.0,2052.0,2022.0,868.0,849.0,864.0
8679.0,2032.0,2048.0,2017.0,857.0,861.0,864.0
8607.0,2034.0,2031.0,1967.0,851.0,866.0,858.0
8570.0,1984.0,2030.0,2000.0,855.0,841.0,860.0
8610.0,1998.0,2043.0,1980.0,865.0,860.0,864.0
8653.0,2025.0,2031.0,2035.0,850.0,855.0,857.0
8607.0,2026.0,1984.0,2016.0,859.0,854.0,868.0
8499.0,1987.0,1990.0,1982.0,856.0,836.0,848.0
8439.0,1989.0,1971.0,1941.0,846.0,834.0,858.0
8403.0,1969.0,1939.0,1976.0,839.0,843.0,837.0
8426.0,1980.0,1954.0,1981.0,846.0,814.0,851.0
8399.0,1968.0,1950.0,1949.0,843.0,843.0,846.0
8429.0,1995.0,1934.0,1962.0,849.0,842.0,847.0
8352.0,1958.0,1926.0,1958.0,841.0,828.0,841.0
8438.0,1957.0,1979.0,1965.0,841.0,849.0,847.0
8423.0,1970.0,1952.0,1969.0,848.0,840.0,844.0
8400.0,1942.0,1959.0,1987.0,846.0,835.0,831.0
8430.0,1962.0,1961.0,1990.0,841.0,826.0,850.0
8458.0,1947.0,1966.0,1991.0,853.0,852.0,849.0
8512.0,1971.0,2006.0,1988.0,853.0,836.0,858.0
8533.0,1959.0,2017.0,1995.0,852.0,855.0,855.0
8553.0,1992.0,1996.0,1990.0,863.0,858.0,854.0
8550.0,1982.0,2011.0,1962.0,871.0,881.0,843.0
8640.0,2013.0,2011.0,2030.0,867.0,870.0,849.0
8648.0,2022.0,2009.0,1996.0,866.0,874.0,881.0
8764.0,2077.0,2034.0,2034.0,874.0,888.0,857.0
8671.0,2017.0,2003.0,2029.0,877.0,874.0,871.0
8697.0,2070.0,2009.0,2020.0,864.0,874.0,860.0
8651.0,2040.0,2019.0,1997.0,864.0,871.0,860.0
8650.0,2026.0,2008.0,2016.0,870.0,857.0,873.0
8592.0,1997.0,2016.0,2006.0,849.0,865.0,859.0
8609.0,2017.0,2021.0,1987.0,858.0,874.0,852.0
8573.0,2029.0,2006.0,1976.0,844.0,863.0,855.0
8616.0,2014.0,2029.0,2015.0,845.0,852.0,861.0
8568.0,2008.0,2003.0,2006.0,855.0,850.0,846.0
8502.0,2001.0,2006.0,1984.0,833.0,835.0,843.0
8527.0,2010.0,2018.0,1976.0,833.0,854.0,836.0
8484.0,1996.0,1964.0,2001.0,844.0,838.0,841.0
8483.0,1985.0,1970.0,1976.0,848.0,845.0,859.0
8505.0,1998.0,1983.0,1997.0,833.0,849.0,845.0
8491.0,1966.0,1989.0,2005.0,847.0,848.0,836.0
8471.0,1976.0,1988.0,1982.0,835.0,848.0,842.0
8476.0,1996.0,1955.0,1989.0,850.0,840.0,846.0
8473.0,1973.0,1975.0,1991.0,856.0,829.0,849.0
8471.0,1954.0,1966.0,2000.0,851.0,848.0,852.0
8492.0,1969.0,1955.0,2006.0,852.0,858.0,852.0
8501.0,2008.0,1975.0,1958.0,862.0,842.0,856.0
8606.0,1992.0,1989.0,2024.0,864.0,860.0,877.0
8638.0,2053.0,1976.0,2009.0,876.0,859.0,865.0
8674.0,2033.0,2017.0,2010.0,860.0,871.0,883.0
8683.0,2050.0,1976.0,2007.0,880.0,875.0,895.0
8738.0,2058.0,2031.0,2032.0,878.0,870.0,869.0
8819.0,2112.0,2058.0,2001.0,884.0,890.0,874.0
8754.0,2044.0,2052.0,2010.0,875.0,886.0,887.0
8747.0,2029.0,2046.0,2041.0,876.0,879.0,876.0
8709.0,2023.0,2033.0,2026.0,878.0,871.0,878.0
8773.0,2034.0,2048.0,2057.0,872.0,880.0,882.0
8704.0,2043.0,2039.0,2016.0,863.0,867.0,876.0
8663.0,1993.0,2011.0,2040.0,864.0,878.0,877.0
8671.0,2005.0,2035.0,2048.0,865.0,864.0,854.0
8617.0,2007.0,2028.0,2010.0,859.0,860.0,853.0
8557.0,2001.0,1988.0,2005.0,835.0,865.0,863.0
8671.0,2038.0,1991.0,2051.0,860.0,864.0,867.0
8551.0,2021.0,1990.0,1984.0,843.0,860.0,853.0
8565.0,2023.0,1987.0,2029.0,836.0,860.0,830.0
8497.0,1986.0,1944.0,2026.0,838.0,846.0,857.0
8486.0,1965.0,1980.0,2013.0,841.0,850.0,837.0
8497.0,1975.0,1970.0,2000.0,853.0,856.0,843.0
8447.0,1957.0,1973.0,1981.0,861.0,852.0,823.0
8521.0,1972.0,2017.0,2002.0,854.0,841.0,835.0
8508.0,1992.0,1989.0,1984.0,861.0,851.0,831.0
8477.0,1945.0,1966.0,1986.0,863.0,869.0,848.0
8667.0,2013.0,2033.0,2018.0,886.0,856.0,861.0
8725.0,2057.0,2029.0,2047.0,868.0,860.0,864.0
8696.0,2010.0,2040.0,2042.0,884.0,859.0,861.0
8736.0,2056.0,2035.0,2046.0,879.0,863.0,857.0
8744.0,2038.0,2059.0,2026.0,883.0,865.0,873.0
8783.0,2048.0,2084.0,2026.0,895.0,863.0,867.0
8821.0,2063.0,2074.0,2052.0,885.0,880.0,867.0
8825.0,2094.0,2056.0,2030.0,884.0,877.0,884.0
8809.0,2078.0,2044.0,2050.0,882.0,876.0,879.0
8806.0,2045.0,2064.0,2067.0,881.0,865.0,884.0
8764.0,2051.0,2050.0,2037.0,877.0,870.0,879.0
8755.0,1977.0,2055.0,2078.0,870.0,888.0,887.0
8741.0,2018.0,2018.0,2067.0,868.0,887.0,883.0
8724.0,2018.0,2021.0,2065.0,889.0,858.0,873.0
8696.0,2033.0,2013.0,2036.0,858.0,881.0,875.0
8666.0,2008.0,2010.0,2032.0,864.0,871.0,881.0
8631.0,2006.0,2003.0,2033.0,854.0,853.0,882.0
8655.0,2005.0,2018.0,2023.0,858.0,873.0,878.0
8618.0,2022.0,2029.0,2003.0,834.0,864.0,866.0
8585.0,2011.0,2000.0,2007.0,839.0,860.0,868.0
8567.0,1985.0,2023.0,1999.0,845.0,853.0,862.0
8554.0,2004.0,1998.0,1993.0,849.0,869.0,841.0
8554.0,1980.0,2037.0,1993.0,841.0,841.0,862.0
8555.0,1972.0,2022.0,1999.0,854.0,853.0,855.0
8588.0,1974.0,1997.0,2011.0,862.0,881.0,863.0
8545.0,1959.0,1979.0,2001.0,869.0,859.0,878.0
8612.0,2016.0,2011.0,1995.0,864.0,860.0,866.0
8707.0,2041.0,2041.0,2026.0,864.0,867.0,868.0
8716.0,2056.0,2004.0,2044.0,870.0,871.0,871.0
8801.0,2109.0,2032.0,2037.0,879.0,882.0,862.0
8754.0,2063.0,2027.0,2034.0,895.0,863.0,872.0
8767.0,2054.0,2043.0,2032.0,888.0,872.0,878.0
8879.0,2109.0,2059.0,2078.0,887.0,872.0,874.0
8855.0,2103.0,2057.0,2041.0,878.0,895.0,881.0
8891.0,2052.0,2082.0,2120.0,877.0,887.0,873.0
8883.0,2055.0,2081.0,2086.0,887.0,888.0,886.0
8772.0,2038.0,2063.0,2054.0,870.0,862.0,885.0
8861.0,2046.0,2097.0,2085.0,895.0,867.0,871.0
8770.0,2031.0,2070.0,2051.0,878.0,879.0,861.0
8763.0,2049.0,2043.0,2062.0,872.0,860.0,877.0
8800.0,2051.0,2077.0,2058.0,879.0,864.0,871.0
8808.0,2074.0,2070.0,2065.0,868.0,866.0,865.0
8702.0,2026.0,2038.0,2045.0,871.0,864.0,858.0
8676.0,2041.0,2053.0,2012.0,860.0,850.0,860.0
8597.0,2042.0,1989.0,1995.0,856.0,858.0,857.0
8587.0,2019.0,2012.0,2002.0,847.0,852.0,855.0
8543.0,2037.0,1967.0,1959.0,855.0,866.0,859.0
8585.0,2008.0,2016.0,1980.0,845.0,873.0,863.0
8553.0,1994.0,1997.0,1976.0,846.0,875.0,865.0
8638.0,2032.0,2011.0,1988.0,848.0,883.0,876.0
8595.0,1985.0,1987.0,2014.0,853.0,869.0,887.0
8680.0,2029.0,2012.0,2015.0,868.0,877.0,879.0
8722.0,2011.0,2030.0,2043.0,870.0,893.0,875.0
8757.0,2050.0,2040.0,2059.0,876.0,860.0,872.0
8802.0,2068.0,2055.0,2038.0,868.0,885.0,888.0
8865.0,2091.0,2088.0,2060.0,867.0,880.0,879.0
8980.0,2110.0,2111.0,2060.0,908.0,893.0,898.0
8968.0,2076.0,2115.0,2079.0,905.0,890.0,903.0
8951.0,2066.0,2108.0,2096.0,891.0,892.0,898.0
8953.0,2088.0,2075.0,2107.0,892.0,892.0,899.0
8945.0,2081.0,2087.0,2087.0,894.0,898.0,898.0
8882.0,2061.0,2052.0,2080.0,904.0,887.0,898.0
8948.0,2103.0,2081.0,2084.0,896.0,893.0,891.0
8890.0,2049.0,2089.0,2086.0,888.0,881.0,897.0
8816.0,2026.0,2064.0,2087.0,881.0,877.0,881.0
8804.0,2033.0,2048.0,2083.0,879.0,880.0,881.0
8784.0,2055.0,2033.0,2047.0,882.0,876.0,891.0
8724.0,2045.0,2013.0,2052.0,875.0,862.0,877.0
8741.0,2067.0,2053.0,2014.0,868.0,867.0,872.0
8749.0,2061.0,2039.0,2033.0,880.0,867.0,869.0
8636.0,2054.0,2009.0,1993.0,853.0,861.0,866.0
8604.0,2045.0,2013.0,1981.0,856.0,852.0,857.0
8575.0,2033.0,2011.0,1982.0,864.0,845.0,840.0
8670.0,2008.0,2044.0,2023.0,861.0,866.0,868.0
8649.0,2033.0,2028.0,2006.0,864.0,856.0,862.0
8635.0,2025.0,2031.0,2004.0,858.0,860.0,857.0
8687.0,2000.0,2086.0,2016.0,858.0,866.0,861.0
8659.0,2027.0,2043.0,2008.0,868.0,860.0,853.0
8793.0,2052.0,2074.0,2038.0,870.0,878.0,881.0
8799.0,2079.0,2039.0,2053.0,874.0,880.0,874.0
8870.0,2079.0,2057.0,2059.0,874.0,903.0,898.0
8915.0,2103.0,2062.0,2101.0,888.0,894.0,867.0
8870.0,2059.0,2083.0,2073.0,893.0,893.0,869.0
8963.0,2098.0,2063.0,2121.0,884.0,903.0,894.0
9031.0,2100.0,2094.0,2136.0,905.0,896.0,900.0
8953.0,2079.0,2068.0,2114.0,895.0,902.0,895.0
8950.0,2088.0,2073.0,2101.0,901.0,901.0,886.0
8991.0,2074.0,2098.0,2114.0,893.0,914.0,898.0
8900.0,2050.0,2063.0,2083.0,917.0,894.0,893.0
8921.0,2072.0,2081.0,2078.0,889.0,906.0,895.0
8926.0,2051.0,2076.0,2098.0,897.0,916.0,888.0
8857.0,2052.0,2080.0,2047.0,894.0,890.0,894.0
8875.0,2076.0,2085.0,2052.0,883.0,886.0,893.0
8848.0,2051.0,2078.0,2066.0,893.0,878.0,882.0
8850.0,2086.0,2085.0,2038.0,872.0,881.0,888.0
8769.0,2065.0,2070.0,1991.0,878.0,876.0,889.0
8745.0,2033.0,2033.0,2069.0,879.0,863.0,868.0
8700.0,2015.0,2042.0,2046.0,856.0,871.0,870.0
8689.0,2032.0,2022.0,2014.0,874.0,867.0,880.0
8621.0,2009.0,2002.0,2005.0,863.0,860.0,882.0
8645.0,1995.0,2009.0,2033.0,862.0,867.0,879.0
8691.0,1992.0,2026.0,2070.0,863.0,863.0,877.0
8720.0,2015.0,1991.0,2062.0,887.0,872.0,893.0
8701.0,2021.0,2034.0,2040.0,864.0,865.0,877.0
8810.0,2052.0,2063.0,2067.0,867.0,875.0,886.0
8838.0,2044.0,2061.0,2089.0,867.0,878.0,899.0
8848.0,2074.0,2050.0,2049.0,890.0,884.0,901.0
8927.0,2085.0,2105.0,2092.0,873.0,880.0,892.0
8985.0,2095.0,2101.0,2113.0,884.0,887.0,905.0
9093.0,2138.0,2133.0,2129.0,896.0,893.0,904.0
9048.0,2118.0,2106.0,2111.0,899.0,921.0,893.0
9120.0,2145.0,2145.0,2109.0,910.0,910.0,901.0
9039.0,2114.0,2108.0,2124.0,903.0,904.0,886.0
9059.0,2099.0,2141.0,2103.0,907.0,910.0,899.0
8949.0,2101.0,2081.0,2091.0,901.0,897.0,878.0
9011.0,2096.0,2112.0,2104.0,907.0,903.0,889.0
8919.0,2044.0,2103.0,2092.0,903.0,889.0,888.0
8826.0,2055.0,2063.0,2047.0,892.0,891.0,878.0
8864.0,2068.0,2079.0,2049.0,897.0,895.0,876.0
8836.0,2077.0,2046.0,2059.0,881.0,890.0,883.0
8824.0,2078.0,2032.0,2041.0,898.0,891.0,884.0
8766.0,2039.0,2033.0,2044.0,891.0,889.0,870.0
8754.0,2067.0,2031.0,2025.0,875.0,875.0,881.0
8796.0,2063.0,2066.0,2016.0,880.0,883.0,888.0
8769.0,2028.0,2066.0,2035.0,884.0,884.0,872.0
8707.0,2012.0,2057.0,2003.0,878.0,884.0,873.0
8748.0,2042.0,2035.0,2032.0,891.0,866.0,882.0
8774.0,2021.0,2050.0,2057.0,866.0,887.0,893.0
8783.0,2048.0,2039.0,2071.0,867.0,874.0,884.0
8843.0,2061.0,2052.0,2079.0,874.0,890.0,887.0
8920.0,2067.0,2098.0,2110.0,861.0,895.0,889.0
8930.0,2052.0,2097.0,2109.0,889.0,882.0,901.0
8956.0,2081.0,2064.0,2131.0,878.0,897.0,905.0
8984.0,2077.0,2122.0,2104.0,883.0,897.0,901.0
9021.0,2111.0,2118.0,2101.0,897.0,895.0,899.0
9023.0,2107.0,2121.0,2097.0,896.0,886.0,916.0
9101.0,2152.0,2109.0,2129.0,907.0,895.0,909.0
9010.0,2130.0,2071.0,2100.0,898.0,896.0,915.0
9069.0,2107.0,2115.0,2141.0,895.0,894.0,917.0
9033.0,2081.0,2108.0,2104.0,928.0,899.0,913.0
9057.0,2130.0,2117.0,2088.0,895.0,908.0,919.0
8979.0,2073.0,2097.0,2101.0,899.0,905.0,904.0
8927.0,2048.0,2075.0,2102.0,916.0,886.0,900.0
8885.0,2067.0,2098.0,2040.0,896.0,888.0,896.0
8896.0,2058.0,2097.0,2065.0,891.0,890.0,895.0
8955.0,2099.0,2093.0,2089.0,898.0,889.0,887.0
8828.0,2064.0,2079.0,2050.0,892.0,867.0,876.0
8877.0,2088.0,2072.0,2053.0,893.0,901.0,870.0
8839.0,2099.0,2039.0,2061.0,897.0,884.0,859.0
8787.0,2050.0,2051.0,2052.0,885.0,886.0,863.0
8868.0,2058.0,2069.0,2078.0,892.0,899.0,872.0
8808.0,2083.0,2018.0,2060.0,887.0,889.0,871.0
8771.0,2037.0,2030.0,2062.0,895.0,877.0,870.0
8803.0,2038.0,2053.0,2071.0,886.0,876.0,879.0
8871.0,2042.0,2072.0,2077.0,898.0,911.0,871.0
8811.0,2043.0,2078.0,2045.0,878.0,889.0,878.0
8876.0,2061.0,2074.0,2079.0,881.0,899.0,882.0
8955.0,2108.0,2083.0,2082.0,889.0,900.0,893.0
9029.0,2127.0,2104.0,2105.0,897.0,917.0,879.0
9068.0,2106.0,2137.0,2107.0,894.0,915.0,909.0
9115.0,2166.0,2107.0,2130.0,906.0,908.0,898.0
9107.0,2165.0,2105.0,2118.0,907.0,919.0,893.0
9112.0,2130.0,2128.0,2123.0,905.0,915.0,911.0
9052.0,2101.0,2111.0,2113.0,901.0,905.0,921.0
9120.0,2107.0,2139.0,2149.0,909.0,906.0,910.0
9112.0,2111.0,2158.0,2111.0,896.0,916.0,920.0
9157.0,2104.0,2165.0,2123.0,921.0,917.0,927.0
9118.0,2132.0,2153.0,2103.0,909.0,916.0,905.0
9017.0,2077.0,2134.0,2107.0,898.0,903.0,898.0
9064.0,2093.0,2136.0,2112.0,916.0,900.0,907.0
9051.0,2093.0,2127.0,2132.0,904.0,887.0,908.0
8983.0,2114.0,2101.0,2069.0,901.0,893.0,905.0
8931.0,2092.0,2064.0,2080.0,903.0,888.0,904.0
8893.0,2087.0,2054.0,2063.0,886.0,883.0,920.0
8924.0,2086.0,2056.0,2095.0,905.0,881.0,901.0
8829.0,2067.0,2034.0,2065.0,885.0,880.0,898.0
8906.0,2078.0,2059.0,2108.0,878.0,885.0,898.0
8873.0,2068.0,2089.0,2068.0,890.0,877.0,881.0
8890.0,2041.0,2049.0,2131.0,886.0,889.0,894.0
8943.0,2072.0,2108.0,2103.0,891.0,884.0,885.0
8896.0,2064.0,2059.0,2093.0,889.0,907.0,884.0
8950.0,2068.0,2095.0,2100.0,894.0,897.0,896.0
8989.0,2103.0,2106.0,2077.0,906.0,906.0,891.0
9048.0,2126.0,2122.0,2081.0,903.0,908.0,908.0
9086.0,2102.0,2134.0,2107.0,903.0,927.0,913.0
9097.0,2128.0,2121.0,2129.0,892.0,912.0,915.0
9105.0,2144.0,2136.0,2113.0,904.0,905.0,903.0
9227.0,2179.0,2186.0,2131.0,904.0,917.0,910.0
9138.0,2156.0,2126.0,2127.0,896.0,925.0,908.0
9163.0,2149.0,2154.0,2103.0,929.0,926.0,902.0
9150.0,2176.0,2141.0,2097.0,911.0,909.0,916.0
9106.0,2119.0,2141.0,2107.0,903.0,929.0,907.0
9064.0,2134.0,2124.0,2083.0,903.0,913.0,907.0
9071.0,2102.0,2094.0,2147.0,914.0,912.0,902.0
9042.0,2110.0,2091.0,2113.0,911.0,915.0,902.0
9065.0,2123.0,2118.0,2123.0,901.0,914.0,886.0
9050.0,2097.0,2121.0,2121.0,910.0,901.0,900.0
9015.0,2096.0,2111.0,2126.0,891.0,897.0,894.0
9000.0,2107.0,2092.0,2128.0,896.0,887.0,890.0
8997.0,2129.0,2094.0,2119.0,889.0,879.0,887.0
8935.0,2069.0,2104.0,2110.0,897.0,881.0,874.0
8934.0,2077.0,2075.0,2104.0,895.0,899.0,884.0
8951.0,2098.0,2109.0,2087.0,894.0,881.0,882.0
8866.0,2033.0,2067.0,2084.0,897.0,889.0,896.0
9025.0,2102.0,2123.0,2109.0,904.0,881.0,906.0
8959.0,2070.0,2090.0,2113.0,896.0,884.0,906.0
8956.0,2109.0,2114.0,2062.0,894.0,878.0,899.0
8980.0,2065.0,2111.0,2103.0,902.0,894.0,905.0
9003.0,2109.0,2072.0,2112.0,912.0,892.0,906.0
9016.0,2101.0,2104.0,2103.0,906.0,890.0,912.0
9067.0,2136.0,2096.0,2090.0,907.0,913.0,925.0
9140.0,2135.0,2122.0,2150.0,907.0,910.0,916.0
9078.0,2145.0,2097.0,2103.0,912.0,907.0,914.0
9222.0,2131.0,2145.0,2179.0,924.0,913.0,930.0
9144.0,2108.0,2153.0,2113.0,922.0,926.0,922.0
9187.0,2155.0,2139.0,2130.0,917.0,920.0,926.0
9319.0,2188.0,2197.0,2159.0,933.0,908.0,934.0
9193.0,2132.0,2132.0,2155.0,914.0,940.0,920.0
9190.0,2124.0,2148.0,2150.0,919.0,916.0,933.0
9199.0,2132.0,2156.0,2149.0,905.0,929.0,928.0
9179.0,2109.0,2150.0,2175.0,908.0,928.0,909.0
9129.0,2112.0,2136.0,2136.0,899.0,931.0,915.0
9113.0,2095.0,2156.0,2131.0,908.0,911.0,912.0
9101.0,2107.0,2131.0,2154.0,897.0,911.0,901.0
9104.0,2136.0,2098.0,2158.0,900.0,916.0,896.0
9024.0,2104.0,2096.0,2119.0,902.0,915.0,888.0
8963.0,2114.0,2044.0,2112.0,889.0,911.0,893.0
9019.0,2097.0,2115.0,2102.0,907.0,902.0,896.0
8922.0,2077.0,2057.0,2096.0,903.0,898.0,891.0
8959.0,2091.0,2076.0,2081.0,900.0,898.0,913.0
8945.0,2092.0,2075.0,2081.0,906.0,906.0,885.0
8908.0,2056.0,2070.0,2082.0,916.0,889.0,895.0
8962.0,2089.0,2075.0,2116.0,898.0,889.0,895.0
9016.0,2110.0,2081.0,2117.0,898.0,908.0,902.0
8994.0,2104.0,2072.0,2108.0,910.0,903.0,897.0
9064.0,2123.0,2143.0,2085.0,919.0,900.0,894.0
9195.0,2146.0,2154.0,2132.0,930.0,911.0,922.0
9154.0,2161.0,2143.0,2109.0,924.0,914.0,903.0
9253.0,2150.0,2172.0,2144.0,936.0,923.0,928.0
9246.0,2165.0,2169.0,2155.0,925.0,920.0,912.0
9236.0,2180.0,2168.0,2129.0,917.0,921.0,921.0
9258.0,2154.0,2174.0,2153.0,916.0,945.0,916.0
9303.0,2157.0,2193.0,2174.0,926.0,921.0,932.0
9281.0,2148.0,2170.0,2192.0,930.0,909.0,932.0
9208.0,2128.0,2137.0,2160.0,927.0,921.0,935.0
9219.0,2137.0,2159.0,2150.0,911.0,921.0,941.0
9166.0,2154.0,2118.0,2145.0,897.0,922.0,930.0
9140.0,2117.0,2135.0,2139.0,908.0,920.0,921.0
9161.0,2121.0,2125.0,2166.0,907.0,923.0,919.0
9053.0,2134.0,2055.0,2129.0,900.0,919.0,916.0
9065.0,2107.0,2104.0,2124.0,901.0,916.0,913.0
9064.0,2117.0,2086.0,2134.0,901.0,907.0,919.0
9012.0,2095.0,2097.0,2098.0,893.0,914.0,915.0
9061.0,2080.0,2137.0,2108.0,902.0,911.0,923.0
9064.0,2114.0,2120.0,2104.0,892.0,907.0,927.0
9028.0,2107.0,2109.0,2100.0,904.0,905.0,903.0
9034.0,2122.0,2082.0,2095.0,899.0,920.0,916.0
9097.0,2089.0,2155.0,2109.0,919.0,914.0,911.0
9109.0,2114.0,2130.0,2121.0,916.0,911.0,917.0
9099.0,2100.0,2153.0,2118.0,916.0,909.0,903.0
9086.0,2108.0,2141.0,2107.0,910.0,918.0,902.0
9164.0,2150.0,2136.0,2123.0,925.0,909.0,921.0
9159.0,2150.0,2117.0,2135.0,922.0,927.0,908.0
9262.0,2183.0,2157.0,2156.0,936.0,913.0,917.0
9242.0,2187.0,2134.0,2139.0,934.0,920.0,928.0
9310.0,2169.0,2174.0,2165.0,947.0,915.0,940.0
9343.0,2167.0,2184.0,2185.0,928.0,937.0,942.0
9283.0,2161.0,2139.0,2218.0,921.0,906.0,938.0
9288.0,2159.0,2137.0,2195.0,942.0,911.0,944.0
9277.0,2181.0,2144.0,2174.0,935.0,925.0,918.0
9281.0,2154.0,2153.0,2206.0,926.0,925.0,917.0
9354.0,2175.0,2166.0,2219.0,946.0,917.0,931.0
9227.0,2156.0,2152.0,2153.0,927.0,927.0,912.0
9174.0,2141.0,2128.0,2163.0,898.0,921.0,923.0
9131.0,2125.0,2158.0,2128.0,907.0,915.0,898.0
9095.0,2103.0,2121.0,2148.0,911.0,913.0,899.0
9157.0,2162.0,2124.0,2148.0,912.0,904.0,907.0
9154.0,2166.0,2136.0,2141.0,892.0,907.0,912.0
9077.0,2128.0,2102.0,2122.0,893.0,916.0,916.0
9073.0,2157.0,2123.0,2096.0,896.0,913.0,888.0
9079.0,2114.0,2122.0,2133.0,896.0,909.0,905.0
9051.0,2107.0,2115.0,2100.0,911.0,903.0,915.0
9102.0,2124.0,2120.0,2120.0,916.0,919.0,903.0
9064.0,2103.0,2124.0,2130.0,897.0,910.0,900.0
9046.0,2097.0,2104.0,2112.0,914.0,907.0,912.0
9055.0,2108.0,2101.0,2088.0,909.0,921.0,928.0
9153.0,2103.0,2106.0,2146.0,936.0,942.0,920.0
9269.0,2151.0,2158.0,2149.0,925.0,951.0,935.0
9263.0,2167.0,2125.0,2168.0,933.0,933.0,937.0
9361.0,2205.0,2183.0,2164.0,929.0,942.0,938.0
9317.0,2205.0,2165.0,2154.0,930.0,930.0,933.0
9388.0,2187.0,2193.0,2182.0,936.0,952.0,938.0
9459.0,2212.0,2206.0,2206.0,948.0,951.0,936.0
9387.0,2198.0,2176.0,2196.0,951.0,933.0,933.0
9483.0,2213.0,2220.0,2203.0,957.0,943.0,947.0
9389.0,2190.0,2190.0,2182.0,946.0,944.0,937.0
9398.0,2164.0,2178.0,2228.0,949.0,942.0,937.0
9362.0,2178.0,2176.0,2207.0,935.0,932.0,934.0
9273.0,2153.0,2177.0,2171.0,918.0,931.0,923.0
9273.0,2139.0,2175.0,2175.0,919.0,940.0,925.0
9241.0,2161.0,2165.0,2172.0,911.0,919.0,913.0
9217.0,2166.0,2138.0,2161.0,913.0,922.0,917.0
9143.0,2174.0,2115.0,2122.0,902.0,916.0,914.0
9135.0,2152.0,2113.0,2133.0,915.0,905.0,917.0
9100.0,2147.0,2113.0,2124.0,916.0,901.0,899.0
9049.0,2150.0,2093.0,2092.0,914.0,898.0,902.0
9016.0,2126.0,2105.0,2096.0,893.0,903.0,893.0
9085.0,2148.0,2118.0,2097.0,910.0,914.0,898.0
8959.0,2086.0,2068.0,2097.0,913.0,900.0,895.0
9055.0,2091.0,2136.0,2111.0,906.0,902.0,909.0
9163.0,2116.0,2139.0,2138.0,930.0,911.0,929.0
9207.0,2151.0,2185.0,2126.0,915.0,913.0,917.0
9188.0,2141.0,2179.0,2112.0,927.0,916.0,913.0
9296.0,2140.0,2150.0,2202.0,939.0,939.0,926.0
9355.0,2190.0,2186.0,2175.0,938.0,940.0,926.0
9269.0,2174.0,2148.0,2153.0,933.0,930.0,931.0
9460.0,2226.0,2215.0,2206.0,934.0,954.0,925.0
9416.0,2225.0,2171.0,2199.0,937.0,958.0,926.0
9481.0,2235.0,2184.0,2217.0,959.0,936.0,950.0
9505.0,2227.0,2205.0,2214.0,959.0,958.0,942.0
9445.0,2217.0,2173.0,2202.0,948.0,955.0,950.0
9411.0,2198.0,2171.0,2205.0,945.0,954.0,938.0
9394.0,2173.0,2159.0,2216.0,959.0,946.0,941.0
9391.0,2170.0,2197.0,2213.0,933.0,936.0,942.0
9357.0,2169.0,2209.0,2177.0,931.0,943.0,928.0
9335.0,2173.0,2174.0,2177.0,926.0,949.0,936.0
9291.0,2159.0,2160.0,2172.0,938.0,926.0,936.0
9301.0,2155.0,2170.0,2179.0,922.0,934.0,941.0
9271.0,2194.0,2163.0,2150.0,909.0,929.0,926.0
9170.0,2140.0,2167.0,2114.0,913.0,907.0,929.0
9249.0,2178.0,2163.0,2133.0,907.0,926.0,942.0
9229.0,2187.0,2165.0,2150.0,900.0,909.0,918.0
9091.0,2120.0,2154.0,2099.0,904.0,896.0,918.0
9209.0,2160.0,2138.0,2154.0,914.0,925.0,918.0
9065.0,2123.0,2113.0,2118.0,889.0,913.0,909.0
9150.0,2154.0,2125.0,2124.0,904.0,927.0,916.0
9161.0,2123.0,2142.0,2149.0,934.0,908.0,905.0
9246.0,2168.0,2164.0,2147.0,922.0,913.0,932.0
9248.0,2148.0,2142.0,2176.0,933.0,913.0,936.0
9265.0,2150.0,2165.0,2174.0,932.0,913.0,931.0
9369.0,2223.0,2151.0,2208.0,923.0,929.0,935.0
9432.0,2194.0,2171.0,2250.0,943.0,930.0,944.0
9422.0,2191.0,2183.0,2211.0,944.0,942.0,951.0
9507.0,2223.0,2227.0,2235.0,936.0,942.0,944.0
9469.0,2215.0,2206.0,2212.0,950.0,950.0,936.0
9581.0,2240.0,2231.0,2258.0,957.0,957.0,938.0
9495.0,2196.0,2224.0,2206.0,962.0,952.0,955.0
9481.0,2192.0,2223.0,2226.0,956.0,952.0,932.0
9500.0,2205.0,2250.0,2228.0,949.0,947.0,921.0
9461.0,2174.0,2237.0,2189.0,959.0,944.0,958.0
9368.0,2201.0,2171.0,2158.0,956.0,939.0,943.0
9414.0,2200.0,2219.0,2185.0,943.0,950.0,917.0
9395.0,2215.0,2185.0,2184.0,944.0,949.0,918.0
9320.0,2219.0,2151.0,2146.0,945.0,934.0,925.0
9271.0,2167.0,2155.0,2162.0,923.0,947.0,917.0
9242.0,2162.0,2139.0,2152.0,929.0,937.0,923.0
9180.0,2154.0,2134.0,2162.0,909.0,921.0,900.0
9207.0,2161.0,2147.0,2126.0,916.0,937.0,920.0
9136.0,2150.0,2115.0,2123.0,902.0,925.0,921.0
9214.0,2140.0,2136.0,2149.0,926.0,942.0,921.0
9195.0,2119.0,2147.0,2161.0,904.0,931.0,933.0
9231.0,2163.0,2144.0,2152.0,907.0,932.0,933.0
9182.0,2114.0,2147.0,2140.0,921.0,916.0,944.0
9335.0,2141.0,2191.0,2198.0,924.0,940.0,941.0
9395.0,2182.0,2201.0,2189.0,930.0,946.0,947.0
9400.0,2199.0,2220.0,2194.0,916.0,931.0,940.0
9476.0,2201.0,2213.0,2228.0,941.0,944.0,949.0
9555.0,2236.0,2242.0,2244.0,946.0,946.0,941.0
9537.0,2222.0,2255.0,2228.0,948.0,940.0,944.0
9587.0,2275.0,2226.0,2233.0,948.0,943.0,962.0
9528.0,2252.0,2218.0,2215.0,942.0,941.0,960.0
9543.0,2217.0,2249.0,2206.0,955.0,949.0,967.0
9545.0,2236.0,2227.0,2210.0,966.0,946.0,960.0
9545.0,2208.0,2236.0,2225.0,968.0,953.0,955.0
9502.0,2207.0,2213.0,2217.0,962.0,951.0,952.0
9443.0,2217.0,2198.0,2195.0,957.0,926.0,950.0
9417.0,2178.0,2192.0,2211.0,957.0,937.0,942.0
9459.0,2219.0,2183.0,2222.0,961.0,937.0,937.0
9348.0,2189.0,2190.0,2166.0,934.0,943.0,926.0
9385.0,2213.0,2176.0,2190.0,942.0,932.0,932.0
9352.0,2202.0,2166.0,2155.0,941.0,940.0,948.0
9324.0,2180.0,2203.0,2147.0,943.0,926.0,925.0
9284.0,2161.0,2174.0,2168.0,929.0,924.0,928.0
9282.0,2153.0,2188.0,2176.0,920.0,933.0,912.0
9256.0,2174.0,2158.0,2153.0,927.0,921.0,923.0
9249.0,2139.0,2175.0,2168.0,925.0,933.0,909.0
9292.0,2142.0,2170.0,2207.0,922.0,931.0,920.0
9257.0,2142.0,2161.0,2187.0,918.0,927.0,922.0
9284.0,2144.0,2182.0,2206.0,918.0,936.0,898.0
9384.0,2159.0,2199.0,2203.0,931.0,951.0,941.0
9388.0,2191.0,2185.0,2218.0,940.0,936.0,918.0
9500.0,2219.0,2214.0,2224.0,934.0,974.0,935.0
9470.0,2226.0,2198.0,2233.0,925.0,952.0,936.0
9508.0,2241.0,2191.0,2236.0,937.0,956.0,947.0
9588.0,2252.0,2219.0,2240.0,950.0,969.0,958.0
9512.0,2239.0,2203.0,2209.0,947.0,970.0,944.0
9555.0,2250.0,2199.0,2225.0,964.0,955.0,962.0
9561.0,2208.0,2236.0,2245.0,960.0,974.0,938.0
9555.0,2233.0,2212.0,2213.0,963.0,965.0,969.0
9541.0,2215.0,2230.0,2225.0,960.0,960.0,951.0
9502.0,2238.0,2216.0,2184.0,961.0,943.0,960.0
9516.0,2174.0,2248.0,2225.0,960.0,944.0,965.0
9499.0,2189.0,2216.0,2221.0,967.0,948.0,958.0
9528.0,2244.0,2242.0,2179.0,966.0,936.0,961.0
9488.0,2219.0,2223.0,2207.0,957.0,934.0,948.0
9445.0,2231.0,2189.0,2210.0,928.0,938.0,949.0
9327.0,2190.0,2174.0,2160.0,942.0,918.0,943.0
9383.0,2174.0,2178.0,2217.0,944.0,928.0,942.0
9370.0,2204.0,2185.0,2151.0,946.0,928.0,956.0
9368.0,2190.0,2176.0,2207.0,938.0,922.0,935.0
9332.0,2188.0,2202.0,2162.0,930.0,922.0,928.0
9384.0,2196.0,2196.0,2205.0,922.0,918.0,947.0
9333.0,2180.0,2153.0,2188.0,938.0,934.0,940.0
9268.0,2135.0,2164.0,2188.0,913.0,932.0,936.0
9328.0,2159.0,2148.0,2225.0,938.0,929.0,929.0
9345.0,2138.0,2170.0,2220.0,950.0,936.0,931.0
9400.0,2203.0,2174.0,2198.0,930.0,943.0,952.0
9497.0,2205.0,2220.0,2241.0,935.0,956.0,940.0
9472.0,2204.0,2224.0,2203.0,948.0,945.0,948.0
9607.0,2248.0,2259.0,2222.0,949.0,966.0,963.0
9601.0,2229.0,2255.0,2242.0,956.0,970.0,949.0
9614.0,2276.0,2241.0,2219.0,948.0,970.0,960.0
9705.0,2273.0,2264.0,2273.0,956.0,977.0,962.0
9636.0,2292.0,2233.0,2224.0,958.0,971.0,958.0
9605.0,2232.0,2263.0,2239.0,951.0,966.0,954.0
9629.0,2252.0,2252.0,2242.0,972.0,963.0,948.0
9547.0,2218.0,2218.0,2234.0,961.0,957.0,959.0
9534.0,2200.0,2240.0,2222.0,950.0,972.0,950.0
9577.0,2251.0,2228.0,2220.0,955.0,967.0,956.0
9511.0,2195.0,2239.0,2232.0,946.0,956.0,943.0
9485.0,2248.0,2188.0,2210.0,955.0,947.0,937.0
9474.0,2209.0,2199.0,2228.0,949.0,947.0,942.0
9455.0,2230.0,2189.0,2210.0,945.0,939.0,942.0
9464.0,2205.0,2217.0,2227.0,951.0,932.0,932.0
9410.0,2193.0,2208.0,2200.0,949.0,936.0,924.0
9383.0,2184.0,2203.0,2188.0,946.0,935.0,927.0
9378.0,2182.0,2201.0,2206.0,939.0,923.0,927.0
9381.0,2184.0,2188.0,2184.0,947.0,940.0,938.0
9370.0,2199.0,2190.0,2178.0,931.0,940.0,932.0
9340.0,2158.0,2181.0,2197.0,933.0,923.0,948.0
9426.0,2180.0,2202.0,2221.0,939.0,922.0,962.0
9444.0,2184.0,2218.0,2211.0,957.0,922.0,952.0
9485.0,2203.0,2224.0,2211.0,959.0,949.0,939.0
9494.0,2204.0,2224.0,2218.0,945.0,942.0,961.0
9602.0,2218.0,2266.0,2244.0,960.0,953.0,961.0
9627.0,2245.0,2249.0,2258.0,948.0,958.0,969.0
9578.0,2264.0,2205.0,2240.0,957.0,950.0,962.0
9707.0,2312.0,2228.0,2263.0,960.0,965.0,979.0
9715.0,2297.0,2255.0,2254.0,959.0,972.0,978.0
9658.0,2256.0,2247.0,2248.0,961.0,975.0,971.0
9666.0,2233.0,2253.0,2255.0,977.0,972.0,976.0
9641.0,2216.0,2232.0,2247.0,975.0,981.0,990.0
9666.0,2253.0,2248.0,2247.0,970.0,974.0,974.0
9701.0,2250.0,2298.0,2253.0,967.0,967.0,966.0
9625.0,2268.0,2248.0,2225.0,950.0,969.0,965.0
9619.0,2224.0,2240.0,2261.0,962.0,967.0,965.0
9591.0,2236.0,2239.0,2231.0,962.0,962.0,961.0
9559.0,2221.0,2231.0,2257.0,960.0,950.0,940.0
9610.0,2257.0,2259.0,2239.0,951.0,960.0,944.0
9516.0,2238.0,2209.0,2220.0,964.0,940.0,945.0
9501.0,2210.0,2235.0,2201.0,960.0,956.0,939.0
9467.0,2215.0,2212.0,2207.0,950.0,943.0,940.0
9420.0,2182.0,2185.0,2215.0,952.0,943.0,943.0
9391.0,2195.0,2173.0,2202.0,950.0,938.0,933.0
9386.0,2166.0,2181.0,2192.0,956.0,951.0,940.0
9410.0,2192.0,2203.0,2200.0,938.0,942.0,935.0
9442.0,2212.0,2172.0,2221.0,953.0,946.0,938.0
9555.0,2225.0,2261.0,2212.0,958.0,946.0,953.0
9520.0,2196.0,2228.0,2242.0,961.0,933.0,960.0
9561.0,2235.0,2236.0,2227.0,964.0,956.0,943.0
9545.0,2226.0,2255.0,2195.0,961.0,957.0,951.0
9681.0,2286.0,2256.0,2250.0,974.0,951.0,964.0
9716.0,2287.0,2284.0,2249.0,966.0,960.0,970.0
9727.0,2263.0,2278.0,2277.0,970.0,961.0,978.0
9712.0,2264.0,2308.0,2254.0,959.0,966.0,961.0
9753.0,2284.0,2253.0,2306.0,963.0,980.0,967.0
9750.0,2239.0,2294.0,2302.0,961.0,974.0,980.0
9667.0,2262.0,2265.0,2243.0,971.0,958.0,968.0
9711.0,2258.0,2268.0,2287.0,960.0,961.0,977.0
9698.0,2235.0,2290.0,2277.0,960.0,955.0,981.0
9615.0,2235.0,2270.0,2255.0,943.0,946.0,966.0
9610.0,2243.0,2236.0,2243.0,956.0,966.0,966.0
9618.0,2254.0,2224.0,2256.0,961.0,960.0,963.0
9538.0,2217.0,2203.0,2247.0,953.0,969.0,949.0
9572.0,2232.0,2211.0,2244.0,948.0,965.0,972.0
9544.0,2250.0,2195.0,2234.0,960.0,959.0,946.0
9431.0,2181.0,2170.0,2210.0,950.0,958.0,962.0
9489.0,2239.0,2189.0,2185.0,953.0,962.0,961.0
9536.0,2236.0,2211.0,2247.0,948.0,944.0,950.0
9518.0,2242.0,2211.0,2185.0,959.0,960.0,961.0
9461.0,2159.0,2224.0,2213.0,956.0,954.0,955.0
9506.0,2191.0,2223.0,2230.0,963.0,942.0,957.0
9505.0,2191.0,2244.0,2202.0,948.0,960.0,960.0
9558.0,2240.0,2223.0,2218.0,964.0,963.0,950.0
9598.0,2240.0,2236.0,2214.0,978.0,963.0,967.0
9677.0,2263.0,2249.0,2258.0,963.0,975.0,969.0
9712.0,2279.0,2291.0,2230.0,977.0,978.0,957.0
9724.0,2253.0,2292.0,2254.0,985.0,978.0,962.0
9745.0,2295.0,2278.0,2271.0,978.0,967.0,956.0
9771.0,2254.0,2284.0,2306.0,965.0,988.0,974.0
9823.0,2301.0,2278.0,2304.0,980.0,977.0,983.0
9770.0,2292.0,2319.0,2264.0,966.0,950.0,979.0
9749.0,2278.0,2264.0,2295.0,965.0,965.0,982.0
9820.0,2276.0,2298.0,2319.0,977.0,978.0,972.0
9781.0,2276.0,2266.0,2313.0,971.0,978.0,977.0
9676.0,2239.0,2261.0,2275.0,968.0,969.0,964.0
9684.0,2257.0,2242.0,2300.0,955.0,963.0,967.0
9680.0,2278.0,2252.0,2263.0,959.0,971.0,957.0
9649.0,2260.0,2267.0,2250.0,956.0,960.0,956.0
9596.0,2259.0,2234.0,2229.0,970.0,951.0,953.0
9604.0,2252.0,2244.0,2233.0,950.0,965.0,960.0
9531.0,2227.0,2247.0,2183.0,951.0,960.0,963.0
9539.0,2265.0,2230.0,2194.0,949.0,950.0,951.0
9610.0,2230.0,2257.0,2257.0,956.0,951.0,959.0
9551.0,2229.0,2252.0,2208.0,954.0,950.0,958.0
9525.0,2212.0,2229.0,2226.0,954.0,954.0,950.0
9501.0,2208.0,2240.0,2181.0,970.0,948.0,954.0
9491.0,2202.0,2240.0,2209.0,957.0,936.0,947.0
9536.0,2205.0,2225.0,2223.0,967.0,964.0,952.0
9553.0,2244.0,2204.0,2226.0,962.0,964.0,953.0
9699.0,2266.0,2266.0,2240.0,981.0,969.0,977.0
9661.0,2262.0,2221.0,2250.0,970.0,978.0,980.0
9679.0,2250.0,2264.0,2248.0,980.0,973.0,964.0
9818.0,2290.0,2302.0,2259.0,993.0,983.0,991.0
9856.0,2340.0,2285.0,2289.0,974.0,991.0,977.0
9878.0,2314.0,2318.0,2282.0,999.0,981.0,984.0
9839.0,2307.0,2293.0,2277.0,986.0,976.0,1000.0
9875.0,2287.0,2308.0,2326.0,976.0,988.0,990.0
9919.0,2302.0,2337.0,2318.0,980.0,986.0,996.0
9856.0,2279.0,2300.0,2314.0,984.0,978.0,1001.0
9860.0,2299.0,2292.0,2331.0,975.0,981.0,982.0
9900.0,2290.0,2306.0,2341.0,989.0,985.0,989.0
9795.0,2276.0,2302.0,2294.0,968.0,973.0,982.0
9765.0,2270.0,2290.0,2283.0,968.0,968.0,986.0
9730.0,2276.0,2260.0,2278.0,970.0,976.0,970.0
9698.0,2272.0,2271.0,2240.0,964.0,976.0,975.0
9686.0,2264.0,2245.0,2281.0,956.0,969.0,971.0
9603.0,2285.0,2206.0,2243.0,964.0,947.0,958.0
9593.0,2254.0,2215.0,2223.0,969.0,962.0,970.0
9512.0,2236.0,2221.0,2208.0,955.0,942.0,950.0
9480.0,2204.0,2222.0,2199.0,952.0,950.0,953.0
9532.0,2224.0,2239.0,2226.0,962.0,943.0,938.0
9480.0,2196.0,2208.0,2207.0,963.0,960.0,946.0
9539.0,2236.0,2212.0,2213.0,953.0,973.0,952.0
9587.0,2216.0,2256.0,2219.0,983.0,954.0,959.0
9602.0,2222.0,2234.0,2261.0,961.0,963.0,961.0
9656.0,2213.0,2271.0,2286.0,973.0,957.0,956.0
9723.0,2275.0,2280.0,2270.0,965.0,964.0,969.0
9773.0,2280.0,2312.0,2263.0,987.0,960.0,971.0
9846.0,2316.0,2315.0,2276.0,989.0,980.0,970.0
9902.0,2299.0,2327.0,2302.0,993.0,992.0,989.0
9919.0,2340.0,2301.0,2320.0,986.0,992.0,980.0
9879.0,2333.0,2284.0,2295.0,996.0,999.0,972.0
9946.0,2342.0,2315.0,2310.0,988.0,997.0,994.0
9956.0,2299.0,2313.0,2378.0,995.0,990.0,981.0
9945.0,2319.0,2334.0,2327.0,986.0,989.0,990.0
9824.0,2272.0,2284.0,2312.0,985.0,987.0,984.0
9784.0,2282.0,2254.0,2300.0,978.0,988.0,982.0
9806.0,2272.0,2268.0,2316.0,989.0,981.0,980.0
9804.0,2297.0,2283.0,2292.0,970.0,985.0,977.0
9761.0,2285.0,2259.0,2297.0,962.0,986.0,972.0
9773.0,2318.0,2253.0,2263.0,964.0,990.0,985.0
9688.0,2282.0,2254.0,2258.0,968.0,959.0,967.0
9677.0,2278.0,2276.0,2232.0,964.0,960.0,967.0
9630.0,2265.0,2237.0,2224.0,965.0,963.0,976.0
9628.0,2261.0,2237.0,2236.0,959.0,973.0,962.0
9635.0,2236.0,2272.0,2251.0,963.0,959.0,954.0
9631.0,2223.0,2298.0,2232.0,962.0,953.0,963.0
9644.0,2225.0,2258.0,2250.0,965.0,969.0,977.0
9667.0,2232.0,2290.0,2242.0,960.0,970.0,973.0
9625.0,2230.0,2247.0,2234.0,972.0,974.0,968.0
9694.0,2291.0,2257.0,2238.0,971.0,977.0,960.0
9703.0,2264.0,2242.0,2264.0,980.0,971.0,982.0
9837.0,2279.0,2283.0,2330.0,984.0,981.0,980.0
9878.0,2322.0,2264.0,2326.0,985.0,982.0,999.0
9972.0,2336.0,2297.0,2375.0,1003.0,983.0,978.0
9878.0,2311.0,2305.0,2308.0,992.0,981.0,981.0
9933.0,2345.0,2293.0,2338.0,993.0,988.0,976.0
10019.0,2349.0,2322.0,2357.0,1008.0,997.0,986.0
9917.0,2310.0,2291.0,2349.0,999.0,982.0,986.0
9986.0,2317.0,2351.0,2330.0,1001.0,999.0,988.0
9935.0,2325.0,2312.0,2325.0,993.0,981.0,999.0
9921.0,2317.0,2320.0,2306.0,1000.0,986.0,992.0
9912.0,2283.0,2318.0,2340.0,992.0,998.0,981.0
9934.0,2314.0,2325.0,2340.0,989.0,986.0,980.0
9812.0,2301.0,2301.0,2265.0,981.0,987.0,977.0
9777.0,2274.0,2321.0,2265.0,977.0,976.0,964.0
9755.0,2285.0,2298.0,2279.0,966.0,966.0,961.0
9841.0,2323.0,2337.0,2265.0,973.0,983.0,960.0
9750.0,2292.0,2280.0,2269.0,962.0,982.0,965.0
9646.0,2244.0,2266.0,2230.0,969.0,968.0,969.0
9655.0,2248.0,2271.0,2219.0,968.0,988.0,961.0
9635.0,2288.0,2230.0,2216.0,958.0,981.0,962.0
9673.0,2253.0,2228.0,2283.0,972.0,975.0,962.0
9646.0,2251.0,2236.0,2259.0,951.0,976.0,973.0
9621.0,2229.0,2205.0,2277.0,966.0,971.0,973.0
9787.0,2280.0,2264.0,2318.0,965.0,969.0,991.0
9775.0,2259.0,2249.0,2317.0,983.0,989.0,978.0
9847.0,2267.0,2309.0,2334.0,979.0,976.0,982.0
9840.0,2293.0,2272.0,2296.0,986.0,997.0,996.0
9986.0,2366.0,2312.0,2292.0,1001.0,1005.0,1010.0
9911.0,2330.0,2276.0,2318.0,998.0,988.0,1001.0
9951.0,2343.0,2289.0,2324.0,992.0,1000.0,1003.0
10021.0,2316.0,2356.0,2339.0,1002.0,992.0,1016.0
10017.0,2330.0,2358.0,2327.0,1004.0,998.0,1000.0
9975.0,2303.0,2331.0,2342.0,1005.0,981.0,1013.0
10039.0,2343.0,2352.0,2354.0,999.0,990.0,1001.0
9957.0,2309.0,2343.0,2295.0,1004.0,997.0,1009.0
9991.0,2305.0,2364.0,2323.0,1003.0,994.0,1002.0
9922.0,2308.0,2302.0,2332.0,1001.0,977.0,1002.0
9863.0,2306.0,2298.0,2307.0,984.0,978.0,990.0
9897.0,2339.0,2304.0,2289.0,991.0,986.0,988.0
9858.0,2301.0,2283.0,2303.0,999.0,977.0,995.0
9829.0,2320.0,2319.0,2284.0,964.0,970.0,972.0
9757.0,2289.0,2293.0,2269.0,967.0,970.0,969.0
9735.0,2277.0,2263.0,2269.0,985.0,966.0,975.0
9775.0,2280.0,2301.0,2268.0,974.0,976.0,976.0
9730.0,2284.0,2268.0,2281.0,970.0,974.0,953.0
9706.0,2275.0,2247.0,2286.0,964.0,975.0,959.0
9723.0,2284.0,2296.0,2266.0,945.0,977.0,955.0
9794.0,2275.0,2297.0,2303.0,963.0,988.0,968.0
9742.0,2252.0,2295.0,2268.0,966.0,983.0,978.0
9799.0,2274.0,2315.0,2282.0,983.0,982.0,963.0
9852.0,2296.0,2278.0,2334.0,964.0,1004.0,976.0
9870.0,2268.0,2299.0,2320.0,992.0,994.0,997.0
9934.0,2297.0,2315.0,2337.0,996.0,1005.0,984.0
9929.0,2302.0,2327.0,2331.0,1002.0,983.0,984.0
9985.0,2350.0,2325.0,2331.0,980.0,1005.0,994.0
10007.0,2349.0,2331.0,2309.0,1010.0,1011.0,997.0
10010.0,2337.0,2323.0,2350.0,1012.0,994.0,994.0
10051.0,2367.0,2308.0,2350.0,1015.0,1012.0,999.0
9996.0,2345.0,2323.0,2314.0,992.0,1015.0,1007.0
10045.0,2360.0,2322.0,2320.0,1015.0,1012.0,1016.0
9976.0,2328.0,2340.0,2315.0,1007.0,989.0,997.0
10010.0,2328.0,2351.0,2320.0,1000.0,1006.0,1005.0
9919.0,2291.0,2320.0,2305.0,1007.0,1005.0,991.0
9972.0,2324.0,2327.0,2305.0,1012.0,1006.0,998.0
9882.0,2308.0,2333.0,2259.0,999.0,988.0,995.0
9918.0,2282.0,2353.0,2309.0,992.0,988.0,994.0
9904.0,2280.0,2331.0,2323.0,988.0,989.0,993.0
9812.0,2294.0,2302.0,2263.0,979.0,986.0,988.0
9921.0,2324.0,2310.0,2333.0,971.0,986.0,997.0
9787.0,2267.0,2279.0,2301.0,977.0,976.0,987.0
9857.0,2318.0,2314.0,2306.0,962.0,976.0,981.0
9778.0,2282.0,2303.0,2270.0,980.0,963.0,980.0
9773.0,2282.0,2292.0,2284.0,968.0,973.0,974.0
9777.0,2287.0,2264.0,2306.0,968.0,968.0,984.0
9762.0,2260.0,2275.0,2286.0,975.0,982.0,984.0
9804.0,2276.0,2262.0,2319.0,994.0,979.0,974.0
9885.0,2286.0,2316.0,2320.0,984.0,983.0,996.0
9875.0,2294.0,2293.0,2328.0,976.0,991.0,993.0
9921.0,2334.0,2312.0,2307.0,983.0,989.0,996.0
9995.0,2339.0,2331.0,2343.0,985.0,1001.0,996.0
10048.0,2365.0,2326.0,2339.0,1005.0,1014.0,999.0
10093.0,2376.0,2357.0,2348.0,1002.0,1006.0,1004.0
10117.0,2374.0,2371.0,2342.0,1005.0,1021.0,1004.0
10152.0,2381.0,2362.0,2372.0,1016.0,1012.0,1009.0
10103.0,2344.0,2372.0,2365.0,1014.0,1011.0,997.0
10062.0,2333.0,2369.0,2314.0,1022.0,1018.0,1006.0
10168.0,2372.0,2390.0,2336.0,1026.0,1032.0,1012.0
10050.0,2331.0,2383.0,2303.0,1026.0,1008.0,999.0
10054.0,2341.0,2365.0,2336.0,1014.0,1011.0,987.0
10086.0,2348.0,2359.0,2344.0,1012.0,1028.0,995.0
10020.0,2331.0,2342.0,2347.0,1010.0,994.0,996.0
9991.0,2338.0,2321.0,2334.0,996.0,1006.0,996.0
9927.0,2304.0,2300.0,2316.0,1017.0,998.0,992.0
9870.0,2301.0,2308.0,2292.0,986.0,1001.0,982.0
9887.0,2300.0,2295.0,2339.0,992.0,981.0,980.0
9920.0,2306.0,2293.0,2343.0,988.0,1000.0,990.0
9836.0,2262.0,2303.0,2335.0,982.0,980.0,974.0
9818.0,2292.0,2277.0,2313.0,981.0,962.0,993.0
9787.0,2258.0,2263.0,2334.0,975.0,979.0,978.0
9861.0,2303.0,2303.0,2300.0,988.0,981.0,986.0
9859.0,2291.0,2321.0,2288.0,985.0,979.0,995.0
9907.0,2297.0,2323.0,2310.0,984.0,993.0,1000.0
9910.0,2269.0,2351.0,2312.0,990.0,986.0,1002.0
9922.0,2308.0,2336.0,2311.0,983.0,989.0,995.0
10009.0,2359.0,2360.0,2324.0,984.0,976.0,1006.0
10001.0,2334.0,2348.0,2316.0,992.0,992.0,1019.0
10086.0,2379.0,2355.0,2336.0,998.0,1001.0,1017.0
10050.0,2356.0,2348.0,2326.0,1001.0,1001.0,1018.0
10124.0,2377.0,2385.0,2323.0,1011.0,999.0,1029.0
10182.0,2424.0,2385.0,2335.0,1007.0,1002.0,1029.0
10167.0,2384.0,2344.0,2390.0,1013.0,1013.0,1023.0
10112.0,2389.0,2308.0,2353.0,1022.0,1027.0,1013.0
10129.0,2356.0,2324.0,2378.0,1027.0,1015.0,1029.0
10049.0,2318.0,2352.0,2318.0,1021.0,1015.0,1025.0
10095.0,2318.0,2360.0,2381.0,1021.0,1018.0,997.0
10124.0,2353.0,2337.0,2380.0,1025.0,1011.0,1018.0
10058.0,2342.0,2333.0,2366.0,995.0,1010.0,1012.0
10059.0,2365.0,2346.0,2340.0,1012.0,1002.0,994.0
10047.0,2331.0,2355.0,2348.0,1009.0,999.0,1005.0
9994.0,2343.0,2331.0,2324.0,1000.0,1007.0,989.0
9929.0,2318.0,2319.0,2328.0,994.0,996.0,974.0
9995.0,2342.0,2338.0,2314.0,1005.0,1000.0,996.0
9882.0,2281.0,2333.0,2323.0,984.0,982.0,979.0
9921.0,2314.0,2328.0,2334.0,972.0,997.0,976.0
9895.0,2288.0,2298.0,2331.0,987.0,1007.0,984.0
9958.0,2297.0,2335.0,2334.0,990.0,1004.0,998.0
9875.0,2314.0,2309.0,2316.0,968.0,989.0,979.0
9922.0,2307.0,2295.0,2339.0,987.0,1002.0,992.0
9949.0,2323.0,2317.0,2328.0,986.0,1002.0,993.0
9955.0,2313.0,2304.0,2337.0,994.0,1008.0,999.0
9951.0,2295.0,2335.0,2322.0,1009.0,997.0,993.0
10042.0,2341.0,2352.0,2331.0,1007.0,998.0,1013.0
10060.0,2379.0,2338.0,2326.0,992.0,1011.0,1014.0
10135.0,2366.0,2405.0,2351.0,986.0,1019.0,1008.0
10126.0,2397.0,2365.0,2340.0,998.0,1014.0,1012.0
10127.0,2358.0,2393.0,2361.0,1005.0,1000.0,1010.0
10226.0,2384.0,2379.0,2419.0,1016.0,1023.0,1005.0
10260.0,2400.0,2401.0,2401.0,1018.0,1024.0,1016.0
10187.0,2377.0,2381.0,2366.0,1017.0,1022.0,1024.0
10145.0,2342.0,2398.0,2367.0,1007.0,1001.0,1030.0
10199.0,2366.0,2418.0,2372.0,1018.0,1004.0,1021.0
10130.0,2347.0,2356.0,2388.0,1028.0,997.0,1014.0
10073.0,2338.0,2343.0,2361.0,1010.0,1009.0,1012.0
10139.0,2366.0,2337.0,2391.0,1021.0,1001.0,1023.0
10083.0,2357.0,2343.0,2364.0,1007.0,1001.0,1011.0
10013.0,2316.0,2344.0,2350.0,1001.0,1004.0,998.0
9995.0,2334.0,2320.0,2328.0,1004.0,1000.0,1009.0
10009.0,2362.0,2319.0,2328.0,1013.0,997.0,990.0
9956.0,2328.0,2297.0,2319.0,1008.0,1007.0,997.0
9976.0,2362.0,2291.0,2319.0,998.0,1002.0,1004.0
9941.0,2328.0,2307.0,2297.0,1003.0,1008.0,998.0
9938.0,2328.0,2291.0,2322.0,998.0,1000.0,999.0
9934.0,2281.0,2315.0,2329.0,997.0,1008.0,1004.0
9994.0,2308.0,2331.0,2327.0,1010.0,1006.0,1012.0
9974.0,2350.0,2321.0,2306.0,987.0,1015.0,995.0
10143.0,2366.0,2381.0,2362.0,1003.0,1023.0,1008.0
10119.0,2362.0,2383.0,2337.0,1007.0,1023.0,1007.0
10096.0,2362.0,2354.0,2328.0,1012.0,1026.0,1014.0
10163.0,2372.0,2405.0,2338.0,1006.0,1019.0,1023.0
10210.0,2394.0,2390.0,2367.0,1019.0,1029.0,1011.0
10264.0,2402.0,2391.0,2388.0,1017.0,1040.0,1026.0
10237.0,2389.0,2402.0,2405.0,1004.0,1020.0,1017.0
10220.0,2379.0,2386.0,2391.0,1010.0,1032.0,1022.0
10296.0,2400.0,2413.0,2411.0,1007.0,1028.0,1037.0
10279.0,2404.0,2367.0,2424.0,1026.0,1034.0,1024.0
10212.0,2381.0,2351.0,2416.0,1016.0,1026.0,1022.0
10182.0,2369.0,2352.0,2412.0,1014.0,1021.0,1014.0
10167.0,2389.0,2364.0,2368.0,1014.0,1020.0,1012.0
10038.0,2340.0,2314.0,2362.0,1010.0,1010.0,1002.0
10054.0,2359.0,2329.0,2356.0,1008.0,1005.0,997.0
10078.0,2357.0,2326.0,2361.0,1014.0,1010.0,1010.0
10025.0,2353.0,2306.0,2363.0,1001.0,1005.0,997.0
10024.0,2342.0,2340.0,2341.0,1010.0,992.0,999.0
10064.0,2374.0,2341.0,2342.0,1011.0,1012.0,984.0
10046.0,2352.0,2349.0,2331.0,1019.0,996.0,999.0
9959.0,2329.0,2343.0,2303.0,1000.0,980.0,1004.0
10033.0,2354.0,2329.0,2347.0,1021.0,985.0,997.0
10002.0,2294.0,2332.0,2356.0,1028.0,993.0,999.0
10043.0,2316.0,2365.0,2339.0,1013.0,998.0,1012.0
10038.0,2312.0,2336.0,2348.0,1006.0,1016.0,1020.0
10066.0,2365.0,2364.0,2313.0,1008.0,1005.0,1011.0
10095.0,2349.0,2360.0,2332.0,1013.0,1029.0,1012.0
10166.0,2376.0,2350.0,2375.0,1019.0,1020.0,1026.0
10207.0,2379.0,2364.0,2393.0,1010.0,1039.0,1022.0
10232.0,2421.0,2355.0,2397.0,1020.0,1025.0,1014.0
10318.0,2420.0,2393.0,2422.0,1016.0,1036.0,1031.0
10229.0,2422.0,2351.0,2398.0,1012.0,1014.0,1032.0
10348.0,2421.0,2389.0,2446.0,1019.0,1030.0,1043.0
10319.0,2429.0,2385.0,2413.0,1032.0,1035.0,1025.0
10340.0,2411.0,2410.0,2405.0,1030.0,1042.0,1042.0
10344.0,2402.0,2396.0,2436.0,1025.0,1042.0,1043.0
10262.0,2360.0,2402.0,2421.0,1012.0,1038.0,1029.0
10285.0,2400.0,2417.0,2401.0,1007.0,1042.0,1018.0
10246.0,2395.0,2392.0,2386.0,1023.0,1029.0,1021.0
10277.0,2383.0,2420.0,2407.0,1029.0,1022.0,1016.0
10198.0,2368.0,2384.0,2370.0,1012.0,1034.0,1030.0
10197.0,2380.0,2382.0,2382.0,1021.0,1016.0,1016.0
10104.0,2354.0,2363.0,2354.0,1015.0,1013.0,1005.0
10036.0,2363.0,2320.0,2329.0,1004.0,1001.0,1019.0
10100.0,2401.0,2338.0,2342.0,1009.0,1001.0,1009.0
9976.0,2354.0,2303.0,2330.0,1001.0,992.0,996.0
9992.0,2334.0,2337.0,2315.0,1008.0,1002.0,996.0
9959.0,2345.0,2282.0,2339.0,1018.0,985.0,990.0
9964.0,2333.0,2310.0,2322.0,1011.0,988.0,1000.0
10033.0,2315.0,2340.0,2351.0,1019.0,999.0,1009.0
10112.0,2348.0,2373.0,2350.0,1024.0,1013.0,1004.0
10056.0,2339.0,2367.0,2334.0,1012.0,1001.0,1003.0
10167.0,2365.0,2365.0,2392.0,1028.0,1007.0,1010.0
10204.0,2401.0,2374.0,2381.0,1016.0,1019.0,1013.0
10320.0,2405.0,2409.0,2406.0,1052.0,1009.0,1039.0
10385.0,2439.0,2418.0,2440.0,1034.0,1033.0,1021.0
10338.0,2434.0,2395.0,2414.0,1031.0,1031.0,1033.0
10344.0,2413.0,2455.0,2406.0,1033.0,1019.0,1018.0
10350.0,2412.0,2446.0,2427.0,1019.0,1028.0,1018.0
10387.0,2422.0,2440.0,2423.0,1048.0,1036.0,1018.0
10352.0,2394.0,2426.0,2427.0,1019.0,1056.0,1030.0
10362.0,2412.0,2412.0,2455.0,1026.0,1032.0,1025.0
10411.0,2425.0,2426.0,2446.0,1033.0,1041.0,1040.0
10301.0,2388.0,2397.0,2428.0,1010.0,1031.0,1047.0
10230.0,2385.0,2390.0,2363.0,1027.0,1027.0,1038.0
10270.0,2421.0,2391.0,2384.0,1019.0,1029.0,1026.0
10294.0,2404.0,2382.0,2418.0,1022.0,1029.0,1039.0
10216.0,2398.0,2370.0,2375.0,1017.0,1018.0,1038.0
10223.0,2402.0,2361.0,2384.0,1025.0,1024.0,1027.0
10183.0,2390.0,2339.0,2379.0,1026.0,1030.0,1019.0
10100.0,2404.0,2315.0,2327.0,1013.0,1024.0,1017.0
10179.0,2383.0,2398.0,2345.0,1010.0,1019.0,1024.0
10116.0,2318.0,2361.0,2365.0,1018.0,1038.0,1016.0
10134.0,2365.0,2344.0,2359.0,1019.0,1023.0,1024.0
10173.0,2351.0,2383.0,2379.0,1014.0,1021.0,1025.0
10071.0,2319.0,2372.0,2333.0,1019.0,1017.0,1011.0
10165.0,2372.0,2396.0,2372.0,1008.0,1007.0,1010.0
10223.0,2361.0,2397.0,2396.0,1031.0,1019.0,1019.0
10224.0,2367.0,2377.0,2430.0,1029.0,998.0,1023.0
10226.0,2356.0,2381.0,2397.0,1020.0,1034.0,1038.0
10280.0,2410.0,2380.0,2411.0,1029.0,1033.0,1017.0
10316.0,2423.0,2415.0,2403.0,1022.0,1020.0,1033.0
10341.0,2444.0,2383.0,2413.0,1026.0,1041.0,1034.0
10395.0,2444.0,2407.0,2442.0,1043.0,1031.0,1028.0
10449.0,2443.0,2427.0,2474.0,1036.0,1028.0,1041.0
10371.0,2421.0,2412.0,2429.0,1041.0,1036.0,1032.0
10412.0,2422.0,2412.0,2484.0,1034.0,1033.0,1027.0
10392.0,2427.0,2428.0,2438.0,1033.0,1026.0,1040.0
10377.0,2378.0,2421.0,2456.0,1036.0,1044.0,1042.0
10318.0,2395.0,2391.0,2411.0,1025.0,1051.0,1045.0
10302.0,2398.0,2430.0,2393.0,1034.0,1016.0,1031.0
10245.0,2397.0,2397.0,2376.0,1019.0,1030.0,1026.0
10369.0,2413.0,2437.0,2419.0,1029.0,1039.0,1032.0
10276.0,2433.0,2420.0,2362.0,1018.0,1023.0,1020.0
10173.0,2392.0,2392.0,2356.0,1006.0,1020.0,1007.0
10206.0,2389.0,2407.0,2378.0,1006.0,1020.0,1006.0
10126.0,2381.0,2361.0,2336.0,1021.0,1007.0,1020.0
10149.0,2340.0,2401.0,2368.0,1017.0,1007.0,1016.0
10155.0,2395.0,2339.0,2391.0,994.0,1034.0,1002.0
10140.0,2370.0,2366.0,2373.0,1000.0,1016.0,1015.0
10180.0,2370.0,2360.0,2378.0,1016.0,1034.0,1022.0
10114.0,2362.0,2331.0,2365.0,1029.0,1012.0,1015.0
10256.0,2376.0,2392.0,2410.0,1010.0,1032.0,1036.0
10225.0,2371.0,2377.0,2395.0,1016.0,1029.0,1037.0
10280.0,2399.0,2352.0,2424.0,1030.0,1033.0,1042.0
10363.0,2392.0,2389.0,2456.0,1029.0,1037.0,1060.0
10423.0,2443.0,2413.0,2443.0,1037.0,1041.0,1046.0
10432.0,2417.0,2433.0,2450.0,1047.0,1045.0,1040.0
10484.0,2457.0,2445.0,2445.0,1047.0,1042.0,1048.0
10477.0,2457.0,2418.0,2463.0,1050.0,1041.0,1048.0
10521.0,2468.0,2453.0,2442.0,1048.0,1046.0,1064.0
10473.0,2439.0,2488.0,2414.0,1036.0,1046.0,1050.0
10502.0,2426.0,2471.0,2456.0,1062.0,1035.0,1052.0
10444.0,2418.0,2452.0,2452.0,1046.0,1034.0,1042.0
10410.0,2415.0,2455.0,2436.0,1029.0,1037.0,1038.0
10394.0,2414.0,2428.0,2414.0,1037.0,1041.0,1060.0
10398.0,2396.0,2424.0,2431.0,1043.0,1045.0,1059.0
10304.0,2405.0,2414.0,2375.0,1035.0,1048.0,1027.0
10225.0,2377.0,2393.0,2388.0,1021.0,1027.0,1019.0
10305.0,2406.0,2410.0,2426.0,1019.0,1016.0,1028.0
10224.0,2409.0,2369.0,2405.0,1016.0,1006.0,1019.0
10289.0,2444.0,2391.0,2389.0,1014.0,1019.0,1032.0
10236.0,2428.0,2379.0,2379.0,1018.0,1019.0,1013.0
10254.0,2418.0,2392.0,2398.0,1024.0,1005.0,1017.0
10182.0,2395.0,2345.0,2410.0,1014.0,1011.0,1007.0
10190.0,2377.0,2380.0,2409.0,1001.0,1012.0,1011.0
10160.0,2340.0,2397.0,2353.0,1031.0,1021.0,1018.0
10250.0,2365.0,2414.0,2421.0,1025.0,1017.0,1008.0
10246.0,2366.0,2402.0,2404.0,1031.0,1035.0,1008.0
10279.0,2370.0,2386.0,2436.0,1029.0,1024.0,1034.0
10377.0,2414.0,2451.0,2433.0,1027.0,1035.0,1017.0
10376.0,2411.0,2434.0,2441.0,1040.0,1038.0,1012.0
10436.0,2418.0,2444.0,2433.0,1052.0,1054.0,1035.0
10446.0,2421.0,2463.0,2429.0,1047.0,1046.0,1040.0
10561.0,2487.0,2434.0,2457.0,1067.0,1063.0,1053.0
10586.0,2482.0,2476.0,2468.0,1044.0,1062.0,1054.0
10481.0,2463.0,2425.0,2430.0,1056.0,1057.0,1050.0
10560.0,2471.0,2464.0,2442.0,1064.0,1064.0,1055.0
10502.0,2449.0,2430.0,2469.0,1048.0,1062.0,1044.0
10480.0,2454.0,2431.0,2434.0,1042.0,1067.0,1052.0
10409.0,2439.0,2412.0,2415.0,1042.0,1051.0,1050.0
10422.0,2419.0,2425.0,2418.0,1053.0,1049.0,1058.0
10427.0,2414.0,2448.0,2429.0,1042.0,1049.0,1045.0
10362.0,2397.0,2408.0,2443.0,1038.0,1037.0,1039.0
10388.0,2419.0,2433.0,2391.0,1057.0,1040.0,1048.0
10413.0,2444.0,2423.0,2453.0,1031.0,1025.0,1037.0
10291.0,2391.0,2398.0,2403.0,1032.0,1034.0,1033.0
10315.0,2429.0,2401.0,2401.0,1017.0,1021.0,1046.0
10322.0,2421.0,2416.0,2389.0,1014.0,1034.0,1048.0
10257.0,2394.0,2392.0,2403.0,1025.0,1019.0,1024.0
10236.0,2364.0,2378.0,2408.0,1033.0,1018.0,1035.0
10285.0,2376.0,2428.0,2421.0,1014.0,1019.0,1027.0
10196.0,2371.0,2361.0,2404.0,1007.0,1009.0,1044.0
10279.0,2393.0,2394.0,2407.0,1032.0,1015.0,1038.0
10279.0,2395.0,2379.0,2426.0,1033.0,1019.0,1027.0
10317.0,2394.0,2400.0,2424.0,1036.0,1030.0,1033.0
10338.0,2421.0,2432.0,2387.0,1026.0,1032.0,1040.0
10374.0,2416.0,2414.0,2415.0,1047.0,1041.0,1041.0
10432.0,2447.0,2425.0,2438.0,1044.0,1036.0,1042.0
10510.0,2480.0,2444.0,2435.0,1073.0,1039.0,1039.0
10469.0,2464.0,2441.0,2413.0,1052.0,1048.0,1051.0
10623.0,2474.0,2479.0,2480.0,1071.0,1062.0,1057.0
10563.0,2452.0,2477.0,2467.0,1068.0,1060.0,1039.0
10577.0,2464.0,2482.0,2462.0,1057.0,1062.0,1050.0
10529.0,2471.0,2453.0,2438.0,1058.0,1061.0,1048.0
10593.0,2446.0,2498.0,2469.0,1076.0,1063.0,1041.0
10523.0,2470.0,2463.0,2442.0,1050.0,1049.0,1049.0
10549.0,2453.0,2465.0,2454.0,1055.0,1066.0,1056.0
10491.0,2439.0,2459.0,2441.0,1050.0,1055.0,1047.0
10559.0,2457.0,2480.0,2464.0,1057.0,1060.0,1041.0
10477.0,2455.0,2449.0,2445.0,1047.0,1057.0,1024.0
10439.0,2459.0,2440.0,2435.0,1019.0,1051.0,1035.0
10389.0,2418.0,2419.0,2434.0,1041.0,1043.0,1034.0
10362.0,2417.0,2421.0,2420.0,1030.0,1043.0,1031.0
10323.0,2428.0,2394.0,2421.0,1005.0,1041.0,1034.0
10296.0,2400.0,2398.0,2426.0,1009.0,1040.0,1023.0
10328.0,2443.0,2396.0,2412.0,1031.0,1029.0,1017.0
10255.0,2365.0,2397.0,2406.0,1033.0,1022.0,1032.0
10355.0,2402.0,2407.0,2437.0,1037.0,1037.0,1035.0
10291.0,2370.0,2416.0,2423.0,1029.0,1014.0,1039.0
10368.0,2378.0,2430.0,2427.0,1042.0,1041.0,1050.0
10366.0,2434.0,2429.0,2396.0,1029.0,1024.0,1054.0
10393.0,2423.0,2419.0,2431.0,1040.0,1028.0,1052.0
10470.0,2443.0,2451.0,2446.0,1032.0,1049.0,1049.0
10496.0,2467.0,2470.0,2403.0,1043.0,1049.0,1064.0
10590.0,2466.0,2483.0,2479.0,1059.0,1043.0,1060.0
10642.0,2495.0,2483.0,2472.0,1072.0,1054.0,1066.0
10635.0,2501.0,2496.0,2450.0,1069.0,1059.0,1060.0
10646.0,2488.0,2473.0,2492.0,1069.0,1059.0,1065.0
10613.0,2476.0,2474.0,2467.0,1062.0,1067.0,1067.0
10582.0,2476.0,2479.0,2445.0,1067.0,1055.0,1060.0
10599.0,2482.0,2474.0,2460.0,1065.0,1047.0,1071.0
10596.0,2454.0,2463.0,2477.0,1080.0,1065.0,1057.0
10538.0,2449.0,2460.0,2478.0,1053.0,1043.0,1055.0
10491.0,2423.0,2432.0,2451.0,1058.0,1068.0,1059.0
10483.0,2462.0,2423.0,2441.0,1060.0,1047.0,1050.0
10442.0,2435.0,2411.0,2442.0,1054.0,1057.0,1043.0
10569.0,2464.0,2468.0,2495.0,1044.0,1052.0,1046.0
10504.0,2456.0,2450.0,2473.0,1042.0,1045.0,1038.0
10443.0,2468.0,2422.0,2443.0,1035.0,1047.0,1028.0
10438.0,2446.0,2438.0,2436.0,1029.0,1060.0,1029.0
10363.0,2412.0,2441.0,2420.0,1031.0,1037.0,1022.0
10408.0,2459.0,2408.0,2443.0,1015.0,1041.0,1042.0
10363.0,2435.0,2438.0,2403.0,1032.0,1038.0,1017.0
10408.0,2405.0,2451.0,2443.0,1034.0,1035.0,1040.0
10349.0,2393.0,2415.0,2433.0,1022.0,1047.0,1039.0
10359.0,2388.0,2453.0,2415.0,1026.0,1044.0,1033.0
10419.0,2450.0,2440.0,2425.0,1029.0,1045.0,1030.0
10447.0,2435.0,2438.0,2439.0,1037.0,1059.0,1039.0
10419.0,2458.0,2412.0,2436.0,1031.0,1036.0,1046.0
10633.0,2488.0,2478.0,2484.0,1052.0,1060.0,1071.0
10564.0,2492.0,2441.0,2459.0,1054.0,1062.0,1056.0
10624.0,2507.0,2438.0,2523.0,1060.0,1052.0,1044.0
10567.0,2497.0,2451.0,2436.0,1060.0,1061.0,1062.0
10628.0,2514.0,2486.0,2446.0,1058.0,1056.0,1068.0
10624.0,2514.0,2437.0,2486.0,1070.0,1053.0,1064.0
10685.0,2486.0,2511.0,2485.0,1076.0,1058.0,1069.0
10636.0,2483.0,2446.0,2492.0,1067.0,1073.0,1075.0
10647.0,2465.0,2493.0,2491.0,1077.0,1072.0,1049.0
10615.0,2468.0,2484.0,2480.0,1062.0,1058.0,1063.0
10714.0,2489.0,2526.0,2498.0,1078.0,1059.0,1064.0
10686.0,2464.0,2501.0,2522.0,1071.0,1051.0,1077.0
10585.0,2452.0,2476.0,2508.0,1041.0,1048.0,1060.0
10560.0,2455.0,2471.0,2468.0,1053.0,1053.0,1060.0
10494.0,2440.0,2443.0,2450.0,1060.0,1045.0,1056.0
10515.0,2451.0,2462.0,2452.0,1038.0,1046.0,1066.0
10448.0,2472.0,2431.0,2396.0,1046.0,1042.0,1061.0
10480.0,2471.0,2432.0,2449.0,1046.0,1035.0,1047.0
10370.0,2400.0,2415.0,2426.0,1039.0,1049.0,1041.0
10372.0,2435.0,2424.0,2387.0,1040.0,1039.0,1047.0
10403.0,2425.0,2418.0,2441.0,1036.0,1027.0,1056.0
10340.0,2389.0,2420.0,2413.0,1040.0,1045.0,1033.0
10452.0,2429.0,2458.0,2415.0,1037.0,1056.0,1057.0
10475.0,2442.0,2440.0,2451.0,1040.0,1051.0,1051.0
10554.0,2459.0,2480.0,2445.0,1046.0,1071.0,1053.0
10538.0,2444.0,2459.0,2457.0,1046.0,1074.0,1058.0
10611.0,2475.0,2475.0,2477.0,1045.0,1079.0,1060.0
10655.0,2507.0,2506.0,2457.0,1064.0,1058.0,1063.0
10674.0,2480.0,2496.0,2464.0,1069.0,1090.0,1075.0
10746.0,2538.0,2507.0,2486.0,1071.0,1079.0,1065.0
10720.0,2519.0,2470.0,2525.0,1069.0,1066.0,1071.0
10733.0,2498.0,2505.0,2499.0,1075.0,1079.0,1077.0
10797.0,2524.0,2503.0,2529.0,1081.0,1091.0,1069.0
10781.0,2511.0,2543.0,2515.0,1070.0,1081.0,1061.0
10705.0,2474.0,2499.0,2511.0,1081.0,1078.0,1062.0
10652.0,2458.0,2483.0,2504.0,1081.0,1066.0,1060.0
10647.0,2486.0,2475.0,2485.0,1085.0,1049.0,1067.0
10686.0,2524.0,2448.0,2499.0,1075.0,1072.0,1068.0
10581.0,2480.0,2462.0,2473.0,1069.0,1052.0,1045.0
10556.0,2467.0,2456.0,2479.0,1052.0,1043.0,1059.0
10546.0,2450.0,2456.0,2494.0,1048.0,1040.0,1058.0
10530.0,2481.0,2425.0,2489.0,1058.0,1047.0,1030.0
10464.0,2439.0,2448.0,2449.0,1046.0,1036.0,1046.0
10467.0,2463.0,2433.0,2443.0,1037.0,1038.0,1053.0
10493.0,2454.0,2462.0,2451.0,1039.0,1035.0,1052.0
10464.0,2443.0,2460.0,2411.0,1056.0,1042.0,1052.0
10382.0,2426.0,2435.0,2415.0,1038.0,1036.0,1032.0
10489.0,2465.0,2476.0,2409.0,1043.0,1051.0,1045.0
10467.0,2439.0,2444.0,2427.0,1055.0,1040.0,1062.0
10529.0,2481.0,2477.0,2420.0,1053.0,1046.0,1052.0
10563.0,2472.0,2493.0,2436.0,1056.0,1050.0,1056.0
10622.0,2504.0,2484.0,2458.0,1051.0,1056.0,1069.0
10675.0,2489.0,2469.0,2496.0,1063.0,1076.0,1082.0
10648.0,2517.0,2477.0,2463.0,1053.0,1066.0,1072.0
10721.0,2523.0,2482.0,2485.0,1075.0,1079.0,1077.0
10759.0,2521.0,2507.0,2498.0,1069.0,1082.0,1082.0
10782.0,2505.0,2507.0,2527.0,1066.0,1088.0,1089.0
10801.0,2520.0,2474.0,2540.0,1085.0,1086.0,1096.0
10844.0,2551.0,2515.0,2539.0,1071.0,1078.0,1090.0
10861.0,2536.0,2518.0,2555.0,1079.0,1090.0,1083.0
10798.0,2492.0,2509.0,2548.0,1070.0,1092.0,1087.0
10672.0,2521.0,2467.0,2449.0,1070.0,1087.0,1078.0
10729.0,2488.0,2521.0,2502.0,1068.0,1072.0,1078.0
10681.0,2469.0,2510.0,2477.0,1072.0,1087.0,1066.0
10648.0,2480.0,2512.0,2471.0,1067.0,1068.0,1050.0
10613.0,2492.0,2451.0,2475.0,1071.0,1060.0,1064.0
10640.0,2496.0,2473.0,2480.0,1063.0,1060.0,1068.0
10566.0,2484.0,2480.0,2442.0,1057.0,1060.0,1043.0
10528.0,2472.0,2451.0,2431.0,1053.0,1053.0,1068.0
10637.0,2480.0,2508.0,2470.0,1069.0,1055.0,1055.0
10479.0,2461.0,2430.0,2457.0,1044.0,1052.0,1035.0
10457.0,2430.0,2457.0,2405.0,1066.0,1062.0,1037.0
10476.0,2441.0,2467.0,2434.0,1046.0,1045.0,1043.0
10510.0,2443.0,2476.0,2442.0,1065.0,1041.0,1043.0
10501.0,2440.0,2461.0,2453.0,1041.0,1054.0,1052.0
10583.0,2468.0,2467.0,2495.0,1063.0,1045.0,1045.0
10538.0,2474.0,2453.0,2467.0,1060.0,1035.0,1049.0
10644.0,2481.0,2475.0,2489.0,1069.0,1070.0,1060.0
10656.0,2530.0,2452.0,2505.0,1066.0,1047.0,1056.0
10745.0,2517.0,2489.0,2519.0,1075.0,1066.0,1079.0
10787.0,2534.0,2511.0,2534.0,1062.0,1073.0,1073.0
10798.0,2534.0,2527.0,2514.0,1083.0,1071.0,1069.0
10832.0,2522.0,2555.0,2546.0,1063.0,1073.0,1073.0
10886.0,2540.0,2553.0,2546.0,1095.0,1086.0,1066.0
10861.0,2531.0,2530.0,2562.0,1072.0,1072.0,1094.0
10846.0,2526.0,2559.0,2526.0,1076.0,1081.0,1078.0
10836.0,2540.0,2542.0,2527.0,1070.0,1077.0,1080.0
10747.0,2499.0,2489.0,2506.0,1074.0,1088.0,1091.0
10683.0,2490.0,2473.0,2501.0,1064.0,1077.0,1078.0
10699.0,2445.0,2493.0,2510.0,1078.0,1088.0,1085.0
10723.0,2506.0,2506.0,2493.0,1074.0,1076.0,1068.0
10694.0,2486.0,2479.0,2497.0,1073.0,1086.0,1073.0
10621.0,2480.0,2472.0,2450.0,1076.0,1077.0,1066.0
10550.0,2479.0,2437.0,2445.0,1067.0,1061.0,1061.0
10561.0,2495.0,2453.0,2429.0,1070.0,1059.0,1055.0
10520.0,2472.0,2437.0,2425.0,1066.0,1061.0,1059.0
10568.0,2463.0,2459.0,2455.0,1058.0,1079.0,1054.0
10557.0,2456.0,2472.0,2439.0,1076.0,1066.0,1048.0
10552.0,2454.0,2442.0,2456.0,1074.0,1058.0,1068.0
10538.0,2451.0,2450.0,2443.0,1073.0,1057.0,1064.0
10591.0,2448.0,2453.0,2503.0,1057.0,1066.0,1064.0
10638.0,2452.0,2504.0,2468.0,1069.0,1081.0,1064.0
10724.0,2501.0,2527.0,2495.0,1065.0,1066.0,1070.0
10767.0,2512.0,2522.0,2522.0,1074.0,1075.0,1062.0
10802.0,2522.0,2530.0,2530.0,1074.0,1073.0,1073.0
10840.0,2524.0,2531.0,2536.0,1074.0,1091.0,1084.0
10869.0,2575.0,2514.0,2548.0,1080.0,1074.0,1078.0
10877.0,2540.0,2544.0,2552.0,1081.0,1083.0,1077.0
10891.0,2560.0,2537.0,2551.0,1084.0,1077.0,1082.0
10894.0,2521.0,2549.0,2576.0,1090.0,1072.0,1086.0
10899.0,2554.0,2553.0,2526.0,1102.0,1081.0,1083.0
10848.0,2538.0,2522.0,2555.0,1079.0,1070.0,1084.0
10792.0,2501.0,2499.0,2533.0,1092.0,1095.0,1072.0
10729.0,2511.0,2514.0,2474.0,1073.0,1078.0,1079.0
10781.0,2493.0,2517.0,2544.0,1069.0,1070.0,1088.0
10720.0,2502.0,2497.0,2507.0,1075.0,1072.0,1067.0
10689.0,2485.0,2485.0,2504.0,1078.0,1068.0,1069.0
10714.0,2512.0,2517.0,2474.0,1066.0,1077.0,1068.0
10691.0,2527.0,2504.0,2465.0,1062.0,1058.0,1075.0
10688.0,2492.0,2503.0,2483.0,1073.0,1078.0,1059.0
10584.0,2488.0,2480.0,2443.0,1068.0,1046.0,1059.0
10646.0,2493.0,2482.0,2495.0,1057.0,1055.0,1064.0
10628.0,2449.0,2489.0,2467.0,1071.0,1083.0,1069.0
10630.0,2477.0,2476.0,2469.0,1074.0,1074.0,1060.0
10622.0,2458.0,2471.0,2477.0,1072.0,1073.0,1071.0
10638.0,2465.0,2435.0,2517.0,1074.0,1076.0,1071.0
10591.0,2420.0,2496.0,2462.0,1076.0,1068.0,1069.0
10670.0,2462.0,2484.0,2490.0,1080.0,1085.0,1069.0
10801.0,2494.0,2498.0,2556.0,1087.0,1084.0,1082.0
10850.0,2526.0,2496.0,2551.0,1086.0,1091.0,1100.0
10813.0,2507.0,2492.0,2536.0,1094.0,1099.0,1085.0
10862.0,2519.0,2536.0,2515.0,1081.0,1108.0,1103.0
10951.0,2553.0,2540.0,2581.0,1086.0,1090.0,1101.0
10925.0,2551.0,2548.0,2556.0,1079.0,1096.0,1095.0
10984.0,2566.0,2549.0,2585.0,1085.0,1101.0,1098.0
10946.0,2543.0,2563.0,2552.0,1086.0,1099.0,1103.0
10938.0,2548.0,2574.0,2554.0,1079.0,1088.0,1095.0
10906.0,2519.0,2562.0,2536.0,1090.0,1087.0,1112.0
10897.0,2530.0,2563.0,2540.0,1080.0,1092.0,1092.0
10881.0,2539.0,2529.0,2530.0,1094.0,1078.0,1111.0
10789.0,2508.0,2556.0,2480.0,1082.0,1076.0,1087.0
10808.0,2512.0,2547.0,2516.0,1077.0,1078.0,1078.0
10807.0,2546.0,2539.0,2485.0,1076.0,1091.0,1070.0
10704.0,2504.0,2480.0,2496.0,1068.0,1078.0,1078.0
10721.0,2502.0,2504.0,2495.0,1082.0,1063.0,1075.0
10689.0,2485.0,2483.0,2495.0,1080.0,1079.0,1067.0
10632.0,2493.0,2461.0,2464.0,1076.0,1068.0,1070.0
10688.0,2499.0,2464.0,2530.0,1073.0,1057.0,1065.0
10646.0,2485.0,2463.0,2503.0,1067.0,1067.0,1061.0
10649.0,2523.0,2464.0,2497.0,1061.0,1052.0,1052.0
10659.0,2463.0,2492.0,2499.0,1070.0,1065.0,1070.0
10681.0,2461.0,2493.0,2503.0,1093.0,1071.0,1060.0
10719.0,2481.0,2513.0,2520.0,1074.0,1072.0,1059.0
10777.0,2513.0,2525.0,2514.0,1081.0,1074.0,1070.0
10797.0,2499.0,2521.0,2528.0,1089.0,1091.0,1069.0
10845.0,2527.0,2533.0,2536.0,1099.0,1080.0,1070.0
10915.0,2544.0,2534.0,2565.0,1098.0,1099.0,1075.0
10958.0,2553.0,2572.0,2565.0,1097.0,1095.0,1076.0
10962.0,2566.0,2544.0,2564.0,1109.0,1104.0,1075.0
10996.0,2553.0,2582.0,2564.0,1101.0,1102.0,1094.0
10921.0,2525.0,2581.0,2534.0,1091.0,1108.0,1082.0
10917.0,2559.0,2565.0,2495.0,1087.0,1108.0,1103.0
10994.0,2576.0,2542.0,2563.0,1089.0,1105.0,1119.0
10928.0,2549.0,2559.0,2518.0,1099.0,1102.0,1101.0
10910.0,2524.0,2541.0,2539.0,1108.0,1101.0,1097.0
10933.0,2532.0,2554.0,2550.0,1098.0,1106.0,1093.0
10855.0,2556.0,2517.0,2509.0,1082.0,1099.0,1092.0
10839.0,2511.0,2529.0,2527.0,1083.0,1098.0,1091.0
10803.0,2534.0,2500.0,2541.0,1058.0,1083.0,1087.0
10845.0,2535.0,2529.0,2520.0,1067.0,1096.0,1098.0
10824.0,2546.0,2520.0,2514.0,1084.0,1075.0,1085.0
10808.0,2517.0,2529.0,2528.0,1083.0,1065.0,1086.0
10768.0,2543.0,2505.0,2500.0,1064.0,1078.0,1078.0
10751.0,2503.0,2526.0,2502.0,1072.0,1074.0,1074.0
10791.0,2516.0,2510.0,2525.0,1090.0,1065.0,1085.0
10785.0,2516.0,2507.0,2532.0,1076.0,1073.0,1081.0
10739.0,2524.0,2505.0,2508.0,1078.0,1055.0,1069.0
10795.0,2526.0,2514.0,2530.0,1088.0,1068.0,1069.0
10724.0,2476.0,2511.0,2518.0,1076.0,1067.0,1076.0
10850.0,2534.0,2552.0,2552.0,1072.0,1064.0,1076.0
10806.0,2491.0,2523.0,2543.0,1076.0,1085.0,1088.0
10908.0,2529.0,2530.0,2591.0,1097.0,1079.0,1082.0
10871.0,2558.0,2539.0,2515.0,1089.0,1075.0,1095.0
10909.0,2546.0,2549.0,2542.0,1095.0,1088.0,1089.0
10969.0,2579.0,2534.0,2549.0,1112.0,1099.0,1096.0
10979.0,2593.0,2547.0,2546.0,1103.0,1103.0,1087.0
11050.0,2604.0,2587.0,2557.0,1104.0,1105.0,1093.0
11006.0,2575.0,2558.0,2574.0,1112.0,1094.0,1093.0
10973.0,2592.0,2564.0,2507.0,1113.0,1094.0,1103.0
10977.0,2564.0,2556.0,2551.0,1092.0,1116.0,1098.0
11072.0,2571.0,2601.0,2587.0,1114.0,1104.0,1095.0
10985.0,2565.0,2587.0,2543.0,1091.0,1102.0,1097.0
10935.0,2579.0,2553.0,2510.0,1094.0,1104.0,1095.0
10911.0,2541.0,2548.0,2544.0,1089.0,1104.0,1085.0
10900.0,2553.0,2551.0,2529.0,1083.0,1090.0,1094.0
10910.0,2543.0,2579.0,2532.0,1083.0,1092.0,1081.0
10849.0,2540.0,2518.0,2555.0,1069.0,1091.0,1076.0
10873.0,2524.0,2568.0,2524.0,1065.0,1105.0,1087.0
10838.0,2553.0,2515.0,2540.0,1071.0,1085.0,1074.0
10757.0,2511.0,2490.0,2542.0,1069.0,1071.0,1074.0
10754.0,2496.0,2479.0,2548.0,1067.0,1083.0,1081.0
10792.0,2508.0,2514.0,2519.0,1079.0,1098.0,1074.0
10754.0,2495.0,2472.0,2531.0,1075.0,1091.0,1090.0
10830.0,2545.0,2499.0,2532.0,1086.0,1084.0,1084.0
10812.0,2513.0,2523.0,2519.0,1090.0,1075.0,1092.0
10851.0,2558.0,2499.0,2524.0,1096.0,1082.0,1092.0
10843.0,2506.0,2538.0,2526.0,1096.0,1083.0,1094.0
10889.0,2538.0,2532.0,2540.0,1098.0,1078.0,1103.0
10992.0,2591.0,2583.0,2541.0,1094.0,1082.0,1101.0
11067.0,2569.0,2563.0,2594.0,1113.0,1105.0,1123.0
11030.0,2578.0,2598.0,2548.0,1112.0,1081.0,1113.0
11089.0,2606.0,2621.0,2536.0,1111.0,1095.0,1120.0
11102.0,2586.0,2615.0,2572.0,1104.0,1096.0,1129.0
11093.0,2581.0,2601.0,2580.0,1114.0,1106.0,1111.0
11097.0,2598.0,2597.0,2566.0,1115.0,1112.0,1109.0
11060.0,2568.0,2574.0,2602.0,1108.0,1098.0,1110.0
11069.0,2567.0,2578.0,2595.0,1112.0,1109.0,1108.0
11011.0,2581.0,2587.0,2535.0,1100.0,1099.0,1109.0
11045.0,2579.0,2571.0,2601.0,1099.0,1087.0,1108.0
10943.0,2574.0,2531.0,2561.0,1094.0,1098.0,1085.0
11016.0,2595.0,2566.0,2558.0,1099.0,1100.0,1098.0
10879.0,2550.0,2514.0,2543.0,1091.0,1092.0,1089.0
10858.0,2540.0,2506.0,2563.0,1072.0,1092.0,1085.0
10908.0,2584.0,2523.0,2556.0,1069.0,1094.0,1082.0
10851.0,2552.0,2540.0,2528.0,1077.0,1076.0,1078.0
10855.0,2534.0,2534.0,2544.0,1075.0,1096.0,1072.0
10747.0,2488.0,2490.0,2532.0,1070.0,1088.0,1079.0
10831.0,2542.0,2549.0,2513.0,1076.0,1090.0,1061.0
10833.0,2530.0,2528.0,2529.0,1091.0,1083.0,1072.0
10840.0,2501.0,2549.0,2557.0,1063.0,1088.0,1082.0
10931.0,2530.0,2570.0,2565.0,1081.0,1095.0,1090.0
10942.0,2547.0,2587.0,2547.0,1086.0,1103.0,1072.0
10915.0,2521.0,2561.0,2541.0,1093.0,1105.0,1094.0
10968.0,2578.0,2567.0,2549.0,1094.0,1100.0,1080.0
10996.0,2583.0,2569.0,2542.0,1099.0,1097.0,1106.0
11047.0,2575.0,2583.0,2567.0,1112.0,1108.0,1102.0
11035.0,2599.0,2549.0,2569.0,1113.0,1101.0,1104.0
11100.0,2605.0,2565.0,2592.0,1118.0,1105.0,1115.0
11086.0,2596.0,2541.0,2594.0,1125.0,1119.0,1111.0
11125.0,2602.0,2610.0,2571.0,1125.0,1109.0,1108.0
11087.0,2561.0,2585.0,2589.0,1129.0,1116.0,1107.0
11096.0,2584.0,2581.0,2586.0,1121.0,1106.0,1118.0
11172.0,2612.0,2609.0,2607.0,1102.0,1106.0,1136.0
11112.0,2580.0,2581.0,2611.0,1124.0,1089.0,1127.0
11064.0,2558.0,2590.0,2612.0,1099.0,1099.0,1106.0
11104.0,2579.0,2606.0,2616.0,1093.0,1104.0,1106.0
11039.0,2580.0,2575.0,2583.0,1108.0,1100.0,1093.0
11016.0,2578.0,2597.0,2578.0,1091.0,1079.0,1093.0
11053.0,2589.0,2590.0,2577.0,1094.0,1101.0,1102.0
10944.0,2547.0,2559.0,2568.0,1094.0,1085.0,1091.0
10952.0,2577.0,2553.0,2551.0,1092.0,1083.0,1096.0
10871.0,2530.0,2555.0,2538.0,1072.0,1086.0,1090.0
10881.0,2544.0,2526.0,2558.0,1091.0,1079.0,1083.0
10739.0,2502.0,2506.0,2498.0,1082.0,1075.0,1076.0
10843.0,2533.0,2533.0,2509.0,1069.0,1093.0,1106.0
10809.0,2496.0,2518.0,2523.0,1081.0,1087.0,1104.0
10881.0,2535.0,2520.0,2542.0,1072.0,1094.0,1118.0
10935.0,2594.0,2532.0,2534.0,1088.0,1092.0,1095.0
10951.0,2521.0,2528.0,2577.0,1098.0,1114.0,1113.0
10997.0,2578.0,2555.0,2564.0,1103.0,1098.0,1099.0
11019.0,2594.0,2539.0,2565.0,1098.0,1106.0,1117.0
11110.0,2607.0,2609.0,2572.0,1106.0,1106.0,1110.0
11208.0,2630.0,2604.0,2618.0,1123.0,1119.0,1114.0
11165.0,2599.0,2605.0,2600.0,1125.0,1122.0,1114.0
11192.0,2652.0,2613.0,2583.0,1120.0,1120.0,1104.0
11257.0,2626.0,2639.0,2613.0,1131.0,1125.0,1123.0
11255.0,2622.0,2629.0,2628.0,1125.0,1140.0,1111.0
11197.0,2594.0,2625.0,2624.0,1122.0,1121.0,1111.0
11207.0,2606.0,2591.0,2628.0,1129.0,1125.0,1128.0
11105.0,2558.0,2588.0,2618.0,1119.0,1111.0,1111.0
11136.0,2598.0,2607.0,2585.0,1126.0,1115.0,1105.0
11121.0,2570.0,2586.0,2613.0,1118.0,1130.0,1104.0
11135.0,2589.0,2608.0,2602.0,1120.0,1117.0,1099.0
11034.0,2595.0,2548.0,2583.0,1097.0,1102.0,1109.0
10994.0,2594.0,2559.0,2556.0,1090.0,1094.0,1101.0
10989.0,2593.0,2516.0,2586.0,1098.0,1097.0,1099.0
10892.0,2575.0,2505.0,2543.0,1076.0,1089.0,1104.0
10885.0,2540.0,2528.0,2535.0,1099.0,1098.0,1085.0
10915.0,2572.0,2524.0,2553.0,1087.0,1086.0,1093.0
10857.0,2551.0,2532.0,2528.0,1081.0,1079.0,1086.0
10907.0,2541.0,2555.0,2534.0,1091.0,1077.0,1109.0
10859.0,2515.0,2564.0,2541.0,1078.0,1084.0,1077.0
10951.0,2543.0,2573.0,2550.0,1095.0,1086.0,1104.0
11064.0,2562.0,2607.0,2593.0,1102.0,1084.0,1116.0
11048.0,2576.0,2598.0,2558.0,1100.0,1105.0,1111.0
11081.0,2589.0,2577.0,2595.0,1103.0,1101.0,1116.0
11151.0,2622.0,2622.0,2584.0,1113.0,1093.0,1117.0
11147.0,2601.0,2625.0,2567.0,1111.0,1111.0,1132.0
11188.0,2608.0,2605.0,2625.0,1116.0,1116.0,1118.0
11202.0,2598.0,2625.0,2603.0,1130.0,1122.0,1124.0
11312.0,2641.0,2626.0,2642.0,1134.0,1125.0,1144.0
