[2026-07-16T11:19:07] Scheduler started
[2026-07-16T11:19:08] Started split_multichannel | split_multichannel_024_yearly_high_mag_noise10_lt3 | run_3 | freq=52 | noise=1 | magnitude=200 | lead_time=3 | PID 2994647 | GPU 0
[2026-07-16T11:19:11] Started split_multichannel | split_multichannel_024_yearly_high_mag_noise10_lt3 | run_9 | freq=52 | noise=1 | magnitude=200 | lead_time=3 | PID 2994658 | GPU 1
[2026-07-16T11:19:14] Started split_multichannel | split_multichannel_025_yearly_high_mag_noise100_lt1 | run_4 | freq=52 | noise=1 | magnitude=200 | lead_time=1 | PID 2994679 | GPU 2
[2026-07-16T11:19:18] Started split_multichannel | split_multichannel_025_yearly_high_mag_noise100_lt1 | run_8 | freq=52 | noise=1 | magnitude=200 | lead_time=1 | PID 2994690 | GPU 4
[2026-07-16T11:19:21] Started split_multichannel | split_multichannel_026_yearly_high_mag_noise100_lt2 | run_2 | freq=52 | noise=1 | magnitude=200 | lead_time=2 | PID 2994737 | GPU 5
[2026-07-16T11:19:24] Started split_multichannel | split_multichannel_026_yearly_high_mag_noise100_lt2 | run_6 | freq=52 | noise=1 | magnitude=200 | lead_time=2 | PID 2994850 | GPU 6
[2026-07-16T11:19:28] Started split_multichannel | split_multichannel_027_yearly_high_mag_noise100_lt3 | run_0 | freq=52 | noise=1 | magnitude=200 | lead_time=3 | PID 2994865 | GPU 7
[2026-07-16T11:19:31] Started split_multichannel | split_multichannel_027_yearly_high_mag_noise100_lt3 | run_6 | freq=52 | noise=1 | magnitude=200 | lead_time=3 | PID 2994884 | GPU 3
[2026-07-16T11:19:34] Started split_multichannel | split_multichannel_028_half_yearly_low_mag_noise0_lt1 | run_1 | freq=26 | noise=1 | magnitude=50 | lead_time=1 | PID 2995070 | GPU 7
[2026-07-16T11:19:38] Started split_multichannel | split_multichannel_028_half_yearly_low_mag_noise0_lt1 | run_5 | freq=26 | noise=1 | magnitude=50 | lead_time=1 | PID 2995086 | GPU 6
[2026-07-16T11:19:41] Started split_multichannel | split_multichannel_029_half_yearly_low_mag_noise0_lt2 | run_0 | freq=26 | noise=1 | magnitude=50 | lead_time=2 | PID 2995103 | GPU 5
[2026-07-16T11:19:44] Started split_multichannel | split_multichannel_029_half_yearly_low_mag_noise0_lt2 | run_4 | freq=26 | noise=1 | magnitude=50 | lead_time=2 | PID 2995111 | GPU 4
[2026-07-16T11:19:48] Started split_multichannel | split_multichannel_029_half_yearly_low_mag_noise0_lt2 | run_8 | freq=26 | noise=1 | magnitude=50 | lead_time=2 | PID 2995119 | GPU 0
[2026-07-16T11:19:51] Started split_multichannel | split_multichannel_030_half_yearly_low_mag_noise0_lt3 | run_2 | freq=26 | noise=1 | magnitude=50 | lead_time=3 | PID 2995127 | GPU 2
[2026-07-16T11:19:54] Started split_multichannel | split_multichannel_030_half_yearly_low_mag_noise0_lt3 | run_8 | freq=26 | noise=1 | magnitude=50 | lead_time=3 | PID 2995146 | GPU 1
[2026-07-16T11:19:58] Started split_multichannel | split_multichannel_031_half_yearly_low_mag_noise10_lt1 | run_3 | freq=26 | noise=1 | magnitude=50 | lead_time=1 | PID 2995212 | GPU 3
[2026-07-16T11:20:01] Started split_multichannel | split_multichannel_031_half_yearly_low_mag_noise10_lt1 | run_7 | freq=26 | noise=1 | magnitude=50 | lead_time=1 | PID 2995314 | GPU 2
[2026-07-16T11:20:04] Started split_multichannel | split_multichannel_032_half_yearly_low_mag_noise10_lt2 | run_1 | freq=26 | noise=1 | magnitude=50 | lead_time=2 | PID 2995394 | GPU 1
[2026-07-16T11:20:08] Started split_multichannel | split_multichannel_032_half_yearly_low_mag_noise10_lt2 | run_5 | freq=26 | noise=1 | magnitude=50 | lead_time=2 | PID 2995470 | GPU 5
[2026-07-16T11:20:11] Started split_multichannel | split_multichannel_032_half_yearly_low_mag_noise10_lt2 | run_9 | freq=26 | noise=1 | magnitude=50 | lead_time=2 | PID 2995556 | GPU 4
[2026-07-16T11:20:14] Started split_multichannel | split_multichannel_033_half_yearly_low_mag_noise10_lt3 | run_3 | freq=26 | noise=1 | magnitude=50 | lead_time=3 | PID 2995605 | GPU 6
[2026-07-16T11:20:18] Started split_multichannel | split_multichannel_033_half_yearly_low_mag_noise10_lt3 | run_7 | freq=26 | noise=1 | magnitude=50 | lead_time=3 | PID 2995613 | GPU 0
[2026-07-16T11:20:21] Started split_multichannel | split_multichannel_034_half_yearly_low_mag_noise100_lt1 | run_1 | freq=26 | noise=1 | magnitude=50 | lead_time=1 | PID 2995624 | GPU 7
[2026-07-16T11:20:24] Started split_multichannel | split_multichannel_034_half_yearly_low_mag_noise100_lt1 | run_5 | freq=26 | noise=1 | magnitude=50 | lead_time=1 | PID 2995721 | GPU 3
[2026-07-16T11:20:28] Started split_multichannel | split_multichannel_035_half_yearly_low_mag_noise100_lt2 | run_1 | freq=26 | noise=1 | magnitude=50 | lead_time=2 | PID 2995749 | GPU 2
[2026-07-16T11:20:31] Started split_multichannel | split_multichannel_035_half_yearly_low_mag_noise100_lt2 | run_8 | freq=26 | noise=1 | magnitude=50 | lead_time=2 | PID 2995761 | GPU 4
[2026-07-16T11:20:34] Started split_multichannel | split_multichannel_036_half_yearly_low_mag_noise100_lt3 | run_2 | freq=26 | noise=1 | magnitude=50 | lead_time=3 | PID 2995947 | GPU 3
[2026-07-16T11:20:38] Started split_multichannel | split_multichannel_036_half_yearly_low_mag_noise100_lt3 | run_8 | freq=26 | noise=1 | magnitude=50 | lead_time=3 | PID 2995969 | GPU 6
[2026-07-16T11:20:43] Started split_multichannel | split_multichannel_045_half_yearly_medium_mag_noise100_lt3 | run_2 | freq=26 | noise=1 | magnitude=100 | lead_time=3 | PID 2996018 | GPU 7
[2026-07-16T11:20:46] Started split_multichannel | split_multichannel_045_half_yearly_medium_mag_noise100_lt3 | run_6 | freq=26 | noise=1 | magnitude=100 | lead_time=3 | PID 2996026 | GPU 5
[2026-07-16T11:20:51] Started split_multichannel | split_multichannel_050_half_yearly_high_mag_noise10_lt2 | run_2 | freq=26 | noise=1 | magnitude=200 | lead_time=2 | PID 2996054 | GPU 0
[2026-07-16T11:22:34] Started local_patchtst | local_patchtst_088_half_quarterly_low_mag_noise100_lt1 | run_1 | freq=7 | noise=1 | magnitude=50 | lead_time=1 | PID 2998835 | GPU 1
[2026-07-16T11:23:12] Finished split_multichannel | split_multichannel_036_half_yearly_low_mag_noise100_lt3 | run_2 | freq=26 | noise=1 | magnitude=50 | lead_time=3
[2026-07-16T11:23:13] Started split_multichannel | split_multichannel_037_half_yearly_medium_mag_noise0_lt1 | run_2 | freq=26 | noise=1 | magnitude=100 | lead_time=1 | PID 2999980 | GPU 2
[2026-07-16T11:23:16] Started split_multichannel | split_multichannel_037_half_yearly_medium_mag_noise0_lt1 | run_6 | freq=26 | noise=1 | magnitude=100 | lead_time=1 | PID 3000008 | GPU 3
[2026-07-16T11:23:20] Started split_multichannel | split_multichannel_038_half_yearly_medium_mag_noise0_lt2 | run_0 | freq=26 | noise=1 | magnitude=100 | lead_time=2 | PID 3000016 | GPU 4
[2026-07-16T11:23:23] Started split_multichannel | split_multichannel_038_half_yearly_medium_mag_noise0_lt2 | run_4 | freq=26 | noise=1 | magnitude=100 | lead_time=2 | PID 3000037 | GPU 0
[2026-07-16T11:23:26] Started split_multichannel | split_multichannel_038_half_yearly_medium_mag_noise0_lt2 | run_9 | freq=26 | noise=1 | magnitude=100 | lead_time=2 | PID 3000048 | GPU 2
[2026-07-16T11:23:30] Started split_multichannel | split_multichannel_039_half_yearly_medium_mag_noise0_lt3 | run_3 | freq=26 | noise=1 | magnitude=100 | lead_time=3 | PID 3000056 | GPU 7
[2026-07-16T11:23:33] Started split_multichannel | split_multichannel_039_half_yearly_medium_mag_noise0_lt3 | run_7 | freq=26 | noise=1 | magnitude=100 | lead_time=3 | PID 3000177 | GPU 3
[2026-07-16T11:23:36] Started split_multichannel | split_multichannel_040_half_yearly_medium_mag_noise10_lt1 | run_2 | freq=26 | noise=1 | magnitude=100 | lead_time=1 | PID 3000363 | GPU 1
[2026-07-16T11:23:40] Started split_multichannel | split_multichannel_040_half_yearly_medium_mag_noise10_lt1 | run_6 | freq=26 | noise=1 | magnitude=100 | lead_time=1 | PID 3000379 | GPU 4
[2026-07-16T11:23:43] Started split_multichannel | split_multichannel_041_half_yearly_medium_mag_noise10_lt2 | run_0 | freq=26 | noise=1 | magnitude=100 | lead_time=2 | PID 3000390 | GPU 6
[2026-07-16T11:23:46] Started split_multichannel | split_multichannel_041_half_yearly_medium_mag_noise10_lt2 | run_5 | freq=26 | noise=1 | magnitude=100 | lead_time=2 | PID 3000398 | GPU 5
[2026-07-16T11:23:49] Started split_multichannel | split_multichannel_042_half_yearly_medium_mag_noise10_lt3 | run_0 | freq=26 | noise=1 | magnitude=100 | lead_time=3 | PID 3000447 | GPU 7
[2026-07-16T11:23:53] Started split_multichannel | split_multichannel_042_half_yearly_medium_mag_noise10_lt3 | run_4 | freq=26 | noise=1 | magnitude=100 | lead_time=3 | PID 3000528 | GPU 0
[2026-07-16T11:23:56] Started split_multichannel | split_multichannel_042_half_yearly_medium_mag_noise10_lt3 | run_8 | freq=26 | noise=1 | magnitude=100 | lead_time=3 | PID 3000600 | GPU 2
[2026-07-16T11:23:59] Started split_multichannel | split_multichannel_043_half_yearly_medium_mag_noise100_lt1 | run_2 | freq=26 | noise=1 | magnitude=100 | lead_time=1 | PID 3000681 | GPU 3
[2026-07-16T11:24:03] Started split_multichannel | split_multichannel_043_half_yearly_medium_mag_noise100_lt1 | run_6 | freq=26 | noise=1 | magnitude=100 | lead_time=1 | PID 3000754 | GPU 6
[2026-07-16T11:24:06] Started split_multichannel | split_multichannel_044_half_yearly_medium_mag_noise100_lt2 | run_0 | freq=26 | noise=1 | magnitude=100 | lead_time=2 | PID 3000782 | GPU 1
[2026-07-16T11:24:09] Started split_multichannel | split_multichannel_044_half_yearly_medium_mag_noise100_lt2 | run_4 | freq=26 | noise=1 | magnitude=100 | lead_time=2 | PID 3000790 | GPU 5
[2026-07-16T11:24:13] Started split_multichannel | split_multichannel_044_half_yearly_medium_mag_noise100_lt2 | run_8 | freq=26 | noise=1 | magnitude=100 | lead_time=2 | PID 3000800 | GPU 7
[2026-07-16T11:24:16] Started split_multichannel | split_multichannel_046_half_yearly_high_mag_noise0_lt1 | run_0 | freq=26 | noise=1 | magnitude=200 | lead_time=1 | PID 3000846 | GPU 4
[2026-07-16T11:24:19] Started split_multichannel | split_multichannel_046_half_yearly_high_mag_noise0_lt1 | run_5 | freq=26 | noise=1 | magnitude=200 | lead_time=1 | PID 3000893 | GPU 0
[2026-07-16T11:24:47] Started local_timemixer | local_timemixer_031_half_yearly_low_mag_noise10_lt1 | run_8 | freq=26 | noise=1 | magnitude=50 | lead_time=1 | PID 3001660 | GPU 3
[2026-07-16T11:26:09] Started local_patchtst | local_patchtst_100_half_quarterly_high_mag_noise0_lt1 | run_1 | freq=7 | noise=1 | magnitude=200 | lead_time=1 | PID 3003793 | GPU 2
[2026-07-16T11:26:44] Finished split_multichannel | split_multichannel_044_half_yearly_medium_mag_noise100_lt2 | run_8 | freq=26 | noise=1 | magnitude=100 | lead_time=2
[2026-07-16T11:26:45] Started split_multichannel | split_multichannel_046_half_yearly_high_mag_noise0_lt1 | run_9 | freq=26 | noise=1 | magnitude=200 | lead_time=1 | PID 3005098 | GPU 2
[2026-07-16T11:26:48] Started split_multichannel | split_multichannel_047_half_yearly_high_mag_noise0_lt2 | run_3 | freq=26 | noise=1 | magnitude=200 | lead_time=2 | PID 3005105 | GPU 6
[2026-07-16T11:26:51] Started split_multichannel | split_multichannel_047_half_yearly_high_mag_noise0_lt2 | run_7 | freq=26 | noise=1 | magnitude=200 | lead_time=2 | PID 3005120 | GPU 1
[2026-07-16T11:26:55] Started split_multichannel | split_multichannel_048_half_yearly_high_mag_noise0_lt3 | run_1 | freq=26 | noise=1 | magnitude=200 | lead_time=3 | PID 3005128 | GPU 5
[2026-07-16T11:26:58] Started split_multichannel | split_multichannel_048_half_yearly_high_mag_noise0_lt3 | run_5 | freq=26 | noise=1 | magnitude=200 | lead_time=3 | PID 3005140 | GPU 5
[2026-07-16T11:27:02] Started split_multichannel | split_multichannel_048_half_yearly_high_mag_noise0_lt3 | run_9 | freq=26 | noise=1 | magnitude=200 | lead_time=3 | PID 3005148 | GPU 6
[2026-07-16T11:27:05] Started split_multichannel | split_multichannel_049_half_yearly_high_mag_noise10_lt1 | run_3 | freq=26 | noise=1 | magnitude=200 | lead_time=1 | PID 3005156 | GPU 7
[2026-07-16T11:27:08] Started split_multichannel | split_multichannel_049_half_yearly_high_mag_noise10_lt1 | run_7 | freq=26 | noise=1 | magnitude=200 | lead_time=1 | PID 3005185 | GPU 4
[2026-07-16T11:27:12] Started split_multichannel | split_multichannel_050_half_yearly_high_mag_noise10_lt2 | run_7 | freq=26 | noise=1 | magnitude=200 | lead_time=2 | PID 3005194 | GPU 1
[2026-07-16T11:27:15] Started split_multichannel | split_multichannel_051_half_yearly_high_mag_noise10_lt3 | run_1 | freq=26 | noise=1 | magnitude=200 | lead_time=3 | PID 3005206 | GPU 7
[2026-07-16T11:27:18] Started split_multichannel | split_multichannel_051_half_yearly_high_mag_noise10_lt3 | run_5 | freq=26 | noise=1 | magnitude=200 | lead_time=3 | PID 3005214 | GPU 1
[2026-07-16T11:27:22] Started split_multichannel | split_multichannel_051_half_yearly_high_mag_noise10_lt3 | run_9 | freq=26 | noise=1 | magnitude=200 | lead_time=3 | PID 3005222 | GPU 0
[2026-07-16T11:27:25] Started split_multichannel | split_multichannel_052_half_yearly_high_mag_noise100_lt1 | run_3 | freq=26 | noise=1 | magnitude=200 | lead_time=1 | PID 3005233 | GPU 4
[2026-07-16T11:27:28] Started split_multichannel | split_multichannel_052_half_yearly_high_mag_noise100_lt1 | run_8 | freq=26 | noise=1 | magnitude=200 | lead_time=1 | PID 3005246 | GPU 5
[2026-07-16T11:27:32] Started split_multichannel | split_multichannel_053_half_yearly_high_mag_noise100_lt2 | run_2 | freq=26 | noise=1 | magnitude=200 | lead_time=2 | PID 3005309 | GPU 6
[2026-07-16T11:27:36] Started split_multichannel | split_multichannel_058_quarterly_low_mag_noise10_lt1 | run_9 | freq=13 | noise=1 | magnitude=50 | lead_time=1 | PID 3005349 | GPU 2
[2026-07-16T11:27:44] Started split_multichannel | split_multichannel_076_quarterly_high_mag_noise10_lt1 | run_8 | freq=13 | noise=1 | magnitude=200 | lead_time=1 | PID 3005805 | GPU 3
[2026-07-16T11:28:01] Started local_timemixer | local_timemixer_017_yearly_medium_mag_noise100_lt2 | run_8 | freq=52 | noise=1 | magnitude=100 | lead_time=2 | PID 3006313 | GPU 2
[2026-07-16T11:28:42] Started split_timemixer | split_timemixer_048_half_yearly_high_mag_noise0_lt3 | run_9 | freq=26 | noise=1 | magnitude=200 | lead_time=3 | PID 3007272 | GPU 3
[2026-07-16T11:30:00] Finished split_multichannel | split_multichannel_058_quarterly_low_mag_noise10_lt1 | run_9 | freq=13 | noise=1 | magnitude=50 | lead_time=1
[2026-07-16T11:30:01] Started split_multichannel | split_multichannel_053_half_yearly_high_mag_noise100_lt2 | run_7 | freq=26 | noise=1 | magnitude=200 | lead_time=2 | PID 3009499 | GPU 4
[2026-07-16T11:30:04] Started split_multichannel | split_multichannel_054_half_yearly_high_mag_noise100_lt3 | run_1 | freq=26 | noise=1 | magnitude=200 | lead_time=3 | PID 3009506 | GPU 0
[2026-07-16T11:30:07] Started split_multichannel | split_multichannel_054_half_yearly_high_mag_noise100_lt3 | run_5 | freq=26 | noise=1 | magnitude=200 | lead_time=3 | PID 3009514 | GPU 0
[2026-07-16T11:30:11] Started split_multichannel | split_multichannel_054_half_yearly_high_mag_noise100_lt3 | run_9 | freq=26 | noise=1 | magnitude=200 | lead_time=3 | PID 3009523 | GPU 7
[2026-07-16T11:30:14] Started split_multichannel | split_multichannel_055_quarterly_low_mag_noise0_lt1 | run_3 | freq=13 | noise=1 | magnitude=50 | lead_time=1 | PID 3009531 | GPU 4
[2026-07-16T11:30:17] Started split_multichannel | split_multichannel_055_quarterly_low_mag_noise0_lt1 | run_7 | freq=13 | noise=1 | magnitude=50 | lead_time=1 | PID 3009602 | GPU 4
[2026-07-16T11:30:21] Started split_multichannel | split_multichannel_056_quarterly_low_mag_noise0_lt2 | run_1 | freq=13 | noise=1 | magnitude=50 | lead_time=2 | PID 3009678 | GPU 6
[2026-07-16T11:30:24] Started split_multichannel | split_multichannel_056_quarterly_low_mag_noise0_lt2 | run_5 | freq=13 | noise=1 | magnitude=50 | lead_time=2 | PID 3009749 | GPU 1
[2026-07-16T11:30:27] Started split_multichannel | split_multichannel_056_quarterly_low_mag_noise0_lt2 | run_9 | freq=13 | noise=1 | magnitude=50 | lead_time=2 | PID 3009816 | GPU 5
[2026-07-16T11:30:31] Started split_multichannel | split_multichannel_057_quarterly_low_mag_noise0_lt3 | run_3 | freq=13 | noise=1 | magnitude=50 | lead_time=3 | PID 3009899 | GPU 7
[2026-07-16T11:30:34] Started split_multichannel | split_multichannel_057_quarterly_low_mag_noise0_lt3 | run_7 | freq=13 | noise=1 | magnitude=50 | lead_time=3 | PID 3009930 | GPU 0
[2026-07-16T11:30:49] Started split_multichannel | split_multichannel_102_half_quarterly_high_mag_noise0_lt3 | run_1 | freq=7 | noise=1 | magnitude=200 | lead_time=3 | PID 3010460 | GPU 3
[2026-07-16T11:30:58] Started local_timemixer | local_timemixer_014_yearly_medium_mag_noise10_lt2 | run_1 | freq=52 | noise=1 | magnitude=100 | lead_time=2 | PID 3010608 | GPU 2
[2026-07-16T11:32:36] Started split_patchtst | split_patchtst_046_half_yearly_high_mag_noise0_lt1 | run_5 | freq=26 | noise=1 | magnitude=200 | lead_time=1 | PID 3013119 | GPU 3
[2026-07-16T11:32:56] Finished split_multichannel | split_multichannel_055_quarterly_low_mag_noise0_lt1 | run_7 | freq=13 | noise=1 | magnitude=50 | lead_time=1
[2026-07-16T11:32:56] Started split_multichannel | split_multichannel_058_quarterly_low_mag_noise10_lt1 | run_1 | freq=13 | noise=1 | magnitude=50 | lead_time=1 | PID 3013875 | GPU 4
[2026-07-16T11:33:00] Started split_multichannel | split_multichannel_058_quarterly_low_mag_noise10_lt1 | run_5 | freq=13 | noise=1 | magnitude=50 | lead_time=1 | PID 3013956 | GPU 4
[2026-07-16T11:33:03] Started split_multichannel | split_multichannel_059_quarterly_low_mag_noise10_lt2 | run_4 | freq=13 | noise=1 | magnitude=50 | lead_time=2 | PID 3014016 | GPU 1
[2026-07-16T11:33:06] Started split_multichannel | split_multichannel_059_quarterly_low_mag_noise10_lt2 | run_8 | freq=13 | noise=1 | magnitude=50 | lead_time=2 | PID 3014083 | GPU 5
[2026-07-16T11:33:10] Started split_multichannel | split_multichannel_060_quarterly_low_mag_noise10_lt3 | run_2 | freq=13 | noise=1 | magnitude=50 | lead_time=3 | PID 3014161 | GPU 6
[2026-07-16T11:33:13] Started split_multichannel | split_multichannel_060_quarterly_low_mag_noise10_lt3 | run_6 | freq=13 | noise=1 | magnitude=50 | lead_time=3 | PID 3014183 | GPU 7
[2026-07-16T11:33:16] Started split_multichannel | split_multichannel_061_quarterly_low_mag_noise100_lt1 | run_0 | freq=13 | noise=1 | magnitude=50 | lead_time=1 | PID 3014195 | GPU 7
[2026-07-16T11:33:20] Started split_multichannel | split_multichannel_061_quarterly_low_mag_noise100_lt1 | run_4 | freq=13 | noise=1 | magnitude=50 | lead_time=1 | PID 3014203 | GPU 6
[2026-07-16T11:33:23] Started split_multichannel | split_multichannel_061_quarterly_low_mag_noise100_lt1 | run_8 | freq=13 | noise=1 | magnitude=50 | lead_time=1 | PID 3014211 | GPU 4
[2026-07-16T11:33:26] Started split_multichannel | split_multichannel_062_quarterly_low_mag_noise100_lt2 | run_3 | freq=13 | noise=1 | magnitude=50 | lead_time=2 | PID 3014222 | GPU 1
[2026-07-16T11:33:30] Started split_multichannel | split_multichannel_062_quarterly_low_mag_noise100_lt2 | run_7 | freq=13 | noise=1 | magnitude=50 | lead_time=2 | PID 3014234 | GPU 5
[2026-07-16T11:33:33] Started split_multichannel | split_multichannel_063_quarterly_low_mag_noise100_lt3 | run_1 | freq=13 | noise=1 | magnitude=50 | lead_time=3 | PID 3014242 | GPU 6
[2026-07-16T11:33:36] Started split_multichannel | split_multichannel_063_quarterly_low_mag_noise100_lt3 | run_5 | freq=13 | noise=1 | magnitude=50 | lead_time=3 | PID 3014250 | GPU 0
[2026-07-16T11:33:40] Started split_multichannel | split_multichannel_063_quarterly_low_mag_noise100_lt3 | run_9 | freq=13 | noise=1 | magnitude=50 | lead_time=3 | PID 3014272 | GPU 1
[2026-07-16T11:33:43] Started split_multichannel | split_multichannel_064_quarterly_medium_mag_noise0_lt1 | run_3 | freq=13 | noise=1 | magnitude=100 | lead_time=1 | PID 3014461 | GPU 7
[2026-07-16T11:33:46] Started split_multichannel | split_multichannel_064_quarterly_medium_mag_noise0_lt1 | run_7 | freq=13 | noise=1 | magnitude=100 | lead_time=1 | PID 3014469 | GPU 5
[2026-07-16T11:33:57] Started split_multichannel | split_multichannel_092_half_quarterly_medium_mag_noise0_lt2 | run_7 | freq=7 | noise=1 | magnitude=100 | lead_time=2 | PID 3014655 | GPU 4
[2026-07-16T11:34:44] Started split_timemixer | split_timemixer_035_half_yearly_low_mag_noise100_lt2 | run_7 | freq=26 | noise=1 | magnitude=50 | lead_time=2 | PID 3016116 | GPU 2
[2026-07-16T11:35:22] Started local_patchtst | local_patchtst_052_half_yearly_high_mag_noise100_lt1 | run_9 | freq=26 | noise=1 | magnitude=200 | lead_time=1 | PID 3016925 | GPU 2
[2026-07-16T11:35:49] Started split_patchtst | split_patchtst_033_half_yearly_low_mag_noise10_lt3 | run_7 | freq=26 | noise=1 | magnitude=50 | lead_time=3 | PID 3017903 | GPU 3
[2026-07-16T11:36:13] Finished split_multichannel | split_multichannel_092_half_quarterly_medium_mag_noise0_lt2 | run_7 | freq=7 | noise=1 | magnitude=100 | lead_time=2
[2026-07-16T11:36:14] Started split_multichannel | split_multichannel_065_quarterly_medium_mag_noise0_lt2 | run_2 | freq=13 | noise=1 | magnitude=100 | lead_time=2 | PID 3018458 | GPU 4
[2026-07-16T11:36:17] Started split_multichannel | split_multichannel_065_quarterly_medium_mag_noise0_lt2 | run_7 | freq=13 | noise=1 | magnitude=100 | lead_time=2 | PID 3018476 | GPU 1
[2026-07-16T11:36:21] Started split_multichannel | split_multichannel_066_quarterly_medium_mag_noise0_lt3 | run_1 | freq=13 | noise=1 | magnitude=100 | lead_time=3 | PID 3018487 | GPU 4
[2026-07-16T11:36:24] Started split_multichannel | split_multichannel_066_quarterly_medium_mag_noise0_lt3 | run_6 | freq=13 | noise=1 | magnitude=100 | lead_time=3 | PID 3018495 | GPU 6
[2026-07-16T11:36:27] Started split_multichannel | split_multichannel_067_quarterly_medium_mag_noise10_lt1 | run_0 | freq=13 | noise=1 | magnitude=100 | lead_time=1 | PID 3018519 | GPU 0
[2026-07-16T11:36:31] Started split_multichannel | split_multichannel_067_quarterly_medium_mag_noise10_lt1 | run_4 | freq=13 | noise=1 | magnitude=100 | lead_time=1 | PID 3018531 | GPU 3
[2026-07-16T11:36:34] Started split_multichannel | split_multichannel_067_quarterly_medium_mag_noise10_lt1 | run_8 | freq=13 | noise=1 | magnitude=100 | lead_time=1 | PID 3018539 | GPU 5
[2026-07-16T11:36:37] Started split_multichannel | split_multichannel_068_quarterly_medium_mag_noise10_lt2 | run_2 | freq=13 | noise=1 | magnitude=100 | lead_time=2 | PID 3018562 | GPU 7
[2026-07-16T11:36:41] Started split_multichannel | split_multichannel_068_quarterly_medium_mag_noise10_lt2 | run_6 | freq=13 | noise=1 | magnitude=100 | lead_time=2 | PID 3018578 | GPU 6
[2026-07-16T11:36:44] Started split_multichannel | split_multichannel_069_quarterly_medium_mag_noise10_lt3 | run_0 | freq=13 | noise=1 | magnitude=100 | lead_time=3 | PID 3018637 | GPU 1
[2026-07-16T11:36:47] Started split_multichannel | split_multichannel_069_quarterly_medium_mag_noise10_lt3 | run_4 | freq=13 | noise=1 | magnitude=100 | lead_time=3 | PID 3018868 | GPU 0
[2026-07-16T11:36:51] Started split_multichannel | split_multichannel_069_quarterly_medium_mag_noise10_lt3 | run_8 | freq=13 | noise=1 | magnitude=100 | lead_time=3 | PID 3018950 | GPU 4
[2026-07-16T11:36:54] Started split_multichannel | split_multichannel_070_quarterly_medium_mag_noise100_lt1 | run_2 | freq=13 | noise=1 | magnitude=100 | lead_time=1 | PID 3019026 | GPU 7
[2026-07-16T11:36:57] Started split_multichannel | split_multichannel_070_quarterly_medium_mag_noise100_lt1 | run_6 | freq=13 | noise=1 | magnitude=100 | lead_time=1 | PID 3019095 | GPU 5
[2026-07-16T11:37:01] Started split_multichannel | split_multichannel_071_quarterly_medium_mag_noise100_lt2 | run_0 | freq=13 | noise=1 | magnitude=100 | lead_time=2 | PID 3019143 | GPU 1
[2026-07-16T11:37:04] Started split_multichannel | split_multichannel_071_quarterly_medium_mag_noise100_lt2 | run_4 | freq=13 | noise=1 | magnitude=100 | lead_time=2 | PID 3019151 | GPU 3
[2026-07-16T11:37:07] Started split_multichannel | split_multichannel_071_quarterly_medium_mag_noise100_lt2 | run_8 | freq=13 | noise=1 | magnitude=100 | lead_time=2 | PID 3019167 | GPU 6
[2026-07-16T11:37:11] Started split_multichannel | split_multichannel_072_quarterly_medium_mag_noise100_lt3 | run_3 | freq=13 | noise=1 | magnitude=100 | lead_time=3 | PID 3019314 | GPU 0
[2026-07-16T11:37:14] Started split_multichannel | split_multichannel_072_quarterly_medium_mag_noise100_lt3 | run_7 | freq=13 | noise=1 | magnitude=100 | lead_time=3 | PID 3019357 | GPU 3
[2026-07-16T11:38:20] Started split_timemixer | split_timemixer_090_half_quarterly_low_mag_noise100_lt3 | run_1 | freq=7 | noise=1 | magnitude=50 | lead_time=3 | PID 3021216 | GPU 2
[2026-07-16T11:39:19] Started split_patchtst | split_patchtst_075_quarterly_high_mag_noise0_lt3 | run_7 | freq=13 | noise=1 | magnitude=200 | lead_time=3 | PID 3022562 | GPU 4
[2026-07-16T11:39:31] Finished split_multichannel | split_multichannel_071_quarterly_medium_mag_noise100_lt2 | run_8 | freq=13 | noise=1 | magnitude=100 | lead_time=2
[2026-07-16T11:39:32] Started split_multichannel | split_multichannel_073_quarterly_high_mag_noise0_lt1 | run_1 | freq=13 | noise=1 | magnitude=200 | lead_time=1 | PID 3023029 | GPU 5
[2026-07-16T11:39:35] Started split_multichannel | split_multichannel_073_quarterly_high_mag_noise0_lt1 | run_5 | freq=13 | noise=1 | magnitude=200 | lead_time=1 | PID 3023106 | GPU 7
[2026-07-16T11:39:38] Started split_multichannel | split_multichannel_073_quarterly_high_mag_noise0_lt1 | run_9 | freq=13 | noise=1 | magnitude=200 | lead_time=1 | PID 3023150 | GPU 6
[2026-07-16T11:39:42] Started split_multichannel | split_multichannel_074_quarterly_high_mag_noise0_lt2 | run_3 | freq=13 | noise=1 | magnitude=200 | lead_time=2 | PID 3023167 | GPU 6
[2026-07-16T11:39:45] Started split_multichannel | split_multichannel_074_quarterly_high_mag_noise0_lt2 | run_8 | freq=13 | noise=1 | magnitude=200 | lead_time=2 | PID 3023175 | GPU 1
[2026-07-16T11:39:48] Started split_multichannel | split_multichannel_075_quarterly_high_mag_noise0_lt3 | run_2 | freq=13 | noise=1 | magnitude=200 | lead_time=3 | PID 3023361 | GPU 5
[2026-07-16T11:39:52] Started split_multichannel | split_multichannel_075_quarterly_high_mag_noise0_lt3 | run_6 | freq=13 | noise=1 | magnitude=200 | lead_time=3 | PID 3023369 | GPU 7
[2026-07-16T11:39:55] Started split_multichannel | split_multichannel_076_quarterly_high_mag_noise10_lt1 | run_0 | freq=13 | noise=1 | magnitude=200 | lead_time=1 | PID 3023377 | GPU 3
[2026-07-16T11:39:58] Started split_multichannel | split_multichannel_076_quarterly_high_mag_noise10_lt1 | run_4 | freq=13 | noise=1 | magnitude=200 | lead_time=1 | PID 3023385 | GPU 7
[2026-07-16T11:40:02] Started split_multichannel | split_multichannel_077_quarterly_high_mag_noise10_lt2 | run_2 | freq=13 | noise=1 | magnitude=200 | lead_time=2 | PID 3023417 | GPU 0
[2026-07-16T11:40:05] Started split_multichannel | split_multichannel_077_quarterly_high_mag_noise10_lt2 | run_6 | freq=13 | noise=1 | magnitude=200 | lead_time=2 | PID 3023425 | GPU 1
[2026-07-16T11:40:08] Started split_multichannel | split_multichannel_078_quarterly_high_mag_noise10_lt3 | run_0 | freq=13 | noise=1 | magnitude=200 | lead_time=3 | PID 3023436 | GPU 5
[2026-07-16T11:40:12] Started split_multichannel | split_multichannel_078_quarterly_high_mag_noise10_lt3 | run_4 | freq=13 | noise=1 | magnitude=200 | lead_time=3 | PID 3023448 | GPU 3
[2026-07-16T11:40:15] Started split_multichannel | split_multichannel_079_quarterly_high_mag_noise100_lt1 | run_7 | freq=13 | noise=1 | magnitude=200 | lead_time=1 | PID 3023460 | GPU 6
[2026-07-16T11:40:21] Started split_multichannel | split_multichannel_088_half_quarterly_low_mag_noise100_lt1 | run_7 | freq=7 | noise=1 | magnitude=50 | lead_time=1 | PID 3023622 | GPU 4
[2026-07-16T11:42:26] Finished split_multichannel | split_multichannel_088_half_quarterly_low_mag_noise100_lt1 | run_7 | freq=7 | noise=1 | magnitude=50 | lead_time=1
[2026-07-16T11:42:27] Started split_multichannel | split_multichannel_078_quarterly_high_mag_noise10_lt3 | run_8 | freq=13 | noise=1 | magnitude=200 | lead_time=3 | PID 3027298 | GPU 4
[2026-07-16T11:42:30] Started split_multichannel | split_multichannel_079_quarterly_high_mag_noise100_lt1 | run_2 | freq=13 | noise=1 | magnitude=200 | lead_time=1 | PID 3027319 | GPU 0
[2026-07-16T11:42:34] Started split_multichannel | split_multichannel_080_quarterly_high_mag_noise100_lt2 | run_1 | freq=13 | noise=1 | magnitude=200 | lead_time=2 | PID 3027351 | GPU 4
[2026-07-16T11:42:37] Started split_multichannel | split_multichannel_080_quarterly_high_mag_noise100_lt2 | run_5 | freq=13 | noise=1 | magnitude=200 | lead_time=2 | PID 3027401 | GPU 3
[2026-07-16T11:42:40] Started split_multichannel | split_multichannel_080_quarterly_high_mag_noise100_lt2 | run_9 | freq=13 | noise=1 | magnitude=200 | lead_time=2 | PID 3027410 | GPU 0
[2026-07-16T11:42:44] Started split_multichannel | split_multichannel_081_quarterly_high_mag_noise100_lt3 | run_3 | freq=13 | noise=1 | magnitude=200 | lead_time=3 | PID 3027420 | GPU 4
[2026-07-16T11:42:47] Started split_multichannel | split_multichannel_081_quarterly_high_mag_noise100_lt3 | run_7 | freq=13 | noise=1 | magnitude=200 | lead_time=3 | PID 3027428 | GPU 6
[2026-07-16T11:42:50] Started split_multichannel | split_multichannel_082_half_quarterly_low_mag_noise0_lt1 | run_1 | freq=7 | noise=1 | magnitude=50 | lead_time=1 | PID 3027614 | GPU 1
[2026-07-16T11:42:54] Started split_multichannel | split_multichannel_082_half_quarterly_low_mag_noise0_lt1 | run_5 | freq=7 | noise=1 | magnitude=50 | lead_time=1 | PID 3027622 | GPU 5
[2026-07-16T11:42:57] Started split_multichannel | split_multichannel_082_half_quarterly_low_mag_noise0_lt1 | run_9 | freq=7 | noise=1 | magnitude=50 | lead_time=1 | PID 3027636 | GPU 3
[2026-07-16T11:43:00] Started split_multichannel | split_multichannel_083_half_quarterly_low_mag_noise0_lt2 | run_4 | freq=7 | noise=1 | magnitude=50 | lead_time=2 | PID 3027644 | GPU 6
[2026-07-16T11:43:04] Started split_multichannel | split_multichannel_083_half_quarterly_low_mag_noise0_lt2 | run_8 | freq=7 | noise=1 | magnitude=50 | lead_time=2 | PID 3027652 | GPU 0
[2026-07-16T11:43:07] Started split_multichannel | split_multichannel_084_half_quarterly_low_mag_noise0_lt3 | run_3 | freq=7 | noise=1 | magnitude=50 | lead_time=3 | PID 3027660 | GPU 1
[2026-07-16T11:43:10] Started split_multichannel | split_multichannel_084_half_quarterly_low_mag_noise0_lt3 | run_8 | freq=7 | noise=1 | magnitude=50 | lead_time=3 | PID 3027685 | GPU 7
[2026-07-16T11:43:14] Started split_multichannel | split_multichannel_085_half_quarterly_low_mag_noise10_lt1 | run_2 | freq=7 | noise=1 | magnitude=50 | lead_time=1 | PID 3027768 | GPU 5
[2026-07-16T11:43:24] Started local_timemixer | local_timemixer_002_yearly_low_mag_noise0_lt2 | run_7 | freq=52 | noise=1 | magnitude=50 | lead_time=2 | PID 3028113 | GPU 2
[2026-07-16T11:43:27] Started local_timemixer | local_timemixer_003_yearly_low_mag_noise0_lt3 | run_1 | freq=52 | noise=1 | magnitude=50 | lead_time=3 | PID 3028256 | GPU 3
[2026-07-16T11:45:28] Finished split_multichannel | split_multichannel_085_half_quarterly_low_mag_noise10_lt1 | run_2 | freq=7 | noise=1 | magnitude=50 | lead_time=1
[2026-07-16T11:45:29] Started split_multichannel | split_multichannel_085_half_quarterly_low_mag_noise10_lt1 | run_6 | freq=7 | noise=1 | magnitude=50 | lead_time=1 | PID 3031381 | GPU 5
[2026-07-16T11:45:32] Started split_multichannel | split_multichannel_086_half_quarterly_low_mag_noise10_lt2 | run_1 | freq=7 | noise=1 | magnitude=50 | lead_time=2 | PID 3031496 | GPU 5
[2026-07-16T11:45:35] Started split_multichannel | split_multichannel_086_half_quarterly_low_mag_noise10_lt2 | run_5 | freq=7 | noise=1 | magnitude=50 | lead_time=2 | PID 3031512 | GPU 1
[2026-07-16T11:45:39] Started split_multichannel | split_multichannel_087_half_quarterly_low_mag_noise10_lt3 | run_0 | freq=7 | noise=1 | magnitude=50 | lead_time=3 | PID 3031528 | GPU 6
[2026-07-16T11:45:42] Started split_multichannel | split_multichannel_087_half_quarterly_low_mag_noise10_lt3 | run_4 | freq=7 | noise=1 | magnitude=50 | lead_time=3 | PID 3031542 | GPU 7
[2026-07-16T11:45:45] Started split_multichannel | split_multichannel_087_half_quarterly_low_mag_noise10_lt3 | run_8 | freq=7 | noise=1 | magnitude=50 | lead_time=3 | PID 3031561 | GPU 0
[2026-07-16T11:45:49] Started split_multichannel | split_multichannel_088_half_quarterly_low_mag_noise100_lt1 | run_3 | freq=7 | noise=1 | magnitude=50 | lead_time=1 | PID 3031630 | GPU 6
[2026-07-16T11:45:52] Started split_multichannel | split_multichannel_089_half_quarterly_low_mag_noise100_lt2 | run_1 | freq=7 | noise=1 | magnitude=50 | lead_time=2 | PID 3031889 | GPU 1
[2026-07-16T11:45:55] Started split_multichannel | split_multichannel_089_half_quarterly_low_mag_noise100_lt2 | run_5 | freq=7 | noise=1 | magnitude=50 | lead_time=2 | PID 3031964 | GPU 7
[2026-07-16T11:45:59] Started split_multichannel | split_multichannel_089_half_quarterly_low_mag_noise100_lt2 | run_9 | freq=7 | noise=1 | magnitude=50 | lead_time=2 | PID 3032041 | GPU 5
[2026-07-16T11:46:02] Started split_multichannel | split_multichannel_090_half_quarterly_low_mag_noise100_lt3 | run_3 | freq=7 | noise=1 | magnitude=50 | lead_time=3 | PID 3032113 | GPU 0
[2026-07-16T11:46:05] Started split_multichannel | split_multichannel_090_half_quarterly_low_mag_noise100_lt3 | run_7 | freq=7 | noise=1 | magnitude=50 | lead_time=3 | PID 3032165 | GPU 4
[2026-07-16T11:46:09] Started split_multichannel | split_multichannel_091_half_quarterly_medium_mag_noise0_lt1 | run_1 | freq=7 | noise=1 | magnitude=100 | lead_time=1 | PID 3032174 | GPU 1
[2026-07-16T11:46:12] Started split_multichannel | split_multichannel_091_half_quarterly_medium_mag_noise0_lt1 | run_5 | freq=7 | noise=1 | magnitude=100 | lead_time=1 | PID 3032189 | GPU 6
[2026-07-16T11:46:17] Started split_multichannel | split_multichannel_096_half_quarterly_medium_mag_noise10_lt3 | run_0 | freq=7 | noise=1 | magnitude=100 | lead_time=3 | PID 3032215 | GPU 5
[2026-07-16T11:46:21] Started split_multichannel | split_multichannel_099_half_quarterly_medium_mag_noise100_lt3 | run_2 | freq=7 | noise=1 | magnitude=100 | lead_time=3 | PID 3032241 | GPU 7
[2026-07-16T11:47:19] Started split_timemixer | split_timemixer_086_half_quarterly_low_mag_noise10_lt2 | run_1 | freq=7 | noise=1 | magnitude=50 | lead_time=2 | PID 3033923 | GPU 2
[2026-07-16T11:47:32] Started local_patchtst | local_patchtst_011_yearly_medium_mag_noise0_lt2 | run_7 | freq=52 | noise=1 | magnitude=100 | lead_time=2 | PID 3034139 | GPU 3
[2026-07-16T11:48:32] Finished split_multichannel | split_multichannel_090_half_quarterly_low_mag_noise100_lt3 | run_7 | freq=7 | noise=1 | magnitude=50 | lead_time=3
[2026-07-16T11:48:33] Started split_multichannel | split_multichannel_091_half_quarterly_medium_mag_noise0_lt1 | run_9 | freq=7 | noise=1 | magnitude=100 | lead_time=1 | PID 3035786 | GPU 4
[2026-07-16T11:48:36] Started split_multichannel | split_multichannel_092_half_quarterly_medium_mag_noise0_lt2 | run_3 | freq=7 | noise=1 | magnitude=100 | lead_time=2 | PID 3035865 | GPU 4
[2026-07-16T11:48:39] Started split_multichannel | split_multichannel_093_half_quarterly_medium_mag_noise0_lt3 | run_1 | freq=7 | noise=1 | magnitude=100 | lead_time=3 | PID 3036011 | GPU 0
[2026-07-16T11:48:43] Started split_multichannel | split_multichannel_093_half_quarterly_medium_mag_noise0_lt3 | run_5 | freq=7 | noise=1 | magnitude=100 | lead_time=3 | PID 3036022 | GPU 5
[2026-07-16T11:48:46] Started split_multichannel | split_multichannel_094_half_quarterly_medium_mag_noise10_lt1 | run_0 | freq=7 | noise=1 | magnitude=100 | lead_time=1 | PID 3036030 | GPU 1
[2026-07-16T11:48:50] Started split_multichannel | split_multichannel_094_half_quarterly_medium_mag_noise10_lt1 | run_4 | freq=7 | noise=1 | magnitude=100 | lead_time=1 | PID 3036038 | GPU 0
[2026-07-16T11:48:53] Started split_multichannel | split_multichannel_094_half_quarterly_medium_mag_noise10_lt1 | run_8 | freq=7 | noise=1 | magnitude=100 | lead_time=1 | PID 3036224 | GPU 5
[2026-07-16T11:48:56] Started split_multichannel | split_multichannel_095_half_quarterly_medium_mag_noise10_lt2 | run_2 | freq=7 | noise=1 | magnitude=100 | lead_time=2 | PID 3036232 | GPU 6
[2026-07-16T11:49:00] Started split_multichannel | split_multichannel_095_half_quarterly_medium_mag_noise10_lt2 | run_6 | freq=7 | noise=1 | magnitude=100 | lead_time=2 | PID 3036247 | GPU 7
[2026-07-16T11:49:03] Started split_multichannel | split_multichannel_096_half_quarterly_medium_mag_noise10_lt3 | run_4 | freq=7 | noise=1 | magnitude=100 | lead_time=3 | PID 3036278 | GPU 4
[2026-07-16T11:49:06] Started split_multichannel | split_multichannel_096_half_quarterly_medium_mag_noise10_lt3 | run_8 | freq=7 | noise=1 | magnitude=100 | lead_time=3 | PID 3036317 | GPU 3
[2026-07-16T11:49:10] Started split_multichannel | split_multichannel_097_half_quarterly_medium_mag_noise100_lt1 | run_2 | freq=7 | noise=1 | magnitude=100 | lead_time=1 | PID 3036325 | GPU 1
[2026-07-16T11:49:13] Started split_multichannel | split_multichannel_097_half_quarterly_medium_mag_noise100_lt1 | run_6 | freq=7 | noise=1 | magnitude=100 | lead_time=1 | PID 3036334 | GPU 0
[2026-07-16T11:49:16] Started split_multichannel | split_multichannel_098_half_quarterly_medium_mag_noise100_lt2 | run_0 | freq=7 | noise=1 | magnitude=100 | lead_time=2 | PID 3036342 | GPU 6
[2026-07-16T11:49:20] Started split_multichannel | split_multichannel_098_half_quarterly_medium_mag_noise100_lt2 | run_4 | freq=7 | noise=1 | magnitude=100 | lead_time=2 | PID 3036367 | GPU 7
[2026-07-16T11:49:23] Started split_multichannel | split_multichannel_098_half_quarterly_medium_mag_noise100_lt2 | run_8 | freq=7 | noise=1 | magnitude=100 | lead_time=2 | PID 3036379 | GPU 3
[2026-07-16T11:49:26] Started split_multichannel | split_multichannel_099_half_quarterly_medium_mag_noise100_lt3 | run_6 | freq=7 | noise=1 | magnitude=100 | lead_time=3 | PID 3036393 | GPU 5
[2026-07-16T11:50:07] Started split_timemixer | split_timemixer_022_yearly_high_mag_noise10_lt1 | run_1 | freq=52 | noise=1 | magnitude=200 | lead_time=1 | PID 3037745 | GPU 2
[2026-07-16T11:51:15] Started split_patchtst | split_patchtst_040_half_yearly_medium_mag_noise10_lt1 | run_9 | freq=26 | noise=1 | magnitude=100 | lead_time=1 | PID 3039642 | GPU 4
[2026-07-16T11:51:37] Finished split_multichannel | split_multichannel_099_half_quarterly_medium_mag_noise100_lt3 | run_6 | freq=7 | noise=1 | magnitude=100 | lead_time=3
[2026-07-16T11:51:38] Started split_multichannel | split_multichannel_100_half_quarterly_high_mag_noise0_lt1 | run_0 | freq=7 | noise=1 | magnitude=200 | lead_time=1 | PID 3040010 | GPU 6
[2026-07-16T11:51:41] Started split_multichannel | split_multichannel_100_half_quarterly_high_mag_noise0_lt1 | run_4 | freq=7 | noise=1 | magnitude=200 | lead_time=1 | PID 3040023 | GPU 6
[2026-07-16T11:51:44] Started split_multichannel | split_multichannel_100_half_quarterly_high_mag_noise0_lt1 | run_9 | freq=7 | noise=1 | magnitude=200 | lead_time=1 | PID 3040037 | GPU 1
[2026-07-16T11:51:48] Started split_multichannel | split_multichannel_101_half_quarterly_high_mag_noise0_lt2 | run_3 | freq=7 | noise=1 | magnitude=200 | lead_time=2 | PID 3040155 | GPU 1
[2026-07-16T11:51:51] Started split_multichannel | split_multichannel_101_half_quarterly_high_mag_noise0_lt2 | run_7 | freq=7 | noise=1 | magnitude=200 | lead_time=2 | PID 3040163 | GPU 5
[2026-07-16T11:51:54] Started split_multichannel | split_multichannel_102_half_quarterly_high_mag_noise0_lt3 | run_5 | freq=7 | noise=1 | magnitude=200 | lead_time=3 | PID 3040349 | GPU 0
[2026-07-16T11:51:58] Started split_multichannel | split_multichannel_102_half_quarterly_high_mag_noise0_lt3 | run_9 | freq=7 | noise=1 | magnitude=200 | lead_time=3 | PID 3040357 | GPU 6
[2026-07-16T11:52:01] Started split_multichannel | split_multichannel_103_half_quarterly_high_mag_noise10_lt1 | run_3 | freq=7 | noise=1 | magnitude=200 | lead_time=1 | PID 3040365 | GPU 7
[2026-07-16T11:52:04] Started split_multichannel | split_multichannel_103_half_quarterly_high_mag_noise10_lt1 | run_7 | freq=7 | noise=1 | magnitude=200 | lead_time=1 | PID 3040373 | GPU 3
[2026-07-16T11:52:07] Started split_multichannel | split_multichannel_104_half_quarterly_high_mag_noise10_lt2 | run_1 | freq=7 | noise=1 | magnitude=200 | lead_time=2 | PID 3040396 | GPU 1
[2026-07-16T11:52:11] Started split_multichannel | split_multichannel_104_half_quarterly_high_mag_noise10_lt2 | run_5 | freq=7 | noise=1 | magnitude=200 | lead_time=2 | PID 3040408 | GPU 0
[2026-07-16T11:52:14] Started split_multichannel | split_multichannel_104_half_quarterly_high_mag_noise10_lt2 | run_9 | freq=7 | noise=1 | magnitude=200 | lead_time=2 | PID 3040424 | GPU 5
[2026-07-16T11:52:17] Started split_multichannel | split_multichannel_105_half_quarterly_high_mag_noise10_lt3 | run_3 | freq=7 | noise=1 | magnitude=200 | lead_time=3 | PID 3040493 | GPU 7
[2026-07-16T11:52:21] Started split_multichannel | split_multichannel_105_half_quarterly_high_mag_noise10_lt3 | run_8 | freq=7 | noise=1 | magnitude=200 | lead_time=3 | PID 3040589 | GPU 3
[2026-07-16T11:52:29] Started local_timemixer | local_timemixer_018_yearly_medium_mag_noise100_lt3 | run_7 | freq=52 | noise=1 | magnitude=100 | lead_time=3 | PID 3040845 | GPU 4
[2026-07-16T11:53:19] Started split_timemixer | split_timemixer_082_half_quarterly_low_mag_noise0_lt1 | run_9 | freq=7 | noise=1 | magnitude=50 | lead_time=1 | PID 3042094 | GPU 6
[2026-07-16T11:54:28] Finished split_multichannel | split_multichannel_104_half_quarterly_high_mag_noise10_lt2 | run_9 | freq=7 | noise=1 | magnitude=200 | lead_time=2
[2026-07-16T11:54:29] Started split_multichannel | split_multichannel_106_half_quarterly_high_mag_noise100_lt1 | run_2 | freq=7 | noise=1 | magnitude=200 | lead_time=1 | PID 3044075 | GPU 0
[2026-07-16T11:54:32] Started split_multichannel | split_multichannel_106_half_quarterly_high_mag_noise100_lt1 | run_6 | freq=7 | noise=1 | magnitude=200 | lead_time=1 | PID 3044095 | GPU 5
[2026-07-16T11:54:35] Started split_multichannel | split_multichannel_107_half_quarterly_high_mag_noise100_lt2 | run_0 | freq=7 | noise=1 | magnitude=200 | lead_time=2 | PID 3044103 | GPU 7
[2026-07-16T11:54:39] Started split_multichannel | split_multichannel_107_half_quarterly_high_mag_noise100_lt2 | run_4 | freq=7 | noise=1 | magnitude=200 | lead_time=2 | PID 3044119 | GPU 3
[2026-07-16T11:54:42] Started split_multichannel | split_multichannel_107_half_quarterly_high_mag_noise100_lt2 | run_9 | freq=7 | noise=1 | magnitude=200 | lead_time=2 | PID 3044130 | GPU 7
[2026-07-16T11:54:45] Started split_multichannel | split_multichannel_108_half_quarterly_high_mag_noise100_lt3 | run_3 | freq=7 | noise=1 | magnitude=200 | lead_time=3 | PID 3044138 | GPU 1
[2026-07-16T11:54:49] Started split_multichannel | split_multichannel_108_half_quarterly_high_mag_noise100_lt3 | run_7 | freq=7 | noise=1 | magnitude=200 | lead_time=3 | PID 3044146 | GPU 0
[2026-07-16T11:54:52] Started local_timemixer | local_timemixer_001_yearly_low_mag_noise0_lt1 | run_1 | freq=52 | noise=1 | magnitude=50 | lead_time=1 | PID 3044278 | GPU 5
[2026-07-16T11:54:55] Started local_timemixer | local_timemixer_001_yearly_low_mag_noise0_lt1 | run_5 | freq=52 | noise=1 | magnitude=50 | lead_time=1 | PID 3044391 | GPU 3
[2026-07-16T11:54:59] Started local_timemixer | local_timemixer_001_yearly_low_mag_noise0_lt1 | run_9 | freq=52 | noise=1 | magnitude=50 | lead_time=1 | PID 3044652 | GPU 1
[2026-07-16T11:55:02] Started local_timemixer | local_timemixer_002_yearly_low_mag_noise0_lt2 | run_3 | freq=52 | noise=1 | magnitude=50 | lead_time=2 | PID 3044726 | GPU 0
[2026-07-16T11:55:14] Started local_timemixer | local_timemixer_036_half_yearly_low_mag_noise100_lt3 | run_7 | freq=26 | noise=1 | magnitude=50 | lead_time=3 | PID 3044962 | GPU 4
[2026-07-16T11:55:19] Started local_timemixer | local_timemixer_044_half_yearly_medium_mag_noise100_lt2 | run_3 | freq=26 | noise=1 | magnitude=100 | lead_time=2 | PID 3045006 | GPU 5
[2026-07-16T11:55:22] Started local_timemixer | local_timemixer_045_half_yearly_medium_mag_noise100_lt3 | run_5 | freq=26 | noise=1 | magnitude=100 | lead_time=3 | PID 3045021 | GPU 7
[2026-07-16T11:55:27] Started local_timemixer | local_timemixer_049_half_yearly_high_mag_noise10_lt1 | run_5 | freq=26 | noise=1 | magnitude=200 | lead_time=1 | PID 3045054 | GPU 3
[2026-07-16T11:56:41] Started local_patchtst | local_patchtst_094_half_quarterly_medium_mag_noise10_lt1 | run_9 | freq=7 | noise=1 | magnitude=100 | lead_time=1 | PID 3047128 | GPU 4
[2026-07-16T11:57:02] Started split_patchtst | split_patchtst_056_quarterly_low_mag_noise0_lt2 | run_1 | freq=13 | noise=1 | magnitude=50 | lead_time=2 | PID 3047766 | GPU 2
[2026-07-16T11:57:20] Finished split_multichannel | split_multichannel_108_half_quarterly_high_mag_noise100_lt3 | run_7 | freq=7 | noise=1 | magnitude=200 | lead_time=3
[2026-07-16T11:57:26] Started local_timemixer | local_timemixer_026_yearly_high_mag_noise100_lt2 | run_3 | freq=52 | noise=1 | magnitude=200 | lead_time=2 | PID 3048227 | GPU 1
[2026-07-16T11:57:38] Started local_timemixer | local_timemixer_061_quarterly_low_mag_noise100_lt1 | run_3 | freq=13 | noise=1 | magnitude=50 | lead_time=1 | PID 3048636 | GPU 2
[2026-07-16T11:57:42] Started local_timemixer | local_timemixer_061_quarterly_low_mag_noise100_lt1 | run_7 | freq=13 | noise=1 | magnitude=50 | lead_time=1 | PID 3048746 | GPU 2
[2026-07-16T11:57:52] Started local_timemixer | local_timemixer_089_half_quarterly_low_mag_noise100_lt2 | run_3 | freq=7 | noise=1 | magnitude=50 | lead_time=2 | PID 3048904 | GPU 6
[2026-07-16T11:57:56] Started local_timemixer | local_timemixer_089_half_quarterly_low_mag_noise100_lt2 | run_7 | freq=7 | noise=1 | magnitude=50 | lead_time=2 | PID 3048911 | GPU 6
[2026-07-16T11:58:14] Started split_timemixer | split_timemixer_040_half_yearly_medium_mag_noise10_lt1 | run_1 | freq=26 | noise=1 | magnitude=100 | lead_time=1 | PID 3049500 | GPU 4
[2026-07-16T11:58:42] Started local_patchtst | local_patchtst_025_yearly_high_mag_noise100_lt1 | run_3 | freq=52 | noise=1 | magnitude=200 | lead_time=1 | PID 3050038 | GPU 0
[2026-07-16T11:58:46] Started local_patchtst | local_patchtst_025_yearly_high_mag_noise100_lt1 | run_7 | freq=52 | noise=1 | magnitude=200 | lead_time=1 | PID 3050109 | GPU 0
[2026-07-16T11:58:49] Started local_patchtst | local_patchtst_026_yearly_high_mag_noise100_lt2 | run_1 | freq=52 | noise=1 | magnitude=200 | lead_time=2 | PID 3053617 | GPU 0
[2026-07-16T11:59:15] Started local_patchtst | local_patchtst_107_half_quarterly_high_mag_noise100_lt2 | run_7 | freq=7 | noise=1 | magnitude=200 | lead_time=2 | PID 3060921 | GPU 1
[2026-07-16T11:59:30] Started split_patchtst | split_patchtst_044_half_yearly_medium_mag_noise100_lt2 | run_1 | freq=26 | noise=1 | magnitude=100 | lead_time=2 | PID 3061170 | GPU 7
[2026-07-16T11:59:51] Finished local_patchtst | local_patchtst_094_half_quarterly_medium_mag_noise10_lt1 | run_9 | freq=7 | noise=1 | magnitude=100 | lead_time=1
[2026-07-16T12:00:24] Started split_timemixer | split_timemixer_024_yearly_high_mag_noise10_lt3 | run_5 | freq=52 | noise=1 | magnitude=200 | lead_time=3 | PID 3063318 | GPU 7
[2026-07-16T12:00:27] Started split_timemixer | split_timemixer_024_yearly_high_mag_noise10_lt3 | run_9 | freq=52 | noise=1 | magnitude=200 | lead_time=3 | PID 3063325 | GPU 7
[2026-07-16T12:00:34] Started split_timemixer | split_timemixer_035_half_yearly_low_mag_noise100_lt2 | run_3 | freq=26 | noise=1 | magnitude=50 | lead_time=2 | PID 3063396 | GPU 0
[2026-07-16T12:00:42] Started split_timemixer | split_timemixer_056_quarterly_low_mag_noise0_lt2 | run_9 | freq=13 | noise=1 | magnitude=50 | lead_time=2 | PID 3063515 | GPU 5
[2026-07-16T12:00:48] Started split_timemixer | split_timemixer_064_quarterly_medium_mag_noise0_lt1 | run_5 | freq=13 | noise=1 | magnitude=100 | lead_time=1 | PID 3063559 | GPU 1
[2026-07-16T12:01:02] Started split_timemixer | split_timemixer_106_half_quarterly_high_mag_noise100_lt1 | run_5 | freq=7 | noise=1 | magnitude=200 | lead_time=1 | PID 3064008 | GPU 3
[2026-07-16T12:01:07] Started local_patchtst | local_patchtst_002_yearly_low_mag_noise0_lt2 | run_9 | freq=52 | noise=1 | magnitude=50 | lead_time=2 | PID 3064093 | GPU 3
[2026-07-16T12:01:11] Started local_patchtst | local_patchtst_004_yearly_low_mag_noise10_lt1 | run_9 | freq=52 | noise=1 | magnitude=50 | lead_time=1 | PID 3064161 | GPU 4
[2026-07-16T12:01:29] Started local_patchtst | local_patchtst_062_quarterly_low_mag_noise100_lt2 | run_9 | freq=13 | noise=1 | magnitude=50 | lead_time=2 | PID 3064679 | GPU 5
[2026-07-16T12:02:14] Finished split_patchtst | split_patchtst_044_half_yearly_medium_mag_noise100_lt2 | run_1 | freq=26 | noise=1 | magnitude=100 | lead_time=2
[2026-07-16T12:02:44] Started split_timemixer | split_timemixer_011_yearly_medium_mag_noise0_lt2 | run_7 | freq=52 | noise=1 | magnitude=100 | lead_time=2 | PID 3066717 | GPU 4
[2026-07-16T12:03:01] Started split_timemixer | split_timemixer_061_quarterly_low_mag_noise100_lt1 | run_7 | freq=13 | noise=1 | magnitude=50 | lead_time=1 | PID 3067112 | GPU 5
[2026-07-16T12:03:23] Started local_patchtst | local_patchtst_026_yearly_high_mag_noise100_lt2 | run_9 | freq=52 | noise=1 | magnitude=200 | lead_time=2 | PID 3067786 | GPU 2
[2026-07-16T12:03:27] Started local_patchtst | local_patchtst_027_yearly_high_mag_noise100_lt3 | run_3 | freq=52 | noise=1 | magnitude=200 | lead_time=3 | PID 3067800 | GPU 2
[2026-07-16T12:03:40] Started local_patchtst | local_patchtst_064_quarterly_medium_mag_noise0_lt1 | run_9 | freq=13 | noise=1 | magnitude=100 | lead_time=1 | PID 3068006 | GPU 6
[2026-07-16T12:03:43] Started local_patchtst | local_patchtst_065_quarterly_medium_mag_noise0_lt2 | run_3 | freq=13 | noise=1 | magnitude=100 | lead_time=2 | PID 3068024 | GPU 6
[2026-07-16T12:04:27] Finished local_patchtst | local_patchtst_002_yearly_low_mag_noise0_lt2 | run_9 | freq=52 | noise=1 | magnitude=50 | lead_time=2
[2026-07-16T12:04:39] Started local_timemixer | local_timemixer_048_half_yearly_high_mag_noise0_lt3 | run_7 | freq=26 | noise=1 | magnitude=200 | lead_time=3 | PID 3069696 | GPU 0
[2026-07-16T12:04:43] Started local_timemixer | local_timemixer_050_half_yearly_high_mag_noise10_lt2 | run_7 | freq=26 | noise=1 | magnitude=200 | lead_time=2 | PID 3069711 | GPU 6
[2026-07-16T12:04:46] Started local_timemixer | local_timemixer_051_half_yearly_high_mag_noise10_lt3 | run_1 | freq=26 | noise=1 | magnitude=200 | lead_time=3 | PID 3069719 | GPU 2
[2026-07-16T12:04:49] Started local_timemixer | local_timemixer_051_half_yearly_high_mag_noise10_lt3 | run_5 | freq=26 | noise=1 | magnitude=200 | lead_time=3 | PID 3069727 | GPU 2
[2026-07-16T12:04:55] Started local_timemixer | local_timemixer_062_quarterly_low_mag_noise100_lt2 | run_1 | freq=13 | noise=1 | magnitude=50 | lead_time=2 | PID 3069782 | GPU 1
[2026-07-16T12:05:50] Started local_patchtst | local_patchtst_042_half_yearly_medium_mag_noise10_lt3 | run_9 | freq=26 | noise=1 | magnitude=100 | lead_time=3 | PID 3071435 | GPU 4
[2026-07-16T12:05:54] Started local_patchtst | local_patchtst_043_half_yearly_medium_mag_noise100_lt1 | run_3 | freq=26 | noise=1 | magnitude=100 | lead_time=1 | PID 3071442 | GPU 3
[2026-07-16T12:05:57] Started local_patchtst | local_patchtst_043_half_yearly_medium_mag_noise100_lt1 | run_7 | freq=26 | noise=1 | magnitude=100 | lead_time=1 | PID 3071451 | GPU 3
[2026-07-16T12:06:00] Started local_patchtst | local_patchtst_044_half_yearly_medium_mag_noise100_lt2 | run_1 | freq=26 | noise=1 | magnitude=100 | lead_time=2 | PID 3071459 | GPU 3
[2026-07-16T12:06:05] Started local_patchtst | local_patchtst_048_half_yearly_high_mag_noise0_lt3 | run_1 | freq=26 | noise=1 | magnitude=200 | lead_time=3 | PID 3071677 | GPU 0
[2026-07-16T12:06:25] Started split_patchtst | split_patchtst_008_yearly_low_mag_noise100_lt2 | run_9 | freq=52 | noise=1 | magnitude=50 | lead_time=2 | PID 3072178 | GPU 0
[2026-07-16T12:06:30] Started split_patchtst | split_patchtst_013_yearly_medium_mag_noise10_lt1 | run_3 | freq=52 | noise=1 | magnitude=100 | lead_time=1 | PID 3072253 | GPU 6
[2026-07-16T12:06:46] Started split_patchtst | split_patchtst_064_quarterly_medium_mag_noise0_lt1 | run_1 | freq=13 | noise=1 | magnitude=100 | lead_time=1 | PID 3072808 | GPU 1
[2026-07-16T12:07:02] Finished local_patchtst | local_patchtst_065_quarterly_medium_mag_noise0_lt2 | run_3 | freq=13 | noise=1 | magnitude=100 | lead_time=2
[2026-07-16T12:07:23] Started local_timemixer | local_timemixer_085_half_quarterly_low_mag_noise10_lt1 | run_3 | freq=7 | noise=1 | magnitude=50 | lead_time=1 | PID 3073754 | GPU 6
[2026-07-16T12:07:28] Started local_timemixer | local_timemixer_093_half_quarterly_medium_mag_noise0_lt3 | run_7 | freq=7 | noise=1 | magnitude=100 | lead_time=3 | PID 3073814 | GPU 6
[2026-07-16T12:07:36] Started split_timemixer | split_timemixer_002_yearly_low_mag_noise0_lt2 | run_9 | freq=52 | noise=1 | magnitude=50 | lead_time=2 | PID 3073916 | GPU 4
[2026-07-16T12:07:41] Started split_timemixer | split_timemixer_010_yearly_medium_mag_noise0_lt1 | run_5 | freq=52 | noise=1 | magnitude=100 | lead_time=1 | PID 3073969 | GPU 3
[2026-07-16T12:08:44] Started split_patchtst | split_patchtst_021_yearly_high_mag_noise0_lt3 | run_7 | freq=52 | noise=1 | magnitude=200 | lead_time=3 | PID 3075730 | GPU 1
[2026-07-16T12:09:11] Started split_patchtst | split_patchtst_106_half_quarterly_high_mag_noise100_lt1 | run_9 | freq=7 | noise=1 | magnitude=200 | lead_time=1 | PID 3076561 | GPU 5
[2026-07-16T12:09:14] Finished split_patchtst | split_patchtst_064_quarterly_medium_mag_noise0_lt1 | run_1 | freq=13 | noise=1 | magnitude=100 | lead_time=1
[2026-07-16T12:09:50] Started split_timemixer | split_timemixer_036_half_yearly_low_mag_noise100_lt3 | run_9 | freq=26 | noise=1 | magnitude=50 | lead_time=3 | PID 3077518 | GPU 0
[2026-07-16T12:10:25] Started local_patchtst | local_patchtst_052_half_yearly_high_mag_noise100_lt1 | run_1 | freq=26 | noise=1 | magnitude=200 | lead_time=1 | PID 3078483 | GPU 1
[2026-07-16T12:10:28] Started local_patchtst | local_patchtst_052_half_yearly_high_mag_noise100_lt1 | run_5 | freq=26 | noise=1 | magnitude=200 | lead_time=1 | PID 3078556 | GPU 1
[2026-07-16T12:10:31] Started local_patchtst | local_patchtst_053_half_yearly_high_mag_noise100_lt2 | run_3 | freq=26 | noise=1 | magnitude=200 | lead_time=2 | PID 3078704 | GPU 5
[2026-07-16T12:10:35] Started local_patchtst | local_patchtst_053_half_yearly_high_mag_noise100_lt2 | run_7 | freq=26 | noise=1 | magnitude=200 | lead_time=2 | PID 3078771 | GPU 5
[2026-07-16T12:10:50] Started local_patchtst | local_patchtst_096_half_quarterly_medium_mag_noise10_lt3 | run_9 | freq=7 | noise=1 | magnitude=100 | lead_time=3 | PID 3079031 | GPU 3
[2026-07-16T12:11:02] Started split_patchtst | split_patchtst_022_yearly_high_mag_noise10_lt1 | run_1 | freq=52 | noise=1 | magnitude=200 | lead_time=1 | PID 3079193 | GPU 4
[2026-07-16T12:11:05] Started split_patchtst | split_patchtst_022_yearly_high_mag_noise10_lt1 | run_5 | freq=52 | noise=1 | magnitude=200 | lead_time=1 | PID 3079200 | GPU 7
[2026-07-16T12:11:08] Started split_patchtst | split_patchtst_022_yearly_high_mag_noise10_lt1 | run_9 | freq=52 | noise=1 | magnitude=200 | lead_time=1 | PID 3079386 | GPU 7
[2026-07-16T12:11:34] Finished split_patchtst | split_patchtst_106_half_quarterly_high_mag_noise100_lt1 | run_9 | freq=7 | noise=1 | magnitude=200 | lead_time=1
[2026-07-16T12:11:42] Started local_timemixer | local_timemixer_034_half_yearly_low_mag_noise100_lt1 | run_8 | freq=26 | noise=1 | magnitude=50 | lead_time=1 | PID 3080274 | GPU 5
[2026-07-16T12:11:50] Started local_timemixer | local_timemixer_055_quarterly_low_mag_noise0_lt1 | run_6 | freq=13 | noise=1 | magnitude=50 | lead_time=1 | PID 3080558 | GPU 1
[2026-07-16T12:11:54] Started local_timemixer | local_timemixer_056_quarterly_low_mag_noise0_lt2 | run_0 | freq=13 | noise=1 | magnitude=50 | lead_time=2 | PID 3080565 | GPU 1
[2026-07-16T12:12:09] Started local_timemixer | local_timemixer_100_half_quarterly_high_mag_noise0_lt1 | run_5 | freq=7 | noise=1 | magnitude=200 | lead_time=1 | PID 3080973 | GPU 3
[2026-07-16T12:12:12] Started local_timemixer | local_timemixer_100_half_quarterly_high_mag_noise0_lt1 | run_9 | freq=7 | noise=1 | magnitude=200 | lead_time=1 | PID 3080981 | GPU 3
[2026-07-16T12:12:24] Started split_timemixer | split_timemixer_028_half_yearly_low_mag_noise0_lt1 | run_1 | freq=26 | noise=1 | magnitude=50 | lead_time=1 | PID 3081152 | GPU 7
[2026-07-16T12:12:27] Started split_timemixer | split_timemixer_028_half_yearly_low_mag_noise0_lt1 | run_5 | freq=26 | noise=1 | magnitude=50 | lead_time=1 | PID 3081159 | GPU 7
[2026-07-16T12:13:00] Started local_patchtst | local_patchtst_036_half_yearly_low_mag_noise100_lt3 | run_1 | freq=26 | noise=1 | magnitude=50 | lead_time=3 | PID 3082092 | GPU 5
[2026-07-16T12:13:36] Started split_patchtst | split_patchtst_059_quarterly_low_mag_noise10_lt2 | run_3 | freq=13 | noise=1 | magnitude=50 | lead_time=2 | PID 3083015 | GPU 2
[2026-07-16T12:13:39] Started split_patchtst | split_patchtst_059_quarterly_low_mag_noise10_lt2 | run_7 | freq=13 | noise=1 | magnitude=50 | lead_time=2 | PID 3083035 | GPU 2
[2026-07-16T12:13:42] Started split_patchtst | split_patchtst_060_quarterly_low_mag_noise10_lt3 | run_1 | freq=13 | noise=1 | magnitude=50 | lead_time=3 | PID 3083120 | GPU 2
[2026-07-16T12:13:59] Finished split_patchtst | split_patchtst_022_yearly_high_mag_noise10_lt1 | run_9 | freq=52 | noise=1 | magnitude=200 | lead_time=1
[2026-07-16T12:14:06] Started local_timemixer | local_timemixer_031_half_yearly_low_mag_noise10_lt1 | run_4 | freq=26 | noise=1 | magnitude=50 | lead_time=1 | PID 3083601 | GPU 4
[2026-07-16T12:14:27] Started local_timemixer | local_timemixer_103_half_quarterly_high_mag_noise10_lt1 | run_3 | freq=7 | noise=1 | magnitude=200 | lead_time=1 | PID 3084428 | GPU 6
[2026-07-16T12:14:38] Started split_timemixer | split_timemixer_026_yearly_high_mag_noise100_lt2 | run_9 | freq=52 | noise=1 | magnitude=200 | lead_time=2 | PID 3084599 | GPU 5
[2026-07-16T12:14:49] Started split_timemixer | split_timemixer_059_quarterly_low_mag_noise10_lt2 | run_3 | freq=13 | noise=1 | magnitude=50 | lead_time=2 | PID 3084862 | GPU 6
[2026-07-16T12:15:31] Started local_patchtst | local_patchtst_102_half_quarterly_high_mag_noise0_lt3 | run_9 | freq=7 | noise=1 | magnitude=200 | lead_time=3 | PID 3086019 | GPU 4
[2026-07-16T12:15:34] Started local_patchtst | local_patchtst_103_half_quarterly_high_mag_noise10_lt1 | run_3 | freq=7 | noise=1 | magnitude=200 | lead_time=1 | PID 3086098 | GPU 2
[2026-07-16T12:16:07] Finished split_patchtst | split_patchtst_060_quarterly_low_mag_noise10_lt3 | run_1 | freq=13 | noise=1 | magnitude=50 | lead_time=3
[2026-07-16T12:16:08] Started local_timemixer | local_timemixer_003_yearly_low_mag_noise0_lt3 | run_5 | freq=52 | noise=1 | magnitude=50 | lead_time=3 | PID 3086867 | GPU 2
[2026-07-16T12:16:11] Started local_timemixer | local_timemixer_003_yearly_low_mag_noise0_lt3 | run_9 | freq=52 | noise=1 | magnitude=50 | lead_time=3 | PID 3087053 | GPU 2
[2026-07-16T12:16:21] Started local_timemixer | local_timemixer_034_half_yearly_low_mag_noise100_lt1 | run_4 | freq=26 | noise=1 | magnitude=50 | lead_time=1 | PID 3087192 | GPU 4
[2026-07-16T12:16:58] Started split_timemixer | split_timemixer_067_quarterly_medium_mag_noise10_lt1 | run_3 | freq=13 | noise=1 | magnitude=100 | lead_time=1 | PID 3088283 | GPU 5
[2026-07-16T12:17:18] Started local_patchtst | local_patchtst_021_yearly_high_mag_noise0_lt3 | run_7 | freq=52 | noise=1 | magnitude=200 | lead_time=3 | PID 3088841 | GPU 1
[2026-07-16T12:17:42] Started local_patchtst | local_patchtst_106_half_quarterly_high_mag_noise100_lt1 | run_1 | freq=7 | noise=1 | magnitude=200 | lead_time=1 | PID 3089247 | GPU 1
[2026-07-16T12:18:05] Started split_patchtst | split_patchtst_076_quarterly_high_mag_noise10_lt1 | run_5 | freq=13 | noise=1 | magnitude=200 | lead_time=1 | PID 3089938 | GPU 3
[2026-07-16T12:18:08] Started split_patchtst | split_patchtst_076_quarterly_high_mag_noise10_lt1 | run_9 | freq=13 | noise=1 | magnitude=200 | lead_time=1 | PID 3090002 | GPU 3
[2026-07-16T12:18:20] Finished local_timemixer | local_timemixer_100_half_quarterly_high_mag_noise0_lt1 | run_9 | freq=7 | noise=1 | magnitude=200 | lead_time=1
[2026-07-16T12:18:26] Started local_timemixer | local_timemixer_024_yearly_high_mag_noise10_lt3 | run_1 | freq=52 | noise=1 | magnitude=200 | lead_time=3 | PID 3090549 | GPU 1
[2026-07-16T12:19:03] Started split_timemixer | split_timemixer_057_quarterly_low_mag_noise0_lt3 | run_3 | freq=13 | noise=1 | magnitude=50 | lead_time=3 | PID 3091306 | GPU 0
[2026-07-16T12:19:07] Started split_timemixer | split_timemixer_057_quarterly_low_mag_noise0_lt3 | run_7 | freq=13 | noise=1 | magnitude=50 | lead_time=3 | PID 3091317 | GPU 0
[2026-07-16T12:19:26] Started local_patchtst | local_patchtst_010_yearly_medium_mag_noise0_lt1 | run_1 | freq=52 | noise=1 | magnitude=100 | lead_time=1 | PID 3092109 | GPU 3
[2026-07-16T12:19:29] Started local_patchtst | local_patchtst_010_yearly_medium_mag_noise0_lt1 | run_5 | freq=52 | noise=1 | magnitude=100 | lead_time=1 | PID 3092191 | GPU 3
[2026-07-16T12:19:42] Started local_patchtst | local_patchtst_051_half_yearly_high_mag_noise10_lt3 | run_3 | freq=26 | noise=1 | magnitude=200 | lead_time=3 | PID 3092400 | GPU 4
[2026-07-16T12:19:56] Started local_patchtst | local_patchtst_092_half_quarterly_medium_mag_noise0_lt2 | run_5 | freq=7 | noise=1 | magnitude=100 | lead_time=2 | PID 3092594 | GPU 1
[2026-07-16T12:20:31] Finished split_patchtst | split_patchtst_076_quarterly_high_mag_noise10_lt1 | run_9 | freq=13 | noise=1 | magnitude=200 | lead_time=1
[2026-07-16T12:20:48] Started local_timemixer | local_timemixer_075_quarterly_high_mag_noise0_lt3 | run_3 | freq=13 | noise=1 | magnitude=200 | lead_time=3 | PID 3094193 | GPU 3
[2026-07-16T12:20:51] Started local_timemixer | local_timemixer_075_quarterly_high_mag_noise0_lt3 | run_7 | freq=13 | noise=1 | magnitude=200 | lead_time=3 | PID 3094200 | GPU 4
[2026-07-16T12:20:55] Started local_timemixer | local_timemixer_076_quarterly_high_mag_noise10_lt1 | run_1 | freq=13 | noise=1 | magnitude=200 | lead_time=1 | PID 3094208 | GPU 4
[2026-07-16T12:21:06] Started local_timemixer | local_timemixer_106_half_quarterly_high_mag_noise100_lt1 | run_9 | freq=7 | noise=1 | magnitude=200 | lead_time=1 | PID 3094464 | GPU 6
[2026-07-16T12:21:44] Started local_patchtst | local_patchtst_034_half_yearly_low_mag_noise100_lt1 | run_9 | freq=26 | noise=1 | magnitude=50 | lead_time=1 | PID 3095374 | GPU 3
[2026-07-16T12:21:48] Started local_patchtst | local_patchtst_039_half_yearly_medium_mag_noise0_lt3 | run_3 | freq=26 | noise=1 | magnitude=100 | lead_time=3 | PID 3095467 | GPU 1
[2026-07-16T12:22:00] Started local_patchtst | local_patchtst_075_quarterly_high_mag_noise0_lt3 | run_3 | freq=13 | noise=1 | magnitude=200 | lead_time=3 | PID 3095860 | GPU 7
[2026-07-16T12:22:04] Started local_patchtst | local_patchtst_075_quarterly_high_mag_noise0_lt3 | run_7 | freq=13 | noise=1 | magnitude=200 | lead_time=3 | PID 3096004 | GPU 7
[2026-07-16T12:22:42] Finished local_patchtst | local_patchtst_092_half_quarterly_medium_mag_noise0_lt2 | run_5 | freq=7 | noise=1 | magnitude=100 | lead_time=2
[2026-07-16T12:22:55] Started local_timemixer | local_timemixer_057_quarterly_low_mag_noise0_lt3 | run_2 | freq=13 | noise=1 | magnitude=50 | lead_time=3 | PID 3097152 | GPU 6
[2026-07-16T12:22:59] Started local_timemixer | local_timemixer_058_quarterly_low_mag_noise10_lt1 | run_0 | freq=13 | noise=1 | magnitude=50 | lead_time=1 | PID 3097161 | GPU 7
[2026-07-16T12:23:04] Started local_timemixer | local_timemixer_066_quarterly_medium_mag_noise0_lt3 | run_5 | freq=13 | noise=1 | magnitude=100 | lead_time=3 | PID 3097248 | GPU 7
[2026-07-16T12:23:25] Started split_timemixer | split_timemixer_033_half_yearly_low_mag_noise10_lt3 | run_3 | freq=26 | noise=1 | magnitude=50 | lead_time=3 | PID 3098163 | GPU 1
[2026-07-16T12:23:29] Started split_timemixer | split_timemixer_033_half_yearly_low_mag_noise10_lt3 | run_7 | freq=26 | noise=1 | magnitude=50 | lead_time=3 | PID 3098189 | GPU 2
[2026-07-16T12:23:32] Started split_timemixer | split_timemixer_034_half_yearly_low_mag_noise100_lt1 | run_1 | freq=26 | noise=1 | magnitude=50 | lead_time=1 | PID 3098244 | GPU 2
[2026-07-16T12:23:36] Started split_timemixer | split_timemixer_037_half_yearly_medium_mag_noise0_lt1 | run_3 | freq=26 | noise=1 | magnitude=100 | lead_time=1 | PID 3098260 | GPU 3
[2026-07-16T12:24:05] Started local_patchtst | local_patchtst_032_half_yearly_low_mag_noise10_lt2 | run_5 | freq=26 | noise=1 | magnitude=50 | lead_time=2 | PID 3098748 | GPU 1
[2026-07-16T12:24:09] Started local_patchtst | local_patchtst_032_half_yearly_low_mag_noise10_lt2 | run_9 | freq=26 | noise=1 | magnitude=50 | lead_time=2 | PID 3098864 | GPU 5
[2026-07-16T12:24:12] Started local_patchtst | local_patchtst_033_half_yearly_low_mag_noise10_lt3 | run_3 | freq=26 | noise=1 | magnitude=50 | lead_time=3 | PID 3098873 | GPU 5
[2026-07-16T12:25:01] Finished local_patchtst | local_patchtst_075_quarterly_high_mag_noise0_lt3 | run_7 | freq=13 | noise=1 | magnitude=200 | lead_time=3
[2026-07-16T12:25:05] Started local_timemixer | local_timemixer_019_yearly_high_mag_noise0_lt1 | run_9 | freq=52 | noise=1 | magnitude=200 | lead_time=1 | PID 3100380 | GPU 5
[2026-07-16T12:25:09] Started local_timemixer | local_timemixer_022_yearly_high_mag_noise10_lt1 | run_9 | freq=52 | noise=1 | magnitude=200 | lead_time=1 | PID 3100414 | GPU 5
[2026-07-16T12:25:39] Started split_timemixer | split_timemixer_027_yearly_high_mag_noise100_lt3 | run_7 | freq=52 | noise=1 | magnitude=200 | lead_time=3 | PID 3101206 | GPU 1
[2026-07-16T12:26:22] Started local_patchtst | local_patchtst_085_half_quarterly_low_mag_noise10_lt1 | run_3 | freq=7 | noise=1 | magnitude=50 | lead_time=1 | PID 3102592 | GPU 6
[2026-07-16T12:26:31] Started split_patchtst | split_patchtst_002_yearly_low_mag_noise0_lt2 | run_1 | freq=52 | noise=1 | magnitude=50 | lead_time=2 | PID 3102708 | GPU 3
[2026-07-16T12:26:52] Started split_patchtst | split_patchtst_070_quarterly_medium_mag_noise100_lt1 | run_1 | freq=13 | noise=1 | magnitude=100 | lead_time=1 | PID 3103097 | GPU 4
[2026-07-16T12:27:05] Finished local_patchtst | local_patchtst_033_half_yearly_low_mag_noise10_lt3 | run_3 | freq=26 | noise=1 | magnitude=50 | lead_time=3
[2026-07-16T12:27:24] Started local_timemixer | local_timemixer_082_half_quarterly_low_mag_noise0_lt1 | run_5 | freq=7 | noise=1 | magnitude=50 | lead_time=1 | PID 3104247 | GPU 6
[2026-07-16T12:28:12] Started local_patchtst | local_patchtst_054_half_yearly_high_mag_noise100_lt3 | run_5 | freq=26 | noise=1 | magnitude=200 | lead_time=3 | PID 3105139 | GPU 4
[2026-07-16T12:28:24] Started local_patchtst | local_patchtst_089_half_quarterly_low_mag_noise100_lt2 | run_7 | freq=7 | noise=1 | magnitude=50 | lead_time=2 | PID 3105833 | GPU 3
[2026-07-16T12:28:59] Finished split_patchtst | split_patchtst_070_quarterly_medium_mag_noise100_lt1 | run_1 | freq=13 | noise=1 | magnitude=100 | lead_time=1
[2026-07-16T12:29:05] Started local_timemixer | local_timemixer_027_yearly_high_mag_noise100_lt3 | run_7 | freq=52 | noise=1 | magnitude=200 | lead_time=3 | PID 3106684 | GPU 4
[2026-07-16T12:29:11] Started local_timemixer | local_timemixer_037_half_yearly_medium_mag_noise0_lt1 | run_5 | freq=26 | noise=1 | magnitude=100 | lead_time=1 | PID 3106725 | GPU 0
[2026-07-16T12:29:14] Started local_timemixer | local_timemixer_037_half_yearly_medium_mag_noise0_lt1 | run_9 | freq=26 | noise=1 | magnitude=100 | lead_time=1 | PID 3106735 | GPU 0
[2026-07-16T12:29:26] Started local_timemixer | local_timemixer_076_quarterly_high_mag_noise10_lt1 | run_5 | freq=13 | noise=1 | magnitude=200 | lead_time=1 | PID 3107203 | GPU 7
[2026-07-16T12:29:29] Started local_timemixer | local_timemixer_076_quarterly_high_mag_noise10_lt1 | run_9 | freq=13 | noise=1 | magnitude=200 | lead_time=1 | PID 3107235 | GPU 7
[2026-07-16T12:30:10] Started local_patchtst | local_patchtst_016_yearly_medium_mag_noise100_lt1 | run_9 | freq=52 | noise=1 | magnitude=100 | lead_time=1 | PID 3108318 | GPU 3
[2026-07-16T12:31:01] Finished local_patchtst | local_patchtst_089_half_quarterly_low_mag_noise100_lt2 | run_7 | freq=7 | noise=1 | magnitude=50 | lead_time=2
[2026-07-16T12:31:02] Started local_timemixer | local_timemixer_004_yearly_low_mag_noise10_lt1 | run_3 | freq=52 | noise=1 | magnitude=50 | lead_time=1 | PID 3109855 | GPU 3
[2026-07-16T12:31:05] Started local_timemixer | local_timemixer_004_yearly_low_mag_noise10_lt1 | run_7 | freq=52 | noise=1 | magnitude=50 | lead_time=1 | PID 3109902 | GPU 3
[2026-07-16T12:31:36] Started split_timemixer | split_timemixer_019_yearly_high_mag_noise0_lt1 | run_3 | freq=52 | noise=1 | magnitude=200 | lead_time=1 | PID 3110726 | GPU 5
[2026-07-16T12:31:40] Started split_timemixer | split_timemixer_019_yearly_high_mag_noise0_lt1 | run_7 | freq=52 | noise=1 | magnitude=200 | lead_time=1 | PID 3110747 | GPU 5
[2026-07-16T12:31:50] Started split_timemixer | split_timemixer_052_half_yearly_high_mag_noise100_lt1 | run_9 | freq=26 | noise=1 | magnitude=200 | lead_time=1 | PID 3110890 | GPU 2
[2026-07-16T12:32:46] Started split_patchtst | split_patchtst_054_half_yearly_high_mag_noise100_lt3 | run_5 | freq=26 | noise=1 | magnitude=200 | lead_time=3 | PID 3112559 | GPU 2
[2026-07-16T12:33:03] Finished local_patchtst | local_patchtst_016_yearly_medium_mag_noise100_lt1 | run_9 | freq=52 | noise=1 | magnitude=100 | lead_time=1
[2026-07-16T12:33:26] Started local_timemixer | local_timemixer_107_half_quarterly_high_mag_noise100_lt2 | run_3 | freq=7 | noise=1 | magnitude=200 | lead_time=2 | PID 3113533 | GPU 6
[2026-07-16T12:34:11] Started local_patchtst | local_patchtst_071_quarterly_medium_mag_noise100_lt2 | run_3 | freq=13 | noise=1 | magnitude=100 | lead_time=2 | PID 3114702 | GPU 1
[2026-07-16T12:34:14] Started local_patchtst | local_patchtst_071_quarterly_medium_mag_noise100_lt2 | run_7 | freq=13 | noise=1 | magnitude=100 | lead_time=2 | PID 3114710 | GPU 1
[2026-07-16T12:34:17] Started local_patchtst | local_patchtst_072_quarterly_medium_mag_noise100_lt3 | run_1 | freq=13 | noise=1 | magnitude=100 | lead_time=3 | PID 3114736 | GPU 1
[2026-07-16T12:34:23] Started local_patchtst | local_patchtst_082_half_quarterly_low_mag_noise0_lt1 | run_5 | freq=7 | noise=1 | magnitude=50 | lead_time=1 | PID 3115023 | GPU 2
[2026-07-16T12:34:30] Started local_patchtst | local_patchtst_098_half_quarterly_medium_mag_noise100_lt2 | run_1 | freq=7 | noise=1 | magnitude=100 | lead_time=2 | PID 3115158 | GPU 4
[2026-07-16T12:34:39] Started split_patchtst | split_patchtst_012_yearly_medium_mag_noise0_lt3 | run_9 | freq=52 | noise=1 | magnitude=100 | lead_time=3 | PID 3115329 | GPU 0
[2026-07-16T12:34:49] Started split_patchtst | split_patchtst_042_half_yearly_medium_mag_noise10_lt3 | run_9 | freq=26 | noise=1 | magnitude=100 | lead_time=3 | PID 3115711 | GPU 7
[2026-07-16T12:34:53] Started split_patchtst | split_patchtst_043_half_yearly_medium_mag_noise100_lt1 | run_3 | freq=26 | noise=1 | magnitude=100 | lead_time=1 | PID 3115795 | GPU 7
[2026-07-16T12:34:56] Started split_patchtst | split_patchtst_043_half_yearly_medium_mag_noise100_lt1 | run_7 | freq=26 | noise=1 | magnitude=100 | lead_time=1 | PID 3115821 | GPU 0
[2026-07-16T12:35:16] Finished local_timemixer | local_timemixer_076_quarterly_high_mag_noise10_lt1 | run_9 | freq=13 | noise=1 | magnitude=200 | lead_time=1
[2026-07-16T12:35:17] Started local_timemixer | local_timemixer_006_yearly_low_mag_noise10_lt3 | run_7 | freq=52 | noise=1 | magnitude=50 | lead_time=3 | PID 3116145 | GPU 4
[2026-07-16T12:36:03] Started split_timemixer | split_timemixer_086_half_quarterly_low_mag_noise10_lt2 | run_5 | freq=7 | noise=1 | magnitude=50 | lead_time=2 | PID 3117494 | GPU 0
[2026-07-16T12:36:07] Started split_timemixer | split_timemixer_086_half_quarterly_low_mag_noise10_lt2 | run_9 | freq=7 | noise=1 | magnitude=50 | lead_time=2 | PID 3117567 | GPU 1
[2026-07-16T12:36:10] Started split_timemixer | split_timemixer_087_half_quarterly_low_mag_noise10_lt3 | run_3 | freq=7 | noise=1 | magnitude=50 | lead_time=3 | PID 3117640 | GPU 7
[2026-07-16T12:36:13] Started split_timemixer | split_timemixer_087_half_quarterly_low_mag_noise10_lt3 | run_7 | freq=7 | noise=1 | magnitude=50 | lead_time=3 | PID 3117650 | GPU 7
[2026-07-16T12:36:30] Started local_patchtst | local_patchtst_036_half_yearly_low_mag_noise100_lt3 | run_9 | freq=26 | noise=1 | magnitude=50 | lead_time=3 | PID 3118138 | GPU 4
[2026-07-16T12:36:37] Started local_patchtst | local_patchtst_055_quarterly_low_mag_noise0_lt1 | run_3 | freq=13 | noise=1 | magnitude=50 | lead_time=1 | PID 3118327 | GPU 0
[2026-07-16T12:36:42] Started local_patchtst | local_patchtst_061_quarterly_low_mag_noise100_lt1 | run_7 | freq=13 | noise=1 | magnitude=50 | lead_time=1 | PID 3118377 | GPU 3
[2026-07-16T12:36:45] Started local_patchtst | local_patchtst_062_quarterly_low_mag_noise100_lt2 | run_1 | freq=13 | noise=1 | magnitude=50 | lead_time=2 | PID 3118386 | GPU 3
[2026-07-16T12:37:26] Finished split_patchtst | split_patchtst_043_half_yearly_medium_mag_noise100_lt1 | run_7 | freq=26 | noise=1 | magnitude=100 | lead_time=1
[2026-07-16T12:37:40] Started local_timemixer | local_timemixer_068_quarterly_medium_mag_noise10_lt2 | run_5 | freq=13 | noise=1 | magnitude=100 | lead_time=2 | PID 3120028 | GPU 3
[2026-07-16T12:37:46] Started local_timemixer | local_timemixer_080_quarterly_high_mag_noise100_lt2 | run_9 | freq=13 | noise=1 | magnitude=200 | lead_time=2 | PID 3120091 | GPU 1
[2026-07-16T12:37:52] Started local_timemixer | local_timemixer_094_half_quarterly_medium_mag_noise10_lt1 | run_1 | freq=7 | noise=1 | magnitude=100 | lead_time=1 | PID 3120153 | GPU 2
[2026-07-16T12:37:56] Started local_timemixer | local_timemixer_094_half_quarterly_medium_mag_noise10_lt1 | run_5 | freq=7 | noise=1 | magnitude=100 | lead_time=1 | PID 3120160 | GPU 2
[2026-07-16T12:38:10] Started split_timemixer | split_timemixer_036_half_yearly_low_mag_noise100_lt3 | run_1 | freq=26 | noise=1 | magnitude=50 | lead_time=3 | PID 3120371 | GPU 0
[2026-07-16T12:38:31] Started split_timemixer | split_timemixer_108_half_quarterly_high_mag_noise100_lt3 | run_9 | freq=7 | noise=1 | magnitude=200 | lead_time=3 | PID 3120978 | GPU 4
[2026-07-16T12:39:01] Started split_patchtst | split_patchtst_011_yearly_medium_mag_noise0_lt2 | run_7 | freq=52 | noise=1 | magnitude=100 | lead_time=2 | PID 3121883 | GPU 3
[2026-07-16T12:39:12] Started split_patchtst | split_patchtst_042_half_yearly_medium_mag_noise10_lt3 | run_5 | freq=26 | noise=1 | magnitude=100 | lead_time=3 | PID 3122028 | GPU 6
[2026-07-16T12:39:31] Finished local_patchtst | local_patchtst_062_quarterly_low_mag_noise100_lt2 | run_1 | freq=13 | noise=1 | magnitude=50 | lead_time=2
[2026-07-16T12:39:54] Started local_timemixer | local_timemixer_104_half_quarterly_high_mag_noise10_lt2 | run_9 | freq=7 | noise=1 | magnitude=200 | lead_time=2 | PID 3123275 | GPU 3
[2026-07-16T12:40:41] Started local_patchtst | local_patchtst_083_half_quarterly_low_mag_noise0_lt2 | run_3 | freq=7 | noise=1 | magnitude=50 | lead_time=2 | PID 3124484 | GPU 6
[2026-07-16T12:41:18] Finished local_timemixer | local_timemixer_006_yearly_low_mag_noise10_lt3 | run_7 | freq=52 | noise=1 | magnitude=50 | lead_time=3
[2026-07-16T12:41:19] Started local_timemixer | local_timemixer_005_yearly_low_mag_noise10_lt2 | run_9 | freq=52 | noise=1 | magnitude=50 | lead_time=2 | PID 3125583 | GPU 4
[2026-07-16T12:41:29] Started local_timemixer | local_timemixer_039_half_yearly_medium_mag_noise0_lt3 | run_9 | freq=26 | noise=1 | magnitude=100 | lead_time=3 | PID 3125896 | GPU 5
[2026-07-16T12:41:32] Started local_timemixer | local_timemixer_040_half_yearly_medium_mag_noise10_lt1 | run_3 | freq=26 | noise=1 | magnitude=100 | lead_time=1 | PID 3125907 | GPU 5
[2026-07-16T12:42:56] Started split_patchtst | split_patchtst_071_quarterly_medium_mag_noise100_lt2 | run_7 | freq=13 | noise=1 | magnitude=100 | lead_time=2 | PID 3128246 | GPU 3
[2026-07-16T12:43:09] Finished split_patchtst | split_patchtst_011_yearly_medium_mag_noise0_lt2 | run_7 | freq=52 | noise=1 | magnitude=100 | lead_time=2
[2026-07-16T12:43:11] Started local_timemixer | local_timemixer_009_yearly_low_mag_noise100_lt3 | run_7 | freq=52 | noise=1 | magnitude=50 | lead_time=3 | PID 3128491 | GPU 2
[2026-07-16T12:43:14] Started local_timemixer | local_timemixer_010_yearly_medium_mag_noise0_lt1 | run_1 | freq=52 | noise=1 | magnitude=100 | lead_time=1 | PID 3128502 | GPU 2
[2026-07-16T12:43:39] Started split_timemixer | split_timemixer_002_yearly_low_mag_noise0_lt2 | run_5 | freq=52 | noise=1 | magnitude=50 | lead_time=2 | PID 3129191 | GPU 1
[2026-07-16T12:43:52] Started split_timemixer | split_timemixer_045_half_yearly_medium_mag_noise100_lt3 | run_3 | freq=26 | noise=1 | magnitude=100 | lead_time=3 | PID 3129604 | GPU 6
[2026-07-16T12:43:56] Started split_timemixer | split_timemixer_051_half_yearly_high_mag_noise10_lt3 | run_3 | freq=26 | noise=1 | magnitude=200 | lead_time=3 | PID 3129716 | GPU 3
[2026-07-16T12:44:30] Started local_patchtst | local_patchtst_077_quarterly_high_mag_noise10_lt2 | run_3 | freq=13 | noise=1 | magnitude=200 | lead_time=2 | PID 3130557 | GPU 1
[2026-07-16T12:45:07] Finished local_patchtst | local_patchtst_083_half_quarterly_low_mag_noise0_lt2 | run_3 | freq=7 | noise=1 | magnitude=50 | lead_time=2
[2026-07-16T12:45:24] Started local_timemixer | local_timemixer_082_half_quarterly_low_mag_noise0_lt1 | run_9 | freq=7 | noise=1 | magnitude=50 | lead_time=1 | PID 3131990 | GPU 5
[2026-07-16T12:46:06] Started local_patchtst | local_patchtst_036_half_yearly_low_mag_noise100_lt3 | run_5 | freq=26 | noise=1 | magnitude=50 | lead_time=3 | PID 3133010 | GPU 0
[2026-07-16T12:46:32] Started split_patchtst | split_patchtst_031_half_yearly_low_mag_noise10_lt1 | run_3 | freq=26 | noise=1 | magnitude=50 | lead_time=1 | PID 3134001 | GPU 7
[2026-07-16T12:46:50] Started split_patchtst | split_patchtst_095_half_quarterly_medium_mag_noise10_lt2 | run_3 | freq=7 | noise=1 | magnitude=100 | lead_time=2 | PID 3134307 | GPU 3
[2026-07-16T12:46:55] Started split_patchtst | split_patchtst_101_half_quarterly_high_mag_noise0_lt2 | run_7 | freq=7 | noise=1 | magnitude=200 | lead_time=2 | PID 3134344 | GPU 6
[2026-07-16T12:46:59] Started split_patchtst | split_patchtst_102_half_quarterly_high_mag_noise0_lt3 | run_1 | freq=7 | noise=1 | magnitude=200 | lead_time=3 | PID 3134352 | GPU 0
[2026-07-16T12:47:04] Finished split_patchtst | split_patchtst_071_quarterly_medium_mag_noise100_lt2 | run_7 | freq=13 | noise=1 | magnitude=100 | lead_time=2
[2026-07-16T12:47:21] Started local_timemixer | local_timemixer_086_half_quarterly_low_mag_noise10_lt2 | run_1 | freq=7 | noise=1 | magnitude=50 | lead_time=2 | PID 3134878 | GPU 4
[2026-07-16T12:47:28] Started local_timemixer | local_timemixer_099_half_quarterly_medium_mag_noise100_lt3 | run_7 | freq=7 | noise=1 | magnitude=100 | lead_time=3 | PID 3134942 | GPU 0
[2026-07-16T12:47:37] Started split_timemixer | split_timemixer_016_yearly_medium_mag_noise100_lt1 | run_5 | freq=52 | noise=1 | magnitude=100 | lead_time=1 | PID 3135412 | GPU 6
[2026-07-16T12:47:41] Started split_timemixer | split_timemixer_022_yearly_high_mag_noise10_lt1 | run_9 | freq=52 | noise=1 | magnitude=200 | lead_time=1 | PID 3135554 | GPU 1
[2026-07-16T12:47:51] Started split_timemixer | split_timemixer_054_half_yearly_high_mag_noise100_lt3 | run_9 | freq=26 | noise=1 | magnitude=200 | lead_time=3 | PID 3135743 | GPU 4
[2026-07-16T12:48:44] Started split_patchtst | split_patchtst_049_half_yearly_high_mag_noise10_lt1 | run_7 | freq=26 | noise=1 | magnitude=200 | lead_time=1 | PID 3136983 | GPU 3
[2026-07-16T12:48:55] Started split_patchtst | split_patchtst_083_half_quarterly_low_mag_noise0_lt2 | run_3 | freq=7 | noise=1 | magnitude=50 | lead_time=2 | PID 3137348 | GPU 0
[2026-07-16T12:49:05] Finished split_patchtst | split_patchtst_102_half_quarterly_high_mag_noise0_lt3 | run_1 | freq=7 | noise=1 | magnitude=200 | lead_time=3
[2026-07-16T12:49:16] Started local_timemixer | local_timemixer_055_quarterly_low_mag_noise0_lt1 | run_2 | freq=13 | noise=1 | magnitude=50 | lead_time=1 | PID 3137891 | GPU 0
[2026-07-16T12:49:22] Started local_timemixer | local_timemixer_065_quarterly_medium_mag_noise0_lt2 | run_3 | freq=13 | noise=1 | magnitude=100 | lead_time=2 | PID 3137950 | GPU 2
[2026-07-16T12:49:25] Started local_timemixer | local_timemixer_065_quarterly_medium_mag_noise0_lt2 | run_7 | freq=13 | noise=1 | magnitude=100 | lead_time=2 | PID 3137968 | GPU 2
[2026-07-16T12:50:08] Started local_patchtst | local_patchtst_023_yearly_high_mag_noise10_lt2 | run_3 | freq=52 | noise=1 | magnitude=200 | lead_time=2 | PID 3139081 | GPU 7
[2026-07-16T12:50:37] Started split_patchtst | split_patchtst_034_half_yearly_low_mag_noise100_lt1 | run_1 | freq=26 | noise=1 | magnitude=50 | lead_time=1 | PID 3140093 | GPU 1
[2026-07-16T12:50:58] Finished split_patchtst | split_patchtst_101_half_quarterly_high_mag_noise0_lt2 | run_7 | freq=7 | noise=1 | magnitude=200 | lead_time=2
[2026-07-16T12:51:20] Started split_timemixer | split_timemixer_002_yearly_low_mag_noise0_lt2 | run_1 | freq=52 | noise=1 | magnitude=50 | lead_time=2 | PID 3141020 | GPU 7
[2026-07-16T12:51:29] Started split_timemixer | split_timemixer_025_yearly_high_mag_noise100_lt1 | run_7 | freq=52 | noise=1 | magnitude=200 | lead_time=1 | PID 3141294 | GPU 2
[2026-07-16T12:51:36] Started split_timemixer | split_timemixer_044_half_yearly_medium_mag_noise100_lt2 | run_1 | freq=26 | noise=1 | magnitude=100 | lead_time=2 | PID 3141661 | GPU 3
[2026-07-16T12:51:39] Started split_timemixer | split_timemixer_044_half_yearly_medium_mag_noise100_lt2 | run_5 | freq=26 | noise=1 | magnitude=100 | lead_time=2 | PID 3141707 | GPU 3
[2026-07-16T12:51:54] Started split_timemixer | split_timemixer_092_half_quarterly_medium_mag_noise0_lt2 | run_9 | freq=7 | noise=1 | magnitude=100 | lead_time=2 | PID 3141923 | GPU 5
[2026-07-16T12:52:28] Started split_patchtst | split_patchtst_015_yearly_medium_mag_noise10_lt3 | run_3 | freq=52 | noise=1 | magnitude=100 | lead_time=3 | PID 3142615 | GPU 1
[2026-07-16T12:52:54] Finished split_patchtst | split_patchtst_083_half_quarterly_low_mag_noise0_lt2 | run_3 | freq=7 | noise=1 | magnitude=50 | lead_time=2
[2026-07-16T12:53:59] Started local_patchtst | local_patchtst_084_half_quarterly_low_mag_noise0_lt3 | run_1 | freq=7 | noise=1 | magnitude=50 | lead_time=3 | PID 3145223 | GPU 6
[2026-07-16T12:54:02] Started local_patchtst | local_patchtst_084_half_quarterly_low_mag_noise0_lt3 | run_5 | freq=7 | noise=1 | magnitude=50 | lead_time=3 | PID 3145300 | GPU 6
[2026-07-16T12:54:06] Started local_patchtst | local_patchtst_084_half_quarterly_low_mag_noise0_lt3 | run_9 | freq=7 | noise=1 | magnitude=50 | lead_time=3 | PID 3145380 | GPU 6
[2026-07-16T12:54:23] Started split_patchtst | split_patchtst_038_half_yearly_medium_mag_noise0_lt2 | run_1 | freq=26 | noise=1 | magnitude=100 | lead_time=2 | PID 3145861 | GPU 4
[2026-07-16T12:54:34] Started split_patchtst | split_patchtst_072_quarterly_medium_mag_noise100_lt3 | run_9 | freq=13 | noise=1 | magnitude=100 | lead_time=3 | PID 3146191 | GPU 0
[2026-07-16T12:54:37] Started split_patchtst | split_patchtst_073_quarterly_high_mag_noise0_lt1 | run_3 | freq=13 | noise=1 | magnitude=200 | lead_time=1 | PID 3146201 | GPU 0
[2026-07-16T12:54:49] Finished split_patchtst | split_patchtst_034_half_yearly_low_mag_noise100_lt1 | run_1 | freq=26 | noise=1 | magnitude=50 | lead_time=1
[2026-07-16T12:55:01] Started local_timemixer | local_timemixer_060_quarterly_low_mag_noise10_lt3 | run_1 | freq=13 | noise=1 | magnitude=50 | lead_time=3 | PID 3146649 | GPU 1
[2026-07-16T12:55:05] Started local_timemixer | local_timemixer_060_quarterly_low_mag_noise10_lt3 | run_5 | freq=13 | noise=1 | magnitude=50 | lead_time=3 | PID 3146656 | GPU 1
[2026-07-16T12:55:40] Started split_timemixer | split_timemixer_098_half_quarterly_medium_mag_noise100_lt2 | run_1 | freq=7 | noise=1 | magnitude=100 | lead_time=2 | PID 3147868 | GPU 4
[2026-07-16T12:55:43] Started split_timemixer | split_timemixer_098_half_quarterly_medium_mag_noise100_lt2 | run_5 | freq=7 | noise=1 | magnitude=100 | lead_time=2 | PID 3147881 | GPU 4
[2026-07-16T12:55:54] Started local_patchtst | local_patchtst_022_yearly_high_mag_noise10_lt1 | run_1 | freq=52 | noise=1 | magnitude=200 | lead_time=1 | PID 3148086 | GPU 6
[2026-07-16T12:55:57] Started local_patchtst | local_patchtst_022_yearly_high_mag_noise10_lt1 | run_5 | freq=52 | noise=1 | magnitude=200 | lead_time=1 | PID 3148093 | GPU 0
[2026-07-16T12:56:01] Started local_patchtst | local_patchtst_022_yearly_high_mag_noise10_lt1 | run_9 | freq=52 | noise=1 | magnitude=200 | lead_time=1 | PID 3148101 | GPU 0
[2026-07-16T12:56:47] Finished split_patchtst | split_patchtst_073_quarterly_high_mag_noise0_lt1 | run_3 | freq=13 | noise=1 | magnitude=200 | lead_time=1
[2026-07-16T12:56:47] Started local_timemixer | local_timemixer_005_yearly_low_mag_noise10_lt2 | run_1 | freq=52 | noise=1 | magnitude=50 | lead_time=2 | PID 3149533 | GPU 6
[2026-07-16T12:56:51] Started local_timemixer | local_timemixer_005_yearly_low_mag_noise10_lt2 | run_5 | freq=52 | noise=1 | magnitude=50 | lead_time=2 | PID 3149540 | GPU 6
[2026-07-16T12:57:04] Started local_timemixer | local_timemixer_053_half_yearly_high_mag_noise100_lt2 | run_1 | freq=26 | noise=1 | magnitude=200 | lead_time=2 | PID 3149774 | GPU 0
[2026-07-16T12:57:33] Started split_timemixer | split_timemixer_069_quarterly_medium_mag_noise10_lt3 | run_3 | freq=13 | noise=1 | magnitude=100 | lead_time=3 | PID 3150378 | GPU 0
[2026-07-16T12:58:34] Finished local_patchtst | local_patchtst_022_yearly_high_mag_noise10_lt1 | run_9 | freq=52 | noise=1 | magnitude=200 | lead_time=1
[2026-07-16T12:58:35] Started local_timemixer | local_timemixer_008_yearly_low_mag_noise100_lt2 | run_9 | freq=52 | noise=1 | magnitude=50 | lead_time=2 | PID 3152228 | GPU 2
[2026-07-16T12:59:16] Started split_timemixer | split_timemixer_081_quarterly_high_mag_noise100_lt3 | run_3 | freq=13 | noise=1 | magnitude=200 | lead_time=3 | PID 3153325 | GPU 5
[2026-07-16T12:59:19] Started split_timemixer | split_timemixer_081_quarterly_high_mag_noise100_lt3 | run_7 | freq=13 | noise=1 | magnitude=200 | lead_time=3 | PID 3156255 | GPU 5
[2026-07-16T12:59:58] Started split_patchtst | split_patchtst_030_half_yearly_low_mag_noise0_lt3 | run_5 | freq=26 | noise=1 | magnitude=50 | lead_time=3 | PID 3164225 | GPU 3
[2026-07-16T13:00:20] Finished split_timemixer | split_timemixer_092_half_quarterly_medium_mag_noise0_lt2 | run_9 | freq=7 | noise=1 | magnitude=100 | lead_time=2
[2026-07-16T13:00:42] Started split_timemixer | split_timemixer_008_yearly_low_mag_noise100_lt2 | run_1 | freq=52 | noise=1 | magnitude=50 | lead_time=2 | PID 3166170 | GPU 3
[2026-07-16T13:00:46] Started split_timemixer | split_timemixer_008_yearly_low_mag_noise100_lt2 | run_5 | freq=52 | noise=1 | magnitude=50 | lead_time=2 | PID 3166178 | GPU 3
[2026-07-16T13:01:27] Started local_patchtst | local_patchtst_077_quarterly_high_mag_noise10_lt2 | run_7 | freq=13 | noise=1 | magnitude=200 | lead_time=2 | PID 3166930 | GPU 2
[2026-07-16T13:01:38] Started split_patchtst | split_patchtst_005_yearly_low_mag_noise10_lt2 | run_3 | freq=52 | noise=1 | magnitude=50 | lead_time=2 | PID 3167358 | GPU 1
[2026-07-16T13:01:42] Started split_patchtst | split_patchtst_005_yearly_low_mag_noise10_lt2 | run_7 | freq=52 | noise=1 | magnitude=50 | lead_time=2 | PID 3167446 | GPU 1
[2026-07-16T13:02:09] Finished local_timemixer | local_timemixer_060_quarterly_low_mag_noise10_lt3 | run_5 | freq=13 | noise=1 | magnitude=50 | lead_time=3
[2026-07-16T13:02:14] Started local_timemixer | local_timemixer_025_yearly_high_mag_noise100_lt1 | run_5 | freq=52 | noise=1 | magnitude=200 | lead_time=1 | PID 3168259 | GPU 2
[2026-07-16T13:02:20] Started local_timemixer | local_timemixer_039_half_yearly_medium_mag_noise0_lt3 | run_5 | freq=26 | noise=1 | magnitude=100 | lead_time=3 | PID 3168350 | GPU 2
[2026-07-16T13:02:36] Started local_timemixer | local_timemixer_106_half_quarterly_high_mag_noise100_lt1 | run_5 | freq=7 | noise=1 | magnitude=200 | lead_time=1 | PID 3168626 | GPU 6
[2026-07-16T13:02:40] Started local_timemixer | local_timemixer_107_half_quarterly_high_mag_noise100_lt2 | run_7 | freq=7 | noise=1 | magnitude=200 | lead_time=2 | PID 3168902 | GPU 6
[2026-07-16T13:03:00] Started split_timemixer | split_timemixer_078_quarterly_high_mag_noise10_lt3 | run_1 | freq=13 | noise=1 | magnitude=200 | lead_time=3 | PID 3169359 | GPU 1
[2026-07-16T13:03:03] Started split_timemixer | split_timemixer_078_quarterly_high_mag_noise10_lt3 | run_5 | freq=13 | noise=1 | magnitude=200 | lead_time=3 | PID 3169438 | GPU 1
[2026-07-16T13:04:02] Finished split_patchtst | split_patchtst_005_yearly_low_mag_noise10_lt2 | run_7 | freq=52 | noise=1 | magnitude=50 | lead_time=2
[2026-07-16T13:04:11] Started local_timemixer | local_timemixer_047_half_yearly_high_mag_noise0_lt2 | run_1 | freq=26 | noise=1 | magnitude=200 | lead_time=2 | PID 3171099 | GPU 7
[2026-07-16T13:04:23] Started local_timemixer | local_timemixer_092_half_quarterly_medium_mag_noise0_lt2 | run_9 | freq=7 | noise=1 | magnitude=100 | lead_time=2 | PID 3171552 | GPU 0
[2026-07-16T13:05:41] Finished local_patchtst | local_patchtst_077_quarterly_high_mag_noise10_lt2 | run_7 | freq=13 | noise=1 | magnitude=200 | lead_time=2
[2026-07-16T13:05:49] Started local_timemixer | local_timemixer_042_half_yearly_medium_mag_noise10_lt3 | run_7 | freq=26 | noise=1 | magnitude=100 | lead_time=3 | PID 3174129 | GPU 4
[2026-07-16T13:05:52] Started local_timemixer | local_timemixer_043_half_yearly_medium_mag_noise100_lt1 | run_1 | freq=26 | noise=1 | magnitude=100 | lead_time=1 | PID 3174160 | GPU 4
[2026-07-16T13:06:12] Started split_timemixer | split_timemixer_018_yearly_medium_mag_noise100_lt3 | run_1 | freq=52 | noise=1 | magnitude=100 | lead_time=3 | PID 3174469 | GPU 0
[2026-07-16T13:07:21] Finished split_timemixer | split_timemixer_069_quarterly_medium_mag_noise10_lt3 | run_3 | freq=13 | noise=1 | magnitude=100 | lead_time=3
[2026-07-16T13:07:51] Started split_timemixer | split_timemixer_050_half_yearly_high_mag_noise10_lt2 | run_9 | freq=26 | noise=1 | magnitude=200 | lead_time=2 | PID 3177218 | GPU 6
[2026-07-16T13:07:54] Started split_timemixer | split_timemixer_051_half_yearly_high_mag_noise10_lt3 | run_7 | freq=26 | noise=1 | magnitude=200 | lead_time=3 | PID 3177337 | GPU 6
[2026-07-16T13:08:58] Finished local_timemixer | local_timemixer_107_half_quarterly_high_mag_noise100_lt2 | run_7 | freq=7 | noise=1 | magnitude=200 | lead_time=2
[2026-07-16T13:09:27] Started split_timemixer | split_timemixer_041_half_yearly_medium_mag_noise10_lt2 | run_3 | freq=26 | noise=1 | magnitude=100 | lead_time=2 | PID 3179772 | GPU 5
[2026-07-16T13:09:30] Started split_timemixer | split_timemixer_041_half_yearly_medium_mag_noise10_lt2 | run_7 | freq=26 | noise=1 | magnitude=100 | lead_time=2 | PID 3179848 | GPU 5
[2026-07-16T13:09:37] Started split_timemixer | split_timemixer_063_quarterly_low_mag_noise100_lt3 | run_3 | freq=13 | noise=1 | magnitude=50 | lead_time=3 | PID 3180086 | GPU 2
[2026-07-16T13:09:41] Started split_timemixer | split_timemixer_063_quarterly_low_mag_noise100_lt3 | run_7 | freq=13 | noise=1 | magnitude=50 | lead_time=3 | PID 3180105 | GPU 2
[2026-07-16T13:10:42] Finished local_timemixer | local_timemixer_039_half_yearly_medium_mag_noise0_lt3 | run_5 | freq=26 | noise=1 | magnitude=100 | lead_time=3
[2026-07-16T13:11:12] Started split_timemixer | split_timemixer_044_half_yearly_medium_mag_noise100_lt2 | run_9 | freq=26 | noise=1 | magnitude=100 | lead_time=2 | PID 3182726 | GPU 3
[2026-07-16T13:11:15] Started split_timemixer | split_timemixer_045_half_yearly_medium_mag_noise100_lt3 | run_7 | freq=26 | noise=1 | magnitude=100 | lead_time=3 | PID 3182734 | GPU 3
[2026-07-16T13:11:41] Started local_patchtst | local_patchtst_040_half_yearly_medium_mag_noise10_lt1 | run_9 | freq=26 | noise=1 | magnitude=100 | lead_time=1 | PID 3183159 | GPU 4
[2026-07-16T13:11:44] Started local_patchtst | local_patchtst_041_half_yearly_medium_mag_noise10_lt2 | run_3 | freq=26 | noise=1 | magnitude=100 | lead_time=2 | PID 3183348 | GPU 4
[2026-07-16T13:12:13] Started split_patchtst | split_patchtst_050_half_yearly_high_mag_noise10_lt2 | run_9 | freq=26 | noise=1 | magnitude=200 | lead_time=2 | PID 3184285 | GPU 7
[2026-07-16T13:12:30] Finished local_timemixer | local_timemixer_043_half_yearly_medium_mag_noise100_lt1 | run_1 | freq=26 | noise=1 | magnitude=100 | lead_time=1
[2026-07-16T13:12:38] Started local_timemixer | local_timemixer_042_half_yearly_medium_mag_noise10_lt3 | run_3 | freq=26 | noise=1 | magnitude=100 | lead_time=3 | PID 3184717 | GPU 4
[2026-07-16T13:12:41] Started local_timemixer | local_timemixer_045_half_yearly_medium_mag_noise100_lt3 | run_9 | freq=26 | noise=1 | magnitude=100 | lead_time=3 | PID 3184742 | GPU 0
[2026-07-16T13:13:07] Started split_timemixer | split_timemixer_054_half_yearly_high_mag_noise100_lt3 | run_1 | freq=26 | noise=1 | magnitude=200 | lead_time=3 | PID 3185479 | GPU 1
[2026-07-16T13:13:11] Started split_timemixer | split_timemixer_054_half_yearly_high_mag_noise100_lt3 | run_5 | freq=26 | noise=1 | magnitude=200 | lead_time=3 | PID 3185513 | GPU 1
[2026-07-16T13:13:53] Started split_patchtst | split_patchtst_018_yearly_medium_mag_noise100_lt3 | run_9 | freq=52 | noise=1 | magnitude=100 | lead_time=3 | PID 3186750 | GPU 4
[2026-07-16T13:14:06] Started split_patchtst | split_patchtst_063_quarterly_low_mag_noise100_lt3 | run_7 | freq=13 | noise=1 | magnitude=50 | lead_time=3 | PID 3186934 | GPU 7
[2026-07-16T13:14:20] Finished local_patchtst | local_patchtst_041_half_yearly_medium_mag_noise10_lt2 | run_3 | freq=26 | noise=1 | magnitude=100 | lead_time=2
[2026-07-16T13:14:35] Started local_timemixer | local_timemixer_082_half_quarterly_low_mag_noise0_lt1 | run_1 | freq=7 | noise=1 | magnitude=50 | lead_time=1 | PID 3187662 | GPU 0
[2026-07-16T13:15:11] Started local_patchtst | local_patchtst_021_yearly_high_mag_noise0_lt3 | run_3 | freq=52 | noise=1 | magnitude=200 | lead_time=3 | PID 3188707 | GPU 7
[2026-07-16T13:15:35] Started split_patchtst | split_patchtst_018_yearly_medium_mag_noise100_lt3 | run_5 | freq=52 | noise=1 | magnitude=100 | lead_time=3 | PID 3189269 | GPU 4
[2026-07-16T13:15:58] Started split_patchtst | split_patchtst_100_half_quarterly_high_mag_noise0_lt1 | run_5 | freq=7 | noise=1 | magnitude=200 | lead_time=1 | PID 3190047 | GPU 4
[2026-07-16T13:16:03] Finished split_patchtst | split_patchtst_063_quarterly_low_mag_noise100_lt3 | run_7 | freq=13 | noise=1 | magnitude=50 | lead_time=3
[2026-07-16T13:16:04] Started local_timemixer | local_timemixer_006_yearly_low_mag_noise10_lt3 | run_3 | freq=52 | noise=1 | magnitude=50 | lead_time=3 | PID 3190189 | GPU 7
[2026-07-16T13:16:07] Started local_timemixer | local_timemixer_007_yearly_low_mag_noise100_lt1 | run_2 | freq=52 | noise=1 | magnitude=50 | lead_time=1 | PID 3190196 | GPU 7
[2026-07-16T13:17:18] Started split_patchtst | split_patchtst_014_yearly_medium_mag_noise10_lt2 | run_5 | freq=52 | noise=1 | magnitude=100 | lead_time=2 | PID 3192103 | GPU 6
[2026-07-16T13:17:21] Started split_patchtst | split_patchtst_014_yearly_medium_mag_noise10_lt2 | run_9 | freq=52 | noise=1 | magnitude=100 | lead_time=2 | PID 3192211 | GPU 6
[2026-07-16T13:17:46] Finished split_timemixer | split_timemixer_051_half_yearly_high_mag_noise10_lt3 | run_7 | freq=26 | noise=1 | magnitude=200 | lead_time=3
[2026-07-16T13:18:07] Started split_timemixer | split_timemixer_007_yearly_low_mag_noise100_lt1 | run_3 | freq=52 | noise=1 | magnitude=50 | lead_time=1 | PID 3193269 | GPU 4
[2026-07-16T13:18:35] Started local_patchtst | local_patchtst_017_yearly_medium_mag_noise100_lt2 | run_7 | freq=52 | noise=1 | magnitude=100 | lead_time=2 | PID 3194186 | GPU 6
[2026-07-16T13:18:39] Started local_patchtst | local_patchtst_018_yearly_medium_mag_noise100_lt3 | run_1 | freq=52 | noise=1 | magnitude=100 | lead_time=3 | PID 3194227 | GPU 6
[2026-07-16T13:18:57] Started local_patchtst | local_patchtst_093_half_quarterly_medium_mag_noise0_lt3 | run_3 | freq=7 | noise=1 | magnitude=100 | lead_time=3 | PID 3194697 | GPU 5
[2026-07-16T13:19:00] Started local_patchtst | local_patchtst_093_half_quarterly_medium_mag_noise0_lt3 | run_7 | freq=7 | noise=1 | magnitude=100 | lead_time=3 | PID 3194704 | GPU 5
[2026-07-16T13:19:22] Started split_patchtst | split_patchtst_074_quarterly_high_mag_noise0_lt2 | run_9 | freq=13 | noise=1 | magnitude=200 | lead_time=2 | PID 3195086 | GPU 0
[2026-07-16T13:19:26] Started split_patchtst | split_patchtst_075_quarterly_high_mag_noise0_lt3 | run_3 | freq=13 | noise=1 | magnitude=200 | lead_time=3 | PID 3195170 | GPU 0
[2026-07-16T13:19:37] Finished split_patchtst | split_patchtst_014_yearly_medium_mag_noise10_lt2 | run_9 | freq=52 | noise=1 | magnitude=100 | lead_time=2
[2026-07-16T13:19:40] Started local_timemixer | local_timemixer_019_yearly_high_mag_noise0_lt1 | run_5 | freq=52 | noise=1 | magnitude=200 | lead_time=1 | PID 3195535 | GPU 2
[2026-07-16T13:19:44] Started local_timemixer | local_timemixer_020_yearly_high_mag_noise0_lt2 | run_5 | freq=52 | noise=1 | magnitude=200 | lead_time=2 | PID 3195608 | GPU 2
[2026-07-16T13:19:51] Started local_timemixer | local_timemixer_043_half_yearly_medium_mag_noise100_lt1 | run_5 | freq=26 | noise=1 | magnitude=100 | lead_time=1 | PID 3196009 | GPU 4
[2026-07-16T13:19:55] Started local_timemixer | local_timemixer_048_half_yearly_high_mag_noise0_lt3 | run_3 | freq=26 | noise=1 | magnitude=200 | lead_time=3 | PID 3196105 | GPU 6
[2026-07-16T13:19:58] Started local_timemixer | local_timemixer_049_half_yearly_high_mag_noise10_lt1 | run_1 | freq=26 | noise=1 | magnitude=200 | lead_time=1 | PID 3196113 | GPU 6
[2026-07-16T13:20:20] Started split_timemixer | split_timemixer_037_half_yearly_medium_mag_noise0_lt1 | run_7 | freq=26 | noise=1 | magnitude=100 | lead_time=1 | PID 3196480 | GPU 5
[2026-07-16T13:20:23] Started split_timemixer | split_timemixer_038_half_yearly_medium_mag_noise0_lt2 | run_1 | freq=26 | noise=1 | magnitude=100 | lead_time=2 | PID 3196487 | GPU 5
[2026-07-16T13:20:42] Started local_patchtst | local_patchtst_002_yearly_low_mag_noise0_lt2 | run_5 | freq=52 | noise=1 | magnitude=50 | lead_time=2 | PID 3196950 | GPU 0
[2026-07-16T13:20:45] Started local_patchtst | local_patchtst_003_yearly_low_mag_noise0_lt3 | run_3 | freq=52 | noise=1 | magnitude=50 | lead_time=3 | PID 3196958 | GPU 0
[2026-07-16T13:21:02] Started local_patchtst | local_patchtst_070_quarterly_medium_mag_noise100_lt1 | run_1 | freq=13 | noise=1 | magnitude=100 | lead_time=1 | PID 3197552 | GPU 3
[2026-07-16T13:21:06] Started local_patchtst | local_patchtst_070_quarterly_medium_mag_noise100_lt1 | run_5 | freq=13 | noise=1 | magnitude=100 | lead_time=1 | PID 3197629 | GPU 3
[2026-07-16T13:21:40] Finished split_patchtst | split_patchtst_075_quarterly_high_mag_noise0_lt3 | run_3 | freq=13 | noise=1 | magnitude=200 | lead_time=3
[2026-07-16T13:22:00] Started split_timemixer | split_timemixer_005_yearly_low_mag_noise10_lt2 | run_3 | freq=52 | noise=1 | magnitude=50 | lead_time=2 | PID 3199033 | GPU 3
[2026-07-16T13:22:04] Started split_timemixer | split_timemixer_008_yearly_low_mag_noise100_lt2 | run_9 | freq=52 | noise=1 | magnitude=50 | lead_time=2 | PID 3199050 | GPU 0
[2026-07-16T13:22:08] Started split_timemixer | split_timemixer_009_yearly_low_mag_noise100_lt3 | run_3 | freq=52 | noise=1 | magnitude=50 | lead_time=3 | PID 3199073 | GPU 0
[2026-07-16T13:22:16] Started split_timemixer | split_timemixer_038_half_yearly_medium_mag_noise0_lt2 | run_5 | freq=26 | noise=1 | magnitude=100 | lead_time=2 | PID 3199296 | GPU 7
[2026-07-16T13:22:20] Started split_timemixer | split_timemixer_038_half_yearly_medium_mag_noise0_lt2 | run_9 | freq=26 | noise=1 | magnitude=100 | lead_time=2 | PID 3199375 | GPU 7
[2026-07-16T13:23:24] Finished local_patchtst | local_patchtst_070_quarterly_medium_mag_noise100_lt1 | run_5 | freq=13 | noise=1 | magnitude=100 | lead_time=1
[2026-07-16T13:24:03] Started split_timemixer | split_timemixer_105_half_quarterly_high_mag_noise10_lt3 | run_7 | freq=7 | noise=1 | magnitude=200 | lead_time=3 | PID 3206311 | GPU 3
[2026-07-16T13:24:12] Started local_patchtst | local_patchtst_019_yearly_high_mag_noise0_lt1 | run_7 | freq=52 | noise=1 | magnitude=200 | lead_time=1 | PID 3206403 | GPU 1
[2026-07-16T13:24:56] Finished split_timemixer | split_timemixer_007_yearly_low_mag_noise100_lt1 | run_3 | freq=52 | noise=1 | magnitude=50 | lead_time=1
[2026-07-16T13:25:11] Started local_timemixer | local_timemixer_087_half_quarterly_low_mag_noise10_lt3 | run_7 | freq=7 | noise=1 | magnitude=50 | lead_time=3 | PID 3208291 | GPU 4
[2026-07-16T13:25:15] Started local_timemixer | local_timemixer_088_half_quarterly_low_mag_noise100_lt1 | run_1 | freq=7 | noise=1 | magnitude=50 | lead_time=1 | PID 3208301 | GPU 4
[2026-07-16T13:25:43] Started split_timemixer | split_timemixer_108_half_quarterly_high_mag_noise100_lt3 | run_5 | freq=7 | noise=1 | magnitude=200 | lead_time=3 | PID 3208889 | GPU 1
[2026-07-16T13:25:46] Started local_patchtst | local_patchtst_001_yearly_low_mag_noise0_lt1 | run_3 | freq=52 | noise=1 | magnitude=50 | lead_time=1 | PID 3208897 | GPU 2
[2026-07-16T13:25:52] Started local_patchtst | local_patchtst_013_yearly_medium_mag_noise10_lt1 | run_3 | freq=52 | noise=1 | magnitude=100 | lead_time=1 | PID 3209099 | GPU 2
[2026-07-16T13:25:56] Started local_patchtst | local_patchtst_015_yearly_medium_mag_noise10_lt3 | run_7 | freq=52 | noise=1 | magnitude=100 | lead_time=3 | PID 3209169 | GPU 6
[2026-07-16T13:25:59] Started local_patchtst | local_patchtst_016_yearly_medium_mag_noise100_lt1 | run_1 | freq=52 | noise=1 | magnitude=100 | lead_time=1 | PID 3209181 | GPU 6
[2026-07-16T13:26:45] Finished local_timemixer | local_timemixer_049_half_yearly_high_mag_noise10_lt1 | run_1 | freq=26 | noise=1 | magnitude=200 | lead_time=1
[2026-07-16T13:26:47] Started local_timemixer | local_timemixer_014_yearly_medium_mag_noise10_lt2 | run_5 | freq=52 | noise=1 | magnitude=100 | lead_time=2 | PID 3210484 | GPU 2
[2026-07-16T13:26:52] Started local_timemixer | local_timemixer_024_yearly_high_mag_noise10_lt3 | run_9 | freq=52 | noise=1 | magnitude=200 | lead_time=3 | PID 3210531 | GPU 2
[2026-07-16T13:26:56] Started local_timemixer | local_timemixer_028_half_yearly_low_mag_noise0_lt1 | run_9 | freq=26 | noise=1 | magnitude=50 | lead_time=1 | PID 3210729 | GPU 6
[2026-07-16T13:28:18] Started split_patchtst | split_patchtst_096_half_quarterly_medium_mag_noise10_lt3 | run_9 | freq=7 | noise=1 | magnitude=100 | lead_time=3 | PID 3212997 | GPU 6
[2026-07-16T13:28:24] Finished local_patchtst | local_patchtst_016_yearly_medium_mag_noise100_lt1 | run_1 | freq=52 | noise=1 | magnitude=100 | lead_time=1
[2026-07-16T13:29:20] Started local_patchtst | local_patchtst_083_half_quarterly_low_mag_noise0_lt2 | run_7 | freq=7 | noise=1 | magnitude=50 | lead_time=2 | PID 3214782 | GPU 3
[2026-07-16T13:29:24] Started local_patchtst | local_patchtst_087_half_quarterly_low_mag_noise10_lt3 | run_7 | freq=7 | noise=1 | magnitude=50 | lead_time=3 | PID 3214799 | GPU 5
[2026-07-16T13:29:27] Started local_patchtst | local_patchtst_088_half_quarterly_low_mag_noise100_lt1 | run_5 | freq=7 | noise=1 | magnitude=50 | lead_time=1 | PID 3214807 | GPU 5
[2026-07-16T13:29:54] Started split_patchtst | split_patchtst_088_half_quarterly_low_mag_noise100_lt1 | run_5 | freq=7 | noise=1 | magnitude=50 | lead_time=1 | PID 3215394 | GPU 3
[2026-07-16T13:30:02] Finished local_patchtst | local_patchtst_019_yearly_high_mag_noise0_lt1 | run_7 | freq=52 | noise=1 | magnitude=200 | lead_time=1
[2026-07-16T13:30:24] Started split_timemixer | split_timemixer_020_yearly_high_mag_noise0_lt2 | run_1 | freq=52 | noise=1 | magnitude=200 | lead_time=2 | PID 3216433 | GPU 5
[2026-07-16T13:30:32] Started split_timemixer | split_timemixer_048_half_yearly_high_mag_noise0_lt3 | run_1 | freq=26 | noise=1 | magnitude=200 | lead_time=3 | PID 3216525 | GPU 6
[2026-07-16T13:31:00] Started local_patchtst | local_patchtst_066_quarterly_medium_mag_noise0_lt3 | run_5 | freq=13 | noise=1 | magnitude=100 | lead_time=3 | PID 3217288 | GPU 4
[2026-07-16T13:31:06] Started local_patchtst | local_patchtst_080_quarterly_high_mag_noise100_lt2 | run_9 | freq=13 | noise=1 | magnitude=200 | lead_time=2 | PID 3217348 | GPU 2
[2026-07-16T13:31:11] Started local_patchtst | local_patchtst_087_half_quarterly_low_mag_noise10_lt3 | run_3 | freq=7 | noise=1 | magnitude=50 | lead_time=3 | PID 3217426 | GPU 4
[2026-07-16T13:31:42] Finished local_patchtst | local_patchtst_088_half_quarterly_low_mag_noise100_lt1 | run_5 | freq=7 | noise=1 | magnitude=50 | lead_time=1
[2026-07-16T13:31:51] Started local_timemixer | local_timemixer_058_quarterly_low_mag_noise10_lt1 | run_9 | freq=13 | noise=1 | magnitude=50 | lead_time=1 | PID 3218444 | GPU 0
[2026-07-16T13:31:54] Started local_timemixer | local_timemixer_059_quarterly_low_mag_noise10_lt2 | run_3 | freq=13 | noise=1 | magnitude=50 | lead_time=2 | PID 3218544 | GPU 0
[2026-07-16T13:31:59] Started local_timemixer | local_timemixer_066_quarterly_medium_mag_noise0_lt3 | run_9 | freq=13 | noise=1 | magnitude=100 | lead_time=3 | PID 3218790 | GPU 4
[2026-07-16T13:32:03] Started local_timemixer | local_timemixer_068_quarterly_medium_mag_noise10_lt2 | run_1 | freq=13 | noise=1 | magnitude=100 | lead_time=2 | PID 3218802 | GPU 7
[2026-07-16T13:32:06] Started local_timemixer | local_timemixer_068_quarterly_medium_mag_noise10_lt2 | run_9 | freq=13 | noise=1 | magnitude=100 | lead_time=2 | PID 3218810 | GPU 7
[2026-07-16T13:32:25] Started split_timemixer | split_timemixer_049_half_yearly_high_mag_noise10_lt1 | run_7 | freq=26 | noise=1 | magnitude=200 | lead_time=1 | PID 3219128 | GPU 5
[2026-07-16T13:32:51] Started local_patchtst | local_patchtst_057_quarterly_low_mag_noise0_lt3 | run_3 | freq=13 | noise=1 | magnitude=50 | lead_time=3 | PID 3219943 | GPU 6
[2026-07-16T13:32:59] Started local_patchtst | local_patchtst_082_half_quarterly_low_mag_noise0_lt1 | run_1 | freq=7 | noise=1 | magnitude=50 | lead_time=1 | PID 3220336 | GPU 3
[2026-07-16T13:33:16] Started split_patchtst | split_patchtst_040_half_yearly_medium_mag_noise10_lt1 | run_5 | freq=26 | noise=1 | magnitude=100 | lead_time=1 | PID 3220592 | GPU 4
[2026-07-16T13:33:34] Finished local_patchtst | local_patchtst_087_half_quarterly_low_mag_noise10_lt3 | run_3 | freq=7 | noise=1 | magnitude=50 | lead_time=3
[2026-07-16T13:33:35] Started local_timemixer | local_timemixer_007_yearly_low_mag_noise100_lt1 | run_6 | freq=52 | noise=1 | magnitude=50 | lead_time=1 | PID 3220938 | GPU 3
[2026-07-16T13:33:38] Started local_timemixer | local_timemixer_008_yearly_low_mag_noise100_lt2 | run_0 | freq=52 | noise=1 | magnitude=50 | lead_time=2 | PID 3220945 | GPU 3
[2026-07-16T13:33:41] Started local_timemixer | local_timemixer_010_yearly_medium_mag_noise0_lt1 | run_5 | freq=52 | noise=1 | magnitude=100 | lead_time=1 | PID 3220967 | GPU 4
[2026-07-16T13:33:53] Started local_timemixer | local_timemixer_062_quarterly_low_mag_noise100_lt2 | run_5 | freq=13 | noise=1 | magnitude=50 | lead_time=2 | PID 3221286 | GPU 2
[2026-07-16T13:33:56] Started local_timemixer | local_timemixer_062_quarterly_low_mag_noise100_lt2 | run_9 | freq=13 | noise=1 | magnitude=50 | lead_time=2 | PID 3221365 | GPU 2
[2026-07-16T13:34:23] Started split_timemixer | split_timemixer_083_half_quarterly_low_mag_noise0_lt2 | run_7 | freq=7 | noise=1 | magnitude=50 | lead_time=2 | PID 3222243 | GPU 6
[2026-07-16T13:34:35] Started local_patchtst | local_patchtst_019_yearly_high_mag_noise0_lt1 | run_3 | freq=52 | noise=1 | magnitude=200 | lead_time=1 | PID 3222433 | GPU 1
[2026-07-16T13:34:38] Started local_patchtst | local_patchtst_020_yearly_high_mag_noise0_lt2 | run_1 | freq=52 | noise=1 | magnitude=200 | lead_time=2 | PID 3222481 | GPU 1
[2026-07-16T13:34:42] Started local_patchtst | local_patchtst_020_yearly_high_mag_noise0_lt2 | run_5 | freq=52 | noise=1 | magnitude=200 | lead_time=2 | PID 3222502 | GPU 1
[2026-07-16T13:35:25] Finished local_patchtst | local_patchtst_082_half_quarterly_low_mag_noise0_lt1 | run_1 | freq=7 | noise=1 | magnitude=50 | lead_time=1
[2026-07-16T13:36:24] Started split_patchtst | split_patchtst_014_yearly_medium_mag_noise10_lt2 | run_1 | freq=52 | noise=1 | magnitude=100 | lead_time=2 | PID 3225475 | GPU 1
[2026-07-16T13:36:48] Finished local_patchtst | local_patchtst_020_yearly_high_mag_noise0_lt2 | run_5 | freq=52 | noise=1 | magnitude=200 | lead_time=2
[2026-07-16T13:36:48] Started local_timemixer | local_timemixer_008_yearly_low_mag_noise100_lt2 | run_5 | freq=52 | noise=1 | magnitude=50 | lead_time=2 | PID 3226136 | GPU 1
[2026-07-16T13:36:52] Started local_timemixer | local_timemixer_009_yearly_low_mag_noise100_lt3 | run_3 | freq=52 | noise=1 | magnitude=50 | lead_time=3 | PID 3226143 | GPU 1
[2026-07-16T13:37:38] Started local_patchtst | local_patchtst_038_half_yearly_medium_mag_noise0_lt2 | run_1 | freq=26 | noise=1 | magnitude=100 | lead_time=2 | PID 3227345 | GPU 0
[2026-07-16T13:37:42] Started local_patchtst | local_patchtst_040_half_yearly_medium_mag_noise10_lt1 | run_1 | freq=26 | noise=1 | magnitude=100 | lead_time=1 | PID 3227443 | GPU 0
[2026-07-16T13:38:14] Started split_patchtst | split_patchtst_078_quarterly_high_mag_noise10_lt3 | run_9 | freq=13 | noise=1 | magnitude=200 | lead_time=3 | PID 3228509 | GPU 7
[2026-07-16T13:38:17] Started split_patchtst | split_patchtst_079_quarterly_high_mag_noise100_lt1 | run_3 | freq=13 | noise=1 | magnitude=200 | lead_time=1 | PID 3228519 | GPU 7
[2026-07-16T13:38:27] Started split_patchtst | split_patchtst_104_half_quarterly_high_mag_noise10_lt2 | run_5 | freq=7 | noise=1 | magnitude=200 | lead_time=2 | PID 3228638 | GPU 5
[2026-07-16T13:38:31] Finished local_patchtst | local_patchtst_057_quarterly_low_mag_noise0_lt3 | run_3 | freq=13 | noise=1 | magnitude=50 | lead_time=3
[2026-07-16T13:38:33] Started local_timemixer | local_timemixer_016_yearly_medium_mag_noise100_lt1 | run_1 | freq=52 | noise=1 | magnitude=100 | lead_time=1 | PID 3228692 | GPU 0
[2026-07-16T13:38:38] Started local_timemixer | local_timemixer_028_half_yearly_low_mag_noise0_lt1 | run_5 | freq=26 | noise=1 | magnitude=50 | lead_time=1 | PID 3228733 | GPU 7
[2026-07-16T13:39:01] Started split_timemixer | split_timemixer_039_half_yearly_medium_mag_noise0_lt3 | run_3 | freq=26 | noise=1 | magnitude=100 | lead_time=3 | PID 3229482 | GPU 4
[2026-07-16T13:39:20] Started local_patchtst | local_patchtst_005_yearly_low_mag_noise10_lt2 | run_7 | freq=52 | noise=1 | magnitude=50 | lead_time=2 | PID 3230086 | GPU 3
[2026-07-16T13:39:25] Started local_patchtst | local_patchtst_017_yearly_medium_mag_noise100_lt2 | run_3 | freq=52 | noise=1 | magnitude=100 | lead_time=2 | PID 3230136 | GPU 5
[2026-07-16T13:39:36] Started local_patchtst | local_patchtst_060_quarterly_low_mag_noise10_lt3 | run_1 | freq=13 | noise=1 | magnitude=50 | lead_time=3 | PID 3230274 | GPU 2
[2026-07-16T13:39:39] Started local_patchtst | local_patchtst_060_quarterly_low_mag_noise10_lt3 | run_5 | freq=13 | noise=1 | magnitude=50 | lead_time=3 | PID 3230284 | GPU 2
[2026-07-16T13:39:43] Started local_patchtst | local_patchtst_064_quarterly_medium_mag_noise0_lt1 | run_5 | freq=13 | noise=1 | magnitude=100 | lead_time=1 | PID 3230315 | GPU 4
[2026-07-16T13:39:47] Started local_patchtst | local_patchtst_066_quarterly_medium_mag_noise0_lt3 | run_1 | freq=13 | noise=1 | magnitude=100 | lead_time=3 | PID 3230325 | GPU 3
[2026-07-16T13:39:52] Started local_patchtst | local_patchtst_078_quarterly_high_mag_noise10_lt3 | run_5 | freq=13 | noise=1 | magnitude=200 | lead_time=3 | PID 3230375 | GPU 0
[2026-07-16T13:39:56] Started local_patchtst | local_patchtst_081_quarterly_high_mag_noise100_lt3 | run_3 | freq=13 | noise=1 | magnitude=200 | lead_time=3 | PID 3230396 | GPU 6
[2026-07-16T13:40:28] Finished local_patchtst | local_patchtst_040_half_yearly_medium_mag_noise10_lt1 | run_1 | freq=26 | noise=1 | magnitude=100 | lead_time=1
[2026-07-16T13:40:30] Started local_timemixer | local_timemixer_017_yearly_medium_mag_noise100_lt2 | run_4 | freq=52 | noise=1 | magnitude=100 | lead_time=2 | PID 3231644 | GPU 7
[2026-07-16T13:40:36] Started local_timemixer | local_timemixer_035_half_yearly_low_mag_noise100_lt2 | run_7 | freq=26 | noise=1 | magnitude=50 | lead_time=2 | PID 3231706 | GPU 2
[2026-07-16T13:40:44] Started local_timemixer | local_timemixer_070_quarterly_medium_mag_noise100_lt1 | run_1 | freq=13 | noise=1 | magnitude=100 | lead_time=1 | PID 3231807 | GPU 3
[2026-07-16T13:41:04] Started split_timemixer | split_timemixer_055_quarterly_low_mag_noise0_lt1 | run_3 | freq=13 | noise=1 | magnitude=50 | lead_time=1 | PID 3232337 | GPU 5
[2026-07-16T13:41:10] Started split_timemixer | split_timemixer_069_quarterly_medium_mag_noise10_lt3 | run_7 | freq=13 | noise=1 | magnitude=100 | lead_time=3 | PID 3232428 | GPU 4
[2026-07-16T13:41:22] Started local_patchtst | local_patchtst_002_yearly_low_mag_noise0_lt2 | run_1 | freq=52 | noise=1 | magnitude=50 | lead_time=2 | PID 3232706 | GPU 0
[2026-07-16T13:41:52] Started split_patchtst | split_patchtst_041_half_yearly_medium_mag_noise10_lt2 | run_3 | freq=26 | noise=1 | magnitude=100 | lead_time=2 | PID 3233542 | GPU 3
[2026-07-16T13:42:04] Started split_patchtst | split_patchtst_084_half_quarterly_low_mag_noise0_lt3 | run_5 | freq=7 | noise=1 | magnitude=50 | lead_time=3 | PID 3233895 | GPU 2
[2026-07-16T13:42:13] Finished local_patchtst | local_patchtst_066_quarterly_medium_mag_noise0_lt3 | run_1 | freq=13 | noise=1 | magnitude=100 | lead_time=3
[2026-07-16T13:42:30] Started local_timemixer | local_timemixer_108_half_quarterly_high_mag_noise100_lt3 | run_9 | freq=7 | noise=1 | magnitude=200 | lead_time=3 | PID 3234482 | GPU 6
[2026-07-16T13:42:33] Started split_timemixer | split_timemixer_001_yearly_low_mag_noise0_lt1 | run_3 | freq=52 | noise=1 | magnitude=50 | lead_time=1 | PID 3234493 | GPU 6
[2026-07-16T13:42:38] Started split_timemixer | split_timemixer_010_yearly_medium_mag_noise0_lt1 | run_1 | freq=52 | noise=1 | magnitude=100 | lead_time=1 | PID 3234525 | GPU 0
[2026-07-16T13:42:45] Started split_timemixer | split_timemixer_031_half_yearly_low_mag_noise10_lt1 | run_3 | freq=26 | noise=1 | magnitude=50 | lead_time=1 | PID 3234685 | GPU 3
[2026-07-16T13:43:03] Started split_timemixer | split_timemixer_106_half_quarterly_high_mag_noise100_lt1 | run_9 | freq=7 | noise=1 | magnitude=200 | lead_time=1 | PID 3235262 | GPU 5
[2026-07-16T13:43:18] Started local_patchtst | local_patchtst_070_quarterly_medium_mag_noise100_lt1 | run_9 | freq=13 | noise=1 | magnitude=100 | lead_time=1 | PID 3235673 | GPU 1
[2026-07-16T13:43:22] Started local_patchtst | local_patchtst_072_quarterly_medium_mag_noise100_lt3 | run_5 | freq=13 | noise=1 | magnitude=100 | lead_time=3 | PID 3235788 | GPU 1
[2026-07-16T13:43:30] Started local_patchtst | local_patchtst_100_half_quarterly_high_mag_noise0_lt1 | run_5 | freq=7 | noise=1 | magnitude=200 | lead_time=1 | PID 3235895 | GPU 2
[2026-07-16T13:43:58] Finished local_patchtst | local_patchtst_002_yearly_low_mag_noise0_lt2 | run_1 | freq=52 | noise=1 | magnitude=50 | lead_time=2
[2026-07-16T13:44:16] Started split_timemixer | split_timemixer_006_yearly_low_mag_noise10_lt3 | run_1 | freq=52 | noise=1 | magnitude=50 | lead_time=3 | PID 3237237 | GPU 1
[2026-07-16T13:44:20] Started split_timemixer | split_timemixer_010_yearly_medium_mag_noise0_lt1 | run_9 | freq=52 | noise=1 | magnitude=100 | lead_time=1 | PID 3237300 | GPU 1
[2026-07-16T13:44:27] Started split_timemixer | split_timemixer_032_half_yearly_low_mag_noise10_lt2 | run_5 | freq=26 | noise=1 | magnitude=50 | lead_time=2 | PID 3237493 | GPU 7
[2026-07-16T13:44:38] Started split_timemixer | split_timemixer_077_quarterly_high_mag_noise10_lt2 | run_3 | freq=13 | noise=1 | magnitude=200 | lead_time=2 | PID 3237641 | GPU 0
[2026-07-16T13:45:10] Started split_patchtst | split_patchtst_021_yearly_high_mag_noise0_lt3 | run_3 | freq=52 | noise=1 | magnitude=200 | lead_time=3 | PID 3238367 | GPU 2
[2026-07-16T13:45:33] Finished local_patchtst | local_patchtst_070_quarterly_medium_mag_noise100_lt1 | run_9 | freq=13 | noise=1 | magnitude=100 | lead_time=1
[2026-07-16T13:45:35] Started local_timemixer | local_timemixer_021_yearly_high_mag_noise0_lt3 | run_7 | freq=52 | noise=1 | magnitude=200 | lead_time=3 | PID 3239246 | GPU 2
[2026-07-16T13:45:38] Started local_timemixer | local_timemixer_022_yearly_high_mag_noise10_lt1 | run_1 | freq=52 | noise=1 | magnitude=200 | lead_time=1 | PID 3239258 | GPU 2
[2026-07-16T13:46:09] Started split_timemixer | split_timemixer_075_quarterly_high_mag_noise0_lt3 | run_7 | freq=13 | noise=1 | magnitude=200 | lead_time=3 | PID 3239943 | GPU 3
[2026-07-16T13:47:00] Finished local_patchtst | local_patchtst_100_half_quarterly_high_mag_noise0_lt1 | run_5 | freq=7 | noise=1 | magnitude=200 | lead_time=1
[2026-07-16T13:48:17] Waiting for available CPU/GPU capacity. waiting=689, running=16
[2026-07-16T13:48:18] Finished split_patchtst | split_patchtst_021_yearly_high_mag_noise0_lt3 | run_3 | freq=52 | noise=1 | magnitude=200 | lead_time=3
[2026-07-16T13:49:19] Started split_patchtst | split_patchtst_034_half_yearly_low_mag_noise100_lt1 | run_9 | freq=26 | noise=1 | magnitude=50 | lead_time=1 | PID 3245354 | GPU 5
[2026-07-16T13:49:22] Started split_patchtst | split_patchtst_035_half_yearly_low_mag_noise100_lt2 | run_3 | freq=26 | noise=1 | magnitude=50 | lead_time=2 | PID 3245433 | GPU 5
[2026-07-16T13:49:25] Started split_patchtst | split_patchtst_035_half_yearly_low_mag_noise100_lt2 | run_7 | freq=26 | noise=1 | magnitude=50 | lead_time=2 | PID 3245441 | GPU 5
[2026-07-16T13:49:40] Started split_patchtst | split_patchtst_092_half_quarterly_medium_mag_noise0_lt2 | run_9 | freq=7 | noise=1 | magnitude=100 | lead_time=2 | PID 3245788 | GPU 7
[2026-07-16T13:49:44] Started split_patchtst | split_patchtst_093_half_quarterly_medium_mag_noise0_lt3 | run_3 | freq=7 | noise=1 | magnitude=100 | lead_time=3 | PID 3245836 | GPU 6
[2026-07-16T13:49:47] Started split_patchtst | split_patchtst_093_half_quarterly_medium_mag_noise0_lt3 | run_7 | freq=7 | noise=1 | magnitude=100 | lead_time=3 | PID 3245866 | GPU 7
[2026-07-16T13:49:51] Started split_patchtst | split_patchtst_094_half_quarterly_medium_mag_noise10_lt1 | run_1 | freq=7 | noise=1 | magnitude=100 | lead_time=1 | PID 3245874 | GPU 6
[2026-07-16T13:49:57] Finished split_timemixer | split_timemixer_032_half_yearly_low_mag_noise10_lt2 | run_5 | freq=26 | noise=1 | magnitude=50 | lead_time=2
[2026-07-16T13:50:11] Started local_timemixer | local_timemixer_093_half_quarterly_medium_mag_noise0_lt3 | run_3 | freq=7 | noise=1 | magnitude=100 | lead_time=3 | PID 3246381 | GPU 0
[2026-07-16T13:50:55] Started split_patchtst | split_patchtst_004_yearly_low_mag_noise10_lt1 | run_1 | freq=52 | noise=1 | magnitude=50 | lead_time=1 | PID 3247642 | GPU 4
[2026-07-16T13:50:58] Started split_patchtst | split_patchtst_004_yearly_low_mag_noise10_lt1 | run_5 | freq=52 | noise=1 | magnitude=50 | lead_time=1 | PID 3247653 | GPU 4
[2026-07-16T13:51:02] Started split_patchtst | split_patchtst_004_yearly_low_mag_noise10_lt1 | run_9 | freq=52 | noise=1 | magnitude=50 | lead_time=1 | PID 3247664 | GPU 4
[2026-07-16T13:51:05] Started split_patchtst | split_patchtst_006_yearly_low_mag_noise10_lt3 | run_1 | freq=52 | noise=1 | magnitude=50 | lead_time=3 | PID 3247672 | GPU 7
[2026-07-16T13:51:08] Started split_patchtst | split_patchtst_006_yearly_low_mag_noise10_lt3 | run_5 | freq=52 | noise=1 | magnitude=50 | lead_time=3 | PID 3247851 | GPU 6
[2026-07-16T13:51:11] Started split_patchtst | split_patchtst_006_yearly_low_mag_noise10_lt3 | run_9 | freq=52 | noise=1 | magnitude=50 | lead_time=3 | PID 3247866 | GPU 6
[2026-07-16T13:51:15] Started split_patchtst | split_patchtst_007_yearly_low_mag_noise100_lt1 | run_3 | freq=52 | noise=1 | magnitude=50 | lead_time=1 | PID 3247874 | GPU 7
[2026-07-16T13:51:18] Started split_patchtst | split_patchtst_007_yearly_low_mag_noise100_lt1 | run_7 | freq=52 | noise=1 | magnitude=50 | lead_time=1 | PID 3247882 | GPU 5
[2026-07-16T13:51:27] Started split_patchtst | split_patchtst_036_half_yearly_low_mag_noise100_lt3 | run_5 | freq=26 | noise=1 | magnitude=50 | lead_time=3 | PID 3247990 | GPU 3
[2026-07-16T13:51:45] Finished split_patchtst | split_patchtst_094_half_quarterly_medium_mag_noise10_lt1 | run_1 | freq=7 | noise=1 | magnitude=100 | lead_time=1
[2026-07-16T13:51:46] Started local_timemixer | local_timemixer_010_yearly_medium_mag_noise0_lt1 | run_9 | freq=52 | noise=1 | magnitude=100 | lead_time=1 | PID 3248457 | GPU 5
[2026-07-16T13:51:49] Started local_timemixer | local_timemixer_011_yearly_medium_mag_noise0_lt2 | run_3 | freq=52 | noise=1 | magnitude=100 | lead_time=2 | PID 3248628 | GPU 5
[2026-07-16T13:51:59] Started local_timemixer | local_timemixer_054_half_yearly_high_mag_noise100_lt3 | run_8 | freq=26 | noise=1 | magnitude=200 | lead_time=3 | PID 3248918 | GPU 2
[2026-07-16T13:52:23] Started split_timemixer | split_timemixer_071_quarterly_medium_mag_noise100_lt2 | run_3 | freq=13 | noise=1 | magnitude=100 | lead_time=2 | PID 3249491 | GPU 2
[2026-07-16T13:52:28] Started split_timemixer | split_timemixer_079_quarterly_high_mag_noise100_lt1 | run_7 | freq=13 | noise=1 | magnitude=200 | lead_time=1 | PID 3249530 | GPU 7
[2026-07-16T13:52:31] Started split_timemixer | split_timemixer_080_quarterly_high_mag_noise100_lt2 | run_1 | freq=13 | noise=1 | magnitude=200 | lead_time=2 | PID 3249538 | GPU 6
[2026-07-16T13:52:34] Started split_timemixer | split_timemixer_080_quarterly_high_mag_noise100_lt2 | run_5 | freq=13 | noise=1 | magnitude=200 | lead_time=2 | PID 3249550 | GPU 6
[2026-07-16T13:52:41] Started split_timemixer | split_timemixer_097_half_quarterly_medium_mag_noise100_lt1 | run_3 | freq=7 | noise=1 | magnitude=100 | lead_time=1 | PID 3249629 | GPU 0
[2026-07-16T13:52:51] Started local_patchtst | local_patchtst_026_yearly_high_mag_noise100_lt2 | run_5 | freq=52 | noise=1 | magnitude=200 | lead_time=2 | PID 3249858 | GPU 4
[2026-07-16T13:53:02] Started local_patchtst | local_patchtst_069_quarterly_medium_mag_noise10_lt3 | run_7 | freq=13 | noise=1 | magnitude=100 | lead_time=3 | PID 3250156 | GPU 7
[2026-07-16T13:53:07] Started local_patchtst | local_patchtst_081_quarterly_high_mag_noise100_lt3 | run_7 | freq=13 | noise=1 | magnitude=200 | lead_time=3 | PID 3250286 | GPU 3
[2026-07-16T13:53:36] Finished split_patchtst | split_patchtst_007_yearly_low_mag_noise100_lt1 | run_3 | freq=52 | noise=1 | magnitude=50 | lead_time=1
[2026-07-16T13:53:37] Started local_timemixer | local_timemixer_011_yearly_medium_mag_noise0_lt2 | run_9 | freq=52 | noise=1 | magnitude=100 | lead_time=2 | PID 3251113 | GPU 4
[2026-07-16T13:53:41] Started local_timemixer | local_timemixer_012_yearly_medium_mag_noise0_lt3 | run_3 | freq=52 | noise=1 | magnitude=100 | lead_time=3 | PID 3251128 | GPU 4
[2026-07-16T13:54:14] Started split_timemixer | split_timemixer_090_half_quarterly_low_mag_noise100_lt3 | run_5 | freq=7 | noise=1 | magnitude=50 | lead_time=3 | PID 3252029 | GPU 1
[2026-07-16T13:54:17] Started split_timemixer | split_timemixer_090_half_quarterly_low_mag_noise100_lt3 | run_9 | freq=7 | noise=1 | magnitude=50 | lead_time=3 | PID 3252085 | GPU 1
[2026-07-16T13:54:21] Started split_timemixer | split_timemixer_091_half_quarterly_medium_mag_noise0_lt1 | run_3 | freq=7 | noise=1 | magnitude=100 | lead_time=1 | PID 3252184 | GPU 3
[2026-07-16T13:54:37] Started local_patchtst | local_patchtst_057_quarterly_low_mag_noise0_lt3 | run_7 | freq=13 | noise=1 | magnitude=50 | lead_time=3 | PID 3252640 | GPU 7
[2026-07-16T13:55:11] Finished local_patchtst | local_patchtst_026_yearly_high_mag_noise100_lt2 | run_5 | freq=52 | noise=1 | magnitude=200 | lead_time=2
[2026-07-16T13:56:24] Waiting for available CPU/GPU capacity. waiting=655, running=17
[2026-07-16T13:56:25] Finished local_patchtst | local_patchtst_069_quarterly_medium_mag_noise10_lt3 | run_7 | freq=13 | noise=1 | magnitude=100 | lead_time=3
[2026-07-16T13:56:39] Started local_timemixer | local_timemixer_100_half_quarterly_high_mag_noise0_lt1 | run_1 | freq=7 | noise=1 | magnitude=200 | lead_time=1 | PID 3255831 | GPU 3
[2026-07-16T13:57:41] Finished local_patchtst | local_patchtst_057_quarterly_low_mag_noise0_lt3 | run_7 | freq=13 | noise=1 | magnitude=50 | lead_time=3
[2026-07-16T13:57:46] Started local_timemixer | local_timemixer_038_half_yearly_medium_mag_noise0_lt2 | run_3 | freq=26 | noise=1 | magnitude=100 | lead_time=2 | PID 3257689 | GPU 7
[2026-07-16T13:57:49] Started local_timemixer | local_timemixer_038_half_yearly_medium_mag_noise0_lt2 | run_7 | freq=26 | noise=1 | magnitude=100 | lead_time=2 | PID 3257696 | GPU 7
[2026-07-16T13:58:14] Started split_timemixer | split_timemixer_068_quarterly_medium_mag_noise10_lt2 | run_9 | freq=13 | noise=1 | magnitude=100 | lead_time=2 | PID 3258619 | GPU 5
[2026-07-16T13:58:18] Started split_timemixer | split_timemixer_070_quarterly_medium_mag_noise100_lt1 | run_1 | freq=13 | noise=1 | magnitude=100 | lead_time=1 | PID 3258690 | GPU 5
[2026-07-16T13:58:44] Started local_patchtst | local_patchtst_101_half_quarterly_high_mag_noise0_lt2 | run_3 | freq=7 | noise=1 | magnitude=200 | lead_time=2 | PID 3259234 | GPU 0
[2026-07-16T13:58:47] Started local_patchtst | local_patchtst_101_half_quarterly_high_mag_noise0_lt2 | run_7 | freq=7 | noise=1 | magnitude=200 | lead_time=2 | PID 3259242 | GPU 0
[2026-07-16T13:58:51] Started local_patchtst | local_patchtst_102_half_quarterly_high_mag_noise0_lt3 | run_1 | freq=7 | noise=1 | magnitude=200 | lead_time=3 | PID 3259250 | GPU 0
[2026-07-16T13:59:17] Finished split_timemixer | split_timemixer_097_half_quarterly_medium_mag_noise100_lt1 | run_3 | freq=7 | noise=1 | magnitude=100 | lead_time=1
[2026-07-16T13:59:27] Started local_timemixer | local_timemixer_079_quarterly_high_mag_noise100_lt1 | run_7 | freq=13 | noise=1 | magnitude=200 | lead_time=1 | PID 3260274 | GPU 2
[2026-07-16T14:00:20] Started split_patchtst | split_patchtst_050_half_yearly_high_mag_noise10_lt2 | run_5 | freq=26 | noise=1 | magnitude=200 | lead_time=2 | PID 3272103 | GPU 4
[2026-07-16T14:00:36] Finished local_patchtst | local_patchtst_101_half_quarterly_high_mag_noise0_lt2 | run_3 | freq=7 | noise=1 | magnitude=200 | lead_time=2
[2026-07-16T14:00:43] Started local_timemixer | local_timemixer_053_half_yearly_high_mag_noise100_lt2 | run_5 | freq=26 | noise=1 | magnitude=200 | lead_time=2 | PID 3272547 | GPU 0
[2026-07-16T14:00:46] Started local_timemixer | local_timemixer_053_half_yearly_high_mag_noise100_lt2 | run_9 | freq=26 | noise=1 | magnitude=200 | lead_time=2 | PID 3272628 | GPU 0
[2026-07-16T14:01:06] Started split_timemixer | split_timemixer_046_half_yearly_high_mag_noise0_lt1 | run_5 | freq=26 | noise=1 | magnitude=200 | lead_time=1 | PID 3273148 | GPU 2
[2026-07-16T14:01:50] Started split_patchtst | split_patchtst_068_quarterly_medium_mag_noise10_lt2 | run_9 | freq=13 | noise=1 | magnitude=100 | lead_time=2 | PID 3274262 | GPU 3
[2026-07-16T14:02:02] Started split_patchtst | split_patchtst_105_half_quarterly_high_mag_noise10_lt3 | run_7 | freq=7 | noise=1 | magnitude=200 | lead_time=3 | PID 3274537 | GPU 4
[2026-07-16T14:02:06] Started split_patchtst | split_patchtst_108_half_quarterly_high_mag_noise100_lt3 | run_9 | freq=7 | noise=1 | magnitude=200 | lead_time=3 | PID 3274646 | GPU 6
[2026-07-16T14:02:09] Finished split_patchtst | split_patchtst_050_half_yearly_high_mag_noise10_lt2 | run_5 | freq=26 | noise=1 | magnitude=200 | lead_time=2
[2026-07-16T14:02:10] Started local_timemixer | local_timemixer_012_yearly_medium_mag_noise0_lt3 | run_8 | freq=52 | noise=1 | magnitude=100 | lead_time=3 | PID 3274755 | GPU 6
[2026-07-16T14:02:13] Started local_timemixer | local_timemixer_013_yearly_medium_mag_noise10_lt1 | run_2 | freq=52 | noise=1 | magnitude=100 | lead_time=1 | PID 3274919 | GPU 6
[2026-07-16T14:02:56] Started local_patchtst | local_patchtst_050_half_yearly_high_mag_noise10_lt2 | run_1 | freq=26 | noise=1 | magnitude=200 | lead_time=2 | PID 3275916 | GPU 4
[2026-07-16T14:03:03] Started local_patchtst | local_patchtst_068_quarterly_medium_mag_noise10_lt2 | run_9 | freq=13 | noise=1 | magnitude=100 | lead_time=2 | PID 3276057 | GPU 3
[2026-07-16T14:03:06] Started local_patchtst | local_patchtst_069_quarterly_medium_mag_noise10_lt3 | run_3 | freq=13 | noise=1 | magnitude=100 | lead_time=3 | PID 3276067 | GPU 3
[2026-07-16T14:03:37] Finished split_patchtst | split_patchtst_068_quarterly_medium_mag_noise10_lt2 | run_9 | freq=13 | noise=1 | magnitude=100 | lead_time=2
[2026-07-16T14:03:41] Started local_timemixer | local_timemixer_041_half_yearly_medium_mag_noise10_lt2 | run_1 | freq=26 | noise=1 | magnitude=100 | lead_time=2 | PID 3277276 | GPU 3
[2026-07-16T14:03:44] Started local_timemixer | local_timemixer_041_half_yearly_medium_mag_noise10_lt2 | run_5 | freq=26 | noise=1 | magnitude=100 | lead_time=2 | PID 3277327 | GPU 4
[2026-07-16T14:03:48] Started local_timemixer | local_timemixer_041_half_yearly_medium_mag_noise10_lt2 | run_9 | freq=26 | noise=1 | magnitude=100 | lead_time=2 | PID 3277336 | GPU 4
[2026-07-16T14:04:12] Started split_timemixer | split_timemixer_066_quarterly_medium_mag_noise0_lt3 | run_9 | freq=13 | noise=1 | magnitude=100 | lead_time=3 | PID 3277729 | GPU 7
[2026-07-16T14:04:16] Started split_timemixer | split_timemixer_067_quarterly_medium_mag_noise10_lt1 | run_7 | freq=13 | noise=1 | magnitude=100 | lead_time=1 | PID 3277826 | GPU 7
[2026-07-16T14:04:24] Started split_timemixer | split_timemixer_094_half_quarterly_medium_mag_noise10_lt1 | run_5 | freq=7 | noise=1 | magnitude=100 | lead_time=1 | PID 3278136 | GPU 1
[2026-07-16T14:04:27] Started split_timemixer | split_timemixer_094_half_quarterly_medium_mag_noise10_lt1 | run_9 | freq=7 | noise=1 | magnitude=100 | lead_time=1 | PID 3278143 | GPU 1
[2026-07-16T14:05:12] Finished split_patchtst | split_patchtst_108_half_quarterly_high_mag_noise100_lt3 | run_9 | freq=7 | noise=1 | magnitude=200 | lead_time=3
[2026-07-16T14:05:32] Started split_timemixer | split_timemixer_034_half_yearly_low_mag_noise100_lt1 | run_9 | freq=26 | noise=1 | magnitude=50 | lead_time=1 | PID 3279967 | GPU 3
[2026-07-16T14:06:02] Started local_patchtst | local_patchtst_097_half_quarterly_medium_mag_noise100_lt1 | run_3 | freq=7 | noise=1 | magnitude=100 | lead_time=1 | PID 3280807 | GPU 2
[2026-07-16T14:06:29] Finished local_patchtst | local_patchtst_069_quarterly_medium_mag_noise10_lt3 | run_3 | freq=13 | noise=1 | magnitude=100 | lead_time=3
[2026-07-16T14:06:36] Started local_timemixer | local_timemixer_066_quarterly_medium_mag_noise0_lt3 | run_1 | freq=13 | noise=1 | magnitude=100 | lead_time=3 | PID 3281811 | GPU 5
[2026-07-16T14:07:34] Started split_patchtst | split_patchtst_070_quarterly_medium_mag_noise100_lt1 | run_9 | freq=13 | noise=1 | magnitude=100 | lead_time=1 | PID 3283527 | GPU 0
[2026-07-16T14:07:37] Started split_patchtst | split_patchtst_071_quarterly_medium_mag_noise100_lt2 | run_3 | freq=13 | noise=1 | magnitude=100 | lead_time=2 | PID 3283537 | GPU 0
[2026-07-16T14:07:48] Finished local_timemixer | local_timemixer_053_half_yearly_high_mag_noise100_lt2 | run_9 | freq=26 | noise=1 | magnitude=200 | lead_time=2
[2026-07-16T14:08:01] Started local_timemixer | local_timemixer_099_half_quarterly_medium_mag_noise100_lt3 | run_3 | freq=7 | noise=1 | magnitude=100 | lead_time=3 | PID 3283983 | GPU 2
[2026-07-16T14:08:04] Started local_timemixer | local_timemixer_101_half_quarterly_high_mag_noise0_lt2 | run_3 | freq=7 | noise=1 | magnitude=200 | lead_time=2 | PID 3284002 | GPU 2
[2026-07-16T14:08:12] Started split_timemixer | split_timemixer_022_yearly_high_mag_noise10_lt1 | run_5 | freq=52 | noise=1 | magnitude=200 | lead_time=1 | PID 3284102 | GPU 5
[2026-07-16T14:08:38] Started local_patchtst | local_patchtst_050_half_yearly_high_mag_noise10_lt2 | run_5 | freq=26 | noise=1 | magnitude=200 | lead_time=2 | PID 3285122 | GPU 6
[2026-07-16T14:08:47] Started local_patchtst | local_patchtst_091_half_quarterly_medium_mag_noise0_lt1 | run_3 | freq=7 | noise=1 | magnitude=100 | lead_time=1 | PID 3285258 | GPU 6
[2026-07-16T14:08:58] Started split_patchtst | split_patchtst_032_half_yearly_low_mag_noise10_lt2 | run_9 | freq=26 | noise=1 | magnitude=50 | lead_time=2 | PID 3285425 | GPU 0
[2026-07-16T14:09:02] Started split_patchtst | split_patchtst_033_half_yearly_low_mag_noise10_lt3 | run_3 | freq=26 | noise=1 | magnitude=50 | lead_time=3 | PID 3285440 | GPU 0
[2026-07-16T14:09:20] Finished split_patchtst | split_patchtst_071_quarterly_medium_mag_noise100_lt2 | run_3 | freq=13 | noise=1 | magnitude=100 | lead_time=2
[2026-07-16T14:09:38] Started split_timemixer | split_timemixer_024_yearly_high_mag_noise10_lt3 | run_1 | freq=52 | noise=1 | magnitude=200 | lead_time=3 | PID 3286397 | GPU 6
[2026-07-16T14:10:18] Started split_patchtst | split_patchtst_036_half_yearly_low_mag_noise100_lt3 | run_9 | freq=26 | noise=1 | magnitude=50 | lead_time=3 | PID 3287462 | GPU 2
[2026-07-16T14:10:21] Started split_patchtst | split_patchtst_037_half_yearly_medium_mag_noise0_lt1 | run_3 | freq=26 | noise=1 | magnitude=100 | lead_time=1 | PID 3287648 | GPU 4
[2026-07-16T14:10:24] Started split_patchtst | split_patchtst_037_half_yearly_medium_mag_noise0_lt1 | run_7 | freq=26 | noise=1 | magnitude=100 | lead_time=1 | PID 3287659 | GPU 0
[2026-07-16T14:10:28] Started split_patchtst | split_patchtst_038_half_yearly_medium_mag_noise0_lt2 | run_5 | freq=26 | noise=1 | magnitude=100 | lead_time=2 | PID 3287667 | GPU 0
[2026-07-16T14:10:31] Started split_patchtst | split_patchtst_038_half_yearly_medium_mag_noise0_lt2 | run_9 | freq=26 | noise=1 | magnitude=100 | lead_time=2 | PID 3287777 | GPU 4
[2026-07-16T14:10:36] Started split_patchtst | split_patchtst_047_half_yearly_high_mag_noise0_lt2 | run_7 | freq=26 | noise=1 | magnitude=200 | lead_time=2 | PID 3287820 | GPU 3
[2026-07-16T14:10:52] Finished split_patchtst | split_patchtst_033_half_yearly_low_mag_noise10_lt3 | run_3 | freq=26 | noise=1 | magnitude=50 | lead_time=3
[2026-07-16T14:11:30] Started local_patchtst | local_patchtst_045_half_yearly_medium_mag_noise100_lt3 | run_7 | freq=26 | noise=1 | magnitude=100 | lead_time=3 | PID 3289340 | GPU 6
[2026-07-16T14:11:42] Started local_patchtst | local_patchtst_104_half_quarterly_high_mag_noise10_lt2 | run_9 | freq=7 | noise=1 | magnitude=200 | lead_time=2 | PID 3289630 | GPU 4
[2026-07-16T14:11:46] Started local_patchtst | local_patchtst_105_half_quarterly_high_mag_noise10_lt3 | run_3 | freq=7 | noise=1 | magnitude=200 | lead_time=3 | PID 3289637 | GPU 0
[2026-07-16T14:11:49] Started local_patchtst | local_patchtst_105_half_quarterly_high_mag_noise10_lt3 | run_7 | freq=7 | noise=1 | magnitude=200 | lead_time=3 | PID 3289645 | GPU 0
[2026-07-16T14:11:52] Started local_patchtst | local_patchtst_106_half_quarterly_high_mag_noise100_lt1 | run_5 | freq=7 | noise=1 | magnitude=200 | lead_time=1 | PID 3289654 | GPU 4
[2026-07-16T14:12:16] Finished split_patchtst | split_patchtst_038_half_yearly_medium_mag_noise0_lt2 | run_9 | freq=26 | noise=1 | magnitude=100 | lead_time=2
[2026-07-16T14:12:19] Started local_timemixer | local_timemixer_030_half_yearly_low_mag_noise0_lt3 | run_2 | freq=26 | noise=1 | magnitude=50 | lead_time=3 | PID 3290192 | GPU 4
[2026-07-16T14:12:37] Started split_timemixer | split_timemixer_018_yearly_medium_mag_noise100_lt3 | run_9 | freq=52 | noise=1 | magnitude=100 | lead_time=3 | PID 3291039 | GPU 3
[2026-07-16T14:12:40] Started split_timemixer | split_timemixer_020_yearly_high_mag_noise0_lt2 | run_5 | freq=52 | noise=1 | magnitude=200 | lead_time=2 | PID 3291054 | GPU 3
[2026-07-16T14:12:46] Started split_timemixer | split_timemixer_040_half_yearly_medium_mag_noise10_lt1 | run_9 | freq=26 | noise=1 | magnitude=100 | lead_time=1 | PID 3291108 | GPU 0
[2026-07-16T14:12:53] Started split_timemixer | split_timemixer_066_quarterly_medium_mag_noise0_lt3 | run_5 | freq=13 | noise=1 | magnitude=100 | lead_time=3 | PID 3291189 | GPU 1
[2026-07-16T14:12:57] Started split_timemixer | split_timemixer_068_quarterly_medium_mag_noise10_lt2 | run_1 | freq=13 | noise=1 | magnitude=100 | lead_time=2 | PID 3291196 | GPU 1
[2026-07-16T14:13:32] Started split_patchtst | split_patchtst_053_half_yearly_high_mag_noise100_lt2 | run_3 | freq=26 | noise=1 | magnitude=200 | lead_time=2 | PID 3292024 | GPU 0
[2026-07-16T14:13:47] Finished local_patchtst | local_patchtst_105_half_quarterly_high_mag_noise10_lt3 | run_7 | freq=7 | noise=1 | magnitude=200 | lead_time=3
[2026-07-16T14:13:49] Started local_timemixer | local_timemixer_022_yearly_high_mag_noise10_lt1 | run_5 | freq=52 | noise=1 | magnitude=200 | lead_time=1 | PID 3292706 | GPU 4
[2026-07-16T14:14:09] Started split_timemixer | split_timemixer_030_half_yearly_low_mag_noise0_lt3 | run_9 | freq=26 | noise=1 | magnitude=50 | lead_time=3 | PID 3293049 | GPU 7
[2026-07-16T14:14:13] Started split_timemixer | split_timemixer_031_half_yearly_low_mag_noise10_lt1 | run_7 | freq=26 | noise=1 | magnitude=50 | lead_time=1 | PID 3293056 | GPU 7
[2026-07-16T14:14:45] Started split_patchtst | split_patchtst_013_yearly_medium_mag_noise10_lt1 | run_7 | freq=52 | noise=1 | magnitude=100 | lead_time=1 | PID 3293977 | GPU 5
[2026-07-16T14:15:02] Started split_patchtst | split_patchtst_089_half_quarterly_low_mag_noise100_lt2 | run_7 | freq=7 | noise=1 | magnitude=50 | lead_time=2 | PID 3294597 | GPU 2
[2026-07-16T14:15:06] Started split_patchtst | split_patchtst_090_half_quarterly_low_mag_noise100_lt3 | run_1 | freq=7 | noise=1 | magnitude=50 | lead_time=3 | PID 3294667 | GPU 2
[2026-07-16T14:15:13] Finished local_patchtst | local_patchtst_106_half_quarterly_high_mag_noise100_lt1 | run_5 | freq=7 | noise=1 | magnitude=200 | lead_time=1
[2026-07-16T14:15:25] Started local_timemixer | local_timemixer_097_half_quarterly_medium_mag_noise100_lt1 | run_3 | freq=7 | noise=1 | magnitude=100 | lead_time=1 | PID 3295143 | GPU 5
[2026-07-16T14:15:28] Started local_timemixer | local_timemixer_097_half_quarterly_medium_mag_noise100_lt1 | run_7 | freq=7 | noise=1 | magnitude=100 | lead_time=1 | PID 3295151 | GPU 5
[2026-07-16T14:15:44] Started split_timemixer | split_timemixer_075_quarterly_high_mag_noise0_lt3 | run_3 | freq=13 | noise=1 | magnitude=200 | lead_time=3 | PID 3295558 | GPU 6
[2026-07-16T14:16:22] Started split_patchtst | split_patchtst_073_quarterly_high_mag_noise0_lt1 | run_7 | freq=13 | noise=1 | magnitude=200 | lead_time=1 | PID 3296522 | GPU 2
[2026-07-16T14:16:25] Started split_patchtst | split_patchtst_074_quarterly_high_mag_noise0_lt2 | run_1 | freq=13 | noise=1 | magnitude=200 | lead_time=2 | PID 3296707 | GPU 2
[2026-07-16T14:16:35] Finished split_patchtst | split_patchtst_090_half_quarterly_low_mag_noise100_lt3 | run_1 | freq=7 | noise=1 | magnitude=50 | lead_time=3
[2026-07-16T14:16:36] Started local_timemixer | local_timemixer_013_yearly_medium_mag_noise10_lt1 | run_6 | freq=52 | noise=1 | magnitude=100 | lead_time=1 | PID 3296900 | GPU 0
[2026-07-16T14:17:42] Started split_patchtst | split_patchtst_099_half_quarterly_medium_mag_noise100_lt3 | run_3 | freq=7 | noise=1 | magnitude=100 | lead_time=3 | PID 3298788 | GPU 2
[2026-07-16T14:17:46] Started split_patchtst | split_patchtst_099_half_quarterly_medium_mag_noise100_lt3 | run_7 | freq=7 | noise=1 | magnitude=100 | lead_time=3 | PID 3298797 | GPU 2
[2026-07-16T14:17:51] Finished split_patchtst | split_patchtst_073_quarterly_high_mag_noise0_lt1 | run_7 | freq=13 | noise=1 | magnitude=200 | lead_time=1
[2026-07-16T14:18:54] Started split_patchtst | split_patchtst_100_half_quarterly_high_mag_noise0_lt1 | run_1 | freq=7 | noise=1 | magnitude=200 | lead_time=1 | PID 3300682 | GPU 4
[2026-07-16T14:18:59] Finished split_patchtst | split_patchtst_074_quarterly_high_mag_noise0_lt2 | run_1 | freq=13 | noise=1 | magnitude=200 | lead_time=2
[2026-07-16T14:19:05] Started local_timemixer | local_timemixer_056_quarterly_low_mag_noise0_lt2 | run_4 | freq=13 | noise=1 | magnitude=50 | lead_time=2 | PID 3300902 | GPU 2
[2026-07-16T14:19:08] Started local_timemixer | local_timemixer_056_quarterly_low_mag_noise0_lt2 | run_8 | freq=13 | noise=1 | magnitude=50 | lead_time=2 | PID 3300916 | GPU 2
[2026-07-16T14:19:11] Started local_timemixer | local_timemixer_057_quarterly_low_mag_noise0_lt3 | run_6 | freq=13 | noise=1 | magnitude=50 | lead_time=3 | PID 3300924 | GPU 4
[2026-07-16T14:19:15] Started local_timemixer | local_timemixer_058_quarterly_low_mag_noise10_lt1 | run_4 | freq=13 | noise=1 | magnitude=50 | lead_time=1 | PID 3300933 | GPU 4
[2026-07-16T14:19:42] Started split_timemixer | split_timemixer_107_half_quarterly_high_mag_noise100_lt2 | run_3 | freq=7 | noise=1 | magnitude=200 | lead_time=2 | PID 3301587 | GPU 0
[2026-07-16T14:20:20] Finished split_patchtst | split_patchtst_099_half_quarterly_medium_mag_noise100_lt3 | run_7 | freq=7 | noise=1 | magnitude=100 | lead_time=3
[2026-07-16T14:21:06] Started split_patchtst | split_patchtst_009_yearly_low_mag_noise100_lt3 | run_3 | freq=52 | noise=1 | magnitude=50 | lead_time=3 | PID 3303962 | GPU 5
[2026-07-16T14:21:10] Started split_patchtst | split_patchtst_009_yearly_low_mag_noise100_lt3 | run_7 | freq=52 | noise=1 | magnitude=50 | lead_time=3 | PID 3303980 | GPU 5
[2026-07-16T14:21:30] Finished local_timemixer | local_timemixer_097_half_quarterly_medium_mag_noise100_lt1 | run_7 | freq=7 | noise=1 | magnitude=100 | lead_time=1
[2026-07-16T14:21:55] Started split_timemixer | split_timemixer_076_quarterly_high_mag_noise10_lt1 | run_9 | freq=13 | noise=1 | magnitude=200 | lead_time=1 | PID 3305269 | GPU 3
[2026-07-16T14:22:31] Started split_patchtst | split_patchtst_068_quarterly_medium_mag_noise10_lt2 | run_5 | freq=13 | noise=1 | magnitude=100 | lead_time=2 | PID 3306469 | GPU 0
[2026-07-16T14:22:34] Started split_patchtst | split_patchtst_069_quarterly_medium_mag_noise10_lt3 | run_3 | freq=13 | noise=1 | magnitude=100 | lead_time=3 | PID 3306550 | GPU 1
[2026-07-16T14:22:38] Started split_patchtst | split_patchtst_069_quarterly_medium_mag_noise10_lt3 | run_7 | freq=13 | noise=1 | magnitude=100 | lead_time=3 | PID 3306619 | GPU 5
[2026-07-16T14:22:41] Started split_patchtst | split_patchtst_070_quarterly_medium_mag_noise100_lt1 | run_5 | freq=13 | noise=1 | magnitude=100 | lead_time=1 | PID 3306711 | GPU 5
[2026-07-16T14:22:44] Started split_patchtst | split_patchtst_072_quarterly_medium_mag_noise100_lt3 | run_1 | freq=13 | noise=1 | magnitude=100 | lead_time=3 | PID 3306787 | GPU 1
[2026-07-16T14:22:54] Finished split_patchtst | split_patchtst_009_yearly_low_mag_noise100_lt3 | run_7 | freq=52 | noise=1 | magnitude=50 | lead_time=3
[2026-07-16T14:23:39] Started local_patchtst | local_patchtst_100_half_quarterly_high_mag_noise0_lt1 | run_9 | freq=7 | noise=1 | magnitude=200 | lead_time=1 | PID 3308130 | GPU 7
[2026-07-16T14:23:42] Started local_patchtst | local_patchtst_102_half_quarterly_high_mag_noise0_lt3 | run_5 | freq=7 | noise=1 | magnitude=200 | lead_time=3 | PID 3308147 | GPU 7
[2026-07-16T14:23:58] Started split_patchtst | split_patchtst_078_quarterly_high_mag_noise10_lt3 | run_5 | freq=13 | noise=1 | magnitude=200 | lead_time=3 | PID 3308621 | GPU 1
[2026-07-16T14:24:01] Started split_patchtst | split_patchtst_079_quarterly_high_mag_noise100_lt1 | run_7 | freq=13 | noise=1 | magnitude=200 | lead_time=1 | PID 3308695 | GPU 1
[2026-07-16T14:24:05] Started split_patchtst | split_patchtst_080_quarterly_high_mag_noise100_lt2 | run_1 | freq=13 | noise=1 | magnitude=200 | lead_time=2 | PID 3308820 | GPU 5
[2026-07-16T14:24:08] Started split_patchtst | split_patchtst_080_quarterly_high_mag_noise100_lt2 | run_5 | freq=13 | noise=1 | magnitude=200 | lead_time=2 | PID 3308877 | GPU 5
[2026-07-16T14:24:17] Finished split_patchtst | split_patchtst_072_quarterly_medium_mag_noise100_lt3 | run_1 | freq=13 | noise=1 | magnitude=100 | lead_time=3
[2026-07-16T14:24:33] Started split_timemixer | split_timemixer_021_yearly_high_mag_noise0_lt3 | run_3 | freq=52 | noise=1 | magnitude=200 | lead_time=3 | PID 3309537 | GPU 7
[2026-07-16T14:25:16] Started split_patchtst | split_patchtst_062_quarterly_low_mag_noise100_lt2 | run_5 | freq=13 | noise=1 | magnitude=50 | lead_time=2 | PID 3310495 | GPU 2
[2026-07-16T14:25:19] Started split_patchtst | split_patchtst_062_quarterly_low_mag_noise100_lt2 | run_9 | freq=13 | noise=1 | magnitude=50 | lead_time=2 | PID 3310581 | GPU 2
[2026-07-16T14:25:22] Started split_patchtst | split_patchtst_063_quarterly_low_mag_noise100_lt3 | run_3 | freq=13 | noise=1 | magnitude=50 | lead_time=3 | PID 3310648 | GPU 1
[2026-07-16T14:25:26] Started split_patchtst | split_patchtst_064_quarterly_medium_mag_noise0_lt1 | run_5 | freq=13 | noise=1 | magnitude=100 | lead_time=1 | PID 3310720 | GPU 1
[2026-07-16T14:25:29] Started split_patchtst | split_patchtst_064_quarterly_medium_mag_noise0_lt1 | run_9 | freq=13 | noise=1 | magnitude=100 | lead_time=1 | PID 3310792 | GPU 5
[2026-07-16T14:25:32] Started split_patchtst | split_patchtst_065_quarterly_medium_mag_noise0_lt2 | run_3 | freq=13 | noise=1 | magnitude=100 | lead_time=2 | PID 3310981 | GPU 5
[2026-07-16T14:25:35] Started split_patchtst | split_patchtst_065_quarterly_medium_mag_noise0_lt2 | run_7 | freq=13 | noise=1 | magnitude=100 | lead_time=2 | PID 3310993 | GPU 4
[2026-07-16T14:25:39] Started split_patchtst | split_patchtst_066_quarterly_medium_mag_noise0_lt3 | run_1 | freq=13 | noise=1 | magnitude=100 | lead_time=3 | PID 3311004 | GPU 4
[2026-07-16T14:25:49] Finished split_patchtst | split_patchtst_080_quarterly_high_mag_noise100_lt2 | run_5 | freq=13 | noise=1 | magnitude=200 | lead_time=2
[2026-07-16T14:25:59] Started local_timemixer | local_timemixer_084_half_quarterly_low_mag_noise0_lt3 | run_9 | freq=7 | noise=1 | magnitude=50 | lead_time=3 | PID 3311308 | GPU 6
[2026-07-16T14:26:02] Started local_timemixer | local_timemixer_085_half_quarterly_low_mag_noise10_lt1 | run_7 | freq=7 | noise=1 | magnitude=50 | lead_time=1 | PID 3311332 | GPU 0
[2026-07-16T14:26:05] Started local_timemixer | local_timemixer_086_half_quarterly_low_mag_noise10_lt2 | run_5 | freq=7 | noise=1 | magnitude=50 | lead_time=2 | PID 3311343 | GPU 0
[2026-07-16T14:26:33] Started local_patchtst | local_patchtst_031_half_yearly_low_mag_noise10_lt1 | run_3 | freq=26 | noise=1 | magnitude=50 | lead_time=1 | PID 3312228 | GPU 2
[2026-07-16T14:26:36] Started local_patchtst | local_patchtst_031_half_yearly_low_mag_noise10_lt1 | run_7 | freq=26 | noise=1 | magnitude=50 | lead_time=1 | PID 3312311 | GPU 2
[2026-07-16T14:26:42] Started local_patchtst | local_patchtst_049_half_yearly_high_mag_noise10_lt1 | run_3 | freq=26 | noise=1 | magnitude=200 | lead_time=1 | PID 3312501 | GPU 1
[2026-07-16T14:26:45] Started local_patchtst | local_patchtst_049_half_yearly_high_mag_noise10_lt1 | run_7 | freq=26 | noise=1 | magnitude=200 | lead_time=1 | PID 3312559 | GPU 1
[2026-07-16T14:26:50] Started local_patchtst | local_patchtst_059_quarterly_low_mag_noise10_lt2 | run_7 | freq=13 | noise=1 | magnitude=50 | lead_time=2 | PID 3312591 | GPU 5
[2026-07-16T14:26:54] Started local_patchtst | local_patchtst_060_quarterly_low_mag_noise10_lt3 | run_9 | freq=13 | noise=1 | magnitude=50 | lead_time=3 | PID 3312600 | GPU 5
[2026-07-16T14:27:01] Started local_patchtst | local_patchtst_090_half_quarterly_low_mag_noise100_lt3 | run_9 | freq=7 | noise=1 | magnitude=50 | lead_time=3 | PID 3312679 | GPU 4
[2026-07-16T14:27:04] Started local_patchtst | local_patchtst_091_half_quarterly_medium_mag_noise0_lt1 | run_7 | freq=7 | noise=1 | magnitude=100 | lead_time=1 | PID 3312686 | GPU 4
[2026-07-16T14:27:26] Finished split_patchtst | split_patchtst_066_quarterly_medium_mag_noise0_lt3 | run_1 | freq=13 | noise=1 | magnitude=100 | lead_time=3
[2026-07-16T14:27:29] Started local_timemixer | local_timemixer_029_half_yearly_low_mag_noise0_lt2 | run_4 | freq=26 | noise=1 | magnitude=50 | lead_time=2 | PID 3313258 | GPU 2
[2026-07-16T14:27:33] Started local_timemixer | local_timemixer_033_half_yearly_low_mag_noise10_lt3 | run_4 | freq=26 | noise=1 | magnitude=50 | lead_time=3 | PID 3313459 | GPU 4
[2026-07-16T14:27:38] Started local_timemixer | local_timemixer_063_quarterly_low_mag_noise100_lt3 | run_7 | freq=13 | noise=1 | magnitude=50 | lead_time=3 | PID 3313512 | GPU 1
[2026-07-16T14:27:46] Started local_timemixer | local_timemixer_091_half_quarterly_medium_mag_noise0_lt1 | run_3 | freq=7 | noise=1 | magnitude=100 | lead_time=1 | PID 3313634 | GPU 5
[2026-07-16T14:27:51] Started local_timemixer | local_timemixer_102_half_quarterly_high_mag_noise0_lt3 | run_5 | freq=7 | noise=1 | magnitude=200 | lead_time=3 | PID 3313770 | GPU 5
[2026-07-16T14:27:57] Started split_timemixer | split_timemixer_015_yearly_medium_mag_noise10_lt3 | run_3 | freq=52 | noise=1 | magnitude=100 | lead_time=3 | PID 3313971 | GPU 7
[2026-07-16T14:28:46] Started split_patchtst | split_patchtst_108_half_quarterly_high_mag_noise100_lt3 | run_5 | freq=7 | noise=1 | magnitude=200 | lead_time=3 | PID 3315232 | GPU 2
[2026-07-16T14:28:49] Finished local_patchtst | local_patchtst_049_half_yearly_high_mag_noise10_lt1 | run_7 | freq=26 | noise=1 | magnitude=200 | lead_time=1
[2026-07-16T14:28:52] Started local_timemixer | local_timemixer_033_half_yearly_low_mag_noise10_lt3 | run_0 | freq=26 | noise=1 | magnitude=50 | lead_time=3 | PID 3315284 | GPU 1
[2026-07-16T14:29:05] Started local_timemixer | local_timemixer_106_half_quarterly_high_mag_noise100_lt1 | run_1 | freq=7 | noise=1 | magnitude=200 | lead_time=1 | PID 3315561 | GPU 2
[2026-07-16T14:29:24] Started split_timemixer | split_timemixer_104_half_quarterly_high_mag_noise10_lt2 | run_5 | freq=7 | noise=1 | magnitude=200 | lead_time=2 | PID 3316226 | GPU 4
[2026-07-16T14:29:58] Finished local_patchtst | local_patchtst_091_half_quarterly_medium_mag_noise0_lt1 | run_7 | freq=7 | noise=1 | magnitude=100 | lead_time=1
[2026-07-16T14:30:57] Waiting for available CPU/GPU capacity. waiting=532, running=17
[2026-07-16T14:30:58] Finished split_timemixer | split_timemixer_076_quarterly_high_mag_noise10_lt1 | run_9 | freq=13 | noise=1 | magnitude=200 | lead_time=1
[2026-07-16T14:31:17] Started split_timemixer | split_timemixer_060_quarterly_low_mag_noise10_lt3 | run_1 | freq=13 | noise=1 | magnitude=50 | lead_time=3 | PID 3319184 | GPU 2
[2026-07-16T14:31:51] Started split_patchtst | split_patchtst_053_half_yearly_high_mag_noise100_lt2 | run_7 | freq=26 | noise=1 | magnitude=200 | lead_time=2 | PID 3320382 | GPU 0
[2026-07-16T14:31:54] Started split_patchtst | split_patchtst_054_half_yearly_high_mag_noise100_lt3 | run_1 | freq=26 | noise=1 | magnitude=200 | lead_time=3 | PID 3320449 | GPU 0
[2026-07-16T14:32:06] Finished local_timemixer | local_timemixer_086_half_quarterly_low_mag_noise10_lt2 | run_5 | freq=7 | noise=1 | magnitude=50 | lead_time=2
[2026-07-16T14:32:40] Started local_patchtst | local_patchtst_045_half_yearly_medium_mag_noise100_lt3 | run_3 | freq=26 | noise=1 | magnitude=100 | lead_time=3 | PID 3321559 | GPU 0
[2026-07-16T14:33:03] Started split_patchtst | split_patchtst_081_quarterly_high_mag_noise100_lt3 | run_7 | freq=13 | noise=1 | magnitude=200 | lead_time=3 | PID 3322151 | GPU 7
[2026-07-16T14:33:11] Finished split_patchtst | split_patchtst_108_half_quarterly_high_mag_noise100_lt3 | run_5 | freq=7 | noise=1 | magnitude=200 | lead_time=3
[2026-07-16T14:33:26] Started split_timemixer | split_timemixer_020_yearly_high_mag_noise0_lt2 | run_9 | freq=52 | noise=1 | magnitude=200 | lead_time=2 | PID 3322681 | GPU 0
[2026-07-16T14:33:40] Started split_timemixer | split_timemixer_098_half_quarterly_medium_mag_noise100_lt2 | run_9 | freq=7 | noise=1 | magnitude=100 | lead_time=2 | PID 3323180 | GPU 1
[2026-07-16T14:33:51] Started local_patchtst | local_patchtst_039_half_yearly_medium_mag_noise0_lt3 | run_7 | freq=26 | noise=1 | magnitude=100 | lead_time=3 | PID 3323385 | GPU 5
[2026-07-16T14:34:10] Started split_patchtst | split_patchtst_048_half_yearly_high_mag_noise0_lt3 | run_1 | freq=26 | noise=1 | magnitude=200 | lead_time=3 | PID 3323679 | GPU 5
[2026-07-16T14:34:21] Started split_patchtst | split_patchtst_097_half_quarterly_medium_mag_noise100_lt1 | run_3 | freq=7 | noise=1 | magnitude=100 | lead_time=1 | PID 3324043 | GPU 4
[2026-07-16T14:34:26] Finished split_patchtst | split_patchtst_054_half_yearly_high_mag_noise100_lt3 | run_1 | freq=26 | noise=1 | magnitude=200 | lead_time=3
[2026-07-16T14:34:30] Started local_timemixer | local_timemixer_051_half_yearly_high_mag_noise10_lt3 | run_9 | freq=26 | noise=1 | magnitude=200 | lead_time=3 | PID 3324298 | GPU 5
[2026-07-16T14:34:43] Started split_timemixer | split_timemixer_013_yearly_medium_mag_noise10_lt1 | run_3 | freq=52 | noise=1 | magnitude=100 | lead_time=1 | PID 3324765 | GPU 7
[2026-07-16T14:34:57] Started split_timemixer | split_timemixer_093_half_quarterly_medium_mag_noise0_lt3 | run_3 | freq=7 | noise=1 | magnitude=100 | lead_time=3 | PID 3325023 | GPU 6
[2026-07-16T14:35:08] Started local_patchtst | local_patchtst_035_half_yearly_low_mag_noise100_lt2 | run_7 | freq=26 | noise=1 | magnitude=50 | lead_time=2 | PID 3325197 | GPU 3
[2026-07-16T14:35:37] Finished local_patchtst | local_patchtst_045_half_yearly_medium_mag_noise100_lt3 | run_3 | freq=26 | noise=1 | magnitude=100 | lead_time=3
[2026-07-16T14:36:06] Started local_patchtst | local_patchtst_008_yearly_low_mag_noise100_lt2 | run_9 | freq=52 | noise=1 | magnitude=50 | lead_time=2 | PID 3326870 | GPU 1
[2026-07-16T14:36:30] Started split_patchtst | split_patchtst_052_half_yearly_high_mag_noise100_lt1 | run_9 | freq=26 | noise=1 | magnitude=200 | lead_time=1 | PID 3327265 | GPU 5
[2026-07-16T14:36:42] Started split_patchtst | split_patchtst_107_half_quarterly_high_mag_noise100_lt2 | run_7 | freq=7 | noise=1 | magnitude=200 | lead_time=2 | PID 3327718 | GPU 0
[2026-07-16T14:36:45] Finished split_patchtst | split_patchtst_048_half_yearly_high_mag_noise0_lt3 | run_1 | freq=26 | noise=1 | magnitude=200 | lead_time=3
[2026-07-16T14:36:46] Started local_timemixer | local_timemixer_015_yearly_medium_mag_noise10_lt3 | run_7 | freq=52 | noise=1 | magnitude=100 | lead_time=3 | PID 3327811 | GPU 4
[2026-07-16T14:36:49] Started local_timemixer | local_timemixer_016_yearly_medium_mag_noise100_lt1 | run_5 | freq=52 | noise=1 | magnitude=100 | lead_time=1 | PID 3327888 | GPU 4
[2026-07-16T14:37:26] Started local_patchtst | local_patchtst_050_half_yearly_high_mag_noise10_lt2 | run_9 | freq=26 | noise=1 | magnitude=200 | lead_time=2 | PID 3328762 | GPU 7
[2026-07-16T14:37:52] Finished split_patchtst | split_patchtst_097_half_quarterly_medium_mag_noise100_lt1 | run_3 | freq=7 | noise=1 | magnitude=100 | lead_time=1
[2026-07-16T14:38:19] Started split_timemixer | split_timemixer_104_half_quarterly_high_mag_noise10_lt2 | run_1 | freq=7 | noise=1 | magnitude=200 | lead_time=2 | PID 3330322 | GPU 3
[2026-07-16T14:38:31] Started local_patchtst | local_patchtst_063_quarterly_low_mag_noise100_lt3 | run_3 | freq=13 | noise=1 | magnitude=50 | lead_time=3 | PID 3330552 | GPU 5
[2026-07-16T14:38:48] Started split_patchtst | split_patchtst_051_half_yearly_high_mag_noise10_lt3 | run_3 | freq=26 | noise=1 | magnitude=200 | lead_time=3 | PID 3331099 | GPU 0
[2026-07-16T14:38:51] Started split_patchtst | split_patchtst_051_half_yearly_high_mag_noise10_lt3 | run_7 | freq=26 | noise=1 | magnitude=200 | lead_time=3 | PID 3331107 | GPU 0
[2026-07-16T14:39:02] Finished split_patchtst | split_patchtst_052_half_yearly_high_mag_noise100_lt1 | run_9 | freq=26 | noise=1 | magnitude=200 | lead_time=1
[2026-07-16T14:39:05] Started local_timemixer | local_timemixer_028_half_yearly_low_mag_noise0_lt1 | run_1 | freq=26 | noise=1 | magnitude=50 | lead_time=1 | PID 3331292 | GPU 5
[2026-07-16T14:39:34] Started local_patchtst | local_patchtst_006_yearly_low_mag_noise10_lt3 | run_1 | freq=52 | noise=1 | magnitude=50 | lead_time=3 | PID 3332103 | GPU 2
[2026-07-16T14:39:37] Started local_patchtst | local_patchtst_006_yearly_low_mag_noise10_lt3 | run_5 | freq=52 | noise=1 | magnitude=50 | lead_time=3 | PID 3332182 | GPU 2
[2026-07-16T14:39:40] Started local_patchtst | local_patchtst_006_yearly_low_mag_noise10_lt3 | run_9 | freq=52 | noise=1 | magnitude=50 | lead_time=3 | PID 3332370 | GPU 2
[2026-07-16T14:39:56] Started local_patchtst | local_patchtst_099_half_quarterly_medium_mag_noise100_lt3 | run_3 | freq=7 | noise=1 | magnitude=100 | lead_time=3 | PID 3332722 | GPU 1
[2026-07-16T14:39:59] Started local_patchtst | local_patchtst_099_half_quarterly_medium_mag_noise100_lt3 | run_7 | freq=7 | noise=1 | magnitude=100 | lead_time=3 | PID 3332729 | GPU 1
[2026-07-16T14:40:03] Started local_patchtst | local_patchtst_103_half_quarterly_high_mag_noise10_lt1 | run_7 | freq=7 | noise=1 | magnitude=200 | lead_time=1 | PID 3332760 | GPU 1
[2026-07-16T14:40:11] Started split_patchtst | split_patchtst_026_yearly_high_mag_noise100_lt2 | run_9 | freq=52 | noise=1 | magnitude=200 | lead_time=2 | PID 3332853 | GPU 0
[2026-07-16T14:40:25] Finished split_patchtst | split_patchtst_051_half_yearly_high_mag_noise10_lt3 | run_3 | freq=26 | noise=1 | magnitude=200 | lead_time=3
[2026-07-16T14:40:26] Started local_timemixer | local_timemixer_014_yearly_medium_mag_noise10_lt2 | run_9 | freq=52 | noise=1 | magnitude=100 | lead_time=2 | PID 3333135 | GPU 0
[2026-07-16T14:40:29] Started local_timemixer | local_timemixer_015_yearly_medium_mag_noise10_lt3 | run_3 | freq=52 | noise=1 | magnitude=100 | lead_time=3 | PID 3333142 | GPU 0
[2026-07-16T14:40:39] Started local_timemixer | local_timemixer_077_quarterly_high_mag_noise10_lt2 | run_3 | freq=13 | noise=1 | magnitude=200 | lead_time=2 | PID 3333302 | GPU 7
[2026-07-16T14:40:57] Started split_timemixer | split_timemixer_083_half_quarterly_low_mag_noise0_lt2 | run_3 | freq=7 | noise=1 | magnitude=50 | lead_time=2 | PID 3334183 | GPU 5
[2026-07-16T14:41:27] Started split_patchtst | split_patchtst_061_quarterly_low_mag_noise100_lt1 | run_3 | freq=13 | noise=1 | magnitude=50 | lead_time=1 | PID 3334751 | GPU 2
[2026-07-16T14:41:37] Finished local_patchtst | local_patchtst_006_yearly_low_mag_noise10_lt3 | run_9 | freq=52 | noise=1 | magnitude=50 | lead_time=3
[2026-07-16T14:41:38] Started local_timemixer | local_timemixer_017_yearly_medium_mag_noise100_lt2 | run_0 | freq=52 | noise=1 | magnitude=100 | lead_time=2 | PID 3334883 | GPU 2
[2026-07-16T14:41:41] Started local_timemixer | local_timemixer_018_yearly_medium_mag_noise100_lt3 | run_3 | freq=52 | noise=1 | magnitude=100 | lead_time=3 | PID 3335078 | GPU 2
[2026-07-16T14:41:51] Started local_timemixer | local_timemixer_077_quarterly_high_mag_noise10_lt2 | run_7 | freq=13 | noise=1 | magnitude=200 | lead_time=2 | PID 3335304 | GPU 1
[2026-07-16T14:41:56] Started local_timemixer | local_timemixer_092_half_quarterly_medium_mag_noise0_lt2 | run_5 | freq=7 | noise=1 | magnitude=100 | lead_time=2 | PID 3335402 | GPU 7
[2026-07-16T14:42:31] Started split_patchtst | split_patchtst_003_yearly_low_mag_noise0_lt3 | run_3 | freq=52 | noise=1 | magnitude=50 | lead_time=3 | PID 3336339 | GPU 4
[2026-07-16T14:42:47] Started split_patchtst | split_patchtst_102_half_quarterly_high_mag_noise0_lt3 | run_9 | freq=7 | noise=1 | magnitude=200 | lead_time=3 | PID 3336785 | GPU 4
[2026-07-16T14:42:52] Finished local_patchtst | local_patchtst_103_half_quarterly_high_mag_noise10_lt1 | run_7 | freq=7 | noise=1 | magnitude=200 | lead_time=1
[2026-07-16T14:42:52] Started local_timemixer | local_timemixer_019_yearly_high_mag_noise0_lt1 | run_1 | freq=52 | noise=1 | magnitude=200 | lead_time=1 | PID 3336921 | GPU 4
[2026-07-16T14:43:00] Started local_timemixer | local_timemixer_070_quarterly_medium_mag_noise100_lt1 | run_9 | freq=13 | noise=1 | magnitude=100 | lead_time=1 | PID 3337014 | GPU 1
[2026-07-16T14:43:36] Started local_patchtst | local_patchtst_090_half_quarterly_low_mag_noise100_lt3 | run_5 | freq=7 | noise=1 | magnitude=50 | lead_time=3 | PID 3338000 | GPU 3
[2026-07-16T14:43:56] Finished split_patchtst | split_patchtst_026_yearly_high_mag_noise100_lt2 | run_9 | freq=52 | noise=1 | magnitude=200 | lead_time=2
[2026-07-16T14:44:50] Waiting for available CPU/GPU capacity. waiting=486, running=18
[2026-07-16T14:44:51] Finished split_patchtst | split_patchtst_061_quarterly_low_mag_noise100_lt1 | run_3 | freq=13 | noise=1 | magnitude=50 | lead_time=1
[2026-07-16T14:45:02] Started split_timemixer | split_timemixer_004_yearly_low_mag_noise10_lt1 | run_5 | freq=52 | noise=1 | magnitude=50 | lead_time=1 | PID 3340526 | GPU 4
[2026-07-16T14:45:43] Started split_patchtst | split_patchtst_074_quarterly_high_mag_noise0_lt2 | run_5 | freq=13 | noise=1 | magnitude=200 | lead_time=2 | PID 3341469 | GPU 6
[2026-07-16T14:45:51] Finished split_patchtst | split_patchtst_102_half_quarterly_high_mag_noise0_lt3 | run_9 | freq=7 | noise=1 | magnitude=200 | lead_time=3
[2026-07-16T14:45:56] Started local_timemixer | local_timemixer_064_quarterly_medium_mag_noise0_lt1 | run_9 | freq=13 | noise=1 | magnitude=100 | lead_time=1 | PID 3341815 | GPU 3
[2026-07-16T14:45:59] Started local_timemixer | local_timemixer_067_quarterly_medium_mag_noise10_lt1 | run_3 | freq=13 | noise=1 | magnitude=100 | lead_time=1 | PID 3341997 | GPU 3
[2026-07-16T14:46:51] Finished local_patchtst | local_patchtst_090_half_quarterly_low_mag_noise100_lt3 | run_5 | freq=7 | noise=1 | magnitude=50 | lead_time=3
[2026-07-16T14:46:59] Started local_timemixer | local_timemixer_091_half_quarterly_medium_mag_noise0_lt1 | run_7 | freq=7 | noise=1 | magnitude=100 | lead_time=1 | PID 3343399 | GPU 1
[2026-07-16T14:47:12] Started split_timemixer | split_timemixer_062_quarterly_low_mag_noise100_lt2 | run_1 | freq=13 | noise=1 | magnitude=50 | lead_time=2 | PID 3343896 | GPU 0
[2026-07-16T14:47:16] Started split_timemixer | split_timemixer_062_quarterly_low_mag_noise100_lt2 | run_5 | freq=13 | noise=1 | magnitude=50 | lead_time=2 | PID 3343987 | GPU 0
[2026-07-16T14:47:43] Started split_patchtst | split_patchtst_027_yearly_high_mag_noise100_lt3 | run_7 | freq=52 | noise=1 | magnitude=200 | lead_time=3 | PID 3344535 | GPU 5
[2026-07-16T14:47:46] Started split_patchtst | split_patchtst_028_half_yearly_low_mag_noise0_lt1 | run_1 | freq=26 | noise=1 | magnitude=50 | lead_time=1 | PID 3344748 | GPU 5
[2026-07-16T14:47:49] Started split_patchtst | split_patchtst_028_half_yearly_low_mag_noise0_lt1 | run_5 | freq=26 | noise=1 | magnitude=50 | lead_time=1 | PID 3344784 | GPU 5
[2026-07-16T14:48:03] Finished local_timemixer | local_timemixer_077_quarterly_high_mag_noise10_lt2 | run_7 | freq=13 | noise=1 | magnitude=200 | lead_time=2
[2026-07-16T14:48:26] Started split_timemixer | split_timemixer_089_half_quarterly_low_mag_noise100_lt2 | run_7 | freq=7 | noise=1 | magnitude=50 | lead_time=2 | PID 3345615 | GPU 7
[2026-07-16T14:48:29] Started split_timemixer | split_timemixer_091_half_quarterly_medium_mag_noise0_lt1 | run_7 | freq=7 | noise=1 | magnitude=100 | lead_time=1 | PID 3345690 | GPU 2
[2026-07-16T14:48:32] Started split_timemixer | split_timemixer_092_half_quarterly_medium_mag_noise0_lt2 | run_1 | freq=7 | noise=1 | magnitude=100 | lead_time=2 | PID 3345762 | GPU 2
[2026-07-16T14:48:36] Started split_timemixer | split_timemixer_096_half_quarterly_medium_mag_noise10_lt3 | run_5 | freq=7 | noise=1 | magnitude=100 | lead_time=3 | PID 3345864 | GPU 1
[2026-07-16T14:48:40] Started split_timemixer | split_timemixer_101_half_quarterly_high_mag_noise0_lt2 | run_3 | freq=7 | noise=1 | magnitude=200 | lead_time=2 | PID 3345888 | GPU 6
[2026-07-16T14:49:13] Finished split_patchtst | split_patchtst_074_quarterly_high_mag_noise0_lt2 | run_5 | freq=13 | noise=1 | magnitude=200 | lead_time=2
[2026-07-16T14:49:38] Started local_patchtst | local_patchtst_007_yearly_low_mag_noise100_lt1 | run_7 | freq=52 | noise=1 | magnitude=50 | lead_time=1 | PID 3347299 | GPU 5
[2026-07-16T14:49:53] Started local_patchtst | local_patchtst_094_half_quarterly_medium_mag_noise10_lt1 | run_5 | freq=7 | noise=1 | magnitude=100 | lead_time=1 | PID 3347982 | GPU 6
[2026-07-16T14:50:06] Started split_patchtst | split_patchtst_057_quarterly_low_mag_noise0_lt3 | run_3 | freq=13 | noise=1 | magnitude=50 | lead_time=3 | PID 3348286 | GPU 4
[2026-07-16T14:50:16] Finished split_patchtst | split_patchtst_028_half_yearly_low_mag_noise0_lt1 | run_5 | freq=26 | noise=1 | magnitude=50 | lead_time=1
[2026-07-16T14:50:17] Started local_timemixer | local_timemixer_020_yearly_high_mag_noise0_lt2 | run_9 | freq=52 | noise=1 | magnitude=200 | lead_time=2 | PID 3348485 | GPU 5
[2026-07-16T14:50:20] Started local_timemixer | local_timemixer_021_yearly_high_mag_noise0_lt3 | run_3 | freq=52 | noise=1 | magnitude=200 | lead_time=3 | PID 3348492 | GPU 5
[2026-07-16T14:51:06] Started split_patchtst | split_patchtst_047_half_yearly_high_mag_noise0_lt2 | run_3 | freq=26 | noise=1 | magnitude=200 | lead_time=2 | PID 3349694 | GPU 6
[2026-07-16T14:51:21] Started local_timemixer | local_timemixer_046_half_yearly_high_mag_noise0_lt1 | run_3 | freq=26 | noise=1 | magnitude=200 | lead_time=1 | PID 3350178 | GPU 3
[2026-07-16T14:51:24] Started local_timemixer | local_timemixer_046_half_yearly_high_mag_noise0_lt1 | run_7 | freq=26 | noise=1 | magnitude=200 | lead_time=1 | PID 3350186 | GPU 3
[2026-07-16T14:51:44] Started split_timemixer | split_timemixer_074_quarterly_high_mag_noise0_lt2 | run_9 | freq=13 | noise=1 | magnitude=200 | lead_time=2 | PID 3350511 | GPU 4
[2026-07-16T14:52:20] Finished local_patchtst | local_patchtst_007_yearly_low_mag_noise100_lt1 | run_7 | freq=52 | noise=1 | magnitude=50 | lead_time=1
[2026-07-16T14:52:47] Started local_patchtst | local_patchtst_020_yearly_high_mag_noise0_lt2 | run_9 | freq=52 | noise=1 | magnitude=200 | lead_time=2 | PID 3352462 | GPU 4
[2026-07-16T14:53:02] Started split_patchtst | split_patchtst_016_yearly_medium_mag_noise100_lt1 | run_1 | freq=52 | noise=1 | magnitude=100 | lead_time=1 | PID 3352690 | GPU 6
[2026-07-16T14:53:19] Finished split_patchtst | split_patchtst_057_quarterly_low_mag_noise0_lt3 | run_3 | freq=13 | noise=1 | magnitude=50 | lead_time=3
[2026-07-16T14:53:20] Started local_timemixer | local_timemixer_030_half_yearly_low_mag_noise0_lt3 | run_6 | freq=26 | noise=1 | magnitude=50 | lead_time=3 | PID 3353133 | GPU 1
[2026-07-16T14:54:14] Finished split_patchtst | split_patchtst_047_half_yearly_high_mag_noise0_lt2 | run_3 | freq=26 | noise=1 | magnitude=200 | lead_time=2
[2026-07-16T14:54:55] Started split_patchtst | split_patchtst_031_half_yearly_low_mag_noise10_lt1 | run_7 | freq=26 | noise=1 | magnitude=50 | lead_time=1 | PID 3355837 | GPU 6
[2026-07-16T14:55:37] Started local_patchtst | local_patchtst_038_half_yearly_medium_mag_noise0_lt2 | run_9 | freq=26 | noise=1 | magnitude=100 | lead_time=2 | PID 3356897 | GPU 6
[2026-07-16T14:55:47] Started local_patchtst | local_patchtst_095_half_quarterly_medium_mag_noise10_lt2 | run_7 | freq=7 | noise=1 | magnitude=100 | lead_time=2 | PID 3357038 | GPU 7
[2026-07-16T14:55:58] Started split_patchtst | split_patchtst_049_half_yearly_high_mag_noise10_lt1 | run_3 | freq=26 | noise=1 | magnitude=200 | lead_time=1 | PID 3357360 | GPU 4
[2026-07-16T14:56:04] Started split_patchtst | split_patchtst_077_quarterly_high_mag_noise10_lt2 | run_3 | freq=13 | noise=1 | magnitude=200 | lead_time=2 | PID 3357421 | GPU 7
[2026-07-16T14:56:13] Finished split_patchtst | split_patchtst_016_yearly_medium_mag_noise100_lt1 | run_1 | freq=52 | noise=1 | magnitude=100 | lead_time=1
[2026-07-16T14:56:14] Started local_timemixer | local_timemixer_026_yearly_high_mag_noise100_lt2 | run_7 | freq=52 | noise=1 | magnitude=200 | lead_time=2 | PID 3357759 | GPU 6
[2026-07-16T14:56:22] Started local_timemixer | local_timemixer_080_quarterly_high_mag_noise100_lt2 | run_5 | freq=13 | noise=1 | magnitude=200 | lead_time=2 | PID 3358075 | GPU 7
[2026-07-16T14:56:27] Started local_timemixer | local_timemixer_090_half_quarterly_low_mag_noise100_lt3 | run_5 | freq=7 | noise=1 | magnitude=50 | lead_time=3 | PID 3358173 | GPU 1
[2026-07-16T14:56:44] Started split_timemixer | split_timemixer_088_half_quarterly_low_mag_noise100_lt1 | run_9 | freq=7 | noise=1 | magnitude=50 | lead_time=1 | PID 3358442 | GPU 6
[2026-07-16T14:56:47] Started split_timemixer | split_timemixer_089_half_quarterly_low_mag_noise100_lt2 | run_3 | freq=7 | noise=1 | magnitude=50 | lead_time=2 | PID 3358449 | GPU 0
[2026-07-16T14:56:50] Started split_timemixer | split_timemixer_092_half_quarterly_medium_mag_noise0_lt2 | run_5 | freq=7 | noise=1 | magnitude=100 | lead_time=2 | PID 3358635 | GPU 0
[2026-07-16T14:57:05] Started local_patchtst | local_patchtst_067_quarterly_medium_mag_noise10_lt1 | run_7 | freq=13 | noise=1 | magnitude=100 | lead_time=1 | PID 3358842 | GPU 5
[2026-07-16T14:57:08] Started local_patchtst | local_patchtst_068_quarterly_medium_mag_noise10_lt2 | run_1 | freq=13 | noise=1 | magnitude=100 | lead_time=2 | PID 3358867 | GPU 5
[2026-07-16T14:57:14] Started local_patchtst | local_patchtst_090_half_quarterly_low_mag_noise100_lt3 | run_1 | freq=7 | noise=1 | magnitude=50 | lead_time=3 | PID 3358922 | GPU 3
[2026-07-16T14:57:18] Started local_patchtst | local_patchtst_092_half_quarterly_medium_mag_noise0_lt2 | run_1 | freq=7 | noise=1 | magnitude=100 | lead_time=2 | PID 3358931 | GPU 3
[2026-07-16T14:57:29] Started split_patchtst | split_patchtst_050_half_yearly_high_mag_noise10_lt2 | run_1 | freq=26 | noise=1 | magnitude=200 | lead_time=2 | PID 3359333 | GPU 2
[2026-07-16T14:57:32] Started split_patchtst | split_patchtst_052_half_yearly_high_mag_noise100_lt1 | run_1 | freq=26 | noise=1 | magnitude=200 | lead_time=1 | PID 3359403 | GPU 2
[2026-07-16T14:57:37] Started split_patchtst | split_patchtst_060_quarterly_low_mag_noise10_lt3 | run_9 | freq=13 | noise=1 | magnitude=50 | lead_time=3 | PID 3359550 | GPU 4
[2026-07-16T14:57:46] Finished split_patchtst | split_patchtst_031_half_yearly_low_mag_noise10_lt1 | run_7 | freq=26 | noise=1 | magnitude=50 | lead_time=1
[2026-07-16T14:57:50] Started local_timemixer | local_timemixer_064_quarterly_medium_mag_noise0_lt1 | run_1 | freq=13 | noise=1 | magnitude=100 | lead_time=1 | PID 3359953 | GPU 3
[2026-07-16T14:58:03] Started split_timemixer | split_timemixer_032_half_yearly_low_mag_noise10_lt2 | run_1 | freq=26 | noise=1 | magnitude=50 | lead_time=2 | PID 3360176 | GPU 5
[2026-07-16T14:58:08] Started split_timemixer | split_timemixer_050_half_yearly_high_mag_noise10_lt2 | run_1 | freq=26 | noise=1 | magnitude=200 | lead_time=2 | PID 3360215 | GPU 5
[2026-07-16T14:58:15] Started split_timemixer | split_timemixer_076_quarterly_high_mag_noise10_lt1 | run_5 | freq=13 | noise=1 | magnitude=200 | lead_time=1 | PID 3360291 | GPU 7
[2026-07-16T14:58:34] Started local_patchtst | local_patchtst_096_half_quarterly_medium_mag_noise10_lt3 | run_5 | freq=7 | noise=1 | magnitude=100 | lead_time=3 | PID 3360698 | GPU 4
[2026-07-16T14:58:49] Started split_patchtst | split_patchtst_090_half_quarterly_low_mag_noise100_lt3 | run_9 | freq=7 | noise=1 | magnitude=50 | lead_time=3 | PID 3361154 | GPU 2
[2026-07-16T14:58:53] Started split_patchtst | split_patchtst_091_half_quarterly_medium_mag_noise0_lt1 | run_3 | freq=7 | noise=1 | magnitude=100 | lead_time=1 | PID 3361409 | GPU 2
[2026-07-16T14:58:59] Finished split_patchtst | split_patchtst_052_half_yearly_high_mag_noise100_lt1 | run_1 | freq=26 | noise=1 | magnitude=200 | lead_time=1
[2026-07-16T14:59:09] Started split_timemixer | split_timemixer_004_yearly_low_mag_noise10_lt1 | run_9 | freq=52 | noise=1 | magnitude=50 | lead_time=1 | PID 3361744 | GPU 4
[2026-07-16T14:59:51] Finished split_patchtst | split_patchtst_060_quarterly_low_mag_noise10_lt3 | run_9 | freq=13 | noise=1 | magnitude=50 | lead_time=3
[2026-07-16T14:59:56] Started local_timemixer | local_timemixer_071_quarterly_medium_mag_noise100_lt2 | run_3 | freq=13 | noise=1 | magnitude=100 | lead_time=2 | PID 3362901 | GPU 4
[2026-07-16T15:00:12] Started split_timemixer | split_timemixer_064_quarterly_medium_mag_noise0_lt1 | run_1 | freq=13 | noise=1 | magnitude=100 | lead_time=1 | PID 3363889 | GPU 2
[2026-07-16T15:00:15] Started split_timemixer | split_timemixer_064_quarterly_medium_mag_noise0_lt1 | run_9 | freq=13 | noise=1 | magnitude=100 | lead_time=1 | PID 3363986 | GPU 2
[2026-07-16T15:00:24] Started split_timemixer | split_timemixer_103_half_quarterly_high_mag_noise10_lt1 | run_7 | freq=7 | noise=1 | magnitude=200 | lead_time=1 | PID 3367741 | GPU 1
[2026-07-16T15:00:40] Started local_patchtst | local_patchtst_108_half_quarterly_high_mag_noise100_lt3 | run_5 | freq=7 | noise=1 | magnitude=200 | lead_time=3 | PID 3373116 | GPU 3
[2026-07-16T15:00:56] Finished split_patchtst | split_patchtst_091_half_quarterly_medium_mag_noise0_lt1 | run_3 | freq=7 | noise=1 | magnitude=100 | lead_time=1
[2026-07-16T15:01:00] Started local_timemixer | local_timemixer_060_quarterly_low_mag_noise10_lt3 | run_9 | freq=13 | noise=1 | magnitude=50 | lead_time=3 | PID 3374838 | GPU 3
[2026-07-16T15:01:48] Finished local_patchtst | local_patchtst_096_half_quarterly_medium_mag_noise10_lt3 | run_5 | freq=7 | noise=1 | magnitude=100 | lead_time=3
[2026-07-16T15:02:36] Waiting for available CPU/GPU capacity. waiting=427, running=17
[2026-07-16T15:02:38] Finished local_timemixer | local_timemixer_064_quarterly_medium_mag_noise0_lt1 | run_1 | freq=13 | noise=1 | magnitude=100 | lead_time=1
[2026-07-16T15:03:07] Started local_patchtst | local_patchtst_056_quarterly_low_mag_noise0_lt2 | run_1 | freq=13 | noise=1 | magnitude=50 | lead_time=2 | PID 3378445 | GPU 1
[2026-07-16T15:03:12] Started local_patchtst | local_patchtst_074_quarterly_high_mag_noise0_lt2 | run_9 | freq=13 | noise=1 | magnitude=200 | lead_time=2 | PID 3378491 | GPU 7
[2026-07-16T15:03:22] Started split_patchtst | split_patchtst_025_yearly_high_mag_noise100_lt1 | run_7 | freq=52 | noise=1 | magnitude=200 | lead_time=1 | PID 3378624 | GPU 6
[2026-07-16T15:03:25] Started split_patchtst | split_patchtst_026_yearly_high_mag_noise100_lt2 | run_1 | freq=52 | noise=1 | magnitude=200 | lead_time=2 | PID 3378632 | GPU 6
[2026-07-16T15:03:29] Started split_patchtst | split_patchtst_032_half_yearly_low_mag_noise10_lt2 | run_5 | freq=26 | noise=1 | magnitude=50 | lead_time=2 | PID 3378656 | GPU 3
[2026-07-16T15:03:42] Finished local_patchtst | local_patchtst_108_half_quarterly_high_mag_noise100_lt3 | run_5 | freq=7 | noise=1 | magnitude=200 | lead_time=3
[2026-07-16T15:04:17] Started split_patchtst | split_patchtst_008_yearly_low_mag_noise100_lt2 | run_1 | freq=52 | noise=1 | magnitude=50 | lead_time=2 | PID 3380133 | GPU 3
[2026-07-16T15:04:41] Started local_timemixer | local_timemixer_096_half_quarterly_medium_mag_noise10_lt3 | run_5 | freq=7 | noise=1 | magnitude=100 | lead_time=3 | PID 3380524 | GPU 1
[2026-07-16T15:04:44] Started local_timemixer | local_timemixer_096_half_quarterly_medium_mag_noise10_lt3 | run_9 | freq=7 | noise=1 | magnitude=100 | lead_time=3 | PID 3380539 | GPU 6
[2026-07-16T15:04:48] Started local_timemixer | local_timemixer_098_half_quarterly_medium_mag_noise100_lt2 | run_1 | freq=7 | noise=1 | magnitude=100 | lead_time=2 | PID 3380638 | GPU 6
[2026-07-16T15:04:51] Started local_timemixer | local_timemixer_098_half_quarterly_medium_mag_noise100_lt2 | run_5 | freq=7 | noise=1 | magnitude=100 | lead_time=2 | PID 3380666 | GPU 7
[2026-07-16T15:04:54] Started local_timemixer | local_timemixer_098_half_quarterly_medium_mag_noise100_lt2 | run_9 | freq=7 | noise=1 | magnitude=100 | lead_time=2 | PID 3380841 | GPU 7
[2026-07-16T15:05:24] Started split_patchtst | split_patchtst_008_yearly_low_mag_noise100_lt2 | run_5 | freq=52 | noise=1 | magnitude=50 | lead_time=2 | PID 3381756 | GPU 0
[2026-07-16T15:05:28] Started split_patchtst | split_patchtst_010_yearly_medium_mag_noise0_lt1 | run_1 | freq=52 | noise=1 | magnitude=100 | lead_time=1 | PID 3381765 | GPU 0
[2026-07-16T15:05:43] Finished split_patchtst | split_patchtst_026_yearly_high_mag_noise100_lt2 | run_1 | freq=52 | noise=1 | magnitude=200 | lead_time=2
[2026-07-16T15:06:30] Waiting for available CPU/GPU capacity. waiting=414, running=19
[2026-07-16T15:06:31] Finished split_patchtst | split_patchtst_008_yearly_low_mag_noise100_lt2 | run_1 | freq=52 | noise=1 | magnitude=50 | lead_time=2
[2026-07-16T15:06:35] Started local_timemixer | local_timemixer_054_half_yearly_high_mag_noise100_lt3 | run_3 | freq=26 | noise=1 | magnitude=200 | lead_time=3 | PID 3383521 | GPU 3
[2026-07-16T15:06:46] Started split_timemixer | split_timemixer_027_yearly_high_mag_noise100_lt3 | run_3 | freq=52 | noise=1 | magnitude=200 | lead_time=3 | PID 3383751 | GPU 0
[2026-07-16T15:06:50] Started split_timemixer | split_timemixer_028_half_yearly_low_mag_noise0_lt1 | run_9 | freq=26 | noise=1 | magnitude=50 | lead_time=1 | PID 3383758 | GPU 0
[2026-07-16T15:07:10] Started local_patchtst | local_patchtst_056_quarterly_low_mag_noise0_lt2 | run_9 | freq=13 | noise=1 | magnitude=50 | lead_time=2 | PID 3384389 | GPU 4
[2026-07-16T15:07:13] Started local_patchtst | local_patchtst_058_quarterly_low_mag_noise10_lt1 | run_1 | freq=13 | noise=1 | magnitude=50 | lead_time=1 | PID 3384430 | GPU 4
[2026-07-16T15:07:34] Finished split_patchtst | split_patchtst_010_yearly_medium_mag_noise0_lt1 | run_1 | freq=52 | noise=1 | magnitude=100 | lead_time=1
[2026-07-16T15:07:41] Started local_timemixer | local_timemixer_095_half_quarterly_medium_mag_noise10_lt2 | run_7 | freq=7 | noise=1 | magnitude=100 | lead_time=2 | PID 3384988 | GPU 4
[2026-07-16T15:08:08] Started local_patchtst | local_patchtst_082_half_quarterly_low_mag_noise0_lt1 | run_9 | freq=7 | noise=1 | magnitude=50 | lead_time=1 | PID 3385980 | GPU 5
[2026-07-16T15:08:11] Started local_patchtst | local_patchtst_085_half_quarterly_low_mag_noise10_lt1 | run_7 | freq=7 | noise=1 | magnitude=50 | lead_time=1 | PID 3385988 | GPU 5
[2026-07-16T15:08:24] Started split_patchtst | split_patchtst_077_quarterly_high_mag_noise10_lt2 | run_7 | freq=13 | noise=1 | magnitude=200 | lead_time=2 | PID 3386235 | GPU 2
[2026-07-16T15:08:28] Started split_patchtst | split_patchtst_078_quarterly_high_mag_noise10_lt3 | run_1 | freq=13 | noise=1 | magnitude=200 | lead_time=3 | PID 3386242 | GPU 2
[2026-07-16T15:08:35] Finished split_timemixer | split_timemixer_064_quarterly_medium_mag_noise0_lt1 | run_9 | freq=13 | noise=1 | magnitude=100 | lead_time=1
[2026-07-16T15:08:41] Started local_timemixer | local_timemixer_081_quarterly_high_mag_noise100_lt3 | run_3 | freq=13 | noise=1 | magnitude=200 | lead_time=3 | PID 3386435 | GPU 5
[2026-07-16T15:08:45] Started local_timemixer | local_timemixer_087_half_quarterly_low_mag_noise10_lt3 | run_3 | freq=7 | noise=1 | magnitude=50 | lead_time=3 | PID 3386463 | GPU 5
[2026-07-16T15:09:27] Finished local_patchtst | local_patchtst_056_quarterly_low_mag_noise0_lt2 | run_9 | freq=13 | noise=1 | magnitude=50 | lead_time=2
[2026-07-16T15:09:33] Started local_timemixer | local_timemixer_090_half_quarterly_low_mag_noise100_lt3 | run_9 | freq=7 | noise=1 | magnitude=50 | lead_time=3 | PID 3387985 | GPU 1
[2026-07-16T15:09:37] Started local_timemixer | local_timemixer_092_half_quarterly_medium_mag_noise0_lt2 | run_1 | freq=7 | noise=1 | magnitude=100 | lead_time=2 | PID 3388006 | GPU 1
[2026-07-16T15:09:44] Started split_timemixer | split_timemixer_029_half_yearly_low_mag_noise0_lt2 | run_3 | freq=26 | noise=1 | magnitude=50 | lead_time=2 | PID 3388109 | GPU 2
[2026-07-16T15:09:48] Started split_timemixer | split_timemixer_029_half_yearly_low_mag_noise0_lt2 | run_7 | freq=26 | noise=1 | magnitude=50 | lead_time=2 | PID 3388117 | GPU 2
[2026-07-16T15:09:53] Started split_timemixer | split_timemixer_047_half_yearly_high_mag_noise0_lt2 | run_7 | freq=26 | noise=1 | magnitude=200 | lead_time=2 | PID 3388155 | GPU 4
[2026-07-16T15:10:28] Finished split_patchtst | split_patchtst_078_quarterly_high_mag_noise10_lt3 | run_1 | freq=13 | noise=1 | magnitude=200 | lead_time=3
[2026-07-16T15:10:55] Started local_patchtst | local_patchtst_054_half_yearly_high_mag_noise100_lt3 | run_9 | freq=26 | noise=1 | magnitude=200 | lead_time=3 | PID 3389914 | GPU 6
[2026-07-16T15:10:58] Started local_patchtst | local_patchtst_056_quarterly_low_mag_noise0_lt2 | run_5 | freq=13 | noise=1 | magnitude=50 | lead_time=2 | PID 3390101 | GPU 6
[2026-07-16T15:11:10] Started split_patchtst | split_patchtst_030_half_yearly_low_mag_noise0_lt3 | run_9 | freq=26 | noise=1 | magnitude=50 | lead_time=3 | PID 3390388 | GPU 7
[2026-07-16T15:11:13] Started split_patchtst | split_patchtst_032_half_yearly_low_mag_noise10_lt2 | run_1 | freq=26 | noise=1 | magnitude=50 | lead_time=2 | PID 3390398 | GPU 7
[2026-07-16T15:11:20] Started split_patchtst | split_patchtst_068_quarterly_medium_mag_noise10_lt2 | run_1 | freq=13 | noise=1 | magnitude=100 | lead_time=2 | PID 3390471 | GPU 3
[2026-07-16T15:11:29] Finished local_patchtst | local_patchtst_085_half_quarterly_low_mag_noise10_lt1 | run_7 | freq=7 | noise=1 | magnitude=50 | lead_time=1
[2026-07-16T15:11:30] Started local_timemixer | local_timemixer_024_yearly_high_mag_noise10_lt3 | run_5 | freq=52 | noise=1 | magnitude=200 | lead_time=3 | PID 3390644 | GPU 6
[2026-07-16T15:12:15] Started split_patchtst | split_patchtst_103_half_quarterly_high_mag_noise10_lt1 | run_3 | freq=7 | noise=1 | magnitude=200 | lead_time=1 | PID 3392053 | GPU 3
[2026-07-16T15:12:31] Started split_timemixer | split_timemixer_043_half_yearly_medium_mag_noise100_lt1 | run_7 | freq=26 | noise=1 | magnitude=100 | lead_time=1 | PID 3392316 | GPU 7
[2026-07-16T15:12:35] Started split_timemixer | split_timemixer_046_half_yearly_high_mag_noise0_lt1 | run_1 | freq=26 | noise=1 | magnitude=200 | lead_time=1 | PID 3392365 | GPU 7
[2026-07-16T15:12:58] Started split_patchtst | split_patchtst_010_yearly_medium_mag_noise0_lt1 | run_5 | freq=52 | noise=1 | magnitude=100 | lead_time=1 | PID 3393005 | GPU 3
[2026-07-16T15:13:12] Finished split_patchtst | split_patchtst_068_quarterly_medium_mag_noise10_lt2 | run_1 | freq=13 | noise=1 | magnitude=100 | lead_time=2
[2026-07-16T15:13:18] Started local_timemixer | local_timemixer_079_quarterly_high_mag_noise100_lt1 | run_3 | freq=13 | noise=1 | magnitude=200 | lead_time=1 | PID 3393658 | GPU 6
[2026-07-16T15:13:36] Started local_patchtst | local_patchtst_003_yearly_low_mag_noise0_lt3 | run_7 | freq=52 | noise=1 | magnitude=50 | lead_time=3 | PID 3393973 | GPU 3
[2026-07-16T15:13:40] Started local_patchtst | local_patchtst_004_yearly_low_mag_noise10_lt1 | run_1 | freq=52 | noise=1 | magnitude=50 | lead_time=1 | PID 3394009 | GPU 3
[2026-07-16T15:14:05] Finished split_patchtst | split_patchtst_103_half_quarterly_high_mag_noise10_lt1 | run_3 | freq=7 | noise=1 | magnitude=200 | lead_time=1
[2026-07-16T15:14:24] Started split_timemixer | split_timemixer_100_half_quarterly_high_mag_noise0_lt1 | run_1 | freq=7 | noise=1 | magnitude=200 | lead_time=1 | PID 3395427 | GPU 4
[2026-07-16T15:14:48] Started split_patchtst | split_patchtst_087_half_quarterly_low_mag_noise10_lt3 | run_3 | freq=7 | noise=1 | magnitude=50 | lead_time=3 | PID 3395893 | GPU 3
[2026-07-16T15:14:54] Finished split_patchtst | split_patchtst_010_yearly_medium_mag_noise0_lt1 | run_5 | freq=52 | noise=1 | magnitude=100 | lead_time=1
[2026-07-16T15:15:05] Started split_timemixer | split_timemixer_018_yearly_medium_mag_noise100_lt3 | run_5 | freq=52 | noise=1 | magnitude=100 | lead_time=3 | PID 3396316 | GPU 0
[2026-07-16T15:15:29] Started local_patchtst | local_patchtst_107_half_quarterly_high_mag_noise100_lt2 | run_3 | freq=7 | noise=1 | magnitude=200 | lead_time=2 | PID 3397071 | GPU 3
[2026-07-16T15:15:44] Finished local_patchtst | local_patchtst_004_yearly_low_mag_noise10_lt1 | run_1 | freq=52 | noise=1 | magnitude=50 | lead_time=1
[2026-07-16T15:15:47] Started local_timemixer | local_timemixer_052_half_yearly_high_mag_noise100_lt1 | run_7 | freq=26 | noise=1 | magnitude=200 | lead_time=1 | PID 3397482 | GPU 5
[2026-07-16T15:15:52] Started local_timemixer | local_timemixer_072_quarterly_medium_mag_noise100_lt3 | run_9 | freq=13 | noise=1 | magnitude=100 | lead_time=3 | PID 3397509 | GPU 5
[2026-07-16T15:15:57] Started local_timemixer | local_timemixer_094_half_quarterly_medium_mag_noise10_lt1 | run_9 | freq=7 | noise=1 | magnitude=100 | lead_time=1 | PID 3397554 | GPU 1
[2026-07-16T15:16:00] Started local_timemixer | local_timemixer_095_half_quarterly_medium_mag_noise10_lt2 | run_3 | freq=7 | noise=1 | magnitude=100 | lead_time=2 | PID 3397564 | GPU 1
[2026-07-16T15:16:05] Started split_timemixer | split_timemixer_003_yearly_low_mag_noise0_lt3 | run_3 | freq=52 | noise=1 | magnitude=50 | lead_time=3 | PID 3397774 | GPU 3
[2026-07-16T15:16:09] Started split_timemixer | split_timemixer_009_yearly_low_mag_noise100_lt3 | run_7 | freq=52 | noise=1 | magnitude=50 | lead_time=3 | PID 3397794 | GPU 3
[2026-07-16T15:16:47] Finished split_patchtst | split_patchtst_087_half_quarterly_low_mag_noise10_lt3 | run_3 | freq=7 | noise=1 | magnitude=50 | lead_time=3
[2026-07-16T15:17:27] Started split_patchtst | split_patchtst_095_half_quarterly_medium_mag_noise10_lt2 | run_7 | freq=7 | noise=1 | magnitude=100 | lead_time=2 | PID 3399979 | GPU 0
[2026-07-16T15:17:32] Finished local_timemixer | local_timemixer_024_yearly_high_mag_noise10_lt3 | run_5 | freq=52 | noise=1 | magnitude=200 | lead_time=3
[2026-07-16T15:18:01] Started local_patchtst | local_patchtst_098_half_quarterly_medium_mag_noise100_lt2 | run_9 | freq=7 | noise=1 | magnitude=100 | lead_time=2 | PID 3400772 | GPU 6
[2026-07-16T15:18:04] Started local_patchtst | local_patchtst_104_half_quarterly_high_mag_noise10_lt2 | run_1 | freq=7 | noise=1 | magnitude=200 | lead_time=2 | PID 3401031 | GPU 6
[2026-07-16T15:18:08] Started local_patchtst | local_patchtst_104_half_quarterly_high_mag_noise10_lt2 | run_5 | freq=7 | noise=1 | magnitude=200 | lead_time=2 | PID 3401105 | GPU 6
[2026-07-16T15:18:23] Finished local_timemixer | local_timemixer_079_quarterly_high_mag_noise100_lt1 | run_3 | freq=13 | noise=1 | magnitude=200 | lead_time=1
[2026-07-16T15:19:04] Waiting for available CPU/GPU capacity. waiting=370, running=17
[2026-07-16T15:19:05] Finished local_patchtst | local_patchtst_107_half_quarterly_high_mag_noise100_lt2 | run_3 | freq=7 | noise=1 | magnitude=200 | lead_time=2
[2026-07-16T15:19:11] Started local_timemixer | local_timemixer_084_half_quarterly_low_mag_noise0_lt3 | run_5 | freq=7 | noise=1 | magnitude=50 | lead_time=3 | PID 3402608 | GPU 2
[2026-07-16T15:19:15] Started local_timemixer | local_timemixer_086_half_quarterly_low_mag_noise10_lt2 | run_9 | freq=7 | noise=1 | magnitude=50 | lead_time=2 | PID 3402690 | GPU 2
[2026-07-16T15:19:53] Finished local_patchtst | local_patchtst_098_half_quarterly_medium_mag_noise100_lt2 | run_9 | freq=7 | noise=1 | magnitude=100 | lead_time=2
[2026-07-16T15:19:54] Started local_timemixer | local_timemixer_023_yearly_high_mag_noise10_lt2 | run_3 | freq=52 | noise=1 | magnitude=200 | lead_time=2 | PID 3403719 | GPU 6
[2026-07-16T15:19:57] Started local_timemixer | local_timemixer_023_yearly_high_mag_noise10_lt2 | run_7 | freq=52 | noise=1 | magnitude=200 | lead_time=2 | PID 3403726 | GPU 6
[2026-07-16T15:20:31] Started split_patchtst | split_patchtst_023_yearly_high_mag_noise10_lt2 | run_7 | freq=52 | noise=1 | magnitude=200 | lead_time=2 | PID 3404797 | GPU 4
[2026-07-16T15:20:35] Started split_patchtst | split_patchtst_024_yearly_high_mag_noise10_lt3 | run_1 | freq=52 | noise=1 | magnitude=200 | lead_time=3 | PID 3404873 | GPU 4
[2026-07-16T15:20:38] Started split_patchtst | split_patchtst_024_yearly_high_mag_noise10_lt3 | run_5 | freq=52 | noise=1 | magnitude=200 | lead_time=3 | PID 3404951 | GPU 4
[2026-07-16T15:20:50] Finished local_patchtst | local_patchtst_104_half_quarterly_high_mag_noise10_lt2 | run_5 | freq=7 | noise=1 | magnitude=200 | lead_time=2
[2026-07-16T15:21:04] Started split_timemixer | split_timemixer_070_quarterly_medium_mag_noise100_lt1 | run_9 | freq=13 | noise=1 | magnitude=100 | lead_time=1 | PID 3405522 | GPU 7
[2026-07-16T15:21:07] Started split_timemixer | split_timemixer_071_quarterly_medium_mag_noise100_lt2 | run_7 | freq=13 | noise=1 | magnitude=100 | lead_time=2 | PID 3405662 | GPU 7
[2026-07-16T15:21:21] Started local_patchtst | local_patchtst_054_half_yearly_high_mag_noise100_lt3 | run_1 | freq=26 | noise=1 | magnitude=200 | lead_time=3 | PID 3405906 | GPU 0
[2026-07-16T15:21:25] Started local_patchtst | local_patchtst_055_quarterly_low_mag_noise0_lt1 | run_7 | freq=13 | noise=1 | magnitude=50 | lead_time=1 | PID 3405988 | GPU 0
[2026-07-16T15:21:28] Started local_patchtst | local_patchtst_058_quarterly_low_mag_noise10_lt1 | run_5 | freq=13 | noise=1 | magnitude=50 | lead_time=1 | PID 3406038 | GPU 0
[2026-07-16T15:21:43] Started split_patchtst | split_patchtst_084_half_quarterly_low_mag_noise0_lt3 | run_1 | freq=7 | noise=1 | magnitude=50 | lead_time=3 | PID 3406300 | GPU 5
[2026-07-16T15:21:46] Started split_patchtst | split_patchtst_084_half_quarterly_low_mag_noise0_lt3 | run_9 | freq=7 | noise=1 | magnitude=50 | lead_time=3 | PID 3406382 | GPU 5
[2026-07-16T15:21:51] Started split_patchtst | split_patchtst_097_half_quarterly_medium_mag_noise100_lt1 | run_7 | freq=7 | noise=1 | magnitude=100 | lead_time=1 | PID 3406532 | GPU 1
[2026-07-16T15:21:55] Started split_patchtst | split_patchtst_098_half_quarterly_medium_mag_noise100_lt2 | run_1 | freq=7 | noise=1 | magnitude=100 | lead_time=2 | PID 3406612 | GPU 1
[2026-07-16T15:21:59] Finished local_timemixer | local_timemixer_095_half_quarterly_medium_mag_noise10_lt2 | run_3 | freq=7 | noise=1 | magnitude=100 | lead_time=2
[2026-07-16T15:22:00] Started local_timemixer | local_timemixer_025_yearly_high_mag_noise100_lt1 | run_9 | freq=52 | noise=1 | magnitude=200 | lead_time=1 | PID 3406707 | GPU 1
[2026-07-16T15:22:29] Started local_patchtst | local_patchtst_068_quarterly_medium_mag_noise10_lt2 | run_5 | freq=13 | noise=1 | magnitude=100 | lead_time=2 | PID 3407530 | GPU 4
[2026-07-16T15:22:43] Started split_patchtst | split_patchtst_082_half_quarterly_low_mag_noise0_lt1 | run_5 | freq=7 | noise=1 | magnitude=50 | lead_time=1 | PID 3407742 | GPU 6
[2026-07-16T15:22:50] Finished split_patchtst | split_patchtst_024_yearly_high_mag_noise10_lt3 | run_5 | freq=52 | noise=1 | magnitude=200 | lead_time=3
[2026-07-16T15:22:50] Started local_timemixer | local_timemixer_027_yearly_high_mag_noise100_lt3 | run_3 | freq=52 | noise=1 | magnitude=200 | lead_time=3 | PID 3407818 | GPU 4
[2026-07-16T15:22:54] Started local_timemixer | local_timemixer_029_half_yearly_low_mag_noise0_lt2 | run_8 | freq=26 | noise=1 | magnitude=50 | lead_time=2 | PID 3407825 | GPU 4
[2026-07-16T15:23:06] Started split_timemixer | split_timemixer_036_half_yearly_low_mag_noise100_lt3 | run_5 | freq=26 | noise=1 | magnitude=50 | lead_time=3 | PID 3408350 | GPU 5
[2026-07-16T15:23:10] Started split_timemixer | split_timemixer_039_half_yearly_medium_mag_noise0_lt3 | run_7 | freq=26 | noise=1 | magnitude=100 | lead_time=3 | PID 3408437 | GPU 5
[2026-07-16T15:23:15] Started split_timemixer | split_timemixer_053_half_yearly_high_mag_noise100_lt2 | run_7 | freq=26 | noise=1 | magnitude=200 | lead_time=2 | PID 3408558 | GPU 0
[2026-07-16T15:23:45] Finished split_patchtst | split_patchtst_084_half_quarterly_low_mag_noise0_lt3 | run_9 | freq=7 | noise=1 | magnitude=50 | lead_time=3
[2026-07-16T15:23:47] Started local_timemixer | local_timemixer_040_half_yearly_medium_mag_noise10_lt1 | run_7 | freq=26 | noise=1 | magnitude=100 | lead_time=1 | PID 3409283 | GPU 0
[2026-07-16T15:24:28] Finished split_patchtst | split_patchtst_098_half_quarterly_medium_mag_noise100_lt2 | run_1 | freq=7 | noise=1 | magnitude=100 | lead_time=2
[2026-07-16T15:24:41] Started split_timemixer | split_timemixer_072_quarterly_medium_mag_noise100_lt3 | run_9 | freq=13 | noise=1 | magnitude=100 | lead_time=3 | PID 3410899 | GPU 1
[2026-07-16T15:25:09] Started split_patchtst | split_patchtst_103_half_quarterly_high_mag_noise10_lt1 | run_7 | freq=7 | noise=1 | magnitude=200 | lead_time=1 | PID 3411568 | GPU 2
[2026-07-16T15:25:13] Finished local_timemixer | local_timemixer_086_half_quarterly_low_mag_noise10_lt2 | run_9 | freq=7 | noise=1 | magnitude=50 | lead_time=2
[2026-07-16T15:25:25] Started split_timemixer | split_timemixer_060_quarterly_low_mag_noise10_lt3 | run_9 | freq=13 | noise=1 | magnitude=50 | lead_time=3 | PID 3411806 | GPU 2
[2026-07-16T15:25:29] Started split_timemixer | split_timemixer_061_quarterly_low_mag_noise100_lt1 | run_3 | freq=13 | noise=1 | magnitude=50 | lead_time=1 | PID 3411863 | GPU 2
[2026-07-16T15:25:58] Finished split_patchtst | split_patchtst_082_half_quarterly_low_mag_noise0_lt1 | run_5 | freq=7 | noise=1 | magnitude=50 | lead_time=1
[2026-07-16T15:26:34] Started split_patchtst | split_patchtst_082_half_quarterly_low_mag_noise0_lt1 | run_9 | freq=7 | noise=1 | magnitude=50 | lead_time=1 | PID 3413686 | GPU 6
[2026-07-16T15:26:37] Started split_patchtst | split_patchtst_083_half_quarterly_low_mag_noise0_lt2 | run_7 | freq=7 | noise=1 | magnitude=50 | lead_time=2 | PID 3413782 | GPU 6
[2026-07-16T15:26:43] Finished local_timemixer | local_timemixer_023_yearly_high_mag_noise10_lt2 | run_7 | freq=52 | noise=1 | magnitude=200 | lead_time=2
[2026-07-16T15:26:46] Started local_timemixer | local_timemixer_069_quarterly_medium_mag_noise10_lt3 | run_7 | freq=13 | noise=1 | magnitude=100 | lead_time=3 | PID 3413937 | GPU 3
[2026-07-16T15:26:50] Started local_timemixer | local_timemixer_070_quarterly_medium_mag_noise100_lt1 | run_5 | freq=13 | noise=1 | magnitude=100 | lead_time=1 | PID 3413944 | GPU 3
[2026-07-16T15:27:26] Started split_patchtst | split_patchtst_094_half_quarterly_medium_mag_noise10_lt1 | run_9 | freq=7 | noise=1 | magnitude=100 | lead_time=1 | PID 3415084 | GPU 1
[2026-07-16T15:27:31] Finished local_timemixer | local_timemixer_025_yearly_high_mag_noise100_lt1 | run_9 | freq=52 | noise=1 | magnitude=200 | lead_time=1
[2026-07-16T15:27:54] Started local_patchtst | local_patchtst_046_half_yearly_high_mag_noise0_lt1 | run_9 | freq=26 | noise=1 | magnitude=200 | lead_time=1 | PID 3415703 | GPU 6
[2026-07-16T15:27:57] Started local_patchtst | local_patchtst_047_half_yearly_high_mag_noise0_lt2 | run_3 | freq=26 | noise=1 | magnitude=200 | lead_time=2 | PID 3415710 | GPU 6
[2026-07-16T15:28:15] Finished split_patchtst | split_patchtst_083_half_quarterly_low_mag_noise0_lt2 | run_7 | freq=7 | noise=1 | magnitude=50 | lead_time=2
[2026-07-16T15:28:29] Started split_timemixer | split_timemixer_080_quarterly_high_mag_noise100_lt2 | run_9 | freq=13 | noise=1 | magnitude=200 | lead_time=2 | PID 3416744 | GPU 6
[2026-07-16T15:28:46] Started local_patchtst | local_patchtst_108_half_quarterly_high_mag_noise100_lt3 | run_9 | freq=7 | noise=1 | magnitude=200 | lead_time=3 | PID 3417172 | GPU 3
[2026-07-16T15:29:00] Finished split_patchtst | split_patchtst_103_half_quarterly_high_mag_noise10_lt1 | run_7 | freq=7 | noise=1 | magnitude=200 | lead_time=1
[2026-07-16T15:29:06] Started local_timemixer | local_timemixer_104_half_quarterly_high_mag_noise10_lt2 | run_5 | freq=7 | noise=1 | magnitude=200 | lead_time=2 | PID 3417462 | GPU 1
[2026-07-16T15:29:41] Started split_patchtst | split_patchtst_105_half_quarterly_high_mag_noise10_lt3 | run_3 | freq=7 | noise=1 | magnitude=200 | lead_time=3 | PID 3418551 | GPU 4
[2026-07-16T15:29:44] Started split_patchtst | split_patchtst_106_half_quarterly_high_mag_noise100_lt1 | run_1 | freq=7 | noise=1 | magnitude=200 | lead_time=1 | PID 3418693 | GPU 4
[2026-07-16T15:29:48] Finished local_timemixer | local_timemixer_029_half_yearly_low_mag_noise0_lt2 | run_8 | freq=26 | noise=1 | magnitude=50 | lead_time=2
[2026-07-16T15:29:48] Started local_timemixer | local_timemixer_031_half_yearly_low_mag_noise10_lt1 | run_0 | freq=26 | noise=1 | magnitude=50 | lead_time=1 | PID 3418785 | GPU 4
[2026-07-16T15:30:29] Finished local_patchtst | local_patchtst_047_half_yearly_high_mag_noise0_lt2 | run_3 | freq=26 | noise=1 | magnitude=200 | lead_time=2
[2026-07-16T15:30:32] Started local_timemixer | local_timemixer_072_quarterly_medium_mag_noise100_lt3 | run_5 | freq=13 | noise=1 | magnitude=100 | lead_time=3 | PID 3419687 | GPU 7
[2026-07-16T15:30:35] Started local_timemixer | local_timemixer_073_quarterly_high_mag_noise0_lt1 | run_3 | freq=13 | noise=1 | magnitude=200 | lead_time=1 | PID 3419698 | GPU 7
[2026-07-16T15:30:57] Started local_patchtst | local_patchtst_042_half_yearly_medium_mag_noise10_lt3 | run_1 | freq=26 | noise=1 | magnitude=100 | lead_time=3 | PID 3420355 | GPU 6
[2026-07-16T15:31:01] Started local_patchtst | local_patchtst_046_half_yearly_high_mag_noise0_lt1 | run_5 | freq=26 | noise=1 | magnitude=200 | lead_time=1 | PID 3420450 | GPU 0
[2026-07-16T15:31:04] Started local_patchtst | local_patchtst_047_half_yearly_high_mag_noise0_lt2 | run_7 | freq=26 | noise=1 | magnitude=200 | lead_time=2 | PID 3420522 | GPU 0
[2026-07-16T15:31:07] Started local_patchtst | local_patchtst_048_half_yearly_high_mag_noise0_lt3 | run_5 | freq=26 | noise=1 | magnitude=200 | lead_time=3 | PID 3420579 | GPU 0
[2026-07-16T15:31:25] Finished split_timemixer | split_timemixer_053_half_yearly_high_mag_noise100_lt2 | run_7 | freq=26 | noise=1 | magnitude=200 | lead_time=2
[2026-07-16T15:32:01] Started split_patchtst | split_patchtst_106_half_quarterly_high_mag_noise100_lt1 | run_5 | freq=7 | noise=1 | magnitude=200 | lead_time=1 | PID 3421853 | GPU 4
[2026-07-16T15:32:05] Finished split_patchtst | split_patchtst_106_half_quarterly_high_mag_noise100_lt1 | run_1 | freq=7 | noise=1 | magnitude=200 | lead_time=1
[2026-07-16T15:32:41] Started split_patchtst | split_patchtst_100_half_quarterly_high_mag_noise0_lt1 | run_9 | freq=7 | noise=1 | magnitude=200 | lead_time=1 | PID 3423046 | GPU 4
[2026-07-16T15:32:44] Finished local_patchtst | local_patchtst_108_half_quarterly_high_mag_noise100_lt3 | run_9 | freq=7 | noise=1 | magnitude=200 | lead_time=3
[2026-07-16T15:32:54] Started split_timemixer | split_timemixer_042_half_yearly_medium_mag_noise10_lt3 | run_1 | freq=26 | noise=1 | magnitude=100 | lead_time=3 | PID 3423236 | GPU 0
[2026-07-16T15:33:02] Started split_timemixer | split_timemixer_094_half_quarterly_medium_mag_noise10_lt1 | run_1 | freq=7 | noise=1 | magnitude=100 | lead_time=1 | PID 3423461 | GPU 3
[2026-07-16T15:33:24] Started split_patchtst | split_patchtst_066_quarterly_medium_mag_noise0_lt3 | run_5 | freq=13 | noise=1 | magnitude=100 | lead_time=3 | PID 3424039 | GPU 1
[2026-07-16T15:33:29] Started split_patchtst | split_patchtst_086_half_quarterly_low_mag_noise10_lt2 | run_5 | freq=7 | noise=1 | magnitude=50 | lead_time=2 | PID 3424167 | GPU 1
[2026-07-16T15:33:34] Finished local_patchtst | local_patchtst_048_half_yearly_high_mag_noise0_lt3 | run_5 | freq=26 | noise=1 | magnitude=200 | lead_time=3
[2026-07-16T15:34:09] Waiting for available CPU/GPU capacity. waiting=316, running=17
[2026-07-16T15:34:11] Finished split_timemixer | split_timemixer_061_quarterly_low_mag_noise100_lt1 | run_3 | freq=13 | noise=1 | magnitude=50 | lead_time=1
[2026-07-16T15:34:15] Started local_timemixer | local_timemixer_083_half_quarterly_low_mag_noise0_lt2 | run_3 | freq=7 | noise=1 | magnitude=50 | lead_time=2 | PID 3425480 | GPU 2
[2026-07-16T15:34:30] Started split_timemixer | split_timemixer_102_half_quarterly_high_mag_noise0_lt3 | run_9 | freq=7 | noise=1 | magnitude=200 | lead_time=3 | PID 3425718 | GPU 0
[2026-07-16T15:34:40] Started local_patchtst | local_patchtst_067_quarterly_medium_mag_noise10_lt1 | run_3 | freq=13 | noise=1 | magnitude=100 | lead_time=1 | PID 3425912 | GPU 6
[2026-07-16T15:34:55] Started split_patchtst | split_patchtst_094_half_quarterly_medium_mag_noise10_lt1 | run_5 | freq=7 | noise=1 | magnitude=100 | lead_time=1 | PID 3426416 | GPU 4
[2026-07-16T15:34:59] Finished split_patchtst | split_patchtst_100_half_quarterly_high_mag_noise0_lt1 | run_9 | freq=7 | noise=1 | magnitude=200 | lead_time=1
[2026-07-16T15:35:09] Started split_timemixer | split_timemixer_047_half_yearly_high_mag_noise0_lt2 | run_3 | freq=26 | noise=1 | magnitude=200 | lead_time=2 | PID 3426752 | GPU 4
[2026-07-16T15:35:12] Started split_timemixer | split_timemixer_048_half_yearly_high_mag_noise0_lt3 | run_5 | freq=26 | noise=1 | magnitude=200 | lead_time=3 | PID 3426815 | GPU 4
[2026-07-16T15:35:41] Finished local_timemixer | local_timemixer_031_half_yearly_low_mag_noise10_lt1 | run_0 | freq=26 | noise=1 | magnitude=50 | lead_time=1
[2026-07-16T15:35:44] Started local_timemixer | local_timemixer_073_quarterly_high_mag_noise0_lt1 | run_7 | freq=13 | noise=1 | magnitude=200 | lead_time=1 | PID 3427512 | GPU 1
[2026-07-16T15:36:02] Started local_patchtst | local_patchtst_013_yearly_medium_mag_noise10_lt1 | run_7 | freq=52 | noise=1 | magnitude=100 | lead_time=1 | PID 3427983 | GPU 2
[2026-07-16T15:36:11] Started local_patchtst | local_patchtst_080_quarterly_high_mag_noise100_lt2 | run_1 | freq=13 | noise=1 | magnitude=200 | lead_time=2 | PID 3428338 | GPU 6
[2026-07-16T15:36:25] Started split_patchtst | split_patchtst_098_half_quarterly_medium_mag_noise100_lt2 | run_9 | freq=7 | noise=1 | magnitude=100 | lead_time=2 | PID 3428766 | GPU 2
[2026-07-16T15:36:29] Finished split_patchtst | split_patchtst_086_half_quarterly_low_mag_noise10_lt2 | run_5 | freq=7 | noise=1 | magnitude=50 | lead_time=2
[2026-07-16T15:36:34] Started local_timemixer | local_timemixer_096_half_quarterly_medium_mag_noise10_lt3 | run_1 | freq=7 | noise=1 | magnitude=100 | lead_time=3 | PID 3428870 | GPU 7
[2026-07-16T15:36:41] Started split_timemixer | split_timemixer_032_half_yearly_low_mag_noise10_lt2 | run_9 | freq=26 | noise=1 | magnitude=50 | lead_time=2 | PID 3428954 | GPU 1
[2026-07-16T15:36:51] Started split_timemixer | split_timemixer_106_half_quarterly_high_mag_noise100_lt1 | run_1 | freq=7 | noise=1 | magnitude=200 | lead_time=1 | PID 3429092 | GPU 6
[2026-07-16T15:36:54] Started split_timemixer | split_timemixer_107_half_quarterly_high_mag_noise100_lt2 | run_7 | freq=7 | noise=1 | magnitude=200 | lead_time=2 | PID 3429099 | GPU 6
[2026-07-16T15:37:16] Finished local_patchtst | local_patchtst_067_quarterly_medium_mag_noise10_lt1 | run_3 | freq=13 | noise=1 | magnitude=100 | lead_time=1
[2026-07-16T15:37:25] Started split_timemixer | split_timemixer_034_half_yearly_low_mag_noise100_lt1 | run_5 | freq=26 | noise=1 | magnitude=50 | lead_time=1 | PID 3430216 | GPU 5
[2026-07-16T15:37:33] Started split_timemixer | split_timemixer_096_half_quarterly_medium_mag_noise10_lt3 | run_9 | freq=7 | noise=1 | magnitude=100 | lead_time=3 | PID 3430397 | GPU 7
[2026-07-16T15:38:19] Started local_patchtst | local_patchtst_073_quarterly_high_mag_noise0_lt1 | run_3 | freq=13 | noise=1 | magnitude=200 | lead_time=1 | PID 3431705 | GPU 5
[2026-07-16T15:38:34] Finished split_patchtst | split_patchtst_094_half_quarterly_medium_mag_noise10_lt1 | run_5 | freq=7 | noise=1 | magnitude=100 | lead_time=1
[2026-07-16T15:39:08] Waiting for available CPU/GPU capacity. waiting=299, running=18
[2026-07-16T15:39:09] Finished split_patchtst | split_patchtst_098_half_quarterly_medium_mag_noise100_lt2 | run_9 | freq=7 | noise=1 | magnitude=100 | lead_time=2
[2026-07-16T15:39:14] Started local_timemixer | local_timemixer_088_half_quarterly_low_mag_noise100_lt1 | run_5 | freq=7 | noise=1 | magnitude=50 | lead_time=1 | PID 3433119 | GPU 2
[2026-07-16T15:39:17] Started local_timemixer | local_timemixer_088_half_quarterly_low_mag_noise100_lt1 | run_9 | freq=7 | noise=1 | magnitude=50 | lead_time=1 | PID 3433308 | GPU 2
[2026-07-16T15:39:49] Finished local_timemixer | local_timemixer_083_half_quarterly_low_mag_noise0_lt2 | run_3 | freq=7 | noise=1 | magnitude=50 | lead_time=2
[2026-07-16T15:39:53] Started local_timemixer | local_timemixer_078_quarterly_high_mag_noise10_lt3 | run_5 | freq=13 | noise=1 | magnitude=200 | lead_time=3 | PID 3434197 | GPU 5
[2026-07-16T15:40:26] Finished split_timemixer | split_timemixer_094_half_quarterly_medium_mag_noise10_lt1 | run_1 | freq=7 | noise=1 | magnitude=100 | lead_time=1
[2026-07-16T15:40:31] Started local_timemixer | local_timemixer_102_half_quarterly_high_mag_noise0_lt3 | run_9 | freq=7 | noise=1 | magnitude=200 | lead_time=3 | PID 3435258 | GPU 3
[2026-07-16T15:41:01] Started split_patchtst | split_patchtst_088_half_quarterly_low_mag_noise100_lt1 | run_9 | freq=7 | noise=1 | magnitude=50 | lead_time=1 | PID 3435872 | GPU 2
[2026-07-16T15:41:06] Finished local_timemixer | local_timemixer_073_quarterly_high_mag_noise0_lt1 | run_7 | freq=13 | noise=1 | magnitude=200 | lead_time=1
[2026-07-16T15:41:20] Started split_timemixer | split_timemixer_103_half_quarterly_high_mag_noise10_lt1 | run_3 | freq=7 | noise=1 | magnitude=200 | lead_time=1 | PID 3436750 | GPU 1
[2026-07-16T15:41:42] Finished local_patchtst | local_patchtst_073_quarterly_high_mag_noise0_lt1 | run_3 | freq=13 | noise=1 | magnitude=200 | lead_time=1
[2026-07-16T15:42:15] Waiting for available CPU/GPU capacity. waiting=293, running=17
[2026-07-16T15:43:25] Finished local_timemixer | local_timemixer_096_half_quarterly_medium_mag_noise10_lt3 | run_1 | freq=7 | noise=1 | magnitude=100 | lead_time=3
[2026-07-16T15:43:55] Started split_patchtst | split_patchtst_067_quarterly_medium_mag_noise10_lt1 | run_7 | freq=13 | noise=1 | magnitude=100 | lead_time=1 | PID 3440891 | GPU 3
[2026-07-16T15:44:01] Started split_patchtst | split_patchtst_101_half_quarterly_high_mag_noise0_lt2 | run_3 | freq=7 | noise=1 | magnitude=200 | lead_time=2 | PID 3440937 | GPU 7
[2026-07-16T15:44:18] Started split_timemixer | split_timemixer_097_half_quarterly_medium_mag_noise100_lt1 | run_7 | freq=7 | noise=1 | magnitude=100 | lead_time=1 | PID 3441266 | GPU 3
[2026-07-16T15:44:23] Started local_patchtst | local_patchtst_004_yearly_low_mag_noise10_lt1 | run_5 | freq=52 | noise=1 | magnitude=50 | lead_time=1 | PID 3441549 | GPU 5
[2026-07-16T15:44:38] Started split_patchtst | split_patchtst_036_half_yearly_low_mag_noise100_lt3 | run_1 | freq=26 | noise=1 | magnitude=50 | lead_time=3 | PID 3441789 | GPU 1
[2026-07-16T15:44:44] Started split_patchtst | split_patchtst_058_quarterly_low_mag_noise10_lt1 | run_5 | freq=13 | noise=1 | magnitude=50 | lead_time=1 | PID 3441849 | GPU 5
[2026-07-16T15:44:51] Finished split_patchtst | split_patchtst_088_half_quarterly_low_mag_noise100_lt1 | run_9 | freq=7 | noise=1 | magnitude=50 | lead_time=1
[2026-07-16T15:45:09] Started local_patchtst | local_patchtst_030_half_yearly_low_mag_noise0_lt3 | run_9 | freq=26 | noise=1 | magnitude=50 | lead_time=3 | PID 3442621 | GPU 2
[2026-07-16T15:45:12] Started local_patchtst | local_patchtst_032_half_yearly_low_mag_noise10_lt2 | run_1 | freq=26 | noise=1 | magnitude=50 | lead_time=2 | PID 3442632 | GPU 2
[2026-07-16T15:45:16] Started local_patchtst | local_patchtst_035_half_yearly_low_mag_noise100_lt2 | run_3 | freq=26 | noise=1 | magnitude=50 | lead_time=2 | PID 3442646 | GPU 0
[2026-07-16T15:45:19] Started local_patchtst | local_patchtst_037_half_yearly_medium_mag_noise0_lt1 | run_3 | freq=26 | noise=1 | magnitude=100 | lead_time=1 | PID 3442832 | GPU 6
[2026-07-16T15:45:23] Started local_patchtst | local_patchtst_037_half_yearly_medium_mag_noise0_lt1 | run_7 | freq=26 | noise=1 | magnitude=100 | lead_time=1 | PID 3442840 | GPU 4
[2026-07-16T15:45:26] Started local_patchtst | local_patchtst_038_half_yearly_medium_mag_noise0_lt2 | run_5 | freq=26 | noise=1 | magnitude=100 | lead_time=2 | PID 3442958 | GPU 4
[2026-07-16T15:45:29] Started local_patchtst | local_patchtst_040_half_yearly_medium_mag_noise10_lt1 | run_5 | freq=26 | noise=1 | magnitude=100 | lead_time=1 | PID 3442966 | GPU 4
[2026-07-16T15:45:45] Started split_patchtst | split_patchtst_092_half_quarterly_medium_mag_noise0_lt2 | run_5 | freq=7 | noise=1 | magnitude=100 | lead_time=2 | PID 3443221 | GPU 7
[2026-07-16T15:45:48] Started split_patchtst | split_patchtst_096_half_quarterly_medium_mag_noise10_lt3 | run_1 | freq=7 | noise=1 | magnitude=100 | lead_time=3 | PID 3443229 | GPU 7
[2026-07-16T15:45:52] Finished local_timemixer | local_timemixer_088_half_quarterly_low_mag_noise100_lt1 | run_9 | freq=7 | noise=1 | magnitude=50 | lead_time=1
[2026-07-16T15:46:06] Started split_timemixer | split_timemixer_102_half_quarterly_high_mag_noise0_lt3 | run_5 | freq=7 | noise=1 | magnitude=200 | lead_time=3 | PID 3443551 | GPU 2
[2026-07-16T15:46:10] Started split_timemixer | split_timemixer_104_half_quarterly_high_mag_noise10_lt2 | run_9 | freq=7 | noise=1 | magnitude=200 | lead_time=2 | PID 3443610 | GPU 2
[2026-07-16T15:46:14] Started local_patchtst | local_patchtst_008_yearly_low_mag_noise100_lt2 | run_5 | freq=52 | noise=1 | magnitude=50 | lead_time=2 | PID 3443704 | GPU 6
[2026-07-16T15:46:17] Started local_patchtst | local_patchtst_009_yearly_low_mag_noise100_lt3 | run_3 | freq=52 | noise=1 | magnitude=50 | lead_time=3 | PID 3443767 | GPU 6
[2026-07-16T15:46:37] Finished split_patchtst | split_patchtst_101_half_quarterly_high_mag_noise0_lt2 | run_3 | freq=7 | noise=1 | magnitude=200 | lead_time=2
[2026-07-16T15:46:40] Started local_timemixer | local_timemixer_072_quarterly_medium_mag_noise100_lt3 | run_1 | freq=13 | noise=1 | magnitude=100 | lead_time=3 | PID 3444562 | GPU 4
[2026-07-16T15:46:46] Started split_timemixer | split_timemixer_013_yearly_medium_mag_noise10_lt1 | run_7 | freq=52 | noise=1 | magnitude=100 | lead_time=1 | PID 3444641 | GPU 5
[2026-07-16T15:46:54] Started split_timemixer | split_timemixer_070_quarterly_medium_mag_noise100_lt1 | run_5 | freq=13 | noise=1 | magnitude=100 | lead_time=1 | PID 3444727 | GPU 0
[2026-07-16T15:47:14] Started split_patchtst | split_patchtst_055_quarterly_low_mag_noise0_lt1 | run_7 | freq=13 | noise=1 | magnitude=50 | lead_time=1 | PID 3445120 | GPU 7
[2026-07-16T15:47:18] Started split_patchtst | split_patchtst_056_quarterly_low_mag_noise0_lt2 | run_5 | freq=13 | noise=1 | magnitude=50 | lead_time=2 | PID 3445127 | GPU 7
[2026-07-16T15:47:24] Finished split_patchtst | split_patchtst_096_half_quarterly_medium_mag_noise10_lt3 | run_1 | freq=7 | noise=1 | magnitude=100 | lead_time=3
[2026-07-16T15:47:25] Started local_timemixer | local_timemixer_032_half_yearly_low_mag_noise10_lt2 | run_2 | freq=26 | noise=1 | magnitude=50 | lead_time=2 | PID 3445378 | GPU 6
[2026-07-16T15:47:45] Started local_patchtst | local_patchtst_027_yearly_high_mag_noise100_lt3 | run_7 | freq=52 | noise=1 | magnitude=200 | lead_time=3 | PID 3446129 | GPU 1
[2026-07-16T15:47:48] Started local_patchtst | local_patchtst_028_half_yearly_low_mag_noise0_lt1 | run_1 | freq=26 | noise=1 | magnitude=50 | lead_time=1 | PID 3446137 | GPU 1
[2026-07-16T15:47:51] Started local_patchtst | local_patchtst_028_half_yearly_low_mag_noise0_lt1 | run_5 | freq=26 | noise=1 | magnitude=50 | lead_time=1 | PID 3446146 | GPU 1
[2026-07-16T15:48:09] Finished local_patchtst | local_patchtst_040_half_yearly_medium_mag_noise10_lt1 | run_5 | freq=26 | noise=1 | magnitude=100 | lead_time=1
[2026-07-16T15:48:21] Started split_timemixer | split_timemixer_088_half_quarterly_low_mag_noise100_lt1 | run_1 | freq=7 | noise=1 | magnitude=50 | lead_time=1 | PID 3446850 | GPU 4
[2026-07-16T15:48:34] Started split_patchtst | split_patchtst_011_yearly_medium_mag_noise0_lt2 | run_3 | freq=52 | noise=1 | magnitude=100 | lead_time=2 | PID 3447155 | GPU 5
[2026-07-16T15:48:38] Started split_patchtst | split_patchtst_012_yearly_medium_mag_noise0_lt3 | run_1 | freq=52 | noise=1 | magnitude=100 | lead_time=3 | PID 3447162 | GPU 7
[2026-07-16T15:48:41] Started split_patchtst | split_patchtst_012_yearly_medium_mag_noise0_lt3 | run_5 | freq=52 | noise=1 | magnitude=100 | lead_time=3 | PID 3447172 | GPU 7
[2026-07-16T15:48:52] Finished split_patchtst | split_patchtst_056_quarterly_low_mag_noise0_lt2 | run_5 | freq=13 | noise=1 | magnitude=50 | lead_time=2
[2026-07-16T15:49:00] Started split_timemixer | split_timemixer_052_half_yearly_high_mag_noise100_lt1 | run_5 | freq=26 | noise=1 | magnitude=200 | lead_time=1 | PID 3447804 | GPU 6
[2026-07-16T15:49:40] Started local_patchtst | local_patchtst_018_yearly_medium_mag_noise100_lt3 | run_5 | freq=52 | noise=1 | magnitude=100 | lead_time=3 | PID 3450626 | GPU 1
[2026-07-16T15:49:58] Finished local_patchtst | local_patchtst_028_half_yearly_low_mag_noise0_lt1 | run_5 | freq=26 | noise=1 | magnitude=50 | lead_time=1
[2026-07-16T15:49:58] Started local_timemixer | local_timemixer_032_half_yearly_low_mag_noise10_lt2 | run_6 | freq=26 | noise=1 | magnitude=50 | lead_time=2 | PID 3450924 | GPU 1
[2026-07-16T15:50:02] Started local_timemixer | local_timemixer_034_half_yearly_low_mag_noise100_lt1 | run_0 | freq=26 | noise=1 | magnitude=50 | lead_time=1 | PID 3451004 | GPU 1
[2026-07-16T15:50:05] Started local_timemixer | local_timemixer_035_half_yearly_low_mag_noise100_lt2 | run_3 | freq=26 | noise=1 | magnitude=50 | lead_time=2 | PID 3451082 | GPU 7
[2026-07-16T15:50:08] Started local_timemixer | local_timemixer_036_half_yearly_low_mag_noise100_lt3 | run_3 | freq=26 | noise=1 | magnitude=50 | lead_time=3 | PID 3451162 | GPU 7
[2026-07-16T15:50:13] Started local_timemixer | local_timemixer_071_quarterly_medium_mag_noise100_lt2 | run_7 | freq=13 | noise=1 | magnitude=100 | lead_time=2 | PID 3451294 | GPU 5
[2026-07-16T15:50:43] Finished split_patchtst | split_patchtst_012_yearly_medium_mag_noise0_lt3 | run_5 | freq=52 | noise=1 | magnitude=100 | lead_time=3
[2026-07-16T15:51:11] Waiting for available CPU/GPU capacity. waiting=254, running=18
[2026-07-16T15:51:13] Finished local_patchtst | local_patchtst_009_yearly_low_mag_noise100_lt3 | run_3 | freq=52 | noise=1 | magnitude=50 | lead_time=3
[2026-07-16T15:51:20] Started split_timemixer | split_timemixer_026_yearly_high_mag_noise100_lt2 | run_5 | freq=52 | noise=1 | magnitude=200 | lead_time=2 | PID 3452869 | GPU 3
[2026-07-16T15:51:23] Started split_timemixer | split_timemixer_030_half_yearly_low_mag_noise0_lt3 | run_1 | freq=26 | noise=1 | magnitude=50 | lead_time=3 | PID 3453126 | GPU 3
[2026-07-16T15:51:48] Finished split_patchtst | split_patchtst_011_yearly_medium_mag_noise0_lt2 | run_3 | freq=52 | noise=1 | magnitude=100 | lead_time=2
[2026-07-16T15:52:17] Waiting for available CPU/GPU capacity. waiting=252, running=17
[2026-07-16T15:52:47] Finished local_patchtst | local_patchtst_018_yearly_medium_mag_noise100_lt3 | run_5 | freq=52 | noise=1 | magnitude=100 | lead_time=3
[2026-07-16T15:53:16] Waiting for available CPU/GPU capacity. waiting=252, running=16
[2026-07-16T15:53:17] Finished local_timemixer | local_timemixer_072_quarterly_medium_mag_noise100_lt3 | run_1 | freq=13 | noise=1 | magnitude=100 | lead_time=3
[2026-07-16T15:53:34] Started local_patchtst | local_patchtst_066_quarterly_medium_mag_noise0_lt3 | run_9 | freq=13 | noise=1 | magnitude=100 | lead_time=3 | PID 3456706 | GPU 4
[2026-07-16T15:53:48] Finished local_timemixer | local_timemixer_032_half_yearly_low_mag_noise10_lt2 | run_2 | freq=26 | noise=1 | magnitude=50 | lead_time=2
[2026-07-16T15:54:08] Started split_patchtst | split_patchtst_002_yearly_low_mag_noise0_lt2 | run_5 | freq=52 | noise=1 | magnitude=50 | lead_time=2 | PID 3457727 | GPU 6
[2026-07-16T15:54:19] Started split_patchtst | split_patchtst_104_half_quarterly_high_mag_noise10_lt2 | run_1 | freq=7 | noise=1 | magnitude=200 | lead_time=2 | PID 3457869 | GPU 5
[2026-07-16T15:54:23] Finished split_timemixer | split_timemixer_013_yearly_medium_mag_noise10_lt1 | run_7 | freq=52 | noise=1 | magnitude=100 | lead_time=1
[2026-07-16T15:54:33] Started split_timemixer | split_timemixer_079_quarterly_high_mag_noise100_lt1 | run_3 | freq=13 | noise=1 | magnitude=200 | lead_time=1 | PID 3458283 | GPU 5
[2026-07-16T15:54:43] Started local_patchtst | local_patchtst_063_quarterly_low_mag_noise100_lt3 | run_7 | freq=13 | noise=1 | magnitude=50 | lead_time=3 | PID 3458461 | GPU 4
[2026-07-16T15:54:46] Started local_patchtst | local_patchtst_064_quarterly_medium_mag_noise0_lt1 | run_1 | freq=13 | noise=1 | magnitude=100 | lead_time=1 | PID 3458578 | GPU 4
[2026-07-16T15:55:00] Finished split_timemixer | split_timemixer_088_half_quarterly_low_mag_noise100_lt1 | run_1 | freq=7 | noise=1 | magnitude=50 | lead_time=1
[2026-07-16T15:55:28] Waiting for available CPU/GPU capacity. waiting=246, running=18
[2026-07-16T15:55:51] Started split_patchtst | split_patchtst_018_yearly_medium_mag_noise100_lt3 | run_1 | freq=52 | noise=1 | magnitude=100 | lead_time=3 | PID 3460351 | GPU 0
[2026-07-16T15:55:54] Started split_patchtst | split_patchtst_019_yearly_high_mag_noise0_lt1 | run_3 | freq=52 | noise=1 | magnitude=200 | lead_time=1 | PID 3460358 | GPU 6
[2026-07-16T15:55:57] Started split_patchtst | split_patchtst_019_yearly_high_mag_noise0_lt1 | run_7 | freq=52 | noise=1 | magnitude=200 | lead_time=1 | PID 3460366 | GPU 0
[2026-07-16T15:56:07] Finished local_patchtst | local_patchtst_066_quarterly_medium_mag_noise0_lt3 | run_9 | freq=13 | noise=1 | magnitude=100 | lead_time=3
[2026-07-16T15:56:12] Started split_timemixer | split_timemixer_004_yearly_low_mag_noise10_lt1 | run_1 | freq=52 | noise=1 | magnitude=50 | lead_time=1 | PID 3460582 | GPU 2
[2026-07-16T15:56:15] Started split_timemixer | split_timemixer_005_yearly_low_mag_noise10_lt2 | run_7 | freq=52 | noise=1 | magnitude=50 | lead_time=2 | PID 3460589 | GPU 2
[2026-07-16T15:56:18] Started split_timemixer | split_timemixer_006_yearly_low_mag_noise10_lt3 | run_5 | freq=52 | noise=1 | magnitude=50 | lead_time=3 | PID 3460597 | GPU 6
[2026-07-16T15:56:22] Started split_timemixer | split_timemixer_006_yearly_low_mag_noise10_lt3 | run_9 | freq=52 | noise=1 | magnitude=50 | lead_time=3 | PID 3460605 | GPU 1
[2026-07-16T15:56:25] Started split_timemixer | split_timemixer_007_yearly_low_mag_noise100_lt1 | run_7 | freq=52 | noise=1 | magnitude=50 | lead_time=1 | PID 3460636 | GPU 4
[2026-07-16T15:56:29] Started split_timemixer | split_timemixer_011_yearly_medium_mag_noise0_lt2 | run_3 | freq=52 | noise=1 | magnitude=100 | lead_time=2 | PID 3460891 | GPU 7
[2026-07-16T15:56:32] Started split_timemixer | split_timemixer_012_yearly_medium_mag_noise0_lt3 | run_1 | freq=52 | noise=1 | magnitude=100 | lead_time=3 | PID 3460973 | GPU 7
[2026-07-16T15:56:41] Started split_timemixer | split_timemixer_084_half_quarterly_low_mag_noise0_lt3 | run_5 | freq=7 | noise=1 | magnitude=50 | lead_time=3 | PID 3461280 | GPU 1
[2026-07-16T15:56:58] Started split_patchtst | split_patchtst_060_quarterly_low_mag_noise10_lt3 | run_5 | freq=13 | noise=1 | magnitude=50 | lead_time=3 | PID 3461700 | GPU 4
[2026-07-16T15:57:04] Finished local_patchtst | local_patchtst_064_quarterly_medium_mag_noise0_lt1 | run_1 | freq=13 | noise=1 | magnitude=100 | lead_time=1
[2026-07-16T15:57:09] Started split_timemixer | split_timemixer_014_yearly_medium_mag_noise10_lt2 | run_9 | freq=52 | noise=1 | magnitude=100 | lead_time=2 | PID 3461853 | GPU 0
[2026-07-16T15:57:12] Started split_timemixer | split_timemixer_015_yearly_medium_mag_noise10_lt3 | run_7 | freq=52 | noise=1 | magnitude=100 | lead_time=3 | PID 3461861 | GPU 0
[2026-07-16T15:57:38] Finished split_patchtst | split_patchtst_019_yearly_high_mag_noise0_lt1 | run_7 | freq=52 | noise=1 | magnitude=200 | lead_time=1
[2026-07-16T15:57:52] Started local_patchtst | local_patchtst_034_half_yearly_low_mag_noise100_lt1 | run_1 | freq=26 | noise=1 | magnitude=50 | lead_time=1 | PID 3462992 | GPU 5
[2026-07-16T15:58:08] Finished split_patchtst | split_patchtst_019_yearly_high_mag_noise0_lt1 | run_3 | freq=52 | noise=1 | magnitude=200 | lead_time=1
[2026-07-16T15:58:20] Started local_patchtst | local_patchtst_005_yearly_low_mag_noise10_lt2 | run_3 | freq=52 | noise=1 | magnitude=50 | lead_time=2 | PID 3463624 | GPU 6
[2026-07-16T15:58:37] Started split_patchtst | split_patchtst_092_half_quarterly_medium_mag_noise0_lt2 | run_1 | freq=7 | noise=1 | magnitude=100 | lead_time=2 | PID 3464068 | GPU 4
[2026-07-16T15:59:07] Waiting for available CPU/GPU capacity. waiting=229, running=17
[2026-07-16T15:59:27] Started split_patchtst | split_patchtst_002_yearly_low_mag_noise0_lt2 | run_9 | freq=52 | noise=1 | magnitude=50 | lead_time=2 | PID 3465434 | GPU 5
[2026-07-16T15:59:38] Finished split_patchtst | split_patchtst_060_quarterly_low_mag_noise10_lt3 | run_5 | freq=13 | noise=1 | magnitude=50 | lead_time=3
[2026-07-16T16:00:04] Waiting for available CPU/GPU capacity. waiting=228, running=17
[2026-07-16T16:00:41] Started split_timemixer | split_timemixer_068_quarterly_medium_mag_noise10_lt2 | run_5 | freq=13 | noise=1 | magnitude=100 | lead_time=2 | PID 3468008 | GPU 4
[2026-07-16T16:01:02] Finished local_patchtst | local_patchtst_005_yearly_low_mag_noise10_lt2 | run_3 | freq=52 | noise=1 | magnitude=50 | lead_time=2
[2026-07-16T16:01:15] Started local_patchtst | local_patchtst_016_yearly_medium_mag_noise100_lt1 | run_5 | freq=52 | noise=1 | magnitude=100 | lead_time=1 | PID 3477388 | GPU 3
[2026-07-16T16:01:18] Started local_patchtst | local_patchtst_018_yearly_medium_mag_noise100_lt3 | run_9 | freq=52 | noise=1 | magnitude=100 | lead_time=3 | PID 3478560 | GPU 3
[2026-07-16T16:01:22] Started local_patchtst | local_patchtst_023_yearly_high_mag_noise10_lt2 | run_7 | freq=52 | noise=1 | magnitude=200 | lead_time=2 | PID 3478568 | GPU 3
[2026-07-16T16:01:25] Started local_patchtst | local_patchtst_024_yearly_high_mag_noise10_lt3 | run_1 | freq=52 | noise=1 | magnitude=200 | lead_time=3 | PID 3478576 | GPU 5
[2026-07-16T16:01:28] Started local_patchtst | local_patchtst_024_yearly_high_mag_noise10_lt3 | run_5 | freq=52 | noise=1 | magnitude=200 | lead_time=3 | PID 3478585 | GPU 5
[2026-07-16T16:01:44] Finished split_patchtst | split_patchtst_092_half_quarterly_medium_mag_noise0_lt2 | run_1 | freq=7 | noise=1 | magnitude=100 | lead_time=2
[2026-07-16T16:02:04] Started split_patchtst | split_patchtst_024_yearly_high_mag_noise10_lt3 | run_9 | freq=52 | noise=1 | magnitude=200 | lead_time=3 | PID 3479764 | GPU 5
[2026-07-16T16:02:11] Started split_patchtst | split_patchtst_087_half_quarterly_low_mag_noise10_lt3 | run_7 | freq=7 | noise=1 | magnitude=50 | lead_time=3 | PID 3479972 | GPU 6
[2026-07-16T16:02:15] Started split_patchtst | split_patchtst_088_half_quarterly_low_mag_noise100_lt1 | run_1 | freq=7 | noise=1 | magnitude=50 | lead_time=1 | PID 3479979 | GPU 6
[2026-07-16T16:02:18] Started split_patchtst | split_patchtst_089_half_quarterly_low_mag_noise100_lt2 | run_3 | freq=7 | noise=1 | magnitude=50 | lead_time=2 | PID 3479988 | GPU 6
[2026-07-16T16:02:22] Finished split_patchtst | split_patchtst_002_yearly_low_mag_noise0_lt2 | run_9 | freq=52 | noise=1 | magnitude=50 | lead_time=2
[2026-07-16T16:02:47] Waiting for available CPU/GPU capacity. waiting=218, running=19
[2026-07-16T16:02:48] Finished split_timemixer | split_timemixer_007_yearly_low_mag_noise100_lt1 | run_7 | freq=52 | noise=1 | magnitude=50 | lead_time=1
[2026-07-16T16:03:14] Waiting for available CPU/GPU capacity. waiting=218, running=18
[2026-07-16T16:03:15] Finished local_patchtst | local_patchtst_023_yearly_high_mag_noise10_lt2 | run_7 | freq=52 | noise=1 | magnitude=200 | lead_time=2
[2026-07-16T16:03:17] Started local_timemixer | local_timemixer_067_quarterly_medium_mag_noise10_lt1 | run_7 | freq=13 | noise=1 | magnitude=100 | lead_time=1 | PID 3481618 | GPU 3
[2026-07-16T16:03:20] Started local_timemixer | local_timemixer_069_quarterly_medium_mag_noise10_lt3 | run_3 | freq=13 | noise=1 | magnitude=100 | lead_time=3 | PID 3481626 | GPU 3
[2026-07-16T16:03:33] Started split_timemixer | split_timemixer_105_half_quarterly_high_mag_noise10_lt3 | run_3 | freq=7 | noise=1 | magnitude=200 | lead_time=3 | PID 3481976 | GPU 5
[2026-07-16T16:03:50] Finished split_patchtst | split_patchtst_024_yearly_high_mag_noise10_lt3 | run_9 | freq=52 | noise=1 | magnitude=200 | lead_time=3
[2026-07-16T16:04:06] Started local_patchtst | local_patchtst_086_half_quarterly_low_mag_noise10_lt2 | run_5 | freq=7 | noise=1 | magnitude=50 | lead_time=2 | PID 3482532 | GPU 5
[2026-07-16T16:04:09] Started local_patchtst | local_patchtst_086_half_quarterly_low_mag_noise10_lt2 | run_9 | freq=7 | noise=1 | magnitude=50 | lead_time=2 | PID 3482596 | GPU 6
[2026-07-16T16:04:20] Finished split_patchtst | split_patchtst_089_half_quarterly_low_mag_noise100_lt2 | run_3 | freq=7 | noise=1 | magnitude=50 | lead_time=2
[2026-07-16T16:04:21] Started local_timemixer | local_timemixer_037_half_yearly_medium_mag_noise0_lt1 | run_1 | freq=26 | noise=1 | magnitude=100 | lead_time=1 | PID 3483114 | GPU 6
[2026-07-16T16:04:24] Started local_timemixer | local_timemixer_039_half_yearly_medium_mag_noise0_lt3 | run_1 | freq=26 | noise=1 | magnitude=100 | lead_time=3 | PID 3483188 | GPU 6
[2026-07-16T16:04:32] Started split_timemixer | split_timemixer_017_yearly_medium_mag_noise100_lt2 | run_3 | freq=52 | noise=1 | magnitude=100 | lead_time=2 | PID 3483475 | GPU 2
[2026-07-16T16:04:42] Started local_patchtst | local_patchtst_008_yearly_low_mag_noise100_lt2 | run_1 | freq=52 | noise=1 | magnitude=50 | lead_time=2 | PID 3483610 | GPU 4
[2026-07-16T16:05:17] Started split_patchtst | split_patchtst_029_half_yearly_low_mag_noise0_lt2 | run_7 | freq=26 | noise=1 | magnitude=50 | lead_time=2 | PID 3484316 | GPU 2
[2026-07-16T16:05:25] Finished split_timemixer | split_timemixer_005_yearly_low_mag_noise10_lt2 | run_7 | freq=52 | noise=1 | magnitude=50 | lead_time=2
[2026-07-16T16:05:49] Waiting for available CPU/GPU capacity. waiting=208, running=17
[2026-07-16T16:06:15] Finished split_timemixer | split_timemixer_011_yearly_medium_mag_noise0_lt2 | run_3 | freq=52 | noise=1 | magnitude=100 | lead_time=2
[2026-07-16T16:06:24] Started split_timemixer | split_timemixer_082_half_quarterly_low_mag_noise0_lt1 | run_5 | freq=7 | noise=1 | magnitude=50 | lead_time=1 | PID 3486115 | GPU 4
[2026-07-16T16:06:27] Started split_timemixer | split_timemixer_084_half_quarterly_low_mag_noise0_lt3 | run_1 | freq=7 | noise=1 | magnitude=50 | lead_time=3 | PID 3486166 | GPU 7
[2026-07-16T16:06:31] Started split_timemixer | split_timemixer_084_half_quarterly_low_mag_noise0_lt3 | run_9 | freq=7 | noise=1 | magnitude=50 | lead_time=3 | PID 3486175 | GPU 7
[2026-07-16T16:06:34] Started split_timemixer | split_timemixer_085_half_quarterly_low_mag_noise10_lt1 | run_3 | freq=7 | noise=1 | magnitude=50 | lead_time=1 | PID 3486365 | GPU 1
[2026-07-16T16:06:37] Started split_timemixer | split_timemixer_085_half_quarterly_low_mag_noise10_lt1 | run_7 | freq=7 | noise=1 | magnitude=50 | lead_time=1 | PID 3486379 | GPU 1
[2026-07-16T16:06:55] Started split_patchtst | split_patchtst_104_half_quarterly_high_mag_noise10_lt2 | run_9 | freq=7 | noise=1 | magnitude=200 | lead_time=2 | PID 3486929 | GPU 2
[2026-07-16T16:06:58] Finished local_patchtst | local_patchtst_086_half_quarterly_low_mag_noise10_lt2 | run_5 | freq=7 | noise=1 | magnitude=50 | lead_time=2
[2026-07-16T16:07:00] Started local_timemixer | local_timemixer_063_quarterly_low_mag_noise100_lt3 | run_3 | freq=13 | noise=1 | magnitude=50 | lead_time=3 | PID 3487014 | GPU 0
[2026-07-16T16:07:03] Started local_timemixer | local_timemixer_064_quarterly_medium_mag_noise0_lt1 | run_5 | freq=13 | noise=1 | magnitude=100 | lead_time=1 | PID 3487022 | GPU 0
[2026-07-16T16:07:27] Finished local_patchtst | local_patchtst_008_yearly_low_mag_noise100_lt2 | run_1 | freq=52 | noise=1 | magnitude=50 | lead_time=2
[2026-07-16T16:07:49] Waiting for available CPU/GPU capacity. waiting=200, running=15
[2026-07-16T16:08:14] Finished split_patchtst | split_patchtst_029_half_yearly_low_mag_noise0_lt2 | run_7 | freq=26 | noise=1 | magnitude=50 | lead_time=2
[2026-07-16T16:08:17] Started local_timemixer | local_timemixer_101_half_quarterly_high_mag_noise0_lt2 | run_7 | freq=7 | noise=1 | magnitude=200 | lead_time=2 | PID 3488992 | GPU 4
[2026-07-16T16:09:02] Waiting for available CPU/GPU capacity. waiting=199, running=15
[2026-07-16T16:09:03] Finished local_timemixer | local_timemixer_067_quarterly_medium_mag_noise10_lt1 | run_7 | freq=13 | noise=1 | magnitude=100 | lead_time=1
[2026-07-16T16:09:06] Started local_timemixer | local_timemixer_083_half_quarterly_low_mag_noise0_lt2 | run_7 | freq=7 | noise=1 | magnitude=50 | lead_time=2 | PID 3490174 | GPU 5
[2026-07-16T16:09:09] Started local_timemixer | local_timemixer_084_half_quarterly_low_mag_noise0_lt3 | run_1 | freq=7 | noise=1 | magnitude=50 | lead_time=3 | PID 3490181 | GPU 5
[2026-07-16T16:09:23] Started local_patchtst | local_patchtst_062_quarterly_low_mag_noise100_lt2 | run_5 | freq=13 | noise=1 | magnitude=50 | lead_time=2 | PID 3490602 | GPU 3
[2026-07-16T16:09:26] Started local_patchtst | local_patchtst_065_quarterly_medium_mag_noise0_lt2 | run_7 | freq=13 | noise=1 | magnitude=100 | lead_time=2 | PID 3490772 | GPU 3
[2026-07-16T16:09:30] Started local_patchtst | local_patchtst_072_quarterly_medium_mag_noise100_lt3 | run_9 | freq=13 | noise=1 | magnitude=100 | lead_time=3 | PID 3490859 | GPU 3
[2026-07-16T16:09:42] Finished split_patchtst | split_patchtst_104_half_quarterly_high_mag_noise10_lt2 | run_9 | freq=7 | noise=1 | magnitude=200 | lead_time=2
[2026-07-16T16:10:04] Waiting for available CPU/GPU capacity. waiting=194, running=16
[2026-07-16T16:10:13] Started split_timemixer | split_timemixer_095_half_quarterly_medium_mag_noise10_lt2 | run_7 | freq=7 | noise=1 | magnitude=100 | lead_time=2 | PID 3491829 | GPU 2
[2026-07-16T16:10:42] Started local_patchtst | local_patchtst_042_half_yearly_medium_mag_noise10_lt3 | run_5 | freq=26 | noise=1 | magnitude=100 | lead_time=3 | PID 3492842 | GPU 6
[2026-07-16T16:10:55] Finished local_timemixer | local_timemixer_037_half_yearly_medium_mag_noise0_lt1 | run_1 | freq=26 | noise=1 | magnitude=100 | lead_time=1
[2026-07-16T16:11:01] Started split_timemixer | split_timemixer_046_half_yearly_high_mag_noise0_lt1 | run_9 | freq=26 | noise=1 | magnitude=200 | lead_time=1 | PID 3493267 | GPU 6
[2026-07-16T16:11:04] Started split_timemixer | split_timemixer_049_half_yearly_high_mag_noise10_lt1 | run_3 | freq=26 | noise=1 | magnitude=200 | lead_time=1 | PID 3493274 | GPU 6
[2026-07-16T16:11:11] Started split_timemixer | split_timemixer_108_half_quarterly_high_mag_noise100_lt3 | run_1 | freq=7 | noise=1 | magnitude=200 | lead_time=3 | PID 3493353 | GPU 2
[2026-07-16T16:11:16] Started local_patchtst | local_patchtst_024_yearly_high_mag_noise10_lt3 | run_9 | freq=52 | noise=1 | magnitude=200 | lead_time=3 | PID 3493401 | GPU 3
[2026-07-16T16:11:30] Finished local_patchtst | local_patchtst_072_quarterly_medium_mag_noise100_lt3 | run_9 | freq=13 | noise=1 | magnitude=100 | lead_time=3
[2026-07-16T16:11:31] Started local_timemixer | local_timemixer_043_half_yearly_medium_mag_noise100_lt1 | run_9 | freq=26 | noise=1 | magnitude=100 | lead_time=1 | PID 3493702 | GPU 3
[2026-07-16T16:11:34] Started local_timemixer | local_timemixer_044_half_yearly_medium_mag_noise100_lt2 | run_7 | freq=26 | noise=1 | magnitude=100 | lead_time=2 | PID 3493729 | GPU 3
[2026-07-16T16:12:19] Waiting for available CPU/GPU capacity. waiting=186, running=18
[2026-07-16T16:12:20] Finished split_timemixer | split_timemixer_082_half_quarterly_low_mag_noise0_lt1 | run_5 | freq=7 | noise=1 | magnitude=50 | lead_time=1
[2026-07-16T16:12:31] Started local_patchtst | local_patchtst_033_half_yearly_low_mag_noise10_lt3 | run_7 | freq=26 | noise=1 | magnitude=50 | lead_time=3 | PID 3495272 | GPU 4
[2026-07-16T16:12:36] Started local_patchtst | local_patchtst_078_quarterly_high_mag_noise10_lt3 | run_9 | freq=13 | noise=1 | magnitude=200 | lead_time=3 | PID 3495605 | GPU 4
[2026-07-16T16:12:48] Finished local_timemixer | local_timemixer_064_quarterly_medium_mag_noise0_lt1 | run_5 | freq=13 | noise=1 | magnitude=100 | lead_time=1
[2026-07-16T16:12:51] Started split_timemixer | split_timemixer_012_yearly_medium_mag_noise0_lt3 | run_5 | freq=52 | noise=1 | magnitude=100 | lead_time=3 | PID 3495838 | GPU 0
[2026-07-16T16:12:54] Started split_timemixer | split_timemixer_012_yearly_medium_mag_noise0_lt3 | run_9 | freq=52 | noise=1 | magnitude=100 | lead_time=3 | PID 3495882 | GPU 0
[2026-07-16T16:13:15] Finished local_timemixer | local_timemixer_063_quarterly_low_mag_noise100_lt3 | run_3 | freq=13 | noise=1 | magnitude=50 | lead_time=3
[2026-07-16T16:13:36] Waiting for available CPU/GPU capacity. waiting=182, running=19
[2026-07-16T16:14:21] Finished local_patchtst | local_patchtst_024_yearly_high_mag_noise10_lt3 | run_9 | freq=52 | noise=1 | magnitude=200 | lead_time=3
[2026-07-16T16:14:23] Started local_timemixer | local_timemixer_078_quarterly_high_mag_noise10_lt3 | run_9 | freq=13 | noise=1 | magnitude=200 | lead_time=3 | PID 3498129 | GPU 4
[2026-07-16T16:14:46] Finished local_patchtst | local_patchtst_042_half_yearly_medium_mag_noise10_lt3 | run_5 | freq=26 | noise=1 | magnitude=100 | lead_time=3
[2026-07-16T16:14:57] Started local_patchtst | local_patchtst_044_half_yearly_medium_mag_noise100_lt2 | run_9 | freq=26 | noise=1 | magnitude=100 | lead_time=2 | PID 3499261 | GPU 1
[2026-07-16T16:15:00] Started local_patchtst | local_patchtst_046_half_yearly_high_mag_noise0_lt1 | run_1 | freq=26 | noise=1 | magnitude=200 | lead_time=1 | PID 3499277 | GPU 1
[2026-07-16T16:15:13] Finished split_timemixer | split_timemixer_085_half_quarterly_low_mag_noise10_lt1 | run_7 | freq=7 | noise=1 | magnitude=50 | lead_time=1
[2026-07-16T16:15:18] Started split_timemixer | split_timemixer_050_half_yearly_high_mag_noise10_lt2 | run_5 | freq=26 | noise=1 | magnitude=200 | lead_time=2 | PID 3499586 | GPU 5
[2026-07-16T16:15:28] Started local_patchtst | local_patchtst_044_half_yearly_medium_mag_noise100_lt2 | run_5 | freq=26 | noise=1 | magnitude=100 | lead_time=2 | PID 3499701 | GPU 1
[2026-07-16T16:15:33] Started local_patchtst | local_patchtst_086_half_quarterly_low_mag_noise10_lt2 | run_1 | freq=7 | noise=1 | magnitude=50 | lead_time=2 | PID 3499738 | GPU 1
[2026-07-16T16:15:38] Started split_patchtst | split_patchtst_016_yearly_medium_mag_noise100_lt1 | run_5 | freq=52 | noise=1 | magnitude=100 | lead_time=1 | PID 3499799 | GPU 4
[2026-07-16T16:15:47] Finished local_patchtst | local_patchtst_078_quarterly_high_mag_noise10_lt3 | run_9 | freq=13 | noise=1 | magnitude=200 | lead_time=3
[2026-07-16T16:15:55] Started split_timemixer | split_timemixer_102_half_quarterly_high_mag_noise0_lt3 | run_1 | freq=7 | noise=1 | magnitude=200 | lead_time=3 | PID 3500675 | GPU 5
[2026-07-16T16:16:27] Started split_patchtst | split_patchtst_054_half_yearly_high_mag_noise100_lt3 | run_9 | freq=26 | noise=1 | magnitude=200 | lead_time=3 | PID 3501244 | GPU 4
[2026-07-16T16:16:45] Started local_patchtst | local_patchtst_059_quarterly_low_mag_noise10_lt2 | run_3 | freq=13 | noise=1 | magnitude=50 | lead_time=2 | PID 3501800 | GPU 7
[2026-07-16T16:16:48] Started local_patchtst | local_patchtst_061_quarterly_low_mag_noise100_lt1 | run_3 | freq=13 | noise=1 | magnitude=50 | lead_time=1 | PID 3501808 | GPU 7
[2026-07-16T16:17:00] Finished local_patchtst | local_patchtst_044_half_yearly_medium_mag_noise100_lt2 | run_9 | freq=26 | noise=1 | magnitude=100 | lead_time=2
[2026-07-16T16:17:05] Started split_timemixer | split_timemixer_056_quarterly_low_mag_noise0_lt2 | run_5 | freq=13 | noise=1 | magnitude=50 | lead_time=2 | PID 3502274 | GPU 1
[2026-07-16T16:17:16] Started local_patchtst | local_patchtst_106_half_quarterly_high_mag_noise100_lt1 | run_9 | freq=7 | noise=1 | magnitude=200 | lead_time=1 | PID 3502626 | GPU 7
[2026-07-16T16:17:21] Started split_patchtst | split_patchtst_020_yearly_high_mag_noise0_lt2 | run_5 | freq=52 | noise=1 | magnitude=200 | lead_time=2 | PID 3502654 | GPU 7
[2026-07-16T16:17:29] Finished local_patchtst | local_patchtst_046_half_yearly_high_mag_noise0_lt1 | run_1 | freq=26 | noise=1 | magnitude=200 | lead_time=1
[2026-07-16T16:17:49] Waiting for available CPU/GPU capacity. waiting=168, running=19
[2026-07-16T16:17:50] Finished split_patchtst | split_patchtst_016_yearly_medium_mag_noise100_lt1 | run_5 | freq=52 | noise=1 | magnitude=100 | lead_time=1
[2026-07-16T16:17:51] Started local_timemixer | local_timemixer_045_half_yearly_medium_mag_noise100_lt3 | run_1 | freq=26 | noise=1 | magnitude=100 | lead_time=3 | PID 3503414 | GPU 1
[2026-07-16T16:17:55] Started local_timemixer | local_timemixer_074_quarterly_high_mag_noise0_lt2 | run_9 | freq=13 | noise=1 | magnitude=200 | lead_time=2 | PID 3503438 | GPU 4
[2026-07-16T16:17:58] Started local_timemixer | local_timemixer_078_quarterly_high_mag_noise10_lt3 | run_1 | freq=13 | noise=1 | magnitude=200 | lead_time=3 | PID 3503446 | GPU 3
[2026-07-16T16:18:02] Started local_timemixer | local_timemixer_080_quarterly_high_mag_noise100_lt2 | run_1 | freq=13 | noise=1 | magnitude=200 | lead_time=2 | PID 3503457 | GPU 3
[2026-07-16T16:18:23] Finished local_patchtst | local_patchtst_086_half_quarterly_low_mag_noise10_lt2 | run_1 | freq=7 | noise=1 | magnitude=50 | lead_time=2
[2026-07-16T16:18:41] Waiting for available CPU/GPU capacity. waiting=164, running=19
[2026-07-16T16:19:03] Finished local_patchtst | local_patchtst_061_quarterly_low_mag_noise100_lt1 | run_3 | freq=13 | noise=1 | magnitude=50 | lead_time=1
[2026-07-16T16:19:16] Started local_patchtst | local_patchtst_108_half_quarterly_high_mag_noise100_lt3 | run_1 | freq=7 | noise=1 | magnitude=200 | lead_time=3 | PID 3505353 | GPU 7
[2026-07-16T16:19:19] Started split_patchtst | split_patchtst_001_yearly_low_mag_noise0_lt1 | run_3 | freq=52 | noise=1 | magnitude=50 | lead_time=1 | PID 3505362 | GPU 7
[2026-07-16T16:19:28] Finished split_patchtst | split_patchtst_020_yearly_high_mag_noise0_lt2 | run_5 | freq=52 | noise=1 | magnitude=200 | lead_time=2
[2026-07-16T16:19:34] Started split_timemixer | split_timemixer_066_quarterly_medium_mag_noise0_lt3 | run_1 | freq=13 | noise=1 | magnitude=100 | lead_time=3 | PID 3505709 | GPU 6
[2026-07-16T16:19:50] Finished split_timemixer | split_timemixer_046_half_yearly_high_mag_noise0_lt1 | run_9 | freq=26 | noise=1 | magnitude=200 | lead_time=1
[2026-07-16T16:19:53] Started local_timemixer | local_timemixer_105_half_quarterly_high_mag_noise10_lt3 | run_3 | freq=7 | noise=1 | magnitude=200 | lead_time=3 | PID 3506555 | GPU 7
[2026-07-16T16:20:05] Started local_patchtst | local_patchtst_089_half_quarterly_low_mag_noise100_lt2 | run_3 | freq=7 | noise=1 | magnitude=50 | lead_time=2 | PID 3506755 | GPU 6
[2026-07-16T16:20:15] Finished split_timemixer | split_timemixer_049_half_yearly_high_mag_noise10_lt1 | run_3 | freq=26 | noise=1 | magnitude=200 | lead_time=1
[2026-07-16T16:20:17] Started local_timemixer | local_timemixer_074_quarterly_high_mag_noise0_lt2 | run_5 | freq=13 | noise=1 | magnitude=200 | lead_time=2 | PID 3506920 | GPU 4
[2026-07-16T16:20:20] Started local_timemixer | local_timemixer_081_quarterly_high_mag_noise100_lt3 | run_7 | freq=13 | noise=1 | magnitude=200 | lead_time=3 | PID 3506928 | GPU 2
[2026-07-16T16:20:23] Started local_timemixer | local_timemixer_090_half_quarterly_low_mag_noise100_lt3 | run_1 | freq=7 | noise=1 | magnitude=50 | lead_time=3 | PID 3506937 | GPU 2
[2026-07-16T16:20:42] Finished local_timemixer | local_timemixer_078_quarterly_high_mag_noise10_lt3 | run_9 | freq=13 | noise=1 | magnitude=200 | lead_time=3
[2026-07-16T16:21:00] Waiting for available CPU/GPU capacity. waiting=156, running=17
[2026-07-16T16:21:58] Finished local_patchtst | local_patchtst_108_half_quarterly_high_mag_noise100_lt3 | run_1 | freq=7 | noise=1 | magnitude=200 | lead_time=3
[2026-07-16T16:22:00] Started split_timemixer | split_timemixer_001_yearly_low_mag_noise0_lt1 | run_7 | freq=52 | noise=1 | magnitude=50 | lead_time=1 | PID 3509596 | GPU 7
[2026-07-16T16:22:36] Waiting for available CPU/GPU capacity. waiting=155, running=17
[2026-07-16T16:22:49] Started local_patchtst | local_patchtst_088_half_quarterly_low_mag_noise100_lt1 | run_9 | freq=7 | noise=1 | magnitude=50 | lead_time=1 | PID 3510989 | GPU 0
[2026-07-16T16:22:52] Started local_patchtst | local_patchtst_092_half_quarterly_medium_mag_noise0_lt2 | run_9 | freq=7 | noise=1 | magnitude=100 | lead_time=2 | PID 3510996 | GPU 0
[2026-07-16T16:23:02] Finished local_patchtst | local_patchtst_089_half_quarterly_low_mag_noise100_lt2 | run_3 | freq=7 | noise=1 | magnitude=50 | lead_time=2
[2026-07-16T16:23:09] Started local_patchtst | local_patchtst_007_yearly_low_mag_noise100_lt1 | run_3 | freq=52 | noise=1 | magnitude=50 | lead_time=1 | PID 3511360 | GPU 6
[2026-07-16T16:23:20] Started split_patchtst | split_patchtst_052_half_yearly_high_mag_noise100_lt1 | run_5 | freq=26 | noise=1 | magnitude=200 | lead_time=1 | PID 3511527 | GPU 0
[2026-07-16T16:23:23] Started split_patchtst | split_patchtst_061_quarterly_low_mag_noise100_lt1 | run_7 | freq=13 | noise=1 | magnitude=50 | lead_time=1 | PID 3511633 | GPU 0
[2026-07-16T16:23:46] Waiting for available CPU/GPU capacity. waiting=150, running=19
[2026-07-16T16:24:28] Started split_timemixer | split_timemixer_060_quarterly_low_mag_noise10_lt3 | run_5 | freq=13 | noise=1 | magnitude=50 | lead_time=3 | PID 3513284 | GPU 4
[2026-07-16T16:24:34] Started local_patchtst | local_patchtst_009_yearly_low_mag_noise100_lt3 | run_7 | freq=52 | noise=1 | magnitude=50 | lead_time=3 | PID 3513342 | GPU 3
[2026-07-16T16:24:37] Started local_patchtst | local_patchtst_010_yearly_medium_mag_noise0_lt1 | run_9 | freq=52 | noise=1 | magnitude=100 | lead_time=1 | PID 3513405 | GPU 3
[2026-07-16T16:24:41] Started local_patchtst | local_patchtst_011_yearly_medium_mag_noise0_lt2 | run_3 | freq=52 | noise=1 | magnitude=100 | lead_time=2 | PID 3513485 | GPU 6
[2026-07-16T16:24:54] Finished local_timemixer | local_timemixer_080_quarterly_high_mag_noise100_lt2 | run_1 | freq=13 | noise=1 | magnitude=200 | lead_time=2
[2026-07-16T16:25:02] Started local_patchtst | local_patchtst_012_yearly_medium_mag_noise0_lt3 | run_5 | freq=52 | noise=1 | magnitude=100 | lead_time=3 | PID 3514352 | GPU 1
[2026-07-16T16:25:05] Started local_patchtst | local_patchtst_012_yearly_medium_mag_noise0_lt3 | run_9 | freq=52 | noise=1 | magnitude=100 | lead_time=3 | PID 3514365 | GPU 1
[2026-07-16T16:25:10] Started local_patchtst | local_patchtst_074_quarterly_high_mag_noise0_lt2 | run_1 | freq=13 | noise=1 | magnitude=200 | lead_time=2 | PID 3514404 | GPU 3
[2026-07-16T16:25:21] Finished local_patchtst | local_patchtst_092_half_quarterly_medium_mag_noise0_lt2 | run_9 | freq=7 | noise=1 | magnitude=100 | lead_time=2
[2026-07-16T16:25:21] Started local_timemixer | local_timemixer_047_half_yearly_high_mag_noise0_lt2 | run_5 | freq=26 | noise=1 | magnitude=200 | lead_time=2 | PID 3514549 | GPU 0
[2026-07-16T16:25:25] Started local_timemixer | local_timemixer_047_half_yearly_high_mag_noise0_lt2 | run_9 | freq=26 | noise=1 | magnitude=200 | lead_time=2 | PID 3514556 | GPU 5
[2026-07-16T16:25:28] Started local_timemixer | local_timemixer_049_half_yearly_high_mag_noise10_lt1 | run_9 | freq=26 | noise=1 | magnitude=200 | lead_time=1 | PID 3514564 | GPU 5
[2026-07-16T16:25:33] Started split_timemixer | split_timemixer_025_yearly_high_mag_noise100_lt1 | run_3 | freq=52 | noise=1 | magnitude=200 | lead_time=1 | PID 3514612 | GPU 1
[2026-07-16T16:25:37] Started split_timemixer | split_timemixer_026_yearly_high_mag_noise100_lt2 | run_1 | freq=52 | noise=1 | magnitude=200 | lead_time=2 | PID 3514623 | GPU 1
[2026-07-16T16:25:41] Started split_timemixer | split_timemixer_053_half_yearly_high_mag_noise100_lt2 | run_3 | freq=26 | noise=1 | magnitude=200 | lead_time=2 | PID 3514644 | GPU 0
[2026-07-16T16:25:56] Finished split_patchtst | split_patchtst_061_quarterly_low_mag_noise100_lt1 | run_7 | freq=13 | noise=1 | magnitude=50 | lead_time=1
[2026-07-16T16:26:01] Started split_timemixer | split_timemixer_074_quarterly_high_mag_noise0_lt2 | run_1 | freq=13 | noise=1 | magnitude=200 | lead_time=2 | PID 3515352 | GPU 6
[2026-07-16T16:26:05] Started split_timemixer | split_timemixer_074_quarterly_high_mag_noise0_lt2 | run_5 | freq=13 | noise=1 | magnitude=200 | lead_time=2 | PID 3515524 | GPU 6
[2026-07-16T16:26:19] Finished local_patchtst | local_patchtst_009_yearly_low_mag_noise100_lt3 | run_7 | freq=52 | noise=1 | magnitude=50 | lead_time=3
[2026-07-16T16:26:21] Started split_timemixer | split_timemixer_003_yearly_low_mag_noise0_lt3 | run_7 | freq=52 | noise=1 | magnitude=50 | lead_time=3 | PID 3515896 | GPU 3
[2026-07-16T16:26:24] Started split_timemixer | split_timemixer_014_yearly_medium_mag_noise10_lt2 | run_1 | freq=52 | noise=1 | magnitude=100 | lead_time=2 | PID 3515903 | GPU 3
[2026-07-16T16:26:41] Finished local_patchtst | local_patchtst_010_yearly_medium_mag_noise0_lt1 | run_9 | freq=52 | noise=1 | magnitude=100 | lead_time=1
[2026-07-16T16:26:49] Started local_patchtst | local_patchtst_041_half_yearly_medium_mag_noise10_lt2 | run_7 | freq=26 | noise=1 | magnitude=100 | lead_time=2 | PID 3516483 | GPU 2
[2026-07-16T16:26:52] Started local_patchtst | local_patchtst_048_half_yearly_high_mag_noise0_lt3 | run_9 | freq=26 | noise=1 | magnitude=200 | lead_time=3 | PID 3516506 | GPU 2
[2026-07-16T16:27:00] Started split_patchtst | split_patchtst_046_half_yearly_high_mag_noise0_lt1 | run_9 | freq=26 | noise=1 | magnitude=200 | lead_time=1 | PID 3516644 | GPU 4
[2026-07-16T16:27:06] Finished local_timemixer | local_timemixer_090_half_quarterly_low_mag_noise100_lt3 | run_1 | freq=7 | noise=1 | magnitude=50 | lead_time=3
[2026-07-16T16:27:20] Started split_patchtst | split_patchtst_081_quarterly_high_mag_noise100_lt3 | run_3 | freq=13 | noise=1 | magnitude=200 | lead_time=3 | PID 3517259 | GPU 2
[2026-07-16T16:27:40] Waiting for available CPU/GPU capacity. waiting=129, running=22
[2026-07-16T16:27:58] Finished local_patchtst | local_patchtst_074_quarterly_high_mag_noise0_lt2 | run_1 | freq=13 | noise=1 | magnitude=200 | lead_time=2
[2026-07-16T16:28:13] Waiting for available CPU/GPU capacity. waiting=129, running=20
[2026-07-16T16:28:14] Finished local_patchtst | local_patchtst_011_yearly_medium_mag_noise0_lt2 | run_3 | freq=52 | noise=1 | magnitude=100 | lead_time=2
[2026-07-16T16:28:23] Started local_patchtst | local_patchtst_079_quarterly_high_mag_noise100_lt1 | run_7 | freq=13 | noise=1 | magnitude=200 | lead_time=1 | PID 3518720 | GPU 7
[2026-07-16T16:28:33] Finished local_patchtst | local_patchtst_012_yearly_medium_mag_noise0_lt3 | run_5 | freq=52 | noise=1 | magnitude=100 | lead_time=3
[2026-07-16T16:28:39] Started split_timemixer | split_timemixer_100_half_quarterly_high_mag_noise0_lt1 | run_5 | freq=7 | noise=1 | magnitude=200 | lead_time=1 | PID 3519184 | GPU 4
[2026-07-16T16:28:51] Finished local_patchtst | local_patchtst_041_half_yearly_medium_mag_noise10_lt2 | run_7 | freq=26 | noise=1 | magnitude=100 | lead_time=2
[2026-07-16T16:28:52] Started local_timemixer | local_timemixer_074_quarterly_high_mag_noise0_lt2 | run_1 | freq=13 | noise=1 | magnitude=200 | lead_time=2 | PID 3519647 | GPU 2
[2026-07-16T16:28:55] Started local_timemixer | local_timemixer_102_half_quarterly_high_mag_noise0_lt3 | run_1 | freq=7 | noise=1 | magnitude=200 | lead_time=3 | PID 3519654 | GPU 2
[2026-07-16T16:29:12] Finished split_patchtst | split_patchtst_081_quarterly_high_mag_noise100_lt3 | run_3 | freq=13 | noise=1 | magnitude=200 | lead_time=3
[2026-07-16T16:29:27] Waiting for available CPU/GPU capacity. waiting=125, running=20
[2026-07-16T16:30:00] Finished split_patchtst | split_patchtst_046_half_yearly_high_mag_noise0_lt1 | run_9 | freq=26 | noise=1 | magnitude=200 | lead_time=1
[2026-07-16T16:30:14] Waiting for available CPU/GPU capacity. waiting=125, running=19
[2026-07-16T16:30:15] Finished split_timemixer | split_timemixer_001_yearly_low_mag_noise0_lt1 | run_7 | freq=52 | noise=1 | magnitude=50 | lead_time=1
[2026-07-16T16:30:18] Started split_timemixer | split_timemixer_042_half_yearly_medium_mag_noise10_lt3 | run_9 | freq=26 | noise=1 | magnitude=100 | lead_time=3 | PID 3521860 | GPU 7
[2026-07-16T16:30:33] Finished local_patchtst | local_patchtst_012_yearly_medium_mag_noise0_lt3 | run_9 | freq=52 | noise=1 | magnitude=100 | lead_time=3
[2026-07-16T16:30:48] Waiting for available CPU/GPU capacity. waiting=124, running=18
[2026-07-16T16:31:20] Finished local_patchtst | local_patchtst_079_quarterly_high_mag_noise100_lt1 | run_7 | freq=13 | noise=1 | magnitude=200 | lead_time=1
[2026-07-16T16:31:31] Started split_patchtst | split_patchtst_028_half_yearly_low_mag_noise0_lt1 | run_9 | freq=26 | noise=1 | magnitude=50 | lead_time=1 | PID 3523703 | GPU 5
[2026-07-16T16:31:34] Started split_patchtst | split_patchtst_029_half_yearly_low_mag_noise0_lt2 | run_3 | freq=26 | noise=1 | magnitude=50 | lead_time=2 | PID 3523713 | GPU 5
[2026-07-16T16:31:41] Finished local_timemixer | local_timemixer_049_half_yearly_high_mag_noise10_lt1 | run_9 | freq=26 | noise=1 | magnitude=200 | lead_time=1
[2026-07-16T16:31:55] Waiting for available CPU/GPU capacity. waiting=122, running=17
[2026-07-16T16:32:12] Finished local_timemixer | local_timemixer_047_half_yearly_high_mag_noise0_lt2 | run_5 | freq=26 | noise=1 | magnitude=200 | lead_time=2
[2026-07-16T16:32:26] Waiting for available CPU/GPU capacity. waiting=122, running=16
[2026-07-16T16:32:43] Started local_timemixer | local_timemixer_052_half_yearly_high_mag_noise100_lt1 | run_3 | freq=26 | noise=1 | magnitude=200 | lead_time=1 | PID 3525538 | GPU 0
[2026-07-16T16:32:53] Started local_patchtst | local_patchtst_078_quarterly_high_mag_noise10_lt3 | run_1 | freq=13 | noise=1 | magnitude=200 | lead_time=3 | PID 3525853 | GPU 5
[2026-07-16T16:32:57] Started local_patchtst | local_patchtst_079_quarterly_high_mag_noise100_lt1 | run_3 | freq=13 | noise=1 | magnitude=200 | lead_time=1 | PID 3525860 | GPU 5
[2026-07-16T16:33:06] Finished split_patchtst | split_patchtst_029_half_yearly_low_mag_noise0_lt2 | run_3 | freq=26 | noise=1 | magnitude=50 | lead_time=2
[2026-07-16T16:33:20] Waiting for available CPU/GPU capacity. waiting=119, running=15
[2026-07-16T16:33:27] Started split_timemixer | split_timemixer_099_half_quarterly_medium_mag_noise100_lt3 | run_7 | freq=7 | noise=1 | magnitude=100 | lead_time=3 | PID 3526473 | GPU 5
[2026-07-16T16:33:38] Finished split_timemixer | split_timemixer_060_quarterly_low_mag_noise10_lt3 | run_5 | freq=13 | noise=1 | magnitude=50 | lead_time=3
[2026-07-16T16:33:52] Waiting for available CPU/GPU capacity. waiting=118, running=15
[2026-07-16T16:34:01] Started local_patchtst | local_patchtst_080_quarterly_high_mag_noise100_lt2 | run_5 | freq=13 | noise=1 | magnitude=200 | lead_time=2 | PID 3527532 | GPU 7
[2026-07-16T16:34:10] Finished split_timemixer | split_timemixer_053_half_yearly_high_mag_noise100_lt2 | run_3 | freq=26 | noise=1 | magnitude=200 | lead_time=2
[2026-07-16T16:34:21] Started split_patchtst | split_patchtst_055_quarterly_low_mag_noise0_lt1 | run_3 | freq=13 | noise=1 | magnitude=50 | lead_time=1 | PID 3527858 | GPU 0
[2026-07-16T16:34:40] Waiting for available CPU/GPU capacity. waiting=116, running=16
[2026-07-16T16:35:17] Started local_patchtst | local_patchtst_058_quarterly_low_mag_noise10_lt1 | run_9 | freq=13 | noise=1 | magnitude=50 | lead_time=1 | PID 3529448 | GPU 0
[2026-07-16T16:35:23] Started split_patchtst | split_patchtst_026_yearly_high_mag_noise100_lt2 | run_5 | freq=52 | noise=1 | magnitude=200 | lead_time=2 | PID 3529498 | GPU 4
[2026-07-16T16:35:26] Started split_patchtst | split_patchtst_027_yearly_high_mag_noise100_lt3 | run_3 | freq=52 | noise=1 | magnitude=200 | lead_time=3 | PID 3529514 | GPU 4
[2026-07-16T16:35:29] Started split_patchtst | split_patchtst_030_half_yearly_low_mag_noise0_lt3 | run_1 | freq=26 | noise=1 | magnitude=50 | lead_time=3 | PID 3529632 | GPU 4
[2026-07-16T16:35:35] Started split_patchtst | split_patchtst_085_half_quarterly_low_mag_noise10_lt1 | run_3 | freq=7 | noise=1 | magnitude=50 | lead_time=1 | PID 3529738 | GPU 7
[2026-07-16T16:35:40] Finished local_patchtst | local_patchtst_079_quarterly_high_mag_noise100_lt1 | run_3 | freq=13 | noise=1 | magnitude=200 | lead_time=1
[2026-07-16T16:35:44] Started split_timemixer | split_timemixer_073_quarterly_high_mag_noise0_lt1 | run_7 | freq=13 | noise=1 | magnitude=200 | lead_time=1 | PID 3529843 | GPU 6
[2026-07-16T16:35:47] Started split_timemixer | split_timemixer_076_quarterly_high_mag_noise10_lt1 | run_1 | freq=13 | noise=1 | magnitude=200 | lead_time=1 | PID 3529850 | GPU 6
[2026-07-16T16:35:54] Started split_patchtst | split_patchtst_001_yearly_low_mag_noise0_lt1 | run_7 | freq=52 | noise=1 | magnitude=50 | lead_time=1 | PID 3530108 | GPU 5
[2026-07-16T16:35:57] Started split_patchtst | split_patchtst_003_yearly_low_mag_noise0_lt3 | run_7 | freq=52 | noise=1 | magnitude=50 | lead_time=3 | PID 3530115 | GPU 1
[2026-07-16T16:36:01] Started split_patchtst | split_patchtst_010_yearly_medium_mag_noise0_lt1 | run_9 | freq=52 | noise=1 | magnitude=100 | lead_time=1 | PID 3530123 | GPU 1
[2026-07-16T16:36:09] Finished local_timemixer | local_timemixer_074_quarterly_high_mag_noise0_lt2 | run_1 | freq=13 | noise=1 | magnitude=200 | lead_time=2
[2026-07-16T16:36:21] Waiting for available CPU/GPU capacity. waiting=106, running=18
[2026-07-16T16:36:36] Finished split_patchtst | split_patchtst_055_quarterly_low_mag_noise0_lt1 | run_3 | freq=13 | noise=1 | magnitude=50 | lead_time=1
[2026-07-16T16:36:48] Waiting for available CPU/GPU capacity. waiting=106, running=17
[2026-07-16T16:36:52] Started split_timemixer | split_timemixer_042_half_yearly_medium_mag_noise10_lt3 | run_5 | freq=26 | noise=1 | magnitude=100 | lead_time=3 | PID 3531593 | GPU 3
[2026-07-16T16:36:55] Started split_timemixer | split_timemixer_043_half_yearly_medium_mag_noise100_lt1 | run_3 | freq=26 | noise=1 | magnitude=100 | lead_time=1 | PID 3531600 | GPU 3
[2026-07-16T16:37:05] Started split_patchtst | split_patchtst_042_half_yearly_medium_mag_noise10_lt3 | run_1 | freq=26 | noise=1 | magnitude=100 | lead_time=3 | PID 3531727 | GPU 7
[2026-07-16T16:37:12] Finished local_patchtst | local_patchtst_080_quarterly_high_mag_noise100_lt2 | run_5 | freq=13 | noise=1 | magnitude=200 | lead_time=2
[2026-07-16T16:37:17] Started local_patchtst | local_patchtst_014_yearly_medium_mag_noise10_lt2 | run_1 | freq=52 | noise=1 | magnitude=100 | lead_time=2 | PID 3531890 | GPU 0
[2026-07-16T16:37:20] Started local_patchtst | local_patchtst_014_yearly_medium_mag_noise10_lt2 | run_5 | freq=52 | noise=1 | magnitude=100 | lead_time=2 | PID 3531898 | GPU 1
[2026-07-16T16:37:23] Started local_patchtst | local_patchtst_014_yearly_medium_mag_noise10_lt2 | run_9 | freq=52 | noise=1 | magnitude=100 | lead_time=2 | PID 3531906 | GPU 4
[2026-07-16T16:37:27] Started local_patchtst | local_patchtst_015_yearly_medium_mag_noise10_lt3 | run_3 | freq=52 | noise=1 | magnitude=100 | lead_time=3 | PID 3531953 | GPU 1
[2026-07-16T16:37:33] Started split_patchtst | split_patchtst_039_half_yearly_medium_mag_noise0_lt3 | run_7 | freq=26 | noise=1 | magnitude=100 | lead_time=3 | PID 3532149 | GPU 5
[2026-07-16T16:37:40] Finished split_patchtst | split_patchtst_010_yearly_medium_mag_noise0_lt1 | run_9 | freq=52 | noise=1 | magnitude=100 | lead_time=1
[2026-07-16T16:37:40] Started local_timemixer | local_timemixer_050_half_yearly_high_mag_noise10_lt2 | run_3 | freq=26 | noise=1 | magnitude=200 | lead_time=2 | PID 3532448 | GPU 4
[2026-07-16T16:37:44] Started local_timemixer | local_timemixer_059_quarterly_low_mag_noise10_lt2 | run_7 | freq=13 | noise=1 | magnitude=50 | lead_time=2 | PID 3532555 | GPU 4
[2026-07-16T16:37:47] Started local_timemixer | local_timemixer_103_half_quarterly_high_mag_noise10_lt1 | run_7 | freq=7 | noise=1 | magnitude=200 | lead_time=1 | PID 3532575 | GPU 0
[2026-07-16T16:37:50] Started local_timemixer | local_timemixer_104_half_quarterly_high_mag_noise10_lt2 | run_1 | freq=7 | noise=1 | magnitude=200 | lead_time=2 | PID 3532587 | GPU 7
[2026-07-16T16:37:54] Started local_timemixer | local_timemixer_105_half_quarterly_high_mag_noise10_lt3 | run_7 | freq=7 | noise=1 | magnitude=200 | lead_time=3 | PID 3532775 | GPU 7
[2026-07-16T16:37:59] Started split_timemixer | split_timemixer_065_quarterly_medium_mag_noise0_lt2 | run_7 | freq=13 | noise=1 | magnitude=100 | lead_time=2 | PID 3532823 | GPU 1
[2026-07-16T16:38:10] Finished split_patchtst | split_patchtst_085_half_quarterly_low_mag_noise10_lt1 | run_3 | freq=7 | noise=1 | magnitude=50 | lead_time=1
[2026-07-16T16:38:13] Started split_timemixer | split_timemixer_058_quarterly_low_mag_noise10_lt1 | run_9 | freq=13 | noise=1 | magnitude=50 | lead_time=1 | PID 3533010 | GPU 0
[2026-07-16T16:38:25] Started split_timemixer | split_timemixer_014_yearly_medium_mag_noise10_lt2 | run_5 | freq=52 | noise=1 | magnitude=100 | lead_time=2 | PID 3533192 | GPU 2
[2026-07-16T16:38:38] Finished split_patchtst | split_patchtst_001_yearly_low_mag_noise0_lt1 | run_7 | freq=52 | noise=1 | magnitude=50 | lead_time=1
[2026-07-16T16:38:49] Waiting for available CPU/GPU capacity. waiting=90, running=20
[2026-07-16T16:39:14] Finished split_patchtst | split_patchtst_042_half_yearly_medium_mag_noise10_lt3 | run_1 | freq=26 | noise=1 | magnitude=100 | lead_time=3
[2026-07-16T16:39:24] Waiting for available CPU/GPU capacity. waiting=90, running=19
[2026-07-16T16:39:49] Finished local_patchtst | local_patchtst_014_yearly_medium_mag_noise10_lt2 | run_5 | freq=52 | noise=1 | magnitude=100 | lead_time=2
[2026-07-16T16:40:00] Waiting for available CPU/GPU capacity. waiting=90, running=18
[2026-07-16T16:40:01] Finished local_patchtst | local_patchtst_015_yearly_medium_mag_noise10_lt3 | run_3 | freq=52 | noise=1 | magnitude=100 | lead_time=3
[2026-07-16T16:40:12] Waiting for available CPU/GPU capacity. waiting=90, running=17
[2026-07-16T16:40:14] Started split_timemixer | split_timemixer_023_yearly_high_mag_noise10_lt2 | run_3 | freq=52 | noise=1 | magnitude=200 | lead_time=2 | PID 3536231 | GPU 5
[2026-07-16T16:40:18] Started split_timemixer | split_timemixer_023_yearly_high_mag_noise10_lt2 | run_7 | freq=52 | noise=1 | magnitude=200 | lead_time=2 | PID 3536302 | GPU 5
[2026-07-16T16:40:30] Finished split_patchtst | split_patchtst_039_half_yearly_medium_mag_noise0_lt3 | run_7 | freq=26 | noise=1 | magnitude=100 | lead_time=3
[2026-07-16T16:40:40] Waiting for available CPU/GPU capacity. waiting=88, running=15
[2026-07-16T16:41:40] Started split_timemixer | split_timemixer_058_quarterly_low_mag_noise10_lt1 | run_1 | freq=13 | noise=1 | magnitude=50 | lead_time=1 | PID 3538299 | GPU 1
[2026-07-16T16:42:02] Waiting for available CPU/GPU capacity. waiting=87, running=16
[2026-07-16T16:43:02] Started split_timemixer | split_timemixer_062_quarterly_low_mag_noise100_lt2 | run_9 | freq=13 | noise=1 | magnitude=50 | lead_time=2 | PID 3540589 | GPU 3
[2026-07-16T16:43:13] Finished local_timemixer | local_timemixer_102_half_quarterly_high_mag_noise0_lt3 | run_1 | freq=7 | noise=1 | magnitude=200 | lead_time=3
[2026-07-16T16:43:23] Waiting for available CPU/GPU capacity. waiting=86, running=16
[2026-07-16T16:43:30] Started split_patchtst | split_patchtst_017_yearly_medium_mag_noise100_lt2 | run_3 | freq=52 | noise=1 | magnitude=100 | lead_time=2 | PID 3541053 | GPU 2
[2026-07-16T16:43:42] Started local_patchtst | local_patchtst_073_quarterly_high_mag_noise0_lt1 | run_7 | freq=13 | noise=1 | magnitude=200 | lead_time=1 | PID 3541215 | GPU 6
[2026-07-16T16:43:45] Started local_patchtst | local_patchtst_074_quarterly_high_mag_noise0_lt2 | run_5 | freq=13 | noise=1 | magnitude=200 | lead_time=2 | PID 3541231 | GPU 6
[2026-07-16T16:43:54] Finished split_timemixer | split_timemixer_076_quarterly_high_mag_noise10_lt1 | run_1 | freq=13 | noise=1 | magnitude=200 | lead_time=1
[2026-07-16T16:44:04] Waiting for available CPU/GPU capacity. waiting=83, running=17
[2026-07-16T16:44:16] Finished local_timemixer | local_timemixer_103_half_quarterly_high_mag_noise10_lt1 | run_7 | freq=7 | noise=1 | magnitude=200 | lead_time=1
[2026-07-16T16:44:19] Started split_timemixer | split_timemixer_072_quarterly_medium_mag_noise100_lt3 | run_5 | freq=13 | noise=1 | magnitude=100 | lead_time=3 | PID 3542404 | GPU 4
[2026-07-16T16:44:29] Started split_patchtst | split_patchtst_102_half_quarterly_high_mag_noise0_lt3 | run_5 | freq=7 | noise=1 | magnitude=200 | lead_time=3 | PID 3542557 | GPU 7
[2026-07-16T16:44:33] Finished local_timemixer | local_timemixer_104_half_quarterly_high_mag_noise10_lt2 | run_1 | freq=7 | noise=1 | magnitude=200 | lead_time=2
[2026-07-16T16:44:35] Started split_timemixer | split_timemixer_072_quarterly_medium_mag_noise100_lt3 | run_1 | freq=13 | noise=1 | magnitude=100 | lead_time=3 | PID 3542603 | GPU 7
[2026-07-16T16:44:38] Started split_timemixer | split_timemixer_073_quarterly_high_mag_noise0_lt1 | run_3 | freq=13 | noise=1 | magnitude=200 | lead_time=1 | PID 3542610 | GPU 6
[2026-07-16T16:44:49] Finished local_timemixer | local_timemixer_105_half_quarterly_high_mag_noise10_lt3 | run_7 | freq=7 | noise=1 | magnitude=200 | lead_time=3
[2026-07-16T16:44:50] Started split_timemixer | split_timemixer_056_quarterly_low_mag_noise0_lt2 | run_1 | freq=13 | noise=1 | magnitude=50 | lead_time=2 | PID 3542784 | GPU 4
[2026-07-16T16:45:09] Started split_patchtst | split_patchtst_058_quarterly_low_mag_noise10_lt1 | run_9 | freq=13 | noise=1 | magnitude=50 | lead_time=1 | PID 3543383 | GPU 2
[2026-07-16T16:45:15] Started split_timemixer | split_timemixer_040_half_yearly_medium_mag_noise10_lt1 | run_5 | freq=26 | noise=1 | magnitude=100 | lead_time=1 | PID 3543589 | GPU 0
[2026-07-16T16:45:26] Finished split_timemixer | split_timemixer_065_quarterly_medium_mag_noise0_lt2 | run_7 | freq=13 | noise=1 | magnitude=100 | lead_time=2
[2026-07-16T16:45:36] Waiting for available CPU/GPU capacity. waiting=76, running=18
[2026-07-16T16:45:37] Finished local_patchtst | local_patchtst_073_quarterly_high_mag_noise0_lt1 | run_7 | freq=13 | noise=1 | magnitude=200 | lead_time=1
[2026-07-16T16:45:46] Waiting for available CPU/GPU capacity. waiting=76, running=16
[2026-07-16T16:45:47] Finished local_patchtst | local_patchtst_074_quarterly_high_mag_noise0_lt2 | run_5 | freq=13 | noise=1 | magnitude=200 | lead_time=2
[2026-07-16T16:45:54] Started split_patchtst | split_patchtst_057_quarterly_low_mag_noise0_lt3 | run_7 | freq=13 | noise=1 | magnitude=50 | lead_time=3 | PID 3544397 | GPU 2
[2026-07-16T16:45:58] Started split_patchtst | split_patchtst_058_quarterly_low_mag_noise10_lt1 | run_1 | freq=13 | noise=1 | magnitude=50 | lead_time=1 | PID 3544691 | GPU 2
[2026-07-16T16:46:02] Finished split_patchtst | split_patchtst_017_yearly_medium_mag_noise100_lt2 | run_3 | freq=52 | noise=1 | magnitude=100 | lead_time=2
[2026-07-16T16:46:11] Waiting for available CPU/GPU capacity. waiting=74, running=15
[2026-07-16T16:46:23] Finished split_timemixer | split_timemixer_043_half_yearly_medium_mag_noise100_lt1 | run_3 | freq=26 | noise=1 | magnitude=100 | lead_time=1
[2026-07-16T16:46:31] Waiting for available CPU/GPU capacity. waiting=74, running=14
[2026-07-16T16:47:05] Started split_timemixer | split_timemixer_099_half_quarterly_medium_mag_noise100_lt3 | run_3 | freq=7 | noise=1 | magnitude=100 | lead_time=3 | PID 3546380 | GPU 0
[2026-07-16T16:47:14] Finished split_patchtst | split_patchtst_058_quarterly_low_mag_noise10_lt1 | run_9 | freq=13 | noise=1 | magnitude=50 | lead_time=1
[2026-07-16T16:47:23] Waiting for available CPU/GPU capacity. waiting=73, running=13
[2026-07-16T16:47:35] Started split_timemixer | split_timemixer_059_quarterly_low_mag_noise10_lt2 | run_7 | freq=13 | noise=1 | magnitude=50 | lead_time=2 | PID 3546913 | GPU 2
[2026-07-16T16:47:38] Started split_timemixer | split_timemixer_065_quarterly_medium_mag_noise0_lt2 | run_3 | freq=13 | noise=1 | magnitude=100 | lead_time=2 | PID 3546920 | GPU 2
[2026-07-16T16:47:48] Finished split_patchtst | split_patchtst_058_quarterly_low_mag_noise10_lt1 | run_1 | freq=13 | noise=1 | magnitude=50 | lead_time=1
[2026-07-16T16:47:57] Waiting for available CPU/GPU capacity. waiting=71, running=13
[2026-07-16T16:48:08] Started local_timemixer | local_timemixer_108_half_quarterly_high_mag_noise100_lt3 | run_5 | freq=7 | noise=1 | magnitude=200 | lead_time=3 | PID 3547982 | GPU 1
[2026-07-16T16:48:12] Started split_timemixer | split_timemixer_016_yearly_medium_mag_noise100_lt1 | run_1 | freq=52 | noise=1 | magnitude=100 | lead_time=1 | PID 3547989 | GPU 1
[2026-07-16T16:48:23] Finished split_timemixer | split_timemixer_058_quarterly_low_mag_noise10_lt1 | run_1 | freq=13 | noise=1 | magnitude=50 | lead_time=1
[2026-07-16T16:48:31] Waiting for available CPU/GPU capacity. waiting=69, running=13
[2026-07-16T16:48:51] Started local_timemixer | local_timemixer_108_half_quarterly_high_mag_noise100_lt3 | run_1 | freq=7 | noise=1 | magnitude=200 | lead_time=3 | PID 3548636 | GPU 6
[2026-07-16T16:48:54] Started split_timemixer | split_timemixer_016_yearly_medium_mag_noise100_lt1 | run_9 | freq=52 | noise=1 | magnitude=100 | lead_time=1 | PID 3548647 | GPU 6
[2026-07-16T16:49:05] Finished split_timemixer | split_timemixer_073_quarterly_high_mag_noise0_lt1 | run_3 | freq=13 | noise=1 | magnitude=200 | lead_time=1
[2026-07-16T16:49:11] Started split_patchtst | split_patchtst_045_half_yearly_medium_mag_noise100_lt3 | run_7 | freq=26 | noise=1 | magnitude=100 | lead_time=3 | PID 3549451 | GPU 3
[2026-07-16T16:49:24] Waiting for available CPU/GPU capacity. waiting=66, running=15
[2026-07-16T16:49:33] Started split_patchtst | split_patchtst_107_half_quarterly_high_mag_noise100_lt2 | run_3 | freq=7 | noise=1 | magnitude=200 | lead_time=2 | PID 3549889 | GPU 5
[2026-07-16T16:49:36] Started split_patchtst | split_patchtst_108_half_quarterly_high_mag_noise100_lt3 | run_1 | freq=7 | noise=1 | magnitude=200 | lead_time=3 | PID 3549900 | GPU 5
[2026-07-16T16:49:40] Finished split_timemixer | split_timemixer_023_yearly_high_mag_noise10_lt2 | run_7 | freq=52 | noise=1 | magnitude=200 | lead_time=2
[2026-07-16T16:49:40] Started split_timemixer | split_timemixer_017_yearly_medium_mag_noise100_lt2 | run_7 | freq=52 | noise=1 | magnitude=100 | lead_time=2 | PID 3549910 | GPU 5
[2026-07-16T16:49:58] Waiting for available CPU/GPU capacity. waiting=63, running=16
[2026-07-16T16:50:14] Started split_patchtst | split_patchtst_067_quarterly_medium_mag_noise10_lt1 | run_3 | freq=13 | noise=1 | magnitude=100 | lead_time=1 | PID 3550746 | GPU 7
[2026-07-16T16:50:26] Waiting for available CPU/GPU capacity. waiting=62, running=17
[2026-07-16T16:51:18] Started split_patchtst | split_patchtst_096_half_quarterly_medium_mag_noise10_lt3 | run_5 | freq=7 | noise=1 | magnitude=100 | lead_time=3 | PID 3552354 | GPU 3
[2026-07-16T16:51:21] Started split_patchtst | split_patchtst_098_half_quarterly_medium_mag_noise100_lt2 | run_5 | freq=7 | noise=1 | magnitude=100 | lead_time=2 | PID 3552361 | GPU 3
[2026-07-16T16:51:24] Finished split_timemixer | split_timemixer_062_quarterly_low_mag_noise100_lt2 | run_9 | freq=13 | noise=1 | magnitude=50 | lead_time=2
[2026-07-16T16:51:27] Started local_patchtst | local_patchtst_029_half_yearly_low_mag_noise0_lt2 | run_7 | freq=26 | noise=1 | magnitude=50 | lead_time=2 | PID 3552408 | GPU 3
[2026-07-16T16:51:35] Finished split_patchtst | split_patchtst_045_half_yearly_medium_mag_noise100_lt3 | run_7 | freq=26 | noise=1 | magnitude=100 | lead_time=3
[2026-07-16T16:51:37] Started local_patchtst | local_patchtst_001_yearly_low_mag_noise0_lt1 | run_7 | freq=52 | noise=1 | magnitude=50 | lead_time=1 | PID 3552691 | GPU 7
[2026-07-16T16:51:52] Waiting for available CPU/GPU capacity. waiting=58, running=19
[2026-07-16T16:52:18] Finished split_timemixer | split_timemixer_040_half_yearly_medium_mag_noise10_lt1 | run_5 | freq=26 | noise=1 | magnitude=100 | lead_time=1
[2026-07-16T16:52:25] Waiting for available CPU/GPU capacity. waiting=58, running=18
[2026-07-16T16:52:31] Started split_patchtst | split_patchtst_025_yearly_high_mag_noise100_lt1 | run_3 | freq=52 | noise=1 | magnitude=200 | lead_time=1 | PID 3554005 | GPU 5
[2026-07-16T16:52:37] Finished split_patchtst | split_patchtst_108_half_quarterly_high_mag_noise100_lt3 | run_1 | freq=7 | noise=1 | magnitude=200 | lead_time=3
[2026-07-16T16:52:43] Waiting for available CPU/GPU capacity. waiting=57, running=17
[2026-07-16T16:53:09] Finished split_patchtst | split_patchtst_096_half_quarterly_medium_mag_noise10_lt3 | run_5 | freq=7 | noise=1 | magnitude=100 | lead_time=3
[2026-07-16T16:53:11] Started split_timemixer | split_timemixer_096_half_quarterly_medium_mag_noise10_lt3 | run_1 | freq=7 | noise=1 | magnitude=100 | lead_time=3 | PID 3555138 | GPU 3
[2026-07-16T16:53:14] Started split_timemixer | split_timemixer_100_half_quarterly_high_mag_noise0_lt1 | run_9 | freq=7 | noise=1 | magnitude=200 | lead_time=1 | PID 3555254 | GPU 3
[2026-07-16T16:53:23] Finished split_patchtst | split_patchtst_098_half_quarterly_medium_mag_noise100_lt2 | run_5 | freq=7 | noise=1 | magnitude=100 | lead_time=2
[2026-07-16T16:53:29] Waiting for available CPU/GPU capacity. waiting=55, running=16
[2026-07-16T16:53:38] Finished local_patchtst | local_patchtst_029_half_yearly_low_mag_noise0_lt2 | run_7 | freq=26 | noise=1 | magnitude=50 | lead_time=2
[2026-07-16T16:53:45] Waiting for available CPU/GPU capacity. waiting=55, running=15
[2026-07-16T16:54:09] Finished split_timemixer | split_timemixer_072_quarterly_medium_mag_noise100_lt3 | run_5 | freq=13 | noise=1 | magnitude=100 | lead_time=3
[2026-07-16T16:54:10] Started split_timemixer | split_timemixer_030_half_yearly_low_mag_noise0_lt3 | run_5 | freq=26 | noise=1 | magnitude=50 | lead_time=3 | PID 3556447 | GPU 5
[2026-07-16T16:54:17] Started split_patchtst | split_patchtst_023_yearly_high_mag_noise10_lt2 | run_3 | freq=52 | noise=1 | magnitude=200 | lead_time=2 | PID 3556756 | GPU 4
[2026-07-16T16:54:20] Started split_patchtst | split_patchtst_034_half_yearly_low_mag_noise100_lt1 | run_5 | freq=26 | noise=1 | magnitude=50 | lead_time=1 | PID 3556827 | GPU 4
[2026-07-16T16:54:24] Started split_patchtst | split_patchtst_039_half_yearly_medium_mag_noise0_lt3 | run_3 | freq=26 | noise=1 | magnitude=100 | lead_time=3 | PID 3556852 | GPU 4
[2026-07-16T16:54:29] Finished split_timemixer | split_timemixer_056_quarterly_low_mag_noise0_lt2 | run_1 | freq=13 | noise=1 | magnitude=50 | lead_time=2
[2026-07-16T16:54:35] Started split_patchtst | split_patchtst_090_half_quarterly_low_mag_noise100_lt3 | run_5 | freq=7 | noise=1 | magnitude=50 | lead_time=3 | PID 3557005 | GPU 0
[2026-07-16T16:54:39] Started split_patchtst | split_patchtst_091_half_quarterly_medium_mag_noise0_lt1 | run_7 | freq=7 | noise=1 | magnitude=100 | lead_time=1 | PID 3557012 | GPU 0
[2026-07-16T16:54:42] Finished local_patchtst | local_patchtst_001_yearly_low_mag_noise0_lt1 | run_7 | freq=52 | noise=1 | magnitude=50 | lead_time=1
[2026-07-16T16:54:43] Started split_timemixer | split_timemixer_021_yearly_high_mag_noise0_lt3 | run_7 | freq=52 | noise=1 | magnitude=200 | lead_time=3 | PID 3557024 | GPU 0
[2026-07-16T16:54:57] Waiting for available CPU/GPU capacity. waiting=48, running=18
[2026-07-16T16:55:29] Started local_patchtst | local_patchtst_030_half_yearly_low_mag_noise0_lt3 | run_1 | freq=26 | noise=1 | magnitude=50 | lead_time=3 | PID 3558198 | GPU 1
[2026-07-16T16:55:32] Started local_patchtst | local_patchtst_030_half_yearly_low_mag_noise0_lt3 | run_5 | freq=26 | noise=1 | magnitude=50 | lead_time=3 | PID 3558280 | GPU 1
[2026-07-16T16:55:37] Started split_patchtst | split_patchtst_020_yearly_high_mag_noise0_lt2 | run_1 | freq=52 | noise=1 | magnitude=200 | lead_time=2 | PID 3558394 | GPU 7
[2026-07-16T16:55:42] Finished split_patchtst | split_patchtst_025_yearly_high_mag_noise100_lt1 | run_3 | freq=52 | noise=1 | magnitude=200 | lead_time=1
[2026-07-16T16:55:48] Waiting for available CPU/GPU capacity. waiting=45, running=18
[2026-07-16T16:55:57] Started split_timemixer | split_timemixer_101_half_quarterly_high_mag_noise0_lt2 | run_7 | freq=7 | noise=1 | magnitude=200 | lead_time=2 | PID 3558711 | GPU 6
[2026-07-16T16:56:01] Started local_patchtst | local_patchtst_012_yearly_medium_mag_noise0_lt3 | run_1 | freq=52 | noise=1 | magnitude=100 | lead_time=3 | PID 3558730 | GPU 6
[2026-07-16T16:56:08] Started split_patchtst | split_patchtst_086_half_quarterly_low_mag_noise10_lt2 | run_1 | freq=7 | noise=1 | magnitude=50 | lead_time=2 | PID 3558981 | GPU 4
[2026-07-16T16:56:11] Finished split_patchtst | split_patchtst_034_half_yearly_low_mag_noise100_lt1 | run_5 | freq=26 | noise=1 | magnitude=50 | lead_time=1
[2026-07-16T16:56:12] Started split_timemixer | split_timemixer_052_half_yearly_high_mag_noise100_lt1 | run_1 | freq=26 | noise=1 | magnitude=200 | lead_time=1 | PID 3558992 | GPU 4
[2026-07-16T16:56:20] Finished split_patchtst | split_patchtst_023_yearly_high_mag_noise10_lt2 | run_3 | freq=52 | noise=1 | magnitude=200 | lead_time=2
[2026-07-16T16:56:25] Waiting for available CPU/GPU capacity. waiting=41, running=18
[2026-07-16T16:56:26] Finished split_patchtst | split_patchtst_039_half_yearly_medium_mag_noise0_lt3 | run_3 | freq=26 | noise=1 | magnitude=100 | lead_time=3
[2026-07-16T16:56:29] Started local_patchtst | local_patchtst_098_half_quarterly_medium_mag_noise100_lt2 | run_5 | freq=7 | noise=1 | magnitude=100 | lead_time=2 | PID 3559336 | GPU 1
[2026-07-16T16:56:39] Waiting for available CPU/GPU capacity. waiting=40, running=18
[2026-07-16T16:56:47] Finished split_timemixer | split_timemixer_065_quarterly_medium_mag_noise0_lt2 | run_3 | freq=13 | noise=1 | magnitude=100 | lead_time=2
[2026-07-16T16:56:47] Started split_timemixer | split_timemixer_055_quarterly_low_mag_noise0_lt1 | run_7 | freq=13 | noise=1 | magnitude=50 | lead_time=1 | PID 3559812 | GPU 2
[2026-07-16T16:56:51] Started split_timemixer | split_timemixer_058_quarterly_low_mag_noise10_lt1 | run_5 | freq=13 | noise=1 | magnitude=50 | lead_time=1 | PID 3559886 | GPU 2
[2026-07-16T16:56:56] Started local_patchtst | local_patchtst_076_quarterly_high_mag_noise10_lt1 | run_5 | freq=13 | noise=1 | magnitude=200 | lead_time=1 | PID 3559946 | GPU 4
[2026-07-16T16:57:02] Finished split_timemixer | split_timemixer_059_quarterly_low_mag_noise10_lt2 | run_7 | freq=13 | noise=1 | magnitude=50 | lead_time=2
[2026-07-16T16:57:07] Waiting for available CPU/GPU capacity. waiting=37, running=19
[2026-07-16T16:57:08] Finished local_patchtst | local_patchtst_030_half_yearly_low_mag_noise0_lt3 | run_5 | freq=26 | noise=1 | magnitude=50 | lead_time=3
[2026-07-16T16:57:12] Waiting for available CPU/GPU capacity. waiting=37, running=18
[2026-07-16T16:57:31] Finished split_patchtst | split_patchtst_091_half_quarterly_medium_mag_noise0_lt1 | run_7 | freq=7 | noise=1 | magnitude=100 | lead_time=1
[2026-07-16T16:57:32] Started split_timemixer | split_timemixer_077_quarterly_high_mag_noise10_lt2 | run_7 | freq=13 | noise=1 | magnitude=200 | lead_time=2 | PID 3560757 | GPU 1
[2026-07-16T16:57:44] Waiting for available CPU/GPU capacity. waiting=36, running=17
[2026-07-16T16:58:03] Started split_timemixer | split_timemixer_082_half_quarterly_low_mag_noise0_lt1 | run_1 | freq=7 | noise=1 | magnitude=50 | lead_time=1 | PID 3561368 | GPU 6
[2026-07-16T16:58:14] Waiting for available CPU/GPU capacity. waiting=35, running=18
[2026-07-16T16:58:16] Finished split_patchtst | split_patchtst_020_yearly_high_mag_noise0_lt2 | run_1 | freq=52 | noise=1 | magnitude=200 | lead_time=2
[2026-07-16T16:58:18] Started split_patchtst | split_patchtst_020_yearly_high_mag_noise0_lt2 | run_9 | freq=52 | noise=1 | magnitude=200 | lead_time=2 | PID 3561916 | GPU 7
[2026-07-16T16:58:28] Waiting for available CPU/GPU capacity. waiting=34, running=18
[2026-07-16T16:58:29] Finished local_patchtst | local_patchtst_098_half_quarterly_medium_mag_noise100_lt2 | run_5 | freq=7 | noise=1 | magnitude=100 | lead_time=2
[2026-07-16T16:58:33] Waiting for available CPU/GPU capacity. waiting=34, running=17
[2026-07-16T16:58:40] Finished split_timemixer | split_timemixer_017_yearly_medium_mag_noise100_lt2 | run_7 | freq=52 | noise=1 | magnitude=100 | lead_time=2
[2026-07-16T16:58:44] Waiting for available CPU/GPU capacity. waiting=34, running=16
[2026-07-16T16:58:55] Started split_patchtst | split_patchtst_072_quarterly_medium_mag_noise100_lt3 | run_5 | freq=13 | noise=1 | magnitude=100 | lead_time=3 | PID 3562509 | GPU 4
[2026-07-16T16:58:59] Finished split_patchtst | split_patchtst_086_half_quarterly_low_mag_noise10_lt2 | run_1 | freq=7 | noise=1 | magnitude=50 | lead_time=2
[2026-07-16T16:59:03] Waiting for available CPU/GPU capacity. waiting=33, running=16
[2026-07-16T17:00:04] Finished local_patchtst | local_patchtst_030_half_yearly_low_mag_noise0_lt3 | run_1 | freq=26 | noise=1 | magnitude=50 | lead_time=3
[2026-07-16T17:00:08] Waiting for available CPU/GPU capacity. waiting=33, running=15
[2026-07-16T17:00:09] Finished local_patchtst | local_patchtst_076_quarterly_high_mag_noise10_lt1 | run_5 | freq=13 | noise=1 | magnitude=200 | lead_time=1
[2026-07-16T17:00:13] Started split_patchtst | split_patchtst_062_quarterly_low_mag_noise100_lt2 | run_1 | freq=13 | noise=1 | magnitude=50 | lead_time=2 | PID 3564922 | GPU 0
[2026-07-16T17:00:21] Waiting for available CPU/GPU capacity. waiting=32, running=15
[2026-07-16T17:00:59] Finished split_patchtst | split_patchtst_020_yearly_high_mag_noise0_lt2 | run_9 | freq=52 | noise=1 | magnitude=200 | lead_time=2
[2026-07-16T17:01:00] Started local_patchtst | local_patchtst_034_half_yearly_low_mag_noise100_lt1 | run_5 | freq=26 | noise=1 | magnitude=50 | lead_time=1 | PID 3566016 | GPU 4
[2026-07-16T17:01:05] Started split_patchtst | split_patchtst_016_yearly_medium_mag_noise100_lt1 | run_9 | freq=52 | noise=1 | magnitude=100 | lead_time=1 | PID 3566040 | GPU 7
[2026-07-16T17:01:13] Waiting for available CPU/GPU capacity. waiting=30, running=16
[2026-07-16T17:01:28] Started split_patchtst | split_patchtst_082_half_quarterly_low_mag_noise0_lt1 | run_1 | freq=7 | noise=1 | magnitude=50 | lead_time=1 | PID 3570318 | GPU 5
[2026-07-16T17:01:32] Started split_patchtst | split_patchtst_085_half_quarterly_low_mag_noise10_lt1 | run_7 | freq=7 | noise=1 | magnitude=50 | lead_time=1 | PID 3570403 | GPU 5
[2026-07-16T17:01:35] Started split_patchtst | split_patchtst_086_half_quarterly_low_mag_noise10_lt2 | run_9 | freq=7 | noise=1 | magnitude=50 | lead_time=2 | PID 3571257 | GPU 5
[2026-07-16T17:01:38] Finished split_timemixer | split_timemixer_030_half_yearly_low_mag_noise0_lt3 | run_5 | freq=26 | noise=1 | magnitude=50 | lead_time=3
[2026-07-16T17:01:42] Waiting for available CPU/GPU capacity. waiting=27, running=18
[2026-07-16T17:01:51] Started split_patchtst | split_patchtst_076_quarterly_high_mag_noise10_lt1 | run_1 | freq=13 | noise=1 | magnitude=200 | lead_time=1 | PID 3576858 | GPU 3
[2026-07-16T17:01:55] Finished split_patchtst | split_patchtst_072_quarterly_medium_mag_noise100_lt3 | run_5 | freq=13 | noise=1 | magnitude=100 | lead_time=3
[2026-07-16T17:01:58] Waiting for available CPU/GPU capacity. waiting=26, running=17
[2026-07-16T17:02:20] Started local_patchtst | local_patchtst_097_half_quarterly_medium_mag_noise100_lt1 | run_7 | freq=7 | noise=1 | magnitude=100 | lead_time=1 | PID 3577572 | GPU 1
[2026-07-16T17:02:28] Waiting for available CPU/GPU capacity. waiting=25, running=18
[2026-07-16T17:02:39] Started split_timemixer | split_timemixer_078_quarterly_high_mag_noise10_lt3 | run_9 | freq=13 | noise=1 | magnitude=200 | lead_time=3 | PID 3577937 | GPU 3
[2026-07-16T17:02:42] Started split_timemixer | split_timemixer_088_half_quarterly_low_mag_noise100_lt1 | run_5 | freq=7 | noise=1 | magnitude=50 | lead_time=1 | PID 3577946 | GPU 1
[2026-07-16T17:02:46] Started split_timemixer | split_timemixer_093_half_quarterly_medium_mag_noise0_lt3 | run_7 | freq=7 | noise=1 | magnitude=100 | lead_time=3 | PID 3577962 | GPU 1
[2026-07-16T17:02:51] Started split_patchtst | split_patchtst_048_half_yearly_high_mag_noise0_lt3 | run_9 | freq=26 | noise=1 | magnitude=200 | lead_time=3 | PID 3578012 | GPU 4
[2026-07-16T17:02:54] Started split_patchtst | split_patchtst_056_quarterly_low_mag_noise0_lt2 | run_9 | freq=13 | noise=1 | magnitude=50 | lead_time=2 | PID 3578020 | GPU 4
[2026-07-16T17:02:58] Finished split_patchtst | split_patchtst_062_quarterly_low_mag_noise100_lt2 | run_1 | freq=13 | noise=1 | magnitude=50 | lead_time=2
[2026-07-16T17:03:01] Waiting for available CPU/GPU capacity. waiting=20, running=19
[2026-07-16T17:03:22] Finished local_patchtst | local_patchtst_012_yearly_medium_mag_noise0_lt3 | run_1 | freq=52 | noise=1 | magnitude=100 | lead_time=3
[2026-07-16T17:03:23] Started split_timemixer | split_timemixer_095_half_quarterly_medium_mag_noise10_lt2 | run_3 | freq=7 | noise=1 | magnitude=100 | lead_time=2 | PID 3578811 | GPU 5
[2026-07-16T17:03:28] Finished split_patchtst | split_patchtst_085_half_quarterly_low_mag_noise10_lt1 | run_7 | freq=7 | noise=1 | magnitude=50 | lead_time=1
[2026-07-16T17:03:31] Waiting for available CPU/GPU capacity. waiting=19, running=16
[2026-07-16T17:03:36] Finished split_patchtst | split_patchtst_086_half_quarterly_low_mag_noise10_lt2 | run_9 | freq=7 | noise=1 | magnitude=50 | lead_time=2
[2026-07-16T17:03:38] Started split_patchtst | split_patchtst_041_half_yearly_medium_mag_noise10_lt2 | run_7 | freq=26 | noise=1 | magnitude=100 | lead_time=2 | PID 3579134 | GPU 0
[2026-07-16T17:03:42] Finished split_patchtst | split_patchtst_016_yearly_medium_mag_noise100_lt1 | run_9 | freq=52 | noise=1 | magnitude=100 | lead_time=1
[2026-07-16T17:03:44] Started local_patchtst | local_patchtst_096_half_quarterly_medium_mag_noise10_lt3 | run_1 | freq=7 | noise=1 | magnitude=100 | lead_time=3 | PID 3579181 | GPU 7
[2026-07-16T17:03:50] Waiting for available CPU/GPU capacity. waiting=17, running=16
[2026-07-16T17:04:21] Finished split_patchtst | split_patchtst_076_quarterly_high_mag_noise10_lt1 | run_1 | freq=13 | noise=1 | magnitude=200 | lead_time=1
[2026-07-16T17:04:22] Started local_patchtst | local_patchtst_028_half_yearly_low_mag_noise0_lt1 | run_9 | freq=26 | noise=1 | magnitude=50 | lead_time=1 | PID 3579884 | GPU 4
[2026-07-16T17:04:25] Started local_patchtst | local_patchtst_029_half_yearly_low_mag_noise0_lt2 | run_3 | freq=26 | noise=1 | magnitude=50 | lead_time=2 | PID 3579955 | GPU 4
[2026-07-16T17:04:30] Finished split_patchtst | split_patchtst_056_quarterly_low_mag_noise0_lt2 | run_9 | freq=13 | noise=1 | magnitude=50 | lead_time=2
[2026-07-16T17:04:32] Waiting for available CPU/GPU capacity. waiting=15, running=15
[2026-07-16T17:04:42] Started split_patchtst | split_patchtst_046_half_yearly_high_mag_noise0_lt1 | run_1 | freq=26 | noise=1 | magnitude=200 | lead_time=1 | PID 3580429 | GPU 3
[2026-07-16T17:04:47] Waiting for available CPU/GPU capacity. waiting=14, running=16
[2026-07-16T17:04:54] Started split_patchtst | split_patchtst_048_half_yearly_high_mag_noise0_lt3 | run_5 | freq=26 | noise=1 | magnitude=200 | lead_time=3 | PID 3580544 | GPU 2
[2026-07-16T17:04:57] Started split_patchtst | split_patchtst_066_quarterly_medium_mag_noise0_lt3 | run_9 | freq=13 | noise=1 | magnitude=100 | lead_time=3 | PID 3580551 | GPU 2
[2026-07-16T17:05:01] Finished split_timemixer | split_timemixer_058_quarterly_low_mag_noise10_lt1 | run_5 | freq=13 | noise=1 | magnitude=50 | lead_time=1
[2026-07-16T17:05:01] Started local_patchtst | local_patchtst_051_half_yearly_high_mag_noise10_lt3 | run_7 | freq=26 | noise=1 | magnitude=200 | lead_time=3 | PID 3580570 | GPU 2
[2026-07-16T17:05:08] Waiting for available CPU/GPU capacity. waiting=11, running=17
[2026-07-16T17:05:11] Started split_patchtst | split_patchtst_080_quarterly_high_mag_noise100_lt2 | run_9 | freq=13 | noise=1 | magnitude=200 | lead_time=2 | PID 3580828 | GPU 6
[2026-07-16T17:05:14] Finished split_timemixer | split_timemixer_101_half_quarterly_high_mag_noise0_lt2 | run_7 | freq=7 | noise=1 | magnitude=200 | lead_time=2
[2026-07-16T17:05:16] Waiting for available CPU/GPU capacity. waiting=10, running=17
[2026-07-16T17:05:49] Started local_patchtst | local_patchtst_095_half_quarterly_medium_mag_noise10_lt2 | run_3 | freq=7 | noise=1 | magnitude=100 | lead_time=2 | PID 3581581 | GPU 4
[2026-07-16T17:05:52] Started split_patchtst | split_patchtst_015_yearly_medium_mag_noise10_lt3 | run_7 | freq=52 | noise=1 | magnitude=100 | lead_time=3 | PID 3581665 | GPU 4
[2026-07-16T17:05:56] Finished local_patchtst | local_patchtst_029_half_yearly_low_mag_noise0_lt2 | run_3 | freq=26 | noise=1 | magnitude=50 | lead_time=2
[2026-07-16T17:05:57] Started local_patchtst | local_patchtst_076_quarterly_high_mag_noise10_lt1 | run_1 | freq=13 | noise=1 | magnitude=200 | lead_time=1 | PID 3581690 | GPU 4
[2026-07-16T17:06:02] Waiting for available CPU/GPU capacity. waiting=7, running=18
[2026-07-16T17:06:03] Finished local_patchtst | local_patchtst_097_half_quarterly_medium_mag_noise100_lt1 | run_7 | freq=7 | noise=1 | magnitude=100 | lead_time=1
[2026-07-16T17:06:05] Waiting for available CPU/GPU capacity. waiting=7, running=17
[2026-07-16T17:06:09] Started local_patchtst | local_patchtst_076_quarterly_high_mag_noise10_lt1 | run_9 | freq=13 | noise=1 | magnitude=200 | lead_time=1 | PID 3581951 | GPU 6
[2026-07-16T17:06:12] Started local_patchtst | local_patchtst_094_half_quarterly_medium_mag_noise10_lt1 | run_1 | freq=7 | noise=1 | magnitude=100 | lead_time=1 | PID 3581958 | GPU 6
[2026-07-16T17:06:16] Finished split_patchtst | split_patchtst_041_half_yearly_medium_mag_noise10_lt2 | run_7 | freq=26 | noise=1 | magnitude=100 | lead_time=2
[2026-07-16T17:06:18] Waiting for available CPU/GPU capacity. waiting=5, running=17
[2026-07-16T17:06:22] Started split_patchtst | split_patchtst_017_yearly_medium_mag_noise100_lt2 | run_7 | freq=52 | noise=1 | magnitude=100 | lead_time=2 | PID 3582007 | GPU 3
[2026-07-16T17:06:27] Waiting for available CPU/GPU capacity. waiting=4, running=18
[2026-07-16T17:06:30] Finished local_patchtst | local_patchtst_096_half_quarterly_medium_mag_noise10_lt3 | run_1 | freq=7 | noise=1 | magnitude=100 | lead_time=3
[2026-07-16T17:06:31] Waiting for available CPU/GPU capacity. waiting=4, running=17
[2026-07-16T17:06:44] Started split_patchtst | split_patchtst_044_half_yearly_medium_mag_noise100_lt2 | run_5 | freq=26 | noise=1 | magnitude=100 | lead_time=2 | PID 3582249 | GPU 2
[2026-07-16T17:06:47] Finished split_patchtst | split_patchtst_066_quarterly_medium_mag_noise0_lt3 | run_9 | freq=13 | noise=1 | magnitude=100 | lead_time=3
[2026-07-16T17:06:48] Started split_patchtst | split_patchtst_040_half_yearly_medium_mag_noise10_lt1 | run_1 | freq=26 | noise=1 | magnitude=100 | lead_time=1 | PID 3582318 | GPU 2
[2026-07-16T17:06:52] Finished split_patchtst | split_patchtst_048_half_yearly_high_mag_noise0_lt3 | run_5 | freq=26 | noise=1 | magnitude=200 | lead_time=3
[2026-07-16T17:06:52] Waiting for available CPU/GPU capacity. waiting=2, running=17
[2026-07-16T17:07:05] Finished split_patchtst | split_patchtst_080_quarterly_high_mag_noise100_lt2 | run_9 | freq=13 | noise=1 | magnitude=200 | lead_time=2
[2026-07-16T17:07:06] Waiting for available CPU/GPU capacity. waiting=2, running=16
[2026-07-16T17:07:25] Finished split_patchtst | split_patchtst_046_half_yearly_high_mag_noise0_lt1 | run_1 | freq=26 | noise=1 | magnitude=200 | lead_time=1
[2026-07-16T17:07:26] Waiting for available CPU/GPU capacity. waiting=2, running=15
[2026-07-16T17:07:28] Started split_patchtst | split_patchtst_044_half_yearly_medium_mag_noise100_lt2 | run_9 | freq=26 | noise=1 | magnitude=100 | lead_time=2 | PID 3583008 | GPU 5
[2026-07-16T17:07:32] Waiting for available CPU/GPU capacity. waiting=1, running=16
[2026-07-16T17:07:33] Finished split_patchtst | split_patchtst_015_yearly_medium_mag_noise10_lt3 | run_7 | freq=52 | noise=1 | magnitude=100 | lead_time=3
[2026-07-16T17:07:33] Waiting for available CPU/GPU capacity. waiting=1, running=15
[2026-07-16T17:07:43] Started split_patchtst | split_patchtst_045_half_yearly_medium_mag_noise100_lt3 | run_3 | freq=26 | noise=1 | magnitude=100 | lead_time=3 | PID 3583064 | GPU 4
[2026-07-16T17:07:46] Finished local_patchtst | local_patchtst_095_half_quarterly_medium_mag_noise10_lt2 | run_3 | freq=7 | noise=1 | magnitude=100 | lead_time=2
[2026-07-16T17:07:46] No pending jobs left. Waiting for 15 active process(es) to exit.
[2026-07-16T17:07:48] Finished local_patchtst | local_patchtst_076_quarterly_high_mag_noise10_lt1 | run_9 | freq=13 | noise=1 | magnitude=200 | lead_time=1
[2026-07-16T17:07:48] No pending jobs left. Waiting for 13 active process(es) to exit.
[2026-07-16T17:07:55] Finished local_patchtst | local_patchtst_094_half_quarterly_medium_mag_noise10_lt1 | run_1 | freq=7 | noise=1 | magnitude=100 | lead_time=1
[2026-07-16T17:07:55] No pending jobs left. Waiting for 12 active process(es) to exit.
[2026-07-16T17:08:00] Finished local_patchtst | local_patchtst_051_half_yearly_high_mag_noise10_lt3 | run_7 | freq=26 | noise=1 | magnitude=200 | lead_time=3
[2026-07-16T17:08:00] No pending jobs left. Waiting for 11 active process(es) to exit.
[2026-07-16T17:08:26] Finished split_patchtst | split_patchtst_044_half_yearly_medium_mag_noise100_lt2 | run_5 | freq=26 | noise=1 | magnitude=100 | lead_time=2
[2026-07-16T17:08:26] No pending jobs left. Waiting for 10 active process(es) to exit.
[2026-07-16T17:08:35] Finished split_patchtst | split_patchtst_040_half_yearly_medium_mag_noise10_lt1 | run_1 | freq=26 | noise=1 | magnitude=100 | lead_time=1
[2026-07-16T17:08:35] No pending jobs left. Waiting for 8 active process(es) to exit.
[2026-07-16T17:09:07] Finished split_patchtst | split_patchtst_017_yearly_medium_mag_noise100_lt2 | run_7 | freq=52 | noise=1 | magnitude=100 | lead_time=2
[2026-07-16T17:09:08] No pending jobs left. Waiting for 7 active process(es) to exit.
[2026-07-16T17:09:18] Finished split_patchtst | split_patchtst_044_half_yearly_medium_mag_noise100_lt2 | run_9 | freq=26 | noise=1 | magnitude=100 | lead_time=2
[2026-07-16T17:09:18] No pending jobs left. Waiting for 6 active process(es) to exit.
[2026-07-16T17:09:33] Finished split_timemixer | split_timemixer_078_quarterly_high_mag_noise10_lt3 | run_9 | freq=13 | noise=1 | magnitude=200 | lead_time=3
[2026-07-16T17:09:34] No pending jobs left. Waiting for 5 active process(es) to exit.
[2026-07-16T17:09:49] Finished split_patchtst | split_patchtst_045_half_yearly_medium_mag_noise100_lt3 | run_3 | freq=26 | noise=1 | magnitude=100 | lead_time=3
[2026-07-16T17:09:50] No pending jobs left. Waiting for 4 active process(es) to exit.
[2026-07-16T17:11:27] Finished split_timemixer | split_timemixer_088_half_quarterly_low_mag_noise100_lt1 | run_5 | freq=7 | noise=1 | magnitude=50 | lead_time=1
[2026-07-16T17:11:28] No pending jobs left. Waiting for 3 active process(es) to exit.
[2026-07-16T17:12:07] Finished split_timemixer | split_timemixer_093_half_quarterly_medium_mag_noise0_lt3 | run_7 | freq=7 | noise=1 | magnitude=100 | lead_time=3
[2026-07-16T17:12:08] No pending jobs left. Waiting for 2 active process(es) to exit.
[2026-07-16T17:14:31] Finished split_timemixer | split_timemixer_072_quarterly_medium_mag_noise100_lt3 | run_1 | freq=13 | noise=1 | magnitude=100 | lead_time=3
[2026-07-16T17:14:32] No pending jobs left. Waiting for 1 active process(es) to exit.
[2026-07-16T17:22:02] Finished split_timemixer | split_timemixer_021_yearly_high_mag_noise0_lt3 | run_7 | freq=52 | noise=1 | magnitude=200 | lead_time=3
[2026-07-16T17:22:03] No pending jobs left. Waiting for 0 active process(es) to exit.
[2026-07-16T17:22:04] All jobs finished.
