demand,Demand_Retailer_0,Demand_Retailer_1,Demand_Retailer_2,Demand_Retailer_3,Demand_Retailer_4,Demand_Retailer_5
1000.0,233.0,239.0,234.0,98.0,99.0,97.0
1019.0,242.0,242.0,237.0,99.0,100.0,99.0
1026.0,241.0,239.0,240.0,97.0,103.0,106.0
1012.0,239.0,228.0,231.0,103.0,105.0,106.0
1007.0,236.0,236.0,233.0,102.0,98.0,102.0
978.0,230.0,229.0,224.0,98.0,98.0,99.0
1006.0,232.0,241.0,228.0,103.0,102.0,100.0
1005.0,240.0,228.0,239.0,99.0,100.0,99.0
1046.0,245.0,234.0,253.0,106.0,103.0,105.0
1052.0,237.0,247.0,253.0,106.0,106.0,103.0
1015.0,232.0,235.0,247.0,100.0,100.0,101.0
1021.0,240.0,235.0,238.0,103.0,104.0,101.0
972.0,219.0,231.0,224.0,101.0,96.0,101.0
1000.0,225.0,229.0,242.0,102.0,103.0,99.0
1030.0,236.0,240.0,236.0,106.0,103.0,109.0
1071.0,246.0,258.0,249.0,106.0,106.0,106.0
1078.0,247.0,256.0,248.0,105.0,109.0,113.0
1034.0,238.0,241.0,244.0,103.0,103.0,105.0
1029.0,245.0,233.0,245.0,100.0,101.0,105.0
1019.0,241.0,241.0,239.0,101.0,98.0,99.0
1004.0,232.0,234.0,239.0,100.0,99.0,100.0
1063.0,253.0,254.0,234.0,111.0,104.0,107.0
1062.0,251.0,250.0,249.0,103.0,106.0,103.0
1084.0,253.0,250.0,253.0,109.0,111.0,108.0
1076.0,248.0,259.0,253.0,103.0,107.0,106.0
1046.0,245.0,247.0,245.0,102.0,102.0,105.0
1017.0,236.0,240.0,237.0,99.0,102.0,103.0
1004.0,229.0,230.0,238.0,101.0,103.0,103.0
1050.0,244.0,241.0,245.0,108.0,105.0,107.0
1087.0,258.0,258.0,253.0,110.0,104.0,104.0
1100.0,250.0,264.0,260.0,111.0,107.0,108.0
1081.0,249.0,255.0,254.0,109.0,109.0,105.0
1044.0,246.0,240.0,246.0,104.0,107.0,101.0
1042.0,247.0,245.0,235.0,104.0,108.0,103.0
1025.0,235.0,240.0,238.0,103.0,105.0,104.0
1065.0,251.0,256.0,239.0,106.0,104.0,109.0
1089.0,258.0,249.0,255.0,110.0,107.0,110.0
1092.0,255.0,257.0,247.0,113.0,110.0,110.0
1098.0,257.0,254.0,255.0,111.0,109.0,112.0
1078.0,258.0,258.0,246.0,107.0,105.0,104.0
1039.0,239.0,250.0,237.0,104.0,104.0,105.0
1050.0,250.0,249.0,241.0,99.0,108.0,103.0
1095.0,261.0,242.0,262.0,111.0,110.0,109.0
1121.0,269.0,252.0,264.0,113.0,112.0,111.0
1132.0,261.0,265.0,263.0,116.0,115.0,112.0
1100.0,253.0,258.0,256.0,111.0,111.0,111.0
1089.0,263.0,248.0,252.0,112.0,104.0,110.0
1051.0,257.0,239.0,239.0,101.0,104.0,111.0
1059.0,252.0,244.0,245.0,105.0,105.0,108.0
1120.0,264.0,265.0,263.0,109.0,112.0,107.0
1138.0,270.0,269.0,268.0,111.0,112.0,108.0
1143.0,260.0,272.0,265.0,115.0,119.0,112.0
1116.0,258.0,253.0,263.0,117.0,114.0,111.0
1107.0,262.0,264.0,252.0,112.0,108.0,109.0
1056.0,244.0,249.0,245.0,105.0,105.0,108.0
1075.0,247.0,253.0,256.0,105.0,106.0,108.0
1126.0,261.0,265.0,270.0,111.0,107.0,112.0
1176.0,277.0,270.0,277.0,117.0,116.0,119.0
1138.0,261.0,261.0,270.0,111.0,115.0,120.0
1125.0,257.0,272.0,258.0,113.0,113.0,112.0
1108.0,259.0,267.0,250.0,109.0,110.0,113.0
1092.0,251.0,253.0,262.0,110.0,113.0,103.0
1098.0,260.0,255.0,259.0,112.0,109.0,103.0
1119.0,260.0,259.0,265.0,110.0,111.0,114.0
1169.0,277.0,275.0,274.0,113.0,115.0,115.0
1170.0,271.0,273.0,274.0,117.0,116.0,119.0
1146.0,273.0,259.0,266.0,116.0,116.0,116.0
1131.0,272.0,255.0,265.0,113.0,110.0,116.0
1113.0,261.0,256.0,263.0,110.0,112.0,111.0
1106.0,244.0,260.0,264.0,110.0,114.0,114.0
1144.0,266.0,264.0,269.0,116.0,118.0,111.0
1152.0,277.0,262.0,272.0,110.0,115.0,116.0
1177.0,277.0,277.0,272.0,117.0,117.0,117.0
1150.0,262.0,276.0,269.0,118.0,111.0,114.0
1157.0,277.0,280.0,261.0,115.0,112.0,112.0
1116.0,256.0,257.0,265.0,112.0,112.0,114.0
1119.0,253.0,258.0,266.0,115.0,113.0,114.0
1144.0,272.0,265.0,259.0,113.0,118.0,117.0
1184.0,278.0,273.0,272.0,118.0,123.0,120.0
1188.0,285.0,278.0,274.0,114.0,120.0,117.0
1190.0,273.0,280.0,278.0,118.0,121.0,120.0
1139.0,266.0,265.0,267.0,115.0,113.0,113.0
1115.0,261.0,268.0,256.0,113.0,109.0,108.0
1108.0,252.0,259.0,258.0,114.0,114.0,111.0
1166.0,266.0,283.0,270.0,116.0,117.0,114.0
1187.0,286.0,276.0,268.0,118.0,121.0,118.0
1200.0,284.0,274.0,286.0,115.0,121.0,120.0
1190.0,280.0,279.0,278.0,115.0,119.0,119.0
1167.0,271.0,274.0,273.0,117.0,116.0,116.0
1169.0,277.0,278.0,269.0,115.0,113.0,117.0
1140.0,263.0,260.0,271.0,119.0,113.0,114.0
1196.0,284.0,277.0,272.0,124.0,117.0,122.0
1219.0,287.0,278.0,286.0,123.0,124.0,121.0
1212.0,280.0,285.0,281.0,122.0,124.0,120.0
1200.0,277.0,273.0,291.0,119.0,122.0,118.0
1182.0,282.0,274.0,277.0,118.0,118.0,113.0
1169.0,275.0,266.0,277.0,117.0,119.0,115.0
1173.0,266.0,278.0,273.0,116.0,119.0,121.0
1199.0,273.0,285.0,276.0,121.0,123.0,121.0
1220.0,283.0,283.0,294.0,124.0,117.0,119.0
1242.0,292.0,284.0,293.0,124.0,124.0,125.0
1201.0,282.0,271.0,287.0,120.0,119.0,122.0
1202.0,283.0,274.0,289.0,117.0,120.0,119.0
1148.0,267.0,276.0,259.0,115.0,115.0,116.0
1169.0,275.0,273.0,272.0,118.0,117.0,114.0
1190.0,272.0,273.0,286.0,122.0,122.0,115.0
1250.0,289.0,283.0,301.0,126.0,128.0,123.0
1254.0,293.0,291.0,290.0,129.0,124.0,127.0
1216.0,271.0,290.0,285.0,122.0,121.0,127.0
1206.0,286.0,286.0,277.0,118.0,117.0,122.0
1181.0,276.0,275.0,270.0,118.0,120.0,122.0
1158.0,272.0,266.0,270.0,116.0,115.0,119.0
1229.0,284.0,285.0,292.0,124.0,123.0,121.0
1271.0,298.0,291.0,304.0,129.0,123.0,126.0
1270.0,296.0,295.0,295.0,130.0,128.0,126.0
1244.0,283.0,289.0,292.0,127.0,129.0,124.0
1219.0,292.0,276.0,282.0,124.0,124.0,121.0
1200.0,284.0,282.0,281.0,117.0,117.0,119.0
1228.0,283.0,295.0,284.0,120.0,124.0,122.0
1253.0,294.0,297.0,290.0,127.0,121.0,124.0
1272.0,306.0,284.0,300.0,127.0,126.0,129.0
1269.0,297.0,288.0,302.0,127.0,127.0,128.0
1257.0,293.0,297.0,291.0,127.0,123.0,126.0
1240.0,286.0,298.0,282.0,125.0,126.0,123.0
1220.0,286.0,284.0,280.0,120.0,125.0,125.0
1213.0,274.0,286.0,290.0,118.0,124.0,121.0
1264.0,288.0,294.0,301.0,127.0,125.0,129.0
1265.0,303.0,296.0,294.0,124.0,125.0,123.0
1300.0,301.0,306.0,304.0,133.0,126.0,130.0
1256.0,288.0,293.0,289.0,130.0,126.0,130.0
1237.0,290.0,279.0,289.0,126.0,126.0,127.0
1224.0,288.0,281.0,287.0,121.0,126.0,121.0
1244.0,286.0,298.0,286.0,122.0,127.0,125.0
1275.0,300.0,300.0,292.0,127.0,129.0,127.0
1289.0,305.0,305.0,291.0,132.0,131.0,125.0
1293.0,307.0,297.0,301.0,128.0,131.0,129.0
1283.0,302.0,293.0,303.0,129.0,128.0,128.0
1264.0,301.0,293.0,301.0,124.0,121.0,124.0
1242.0,280.0,289.0,299.0,124.0,127.0,123.0
1270.0,294.0,300.0,301.0,124.0,123.0,128.0
1291.0,303.0,295.0,299.0,129.0,134.0,131.0
1332.0,315.0,311.0,308.0,131.0,136.0,131.0
1334.0,308.0,314.0,312.0,132.0,137.0,131.0
1294.0,301.0,304.0,295.0,133.0,132.0,129.0
1288.0,302.0,300.0,298.0,132.0,129.0,127.0
1261.0,294.0,292.0,298.0,127.0,124.0,126.0
1258.0,281.0,295.0,307.0,127.0,123.0,125.0
1279.0,300.0,304.0,298.0,124.0,125.0,128.0
1314.0,309.0,313.0,294.0,133.0,134.0,131.0
1334.0,314.0,312.0,307.0,131.0,136.0,134.0
1325.0,301.0,309.0,316.0,132.0,132.0,135.0
1301.0,304.0,298.0,307.0,131.0,130.0,131.0
1276.0,294.0,298.0,300.0,128.0,130.0,126.0
1270.0,290.0,295.0,297.0,129.0,127.0,132.0
1300.0,304.0,301.0,305.0,132.0,128.0,130.0
1322.0,310.0,309.0,305.0,132.0,132.0,134.0
1355.0,315.0,324.0,317.0,130.0,136.0,133.0
1319.0,306.0,309.0,308.0,132.0,133.0,131.0
1294.0,301.0,296.0,305.0,131.0,133.0,128.0
1259.0,291.0,294.0,287.0,132.0,129.0,126.0
1286.0,298.0,295.0,299.0,129.0,133.0,132.0
1311.0,306.0,304.0,306.0,131.0,133.0,131.0
1380.0,318.0,331.0,323.0,136.0,136.0,136.0
1347.0,310.0,302.0,331.0,135.0,133.0,136.0
1339.0,316.0,302.0,316.0,135.0,136.0,134.0
1295.0,309.0,299.0,301.0,132.0,126.0,128.0
1307.0,307.0,308.0,302.0,132.0,130.0,128.0
1297.0,292.0,312.0,306.0,131.0,128.0,128.0
1363.0,322.0,316.0,318.0,138.0,135.0,134.0
1390.0,329.0,319.0,326.0,138.0,141.0,137.0
1365.0,323.0,315.0,315.0,137.0,138.0,137.0
1351.0,312.0,310.0,321.0,133.0,136.0,139.0
1338.0,319.0,316.0,304.0,133.0,130.0,136.0
1311.0,312.0,304.0,297.0,131.0,132.0,135.0
1309.0,307.0,294.0,309.0,135.0,131.0,133.0
1359.0,315.0,309.0,324.0,137.0,137.0,137.0
1361.0,316.0,319.0,320.0,136.0,135.0,135.0
1397.0,326.0,327.0,322.0,141.0,142.0,139.0
1347.0,306.0,319.0,311.0,134.0,139.0,138.0
1329.0,314.0,307.0,309.0,134.0,134.0,131.0
1315.0,309.0,313.0,299.0,131.0,132.0,131.0
1327.0,301.0,314.0,307.0,133.0,135.0,137.0
1382.0,322.0,324.0,319.0,142.0,137.0,138.0
1416.0,331.0,333.0,332.0,140.0,137.0,143.0
1398.0,322.0,327.0,332.0,141.0,135.0,141.0
1367.0,322.0,317.0,316.0,134.0,139.0,139.0
1359.0,318.0,322.0,309.0,133.0,139.0,138.0
1335.0,319.0,311.0,310.0,131.0,133.0,131.0
1332.0,308.0,310.0,316.0,128.0,139.0,131.0
1398.0,320.0,325.0,330.0,141.0,145.0,137.0
1408.0,325.0,328.0,331.0,146.0,142.0,136.0
1400.0,323.0,333.0,320.0,144.0,138.0,142.0
1376.0,325.0,321.0,313.0,139.0,136.0,142.0
1364.0,322.0,318.0,313.0,140.0,132.0,139.0
1342.0,314.0,309.0,317.0,132.0,134.0,136.0
1383.0,321.0,321.0,325.0,138.0,137.0,141.0
1406.0,321.0,334.0,335.0,138.0,139.0,139.0
1426.0,334.0,339.0,328.0,147.0,140.0,138.0
1409.0,326.0,334.0,328.0,142.0,141.0,138.0
1412.0,329.0,325.0,333.0,145.0,140.0,140.0
1384.0,323.0,328.0,318.0,140.0,138.0,137.0
1367.0,320.0,317.0,322.0,135.0,135.0,138.0
1365.0,307.0,327.0,325.0,132.0,136.0,138.0
1398.0,332.0,321.0,327.0,139.0,137.0,142.0
1414.0,343.0,322.0,317.0,146.0,145.0,141.0
1431.0,332.0,335.0,327.0,144.0,147.0,146.0
1433.0,331.0,337.0,334.0,145.0,145.0,141.0
1400.0,323.0,331.0,329.0,139.0,140.0,138.0
1371.0,322.0,316.0,322.0,137.0,137.0,137.0
1386.0,327.0,315.0,330.0,138.0,139.0,137.0
1418.0,333.0,334.0,327.0,143.0,141.0,140.0
1457.0,353.0,344.0,340.0,141.0,140.0,139.0
1446.0,334.0,338.0,337.0,145.0,144.0,148.0
1442.0,336.0,334.0,334.0,146.0,145.0,147.0
1397.0,330.0,318.0,329.0,137.0,142.0,141.0
1410.0,330.0,327.0,328.0,142.0,141.0,142.0
1392.0,322.0,331.0,318.0,140.0,141.0,140.0
1422.0,332.0,325.0,344.0,137.0,143.0,141.0
1448.0,342.0,340.0,331.0,145.0,144.0,146.0
1479.0,357.0,340.0,348.0,144.0,146.0,144.0
1463.0,337.0,338.0,354.0,147.0,141.0,146.0
1444.0,328.0,347.0,338.0,147.0,140.0,144.0
1400.0,327.0,331.0,323.0,142.0,142.0,135.0
1404.0,331.0,326.0,318.0,143.0,142.0,144.0
1434.0,336.0,332.0,335.0,144.0,144.0,143.0
1502.0,356.0,349.0,353.0,144.0,150.0,150.0
1511.0,354.0,359.0,350.0,146.0,151.0,151.0
1483.0,342.0,347.0,353.0,145.0,147.0,149.0
1450.0,339.0,336.0,344.0,147.0,141.0,143.0
1404.0,329.0,324.0,331.0,143.0,136.0,141.0
1420.0,325.0,335.0,334.0,143.0,142.0,141.0
1470.0,336.0,351.0,342.0,145.0,149.0,147.0
1513.0,359.0,349.0,355.0,148.0,152.0,150.0
1504.0,356.0,349.0,350.0,147.0,152.0,150.0
1483.0,338.0,344.0,350.0,148.0,154.0,149.0
1452.0,336.0,347.0,334.0,144.0,143.0,148.0
1429.0,330.0,338.0,325.0,148.0,142.0,146.0
1436.0,330.0,334.0,338.0,146.0,143.0,145.0
1441.0,331.0,334.0,337.0,147.0,146.0,146.0
1497.0,350.0,350.0,354.0,150.0,147.0,146.0
1520.0,359.0,358.0,354.0,148.0,149.0,152.0
1511.0,347.0,360.0,349.0,149.0,156.0,150.0
1459.0,350.0,338.0,333.0,143.0,148.0,147.0
1423.0,335.0,323.0,337.0,144.0,142.0,142.0
1452.0,341.0,337.0,339.0,146.0,145.0,144.0
1481.0,345.0,344.0,349.0,147.0,149.0,147.0
1515.0,356.0,354.0,354.0,151.0,149.0,151.0
1560.0,371.0,363.0,362.0,157.0,152.0,155.0
1498.0,348.0,350.0,353.0,146.0,151.0,150.0
1464.0,343.0,342.0,342.0,144.0,143.0,150.0
1465.0,344.0,345.0,338.0,143.0,147.0,148.0
1457.0,336.0,338.0,343.0,149.0,146.0,145.0
1499.0,355.0,341.0,356.0,150.0,151.0,146.0
1510.0,355.0,353.0,348.0,152.0,150.0,152.0
1555.0,363.0,367.0,357.0,157.0,154.0,157.0
1524.0,357.0,363.0,352.0,150.0,149.0,153.0
1495.0,350.0,347.0,347.0,150.0,150.0,151.0
1498.0,350.0,343.0,357.0,147.0,146.0,155.0
1475.0,337.0,341.0,349.0,149.0,151.0,148.0
1525.0,363.0,353.0,352.0,154.0,153.0,150.0
1556.0,365.0,362.0,360.0,159.0,154.0,156.0
1568.0,364.0,372.0,362.0,159.0,157.0,154.0
1519.0,351.0,355.0,350.0,149.0,158.0,156.0
1521.0,356.0,345.0,366.0,151.0,152.0,151.0
1480.0,348.0,339.0,355.0,146.0,145.0,147.0
1511.0,351.0,351.0,355.0,152.0,150.0,152.0
1526.0,356.0,356.0,353.0,156.0,151.0,154.0
1549.0,368.0,361.0,355.0,154.0,153.0,158.0
1574.0,360.0,369.0,365.0,158.0,159.0,163.0
1559.0,358.0,360.0,363.0,158.0,163.0,157.0
1548.0,371.0,362.0,357.0,155.0,153.0,150.0
1518.0,357.0,355.0,360.0,146.0,150.0,150.0
1493.0,347.0,347.0,353.0,150.0,148.0,148.0
1509.0,352.0,351.0,354.0,150.0,151.0,151.0
1590.0,368.0,379.0,369.0,158.0,157.0,159.0
1587.0,369.0,374.0,368.0,161.0,157.0,158.0
1573.0,363.0,369.0,370.0,159.0,156.0,156.0
1542.0,359.0,353.0,362.0,153.0,156.0,159.0
1529.0,352.0,351.0,365.0,152.0,153.0,156.0
1525.0,360.0,354.0,347.0,150.0,158.0,156.0
1561.0,366.0,367.0,359.0,157.0,156.0,156.0
1570.0,370.0,362.0,365.0,160.0,156.0,157.0
1578.0,369.0,363.0,367.0,163.0,157.0,159.0
1593.0,366.0,372.0,378.0,162.0,157.0,158.0
1548.0,353.0,363.0,372.0,156.0,152.0,152.0
1556.0,362.0,374.0,363.0,151.0,150.0,156.0
1529.0,351.0,358.0,360.0,152.0,152.0,156.0
1564.0,362.0,366.0,364.0,152.0,163.0,157.0
1591.0,373.0,372.0,366.0,156.0,161.0,163.0
1626.0,378.0,373.0,383.0,166.0,164.0,162.0
1567.0,361.0,363.0,367.0,160.0,157.0,159.0
1548.0,362.0,356.0,364.0,157.0,154.0,155.0
1549.0,367.0,356.0,362.0,155.0,157.0,152.0
1549.0,363.0,368.0,357.0,153.0,155.0,153.0
1578.0,365.0,370.0,366.0,158.0,160.0,159.0
1614.0,382.0,379.0,373.0,159.0,162.0,159.0
1633.0,377.0,379.0,381.0,161.0,167.0,168.0
1614.0,372.0,382.0,370.0,163.0,165.0,162.0
1575.0,365.0,364.0,366.0,161.0,159.0,160.0
1586.0,374.0,370.0,368.0,161.0,155.0,158.0
1553.0,366.0,368.0,350.0,156.0,157.0,156.0
1592.0,374.0,369.0,376.0,158.0,156.0,159.0
1627.0,391.0,368.0,381.0,164.0,161.0,162.0
1628.0,364.0,383.0,391.0,164.0,165.0,161.0
1627.0,377.0,381.0,378.0,162.0,167.0,162.0
1597.0,376.0,374.0,370.0,162.0,159.0,156.0
1562.0,368.0,359.0,366.0,157.0,155.0,157.0
1593.0,363.0,370.0,374.0,162.0,162.0,162.0
1626.0,378.0,383.0,382.0,160.0,162.0,161.0
1671.0,392.0,392.0,393.0,165.0,162.0,167.0
1648.0,381.0,390.0,386.0,167.0,159.0,165.0
1629.0,378.0,377.0,383.0,162.0,162.0,167.0
1626.0,386.0,369.0,381.0,165.0,164.0,161.0
1571.0,366.0,368.0,364.0,156.0,162.0,155.0
1613.0,372.0,380.0,377.0,162.0,165.0,157.0
1638.0,381.0,386.0,381.0,164.0,164.0,162.0
1668.0,391.0,390.0,386.0,167.0,166.0,168.0
1680.0,390.0,390.0,390.0,168.0,171.0,171.0
1645.0,376.0,387.0,385.0,166.0,163.0,168.0
1609.0,381.0,382.0,368.0,159.0,156.0,163.0
1627.0,380.0,374.0,379.0,163.0,164.0,167.0
1610.0,371.0,372.0,377.0,166.0,161.0,163.0
1620.0,376.0,380.0,376.0,163.0,162.0,163.0
1693.0,398.0,401.0,390.0,168.0,172.0,164.0
1690.0,395.0,400.0,390.0,167.0,169.0,169.0
1653.0,383.0,387.0,393.0,161.0,168.0,161.0
1625.0,387.0,374.0,379.0,162.0,163.0,160.0
1607.0,376.0,374.0,377.0,157.0,160.0,163.0
1618.0,377.0,371.0,380.0,166.0,161.0,163.0
1691.0,389.0,398.0,394.0,170.0,168.0,172.0
1691.0,400.0,396.0,385.0,171.0,169.0,170.0
1665.0,385.0,386.0,387.0,168.0,169.0,170.0
1681.0,391.0,391.0,392.0,167.0,173.0,167.0
1659.0,386.0,387.0,389.0,163.0,169.0,165.0
1624.0,381.0,377.0,383.0,161.0,161.0,161.0
1637.0,379.0,390.0,384.0,163.0,162.0,159.0
1657.0,390.0,385.0,383.0,169.0,166.0,164.0
1698.0,397.0,391.0,397.0,175.0,168.0,170.0
1735.0,403.0,413.0,401.0,176.0,168.0,174.0
1686.0,384.0,399.0,396.0,169.0,167.0,171.0
1668.0,385.0,382.0,399.0,164.0,169.0,169.0
1666.0,389.0,384.0,394.0,163.0,170.0,166.0
1661.0,390.0,390.0,384.0,164.0,168.0,165.0
1677.0,394.0,398.0,384.0,167.0,169.0,165.0
1722.0,405.0,391.0,406.0,175.0,173.0,172.0
1728.0,395.0,401.0,412.0,179.0,172.0,169.0
1720.0,398.0,397.0,408.0,176.0,171.0,170.0
1659.0,392.0,387.0,388.0,165.0,162.0,165.0
1673.0,396.0,393.0,391.0,164.0,162.0,167.0
1653.0,386.0,391.0,379.0,163.0,165.0,169.0
1676.0,386.0,389.0,396.0,161.0,170.0,174.0
1749.0,420.0,395.0,405.0,173.0,178.0,178.0
1752.0,403.0,410.0,410.0,178.0,176.0,175.0
1734.0,396.0,407.0,408.0,177.0,173.0,173.0
1705.0,406.0,398.0,396.0,167.0,171.0,167.0
1663.0,393.0,393.0,375.0,168.0,166.0,168.0
1675.0,388.0,394.0,392.0,167.0,167.0,167.0
1703.0,400.0,400.0,398.0,170.0,168.0,167.0
1765.0,418.0,410.0,409.0,173.0,178.0,177.0
1758.0,413.0,409.0,413.0,173.0,175.0,175.0
1701.0,393.0,393.0,395.0,171.0,174.0,175.0
1706.0,409.0,390.0,392.0,171.0,171.0,173.0
1690.0,399.0,402.0,385.0,167.0,166.0,171.0
1705.0,391.0,401.0,401.0,170.0,169.0,173.0
1721.0,399.0,404.0,404.0,172.0,169.0,173.0
1769.0,412.0,408.0,421.0,174.0,176.0,178.0
1771.0,413.0,413.0,415.0,179.0,176.0,175.0
1757.0,405.0,418.0,404.0,178.0,177.0,175.0
1746.0,404.0,407.0,410.0,178.0,175.0,172.0
1712.0,404.0,403.0,393.0,170.0,172.0,170.0
1709.0,396.0,409.0,393.0,168.0,173.0,170.0
1726.0,405.0,392.0,404.0,175.0,173.0,177.0
1793.0,424.0,417.0,418.0,177.0,178.0,179.0
1799.0,422.0,422.0,421.0,176.0,179.0,179.0
1746.0,404.0,413.0,401.0,174.0,177.0,177.0
1728.0,404.0,400.0,407.0,174.0,173.0,170.0
1716.0,405.0,393.0,407.0,173.0,173.0,165.0
1758.0,401.0,419.0,424.0,173.0,173.0,168.0
1768.0,410.0,412.0,421.0,176.0,179.0,170.0
1789.0,425.0,416.0,420.0,174.0,179.0,175.0
1793.0,415.0,416.0,420.0,178.0,180.0,184.0
1779.0,405.0,416.0,421.0,178.0,179.0,180.0
1740.0,406.0,412.0,403.0,174.0,172.0,173.0
1737.0,405.0,408.0,406.0,173.0,172.0,173.0
1743.0,397.0,410.0,413.0,177.0,174.0,172.0
1754.0,411.0,408.0,405.0,175.0,177.0,178.0
1784.0,418.0,421.0,412.0,174.0,177.0,182.0
1800.0,419.0,421.0,420.0,181.0,181.0,178.0
1777.0,408.0,425.0,412.0,177.0,178.0,177.0
1783.0,418.0,414.0,418.0,177.0,178.0,178.0
1768.0,414.0,406.0,421.0,175.0,176.0,176.0
1751.0,401.0,408.0,414.0,176.0,176.0,176.0
1787.0,416.0,420.0,416.0,179.0,176.0,180.0
1798.0,423.0,413.0,419.0,182.0,177.0,184.0
1817.0,426.0,421.0,418.0,183.0,184.0,185.0
1796.0,417.0,415.0,423.0,182.0,183.0,176.0
1763.0,423.0,408.0,408.0,175.0,176.0,173.0
1763.0,405.0,414.0,417.0,175.0,177.0,175.0
1755.0,408.0,412.0,406.0,178.0,177.0,174.0
1796.0,422.0,420.0,418.0,180.0,177.0,179.0
1837.0,432.0,422.0,426.0,187.0,184.0,186.0
1833.0,428.0,429.0,433.0,179.0,181.0,183.0
1810.0,415.0,430.0,423.0,177.0,179.0,186.0
1811.0,432.0,420.0,422.0,176.0,179.0,182.0
1767.0,410.0,405.0,419.0,173.0,177.0,183.0
1791.0,416.0,418.0,417.0,178.0,184.0,178.0
1798.0,416.0,420.0,412.0,186.0,182.0,182.0
1843.0,439.0,428.0,431.0,182.0,180.0,183.0
1875.0,431.0,442.0,443.0,187.0,189.0,183.0
1812.0,423.0,419.0,428.0,184.0,180.0,178.0
1801.0,423.0,411.0,426.0,178.0,178.0,185.0
1772.0,421.0,416.0,406.0,176.0,176.0,177.0
1778.0,412.0,416.0,411.0,180.0,179.0,180.0
1821.0,411.0,423.0,432.0,184.0,187.0,184.0
1849.0,433.0,420.0,434.0,186.0,187.0,189.0
1864.0,436.0,425.0,436.0,191.0,187.0,189.0
1846.0,423.0,431.0,437.0,184.0,185.0,186.0
1825.0,431.0,428.0,426.0,179.0,181.0,180.0
1811.0,427.0,427.0,421.0,177.0,181.0,178.0
1794.0,417.0,426.0,417.0,180.0,178.0,176.0
1826.0,423.0,428.0,430.0,182.0,181.0,182.0
1879.0,446.0,439.0,434.0,189.0,186.0,185.0
1882.0,440.0,436.0,443.0,190.0,183.0,190.0
1868.0,430.0,433.0,436.0,188.0,193.0,188.0
1850.0,443.0,426.0,429.0,179.0,186.0,187.0
1820.0,425.0,427.0,416.0,182.0,182.0,188.0
1823.0,416.0,431.0,429.0,184.0,182.0,181.0
1872.0,434.0,438.0,439.0,187.0,186.0,188.0
1892.0,450.0,439.0,443.0,190.0,185.0,185.0
1882.0,435.0,433.0,447.0,190.0,190.0,187.0
1871.0,443.0,429.0,434.0,190.0,187.0,188.0
1842.0,429.0,429.0,429.0,181.0,187.0,187.0
1832.0,433.0,430.0,421.0,182.0,184.0,182.0
1850.0,428.0,430.0,430.0,186.0,191.0,185.0
1869.0,436.0,431.0,440.0,186.0,188.0,188.0
1903.0,453.0,443.0,443.0,189.0,188.0,187.0
1924.0,438.0,459.0,448.0,191.0,191.0,197.0
1892.0,443.0,445.0,439.0,190.0,185.0,190.0
1856.0,439.0,433.0,428.0,183.0,184.0,189.0
1859.0,433.0,428.0,445.0,184.0,185.0,184.0
1843.0,431.0,422.0,436.0,185.0,186.0,183.0
1877.0,443.0,445.0,434.0,183.0,187.0,185.0
1905.0,451.0,448.0,438.0,188.0,191.0,189.0
1923.0,455.0,447.0,439.0,196.0,195.0,191.0
1888.0,445.0,435.0,440.0,192.0,189.0,187.0
1888.0,448.0,435.0,435.0,194.0,187.0,189.0
1858.0,434.0,432.0,436.0,186.0,185.0,185.0
1861.0,430.0,437.0,441.0,183.0,186.0,184.0
1910.0,445.0,453.0,447.0,186.0,191.0,188.0
1916.0,453.0,446.0,443.0,190.0,194.0,190.0
1933.0,450.0,460.0,442.0,193.0,194.0,194.0
1914.0,445.0,448.0,450.0,192.0,191.0,188.0
1895.0,446.0,442.0,440.0,190.0,189.0,188.0
1864.0,436.0,436.0,430.0,188.0,189.0,185.0
1880.0,431.0,438.0,446.0,190.0,186.0,189.0
1886.0,439.0,435.0,441.0,190.0,188.0,193.0
1942.0,454.0,455.0,449.0,196.0,194.0,194.0
1952.0,458.0,461.0,448.0,194.0,194.0,197.0
1925.0,444.0,452.0,447.0,194.0,193.0,195.0
1914.0,453.0,439.0,451.0,189.0,192.0,190.0
1881.0,435.0,436.0,442.0,191.0,189.0,188.0
1883.0,428.0,440.0,447.0,191.0,189.0,188.0
1926.0,446.0,452.0,452.0,193.0,192.0,191.0
1943.0,466.0,449.0,444.0,193.0,195.0,196.0
1961.0,462.0,463.0,454.0,196.0,194.0,192.0
1943.0,450.0,461.0,456.0,193.0,189.0,194.0
1924.0,447.0,452.0,450.0,191.0,192.0,192.0
1921.0,446.0,451.0,450.0,195.0,189.0,190.0
1902.0,438.0,443.0,449.0,191.0,192.0,189.0
1934.0,453.0,452.0,445.0,196.0,194.0,194.0
1963.0,452.0,465.0,457.0,195.0,199.0,195.0
1965.0,453.0,467.0,456.0,195.0,199.0,195.0
1943.0,450.0,455.0,458.0,194.0,192.0,194.0
1922.0,458.0,440.0,454.0,192.0,188.0,190.0
1910.0,448.0,441.0,452.0,192.0,188.0,189.0
1943.0,453.0,454.0,449.0,196.0,194.0,197.0
1949.0,450.0,462.0,450.0,195.0,194.0,198.0
1985.0,466.0,459.0,463.0,198.0,198.0,201.0
1970.0,445.0,459.0,469.0,198.0,199.0,200.0
1977.0,459.0,464.0,464.0,194.0,199.0,197.0
1961.0,462.0,456.0,458.0,193.0,195.0,197.0
1940.0,458.0,456.0,449.0,191.0,191.0,195.0
1912.0,444.0,445.0,444.0,194.0,191.0,194.0
1946.0,459.0,452.0,450.0,196.0,194.0,195.0
1999.0,467.0,463.0,472.0,202.0,197.0,198.0
2007.0,458.0,476.0,474.0,200.0,199.0,200.0
1968.0,454.0,465.0,458.0,196.0,198.0,197.0
1953.0,459.0,450.0,453.0,196.0,197.0,198.0
1938.0,460.0,442.0,452.0,192.0,198.0,194.0
1945.0,449.0,461.0,450.0,193.0,196.0,196.0
1994.0,459.0,469.0,468.0,201.0,199.0,198.0
2011.0,470.0,466.0,475.0,204.0,197.0,199.0
2015.0,468.0,470.0,475.0,205.0,197.0,200.0
1968.0,458.0,458.0,461.0,202.0,193.0,196.0
1981.0,469.0,461.0,465.0,194.0,195.0,197.0
1941.0,448.0,456.0,452.0,194.0,196.0,195.0
1968.0,453.0,462.0,463.0,193.0,199.0,198.0
1974.0,465.0,454.0,465.0,195.0,200.0,195.0
2044.0,472.0,471.0,484.0,208.0,203.0,206.0
2045.0,473.0,478.0,482.0,203.0,202.0,207.0
2024.0,473.0,474.0,468.0,204.0,202.0,203.0
2001.0,469.0,469.0,470.0,197.0,198.0,198.0
1943.0,453.0,452.0,458.0,194.0,191.0,195.0
1957.0,453.0,456.0,464.0,194.0,192.0,198.0
2013.0,474.0,470.0,466.0,203.0,201.0,199.0
2056.0,480.0,483.0,482.0,202.0,207.0,202.0
2044.0,474.0,479.0,470.0,206.0,209.0,206.0
2019.0,470.0,466.0,477.0,202.0,203.0,201.0
1991.0,472.0,456.0,463.0,197.0,200.0,203.0
1984.0,459.0,461.0,471.0,201.0,192.0,200.0
1991.0,458.0,463.0,473.0,196.0,202.0,199.0
2020.0,472.0,476.0,468.0,201.0,200.0,203.0
2041.0,482.0,468.0,476.0,204.0,204.0,207.0
2057.0,479.0,480.0,481.0,206.0,208.0,203.0
2051.0,478.0,476.0,479.0,208.0,209.0,201.0
2033.0,471.0,475.0,479.0,202.0,204.0,202.0
2018.0,477.0,467.0,470.0,200.0,200.0,204.0
2003.0,471.0,465.0,464.0,200.0,202.0,201.0
2017.0,466.0,472.0,474.0,200.0,199.0,206.0
2060.0,485.0,477.0,473.0,205.0,208.0,212.0
2070.0,484.0,494.0,473.0,207.0,204.0,208.0
2053.0,475.0,477.0,479.0,209.0,209.0,204.0
2040.0,475.0,469.0,481.0,205.0,207.0,203.0
2012.0,469.0,468.0,471.0,202.0,204.0,198.0
2017.0,472.0,475.0,469.0,199.0,204.0,198.0
2037.0,477.0,479.0,474.0,202.0,206.0,199.0
2084.0,500.0,483.0,483.0,205.0,206.0,207.0
2090.0,488.0,481.0,494.0,208.0,208.0,211.0
2070.0,480.0,488.0,485.0,205.0,206.0,206.0
2062.0,487.0,474.0,486.0,207.0,202.0,206.0
2037.0,475.0,479.0,475.0,202.0,201.0,205.0
2016.0,470.0,466.0,467.0,209.0,203.0,201.0
2050.0,482.0,476.0,474.0,206.0,207.0,205.0
2108.0,504.0,491.0,489.0,208.0,205.0,211.0
2113.0,493.0,492.0,494.0,211.0,215.0,208.0
2101.0,486.0,494.0,494.0,211.0,210.0,206.0
2043.0,476.0,477.0,476.0,207.0,203.0,204.0
2016.0,477.0,464.0,468.0,204.0,201.0,202.0
2052.0,470.0,487.0,472.0,211.0,204.0,208.0
2056.0,474.0,485.0,479.0,205.0,206.0,207.0
2132.0,497.0,504.0,494.0,208.0,214.0,215.0
2116.0,495.0,483.0,498.0,211.0,217.0,212.0
2123.0,494.0,492.0,498.0,211.0,213.0,215.0
2077.0,489.0,483.0,485.0,206.0,208.0,206.0
2038.0,483.0,481.0,467.0,206.0,203.0,198.0
2037.0,468.0,486.0,475.0,206.0,200.0,202.0
2087.0,488.0,489.0,490.0,207.0,207.0,206.0
2143.0,502.0,498.0,506.0,213.0,211.0,213.0
2140.0,500.0,502.0,501.0,213.0,211.0,213.0
2122.0,491.0,498.0,496.0,211.0,214.0,212.0
2091.0,493.0,485.0,486.0,205.0,212.0,210.0
2062.0,482.0,477.0,474.0,208.0,211.0,210.0
2069.0,483.0,476.0,480.0,210.0,211.0,209.0
2120.0,495.0,498.0,491.0,212.0,214.0,210.0
2138.0,495.0,504.0,503.0,211.0,212.0,213.0
2160.0,502.0,506.0,509.0,216.0,215.0,212.0
2103.0,491.0,490.0,496.0,209.0,209.0,208.0
2065.0,482.0,479.0,483.0,208.0,208.0,205.0
2077.0,492.0,485.0,477.0,204.0,209.0,210.0
2078.0,477.0,487.0,491.0,210.0,206.0,207.0
2124.0,488.0,496.0,502.0,215.0,212.0,211.0
2161.0,505.0,501.0,505.0,216.0,215.0,219.0
2140.0,501.0,491.0,498.0,216.0,216.0,218.0
2131.0,502.0,501.0,493.0,210.0,212.0,213.0
2115.0,497.0,499.0,487.0,211.0,209.0,212.0
2114.0,497.0,495.0,494.0,210.0,208.0,210.0
2107.0,494.0,483.0,496.0,212.0,212.0,210.0
2152.0,503.0,498.0,505.0,219.0,216.0,211.0
2160.0,510.0,502.0,502.0,215.0,215.0,216.0
2174.0,503.0,514.0,500.0,220.0,219.0,218.0
2147.0,503.0,504.0,493.0,213.0,219.0,215.0
2132.0,501.0,496.0,496.0,208.0,216.0,215.0
2113.0,498.0,495.0,495.0,206.0,208.0,211.0
2114.0,486.0,500.0,497.0,208.0,208.0,215.0
2127.0,495.0,506.0,489.0,215.0,209.0,213.0
2200.0,520.0,514.0,506.0,224.0,219.0,217.0
2175.0,508.0,503.0,507.0,221.0,220.0,216.0
2160.0,500.0,500.0,508.0,219.0,216.0,217.0
2152.0,503.0,502.0,504.0,215.0,216.0,212.0
2126.0,494.0,497.0,501.0,211.0,211.0,212.0
2135.0,497.0,501.0,498.0,212.0,216.0,211.0
2150.0,497.0,499.0,502.0,219.0,216.0,217.0
2183.0,516.0,505.0,505.0,218.0,217.0,222.0
2210.0,515.0,511.0,516.0,223.0,221.0,224.0
2201.0,506.0,526.0,516.0,219.0,213.0,221.0
2177.0,506.0,504.0,524.0,215.0,216.0,212.0
2128.0,495.0,497.0,498.0,213.0,214.0,211.0
2155.0,499.0,503.0,516.0,211.0,214.0,212.0
2181.0,504.0,520.0,501.0,218.0,221.0,217.0
2219.0,523.0,519.0,512.0,221.0,223.0,221.0
2200.0,510.0,506.0,516.0,225.0,220.0,223.0
2192.0,507.0,503.0,520.0,225.0,219.0,218.0
2198.0,513.0,507.0,517.0,222.0,218.0,221.0
2150.0,499.0,504.0,502.0,216.0,213.0,216.0
2166.0,505.0,512.0,499.0,217.0,216.0,217.0
2169.0,509.0,504.0,502.0,218.0,217.0,219.0
2222.0,518.0,522.0,519.0,222.0,222.0,219.0
2210.0,514.0,520.0,512.0,222.0,222.0,220.0
2196.0,504.0,521.0,513.0,222.0,221.0,215.0
2196.0,513.0,505.0,513.0,224.0,220.0,221.0
2156.0,500.0,505.0,508.0,215.0,214.0,214.0
2143.0,495.0,495.0,504.0,216.0,215.0,218.0
2186.0,510.0,513.0,508.0,217.0,218.0,220.0
2253.0,537.0,525.0,525.0,220.0,223.0,223.0
2237.0,522.0,518.0,527.0,223.0,221.0,226.0
2222.0,519.0,511.0,523.0,222.0,226.0,221.0
2188.0,517.0,510.0,506.0,219.0,220.0,216.0
2169.0,513.0,505.0,498.0,220.0,219.0,214.0
2171.0,499.0,517.0,502.0,219.0,219.0,215.0
2210.0,514.0,515.0,518.0,223.0,223.0,217.0
2247.0,530.0,522.0,525.0,224.0,221.0,225.0
2240.0,524.0,519.0,531.0,222.0,221.0,223.0
2245.0,520.0,530.0,522.0,224.0,222.0,227.0
2193.0,514.0,516.0,507.0,217.0,218.0,221.0
2207.0,517.0,512.0,513.0,221.0,219.0,225.0
2198.0,506.0,511.0,509.0,221.0,225.0,226.0
2233.0,511.0,523.0,527.0,223.0,226.0,223.0
2251.0,525.0,525.0,531.0,220.0,225.0,225.0
2277.0,530.0,534.0,535.0,228.0,227.0,223.0
2259.0,530.0,524.0,526.0,227.0,226.0,226.0
2232.0,531.0,519.0,512.0,228.0,225.0,217.0
2198.0,516.0,508.0,515.0,223.0,218.0,218.0
2219.0,517.0,516.0,519.0,224.0,221.0,222.0
2273.0,529.0,525.0,536.0,228.0,227.0,228.0
2293.0,533.0,535.0,534.0,230.0,229.0,232.0
2264.0,523.0,528.0,530.0,224.0,228.0,231.0
2246.0,524.0,529.0,521.0,222.0,227.0,223.0
2222.0,516.0,522.0,523.0,220.0,220.0,221.0
2207.0,517.0,520.0,511.0,222.0,220.0,217.0
2220.0,517.0,514.0,524.0,227.0,220.0,218.0
2281.0,524.0,526.0,546.0,230.0,228.0,227.0
2294.0,539.0,525.0,542.0,233.0,230.0,225.0
2286.0,536.0,536.0,529.0,226.0,233.0,226.0
2271.0,529.0,530.0,528.0,224.0,231.0,229.0
2258.0,530.0,523.0,529.0,222.0,225.0,229.0
2236.0,525.0,515.0,525.0,222.0,223.0,226.0
2253.0,526.0,524.0,532.0,221.0,224.0,226.0
2285.0,532.0,535.0,533.0,230.0,227.0,228.0
2322.0,549.0,540.0,541.0,234.0,228.0,230.0
2322.0,539.0,549.0,534.0,235.0,229.0,236.0
2287.0,530.0,538.0,527.0,228.0,232.0,232.0
2273.0,533.0,530.0,531.0,225.0,225.0,229.0
2244.0,523.0,523.0,530.0,221.0,224.0,223.0
2255.0,518.0,531.0,527.0,224.0,227.0,228.0
2286.0,531.0,527.0,537.0,229.0,226.0,236.0
2314.0,535.0,541.0,542.0,231.0,231.0,234.0
2315.0,541.0,541.0,538.0,231.0,230.0,234.0
2304.0,529.0,542.0,539.0,233.0,229.0,232.0
2292.0,535.0,542.0,531.0,230.0,227.0,227.0
2267.0,536.0,530.0,528.0,225.0,227.0,221.0
2260.0,525.0,530.0,526.0,227.0,229.0,223.0
2288.0,533.0,535.0,531.0,227.0,231.0,231.0
2351.0,558.0,546.0,540.0,236.0,237.0,234.0
2347.0,547.0,552.0,544.0,240.0,233.0,231.0
2323.0,541.0,537.0,550.0,232.0,231.0,232.0
2286.0,536.0,530.0,538.0,227.0,224.0,231.0
2279.0,536.0,523.0,537.0,225.0,228.0,230.0
2281.0,527.0,534.0,538.0,225.0,228.0,229.0
2301.0,539.0,534.0,535.0,228.0,231.0,234.0
2353.0,554.0,543.0,548.0,238.0,238.0,232.0
2354.0,546.0,547.0,556.0,235.0,237.0,233.0
2335.0,545.0,539.0,547.0,235.0,237.0,232.0
2328.0,554.0,543.0,533.0,232.0,237.0,229.0
2283.0,528.0,530.0,540.0,228.0,229.0,228.0
2286.0,530.0,523.0,544.0,230.0,228.0,231.0
2341.0,553.0,547.0,543.0,231.0,236.0,231.0
2372.0,553.0,560.0,557.0,234.0,233.0,235.0
2366.0,554.0,552.0,544.0,241.0,236.0,239.0
2355.0,540.0,551.0,557.0,235.0,241.0,231.0
2319.0,546.0,536.0,541.0,237.0,230.0,229.0
2285.0,538.0,532.0,526.0,229.0,228.0,232.0
2313.0,537.0,553.0,532.0,226.0,234.0,231.0
2347.0,550.0,547.0,548.0,233.0,236.0,233.0
2369.0,551.0,555.0,560.0,236.0,231.0,236.0
2367.0,549.0,545.0,564.0,238.0,234.0,237.0
2363.0,554.0,544.0,552.0,239.0,237.0,237.0
2356.0,551.0,553.0,548.0,235.0,233.0,236.0
2315.0,542.0,539.0,534.0,232.0,234.0,234.0
2326.0,539.0,543.0,540.0,233.0,236.0,235.0
2371.0,555.0,547.0,558.0,237.0,238.0,236.0
2382.0,553.0,553.0,563.0,237.0,239.0,237.0
2387.0,551.0,558.0,559.0,238.0,242.0,239.0
2394.0,560.0,563.0,555.0,243.0,239.0,234.0
2354.0,555.0,545.0,545.0,236.0,236.0,237.0
2348.0,552.0,542.0,545.0,238.0,233.0,238.0
2313.0,536.0,540.0,537.0,235.0,231.0,234.0
2396.0,559.0,552.0,566.0,240.0,240.0,239.0
2408.0,566.0,557.0,564.0,238.0,242.0,241.0
2412.0,563.0,558.0,564.0,240.0,242.0,245.0
2388.0,559.0,544.0,564.0,238.0,242.0,241.0
2375.0,551.0,561.0,553.0,240.0,237.0,233.0
2345.0,539.0,554.0,554.0,233.0,234.0,231.0
2342.0,537.0,551.0,551.0,237.0,233.0,233.0
2393.0,562.0,560.0,559.0,238.0,236.0,238.0
2406.0,574.0,548.0,565.0,241.0,237.0,241.0
2437.0,566.0,573.0,560.0,245.0,246.0,247.0
2401.0,558.0,560.0,555.0,242.0,240.0,246.0
2386.0,561.0,557.0,551.0,239.0,239.0,239.0
2352.0,550.0,545.0,548.0,238.0,234.0,237.0
2348.0,540.0,539.0,560.0,237.0,236.0,236.0
2411.0,568.0,565.0,557.0,241.0,239.0,241.0
2452.0,577.0,580.0,570.0,241.0,243.0,241.0
2409.0,554.0,571.0,560.0,241.0,243.0,240.0
2407.0,560.0,562.0,561.0,241.0,242.0,241.0
2398.0,562.0,554.0,566.0,239.0,238.0,239.0
2368.0,556.0,547.0,556.0,237.0,237.0,235.0
2393.0,552.0,560.0,564.0,238.0,241.0,238.0
2412.0,560.0,567.0,559.0,242.0,243.0,241.0
2440.0,574.0,568.0,568.0,239.0,246.0,245.0
2451.0,572.0,576.0,566.0,244.0,244.0,249.0
2423.0,563.0,571.0,561.0,243.0,242.0,243.0
2413.0,565.0,563.0,564.0,242.0,238.0,241.0
2393.0,564.0,559.0,558.0,240.0,236.0,236.0
2383.0,550.0,557.0,559.0,241.0,242.0,234.0
2418.0,564.0,560.0,562.0,248.0,241.0,243.0
2462.0,570.0,580.0,574.0,246.0,249.0,243.0
2464.0,573.0,581.0,569.0,248.0,248.0,245.0
2465.0,574.0,571.0,577.0,247.0,248.0,248.0
2426.0,571.0,564.0,567.0,239.0,242.0,243.0
2407.0,565.0,561.0,564.0,237.0,237.0,243.0
2400.0,560.0,560.0,561.0,239.0,237.0,243.0
2447.0,572.0,574.0,570.0,245.0,243.0,243.0
2474.0,584.0,581.0,570.0,248.0,245.0,246.0
2486.0,578.0,577.0,587.0,247.0,251.0,246.0
2453.0,573.0,572.0,574.0,245.0,245.0,244.0
2437.0,570.0,569.0,573.0,238.0,247.0,240.0
2402.0,558.0,561.0,558.0,239.0,241.0,245.0
2411.0,562.0,562.0,560.0,240.0,240.0,247.0
2456.0,582.0,559.0,569.0,249.0,246.0,251.0
2486.0,581.0,581.0,579.0,251.0,246.0,248.0
2505.0,580.0,593.0,582.0,247.0,251.0,252.0
2496.0,573.0,585.0,590.0,252.0,247.0,249.0
2442.0,572.0,567.0,571.0,241.0,245.0,246.0
2424.0,570.0,561.0,566.0,240.0,245.0,242.0
2436.0,563.0,572.0,559.0,245.0,249.0,248.0
2478.0,576.0,590.0,574.0,246.0,247.0,245.0
2499.0,579.0,588.0,588.0,249.0,246.0,249.0
2503.0,581.0,583.0,586.0,254.0,247.0,252.0
2494.0,576.0,579.0,582.0,252.0,252.0,253.0
2453.0,573.0,574.0,571.0,247.0,243.0,245.0
2450.0,566.0,585.0,564.0,243.0,243.0,249.0
2441.0,571.0,568.0,566.0,243.0,248.0,245.0
2477.0,582.0,574.0,579.0,247.0,249.0,246.0
2504.0,581.0,579.0,592.0,247.0,253.0,252.0
2523.0,585.0,590.0,589.0,254.0,254.0,251.0
2505.0,577.0,589.0,586.0,251.0,249.0,253.0
2470.0,576.0,587.0,564.0,253.0,245.0,245.0
2434.0,566.0,570.0,570.0,243.0,241.0,244.0
2454.0,574.0,563.0,579.0,245.0,246.0,247.0
2507.0,584.0,580.0,583.0,252.0,252.0,256.0
2535.0,596.0,593.0,592.0,250.0,252.0,252.0
2530.0,592.0,593.0,586.0,254.0,252.0,253.0
2499.0,587.0,583.0,576.0,254.0,253.0,246.0
2494.0,579.0,576.0,586.0,253.0,251.0,249.0
2482.0,587.0,577.0,579.0,248.0,247.0,244.0
2470.0,579.0,577.0,578.0,247.0,244.0,245.0
2518.0,592.0,586.0,588.0,249.0,251.0,252.0
2543.0,607.0,587.0,594.0,251.0,253.0,251.0
2552.0,596.0,598.0,591.0,258.0,253.0,256.0
2538.0,594.0,590.0,592.0,252.0,255.0,255.0
2520.0,584.0,593.0,587.0,252.0,252.0,252.0
2502.0,588.0,580.0,585.0,250.0,250.0,249.0
2491.0,578.0,574.0,585.0,249.0,251.0,254.0
2514.0,586.0,588.0,584.0,252.0,253.0,251.0
2569.0,612.0,598.0,596.0,254.0,255.0,254.0
2556.0,595.0,603.0,597.0,253.0,253.0,255.0
2535.0,593.0,595.0,581.0,258.0,255.0,253.0
2502.0,587.0,579.0,587.0,252.0,248.0,249.0
2500.0,580.0,578.0,588.0,250.0,253.0,251.0
2508.0,584.0,591.0,577.0,252.0,254.0,250.0
2542.0,595.0,592.0,592.0,253.0,256.0,254.0
2577.0,606.0,605.0,589.0,255.0,258.0,264.0
2569.0,589.0,601.0,601.0,258.0,259.0,261.0
2561.0,598.0,598.0,605.0,253.0,253.0,254.0
2541.0,594.0,597.0,591.0,254.0,251.0,254.0
2519.0,585.0,594.0,588.0,257.0,247.0,248.0
2524.0,588.0,594.0,588.0,254.0,252.0,248.0
2552.0,598.0,595.0,589.0,261.0,255.0,254.0
2590.0,605.0,605.0,594.0,263.0,265.0,258.0
2597.0,612.0,608.0,602.0,257.0,258.0,260.0
2572.0,590.0,610.0,598.0,257.0,259.0,258.0
2554.0,589.0,599.0,599.0,252.0,257.0,258.0
2523.0,586.0,591.0,584.0,255.0,251.0,256.0
2545.0,595.0,591.0,595.0,257.0,252.0,255.0
2582.0,600.0,612.0,596.0,260.0,256.0,258.0
2601.0,610.0,610.0,599.0,261.0,263.0,258.0
2612.0,607.0,611.0,608.0,261.0,264.0,261.0
2577.0,596.0,600.0,610.0,256.0,259.0,256.0
2571.0,600.0,599.0,601.0,255.0,260.0,256.0
2558.0,593.0,602.0,598.0,256.0,254.0,255.0
2552.0,592.0,600.0,592.0,254.0,256.0,258.0
2564.0,604.0,596.0,594.0,255.0,256.0,259.0
2637.0,612.0,608.0,620.0,268.0,261.0,268.0
2619.0,613.0,609.0,614.0,260.0,262.0,261.0
2617.0,605.0,621.0,606.0,258.0,263.0,264.0
2547.0,595.0,596.0,599.0,251.0,253.0,253.0
2543.0,593.0,593.0,596.0,253.0,256.0,252.0
2540.0,588.0,593.0,591.0,256.0,259.0,253.0
2591.0,599.0,611.0,602.0,263.0,260.0,256.0
2646.0,618.0,616.0,620.0,267.0,264.0,261.0
2643.0,611.0,622.0,619.0,265.0,264.0,262.0
2606.0,608.0,611.0,610.0,260.0,258.0,259.0
2582.0,606.0,600.0,603.0,257.0,256.0,260.0
2557.0,603.0,599.0,590.0,254.0,253.0,258.0
2565.0,593.0,606.0,595.0,255.0,258.0,258.0
2601.0,606.0,605.0,612.0,259.0,258.0,261.0
2647.0,619.0,611.0,624.0,266.0,263.0,264.0
2656.0,617.0,621.0,621.0,268.0,267.0,262.0
2633.0,611.0,621.0,610.0,265.0,265.0,261.0
2584.0,612.0,601.0,602.0,259.0,256.0,254.0
2575.0,608.0,600.0,599.0,254.0,258.0,256.0
2587.0,604.0,603.0,603.0,258.0,259.0,260.0
2627.0,617.0,604.0,616.0,262.0,262.0,266.0
2643.0,621.0,613.0,612.0,265.0,265.0,267.0
2676.0,622.0,620.0,624.0,270.0,271.0,269.0
2632.0,610.0,619.0,608.0,264.0,264.0,267.0
2596.0,613.0,604.0,596.0,261.0,260.0,262.0
2570.0,601.0,588.0,608.0,258.0,257.0,258.0
2604.0,608.0,615.0,610.0,254.0,256.0,261.0
2640.0,618.0,620.0,616.0,261.0,262.0,263.0
2669.0,630.0,619.0,619.0,264.0,268.0,269.0
2646.0,614.0,612.0,616.0,271.0,266.0,267.0
2640.0,613.0,619.0,610.0,266.0,267.0,265.0
2643.0,615.0,616.0,619.0,262.0,264.0,267.0
2608.0,608.0,611.0,609.0,257.0,262.0,261.0
2615.0,603.0,605.0,618.0,262.0,265.0,262.0
2634.0,617.0,603.0,621.0,262.0,267.0,264.0
2681.0,628.0,628.0,620.0,268.0,270.0,267.0
2682.0,625.0,626.0,622.0,272.0,266.0,271.0
2667.0,619.0,626.0,617.0,272.0,268.0,265.0
2634.0,619.0,612.0,614.0,264.0,261.0,264.0
2624.0,617.0,610.0,614.0,262.0,259.0,262.0
2631.0,605.0,610.0,621.0,265.0,263.0,267.0
2665.0,620.0,626.0,622.0,265.0,266.0,266.0
2710.0,632.0,639.0,627.0,269.0,271.0,272.0
2717.0,635.0,634.0,629.0,270.0,272.0,277.0
2684.0,624.0,620.0,628.0,268.0,275.0,269.0
2667.0,623.0,625.0,625.0,267.0,264.0,263.0
2640.0,612.0,615.0,624.0,267.0,263.0,259.0
2633.0,612.0,617.0,614.0,265.0,264.0,261.0
2666.0,621.0,625.0,625.0,265.0,267.0,263.0
2722.0,639.0,630.0,638.0,269.0,277.0,269.0
2703.0,632.0,627.0,626.0,271.0,274.0,273.0
2719.0,626.0,643.0,636.0,270.0,273.0,271.0
2700.0,624.0,630.0,633.0,269.0,272.0,272.0
2652.0,623.0,620.0,614.0,267.0,265.0,263.0
2656.0,620.0,617.0,618.0,268.0,264.0,269.0
2704.0,636.0,639.0,623.0,269.0,270.0,267.0
2746.0,652.0,639.0,637.0,275.0,273.0,270.0
2719.0,632.0,636.0,637.0,272.0,270.0,272.0
2702.0,633.0,627.0,633.0,271.0,269.0,269.0
2680.0,627.0,624.0,628.0,268.0,270.0,263.0
2665.0,625.0,616.0,624.0,270.0,267.0,263.0
2675.0,620.0,631.0,620.0,269.0,268.0,267.0
2709.0,633.0,631.0,630.0,271.0,271.0,273.0
2757.0,647.0,633.0,646.0,276.0,275.0,280.0
2753.0,641.0,642.0,643.0,275.0,275.0,277.0
2716.0,633.0,629.0,641.0,270.0,274.0,269.0
2706.0,636.0,637.0,626.0,267.0,271.0,269.0
2694.0,638.0,625.0,623.0,269.0,272.0,267.0
2679.0,620.0,626.0,626.0,268.0,274.0,265.0
2707.0,626.0,633.0,640.0,272.0,268.0,268.0
2775.0,647.0,662.0,635.0,277.0,279.0,275.0
2753.0,642.0,635.0,650.0,273.0,276.0,277.0
2734.0,639.0,638.0,638.0,272.0,271.0,276.0
2729.0,640.0,640.0,633.0,268.0,273.0,275.0
2686.0,635.0,620.0,627.0,268.0,265.0,271.0
2685.0,628.0,630.0,620.0,270.0,269.0,268.0
2728.0,635.0,638.0,636.0,275.0,271.0,273.0
2772.0,647.0,641.0,652.0,281.0,277.0,274.0
2780.0,644.0,652.0,648.0,277.0,278.0,281.0
2727.0,635.0,638.0,632.0,272.0,275.0,275.0
2722.0,639.0,637.0,632.0,270.0,272.0,272.0
2707.0,628.0,643.0,626.0,271.0,268.0,271.0
2718.0,628.0,632.0,638.0,273.0,270.0,277.0
2749.0,640.0,637.0,648.0,273.0,273.0,278.0
2787.0,653.0,647.0,649.0,278.0,277.0,283.0
2796.0,646.0,661.0,650.0,280.0,278.0,281.0
2771.0,647.0,649.0,641.0,277.0,278.0,279.0
2745.0,643.0,634.0,641.0,276.0,276.0,275.0
2704.0,632.0,631.0,631.0,269.0,273.0,268.0
2724.0,636.0,632.0,641.0,271.0,274.0,270.0
2785.0,647.0,649.0,654.0,283.0,276.0,276.0
2807.0,655.0,654.0,658.0,281.0,278.0,281.0
2808.0,658.0,653.0,654.0,283.0,281.0,279.0
2775.0,648.0,639.0,653.0,279.0,275.0,281.0
2769.0,650.0,645.0,643.0,274.0,278.0,279.0
2747.0,640.0,638.0,646.0,273.0,275.0,275.0
2760.0,639.0,644.0,649.0,273.0,277.0,278.0
2766.0,647.0,638.0,649.0,277.0,276.0,279.0
2806.0,658.0,649.0,658.0,280.0,281.0,280.0
2820.0,655.0,665.0,654.0,288.0,280.0,278.0
2779.0,642.0,652.0,653.0,277.0,278.0,277.0
2771.0,645.0,649.0,649.0,276.0,276.0,276.0
2742.0,636.0,644.0,642.0,276.0,271.0,273.0
2758.0,638.0,646.0,648.0,277.0,273.0,276.0
2796.0,658.0,656.0,647.0,278.0,278.0,279.0
2823.0,661.0,663.0,646.0,281.0,286.0,286.0
2858.0,665.0,671.0,666.0,287.0,284.0,285.0
2819.0,655.0,653.0,658.0,284.0,286.0,283.0
2782.0,648.0,653.0,651.0,276.0,280.0,274.0
2786.0,656.0,650.0,650.0,277.0,278.0,275.0
2765.0,646.0,645.0,641.0,275.0,277.0,281.0
2812.0,650.0,671.0,652.0,280.0,281.0,278.0
2845.0,672.0,657.0,665.0,284.0,280.0,287.0
2822.0,655.0,660.0,658.0,283.0,282.0,284.0
2850.0,655.0,666.0,664.0,286.0,292.0,287.0
2821.0,658.0,661.0,654.0,283.0,281.0,284.0
2778.0,648.0,645.0,650.0,279.0,277.0,279.0
2783.0,652.0,645.0,651.0,280.0,276.0,279.0
2821.0,662.0,656.0,663.0,278.0,279.0,283.0
2877.0,666.0,685.0,666.0,289.0,283.0,288.0
2861.0,662.0,673.0,673.0,283.0,288.0,282.0
2841.0,661.0,663.0,662.0,285.0,286.0,284.0
2821.0,659.0,654.0,662.0,283.0,283.0,280.0
2810.0,654.0,654.0,654.0,282.0,284.0,282.0
2808.0,651.0,663.0,655.0,279.0,280.0,280.0
2819.0,658.0,661.0,652.0,281.0,281.0,286.0
2857.0,668.0,665.0,666.0,284.0,286.0,288.0
2855.0,669.0,662.0,669.0,284.0,284.0,287.0
2846.0,660.0,662.0,664.0,290.0,282.0,288.0
2834.0,659.0,669.0,658.0,283.0,282.0,283.0
2802.0,653.0,662.0,647.0,284.0,279.0,277.0
2822.0,656.0,661.0,654.0,287.0,284.0,280.0
2858.0,668.0,671.0,661.0,287.0,290.0,281.0
2889.0,676.0,669.0,681.0,286.0,286.0,291.0
2895.0,667.0,683.0,680.0,289.0,290.0,286.0
2879.0,666.0,676.0,676.0,289.0,285.0,287.0
2832.0,659.0,657.0,658.0,283.0,288.0,287.0
2801.0,654.0,649.0,652.0,283.0,281.0,282.0
2816.0,655.0,657.0,651.0,286.0,282.0,285.0
2867.0,662.0,673.0,669.0,291.0,288.0,284.0
2924.0,686.0,686.0,675.0,291.0,293.0,293.0
2905.0,686.0,679.0,672.0,288.0,290.0,290.0
2881.0,671.0,670.0,672.0,286.0,292.0,290.0
2851.0,664.0,670.0,660.0,285.0,287.0,285.0
2850.0,664.0,668.0,662.0,288.0,286.0,282.0
2829.0,649.0,666.0,665.0,286.0,280.0,283.0
2882.0,670.0,669.0,676.0,291.0,288.0,288.0
2925.0,682.0,680.0,693.0,288.0,289.0,293.0
2925.0,683.0,690.0,679.0,292.0,288.0,293.0
2880.0,666.0,677.0,675.0,283.0,290.0,289.0
2887.0,676.0,678.0,668.0,289.0,287.0,289.0
2847.0,671.0,662.0,664.0,284.0,285.0,281.0
2857.0,669.0,660.0,674.0,286.0,286.0,282.0
2899.0,670.0,677.0,683.0,292.0,291.0,286.0
2922.0,683.0,688.0,680.0,291.0,289.0,291.0
2917.0,681.0,685.0,678.0,290.0,292.0,291.0
2882.0,661.0,674.0,678.0,287.0,290.0,292.0
2875.0,673.0,668.0,672.0,284.0,288.0,290.0
2866.0,670.0,664.0,666.0,287.0,291.0,288.0
2868.0,662.0,670.0,672.0,288.0,288.0,288.0
2908.0,673.0,681.0,681.0,292.0,290.0,291.0
2933.0,687.0,683.0,678.0,297.0,296.0,292.0
2932.0,679.0,688.0,683.0,298.0,294.0,290.0
2904.0,680.0,683.0,672.0,290.0,291.0,288.0
2890.0,675.0,674.0,678.0,288.0,285.0,290.0
2897.0,674.0,671.0,688.0,286.0,288.0,290.0
2885.0,669.0,672.0,681.0,289.0,285.0,289.0
2907.0,684.0,676.0,675.0,292.0,289.0,291.0
2937.0,680.0,684.0,678.0,299.0,298.0,298.0
2955.0,685.0,692.0,685.0,300.0,296.0,297.0
2942.0,687.0,687.0,689.0,293.0,296.0,290.0
2916.0,681.0,676.0,686.0,290.0,293.0,290.0
2868.0,667.0,665.0,678.0,285.0,285.0,288.0
2897.0,673.0,678.0,677.0,288.0,289.0,292.0
2936.0,686.0,692.0,680.0,295.0,291.0,292.0
2959.0,694.0,693.0,680.0,301.0,296.0,295.0
2965.0,686.0,694.0,696.0,298.0,295.0,296.0
2950.0,680.0,687.0,696.0,296.0,294.0,297.0
2936.0,684.0,686.0,689.0,290.0,292.0,295.0
2935.0,677.0,693.0,690.0,291.0,294.0,290.0
2894.0,664.0,676.0,682.0,290.0,291.0,291.0
2947.0,685.0,692.0,688.0,295.0,293.0,294.0
2970.0,700.0,692.0,686.0,299.0,293.0,300.0
3000.0,694.0,707.0,700.0,302.0,298.0,299.0
2959.0,687.0,688.0,700.0,297.0,294.0,293.0
2942.0,689.0,687.0,686.0,293.0,294.0,293.0
2910.0,685.0,671.0,681.0,291.0,289.0,293.0
2908.0,685.0,677.0,677.0,288.0,290.0,291.0
2969.0,694.0,693.0,689.0,298.0,298.0,297.0
3000.0,697.0,700.0,700.0,299.0,300.0,304.0
2981.0,685.0,685.0,706.0,303.0,299.0,303.0
2999.0,692.0,701.0,709.0,301.0,298.0,298.0
2948.0,691.0,684.0,690.0,298.0,291.0,294.0
2915.0,680.0,681.0,682.0,292.0,289.0,291.0
2950.0,683.0,695.0,689.0,297.0,295.0,291.0
2987.0,693.0,702.0,696.0,299.0,298.0,299.0
3027.0,711.0,700.0,709.0,302.0,306.0,299.0
3027.0,701.0,703.0,711.0,305.0,302.0,305.0
3003.0,698.0,699.0,700.0,303.0,301.0,302.0
2972.0,688.0,696.0,692.0,300.0,297.0,299.0
2932.0,689.0,681.0,676.0,296.0,294.0,296.0
2939.0,683.0,693.0,680.0,295.0,292.0,296.0
2977.0,691.0,698.0,700.0,297.0,294.0,297.0
3039.0,718.0,711.0,708.0,300.0,303.0,299.0
3028.0,704.0,706.0,710.0,302.0,303.0,303.0
3015.0,706.0,697.0,703.0,304.0,303.0,302.0
2982.0,696.0,694.0,695.0,298.0,302.0,297.0
2968.0,693.0,688.0,693.0,300.0,299.0,295.0
2990.0,694.0,701.0,697.0,300.0,301.0,297.0
3011.0,702.0,698.0,707.0,300.0,301.0,303.0
3037.0,714.0,706.0,705.0,304.0,303.0,305.0
3031.0,710.0,703.0,706.0,301.0,303.0,308.0
3017.0,695.0,711.0,702.0,303.0,302.0,304.0
2997.0,701.0,697.0,699.0,301.0,300.0,299.0
2963.0,690.0,693.0,690.0,298.0,295.0,297.0
2972.0,692.0,691.0,701.0,298.0,295.0,295.0
3016.0,704.0,695.0,718.0,301.0,302.0,296.0
3066.0,717.0,711.0,723.0,305.0,307.0,303.0
3069.0,713.0,720.0,715.0,308.0,306.0,307.0
3018.0,705.0,704.0,700.0,303.0,302.0,304.0
3006.0,705.0,696.0,704.0,299.0,302.0,300.0
2975.0,696.0,682.0,696.0,301.0,299.0,301.0
3012.0,693.0,705.0,713.0,302.0,300.0,299.0
3037.0,704.0,707.0,709.0,305.0,308.0,304.0
3086.0,727.0,712.0,718.0,311.0,310.0,308.0
3045.0,713.0,705.0,710.0,305.0,307.0,305.0
3039.0,711.0,707.0,710.0,303.0,306.0,302.0
3033.0,714.0,705.0,714.0,300.0,300.0,300.0
3015.0,701.0,710.0,705.0,301.0,298.0,300.0
3011.0,701.0,706.0,706.0,299.0,298.0,301.0
3054.0,708.0,711.0,717.0,308.0,303.0,307.0
3079.0,720.0,714.0,719.0,310.0,306.0,310.0
3085.0,718.0,727.0,715.0,307.0,311.0,307.0
3075.0,721.0,717.0,714.0,304.0,309.0,310.0
3035.0,707.0,703.0,708.0,303.0,308.0,306.0
3013.0,708.0,688.0,711.0,301.0,305.0,300.0
3038.0,709.0,707.0,709.0,305.0,304.0,304.0
3050.0,707.0,715.0,709.0,310.0,305.0,304.0
3106.0,726.0,729.0,721.0,314.0,307.0,309.0
3106.0,722.0,721.0,724.0,313.0,312.0,314.0
3068.0,712.0,712.0,719.0,307.0,309.0,309.0
3064.0,715.0,721.0,711.0,304.0,308.0,305.0
3046.0,712.0,714.0,705.0,302.0,306.0,307.0
3018.0,700.0,708.0,703.0,301.0,303.0,303.0
3055.0,718.0,706.0,712.0,309.0,303.0,307.0
3102.0,731.0,715.0,721.0,315.0,312.0,308.0
3110.0,721.0,734.0,728.0,314.0,307.0,306.0
3087.0,722.0,723.0,723.0,310.0,303.0,306.0
3075.0,723.0,719.0,712.0,306.0,309.0,306.0
3043.0,707.0,707.0,719.0,302.0,303.0,305.0
3044.0,706.0,706.0,711.0,306.0,309.0,306.0
3108.0,727.0,721.0,728.0,304.0,316.0,312.0
3132.0,731.0,736.0,726.0,312.0,313.0,314.0
3123.0,719.0,730.0,736.0,314.0,313.0,311.0
3116.0,728.0,721.0,732.0,313.0,313.0,309.0
3098.0,727.0,718.0,728.0,308.0,305.0,312.0
3063.0,726.0,717.0,711.0,305.0,301.0,303.0
3060.0,714.0,727.0,704.0,304.0,305.0,306.0
3099.0,722.0,724.0,721.0,309.0,315.0,308.0
3147.0,748.0,730.0,733.0,314.0,315.0,307.0
3117.0,727.0,721.0,730.0,312.0,313.0,314.0
3112.0,720.0,726.0,722.0,314.0,316.0,314.0
3123.0,727.0,733.0,725.0,312.0,314.0,312.0
3082.0,724.0,719.0,714.0,309.0,305.0,311.0
3069.0,711.0,718.0,720.0,308.0,304.0,308.0
3102.0,721.0,721.0,726.0,311.0,310.0,313.0
3166.0,742.0,745.0,740.0,312.0,312.0,315.0
3144.0,718.0,741.0,745.0,313.0,314.0,313.0
3136.0,723.0,730.0,738.0,315.0,318.0,312.0
3111.0,733.0,719.0,721.0,312.0,314.0,312.0
3077.0,719.0,715.0,712.0,310.0,316.0,305.0
3092.0,712.0,731.0,721.0,310.0,307.0,311.0
3145.0,739.0,738.0,736.0,311.0,309.0,312.0
3173.0,738.0,742.0,746.0,314.0,314.0,319.0
3157.0,732.0,741.0,739.0,314.0,313.0,318.0
3131.0,726.0,732.0,734.0,310.0,313.0,316.0
3116.0,730.0,730.0,723.0,313.0,309.0,311.0
3126.0,726.0,733.0,729.0,320.0,311.0,307.0
3097.0,718.0,725.0,725.0,310.0,312.0,307.0
3127.0,731.0,718.0,738.0,313.0,314.0,313.0
3167.0,745.0,734.0,742.0,314.0,315.0,317.0
3182.0,740.0,749.0,744.0,315.0,316.0,318.0
3149.0,724.0,746.0,733.0,317.0,314.0,315.0
3122.0,734.0,725.0,722.0,317.0,312.0,312.0
3127.0,725.0,723.0,737.0,314.0,313.0,315.0
3093.0,713.0,721.0,721.0,314.0,313.0,311.0
3170.0,743.0,741.0,738.0,319.0,313.0,316.0
3199.0,744.0,750.0,747.0,319.0,319.0,320.0
3169.0,741.0,744.0,732.0,315.0,319.0,318.0
3158.0,734.0,735.0,736.0,318.0,319.0,316.0
3170.0,737.0,734.0,752.0,318.0,314.0,315.0
3147.0,736.0,741.0,735.0,312.0,312.0,311.0
3148.0,726.0,738.0,741.0,318.0,311.0,314.0
3166.0,741.0,737.0,741.0,317.0,315.0,315.0
3201.0,756.0,737.0,743.0,320.0,323.0,322.0
3204.0,751.0,745.0,745.0,319.0,320.0,324.0
3197.0,739.0,754.0,746.0,319.0,322.0,317.0
3191.0,747.0,747.0,750.0,315.0,315.0,317.0
3148.0,744.0,730.0,731.0,315.0,315.0,313.0
3156.0,738.0,733.0,737.0,317.0,314.0,317.0
3179.0,745.0,743.0,736.0,319.0,320.0,316.0
3235.0,757.0,764.0,752.0,320.0,324.0,318.0
3212.0,760.0,739.0,747.0,322.0,320.0,324.0
3198.0,753.0,742.0,747.0,315.0,319.0,322.0
3168.0,743.0,724.0,746.0,314.0,319.0,322.0
3173.0,744.0,742.0,738.0,314.0,317.0,318.0
3170.0,734.0,747.0,737.0,318.0,320.0,314.0
3191.0,745.0,746.0,740.0,320.0,319.0,321.0
3214.0,755.0,747.0,747.0,326.0,321.0,318.0
3241.0,758.0,756.0,756.0,324.0,322.0,325.0
3233.0,753.0,760.0,759.0,320.0,320.0,321.0
3198.0,751.0,741.0,747.0,320.0,317.0,322.0
3172.0,744.0,739.0,742.0,316.0,314.0,317.0
3177.0,744.0,739.0,736.0,319.0,321.0,318.0
3210.0,751.0,745.0,747.0,323.0,322.0,322.0
3264.0,766.0,758.0,760.0,328.0,326.0,326.0
3278.0,765.0,762.0,772.0,325.0,326.0,328.0
3224.0,758.0,752.0,746.0,320.0,324.0,324.0
3209.0,758.0,745.0,751.0,319.0,318.0,318.0
3189.0,747.0,746.0,744.0,319.0,317.0,316.0
3186.0,741.0,747.0,741.0,321.0,319.0,317.0
3211.0,747.0,753.0,750.0,322.0,321.0,318.0
3254.0,764.0,758.0,760.0,325.0,326.0,321.0
3276.0,758.0,765.0,768.0,328.0,328.0,329.0
3228.0,748.0,752.0,754.0,323.0,327.0,324.0
3226.0,757.0,753.0,746.0,321.0,325.0,324.0
3210.0,751.0,757.0,742.0,317.0,321.0,322.0
3198.0,746.0,744.0,747.0,320.0,319.0,322.0
3226.0,753.0,751.0,761.0,323.0,319.0,319.0
3277.0,773.0,761.0,763.0,330.0,325.0,325.0
3280.0,765.0,772.0,760.0,330.0,325.0,328.0
3250.0,759.0,752.0,760.0,326.0,328.0,325.0
3240.0,763.0,756.0,750.0,325.0,323.0,323.0
3210.0,751.0,742.0,749.0,322.0,326.0,320.0
3210.0,744.0,749.0,751.0,320.0,324.0,322.0
3274.0,761.0,770.0,761.0,325.0,328.0,329.0
3306.0,775.0,772.0,772.0,331.0,329.0,327.0
3321.0,774.0,781.0,769.0,334.0,330.0,333.0
3271.0,757.0,764.0,760.0,328.0,330.0,332.0
3227.0,764.0,747.0,744.0,327.0,325.0,320.0
3220.0,754.0,754.0,744.0,327.0,321.0,320.0
3250.0,755.0,760.0,765.0,323.0,325.0,322.0
3259.0,758.0,759.0,762.0,325.0,331.0,324.0
3311.0,779.0,772.0,769.0,330.0,330.0,331.0
3273.0,764.0,761.0,764.0,326.0,330.0,328.0
3284.0,763.0,772.0,763.0,330.0,326.0,330.0
3242.0,761.0,761.0,745.0,325.0,323.0,327.0
3245.0,755.0,752.0,772.0,322.0,319.0,325.0
3238.0,749.0,752.0,762.0,328.0,324.0,323.0
3290.0,765.0,765.0,775.0,328.0,329.0,328.0
3284.0,768.0,769.0,759.0,328.0,331.0,329.0
3330.0,777.0,785.0,770.0,333.0,334.0,331.0
3286.0,771.0,763.0,764.0,328.0,332.0,328.0
3277.0,765.0,764.0,768.0,326.0,331.0,323.0
3266.0,758.0,763.0,769.0,331.0,323.0,322.0
3261.0,754.0,765.0,761.0,326.0,323.0,332.0
3313.0,774.0,779.0,767.0,329.0,332.0,332.0
3321.0,783.0,771.0,770.0,330.0,332.0,335.0
3331.0,773.0,779.0,781.0,331.0,334.0,333.0
3331.0,775.0,776.0,779.0,333.0,335.0,333.0
3300.0,764.0,773.0,775.0,330.0,331.0,327.0
3274.0,762.0,762.0,766.0,328.0,330.0,326.0
3285.0,764.0,758.0,771.0,332.0,332.0,328.0
3307.0,773.0,767.0,775.0,333.0,328.0,331.0
3339.0,782.0,786.0,772.0,332.0,334.0,333.0
3341.0,768.0,788.0,786.0,334.0,332.0,333.0
3338.0,777.0,779.0,782.0,335.0,334.0,331.0
3317.0,776.0,765.0,784.0,327.0,331.0,334.0
3280.0,760.0,764.0,768.0,330.0,330.0,328.0
3291.0,767.0,776.0,765.0,327.0,330.0,326.0
3320.0,773.0,778.0,765.0,335.0,335.0,334.0
3374.0,791.0,785.0,788.0,338.0,336.0,336.0
3367.0,792.0,778.0,787.0,335.0,338.0,337.0
3336.0,775.0,777.0,786.0,329.0,334.0,335.0
3315.0,780.0,773.0,771.0,329.0,330.0,332.0
3290.0,775.0,769.0,758.0,328.0,328.0,332.0
3300.0,769.0,770.0,767.0,335.0,332.0,327.0
3348.0,784.0,780.0,776.0,337.0,332.0,339.0
3389.0,795.0,792.0,787.0,337.0,340.0,338.0
3388.0,783.0,794.0,798.0,337.0,338.0,338.0
3370.0,790.0,784.0,786.0,332.0,338.0,340.0
3323.0,773.0,776.0,782.0,331.0,329.0,332.0
3316.0,773.0,776.0,774.0,330.0,332.0,331.0
3315.0,769.0,772.0,771.0,336.0,333.0,334.0
3344.0,783.0,783.0,772.0,337.0,336.0,333.0
3383.0,798.0,780.0,792.0,340.0,335.0,338.0
3404.0,797.0,784.0,802.0,338.0,342.0,341.0
3388.0,786.0,792.0,794.0,335.0,339.0,342.0
3367.0,783.0,790.0,789.0,332.0,334.0,339.0
3330.0,773.0,782.0,772.0,333.0,336.0,334.0
3352.0,773.0,785.0,785.0,339.0,334.0,336.0
3359.0,789.0,779.0,787.0,338.0,330.0,336.0
3398.0,794.0,793.0,791.0,343.0,339.0,338.0
3408.0,797.0,794.0,796.0,340.0,341.0,340.0
3394.0,787.0,804.0,792.0,339.0,337.0,335.0
3362.0,788.0,791.0,778.0,334.0,337.0,334.0
3345.0,789.0,782.0,772.0,332.0,337.0,333.0
3340.0,775.0,779.0,785.0,329.0,337.0,335.0
3386.0,794.0,784.0,793.0,340.0,337.0,338.0
3427.0,793.0,805.0,798.0,345.0,341.0,345.0
3433.0,795.0,801.0,803.0,348.0,341.0,345.0
3365.0,781.0,782.0,787.0,338.0,338.0,339.0
3375.0,790.0,791.0,783.0,333.0,337.0,341.0
3356.0,786.0,786.0,787.0,332.0,334.0,331.0
3365.0,781.0,787.0,791.0,335.0,337.0,334.0
3415.0,796.0,798.0,797.0,339.0,342.0,343.0
3455.0,807.0,809.0,802.0,345.0,346.0,346.0
3424.0,793.0,786.0,806.0,348.0,346.0,345.0
3411.0,787.0,798.0,797.0,344.0,342.0,343.0
3392.0,796.0,797.0,781.0,341.0,336.0,341.0
3374.0,794.0,785.0,789.0,336.0,334.0,336.0
3356.0,780.0,778.0,789.0,333.0,336.0,340.0
3388.0,788.0,797.0,787.0,338.0,340.0,338.0
3431.0,799.0,814.0,791.0,342.0,344.0,341.0
3457.0,801.0,815.0,800.0,346.0,349.0,346.0
3430.0,804.0,806.0,792.0,346.0,342.0,340.0
3409.0,799.0,788.0,794.0,345.0,344.0,339.0
3366.0,783.0,782.0,794.0,337.0,335.0,335.0
3378.0,782.0,794.0,792.0,337.0,334.0,339.0
3417.0,795.0,806.0,795.0,337.0,339.0,345.0
3460.0,813.0,805.0,806.0,345.0,341.0,350.0
3452.0,802.0,809.0,801.0,347.0,344.0,349.0
3448.0,797.0,804.0,806.0,347.0,349.0,345.0
3450.0,802.0,807.0,809.0,345.0,345.0,342.0
3418.0,797.0,804.0,799.0,343.0,342.0,333.0
3405.0,795.0,798.0,793.0,338.0,341.0,340.0
3421.0,804.0,793.0,794.0,341.0,345.0,344.0
3447.0,811.0,802.0,802.0,345.0,344.0,343.0
3456.0,799.0,810.0,806.0,350.0,344.0,347.0
3475.0,801.0,811.0,820.0,347.0,346.0,350.0
3443.0,805.0,798.0,811.0,343.0,339.0,347.0
3404.0,790.0,788.0,799.0,346.0,342.0,339.0
3416.0,792.0,795.0,795.0,344.0,345.0,345.0
3441.0,799.0,806.0,804.0,340.0,348.0,344.0
3481.0,812.0,816.0,811.0,346.0,350.0,346.0
3493.0,819.0,811.0,812.0,351.0,351.0,349.0
3473.0,808.0,811.0,819.0,345.0,344.0,346.0
3443.0,814.0,793.0,802.0,345.0,343.0,346.0
3416.0,795.0,803.0,799.0,341.0,338.0,340.0
3432.0,801.0,803.0,799.0,344.0,342.0,343.0
3466.0,812.0,808.0,811.0,343.0,347.0,345.0
3494.0,807.0,820.0,817.0,345.0,354.0,351.0
3504.0,814.0,821.0,817.0,349.0,352.0,351.0
3524.0,822.0,824.0,823.0,350.0,351.0,354.0
3460.0,811.0,804.0,810.0,343.0,345.0,347.0
3425.0,802.0,802.0,790.0,345.0,343.0,343.0
3429.0,800.0,801.0,800.0,344.0,340.0,344.0
3475.0,807.0,811.0,816.0,348.0,345.0,348.0
3537.0,826.0,830.0,827.0,350.0,353.0,351.0
3518.0,812.0,825.0,828.0,352.0,352.0,349.0
3485.0,807.0,813.0,816.0,350.0,350.0,349.0
3467.0,817.0,805.0,807.0,341.0,347.0,350.0
3451.0,807.0,802.0,799.0,345.0,352.0,346.0
3454.0,802.0,803.0,809.0,347.0,345.0,348.0
3499.0,815.0,819.0,815.0,354.0,346.0,350.0
3535.0,837.0,819.0,826.0,352.0,350.0,351.0
3533.0,830.0,825.0,823.0,352.0,353.0,350.0
3488.0,813.0,817.0,813.0,347.0,348.0,350.0
3488.0,824.0,815.0,808.0,345.0,349.0,347.0
3453.0,807.0,806.0,802.0,343.0,348.0,347.0
3468.0,811.0,801.0,810.0,347.0,352.0,347.0
3501.0,813.0,812.0,822.0,352.0,353.0,349.0
3548.0,825.0,828.0,832.0,355.0,353.0,355.0
3554.0,831.0,833.0,825.0,354.0,353.0,358.0
3531.0,819.0,821.0,826.0,354.0,356.0,355.0
3472.0,814.0,808.0,812.0,345.0,345.0,348.0
3494.0,821.0,809.0,822.0,347.0,344.0,351.0
3475.0,804.0,811.0,819.0,346.0,349.0,346.0
3516.0,815.0,819.0,823.0,355.0,353.0,351.0
3581.0,840.0,832.0,836.0,359.0,359.0,355.0
3543.0,820.0,824.0,830.0,359.0,356.0,354.0
3519.0,817.0,831.0,815.0,355.0,352.0,349.0
3502.0,820.0,822.0,814.0,346.0,348.0,352.0
3505.0,812.0,821.0,823.0,348.0,348.0,353.0
3481.0,807.0,815.0,815.0,347.0,349.0,348.0
3528.0,828.0,818.0,820.0,354.0,354.0,354.0
3571.0,837.0,833.0,834.0,357.0,356.0,354.0
3572.0,828.0,841.0,825.0,363.0,357.0,358.0
3551.0,827.0,834.0,824.0,355.0,356.0,355.0
3544.0,836.0,825.0,826.0,350.0,357.0,350.0
3488.0,813.0,804.0,821.0,349.0,352.0,349.0
3501.0,815.0,820.0,815.0,352.0,345.0,354.0
3558.0,838.0,832.0,823.0,355.0,353.0,357.0
3588.0,842.0,838.0,834.0,361.0,355.0,358.0
3607.0,843.0,844.0,838.0,360.0,363.0,359.0
3562.0,830.0,828.0,831.0,361.0,355.0,357.0
3539.0,825.0,819.0,830.0,360.0,355.0,350.0
3541.0,828.0,827.0,825.0,351.0,357.0,353.0
3540.0,822.0,836.0,828.0,348.0,352.0,354.0
3564.0,834.0,826.0,832.0,357.0,358.0,357.0
3566.0,837.0,832.0,831.0,356.0,357.0,353.0
3578.0,829.0,838.0,836.0,361.0,357.0,357.0
3589.0,831.0,844.0,841.0,361.0,356.0,356.0
3572.0,832.0,834.0,836.0,357.0,354.0,359.0
3532.0,825.0,814.0,828.0,353.0,356.0,356.0
3549.0,831.0,818.0,827.0,353.0,362.0,358.0
3593.0,839.0,843.0,834.0,357.0,362.0,358.0
3620.0,848.0,845.0,846.0,359.0,363.0,359.0
3640.0,855.0,845.0,849.0,366.0,364.0,361.0
3591.0,842.0,836.0,840.0,358.0,357.0,358.0
3567.0,831.0,827.0,838.0,359.0,356.0,356.0
3542.0,826.0,825.0,826.0,354.0,353.0,358.0
3572.0,838.0,835.0,825.0,356.0,357.0,361.0
3605.0,837.0,845.0,838.0,361.0,360.0,364.0
3613.0,848.0,834.0,842.0,363.0,362.0,364.0
3636.0,854.0,849.0,840.0,363.0,367.0,363.0
3640.0,849.0,844.0,857.0,361.0,364.0,365.0
3620.0,843.0,845.0,848.0,363.0,361.0,360.0
3571.0,833.0,837.0,833.0,357.0,357.0,354.0
3543.0,820.0,823.0,832.0,357.0,357.0,354.0
3585.0,835.0,836.0,840.0,358.0,358.0,358.0
3656.0,852.0,854.0,858.0,364.0,365.0,363.0
3651.0,849.0,859.0,855.0,361.0,366.0,361.0
3620.0,841.0,842.0,849.0,360.0,364.0,364.0
3596.0,842.0,840.0,834.0,360.0,362.0,358.0
3582.0,850.0,826.0,826.0,359.0,358.0,363.0
3583.0,833.0,840.0,834.0,359.0,360.0,357.0
3606.0,845.0,843.0,832.0,358.0,366.0,362.0
3664.0,857.0,851.0,865.0,364.0,363.0,364.0
3650.0,850.0,852.0,860.0,363.0,363.0,362.0
3639.0,853.0,848.0,849.0,364.0,366.0,359.0
3609.0,842.0,850.0,832.0,364.0,360.0,361.0
3595.0,838.0,842.0,835.0,364.0,358.0,358.0
3589.0,828.0,840.0,837.0,363.0,361.0,360.0
3646.0,849.0,846.0,850.0,368.0,367.0,366.0
3660.0,862.0,846.0,850.0,368.0,367.0,367.0
3684.0,857.0,866.0,860.0,364.0,366.0,371.0
3653.0,857.0,851.0,850.0,364.0,364.0,367.0
3625.0,852.0,845.0,843.0,361.0,361.0,363.0
3605.0,850.0,837.0,840.0,362.0,360.0,356.0
3621.0,848.0,837.0,850.0,365.0,362.0,359.0
3664.0,852.0,854.0,859.0,370.0,366.0,363.0
3686.0,864.0,858.0,862.0,366.0,371.0,365.0
3667.0,850.0,855.0,850.0,370.0,371.0,371.0
3676.0,856.0,855.0,857.0,364.0,373.0,371.0
3635.0,853.0,850.0,851.0,359.0,361.0,361.0
3616.0,839.0,849.0,844.0,361.0,359.0,364.0
3625.0,840.0,850.0,849.0,363.0,361.0,362.0
3662.0,860.0,846.0,857.0,368.0,363.0,368.0
3690.0,860.0,858.0,862.0,373.0,370.0,367.0
3712.0,871.0,862.0,864.0,373.0,372.0,370.0
3682.0,856.0,859.0,865.0,364.0,371.0,367.0
3660.0,854.0,852.0,850.0,366.0,370.0,368.0
3625.0,848.0,837.0,853.0,364.0,362.0,361.0
3640.0,847.0,846.0,854.0,365.0,362.0,366.0
3683.0,852.0,867.0,861.0,366.0,369.0,368.0
3728.0,879.0,868.0,867.0,375.0,367.0,372.0
3691.0,858.0,869.0,854.0,372.0,368.0,370.0
3698.0,856.0,856.0,875.0,373.0,367.0,371.0
3667.0,864.0,854.0,853.0,365.0,369.0,362.0
3659.0,858.0,861.0,849.0,364.0,364.0,363.0
3678.0,859.0,865.0,858.0,366.0,364.0,366.0
3698.0,869.0,860.0,859.0,368.0,373.0,369.0
3721.0,874.0,864.0,872.0,372.0,370.0,369.0
3716.0,862.0,864.0,864.0,376.0,375.0,375.0
3705.0,858.0,865.0,872.0,371.0,369.0,370.0
3685.0,859.0,868.0,861.0,367.0,364.0,366.0
3667.0,857.0,854.0,860.0,366.0,362.0,368.0
3634.0,842.0,849.0,847.0,363.0,368.0,365.0
3707.0,869.0,864.0,857.0,375.0,370.0,372.0
3736.0,883.0,869.0,862.0,374.0,375.0,373.0
3739.0,879.0,874.0,870.0,375.0,373.0,368.0
3719.0,862.0,861.0,876.0,374.0,376.0,370.0
3690.0,868.0,852.0,869.0,370.0,366.0,365.0
3658.0,850.0,853.0,855.0,368.0,365.0,367.0
3663.0,862.0,859.0,847.0,363.0,366.0,366.0
3697.0,856.0,871.0,859.0,372.0,366.0,373.0
3756.0,880.0,873.0,880.0,371.0,374.0,378.0
3781.0,882.0,881.0,884.0,379.0,380.0,375.0
3733.0,872.0,870.0,876.0,374.0,374.0,367.0
3716.0,869.0,866.0,863.0,373.0,374.0,371.0
3685.0,856.0,865.0,863.0,370.0,368.0,363.0
3687.0,856.0,870.0,859.0,371.0,366.0,365.0
3716.0,869.0,866.0,867.0,373.0,370.0,371.0
3773.0,884.0,880.0,888.0,373.0,374.0,374.0
3795.0,883.0,890.0,888.0,377.0,377.0,380.0
3769.0,875.0,876.0,882.0,383.0,373.0,380.0
3748.0,884.0,873.0,864.0,375.0,375.0,377.0
3694.0,865.0,858.0,853.0,373.0,371.0,374.0
3710.0,861.0,865.0,866.0,372.0,372.0,374.0
3757.0,880.0,883.0,873.0,374.0,374.0,373.0
3767.0,883.0,879.0,881.0,373.0,377.0,374.0
3771.0,881.0,879.0,886.0,374.0,374.0,377.0
3754.0,877.0,873.0,878.0,374.0,376.0,376.0
3714.0,863.0,864.0,866.0,374.0,374.0,373.0
3731.0,872.0,878.0,863.0,377.0,372.0,369.0
3717.0,863.0,868.0,871.0,373.0,371.0,371.0
3780.0,879.0,872.0,888.0,378.0,383.0,380.0
3786.0,888.0,877.0,881.0,375.0,382.0,383.0
3799.0,882.0,886.0,886.0,383.0,382.0,380.0
3800.0,882.0,896.0,883.0,382.0,379.0,378.0
3772.0,887.0,882.0,878.0,377.0,374.0,374.0
3734.0,871.0,872.0,872.0,379.0,372.0,368.0
3764.0,870.0,874.0,895.0,376.0,374.0,375.0
3769.0,877.0,883.0,878.0,377.0,379.0,375.0
3820.0,901.0,888.0,887.0,382.0,381.0,381.0
3809.0,882.0,896.0,881.0,379.0,389.0,382.0
3790.0,887.0,882.0,880.0,378.0,381.0,382.0
3756.0,882.0,877.0,869.0,378.0,376.0,374.0
3763.0,886.0,875.0,875.0,375.0,375.0,377.0
3744.0,875.0,873.0,874.0,376.0,369.0,377.0
3802.0,884.0,893.0,892.0,378.0,375.0,380.0
3806.0,890.0,887.0,886.0,381.0,382.0,380.0
3823.0,897.0,899.0,892.0,380.0,380.0,375.0
3810.0,890.0,889.0,885.0,382.0,385.0,379.0
3776.0,879.0,886.0,881.0,376.0,378.0,376.0
3760.0,882.0,880.0,873.0,373.0,375.0,377.0
3757.0,870.0,877.0,877.0,375.0,378.0,380.0
3807.0,886.0,889.0,891.0,378.0,380.0,383.0
3837.0,891.0,897.0,898.0,384.0,381.0,386.0
3864.0,902.0,907.0,901.0,383.0,386.0,385.0
3810.0,887.0,886.0,900.0,378.0,379.0,380.0
3776.0,886.0,870.0,891.0,377.0,377.0,375.0
3781.0,887.0,884.0,880.0,377.0,377.0,376.0
3790.0,880.0,887.0,887.0,381.0,381.0,374.0
3832.0,892.0,894.0,894.0,384.0,387.0,381.0
3859.0,907.0,892.0,899.0,389.0,386.0,386.0
3849.0,894.0,902.0,897.0,384.0,386.0,386.0
3833.0,892.0,893.0,902.0,379.0,382.0,385.0
3822.0,888.0,887.0,903.0,380.0,380.0,384.0
3792.0,883.0,888.0,885.0,380.0,374.0,382.0
3774.0,877.0,884.0,882.0,377.0,375.0,379.0
3837.0,900.0,891.0,896.0,386.0,380.0,384.0
3871.0,912.0,902.0,901.0,385.0,388.0,383.0
3853.0,895.0,890.0,906.0,388.0,388.0,386.0
3856.0,895.0,907.0,905.0,382.0,385.0,382.0
3817.0,893.0,886.0,896.0,379.0,383.0,380.0
3798.0,892.0,885.0,888.0,375.0,379.0,379.0
3801.0,887.0,887.0,881.0,381.0,382.0,383.0
3848.0,898.0,903.0,898.0,386.0,381.0,382.0
3872.0,905.0,911.0,896.0,388.0,384.0,388.0
3890.0,906.0,909.0,907.0,389.0,388.0,391.0
3883.0,903.0,899.0,914.0,390.0,389.0,388.0
3833.0,895.0,896.0,889.0,386.0,383.0,384.0
3816.0,900.0,896.0,881.0,378.0,383.0,378.0
3806.0,887.0,892.0,888.0,375.0,385.0,379.0
3856.0,900.0,900.0,902.0,384.0,386.0,384.0
3898.0,911.0,906.0,917.0,384.0,390.0,390.0
3891.0,908.0,901.0,913.0,389.0,389.0,391.0
3891.0,896.0,917.0,906.0,388.0,391.0,393.0
3861.0,901.0,900.0,896.0,390.0,386.0,388.0
3837.0,902.0,894.0,897.0,379.0,379.0,386.0
3846.0,901.0,891.0,900.0,383.0,385.0,386.0
3859.0,898.0,895.0,909.0,386.0,383.0,388.0
3906.0,920.0,908.0,913.0,389.0,389.0,387.0
3903.0,911.0,911.0,911.0,393.0,390.0,387.0
3855.0,902.0,894.0,897.0,391.0,387.0,384.0
3884.0,913.0,904.0,903.0,392.0,387.0,385.0
3831.0,901.0,889.0,890.0,381.0,386.0,384.0
3838.0,894.0,894.0,899.0,381.0,385.0,385.0
3885.0,901.0,911.0,912.0,384.0,387.0,390.0
3940.0,916.0,912.0,929.0,393.0,397.0,393.0
3934.0,915.0,909.0,925.0,398.0,395.0,392.0
3896.0,908.0,909.0,907.0,390.0,390.0,392.0
3886.0,909.0,907.0,905.0,390.0,387.0,388.0
3840.0,903.0,897.0,889.0,385.0,385.0,381.0
3870.0,904.0,898.0,911.0,384.0,386.0,387.0
3873.0,900.0,896.0,911.0,391.0,386.0,389.0
3918.0,922.0,911.0,911.0,393.0,391.0,390.0
3924.0,912.0,917.0,910.0,392.0,398.0,395.0
3932.0,918.0,915.0,915.0,393.0,397.0,394.0
3904.0,912.0,904.0,913.0,389.0,393.0,393.0
3894.0,910.0,902.0,914.0,392.0,389.0,387.0
3874.0,899.0,907.0,905.0,392.0,379.0,392.0
3894.0,910.0,912.0,908.0,388.0,388.0,388.0
3931.0,917.0,912.0,920.0,394.0,392.0,396.0
3949.0,926.0,922.0,920.0,395.0,396.0,390.0
3925.0,912.0,918.0,916.0,395.0,394.0,390.0
3915.0,905.0,919.0,914.0,394.0,393.0,390.0
3906.0,915.0,913.0,909.0,390.0,391.0,388.0
3910.0,914.0,905.0,919.0,392.0,393.0,387.0
3918.0,913.0,910.0,911.0,396.0,393.0,395.0
3958.0,932.0,919.0,923.0,395.0,393.0,396.0
3956.0,920.0,925.0,925.0,393.0,391.0,402.0
3934.0,906.0,931.0,922.0,393.0,390.0,392.0
3926.0,916.0,914.0,923.0,392.0,391.0,390.0
3925.0,915.0,914.0,923.0,393.0,391.0,389.0
3920.0,910.0,917.0,917.0,393.0,393.0,390.0
3956.0,923.0,927.0,915.0,398.0,398.0,395.0
3980.0,933.0,929.0,923.0,398.0,402.0,395.0
3978.0,928.0,927.0,928.0,396.0,401.0,398.0
3941.0,919.0,917.0,925.0,394.0,391.0,395.0
3913.0,913.0,908.0,918.0,393.0,388.0,393.0
3905.0,911.0,909.0,910.0,391.0,389.0,395.0
3918.0,907.0,918.0,915.0,394.0,392.0,392.0
3930.0,920.0,913.0,912.0,396.0,395.0,394.0
3969.0,929.0,924.0,921.0,398.0,399.0,398.0
3984.0,927.0,925.0,936.0,399.0,401.0,396.0
3991.0,925.0,938.0,935.0,394.0,400.0,399.0
3967.0,927.0,924.0,930.0,395.0,395.0,396.0
3917.0,917.0,911.0,912.0,392.0,390.0,395.0
3929.0,912.0,914.0,919.0,397.0,392.0,395.0
3981.0,929.0,925.0,926.0,398.0,401.0,402.0
4026.0,944.0,934.0,939.0,406.0,399.0,404.0
4029.0,940.0,938.0,941.0,402.0,402.0,406.0
3976.0,917.0,932.0,928.0,396.0,404.0,399.0
3955.0,924.0,920.0,925.0,394.0,400.0,392.0
3954.0,927.0,928.0,914.0,396.0,394.0,395.0
3963.0,919.0,937.0,924.0,394.0,396.0,393.0
3973.0,931.0,930.0,922.0,400.0,394.0,396.0
4007.0,941.0,930.0,934.0,402.0,399.0,401.0
4024.0,933.0,941.0,944.0,404.0,400.0,402.0
4002.0,935.0,935.0,934.0,398.0,396.0,404.0
3957.0,921.0,923.0,923.0,394.0,399.0,397.0
3953.0,928.0,916.0,922.0,395.0,397.0,395.0
3954.0,919.0,916.0,932.0,394.0,397.0,396.0
4003.0,927.0,932.0,945.0,401.0,400.0,398.0
4030.0,942.0,940.0,941.0,401.0,404.0,402.0
4051.0,948.0,947.0,945.0,402.0,402.0,407.0
3998.0,931.0,932.0,933.0,402.0,400.0,400.0
3979.0,929.0,925.0,928.0,399.0,399.0,399.0
3949.0,925.0,922.0,917.0,393.0,395.0,397.0
3966.0,921.0,923.0,926.0,399.0,397.0,400.0
4013.0,930.0,936.0,941.0,401.0,403.0,402.0
4071.0,951.0,954.0,947.0,405.0,403.0,411.0
4068.0,948.0,947.0,947.0,410.0,408.0,408.0
4021.0,933.0,943.0,938.0,403.0,404.0,400.0
3989.0,939.0,927.0,922.0,400.0,400.0,401.0
3989.0,932.0,935.0,933.0,396.0,395.0,398.0
3988.0,927.0,934.0,936.0,397.0,395.0,399.0
4031.0,941.0,936.0,949.0,401.0,401.0,403.0
4060.0,955.0,945.0,944.0,405.0,409.0,402.0
4072.0,951.0,956.0,944.0,407.0,405.0,409.0
4039.0,935.0,949.0,936.0,407.0,405.0,407.0
4021.0,940.0,937.0,933.0,400.0,409.0,402.0
3989.0,932.0,919.0,935.0,401.0,401.0,401.0
3993.0,926.0,933.0,936.0,397.0,402.0,399.0
4027.0,937.0,940.0,942.0,404.0,402.0,402.0
4082.0,954.0,955.0,948.0,408.0,409.0,408.0
4075.0,950.0,956.0,948.0,407.0,407.0,407.0
4062.0,946.0,946.0,948.0,408.0,408.0,406.0
4030.0,937.0,932.0,953.0,402.0,406.0,400.0
4023.0,932.0,936.0,947.0,401.0,403.0,404.0
4010.0,930.0,937.0,937.0,403.0,402.0,401.0
4048.0,946.0,940.0,945.0,404.0,405.0,408.0
4095.0,966.0,955.0,949.0,408.0,411.0,406.0
4073.0,952.0,953.0,948.0,409.0,404.0,407.0
4100.0,953.0,965.0,951.0,414.0,406.0,411.0
4060.0,954.0,947.0,943.0,410.0,401.0,405.0
4022.0,942.0,932.0,940.0,405.0,402.0,401.0
4038.0,937.0,947.0,943.0,407.0,405.0,399.0
4058.0,947.0,949.0,938.0,405.0,410.0,409.0
4113.0,967.0,966.0,951.0,409.0,413.0,407.0
4105.0,949.0,967.0,957.0,411.0,409.0,412.0
4068.0,949.0,948.0,952.0,406.0,406.0,407.0
4088.0,960.0,949.0,959.0,406.0,408.0,406.0
4049.0,944.0,949.0,945.0,406.0,402.0,403.0
4041.0,935.0,953.0,938.0,407.0,403.0,405.0
4099.0,956.0,955.0,956.0,412.0,408.0,412.0
4118.0,968.0,952.0,963.0,409.0,416.0,410.0
4120.0,962.0,963.0,962.0,410.0,412.0,411.0
4100.0,954.0,960.0,953.0,410.0,414.0,409.0
4071.0,956.0,944.0,950.0,407.0,407.0,407.0
4055.0,951.0,950.0,938.0,405.0,406.0,405.0
4036.0,938.0,937.0,945.0,405.0,407.0,404.0
4090.0,955.0,952.0,959.0,406.0,408.0,410.0
4147.0,973.0,964.0,974.0,413.0,410.0,413.0
4135.0,965.0,968.0,967.0,412.0,411.0,412.0
4130.0,961.0,964.0,971.0,409.0,412.0,413.0
4082.0,960.0,945.0,951.0,410.0,407.0,409.0
4074.0,955.0,951.0,945.0,407.0,409.0,407.0
4083.0,945.0,959.0,955.0,411.0,410.0,403.0
4125.0,954.0,967.0,961.0,415.0,412.0,416.0
4160.0,967.0,974.0,975.0,415.0,416.0,413.0
4150.0,972.0,967.0,975.0,412.0,409.0,415.0
4107.0,953.0,960.0,961.0,408.0,410.0,415.0
4103.0,958.0,960.0,956.0,409.0,409.0,411.0
4085.0,953.0,954.0,960.0,406.0,405.0,407.0
4081.0,951.0,952.0,950.0,409.0,411.0,408.0
4109.0,953.0,955.0,964.0,416.0,411.0,410.0
4162.0,974.0,960.0,978.0,417.0,418.0,415.0
4180.0,977.0,979.0,974.0,418.0,417.0,415.0
4148.0,969.0,966.0,969.0,415.0,414.0,415.0
4119.0,966.0,966.0,959.0,409.0,412.0,407.0
4102.0,959.0,962.0,954.0,411.0,405.0,411.0
4108.0,962.0,960.0,960.0,409.0,409.0,408.0
4138.0,957.0,964.0,974.0,415.0,416.0,412.0
4191.0,983.0,977.0,975.0,422.0,412.0,422.0
4162.0,974.0,966.0,965.0,418.0,418.0,421.0
4157.0,973.0,965.0,961.0,418.0,422.0,418.0
4120.0,967.0,958.0,961.0,411.0,413.0,410.0
4105.0,961.0,961.0,955.0,411.0,410.0,407.0
4107.0,959.0,962.0,957.0,412.0,410.0,407.0
4132.0,962.0,964.0,965.0,419.0,412.0,410.0
4178.0,975.0,973.0,976.0,421.0,420.0,413.0
4176.0,975.0,971.0,972.0,422.0,420.0,416.0
4192.0,970.0,983.0,972.0,424.0,422.0,421.0
4153.0,970.0,973.0,966.0,413.0,415.0,416.0
4145.0,974.0,958.0,976.0,409.0,414.0,414.0
4128.0,955.0,960.0,972.0,412.0,413.0,416.0
4156.0,973.0,967.0,971.0,415.0,414.0,416.0
4192.0,982.0,976.0,978.0,419.0,422.0,415.0
4204.0,988.0,981.0,977.0,422.0,419.0,417.0
4173.0,968.0,979.0,971.0,423.0,417.0,415.0
4151.0,971.0,965.0,975.0,415.0,412.0,413.0
4154.0,966.0,969.0,977.0,412.0,416.0,414.0
4148.0,968.0,972.0,968.0,410.0,413.0,417.0
4176.0,970.0,969.0,974.0,419.0,422.0,422.0
4198.0,992.0,963.0,976.0,424.0,421.0,422.0
4205.0,987.0,972.0,983.0,420.0,423.0,420.0
4208.0,983.0,982.0,986.0,417.0,420.0,420.0
4188.0,979.0,974.0,985.0,417.0,416.0,417.0
4144.0,964.0,966.0,968.0,416.0,417.0,413.0
4153.0,968.0,959.0,981.0,416.0,415.0,414.0
4178.0,972.0,976.0,975.0,420.0,419.0,416.0
4222.0,987.0,991.0,979.0,418.0,423.0,424.0
4241.0,987.0,998.0,984.0,422.0,424.0,426.0
4223.0,979.0,987.0,990.0,421.0,424.0,422.0
4190.0,983.0,968.0,984.0,420.0,418.0,417.0
4161.0,971.0,969.0,974.0,417.0,412.0,418.0
4153.0,962.0,968.0,971.0,420.0,413.0,419.0
4183.0,974.0,987.0,967.0,419.0,417.0,419.0
4230.0,986.0,991.0,986.0,422.0,424.0,421.0
4238.0,987.0,982.0,991.0,425.0,428.0,425.0
4233.0,989.0,986.0,991.0,424.0,426.0,417.0
4211.0,985.0,984.0,977.0,422.0,424.0,419.0
4198.0,981.0,982.0,976.0,417.0,423.0,419.0
4191.0,971.0,988.0,972.0,422.0,418.0,420.0
4224.0,995.0,980.0,981.0,420.0,422.0,426.0
4245.0,995.0,983.0,993.0,425.0,424.0,425.0
4277.0,1004.0,993.0,1002.0,427.0,423.0,428.0
4239.0,981.0,997.0,995.0,421.0,422.0,423.0
4200.0,983.0,973.0,981.0,419.0,426.0,418.0
4193.0,993.0,975.0,961.0,421.0,422.0,421.0
4187.0,973.0,974.0,978.0,422.0,420.0,420.0
4240.0,990.0,995.0,985.0,422.0,425.0,423.0
4260.0,997.0,997.0,995.0,424.0,423.0,424.0
4283.0,993.0,1002.0,1006.0,425.0,429.0,428.0
4259.0,999.0,981.0,999.0,427.0,428.0,425.0
4220.0,985.0,979.0,991.0,422.0,421.0,422.0
4213.0,987.0,984.0,978.0,422.0,421.0,421.0
4207.0,982.0,982.0,982.0,421.0,420.0,420.0
4268.0,988.0,995.0,1005.0,427.0,426.0,427.0
4271.0,994.0,993.0,1000.0,425.0,431.0,428.0
4295.0,994.0,1005.0,1009.0,428.0,432.0,427.0
4266.0,989.0,999.0,1001.0,426.0,427.0,424.0
4234.0,993.0,997.0,982.0,420.0,422.0,420.0
4206.0,989.0,972.0,982.0,422.0,419.0,422.0
4220.0,982.0,982.0,985.0,424.0,423.0,424.0
4258.0,994.0,989.0,996.0,427.0,424.0,428.0
4304.0,1010.0,998.0,1011.0,427.0,429.0,429.0
4316.0,1004.0,1013.0,1008.0,428.0,433.0,430.0
4298.0,1002.0,1006.0,995.0,430.0,434.0,431.0
4258.0,994.0,994.0,991.0,427.0,429.0,423.0
4232.0,993.0,985.0,985.0,425.0,423.0,421.0
4259.0,989.0,1000.0,990.0,428.0,426.0,426.0
4263.0,991.0,998.0,1000.0,428.0,422.0,424.0
4285.0,1005.0,999.0,1000.0,429.0,426.0,426.0
4326.0,1011.0,1007.0,1010.0,434.0,428.0,436.0
4309.0,1008.0,1010.0,1001.0,426.0,434.0,430.0
4272.0,996.0,1003.0,997.0,423.0,425.0,428.0
4255.0,983.0,998.0,1001.0,423.0,426.0,424.0
4245.0,989.0,992.0,993.0,423.0,426.0,422.0
4277.0,993.0,993.0,1005.0,429.0,430.0,427.0
4325.0,1017.0,1014.0,993.0,437.0,431.0,433.0
4321.0,1007.0,1010.0,1007.0,433.0,431.0,433.0
4317.0,1014.0,1000.0,1011.0,431.0,432.0,429.0
4283.0,1001.0,997.0,1003.0,426.0,428.0,428.0
4290.0,1003.0,990.0,1010.0,428.0,429.0,430.0
4278.0,989.0,1003.0,997.0,428.0,432.0,429.0
4297.0,992.0,1006.0,1001.0,431.0,434.0,433.0
4335.0,1014.0,1009.0,1009.0,436.0,433.0,434.0
4349.0,1013.0,1016.0,1011.0,438.0,434.0,437.0
4322.0,1012.0,1015.0,999.0,433.0,430.0,433.0
4308.0,1006.0,1007.0,1006.0,428.0,429.0,432.0
4285.0,995.0,1006.0,1008.0,425.0,424.0,427.0
4264.0,990.0,1000.0,994.0,426.0,428.0,426.0
4323.0,1010.0,1005.0,1015.0,434.0,433.0,426.0
4347.0,1023.0,1009.0,1006.0,436.0,436.0,437.0
4379.0,1013.0,1027.0,1021.0,439.0,441.0,438.0
4343.0,1006.0,1018.0,1018.0,436.0,434.0,431.0
4322.0,1008.0,1003.0,1011.0,432.0,433.0,435.0
4284.0,996.0,1003.0,1001.0,429.0,429.0,426.0
4287.0,999.0,1000.0,1000.0,430.0,428.0,430.0
4316.0,1013.0,1007.0,997.0,435.0,432.0,432.0
4368.0,1021.0,1021.0,1018.0,436.0,435.0,437.0
4370.0,1012.0,1020.0,1022.0,438.0,439.0,439.0
4326.0,1008.0,1012.0,1010.0,431.0,436.0,429.0
4358.0,1021.0,1010.0,1020.0,435.0,438.0,434.0
4310.0,1013.0,1010.0,1000.0,427.0,432.0,428.0
4318.0,1003.0,1011.0,1007.0,432.0,432.0,433.0
4341.0,1012.0,1010.0,1011.0,435.0,433.0,440.0
4374.0,1019.0,1018.0,1016.0,438.0,441.0,442.0
4394.0,1014.0,1030.0,1033.0,438.0,438.0,441.0
4354.0,1014.0,1014.0,1020.0,439.0,432.0,435.0
4339.0,1016.0,1019.0,1009.0,434.0,430.0,431.0
4311.0,1011.0,1002.0,1001.0,434.0,433.0,430.0
4336.0,1007.0,1012.0,1017.0,431.0,435.0,434.0
4349.0,1009.0,1014.0,1016.0,435.0,439.0,436.0
4396.0,1021.0,1033.0,1029.0,438.0,439.0,436.0
4431.0,1027.0,1033.0,1045.0,441.0,442.0,443.0
4356.0,1014.0,1009.0,1023.0,435.0,436.0,439.0
4347.0,1026.0,1004.0,1013.0,437.0,429.0,438.0
4319.0,1006.0,1010.0,1004.0,436.0,429.0,434.0
4321.0,1014.0,1010.0,1000.0,429.0,434.0,434.0
4351.0,1013.0,1013.0,1020.0,435.0,436.0,434.0
4433.0,1037.0,1031.0,1044.0,438.0,441.0,442.0
4411.0,1030.0,1025.0,1032.0,439.0,446.0,439.0
4390.0,1019.0,1023.0,1031.0,438.0,443.0,436.0
4363.0,1014.0,1021.0,1015.0,438.0,439.0,436.0
4340.0,1013.0,1009.0,1011.0,436.0,435.0,436.0
4358.0,1021.0,1011.0,1017.0,439.0,435.0,435.0
4385.0,1017.0,1016.0,1032.0,440.0,438.0,442.0
4446.0,1030.0,1044.0,1043.0,440.0,442.0,447.0
4433.0,1030.0,1043.0,1035.0,438.0,441.0,446.0
4405.0,1024.0,1030.0,1028.0,440.0,441.0,442.0
4366.0,1018.0,1021.0,1017.0,435.0,439.0,436.0
4354.0,1014.0,1016.0,1019.0,436.0,435.0,434.0
4363.0,1013.0,1022.0,1021.0,436.0,436.0,435.0
4423.0,1027.0,1033.0,1037.0,444.0,439.0,443.0
4427.0,1038.0,1032.0,1034.0,444.0,441.0,438.0
4448.0,1041.0,1042.0,1033.0,444.0,441.0,447.0
4419.0,1030.0,1034.0,1021.0,445.0,440.0,449.0
4407.0,1031.0,1027.0,1027.0,439.0,442.0,441.0
4390.0,1031.0,1020.0,1027.0,436.0,437.0,439.0
4417.0,1029.0,1023.0,1034.0,446.0,442.0,443.0
4398.0,1016.0,1025.0,1029.0,443.0,443.0,442.0
4429.0,1036.0,1034.0,1030.0,445.0,442.0,442.0
4459.0,1034.0,1048.0,1042.0,447.0,445.0,443.0
4420.0,1030.0,1036.0,1029.0,440.0,441.0,444.0
4412.0,1037.0,1029.0,1027.0,440.0,439.0,440.0
4399.0,1026.0,1024.0,1033.0,437.0,439.0,440.0
4390.0,1021.0,1017.0,1029.0,439.0,442.0,442.0
4425.0,1038.0,1031.0,1030.0,443.0,441.0,442.0
4475.0,1040.0,1041.0,1045.0,447.0,451.0,451.0
4460.0,1039.0,1037.0,1043.0,444.0,450.0,447.0
4443.0,1039.0,1034.0,1038.0,441.0,447.0,444.0
4410.0,1033.0,1025.0,1032.0,440.0,439.0,441.0
4420.0,1028.0,1035.0,1040.0,439.0,440.0,438.0
4398.0,1025.0,1020.0,1029.0,441.0,442.0,441.0
4419.0,1037.0,1031.0,1027.0,443.0,441.0,440.0
4479.0,1051.0,1037.0,1047.0,449.0,447.0,448.0
4488.0,1046.0,1054.0,1042.0,451.0,446.0,449.0
4477.0,1041.0,1041.0,1052.0,446.0,448.0,449.0
4431.0,1040.0,1032.0,1030.0,441.0,442.0,446.0
4413.0,1029.0,1026.0,1033.0,440.0,442.0,443.0
4413.0,1025.0,1032.0,1029.0,439.0,442.0,446.0
4453.0,1043.0,1035.0,1039.0,446.0,446.0,444.0
4480.0,1038.0,1053.0,1039.0,452.0,448.0,450.0
4501.0,1050.0,1055.0,1046.0,453.0,446.0,451.0
4484.0,1043.0,1043.0,1053.0,448.0,450.0,447.0
4443.0,1038.0,1029.0,1041.0,445.0,444.0,446.0
4433.0,1034.0,1036.0,1028.0,441.0,447.0,447.0
4438.0,1030.0,1039.0,1031.0,447.0,444.0,447.0
4466.0,1043.0,1041.0,1045.0,443.0,448.0,446.0
4499.0,1051.0,1041.0,1052.0,453.0,453.0,449.0
4503.0,1054.0,1050.0,1049.0,451.0,447.0,452.0
4497.0,1046.0,1050.0,1058.0,446.0,447.0,450.0
4482.0,1044.0,1053.0,1046.0,444.0,447.0,448.0
4439.0,1037.0,1041.0,1035.0,440.0,444.0,442.0
4428.0,1034.0,1030.0,1036.0,440.0,444.0,444.0
4481.0,1049.0,1039.0,1046.0,450.0,452.0,445.0
4543.0,1062.0,1064.0,1059.0,455.0,452.0,451.0
4525.0,1053.0,1050.0,1060.0,456.0,453.0,453.0
4508.0,1049.0,1057.0,1048.0,450.0,451.0,453.0
4490.0,1050.0,1049.0,1044.0,450.0,446.0,451.0
4453.0,1046.0,1038.0,1030.0,445.0,444.0,450.0
4460.0,1031.0,1046.0,1045.0,446.0,445.0,447.0
4533.0,1053.0,1069.0,1063.0,448.0,448.0,452.0
4528.0,1054.0,1054.0,1064.0,453.0,454.0,449.0
4538.0,1057.0,1057.0,1064.0,455.0,452.0,453.0
4508.0,1050.0,1053.0,1047.0,452.0,456.0,450.0
4512.0,1055.0,1053.0,1053.0,450.0,451.0,450.0
4471.0,1034.0,1050.0,1040.0,451.0,449.0,447.0
4479.0,1050.0,1049.0,1037.0,443.0,450.0,450.0
4498.0,1057.0,1045.0,1048.0,448.0,446.0,454.0
4556.0,1066.0,1066.0,1063.0,452.0,453.0,456.0
4546.0,1061.0,1063.0,1056.0,455.0,455.0,456.0
4537.0,1049.0,1060.0,1059.0,458.0,458.0,453.0
4502.0,1055.0,1049.0,1046.0,451.0,454.0,447.0
4517.0,1058.0,1052.0,1051.0,455.0,451.0,450.0
4489.0,1039.0,1055.0,1044.0,450.0,454.0,447.0
4542.0,1066.0,1062.0,1062.0,454.0,449.0,449.0
4566.0,1067.0,1067.0,1061.0,457.0,456.0,458.0
4559.0,1067.0,1068.0,1060.0,455.0,452.0,457.0
4536.0,1058.0,1053.0,1056.0,457.0,453.0,459.0
4531.0,1062.0,1052.0,1055.0,453.0,455.0,454.0
4509.0,1045.0,1058.0,1056.0,448.0,450.0,452.0
4514.0,1044.0,1058.0,1048.0,456.0,453.0,455.0
4538.0,1056.0,1061.0,1061.0,453.0,453.0,454.0
4584.0,1070.0,1071.0,1064.0,460.0,458.0,461.0
4581.0,1068.0,1071.0,1069.0,458.0,457.0,458.0
4553.0,1064.0,1062.0,1061.0,458.0,453.0,455.0
4532.0,1056.0,1053.0,1065.0,456.0,452.0,450.0
4519.0,1049.0,1052.0,1061.0,453.0,452.0,452.0
4522.0,1051.0,1053.0,1059.0,453.0,452.0,454.0
4556.0,1060.0,1074.0,1053.0,456.0,454.0,459.0
4580.0,1069.0,1073.0,1065.0,459.0,458.0,456.0
4622.0,1076.0,1084.0,1073.0,461.0,467.0,461.0
4581.0,1060.0,1073.0,1074.0,455.0,461.0,458.0
4577.0,1068.0,1063.0,1077.0,455.0,457.0,457.0
4556.0,1060.0,1071.0,1065.0,457.0,450.0,453.0
4532.0,1053.0,1069.0,1055.0,455.0,454.0,446.0
4557.0,1068.0,1066.0,1056.0,457.0,455.0,455.0
4609.0,1085.0,1066.0,1072.0,460.0,465.0,461.0
4609.0,1079.0,1072.0,1069.0,462.0,464.0,463.0
4608.0,1068.0,1078.0,1075.0,461.0,465.0,461.0
4569.0,1063.0,1067.0,1069.0,452.0,459.0,459.0
4545.0,1056.0,1068.0,1061.0,450.0,455.0,455.0
4530.0,1047.0,1059.0,1057.0,455.0,457.0,455.0
4565.0,1062.0,1064.0,1058.0,461.0,461.0,459.0
4616.0,1078.0,1079.0,1076.0,464.0,458.0,461.0
4616.0,1075.0,1080.0,1079.0,461.0,460.0,461.0
4594.0,1061.0,1073.0,1082.0,460.0,459.0,459.0
4596.0,1080.0,1065.0,1082.0,458.0,455.0,456.0
4557.0,1069.0,1062.0,1057.0,456.0,456.0,457.0
4555.0,1068.0,1063.0,1049.0,458.0,459.0,458.0
4584.0,1068.0,1072.0,1066.0,457.0,460.0,461.0
4636.0,1086.0,1075.0,1081.0,465.0,465.0,464.0
4632.0,1077.0,1070.0,1091.0,463.0,463.0,468.0
4621.0,1081.0,1075.0,1082.0,463.0,459.0,461.0
4580.0,1071.0,1064.0,1072.0,458.0,456.0,459.0
4557.0,1066.0,1064.0,1061.0,455.0,454.0,457.0
4582.0,1071.0,1065.0,1074.0,457.0,456.0,459.0
4623.0,1090.0,1066.0,1077.0,463.0,466.0,461.0
4643.0,1083.0,1077.0,1088.0,465.0,466.0,464.0
4680.0,1083.0,1095.0,1098.0,467.0,469.0,468.0
4620.0,1066.0,1084.0,1081.0,463.0,462.0,464.0
4615.0,1088.0,1070.0,1074.0,456.0,462.0,465.0
4581.0,1075.0,1071.0,1064.0,456.0,454.0,461.0
4591.0,1061.0,1076.0,1078.0,458.0,459.0,459.0
4627.0,1083.0,1077.0,1086.0,462.0,458.0,461.0
4674.0,1094.0,1093.0,1093.0,465.0,463.0,466.0
4673.0,1087.0,1088.0,1094.0,470.0,470.0,464.0
4659.0,1080.0,1081.0,1093.0,470.0,469.0,466.0
4627.0,1084.0,1075.0,1080.0,465.0,464.0,459.0
4592.0,1075.0,1073.0,1065.0,459.0,463.0,457.0
4606.0,1073.0,1074.0,1078.0,459.0,459.0,463.0
4648.0,1088.0,1079.0,1091.0,462.0,464.0,464.0
4690.0,1101.0,1084.0,1097.0,467.0,466.0,475.0
4676.0,1092.0,1088.0,1093.0,470.0,465.0,468.0
4673.0,1087.0,1095.0,1087.0,467.0,468.0,469.0
4634.0,1078.0,1081.0,1082.0,463.0,466.0,464.0
4600.0,1072.0,1066.0,1081.0,461.0,461.0,459.0
4617.0,1077.0,1069.0,1087.0,458.0,468.0,458.0
4665.0,1089.0,1091.0,1089.0,464.0,468.0,464.0
4712.0,1101.0,1106.0,1101.0,468.0,469.0,467.0
4692.0,1098.0,1097.0,1091.0,470.0,466.0,470.0
4653.0,1085.0,1085.0,1083.0,467.0,465.0,468.0
4623.0,1086.0,1074.0,1070.0,465.0,463.0,465.0
4645.0,1080.0,1085.0,1087.0,467.0,461.0,465.0
4646.0,1080.0,1088.0,1083.0,463.0,461.0,471.0
4690.0,1096.0,1104.0,1092.0,463.0,468.0,467.0
4705.0,1099.0,1093.0,1098.0,468.0,478.0,469.0
4709.0,1105.0,1094.0,1098.0,471.0,472.0,469.0
4692.0,1098.0,1100.0,1086.0,469.0,471.0,468.0
4686.0,1098.0,1097.0,1094.0,469.0,464.0,464.0
4645.0,1084.0,1082.0,1087.0,465.0,466.0,461.0
4630.0,1073.0,1076.0,1091.0,466.0,459.0,465.0
4674.0,1089.0,1089.0,1096.0,466.0,465.0,469.0
4708.0,1105.0,1102.0,1092.0,466.0,471.0,472.0
4715.0,1097.0,1105.0,1100.0,469.0,472.0,472.0
4716.0,1097.0,1106.0,1098.0,471.0,472.0,472.0
4662.0,1092.0,1086.0,1087.0,467.0,467.0,463.0
4654.0,1084.0,1088.0,1087.0,467.0,461.0,467.0
4661.0,1085.0,1094.0,1090.0,465.0,464.0,463.0
4692.0,1099.0,1090.0,1093.0,470.0,469.0,471.0
4728.0,1105.0,1100.0,1104.0,474.0,470.0,475.0
4726.0,1105.0,1099.0,1103.0,470.0,471.0,478.0
4702.0,1096.0,1097.0,1094.0,470.0,474.0,471.0
4701.0,1097.0,1097.0,1101.0,468.0,468.0,470.0
4670.0,1090.0,1088.0,1088.0,466.0,468.0,470.0
4676.0,1083.0,1095.0,1091.0,471.0,465.0,471.0
4697.0,1104.0,1089.0,1094.0,471.0,471.0,468.0
4739.0,1105.0,1107.0,1106.0,476.0,471.0,474.0
4760.0,1103.0,1119.0,1112.0,476.0,475.0,475.0
4741.0,1104.0,1110.0,1111.0,473.0,472.0,471.0
4706.0,1103.0,1098.0,1100.0,469.0,468.0,468.0
4668.0,1087.0,1094.0,1082.0,470.0,468.0,467.0
4690.0,1089.0,1096.0,1090.0,475.0,470.0,470.0
4725.0,1100.0,1102.0,1103.0,472.0,475.0,473.0
4776.0,1113.0,1109.0,1121.0,476.0,480.0,477.0
4766.0,1112.0,1106.0,1121.0,476.0,475.0,476.0
4733.0,1100.0,1106.0,1107.0,474.0,474.0,472.0
4697.0,1104.0,1095.0,1094.0,470.0,467.0,467.0
4713.0,1107.0,1106.0,1091.0,469.0,470.0,470.0
4695.0,1093.0,1097.0,1092.0,471.0,470.0,472.0
4716.0,1100.0,1096.0,1099.0,477.0,473.0,471.0
4762.0,1112.0,1104.0,1118.0,480.0,477.0,471.0
4777.0,1111.0,1115.0,1115.0,477.0,482.0,477.0
4750.0,1101.0,1111.0,1107.0,477.0,477.0,477.0
4739.0,1113.0,1108.0,1105.0,467.0,473.0,473.0
4715.0,1096.0,1101.0,1097.0,474.0,472.0,475.0
4725.0,1105.0,1107.0,1094.0,472.0,471.0,476.0
4757.0,1099.0,1118.0,1116.0,477.0,473.0,474.0
4800.0,1121.0,1123.0,1124.0,481.0,477.0,474.0
4787.0,1111.0,1124.0,1118.0,477.0,483.0,474.0
4774.0,1116.0,1113.0,1111.0,480.0,478.0,476.0
4742.0,1109.0,1102.0,1105.0,477.0,475.0,474.0
4701.0,1096.0,1105.0,1088.0,473.0,471.0,468.0
4735.0,1099.0,1102.0,1114.0,472.0,474.0,474.0
4787.0,1107.0,1125.0,1123.0,478.0,476.0,478.0
4791.0,1115.0,1113.0,1119.0,484.0,477.0,483.0
4800.0,1124.0,1118.0,1115.0,479.0,480.0,484.0
4763.0,1103.0,1118.0,1106.0,479.0,477.0,480.0
4769.0,1119.0,1112.0,1111.0,476.0,477.0,474.0
4728.0,1105.0,1095.0,1108.0,473.0,471.0,476.0
4769.0,1109.0,1112.0,1120.0,475.0,481.0,472.0
4767.0,1111.0,1107.0,1116.0,477.0,480.0,476.0
4813.0,1123.0,1119.0,1127.0,482.0,481.0,481.0
4815.0,1127.0,1127.0,1119.0,481.0,480.0,481.0
4799.0,1116.0,1124.0,1114.0,483.0,481.0,481.0
4767.0,1110.0,1115.0,1109.0,477.0,476.0,480.0
4754.0,1111.0,1107.0,1107.0,481.0,473.0,475.0
4778.0,1103.0,1125.0,1119.0,475.0,479.0,477.0
4804.0,1118.0,1128.0,1121.0,478.0,482.0,477.0
4843.0,1136.0,1124.0,1130.0,485.0,488.0,480.0
4838.0,1133.0,1122.0,1128.0,485.0,487.0,483.0
4810.0,1119.0,1125.0,1122.0,481.0,480.0,483.0
4785.0,1118.0,1119.0,1114.0,482.0,479.0,473.0
4777.0,1113.0,1118.0,1119.0,475.0,475.0,477.0
4787.0,1111.0,1121.0,1115.0,480.0,479.0,481.0
4784.0,1121.0,1116.0,1113.0,479.0,477.0,478.0
4832.0,1133.0,1126.0,1117.0,486.0,484.0,486.0
4844.0,1128.0,1131.0,1135.0,483.0,483.0,484.0
4851.0,1125.0,1137.0,1128.0,488.0,488.0,485.0
4803.0,1115.0,1122.0,1127.0,481.0,480.0,478.0
4817.0,1130.0,1117.0,1127.0,482.0,480.0,481.0
4768.0,1114.0,1111.0,1117.0,473.0,475.0,478.0
4811.0,1117.0,1131.0,1118.0,483.0,483.0,479.0
4840.0,1137.0,1131.0,1120.0,485.0,481.0,486.0
4859.0,1129.0,1131.0,1135.0,486.0,488.0,490.0
4839.0,1123.0,1131.0,1134.0,480.0,487.0,484.0
4845.0,1123.0,1133.0,1134.0,485.0,486.0,484.0
4826.0,1127.0,1128.0,1125.0,483.0,481.0,482.0
4771.0,1105.0,1113.0,1111.0,481.0,482.0,479.0
4854.0,1130.0,1131.0,1130.0,485.0,489.0,489.0
4849.0,1132.0,1126.0,1137.0,483.0,487.0,484.0
4866.0,1135.0,1141.0,1135.0,484.0,487.0,484.0
4880.0,1131.0,1147.0,1140.0,491.0,483.0,488.0
4821.0,1122.0,1127.0,1126.0,486.0,480.0,480.0
4812.0,1133.0,1113.0,1121.0,483.0,482.0,480.0
4822.0,1128.0,1120.0,1125.0,484.0,482.0,483.0
4838.0,1126.0,1125.0,1131.0,485.0,485.0,486.0
4885.0,1145.0,1142.0,1136.0,484.0,488.0,490.0
4911.0,1140.0,1143.0,1146.0,496.0,491.0,495.0
4867.0,1134.0,1139.0,1135.0,486.0,483.0,490.0
4834.0,1141.0,1116.0,1123.0,485.0,485.0,484.0
4818.0,1125.0,1123.0,1124.0,482.0,484.0,480.0
4828.0,1130.0,1129.0,1122.0,486.0,484.0,477.0
4849.0,1133.0,1133.0,1125.0,488.0,487.0,483.0
4894.0,1146.0,1137.0,1148.0,488.0,489.0,486.0
4913.0,1151.0,1143.0,1143.0,490.0,494.0,492.0
4900.0,1138.0,1151.0,1147.0,487.0,489.0,488.0
4842.0,1127.0,1137.0,1125.0,482.0,488.0,483.0
4839.0,1132.0,1120.0,1126.0,487.0,487.0,487.0
4828.0,1119.0,1124.0,1127.0,490.0,480.0,488.0
4863.0,1131.0,1133.0,1137.0,487.0,485.0,490.0
4916.0,1146.0,1152.0,1149.0,491.0,486.0,492.0
4921.0,1147.0,1151.0,1152.0,490.0,490.0,491.0
4889.0,1135.0,1150.0,1141.0,484.0,493.0,486.0
4859.0,1137.0,1129.0,1130.0,486.0,491.0,486.0
4835.0,1131.0,1117.0,1129.0,485.0,487.0,486.0
4862.0,1131.0,1139.0,1136.0,488.0,483.0,485.0
4906.0,1139.0,1152.0,1144.0,492.0,488.0,491.0
4922.0,1145.0,1143.0,1152.0,496.0,490.0,496.0
4913.0,1139.0,1149.0,1148.0,491.0,492.0,494.0
4887.0,1139.0,1143.0,1139.0,487.0,490.0,489.0
4900.0,1146.0,1152.0,1138.0,491.0,487.0,486.0
4885.0,1142.0,1144.0,1141.0,486.0,489.0,483.0
4872.0,1133.0,1134.0,1144.0,485.0,487.0,489.0
4907.0,1143.0,1140.0,1150.0,490.0,494.0,490.0
4949.0,1156.0,1156.0,1150.0,498.0,494.0,495.0
4963.0,1160.0,1161.0,1152.0,500.0,492.0,498.0
4928.0,1142.0,1154.0,1149.0,492.0,495.0,496.0
4889.0,1147.0,1141.0,1137.0,486.0,486.0,492.0
4884.0,1133.0,1137.0,1147.0,491.0,488.0,488.0
4898.0,1139.0,1150.0,1144.0,486.0,489.0,490.0
4919.0,1144.0,1149.0,1151.0,492.0,492.0,491.0
4946.0,1151.0,1159.0,1153.0,494.0,494.0,495.0
4954.0,1159.0,1151.0,1153.0,499.0,496.0,496.0
4945.0,1146.0,1152.0,1157.0,498.0,498.0,494.0
4899.0,1145.0,1137.0,1148.0,490.0,490.0,489.0
4907.0,1148.0,1150.0,1142.0,488.0,488.0,491.0
4913.0,1136.0,1153.0,1157.0,485.0,490.0,492.0
4922.0,1146.0,1147.0,1156.0,490.0,492.0,491.0
4956.0,1161.0,1149.0,1152.0,499.0,495.0,500.0
4987.0,1163.0,1171.0,1158.0,499.0,496.0,500.0
4969.0,1145.0,1170.0,1165.0,498.0,497.0,494.0
4928.0,1156.0,1144.0,1153.0,490.0,495.0,490.0
4899.0,1144.0,1137.0,1146.0,492.0,492.0,488.0
4892.0,1141.0,1139.0,1143.0,488.0,491.0,490.0
4933.0,1148.0,1151.0,1151.0,496.0,492.0,495.0
4988.0,1167.0,1166.0,1162.0,496.0,496.0,501.0
5000.0,1169.0,1167.0,1167.0,498.0,498.0,501.0
4959.0,1156.0,1149.0,1162.0,500.0,497.0,495.0
4962.0,1155.0,1156.0,1161.0,496.0,498.0,496.0
4908.0,1145.0,1146.0,1146.0,490.0,489.0,492.0
4912.0,1144.0,1151.0,1140.0,493.0,495.0,489.0
4969.0,1160.0,1168.0,1155.0,493.0,496.0,497.0
5006.0,1170.0,1169.0,1165.0,503.0,502.0,497.0
5006.0,1169.0,1165.0,1173.0,502.0,497.0,500.0
4976.0,1160.0,1161.0,1161.0,499.0,497.0,498.0
4945.0,1152.0,1159.0,1149.0,494.0,496.0,495.0
4923.0,1145.0,1152.0,1149.0,493.0,488.0,496.0
4952.0,1153.0,1156.0,1150.0,496.0,497.0,500.0
4980.0,1170.0,1152.0,1158.0,498.0,503.0,499.0
5030.0,1172.0,1171.0,1182.0,500.0,502.0,503.0
5037.0,1169.0,1174.0,1182.0,504.0,505.0,503.0
4997.0,1167.0,1164.0,1165.0,501.0,500.0,500.0
4963.0,1168.0,1152.0,1155.0,497.0,498.0,493.0
4932.0,1156.0,1148.0,1147.0,495.0,493.0,493.0
4968.0,1160.0,1155.0,1166.0,502.0,492.0,493.0
5003.0,1171.0,1172.0,1166.0,498.0,499.0,497.0
5021.0,1172.0,1173.0,1176.0,496.0,502.0,502.0
5016.0,1164.0,1161.0,1181.0,500.0,504.0,506.0
5008.0,1163.0,1169.0,1166.0,504.0,504.0,502.0
5003.0,1168.0,1167.0,1163.0,504.0,499.0,502.0
4985.0,1163.0,1168.0,1158.0,500.0,498.0,498.0
4973.0,1155.0,1158.0,1163.0,498.0,496.0,503.0
4997.0,1164.0,1163.0,1173.0,499.0,497.0,501.0
5015.0,1170.0,1174.0,1169.0,502.0,500.0,500.0
5051.0,1170.0,1181.0,1186.0,504.0,504.0,506.0
5009.0,1167.0,1174.0,1165.0,495.0,506.0,502.0
5007.0,1165.0,1166.0,1173.0,500.0,505.0,498.0
4970.0,1164.0,1151.0,1158.0,499.0,499.0,499.0
4980.0,1155.0,1164.0,1164.0,498.0,500.0,499.0
5036.0,1170.0,1178.0,1177.0,504.0,500.0,507.0
5064.0,1192.0,1181.0,1178.0,503.0,505.0,505.0
5044.0,1178.0,1174.0,1174.0,501.0,507.0,510.0
5029.0,1171.0,1173.0,1174.0,504.0,501.0,506.0
5013.0,1174.0,1171.0,1162.0,502.0,504.0,500.0
4984.0,1159.0,1166.0,1169.0,496.0,498.0,496.0
5004.0,1169.0,1164.0,1168.0,503.0,501.0,499.0
5041.0,1177.0,1173.0,1181.0,507.0,502.0,501.0
5058.0,1182.0,1176.0,1181.0,508.0,506.0,505.0
5096.0,1186.0,1190.0,1190.0,507.0,510.0,513.0
5065.0,1176.0,1182.0,1185.0,505.0,508.0,509.0
5021.0,1178.0,1163.0,1178.0,499.0,499.0,504.0
4994.0,1163.0,1166.0,1165.0,501.0,502.0,497.0
5007.0,1164.0,1162.0,1177.0,502.0,499.0,503.0
5059.0,1185.0,1173.0,1182.0,504.0,507.0,508.0
5091.0,1190.0,1186.0,1191.0,508.0,510.0,506.0
5080.0,1182.0,1187.0,1183.0,511.0,512.0,505.0
5090.0,1189.0,1181.0,1189.0,507.0,514.0,510.0
5051.0,1188.0,1175.0,1176.0,501.0,506.0,505.0
5008.0,1173.0,1161.0,1173.0,497.0,503.0,501.0
5004.0,1166.0,1166.0,1175.0,498.0,501.0,498.0
5060.0,1179.0,1174.0,1186.0,506.0,507.0,508.0
5089.0,1195.0,1186.0,1178.0,512.0,509.0,509.0
5086.0,1195.0,1170.0,1190.0,514.0,505.0,512.0
5069.0,1173.0,1189.0,1181.0,509.0,510.0,507.0
5070.0,1185.0,1183.0,1188.0,502.0,508.0,504.0
5039.0,1177.0,1174.0,1180.0,501.0,503.0,504.0
5053.0,1181.0,1175.0,1186.0,503.0,505.0,503.0
5052.0,1182.0,1183.0,1167.0,506.0,507.0,507.0
5120.0,1189.0,1195.0,1198.0,515.0,513.0,510.0
5103.0,1196.0,1194.0,1189.0,512.0,505.0,507.0
5107.0,1181.0,1199.0,1196.0,508.0,509.0,514.0
5080.0,1190.0,1176.0,1187.0,507.0,508.0,512.0
5049.0,1178.0,1172.0,1181.0,504.0,507.0,507.0
5059.0,1177.0,1187.0,1177.0,505.0,509.0,504.0
5077.0,1187.0,1192.0,1177.0,506.0,510.0,505.0
5120.0,1195.0,1193.0,1194.0,515.0,510.0,513.0
5111.0,1193.0,1191.0,1194.0,512.0,510.0,511.0
5102.0,1190.0,1187.0,1193.0,512.0,511.0,509.0
5073.0,1190.0,1186.0,1181.0,506.0,504.0,506.0
5085.0,1185.0,1191.0,1187.0,504.0,508.0,510.0
5049.0,1178.0,1181.0,1174.0,503.0,507.0,506.0
5101.0,1197.0,1180.0,1195.0,507.0,510.0,512.0
5116.0,1196.0,1189.0,1195.0,509.0,514.0,513.0
5145.0,1198.0,1197.0,1201.0,516.0,514.0,519.0
5131.0,1193.0,1200.0,1196.0,514.0,514.0,514.0
5094.0,1194.0,1189.0,1181.0,512.0,508.0,510.0
5061.0,1186.0,1177.0,1176.0,507.0,509.0,506.0
5072.0,1184.0,1194.0,1183.0,506.0,502.0,503.0
5102.0,1193.0,1196.0,1183.0,511.0,510.0,509.0
5157.0,1211.0,1197.0,1212.0,513.0,512.0,512.0
5158.0,1201.0,1200.0,1207.0,513.0,522.0,515.0
5140.0,1197.0,1194.0,1204.0,514.0,516.0,515.0
5106.0,1196.0,1192.0,1183.0,515.0,508.0,512.0
5093.0,1189.0,1191.0,1181.0,509.0,510.0,513.0
5087.0,1181.0,1187.0,1184.0,512.0,511.0,512.0
5125.0,1196.0,1195.0,1200.0,511.0,511.0,512.0
5163.0,1209.0,1198.0,1210.0,513.0,515.0,518.0
5166.0,1198.0,1201.0,1217.0,520.0,516.0,514.0
5133.0,1193.0,1205.0,1199.0,514.0,512.0,510.0
5134.0,1198.0,1199.0,1197.0,514.0,511.0,515.0
5114.0,1187.0,1193.0,1191.0,516.0,514.0,513.0
5118.0,1184.0,1189.0,1206.0,510.0,518.0,511.0
5165.0,1207.0,1212.0,1201.0,513.0,516.0,516.0
5207.0,1210.0,1219.0,1222.0,518.0,519.0,519.0
5185.0,1205.0,1216.0,1210.0,516.0,518.0,520.0
5159.0,1198.0,1198.0,1208.0,521.0,518.0,516.0
5117.0,1207.0,1184.0,1194.0,512.0,508.0,512.0
5135.0,1201.0,1196.0,1201.0,512.0,512.0,513.0
5117.0,1191.0,1203.0,1196.0,514.0,506.0,507.0
5174.0,1204.0,1211.0,1208.0,516.0,520.0,515.0
5188.0,1212.0,1202.0,1219.0,517.0,519.0,519.0
5185.0,1206.0,1214.0,1210.0,515.0,522.0,518.0
5183.0,1205.0,1207.0,1210.0,518.0,520.0,523.0
5149.0,1207.0,1201.0,1200.0,512.0,514.0,515.0
5141.0,1203.0,1195.0,1196.0,516.0,513.0,518.0
5155.0,1201.0,1200.0,1210.0,515.0,511.0,518.0
5179.0,1217.0,1202.0,1214.0,517.0,513.0,516.0
5217.0,1221.0,1221.0,1216.0,516.0,522.0,521.0
5218.0,1219.0,1219.0,1214.0,523.0,522.0,521.0
5205.0,1213.0,1219.0,1214.0,517.0,526.0,516.0
5138.0,1197.0,1196.0,1203.0,516.0,515.0,511.0
5131.0,1200.0,1192.0,1200.0,513.0,513.0,513.0
5171.0,1195.0,1209.0,1213.0,521.0,514.0,519.0
5208.0,1218.0,1218.0,1210.0,525.0,519.0,518.0
5215.0,1219.0,1214.0,1214.0,524.0,523.0,521.0
5225.0,1226.0,1211.0,1223.0,524.0,520.0,521.0
5226.0,1220.0,1221.0,1222.0,521.0,519.0,523.0
5185.0,1208.0,1215.0,1217.0,514.0,517.0,514.0
5159.0,1197.0,1212.0,1211.0,515.0,513.0,511.0
5150.0,1196.0,1199.0,1201.0,514.0,524.0,516.0
5211.0,1220.0,1212.0,1215.0,521.0,522.0,521.0
5219.0,1220.0,1219.0,1214.0,523.0,523.0,520.0
5215.0,1213.0,1219.0,1224.0,518.0,518.0,523.0
5222.0,1214.0,1224.0,1219.0,522.0,522.0,521.0
5203.0,1221.0,1210.0,1216.0,517.0,517.0,522.0
5179.0,1214.0,1209.0,1212.0,511.0,515.0,518.0
5158.0,1200.0,1200.0,1202.0,519.0,521.0,516.0
5211.0,1217.0,1219.0,1213.0,521.0,522.0,519.0
5260.0,1228.0,1236.0,1223.0,526.0,527.0,520.0
5250.0,1218.0,1221.0,1228.0,525.0,531.0,527.0
5228.0,1216.0,1215.0,1230.0,526.0,521.0,520.0
5215.0,1217.0,1213.0,1221.0,521.0,526.0,517.0
5178.0,1213.0,1206.0,1206.0,514.0,519.0,520.0
5179.0,1203.0,1217.0,1204.0,518.0,518.0,519.0
5229.0,1214.0,1229.0,1221.0,523.0,521.0,521.0
5273.0,1234.0,1227.0,1227.0,530.0,525.0,530.0
5274.0,1225.0,1234.0,1230.0,530.0,525.0,530.0
5247.0,1216.0,1223.0,1232.0,527.0,526.0,523.0
5210.0,1215.0,1218.0,1214.0,522.0,519.0,522.0
5179.0,1213.0,1205.0,1207.0,520.0,518.0,516.0
5215.0,1221.0,1209.0,1218.0,519.0,526.0,522.0
5248.0,1226.0,1219.0,1230.0,525.0,522.0,526.0
5287.0,1237.0,1235.0,1238.0,528.0,523.0,526.0
5276.0,1221.0,1230.0,1239.0,531.0,527.0,528.0
5273.0,1223.0,1230.0,1231.0,532.0,529.0,528.0
5250.0,1222.0,1223.0,1218.0,530.0,531.0,526.0
5208.0,1216.0,1218.0,1205.0,516.0,526.0,527.0
5237.0,1221.0,1221.0,1226.0,519.0,524.0,526.0
5268.0,1224.0,1234.0,1230.0,524.0,529.0,527.0
5296.0,1231.0,1232.0,1241.0,530.0,530.0,532.0
5309.0,1240.0,1241.0,1242.0,529.0,529.0,528.0
5267.0,1223.0,1238.0,1228.0,529.0,525.0,524.0
5262.0,1233.0,1234.0,1214.0,527.0,528.0,526.0
5214.0,1216.0,1224.0,1212.0,522.0,522.0,518.0
5231.0,1218.0,1218.0,1224.0,521.0,527.0,523.0
5275.0,1227.0,1224.0,1239.0,525.0,530.0,530.0
5313.0,1243.0,1234.0,1243.0,530.0,531.0,532.0
5316.0,1238.0,1242.0,1240.0,530.0,532.0,534.0
5293.0,1241.0,1235.0,1231.0,527.0,526.0,533.0
5247.0,1231.0,1215.0,1223.0,529.0,522.0,527.0
5225.0,1220.0,1221.0,1220.0,522.0,522.0,520.0
5266.0,1218.0,1236.0,1235.0,530.0,527.0,520.0
5275.0,1228.0,1233.0,1238.0,525.0,526.0,525.0
5317.0,1245.0,1249.0,1238.0,528.0,530.0,527.0
5308.0,1238.0,1235.0,1242.0,530.0,531.0,532.0
5291.0,1240.0,1237.0,1225.0,531.0,528.0,530.0
5286.0,1235.0,1239.0,1232.0,528.0,527.0,525.0
5272.0,1226.0,1238.0,1227.0,530.0,524.0,527.0
5267.0,1222.0,1230.0,1236.0,525.0,526.0,528.0
5283.0,1232.0,1231.0,1233.0,527.0,530.0,530.0
5336.0,1250.0,1245.0,1240.0,534.0,536.0,531.0
5314.0,1238.0,1242.0,1237.0,531.0,533.0,533.0
5327.0,1243.0,1243.0,1240.0,535.0,536.0,530.0
5297.0,1236.0,1228.0,1241.0,532.0,532.0,528.0
5281.0,1231.0,1228.0,1234.0,530.0,529.0,529.0
5299.0,1234.0,1241.0,1239.0,527.0,530.0,528.0
5296.0,1233.0,1238.0,1239.0,529.0,525.0,532.0
5345.0,1252.0,1251.0,1238.0,534.0,533.0,537.0
5360.0,1255.0,1255.0,1252.0,533.0,531.0,534.0
5334.0,1244.0,1240.0,1252.0,532.0,532.0,534.0
5319.0,1243.0,1239.0,1242.0,531.0,531.0,533.0
5296.0,1232.0,1237.0,1236.0,532.0,532.0,527.0
5296.0,1228.0,1242.0,1233.0,530.0,535.0,528.0
5328.0,1253.0,1235.0,1240.0,533.0,535.0,532.0
5350.0,1253.0,1249.0,1242.0,536.0,536.0,534.0
5380.0,1260.0,1256.0,1259.0,533.0,534.0,538.0
5334.0,1241.0,1244.0,1251.0,531.0,534.0,533.0
5322.0,1246.0,1248.0,1239.0,530.0,527.0,532.0
5302.0,1237.0,1233.0,1238.0,532.0,531.0,531.0
5289.0,1235.0,1228.0,1231.0,530.0,534.0,531.0
5345.0,1254.0,1248.0,1233.0,540.0,536.0,534.0
5388.0,1261.0,1262.0,1250.0,536.0,541.0,538.0
5382.0,1256.0,1253.0,1265.0,534.0,533.0,541.0
5370.0,1241.0,1251.0,1265.0,537.0,539.0,537.0
5338.0,1248.0,1241.0,1249.0,534.0,533.0,533.0
5342.0,1253.0,1247.0,1244.0,531.0,534.0,533.0
5312.0,1235.0,1245.0,1237.0,533.0,531.0,531.0
5338.0,1248.0,1250.0,1238.0,534.0,532.0,536.0
5392.0,1259.0,1255.0,1259.0,542.0,536.0,541.0
5401.0,1253.0,1256.0,1271.0,538.0,540.0,543.0
5368.0,1243.0,1258.0,1258.0,535.0,537.0,537.0
5329.0,1243.0,1249.0,1237.0,533.0,536.0,531.0
5329.0,1250.0,1242.0,1242.0,532.0,533.0,530.0
5314.0,1238.0,1245.0,1235.0,534.0,531.0,531.0
5352.0,1247.0,1247.0,1247.0,536.0,538.0,537.0
5396.0,1258.0,1262.0,1259.0,541.0,537.0,539.0
5403.0,1264.0,1256.0,1262.0,541.0,539.0,541.0
5394.0,1252.0,1260.0,1264.0,539.0,535.0,544.0
5361.0,1250.0,1249.0,1252.0,533.0,538.0,539.0
5316.0,1241.0,1243.0,1233.0,532.0,535.0,532.0
5327.0,1235.0,1244.0,1243.0,534.0,535.0,536.0
5399.0,1262.0,1259.0,1262.0,539.0,538.0,539.0
5411.0,1265.0,1260.0,1266.0,543.0,540.0,537.0
5419.0,1260.0,1262.0,1273.0,546.0,539.0,539.0
5385.0,1253.0,1260.0,1260.0,539.0,535.0,538.0
5373.0,1262.0,1254.0,1250.0,537.0,535.0,535.0
5362.0,1251.0,1263.0,1248.0,532.0,536.0,532.0
5361.0,1248.0,1245.0,1257.0,536.0,539.0,536.0
5412.0,1262.0,1261.0,1267.0,537.0,542.0,543.0
5427.0,1269.0,1263.0,1264.0,541.0,545.0,545.0
5429.0,1263.0,1275.0,1264.0,539.0,542.0,546.0
5410.0,1251.0,1274.0,1257.0,543.0,543.0,542.0
5403.0,1260.0,1262.0,1263.0,538.0,540.0,540.0
5367.0,1264.0,1248.0,1250.0,535.0,535.0,535.0
5360.0,1243.0,1254.0,1252.0,536.0,537.0,538.0
5406.0,1261.0,1263.0,1266.0,541.0,534.0,541.0
5448.0,1274.0,1270.0,1269.0,546.0,545.0,544.0
5461.0,1275.0,1275.0,1267.0,548.0,548.0,548.0
5426.0,1274.0,1260.0,1263.0,543.0,544.0,542.0
5417.0,1266.0,1265.0,1262.0,541.0,539.0,544.0
5401.0,1255.0,1267.0,1260.0,541.0,540.0,538.0
5414.0,1260.0,1265.0,1269.0,540.0,538.0,542.0
5435.0,1269.0,1260.0,1277.0,542.0,543.0,544.0
5464.0,1288.0,1265.0,1273.0,546.0,547.0,545.0
5462.0,1278.0,1271.0,1272.0,546.0,548.0,547.0
5442.0,1265.0,1271.0,1270.0,548.0,546.0,542.0
5414.0,1265.0,1261.0,1262.0,543.0,542.0,541.0
5412.0,1266.0,1261.0,1266.0,538.0,541.0,540.0
5396.0,1260.0,1254.0,1259.0,540.0,542.0,541.0
5440.0,1267.0,1270.0,1271.0,546.0,541.0,545.0
5454.0,1271.0,1271.0,1271.0,548.0,544.0,549.0
5467.0,1268.0,1275.0,1280.0,549.0,545.0,550.0
5450.0,1273.0,1270.0,1266.0,546.0,545.0,550.0
5441.0,1270.0,1263.0,1279.0,544.0,544.0,541.0
5433.0,1259.0,1272.0,1272.0,544.0,545.0,541.0
5415.0,1258.0,1269.0,1267.0,542.0,539.0,540.0
5451.0,1265.0,1282.0,1269.0,547.0,547.0,541.0
5468.0,1284.0,1268.0,1273.0,546.0,547.0,550.0
5471.0,1274.0,1281.0,1273.0,546.0,549.0,548.0
5471.0,1272.0,1278.0,1283.0,545.0,543.0,550.0
5443.0,1271.0,1277.0,1266.0,545.0,543.0,541.0
5436.0,1265.0,1269.0,1274.0,541.0,544.0,543.0
5429.0,1264.0,1266.0,1268.0,544.0,543.0,544.0
5460.0,1282.0,1268.0,1266.0,543.0,551.0,550.0
5514.0,1298.0,1285.0,1282.0,550.0,552.0,547.0
5509.0,1285.0,1291.0,1283.0,545.0,555.0,550.0
5481.0,1276.0,1278.0,1281.0,547.0,551.0,548.0
5463.0,1280.0,1271.0,1275.0,542.0,548.0,547.0
5419.0,1265.0,1268.0,1258.0,547.0,539.0,542.0
5441.0,1263.0,1275.0,1269.0,545.0,543.0,546.0
5479.0,1274.0,1278.0,1282.0,546.0,548.0,551.0
5519.0,1292.0,1283.0,1291.0,549.0,552.0,552.0
5516.0,1291.0,1281.0,1289.0,549.0,552.0,554.0
5506.0,1289.0,1284.0,1284.0,552.0,549.0,548.0
5462.0,1283.0,1276.0,1274.0,543.0,545.0,541.0
5465.0,1279.0,1274.0,1272.0,549.0,546.0,545.0
5473.0,1269.0,1282.0,1278.0,549.0,548.0,547.0
5489.0,1281.0,1279.0,1285.0,551.0,548.0,545.0
5535.0,1295.0,1291.0,1292.0,553.0,550.0,554.0
5553.0,1293.0,1293.0,1300.0,557.0,554.0,556.0
5527.0,1292.0,1285.0,1293.0,550.0,551.0,556.0
5492.0,1283.0,1284.0,1276.0,545.0,550.0,554.0
5470.0,1277.0,1274.0,1272.0,547.0,548.0,552.0
5471.0,1278.0,1268.0,1275.0,548.0,551.0,551.0
5520.0,1293.0,1288.0,1282.0,555.0,550.0,552.0
5542.0,1290.0,1294.0,1299.0,555.0,553.0,551.0
5535.0,1287.0,1295.0,1295.0,555.0,553.0,550.0
5519.0,1292.0,1288.0,1283.0,552.0,553.0,551.0
5495.0,1283.0,1284.0,1283.0,546.0,549.0,550.0
5458.0,1286.0,1273.0,1270.0,543.0,543.0,543.0
5492.0,1273.0,1288.0,1280.0,552.0,547.0,552.0
5517.0,1293.0,1275.0,1290.0,552.0,554.0,553.0
5562.0,1301.0,1287.0,1296.0,560.0,558.0,560.0
5563.0,1299.0,1291.0,1296.0,561.0,557.0,559.0
5517.0,1282.0,1282.0,1290.0,552.0,558.0,553.0
5495.0,1280.0,1282.0,1286.0,549.0,549.0,549.0
5502.0,1289.0,1281.0,1289.0,548.0,548.0,547.0
5493.0,1278.0,1279.0,1293.0,548.0,544.0,551.0
5530.0,1286.0,1296.0,1297.0,551.0,549.0,551.0
5554.0,1295.0,1291.0,1298.0,558.0,556.0,556.0
5569.0,1294.0,1299.0,1301.0,558.0,560.0,557.0
5556.0,1300.0,1289.0,1294.0,557.0,559.0,557.0
5534.0,1289.0,1287.0,1292.0,555.0,554.0,557.0
5524.0,1288.0,1287.0,1292.0,549.0,551.0,557.0
5544.0,1294.0,1296.0,1294.0,550.0,553.0,557.0
5557.0,1294.0,1297.0,1301.0,553.0,555.0,557.0
5576.0,1307.0,1301.0,1297.0,559.0,555.0,557.0
5571.0,1301.0,1286.0,1307.0,562.0,558.0,557.0
5557.0,1296.0,1302.0,1289.0,561.0,555.0,554.0
5539.0,1294.0,1294.0,1286.0,556.0,557.0,552.0
5533.0,1297.0,1290.0,1290.0,550.0,553.0,553.0
5536.0,1290.0,1285.0,1299.0,553.0,555.0,554.0
5558.0,1295.0,1298.0,1291.0,557.0,555.0,562.0
5593.0,1302.0,1303.0,1305.0,564.0,557.0,562.0
5609.0,1301.0,1317.0,1307.0,564.0,557.0,563.0
5574.0,1294.0,1304.0,1303.0,561.0,556.0,556.0
5529.0,1288.0,1289.0,1292.0,558.0,551.0,551.0
5555.0,1299.0,1289.0,1303.0,554.0,557.0,553.0
5545.0,1290.0,1293.0,1298.0,554.0,558.0,552.0
5575.0,1304.0,1300.0,1297.0,554.0,560.0,560.0
5598.0,1306.0,1301.0,1310.0,559.0,562.0,560.0
5602.0,1305.0,1309.0,1306.0,559.0,560.0,563.0
5597.0,1304.0,1302.0,1310.0,561.0,558.0,562.0
5583.0,1303.0,1304.0,1301.0,559.0,557.0,559.0
5556.0,1296.0,1296.0,1303.0,554.0,550.0,557.0
5540.0,1284.0,1294.0,1298.0,555.0,552.0,557.0
5594.0,1311.0,1303.0,1300.0,559.0,561.0,560.0
5617.0,1318.0,1310.0,1311.0,557.0,560.0,561.0
5658.0,1315.0,1327.0,1323.0,564.0,565.0,564.0
5614.0,1311.0,1308.0,1313.0,561.0,561.0,560.0
5583.0,1312.0,1294.0,1306.0,559.0,560.0,552.0
5579.0,1306.0,1299.0,1301.0,561.0,554.0,558.0
5547.0,1295.0,1294.0,1292.0,558.0,554.0,554.0
5608.0,1307.0,1310.0,1308.0,559.0,562.0,562.0
5651.0,1318.0,1330.0,1313.0,560.0,566.0,564.0
5652.0,1320.0,1320.0,1321.0,561.0,563.0,567.0
5603.0,1306.0,1295.0,1319.0,560.0,561.0,562.0
5602.0,1307.0,1311.0,1303.0,560.0,562.0,559.0
5584.0,1304.0,1305.0,1300.0,560.0,559.0,556.0
5576.0,1302.0,1297.0,1301.0,560.0,560.0,556.0
5628.0,1315.0,1314.0,1311.0,562.0,564.0,562.0
5653.0,1319.0,1319.0,1321.0,565.0,565.0,564.0
5658.0,1319.0,1315.0,1327.0,562.0,567.0,568.0
5647.0,1315.0,1321.0,1321.0,563.0,564.0,563.0
5620.0,1311.0,1315.0,1308.0,559.0,560.0,567.0
5583.0,1306.0,1298.0,1299.0,558.0,561.0,561.0
5605.0,1303.0,1303.0,1309.0,560.0,566.0,564.0
5672.0,1324.0,1321.0,1330.0,567.0,565.0,565.0
5674.0,1328.0,1327.0,1320.0,563.0,571.0,565.0
5678.0,1319.0,1328.0,1329.0,565.0,569.0,568.0
5623.0,1307.0,1308.0,1322.0,560.0,563.0,563.0
5598.0,1317.0,1302.0,1303.0,558.0,561.0,557.0
5606.0,1311.0,1313.0,1297.0,561.0,561.0,563.0
5618.0,1308.0,1311.0,1312.0,563.0,562.0,562.0
5673.0,1319.0,1326.0,1325.0,567.0,568.0,568.0
5703.0,1336.0,1323.0,1332.0,568.0,570.0,574.0
5690.0,1323.0,1322.0,1329.0,570.0,574.0,572.0
5638.0,1315.0,1308.0,1317.0,566.0,566.0,566.0
5648.0,1320.0,1320.0,1317.0,564.0,565.0,562.0
5631.0,1315.0,1315.0,1312.0,563.0,562.0,564.0
5619.0,1305.0,1309.0,1319.0,562.0,564.0,560.0
5663.0,1320.0,1318.0,1325.0,568.0,565.0,567.0
5690.0,1328.0,1325.0,1329.0,568.0,573.0,567.0
5703.0,1330.0,1333.0,1331.0,565.0,571.0,573.0
5674.0,1326.0,1322.0,1321.0,565.0,570.0,570.0
5649.0,1321.0,1318.0,1314.0,563.0,565.0,568.0
5642.0,1318.0,1312.0,1320.0,560.0,568.0,564.0
5643.0,1304.0,1323.0,1319.0,564.0,565.0,568.0
5660.0,1314.0,1325.0,1323.0,567.0,564.0,567.0
5706.0,1340.0,1337.0,1327.0,569.0,567.0,566.0
5698.0,1326.0,1330.0,1330.0,574.0,570.0,568.0
5694.0,1333.0,1327.0,1329.0,569.0,568.0,568.0
5684.0,1327.0,1333.0,1325.0,565.0,568.0,566.0
5649.0,1310.0,1326.0,1316.0,566.0,564.0,567.0
5668.0,1322.0,1324.0,1324.0,562.0,568.0,568.0
5716.0,1335.0,1324.0,1339.0,574.0,571.0,573.0
5701.0,1336.0,1326.0,1325.0,572.0,571.0,571.0
5735.0,1339.0,1337.0,1334.0,579.0,573.0,573.0
5723.0,1331.0,1328.0,1342.0,575.0,572.0,575.0
5673.0,1329.0,1316.0,1330.0,564.0,566.0,568.0
5692.0,1326.0,1328.0,1339.0,566.0,567.0,566.0
5664.0,1316.0,1325.0,1325.0,566.0,569.0,563.0
5691.0,1331.0,1330.0,1323.0,568.0,572.0,567.0
5761.0,1346.0,1340.0,1349.0,575.0,577.0,574.0
5733.0,1337.0,1334.0,1339.0,574.0,572.0,577.0
5716.0,1334.0,1327.0,1338.0,571.0,573.0,573.0
5714.0,1330.0,1330.0,1340.0,573.0,572.0,569.0
5691.0,1327.0,1332.0,1329.0,568.0,566.0,569.0
5667.0,1317.0,1326.0,1324.0,567.0,565.0,568.0
5703.0,1334.0,1336.0,1326.0,567.0,570.0,570.0
5740.0,1351.0,1323.0,1343.0,577.0,573.0,573.0
5771.0,1340.0,1349.0,1347.0,579.0,579.0,577.0
5763.0,1330.0,1353.0,1350.0,581.0,576.0,573.0
5721.0,1341.0,1335.0,1331.0,574.0,574.0,566.0
5678.0,1329.0,1319.0,1322.0,572.0,567.0,569.0
5676.0,1321.0,1322.0,1328.0,566.0,566.0,573.0
5717.0,1335.0,1331.0,1335.0,568.0,574.0,574.0
5772.0,1347.0,1346.0,1349.0,576.0,573.0,581.0
5772.0,1348.0,1339.0,1351.0,578.0,577.0,579.0
5757.0,1343.0,1341.0,1345.0,576.0,574.0,578.0
5737.0,1344.0,1332.0,1338.0,575.0,574.0,574.0
5714.0,1334.0,1334.0,1334.0,569.0,570.0,573.0
5710.0,1319.0,1340.0,1336.0,570.0,571.0,574.0
5733.0,1334.0,1342.0,1343.0,570.0,572.0,572.0
5791.0,1357.0,1343.0,1355.0,578.0,579.0,579.0
5762.0,1334.0,1340.0,1353.0,580.0,577.0,578.0
5768.0,1342.0,1348.0,1344.0,577.0,576.0,581.0
5739.0,1338.0,1339.0,1340.0,572.0,574.0,576.0
5731.0,1340.0,1337.0,1335.0,571.0,575.0,573.0
5734.0,1332.0,1336.0,1341.0,572.0,574.0,579.0
5763.0,1348.0,1340.0,1349.0,572.0,577.0,577.0
5810.0,1358.0,1355.0,1360.0,578.0,582.0,577.0
5802.0,1352.0,1357.0,1356.0,580.0,581.0,576.0
5786.0,1341.0,1352.0,1355.0,580.0,580.0,578.0
5734.0,1347.0,1334.0,1334.0,576.0,572.0,571.0
5744.0,1350.0,1334.0,1343.0,573.0,571.0,573.0
5746.0,1328.0,1354.0,1336.0,577.0,575.0,576.0
5769.0,1344.0,1349.0,1351.0,577.0,575.0,573.0
5825.0,1366.0,1352.0,1360.0,581.0,582.0,584.0
5815.0,1355.0,1353.0,1359.0,580.0,585.0,583.0
5774.0,1345.0,1346.0,1349.0,579.0,578.0,577.0
5763.0,1348.0,1345.0,1338.0,578.0,578.0,576.0
5743.0,1343.0,1344.0,1338.0,575.0,572.0,571.0
5755.0,1335.0,1344.0,1345.0,581.0,575.0,575.0
5784.0,1348.0,1350.0,1355.0,577.0,579.0,575.0
5830.0,1365.0,1364.0,1358.0,582.0,582.0,579.0
5824.0,1360.0,1368.0,1354.0,580.0,579.0,583.0
5816.0,1360.0,1365.0,1351.0,581.0,579.0,580.0
5787.0,1355.0,1351.0,1346.0,578.0,577.0,580.0
5779.0,1347.0,1344.0,1354.0,575.0,580.0,579.0
5792.0,1349.0,1354.0,1352.0,581.0,576.0,580.0
5778.0,1345.0,1350.0,1345.0,581.0,579.0,578.0
5819.0,1362.0,1362.0,1349.0,582.0,581.0,583.0
5812.0,1356.0,1363.0,1350.0,584.0,582.0,577.0
5804.0,1348.0,1354.0,1360.0,581.0,580.0,581.0
5794.0,1358.0,1348.0,1350.0,582.0,578.0,578.0
5762.0,1340.0,1345.0,1346.0,576.0,578.0,577.0
5774.0,1340.0,1350.0,1349.0,579.0,579.0,577.0
5817.0,1360.0,1347.0,1363.0,583.0,581.0,583.0
5847.0,1371.0,1355.0,1359.0,589.0,589.0,584.0
5837.0,1361.0,1364.0,1356.0,582.0,586.0,588.0
5828.0,1353.0,1363.0,1359.0,581.0,583.0,589.0
5825.0,1360.0,1363.0,1359.0,580.0,580.0,583.0
5774.0,1345.0,1345.0,1353.0,577.0,576.0,578.0
5786.0,1343.0,1351.0,1357.0,577.0,577.0,581.0
5836.0,1360.0,1356.0,1364.0,589.0,585.0,582.0
5870.0,1372.0,1373.0,1362.0,588.0,590.0,585.0
5873.0,1364.0,1378.0,1366.0,588.0,589.0,588.0
5846.0,1362.0,1360.0,1365.0,584.0,587.0,588.0
5864.0,1371.0,1365.0,1372.0,584.0,583.0,589.0
5812.0,1358.0,1362.0,1358.0,576.0,578.0,580.0
5821.0,1360.0,1364.0,1355.0,579.0,580.0,583.0
5841.0,1368.0,1364.0,1353.0,586.0,584.0,586.0
5885.0,1377.0,1371.0,1369.0,594.0,587.0,587.0
5861.0,1367.0,1361.0,1364.0,595.0,588.0,586.0
5871.0,1360.0,1372.0,1375.0,588.0,589.0,587.0
5874.0,1370.0,1376.0,1372.0,587.0,586.0,583.0
5813.0,1357.0,1359.0,1359.0,576.0,583.0,579.0
5809.0,1350.0,1353.0,1355.0,580.0,586.0,585.0
5874.0,1371.0,1368.0,1372.0,587.0,587.0,589.0
5907.0,1382.0,1373.0,1381.0,591.0,588.0,592.0
5913.0,1378.0,1382.0,1377.0,592.0,590.0,594.0
5887.0,1369.0,1374.0,1380.0,590.0,587.0,587.0
5859.0,1366.0,1360.0,1373.0,587.0,586.0,587.0
5817.0,1360.0,1357.0,1349.0,585.0,586.0,580.0
5857.0,1370.0,1361.0,1369.0,586.0,587.0,584.0
5865.0,1363.0,1379.0,1363.0,585.0,589.0,586.0
5899.0,1380.0,1370.0,1377.0,590.0,590.0,592.0
5882.0,1372.0,1368.0,1376.0,588.0,588.0,590.0
5890.0,1372.0,1375.0,1369.0,592.0,589.0,593.0
5865.0,1376.0,1370.0,1362.0,588.0,583.0,586.0
5846.0,1370.0,1361.0,1363.0,584.0,582.0,586.0
5851.0,1359.0,1361.0,1370.0,585.0,587.0,589.0
5883.0,1379.0,1368.0,1373.0,586.0,590.0,587.0
5937.0,1382.0,1385.0,1397.0,593.0,590.0,590.0
5933.0,1382.0,1382.0,1388.0,596.0,594.0,591.0
5920.0,1385.0,1380.0,1381.0,592.0,592.0,590.0
5874.0,1373.0,1372.0,1365.0,590.0,589.0,585.0
5851.0,1371.0,1360.0,1362.0,587.0,583.0,588.0
5846.0,1370.0,1362.0,1364.0,581.0,584.0,585.0
5908.0,1373.0,1383.0,1379.0,588.0,593.0,592.0
5941.0,1389.0,1387.0,1383.0,591.0,595.0,596.0
5925.0,1382.0,1383.0,1374.0,595.0,594.0,597.0
5913.0,1373.0,1382.0,1380.0,592.0,592.0,594.0
5891.0,1378.0,1372.0,1369.0,592.0,591.0,589.0
5879.0,1368.0,1372.0,1370.0,589.0,592.0,588.0
5882.0,1375.0,1368.0,1377.0,592.0,586.0,584.0
5915.0,1382.0,1373.0,1387.0,590.0,591.0,592.0
5929.0,1390.0,1380.0,1384.0,590.0,589.0,596.0
5942.0,1386.0,1386.0,1391.0,589.0,595.0,595.0
5929.0,1382.0,1383.0,1384.0,593.0,590.0,597.0
5927.0,1383.0,1381.0,1381.0,594.0,594.0,594.0
5901.0,1377.0,1370.0,1377.0,593.0,593.0,591.0
5879.0,1368.0,1363.0,1374.0,589.0,593.0,592.0
5935.0,1383.0,1383.0,1388.0,596.0,594.0,591.0
5954.0,1397.0,1388.0,1393.0,592.0,592.0,592.0
5951.0,1381.0,1387.0,1396.0,596.0,597.0,594.0
5935.0,1379.0,1388.0,1385.0,595.0,597.0,591.0
5906.0,1381.0,1376.0,1385.0,588.0,588.0,588.0
5913.0,1383.0,1371.0,1381.0,593.0,592.0,593.0
5906.0,1373.0,1378.0,1381.0,593.0,590.0,591.0
5948.0,1388.0,1388.0,1384.0,593.0,597.0,598.0
5965.0,1396.0,1387.0,1393.0,597.0,594.0,598.0
5959.0,1382.0,1388.0,1394.0,595.0,598.0,602.0
5956.0,1390.0,1391.0,1389.0,596.0,594.0,596.0
5938.0,1387.0,1389.0,1387.0,594.0,588.0,593.0
5931.0,1379.0,1375.0,1396.0,593.0,591.0,597.0
5919.0,1385.0,1378.0,1380.0,593.0,593.0,590.0
5951.0,1394.0,1389.0,1381.0,596.0,594.0,597.0
5980.0,1398.0,1393.0,1393.0,600.0,600.0,596.0
5991.0,1400.0,1402.0,1395.0,597.0,598.0,599.0
5987.0,1393.0,1399.0,1400.0,595.0,599.0,601.0
5958.0,1397.0,1382.0,1396.0,591.0,595.0,597.0
5930.0,1382.0,1381.0,1384.0,593.0,593.0,597.0
5939.0,1380.0,1390.0,1387.0,593.0,592.0,597.0
5982.0,1388.0,1409.0,1391.0,598.0,598.0,598.0
6011.0,1403.0,1406.0,1398.0,604.0,600.0,600.0
5978.0,1388.0,1394.0,1398.0,603.0,597.0,598.0
5971.0,1396.0,1384.0,1395.0,599.0,601.0,596.0
5967.0,1388.0,1395.0,1400.0,594.0,596.0,594.0
5963.0,1393.0,1391.0,1396.0,592.0,598.0,593.0
5946.0,1377.0,1395.0,1386.0,596.0,594.0,598.0
6002.0,1398.0,1401.0,1403.0,598.0,602.0,600.0
6025.0,1403.0,1409.0,1403.0,604.0,603.0,603.0
6017.0,1401.0,1409.0,1406.0,600.0,598.0,603.0
6011.0,1393.0,1402.0,1411.0,601.0,602.0,602.0
5974.0,1395.0,1397.0,1392.0,594.0,596.0,600.0
5952.0,1396.0,1386.0,1384.0,594.0,595.0,597.0
5978.0,1392.0,1400.0,1388.0,599.0,602.0,597.0
5984.0,1396.0,1398.0,1394.0,600.0,600.0,596.0
6030.0,1407.0,1402.0,1408.0,605.0,605.0,603.0
6036.0,1400.0,1402.0,1421.0,604.0,607.0,602.0
5986.0,1394.0,1392.0,1394.0,603.0,601.0,602.0
5984.0,1399.0,1401.0,1389.0,595.0,599.0,601.0
5953.0,1402.0,1390.0,1375.0,594.0,594.0,598.0
5997.0,1397.0,1402.0,1397.0,599.0,600.0,602.0
6010.0,1405.0,1398.0,1405.0,598.0,600.0,604.0
6054.0,1411.0,1411.0,1416.0,604.0,608.0,604.0
6054.0,1407.0,1413.0,1415.0,608.0,606.0,605.0
6038.0,1408.0,1408.0,1410.0,606.0,605.0,601.0
5977.0,1397.0,1398.0,1390.0,597.0,598.0,597.0
5981.0,1397.0,1400.0,1391.0,598.0,597.0,598.0
5993.0,1404.0,1397.0,1400.0,598.0,596.0,598.0
6044.0,1405.0,1411.0,1417.0,600.0,604.0,607.0
6081.0,1419.0,1413.0,1424.0,609.0,609.0,607.0
6069.0,1413.0,1422.0,1405.0,611.0,609.0,609.0
6041.0,1405.0,1409.0,1403.0,608.0,608.0,608.0
6019.0,1401.0,1405.0,1404.0,603.0,603.0,603.0
6021.0,1409.0,1401.0,1405.0,598.0,606.0,602.0
5989.0,1389.0,1402.0,1405.0,597.0,599.0,597.0
6027.0,1402.0,1414.0,1409.0,602.0,598.0,602.0
6080.0,1424.0,1409.0,1422.0,608.0,607.0,610.0
6058.0,1411.0,1411.0,1414.0,608.0,603.0,611.0
6046.0,1409.0,1416.0,1407.0,606.0,604.0,604.0
6023.0,1408.0,1400.0,1407.0,602.0,603.0,603.0
6033.0,1404.0,1404.0,1414.0,603.0,604.0,604.0
6046.0,1402.0,1409.0,1420.0,605.0,607.0,603.0
6047.0,1406.0,1404.0,1422.0,605.0,605.0,605.0
6077.0,1421.0,1414.0,1418.0,610.0,607.0,607.0
6089.0,1426.0,1425.0,1409.0,609.0,612.0,608.0
6087.0,1421.0,1425.0,1418.0,608.0,608.0,607.0
6036.0,1410.0,1402.0,1414.0,605.0,603.0,602.0
6020.0,1413.0,1396.0,1404.0,605.0,601.0,601.0
6045.0,1402.0,1418.0,1409.0,606.0,606.0,604.0
6072.0,1410.0,1419.0,1421.0,609.0,605.0,608.0
6089.0,1416.0,1421.0,1415.0,611.0,611.0,615.0
6114.0,1418.0,1433.0,1426.0,612.0,612.0,613.0
6092.0,1419.0,1417.0,1427.0,608.0,611.0,610.0
6070.0,1417.0,1410.0,1419.0,608.0,607.0,609.0
6063.0,1418.0,1416.0,1419.0,607.0,600.0,603.0
6051.0,1411.0,1417.0,1410.0,606.0,602.0,605.0
6064.0,1417.0,1414.0,1412.0,608.0,607.0,606.0
6106.0,1430.0,1427.0,1417.0,611.0,609.0,612.0
6131.0,1427.0,1435.0,1429.0,616.0,610.0,614.0
6126.0,1428.0,1433.0,1430.0,608.0,613.0,614.0
6105.0,1420.0,1425.0,1422.0,612.0,611.0,615.0
6045.0,1413.0,1399.0,1414.0,606.0,606.0,607.0
6054.0,1407.0,1413.0,1411.0,611.0,606.0,606.0
6121.0,1431.0,1431.0,1425.0,611.0,613.0,610.0
6126.0,1432.0,1437.0,1426.0,607.0,611.0,613.0
6120.0,1428.0,1423.0,1429.0,610.0,616.0,614.0
6115.0,1417.0,1423.0,1437.0,611.0,614.0,613.0
6104.0,1429.0,1419.0,1427.0,611.0,613.0,605.0
6074.0,1418.0,1419.0,1411.0,610.0,608.0,608.0
6094.0,1416.0,1430.0,1411.0,613.0,612.0,612.0
6111.0,1423.0,1426.0,1429.0,613.0,608.0,612.0
6151.0,1438.0,1435.0,1436.0,613.0,613.0,616.0
6139.0,1423.0,1439.0,1435.0,615.0,609.0,618.0
6120.0,1423.0,1436.0,1427.0,610.0,609.0,615.0
6096.0,1423.0,1422.0,1424.0,610.0,607.0,610.0
6079.0,1431.0,1409.0,1414.0,608.0,610.0,607.0
6088.0,1422.0,1417.0,1420.0,612.0,609.0,608.0
6124.0,1431.0,1430.0,1429.0,611.0,614.0,609.0
6185.0,1454.0,1438.0,1441.0,618.0,620.0,614.0
6153.0,1439.0,1437.0,1433.0,616.0,614.0,614.0
6121.0,1424.0,1428.0,1427.0,612.0,613.0,617.0
6104.0,1424.0,1424.0,1425.0,610.0,610.0,611.0
6104.0,1426.0,1434.0,1417.0,609.0,607.0,611.0
6118.0,1421.0,1431.0,1432.0,612.0,609.0,613.0
6146.0,1433.0,1436.0,1435.0,613.0,614.0,615.0
6168.0,1440.0,1438.0,1437.0,620.0,619.0,614.0
6191.0,1448.0,1446.0,1439.0,621.0,621.0,616.0
6160.0,1434.0,1440.0,1440.0,614.0,616.0,616.0
6145.0,1442.0,1433.0,1424.0,615.0,615.0,616.0
6105.0,1433.0,1424.0,1422.0,608.0,609.0,609.0
6097.0,1420.0,1418.0,1428.0,608.0,608.0,615.0
6170.0,1437.0,1435.0,1444.0,619.0,619.0,616.0
6205.0,1455.0,1445.0,1444.0,620.0,615.0,626.0
6196.0,1450.0,1443.0,1444.0,622.0,618.0,619.0
6165.0,1438.0,1441.0,1427.0,622.0,620.0,617.0
6134.0,1438.0,1421.0,1430.0,617.0,615.0,613.0
6132.0,1433.0,1424.0,1434.0,611.0,619.0,611.0
6147.0,1432.0,1436.0,1435.0,614.0,617.0,613.0
6174.0,1442.0,1436.0,1443.0,618.0,619.0,616.0
6207.0,1452.0,1450.0,1446.0,620.0,621.0,618.0
6198.0,1445.0,1439.0,1448.0,621.0,621.0,624.0
6157.0,1434.0,1432.0,1437.0,621.0,614.0,619.0
6164.0,1440.0,1443.0,1431.0,616.0,615.0,619.0
6155.0,1442.0,1439.0,1426.0,614.0,615.0,619.0
6147.0,1430.0,1434.0,1437.0,612.0,621.0,613.0
6163.0,1437.0,1436.0,1434.0,616.0,619.0,621.0
6191.0,1450.0,1439.0,1447.0,615.0,620.0,620.0
6225.0,1452.0,1462.0,1445.0,625.0,622.0,619.0
6216.0,1443.0,1462.0,1446.0,623.0,620.0,622.0
6170.0,1446.0,1433.0,1443.0,619.0,614.0,615.0
6143.0,1439.0,1426.0,1437.0,613.0,612.0,616.0
6172.0,1441.0,1437.0,1445.0,617.0,616.0,616.0
6205.0,1448.0,1455.0,1445.0,615.0,620.0,622.0
6223.0,1456.0,1450.0,1446.0,624.0,624.0,623.0
6226.0,1444.0,1453.0,1451.0,626.0,626.0,626.0
6206.0,1448.0,1444.0,1446.0,621.0,623.0,624.0
6177.0,1443.0,1439.0,1436.0,620.0,622.0,617.0
6176.0,1446.0,1440.0,1439.0,619.0,616.0,616.0
6167.0,1434.0,1444.0,1441.0,619.0,615.0,614.0
6186.0,1445.0,1444.0,1437.0,622.0,622.0,616.0
6216.0,1454.0,1457.0,1446.0,620.0,617.0,622.0
6231.0,1449.0,1454.0,1455.0,624.0,624.0,625.0
6247.0,1449.0,1466.0,1459.0,626.0,625.0,622.0
6224.0,1452.0,1454.0,1452.0,623.0,623.0,620.0
6185.0,1449.0,1434.0,1445.0,618.0,618.0,621.0
6189.0,1443.0,1446.0,1437.0,622.0,620.0,621.0
6225.0,1455.0,1455.0,1453.0,620.0,622.0,620.0
6264.0,1468.0,1462.0,1463.0,623.0,621.0,627.0
6264.0,1458.0,1462.0,1469.0,624.0,624.0,627.0
6265.0,1462.0,1459.0,1465.0,624.0,627.0,628.0
6216.0,1448.0,1447.0,1455.0,623.0,621.0,622.0
6194.0,1448.0,1450.0,1435.0,620.0,621.0,620.0
6192.0,1439.0,1453.0,1438.0,620.0,621.0,621.0
6226.0,1446.0,1463.0,1445.0,625.0,626.0,621.0
6274.0,1474.0,1456.0,1464.0,626.0,625.0,629.0
6259.0,1452.0,1456.0,1464.0,627.0,628.0,632.0
6261.0,1459.0,1467.0,1461.0,624.0,624.0,626.0
6241.0,1465.0,1455.0,1458.0,621.0,620.0,622.0
6202.0,1448.0,1454.0,1442.0,621.0,617.0,620.0
6209.0,1446.0,1446.0,1450.0,624.0,621.0,622.0
6233.0,1450.0,1453.0,1458.0,626.0,624.0,622.0
6300.0,1468.0,1471.0,1476.0,627.0,629.0,629.0
6303.0,1472.0,1474.0,1470.0,627.0,630.0,630.0
6273.0,1459.0,1471.0,1463.0,625.0,628.0,627.0
6234.0,1458.0,1450.0,1452.0,625.0,623.0,626.0
6209.0,1442.0,1458.0,1449.0,619.0,618.0,623.0
6236.0,1455.0,1455.0,1455.0,627.0,621.0,623.0
6279.0,1464.0,1465.0,1472.0,626.0,627.0,625.0
6288.0,1470.0,1467.0,1466.0,631.0,628.0,626.0
6296.0,1470.0,1465.0,1470.0,634.0,631.0,626.0
6282.0,1463.0,1465.0,1464.0,630.0,634.0,626.0
6241.0,1458.0,1458.0,1456.0,621.0,625.0,623.0
6268.0,1470.0,1460.0,1459.0,626.0,626.0,627.0
6262.0,1453.0,1467.0,1460.0,627.0,627.0,628.0
6267.0,1465.0,1452.0,1470.0,628.0,623.0,629.0
6328.0,1481.0,1469.0,1477.0,636.0,630.0,635.0
6324.0,1475.0,1479.0,1468.0,636.0,633.0,633.0
6287.0,1465.0,1471.0,1465.0,628.0,628.0,630.0
6251.0,1460.0,1454.0,1453.0,627.0,630.0,627.0
6245.0,1460.0,1451.0,1465.0,622.0,626.0,621.0
6258.0,1455.0,1457.0,1470.0,626.0,628.0,622.0
6287.0,1462.0,1473.0,1470.0,632.0,627.0,623.0
6325.0,1475.0,1480.0,1475.0,632.0,632.0,631.0
6318.0,1469.0,1478.0,1477.0,632.0,629.0,633.0
6282.0,1464.0,1464.0,1469.0,628.0,627.0,630.0
6286.0,1473.0,1462.0,1463.0,627.0,628.0,633.0
6272.0,1463.0,1468.0,1463.0,621.0,630.0,627.0
6279.0,1467.0,1464.0,1469.0,629.0,626.0,624.0
6291.0,1472.0,1461.0,1470.0,626.0,631.0,631.0
6350.0,1484.0,1475.0,1481.0,636.0,637.0,637.0
6340.0,1478.0,1482.0,1477.0,640.0,633.0,630.0
6303.0,1468.0,1468.0,1474.0,630.0,633.0,630.0
6306.0,1471.0,1470.0,1477.0,633.0,629.0,626.0
6276.0,1467.0,1467.0,1467.0,625.0,622.0,628.0
6287.0,1471.0,1460.0,1472.0,628.0,628.0,628.0
6313.0,1474.0,1478.0,1469.0,631.0,628.0,633.0
6374.0,1488.0,1493.0,1482.0,639.0,637.0,635.0
6354.0,1476.0,1487.0,1477.0,638.0,640.0,636.0
6329.0,1468.0,1475.0,1482.0,635.0,633.0,636.0
6317.0,1476.0,1469.0,1474.0,633.0,632.0,633.0
6302.0,1468.0,1479.0,1468.0,630.0,628.0,629.0
6310.0,1470.0,1480.0,1476.0,627.0,626.0,631.0
6326.0,1483.0,1481.0,1472.0,631.0,628.0,631.0
6371.0,1487.0,1485.0,1486.0,640.0,635.0,638.0
6361.0,1484.0,1483.0,1481.0,640.0,636.0,637.0
6366.0,1482.0,1487.0,1483.0,639.0,637.0,638.0
6334.0,1478.0,1472.0,1478.0,634.0,636.0,636.0
6329.0,1476.0,1476.0,1477.0,633.0,632.0,635.0
6308.0,1471.0,1475.0,1464.0,629.0,634.0,635.0
6364.0,1493.0,1482.0,1479.0,634.0,639.0,637.0
6373.0,1484.0,1486.0,1492.0,637.0,635.0,639.0
6379.0,1482.0,1492.0,1491.0,641.0,636.0,637.0
6376.0,1486.0,1493.0,1491.0,636.0,636.0,634.0
6351.0,1490.0,1479.0,1484.0,634.0,634.0,630.0
6334.0,1475.0,1477.0,1475.0,636.0,639.0,632.0
6346.0,1480.0,1481.0,1477.0,635.0,635.0,638.0
6350.0,1482.0,1483.0,1475.0,634.0,640.0,636.0
6388.0,1493.0,1488.0,1491.0,638.0,637.0,641.0
6404.0,1490.0,1489.0,1501.0,644.0,639.0,641.0
6374.0,1485.0,1486.0,1489.0,637.0,636.0,641.0
6368.0,1489.0,1492.0,1477.0,636.0,636.0,638.0
6348.0,1479.0,1475.0,1486.0,640.0,633.0,635.0
6337.0,1477.0,1475.0,1481.0,635.0,635.0,634.0
6361.0,1485.0,1483.0,1486.0,637.0,638.0,632.0
6422.0,1495.0,1503.0,1504.0,638.0,643.0,639.0
6411.0,1501.0,1492.0,1497.0,638.0,641.0,642.0
6417.0,1489.0,1498.0,1504.0,640.0,645.0,641.0
6383.0,1491.0,1491.0,1481.0,637.0,642.0,641.0
6341.0,1478.0,1480.0,1474.0,639.0,633.0,637.0
6333.0,1477.0,1472.0,1474.0,638.0,634.0,638.0
6384.0,1491.0,1485.0,1497.0,638.0,633.0,640.0
6428.0,1504.0,1498.0,1505.0,638.0,640.0,643.0
6413.0,1492.0,1489.0,1504.0,642.0,645.0,641.0
6388.0,1490.0,1490.0,1490.0,637.0,641.0,640.0
6382.0,1495.0,1494.0,1479.0,640.0,638.0,636.0
6401.0,1496.0,1491.0,1494.0,641.0,641.0,638.0
6381.0,1486.0,1491.0,1489.0,642.0,637.0,636.0
6396.0,1499.0,1485.0,1496.0,637.0,638.0,641.0
6436.0,1508.0,1493.0,1507.0,640.0,643.0,645.0
6432.0,1497.0,1505.0,1501.0,642.0,643.0,644.0
6432.0,1497.0,1509.0,1496.0,641.0,640.0,649.0
6416.0,1503.0,1502.0,1486.0,642.0,643.0,640.0
6389.0,1489.0,1489.0,1498.0,638.0,635.0,640.0
6395.0,1481.0,1493.0,1500.0,641.0,644.0,636.0
6426.0,1498.0,1492.0,1508.0,643.0,641.0,644.0
6454.0,1502.0,1515.0,1502.0,646.0,647.0,642.0
6450.0,1506.0,1501.0,1508.0,641.0,647.0,647.0
6425.0,1493.0,1501.0,1499.0,643.0,643.0,646.0
6411.0,1497.0,1502.0,1489.0,640.0,641.0,642.0
6418.0,1500.0,1491.0,1501.0,642.0,640.0,644.0
6418.0,1499.0,1499.0,1503.0,639.0,639.0,639.0
6450.0,1507.0,1504.0,1506.0,646.0,644.0,643.0
6459.0,1509.0,1500.0,1509.0,649.0,649.0,643.0
6461.0,1511.0,1506.0,1501.0,647.0,653.0,643.0
6443.0,1505.0,1510.0,1497.0,641.0,644.0,646.0
6435.0,1500.0,1504.0,1507.0,643.0,642.0,639.0
6412.0,1499.0,1496.0,1502.0,635.0,639.0,641.0
6403.0,1490.0,1492.0,1498.0,639.0,642.0,642.0
6420.0,1501.0,1493.0,1500.0,645.0,639.0,642.0
6493.0,1515.0,1519.0,1510.0,649.0,650.0,650.0
6484.0,1514.0,1517.0,1508.0,651.0,647.0,647.0
6459.0,1505.0,1504.0,1507.0,646.0,650.0,647.0
6439.0,1509.0,1495.0,1502.0,644.0,643.0,646.0
6399.0,1489.0,1489.0,1503.0,639.0,639.0,640.0
6418.0,1495.0,1500.0,1496.0,640.0,643.0,644.0
6457.0,1507.0,1513.0,1503.0,649.0,642.0,643.0
6489.0,1518.0,1512.0,1511.0,653.0,649.0,646.0
6454.0,1502.0,1502.0,1505.0,648.0,648.0,649.0
6469.0,1504.0,1509.0,1506.0,651.0,650.0,649.0
6489.0,1505.0,1521.0,1517.0,645.0,651.0,650.0
6452.0,1506.0,1506.0,1504.0,643.0,645.0,648.0
6455.0,1496.0,1509.0,1508.0,648.0,648.0,646.0
6463.0,1511.0,1499.0,1514.0,651.0,643.0,645.0
6516.0,1525.0,1517.0,1520.0,652.0,649.0,653.0
6522.0,1517.0,1524.0,1522.0,656.0,652.0,651.0
6517.0,1510.0,1532.0,1524.0,650.0,650.0,651.0
6476.0,1517.0,1514.0,1514.0,648.0,645.0,638.0
6434.0,1506.0,1490.0,1508.0,642.0,643.0,645.0
6461.0,1500.0,1507.0,1510.0,645.0,651.0,648.0
6495.0,1515.0,1522.0,1512.0,644.0,651.0,651.0
6532.0,1525.0,1522.0,1525.0,648.0,655.0,657.0
6531.0,1524.0,1512.0,1530.0,656.0,655.0,654.0
6517.0,1520.0,1515.0,1527.0,653.0,652.0,650.0
6481.0,1511.0,1514.0,1511.0,652.0,647.0,646.0
6471.0,1514.0,1514.0,1508.0,647.0,642.0,646.0
6453.0,1492.0,1512.0,1509.0,646.0,647.0,647.0
6505.0,1519.0,1519.0,1520.0,648.0,650.0,649.0
6536.0,1520.0,1521.0,1532.0,657.0,651.0,655.0
6557.0,1537.0,1524.0,1531.0,654.0,655.0,656.0
6550.0,1524.0,1528.0,1524.0,658.0,658.0,658.0
6510.0,1518.0,1517.0,1515.0,653.0,655.0,652.0
6509.0,1523.0,1516.0,1516.0,650.0,649.0,655.0
6479.0,1507.0,1512.0,1514.0,648.0,645.0,653.0
6510.0,1519.0,1511.0,1529.0,647.0,651.0,653.0
6570.0,1531.0,1535.0,1537.0,658.0,656.0,653.0
6545.0,1525.0,1523.0,1537.0,654.0,654.0,652.0
6529.0,1520.0,1520.0,1529.0,653.0,654.0,653.0
6505.0,1522.0,1519.0,1510.0,653.0,651.0,650.0
6476.0,1512.0,1507.0,1505.0,651.0,652.0,649.0
6502.0,1511.0,1516.0,1521.0,650.0,652.0,652.0
6541.0,1526.0,1522.0,1535.0,653.0,652.0,653.0
6544.0,1531.0,1519.0,1528.0,656.0,652.0,658.0
6563.0,1535.0,1535.0,1524.0,657.0,657.0,655.0
6545.0,1526.0,1526.0,1528.0,657.0,654.0,654.0
6517.0,1523.0,1525.0,1510.0,653.0,652.0,654.0
6493.0,1514.0,1515.0,1521.0,647.0,649.0,647.0
6511.0,1514.0,1518.0,1524.0,652.0,656.0,647.0
6543.0,1524.0,1525.0,1529.0,652.0,657.0,656.0
6580.0,1537.0,1542.0,1531.0,654.0,659.0,657.0
6575.0,1533.0,1535.0,1535.0,656.0,657.0,659.0
6568.0,1530.0,1533.0,1530.0,657.0,658.0,660.0
6548.0,1528.0,1524.0,1535.0,654.0,650.0,657.0
6539.0,1529.0,1521.0,1531.0,653.0,648.0,657.0
6536.0,1522.0,1528.0,1524.0,655.0,655.0,652.0
6554.0,1532.0,1534.0,1525.0,658.0,651.0,654.0
6575.0,1542.0,1531.0,1529.0,658.0,659.0,656.0
6572.0,1531.0,1532.0,1536.0,656.0,661.0,656.0
6572.0,1527.0,1533.0,1538.0,658.0,661.0,655.0
6554.0,1528.0,1531.0,1530.0,654.0,657.0,654.0
6545.0,1530.0,1523.0,1531.0,656.0,652.0,653.0
6544.0,1529.0,1522.0,1529.0,654.0,654.0,656.0
6550.0,1524.0,1525.0,1529.0,658.0,655.0,659.0
6602.0,1536.0,1542.0,1542.0,660.0,660.0,662.0
6642.0,1550.0,1554.0,1549.0,659.0,665.0,665.0
6599.0,1544.0,1540.0,1534.0,659.0,661.0,661.0
6555.0,1531.0,1531.0,1528.0,654.0,657.0,654.0
6531.0,1526.0,1522.0,1523.0,654.0,655.0,651.0
6520.0,1521.0,1516.0,1525.0,653.0,655.0,650.0
6582.0,1540.0,1536.0,1531.0,662.0,656.0,657.0
6629.0,1547.0,1551.0,1548.0,666.0,659.0,658.0
6644.0,1548.0,1549.0,1555.0,668.0,662.0,662.0
6596.0,1538.0,1531.0,1548.0,660.0,658.0,661.0
6584.0,1538.0,1532.0,1542.0,656.0,657.0,659.0
6578.0,1538.0,1531.0,1537.0,657.0,657.0,658.0
6556.0,1528.0,1529.0,1524.0,655.0,662.0,658.0
6593.0,1535.0,1536.0,1539.0,662.0,660.0,661.0
6633.0,1555.0,1545.0,1545.0,664.0,662.0,662.0
6634.0,1545.0,1545.0,1559.0,663.0,664.0,658.0
6617.0,1542.0,1545.0,1554.0,660.0,658.0,658.0
6584.0,1544.0,1534.0,1537.0,656.0,660.0,653.0
6544.0,1528.0,1526.0,1530.0,651.0,655.0,654.0
6560.0,1534.0,1523.0,1530.0,656.0,659.0,658.0
6614.0,1541.0,1545.0,1542.0,663.0,661.0,662.0
6667.0,1555.0,1563.0,1552.0,665.0,665.0,667.0
6664.0,1549.0,1554.0,1559.0,667.0,667.0,668.0
6645.0,1552.0,1545.0,1550.0,667.0,665.0,666.0
6606.0,1542.0,1542.0,1545.0,659.0,659.0,659.0
6596.0,1540.0,1537.0,1540.0,660.0,662.0,657.0
6593.0,1530.0,1548.0,1543.0,659.0,659.0,654.0
6621.0,1543.0,1548.0,1547.0,660.0,664.0,659.0
6686.0,1561.0,1553.0,1565.0,671.0,668.0,668.0
6672.0,1555.0,1558.0,1553.0,667.0,671.0,668.0
6666.0,1554.0,1553.0,1560.0,666.0,665.0,668.0
6630.0,1547.0,1549.0,1544.0,663.0,662.0,665.0
6591.0,1540.0,1538.0,1528.0,662.0,661.0,662.0
6579.0,1529.0,1532.0,1542.0,659.0,659.0,658.0
6663.0,1555.0,1555.0,1559.0,668.0,662.0,664.0
6675.0,1558.0,1558.0,1560.0,666.0,667.0,666.0
6688.0,1559.0,1562.0,1559.0,672.0,668.0,668.0
6669.0,1548.0,1566.0,1553.0,667.0,668.0,667.0
6631.0,1556.0,1544.0,1542.0,662.0,665.0,662.0
6627.0,1550.0,1551.0,1535.0,663.0,665.0,663.0
6626.0,1535.0,1553.0,1554.0,659.0,663.0,662.0
6661.0,1552.0,1559.0,1562.0,660.0,665.0,663.0
6699.0,1570.0,1555.0,1566.0,669.0,666.0,673.0
6697.0,1561.0,1566.0,1560.0,672.0,667.0,671.0
6665.0,1546.0,1552.0,1561.0,669.0,666.0,671.0
6669.0,1558.0,1560.0,1551.0,667.0,666.0,667.0
6642.0,1556.0,1550.0,1550.0,669.0,658.0,659.0
6645.0,1538.0,1555.0,1561.0,663.0,668.0,660.0
6702.0,1565.0,1560.0,1567.0,664.0,673.0,673.0
6708.0,1568.0,1558.0,1569.0,670.0,675.0,668.0
6725.0,1565.0,1576.0,1566.0,675.0,674.0,669.0
6688.0,1558.0,1562.0,1560.0,671.0,666.0,671.0
6666.0,1560.0,1557.0,1550.0,667.0,662.0,670.0
6660.0,1557.0,1548.0,1552.0,666.0,667.0,670.0
6647.0,1541.0,1549.0,1562.0,667.0,660.0,668.0
6686.0,1557.0,1561.0,1569.0,666.0,667.0,666.0
6702.0,1563.0,1569.0,1558.0,671.0,675.0,666.0
6709.0,1563.0,1569.0,1566.0,669.0,673.0,669.0
6719.0,1574.0,1564.0,1567.0,672.0,673.0,669.0
6652.0,1553.0,1548.0,1553.0,668.0,665.0,665.0
6664.0,1555.0,1556.0,1554.0,669.0,666.0,664.0
6670.0,1550.0,1560.0,1557.0,667.0,666.0,670.0
6689.0,1554.0,1573.0,1556.0,670.0,665.0,671.0
6708.0,1570.0,1565.0,1558.0,672.0,670.0,673.0
6721.0,1561.0,1571.0,1569.0,672.0,673.0,675.0
6733.0,1564.0,1580.0,1575.0,666.0,677.0,671.0
6688.0,1558.0,1560.0,1561.0,670.0,670.0,669.0
6673.0,1556.0,1553.0,1561.0,668.0,670.0,665.0
6666.0,1548.0,1563.0,1546.0,674.0,670.0,665.0
6707.0,1569.0,1570.0,1557.0,672.0,673.0,666.0
6740.0,1579.0,1579.0,1567.0,671.0,671.0,673.0
6767.0,1581.0,1578.0,1580.0,678.0,671.0,679.0
6718.0,1568.0,1564.0,1568.0,674.0,671.0,673.0
6725.0,1573.0,1562.0,1574.0,672.0,668.0,676.0
6705.0,1567.0,1561.0,1565.0,672.0,669.0,671.0
6699.0,1565.0,1556.0,1562.0,672.0,670.0,674.0
6710.0,1563.0,1570.0,1558.0,673.0,673.0,673.0
6731.0,1573.0,1568.0,1571.0,672.0,675.0,672.0
6764.0,1572.0,1577.0,1586.0,677.0,677.0,675.0
6740.0,1565.0,1576.0,1581.0,671.0,675.0,672.0
6736.0,1576.0,1577.0,1572.0,671.0,670.0,670.0
6703.0,1569.0,1562.0,1562.0,670.0,670.0,670.0
6699.0,1554.0,1568.0,1562.0,672.0,671.0,672.0
6724.0,1566.0,1578.0,1566.0,670.0,672.0,672.0
6770.0,1585.0,1578.0,1573.0,677.0,676.0,681.0
6792.0,1578.0,1592.0,1583.0,676.0,683.0,680.0
6762.0,1575.0,1582.0,1582.0,674.0,673.0,676.0
6721.0,1572.0,1569.0,1566.0,670.0,672.0,672.0
6691.0,1572.0,1561.0,1551.0,670.0,668.0,669.0
6709.0,1566.0,1568.0,1566.0,668.0,669.0,672.0
6748.0,1568.0,1582.0,1573.0,678.0,674.0,673.0
6796.0,1591.0,1581.0,1592.0,680.0,676.0,676.0
6800.0,1579.0,1586.0,1593.0,682.0,679.0,681.0
6775.0,1571.0,1588.0,1580.0,678.0,681.0,677.0
6756.0,1581.0,1575.0,1567.0,678.0,679.0,676.0
6706.0,1565.0,1566.0,1558.0,667.0,674.0,676.0
6743.0,1565.0,1570.0,1580.0,675.0,675.0,678.0
6767.0,1576.0,1580.0,1583.0,678.0,674.0,676.0
6813.0,1597.0,1587.0,1590.0,680.0,678.0,681.0
6829.0,1581.0,1596.0,1605.0,684.0,680.0,683.0
6769.0,1575.0,1581.0,1577.0,680.0,679.0,677.0
6742.0,1574.0,1575.0,1565.0,676.0,677.0,675.0
6736.0,1570.0,1568.0,1576.0,672.0,672.0,678.0
6754.0,1569.0,1581.0,1576.0,673.0,677.0,678.0
6800.0,1578.0,1588.0,1595.0,678.0,680.0,681.0
6833.0,1595.0,1598.0,1592.0,683.0,684.0,681.0
6815.0,1586.0,1584.0,1598.0,686.0,680.0,681.0
6803.0,1588.0,1587.0,1583.0,680.0,682.0,683.0
6766.0,1591.0,1577.0,1577.0,678.0,668.0,675.0
6769.0,1574.0,1585.0,1582.0,677.0,678.0,673.0
6779.0,1573.0,1587.0,1589.0,678.0,678.0,674.0
6791.0,1583.0,1577.0,1593.0,677.0,683.0,678.0
6819.0,1593.0,1592.0,1586.0,680.0,686.0,682.0
6848.0,1594.0,1603.0,1594.0,686.0,685.0,686.0
6830.0,1592.0,1605.0,1584.0,686.0,680.0,683.0
6792.0,1584.0,1586.0,1586.0,678.0,678.0,680.0
6788.0,1589.0,1583.0,1581.0,680.0,674.0,681.0
6764.0,1575.0,1578.0,1585.0,673.0,674.0,679.0
6800.0,1588.0,1588.0,1586.0,676.0,680.0,682.0
6833.0,1597.0,1597.0,1589.0,681.0,683.0,686.0
6863.0,1601.0,1598.0,1601.0,687.0,687.0,689.0
6832.0,1595.0,1592.0,1589.0,685.0,685.0,686.0
6799.0,1589.0,1582.0,1589.0,680.0,682.0,677.0
6782.0,1575.0,1589.0,1581.0,678.0,679.0,680.0
6776.0,1576.0,1584.0,1586.0,674.0,678.0,678.0
6820.0,1594.0,1597.0,1594.0,676.0,677.0,682.0
6841.0,1602.0,1588.0,1594.0,682.0,686.0,689.0
6850.0,1598.0,1595.0,1596.0,685.0,686.0,690.0
6860.0,1599.0,1601.0,1605.0,684.0,684.0,687.0
6816.0,1583.0,1596.0,1593.0,679.0,685.0,680.0
6819.0,1591.0,1594.0,1593.0,682.0,680.0,679.0
6782.0,1574.0,1578.0,1584.0,683.0,683.0,680.0
6845.0,1600.0,1592.0,1600.0,683.0,685.0,685.0
6863.0,1609.0,1603.0,1597.0,683.0,686.0,685.0
6873.0,1603.0,1596.0,1607.0,689.0,691.0,687.0
6861.0,1598.0,1604.0,1604.0,683.0,684.0,688.0
6831.0,1598.0,1588.0,1596.0,683.0,680.0,686.0
6808.0,1588.0,1594.0,1589.0,680.0,677.0,680.0
6822.0,1585.0,1590.0,1592.0,685.0,683.0,687.0
6842.0,1602.0,1602.0,1587.0,685.0,684.0,682.0
6871.0,1609.0,1596.0,1604.0,690.0,687.0,685.0
6876.0,1610.0,1594.0,1607.0,685.0,691.0,689.0
6869.0,1601.0,1597.0,1610.0,685.0,691.0,685.0
6863.0,1598.0,1606.0,1605.0,686.0,685.0,683.0
6811.0,1588.0,1589.0,1592.0,683.0,679.0,680.0
6842.0,1587.0,1606.0,1591.0,689.0,685.0,684.0
6843.0,1593.0,1598.0,1595.0,685.0,684.0,688.0
6883.0,1604.0,1605.0,1608.0,687.0,689.0,690.0
6929.0,1610.0,1616.0,1619.0,692.0,696.0,696.0
6901.0,1601.0,1618.0,1610.0,690.0,692.0,690.0
6850.0,1603.0,1595.0,1595.0,685.0,688.0,684.0
6818.0,1594.0,1587.0,1592.0,682.0,684.0,679.0
6842.0,1595.0,1604.0,1591.0,685.0,684.0,683.0
6880.0,1610.0,1613.0,1596.0,689.0,686.0,686.0
6920.0,1613.0,1616.0,1625.0,687.0,689.0,690.0
6937.0,1614.0,1615.0,1626.0,695.0,692.0,695.0
6910.0,1605.0,1613.0,1617.0,692.0,692.0,691.0
6875.0,1602.0,1607.0,1602.0,686.0,686.0,692.0
6855.0,1595.0,1608.0,1592.0,682.0,689.0,689.0
6866.0,1599.0,1600.0,1601.0,687.0,689.0,690.0
6901.0,1609.0,1608.0,1609.0,693.0,690.0,692.0
6942.0,1622.0,1618.0,1624.0,695.0,692.0,691.0
6944.0,1619.0,1621.0,1623.0,697.0,693.0,691.0
6922.0,1613.0,1622.0,1615.0,691.0,690.0,691.0
6881.0,1614.0,1602.0,1605.0,686.0,688.0,686.0
6876.0,1607.0,1602.0,1598.0,690.0,690.0,689.0
6875.0,1603.0,1590.0,1610.0,693.0,687.0,692.0
6936.0,1620.0,1619.0,1619.0,695.0,693.0,690.0
6950.0,1621.0,1620.0,1625.0,695.0,694.0,695.0
6953.0,1625.0,1627.0,1612.0,696.0,697.0,696.0
6940.0,1618.0,1618.0,1618.0,697.0,694.0,695.0
6888.0,1616.0,1609.0,1602.0,685.0,690.0,686.0
6885.0,1611.0,1605.0,1608.0,686.0,686.0,689.0
6901.0,1606.0,1616.0,1606.0,692.0,693.0,688.0
6934.0,1615.0,1614.0,1625.0,693.0,695.0,692.0
6971.0,1630.0,1621.0,1630.0,696.0,696.0,698.0
6958.0,1620.0,1624.0,1622.0,699.0,695.0,698.0
6942.0,1616.0,1623.0,1621.0,692.0,694.0,696.0
6912.0,1614.0,1611.0,1607.0,691.0,693.0,696.0
6904.0,1613.0,1607.0,1615.0,686.0,688.0,695.0
6904.0,1614.0,1608.0,1621.0,686.0,688.0,687.0
6931.0,1623.0,1614.0,1620.0,691.0,691.0,692.0
6979.0,1637.0,1625.0,1623.0,702.0,695.0,697.0
6980.0,1631.0,1634.0,1622.0,699.0,699.0,695.0
6952.0,1620.0,1626.0,1621.0,694.0,696.0,695.0
6946.0,1620.0,1612.0,1625.0,696.0,700.0,693.0
6913.0,1612.0,1605.0,1622.0,690.0,691.0,693.0
6913.0,1611.0,1613.0,1612.0,692.0,691.0,694.0
6960.0,1630.0,1627.0,1619.0,695.0,694.0,695.0
6988.0,1637.0,1633.0,1627.0,695.0,696.0,700.0
7006.0,1634.0,1635.0,1632.0,703.0,701.0,701.0
6976.0,1625.0,1625.0,1637.0,698.0,693.0,698.0
6955.0,1618.0,1622.0,1629.0,696.0,696.0,694.0
6929.0,1614.0,1614.0,1624.0,691.0,695.0,691.0
6939.0,1614.0,1618.0,1628.0,694.0,697.0,688.0
6949.0,1629.0,1621.0,1617.0,693.0,696.0,693.0
6972.0,1631.0,1626.0,1625.0,696.0,697.0,697.0
7013.0,1634.0,1645.0,1633.0,699.0,700.0,702.0
6992.0,1619.0,1632.0,1642.0,701.0,699.0,699.0
6965.0,1628.0,1624.0,1625.0,697.0,693.0,698.0
6929.0,1623.0,1605.0,1623.0,694.0,690.0,694.0
6945.0,1617.0,1623.0,1618.0,693.0,698.0,696.0
6977.0,1625.0,1634.0,1622.0,698.0,699.0,699.0
7008.0,1650.0,1631.0,1630.0,696.0,702.0,699.0
7029.0,1637.0,1648.0,1645.0,697.0,703.0,699.0
7026.0,1638.0,1636.0,1647.0,703.0,701.0,701.0
6956.0,1625.0,1617.0,1625.0,697.0,697.0,695.0
6965.0,1621.0,1629.0,1627.0,699.0,693.0,696.0
6950.0,1612.0,1629.0,1621.0,699.0,694.0,695.0
6999.0,1637.0,1634.0,1631.0,699.0,697.0,701.0
7006.0,1632.0,1628.0,1642.0,701.0,698.0,705.0
7009.0,1628.0,1636.0,1637.0,700.0,704.0,704.0
7009.0,1628.0,1636.0,1640.0,703.0,701.0,701.0
6982.0,1632.0,1629.0,1621.0,696.0,703.0,701.0
6954.0,1623.0,1619.0,1623.0,697.0,696.0,696.0
6937.0,1615.0,1619.0,1615.0,700.0,695.0,693.0
6992.0,1629.0,1635.0,1632.0,701.0,699.0,696.0
7025.0,1644.0,1640.0,1638.0,702.0,700.0,701.0
7041.0,1632.0,1644.0,1652.0,704.0,703.0,706.0
7035.0,1637.0,1637.0,1646.0,703.0,705.0,707.0
7011.0,1641.0,1634.0,1623.0,702.0,706.0,705.0
6992.0,1636.0,1633.0,1627.0,699.0,697.0,700.0
6985.0,1626.0,1638.0,1622.0,698.0,701.0,700.0
7028.0,1644.0,1640.0,1636.0,705.0,702.0,701.0
7060.0,1651.0,1641.0,1654.0,706.0,705.0,703.0
7064.0,1653.0,1644.0,1650.0,705.0,705.0,707.0
7037.0,1642.0,1642.0,1645.0,701.0,706.0,701.0
7015.0,1647.0,1634.0,1639.0,702.0,697.0,696.0
7003.0,1639.0,1627.0,1631.0,699.0,701.0,706.0
6988.0,1626.0,1624.0,1639.0,698.0,699.0,702.0
7053.0,1645.0,1642.0,1642.0,710.0,709.0,705.0
7080.0,1645.0,1658.0,1649.0,707.0,710.0,711.0
7087.0,1653.0,1658.0,1652.0,706.0,707.0,711.0
7054.0,1645.0,1651.0,1638.0,706.0,707.0,707.0
7021.0,1648.0,1631.0,1637.0,701.0,700.0,704.0
7027.0,1648.0,1638.0,1637.0,703.0,700.0,701.0
7008.0,1632.0,1641.0,1638.0,702.0,698.0,697.0
7050.0,1644.0,1647.0,1644.0,707.0,707.0,701.0
7088.0,1655.0,1655.0,1654.0,709.0,708.0,707.0
7070.0,1652.0,1643.0,1651.0,708.0,709.0,707.0
7066.0,1654.0,1646.0,1650.0,703.0,707.0,706.0
7052.0,1651.0,1648.0,1637.0,703.0,704.0,709.0
7022.0,1641.0,1634.0,1650.0,698.0,699.0,700.0
7018.0,1636.0,1634.0,1646.0,699.0,703.0,700.0
7038.0,1637.0,1641.0,1648.0,705.0,702.0,705.0
7094.0,1662.0,1648.0,1652.0,712.0,709.0,711.0
7074.0,1640.0,1659.0,1644.0,712.0,708.0,711.0
7091.0,1656.0,1657.0,1656.0,708.0,707.0,707.0
7043.0,1638.0,1639.0,1652.0,707.0,706.0,701.0
7017.0,1643.0,1630.0,1640.0,701.0,702.0,701.0
7042.0,1634.0,1647.0,1646.0,704.0,703.0,708.0
7089.0,1664.0,1652.0,1646.0,710.0,708.0,709.0
7126.0,1659.0,1669.0,1658.0,716.0,710.0,714.0
7115.0,1659.0,1660.0,1659.0,715.0,710.0,712.0
7105.0,1660.0,1654.0,1657.0,713.0,710.0,711.0
7065.0,1651.0,1642.0,1656.0,706.0,706.0,704.0
7062.0,1649.0,1655.0,1643.0,706.0,704.0,705.0
7047.0,1641.0,1646.0,1648.0,702.0,708.0,702.0
7069.0,1653.0,1655.0,1641.0,704.0,712.0,704.0
7120.0,1661.0,1661.0,1654.0,716.0,713.0,715.0
7104.0,1657.0,1655.0,1653.0,712.0,716.0,711.0
7111.0,1654.0,1665.0,1662.0,713.0,710.0,707.0
7077.0,1657.0,1649.0,1649.0,710.0,707.0,705.0
7056.0,1649.0,1649.0,1643.0,703.0,703.0,709.0
7076.0,1647.0,1647.0,1657.0,705.0,709.0,711.0
7096.0,1650.0,1654.0,1657.0,710.0,713.0,712.0
7141.0,1675.0,1669.0,1656.0,716.0,713.0,712.0
7127.0,1664.0,1667.0,1659.0,715.0,711.0,711.0
7125.0,1667.0,1654.0,1666.0,712.0,716.0,710.0
7105.0,1661.0,1660.0,1655.0,714.0,708.0,707.0
7096.0,1656.0,1655.0,1661.0,707.0,707.0,710.0
7069.0,1647.0,1659.0,1645.0,704.0,705.0,709.0
7126.0,1656.0,1669.0,1666.0,708.0,712.0,715.0
7148.0,1673.0,1660.0,1669.0,715.0,714.0,717.0
7156.0,1670.0,1662.0,1675.0,715.0,716.0,718.0
7141.0,1663.0,1663.0,1671.0,714.0,716.0,714.0
7120.0,1656.0,1668.0,1655.0,714.0,715.0,712.0
7079.0,1657.0,1652.0,1647.0,710.0,709.0,704.0
7094.0,1648.0,1658.0,1655.0,712.0,712.0,709.0
7116.0,1661.0,1663.0,1659.0,711.0,710.0,712.0
7184.0,1683.0,1677.0,1676.0,718.0,713.0,717.0
7170.0,1666.0,1682.0,1676.0,716.0,712.0,718.0
7159.0,1666.0,1672.0,1672.0,715.0,717.0,717.0
7117.0,1665.0,1655.0,1659.0,712.0,713.0,713.0
7114.0,1662.0,1658.0,1654.0,710.0,712.0,718.0
7109.0,1651.0,1661.0,1655.0,712.0,715.0,715.0
7158.0,1663.0,1677.0,1668.0,718.0,719.0,713.0
7160.0,1668.0,1670.0,1672.0,713.0,717.0,720.0
7194.0,1686.0,1678.0,1674.0,717.0,720.0,719.0
7159.0,1673.0,1672.0,1668.0,716.0,715.0,715.0
7133.0,1675.0,1666.0,1656.0,714.0,712.0,710.0
7134.0,1664.0,1665.0,1661.0,715.0,712.0,717.0
7137.0,1662.0,1669.0,1665.0,715.0,713.0,713.0
7162.0,1670.0,1667.0,1675.0,715.0,720.0,715.0
7194.0,1674.0,1681.0,1684.0,718.0,718.0,719.0
7190.0,1681.0,1669.0,1679.0,719.0,720.0,722.0
7193.0,1672.0,1682.0,1678.0,722.0,719.0,720.0
7149.0,1672.0,1665.0,1670.0,714.0,716.0,712.0
7131.0,1668.0,1661.0,1664.0,717.0,710.0,711.0
7143.0,1664.0,1669.0,1668.0,719.0,709.0,714.0
7197.0,1677.0,1677.0,1682.0,722.0,720.0,719.0
7219.0,1677.0,1697.0,1679.0,721.0,721.0,724.0
7199.0,1674.0,1685.0,1682.0,715.0,722.0,721.0
7186.0,1678.0,1676.0,1674.0,717.0,720.0,721.0
7179.0,1687.0,1674.0,1668.0,716.0,717.0,717.0
7163.0,1672.0,1676.0,1669.0,716.0,714.0,716.0
7167.0,1672.0,1668.0,1676.0,716.0,719.0,716.0
7169.0,1665.0,1672.0,1677.0,718.0,719.0,718.0
7219.0,1696.0,1678.0,1686.0,722.0,718.0,719.0
7231.0,1681.0,1686.0,1688.0,726.0,725.0,725.0
7199.0,1671.0,1687.0,1684.0,717.0,719.0,721.0
7173.0,1675.0,1674.0,1675.0,716.0,720.0,713.0
7177.0,1674.0,1670.0,1680.0,719.0,718.0,716.0
7159.0,1662.0,1673.0,1673.0,717.0,718.0,716.0
7212.0,1683.0,1683.0,1680.0,722.0,720.0,724.0
7226.0,1684.0,1697.0,1678.0,722.0,719.0,726.0
7246.0,1690.0,1692.0,1693.0,722.0,723.0,726.0
7211.0,1677.0,1684.0,1686.0,723.0,721.0,720.0
7178.0,1681.0,1669.0,1683.0,713.0,718.0,714.0
7155.0,1665.0,1669.0,1674.0,713.0,717.0,717.0
7186.0,1667.0,1682.0,1681.0,717.0,721.0,718.0
7206.0,1678.0,1687.0,1679.0,720.0,722.0,720.0
7239.0,1698.0,1684.0,1685.0,723.0,725.0,724.0
7233.0,1679.0,1691.0,1687.0,724.0,725.0,727.0
7244.0,1693.0,1688.0,1689.0,725.0,725.0,724.0
7204.0,1682.0,1679.0,1680.0,722.0,719.0,722.0
7204.0,1684.0,1676.0,1686.0,717.0,718.0,723.0
7185.0,1665.0,1677.0,1675.0,722.0,721.0,725.0
7234.0,1685.0,1688.0,1683.0,724.0,728.0,726.0
7290.0,1704.0,1703.0,1698.0,729.0,730.0,726.0
7291.0,1705.0,1706.0,1699.0,728.0,730.0,723.0
7235.0,1682.0,1688.0,1692.0,727.0,728.0,718.0
7223.0,1695.0,1678.0,1688.0,721.0,722.0,719.0
7206.0,1685.0,1671.0,1687.0,720.0,720.0,723.0
7205.0,1680.0,1683.0,1678.0,719.0,718.0,727.0
7252.0,1689.0,1701.0,1689.0,722.0,722.0,729.0
7280.0,1708.0,1695.0,1696.0,730.0,725.0,726.0
7294.0,1691.0,1699.0,1710.0,735.0,726.0,733.0
7263.0,1694.0,1695.0,1694.0,727.0,728.0,725.0
7273.0,1701.0,1697.0,1691.0,730.0,729.0,725.0
7232.0,1690.0,1693.0,1683.0,722.0,725.0,719.0
7237.0,1683.0,1694.0,1684.0,728.0,726.0,722.0
7249.0,1694.0,1687.0,1696.0,722.0,725.0,725.0
7291.0,1708.0,1692.0,1708.0,729.0,728.0,726.0
7323.0,1702.0,1713.0,1713.0,735.0,729.0,731.0
7297.0,1701.0,1705.0,1700.0,732.0,728.0,731.0
7271.0,1702.0,1692.0,1694.0,725.0,729.0,729.0
7218.0,1681.0,1682.0,1683.0,723.0,723.0,726.0
7246.0,1694.0,1687.0,1693.0,722.0,723.0,727.0
7282.0,1698.0,1695.0,1705.0,727.0,731.0,726.0
7305.0,1706.0,1704.0,1705.0,727.0,735.0,728.0
7297.0,1704.0,1706.0,1700.0,729.0,730.0,728.0
7285.0,1694.0,1697.0,1704.0,732.0,729.0,729.0
7255.0,1700.0,1695.0,1688.0,727.0,722.0,723.0
7248.0,1690.0,1694.0,1693.0,725.0,721.0,725.0
7260.0,1687.0,1700.0,1694.0,725.0,726.0,728.0
7294.0,1703.0,1695.0,1709.0,729.0,726.0,732.0
7316.0,1711.0,1703.0,1707.0,728.0,733.0,734.0
7281.0,1700.0,1702.0,1691.0,726.0,733.0,729.0
7324.0,1709.0,1717.0,1703.0,731.0,731.0,733.0
7275.0,1704.0,1696.0,1691.0,731.0,728.0,725.0
7251.0,1695.0,1697.0,1687.0,726.0,724.0,722.0
7278.0,1699.0,1698.0,1699.0,730.0,726.0,726.0
7290.0,1692.0,1709.0,1705.0,728.0,728.0,728.0
7362.0,1721.0,1721.0,1723.0,734.0,733.0,730.0
7337.0,1724.0,1712.0,1698.0,731.0,733.0,739.0
7310.0,1700.0,1707.0,1703.0,733.0,733.0,734.0
7318.0,1715.0,1699.0,1709.0,732.0,731.0,732.0
7279.0,1691.0,1702.0,1696.0,728.0,731.0,731.0
7283.0,1688.0,1701.0,1706.0,731.0,729.0,728.0
7322.0,1710.0,1714.0,1700.0,736.0,729.0,733.0
7332.0,1713.0,1705.0,1709.0,736.0,737.0,732.0
7333.0,1709.0,1712.0,1709.0,736.0,733.0,734.0
7341.0,1711.0,1720.0,1713.0,735.0,731.0,731.0
7332.0,1714.0,1710.0,1713.0,737.0,730.0,728.0
7309.0,1707.0,1696.0,1716.0,727.0,733.0,730.0
7303.0,1697.0,1709.0,1706.0,733.0,728.0,730.0
7310.0,1699.0,1708.0,1704.0,733.0,735.0,731.0
7376.0,1727.0,1716.0,1718.0,738.0,736.0,741.0
7380.0,1722.0,1726.0,1716.0,736.0,738.0,742.0
7355.0,1712.0,1718.0,1722.0,733.0,732.0,738.0
7302.0,1713.0,1700.0,1706.0,730.0,726.0,727.0
7295.0,1698.0,1699.0,1706.0,734.0,730.0,728.0
7309.0,1698.0,1710.0,1707.0,733.0,730.0,731.0
7345.0,1708.0,1723.0,1707.0,738.0,734.0,735.0
7374.0,1726.0,1720.0,1716.0,737.0,739.0,736.0
7373.0,1716.0,1720.0,1727.0,735.0,738.0,737.0
7365.0,1721.0,1718.0,1715.0,736.0,738.0,737.0
7362.0,1719.0,1720.0,1720.0,733.0,732.0,738.0
7332.0,1710.0,1709.0,1717.0,732.0,728.0,736.0
7314.0,1706.0,1702.0,1713.0,734.0,726.0,733.0
7346.0,1721.0,1709.0,1710.0,737.0,735.0,734.0
7403.0,1734.0,1722.0,1726.0,742.0,741.0,738.0
7403.0,1723.0,1725.0,1728.0,740.0,743.0,744.0
7387.0,1718.0,1727.0,1731.0,738.0,737.0,736.0
7355.0,1715.0,1717.0,1721.0,733.0,735.0,734.0
7340.0,1715.0,1708.0,1713.0,734.0,736.0,734.0
7312.0,1704.0,1705.0,1708.0,730.0,732.0,733.0
7367.0,1721.0,1711.0,1719.0,739.0,738.0,739.0
7427.0,1737.0,1731.0,1741.0,741.0,738.0,739.0
7431.0,1727.0,1731.0,1744.0,745.0,742.0,742.0
7366.0,1717.0,1710.0,1727.0,738.0,736.0,738.0
7363.0,1720.0,1724.0,1718.0,733.0,737.0,731.0
7364.0,1715.0,1724.0,1719.0,735.0,738.0,733.0
7371.0,1726.0,1723.0,1714.0,736.0,738.0,734.0
7389.0,1726.0,1725.0,1726.0,738.0,736.0,738.0
7418.0,1731.0,1723.0,1739.0,742.0,741.0,742.0
7428.0,1728.0,1736.0,1734.0,744.0,741.0,745.0
7407.0,1724.0,1731.0,1727.0,741.0,738.0,746.0
7373.0,1729.0,1723.0,1709.0,736.0,734.0,742.0
7367.0,1718.0,1726.0,1718.0,733.0,731.0,741.0
7385.0,1721.0,1722.0,1721.0,740.0,742.0,739.0
7381.0,1717.0,1719.0,1729.0,737.0,741.0,738.0
7444.0,1739.0,1736.0,1739.0,743.0,745.0,742.0
7452.0,1739.0,1741.0,1739.0,746.0,746.0,741.0
7405.0,1727.0,1720.0,1729.0,745.0,741.0,743.0
7369.0,1724.0,1714.0,1724.0,740.0,735.0,732.0
7386.0,1729.0,1719.0,1727.0,738.0,734.0,739.0
7376.0,1713.0,1726.0,1723.0,737.0,739.0,738.0
7433.0,1731.0,1739.0,1738.0,737.0,742.0,746.0
7461.0,1745.0,1737.0,1744.0,743.0,746.0,746.0
7457.0,1734.0,1737.0,1744.0,747.0,746.0,749.0
7446.0,1743.0,1738.0,1730.0,743.0,747.0,745.0
7412.0,1730.0,1738.0,1722.0,742.0,743.0,737.0
7369.0,1715.0,1717.0,1725.0,743.0,735.0,734.0
7398.0,1730.0,1725.0,1728.0,739.0,739.0,737.0
7436.0,1738.0,1735.0,1738.0,741.0,745.0,739.0
7455.0,1743.0,1740.0,1739.0,745.0,744.0,744.0
7471.0,1742.0,1744.0,1743.0,747.0,747.0,748.0
7458.0,1736.0,1743.0,1740.0,746.0,747.0,746.0
7403.0,1730.0,1722.0,1728.0,740.0,741.0,742.0
7410.0,1730.0,1727.0,1733.0,740.0,740.0,740.0
7409.0,1723.0,1734.0,1726.0,739.0,744.0,743.0
7436.0,1739.0,1736.0,1734.0,744.0,741.0,742.0
7459.0,1745.0,1742.0,1738.0,741.0,746.0,747.0
7450.0,1740.0,1737.0,1740.0,742.0,745.0,746.0
7462.0,1742.0,1740.0,1740.0,751.0,745.0,744.0
7444.0,1742.0,1736.0,1733.0,745.0,743.0,745.0
7407.0,1732.0,1728.0,1717.0,744.0,745.0,741.0
7424.0,1731.0,1724.0,1738.0,740.0,747.0,744.0
7445.0,1744.0,1728.0,1735.0,745.0,746.0,747.0
7488.0,1747.0,1744.0,1749.0,746.0,751.0,751.0
7482.0,1737.0,1752.0,1746.0,749.0,750.0,748.0
7488.0,1745.0,1743.0,1752.0,750.0,748.0,750.0
7451.0,1744.0,1736.0,1732.0,748.0,745.0,746.0
7434.0,1733.0,1731.0,1741.0,744.0,740.0,745.0
7429.0,1730.0,1733.0,1736.0,748.0,742.0,740.0
7456.0,1739.0,1739.0,1739.0,745.0,749.0,745.0
7503.0,1753.0,1751.0,1749.0,748.0,754.0,748.0
7519.0,1756.0,1752.0,1754.0,751.0,752.0,754.0
7472.0,1742.0,1741.0,1747.0,745.0,749.0,748.0
7467.0,1738.0,1745.0,1742.0,748.0,746.0,748.0
7459.0,1741.0,1750.0,1732.0,749.0,741.0,746.0
7460.0,1737.0,1750.0,1737.0,748.0,743.0,745.0
7479.0,1747.0,1744.0,1741.0,752.0,747.0,748.0
7535.0,1760.0,1761.0,1755.0,754.0,751.0,754.0
7528.0,1757.0,1752.0,1761.0,755.0,753.0,750.0
7518.0,1754.0,1760.0,1750.0,751.0,754.0,749.0
7480.0,1746.0,1748.0,1745.0,746.0,750.0,745.0
7449.0,1738.0,1735.0,1735.0,746.0,749.0,746.0
7452.0,1737.0,1737.0,1732.0,751.0,749.0,746.0
7491.0,1753.0,1749.0,1743.0,750.0,748.0,748.0
7552.0,1765.0,1765.0,1765.0,754.0,750.0,753.0
7537.0,1756.0,1763.0,1758.0,752.0,753.0,755.0
7521.0,1763.0,1752.0,1751.0,752.0,751.0,752.0
7504.0,1763.0,1749.0,1746.0,747.0,751.0,748.0
7448.0,1739.0,1735.0,1735.0,747.0,746.0,746.0
7487.0,1746.0,1751.0,1740.0,750.0,751.0,749.0
7507.0,1747.0,1752.0,1753.0,750.0,753.0,752.0
7533.0,1762.0,1746.0,1764.0,753.0,755.0,753.0
7544.0,1767.0,1757.0,1760.0,757.0,752.0,751.0
7529.0,1758.0,1758.0,1749.0,757.0,752.0,755.0
7490.0,1749.0,1750.0,1743.0,746.0,748.0,754.0
7481.0,1748.0,1744.0,1745.0,744.0,749.0,751.0
7480.0,1733.0,1741.0,1750.0,753.0,753.0,750.0
7525.0,1750.0,1751.0,1768.0,752.0,750.0,754.0
7582.0,1768.0,1769.0,1774.0,761.0,756.0,754.0
7571.0,1762.0,1768.0,1767.0,760.0,759.0,755.0
7553.0,1766.0,1756.0,1764.0,756.0,757.0,754.0
7506.0,1758.0,1752.0,1743.0,751.0,752.0,750.0
7497.0,1758.0,1751.0,1750.0,746.0,745.0,747.0
7504.0,1747.0,1753.0,1748.0,756.0,749.0,751.0
7539.0,1758.0,1756.0,1766.0,757.0,750.0,752.0
7572.0,1773.0,1757.0,1769.0,757.0,758.0,758.0
7587.0,1777.0,1762.0,1763.0,764.0,761.0,760.0
7558.0,1766.0,1765.0,1753.0,758.0,759.0,757.0
7530.0,1755.0,1759.0,1756.0,751.0,757.0,752.0
7516.0,1752.0,1761.0,1754.0,746.0,754.0,749.0
7521.0,1759.0,1752.0,1760.0,750.0,751.0,749.0
7541.0,1757.0,1754.0,1772.0,754.0,750.0,754.0
7598.0,1784.0,1760.0,1778.0,761.0,756.0,759.0
7590.0,1774.0,1766.0,1768.0,762.0,759.0,761.0
7544.0,1759.0,1758.0,1756.0,759.0,759.0,753.0
7523.0,1752.0,1748.0,1762.0,755.0,752.0,754.0
7541.0,1759.0,1759.0,1758.0,753.0,753.0,759.0
7554.0,1764.0,1762.0,1761.0,755.0,756.0,756.0
7579.0,1769.0,1771.0,1770.0,755.0,757.0,757.0
7617.0,1781.0,1777.0,1777.0,762.0,758.0,762.0
7586.0,1774.0,1776.0,1761.0,758.0,758.0,759.0
7596.0,1768.0,1772.0,1777.0,763.0,760.0,756.0
7568.0,1769.0,1758.0,1771.0,759.0,756.0,755.0
7541.0,1757.0,1760.0,1764.0,757.0,752.0,751.0
7550.0,1756.0,1761.0,1765.0,753.0,756.0,759.0
7569.0,1764.0,1764.0,1764.0,757.0,761.0,759.0
7611.0,1777.0,1775.0,1773.0,761.0,763.0,762.0
7613.0,1775.0,1778.0,1770.0,762.0,763.0,765.0
7601.0,1771.0,1776.0,1766.0,763.0,761.0,764.0
7561.0,1765.0,1760.0,1770.0,757.0,755.0,754.0
7545.0,1756.0,1751.0,1771.0,755.0,757.0,755.0
7545.0,1754.0,1766.0,1759.0,755.0,756.0,755.0
7593.0,1774.0,1771.0,1770.0,759.0,760.0,759.0
7631.0,1786.0,1781.0,1778.0,761.0,763.0,762.0
7647.0,1778.0,1788.0,1785.0,762.0,768.0,766.0
7625.0,1776.0,1781.0,1780.0,763.0,762.0,763.0
7584.0,1765.0,1763.0,1775.0,759.0,760.0,762.0
7602.0,1774.0,1773.0,1774.0,760.0,760.0,761.0
7576.0,1761.0,1784.0,1757.0,758.0,757.0,759.0
7619.0,1774.0,1786.0,1776.0,759.0,760.0,764.0
7642.0,1791.0,1780.0,1783.0,762.0,762.0,764.0
7666.0,1787.0,1789.0,1790.0,770.0,765.0,765.0
7634.0,1776.0,1779.0,1788.0,762.0,766.0,763.0
7607.0,1778.0,1775.0,1773.0,763.0,761.0,757.0
7585.0,1767.0,1775.0,1765.0,760.0,763.0,755.0
7575.0,1765.0,1762.0,1765.0,760.0,763.0,760.0
7619.0,1783.0,1769.0,1781.0,762.0,761.0,763.0
7662.0,1792.0,1785.0,1788.0,764.0,765.0,768.0
7653.0,1780.0,1792.0,1787.0,761.0,767.0,766.0
7640.0,1781.0,1787.0,1783.0,763.0,762.0,764.0
7634.0,1789.0,1775.0,1779.0,763.0,763.0,765.0
7578.0,1767.0,1767.0,1766.0,763.0,761.0,754.0
7597.0,1769.0,1777.0,1772.0,760.0,761.0,758.0
7657.0,1786.0,1789.0,1784.0,766.0,767.0,765.0
7669.0,1796.0,1786.0,1795.0,761.0,766.0,765.0
7678.0,1785.0,1783.0,1802.0,767.0,771.0,770.0
7652.0,1790.0,1780.0,1784.0,763.0,767.0,768.0
7646.0,1790.0,1782.0,1784.0,764.0,761.0,765.0
7618.0,1787.0,1782.0,1766.0,760.0,760.0,763.0
7629.0,1775.0,1780.0,1781.0,767.0,764.0,762.0
7653.0,1784.0,1787.0,1783.0,768.0,765.0,766.0
7668.0,1791.0,1779.0,1796.0,767.0,767.0,768.0
7682.0,1790.0,1797.0,1789.0,769.0,770.0,767.0
7655.0,1779.0,1790.0,1789.0,766.0,770.0,761.0
7604.0,1775.0,1766.0,1776.0,763.0,765.0,759.0
7605.0,1778.0,1772.0,1769.0,763.0,761.0,762.0
7630.0,1776.0,1782.0,1784.0,762.0,761.0,765.0
7659.0,1785.0,1789.0,1788.0,767.0,765.0,765.0
7735.0,1813.0,1798.0,1805.0,775.0,771.0,773.0
7693.0,1800.0,1792.0,1792.0,771.0,769.0,769.0
7665.0,1788.0,1788.0,1784.0,767.0,771.0,767.0
7659.0,1793.0,1783.0,1783.0,766.0,768.0,766.0
7643.0,1784.0,1785.0,1781.0,764.0,766.0,763.0
7645.0,1779.0,1784.0,1794.0,765.0,762.0,761.0
7680.0,1793.0,1794.0,1786.0,769.0,769.0,769.0
7723.0,1803.0,1797.0,1811.0,771.0,770.0,771.0
7711.0,1807.0,1796.0,1793.0,775.0,769.0,771.0
7688.0,1795.0,1793.0,1790.0,769.0,769.0,772.0
7685.0,1789.0,1795.0,1796.0,766.0,767.0,772.0
7653.0,1780.0,1782.0,1790.0,766.0,769.0,766.0
7648.0,1781.0,1775.0,1799.0,763.0,766.0,764.0
7693.0,1798.0,1786.0,1799.0,771.0,769.0,770.0
7697.0,1798.0,1794.0,1790.0,775.0,770.0,770.0
7743.0,1801.0,1814.0,1804.0,779.0,773.0,772.0
7728.0,1806.0,1801.0,1805.0,774.0,771.0,771.0
7703.0,1800.0,1796.0,1806.0,772.0,765.0,764.0
7678.0,1790.0,1788.0,1806.0,765.0,765.0,764.0
7676.0,1796.0,1790.0,1795.0,763.0,767.0,765.0
7697.0,1797.0,1796.0,1788.0,771.0,772.0,773.0
7718.0,1804.0,1789.0,1799.0,778.0,779.0,769.0
7750.0,1807.0,1810.0,1805.0,775.0,778.0,775.0
7726.0,1795.0,1810.0,1801.0,777.0,770.0,773.0
7699.0,1793.0,1799.0,1806.0,766.0,767.0,768.0
7690.0,1800.0,1790.0,1796.0,771.0,766.0,767.0
7692.0,1791.0,1797.0,1798.0,770.0,768.0,768.0
7709.0,1803.0,1795.0,1801.0,771.0,770.0,769.0
7755.0,1808.0,1813.0,1807.0,779.0,776.0,772.0
7763.0,1809.0,1810.0,1809.0,780.0,779.0,776.0
7753.0,1796.0,1814.0,1812.0,780.0,775.0,776.0
7716.0,1798.0,1791.0,1807.0,772.0,771.0,777.0
7679.0,1803.0,1778.0,1792.0,767.0,769.0,770.0
7711.0,1796.0,1803.0,1797.0,770.0,770.0,775.0
7732.0,1807.0,1814.0,1798.0,772.0,772.0,769.0
7763.0,1818.0,1810.0,1807.0,776.0,775.0,777.0
7781.0,1809.0,1817.0,1818.0,776.0,783.0,778.0
7759.0,1804.0,1813.0,1815.0,778.0,776.0,773.0
7751.0,1808.0,1813.0,1810.0,776.0,771.0,773.0
7689.0,1800.0,1799.0,1787.0,767.0,769.0,767.0
7726.0,1798.0,1807.0,1800.0,773.0,774.0,774.0
7730.0,1808.0,1804.0,1794.0,773.0,776.0,775.0
7809.0,1832.0,1817.0,1823.0,778.0,776.0,783.0
7796.0,1814.0,1818.0,1829.0,774.0,776.0,785.0
7775.0,1803.0,1815.0,1827.0,780.0,775.0,775.0
7728.0,1812.0,1800.0,1801.0,775.0,771.0,769.0
7707.0,1796.0,1799.0,1795.0,774.0,772.0,771.0
7707.0,1793.0,1800.0,1797.0,774.0,773.0,770.0
7776.0,1819.0,1811.0,1816.0,774.0,780.0,776.0
7820.0,1826.0,1828.0,1826.0,777.0,781.0,782.0
7791.0,1813.0,1814.0,1826.0,780.0,781.0,777.0
7789.0,1813.0,1819.0,1823.0,777.0,776.0,781.0
7770.0,1820.0,1809.0,1811.0,773.0,777.0,780.0
7741.0,1803.0,1806.0,1803.0,776.0,775.0,778.0
7734.0,1805.0,1807.0,1798.0,777.0,773.0,774.0
7798.0,1826.0,1814.0,1826.0,779.0,778.0,775.0
7808.0,1825.0,1817.0,1827.0,781.0,779.0,779.0
7821.0,1817.0,1824.0,1831.0,783.0,784.0,782.0
7776.0,1810.0,1825.0,1809.0,775.0,781.0,776.0
7776.0,1818.0,1819.0,1810.0,776.0,779.0,774.0
7729.0,1806.0,1804.0,1801.0,775.0,771.0,772.0
7779.0,1815.0,1811.0,1813.0,781.0,777.0,782.0
7787.0,1817.0,1822.0,1815.0,775.0,776.0,782.0
7819.0,1829.0,1834.0,1820.0,779.0,776.0,781.0
7831.0,1829.0,1830.0,1826.0,783.0,781.0,782.0
7807.0,1820.0,1820.0,1824.0,782.0,779.0,782.0
7779.0,1809.0,1818.0,1819.0,777.0,777.0,779.0
7771.0,1817.0,1807.0,1812.0,782.0,778.0,775.0
7780.0,1809.0,1821.0,1822.0,777.0,775.0,776.0
7800.0,1819.0,1823.0,1819.0,782.0,776.0,781.0
7834.0,1835.0,1821.0,1826.0,786.0,782.0,784.0
7821.0,1832.0,1818.0,1825.0,781.0,781.0,784.0
7821.0,1829.0,1830.0,1819.0,782.0,780.0,781.0
7784.0,1813.0,1820.0,1816.0,778.0,777.0,780.0
7775.0,1813.0,1817.0,1814.0,776.0,778.0,777.0
7753.0,1805.0,1801.0,1812.0,779.0,778.0,778.0
7819.0,1822.0,1825.0,1822.0,784.0,785.0,781.0
7869.0,1838.0,1842.0,1830.0,785.0,786.0,788.0
7840.0,1824.0,1834.0,1826.0,786.0,786.0,784.0
7837.0,1830.0,1826.0,1830.0,781.0,787.0,783.0
7815.0,1821.0,1828.0,1834.0,777.0,777.0,778.0
7783.0,1814.0,1817.0,1818.0,775.0,779.0,780.0
7799.0,1811.0,1824.0,1823.0,779.0,780.0,782.0
7830.0,1824.0,1836.0,1819.0,785.0,785.0,781.0
7866.0,1839.0,1831.0,1832.0,786.0,789.0,789.0
7851.0,1823.0,1827.0,1836.0,786.0,790.0,789.0
7870.0,1837.0,1839.0,1830.0,789.0,791.0,784.0
7840.0,1825.0,1828.0,1839.0,780.0,784.0,784.0
7826.0,1835.0,1829.0,1824.0,782.0,776.0,780.0
7780.0,1809.0,1817.0,1814.0,780.0,782.0,778.0
7830.0,1837.0,1819.0,1821.0,786.0,782.0,785.0
7882.0,1846.0,1841.0,1832.0,790.0,787.0,786.0
7887.0,1835.0,1846.0,1836.0,793.0,789.0,788.0
7856.0,1825.0,1835.0,1835.0,786.0,789.0,786.0
7853.0,1831.0,1838.0,1834.0,779.0,786.0,785.0
7836.0,1832.0,1827.0,1834.0,778.0,781.0,784.0
7822.0,1826.0,1822.0,1825.0,782.0,783.0,784.0
7860.0,1838.0,1837.0,1832.0,787.0,781.0,785.0
7905.0,1851.0,1846.0,1839.0,791.0,790.0,788.0
7895.0,1844.0,1843.0,1842.0,790.0,788.0,788.0
7864.0,1836.0,1831.0,1840.0,789.0,783.0,785.0
7860.0,1840.0,1833.0,1832.0,783.0,785.0,787.0
7851.0,1836.0,1836.0,1823.0,784.0,786.0,786.0
7840.0,1832.0,1822.0,1833.0,783.0,787.0,783.0
7879.0,1840.0,1835.0,1837.0,789.0,789.0,789.0
7916.0,1853.0,1842.0,1849.0,792.0,792.0,788.0
7911.0,1848.0,1841.0,1851.0,794.0,787.0,790.0
7884.0,1838.0,1845.0,1835.0,791.0,787.0,788.0
7871.0,1836.0,1843.0,1835.0,784.0,785.0,788.0
7838.0,1834.0,1825.0,1822.0,785.0,784.0,788.0
7819.0,1827.0,1819.0,1821.0,784.0,783.0,785.0
7894.0,1846.0,1834.0,1848.0,788.0,791.0,787.0
7937.0,1855.0,1851.0,1851.0,792.0,796.0,792.0
7925.0,1843.0,1855.0,1851.0,791.0,794.0,791.0
7910.0,1842.0,1848.0,1845.0,795.0,789.0,791.0
7890.0,1844.0,1831.0,1844.0,791.0,789.0,791.0
7852.0,1834.0,1832.0,1825.0,788.0,783.0,790.0
7856.0,1833.0,1837.0,1832.0,788.0,781.0,785.0
7893.0,1837.0,1845.0,1846.0,788.0,791.0,786.0
7932.0,1860.0,1844.0,1855.0,790.0,789.0,794.0
7926.0,1847.0,1849.0,1854.0,791.0,795.0,790.0
7918.0,1847.0,1846.0,1847.0,792.0,795.0,791.0
7897.0,1844.0,1840.0,1842.0,793.0,789.0,789.0
7866.0,1835.0,1832.0,1839.0,787.0,788.0,785.0
7885.0,1835.0,1839.0,1846.0,789.0,786.0,790.0
7914.0,1851.0,1845.0,1853.0,788.0,789.0,788.0
7942.0,1849.0,1851.0,1861.0,792.0,791.0,798.0
7950.0,1854.0,1857.0,1853.0,796.0,794.0,796.0
7943.0,1849.0,1858.0,1852.0,797.0,793.0,794.0
7911.0,1848.0,1840.0,1857.0,792.0,786.0,788.0
7918.0,1854.0,1837.0,1850.0,795.0,795.0,787.0
7893.0,1832.0,1847.0,1852.0,788.0,790.0,784.0
7923.0,1843.0,1849.0,1853.0,791.0,795.0,792.0
7967.0,1858.0,1852.0,1865.0,797.0,798.0,797.0
7956.0,1851.0,1859.0,1855.0,796.0,798.0,797.0
7941.0,1851.0,1860.0,1851.0,793.0,794.0,792.0
7925.0,1849.0,1851.0,1847.0,795.0,789.0,794.0
7930.0,1851.0,1852.0,1849.0,793.0,790.0,795.0
7903.0,1841.0,1845.0,1843.0,795.0,788.0,791.0
7944.0,1847.0,1854.0,1861.0,792.0,795.0,795.0
7990.0,1874.0,1853.0,1863.0,800.0,800.0,800.0
7973.0,1866.0,1864.0,1852.0,800.0,799.0,792.0
7973.0,1856.0,1866.0,1861.0,794.0,802.0,794.0
7958.0,1861.0,1853.0,1861.0,795.0,794.0,794.0
7941.0,1858.0,1847.0,1859.0,793.0,790.0,794.0
7918.0,1845.0,1846.0,1850.0,792.0,792.0,793.0
7983.0,1857.0,1865.0,1861.0,799.0,798.0,803.0
7977.0,1866.0,1866.0,1854.0,797.0,798.0,796.0
7984.0,1863.0,1865.0,1861.0,795.0,800.0,800.0
7991.0,1861.0,1861.0,1869.0,798.0,802.0,800.0
7958.0,1863.0,1855.0,1860.0,794.0,794.0,792.0
7954.0,1856.0,1860.0,1858.0,791.0,794.0,795.0
7938.0,1843.0,1863.0,1850.0,796.0,794.0,792.0
7954.0,1856.0,1856.0,1860.0,796.0,793.0,793.0
7986.0,1867.0,1859.0,1861.0,801.0,800.0,798.0
8025.0,1868.0,1875.0,1874.0,801.0,802.0,805.0
7994.0,1860.0,1866.0,1869.0,799.0,802.0,798.0
7983.0,1862.0,1862.0,1865.0,798.0,798.0,798.0
7960.0,1854.0,1861.0,1858.0,791.0,796.0,800.0
7940.0,1848.0,1854.0,1850.0,793.0,796.0,799.0
7987.0,1870.0,1868.0,1853.0,799.0,799.0,798.0
8041.0,1877.0,1886.0,1875.0,802.0,801.0,800.0
8015.0,1869.0,1872.0,1867.0,803.0,803.0,801.0
8008.0,1859.0,1868.0,1881.0,801.0,798.0,801.0
7966.0,1858.0,1861.0,1857.0,794.0,798.0,798.0
7957.0,1852.0,1860.0,1863.0,795.0,794.0,793.0
7959.0,1854.0,1864.0,1853.0,792.0,802.0,794.0
7986.0,1862.0,1858.0,1861.0,800.0,801.0,804.0
8053.0,1885.0,1870.0,1882.0,802.0,807.0,807.0
8058.0,1880.0,1877.0,1881.0,805.0,808.0,807.0
8013.0,1864.0,1872.0,1869.0,804.0,798.0,806.0
7990.0,1864.0,1868.0,1863.0,801.0,797.0,797.0
7962.0,1860.0,1863.0,1856.0,795.0,794.0,794.0
7967.0,1857.0,1854.0,1862.0,796.0,801.0,797.0
8011.0,1870.0,1876.0,1867.0,799.0,800.0,799.0
8049.0,1879.0,1879.0,1880.0,805.0,802.0,804.0
8066.0,1880.0,1879.0,1886.0,807.0,808.0,806.0
8039.0,1872.0,1874.0,1880.0,805.0,805.0,803.0
7997.0,1872.0,1867.0,1850.0,803.0,802.0,803.0
7982.0,1869.0,1864.0,1853.0,800.0,796.0,800.0
7980.0,1860.0,1868.0,1857.0,796.0,797.0,802.0
8033.0,1876.0,1880.0,1873.0,802.0,801.0,801.0
8039.0,1879.0,1865.0,1880.0,805.0,805.0,805.0
8060.0,1875.0,1877.0,1887.0,805.0,809.0,807.0
8058.0,1877.0,1881.0,1880.0,807.0,809.0,804.0
8031.0,1875.0,1880.0,1868.0,804.0,806.0,798.0
8009.0,1871.0,1871.0,1861.0,804.0,801.0,801.0
8002.0,1866.0,1863.0,1874.0,798.0,800.0,801.0
8047.0,1880.0,1870.0,1885.0,801.0,805.0,806.0
8077.0,1882.0,1887.0,1893.0,805.0,805.0,805.0
8076.0,1883.0,1887.0,1881.0,807.0,807.0,811.0
8063.0,1875.0,1883.0,1879.0,813.0,807.0,806.0
8011.0,1876.0,1861.0,1865.0,804.0,803.0,802.0
8012.0,1873.0,1860.0,1870.0,805.0,803.0,801.0
8008.0,1873.0,1867.0,1871.0,798.0,801.0,798.0
8074.0,1889.0,1881.0,1889.0,804.0,807.0,804.0
8099.0,1890.0,1894.0,1886.0,812.0,811.0,806.0
8096.0,1886.0,1888.0,1887.0,814.0,809.0,812.0
8079.0,1881.0,1887.0,1886.0,807.0,806.0,812.0
8057.0,1879.0,1879.0,1882.0,807.0,802.0,808.0
8041.0,1873.0,1876.0,1875.0,806.0,804.0,807.0
8030.0,1862.0,1877.0,1874.0,804.0,805.0,808.0
8072.0,1885.0,1886.0,1886.0,805.0,806.0,804.0
8088.0,1886.0,1885.0,1889.0,805.0,812.0,811.0
8105.0,1891.0,1887.0,1892.0,810.0,816.0,809.0
8093.0,1883.0,1894.0,1883.0,809.0,813.0,811.0
8075.0,1884.0,1881.0,1892.0,809.0,805.0,804.0
8067.0,1885.0,1879.0,1886.0,808.0,804.0,805.0
8032.0,1876.0,1866.0,1873.0,807.0,803.0,807.0
8095.0,1889.0,1889.0,1893.0,808.0,807.0,809.0
8109.0,1890.0,1900.0,1883.0,812.0,810.0,814.0
8120.0,1889.0,1895.0,1895.0,809.0,814.0,818.0
8102.0,1890.0,1886.0,1889.0,811.0,814.0,812.0
8084.0,1885.0,1877.0,1899.0,806.0,808.0,809.0
8075.0,1880.0,1884.0,1890.0,806.0,810.0,805.0
8066.0,1879.0,1881.0,1885.0,810.0,807.0,804.0
8097.0,1899.0,1886.0,1886.0,808.0,809.0,809.0
8117.0,1898.0,1888.0,1893.0,812.0,811.0,815.0
8148.0,1899.0,1906.0,1905.0,814.0,809.0,815.0
8132.0,1891.0,1902.0,1899.0,812.0,815.0,813.0
8098.0,1884.0,1891.0,1897.0,806.0,811.0,809.0
8077.0,1883.0,1884.0,1887.0,807.0,805.0,811.0
8094.0,1881.0,1894.0,1889.0,809.0,813.0,808.0
8110.0,1891.0,1891.0,1887.0,817.0,811.0,813.0
8142.0,1905.0,1908.0,1889.0,813.0,812.0,815.0
8156.0,1901.0,1905.0,1908.0,814.0,815.0,813.0
8120.0,1885.0,1893.0,1908.0,811.0,809.0,814.0
8106.0,1894.0,1882.0,1905.0,807.0,809.0,809.0
8103.0,1894.0,1888.0,1887.0,813.0,812.0,809.0
8071.0,1874.0,1891.0,1879.0,810.0,810.0,807.0
8138.0,1894.0,1900.0,1897.0,818.0,816.0,813.0
8173.0,1903.0,1906.0,1911.0,817.0,821.0,815.0
8180.0,1907.0,1907.0,1908.0,818.0,819.0,821.0
8158.0,1894.0,1906.0,1908.0,814.0,815.0,821.0
8127.0,1902.0,1895.0,1898.0,808.0,815.0,809.0
8089.0,1889.0,1889.0,1883.0,811.0,807.0,810.0
8095.0,1890.0,1892.0,1882.0,810.0,810.0,811.0
8132.0,1898.0,1891.0,1905.0,816.0,816.0,806.0
8164.0,1906.0,1903.0,1907.0,816.0,816.0,816.0
8191.0,1910.0,1908.0,1924.0,816.0,814.0,819.0
8159.0,1905.0,1912.0,1894.0,816.0,817.0,815.0
8140.0,1903.0,1900.0,1897.0,810.0,815.0,815.0
8137.0,1899.0,1896.0,1896.0,816.0,815.0,815.0
8114.0,1894.0,1896.0,1890.0,808.0,811.0,815.0
8173.0,1907.0,1908.0,1913.0,816.0,813.0,816.0
8212.0,1915.0,1915.0,1923.0,821.0,820.0,818.0
8190.0,1909.0,1901.0,1926.0,817.0,818.0,819.0
8151.0,1897.0,1899.0,1904.0,818.0,820.0,813.0
8139.0,1900.0,1900.0,1902.0,812.0,816.0,809.0
8138.0,1902.0,1904.0,1898.0,812.0,813.0,809.0
8129.0,1891.0,1894.0,1902.0,810.0,817.0,815.0
8185.0,1907.0,1911.0,1911.0,820.0,820.0,816.0
8197.0,1917.0,1909.0,1912.0,821.0,820.0,818.0
8214.0,1921.0,1920.0,1913.0,821.0,817.0,822.0
8176.0,1908.0,1912.0,1902.0,818.0,817.0,819.0
8168.0,1901.0,1915.0,1902.0,818.0,814.0,818.0
8138.0,1901.0,1894.0,1903.0,810.0,815.0,815.0
8165.0,1900.0,1908.0,1912.0,815.0,817.0,813.0
8182.0,1911.0,1906.0,1915.0,816.0,819.0,815.0
8234.0,1923.0,1928.0,1918.0,822.0,821.0,822.0
8228.0,1924.0,1922.0,1915.0,822.0,824.0,821.0
8199.0,1911.0,1912.0,1912.0,822.0,819.0,823.0
8173.0,1899.0,1905.0,1914.0,822.0,818.0,815.0
8151.0,1899.0,1905.0,1900.0,818.0,811.0,818.0
8161.0,1900.0,1909.0,1903.0,817.0,812.0,820.0
8179.0,1908.0,1910.0,1908.0,817.0,817.0,819.0
8241.0,1925.0,1919.0,1925.0,823.0,828.0,821.0
8226.0,1921.0,1921.0,1914.0,825.0,823.0,822.0
8218.0,1923.0,1917.0,1914.0,822.0,824.0,818.0
8201.0,1910.0,1914.0,1921.0,820.0,818.0,818.0
8147.0,1902.0,1900.0,1904.0,812.0,814.0,815.0
8158.0,1895.0,1902.0,1910.0,817.0,816.0,818.0
8199.0,1912.0,1909.0,1918.0,821.0,817.0,822.0
8246.0,1931.0,1922.0,1921.0,826.0,821.0,825.0
8233.0,1920.0,1922.0,1916.0,825.0,825.0,825.0
8234.0,1914.0,1925.0,1924.0,826.0,822.0,823.0
8184.0,1910.0,1904.0,1914.0,819.0,819.0,818.0
8190.0,1911.0,1909.0,1909.0,822.0,822.0,817.0
8173.0,1908.0,1902.0,1905.0,820.0,821.0,817.0
8221.0,1923.0,1925.0,1911.0,823.0,820.0,819.0
8261.0,1938.0,1924.0,1921.0,826.0,827.0,825.0
8263.0,1930.0,1931.0,1929.0,824.0,826.0,823.0
8233.0,1920.0,1917.0,1927.0,824.0,819.0,826.0
8244.0,1918.0,1926.0,1929.0,824.0,823.0,824.0
8213.0,1917.0,1917.0,1912.0,822.0,821.0,824.0
8218.0,1920.0,1913.0,1914.0,825.0,822.0,824.0
8225.0,1920.0,1919.0,1914.0,824.0,824.0,824.0
8267.0,1937.0,1930.0,1924.0,824.0,828.0,824.0
8269.0,1928.0,1931.0,1927.0,827.0,829.0,827.0
8269.0,1925.0,1932.0,1934.0,824.0,828.0,826.0
8226.0,1919.0,1913.0,1929.0,823.0,822.0,820.0
8199.0,1911.0,1907.0,1918.0,822.0,822.0,819.0
8203.0,1906.0,1915.0,1913.0,823.0,822.0,824.0
8252.0,1917.0,1937.0,1923.0,824.0,828.0,823.0
8297.0,1943.0,1928.0,1935.0,828.0,832.0,831.0
8292.0,1945.0,1927.0,1932.0,828.0,830.0,830.0
8262.0,1927.0,1918.0,1934.0,830.0,829.0,824.0
8225.0,1921.0,1911.0,1926.0,825.0,822.0,820.0
8230.0,1923.0,1927.0,1914.0,823.0,819.0,824.0
8225.0,1923.0,1920.0,1914.0,825.0,823.0,820.0
8259.0,1930.0,1923.0,1924.0,831.0,825.0,826.0
8310.0,1945.0,1933.0,1940.0,834.0,829.0,829.0
8317.0,1936.0,1940.0,1938.0,833.0,836.0,834.0
8308.0,1933.0,1943.0,1941.0,829.0,830.0,832.0
8252.0,1923.0,1937.0,1917.0,822.0,826.0,827.0
8231.0,1925.0,1915.0,1917.0,825.0,823.0,826.0
8231.0,1915.0,1918.0,1922.0,824.0,827.0,825.0
8280.0,1926.0,1929.0,1942.0,833.0,824.0,826.0
8344.0,1940.0,1952.0,1959.0,834.0,830.0,829.0
8319.0,1942.0,1942.0,1940.0,831.0,830.0,834.0
8287.0,1943.0,1930.0,1933.0,827.0,828.0,826.0
8264.0,1929.0,1926.0,1926.0,826.0,830.0,827.0
8256.0,1927.0,1928.0,1924.0,825.0,828.0,824.0
8285.0,1924.0,1938.0,1933.0,830.0,833.0,827.0
8296.0,1937.0,1940.0,1933.0,828.0,830.0,828.0
8338.0,1951.0,1937.0,1948.0,835.0,834.0,833.0
8312.0,1940.0,1937.0,1939.0,836.0,830.0,830.0
8291.0,1934.0,1938.0,1932.0,829.0,828.0,830.0
8268.0,1927.0,1935.0,1926.0,826.0,825.0,829.0
8280.0,1932.0,1938.0,1934.0,824.0,824.0,828.0
8288.0,1930.0,1930.0,1938.0,829.0,832.0,829.0
8301.0,1931.0,1933.0,1938.0,831.0,833.0,835.0
8352.0,1946.0,1955.0,1949.0,835.0,833.0,834.0
8347.0,1943.0,1953.0,1940.0,840.0,836.0,835.0
8304.0,1936.0,1930.0,1941.0,833.0,831.0,833.0
8297.0,1936.0,1931.0,1936.0,833.0,829.0,832.0
8283.0,1938.0,1928.0,1940.0,828.0,824.0,825.0
8296.0,1922.0,1940.0,1947.0,827.0,831.0,829.0
8330.0,1939.0,1952.0,1942.0,832.0,834.0,831.0
8337.0,1947.0,1950.0,1937.0,837.0,831.0,835.0
8374.0,1953.0,1953.0,1950.0,841.0,840.0,837.0
8342.0,1943.0,1944.0,1948.0,838.0,837.0,832.0
8311.0,1941.0,1937.0,1939.0,832.0,833.0,829.0
8299.0,1940.0,1938.0,1935.0,828.0,827.0,831.0
8300.0,1935.0,1938.0,1941.0,830.0,827.0,829.0
8334.0,1944.0,1941.0,1946.0,837.0,831.0,835.0
8355.0,1959.0,1948.0,1939.0,839.0,833.0,837.0
8396.0,1956.0,1961.0,1955.0,841.0,842.0,841.0
8362.0,1947.0,1956.0,1947.0,839.0,837.0,836.0
8341.0,1945.0,1939.0,1953.0,834.0,836.0,834.0
8316.0,1941.0,1937.0,1943.0,830.0,834.0,831.0
8316.0,1934.0,1940.0,1946.0,831.0,835.0,830.0
8361.0,1955.0,1951.0,1952.0,833.0,835.0,835.0
8382.0,1962.0,1960.0,1952.0,838.0,835.0,835.0
8400.0,1958.0,1962.0,1960.0,841.0,836.0,843.0
8384.0,1948.0,1954.0,1965.0,841.0,836.0,840.0
8349.0,1948.0,1948.0,1948.0,835.0,832.0,838.0
8348.0,1948.0,1947.0,1954.0,834.0,829.0,836.0
8319.0,1931.0,1939.0,1948.0,832.0,834.0,835.0
8359.0,1950.0,1950.0,1953.0,833.0,839.0,834.0
8388.0,1961.0,1951.0,1955.0,838.0,841.0,842.0
8390.0,1954.0,1960.0,1958.0,840.0,840.0,838.0
8393.0,1954.0,1958.0,1968.0,840.0,838.0,835.0
8348.0,1948.0,1949.0,1947.0,835.0,834.0,835.0
8323.0,1940.0,1938.0,1944.0,837.0,829.0,835.0
8345.0,1949.0,1943.0,1945.0,836.0,834.0,838.0
8373.0,1944.0,1958.0,1954.0,837.0,839.0,841.0
8426.0,1970.0,1966.0,1966.0,838.0,842.0,844.0
8421.0,1964.0,1964.0,1968.0,839.0,843.0,843.0
8397.0,1948.0,1960.0,1969.0,838.0,840.0,842.0
8374.0,1956.0,1951.0,1955.0,839.0,840.0,833.0
8356.0,1953.0,1950.0,1944.0,837.0,837.0,835.0
8361.0,1950.0,1951.0,1954.0,838.0,832.0,836.0
8387.0,1954.0,1961.0,1957.0,839.0,840.0,836.0
8422.0,1967.0,1962.0,1967.0,844.0,843.0,839.0
8425.0,1967.0,1961.0,1969.0,842.0,844.0,842.0
8410.0,1954.0,1969.0,1965.0,838.0,839.0,845.0
8386.0,1961.0,1955.0,1956.0,837.0,842.0,835.0
8383.0,1959.0,1956.0,1951.0,837.0,840.0,840.0
8360.0,1945.0,1939.0,1954.0,844.0,838.0,840.0
8411.0,1963.0,1960.0,1966.0,839.0,844.0,839.0
8450.0,1972.0,1973.0,1979.0,843.0,842.0,841.0
8434.0,1962.0,1968.0,1979.0,839.0,845.0,841.0
8404.0,1963.0,1962.0,1959.0,836.0,843.0,841.0
8389.0,1963.0,1953.0,1950.0,840.0,842.0,841.0
8372.0,1955.0,1949.0,1951.0,838.0,838.0,841.0
8399.0,1952.0,1964.0,1965.0,839.0,842.0,837.0
8437.0,1961.0,1978.0,1967.0,844.0,842.0,845.0
8451.0,1978.0,1968.0,1969.0,845.0,843.0,848.0
8450.0,1975.0,1973.0,1969.0,845.0,840.0,848.0
8432.0,1969.0,1963.0,1969.0,842.0,843.0,846.0
8384.0,1966.0,1952.0,1957.0,836.0,835.0,838.0
8400.0,1962.0,1960.0,1965.0,838.0,840.0,835.0
8412.0,1956.0,1963.0,1966.0,843.0,844.0,840.0
8444.0,1974.0,1963.0,1969.0,848.0,844.0,846.0
8465.0,1978.0,1974.0,1973.0,845.0,852.0,843.0
8483.0,1978.0,1984.0,1975.0,849.0,851.0,846.0
8430.0,1966.0,1970.0,1963.0,843.0,843.0,845.0
8407.0,1964.0,1965.0,1965.0,836.0,838.0,839.0
8407.0,1966.0,1956.0,1965.0,838.0,840.0,842.0
8420.0,1967.0,1963.0,1966.0,842.0,838.0,844.0
8487.0,1978.0,1984.0,1981.0,847.0,847.0,850.0
8486.0,1982.0,1983.0,1973.0,849.0,850.0,849.0
8471.0,1971.0,1973.0,1980.0,848.0,849.0,850.0
8459.0,1965.0,1972.0,1981.0,848.0,848.0,845.0
8445.0,1972.0,1967.0,1981.0,841.0,845.0,839.0
8428.0,1966.0,1967.0,1974.0,838.0,843.0,840.0
8425.0,1953.0,1966.0,1970.0,844.0,846.0,846.0
8452.0,1972.0,1973.0,1975.0,844.0,842.0,846.0
8508.0,1993.0,1987.0,1974.0,853.0,846.0,855.0
8478.0,1979.0,1971.0,1976.0,851.0,849.0,852.0
8484.0,1975.0,1987.0,1978.0,850.0,847.0,847.0
8442.0,1967.0,1979.0,1969.0,843.0,841.0,843.0
8455.0,1974.0,1970.0,1978.0,843.0,847.0,843.0
8440.0,1963.0,1969.0,1976.0,845.0,845.0,842.0
8475.0,1977.0,1977.0,1975.0,852.0,847.0,847.0
8521.0,1997.0,1990.0,1984.0,853.0,848.0,849.0
8507.0,1980.0,1993.0,1982.0,854.0,850.0,848.0
8480.0,1978.0,1974.0,1981.0,851.0,846.0,850.0
8483.0,1978.0,1972.0,1990.0,850.0,843.0,850.0
8469.0,1975.0,1977.0,1977.0,845.0,844.0,851.0
8465.0,1978.0,1980.0,1966.0,845.0,851.0,845.0
8492.0,1982.0,1983.0,1980.0,844.0,852.0,851.0
8538.0,1999.0,1987.0,1989.0,857.0,855.0,851.0
8525.0,1987.0,1983.0,1993.0,856.0,856.0,850.0
8515.0,1974.0,1996.0,1987.0,852.0,854.0,852.0
8488.0,1984.0,1985.0,1981.0,850.0,842.0,846.0
8478.0,1981.0,1981.0,1977.0,846.0,846.0,847.0
8440.0,1975.0,1969.0,1961.0,843.0,847.0,845.0
8477.0,1977.0,1978.0,1980.0,847.0,845.0,850.0
8551.0,1997.0,1998.0,1990.0,855.0,856.0,855.0
8574.0,2000.0,2001.0,2009.0,854.0,856.0,854.0
8542.0,1994.0,1983.0,2000.0,856.0,855.0,854.0
8481.0,1983.0,1975.0,1980.0,853.0,846.0,844.0
8460.0,1980.0,1974.0,1966.0,849.0,845.0,846.0
8456.0,1970.0,1975.0,1977.0,846.0,847.0,841.0
8509.0,1985.0,1991.0,1990.0,851.0,843.0,849.0
8539.0,1994.0,1993.0,1993.0,853.0,854.0,852.0
8562.0,2000.0,1990.0,2001.0,858.0,857.0,856.0
8534.0,1988.0,1988.0,1994.0,856.0,853.0,855.0
8543.0,1992.0,2000.0,1985.0,854.0,857.0,855.0
8488.0,1984.0,1981.0,1973.0,851.0,850.0,849.0
8506.0,1981.0,1985.0,1988.0,852.0,851.0,849.0
8539.0,1998.0,1986.0,1999.0,851.0,849.0,856.0
8570.0,2003.0,1993.0,2006.0,856.0,856.0,856.0
8585.0,2003.0,2010.0,2005.0,856.0,852.0,859.0
8537.0,1986.0,2001.0,1992.0,853.0,852.0,853.0
8504.0,1990.0,1981.0,1980.0,853.0,850.0,850.0
8497.0,1982.0,1981.0,1974.0,856.0,856.0,848.0
8504.0,1977.0,1981.0,1993.0,852.0,852.0,849.0
8543.0,1988.0,1993.0,1993.0,853.0,856.0,860.0
8603.0,2013.0,2006.0,2008.0,857.0,862.0,857.0
8576.0,1995.0,1997.0,2006.0,858.0,858.0,862.0
8557.0,2004.0,1992.0,1996.0,854.0,855.0,856.0
8542.0,2001.0,1995.0,1987.0,854.0,852.0,853.0
8536.0,1994.0,1993.0,1992.0,856.0,847.0,854.0
8551.0,1989.0,2001.0,2000.0,854.0,854.0,853.0
8560.0,2000.0,1997.0,1996.0,857.0,858.0,852.0
8578.0,2014.0,1998.0,1995.0,854.0,860.0,857.0
8611.0,2009.0,2014.0,2007.0,857.0,861.0,863.0
8581.0,2000.0,2006.0,2000.0,858.0,859.0,858.0
8549.0,1999.0,1999.0,1992.0,851.0,852.0,856.0
8533.0,1995.0,1992.0,1989.0,851.0,854.0,852.0
8535.0,1989.0,1981.0,2001.0,857.0,852.0,855.0
8564.0,1997.0,1993.0,1997.0,860.0,856.0,861.0
8607.0,2014.0,2009.0,2005.0,858.0,862.0,859.0
8611.0,2005.0,2013.0,2010.0,861.0,865.0,857.0
8599.0,2007.0,2007.0,2006.0,856.0,865.0,858.0
8583.0,2014.0,1992.0,2004.0,857.0,860.0,856.0
8555.0,1999.0,1995.0,1999.0,855.0,853.0,854.0
8563.0,1990.0,2000.0,2003.0,856.0,857.0,857.0
8576.0,2000.0,1997.0,2004.0,858.0,859.0,858.0
8604.0,2020.0,2005.0,1997.0,863.0,857.0,862.0
8626.0,2008.0,2010.0,2017.0,862.0,862.0,867.0
8611.0,2013.0,2006.0,2012.0,861.0,859.0,860.0
8588.0,2004.0,2008.0,2006.0,852.0,859.0,859.0
8565.0,2001.0,1988.0,2001.0,856.0,859.0,860.0
8555.0,1995.0,1994.0,2002.0,856.0,857.0,851.0
8625.0,2025.0,2011.0,2001.0,864.0,866.0,858.0
8638.0,2019.0,2018.0,2007.0,865.0,865.0,864.0
8638.0,2011.0,2018.0,2019.0,865.0,862.0,863.0
8613.0,2007.0,2006.0,2016.0,863.0,858.0,863.0
8608.0,2013.0,1999.0,2017.0,858.0,858.0,863.0
8583.0,2012.0,1998.0,2001.0,856.0,855.0,861.0
8569.0,1993.0,1997.0,2002.0,857.0,859.0,861.0
8620.0,2009.0,2016.0,2012.0,864.0,861.0,858.0
8652.0,2022.0,2021.0,2014.0,868.0,865.0,862.0
8636.0,2013.0,2010.0,2018.0,863.0,867.0,865.0
8673.0,2021.0,2016.0,2033.0,869.0,867.0,867.0
8605.0,2013.0,2012.0,2003.0,858.0,860.0,859.0
8609.0,2013.0,2014.0,2011.0,856.0,860.0,855.0
8588.0,2000.0,2000.0,2010.0,857.0,857.0,864.0
8632.0,2010.0,2015.0,2018.0,862.0,863.0,864.0
8681.0,2026.0,2021.0,2026.0,870.0,869.0,869.0
8684.0,2019.0,2029.0,2028.0,873.0,871.0,864.0
8675.0,2017.0,2033.0,2027.0,868.0,866.0,864.0
8632.0,2021.0,2011.0,2012.0,865.0,865.0,858.0
8596.0,2003.0,1996.0,2007.0,862.0,868.0,860.0
8619.0,2008.0,2012.0,2012.0,865.0,861.0,861.0
8657.0,2025.0,2018.0,2027.0,861.0,863.0,863.0
8684.0,2022.0,2026.0,2036.0,869.0,865.0,866.0
8668.0,2022.0,2015.0,2034.0,868.0,865.0,864.0
8646.0,2010.0,2015.0,2021.0,868.0,865.0,867.0
8645.0,2016.0,2022.0,2012.0,868.0,863.0,864.0
8628.0,2012.0,2019.0,2010.0,861.0,865.0,861.0
8619.0,2015.0,2013.0,2005.0,859.0,863.0,864.0
8672.0,2030.0,2019.0,2026.0,864.0,867.0,866.0
8708.0,2035.0,2031.0,2038.0,868.0,866.0,870.0
8699.0,2033.0,2034.0,2028.0,870.0,866.0,868.0
8675.0,2008.0,2036.0,2028.0,868.0,868.0,867.0
8650.0,2019.0,2019.0,2017.0,865.0,866.0,864.0
8633.0,2014.0,2012.0,2016.0,870.0,859.0,862.0
8646.0,2016.0,2014.0,2019.0,863.0,868.0,866.0
8687.0,2021.0,2026.0,2030.0,868.0,870.0,872.0
8706.0,2029.0,2032.0,2034.0,868.0,868.0,875.0
8707.0,2023.0,2034.0,2031.0,871.0,873.0,875.0
8688.0,2027.0,2030.0,2024.0,867.0,869.0,871.0
8658.0,2026.0,2015.0,2020.0,866.0,864.0,867.0
8655.0,2018.0,2024.0,2021.0,867.0,861.0,864.0
8652.0,2018.0,2020.0,2024.0,866.0,866.0,858.0
8693.0,2027.0,2035.0,2033.0,866.0,864.0,868.0
8713.0,2035.0,2032.0,2037.0,870.0,870.0,869.0
8716.0,2029.0,2027.0,2037.0,872.0,879.0,872.0
8688.0,2017.0,2024.0,2029.0,872.0,871.0,875.0
8676.0,2027.0,2026.0,2020.0,868.0,866.0,869.0
8686.0,2027.0,2028.0,2030.0,867.0,866.0,868.0
8670.0,2021.0,2014.0,2034.0,867.0,866.0,868.0
8699.0,2040.0,2025.0,2031.0,868.0,869.0,866.0
8716.0,2038.0,2036.0,2031.0,873.0,868.0,870.0
8718.0,2031.0,2043.0,2029.0,871.0,872.0,872.0
8722.0,2039.0,2037.0,2037.0,869.0,871.0,869.0
8698.0,2040.0,2024.0,2024.0,866.0,876.0,868.0
8700.0,2025.0,2028.0,2042.0,866.0,872.0,867.0
8694.0,2021.0,2031.0,2030.0,869.0,872.0,871.0
8710.0,2033.0,2037.0,2028.0,868.0,868.0,876.0
8757.0,2047.0,2047.0,2040.0,876.0,871.0,876.0
8733.0,2039.0,2038.0,2035.0,872.0,875.0,874.0
8721.0,2037.0,2030.0,2039.0,870.0,869.0,876.0
8729.0,2039.0,2041.0,2038.0,871.0,869.0,871.0
8724.0,2039.0,2039.0,2038.0,870.0,870.0,868.0
8697.0,2022.0,2030.0,2033.0,874.0,871.0,867.0
8743.0,2042.0,2044.0,2035.0,876.0,873.0,873.0
8759.0,2053.0,2039.0,2038.0,877.0,877.0,875.0
8780.0,2047.0,2056.0,2049.0,875.0,875.0,878.0
8732.0,2042.0,2036.0,2033.0,873.0,873.0,875.0
8732.0,2040.0,2040.0,2036.0,869.0,872.0,875.0
8709.0,2034.0,2030.0,2030.0,869.0,872.0,874.0
8721.0,2038.0,2036.0,2028.0,870.0,874.0,875.0
8741.0,2035.0,2039.0,2039.0,875.0,874.0,879.0
8794.0,2057.0,2050.0,2048.0,881.0,880.0,878.0
8780.0,2042.0,2045.0,2057.0,878.0,883.0,875.0
8776.0,2047.0,2043.0,2061.0,878.0,873.0,874.0
8731.0,2043.0,2035.0,2039.0,869.0,873.0,872.0
8726.0,2042.0,2044.0,2035.0,867.0,869.0,869.0
8742.0,2039.0,2047.0,2031.0,878.0,872.0,875.0
8757.0,2039.0,2046.0,2040.0,880.0,873.0,879.0
8786.0,2048.0,2049.0,2053.0,879.0,877.0,880.0
8794.0,2050.0,2046.0,2059.0,879.0,879.0,881.0
8784.0,2046.0,2052.0,2050.0,876.0,881.0,879.0
8746.0,2044.0,2037.0,2038.0,875.0,877.0,875.0
8729.0,2049.0,2035.0,2030.0,870.0,875.0,870.0
8731.0,2034.0,2042.0,2036.0,871.0,874.0,874.0
8758.0,2039.0,2049.0,2048.0,874.0,875.0,873.0
8814.0,2054.0,2060.0,2062.0,880.0,879.0,879.0
8816.0,2054.0,2057.0,2058.0,883.0,880.0,884.0
8783.0,2046.0,2045.0,2055.0,879.0,877.0,881.0
8765.0,2052.0,2048.0,2036.0,874.0,877.0,878.0
8759.0,2045.0,2046.0,2039.0,875.0,877.0,877.0
8748.0,2041.0,2044.0,2037.0,871.0,878.0,877.0
8790.0,2055.0,2051.0,2049.0,877.0,879.0,879.0
8807.0,2064.0,2049.0,2057.0,884.0,878.0,875.0
8834.0,2056.0,2059.0,2068.0,885.0,883.0,883.0
8821.0,2061.0,2058.0,2057.0,885.0,879.0,881.0
8778.0,2056.0,2050.0,2043.0,878.0,875.0,876.0
8768.0,2044.0,2056.0,2043.0,874.0,875.0,876.0
8743.0,2041.0,2038.0,2042.0,875.0,873.0,874.0
8811.0,2057.0,2054.0,2057.0,878.0,881.0,884.0
8853.0,2073.0,2059.0,2066.0,884.0,885.0,886.0
8829.0,2057.0,2060.0,2054.0,882.0,887.0,889.0
8820.0,2058.0,2057.0,2059.0,885.0,883.0,878.0
8771.0,2045.0,2051.0,2043.0,881.0,877.0,874.0
8763.0,2046.0,2041.0,2051.0,874.0,875.0,876.0
8806.0,2047.0,2060.0,2064.0,880.0,876.0,879.0
8806.0,2051.0,2058.0,2061.0,878.0,879.0,879.0
8831.0,2066.0,2060.0,2060.0,882.0,883.0,880.0
8837.0,2059.0,2063.0,2061.0,882.0,888.0,884.0
8808.0,2050.0,2052.0,2052.0,888.0,883.0,883.0
8814.0,2060.0,2057.0,2051.0,880.0,884.0,882.0
8793.0,2047.0,2050.0,2056.0,878.0,884.0,878.0
8788.0,2046.0,2051.0,2052.0,879.0,879.0,881.0
8826.0,2064.0,2057.0,2061.0,879.0,881.0,884.0
8855.0,2068.0,2066.0,2070.0,885.0,883.0,883.0
8868.0,2072.0,2077.0,2065.0,883.0,886.0,885.0
8841.0,2062.0,2071.0,2054.0,885.0,885.0,884.0
8837.0,2059.0,2055.0,2076.0,886.0,883.0,878.0
8813.0,2050.0,2052.0,2069.0,879.0,884.0,879.0
8810.0,2050.0,2052.0,2059.0,883.0,883.0,883.0
8844.0,2061.0,2064.0,2062.0,883.0,885.0,889.0
8877.0,2070.0,2072.0,2071.0,885.0,888.0,891.0
8868.0,2061.0,2070.0,2078.0,885.0,885.0,889.0
8858.0,2062.0,2054.0,2075.0,891.0,885.0,891.0
8836.0,2063.0,2063.0,2064.0,883.0,881.0,882.0
8828.0,2059.0,2066.0,2061.0,881.0,881.0,880.0
8809.0,2045.0,2060.0,2059.0,880.0,882.0,883.0
8822.0,2060.0,2055.0,2049.0,886.0,886.0,886.0
8891.0,2078.0,2078.0,2071.0,885.0,890.0,889.0
8889.0,2069.0,2076.0,2076.0,886.0,889.0,893.0
8915.0,2077.0,2086.0,2083.0,888.0,888.0,893.0
8852.0,2067.0,2062.0,2066.0,884.0,888.0,885.0
8863.0,2074.0,2066.0,2063.0,888.0,884.0,888.0
8823.0,2060.0,2053.0,2061.0,885.0,882.0,882.0
8874.0,2071.0,2075.0,2063.0,889.0,888.0,888.0
8895.0,2086.0,2073.0,2073.0,889.0,889.0,885.0
8922.0,2082.0,2083.0,2085.0,890.0,893.0,889.0
8888.0,2064.0,2076.0,2084.0,888.0,888.0,888.0
8852.0,2069.0,2062.0,2067.0,884.0,886.0,884.0
8845.0,2064.0,2069.0,2060.0,885.0,884.0,883.0
8850.0,2062.0,2069.0,2065.0,884.0,883.0,887.0
8878.0,2072.0,2069.0,2068.0,892.0,886.0,891.0
8922.0,2079.0,2078.0,2087.0,894.0,891.0,893.0
8929.0,2083.0,2081.0,2087.0,890.0,891.0,897.0
8927.0,2078.0,2091.0,2080.0,889.0,893.0,896.0
8893.0,2071.0,2084.0,2072.0,888.0,891.0,887.0
8844.0,2061.0,2071.0,2054.0,886.0,889.0,883.0
8859.0,2068.0,2063.0,2064.0,893.0,885.0,886.0
8909.0,2077.0,2074.0,2081.0,891.0,893.0,893.0
8944.0,2094.0,2081.0,2092.0,893.0,891.0,893.0
8942.0,2087.0,2083.0,2091.0,893.0,894.0,894.0
8919.0,2078.0,2083.0,2088.0,885.0,893.0,892.0
8873.0,2069.0,2068.0,2072.0,887.0,886.0,891.0
8854.0,2066.0,2056.0,2071.0,883.0,889.0,889.0
8869.0,2058.0,2078.0,2068.0,886.0,891.0,888.0
8923.0,2078.0,2088.0,2080.0,894.0,894.0,889.0
8941.0,2085.0,2089.0,2085.0,896.0,892.0,894.0
8952.0,2092.0,2084.0,2092.0,898.0,894.0,892.0
8906.0,2082.0,2073.0,2077.0,892.0,891.0,891.0
8897.0,2077.0,2082.0,2078.0,885.0,886.0,889.0
8892.0,2071.0,2081.0,2071.0,893.0,887.0,889.0
8890.0,2077.0,2077.0,2071.0,884.0,890.0,891.0
8922.0,2077.0,2078.0,2089.0,891.0,894.0,893.0
8955.0,2084.0,2083.0,2097.0,900.0,894.0,897.0
8968.0,2088.0,2100.0,2085.0,898.0,898.0,899.0
8934.0,2076.0,2093.0,2082.0,893.0,895.0,895.0
8928.0,2088.0,2081.0,2085.0,891.0,892.0,891.0
8866.0,2071.0,2068.0,2074.0,886.0,882.0,885.0
8884.0,2071.0,2071.0,2079.0,888.0,891.0,884.0
8932.0,2090.0,2078.0,2091.0,895.0,891.0,887.0
8969.0,2094.0,2092.0,2094.0,898.0,897.0,894.0
8981.0,2092.0,2093.0,2097.0,901.0,901.0,897.0
8956.0,2097.0,2076.0,2088.0,899.0,899.0,897.0
8926.0,2086.0,2076.0,2082.0,896.0,892.0,894.0
8927.0,2082.0,2085.0,2084.0,891.0,890.0,895.0
8934.0,2076.0,2089.0,2086.0,894.0,897.0,892.0
8928.0,2084.0,2089.0,2078.0,891.0,892.0,894.0
8969.0,2097.0,2094.0,2089.0,896.0,896.0,897.0
8983.0,2100.0,2100.0,2088.0,900.0,897.0,898.0
8984.0,2096.0,2105.0,2091.0,900.0,900.0,892.0
8974.0,2089.0,2104.0,2090.0,896.0,898.0,897.0
8951.0,2095.0,2082.0,2092.0,895.0,895.0,892.0
8941.0,2089.0,2079.0,2089.0,894.0,898.0,892.0
8964.0,2089.0,2092.0,2091.0,895.0,899.0,898.0
8977.0,2093.0,2095.0,2091.0,897.0,898.0,903.0
9011.0,2096.0,2104.0,2108.0,902.0,899.0,902.0
8997.0,2095.0,2100.0,2101.0,899.0,900.0,902.0
8982.0,2093.0,2092.0,2099.0,902.0,897.0,899.0
8969.0,2098.0,2093.0,2093.0,897.0,897.0,891.0
8942.0,2078.0,2094.0,2091.0,893.0,896.0,890.0
8992.0,2095.0,2102.0,2098.0,900.0,901.0,896.0
9034.0,2108.0,2107.0,2113.0,901.0,903.0,902.0
9021.0,2106.0,2104.0,2101.0,902.0,905.0,903.0
8999.0,2094.0,2097.0,2103.0,902.0,901.0,902.0
8986.0,2096.0,2096.0,2095.0,897.0,897.0,905.0
8980.0,2093.0,2093.0,2098.0,901.0,895.0,900.0
8951.0,2086.0,2086.0,2088.0,896.0,895.0,900.0
8987.0,2099.0,2096.0,2100.0,894.0,898.0,900.0
9035.0,2113.0,2119.0,2102.0,900.0,902.0,899.0
9043.0,2102.0,2110.0,2123.0,900.0,906.0,902.0
9022.0,2102.0,2112.0,2110.0,900.0,901.0,897.0
8981.0,2100.0,2087.0,2098.0,898.0,904.0,894.0
8979.0,2096.0,2093.0,2094.0,899.0,899.0,898.0
8960.0,2092.0,2095.0,2081.0,900.0,897.0,895.0
9014.0,2108.0,2107.0,2093.0,901.0,900.0,905.0
9044.0,2109.0,2110.0,2109.0,902.0,906.0,908.0
9034.0,2106.0,2101.0,2118.0,899.0,902.0,908.0
9024.0,2104.0,2104.0,2111.0,902.0,900.0,903.0
9015.0,2109.0,2111.0,2100.0,898.0,899.0,898.0
8977.0,2099.0,2094.0,2092.0,896.0,900.0,896.0
8989.0,2095.0,2101.0,2090.0,906.0,902.0,895.0
8995.0,2109.0,2096.0,2093.0,901.0,897.0,899.0
9065.0,2117.0,2116.0,2116.0,904.0,907.0,905.0
9050.0,2115.0,2117.0,2108.0,902.0,902.0,906.0
9033.0,2102.0,2107.0,2117.0,903.0,900.0,904.0
9003.0,2105.0,2096.0,2098.0,901.0,900.0,903.0
8997.0,2104.0,2098.0,2097.0,899.0,901.0,898.0
9001.0,2091.0,2104.0,2101.0,904.0,900.0,901.0
9059.0,2107.0,2119.0,2119.0,904.0,906.0,904.0
9073.0,2117.0,2116.0,2124.0,906.0,906.0,904.0
9090.0,2124.0,2119.0,2128.0,906.0,907.0,906.0
9043.0,2103.0,2113.0,2116.0,905.0,905.0,901.0
9017.0,2106.0,2101.0,2104.0,901.0,905.0,900.0
9025.0,2111.0,2112.0,2101.0,901.0,900.0,900.0
9003.0,2090.0,2100.0,2104.0,903.0,902.0,904.0
9078.0,2120.0,2116.0,2120.0,908.0,904.0,910.0
9103.0,2126.0,2115.0,2129.0,909.0,910.0,914.0
9094.0,2129.0,2126.0,2112.0,907.0,909.0,911.0
9067.0,2108.0,2124.0,2113.0,905.0,909.0,908.0
9035.0,2115.0,2103.0,2107.0,903.0,904.0,903.0
9006.0,2103.0,2101.0,2104.0,899.0,899.0,900.0
9028.0,2106.0,2102.0,2109.0,903.0,904.0,904.0
9070.0,2112.0,2117.0,2128.0,906.0,904.0,903.0
9086.0,2124.0,2121.0,2118.0,911.0,906.0,906.0
9107.0,2113.0,2129.0,2133.0,913.0,908.0,911.0
9073.0,2105.0,2123.0,2114.0,911.0,911.0,909.0
9043.0,2114.0,2106.0,2109.0,903.0,905.0,906.0
9084.0,2123.0,2124.0,2120.0,907.0,902.0,908.0
9057.0,2106.0,2111.0,2121.0,904.0,910.0,905.0
9095.0,2120.0,2121.0,2126.0,911.0,906.0,911.0
9118.0,2133.0,2123.0,2127.0,912.0,911.0,912.0
9101.0,2120.0,2121.0,2130.0,913.0,910.0,907.0
9079.0,2115.0,2120.0,2119.0,908.0,910.0,907.0
9074.0,2113.0,2125.0,2118.0,907.0,905.0,906.0
9029.0,2103.0,2107.0,2117.0,899.0,902.0,901.0
9080.0,2117.0,2109.0,2130.0,906.0,911.0,907.0
9091.0,2119.0,2117.0,2122.0,910.0,914.0,909.0
9107.0,2131.0,2116.0,2122.0,910.0,915.0,913.0
9143.0,2127.0,2143.0,2126.0,917.0,914.0,916.0
9120.0,2122.0,2126.0,2130.0,916.0,912.0,914.0
9096.0,2126.0,2117.0,2121.0,909.0,908.0,915.0
9072.0,2122.0,2114.0,2117.0,907.0,908.0,904.0
9055.0,2106.0,2117.0,2113.0,908.0,905.0,906.0
9112.0,2128.0,2128.0,2128.0,907.0,910.0,911.0
9144.0,2141.0,2127.0,2133.0,910.0,918.0,915.0
9116.0,2127.0,2115.0,2132.0,913.0,916.0,913.0
9126.0,2126.0,2132.0,2128.0,915.0,913.0,912.0
9127.0,2127.0,2129.0,2131.0,914.0,911.0,915.0
9080.0,2122.0,2119.0,2116.0,908.0,908.0,907.0
9091.0,2113.0,2122.0,2122.0,911.0,910.0,913.0
9094.0,2123.0,2119.0,2125.0,909.0,910.0,908.0
9150.0,2143.0,2133.0,2131.0,913.0,916.0,914.0
9168.0,2134.0,2142.0,2142.0,915.0,923.0,912.0
9151.0,2127.0,2140.0,2140.0,916.0,915.0,913.0
9125.0,2128.0,2125.0,2136.0,915.0,910.0,911.0
9086.0,2121.0,2112.0,2119.0,912.0,911.0,911.0
9097.0,2120.0,2126.0,2117.0,908.0,911.0,915.0
9118.0,2134.0,2129.0,2122.0,906.0,912.0,915.0
9158.0,2137.0,2143.0,2134.0,913.0,914.0,917.0
9177.0,2135.0,2141.0,2149.0,917.0,917.0,918.0
9137.0,2133.0,2119.0,2137.0,916.0,916.0,916.0
9139.0,2130.0,2133.0,2131.0,916.0,916.0,913.0
9081.0,2118.0,2119.0,2117.0,910.0,909.0,908.0
9097.0,2115.0,2128.0,2118.0,910.0,915.0,911.0
9147.0,2125.0,2140.0,2134.0,914.0,917.0,917.0
9191.0,2149.0,2141.0,2147.0,914.0,918.0,922.0
9198.0,2146.0,2145.0,2151.0,919.0,918.0,919.0
9166.0,2142.0,2133.0,2139.0,915.0,917.0,920.0
9154.0,2134.0,2141.0,2132.0,918.0,913.0,916.0
9134.0,2135.0,2125.0,2131.0,916.0,911.0,916.0
9129.0,2125.0,2131.0,2134.0,915.0,912.0,912.0
9165.0,2136.0,2140.0,2142.0,914.0,919.0,914.0
9199.0,2151.0,2146.0,2149.0,917.0,918.0,918.0
9182.0,2141.0,2139.0,2149.0,916.0,922.0,915.0
9160.0,2138.0,2137.0,2140.0,917.0,914.0,914.0
9140.0,2141.0,2127.0,2128.0,916.0,913.0,915.0
9145.0,2130.0,2139.0,2131.0,919.0,909.0,917.0
9155.0,2124.0,2145.0,2138.0,914.0,915.0,919.0
9182.0,2137.0,2139.0,2157.0,915.0,911.0,923.0
9208.0,2149.0,2138.0,2155.0,922.0,917.0,927.0
9195.0,2150.0,2139.0,2144.0,920.0,922.0,920.0
9201.0,2144.0,2147.0,2149.0,918.0,923.0,920.0
9176.0,2145.0,2139.0,2140.0,919.0,916.0,917.0
9148.0,2140.0,2132.0,2129.0,917.0,918.0,912.0
9142.0,2132.0,2124.0,2140.0,913.0,917.0,916.0
9165.0,2138.0,2139.0,2139.0,919.0,917.0,913.0
9217.0,2148.0,2148.0,2154.0,925.0,922.0,920.0
9225.0,2155.0,2151.0,2152.0,923.0,921.0,923.0
9208.0,2151.0,2148.0,2148.0,916.0,921.0,924.0
9182.0,2145.0,2132.0,2144.0,915.0,923.0,923.0
9169.0,2147.0,2135.0,2138.0,915.0,920.0,914.0
9187.0,2134.0,2145.0,2153.0,917.0,920.0,918.0
9223.0,2148.0,2155.0,2151.0,925.0,921.0,923.0
9262.0,2166.0,2160.0,2159.0,929.0,926.0,922.0
9250.0,2158.0,2161.0,2163.0,923.0,924.0,921.0
9207.0,2146.0,2149.0,2152.0,922.0,918.0,920.0
9194.0,2148.0,2147.0,2143.0,916.0,919.0,921.0
9191.0,2137.0,2141.0,2153.0,920.0,923.0,917.0
9199.0,2139.0,2147.0,2149.0,918.0,925.0,921.0
9217.0,2151.0,2139.0,2154.0,924.0,924.0,925.0
9262.0,2168.0,2160.0,2154.0,925.0,928.0,927.0
9250.0,2162.0,2160.0,2152.0,925.0,925.0,926.0
9246.0,2152.0,2162.0,2158.0,923.0,927.0,924.0
9229.0,2158.0,2151.0,2158.0,921.0,922.0,919.0
9176.0,2148.0,2132.0,2147.0,919.0,915.0,915.0
9201.0,2149.0,2148.0,2146.0,922.0,918.0,918.0
9224.0,2157.0,2154.0,2144.0,925.0,924.0,920.0
9284.0,2167.0,2162.0,2167.0,932.0,930.0,926.0
9281.0,2167.0,2160.0,2168.0,930.0,929.0,927.0
9228.0,2151.0,2152.0,2156.0,921.0,926.0,922.0
9238.0,2152.0,2156.0,2158.0,920.0,928.0,924.0
9221.0,2152.0,2158.0,2153.0,917.0,921.0,920.0
9217.0,2148.0,2155.0,2151.0,919.0,922.0,922.0
9220.0,2159.0,2149.0,2146.0,920.0,923.0,923.0
9290.0,2172.0,2162.0,2168.0,932.0,927.0,929.0
9299.0,2167.0,2169.0,2174.0,935.0,928.0,926.0
9274.0,2163.0,2163.0,2164.0,932.0,927.0,925.0
9240.0,2159.0,2156.0,2157.0,922.0,926.0,920.0
9220.0,2159.0,2146.0,2147.0,922.0,926.0,920.0
9190.0,2142.0,2133.0,2147.0,923.0,923.0,922.0
9259.0,2157.0,2162.0,2159.0,925.0,926.0,930.0
9306.0,2170.0,2168.0,2172.0,933.0,927.0,936.0
9326.0,2176.0,2180.0,2175.0,932.0,929.0,934.0
9286.0,2165.0,2168.0,2164.0,933.0,927.0,929.0
9250.0,2155.0,2146.0,2167.0,929.0,928.0,925.0
9238.0,2159.0,2156.0,2151.0,924.0,926.0,922.0
9206.0,2146.0,2150.0,2143.0,921.0,924.0,922.0
9287.0,2169.0,2172.0,2166.0,923.0,933.0,924.0
9295.0,2177.0,2160.0,2171.0,926.0,935.0,926.0
9325.0,2178.0,2169.0,2179.0,935.0,929.0,935.0
9305.0,2170.0,2174.0,2168.0,933.0,930.0,930.0
9271.0,2170.0,2163.0,2154.0,928.0,926.0,930.0
9250.0,2164.0,2157.0,2153.0,925.0,925.0,926.0
9239.0,2153.0,2149.0,2160.0,928.0,924.0,925.0
9294.0,2168.0,2170.0,2175.0,925.0,927.0,929.0
9325.0,2178.0,2184.0,2176.0,927.0,933.0,927.0
9323.0,2173.0,2179.0,2177.0,929.0,936.0,929.0
9303.0,2167.0,2170.0,2173.0,934.0,930.0,929.0
9295.0,2168.0,2164.0,2172.0,931.0,930.0,930.0
9266.0,2170.0,2158.0,2162.0,925.0,926.0,925.0
9250.0,2151.0,2165.0,2160.0,926.0,920.0,928.0
9331.0,2177.0,2177.0,2180.0,929.0,931.0,937.0
9344.0,2189.0,2177.0,2187.0,928.0,930.0,933.0
9332.0,2176.0,2179.0,2177.0,933.0,931.0,936.0
9333.0,2179.0,2171.0,2180.0,934.0,937.0,932.0
9288.0,2173.0,2166.0,2165.0,926.0,932.0,926.0
9284.0,2173.0,2164.0,2162.0,928.0,933.0,924.0
9269.0,2157.0,2163.0,2169.0,934.0,926.0,920.0
9321.0,2180.0,2174.0,2175.0,932.0,929.0,931.0
9334.0,2180.0,2175.0,2180.0,934.0,930.0,935.0
9351.0,2177.0,2191.0,2179.0,935.0,932.0,937.0
9332.0,2182.0,2177.0,2176.0,929.0,933.0,935.0
9315.0,2171.0,2168.0,2181.0,931.0,930.0,934.0
9280.0,2160.0,2159.0,2168.0,929.0,931.0,933.0
9322.0,2168.0,2178.0,2180.0,929.0,934.0,933.0
9335.0,2176.0,2180.0,2176.0,934.0,937.0,932.0
9376.0,2193.0,2188.0,2188.0,935.0,939.0,933.0
9351.0,2180.0,2183.0,2177.0,936.0,937.0,938.0
9333.0,2176.0,2176.0,2182.0,933.0,935.0,931.0
9329.0,2181.0,2180.0,2182.0,930.0,930.0,926.0
9320.0,2170.0,2179.0,2173.0,933.0,929.0,936.0
9317.0,2176.0,2168.0,2171.0,936.0,931.0,935.0
9361.0,2186.0,2184.0,2183.0,937.0,938.0,933.0
9393.0,2201.0,2184.0,2189.0,940.0,942.0,937.0
9379.0,2196.0,2183.0,2183.0,940.0,938.0,939.0
9365.0,2178.0,2188.0,2190.0,933.0,940.0,936.0
9335.0,2176.0,2177.0,2184.0,932.0,933.0,933.0
9309.0,2172.0,2170.0,2185.0,929.0,928.0,925.0
9316.0,2171.0,2175.0,2173.0,933.0,933.0,931.0
9346.0,2184.0,2181.0,2177.0,935.0,934.0,935.0
9402.0,2194.0,2196.0,2188.0,943.0,943.0,938.0
9409.0,2188.0,2199.0,2198.0,938.0,943.0,943.0
9388.0,2193.0,2185.0,2192.0,935.0,941.0,942.0
9331.0,2176.0,2172.0,2177.0,933.0,933.0,940.0
9373.0,2182.0,2189.0,2189.0,935.0,939.0,939.0
9355.0,2179.0,2188.0,2177.0,936.0,937.0,938.0
9364.0,2189.0,2192.0,2179.0,934.0,934.0,936.0
9403.0,2197.0,2189.0,2196.0,943.0,939.0,939.0
9417.0,2197.0,2196.0,2204.0,943.0,941.0,936.0
9393.0,2185.0,2200.0,2197.0,939.0,938.0,934.0
9364.0,2194.0,2184.0,2185.0,932.0,935.0,934.0
9326.0,2184.0,2175.0,2172.0,928.0,934.0,933.0
9340.0,2174.0,2184.0,2172.0,934.0,938.0,938.0
9393.0,2195.0,2190.0,2185.0,942.0,940.0,941.0
9450.0,2203.0,2208.0,2204.0,947.0,944.0,944.0
9444.0,2199.0,2206.0,2207.0,946.0,943.0,943.0
9415.0,2198.0,2197.0,2200.0,943.0,935.0,942.0
9381.0,2189.0,2186.0,2195.0,938.0,937.0,936.0
9359.0,2190.0,2178.0,2188.0,936.0,935.0,932.0
9371.0,2184.0,2195.0,2184.0,933.0,942.0,933.0
9417.0,2199.0,2198.0,2200.0,940.0,942.0,938.0
9447.0,2208.0,2197.0,2203.0,945.0,947.0,947.0
9439.0,2197.0,2204.0,2203.0,948.0,944.0,943.0
9412.0,2189.0,2195.0,2201.0,943.0,940.0,944.0
9397.0,2190.0,2198.0,2193.0,938.0,939.0,939.0
9353.0,2188.0,2182.0,2177.0,935.0,932.0,939.0
9358.0,2178.0,2185.0,2186.0,936.0,937.0,936.0
9408.0,2193.0,2188.0,2207.0,939.0,940.0,941.0
9442.0,2206.0,2197.0,2210.0,943.0,943.0,943.0
9443.0,2199.0,2208.0,2210.0,944.0,946.0,936.0
9440.0,2195.0,2208.0,2199.0,946.0,947.0,945.0
9409.0,2201.0,2194.0,2194.0,945.0,939.0,936.0
9414.0,2200.0,2195.0,2194.0,940.0,946.0,939.0
9395.0,2191.0,2193.0,2198.0,935.0,938.0,940.0
9435.0,2202.0,2201.0,2207.0,939.0,941.0,945.0
9468.0,2210.0,2210.0,2210.0,944.0,945.0,949.0
9446.0,2203.0,2203.0,2202.0,945.0,948.0,945.0
9440.0,2203.0,2195.0,2201.0,949.0,945.0,947.0
9410.0,2191.0,2197.0,2197.0,944.0,946.0,935.0
9413.0,2197.0,2193.0,2194.0,943.0,944.0,942.0
9407.0,2189.0,2196.0,2202.0,940.0,943.0,937.0
9434.0,2210.0,2195.0,2201.0,943.0,942.0,943.0
9476.0,2208.0,2210.0,2218.0,946.0,945.0,949.0
9460.0,2203.0,2204.0,2211.0,949.0,945.0,948.0
9465.0,2213.0,2214.0,2198.0,949.0,942.0,949.0
9447.0,2208.0,2203.0,2204.0,946.0,942.0,944.0
9407.0,2201.0,2184.0,2202.0,936.0,942.0,942.0
9401.0,2190.0,2188.0,2197.0,942.0,941.0,943.0
9469.0,2202.0,2207.0,2219.0,946.0,949.0,946.0
9510.0,2224.0,2224.0,2207.0,950.0,952.0,953.0
9490.0,2213.0,2219.0,2216.0,948.0,948.0,946.0
9457.0,2208.0,2216.0,2201.0,945.0,945.0,942.0
9480.0,2218.0,2214.0,2214.0,945.0,942.0,947.0
9438.0,2205.0,2199.0,2203.0,946.0,942.0,943.0
9421.0,2189.0,2205.0,2201.0,940.0,943.0,943.0
9472.0,2208.0,2206.0,2216.0,949.0,947.0,946.0
9484.0,2210.0,2208.0,2215.0,952.0,950.0,949.0
9494.0,2219.0,2209.0,2212.0,947.0,953.0,954.0
9495.0,2209.0,2218.0,2222.0,946.0,952.0,948.0
9464.0,2206.0,2212.0,2209.0,948.0,944.0,945.0
9444.0,2203.0,2205.0,2204.0,945.0,943.0,944.0
9464.0,2200.0,2207.0,2215.0,951.0,947.0,944.0
9473.0,2218.0,2205.0,2207.0,948.0,947.0,948.0
9524.0,2226.0,2220.0,2225.0,950.0,952.0,951.0
9544.0,2234.0,2223.0,2225.0,952.0,955.0,955.0
9502.0,2211.0,2219.0,2224.0,946.0,951.0,951.0
9491.0,2219.0,2207.0,2219.0,950.0,948.0,948.0
9455.0,2207.0,2198.0,2210.0,947.0,944.0,949.0
9456.0,2198.0,2213.0,2205.0,945.0,948.0,947.0
9516.0,2226.0,2224.0,2213.0,951.0,950.0,952.0
9528.0,2222.0,2230.0,2225.0,950.0,950.0,951.0
9516.0,2228.0,2215.0,2224.0,951.0,949.0,949.0
9513.0,2215.0,2220.0,2229.0,949.0,950.0,950.0
9500.0,2222.0,2218.0,2217.0,946.0,948.0,949.0
9489.0,2211.0,2223.0,2214.0,948.0,947.0,946.0
9465.0,2202.0,2215.0,2205.0,949.0,949.0,945.0
9506.0,2216.0,2219.0,2213.0,954.0,953.0,951.0
9545.0,2229.0,2226.0,2229.0,955.0,952.0,954.0
9561.0,2229.0,2231.0,2230.0,957.0,957.0,957.0
9529.0,2227.0,2225.0,2222.0,949.0,954.0,952.0
9472.0,2214.0,2205.0,2213.0,945.0,945.0,950.0
9475.0,2215.0,2205.0,2214.0,946.0,944.0,951.0
9479.0,2208.0,2213.0,2212.0,953.0,945.0,948.0
9544.0,2225.0,2229.0,2226.0,959.0,957.0,948.0
9565.0,2229.0,2232.0,2235.0,957.0,957.0,955.0
9561.0,2220.0,2234.0,2238.0,958.0,957.0,954.0
9560.0,2224.0,2229.0,2239.0,954.0,957.0,957.0
9501.0,2222.0,2211.0,2219.0,950.0,948.0,951.0
9530.0,2232.0,2221.0,2223.0,950.0,950.0,954.0
9526.0,2222.0,2227.0,2223.0,950.0,951.0,953.0
9543.0,2224.0,2225.0,2231.0,955.0,955.0,953.0
9573.0,2230.0,2229.0,2239.0,962.0,957.0,956.0
9566.0,2222.0,2228.0,2234.0,962.0,961.0,959.0
9571.0,2232.0,2236.0,2230.0,959.0,959.0,955.0
9553.0,2233.0,2239.0,2222.0,954.0,954.0,951.0
9506.0,2231.0,2215.0,2211.0,946.0,952.0,951.0
9523.0,2217.0,2217.0,2230.0,952.0,952.0,955.0
9561.0,2231.0,2229.0,2232.0,956.0,954.0,959.0
9601.0,2240.0,2240.0,2247.0,961.0,955.0,958.0
9595.0,2240.0,2244.0,2236.0,959.0,957.0,959.0
9568.0,2234.0,2228.0,2230.0,963.0,954.0,959.0
9534.0,2226.0,2226.0,2217.0,956.0,956.0,953.0
9530.0,2226.0,2226.0,2222.0,951.0,953.0,952.0
9537.0,2216.0,2227.0,2232.0,953.0,955.0,954.0
9550.0,2230.0,2226.0,2233.0,954.0,954.0,953.0
9590.0,2238.0,2233.0,2237.0,961.0,961.0,960.0
9587.0,2238.0,2239.0,2235.0,958.0,957.0,960.0
9589.0,2239.0,2234.0,2238.0,961.0,957.0,960.0
9597.0,2240.0,2251.0,2232.0,959.0,954.0,961.0
9553.0,2222.0,2231.0,2237.0,955.0,949.0,959.0
9560.0,2225.0,2229.0,2237.0,956.0,958.0,955.0
9573.0,2230.0,2238.0,2231.0,957.0,960.0,957.0
9627.0,2252.0,2246.0,2244.0,963.0,961.0,961.0
9637.0,2247.0,2256.0,2244.0,964.0,963.0,963.0
9594.0,2230.0,2239.0,2244.0,963.0,958.0,960.0
9584.0,2236.0,2238.0,2239.0,959.0,957.0,955.0
9555.0,2232.0,2215.0,2244.0,955.0,956.0,953.0
9566.0,2219.0,2235.0,2243.0,954.0,957.0,958.0
9582.0,2239.0,2237.0,2230.0,959.0,957.0,960.0
9625.0,2252.0,2242.0,2245.0,959.0,962.0,965.0
9632.0,2244.0,2249.0,2247.0,962.0,963.0,967.0
9608.0,2240.0,2246.0,2243.0,958.0,960.0,961.0
9589.0,2240.0,2237.0,2235.0,959.0,961.0,957.0
9585.0,2239.0,2236.0,2238.0,960.0,957.0,955.0
9566.0,2226.0,2232.0,2237.0,958.0,960.0,953.0
9598.0,2240.0,2238.0,2239.0,958.0,961.0,962.0
9644.0,2259.0,2248.0,2248.0,964.0,964.0,961.0
9629.0,2237.0,2248.0,2248.0,963.0,966.0,967.0
9624.0,2245.0,2246.0,2241.0,962.0,965.0,965.0
9637.0,2252.0,2244.0,2257.0,961.0,961.0,962.0
9588.0,2245.0,2230.0,2230.0,961.0,961.0,961.0
9576.0,2222.0,2238.0,2237.0,960.0,959.0,960.0
9616.0,2241.0,2247.0,2246.0,963.0,957.0,962.0
9647.0,2252.0,2257.0,2249.0,960.0,964.0,965.0
9658.0,2259.0,2247.0,2259.0,965.0,965.0,963.0
9639.0,2250.0,2241.0,2254.0,967.0,962.0,965.0
9642.0,2254.0,2242.0,2257.0,962.0,964.0,963.0
9616.0,2246.0,2250.0,2236.0,964.0,962.0,958.0
9614.0,2232.0,2250.0,2240.0,967.0,964.0,961.0
9642.0,2251.0,2248.0,2250.0,967.0,964.0,962.0
9670.0,2249.0,2253.0,2265.0,964.0,970.0,969.0
9689.0,2257.0,2258.0,2268.0,967.0,967.0,972.0
9660.0,2251.0,2270.0,2251.0,962.0,958.0,968.0
9632.0,2251.0,2249.0,2248.0,960.0,959.0,965.0
9624.0,2246.0,2248.0,2245.0,964.0,961.0,960.0
9613.0,2242.0,2240.0,2244.0,964.0,962.0,961.0
9655.0,2250.0,2255.0,2251.0,968.0,967.0,964.0
9702.0,2266.0,2261.0,2269.0,967.0,970.0,969.0
9708.0,2268.0,2264.0,2264.0,969.0,974.0,969.0
9677.0,2258.0,2259.0,2256.0,965.0,970.0,969.0
9618.0,2252.0,2238.0,2237.0,965.0,962.0,964.0
9611.0,2245.0,2242.0,2236.0,959.0,964.0,965.0
9625.0,2239.0,2254.0,2235.0,964.0,965.0,968.0
9664.0,2261.0,2253.0,2251.0,967.0,965.0,967.0
9717.0,2265.0,2263.0,2277.0,971.0,970.0,971.0
9688.0,2259.0,2261.0,2262.0,969.0,969.0,968.0
9691.0,2257.0,2263.0,2265.0,967.0,972.0,967.0
9649.0,2254.0,2259.0,2241.0,966.0,966.0,963.0
9629.0,2248.0,2253.0,2246.0,961.0,960.0,961.0
9638.0,2243.0,2246.0,2255.0,965.0,966.0,963.0
9674.0,2262.0,2248.0,2263.0,968.0,967.0,966.0
9762.0,2281.0,2281.0,2275.0,977.0,971.0,977.0
9719.0,2266.0,2267.0,2268.0,972.0,971.0,975.0
9700.0,2257.0,2271.0,2261.0,972.0,970.0,969.0
9673.0,2259.0,2262.0,2249.0,968.0,967.0,968.0
9667.0,2265.0,2254.0,2255.0,962.0,969.0,962.0
9664.0,2250.0,2264.0,2254.0,969.0,965.0,962.0
9681.0,2259.0,2262.0,2256.0,969.0,966.0,969.0
9720.0,2268.0,2267.0,2272.0,972.0,971.0,970.0
9737.0,2272.0,2274.0,2270.0,975.0,971.0,975.0
9705.0,2262.0,2262.0,2264.0,974.0,967.0,976.0
9708.0,2272.0,2262.0,2268.0,969.0,966.0,971.0
9698.0,2263.0,2260.0,2270.0,969.0,966.0,970.0
9674.0,2255.0,2257.0,2262.0,965.0,966.0,969.0
9693.0,2262.0,2258.0,2263.0,969.0,969.0,972.0
9751.0,2281.0,2269.0,2273.0,977.0,978.0,973.0
9747.0,2272.0,2280.0,2264.0,977.0,979.0,975.0
9746.0,2267.0,2275.0,2279.0,975.0,976.0,974.0
9687.0,2269.0,2251.0,2264.0,971.0,965.0,967.0
9702.0,2264.0,2256.0,2267.0,972.0,970.0,973.0
9680.0,2254.0,2262.0,2262.0,967.0,965.0,970.0
9711.0,2260.0,2274.0,2263.0,969.0,971.0,974.0
9761.0,2279.0,2284.0,2274.0,976.0,974.0,974.0
9767.0,2273.0,2276.0,2277.0,980.0,982.0,979.0
9728.0,2270.0,2261.0,2270.0,972.0,981.0,974.0
9719.0,2266.0,2267.0,2267.0,976.0,972.0,971.0
9689.0,2258.0,2258.0,2269.0,966.0,970.0,968.0
9696.0,2250.0,2268.0,2273.0,969.0,969.0,967.0
9712.0,2271.0,2266.0,2266.0,967.0,970.0,972.0
9743.0,2279.0,2276.0,2268.0,975.0,970.0,975.0
9771.0,2282.0,2283.0,2275.0,978.0,977.0,976.0
9772.0,2270.0,2286.0,2280.0,978.0,978.0,980.0
9751.0,2280.0,2270.0,2277.0,974.0,976.0,974.0
9705.0,2272.0,2255.0,2261.0,973.0,975.0,969.0
9703.0,2268.0,2262.0,2258.0,969.0,973.0,973.0
9744.0,2271.0,2275.0,2281.0,973.0,973.0,971.0
9803.0,2293.0,2297.0,2283.0,976.0,977.0,977.0
9779.0,2278.0,2285.0,2286.0,978.0,976.0,976.0
9748.0,2275.0,2268.0,2282.0,977.0,973.0,973.0
9756.0,2278.0,2270.0,2284.0,980.0,972.0,972.0
9742.0,2278.0,2275.0,2271.0,974.0,973.0,971.0
9744.0,2271.0,2276.0,2276.0,973.0,976.0,972.0
9764.0,2285.0,2274.0,2274.0,974.0,979.0,978.0
9799.0,2292.0,2280.0,2291.0,980.0,977.0,979.0
9792.0,2284.0,2285.0,2288.0,979.0,977.0,979.0
9783.0,2279.0,2279.0,2286.0,981.0,977.0,981.0
9758.0,2280.0,2274.0,2278.0,977.0,976.0,973.0
9736.0,2271.0,2275.0,2274.0,977.0,971.0,968.0
9733.0,2264.0,2279.0,2271.0,977.0,971.0,971.0
9771.0,2277.0,2275.0,2284.0,978.0,979.0,978.0
9811.0,2289.0,2294.0,2289.0,977.0,982.0,980.0
9822.0,2288.0,2292.0,2292.0,981.0,987.0,982.0
9798.0,2293.0,2284.0,2280.0,978.0,985.0,978.0
9766.0,2284.0,2270.0,2274.0,978.0,979.0,981.0
9767.0,2277.0,2276.0,2281.0,977.0,978.0,978.0
9775.0,2279.0,2278.0,2282.0,977.0,977.0,982.0
9821.0,2289.0,2292.0,2302.0,982.0,978.0,978.0
9818.0,2292.0,2294.0,2292.0,980.0,980.0,980.0
9827.0,2296.0,2289.0,2299.0,980.0,984.0,979.0
9822.0,2291.0,2292.0,2294.0,981.0,985.0,979.0
9778.0,2282.0,2280.0,2283.0,977.0,979.0,977.0
9788.0,2282.0,2292.0,2277.0,978.0,982.0,977.0
9770.0,2279.0,2275.0,2282.0,977.0,976.0,981.0
9807.0,2291.0,2281.0,2289.0,983.0,979.0,984.0
9844.0,2295.0,2290.0,2306.0,984.0,984.0,985.0
9853.0,2299.0,2299.0,2306.0,983.0,981.0,985.0
9817.0,2293.0,2293.0,2285.0,981.0,982.0,983.0
9781.0,2284.0,2287.0,2280.0,977.0,977.0,976.0
9763.0,2280.0,2276.0,2285.0,975.0,974.0,973.0
9808.0,2287.0,2295.0,2290.0,981.0,981.0,974.0
9850.0,2295.0,2300.0,2303.0,985.0,986.0,981.0
9855.0,2295.0,2305.0,2296.0,989.0,985.0,985.0
9839.0,2290.0,2302.0,2288.0,987.0,988.0,984.0
9826.0,2300.0,2289.0,2285.0,982.0,985.0,985.0
9811.0,2291.0,2284.0,2295.0,981.0,979.0,981.0
9791.0,2286.0,2286.0,2287.0,974.0,977.0,981.0
9786.0,2277.0,2278.0,2293.0,980.0,977.0,981.0
9857.0,2302.0,2295.0,2307.0,984.0,982.0,987.0
9860.0,2303.0,2290.0,2304.0,990.0,989.0,984.0
9885.0,2301.0,2312.0,2310.0,989.0,988.0,985.0
9850.0,2296.0,2298.0,2294.0,986.0,990.0,986.0
9853.0,2311.0,2296.0,2289.0,984.0,987.0,986.0
9797.0,2292.0,2273.0,2291.0,980.0,979.0,982.0
9808.0,2290.0,2277.0,2294.0,980.0,983.0,984.0
9859.0,2294.0,2304.0,2300.0,986.0,984.0,991.0
9878.0,2305.0,2311.0,2298.0,989.0,987.0,988.0
9874.0,2296.0,2304.0,2306.0,990.0,986.0,992.0
9870.0,2302.0,2301.0,2309.0,985.0,987.0,986.0
9823.0,2293.0,2290.0,2290.0,981.0,986.0,983.0
9844.0,2294.0,2304.0,2299.0,981.0,985.0,981.0
9822.0,2288.0,2293.0,2299.0,981.0,980.0,981.0
9859.0,2304.0,2303.0,2301.0,983.0,984.0,984.0
9909.0,2325.0,2309.0,2306.0,991.0,989.0,989.0
9899.0,2306.0,2305.0,2314.0,995.0,987.0,992.0
9901.0,2308.0,2320.0,2313.0,986.0,986.0,988.0
9866.0,2300.0,2309.0,2304.0,983.0,985.0,985.0
9828.0,2290.0,2292.0,2294.0,985.0,982.0,985.0
9830.0,2286.0,2298.0,2291.0,983.0,986.0,986.0
9868.0,2304.0,2300.0,2303.0,987.0,990.0,984.0
9909.0,2317.0,2307.0,2314.0,991.0,992.0,988.0
9913.0,2315.0,2320.0,2313.0,987.0,991.0,987.0
9921.0,2312.0,2314.0,2322.0,992.0,992.0,989.0
9866.0,2305.0,2299.0,2300.0,988.0,986.0,988.0
9851.0,2303.0,2300.0,2293.0,988.0,984.0,983.0
9855.0,2300.0,2295.0,2302.0,981.0,990.0,987.0
9899.0,2303.0,2310.0,2308.0,990.0,992.0,996.0
9930.0,2315.0,2313.0,2319.0,993.0,996.0,994.0
9937.0,2311.0,2318.0,2325.0,997.0,991.0,995.0
9929.0,2315.0,2316.0,2320.0,990.0,994.0,994.0
9885.0,2308.0,2311.0,2298.0,992.0,988.0,988.0
9860.0,2299.0,2306.0,2301.0,989.0,981.0,984.0
9863.0,2302.0,2298.0,2304.0,988.0,986.0,985.0
9871.0,2307.0,2302.0,2303.0,982.0,989.0,988.0
9934.0,2325.0,2312.0,2318.0,991.0,994.0,994.0
9949.0,2319.0,2328.0,2324.0,993.0,992.0,993.0
9935.0,2314.0,2324.0,2317.0,991.0,995.0,994.0
9879.0,2305.0,2302.0,2302.0,991.0,992.0,987.0
9871.0,2308.0,2296.0,2298.0,991.0,990.0,988.0
9848.0,2297.0,2302.0,2290.0,987.0,985.0,987.0
9924.0,2307.0,2325.0,2320.0,990.0,991.0,991.0
9942.0,2314.0,2323.0,2329.0,991.0,993.0,992.0
9931.0,2316.0,2317.0,2317.0,992.0,996.0,993.0
9937.0,2318.0,2314.0,2326.0,990.0,996.0,993.0
9905.0,2308.0,2308.0,2312.0,993.0,994.0,990.0
9910.0,2315.0,2318.0,2309.0,988.0,992.0,988.0
9903.0,2305.0,2318.0,2306.0,994.0,990.0,990.0
9932.0,2318.0,2318.0,2318.0,992.0,994.0,992.0
9974.0,2335.0,2319.0,2331.0,995.0,995.0,999.0
9956.0,2320.0,2326.0,2320.0,995.0,997.0,998.0
9949.0,2319.0,2323.0,2321.0,999.0,994.0,993.0
9934.0,2318.0,2325.0,2313.0,994.0,991.0,993.0
9912.0,2313.0,2310.0,2316.0,991.0,992.0,990.0
9904.0,2311.0,2309.0,2312.0,992.0,991.0,989.0
9962.0,2322.0,2325.0,2330.0,994.0,998.0,993.0
9982.0,2333.0,2327.0,2327.0,998.0,1001.0,996.0
10000.0,2334.0,2336.0,2332.0,997.0,1000.0,1001.0
9959.0,2323.0,2324.0,2322.0,994.0,998.0,998.0
9966.0,2330.0,2317.0,2331.0,996.0,993.0,999.0
9926.0,2312.0,2315.0,2325.0,993.0,989.0,992.0
9927.0,2307.0,2320.0,2316.0,997.0,992.0,995.0
9987.0,2331.0,2330.0,2326.0,1001.0,1000.0,999.0
9965.0,2330.0,2327.0,2316.0,1001.0,996.0,995.0
9990.0,2334.0,2332.0,2329.0,999.0,1001.0,995.0
9984.0,2329.0,2333.0,2328.0,995.0,1004.0,995.0
9958.0,2325.0,2327.0,2327.0,993.0,992.0,994.0
9939.0,2321.0,2318.0,2323.0,990.0,993.0,994.0
9948.0,2312.0,2318.0,2325.0,1001.0,994.0,998.0
9958.0,2320.0,2327.0,2319.0,997.0,997.0,998.0
10008.0,2333.0,2339.0,2336.0,1002.0,997.0,1001.0
10027.0,2332.0,2343.0,2341.0,1002.0,1004.0,1005.0
9987.0,2317.0,2337.0,2339.0,997.0,999.0,998.0
9968.0,2328.0,2320.0,2332.0,995.0,994.0,999.0
9929.0,2313.0,2309.0,2329.0,991.0,996.0,991.0
9966.0,2325.0,2328.0,2322.0,999.0,998.0,994.0
9983.0,2331.0,2336.0,2319.0,1001.0,998.0,998.0
10027.0,2344.0,2338.0,2333.0,1005.0,1004.0,1003.0
10008.0,2327.0,2338.0,2336.0,1004.0,1000.0,1003.0
9990.0,2328.0,2330.0,2335.0,998.0,999.0,1000.0
9994.0,2339.0,2335.0,2333.0,994.0,993.0,1000.0
9968.0,2324.0,2328.0,2324.0,994.0,997.0,1001.0
9978.0,2328.0,2327.0,2326.0,997.0,1000.0,1000.0
9994.0,2331.0,2329.0,2329.0,1001.0,1003.0,1001.0
10040.0,2345.0,2346.0,2335.0,1006.0,1003.0,1005.0
10058.0,2352.0,2353.0,2342.0,1005.0,1002.0,1004.0
10045.0,2340.0,2341.0,2356.0,1004.0,1002.0,1002.0
9994.0,2342.0,2320.0,2335.0,1000.0,1001.0,996.0
9966.0,2328.0,2315.0,2330.0,998.0,996.0,999.0
9969.0,2319.0,2332.0,2318.0,999.0,999.0,1002.0
10013.0,2329.0,2343.0,2339.0,1001.0,1003.0,998.0
10083.0,2355.0,2348.0,2355.0,1009.0,1007.0,1009.0
10042.0,2341.0,2337.0,2350.0,1001.0,1006.0,1007.0
10046.0,2347.0,2340.0,2345.0,1007.0,1004.0,1003.0
10011.0,2336.0,2338.0,2335.0,1001.0,999.0,1002.0
9982.0,2334.0,2333.0,2323.0,997.0,999.0,996.0
9975.0,2325.0,2333.0,2329.0,997.0,997.0,994.0
10031.0,2344.0,2340.0,2337.0,1004.0,1002.0,1004.0
10053.0,2343.0,2346.0,2353.0,1004.0,1002.0,1005.0
10073.0,2348.0,2351.0,2358.0,1003.0,1008.0,1005.0
10051.0,2336.0,2344.0,2349.0,1006.0,1009.0,1007.0
10036.0,2339.0,2344.0,2338.0,1003.0,1005.0,1007.0
9994.0,2340.0,2329.0,2330.0,994.0,1000.0,1001.0
10010.0,2334.0,2328.0,2342.0,999.0,1003.0,1004.0
10051.0,2346.0,2345.0,2350.0,1001.0,1004.0,1005.0
10082.0,2351.0,2351.0,2359.0,1006.0,1007.0,1008.0
10075.0,2339.0,2358.0,2355.0,1012.0,1005.0,1006.0
10058.0,2340.0,2350.0,2346.0,1010.0,1004.0,1008.0
10034.0,2348.0,2337.0,2335.0,1003.0,1006.0,1005.0
10025.0,2334.0,2351.0,2336.0,997.0,1006.0,1001.0
10019.0,2336.0,2342.0,2336.0,998.0,1005.0,1002.0
10042.0,2336.0,2349.0,2348.0,1001.0,1003.0,1005.0
10094.0,2356.0,2346.0,2368.0,1007.0,1011.0,1006.0
10100.0,2358.0,2353.0,2360.0,1009.0,1011.0,1009.0
10071.0,2350.0,2350.0,2344.0,1009.0,1009.0,1009.0
10051.0,2346.0,2352.0,2340.0,1005.0,1001.0,1007.0
10029.0,2343.0,2346.0,2336.0,1004.0,999.0,1001.0
10024.0,2336.0,2331.0,2349.0,1007.0,1001.0,1000.0
10054.0,2346.0,2339.0,2351.0,1005.0,1009.0,1004.0
10136.0,2370.0,2359.0,2368.0,1012.0,1014.0,1013.0
10117.0,2360.0,2365.0,2358.0,1009.0,1013.0,1012.0
10068.0,2340.0,2357.0,2348.0,1006.0,1010.0,1007.0
10056.0,2347.0,2344.0,2343.0,1007.0,1006.0,1009.0
10059.0,2352.0,2345.0,2347.0,1009.0,1003.0,1003.0
10064.0,2342.0,2349.0,2351.0,1009.0,1007.0,1006.0
10101.0,2364.0,2355.0,2355.0,1008.0,1009.0,1010.0
10119.0,2369.0,2361.0,2354.0,1011.0,1014.0,1010.0
10107.0,2364.0,2351.0,2359.0,1010.0,1013.0,1010.0
10088.0,2346.0,2353.0,2359.0,1008.0,1013.0,1009.0
10096.0,2354.0,2355.0,2357.0,1011.0,1010.0,1009.0
10065.0,2356.0,2345.0,2349.0,1004.0,1008.0,1003.0
10083.0,2349.0,2352.0,2359.0,1008.0,1008.0,1007.0
10089.0,2355.0,2352.0,2353.0,1010.0,1009.0,1010.0
10109.0,2363.0,2353.0,2353.0,1013.0,1012.0,1015.0
10120.0,2357.0,2370.0,2355.0,1010.0,1011.0,1017.0
10119.0,2357.0,2364.0,2362.0,1012.0,1013.0,1011.0
10106.0,2358.0,2352.0,2362.0,1009.0,1014.0,1011.0
10065.0,2347.0,2345.0,2357.0,1004.0,1007.0,1005.0
10078.0,2345.0,2351.0,2353.0,1009.0,1012.0,1008.0
10137.0,2365.0,2372.0,2361.0,1011.0,1013.0,1015.0
10167.0,2379.0,2368.0,2370.0,1017.0,1017.0,1016.0
10148.0,2369.0,2361.0,2372.0,1014.0,1015.0,1017.0
10133.0,2363.0,2358.0,2373.0,1011.0,1013.0,1015.0
10117.0,2369.0,2359.0,2357.0,1008.0,1011.0,1013.0
10071.0,2350.0,2347.0,2349.0,1007.0,1009.0,1009.0
10062.0,2346.0,2349.0,2344.0,1007.0,1009.0,1007.0
10113.0,2360.0,2353.0,2356.0,1014.0,1016.0,1014.0
10141.0,2371.0,2354.0,2370.0,1014.0,1019.0,1013.0
10163.0,2367.0,2372.0,2375.0,1017.0,1017.0,1015.0
10158.0,2370.0,2371.0,2375.0,1014.0,1019.0,1009.0
10136.0,2368.0,2365.0,2366.0,1013.0,1012.0,1012.0
10082.0,2357.0,2352.0,2350.0,1007.0,1005.0,1011.0
10105.0,2361.0,2349.0,2362.0,1015.0,1007.0,1011.0
10142.0,2358.0,2362.0,2373.0,1021.0,1013.0,1015.0
10199.0,2377.0,2382.0,2380.0,1021.0,1018.0,1021.0
10188.0,2368.0,2372.0,2385.0,1018.0,1023.0,1022.0
10174.0,2377.0,2373.0,2372.0,1016.0,1019.0,1017.0
10135.0,2368.0,2362.0,2362.0,1012.0,1019.0,1012.0
10114.0,2363.0,2358.0,2361.0,1010.0,1011.0,1011.0
10130.0,2358.0,2369.0,2367.0,1010.0,1016.0,1010.0
10160.0,2376.0,2368.0,2375.0,1017.0,1014.0,1010.0
10215.0,2386.0,2380.0,2391.0,1020.0,1020.0,1018.0
10189.0,2381.0,2369.0,2384.0,1020.0,1015.0,1020.0
10182.0,2371.0,2375.0,2383.0,1017.0,1016.0,1020.0
10149.0,2375.0,2368.0,2362.0,1016.0,1015.0,1013.0
10116.0,2364.0,2362.0,2351.0,1011.0,1014.0,1014.0
10125.0,2361.0,2356.0,2366.0,1011.0,1015.0,1016.0
10148.0,2364.0,2365.0,2375.0,1013.0,1016.0,1015.0
10205.0,2389.0,2383.0,2381.0,1017.0,1020.0,1015.0
10205.0,2384.0,2382.0,2380.0,1024.0,1018.0,1017.0
10198.0,2377.0,2384.0,2380.0,1024.0,1017.0,1016.0
10147.0,2371.0,2363.0,2363.0,1015.0,1018.0,1017.0
10136.0,2367.0,2362.0,2365.0,1014.0,1014.0,1014.0
10136.0,2357.0,2368.0,2368.0,1013.0,1016.0,1014.0
10171.0,2372.0,2369.0,2375.0,1014.0,1018.0,1023.0
10244.0,2399.0,2383.0,2391.0,1022.0,1023.0,1026.0
10188.0,2379.0,2369.0,2381.0,1020.0,1018.0,1021.0
10204.0,2377.0,2384.0,2377.0,1023.0,1021.0,1022.0
10167.0,2379.0,2366.0,2375.0,1020.0,1012.0,1015.0
10145.0,2370.0,2368.0,2368.0,1014.0,1011.0,1014.0
10166.0,2363.0,2373.0,2381.0,1016.0,1016.0,1017.0
10200.0,2379.0,2380.0,2383.0,1019.0,1022.0,1017.0
10225.0,2389.0,2388.0,2382.0,1020.0,1024.0,1022.0
10236.0,2385.0,2389.0,2390.0,1025.0,1024.0,1023.0
10226.0,2387.0,2387.0,2382.0,1022.0,1025.0,1023.0
10206.0,2381.0,2377.0,2379.0,1027.0,1016.0,1026.0
10188.0,2380.0,2369.0,2384.0,1019.0,1018.0,1018.0
10168.0,2372.0,2365.0,2378.0,1017.0,1016.0,1020.0
10199.0,2377.0,2392.0,2378.0,1019.0,1016.0,1017.0
10244.0,2393.0,2399.0,2389.0,1020.0,1023.0,1020.0
10243.0,2391.0,2393.0,2385.0,1029.0,1026.0,1019.0
10218.0,2379.0,2383.0,2384.0,1022.0,1030.0,1020.0
10207.0,2385.0,2377.0,2389.0,1021.0,1020.0,1015.0
10206.0,2383.0,2381.0,2384.0,1021.0,1019.0,1018.0
10181.0,2370.0,2377.0,2381.0,1015.0,1017.0,1021.0
10220.0,2388.0,2386.0,2376.0,1024.0,1020.0,1026.0
10244.0,2403.0,2389.0,2384.0,1022.0,1021.0,1025.0
10283.0,2398.0,2399.0,2403.0,1027.0,1025.0,1031.0
10266.0,2392.0,2400.0,2397.0,1026.0,1022.0,1029.0
10264.0,2396.0,2392.0,2400.0,1028.0,1024.0,1024.0
10206.0,2381.0,2370.0,2390.0,1025.0,1023.0,1017.0
10194.0,2384.0,2367.0,2378.0,1023.0,1024.0,1018.0
10239.0,2389.0,2396.0,2384.0,1022.0,1025.0,1023.0
10275.0,2390.0,2400.0,2399.0,1027.0,1033.0,1026.0
10292.0,2402.0,2396.0,2405.0,1028.0,1030.0,1031.0
10268.0,2391.0,2392.0,2406.0,1024.0,1026.0,1029.0
10210.0,2382.0,2379.0,2384.0,1022.0,1021.0,1022.0
10210.0,2388.0,2384.0,2383.0,1018.0,1017.0,1020.0
10250.0,2385.0,2396.0,2392.0,1027.0,1025.0,1025.0
10246.0,2389.0,2388.0,2397.0,1026.0,1021.0,1025.0
10282.0,2397.0,2393.0,2399.0,1026.0,1035.0,1032.0
10270.0,2398.0,2390.0,2401.0,1025.0,1032.0,1024.0
10268.0,2394.0,2402.0,2397.0,1022.0,1027.0,1026.0
10235.0,2394.0,2387.0,2386.0,1019.0,1026.0,1023.0
10228.0,2389.0,2387.0,2386.0,1024.0,1021.0,1021.0
10230.0,2383.0,2387.0,2391.0,1024.0,1020.0,1025.0
10253.0,2391.0,2391.0,2389.0,1029.0,1026.0,1027.0
10319.0,2407.0,2405.0,2417.0,1030.0,1030.0,1030.0
10321.0,2405.0,2412.0,2411.0,1029.0,1030.0,1034.0
10291.0,2388.0,2400.0,2411.0,1027.0,1033.0,1032.0
10252.0,2395.0,2381.0,2392.0,1023.0,1032.0,1029.0
10230.0,2390.0,2389.0,2382.0,1025.0,1021.0,1023.0
10242.0,2389.0,2391.0,2386.0,1026.0,1026.0,1024.0
10308.0,2402.0,2408.0,2408.0,1032.0,1029.0,1029.0
10330.0,2420.0,2409.0,2408.0,1033.0,1029.0,1031.0
10313.0,2406.0,2402.0,2412.0,1031.0,1031.0,1031.0
10288.0,2396.0,2402.0,2407.0,1026.0,1029.0,1028.0
10258.0,2397.0,2393.0,2387.0,1027.0,1024.0,1030.0
10258.0,2385.0,2404.0,2392.0,1025.0,1024.0,1028.0
10257.0,2395.0,2385.0,2401.0,1021.0,1031.0,1024.0
10311.0,2407.0,2402.0,2412.0,1029.0,1030.0,1031.0
10338.0,2416.0,2407.0,2415.0,1034.0,1034.0,1032.0
10313.0,2408.0,2405.0,2408.0,1036.0,1027.0,1029.0
10319.0,2405.0,2416.0,2409.0,1027.0,1030.0,1032.0
10272.0,2402.0,2399.0,2393.0,1023.0,1026.0,1029.0
10266.0,2402.0,2385.0,2398.0,1024.0,1027.0,1030.0
10289.0,2392.0,2397.0,2410.0,1025.0,1030.0,1035.0
10333.0,2411.0,2411.0,2414.0,1030.0,1033.0,1034.0
10358.0,2412.0,2419.0,2419.0,1036.0,1037.0,1035.0
10357.0,2416.0,2416.0,2415.0,1037.0,1036.0,1037.0
10316.0,2408.0,2398.0,2411.0,1034.0,1032.0,1033.0
10308.0,2413.0,2404.0,2400.0,1029.0,1029.0,1033.0
10280.0,2400.0,2411.0,2393.0,1023.0,1027.0,1026.0
10307.0,2397.0,2410.0,2413.0,1032.0,1027.0,1028.0
10333.0,2409.0,2408.0,2422.0,1033.0,1031.0,1030.0
10345.0,2418.0,2411.0,2418.0,1032.0,1035.0,1031.0
10355.0,2414.0,2413.0,2412.0,1037.0,1039.0,1040.0
10349.0,2404.0,2415.0,2414.0,1038.0,1039.0,1039.0
10332.0,2412.0,2412.0,2403.0,1034.0,1039.0,1032.0
10286.0,2396.0,2398.0,2406.0,1028.0,1030.0,1028.0
10314.0,2399.0,2407.0,2420.0,1028.0,1028.0,1032.0
10329.0,2410.0,2409.0,2419.0,1031.0,1028.0,1032.0
10397.0,2434.0,2430.0,2421.0,1037.0,1036.0,1039.0
10391.0,2428.0,2428.0,2419.0,1041.0,1039.0,1036.0
10368.0,2420.0,2420.0,2420.0,1040.0,1034.0,1034.0
10315.0,2412.0,2395.0,2416.0,1032.0,1032.0,1028.0
10323.0,2409.0,2408.0,2417.0,1027.0,1032.0,1030.0
10317.0,2397.0,2416.0,2402.0,1034.0,1034.0,1034.0
10343.0,2411.0,2418.0,2416.0,1032.0,1032.0,1034.0
10365.0,2423.0,2415.0,2415.0,1037.0,1038.0,1037.0
10377.0,2419.0,2413.0,2427.0,1039.0,1035.0,1044.0
10388.0,2422.0,2430.0,2426.0,1037.0,1036.0,1037.0
10355.0,2416.0,2419.0,2421.0,1036.0,1033.0,1030.0
10331.0,2407.0,2411.0,2412.0,1035.0,1035.0,1031.0
10317.0,2399.0,2412.0,2408.0,1032.0,1034.0,1032.0
10365.0,2424.0,2411.0,2416.0,1037.0,1040.0,1037.0
10418.0,2435.0,2437.0,2428.0,1035.0,1042.0,1041.0
10404.0,2427.0,2429.0,2425.0,1040.0,1041.0,1042.0
10401.0,2423.0,2430.0,2427.0,1041.0,1039.0,1041.0
10372.0,2422.0,2412.0,2431.0,1036.0,1035.0,1036.0
10342.0,2418.0,2409.0,2413.0,1032.0,1035.0,1035.0
10333.0,2412.0,2412.0,2408.0,1033.0,1033.0,1035.0
10390.0,2423.0,2428.0,2419.0,1040.0,1039.0,1041.0
10409.0,2430.0,2432.0,2428.0,1038.0,1043.0,1038.0
10424.0,2427.0,2426.0,2445.0,1042.0,1044.0,1040.0
10393.0,2420.0,2424.0,2425.0,1045.0,1041.0,1038.0
10397.0,2429.0,2424.0,2435.0,1039.0,1035.0,1035.0
10349.0,2410.0,2415.0,2415.0,1039.0,1036.0,1034.0
10357.0,2417.0,2414.0,2415.0,1037.0,1034.0,1040.0
10373.0,2423.0,2417.0,2415.0,1036.0,1039.0,1043.0
10425.0,2435.0,2427.0,2435.0,1043.0,1042.0,1043.0
10424.0,2423.0,2429.0,2439.0,1045.0,1043.0,1045.0
10432.0,2425.0,2442.0,2439.0,1040.0,1044.0,1042.0
10384.0,2427.0,2415.0,2424.0,1037.0,1039.0,1042.0
10361.0,2423.0,2413.0,2412.0,1040.0,1037.0,1036.0
10355.0,2416.0,2413.0,2417.0,1040.0,1036.0,1033.0
10407.0,2427.0,2432.0,2428.0,1042.0,1040.0,1038.0
10430.0,2439.0,2443.0,2426.0,1039.0,1041.0,1042.0
10426.0,2429.0,2433.0,2434.0,1043.0,1043.0,1044.0
10418.0,2430.0,2430.0,2434.0,1040.0,1040.0,1044.0
10396.0,2432.0,2426.0,2419.0,1043.0,1037.0,1039.0
10378.0,2423.0,2426.0,2411.0,1038.0,1039.0,1041.0
10407.0,2418.0,2432.0,2431.0,1043.0,1042.0,1041.0
10425.0,2425.0,2432.0,2440.0,1045.0,1044.0,1039.0
10474.0,2445.0,2440.0,2451.0,1045.0,1048.0,1045.0
10442.0,2440.0,2433.0,2439.0,1043.0,1044.0,1043.0
10440.0,2430.0,2444.0,2439.0,1045.0,1042.0,1040.0
10411.0,2441.0,2429.0,2426.0,1037.0,1037.0,1041.0
10380.0,2427.0,2416.0,2422.0,1037.0,1038.0,1040.0
10403.0,2425.0,2423.0,2431.0,1041.0,1040.0,1043.0
10465.0,2440.0,2441.0,2446.0,1047.0,1046.0,1045.0
10494.0,2452.0,2449.0,2449.0,1049.0,1050.0,1045.0
10491.0,2450.0,2451.0,2446.0,1043.0,1051.0,1050.0
10451.0,2433.0,2439.0,2439.0,1047.0,1046.0,1047.0
10422.0,2433.0,2434.0,2429.0,1041.0,1043.0,1042.0
10408.0,2432.0,2431.0,2430.0,1034.0,1040.0,1041.0
10418.0,2423.0,2439.0,2437.0,1038.0,1042.0,1039.0
10452.0,2445.0,2440.0,2438.0,1048.0,1042.0,1039.0
10475.0,2441.0,2444.0,2443.0,1053.0,1046.0,1048.0
10489.0,2445.0,2445.0,2446.0,1053.0,1051.0,1049.0
10456.0,2432.0,2446.0,2438.0,1047.0,1044.0,1049.0
10456.0,2434.0,2444.0,2436.0,1045.0,1048.0,1049.0
10426.0,2440.0,2432.0,2428.0,1039.0,1040.0,1047.0
10415.0,2428.0,2422.0,2438.0,1042.0,1040.0,1045.0
10466.0,2443.0,2438.0,2447.0,1044.0,1048.0,1046.0
10480.0,2452.0,2449.0,2434.0,1048.0,1048.0,1049.0
10503.0,2445.0,2455.0,2454.0,1053.0,1048.0,1048.0
10493.0,2445.0,2447.0,2451.0,1053.0,1050.0,1047.0
10458.0,2445.0,2437.0,2440.0,1046.0,1048.0,1042.0
10456.0,2439.0,2432.0,2451.0,1043.0,1048.0,1043.0
10456.0,2433.0,2441.0,2444.0,1042.0,1050.0,1046.0
10479.0,2446.0,2451.0,2440.0,1047.0,1048.0,1047.0
10508.0,2460.0,2452.0,2446.0,1050.0,1047.0,1053.0
10526.0,2454.0,2453.0,2456.0,1058.0,1053.0,1052.0
10487.0,2445.0,2449.0,2453.0,1048.0,1044.0,1048.0
10481.0,2443.0,2445.0,2447.0,1048.0,1050.0,1048.0
10454.0,2445.0,2439.0,2438.0,1045.0,1044.0,1043.0
10432.0,2431.0,2432.0,2435.0,1044.0,1048.0,1042.0
10497.0,2450.0,2450.0,2453.0,1046.0,1051.0,1047.0
10523.0,2459.0,2456.0,2455.0,1051.0,1052.0,1050.0
10543.0,2463.0,2460.0,2459.0,1054.0,1055.0,1052.0
10526.0,2452.0,2458.0,2457.0,1052.0,1055.0,1052.0
10484.0,2446.0,2447.0,2448.0,1050.0,1045.0,1048.0
10463.0,2452.0,2429.0,2446.0,1042.0,1043.0,1051.0
10462.0,2445.0,2444.0,2436.0,1047.0,1045.0,1045.0
10510.0,2450.0,2459.0,2451.0,1049.0,1048.0,1053.0
10531.0,2458.0,2455.0,2459.0,1050.0,1055.0,1054.0
10544.0,2454.0,2464.0,2463.0,1054.0,1056.0,1053.0
10536.0,2462.0,2454.0,2463.0,1053.0,1054.0,1050.0
10505.0,2452.0,2448.0,2454.0,1051.0,1052.0,1048.0
10480.0,2451.0,2444.0,2446.0,1046.0,1044.0,1049.0
10509.0,2447.0,2458.0,2453.0,1048.0,1048.0,1055.0
10525.0,2459.0,2451.0,2457.0,1051.0,1052.0,1055.0
10564.0,2470.0,2453.0,2481.0,1054.0,1052.0,1054.0
10549.0,2461.0,2460.0,2461.0,1054.0,1055.0,1058.0
10550.0,2461.0,2468.0,2458.0,1053.0,1054.0,1056.0
10512.0,2461.0,2443.0,2454.0,1053.0,1051.0,1050.0
10506.0,2453.0,2453.0,2447.0,1053.0,1051.0,1049.0
10496.0,2450.0,2437.0,2451.0,1051.0,1056.0,1051.0
10524.0,2456.0,2456.0,2457.0,1053.0,1056.0,1046.0
10555.0,2468.0,2464.0,2464.0,1051.0,1055.0,1053.0
10574.0,2467.0,2472.0,2469.0,1056.0,1055.0,1055.0
10583.0,2464.0,2466.0,2477.0,1058.0,1056.0,1062.0
10516.0,2455.0,2450.0,2459.0,1048.0,1051.0,1053.0
10522.0,2454.0,2456.0,2450.0,1053.0,1055.0,1054.0
10509.0,2443.0,2455.0,2449.0,1055.0,1054.0,1053.0
10567.0,2461.0,2469.0,2466.0,1053.0,1059.0,1059.0
10575.0,2477.0,2464.0,2460.0,1056.0,1059.0,1059.0
10598.0,2477.0,2471.0,2477.0,1058.0,1058.0,1057.0
10547.0,2453.0,2467.0,2462.0,1055.0,1057.0,1053.0
10537.0,2466.0,2467.0,2445.0,1055.0,1051.0,1053.0
10520.0,2457.0,2455.0,2456.0,1053.0,1045.0,1054.0
10513.0,2445.0,2453.0,2457.0,1056.0,1052.0,1050.0
10582.0,2467.0,2470.0,2468.0,1057.0,1059.0,1061.0
10607.0,2477.0,2473.0,2479.0,1058.0,1059.0,1061.0
10624.0,2475.0,2486.0,2476.0,1059.0,1066.0,1062.0
10571.0,2460.0,2467.0,2468.0,1055.0,1062.0,1059.0
10554.0,2465.0,2457.0,2465.0,1053.0,1059.0,1055.0
10533.0,2462.0,2458.0,2456.0,1056.0,1049.0,1052.0
10549.0,2451.0,2462.0,2463.0,1059.0,1057.0,1057.0
10596.0,2475.0,2472.0,2473.0,1062.0,1057.0,1057.0
10617.0,2484.0,2465.0,2485.0,1063.0,1058.0,1062.0
10588.0,2469.0,2466.0,2469.0,1060.0,1061.0,1063.0
10603.0,2475.0,2468.0,2473.0,1060.0,1065.0,1062.0
10575.0,2471.0,2475.0,2462.0,1052.0,1059.0,1056.0
10569.0,2463.0,2468.0,2466.0,1057.0,1058.0,1057.0
10554.0,2454.0,2462.0,2467.0,1059.0,1055.0,1057.0
10583.0,2473.0,2465.0,2467.0,1064.0,1053.0,1061.0
10620.0,2492.0,2468.0,2472.0,1063.0,1062.0,1063.0
10623.0,2481.0,2486.0,2473.0,1064.0,1060.0,1059.0
10584.0,2466.0,2477.0,2470.0,1055.0,1056.0,1060.0
10591.0,2468.0,2472.0,2480.0,1054.0,1057.0,1060.0
10569.0,2469.0,2456.0,2478.0,1055.0,1059.0,1052.0
10583.0,2460.0,2471.0,2475.0,1057.0,1060.0,1060.0
10605.0,2475.0,2474.0,2473.0,1058.0,1061.0,1064.0
10651.0,2488.0,2488.0,2482.0,1063.0,1063.0,1067.0
10630.0,2480.0,2480.0,2474.0,1067.0,1063.0,1066.0
10611.0,2477.0,2471.0,2481.0,1061.0,1061.0,1060.0
10604.0,2484.0,2474.0,2472.0,1057.0,1060.0,1057.0
10585.0,2473.0,2467.0,2472.0,1058.0,1056.0,1059.0
10580.0,2474.0,2473.0,2464.0,1058.0,1057.0,1054.0
10601.0,2478.0,2476.0,2467.0,1062.0,1061.0,1057.0
10647.0,2495.0,2480.0,2478.0,1065.0,1065.0,1064.0
10665.0,2483.0,2483.0,2491.0,1069.0,1070.0,1069.0
10645.0,2483.0,2487.0,2482.0,1064.0,1064.0,1065.0
10623.0,2481.0,2477.0,2477.0,1063.0,1062.0,1063.0
10585.0,2471.0,2471.0,2468.0,1057.0,1058.0,1060.0
10593.0,2465.0,2474.0,2473.0,1058.0,1060.0,1063.0
10627.0,2480.0,2474.0,2479.0,1066.0,1062.0,1066.0
10670.0,2499.0,2493.0,2485.0,1065.0,1063.0,1065.0
10690.0,2495.0,2494.0,2498.0,1069.0,1069.0,1065.0
10653.0,2480.0,2481.0,2494.0,1065.0,1069.0,1064.0
10613.0,2492.0,2466.0,2465.0,1062.0,1066.0,1062.0
10601.0,2476.0,2479.0,2469.0,1057.0,1059.0,1061.0
10594.0,2466.0,2481.0,2465.0,1058.0,1063.0,1061.0
10641.0,2484.0,2490.0,2478.0,1063.0,1063.0,1063.0
10657.0,2495.0,2473.0,2490.0,1067.0,1063.0,1069.0
10687.0,2493.0,2485.0,2501.0,1069.0,1066.0,1073.0
10666.0,2486.0,2491.0,2490.0,1067.0,1067.0,1065.0
10647.0,2486.0,2483.0,2480.0,1064.0,1065.0,1069.0
10638.0,2481.0,2488.0,2480.0,1063.0,1064.0,1062.0
10614.0,2477.0,2471.0,2483.0,1058.0,1066.0,1059.0
10643.0,2481.0,2485.0,2479.0,1066.0,1070.0,1062.0
10687.0,2495.0,2500.0,2495.0,1064.0,1067.0,1066.0
10721.0,2496.0,2511.0,2503.0,1074.0,1067.0,1070.0
10687.0,2488.0,2498.0,2496.0,1066.0,1068.0,1071.0
10671.0,2494.0,2486.0,2493.0,1069.0,1063.0,1066.0
10623.0,2484.0,2476.0,2476.0,1065.0,1058.0,1064.0
10629.0,2473.0,2482.0,2479.0,1064.0,1067.0,1064.0
10679.0,2498.0,2486.0,2496.0,1067.0,1066.0,1066.0
10702.0,2499.0,2491.0,2501.0,1069.0,1071.0,1071.0
10719.0,2501.0,2496.0,2507.0,1070.0,1074.0,1071.0
10686.0,2493.0,2494.0,2490.0,1074.0,1069.0,1066.0
10660.0,2488.0,2495.0,2485.0,1065.0,1064.0,1063.0
10655.0,2488.0,2490.0,2482.0,1071.0,1064.0,1060.0
10654.0,2484.0,2481.0,2493.0,1065.0,1062.0,1069.0
10684.0,2495.0,2492.0,2494.0,1067.0,1068.0,1068.0
10731.0,2514.0,2501.0,2503.0,1068.0,1072.0,1073.0
10725.0,2502.0,2499.0,2499.0,1071.0,1077.0,1077.0
10688.0,2493.0,2492.0,2492.0,1068.0,1072.0,1071.0
10660.0,2479.0,2486.0,2488.0,1069.0,1070.0,1068.0
10672.0,2493.0,2489.0,2491.0,1069.0,1067.0,1063.0
10687.0,2485.0,2493.0,2502.0,1071.0,1070.0,1066.0
10716.0,2496.0,2506.0,2500.0,1074.0,1071.0,1069.0
10733.0,2508.0,2505.0,2504.0,1073.0,1071.0,1072.0
10714.0,2504.0,2502.0,2495.0,1072.0,1071.0,1070.0
10697.0,2497.0,2493.0,2492.0,1071.0,1072.0,1072.0
10700.0,2497.0,2495.0,2496.0,1068.0,1075.0,1069.0
10682.0,2490.0,2496.0,2490.0,1072.0,1069.0,1065.0
10690.0,2489.0,2489.0,2499.0,1073.0,1069.0,1071.0
10711.0,2501.0,2492.0,2499.0,1076.0,1070.0,1073.0
10729.0,2508.0,2492.0,2512.0,1071.0,1073.0,1073.0
10732.0,2502.0,2509.0,2499.0,1074.0,1076.0,1072.0
10742.0,2507.0,2515.0,2504.0,1071.0,1072.0,1073.0
10707.0,2502.0,2499.0,2501.0,1069.0,1070.0,1066.0
10685.0,2494.0,2490.0,2498.0,1068.0,1068.0,1067.0
10686.0,2486.0,2489.0,2496.0,1070.0,1074.0,1071.0
10755.0,2515.0,2504.0,2507.0,1077.0,1076.0,1076.0
10768.0,2512.0,2518.0,2506.0,1077.0,1078.0,1077.0
10772.0,2513.0,2517.0,2510.0,1077.0,1076.0,1079.0
10752.0,2500.0,2511.0,2516.0,1076.0,1072.0,1077.0
10742.0,2512.0,2507.0,2502.0,1077.0,1071.0,1073.0
10706.0,2501.0,2498.0,2503.0,1069.0,1066.0,1069.0
10709.0,2491.0,2499.0,2500.0,1076.0,1075.0,1068.0
10732.0,2507.0,2509.0,2491.0,1075.0,1076.0,1074.0
10780.0,2515.0,2511.0,2519.0,1077.0,1078.0,1080.0
10773.0,2512.0,2508.0,2517.0,1078.0,1080.0,1078.0
10762.0,2503.0,2507.0,2519.0,1077.0,1078.0,1078.0
10751.0,2509.0,2512.0,2508.0,1070.0,1076.0,1076.0
10715.0,2506.0,2499.0,2498.0,1068.0,1068.0,1076.0
10715.0,2494.0,2498.0,2503.0,1073.0,1074.0,1073.0
10730.0,2507.0,2502.0,2500.0,1077.0,1069.0,1075.0
10813.0,2527.0,2520.0,2528.0,1080.0,1077.0,1081.0
10805.0,2510.0,2524.0,2523.0,1082.0,1085.0,1081.0
10787.0,2514.0,2514.0,2521.0,1080.0,1082.0,1076.0
10741.0,2508.0,2499.0,2509.0,1073.0,1077.0,1075.0
10737.0,2508.0,2492.0,2512.0,1073.0,1077.0,1075.0
10712.0,2488.0,2512.0,2492.0,1073.0,1073.0,1074.0
10752.0,2505.0,2514.0,2503.0,1077.0,1077.0,1076.0
10808.0,2520.0,2519.0,2528.0,1083.0,1077.0,1081.0
10831.0,2525.0,2519.0,2534.0,1085.0,1081.0,1087.0
10772.0,2505.0,2510.0,2518.0,1081.0,1080.0,1078.0
10782.0,2512.0,2524.0,2507.0,1076.0,1083.0,1080.0
10741.0,2505.0,2511.0,2507.0,1071.0,1074.0,1073.0
10749.0,2504.0,2512.0,2508.0,1072.0,1079.0,1074.0
10795.0,2519.0,2513.0,2526.0,1078.0,1082.0,1077.0
10818.0,2524.0,2522.0,2527.0,1082.0,1082.0,1081.0
10845.0,2527.0,2535.0,2535.0,1084.0,1081.0,1083.0
10791.0,2510.0,2521.0,2518.0,1082.0,1076.0,1084.0
10769.0,2517.0,2511.0,2511.0,1076.0,1076.0,1078.0
10753.0,2516.0,2497.0,2507.0,1078.0,1073.0,1082.0
10752.0,2505.0,2514.0,2503.0,1076.0,1076.0,1078.0
10791.0,2514.0,2522.0,2521.0,1077.0,1080.0,1077.0
10848.0,2537.0,2533.0,2527.0,1083.0,1089.0,1079.0
10829.0,2523.0,2519.0,2532.0,1084.0,1088.0,1083.0
10810.0,2516.0,2521.0,2523.0,1087.0,1082.0,1081.0
10792.0,2514.0,2517.0,2516.0,1084.0,1083.0,1078.0
10756.0,2509.0,2511.0,2504.0,1078.0,1076.0,1078.0
10795.0,2512.0,2518.0,2530.0,1078.0,1076.0,1081.0
10818.0,2522.0,2519.0,2532.0,1079.0,1082.0,1084.0
10848.0,2544.0,2523.0,2534.0,1081.0,1082.0,1084.0
10862.0,2528.0,2537.0,2533.0,1086.0,1088.0,1090.0
10839.0,2521.0,2534.0,2523.0,1090.0,1087.0,1084.0
10823.0,2527.0,2529.0,2521.0,1082.0,1084.0,1080.0
10792.0,2524.0,2517.0,2515.0,1079.0,1079.0,1078.0
10795.0,2514.0,2515.0,2524.0,1081.0,1083.0,1078.0
10819.0,2525.0,2524.0,2529.0,1083.0,1079.0,1079.0
10872.0,2540.0,2535.0,2540.0,1086.0,1087.0,1084.0
10852.0,2529.0,2537.0,2533.0,1085.0,1084.0,1084.0
10846.0,2529.0,2524.0,2532.0,1090.0,1087.0,1084.0
10812.0,2519.0,2521.0,2523.0,1084.0,1082.0,1083.0
10796.0,2510.0,2525.0,2519.0,1080.0,1083.0,1079.0
10795.0,2514.0,2526.0,2511.0,1078.0,1083.0,1083.0
10836.0,2530.0,2523.0,2532.0,1080.0,1083.0,1088.0
10866.0,2542.0,2536.0,2528.0,1087.0,1086.0,1087.0
10849.0,2529.0,2531.0,2531.0,1090.0,1084.0,1084.0
10878.0,2533.0,2544.0,2540.0,1090.0,1087.0,1084.0
10839.0,2537.0,2529.0,2525.0,1084.0,1083.0,1081.0
10822.0,2520.0,2526.0,2529.0,1084.0,1083.0,1080.0
10817.0,2522.0,2517.0,2535.0,1079.0,1082.0,1082.0
10871.0,2535.0,2535.0,2535.0,1084.0,1092.0,1090.0
10900.0,2549.0,2544.0,2537.0,1090.0,1090.0,1090.0
10902.0,2537.0,2550.0,2544.0,1091.0,1088.0,1092.0
10871.0,2539.0,2535.0,2536.0,1085.0,1089.0,1087.0
10851.0,2533.0,2530.0,2534.0,1086.0,1085.0,1083.0
10848.0,2533.0,2524.0,2536.0,1090.0,1081.0,1084.0
10848.0,2530.0,2529.0,2534.0,1087.0,1085.0,1083.0
10865.0,2544.0,2536.0,2529.0,1089.0,1084.0,1083.0
10910.0,2557.0,2542.0,2541.0,1092.0,1091.0,1087.0
10878.0,2536.0,2536.0,2540.0,1086.0,1091.0,1089.0
10905.0,2545.0,2547.0,2551.0,1084.0,1089.0,1089.0
10862.0,2529.0,2536.0,2539.0,1081.0,1089.0,1088.0
10864.0,2530.0,2535.0,2544.0,1086.0,1084.0,1085.0
10846.0,2531.0,2535.0,2523.0,1086.0,1082.0,1089.0
10870.0,2534.0,2539.0,2534.0,1089.0,1086.0,1088.0
10901.0,2548.0,2539.0,2541.0,1093.0,1090.0,1090.0
10908.0,2546.0,2548.0,2546.0,1089.0,1092.0,1087.0
10917.0,2546.0,2555.0,2549.0,1088.0,1092.0,1087.0
10878.0,2540.0,2534.0,2545.0,1087.0,1087.0,1085.0
10852.0,2542.0,2528.0,2521.0,1088.0,1085.0,1088.0
10854.0,2531.0,2529.0,2530.0,1085.0,1091.0,1088.0
10919.0,2546.0,2551.0,2547.0,1095.0,1089.0,1091.0
10944.0,2559.0,2555.0,2550.0,1093.0,1091.0,1096.0
10933.0,2559.0,2544.0,2547.0,1094.0,1092.0,1097.0
10924.0,2547.0,2542.0,2555.0,1093.0,1093.0,1094.0
10876.0,2544.0,2535.0,2535.0,1086.0,1086.0,1090.0
10883.0,2540.0,2550.0,2532.0,1087.0,1088.0,1086.0
10876.0,2534.0,2538.0,2541.0,1087.0,1090.0,1086.0
10921.0,2542.0,2554.0,2544.0,1091.0,1098.0,1092.0
10945.0,2560.0,2547.0,2557.0,1095.0,1094.0,1092.0
10945.0,2549.0,2551.0,2562.0,1096.0,1092.0,1095.0
10939.0,2544.0,2553.0,2559.0,1093.0,1093.0,1097.0
10906.0,2546.0,2550.0,2537.0,1090.0,1092.0,1091.0
10864.0,2537.0,2528.0,2534.0,1085.0,1088.0,1092.0
10887.0,2546.0,2534.0,2539.0,1089.0,1089.0,1090.0
10929.0,2550.0,2552.0,2548.0,1094.0,1091.0,1094.0
10974.0,2571.0,2554.0,2558.0,1099.0,1097.0,1095.0
10965.0,2551.0,2562.0,2559.0,1100.0,1098.0,1095.0
10934.0,2549.0,2547.0,2553.0,1096.0,1094.0,1095.0
10912.0,2557.0,2547.0,2541.0,1088.0,1089.0,1090.0
10910.0,2542.0,2540.0,2552.0,1090.0,1092.0,1094.0
10915.0,2540.0,2555.0,2549.0,1091.0,1086.0,1094.0
10947.0,2555.0,2560.0,2551.0,1093.0,1091.0,1097.0
10963.0,2558.0,2555.0,2561.0,1094.0,1094.0,1101.0
10987.0,2559.0,2561.0,2566.0,1101.0,1101.0,1099.0
10974.0,2560.0,2562.0,2555.0,1099.0,1102.0,1096.0
10924.0,2550.0,2548.0,2552.0,1091.0,1093.0,1090.0
10919.0,2548.0,2545.0,2552.0,1091.0,1095.0,1088.0
10917.0,2550.0,2550.0,2544.0,1089.0,1093.0,1091.0
10969.0,2563.0,2557.0,2568.0,1094.0,1092.0,1095.0
10974.0,2570.0,2559.0,2559.0,1097.0,1096.0,1093.0
11001.0,2571.0,2574.0,2557.0,1102.0,1098.0,1099.0
10946.0,2552.0,2553.0,2549.0,1100.0,1095.0,1097.0
10945.0,2555.0,2546.0,2557.0,1094.0,1096.0,1097.0
10938.0,2559.0,2546.0,2554.0,1090.0,1095.0,1094.0
10939.0,2549.0,2558.0,2552.0,1092.0,1093.0,1095.0
10955.0,2553.0,2560.0,2557.0,1093.0,1098.0,1094.0
10976.0,2560.0,2555.0,2563.0,1098.0,1100.0,1100.0
10991.0,2571.0,2566.0,2558.0,1101.0,1100.0,1095.0
10985.0,2565.0,2559.0,2563.0,1105.0,1096.0,1097.0
10972.0,2559.0,2562.0,2568.0,1094.0,1093.0,1096.0
10962.0,2556.0,2559.0,2565.0,1094.0,1092.0,1096.0
10955.0,2554.0,2560.0,2560.0,1093.0,1096.0,1092.0
10964.0,2554.0,2555.0,2559.0,1095.0,1100.0,1101.0
11011.0,2578.0,2567.0,2566.0,1098.0,1102.0,1100.0
11035.0,2574.0,2579.0,2570.0,1101.0,1103.0,1108.0
11011.0,2560.0,2575.0,2571.0,1102.0,1101.0,1102.0
10963.0,2561.0,2551.0,2564.0,1098.0,1093.0,1096.0
10958.0,2558.0,2549.0,2565.0,1098.0,1092.0,1096.0
10946.0,2550.0,2547.0,2561.0,1098.0,1096.0,1094.0
10999.0,2567.0,2578.0,2559.0,1100.0,1098.0,1097.0
11011.0,2567.0,2574.0,2566.0,1102.0,1103.0,1099.0
11022.0,2571.0,2570.0,2571.0,1102.0,1104.0,1104.0
11020.0,2573.0,2568.0,2574.0,1096.0,1102.0,1107.0
10998.0,2568.0,2559.0,2570.0,1102.0,1096.0,1103.0
10975.0,2558.0,2563.0,2564.0,1096.0,1097.0,1097.0
10975.0,2557.0,2566.0,2562.0,1095.0,1098.0,1097.0
10999.0,2571.0,2563.0,2564.0,1103.0,1101.0,1097.0
11041.0,2584.0,2578.0,2576.0,1102.0,1100.0,1101.0
11057.0,2580.0,2582.0,2582.0,1103.0,1107.0,1103.0
11034.0,2566.0,2578.0,2582.0,1104.0,1104.0,1100.0
11028.0,2578.0,2572.0,2572.0,1104.0,1102.0,1100.0
10987.0,2562.0,2564.0,2562.0,1099.0,1102.0,1098.0
10979.0,2559.0,2556.0,2564.0,1104.0,1099.0,1097.0
10986.0,2562.0,2564.0,2558.0,1103.0,1100.0,1099.0
11072.0,2587.0,2587.0,2577.0,1103.0,1107.0,1111.0
11041.0,2568.0,2577.0,2581.0,1103.0,1103.0,1109.0
11055.0,2578.0,2574.0,2587.0,1100.0,1104.0,1112.0
11012.0,2585.0,2563.0,2567.0,1099.0,1098.0,1100.0
10997.0,2559.0,2562.0,2571.0,1101.0,1102.0,1102.0
11012.0,2567.0,2573.0,2569.0,1104.0,1100.0,1099.0
11031.0,2576.0,2567.0,2576.0,1103.0,1104.0,1105.0
11068.0,2586.0,2582.0,2584.0,1105.0,1105.0,1106.0
11086.0,2585.0,2580.0,2596.0,1108.0,1108.0,1109.0
11051.0,2571.0,2580.0,2582.0,1105.0,1105.0,1108.0
11031.0,2586.0,2576.0,2565.0,1101.0,1100.0,1103.0
11005.0,2571.0,2570.0,2562.0,1101.0,1097.0,1104.0
11018.0,2570.0,2566.0,2572.0,1103.0,1104.0,1103.0
11052.0,2578.0,2576.0,2583.0,1106.0,1104.0,1105.0
11090.0,2592.0,2578.0,2590.0,1110.0,1109.0,1111.0
11092.0,2582.0,2589.0,2593.0,1109.0,1110.0,1109.0
11064.0,2584.0,2585.0,2574.0,1107.0,1109.0,1105.0
11051.0,2580.0,2575.0,2577.0,1104.0,1111.0,1104.0
11034.0,2575.0,2578.0,2571.0,1103.0,1105.0,1102.0
11030.0,2572.0,2573.0,2575.0,1101.0,1102.0,1107.0
11088.0,2588.0,2592.0,2585.0,1107.0,1105.0,1111.0
11122.0,2600.0,2584.0,2601.0,1113.0,1110.0,1114.0
11094.0,2591.0,2579.0,2589.0,1108.0,1111.0,1116.0
11071.0,2577.0,2582.0,2581.0,1111.0,1112.0,1108.0
11074.0,2590.0,2581.0,2583.0,1105.0,1109.0,1106.0
11045.0,2581.0,2578.0,2577.0,1102.0,1105.0,1102.0
11050.0,2574.0,2577.0,2583.0,1105.0,1104.0,1107.0
11064.0,2579.0,2580.0,2591.0,1106.0,1107.0,1101.0
11127.0,2599.0,2593.0,2598.0,1115.0,1110.0,1112.0
11140.0,2595.0,2604.0,2603.0,1116.0,1107.0,1115.0
11104.0,2589.0,2595.0,2586.0,1112.0,1110.0,1112.0
11059.0,2584.0,2572.0,2585.0,1105.0,1105.0,1108.0
11051.0,2584.0,2576.0,2580.0,1104.0,1101.0,1106.0
11045.0,2570.0,2581.0,2576.0,1103.0,1106.0,1109.0
11076.0,2579.0,2586.0,2590.0,1107.0,1109.0,1105.0
11121.0,2591.0,2602.0,2588.0,1116.0,1114.0,1110.0
11132.0,2596.0,2597.0,2595.0,1117.0,1113.0,1114.0
