demand,Demand_Retailer_0,Demand_Retailer_1,Demand_Retailer_2,Demand_Retailer_3,Demand_Retailer_4,Demand_Retailer_5
970.0,226.0,243.0,228.0,92.0,93.0,88.0
989.0,243.0,244.0,228.0,91.0,93.0,90.0
996.0,238.0,231.0,236.0,83.0,100.0,108.0
975.0,236.0,205.0,213.0,102.0,108.0,111.0
906.0,214.0,216.0,204.0,95.0,82.0,95.0
990.0,237.0,234.0,218.0,101.0,99.0,101.0
1192.0,270.0,297.0,259.0,126.0,124.0,116.0
1094.0,273.0,235.0,269.0,106.0,107.0,104.0
898.0,212.0,181.0,237.0,93.0,85.0,90.0
1117.0,237.0,265.0,282.0,115.0,114.0,104.0
958.0,211.0,218.0,253.0,91.0,90.0,95.0
994.0,238.0,223.0,231.0,102.0,105.0,95.0
978.0,205.0,240.0,221.0,108.0,95.0,109.0
1089.0,231.0,240.0,280.0,113.0,118.0,107.0
968.0,213.0,226.0,214.0,105.0,97.0,113.0
1168.0,262.0,296.0,268.0,115.0,115.0,112.0
1067.0,237.0,261.0,238.0,99.0,110.0,122.0
1137.0,256.0,265.0,273.0,112.0,114.0,117.0
1048.0,259.0,224.0,258.0,97.0,99.0,111.0
1162.0,280.0,281.0,275.0,115.0,104.0,107.0
961.0,218.0,224.0,237.0,96.0,91.0,95.0
1009.0,251.0,253.0,194.0,113.0,95.0,103.0
1180.0,284.0,282.0,278.0,108.0,119.0,109.0
1115.0,261.0,253.0,259.0,114.0,118.0,110.0
1016.0,229.0,260.0,244.0,87.0,100.0,96.0
1092.0,258.0,263.0,258.0,101.0,102.0,110.0
1003.0,231.0,241.0,232.0,93.0,101.0,105.0
865.0,186.0,188.0,213.0,89.0,95.0,94.0
976.0,226.0,217.0,226.0,105.0,97.0,105.0
1058.0,260.0,258.0,245.0,109.0,93.0,93.0
1086.0,233.0,273.0,263.0,112.0,101.0,104.0
996.0,222.0,240.0,237.0,103.0,103.0,91.0
1029.0,247.0,230.0,247.0,102.0,110.0,93.0
953.0,233.0,229.0,199.0,94.0,106.0,92.0
965.0,213.0,228.0,222.0,97.0,105.0,100.0
989.0,239.0,251.0,203.0,98.0,93.0,105.0
1063.0,260.0,234.0,251.0,108.0,100.0,110.0
1132.0,265.0,271.0,242.0,124.0,116.0,114.0
1183.0,280.0,269.0,272.0,123.0,115.0,124.0
1143.0,286.0,286.0,251.0,110.0,106.0,104.0
988.0,222.0,253.0,214.0,98.0,100.0,101.0
1113.0,275.0,271.0,249.0,94.0,119.0,105.0
1128.0,279.0,224.0,282.0,117.0,113.0,113.0
1132.0,285.0,236.0,271.0,117.0,113.0,110.0
1084.0,244.0,255.0,248.0,118.0,115.0,104.0
1110.0,247.0,264.0,256.0,114.0,114.0,115.0
1077.0,277.0,235.0,245.0,116.0,93.0,111.0
997.0,266.0,215.0,214.0,89.0,96.0,117.0
1119.0,277.0,251.0,253.0,110.0,110.0,118.0
1121.0,268.0,274.0,267.0,102.0,112.0,98.0
1190.0,290.0,287.0,285.0,110.0,114.0,104.0
984.0,210.0,247.0,225.0,100.0,111.0,91.0
1229.0,281.0,264.0,293.0,138.0,131.0,122.0
1068.0,259.0,267.0,230.0,111.0,99.0,102.0
1110.0,251.0,267.0,256.0,108.0,109.0,119.0
1107.0,247.0,265.0,272.0,104.0,106.0,113.0
1147.0,262.0,274.0,288.0,111.0,98.0,114.0
1183.0,285.0,264.0,282.0,116.0,115.0,121.0
1254.0,279.0,280.0,306.0,118.0,128.0,143.0
1113.0,243.0,287.0,246.0,112.0,114.0,111.0
1166.0,274.0,297.0,248.0,110.0,113.0,124.0
997.0,221.0,228.0,254.0,102.0,111.0,81.0
1228.0,297.0,283.0,294.0,129.0,122.0,103.0
1147.0,265.0,261.0,280.0,110.0,111.0,120.0
1135.0,276.0,271.0,269.0,103.0,107.0,109.0
1128.0,256.0,264.0,266.0,114.0,109.0,119.0
1143.0,282.0,243.0,263.0,119.0,119.0,117.0
1104.0,282.0,231.0,260.0,111.0,102.0,118.0
931.0,222.0,205.0,226.0,90.0,95.0,93.0
984.0,190.0,235.0,246.0,97.0,108.0,108.0
1012.0,235.0,227.0,242.0,105.0,111.0,92.0
1077.0,275.0,231.0,260.0,93.0,107.0,111.0
1239.0,295.0,295.0,283.0,122.0,121.0,123.0
1127.0,243.0,287.0,264.0,121.0,101.0,111.0
1179.0,296.0,306.0,249.0,115.0,106.0,107.0
1029.0,228.0,231.0,253.0,104.0,104.0,109.0
1038.0,219.0,234.0,256.0,112.0,108.0,109.0
1031.0,256.0,236.0,218.0,99.0,112.0,110.0
1224.0,290.0,275.0,273.0,123.0,136.0,127.0
1300.0,325.0,306.0,293.0,117.0,134.0,125.0
1139.0,252.0,272.0,267.0,111.0,121.0,116.0
1237.0,289.0,287.0,292.0,127.0,122.0,120.0
1027.0,243.0,262.0,227.0,107.0,96.0,92.0
979.0,210.0,231.0,226.0,107.0,106.0,99.0
1166.0,255.0,303.0,266.0,115.0,117.0,110.0
1064.0,274.0,244.0,223.0,105.0,114.0,104.0
1185.0,288.0,259.0,293.0,105.0,122.0,118.0
1246.0,297.0,295.0,293.0,114.0,123.0,124.0
1077.0,249.0,257.0,252.0,108.0,106.0,105.0
1374.0,332.0,337.0,309.0,133.0,126.0,137.0
1064.0,240.0,230.0,262.0,121.0,105.0,106.0
1130.0,277.0,257.0,243.0,127.0,106.0,120.0
1339.0,319.0,294.0,318.0,137.0,139.0,132.0
1247.0,282.0,299.0,286.0,126.0,133.0,121.0
1118.0,251.0,241.0,294.0,110.0,118.0,104.0
1187.0,294.0,273.0,279.0,117.0,119.0,105.0
1172.0,281.0,254.0,284.0,119.0,122.0,112.0
1066.0,226.0,261.0,246.0,102.0,113.0,118.0
1201.0,262.0,295.0,269.0,123.0,129.0,123.0
1317.0,301.0,303.0,333.0,138.0,118.0,124.0
1200.0,285.0,264.0,289.0,120.0,119.0,123.0
1174.0,278.0,247.0,294.0,116.0,115.0,124.0
1227.0,294.0,266.0,313.0,112.0,121.0,121.0
1216.0,281.0,309.0,259.0,122.0,121.0,124.0
1157.0,277.0,272.0,268.0,119.0,115.0,106.0
1104.0,242.0,243.0,283.0,118.0,118.0,100.0
1220.0,276.0,260.0,312.0,125.0,130.0,117.0
1256.0,295.0,289.0,285.0,137.0,121.0,129.0
1310.0,270.0,324.0,308.0,132.0,130.0,146.0
1184.0,289.0,290.0,265.0,110.0,107.0,123.0
1182.0,276.0,276.0,259.0,119.0,123.0,129.0
1093.0,260.0,244.0,254.0,110.0,107.0,118.0
1212.0,275.0,278.0,297.0,125.0,121.0,116.0
1260.0,299.0,276.0,316.0,132.0,113.0,124.0
1425.0,332.0,330.0,328.0,151.0,145.0,139.0
1195.0,259.0,276.0,283.0,126.0,134.0,117.0
1199.0,302.0,256.0,272.0,126.0,127.0,116.0
1151.0,281.0,274.0,273.0,105.0,106.0,112.0
1387.0,314.0,348.0,316.0,132.0,141.0,136.0
1318.0,313.0,320.0,301.0,136.0,120.0,128.0
1356.0,344.0,279.0,325.0,136.0,131.0,141.0
1157.0,273.0,247.0,287.0,116.0,115.0,119.0
1240.0,287.0,300.0,283.0,129.0,117.0,124.0
1203.0,271.0,307.0,259.0,123.0,126.0,117.0
1286.0,306.0,298.0,288.0,122.0,136.0,136.0
1139.0,241.0,276.0,285.0,103.0,121.0,113.0
1265.0,275.0,294.0,312.0,127.0,122.0,135.0
1303.0,328.0,306.0,300.0,123.0,126.0,120.0
1267.0,288.0,303.0,299.0,136.0,115.0,126.0
1117.0,246.0,260.0,249.0,126.0,111.0,125.0
1227.0,291.0,259.0,286.0,130.0,130.0,131.0
1321.0,315.0,294.0,313.0,129.0,141.0,129.0
1230.0,275.0,310.0,274.0,117.0,130.0,124.0
1481.0,353.0,353.0,330.0,146.0,154.0,145.0
1336.0,324.0,325.0,284.0,142.0,139.0,122.0
1311.0,322.0,292.0,303.0,128.0,136.0,130.0
1354.0,324.0,298.0,325.0,137.0,136.0,134.0
1323.0,325.0,302.0,327.0,126.0,117.0,126.0
1188.0,249.0,275.0,304.0,119.0,126.0,115.0
1317.0,299.0,319.0,322.0,124.0,119.0,134.0
1342.0,318.0,296.0,306.0,133.0,149.0,140.0
1344.0,325.0,315.0,306.0,128.0,142.0,128.0
1345.0,306.0,321.0,315.0,132.0,145.0,126.0
1234.0,286.0,294.0,267.0,133.0,130.0,124.0
1444.0,341.0,335.0,331.0,154.0,144.0,139.0
1304.0,304.0,297.0,314.0,134.0,124.0,131.0
1242.0,254.0,294.0,329.0,128.0,116.0,121.0
1255.0,296.0,309.0,292.0,114.0,117.0,127.0
1234.0,295.0,306.0,251.0,128.0,131.0,123.0
1254.0,302.0,294.0,281.0,118.0,133.0,126.0
1381.0,299.0,323.0,341.0,135.0,138.0,145.0
1457.0,340.0,323.0,351.0,148.0,146.0,149.0
1233.0,277.0,289.0,295.0,124.0,130.0,118.0
1209.0,265.0,278.0,285.0,127.0,120.0,134.0
1442.0,339.0,330.0,341.0,149.0,138.0,145.0
1305.0,308.0,307.0,294.0,130.0,130.0,136.0
1384.0,319.0,345.0,325.0,122.0,141.0,132.0
1392.0,319.0,329.0,327.0,140.0,141.0,136.0
1170.0,271.0,256.0,282.0,121.0,128.0,112.0
1116.0,251.0,261.0,240.0,130.0,121.0,113.0
1364.0,313.0,304.0,317.0,137.0,148.0,145.0
1372.0,320.0,316.0,319.0,136.0,144.0,137.0
1417.0,320.0,357.0,334.0,135.0,137.0,134.0
1400.0,315.0,291.0,376.0,141.0,134.0,143.0
1429.0,344.0,304.0,344.0,147.0,148.0,142.0
1212.0,302.0,274.0,278.0,130.0,111.0,117.0
1338.0,319.0,322.0,303.0,138.0,131.0,125.0
1375.0,292.0,349.0,330.0,141.0,132.0,131.0
1477.0,357.0,339.0,344.0,152.0,145.0,140.0
1552.0,376.0,347.0,365.0,152.0,162.0,150.0
1294.0,316.0,292.0,290.0,130.0,134.0,132.0
1301.0,296.0,288.0,319.0,124.0,133.0,141.0
1384.0,343.0,333.0,300.0,136.0,127.0,145.0
1308.0,323.0,300.0,279.0,129.0,134.0,143.0
1296.0,307.0,269.0,312.0,142.0,131.0,135.0
1456.0,335.0,316.0,360.0,149.0,148.0,148.0
1328.0,306.0,314.0,317.0,132.0,130.0,129.0
1530.0,357.0,361.0,345.0,156.0,160.0,151.0
1343.0,290.0,327.0,303.0,132.0,148.0,143.0
1359.0,328.0,309.0,316.0,138.0,139.0,129.0
1264.0,302.0,312.0,272.0,126.0,128.0,124.0
1298.0,278.0,317.0,294.0,130.0,137.0,142.0
1455.0,337.0,345.0,331.0,155.0,141.0,146.0
1511.0,354.0,361.0,357.0,147.0,138.0,154.0
1468.0,331.0,345.0,358.0,151.0,134.0,149.0
1297.0,312.0,298.0,294.0,121.0,137.0,135.0
1389.0,328.0,338.0,300.0,130.0,148.0,145.0
1482.0,368.0,344.0,340.0,141.0,147.0,142.0
1327.0,301.0,307.0,325.0,119.0,150.0,125.0
1464.0,325.0,338.0,353.0,149.0,160.0,139.0
1493.0,338.0,347.0,355.0,165.0,152.0,136.0
1404.0,316.0,345.0,309.0,153.0,135.0,146.0
1379.0,333.0,321.0,299.0,142.0,133.0,151.0
1420.0,341.0,332.0,317.0,152.0,129.0,149.0
1328.0,314.0,297.0,321.0,126.0,132.0,138.0
1485.0,343.0,342.0,353.0,147.0,145.0,155.0
1363.0,297.0,335.0,337.0,130.0,133.0,131.0
1399.0,331.0,345.0,313.0,153.0,132.0,125.0
1315.0,299.0,321.0,303.0,136.0,133.0,123.0
1458.0,339.0,327.0,350.0,158.0,142.0,142.0
1412.0,329.0,344.0,316.0,145.0,140.0,138.0
1369.0,322.0,314.0,330.0,131.0,131.0,141.0
1339.0,279.0,338.0,329.0,122.0,133.0,138.0
1369.0,336.0,304.0,322.0,135.0,129.0,143.0
1381.0,361.0,300.0,284.0,150.0,148.0,138.0
1437.0,330.0,339.0,314.0,146.0,156.0,152.0
1489.0,338.0,355.0,345.0,155.0,154.0,142.0
1382.0,311.0,337.0,328.0,135.0,139.0,132.0
1354.0,323.0,304.0,322.0,135.0,134.0,136.0
1396.0,337.0,303.0,344.0,137.0,140.0,135.0
1396.0,333.0,335.0,315.0,142.0,138.0,133.0
1472.0,381.0,356.0,344.0,132.0,132.0,127.0
1491.0,339.0,349.0,347.0,150.0,148.0,158.0
1470.0,341.0,336.0,335.0,154.0,149.0,155.0
1460.0,352.0,316.0,350.0,139.0,153.0,150.0
1508.0,355.0,346.0,350.0,154.0,150.0,153.0
1362.0,310.0,336.0,297.0,138.0,141.0,140.0
1382.0,323.0,301.0,357.0,124.0,141.0,136.0
1244.0,303.0,296.0,271.0,125.0,122.0,127.0
1509.0,386.0,337.0,361.0,140.0,146.0,139.0
1423.0,319.0,323.0,370.0,144.0,126.0,141.0
1517.0,327.0,382.0,357.0,161.0,140.0,150.0
1443.0,338.0,349.0,326.0,149.0,150.0,131.0
1353.0,325.0,311.0,287.0,143.0,141.0,146.0
1596.0,377.0,366.0,373.0,161.0,162.0,157.0
1418.0,348.0,326.0,339.0,124.0,140.0,141.0
1629.0,384.0,401.0,372.0,147.0,163.0,162.0
1603.0,363.0,378.0,394.0,150.0,157.0,161.0
1366.0,322.0,312.0,335.0,141.0,125.0,131.0
1313.0,309.0,296.0,316.0,140.0,118.0,134.0
1444.0,320.0,348.0,344.0,147.0,143.0,142.0
1478.0,323.0,369.0,343.0,141.0,153.0,149.0
1570.0,384.0,354.0,373.0,148.0,158.0,153.0
1472.0,358.0,337.0,341.0,136.0,153.0,147.0
1318.0,285.0,302.0,320.0,130.0,148.0,133.0
1494.0,341.0,373.0,334.0,145.0,144.0,157.0
1543.0,351.0,372.0,335.0,170.0,153.0,162.0
1395.0,310.0,322.0,334.0,148.0,138.0,143.0
1312.0,290.0,301.0,309.0,138.0,136.0,138.0
1467.0,345.0,346.0,356.0,147.0,138.0,135.0
1551.0,375.0,372.0,359.0,143.0,146.0,156.0
1475.0,328.0,365.0,334.0,141.0,161.0,146.0
1515.0,381.0,347.0,333.0,142.0,158.0,154.0
1379.0,330.0,296.0,335.0,143.0,138.0,137.0
1566.0,373.0,360.0,368.0,158.0,155.0,152.0
1469.0,342.0,338.0,352.0,145.0,148.0,144.0
1577.0,375.0,368.0,370.0,157.0,151.0,156.0
1547.0,380.0,359.0,356.0,156.0,143.0,153.0
1410.0,324.0,331.0,340.0,129.0,145.0,141.0
1515.0,357.0,356.0,353.0,144.0,143.0,162.0
1400.0,333.0,336.0,314.0,130.0,143.0,144.0
1571.0,355.0,361.0,375.0,167.0,157.0,156.0
1390.0,340.0,299.0,341.0,140.0,142.0,128.0
1539.0,368.0,361.0,345.0,157.0,152.0,156.0
1505.0,352.0,363.0,335.0,156.0,145.0,154.0
1527.0,361.0,378.0,346.0,145.0,142.0,155.0
1579.0,371.0,362.0,363.0,161.0,159.0,163.0
1644.0,385.0,366.0,405.0,155.0,153.0,180.0
1388.0,304.0,314.0,339.0,143.0,148.0,140.0
1411.0,351.0,320.0,316.0,146.0,144.0,134.0
1523.0,361.0,353.0,346.0,162.0,147.0,154.0
1476.0,338.0,361.0,333.0,155.0,149.0,140.0
1439.0,326.0,338.0,322.0,135.0,162.0,156.0
1485.0,351.0,318.0,379.0,144.0,147.0,146.0
1420.0,340.0,312.0,358.0,136.0,134.0,140.0
1472.0,340.0,340.0,350.0,149.0,143.0,150.0
1466.0,341.0,342.0,334.0,156.0,142.0,151.0
1603.0,393.0,374.0,354.0,157.0,155.0,170.0
1681.0,372.0,397.0,386.0,170.0,173.0,183.0
1595.0,355.0,361.0,369.0,165.0,181.0,164.0
1586.0,400.0,374.0,358.0,158.0,152.0,144.0
1551.0,371.0,364.0,377.0,139.0,149.0,151.0
1431.0,329.0,331.0,347.0,146.0,139.0,139.0
1409.0,328.0,327.0,334.0,138.0,140.0,142.0
1583.0,361.0,392.0,363.0,157.0,152.0,158.0
1594.0,368.0,383.0,365.0,165.0,155.0,158.0
1610.0,363.0,382.0,385.0,165.0,157.0,158.0
1544.0,358.0,340.0,366.0,151.0,161.0,168.0
1411.0,314.0,314.0,352.0,139.0,142.0,150.0
1514.0,366.0,348.0,329.0,144.0,167.0,160.0
1675.0,396.0,399.0,375.0,170.0,167.0,168.0
1672.0,402.0,376.0,387.0,175.0,165.0,167.0
1564.0,367.0,349.0,361.0,173.0,154.0,160.0
1542.0,344.0,361.0,379.0,162.0,147.0,149.0
1579.0,344.0,375.0,399.0,161.0,151.0,149.0
1645.0,382.0,415.0,383.0,151.0,149.0,165.0
1515.0,336.0,357.0,363.0,149.0,149.0,161.0
1468.0,334.0,345.0,339.0,134.0,167.0,149.0
1715.0,406.0,402.0,385.0,162.0,177.0,183.0
1606.0,370.0,357.0,385.0,171.0,164.0,159.0
1561.0,350.0,357.0,369.0,166.0,156.0,163.0
1520.0,357.0,339.0,363.0,159.0,150.0,152.0
1580.0,384.0,353.0,370.0,159.0,164.0,150.0
1514.0,358.0,372.0,340.0,147.0,152.0,145.0
1613.0,366.0,382.0,370.0,162.0,167.0,166.0
1440.0,352.0,343.0,325.0,138.0,145.0,137.0
1670.0,379.0,384.0,390.0,159.0,178.0,180.0
1580.0,357.0,385.0,349.0,162.0,168.0,159.0
1591.0,363.0,361.0,366.0,170.0,164.0,167.0
1497.0,362.0,350.0,342.0,157.0,138.0,148.0
1566.0,376.0,380.0,330.0,159.0,162.0,159.0
1700.0,404.0,390.0,409.0,168.0,159.0,170.0
1577.0,401.0,336.0,372.0,161.0,152.0,155.0
1633.0,335.0,392.0,414.0,167.0,168.0,157.0
1779.0,407.0,419.0,409.0,176.0,191.0,177.0
1605.0,383.0,378.0,367.0,168.0,160.0,149.0
1534.0,368.0,342.0,363.0,157.0,149.0,155.0
1688.0,370.0,390.0,400.0,175.0,176.0,177.0
1749.0,404.0,419.0,416.0,168.0,172.0,170.0
1532.0,363.0,365.0,366.0,146.0,139.0,153.0
1608.0,365.0,392.0,380.0,167.0,144.0,160.0
1596.0,367.0,362.0,379.0,158.0,157.0,173.0
1564.0,385.0,334.0,370.0,163.0,161.0,151.0
1538.0,358.0,362.0,351.0,151.0,167.0,149.0
1725.0,390.0,412.0,405.0,175.0,183.0,160.0
1554.0,360.0,373.0,359.0,155.0,157.0,150.0
1775.0,418.0,417.0,405.0,178.0,176.0,181.0
1537.0,352.0,354.0,351.0,154.0,162.0,164.0
1602.0,351.0,383.0,377.0,164.0,155.0,172.0
1692.0,410.0,415.0,372.0,165.0,156.0,174.0
1607.0,377.0,359.0,372.0,161.0,165.0,173.0
1468.0,329.0,333.0,347.0,160.0,148.0,151.0
1649.0,381.0,391.0,379.0,167.0,164.0,167.0
1704.0,406.0,416.0,382.0,168.0,178.0,154.0
1833.0,430.0,444.0,415.0,176.0,184.0,184.0
1630.0,371.0,383.0,402.0,152.0,172.0,150.0
1534.0,379.0,344.0,357.0,153.0,155.0,146.0
1614.0,379.0,372.0,383.0,152.0,159.0,169.0
1606.0,373.0,357.0,382.0,172.0,158.0,164.0
1751.0,393.0,418.0,407.0,177.0,172.0,184.0
1848.0,448.0,436.0,403.0,190.0,185.0,186.0
1639.0,373.0,374.0,379.0,167.0,172.0,174.0
1739.0,403.0,403.0,404.0,170.0,188.0,171.0
1638.0,379.0,381.0,387.0,155.0,174.0,162.0
1612.0,382.0,369.0,389.0,158.0,157.0,157.0
1601.0,364.0,397.0,378.0,158.0,156.0,148.0
1629.0,391.0,376.0,368.0,171.0,164.0,159.0
1774.0,416.0,398.0,416.0,194.0,171.0,179.0
1712.0,395.0,424.0,388.0,177.0,156.0,172.0
1652.0,359.0,402.0,392.0,166.0,160.0,173.0
1756.0,398.0,388.0,437.0,169.0,182.0,182.0
1792.0,419.0,406.0,433.0,169.0,189.0,176.0
1604.0,380.0,382.0,363.0,155.0,167.0,157.0
1706.0,406.0,418.0,377.0,168.0,175.0,162.0
1606.0,383.0,344.0,387.0,168.0,163.0,161.0
1820.0,400.0,418.0,452.0,200.0,179.0,171.0
1829.0,417.0,416.0,445.0,194.0,180.0,177.0
1635.0,395.0,382.0,384.0,162.0,151.0,161.0
1615.0,393.0,384.0,377.0,153.0,147.0,161.0
1591.0,371.0,388.0,351.0,153.0,160.0,168.0
1721.0,387.0,396.0,416.0,153.0,178.0,191.0
1805.0,455.0,382.0,413.0,176.0,190.0,189.0
1716.0,384.0,404.0,404.0,180.0,173.0,171.0
1687.0,368.0,400.0,403.0,180.0,168.0,168.0
1743.0,429.0,408.0,402.0,164.0,175.0,165.0
1460.0,355.0,356.0,302.0,151.0,146.0,150.0
1646.0,376.0,393.0,387.0,163.0,163.0,164.0
1709.0,407.0,408.0,400.0,169.0,164.0,161.0
1878.0,456.0,432.0,429.0,178.0,192.0,191.0
1765.0,421.0,407.0,420.0,169.0,174.0,174.0
1595.0,360.0,362.0,367.0,161.0,172.0,173.0
1604.0,407.0,351.0,356.0,161.0,162.0,167.0
1701.0,412.0,421.0,368.0,165.0,160.0,175.0
1677.0,371.0,401.0,400.0,167.0,164.0,174.0
1666.0,381.0,395.0,396.0,167.0,159.0,168.0
1722.0,399.0,389.0,426.0,165.0,168.0,175.0
1733.0,404.0,405.0,408.0,179.0,169.0,168.0
1656.0,371.0,411.0,368.0,173.0,170.0,163.0
1777.0,404.0,414.0,422.0,188.0,180.0,169.0
1563.0,379.0,375.0,345.0,154.0,158.0,152.0
1697.0,388.0,425.0,378.0,162.0,177.0,167.0
1610.0,382.0,344.0,378.0,169.0,163.0,174.0
1721.0,418.0,397.0,400.0,165.0,169.0,172.0
1809.0,430.0,429.0,425.0,170.0,177.0,178.0
1618.0,368.0,394.0,359.0,160.0,168.0,169.0
1822.0,428.0,416.0,435.0,186.0,184.0,173.0
1803.0,435.0,399.0,439.0,185.0,185.0,160.0
1801.0,393.0,446.0,461.0,172.0,171.0,158.0
1756.0,403.0,408.0,434.0,174.0,183.0,154.0
1794.0,442.0,415.0,425.0,166.0,179.0,167.0
1685.0,383.0,387.0,398.0,165.0,171.0,181.0
1891.0,412.0,443.0,458.0,191.0,191.0,196.0
1725.0,401.0,419.0,395.0,173.0,167.0,170.0
1657.0,386.0,394.0,390.0,164.0,160.0,163.0
1497.0,320.0,360.0,369.0,157.0,149.0,142.0
1567.0,371.0,362.0,352.0,156.0,162.0,164.0
1769.0,419.0,427.0,400.0,163.0,173.0,187.0
1722.0,400.0,405.0,400.0,176.0,175.0,166.0
1849.0,413.0,462.0,423.0,183.0,184.0,184.0
1785.0,423.0,410.0,423.0,174.0,178.0,177.0
1736.0,410.0,387.0,430.0,167.0,171.0,171.0
1737.0,384.0,402.0,422.0,175.0,177.0,177.0
1715.0,399.0,408.0,397.0,172.0,163.0,176.0
1825.0,434.0,407.0,424.0,190.0,175.0,195.0
1731.0,410.0,395.0,387.0,176.0,179.0,184.0
1760.0,406.0,398.0,423.0,182.0,185.0,166.0
1786.0,451.0,407.0,406.0,176.0,177.0,169.0
1843.0,412.0,438.0,445.0,182.0,187.0,179.0
1853.0,427.0,439.0,422.0,193.0,190.0,182.0
1859.0,442.0,436.0,432.0,186.0,179.0,184.0
1827.0,437.0,408.0,418.0,192.0,183.0,189.0
1785.0,417.0,421.0,432.0,166.0,172.0,177.0
1695.0,374.0,418.0,398.0,158.0,163.0,184.0
1826.0,454.0,420.0,424.0,168.0,176.0,184.0
1621.0,371.0,359.0,397.0,151.0,163.0,180.0
1675.0,386.0,392.0,388.0,163.0,182.0,164.0
1906.0,434.0,446.0,423.0,207.0,198.0,198.0
1850.0,458.0,426.0,433.0,179.0,172.0,182.0
1866.0,415.0,450.0,452.0,185.0,191.0,173.0
1845.0,432.0,419.0,445.0,194.0,180.0,175.0
1781.0,423.0,389.0,433.0,171.0,171.0,194.0
1715.0,422.0,407.0,378.0,169.0,169.0,170.0
1860.0,425.0,437.0,423.0,192.0,189.0,194.0
1810.0,382.0,417.0,443.0,188.0,194.0,186.0
1762.0,416.0,378.0,418.0,180.0,181.0,189.0
1928.0,453.0,421.0,454.0,205.0,196.0,199.0
1980.0,441.0,462.0,479.0,196.0,200.0,202.0
1768.0,428.0,417.0,412.0,166.0,174.0,171.0
1853.0,446.0,445.0,428.0,173.0,185.0,176.0
1811.0,417.0,445.0,416.0,184.0,178.0,171.0
1800.0,412.0,427.0,432.0,177.0,175.0,177.0
1819.0,446.0,426.0,412.0,186.0,176.0,173.0
1971.0,463.0,451.0,471.0,202.0,182.0,202.0
2027.0,456.0,465.0,472.0,207.0,222.0,205.0
1961.0,491.0,441.0,450.0,178.0,200.0,201.0
1888.0,443.0,447.0,414.0,187.0,190.0,207.0
1816.0,397.0,442.0,433.0,186.0,181.0,177.0
1960.0,449.0,461.0,464.0,195.0,193.0,198.0
1843.0,453.0,422.0,434.0,188.0,173.0,173.0
2035.0,464.0,458.0,497.0,209.0,208.0,199.0
2041.0,495.0,454.0,469.0,212.0,204.0,207.0
1848.0,429.0,428.0,428.0,176.0,193.0,194.0
1818.0,440.0,432.0,406.0,179.0,184.0,177.0
1933.0,441.0,446.0,447.0,195.0,210.0,194.0
1847.0,431.0,417.0,441.0,181.0,189.0,188.0
1954.0,481.0,452.0,453.0,193.0,189.0,186.0
1970.0,429.0,490.0,457.0,191.0,192.0,211.0
1806.0,425.0,431.0,415.0,183.0,169.0,183.0
1785.0,434.0,415.0,402.0,171.0,174.0,189.0
1774.0,411.0,398.0,447.0,171.0,176.0,171.0
1777.0,417.0,390.0,431.0,181.0,183.0,175.0
1747.0,423.0,427.0,396.0,162.0,172.0,167.0
1719.0,421.0,410.0,381.0,165.0,173.0,169.0
1780.0,434.0,410.0,386.0,189.0,187.0,174.0
1916.0,460.0,430.0,445.0,202.0,192.0,187.0
1847.0,454.0,414.0,413.0,201.0,179.0,186.0
1595.0,373.0,367.0,378.0,161.0,158.0,158.0
1802.0,408.0,428.0,441.0,172.0,178.0,175.0
1949.0,453.0,476.0,458.0,181.0,195.0,186.0
1951.0,473.0,453.0,443.0,190.0,202.0,190.0
1946.0,451.0,480.0,428.0,194.0,196.0,197.0
1945.0,450.0,457.0,464.0,196.0,195.0,183.0
1920.0,460.0,447.0,441.0,194.0,190.0,188.0
1796.0,421.0,422.0,405.0,184.0,188.0,176.0
1990.0,442.0,464.0,487.0,204.0,192.0,201.0
1795.0,416.0,405.0,420.0,184.0,178.0,192.0
1805.0,422.0,428.0,409.0,185.0,180.0,181.0
1868.0,444.0,453.0,413.0,182.0,183.0,193.0
2004.0,453.0,476.0,461.0,206.0,201.0,207.0
1938.0,471.0,429.0,464.0,187.0,197.0,190.0
1921.0,436.0,441.0,456.0,200.0,196.0,192.0
1835.0,395.0,428.0,451.0,192.0,186.0,183.0
1841.0,420.0,436.0,437.0,186.0,182.0,180.0
1915.0,484.0,434.0,420.0,187.0,193.0,197.0
2071.0,496.0,500.0,474.0,206.0,200.0,195.0
2116.0,486.0,516.0,500.0,209.0,195.0,210.0
1934.0,445.0,461.0,453.0,189.0,193.0,193.0
1909.0,438.0,454.0,452.0,199.0,182.0,184.0
1874.0,420.0,435.0,452.0,190.0,192.0,185.0
1986.0,469.0,465.0,446.0,205.0,200.0,201.0
1928.0,433.0,470.0,448.0,188.0,200.0,189.0
1953.0,440.0,480.0,447.0,192.0,203.0,191.0
2014.0,461.0,474.0,484.0,201.0,194.0,200.0
2017.0,498.0,446.0,487.0,202.0,188.0,196.0
1747.0,414.0,395.0,424.0,178.0,166.0,170.0
1874.0,434.0,440.0,425.0,192.0,187.0,196.0
1921.0,434.0,470.0,433.0,193.0,190.0,201.0
1930.0,459.0,440.0,448.0,192.0,191.0,200.0
2013.0,426.0,469.0,498.0,204.0,207.0,209.0
2148.0,494.0,508.0,509.0,205.0,218.0,214.0
2063.0,494.0,479.0,482.0,196.0,204.0,208.0
1983.0,478.0,472.0,453.0,191.0,189.0,200.0
1851.0,426.0,429.0,426.0,193.0,184.0,193.0
1961.0,472.0,453.0,445.0,199.0,195.0,197.0
1959.0,459.0,447.0,473.0,202.0,187.0,191.0
1901.0,413.0,465.0,459.0,189.0,186.0,189.0
1978.0,447.0,479.0,457.0,195.0,202.0,198.0
1777.0,426.0,398.0,406.0,179.0,184.0,184.0
1943.0,477.0,422.0,453.0,189.0,206.0,196.0
1903.0,430.0,466.0,433.0,186.0,193.0,195.0
2127.0,479.0,508.0,503.0,217.0,212.0,208.0
2087.0,490.0,478.0,502.0,218.0,197.0,202.0
2188.0,504.0,512.0,525.0,228.0,205.0,214.0
2016.0,469.0,466.0,475.0,216.0,190.0,200.0
2175.0,527.0,504.0,515.0,204.0,210.0,215.0
1861.0,421.0,444.0,432.0,185.0,190.0,189.0
1982.0,445.0,471.0,473.0,186.0,206.0,201.0
1987.0,477.0,444.0,475.0,192.0,207.0,192.0
1992.0,451.0,449.0,485.0,209.0,195.0,203.0
2209.0,504.0,519.0,528.0,217.0,213.0,228.0
2087.0,489.0,493.0,474.0,213.0,206.0,212.0
2023.0,480.0,478.0,480.0,193.0,196.0,196.0
2008.0,467.0,465.0,482.0,198.0,192.0,204.0
1803.0,411.0,418.0,443.0,176.0,169.0,186.0
1973.0,473.0,461.0,449.0,202.0,197.0,191.0
2118.0,497.0,504.0,501.0,200.0,216.0,200.0
1914.0,440.0,452.0,426.0,196.0,204.0,196.0
2090.0,485.0,472.0,505.0,209.0,212.0,207.0
1867.0,458.0,411.0,431.0,180.0,190.0,197.0
2046.0,467.0,472.0,501.0,211.0,187.0,208.0
2005.0,448.0,463.0,492.0,191.0,210.0,201.0
1926.0,451.0,464.0,440.0,189.0,187.0,195.0
1952.0,472.0,431.0,454.0,194.0,196.0,205.0
2007.0,467.0,467.0,471.0,200.0,208.0,194.0
2035.0,474.0,469.0,475.0,211.0,214.0,192.0
2085.0,476.0,488.0,499.0,205.0,212.0,205.0
2108.0,510.0,480.0,489.0,205.0,206.0,218.0
1687.0,403.0,387.0,384.0,169.0,173.0,171.0
1934.0,438.0,456.0,459.0,189.0,186.0,206.0
2112.0,506.0,483.0,470.0,208.0,217.0,228.0
2155.0,507.0,535.0,473.0,216.0,206.0,218.0
2040.0,464.0,472.0,476.0,214.0,214.0,200.0
1935.0,449.0,432.0,466.0,196.0,202.0,190.0
1988.0,463.0,460.0,467.0,201.0,207.0,190.0
1922.0,453.0,462.0,443.0,184.0,199.0,181.0
2032.0,478.0,485.0,470.0,199.0,210.0,190.0
2088.0,527.0,478.0,477.0,198.0,203.0,205.0
2010.0,469.0,451.0,487.0,198.0,199.0,206.0
2126.0,486.0,511.0,501.0,208.0,211.0,209.0
1911.0,463.0,424.0,460.0,194.0,178.0,192.0
2103.0,491.0,502.0,489.0,206.0,202.0,213.0
1830.0,426.0,413.0,418.0,204.0,187.0,182.0
2008.0,478.0,461.0,457.0,204.0,206.0,202.0
2090.0,522.0,486.0,478.0,202.0,193.0,209.0
2164.0,506.0,501.0,507.0,216.0,227.0,207.0
2114.0,481.0,504.0,505.0,213.0,212.0,199.0
2060.0,479.0,481.0,477.0,215.0,202.0,206.0
2046.0,496.0,459.0,469.0,213.0,203.0,206.0
2050.0,454.0,502.0,458.0,221.0,203.0,212.0
2153.0,486.0,518.0,500.0,213.0,217.0,219.0
2107.0,491.0,512.0,482.0,195.0,212.0,215.0
2134.0,501.0,469.0,511.0,211.0,228.0,214.0
2178.0,505.0,499.0,515.0,213.0,220.0,226.0
2015.0,483.0,467.0,470.0,197.0,202.0,196.0
2040.0,498.0,491.0,450.0,211.0,202.0,188.0
2023.0,451.0,504.0,470.0,208.0,192.0,198.0
2088.0,489.0,494.0,495.0,205.0,205.0,200.0
2110.0,498.0,487.0,509.0,207.0,201.0,208.0
2173.0,509.0,515.0,512.0,215.0,207.0,215.0
2156.0,493.0,511.0,506.0,211.0,220.0,215.0
2017.0,485.0,464.0,466.0,189.0,209.0,204.0
2182.0,513.0,498.0,488.0,222.0,231.0,230.0
2024.0,472.0,453.0,465.0,211.0,215.0,208.0
2278.0,532.0,542.0,521.0,229.0,232.0,222.0
2099.0,478.0,506.0,501.0,202.0,205.0,207.0
2233.0,514.0,527.0,536.0,224.0,221.0,211.0
2107.0,491.0,490.0,507.0,207.0,208.0,204.0
2122.0,495.0,488.0,497.0,218.0,216.0,208.0
2117.0,517.0,496.0,470.0,202.0,215.0,217.0
2112.0,471.0,499.0,510.0,217.0,207.0,208.0
2098.0,468.0,490.0,509.0,217.0,209.0,205.0
2165.0,507.0,497.0,506.0,217.0,213.0,225.0
2102.0,494.0,467.0,487.0,215.0,217.0,222.0
2231.0,534.0,530.0,509.0,214.0,221.0,223.0
2076.0,494.0,501.0,465.0,206.0,200.0,210.0
1968.0,470.0,463.0,460.0,194.0,187.0,194.0
2076.0,491.0,459.0,498.0,213.0,210.0,205.0
2140.0,501.0,488.0,509.0,224.0,215.0,203.0
2248.0,544.0,518.0,519.0,221.0,221.0,225.0
2125.0,484.0,516.0,474.0,221.0,216.0,214.0
2062.0,486.0,492.0,459.0,201.0,218.0,206.0
1952.0,465.0,452.0,451.0,179.0,205.0,200.0
2058.0,494.0,486.0,486.0,191.0,196.0,205.0
2189.0,489.0,530.0,521.0,210.0,211.0,228.0
2081.0,482.0,513.0,464.0,215.0,197.0,210.0
2148.0,521.0,502.0,480.0,227.0,213.0,205.0
2056.0,482.0,466.0,478.0,216.0,212.0,202.0
2046.0,465.0,467.0,489.0,214.0,204.0,207.0
2291.0,538.0,535.0,539.0,228.0,231.0,220.0
1896.0,435.0,446.0,458.0,185.0,185.0,187.0
2075.0,480.0,494.0,482.0,202.0,216.0,201.0
2116.0,481.0,485.0,494.0,222.0,216.0,218.0
2178.0,528.0,496.0,495.0,217.0,214.0,228.0
2283.0,531.0,521.0,533.0,234.0,228.0,236.0
2279.0,511.0,569.0,538.0,224.0,207.0,230.0
2186.0,503.0,498.0,557.0,211.0,214.0,203.0
2135.0,494.0,499.0,502.0,215.0,218.0,207.0
2053.0,468.0,481.0,517.0,192.0,201.0,194.0
2203.0,499.0,548.0,491.0,220.0,229.0,216.0
2176.0,524.0,511.0,492.0,215.0,220.0,214.0
2116.0,483.0,472.0,501.0,227.0,212.0,221.0
2314.0,528.0,516.0,565.0,248.0,230.0,227.0
2165.0,505.0,489.0,516.0,224.0,212.0,219.0
2064.0,473.0,489.0,481.0,210.0,200.0,211.0
2064.0,480.0,501.0,461.0,207.0,206.0,209.0
2127.0,505.0,491.0,483.0,216.0,212.0,220.0
2197.0,511.0,524.0,513.0,219.0,220.0,210.0
2107.0,486.0,504.0,481.0,214.0,213.0,209.0
2099.0,465.0,515.0,490.0,218.0,215.0,196.0
2205.0,517.0,493.0,515.0,234.0,222.0,224.0
2143.0,492.0,506.0,514.0,212.0,209.0,210.0
2138.0,485.0,483.0,510.0,219.0,216.0,225.0
2357.0,551.0,558.0,545.0,230.0,234.0,239.0
2286.0,566.0,533.0,532.0,213.0,221.0,221.0
2382.0,555.0,545.0,571.0,235.0,231.0,245.0
2091.0,489.0,467.0,502.0,209.0,219.0,205.0
2111.0,511.0,491.0,478.0,212.0,216.0,203.0
2220.0,538.0,516.0,495.0,230.0,228.0,213.0
2244.0,502.0,554.0,509.0,231.0,230.0,218.0
2358.0,546.0,549.0,556.0,241.0,242.0,224.0
2312.0,557.0,533.0,542.0,229.0,220.0,231.0
2216.0,519.0,507.0,541.0,216.0,214.0,219.0
2219.0,507.0,535.0,513.0,221.0,215.0,228.0
2084.0,494.0,500.0,471.0,201.0,205.0,213.0
2248.0,531.0,515.0,519.0,226.0,220.0,237.0
2146.0,481.0,496.0,489.0,217.0,230.0,233.0
2179.0,478.0,515.0,525.0,218.0,227.0,216.0
2232.0,519.0,520.0,537.0,209.0,224.0,223.0
2392.0,555.0,566.0,569.0,239.0,236.0,227.0
2241.0,531.0,516.0,519.0,228.0,224.0,223.0
2278.0,561.0,526.0,506.0,240.0,234.0,211.0
2150.0,511.0,487.0,507.0,224.0,210.0,211.0
2182.0,507.0,505.0,512.0,225.0,215.0,218.0
2365.0,547.0,537.0,569.0,238.0,235.0,239.0
2338.0,540.0,546.0,542.0,235.0,234.0,241.0
2283.0,518.0,531.0,538.0,221.0,234.0,241.0
2206.0,514.0,529.0,506.0,214.0,226.0,217.0
2276.0,522.0,542.0,544.0,221.0,222.0,225.0
2212.0,522.0,532.0,505.0,224.0,219.0,210.0
2115.0,492.0,482.0,511.0,225.0,206.0,199.0
2260.0,504.0,508.0,567.0,232.0,225.0,224.0
2381.0,565.0,526.0,576.0,249.0,239.0,226.0
2402.0,567.0,568.0,547.0,232.0,254.0,234.0
2263.0,526.0,529.0,522.0,216.0,239.0,231.0
2406.0,572.0,550.0,568.0,230.0,237.0,249.0
2243.0,533.0,503.0,533.0,219.0,223.0,232.0
2429.0,567.0,561.0,586.0,231.0,238.0,246.0
2231.0,519.0,527.0,519.0,227.0,218.0,221.0
2328.0,565.0,538.0,541.0,237.0,221.0,226.0
2221.0,511.0,541.0,495.0,230.0,212.0,232.0
2289.0,524.0,547.0,516.0,226.0,238.0,238.0
2132.0,507.0,496.0,500.0,206.0,206.0,217.0
2179.0,506.0,507.0,527.0,208.0,218.0,213.0
2371.0,531.0,566.0,556.0,233.0,242.0,243.0
2276.0,524.0,512.0,541.0,230.0,220.0,249.0
2357.0,535.0,553.0,557.0,234.0,234.0,244.0
2303.0,538.0,539.0,531.0,229.0,227.0,239.0
2272.0,505.0,543.0,535.0,234.0,224.0,231.0
2318.0,542.0,562.0,528.0,235.0,225.0,226.0
2324.0,562.0,545.0,540.0,226.0,234.0,217.0
2146.0,493.0,508.0,498.0,219.0,223.0,205.0
2260.0,525.0,531.0,518.0,221.0,233.0,232.0
2378.0,582.0,548.0,530.0,241.0,244.0,233.0
2274.0,528.0,545.0,520.0,242.0,223.0,216.0
2285.0,532.0,518.0,555.0,227.0,225.0,228.0
2251.0,534.0,516.0,538.0,220.0,212.0,231.0
2251.0,539.0,499.0,539.0,217.0,225.0,232.0
2223.0,502.0,523.0,536.0,214.0,223.0,225.0
2231.0,526.0,512.0,514.0,218.0,226.0,235.0
2457.0,588.0,556.0,570.0,254.0,253.0,236.0
2289.0,525.0,526.0,554.0,227.0,235.0,222.0
2257.0,528.0,509.0,533.0,230.0,235.0,222.0
2380.0,586.0,556.0,526.0,234.0,252.0,226.0
2195.0,498.0,505.0,533.0,218.0,222.0,219.0
2246.0,515.0,493.0,554.0,229.0,224.0,231.0
2139.0,519.0,501.0,489.0,205.0,221.0,204.0
2415.0,561.0,582.0,573.0,233.0,231.0,235.0
2460.0,580.0,574.0,551.0,258.0,244.0,253.0
2332.0,516.0,549.0,565.0,233.0,250.0,219.0
2266.0,542.0,514.0,529.0,240.0,222.0,219.0
2452.0,585.0,568.0,551.0,247.0,245.0,256.0
2183.0,501.0,549.0,486.0,203.0,227.0,217.0
2401.0,567.0,559.0,560.0,235.0,244.0,236.0
2308.0,533.0,544.0,560.0,228.0,215.0,228.0
2377.0,545.0,534.0,589.0,242.0,230.0,237.0
2390.0,565.0,535.0,560.0,246.0,242.0,242.0
2398.0,563.0,568.0,554.0,239.0,232.0,242.0
2327.0,549.0,540.0,525.0,235.0,240.0,238.0
2385.0,546.0,557.0,547.0,239.0,249.0,247.0
2474.0,584.0,558.0,591.0,248.0,249.0,244.0
2477.0,569.0,570.0,599.0,244.0,250.0,245.0
2276.0,515.0,535.0,538.0,225.0,236.0,227.0
2399.0,564.0,574.0,548.0,250.0,239.0,224.0
2240.0,540.0,510.0,510.0,224.0,227.0,229.0
2369.0,566.0,535.0,545.0,246.0,230.0,247.0
2276.0,519.0,532.0,522.0,239.0,228.0,236.0
2499.0,584.0,561.0,602.0,251.0,252.0,249.0
2447.0,583.0,557.0,579.0,236.0,247.0,245.0
2425.0,566.0,551.0,569.0,240.0,245.0,254.0
2266.0,533.0,491.0,548.0,225.0,235.0,234.0
2480.0,569.0,598.0,575.0,257.0,247.0,234.0
2472.0,553.0,597.0,597.0,242.0,246.0,237.0
2486.0,554.0,595.0,592.0,257.0,244.0,244.0
2464.0,587.0,580.0,576.0,242.0,237.0,242.0
2329.0,579.0,506.0,555.0,235.0,221.0,233.0
2378.0,548.0,568.0,528.0,240.0,245.0,249.0
2534.0,585.0,592.0,575.0,258.0,254.0,270.0
2294.0,548.0,535.0,517.0,230.0,232.0,232.0
2508.0,589.0,575.0,581.0,259.0,248.0,256.0
2332.0,523.0,519.0,579.0,239.0,236.0,236.0
2386.0,571.0,565.0,541.0,239.0,231.0,239.0
2380.0,570.0,579.0,549.0,227.0,231.0,224.0
2392.0,535.0,584.0,551.0,241.0,245.0,236.0
2365.0,547.0,554.0,550.0,237.0,239.0,238.0
2407.0,568.0,546.0,579.0,238.0,236.0,240.0
2333.0,556.0,529.0,553.0,234.0,234.0,227.0
2395.0,541.0,564.0,573.0,236.0,245.0,236.0
2305.0,529.0,551.0,527.0,233.0,236.0,229.0
2467.0,590.0,571.0,570.0,233.0,253.0,250.0
2461.0,574.0,587.0,556.0,243.0,244.0,257.0
2212.0,511.0,532.0,503.0,222.0,221.0,223.0
2274.0,536.0,531.0,531.0,230.0,219.0,227.0
2468.0,593.0,578.0,574.0,250.0,237.0,236.0
2435.0,550.0,572.0,576.0,253.0,254.0,230.0
2442.0,569.0,558.0,564.0,263.0,241.0,247.0
2437.0,555.0,584.0,567.0,243.0,253.0,235.0
2426.0,561.0,583.0,549.0,247.0,248.0,238.0
2503.0,580.0,572.0,590.0,252.0,255.0,254.0
2572.0,615.0,595.0,604.0,246.0,255.0,257.0
2496.0,592.0,579.0,590.0,240.0,239.0,256.0
2354.0,549.0,549.0,552.0,233.0,227.0,244.0
2411.0,565.0,572.0,560.0,240.0,237.0,237.0
2548.0,615.0,605.0,573.0,256.0,248.0,251.0
2523.0,582.0,580.0,611.0,248.0,258.0,244.0
2414.0,565.0,564.0,569.0,240.0,240.0,236.0
2359.0,554.0,551.0,564.0,219.0,246.0,225.0
2191.0,505.0,514.0,503.0,215.0,220.0,234.0
2397.0,557.0,557.0,552.0,238.0,237.0,256.0
2484.0,604.0,539.0,568.0,258.0,250.0,265.0
2567.0,602.0,601.0,596.0,263.0,249.0,256.0
2568.0,587.0,625.0,592.0,245.0,259.0,260.0
2525.0,561.0,597.0,612.0,258.0,246.0,251.0
2282.0,539.0,524.0,535.0,219.0,232.0,233.0
2555.0,610.0,581.0,597.0,249.0,263.0,255.0
2356.0,535.0,562.0,522.0,240.0,250.0,247.0
2406.0,554.0,597.0,548.0,235.0,239.0,233.0
2442.0,558.0,585.0,583.0,241.0,232.0,243.0
2439.0,559.0,565.0,576.0,254.0,236.0,249.0
2355.0,532.0,540.0,550.0,244.0,244.0,245.0
2305.0,539.0,544.0,534.0,235.0,224.0,229.0
2435.0,553.0,607.0,546.0,239.0,236.0,254.0
2558.0,603.0,594.0,586.0,251.0,266.0,258.0
2589.0,616.0,592.0,606.0,257.0,263.0,255.0
2550.0,586.0,579.0,616.0,246.0,263.0,260.0
2613.0,600.0,613.0,610.0,267.0,265.0,258.0
2507.0,562.0,599.0,590.0,251.0,247.0,258.0
2486.0,579.0,610.0,544.0,267.0,242.0,244.0
2410.0,556.0,569.0,567.0,241.0,234.0,243.0
2465.0,579.0,547.0,595.0,244.0,248.0,252.0
2427.0,564.0,553.0,560.0,245.0,246.0,259.0
2467.0,590.0,580.0,577.0,236.0,243.0,241.0
2465.0,579.0,584.0,563.0,249.0,243.0,247.0
2460.0,586.0,573.0,553.0,259.0,254.0,235.0
2500.0,574.0,567.0,594.0,259.0,256.0,250.0
2552.0,619.0,590.0,595.0,255.0,251.0,242.0
2595.0,613.0,607.0,611.0,260.0,250.0,254.0
2524.0,601.0,584.0,591.0,245.0,251.0,252.0
2442.0,609.0,552.0,571.0,236.0,239.0,235.0
2528.0,592.0,598.0,577.0,262.0,245.0,254.0
2546.0,600.0,588.0,593.0,250.0,258.0,257.0
2451.0,559.0,586.0,570.0,246.0,244.0,246.0
2460.0,586.0,564.0,576.0,245.0,245.0,244.0
2475.0,569.0,556.0,587.0,247.0,254.0,262.0
2638.0,614.0,620.0,608.0,265.0,269.0,262.0
2603.0,643.0,604.0,597.0,251.0,255.0,253.0
2450.0,566.0,592.0,574.0,239.0,236.0,243.0
2484.0,583.0,591.0,550.0,261.0,253.0,246.0
2404.0,571.0,548.0,569.0,246.0,233.0,237.0
2562.0,588.0,582.0,610.0,256.0,266.0,260.0
2628.0,610.0,631.0,588.0,267.0,271.0,261.0
2703.0,637.0,628.0,626.0,267.0,275.0,270.0
2616.0,624.0,621.0,575.0,253.0,262.0,281.0
2730.0,607.0,643.0,642.0,275.0,279.0,284.0
2511.0,586.0,586.0,607.0,243.0,243.0,246.0
2505.0,588.0,597.0,577.0,250.0,242.0,251.0
2397.0,552.0,577.0,560.0,255.0,225.0,228.0
2634.0,611.0,630.0,612.0,267.0,263.0,251.0
2543.0,600.0,591.0,574.0,272.0,255.0,251.0
2653.0,622.0,621.0,590.0,276.0,282.0,262.0
2737.0,656.0,644.0,628.0,266.0,268.0,275.0
2362.0,522.0,581.0,544.0,235.0,241.0,239.0
2687.0,608.0,638.0,636.0,258.0,272.0,275.0
2623.0,604.0,619.0,599.0,270.0,257.0,274.0
2674.0,628.0,616.0,627.0,274.0,260.0,269.0
2766.0,639.0,673.0,626.0,281.0,271.0,276.0
2662.0,631.0,629.0,597.0,269.0,275.0,261.0
2766.0,638.0,650.0,641.0,276.0,286.0,275.0
2560.0,582.0,595.0,622.0,251.0,259.0,251.0
2488.0,581.0,578.0,584.0,243.0,257.0,245.0
2513.0,576.0,600.0,590.0,253.0,246.0,248.0
2558.0,588.0,611.0,586.0,252.0,257.0,264.0
2561.0,616.0,591.0,585.0,251.0,253.0,265.0
2768.0,637.0,627.0,659.0,288.0,268.0,289.0
2505.0,589.0,579.0,592.0,246.0,251.0,248.0
2558.0,581.0,628.0,583.0,244.0,260.0,262.0
2591.0,607.0,608.0,618.0,248.0,255.0,255.0
2495.0,582.0,580.0,589.0,247.0,255.0,242.0
2449.0,558.0,574.0,568.0,250.0,258.0,241.0
2526.0,574.0,607.0,583.0,264.0,254.0,244.0
2513.0,589.0,581.0,594.0,259.0,250.0,240.0
2643.0,599.0,633.0,623.0,267.0,264.0,257.0
2773.0,647.0,657.0,652.0,274.0,269.0,274.0
2637.0,626.0,609.0,616.0,259.0,257.0,270.0
2499.0,602.0,590.0,564.0,245.0,242.0,256.0
2633.0,599.0,637.0,604.0,259.0,267.0,267.0
2582.0,599.0,596.0,617.0,256.0,253.0,261.0
2912.0,682.0,661.0,697.0,295.0,287.0,290.0
2711.0,625.0,638.0,635.0,279.0,275.0,259.0
2567.0,590.0,618.0,587.0,261.0,262.0,249.0
2628.0,641.0,608.0,610.0,264.0,255.0,250.0
2588.0,623.0,600.0,599.0,250.0,261.0,255.0
2611.0,610.0,608.0,606.0,258.0,263.0,266.0
2873.0,682.0,644.0,679.0,286.0,285.0,297.0
2661.0,633.0,610.0,608.0,268.0,268.0,274.0
2770.0,640.0,635.0,644.0,283.0,287.0,281.0
2690.0,616.0,643.0,609.0,271.0,271.0,280.0
2589.0,625.0,599.0,575.0,264.0,260.0,266.0
2507.0,590.0,552.0,609.0,252.0,251.0,253.0
2577.0,603.0,622.0,608.0,239.0,244.0,261.0
2638.0,621.0,628.0,616.0,255.0,257.0,261.0
2736.0,659.0,627.0,628.0,266.0,276.0,280.0
2671.0,614.0,606.0,618.0,287.0,272.0,274.0
2550.0,587.0,604.0,577.0,261.0,264.0,257.0
2568.0,595.0,596.0,605.0,251.0,256.0,265.0
2576.0,600.0,609.0,602.0,246.0,261.0,258.0
2608.0,589.0,593.0,630.0,263.0,271.0,262.0
2570.0,608.0,566.0,618.0,253.0,266.0,259.0
2707.0,640.0,640.0,615.0,269.0,275.0,268.0
2769.0,645.0,647.0,634.0,288.0,271.0,284.0
2603.0,599.0,617.0,591.0,275.0,265.0,256.0
2623.0,625.0,606.0,610.0,263.0,256.0,263.0
2743.0,655.0,633.0,645.0,274.0,263.0,273.0
2723.0,611.0,625.0,656.0,277.0,271.0,283.0
2654.0,614.0,632.0,619.0,260.0,264.0,265.0
2816.0,656.0,678.0,641.0,275.0,281.0,285.0
2618.0,614.0,613.0,597.0,256.0,262.0,276.0
2588.0,598.0,587.0,609.0,257.0,278.0,259.0
2668.0,626.0,630.0,630.0,267.0,260.0,255.0
2612.0,599.0,607.0,632.0,269.0,257.0,248.0
2588.0,596.0,612.0,602.0,265.0,260.0,253.0
2732.0,635.0,647.0,646.0,268.0,273.0,263.0
2715.0,646.0,618.0,642.0,262.0,285.0,262.0
2639.0,619.0,605.0,602.0,267.0,274.0,272.0
2708.0,608.0,658.0,636.0,265.0,274.0,267.0
2850.0,649.0,665.0,673.0,282.0,291.0,290.0
2675.0,636.0,628.0,611.0,272.0,266.0,262.0
2648.0,619.0,610.0,613.0,271.0,261.0,274.0
2693.0,642.0,652.0,605.0,267.0,267.0,260.0
2737.0,673.0,635.0,627.0,274.0,268.0,260.0
2861.0,661.0,672.0,674.0,287.0,280.0,287.0
2737.0,645.0,628.0,647.0,275.0,271.0,271.0
2577.0,607.0,597.0,608.0,258.0,263.0,244.0
2652.0,628.0,602.0,624.0,275.0,267.0,256.0
2676.0,612.0,645.0,612.0,272.0,268.0,267.0
2626.0,615.0,610.0,607.0,262.0,263.0,269.0
2790.0,662.0,621.0,658.0,281.0,277.0,291.0
2791.0,648.0,651.0,652.0,278.0,277.0,285.0
2599.0,604.0,592.0,628.0,256.0,268.0,251.0
2645.0,631.0,634.0,601.0,253.0,265.0,261.0
2711.0,660.0,622.0,615.0,271.0,279.0,264.0
2750.0,627.0,644.0,644.0,275.0,293.0,267.0
2813.0,639.0,661.0,681.0,284.0,274.0,274.0
2584.0,602.0,644.0,566.0,257.0,263.0,252.0
2729.0,634.0,616.0,659.0,266.0,275.0,279.0
2683.0,630.0,626.0,625.0,263.0,262.0,277.0
2763.0,653.0,655.0,634.0,263.0,276.0,282.0
2657.0,643.0,600.0,621.0,265.0,256.0,272.0
2806.0,659.0,664.0,636.0,284.0,283.0,280.0
2892.0,670.0,680.0,673.0,296.0,284.0,289.0
2711.0,634.0,617.0,646.0,283.0,270.0,261.0
2793.0,639.0,662.0,648.0,277.0,278.0,289.0
2770.0,642.0,651.0,633.0,276.0,283.0,285.0
2768.0,656.0,652.0,636.0,271.0,276.0,277.0
2577.0,590.0,636.0,584.0,259.0,251.0,257.0
2720.0,618.0,628.0,646.0,274.0,266.0,288.0
2755.0,639.0,630.0,661.0,271.0,269.0,285.0
2773.0,656.0,638.0,642.0,274.0,272.0,291.0
2890.0,656.0,700.0,667.0,289.0,285.0,293.0
2776.0,649.0,655.0,632.0,276.0,280.0,284.0
2728.0,644.0,618.0,638.0,276.0,277.0,275.0
2656.0,624.0,619.0,621.0,261.0,273.0,258.0
2785.0,652.0,641.0,665.0,275.0,282.0,270.0
2714.0,626.0,631.0,646.0,283.0,265.0,263.0
2637.0,616.0,613.0,622.0,265.0,257.0,264.0
2663.0,629.0,615.0,618.0,272.0,267.0,262.0
2819.0,659.0,633.0,672.0,287.0,275.0,293.0
2799.0,665.0,649.0,644.0,271.0,283.0,287.0
2705.0,628.0,622.0,645.0,267.0,272.0,271.0
2795.0,638.0,652.0,667.0,271.0,282.0,285.0
2714.0,638.0,612.0,644.0,273.0,268.0,279.0
2744.0,649.0,624.0,649.0,274.0,275.0,273.0
2843.0,654.0,686.0,652.0,301.0,278.0,272.0
2785.0,632.0,660.0,663.0,275.0,278.0,277.0
2748.0,637.0,647.0,648.0,273.0,272.0,271.0
2649.0,606.0,631.0,625.0,270.0,255.0,262.0
2782.0,632.0,657.0,662.0,281.0,270.0,280.0
2784.0,666.0,659.0,634.0,274.0,273.0,278.0
2937.0,692.0,699.0,648.0,290.0,304.0,304.0
2945.0,683.0,699.0,684.0,298.0,289.0,292.0
2718.0,627.0,622.0,635.0,277.0,283.0,274.0
2808.0,652.0,667.0,660.0,274.0,286.0,269.0
2798.0,670.0,653.0,650.0,276.0,279.0,270.0
2677.0,627.0,624.0,612.0,264.0,269.0,281.0
2871.0,653.0,713.0,657.0,283.0,286.0,279.0
2833.0,687.0,642.0,664.0,281.0,269.0,290.0
2701.0,620.0,636.0,627.0,273.0,270.0,275.0
2839.0,634.0,665.0,659.0,286.0,306.0,289.0
2865.0,670.0,677.0,655.0,289.0,283.0,291.0
2846.0,664.0,655.0,669.0,288.0,283.0,287.0
2854.0,674.0,653.0,670.0,290.0,279.0,288.0
2725.0,647.0,629.0,649.0,260.0,263.0,277.0
2927.0,668.0,723.0,668.0,296.0,278.0,294.0
2835.0,645.0,676.0,676.0,276.0,290.0,272.0
2814.0,651.0,657.0,653.0,285.0,288.0,280.0
2868.0,671.0,658.0,679.0,289.0,289.0,282.0
2860.0,661.0,663.0,663.0,290.0,294.0,289.0
2880.0,660.0,694.0,672.0,282.0,285.0,287.0
2952.0,691.0,698.0,671.0,292.0,294.0,306.0
2855.0,672.0,661.0,663.0,280.0,286.0,293.0
2828.0,668.0,650.0,668.0,278.0,278.0,286.0
2827.0,649.0,653.0,659.0,298.0,276.0,292.0
2885.0,668.0,695.0,664.0,287.0,285.0,286.0
2640.0,612.0,640.0,595.0,276.0,261.0,256.0
2847.0,658.0,673.0,650.0,298.0,289.0,279.0
2820.0,660.0,670.0,641.0,286.0,295.0,268.0
2890.0,680.0,659.0,695.0,279.0,282.0,295.0
2944.0,661.0,708.0,701.0,294.0,297.0,283.0
2742.0,623.0,653.0,653.0,277.0,265.0,271.0
2850.0,662.0,654.0,655.0,284.0,298.0,297.0
2776.0,648.0,635.0,644.0,286.0,279.0,284.0
3001.0,694.0,702.0,681.0,313.0,301.0,310.0
2838.0,642.0,674.0,662.0,297.0,288.0,275.0
2919.0,692.0,692.0,660.0,288.0,293.0,294.0
2873.0,694.0,674.0,654.0,279.0,286.0,286.0
2794.0,650.0,645.0,650.0,272.0,292.0,285.0
2868.0,667.0,683.0,654.0,286.0,292.0,286.0
2823.0,656.0,669.0,649.0,291.0,285.0,273.0
2865.0,638.0,685.0,682.0,295.0,279.0,286.0
2849.0,658.0,654.0,674.0,292.0,285.0,286.0
3093.0,721.0,715.0,752.0,297.0,299.0,309.0
2913.0,681.0,701.0,670.0,291.0,277.0,293.0
2959.0,674.0,705.0,700.0,281.0,301.0,298.0
2893.0,684.0,687.0,658.0,290.0,284.0,290.0
2867.0,689.0,662.0,668.0,286.0,287.0,275.0
2871.0,676.0,650.0,692.0,288.0,287.0,278.0
2924.0,664.0,685.0,700.0,299.0,295.0,281.0
2877.0,676.0,690.0,666.0,284.0,278.0,283.0
2974.0,695.0,707.0,686.0,293.0,298.0,295.0
2928.0,651.0,687.0,699.0,290.0,298.0,303.0
2953.0,696.0,680.0,693.0,285.0,296.0,303.0
2912.0,683.0,666.0,672.0,292.0,303.0,296.0
2873.0,650.0,674.0,679.0,290.0,290.0,290.0
2906.0,662.0,686.0,685.0,293.0,288.0,292.0
2939.0,693.0,683.0,667.0,305.0,301.0,290.0
3084.0,704.0,732.0,716.0,321.0,312.0,299.0
2822.0,664.0,674.0,642.0,281.0,285.0,276.0
2744.0,641.0,640.0,652.0,271.0,262.0,278.0
2957.0,685.0,675.0,724.0,286.0,291.0,296.0
2875.0,658.0,668.0,692.0,290.0,277.0,290.0
2891.0,692.0,668.0,664.0,294.0,284.0,289.0
2886.0,657.0,670.0,653.0,305.0,301.0,300.0
2911.0,667.0,686.0,666.0,303.0,294.0,295.0
3009.0,702.0,703.0,708.0,299.0,307.0,290.0
2956.0,691.0,678.0,705.0,292.0,299.0,291.0
2828.0,653.0,648.0,686.0,276.0,278.0,287.0
2733.0,630.0,644.0,640.0,269.0,270.0,280.0
2883.0,677.0,693.0,656.0,293.0,282.0,282.0
2921.0,692.0,690.0,651.0,306.0,292.0,290.0
2966.0,676.0,699.0,702.0,301.0,292.0,296.0
2935.0,661.0,682.0,706.0,297.0,290.0,299.0
2915.0,678.0,682.0,692.0,280.0,286.0,297.0
2996.0,676.0,723.0,713.0,292.0,302.0,290.0
2934.0,652.0,687.0,705.0,294.0,299.0,297.0
2852.0,658.0,677.0,667.0,286.0,281.0,283.0
2904.0,698.0,674.0,658.0,298.0,278.0,298.0
3012.0,686.0,724.0,703.0,306.0,295.0,298.0
2809.0,645.0,647.0,684.0,283.0,276.0,274.0
2981.0,704.0,697.0,693.0,295.0,297.0,295.0
2969.0,710.0,670.0,699.0,297.0,291.0,302.0
3032.0,727.0,702.0,703.0,296.0,301.0,303.0
3027.0,709.0,707.0,696.0,306.0,307.0,302.0
3024.0,699.0,706.0,705.0,299.0,302.0,313.0
3043.0,680.0,679.0,741.0,318.0,306.0,319.0
3094.0,701.0,725.0,748.0,311.0,304.0,305.0
2887.0,682.0,664.0,680.0,297.0,278.0,286.0
2946.0,686.0,690.0,693.0,297.0,288.0,292.0
2812.0,641.0,675.0,657.0,288.0,281.0,270.0
3085.0,710.0,735.0,716.0,309.0,306.0,309.0
3015.0,717.0,685.0,712.0,299.0,311.0,291.0
3177.0,726.0,733.0,755.0,324.0,314.0,325.0
2961.0,684.0,686.0,688.0,305.0,297.0,301.0
3062.0,698.0,723.0,710.0,313.0,306.0,312.0
2916.0,694.0,671.0,657.0,301.0,293.0,300.0
2955.0,682.0,710.0,672.0,300.0,290.0,301.0
2917.0,671.0,690.0,697.0,291.0,280.0,288.0
3113.0,752.0,734.0,723.0,299.0,308.0,297.0
2920.0,674.0,681.0,691.0,290.0,293.0,291.0
3003.0,707.0,681.0,700.0,309.0,305.0,301.0
2937.0,688.0,680.0,684.0,292.0,304.0,289.0
3098.0,724.0,711.0,724.0,318.0,316.0,305.0
2974.0,683.0,705.0,691.0,300.0,302.0,293.0
3030.0,706.0,694.0,719.0,301.0,302.0,308.0
3004.0,717.0,694.0,690.0,301.0,299.0,303.0
2943.0,695.0,674.0,683.0,289.0,294.0,308.0
2896.0,650.0,696.0,670.0,292.0,292.0,296.0
2845.0,669.0,657.0,664.0,288.0,285.0,282.0
2947.0,684.0,692.0,683.0,300.0,291.0,297.0
2885.0,669.0,666.0,694.0,292.0,282.0,282.0
3123.0,730.0,702.0,771.0,311.0,312.0,297.0
3203.0,751.0,734.0,768.0,317.0,322.0,311.0
3047.0,701.0,722.0,707.0,308.0,303.0,306.0
2975.0,696.0,693.0,682.0,302.0,299.0,303.0
2951.0,700.0,673.0,695.0,291.0,298.0,294.0
2934.0,690.0,649.0,689.0,304.0,298.0,304.0
3012.0,674.0,710.0,732.0,303.0,297.0,296.0
2925.0,669.0,677.0,683.0,297.0,306.0,293.0
3100.0,745.0,700.0,717.0,317.0,313.0,308.0
2986.0,705.0,681.0,693.0,300.0,307.0,300.0
2932.0,689.0,679.0,686.0,290.0,299.0,289.0
3150.0,754.0,727.0,753.0,304.0,307.0,305.0
3082.0,713.0,739.0,723.0,306.0,297.0,304.0
3014.0,698.0,713.0,714.0,296.0,293.0,300.0
3040.0,697.0,703.0,722.0,313.0,297.0,308.0
3091.0,726.0,710.0,722.0,315.0,303.0,315.0
3191.0,740.0,766.0,730.0,314.0,326.0,315.0
3010.0,713.0,700.0,693.0,291.0,306.0,307.0
2859.0,664.0,654.0,666.0,285.0,298.0,292.0
3031.0,721.0,663.0,732.0,302.0,313.0,300.0
3087.0,721.0,715.0,720.0,312.0,310.0,309.0
3139.0,718.0,743.0,726.0,328.0,313.0,311.0
3060.0,719.0,726.0,703.0,316.0,294.0,302.0
3021.0,696.0,693.0,703.0,309.0,308.0,312.0
3017.0,694.0,695.0,712.0,301.0,308.0,307.0
3161.0,738.0,754.0,727.0,309.0,320.0,313.0
3040.0,715.0,718.0,692.0,296.0,307.0,312.0
3171.0,728.0,751.0,737.0,315.0,320.0,320.0
2972.0,708.0,674.0,692.0,307.0,290.0,301.0
2945.0,708.0,662.0,678.0,308.0,301.0,288.0
3070.0,703.0,741.0,724.0,315.0,296.0,291.0
3106.0,730.0,732.0,732.0,315.0,295.0,302.0
3012.0,718.0,707.0,687.0,298.0,304.0,298.0
3029.0,698.0,699.0,732.0,296.0,300.0,304.0
3071.0,704.0,704.0,719.0,313.0,320.0,311.0
3108.0,731.0,714.0,732.0,290.0,325.0,316.0
3141.0,733.0,750.0,717.0,310.0,314.0,317.0
3219.0,723.0,755.0,771.0,328.0,323.0,319.0
3264.0,764.0,745.0,776.0,331.0,330.0,318.0
3135.0,743.0,717.0,746.0,307.0,301.0,321.0
2998.0,733.0,706.0,689.0,296.0,284.0,290.0
3139.0,732.0,771.0,704.0,308.0,309.0,315.0
3235.0,752.0,758.0,749.0,320.0,337.0,319.0
3336.0,819.0,767.0,773.0,330.0,336.0,311.0
3094.0,721.0,705.0,730.0,311.0,312.0,315.0
3173.0,723.0,739.0,728.0,326.0,331.0,326.0
3167.0,735.0,751.0,728.0,317.0,321.0,315.0
3098.0,736.0,723.0,708.0,311.0,302.0,318.0
3003.0,686.0,706.0,713.0,302.0,293.0,303.0
2908.0,671.0,672.0,684.0,292.0,291.0,298.0
3128.0,739.0,747.0,734.0,300.0,300.0,308.0
3133.0,686.0,753.0,764.0,308.0,312.0,310.0
3226.0,727.0,747.0,770.0,327.0,337.0,318.0
3145.0,754.0,715.0,719.0,318.0,323.0,316.0
3040.0,712.0,703.0,691.0,311.0,328.0,295.0
3142.0,705.0,760.0,733.0,316.0,308.0,320.0
3148.0,750.0,745.0,741.0,305.0,299.0,308.0
3116.0,720.0,732.0,743.0,301.0,302.0,318.0
3155.0,724.0,749.0,742.0,309.0,309.0,322.0
3066.0,704.0,719.0,726.0,296.0,307.0,314.0
3106.0,734.0,733.0,714.0,315.0,302.0,308.0
3134.0,721.0,741.0,731.0,334.0,309.0,298.0
3165.0,726.0,745.0,745.0,316.0,324.0,309.0
3121.0,732.0,695.0,752.0,312.0,317.0,313.0
2967.0,709.0,678.0,701.0,288.0,292.0,299.0
3127.0,723.0,748.0,734.0,304.0,306.0,312.0
3103.0,693.0,758.0,719.0,317.0,307.0,309.0
3142.0,749.0,724.0,713.0,329.0,313.0,314.0
3134.0,717.0,711.0,752.0,318.0,315.0,321.0
3067.0,692.0,713.0,713.0,320.0,317.0,312.0
3226.0,762.0,757.0,748.0,328.0,311.0,320.0
3026.0,699.0,717.0,707.0,300.0,300.0,303.0
3147.0,741.0,747.0,713.0,309.0,320.0,317.0
3120.0,719.0,722.0,726.0,319.0,321.0,313.0
3132.0,724.0,714.0,766.0,315.0,305.0,308.0
3219.0,757.0,770.0,753.0,314.0,314.0,311.0
3050.0,687.0,721.0,730.0,313.0,295.0,304.0
3131.0,738.0,726.0,736.0,315.0,309.0,307.0
3304.0,797.0,744.0,760.0,330.0,338.0,335.0
3090.0,732.0,715.0,712.0,304.0,308.0,319.0
3131.0,710.0,756.0,731.0,310.0,319.0,305.0
3055.0,721.0,721.0,728.0,292.0,294.0,299.0
2975.0,722.0,680.0,684.0,299.0,299.0,291.0
3152.0,740.0,726.0,738.0,319.0,310.0,319.0
3130.0,740.0,735.0,713.0,317.0,318.0,307.0
3290.0,774.0,795.0,757.0,320.0,330.0,314.0
3148.0,766.0,704.0,726.0,316.0,312.0,324.0
3133.0,751.0,720.0,733.0,299.0,311.0,319.0
3177.0,752.0,696.0,761.0,311.0,325.0,332.0
3071.0,727.0,722.0,709.0,299.0,306.0,308.0
3321.0,758.0,797.0,766.0,334.0,342.0,324.0
3137.0,734.0,735.0,717.0,317.0,314.0,320.0
3200.0,762.0,738.0,738.0,333.0,318.0,311.0
3253.0,763.0,759.0,758.0,326.0,319.0,328.0
3219.0,748.0,767.0,764.0,311.0,313.0,316.0
3317.0,788.0,759.0,776.0,332.0,324.0,338.0
3199.0,758.0,745.0,751.0,317.0,310.0,318.0
3064.0,723.0,709.0,700.0,310.0,316.0,306.0
3187.0,750.0,731.0,736.0,326.0,323.0,321.0
3375.0,800.0,777.0,782.0,343.0,337.0,336.0
3270.0,762.0,755.0,784.0,318.0,322.0,329.0
3128.0,746.0,731.0,711.0,305.0,318.0,317.0
3231.0,780.0,744.0,760.0,318.0,315.0,314.0
3228.0,763.0,759.0,752.0,324.0,316.0,314.0
3099.0,715.0,735.0,717.0,315.0,312.0,305.0
3255.0,753.0,769.0,761.0,329.0,326.0,317.0
3274.0,777.0,760.0,766.0,327.0,329.0,315.0
3257.0,742.0,762.0,770.0,327.0,327.0,329.0
3351.0,767.0,778.0,783.0,336.0,348.0,339.0
3279.0,778.0,767.0,744.0,324.0,335.0,331.0
3192.0,751.0,768.0,724.0,309.0,319.0,321.0
3215.0,749.0,744.0,752.0,323.0,319.0,328.0
3181.0,743.0,736.0,765.0,320.0,309.0,308.0
3256.0,784.0,750.0,754.0,332.0,319.0,317.0
3198.0,745.0,767.0,730.0,324.0,311.0,321.0
3235.0,758.0,737.0,759.0,325.0,333.0,323.0
3174.0,762.0,741.0,723.0,320.0,314.0,314.0
3257.0,767.0,739.0,759.0,330.0,340.0,322.0
3271.0,748.0,763.0,769.0,324.0,337.0,330.0
3311.0,765.0,789.0,764.0,325.0,332.0,336.0
3363.0,795.0,788.0,785.0,338.0,331.0,326.0
3334.0,776.0,796.0,760.0,340.0,327.0,335.0
3167.0,721.0,741.0,729.0,319.0,326.0,331.0
3239.0,790.0,738.0,729.0,336.0,330.0,316.0
3205.0,755.0,756.0,727.0,334.0,318.0,315.0
3177.0,731.0,747.0,761.0,311.0,319.0,308.0
3269.0,756.0,759.0,767.0,325.0,341.0,321.0
3315.0,791.0,774.0,762.0,329.0,328.0,331.0
3187.0,744.0,736.0,745.0,315.0,327.0,320.0
3204.0,738.0,765.0,738.0,325.0,312.0,326.0
3155.0,749.0,751.0,701.0,318.0,313.0,323.0
3246.0,751.0,742.0,801.0,317.0,310.0,325.0
3262.0,743.0,749.0,780.0,338.0,327.0,325.0
3321.0,767.0,767.0,797.0,328.0,333.0,329.0
3299.0,775.0,779.0,749.0,327.0,337.0,332.0
3125.0,729.0,753.0,707.0,313.0,315.0,308.0
3193.0,759.0,733.0,738.0,317.0,329.0,317.0
3262.0,762.0,759.0,770.0,322.0,336.0,313.0
3173.0,729.0,742.0,761.0,329.0,308.0,304.0
3339.0,759.0,792.0,780.0,332.0,324.0,352.0
3347.0,783.0,799.0,763.0,329.0,336.0,337.0
3425.0,824.0,788.0,783.0,336.0,344.0,350.0
3436.0,792.0,806.0,812.0,338.0,346.0,342.0
3392.0,785.0,787.0,796.0,340.0,345.0,339.0
3234.0,739.0,763.0,770.0,322.0,326.0,314.0
3362.0,780.0,779.0,789.0,337.0,344.0,333.0
3265.0,755.0,736.0,773.0,338.0,337.0,326.0
3259.0,765.0,747.0,770.0,333.0,318.0,326.0
3480.0,820.0,832.0,791.0,342.0,349.0,346.0
3245.0,724.0,783.0,774.0,325.0,317.0,322.0
3246.0,751.0,757.0,766.0,329.0,326.0,317.0
3378.0,793.0,762.0,816.0,325.0,337.0,345.0
3243.0,741.0,754.0,763.0,330.0,331.0,324.0
3207.0,746.0,772.0,741.0,315.0,322.0,311.0
3372.0,782.0,797.0,758.0,345.0,346.0,344.0
3312.0,784.0,768.0,776.0,332.0,326.0,326.0
3389.0,809.0,770.0,794.0,333.0,343.0,340.0
3270.0,753.0,759.0,784.0,314.0,329.0,331.0
3445.0,823.0,802.0,797.0,338.0,339.0,346.0
3238.0,776.0,760.0,727.0,321.0,321.0,333.0
3292.0,765.0,768.0,759.0,344.0,336.0,320.0
3442.0,812.0,801.0,787.0,351.0,335.0,356.0
3540.0,839.0,830.0,815.0,348.0,356.0,352.0
3475.0,789.0,821.0,831.0,342.0,346.0,346.0
3340.0,790.0,774.0,778.0,318.0,337.0,343.0
3274.0,757.0,765.0,783.0,323.0,319.0,327.0
3354.0,780.0,789.0,783.0,332.0,337.0,333.0
3243.0,743.0,752.0,750.0,336.0,329.0,333.0
3289.0,775.0,777.0,742.0,337.0,334.0,324.0
3403.0,820.0,767.0,800.0,345.0,331.0,340.0
3369.0,795.0,756.0,808.0,329.0,341.0,340.0
3440.0,790.0,807.0,813.0,333.0,344.0,353.0
3480.0,804.0,826.0,821.0,334.0,341.0,354.0
3545.0,817.0,841.0,814.0,354.0,362.0,357.0
3527.0,796.0,831.0,831.0,364.0,349.0,356.0
3261.0,776.0,748.0,769.0,331.0,309.0,328.0
3363.0,788.0,785.0,779.0,345.0,334.0,332.0
3388.0,795.0,787.0,792.0,336.0,340.0,338.0
3332.0,764.0,814.0,776.0,331.0,327.0,320.0
3284.0,777.0,784.0,748.0,321.0,331.0,323.0
3262.0,787.0,765.0,736.0,319.0,334.0,321.0
3338.0,767.0,777.0,796.0,321.0,341.0,336.0
3365.0,796.0,767.0,794.0,340.0,332.0,336.0
3560.0,812.0,847.0,824.0,362.0,352.0,363.0
3405.0,778.0,795.0,800.0,353.0,333.0,346.0
3446.0,792.0,796.0,808.0,348.0,350.0,352.0
3240.0,763.0,767.0,742.0,312.0,323.0,333.0
3381.0,797.0,798.0,800.0,327.0,333.0,326.0
3223.0,741.0,758.0,767.0,317.0,324.0,316.0
3495.0,813.0,819.0,817.0,342.0,351.0,353.0
3512.0,822.0,828.0,808.0,350.0,352.0,352.0
3334.0,762.0,741.0,797.0,348.0,344.0,342.0
3351.0,756.0,788.0,786.0,343.0,337.0,341.0
3462.0,821.0,825.0,776.0,351.0,337.0,352.0
3277.0,784.0,758.0,769.0,323.0,318.0,325.0
3400.0,785.0,779.0,809.0,333.0,340.0,354.0
3491.0,806.0,834.0,803.0,348.0,354.0,346.0
3429.0,795.0,841.0,771.0,341.0,345.0,336.0
3325.0,759.0,801.0,757.0,333.0,342.0,333.0
3477.0,821.0,828.0,787.0,356.0,346.0,339.0
3219.0,761.0,731.0,747.0,333.0,331.0,316.0
3351.0,776.0,772.0,806.0,336.0,332.0,329.0
3474.0,793.0,827.0,821.0,346.0,336.0,351.0
3401.0,788.0,819.0,786.0,326.0,331.0,351.0
3493.0,831.0,809.0,810.0,347.0,336.0,360.0
3415.0,787.0,807.0,784.0,346.0,337.0,354.0
3375.0,766.0,787.0,792.0,343.0,349.0,338.0
3584.0,828.0,841.0,847.0,359.0,359.0,350.0
3408.0,793.0,814.0,799.0,345.0,341.0,316.0
3493.0,816.0,825.0,809.0,343.0,351.0,349.0
3304.0,788.0,755.0,759.0,328.0,339.0,335.0
3377.0,809.0,781.0,781.0,338.0,334.0,334.0
3348.0,760.0,791.0,780.0,348.0,330.0,339.0
3569.0,804.0,835.0,859.0,356.0,352.0,363.0
3510.0,823.0,804.0,840.0,348.0,336.0,359.0
3381.0,778.0,771.0,801.0,354.0,343.0,334.0
3484.0,798.0,808.0,807.0,355.0,358.0,358.0
3441.0,793.0,813.0,805.0,331.0,355.0,344.0
3499.0,817.0,829.0,812.0,343.0,354.0,344.0
3482.0,823.0,801.0,803.0,353.0,354.0,348.0
3496.0,809.0,818.0,840.0,342.0,340.0,347.0
3489.0,844.0,783.0,811.0,352.0,345.0,354.0
3402.0,788.0,811.0,798.0,339.0,330.0,336.0
3318.0,774.0,782.0,769.0,334.0,328.0,331.0
3562.0,840.0,828.0,838.0,347.0,358.0,351.0
3465.0,785.0,823.0,812.0,334.0,360.0,351.0
3548.0,818.0,837.0,827.0,350.0,360.0,356.0
3518.0,820.0,826.0,824.0,344.0,348.0,356.0
3490.0,825.0,805.0,822.0,341.0,346.0,351.0
3377.0,797.0,797.0,760.0,345.0,339.0,339.0
3380.0,789.0,790.0,787.0,342.0,331.0,341.0
3524.0,811.0,824.0,837.0,355.0,344.0,353.0
3493.0,817.0,830.0,819.0,338.0,347.0,342.0
3476.0,785.0,824.0,830.0,349.0,348.0,340.0
3486.0,794.0,813.0,821.0,353.0,354.0,351.0
3387.0,814.0,778.0,784.0,323.0,339.0,349.0
3365.0,791.0,778.0,766.0,336.0,356.0,338.0
3680.0,847.0,851.0,868.0,373.0,366.0,375.0
3637.0,845.0,856.0,845.0,375.0,351.0,365.0
3489.0,851.0,798.0,816.0,344.0,340.0,340.0
3652.0,870.0,854.0,848.0,361.0,364.0,355.0
3602.0,837.0,849.0,838.0,356.0,359.0,363.0
3539.0,856.0,830.0,809.0,342.0,354.0,348.0
3449.0,809.0,806.0,793.0,339.0,353.0,349.0
3524.0,827.0,799.0,825.0,353.0,368.0,352.0
3513.0,809.0,806.0,833.0,357.0,359.0,349.0
3700.0,856.0,864.0,874.0,371.0,365.0,370.0
3529.0,828.0,835.0,810.0,349.0,347.0,360.0
3498.0,802.0,808.0,823.0,352.0,358.0,355.0
3578.0,846.0,829.0,841.0,352.0,351.0,359.0
3560.0,848.0,813.0,849.0,348.0,341.0,361.0
3526.0,803.0,822.0,846.0,348.0,358.0,349.0
3480.0,796.0,809.0,820.0,358.0,352.0,345.0
3689.0,874.0,851.0,861.0,372.0,372.0,359.0
3532.0,806.0,815.0,832.0,368.0,358.0,353.0
3565.0,820.0,861.0,813.0,366.0,356.0,349.0
3510.0,827.0,832.0,810.0,340.0,344.0,357.0
3401.0,776.0,804.0,808.0,334.0,333.0,346.0
3520.0,806.0,830.0,827.0,350.0,355.0,352.0
3454.0,822.0,791.0,796.0,348.0,349.0,348.0
3522.0,833.0,821.0,825.0,351.0,348.0,344.0
3654.0,838.0,874.0,829.0,381.0,365.0,367.0
3566.0,826.0,848.0,819.0,356.0,361.0,356.0
3651.0,877.0,847.0,848.0,353.0,373.0,353.0
3461.0,805.0,779.0,828.0,347.0,356.0,346.0
3501.0,810.0,827.0,810.0,357.0,335.0,362.0
3582.0,859.0,841.0,815.0,356.0,349.0,362.0
3573.0,847.0,835.0,823.0,365.0,347.0,356.0
3501.0,822.0,824.0,806.0,348.0,356.0,345.0
3499.0,813.0,809.0,816.0,364.0,345.0,352.0
3516.0,819.0,801.0,831.0,370.0,354.0,341.0
3605.0,847.0,844.0,836.0,352.0,369.0,357.0
3446.0,793.0,833.0,809.0,327.0,340.0,344.0
3492.0,823.0,798.0,815.0,351.0,355.0,350.0
3604.0,856.0,841.0,837.0,359.0,361.0,350.0
3646.0,834.0,859.0,853.0,375.0,362.0,363.0
3614.0,825.0,863.0,852.0,367.0,354.0,353.0
3502.0,813.0,818.0,825.0,349.0,341.0,356.0
3684.0,862.0,831.0,871.0,367.0,378.0,375.0
3537.0,833.0,798.0,821.0,349.0,374.0,362.0
3559.0,833.0,843.0,818.0,350.0,362.0,353.0
3684.0,871.0,860.0,862.0,360.0,372.0,359.0
3632.0,864.0,835.0,846.0,369.0,362.0,356.0
3575.0,846.0,828.0,839.0,355.0,351.0,356.0
3412.0,793.0,781.0,813.0,346.0,340.0,339.0
3387.0,789.0,787.0,789.0,338.0,336.0,348.0
3498.0,830.0,822.0,791.0,346.0,349.0,360.0
3551.0,817.0,839.0,818.0,358.0,354.0,365.0
3645.0,865.0,824.0,848.0,369.0,367.0,372.0
3721.0,885.0,871.0,842.0,371.0,381.0,371.0
3730.0,870.0,854.0,894.0,364.0,373.0,375.0
3614.0,839.0,845.0,853.0,364.0,357.0,356.0
3637.0,848.0,861.0,846.0,365.0,362.0,355.0
3448.0,785.0,795.0,820.0,352.0,352.0,344.0
3596.0,836.0,838.0,849.0,357.0,358.0,358.0
3621.0,844.0,848.0,858.0,357.0,360.0,354.0
3622.0,836.0,867.0,854.0,350.0,365.0,350.0
3615.0,832.0,837.0,856.0,357.0,367.0,366.0
3710.0,874.0,868.0,850.0,373.0,379.0,366.0
3399.0,834.0,765.0,765.0,342.0,339.0,354.0
3631.0,839.0,857.0,841.0,366.0,369.0,359.0
3604.0,852.0,846.0,814.0,352.0,376.0,364.0
3742.0,880.0,863.0,902.0,367.0,363.0,367.0
3654.0,849.0,854.0,876.0,359.0,359.0,357.0
3677.0,870.0,853.0,858.0,368.0,375.0,353.0
3575.0,833.0,859.0,804.0,366.0,355.0,358.0
3528.0,822.0,832.0,812.0,365.0,348.0,349.0
3696.0,836.0,870.0,861.0,381.0,376.0,372.0
3676.0,853.0,845.0,855.0,377.0,374.0,372.0
3716.0,892.0,844.0,856.0,377.0,373.0,374.0
3850.0,891.0,916.0,897.0,373.0,379.0,394.0
3587.0,849.0,834.0,829.0,355.0,356.0,364.0
3718.0,886.0,864.0,859.0,367.0,369.0,373.0
3750.0,900.0,863.0,872.0,378.0,374.0,363.0
3610.0,853.0,819.0,857.0,369.0,360.0,352.0
3708.0,858.0,861.0,877.0,381.0,369.0,362.0
3779.0,892.0,876.0,887.0,372.0,385.0,367.0
3730.0,855.0,869.0,853.0,381.0,387.0,385.0
3677.0,853.0,850.0,855.0,357.0,384.0,378.0
3535.0,839.0,830.0,832.0,341.0,347.0,346.0
3595.0,825.0,855.0,839.0,358.0,351.0,367.0
3666.0,839.0,869.0,863.0,369.0,362.0,364.0
3632.0,862.0,823.0,854.0,369.0,355.0,369.0
3662.0,851.0,847.0,856.0,378.0,370.0,360.0
3552.0,845.0,817.0,822.0,360.0,357.0,351.0
3732.0,860.0,871.0,888.0,362.0,380.0,371.0
3541.0,828.0,820.0,815.0,354.0,365.0,359.0
3686.0,866.0,834.0,881.0,374.0,368.0,363.0
3782.0,877.0,874.0,895.0,381.0,372.0,383.0
3647.0,830.0,873.0,855.0,357.0,368.0,364.0
3780.0,908.0,876.0,873.0,385.0,362.0,376.0
3601.0,832.0,863.0,818.0,367.0,358.0,363.0
3706.0,846.0,846.0,900.0,379.0,362.0,373.0
3743.0,899.0,868.0,865.0,369.0,380.0,362.0
3617.0,857.0,866.0,830.0,355.0,357.0,352.0
3696.0,864.0,883.0,861.0,364.0,359.0,365.0
3696.0,880.0,855.0,850.0,365.0,380.0,366.0
3586.0,853.0,825.0,847.0,358.0,353.0,350.0
3686.0,844.0,852.0,851.0,380.0,380.0,379.0
3600.0,821.0,840.0,862.0,362.0,356.0,359.0
3752.0,874.0,900.0,879.0,369.0,362.0,368.0
3686.0,866.0,854.0,871.0,366.0,356.0,373.0
3683.0,843.0,861.0,857.0,368.0,381.0,373.0
3631.0,859.0,845.0,824.0,376.0,360.0,367.0
3732.0,904.0,862.0,843.0,375.0,377.0,371.0
3574.0,854.0,838.0,825.0,361.0,356.0,340.0
3695.0,845.0,842.0,887.0,377.0,381.0,363.0
3578.0,856.0,809.0,857.0,361.0,349.0,346.0
3562.0,822.0,828.0,835.0,363.0,353.0,361.0
3570.0,855.0,844.0,811.0,348.0,356.0,356.0
3825.0,873.0,917.0,881.0,390.0,372.0,392.0
3726.0,879.0,862.0,880.0,358.0,368.0,379.0
3917.0,914.0,911.0,919.0,394.0,397.0,382.0
3692.0,865.0,858.0,875.0,370.0,372.0,352.0
3817.0,897.0,887.0,878.0,386.0,388.0,381.0
3694.0,851.0,878.0,869.0,375.0,368.0,353.0
3638.0,837.0,878.0,844.0,372.0,356.0,351.0
3658.0,859.0,851.0,854.0,370.0,361.0,363.0
3759.0,888.0,876.0,899.0,364.0,367.0,365.0
3805.0,880.0,902.0,895.0,374.0,374.0,380.0
3664.0,841.0,847.0,862.0,383.0,355.0,376.0
3746.0,902.0,869.0,843.0,375.0,375.0,382.0
3750.0,885.0,863.0,849.0,385.0,379.0,389.0
3661.0,841.0,852.0,855.0,368.0,370.0,375.0
3853.0,909.0,919.0,889.0,380.0,379.0,377.0
3759.0,888.0,877.0,883.0,365.0,378.0,368.0
3709.0,870.0,862.0,884.0,361.0,362.0,370.0
3591.0,841.0,831.0,844.0,355.0,360.0,360.0
3704.0,855.0,856.0,862.0,377.0,379.0,375.0
3676.0,863.0,880.0,835.0,378.0,365.0,355.0
3600.0,827.0,841.0,850.0,364.0,359.0,359.0
3866.0,894.0,872.0,920.0,385.0,402.0,393.0
3686.0,874.0,841.0,853.0,357.0,379.0,382.0
3825.0,879.0,891.0,892.0,391.0,390.0,382.0
3867.0,888.0,929.0,891.0,393.0,385.0,381.0
3808.0,909.0,894.0,882.0,379.0,372.0,372.0
3726.0,868.0,872.0,871.0,389.0,368.0,358.0
3756.0,853.0,864.0,924.0,375.0,369.0,371.0
3678.0,852.0,868.0,854.0,368.0,373.0,363.0
3879.0,935.0,896.0,891.0,387.0,385.0,385.0
3662.0,836.0,875.0,832.0,361.0,389.0,369.0
3644.0,859.0,843.0,838.0,361.0,369.0,374.0
3680.0,876.0,859.0,836.0,376.0,369.0,364.0
3785.0,906.0,876.0,874.0,374.0,374.0,381.0
3706.0,869.0,863.0,866.0,375.0,356.0,377.0
3828.0,885.0,910.0,906.0,377.0,368.0,382.0
3566.0,838.0,829.0,825.0,358.0,360.0,356.0
3879.0,921.0,926.0,903.0,381.0,382.0,366.0
3911.0,915.0,914.0,899.0,393.0,403.0,387.0
3780.0,876.0,895.0,882.0,373.0,380.0,374.0
3802.0,901.0,896.0,873.0,370.0,379.0,383.0
3692.0,843.0,864.0,861.0,367.0,375.0,382.0
3801.0,879.0,890.0,893.0,373.0,379.0,387.0
3836.0,884.0,900.0,903.0,384.0,376.0,389.0
3844.0,899.0,912.0,894.0,375.0,384.0,380.0
3760.0,872.0,870.0,910.0,366.0,370.0,372.0
3732.0,885.0,839.0,898.0,372.0,372.0,366.0
3922.0,930.0,920.0,909.0,388.0,389.0,386.0
3841.0,884.0,904.0,905.0,389.0,389.0,370.0
3851.0,892.0,897.0,899.0,389.0,396.0,378.0
3889.0,928.0,883.0,903.0,397.0,390.0,388.0
3738.0,860.0,884.0,867.0,372.0,377.0,378.0
3876.0,897.0,902.0,925.0,376.0,384.0,392.0
3868.0,892.0,890.0,933.0,380.0,381.0,392.0
3807.0,884.0,898.0,888.0,383.0,366.0,388.0
3890.0,896.0,918.0,911.0,387.0,383.0,395.0
3800.0,900.0,876.0,888.0,386.0,369.0,381.0
4043.0,969.0,939.0,936.0,399.0,408.0,392.0
3952.0,911.0,896.0,942.0,402.0,405.0,396.0
3822.0,879.0,913.0,906.0,372.0,381.0,371.0
3625.0,853.0,831.0,862.0,355.0,367.0,357.0
3679.0,876.0,855.0,863.0,355.0,366.0,364.0
3775.0,883.0,881.0,864.0,379.0,382.0,386.0
3964.0,926.0,940.0,925.0,400.0,384.0,389.0
3783.0,886.0,906.0,861.0,379.0,370.0,381.0
3882.0,901.0,910.0,904.0,389.0,384.0,394.0
3952.0,913.0,901.0,945.0,400.0,397.0,396.0
3920.0,916.0,921.0,898.0,400.0,392.0,393.0
3779.0,910.0,897.0,854.0,369.0,381.0,368.0
3729.0,867.0,883.0,869.0,356.0,386.0,368.0
3830.0,894.0,895.0,899.0,379.0,384.0,379.0
4017.0,942.0,928.0,959.0,385.0,402.0,401.0
3866.0,901.0,883.0,916.0,387.0,386.0,393.0
3840.0,861.0,923.0,891.0,381.0,388.0,396.0
3865.0,904.0,899.0,888.0,397.0,385.0,392.0
4008.0,955.0,932.0,940.0,386.0,386.0,409.0
3893.0,918.0,889.0,916.0,385.0,392.0,393.0
3742.0,867.0,857.0,897.0,375.0,365.0,381.0
3788.0,908.0,875.0,888.0,375.0,374.0,368.0
3855.0,900.0,901.0,900.0,394.0,385.0,375.0
3833.0,902.0,880.0,887.0,399.0,387.0,378.0
4000.0,955.0,926.0,924.0,410.0,396.0,389.0
3812.0,910.0,876.0,877.0,375.0,389.0,385.0
3832.0,890.0,889.0,903.0,375.0,387.0,388.0
3807.0,873.0,901.0,903.0,369.0,376.0,385.0
3929.0,908.0,895.0,945.0,389.0,403.0,389.0
3962.0,917.0,899.0,943.0,410.0,401.0,392.0
3671.0,854.0,856.0,851.0,369.0,367.0,374.0
3973.0,934.0,927.0,921.0,403.0,393.0,395.0
3921.0,934.0,918.0,895.0,395.0,394.0,385.0
3751.0,879.0,861.0,897.0,366.0,372.0,376.0
3857.0,889.0,877.0,920.0,397.0,383.0,391.0
3780.0,905.0,873.0,871.0,382.0,376.0,373.0
3917.0,904.0,917.0,897.0,390.0,409.0,400.0
4085.0,954.0,946.0,947.0,409.0,420.0,409.0
4009.0,938.0,914.0,942.0,398.0,408.0,409.0
3847.0,902.0,878.0,913.0,392.0,383.0,379.0
3757.0,863.0,887.0,879.0,388.0,351.0,389.0
3901.0,915.0,920.0,906.0,387.0,387.0,386.0
3895.0,909.0,893.0,916.0,392.0,387.0,398.0
3950.0,936.0,923.0,915.0,396.0,398.0,382.0
3876.0,894.0,912.0,904.0,394.0,392.0,380.0
3938.0,892.0,935.0,920.0,402.0,399.0,390.0
3919.0,925.0,919.0,907.0,390.0,394.0,384.0
3865.0,906.0,881.0,921.0,390.0,391.0,376.0
3979.0,924.0,917.0,920.0,409.0,403.0,406.0
3826.0,918.0,879.0,891.0,381.0,373.0,384.0
3959.0,916.0,930.0,927.0,389.0,383.0,414.0
4026.0,905.0,977.0,950.0,401.0,394.0,399.0
3909.0,911.0,906.0,932.0,390.0,386.0,384.0
4109.0,957.0,955.0,979.0,411.0,407.0,400.0
4136.0,951.0,972.0,972.0,418.0,417.0,406.0
3987.0,929.0,943.0,907.0,407.0,405.0,396.0
3945.0,933.0,921.0,904.0,395.0,406.0,386.0
4020.0,937.0,935.0,937.0,398.0,412.0,401.0
3922.0,914.0,907.0,930.0,392.0,383.0,396.0
4011.0,937.0,921.0,949.0,407.0,390.0,407.0
3984.0,928.0,925.0,927.0,400.0,393.0,411.0
3959.0,904.0,934.0,925.0,402.0,397.0,397.0
4007.0,943.0,922.0,921.0,410.0,407.0,404.0
3948.0,928.0,915.0,907.0,398.0,401.0,399.0
3899.0,903.0,897.0,927.0,391.0,399.0,382.0
3983.0,911.0,950.0,940.0,383.0,400.0,399.0
3960.0,928.0,919.0,937.0,391.0,391.0,394.0
3945.0,930.0,913.0,913.0,396.0,390.0,403.0
3976.0,914.0,921.0,933.0,410.0,395.0,403.0
3995.0,933.0,922.0,923.0,400.0,407.0,410.0
4023.0,952.0,922.0,937.0,413.0,393.0,406.0
4144.0,967.0,962.0,969.0,411.0,412.0,423.0
3964.0,894.0,938.0,927.0,391.0,414.0,400.0
3948.0,926.0,914.0,928.0,390.0,407.0,383.0
3945.0,934.0,937.0,894.0,396.0,391.0,393.0
4009.0,919.0,972.0,933.0,394.0,400.0,391.0
3971.0,937.0,935.0,911.0,406.0,388.0,394.0
3999.0,950.0,919.0,931.0,403.0,395.0,401.0
3934.0,900.0,924.0,932.0,400.0,385.0,393.0
4040.0,946.0,947.0,942.0,398.0,392.0,415.0
3971.0,919.0,926.0,925.0,393.0,406.0,402.0
3981.0,945.0,910.0,926.0,398.0,404.0,398.0
3792.0,874.0,866.0,913.0,376.0,382.0,381.0
3944.0,900.0,914.0,951.0,396.0,394.0,389.0
4048.0,950.0,944.0,946.0,400.0,407.0,401.0
4174.0,981.0,978.0,973.0,410.0,409.0,423.0
3964.0,920.0,923.0,925.0,403.0,396.0,397.0
3986.0,933.0,920.0,928.0,403.0,401.0,401.0
3733.0,882.0,873.0,857.0,368.0,373.0,380.0
4040.0,928.0,936.0,943.0,412.0,406.0,415.0
4066.0,930.0,948.0,961.0,406.0,412.0,409.0
4136.0,968.0,977.0,956.0,408.0,402.0,425.0
4132.0,961.0,957.0,957.0,421.0,418.0,418.0
4131.0,950.0,978.0,963.0,415.0,418.0,407.0
3950.0,947.0,911.0,895.0,397.0,400.0,400.0
3993.0,936.0,945.0,938.0,390.0,387.0,397.0
3787.0,875.0,892.0,900.0,373.0,368.0,379.0
3979.0,931.0,915.0,952.0,391.0,392.0,398.0
4025.0,961.0,934.0,930.0,399.0,410.0,391.0
3982.0,931.0,946.0,910.0,399.0,392.0,404.0
3969.0,904.0,946.0,908.0,405.0,399.0,407.0
4082.0,959.0,951.0,936.0,401.0,428.0,407.0
4016.0,942.0,902.0,949.0,408.0,408.0,407.0
4052.0,929.0,950.0,957.0,398.0,413.0,405.0
4094.0,950.0,957.0,961.0,412.0,407.0,407.0
4092.0,961.0,963.0,941.0,408.0,411.0,408.0
4113.0,958.0,976.0,949.0,411.0,411.0,408.0
3883.0,900.0,902.0,905.0,395.0,393.0,388.0
4106.0,949.0,935.0,994.0,408.0,418.0,402.0
4146.0,949.0,960.0,992.0,411.0,415.0,419.0
4066.0,933.0,952.0,952.0,412.0,410.0,407.0
4007.0,941.0,922.0,935.0,398.0,400.0,411.0
4197.0,1012.0,978.0,959.0,416.0,424.0,408.0
4081.0,956.0,961.0,944.0,414.0,397.0,409.0
4090.0,945.0,979.0,937.0,421.0,397.0,411.0
4155.0,989.0,969.0,955.0,427.0,402.0,413.0
4063.0,959.0,930.0,953.0,416.0,404.0,401.0
4002.0,918.0,948.0,936.0,410.0,403.0,387.0
3998.0,935.0,939.0,906.0,397.0,411.0,410.0
4156.0,992.0,988.0,946.0,408.0,420.0,402.0
4040.0,918.0,969.0,940.0,406.0,400.0,407.0
4068.0,948.0,947.0,957.0,403.0,405.0,408.0
4066.0,966.0,935.0,963.0,399.0,404.0,399.0
4168.0,972.0,984.0,974.0,421.0,407.0,410.0
4070.0,927.0,979.0,934.0,417.0,403.0,410.0
4154.0,969.0,966.0,966.0,422.0,410.0,421.0
4069.0,971.0,925.0,954.0,400.0,418.0,401.0
4146.0,969.0,972.0,969.0,409.0,415.0,412.0
3984.0,921.0,941.0,919.0,397.0,409.0,397.0
4034.0,959.0,926.0,941.0,402.0,402.0,404.0
4127.0,977.0,975.0,937.0,411.0,415.0,412.0
3900.0,898.0,896.0,919.0,394.0,401.0,392.0
4104.0,959.0,950.0,971.0,403.0,408.0,413.0
4136.0,982.0,956.0,982.0,409.0,399.0,408.0
4172.0,974.0,983.0,981.0,412.0,409.0,413.0
4123.0,954.0,961.0,983.0,402.0,410.0,413.0
4064.0,971.0,926.0,943.0,412.0,404.0,408.0
3944.0,934.0,921.0,904.0,394.0,398.0,393.0
4033.0,919.0,959.0,947.0,410.0,410.0,388.0
4152.0,945.0,983.0,964.0,422.0,412.0,426.0
4152.0,959.0,977.0,980.0,413.0,416.0,407.0
4082.0,963.0,948.0,972.0,400.0,392.0,407.0
4103.0,942.0,963.0,965.0,403.0,407.0,423.0
4075.0,953.0,958.0,946.0,403.0,404.0,411.0
4126.0,964.0,964.0,982.0,406.0,401.0,409.0
3998.0,930.0,931.0,927.0,402.0,409.0,399.0
4066.0,932.0,938.0,964.0,421.0,407.0,404.0
4178.0,983.0,942.0,994.0,421.0,424.0,414.0
4225.0,990.0,996.0,982.0,424.0,420.0,413.0
4275.0,1001.0,993.0,1000.0,429.0,424.0,428.0
4232.0,1003.0,1002.0,982.0,413.0,422.0,410.0
4021.0,944.0,953.0,929.0,405.0,386.0,404.0
4133.0,973.0,969.0,967.0,409.0,409.0,406.0
4017.0,913.0,933.0,961.0,405.0,409.0,396.0
4322.0,1023.0,1007.0,999.0,440.0,412.0,441.0
4162.0,979.0,958.0,952.0,423.0,421.0,429.0
4063.0,957.0,936.0,921.0,413.0,424.0,412.0
4151.0,987.0,959.0,966.0,412.0,417.0,410.0
4189.0,987.0,988.0,968.0,419.0,418.0,409.0
4008.0,937.0,947.0,932.0,404.0,398.0,390.0
4074.0,944.0,951.0,951.0,424.0,405.0,399.0
4132.0,965.0,959.0,966.0,423.0,419.0,400.0
4166.0,973.0,963.0,964.0,429.0,424.0,413.0
4054.0,922.0,960.0,927.0,420.0,414.0,411.0
4303.0,1007.0,1016.0,995.0,424.0,429.0,432.0
4203.0,1000.0,955.0,1007.0,405.0,418.0,418.0
4185.0,954.0,969.0,1002.0,415.0,418.0,427.0
4283.0,1008.0,991.0,1003.0,427.0,424.0,430.0
4170.0,985.0,968.0,973.0,416.0,424.0,404.0
4142.0,988.0,967.0,954.0,420.0,410.0,403.0
4027.0,924.0,956.0,930.0,419.0,401.0,397.0
4191.0,985.0,967.0,997.0,419.0,410.0,413.0
4157.0,961.0,969.0,992.0,406.0,418.0,411.0
4322.0,1009.0,1021.0,1007.0,418.0,428.0,439.0
4180.0,963.0,960.0,975.0,421.0,430.0,431.0
4258.0,1031.0,946.0,982.0,438.0,428.0,433.0
4276.0,1016.0,970.0,1002.0,426.0,435.0,427.0
4200.0,984.0,979.0,991.0,410.0,418.0,418.0
4250.0,997.0,982.0,1014.0,420.0,418.0,419.0
4155.0,962.0,967.0,971.0,420.0,424.0,411.0
4127.0,960.0,934.0,996.0,415.0,412.0,410.0
4111.0,950.0,962.0,959.0,417.0,416.0,407.0
4206.0,986.0,998.0,964.0,409.0,423.0,426.0
4325.0,1001.0,1035.0,994.0,426.0,431.0,438.0
4184.0,958.0,981.0,989.0,415.0,422.0,419.0
4331.0,1028.0,981.0,1028.0,437.0,430.0,427.0
4306.0,1005.0,1000.0,1013.0,434.0,419.0,435.0
4154.0,950.0,967.0,974.0,429.0,408.0,426.0
4167.0,967.0,1005.0,945.0,420.0,413.0,417.0
4140.0,964.0,978.0,962.0,410.0,418.0,408.0
4289.0,996.0,981.0,1008.0,432.0,441.0,431.0
4171.0,977.0,968.0,984.0,418.0,424.0,400.0
4273.0,1005.0,1001.0,980.0,430.0,436.0,421.0
4087.0,958.0,961.0,942.0,400.0,419.0,407.0
4138.0,945.0,997.0,947.0,422.0,409.0,418.0
4218.0,1013.0,969.0,969.0,415.0,420.0,432.0
4213.0,997.0,963.0,989.0,422.0,420.0,422.0
4234.0,1006.0,974.0,998.0,422.0,410.0,424.0
4423.0,1007.0,1055.0,1049.0,434.0,438.0,440.0
4275.0,1007.0,978.0,1000.0,424.0,446.0,420.0
4203.0,1023.0,971.0,931.0,426.0,427.0,425.0
4271.0,985.0,988.0,998.0,436.0,432.0,432.0
4324.0,1012.0,1025.0,995.0,428.0,435.0,429.0
4235.0,997.0,996.0,992.0,418.0,414.0,418.0
4238.0,972.0,996.0,1007.0,415.0,425.0,423.0
4214.0,999.0,947.0,997.0,424.0,429.0,418.0
4175.0,976.0,957.0,992.0,417.0,415.0,418.0
4226.0,999.0,989.0,972.0,424.0,421.0,421.0
4163.0,973.0,972.0,971.0,418.0,415.0,414.0
4271.0,973.0,995.0,1023.0,428.0,425.0,427.0
4268.0,988.0,986.0,1005.0,421.0,439.0,429.0
4097.0,933.0,964.0,975.0,405.0,416.0,404.0
4300.0,985.0,1015.0,1019.0,428.0,430.0,423.0
4150.0,983.0,994.0,951.0,405.0,411.0,406.0
4110.0,980.0,931.0,961.0,415.0,407.0,416.0
4180.0,967.0,968.0,976.0,424.0,422.0,423.0
4345.0,1015.0,1000.0,1021.0,438.0,429.0,442.0
4242.0,1008.0,973.0,1009.0,413.0,420.0,419.0
4404.0,1019.0,1045.0,1030.0,429.0,444.0,437.0
4344.0,1011.0,1023.0,991.0,434.0,447.0,438.0
4152.0,971.0,970.0,962.0,417.0,425.0,407.0
4218.0,1001.0,977.0,978.0,426.0,421.0,415.0
4213.0,971.0,1001.0,972.0,427.0,421.0,421.0
4206.0,971.0,991.0,996.0,426.0,409.0,413.0
4308.0,1020.0,1004.0,1005.0,432.0,423.0,424.0
4243.0,995.0,982.0,992.0,428.0,412.0,434.0
4409.0,1036.0,1042.0,1015.0,427.0,450.0,439.0
4198.0,978.0,997.0,979.0,408.0,413.0,423.0
4297.0,975.0,1016.0,1026.0,422.0,432.0,426.0
4215.0,980.0,988.0,991.0,416.0,426.0,414.0
4128.0,950.0,949.0,984.0,415.0,418.0,412.0
4162.0,994.0,985.0,924.0,429.0,412.0,418.0
4303.0,1001.0,1009.0,1001.0,433.0,427.0,432.0
4242.0,1010.0,969.0,999.0,423.0,424.0,417.0
4383.0,1027.0,1017.0,1032.0,430.0,439.0,438.0
4248.0,997.0,959.0,1016.0,422.0,426.0,428.0
4272.0,971.0,1012.0,992.0,429.0,438.0,430.0
4234.0,958.0,999.0,982.0,426.0,436.0,433.0
4528.0,1065.0,1049.0,1048.0,461.0,451.0,454.0
4359.0,1013.0,1019.0,1006.0,444.0,434.0,443.0
4335.0,1021.0,1032.0,983.0,435.0,428.0,436.0
4261.0,997.0,1001.0,996.0,418.0,420.0,429.0
4238.0,977.0,1007.0,1012.0,412.0,410.0,420.0
4119.0,947.0,975.0,959.0,410.0,416.0,412.0
4244.0,994.0,980.0,1009.0,429.0,425.0,407.0
4420.0,1056.0,1015.0,1007.0,446.0,447.0,449.0
4335.0,986.0,1027.0,1009.0,435.0,443.0,435.0
4335.0,991.0,1025.0,1025.0,438.0,432.0,424.0
4315.0,1006.0,991.0,1014.0,431.0,433.0,440.0
4324.0,998.0,1020.0,1013.0,433.0,433.0,427.0
4332.0,1008.0,1010.0,1010.0,436.0,432.0,436.0
4333.0,1028.0,1011.0,982.0,443.0,435.0,434.0
4308.0,1011.0,1010.0,1001.0,429.0,425.0,432.0
4331.0,989.0,1012.0,1016.0,436.0,439.0,439.0
4428.0,1029.0,1040.0,1035.0,439.0,453.0,432.0
4352.0,1029.0,996.0,1023.0,433.0,441.0,430.0
4249.0,1012.0,1005.0,975.0,413.0,427.0,417.0
4324.0,996.0,1020.0,1007.0,434.0,432.0,435.0
4275.0,995.0,989.0,992.0,429.0,425.0,445.0
4484.0,1041.0,1039.0,1033.0,450.0,459.0,462.0
4330.0,978.0,1024.0,1032.0,430.0,428.0,438.0
4369.0,1014.0,1014.0,1030.0,449.0,426.0,436.0
4198.0,990.0,1000.0,969.0,421.0,408.0,410.0
4257.0,1010.0,983.0,978.0,433.0,431.0,422.0
4318.0,993.0,1009.0,1024.0,424.0,436.0,432.0
4304.0,987.0,1003.0,1006.0,432.0,441.0,435.0
4313.0,994.0,1027.0,1015.0,426.0,430.0,421.0
4558.0,1042.0,1061.0,1096.0,450.0,453.0,456.0
4228.0,980.0,966.0,1004.0,421.0,425.0,432.0
4365.0,1053.0,989.0,1014.0,443.0,420.0,446.0
4364.0,1014.0,1025.0,1007.0,449.0,427.0,442.0
4369.0,1037.0,1025.0,995.0,426.0,442.0,444.0
4452.0,1034.0,1032.0,1051.0,445.0,448.0,442.0
4513.0,1060.0,1043.0,1081.0,437.0,444.0,448.0
4359.0,1020.0,1005.0,1024.0,431.0,450.0,429.0
4308.0,990.0,1001.0,1023.0,429.0,442.0,423.0
4274.0,984.0,1007.0,986.0,434.0,436.0,427.0
4291.0,1002.0,990.0,997.0,434.0,433.0,435.0
4395.0,1037.0,1010.0,1026.0,447.0,437.0,438.0
4448.0,1021.0,1017.0,1061.0,450.0,443.0,456.0
4507.0,1030.0,1070.0,1069.0,436.0,444.0,458.0
4339.0,1000.0,1039.0,1013.0,418.0,426.0,443.0
4233.0,977.0,994.0,988.0,421.0,425.0,428.0
4391.0,1022.0,1032.0,1019.0,435.0,445.0,438.0
4421.0,1027.0,1033.0,1039.0,443.0,441.0,438.0
4349.0,1002.0,1027.0,1021.0,434.0,435.0,430.0
4411.0,1014.0,1032.0,1042.0,447.0,433.0,443.0
4310.0,1021.0,1002.0,1008.0,436.0,427.0,416.0
4512.0,1061.0,1066.0,1038.0,449.0,441.0,457.0
4360.0,1015.0,1027.0,987.0,444.0,431.0,456.0
4361.0,1025.0,1014.0,1012.0,433.0,440.0,437.0
4436.0,1054.0,1024.0,1043.0,436.0,436.0,443.0
4452.0,1034.0,1017.0,1046.0,458.0,447.0,450.0
4275.0,967.0,995.0,1006.0,437.0,436.0,434.0
4587.0,1079.0,1073.0,1060.0,464.0,455.0,456.0
4381.0,1003.0,1045.0,1026.0,442.0,435.0,430.0
4516.0,1049.0,1068.0,1048.0,445.0,448.0,458.0
4430.0,1055.0,1033.0,1027.0,439.0,437.0,439.0
4448.0,1037.0,1031.0,1058.0,436.0,441.0,445.0
4316.0,997.0,985.0,1020.0,433.0,440.0,441.0
4529.0,1073.0,1052.0,1050.0,455.0,447.0,452.0
4417.0,1019.0,1021.0,1033.0,440.0,453.0,451.0
4483.0,1041.0,1035.0,1053.0,442.0,459.0,453.0
4304.0,1009.0,996.0,1008.0,422.0,439.0,430.0
4346.0,1025.0,1003.0,1023.0,432.0,430.0,433.0
4367.0,1009.0,1031.0,1043.0,428.0,430.0,426.0
4492.0,1046.0,1030.0,1056.0,453.0,455.0,452.0
4466.0,1060.0,1042.0,1030.0,449.0,445.0,440.0
4402.0,1045.0,1003.0,1033.0,444.0,437.0,440.0
4447.0,1033.0,1057.0,1022.0,452.0,438.0,445.0
4439.0,1026.0,1024.0,1056.0,439.0,445.0,449.0
4374.0,1039.0,1015.0,1010.0,432.0,433.0,445.0
4420.0,1031.0,1021.0,1040.0,439.0,443.0,446.0
4276.0,984.0,1005.0,994.0,422.0,429.0,442.0
4461.0,1052.0,1028.0,1040.0,449.0,449.0,443.0
4489.0,1027.0,1070.0,1027.0,461.0,448.0,456.0
4598.0,1072.0,1087.0,1061.0,469.0,447.0,462.0
4492.0,1039.0,1038.0,1067.0,447.0,455.0,446.0
4397.0,1029.0,1003.0,1039.0,442.0,439.0,445.0
4357.0,1016.0,1022.0,999.0,430.0,445.0,445.0
4406.0,1012.0,1039.0,1014.0,450.0,441.0,450.0
4376.0,1025.0,1018.0,1029.0,427.0,441.0,436.0
4510.0,1057.0,1027.0,1058.0,461.0,459.0,448.0
4443.0,1045.0,1034.0,1031.0,447.0,436.0,450.0
4567.0,1056.0,1069.0,1090.0,446.0,448.0,458.0
4493.0,1043.0,1069.0,1049.0,438.0,446.0,448.0
4481.0,1048.0,1062.0,1044.0,436.0,447.0,444.0
4472.0,1047.0,1034.0,1051.0,439.0,452.0,449.0
4431.0,1043.0,1016.0,1035.0,448.0,455.0,434.0
4637.0,1087.0,1095.0,1079.0,464.0,457.0,455.0
4431.0,1026.0,1016.0,1046.0,454.0,444.0,445.0
4444.0,1028.0,1054.0,1025.0,442.0,444.0,451.0
4357.0,1024.0,1022.0,1006.0,438.0,427.0,440.0
4441.0,1058.0,1034.0,1009.0,443.0,439.0,458.0
4416.0,1003.0,1045.0,1043.0,441.0,440.0,444.0
4613.0,1064.0,1109.0,1092.0,445.0,446.0,457.0
4575.0,1060.0,1060.0,1088.0,458.0,461.0,448.0
4435.0,1029.0,1031.0,1049.0,448.0,438.0,440.0
4560.0,1058.0,1067.0,1050.0,460.0,471.0,454.0
4429.0,1042.0,1034.0,1034.0,438.0,443.0,438.0
4415.0,1003.0,1051.0,1021.0,452.0,447.0,441.0
4492.0,1061.0,1061.0,1025.0,436.0,455.0,454.0
4459.0,1061.0,1028.0,1036.0,442.0,434.0,458.0
4541.0,1069.0,1067.0,1059.0,444.0,446.0,456.0
4480.0,1047.0,1051.0,1030.0,449.0,451.0,452.0
4614.0,1049.0,1082.0,1077.0,473.0,475.0,458.0
4508.0,1065.0,1047.0,1039.0,453.0,462.0,442.0
4772.0,1125.0,1109.0,1104.0,486.0,477.0,471.0
4468.0,1019.0,1063.0,1032.0,451.0,461.0,442.0
4645.0,1102.0,1090.0,1089.0,465.0,449.0,450.0
4466.0,1047.0,1046.0,1030.0,448.0,444.0,451.0
4549.0,1071.0,1074.0,1049.0,452.0,444.0,459.0
4439.0,1034.0,1020.0,1028.0,455.0,442.0,460.0
4539.0,1073.0,1044.0,1052.0,454.0,459.0,457.0
4556.0,1043.0,1081.0,1073.0,447.0,452.0,460.0
4601.0,1046.0,1087.0,1059.0,473.0,464.0,472.0
4596.0,1063.0,1079.0,1078.0,458.0,458.0,460.0
4629.0,1082.0,1085.0,1064.0,466.0,463.0,469.0
4508.0,1050.0,1057.0,1050.0,450.0,449.0,452.0
4569.0,1070.0,1066.0,1061.0,464.0,451.0,457.0
4490.0,1042.0,1036.0,1070.0,456.0,446.0,440.0
4567.0,1051.0,1059.0,1083.0,460.0,457.0,457.0
4554.0,1050.0,1057.0,1072.0,459.0,455.0,461.0
4511.0,1045.0,1085.0,1022.0,451.0,447.0,461.0
4625.0,1081.0,1092.0,1068.0,464.0,462.0,458.0
4574.0,1061.0,1084.0,1050.0,453.0,471.0,455.0
4641.0,1057.0,1096.0,1098.0,454.0,472.0,464.0
4721.0,1102.0,1087.0,1128.0,464.0,471.0,469.0
4467.0,1035.0,1064.0,1047.0,451.0,432.0,438.0
4462.0,1029.0,1075.0,1034.0,451.0,448.0,425.0
4533.0,1070.0,1065.0,1036.0,458.0,452.0,452.0
4580.0,1097.0,1042.0,1058.0,456.0,469.0,458.0
4706.0,1108.0,1088.0,1080.0,474.0,479.0,477.0
4719.0,1080.0,1111.0,1100.0,472.0,484.0,472.0
4582.0,1061.0,1073.0,1077.0,445.0,463.0,463.0
4550.0,1049.0,1083.0,1062.0,441.0,458.0,457.0
4482.0,1015.0,1052.0,1046.0,455.0,460.0,454.0
4652.0,1077.0,1082.0,1065.0,477.0,479.0,472.0
4648.0,1087.0,1090.0,1082.0,470.0,455.0,464.0
4388.0,1017.0,1033.0,1028.0,438.0,435.0,437.0
4581.0,1037.0,1073.0,1096.0,460.0,458.0,457.0
4624.0,1102.0,1057.0,1105.0,457.0,450.0,453.0
4688.0,1111.0,1090.0,1075.0,470.0,470.0,472.0
4589.0,1085.0,1072.0,1030.0,467.0,470.0,465.0
4548.0,1056.0,1069.0,1051.0,449.0,459.0,464.0
4746.0,1120.0,1088.0,1106.0,478.0,478.0,476.0
4665.0,1076.0,1058.0,1118.0,466.0,466.0,481.0
4590.0,1080.0,1061.0,1081.0,462.0,450.0,456.0
4570.0,1074.0,1053.0,1075.0,456.0,451.0,461.0
4527.0,1065.0,1058.0,1048.0,450.0,449.0,457.0
4571.0,1072.0,1054.0,1081.0,455.0,451.0,458.0
4633.0,1113.0,1044.0,1076.0,464.0,475.0,461.0
4777.0,1114.0,1097.0,1126.0,481.0,482.0,477.0
4669.0,1064.0,1099.0,1108.0,463.0,469.0,466.0
4650.0,1051.0,1103.0,1093.0,468.0,464.0,471.0
4614.0,1111.0,1056.0,1067.0,445.0,463.0,472.0
4628.0,1098.0,1087.0,1064.0,456.0,451.0,472.0
4477.0,1014.0,1057.0,1064.0,446.0,448.0,448.0
4589.0,1080.0,1062.0,1089.0,458.0,446.0,454.0
4794.0,1128.0,1126.0,1125.0,473.0,468.0,474.0
4766.0,1102.0,1106.0,1121.0,485.0,485.0,467.0
4622.0,1057.0,1062.0,1094.0,474.0,471.0,464.0
4578.0,1082.0,1055.0,1068.0,464.0,462.0,447.0
4532.0,1068.0,1063.0,1037.0,453.0,465.0,446.0
4723.0,1097.0,1101.0,1111.0,467.0,468.0,479.0
4738.0,1115.0,1091.0,1125.0,464.0,471.0,472.0
4715.0,1121.0,1070.0,1109.0,464.0,462.0,489.0
4754.0,1111.0,1101.0,1115.0,482.0,468.0,477.0
4683.0,1084.0,1106.0,1082.0,468.0,469.0,474.0
4634.0,1072.0,1082.0,1081.0,463.0,471.0,465.0
4498.0,1046.0,1028.0,1072.0,453.0,453.0,446.0
4635.0,1080.0,1057.0,1110.0,452.0,483.0,453.0
4558.0,1066.0,1071.0,1064.0,447.0,460.0,450.0
4797.0,1125.0,1140.0,1122.0,471.0,472.0,467.0
4588.0,1079.0,1078.0,1058.0,461.0,451.0,461.0
4754.0,1107.0,1109.0,1101.0,481.0,474.0,482.0
4657.0,1109.0,1073.0,1062.0,473.0,467.0,473.0
4650.0,1073.0,1088.0,1094.0,474.0,455.0,466.0
4639.0,1069.0,1095.0,1079.0,459.0,454.0,483.0
4691.0,1100.0,1124.0,1086.0,452.0,465.0,464.0
4660.0,1090.0,1073.0,1087.0,460.0,489.0,461.0
4677.0,1110.0,1078.0,1088.0,468.0,470.0,463.0
4567.0,1075.0,1083.0,1040.0,455.0,462.0,452.0
4823.0,1138.0,1137.0,1127.0,485.0,468.0,468.0
4653.0,1087.0,1081.0,1094.0,467.0,469.0,455.0
4703.0,1075.0,1085.0,1127.0,480.0,459.0,477.0
4722.0,1096.0,1097.0,1118.0,468.0,466.0,477.0
4779.0,1135.0,1124.0,1095.0,465.0,478.0,482.0
4699.0,1088.0,1110.0,1096.0,463.0,471.0,471.0
4656.0,1077.0,1103.0,1078.0,462.0,468.0,468.0
4566.0,1078.0,1060.0,1063.0,459.0,458.0,448.0
4614.0,1071.0,1083.0,1081.0,465.0,448.0,466.0
4714.0,1093.0,1118.0,1106.0,468.0,465.0,464.0
4701.0,1110.0,1084.0,1091.0,471.0,469.0,476.0
4708.0,1104.0,1091.0,1100.0,473.0,461.0,479.0
4738.0,1112.0,1096.0,1106.0,465.0,469.0,490.0
4637.0,1078.0,1081.0,1074.0,462.0,476.0,466.0
4737.0,1107.0,1105.0,1116.0,468.0,468.0,473.0
4716.0,1101.0,1097.0,1096.0,470.0,473.0,479.0
4596.0,1050.0,1084.0,1072.0,469.0,453.0,468.0
4679.0,1116.0,1071.0,1085.0,472.0,473.0,462.0
4655.0,1085.0,1089.0,1085.0,472.0,458.0,466.0
4720.0,1080.0,1126.0,1105.0,471.0,468.0,470.0
4831.0,1122.0,1138.0,1142.0,479.0,477.0,473.0
4597.0,1087.0,1074.0,1079.0,454.0,451.0,452.0
4537.0,1052.0,1074.0,1038.0,463.0,456.0,454.0
4826.0,1111.0,1131.0,1114.0,500.0,484.0,486.0
4915.0,1140.0,1144.0,1148.0,491.0,499.0,493.0
4696.0,1091.0,1081.0,1115.0,466.0,476.0,467.0
4685.0,1092.0,1076.0,1118.0,468.0,463.0,468.0
4630.0,1068.0,1086.0,1087.0,465.0,464.0,460.0
4579.0,1092.0,1066.0,1062.0,458.0,451.0,450.0
4738.0,1126.0,1125.0,1080.0,467.0,469.0,471.0
4741.0,1100.0,1111.0,1095.0,478.0,476.0,481.0
4748.0,1106.0,1095.0,1103.0,490.0,480.0,474.0
4907.0,1149.0,1125.0,1165.0,501.0,492.0,475.0
4848.0,1122.0,1133.0,1133.0,482.0,496.0,482.0
4637.0,1061.0,1089.0,1078.0,471.0,469.0,469.0
4834.0,1149.0,1135.0,1124.0,464.0,482.0,480.0
4746.0,1095.0,1112.0,1098.0,481.0,475.0,485.0
4771.0,1121.0,1126.0,1088.0,476.0,472.0,488.0
4684.0,1061.0,1116.0,1110.0,472.0,461.0,464.0
4886.0,1144.0,1149.0,1151.0,491.0,479.0,472.0
4826.0,1109.0,1148.0,1127.0,479.0,495.0,468.0
4751.0,1114.0,1107.0,1099.0,483.0,476.0,472.0
4694.0,1102.0,1082.0,1091.0,479.0,471.0,469.0
4550.0,1060.0,1085.0,1035.0,463.0,458.0,449.0
4609.0,1059.0,1069.0,1101.0,455.0,463.0,462.0
4939.0,1125.0,1176.0,1169.0,491.0,485.0,493.0
4773.0,1105.0,1100.0,1117.0,491.0,471.0,489.0
4774.0,1126.0,1108.0,1099.0,474.0,477.0,490.0
4754.0,1084.0,1129.0,1093.0,484.0,478.0,486.0
4774.0,1132.0,1113.0,1108.0,474.0,477.0,470.0
4646.0,1088.0,1060.0,1098.0,465.0,460.0,475.0
4757.0,1099.0,1109.0,1131.0,469.0,488.0,461.0
4724.0,1099.0,1086.0,1113.0,473.0,481.0,472.0
4800.0,1121.0,1110.0,1130.0,481.0,479.0,479.0
4738.0,1117.0,1117.0,1092.0,472.0,468.0,472.0
4748.0,1096.0,1120.0,1089.0,484.0,479.0,480.0
4867.0,1130.0,1144.0,1124.0,487.0,485.0,497.0
4738.0,1110.0,1101.0,1098.0,490.0,466.0,473.0
4889.0,1105.0,1170.0,1153.0,482.0,492.0,487.0
4760.0,1101.0,1131.0,1110.0,470.0,482.0,466.0
4889.0,1158.0,1124.0,1141.0,490.0,499.0,477.0
4802.0,1133.0,1099.0,1118.0,484.0,490.0,478.0
4880.0,1129.0,1145.0,1137.0,489.0,486.0,494.0
4741.0,1111.0,1113.0,1099.0,484.0,476.0,458.0
4831.0,1122.0,1137.0,1140.0,476.0,476.0,480.0
4810.0,1106.0,1133.0,1115.0,485.0,482.0,489.0
4827.0,1140.0,1125.0,1116.0,485.0,478.0,483.0
4764.0,1128.0,1108.0,1081.0,484.0,479.0,484.0
4958.0,1150.0,1159.0,1168.0,493.0,492.0,496.0
4882.0,1118.0,1156.0,1127.0,498.0,495.0,488.0
4896.0,1126.0,1146.0,1159.0,492.0,489.0,484.0
4836.0,1146.0,1109.0,1136.0,484.0,479.0,482.0
4737.0,1108.0,1101.0,1118.0,463.0,469.0,478.0
4717.0,1085.0,1125.0,1088.0,477.0,476.0,466.0
4808.0,1144.0,1126.0,1094.0,484.0,473.0,487.0
4702.0,1083.0,1088.0,1100.0,472.0,476.0,483.0
4879.0,1120.0,1145.0,1153.0,476.0,496.0,489.0
4816.0,1103.0,1130.0,1134.0,484.0,485.0,480.0
4953.0,1159.0,1162.0,1152.0,496.0,490.0,494.0
4734.0,1082.0,1104.0,1097.0,484.0,487.0,480.0
4732.0,1096.0,1101.0,1097.0,471.0,484.0,483.0
4796.0,1122.0,1104.0,1134.0,475.0,484.0,477.0
4778.0,1115.0,1131.0,1113.0,470.0,479.0,470.0
5025.0,1150.0,1197.0,1176.0,510.0,490.0,502.0
4773.0,1106.0,1120.0,1116.0,488.0,472.0,471.0
4900.0,1173.0,1115.0,1137.0,496.0,492.0,487.0
4930.0,1160.0,1136.0,1148.0,499.0,491.0,496.0
4775.0,1106.0,1101.0,1119.0,482.0,482.0,485.0
4945.0,1169.0,1161.0,1142.0,482.0,494.0,497.0
5077.0,1169.0,1177.0,1184.0,521.0,508.0,518.0
4867.0,1130.0,1147.0,1133.0,485.0,475.0,497.0
4830.0,1166.0,1093.0,1112.0,488.0,486.0,485.0
4792.0,1122.0,1114.0,1116.0,479.0,486.0,475.0
4809.0,1132.0,1128.0,1109.0,490.0,485.0,465.0
4762.0,1117.0,1115.0,1093.0,484.0,483.0,470.0
4911.0,1157.0,1132.0,1165.0,486.0,490.0,481.0
4991.0,1179.0,1154.0,1154.0,494.0,508.0,502.0
4896.0,1128.0,1165.0,1152.0,480.0,487.0,484.0
4833.0,1120.0,1150.0,1113.0,477.0,494.0,479.0
4859.0,1142.0,1109.0,1126.0,494.0,494.0,494.0
4753.0,1087.0,1103.0,1109.0,495.0,467.0,492.0
4761.0,1099.0,1107.0,1117.0,478.0,473.0,487.0
4756.0,1106.0,1125.0,1115.0,474.0,459.0,477.0
4794.0,1116.0,1127.0,1130.0,473.0,472.0,476.0
4867.0,1119.0,1162.0,1134.0,473.0,500.0,479.0
4803.0,1130.0,1106.0,1110.0,481.0,496.0,480.0
4888.0,1148.0,1108.0,1143.0,492.0,500.0,497.0
4934.0,1142.0,1165.0,1154.0,498.0,485.0,490.0
4931.0,1135.0,1173.0,1148.0,497.0,484.0,494.0
5026.0,1164.0,1158.0,1184.0,513.0,495.0,512.0
4802.0,1100.0,1128.0,1124.0,479.0,483.0,488.0
4947.0,1150.0,1161.0,1150.0,491.0,499.0,496.0
4993.0,1174.0,1189.0,1149.0,502.0,491.0,488.0
4759.0,1117.0,1123.0,1112.0,469.0,478.0,460.0
5021.0,1161.0,1164.0,1192.0,495.0,503.0,506.0
4911.0,1141.0,1132.0,1160.0,490.0,501.0,487.0
5028.0,1177.0,1178.0,1158.0,511.0,500.0,504.0
4855.0,1140.0,1141.0,1115.0,496.0,472.0,491.0
4896.0,1119.0,1155.0,1139.0,487.0,497.0,499.0
4873.0,1156.0,1138.0,1125.0,479.0,480.0,495.0
4918.0,1129.0,1141.0,1168.0,499.0,490.0,491.0
4847.0,1119.0,1152.0,1134.0,474.0,483.0,485.0
4990.0,1154.0,1168.0,1174.0,498.0,499.0,497.0
4928.0,1141.0,1163.0,1146.0,492.0,491.0,495.0
5005.0,1178.0,1155.0,1160.0,510.0,501.0,501.0
4773.0,1092.0,1109.0,1122.0,487.0,487.0,476.0
4870.0,1142.0,1119.0,1148.0,488.0,488.0,485.0
4889.0,1150.0,1156.0,1131.0,481.0,481.0,490.0
4984.0,1133.0,1181.0,1193.0,481.0,495.0,501.0
4759.0,1104.0,1106.0,1132.0,470.0,475.0,472.0
4886.0,1153.0,1120.0,1126.0,500.0,486.0,501.0
5045.0,1175.0,1199.0,1159.0,507.0,498.0,507.0
4930.0,1107.0,1180.0,1167.0,496.0,494.0,486.0
4896.0,1161.0,1126.0,1152.0,480.0,496.0,481.0
4959.0,1161.0,1139.0,1164.0,503.0,503.0,489.0
4871.0,1135.0,1131.0,1140.0,485.0,492.0,488.0
4890.0,1134.0,1140.0,1139.0,497.0,485.0,495.0
4917.0,1157.0,1154.0,1141.0,485.0,482.0,498.0
5232.0,1229.0,1223.0,1221.0,517.0,517.0,525.0
4966.0,1155.0,1136.0,1170.0,509.0,501.0,495.0
4981.0,1154.0,1158.0,1171.0,497.0,503.0,498.0
4836.0,1129.0,1130.0,1129.0,482.0,478.0,488.0
4994.0,1161.0,1180.0,1148.0,503.0,510.0,492.0
4924.0,1152.0,1174.0,1137.0,480.0,489.0,492.0
4991.0,1171.0,1166.0,1156.0,507.0,502.0,489.0
5115.0,1196.0,1184.0,1208.0,516.0,501.0,510.0
5037.0,1171.0,1176.0,1175.0,509.0,502.0,504.0
4862.0,1129.0,1152.0,1119.0,484.0,490.0,488.0
4934.0,1142.0,1160.0,1151.0,495.0,481.0,505.0
4922.0,1141.0,1150.0,1132.0,495.0,497.0,507.0
5103.0,1214.0,1162.0,1179.0,510.0,524.0,514.0
5021.0,1167.0,1165.0,1195.0,493.0,499.0,502.0
5005.0,1149.0,1164.0,1186.0,502.0,505.0,499.0
4907.0,1149.0,1139.0,1141.0,494.0,492.0,492.0
4968.0,1189.0,1142.0,1148.0,499.0,502.0,488.0
5015.0,1184.0,1164.0,1159.0,506.0,501.0,501.0
4969.0,1162.0,1149.0,1178.0,511.0,483.0,486.0
4921.0,1160.0,1162.0,1143.0,486.0,487.0,483.0
5109.0,1192.0,1197.0,1204.0,494.0,512.0,510.0
4918.0,1130.0,1121.0,1177.0,486.0,499.0,505.0
4970.0,1143.0,1161.0,1152.0,506.0,506.0,502.0
4985.0,1166.0,1162.0,1151.0,508.0,494.0,504.0
4982.0,1163.0,1176.0,1147.0,502.0,498.0,496.0
4922.0,1134.0,1143.0,1156.0,495.0,487.0,507.0
4990.0,1158.0,1156.0,1184.0,497.0,492.0,503.0
4899.0,1143.0,1155.0,1140.0,491.0,484.0,486.0
5067.0,1157.0,1190.0,1205.0,503.0,504.0,508.0
5009.0,1165.0,1184.0,1158.0,483.0,515.0,504.0
4945.0,1145.0,1147.0,1166.0,493.0,507.0,487.0
4867.0,1149.0,1112.0,1129.0,492.0,493.0,492.0
4833.0,1106.0,1135.0,1132.0,483.0,490.0,487.0
5138.0,1185.0,1208.0,1203.0,515.0,504.0,523.0
5196.0,1243.0,1211.0,1201.0,509.0,516.0,516.0
4989.0,1168.0,1155.0,1154.0,490.0,507.0,515.0
5072.0,1176.0,1183.0,1184.0,511.0,502.0,516.0
5005.0,1180.0,1173.0,1145.0,504.0,507.0,496.0
4882.0,1129.0,1148.0,1156.0,482.0,486.0,481.0
5025.0,1178.0,1162.0,1172.0,510.0,504.0,499.0
5065.0,1185.0,1172.0,1194.0,515.0,501.0,498.0
4914.0,1153.0,1134.0,1149.0,497.0,493.0,488.0
5087.0,1179.0,1191.0,1189.0,500.0,510.0,518.0
4915.0,1131.0,1147.0,1155.0,489.0,495.0,498.0
5142.0,1218.0,1175.0,1217.0,506.0,506.0,520.0
4960.0,1153.0,1160.0,1156.0,499.0,502.0,490.0
4972.0,1149.0,1143.0,1184.0,500.0,492.0,504.0
4946.0,1167.0,1133.0,1158.0,490.0,498.0,500.0
5187.0,1218.0,1205.0,1218.0,516.0,521.0,509.0
5119.0,1185.0,1199.0,1186.0,521.0,525.0,503.0
5039.0,1180.0,1156.0,1179.0,498.0,518.0,508.0
5058.0,1208.0,1168.0,1173.0,494.0,509.0,506.0
4969.0,1173.0,1138.0,1171.0,486.0,503.0,498.0
5013.0,1166.0,1165.0,1190.0,494.0,503.0,495.0
5108.0,1188.0,1172.0,1205.0,512.0,515.0,516.0
4962.0,1180.0,1154.0,1131.0,506.0,495.0,496.0
5061.0,1205.0,1132.0,1190.0,521.0,497.0,516.0
4985.0,1135.0,1181.0,1157.0,505.0,509.0,498.0
5113.0,1200.0,1193.0,1206.0,497.0,513.0,504.0
4993.0,1169.0,1161.0,1176.0,490.0,498.0,499.0
5079.0,1192.0,1174.0,1203.0,502.0,507.0,501.0
5031.0,1184.0,1187.0,1138.0,505.0,509.0,508.0
5104.0,1175.0,1191.0,1201.0,519.0,513.0,505.0
5012.0,1187.0,1179.0,1163.0,505.0,485.0,493.0
5016.0,1139.0,1192.0,1183.0,494.0,496.0,512.0
5050.0,1191.0,1152.0,1181.0,503.0,506.0,517.0
5145.0,1200.0,1184.0,1208.0,513.0,520.0,520.0
5100.0,1179.0,1211.0,1179.0,507.0,519.0,505.0
5146.0,1207.0,1222.0,1179.0,508.0,522.0,508.0
5017.0,1173.0,1166.0,1168.0,510.0,495.0,505.0
5076.0,1187.0,1179.0,1187.0,510.0,505.0,508.0
5123.0,1195.0,1186.0,1203.0,517.0,514.0,508.0
5059.0,1199.0,1187.0,1172.0,502.0,496.0,503.0
4968.0,1155.0,1172.0,1161.0,483.0,495.0,502.0
5074.0,1185.0,1193.0,1172.0,500.0,514.0,510.0
5150.0,1220.0,1173.0,1216.0,506.0,515.0,520.0
5114.0,1199.0,1181.0,1197.0,503.0,519.0,515.0
5157.0,1198.0,1192.0,1205.0,519.0,515.0,528.0
5142.0,1189.0,1207.0,1196.0,517.0,517.0,516.0
5100.0,1207.0,1192.0,1167.0,518.0,505.0,511.0
5007.0,1183.0,1156.0,1153.0,504.0,509.0,502.0
5044.0,1178.0,1207.0,1174.0,502.0,490.0,493.0
5012.0,1177.0,1187.0,1147.0,503.0,501.0,497.0
5177.0,1231.0,1190.0,1232.0,510.0,507.0,507.0
5335.0,1238.0,1234.0,1254.0,526.0,551.0,532.0
5263.0,1222.0,1214.0,1240.0,527.0,531.0,529.0
5070.0,1195.0,1186.0,1156.0,521.0,500.0,512.0
5089.0,1190.0,1196.0,1166.0,508.0,510.0,519.0
5176.0,1190.0,1209.0,1198.0,527.0,526.0,526.0
5357.0,1251.0,1248.0,1260.0,531.0,532.0,535.0
5126.0,1209.0,1175.0,1211.0,504.0,509.0,518.0
5113.0,1172.0,1180.0,1225.0,522.0,510.0,504.0
5234.0,1207.0,1243.0,1226.0,525.0,519.0,514.0
5041.0,1176.0,1181.0,1174.0,506.0,496.0,508.0
5144.0,1183.0,1200.0,1193.0,527.0,522.0,519.0
5143.0,1171.0,1184.0,1234.0,509.0,532.0,513.0
5138.0,1205.0,1219.0,1186.0,503.0,513.0,512.0
5353.0,1234.0,1262.0,1269.0,528.0,530.0,530.0
5063.0,1167.0,1200.0,1181.0,500.0,504.0,511.0
5045.0,1162.0,1160.0,1188.0,519.0,511.0,505.0
5012.0,1207.0,1140.0,1170.0,502.0,490.0,503.0
5234.0,1229.0,1214.0,1229.0,520.0,519.0,523.0
5139.0,1192.0,1225.0,1205.0,520.0,496.0,501.0
5178.0,1199.0,1219.0,1211.0,515.0,524.0,510.0
5097.0,1194.0,1164.0,1214.0,504.0,510.0,511.0
5172.0,1197.0,1219.0,1206.0,508.0,527.0,515.0
5136.0,1186.0,1194.0,1199.0,513.0,518.0,526.0
5238.0,1238.0,1222.0,1217.0,515.0,521.0,525.0
5038.0,1186.0,1163.0,1166.0,509.0,500.0,514.0
5094.0,1183.0,1181.0,1210.0,507.0,497.0,516.0
5082.0,1210.0,1168.0,1200.0,507.0,495.0,502.0
5366.0,1263.0,1264.0,1247.0,520.0,537.0,535.0
5296.0,1240.0,1240.0,1225.0,534.0,531.0,526.0
5293.0,1231.0,1249.0,1234.0,518.0,545.0,516.0
5127.0,1190.0,1189.0,1207.0,519.0,516.0,506.0
5044.0,1184.0,1162.0,1185.0,503.0,505.0,505.0
5176.0,1174.0,1215.0,1225.0,529.0,510.0,523.0
5324.0,1251.0,1252.0,1227.0,545.0,526.0,523.0
5388.0,1265.0,1249.0,1248.0,546.0,543.0,537.0
5191.0,1230.0,1187.0,1222.0,524.0,513.0,515.0
5311.0,1242.0,1245.0,1245.0,526.0,522.0,531.0
5083.0,1180.0,1203.0,1206.0,496.0,502.0,496.0
5246.0,1203.0,1250.0,1246.0,521.0,515.0,511.0
5085.0,1170.0,1179.0,1184.0,506.0,535.0,511.0
5281.0,1244.0,1221.0,1229.0,527.0,532.0,528.0
5270.0,1238.0,1232.0,1218.0,530.0,529.0,523.0
5253.0,1216.0,1231.0,1247.0,514.0,516.0,529.0
5310.0,1226.0,1256.0,1241.0,529.0,530.0,528.0
5315.0,1259.0,1230.0,1246.0,522.0,523.0,535.0
5150.0,1218.0,1202.0,1212.0,496.0,506.0,516.0
5240.0,1213.0,1214.0,1217.0,532.0,539.0,525.0
5168.0,1208.0,1215.0,1198.0,518.0,520.0,509.0
5301.0,1241.0,1263.0,1223.0,529.0,532.0,513.0
5225.0,1200.0,1207.0,1227.0,523.0,540.0,528.0
5167.0,1195.0,1192.0,1235.0,526.0,511.0,508.0
5209.0,1217.0,1203.0,1227.0,519.0,534.0,509.0
5347.0,1261.0,1242.0,1241.0,524.0,538.0,541.0
5138.0,1184.0,1224.0,1185.0,513.0,514.0,518.0
5178.0,1189.0,1233.0,1211.0,519.0,513.0,513.0
5266.0,1240.0,1218.0,1217.0,534.0,521.0,536.0
5156.0,1186.0,1213.0,1202.0,522.0,510.0,523.0
5156.0,1179.0,1200.0,1226.0,522.0,519.0,510.0
5139.0,1198.0,1207.0,1194.0,516.0,507.0,517.0
5058.0,1192.0,1170.0,1175.0,513.0,507.0,501.0
5244.0,1237.0,1202.0,1225.0,518.0,537.0,525.0
5227.0,1224.0,1205.0,1234.0,523.0,516.0,525.0
5267.0,1239.0,1233.0,1241.0,526.0,509.0,519.0
5290.0,1204.0,1232.0,1257.0,539.0,527.0,531.0
5147.0,1180.0,1201.0,1201.0,528.0,519.0,518.0
5298.0,1228.0,1231.0,1216.0,544.0,547.0,532.0
5204.0,1217.0,1222.0,1184.0,506.0,537.0,538.0
5211.0,1213.0,1214.0,1227.0,507.0,522.0,528.0
5259.0,1213.0,1243.0,1228.0,518.0,532.0,525.0
5316.0,1228.0,1231.0,1255.0,533.0,532.0,537.0
5250.0,1228.0,1233.0,1232.0,521.0,519.0,517.0
5251.0,1208.0,1251.0,1221.0,533.0,521.0,517.0
5300.0,1252.0,1256.0,1196.0,531.0,535.0,530.0
5265.0,1227.0,1251.0,1214.0,527.0,528.0,518.0
5262.0,1222.0,1220.0,1236.0,519.0,539.0,526.0
5356.0,1238.0,1230.0,1273.0,528.0,544.0,543.0
5342.0,1257.0,1230.0,1255.0,531.0,533.0,536.0
5244.0,1217.0,1229.0,1223.0,520.0,524.0,531.0
5259.0,1246.0,1228.0,1215.0,518.0,517.0,535.0
5175.0,1227.0,1181.0,1202.0,531.0,510.0,524.0
5181.0,1212.0,1215.0,1211.0,515.0,516.0,512.0
5284.0,1201.0,1255.0,1250.0,539.0,529.0,510.0
5334.0,1238.0,1251.0,1264.0,525.0,529.0,527.0
5212.0,1230.0,1242.0,1208.0,509.0,515.0,508.0
5410.0,1260.0,1252.0,1272.0,539.0,541.0,546.0
5245.0,1241.0,1231.0,1195.0,529.0,521.0,528.0
5374.0,1259.0,1272.0,1248.0,534.0,533.0,528.0
5192.0,1199.0,1234.0,1202.0,528.0,510.0,519.0
5260.0,1208.0,1232.0,1247.0,520.0,523.0,530.0
5329.0,1241.0,1239.0,1243.0,530.0,538.0,538.0
5548.0,1309.0,1297.0,1278.0,555.0,562.0,547.0
5367.0,1247.0,1260.0,1242.0,537.0,540.0,541.0
5500.0,1285.0,1284.0,1273.0,556.0,560.0,542.0
5241.0,1223.0,1200.0,1238.0,530.0,531.0,519.0
5270.0,1227.0,1218.0,1235.0,532.0,529.0,529.0
5297.0,1230.0,1249.0,1243.0,520.0,531.0,524.0
5338.0,1238.0,1253.0,1255.0,533.0,519.0,540.0
5468.0,1290.0,1287.0,1249.0,545.0,542.0,555.0
5327.0,1256.0,1257.0,1246.0,522.0,518.0,528.0
5393.0,1256.0,1246.0,1279.0,535.0,536.0,541.0
5278.0,1237.0,1225.0,1233.0,526.0,526.0,531.0
5315.0,1228.0,1244.0,1241.0,540.0,539.0,523.0
5248.0,1203.0,1243.0,1215.0,527.0,540.0,520.0
5384.0,1286.0,1233.0,1245.0,540.0,545.0,535.0
5326.0,1256.0,1244.0,1224.0,537.0,534.0,531.0
5398.0,1274.0,1262.0,1271.0,525.0,527.0,539.0
5337.0,1236.0,1243.0,1263.0,528.0,534.0,533.0
5455.0,1286.0,1292.0,1263.0,538.0,531.0,545.0
5501.0,1285.0,1271.0,1285.0,556.0,552.0,552.0
5398.0,1263.0,1240.0,1250.0,544.0,555.0,546.0
5277.0,1251.0,1235.0,1190.0,544.0,531.0,526.0
5370.0,1264.0,1268.0,1232.0,528.0,544.0,534.0
5552.0,1296.0,1288.0,1322.0,542.0,541.0,563.0
5320.0,1206.0,1235.0,1276.0,533.0,539.0,531.0
5346.0,1254.0,1236.0,1256.0,537.0,532.0,531.0
5543.0,1313.0,1295.0,1287.0,544.0,553.0,551.0
5222.0,1206.0,1235.0,1210.0,528.0,521.0,522.0
5235.0,1228.0,1234.0,1198.0,525.0,519.0,531.0
5552.0,1297.0,1286.0,1298.0,564.0,545.0,562.0
5640.0,1295.0,1303.0,1347.0,559.0,565.0,571.0
5442.0,1243.0,1288.0,1285.0,538.0,544.0,544.0
5345.0,1245.0,1264.0,1227.0,536.0,545.0,528.0
5329.0,1262.0,1240.0,1238.0,530.0,534.0,525.0
5358.0,1244.0,1266.0,1236.0,543.0,536.0,533.0
5334.0,1239.0,1240.0,1239.0,535.0,542.0,539.0
5468.0,1273.0,1285.0,1276.0,552.0,538.0,544.0
5472.0,1287.0,1264.0,1279.0,548.0,544.0,550.0
5284.0,1214.0,1237.0,1249.0,526.0,516.0,542.0
5398.0,1258.0,1254.0,1262.0,531.0,545.0,548.0
5296.0,1238.0,1245.0,1213.0,530.0,540.0,530.0
5225.0,1196.0,1223.0,1218.0,528.0,528.0,532.0
5533.0,1297.0,1288.0,1297.0,552.0,547.0,552.0
5511.0,1294.0,1278.0,1294.0,556.0,549.0,540.0
5380.0,1241.0,1247.0,1281.0,551.0,530.0,530.0
5371.0,1244.0,1264.0,1262.0,539.0,526.0,536.0
5338.0,1270.0,1248.0,1235.0,532.0,527.0,526.0
5435.0,1269.0,1304.0,1259.0,530.0,542.0,531.0
5492.0,1273.0,1265.0,1299.0,548.0,557.0,550.0
5405.0,1259.0,1257.0,1272.0,529.0,542.0,546.0
5455.0,1281.0,1263.0,1267.0,541.0,551.0,552.0
5532.0,1280.0,1315.0,1282.0,542.0,551.0,562.0
5369.0,1220.0,1287.0,1236.0,544.0,543.0,539.0
5464.0,1273.0,1279.0,1281.0,540.0,545.0,546.0
5244.0,1258.0,1212.0,1217.0,521.0,518.0,518.0
5416.0,1243.0,1274.0,1267.0,541.0,544.0,547.0
5552.0,1294.0,1301.0,1308.0,556.0,537.0,556.0
5484.0,1289.0,1276.0,1272.0,551.0,550.0,546.0
5514.0,1290.0,1288.0,1266.0,558.0,556.0,556.0
5473.0,1301.0,1259.0,1267.0,550.0,550.0,546.0
5479.0,1284.0,1283.0,1272.0,547.0,539.0,554.0
5479.0,1262.0,1300.0,1276.0,551.0,548.0,542.0
5376.0,1247.0,1261.0,1270.0,532.0,527.0,539.0
5367.0,1254.0,1230.0,1276.0,533.0,537.0,537.0
5642.0,1354.0,1288.0,1310.0,563.0,566.0,561.0
5428.0,1277.0,1256.0,1260.0,542.0,548.0,545.0
5550.0,1281.0,1300.0,1294.0,566.0,560.0,549.0
5352.0,1255.0,1243.0,1245.0,539.0,536.0,534.0
5435.0,1279.0,1264.0,1276.0,533.0,542.0,541.0
5418.0,1268.0,1250.0,1264.0,542.0,548.0,546.0
5350.0,1240.0,1251.0,1253.0,540.0,527.0,539.0
5440.0,1264.0,1265.0,1263.0,552.0,541.0,555.0
5430.0,1245.0,1265.0,1280.0,549.0,538.0,553.0
5488.0,1286.0,1275.0,1264.0,551.0,550.0,562.0
5390.0,1259.0,1240.0,1285.0,538.0,538.0,530.0
5525.0,1264.0,1302.0,1301.0,555.0,556.0,547.0
5419.0,1249.0,1281.0,1274.0,544.0,534.0,537.0
5588.0,1284.0,1334.0,1295.0,564.0,563.0,548.0
5521.0,1312.0,1265.0,1280.0,549.0,554.0,561.0
5417.0,1257.0,1278.0,1253.0,539.0,547.0,543.0
5442.0,1256.0,1275.0,1288.0,539.0,531.0,553.0
5501.0,1287.0,1305.0,1271.0,551.0,546.0,541.0
5592.0,1296.0,1306.0,1321.0,551.0,561.0,557.0
5470.0,1268.0,1276.0,1280.0,549.0,546.0,551.0
5507.0,1307.0,1269.0,1262.0,543.0,564.0,562.0
5452.0,1304.0,1269.0,1258.0,540.0,548.0,533.0
5563.0,1296.0,1316.0,1289.0,540.0,568.0,554.0
5412.0,1256.0,1260.0,1269.0,539.0,548.0,540.0
5463.0,1290.0,1265.0,1276.0,534.0,550.0,548.0
5436.0,1270.0,1279.0,1249.0,559.0,536.0,543.0
5304.0,1219.0,1254.0,1236.0,533.0,526.0,536.0
5406.0,1251.0,1261.0,1270.0,534.0,541.0,549.0
5546.0,1307.0,1279.0,1303.0,547.0,555.0,555.0
5512.0,1297.0,1270.0,1290.0,544.0,552.0,559.0
5447.0,1283.0,1269.0,1268.0,548.0,541.0,538.0
5503.0,1309.0,1288.0,1281.0,541.0,548.0,536.0
5351.0,1259.0,1244.0,1239.0,543.0,535.0,531.0
5531.0,1269.0,1304.0,1291.0,559.0,555.0,553.0
5503.0,1285.0,1280.0,1296.0,556.0,547.0,539.0
5630.0,1324.0,1313.0,1314.0,563.0,552.0,564.0
5630.0,1306.0,1306.0,1326.0,568.0,559.0,565.0
5590.0,1312.0,1291.0,1313.0,553.0,553.0,568.0
5583.0,1307.0,1310.0,1287.0,545.0,562.0,572.0
5438.0,1270.0,1263.0,1256.0,545.0,545.0,559.0
5369.0,1256.0,1228.0,1248.0,539.0,549.0,549.0
5640.0,1331.0,1318.0,1297.0,572.0,558.0,564.0
5481.0,1271.0,1281.0,1295.0,550.0,546.0,538.0
5527.0,1277.0,1301.0,1299.0,557.0,551.0,542.0
5498.0,1295.0,1285.0,1267.0,549.0,554.0,548.0
5575.0,1303.0,1306.0,1303.0,548.0,555.0,560.0
5524.0,1325.0,1288.0,1277.0,545.0,544.0,545.0
5483.0,1254.0,1299.0,1276.0,555.0,543.0,556.0
5388.0,1273.0,1223.0,1265.0,539.0,545.0,543.0
5476.0,1285.0,1247.0,1272.0,559.0,553.0,560.0
5457.0,1277.0,1253.0,1267.0,558.0,548.0,554.0
5407.0,1246.0,1247.0,1269.0,541.0,558.0,546.0
5461.0,1268.0,1273.0,1285.0,544.0,546.0,545.0
5583.0,1318.0,1295.0,1318.0,552.0,551.0,549.0
5501.0,1274.0,1276.0,1316.0,546.0,535.0,554.0
5583.0,1292.0,1320.0,1320.0,551.0,548.0,552.0
5482.0,1277.0,1266.0,1284.0,556.0,549.0,550.0
5620.0,1295.0,1310.0,1315.0,566.0,571.0,563.0
5578.0,1311.0,1280.0,1294.0,562.0,568.0,563.0
5466.0,1270.0,1264.0,1277.0,550.0,548.0,557.0
5534.0,1290.0,1285.0,1300.0,544.0,548.0,567.0
5486.0,1282.0,1288.0,1280.0,536.0,544.0,556.0
5567.0,1291.0,1301.0,1311.0,550.0,554.0,560.0
5498.0,1300.0,1284.0,1270.0,554.0,542.0,548.0
5596.0,1310.0,1267.0,1325.0,573.0,563.0,558.0
5564.0,1295.0,1315.0,1275.0,573.0,554.0,552.0
5550.0,1300.0,1300.0,1276.0,562.0,562.0,550.0
5363.0,1270.0,1248.0,1249.0,526.0,535.0,535.0
5575.0,1296.0,1281.0,1320.0,557.0,562.0,559.0
5601.0,1301.0,1311.0,1291.0,563.0,558.0,577.0
5664.0,1313.0,1316.0,1320.0,581.0,560.0,574.0
5734.0,1315.0,1362.0,1332.0,583.0,562.0,580.0
5451.0,1254.0,1283.0,1278.0,556.0,540.0,540.0
5451.0,1266.0,1268.0,1278.0,560.0,539.0,540.0
5593.0,1313.0,1285.0,1325.0,555.0,563.0,552.0
5617.0,1299.0,1308.0,1322.0,560.0,573.0,555.0
5536.0,1302.0,1288.0,1281.0,543.0,560.0,562.0
5522.0,1288.0,1274.0,1300.0,549.0,559.0,552.0
5612.0,1304.0,1315.0,1305.0,558.0,560.0,570.0
5572.0,1294.0,1289.0,1311.0,561.0,552.0,565.0
5609.0,1311.0,1312.0,1303.0,563.0,557.0,563.0
5584.0,1301.0,1302.0,1322.0,553.0,543.0,563.0
5508.0,1260.0,1290.0,1300.0,553.0,545.0,560.0
5532.0,1308.0,1286.0,1275.0,551.0,557.0,555.0
5647.0,1339.0,1315.0,1318.0,552.0,561.0,562.0
5575.0,1287.0,1321.0,1308.0,553.0,555.0,551.0
5682.0,1330.0,1320.0,1334.0,568.0,567.0,563.0
5505.0,1311.0,1258.0,1294.0,554.0,556.0,532.0
5533.0,1304.0,1282.0,1287.0,564.0,543.0,553.0
5550.0,1298.0,1293.0,1287.0,566.0,553.0,553.0
5560.0,1294.0,1302.0,1295.0,551.0,558.0,560.0
5634.0,1314.0,1349.0,1296.0,550.0,566.0,559.0
5721.0,1339.0,1338.0,1341.0,560.0,565.0,578.0
5675.0,1319.0,1289.0,1358.0,565.0,570.0,574.0
5688.0,1327.0,1337.0,1314.0,569.0,575.0,566.0
5556.0,1301.0,1303.0,1286.0,561.0,558.0,547.0
5551.0,1298.0,1284.0,1296.0,563.0,561.0,549.0
5472.0,1282.0,1279.0,1269.0,546.0,550.0,546.0
5748.0,1342.0,1342.0,1346.0,574.0,573.0,571.0
5706.0,1329.0,1317.0,1351.0,558.0,575.0,576.0
5695.0,1323.0,1339.0,1337.0,564.0,568.0,564.0
5677.0,1323.0,1334.0,1316.0,559.0,563.0,582.0
5630.0,1324.0,1300.0,1302.0,563.0,571.0,570.0
5722.0,1322.0,1322.0,1338.0,569.0,588.0,583.0
5722.0,1336.0,1328.0,1354.0,571.0,567.0,566.0
5734.0,1350.0,1346.0,1326.0,562.0,584.0,566.0
5913.0,1362.0,1388.0,1392.0,584.0,596.0,591.0
5675.0,1309.0,1312.0,1354.0,560.0,570.0,570.0
5621.0,1343.0,1300.0,1302.0,557.0,565.0,554.0
5756.0,1352.0,1358.0,1310.0,577.0,578.0,581.0
5564.0,1291.0,1299.0,1300.0,560.0,557.0,557.0
5584.0,1291.0,1310.0,1306.0,558.0,560.0,559.0
5650.0,1335.0,1295.0,1321.0,558.0,565.0,576.0
5588.0,1291.0,1289.0,1308.0,561.0,573.0,566.0
5585.0,1302.0,1281.0,1306.0,566.0,565.0,565.0
5686.0,1334.0,1334.0,1321.0,566.0,569.0,562.0
5576.0,1304.0,1305.0,1296.0,558.0,554.0,559.0
5477.0,1262.0,1272.0,1299.0,548.0,553.0,543.0
5609.0,1305.0,1299.0,1318.0,567.0,557.0,563.0
5629.0,1316.0,1307.0,1315.0,560.0,574.0,557.0
5752.0,1341.0,1350.0,1342.0,560.0,577.0,582.0
5629.0,1320.0,1308.0,1306.0,555.0,570.0,570.0
5626.0,1321.0,1314.0,1300.0,557.0,562.0,572.0
5570.0,1304.0,1287.0,1308.0,545.0,569.0,557.0
5585.0,1267.0,1321.0,1308.0,558.0,561.0,570.0
5767.0,1327.0,1358.0,1352.0,578.0,571.0,581.0
5840.0,1389.0,1380.0,1349.0,578.0,574.0,570.0
5513.0,1276.0,1288.0,1286.0,564.0,553.0,546.0
5723.0,1348.0,1333.0,1335.0,570.0,568.0,569.0
5738.0,1341.0,1360.0,1334.0,563.0,573.0,567.0
5604.0,1284.0,1331.0,1300.0,565.0,557.0,567.0
5686.0,1325.0,1332.0,1330.0,554.0,573.0,572.0
5879.0,1376.0,1344.0,1386.0,594.0,587.0,592.0
5483.0,1297.0,1265.0,1263.0,555.0,551.0,552.0
5810.0,1358.0,1354.0,1344.0,597.0,578.0,579.0
5588.0,1292.0,1283.0,1323.0,566.0,557.0,567.0
5670.0,1339.0,1301.0,1341.0,558.0,562.0,569.0
5759.0,1337.0,1344.0,1374.0,567.0,571.0,566.0
5728.0,1321.0,1345.0,1346.0,572.0,581.0,563.0
5664.0,1330.0,1328.0,1307.0,562.0,576.0,561.0
5809.0,1361.0,1343.0,1368.0,578.0,584.0,575.0
5625.0,1309.0,1303.0,1316.0,563.0,560.0,574.0
5741.0,1341.0,1321.0,1351.0,573.0,577.0,578.0
5789.0,1343.0,1342.0,1368.0,583.0,580.0,573.0
5768.0,1343.0,1358.0,1348.0,575.0,567.0,577.0
5617.0,1296.0,1322.0,1314.0,564.0,556.0,565.0
5705.0,1339.0,1347.0,1315.0,562.0,571.0,571.0
5828.0,1394.0,1313.0,1370.0,591.0,581.0,579.0
5661.0,1301.0,1329.0,1322.0,571.0,571.0,567.0
5768.0,1303.0,1371.0,1360.0,590.0,576.0,568.0
5719.0,1352.0,1336.0,1321.0,576.0,579.0,555.0
5619.0,1323.0,1294.0,1303.0,573.0,561.0,565.0
5551.0,1285.0,1288.0,1305.0,550.0,551.0,572.0
5730.0,1341.0,1328.0,1338.0,563.0,580.0,580.0
5734.0,1338.0,1338.0,1343.0,569.0,562.0,584.0
5625.0,1317.0,1291.0,1324.0,564.0,561.0,568.0
5774.0,1348.0,1342.0,1352.0,577.0,571.0,584.0
5735.0,1356.0,1319.0,1336.0,577.0,573.0,574.0
5842.0,1366.0,1366.0,1364.0,577.0,581.0,588.0
5641.0,1276.0,1338.0,1327.0,561.0,565.0,574.0
5749.0,1331.0,1354.0,1356.0,565.0,572.0,571.0
5736.0,1355.0,1314.0,1348.0,571.0,573.0,575.0
5596.0,1275.0,1294.0,1331.0,570.0,561.0,565.0
5871.0,1358.0,1377.0,1363.0,588.0,585.0,600.0
5707.0,1329.0,1331.0,1333.0,566.0,571.0,577.0
5817.0,1364.0,1358.0,1349.0,576.0,588.0,582.0
5815.0,1339.0,1351.0,1366.0,578.0,582.0,599.0
5671.0,1334.0,1309.0,1334.0,555.0,569.0,570.0
5920.0,1389.0,1379.0,1393.0,584.0,596.0,579.0
5906.0,1374.0,1388.0,1382.0,591.0,592.0,579.0
5618.0,1285.0,1317.0,1325.0,565.0,566.0,560.0
5791.0,1377.0,1339.0,1340.0,588.0,574.0,573.0
5774.0,1377.0,1330.0,1354.0,573.0,567.0,573.0
5849.0,1328.0,1403.0,1350.0,591.0,587.0,590.0
5719.0,1329.0,1342.0,1348.0,573.0,566.0,561.0
5859.0,1387.0,1347.0,1369.0,582.0,583.0,591.0
6029.0,1402.0,1395.0,1413.0,597.0,614.0,608.0
5884.0,1367.0,1368.0,1378.0,593.0,589.0,589.0
5824.0,1370.0,1362.0,1338.0,587.0,586.0,581.0
5740.0,1347.0,1350.0,1333.0,577.0,567.0,566.0
5706.0,1310.0,1335.0,1337.0,585.0,569.0,570.0
5836.0,1359.0,1363.0,1376.0,579.0,586.0,573.0
5877.0,1385.0,1382.0,1364.0,584.0,586.0,576.0
5742.0,1342.0,1365.0,1325.0,568.0,565.0,577.0
5793.0,1359.0,1376.0,1334.0,577.0,572.0,575.0
5938.0,1399.0,1389.0,1371.0,592.0,588.0,599.0
5890.0,1370.0,1362.0,1391.0,581.0,595.0,591.0
5891.0,1368.0,1382.0,1375.0,594.0,581.0,591.0
5736.0,1330.0,1345.0,1328.0,582.0,576.0,575.0
5810.0,1368.0,1369.0,1329.0,581.0,579.0,584.0
5789.0,1352.0,1371.0,1333.0,586.0,581.0,566.0
5727.0,1319.0,1336.0,1354.0,574.0,571.0,573.0
5764.0,1364.0,1336.0,1338.0,583.0,572.0,571.0
5693.0,1316.0,1330.0,1331.0,569.0,574.0,573.0
5609.0,1288.0,1318.0,1312.0,566.0,564.0,561.0
5898.0,1383.0,1347.0,1391.0,595.0,588.0,594.0
5779.0,1369.0,1322.0,1331.0,589.0,591.0,577.0
5844.0,1361.0,1371.0,1345.0,579.0,592.0,596.0
5830.0,1339.0,1370.0,1358.0,579.0,584.0,600.0
5798.0,1355.0,1364.0,1351.0,574.0,573.0,581.0
5722.0,1330.0,1329.0,1350.0,570.0,568.0,575.0
5847.0,1344.0,1367.0,1384.0,579.0,582.0,591.0
5874.0,1367.0,1353.0,1376.0,604.0,592.0,582.0
5804.0,1361.0,1364.0,1332.0,584.0,589.0,574.0
5764.0,1326.0,1366.0,1332.0,579.0,582.0,579.0
5704.0,1325.0,1318.0,1332.0,570.0,577.0,582.0
5755.0,1353.0,1334.0,1353.0,568.0,565.0,582.0
5850.0,1370.0,1382.0,1370.0,569.0,577.0,582.0
5768.0,1350.0,1363.0,1335.0,568.0,572.0,580.0
5766.0,1360.0,1349.0,1317.0,582.0,576.0,582.0
5885.0,1386.0,1368.0,1359.0,604.0,584.0,584.0
5813.0,1354.0,1337.0,1346.0,606.0,588.0,582.0
5954.0,1360.0,1396.0,1403.0,599.0,600.0,596.0
5974.0,1393.0,1409.0,1398.0,596.0,593.0,585.0
5869.0,1370.0,1377.0,1377.0,572.0,593.0,580.0
5754.0,1327.0,1337.0,1341.0,573.0,590.0,586.0
5842.0,1365.0,1356.0,1366.0,584.0,583.0,588.0
6090.0,1433.0,1405.0,1427.0,610.0,601.0,614.0
5914.0,1374.0,1388.0,1372.0,593.0,588.0,599.0
5990.0,1384.0,1400.0,1415.0,602.0,595.0,594.0
5906.0,1375.0,1357.0,1395.0,594.0,590.0,595.0
5779.0,1358.0,1349.0,1322.0,587.0,591.0,572.0
5821.0,1369.0,1343.0,1365.0,582.0,586.0,576.0
5957.0,1375.0,1421.0,1373.0,592.0,602.0,594.0
5921.0,1391.0,1364.0,1382.0,593.0,592.0,599.0
5901.0,1376.0,1364.0,1387.0,589.0,590.0,595.0
5856.0,1360.0,1368.0,1350.0,595.0,586.0,597.0
5734.0,1360.0,1343.0,1317.0,577.0,564.0,573.0
5800.0,1372.0,1346.0,1348.0,579.0,571.0,584.0
5891.0,1358.0,1363.0,1387.0,588.0,596.0,599.0
5776.0,1367.0,1335.0,1347.0,570.0,583.0,574.0
6040.0,1401.0,1409.0,1441.0,601.0,594.0,594.0
5849.0,1358.0,1359.0,1375.0,592.0,587.0,578.0
5937.0,1398.0,1382.0,1385.0,593.0,592.0,587.0
5901.0,1385.0,1381.0,1360.0,598.0,595.0,582.0
5777.0,1365.0,1335.0,1338.0,582.0,572.0,585.0
5808.0,1372.0,1349.0,1355.0,570.0,580.0,582.0
5870.0,1353.0,1383.0,1372.0,578.0,594.0,590.0
6007.0,1410.0,1403.0,1392.0,592.0,603.0,607.0
6004.0,1399.0,1402.0,1376.0,609.0,606.0,612.0
6048.0,1391.0,1418.0,1412.0,608.0,607.0,612.0
5989.0,1408.0,1391.0,1381.0,607.0,604.0,598.0
5926.0,1373.0,1384.0,1377.0,594.0,605.0,593.0
5797.0,1362.0,1340.0,1365.0,590.0,573.0,567.0
5878.0,1377.0,1352.0,1390.0,584.0,586.0,589.0
6098.0,1443.0,1413.0,1423.0,602.0,599.0,618.0
6014.0,1403.0,1402.0,1417.0,587.0,603.0,602.0
5878.0,1367.0,1371.0,1372.0,588.0,580.0,600.0
6041.0,1411.0,1404.0,1402.0,608.0,608.0,608.0
5996.0,1399.0,1379.0,1400.0,608.0,607.0,603.0
5882.0,1360.0,1347.0,1379.0,592.0,604.0,600.0
5886.0,1368.0,1368.0,1383.0,596.0,590.0,581.0
5957.0,1414.0,1385.0,1400.0,586.0,586.0,586.0
5903.0,1355.0,1373.0,1398.0,592.0,597.0,588.0
5895.0,1359.0,1384.0,1374.0,595.0,600.0,583.0
5969.0,1403.0,1388.0,1412.0,589.0,588.0,589.0
5805.0,1364.0,1329.0,1358.0,586.0,583.0,585.0
5842.0,1348.0,1364.0,1371.0,592.0,582.0,585.0
6020.0,1405.0,1405.0,1394.0,598.0,607.0,611.0
5809.0,1368.0,1341.0,1358.0,582.0,574.0,586.0
6009.0,1377.0,1397.0,1413.0,597.0,607.0,618.0
5904.0,1378.0,1381.0,1375.0,591.0,587.0,592.0
5948.0,1393.0,1397.0,1391.0,594.0,579.0,594.0
6039.0,1395.0,1383.0,1444.0,605.0,597.0,615.0
5981.0,1406.0,1386.0,1392.0,603.0,601.0,593.0
5883.0,1389.0,1374.0,1350.0,592.0,585.0,593.0
5936.0,1395.0,1379.0,1378.0,598.0,599.0,587.0
5898.0,1382.0,1388.0,1368.0,585.0,586.0,589.0
6098.0,1411.0,1430.0,1431.0,599.0,611.0,616.0
5948.0,1407.0,1365.0,1405.0,581.0,591.0,599.0
6022.0,1401.0,1399.0,1405.0,602.0,602.0,613.0
5962.0,1376.0,1404.0,1393.0,593.0,592.0,604.0
6058.0,1392.0,1452.0,1398.0,605.0,605.0,606.0
6036.0,1411.0,1417.0,1394.0,612.0,602.0,600.0
5842.0,1342.0,1362.0,1371.0,599.0,583.0,585.0
6095.0,1432.0,1396.0,1427.0,614.0,620.0,606.0
5967.0,1379.0,1400.0,1415.0,590.0,594.0,589.0
6012.0,1407.0,1401.0,1416.0,589.0,607.0,592.0
5955.0,1360.0,1412.0,1385.0,598.0,594.0,606.0
5935.0,1378.0,1387.0,1391.0,588.0,597.0,594.0
6083.0,1412.0,1429.0,1411.0,612.0,610.0,609.0
6011.0,1395.0,1417.0,1407.0,597.0,592.0,603.0
6002.0,1373.0,1399.0,1425.0,600.0,603.0,602.0
6023.0,1409.0,1416.0,1399.0,591.0,598.0,610.0
5934.0,1406.0,1378.0,1369.0,590.0,592.0,599.0
5884.0,1364.0,1389.0,1353.0,591.0,602.0,585.0
6129.0,1430.0,1435.0,1423.0,617.0,617.0,607.0
6059.0,1413.0,1399.0,1417.0,613.0,612.0,605.0
5865.0,1344.0,1349.0,1405.0,588.0,598.0,581.0
5964.0,1383.0,1378.0,1384.0,609.0,603.0,607.0
6018.0,1412.0,1419.0,1382.0,592.0,603.0,610.0
5880.0,1410.0,1377.0,1331.0,584.0,583.0,595.0
5921.0,1377.0,1390.0,1374.0,589.0,592.0,599.0
5786.0,1359.0,1337.0,1356.0,571.0,575.0,588.0
6088.0,1417.0,1416.0,1429.0,604.0,617.0,605.0
6095.0,1408.0,1424.0,1427.0,617.0,612.0,607.0
6004.0,1398.0,1399.0,1402.0,608.0,604.0,593.0
6025.0,1414.0,1417.0,1392.0,601.0,602.0,599.0
5790.0,1357.0,1364.0,1337.0,579.0,576.0,577.0
5947.0,1404.0,1383.0,1392.0,591.0,585.0,592.0
5955.0,1374.0,1392.0,1408.0,582.0,595.0,604.0
6112.0,1427.0,1410.0,1440.0,614.0,613.0,608.0
6069.0,1406.0,1434.0,1382.0,620.0,613.0,614.0
5986.0,1383.0,1395.0,1378.0,610.0,610.0,610.0
5909.0,1370.0,1380.0,1376.0,594.0,595.0,594.0
6057.0,1425.0,1402.0,1413.0,595.0,616.0,606.0
5909.0,1354.0,1392.0,1400.0,586.0,592.0,585.0
6029.0,1394.0,1429.0,1415.0,601.0,589.0,601.0
6096.0,1439.0,1396.0,1432.0,609.0,606.0,614.0
6001.0,1392.0,1393.0,1399.0,608.0,593.0,616.0
6038.0,1403.0,1424.0,1396.0,609.0,603.0,603.0
6033.0,1417.0,1393.0,1411.0,603.0,604.0,605.0
5982.0,1387.0,1385.0,1413.0,597.0,600.0,600.0
6022.0,1381.0,1401.0,1430.0,603.0,610.0,597.0
5977.0,1381.0,1376.0,1425.0,598.0,598.0,599.0
6163.0,1447.0,1427.0,1438.0,622.0,614.0,615.0
6032.0,1424.0,1420.0,1372.0,604.0,611.0,601.0
6006.0,1404.0,1416.0,1394.0,600.0,598.0,594.0
6025.0,1411.0,1388.0,1422.0,606.0,601.0,597.0
6012.0,1427.0,1376.0,1401.0,610.0,599.0,599.0
5994.0,1374.0,1420.0,1394.0,603.0,604.0,599.0
6149.0,1414.0,1443.0,1446.0,621.0,609.0,616.0
6072.0,1403.0,1418.0,1399.0,613.0,613.0,626.0
6236.0,1431.0,1475.0,1452.0,625.0,626.0,627.0
6123.0,1423.0,1417.0,1444.0,608.0,617.0,614.0
6233.0,1457.0,1436.0,1461.0,625.0,624.0,630.0
6224.0,1462.0,1457.0,1463.0,624.0,605.0,613.0
6046.0,1409.0,1426.0,1404.0,607.0,596.0,604.0
6100.0,1428.0,1421.0,1415.0,614.0,612.0,610.0
6143.0,1448.0,1441.0,1411.0,617.0,609.0,617.0
6164.0,1427.0,1452.0,1433.0,625.0,608.0,619.0
6009.0,1398.0,1414.0,1403.0,587.0,603.0,604.0
6190.0,1431.0,1445.0,1437.0,625.0,621.0,631.0
6059.0,1422.0,1380.0,1424.0,610.0,610.0,613.0
5994.0,1383.0,1400.0,1392.0,616.0,601.0,602.0
6141.0,1441.0,1441.0,1422.0,612.0,616.0,609.0
6118.0,1435.0,1451.0,1415.0,596.0,608.0,613.0
6134.0,1431.0,1418.0,1432.0,609.0,626.0,618.0
6198.0,1417.0,1436.0,1476.0,619.0,626.0,624.0
6050.0,1425.0,1396.0,1420.0,607.0,613.0,589.0
5971.0,1396.0,1397.0,1374.0,606.0,599.0,599.0
6114.0,1409.0,1450.0,1393.0,622.0,620.0,620.0
5993.0,1390.0,1398.0,1407.0,604.0,591.0,603.0
6241.0,1463.0,1457.0,1458.0,618.0,619.0,626.0
6192.0,1417.0,1464.0,1452.0,621.0,606.0,632.0
6214.0,1435.0,1473.0,1448.0,616.0,612.0,630.0
5973.0,1395.0,1392.0,1398.0,600.0,589.0,599.0
6037.0,1447.0,1381.0,1396.0,604.0,609.0,600.0
5943.0,1391.0,1376.0,1384.0,603.0,596.0,593.0
6103.0,1431.0,1426.0,1423.0,607.0,616.0,600.0
6303.0,1503.0,1456.0,1464.0,628.0,636.0,616.0
6100.0,1433.0,1428.0,1415.0,612.0,606.0,606.0
6116.0,1416.0,1427.0,1422.0,611.0,614.0,626.0
6087.0,1419.0,1420.0,1422.0,608.0,607.0,611.0
6161.0,1442.0,1467.0,1416.0,612.0,605.0,619.0
6053.0,1394.0,1424.0,1425.0,604.0,598.0,608.0
6143.0,1430.0,1439.0,1436.0,610.0,613.0,615.0
6200.0,1449.0,1443.0,1440.0,628.0,627.0,613.0
6261.0,1471.0,1465.0,1443.0,632.0,632.0,618.0
6142.0,1425.0,1440.0,1441.0,609.0,614.0,613.0
6101.0,1448.0,1421.0,1395.0,611.0,612.0,614.0
6213.0,1476.0,1447.0,1442.0,614.0,616.0,618.0
6005.0,1393.0,1388.0,1416.0,596.0,596.0,616.0
6109.0,1418.0,1412.0,1437.0,618.0,617.0,607.0
6114.0,1447.0,1420.0,1414.0,611.0,594.0,628.0
6039.0,1422.0,1401.0,1403.0,611.0,600.0,602.0
6092.0,1420.0,1428.0,1388.0,624.0,620.0,612.0
6260.0,1482.0,1431.0,1455.0,636.0,630.0,626.0
6192.0,1451.0,1425.0,1454.0,614.0,636.0,612.0
6194.0,1440.0,1451.0,1446.0,616.0,627.0,614.0
6167.0,1444.0,1426.0,1445.0,619.0,621.0,612.0
6195.0,1457.0,1451.0,1438.0,618.0,620.0,611.0
6194.0,1441.0,1425.0,1450.0,623.0,624.0,631.0
6002.0,1393.0,1387.0,1401.0,615.0,595.0,611.0
6101.0,1430.0,1438.0,1402.0,608.0,605.0,618.0
6273.0,1482.0,1472.0,1432.0,623.0,625.0,639.0
6196.0,1433.0,1445.0,1454.0,612.0,638.0,614.0
6153.0,1432.0,1431.0,1424.0,615.0,623.0,628.0
6158.0,1452.0,1421.0,1443.0,603.0,620.0,619.0
6097.0,1422.0,1450.0,1399.0,618.0,608.0,600.0
6210.0,1428.0,1483.0,1434.0,625.0,617.0,623.0
6185.0,1462.0,1423.0,1452.0,625.0,610.0,613.0
6250.0,1475.0,1437.0,1469.0,621.0,619.0,629.0
6317.0,1477.0,1464.0,1487.0,632.0,628.0,629.0
6296.0,1469.0,1491.0,1458.0,614.0,629.0,635.0
6363.0,1497.0,1479.0,1467.0,641.0,641.0,638.0
6195.0,1421.0,1448.0,1439.0,628.0,629.0,630.0
6204.0,1448.0,1435.0,1442.0,623.0,626.0,630.0
6134.0,1437.0,1424.0,1414.0,620.0,627.0,612.0
6121.0,1444.0,1426.0,1421.0,615.0,607.0,608.0
6165.0,1425.0,1454.0,1442.0,623.0,612.0,609.0
6129.0,1436.0,1433.0,1410.0,622.0,622.0,606.0
6298.0,1481.0,1489.0,1456.0,624.0,616.0,632.0
6187.0,1430.0,1444.0,1447.0,620.0,621.0,625.0
6250.0,1433.0,1485.0,1462.0,628.0,625.0,617.0
6285.0,1467.0,1472.0,1464.0,631.0,630.0,621.0
6088.0,1438.0,1395.0,1425.0,607.0,607.0,616.0
6329.0,1475.0,1483.0,1454.0,642.0,636.0,639.0
6350.0,1489.0,1490.0,1484.0,627.0,633.0,627.0
6252.0,1477.0,1461.0,1463.0,615.0,610.0,626.0
6311.0,1463.0,1475.0,1494.0,623.0,623.0,633.0
6299.0,1470.0,1462.0,1478.0,623.0,632.0,634.0
6254.0,1453.0,1450.0,1472.0,630.0,624.0,625.0
6165.0,1448.0,1452.0,1409.0,618.0,620.0,618.0
6248.0,1442.0,1483.0,1438.0,627.0,629.0,629.0
6298.0,1451.0,1499.0,1445.0,636.0,640.0,627.0
6460.0,1537.0,1485.0,1506.0,642.0,640.0,650.0
6294.0,1445.0,1455.0,1479.0,633.0,636.0,646.0
6377.0,1482.0,1507.0,1487.0,632.0,631.0,638.0
6239.0,1483.0,1452.0,1460.0,614.0,611.0,619.0
6137.0,1435.0,1452.0,1417.0,615.0,606.0,612.0
6034.0,1399.0,1400.0,1411.0,613.0,604.0,607.0
6176.0,1430.0,1437.0,1451.0,627.0,618.0,613.0
6205.0,1443.0,1450.0,1464.0,613.0,617.0,618.0
6332.0,1480.0,1489.0,1473.0,625.0,633.0,632.0
6283.0,1451.0,1489.0,1463.0,622.0,629.0,629.0
6140.0,1443.0,1419.0,1424.0,618.0,614.0,622.0
6210.0,1429.0,1476.0,1450.0,615.0,613.0,627.0
6237.0,1455.0,1455.0,1455.0,634.0,617.0,621.0
6194.0,1442.0,1446.0,1465.0,615.0,616.0,610.0
6347.0,1490.0,1480.0,1477.0,642.0,632.0,626.0
6395.0,1496.0,1481.0,1493.0,651.0,644.0,630.0
6205.0,1440.0,1445.0,1442.0,626.0,637.0,615.0
6357.0,1490.0,1490.0,1482.0,627.0,637.0,631.0
6219.0,1474.0,1445.0,1440.0,619.0,618.0,623.0
6175.0,1417.0,1458.0,1437.0,620.0,620.0,623.0
6199.0,1455.0,1418.0,1468.0,623.0,609.0,626.0
6309.0,1486.0,1451.0,1473.0,640.0,622.0,637.0
6361.0,1482.0,1494.0,1463.0,648.0,637.0,637.0
6261.0,1454.0,1473.0,1456.0,625.0,624.0,629.0
6211.0,1451.0,1437.0,1432.0,627.0,636.0,628.0
6155.0,1445.0,1417.0,1458.0,609.0,621.0,605.0
6218.0,1436.0,1442.0,1477.0,623.0,629.0,611.0
6264.0,1449.0,1479.0,1470.0,635.0,621.0,610.0
6416.0,1496.0,1509.0,1494.0,641.0,640.0,636.0
6397.0,1478.0,1504.0,1500.0,640.0,631.0,644.0
6205.0,1441.0,1441.0,1457.0,621.0,618.0,627.0
6200.0,1466.0,1433.0,1435.0,615.0,619.0,632.0
6254.0,1458.0,1474.0,1456.0,608.0,633.0,625.0
6309.0,1477.0,1468.0,1484.0,633.0,627.0,620.0
6513.0,1533.0,1500.0,1523.0,643.0,656.0,658.0
6271.0,1471.0,1444.0,1461.0,629.0,633.0,633.0
6281.0,1461.0,1474.0,1458.0,645.0,626.0,617.0
6334.0,1471.0,1470.0,1486.0,634.0,640.0,633.0
6295.0,1469.0,1464.0,1484.0,635.0,626.0,617.0
6181.0,1450.0,1450.0,1450.0,610.0,601.0,620.0
6275.0,1476.0,1444.0,1480.0,624.0,625.0,626.0
6395.0,1494.0,1507.0,1480.0,640.0,630.0,644.0
6285.0,1468.0,1485.0,1450.0,633.0,628.0,621.0
6312.0,1454.0,1486.0,1455.0,639.0,644.0,634.0
6319.0,1449.0,1470.0,1488.0,638.0,633.0,641.0
6244.0,1463.0,1443.0,1458.0,628.0,625.0,627.0
6385.0,1483.0,1516.0,1481.0,638.0,631.0,636.0
6285.0,1461.0,1489.0,1476.0,617.0,614.0,628.0
6419.0,1519.0,1512.0,1486.0,638.0,628.0,636.0
6385.0,1491.0,1486.0,1487.0,648.0,633.0,640.0
6301.0,1469.0,1468.0,1461.0,641.0,629.0,633.0
6458.0,1499.0,1513.0,1499.0,652.0,646.0,649.0
6474.0,1511.0,1493.0,1510.0,650.0,656.0,654.0
6387.0,1488.0,1489.0,1489.0,640.0,636.0,645.0
6210.0,1448.0,1459.0,1425.0,615.0,630.0,633.0
6321.0,1498.0,1466.0,1456.0,625.0,641.0,635.0
6372.0,1478.0,1485.0,1501.0,636.0,631.0,641.0
6214.0,1433.0,1461.0,1457.0,630.0,615.0,618.0
6414.0,1491.0,1512.0,1505.0,636.0,638.0,632.0
6267.0,1485.0,1454.0,1468.0,625.0,623.0,612.0
6298.0,1461.0,1467.0,1461.0,638.0,646.0,625.0
6310.0,1470.0,1474.0,1461.0,631.0,633.0,641.0
6261.0,1461.0,1464.0,1441.0,624.0,641.0,630.0
6442.0,1510.0,1495.0,1503.0,642.0,640.0,652.0
6400.0,1481.0,1478.0,1511.0,650.0,637.0,643.0
6285.0,1459.0,1464.0,1471.0,628.0,624.0,639.0
6314.0,1484.0,1492.0,1446.0,629.0,629.0,634.0
6426.0,1494.0,1481.0,1513.0,657.0,636.0,645.0
6312.0,1469.0,1463.0,1479.0,636.0,634.0,631.0
6335.0,1481.0,1475.0,1483.0,635.0,640.0,621.0
6472.0,1501.0,1524.0,1524.0,636.0,650.0,637.0
6387.0,1505.0,1479.0,1493.0,629.0,639.0,642.0
6441.0,1478.0,1506.0,1522.0,640.0,652.0,643.0
6413.0,1502.0,1503.0,1471.0,638.0,651.0,648.0
6317.0,1471.0,1476.0,1458.0,645.0,628.0,639.0
6218.0,1448.0,1436.0,1440.0,635.0,624.0,635.0
6384.0,1494.0,1477.0,1511.0,638.0,622.0,642.0
6414.0,1508.0,1492.0,1512.0,628.0,632.0,642.0
6372.0,1474.0,1466.0,1509.0,640.0,647.0,636.0
6338.0,1479.0,1476.0,1477.0,629.0,641.0,636.0
6407.0,1511.0,1509.0,1465.0,646.0,641.0,635.0
6472.0,1518.0,1503.0,1511.0,649.0,650.0,641.0
6379.0,1481.0,1494.0,1488.0,650.0,635.0,631.0
6347.0,1500.0,1460.0,1491.0,627.0,631.0,638.0
6364.0,1504.0,1459.0,1500.0,625.0,634.0,642.0
6458.0,1496.0,1519.0,1506.0,643.0,645.0,649.0
6474.0,1499.0,1534.0,1496.0,642.0,638.0,665.0
6475.0,1529.0,1526.0,1479.0,648.0,650.0,643.0
6463.0,1502.0,1504.0,1528.0,645.0,635.0,649.0
6446.0,1473.0,1506.0,1527.0,650.0,656.0,634.0
6507.0,1516.0,1497.0,1542.0,652.0,646.0,654.0
6460.0,1494.0,1535.0,1495.0,647.0,652.0,637.0
6448.0,1507.0,1495.0,1513.0,632.0,651.0,650.0
6444.0,1486.0,1510.0,1503.0,645.0,646.0,654.0
6393.0,1496.0,1508.0,1471.0,637.0,639.0,642.0
6433.0,1508.0,1483.0,1511.0,644.0,638.0,649.0
6482.0,1517.0,1518.0,1528.0,641.0,639.0,639.0
6400.0,1498.0,1492.0,1496.0,643.0,637.0,634.0
6411.0,1503.0,1476.0,1499.0,650.0,650.0,633.0
6336.0,1490.0,1474.0,1457.0,636.0,654.0,625.0
6426.0,1504.0,1519.0,1479.0,634.0,643.0,647.0
6415.0,1493.0,1506.0,1511.0,641.0,637.0,627.0
6541.0,1535.0,1527.0,1543.0,635.0,648.0,653.0
6382.0,1478.0,1483.0,1502.0,634.0,642.0,643.0
6431.0,1510.0,1486.0,1505.0,652.0,635.0,643.0
6445.0,1505.0,1517.0,1487.0,642.0,647.0,647.0
6573.0,1537.0,1545.0,1518.0,665.0,655.0,653.0
6417.0,1490.0,1489.0,1496.0,643.0,653.0,646.0
6352.0,1501.0,1462.0,1480.0,636.0,633.0,640.0
6612.0,1531.0,1531.0,1572.0,659.0,658.0,661.0
6504.0,1512.0,1525.0,1514.0,644.0,653.0,656.0
6444.0,1504.0,1523.0,1492.0,655.0,634.0,636.0
6477.0,1523.0,1506.0,1501.0,660.0,647.0,640.0
6385.0,1478.0,1479.0,1487.0,646.0,646.0,649.0
6549.0,1511.0,1526.0,1517.0,668.0,665.0,662.0
6574.0,1509.0,1553.0,1541.0,647.0,663.0,661.0
6401.0,1496.0,1495.0,1488.0,635.0,639.0,648.0
6452.0,1476.0,1514.0,1509.0,652.0,653.0,648.0
6609.0,1550.0,1517.0,1559.0,674.0,651.0,658.0
6538.0,1540.0,1514.0,1525.0,655.0,645.0,659.0
6614.0,1530.0,1551.0,1542.0,671.0,661.0,659.0
6592.0,1507.0,1573.0,1547.0,654.0,655.0,656.0
6412.0,1514.0,1504.0,1502.0,643.0,635.0,614.0
6356.0,1497.0,1451.0,1502.0,631.0,636.0,639.0
6421.0,1478.0,1498.0,1504.0,639.0,656.0,646.0
6527.0,1523.0,1544.0,1512.0,636.0,656.0,656.0
6556.0,1532.0,1523.0,1531.0,641.0,662.0,667.0
6451.0,1508.0,1470.0,1522.0,654.0,650.0,647.0
6522.0,1521.0,1505.0,1541.0,656.0,652.0,647.0
6381.0,1486.0,1494.0,1485.0,649.0,634.0,633.0
6640.0,1561.0,1561.0,1543.0,665.0,649.0,661.0
6405.0,1456.0,1514.0,1503.0,641.0,647.0,644.0
6501.0,1520.0,1522.0,1523.0,642.0,648.0,646.0
6524.0,1508.0,1512.0,1541.0,663.0,644.0,656.0
6645.0,1571.0,1533.0,1552.0,661.0,664.0,664.0
6482.0,1500.0,1513.0,1500.0,657.0,656.0,656.0
6483.0,1509.0,1508.0,1501.0,654.0,659.0,652.0
6554.0,1541.0,1522.0,1521.0,652.0,651.0,667.0
6501.0,1502.0,1518.0,1523.0,651.0,642.0,665.0
6603.0,1541.0,1519.0,1569.0,648.0,660.0,666.0
6648.0,1547.0,1557.0,1562.0,667.0,662.0,653.0
6471.0,1504.0,1498.0,1538.0,646.0,646.0,639.0
6585.0,1526.0,1528.0,1551.0,658.0,662.0,660.0
6501.0,1529.0,1520.0,1493.0,657.0,652.0,650.0
6498.0,1520.0,1505.0,1497.0,661.0,661.0,654.0
6488.0,1497.0,1512.0,1523.0,649.0,653.0,654.0
6566.0,1532.0,1521.0,1557.0,654.0,649.0,653.0
6471.0,1521.0,1488.0,1512.0,651.0,640.0,659.0
6538.0,1537.0,1537.0,1503.0,655.0,655.0,651.0
6618.0,1541.0,1543.0,1545.0,668.0,661.0,660.0
6604.0,1548.0,1554.0,1509.0,665.0,661.0,667.0
6585.0,1535.0,1536.0,1554.0,652.0,656.0,652.0
6487.0,1498.0,1511.0,1528.0,650.0,662.0,638.0
6502.0,1510.0,1512.0,1524.0,642.0,658.0,656.0
6613.0,1547.0,1563.0,1529.0,650.0,665.0,659.0
6539.0,1523.0,1529.0,1528.0,649.0,652.0,658.0
6421.0,1492.0,1501.0,1488.0,642.0,646.0,652.0
6463.0,1509.0,1496.0,1529.0,643.0,634.0,652.0
6440.0,1513.0,1488.0,1517.0,640.0,628.0,654.0
6566.0,1523.0,1541.0,1528.0,661.0,662.0,651.0
6659.0,1563.0,1566.0,1540.0,675.0,652.0,663.0
6518.0,1544.0,1512.0,1506.0,652.0,658.0,646.0
6635.0,1541.0,1545.0,1556.0,659.0,674.0,660.0
6570.0,1515.0,1531.0,1545.0,659.0,669.0,651.0
6625.0,1543.0,1551.0,1546.0,660.0,667.0,658.0
6575.0,1543.0,1523.0,1544.0,661.0,650.0,654.0
6654.0,1558.0,1539.0,1559.0,665.0,664.0,669.0
6373.0,1474.0,1477.0,1490.0,647.0,637.0,648.0
6710.0,1552.0,1571.0,1568.0,672.0,670.0,677.0
6615.0,1545.0,1555.0,1539.0,647.0,665.0,664.0
6674.0,1568.0,1560.0,1540.0,664.0,671.0,671.0
6443.0,1507.0,1508.0,1499.0,640.0,650.0,639.0
6625.0,1553.0,1540.0,1543.0,665.0,667.0,657.0
6335.0,1479.0,1463.0,1488.0,635.0,641.0,629.0
6685.0,1572.0,1561.0,1546.0,678.0,662.0,666.0
6654.0,1553.0,1567.0,1555.0,674.0,653.0,652.0
6771.0,1574.0,1577.0,1592.0,688.0,670.0,670.0
6527.0,1520.0,1500.0,1546.0,654.0,649.0,658.0
6648.0,1557.0,1539.0,1567.0,658.0,661.0,666.0
6632.0,1558.0,1536.0,1554.0,660.0,661.0,663.0
6502.0,1514.0,1515.0,1500.0,647.0,668.0,658.0
6616.0,1534.0,1536.0,1545.0,670.0,664.0,667.0
6640.0,1570.0,1541.0,1542.0,665.0,661.0,661.0
6644.0,1542.0,1542.0,1583.0,663.0,665.0,649.0
6562.0,1526.0,1534.0,1559.0,652.0,646.0,645.0
6506.0,1541.0,1512.0,1518.0,644.0,656.0,635.0
6539.0,1529.0,1524.0,1534.0,645.0,654.0,653.0
6506.0,1527.0,1496.0,1516.0,652.0,660.0,655.0
6614.0,1538.0,1548.0,1538.0,667.0,659.0,664.0
6736.0,1571.0,1594.0,1559.0,669.0,670.0,673.0
6730.0,1553.0,1569.0,1580.0,675.0,675.0,678.0
6659.0,1558.0,1537.0,1552.0,674.0,669.0,669.0
6563.0,1533.0,1535.0,1541.0,651.0,652.0,651.0
6614.0,1545.0,1538.0,1546.0,663.0,667.0,655.0
6519.0,1497.0,1550.0,1534.0,651.0,651.0,636.0
6669.0,1550.0,1565.0,1561.0,662.0,673.0,658.0
6730.0,1575.0,1550.0,1584.0,681.0,670.0,670.0
6719.0,1563.0,1572.0,1556.0,672.0,682.0,674.0
6630.0,1543.0,1541.0,1560.0,660.0,659.0,667.0
6712.0,1566.0,1574.0,1556.0,671.0,668.0,677.0
6583.0,1543.0,1536.0,1506.0,666.0,665.0,667.0
6567.0,1514.0,1525.0,1552.0,659.0,659.0,658.0
6645.0,1551.0,1550.0,1562.0,670.0,653.0,659.0
6566.0,1535.0,1534.0,1539.0,653.0,654.0,651.0
6700.0,1560.0,1568.0,1558.0,679.0,667.0,668.0
6679.0,1536.0,1589.0,1549.0,668.0,670.0,667.0
6696.0,1589.0,1554.0,1544.0,667.0,675.0,667.0
6629.0,1558.0,1562.0,1513.0,663.0,669.0,664.0
6789.0,1554.0,1604.0,1606.0,668.0,681.0,676.0
6688.0,1555.0,1574.0,1583.0,651.0,665.0,660.0
6788.0,1604.0,1560.0,1593.0,676.0,667.0,688.0
6695.0,1559.0,1572.0,1553.0,676.0,663.0,672.0
6717.0,1540.0,1558.0,1585.0,680.0,670.0,684.0
6585.0,1543.0,1548.0,1522.0,658.0,655.0,659.0
6661.0,1573.0,1556.0,1553.0,679.0,649.0,651.0
6620.0,1508.0,1557.0,1576.0,657.0,672.0,650.0
6696.0,1567.0,1552.0,1570.0,651.0,677.0,679.0
6786.0,1592.0,1563.0,1594.0,676.0,690.0,671.0
6851.0,1588.0,1619.0,1588.0,691.0,689.0,676.0
6796.0,1578.0,1591.0,1585.0,686.0,671.0,685.0
6651.0,1564.0,1557.0,1535.0,667.0,653.0,675.0
6720.0,1578.0,1550.0,1561.0,673.0,674.0,684.0
6685.0,1531.0,1554.0,1591.0,675.0,656.0,678.0
6833.0,1586.0,1597.0,1619.0,677.0,677.0,677.0
6678.0,1557.0,1574.0,1541.0,669.0,681.0,656.0
6674.0,1550.0,1569.0,1559.0,661.0,673.0,662.0
6734.0,1589.0,1560.0,1568.0,674.0,677.0,666.0
6660.0,1557.0,1542.0,1555.0,675.0,665.0,666.0
6670.0,1558.0,1561.0,1551.0,674.0,665.0,661.0
6743.0,1555.0,1585.0,1576.0,674.0,671.0,682.0
6688.0,1542.0,1596.0,1546.0,671.0,658.0,675.0
6614.0,1557.0,1543.0,1522.0,665.0,660.0,667.0
6629.0,1526.0,1555.0,1547.0,662.0,666.0,673.0
6773.0,1562.0,1607.0,1592.0,655.0,687.0,670.0
6666.0,1548.0,1555.0,1555.0,670.0,670.0,668.0
6544.0,1524.0,1516.0,1539.0,655.0,663.0,647.0
6637.0,1528.0,1570.0,1519.0,686.0,675.0,659.0
6584.0,1548.0,1552.0,1512.0,663.0,664.0,645.0
6886.0,1625.0,1627.0,1589.0,679.0,681.0,685.0
6851.0,1605.0,1597.0,1602.0,688.0,668.0,691.0
6700.0,1566.0,1553.0,1564.0,675.0,669.0,673.0
6833.0,1606.0,1574.0,1607.0,682.0,671.0,693.0
6720.0,1577.0,1558.0,1568.0,676.0,667.0,674.0
6790.0,1590.0,1565.0,1581.0,684.0,679.0,691.0
6537.0,1519.0,1537.0,1502.0,660.0,659.0,660.0
6739.0,1581.0,1566.0,1572.0,671.0,678.0,671.0
6848.0,1579.0,1595.0,1620.0,686.0,687.0,681.0
6808.0,1567.0,1598.0,1613.0,672.0,684.0,674.0
6750.0,1588.0,1590.0,1575.0,666.0,666.0,665.0
6736.0,1585.0,1566.0,1566.0,673.0,674.0,672.0
6593.0,1513.0,1553.0,1534.0,665.0,661.0,667.0
6715.0,1558.0,1595.0,1558.0,663.0,671.0,670.0
6728.0,1586.0,1565.0,1550.0,673.0,671.0,683.0
6836.0,1576.0,1617.0,1588.0,674.0,694.0,687.0
6885.0,1599.0,1618.0,1619.0,683.0,678.0,688.0
6760.0,1589.0,1581.0,1569.0,670.0,676.0,675.0
6785.0,1614.0,1583.0,1552.0,681.0,676.0,679.0
6718.0,1569.0,1577.0,1568.0,665.0,665.0,674.0
6646.0,1530.0,1573.0,1545.0,675.0,663.0,660.0
6835.0,1611.0,1581.0,1612.0,685.0,673.0,673.0
6708.0,1544.0,1563.0,1582.0,678.0,668.0,673.0
6719.0,1540.0,1590.0,1564.0,675.0,681.0,669.0
6727.0,1584.0,1567.0,1541.0,679.0,682.0,674.0
6822.0,1592.0,1595.0,1572.0,672.0,692.0,699.0
6701.0,1540.0,1554.0,1582.0,672.0,673.0,680.0
6646.0,1543.0,1554.0,1562.0,668.0,656.0,663.0
6788.0,1606.0,1576.0,1583.0,676.0,668.0,679.0
6773.0,1545.0,1588.0,1613.0,680.0,670.0,677.0
6724.0,1556.0,1572.0,1562.0,683.0,678.0,673.0
6668.0,1558.0,1562.0,1533.0,672.0,675.0,668.0
6711.0,1562.0,1555.0,1578.0,665.0,666.0,685.0
6780.0,1563.0,1598.0,1581.0,671.0,683.0,684.0
6570.0,1509.0,1539.0,1556.0,651.0,656.0,659.0
6834.0,1597.0,1604.0,1587.0,683.0,687.0,676.0
6796.0,1575.0,1568.0,1608.0,692.0,676.0,677.0
6726.0,1571.0,1569.0,1556.0,672.0,677.0,681.0
6724.0,1606.0,1565.0,1562.0,676.0,647.0,668.0
6803.0,1573.0,1603.0,1593.0,682.0,683.0,669.0
6748.0,1549.0,1590.0,1594.0,676.0,675.0,664.0
6723.0,1566.0,1547.0,1593.0,666.0,683.0,668.0
6976.0,1633.0,1631.0,1612.0,692.0,709.0,699.0
6916.0,1603.0,1629.0,1602.0,695.0,693.0,694.0
6823.0,1586.0,1624.0,1564.0,692.0,674.0,683.0
6791.0,1582.0,1588.0,1586.0,677.0,676.0,682.0
6770.0,1596.0,1576.0,1571.0,681.0,662.0,684.0
6625.0,1536.0,1545.0,1565.0,654.0,656.0,669.0
6798.0,1590.0,1589.0,1584.0,669.0,681.0,685.0
6765.0,1586.0,1587.0,1562.0,669.0,677.0,684.0
6722.0,1567.0,1560.0,1568.0,675.0,673.0,679.0
6898.0,1612.0,1605.0,1594.0,694.0,694.0,699.0
6845.0,1605.0,1583.0,1604.0,686.0,690.0,677.0
6812.0,1568.0,1610.0,1584.0,682.0,683.0,685.0
6570.0,1519.0,1540.0,1548.0,646.0,659.0,658.0
6784.0,1592.0,1599.0,1590.0,661.0,665.0,677.0
6899.0,1627.0,1586.0,1601.0,684.0,697.0,704.0
6833.0,1594.0,1585.0,1587.0,685.0,685.0,697.0
6787.0,1579.0,1584.0,1596.0,672.0,673.0,683.0
6969.0,1605.0,1643.0,1632.0,690.0,706.0,693.0
6869.0,1603.0,1612.0,1606.0,688.0,682.0,678.0
6640.0,1525.0,1536.0,1552.0,678.0,679.0,670.0
6758.0,1584.0,1561.0,1586.0,672.0,677.0,678.0
6773.0,1604.0,1584.0,1567.0,667.0,677.0,674.0
6841.0,1594.0,1575.0,1606.0,688.0,694.0,684.0
6954.0,1614.0,1633.0,1630.0,687.0,689.0,701.0
6840.0,1609.0,1578.0,1601.0,684.0,675.0,693.0
6783.0,1581.0,1599.0,1582.0,677.0,667.0,677.0
6835.0,1576.0,1590.0,1595.0,691.0,686.0,697.0
6970.0,1643.0,1643.0,1598.0,699.0,697.0,690.0
7082.0,1671.0,1631.0,1655.0,716.0,708.0,701.0
6557.0,1547.0,1500.0,1537.0,648.0,666.0,659.0
6870.0,1598.0,1587.0,1623.0,681.0,699.0,682.0
6874.0,1594.0,1617.0,1613.0,687.0,684.0,679.0
6801.0,1584.0,1587.0,1593.0,685.0,675.0,677.0
6765.0,1552.0,1607.0,1561.0,691.0,678.0,676.0
6936.0,1608.0,1623.0,1613.0,695.0,692.0,705.0
6775.0,1575.0,1579.0,1586.0,673.0,680.0,682.0
7021.0,1619.0,1637.0,1644.0,699.0,711.0,711.0
6864.0,1575.0,1624.0,1600.0,687.0,693.0,685.0
6875.0,1617.0,1593.0,1595.0,689.0,696.0,685.0
6775.0,1590.0,1570.0,1583.0,679.0,683.0,670.0
6800.0,1582.0,1610.0,1571.0,681.0,681.0,675.0
6776.0,1594.0,1604.0,1553.0,682.0,671.0,672.0
6922.0,1609.0,1620.0,1643.0,679.0,685.0,686.0
6958.0,1610.0,1613.0,1644.0,700.0,690.0,701.0
6926.0,1594.0,1618.0,1630.0,694.0,696.0,694.0
6868.0,1597.0,1610.0,1594.0,683.0,683.0,701.0
6943.0,1607.0,1646.0,1598.0,683.0,704.0,705.0
6868.0,1596.0,1597.0,1599.0,687.0,693.0,696.0
6791.0,1581.0,1579.0,1580.0,687.0,678.0,686.0
6973.0,1633.0,1623.0,1639.0,700.0,690.0,688.0
6938.0,1616.0,1620.0,1626.0,702.0,690.0,684.0
7083.0,1646.0,1673.0,1652.0,706.0,701.0,705.0
6935.0,1644.0,1608.0,1616.0,687.0,693.0,687.0
6816.0,1599.0,1583.0,1571.0,689.0,688.0,686.0
6697.0,1559.0,1522.0,1580.0,685.0,668.0,683.0
6983.0,1634.0,1631.0,1630.0,702.0,697.0,689.0
7040.0,1640.0,1639.0,1652.0,705.0,701.0,703.0
6948.0,1629.0,1636.0,1591.0,696.0,699.0,697.0
6960.0,1621.0,1621.0,1620.0,703.0,695.0,700.0
6823.0,1618.0,1597.0,1575.0,672.0,686.0,675.0
6933.0,1630.0,1615.0,1620.0,687.0,687.0,694.0
6916.0,1602.0,1630.0,1602.0,697.0,699.0,686.0
6977.0,1620.0,1617.0,1648.0,696.0,703.0,693.0
7018.0,1647.0,1622.0,1647.0,699.0,700.0,703.0
7060.0,1637.0,1649.0,1642.0,717.0,704.0,711.0
6880.0,1594.0,1615.0,1608.0,683.0,687.0,693.0
6845.0,1601.0,1592.0,1578.0,685.0,690.0,699.0
7006.0,1642.0,1624.0,1644.0,688.0,695.0,713.0
6867.0,1612.0,1593.0,1629.0,674.0,681.0,678.0
7028.0,1658.0,1630.0,1647.0,697.0,696.0,700.0
7056.0,1671.0,1636.0,1631.0,717.0,698.0,703.0
6926.0,1624.0,1633.0,1595.0,696.0,695.0,683.0
6884.0,1600.0,1617.0,1603.0,685.0,692.0,687.0
6928.0,1615.0,1591.0,1630.0,697.0,707.0,688.0
6838.0,1593.0,1573.0,1621.0,679.0,682.0,690.0
6903.0,1605.0,1611.0,1607.0,691.0,691.0,698.0
7050.0,1664.0,1654.0,1629.0,702.0,699.0,702.0
7009.0,1654.0,1643.0,1624.0,690.0,693.0,705.0
6893.0,1606.0,1610.0,1601.0,697.0,689.0,690.0
7021.0,1631.0,1631.0,1664.0,703.0,689.0,703.0
6970.0,1613.0,1624.0,1643.0,698.0,699.0,693.0
7051.0,1637.0,1636.0,1666.0,701.0,711.0,700.0
6990.0,1617.0,1628.0,1656.0,698.0,709.0,682.0
6952.0,1645.0,1620.0,1609.0,689.0,699.0,690.0
6977.0,1640.0,1627.0,1622.0,696.0,696.0,696.0
6998.0,1627.0,1658.0,1621.0,694.0,696.0,702.0
6967.0,1591.0,1627.0,1655.0,702.0,697.0,695.0
6937.0,1628.0,1614.0,1618.0,694.0,685.0,698.0
6847.0,1616.0,1563.0,1615.0,688.0,677.0,688.0
7039.0,1633.0,1650.0,1634.0,701.0,713.0,708.0
6934.0,1610.0,1637.0,1600.0,693.0,698.0,696.0
6924.0,1660.0,1604.0,1599.0,680.0,695.0,686.0
7139.0,1658.0,1690.0,1679.0,696.0,714.0,702.0
7018.0,1634.0,1629.0,1658.0,703.0,697.0,697.0
6916.0,1620.0,1595.0,1619.0,695.0,696.0,691.0
6836.0,1582.0,1607.0,1601.0,691.0,674.0,681.0
6962.0,1596.0,1647.0,1621.0,707.0,694.0,697.0
6959.0,1634.0,1627.0,1618.0,693.0,689.0,698.0
6856.0,1591.0,1581.0,1621.0,687.0,679.0,697.0
6959.0,1603.0,1626.0,1628.0,693.0,705.0,704.0
7040.0,1623.0,1645.0,1654.0,709.0,704.0,705.0
7085.0,1661.0,1654.0,1629.0,703.0,722.0,716.0
7041.0,1646.0,1632.0,1645.0,708.0,704.0,706.0
6970.0,1617.0,1628.0,1616.0,714.0,702.0,693.0
6988.0,1623.0,1640.0,1631.0,705.0,699.0,690.0
7084.0,1668.0,1655.0,1649.0,707.0,701.0,704.0
7224.0,1655.0,1689.0,1711.0,723.0,720.0,726.0
7017.0,1623.0,1625.0,1649.0,701.0,707.0,712.0
7044.0,1659.0,1639.0,1606.0,707.0,718.0,715.0
6980.0,1643.0,1634.0,1614.0,698.0,691.0,700.0
7179.0,1663.0,1700.0,1650.0,717.0,726.0,723.0
7074.0,1663.0,1651.0,1639.0,714.0,705.0,702.0
7076.0,1663.0,1632.0,1670.0,707.0,704.0,700.0
7210.0,1696.0,1671.0,1688.0,716.0,716.0,723.0
7020.0,1639.0,1639.0,1645.0,694.0,708.0,695.0
7031.0,1670.0,1633.0,1646.0,705.0,690.0,687.0
7002.0,1648.0,1614.0,1624.0,698.0,702.0,716.0
6768.0,1566.0,1560.0,1602.0,675.0,678.0,687.0
7130.0,1663.0,1652.0,1651.0,726.0,725.0,713.0
7058.0,1626.0,1665.0,1637.0,703.0,711.0,716.0
7114.0,1660.0,1674.0,1653.0,704.0,706.0,717.0
6831.0,1593.0,1609.0,1569.0,684.0,687.0,689.0
7197.0,1709.0,1659.0,1675.0,715.0,714.0,725.0
7014.0,1663.0,1633.0,1627.0,702.0,694.0,695.0
7084.0,1643.0,1671.0,1659.0,712.0,701.0,698.0
6958.0,1621.0,1631.0,1619.0,702.0,700.0,685.0
7142.0,1670.0,1670.0,1667.0,716.0,711.0,708.0
6979.0,1635.0,1608.0,1632.0,701.0,705.0,698.0
7169.0,1688.0,1665.0,1674.0,707.0,719.0,716.0
7187.0,1694.0,1686.0,1651.0,712.0,715.0,729.0
7034.0,1649.0,1629.0,1675.0,692.0,693.0,696.0
7062.0,1645.0,1637.0,1672.0,697.0,710.0,701.0
7095.0,1642.0,1653.0,1671.0,713.0,704.0,712.0
7111.0,1679.0,1637.0,1648.0,719.0,711.0,717.0
7079.0,1622.0,1677.0,1631.0,721.0,709.0,719.0
7017.0,1642.0,1645.0,1642.0,699.0,694.0,695.0
6971.0,1610.0,1614.0,1651.0,705.0,703.0,688.0
7051.0,1662.0,1625.0,1652.0,702.0,707.0,703.0
7108.0,1633.0,1671.0,1665.0,710.0,707.0,722.0
7198.0,1710.0,1673.0,1655.0,723.0,717.0,720.0
7034.0,1632.0,1661.0,1626.0,713.0,696.0,706.0
7118.0,1657.0,1659.0,1657.0,723.0,708.0,714.0
7139.0,1673.0,1654.0,1662.0,722.0,713.0,715.0
7135.0,1673.0,1647.0,1686.0,712.0,712.0,705.0
6998.0,1637.0,1655.0,1617.0,700.0,692.0,697.0
7137.0,1655.0,1671.0,1675.0,706.0,723.0,707.0
7137.0,1677.0,1680.0,1639.0,706.0,729.0,706.0
7170.0,1673.0,1672.0,1652.0,728.0,720.0,725.0
6932.0,1616.0,1611.0,1602.0,698.0,710.0,695.0
7139.0,1650.0,1683.0,1674.0,720.0,710.0,702.0
7129.0,1681.0,1658.0,1656.0,719.0,711.0,704.0
7060.0,1656.0,1655.0,1638.0,699.0,697.0,715.0
7258.0,1683.0,1682.0,1708.0,719.0,730.0,736.0
7060.0,1630.0,1644.0,1651.0,707.0,716.0,712.0
7213.0,1710.0,1692.0,1654.0,726.0,717.0,714.0
7075.0,1655.0,1663.0,1639.0,715.0,702.0,701.0
7089.0,1668.0,1629.0,1664.0,707.0,718.0,703.0
7098.0,1667.0,1663.0,1646.0,719.0,703.0,700.0
7022.0,1639.0,1637.0,1653.0,695.0,694.0,704.0
7027.0,1633.0,1668.0,1625.0,694.0,697.0,710.0
7054.0,1628.0,1664.0,1654.0,692.0,703.0,713.0
7198.0,1694.0,1658.0,1682.0,720.0,718.0,726.0
7109.0,1660.0,1637.0,1673.0,708.0,712.0,719.0
7071.0,1642.0,1640.0,1664.0,707.0,711.0,707.0
7192.0,1664.0,1698.0,1658.0,725.0,727.0,720.0
6974.0,1642.0,1629.0,1613.0,704.0,700.0,686.0
7008.0,1615.0,1643.0,1634.0,708.0,709.0,699.0
7082.0,1655.0,1661.0,1645.0,706.0,704.0,711.0
7167.0,1693.0,1675.0,1670.0,715.0,701.0,713.0
7275.0,1676.0,1725.0,1706.0,724.0,713.0,731.0
7157.0,1658.0,1675.0,1673.0,713.0,720.0,718.0
6962.0,1638.0,1610.0,1619.0,697.0,699.0,699.0
7176.0,1680.0,1670.0,1655.0,715.0,720.0,736.0
7124.0,1639.0,1670.0,1652.0,715.0,723.0,725.0
7106.0,1637.0,1678.0,1651.0,716.0,721.0,703.0
7056.0,1639.0,1645.0,1649.0,696.0,710.0,717.0
7136.0,1687.0,1663.0,1653.0,706.0,715.0,712.0
6998.0,1642.0,1637.0,1624.0,700.0,698.0,697.0
7168.0,1703.0,1679.0,1647.0,718.0,714.0,707.0
7165.0,1670.0,1675.0,1660.0,720.0,714.0,726.0
7145.0,1658.0,1680.0,1664.0,719.0,713.0,711.0
7058.0,1643.0,1635.0,1657.0,703.0,717.0,703.0
7278.0,1685.0,1705.0,1713.0,724.0,724.0,727.0
7146.0,1677.0,1643.0,1672.0,714.0,718.0,722.0
7130.0,1647.0,1674.0,1662.0,720.0,711.0,716.0
7119.0,1673.0,1652.0,1665.0,710.0,716.0,703.0
7063.0,1660.0,1640.0,1647.0,718.0,698.0,700.0
7236.0,1681.0,1696.0,1692.0,736.0,709.0,722.0
7110.0,1652.0,1652.0,1667.0,719.0,711.0,709.0
7164.0,1650.0,1709.0,1655.0,715.0,714.0,721.0
7154.0,1654.0,1684.0,1676.0,702.0,720.0,718.0
7164.0,1676.0,1670.0,1662.0,712.0,720.0,724.0
7244.0,1725.0,1687.0,1669.0,718.0,723.0,722.0
7188.0,1680.0,1691.0,1669.0,717.0,713.0,718.0
7234.0,1686.0,1677.0,1698.0,721.0,729.0,723.0
7092.0,1633.0,1654.0,1667.0,711.0,715.0,712.0
7344.0,1747.0,1696.0,1718.0,735.0,723.0,725.0
7204.0,1664.0,1678.0,1682.0,730.0,725.0,725.0
7238.0,1663.0,1711.0,1702.0,716.0,720.0,726.0
7253.0,1697.0,1693.0,1694.0,722.0,733.0,714.0
7198.0,1678.0,1666.0,1694.0,723.0,722.0,715.0
7149.0,1645.0,1676.0,1673.0,718.0,722.0,715.0
7318.0,1709.0,1708.0,1698.0,733.0,729.0,741.0
7165.0,1665.0,1703.0,1648.0,716.0,706.0,727.0
7286.0,1697.0,1705.0,1706.0,722.0,724.0,732.0
7067.0,1635.0,1653.0,1657.0,713.0,706.0,703.0
7184.0,1694.0,1660.0,1699.0,706.0,718.0,707.0
7192.0,1666.0,1677.0,1690.0,711.0,724.0,724.0
7271.0,1668.0,1712.0,1710.0,722.0,734.0,725.0
7202.0,1671.0,1696.0,1673.0,720.0,725.0,717.0
7235.0,1714.0,1674.0,1676.0,720.0,726.0,725.0
7195.0,1655.0,1689.0,1675.0,721.0,725.0,730.0
7208.0,1691.0,1675.0,1677.0,723.0,723.0,719.0
7253.0,1696.0,1688.0,1688.0,730.0,722.0,729.0
7115.0,1669.0,1647.0,1673.0,703.0,704.0,719.0
7223.0,1652.0,1687.0,1680.0,733.0,729.0,742.0
7223.0,1678.0,1687.0,1670.0,723.0,735.0,730.0
7353.0,1724.0,1723.0,1706.0,736.0,739.0,725.0
7330.0,1722.0,1726.0,1702.0,731.0,735.0,714.0
7168.0,1655.0,1672.0,1683.0,728.0,729.0,701.0
7139.0,1694.0,1645.0,1672.0,711.0,714.0,703.0
7009.0,1646.0,1604.0,1652.0,699.0,700.0,708.0
7178.0,1671.0,1681.0,1664.0,714.0,711.0,737.0
7346.0,1704.0,1740.0,1704.0,726.0,726.0,746.0
7290.0,1728.0,1690.0,1693.0,734.0,721.0,724.0
7300.0,1671.0,1696.0,1726.0,747.0,721.0,739.0
7232.0,1686.0,1688.0,1685.0,724.0,730.0,719.0
7432.0,1746.0,1735.0,1715.0,751.0,750.0,735.0
7261.0,1702.0,1712.0,1681.0,721.0,732.0,713.0
7194.0,1662.0,1694.0,1665.0,732.0,726.0,715.0
7352.0,1724.0,1703.0,1729.0,727.0,734.0,735.0
7453.0,1760.0,1712.0,1758.0,744.0,743.0,736.0
7363.0,1698.0,1732.0,1730.0,744.0,726.0,733.0
7319.0,1704.0,1716.0,1698.0,739.0,727.0,735.0
7232.0,1705.0,1675.0,1679.0,716.0,729.0,728.0
7156.0,1661.0,1665.0,1665.0,720.0,718.0,727.0
7143.0,1676.0,1656.0,1674.0,706.0,710.0,721.0
7253.0,1690.0,1682.0,1708.0,722.0,733.0,718.0
7430.0,1739.0,1731.0,1734.0,734.0,755.0,737.0
7252.0,1697.0,1702.0,1684.0,722.0,726.0,721.0
7330.0,1695.0,1704.0,1721.0,743.0,733.0,734.0
7156.0,1691.0,1676.0,1656.0,719.0,705.0,709.0
7275.0,1695.0,1705.0,1702.0,728.0,717.0,728.0
7326.0,1690.0,1727.0,1710.0,729.0,732.0,738.0
7120.0,1664.0,1640.0,1682.0,711.0,702.0,721.0
7409.0,1740.0,1719.0,1728.0,729.0,745.0,748.0
7324.0,1713.0,1719.0,1686.0,725.0,746.0,735.0
7513.0,1755.0,1776.0,1736.0,748.0,746.0,752.0
7303.0,1724.0,1701.0,1684.0,740.0,731.0,723.0
7208.0,1693.0,1698.0,1666.0,723.0,717.0,711.0
7024.0,1642.0,1640.0,1640.0,708.0,696.0,698.0
7337.0,1686.0,1736.0,1723.0,730.0,730.0,732.0
7298.0,1714.0,1712.0,1717.0,723.0,720.0,712.0
7421.0,1768.0,1732.0,1691.0,733.0,739.0,758.0
7258.0,1677.0,1697.0,1686.0,732.0,731.0,735.0
7415.0,1751.0,1705.0,1735.0,743.0,739.0,742.0
7319.0,1685.0,1719.0,1700.0,733.0,742.0,740.0
7372.0,1689.0,1727.0,1737.0,745.0,739.0,735.0
7321.0,1712.0,1726.0,1683.0,742.0,723.0,735.0
7357.0,1723.0,1700.0,1710.0,743.0,748.0,733.0
7294.0,1698.0,1705.0,1695.0,737.0,728.0,731.0
7435.0,1729.0,1756.0,1735.0,746.0,735.0,734.0
7432.0,1742.0,1732.0,1740.0,755.0,734.0,729.0
7119.0,1666.0,1633.0,1691.0,702.0,718.0,709.0
7211.0,1662.0,1698.0,1687.0,730.0,714.0,720.0
7187.0,1657.0,1685.0,1671.0,724.0,730.0,720.0
7286.0,1719.0,1686.0,1689.0,729.0,724.0,739.0
7460.0,1742.0,1753.0,1721.0,740.0,746.0,758.0
7296.0,1690.0,1709.0,1717.0,723.0,719.0,738.0
7417.0,1758.0,1721.0,1735.0,742.0,729.0,732.0
7298.0,1692.0,1693.0,1713.0,743.0,731.0,726.0
7277.0,1677.0,1712.0,1702.0,734.0,725.0,727.0
7538.0,1744.0,1785.0,1739.0,764.0,752.0,754.0
7489.0,1762.0,1745.0,1734.0,749.0,755.0,744.0
7321.0,1696.0,1708.0,1726.0,724.0,735.0,732.0
7326.0,1717.0,1708.0,1699.0,732.0,737.0,733.0
7305.0,1709.0,1711.0,1709.0,722.0,719.0,735.0
7276.0,1697.0,1692.0,1714.0,723.0,713.0,737.0
7271.0,1695.0,1683.0,1716.0,735.0,711.0,731.0
7374.0,1742.0,1707.0,1708.0,745.0,738.0,734.0
7384.0,1743.0,1706.0,1718.0,743.0,742.0,732.0
7371.0,1707.0,1713.0,1720.0,736.0,746.0,749.0
7433.0,1719.0,1744.0,1755.0,741.0,739.0,735.0
7326.0,1706.0,1712.0,1722.0,726.0,731.0,729.0
7267.0,1705.0,1682.0,1695.0,727.0,732.0,726.0
7221.0,1679.0,1682.0,1690.0,717.0,726.0,727.0
7378.0,1727.0,1699.0,1721.0,744.0,742.0,745.0
7404.0,1740.0,1723.0,1749.0,734.0,728.0,730.0
7343.0,1694.0,1705.0,1742.0,740.0,732.0,730.0
7429.0,1729.0,1707.0,1757.0,748.0,742.0,746.0
7361.0,1724.0,1735.0,1716.0,726.0,738.0,722.0
7381.0,1713.0,1739.0,1723.0,734.0,743.0,729.0
7334.0,1730.0,1720.0,1694.0,731.0,735.0,724.0
7568.0,1773.0,1768.0,1771.0,755.0,748.0,753.0
7259.0,1696.0,1672.0,1716.0,725.0,724.0,726.0
7427.0,1719.0,1741.0,1734.0,748.0,736.0,749.0
7349.0,1704.0,1722.0,1710.0,736.0,726.0,751.0
7405.0,1755.0,1736.0,1693.0,738.0,730.0,753.0
7278.0,1696.0,1719.0,1695.0,717.0,711.0,740.0
7579.0,1763.0,1764.0,1760.0,763.0,769.0,760.0
7301.0,1689.0,1696.0,1722.0,727.0,738.0,729.0
7453.0,1747.0,1736.0,1745.0,741.0,747.0,737.0
7486.0,1748.0,1754.0,1746.0,752.0,750.0,736.0
7408.0,1728.0,1706.0,1731.0,754.0,741.0,748.0
7233.0,1700.0,1673.0,1700.0,733.0,717.0,710.0
7439.0,1752.0,1722.0,1746.0,743.0,731.0,745.0
7358.0,1695.0,1731.0,1721.0,733.0,741.0,737.0
7516.0,1745.0,1768.0,1765.0,732.0,747.0,759.0
7385.0,1735.0,1712.0,1732.0,730.0,739.0,737.0
7480.0,1727.0,1738.0,1756.0,753.0,749.0,757.0
7624.0,1795.0,1781.0,1756.0,759.0,770.0,763.0
7411.0,1732.0,1754.0,1706.0,743.0,747.0,729.0
7367.0,1707.0,1712.0,1735.0,753.0,731.0,729.0
7264.0,1706.0,1693.0,1699.0,724.0,724.0,718.0
7416.0,1739.0,1730.0,1738.0,733.0,746.0,730.0
7440.0,1747.0,1738.0,1734.0,741.0,740.0,740.0
7472.0,1741.0,1745.0,1742.0,748.0,746.0,750.0
7479.0,1734.0,1753.0,1744.0,748.0,751.0,749.0
7523.0,1762.0,1740.0,1757.0,752.0,755.0,757.0
7416.0,1733.0,1726.0,1741.0,739.0,738.0,739.0
7412.0,1714.0,1746.0,1721.0,735.0,750.0,746.0
7411.0,1742.0,1732.0,1725.0,742.0,732.0,738.0
7377.0,1735.0,1727.0,1713.0,723.0,737.0,742.0
7384.0,1727.0,1720.0,1727.0,731.0,739.0,740.0
7410.0,1733.0,1726.0,1724.0,754.0,739.0,734.0
7298.0,1718.0,1700.0,1691.0,731.0,726.0,732.0
7377.0,1732.0,1721.0,1688.0,747.0,750.0,739.0
7342.0,1709.0,1688.0,1729.0,729.0,749.0,738.0
7402.0,1748.0,1700.0,1720.0,741.0,745.0,748.0
7408.0,1730.0,1719.0,1732.0,732.0,748.0,747.0
7342.0,1688.0,1731.0,1711.0,737.0,740.0,735.0
7437.0,1728.0,1723.0,1749.0,748.0,741.0,748.0
7282.0,1715.0,1693.0,1679.0,737.0,728.0,730.0
7497.0,1745.0,1740.0,1766.0,752.0,741.0,753.0
7385.0,1713.0,1722.0,1731.0,753.0,737.0,729.0
7285.0,1698.0,1699.0,1697.0,726.0,738.0,727.0
7482.0,1752.0,1748.0,1739.0,743.0,759.0,741.0
7512.0,1759.0,1746.0,1750.0,748.0,752.0,757.0
7592.0,1768.0,1764.0,1780.0,752.0,766.0,762.0
7401.0,1714.0,1736.0,1725.0,743.0,739.0,744.0
7464.0,1744.0,1771.0,1715.0,754.0,733.0,747.0
7389.0,1713.0,1751.0,1713.0,744.0,731.0,737.0
7497.0,1756.0,1747.0,1737.0,761.0,747.0,749.0
7494.0,1755.0,1756.0,1738.0,751.0,742.0,752.0
7505.0,1753.0,1738.0,1765.0,756.0,751.0,742.0
7516.0,1754.0,1773.0,1740.0,748.0,758.0,743.0
7401.0,1729.0,1734.0,1725.0,735.0,746.0,732.0
7525.0,1756.0,1747.0,1745.0,756.0,764.0,757.0
7494.0,1743.0,1744.0,1728.0,767.0,760.0,752.0
7576.0,1784.0,1772.0,1752.0,759.0,754.0,755.0
7535.0,1767.0,1767.0,1765.0,750.0,739.0,747.0
7583.0,1762.0,1782.0,1767.0,752.0,757.0,763.0
7564.0,1789.0,1756.0,1752.0,756.0,754.0,757.0
7557.0,1800.0,1759.0,1747.0,746.0,757.0,748.0
7381.0,1726.0,1715.0,1712.0,743.0,742.0,743.0
7443.0,1736.0,1748.0,1715.0,749.0,751.0,744.0
7475.0,1730.0,1746.0,1747.0,746.0,754.0,752.0
7586.0,1784.0,1735.0,1789.0,757.0,762.0,759.0
7432.0,1754.0,1725.0,1733.0,751.0,736.0,733.0
7480.0,1749.0,1750.0,1722.0,760.0,744.0,755.0
7555.0,1766.0,1771.0,1747.0,748.0,752.0,771.0
7551.0,1771.0,1758.0,1759.0,744.0,756.0,763.0
7430.0,1699.0,1721.0,1747.0,758.0,756.0,749.0
7505.0,1735.0,1738.0,1785.0,750.0,744.0,753.0
7524.0,1754.0,1756.0,1769.0,760.0,745.0,740.0
7660.0,1774.0,1791.0,1788.0,775.0,772.0,760.0
7503.0,1761.0,1732.0,1755.0,753.0,755.0,747.0
7479.0,1764.0,1748.0,1719.0,750.0,753.0,745.0
7442.0,1763.0,1743.0,1737.0,732.0,730.0,737.0
7626.0,1768.0,1786.0,1771.0,779.0,758.0,764.0
7683.0,1789.0,1786.0,1811.0,776.0,757.0,764.0
7383.0,1740.0,1696.0,1729.0,737.0,740.0,741.0
7554.0,1783.0,1738.0,1740.0,771.0,763.0,759.0
7229.0,1696.0,1691.0,1655.0,730.0,731.0,726.0
7498.0,1744.0,1756.0,1746.0,743.0,761.0,748.0
7583.0,1764.0,1793.0,1769.0,743.0,764.0,750.0
7471.0,1756.0,1734.0,1758.0,740.0,744.0,739.0
7535.0,1751.0,1743.0,1793.0,753.0,741.0,754.0
7601.0,1806.0,1737.0,1787.0,765.0,749.0,757.0
7497.0,1759.0,1735.0,1739.0,758.0,750.0,756.0
7518.0,1751.0,1749.0,1740.0,765.0,765.0,748.0
7473.0,1734.0,1724.0,1763.0,755.0,745.0,752.0
7574.0,1766.0,1765.0,1762.0,755.0,755.0,771.0
7517.0,1759.0,1754.0,1748.0,749.0,753.0,754.0
7478.0,1747.0,1753.0,1747.0,739.0,746.0,746.0
7748.0,1820.0,1808.0,1806.0,775.0,765.0,774.0
7537.0,1770.0,1776.0,1731.0,753.0,752.0,755.0
7632.0,1768.0,1781.0,1794.0,773.0,763.0,753.0
7571.0,1775.0,1745.0,1780.0,764.0,754.0,753.0
7606.0,1767.0,1776.0,1786.0,770.0,755.0,752.0
7617.0,1761.0,1776.0,1787.0,756.0,764.0,773.0
7414.0,1725.0,1724.0,1723.0,742.0,753.0,747.0
7651.0,1789.0,1783.0,1777.0,765.0,769.0,768.0
7467.0,1739.0,1749.0,1723.0,748.0,751.0,757.0
7535.0,1752.0,1767.0,1735.0,761.0,756.0,764.0
7570.0,1768.0,1755.0,1782.0,760.0,753.0,752.0
7486.0,1734.0,1719.0,1776.0,750.0,756.0,751.0
7597.0,1754.0,1789.0,1768.0,761.0,764.0,761.0
7525.0,1762.0,1756.0,1749.0,750.0,755.0,753.0
7741.0,1823.0,1808.0,1798.0,767.0,774.0,771.0
7840.0,1811.0,1840.0,1832.0,775.0,795.0,787.0
7629.0,1771.0,1787.0,1780.0,764.0,763.0,764.0
7489.0,1735.0,1728.0,1761.0,751.0,755.0,759.0
7570.0,1768.0,1764.0,1765.0,755.0,758.0,760.0
7661.0,1769.0,1836.0,1755.0,766.0,764.0,771.0
7609.0,1764.0,1801.0,1771.0,753.0,754.0,766.0
7528.0,1780.0,1749.0,1753.0,747.0,747.0,752.0
7547.0,1757.0,1761.0,1764.0,764.0,751.0,750.0
7550.0,1746.0,1755.0,1781.0,752.0,763.0,753.0
7692.0,1804.0,1796.0,1786.0,777.0,771.0,758.0
7531.0,1748.0,1773.0,1742.0,758.0,767.0,743.0
7518.0,1747.0,1739.0,1745.0,758.0,769.0,760.0
7543.0,1776.0,1736.0,1767.0,755.0,752.0,757.0
7688.0,1807.0,1787.0,1793.0,763.0,765.0,773.0
7742.0,1790.0,1826.0,1808.0,761.0,780.0,777.0
7822.0,1822.0,1837.0,1825.0,780.0,775.0,783.0
7888.0,1864.0,1823.0,1833.0,788.0,788.0,792.0
7505.0,1749.0,1748.0,1744.0,766.0,759.0,739.0
7544.0,1751.0,1773.0,1757.0,756.0,758.0,749.0
7615.0,1775.0,1784.0,1769.0,764.0,765.0,758.0
7681.0,1811.0,1784.0,1808.0,751.0,765.0,762.0
7715.0,1781.0,1776.0,1832.0,768.0,780.0,778.0
7479.0,1759.0,1729.0,1739.0,742.0,753.0,757.0
7671.0,1807.0,1785.0,1788.0,767.0,757.0,767.0
7655.0,1814.0,1799.0,1751.0,761.0,760.0,770.0
7655.0,1771.0,1788.0,1788.0,777.0,768.0,763.0
7722.0,1798.0,1805.0,1794.0,780.0,770.0,775.0
7591.0,1776.0,1742.0,1789.0,761.0,759.0,764.0
7547.0,1753.0,1776.0,1749.0,758.0,759.0,752.0
7557.0,1744.0,1774.0,1770.0,757.0,769.0,743.0
7536.0,1762.0,1734.0,1762.0,761.0,768.0,749.0
7503.0,1761.0,1743.0,1733.0,759.0,751.0,756.0
7660.0,1774.0,1794.0,1797.0,763.0,759.0,773.0
7665.0,1783.0,1795.0,1790.0,770.0,763.0,764.0
7675.0,1815.0,1772.0,1792.0,771.0,759.0,766.0
7645.0,1799.0,1775.0,1772.0,769.0,765.0,765.0
7706.0,1798.0,1797.0,1784.0,771.0,784.0,772.0
7585.0,1787.0,1758.0,1758.0,759.0,765.0,758.0
7635.0,1783.0,1788.0,1773.0,763.0,769.0,759.0
7674.0,1777.0,1792.0,1820.0,768.0,761.0,756.0
7649.0,1788.0,1791.0,1767.0,768.0,768.0,767.0
7640.0,1786.0,1768.0,1808.0,761.0,758.0,759.0
7706.0,1820.0,1789.0,1779.0,783.0,764.0,771.0
7802.0,1823.0,1819.0,1809.0,780.0,781.0,790.0
7722.0,1789.0,1808.0,1809.0,766.0,768.0,782.0
7651.0,1768.0,1775.0,1797.0,768.0,775.0,768.0
7677.0,1782.0,1763.0,1834.0,762.0,771.0,765.0
7610.0,1786.0,1749.0,1786.0,767.0,759.0,763.0
7740.0,1813.0,1802.0,1787.0,788.0,776.0,774.0
7781.0,1799.0,1838.0,1808.0,791.0,774.0,771.0
8000.0,1876.0,1860.0,1871.0,802.0,796.0,795.0
7605.0,1783.0,1772.0,1797.0,766.0,745.0,742.0
7700.0,1793.0,1787.0,1837.0,763.0,762.0,758.0
7745.0,1822.0,1804.0,1816.0,762.0,773.0,768.0
7547.0,1764.0,1762.0,1737.0,758.0,762.0,764.0
7627.0,1789.0,1746.0,1773.0,781.0,784.0,754.0
7718.0,1799.0,1805.0,1791.0,771.0,779.0,773.0
7554.0,1740.0,1785.0,1757.0,768.0,747.0,757.0
7689.0,1786.0,1802.0,1819.0,759.0,761.0,762.0
7719.0,1818.0,1789.0,1804.0,778.0,763.0,767.0
7537.0,1747.0,1766.0,1768.0,756.0,751.0,749.0
7606.0,1788.0,1765.0,1780.0,760.0,758.0,755.0
7761.0,1808.0,1821.0,1802.0,786.0,777.0,767.0
7615.0,1770.0,1774.0,1768.0,772.0,770.0,761.0
7805.0,1784.0,1835.0,1829.0,794.0,780.0,783.0
7717.0,1794.0,1776.0,1819.0,772.0,769.0,787.0
7655.0,1820.0,1747.0,1784.0,763.0,769.0,772.0
7734.0,1797.0,1817.0,1797.0,770.0,769.0,784.0
7894.0,1851.0,1871.0,1823.0,786.0,785.0,778.0
7676.0,1809.0,1788.0,1777.0,768.0,764.0,770.0
7781.0,1797.0,1820.0,1822.0,772.0,792.0,778.0
7775.0,1796.0,1821.0,1827.0,783.0,779.0,769.0
7774.0,1813.0,1826.0,1816.0,780.0,767.0,772.0
7576.0,1785.0,1783.0,1746.0,752.0,758.0,752.0
7835.0,1816.0,1841.0,1820.0,784.0,787.0,787.0
7696.0,1810.0,1795.0,1766.0,769.0,780.0,776.0
7793.0,1848.0,1804.0,1819.0,770.0,766.0,786.0
7729.0,1788.0,1800.0,1832.0,757.0,763.0,789.0
7806.0,1789.0,1823.0,1858.0,788.0,774.0,774.0
7789.0,1844.0,1808.0,1810.0,784.0,774.0,769.0
7729.0,1797.0,1806.0,1793.0,782.0,777.0,774.0
7740.0,1791.0,1810.0,1801.0,783.0,782.0,773.0
7828.0,1842.0,1817.0,1831.0,772.0,789.0,777.0
7934.0,1856.0,1863.0,1854.0,778.0,790.0,793.0
7722.0,1788.0,1791.0,1823.0,775.0,779.0,766.0
7734.0,1791.0,1810.0,1819.0,769.0,766.0,779.0
7766.0,1835.0,1801.0,1804.0,766.0,776.0,784.0
7779.0,1806.0,1816.0,1805.0,783.0,781.0,788.0
7693.0,1796.0,1803.0,1774.0,780.0,768.0,772.0
7761.0,1832.0,1795.0,1828.0,773.0,770.0,763.0
7803.0,1831.0,1806.0,1836.0,780.0,774.0,776.0
7776.0,1793.0,1812.0,1831.0,779.0,784.0,777.0
7787.0,1806.0,1849.0,1799.0,771.0,788.0,774.0
7773.0,1825.0,1828.0,1800.0,774.0,781.0,765.0
7658.0,1794.0,1789.0,1779.0,773.0,761.0,762.0
7675.0,1791.0,1778.0,1784.0,777.0,765.0,780.0
7752.0,1809.0,1824.0,1802.0,764.0,769.0,784.0
7804.0,1835.0,1849.0,1808.0,771.0,764.0,777.0
7909.0,1850.0,1853.0,1841.0,792.0,785.0,788.0
7782.0,1811.0,1811.0,1823.0,781.0,775.0,781.0
7783.0,1800.0,1825.0,1826.0,776.0,775.0,781.0
7678.0,1804.0,1774.0,1787.0,781.0,771.0,761.0
7612.0,1759.0,1792.0,1794.0,758.0,753.0,756.0
7801.0,1818.0,1830.0,1816.0,786.0,769.0,782.0
7918.0,1870.0,1827.0,1840.0,800.0,788.0,793.0
7910.0,1867.0,1826.0,1844.0,788.0,788.0,797.0
7887.0,1854.0,1855.0,1822.0,788.0,782.0,786.0
7749.0,1800.0,1820.0,1806.0,774.0,769.0,780.0
7811.0,1818.0,1833.0,1822.0,776.0,782.0,780.0
7675.0,1781.0,1768.0,1798.0,778.0,775.0,775.0
7906.0,1838.0,1848.0,1837.0,796.0,799.0,788.0
8017.0,1878.0,1888.0,1851.0,795.0,799.0,806.0
7777.0,1799.0,1830.0,1804.0,784.0,783.0,777.0
7809.0,1827.0,1816.0,1825.0,773.0,789.0,779.0
7780.0,1808.0,1828.0,1846.0,765.0,764.0,769.0
7666.0,1783.0,1793.0,1794.0,757.0,768.0,771.0
7764.0,1786.0,1826.0,1819.0,773.0,776.0,784.0
7837.0,1821.0,1854.0,1804.0,789.0,790.0,779.0
7995.0,1878.0,1854.0,1855.0,798.0,805.0,805.0
7802.0,1795.0,1808.0,1832.0,782.0,793.0,792.0
8043.0,1880.0,1884.0,1857.0,809.0,817.0,796.0
7923.0,1838.0,1845.0,1877.0,781.0,791.0,791.0
7900.0,1869.0,1853.0,1837.0,788.0,770.0,783.0
7664.0,1771.0,1794.0,1783.0,771.0,778.0,767.0
7795.0,1848.0,1796.0,1800.0,789.0,776.0,786.0
7902.0,1864.0,1850.0,1822.0,794.0,788.0,784.0
7839.0,1813.0,1846.0,1816.0,797.0,784.0,783.0
7882.0,1816.0,1844.0,1844.0,791.0,798.0,789.0
7849.0,1827.0,1849.0,1836.0,766.0,788.0,783.0
7807.0,1832.0,1819.0,1838.0,764.0,773.0,781.0
7874.0,1838.0,1829.0,1836.0,788.0,791.0,792.0
7872.0,1850.0,1847.0,1829.0,789.0,774.0,783.0
8119.0,1915.0,1899.0,1878.0,813.0,810.0,804.0
7891.0,1846.0,1844.0,1839.0,791.0,786.0,785.0
7825.0,1829.0,1816.0,1839.0,790.0,773.0,778.0
7836.0,1847.0,1826.0,1821.0,776.0,781.0,785.0
7935.0,1863.0,1864.0,1826.0,791.0,796.0,795.0
7697.0,1804.0,1775.0,1806.0,767.0,778.0,767.0
7814.0,1827.0,1813.0,1819.0,785.0,784.0,786.0
7841.0,1847.0,1815.0,1834.0,785.0,785.0,775.0
7983.0,1870.0,1849.0,1877.0,805.0,786.0,796.0
7947.0,1850.0,1870.0,1841.0,803.0,790.0,793.0
7876.0,1836.0,1858.0,1832.0,779.0,780.0,791.0
7828.0,1842.0,1817.0,1805.0,787.0,783.0,794.0
7745.0,1816.0,1791.0,1797.0,781.0,777.0,783.0
7917.0,1859.0,1825.0,1864.0,787.0,798.0,784.0
7862.0,1844.0,1833.0,1831.0,782.0,792.0,780.0
8039.0,1858.0,1893.0,1880.0,800.0,810.0,798.0
7921.0,1838.0,1856.0,1844.0,805.0,787.0,791.0
7829.0,1836.0,1797.0,1835.0,790.0,782.0,789.0
7982.0,1868.0,1863.0,1841.0,805.0,791.0,814.0
7840.0,1829.0,1842.0,1826.0,791.0,771.0,781.0
7855.0,1819.0,1844.0,1846.0,781.0,790.0,775.0
7902.0,1871.0,1825.0,1856.0,780.0,778.0,792.0
7965.0,1852.0,1857.0,1871.0,793.0,804.0,788.0
7969.0,1860.0,1854.0,1856.0,797.0,808.0,794.0
7849.0,1835.0,1824.0,1828.0,795.0,783.0,784.0
8041.0,1875.0,1868.0,1886.0,805.0,808.0,799.0
7903.0,1830.0,1842.0,1862.0,791.0,784.0,794.0
7920.0,1861.0,1843.0,1865.0,782.0,786.0,783.0
7902.0,1831.0,1839.0,1865.0,784.0,782.0,801.0
7935.0,1851.0,1857.0,1844.0,796.0,790.0,797.0
7970.0,1846.0,1874.0,1855.0,805.0,794.0,796.0
7872.0,1845.0,1819.0,1868.0,790.0,772.0,778.0
7918.0,1867.0,1818.0,1854.0,802.0,800.0,777.0
7840.0,1802.0,1845.0,1858.0,779.0,787.0,769.0
7952.0,1840.0,1856.0,1866.0,792.0,803.0,795.0
7965.0,1856.0,1839.0,1875.0,798.0,800.0,797.0
7927.0,1834.0,1858.0,1843.0,795.0,799.0,798.0
7895.0,1838.0,1863.0,1834.0,787.0,789.0,784.0
7973.0,1860.0,1866.0,1853.0,804.0,788.0,802.0
7915.0,1849.0,1852.0,1841.0,791.0,784.0,798.0
8045.0,1869.0,1880.0,1874.0,817.0,798.0,807.0
7923.0,1829.0,1851.0,1869.0,786.0,793.0,795.0
7994.0,1895.0,1833.0,1860.0,801.0,803.0,802.0
7943.0,1870.0,1865.0,1827.0,803.0,798.0,780.0
8054.0,1867.0,1897.0,1879.0,795.0,820.0,796.0
7937.0,1864.0,1842.0,1862.0,791.0,788.0,790.0
7900.0,1857.0,1826.0,1860.0,788.0,778.0,791.0
7932.0,1844.0,1847.0,1857.0,794.0,793.0,797.0
8101.0,1873.0,1897.0,1885.0,813.0,809.0,824.0
7893.0,1856.0,1856.0,1820.0,787.0,791.0,783.0
7875.0,1838.0,1845.0,1831.0,778.0,792.0,791.0
7933.0,1841.0,1842.0,1863.0,789.0,801.0,797.0
7813.0,1842.0,1818.0,1830.0,776.0,777.0,770.0
8084.0,1888.0,1897.0,1890.0,796.0,805.0,808.0
8015.0,1844.0,1902.0,1864.0,807.0,802.0,796.0
8024.0,1874.0,1872.0,1883.0,804.0,795.0,796.0
7933.0,1861.0,1838.0,1842.0,802.0,798.0,792.0
8020.0,1860.0,1878.0,1875.0,798.0,800.0,809.0
8001.0,1854.0,1869.0,1876.0,799.0,807.0,796.0
8178.0,1908.0,1906.0,1913.0,816.0,817.0,818.0
7833.0,1819.0,1840.0,1829.0,768.0,783.0,794.0
7912.0,1834.0,1851.0,1836.0,787.0,797.0,807.0
8108.0,1910.0,1906.0,1860.0,812.0,812.0,808.0
8072.0,1887.0,1912.0,1879.0,802.0,797.0,795.0
7910.0,1844.0,1852.0,1835.0,794.0,795.0,790.0
8003.0,1841.0,1866.0,1903.0,800.0,792.0,801.0
8029.0,1871.0,1881.0,1866.0,796.0,808.0,807.0
7995.0,1853.0,1876.0,1883.0,798.0,794.0,791.0
7851.0,1823.0,1854.0,1819.0,773.0,802.0,780.0
7919.0,1845.0,1832.0,1839.0,795.0,800.0,808.0
8027.0,1892.0,1847.0,1881.0,792.0,809.0,806.0
8129.0,1897.0,1888.0,1898.0,809.0,820.0,817.0
8119.0,1879.0,1901.0,1891.0,819.0,803.0,826.0
7918.0,1848.0,1857.0,1844.0,796.0,787.0,786.0
7996.0,1871.0,1880.0,1860.0,797.0,794.0,794.0
7940.0,1848.0,1838.0,1861.0,791.0,808.0,794.0
8039.0,1878.0,1896.0,1869.0,797.0,801.0,798.0
8057.0,1883.0,1884.0,1884.0,805.0,798.0,803.0
8246.0,1919.0,1914.0,1934.0,826.0,830.0,823.0
8017.0,1860.0,1865.0,1881.0,806.0,806.0,799.0
7992.0,1884.0,1868.0,1817.0,809.0,805.0,809.0
7909.0,1864.0,1851.0,1816.0,796.0,785.0,797.0
8013.0,1864.0,1888.0,1854.0,795.0,799.0,813.0
8079.0,1891.0,1900.0,1880.0,805.0,801.0,802.0
8065.0,1893.0,1851.0,1893.0,809.0,809.0,810.0
7998.0,1850.0,1856.0,1884.0,796.0,810.0,802.0
8169.0,1897.0,1908.0,1905.0,821.0,826.0,812.0
8077.0,1890.0,1904.0,1867.0,809.0,815.0,792.0
7963.0,1866.0,1864.0,1833.0,805.0,797.0,798.0
7910.0,1843.0,1835.0,1866.0,784.0,790.0,792.0
8134.0,1907.0,1875.0,1917.0,803.0,814.0,818.0
7972.0,1853.0,1867.0,1883.0,790.0,790.0,789.0
8131.0,1893.0,1906.0,1886.0,811.0,811.0,824.0
8077.0,1867.0,1889.0,1876.0,828.0,811.0,806.0
7939.0,1874.0,1830.0,1838.0,802.0,798.0,797.0
8061.0,1892.0,1853.0,1883.0,817.0,810.0,806.0
7979.0,1875.0,1856.0,1867.0,791.0,800.0,790.0
8126.0,1911.0,1890.0,1909.0,802.0,811.0,803.0
8145.0,1903.0,1913.0,1888.0,820.0,817.0,804.0
8184.0,1903.0,1907.0,1901.0,830.0,818.0,825.0
8051.0,1867.0,1886.0,1879.0,804.0,799.0,816.0
8054.0,1876.0,1879.0,1883.0,809.0,796.0,811.0
8167.0,1896.0,1905.0,1900.0,823.0,817.0,826.0
8007.0,1836.0,1878.0,1868.0,805.0,806.0,814.0
8013.0,1874.0,1877.0,1876.0,796.0,797.0,793.0
8080.0,1883.0,1879.0,1890.0,798.0,816.0,814.0
8057.0,1882.0,1867.0,1881.0,805.0,821.0,801.0
8064.0,1866.0,1899.0,1865.0,805.0,817.0,812.0
8186.0,1910.0,1902.0,1931.0,822.0,812.0,809.0
8115.0,1903.0,1885.0,1903.0,814.0,804.0,806.0
7961.0,1864.0,1835.0,1853.0,807.0,795.0,807.0
8100.0,1891.0,1891.0,1901.0,806.0,803.0,808.0
8013.0,1865.0,1893.0,1842.0,805.0,798.0,810.0
7945.0,1838.0,1854.0,1854.0,787.0,801.0,811.0
8109.0,1891.0,1879.0,1886.0,814.0,823.0,816.0
8246.0,1919.0,1898.0,1960.0,818.0,824.0,827.0
8177.0,1896.0,1908.0,1925.0,813.0,826.0,809.0
8035.0,1867.0,1873.0,1882.0,814.0,803.0,796.0
8057.0,1909.0,1872.0,1869.0,801.0,803.0,803.0
8066.0,1896.0,1865.0,1878.0,807.0,805.0,815.0
8045.0,1873.0,1891.0,1887.0,802.0,787.0,805.0
8100.0,1872.0,1905.0,1893.0,807.0,814.0,809.0
8239.0,1908.0,1926.0,1943.0,812.0,827.0,823.0
8048.0,1872.0,1878.0,1884.0,802.0,797.0,815.0
8146.0,1880.0,1917.0,1901.0,813.0,826.0,809.0
8199.0,1910.0,1910.0,1896.0,838.0,819.0,826.0
8340.0,1960.0,1970.0,1914.0,831.0,828.0,837.0
8208.0,1908.0,1921.0,1928.0,817.0,820.0,814.0
8041.0,1849.0,1872.0,1913.0,801.0,796.0,810.0
8120.0,1903.0,1868.0,1932.0,802.0,808.0,807.0
8079.0,1894.0,1878.0,1874.0,815.0,814.0,804.0
8215.0,1891.0,1940.0,1903.0,831.0,829.0,821.0
8218.0,1903.0,1923.0,1911.0,833.0,827.0,821.0
8196.0,1902.0,1910.0,1924.0,819.0,829.0,812.0
8164.0,1901.0,1900.0,1902.0,817.0,818.0,826.0
8189.0,1885.0,1918.0,1922.0,813.0,816.0,835.0
8111.0,1908.0,1890.0,1896.0,798.0,819.0,800.0
7982.0,1868.0,1868.0,1848.0,805.0,792.0,801.0
8050.0,1884.0,1887.0,1858.0,806.0,805.0,810.0
8190.0,1912.0,1893.0,1933.0,829.0,826.0,797.0
8093.0,1892.0,1883.0,1893.0,808.0,807.0,810.0
8342.0,1943.0,1938.0,1981.0,826.0,819.0,835.0
8160.0,1909.0,1928.0,1874.0,817.0,818.0,814.0
8045.0,1889.0,1879.0,1870.0,792.0,807.0,808.0
8153.0,1903.0,1895.0,1894.0,823.0,818.0,820.0
8106.0,1894.0,1901.0,1880.0,800.0,809.0,822.0
8175.0,1908.0,1912.0,1924.0,813.0,805.0,813.0
8204.0,1912.0,1912.0,1933.0,820.0,817.0,810.0
8133.0,1894.0,1868.0,1941.0,806.0,812.0,812.0
8176.0,1892.0,1900.0,1913.0,826.0,832.0,813.0
8177.0,1911.0,1912.0,1915.0,812.0,823.0,804.0
8101.0,1901.0,1906.0,1886.0,804.0,809.0,795.0
8227.0,1902.0,1913.0,1935.0,815.0,834.0,828.0
8294.0,1927.0,1939.0,1938.0,833.0,835.0,822.0
8174.0,1921.0,1896.0,1905.0,822.0,818.0,812.0
8119.0,1907.0,1906.0,1883.0,810.0,800.0,813.0
8116.0,1894.0,1906.0,1877.0,814.0,810.0,815.0
8170.0,1893.0,1933.0,1893.0,821.0,809.0,821.0
8134.0,1904.0,1884.0,1910.0,803.0,816.0,817.0
8101.0,1875.0,1898.0,1910.0,806.0,812.0,800.0
8252.0,1931.0,1918.0,1941.0,818.0,828.0,816.0
8174.0,1914.0,1927.0,1896.0,813.0,809.0,815.0
8218.0,1932.0,1924.0,1902.0,819.0,824.0,817.0
8184.0,1903.0,1909.0,1906.0,824.0,815.0,827.0
8285.0,1911.0,1929.0,1951.0,843.0,830.0,821.0
8168.0,1899.0,1915.0,1899.0,825.0,806.0,824.0
8048.0,1866.0,1893.0,1872.0,807.0,793.0,817.0
8099.0,1889.0,1895.0,1888.0,806.0,808.0,813.0
8322.0,1950.0,1930.0,1946.0,830.0,843.0,823.0
8087.0,1892.0,1892.0,1870.0,815.0,812.0,806.0
8357.0,1967.0,1949.0,1938.0,836.0,843.0,824.0
8153.0,1893.0,1903.0,1923.0,816.0,809.0,809.0
8117.0,1897.0,1893.0,1902.0,803.0,809.0,813.0
8182.0,1884.0,1904.0,1928.0,821.0,819.0,826.0
8186.0,1908.0,1899.0,1923.0,821.0,811.0,824.0
8269.0,1951.0,1924.0,1919.0,831.0,816.0,828.0
8233.0,1919.0,1924.0,1905.0,828.0,828.0,829.0
8228.0,1899.0,1932.0,1926.0,830.0,819.0,822.0
8148.0,1903.0,1884.0,1912.0,817.0,817.0,815.0
8174.0,1907.0,1901.0,1900.0,828.0,826.0,812.0
8105.0,1895.0,1877.0,1885.0,820.0,820.0,808.0
8167.0,1921.0,1926.0,1882.0,819.0,810.0,809.0
8211.0,1946.0,1907.0,1896.0,820.0,825.0,817.0
8200.0,1921.0,1921.0,1916.0,813.0,819.0,810.0
8162.0,1903.0,1893.0,1922.0,818.0,803.0,823.0
8313.0,1924.0,1947.0,1955.0,828.0,828.0,831.0
8284.0,1936.0,1936.0,1919.0,830.0,827.0,836.0
8216.0,1925.0,1905.0,1906.0,831.0,822.0,827.0
8220.0,1922.0,1919.0,1901.0,827.0,826.0,825.0
8279.0,1955.0,1937.0,1916.0,820.0,830.0,821.0
8218.0,1914.0,1923.0,1909.0,823.0,828.0,821.0
8303.0,1925.0,1945.0,1950.0,822.0,835.0,826.0
8127.0,1895.0,1878.0,1922.0,815.0,810.0,807.0
8116.0,1887.0,1875.0,1908.0,818.0,818.0,810.0
8178.0,1887.0,1911.0,1904.0,824.0,824.0,828.0
8242.0,1900.0,1957.0,1914.0,822.0,831.0,818.0
8243.0,1945.0,1901.0,1920.0,819.0,831.0,827.0
8296.0,1967.0,1913.0,1925.0,826.0,832.0,833.0
8235.0,1919.0,1895.0,1939.0,834.0,831.0,817.0
8328.0,1949.0,1920.0,1962.0,839.0,833.0,825.0
8260.0,1934.0,1947.0,1909.0,825.0,816.0,829.0
8242.0,1934.0,1925.0,1907.0,832.0,827.0,817.0
8156.0,1912.0,1891.0,1893.0,830.0,814.0,816.0
8346.0,1967.0,1930.0,1951.0,842.0,828.0,828.0
8415.0,1950.0,1963.0,1954.0,846.0,853.0,849.0
8273.0,1915.0,1944.0,1937.0,822.0,825.0,830.0
8254.0,1920.0,1959.0,1900.0,816.0,829.0,830.0
8224.0,1933.0,1903.0,1906.0,828.0,823.0,831.0
8180.0,1892.0,1902.0,1912.0,820.0,831.0,823.0
8420.0,1948.0,1956.0,1992.0,857.0,831.0,836.0
8511.0,1965.0,2000.0,2020.0,851.0,838.0,837.0
8263.0,1930.0,1930.0,1925.0,823.0,821.0,834.0
8294.0,1963.0,1926.0,1933.0,824.0,827.0,821.0
8295.0,1940.0,1930.0,1928.0,828.0,839.0,830.0
8247.0,1927.0,1930.0,1917.0,822.0,831.0,820.0
8293.0,1909.0,1951.0,1933.0,833.0,843.0,824.0
8304.0,1941.0,1951.0,1930.0,825.0,831.0,826.0
8354.0,1965.0,1925.0,1957.0,839.0,835.0,833.0
8316.0,1942.0,1933.0,1939.0,845.0,829.0,828.0
8056.0,1879.0,1891.0,1871.0,804.0,802.0,809.0
8145.0,1896.0,1918.0,1889.0,812.0,810.0,820.0
8423.0,1966.0,1984.0,1970.0,830.0,831.0,842.0
8286.0,1922.0,1924.0,1944.0,830.0,838.0,828.0
8369.0,1935.0,1942.0,1956.0,840.0,845.0,851.0
8321.0,1934.0,1960.0,1941.0,832.0,826.0,828.0
8349.0,1935.0,1964.0,1925.0,851.0,839.0,835.0
8312.0,1936.0,1918.0,1948.0,838.0,834.0,838.0
8398.0,1961.0,1945.0,1958.0,850.0,837.0,847.0
8303.0,1952.0,1925.0,1958.0,828.0,819.0,821.0
8378.0,1916.0,1967.0,1986.0,831.0,842.0,836.0
8341.0,1933.0,1972.0,1940.0,831.0,836.0,829.0
8303.0,1942.0,1951.0,1914.0,841.0,821.0,834.0
8453.0,1969.0,1970.0,1960.0,857.0,854.0,843.0
8459.0,1963.0,1966.0,1978.0,857.0,854.0,841.0
8409.0,1968.0,1956.0,1960.0,844.0,845.0,836.0
8258.0,1937.0,1934.0,1922.0,819.0,816.0,830.0
8343.0,1942.0,1952.0,1957.0,835.0,824.0,833.0
8376.0,1953.0,1945.0,1957.0,848.0,831.0,842.0
8504.0,2012.0,1982.0,1953.0,860.0,842.0,855.0
8450.0,1964.0,1978.0,1959.0,848.0,852.0,849.0
8359.0,1939.0,1965.0,1939.0,843.0,839.0,834.0
8370.0,1950.0,1932.0,1972.0,837.0,842.0,837.0
8368.0,1955.0,1943.0,1959.0,832.0,843.0,836.0
8273.0,1913.0,1930.0,1947.0,825.0,836.0,822.0
8547.0,2008.0,1995.0,1996.0,846.0,851.0,851.0
8462.0,1995.0,1986.0,1962.0,845.0,836.0,838.0
8328.0,1938.0,1950.0,1942.0,835.0,822.0,841.0
8373.0,1929.0,1949.0,1978.0,846.0,829.0,842.0
8308.0,1939.0,1939.0,1937.0,832.0,822.0,839.0
8301.0,1937.0,1935.0,1953.0,828.0,813.0,835.0
8351.0,1919.0,1944.0,1969.0,835.0,841.0,843.0
8304.0,1936.0,1937.0,1944.0,821.0,840.0,826.0
8493.0,1994.0,1964.0,1975.0,846.0,856.0,858.0
8296.0,1924.0,1944.0,1936.0,832.0,834.0,826.0
8406.0,1948.0,1961.0,1990.0,842.0,837.0,828.0
8489.0,1981.0,1985.0,1979.0,849.0,846.0,849.0
8315.0,1935.0,1930.0,1944.0,846.0,821.0,839.0
8299.0,1944.0,1924.0,1928.0,834.0,828.0,841.0
8349.0,1920.0,1961.0,1947.0,833.0,841.0,847.0
8522.0,2001.0,1989.0,1987.0,838.0,850.0,857.0
8501.0,1982.0,1981.0,1991.0,842.0,852.0,853.0
8426.0,1934.0,1968.0,1993.0,837.0,844.0,850.0
8422.0,1971.0,1958.0,1968.0,846.0,849.0,830.0
8343.0,1956.0,1949.0,1929.0,838.0,840.0,831.0
8297.0,1934.0,1937.0,1944.0,834.0,819.0,829.0
8294.0,1928.0,1945.0,1934.0,831.0,834.0,822.0
8372.0,1959.0,1946.0,1958.0,842.0,839.0,828.0
8522.0,1992.0,1974.0,1998.0,850.0,857.0,851.0
8433.0,1944.0,1988.0,1974.0,834.0,838.0,855.0
8373.0,1967.0,1949.0,1949.0,834.0,847.0,827.0
8360.0,1960.0,1950.0,1936.0,833.0,841.0,840.0
8246.0,1909.0,1890.0,1932.0,848.0,831.0,836.0
8315.0,1941.0,1933.0,1950.0,826.0,839.0,826.0
8470.0,1978.0,1980.0,1998.0,842.0,837.0,835.0
8435.0,1951.0,1969.0,1999.0,830.0,849.0,837.0
8386.0,1963.0,1961.0,1950.0,825.0,847.0,840.0
8406.0,1977.0,1950.0,1938.0,844.0,851.0,846.0
8234.0,1928.0,1909.0,1914.0,825.0,825.0,833.0
8248.0,1901.0,1937.0,1940.0,822.0,831.0,817.0
8562.0,1976.0,2025.0,1993.0,857.0,852.0,859.0
8303.0,1956.0,1927.0,1927.0,831.0,824.0,838.0
8371.0,1963.0,1957.0,1945.0,837.0,823.0,846.0
8394.0,1964.0,1948.0,1963.0,835.0,837.0,847.0
8246.0,1953.0,1913.0,1925.0,818.0,814.0,823.0
8340.0,1952.0,1946.0,1959.0,829.0,833.0,821.0
8378.0,1935.0,1956.0,1963.0,843.0,847.0,834.0
8395.0,1971.0,1938.0,1954.0,849.0,838.0,845.0
8371.0,1961.0,1950.0,1945.0,834.0,855.0,826.0
8530.0,1986.0,2005.0,1976.0,855.0,861.0,847.0
8339.0,1943.0,1955.0,1932.0,834.0,834.0,841.0
8297.0,1943.0,1946.0,1944.0,816.0,823.0,825.0
8452.0,1984.0,1957.0,1981.0,837.0,844.0,849.0
8411.0,1969.0,1958.0,1966.0,841.0,830.0,847.0
8445.0,1965.0,1982.0,1971.0,839.0,840.0,848.0
8502.0,1990.0,1994.0,1963.0,850.0,853.0,852.0
8437.0,1954.0,1959.0,1977.0,847.0,849.0,851.0
8338.0,1920.0,1940.0,1966.0,839.0,841.0,832.0
8342.0,1952.0,1936.0,1978.0,824.0,834.0,818.0
8427.0,1965.0,1969.0,1986.0,827.0,845.0,835.0
8367.0,1916.0,1954.0,1963.0,840.0,847.0,847.0
8334.0,1945.0,1946.0,1953.0,831.0,824.0,835.0
8658.0,2043.0,2026.0,1987.0,873.0,851.0,878.0
8489.0,1983.0,1960.0,1975.0,858.0,852.0,861.0
8395.0,1945.0,1981.0,1952.0,845.0,836.0,836.0
8537.0,1984.0,2018.0,1988.0,851.0,845.0,851.0
8416.0,1968.0,1957.0,1977.0,834.0,845.0,835.0
8371.0,1935.0,1953.0,1972.0,840.0,840.0,831.0
8471.0,1976.0,1974.0,1968.0,861.0,847.0,845.0
8457.0,1999.0,1978.0,1960.0,848.0,835.0,837.0
8563.0,1985.0,2022.0,1987.0,865.0,856.0,848.0
8472.0,1976.0,1964.0,1982.0,856.0,840.0,854.0
8499.0,1981.0,1962.0,2012.0,855.0,834.0,855.0
8515.0,1985.0,1989.0,1989.0,845.0,844.0,863.0
8409.0,1970.0,1977.0,1935.0,836.0,853.0,838.0
8504.0,1985.0,1990.0,1979.0,836.0,858.0,856.0
8540.0,2013.0,1977.0,1983.0,864.0,858.0,845.0
8451.0,1967.0,1955.0,1982.0,855.0,854.0,838.0
8457.0,1937.0,2001.0,1971.0,848.0,853.0,847.0
8570.0,2010.0,2014.0,2000.0,860.0,838.0,848.0
8501.0,1993.0,1991.0,1980.0,846.0,844.0,847.0
8396.0,1977.0,1959.0,1933.0,836.0,848.0,843.0
8491.0,1979.0,1983.0,1986.0,847.0,841.0,855.0
8536.0,1997.0,2002.0,1974.0,853.0,856.0,854.0
8648.0,2016.0,2020.0,2042.0,854.0,862.0,854.0
8551.0,1999.0,1967.0,2014.0,860.0,857.0,854.0
8490.0,1994.0,1970.0,1982.0,862.0,844.0,838.0
8396.0,1979.0,1959.0,1934.0,848.0,836.0,840.0
8533.0,1982.0,1997.0,2001.0,855.0,857.0,841.0
8430.0,1966.0,1983.0,1980.0,843.0,819.0,839.0
8542.0,1997.0,1996.0,1993.0,852.0,854.0,850.0
8566.0,2006.0,1978.0,2007.0,861.0,858.0,856.0
8394.0,1950.0,1950.0,1964.0,847.0,839.0,844.0
8564.0,1994.0,2019.0,1972.0,856.0,865.0,858.0
8493.0,1993.0,1984.0,1958.0,855.0,852.0,851.0
8336.0,1934.0,1946.0,1955.0,838.0,834.0,829.0
8424.0,1981.0,1947.0,1985.0,835.0,829.0,847.0
8572.0,2010.0,1982.0,2017.0,853.0,855.0,855.0
8507.0,1986.0,2004.0,1989.0,844.0,832.0,852.0
8627.0,1995.0,2040.0,2012.0,860.0,858.0,862.0
8570.0,2016.0,1991.0,1986.0,865.0,856.0,856.0
8628.0,2011.0,2010.0,1988.0,880.0,882.0,857.0
8527.0,1968.0,1981.0,2013.0,858.0,859.0,848.0
8659.0,2005.0,2018.0,2019.0,862.0,871.0,884.0
8642.0,2033.0,2013.0,2019.0,854.0,868.0,855.0
8591.0,1987.0,1992.0,2019.0,861.0,860.0,872.0
8419.0,1986.0,1951.0,1963.0,837.0,839.0,843.0
8417.0,1988.0,1970.0,1945.0,841.0,835.0,838.0
8587.0,2011.0,2008.0,2003.0,865.0,840.0,860.0
8427.0,1948.0,1984.0,1979.0,840.0,839.0,837.0
8462.0,1983.0,1975.0,1968.0,848.0,853.0,835.0
8606.0,2044.0,1997.0,1989.0,851.0,867.0,858.0
8659.0,2021.0,2035.0,2014.0,853.0,865.0,871.0
8606.0,2003.0,2021.0,2000.0,859.0,862.0,861.0
8479.0,1992.0,1992.0,1969.0,836.0,839.0,851.0
8636.0,2026.0,2018.0,2009.0,856.0,866.0,861.0
8521.0,1981.0,1959.0,2016.0,862.0,847.0,856.0
8364.0,1948.0,1938.0,1946.0,847.0,836.0,849.0
8653.0,2036.0,2021.0,2010.0,857.0,868.0,861.0
8563.0,1987.0,2008.0,1999.0,857.0,867.0,845.0
8487.0,1983.0,1982.0,1976.0,838.0,864.0,844.0
8595.0,2039.0,1974.0,2009.0,855.0,865.0,853.0
8641.0,2025.0,2013.0,2024.0,864.0,856.0,859.0
8568.0,1977.0,2004.0,2013.0,857.0,859.0,858.0
8646.0,2014.0,2007.0,2024.0,866.0,869.0,866.0
8639.0,2052.0,2009.0,1984.0,871.0,854.0,869.0
8531.0,1977.0,1983.0,2002.0,852.0,850.0,867.0
8639.0,2028.0,2005.0,2023.0,864.0,858.0,861.0
8513.0,1986.0,1999.0,1992.0,832.0,851.0,853.0
8581.0,2011.0,1973.0,2009.0,857.0,864.0,867.0
8589.0,2001.0,1998.0,2020.0,861.0,862.0,847.0
8616.0,2048.0,2006.0,1976.0,867.0,871.0,848.0
8635.0,2025.0,2022.0,1990.0,866.0,868.0,864.0
8583.0,1991.0,2010.0,2012.0,862.0,853.0,855.0
8651.0,2011.0,2009.0,2034.0,871.0,855.0,871.0
8612.0,2023.0,1983.0,2034.0,853.0,852.0,867.0
8578.0,2031.0,1988.0,1996.0,850.0,847.0,866.0
8624.0,1993.0,2006.0,2019.0,864.0,868.0,874.0
8694.0,2022.0,2043.0,2029.0,875.0,866.0,859.0
8694.0,2038.0,2036.0,2014.0,878.0,869.0,859.0
8668.0,2019.0,2008.0,2030.0,864.0,877.0,870.0
8809.0,2049.0,2034.0,2082.0,886.0,879.0,879.0
8558.0,2012.0,2010.0,1981.0,849.0,854.0,852.0
8601.0,2020.0,2023.0,2012.0,845.0,857.0,844.0
8487.0,1969.0,1971.0,1996.0,843.0,844.0,864.0
8579.0,1990.0,2004.0,2011.0,856.0,858.0,860.0
8850.0,2067.0,2053.0,2066.0,889.0,888.0,887.0
8569.0,1979.0,2007.0,2003.0,871.0,864.0,845.0
8760.0,2022.0,2069.0,2053.0,877.0,873.0,866.0
8698.0,2050.0,2020.0,2022.0,874.0,876.0,856.0
8518.0,1980.0,1961.0,1989.0,858.0,876.0,854.0
8653.0,2011.0,2022.0,2020.0,873.0,864.0,863.0
8690.0,2043.0,2022.0,2047.0,856.0,860.0,862.0
8759.0,2031.0,2043.0,2072.0,879.0,865.0,869.0
8739.0,2037.0,2018.0,2072.0,877.0,868.0,867.0
8630.0,1993.0,2008.0,2023.0,872.0,863.0,871.0
8648.0,2014.0,2033.0,2001.0,875.0,861.0,864.0
8692.0,2026.0,2045.0,2017.0,865.0,876.0,863.0
8608.0,2019.0,2015.0,1990.0,853.0,865.0,866.0
8573.0,2019.0,1987.0,2007.0,848.0,857.0,855.0
8755.0,2053.0,2041.0,2060.0,868.0,861.0,872.0
8647.0,2028.0,2031.0,2012.0,864.0,854.0,858.0
8771.0,1999.0,2081.0,2058.0,877.0,879.0,877.0
8515.0,1990.0,1988.0,1982.0,852.0,853.0,850.0
8538.0,1993.0,1986.0,1997.0,872.0,840.0,850.0
8634.0,2011.0,2006.0,2018.0,858.0,873.0,868.0
8675.0,2007.0,2022.0,2032.0,864.0,872.0,878.0
8759.0,2037.0,2047.0,2051.0,868.0,867.0,889.0
8734.0,2015.0,2046.0,2034.0,875.0,879.0,885.0
8651.0,2019.0,2029.0,2007.0,859.0,866.0,871.0
8638.0,2033.0,2000.0,2013.0,865.0,859.0,868.0
8647.0,2014.0,2030.0,2021.0,868.0,853.0,861.0
8545.0,1992.0,1998.0,2008.0,857.0,856.0,834.0
8818.0,2053.0,2079.0,2072.0,872.0,865.0,877.0
8719.0,2041.0,2032.0,2044.0,868.0,869.0,865.0
8770.0,2034.0,2027.0,2054.0,878.0,898.0,879.0
8680.0,1997.0,2016.0,2028.0,878.0,874.0,887.0
8700.0,2039.0,2035.0,2017.0,870.0,866.0,873.0
8703.0,2033.0,2036.0,2038.0,865.0,862.0,869.0
8689.0,2023.0,2002.0,2059.0,868.0,865.0,872.0
8614.0,2040.0,1997.0,2012.0,856.0,859.0,850.0
8702.0,2043.0,2037.0,2022.0,875.0,859.0,866.0
8696.0,2020.0,2055.0,2013.0,868.0,870.0,870.0
8776.0,2060.0,2053.0,2051.0,869.0,875.0,868.0
8669.0,2055.0,2007.0,2005.0,855.0,884.0,863.0
8658.0,2007.0,2014.0,2055.0,853.0,873.0,856.0
8622.0,1990.0,2019.0,2017.0,860.0,869.0,867.0
8614.0,2012.0,2023.0,1996.0,853.0,854.0,876.0
8905.0,2089.0,2089.0,2066.0,892.0,878.0,891.0
8656.0,2023.0,2021.0,2010.0,863.0,871.0,868.0
8700.0,2037.0,2017.0,2041.0,863.0,861.0,881.0
8772.0,2053.0,2059.0,2048.0,873.0,866.0,873.0
8786.0,2061.0,2061.0,2057.0,871.0,871.0,865.0
8702.0,2009.0,2033.0,2041.0,882.0,875.0,862.0
8763.0,2051.0,2058.0,2028.0,882.0,872.0,872.0
8678.0,2053.0,2011.0,2006.0,872.0,870.0,866.0
8912.0,2074.0,2101.0,2079.0,884.0,884.0,890.0
8688.0,2041.0,2023.0,2014.0,867.0,869.0,874.0
8890.0,2082.0,2082.0,2070.0,876.0,887.0,893.0
8612.0,2016.0,2003.0,2003.0,856.0,864.0,870.0
8867.0,2077.0,2071.0,2049.0,882.0,893.0,895.0
8816.0,2046.0,2056.0,2054.0,883.0,881.0,896.0
8904.0,2093.0,2073.0,2066.0,894.0,891.0,887.0
8715.0,2014.0,2024.0,2056.0,872.0,886.0,863.0
8811.0,2054.0,2042.0,2095.0,881.0,869.0,870.0
8766.0,2063.0,2041.0,2049.0,863.0,876.0,874.0
8697.0,2047.0,2052.0,2026.0,853.0,859.0,860.0
8624.0,2011.0,2034.0,1985.0,874.0,855.0,865.0
8803.0,2042.0,2063.0,2043.0,893.0,872.0,890.0
8817.0,2051.0,2053.0,2065.0,883.0,878.0,887.0
8938.0,2080.0,2069.0,2106.0,892.0,893.0,898.0
8733.0,2028.0,2045.0,2038.0,867.0,881.0,874.0
8856.0,2078.0,2055.0,2057.0,887.0,892.0,887.0
8617.0,2047.0,2004.0,1989.0,854.0,869.0,854.0
8690.0,2019.0,2042.0,2023.0,864.0,871.0,871.0
8686.0,2014.0,2043.0,2038.0,864.0,866.0,861.0
8793.0,2044.0,2062.0,2067.0,875.0,873.0,872.0
9005.0,2094.0,2102.0,2102.0,903.0,896.0,908.0
8851.0,2057.0,2052.0,2079.0,888.0,881.0,894.0
8774.0,2067.0,2057.0,2020.0,869.0,878.0,883.0
8771.0,2051.0,2054.0,2031.0,875.0,880.0,880.0
8668.0,2024.0,2032.0,2009.0,854.0,875.0,874.0
8794.0,2064.0,2052.0,2046.0,874.0,880.0,878.0
8755.0,2069.0,2026.0,2047.0,884.0,869.0,860.0
8743.0,2024.0,2034.0,2057.0,880.0,874.0,874.0
8746.0,2049.0,2040.0,2037.0,884.0,865.0,871.0
8816.0,2082.0,2063.0,2041.0,881.0,873.0,876.0
8743.0,2035.0,2070.0,2030.0,867.0,869.0,872.0
8754.0,2046.0,2037.0,2047.0,877.0,873.0,874.0
8816.0,2059.0,2052.0,2059.0,873.0,882.0,891.0
8953.0,2111.0,2071.0,2088.0,891.0,895.0,897.0
8765.0,2037.0,2046.0,2027.0,873.0,889.0,893.0
8778.0,2049.0,2046.0,2050.0,886.0,880.0,867.0
8760.0,2040.0,2057.0,2032.0,888.0,876.0,867.0
8617.0,2015.0,1999.0,2029.0,855.0,859.0,860.0
8849.0,2042.0,2082.0,2090.0,883.0,871.0,881.0
8866.0,2058.0,2079.0,2086.0,878.0,883.0,882.0
8859.0,2084.0,2066.0,2065.0,883.0,885.0,876.0
8855.0,2058.0,2068.0,2063.0,881.0,898.0,887.0
8861.0,2054.0,2060.0,2056.0,908.0,891.0,892.0
8705.0,2042.0,2033.0,2013.0,866.0,878.0,873.0
8893.0,2062.0,2071.0,2087.0,887.0,902.0,884.0
8824.0,2045.0,2062.0,2062.0,883.0,882.0,890.0
8768.0,2059.0,2041.0,2050.0,866.0,872.0,880.0
8864.0,2074.0,2069.0,2078.0,886.0,878.0,879.0
8907.0,2087.0,2101.0,2065.0,879.0,888.0,887.0
8895.0,2073.0,2099.0,2047.0,893.0,893.0,890.0
8863.0,2059.0,2048.0,2108.0,894.0,883.0,871.0
8721.0,2018.0,2022.0,2071.0,865.0,880.0,865.0
8905.0,2063.0,2068.0,2086.0,896.0,897.0,895.0
8672.0,2017.0,2025.0,2018.0,864.0,869.0,879.0
8824.0,2056.0,2062.0,2057.0,874.0,884.0,891.0
8829.0,2038.0,2062.0,2085.0,877.0,878.0,889.0
8898.0,2062.0,2040.0,2098.0,905.0,889.0,904.0
8864.0,2071.0,2071.0,2074.0,886.0,879.0,883.0
8882.0,2070.0,2090.0,2074.0,884.0,883.0,881.0
8808.0,2026.0,2070.0,2064.0,878.0,884.0,886.0
8858.0,2072.0,2058.0,2037.0,897.0,898.0,896.0
8935.0,2094.0,2095.0,2073.0,882.0,896.0,895.0
8907.0,2065.0,2085.0,2083.0,881.0,891.0,902.0
9006.0,2093.0,2118.0,2107.0,892.0,891.0,905.0
8928.0,2088.0,2074.0,2082.0,890.0,901.0,893.0
8951.0,2108.0,2083.0,2071.0,901.0,889.0,899.0
8709.0,2036.0,2016.0,2037.0,880.0,870.0,870.0
8948.0,2089.0,2102.0,2066.0,898.0,896.0,897.0
8830.0,2091.0,2054.0,2052.0,881.0,882.0,870.0
8850.0,2065.0,2070.0,2074.0,879.0,887.0,875.0
8998.0,2072.0,2105.0,2127.0,898.0,899.0,897.0
8824.0,2069.0,2050.0,2062.0,879.0,885.0,879.0
8697.0,2031.0,2045.0,2017.0,872.0,868.0,864.0
8876.0,2063.0,2083.0,2069.0,885.0,882.0,894.0
8829.0,2061.0,2055.0,2050.0,894.0,877.0,892.0
8870.0,2061.0,2059.0,2082.0,894.0,885.0,889.0
8939.0,2085.0,2079.0,2097.0,886.0,887.0,905.0
8969.0,2079.0,2116.0,2083.0,888.0,897.0,906.0
9015.0,2092.0,2132.0,2094.0,897.0,906.0,894.0
8869.0,2064.0,2093.0,2039.0,890.0,899.0,884.0
8838.0,2066.0,2050.0,2052.0,903.0,882.0,885.0
9004.0,2096.0,2089.0,2106.0,900.0,907.0,906.0
8857.0,2086.0,2050.0,2081.0,882.0,876.0,882.0
8817.0,2060.0,2048.0,2070.0,878.0,881.0,880.0
8996.0,2091.0,2106.0,2117.0,880.0,902.0,900.0
8865.0,2063.0,2062.0,2073.0,887.0,883.0,897.0
8802.0,2055.0,2025.0,2068.0,872.0,891.0,891.0
8899.0,2044.0,2103.0,2072.0,887.0,901.0,892.0
8916.0,2069.0,2098.0,2073.0,897.0,896.0,883.0
8933.0,2082.0,2093.0,2079.0,898.0,888.0,893.0
8912.0,2090.0,2066.0,2088.0,899.0,888.0,881.0
8799.0,2066.0,2039.0,2048.0,883.0,881.0,882.0
8874.0,2075.0,2089.0,2074.0,875.0,876.0,885.0
8829.0,2048.0,2079.0,2049.0,894.0,877.0,882.0
8883.0,2080.0,2080.0,2062.0,875.0,891.0,895.0
8905.0,2064.0,2066.0,2097.0,888.0,897.0,893.0
8999.0,2083.0,2081.0,2121.0,914.0,897.0,903.0
8911.0,2066.0,2102.0,2056.0,895.0,895.0,897.0
8916.0,2056.0,2104.0,2073.0,890.0,896.0,897.0
9002.0,2115.0,2095.0,2105.0,896.0,897.0,894.0
8817.0,2064.0,2056.0,2070.0,881.0,869.0,877.0
8872.0,2066.0,2066.0,2086.0,885.0,894.0,875.0
9026.0,2125.0,2090.0,2124.0,907.0,896.0,884.0
8864.0,2073.0,2067.0,2072.0,889.0,886.0,877.0
9000.0,2091.0,2092.0,2102.0,908.0,909.0,898.0
8985.0,2118.0,2057.0,2090.0,908.0,908.0,904.0
8913.0,2089.0,2060.0,2077.0,901.0,890.0,896.0
8957.0,2088.0,2095.0,2093.0,891.0,888.0,902.0
9141.0,2109.0,2146.0,2136.0,915.0,925.0,910.0
8822.0,2061.0,2077.0,2042.0,876.0,880.0,886.0
8928.0,2097.0,2087.0,2070.0,891.0,891.0,892.0
8912.0,2092.0,2092.0,2054.0,896.0,887.0,891.0
9109.0,2125.0,2150.0,2110.0,917.0,915.0,892.0
8992.0,2085.0,2126.0,2086.0,896.0,901.0,898.0
8898.0,2095.0,2057.0,2086.0,890.0,889.0,881.0
8988.0,2105.0,2077.0,2104.0,899.0,911.0,892.0
8936.0,2078.0,2087.0,2081.0,889.0,901.0,900.0
9089.0,2117.0,2122.0,2110.0,906.0,909.0,925.0
8918.0,2062.0,2084.0,2096.0,896.0,886.0,894.0
8931.0,2071.0,2086.0,2088.0,891.0,895.0,900.0
9096.0,2115.0,2112.0,2131.0,920.0,906.0,912.0
9001.0,2115.0,2102.0,2099.0,900.0,901.0,884.0
9061.0,2090.0,2137.0,2127.0,902.0,912.0,893.0
9102.0,2114.0,2136.0,2122.0,912.0,916.0,902.0
9025.0,2107.0,2104.0,2120.0,895.0,901.0,898.0
9137.0,2137.0,2130.0,2120.0,912.0,922.0,916.0
9019.0,2087.0,2099.0,2114.0,907.0,904.0,908.0
9038.0,2107.0,2107.0,2103.0,899.0,898.0,924.0
8866.0,2064.0,2062.0,2076.0,895.0,877.0,892.0
8846.0,2058.0,2056.0,2062.0,887.0,885.0,898.0
8959.0,2096.0,2089.0,2098.0,881.0,895.0,900.0
9093.0,2136.0,2154.0,2103.0,900.0,904.0,896.0
9210.0,2126.0,2151.0,2185.0,908.0,925.0,915.0
9045.0,2102.0,2132.0,2123.0,897.0,902.0,889.0
9106.0,2139.0,2099.0,2132.0,910.0,927.0,899.0
9017.0,2109.0,2099.0,2099.0,905.0,904.0,901.0
8924.0,2086.0,2095.0,2053.0,904.0,895.0,891.0
9028.0,2121.0,2119.0,2075.0,903.0,898.0,912.0
9059.0,2110.0,2112.0,2110.0,900.0,910.0,917.0
8972.0,2088.0,2074.0,2122.0,884.0,893.0,911.0
8914.0,2077.0,2077.0,2094.0,889.0,884.0,893.0
9168.0,2154.0,2162.0,2128.0,907.0,909.0,908.0
8891.0,2087.0,2074.0,2067.0,884.0,896.0,883.0
8982.0,2089.0,2107.0,2073.0,920.0,906.0,887.0
8923.0,2112.0,2074.0,2064.0,897.0,884.0,892.0
9097.0,2129.0,2126.0,2122.0,903.0,912.0,905.0
8974.0,2103.0,2111.0,2082.0,890.0,889.0,899.0
9100.0,2106.0,2121.0,2149.0,910.0,902.0,912.0
8959.0,2104.0,2077.0,2082.0,899.0,895.0,902.0
8868.0,2084.0,2066.0,2062.0,886.0,890.0,880.0
9008.0,2076.0,2113.0,2103.0,911.0,901.0,904.0
9056.0,2094.0,2128.0,2127.0,900.0,906.0,901.0
8999.0,2100.0,2098.0,2121.0,895.0,895.0,890.0
9119.0,2139.0,2122.0,2147.0,902.0,906.0,903.0
9049.0,2093.0,2122.0,2128.0,906.0,906.0,894.0
9154.0,2143.0,2127.0,2136.0,912.0,925.0,911.0
9122.0,2143.0,2149.0,2113.0,908.0,904.0,905.0
8973.0,2062.0,2092.0,2103.0,905.0,903.0,908.0
9131.0,2137.0,2124.0,2135.0,914.0,902.0,919.0
9115.0,2134.0,2101.0,2140.0,909.0,910.0,921.0
9168.0,2161.0,2152.0,2110.0,910.0,914.0,921.0
9057.0,2092.0,2138.0,2105.0,900.0,913.0,909.0
9004.0,2122.0,2087.0,2098.0,898.0,901.0,898.0
9007.0,2107.0,2101.0,2108.0,897.0,895.0,899.0
8968.0,2092.0,2080.0,2097.0,897.0,901.0,901.0
9010.0,2090.0,2106.0,2134.0,898.0,892.0,890.0
9108.0,2137.0,2128.0,2119.0,917.0,903.0,904.0
9126.0,2095.0,2142.0,2152.0,919.0,904.0,914.0
9005.0,2066.0,2119.0,2091.0,910.0,912.0,907.0
9207.0,2161.0,2136.0,2145.0,917.0,923.0,925.0
9025.0,2116.0,2120.0,2106.0,899.0,883.0,901.0
9038.0,2088.0,2103.0,2131.0,899.0,916.0,901.0
9127.0,2123.0,2125.0,2139.0,918.0,904.0,918.0
9068.0,2133.0,2102.0,2113.0,907.0,905.0,908.0
9000.0,2091.0,2092.0,2119.0,908.0,900.0,890.0
9099.0,2113.0,2127.0,2124.0,911.0,916.0,908.0
9030.0,2095.0,2130.0,2108.0,902.0,896.0,899.0
9036.0,2098.0,2109.0,2136.0,893.0,902.0,898.0
9059.0,2109.0,2086.0,2145.0,900.0,915.0,904.0
9108.0,2119.0,2115.0,2125.0,913.0,925.0,911.0
9110.0,2144.0,2100.0,2117.0,909.0,922.0,918.0
9248.0,2139.0,2187.0,2136.0,934.0,923.0,929.0
9041.0,2094.0,2103.0,2115.0,915.0,904.0,910.0
9085.0,2131.0,2105.0,2115.0,907.0,903.0,924.0
9163.0,2153.0,2131.0,2137.0,915.0,919.0,908.0
9037.0,2089.0,2121.0,2109.0,911.0,901.0,906.0
9089.0,2127.0,2126.0,2125.0,898.0,906.0,907.0
9284.0,2188.0,2147.0,2164.0,917.0,939.0,929.0
9078.0,2120.0,2085.0,2130.0,913.0,919.0,911.0
9053.0,2103.0,2120.0,2107.0,913.0,907.0,903.0
9164.0,2131.0,2137.0,2143.0,919.0,911.0,923.0
9016.0,2113.0,2106.0,2095.0,902.0,901.0,899.0
9150.0,2111.0,2139.0,2137.0,919.0,917.0,927.0
9108.0,2129.0,2118.0,2132.0,909.0,912.0,908.0
9272.0,2189.0,2159.0,2151.0,920.0,929.0,924.0
9248.0,2143.0,2166.0,2165.0,918.0,944.0,912.0
9156.0,2113.0,2151.0,2150.0,918.0,915.0,909.0
9059.0,2113.0,2102.0,2132.0,913.0,898.0,901.0
8979.0,2096.0,2073.0,2092.0,909.0,904.0,905.0
9089.0,2113.0,2133.0,2102.0,905.0,912.0,924.0
9033.0,2127.0,2111.0,2091.0,887.0,903.0,914.0
9126.0,2131.0,2146.0,2120.0,905.0,908.0,916.0
9215.0,2133.0,2149.0,2172.0,919.0,919.0,923.0
8914.0,2084.0,2042.0,2094.0,898.0,898.0,898.0
9181.0,2137.0,2144.0,2136.0,925.0,923.0,916.0
9106.0,2121.0,2126.0,2119.0,917.0,912.0,911.0
9069.0,2094.0,2133.0,2102.0,909.0,921.0,910.0
9208.0,2122.0,2165.0,2147.0,920.0,927.0,927.0
9144.0,2147.0,2122.0,2139.0,900.0,912.0,924.0
9231.0,2155.0,2150.0,2167.0,920.0,918.0,921.0
9190.0,2155.0,2127.0,2144.0,914.0,921.0,929.0
9225.0,2148.0,2169.0,2139.0,930.0,914.0,925.0
9079.0,2131.0,2102.0,2115.0,914.0,901.0,916.0
9005.0,2086.0,2105.0,2111.0,907.0,898.0,898.0
9122.0,2122.0,2134.0,2137.0,906.0,918.0,905.0
9130.0,2143.0,2129.0,2136.0,906.0,907.0,909.0
9212.0,2147.0,2141.0,2166.0,914.0,933.0,911.0
9212.0,2152.0,2150.0,2157.0,923.0,916.0,914.0
9184.0,2167.0,2128.0,2128.0,923.0,916.0,922.0
9150.0,2124.0,2151.0,2125.0,927.0,899.0,924.0
9131.0,2095.0,2156.0,2136.0,909.0,911.0,924.0
9301.0,2155.0,2159.0,2211.0,922.0,910.0,944.0
9164.0,2141.0,2108.0,2154.0,921.0,905.0,935.0
9122.0,2143.0,2110.0,2122.0,913.0,919.0,915.0
9159.0,2130.0,2137.0,2143.0,910.0,925.0,914.0
9305.0,2183.0,2165.0,2168.0,936.0,925.0,928.0
9168.0,2155.0,2132.0,2123.0,924.0,926.0,908.0
9038.0,2106.0,2082.0,2128.0,901.0,912.0,909.0
9166.0,2137.0,2141.0,2139.0,923.0,920.0,906.0
9233.0,2147.0,2147.0,2165.0,932.0,925.0,917.0
9175.0,2149.0,2137.0,2139.0,920.0,912.0,918.0
9148.0,2143.0,2133.0,2133.0,901.0,915.0,923.0
9234.0,2163.0,2124.0,2158.0,914.0,936.0,939.0
9246.0,2181.0,2146.0,2152.0,918.0,934.0,915.0
9263.0,2135.0,2166.0,2186.0,922.0,929.0,925.0
9257.0,2150.0,2169.0,2155.0,934.0,921.0,928.0
9178.0,2157.0,2139.0,2135.0,925.0,917.0,905.0
9305.0,2171.0,2179.0,2185.0,924.0,927.0,919.0
9150.0,2129.0,2138.0,2145.0,918.0,908.0,912.0
9256.0,2168.0,2165.0,2151.0,916.0,925.0,931.0
9255.0,2137.0,2151.0,2182.0,929.0,936.0,920.0
9317.0,2152.0,2177.0,2180.0,926.0,947.0,935.0
9238.0,2157.0,2123.0,2165.0,930.0,930.0,933.0
9364.0,2205.0,2183.0,2162.0,933.0,942.0,939.0
9307.0,2182.0,2179.0,2153.0,930.0,930.0,933.0
9262.0,2144.0,2175.0,2162.0,921.0,934.0,926.0
9259.0,2174.0,2152.0,2173.0,921.0,924.0,915.0
9268.0,2183.0,2138.0,2180.0,931.0,918.0,918.0
9247.0,2163.0,2162.0,2152.0,931.0,920.0,919.0
9166.0,2154.0,2144.0,2115.0,924.0,920.0,909.0
9292.0,2172.0,2157.0,2169.0,940.0,933.0,921.0
9380.0,2194.0,2173.0,2194.0,943.0,941.0,935.0
9185.0,2136.0,2140.0,2149.0,915.0,928.0,917.0
9251.0,2149.0,2161.0,2164.0,915.0,937.0,925.0
9085.0,2122.0,2140.0,2123.0,894.0,904.0,902.0
9278.0,2158.0,2177.0,2165.0,921.0,928.0,929.0
9190.0,2166.0,2139.0,2128.0,914.0,921.0,922.0
9367.0,2198.0,2170.0,2185.0,946.0,930.0,938.0
9307.0,2165.0,2171.0,2183.0,944.0,926.0,918.0
9324.0,2174.0,2174.0,2175.0,946.0,931.0,924.0
9138.0,2142.0,2133.0,2133.0,908.0,920.0,902.0
9267.0,2186.0,2148.0,2147.0,927.0,939.0,920.0
9083.0,2113.0,2088.0,2126.0,920.0,920.0,916.0
9085.0,2110.0,2126.0,2116.0,905.0,908.0,920.0
9464.0,2205.0,2199.0,2208.0,953.0,937.0,962.0
9429.0,2200.0,2214.0,2196.0,940.0,932.0,947.0
9355.0,2178.0,2187.0,2174.0,947.0,931.0,938.0
9223.0,2143.0,2116.0,2177.0,933.0,930.0,924.0
9234.0,2165.0,2156.0,2139.0,925.0,931.0,918.0
9277.0,2159.0,2170.0,2149.0,928.0,938.0,933.0
9228.0,2161.0,2168.0,2150.0,906.0,935.0,908.0
9330.0,2202.0,2152.0,2182.0,923.0,948.0,923.0
9298.0,2178.0,2151.0,2178.0,936.0,919.0,936.0
9297.0,2166.0,2179.0,2158.0,937.0,928.0,929.0
9234.0,2176.0,2154.0,2128.0,925.0,919.0,932.0
9255.0,2176.0,2157.0,2143.0,926.0,925.0,928.0
9222.0,2143.0,2134.0,2163.0,933.0,922.0,927.0
9280.0,2163.0,2171.0,2183.0,914.0,922.0,927.0
9423.0,2205.0,2224.0,2197.0,927.0,944.0,926.0
9388.0,2184.0,2201.0,2194.0,929.0,950.0,930.0
9263.0,2150.0,2159.0,2167.0,938.0,926.0,923.0
9151.0,2134.0,2122.0,2142.0,919.0,917.0,917.0
9329.0,2201.0,2165.0,2176.0,929.0,930.0,928.0
9343.0,2158.0,2201.0,2183.0,938.0,921.0,942.0
9340.0,2180.0,2180.0,2186.0,921.0,928.0,945.0
9384.0,2217.0,2182.0,2207.0,919.0,925.0,934.0
9165.0,2134.0,2144.0,2136.0,915.0,911.0,925.0
9348.0,2186.0,2163.0,2186.0,936.0,946.0,931.0
9256.0,2177.0,2156.0,2151.0,918.0,936.0,918.0
9302.0,2191.0,2165.0,2157.0,928.0,943.0,918.0
9286.0,2151.0,2168.0,2183.0,949.0,926.0,909.0
9316.0,2189.0,2171.0,2172.0,932.0,924.0,928.0
9232.0,2162.0,2146.0,2159.0,926.0,913.0,926.0
9178.0,2128.0,2169.0,2132.0,918.0,908.0,923.0
9282.0,2179.0,2166.0,2161.0,916.0,927.0,933.0
9345.0,2174.0,2163.0,2201.0,934.0,931.0,942.0
9211.0,2135.0,2131.0,2154.0,925.0,930.0,936.0
9327.0,2156.0,2184.0,2190.0,925.0,937.0,935.0
9287.0,2161.0,2174.0,2160.0,930.0,938.0,924.0
9498.0,2231.0,2218.0,2216.0,943.0,954.0,936.0
9346.0,2175.0,2184.0,2165.0,938.0,941.0,943.0
9362.0,2180.0,2180.0,2197.0,936.0,940.0,929.0
9341.0,2194.0,2189.0,2194.0,925.0,925.0,914.0
9369.0,2173.0,2200.0,2181.0,940.0,927.0,948.0
9272.0,2169.0,2146.0,2154.0,940.0,925.0,938.0
9410.0,2203.0,2195.0,2190.0,942.0,948.0,932.0
9482.0,2241.0,2189.0,2204.0,950.0,956.0,942.0
9437.0,2224.0,2186.0,2185.0,949.0,945.0,948.0
9470.0,2189.0,2220.0,2223.0,936.0,958.0,944.0
9365.0,2180.0,2182.0,2201.0,933.0,935.0,934.0
9433.0,2202.0,2196.0,2237.0,937.0,934.0,927.0
9222.0,2144.0,2157.0,2149.0,927.0,926.0,919.0
9305.0,2181.0,2173.0,2159.0,931.0,930.0,931.0
9532.0,2225.0,2230.0,2207.0,963.0,961.0,946.0
9513.0,2198.0,2230.0,2225.0,944.0,957.0,959.0
9459.0,2214.0,2192.0,2210.0,935.0,954.0,954.0
9290.0,2165.0,2154.0,2166.0,929.0,927.0,949.0
9386.0,2176.0,2196.0,2195.0,932.0,942.0,945.0
9367.0,2176.0,2202.0,2167.0,937.0,941.0,944.0
9187.0,2156.0,2164.0,2126.0,913.0,911.0,917.0
9384.0,2198.0,2176.0,2193.0,947.0,935.0,935.0
9566.0,2231.0,2230.0,2250.0,961.0,954.0,940.0
9215.0,2132.0,2175.0,2163.0,921.0,918.0,906.0
9444.0,2231.0,2201.0,2201.0,932.0,941.0,938.0
9237.0,2178.0,2154.0,2143.0,910.0,927.0,925.0
9287.0,2153.0,2181.0,2146.0,928.0,939.0,940.0
9367.0,2196.0,2181.0,2166.0,944.0,939.0,941.0
9500.0,2212.0,2226.0,2212.0,956.0,948.0,946.0
9572.0,2220.0,2242.0,2242.0,961.0,953.0,954.0
9462.0,2213.0,2210.0,2215.0,949.0,929.0,946.0
9337.0,2180.0,2170.0,2194.0,935.0,929.0,929.0
9263.0,2182.0,2146.0,2172.0,926.0,923.0,914.0
9310.0,2166.0,2197.0,2164.0,920.0,944.0,919.0
9354.0,2189.0,2184.0,2190.0,930.0,937.0,924.0
9412.0,2206.0,2176.0,2191.0,942.0,949.0,948.0
9561.0,2216.0,2236.0,2231.0,968.0,955.0,955.0
9455.0,2184.0,2203.0,2219.0,951.0,943.0,955.0
9296.0,2162.0,2186.0,2169.0,925.0,927.0,927.0
9215.0,2167.0,2151.0,2134.0,921.0,911.0,931.0
9348.0,2166.0,2187.0,2188.0,935.0,937.0,935.0
9279.0,2159.0,2145.0,2198.0,923.0,926.0,928.0
9390.0,2199.0,2174.0,2209.0,935.0,936.0,937.0
9456.0,2194.0,2220.0,2226.0,945.0,950.0,921.0
9512.0,2197.0,2236.0,2209.0,957.0,960.0,953.0
9446.0,2222.0,2199.0,2199.0,956.0,940.0,930.0
9480.0,2224.0,2208.0,2202.0,943.0,961.0,942.0
9305.0,2168.0,2174.0,2189.0,917.0,926.0,931.0
9625.0,2247.0,2245.0,2262.0,950.0,954.0,967.0
9687.0,2264.0,2263.0,2262.0,960.0,964.0,974.0
9479.0,2210.0,2208.0,2203.0,950.0,958.0,950.0
9352.0,2183.0,2161.0,2175.0,951.0,937.0,945.0
9372.0,2173.0,2191.0,2190.0,945.0,952.0,921.0
9462.0,2211.0,2200.0,2198.0,950.0,955.0,948.0
9331.0,2161.0,2181.0,2196.0,932.0,939.0,922.0
9355.0,2209.0,2165.0,2181.0,934.0,931.0,935.0
9478.0,2203.0,2209.0,2229.0,944.0,941.0,952.0
9522.0,2211.0,2213.0,2231.0,960.0,950.0,957.0
9534.0,2238.0,2241.0,2192.0,961.0,942.0,960.0
9467.0,2220.0,2207.0,2206.0,951.0,938.0,945.0
9349.0,2200.0,2150.0,2201.0,922.0,938.0,938.0
9288.0,2159.0,2152.0,2176.0,934.0,931.0,936.0
9264.0,2139.0,2156.0,2188.0,924.0,932.0,925.0
9473.0,2225.0,2227.0,2173.0,945.0,950.0,953.0
9532.0,2221.0,2238.0,2227.0,950.0,951.0,945.0
9407.0,2199.0,2224.0,2177.0,939.0,938.0,930.0
9526.0,2241.0,2228.0,2228.0,943.0,936.0,950.0
9560.0,2239.0,2222.0,2231.0,963.0,952.0,953.0
9477.0,2184.0,2233.0,2219.0,941.0,949.0,951.0
9460.0,2203.0,2196.0,2222.0,951.0,945.0,943.0
9308.0,2163.0,2159.0,2177.0,942.0,936.0,931.0
9475.0,2222.0,2193.0,2201.0,940.0,957.0,962.0
9476.0,2193.0,2218.0,2229.0,939.0,955.0,942.0
9522.0,2215.0,2233.0,2222.0,957.0,946.0,949.0
9566.0,2232.0,2237.0,2231.0,958.0,953.0,955.0
9514.0,2196.0,2218.0,2238.0,964.0,953.0,945.0
9609.0,2264.0,2228.0,2231.0,963.0,961.0,962.0
9572.0,2245.0,2228.0,2241.0,950.0,955.0,953.0
9419.0,2220.0,2187.0,2190.0,936.0,943.0,943.0
9433.0,2183.0,2207.0,2220.0,932.0,945.0,946.0
9495.0,2230.0,2194.0,2229.0,951.0,946.0,945.0
9493.0,2217.0,2192.0,2226.0,952.0,946.0,960.0
9502.0,2193.0,2238.0,2210.0,949.0,958.0,954.0
9452.0,2222.0,2216.0,2182.0,943.0,942.0,947.0
9462.0,2204.0,2229.0,2211.0,939.0,939.0,940.0
9513.0,2243.0,2204.0,2228.0,950.0,944.0,944.0
9441.0,2189.0,2205.0,2230.0,936.0,941.0,940.0
9510.0,2234.0,2224.0,2220.0,939.0,946.0,947.0
9568.0,2223.0,2260.0,2232.0,954.0,951.0,948.0
9394.0,2174.0,2211.0,2180.0,947.0,947.0,935.0
9593.0,2233.0,2241.0,2223.0,969.0,967.0,960.0
9550.0,2233.0,2227.0,2232.0,956.0,949.0,953.0
9611.0,2236.0,2243.0,2239.0,964.0,964.0,965.0
9573.0,2244.0,2238.0,2229.0,947.0,960.0,955.0
9440.0,2214.0,2190.0,2209.0,937.0,938.0,952.0
9414.0,2209.0,2180.0,2203.0,938.0,932.0,952.0
9422.0,2189.0,2202.0,2198.0,956.0,935.0,942.0
9495.0,2210.0,2223.0,2211.0,962.0,958.0,931.0
9583.0,2230.0,2237.0,2243.0,959.0,959.0,955.0
9528.0,2190.0,2233.0,2243.0,959.0,955.0,948.0
9546.0,2207.0,2223.0,2251.0,949.0,958.0,958.0
9374.0,2204.0,2170.0,2191.0,937.0,932.0,940.0
9487.0,2238.0,2207.0,2209.0,940.0,940.0,953.0
9557.0,2229.0,2241.0,2229.0,949.0,951.0,958.0
9574.0,2227.0,2229.0,2246.0,959.0,959.0,954.0
9630.0,2237.0,2234.0,2261.0,977.0,963.0,958.0
9626.0,2217.0,2235.0,2251.0,978.0,975.0,970.0
9541.0,2223.0,2234.0,2214.0,961.0,960.0,949.0
9600.0,2251.0,2269.0,2218.0,956.0,957.0,949.0
9543.0,2264.0,2218.0,2205.0,942.0,958.0,956.0
9557.0,2217.0,2215.0,2251.0,954.0,956.0,964.0
9656.0,2255.0,2247.0,2256.0,966.0,959.0,973.0
9510.0,2219.0,2220.0,2237.0,954.0,935.0,945.0
9632.0,2251.0,2262.0,2239.0,962.0,957.0,961.0
9701.0,2270.0,2250.0,2254.0,987.0,963.0,977.0
9660.0,2259.0,2259.0,2230.0,974.0,974.0,964.0
9549.0,2234.0,2235.0,2222.0,950.0,956.0,952.0
9436.0,2176.0,2208.0,2219.0,941.0,947.0,945.0
9585.0,2241.0,2230.0,2248.0,956.0,957.0,953.0
9699.0,2265.0,2251.0,2259.0,977.0,974.0,973.0
9642.0,2254.0,2257.0,2243.0,962.0,959.0,967.0
9462.0,2213.0,2199.0,2208.0,953.0,940.0,949.0
9652.0,2256.0,2288.0,2228.0,963.0,949.0,968.0
9606.0,2222.0,2247.0,2263.0,960.0,942.0,972.0
9494.0,2201.0,2212.0,2233.0,949.0,954.0,945.0
9528.0,2212.0,2236.0,2213.0,952.0,962.0,953.0
9691.0,2278.0,2261.0,2254.0,970.0,964.0,964.0
9604.0,2236.0,2263.0,2227.0,961.0,960.0,957.0
9719.0,2243.0,2270.0,2282.0,981.0,969.0,974.0
9517.0,2220.0,2227.0,2227.0,953.0,949.0,941.0
9540.0,2233.0,2186.0,2266.0,953.0,956.0,946.0
9616.0,2206.0,2252.0,2274.0,955.0,962.0,967.0
9597.0,2250.0,2244.0,2222.0,962.0,956.0,963.0
9694.0,2280.0,2250.0,2258.0,960.0,969.0,977.0
9510.0,2209.0,2224.0,2216.0,948.0,950.0,963.0
9605.0,2236.0,2254.0,2243.0,953.0,957.0,962.0
9572.0,2242.0,2233.0,2226.0,958.0,962.0,951.0
9594.0,2247.0,2238.0,2241.0,963.0,956.0,949.0
9572.0,2217.0,2234.0,2245.0,962.0,968.0,946.0
9689.0,2262.0,2257.0,2258.0,963.0,973.0,976.0
9667.0,2281.0,2249.0,2247.0,967.0,967.0,956.0
9723.0,2241.0,2274.0,2271.0,972.0,981.0,984.0
9784.0,2282.0,2285.0,2267.0,977.0,987.0,986.0
9670.0,2267.0,2243.0,2279.0,960.0,958.0,963.0
9680.0,2283.0,2239.0,2236.0,973.0,974.0,975.0
9603.0,2204.0,2251.0,2246.0,968.0,966.0,968.0
9652.0,2245.0,2261.0,2257.0,969.0,953.0,967.0
9533.0,2229.0,2242.0,2217.0,941.0,950.0,954.0
9693.0,2280.0,2242.0,2278.0,967.0,966.0,960.0
9661.0,2257.0,2231.0,2269.0,975.0,961.0,968.0
9714.0,2280.0,2245.0,2286.0,965.0,970.0,968.0
9736.0,2279.0,2290.0,2249.0,980.0,976.0,962.0
9612.0,2210.0,2265.0,2232.0,977.0,969.0,959.0
9709.0,2270.0,2261.0,2265.0,978.0,970.0,965.0
9581.0,2214.0,2226.0,2261.0,948.0,968.0,964.0
9739.0,2261.0,2266.0,2292.0,969.0,969.0,982.0
9779.0,2273.0,2330.0,2273.0,966.0,953.0,984.0
9631.0,2257.0,2253.0,2248.0,955.0,949.0,969.0
9685.0,2262.0,2268.0,2258.0,972.0,963.0,962.0
9503.0,2215.0,2208.0,2220.0,957.0,953.0,950.0
9599.0,2232.0,2247.0,2233.0,968.0,964.0,955.0
9649.0,2259.0,2244.0,2265.0,956.0,965.0,960.0
9677.0,2267.0,2254.0,2254.0,961.0,978.0,963.0
9708.0,2264.0,2269.0,2258.0,964.0,979.0,974.0
9665.0,2278.0,2238.0,2233.0,974.0,968.0,974.0
9608.0,2249.0,2242.0,2221.0,956.0,969.0,971.0
9644.0,2231.0,2274.0,2218.0,970.0,971.0,980.0
9808.0,2307.0,2283.0,2275.0,983.0,978.0,982.0
9791.0,2280.0,2271.0,2313.0,978.0,973.0,976.0
9656.0,2249.0,2254.0,2255.0,965.0,968.0,965.0
9780.0,2270.0,2288.0,2291.0,973.0,987.0,971.0
9687.0,2268.0,2284.0,2228.0,971.0,972.0,964.0
9591.0,2243.0,2257.0,2235.0,953.0,951.0,952.0
9596.0,2223.0,2231.0,2255.0,964.0,966.0,957.0
9787.0,2299.0,2258.0,2300.0,979.0,976.0,975.0
9796.0,2295.0,2295.0,2277.0,983.0,965.0,981.0
9707.0,2262.0,2263.0,2264.0,970.0,969.0,979.0
9598.0,2223.0,2263.0,2231.0,966.0,959.0,956.0
9723.0,2275.0,2282.0,2244.0,975.0,972.0,975.0
9775.0,2310.0,2276.0,2279.0,963.0,983.0,964.0
9643.0,2236.0,2276.0,2245.0,971.0,962.0,953.0
9737.0,2272.0,2282.0,2263.0,977.0,967.0,976.0
9759.0,2277.0,2276.0,2287.0,975.0,973.0,971.0
9685.0,2260.0,2266.0,2252.0,972.0,962.0,973.0
9628.0,2241.0,2240.0,2243.0,972.0,952.0,980.0
9598.0,2261.0,2230.0,2247.0,954.0,947.0,959.0
9633.0,2249.0,2240.0,2266.0,961.0,953.0,964.0
9713.0,2260.0,2267.0,2279.0,964.0,967.0,976.0
9676.0,2260.0,2248.0,2260.0,967.0,966.0,975.0
9804.0,2304.0,2270.0,2280.0,986.0,989.0,975.0
9845.0,2292.0,2315.0,2266.0,992.0,996.0,984.0
9758.0,2258.0,2281.0,2289.0,976.0,980.0,974.0
9609.0,2268.0,2216.0,2252.0,967.0,950.0,956.0
9704.0,2266.0,2242.0,2271.0,976.0,970.0,979.0
9724.0,2257.0,2278.0,2277.0,971.0,964.0,977.0
9719.0,2250.0,2291.0,2258.0,967.0,972.0,981.0
9766.0,2282.0,2299.0,2268.0,977.0,969.0,971.0
9660.0,2238.0,2246.0,2247.0,976.0,981.0,972.0
9691.0,2264.0,2235.0,2260.0,968.0,992.0,972.0
9751.0,2270.0,2274.0,2271.0,987.0,976.0,973.0
9821.0,2284.0,2284.0,2314.0,973.0,987.0,979.0
9638.0,2215.0,2265.0,2279.0,961.0,961.0,957.0
9841.0,2311.0,2296.0,2296.0,971.0,981.0,986.0
9694.0,2279.0,2270.0,2244.0,972.0,958.0,971.0
9801.0,2293.0,2296.0,2272.0,983.0,979.0,978.0
9664.0,2226.0,2272.0,2253.0,970.0,969.0,974.0
9810.0,2304.0,2275.0,2292.0,977.0,983.0,979.0
9711.0,2287.0,2240.0,2253.0,978.0,985.0,968.0
9617.0,2255.0,2238.0,2225.0,958.0,971.0,970.0
9772.0,2271.0,2285.0,2301.0,973.0,974.0,968.0
9843.0,2315.0,2326.0,2283.0,971.0,973.0,975.0
9839.0,2286.0,2306.0,2308.0,985.0,977.0,977.0
9714.0,2269.0,2248.0,2288.0,976.0,967.0,966.0
9799.0,2291.0,2269.0,2307.0,994.0,968.0,970.0
9784.0,2297.0,2290.0,2277.0,978.0,974.0,968.0
9581.0,2227.0,2244.0,2241.0,954.0,963.0,952.0
9718.0,2288.0,2255.0,2253.0,964.0,981.0,977.0
9869.0,2319.0,2286.0,2314.0,986.0,979.0,985.0
9790.0,2282.0,2286.0,2293.0,978.0,973.0,978.0
9724.0,2260.0,2260.0,2277.0,979.0,969.0,979.0
9847.0,2308.0,2290.0,2299.0,990.0,984.0,976.0
9716.0,2264.0,2278.0,2273.0,982.0,963.0,956.0
9665.0,2237.0,2278.0,2254.0,977.0,959.0,960.0
9731.0,2263.0,2258.0,2281.0,976.0,978.0,975.0
9767.0,2279.0,2294.0,2277.0,964.0,981.0,972.0
9788.0,2273.0,2285.0,2282.0,976.0,993.0,979.0
9624.0,2267.0,2240.0,2227.0,957.0,976.0,957.0
9784.0,2299.0,2257.0,2267.0,983.0,986.0,992.0
9666.0,2250.0,2247.0,2262.0,968.0,969.0,970.0
9846.0,2293.0,2288.0,2300.0,984.0,983.0,998.0
9811.0,2282.0,2290.0,2319.0,982.0,970.0,968.0
9753.0,2279.0,2286.0,2277.0,971.0,971.0,969.0
9855.0,2310.0,2288.0,2316.0,978.0,989.0,974.0
9853.0,2297.0,2300.0,2304.0,983.0,993.0,976.0
9751.0,2279.0,2272.0,2277.0,973.0,978.0,972.0
9666.0,2250.0,2280.0,2235.0,965.0,975.0,961.0
9781.0,2281.0,2270.0,2287.0,979.0,974.0,990.0
9806.0,2297.0,2267.0,2289.0,988.0,976.0,989.0
9780.0,2278.0,2263.0,2307.0,977.0,977.0,978.0
9890.0,2308.0,2309.0,2325.0,983.0,977.0,988.0
9793.0,2292.0,2294.0,2267.0,976.0,979.0,985.0
9682.0,2266.0,2274.0,2250.0,966.0,964.0,962.0
9716.0,2275.0,2262.0,2285.0,968.0,965.0,961.0
9951.0,2318.0,2343.0,2324.0,995.0,996.0,975.0
9950.0,2314.0,2327.0,2335.0,994.0,998.0,982.0
9815.0,2278.0,2306.0,2279.0,992.0,979.0,981.0
9843.0,2281.0,2314.0,2273.0,994.0,997.0,984.0
9740.0,2295.0,2262.0,2249.0,974.0,980.0,980.0
9756.0,2283.0,2262.0,2292.0,976.0,968.0,975.0
9872.0,2309.0,2308.0,2309.0,972.0,981.0,993.0
9763.0,2259.0,2263.0,2305.0,980.0,973.0,983.0
9824.0,2300.0,2277.0,2312.0,977.0,971.0,987.0
10055.0,2354.0,2316.0,2354.0,1017.0,1015.0,999.0
9874.0,2288.0,2321.0,2312.0,989.0,986.0,978.0
10065.0,2343.0,2348.0,2336.0,1009.0,1021.0,1008.0
9877.0,2340.0,2296.0,2274.0,984.0,994.0,989.0
9669.0,2274.0,2220.0,2271.0,967.0,965.0,972.0
9650.0,2257.0,2218.0,2267.0,962.0,971.0,975.0
9873.0,2284.0,2316.0,2302.0,988.0,981.0,1002.0
9898.0,2311.0,2329.0,2287.0,992.0,989.0,990.0
9760.0,2255.0,2280.0,2282.0,983.0,971.0,989.0
9764.0,2276.0,2272.0,2295.0,971.0,977.0,973.0
9736.0,2276.0,2267.0,2264.0,970.0,983.0,976.0
9850.0,2289.0,2320.0,2303.0,974.0,988.0,976.0
9917.0,2304.0,2319.0,2332.0,988.0,985.0,989.0
9964.0,2336.0,2332.0,2326.0,988.0,991.0,991.0
9892.0,2345.0,2300.0,2290.0,990.0,984.0,983.0
9850.0,2289.0,2285.0,2309.0,999.0,977.0,991.0
9971.0,2322.0,2355.0,2334.0,985.0,985.0,990.0
9866.0,2296.0,2324.0,2305.0,977.0,981.0,983.0
9825.0,2282.0,2289.0,2295.0,989.0,981.0,989.0
9944.0,2299.0,2333.0,2312.0,993.0,1004.0,1003.0
9932.0,2324.0,2310.0,2318.0,994.0,1002.0,984.0
9932.0,2332.0,2302.0,2323.0,993.0,997.0,985.0
10028.0,2347.0,2362.0,2337.0,991.0,1002.0,989.0
9968.0,2318.0,2324.0,2345.0,996.0,996.0,989.0
9863.0,2310.0,2293.0,2294.0,990.0,985.0,991.0
9887.0,2321.0,2312.0,2290.0,997.0,985.0,982.0
9825.0,2295.0,2280.0,2299.0,969.0,996.0,986.0
9791.0,2265.0,2287.0,2277.0,980.0,984.0,998.0
9840.0,2291.0,2286.0,2301.0,983.0,992.0,987.0
9827.0,2272.0,2291.0,2310.0,992.0,976.0,986.0
9913.0,2310.0,2311.0,2321.0,983.0,993.0,995.0
9952.0,2328.0,2336.0,2296.0,1005.0,994.0,993.0
9930.0,2313.0,2333.0,2318.0,1002.0,978.0,986.0
9839.0,2299.0,2288.0,2301.0,989.0,983.0,979.0
9868.0,2313.0,2299.0,2300.0,973.0,993.0,990.0
9977.0,2350.0,2312.0,2325.0,992.0,998.0,1000.0
9988.0,2325.0,2349.0,2336.0,994.0,990.0,994.0
9877.0,2293.0,2323.0,2300.0,980.0,992.0,989.0
9822.0,2291.0,2284.0,2281.0,991.0,994.0,981.0
9843.0,2311.0,2278.0,2279.0,995.0,994.0,986.0
9845.0,2296.0,2309.0,2273.0,991.0,986.0,990.0
9897.0,2284.0,2337.0,2322.0,983.0,985.0,986.0
9950.0,2304.0,2332.0,2349.0,985.0,992.0,988.0
9959.0,2321.0,2324.0,2322.0,993.0,1005.0,994.0
9889.0,2305.0,2294.0,2327.0,979.0,996.0,988.0
9824.0,2284.0,2284.0,2293.0,990.0,992.0,981.0
9949.0,2331.0,2338.0,2310.0,986.0,999.0,985.0
10009.0,2319.0,2359.0,2321.0,1011.0,1000.0,999.0
9972.0,2328.0,2329.0,2328.0,993.0,1000.0,994.0
9906.0,2333.0,2289.0,2321.0,983.0,985.0,995.0
10036.0,2335.0,2351.0,2331.0,1002.0,1007.0,1010.0
9971.0,2320.0,2333.0,2324.0,1009.0,994.0,991.0
10025.0,2340.0,2361.0,2323.0,1003.0,995.0,1003.0
9900.0,2311.0,2301.0,2318.0,990.0,992.0,988.0
10039.0,2344.0,2337.0,2344.0,1007.0,1006.0,1001.0
10014.0,2331.0,2338.0,2351.0,995.0,1006.0,993.0
9859.0,2312.0,2295.0,2294.0,984.0,995.0,979.0
9938.0,2321.0,2327.0,2314.0,986.0,994.0,996.0
9943.0,2318.0,2321.0,2314.0,989.0,1001.0,1000.0
10081.0,2366.0,2328.0,2367.0,1007.0,999.0,1014.0
9811.0,2278.0,2287.0,2314.0,982.0,970.0,980.0
10022.0,2313.0,2350.0,2336.0,1014.0,1000.0,1009.0
10110.0,2363.0,2360.0,2345.0,1017.0,1014.0,1011.0
10038.0,2356.0,2349.0,2313.0,1016.0,1003.0,1001.0
9997.0,2341.0,2336.0,2327.0,1000.0,1005.0,988.0
10009.0,2334.0,2345.0,2331.0,992.0,1016.0,991.0
9969.0,2330.0,2338.0,2335.0,989.0,986.0,991.0
9971.0,2332.0,2324.0,2337.0,986.0,995.0,997.0
9963.0,2300.0,2315.0,2334.0,1015.0,994.0,1005.0
10045.0,2336.0,2355.0,2328.0,1007.0,1008.0,1011.0
10118.0,2355.0,2372.0,2362.0,1016.0,999.0,1014.0
10007.0,2312.0,2347.0,2337.0,998.0,1006.0,1007.0
10040.0,2303.0,2363.0,2366.0,1000.0,1006.0,1002.0
9943.0,2328.0,2303.0,2336.0,989.0,986.0,1001.0
9922.0,2305.0,2293.0,2350.0,987.0,1000.0,987.0
9924.0,2315.0,2324.0,2305.0,998.0,996.0,986.0
9947.0,2326.0,2341.0,2290.0,1003.0,993.0,994.0
10155.0,2384.0,2365.0,2350.0,1021.0,1018.0,1017.0
10069.0,2326.0,2357.0,2350.0,1017.0,1005.0,1014.0
9883.0,2298.0,2304.0,2316.0,987.0,987.0,991.0
10004.0,2355.0,2342.0,2336.0,986.0,983.0,1002.0
9945.0,2315.0,2328.0,2314.0,986.0,995.0,1007.0
9871.0,2303.0,2300.0,2297.0,984.0,994.0,993.0
10011.0,2335.0,2327.0,2325.0,1006.0,1011.0,1007.0
10060.0,2355.0,2359.0,2323.0,1012.0,1003.0,1008.0
10118.0,2376.0,2379.0,2346.0,1009.0,1001.0,1007.0
9958.0,2313.0,2317.0,2357.0,994.0,990.0,987.0
10011.0,2366.0,2300.0,2343.0,1004.0,1007.0,991.0
9935.0,2327.0,2288.0,2331.0,997.0,991.0,1001.0
9982.0,2311.0,2346.0,2303.0,1003.0,1005.0,1014.0
10055.0,2325.0,2366.0,2352.0,1006.0,1010.0,996.0
10192.0,2385.0,2365.0,2382.0,1022.0,1016.0,1022.0
10047.0,2339.0,2328.0,2364.0,995.0,1009.0,1012.0
9904.0,2319.0,2300.0,2313.0,997.0,989.0,986.0
10058.0,2347.0,2353.0,2343.0,1007.0,1000.0,1008.0
9992.0,2346.0,2344.0,2312.0,995.0,1001.0,994.0
9856.0,2293.0,2316.0,2302.0,983.0,985.0,977.0
10100.0,2367.0,2356.0,2346.0,1012.0,1006.0,1013.0
9947.0,2314.0,2323.0,2341.0,991.0,985.0,993.0
9925.0,2309.0,2319.0,2336.0,980.0,994.0,987.0
10136.0,2340.0,2361.0,2375.0,1016.0,1026.0,1018.0
10066.0,2342.0,2355.0,2337.0,1004.0,1011.0,1017.0
9901.0,2334.0,2304.0,2303.0,975.0,991.0,994.0
10069.0,2344.0,2328.0,2367.0,1001.0,1013.0,1016.0
10043.0,2347.0,2343.0,2355.0,992.0,1001.0,1005.0
10033.0,2338.0,2337.0,2359.0,997.0,1000.0,1002.0
10090.0,2321.0,2375.0,2365.0,1023.0,1002.0,1004.0
10057.0,2328.0,2356.0,2344.0,1018.0,1000.0,1011.0
10042.0,2363.0,2332.0,2324.0,1004.0,1010.0,1009.0
10082.0,2340.0,2388.0,2341.0,993.0,1017.0,1003.0
10115.0,2354.0,2373.0,2354.0,1001.0,1020.0,1013.0
10056.0,2326.0,2365.0,2360.0,996.0,1002.0,1007.0
10037.0,2346.0,2316.0,2378.0,995.0,1008.0,994.0
10019.0,2343.0,2327.0,2346.0,998.0,1005.0,1000.0
9972.0,2329.0,2327.0,2310.0,1001.0,1001.0,1004.0
9985.0,2332.0,2351.0,2313.0,997.0,987.0,1005.0
10064.0,2357.0,2366.0,2336.0,1009.0,996.0,1000.0
10148.0,2360.0,2345.0,2395.0,1028.0,1011.0,1009.0
10108.0,2360.0,2340.0,2371.0,1008.0,1022.0,1007.0
10290.0,2416.0,2383.0,2409.0,1024.0,1029.0,1029.0
9978.0,2326.0,2341.0,2320.0,990.0,1003.0,998.0
10045.0,2318.0,2366.0,2340.0,1002.0,1014.0,1005.0
10024.0,2343.0,2332.0,2328.0,1006.0,1003.0,1012.0
10086.0,2368.0,2347.0,2351.0,1019.0,1000.0,1001.0
10082.0,2335.0,2355.0,2358.0,1017.0,1010.0,1007.0
10144.0,2387.0,2363.0,2361.0,1009.0,1011.0,1013.0
10171.0,2396.0,2374.0,2350.0,1015.0,1024.0,1012.0
10074.0,2367.0,2332.0,2351.0,1005.0,1014.0,1005.0
9966.0,2303.0,2324.0,2338.0,995.0,1009.0,997.0
10147.0,2363.0,2366.0,2371.0,1019.0,1015.0,1013.0
9934.0,2340.0,2309.0,2317.0,986.0,998.0,984.0
10058.0,2338.0,2345.0,2364.0,1005.0,1004.0,1002.0
10091.0,2359.0,2350.0,2349.0,1013.0,1008.0,1012.0
10046.0,2359.0,2328.0,2326.0,1010.0,1007.0,1016.0
10165.0,2360.0,2399.0,2353.0,1011.0,1012.0,1030.0
10090.0,2342.0,2363.0,2357.0,1009.0,1012.0,1007.0
10106.0,2360.0,2341.0,2368.0,1006.0,1020.0,1011.0
10070.0,2347.0,2341.0,2373.0,1000.0,1007.0,1002.0
10064.0,2330.0,2348.0,2352.0,1009.0,1019.0,1006.0
10031.0,2339.0,2361.0,2327.0,995.0,1002.0,1007.0
10124.0,2382.0,2351.0,2354.0,1014.0,1013.0,1010.0
10113.0,2364.0,2340.0,2371.0,1008.0,1012.0,1018.0
10332.0,2408.0,2392.0,2435.0,1026.0,1032.0,1039.0
10110.0,2384.0,2355.0,2346.0,1001.0,1009.0,1015.0
9933.0,2319.0,2312.0,2314.0,992.0,998.0,998.0
10164.0,2368.0,2376.0,2358.0,1020.0,1024.0,1018.0
10219.0,2385.0,2366.0,2372.0,1031.0,1036.0,1029.0
10146.0,2382.0,2333.0,2375.0,1015.0,1029.0,1012.0
10104.0,2344.0,2359.0,2368.0,1014.0,1012.0,1007.0
10190.0,2377.0,2380.0,2390.0,1014.0,1029.0,1000.0
10220.0,2393.0,2385.0,2387.0,1022.0,1017.0,1016.0
9915.0,2327.0,2313.0,2306.0,988.0,981.0,1000.0
10018.0,2347.0,2313.0,2349.0,1014.0,992.0,1003.0
10074.0,2328.0,2337.0,2369.0,1027.0,1004.0,1009.0
10366.0,2411.0,2425.0,2419.0,1039.0,1032.0,1040.0
10080.0,2327.0,2337.0,2373.0,1005.0,1020.0,1018.0
10105.0,2368.0,2355.0,2351.0,1007.0,1014.0,1010.0
10079.0,2362.0,2345.0,2342.0,1003.0,1024.0,1003.0
10200.0,2390.0,2376.0,2380.0,1016.0,1020.0,1018.0
10132.0,2348.0,2380.0,2372.0,1005.0,1022.0,1005.0
10255.0,2409.0,2387.0,2404.0,1028.0,1018.0,1009.0
10270.0,2404.0,2387.0,2416.0,1024.0,1021.0,1018.0
10242.0,2401.0,2367.0,2408.0,1027.0,1012.0,1027.0
10208.0,2369.0,2380.0,2401.0,1017.0,1015.0,1026.0
10055.0,2367.0,2346.0,2328.0,1008.0,1006.0,1000.0
9970.0,2337.0,2331.0,2298.0,995.0,1004.0,1005.0
10049.0,2341.0,2326.0,2353.0,1002.0,1012.0,1015.0
10126.0,2353.0,2355.0,2381.0,1007.0,1017.0,1013.0
10162.0,2394.0,2376.0,2369.0,1006.0,1016.0,1001.0
10213.0,2393.0,2386.0,2377.0,1030.0,1015.0,1012.0
10318.0,2401.0,2420.0,2409.0,1044.0,1024.0,1020.0
10165.0,2382.0,2359.0,2356.0,1017.0,1027.0,1024.0
10271.0,2403.0,2388.0,2397.0,1028.0,1028.0,1027.0
10194.0,2354.0,2387.0,2387.0,1017.0,1028.0,1021.0
10136.0,2362.0,2354.0,2369.0,1005.0,1015.0,1031.0
10147.0,2394.0,2348.0,2368.0,1007.0,1010.0,1020.0
10118.0,2366.0,2337.0,2371.0,1015.0,1010.0,1019.0
10163.0,2360.0,2380.0,2360.0,1024.0,1019.0,1020.0
9991.0,2352.0,2313.0,2336.0,1010.0,986.0,994.0
10128.0,2373.0,2366.0,2364.0,1012.0,1001.0,1012.0
10017.0,2311.0,2340.0,2362.0,1000.0,1000.0,1004.0
10336.0,2410.0,2412.0,2419.0,1029.0,1040.0,1026.0
10209.0,2392.0,2390.0,2371.0,1013.0,1025.0,1018.0
10210.0,2373.0,2385.0,2385.0,1024.0,1023.0,1020.0
10092.0,2358.0,2357.0,2341.0,1007.0,1017.0,1012.0
10314.0,2407.0,2395.0,2397.0,1050.0,1019.0,1046.0
10305.0,2414.0,2381.0,2423.0,1031.0,1028.0,1028.0
10292.0,2400.0,2381.0,2415.0,1030.0,1028.0,1038.0
10215.0,2377.0,2419.0,2377.0,1019.0,1009.0,1014.0
10278.0,2406.0,2424.0,2392.0,1016.0,1024.0,1016.0
10302.0,2406.0,2412.0,2389.0,1045.0,1035.0,1015.0
10135.0,2351.0,2362.0,2364.0,1013.0,1037.0,1008.0
10094.0,2366.0,2342.0,2373.0,1011.0,1008.0,994.0
10354.0,2420.0,2417.0,2422.0,1036.0,1032.0,1027.0
10270.0,2380.0,2401.0,2412.0,1017.0,1023.0,1037.0
10228.0,2396.0,2390.0,2361.0,1028.0,1018.0,1035.0
10341.0,2452.0,2409.0,2393.0,1027.0,1025.0,1035.0
10246.0,2388.0,2391.0,2400.0,1020.0,1014.0,1033.0
10388.0,2415.0,2437.0,2426.0,1037.0,1026.0,1047.0
10236.0,2392.0,2380.0,2402.0,1029.0,1017.0,1016.0
10238.0,2389.0,2358.0,2412.0,1036.0,1030.0,1013.0
10233.0,2404.0,2354.0,2385.0,1033.0,1037.0,1020.0
10258.0,2395.0,2416.0,2377.0,1020.0,1028.0,1022.0
10325.0,2387.0,2417.0,2413.0,1031.0,1049.0,1028.0
10204.0,2382.0,2366.0,2390.0,1016.0,1023.0,1027.0
10242.0,2376.0,2379.0,2417.0,1016.0,1022.0,1032.0
10178.0,2373.0,2365.0,2378.0,1022.0,1018.0,1022.0
10097.0,2372.0,2362.0,2358.0,1001.0,998.0,1006.0
10158.0,2352.0,2383.0,2369.0,1023.0,1016.0,1015.0
10258.0,2389.0,2386.0,2411.0,1030.0,1015.0,1027.0
10233.0,2382.0,2373.0,2386.0,1016.0,1043.0,1033.0
10264.0,2399.0,2378.0,2408.0,1020.0,1042.0,1017.0
10158.0,2365.0,2390.0,2372.0,1001.0,1015.0,1015.0
10257.0,2412.0,2391.0,2385.0,1013.0,1033.0,1023.0
10237.0,2397.0,2391.0,2385.0,1027.0,1019.0,1018.0
10148.0,2357.0,2369.0,2378.0,1017.0,1006.0,1021.0
10296.0,2400.0,2400.0,2391.0,1039.0,1031.0,1035.0
10375.0,2419.0,2414.0,2447.0,1031.0,1032.0,1032.0
10344.0,2406.0,2425.0,2420.0,1025.0,1028.0,1040.0
10145.0,2329.0,2364.0,2395.0,1009.0,1026.0,1022.0
10201.0,2389.0,2349.0,2378.0,1012.0,1041.0,1032.0
10329.0,2420.0,2415.0,2395.0,1039.0,1026.0,1034.0
10270.0,2394.0,2401.0,2384.0,1032.0,1031.0,1028.0
10427.0,2423.0,2442.0,2440.0,1047.0,1038.0,1037.0
10334.0,2439.0,2408.0,2403.0,1034.0,1022.0,1028.0
10103.0,2357.0,2347.0,2373.0,1009.0,1009.0,1008.0
10416.0,2417.0,2437.0,2448.0,1033.0,1041.0,1040.0
10094.0,2365.0,2354.0,2336.0,1012.0,1005.0,1022.0
10243.0,2365.0,2420.0,2385.0,1023.0,1019.0,1031.0
10331.0,2416.0,2387.0,2432.0,1019.0,1049.0,1028.0
10343.0,2418.0,2403.0,2429.0,1027.0,1032.0,1034.0
10349.0,2426.0,2400.0,2423.0,1034.0,1036.0,1030.0
10300.0,2408.0,2401.0,2406.0,1042.0,1019.0,1024.0
10294.0,2395.0,2428.0,2403.0,1014.0,1024.0,1030.0
10264.0,2410.0,2402.0,2383.0,1013.0,1024.0,1032.0
10248.0,2411.0,2362.0,2398.0,1018.0,1026.0,1033.0
10254.0,2367.0,2383.0,2419.0,1014.0,1028.0,1043.0
10407.0,2428.0,2429.0,2435.0,1032.0,1040.0,1043.0
10533.0,2444.0,2465.0,2463.0,1055.0,1056.0,1050.0
10411.0,2428.0,2429.0,2424.0,1045.0,1041.0,1044.0
10274.0,2400.0,2373.0,2407.0,1035.0,1028.0,1031.0
10458.0,2462.0,2436.0,2425.0,1041.0,1042.0,1052.0
10375.0,2425.0,2458.0,2403.0,1023.0,1034.0,1032.0
10331.0,2387.0,2425.0,2433.0,1038.0,1022.0,1026.0
10265.0,2390.0,2388.0,2424.0,1026.0,1021.0,1016.0
10259.0,2405.0,2387.0,2404.0,1019.0,1028.0,1016.0
10417.0,2425.0,2422.0,2418.0,1046.0,1052.0,1054.0
10477.0,2414.0,2447.0,2440.0,1056.0,1059.0,1061.0
10337.0,2416.0,2416.0,2388.0,1037.0,1050.0,1030.0
10221.0,2375.0,2380.0,2400.0,1019.0,1026.0,1021.0
10274.0,2377.0,2398.0,2436.0,1017.0,1017.0,1029.0
10461.0,2442.0,2438.0,2465.0,1041.0,1032.0,1043.0
10445.0,2462.0,2449.0,2421.0,1036.0,1034.0,1043.0
10441.0,2447.0,2447.0,2420.0,1049.0,1044.0,1034.0
10368.0,2421.0,2421.0,2420.0,1047.0,1029.0,1030.0
10245.0,2407.0,2357.0,2415.0,1027.0,1025.0,1014.0
10367.0,2419.0,2418.0,2442.0,1022.0,1035.0,1031.0
10478.0,2414.0,2472.0,2428.0,1054.0,1054.0,1056.0
10287.0,2394.0,2414.0,2407.0,1023.0,1022.0,1027.0
10299.0,2416.0,2394.0,2392.0,1032.0,1034.0,1031.0
10440.0,2429.0,2413.0,2450.0,1048.0,1037.0,1063.0
10596.0,2468.0,2492.0,2476.0,1055.0,1052.0,1053.0
10490.0,2448.0,2456.0,2461.0,1051.0,1042.0,1032.0
10289.0,2390.0,2403.0,2403.0,1034.0,1035.0,1024.0
10284.0,2377.0,2414.0,2400.0,1029.0,1035.0,1029.0
10439.0,2451.0,2414.0,2428.0,1047.0,1054.0,1045.0
10295.0,2415.0,2420.0,2393.0,1009.0,1031.0,1027.0
10422.0,2431.0,2437.0,2424.0,1041.0,1043.0,1046.0
10361.0,2407.0,2427.0,2417.0,1039.0,1032.0,1039.0
10393.0,2430.0,2402.0,2454.0,1036.0,1034.0,1037.0
10514.0,2467.0,2441.0,2452.0,1046.0,1053.0,1055.0
10400.0,2429.0,2430.0,2416.0,1039.0,1040.0,1046.0
10410.0,2426.0,2440.0,2412.0,1043.0,1042.0,1047.0
10254.0,2396.0,2403.0,2390.0,1017.0,1031.0,1017.0
10400.0,2412.0,2409.0,2464.0,1038.0,1045.0,1032.0
10466.0,2428.0,2441.0,2439.0,1063.0,1052.0,1043.0
10396.0,2436.0,2419.0,2451.0,1038.0,1027.0,1025.0
10319.0,2396.0,2408.0,2406.0,1045.0,1035.0,1029.0
10333.0,2413.0,2404.0,2404.0,1038.0,1028.0,1046.0
10422.0,2440.0,2422.0,2415.0,1039.0,1047.0,1059.0
10451.0,2446.0,2423.0,2445.0,1048.0,1044.0,1045.0
10384.0,2396.0,2415.0,2441.0,1045.0,1041.0,1046.0
10358.0,2391.0,2441.0,2430.0,1026.0,1039.0,1031.0
10303.0,2416.0,2381.0,2406.0,1025.0,1033.0,1042.0
10464.0,2458.0,2428.0,2425.0,1059.0,1047.0,1047.0
10426.0,2434.0,2424.0,2433.0,1056.0,1044.0,1035.0
10395.0,2421.0,2436.0,2423.0,1045.0,1038.0,1032.0
10385.0,2440.0,2451.0,2399.0,1027.0,1032.0,1036.0
10407.0,2419.0,2430.0,2432.0,1041.0,1041.0,1044.0
10369.0,2417.0,2417.0,2428.0,1031.0,1033.0,1043.0
10537.0,2477.0,2460.0,2437.0,1064.0,1047.0,1052.0
10338.0,2417.0,2427.0,2380.0,1033.0,1038.0,1043.0
10531.0,2427.0,2469.0,2463.0,1059.0,1058.0,1055.0
10377.0,2401.0,2420.0,2441.0,1045.0,1042.0,1028.0
10469.0,2447.0,2432.0,2461.0,1041.0,1047.0,1041.0
10406.0,2438.0,2418.0,2435.0,1037.0,1041.0,1037.0
10353.0,2398.0,2440.0,2423.0,1039.0,1030.0,1023.0
10256.0,2428.0,2393.0,2383.0,1014.0,1013.0,1025.0
10312.0,2421.0,2389.0,2405.0,1027.0,1032.0,1038.0
10399.0,2420.0,2414.0,2436.0,1042.0,1040.0,1047.0
10453.0,2433.0,2438.0,2449.0,1048.0,1044.0,1041.0
10615.0,2487.0,2478.0,2476.0,1061.0,1064.0,1049.0
10568.0,2471.0,2476.0,2460.0,1040.0,1062.0,1059.0
10424.0,2417.0,2434.0,2431.0,1047.0,1046.0,1049.0
10344.0,2418.0,2421.0,2403.0,1031.0,1036.0,1035.0
10441.0,2447.0,2444.0,2438.0,1025.0,1043.0,1044.0
10368.0,2396.0,2443.0,2437.0,1027.0,1037.0,1028.0
10397.0,2445.0,2429.0,2423.0,1047.0,1031.0,1022.0
10433.0,2427.0,2434.0,2429.0,1060.0,1039.0,1044.0
10555.0,2457.0,2456.0,2458.0,1067.0,1062.0,1055.0
10402.0,2405.0,2447.0,2421.0,1044.0,1036.0,1049.0
10518.0,2438.0,2466.0,2442.0,1052.0,1059.0,1061.0
10488.0,2469.0,2446.0,2431.0,1039.0,1042.0,1061.0
10339.0,2407.0,2390.0,2434.0,1036.0,1029.0,1043.0
10410.0,2432.0,2417.0,2444.0,1034.0,1044.0,1039.0
10531.0,2478.0,2467.0,2423.0,1054.0,1053.0,1056.0
10479.0,2430.0,2460.0,2454.0,1055.0,1040.0,1040.0
10392.0,2417.0,2422.0,2430.0,1049.0,1041.0,1033.0
10502.0,2465.0,2442.0,2449.0,1050.0,1057.0,1039.0
10434.0,2433.0,2412.0,2466.0,1036.0,1050.0,1037.0
10496.0,2430.0,2453.0,2461.0,1039.0,1063.0,1050.0
10584.0,2472.0,2488.0,2452.0,1055.0,1060.0,1057.0
10542.0,2482.0,2462.0,2440.0,1053.0,1044.0,1061.0
10711.0,2492.0,2491.0,2499.0,1086.0,1073.0,1070.0
10470.0,2437.0,2449.0,2459.0,1045.0,1034.0,1046.0
10435.0,2428.0,2435.0,2437.0,1042.0,1050.0,1043.0
10544.0,2478.0,2460.0,2456.0,1053.0,1049.0,1048.0
10415.0,2423.0,2424.0,2432.0,1043.0,1055.0,1038.0
10492.0,2451.0,2452.0,2457.0,1037.0,1053.0,1042.0
10552.0,2474.0,2464.0,2460.0,1050.0,1056.0,1048.0
10597.0,2481.0,2473.0,2468.0,1060.0,1062.0,1053.0
10573.0,2455.0,2475.0,2468.0,1055.0,1065.0,1055.0
10612.0,2475.0,2479.0,2480.0,1065.0,1052.0,1061.0
10360.0,2450.0,2382.0,2428.0,1023.0,1027.0,1050.0
10359.0,2430.0,2426.0,2401.0,1037.0,1031.0,1034.0
10570.0,2460.0,2485.0,2462.0,1053.0,1047.0,1063.0
10572.0,2471.0,2462.0,2470.0,1047.0,1062.0,1060.0
10499.0,2432.0,2461.0,2456.0,1048.0,1055.0,1047.0
10446.0,2448.0,2425.0,2448.0,1044.0,1047.0,1034.0
10435.0,2438.0,2426.0,2442.0,1044.0,1049.0,1036.0
10341.0,2430.0,2409.0,2413.0,1029.0,1023.0,1037.0
10597.0,2458.0,2489.0,2474.0,1052.0,1051.0,1073.0
10567.0,2475.0,2453.0,2467.0,1052.0,1055.0,1065.0
10510.0,2469.0,2418.0,2498.0,1043.0,1038.0,1044.0
10666.0,2488.0,2485.0,2486.0,1064.0,1068.0,1075.0
10547.0,2459.0,2481.0,2448.0,1049.0,1052.0,1058.0
10463.0,2466.0,2415.0,2443.0,1051.0,1045.0,1043.0
10560.0,2468.0,2470.0,2449.0,1063.0,1058.0,1052.0
10447.0,2442.0,2403.0,2441.0,1048.0,1063.0,1050.0
10519.0,2455.0,2457.0,2457.0,1054.0,1063.0,1033.0
10548.0,2477.0,2465.0,2464.0,1042.0,1052.0,1048.0
10499.0,2449.0,2465.0,2454.0,1046.0,1042.0,1043.0
10571.0,2451.0,2459.0,2488.0,1057.0,1049.0,1067.0
10464.0,2447.0,2430.0,2455.0,1035.0,1046.0,1051.0
10528.0,2455.0,2461.0,2440.0,1054.0,1060.0,1058.0
10494.0,2424.0,2458.0,2439.0,1060.0,1058.0,1055.0
10670.0,2477.0,2501.0,2490.0,1055.0,1073.0,1074.0
10458.0,2469.0,2429.0,2417.0,1042.0,1051.0,1050.0
10674.0,2503.0,2485.0,2502.0,1063.0,1062.0,1059.0
10573.0,2444.0,2485.0,2469.0,1058.0,1065.0,1052.0
10401.0,2448.0,2452.0,2387.0,1044.0,1033.0,1037.0
10533.0,2465.0,2460.0,2460.0,1056.0,1034.0,1058.0
10363.0,2395.0,2420.0,2428.0,1049.0,1038.0,1033.0
10664.0,2483.0,2492.0,2484.0,1064.0,1068.0,1073.0
10554.0,2469.0,2457.0,2474.0,1047.0,1052.0,1055.0
10420.0,2422.0,2452.0,2421.0,1033.0,1051.0,1041.0
10582.0,2450.0,2470.0,2471.0,1054.0,1073.0,1064.0
10611.0,2483.0,2460.0,2482.0,1054.0,1071.0,1061.0
10449.0,2452.0,2439.0,2432.0,1052.0,1032.0,1042.0
10370.0,2389.0,2423.0,2423.0,1049.0,1044.0,1042.0
10730.0,2514.0,2503.0,2504.0,1079.0,1066.0,1064.0
10605.0,2494.0,2439.0,2496.0,1064.0,1050.0,1062.0
10545.0,2457.0,2448.0,2454.0,1058.0,1061.0,1067.0
10669.0,2494.0,2472.0,2486.0,1065.0,1081.0,1071.0
10607.0,2486.0,2497.0,2458.0,1046.0,1064.0,1056.0
10583.0,2461.0,2474.0,2468.0,1058.0,1063.0,1059.0
10579.0,2445.0,2466.0,2480.0,1068.0,1058.0,1062.0
10702.0,2509.0,2486.0,2488.0,1086.0,1056.0,1077.0
10662.0,2529.0,2460.0,2470.0,1070.0,1065.0,1068.0
10586.0,2476.0,2492.0,2452.0,1063.0,1053.0,1050.0
10530.0,2447.0,2479.0,2458.0,1043.0,1046.0,1057.0
10567.0,2457.0,2468.0,2491.0,1040.0,1052.0,1059.0
10553.0,2473.0,2433.0,2497.0,1050.0,1060.0,1040.0
10538.0,2432.0,2465.0,2474.0,1050.0,1058.0,1059.0
10704.0,2500.0,2497.0,2493.0,1062.0,1072.0,1080.0
10729.0,2512.0,2512.0,2494.0,1066.0,1066.0,1079.0
10582.0,2469.0,2469.0,2449.0,1069.0,1059.0,1067.0
10473.0,2447.0,2431.0,2456.0,1048.0,1047.0,1044.0
10591.0,2501.0,2472.0,2462.0,1049.0,1057.0,1050.0
10664.0,2497.0,2481.0,2494.0,1066.0,1059.0,1067.0
10481.0,2461.0,2457.0,2430.0,1049.0,1046.0,1038.0
10601.0,2487.0,2481.0,2453.0,1067.0,1062.0,1051.0
10666.0,2521.0,2475.0,2470.0,1068.0,1068.0,1064.0
10689.0,2479.0,2478.0,2501.0,1077.0,1079.0,1075.0
10682.0,2492.0,2501.0,2485.0,1066.0,1068.0,1070.0
10667.0,2496.0,2485.0,2483.0,1070.0,1065.0,1068.0
10544.0,2465.0,2464.0,2453.0,1050.0,1052.0,1060.0
10571.0,2448.0,2473.0,2470.0,1052.0,1060.0,1068.0
10797.0,2521.0,2505.0,2516.0,1088.0,1078.0,1089.0
10685.0,2521.0,2503.0,2478.0,1063.0,1057.0,1063.0
10713.0,2502.0,2500.0,2508.0,1072.0,1072.0,1059.0
10685.0,2477.0,2481.0,2516.0,1067.0,1078.0,1066.0
10505.0,2498.0,2422.0,2415.0,1053.0,1065.0,1052.0
10576.0,2476.0,2483.0,2453.0,1049.0,1055.0,1060.0
10572.0,2451.0,2494.0,2444.0,1054.0,1068.0,1061.0
10617.0,2482.0,2498.0,2462.0,1058.0,1058.0,1059.0
10707.0,2522.0,2460.0,2506.0,1075.0,1062.0,1082.0
10691.0,2494.0,2470.0,2515.0,1069.0,1062.0,1081.0
10638.0,2475.0,2490.0,2484.0,1065.0,1065.0,1059.0
10793.0,2525.0,2515.0,2504.0,1077.0,1081.0,1091.0
10647.0,2481.0,2503.0,2476.0,1063.0,1065.0,1059.0
10470.0,2445.0,2427.0,2460.0,1038.0,1060.0,1040.0
10715.0,2495.0,2506.0,2486.0,1076.0,1088.0,1064.0
10661.0,2493.0,2506.0,2490.0,1053.0,1060.0,1059.0
10694.0,2481.0,2524.0,2497.0,1073.0,1055.0,1064.0
10601.0,2459.0,2486.0,2478.0,1053.0,1058.0,1067.0
10586.0,2482.0,2460.0,2477.0,1065.0,1046.0,1056.0
10505.0,2468.0,2444.0,2442.0,1057.0,1039.0,1055.0
10540.0,2439.0,2466.0,2455.0,1057.0,1066.0,1057.0
10775.0,2533.0,2499.0,2526.0,1074.0,1071.0,1072.0
10758.0,2515.0,2492.0,2521.0,1074.0,1078.0,1078.0
10866.0,2536.0,2521.0,2552.0,1081.0,1093.0,1083.0
10687.0,2492.0,2496.0,2483.0,1084.0,1070.0,1062.0
10660.0,2489.0,2511.0,2479.0,1064.0,1059.0,1058.0
10598.0,2478.0,2484.0,2459.0,1077.0,1056.0,1044.0
10577.0,2462.0,2455.0,2488.0,1056.0,1047.0,1069.0
10723.0,2510.0,2500.0,2503.0,1068.0,1070.0,1072.0
10845.0,2562.0,2523.0,2526.0,1070.0,1080.0,1084.0
10672.0,2489.0,2479.0,2479.0,1064.0,1080.0,1081.0
10599.0,2472.0,2469.0,2465.0,1057.0,1070.0,1066.0
10463.0,2419.0,2437.0,2441.0,1055.0,1059.0,1052.0
10649.0,2495.0,2483.0,2485.0,1071.0,1063.0,1052.0
10771.0,2489.0,2511.0,2537.0,1083.0,1082.0,1069.0
10702.0,2485.0,2514.0,2496.0,1076.0,1069.0,1062.0
10735.0,2515.0,2508.0,2504.0,1072.0,1067.0,1069.0
10519.0,2467.0,2460.0,2438.0,1055.0,1050.0,1049.0
10622.0,2480.0,2470.0,2466.0,1067.0,1069.0,1070.0
10791.0,2519.0,2513.0,2516.0,1073.0,1094.0,1076.0
10654.0,2479.0,2496.0,2478.0,1076.0,1069.0,1056.0
10622.0,2463.0,2464.0,2490.0,1075.0,1061.0,1069.0
10685.0,2500.0,2472.0,2491.0,1082.0,1067.0,1073.0
10760.0,2525.0,2479.0,2533.0,1071.0,1076.0,1076.0
10717.0,2494.0,2515.0,2485.0,1073.0,1081.0,1069.0
10754.0,2512.0,2536.0,2500.0,1066.0,1069.0,1071.0
10751.0,2520.0,2512.0,2515.0,1071.0,1073.0,1060.0
10705.0,2501.0,2489.0,2509.0,1070.0,1070.0,1066.0
10535.0,2436.0,2447.0,2465.0,1057.0,1069.0,1061.0
10676.0,2508.0,2476.0,2483.0,1072.0,1068.0,1069.0
10732.0,2503.0,2521.0,2485.0,1074.0,1076.0,1073.0
10758.0,2511.0,2521.0,2498.0,1076.0,1072.0,1080.0
10801.0,2494.0,2529.0,2541.0,1082.0,1070.0,1085.0
10800.0,2536.0,2522.0,2507.0,1088.0,1071.0,1076.0
10769.0,2522.0,2513.0,2527.0,1072.0,1062.0,1073.0
10772.0,2492.0,2516.0,2515.0,1092.0,1089.0,1068.0
10669.0,2500.0,2503.0,2451.0,1073.0,1074.0,1068.0
10776.0,2513.0,2503.0,2522.0,1075.0,1078.0,1085.0
10808.0,2518.0,2506.0,2530.0,1084.0,1089.0,1081.0
10732.0,2480.0,2494.0,2527.0,1075.0,1077.0,1079.0
10896.0,2545.0,2552.0,2538.0,1076.0,1092.0,1093.0
10775.0,2532.0,2512.0,2508.0,1066.0,1067.0,1090.0
10673.0,2473.0,2484.0,2498.0,1073.0,1074.0,1071.0
10618.0,2488.0,2472.0,2465.0,1074.0,1051.0,1068.0
10909.0,2557.0,2538.0,2558.0,1087.0,1080.0,1089.0
10704.0,2465.0,2507.0,2502.0,1075.0,1085.0,1070.0
10841.0,2522.0,2521.0,2540.0,1087.0,1094.0,1077.0
10705.0,2503.0,2478.0,2505.0,1067.0,1080.0,1072.0
10815.0,2532.0,2485.0,2543.0,1079.0,1091.0,1085.0
10792.0,2485.0,2556.0,2495.0,1085.0,1083.0,1088.0
10720.0,2491.0,2518.0,2482.0,1078.0,1076.0,1075.0
10916.0,2544.0,2538.0,2562.0,1097.0,1082.0,1093.0
10948.0,2548.0,2531.0,2572.0,1100.0,1090.0,1107.0
10798.0,2496.0,2509.0,2532.0,1092.0,1087.0,1082.0
10613.0,2466.0,2500.0,2449.0,1055.0,1075.0,1068.0
10849.0,2528.0,2546.0,2533.0,1076.0,1084.0,1082.0
10744.0,2496.0,2520.0,2506.0,1066.0,1085.0,1071.0
10849.0,2533.0,2515.0,2551.0,1079.0,1093.0,1078.0
10824.0,2525.0,2520.0,2532.0,1082.0,1085.0,1080.0
10790.0,2508.0,2532.0,2529.0,1077.0,1070.0,1074.0
10886.0,2517.0,2550.0,2539.0,1097.0,1080.0,1103.0
10875.0,2549.0,2533.0,2532.0,1086.0,1084.0,1091.0
10785.0,2536.0,2484.0,2509.0,1086.0,1071.0,1099.0
10820.0,2516.0,2540.0,2506.0,1084.0,1084.0,1090.0
10785.0,2506.0,2530.0,2525.0,1072.0,1081.0,1071.0
11031.0,2592.0,2579.0,2560.0,1098.0,1116.0,1086.0
10819.0,2514.0,2503.0,2538.0,1086.0,1096.0,1082.0
10877.0,2520.0,2535.0,2540.0,1105.0,1090.0,1087.0
10802.0,2509.0,2518.0,2514.0,1093.0,1091.0,1077.0
10675.0,2489.0,2496.0,2471.0,1075.0,1070.0,1074.0
10913.0,2527.0,2544.0,2578.0,1088.0,1081.0,1095.0
10869.0,2530.0,2522.0,2557.0,1079.0,1088.0,1093.0
10855.0,2572.0,2510.0,2539.0,1073.0,1077.0,1084.0
10857.0,2515.0,2543.0,2527.0,1084.0,1091.0,1097.0
10901.0,2520.0,2559.0,2525.0,1108.0,1099.0,1090.0
10836.0,2533.0,2540.0,2516.0,1083.0,1088.0,1076.0
10837.0,2546.0,2525.0,2518.0,1084.0,1084.0,1080.0
10785.0,2504.0,2506.0,2531.0,1082.0,1088.0,1074.0
10737.0,2509.0,2504.0,2516.0,1077.0,1066.0,1065.0
10905.0,2554.0,2539.0,2554.0,1087.0,1089.0,1082.0
10789.0,2509.0,2533.0,2518.0,1079.0,1076.0,1074.0
10672.0,2486.0,2472.0,2493.0,1083.0,1074.0,1064.0
10791.0,2509.0,2513.0,2518.0,1086.0,1081.0,1084.0
10883.0,2514.0,2558.0,2537.0,1090.0,1099.0,1085.0
10902.0,2531.0,2565.0,2520.0,1086.0,1100.0,1100.0
10797.0,2526.0,2505.0,2527.0,1069.0,1078.0,1092.0
10902.0,2563.0,2545.0,2522.0,1092.0,1089.0,1091.0
10760.0,2503.0,2511.0,2508.0,1089.0,1075.0,1074.0
11047.0,2563.0,2595.0,2581.0,1111.0,1102.0,1095.0
10854.0,2557.0,2533.0,2520.0,1086.0,1081.0,1077.0
10874.0,2523.0,2539.0,2548.0,1093.0,1089.0,1082.0
10688.0,2489.0,2473.0,2524.0,1061.0,1071.0,1070.0
10964.0,2555.0,2553.0,2551.0,1089.0,1110.0,1106.0
10879.0,2555.0,2541.0,2518.0,1089.0,1087.0,1089.0
10970.0,2541.0,2579.0,2558.0,1099.0,1091.0,1102.0
10944.0,2561.0,2549.0,2551.0,1088.0,1100.0,1095.0
10784.0,2520.0,2511.0,2521.0,1081.0,1078.0,1073.0
10987.0,2570.0,2543.0,2575.0,1115.0,1088.0,1096.0
10934.0,2549.0,2546.0,2558.0,1100.0,1093.0,1088.0
10937.0,2579.0,2556.0,2533.0,1100.0,1086.0,1083.0
10991.0,2598.0,2553.0,2551.0,1102.0,1100.0,1087.0
10739.0,2500.0,2499.0,2510.0,1070.0,1083.0,1077.0
10935.0,2555.0,2560.0,2568.0,1074.0,1089.0,1089.0
10822.0,2510.0,2530.0,2537.0,1067.0,1090.0,1088.0
10830.0,2514.0,2528.0,2553.0,1081.0,1076.0,1078.0
10780.0,2516.0,2529.0,2493.0,1081.0,1071.0,1090.0
10958.0,2552.0,2564.0,2549.0,1101.0,1094.0,1098.0
10953.0,2569.0,2544.0,2548.0,1103.0,1095.0,1094.0
10955.0,2558.0,2565.0,2558.0,1091.0,1099.0,1084.0
10970.0,2555.0,2582.0,2564.0,1086.0,1099.0,1084.0
10936.0,2558.0,2539.0,2570.0,1092.0,1091.0,1086.0
10846.0,2561.0,2519.0,2496.0,1093.0,1085.0,1092.0
10850.0,2529.0,2521.0,2523.0,1084.0,1100.0,1093.0
10931.0,2546.0,2560.0,2548.0,1102.0,1084.0,1091.0
11022.0,2588.0,2577.0,2559.0,1099.0,1092.0,1107.0
10891.0,2565.0,2521.0,2528.0,1093.0,1085.0,1099.0
10970.0,2556.0,2539.0,2576.0,1098.0,1099.0,1102.0
10730.0,2524.0,2498.0,2493.0,1068.0,1067.0,1080.0
10941.0,2554.0,2584.0,2531.0,1091.0,1093.0,1088.0
10867.0,2526.0,2536.0,2544.0,1085.0,1094.0,1082.0
10947.0,2537.0,2573.0,2541.0,1090.0,1111.0,1095.0
10985.0,2582.0,2543.0,2571.0,1100.0,1098.0,1091.0
11061.0,2567.0,2574.0,2605.0,1110.0,1098.0,1107.0
10828.0,2503.0,2528.0,2545.0,1080.0,1081.0,1091.0
10863.0,2540.0,2550.0,2512.0,1083.0,1091.0,1087.0
10920.0,2555.0,2527.0,2543.0,1089.0,1098.0,1108.0
11052.0,2596.0,2562.0,2574.0,1106.0,1105.0,1109.0
10927.0,2549.0,2556.0,2543.0,1097.0,1087.0,1095.0
11035.0,2605.0,2557.0,2567.0,1109.0,1101.0,1096.0
11010.0,2548.0,2579.0,2569.0,1110.0,1107.0,1097.0
10845.0,2525.0,2519.0,2535.0,1092.0,1086.0,1088.0
10915.0,2578.0,2550.0,2531.0,1083.0,1086.0,1087.0
10840.0,2520.0,2514.0,2547.0,1080.0,1086.0,1093.0
11011.0,2551.0,2594.0,2573.0,1099.0,1086.0,1108.0
10976.0,2563.0,2577.0,2550.0,1092.0,1088.0,1106.0
11120.0,2595.0,2588.0,2603.0,1104.0,1104.0,1126.0
10826.0,2515.0,2518.0,2532.0,1088.0,1088.0,1085.0
10948.0,2554.0,2559.0,2536.0,1100.0,1107.0,1092.0
10925.0,2553.0,2547.0,2556.0,1089.0,1094.0,1086.0
10940.0,2554.0,2547.0,2563.0,1090.0,1102.0,1084.0
10883.0,2549.0,2548.0,2528.0,1081.0,1091.0,1086.0
10869.0,2546.0,2530.0,2561.0,1078.0,1072.0,1082.0
10899.0,2571.0,2539.0,2538.0,1089.0,1086.0,1076.0
11035.0,2586.0,2597.0,2545.0,1108.0,1098.0,1101.0
10900.0,2538.0,2542.0,2527.0,1104.0,1092.0,1097.0
11013.0,2574.0,2548.0,2577.0,1100.0,1106.0,1108.0
11025.0,2592.0,2555.0,2576.0,1091.0,1107.0,1104.0
10912.0,2536.0,2565.0,2544.0,1087.0,1087.0,1093.0
10886.0,2532.0,2552.0,2541.0,1081.0,1097.0,1083.0
10890.0,2540.0,2524.0,2545.0,1089.0,1097.0,1095.0
11033.0,2594.0,2579.0,2555.0,1109.0,1105.0,1091.0
11023.0,2580.0,2561.0,2571.0,1120.0,1094.0,1097.0
10906.0,2541.0,2550.0,2566.0,1081.0,1080.0,1088.0
11051.0,2574.0,2584.0,2598.0,1097.0,1094.0,1104.0
11130.0,2590.0,2608.0,2607.0,1106.0,1115.0,1104.0
10978.0,2550.0,2552.0,2564.0,1094.0,1108.0,1110.0
11019.0,2596.0,2566.0,2561.0,1092.0,1105.0,1099.0
11065.0,2580.0,2594.0,2566.0,1100.0,1105.0,1120.0
10980.0,2535.0,2579.0,2567.0,1101.0,1098.0,1100.0
10921.0,2558.0,2528.0,2564.0,1097.0,1083.0,1091.0
11007.0,2571.0,2547.0,2591.0,1106.0,1090.0,1102.0
10875.0,2526.0,2517.0,2556.0,1097.0,1092.0,1087.0
10911.0,2547.0,2581.0,2522.0,1092.0,1086.0,1083.0
11219.0,2611.0,2633.0,2606.0,1124.0,1129.0,1116.0
10911.0,2545.0,2542.0,2542.0,1090.0,1095.0,1097.0
11047.0,2582.0,2569.0,2583.0,1087.0,1106.0,1120.0
10955.0,2561.0,2536.0,2566.0,1102.0,1084.0,1106.0
10837.0,2521.0,2536.0,2537.0,1079.0,1082.0,1082.0
10978.0,2551.0,2578.0,2564.0,1090.0,1099.0,1096.0
11011.0,2584.0,2561.0,2560.0,1109.0,1104.0,1093.0
10947.0,2578.0,2559.0,2553.0,1089.0,1083.0,1085.0
11062.0,2583.0,2588.0,2586.0,1099.0,1109.0,1097.0
10991.0,2542.0,2576.0,2584.0,1101.0,1100.0,1088.0
11130.0,2611.0,2594.0,2593.0,1116.0,1112.0,1104.0
10931.0,2546.0,2554.0,2544.0,1093.0,1103.0,1091.0
10873.0,2531.0,2521.0,2543.0,1104.0,1091.0,1083.0
10963.0,2555.0,2560.0,2542.0,1110.0,1100.0,1096.0
11009.0,2579.0,2579.0,2549.0,1088.0,1101.0,1113.0
10974.0,2538.0,2565.0,2573.0,1094.0,1093.0,1111.0
10960.0,2553.0,2542.0,2577.0,1081.0,1091.0,1116.0
11002.0,2614.0,2548.0,2559.0,1095.0,1090.0,1096.0
10951.0,2536.0,2544.0,2567.0,1100.0,1103.0,1101.0
10957.0,2549.0,2568.0,2555.0,1104.0,1093.0,1088.0
11026.0,2580.0,2553.0,2576.0,1104.0,1105.0,1108.0
11082.0,2595.0,2585.0,2589.0,1104.0,1103.0,1106.0
11101.0,2586.0,2572.0,2616.0,1108.0,1108.0,1111.0
10951.0,2534.0,2559.0,2565.0,1095.0,1095.0,1103.0
11045.0,2613.0,2584.0,2550.0,1097.0,1096.0,1105.0
11101.0,2599.0,2596.0,2572.0,1111.0,1101.0,1122.0
10962.0,2555.0,2546.0,2560.0,1099.0,1103.0,1099.0
10998.0,2564.0,2558.0,2577.0,1103.0,1096.0,1100.0
11174.0,2620.0,2580.0,2613.0,1120.0,1118.0,1123.0
11172.0,2588.0,2610.0,2619.0,1118.0,1120.0,1117.0
11091.0,2594.0,2599.0,2564.0,1112.0,1117.0,1105.0
10942.0,2557.0,2543.0,2547.0,1091.0,1112.0,1092.0
10994.0,2568.0,2576.0,2553.0,1099.0,1104.0,1094.0
11039.0,2572.0,2576.0,2579.0,1097.0,1100.0,1115.0
11148.0,2604.0,2615.0,2594.0,1108.0,1105.0,1122.0
11039.0,2590.0,2544.0,2591.0,1106.0,1098.0,1110.0
11063.0,2590.0,2554.0,2581.0,1103.0,1110.0,1125.0
11083.0,2569.0,2583.0,2577.0,1120.0,1124.0,1110.0
11112.0,2612.0,2585.0,2588.0,1104.0,1115.0,1108.0
11006.0,2581.0,2571.0,2567.0,1092.0,1103.0,1092.0
11042.0,2565.0,2574.0,2588.0,1105.0,1101.0,1109.0
11054.0,2573.0,2576.0,2604.0,1105.0,1107.0,1089.0
11168.0,2616.0,2596.0,2609.0,1124.0,1108.0,1115.0
11282.0,2620.0,2646.0,2640.0,1135.0,1109.0,1132.0
11202.0,2608.0,2627.0,2598.0,1124.0,1120.0,1125.0
11082.0,2598.0,2561.0,2598.0,1106.0,1104.0,1115.0
11164.0,2621.0,2598.0,2608.0,1113.0,1105.0,1119.0
10978.0,2541.0,2574.0,2556.0,1094.0,1103.0,1110.0
10948.0,2540.0,2560.0,2569.0,1092.0,1099.0,1088.0
11103.0,2580.0,2612.0,2571.0,1121.0,1115.0,1104.0
11157.0,2599.0,2604.0,2594.0,1127.0,1114.0,1119.0
