demand,Demand_Retailer_0,Demand_Retailer_1,Demand_Retailer_2,Demand_Retailer_3,Demand_Retailer_4,Demand_Retailer_5
1009.0,235.0,241.0,236.0,99.0,100.0,98.0
1038.0,246.0,247.0,241.0,101.0,102.0,101.0
1036.0,243.0,241.0,243.0,98.0,104.0,107.0
1005.0,238.0,227.0,229.0,102.0,104.0,105.0
982.0,230.0,230.0,227.0,100.0,95.0,100.0
993.0,234.0,233.0,227.0,100.0,99.0,100.0
997.0,230.0,239.0,226.0,102.0,101.0,99.0
1007.0,241.0,228.0,239.0,100.0,100.0,99.0
1053.0,247.0,236.0,255.0,106.0,104.0,105.0
1060.0,239.0,249.0,255.0,107.0,107.0,103.0
1019.0,233.0,236.0,248.0,100.0,100.0,102.0
1015.0,239.0,234.0,237.0,102.0,103.0,100.0
973.0,219.0,231.0,225.0,101.0,96.0,101.0
1008.0,227.0,231.0,244.0,102.0,104.0,100.0
1016.0,233.0,237.0,233.0,104.0,102.0,107.0
1079.0,248.0,260.0,251.0,107.0,107.0,106.0
1069.0,245.0,254.0,246.0,104.0,108.0,112.0
1032.0,238.0,241.0,243.0,103.0,103.0,104.0
1034.0,246.0,234.0,246.0,101.0,101.0,106.0
1014.0,240.0,240.0,238.0,101.0,97.0,98.0
1000.0,231.0,233.0,238.0,100.0,98.0,100.0
1048.0,250.0,251.0,230.0,109.0,103.0,105.0
1062.0,251.0,250.0,249.0,103.0,106.0,103.0
1067.0,249.0,246.0,249.0,108.0,109.0,106.0
1088.0,251.0,262.0,256.0,104.0,108.0,107.0
1048.0,246.0,247.0,246.0,102.0,102.0,105.0
1015.0,236.0,239.0,236.0,99.0,102.0,103.0
1011.0,230.0,231.0,240.0,102.0,104.0,104.0
1053.0,245.0,242.0,245.0,108.0,105.0,108.0
1093.0,259.0,259.0,255.0,110.0,105.0,105.0
1093.0,248.0,262.0,258.0,110.0,107.0,108.0
1078.0,248.0,254.0,253.0,109.0,109.0,105.0
1047.0,247.0,241.0,247.0,104.0,107.0,101.0
1034.0,245.0,244.0,233.0,103.0,107.0,102.0
1037.0,238.0,243.0,241.0,104.0,106.0,105.0
1071.0,253.0,257.0,240.0,107.0,105.0,109.0
1073.0,255.0,246.0,251.0,108.0,105.0,108.0
1100.0,257.0,259.0,249.0,114.0,111.0,110.0
1099.0,258.0,254.0,255.0,111.0,109.0,112.0
1074.0,257.0,257.0,245.0,106.0,105.0,104.0
1050.0,242.0,253.0,239.0,105.0,105.0,106.0
1032.0,246.0,245.0,237.0,97.0,106.0,101.0
1084.0,259.0,239.0,259.0,110.0,109.0,108.0
1125.0,270.0,253.0,265.0,114.0,112.0,111.0
1140.0,263.0,267.0,264.0,117.0,116.0,113.0
1088.0,250.0,255.0,253.0,110.0,110.0,110.0
1075.0,260.0,245.0,249.0,110.0,102.0,109.0
1067.0,260.0,243.0,243.0,103.0,105.0,113.0
1067.0,254.0,246.0,246.0,106.0,106.0,109.0
1124.0,265.0,266.0,264.0,109.0,112.0,108.0
1152.0,273.0,272.0,271.0,112.0,114.0,110.0
1146.0,261.0,273.0,266.0,115.0,119.0,112.0
1112.0,257.0,252.0,262.0,116.0,114.0,111.0
1104.0,261.0,263.0,251.0,112.0,108.0,109.0
1061.0,245.0,251.0,246.0,105.0,105.0,109.0
1096.0,252.0,258.0,261.0,107.0,108.0,110.0
1140.0,264.0,268.0,273.0,113.0,108.0,114.0
1163.0,274.0,267.0,274.0,116.0,115.0,117.0
1138.0,261.0,261.0,270.0,111.0,115.0,120.0
1112.0,254.0,269.0,255.0,111.0,112.0,111.0
1099.0,257.0,265.0,248.0,108.0,109.0,112.0
1086.0,249.0,252.0,261.0,109.0,113.0,102.0
1090.0,258.0,253.0,257.0,111.0,109.0,102.0
1112.0,258.0,257.0,264.0,110.0,110.0,113.0
1169.0,277.0,275.0,274.0,113.0,115.0,115.0
1167.0,270.0,273.0,273.0,117.0,115.0,119.0
1142.0,272.0,258.0,265.0,116.0,116.0,115.0
1110.0,267.0,250.0,260.0,111.0,108.0,114.0
1120.0,263.0,257.0,264.0,111.0,113.0,112.0
1112.0,246.0,261.0,265.0,111.0,114.0,115.0
1137.0,265.0,262.0,267.0,115.0,117.0,111.0
1182.0,284.0,269.0,279.0,113.0,118.0,119.0
1183.0,278.0,278.0,274.0,118.0,117.0,118.0
1169.0,266.0,281.0,273.0,120.0,113.0,116.0
1149.0,275.0,279.0,259.0,114.0,111.0,111.0
1119.0,257.0,258.0,266.0,112.0,112.0,114.0
1111.0,251.0,256.0,264.0,114.0,113.0,113.0
1152.0,274.0,267.0,261.0,114.0,118.0,118.0
1205.0,283.0,277.0,277.0,121.0,125.0,122.0
1195.0,286.0,280.0,275.0,115.0,121.0,118.0
1174.0,269.0,276.0,274.0,117.0,120.0,118.0
1157.0,270.0,269.0,271.0,117.0,115.0,115.0
1134.0,266.0,272.0,260.0,115.0,111.0,110.0
1125.0,256.0,263.0,262.0,116.0,115.0,113.0
1171.0,267.0,284.0,271.0,117.0,117.0,115.0
1197.0,288.0,278.0,271.0,119.0,122.0,119.0
1184.0,280.0,270.0,282.0,114.0,120.0,118.0
1198.0,282.0,281.0,280.0,116.0,119.0,120.0
1149.0,267.0,270.0,269.0,115.0,114.0,114.0
1178.0,279.0,280.0,271.0,116.0,114.0,118.0
1133.0,262.0,258.0,269.0,118.0,113.0,113.0
1189.0,282.0,275.0,270.0,124.0,117.0,121.0
1224.0,288.0,279.0,287.0,124.0,124.0,122.0
1214.0,280.0,286.0,282.0,122.0,124.0,120.0
1213.0,280.0,276.0,294.0,121.0,123.0,119.0
1192.0,284.0,277.0,279.0,119.0,119.0,114.0
1160.0,273.0,264.0,274.0,117.0,118.0,114.0
1168.0,265.0,277.0,271.0,115.0,119.0,121.0
1196.0,273.0,284.0,275.0,121.0,123.0,120.0
1215.0,281.0,282.0,292.0,124.0,117.0,119.0
1225.0,288.0,280.0,289.0,122.0,122.0,124.0
1218.0,286.0,275.0,291.0,121.0,121.0,124.0
1195.0,281.0,272.0,288.0,116.0,119.0,119.0
1149.0,267.0,277.0,259.0,115.0,115.0,116.0
1174.0,276.0,275.0,273.0,119.0,117.0,114.0
1204.0,275.0,276.0,290.0,123.0,123.0,117.0
1250.0,289.0,283.0,301.0,126.0,128.0,123.0
1233.0,288.0,286.0,285.0,127.0,122.0,125.0
1215.0,271.0,290.0,284.0,122.0,121.0,127.0
1202.0,285.0,285.0,277.0,117.0,116.0,122.0
1175.0,274.0,274.0,269.0,118.0,119.0,121.0
1173.0,275.0,270.0,273.0,118.0,117.0,120.0
1234.0,285.0,286.0,293.0,125.0,123.0,122.0
1269.0,298.0,290.0,304.0,129.0,122.0,126.0
1274.0,297.0,297.0,296.0,130.0,128.0,126.0
1249.0,285.0,290.0,293.0,127.0,130.0,124.0
1232.0,295.0,279.0,285.0,125.0,126.0,122.0
1214.0,288.0,285.0,285.0,118.0,118.0,120.0
1215.0,280.0,292.0,281.0,119.0,122.0,121.0
1243.0,292.0,294.0,288.0,126.0,120.0,123.0
1258.0,303.0,281.0,296.0,126.0,124.0,128.0
1277.0,299.0,290.0,304.0,128.0,127.0,129.0
1252.0,291.0,296.0,290.0,127.0,123.0,125.0
1243.0,287.0,299.0,283.0,125.0,126.0,123.0
1216.0,286.0,283.0,280.0,119.0,124.0,124.0
1227.0,278.0,290.0,293.0,119.0,125.0,122.0
1249.0,285.0,291.0,297.0,125.0,123.0,128.0
1271.0,304.0,297.0,295.0,125.0,126.0,124.0
1284.0,297.0,302.0,301.0,132.0,124.0,128.0
1264.0,290.0,295.0,291.0,131.0,126.0,131.0
1248.0,293.0,282.0,291.0,127.0,127.0,128.0
1224.0,288.0,281.0,287.0,121.0,126.0,121.0
1240.0,285.0,297.0,285.0,122.0,127.0,124.0
1283.0,302.0,302.0,294.0,128.0,130.0,127.0
1308.0,309.0,310.0,296.0,133.0,133.0,127.0
1284.0,305.0,295.0,299.0,127.0,130.0,128.0
1271.0,299.0,290.0,300.0,128.0,127.0,127.0
1262.0,300.0,292.0,301.0,124.0,121.0,124.0
1246.0,281.0,290.0,300.0,125.0,127.0,123.0
1268.0,293.0,300.0,301.0,124.0,122.0,128.0
1271.0,298.0,291.0,294.0,127.0,132.0,129.0
1316.0,311.0,308.0,305.0,129.0,134.0,129.0
1342.0,310.0,316.0,314.0,133.0,138.0,131.0
1301.0,303.0,306.0,296.0,133.0,133.0,130.0
1280.0,300.0,298.0,297.0,131.0,128.0,126.0
1252.0,292.0,290.0,296.0,126.0,123.0,125.0
1249.0,279.0,293.0,305.0,126.0,122.0,124.0
1295.0,303.0,307.0,302.0,126.0,127.0,130.0
1311.0,308.0,312.0,293.0,133.0,134.0,131.0
1332.0,314.0,311.0,307.0,131.0,136.0,133.0
1339.0,304.0,313.0,319.0,133.0,134.0,136.0
1315.0,307.0,301.0,311.0,132.0,131.0,133.0
1276.0,294.0,298.0,300.0,128.0,130.0,126.0
1268.0,290.0,295.0,297.0,129.0,126.0,131.0
1304.0,305.0,302.0,306.0,132.0,128.0,131.0
1319.0,309.0,308.0,304.0,132.0,132.0,134.0
1364.0,317.0,326.0,319.0,131.0,137.0,134.0
1322.0,306.0,310.0,309.0,133.0,133.0,131.0
1294.0,301.0,296.0,305.0,131.0,133.0,128.0
1242.0,286.0,290.0,283.0,131.0,127.0,125.0
1293.0,300.0,297.0,301.0,130.0,133.0,132.0
1330.0,310.0,309.0,310.0,133.0,135.0,133.0
1380.0,318.0,331.0,323.0,136.0,136.0,136.0
1380.0,318.0,310.0,339.0,138.0,136.0,139.0
1344.0,317.0,304.0,317.0,136.0,136.0,134.0
1292.0,308.0,298.0,300.0,132.0,126.0,128.0
1293.0,304.0,305.0,299.0,131.0,128.0,126.0
1314.0,297.0,316.0,310.0,133.0,129.0,129.0
1363.0,322.0,316.0,318.0,138.0,135.0,134.0
1389.0,329.0,319.0,325.0,138.0,141.0,137.0
1358.0,322.0,313.0,313.0,136.0,137.0,137.0
1350.0,312.0,310.0,320.0,133.0,136.0,139.0
1332.0,318.0,315.0,303.0,132.0,129.0,135.0
1302.0,310.0,302.0,295.0,130.0,131.0,134.0
1303.0,306.0,293.0,307.0,134.0,131.0,132.0
1359.0,315.0,309.0,324.0,137.0,137.0,137.0
1381.0,321.0,323.0,325.0,138.0,137.0,137.0
1412.0,329.0,331.0,326.0,142.0,143.0,141.0
1356.0,308.0,321.0,313.0,135.0,140.0,139.0
1341.0,317.0,310.0,312.0,135.0,135.0,132.0
1315.0,309.0,313.0,299.0,131.0,132.0,131.0
1342.0,305.0,318.0,310.0,134.0,137.0,138.0
1378.0,321.0,323.0,319.0,141.0,136.0,138.0
1422.0,332.0,335.0,333.0,141.0,138.0,143.0
1396.0,322.0,327.0,331.0,141.0,135.0,140.0
1367.0,322.0,317.0,316.0,134.0,139.0,139.0
1359.0,318.0,322.0,309.0,133.0,139.0,138.0
1343.0,321.0,313.0,311.0,132.0,134.0,132.0
1343.0,310.0,312.0,319.0,130.0,140.0,132.0
1393.0,319.0,324.0,329.0,140.0,144.0,137.0
1405.0,324.0,328.0,330.0,146.0,141.0,136.0
1410.0,325.0,335.0,323.0,145.0,139.0,143.0
1396.0,329.0,326.0,318.0,141.0,138.0,144.0
1376.0,325.0,321.0,316.0,141.0,133.0,140.0
1351.0,316.0,311.0,319.0,133.0,135.0,137.0
1384.0,322.0,321.0,325.0,138.0,137.0,141.0
1406.0,321.0,334.0,335.0,138.0,139.0,139.0
1427.0,334.0,339.0,329.0,147.0,140.0,138.0
1418.0,328.0,336.0,330.0,143.0,142.0,139.0
1407.0,328.0,324.0,332.0,145.0,139.0,139.0
1398.0,326.0,331.0,322.0,141.0,139.0,139.0
1357.0,317.0,315.0,320.0,134.0,134.0,137.0
1373.0,309.0,329.0,326.0,133.0,137.0,139.0
1398.0,332.0,321.0,327.0,139.0,137.0,142.0
1414.0,343.0,322.0,317.0,146.0,145.0,141.0
1430.0,332.0,335.0,326.0,144.0,147.0,146.0
1433.0,331.0,337.0,334.0,145.0,145.0,141.0
1419.0,327.0,336.0,333.0,141.0,142.0,140.0
1350.0,317.0,311.0,317.0,135.0,135.0,135.0
1390.0,328.0,317.0,331.0,138.0,139.0,137.0
1412.0,332.0,332.0,326.0,142.0,141.0,139.0
1470.0,356.0,347.0,343.0,142.0,142.0,140.0
1440.0,333.0,336.0,336.0,144.0,144.0,147.0
1451.0,338.0,336.0,336.0,147.0,146.0,148.0
1416.0,334.0,322.0,334.0,139.0,144.0,143.0
1406.0,329.0,326.0,328.0,142.0,140.0,141.0
1386.0,321.0,330.0,316.0,139.0,140.0,140.0
1433.0,335.0,327.0,346.0,139.0,144.0,142.0
1439.0,340.0,338.0,329.0,144.0,143.0,145.0
1458.0,352.0,335.0,343.0,142.0,144.0,142.0
1453.0,334.0,336.0,352.0,146.0,140.0,145.0
1443.0,328.0,346.0,338.0,147.0,140.0,144.0
1392.0,325.0,329.0,321.0,141.0,141.0,135.0
1392.0,328.0,323.0,315.0,142.0,141.0,143.0
1428.0,335.0,331.0,333.0,143.0,144.0,142.0
1496.0,355.0,348.0,352.0,143.0,149.0,149.0
1497.0,351.0,356.0,347.0,144.0,150.0,149.0
1474.0,340.0,345.0,351.0,144.0,146.0,148.0
1436.0,336.0,333.0,341.0,145.0,139.0,142.0
1409.0,330.0,325.0,332.0,144.0,136.0,142.0
1415.0,324.0,334.0,333.0,142.0,141.0,141.0
1469.0,335.0,351.0,342.0,145.0,149.0,147.0
1501.0,356.0,346.0,353.0,147.0,150.0,149.0
1516.0,358.0,351.0,353.0,148.0,154.0,152.0
1484.0,338.0,344.0,351.0,148.0,154.0,149.0
1461.0,338.0,349.0,336.0,145.0,144.0,149.0
1429.0,330.0,338.0,325.0,148.0,142.0,146.0
1421.0,326.0,330.0,335.0,145.0,142.0,143.0
1447.0,332.0,336.0,339.0,147.0,146.0,147.0
1518.0,355.0,355.0,359.0,152.0,149.0,148.0
1508.0,356.0,355.0,351.0,147.0,148.0,151.0
1511.0,347.0,360.0,349.0,149.0,156.0,150.0
1468.0,352.0,340.0,335.0,144.0,149.0,148.0
1441.0,339.0,327.0,341.0,146.0,144.0,144.0
1456.0,342.0,338.0,341.0,146.0,145.0,144.0
1494.0,348.0,347.0,352.0,149.0,150.0,148.0
1523.0,358.0,355.0,356.0,152.0,150.0,152.0
1537.0,365.0,358.0,357.0,154.0,150.0,153.0
1494.0,347.0,349.0,352.0,145.0,151.0,150.0
1467.0,344.0,343.0,342.0,144.0,144.0,150.0
1473.0,346.0,347.0,339.0,144.0,148.0,149.0
1468.0,339.0,341.0,345.0,150.0,147.0,146.0
1504.0,356.0,342.0,357.0,151.0,151.0,147.0
1519.0,357.0,355.0,350.0,153.0,151.0,153.0
1555.0,363.0,367.0,357.0,157.0,154.0,157.0
1516.0,355.0,361.0,351.0,149.0,148.0,152.0
1484.0,347.0,344.0,345.0,149.0,149.0,150.0
1489.0,348.0,341.0,355.0,146.0,145.0,154.0
1475.0,337.0,341.0,349.0,149.0,151.0,148.0
1535.0,366.0,355.0,354.0,155.0,154.0,151.0
1538.0,361.0,358.0,356.0,157.0,152.0,154.0
1545.0,358.0,366.0,357.0,157.0,155.0,152.0
1516.0,350.0,354.0,349.0,149.0,158.0,156.0
1505.0,353.0,341.0,362.0,149.0,150.0,150.0
1490.0,351.0,341.0,357.0,147.0,146.0,148.0
1494.0,348.0,347.0,351.0,150.0,148.0,150.0
1525.0,355.0,356.0,353.0,156.0,151.0,154.0
1552.0,369.0,362.0,355.0,154.0,153.0,159.0
1560.0,357.0,365.0,362.0,157.0,158.0,161.0
1545.0,355.0,357.0,359.0,156.0,162.0,156.0
1547.0,371.0,362.0,357.0,154.0,153.0,150.0
1534.0,361.0,359.0,363.0,148.0,151.0,152.0
1493.0,347.0,347.0,353.0,150.0,148.0,148.0
1522.0,355.0,354.0,357.0,151.0,152.0,153.0
1595.0,369.0,380.0,370.0,159.0,157.0,160.0
1577.0,366.0,372.0,366.0,160.0,156.0,157.0
1565.0,361.0,367.0,368.0,158.0,155.0,156.0
1544.0,360.0,353.0,362.0,153.0,157.0,159.0
1516.0,348.0,348.0,362.0,151.0,152.0,155.0
1521.0,359.0,353.0,347.0,150.0,157.0,155.0
1549.0,363.0,364.0,356.0,156.0,155.0,155.0
1593.0,376.0,367.0,371.0,162.0,158.0,159.0
1587.0,371.0,365.0,369.0,164.0,158.0,160.0
1587.0,365.0,371.0,377.0,161.0,156.0,157.0
1554.0,354.0,365.0,373.0,156.0,153.0,153.0
1536.0,358.0,369.0,358.0,149.0,148.0,154.0
1531.0,351.0,359.0,361.0,152.0,152.0,156.0
1572.0,364.0,367.0,366.0,153.0,164.0,158.0
1603.0,376.0,375.0,369.0,157.0,162.0,164.0
1643.0,382.0,377.0,387.0,168.0,165.0,164.0
1588.0,366.0,368.0,372.0,162.0,159.0,161.0
1544.0,361.0,355.0,363.0,157.0,154.0,154.0
1546.0,366.0,355.0,361.0,155.0,157.0,152.0
1546.0,362.0,367.0,357.0,153.0,155.0,152.0
1579.0,365.0,370.0,366.0,158.0,160.0,160.0
1618.0,383.0,380.0,374.0,160.0,162.0,159.0
1620.0,374.0,376.0,378.0,159.0,166.0,167.0
1616.0,373.0,383.0,370.0,163.0,165.0,162.0
1593.0,369.0,368.0,370.0,163.0,161.0,162.0
1570.0,371.0,367.0,364.0,159.0,153.0,156.0
1560.0,367.0,369.0,352.0,157.0,158.0,157.0
1609.0,378.0,373.0,380.0,160.0,157.0,161.0
1610.0,387.0,365.0,377.0,162.0,159.0,160.0
1624.0,363.0,383.0,390.0,164.0,164.0,160.0
1624.0,376.0,380.0,377.0,162.0,167.0,162.0
1599.0,376.0,374.0,371.0,162.0,160.0,156.0
1571.0,370.0,361.0,368.0,158.0,156.0,158.0
1596.0,364.0,371.0,375.0,162.0,162.0,162.0
1617.0,376.0,381.0,380.0,159.0,161.0,160.0
1673.0,392.0,393.0,393.0,165.0,163.0,167.0
1660.0,384.0,393.0,389.0,168.0,160.0,166.0
1627.0,378.0,376.0,382.0,162.0,162.0,167.0
1629.0,387.0,370.0,382.0,165.0,164.0,161.0
1576.0,367.0,369.0,365.0,157.0,162.0,156.0
1633.0,377.0,384.0,382.0,164.0,167.0,159.0
1638.0,381.0,386.0,381.0,164.0,164.0,162.0
1659.0,389.0,388.0,384.0,166.0,165.0,167.0
1678.0,389.0,390.0,389.0,168.0,171.0,171.0
1649.0,377.0,388.0,386.0,166.0,163.0,169.0
1633.0,386.0,388.0,373.0,162.0,159.0,165.0
1617.0,378.0,372.0,376.0,162.0,163.0,166.0
1601.0,369.0,370.0,375.0,165.0,160.0,162.0
1633.0,380.0,383.0,379.0,164.0,163.0,164.0
1689.0,397.0,400.0,389.0,168.0,172.0,163.0
1693.0,395.0,400.0,391.0,167.0,170.0,170.0
1641.0,380.0,384.0,390.0,160.0,167.0,160.0
1623.0,386.0,374.0,378.0,162.0,163.0,160.0
1597.0,374.0,371.0,375.0,156.0,159.0,162.0
1611.0,375.0,370.0,379.0,165.0,160.0,162.0
1661.0,382.0,391.0,387.0,167.0,165.0,169.0
1695.0,401.0,397.0,386.0,171.0,170.0,170.0
1667.0,386.0,386.0,388.0,168.0,169.0,170.0
1672.0,389.0,389.0,390.0,166.0,172.0,166.0
1672.0,389.0,390.0,392.0,164.0,171.0,166.0
1639.0,385.0,380.0,387.0,163.0,162.0,162.0
1622.0,375.0,386.0,380.0,162.0,161.0,158.0
1672.0,394.0,388.0,386.0,170.0,168.0,166.0
1707.0,399.0,393.0,399.0,176.0,169.0,171.0
1721.0,400.0,410.0,398.0,174.0,167.0,172.0
1680.0,383.0,398.0,394.0,168.0,166.0,171.0
1673.0,386.0,383.0,400.0,165.0,169.0,170.0
1666.0,389.0,384.0,394.0,163.0,170.0,166.0
1654.0,388.0,389.0,382.0,163.0,168.0,164.0
1689.0,397.0,401.0,387.0,168.0,170.0,166.0
1725.0,405.0,392.0,407.0,175.0,173.0,173.0
1720.0,393.0,399.0,411.0,178.0,171.0,168.0
1711.0,396.0,395.0,406.0,175.0,170.0,169.0
1685.0,398.0,393.0,394.0,168.0,164.0,168.0
1670.0,395.0,392.0,390.0,164.0,162.0,167.0
1661.0,388.0,393.0,381.0,164.0,166.0,169.0
1684.0,388.0,391.0,398.0,162.0,170.0,175.0
1734.0,416.0,391.0,402.0,172.0,177.0,176.0
1739.0,400.0,407.0,407.0,177.0,174.0,174.0
1734.0,396.0,407.0,408.0,177.0,173.0,173.0
1695.0,403.0,396.0,394.0,166.0,170.0,166.0
1663.0,393.0,393.0,375.0,168.0,166.0,168.0
1679.0,389.0,395.0,393.0,167.0,167.0,168.0
1686.0,396.0,397.0,394.0,168.0,166.0,165.0
1762.0,417.0,409.0,408.0,173.0,178.0,177.0
1751.0,412.0,407.0,411.0,173.0,174.0,174.0
1714.0,396.0,396.0,398.0,172.0,176.0,176.0
1701.0,408.0,389.0,391.0,170.0,171.0,172.0
1703.0,403.0,405.0,388.0,168.0,167.0,172.0
1692.0,388.0,398.0,398.0,169.0,168.0,171.0
1730.0,401.0,406.0,406.0,173.0,170.0,174.0
1763.0,410.0,407.0,420.0,174.0,175.0,177.0
1760.0,410.0,411.0,412.0,178.0,175.0,174.0
1741.0,401.0,414.0,400.0,177.0,176.0,173.0
1746.0,404.0,407.0,410.0,178.0,175.0,172.0
1707.0,403.0,402.0,392.0,170.0,171.0,169.0
1706.0,395.0,408.0,392.0,168.0,173.0,170.0
1725.0,405.0,392.0,403.0,175.0,173.0,177.0
1794.0,424.0,417.0,418.0,177.0,179.0,179.0
1793.0,421.0,421.0,419.0,176.0,178.0,178.0
1758.0,407.0,416.0,404.0,175.0,178.0,178.0
1721.0,403.0,398.0,405.0,173.0,173.0,169.0
1727.0,408.0,396.0,409.0,174.0,174.0,166.0
1750.0,399.0,417.0,422.0,172.0,172.0,168.0
1766.0,410.0,411.0,421.0,176.0,179.0,169.0
1799.0,428.0,418.0,422.0,175.0,180.0,176.0
1776.0,411.0,412.0,416.0,176.0,179.0,182.0
1771.0,403.0,414.0,419.0,178.0,178.0,179.0
1756.0,409.0,415.0,407.0,176.0,174.0,175.0
1751.0,408.0,411.0,410.0,175.0,173.0,174.0
1745.0,397.0,411.0,414.0,177.0,174.0,172.0
1763.0,413.0,410.0,407.0,176.0,178.0,179.0
1788.0,419.0,422.0,413.0,174.0,178.0,182.0
1787.0,416.0,418.0,416.0,180.0,180.0,177.0
1775.0,408.0,425.0,411.0,177.0,177.0,177.0
1773.0,416.0,411.0,416.0,176.0,177.0,177.0
1759.0,412.0,404.0,419.0,174.0,175.0,175.0
1746.0,400.0,406.0,413.0,175.0,176.0,176.0
1776.0,414.0,417.0,413.0,178.0,175.0,179.0
1815.0,426.0,417.0,423.0,184.0,179.0,186.0
1817.0,426.0,421.0,418.0,183.0,184.0,185.0
1794.0,417.0,414.0,423.0,181.0,183.0,176.0
1781.0,427.0,412.0,412.0,177.0,178.0,175.0
1759.0,404.0,413.0,416.0,175.0,177.0,174.0
1764.0,410.0,414.0,408.0,179.0,178.0,175.0
1787.0,420.0,418.0,416.0,179.0,176.0,178.0
1831.0,431.0,421.0,425.0,186.0,183.0,185.0
1852.0,432.0,434.0,437.0,181.0,183.0,185.0
1794.0,411.0,426.0,420.0,176.0,177.0,184.0
1793.0,428.0,416.0,418.0,174.0,177.0,180.0
1761.0,409.0,404.0,418.0,172.0,176.0,182.0
1775.0,413.0,415.0,413.0,176.0,182.0,176.0
1813.0,419.0,423.0,416.0,187.0,184.0,184.0
1846.0,440.0,429.0,431.0,183.0,180.0,183.0
1865.0,428.0,440.0,441.0,186.0,188.0,182.0
1820.0,425.0,421.0,430.0,185.0,180.0,179.0
1798.0,422.0,410.0,426.0,178.0,177.0,185.0
1786.0,424.0,419.0,409.0,178.0,178.0,178.0
1778.0,412.0,416.0,411.0,180.0,179.0,180.0
1816.0,410.0,422.0,431.0,184.0,186.0,183.0
1857.0,435.0,422.0,436.0,187.0,187.0,190.0
1858.0,435.0,423.0,435.0,190.0,187.0,188.0
1860.0,427.0,434.0,440.0,185.0,187.0,187.0
1814.0,429.0,425.0,423.0,178.0,180.0,179.0
1802.0,425.0,425.0,419.0,176.0,180.0,177.0
1798.0,418.0,427.0,417.0,181.0,179.0,176.0
1817.0,421.0,426.0,428.0,181.0,180.0,181.0
1901.0,451.0,444.0,439.0,192.0,188.0,187.0
1891.0,442.0,438.0,445.0,191.0,184.0,191.0
1885.0,434.0,437.0,440.0,190.0,195.0,189.0
1833.0,439.0,422.0,425.0,177.0,185.0,185.0
1813.0,424.0,425.0,414.0,181.0,182.0,187.0
1816.0,415.0,430.0,427.0,183.0,181.0,180.0
1867.0,433.0,437.0,438.0,186.0,186.0,187.0
1895.0,450.0,439.0,444.0,191.0,186.0,185.0
1885.0,436.0,434.0,448.0,190.0,190.0,187.0
1866.0,442.0,428.0,433.0,189.0,186.0,188.0
1852.0,432.0,431.0,431.0,182.0,188.0,188.0
1824.0,431.0,428.0,419.0,182.0,183.0,181.0
1850.0,428.0,430.0,430.0,186.0,191.0,185.0
1878.0,438.0,433.0,442.0,187.0,189.0,189.0
1903.0,453.0,443.0,443.0,189.0,188.0,187.0
1910.0,435.0,456.0,445.0,189.0,189.0,196.0
1899.0,444.0,446.0,441.0,191.0,186.0,191.0
1856.0,439.0,433.0,428.0,183.0,184.0,189.0
1833.0,427.0,422.0,439.0,181.0,183.0,181.0
1849.0,432.0,423.0,437.0,186.0,187.0,184.0
1867.0,441.0,442.0,432.0,182.0,186.0,184.0
1912.0,453.0,449.0,439.0,189.0,192.0,190.0
1923.0,455.0,447.0,439.0,196.0,195.0,191.0
1896.0,447.0,436.0,442.0,193.0,190.0,188.0
1881.0,447.0,433.0,433.0,194.0,186.0,188.0
1839.0,429.0,428.0,431.0,184.0,184.0,183.0
1862.0,430.0,437.0,442.0,183.0,186.0,184.0
1910.0,445.0,453.0,447.0,186.0,191.0,188.0
1908.0,451.0,445.0,441.0,189.0,193.0,189.0
1936.0,451.0,461.0,443.0,193.0,194.0,194.0
1914.0,445.0,448.0,450.0,192.0,191.0,188.0
1905.0,449.0,444.0,442.0,191.0,190.0,189.0
1862.0,435.0,435.0,430.0,188.0,189.0,185.0
1891.0,433.0,441.0,449.0,191.0,187.0,190.0
1903.0,443.0,439.0,444.0,192.0,190.0,195.0
1936.0,452.0,454.0,448.0,195.0,193.0,194.0
1946.0,457.0,460.0,446.0,193.0,193.0,197.0
1938.0,447.0,455.0,450.0,196.0,194.0,196.0
1893.0,448.0,434.0,446.0,187.0,190.0,188.0
1879.0,434.0,436.0,441.0,191.0,189.0,188.0
1878.0,427.0,438.0,446.0,191.0,189.0,187.0
1921.0,445.0,450.0,451.0,193.0,191.0,191.0
1942.0,466.0,448.0,444.0,193.0,195.0,196.0
1945.0,458.0,460.0,451.0,194.0,192.0,190.0
1948.0,452.0,462.0,457.0,194.0,189.0,194.0
1922.0,446.0,452.0,449.0,191.0,192.0,192.0
1913.0,444.0,449.0,449.0,194.0,188.0,189.0
1915.0,441.0,446.0,452.0,192.0,193.0,191.0
1925.0,451.0,450.0,443.0,195.0,193.0,193.0
1949.0,449.0,462.0,454.0,193.0,197.0,194.0
1972.0,455.0,468.0,457.0,196.0,200.0,196.0
1967.0,456.0,460.0,464.0,197.0,194.0,196.0
1922.0,458.0,440.0,454.0,192.0,188.0,190.0
1912.0,448.0,442.0,452.0,192.0,188.0,190.0
1923.0,448.0,449.0,445.0,194.0,192.0,195.0
1985.0,458.0,470.0,458.0,199.0,198.0,202.0
1987.0,467.0,460.0,463.0,198.0,198.0,201.0
1968.0,444.0,459.0,469.0,198.0,199.0,199.0
1973.0,458.0,463.0,463.0,194.0,198.0,197.0
1958.0,461.0,456.0,457.0,192.0,195.0,197.0
1942.0,458.0,456.0,450.0,192.0,191.0,195.0
1918.0,446.0,447.0,446.0,194.0,191.0,194.0
1952.0,461.0,454.0,451.0,196.0,195.0,195.0
1996.0,466.0,462.0,471.0,202.0,197.0,198.0
2034.0,464.0,482.0,480.0,203.0,202.0,203.0
1977.0,456.0,467.0,460.0,197.0,199.0,198.0
1949.0,459.0,449.0,452.0,195.0,197.0,197.0
1941.0,461.0,442.0,453.0,192.0,198.0,195.0
1947.0,449.0,462.0,451.0,193.0,196.0,196.0
2003.0,461.0,471.0,470.0,202.0,200.0,199.0
2020.0,472.0,468.0,477.0,205.0,198.0,200.0
2020.0,469.0,472.0,477.0,205.0,197.0,200.0
1973.0,460.0,459.0,462.0,202.0,193.0,197.0
1983.0,469.0,461.0,465.0,194.0,196.0,198.0
1946.0,449.0,457.0,454.0,194.0,196.0,196.0
1968.0,453.0,462.0,463.0,193.0,199.0,198.0
1989.0,469.0,457.0,468.0,197.0,202.0,196.0
2032.0,469.0,468.0,481.0,207.0,202.0,205.0
2044.0,473.0,478.0,481.0,203.0,202.0,207.0
2019.0,472.0,473.0,467.0,203.0,201.0,203.0
1999.0,469.0,468.0,469.0,197.0,198.0,198.0
1942.0,453.0,452.0,458.0,193.0,191.0,195.0
1958.0,453.0,456.0,465.0,194.0,192.0,198.0
2034.0,479.0,475.0,471.0,205.0,203.0,201.0
2062.0,482.0,484.0,484.0,202.0,208.0,202.0
2045.0,475.0,479.0,470.0,206.0,209.0,206.0
2029.0,472.0,468.0,480.0,203.0,204.0,202.0
1991.0,472.0,456.0,463.0,197.0,200.0,203.0
2009.0,465.0,467.0,477.0,203.0,195.0,202.0
2000.0,460.0,465.0,475.0,197.0,203.0,200.0
2011.0,470.0,474.0,466.0,200.0,199.0,202.0
2037.0,481.0,467.0,475.0,203.0,204.0,207.0
2055.0,479.0,479.0,481.0,205.0,208.0,203.0
2061.0,480.0,479.0,481.0,209.0,210.0,202.0
2030.0,470.0,474.0,478.0,202.0,204.0,202.0
2014.0,476.0,466.0,469.0,199.0,200.0,204.0
2011.0,472.0,467.0,466.0,201.0,203.0,202.0
2016.0,466.0,472.0,473.0,200.0,199.0,206.0
2059.0,485.0,477.0,472.0,205.0,208.0,212.0
2072.0,485.0,495.0,473.0,207.0,204.0,208.0
2042.0,472.0,475.0,476.0,208.0,208.0,203.0
2025.0,471.0,466.0,478.0,203.0,206.0,201.0
2020.0,471.0,470.0,472.0,203.0,205.0,199.0
2009.0,470.0,474.0,467.0,198.0,203.0,197.0
2037.0,477.0,479.0,474.0,202.0,206.0,199.0
2071.0,497.0,480.0,480.0,203.0,205.0,206.0
2078.0,485.0,479.0,491.0,207.0,207.0,209.0
2074.0,480.0,489.0,486.0,206.0,207.0,206.0
2058.0,486.0,473.0,485.0,207.0,201.0,206.0
2049.0,478.0,482.0,478.0,203.0,202.0,206.0
2021.0,471.0,467.0,468.0,209.0,204.0,202.0
2043.0,480.0,474.0,473.0,205.0,206.0,205.0
2104.0,503.0,490.0,488.0,208.0,205.0,210.0
2102.0,491.0,489.0,491.0,210.0,214.0,207.0
2090.0,483.0,491.0,492.0,210.0,209.0,205.0
2032.0,474.0,474.0,473.0,206.0,202.0,203.0
2022.0,478.0,465.0,469.0,205.0,202.0,203.0
2045.0,469.0,485.0,470.0,210.0,204.0,207.0
2069.0,477.0,488.0,482.0,206.0,208.0,208.0
2125.0,495.0,503.0,493.0,207.0,213.0,214.0
2106.0,492.0,481.0,496.0,210.0,216.0,211.0
2117.0,493.0,491.0,496.0,210.0,212.0,215.0
2072.0,488.0,482.0,484.0,206.0,207.0,205.0
2044.0,484.0,482.0,468.0,207.0,204.0,199.0
2056.0,472.0,491.0,479.0,208.0,202.0,204.0
2091.0,488.0,490.0,491.0,208.0,208.0,206.0
2134.0,500.0,496.0,504.0,212.0,210.0,212.0
2139.0,500.0,502.0,501.0,213.0,210.0,213.0
2113.0,489.0,496.0,494.0,210.0,213.0,211.0
2093.0,493.0,486.0,487.0,205.0,212.0,210.0
2067.0,484.0,478.0,475.0,208.0,211.0,211.0
2070.0,483.0,476.0,481.0,210.0,211.0,209.0
2107.0,492.0,495.0,488.0,211.0,212.0,209.0
2146.0,497.0,506.0,505.0,212.0,213.0,213.0
2150.0,499.0,504.0,507.0,215.0,214.0,211.0
2109.0,492.0,491.0,497.0,210.0,210.0,209.0
2085.0,486.0,484.0,487.0,211.0,210.0,207.0
2067.0,490.0,483.0,474.0,203.0,208.0,209.0
2093.0,481.0,491.0,494.0,211.0,208.0,208.0
2139.0,492.0,499.0,506.0,216.0,214.0,212.0
2165.0,506.0,502.0,506.0,217.0,215.0,219.0
2157.0,505.0,495.0,502.0,217.0,218.0,220.0
2147.0,505.0,504.0,497.0,212.0,214.0,215.0
2097.0,493.0,495.0,483.0,209.0,207.0,210.0
2102.0,494.0,492.0,491.0,209.0,207.0,209.0
2104.0,493.0,482.0,496.0,212.0,211.0,210.0
2142.0,500.0,496.0,503.0,218.0,215.0,210.0
2162.0,511.0,502.0,503.0,215.0,215.0,216.0
2170.0,502.0,513.0,499.0,220.0,218.0,218.0
2148.0,503.0,505.0,493.0,213.0,219.0,215.0
2121.0,498.0,494.0,493.0,207.0,215.0,214.0
2128.0,501.0,498.0,499.0,208.0,209.0,213.0
2107.0,484.0,498.0,495.0,208.0,208.0,214.0
2142.0,499.0,509.0,492.0,217.0,210.0,215.0
2197.0,519.0,513.0,506.0,224.0,219.0,216.0
2173.0,508.0,502.0,506.0,221.0,220.0,216.0
2180.0,504.0,505.0,513.0,221.0,218.0,219.0
2147.0,502.0,501.0,503.0,214.0,215.0,212.0
2128.0,494.0,498.0,502.0,211.0,211.0,212.0
2135.0,497.0,501.0,498.0,212.0,216.0,211.0
2154.0,498.0,499.0,503.0,219.0,217.0,218.0
2171.0,513.0,502.0,502.0,217.0,216.0,221.0
2217.0,517.0,513.0,517.0,224.0,222.0,224.0
2199.0,506.0,526.0,515.0,218.0,213.0,221.0
2166.0,503.0,501.0,522.0,214.0,215.0,211.0
2157.0,502.0,504.0,505.0,216.0,217.0,213.0
2158.0,500.0,504.0,517.0,211.0,214.0,212.0
2179.0,503.0,520.0,501.0,218.0,221.0,216.0
2212.0,522.0,517.0,511.0,220.0,222.0,220.0
2188.0,507.0,503.0,513.0,224.0,219.0,222.0
2207.0,511.0,507.0,524.0,226.0,220.0,219.0
2202.0,514.0,508.0,517.0,223.0,219.0,221.0
2155.0,500.0,505.0,503.0,217.0,213.0,217.0
2150.0,501.0,508.0,495.0,215.0,215.0,216.0
2165.0,508.0,503.0,501.0,218.0,216.0,219.0
2214.0,516.0,521.0,517.0,221.0,221.0,218.0
2212.0,514.0,520.0,513.0,222.0,222.0,221.0
2182.0,501.0,518.0,509.0,221.0,220.0,213.0
2192.0,512.0,504.0,512.0,224.0,220.0,220.0
2151.0,499.0,504.0,507.0,214.0,213.0,214.0
2141.0,495.0,494.0,503.0,216.0,215.0,218.0
2191.0,512.0,514.0,509.0,217.0,219.0,220.0
2256.0,538.0,526.0,526.0,220.0,223.0,223.0
2252.0,525.0,522.0,531.0,224.0,223.0,227.0
2233.0,521.0,514.0,526.0,223.0,227.0,222.0
2194.0,518.0,511.0,507.0,220.0,221.0,217.0
2178.0,515.0,507.0,500.0,221.0,220.0,215.0
2167.0,498.0,516.0,501.0,219.0,219.0,214.0
2221.0,517.0,518.0,520.0,224.0,224.0,218.0
2238.0,528.0,520.0,523.0,223.0,220.0,224.0
2240.0,524.0,519.0,531.0,222.0,221.0,223.0
2246.0,520.0,530.0,523.0,224.0,222.0,227.0
2200.0,516.0,518.0,508.0,217.0,219.0,222.0
2171.0,509.0,503.0,505.0,217.0,216.0,221.0
2203.0,507.0,512.0,510.0,221.0,226.0,227.0
2233.0,511.0,523.0,527.0,223.0,226.0,223.0
2269.0,529.0,529.0,535.0,222.0,227.0,227.0
2271.0,529.0,532.0,534.0,227.0,226.0,223.0
2254.0,529.0,523.0,525.0,227.0,225.0,225.0
2225.0,529.0,517.0,510.0,227.0,225.0,217.0
2197.0,516.0,507.0,515.0,223.0,218.0,218.0
2219.0,517.0,516.0,519.0,224.0,221.0,222.0
2268.0,528.0,524.0,535.0,227.0,226.0,228.0
2288.0,532.0,534.0,533.0,229.0,229.0,231.0
2271.0,525.0,529.0,532.0,225.0,229.0,231.0
2258.0,527.0,532.0,524.0,223.0,228.0,224.0
2247.0,521.0,528.0,529.0,222.0,223.0,224.0
2207.0,517.0,520.0,511.0,222.0,220.0,217.0
2228.0,519.0,516.0,526.0,227.0,221.0,219.0
2272.0,522.0,524.0,544.0,229.0,227.0,226.0
2292.0,538.0,524.0,542.0,233.0,230.0,225.0
2308.0,541.0,541.0,534.0,228.0,235.0,229.0
2266.0,528.0,529.0,527.0,223.0,231.0,228.0
2263.0,532.0,524.0,530.0,223.0,225.0,229.0
2249.0,528.0,518.0,528.0,223.0,225.0,227.0
2250.0,525.0,523.0,532.0,221.0,223.0,226.0
2284.0,532.0,535.0,532.0,230.0,227.0,228.0
2313.0,547.0,538.0,539.0,233.0,227.0,229.0
2313.0,537.0,547.0,532.0,234.0,228.0,235.0
2280.0,529.0,536.0,526.0,227.0,231.0,231.0
2269.0,533.0,529.0,531.0,224.0,224.0,228.0
2244.0,523.0,523.0,530.0,221.0,224.0,223.0
2242.0,515.0,528.0,524.0,223.0,226.0,226.0
2284.0,530.0,526.0,537.0,229.0,226.0,236.0
2322.0,537.0,543.0,544.0,232.0,231.0,235.0
2324.0,543.0,543.0,540.0,232.0,231.0,235.0
2310.0,530.0,544.0,541.0,233.0,230.0,232.0
2300.0,537.0,544.0,532.0,231.0,228.0,228.0
2255.0,533.0,527.0,526.0,223.0,226.0,220.0
2256.0,524.0,529.0,525.0,227.0,229.0,222.0
2303.0,536.0,539.0,534.0,229.0,233.0,232.0
2342.0,556.0,544.0,538.0,235.0,236.0,233.0
2346.0,547.0,552.0,544.0,239.0,233.0,231.0
2338.0,545.0,540.0,553.0,233.0,233.0,234.0
2279.0,535.0,529.0,536.0,226.0,223.0,230.0
2272.0,535.0,521.0,535.0,224.0,227.0,230.0
2270.0,524.0,531.0,536.0,224.0,227.0,228.0
2291.0,536.0,532.0,533.0,227.0,230.0,233.0
2360.0,555.0,545.0,550.0,239.0,238.0,233.0
2354.0,546.0,547.0,556.0,235.0,237.0,233.0
2344.0,547.0,541.0,549.0,236.0,238.0,233.0
2328.0,554.0,543.0,533.0,232.0,237.0,229.0
2283.0,528.0,530.0,540.0,228.0,229.0,228.0
2283.0,530.0,522.0,543.0,230.0,228.0,230.0
2320.0,548.0,542.0,538.0,229.0,234.0,229.0
2381.0,555.0,562.0,559.0,235.0,234.0,236.0
2383.0,558.0,556.0,548.0,242.0,238.0,241.0
2358.0,540.0,552.0,557.0,236.0,242.0,231.0
2331.0,548.0,539.0,544.0,238.0,231.0,231.0
2283.0,537.0,531.0,526.0,229.0,228.0,232.0
2313.0,537.0,553.0,532.0,226.0,234.0,231.0
2342.0,549.0,546.0,546.0,233.0,235.0,233.0
2374.0,552.0,556.0,562.0,236.0,232.0,236.0
2376.0,551.0,547.0,566.0,239.0,235.0,238.0
2372.0,556.0,546.0,554.0,240.0,238.0,238.0
2355.0,551.0,552.0,548.0,235.0,233.0,236.0
2307.0,540.0,537.0,532.0,232.0,233.0,233.0
2319.0,538.0,541.0,538.0,232.0,235.0,235.0
2357.0,552.0,543.0,555.0,236.0,236.0,235.0
2402.0,557.0,558.0,568.0,239.0,241.0,239.0
2400.0,554.0,561.0,563.0,239.0,243.0,240.0
2400.0,561.0,565.0,556.0,243.0,240.0,235.0
2344.0,553.0,543.0,543.0,234.0,235.0,236.0
2342.0,551.0,540.0,544.0,237.0,232.0,238.0
2337.0,541.0,545.0,542.0,238.0,234.0,237.0
2398.0,560.0,552.0,566.0,240.0,241.0,239.0
2413.0,568.0,558.0,566.0,238.0,242.0,241.0
2416.0,564.0,559.0,565.0,241.0,242.0,245.0
2392.0,559.0,545.0,565.0,239.0,242.0,242.0
2381.0,552.0,562.0,554.0,241.0,238.0,234.0
2349.0,540.0,555.0,555.0,233.0,235.0,231.0
2355.0,540.0,555.0,554.0,238.0,234.0,234.0
2400.0,564.0,562.0,561.0,238.0,237.0,238.0
2398.0,572.0,546.0,564.0,240.0,236.0,240.0
2432.0,565.0,572.0,558.0,244.0,246.0,247.0
2382.0,554.0,556.0,550.0,240.0,238.0,244.0
2400.0,564.0,560.0,554.0,240.0,241.0,241.0
2369.0,554.0,549.0,551.0,240.0,236.0,239.0
2352.0,542.0,540.0,561.0,237.0,236.0,236.0
2397.0,564.0,562.0,554.0,240.0,237.0,240.0
2447.0,576.0,579.0,569.0,241.0,242.0,240.0
2414.0,555.0,572.0,561.0,242.0,244.0,240.0
2406.0,560.0,562.0,561.0,241.0,241.0,241.0
2392.0,560.0,553.0,564.0,238.0,238.0,239.0
2381.0,560.0,550.0,559.0,238.0,238.0,236.0
2395.0,553.0,561.0,564.0,238.0,241.0,238.0
2420.0,562.0,569.0,561.0,243.0,244.0,241.0
2437.0,573.0,567.0,567.0,239.0,246.0,245.0
2446.0,571.0,575.0,564.0,244.0,244.0,248.0
2427.0,564.0,572.0,562.0,243.0,243.0,243.0
2407.0,563.0,562.0,562.0,241.0,238.0,241.0
2388.0,563.0,558.0,557.0,240.0,235.0,235.0
2403.0,554.0,562.0,564.0,243.0,244.0,236.0
2419.0,564.0,560.0,563.0,248.0,241.0,243.0
2458.0,569.0,579.0,573.0,245.0,249.0,243.0
2484.0,578.0,585.0,574.0,250.0,250.0,247.0
2446.0,569.0,567.0,573.0,245.0,246.0,246.0
2441.0,575.0,568.0,571.0,240.0,243.0,244.0
2409.0,565.0,561.0,565.0,238.0,237.0,243.0
2394.0,559.0,558.0,560.0,239.0,236.0,242.0
2454.0,573.0,576.0,572.0,245.0,244.0,244.0
2460.0,581.0,577.0,567.0,246.0,244.0,245.0
2486.0,578.0,577.0,587.0,247.0,251.0,246.0
2472.0,577.0,577.0,579.0,247.0,247.0,245.0
2442.0,571.0,570.0,574.0,238.0,248.0,241.0
2396.0,557.0,560.0,556.0,238.0,240.0,245.0
2420.0,564.0,564.0,562.0,241.0,241.0,248.0
2448.0,580.0,557.0,567.0,248.0,245.0,251.0
2480.0,580.0,579.0,578.0,250.0,245.0,248.0
2503.0,580.0,593.0,582.0,246.0,251.0,251.0
2499.0,573.0,586.0,591.0,252.0,248.0,249.0
2447.0,573.0,568.0,572.0,242.0,246.0,246.0
2413.0,568.0,558.0,563.0,239.0,244.0,241.0
2412.0,558.0,567.0,553.0,243.0,246.0,245.0
2463.0,572.0,587.0,570.0,244.0,246.0,244.0
2503.0,580.0,589.0,589.0,249.0,246.0,250.0
2509.0,582.0,584.0,588.0,254.0,248.0,253.0
2473.0,571.0,574.0,578.0,250.0,250.0,250.0
2462.0,575.0,576.0,573.0,248.0,244.0,246.0
2441.0,564.0,583.0,562.0,242.0,242.0,248.0
2452.0,574.0,571.0,568.0,244.0,249.0,246.0
2462.0,579.0,570.0,575.0,246.0,247.0,245.0
2514.0,584.0,581.0,594.0,248.0,254.0,253.0
2517.0,584.0,588.0,587.0,254.0,253.0,251.0
2512.0,578.0,591.0,588.0,251.0,250.0,254.0
2479.0,578.0,589.0,566.0,254.0,246.0,246.0
2433.0,565.0,570.0,570.0,243.0,241.0,244.0
2449.0,573.0,562.0,578.0,244.0,245.0,247.0
2489.0,580.0,576.0,579.0,250.0,250.0,254.0
2543.0,598.0,595.0,594.0,251.0,253.0,252.0
2532.0,592.0,594.0,587.0,254.0,252.0,253.0
2515.0,591.0,586.0,580.0,256.0,254.0,248.0
2474.0,574.0,572.0,581.0,251.0,249.0,247.0
2482.0,587.0,577.0,579.0,248.0,247.0,244.0
2473.0,580.0,577.0,579.0,248.0,244.0,245.0
2494.0,586.0,580.0,583.0,247.0,249.0,249.0
2552.0,609.0,589.0,596.0,252.0,254.0,252.0
2560.0,598.0,600.0,593.0,259.0,253.0,257.0
2531.0,593.0,588.0,590.0,252.0,254.0,254.0
2524.0,584.0,594.0,588.0,253.0,252.0,253.0
2507.0,589.0,581.0,586.0,251.0,250.0,250.0
2505.0,581.0,577.0,588.0,250.0,253.0,256.0
2514.0,586.0,588.0,584.0,252.0,253.0,251.0
2567.0,611.0,598.0,595.0,254.0,255.0,254.0
2548.0,593.0,601.0,595.0,253.0,252.0,254.0
2517.0,589.0,591.0,577.0,256.0,253.0,251.0
2526.0,593.0,585.0,592.0,255.0,250.0,251.0
2497.0,579.0,577.0,587.0,250.0,253.0,251.0
2508.0,584.0,591.0,577.0,252.0,254.0,250.0
2549.0,597.0,594.0,593.0,254.0,256.0,255.0
2586.0,608.0,607.0,591.0,256.0,259.0,265.0
2559.0,587.0,599.0,599.0,257.0,258.0,259.0
2563.0,598.0,598.0,605.0,254.0,253.0,255.0
2527.0,591.0,594.0,587.0,252.0,250.0,253.0
2508.0,583.0,591.0,585.0,256.0,246.0,247.0
2531.0,589.0,596.0,590.0,254.0,253.0,249.0
2560.0,600.0,596.0,591.0,262.0,256.0,255.0
2593.0,606.0,606.0,595.0,263.0,265.0,258.0
2609.0,615.0,611.0,605.0,258.0,259.0,261.0
2581.0,592.0,612.0,600.0,258.0,260.0,259.0
2562.0,591.0,602.0,601.0,253.0,257.0,258.0
2539.0,589.0,595.0,588.0,257.0,252.0,258.0
2547.0,596.0,592.0,595.0,257.0,252.0,255.0
2567.0,597.0,608.0,593.0,258.0,255.0,256.0
2590.0,608.0,607.0,596.0,260.0,262.0,257.0
2612.0,607.0,611.0,608.0,261.0,264.0,261.0
2586.0,598.0,602.0,612.0,257.0,260.0,257.0
2562.0,598.0,597.0,599.0,254.0,259.0,255.0
2547.0,591.0,599.0,595.0,255.0,253.0,254.0
2558.0,594.0,601.0,593.0,255.0,256.0,259.0
2578.0,608.0,599.0,597.0,256.0,257.0,261.0
2620.0,608.0,605.0,616.0,266.0,259.0,266.0
2626.0,614.0,611.0,615.0,261.0,263.0,262.0
2633.0,609.0,625.0,610.0,259.0,265.0,265.0
2555.0,597.0,597.0,601.0,252.0,254.0,254.0
2558.0,597.0,596.0,599.0,255.0,258.0,253.0
2548.0,590.0,595.0,593.0,257.0,259.0,254.0
2591.0,599.0,611.0,602.0,263.0,260.0,256.0
2639.0,617.0,614.0,618.0,266.0,264.0,260.0
2638.0,609.0,621.0,618.0,265.0,264.0,261.0
2624.0,612.0,616.0,614.0,261.0,260.0,261.0
2580.0,606.0,600.0,602.0,256.0,256.0,260.0
2557.0,603.0,599.0,590.0,254.0,253.0,258.0
2582.0,597.0,610.0,599.0,257.0,259.0,260.0
2606.0,607.0,606.0,613.0,260.0,259.0,261.0
2663.0,622.0,615.0,627.0,268.0,265.0,266.0
2666.0,619.0,624.0,623.0,269.0,268.0,263.0
2616.0,607.0,617.0,607.0,263.0,263.0,259.0
2592.0,614.0,603.0,604.0,260.0,256.0,255.0
2573.0,607.0,599.0,599.0,254.0,258.0,256.0
2571.0,600.0,599.0,599.0,256.0,258.0,259.0
2636.0,619.0,606.0,618.0,263.0,263.0,267.0
2646.0,622.0,614.0,613.0,265.0,265.0,267.0
2676.0,622.0,620.0,624.0,270.0,271.0,269.0
2642.0,612.0,622.0,610.0,265.0,265.0,268.0
2609.0,616.0,607.0,599.0,263.0,261.0,263.0
2587.0,606.0,592.0,612.0,259.0,259.0,259.0
2611.0,610.0,616.0,612.0,255.0,256.0,262.0
2638.0,617.0,620.0,616.0,261.0,261.0,263.0
2669.0,630.0,619.0,619.0,264.0,268.0,269.0
2673.0,620.0,618.0,622.0,274.0,269.0,270.0
2653.0,616.0,622.0,613.0,268.0,268.0,266.0
2623.0,611.0,611.0,614.0,260.0,262.0,265.0
2603.0,607.0,610.0,608.0,256.0,262.0,260.0
2608.0,602.0,603.0,616.0,262.0,264.0,261.0
2634.0,617.0,603.0,621.0,262.0,267.0,264.0
2697.0,632.0,632.0,624.0,269.0,271.0,269.0
2701.0,630.0,630.0,626.0,274.0,268.0,273.0
2652.0,616.0,622.0,613.0,270.0,267.0,264.0
2644.0,621.0,615.0,616.0,265.0,262.0,265.0
2619.0,616.0,609.0,613.0,262.0,258.0,261.0
2635.0,607.0,611.0,622.0,265.0,263.0,267.0
2684.0,624.0,631.0,626.0,267.0,268.0,268.0
2719.0,634.0,641.0,629.0,270.0,272.0,273.0
2709.0,633.0,633.0,627.0,269.0,271.0,276.0
2675.0,622.0,618.0,626.0,267.0,274.0,268.0
2666.0,623.0,624.0,625.0,267.0,264.0,263.0
2656.0,616.0,619.0,628.0,268.0,264.0,261.0
2642.0,614.0,619.0,616.0,266.0,265.0,262.0
2671.0,622.0,627.0,626.0,265.0,267.0,264.0
2728.0,641.0,631.0,640.0,269.0,277.0,270.0
2706.0,632.0,628.0,627.0,272.0,274.0,273.0
2719.0,626.0,643.0,636.0,270.0,273.0,271.0
2697.0,624.0,629.0,632.0,269.0,272.0,271.0
2662.0,625.0,622.0,617.0,268.0,266.0,264.0
2639.0,616.0,613.0,614.0,266.0,263.0,267.0
2679.0,630.0,633.0,617.0,267.0,267.0,265.0
2751.0,654.0,641.0,638.0,275.0,273.0,270.0
2749.0,639.0,643.0,644.0,275.0,273.0,275.0
2716.0,636.0,630.0,636.0,272.0,271.0,271.0
2673.0,626.0,622.0,626.0,267.0,269.0,263.0
2674.0,627.0,618.0,626.0,271.0,268.0,264.0
2692.0,624.0,635.0,624.0,271.0,269.0,269.0
2725.0,636.0,635.0,634.0,272.0,273.0,275.0
2757.0,647.0,633.0,646.0,276.0,275.0,280.0
2748.0,640.0,641.0,642.0,274.0,274.0,277.0
2716.0,633.0,629.0,641.0,270.0,274.0,269.0
2701.0,635.0,636.0,625.0,266.0,270.0,269.0
2682.0,635.0,622.0,620.0,268.0,271.0,266.0
2675.0,619.0,625.0,625.0,267.0,274.0,265.0
2712.0,627.0,634.0,641.0,272.0,269.0,269.0
2757.0,643.0,657.0,631.0,275.0,277.0,274.0
2767.0,645.0,638.0,653.0,274.0,278.0,279.0
2740.0,641.0,639.0,639.0,272.0,272.0,277.0
2713.0,636.0,637.0,629.0,267.0,271.0,273.0
2696.0,637.0,622.0,630.0,269.0,266.0,272.0
2691.0,629.0,631.0,622.0,270.0,270.0,269.0
2732.0,636.0,639.0,637.0,276.0,271.0,273.0
2792.0,652.0,646.0,656.0,283.0,279.0,276.0
2783.0,645.0,653.0,648.0,277.0,278.0,282.0
2744.0,639.0,642.0,636.0,274.0,276.0,277.0
2724.0,639.0,638.0,632.0,271.0,272.0,272.0
2709.0,628.0,644.0,626.0,271.0,269.0,271.0
2704.0,625.0,629.0,635.0,271.0,268.0,276.0
2736.0,637.0,634.0,645.0,272.0,271.0,277.0
2787.0,653.0,647.0,649.0,278.0,277.0,283.0
2796.0,646.0,661.0,650.0,280.0,278.0,281.0
2771.0,647.0,649.0,641.0,277.0,278.0,279.0
2749.0,644.0,635.0,642.0,276.0,276.0,276.0
2718.0,636.0,634.0,635.0,270.0,274.0,269.0
2724.0,636.0,632.0,641.0,271.0,274.0,270.0
2757.0,641.0,642.0,647.0,280.0,274.0,273.0
2825.0,659.0,658.0,662.0,283.0,280.0,283.0
2797.0,655.0,650.0,652.0,282.0,280.0,278.0
2762.0,645.0,636.0,649.0,278.0,274.0,280.0
2757.0,647.0,642.0,640.0,273.0,277.0,278.0
2735.0,637.0,635.0,643.0,272.0,274.0,274.0
2759.0,639.0,643.0,649.0,273.0,277.0,278.0
2766.0,647.0,638.0,649.0,277.0,276.0,279.0
2812.0,659.0,651.0,659.0,281.0,281.0,281.0
2822.0,655.0,666.0,655.0,288.0,280.0,278.0
2792.0,645.0,655.0,656.0,278.0,279.0,279.0
2782.0,648.0,651.0,652.0,277.0,277.0,277.0
2742.0,636.0,644.0,642.0,276.0,271.0,273.0
2752.0,636.0,645.0,647.0,276.0,272.0,276.0
2796.0,658.0,656.0,647.0,278.0,278.0,279.0
2806.0,657.0,660.0,642.0,279.0,284.0,284.0
2841.0,662.0,667.0,662.0,285.0,282.0,283.0
2801.0,651.0,649.0,654.0,282.0,284.0,281.0
2786.0,649.0,654.0,652.0,276.0,280.0,275.0
2783.0,655.0,649.0,649.0,277.0,278.0,275.0
2756.0,644.0,643.0,639.0,274.0,276.0,280.0
2777.0,642.0,663.0,644.0,276.0,277.0,275.0
2837.0,671.0,655.0,663.0,283.0,279.0,286.0
2831.0,657.0,662.0,660.0,284.0,283.0,285.0
2845.0,654.0,665.0,663.0,285.0,292.0,286.0
2814.0,657.0,660.0,652.0,282.0,280.0,283.0
2777.0,648.0,645.0,650.0,279.0,277.0,278.0
2783.0,652.0,645.0,651.0,280.0,276.0,279.0
2817.0,661.0,655.0,662.0,278.0,278.0,283.0
2863.0,663.0,682.0,663.0,287.0,281.0,287.0
2870.0,664.0,675.0,675.0,284.0,289.0,283.0
2846.0,662.0,664.0,663.0,286.0,287.0,284.0
2805.0,655.0,651.0,658.0,281.0,281.0,279.0
2807.0,653.0,653.0,654.0,282.0,283.0,282.0
2818.0,653.0,665.0,658.0,280.0,281.0,281.0
2824.0,660.0,662.0,653.0,281.0,282.0,286.0
2867.0,671.0,667.0,668.0,285.0,287.0,289.0
2856.0,669.0,663.0,669.0,284.0,284.0,287.0
2841.0,659.0,661.0,663.0,289.0,282.0,287.0
2824.0,657.0,666.0,656.0,282.0,281.0,282.0
2792.0,650.0,660.0,645.0,283.0,278.0,276.0
2808.0,653.0,658.0,651.0,285.0,282.0,279.0
2845.0,664.0,668.0,658.0,286.0,289.0,280.0
2887.0,676.0,668.0,681.0,285.0,286.0,291.0
2892.0,666.0,682.0,680.0,289.0,290.0,285.0
2862.0,662.0,672.0,673.0,287.0,283.0,285.0
2833.0,660.0,657.0,658.0,283.0,288.0,287.0
2813.0,656.0,652.0,655.0,284.0,282.0,284.0
2813.0,654.0,657.0,650.0,286.0,282.0,284.0
2867.0,662.0,673.0,669.0,291.0,288.0,284.0
2911.0,683.0,683.0,672.0,290.0,291.0,292.0
2911.0,687.0,680.0,674.0,288.0,291.0,291.0
2876.0,670.0,669.0,670.0,285.0,292.0,290.0
2872.0,669.0,675.0,665.0,287.0,289.0,287.0
2842.0,662.0,667.0,660.0,287.0,285.0,281.0
2834.0,651.0,667.0,666.0,286.0,281.0,283.0
2871.0,668.0,666.0,673.0,290.0,287.0,287.0
2938.0,685.0,683.0,696.0,290.0,290.0,294.0
2922.0,682.0,689.0,679.0,292.0,287.0,293.0
2880.0,666.0,677.0,675.0,283.0,290.0,289.0
2876.0,674.0,675.0,665.0,288.0,286.0,288.0
2858.0,674.0,664.0,667.0,285.0,286.0,282.0
2868.0,671.0,662.0,677.0,287.0,287.0,284.0
2903.0,671.0,678.0,684.0,292.0,291.0,287.0
2913.0,681.0,686.0,678.0,290.0,288.0,290.0
2900.0,677.0,681.0,674.0,289.0,290.0,289.0
2883.0,662.0,674.0,678.0,287.0,290.0,292.0
2873.0,673.0,667.0,672.0,284.0,287.0,290.0
2863.0,669.0,663.0,666.0,287.0,290.0,288.0
2882.0,665.0,674.0,676.0,289.0,289.0,289.0
2893.0,669.0,678.0,678.0,290.0,288.0,290.0
2949.0,690.0,687.0,682.0,299.0,297.0,294.0
2947.0,682.0,692.0,686.0,299.0,296.0,292.0
2917.0,682.0,686.0,675.0,291.0,293.0,290.0
2898.0,677.0,676.0,680.0,289.0,285.0,291.0
2901.0,675.0,672.0,689.0,287.0,288.0,290.0
2879.0,667.0,671.0,679.0,289.0,284.0,289.0
2888.0,680.0,672.0,670.0,290.0,287.0,289.0
2942.0,681.0,685.0,680.0,300.0,298.0,298.0
2963.0,687.0,694.0,687.0,300.0,297.0,298.0
2948.0,688.0,688.0,690.0,294.0,297.0,291.0
2914.0,680.0,676.0,685.0,290.0,293.0,290.0
2883.0,670.0,668.0,682.0,286.0,287.0,290.0
2895.0,673.0,678.0,676.0,288.0,288.0,292.0
2950.0,689.0,695.0,683.0,297.0,293.0,293.0
2962.0,695.0,694.0,681.0,301.0,296.0,295.0
2964.0,686.0,694.0,695.0,298.0,295.0,296.0
2959.0,682.0,689.0,698.0,297.0,295.0,298.0
2924.0,682.0,683.0,686.0,289.0,290.0,294.0
2919.0,673.0,689.0,686.0,289.0,293.0,289.0
2912.0,668.0,680.0,687.0,292.0,293.0,292.0
2943.0,684.0,690.0,687.0,295.0,293.0,294.0
2982.0,703.0,694.0,689.0,301.0,294.0,301.0
2991.0,692.0,705.0,698.0,301.0,297.0,298.0
2968.0,689.0,690.0,702.0,298.0,295.0,294.0
2942.0,689.0,687.0,686.0,293.0,294.0,293.0
2927.0,689.0,675.0,685.0,293.0,291.0,294.0
2917.0,687.0,679.0,679.0,289.0,291.0,292.0
2974.0,695.0,694.0,690.0,299.0,299.0,297.0
2990.0,695.0,698.0,697.0,298.0,299.0,303.0
2976.0,684.0,684.0,705.0,302.0,298.0,303.0
2996.0,692.0,700.0,708.0,300.0,298.0,298.0
2946.0,690.0,684.0,690.0,297.0,291.0,294.0
2924.0,682.0,683.0,684.0,293.0,290.0,292.0
2959.0,685.0,697.0,691.0,298.0,296.0,292.0
2986.0,693.0,702.0,695.0,299.0,298.0,299.0
3019.0,709.0,698.0,708.0,301.0,305.0,298.0
3018.0,699.0,701.0,709.0,304.0,301.0,304.0
2998.0,697.0,698.0,699.0,303.0,300.0,301.0
2971.0,687.0,696.0,692.0,300.0,297.0,299.0
2915.0,685.0,677.0,672.0,295.0,292.0,294.0
2948.0,685.0,695.0,682.0,296.0,293.0,297.0
2971.0,690.0,696.0,699.0,297.0,293.0,296.0
3046.0,719.0,713.0,710.0,300.0,304.0,300.0
3045.0,708.0,710.0,714.0,304.0,305.0,304.0
3020.0,707.0,698.0,704.0,305.0,304.0,302.0
2975.0,695.0,692.0,694.0,297.0,301.0,296.0
2952.0,689.0,685.0,689.0,298.0,297.0,294.0
2988.0,694.0,701.0,696.0,300.0,300.0,297.0
3015.0,703.0,699.0,708.0,301.0,301.0,303.0
3036.0,714.0,706.0,705.0,304.0,303.0,304.0
3029.0,709.0,702.0,706.0,301.0,303.0,308.0
3025.0,697.0,713.0,704.0,303.0,303.0,305.0
2988.0,699.0,695.0,697.0,300.0,299.0,298.0
2969.0,691.0,694.0,691.0,299.0,296.0,298.0
2977.0,693.0,692.0,702.0,299.0,296.0,295.0
2990.0,698.0,689.0,712.0,298.0,299.0,294.0
3051.0,713.0,707.0,719.0,304.0,306.0,302.0
3059.0,710.0,718.0,713.0,307.0,305.0,306.0
3024.0,706.0,705.0,702.0,304.0,303.0,304.0
3015.0,707.0,698.0,706.0,300.0,303.0,301.0
2991.0,700.0,685.0,699.0,303.0,301.0,303.0
3014.0,693.0,706.0,713.0,302.0,300.0,300.0
3021.0,700.0,703.0,705.0,304.0,307.0,302.0
3066.0,723.0,707.0,713.0,309.0,308.0,306.0
3061.0,717.0,709.0,713.0,306.0,309.0,307.0
3052.0,714.0,710.0,713.0,304.0,307.0,304.0
3046.0,717.0,708.0,717.0,301.0,302.0,301.0
2992.0,696.0,705.0,700.0,298.0,295.0,298.0
3019.0,702.0,708.0,708.0,300.0,299.0,302.0
3046.0,706.0,709.0,715.0,308.0,302.0,306.0
3070.0,718.0,712.0,717.0,309.0,305.0,309.0
3087.0,719.0,728.0,715.0,307.0,311.0,307.0
3069.0,720.0,715.0,713.0,303.0,309.0,309.0
3042.0,709.0,705.0,710.0,304.0,308.0,306.0
3002.0,705.0,685.0,709.0,300.0,304.0,299.0
3026.0,706.0,704.0,706.0,304.0,303.0,303.0
3045.0,706.0,714.0,708.0,309.0,304.0,304.0
3113.0,728.0,730.0,723.0,315.0,307.0,310.0
3098.0,720.0,719.0,722.0,312.0,312.0,313.0
3065.0,712.0,712.0,718.0,306.0,309.0,308.0
3065.0,715.0,721.0,712.0,304.0,308.0,305.0
3052.0,714.0,715.0,706.0,303.0,306.0,308.0
3018.0,700.0,708.0,703.0,301.0,303.0,303.0
3049.0,717.0,705.0,711.0,308.0,302.0,306.0
3085.0,727.0,711.0,717.0,313.0,311.0,306.0
3098.0,718.0,731.0,726.0,313.0,306.0,304.0
3104.0,726.0,727.0,727.0,312.0,305.0,307.0
3059.0,719.0,715.0,708.0,305.0,307.0,305.0
3057.0,710.0,711.0,722.0,303.0,305.0,306.0
3044.0,706.0,706.0,711.0,306.0,309.0,306.0
3095.0,724.0,719.0,725.0,302.0,314.0,311.0
3128.0,730.0,735.0,725.0,311.0,313.0,314.0
3123.0,719.0,730.0,736.0,314.0,313.0,311.0
3107.0,726.0,719.0,730.0,312.0,312.0,308.0
3082.0,723.0,714.0,724.0,306.0,304.0,311.0
3051.0,723.0,714.0,708.0,304.0,300.0,302.0
3054.0,712.0,726.0,703.0,303.0,304.0,306.0
3109.0,724.0,726.0,724.0,310.0,316.0,309.0
3164.0,752.0,734.0,737.0,315.0,317.0,309.0
3129.0,730.0,724.0,733.0,313.0,314.0,315.0
3112.0,720.0,726.0,722.0,314.0,316.0,314.0
3114.0,725.0,731.0,723.0,311.0,313.0,311.0
3096.0,727.0,723.0,717.0,310.0,307.0,312.0
3070.0,711.0,718.0,721.0,308.0,304.0,308.0
3108.0,723.0,723.0,727.0,311.0,311.0,313.0
3146.0,737.0,740.0,736.0,310.0,310.0,313.0
3144.0,718.0,741.0,745.0,313.0,314.0,313.0
3135.0,723.0,730.0,737.0,315.0,318.0,312.0
3115.0,734.0,720.0,722.0,313.0,314.0,312.0
3096.0,723.0,720.0,716.0,312.0,318.0,307.0
3082.0,710.0,728.0,719.0,309.0,306.0,310.0
3135.0,737.0,735.0,734.0,310.0,308.0,311.0
3156.0,734.0,738.0,742.0,312.0,312.0,318.0
3176.0,737.0,745.0,743.0,316.0,315.0,320.0
3158.0,733.0,738.0,741.0,312.0,316.0,318.0
3116.0,730.0,730.0,723.0,313.0,309.0,311.0
3130.0,727.0,734.0,730.0,320.0,311.0,308.0
3105.0,720.0,727.0,727.0,310.0,313.0,308.0
3142.0,734.0,722.0,741.0,314.0,316.0,315.0
3174.0,746.0,736.0,744.0,314.0,316.0,318.0
3204.0,745.0,754.0,750.0,317.0,318.0,320.0
3143.0,722.0,745.0,732.0,317.0,313.0,314.0
3124.0,734.0,726.0,722.0,318.0,312.0,312.0
3118.0,723.0,721.0,735.0,313.0,312.0,314.0
3082.0,711.0,718.0,718.0,313.0,312.0,310.0
3168.0,742.0,740.0,738.0,319.0,313.0,316.0
3187.0,741.0,747.0,744.0,318.0,318.0,319.0
3188.0,746.0,748.0,737.0,317.0,320.0,320.0
3160.0,734.0,735.0,737.0,318.0,319.0,317.0
3176.0,739.0,735.0,753.0,318.0,315.0,316.0
3129.0,732.0,737.0,731.0,310.0,310.0,309.0
3132.0,722.0,734.0,737.0,316.0,310.0,313.0
3177.0,744.0,740.0,743.0,318.0,316.0,316.0
3173.0,749.0,731.0,737.0,317.0,320.0,319.0
3225.0,756.0,750.0,750.0,321.0,322.0,326.0
3191.0,738.0,753.0,745.0,318.0,321.0,316.0
3182.0,745.0,745.0,748.0,314.0,314.0,316.0
3135.0,741.0,727.0,728.0,314.0,314.0,311.0
3160.0,739.0,734.0,739.0,317.0,314.0,317.0
3165.0,742.0,740.0,733.0,318.0,318.0,314.0
3224.0,754.0,762.0,749.0,319.0,323.0,317.0
3228.0,764.0,743.0,750.0,323.0,322.0,326.0
3193.0,752.0,741.0,746.0,314.0,319.0,321.0
3157.0,740.0,721.0,744.0,313.0,318.0,321.0
3166.0,742.0,741.0,736.0,314.0,316.0,317.0
3193.0,739.0,752.0,742.0,320.0,323.0,317.0
3194.0,746.0,746.0,740.0,320.0,320.0,322.0
3225.0,758.0,749.0,750.0,327.0,322.0,319.0
3235.0,756.0,755.0,755.0,324.0,321.0,324.0
3233.0,753.0,760.0,759.0,320.0,320.0,321.0
3198.0,751.0,741.0,747.0,320.0,317.0,322.0
3180.0,746.0,741.0,744.0,317.0,315.0,317.0
3185.0,746.0,741.0,738.0,320.0,322.0,318.0
3200.0,749.0,742.0,744.0,323.0,321.0,321.0
3243.0,761.0,753.0,755.0,326.0,324.0,324.0
3268.0,762.0,760.0,770.0,324.0,325.0,327.0
3221.0,757.0,752.0,745.0,319.0,324.0,324.0
3196.0,755.0,742.0,748.0,318.0,317.0,316.0
3185.0,746.0,745.0,743.0,319.0,316.0,316.0
3193.0,742.0,749.0,743.0,321.0,320.0,318.0
3234.0,752.0,758.0,755.0,325.0,323.0,321.0
3266.0,767.0,761.0,763.0,326.0,327.0,322.0
3264.0,755.0,762.0,765.0,327.0,327.0,328.0
3250.0,753.0,757.0,759.0,325.0,330.0,326.0
3217.0,755.0,751.0,744.0,320.0,324.0,323.0
3184.0,745.0,751.0,736.0,315.0,318.0,319.0
3190.0,744.0,742.0,745.0,320.0,318.0,321.0
3241.0,756.0,754.0,764.0,325.0,321.0,321.0
3276.0,773.0,761.0,762.0,330.0,325.0,325.0
3279.0,765.0,772.0,760.0,329.0,325.0,328.0
3264.0,763.0,755.0,763.0,327.0,330.0,326.0
3230.0,761.0,753.0,748.0,324.0,322.0,322.0
3218.0,753.0,744.0,751.0,323.0,327.0,320.0
3203.0,742.0,747.0,750.0,319.0,324.0,321.0
3269.0,760.0,768.0,760.0,325.0,327.0,329.0
3308.0,776.0,773.0,772.0,331.0,329.0,327.0
3312.0,772.0,779.0,767.0,333.0,329.0,332.0
3261.0,755.0,761.0,758.0,327.0,329.0,331.0
3228.0,765.0,747.0,744.0,327.0,325.0,320.0
3216.0,753.0,753.0,743.0,326.0,321.0,320.0
3247.0,754.0,760.0,765.0,322.0,325.0,321.0
3267.0,760.0,761.0,764.0,326.0,332.0,324.0
3296.0,775.0,769.0,765.0,329.0,329.0,329.0
3294.0,769.0,766.0,769.0,328.0,332.0,330.0
3292.0,765.0,774.0,765.0,331.0,326.0,331.0
3252.0,763.0,764.0,747.0,326.0,324.0,328.0
3254.0,757.0,754.0,774.0,323.0,320.0,326.0
3246.0,751.0,753.0,764.0,329.0,325.0,324.0
3298.0,767.0,767.0,777.0,328.0,330.0,329.0
3292.0,770.0,771.0,761.0,328.0,332.0,330.0
3327.0,776.0,784.0,769.0,333.0,334.0,331.0
3279.0,770.0,761.0,763.0,327.0,331.0,327.0
3280.0,765.0,765.0,769.0,327.0,331.0,323.0
3249.0,754.0,759.0,765.0,329.0,322.0,320.0
3260.0,754.0,765.0,761.0,325.0,323.0,332.0
3310.0,773.0,779.0,766.0,329.0,331.0,332.0
3324.0,784.0,772.0,770.0,330.0,333.0,335.0
3323.0,772.0,777.0,779.0,330.0,333.0,332.0
3337.0,776.0,777.0,780.0,334.0,336.0,334.0
3306.0,766.0,774.0,777.0,330.0,332.0,327.0
3269.0,761.0,761.0,764.0,327.0,330.0,326.0
3279.0,763.0,756.0,769.0,332.0,331.0,328.0
3291.0,769.0,763.0,771.0,332.0,327.0,329.0
3336.0,781.0,785.0,771.0,332.0,334.0,333.0
3333.0,766.0,786.0,784.0,334.0,331.0,332.0
3336.0,776.0,778.0,782.0,335.0,334.0,331.0
3311.0,774.0,764.0,782.0,327.0,331.0,333.0
3279.0,760.0,764.0,767.0,330.0,330.0,328.0
3296.0,768.0,777.0,767.0,328.0,330.0,326.0
3320.0,773.0,778.0,765.0,335.0,335.0,334.0
3367.0,789.0,784.0,787.0,337.0,335.0,335.0
3342.0,786.0,773.0,781.0,332.0,336.0,334.0
3320.0,771.0,773.0,782.0,328.0,333.0,333.0
3316.0,780.0,773.0,772.0,329.0,330.0,332.0
3297.0,776.0,771.0,759.0,329.0,329.0,333.0
3318.0,773.0,774.0,771.0,337.0,334.0,329.0
3360.0,787.0,783.0,779.0,338.0,333.0,340.0
3380.0,793.0,790.0,785.0,336.0,339.0,337.0
3374.0,780.0,790.0,794.0,336.0,337.0,337.0
3361.0,788.0,782.0,784.0,331.0,337.0,339.0
3341.0,777.0,780.0,786.0,333.0,331.0,334.0
3312.0,772.0,775.0,773.0,330.0,332.0,330.0
3304.0,766.0,769.0,769.0,335.0,332.0,333.0
3336.0,781.0,782.0,770.0,336.0,335.0,332.0
3391.0,800.0,782.0,793.0,341.0,336.0,339.0
3399.0,796.0,783.0,801.0,337.0,341.0,341.0
3384.0,785.0,791.0,793.0,335.0,338.0,342.0
3367.0,783.0,790.0,789.0,332.0,334.0,339.0
3333.0,774.0,783.0,773.0,333.0,336.0,334.0
3349.0,772.0,784.0,784.0,339.0,334.0,336.0
3361.0,789.0,780.0,787.0,338.0,330.0,337.0
3397.0,793.0,793.0,791.0,343.0,339.0,338.0
3405.0,796.0,793.0,795.0,340.0,341.0,340.0
3384.0,785.0,802.0,789.0,338.0,336.0,334.0
3357.0,787.0,789.0,777.0,333.0,337.0,334.0
3335.0,787.0,779.0,770.0,331.0,336.0,332.0
3344.0,776.0,780.0,786.0,330.0,337.0,335.0
3399.0,797.0,787.0,796.0,341.0,338.0,340.0
3429.0,794.0,806.0,798.0,345.0,341.0,345.0
3412.0,790.0,796.0,798.0,346.0,339.0,343.0
3381.0,785.0,786.0,790.0,339.0,340.0,341.0
3362.0,787.0,788.0,780.0,332.0,336.0,339.0
3369.0,789.0,789.0,790.0,333.0,335.0,333.0
3380.0,785.0,790.0,794.0,336.0,339.0,336.0
3394.0,791.0,793.0,792.0,337.0,340.0,341.0
3444.0,804.0,806.0,800.0,344.0,345.0,345.0
3421.0,792.0,786.0,805.0,347.0,346.0,345.0
3421.0,789.0,800.0,800.0,345.0,343.0,344.0
3387.0,795.0,796.0,779.0,340.0,336.0,341.0
3387.0,797.0,788.0,792.0,337.0,335.0,338.0
3372.0,784.0,782.0,792.0,335.0,337.0,342.0
3393.0,789.0,798.0,788.0,339.0,341.0,338.0
3430.0,799.0,814.0,790.0,342.0,344.0,341.0
3448.0,799.0,813.0,798.0,345.0,348.0,345.0
3431.0,804.0,806.0,793.0,346.0,342.0,340.0
3401.0,797.0,787.0,792.0,344.0,343.0,338.0
3383.0,787.0,786.0,798.0,339.0,337.0,336.0
3384.0,784.0,795.0,793.0,338.0,334.0,340.0
3412.0,794.0,805.0,794.0,336.0,338.0,345.0
3453.0,811.0,804.0,804.0,344.0,341.0,349.0
3453.0,802.0,809.0,801.0,347.0,344.0,350.0
3446.0,796.0,804.0,806.0,346.0,349.0,345.0
3438.0,799.0,804.0,806.0,344.0,344.0,341.0
3427.0,799.0,806.0,801.0,344.0,343.0,334.0
3414.0,797.0,800.0,795.0,339.0,342.0,341.0
3431.0,806.0,795.0,797.0,342.0,346.0,345.0
3439.0,809.0,800.0,800.0,344.0,343.0,343.0
3462.0,800.0,811.0,808.0,351.0,344.0,348.0
3467.0,799.0,810.0,818.0,346.0,345.0,349.0
3429.0,801.0,795.0,807.0,342.0,338.0,346.0
3413.0,792.0,790.0,801.0,347.0,343.0,340.0
3434.0,796.0,799.0,799.0,346.0,347.0,347.0
3452.0,802.0,809.0,806.0,341.0,349.0,345.0
3492.0,815.0,819.0,813.0,347.0,351.0,347.0
3497.0,819.0,812.0,813.0,351.0,352.0,350.0
3460.0,805.0,808.0,816.0,343.0,343.0,345.0
3443.0,814.0,793.0,802.0,345.0,343.0,346.0
3416.0,795.0,803.0,799.0,341.0,338.0,340.0
3441.0,803.0,805.0,801.0,345.0,343.0,344.0
3460.0,810.0,806.0,810.0,343.0,347.0,344.0
3493.0,807.0,820.0,816.0,345.0,354.0,351.0
3515.0,817.0,823.0,820.0,350.0,353.0,352.0
3489.0,814.0,816.0,815.0,346.0,348.0,350.0
3469.0,813.0,806.0,812.0,344.0,346.0,348.0
3428.0,803.0,803.0,791.0,345.0,343.0,343.0
3426.0,799.0,800.0,799.0,344.0,340.0,344.0
3470.0,806.0,810.0,815.0,348.0,344.0,347.0
3534.0,825.0,830.0,826.0,349.0,353.0,351.0
3518.0,812.0,825.0,828.0,352.0,352.0,349.0
3502.0,810.0,817.0,820.0,352.0,352.0,351.0
3472.0,818.0,806.0,808.0,342.0,347.0,351.0
3442.0,805.0,800.0,797.0,344.0,351.0,345.0
3460.0,803.0,805.0,811.0,348.0,345.0,348.0
3496.0,814.0,818.0,815.0,354.0,345.0,350.0
3559.0,843.0,825.0,831.0,354.0,353.0,353.0
3533.0,830.0,825.0,823.0,352.0,353.0,350.0
3495.0,814.0,818.0,815.0,348.0,349.0,351.0
3488.0,824.0,815.0,808.0,345.0,349.0,347.0
3464.0,810.0,809.0,804.0,344.0,349.0,348.0
3464.0,810.0,800.0,809.0,347.0,352.0,346.0
3504.0,814.0,813.0,822.0,352.0,353.0,350.0
3544.0,824.0,827.0,831.0,355.0,353.0,354.0
3543.0,828.0,831.0,822.0,353.0,352.0,357.0
3510.0,814.0,816.0,821.0,352.0,354.0,353.0
3476.0,815.0,809.0,813.0,346.0,345.0,348.0
3472.0,816.0,804.0,817.0,344.0,342.0,349.0
3458.0,800.0,807.0,815.0,344.0,348.0,344.0
3517.0,815.0,820.0,823.0,355.0,353.0,351.0
3551.0,833.0,825.0,829.0,356.0,356.0,352.0
3529.0,817.0,820.0,826.0,358.0,355.0,353.0
3537.0,821.0,835.0,819.0,357.0,354.0,351.0
3508.0,821.0,823.0,816.0,347.0,348.0,353.0
3497.0,810.0,819.0,821.0,348.0,347.0,352.0
3490.0,809.0,817.0,817.0,348.0,350.0,349.0
3529.0,829.0,818.0,820.0,354.0,354.0,354.0
3582.0,839.0,836.0,837.0,358.0,357.0,355.0
3568.0,828.0,840.0,824.0,362.0,357.0,357.0
3563.0,829.0,837.0,827.0,356.0,358.0,356.0
3521.0,830.0,820.0,820.0,348.0,355.0,348.0
3488.0,813.0,804.0,821.0,349.0,352.0,349.0
3508.0,816.0,822.0,816.0,353.0,346.0,355.0
3555.0,838.0,831.0,822.0,355.0,352.0,357.0
3594.0,843.0,839.0,835.0,362.0,356.0,359.0
3586.0,838.0,839.0,833.0,358.0,361.0,357.0
3572.0,832.0,831.0,833.0,362.0,356.0,358.0
3536.0,824.0,818.0,829.0,360.0,355.0,350.0
3544.0,829.0,828.0,826.0,351.0,357.0,353.0
3557.0,826.0,840.0,832.0,350.0,354.0,355.0
3557.0,833.0,824.0,830.0,356.0,358.0,356.0
3585.0,842.0,836.0,835.0,358.0,359.0,355.0
3582.0,830.0,838.0,837.0,362.0,357.0,358.0
3606.0,835.0,848.0,845.0,362.0,358.0,358.0
3560.0,829.0,831.0,833.0,356.0,353.0,358.0
3543.0,827.0,817.0,831.0,354.0,357.0,357.0
3524.0,825.0,813.0,821.0,351.0,359.0,355.0
3586.0,837.0,841.0,833.0,357.0,361.0,357.0
3618.0,848.0,844.0,845.0,359.0,363.0,359.0
3623.0,851.0,841.0,845.0,364.0,362.0,360.0
3584.0,840.0,834.0,838.0,358.0,356.0,358.0
3554.0,828.0,824.0,835.0,357.0,355.0,355.0
3541.0,826.0,825.0,826.0,354.0,353.0,357.0
3554.0,834.0,831.0,821.0,354.0,355.0,359.0
3593.0,834.0,842.0,835.0,360.0,359.0,363.0
3625.0,851.0,837.0,845.0,364.0,363.0,365.0
3627.0,852.0,847.0,838.0,362.0,366.0,362.0
3628.0,846.0,841.0,855.0,360.0,363.0,363.0
3602.0,839.0,841.0,844.0,361.0,359.0,358.0
3567.0,832.0,836.0,832.0,357.0,356.0,354.0
3537.0,819.0,822.0,831.0,356.0,356.0,353.0
3591.0,837.0,837.0,841.0,358.0,359.0,359.0
3648.0,851.0,852.0,856.0,363.0,364.0,362.0
3651.0,849.0,859.0,855.0,361.0,366.0,361.0
3612.0,839.0,840.0,847.0,360.0,363.0,363.0
3608.0,845.0,842.0,837.0,361.0,364.0,359.0
3565.0,846.0,822.0,823.0,357.0,356.0,361.0
3577.0,832.0,838.0,832.0,359.0,360.0,356.0
3615.0,847.0,845.0,834.0,359.0,367.0,363.0
3642.0,852.0,846.0,860.0,362.0,360.0,362.0
3641.0,848.0,850.0,858.0,362.0,362.0,361.0
3638.0,853.0,847.0,849.0,364.0,366.0,359.0
3615.0,843.0,852.0,833.0,364.0,361.0,362.0
3605.0,841.0,844.0,837.0,365.0,359.0,359.0
3601.0,831.0,843.0,840.0,364.0,362.0,361.0
3641.0,848.0,845.0,849.0,367.0,366.0,366.0
3639.0,857.0,841.0,845.0,366.0,365.0,365.0
3701.0,861.0,870.0,863.0,366.0,368.0,373.0
3650.0,856.0,850.0,849.0,364.0,364.0,367.0
3617.0,850.0,843.0,841.0,360.0,361.0,362.0
3615.0,852.0,839.0,843.0,363.0,361.0,357.0
3608.0,846.0,834.0,847.0,363.0,360.0,358.0
3655.0,850.0,851.0,857.0,369.0,365.0,363.0
3682.0,863.0,857.0,861.0,366.0,371.0,364.0
3662.0,849.0,854.0,849.0,369.0,371.0,370.0
3680.0,857.0,856.0,858.0,364.0,374.0,371.0
3619.0,849.0,846.0,847.0,358.0,360.0,359.0
3607.0,837.0,847.0,842.0,360.0,358.0,363.0
3616.0,838.0,848.0,847.0,362.0,360.0,361.0
3678.0,863.0,850.0,860.0,370.0,365.0,370.0
3695.0,861.0,859.0,863.0,374.0,371.0,367.0
3695.0,868.0,858.0,860.0,371.0,370.0,368.0
3689.0,857.0,861.0,867.0,365.0,371.0,368.0
3668.0,856.0,854.0,852.0,367.0,371.0,368.0
3630.0,849.0,838.0,854.0,365.0,363.0,361.0
3636.0,846.0,845.0,853.0,365.0,362.0,365.0
3672.0,850.0,864.0,858.0,365.0,368.0,367.0
3725.0,878.0,867.0,866.0,375.0,367.0,372.0
3699.0,860.0,871.0,856.0,372.0,369.0,371.0
3691.0,855.0,855.0,873.0,372.0,366.0,370.0
3667.0,864.0,854.0,853.0,365.0,369.0,362.0
3650.0,856.0,859.0,847.0,363.0,363.0,362.0
3648.0,852.0,858.0,851.0,363.0,361.0,363.0
3673.0,863.0,854.0,853.0,366.0,371.0,366.0
3715.0,872.0,863.0,871.0,371.0,370.0,368.0
3718.0,862.0,865.0,864.0,376.0,376.0,375.0
3711.0,859.0,866.0,873.0,372.0,370.0,371.0
3702.0,863.0,872.0,865.0,368.0,366.0,368.0
3664.0,857.0,853.0,859.0,365.0,362.0,368.0
3645.0,845.0,851.0,850.0,364.0,369.0,366.0
3721.0,872.0,867.0,861.0,377.0,371.0,373.0
3746.0,885.0,871.0,865.0,375.0,376.0,374.0
3731.0,877.0,872.0,868.0,374.0,373.0,367.0
3714.0,861.0,860.0,875.0,374.0,375.0,369.0
3692.0,869.0,853.0,869.0,370.0,366.0,365.0
3646.0,848.0,850.0,852.0,367.0,363.0,366.0
3664.0,862.0,859.0,848.0,363.0,366.0,366.0
3708.0,858.0,874.0,862.0,373.0,367.0,374.0
3755.0,879.0,873.0,880.0,371.0,374.0,378.0
3767.0,879.0,878.0,881.0,378.0,378.0,373.0
3746.0,875.0,873.0,879.0,375.0,375.0,369.0
3717.0,870.0,866.0,863.0,373.0,374.0,371.0
3684.0,856.0,865.0,862.0,370.0,368.0,363.0
3704.0,860.0,874.0,863.0,373.0,368.0,366.0
3707.0,867.0,864.0,865.0,372.0,369.0,370.0
3778.0,885.0,881.0,889.0,374.0,375.0,374.0
3801.0,884.0,892.0,889.0,378.0,378.0,380.0
3765.0,874.0,876.0,881.0,382.0,372.0,380.0
3727.0,879.0,868.0,859.0,373.0,373.0,375.0
3718.0,871.0,863.0,859.0,375.0,373.0,377.0
3696.0,858.0,861.0,863.0,370.0,371.0,373.0
3761.0,881.0,884.0,875.0,374.0,374.0,373.0
3776.0,885.0,881.0,883.0,374.0,378.0,375.0
3783.0,884.0,882.0,889.0,375.0,375.0,378.0
3754.0,877.0,873.0,878.0,374.0,376.0,376.0
3709.0,862.0,862.0,865.0,373.0,374.0,373.0
3727.0,872.0,877.0,862.0,376.0,372.0,368.0
3726.0,865.0,870.0,873.0,374.0,372.0,372.0
3767.0,876.0,869.0,885.0,376.0,382.0,379.0
3787.0,888.0,877.0,882.0,375.0,382.0,383.0
3795.0,881.0,885.0,885.0,383.0,382.0,379.0
3772.0,875.0,889.0,877.0,379.0,377.0,375.0
3759.0,884.0,879.0,875.0,375.0,373.0,373.0
3734.0,871.0,872.0,872.0,379.0,372.0,368.0
3742.0,865.0,869.0,890.0,374.0,372.0,372.0
3770.0,878.0,883.0,878.0,377.0,379.0,375.0
3816.0,901.0,887.0,886.0,381.0,380.0,381.0
3797.0,879.0,893.0,878.0,378.0,388.0,381.0
3770.0,883.0,877.0,875.0,376.0,379.0,380.0
3745.0,880.0,874.0,866.0,377.0,375.0,373.0
3754.0,884.0,873.0,873.0,374.0,374.0,376.0
3753.0,877.0,875.0,876.0,377.0,370.0,378.0
3776.0,878.0,887.0,886.0,376.0,372.0,377.0
3792.0,887.0,883.0,883.0,380.0,380.0,379.0
3812.0,895.0,896.0,889.0,379.0,379.0,374.0
3820.0,892.0,892.0,887.0,383.0,386.0,380.0
3781.0,880.0,887.0,882.0,376.0,379.0,377.0
3776.0,886.0,884.0,876.0,374.0,377.0,379.0
3759.0,871.0,878.0,877.0,375.0,378.0,380.0
3795.0,883.0,886.0,888.0,377.0,379.0,382.0
3841.0,893.0,898.0,899.0,384.0,381.0,386.0
3834.0,895.0,900.0,894.0,380.0,383.0,382.0
3823.0,890.0,890.0,903.0,379.0,380.0,381.0
3797.0,891.0,875.0,896.0,379.0,379.0,377.0
3793.0,890.0,887.0,883.0,378.0,378.0,377.0
3792.0,881.0,887.0,888.0,381.0,381.0,374.0
3825.0,890.0,892.0,893.0,384.0,386.0,380.0
3847.0,905.0,889.0,896.0,388.0,385.0,384.0
3843.0,892.0,901.0,895.0,384.0,385.0,386.0
3835.0,892.0,894.0,902.0,380.0,382.0,385.0
3812.0,886.0,885.0,900.0,379.0,379.0,383.0
3793.0,884.0,888.0,885.0,380.0,374.0,382.0
3787.0,879.0,887.0,885.0,378.0,377.0,381.0
3832.0,899.0,890.0,895.0,385.0,379.0,384.0
3880.0,914.0,904.0,903.0,386.0,389.0,384.0
3857.0,896.0,891.0,907.0,388.0,389.0,386.0
3865.0,897.0,909.0,907.0,383.0,386.0,383.0
3830.0,896.0,889.0,899.0,380.0,385.0,381.0
3789.0,890.0,883.0,886.0,374.0,378.0,378.0
3794.0,886.0,885.0,880.0,380.0,381.0,382.0
3846.0,898.0,902.0,898.0,386.0,380.0,382.0
3864.0,903.0,909.0,894.0,387.0,384.0,387.0
3899.0,908.0,911.0,909.0,390.0,389.0,392.0
3875.0,901.0,897.0,912.0,389.0,388.0,388.0
3830.0,894.0,896.0,888.0,386.0,383.0,383.0
3821.0,901.0,897.0,882.0,379.0,383.0,379.0
3799.0,885.0,891.0,887.0,374.0,384.0,378.0
3844.0,897.0,897.0,899.0,383.0,385.0,383.0
3910.0,914.0,909.0,920.0,385.0,391.0,391.0
3881.0,905.0,899.0,911.0,388.0,388.0,390.0
3891.0,896.0,917.0,906.0,388.0,391.0,393.0
3864.0,902.0,901.0,897.0,390.0,386.0,388.0
3840.0,902.0,895.0,898.0,379.0,379.0,387.0
3852.0,902.0,892.0,902.0,384.0,386.0,386.0
3866.0,900.0,897.0,910.0,387.0,383.0,389.0
3915.0,922.0,910.0,915.0,390.0,390.0,388.0
3899.0,910.0,910.0,910.0,393.0,390.0,386.0
3868.0,905.0,898.0,900.0,392.0,388.0,385.0
3875.0,911.0,902.0,901.0,391.0,386.0,384.0
3844.0,904.0,892.0,893.0,382.0,387.0,386.0
3840.0,895.0,894.0,899.0,381.0,385.0,386.0
3898.0,904.0,914.0,915.0,386.0,388.0,391.0
3905.0,908.0,904.0,921.0,389.0,394.0,389.0
3937.0,916.0,910.0,925.0,399.0,395.0,392.0
3894.0,908.0,908.0,907.0,390.0,389.0,392.0
3909.0,915.0,912.0,910.0,393.0,389.0,390.0
3871.0,910.0,904.0,897.0,388.0,388.0,384.0
3865.0,903.0,897.0,910.0,383.0,385.0,387.0
3861.0,897.0,893.0,908.0,390.0,385.0,388.0
3940.0,927.0,916.0,916.0,395.0,394.0,392.0
3920.0,911.0,916.0,909.0,391.0,398.0,395.0
3927.0,916.0,914.0,914.0,393.0,397.0,393.0
3901.0,911.0,903.0,913.0,389.0,392.0,393.0
3885.0,908.0,900.0,912.0,391.0,388.0,386.0
3874.0,899.0,907.0,905.0,392.0,379.0,392.0
3911.0,914.0,916.0,911.0,390.0,390.0,390.0
3929.0,917.0,911.0,919.0,394.0,392.0,396.0
3957.0,928.0,924.0,921.0,396.0,397.0,391.0
3928.0,913.0,919.0,917.0,395.0,394.0,390.0
3914.0,904.0,919.0,914.0,394.0,393.0,390.0
3906.0,915.0,913.0,909.0,390.0,391.0,388.0
3916.0,915.0,907.0,920.0,393.0,393.0,388.0
3920.0,913.0,910.0,912.0,396.0,394.0,395.0
3974.0,936.0,922.0,927.0,397.0,394.0,398.0
3955.0,920.0,925.0,924.0,393.0,391.0,402.0
3933.0,906.0,930.0,922.0,393.0,390.0,392.0
3926.0,916.0,914.0,923.0,392.0,391.0,390.0
3927.0,916.0,915.0,923.0,393.0,391.0,389.0
3912.0,908.0,915.0,915.0,393.0,392.0,389.0
3942.0,920.0,924.0,912.0,397.0,396.0,393.0
3985.0,934.0,930.0,924.0,399.0,402.0,396.0
3983.0,929.0,928.0,929.0,397.0,402.0,398.0
3948.0,921.0,918.0,926.0,395.0,392.0,396.0
3932.0,918.0,912.0,922.0,395.0,390.0,395.0
3919.0,914.0,913.0,914.0,392.0,390.0,396.0
3924.0,909.0,919.0,916.0,394.0,393.0,393.0
3949.0,924.0,917.0,917.0,398.0,397.0,396.0
3959.0,926.0,922.0,919.0,397.0,398.0,397.0
3974.0,925.0,923.0,933.0,398.0,400.0,395.0
3989.0,924.0,938.0,934.0,394.0,400.0,399.0
3968.0,927.0,924.0,931.0,395.0,395.0,396.0
3923.0,918.0,913.0,913.0,393.0,391.0,395.0
3921.0,910.0,913.0,917.0,396.0,391.0,394.0
3982.0,929.0,926.0,926.0,398.0,401.0,402.0
4014.0,941.0,931.0,936.0,405.0,398.0,403.0
4015.0,937.0,935.0,938.0,400.0,401.0,404.0
3991.0,921.0,936.0,932.0,397.0,405.0,400.0
3963.0,926.0,922.0,927.0,395.0,401.0,392.0
3944.0,925.0,926.0,911.0,395.0,393.0,394.0
3975.0,922.0,940.0,927.0,395.0,397.0,394.0
3970.0,930.0,929.0,921.0,400.0,394.0,396.0
4009.0,941.0,931.0,935.0,402.0,399.0,401.0
4027.0,933.0,942.0,944.0,405.0,400.0,403.0
4013.0,938.0,938.0,936.0,399.0,397.0,405.0
3974.0,925.0,927.0,927.0,396.0,400.0,399.0
3961.0,930.0,918.0,923.0,396.0,398.0,396.0
3949.0,918.0,915.0,931.0,394.0,396.0,395.0
3992.0,925.0,929.0,942.0,400.0,399.0,397.0
4016.0,939.0,937.0,938.0,400.0,402.0,400.0
4031.0,943.0,942.0,940.0,401.0,400.0,405.0
4002.0,932.0,933.0,934.0,403.0,400.0,400.0
3965.0,926.0,922.0,925.0,398.0,397.0,397.0
3958.0,927.0,924.0,919.0,394.0,396.0,398.0
3953.0,917.0,920.0,923.0,398.0,396.0,399.0
4002.0,927.0,934.0,938.0,400.0,402.0,401.0
4063.0,949.0,952.0,945.0,405.0,402.0,410.0
4064.0,947.0,946.0,946.0,409.0,408.0,408.0
4030.0,935.0,945.0,940.0,404.0,405.0,401.0
3983.0,938.0,926.0,920.0,399.0,400.0,400.0
3980.0,930.0,933.0,931.0,395.0,394.0,397.0
3996.0,929.0,935.0,938.0,398.0,396.0,400.0
4022.0,939.0,934.0,947.0,400.0,400.0,402.0
4088.0,961.0,952.0,951.0,408.0,411.0,405.0
4064.0,949.0,954.0,942.0,407.0,404.0,408.0
4061.0,940.0,954.0,942.0,409.0,407.0,409.0
4028.0,942.0,939.0,935.0,400.0,410.0,402.0
3980.0,930.0,917.0,933.0,400.0,400.0,400.0
4006.0,929.0,936.0,939.0,398.0,403.0,401.0
4038.0,940.0,943.0,944.0,405.0,403.0,403.0
4072.0,952.0,953.0,945.0,407.0,408.0,407.0
4056.0,946.0,952.0,943.0,405.0,405.0,405.0
4055.0,944.0,945.0,946.0,408.0,407.0,405.0
4033.0,938.0,933.0,954.0,402.0,406.0,400.0
4018.0,931.0,935.0,946.0,401.0,402.0,403.0
4023.0,933.0,940.0,940.0,404.0,404.0,402.0
4048.0,946.0,940.0,945.0,404.0,405.0,408.0
4096.0,967.0,955.0,949.0,408.0,411.0,406.0
4069.0,951.0,952.0,947.0,409.0,403.0,407.0
4079.0,948.0,960.0,946.0,412.0,404.0,409.0
4052.0,952.0,945.0,941.0,409.0,401.0,404.0
4017.0,941.0,931.0,939.0,405.0,401.0,400.0
4042.0,938.0,948.0,944.0,407.0,405.0,400.0
4049.0,945.0,947.0,936.0,404.0,409.0,408.0
4124.0,970.0,968.0,954.0,410.0,414.0,408.0
4092.0,946.0,964.0,954.0,410.0,408.0,410.0
4073.0,950.0,949.0,953.0,406.0,407.0,408.0
4069.0,955.0,945.0,955.0,404.0,406.0,404.0
4043.0,943.0,947.0,944.0,406.0,401.0,402.0
4049.0,937.0,955.0,939.0,408.0,404.0,406.0
4102.0,957.0,956.0,956.0,413.0,408.0,412.0
4112.0,967.0,951.0,961.0,409.0,415.0,409.0
4133.0,965.0,966.0,965.0,412.0,413.0,412.0
4094.0,952.0,959.0,952.0,409.0,413.0,409.0
4085.0,959.0,948.0,953.0,408.0,408.0,409.0
4064.0,953.0,952.0,940.0,406.0,407.0,406.0
4047.0,940.0,940.0,948.0,406.0,408.0,405.0
4085.0,954.0,950.0,958.0,406.0,408.0,409.0
4137.0,971.0,962.0,971.0,412.0,409.0,412.0
4135.0,965.0,968.0,967.0,412.0,411.0,412.0
4116.0,957.0,960.0,968.0,408.0,411.0,412.0
4087.0,961.0,946.0,952.0,411.0,408.0,409.0
4074.0,955.0,951.0,945.0,407.0,409.0,407.0
4083.0,945.0,959.0,955.0,411.0,410.0,403.0
4131.0,956.0,969.0,962.0,415.0,412.0,417.0
4146.0,964.0,970.0,971.0,414.0,415.0,412.0
4159.0,974.0,969.0,977.0,413.0,410.0,416.0
4116.0,955.0,962.0,963.0,409.0,411.0,416.0
4112.0,960.0,962.0,958.0,410.0,410.0,412.0
4086.0,954.0,954.0,960.0,406.0,405.0,407.0
4095.0,954.0,955.0,954.0,410.0,413.0,409.0
4109.0,953.0,955.0,964.0,416.0,411.0,410.0
4156.0,972.0,958.0,977.0,417.0,418.0,414.0
4173.0,975.0,977.0,973.0,418.0,416.0,414.0
4122.0,963.0,960.0,963.0,413.0,411.0,412.0
4119.0,966.0,966.0,959.0,409.0,412.0,407.0
4082.0,954.0,957.0,950.0,409.0,403.0,409.0
4100.0,960.0,958.0,958.0,409.0,408.0,407.0
4146.0,959.0,966.0,976.0,416.0,417.0,412.0
4180.0,980.0,975.0,972.0,421.0,411.0,421.0
4167.0,975.0,968.0,966.0,419.0,418.0,421.0
4162.0,974.0,967.0,962.0,419.0,422.0,418.0
4110.0,965.0,956.0,958.0,410.0,412.0,409.0
4093.0,958.0,959.0,952.0,409.0,409.0,406.0
4127.0,963.0,967.0,962.0,414.0,412.0,409.0
4140.0,964.0,966.0,966.0,420.0,413.0,411.0
4174.0,974.0,972.0,975.0,421.0,419.0,413.0
4184.0,976.0,973.0,974.0,423.0,421.0,417.0
4193.0,970.0,983.0,972.0,425.0,422.0,421.0
4139.0,967.0,970.0,963.0,412.0,413.0,414.0
4139.0,972.0,957.0,975.0,409.0,413.0,413.0
4151.0,961.0,966.0,977.0,414.0,415.0,418.0
4167.0,975.0,970.0,974.0,416.0,415.0,417.0
4197.0,983.0,978.0,980.0,419.0,422.0,415.0
4217.0,991.0,984.0,980.0,424.0,420.0,418.0
4163.0,966.0,977.0,968.0,422.0,416.0,414.0
4149.0,970.0,964.0,975.0,415.0,412.0,413.0
4143.0,964.0,966.0,974.0,411.0,415.0,413.0
4153.0,969.0,973.0,969.0,410.0,414.0,418.0
4187.0,973.0,971.0,977.0,420.0,423.0,423.0
4207.0,995.0,965.0,978.0,425.0,421.0,423.0
4210.0,988.0,973.0,984.0,420.0,424.0,421.0
4202.0,982.0,980.0,984.0,417.0,419.0,420.0
4200.0,982.0,977.0,988.0,418.0,417.0,418.0
4145.0,965.0,966.0,968.0,416.0,417.0,413.0
4153.0,968.0,959.0,981.0,416.0,415.0,414.0
4178.0,972.0,976.0,975.0,420.0,419.0,416.0
4229.0,988.0,992.0,981.0,419.0,424.0,425.0
4252.0,989.0,1001.0,987.0,423.0,425.0,427.0
4223.0,979.0,987.0,990.0,421.0,424.0,422.0
4193.0,984.0,968.0,985.0,421.0,418.0,417.0
4159.0,971.0,969.0,973.0,417.0,412.0,417.0
4149.0,961.0,967.0,970.0,420.0,412.0,419.0
4183.0,974.0,987.0,967.0,419.0,417.0,419.0
4207.0,981.0,986.0,980.0,419.0,422.0,419.0
4245.0,989.0,984.0,993.0,425.0,429.0,425.0
4234.0,989.0,986.0,992.0,424.0,426.0,417.0
4211.0,985.0,984.0,977.0,422.0,424.0,419.0
4197.0,981.0,982.0,975.0,417.0,423.0,419.0
4175.0,967.0,985.0,968.0,420.0,416.0,419.0
4235.0,998.0,983.0,983.0,421.0,423.0,427.0
4241.0,994.0,983.0,992.0,424.0,424.0,424.0
4276.0,1004.0,993.0,1001.0,427.0,423.0,428.0
4244.0,981.0,998.0,996.0,422.0,423.0,424.0
4207.0,985.0,975.0,983.0,419.0,427.0,418.0
4193.0,993.0,975.0,961.0,421.0,422.0,421.0
4196.0,975.0,976.0,980.0,423.0,421.0,421.0
4231.0,988.0,993.0,983.0,421.0,424.0,422.0
4274.0,1000.0,1000.0,999.0,425.0,424.0,426.0
4286.0,994.0,1002.0,1007.0,426.0,429.0,428.0
4254.0,998.0,980.0,998.0,426.0,428.0,424.0
4220.0,985.0,979.0,991.0,422.0,421.0,422.0
4215.0,988.0,984.0,979.0,422.0,421.0,421.0
4219.0,985.0,985.0,985.0,422.0,421.0,421.0
4260.0,986.0,993.0,1004.0,426.0,425.0,426.0
4270.0,993.0,993.0,1000.0,425.0,431.0,428.0
4288.0,993.0,1003.0,1007.0,427.0,431.0,427.0
4257.0,987.0,997.0,999.0,425.0,426.0,423.0
4236.0,993.0,997.0,983.0,420.0,422.0,421.0
4200.0,987.0,970.0,981.0,421.0,419.0,422.0
4221.0,982.0,982.0,986.0,424.0,423.0,424.0
4254.0,993.0,988.0,995.0,426.0,424.0,428.0
4307.0,1011.0,999.0,1012.0,427.0,429.0,429.0
4334.0,1008.0,1017.0,1012.0,430.0,435.0,432.0
4277.0,997.0,1001.0,990.0,428.0,432.0,429.0
4260.0,995.0,994.0,992.0,427.0,429.0,423.0
4233.0,993.0,985.0,986.0,425.0,423.0,421.0
4245.0,986.0,997.0,987.0,427.0,424.0,424.0
4293.0,998.0,1005.0,1007.0,431.0,425.0,427.0
4287.0,1005.0,1000.0,1001.0,429.0,426.0,426.0
4322.0,1010.0,1006.0,1009.0,433.0,428.0,436.0
4314.0,1009.0,1011.0,1002.0,427.0,434.0,431.0
4276.0,997.0,1004.0,997.0,424.0,425.0,429.0
4260.0,984.0,999.0,1002.0,423.0,427.0,425.0
4261.0,993.0,996.0,997.0,424.0,428.0,423.0
4293.0,997.0,997.0,1009.0,430.0,431.0,429.0
4316.0,1015.0,1012.0,991.0,436.0,430.0,432.0
4331.0,1009.0,1012.0,1010.0,434.0,432.0,434.0
4307.0,1012.0,998.0,1008.0,430.0,431.0,428.0
4279.0,1000.0,996.0,1002.0,425.0,428.0,428.0
4291.0,1003.0,990.0,1010.0,428.0,430.0,430.0
4253.0,983.0,998.0,991.0,426.0,429.0,426.0
4287.0,990.0,1004.0,998.0,430.0,433.0,432.0
4339.0,1015.0,1010.0,1010.0,437.0,433.0,434.0
4348.0,1013.0,1015.0,1011.0,438.0,434.0,437.0
4322.0,1012.0,1015.0,999.0,433.0,430.0,433.0
4293.0,1003.0,1004.0,1002.0,427.0,427.0,430.0
4282.0,995.0,1005.0,1007.0,424.0,424.0,427.0
4259.0,989.0,999.0,993.0,425.0,427.0,426.0
4319.0,1009.0,1004.0,1015.0,433.0,432.0,426.0
4335.0,1020.0,1006.0,1003.0,435.0,435.0,436.0
4367.0,1010.0,1024.0,1019.0,437.0,440.0,437.0
4338.0,1005.0,1017.0,1017.0,435.0,433.0,431.0
4318.0,1007.0,1002.0,1010.0,432.0,432.0,435.0
4280.0,995.0,1003.0,1000.0,428.0,428.0,426.0
4281.0,998.0,998.0,999.0,429.0,428.0,429.0
4332.0,1017.0,1010.0,1001.0,436.0,434.0,434.0
4364.0,1020.0,1020.0,1017.0,436.0,434.0,437.0
4371.0,1013.0,1020.0,1022.0,438.0,439.0,439.0
4350.0,1014.0,1017.0,1016.0,434.0,438.0,431.0
4338.0,1017.0,1005.0,1015.0,433.0,436.0,432.0
4344.0,1021.0,1018.0,1008.0,430.0,435.0,432.0
4318.0,1003.0,1011.0,1007.0,432.0,432.0,433.0
4337.0,1011.0,1009.0,1010.0,434.0,433.0,440.0
4359.0,1015.0,1015.0,1013.0,436.0,440.0,440.0
4390.0,1013.0,1029.0,1032.0,438.0,437.0,441.0
4372.0,1018.0,1018.0,1024.0,441.0,434.0,437.0
4347.0,1018.0,1021.0,1011.0,435.0,431.0,431.0
4307.0,1011.0,1001.0,1000.0,433.0,432.0,430.0
4336.0,1007.0,1012.0,1017.0,431.0,435.0,434.0
4364.0,1012.0,1018.0,1019.0,437.0,440.0,438.0
4394.0,1021.0,1032.0,1028.0,438.0,439.0,436.0
4426.0,1025.0,1032.0,1044.0,440.0,442.0,443.0
4363.0,1016.0,1011.0,1024.0,436.0,437.0,439.0
4329.0,1022.0,1000.0,1009.0,435.0,427.0,436.0
4310.0,1004.0,1008.0,1002.0,435.0,428.0,433.0
4329.0,1016.0,1012.0,1002.0,429.0,435.0,435.0
4370.0,1018.0,1017.0,1024.0,437.0,438.0,436.0
4422.0,1034.0,1028.0,1042.0,437.0,440.0,441.0
4420.0,1032.0,1027.0,1034.0,440.0,447.0,440.0
4396.0,1020.0,1024.0,1032.0,439.0,444.0,437.0
4358.0,1012.0,1020.0,1013.0,438.0,439.0,436.0
4332.0,1011.0,1007.0,1010.0,435.0,434.0,435.0
4356.0,1020.0,1011.0,1017.0,438.0,435.0,435.0
4385.0,1017.0,1016.0,1032.0,440.0,438.0,442.0
4438.0,1028.0,1042.0,1041.0,439.0,442.0,446.0
4433.0,1030.0,1043.0,1035.0,438.0,441.0,446.0
4405.0,1024.0,1030.0,1028.0,440.0,441.0,442.0
4371.0,1019.0,1022.0,1018.0,436.0,439.0,437.0
4343.0,1012.0,1014.0,1016.0,434.0,434.0,433.0
4360.0,1013.0,1021.0,1020.0,436.0,436.0,434.0
4402.0,1022.0,1028.0,1032.0,442.0,437.0,441.0
4441.0,1041.0,1035.0,1037.0,446.0,443.0,439.0
4433.0,1037.0,1039.0,1029.0,443.0,440.0,445.0
4418.0,1030.0,1034.0,1020.0,445.0,440.0,449.0
4411.0,1032.0,1028.0,1028.0,440.0,442.0,441.0
4385.0,1030.0,1019.0,1026.0,436.0,436.0,438.0
4393.0,1023.0,1017.0,1028.0,444.0,440.0,441.0
4397.0,1015.0,1025.0,1029.0,443.0,443.0,442.0
4456.0,1043.0,1041.0,1036.0,447.0,444.0,445.0
4442.0,1030.0,1044.0,1038.0,446.0,443.0,441.0
4420.0,1030.0,1036.0,1029.0,440.0,441.0,444.0
4412.0,1037.0,1029.0,1027.0,440.0,439.0,440.0
4400.0,1026.0,1024.0,1034.0,437.0,439.0,440.0
4393.0,1021.0,1017.0,1030.0,440.0,442.0,443.0
4426.0,1038.0,1031.0,1031.0,443.0,441.0,442.0
4463.0,1037.0,1038.0,1042.0,446.0,450.0,450.0
4471.0,1041.0,1039.0,1046.0,445.0,451.0,449.0
4436.0,1037.0,1032.0,1036.0,441.0,447.0,443.0
4427.0,1037.0,1029.0,1036.0,442.0,441.0,442.0
4398.0,1023.0,1030.0,1034.0,437.0,438.0,436.0
4391.0,1024.0,1018.0,1028.0,440.0,441.0,440.0
4444.0,1043.0,1037.0,1033.0,445.0,444.0,442.0
4479.0,1051.0,1037.0,1047.0,449.0,447.0,448.0
4481.0,1044.0,1052.0,1040.0,451.0,446.0,448.0
4466.0,1039.0,1038.0,1049.0,445.0,447.0,448.0
4427.0,1039.0,1031.0,1030.0,441.0,441.0,445.0
4398.0,1026.0,1022.0,1030.0,439.0,440.0,441.0
4412.0,1025.0,1032.0,1028.0,439.0,442.0,446.0
4454.0,1043.0,1035.0,1039.0,446.0,446.0,445.0
4476.0,1037.0,1052.0,1038.0,452.0,447.0,450.0
4508.0,1051.0,1057.0,1048.0,454.0,446.0,452.0
4477.0,1041.0,1041.0,1051.0,447.0,450.0,447.0
4441.0,1037.0,1028.0,1041.0,445.0,444.0,446.0
4437.0,1035.0,1037.0,1029.0,442.0,447.0,447.0
4442.0,1031.0,1040.0,1032.0,447.0,444.0,448.0
4478.0,1046.0,1044.0,1048.0,444.0,449.0,447.0
4505.0,1053.0,1042.0,1053.0,454.0,453.0,450.0
4510.0,1055.0,1051.0,1051.0,452.0,448.0,453.0
4505.0,1048.0,1052.0,1060.0,447.0,447.0,451.0
4461.0,1039.0,1048.0,1041.0,442.0,445.0,446.0
4454.0,1040.0,1045.0,1039.0,441.0,445.0,444.0
4435.0,1036.0,1031.0,1038.0,441.0,445.0,444.0
4488.0,1050.0,1041.0,1048.0,450.0,453.0,446.0
4538.0,1060.0,1063.0,1058.0,454.0,452.0,451.0
4525.0,1053.0,1050.0,1060.0,456.0,453.0,453.0
4515.0,1050.0,1059.0,1050.0,451.0,451.0,454.0
4485.0,1049.0,1048.0,1043.0,449.0,446.0,450.0
4458.0,1048.0,1039.0,1031.0,445.0,444.0,451.0
4479.0,1035.0,1050.0,1050.0,448.0,447.0,449.0
4524.0,1051.0,1067.0,1061.0,447.0,447.0,451.0
4521.0,1053.0,1052.0,1062.0,452.0,453.0,449.0
4536.0,1056.0,1057.0,1064.0,455.0,452.0,452.0
4512.0,1051.0,1054.0,1048.0,453.0,456.0,450.0
4489.0,1050.0,1048.0,1048.0,447.0,449.0,447.0
4473.0,1034.0,1051.0,1041.0,451.0,449.0,447.0
4482.0,1050.0,1050.0,1038.0,444.0,450.0,450.0
4507.0,1059.0,1047.0,1050.0,449.0,447.0,455.0
4549.0,1065.0,1064.0,1062.0,451.0,452.0,455.0
4568.0,1066.0,1068.0,1061.0,457.0,458.0,458.0
4534.0,1048.0,1060.0,1058.0,458.0,458.0,452.0
4512.0,1057.0,1051.0,1049.0,452.0,455.0,448.0
4512.0,1057.0,1051.0,1050.0,454.0,451.0,449.0
4495.0,1041.0,1056.0,1045.0,451.0,454.0,448.0
4568.0,1072.0,1068.0,1068.0,457.0,451.0,452.0
4558.0,1065.0,1065.0,1060.0,456.0,455.0,457.0
4568.0,1069.0,1070.0,1062.0,456.0,453.0,458.0
4519.0,1054.0,1049.0,1052.0,456.0,451.0,457.0
4510.0,1057.0,1047.0,1050.0,451.0,453.0,452.0
4509.0,1045.0,1058.0,1056.0,448.0,450.0,452.0
4502.0,1041.0,1055.0,1045.0,455.0,452.0,454.0
4551.0,1059.0,1064.0,1064.0,454.0,455.0,455.0
4579.0,1069.0,1070.0,1063.0,459.0,458.0,460.0
4575.0,1067.0,1069.0,1067.0,457.0,457.0,458.0
4558.0,1065.0,1063.0,1062.0,458.0,454.0,456.0
4543.0,1058.0,1056.0,1068.0,457.0,453.0,451.0
4516.0,1048.0,1051.0,1060.0,453.0,452.0,452.0
4527.0,1052.0,1054.0,1060.0,454.0,452.0,455.0
4552.0,1059.0,1073.0,1052.0,455.0,454.0,459.0
4574.0,1068.0,1071.0,1064.0,458.0,457.0,456.0
4601.0,1071.0,1079.0,1068.0,459.0,465.0,459.0
4581.0,1060.0,1073.0,1074.0,455.0,461.0,458.0
4574.0,1067.0,1062.0,1077.0,455.0,457.0,456.0
4547.0,1058.0,1068.0,1063.0,456.0,450.0,452.0
4514.0,1049.0,1065.0,1051.0,453.0,452.0,444.0
4547.0,1065.0,1064.0,1054.0,456.0,454.0,454.0
4605.0,1084.0,1065.0,1071.0,460.0,464.0,461.0
4624.0,1082.0,1076.0,1073.0,464.0,465.0,464.0
4600.0,1066.0,1077.0,1073.0,460.0,464.0,460.0
4581.0,1066.0,1070.0,1072.0,453.0,460.0,460.0
4539.0,1055.0,1066.0,1059.0,449.0,455.0,455.0
4538.0,1048.0,1061.0,1059.0,456.0,458.0,456.0
4584.0,1067.0,1068.0,1063.0,462.0,463.0,461.0
4614.0,1077.0,1079.0,1076.0,463.0,458.0,461.0
4625.0,1077.0,1082.0,1081.0,462.0,461.0,462.0
4589.0,1060.0,1072.0,1080.0,459.0,459.0,459.0
4595.0,1080.0,1065.0,1081.0,458.0,455.0,456.0
4552.0,1068.0,1061.0,1056.0,456.0,455.0,456.0
4562.0,1069.0,1065.0,1051.0,459.0,460.0,458.0
4589.0,1069.0,1073.0,1068.0,457.0,460.0,462.0
4639.0,1087.0,1076.0,1082.0,465.0,465.0,464.0
4629.0,1076.0,1069.0,1090.0,463.0,463.0,468.0
4626.0,1082.0,1076.0,1083.0,464.0,459.0,462.0
4563.0,1067.0,1060.0,1068.0,456.0,454.0,458.0
4552.0,1065.0,1063.0,1059.0,454.0,454.0,457.0
4588.0,1072.0,1066.0,1076.0,458.0,457.0,459.0
4613.0,1087.0,1063.0,1075.0,462.0,465.0,461.0
4658.0,1087.0,1081.0,1091.0,467.0,467.0,465.0
4665.0,1080.0,1092.0,1095.0,465.0,467.0,466.0
4624.0,1067.0,1085.0,1082.0,463.0,462.0,465.0
4611.0,1087.0,1069.0,1073.0,455.0,462.0,465.0
4567.0,1072.0,1068.0,1060.0,454.0,453.0,460.0
4580.0,1058.0,1073.0,1076.0,457.0,458.0,458.0
4633.0,1084.0,1078.0,1087.0,463.0,459.0,462.0
4685.0,1096.0,1096.0,1096.0,466.0,464.0,467.0
4669.0,1086.0,1087.0,1093.0,470.0,470.0,463.0
4661.0,1080.0,1082.0,1093.0,470.0,469.0,467.0
4631.0,1086.0,1076.0,1081.0,465.0,464.0,459.0
4595.0,1076.0,1074.0,1065.0,459.0,464.0,457.0
4607.0,1073.0,1075.0,1078.0,459.0,459.0,463.0
4652.0,1089.0,1080.0,1092.0,462.0,464.0,465.0
4689.0,1101.0,1084.0,1097.0,466.0,466.0,475.0
4694.0,1096.0,1092.0,1097.0,472.0,467.0,470.0
4649.0,1082.0,1089.0,1081.0,465.0,465.0,467.0
4634.0,1078.0,1081.0,1082.0,463.0,466.0,464.0
4600.0,1072.0,1066.0,1081.0,461.0,461.0,459.0
4610.0,1075.0,1067.0,1086.0,457.0,468.0,457.0
4656.0,1087.0,1089.0,1087.0,463.0,467.0,463.0
4697.0,1098.0,1103.0,1097.0,467.0,467.0,465.0
4690.0,1097.0,1097.0,1090.0,470.0,466.0,470.0
4650.0,1084.0,1085.0,1082.0,467.0,465.0,467.0
4644.0,1091.0,1079.0,1075.0,467.0,465.0,467.0
4637.0,1078.0,1083.0,1085.0,467.0,460.0,464.0
4649.0,1080.0,1089.0,1084.0,463.0,461.0,472.0
4680.0,1094.0,1102.0,1089.0,462.0,467.0,466.0
4705.0,1099.0,1093.0,1098.0,468.0,478.0,469.0
4706.0,1105.0,1093.0,1097.0,471.0,471.0,469.0
4685.0,1096.0,1099.0,1085.0,468.0,470.0,467.0
4669.0,1094.0,1093.0,1090.0,468.0,462.0,462.0
4636.0,1082.0,1080.0,1085.0,464.0,465.0,460.0
4637.0,1074.0,1078.0,1092.0,467.0,460.0,466.0
4674.0,1089.0,1089.0,1096.0,466.0,465.0,469.0
4723.0,1109.0,1105.0,1095.0,468.0,472.0,474.0
4718.0,1098.0,1105.0,1101.0,470.0,472.0,472.0
4715.0,1097.0,1106.0,1098.0,470.0,472.0,472.0
4668.0,1093.0,1087.0,1089.0,468.0,467.0,464.0
4669.0,1087.0,1092.0,1091.0,468.0,462.0,469.0
4664.0,1086.0,1094.0,1091.0,465.0,464.0,464.0
4708.0,1103.0,1094.0,1097.0,471.0,470.0,473.0
4730.0,1105.0,1101.0,1104.0,474.0,470.0,476.0
4737.0,1107.0,1102.0,1106.0,471.0,472.0,479.0
4708.0,1097.0,1098.0,1096.0,470.0,475.0,472.0
4711.0,1100.0,1099.0,1103.0,469.0,469.0,471.0
4675.0,1091.0,1089.0,1090.0,467.0,468.0,470.0
4670.0,1082.0,1093.0,1090.0,470.0,465.0,470.0
4699.0,1105.0,1089.0,1094.0,471.0,472.0,468.0
4741.0,1106.0,1107.0,1106.0,476.0,472.0,474.0
4755.0,1102.0,1118.0,1111.0,475.0,474.0,475.0
4734.0,1103.0,1108.0,1110.0,472.0,471.0,470.0
4696.0,1100.0,1096.0,1098.0,468.0,467.0,467.0
4692.0,1093.0,1100.0,1088.0,472.0,470.0,469.0
4681.0,1087.0,1094.0,1088.0,474.0,469.0,469.0
4733.0,1102.0,1103.0,1105.0,473.0,476.0,474.0
4779.0,1113.0,1110.0,1122.0,477.0,480.0,477.0
4774.0,1113.0,1108.0,1123.0,477.0,476.0,477.0
4712.0,1095.0,1101.0,1102.0,472.0,472.0,470.0
4710.0,1107.0,1098.0,1097.0,471.0,469.0,468.0
4687.0,1101.0,1100.0,1085.0,466.0,467.0,468.0
4701.0,1095.0,1098.0,1093.0,472.0,471.0,472.0
4730.0,1103.0,1099.0,1102.0,478.0,475.0,473.0
4774.0,1115.0,1107.0,1121.0,481.0,478.0,472.0
4786.0,1113.0,1117.0,1117.0,478.0,483.0,478.0
4774.0,1107.0,1116.0,1113.0,480.0,479.0,479.0
4738.0,1113.0,1108.0,1104.0,467.0,473.0,473.0
4702.0,1093.0,1099.0,1094.0,472.0,470.0,474.0
4730.0,1106.0,1108.0,1095.0,473.0,471.0,477.0
4759.0,1100.0,1118.0,1117.0,477.0,473.0,474.0
4779.0,1116.0,1118.0,1119.0,479.0,475.0,472.0
4785.0,1110.0,1124.0,1117.0,477.0,483.0,474.0
4757.0,1112.0,1109.0,1107.0,478.0,476.0,475.0
4727.0,1105.0,1098.0,1102.0,476.0,473.0,473.0
4714.0,1099.0,1108.0,1091.0,474.0,473.0,469.0
4732.0,1098.0,1102.0,1113.0,471.0,474.0,474.0
4803.0,1111.0,1129.0,1127.0,479.0,477.0,480.0
4800.0,1117.0,1115.0,1121.0,485.0,478.0,484.0
4800.0,1124.0,1118.0,1115.0,479.0,480.0,484.0
4754.0,1101.0,1116.0,1104.0,478.0,476.0,479.0
4773.0,1120.0,1113.0,1112.0,476.0,477.0,475.0
4735.0,1106.0,1096.0,1110.0,474.0,472.0,477.0
4772.0,1110.0,1113.0,1121.0,475.0,481.0,472.0
4775.0,1113.0,1109.0,1118.0,478.0,480.0,477.0
4803.0,1121.0,1117.0,1124.0,481.0,480.0,480.0
4823.0,1129.0,1129.0,1121.0,482.0,480.0,482.0
4793.0,1114.0,1123.0,1112.0,482.0,481.0,481.0
4763.0,1109.0,1114.0,1108.0,476.0,476.0,480.0
4754.0,1111.0,1107.0,1107.0,481.0,473.0,475.0
4779.0,1103.0,1125.0,1120.0,475.0,479.0,477.0
4802.0,1117.0,1127.0,1121.0,478.0,482.0,477.0
4847.0,1137.0,1125.0,1131.0,485.0,488.0,481.0
4812.0,1127.0,1115.0,1122.0,483.0,485.0,480.0
4804.0,1117.0,1123.0,1121.0,481.0,480.0,482.0
4788.0,1119.0,1120.0,1115.0,482.0,479.0,473.0
4774.0,1112.0,1117.0,1119.0,475.0,475.0,476.0
4770.0,1107.0,1117.0,1111.0,478.0,477.0,480.0
4793.0,1123.0,1118.0,1115.0,480.0,478.0,479.0
4824.0,1131.0,1124.0,1116.0,485.0,483.0,485.0
4846.0,1128.0,1131.0,1135.0,484.0,483.0,485.0
4853.0,1125.0,1138.0,1128.0,489.0,488.0,485.0
4798.0,1114.0,1121.0,1125.0,480.0,480.0,478.0
4805.0,1127.0,1114.0,1124.0,481.0,479.0,480.0
4774.0,1115.0,1112.0,1118.0,474.0,476.0,479.0
4813.0,1118.0,1131.0,1119.0,483.0,483.0,479.0
4848.0,1139.0,1132.0,1122.0,486.0,482.0,487.0
4847.0,1126.0,1128.0,1132.0,485.0,487.0,489.0
4839.0,1123.0,1131.0,1134.0,480.0,487.0,484.0
4848.0,1124.0,1133.0,1135.0,486.0,486.0,484.0
4824.0,1127.0,1128.0,1124.0,483.0,480.0,482.0
4775.0,1106.0,1114.0,1112.0,481.0,482.0,480.0
4833.0,1125.0,1126.0,1125.0,483.0,487.0,487.0
4847.0,1132.0,1126.0,1136.0,483.0,486.0,484.0
4879.0,1139.0,1144.0,1138.0,485.0,488.0,485.0
4877.0,1130.0,1146.0,1140.0,490.0,483.0,488.0
4829.0,1124.0,1129.0,1128.0,486.0,481.0,481.0
4809.0,1132.0,1112.0,1120.0,483.0,482.0,480.0
4815.0,1127.0,1118.0,1123.0,484.0,481.0,482.0
4843.0,1127.0,1125.0,1132.0,486.0,486.0,487.0
4884.0,1145.0,1142.0,1136.0,484.0,488.0,489.0
4903.0,1139.0,1141.0,1144.0,495.0,490.0,494.0
4870.0,1134.0,1140.0,1136.0,487.0,483.0,490.0
4833.0,1141.0,1116.0,1123.0,485.0,484.0,484.0
4824.0,1127.0,1124.0,1125.0,482.0,485.0,481.0
4826.0,1129.0,1128.0,1122.0,486.0,484.0,477.0
4851.0,1134.0,1133.0,1126.0,488.0,487.0,483.0
4903.0,1148.0,1139.0,1151.0,488.0,490.0,487.0
4917.0,1152.0,1143.0,1144.0,490.0,495.0,493.0
4901.0,1139.0,1151.0,1147.0,487.0,489.0,488.0
4850.0,1129.0,1139.0,1127.0,483.0,489.0,483.0
4841.0,1132.0,1121.0,1127.0,487.0,487.0,487.0
4830.0,1119.0,1125.0,1127.0,490.0,480.0,489.0
4872.0,1133.0,1135.0,1139.0,488.0,486.0,491.0
4920.0,1147.0,1153.0,1150.0,491.0,486.0,493.0
4908.0,1144.0,1148.0,1149.0,489.0,488.0,490.0
4882.0,1133.0,1148.0,1139.0,483.0,493.0,486.0
4846.0,1134.0,1126.0,1127.0,485.0,490.0,484.0
4849.0,1134.0,1120.0,1132.0,486.0,489.0,488.0
4852.0,1129.0,1137.0,1133.0,487.0,482.0,484.0
4900.0,1138.0,1151.0,1143.0,491.0,487.0,490.0
4925.0,1146.0,1144.0,1153.0,496.0,490.0,496.0
4913.0,1139.0,1149.0,1148.0,491.0,492.0,494.0
4885.0,1138.0,1142.0,1139.0,487.0,490.0,489.0
4899.0,1146.0,1151.0,1138.0,491.0,487.0,486.0
4882.0,1141.0,1143.0,1140.0,486.0,489.0,483.0
4897.0,1139.0,1140.0,1150.0,487.0,490.0,491.0
4915.0,1145.0,1142.0,1152.0,491.0,495.0,490.0
4946.0,1155.0,1156.0,1149.0,497.0,494.0,495.0
4957.0,1159.0,1159.0,1151.0,499.0,491.0,498.0
4917.0,1139.0,1152.0,1146.0,491.0,494.0,495.0
4892.0,1148.0,1141.0,1138.0,486.0,487.0,492.0
4879.0,1132.0,1136.0,1146.0,490.0,487.0,488.0
4904.0,1140.0,1151.0,1145.0,487.0,490.0,491.0
4923.0,1145.0,1150.0,1152.0,492.0,492.0,492.0
4955.0,1153.0,1161.0,1155.0,495.0,495.0,496.0
4948.0,1158.0,1150.0,1152.0,498.0,495.0,495.0
4931.0,1143.0,1149.0,1154.0,496.0,496.0,493.0
4919.0,1150.0,1142.0,1152.0,492.0,492.0,491.0
4919.0,1151.0,1153.0,1145.0,489.0,489.0,492.0
4910.0,1135.0,1152.0,1156.0,485.0,490.0,492.0
4926.0,1147.0,1148.0,1157.0,491.0,492.0,491.0
4953.0,1160.0,1149.0,1151.0,499.0,494.0,500.0
4976.0,1160.0,1169.0,1155.0,498.0,495.0,499.0
4969.0,1145.0,1170.0,1165.0,498.0,497.0,494.0
4940.0,1159.0,1147.0,1156.0,491.0,496.0,491.0
4900.0,1144.0,1137.0,1146.0,493.0,492.0,488.0
4911.0,1145.0,1144.0,1147.0,490.0,493.0,492.0
4935.0,1149.0,1151.0,1151.0,496.0,492.0,496.0
4983.0,1166.0,1165.0,1161.0,496.0,495.0,500.0
4984.0,1166.0,1164.0,1163.0,496.0,496.0,499.0
4957.0,1155.0,1149.0,1161.0,500.0,497.0,495.0
4954.0,1153.0,1154.0,1159.0,495.0,497.0,496.0
4914.0,1147.0,1147.0,1147.0,491.0,489.0,493.0
4918.0,1146.0,1153.0,1142.0,493.0,495.0,489.0
4954.0,1157.0,1165.0,1152.0,491.0,494.0,495.0
5005.0,1170.0,1168.0,1165.0,503.0,502.0,497.0
4992.0,1165.0,1161.0,1170.0,501.0,496.0,499.0
4996.0,1164.0,1166.0,1166.0,501.0,499.0,500.0
4962.0,1156.0,1163.0,1153.0,496.0,497.0,497.0
4920.0,1144.0,1151.0,1148.0,493.0,488.0,496.0
4936.0,1149.0,1152.0,1146.0,495.0,495.0,499.0
4975.0,1169.0,1151.0,1157.0,497.0,502.0,499.0
5009.0,1167.0,1166.0,1177.0,498.0,500.0,501.0
5025.0,1166.0,1171.0,1179.0,503.0,504.0,502.0
5000.0,1168.0,1164.0,1166.0,501.0,501.0,500.0
4980.0,1172.0,1156.0,1158.0,499.0,500.0,495.0
4948.0,1159.0,1152.0,1151.0,496.0,495.0,495.0
4969.0,1160.0,1156.0,1166.0,502.0,492.0,493.0
4981.0,1166.0,1167.0,1161.0,496.0,496.0,495.0
5026.0,1173.0,1174.0,1177.0,497.0,503.0,502.0
5015.0,1164.0,1161.0,1180.0,500.0,504.0,506.0
4996.0,1160.0,1166.0,1163.0,503.0,503.0,501.0
5008.0,1169.0,1168.0,1165.0,504.0,499.0,503.0
4969.0,1160.0,1164.0,1154.0,498.0,497.0,496.0
4943.0,1148.0,1151.0,1156.0,495.0,493.0,500.0
5008.0,1166.0,1166.0,1176.0,500.0,498.0,502.0
5018.0,1171.0,1175.0,1170.0,502.0,500.0,500.0
5024.0,1164.0,1175.0,1180.0,501.0,501.0,503.0
5012.0,1168.0,1175.0,1166.0,495.0,506.0,502.0
4982.0,1159.0,1160.0,1167.0,498.0,502.0,496.0
4960.0,1162.0,1149.0,1155.0,498.0,498.0,498.0
4987.0,1156.0,1166.0,1165.0,499.0,501.0,500.0
5022.0,1167.0,1175.0,1173.0,503.0,499.0,505.0
5064.0,1192.0,1181.0,1178.0,503.0,505.0,505.0
5041.0,1177.0,1173.0,1173.0,501.0,507.0,510.0
5020.0,1169.0,1171.0,1172.0,503.0,500.0,505.0
4995.0,1169.0,1167.0,1158.0,501.0,502.0,498.0
4993.0,1161.0,1168.0,1171.0,497.0,499.0,497.0
5002.0,1169.0,1163.0,1167.0,503.0,501.0,499.0
5047.0,1178.0,1174.0,1182.0,508.0,503.0,502.0
5078.0,1187.0,1180.0,1186.0,510.0,508.0,507.0
5074.0,1181.0,1185.0,1185.0,504.0,508.0,511.0
5058.0,1175.0,1180.0,1183.0,505.0,507.0,508.0
5029.0,1180.0,1165.0,1179.0,500.0,500.0,505.0
4998.0,1164.0,1167.0,1166.0,501.0,502.0,498.0
5032.0,1170.0,1168.0,1183.0,504.0,501.0,506.0
5064.0,1186.0,1174.0,1183.0,505.0,508.0,508.0
5101.0,1193.0,1188.0,1193.0,509.0,511.0,507.0
5081.0,1182.0,1187.0,1183.0,511.0,513.0,505.0
5069.0,1184.0,1176.0,1184.0,505.0,512.0,508.0
5058.0,1189.0,1176.0,1178.0,502.0,507.0,506.0
5026.0,1177.0,1165.0,1177.0,499.0,505.0,503.0
5017.0,1169.0,1169.0,1178.0,499.0,502.0,500.0
5050.0,1177.0,1172.0,1183.0,505.0,506.0,507.0
5081.0,1193.0,1184.0,1177.0,511.0,508.0,508.0
5090.0,1196.0,1171.0,1191.0,514.0,506.0,512.0
5078.0,1175.0,1191.0,1183.0,510.0,511.0,508.0
5076.0,1187.0,1184.0,1189.0,503.0,508.0,505.0
5043.0,1178.0,1175.0,1181.0,501.0,504.0,504.0
5036.0,1177.0,1171.0,1182.0,502.0,503.0,501.0
5054.0,1183.0,1184.0,1167.0,506.0,507.0,507.0
5109.0,1186.0,1192.0,1196.0,514.0,512.0,509.0
5124.0,1201.0,1198.0,1194.0,514.0,507.0,510.0
5103.0,1180.0,1198.0,1195.0,508.0,508.0,514.0
5077.0,1189.0,1175.0,1186.0,507.0,508.0,512.0
5054.0,1179.0,1174.0,1182.0,505.0,507.0,507.0
5057.0,1176.0,1187.0,1176.0,505.0,509.0,504.0
5074.0,1186.0,1191.0,1177.0,505.0,510.0,505.0
5134.0,1199.0,1196.0,1197.0,516.0,511.0,515.0
5109.0,1193.0,1190.0,1193.0,512.0,510.0,511.0
5105.0,1191.0,1188.0,1194.0,512.0,511.0,509.0
5079.0,1191.0,1187.0,1182.0,507.0,505.0,507.0
5074.0,1182.0,1188.0,1185.0,503.0,507.0,509.0
5053.0,1179.0,1182.0,1175.0,503.0,508.0,506.0
5103.0,1197.0,1181.0,1196.0,507.0,510.0,512.0
5115.0,1195.0,1189.0,1195.0,509.0,514.0,513.0
5145.0,1198.0,1197.0,1201.0,516.0,514.0,519.0
5133.0,1194.0,1200.0,1197.0,514.0,514.0,514.0
5109.0,1198.0,1193.0,1184.0,514.0,509.0,511.0
5066.0,1187.0,1178.0,1177.0,508.0,509.0,507.0
5071.0,1184.0,1193.0,1183.0,506.0,502.0,503.0
5090.0,1190.0,1193.0,1180.0,510.0,509.0,508.0
5165.0,1213.0,1199.0,1213.0,514.0,513.0,513.0
5149.0,1199.0,1198.0,1205.0,512.0,521.0,514.0
5141.0,1197.0,1195.0,1204.0,514.0,516.0,515.0
5095.0,1193.0,1190.0,1180.0,514.0,507.0,511.0
5100.0,1191.0,1193.0,1183.0,510.0,510.0,513.0
5080.0,1179.0,1186.0,1182.0,511.0,511.0,511.0
5136.0,1199.0,1198.0,1202.0,512.0,512.0,513.0
5162.0,1209.0,1197.0,1210.0,513.0,515.0,518.0
5166.0,1198.0,1201.0,1217.0,520.0,516.0,514.0
5132.0,1192.0,1205.0,1199.0,514.0,512.0,510.0
5120.0,1195.0,1196.0,1194.0,513.0,509.0,513.0
5105.0,1185.0,1191.0,1189.0,515.0,513.0,512.0
5115.0,1184.0,1188.0,1205.0,510.0,517.0,511.0
5161.0,1206.0,1211.0,1200.0,512.0,516.0,516.0
5193.0,1206.0,1216.0,1219.0,517.0,517.0,518.0
5184.0,1204.0,1216.0,1210.0,516.0,518.0,520.0
5148.0,1196.0,1195.0,1205.0,520.0,517.0,515.0
5122.0,1208.0,1185.0,1195.0,513.0,508.0,513.0
5132.0,1200.0,1195.0,1200.0,512.0,512.0,513.0
5123.0,1193.0,1204.0,1198.0,514.0,506.0,508.0
5177.0,1205.0,1211.0,1209.0,517.0,520.0,515.0
5192.0,1213.0,1203.0,1220.0,517.0,519.0,520.0
5209.0,1212.0,1220.0,1215.0,518.0,524.0,520.0
5164.0,1201.0,1203.0,1205.0,516.0,518.0,521.0
5140.0,1205.0,1199.0,1198.0,511.0,513.0,514.0
5124.0,1199.0,1191.0,1193.0,514.0,511.0,516.0
5147.0,1199.0,1198.0,1208.0,514.0,511.0,517.0
5184.0,1218.0,1203.0,1215.0,518.0,514.0,516.0
5214.0,1220.0,1220.0,1215.0,516.0,522.0,521.0
5221.0,1219.0,1219.0,1215.0,524.0,523.0,521.0
5216.0,1215.0,1222.0,1217.0,518.0,527.0,517.0
5148.0,1199.0,1199.0,1205.0,517.0,516.0,512.0
5154.0,1205.0,1197.0,1206.0,515.0,516.0,515.0
5159.0,1192.0,1206.0,1210.0,520.0,513.0,518.0
5206.0,1218.0,1218.0,1210.0,525.0,518.0,517.0
5227.0,1222.0,1217.0,1217.0,525.0,524.0,522.0
5226.0,1226.0,1211.0,1224.0,524.0,520.0,521.0
5200.0,1214.0,1215.0,1216.0,518.0,517.0,520.0
5203.0,1212.0,1220.0,1221.0,516.0,518.0,516.0
5165.0,1198.0,1214.0,1213.0,515.0,513.0,512.0
5159.0,1198.0,1201.0,1203.0,515.0,525.0,517.0
5211.0,1220.0,1212.0,1215.0,521.0,522.0,521.0
5229.0,1223.0,1221.0,1216.0,524.0,524.0,521.0
5220.0,1214.0,1220.0,1226.0,518.0,519.0,523.0
5218.0,1213.0,1223.0,1218.0,521.0,522.0,521.0
5218.0,1224.0,1214.0,1220.0,518.0,519.0,523.0
5178.0,1214.0,1208.0,1212.0,511.0,515.0,518.0
5170.0,1203.0,1203.0,1205.0,520.0,522.0,517.0
5222.0,1219.0,1221.0,1216.0,523.0,523.0,520.0
5290.0,1235.0,1243.0,1230.0,529.0,530.0,523.0
5247.0,1218.0,1220.0,1227.0,525.0,531.0,526.0
5216.0,1213.0,1212.0,1227.0,525.0,520.0,519.0
5218.0,1218.0,1213.0,1222.0,521.0,526.0,518.0
5177.0,1212.0,1206.0,1206.0,514.0,519.0,520.0
5192.0,1206.0,1220.0,1207.0,519.0,519.0,521.0
5218.0,1211.0,1226.0,1219.0,522.0,520.0,520.0
5262.0,1232.0,1224.0,1224.0,529.0,524.0,529.0
5279.0,1226.0,1235.0,1232.0,530.0,526.0,530.0
5237.0,1213.0,1221.0,1230.0,526.0,525.0,522.0
5201.0,1213.0,1216.0,1212.0,521.0,518.0,521.0
5197.0,1217.0,1209.0,1211.0,522.0,520.0,518.0
5206.0,1219.0,1207.0,1216.0,518.0,525.0,521.0
5236.0,1223.0,1217.0,1227.0,524.0,521.0,524.0
5312.0,1243.0,1241.0,1244.0,531.0,525.0,528.0
5268.0,1219.0,1228.0,1237.0,530.0,526.0,528.0
5265.0,1221.0,1228.0,1229.0,531.0,528.0,528.0
5231.0,1218.0,1218.0,1214.0,528.0,529.0,524.0
5217.0,1218.0,1220.0,1207.0,517.0,527.0,528.0
5217.0,1216.0,1217.0,1221.0,517.0,522.0,524.0
5267.0,1224.0,1234.0,1230.0,524.0,529.0,526.0
5287.0,1229.0,1230.0,1239.0,529.0,529.0,531.0
5287.0,1235.0,1236.0,1236.0,527.0,527.0,526.0
5285.0,1227.0,1242.0,1232.0,531.0,527.0,526.0
5234.0,1226.0,1228.0,1208.0,524.0,525.0,523.0
5233.0,1220.0,1229.0,1216.0,524.0,524.0,520.0
5227.0,1217.0,1217.0,1223.0,520.0,527.0,523.0
5280.0,1228.0,1225.0,1240.0,525.0,531.0,531.0
5315.0,1244.0,1235.0,1243.0,530.0,531.0,532.0
5319.0,1239.0,1243.0,1241.0,530.0,532.0,534.0
5301.0,1243.0,1237.0,1233.0,528.0,527.0,533.0
5229.0,1227.0,1211.0,1219.0,527.0,520.0,525.0
5233.0,1222.0,1223.0,1222.0,522.0,523.0,521.0
5265.0,1217.0,1236.0,1235.0,530.0,527.0,520.0
5282.0,1230.0,1235.0,1239.0,525.0,527.0,526.0
5308.0,1243.0,1247.0,1236.0,527.0,529.0,526.0
5300.0,1236.0,1233.0,1240.0,529.0,530.0,532.0
5286.0,1239.0,1236.0,1224.0,530.0,527.0,530.0
5290.0,1236.0,1240.0,1232.0,528.0,528.0,526.0
5269.0,1225.0,1237.0,1226.0,530.0,524.0,527.0
5262.0,1221.0,1229.0,1235.0,524.0,525.0,528.0
5283.0,1232.0,1231.0,1233.0,527.0,530.0,530.0
5333.0,1249.0,1245.0,1239.0,533.0,536.0,531.0
5321.0,1240.0,1244.0,1238.0,532.0,533.0,534.0
5334.0,1245.0,1245.0,1241.0,535.0,537.0,531.0
5297.0,1236.0,1228.0,1241.0,532.0,532.0,528.0
5275.0,1230.0,1227.0,1233.0,529.0,528.0,528.0
5281.0,1230.0,1237.0,1235.0,525.0,528.0,526.0
5312.0,1237.0,1242.0,1243.0,531.0,526.0,533.0
5351.0,1253.0,1252.0,1240.0,535.0,533.0,538.0
5354.0,1254.0,1254.0,1250.0,532.0,530.0,534.0
5344.0,1246.0,1243.0,1254.0,533.0,533.0,535.0
5319.0,1243.0,1239.0,1242.0,531.0,531.0,533.0
5308.0,1234.0,1240.0,1239.0,534.0,533.0,528.0
5281.0,1225.0,1238.0,1229.0,529.0,533.0,527.0
5323.0,1252.0,1234.0,1238.0,533.0,535.0,531.0
5363.0,1256.0,1251.0,1245.0,538.0,537.0,536.0
5365.0,1257.0,1253.0,1256.0,531.0,532.0,536.0
5333.0,1241.0,1244.0,1251.0,531.0,533.0,533.0
5339.0,1250.0,1252.0,1243.0,531.0,529.0,534.0
5306.0,1238.0,1234.0,1239.0,533.0,531.0,531.0
5297.0,1237.0,1229.0,1233.0,531.0,535.0,532.0
5327.0,1250.0,1244.0,1229.0,538.0,534.0,532.0
5378.0,1258.0,1260.0,1248.0,535.0,540.0,537.0
5391.0,1258.0,1255.0,1267.0,535.0,534.0,542.0
5375.0,1242.0,1252.0,1266.0,538.0,540.0,537.0
5322.0,1244.0,1238.0,1245.0,533.0,531.0,531.0
5341.0,1253.0,1247.0,1244.0,531.0,533.0,533.0
5319.0,1237.0,1247.0,1238.0,534.0,531.0,532.0
5344.0,1249.0,1251.0,1239.0,535.0,533.0,537.0
5390.0,1258.0,1254.0,1259.0,542.0,536.0,541.0
5403.0,1253.0,1256.0,1271.0,539.0,541.0,543.0
5372.0,1244.0,1260.0,1259.0,535.0,537.0,537.0
5339.0,1245.0,1251.0,1239.0,534.0,538.0,532.0
5339.0,1252.0,1245.0,1244.0,533.0,534.0,531.0
5318.0,1239.0,1246.0,1236.0,534.0,532.0,531.0
5352.0,1247.0,1247.0,1247.0,536.0,538.0,537.0
5403.0,1260.0,1264.0,1261.0,542.0,537.0,539.0
5397.0,1263.0,1254.0,1260.0,540.0,539.0,541.0
5381.0,1249.0,1257.0,1261.0,537.0,534.0,543.0
5361.0,1250.0,1249.0,1252.0,533.0,538.0,539.0
5320.0,1242.0,1244.0,1234.0,532.0,536.0,532.0
5341.0,1238.0,1248.0,1246.0,536.0,536.0,537.0
5405.0,1263.0,1260.0,1264.0,540.0,538.0,540.0
5410.0,1265.0,1260.0,1265.0,543.0,540.0,537.0
5423.0,1260.0,1263.0,1274.0,547.0,539.0,540.0
5385.0,1253.0,1260.0,1260.0,539.0,535.0,538.0
5353.0,1257.0,1250.0,1245.0,535.0,533.0,533.0
5376.0,1255.0,1267.0,1251.0,533.0,537.0,533.0
5361.0,1248.0,1245.0,1257.0,536.0,539.0,536.0
5415.0,1263.0,1262.0,1267.0,538.0,542.0,543.0
5427.0,1269.0,1263.0,1264.0,541.0,545.0,545.0
5421.0,1261.0,1273.0,1262.0,538.0,542.0,545.0
5414.0,1252.0,1275.0,1257.0,544.0,544.0,542.0
5390.0,1257.0,1259.0,1260.0,537.0,538.0,539.0
5374.0,1266.0,1250.0,1252.0,536.0,535.0,535.0
5361.0,1244.0,1254.0,1252.0,536.0,537.0,538.0
5407.0,1261.0,1264.0,1266.0,541.0,534.0,541.0
5454.0,1276.0,1271.0,1270.0,546.0,546.0,545.0
5459.0,1275.0,1274.0,1267.0,548.0,547.0,548.0
5439.0,1277.0,1263.0,1266.0,545.0,545.0,543.0
5401.0,1262.0,1262.0,1258.0,540.0,537.0,542.0
5390.0,1252.0,1265.0,1257.0,540.0,539.0,537.0
5409.0,1260.0,1264.0,1268.0,539.0,537.0,541.0
5424.0,1266.0,1258.0,1274.0,541.0,542.0,543.0
5459.0,1287.0,1264.0,1272.0,545.0,546.0,545.0
5453.0,1276.0,1269.0,1270.0,545.0,547.0,546.0
5433.0,1263.0,1269.0,1268.0,547.0,545.0,541.0
5417.0,1266.0,1262.0,1263.0,543.0,542.0,541.0
5400.0,1264.0,1259.0,1263.0,536.0,539.0,539.0
5382.0,1257.0,1251.0,1256.0,538.0,540.0,540.0
5433.0,1265.0,1268.0,1269.0,545.0,541.0,545.0
5458.0,1272.0,1272.0,1271.0,548.0,545.0,550.0
5458.0,1266.0,1273.0,1278.0,548.0,544.0,549.0
5455.0,1275.0,1271.0,1267.0,546.0,546.0,550.0
5446.0,1271.0,1265.0,1281.0,544.0,544.0,541.0
5420.0,1256.0,1269.0,1269.0,543.0,543.0,540.0
5410.0,1257.0,1268.0,1266.0,542.0,538.0,539.0
5442.0,1263.0,1280.0,1267.0,546.0,546.0,540.0
5456.0,1281.0,1265.0,1270.0,545.0,546.0,549.0
5481.0,1276.0,1284.0,1275.0,547.0,550.0,549.0
5469.0,1271.0,1278.0,1283.0,545.0,542.0,550.0
5447.0,1272.0,1278.0,1267.0,545.0,543.0,542.0
5451.0,1269.0,1272.0,1278.0,542.0,546.0,544.0
5424.0,1263.0,1265.0,1267.0,543.0,542.0,544.0
5456.0,1281.0,1268.0,1265.0,543.0,550.0,549.0
5519.0,1299.0,1286.0,1283.0,550.0,553.0,548.0
5519.0,1287.0,1294.0,1285.0,546.0,556.0,551.0
5478.0,1276.0,1277.0,1281.0,547.0,550.0,547.0
5471.0,1282.0,1273.0,1277.0,543.0,548.0,548.0
5425.0,1266.0,1269.0,1260.0,548.0,540.0,542.0
5432.0,1261.0,1273.0,1267.0,544.0,542.0,545.0
5484.0,1276.0,1279.0,1283.0,546.0,549.0,551.0
5521.0,1293.0,1283.0,1292.0,549.0,552.0,552.0
5535.0,1295.0,1286.0,1293.0,551.0,554.0,556.0
5503.0,1288.0,1283.0,1283.0,552.0,549.0,548.0
5463.0,1283.0,1276.0,1274.0,543.0,546.0,541.0
5453.0,1276.0,1271.0,1269.0,548.0,545.0,544.0
5453.0,1265.0,1277.0,1273.0,547.0,546.0,545.0
5489.0,1281.0,1279.0,1285.0,551.0,548.0,545.0
5535.0,1295.0,1291.0,1292.0,553.0,550.0,554.0
5544.0,1291.0,1291.0,1298.0,556.0,553.0,555.0
5519.0,1290.0,1283.0,1291.0,550.0,550.0,555.0
5466.0,1277.0,1278.0,1270.0,542.0,548.0,551.0
5462.0,1275.0,1272.0,1270.0,547.0,547.0,551.0
5461.0,1275.0,1266.0,1273.0,547.0,550.0,550.0
5515.0,1292.0,1287.0,1281.0,554.0,549.0,552.0
5536.0,1289.0,1292.0,1298.0,554.0,553.0,550.0
5537.0,1288.0,1296.0,1295.0,555.0,553.0,550.0
5516.0,1291.0,1288.0,1282.0,551.0,553.0,551.0
5482.0,1280.0,1281.0,1280.0,545.0,547.0,549.0
5476.0,1290.0,1277.0,1274.0,545.0,545.0,545.0
5490.0,1272.0,1288.0,1280.0,551.0,547.0,552.0
5513.0,1292.0,1275.0,1289.0,551.0,553.0,553.0
5549.0,1297.0,1284.0,1293.0,559.0,557.0,559.0
5558.0,1298.0,1290.0,1295.0,560.0,556.0,559.0
5521.0,1283.0,1283.0,1291.0,552.0,558.0,554.0
5501.0,1281.0,1283.0,1288.0,549.0,550.0,550.0
5498.0,1288.0,1280.0,1288.0,548.0,547.0,547.0
5501.0,1280.0,1281.0,1295.0,549.0,545.0,551.0
5545.0,1290.0,1300.0,1300.0,552.0,551.0,552.0
5554.0,1295.0,1291.0,1298.0,558.0,556.0,556.0
5566.0,1293.0,1298.0,1300.0,558.0,560.0,557.0
5573.0,1303.0,1293.0,1298.0,559.0,561.0,559.0
5546.0,1292.0,1290.0,1295.0,556.0,555.0,558.0
5511.0,1285.0,1284.0,1289.0,548.0,549.0,556.0
5533.0,1291.0,1294.0,1291.0,549.0,552.0,556.0
5567.0,1296.0,1300.0,1303.0,554.0,556.0,558.0
5575.0,1306.0,1301.0,1297.0,559.0,555.0,557.0
5596.0,1307.0,1292.0,1313.0,564.0,561.0,559.0
5557.0,1296.0,1302.0,1289.0,561.0,555.0,554.0
5535.0,1293.0,1293.0,1285.0,556.0,556.0,552.0
5534.0,1297.0,1290.0,1291.0,550.0,553.0,553.0
5524.0,1287.0,1282.0,1296.0,552.0,554.0,553.0
5547.0,1292.0,1296.0,1289.0,556.0,554.0,560.0
5608.0,1305.0,1306.0,1308.0,566.0,559.0,564.0
5599.0,1298.0,1315.0,1305.0,563.0,556.0,562.0
5576.0,1295.0,1305.0,1303.0,561.0,556.0,556.0
5530.0,1288.0,1289.0,1293.0,558.0,551.0,551.0
5546.0,1297.0,1287.0,1301.0,553.0,556.0,552.0
5545.0,1290.0,1293.0,1298.0,554.0,558.0,552.0
5584.0,1306.0,1302.0,1299.0,555.0,561.0,561.0
5598.0,1306.0,1301.0,1310.0,559.0,562.0,560.0
5614.0,1308.0,1312.0,1309.0,560.0,561.0,564.0
5593.0,1303.0,1301.0,1309.0,561.0,557.0,562.0
5594.0,1306.0,1306.0,1304.0,560.0,558.0,560.0
5559.0,1296.0,1297.0,1304.0,554.0,551.0,557.0
5549.0,1286.0,1296.0,1300.0,556.0,553.0,558.0
5580.0,1308.0,1300.0,1297.0,557.0,559.0,559.0
5639.0,1323.0,1315.0,1316.0,559.0,563.0,563.0
5641.0,1311.0,1323.0,1319.0,563.0,563.0,562.0
5615.0,1312.0,1308.0,1313.0,561.0,561.0,560.0
5580.0,1311.0,1293.0,1305.0,559.0,560.0,552.0
5586.0,1308.0,1300.0,1302.0,562.0,555.0,559.0
5563.0,1299.0,1297.0,1295.0,560.0,556.0,556.0
5604.0,1306.0,1309.0,1307.0,559.0,561.0,562.0
5660.0,1320.0,1332.0,1315.0,561.0,567.0,565.0
5639.0,1317.0,1317.0,1318.0,560.0,561.0,566.0
5610.0,1307.0,1297.0,1321.0,560.0,562.0,563.0
5571.0,1300.0,1303.0,1296.0,557.0,559.0,556.0
5590.0,1306.0,1306.0,1301.0,561.0,560.0,556.0
5571.0,1301.0,1296.0,1300.0,560.0,559.0,555.0
5622.0,1313.0,1313.0,1309.0,562.0,563.0,562.0
5649.0,1318.0,1318.0,1320.0,565.0,564.0,564.0
5665.0,1321.0,1317.0,1329.0,562.0,568.0,568.0
5654.0,1317.0,1323.0,1322.0,563.0,565.0,564.0
5616.0,1310.0,1314.0,1307.0,558.0,560.0,567.0
5587.0,1307.0,1299.0,1300.0,559.0,561.0,561.0
5593.0,1301.0,1300.0,1306.0,558.0,565.0,563.0
5668.0,1323.0,1320.0,1329.0,566.0,565.0,565.0
5687.0,1331.0,1330.0,1323.0,565.0,572.0,566.0
5672.0,1317.0,1326.0,1328.0,565.0,569.0,567.0
5629.0,1308.0,1309.0,1324.0,560.0,564.0,564.0
5603.0,1318.0,1303.0,1304.0,559.0,561.0,558.0
5593.0,1308.0,1310.0,1294.0,560.0,560.0,561.0
5615.0,1307.0,1310.0,1311.0,563.0,562.0,562.0
5670.0,1319.0,1325.0,1324.0,567.0,568.0,567.0
5697.0,1335.0,1321.0,1331.0,567.0,570.0,573.0
5678.0,1320.0,1320.0,1326.0,569.0,573.0,570.0
5647.0,1317.0,1310.0,1319.0,567.0,567.0,567.0
5643.0,1319.0,1319.0,1315.0,563.0,565.0,562.0
5640.0,1317.0,1317.0,1314.0,564.0,563.0,565.0
5612.0,1304.0,1307.0,1317.0,561.0,563.0,560.0
5664.0,1320.0,1318.0,1325.0,569.0,565.0,567.0
5705.0,1332.0,1329.0,1332.0,570.0,574.0,568.0
5695.0,1328.0,1332.0,1329.0,564.0,570.0,572.0
5664.0,1324.0,1319.0,1319.0,564.0,569.0,569.0
5637.0,1318.0,1315.0,1311.0,562.0,564.0,567.0
5642.0,1318.0,1312.0,1320.0,560.0,568.0,564.0
5653.0,1307.0,1325.0,1321.0,565.0,566.0,569.0
5686.0,1320.0,1331.0,1329.0,569.0,567.0,570.0
5722.0,1344.0,1341.0,1331.0,570.0,569.0,567.0
5689.0,1324.0,1328.0,1328.0,573.0,569.0,567.0
5702.0,1335.0,1329.0,1331.0,569.0,569.0,569.0
5684.0,1327.0,1333.0,1325.0,565.0,568.0,566.0
5649.0,1310.0,1326.0,1316.0,566.0,564.0,567.0
5668.0,1322.0,1324.0,1324.0,562.0,568.0,568.0
5698.0,1331.0,1320.0,1335.0,572.0,569.0,571.0
5709.0,1338.0,1327.0,1327.0,573.0,572.0,572.0
5738.0,1340.0,1338.0,1335.0,579.0,573.0,573.0
5709.0,1328.0,1325.0,1339.0,573.0,570.0,574.0
5673.0,1329.0,1316.0,1330.0,564.0,566.0,568.0
5686.0,1324.0,1327.0,1337.0,566.0,567.0,565.0
5673.0,1318.0,1327.0,1327.0,567.0,570.0,564.0
5705.0,1334.0,1333.0,1326.0,569.0,574.0,569.0
5755.0,1345.0,1338.0,1347.0,575.0,577.0,573.0
5731.0,1336.0,1334.0,1339.0,573.0,572.0,577.0
5725.0,1336.0,1329.0,1340.0,572.0,574.0,574.0
5707.0,1329.0,1328.0,1338.0,572.0,571.0,569.0
5713.0,1332.0,1337.0,1334.0,571.0,568.0,571.0
5687.0,1322.0,1331.0,1328.0,569.0,567.0,570.0
5711.0,1336.0,1338.0,1327.0,568.0,571.0,571.0
5744.0,1352.0,1324.0,1344.0,577.0,574.0,573.0
5773.0,1340.0,1350.0,1347.0,579.0,579.0,578.0
5767.0,1331.0,1354.0,1351.0,581.0,576.0,574.0
5724.0,1341.0,1336.0,1331.0,574.0,575.0,567.0
5688.0,1331.0,1321.0,1325.0,573.0,568.0,570.0
5668.0,1319.0,1320.0,1326.0,565.0,565.0,573.0
5732.0,1339.0,1334.0,1338.0,570.0,575.0,576.0
5768.0,1346.0,1346.0,1348.0,575.0,573.0,580.0
5766.0,1347.0,1338.0,1350.0,577.0,576.0,578.0
5753.0,1343.0,1340.0,1344.0,575.0,573.0,578.0
5720.0,1341.0,1328.0,1334.0,573.0,572.0,572.0
5708.0,1333.0,1333.0,1332.0,568.0,570.0,572.0
5704.0,1317.0,1338.0,1335.0,569.0,571.0,574.0
5734.0,1335.0,1342.0,1343.0,570.0,572.0,572.0
5787.0,1356.0,1342.0,1354.0,578.0,578.0,579.0
5757.0,1333.0,1339.0,1352.0,579.0,576.0,578.0
5770.0,1342.0,1349.0,1345.0,577.0,576.0,581.0
5730.0,1336.0,1337.0,1338.0,571.0,573.0,575.0
5732.0,1340.0,1338.0,1335.0,571.0,575.0,573.0
5732.0,1331.0,1335.0,1341.0,572.0,574.0,579.0
5763.0,1348.0,1340.0,1349.0,572.0,577.0,577.0
5806.0,1357.0,1354.0,1359.0,578.0,582.0,576.0
5804.0,1353.0,1358.0,1356.0,580.0,581.0,576.0
5794.0,1343.0,1354.0,1357.0,580.0,581.0,579.0
5744.0,1349.0,1336.0,1337.0,577.0,573.0,572.0
5751.0,1352.0,1336.0,1344.0,574.0,571.0,574.0
5742.0,1327.0,1353.0,1335.0,576.0,575.0,576.0
5764.0,1343.0,1347.0,1350.0,577.0,574.0,573.0
5821.0,1365.0,1351.0,1359.0,581.0,581.0,584.0
5824.0,1357.0,1355.0,1361.0,581.0,586.0,584.0
5783.0,1347.0,1348.0,1351.0,580.0,579.0,578.0
5770.0,1350.0,1347.0,1340.0,579.0,578.0,576.0
5747.0,1343.0,1345.0,1339.0,576.0,572.0,572.0
5763.0,1337.0,1346.0,1347.0,581.0,576.0,576.0
5784.0,1348.0,1350.0,1355.0,577.0,579.0,575.0
5834.0,1366.0,1365.0,1359.0,582.0,583.0,579.0
5840.0,1363.0,1371.0,1358.0,582.0,581.0,585.0
5797.0,1355.0,1361.0,1347.0,579.0,577.0,578.0
5778.0,1353.0,1349.0,1344.0,577.0,576.0,579.0
5773.0,1345.0,1343.0,1353.0,575.0,579.0,578.0
5796.0,1350.0,1355.0,1353.0,581.0,577.0,580.0
5803.0,1351.0,1356.0,1351.0,583.0,581.0,581.0
5808.0,1359.0,1360.0,1346.0,581.0,580.0,582.0
5830.0,1360.0,1367.0,1354.0,586.0,584.0,579.0
5806.0,1349.0,1354.0,1361.0,581.0,580.0,581.0
5785.0,1356.0,1346.0,1348.0,581.0,577.0,577.0
5780.0,1344.0,1349.0,1350.0,578.0,580.0,579.0
5783.0,1342.0,1353.0,1351.0,580.0,579.0,578.0
5827.0,1362.0,1350.0,1365.0,584.0,582.0,584.0
5858.0,1374.0,1358.0,1361.0,590.0,590.0,585.0
5855.0,1365.0,1369.0,1360.0,584.0,588.0,589.0
5835.0,1354.0,1365.0,1361.0,582.0,584.0,589.0
5806.0,1355.0,1358.0,1355.0,579.0,578.0,581.0
5764.0,1343.0,1343.0,1350.0,576.0,575.0,577.0
5793.0,1345.0,1352.0,1359.0,577.0,578.0,582.0
5844.0,1362.0,1357.0,1366.0,590.0,586.0,583.0
5870.0,1372.0,1373.0,1362.0,588.0,590.0,585.0
5871.0,1363.0,1377.0,1366.0,588.0,589.0,588.0
5835.0,1360.0,1357.0,1362.0,583.0,586.0,587.0
5853.0,1369.0,1363.0,1369.0,583.0,582.0,587.0
5808.0,1357.0,1361.0,1357.0,575.0,578.0,580.0
5812.0,1357.0,1362.0,1353.0,578.0,580.0,582.0
5838.0,1367.0,1363.0,1353.0,586.0,583.0,586.0
5875.0,1375.0,1369.0,1366.0,593.0,586.0,586.0
5870.0,1369.0,1363.0,1366.0,596.0,589.0,587.0
5871.0,1360.0,1372.0,1375.0,588.0,589.0,587.0
5851.0,1365.0,1370.0,1367.0,585.0,583.0,581.0
5817.0,1357.0,1360.0,1360.0,576.0,584.0,580.0
5815.0,1351.0,1355.0,1357.0,581.0,586.0,585.0
5871.0,1371.0,1367.0,1371.0,587.0,587.0,588.0
5923.0,1386.0,1376.0,1384.0,593.0,590.0,594.0
5897.0,1374.0,1379.0,1373.0,590.0,588.0,593.0
5892.0,1370.0,1376.0,1381.0,590.0,588.0,587.0
5859.0,1366.0,1360.0,1373.0,587.0,586.0,587.0
5802.0,1357.0,1354.0,1345.0,583.0,585.0,578.0
5864.0,1372.0,1363.0,1371.0,586.0,588.0,584.0
5873.0,1365.0,1381.0,1365.0,586.0,589.0,587.0
5910.0,1382.0,1373.0,1380.0,591.0,591.0,593.0
5892.0,1374.0,1370.0,1379.0,589.0,589.0,591.0
5878.0,1369.0,1372.0,1366.0,591.0,588.0,592.0
5870.0,1377.0,1371.0,1363.0,588.0,584.0,587.0
5844.0,1370.0,1361.0,1362.0,584.0,581.0,586.0
5853.0,1360.0,1362.0,1370.0,585.0,587.0,589.0
5885.0,1380.0,1369.0,1373.0,586.0,590.0,587.0
5936.0,1382.0,1385.0,1396.0,593.0,590.0,590.0
5942.0,1384.0,1384.0,1390.0,597.0,595.0,592.0
5904.0,1382.0,1376.0,1378.0,590.0,590.0,588.0
5870.0,1372.0,1371.0,1364.0,590.0,589.0,584.0
5843.0,1369.0,1359.0,1360.0,586.0,582.0,587.0
5858.0,1372.0,1365.0,1367.0,582.0,586.0,586.0
5892.0,1369.0,1379.0,1376.0,586.0,592.0,590.0
5931.0,1387.0,1384.0,1381.0,590.0,594.0,595.0
5930.0,1383.0,1384.0,1375.0,596.0,595.0,597.0
5907.0,1371.0,1381.0,1379.0,592.0,591.0,593.0
5915.0,1384.0,1378.0,1375.0,594.0,593.0,591.0
5886.0,1370.0,1374.0,1371.0,589.0,593.0,589.0
5886.0,1377.0,1369.0,1378.0,592.0,586.0,584.0
5908.0,1380.0,1372.0,1385.0,590.0,590.0,591.0
5929.0,1390.0,1380.0,1384.0,590.0,589.0,596.0
5949.0,1388.0,1388.0,1393.0,590.0,595.0,595.0
5922.0,1380.0,1382.0,1382.0,592.0,590.0,596.0
5908.0,1379.0,1377.0,1376.0,592.0,592.0,592.0
5901.0,1377.0,1370.0,1377.0,593.0,593.0,591.0
5887.0,1369.0,1365.0,1376.0,590.0,594.0,593.0
5923.0,1380.0,1380.0,1385.0,595.0,593.0,590.0
5952.0,1397.0,1387.0,1392.0,592.0,592.0,592.0
5956.0,1382.0,1388.0,1397.0,596.0,598.0,595.0
5942.0,1381.0,1389.0,1386.0,596.0,598.0,592.0
5917.0,1384.0,1379.0,1387.0,589.0,589.0,589.0
5901.0,1380.0,1368.0,1378.0,592.0,591.0,592.0
5906.0,1373.0,1378.0,1381.0,593.0,590.0,591.0
5940.0,1386.0,1386.0,1382.0,593.0,596.0,597.0
5972.0,1398.0,1388.0,1394.0,598.0,595.0,599.0
5964.0,1383.0,1390.0,1396.0,595.0,598.0,602.0
5971.0,1393.0,1394.0,1393.0,597.0,596.0,598.0
5940.0,1388.0,1389.0,1387.0,594.0,588.0,594.0
5944.0,1382.0,1378.0,1399.0,595.0,592.0,598.0
5916.0,1384.0,1377.0,1379.0,593.0,593.0,590.0
5946.0,1393.0,1388.0,1380.0,596.0,593.0,596.0
5983.0,1399.0,1394.0,1394.0,600.0,600.0,596.0
5995.0,1401.0,1403.0,1396.0,598.0,598.0,599.0
5987.0,1393.0,1399.0,1400.0,595.0,599.0,601.0
5948.0,1394.0,1380.0,1394.0,590.0,594.0,596.0
5934.0,1383.0,1383.0,1385.0,593.0,593.0,597.0
5919.0,1376.0,1385.0,1382.0,591.0,590.0,595.0
5988.0,1390.0,1410.0,1392.0,598.0,599.0,599.0
6009.0,1403.0,1405.0,1397.0,604.0,600.0,600.0
5990.0,1390.0,1397.0,1401.0,604.0,599.0,599.0
5992.0,1401.0,1389.0,1400.0,601.0,603.0,598.0
5976.0,1390.0,1397.0,1402.0,595.0,597.0,595.0
5958.0,1391.0,1389.0,1395.0,592.0,598.0,593.0
5948.0,1378.0,1395.0,1387.0,596.0,594.0,598.0
5991.0,1396.0,1399.0,1400.0,597.0,600.0,599.0
6021.0,1402.0,1408.0,1402.0,604.0,603.0,602.0
6035.0,1406.0,1413.0,1410.0,602.0,600.0,604.0
5991.0,1388.0,1397.0,1407.0,599.0,600.0,600.0
5966.0,1393.0,1396.0,1390.0,593.0,595.0,599.0
5943.0,1394.0,1384.0,1382.0,593.0,594.0,596.0
5968.0,1389.0,1398.0,1386.0,598.0,601.0,596.0
6001.0,1400.0,1402.0,1398.0,602.0,601.0,598.0
6019.0,1404.0,1399.0,1406.0,604.0,604.0,602.0
6024.0,1397.0,1399.0,1418.0,603.0,606.0,601.0
5999.0,1397.0,1395.0,1397.0,604.0,602.0,604.0
5982.0,1398.0,1401.0,1388.0,595.0,599.0,601.0
5953.0,1402.0,1390.0,1375.0,594.0,594.0,598.0
5976.0,1392.0,1397.0,1392.0,597.0,598.0,600.0
6014.0,1406.0,1399.0,1405.0,599.0,600.0,605.0
6055.0,1412.0,1411.0,1416.0,604.0,608.0,604.0
6058.0,1408.0,1414.0,1416.0,608.0,607.0,605.0
6032.0,1406.0,1407.0,1408.0,606.0,604.0,601.0
6005.0,1404.0,1405.0,1397.0,600.0,600.0,599.0
5982.0,1398.0,1400.0,1391.0,598.0,597.0,598.0
5982.0,1401.0,1394.0,1398.0,597.0,595.0,597.0
6041.0,1404.0,1410.0,1416.0,600.0,604.0,607.0
6073.0,1417.0,1412.0,1422.0,608.0,608.0,606.0
6063.0,1411.0,1421.0,1403.0,611.0,608.0,609.0
6032.0,1403.0,1407.0,1401.0,607.0,607.0,607.0
6019.0,1401.0,1405.0,1404.0,603.0,603.0,603.0
6021.0,1409.0,1401.0,1405.0,598.0,606.0,602.0
5989.0,1389.0,1402.0,1405.0,597.0,599.0,597.0
6036.0,1404.0,1416.0,1411.0,603.0,599.0,603.0
6083.0,1425.0,1410.0,1423.0,608.0,607.0,610.0
6052.0,1409.0,1409.0,1412.0,608.0,603.0,611.0
6058.0,1411.0,1418.0,1409.0,608.0,606.0,606.0
6018.0,1407.0,1399.0,1406.0,602.0,602.0,602.0
6036.0,1405.0,1405.0,1415.0,603.0,604.0,604.0
6032.0,1399.0,1406.0,1417.0,603.0,606.0,601.0
6042.0,1405.0,1403.0,1421.0,604.0,604.0,605.0
6077.0,1421.0,1414.0,1418.0,610.0,607.0,607.0
6092.0,1427.0,1426.0,1409.0,610.0,612.0,608.0
6088.0,1421.0,1425.0,1418.0,609.0,608.0,607.0
6046.0,1412.0,1404.0,1417.0,606.0,604.0,603.0
6021.0,1413.0,1396.0,1405.0,605.0,601.0,601.0
6037.0,1400.0,1416.0,1407.0,605.0,605.0,604.0
6082.0,1412.0,1422.0,1423.0,610.0,606.0,609.0
6102.0,1419.0,1424.0,1418.0,612.0,612.0,617.0
6123.0,1420.0,1435.0,1428.0,613.0,613.0,614.0
6082.0,1417.0,1415.0,1424.0,607.0,610.0,609.0
6077.0,1419.0,1412.0,1420.0,608.0,608.0,610.0
6066.0,1419.0,1417.0,1419.0,607.0,601.0,603.0
6054.0,1412.0,1418.0,1411.0,606.0,602.0,605.0
6060.0,1416.0,1413.0,1411.0,607.0,607.0,606.0
6114.0,1432.0,1429.0,1419.0,612.0,610.0,612.0
6128.0,1426.0,1434.0,1428.0,616.0,610.0,614.0
6120.0,1426.0,1432.0,1429.0,607.0,613.0,613.0
6098.0,1418.0,1423.0,1420.0,612.0,611.0,614.0
6045.0,1413.0,1399.0,1414.0,606.0,606.0,607.0
6063.0,1409.0,1415.0,1413.0,612.0,607.0,607.0
6124.0,1431.0,1431.0,1426.0,612.0,613.0,611.0
6126.0,1432.0,1437.0,1426.0,607.0,611.0,613.0
6124.0,1429.0,1424.0,1429.0,611.0,617.0,614.0
6131.0,1420.0,1427.0,1441.0,613.0,615.0,615.0
6093.0,1426.0,1416.0,1425.0,610.0,612.0,604.0
6053.0,1413.0,1414.0,1406.0,608.0,606.0,606.0
6084.0,1414.0,1428.0,1408.0,612.0,611.0,611.0
6115.0,1424.0,1426.0,1430.0,613.0,609.0,613.0
6155.0,1439.0,1436.0,1437.0,613.0,614.0,616.0
6136.0,1422.0,1438.0,1435.0,614.0,609.0,618.0
6118.0,1422.0,1435.0,1427.0,610.0,609.0,615.0
6084.0,1420.0,1419.0,1421.0,609.0,606.0,609.0
6080.0,1432.0,1409.0,1414.0,608.0,610.0,607.0
6089.0,1422.0,1417.0,1420.0,612.0,610.0,608.0
6122.0,1431.0,1429.0,1428.0,611.0,614.0,609.0
6189.0,1455.0,1439.0,1442.0,618.0,621.0,614.0
6177.0,1445.0,1443.0,1439.0,618.0,616.0,616.0
6131.0,1427.0,1430.0,1429.0,613.0,614.0,618.0
6100.0,1423.0,1423.0,1424.0,610.0,609.0,611.0
6094.0,1423.0,1432.0,1415.0,608.0,606.0,610.0
6113.0,1420.0,1430.0,1431.0,611.0,609.0,612.0
6146.0,1433.0,1436.0,1435.0,613.0,614.0,615.0
6166.0,1439.0,1438.0,1437.0,619.0,619.0,614.0
6172.0,1444.0,1442.0,1434.0,619.0,619.0,614.0
6146.0,1431.0,1436.0,1437.0,613.0,615.0,614.0
6142.0,1441.0,1432.0,1423.0,615.0,615.0,616.0
6118.0,1436.0,1427.0,1425.0,609.0,610.0,611.0
6097.0,1420.0,1418.0,1428.0,608.0,608.0,615.0
6181.0,1440.0,1437.0,1447.0,620.0,620.0,617.0
6193.0,1452.0,1443.0,1441.0,619.0,613.0,625.0
6193.0,1449.0,1442.0,1443.0,622.0,618.0,619.0
6165.0,1438.0,1441.0,1427.0,622.0,620.0,617.0
6130.0,1437.0,1420.0,1429.0,617.0,614.0,613.0
6136.0,1434.0,1425.0,1435.0,612.0,619.0,611.0
6147.0,1432.0,1436.0,1435.0,614.0,617.0,613.0
6162.0,1439.0,1433.0,1440.0,617.0,618.0,615.0
6202.0,1451.0,1449.0,1445.0,620.0,620.0,617.0
6193.0,1443.0,1438.0,1447.0,621.0,621.0,623.0
6167.0,1436.0,1434.0,1440.0,622.0,615.0,620.0
6146.0,1436.0,1439.0,1427.0,614.0,613.0,617.0
6161.0,1444.0,1440.0,1427.0,615.0,615.0,620.0
6139.0,1428.0,1432.0,1436.0,611.0,620.0,612.0
6170.0,1438.0,1438.0,1436.0,617.0,620.0,621.0
6195.0,1450.0,1440.0,1448.0,615.0,621.0,621.0
6204.0,1447.0,1457.0,1440.0,623.0,620.0,617.0
6214.0,1443.0,1461.0,1445.0,623.0,620.0,622.0
6167.0,1445.0,1432.0,1442.0,619.0,614.0,615.0
6151.0,1441.0,1428.0,1439.0,614.0,613.0,616.0
6176.0,1442.0,1437.0,1446.0,618.0,616.0,617.0
6205.0,1448.0,1455.0,1445.0,615.0,620.0,622.0
6223.0,1456.0,1450.0,1446.0,624.0,624.0,623.0
6215.0,1442.0,1451.0,1448.0,624.0,625.0,625.0
6213.0,1450.0,1445.0,1448.0,622.0,623.0,625.0
6177.0,1443.0,1439.0,1436.0,620.0,622.0,617.0
6177.0,1447.0,1440.0,1439.0,619.0,616.0,616.0
6184.0,1438.0,1448.0,1444.0,621.0,617.0,616.0
6171.0,1442.0,1441.0,1433.0,620.0,620.0,615.0
6244.0,1461.0,1463.0,1453.0,622.0,620.0,625.0
6223.0,1447.0,1452.0,1453.0,623.0,623.0,625.0
6242.0,1448.0,1466.0,1458.0,625.0,624.0,621.0
6223.0,1452.0,1454.0,1451.0,623.0,623.0,620.0
6185.0,1449.0,1434.0,1445.0,618.0,618.0,621.0
6188.0,1443.0,1446.0,1436.0,622.0,620.0,621.0
6218.0,1453.0,1454.0,1452.0,619.0,621.0,619.0
6272.0,1470.0,1464.0,1465.0,624.0,622.0,627.0
6246.0,1454.0,1458.0,1465.0,622.0,622.0,625.0
6265.0,1462.0,1459.0,1465.0,624.0,627.0,628.0
6206.0,1446.0,1445.0,1453.0,622.0,620.0,620.0
6195.0,1448.0,1450.0,1436.0,620.0,621.0,620.0
6195.0,1440.0,1454.0,1439.0,620.0,621.0,621.0
6211.0,1443.0,1459.0,1441.0,623.0,625.0,620.0
6262.0,1471.0,1453.0,1461.0,625.0,624.0,628.0
6270.0,1455.0,1458.0,1467.0,628.0,629.0,633.0
6272.0,1461.0,1470.0,1464.0,625.0,625.0,627.0
6241.0,1465.0,1455.0,1458.0,621.0,620.0,622.0
6202.0,1448.0,1454.0,1442.0,621.0,617.0,620.0
6198.0,1443.0,1443.0,1448.0,623.0,620.0,621.0
6221.0,1448.0,1450.0,1455.0,625.0,622.0,621.0
6301.0,1468.0,1471.0,1476.0,628.0,629.0,629.0
6310.0,1473.0,1476.0,1471.0,628.0,631.0,631.0
6276.0,1459.0,1472.0,1464.0,625.0,628.0,628.0
6221.0,1455.0,1447.0,1449.0,623.0,622.0,625.0
6212.0,1443.0,1459.0,1450.0,619.0,618.0,623.0
6228.0,1453.0,1453.0,1453.0,626.0,621.0,622.0
6274.0,1463.0,1464.0,1471.0,626.0,626.0,624.0
6286.0,1470.0,1466.0,1465.0,631.0,628.0,626.0
6312.0,1474.0,1469.0,1473.0,635.0,633.0,628.0
6283.0,1463.0,1465.0,1465.0,630.0,634.0,626.0
6248.0,1460.0,1460.0,1458.0,622.0,625.0,623.0
6255.0,1467.0,1457.0,1456.0,625.0,624.0,626.0
6241.0,1448.0,1462.0,1455.0,625.0,625.0,626.0
6264.0,1464.0,1452.0,1469.0,628.0,623.0,628.0
6310.0,1477.0,1465.0,1473.0,634.0,628.0,633.0
6308.0,1471.0,1475.0,1465.0,635.0,631.0,631.0
6297.0,1467.0,1473.0,1468.0,629.0,629.0,631.0
6277.0,1465.0,1460.0,1459.0,630.0,633.0,630.0
6235.0,1458.0,1448.0,1463.0,621.0,625.0,620.0
6257.0,1455.0,1457.0,1469.0,626.0,628.0,622.0
6299.0,1465.0,1476.0,1473.0,633.0,628.0,624.0
6338.0,1478.0,1483.0,1478.0,634.0,633.0,632.0
6311.0,1467.0,1476.0,1476.0,631.0,628.0,633.0
6301.0,1468.0,1468.0,1474.0,630.0,629.0,632.0
6270.0,1470.0,1458.0,1459.0,625.0,627.0,631.0
6284.0,1466.0,1471.0,1466.0,622.0,631.0,628.0
6278.0,1467.0,1463.0,1469.0,629.0,626.0,624.0
6299.0,1474.0,1463.0,1471.0,627.0,632.0,632.0
6332.0,1480.0,1471.0,1477.0,634.0,635.0,635.0
6345.0,1479.0,1483.0,1478.0,640.0,634.0,631.0
6316.0,1471.0,1471.0,1477.0,632.0,634.0,631.0
6305.0,1471.0,1469.0,1477.0,633.0,629.0,626.0
6288.0,1470.0,1470.0,1470.0,626.0,623.0,629.0
6281.0,1470.0,1458.0,1471.0,627.0,627.0,628.0
6322.0,1476.0,1480.0,1471.0,632.0,629.0,634.0
6372.0,1487.0,1493.0,1481.0,639.0,637.0,635.0
6354.0,1476.0,1487.0,1477.0,638.0,640.0,636.0
6319.0,1466.0,1473.0,1479.0,634.0,632.0,635.0
6313.0,1475.0,1468.0,1474.0,633.0,631.0,632.0
6313.0,1471.0,1482.0,1470.0,631.0,629.0,630.0
6309.0,1470.0,1479.0,1476.0,627.0,626.0,631.0
6328.0,1484.0,1481.0,1473.0,631.0,628.0,631.0
6363.0,1485.0,1483.0,1484.0,640.0,634.0,637.0
6355.0,1482.0,1482.0,1480.0,639.0,635.0,637.0
6375.0,1484.0,1489.0,1485.0,640.0,638.0,639.0
6331.0,1477.0,1471.0,1477.0,634.0,636.0,636.0
6327.0,1475.0,1476.0,1476.0,633.0,632.0,635.0
6305.0,1471.0,1474.0,1463.0,628.0,634.0,635.0
6356.0,1491.0,1480.0,1477.0,633.0,639.0,636.0
6379.0,1485.0,1488.0,1494.0,637.0,636.0,639.0
6395.0,1486.0,1496.0,1495.0,643.0,637.0,638.0
6385.0,1488.0,1495.0,1493.0,637.0,637.0,635.0
6364.0,1493.0,1482.0,1487.0,636.0,635.0,631.0
6325.0,1473.0,1475.0,1473.0,635.0,638.0,631.0
6329.0,1476.0,1477.0,1473.0,633.0,634.0,636.0
6356.0,1483.0,1484.0,1476.0,635.0,641.0,637.0
6390.0,1493.0,1488.0,1491.0,638.0,638.0,642.0
6400.0,1489.0,1488.0,1500.0,643.0,639.0,641.0
6394.0,1489.0,1491.0,1494.0,639.0,638.0,643.0
6360.0,1488.0,1490.0,1475.0,635.0,635.0,637.0
6342.0,1478.0,1473.0,1485.0,639.0,632.0,635.0
6328.0,1475.0,1473.0,1479.0,634.0,634.0,633.0
6368.0,1487.0,1484.0,1488.0,637.0,639.0,633.0
6418.0,1494.0,1502.0,1503.0,638.0,643.0,638.0
6410.0,1500.0,1492.0,1497.0,638.0,641.0,642.0
6402.0,1485.0,1495.0,1500.0,639.0,643.0,640.0
6387.0,1492.0,1492.0,1482.0,638.0,642.0,641.0
6351.0,1481.0,1482.0,1476.0,640.0,634.0,638.0
6338.0,1478.0,1474.0,1475.0,638.0,635.0,638.0
6399.0,1494.0,1489.0,1501.0,640.0,634.0,641.0
6421.0,1502.0,1497.0,1504.0,637.0,639.0,642.0
6425.0,1495.0,1492.0,1507.0,643.0,646.0,642.0
6395.0,1492.0,1491.0,1492.0,638.0,642.0,640.0
6379.0,1494.0,1493.0,1478.0,640.0,638.0,636.0
6395.0,1495.0,1490.0,1492.0,640.0,641.0,637.0
6386.0,1487.0,1492.0,1490.0,643.0,638.0,636.0
6391.0,1498.0,1484.0,1495.0,636.0,638.0,640.0
6439.0,1509.0,1493.0,1508.0,640.0,643.0,646.0
6432.0,1497.0,1505.0,1501.0,642.0,643.0,644.0
6418.0,1493.0,1505.0,1493.0,640.0,639.0,648.0
6415.0,1503.0,1502.0,1486.0,642.0,642.0,640.0
6381.0,1487.0,1487.0,1496.0,638.0,634.0,639.0
6394.0,1481.0,1493.0,1500.0,641.0,643.0,636.0
6430.0,1500.0,1493.0,1509.0,643.0,641.0,644.0
6454.0,1502.0,1515.0,1502.0,646.0,647.0,642.0
6418.0,1498.0,1494.0,1501.0,637.0,644.0,644.0
6434.0,1495.0,1503.0,1501.0,644.0,644.0,647.0
6406.0,1496.0,1500.0,1488.0,640.0,641.0,641.0
6422.0,1501.0,1492.0,1502.0,643.0,640.0,644.0
6425.0,1501.0,1501.0,1505.0,640.0,639.0,639.0
6423.0,1501.0,1498.0,1500.0,643.0,641.0,640.0
6437.0,1504.0,1495.0,1503.0,647.0,647.0,641.0
6459.0,1511.0,1505.0,1500.0,647.0,653.0,643.0
6439.0,1504.0,1509.0,1496.0,641.0,644.0,645.0
6435.0,1500.0,1504.0,1507.0,643.0,642.0,639.0
6418.0,1500.0,1498.0,1504.0,635.0,640.0,641.0
6414.0,1493.0,1494.0,1501.0,640.0,643.0,643.0
6421.0,1501.0,1493.0,1500.0,645.0,640.0,642.0
6495.0,1516.0,1520.0,1510.0,649.0,650.0,650.0
6484.0,1514.0,1517.0,1508.0,651.0,647.0,647.0
6466.0,1506.0,1506.0,1509.0,647.0,650.0,648.0
6429.0,1506.0,1493.0,1500.0,643.0,642.0,645.0
6413.0,1492.0,1492.0,1507.0,641.0,640.0,641.0
6411.0,1494.0,1498.0,1495.0,639.0,642.0,643.0
6458.0,1507.0,1514.0,1503.0,649.0,642.0,643.0
6498.0,1520.0,1514.0,1513.0,654.0,650.0,647.0
6458.0,1503.0,1503.0,1506.0,648.0,648.0,650.0
6466.0,1503.0,1508.0,1505.0,651.0,650.0,649.0
6479.0,1503.0,1518.0,1515.0,644.0,650.0,649.0
6470.0,1510.0,1510.0,1508.0,645.0,647.0,650.0
6457.0,1496.0,1509.0,1508.0,648.0,649.0,647.0
6473.0,1513.0,1502.0,1516.0,652.0,644.0,646.0
6522.0,1526.0,1518.0,1522.0,653.0,649.0,654.0
6519.0,1516.0,1524.0,1521.0,655.0,652.0,651.0
6507.0,1507.0,1530.0,1522.0,649.0,649.0,650.0
6473.0,1516.0,1513.0,1513.0,648.0,645.0,638.0
6451.0,1510.0,1494.0,1512.0,644.0,645.0,646.0
6452.0,1498.0,1505.0,1508.0,644.0,650.0,647.0
6502.0,1517.0,1524.0,1514.0,645.0,651.0,651.0
6528.0,1524.0,1520.0,1524.0,648.0,655.0,657.0
6514.0,1521.0,1508.0,1526.0,654.0,653.0,652.0
6498.0,1516.0,1510.0,1523.0,651.0,650.0,648.0
6477.0,1510.0,1513.0,1510.0,652.0,646.0,646.0
6462.0,1512.0,1512.0,1506.0,646.0,641.0,645.0
6457.0,1493.0,1513.0,1510.0,646.0,648.0,647.0
6515.0,1521.0,1522.0,1522.0,649.0,651.0,650.0
6541.0,1521.0,1523.0,1533.0,658.0,651.0,655.0
6550.0,1535.0,1522.0,1529.0,654.0,655.0,655.0
6531.0,1519.0,1524.0,1520.0,656.0,656.0,656.0
6510.0,1518.0,1517.0,1515.0,653.0,655.0,652.0
6491.0,1518.0,1512.0,1512.0,648.0,648.0,653.0
6476.0,1506.0,1511.0,1513.0,648.0,645.0,653.0
6511.0,1519.0,1512.0,1529.0,647.0,651.0,653.0
6573.0,1532.0,1536.0,1538.0,658.0,656.0,653.0
6553.0,1527.0,1525.0,1539.0,655.0,655.0,652.0
6523.0,1518.0,1519.0,1527.0,652.0,654.0,653.0
6494.0,1519.0,1516.0,1508.0,652.0,650.0,649.0
6480.0,1513.0,1508.0,1506.0,652.0,652.0,649.0
6504.0,1511.0,1517.0,1521.0,651.0,652.0,652.0
6538.0,1525.0,1522.0,1534.0,653.0,651.0,653.0
6557.0,1534.0,1522.0,1531.0,657.0,653.0,660.0
6559.0,1534.0,1534.0,1523.0,656.0,657.0,655.0
6555.0,1528.0,1529.0,1530.0,658.0,655.0,655.0
6522.0,1524.0,1526.0,1511.0,654.0,652.0,655.0
6504.0,1517.0,1517.0,1524.0,648.0,650.0,648.0
6505.0,1512.0,1517.0,1523.0,651.0,655.0,647.0
6543.0,1524.0,1525.0,1529.0,652.0,657.0,656.0
6568.0,1534.0,1539.0,1528.0,653.0,658.0,656.0
6578.0,1534.0,1536.0,1536.0,656.0,657.0,659.0
6566.0,1530.0,1533.0,1529.0,656.0,658.0,660.0
6562.0,1531.0,1527.0,1539.0,655.0,652.0,658.0
6528.0,1527.0,1518.0,1528.0,652.0,647.0,656.0
6535.0,1522.0,1528.0,1523.0,655.0,655.0,652.0
6563.0,1534.0,1536.0,1527.0,659.0,652.0,655.0
6582.0,1544.0,1533.0,1531.0,658.0,660.0,656.0
6585.0,1534.0,1535.0,1540.0,657.0,662.0,657.0
6578.0,1529.0,1534.0,1539.0,658.0,662.0,656.0
6557.0,1529.0,1532.0,1530.0,655.0,657.0,654.0
6549.0,1531.0,1524.0,1532.0,656.0,652.0,654.0
6548.0,1530.0,1523.0,1530.0,655.0,654.0,656.0
6579.0,1531.0,1531.0,1536.0,661.0,658.0,662.0
6591.0,1533.0,1540.0,1539.0,659.0,659.0,661.0
6640.0,1550.0,1553.0,1548.0,659.0,665.0,665.0
6580.0,1539.0,1536.0,1530.0,657.0,659.0,659.0
6552.0,1530.0,1530.0,1528.0,654.0,657.0,653.0
6557.0,1532.0,1528.0,1529.0,657.0,657.0,654.0
6523.0,1522.0,1517.0,1525.0,653.0,655.0,651.0
6601.0,1544.0,1540.0,1536.0,664.0,658.0,659.0
6639.0,1549.0,1554.0,1550.0,667.0,660.0,659.0
6642.0,1547.0,1549.0,1554.0,668.0,662.0,662.0
6594.0,1537.0,1531.0,1547.0,660.0,658.0,661.0
6589.0,1539.0,1533.0,1543.0,657.0,658.0,659.0
6581.0,1539.0,1532.0,1538.0,657.0,657.0,658.0
6561.0,1530.0,1530.0,1525.0,655.0,662.0,659.0
6588.0,1533.0,1534.0,1538.0,662.0,660.0,661.0
6643.0,1557.0,1547.0,1548.0,665.0,663.0,663.0
6642.0,1547.0,1547.0,1561.0,664.0,664.0,659.0
6635.0,1546.0,1549.0,1558.0,662.0,660.0,660.0
6584.0,1544.0,1534.0,1537.0,656.0,660.0,653.0
6559.0,1532.0,1530.0,1533.0,653.0,656.0,655.0
6550.0,1531.0,1521.0,1528.0,655.0,658.0,657.0
6605.0,1539.0,1543.0,1540.0,662.0,660.0,661.0
6678.0,1558.0,1566.0,1554.0,666.0,666.0,668.0
6658.0,1547.0,1553.0,1557.0,667.0,666.0,668.0
6630.0,1548.0,1541.0,1547.0,666.0,664.0,664.0
6604.0,1541.0,1542.0,1544.0,659.0,659.0,659.0
6607.0,1542.0,1540.0,1543.0,661.0,663.0,658.0
6593.0,1530.0,1548.0,1543.0,659.0,659.0,654.0
6615.0,1541.0,1547.0,1546.0,660.0,663.0,658.0
6656.0,1554.0,1546.0,1558.0,668.0,665.0,665.0
6660.0,1552.0,1556.0,1550.0,666.0,669.0,667.0
6661.0,1553.0,1552.0,1559.0,665.0,665.0,667.0
6631.0,1547.0,1550.0,1544.0,663.0,662.0,665.0
6587.0,1539.0,1537.0,1527.0,661.0,661.0,662.0
6583.0,1530.0,1533.0,1543.0,659.0,659.0,659.0
6667.0,1556.0,1555.0,1560.0,668.0,663.0,665.0
6688.0,1561.0,1561.0,1563.0,668.0,668.0,667.0
6683.0,1558.0,1561.0,1558.0,671.0,667.0,668.0
6659.0,1546.0,1564.0,1550.0,666.0,667.0,666.0
6644.0,1559.0,1547.0,1545.0,663.0,666.0,664.0
6629.0,1550.0,1552.0,1536.0,663.0,665.0,663.0
6631.0,1537.0,1554.0,1555.0,659.0,664.0,662.0
6667.0,1554.0,1560.0,1564.0,660.0,665.0,664.0
6716.0,1574.0,1559.0,1570.0,670.0,668.0,675.0
6681.0,1558.0,1562.0,1556.0,670.0,666.0,669.0
6666.0,1546.0,1552.0,1562.0,669.0,666.0,671.0
6669.0,1558.0,1560.0,1551.0,667.0,666.0,667.0
6642.0,1556.0,1550.0,1550.0,669.0,658.0,659.0
6647.0,1538.0,1555.0,1562.0,663.0,668.0,661.0
6701.0,1565.0,1560.0,1566.0,664.0,673.0,673.0
6699.0,1566.0,1556.0,1567.0,669.0,674.0,667.0
6720.0,1564.0,1575.0,1565.0,674.0,673.0,669.0
6699.0,1560.0,1565.0,1563.0,672.0,667.0,672.0
6645.0,1555.0,1552.0,1545.0,665.0,660.0,668.0
6664.0,1558.0,1549.0,1553.0,667.0,667.0,670.0
6643.0,1540.0,1548.0,1561.0,666.0,660.0,668.0
6703.0,1561.0,1565.0,1573.0,668.0,668.0,668.0
6732.0,1570.0,1576.0,1565.0,674.0,678.0,669.0
6712.0,1564.0,1570.0,1567.0,669.0,673.0,669.0
6719.0,1574.0,1564.0,1567.0,672.0,673.0,669.0
6667.0,1557.0,1551.0,1556.0,670.0,666.0,667.0
6662.0,1555.0,1556.0,1553.0,669.0,665.0,664.0
6688.0,1554.0,1564.0,1562.0,669.0,668.0,671.0
6676.0,1551.0,1570.0,1553.0,668.0,664.0,670.0
6700.0,1568.0,1563.0,1556.0,671.0,670.0,672.0
6714.0,1559.0,1569.0,1567.0,671.0,673.0,675.0
6724.0,1562.0,1578.0,1573.0,665.0,676.0,670.0
6690.0,1558.0,1561.0,1561.0,670.0,670.0,670.0
6656.0,1552.0,1549.0,1557.0,666.0,669.0,663.0
6673.0,1550.0,1564.0,1547.0,675.0,671.0,666.0
6694.0,1566.0,1567.0,1554.0,671.0,671.0,665.0
6736.0,1578.0,1579.0,1566.0,670.0,671.0,672.0
6774.0,1583.0,1580.0,1582.0,678.0,672.0,679.0
6698.0,1564.0,1559.0,1563.0,672.0,669.0,671.0
6716.0,1571.0,1560.0,1572.0,671.0,667.0,675.0
6714.0,1569.0,1563.0,1567.0,673.0,670.0,672.0
6711.0,1568.0,1559.0,1565.0,673.0,671.0,675.0
6714.0,1564.0,1570.0,1559.0,674.0,673.0,674.0
6748.0,1577.0,1572.0,1575.0,674.0,676.0,674.0
6772.0,1573.0,1579.0,1588.0,678.0,678.0,676.0
6739.0,1565.0,1575.0,1581.0,671.0,675.0,672.0
6737.0,1576.0,1577.0,1572.0,671.0,671.0,670.0
6709.0,1570.0,1563.0,1564.0,671.0,671.0,670.0
6692.0,1553.0,1566.0,1560.0,671.0,670.0,672.0
6739.0,1569.0,1582.0,1570.0,671.0,674.0,673.0
6768.0,1585.0,1577.0,1573.0,677.0,676.0,680.0
6785.0,1576.0,1591.0,1581.0,675.0,682.0,680.0
6752.0,1573.0,1579.0,1580.0,673.0,672.0,675.0
6719.0,1572.0,1569.0,1565.0,670.0,672.0,671.0
6704.0,1575.0,1564.0,1554.0,671.0,670.0,670.0
6724.0,1569.0,1572.0,1570.0,670.0,670.0,673.0
6759.0,1570.0,1585.0,1575.0,680.0,675.0,674.0
6802.0,1592.0,1582.0,1593.0,681.0,677.0,677.0
6813.0,1582.0,1589.0,1596.0,684.0,680.0,682.0
6767.0,1569.0,1586.0,1578.0,678.0,680.0,676.0
6738.0,1577.0,1571.0,1563.0,676.0,677.0,674.0
6724.0,1569.0,1570.0,1562.0,669.0,676.0,678.0
6731.0,1562.0,1567.0,1577.0,674.0,674.0,677.0
6773.0,1578.0,1581.0,1584.0,678.0,675.0,677.0
6806.0,1595.0,1585.0,1588.0,680.0,677.0,681.0
6820.0,1579.0,1594.0,1603.0,683.0,679.0,682.0
6786.0,1579.0,1584.0,1581.0,682.0,681.0,679.0
6745.0,1575.0,1576.0,1566.0,676.0,677.0,675.0
6726.0,1568.0,1565.0,1574.0,671.0,671.0,677.0
6762.0,1571.0,1583.0,1578.0,674.0,678.0,678.0
6783.0,1574.0,1585.0,1591.0,676.0,678.0,679.0
6836.0,1596.0,1598.0,1593.0,683.0,685.0,681.0
6849.0,1594.0,1592.0,1606.0,689.0,684.0,684.0
6794.0,1586.0,1585.0,1581.0,679.0,681.0,682.0
6753.0,1588.0,1574.0,1573.0,677.0,667.0,674.0
6751.0,1570.0,1580.0,1578.0,676.0,676.0,671.0
6780.0,1573.0,1588.0,1589.0,678.0,678.0,674.0
6782.0,1581.0,1575.0,1591.0,676.0,682.0,677.0
6826.0,1594.0,1594.0,1588.0,680.0,687.0,683.0
6837.0,1591.0,1600.0,1592.0,685.0,684.0,685.0
6828.0,1591.0,1604.0,1584.0,686.0,680.0,683.0
6791.0,1584.0,1586.0,1585.0,678.0,678.0,680.0
6783.0,1588.0,1581.0,1580.0,680.0,673.0,681.0
6764.0,1575.0,1578.0,1585.0,673.0,674.0,679.0
6809.0,1590.0,1590.0,1588.0,677.0,681.0,683.0
6825.0,1595.0,1595.0,1587.0,680.0,683.0,685.0
6849.0,1598.0,1595.0,1598.0,686.0,685.0,687.0
6822.0,1592.0,1590.0,1587.0,684.0,684.0,685.0
6812.0,1592.0,1584.0,1592.0,682.0,683.0,679.0
6780.0,1575.0,1589.0,1580.0,678.0,679.0,679.0
6796.0,1581.0,1588.0,1591.0,676.0,680.0,680.0
6822.0,1595.0,1597.0,1595.0,676.0,677.0,682.0
6835.0,1601.0,1587.0,1592.0,681.0,686.0,688.0
6863.0,1601.0,1598.0,1599.0,687.0,687.0,691.0
6853.0,1597.0,1599.0,1604.0,683.0,683.0,687.0
6824.0,1585.0,1598.0,1594.0,680.0,686.0,681.0
6815.0,1590.0,1593.0,1592.0,682.0,680.0,678.0
6783.0,1574.0,1578.0,1584.0,683.0,683.0,681.0
6830.0,1596.0,1588.0,1597.0,682.0,683.0,684.0
6860.0,1609.0,1602.0,1596.0,682.0,686.0,685.0
6863.0,1600.0,1594.0,1605.0,688.0,690.0,686.0
6863.0,1598.0,1605.0,1604.0,684.0,684.0,688.0
6849.0,1602.0,1592.0,1600.0,685.0,682.0,688.0
6810.0,1588.0,1595.0,1589.0,680.0,677.0,681.0
6810.0,1582.0,1587.0,1589.0,684.0,682.0,686.0
6829.0,1599.0,1599.0,1584.0,684.0,683.0,680.0
6874.0,1610.0,1597.0,1605.0,690.0,687.0,685.0
6872.0,1609.0,1593.0,1606.0,685.0,691.0,688.0
6878.0,1603.0,1599.0,1612.0,686.0,692.0,686.0
6860.0,1597.0,1605.0,1604.0,686.0,685.0,683.0
6816.0,1589.0,1590.0,1593.0,683.0,680.0,681.0
6815.0,1581.0,1600.0,1585.0,686.0,682.0,681.0
6843.0,1593.0,1598.0,1595.0,685.0,684.0,688.0
6874.0,1602.0,1603.0,1606.0,686.0,688.0,689.0
6912.0,1606.0,1612.0,1615.0,690.0,695.0,694.0
6902.0,1601.0,1618.0,1610.0,690.0,693.0,690.0
6844.0,1601.0,1593.0,1594.0,685.0,687.0,684.0
6826.0,1596.0,1589.0,1594.0,683.0,684.0,680.0
6857.0,1598.0,1608.0,1595.0,686.0,686.0,684.0
6899.0,1614.0,1618.0,1600.0,691.0,688.0,688.0
6923.0,1613.0,1617.0,1625.0,688.0,690.0,690.0
6929.0,1612.0,1613.0,1624.0,694.0,691.0,695.0
6919.0,1607.0,1615.0,1620.0,692.0,693.0,692.0
6886.0,1605.0,1609.0,1605.0,687.0,687.0,693.0
6859.0,1596.0,1609.0,1593.0,682.0,689.0,690.0
6860.0,1598.0,1599.0,1600.0,686.0,688.0,689.0
6910.0,1611.0,1610.0,1611.0,694.0,691.0,693.0
6932.0,1619.0,1616.0,1622.0,694.0,691.0,690.0
6941.0,1618.0,1620.0,1622.0,697.0,693.0,691.0
6917.0,1611.0,1621.0,1614.0,691.0,689.0,691.0
6883.0,1615.0,1602.0,1606.0,686.0,688.0,686.0
6866.0,1605.0,1599.0,1596.0,689.0,689.0,688.0
6864.0,1600.0,1587.0,1608.0,692.0,686.0,691.0
6929.0,1618.0,1617.0,1618.0,694.0,692.0,690.0
6956.0,1622.0,1622.0,1626.0,696.0,695.0,695.0
6939.0,1622.0,1624.0,1609.0,694.0,695.0,695.0
6935.0,1617.0,1617.0,1617.0,696.0,693.0,695.0
6906.0,1620.0,1613.0,1606.0,687.0,692.0,688.0
6891.0,1612.0,1607.0,1609.0,687.0,687.0,689.0
6893.0,1604.0,1614.0,1605.0,691.0,692.0,687.0
6931.0,1614.0,1613.0,1625.0,692.0,695.0,692.0
6979.0,1632.0,1623.0,1632.0,697.0,697.0,698.0
6951.0,1618.0,1622.0,1621.0,699.0,694.0,697.0
6942.0,1616.0,1623.0,1621.0,692.0,694.0,696.0
6911.0,1614.0,1611.0,1606.0,691.0,693.0,696.0
6902.0,1613.0,1607.0,1614.0,686.0,688.0,694.0
6899.0,1613.0,1606.0,1619.0,686.0,688.0,687.0
6927.0,1622.0,1613.0,1619.0,691.0,690.0,692.0
6965.0,1633.0,1622.0,1620.0,700.0,694.0,696.0
6967.0,1628.0,1631.0,1619.0,698.0,698.0,693.0
6950.0,1619.0,1625.0,1621.0,694.0,696.0,695.0
6927.0,1616.0,1607.0,1621.0,694.0,698.0,691.0
6908.0,1611.0,1604.0,1621.0,689.0,690.0,693.0
6908.0,1610.0,1612.0,1611.0,691.0,691.0,693.0
6961.0,1631.0,1627.0,1619.0,695.0,694.0,695.0
6979.0,1635.0,1631.0,1625.0,694.0,695.0,699.0
6989.0,1630.0,1631.0,1628.0,702.0,699.0,699.0
6980.0,1626.0,1626.0,1638.0,698.0,694.0,698.0
6955.0,1618.0,1622.0,1629.0,696.0,696.0,694.0
6934.0,1615.0,1615.0,1625.0,692.0,695.0,692.0
6942.0,1615.0,1618.0,1629.0,694.0,698.0,688.0
6955.0,1630.0,1622.0,1619.0,693.0,697.0,694.0
6981.0,1633.0,1628.0,1627.0,697.0,698.0,698.0
7019.0,1636.0,1646.0,1634.0,700.0,701.0,702.0
6978.0,1616.0,1629.0,1638.0,700.0,698.0,697.0
6958.0,1626.0,1622.0,1624.0,696.0,693.0,697.0
6965.0,1631.0,1613.0,1631.0,698.0,694.0,698.0
6937.0,1615.0,1621.0,1616.0,693.0,697.0,695.0
6980.0,1626.0,1635.0,1623.0,698.0,699.0,699.0
7014.0,1652.0,1633.0,1631.0,697.0,702.0,699.0
7011.0,1633.0,1644.0,1641.0,695.0,701.0,697.0
7017.0,1636.0,1634.0,1645.0,702.0,700.0,700.0
6970.0,1628.0,1620.0,1628.0,698.0,699.0,697.0
6964.0,1620.0,1629.0,1627.0,699.0,693.0,696.0
6955.0,1613.0,1630.0,1622.0,699.0,695.0,696.0
6991.0,1635.0,1632.0,1629.0,698.0,697.0,700.0
7032.0,1638.0,1634.0,1648.0,704.0,701.0,707.0
7033.0,1634.0,1642.0,1643.0,702.0,706.0,706.0
7011.0,1629.0,1637.0,1640.0,703.0,701.0,701.0
6987.0,1633.0,1631.0,1622.0,697.0,703.0,701.0
6965.0,1626.0,1621.0,1626.0,698.0,697.0,697.0
6936.0,1615.0,1619.0,1615.0,700.0,695.0,692.0
7007.0,1632.0,1638.0,1635.0,703.0,701.0,698.0
7029.0,1645.0,1641.0,1639.0,702.0,701.0,701.0
7055.0,1635.0,1647.0,1655.0,706.0,705.0,707.0
7032.0,1636.0,1636.0,1645.0,703.0,705.0,707.0
6993.0,1637.0,1630.0,1619.0,700.0,704.0,703.0
6996.0,1637.0,1634.0,1628.0,700.0,697.0,700.0
7001.0,1629.0,1642.0,1625.0,700.0,703.0,702.0
7025.0,1643.0,1639.0,1635.0,705.0,702.0,701.0
7058.0,1651.0,1640.0,1654.0,706.0,704.0,703.0
7076.0,1656.0,1647.0,1653.0,706.0,706.0,708.0
7033.0,1641.0,1641.0,1644.0,701.0,705.0,701.0
7028.0,1650.0,1637.0,1642.0,704.0,698.0,697.0
6977.0,1633.0,1621.0,1625.0,697.0,698.0,703.0
6988.0,1626.0,1624.0,1639.0,698.0,699.0,702.0
7038.0,1642.0,1638.0,1638.0,708.0,708.0,704.0
7077.0,1644.0,1657.0,1648.0,707.0,710.0,711.0
7094.0,1655.0,1660.0,1653.0,707.0,708.0,711.0
7029.0,1640.0,1645.0,1632.0,703.0,704.0,705.0
7020.0,1648.0,1631.0,1637.0,700.0,700.0,704.0
7027.0,1648.0,1638.0,1637.0,703.0,700.0,701.0
7015.0,1633.0,1643.0,1639.0,703.0,699.0,698.0
7057.0,1646.0,1649.0,1645.0,708.0,707.0,702.0
7075.0,1652.0,1652.0,1652.0,708.0,706.0,705.0
7071.0,1652.0,1643.0,1652.0,708.0,709.0,707.0
7075.0,1656.0,1648.0,1652.0,704.0,708.0,707.0
7050.0,1651.0,1648.0,1636.0,703.0,704.0,708.0
7027.0,1642.0,1635.0,1652.0,699.0,699.0,700.0
7052.0,1644.0,1642.0,1654.0,702.0,707.0,703.0
7041.0,1638.0,1642.0,1649.0,705.0,702.0,705.0
7088.0,1660.0,1646.0,1650.0,712.0,709.0,711.0
7092.0,1644.0,1663.0,1648.0,714.0,710.0,713.0
7073.0,1652.0,1653.0,1652.0,706.0,705.0,705.0
7059.0,1641.0,1642.0,1656.0,709.0,708.0,703.0
7038.0,1648.0,1635.0,1645.0,703.0,704.0,703.0
7051.0,1636.0,1649.0,1648.0,705.0,704.0,709.0
7079.0,1662.0,1649.0,1644.0,709.0,707.0,708.0
7124.0,1659.0,1669.0,1657.0,716.0,710.0,713.0
7102.0,1656.0,1656.0,1656.0,714.0,709.0,711.0
7105.0,1660.0,1654.0,1657.0,713.0,710.0,711.0
7086.0,1656.0,1647.0,1661.0,708.0,708.0,706.0
7046.0,1645.0,1651.0,1639.0,705.0,702.0,704.0
7050.0,1641.0,1647.0,1649.0,702.0,708.0,703.0
7065.0,1652.0,1653.0,1640.0,704.0,712.0,704.0
7123.0,1662.0,1662.0,1655.0,716.0,713.0,715.0
7130.0,1663.0,1661.0,1658.0,715.0,719.0,714.0
7117.0,1655.0,1666.0,1664.0,714.0,710.0,708.0
7084.0,1659.0,1651.0,1651.0,710.0,708.0,705.0
7059.0,1650.0,1649.0,1644.0,704.0,703.0,709.0
7092.0,1651.0,1650.0,1660.0,707.0,711.0,713.0
7098.0,1650.0,1655.0,1658.0,710.0,713.0,712.0
7157.0,1679.0,1673.0,1661.0,717.0,714.0,713.0
7137.0,1666.0,1669.0,1662.0,716.0,712.0,712.0
7138.0,1670.0,1657.0,1669.0,713.0,717.0,712.0
7102.0,1661.0,1659.0,1654.0,713.0,708.0,707.0
7080.0,1652.0,1651.0,1657.0,706.0,705.0,709.0
7079.0,1649.0,1661.0,1647.0,705.0,706.0,711.0
7124.0,1656.0,1668.0,1665.0,708.0,712.0,715.0
7141.0,1671.0,1659.0,1667.0,714.0,714.0,716.0
7148.0,1668.0,1660.0,1673.0,714.0,715.0,718.0
7135.0,1662.0,1661.0,1670.0,714.0,715.0,713.0
7118.0,1656.0,1668.0,1654.0,714.0,714.0,712.0
7088.0,1659.0,1654.0,1649.0,711.0,710.0,705.0
7089.0,1647.0,1657.0,1654.0,711.0,712.0,708.0
7137.0,1666.0,1668.0,1663.0,713.0,712.0,715.0
7164.0,1679.0,1672.0,1671.0,716.0,711.0,715.0
7184.0,1669.0,1686.0,1679.0,717.0,713.0,720.0
7153.0,1665.0,1671.0,1670.0,714.0,717.0,716.0
7117.0,1665.0,1655.0,1659.0,712.0,713.0,713.0
7117.0,1662.0,1659.0,1654.0,711.0,713.0,718.0
7120.0,1653.0,1664.0,1658.0,713.0,716.0,716.0
7142.0,1659.0,1673.0,1664.0,716.0,718.0,712.0
7168.0,1670.0,1672.0,1674.0,713.0,718.0,721.0
7194.0,1686.0,1678.0,1674.0,717.0,720.0,719.0
7152.0,1672.0,1670.0,1666.0,715.0,715.0,714.0
7137.0,1676.0,1667.0,1657.0,714.0,713.0,710.0
7111.0,1659.0,1660.0,1656.0,712.0,710.0,714.0
7147.0,1664.0,1672.0,1667.0,716.0,714.0,714.0
7162.0,1670.0,1667.0,1675.0,715.0,720.0,715.0
7192.0,1673.0,1680.0,1684.0,718.0,718.0,719.0
7200.0,1683.0,1671.0,1682.0,720.0,721.0,723.0
7179.0,1669.0,1679.0,1675.0,720.0,717.0,719.0
7170.0,1677.0,1670.0,1675.0,716.0,718.0,714.0
7135.0,1669.0,1662.0,1665.0,717.0,711.0,711.0
7126.0,1660.0,1665.0,1664.0,717.0,708.0,712.0
7180.0,1673.0,1673.0,1678.0,721.0,718.0,717.0
7215.0,1676.0,1696.0,1678.0,721.0,721.0,723.0
7203.0,1675.0,1686.0,1683.0,716.0,722.0,721.0
7183.0,1677.0,1675.0,1673.0,717.0,720.0,721.0
7157.0,1682.0,1669.0,1663.0,713.0,715.0,715.0
7153.0,1670.0,1674.0,1666.0,715.0,713.0,715.0
7160.0,1670.0,1667.0,1674.0,715.0,718.0,716.0
7160.0,1663.0,1670.0,1675.0,717.0,718.0,717.0
7227.0,1698.0,1680.0,1688.0,723.0,719.0,719.0
7230.0,1681.0,1686.0,1688.0,726.0,725.0,724.0
7224.0,1677.0,1693.0,1690.0,720.0,721.0,723.0
7183.0,1678.0,1676.0,1677.0,717.0,721.0,714.0
7182.0,1675.0,1671.0,1681.0,719.0,719.0,717.0
7149.0,1660.0,1671.0,1670.0,716.0,717.0,715.0
7220.0,1685.0,1685.0,1682.0,722.0,721.0,725.0
7237.0,1686.0,1699.0,1681.0,724.0,720.0,727.0
7236.0,1687.0,1690.0,1691.0,721.0,722.0,725.0
7212.0,1678.0,1684.0,1686.0,723.0,721.0,720.0
7183.0,1682.0,1671.0,1684.0,714.0,718.0,714.0
7147.0,1663.0,1667.0,1672.0,712.0,716.0,717.0
7187.0,1667.0,1682.0,1682.0,717.0,721.0,718.0
7201.0,1677.0,1685.0,1678.0,720.0,722.0,719.0
7246.0,1699.0,1686.0,1687.0,723.0,726.0,725.0
7239.0,1681.0,1692.0,1688.0,724.0,726.0,728.0
7229.0,1690.0,1684.0,1686.0,723.0,724.0,722.0
7213.0,1684.0,1681.0,1682.0,723.0,720.0,723.0
7187.0,1680.0,1672.0,1682.0,716.0,716.0,721.0
7177.0,1663.0,1675.0,1673.0,721.0,720.0,725.0
7227.0,1684.0,1687.0,1681.0,723.0,727.0,725.0
7274.0,1700.0,1699.0,1694.0,728.0,729.0,724.0
7266.0,1699.0,1701.0,1693.0,726.0,727.0,720.0
7227.0,1680.0,1686.0,1690.0,727.0,727.0,717.0
7219.0,1694.0,1677.0,1687.0,721.0,722.0,718.0
7195.0,1682.0,1668.0,1685.0,719.0,719.0,722.0
7218.0,1683.0,1686.0,1681.0,720.0,720.0,728.0
7250.0,1688.0,1700.0,1689.0,722.0,722.0,729.0
7295.0,1711.0,1698.0,1700.0,731.0,727.0,728.0
7280.0,1687.0,1696.0,1707.0,734.0,725.0,731.0
7258.0,1693.0,1694.0,1693.0,726.0,728.0,724.0
7252.0,1696.0,1692.0,1686.0,728.0,727.0,723.0
7225.0,1688.0,1692.0,1681.0,721.0,725.0,718.0
7227.0,1681.0,1691.0,1682.0,727.0,725.0,721.0
7248.0,1694.0,1687.0,1696.0,722.0,724.0,725.0
7284.0,1707.0,1690.0,1706.0,728.0,728.0,725.0
7313.0,1699.0,1711.0,1711.0,734.0,728.0,730.0
7296.0,1701.0,1705.0,1699.0,732.0,728.0,731.0
7257.0,1699.0,1689.0,1691.0,723.0,728.0,727.0
7234.0,1685.0,1686.0,1687.0,725.0,724.0,727.0
7243.0,1693.0,1686.0,1693.0,721.0,723.0,727.0
7271.0,1695.0,1693.0,1702.0,726.0,730.0,725.0
7313.0,1708.0,1705.0,1707.0,728.0,736.0,729.0
7318.0,1709.0,1711.0,1705.0,731.0,732.0,730.0
7287.0,1695.0,1698.0,1704.0,732.0,729.0,729.0
7255.0,1700.0,1695.0,1688.0,727.0,722.0,723.0
7255.0,1692.0,1695.0,1694.0,726.0,722.0,726.0
7282.0,1692.0,1705.0,1700.0,727.0,728.0,730.0
7283.0,1700.0,1692.0,1707.0,728.0,725.0,731.0
7328.0,1714.0,1706.0,1710.0,729.0,734.0,735.0
7309.0,1707.0,1709.0,1698.0,728.0,735.0,732.0
7317.0,1708.0,1715.0,1702.0,730.0,730.0,732.0
7279.0,1705.0,1697.0,1692.0,731.0,728.0,726.0
7267.0,1699.0,1701.0,1691.0,727.0,726.0,723.0
7261.0,1695.0,1694.0,1695.0,728.0,724.0,725.0
7294.0,1693.0,1710.0,1706.0,728.0,728.0,729.0
7363.0,1722.0,1721.0,1723.0,734.0,733.0,730.0
7322.0,1721.0,1708.0,1695.0,729.0,731.0,738.0
7320.0,1702.0,1709.0,1706.0,734.0,734.0,735.0
7340.0,1720.0,1704.0,1714.0,735.0,733.0,734.0
7278.0,1690.0,1702.0,1696.0,728.0,731.0,731.0
7303.0,1693.0,1706.0,1710.0,733.0,731.0,730.0
7314.0,1708.0,1713.0,1698.0,735.0,728.0,732.0
7353.0,1718.0,1710.0,1714.0,738.0,739.0,734.0
7329.0,1709.0,1711.0,1708.0,736.0,732.0,733.0
7338.0,1710.0,1719.0,1713.0,735.0,731.0,730.0
7314.0,1709.0,1706.0,1709.0,735.0,728.0,727.0
7310.0,1707.0,1696.0,1716.0,728.0,733.0,730.0
7299.0,1696.0,1708.0,1705.0,733.0,728.0,729.0
7319.0,1701.0,1710.0,1706.0,734.0,736.0,732.0
7348.0,1721.0,1710.0,1711.0,735.0,733.0,738.0
7382.0,1723.0,1727.0,1716.0,736.0,738.0,742.0
7344.0,1709.0,1716.0,1719.0,732.0,731.0,737.0
7303.0,1713.0,1701.0,1706.0,730.0,726.0,727.0
7280.0,1695.0,1695.0,1703.0,732.0,728.0,727.0
7309.0,1698.0,1710.0,1707.0,733.0,730.0,731.0
7327.0,1704.0,1719.0,1703.0,736.0,732.0,733.0
7372.0,1725.0,1719.0,1716.0,737.0,739.0,736.0
7364.0,1714.0,1718.0,1725.0,734.0,737.0,736.0
7370.0,1722.0,1719.0,1716.0,737.0,739.0,737.0
7335.0,1713.0,1714.0,1713.0,731.0,729.0,735.0
7323.0,1708.0,1707.0,1715.0,731.0,727.0,735.0
7316.0,1706.0,1703.0,1714.0,734.0,726.0,733.0
7342.0,1720.0,1708.0,1709.0,737.0,735.0,733.0
7396.0,1732.0,1720.0,1724.0,741.0,741.0,738.0
7399.0,1722.0,1724.0,1727.0,739.0,743.0,744.0
7392.0,1719.0,1728.0,1732.0,739.0,738.0,736.0
7352.0,1714.0,1716.0,1720.0,733.0,735.0,734.0
7331.0,1713.0,1706.0,1711.0,733.0,735.0,733.0
7316.0,1705.0,1706.0,1709.0,730.0,733.0,733.0
7367.0,1721.0,1711.0,1719.0,739.0,738.0,739.0
7435.0,1739.0,1733.0,1743.0,741.0,739.0,740.0
7409.0,1722.0,1726.0,1739.0,743.0,740.0,739.0
7383.0,1721.0,1714.0,1731.0,740.0,738.0,739.0
7359.0,1719.0,1723.0,1717.0,732.0,737.0,731.0
7352.0,1712.0,1721.0,1716.0,734.0,737.0,732.0
7380.0,1728.0,1725.0,1716.0,737.0,739.0,735.0
7412.0,1732.0,1730.0,1731.0,741.0,738.0,740.0
7422.0,1732.0,1724.0,1740.0,742.0,742.0,742.0
7429.0,1728.0,1736.0,1734.0,745.0,741.0,745.0
7417.0,1727.0,1733.0,1729.0,742.0,739.0,747.0
7356.0,1725.0,1719.0,1705.0,735.0,732.0,740.0
7367.0,1718.0,1726.0,1718.0,733.0,731.0,741.0
7380.0,1720.0,1720.0,1719.0,740.0,742.0,739.0
7372.0,1715.0,1717.0,1727.0,736.0,740.0,737.0
7442.0,1739.0,1735.0,1739.0,743.0,745.0,741.0
7452.0,1739.0,1741.0,1739.0,746.0,746.0,741.0
7414.0,1730.0,1722.0,1731.0,746.0,741.0,744.0
7364.0,1722.0,1713.0,1723.0,740.0,734.0,732.0
7375.0,1726.0,1716.0,1725.0,737.0,733.0,738.0
7374.0,1713.0,1726.0,1722.0,736.0,739.0,738.0
7419.0,1728.0,1736.0,1735.0,735.0,740.0,745.0
7442.0,1740.0,1733.0,1740.0,741.0,744.0,744.0
7458.0,1734.0,1737.0,1744.0,748.0,746.0,749.0
7460.0,1746.0,1741.0,1733.0,745.0,749.0,746.0
7410.0,1730.0,1737.0,1721.0,742.0,743.0,737.0
7376.0,1717.0,1718.0,1727.0,743.0,736.0,735.0
7366.0,1722.0,1718.0,1720.0,736.0,736.0,734.0
7428.0,1736.0,1733.0,1736.0,740.0,744.0,739.0
7458.0,1744.0,1741.0,1740.0,745.0,744.0,744.0
7471.0,1742.0,1744.0,1743.0,747.0,747.0,748.0
7452.0,1735.0,1741.0,1739.0,745.0,746.0,746.0
7420.0,1733.0,1726.0,1732.0,742.0,743.0,744.0
7420.0,1732.0,1730.0,1735.0,741.0,741.0,741.0
7421.0,1726.0,1737.0,1729.0,740.0,745.0,744.0
7450.0,1743.0,1739.0,1737.0,745.0,742.0,744.0
7454.0,1744.0,1741.0,1737.0,740.0,745.0,747.0
7457.0,1741.0,1739.0,1742.0,743.0,746.0,746.0
7450.0,1739.0,1737.0,1737.0,750.0,744.0,743.0
7433.0,1739.0,1733.0,1731.0,744.0,742.0,744.0
7418.0,1734.0,1731.0,1720.0,745.0,746.0,742.0
7407.0,1727.0,1719.0,1734.0,739.0,746.0,742.0
7441.0,1743.0,1727.0,1734.0,744.0,746.0,747.0
7484.0,1746.0,1743.0,1748.0,745.0,751.0,751.0
7507.0,1743.0,1757.0,1751.0,752.0,753.0,751.0
7498.0,1747.0,1745.0,1755.0,751.0,749.0,751.0
7450.0,1744.0,1736.0,1732.0,748.0,745.0,745.0
7433.0,1733.0,1731.0,1740.0,744.0,740.0,745.0
7426.0,1729.0,1732.0,1736.0,748.0,742.0,739.0
7451.0,1738.0,1738.0,1738.0,744.0,748.0,745.0
7496.0,1751.0,1750.0,1747.0,748.0,753.0,747.0
7518.0,1756.0,1751.0,1754.0,751.0,752.0,754.0
7484.0,1745.0,1744.0,1749.0,746.0,751.0,749.0
7465.0,1737.0,1745.0,1742.0,747.0,746.0,748.0
7463.0,1742.0,1751.0,1732.0,749.0,742.0,747.0
7460.0,1737.0,1750.0,1737.0,748.0,743.0,745.0
7467.0,1744.0,1741.0,1739.0,751.0,746.0,746.0
7525.0,1758.0,1758.0,1753.0,753.0,750.0,753.0
7511.0,1753.0,1748.0,1758.0,753.0,751.0,748.0
7498.0,1749.0,1756.0,1745.0,749.0,752.0,747.0
7483.0,1747.0,1748.0,1746.0,746.0,750.0,746.0
7458.0,1740.0,1737.0,1737.0,747.0,750.0,747.0
7443.0,1735.0,1735.0,1730.0,750.0,748.0,745.0
7482.0,1751.0,1747.0,1741.0,749.0,747.0,747.0
7557.0,1766.0,1766.0,1766.0,755.0,751.0,753.0
7533.0,1755.0,1762.0,1757.0,751.0,753.0,755.0
7526.0,1764.0,1753.0,1752.0,752.0,752.0,753.0
7519.0,1767.0,1753.0,1749.0,749.0,752.0,749.0
7449.0,1739.0,1736.0,1735.0,747.0,746.0,746.0
7484.0,1746.0,1750.0,1739.0,750.0,751.0,748.0
7508.0,1747.0,1752.0,1753.0,750.0,753.0,753.0
7547.0,1765.0,1749.0,1768.0,754.0,756.0,755.0
7544.0,1767.0,1757.0,1760.0,757.0,752.0,751.0
7516.0,1755.0,1755.0,1746.0,756.0,750.0,754.0
7493.0,1749.0,1751.0,1743.0,747.0,748.0,755.0
7476.0,1747.0,1743.0,1744.0,744.0,748.0,750.0
7480.0,1733.0,1741.0,1750.0,753.0,753.0,750.0
7511.0,1747.0,1748.0,1764.0,751.0,749.0,752.0
7577.0,1767.0,1768.0,1773.0,760.0,755.0,754.0
7546.0,1756.0,1762.0,1761.0,758.0,757.0,752.0
7561.0,1767.0,1758.0,1766.0,757.0,758.0,755.0
7513.0,1759.0,1754.0,1745.0,752.0,753.0,750.0
7494.0,1757.0,1751.0,1749.0,745.0,745.0,747.0
7513.0,1749.0,1755.0,1750.0,757.0,750.0,752.0
7545.0,1759.0,1758.0,1767.0,757.0,751.0,753.0
7561.0,1770.0,1755.0,1766.0,756.0,757.0,757.0
7590.0,1778.0,1762.0,1764.0,764.0,762.0,760.0
7562.0,1767.0,1766.0,1754.0,759.0,759.0,757.0
7526.0,1754.0,1758.0,1755.0,750.0,757.0,752.0
7529.0,1755.0,1764.0,1757.0,748.0,755.0,750.0
7528.0,1761.0,1753.0,1762.0,750.0,752.0,750.0
7541.0,1757.0,1754.0,1772.0,754.0,750.0,754.0
7599.0,1784.0,1760.0,1778.0,762.0,756.0,759.0
7591.0,1775.0,1766.0,1768.0,762.0,759.0,761.0
7549.0,1760.0,1759.0,1757.0,759.0,760.0,754.0
7535.0,1755.0,1751.0,1765.0,756.0,753.0,755.0
7542.0,1760.0,1759.0,1758.0,753.0,753.0,759.0
7550.0,1763.0,1762.0,1760.0,754.0,755.0,756.0
7563.0,1765.0,1767.0,1766.0,753.0,756.0,756.0
7617.0,1781.0,1777.0,1777.0,762.0,758.0,762.0
7586.0,1774.0,1776.0,1761.0,758.0,758.0,759.0
7573.0,1762.0,1767.0,1772.0,761.0,757.0,754.0
7555.0,1766.0,1755.0,1768.0,758.0,754.0,754.0
7541.0,1757.0,1760.0,1764.0,757.0,752.0,751.0
7541.0,1754.0,1759.0,1763.0,752.0,755.0,758.0
7581.0,1767.0,1767.0,1767.0,758.0,762.0,760.0
7623.0,1780.0,1778.0,1776.0,762.0,764.0,763.0
7601.0,1772.0,1775.0,1767.0,761.0,762.0,764.0
7596.0,1770.0,1775.0,1765.0,762.0,761.0,763.0
7578.0,1769.0,1764.0,1774.0,759.0,756.0,756.0
7545.0,1756.0,1751.0,1771.0,755.0,757.0,755.0
7557.0,1757.0,1769.0,1762.0,756.0,757.0,756.0
7589.0,1773.0,1770.0,1769.0,758.0,760.0,759.0
7635.0,1787.0,1782.0,1779.0,761.0,764.0,762.0
7643.0,1777.0,1787.0,1785.0,761.0,768.0,765.0
7627.0,1776.0,1782.0,1780.0,763.0,763.0,763.0
7593.0,1767.0,1765.0,1777.0,760.0,761.0,763.0
7600.0,1774.0,1773.0,1773.0,759.0,760.0,761.0
7566.0,1759.0,1782.0,1754.0,757.0,756.0,758.0
7595.0,1768.0,1781.0,1771.0,757.0,757.0,761.0
7614.0,1784.0,1774.0,1776.0,760.0,759.0,761.0
7664.0,1786.0,1788.0,1790.0,770.0,765.0,765.0
7634.0,1776.0,1779.0,1788.0,762.0,766.0,763.0
7623.0,1782.0,1779.0,1776.0,765.0,763.0,758.0
7564.0,1762.0,1770.0,1760.0,758.0,761.0,753.0
7587.0,1768.0,1765.0,1767.0,761.0,765.0,761.0
7605.0,1780.0,1766.0,1777.0,761.0,760.0,761.0
7650.0,1789.0,1783.0,1785.0,763.0,764.0,766.0
7678.0,1786.0,1798.0,1792.0,763.0,770.0,769.0
7638.0,1781.0,1786.0,1783.0,763.0,761.0,764.0
7638.0,1790.0,1776.0,1780.0,764.0,763.0,765.0
7589.0,1770.0,1769.0,1769.0,764.0,762.0,755.0
7601.0,1770.0,1778.0,1773.0,761.0,761.0,758.0
7636.0,1781.0,1784.0,1779.0,764.0,765.0,763.0
7674.0,1797.0,1788.0,1796.0,762.0,766.0,765.0
7689.0,1787.0,1786.0,1805.0,768.0,772.0,771.0
7661.0,1792.0,1782.0,1786.0,764.0,768.0,769.0
7625.0,1785.0,1777.0,1779.0,762.0,759.0,763.0
7619.0,1787.0,1782.0,1766.0,760.0,760.0,764.0
7625.0,1774.0,1780.0,1780.0,766.0,763.0,762.0
7638.0,1781.0,1783.0,1780.0,766.0,763.0,765.0
7662.0,1789.0,1778.0,1794.0,767.0,766.0,768.0
7688.0,1791.0,1799.0,1790.0,770.0,770.0,768.0
7653.0,1779.0,1789.0,1788.0,766.0,770.0,761.0
7605.0,1776.0,1766.0,1776.0,763.0,765.0,759.0
7593.0,1775.0,1769.0,1766.0,762.0,760.0,761.0
7629.0,1776.0,1782.0,1784.0,762.0,760.0,765.0
7659.0,1785.0,1789.0,1788.0,767.0,765.0,765.0
7723.0,1810.0,1795.0,1803.0,774.0,769.0,772.0
7709.0,1804.0,1796.0,1795.0,772.0,771.0,771.0
7679.0,1792.0,1791.0,1787.0,768.0,772.0,769.0
7653.0,1791.0,1781.0,1782.0,766.0,768.0,765.0
7641.0,1783.0,1785.0,1780.0,764.0,766.0,763.0
7638.0,1777.0,1782.0,1793.0,764.0,762.0,760.0
7685.0,1794.0,1795.0,1787.0,770.0,770.0,769.0
7718.0,1802.0,1795.0,1810.0,771.0,770.0,770.0
7715.0,1807.0,1797.0,1794.0,776.0,769.0,772.0
7690.0,1795.0,1794.0,1791.0,769.0,769.0,772.0
7683.0,1788.0,1795.0,1795.0,766.0,767.0,772.0
7657.0,1780.0,1783.0,1791.0,767.0,769.0,767.0
7664.0,1785.0,1778.0,1803.0,765.0,768.0,765.0
7685.0,1796.0,1784.0,1797.0,771.0,768.0,769.0
7717.0,1803.0,1799.0,1794.0,777.0,772.0,772.0
7736.0,1799.0,1813.0,1803.0,778.0,772.0,771.0
7740.0,1809.0,1803.0,1808.0,775.0,773.0,772.0
7687.0,1796.0,1793.0,1802.0,771.0,763.0,762.0
7665.0,1787.0,1785.0,1803.0,764.0,764.0,762.0
7682.0,1797.0,1791.0,1796.0,764.0,768.0,766.0
7697.0,1797.0,1796.0,1788.0,771.0,772.0,773.0
7709.0,1802.0,1787.0,1797.0,777.0,778.0,768.0
7737.0,1804.0,1807.0,1802.0,774.0,776.0,774.0
7717.0,1793.0,1808.0,1799.0,776.0,769.0,772.0
7694.0,1792.0,1798.0,1804.0,766.0,767.0,767.0
7676.0,1797.0,1787.0,1792.0,769.0,765.0,766.0
7678.0,1787.0,1794.0,1795.0,769.0,767.0,766.0
7700.0,1801.0,1793.0,1799.0,770.0,769.0,768.0
7764.0,1810.0,1815.0,1809.0,780.0,777.0,773.0
7769.0,1810.0,1812.0,1810.0,780.0,780.0,777.0
7752.0,1796.0,1813.0,1812.0,780.0,775.0,776.0
7720.0,1799.0,1793.0,1808.0,772.0,771.0,777.0
7690.0,1806.0,1781.0,1794.0,768.0,770.0,771.0
7693.0,1792.0,1799.0,1793.0,768.0,768.0,773.0
7744.0,1810.0,1817.0,1801.0,773.0,773.0,770.0
7752.0,1815.0,1808.0,1804.0,775.0,774.0,776.0
7784.0,1810.0,1818.0,1819.0,776.0,783.0,778.0
7758.0,1804.0,1812.0,1815.0,778.0,776.0,773.0
7737.0,1805.0,1809.0,1806.0,775.0,770.0,772.0
7710.0,1805.0,1804.0,1792.0,769.0,771.0,769.0
7707.0,1794.0,1802.0,1796.0,771.0,772.0,772.0
7727.0,1808.0,1803.0,1793.0,772.0,776.0,775.0
7805.0,1831.0,1816.0,1822.0,777.0,776.0,783.0
7785.0,1811.0,1815.0,1827.0,773.0,775.0,784.0
7786.0,1806.0,1817.0,1830.0,781.0,776.0,776.0
7753.0,1818.0,1806.0,1807.0,777.0,773.0,772.0
7720.0,1799.0,1802.0,1798.0,775.0,774.0,772.0
7707.0,1793.0,1800.0,1797.0,774.0,773.0,770.0
7777.0,1820.0,1811.0,1816.0,774.0,780.0,776.0
7808.0,1823.0,1826.0,1823.0,776.0,780.0,780.0
7797.0,1814.0,1815.0,1827.0,781.0,782.0,778.0
7792.0,1813.0,1820.0,1823.0,778.0,777.0,781.0
7771.0,1821.0,1809.0,1811.0,773.0,777.0,780.0
7753.0,1806.0,1809.0,1806.0,777.0,776.0,779.0
7724.0,1802.0,1805.0,1796.0,776.0,772.0,773.0
7795.0,1826.0,1814.0,1825.0,778.0,777.0,775.0
7811.0,1826.0,1817.0,1828.0,781.0,779.0,780.0
7810.0,1815.0,1821.0,1828.0,782.0,783.0,781.0
7804.0,1817.0,1832.0,1815.0,778.0,783.0,779.0
7771.0,1817.0,1818.0,1809.0,776.0,778.0,773.0
7729.0,1806.0,1804.0,1801.0,775.0,771.0,772.0
7767.0,1812.0,1808.0,1810.0,780.0,776.0,781.0
7800.0,1820.0,1825.0,1818.0,776.0,778.0,783.0
7823.0,1830.0,1835.0,1821.0,779.0,777.0,781.0
7821.0,1826.0,1827.0,1824.0,783.0,780.0,781.0
7811.0,1821.0,1821.0,1825.0,782.0,780.0,782.0
7793.0,1813.0,1821.0,1822.0,779.0,778.0,780.0
7761.0,1815.0,1804.0,1810.0,781.0,777.0,774.0
7784.0,1810.0,1822.0,1823.0,777.0,776.0,776.0
7810.0,1821.0,1826.0,1821.0,783.0,777.0,782.0
7844.0,1838.0,1823.0,1828.0,787.0,783.0,785.0
7843.0,1837.0,1823.0,1830.0,783.0,783.0,787.0
7819.0,1829.0,1829.0,1818.0,782.0,780.0,781.0
7785.0,1814.0,1820.0,1816.0,778.0,777.0,780.0
7778.0,1813.0,1818.0,1815.0,776.0,778.0,778.0
7761.0,1807.0,1803.0,1813.0,780.0,779.0,779.0
7825.0,1823.0,1827.0,1824.0,784.0,785.0,782.0
7868.0,1838.0,1842.0,1829.0,785.0,786.0,788.0
7833.0,1822.0,1833.0,1825.0,785.0,785.0,783.0
7819.0,1826.0,1822.0,1826.0,779.0,785.0,781.0
7808.0,1819.0,1826.0,1833.0,776.0,776.0,778.0
7786.0,1815.0,1818.0,1819.0,775.0,779.0,780.0
7794.0,1810.0,1823.0,1822.0,778.0,779.0,782.0
7839.0,1826.0,1838.0,1821.0,786.0,786.0,782.0
7878.0,1842.0,1834.0,1835.0,787.0,790.0,790.0
7849.0,1823.0,1827.0,1836.0,785.0,789.0,789.0
7870.0,1837.0,1839.0,1830.0,789.0,791.0,784.0
7838.0,1825.0,1827.0,1839.0,780.0,783.0,784.0
7819.0,1833.0,1828.0,1823.0,781.0,775.0,779.0
7788.0,1811.0,1819.0,1816.0,780.0,783.0,779.0
7822.0,1835.0,1817.0,1819.0,785.0,781.0,785.0
7874.0,1844.0,1839.0,1830.0,789.0,787.0,785.0
7892.0,1836.0,1847.0,1837.0,794.0,789.0,789.0
7865.0,1827.0,1837.0,1837.0,787.0,790.0,787.0
7843.0,1828.0,1836.0,1832.0,778.0,785.0,784.0
7836.0,1832.0,1827.0,1834.0,778.0,781.0,784.0
7815.0,1824.0,1820.0,1823.0,782.0,783.0,783.0
7859.0,1838.0,1837.0,1831.0,787.0,781.0,785.0
7908.0,1852.0,1847.0,1840.0,791.0,790.0,788.0
7880.0,1840.0,1839.0,1838.0,789.0,787.0,787.0
7860.0,1835.0,1830.0,1839.0,789.0,783.0,784.0
7851.0,1838.0,1831.0,1830.0,782.0,784.0,786.0
7826.0,1830.0,1830.0,1818.0,782.0,783.0,783.0
7836.0,1831.0,1821.0,1832.0,783.0,786.0,783.0
7861.0,1835.0,1831.0,1833.0,787.0,787.0,788.0
7903.0,1850.0,1839.0,1846.0,790.0,791.0,787.0
7917.0,1850.0,1843.0,1852.0,794.0,787.0,791.0
7893.0,1840.0,1847.0,1837.0,792.0,788.0,789.0
7866.0,1834.0,1842.0,1834.0,784.0,784.0,788.0
7841.0,1835.0,1826.0,1823.0,785.0,784.0,788.0
7818.0,1827.0,1818.0,1821.0,784.0,783.0,785.0
7889.0,1845.0,1833.0,1847.0,787.0,791.0,786.0
7937.0,1855.0,1851.0,1851.0,792.0,796.0,792.0
7937.0,1845.0,1858.0,1854.0,792.0,796.0,792.0
7894.0,1838.0,1844.0,1841.0,794.0,788.0,789.0
7870.0,1839.0,1826.0,1840.0,789.0,787.0,789.0
7856.0,1835.0,1833.0,1826.0,788.0,783.0,791.0
7851.0,1832.0,1836.0,1831.0,788.0,780.0,784.0
7907.0,1840.0,1849.0,1850.0,789.0,792.0,787.0
7923.0,1858.0,1842.0,1853.0,789.0,788.0,793.0
7926.0,1847.0,1849.0,1854.0,791.0,795.0,790.0
7915.0,1847.0,1845.0,1846.0,792.0,795.0,790.0
7903.0,1845.0,1841.0,1843.0,794.0,790.0,790.0
7866.0,1835.0,1832.0,1839.0,787.0,788.0,785.0
7878.0,1833.0,1837.0,1845.0,788.0,786.0,789.0
7920.0,1852.0,1846.0,1854.0,789.0,790.0,789.0
7951.0,1851.0,1853.0,1863.0,793.0,792.0,799.0
7953.0,1855.0,1857.0,1854.0,796.0,794.0,797.0
7937.0,1847.0,1857.0,1851.0,796.0,793.0,793.0
7901.0,1846.0,1837.0,1855.0,791.0,785.0,787.0
7901.0,1850.0,1833.0,1846.0,794.0,793.0,785.0
7910.0,1836.0,1851.0,1856.0,789.0,792.0,786.0
7936.0,1846.0,1852.0,1856.0,793.0,796.0,793.0
7941.0,1852.0,1846.0,1859.0,795.0,795.0,794.0
7945.0,1848.0,1857.0,1852.0,795.0,797.0,796.0
7932.0,1849.0,1858.0,1849.0,792.0,793.0,791.0
7928.0,1850.0,1851.0,1848.0,795.0,790.0,794.0
7918.0,1848.0,1849.0,1846.0,792.0,789.0,794.0
7914.0,1844.0,1847.0,1846.0,796.0,789.0,792.0
7948.0,1847.0,1855.0,1862.0,793.0,795.0,796.0
7990.0,1874.0,1853.0,1863.0,800.0,800.0,800.0
7968.0,1865.0,1863.0,1850.0,800.0,798.0,792.0
7964.0,1854.0,1864.0,1859.0,793.0,801.0,793.0
7948.0,1859.0,1851.0,1858.0,794.0,793.0,793.0
7941.0,1858.0,1847.0,1859.0,793.0,790.0,794.0
7925.0,1846.0,1848.0,1852.0,793.0,792.0,794.0
7965.0,1852.0,1861.0,1857.0,798.0,796.0,801.0
7985.0,1868.0,1868.0,1856.0,798.0,799.0,796.0
7992.0,1865.0,1867.0,1863.0,796.0,801.0,800.0
7977.0,1858.0,1858.0,1866.0,796.0,800.0,799.0
7951.0,1862.0,1853.0,1858.0,793.0,794.0,791.0
7959.0,1857.0,1861.0,1859.0,791.0,795.0,796.0
7938.0,1843.0,1863.0,1850.0,796.0,794.0,792.0
7958.0,1857.0,1857.0,1861.0,796.0,793.0,794.0
7991.0,1868.0,1860.0,1862.0,802.0,801.0,798.0
8020.0,1867.0,1874.0,1873.0,801.0,801.0,804.0
7995.0,1861.0,1866.0,1869.0,799.0,802.0,798.0
7985.0,1863.0,1862.0,1865.0,798.0,798.0,799.0
7960.0,1854.0,1861.0,1858.0,791.0,796.0,800.0
7943.0,1849.0,1855.0,1850.0,793.0,796.0,800.0
7978.0,1868.0,1866.0,1851.0,798.0,798.0,797.0
8041.0,1877.0,1886.0,1875.0,802.0,801.0,800.0
7996.0,1865.0,1868.0,1862.0,801.0,801.0,799.0
7995.0,1856.0,1865.0,1878.0,799.0,797.0,800.0
7969.0,1858.0,1862.0,1857.0,795.0,799.0,798.0
7957.0,1852.0,1860.0,1863.0,795.0,794.0,793.0
7970.0,1856.0,1867.0,1856.0,793.0,803.0,795.0
7996.0,1865.0,1860.0,1863.0,801.0,802.0,805.0
8039.0,1882.0,1867.0,1879.0,800.0,806.0,805.0
8049.0,1878.0,1875.0,1879.0,804.0,807.0,806.0
8027.0,1868.0,1875.0,1872.0,805.0,800.0,807.0
7984.0,1863.0,1866.0,1862.0,800.0,797.0,796.0
7971.0,1862.0,1865.0,1858.0,796.0,795.0,795.0
7989.0,1862.0,1859.0,1867.0,798.0,804.0,799.0
8013.0,1870.0,1877.0,1868.0,799.0,800.0,799.0
8049.0,1879.0,1879.0,1880.0,805.0,802.0,804.0
8068.0,1881.0,1879.0,1886.0,807.0,809.0,806.0
8033.0,1871.0,1872.0,1878.0,805.0,805.0,802.0
7992.0,1871.0,1866.0,1849.0,803.0,801.0,802.0
7982.0,1869.0,1864.0,1853.0,800.0,796.0,800.0
7983.0,1861.0,1869.0,1858.0,796.0,797.0,802.0
8032.0,1876.0,1879.0,1873.0,802.0,801.0,801.0
8052.0,1883.0,1868.0,1883.0,806.0,806.0,806.0
8064.0,1876.0,1878.0,1888.0,805.0,810.0,807.0
8059.0,1877.0,1881.0,1881.0,807.0,809.0,804.0
8034.0,1876.0,1881.0,1869.0,804.0,806.0,798.0
8023.0,1874.0,1874.0,1864.0,805.0,803.0,803.0
8005.0,1867.0,1864.0,1875.0,798.0,800.0,801.0
8054.0,1882.0,1871.0,1886.0,802.0,806.0,807.0
8073.0,1881.0,1886.0,1892.0,805.0,805.0,804.0
8073.0,1882.0,1886.0,1880.0,807.0,807.0,811.0
8064.0,1875.0,1883.0,1879.0,813.0,808.0,806.0
8000.0,1874.0,1859.0,1862.0,803.0,801.0,801.0
8006.0,1872.0,1858.0,1869.0,804.0,802.0,801.0
8026.0,1877.0,1871.0,1875.0,800.0,803.0,800.0
8071.0,1888.0,1881.0,1888.0,803.0,807.0,804.0
8090.0,1888.0,1892.0,1884.0,811.0,810.0,805.0
8090.0,1885.0,1887.0,1885.0,813.0,809.0,811.0
8061.0,1877.0,1883.0,1881.0,806.0,804.0,810.0
8062.0,1880.0,1881.0,1883.0,807.0,803.0,808.0
8054.0,1876.0,1879.0,1878.0,807.0,806.0,808.0
8034.0,1863.0,1878.0,1875.0,805.0,805.0,808.0
8081.0,1887.0,1888.0,1888.0,806.0,807.0,805.0
8099.0,1889.0,1887.0,1892.0,806.0,813.0,812.0
8103.0,1891.0,1886.0,1891.0,810.0,816.0,809.0
8077.0,1879.0,1891.0,1879.0,807.0,811.0,810.0
8101.0,1890.0,1887.0,1898.0,811.0,808.0,807.0
8049.0,1881.0,1875.0,1882.0,806.0,802.0,803.0
8045.0,1879.0,1870.0,1876.0,808.0,804.0,808.0
8068.0,1883.0,1883.0,1887.0,805.0,804.0,806.0
8109.0,1890.0,1900.0,1883.0,812.0,810.0,814.0
8131.0,1892.0,1897.0,1898.0,810.0,815.0,819.0
8102.0,1890.0,1886.0,1889.0,811.0,814.0,812.0
8083.0,1884.0,1877.0,1899.0,806.0,808.0,809.0
8081.0,1881.0,1885.0,1892.0,807.0,811.0,805.0
8069.0,1880.0,1882.0,1885.0,811.0,807.0,804.0
8109.0,1902.0,1889.0,1889.0,809.0,810.0,810.0
8117.0,1898.0,1888.0,1893.0,812.0,811.0,815.0
8127.0,1894.0,1901.0,1900.0,812.0,807.0,813.0
8113.0,1887.0,1898.0,1894.0,810.0,813.0,811.0
8100.0,1885.0,1891.0,1897.0,806.0,811.0,810.0
8080.0,1883.0,1885.0,1888.0,807.0,805.0,812.0
8094.0,1881.0,1894.0,1889.0,809.0,813.0,808.0
8104.0,1890.0,1890.0,1885.0,817.0,810.0,812.0
8151.0,1907.0,1910.0,1891.0,814.0,813.0,816.0
8156.0,1901.0,1905.0,1908.0,814.0,815.0,813.0
8119.0,1885.0,1893.0,1907.0,811.0,809.0,814.0
8124.0,1898.0,1886.0,1909.0,809.0,811.0,811.0
8081.0,1888.0,1883.0,1882.0,811.0,810.0,807.0
8072.0,1874.0,1891.0,1879.0,811.0,810.0,807.0
8144.0,1895.0,1902.0,1899.0,818.0,816.0,814.0
8193.0,1908.0,1910.0,1916.0,819.0,823.0,817.0
8191.0,1910.0,1909.0,1911.0,819.0,820.0,822.0
8171.0,1897.0,1909.0,1911.0,815.0,816.0,823.0
8116.0,1899.0,1893.0,1895.0,807.0,814.0,808.0
8086.0,1888.0,1889.0,1882.0,811.0,806.0,810.0
8091.0,1890.0,1891.0,1881.0,809.0,809.0,811.0
8144.0,1900.0,1894.0,1908.0,818.0,817.0,807.0
8186.0,1911.0,1908.0,1912.0,818.0,818.0,819.0
8196.0,1911.0,1909.0,1925.0,817.0,814.0,820.0
8155.0,1904.0,1911.0,1893.0,816.0,816.0,815.0
8139.0,1903.0,1900.0,1897.0,809.0,815.0,815.0
8116.0,1894.0,1891.0,1891.0,814.0,813.0,813.0
8119.0,1895.0,1898.0,1891.0,808.0,811.0,816.0
8176.0,1908.0,1909.0,1914.0,816.0,813.0,816.0
8203.0,1913.0,1913.0,1921.0,820.0,819.0,817.0
8192.0,1910.0,1901.0,1926.0,817.0,819.0,819.0
8146.0,1895.0,1898.0,1903.0,817.0,820.0,813.0
8130.0,1898.0,1898.0,1900.0,811.0,815.0,808.0
8138.0,1902.0,1904.0,1898.0,812.0,813.0,809.0
8126.0,1890.0,1894.0,1902.0,810.0,816.0,814.0
8190.0,1908.0,1912.0,1913.0,820.0,821.0,816.0
8192.0,1916.0,1908.0,1911.0,821.0,819.0,817.0
8227.0,1924.0,1923.0,1916.0,822.0,819.0,823.0
8168.0,1906.0,1910.0,1900.0,818.0,816.0,818.0
8168.0,1901.0,1915.0,1902.0,818.0,814.0,818.0
8145.0,1903.0,1895.0,1905.0,811.0,815.0,816.0
8158.0,1898.0,1906.0,1911.0,814.0,817.0,812.0
8185.0,1912.0,1907.0,1916.0,816.0,819.0,815.0
8217.0,1919.0,1924.0,1914.0,820.0,819.0,821.0
8213.0,1921.0,1919.0,1911.0,820.0,822.0,820.0
8209.0,1913.0,1915.0,1914.0,823.0,820.0,824.0
8196.0,1905.0,1911.0,1919.0,824.0,820.0,817.0
8151.0,1899.0,1905.0,1900.0,818.0,811.0,818.0
8170.0,1902.0,1911.0,1905.0,818.0,813.0,821.0
8179.0,1908.0,1910.0,1908.0,817.0,817.0,819.0
8236.0,1924.0,1918.0,1924.0,823.0,827.0,820.0
8227.0,1921.0,1921.0,1914.0,825.0,824.0,822.0
8196.0,1918.0,1912.0,1908.0,820.0,822.0,816.0
8219.0,1914.0,1918.0,1925.0,822.0,820.0,820.0
8152.0,1903.0,1902.0,1905.0,812.0,814.0,816.0
8160.0,1895.0,1902.0,1911.0,817.0,816.0,819.0
8211.0,1915.0,1912.0,1921.0,822.0,818.0,823.0
8236.0,1929.0,1920.0,1918.0,825.0,820.0,824.0
8242.0,1922.0,1924.0,1918.0,826.0,826.0,826.0
8230.0,1913.0,1924.0,1923.0,825.0,822.0,823.0
8163.0,1905.0,1899.0,1909.0,817.0,817.0,816.0
8182.0,1909.0,1907.0,1907.0,822.0,821.0,816.0
8187.0,1911.0,1905.0,1909.0,822.0,822.0,818.0
8225.0,1924.0,1926.0,1912.0,823.0,820.0,820.0
8259.0,1937.0,1924.0,1921.0,826.0,827.0,824.0
8265.0,1931.0,1931.0,1930.0,824.0,826.0,823.0
8244.0,1923.0,1919.0,1930.0,825.0,820.0,827.0
8249.0,1919.0,1927.0,1930.0,824.0,824.0,825.0
8205.0,1916.0,1915.0,1910.0,821.0,820.0,823.0
8202.0,1916.0,1910.0,1910.0,824.0,820.0,822.0
8228.0,1921.0,1920.0,1914.0,825.0,824.0,824.0
8268.0,1937.0,1931.0,1924.0,824.0,828.0,824.0
8285.0,1932.0,1935.0,1931.0,829.0,830.0,828.0
8277.0,1927.0,1934.0,1936.0,825.0,829.0,826.0
8222.0,1918.0,1912.0,1928.0,823.0,821.0,820.0
8215.0,1914.0,1910.0,1922.0,824.0,824.0,821.0
8209.0,1908.0,1916.0,1915.0,823.0,823.0,824.0
8249.0,1917.0,1936.0,1922.0,824.0,827.0,823.0
8291.0,1942.0,1927.0,1934.0,827.0,831.0,830.0
8285.0,1944.0,1925.0,1930.0,827.0,829.0,830.0
8265.0,1928.0,1919.0,1935.0,830.0,829.0,824.0
8236.0,1924.0,1913.0,1929.0,826.0,823.0,821.0
8232.0,1923.0,1927.0,1915.0,823.0,820.0,824.0
8243.0,1927.0,1924.0,1918.0,827.0,825.0,822.0
8252.0,1929.0,1921.0,1922.0,830.0,825.0,825.0
8316.0,1947.0,1934.0,1942.0,834.0,829.0,830.0
8317.0,1936.0,1940.0,1938.0,833.0,836.0,834.0
8286.0,1928.0,1937.0,1936.0,827.0,828.0,830.0
8248.0,1922.0,1936.0,1916.0,822.0,826.0,826.0
8241.0,1928.0,1917.0,1919.0,826.0,824.0,827.0
8231.0,1915.0,1918.0,1922.0,824.0,827.0,825.0
8271.0,1924.0,1927.0,1940.0,832.0,823.0,825.0
8339.0,1938.0,1951.0,1958.0,834.0,829.0,829.0
8322.0,1942.0,1942.0,1941.0,831.0,831.0,835.0
8290.0,1944.0,1931.0,1934.0,827.0,828.0,826.0
8275.0,1932.0,1929.0,1928.0,827.0,831.0,828.0
8251.0,1926.0,1927.0,1923.0,824.0,827.0,824.0
8276.0,1922.0,1936.0,1931.0,829.0,832.0,826.0
8296.0,1937.0,1940.0,1933.0,828.0,830.0,828.0
8327.0,1948.0,1934.0,1946.0,834.0,833.0,832.0
8330.0,1944.0,1941.0,1943.0,838.0,832.0,832.0
8295.0,1935.0,1939.0,1933.0,829.0,828.0,831.0
8274.0,1929.0,1937.0,1927.0,826.0,826.0,829.0
8288.0,1934.0,1940.0,1936.0,825.0,825.0,828.0
8270.0,1926.0,1926.0,1934.0,827.0,830.0,827.0
8281.0,1926.0,1928.0,1934.0,829.0,831.0,833.0
8331.0,1941.0,1950.0,1944.0,833.0,831.0,832.0
8331.0,1939.0,1949.0,1936.0,839.0,835.0,833.0
8308.0,1937.0,1931.0,1942.0,833.0,832.0,833.0
8290.0,1935.0,1929.0,1934.0,833.0,828.0,831.0
8273.0,1935.0,1926.0,1938.0,827.0,823.0,824.0
8307.0,1925.0,1942.0,1950.0,828.0,832.0,830.0
8339.0,1941.0,1954.0,1944.0,833.0,835.0,832.0
8339.0,1947.0,1950.0,1938.0,838.0,831.0,835.0
8381.0,1954.0,1955.0,1952.0,842.0,841.0,837.0
8354.0,1946.0,1946.0,1951.0,839.0,838.0,834.0
8331.0,1946.0,1942.0,1943.0,834.0,835.0,831.0
8295.0,1939.0,1938.0,1934.0,827.0,826.0,831.0
8289.0,1932.0,1936.0,1938.0,829.0,826.0,828.0
8324.0,1942.0,1939.0,1943.0,836.0,830.0,834.0
8357.0,1959.0,1949.0,1940.0,839.0,833.0,837.0
8396.0,1956.0,1961.0,1955.0,841.0,842.0,841.0
8373.0,1950.0,1958.0,1950.0,840.0,838.0,837.0
8339.0,1944.0,1938.0,1953.0,834.0,836.0,834.0
8320.0,1942.0,1938.0,1944.0,830.0,834.0,832.0
8316.0,1934.0,1940.0,1946.0,831.0,835.0,830.0
8362.0,1956.0,1951.0,1952.0,833.0,835.0,835.0
8375.0,1961.0,1958.0,1950.0,837.0,834.0,835.0
8391.0,1956.0,1960.0,1958.0,840.0,835.0,842.0
8369.0,1944.0,1951.0,1961.0,840.0,834.0,839.0
8349.0,1948.0,1948.0,1948.0,835.0,832.0,838.0
8339.0,1946.0,1945.0,1952.0,833.0,828.0,835.0
8315.0,1930.0,1938.0,1948.0,832.0,833.0,834.0
8351.0,1948.0,1948.0,1951.0,832.0,838.0,834.0
8383.0,1960.0,1950.0,1954.0,837.0,841.0,841.0
8393.0,1954.0,1961.0,1959.0,840.0,841.0,838.0
8382.0,1951.0,1955.0,1966.0,839.0,837.0,834.0
8353.0,1949.0,1950.0,1949.0,835.0,835.0,835.0
8312.0,1937.0,1936.0,1941.0,836.0,828.0,834.0
8342.0,1949.0,1942.0,1944.0,836.0,833.0,838.0
8387.0,1947.0,1961.0,1957.0,838.0,841.0,843.0
8435.0,1972.0,1968.0,1968.0,839.0,843.0,845.0
8440.0,1969.0,1968.0,1972.0,841.0,845.0,845.0
8372.0,1942.0,1954.0,1963.0,835.0,838.0,840.0
8389.0,1959.0,1955.0,1959.0,840.0,841.0,835.0
8363.0,1954.0,1952.0,1946.0,838.0,838.0,835.0
8365.0,1951.0,1952.0,1955.0,838.0,833.0,836.0
8396.0,1956.0,1963.0,1959.0,840.0,841.0,837.0
8440.0,1971.0,1966.0,1971.0,846.0,845.0,841.0
8444.0,1971.0,1965.0,1974.0,844.0,846.0,844.0
8412.0,1954.0,1970.0,1966.0,838.0,839.0,845.0
8384.0,1961.0,1954.0,1955.0,837.0,842.0,835.0
8386.0,1960.0,1956.0,1952.0,838.0,840.0,840.0
8363.0,1946.0,1939.0,1955.0,844.0,839.0,840.0
8402.0,1961.0,1958.0,1964.0,838.0,843.0,838.0
8445.0,1971.0,1972.0,1978.0,843.0,841.0,840.0
8430.0,1961.0,1967.0,1978.0,838.0,845.0,841.0
8405.0,1963.0,1962.0,1959.0,836.0,844.0,841.0
8387.0,1962.0,1953.0,1949.0,840.0,842.0,841.0
8345.0,1949.0,1943.0,1945.0,835.0,835.0,838.0
8399.0,1952.0,1964.0,1965.0,839.0,842.0,837.0
8428.0,1959.0,1976.0,1965.0,843.0,841.0,844.0
8443.0,1976.0,1966.0,1967.0,845.0,842.0,847.0
8453.0,1976.0,1973.0,1970.0,845.0,840.0,849.0
8438.0,1971.0,1965.0,1971.0,842.0,843.0,846.0
8399.0,1970.0,1956.0,1960.0,838.0,836.0,839.0
8387.0,1959.0,1957.0,1962.0,837.0,838.0,834.0
8403.0,1954.0,1961.0,1964.0,842.0,843.0,839.0
8423.0,1969.0,1958.0,1964.0,846.0,842.0,844.0
8463.0,1977.0,1973.0,1973.0,845.0,852.0,843.0
8493.0,1980.0,1987.0,1977.0,850.0,852.0,847.0
8437.0,1967.0,1972.0,1964.0,844.0,844.0,846.0
8420.0,1967.0,1968.0,1968.0,837.0,840.0,840.0
8393.0,1962.0,1953.0,1962.0,836.0,839.0,841.0
8421.0,1967.0,1963.0,1967.0,842.0,838.0,844.0
8469.0,1974.0,1980.0,1977.0,845.0,845.0,848.0
8490.0,1983.0,1984.0,1974.0,849.0,850.0,850.0
8475.0,1972.0,1974.0,1981.0,849.0,849.0,850.0
8467.0,1967.0,1974.0,1983.0,848.0,849.0,846.0
8444.0,1972.0,1967.0,1981.0,841.0,844.0,839.0
8433.0,1967.0,1968.0,1975.0,838.0,844.0,841.0
8436.0,1956.0,1969.0,1972.0,845.0,847.0,847.0
8461.0,1974.0,1975.0,1977.0,845.0,843.0,847.0
8501.0,1991.0,1986.0,1973.0,852.0,845.0,854.0
8490.0,1982.0,1974.0,1979.0,852.0,850.0,853.0
8481.0,1974.0,1986.0,1977.0,850.0,847.0,847.0
8448.0,1968.0,1980.0,1970.0,844.0,842.0,844.0
8450.0,1973.0,1969.0,1977.0,842.0,846.0,843.0
8429.0,1960.0,1966.0,1974.0,844.0,844.0,841.0
8460.0,1974.0,1973.0,1971.0,851.0,846.0,845.0
8517.0,1996.0,1989.0,1983.0,852.0,848.0,849.0
8500.0,1979.0,1991.0,1980.0,853.0,850.0,847.0
8480.0,1978.0,1974.0,1981.0,851.0,846.0,850.0
8494.0,1981.0,1975.0,1992.0,851.0,844.0,851.0
8473.0,1976.0,1978.0,1978.0,845.0,845.0,851.0
8453.0,1975.0,1977.0,1963.0,844.0,850.0,844.0
8481.0,1979.0,1981.0,1977.0,843.0,851.0,850.0
8529.0,1997.0,1985.0,1987.0,856.0,854.0,850.0
8527.0,1988.0,1984.0,1993.0,856.0,856.0,850.0
8526.0,1977.0,1999.0,1989.0,853.0,855.0,853.0
8509.0,1989.0,1990.0,1986.0,852.0,844.0,848.0
8472.0,1980.0,1979.0,1976.0,846.0,845.0,846.0
8440.0,1975.0,1969.0,1961.0,843.0,847.0,845.0
8487.0,1979.0,1981.0,1982.0,848.0,846.0,851.0
8548.0,1996.0,1998.0,1989.0,855.0,855.0,855.0
8576.0,2000.0,2001.0,2010.0,854.0,857.0,854.0
8554.0,1997.0,1986.0,2003.0,857.0,856.0,855.0
8496.0,1987.0,1978.0,1983.0,854.0,848.0,846.0
8461.0,1981.0,1974.0,1966.0,849.0,845.0,846.0
8465.0,1972.0,1977.0,1979.0,847.0,848.0,842.0
8528.0,1989.0,1995.0,1995.0,853.0,845.0,851.0
8554.0,1997.0,1997.0,1996.0,855.0,855.0,854.0
8574.0,2003.0,1993.0,2004.0,859.0,858.0,857.0
8524.0,1986.0,1986.0,1991.0,855.0,852.0,854.0
8537.0,1990.0,1999.0,1983.0,854.0,857.0,854.0
8504.0,1988.0,1985.0,1977.0,852.0,851.0,851.0
8499.0,1979.0,1983.0,1987.0,852.0,850.0,848.0
8531.0,1996.0,1984.0,1997.0,851.0,848.0,855.0
8562.0,2001.0,1991.0,2004.0,855.0,856.0,855.0
8567.0,1999.0,2005.0,2001.0,855.0,850.0,857.0
8537.0,1986.0,2001.0,1992.0,853.0,852.0,853.0
8517.0,1993.0,1984.0,1983.0,855.0,851.0,851.0
8491.0,1980.0,1980.0,1973.0,855.0,856.0,847.0
8500.0,1976.0,1980.0,1992.0,852.0,852.0,848.0
8557.0,1991.0,1996.0,1996.0,854.0,858.0,862.0
8615.0,2016.0,2009.0,2011.0,858.0,863.0,858.0
8590.0,1998.0,2000.0,2010.0,860.0,859.0,863.0
8559.0,2004.0,1993.0,1997.0,854.0,855.0,856.0
8517.0,1995.0,1989.0,1981.0,852.0,849.0,851.0
8524.0,1991.0,1990.0,1989.0,855.0,846.0,853.0
8525.0,1983.0,1995.0,1994.0,851.0,851.0,851.0
8556.0,1999.0,1996.0,1995.0,856.0,858.0,852.0
8596.0,2018.0,2002.0,1999.0,856.0,862.0,859.0
8605.0,2008.0,2013.0,2006.0,856.0,860.0,862.0
8581.0,2000.0,2006.0,2000.0,858.0,859.0,858.0
8559.0,2002.0,2001.0,1994.0,852.0,853.0,857.0
8540.0,1996.0,1994.0,1991.0,851.0,855.0,853.0
8535.0,1989.0,1981.0,2001.0,857.0,852.0,855.0
8574.0,1999.0,1996.0,1999.0,861.0,857.0,862.0
8612.0,2015.0,2010.0,2007.0,858.0,862.0,860.0
8611.0,2005.0,2013.0,2010.0,861.0,865.0,857.0
8598.0,2007.0,2007.0,2005.0,856.0,865.0,858.0
8579.0,2013.0,1991.0,2003.0,856.0,860.0,856.0
8547.0,1997.0,1993.0,1997.0,855.0,852.0,853.0
8563.0,1990.0,2000.0,2003.0,856.0,857.0,857.0
8595.0,2004.0,2002.0,2008.0,860.0,861.0,860.0
8613.0,2022.0,2007.0,1999.0,864.0,858.0,863.0
8627.0,2008.0,2010.0,2017.0,862.0,862.0,868.0
8625.0,2017.0,2009.0,2015.0,862.0,860.0,862.0
8593.0,2005.0,2009.0,2007.0,853.0,859.0,860.0
8559.0,2000.0,1987.0,2000.0,855.0,858.0,859.0
8572.0,1999.0,1998.0,2006.0,858.0,858.0,853.0
8608.0,2021.0,2007.0,1997.0,863.0,864.0,856.0
8639.0,2019.0,2018.0,2008.0,865.0,865.0,864.0
8655.0,2015.0,2022.0,2023.0,867.0,864.0,864.0
8614.0,2007.0,2007.0,2016.0,863.0,858.0,863.0
8605.0,2012.0,1999.0,2017.0,858.0,857.0,862.0
8575.0,2011.0,1996.0,1999.0,855.0,854.0,860.0
8569.0,1993.0,1997.0,2002.0,857.0,859.0,861.0
8624.0,2010.0,2017.0,2013.0,864.0,861.0,859.0
8643.0,2020.0,2019.0,2012.0,867.0,864.0,861.0
8641.0,2015.0,2011.0,2019.0,863.0,868.0,865.0
8659.0,2018.0,2013.0,2030.0,868.0,865.0,865.0
8627.0,2018.0,2017.0,2008.0,861.0,862.0,861.0
8613.0,2014.0,2015.0,2012.0,856.0,860.0,856.0
8579.0,1998.0,1998.0,2008.0,856.0,856.0,863.0
8624.0,2008.0,2013.0,2016.0,862.0,862.0,863.0
8667.0,2023.0,2018.0,2023.0,868.0,868.0,867.0
8685.0,2020.0,2029.0,2028.0,873.0,871.0,864.0
8676.0,2017.0,2033.0,2028.0,868.0,866.0,864.0
8616.0,2017.0,2007.0,2008.0,863.0,864.0,857.0
8575.0,1998.0,1991.0,2002.0,860.0,866.0,858.0
8619.0,2008.0,2012.0,2012.0,865.0,861.0,861.0
8665.0,2027.0,2020.0,2029.0,862.0,863.0,864.0
8687.0,2022.0,2027.0,2037.0,870.0,865.0,866.0
8692.0,2027.0,2021.0,2040.0,870.0,867.0,867.0
8662.0,2014.0,2019.0,2025.0,869.0,866.0,869.0
8635.0,2013.0,2020.0,2010.0,867.0,862.0,863.0
8634.0,2014.0,2020.0,2011.0,862.0,866.0,861.0
8625.0,2016.0,2015.0,2006.0,860.0,864.0,864.0
8658.0,2026.0,2015.0,2023.0,863.0,866.0,865.0
8712.0,2036.0,2032.0,2039.0,869.0,866.0,870.0
8701.0,2033.0,2035.0,2029.0,870.0,866.0,868.0
8677.0,2008.0,2036.0,2029.0,868.0,868.0,868.0
8654.0,2020.0,2019.0,2018.0,866.0,866.0,865.0
8636.0,2015.0,2013.0,2017.0,870.0,859.0,862.0
8620.0,2010.0,2008.0,2013.0,860.0,865.0,864.0
8663.0,2015.0,2021.0,2024.0,865.0,868.0,870.0
8730.0,2034.0,2038.0,2040.0,870.0,870.0,878.0
8729.0,2029.0,2039.0,2036.0,873.0,875.0,877.0
8693.0,2028.0,2032.0,2025.0,867.0,870.0,871.0
8664.0,2027.0,2016.0,2021.0,867.0,865.0,868.0
8660.0,2019.0,2025.0,2022.0,867.0,862.0,865.0
8660.0,2020.0,2022.0,2025.0,867.0,867.0,859.0
8686.0,2025.0,2034.0,2032.0,865.0,863.0,867.0
8722.0,2037.0,2034.0,2039.0,871.0,871.0,870.0
8729.0,2032.0,2030.0,2040.0,873.0,880.0,874.0
8688.0,2017.0,2024.0,2029.0,872.0,871.0,875.0
8684.0,2029.0,2028.0,2022.0,869.0,867.0,869.0
8679.0,2026.0,2027.0,2028.0,866.0,865.0,867.0
8661.0,2019.0,2012.0,2032.0,866.0,865.0,867.0
8697.0,2039.0,2025.0,2030.0,868.0,869.0,866.0
8733.0,2042.0,2040.0,2035.0,875.0,869.0,872.0
8727.0,2033.0,2045.0,2031.0,872.0,873.0,873.0
8728.0,2041.0,2038.0,2038.0,870.0,872.0,869.0
8690.0,2038.0,2022.0,2022.0,865.0,875.0,868.0
8678.0,2020.0,2023.0,2037.0,864.0,870.0,864.0
8695.0,2021.0,2031.0,2031.0,869.0,872.0,871.0
8699.0,2031.0,2034.0,2025.0,867.0,867.0,875.0
8758.0,2047.0,2047.0,2040.0,877.0,871.0,876.0
8723.0,2036.0,2036.0,2033.0,871.0,874.0,873.0
8721.0,2037.0,2030.0,2039.0,870.0,869.0,876.0
8732.0,2040.0,2041.0,2038.0,872.0,869.0,872.0
8716.0,2037.0,2037.0,2037.0,869.0,869.0,867.0
8711.0,2025.0,2033.0,2037.0,875.0,873.0,868.0
8743.0,2042.0,2044.0,2035.0,876.0,873.0,873.0
8759.0,2053.0,2039.0,2038.0,877.0,877.0,875.0
8776.0,2046.0,2055.0,2048.0,875.0,875.0,877.0
8748.0,2046.0,2039.0,2037.0,874.0,875.0,877.0
8724.0,2038.0,2038.0,2034.0,868.0,872.0,874.0
8703.0,2033.0,2029.0,2029.0,868.0,871.0,873.0
8719.0,2037.0,2035.0,2028.0,870.0,874.0,875.0
8738.0,2035.0,2038.0,2038.0,874.0,874.0,879.0
8798.0,2058.0,2051.0,2049.0,881.0,880.0,879.0
8781.0,2042.0,2046.0,2057.0,878.0,883.0,875.0
8758.0,2043.0,2038.0,2057.0,876.0,872.0,872.0
8734.0,2044.0,2036.0,2039.0,869.0,873.0,873.0
8713.0,2039.0,2041.0,2032.0,865.0,868.0,868.0
8741.0,2039.0,2047.0,2031.0,878.0,871.0,875.0
8778.0,2044.0,2051.0,2045.0,882.0,875.0,881.0
8784.0,2047.0,2048.0,2053.0,879.0,877.0,880.0
8785.0,2048.0,2044.0,2057.0,878.0,878.0,880.0
8780.0,2045.0,2051.0,2049.0,876.0,881.0,878.0
8747.0,2045.0,2037.0,2038.0,875.0,877.0,875.0
8734.0,2050.0,2035.0,2031.0,871.0,876.0,871.0
8731.0,2034.0,2042.0,2036.0,871.0,874.0,874.0
8769.0,2042.0,2051.0,2051.0,875.0,876.0,874.0
8823.0,2056.0,2062.0,2064.0,881.0,880.0,880.0
8819.0,2055.0,2058.0,2058.0,883.0,880.0,885.0
8777.0,2045.0,2043.0,2053.0,879.0,876.0,881.0
8771.0,2053.0,2050.0,2038.0,874.0,877.0,879.0
8763.0,2046.0,2047.0,2040.0,876.0,877.0,877.0
8764.0,2045.0,2048.0,2041.0,872.0,879.0,879.0
8780.0,2053.0,2048.0,2047.0,876.0,878.0,878.0
8830.0,2069.0,2054.0,2062.0,886.0,881.0,878.0
8834.0,2056.0,2059.0,2068.0,885.0,883.0,883.0
8798.0,2055.0,2052.0,2052.0,883.0,877.0,879.0
8773.0,2055.0,2049.0,2042.0,877.0,875.0,875.0
8766.0,2044.0,2055.0,2042.0,874.0,875.0,876.0
8747.0,2042.0,2039.0,2043.0,875.0,874.0,874.0
8820.0,2059.0,2056.0,2059.0,879.0,882.0,885.0
8834.0,2069.0,2055.0,2061.0,882.0,883.0,884.0
8853.0,2062.0,2066.0,2060.0,884.0,890.0,891.0
8816.0,2057.0,2056.0,2058.0,885.0,882.0,878.0
8780.0,2047.0,2053.0,2045.0,882.0,878.0,875.0
8767.0,2047.0,2042.0,2052.0,874.0,876.0,876.0
8802.0,2046.0,2059.0,2063.0,880.0,875.0,879.0
8789.0,2047.0,2054.0,2057.0,876.0,878.0,877.0
8837.0,2067.0,2062.0,2062.0,883.0,883.0,880.0
8849.0,2062.0,2065.0,2064.0,883.0,889.0,886.0
8811.0,2051.0,2053.0,2052.0,889.0,883.0,883.0
8810.0,2059.0,2056.0,2050.0,879.0,884.0,882.0
8797.0,2048.0,2051.0,2057.0,879.0,884.0,878.0
8774.0,2042.0,2048.0,2049.0,878.0,877.0,880.0
8826.0,2064.0,2057.0,2061.0,879.0,881.0,884.0
8848.0,2066.0,2065.0,2068.0,885.0,882.0,882.0
8878.0,2074.0,2079.0,2068.0,884.0,887.0,886.0
8847.0,2063.0,2072.0,2055.0,886.0,886.0,885.0
8831.0,2057.0,2053.0,2075.0,886.0,882.0,878.0
8795.0,2046.0,2048.0,2065.0,877.0,882.0,877.0
8818.0,2052.0,2054.0,2061.0,884.0,884.0,883.0
8840.0,2060.0,2063.0,2061.0,883.0,885.0,888.0
8860.0,2066.0,2068.0,2067.0,883.0,887.0,889.0
8869.0,2062.0,2070.0,2078.0,885.0,885.0,889.0
8868.0,2064.0,2057.0,2077.0,892.0,886.0,892.0
8838.0,2063.0,2063.0,2064.0,884.0,881.0,883.0
8837.0,2061.0,2068.0,2063.0,882.0,882.0,881.0
8809.0,2045.0,2060.0,2059.0,880.0,882.0,883.0
8842.0,2065.0,2060.0,2053.0,888.0,888.0,888.0
8884.0,2076.0,2076.0,2070.0,884.0,889.0,889.0
8892.0,2070.0,2077.0,2077.0,886.0,889.0,893.0
8903.0,2074.0,2083.0,2080.0,887.0,887.0,892.0
8863.0,2070.0,2065.0,2068.0,885.0,889.0,886.0
8840.0,2069.0,2061.0,2057.0,886.0,882.0,885.0
8823.0,2060.0,2053.0,2061.0,885.0,882.0,882.0
8872.0,2070.0,2075.0,2063.0,888.0,888.0,888.0
8921.0,2092.0,2079.0,2079.0,891.0,892.0,888.0
8912.0,2079.0,2081.0,2083.0,889.0,892.0,888.0
8883.0,2063.0,2074.0,2083.0,888.0,888.0,887.0
8849.0,2068.0,2061.0,2066.0,884.0,886.0,884.0
8838.0,2063.0,2067.0,2058.0,885.0,883.0,882.0
8844.0,2060.0,2067.0,2063.0,884.0,883.0,887.0
8889.0,2074.0,2072.0,2071.0,893.0,887.0,892.0
8907.0,2075.0,2074.0,2083.0,893.0,890.0,892.0
8922.0,2081.0,2079.0,2086.0,890.0,890.0,896.0
8920.0,2076.0,2089.0,2079.0,889.0,892.0,895.0
8894.0,2071.0,2085.0,2072.0,888.0,891.0,887.0
8838.0,2060.0,2070.0,2052.0,885.0,888.0,883.0
8844.0,2065.0,2059.0,2060.0,891.0,884.0,885.0
8891.0,2073.0,2070.0,2077.0,889.0,891.0,891.0
8935.0,2092.0,2079.0,2090.0,892.0,890.0,892.0
8952.0,2089.0,2085.0,2094.0,894.0,895.0,895.0
8919.0,2078.0,2083.0,2088.0,885.0,893.0,892.0
8883.0,2071.0,2070.0,2075.0,888.0,887.0,892.0
8863.0,2068.0,2058.0,2073.0,884.0,890.0,890.0
8860.0,2056.0,2076.0,2066.0,885.0,890.0,887.0
8911.0,2075.0,2085.0,2077.0,893.0,893.0,888.0
8942.0,2086.0,2089.0,2085.0,896.0,892.0,894.0
8955.0,2093.0,2085.0,2093.0,898.0,894.0,892.0
8910.0,2083.0,2074.0,2078.0,892.0,891.0,892.0
8897.0,2077.0,2082.0,2078.0,885.0,886.0,889.0
8886.0,2069.0,2080.0,2070.0,892.0,887.0,888.0
8901.0,2079.0,2079.0,2074.0,885.0,891.0,893.0
8928.0,2078.0,2079.0,2090.0,892.0,895.0,894.0
8972.0,2088.0,2087.0,2101.0,902.0,896.0,898.0
8955.0,2085.0,2097.0,2082.0,897.0,897.0,897.0
8932.0,2075.0,2092.0,2082.0,893.0,895.0,895.0
8932.0,2089.0,2082.0,2086.0,892.0,892.0,891.0
8876.0,2073.0,2071.0,2076.0,887.0,883.0,886.0
8907.0,2077.0,2077.0,2084.0,890.0,893.0,886.0
8943.0,2093.0,2081.0,2093.0,896.0,892.0,888.0
8967.0,2094.0,2092.0,2094.0,898.0,896.0,893.0
8978.0,2091.0,2092.0,2096.0,901.0,901.0,897.0
8939.0,2093.0,2072.0,2084.0,897.0,897.0,896.0
8918.0,2084.0,2074.0,2081.0,895.0,891.0,893.0
8917.0,2080.0,2082.0,2082.0,890.0,889.0,894.0
8930.0,2076.0,2088.0,2085.0,893.0,897.0,891.0
8950.0,2089.0,2095.0,2083.0,893.0,894.0,896.0
8982.0,2100.0,2097.0,2092.0,897.0,898.0,898.0
8977.0,2099.0,2099.0,2086.0,899.0,896.0,898.0
8976.0,2094.0,2103.0,2089.0,900.0,899.0,891.0
8961.0,2086.0,2100.0,2087.0,895.0,897.0,896.0
8943.0,2093.0,2080.0,2091.0,894.0,894.0,891.0
8941.0,2089.0,2079.0,2089.0,894.0,898.0,892.0
8977.0,2092.0,2095.0,2094.0,896.0,900.0,900.0
8989.0,2096.0,2098.0,2094.0,898.0,899.0,904.0
9013.0,2096.0,2104.0,2109.0,903.0,899.0,902.0
8982.0,2091.0,2096.0,2098.0,897.0,899.0,901.0
8983.0,2093.0,2092.0,2100.0,902.0,897.0,899.0
8965.0,2097.0,2092.0,2092.0,896.0,897.0,891.0
8942.0,2078.0,2094.0,2091.0,893.0,896.0,890.0
8982.0,2092.0,2100.0,2096.0,899.0,900.0,895.0
9040.0,2109.0,2109.0,2115.0,902.0,903.0,902.0
9012.0,2104.0,2102.0,2099.0,901.0,904.0,902.0
9022.0,2099.0,2103.0,2109.0,904.0,903.0,904.0
8992.0,2097.0,2097.0,2097.0,898.0,897.0,906.0
8970.0,2091.0,2090.0,2096.0,900.0,894.0,899.0
8945.0,2085.0,2084.0,2087.0,895.0,895.0,899.0
9001.0,2102.0,2100.0,2103.0,895.0,900.0,901.0
9042.0,2114.0,2121.0,2104.0,901.0,902.0,900.0
9046.0,2103.0,2111.0,2123.0,900.0,906.0,903.0
9038.0,2106.0,2116.0,2114.0,901.0,903.0,898.0
8999.0,2104.0,2091.0,2103.0,900.0,905.0,896.0
8974.0,2095.0,2092.0,2093.0,899.0,898.0,897.0
8978.0,2096.0,2099.0,2085.0,902.0,899.0,897.0
9010.0,2107.0,2107.0,2092.0,901.0,899.0,904.0
9038.0,2107.0,2108.0,2108.0,902.0,905.0,908.0
9038.0,2107.0,2102.0,2119.0,899.0,902.0,909.0
9018.0,2103.0,2103.0,2110.0,901.0,899.0,902.0
9022.0,2110.0,2113.0,2101.0,899.0,900.0,899.0
8974.0,2098.0,2093.0,2092.0,896.0,900.0,895.0
8976.0,2092.0,2098.0,2087.0,905.0,900.0,894.0
9004.0,2111.0,2098.0,2095.0,902.0,898.0,900.0
9052.0,2114.0,2113.0,2112.0,903.0,906.0,904.0
9066.0,2118.0,2121.0,2112.0,904.0,904.0,907.0
9030.0,2101.0,2106.0,2116.0,903.0,900.0,904.0
9019.0,2109.0,2100.0,2102.0,903.0,901.0,904.0
8992.0,2103.0,2097.0,2096.0,899.0,900.0,897.0
9001.0,2091.0,2104.0,2101.0,904.0,900.0,901.0
9058.0,2107.0,2118.0,2119.0,904.0,906.0,904.0
9088.0,2121.0,2120.0,2128.0,907.0,907.0,905.0
9082.0,2123.0,2117.0,2126.0,905.0,906.0,905.0
9037.0,2102.0,2112.0,2115.0,904.0,904.0,900.0
9024.0,2108.0,2102.0,2106.0,901.0,906.0,901.0
9026.0,2111.0,2113.0,2101.0,901.0,900.0,900.0
8999.0,2088.0,2099.0,2103.0,903.0,902.0,904.0
9082.0,2121.0,2117.0,2121.0,909.0,904.0,910.0
9095.0,2124.0,2113.0,2127.0,909.0,909.0,913.0
9089.0,2128.0,2125.0,2111.0,907.0,908.0,910.0
9082.0,2112.0,2127.0,2117.0,906.0,911.0,909.0
9039.0,2116.0,2104.0,2109.0,903.0,904.0,903.0
8998.0,2101.0,2099.0,2102.0,899.0,898.0,899.0
9023.0,2105.0,2101.0,2107.0,902.0,904.0,904.0
9068.0,2111.0,2117.0,2127.0,906.0,904.0,903.0
9083.0,2123.0,2120.0,2118.0,910.0,906.0,906.0
9119.0,2116.0,2132.0,2136.0,914.0,909.0,912.0
9060.0,2102.0,2120.0,2111.0,909.0,910.0,908.0
9038.0,2113.0,2104.0,2108.0,903.0,905.0,905.0
9077.0,2121.0,2123.0,2119.0,906.0,901.0,907.0
9058.0,2106.0,2111.0,2122.0,904.0,910.0,905.0
9089.0,2118.0,2119.0,2124.0,911.0,906.0,911.0
9101.0,2129.0,2119.0,2123.0,910.0,909.0,911.0
9111.0,2122.0,2123.0,2133.0,914.0,911.0,908.0
9094.0,2118.0,2123.0,2122.0,910.0,912.0,909.0
9079.0,2114.0,2126.0,2119.0,908.0,905.0,907.0
9047.0,2107.0,2111.0,2121.0,901.0,904.0,903.0
9067.0,2113.0,2106.0,2127.0,905.0,910.0,906.0
9091.0,2119.0,2117.0,2122.0,910.0,914.0,909.0
9119.0,2134.0,2119.0,2125.0,911.0,916.0,914.0
9143.0,2127.0,2143.0,2126.0,917.0,914.0,916.0
9110.0,2120.0,2123.0,2128.0,915.0,911.0,913.0
9078.0,2122.0,2113.0,2117.0,907.0,906.0,913.0
9064.0,2120.0,2112.0,2115.0,906.0,907.0,904.0
9061.0,2107.0,2118.0,2115.0,909.0,905.0,907.0
9091.0,2123.0,2123.0,2124.0,905.0,908.0,908.0
9153.0,2143.0,2129.0,2135.0,911.0,919.0,916.0
9144.0,2134.0,2122.0,2138.0,916.0,918.0,916.0
9126.0,2126.0,2132.0,2128.0,915.0,913.0,912.0
9122.0,2126.0,2128.0,2130.0,913.0,910.0,915.0
9080.0,2122.0,2119.0,2116.0,908.0,908.0,907.0
9071.0,2108.0,2118.0,2117.0,909.0,908.0,911.0
9114.0,2128.0,2124.0,2129.0,911.0,912.0,910.0
9151.0,2144.0,2133.0,2131.0,913.0,916.0,914.0
9155.0,2131.0,2139.0,2139.0,913.0,922.0,911.0
9149.0,2127.0,2139.0,2140.0,916.0,915.0,912.0
9127.0,2129.0,2126.0,2136.0,915.0,910.0,911.0
9089.0,2121.0,2113.0,2120.0,913.0,911.0,911.0
9099.0,2120.0,2127.0,2117.0,909.0,911.0,915.0
9125.0,2136.0,2130.0,2124.0,907.0,912.0,916.0
9175.0,2141.0,2146.0,2138.0,915.0,916.0,919.0
9180.0,2136.0,2141.0,2150.0,917.0,917.0,919.0
9137.0,2133.0,2119.0,2137.0,916.0,916.0,916.0
9125.0,2127.0,2130.0,2127.0,915.0,914.0,912.0
9114.0,2125.0,2127.0,2125.0,914.0,912.0,911.0
9094.0,2114.0,2128.0,2118.0,910.0,914.0,910.0
9140.0,2123.0,2138.0,2133.0,914.0,916.0,916.0
9183.0,2147.0,2139.0,2145.0,913.0,917.0,922.0
9190.0,2145.0,2143.0,2149.0,918.0,917.0,918.0
9164.0,2142.0,2132.0,2138.0,915.0,917.0,920.0
9154.0,2134.0,2141.0,2132.0,918.0,913.0,916.0
9127.0,2134.0,2124.0,2129.0,915.0,910.0,915.0
9117.0,2122.0,2128.0,2131.0,914.0,911.0,911.0
9155.0,2134.0,2138.0,2139.0,913.0,918.0,913.0
9209.0,2153.0,2148.0,2151.0,918.0,919.0,920.0
9204.0,2147.0,2144.0,2154.0,918.0,924.0,917.0
9177.0,2142.0,2141.0,2145.0,918.0,916.0,915.0
9141.0,2141.0,2128.0,2128.0,916.0,913.0,915.0
9133.0,2127.0,2136.0,2128.0,918.0,908.0,916.0
9149.0,2122.0,2143.0,2137.0,914.0,914.0,919.0
9181.0,2137.0,2138.0,2157.0,915.0,911.0,923.0
9198.0,2147.0,2136.0,2152.0,921.0,916.0,926.0
9200.0,2152.0,2140.0,2145.0,920.0,922.0,921.0
9194.0,2143.0,2145.0,2148.0,917.0,922.0,919.0
9194.0,2149.0,2143.0,2145.0,921.0,917.0,919.0
9153.0,2141.0,2133.0,2131.0,918.0,918.0,912.0
9137.0,2131.0,2123.0,2139.0,913.0,916.0,915.0
9174.0,2140.0,2141.0,2141.0,920.0,918.0,914.0
9212.0,2147.0,2147.0,2153.0,924.0,922.0,919.0
9225.0,2155.0,2151.0,2152.0,923.0,921.0,923.0
9203.0,2150.0,2147.0,2147.0,916.0,920.0,923.0
9183.0,2145.0,2132.0,2144.0,915.0,923.0,924.0
9181.0,2150.0,2138.0,2141.0,916.0,921.0,915.0
9195.0,2136.0,2147.0,2154.0,918.0,921.0,919.0
9198.0,2142.0,2149.0,2145.0,923.0,918.0,921.0
9252.0,2164.0,2157.0,2157.0,928.0,925.0,921.0
9247.0,2157.0,2160.0,2163.0,923.0,923.0,921.0
9218.0,2149.0,2152.0,2154.0,923.0,919.0,921.0
9194.0,2148.0,2147.0,2143.0,916.0,919.0,921.0
9171.0,2132.0,2137.0,2148.0,918.0,921.0,915.0
9210.0,2141.0,2150.0,2152.0,919.0,926.0,922.0
9226.0,2153.0,2141.0,2156.0,925.0,925.0,926.0
9255.0,2166.0,2159.0,2152.0,924.0,927.0,927.0
9243.0,2160.0,2159.0,2151.0,924.0,924.0,925.0
9233.0,2148.0,2159.0,2155.0,922.0,926.0,923.0
9221.0,2156.0,2149.0,2156.0,920.0,922.0,918.0
9179.0,2149.0,2133.0,2148.0,919.0,915.0,915.0
9208.0,2150.0,2150.0,2147.0,923.0,919.0,919.0
9218.0,2156.0,2153.0,2143.0,924.0,923.0,919.0
9275.0,2165.0,2160.0,2165.0,931.0,929.0,925.0
9268.0,2164.0,2157.0,2165.0,928.0,928.0,926.0
9243.0,2154.0,2155.0,2159.0,923.0,928.0,924.0
9230.0,2150.0,2154.0,2156.0,920.0,927.0,923.0
9220.0,2152.0,2158.0,2153.0,917.0,920.0,920.0
9207.0,2146.0,2152.0,2149.0,918.0,921.0,921.0
9237.0,2163.0,2153.0,2150.0,922.0,924.0,925.0
9277.0,2169.0,2159.0,2165.0,931.0,925.0,928.0
9294.0,2166.0,2168.0,2173.0,934.0,928.0,925.0
9260.0,2160.0,2160.0,2161.0,931.0,925.0,923.0
9240.0,2159.0,2156.0,2157.0,922.0,926.0,920.0
9223.0,2160.0,2147.0,2147.0,922.0,927.0,920.0
9184.0,2141.0,2132.0,2146.0,922.0,922.0,921.0
9231.0,2150.0,2156.0,2153.0,922.0,923.0,927.0
9306.0,2170.0,2168.0,2172.0,933.0,927.0,936.0
9322.0,2175.0,2180.0,2174.0,931.0,928.0,934.0
9273.0,2162.0,2165.0,2161.0,931.0,926.0,928.0
9237.0,2152.0,2143.0,2165.0,927.0,926.0,924.0
9235.0,2158.0,2155.0,2150.0,924.0,926.0,922.0
9206.0,2146.0,2150.0,2143.0,921.0,924.0,922.0
9293.0,2171.0,2173.0,2168.0,924.0,933.0,924.0
9303.0,2179.0,2162.0,2173.0,927.0,935.0,927.0
9321.0,2178.0,2168.0,2178.0,934.0,929.0,934.0
9316.0,2172.0,2177.0,2171.0,934.0,931.0,931.0
9283.0,2173.0,2166.0,2157.0,929.0,927.0,931.0
9245.0,2163.0,2156.0,2152.0,925.0,924.0,925.0
9241.0,2153.0,2150.0,2160.0,928.0,924.0,926.0
9290.0,2167.0,2169.0,2174.0,924.0,927.0,929.0
9329.0,2179.0,2185.0,2177.0,928.0,933.0,927.0
9339.0,2177.0,2182.0,2181.0,930.0,938.0,931.0
9301.0,2166.0,2169.0,2173.0,934.0,930.0,929.0
9282.0,2165.0,2161.0,2169.0,929.0,929.0,929.0
9257.0,2168.0,2156.0,2160.0,924.0,925.0,924.0
9262.0,2153.0,2168.0,2162.0,928.0,922.0,929.0
9323.0,2175.0,2176.0,2178.0,928.0,930.0,936.0
9355.0,2192.0,2180.0,2189.0,929.0,931.0,934.0
9315.0,2172.0,2175.0,2173.0,931.0,930.0,934.0
9333.0,2179.0,2171.0,2180.0,934.0,937.0,932.0
9265.0,2168.0,2160.0,2159.0,924.0,930.0,924.0
9284.0,2173.0,2164.0,2162.0,928.0,933.0,924.0
9265.0,2156.0,2162.0,2168.0,933.0,926.0,920.0
9307.0,2177.0,2170.0,2171.0,931.0,928.0,930.0
9339.0,2182.0,2176.0,2181.0,935.0,930.0,935.0
9342.0,2175.0,2189.0,2177.0,934.0,931.0,936.0
9343.0,2184.0,2180.0,2179.0,930.0,934.0,936.0
9313.0,2171.0,2167.0,2180.0,931.0,930.0,934.0
9308.0,2167.0,2165.0,2174.0,932.0,934.0,936.0
9312.0,2166.0,2175.0,2178.0,928.0,933.0,932.0
9326.0,2174.0,2178.0,2174.0,933.0,936.0,931.0
9394.0,2197.0,2192.0,2192.0,937.0,941.0,935.0
9357.0,2181.0,2184.0,2178.0,937.0,938.0,939.0
9332.0,2176.0,2176.0,2182.0,933.0,934.0,931.0
9341.0,2184.0,2183.0,2185.0,931.0,931.0,927.0
9312.0,2168.0,2177.0,2172.0,932.0,928.0,935.0
9298.0,2171.0,2163.0,2167.0,934.0,929.0,934.0
9337.0,2181.0,2178.0,2177.0,934.0,936.0,931.0
9391.0,2201.0,2183.0,2188.0,940.0,942.0,937.0
9388.0,2198.0,2185.0,2185.0,941.0,939.0,940.0
9359.0,2176.0,2187.0,2189.0,932.0,940.0,935.0
9342.0,2178.0,2178.0,2186.0,933.0,934.0,933.0
9302.0,2170.0,2169.0,2183.0,928.0,927.0,925.0
9314.0,2170.0,2175.0,2173.0,933.0,933.0,930.0
9342.0,2183.0,2180.0,2176.0,934.0,934.0,935.0
9401.0,2194.0,2195.0,2188.0,943.0,943.0,938.0
9401.0,2186.0,2197.0,2196.0,937.0,942.0,943.0
9370.0,2188.0,2181.0,2188.0,933.0,940.0,940.0
9341.0,2178.0,2175.0,2179.0,934.0,934.0,941.0
9343.0,2175.0,2182.0,2182.0,932.0,936.0,936.0
9362.0,2181.0,2190.0,2178.0,936.0,938.0,939.0
9376.0,2192.0,2194.0,2182.0,936.0,935.0,937.0
9407.0,2198.0,2190.0,2196.0,943.0,940.0,940.0
9431.0,2200.0,2200.0,2207.0,945.0,942.0,937.0
9394.0,2186.0,2200.0,2197.0,939.0,938.0,934.0
9380.0,2198.0,2187.0,2188.0,934.0,937.0,936.0
9347.0,2189.0,2180.0,2177.0,930.0,936.0,935.0
9347.0,2176.0,2186.0,2174.0,934.0,938.0,939.0
9394.0,2195.0,2190.0,2186.0,942.0,940.0,941.0
9445.0,2202.0,2207.0,2203.0,946.0,944.0,943.0
9457.0,2202.0,2209.0,2210.0,947.0,944.0,945.0
9418.0,2199.0,2198.0,2200.0,943.0,936.0,942.0
9373.0,2187.0,2184.0,2193.0,938.0,936.0,935.0
9360.0,2191.0,2178.0,2188.0,936.0,935.0,932.0
9350.0,2179.0,2190.0,2179.0,931.0,940.0,931.0
9419.0,2200.0,2198.0,2201.0,940.0,942.0,938.0
9446.0,2207.0,2197.0,2203.0,945.0,947.0,947.0
9439.0,2197.0,2204.0,2203.0,948.0,944.0,943.0
9408.0,2187.0,2194.0,2200.0,943.0,940.0,944.0
9397.0,2190.0,2198.0,2193.0,938.0,939.0,939.0
9358.0,2189.0,2184.0,2178.0,936.0,932.0,939.0
9369.0,2180.0,2188.0,2189.0,937.0,938.0,937.0
9422.0,2196.0,2191.0,2210.0,941.0,942.0,942.0
9447.0,2207.0,2198.0,2211.0,943.0,944.0,944.0
9444.0,2199.0,2208.0,2211.0,944.0,946.0,936.0
9456.0,2198.0,2212.0,2203.0,948.0,949.0,946.0
9411.0,2202.0,2194.0,2195.0,945.0,939.0,936.0
9396.0,2196.0,2191.0,2189.0,938.0,944.0,938.0
9398.0,2192.0,2194.0,2199.0,935.0,938.0,940.0
9433.0,2201.0,2201.0,2207.0,939.0,940.0,945.0
9472.0,2211.0,2211.0,2211.0,944.0,946.0,949.0
9443.0,2202.0,2202.0,2201.0,945.0,948.0,945.0
9418.0,2198.0,2190.0,2196.0,947.0,942.0,945.0
9417.0,2192.0,2199.0,2199.0,944.0,947.0,936.0
9398.0,2194.0,2190.0,2190.0,941.0,943.0,940.0
9411.0,2190.0,2197.0,2203.0,941.0,943.0,937.0
9434.0,2210.0,2195.0,2201.0,943.0,942.0,943.0
9472.0,2207.0,2209.0,2216.0,946.0,945.0,949.0
9481.0,2208.0,2209.0,2216.0,951.0,947.0,950.0
9462.0,2212.0,2213.0,2197.0,949.0,942.0,949.0
9449.0,2208.0,2204.0,2204.0,947.0,942.0,944.0
9432.0,2207.0,2190.0,2208.0,939.0,944.0,944.0
9412.0,2193.0,2191.0,2199.0,943.0,942.0,944.0
9472.0,2202.0,2208.0,2220.0,946.0,949.0,947.0
9496.0,2220.0,2221.0,2203.0,949.0,951.0,952.0
9499.0,2215.0,2221.0,2218.0,949.0,949.0,947.0
9457.0,2208.0,2216.0,2201.0,945.0,945.0,942.0
9467.0,2215.0,2211.0,2211.0,943.0,941.0,946.0
9434.0,2204.0,2198.0,2202.0,946.0,942.0,942.0
9432.0,2191.0,2208.0,2204.0,941.0,944.0,944.0
9474.0,2209.0,2206.0,2216.0,949.0,947.0,947.0
9483.0,2210.0,2208.0,2215.0,952.0,950.0,948.0
9498.0,2220.0,2210.0,2213.0,947.0,953.0,955.0
9490.0,2208.0,2217.0,2221.0,946.0,951.0,947.0
9461.0,2205.0,2211.0,2208.0,948.0,944.0,945.0
9476.0,2211.0,2213.0,2211.0,948.0,946.0,947.0
9449.0,2196.0,2204.0,2211.0,949.0,946.0,943.0
9478.0,2219.0,2206.0,2208.0,949.0,948.0,948.0
9536.0,2229.0,2223.0,2228.0,951.0,953.0,952.0
9530.0,2231.0,2220.0,2222.0,951.0,953.0,953.0
9491.0,2208.0,2216.0,2222.0,945.0,950.0,950.0
9494.0,2220.0,2208.0,2220.0,950.0,948.0,948.0
9453.0,2206.0,2198.0,2210.0,946.0,944.0,949.0
9434.0,2193.0,2208.0,2199.0,943.0,946.0,945.0
9500.0,2222.0,2220.0,2209.0,949.0,949.0,951.0
9533.0,2223.0,2231.0,2226.0,951.0,951.0,951.0
9535.0,2233.0,2219.0,2228.0,953.0,951.0,951.0
9512.0,2215.0,2220.0,2229.0,948.0,950.0,950.0
9494.0,2220.0,2217.0,2216.0,945.0,948.0,948.0
9492.0,2212.0,2224.0,2215.0,948.0,947.0,946.0
9465.0,2202.0,2215.0,2205.0,949.0,949.0,945.0
9506.0,2216.0,2219.0,2213.0,954.0,953.0,951.0
9547.0,2229.0,2227.0,2229.0,955.0,953.0,954.0
9555.0,2227.0,2229.0,2229.0,957.0,956.0,957.0
9529.0,2227.0,2225.0,2222.0,949.0,954.0,952.0
9490.0,2218.0,2209.0,2217.0,947.0,947.0,952.0
9471.0,2214.0,2204.0,2212.0,946.0,944.0,951.0
9484.0,2210.0,2214.0,2213.0,953.0,946.0,948.0
9524.0,2220.0,2225.0,2221.0,957.0,955.0,946.0
9558.0,2228.0,2230.0,2233.0,956.0,956.0,955.0
9566.0,2221.0,2235.0,2239.0,959.0,957.0,955.0
9542.0,2219.0,2225.0,2235.0,952.0,955.0,956.0
9502.0,2223.0,2211.0,2219.0,950.0,948.0,951.0
9516.0,2229.0,2218.0,2219.0,948.0,949.0,953.0
9518.0,2220.0,2225.0,2221.0,950.0,950.0,952.0
9543.0,2224.0,2225.0,2231.0,955.0,955.0,953.0
9592.0,2234.0,2234.0,2243.0,964.0,959.0,958.0
9587.0,2227.0,2233.0,2239.0,964.0,963.0,961.0
9580.0,2234.0,2238.0,2232.0,960.0,960.0,956.0
9556.0,2233.0,2240.0,2222.0,954.0,955.0,952.0
9497.0,2229.0,2213.0,2209.0,945.0,951.0,950.0
9529.0,2219.0,2218.0,2231.0,952.0,953.0,956.0
9561.0,2231.0,2229.0,2232.0,956.0,954.0,959.0
9597.0,2239.0,2239.0,2246.0,961.0,954.0,958.0
9610.0,2243.0,2247.0,2240.0,961.0,959.0,960.0
9578.0,2237.0,2230.0,2232.0,964.0,955.0,960.0
9548.0,2229.0,2229.0,2220.0,958.0,958.0,954.0
9527.0,2225.0,2225.0,2221.0,951.0,953.0,952.0
9537.0,2216.0,2227.0,2232.0,953.0,955.0,954.0
9568.0,2234.0,2230.0,2237.0,956.0,956.0,955.0
9593.0,2239.0,2234.0,2237.0,962.0,961.0,960.0
9606.0,2243.0,2244.0,2239.0,960.0,959.0,961.0
9589.0,2239.0,2234.0,2238.0,961.0,957.0,960.0
9590.0,2239.0,2250.0,2230.0,958.0,953.0,960.0
9533.0,2218.0,2226.0,2232.0,953.0,947.0,957.0
9551.0,2223.0,2227.0,2235.0,955.0,957.0,954.0
9567.0,2228.0,2237.0,2229.0,956.0,960.0,957.0
9631.0,2253.0,2247.0,2245.0,963.0,961.0,962.0
9639.0,2247.0,2256.0,2245.0,964.0,964.0,963.0
9595.0,2230.0,2239.0,2244.0,963.0,959.0,960.0
9577.0,2234.0,2237.0,2237.0,958.0,957.0,954.0
9555.0,2232.0,2215.0,2244.0,955.0,956.0,953.0
9571.0,2220.0,2236.0,2244.0,955.0,957.0,959.0
9586.0,2240.0,2238.0,2231.0,960.0,957.0,960.0
9619.0,2250.0,2240.0,2244.0,959.0,962.0,964.0
9629.0,2243.0,2248.0,2246.0,962.0,963.0,967.0
9599.0,2238.0,2244.0,2241.0,957.0,959.0,960.0
9589.0,2240.0,2237.0,2235.0,959.0,961.0,957.0
9568.0,2235.0,2232.0,2234.0,958.0,956.0,953.0
9562.0,2225.0,2231.0,2236.0,958.0,960.0,952.0
9595.0,2239.0,2237.0,2238.0,958.0,961.0,962.0
9631.0,2256.0,2245.0,2245.0,963.0,963.0,959.0
9626.0,2236.0,2248.0,2247.0,962.0,966.0,967.0
9635.0,2248.0,2249.0,2243.0,963.0,966.0,966.0
9617.0,2248.0,2239.0,2252.0,959.0,959.0,960.0
9595.0,2247.0,2232.0,2231.0,961.0,962.0,962.0
9564.0,2219.0,2235.0,2234.0,959.0,958.0,959.0
9625.0,2243.0,2249.0,2248.0,964.0,958.0,963.0
9658.0,2255.0,2259.0,2251.0,962.0,965.0,966.0
9663.0,2261.0,2248.0,2261.0,965.0,965.0,963.0
9650.0,2252.0,2244.0,2257.0,968.0,963.0,966.0
9621.0,2249.0,2237.0,2252.0,960.0,962.0,961.0
9608.0,2244.0,2248.0,2234.0,963.0,962.0,957.0
9613.0,2231.0,2250.0,2240.0,967.0,964.0,961.0
9642.0,2251.0,2248.0,2250.0,967.0,964.0,962.0
9665.0,2247.0,2252.0,2264.0,963.0,970.0,969.0
9701.0,2260.0,2261.0,2271.0,968.0,968.0,973.0
9667.0,2252.0,2272.0,2253.0,963.0,958.0,969.0
9610.0,2246.0,2244.0,2243.0,958.0,956.0,963.0
9617.0,2244.0,2247.0,2244.0,963.0,960.0,959.0
9613.0,2242.0,2240.0,2244.0,964.0,962.0,961.0
9653.0,2249.0,2255.0,2250.0,968.0,967.0,964.0
9708.0,2268.0,2262.0,2270.0,968.0,971.0,969.0
9696.0,2265.0,2261.0,2262.0,967.0,973.0,968.0
9672.0,2256.0,2258.0,2255.0,965.0,970.0,968.0
9635.0,2256.0,2242.0,2241.0,966.0,964.0,966.0
9625.0,2248.0,2246.0,2239.0,961.0,965.0,966.0
9619.0,2238.0,2252.0,2234.0,964.0,964.0,967.0
9652.0,2258.0,2250.0,2248.0,966.0,964.0,966.0
9711.0,2264.0,2261.0,2276.0,971.0,969.0,970.0
9702.0,2262.0,2264.0,2265.0,970.0,971.0,970.0
9691.0,2257.0,2263.0,2265.0,967.0,972.0,967.0
9642.0,2252.0,2258.0,2239.0,965.0,965.0,963.0
9632.0,2249.0,2254.0,2247.0,961.0,960.0,961.0
9641.0,2244.0,2247.0,2255.0,966.0,966.0,963.0
9669.0,2261.0,2247.0,2262.0,967.0,966.0,966.0
9746.0,2277.0,2277.0,2271.0,976.0,970.0,975.0
9712.0,2265.0,2265.0,2266.0,971.0,971.0,974.0
9685.0,2254.0,2268.0,2257.0,971.0,968.0,967.0
9677.0,2260.0,2262.0,2250.0,969.0,967.0,969.0
9660.0,2264.0,2252.0,2254.0,961.0,968.0,961.0
9669.0,2251.0,2265.0,2255.0,969.0,966.0,963.0
9695.0,2262.0,2266.0,2259.0,971.0,967.0,970.0
9733.0,2271.0,2270.0,2275.0,973.0,972.0,972.0
9727.0,2270.0,2272.0,2267.0,974.0,970.0,974.0
9706.0,2263.0,2262.0,2264.0,974.0,967.0,976.0
9702.0,2271.0,2260.0,2267.0,968.0,966.0,970.0
9687.0,2261.0,2257.0,2267.0,968.0,965.0,969.0
9688.0,2258.0,2261.0,2265.0,966.0,967.0,971.0
9717.0,2268.0,2264.0,2269.0,971.0,971.0,974.0
9760.0,2283.0,2271.0,2275.0,978.0,979.0,974.0
9745.0,2272.0,2280.0,2264.0,977.0,978.0,974.0
9736.0,2265.0,2273.0,2276.0,974.0,975.0,973.0
9707.0,2273.0,2256.0,2269.0,973.0,967.0,969.0
9672.0,2257.0,2249.0,2260.0,969.0,967.0,970.0
9686.0,2256.0,2263.0,2263.0,968.0,966.0,970.0
9714.0,2260.0,2274.0,2264.0,970.0,971.0,975.0
9761.0,2279.0,2284.0,2274.0,976.0,974.0,974.0
9740.0,2267.0,2270.0,2270.0,978.0,979.0,976.0
9743.0,2274.0,2265.0,2273.0,974.0,982.0,975.0
9717.0,2265.0,2267.0,2266.0,976.0,972.0,971.0
9698.0,2260.0,2260.0,2271.0,967.0,971.0,969.0
9697.0,2251.0,2268.0,2273.0,969.0,969.0,967.0
9721.0,2273.0,2268.0,2268.0,968.0,971.0,973.0
9748.0,2280.0,2277.0,2269.0,976.0,971.0,975.0
9771.0,2282.0,2283.0,2275.0,978.0,977.0,976.0
9771.0,2270.0,2285.0,2280.0,978.0,978.0,980.0
9736.0,2277.0,2267.0,2273.0,972.0,974.0,973.0
9699.0,2270.0,2254.0,2259.0,972.0,975.0,969.0
9706.0,2268.0,2263.0,2259.0,969.0,974.0,973.0
9743.0,2270.0,2275.0,2281.0,973.0,973.0,971.0
9789.0,2290.0,2294.0,2280.0,974.0,975.0,976.0
9770.0,2276.0,2283.0,2284.0,977.0,975.0,975.0
9753.0,2276.0,2269.0,2284.0,977.0,974.0,973.0
9748.0,2276.0,2268.0,2282.0,980.0,971.0,971.0
9737.0,2277.0,2274.0,2270.0,974.0,972.0,970.0
9726.0,2266.0,2272.0,2272.0,971.0,974.0,971.0
9771.0,2287.0,2275.0,2276.0,974.0,980.0,979.0
9796.0,2291.0,2280.0,2290.0,979.0,977.0,979.0
9810.0,2288.0,2289.0,2292.0,981.0,979.0,981.0
9785.0,2280.0,2280.0,2286.0,981.0,977.0,981.0
9758.0,2280.0,2274.0,2278.0,977.0,976.0,973.0
9740.0,2271.0,2276.0,2275.0,978.0,971.0,969.0
9718.0,2261.0,2275.0,2268.0,975.0,969.0,970.0
9772.0,2277.0,2276.0,2284.0,978.0,979.0,978.0
9818.0,2291.0,2296.0,2291.0,977.0,983.0,980.0
9808.0,2284.0,2289.0,2288.0,980.0,986.0,981.0
9792.0,2292.0,2283.0,2279.0,977.0,984.0,977.0
9754.0,2281.0,2267.0,2271.0,977.0,978.0,980.0
9764.0,2276.0,2275.0,2281.0,977.0,977.0,978.0
9768.0,2277.0,2276.0,2281.0,977.0,976.0,981.0
9826.0,2290.0,2293.0,2303.0,983.0,979.0,978.0
9828.0,2294.0,2297.0,2294.0,981.0,981.0,981.0
9836.0,2298.0,2291.0,2301.0,981.0,985.0,980.0
9831.0,2293.0,2294.0,2296.0,982.0,986.0,980.0
9775.0,2282.0,2280.0,2282.0,977.0,978.0,976.0
9786.0,2281.0,2292.0,2277.0,978.0,981.0,977.0
9777.0,2281.0,2277.0,2283.0,978.0,976.0,982.0
9811.0,2292.0,2282.0,2290.0,984.0,979.0,984.0
9847.0,2296.0,2291.0,2307.0,984.0,984.0,985.0
9858.0,2300.0,2300.0,2307.0,984.0,982.0,985.0
9810.0,2291.0,2292.0,2283.0,980.0,981.0,983.0
9778.0,2284.0,2286.0,2279.0,977.0,976.0,976.0
9771.0,2282.0,2278.0,2287.0,976.0,975.0,973.0
9818.0,2289.0,2298.0,2292.0,982.0,982.0,975.0
9832.0,2291.0,2296.0,2299.0,983.0,984.0,979.0
9851.0,2294.0,2304.0,2295.0,989.0,984.0,985.0
9847.0,2292.0,2303.0,2290.0,988.0,989.0,985.0
9818.0,2298.0,2287.0,2283.0,982.0,984.0,984.0
9820.0,2293.0,2286.0,2297.0,982.0,980.0,982.0
9791.0,2286.0,2286.0,2287.0,974.0,977.0,981.0
9795.0,2279.0,2280.0,2295.0,981.0,978.0,982.0
9852.0,2301.0,2294.0,2306.0,983.0,981.0,987.0
9873.0,2306.0,2293.0,2307.0,991.0,991.0,985.0
9871.0,2297.0,2309.0,2306.0,988.0,987.0,984.0
9849.0,2296.0,2298.0,2294.0,986.0,990.0,985.0
9853.0,2311.0,2296.0,2289.0,984.0,987.0,986.0
9799.0,2292.0,2274.0,2292.0,980.0,979.0,982.0
9802.0,2289.0,2275.0,2293.0,979.0,982.0,984.0
9840.0,2289.0,2300.0,2296.0,984.0,982.0,989.0
9886.0,2307.0,2313.0,2299.0,990.0,988.0,989.0
9884.0,2298.0,2307.0,2308.0,991.0,987.0,993.0
9873.0,2303.0,2301.0,2310.0,986.0,987.0,986.0
9843.0,2298.0,2295.0,2294.0,983.0,988.0,985.0
9821.0,2288.0,2299.0,2294.0,978.0,983.0,979.0
9824.0,2289.0,2294.0,2299.0,981.0,980.0,981.0
9841.0,2300.0,2299.0,2297.0,981.0,982.0,982.0
9904.0,2323.0,2308.0,2305.0,991.0,989.0,988.0
9900.0,2307.0,2305.0,2314.0,995.0,987.0,992.0
9889.0,2305.0,2317.0,2310.0,985.0,985.0,987.0
9881.0,2303.0,2313.0,2307.0,985.0,986.0,987.0
9847.0,2294.0,2296.0,2299.0,987.0,984.0,987.0
9842.0,2289.0,2301.0,2294.0,984.0,987.0,987.0
9878.0,2307.0,2302.0,2305.0,988.0,991.0,985.0
9899.0,2315.0,2304.0,2312.0,990.0,991.0,987.0
9930.0,2319.0,2324.0,2317.0,989.0,993.0,988.0
9917.0,2311.0,2313.0,2321.0,992.0,991.0,989.0
9866.0,2305.0,2299.0,2300.0,988.0,986.0,988.0
9861.0,2306.0,2302.0,2295.0,989.0,985.0,984.0
9862.0,2302.0,2297.0,2304.0,981.0,991.0,987.0
9905.0,2304.0,2312.0,2309.0,991.0,992.0,997.0
9934.0,2316.0,2315.0,2320.0,993.0,996.0,994.0
9930.0,2310.0,2316.0,2323.0,996.0,991.0,994.0
9916.0,2312.0,2313.0,2317.0,989.0,992.0,993.0
9876.0,2306.0,2309.0,2296.0,991.0,987.0,987.0
9865.0,2300.0,2307.0,2303.0,990.0,981.0,984.0
9848.0,2299.0,2295.0,2300.0,987.0,984.0,983.0
9880.0,2309.0,2304.0,2305.0,983.0,990.0,989.0
9950.0,2329.0,2316.0,2321.0,993.0,995.0,996.0
9938.0,2317.0,2325.0,2321.0,992.0,991.0,992.0
9933.0,2313.0,2324.0,2316.0,991.0,995.0,994.0
9879.0,2305.0,2302.0,2302.0,991.0,992.0,987.0
9864.0,2306.0,2295.0,2296.0,990.0,990.0,987.0
9860.0,2300.0,2305.0,2293.0,988.0,986.0,988.0
9927.0,2308.0,2326.0,2321.0,990.0,991.0,991.0
9963.0,2319.0,2328.0,2334.0,993.0,995.0,994.0
9936.0,2317.0,2318.0,2318.0,993.0,997.0,993.0
9955.0,2322.0,2318.0,2330.0,992.0,998.0,995.0
9881.0,2302.0,2303.0,2306.0,991.0,991.0,988.0
9907.0,2315.0,2317.0,2308.0,988.0,992.0,987.0
9899.0,2304.0,2318.0,2305.0,993.0,990.0,989.0
9937.0,2319.0,2319.0,2319.0,992.0,995.0,993.0
9964.0,2332.0,2317.0,2329.0,994.0,994.0,998.0
9966.0,2323.0,2328.0,2322.0,996.0,998.0,999.0
9952.0,2320.0,2324.0,2322.0,999.0,994.0,993.0
9952.0,2322.0,2330.0,2317.0,995.0,993.0,995.0
9899.0,2310.0,2306.0,2313.0,990.0,991.0,989.0
9908.0,2312.0,2310.0,2313.0,992.0,991.0,990.0
9947.0,2319.0,2321.0,2326.0,993.0,996.0,992.0
9982.0,2333.0,2327.0,2327.0,998.0,1001.0,996.0
9986.0,2330.0,2333.0,2329.0,996.0,999.0,999.0
9981.0,2328.0,2329.0,2327.0,996.0,1001.0,1000.0
9949.0,2326.0,2313.0,2327.0,994.0,992.0,997.0
9917.0,2310.0,2313.0,2323.0,992.0,988.0,991.0
9936.0,2309.0,2322.0,2318.0,998.0,993.0,996.0
9983.0,2331.0,2330.0,2325.0,1000.0,999.0,998.0
9991.0,2336.0,2333.0,2322.0,1003.0,999.0,998.0
9988.0,2333.0,2331.0,2329.0,999.0,1001.0,995.0
10001.0,2333.0,2337.0,2332.0,997.0,1005.0,997.0
9974.0,2328.0,2331.0,2331.0,995.0,994.0,995.0
9948.0,2323.0,2320.0,2325.0,991.0,994.0,995.0
9932.0,2309.0,2314.0,2321.0,1000.0,992.0,996.0
9964.0,2322.0,2328.0,2320.0,997.0,998.0,999.0
10013.0,2334.0,2340.0,2337.0,1003.0,997.0,1002.0
10009.0,2327.0,2339.0,2337.0,1000.0,1003.0,1003.0
9977.0,2314.0,2335.0,2337.0,996.0,998.0,997.0
9978.0,2331.0,2322.0,2334.0,996.0,995.0,1000.0
9921.0,2311.0,2307.0,2328.0,990.0,995.0,990.0
9953.0,2322.0,2325.0,2319.0,997.0,997.0,993.0
9983.0,2331.0,2336.0,2319.0,1001.0,998.0,998.0
10033.0,2346.0,2339.0,2335.0,1005.0,1004.0,1004.0
10012.0,2328.0,2338.0,2337.0,1005.0,1000.0,1004.0
10003.0,2331.0,2333.0,2338.0,1000.0,1000.0,1001.0
9992.0,2338.0,2334.0,2333.0,994.0,993.0,1000.0
9963.0,2323.0,2327.0,2323.0,993.0,996.0,1001.0
9982.0,2329.0,2328.0,2327.0,997.0,1001.0,1000.0
9985.0,2329.0,2327.0,2327.0,1000.0,1002.0,1000.0
10048.0,2347.0,2348.0,2336.0,1007.0,1004.0,1006.0
10061.0,2353.0,2354.0,2343.0,1005.0,1002.0,1004.0
10033.0,2337.0,2339.0,2353.0,1003.0,1001.0,1000.0
9988.0,2341.0,2318.0,2333.0,1000.0,1001.0,995.0
9966.0,2328.0,2315.0,2330.0,998.0,996.0,999.0
9965.0,2318.0,2331.0,2317.0,998.0,999.0,1002.0
10026.0,2332.0,2346.0,2342.0,1003.0,1004.0,999.0
10068.0,2351.0,2344.0,2351.0,1008.0,1006.0,1008.0
10050.0,2343.0,2339.0,2352.0,1002.0,1007.0,1007.0
10048.0,2347.0,2341.0,2346.0,1007.0,1004.0,1003.0
10024.0,2339.0,2341.0,2338.0,1003.0,1000.0,1003.0
9996.0,2337.0,2337.0,2326.0,998.0,1000.0,998.0
9977.0,2325.0,2333.0,2329.0,997.0,998.0,995.0
10025.0,2343.0,2339.0,2336.0,1003.0,1001.0,1003.0
10044.0,2341.0,2344.0,2351.0,1003.0,1001.0,1004.0
10077.0,2349.0,2352.0,2359.0,1003.0,1008.0,1006.0
10056.0,2338.0,2345.0,2350.0,1006.0,1010.0,1007.0
10041.0,2340.0,2345.0,2339.0,1003.0,1006.0,1008.0
10000.0,2341.0,2331.0,2332.0,995.0,1000.0,1001.0
10009.0,2333.0,2328.0,2342.0,999.0,1003.0,1004.0
10052.0,2347.0,2345.0,2350.0,1001.0,1004.0,1005.0
10084.0,2352.0,2351.0,2360.0,1006.0,1007.0,1008.0
10072.0,2339.0,2357.0,2354.0,1012.0,1005.0,1005.0
10062.0,2341.0,2351.0,2347.0,1011.0,1004.0,1008.0
10017.0,2344.0,2333.0,2331.0,1002.0,1004.0,1003.0
10020.0,2333.0,2350.0,2335.0,997.0,1005.0,1000.0
10042.0,2341.0,2347.0,2341.0,1001.0,1007.0,1005.0
10046.0,2337.0,2350.0,2349.0,1001.0,1004.0,1005.0
10095.0,2357.0,2346.0,2368.0,1007.0,1011.0,1006.0
10116.0,2362.0,2356.0,2364.0,1010.0,1013.0,1011.0
10080.0,2353.0,2352.0,2347.0,1009.0,1009.0,1010.0
10044.0,2344.0,2350.0,2338.0,1004.0,1001.0,1007.0
10042.0,2346.0,2349.0,2339.0,1005.0,1001.0,1002.0
10030.0,2337.0,2332.0,2350.0,1008.0,1002.0,1001.0
10059.0,2347.0,2340.0,2352.0,1005.0,1010.0,1005.0
10121.0,2366.0,2355.0,2365.0,1011.0,1012.0,1012.0
10111.0,2358.0,2364.0,2357.0,1008.0,1013.0,1011.0
10079.0,2343.0,2359.0,2351.0,1007.0,1011.0,1008.0
10060.0,2349.0,2345.0,2344.0,1007.0,1006.0,1009.0
10055.0,2351.0,2343.0,2346.0,1009.0,1003.0,1003.0
10056.0,2340.0,2347.0,2349.0,1009.0,1006.0,1005.0
10105.0,2365.0,2356.0,2356.0,1009.0,1009.0,1010.0
10130.0,2371.0,2364.0,2356.0,1012.0,1016.0,1011.0
10113.0,2365.0,2353.0,2361.0,1010.0,1014.0,1010.0
10097.0,2348.0,2355.0,2361.0,1009.0,1014.0,1010.0
10094.0,2354.0,2354.0,2357.0,1011.0,1009.0,1009.0
10070.0,2357.0,2346.0,2350.0,1004.0,1009.0,1004.0
10077.0,2348.0,2351.0,2358.0,1007.0,1007.0,1006.0
10088.0,2355.0,2352.0,2352.0,1010.0,1009.0,1010.0
10122.0,2367.0,2356.0,2356.0,1014.0,1013.0,1016.0
10127.0,2359.0,2372.0,2357.0,1011.0,1011.0,1017.0
10117.0,2356.0,2363.0,2362.0,1012.0,1013.0,1011.0
10088.0,2354.0,2348.0,2358.0,1007.0,1012.0,1009.0
10075.0,2349.0,2348.0,2359.0,1005.0,1008.0,1006.0
10069.0,2343.0,2349.0,2351.0,1008.0,1011.0,1007.0
10121.0,2361.0,2368.0,2357.0,1009.0,1012.0,1014.0
10167.0,2379.0,2368.0,2370.0,1017.0,1017.0,1016.0
10152.0,2370.0,2362.0,2373.0,1014.0,1015.0,1018.0
10125.0,2361.0,2356.0,2371.0,1010.0,1012.0,1015.0
10110.0,2367.0,2358.0,2355.0,1008.0,1010.0,1012.0
10075.0,2351.0,2349.0,2350.0,1007.0,1009.0,1009.0
10087.0,2352.0,2355.0,2350.0,1010.0,1011.0,1009.0
10123.0,2362.0,2356.0,2358.0,1015.0,1017.0,1015.0
10149.0,2373.0,2356.0,2371.0,1015.0,1020.0,1014.0
10166.0,2367.0,2372.0,2376.0,1018.0,1017.0,1016.0
10154.0,2368.0,2370.0,2374.0,1014.0,1019.0,1009.0
10130.0,2366.0,2364.0,2365.0,1013.0,1011.0,1011.0
10093.0,2359.0,2355.0,2353.0,1008.0,1006.0,1012.0
10114.0,2363.0,2351.0,2364.0,1016.0,1008.0,1012.0
10155.0,2362.0,2365.0,2376.0,1022.0,1014.0,1016.0
10208.0,2379.0,2384.0,2382.0,1022.0,1019.0,1022.0
10198.0,2371.0,2374.0,2387.0,1019.0,1024.0,1023.0
10170.0,2376.0,2372.0,2371.0,1016.0,1018.0,1017.0
10129.0,2367.0,2361.0,2361.0,1011.0,1018.0,1011.0
10121.0,2365.0,2360.0,2362.0,1011.0,1012.0,1011.0
10121.0,2356.0,2367.0,2365.0,1009.0,1015.0,1009.0
10163.0,2377.0,2369.0,2376.0,1017.0,1014.0,1010.0
10208.0,2384.0,2378.0,2389.0,1020.0,1019.0,1018.0
10187.0,2380.0,2369.0,2383.0,1020.0,1015.0,1020.0
10182.0,2371.0,2375.0,2383.0,1017.0,1016.0,1020.0
10151.0,2376.0,2368.0,2363.0,1016.0,1015.0,1013.0
10137.0,2369.0,2367.0,2356.0,1013.0,1016.0,1016.0
10139.0,2364.0,2359.0,2370.0,1013.0,1016.0,1017.0
10143.0,2363.0,2364.0,2374.0,1012.0,1016.0,1014.0
10207.0,2389.0,2383.0,2382.0,1017.0,1021.0,1015.0
10192.0,2381.0,2379.0,2377.0,1022.0,1017.0,1016.0
10197.0,2377.0,2383.0,2380.0,1024.0,1017.0,1016.0
10156.0,2373.0,2365.0,2365.0,1016.0,1019.0,1018.0
10149.0,2370.0,2365.0,2369.0,1015.0,1015.0,1015.0
10147.0,2359.0,2370.0,2371.0,1014.0,1018.0,1015.0
10168.0,2371.0,2369.0,2374.0,1014.0,1017.0,1023.0
10239.0,2398.0,2382.0,2390.0,1021.0,1022.0,1026.0
10213.0,2385.0,2374.0,2387.0,1022.0,1021.0,1024.0
10208.0,2378.0,2385.0,2378.0,1023.0,1022.0,1022.0
10171.0,2380.0,2367.0,2375.0,1021.0,1013.0,1015.0
10145.0,2370.0,2368.0,2368.0,1014.0,1011.0,1014.0
10170.0,2364.0,2374.0,2382.0,1016.0,1016.0,1018.0
10217.0,2383.0,2384.0,2387.0,1020.0,1024.0,1019.0
10228.0,2390.0,2389.0,2383.0,1020.0,1024.0,1022.0
10239.0,2385.0,2390.0,2390.0,1025.0,1025.0,1024.0
10226.0,2387.0,2387.0,2382.0,1022.0,1025.0,1023.0
10215.0,2383.0,2379.0,2381.0,1028.0,1017.0,1027.0
10194.0,2382.0,2370.0,2385.0,1020.0,1019.0,1018.0
10165.0,2371.0,2364.0,2377.0,1017.0,1016.0,1020.0
10208.0,2379.0,2394.0,2380.0,1020.0,1017.0,1018.0
10230.0,2389.0,2396.0,2385.0,1019.0,1022.0,1019.0
10249.0,2392.0,2394.0,2387.0,1030.0,1026.0,1020.0
10235.0,2383.0,2387.0,2388.0,1023.0,1032.0,1022.0
10212.0,2386.0,2378.0,2389.0,1022.0,1021.0,1016.0
10205.0,2382.0,2381.0,2384.0,1021.0,1019.0,1018.0
10192.0,2372.0,2379.0,2384.0,1016.0,1018.0,1023.0
10204.0,2384.0,2382.0,2372.0,1022.0,1019.0,1025.0
10245.0,2404.0,2389.0,2384.0,1022.0,1021.0,1025.0
10278.0,2397.0,2398.0,2402.0,1026.0,1024.0,1031.0
10253.0,2389.0,2397.0,2393.0,1025.0,1021.0,1028.0
10264.0,2396.0,2392.0,2400.0,1028.0,1024.0,1024.0
10219.0,2384.0,2374.0,2393.0,1026.0,1024.0,1018.0
10202.0,2386.0,2369.0,2380.0,1023.0,1025.0,1019.0
10246.0,2391.0,2398.0,2386.0,1023.0,1025.0,1023.0
10264.0,2387.0,2397.0,2397.0,1026.0,1032.0,1025.0
10286.0,2400.0,2394.0,2404.0,1027.0,1030.0,1031.0
10277.0,2393.0,2394.0,2408.0,1025.0,1027.0,1030.0
10213.0,2382.0,2379.0,2385.0,1023.0,1021.0,1023.0
10222.0,2391.0,2387.0,2386.0,1019.0,1018.0,1021.0
10212.0,2376.0,2387.0,2383.0,1024.0,1021.0,1021.0
10255.0,2391.0,2390.0,2399.0,1027.0,1022.0,1026.0
10274.0,2395.0,2392.0,2397.0,1025.0,1034.0,1031.0
10281.0,2400.0,2393.0,2404.0,1026.0,1033.0,1025.0
10270.0,2394.0,2403.0,2397.0,1022.0,1027.0,1027.0
10243.0,2396.0,2389.0,2388.0,1020.0,1027.0,1023.0
10221.0,2388.0,2386.0,2384.0,1023.0,1020.0,1020.0
10222.0,2381.0,2385.0,2389.0,1023.0,1019.0,1025.0
10257.0,2392.0,2392.0,2390.0,1029.0,1026.0,1028.0
10301.0,2403.0,2401.0,2413.0,1028.0,1028.0,1028.0
10320.0,2405.0,2411.0,2411.0,1029.0,1030.0,1034.0
10303.0,2391.0,2403.0,2414.0,1028.0,1034.0,1033.0
10253.0,2395.0,2382.0,2392.0,1023.0,1032.0,1029.0
10240.0,2393.0,2391.0,2384.0,1026.0,1022.0,1024.0
10246.0,2390.0,2392.0,2387.0,1026.0,1026.0,1025.0
10305.0,2401.0,2407.0,2407.0,1032.0,1029.0,1029.0
10332.0,2420.0,2410.0,2409.0,1033.0,1029.0,1031.0
10307.0,2405.0,2401.0,2411.0,1030.0,1030.0,1030.0
10306.0,2400.0,2407.0,2411.0,1028.0,1030.0,1030.0
10270.0,2400.0,2396.0,2390.0,1028.0,1025.0,1031.0
10245.0,2381.0,2401.0,2389.0,1024.0,1023.0,1027.0
10266.0,2397.0,2387.0,2403.0,1022.0,1032.0,1025.0
10287.0,2402.0,2396.0,2406.0,1026.0,1028.0,1029.0
10332.0,2414.0,2405.0,2414.0,1033.0,1034.0,1032.0
10328.0,2411.0,2409.0,2411.0,1037.0,1029.0,1031.0
10340.0,2410.0,2421.0,2414.0,1029.0,1032.0,1034.0
10281.0,2404.0,2401.0,2395.0,1024.0,1027.0,1030.0
10262.0,2401.0,2384.0,2397.0,1024.0,1027.0,1029.0
10274.0,2388.0,2394.0,2407.0,1023.0,1028.0,1034.0
10342.0,2413.0,2413.0,2416.0,1031.0,1034.0,1035.0
10367.0,2414.0,2421.0,2421.0,1037.0,1038.0,1036.0
10356.0,2416.0,2416.0,2415.0,1037.0,1036.0,1036.0
10312.0,2407.0,2398.0,2410.0,1034.0,1031.0,1032.0
10297.0,2410.0,2401.0,2398.0,1028.0,1028.0,1032.0
10281.0,2400.0,2412.0,2393.0,1023.0,1027.0,1026.0
10291.0,2393.0,2406.0,2409.0,1031.0,1025.0,1027.0
10319.0,2406.0,2405.0,2418.0,1032.0,1030.0,1028.0
10344.0,2417.0,2411.0,2418.0,1032.0,1035.0,1031.0
10347.0,2412.0,2411.0,2411.0,1036.0,1038.0,1039.0
10360.0,2407.0,2418.0,2416.0,1039.0,1040.0,1040.0
10323.0,2410.0,2410.0,2401.0,1033.0,1038.0,1031.0
10298.0,2399.0,2401.0,2409.0,1029.0,1031.0,1029.0
10314.0,2399.0,2407.0,2420.0,1028.0,1028.0,1032.0
10339.0,2413.0,2411.0,2421.0,1032.0,1029.0,1033.0
10388.0,2432.0,2428.0,2419.0,1036.0,1035.0,1038.0
10374.0,2424.0,2424.0,2416.0,1039.0,1037.0,1034.0
10374.0,2421.0,2421.0,2421.0,1041.0,1035.0,1035.0
10341.0,2418.0,2401.0,2422.0,1035.0,1034.0,1031.0
10323.0,2409.0,2408.0,2417.0,1027.0,1032.0,1030.0
10306.0,2394.0,2414.0,2399.0,1033.0,1033.0,1033.0
10362.0,2415.0,2422.0,2421.0,1034.0,1034.0,1036.0
10381.0,2426.0,2419.0,2419.0,1039.0,1040.0,1038.0
10371.0,2417.0,2412.0,2425.0,1038.0,1035.0,1044.0
10381.0,2420.0,2429.0,2424.0,1037.0,1035.0,1036.0
10342.0,2413.0,2416.0,2418.0,1035.0,1032.0,1028.0
10336.0,2408.0,2412.0,2413.0,1035.0,1036.0,1032.0
10313.0,2398.0,2411.0,2407.0,1031.0,1034.0,1032.0
10358.0,2422.0,2409.0,2415.0,1037.0,1039.0,1036.0
10418.0,2435.0,2437.0,2428.0,1035.0,1042.0,1041.0
10388.0,2423.0,2426.0,2422.0,1038.0,1039.0,1040.0
10400.0,2423.0,2429.0,2427.0,1041.0,1039.0,1041.0
10356.0,2418.0,2408.0,2427.0,1034.0,1034.0,1035.0
10335.0,2416.0,2407.0,2411.0,1032.0,1034.0,1035.0
10340.0,2413.0,2414.0,2409.0,1034.0,1034.0,1036.0
10361.0,2416.0,2421.0,2412.0,1037.0,1037.0,1038.0
10402.0,2428.0,2431.0,2427.0,1037.0,1042.0,1037.0
10406.0,2423.0,2422.0,2441.0,1040.0,1042.0,1038.0
10393.0,2420.0,2424.0,2425.0,1045.0,1041.0,1038.0
10402.0,2430.0,2425.0,2436.0,1040.0,1036.0,1035.0
10356.0,2412.0,2416.0,2416.0,1040.0,1037.0,1035.0
10348.0,2415.0,2412.0,2413.0,1036.0,1033.0,1039.0
10392.0,2427.0,2421.0,2420.0,1038.0,1041.0,1045.0
10422.0,2434.0,2426.0,2435.0,1043.0,1042.0,1042.0
10443.0,2427.0,2434.0,2443.0,1047.0,1045.0,1047.0
10436.0,2426.0,2443.0,2440.0,1040.0,1045.0,1042.0
10380.0,2426.0,2414.0,2423.0,1036.0,1039.0,1042.0
10378.0,2427.0,2417.0,2416.0,1042.0,1038.0,1038.0
10370.0,2420.0,2417.0,2420.0,1042.0,1037.0,1034.0
10399.0,2425.0,2430.0,2426.0,1042.0,1039.0,1037.0
10448.0,2443.0,2447.0,2430.0,1041.0,1043.0,1044.0
10434.0,2431.0,2435.0,2436.0,1044.0,1044.0,1044.0
10427.0,2432.0,2432.0,2436.0,1041.0,1041.0,1045.0
10414.0,2436.0,2430.0,2423.0,1045.0,1039.0,1041.0
10363.0,2419.0,2423.0,2407.0,1036.0,1038.0,1040.0
10412.0,2419.0,2433.0,2432.0,1043.0,1043.0,1042.0
10421.0,2424.0,2431.0,2438.0,1045.0,1044.0,1039.0
10461.0,2442.0,2437.0,2448.0,1044.0,1046.0,1044.0
10444.0,2440.0,2433.0,2440.0,1043.0,1045.0,1043.0
10449.0,2432.0,2446.0,2441.0,1046.0,1043.0,1041.0
10416.0,2442.0,2430.0,2427.0,1038.0,1037.0,1042.0
10394.0,2430.0,2419.0,2425.0,1038.0,1040.0,1042.0
10394.0,2423.0,2421.0,2429.0,1040.0,1039.0,1042.0
10467.0,2440.0,2442.0,2446.0,1048.0,1046.0,1045.0
10498.0,2453.0,2450.0,2449.0,1049.0,1051.0,1046.0
10490.0,2449.0,2451.0,2446.0,1043.0,1051.0,1050.0
10425.0,2427.0,2433.0,2432.0,1044.0,1044.0,1045.0
10440.0,2437.0,2438.0,2433.0,1043.0,1045.0,1044.0
10408.0,2432.0,2431.0,2430.0,1034.0,1040.0,1041.0
10437.0,2427.0,2443.0,2442.0,1040.0,1044.0,1041.0
10457.0,2446.0,2441.0,2439.0,1048.0,1043.0,1040.0
10462.0,2438.0,2441.0,2440.0,1052.0,1045.0,1046.0
10499.0,2447.0,2447.0,2449.0,1054.0,1052.0,1050.0
10447.0,2430.0,2444.0,2436.0,1046.0,1043.0,1048.0
10465.0,2436.0,2446.0,2438.0,1046.0,1049.0,1050.0
10433.0,2442.0,2434.0,2429.0,1040.0,1041.0,1047.0
10424.0,2430.0,2424.0,2440.0,1043.0,1041.0,1046.0
10466.0,2443.0,2438.0,2447.0,1044.0,1048.0,1046.0
10495.0,2456.0,2452.0,2438.0,1050.0,1049.0,1050.0
10519.0,2449.0,2460.0,2458.0,1054.0,1049.0,1049.0
10494.0,2446.0,2447.0,2451.0,1053.0,1050.0,1047.0
10467.0,2447.0,2439.0,2442.0,1047.0,1049.0,1043.0
10452.0,2438.0,2431.0,2450.0,1043.0,1047.0,1043.0
10447.0,2431.0,2439.0,2442.0,1041.0,1049.0,1045.0
10483.0,2447.0,2452.0,2440.0,1047.0,1049.0,1048.0
10515.0,2461.0,2454.0,2447.0,1051.0,1048.0,1054.0
10506.0,2449.0,2448.0,2452.0,1056.0,1051.0,1050.0
10507.0,2449.0,2454.0,2458.0,1050.0,1046.0,1050.0
10468.0,2440.0,2442.0,2444.0,1046.0,1049.0,1047.0
10441.0,2442.0,2436.0,2435.0,1044.0,1042.0,1042.0
10440.0,2433.0,2434.0,2437.0,1044.0,1049.0,1043.0
10509.0,2453.0,2453.0,2456.0,1047.0,1052.0,1048.0
10533.0,2461.0,2458.0,2458.0,1052.0,1053.0,1051.0
10543.0,2463.0,2460.0,2459.0,1054.0,1055.0,1052.0
10524.0,2451.0,2458.0,2456.0,1052.0,1055.0,1052.0
10479.0,2444.0,2446.0,2447.0,1049.0,1045.0,1048.0
10465.0,2453.0,2430.0,2446.0,1042.0,1043.0,1051.0
10464.0,2446.0,2444.0,2436.0,1047.0,1045.0,1046.0
10520.0,2452.0,2461.0,2454.0,1050.0,1049.0,1054.0
10543.0,2461.0,2458.0,2462.0,1051.0,1056.0,1055.0
10553.0,2456.0,2466.0,2465.0,1055.0,1057.0,1054.0
10514.0,2457.0,2449.0,2457.0,1051.0,1052.0,1048.0
10507.0,2453.0,2448.0,2454.0,1051.0,1053.0,1048.0
10463.0,2447.0,2440.0,2442.0,1045.0,1042.0,1047.0
10519.0,2449.0,2460.0,2456.0,1049.0,1049.0,1056.0
10514.0,2456.0,2449.0,2454.0,1050.0,1051.0,1054.0
10551.0,2467.0,2450.0,2478.0,1052.0,1051.0,1053.0
10547.0,2461.0,2459.0,2460.0,1054.0,1055.0,1058.0
10554.0,2462.0,2469.0,2459.0,1053.0,1054.0,1057.0
10494.0,2457.0,2439.0,2450.0,1051.0,1049.0,1048.0
10503.0,2452.0,2452.0,2446.0,1053.0,1051.0,1049.0
10487.0,2448.0,2435.0,2449.0,1050.0,1055.0,1050.0
10532.0,2457.0,2458.0,2459.0,1054.0,1057.0,1047.0
10563.0,2470.0,2466.0,2466.0,1052.0,1055.0,1054.0
10585.0,2469.0,2475.0,2472.0,1057.0,1056.0,1056.0
10578.0,2463.0,2465.0,2476.0,1058.0,1055.0,1061.0
10531.0,2459.0,2453.0,2462.0,1049.0,1053.0,1055.0
10506.0,2451.0,2453.0,2446.0,1051.0,1053.0,1052.0
10511.0,2444.0,2455.0,2450.0,1055.0,1054.0,1053.0
10567.0,2461.0,2469.0,2466.0,1053.0,1059.0,1059.0
10577.0,2478.0,2464.0,2461.0,1056.0,1059.0,1059.0
10581.0,2473.0,2467.0,2473.0,1057.0,1056.0,1055.0
10547.0,2453.0,2467.0,2462.0,1055.0,1057.0,1053.0
10529.0,2464.0,2465.0,2444.0,1054.0,1050.0,1052.0
10530.0,2459.0,2458.0,2458.0,1054.0,1046.0,1055.0
10523.0,2447.0,2456.0,2459.0,1057.0,1053.0,1051.0
10596.0,2470.0,2474.0,2471.0,1059.0,1060.0,1062.0
10605.0,2477.0,2472.0,2479.0,1058.0,1059.0,1060.0
10620.0,2474.0,2485.0,2475.0,1059.0,1065.0,1062.0
10563.0,2458.0,2465.0,2466.0,1055.0,1061.0,1058.0
10538.0,2461.0,2453.0,2462.0,1051.0,1057.0,1054.0
10521.0,2459.0,2455.0,2453.0,1055.0,1048.0,1051.0
10544.0,2449.0,2461.0,2462.0,1059.0,1057.0,1056.0
10586.0,2473.0,2469.0,2471.0,1061.0,1056.0,1056.0
10605.0,2481.0,2462.0,2482.0,1062.0,1057.0,1061.0
10596.0,2471.0,2468.0,2470.0,1061.0,1062.0,1064.0
10611.0,2477.0,2470.0,2475.0,1060.0,1066.0,1063.0
10604.0,2478.0,2481.0,2469.0,1055.0,1062.0,1059.0
10567.0,2462.0,2467.0,2466.0,1057.0,1058.0,1057.0
10556.0,2455.0,2462.0,2467.0,1059.0,1056.0,1057.0
10586.0,2474.0,2466.0,2467.0,1064.0,1054.0,1061.0
10629.0,2494.0,2470.0,2474.0,1064.0,1063.0,1064.0
10618.0,2479.0,2485.0,2472.0,1063.0,1060.0,1059.0
10594.0,2468.0,2479.0,2473.0,1056.0,1057.0,1061.0
10577.0,2465.0,2469.0,2477.0,1052.0,1056.0,1058.0
10562.0,2468.0,2454.0,2477.0,1054.0,1058.0,1051.0
10562.0,2455.0,2466.0,2470.0,1055.0,1058.0,1058.0
10621.0,2479.0,2478.0,2477.0,1059.0,1063.0,1065.0
10664.0,2491.0,2491.0,2486.0,1064.0,1064.0,1068.0
10639.0,2482.0,2482.0,2476.0,1068.0,1064.0,1067.0
10592.0,2473.0,2467.0,2476.0,1059.0,1059.0,1058.0
10609.0,2486.0,2475.0,2473.0,1057.0,1060.0,1058.0
10577.0,2471.0,2465.0,2470.0,1058.0,1055.0,1058.0
10580.0,2474.0,2473.0,2464.0,1058.0,1057.0,1054.0
10609.0,2480.0,2477.0,2469.0,1063.0,1062.0,1058.0
10646.0,2495.0,2479.0,2478.0,1065.0,1065.0,1064.0
10666.0,2483.0,2483.0,2492.0,1069.0,1070.0,1069.0
10650.0,2484.0,2488.0,2483.0,1064.0,1065.0,1066.0
10606.0,2477.0,2473.0,2473.0,1062.0,1060.0,1061.0
10585.0,2471.0,2471.0,2468.0,1057.0,1058.0,1060.0
10596.0,2466.0,2474.0,2474.0,1058.0,1061.0,1063.0
10643.0,2484.0,2478.0,2483.0,1067.0,1064.0,1067.0
10681.0,2502.0,2495.0,2488.0,1066.0,1064.0,1066.0
10691.0,2495.0,2494.0,2498.0,1070.0,1069.0,1065.0
10669.0,2484.0,2485.0,2498.0,1066.0,1070.0,1066.0
10619.0,2494.0,2467.0,2466.0,1063.0,1067.0,1062.0
10602.0,2477.0,2479.0,2469.0,1057.0,1059.0,1061.0
10600.0,2468.0,2482.0,2466.0,1059.0,1064.0,1061.0
10640.0,2484.0,2489.0,2478.0,1063.0,1063.0,1063.0
10672.0,2498.0,2477.0,2493.0,1069.0,1064.0,1071.0
10703.0,2497.0,2489.0,2505.0,1070.0,1068.0,1074.0
10660.0,2485.0,2490.0,2488.0,1066.0,1067.0,1064.0
10640.0,2485.0,2481.0,2478.0,1063.0,1065.0,1068.0
10636.0,2480.0,2488.0,2479.0,1063.0,1064.0,1062.0
10615.0,2478.0,2471.0,2483.0,1058.0,1066.0,1059.0
10646.0,2482.0,2486.0,2480.0,1066.0,1070.0,1062.0
10694.0,2497.0,2501.0,2497.0,1065.0,1067.0,1067.0
10719.0,2496.0,2511.0,2502.0,1073.0,1067.0,1070.0
10690.0,2489.0,2498.0,2497.0,1067.0,1068.0,1071.0
10664.0,2492.0,2485.0,2491.0,1069.0,1062.0,1065.0
10613.0,2482.0,2474.0,2473.0,1064.0,1057.0,1063.0
10632.0,2474.0,2483.0,2480.0,1064.0,1067.0,1064.0
10679.0,2498.0,2486.0,2496.0,1067.0,1066.0,1066.0
10700.0,2498.0,2490.0,2501.0,1069.0,1071.0,1071.0
10710.0,2499.0,2494.0,2505.0,1069.0,1073.0,1070.0
10683.0,2492.0,2493.0,2489.0,1074.0,1069.0,1066.0
10668.0,2490.0,2497.0,2487.0,1066.0,1064.0,1064.0
10656.0,2488.0,2490.0,2482.0,1072.0,1064.0,1060.0
10658.0,2485.0,2482.0,2494.0,1065.0,1062.0,1070.0
10695.0,2498.0,2495.0,2496.0,1068.0,1069.0,1069.0
10722.0,2512.0,2499.0,2501.0,1067.0,1071.0,1072.0
10717.0,2500.0,2497.0,2497.0,1071.0,1076.0,1076.0
10697.0,2495.0,2494.0,2494.0,1069.0,1073.0,1072.0
10672.0,2482.0,2488.0,2491.0,1070.0,1072.0,1069.0
10670.0,2493.0,2489.0,2490.0,1069.0,1066.0,1063.0
10681.0,2484.0,2491.0,2501.0,1070.0,1070.0,1065.0
10717.0,2496.0,2506.0,2501.0,1074.0,1071.0,1069.0
10743.0,2510.0,2507.0,2507.0,1074.0,1072.0,1073.0
10719.0,2505.0,2503.0,2496.0,1073.0,1071.0,1071.0
10693.0,2495.0,2492.0,2491.0,1071.0,1072.0,1072.0
10706.0,2498.0,2496.0,2498.0,1069.0,1076.0,1069.0
10678.0,2489.0,2495.0,2489.0,1071.0,1069.0,1065.0
10682.0,2487.0,2487.0,2497.0,1073.0,1068.0,1070.0
10692.0,2497.0,2487.0,2494.0,1074.0,1069.0,1071.0
10725.0,2507.0,2491.0,2511.0,1071.0,1073.0,1072.0
10737.0,2503.0,2510.0,2500.0,1074.0,1077.0,1073.0
10737.0,2506.0,2514.0,2503.0,1071.0,1071.0,1072.0
10711.0,2503.0,2500.0,2502.0,1070.0,1070.0,1066.0
10692.0,2496.0,2491.0,2499.0,1069.0,1069.0,1068.0
10701.0,2489.0,2493.0,2500.0,1071.0,1075.0,1073.0
10754.0,2515.0,2504.0,2507.0,1077.0,1075.0,1076.0
10788.0,2516.0,2523.0,2511.0,1079.0,1080.0,1079.0
10760.0,2511.0,2514.0,2507.0,1076.0,1075.0,1077.0
10747.0,2499.0,2510.0,2516.0,1075.0,1071.0,1076.0
10734.0,2510.0,2505.0,2501.0,1076.0,1070.0,1072.0
10708.0,2502.0,2498.0,2504.0,1069.0,1066.0,1069.0
10698.0,2488.0,2497.0,2497.0,1075.0,1074.0,1067.0
10735.0,2508.0,2509.0,2492.0,1076.0,1076.0,1074.0
10775.0,2513.0,2510.0,2517.0,1077.0,1078.0,1080.0
10764.0,2510.0,2506.0,2515.0,1077.0,1079.0,1077.0
10760.0,2502.0,2507.0,2519.0,1077.0,1077.0,1078.0
10761.0,2512.0,2514.0,2510.0,1071.0,1077.0,1077.0
10726.0,2508.0,2502.0,2501.0,1069.0,1069.0,1077.0
10717.0,2494.0,2498.0,2504.0,1074.0,1074.0,1073.0
10734.0,2508.0,2502.0,2501.0,1078.0,1070.0,1075.0
10791.0,2522.0,2515.0,2523.0,1078.0,1075.0,1078.0
10797.0,2508.0,2522.0,2521.0,1081.0,1085.0,1080.0
10774.0,2511.0,2511.0,2518.0,1078.0,1081.0,1075.0
10754.0,2511.0,2502.0,2512.0,1074.0,1079.0,1076.0
10731.0,2507.0,2491.0,2511.0,1072.0,1076.0,1074.0
10712.0,2488.0,2512.0,2492.0,1073.0,1073.0,1074.0
10764.0,2508.0,2517.0,2506.0,1078.0,1078.0,1077.0
10816.0,2522.0,2521.0,2530.0,1083.0,1078.0,1082.0
10833.0,2525.0,2519.0,2534.0,1085.0,1082.0,1088.0
10783.0,2508.0,2512.0,2521.0,1082.0,1081.0,1079.0
10769.0,2509.0,2521.0,2504.0,1075.0,1081.0,1079.0
10753.0,2508.0,2514.0,2510.0,1072.0,1075.0,1074.0
10728.0,2499.0,2507.0,2503.0,1070.0,1077.0,1072.0
10795.0,2519.0,2513.0,2526.0,1078.0,1082.0,1077.0
10814.0,2523.0,2521.0,2526.0,1081.0,1082.0,1081.0
10837.0,2525.0,2533.0,2533.0,1083.0,1081.0,1082.0
10812.0,2515.0,2526.0,2523.0,1084.0,1078.0,1086.0
10772.0,2517.0,2512.0,2512.0,1077.0,1076.0,1078.0
10758.0,2517.0,2499.0,2508.0,1078.0,1073.0,1083.0
10742.0,2503.0,2511.0,2501.0,1075.0,1075.0,1077.0
10795.0,2515.0,2523.0,2522.0,1077.0,1081.0,1077.0
10839.0,2535.0,2531.0,2525.0,1082.0,1088.0,1078.0
10833.0,2524.0,2520.0,2533.0,1085.0,1088.0,1083.0
10819.0,2518.0,2523.0,2525.0,1088.0,1083.0,1082.0
10783.0,2512.0,2515.0,2514.0,1083.0,1082.0,1077.0
10771.0,2512.0,2515.0,2507.0,1080.0,1078.0,1079.0
10800.0,2513.0,2519.0,2531.0,1079.0,1077.0,1081.0
10831.0,2525.0,2522.0,2535.0,1080.0,1084.0,1085.0
10851.0,2545.0,2524.0,2534.0,1081.0,1082.0,1085.0
10860.0,2528.0,2537.0,2532.0,1085.0,1088.0,1090.0
10839.0,2521.0,2534.0,2523.0,1090.0,1087.0,1084.0
10822.0,2526.0,2529.0,2521.0,1082.0,1084.0,1080.0
10792.0,2524.0,2517.0,2515.0,1079.0,1079.0,1078.0
10796.0,2514.0,2515.0,2525.0,1081.0,1083.0,1078.0
10814.0,2524.0,2523.0,2527.0,1083.0,1079.0,1078.0
10864.0,2538.0,2533.0,2539.0,1085.0,1086.0,1083.0
10858.0,2531.0,2538.0,2534.0,1086.0,1085.0,1084.0
10834.0,2526.0,2522.0,2529.0,1089.0,1086.0,1082.0
10822.0,2522.0,2523.0,2525.0,1085.0,1083.0,1084.0
10792.0,2509.0,2524.0,2518.0,1080.0,1083.0,1078.0
10808.0,2517.0,2529.0,2514.0,1080.0,1084.0,1084.0
10843.0,2532.0,2525.0,2533.0,1080.0,1084.0,1089.0
10872.0,2543.0,2537.0,2530.0,1088.0,1087.0,1087.0
10865.0,2532.0,2535.0,2535.0,1091.0,1086.0,1086.0
10857.0,2528.0,2539.0,2535.0,1088.0,1085.0,1082.0
10847.0,2539.0,2531.0,2527.0,1085.0,1083.0,1082.0
10825.0,2521.0,2526.0,2530.0,1084.0,1083.0,1081.0
10808.0,2520.0,2514.0,2533.0,1078.0,1082.0,1081.0
10852.0,2531.0,2530.0,2530.0,1082.0,1090.0,1089.0
10896.0,2548.0,2543.0,2536.0,1090.0,1089.0,1090.0
10897.0,2536.0,2549.0,2543.0,1090.0,1088.0,1091.0
10876.0,2540.0,2536.0,2537.0,1085.0,1090.0,1088.0
10848.0,2532.0,2529.0,2533.0,1086.0,1085.0,1083.0
10846.0,2533.0,2523.0,2535.0,1090.0,1081.0,1084.0
10865.0,2534.0,2533.0,2538.0,1089.0,1086.0,1085.0
10873.0,2546.0,2538.0,2531.0,1089.0,1085.0,1084.0
10909.0,2557.0,2541.0,2541.0,1092.0,1091.0,1087.0
10896.0,2540.0,2540.0,2544.0,1088.0,1093.0,1091.0
10899.0,2544.0,2546.0,2549.0,1083.0,1089.0,1088.0
10866.0,2530.0,2537.0,2540.0,1081.0,1089.0,1089.0
10864.0,2530.0,2535.0,2544.0,1086.0,1084.0,1085.0
10838.0,2529.0,2533.0,2522.0,1085.0,1081.0,1088.0
10855.0,2531.0,2535.0,2531.0,1087.0,1085.0,1086.0
10907.0,2549.0,2541.0,2543.0,1093.0,1091.0,1090.0
10924.0,2549.0,2552.0,2550.0,1091.0,1094.0,1088.0
10921.0,2546.0,2556.0,2550.0,1088.0,1093.0,1088.0
10876.0,2540.0,2533.0,2544.0,1087.0,1087.0,1085.0
10844.0,2540.0,2526.0,2519.0,1087.0,1085.0,1087.0
10856.0,2532.0,2529.0,2531.0,1085.0,1091.0,1088.0
10929.0,2548.0,2553.0,2550.0,1096.0,1090.0,1092.0
10948.0,2560.0,2556.0,2550.0,1094.0,1091.0,1097.0
10930.0,2558.0,2543.0,2546.0,1094.0,1092.0,1097.0
10914.0,2545.0,2539.0,2553.0,1092.0,1092.0,1093.0
10887.0,2547.0,2538.0,2537.0,1087.0,1087.0,1091.0
10877.0,2538.0,2548.0,2531.0,1087.0,1087.0,1086.0
10872.0,2533.0,2537.0,2540.0,1086.0,1090.0,1086.0
10914.0,2540.0,2553.0,2542.0,1090.0,1097.0,1092.0
10954.0,2562.0,2549.0,2559.0,1096.0,1095.0,1093.0
10935.0,2546.0,2549.0,2560.0,1095.0,1091.0,1094.0
10919.0,2539.0,2548.0,2555.0,1091.0,1091.0,1095.0
10900.0,2545.0,2548.0,2536.0,1089.0,1092.0,1090.0
10873.0,2539.0,2530.0,2536.0,1086.0,1089.0,1093.0
10907.0,2551.0,2539.0,2544.0,1091.0,1090.0,1092.0
10932.0,2550.0,2553.0,2549.0,1095.0,1091.0,1094.0
10971.0,2570.0,2554.0,2558.0,1099.0,1096.0,1094.0
10981.0,2555.0,2565.0,2563.0,1101.0,1100.0,1097.0
10925.0,2547.0,2545.0,2551.0,1095.0,1093.0,1094.0
10922.0,2559.0,2549.0,2544.0,1089.0,1090.0,1091.0
10905.0,2541.0,2539.0,2551.0,1089.0,1091.0,1094.0
10894.0,2535.0,2550.0,2544.0,1089.0,1084.0,1092.0
10934.0,2552.0,2557.0,2548.0,1091.0,1090.0,1096.0
10971.0,2560.0,2557.0,2563.0,1095.0,1094.0,1102.0
10981.0,2558.0,2559.0,2565.0,1100.0,1100.0,1099.0
10960.0,2557.0,2559.0,2551.0,1098.0,1100.0,1095.0
10943.0,2554.0,2553.0,2556.0,1093.0,1095.0,1092.0
10903.0,2544.0,2542.0,2548.0,1089.0,1093.0,1087.0
10906.0,2548.0,2547.0,2541.0,1088.0,1092.0,1090.0
10958.0,2560.0,2554.0,2566.0,1093.0,1091.0,1094.0
10982.0,2572.0,2561.0,2561.0,1098.0,1097.0,1093.0
11019.0,2575.0,2578.0,2561.0,1104.0,1100.0,1101.0
10954.0,2554.0,2555.0,2551.0,1100.0,1096.0,1098.0
10934.0,2553.0,2543.0,2554.0,1093.0,1095.0,1096.0
10947.0,2561.0,2548.0,2556.0,1091.0,1096.0,1095.0
10934.0,2548.0,2557.0,2551.0,1092.0,1092.0,1094.0
10959.0,2554.0,2561.0,2558.0,1093.0,1099.0,1094.0
10972.0,2560.0,2554.0,2562.0,1097.0,1100.0,1099.0
10983.0,2569.0,2564.0,2557.0,1100.0,1099.0,1094.0
10980.0,2565.0,2558.0,2562.0,1104.0,1095.0,1096.0
10951.0,2554.0,2557.0,2563.0,1092.0,1091.0,1094.0
10970.0,2558.0,2561.0,2567.0,1094.0,1093.0,1097.0
10956.0,2554.0,2560.0,2560.0,1093.0,1096.0,1093.0
10977.0,2557.0,2558.0,2563.0,1096.0,1101.0,1102.0
11007.0,2577.0,2566.0,2565.0,1097.0,1102.0,1100.0
11024.0,2572.0,2576.0,2567.0,1100.0,1102.0,1107.0
11022.0,2563.0,2577.0,2574.0,1103.0,1102.0,1103.0
10946.0,2557.0,2547.0,2560.0,1096.0,1092.0,1094.0
10937.0,2553.0,2544.0,2560.0,1096.0,1090.0,1094.0
10959.0,2553.0,2550.0,2564.0,1099.0,1097.0,1096.0
11003.0,2567.0,2579.0,2560.0,1100.0,1099.0,1098.0
11019.0,2568.0,2576.0,2568.0,1103.0,1104.0,1100.0
11029.0,2573.0,2572.0,2573.0,1102.0,1104.0,1105.0
11027.0,2574.0,2570.0,2575.0,1097.0,1103.0,1108.0
10997.0,2567.0,2559.0,2570.0,1102.0,1096.0,1103.0
10969.0,2557.0,2562.0,2563.0,1095.0,1096.0,1096.0
10988.0,2560.0,2569.0,2566.0,1096.0,1099.0,1098.0
10994.0,2570.0,2562.0,2563.0,1102.0,1100.0,1097.0
11022.0,2580.0,2573.0,2572.0,1100.0,1098.0,1099.0
11053.0,2580.0,2581.0,2581.0,1103.0,1106.0,1102.0
11015.0,2562.0,2574.0,2577.0,1102.0,1102.0,1098.0
11012.0,2574.0,2568.0,2569.0,1102.0,1101.0,1098.0
10982.0,2561.0,2563.0,2561.0,1098.0,1102.0,1097.0
10992.0,2562.0,2559.0,2567.0,1105.0,1101.0,1098.0
10994.0,2564.0,2566.0,2560.0,1104.0,1101.0,1099.0
11047.0,2581.0,2581.0,2571.0,1100.0,1105.0,1109.0
11068.0,2575.0,2584.0,2587.0,1105.0,1105.0,1112.0
11049.0,2576.0,2573.0,2585.0,1100.0,1103.0,1112.0
11006.0,2584.0,2561.0,2566.0,1099.0,1097.0,1099.0
10997.0,2559.0,2562.0,2571.0,1101.0,1102.0,1102.0
11003.0,2565.0,2571.0,2567.0,1103.0,1099.0,1098.0
11036.0,2577.0,2568.0,2577.0,1104.0,1104.0,1106.0
11078.0,2588.0,2584.0,2587.0,1106.0,1106.0,1107.0
11089.0,2586.0,2581.0,2597.0,1108.0,1108.0,1109.0
11043.0,2569.0,2578.0,2581.0,1104.0,1104.0,1107.0
11011.0,2581.0,2571.0,2561.0,1099.0,1098.0,1101.0
11013.0,2573.0,2571.0,2564.0,1102.0,1098.0,1105.0
11021.0,2571.0,2567.0,2573.0,1103.0,1104.0,1103.0
11056.0,2579.0,2576.0,2584.0,1107.0,1104.0,1106.0
11109.0,2596.0,2583.0,2594.0,1112.0,1111.0,1113.0
11078.0,2578.0,2586.0,2589.0,1108.0,1109.0,1108.0
11057.0,2582.0,2584.0,2572.0,1107.0,1108.0,1104.0
11035.0,2576.0,2571.0,2573.0,1102.0,1110.0,1103.0
11032.0,2575.0,2578.0,2570.0,1103.0,1105.0,1101.0
11035.0,2573.0,2575.0,2577.0,1101.0,1102.0,1107.0
11086.0,2588.0,2591.0,2585.0,1106.0,1105.0,1111.0
11120.0,2599.0,2584.0,2600.0,1113.0,1110.0,1114.0
11094.0,2591.0,2579.0,2589.0,1108.0,1111.0,1116.0
11072.0,2577.0,2582.0,2581.0,1111.0,1113.0,1108.0
11055.0,2586.0,2577.0,2578.0,1103.0,1107.0,1104.0
11029.0,2578.0,2574.0,2573.0,1100.0,1104.0,1100.0
11054.0,2575.0,2578.0,2584.0,1106.0,1104.0,1107.0
11066.0,2580.0,2581.0,2591.0,1106.0,1107.0,1101.0
11118.0,2597.0,2591.0,2596.0,1114.0,1109.0,1111.0
11146.0,2596.0,2605.0,2604.0,1117.0,1108.0,1116.0
11104.0,2589.0,2595.0,2586.0,1112.0,1110.0,1112.0
11079.0,2589.0,2576.0,2590.0,1107.0,1107.0,1110.0
11063.0,2587.0,2579.0,2583.0,1105.0,1102.0,1107.0
11055.0,2572.0,2584.0,2578.0,1104.0,1107.0,1110.0
11102.0,2585.0,2592.0,2596.0,1109.0,1112.0,1108.0
11126.0,2592.0,2603.0,2590.0,1116.0,1114.0,1111.0
11137.0,2597.0,2599.0,2596.0,1117.0,1113.0,1115.0
