demand,Demand_Retailer_0,Demand_Retailer_1,Demand_Retailer_2,Demand_Retailer_3,Demand_Retailer_4,Demand_Retailer_5
1013.0,236.0,255.0,238.0,96.0,97.0,91.0
1003.0,235.0,251.0,241.0,95.0,94.0,87.0
1046.0,251.0,251.0,258.0,85.0,98.0,103.0
1000.0,251.0,223.0,225.0,101.0,100.0,100.0
972.0,230.0,248.0,229.0,98.0,76.0,91.0
1049.0,266.0,256.0,231.0,101.0,95.0,100.0
1155.0,292.0,297.0,238.0,113.0,109.0,106.0
1170.0,305.0,268.0,282.0,104.0,104.0,107.0
1181.0,272.0,261.0,309.0,116.0,106.0,117.0
1056.0,229.0,249.0,274.0,105.0,103.0,96.0
1179.0,278.0,254.0,307.0,111.0,110.0,119.0
1032.0,249.0,231.0,232.0,105.0,111.0,104.0
1125.0,240.0,294.0,238.0,118.0,107.0,128.0
1094.0,248.0,255.0,269.0,103.0,113.0,106.0
979.0,221.0,232.0,219.0,99.0,92.0,116.0
1143.0,248.0,287.0,280.0,110.0,108.0,110.0
1130.0,255.0,270.0,257.0,105.0,113.0,130.0
932.0,211.0,221.0,213.0,94.0,94.0,99.0
1044.0,245.0,232.0,241.0,100.0,105.0,121.0
1185.0,279.0,284.0,267.0,118.0,115.0,122.0
916.0,216.0,192.0,224.0,86.0,94.0,104.0
1178.0,287.0,284.0,235.0,124.0,115.0,133.0
1044.0,235.0,257.0,255.0,87.0,105.0,105.0
981.0,233.0,223.0,221.0,99.0,102.0,103.0
1037.0,248.0,258.0,235.0,93.0,101.0,102.0
1025.0,243.0,237.0,232.0,104.0,99.0,110.0
960.0,220.0,226.0,214.0,93.0,103.0,104.0
958.0,216.0,205.0,231.0,94.0,109.0,103.0
911.0,211.0,197.0,213.0,91.0,97.0,102.0
1182.0,286.0,278.0,276.0,116.0,113.0,113.0
1058.0,241.0,252.0,245.0,106.0,102.0,112.0
1132.0,272.0,267.0,247.0,117.0,116.0,113.0
1132.0,268.0,264.0,258.0,116.0,117.0,109.0
1041.0,252.0,255.0,214.0,107.0,110.0,103.0
1053.0,247.0,235.0,248.0,106.0,111.0,106.0
957.0,236.0,235.0,200.0,94.0,92.0,100.0
980.0,233.0,221.0,231.0,97.0,99.0,99.0
1060.0,250.0,272.0,206.0,112.0,117.0,103.0
1041.0,249.0,244.0,226.0,106.0,107.0,109.0
1166.0,274.0,291.0,262.0,117.0,113.0,109.0
1026.0,209.0,256.0,237.0,110.0,103.0,111.0
1041.0,250.0,255.0,240.0,89.0,106.0,101.0
1099.0,252.0,228.0,281.0,118.0,105.0,115.0
1094.0,251.0,240.0,265.0,116.0,110.0,112.0
1118.0,243.0,262.0,256.0,122.0,125.0,110.0
1136.0,245.0,264.0,270.0,116.0,125.0,116.0
1026.0,236.0,227.0,252.0,115.0,95.0,101.0
1116.0,267.0,250.0,257.0,105.0,114.0,123.0
988.0,241.0,214.0,229.0,105.0,99.0,100.0
1061.0,247.0,249.0,257.0,106.0,109.0,93.0
1063.0,248.0,252.0,258.0,105.0,103.0,97.0
1041.0,222.0,262.0,236.0,105.0,114.0,102.0
1074.0,248.0,224.0,263.0,118.0,112.0,109.0
1110.0,261.0,269.0,254.0,114.0,103.0,109.0
1149.0,261.0,253.0,276.0,115.0,119.0,125.0
1265.0,306.0,279.0,303.0,125.0,128.0,124.0
1234.0,295.0,291.0,295.0,127.0,111.0,115.0
1159.0,284.0,261.0,267.0,119.0,116.0,112.0
1027.0,249.0,212.0,254.0,93.0,104.0,115.0
1196.0,291.0,284.0,274.0,115.0,117.0,115.0
1282.0,313.0,314.0,282.0,116.0,119.0,138.0
1211.0,281.0,280.0,299.0,119.0,129.0,103.0
1104.0,295.0,257.0,240.0,117.0,105.0,90.0
1186.0,288.0,264.0,270.0,119.0,117.0,128.0
934.0,230.0,214.0,219.0,88.0,93.0,90.0
1122.0,264.0,255.0,266.0,112.0,111.0,114.0
1207.0,308.0,265.0,277.0,118.0,125.0,114.0
1209.0,302.0,277.0,284.0,114.0,109.0,123.0
1210.0,289.0,286.0,285.0,113.0,120.0,117.0
1131.0,237.0,276.0,269.0,111.0,117.0,121.0
1184.0,272.0,281.0,276.0,125.0,123.0,107.0
1246.0,292.0,296.0,303.0,110.0,118.0,127.0
1218.0,279.0,312.0,278.0,117.0,113.0,119.0
1216.0,260.0,319.0,284.0,126.0,108.0,119.0
1158.0,282.0,318.0,237.0,107.0,107.0,107.0
1193.0,258.0,292.0,283.0,112.0,122.0,126.0
1260.0,276.0,314.0,297.0,125.0,124.0,124.0
1026.0,254.0,260.0,217.0,93.0,102.0,100.0
1156.0,264.0,269.0,275.0,118.0,120.0,110.0
1096.0,290.0,256.0,257.0,97.0,103.0,93.0
1204.0,280.0,296.0,279.0,116.0,119.0,114.0
998.0,230.0,254.0,227.0,99.0,95.0,93.0
1139.0,273.0,305.0,244.0,110.0,106.0,101.0
1161.0,272.0,262.0,271.0,115.0,124.0,117.0
1130.0,253.0,281.0,275.0,104.0,112.0,105.0
951.0,246.0,213.0,213.0,92.0,98.0,89.0
1225.0,310.0,267.0,309.0,109.0,115.0,115.0
988.0,257.0,232.0,230.0,92.0,87.0,90.0
1137.0,268.0,260.0,274.0,121.0,108.0,106.0
1268.0,314.0,296.0,300.0,123.0,113.0,122.0
1079.0,254.0,215.0,286.0,118.0,105.0,101.0
1190.0,284.0,264.0,276.0,128.0,114.0,124.0
1018.0,225.0,206.0,263.0,107.0,114.0,103.0
1021.0,228.0,220.0,238.0,111.0,118.0,106.0
1157.0,262.0,221.0,307.0,126.0,125.0,116.0
1233.0,286.0,277.0,297.0,134.0,123.0,116.0
1088.0,240.0,231.0,282.0,118.0,111.0,106.0
1093.0,226.0,256.0,272.0,105.0,113.0,121.0
1136.0,235.0,262.0,275.0,119.0,128.0,117.0
1183.0,250.0,260.0,316.0,132.0,114.0,111.0
1193.0,279.0,260.0,277.0,126.0,129.0,122.0
1180.0,276.0,248.0,281.0,125.0,124.0,126.0
1211.0,270.0,256.0,311.0,121.0,129.0,124.0
1238.0,273.0,300.0,268.0,134.0,128.0,135.0
1195.0,293.0,265.0,276.0,126.0,118.0,117.0
1386.0,304.0,315.0,340.0,146.0,145.0,136.0
1247.0,273.0,284.0,300.0,127.0,135.0,128.0
1327.0,326.0,312.0,273.0,145.0,130.0,141.0
1304.0,283.0,317.0,287.0,135.0,135.0,147.0
1234.0,299.0,302.0,267.0,121.0,119.0,126.0
1352.0,311.0,327.0,284.0,140.0,148.0,142.0
1172.0,293.0,274.0,246.0,117.0,119.0,123.0
1333.0,313.0,315.0,299.0,136.0,138.0,132.0
1392.0,334.0,311.0,326.0,143.0,129.0,149.0
1344.0,328.0,317.0,285.0,137.0,136.0,141.0
1393.0,311.0,336.0,312.0,139.0,150.0,145.0
1358.0,326.0,307.0,302.0,142.0,142.0,139.0
1350.0,320.0,325.0,313.0,127.0,128.0,137.0
1353.0,316.0,336.0,289.0,130.0,147.0,135.0
1253.0,297.0,314.0,265.0,131.0,123.0,123.0
1167.0,286.0,253.0,269.0,113.0,122.0,124.0
1479.0,344.0,333.0,362.0,137.0,151.0,152.0
1145.0,265.0,274.0,271.0,111.0,106.0,118.0
1182.0,249.0,297.0,270.0,119.0,123.0,124.0
1223.0,278.0,282.0,276.0,117.0,128.0,142.0
1217.0,257.0,301.0,293.0,110.0,126.0,130.0
1247.0,260.0,293.0,304.0,126.0,120.0,144.0
1231.0,299.0,278.0,296.0,113.0,125.0,120.0
1306.0,300.0,288.0,331.0,132.0,123.0,132.0
1279.0,290.0,282.0,307.0,131.0,130.0,139.0
1271.0,294.0,269.0,313.0,127.0,136.0,132.0
1231.0,298.0,271.0,299.0,117.0,130.0,116.0
1243.0,303.0,297.0,278.0,118.0,124.0,123.0
1341.0,336.0,298.0,309.0,135.0,131.0,132.0
1281.0,310.0,303.0,291.0,135.0,125.0,117.0
1190.0,306.0,255.0,294.0,104.0,114.0,117.0
1026.0,266.0,208.0,264.0,91.0,97.0,100.0
1268.0,321.0,275.0,328.0,111.0,111.0,122.0
1117.0,241.0,245.0,295.0,108.0,122.0,106.0
1272.0,310.0,307.0,313.0,116.0,106.0,120.0
1270.0,305.0,286.0,300.0,127.0,132.0,120.0
1310.0,309.0,314.0,322.0,127.0,127.0,111.0
1321.0,308.0,310.0,331.0,130.0,130.0,112.0
1349.0,326.0,319.0,299.0,144.0,133.0,128.0
1292.0,296.0,321.0,294.0,136.0,124.0,121.0
1045.0,230.0,263.0,249.0,104.0,95.0,104.0
1249.0,249.0,307.0,335.0,127.0,113.0,118.0
1084.0,242.0,270.0,265.0,101.0,98.0,108.0
1125.0,243.0,289.0,236.0,129.0,119.0,109.0
1312.0,306.0,328.0,291.0,132.0,132.0,123.0
1389.0,295.0,356.0,331.0,141.0,129.0,137.0
1204.0,267.0,290.0,286.0,129.0,115.0,117.0
1350.0,296.0,328.0,324.0,140.0,140.0,122.0
1301.0,290.0,301.0,309.0,139.0,126.0,136.0
1257.0,286.0,300.0,299.0,135.0,118.0,119.0
1296.0,286.0,324.0,281.0,140.0,132.0,133.0
1474.0,345.0,372.0,322.0,141.0,154.0,140.0
1289.0,313.0,295.0,276.0,142.0,135.0,128.0
1189.0,278.0,256.0,272.0,133.0,134.0,116.0
1189.0,272.0,286.0,247.0,142.0,125.0,117.0
1377.0,338.0,307.0,314.0,136.0,144.0,138.0
1410.0,345.0,316.0,325.0,144.0,147.0,133.0
1438.0,334.0,351.0,331.0,148.0,144.0,130.0
1348.0,327.0,259.0,346.0,149.0,136.0,131.0
1367.0,353.0,280.0,302.0,151.0,151.0,130.0
1191.0,299.0,264.0,262.0,136.0,117.0,113.0
1365.0,330.0,310.0,311.0,143.0,141.0,130.0
1410.0,318.0,330.0,343.0,142.0,138.0,139.0
1470.0,365.0,322.0,340.0,150.0,147.0,146.0
1479.0,353.0,334.0,338.0,148.0,158.0,148.0
1358.0,338.0,307.0,289.0,142.0,143.0,139.0
1516.0,351.0,320.0,370.0,153.0,161.0,161.0
1346.0,321.0,307.0,306.0,140.0,133.0,139.0
1448.0,340.0,322.0,326.0,144.0,161.0,155.0
1419.0,331.0,296.0,346.0,147.0,154.0,145.0
1411.0,310.0,311.0,351.0,137.0,155.0,147.0
1389.0,299.0,330.0,335.0,133.0,146.0,146.0
1554.0,356.0,357.0,355.0,156.0,166.0,164.0
1303.0,269.0,316.0,304.0,125.0,142.0,147.0
1474.0,325.0,348.0,361.0,148.0,147.0,145.0
1475.0,330.0,374.0,332.0,142.0,149.0,148.0
1321.0,285.0,320.0,301.0,124.0,146.0,145.0
1381.0,320.0,328.0,312.0,138.0,144.0,139.0
1465.0,330.0,366.0,350.0,128.0,143.0,148.0
1456.0,326.0,359.0,362.0,133.0,133.0,143.0
1136.0,280.0,264.0,266.0,91.0,118.0,117.0
1232.0,283.0,299.0,278.0,108.0,129.0,135.0
1365.0,344.0,311.0,317.0,126.0,129.0,138.0
1301.0,312.0,305.0,308.0,106.0,141.0,129.0
1368.0,305.0,332.0,321.0,127.0,147.0,136.0
1272.0,278.0,306.0,308.0,130.0,131.0,119.0
1118.0,259.0,268.0,252.0,111.0,108.0,120.0
1340.0,339.0,297.0,299.0,127.0,131.0,147.0
1407.0,332.0,334.0,316.0,149.0,128.0,148.0
1205.0,282.0,281.0,283.0,115.0,118.0,126.0
1364.0,329.0,314.0,311.0,137.0,127.0,146.0
1264.0,275.0,305.0,317.0,121.0,117.0,129.0
1159.0,263.0,283.0,270.0,129.0,102.0,112.0
1204.0,269.0,295.0,286.0,117.0,115.0,122.0
1411.0,327.0,317.0,339.0,148.0,133.0,147.0
1436.0,319.0,351.0,314.0,151.0,148.0,153.0
1256.0,290.0,274.0,294.0,130.0,127.0,141.0
1258.0,265.0,307.0,300.0,124.0,128.0,134.0
1258.0,306.0,276.0,295.0,133.0,115.0,133.0
1251.0,317.0,274.0,258.0,146.0,131.0,125.0
1353.0,316.0,315.0,296.0,140.0,141.0,145.0
1393.0,332.0,319.0,318.0,149.0,139.0,136.0
1355.0,305.0,329.0,310.0,139.0,134.0,138.0
1291.0,310.0,294.0,287.0,137.0,125.0,138.0
1538.0,384.0,332.0,360.0,159.0,151.0,152.0
1352.0,327.0,314.0,299.0,149.0,132.0,131.0
1441.0,376.0,335.0,340.0,139.0,127.0,124.0
1388.0,333.0,318.0,313.0,145.0,133.0,146.0
1514.0,377.0,357.0,322.0,160.0,145.0,153.0
1510.0,373.0,347.0,346.0,146.0,149.0,149.0
1468.0,358.0,343.0,334.0,156.0,136.0,141.0
1419.0,347.0,341.0,308.0,150.0,137.0,136.0
1597.0,378.0,346.0,416.0,153.0,155.0,149.0
1403.0,328.0,351.0,302.0,149.0,135.0,138.0
1472.0,385.0,342.0,336.0,139.0,140.0,130.0
1476.0,341.0,338.0,372.0,150.0,129.0,146.0
1587.0,332.0,407.0,375.0,169.0,146.0,158.0
1436.0,325.0,361.0,335.0,147.0,145.0,123.0
1573.0,375.0,379.0,348.0,163.0,152.0,156.0
1454.0,329.0,351.0,355.0,151.0,139.0,129.0
1586.0,367.0,375.0,392.0,150.0,155.0,147.0
1403.0,328.0,351.0,320.0,132.0,143.0,129.0
1441.0,319.0,347.0,360.0,134.0,145.0,136.0
1624.0,353.0,390.0,412.0,163.0,156.0,150.0
1575.0,345.0,364.0,403.0,158.0,148.0,157.0
1521.0,333.0,354.0,386.0,147.0,154.0,147.0
1445.0,305.0,352.0,353.0,136.0,153.0,146.0
1501.0,354.0,340.0,366.0,145.0,152.0,144.0
1477.0,362.0,344.0,341.0,138.0,152.0,140.0
1444.0,320.0,326.0,359.0,142.0,162.0,135.0
1445.0,324.0,348.0,348.0,137.0,145.0,143.0
1325.0,302.0,299.0,309.0,142.0,141.0,132.0
1509.0,355.0,333.0,371.0,146.0,159.0,145.0
1369.0,312.0,311.0,318.0,135.0,154.0,139.0
1441.0,342.0,334.0,346.0,141.0,145.0,133.0
1487.0,384.0,331.0,341.0,135.0,143.0,153.0
1316.0,313.0,300.0,302.0,122.0,147.0,132.0
1294.0,333.0,284.0,292.0,115.0,136.0,134.0
1531.0,371.0,328.0,377.0,150.0,155.0,150.0
1287.0,335.0,287.0,294.0,118.0,133.0,120.0
1388.0,340.0,307.0,324.0,129.0,155.0,133.0
1389.0,333.0,318.0,320.0,134.0,149.0,135.0
1392.0,351.0,324.0,311.0,137.0,138.0,131.0
1335.0,306.0,320.0,319.0,118.0,143.0,129.0
1422.0,320.0,339.0,332.0,136.0,137.0,158.0
1481.0,345.0,354.0,326.0,137.0,155.0,164.0
1367.0,316.0,316.0,308.0,142.0,138.0,147.0
1461.0,350.0,335.0,339.0,140.0,152.0,145.0
1356.0,301.0,349.0,289.0,133.0,138.0,146.0
1490.0,339.0,371.0,325.0,151.0,149.0,155.0
1563.0,366.0,386.0,351.0,150.0,152.0,158.0
1456.0,322.0,343.0,327.0,156.0,157.0,151.0
1554.0,349.0,370.0,365.0,150.0,148.0,172.0
1391.0,307.0,340.0,311.0,143.0,149.0,141.0
1534.0,381.0,363.0,329.0,156.0,153.0,152.0
1450.0,335.0,339.0,331.0,153.0,134.0,158.0
1420.0,328.0,351.0,319.0,146.0,134.0,142.0
1536.0,353.0,371.0,330.0,143.0,165.0,174.0
1568.0,362.0,349.0,384.0,158.0,153.0,162.0
1517.0,366.0,333.0,364.0,154.0,144.0,156.0
1574.0,387.0,347.0,360.0,165.0,153.0,162.0
1660.0,396.0,380.0,379.0,178.0,158.0,169.0
1537.0,375.0,365.0,348.0,147.0,140.0,162.0
1614.0,366.0,382.0,377.0,159.0,154.0,176.0
1588.0,373.0,343.0,368.0,167.0,170.0,167.0
1680.0,429.0,379.0,379.0,179.0,152.0,162.0
1693.0,405.0,384.0,411.0,164.0,154.0,175.0
1589.0,371.0,356.0,386.0,169.0,145.0,162.0
1666.0,378.0,373.0,411.0,168.0,161.0,175.0
1602.0,346.0,378.0,395.0,162.0,153.0,168.0
1618.0,375.0,363.0,389.0,169.0,156.0,166.0
1683.0,384.0,388.0,410.0,175.0,159.0,167.0
1598.0,354.0,357.0,387.0,164.0,160.0,176.0
1612.0,343.0,358.0,419.0,170.0,151.0,171.0
1701.0,411.0,368.0,394.0,173.0,175.0,180.0
1669.0,382.0,374.0,403.0,180.0,159.0,171.0
1665.0,376.0,367.0,407.0,180.0,161.0,174.0
1569.0,360.0,353.0,363.0,172.0,153.0,168.0
1510.0,335.0,355.0,368.0,155.0,144.0,153.0
1550.0,322.0,362.0,404.0,158.0,150.0,154.0
1616.0,367.0,402.0,393.0,149.0,141.0,164.0
1574.0,354.0,368.0,391.0,157.0,143.0,161.0
1707.0,386.0,415.0,401.0,160.0,181.0,164.0
1570.0,368.0,384.0,349.0,150.0,156.0,163.0
1735.0,421.0,386.0,405.0,183.0,173.0,167.0
1471.0,353.0,335.0,335.0,150.0,147.0,151.0
1492.0,351.0,345.0,352.0,146.0,150.0,148.0
1606.0,390.0,376.0,373.0,150.0,168.0,149.0
1579.0,390.0,395.0,344.0,144.0,158.0,148.0
1522.0,355.0,361.0,335.0,153.0,160.0,158.0
1533.0,380.0,376.0,326.0,150.0,155.0,146.0
1469.0,347.0,359.0,316.0,135.0,156.0,156.0
1633.0,385.0,427.0,340.0,157.0,170.0,154.0
1485.0,334.0,354.0,343.0,150.0,156.0,148.0
1497.0,364.0,353.0,349.0,148.0,144.0,139.0
1490.0,374.0,366.0,298.0,144.0,165.0,143.0
1512.0,358.0,363.0,345.0,147.0,152.0,147.0
1459.0,360.0,329.0,321.0,153.0,153.0,143.0
1484.0,293.0,364.0,367.0,154.0,163.0,143.0
1581.0,364.0,363.0,363.0,153.0,179.0,159.0
1472.0,338.0,346.0,350.0,150.0,151.0,137.0
1433.0,333.0,328.0,347.0,139.0,142.0,144.0
1573.0,346.0,373.0,365.0,158.0,171.0,160.0
1535.0,354.0,371.0,358.0,147.0,163.0,142.0
1553.0,360.0,359.0,372.0,155.0,158.0,149.0
1614.0,369.0,379.0,385.0,174.0,156.0,151.0
1582.0,366.0,348.0,384.0,156.0,165.0,163.0
1678.0,402.0,354.0,410.0,173.0,181.0,158.0
1607.0,377.0,365.0,372.0,154.0,182.0,157.0
1695.0,409.0,382.0,394.0,167.0,184.0,159.0
1689.0,405.0,393.0,387.0,167.0,172.0,165.0
1853.0,433.0,434.0,427.0,188.0,184.0,187.0
1623.0,380.0,362.0,381.0,165.0,172.0,163.0
1763.0,402.0,396.0,429.0,185.0,175.0,176.0
1803.0,440.0,421.0,409.0,181.0,176.0,176.0
1822.0,434.0,399.0,423.0,183.0,196.0,187.0
1708.0,402.0,391.0,395.0,180.0,174.0,166.0
1622.0,377.0,391.0,374.0,161.0,159.0,160.0
1762.0,409.0,425.0,414.0,175.0,180.0,159.0
1833.0,430.0,428.0,434.0,180.0,175.0,186.0
1819.0,412.0,422.0,458.0,176.0,183.0,168.0
1706.0,399.0,399.0,396.0,179.0,169.0,164.0
1868.0,420.0,447.0,437.0,182.0,186.0,196.0
1680.0,391.0,371.0,400.0,182.0,168.0,168.0
1749.0,376.0,418.0,422.0,176.0,176.0,181.0
1837.0,416.0,448.0,419.0,190.0,184.0,180.0
1654.0,357.0,397.0,392.0,171.0,166.0,171.0
1849.0,419.0,444.0,427.0,189.0,190.0,180.0
1712.0,375.0,407.0,402.0,176.0,175.0,177.0
1711.0,391.0,395.0,409.0,180.0,159.0,177.0
1670.0,376.0,423.0,389.0,167.0,154.0,161.0
1802.0,417.0,431.0,410.0,186.0,176.0,182.0
1722.0,383.0,394.0,412.0,187.0,165.0,181.0
1807.0,423.0,442.0,405.0,187.0,164.0,186.0
1614.0,365.0,388.0,368.0,167.0,154.0,172.0
1847.0,419.0,416.0,444.0,187.0,187.0,194.0
1567.0,370.0,364.0,369.0,154.0,156.0,154.0
1610.0,405.0,378.0,357.0,157.0,154.0,159.0
1674.0,417.0,395.0,371.0,164.0,162.0,165.0
1402.0,345.0,278.0,341.0,146.0,138.0,154.0
1721.0,397.0,390.0,411.0,185.0,166.0,172.0
1566.0,379.0,353.0,355.0,164.0,152.0,163.0
1593.0,394.0,365.0,357.0,160.0,147.0,170.0
1605.0,402.0,361.0,373.0,156.0,144.0,169.0
1604.0,397.0,369.0,352.0,156.0,155.0,175.0
1556.0,354.0,355.0,380.0,134.0,154.0,179.0
1648.0,421.0,352.0,370.0,157.0,170.0,178.0
1602.0,372.0,378.0,364.0,164.0,158.0,166.0
1671.0,379.0,384.0,392.0,174.0,166.0,176.0
1478.0,360.0,340.0,345.0,133.0,152.0,148.0
1716.0,397.0,421.0,363.0,175.0,174.0,186.0
1560.0,348.0,376.0,367.0,151.0,155.0,163.0
1532.0,355.0,367.0,358.0,151.0,148.0,153.0
1733.0,408.0,397.0,394.0,162.0,183.0,189.0
1689.0,406.0,394.0,399.0,153.0,165.0,172.0
1622.0,366.0,385.0,374.0,152.0,170.0,175.0
1640.0,399.0,378.0,380.0,155.0,161.0,167.0
1664.0,391.0,421.0,376.0,155.0,154.0,167.0
1651.0,368.0,388.0,403.0,162.0,163.0,167.0
1751.0,395.0,420.0,413.0,176.0,172.0,175.0
1660.0,367.0,394.0,406.0,155.0,168.0,170.0
1844.0,431.0,445.0,428.0,180.0,182.0,178.0
1848.0,423.0,456.0,420.0,179.0,189.0,181.0
1895.0,425.0,436.0,475.0,189.0,190.0,180.0
1952.0,471.0,471.0,449.0,184.0,192.0,185.0
1860.0,440.0,481.0,409.0,172.0,187.0,171.0
1646.0,398.0,362.0,379.0,175.0,166.0,166.0
1842.0,445.0,424.0,430.0,182.0,188.0,173.0
1943.0,473.0,446.0,466.0,182.0,198.0,178.0
1684.0,390.0,403.0,386.0,159.0,182.0,164.0
1737.0,394.0,402.0,432.0,170.0,183.0,156.0
1817.0,432.0,404.0,450.0,182.0,192.0,157.0
2001.0,449.0,484.0,508.0,192.0,192.0,176.0
1823.0,418.0,409.0,453.0,190.0,193.0,160.0
1942.0,461.0,446.0,470.0,191.0,195.0,179.0
1828.0,405.0,419.0,443.0,187.0,187.0,187.0
1772.0,376.0,408.0,445.0,184.0,186.0,173.0
1767.0,396.0,418.0,418.0,184.0,186.0,165.0
1860.0,426.0,429.0,440.0,190.0,199.0,176.0
1892.0,415.0,448.0,452.0,202.0,202.0,173.0
1651.0,381.0,385.0,363.0,173.0,180.0,169.0
1762.0,396.0,424.0,404.0,175.0,176.0,187.0
1721.0,399.0,381.0,409.0,191.0,175.0,166.0
1851.0,420.0,444.0,422.0,195.0,184.0,186.0
1884.0,440.0,434.0,436.0,192.0,192.0,190.0
1873.0,443.0,429.0,444.0,183.0,191.0,183.0
1704.0,395.0,392.0,395.0,172.0,183.0,167.0
1875.0,448.0,433.0,429.0,192.0,189.0,184.0
1656.0,396.0,355.0,388.0,182.0,165.0,170.0
1730.0,425.0,394.0,374.0,184.0,179.0,174.0
1733.0,419.0,401.0,394.0,187.0,178.0,154.0
1843.0,477.0,430.0,394.0,190.0,178.0,174.0
1818.0,419.0,434.0,422.0,182.0,180.0,181.0
1593.0,393.0,376.0,345.0,163.0,158.0,158.0
1761.0,426.0,426.0,403.0,169.0,163.0,174.0
1780.0,417.0,416.0,403.0,184.0,176.0,184.0
1606.0,383.0,388.0,379.0,147.0,154.0,155.0
1644.0,375.0,410.0,368.0,157.0,158.0,176.0
1934.0,478.0,458.0,436.0,184.0,186.0,192.0
1781.0,398.0,420.0,432.0,165.0,172.0,194.0
1909.0,442.0,470.0,445.0,177.0,193.0,182.0
1633.0,360.0,395.0,373.0,172.0,159.0,174.0
1797.0,430.0,418.0,438.0,167.0,159.0,185.0
1936.0,423.0,475.0,469.0,188.0,193.0,188.0
1789.0,413.0,421.0,422.0,187.0,170.0,176.0
1792.0,400.0,407.0,438.0,172.0,171.0,204.0
1711.0,404.0,408.0,391.0,167.0,167.0,174.0
1838.0,420.0,417.0,442.0,184.0,182.0,193.0
1788.0,365.0,409.0,466.0,176.0,187.0,185.0
1750.0,399.0,386.0,432.0,170.0,172.0,191.0
1744.0,417.0,382.0,415.0,179.0,167.0,184.0
1809.0,413.0,410.0,448.0,174.0,174.0,190.0
1821.0,438.0,408.0,445.0,171.0,174.0,185.0
1903.0,454.0,438.0,462.0,174.0,186.0,189.0
1936.0,456.0,462.0,457.0,188.0,185.0,188.0
1846.0,428.0,427.0,452.0,171.0,178.0,190.0
1908.0,475.0,430.0,438.0,187.0,185.0,193.0
1951.0,485.0,420.0,471.0,192.0,174.0,209.0
1959.0,464.0,431.0,463.0,193.0,208.0,200.0
1989.0,501.0,442.0,473.0,177.0,193.0,203.0
2010.0,473.0,467.0,457.0,201.0,193.0,219.0
2051.0,469.0,474.0,495.0,212.0,200.0,201.0
2014.0,471.0,454.0,475.0,201.0,202.0,211.0
1857.0,453.0,423.0,429.0,187.0,181.0,184.0
1957.0,446.0,443.0,470.0,193.0,205.0,200.0
1863.0,458.0,407.0,426.0,187.0,187.0,198.0
1938.0,433.0,440.0,462.0,185.0,204.0,214.0
1946.0,459.0,456.0,439.0,199.0,196.0,197.0
2006.0,457.0,471.0,448.0,212.0,216.0,202.0
1871.0,425.0,446.0,426.0,193.0,191.0,190.0
1822.0,431.0,444.0,407.0,187.0,181.0,172.0
1842.0,389.0,467.0,421.0,179.0,187.0,199.0
1803.0,420.0,431.0,411.0,180.0,178.0,183.0
1902.0,437.0,460.0,423.0,182.0,195.0,205.0
1913.0,422.0,453.0,463.0,189.0,197.0,189.0
1855.0,438.0,418.0,418.0,198.0,195.0,188.0
1887.0,456.0,467.0,401.0,188.0,188.0,187.0
1787.0,428.0,434.0,381.0,183.0,182.0,179.0
1919.0,472.0,454.0,405.0,206.0,200.0,182.0
1805.0,444.0,418.0,409.0,188.0,181.0,165.0
1790.0,442.0,409.0,387.0,198.0,182.0,172.0
1913.0,456.0,438.0,434.0,198.0,204.0,183.0
1864.0,446.0,436.0,429.0,184.0,196.0,173.0
1876.0,444.0,466.0,420.0,180.0,195.0,171.0
1938.0,465.0,456.0,432.0,196.0,204.0,185.0
1715.0,408.0,418.0,371.0,174.0,171.0,173.0
1892.0,459.0,422.0,455.0,191.0,187.0,178.0
1869.0,455.0,426.0,427.0,189.0,187.0,185.0
1911.0,453.0,453.0,420.0,195.0,205.0,185.0
1859.0,424.0,432.0,450.0,191.0,183.0,179.0
1779.0,412.0,384.0,427.0,188.0,187.0,181.0
1778.0,402.0,398.0,428.0,193.0,189.0,168.0
1852.0,441.0,430.0,426.0,186.0,188.0,181.0
1797.0,404.0,425.0,419.0,187.0,183.0,179.0
1792.0,424.0,399.0,439.0,171.0,184.0,175.0
1840.0,408.0,414.0,452.0,190.0,188.0,188.0
1855.0,402.0,410.0,479.0,191.0,186.0,187.0
1800.0,397.0,413.0,459.0,180.0,176.0,175.0
1899.0,456.0,431.0,441.0,186.0,193.0,192.0
1938.0,457.0,472.0,455.0,193.0,189.0,172.0
1921.0,444.0,465.0,462.0,190.0,179.0,181.0
1815.0,410.0,429.0,438.0,176.0,188.0,174.0
1861.0,422.0,448.0,458.0,187.0,177.0,169.0
1973.0,450.0,468.0,495.0,185.0,192.0,183.0
1948.0,460.0,467.0,457.0,190.0,184.0,190.0
1913.0,422.0,471.0,462.0,182.0,189.0,187.0
1858.0,431.0,455.0,423.0,181.0,186.0,182.0
1971.0,468.0,470.0,462.0,194.0,182.0,195.0
2181.0,537.0,503.0,519.0,212.0,200.0,210.0
1910.0,454.0,447.0,468.0,183.0,178.0,180.0
2136.0,517.0,499.0,494.0,203.0,209.0,214.0
2135.0,497.0,524.0,490.0,202.0,206.0,216.0
1945.0,466.0,463.0,449.0,187.0,184.0,196.0
2012.0,436.0,497.0,481.0,201.0,194.0,203.0
2091.0,497.0,515.0,477.0,199.0,199.0,204.0
2115.0,504.0,496.0,493.0,204.0,201.0,217.0
2014.0,482.0,480.0,465.0,192.0,186.0,209.0
2166.0,505.0,509.0,495.0,216.0,211.0,230.0
1981.0,472.0,478.0,436.0,193.0,197.0,205.0
1909.0,433.0,453.0,448.0,195.0,185.0,195.0
2069.0,454.0,508.0,483.0,209.0,203.0,212.0
1988.0,454.0,479.0,451.0,204.0,199.0,201.0
1941.0,447.0,443.0,448.0,207.0,194.0,202.0
2098.0,499.0,467.0,494.0,212.0,215.0,211.0
2067.0,471.0,507.0,464.0,206.0,205.0,214.0
1944.0,436.0,457.0,452.0,203.0,197.0,199.0
1966.0,454.0,441.0,464.0,210.0,192.0,205.0
1954.0,451.0,453.0,456.0,207.0,185.0,202.0
2058.0,481.0,469.0,476.0,225.0,194.0,213.0
2013.0,479.0,452.0,483.0,197.0,193.0,209.0
1943.0,439.0,438.0,455.0,207.0,198.0,206.0
1948.0,459.0,442.0,456.0,191.0,198.0,202.0
1978.0,490.0,438.0,459.0,196.0,203.0,192.0
2040.0,462.0,463.0,490.0,217.0,198.0,210.0
1910.0,449.0,435.0,459.0,185.0,183.0,199.0
1982.0,484.0,437.0,456.0,204.0,198.0,203.0
2055.0,484.0,464.0,498.0,201.0,205.0,203.0
1881.0,433.0,429.0,446.0,193.0,182.0,198.0
2040.0,477.0,470.0,480.0,205.0,191.0,217.0
2025.0,491.0,466.0,449.0,213.0,201.0,205.0
2026.0,467.0,472.0,490.0,192.0,207.0,198.0
1876.0,432.0,435.0,430.0,188.0,197.0,194.0
1989.0,458.0,452.0,497.0,192.0,198.0,192.0
1920.0,450.0,436.0,452.0,185.0,198.0,199.0
1972.0,431.0,459.0,487.0,211.0,186.0,198.0
1873.0,413.0,423.0,459.0,184.0,208.0,186.0
2086.0,468.0,506.0,479.0,209.0,212.0,212.0
1938.0,432.0,443.0,464.0,191.0,200.0,208.0
1900.0,420.0,455.0,462.0,180.0,197.0,186.0
1870.0,425.0,431.0,451.0,186.0,197.0,180.0
2052.0,445.0,484.0,503.0,199.0,211.0,210.0
2125.0,499.0,495.0,491.0,206.0,209.0,225.0
1987.0,470.0,472.0,445.0,199.0,205.0,196.0
2084.0,456.0,503.0,501.0,204.0,206.0,214.0
2031.0,468.0,460.0,468.0,200.0,220.0,215.0
2004.0,476.0,491.0,446.0,195.0,199.0,197.0
1984.0,462.0,456.0,460.0,199.0,217.0,190.0
2051.0,473.0,473.0,485.0,198.0,219.0,203.0
2161.0,509.0,508.0,497.0,211.0,225.0,211.0
2078.0,515.0,483.0,475.0,195.0,211.0,199.0
2207.0,533.0,504.0,519.0,216.0,226.0,209.0
2217.0,563.0,498.0,513.0,210.0,216.0,217.0
2136.0,517.0,478.0,509.0,205.0,214.0,213.0
2084.0,504.0,500.0,473.0,195.0,215.0,197.0
2122.0,531.0,461.0,501.0,209.0,211.0,209.0
2126.0,514.0,495.0,492.0,201.0,213.0,211.0
1952.0,479.0,430.0,444.0,212.0,200.0,187.0
1953.0,472.0,450.0,445.0,197.0,196.0,193.0
1965.0,492.0,458.0,449.0,193.0,174.0,199.0
2132.0,515.0,480.0,489.0,217.0,223.0,208.0
2084.0,491.0,488.0,482.0,212.0,210.0,201.0
2093.0,479.0,499.0,476.0,216.0,210.0,213.0
2023.0,482.0,467.0,463.0,204.0,205.0,202.0
2038.0,453.0,504.0,457.0,215.0,205.0,204.0
2174.0,485.0,521.0,514.0,217.0,223.0,214.0
2047.0,464.0,507.0,468.0,197.0,208.0,203.0
2009.0,474.0,454.0,469.0,207.0,211.0,194.0
2052.0,478.0,493.0,471.0,205.0,197.0,208.0
1977.0,462.0,475.0,465.0,195.0,190.0,190.0
2059.0,496.0,499.0,466.0,211.0,198.0,189.0
2050.0,462.0,513.0,484.0,205.0,187.0,199.0
2130.0,495.0,522.0,501.0,205.0,206.0,201.0
2157.0,497.0,524.0,510.0,214.0,204.0,208.0
2162.0,516.0,524.0,496.0,221.0,200.0,205.0
2150.0,507.0,506.0,503.0,218.0,212.0,204.0
2154.0,516.0,500.0,513.0,207.0,212.0,206.0
2004.0,471.0,471.0,459.0,204.0,199.0,200.0
2168.0,523.0,498.0,501.0,221.0,214.0,211.0
2116.0,506.0,512.0,480.0,211.0,207.0,200.0
2047.0,465.0,492.0,490.0,200.0,197.0,203.0
2128.0,498.0,495.0,511.0,219.0,207.0,198.0
2082.0,488.0,482.0,507.0,209.0,199.0,197.0
1989.0,446.0,458.0,483.0,212.0,198.0,192.0
2026.0,491.0,466.0,464.0,197.0,201.0,207.0
2010.0,459.0,459.0,497.0,210.0,190.0,195.0
2093.0,467.0,487.0,516.0,220.0,202.0,201.0
2066.0,469.0,484.0,492.0,210.0,198.0,213.0
1997.0,464.0,438.0,475.0,209.0,203.0,208.0
1925.0,459.0,438.0,457.0,191.0,189.0,191.0
1997.0,453.0,459.0,469.0,210.0,198.0,208.0
1935.0,443.0,441.0,461.0,200.0,191.0,199.0
2012.0,474.0,436.0,475.0,210.0,210.0,207.0
2082.0,477.0,471.0,492.0,220.0,215.0,207.0
2038.0,480.0,456.0,483.0,201.0,203.0,215.0
1939.0,441.0,451.0,445.0,203.0,198.0,201.0
2043.0,486.0,473.0,463.0,201.0,215.0,205.0
2211.0,513.0,516.0,512.0,210.0,234.0,226.0
2153.0,514.0,510.0,496.0,207.0,211.0,215.0
2116.0,489.0,499.0,485.0,205.0,213.0,225.0
2195.0,518.0,526.0,476.0,226.0,220.0,229.0
2218.0,534.0,515.0,492.0,227.0,230.0,220.0
2190.0,522.0,498.0,501.0,217.0,230.0,222.0
2113.0,496.0,481.0,491.0,212.0,210.0,223.0
2129.0,507.0,495.0,484.0,212.0,217.0,214.0
2202.0,518.0,515.0,506.0,219.0,217.0,227.0
2365.0,570.0,570.0,520.0,229.0,246.0,230.0
2290.0,525.0,543.0,517.0,234.0,237.0,234.0
2232.0,535.0,521.0,502.0,212.0,229.0,233.0
2335.0,554.0,530.0,538.0,226.0,245.0,242.0
2358.0,541.0,594.0,539.0,219.0,223.0,242.0
2136.0,481.0,508.0,527.0,198.0,218.0,204.0
2450.0,555.0,602.0,550.0,243.0,253.0,247.0
2240.0,511.0,537.0,550.0,206.0,216.0,220.0
2259.0,499.0,566.0,505.0,224.0,234.0,231.0
2155.0,498.0,512.0,495.0,209.0,221.0,220.0
2218.0,498.0,510.0,521.0,228.0,226.0,235.0
2232.0,504.0,517.0,534.0,229.0,230.0,218.0
2231.0,502.0,519.0,525.0,226.0,232.0,227.0
2238.0,500.0,528.0,526.0,227.0,228.0,229.0
2197.0,511.0,524.0,500.0,220.0,222.0,220.0
2058.0,475.0,477.0,480.0,211.0,202.0,213.0
2317.0,516.0,564.0,554.0,231.0,227.0,225.0
2111.0,491.0,501.0,482.0,212.0,208.0,217.0
2103.0,480.0,502.0,491.0,214.0,213.0,203.0
2185.0,511.0,473.0,521.0,228.0,222.0,230.0
2154.0,490.0,504.0,534.0,207.0,210.0,209.0
2090.0,484.0,456.0,516.0,212.0,210.0,212.0
2268.0,538.0,516.0,542.0,225.0,226.0,221.0
2259.0,568.0,501.0,542.0,218.0,219.0,211.0
2026.0,495.0,440.0,493.0,205.0,190.0,203.0
2097.0,514.0,459.0,506.0,209.0,210.0,199.0
2209.0,538.0,512.0,516.0,219.0,214.0,210.0
2079.0,512.0,464.0,486.0,215.0,204.0,198.0
2224.0,514.0,521.0,523.0,231.0,220.0,215.0
2056.0,479.0,462.0,496.0,219.0,209.0,191.0
2179.0,517.0,506.0,509.0,227.0,205.0,215.0
2175.0,513.0,499.0,527.0,222.0,207.0,207.0
2093.0,484.0,501.0,489.0,215.0,198.0,206.0
2050.0,476.0,487.0,487.0,202.0,197.0,201.0
2125.0,491.0,490.0,514.0,216.0,198.0,216.0
2201.0,492.0,526.0,505.0,224.0,224.0,230.0
2246.0,479.0,554.0,537.0,233.0,225.0,218.0
2086.0,465.0,498.0,499.0,208.0,206.0,210.0
2126.0,487.0,505.0,501.0,226.0,208.0,199.0
2143.0,501.0,500.0,493.0,226.0,212.0,211.0
2248.0,530.0,544.0,499.0,242.0,231.0,202.0
2220.0,512.0,526.0,524.0,232.0,214.0,212.0
2196.0,522.0,518.0,504.0,228.0,212.0,212.0
2228.0,522.0,516.0,524.0,230.0,217.0,219.0
2153.0,491.0,528.0,484.0,226.0,209.0,215.0
2171.0,496.0,528.0,499.0,216.0,213.0,219.0
2163.0,515.0,532.0,486.0,214.0,215.0,201.0
2276.0,520.0,543.0,544.0,225.0,222.0,222.0
2216.0,533.0,533.0,490.0,225.0,224.0,211.0
2194.0,537.0,504.0,500.0,228.0,218.0,207.0
2359.0,539.0,545.0,567.0,235.0,238.0,235.0
2341.0,560.0,520.0,558.0,244.0,237.0,222.0
2468.0,605.0,570.0,560.0,239.0,258.0,236.0
2229.0,542.0,503.0,515.0,215.0,232.0,222.0
2306.0,553.0,528.0,543.0,223.0,225.0,234.0
2387.0,574.0,545.0,554.0,232.0,240.0,242.0
2360.0,574.0,540.0,555.0,217.0,237.0,237.0
2279.0,539.0,521.0,529.0,225.0,235.0,230.0
2448.0,585.0,548.0,583.0,242.0,245.0,245.0
2300.0,524.0,551.0,521.0,231.0,226.0,247.0
2210.0,502.0,525.0,498.0,214.0,234.0,237.0
2361.0,545.0,544.0,558.0,231.0,232.0,251.0
2304.0,528.0,521.0,562.0,224.0,235.0,234.0
2443.0,552.0,569.0,578.0,236.0,253.0,255.0
2271.0,510.0,508.0,559.0,220.0,223.0,251.0
2193.0,468.0,521.0,546.0,205.0,226.0,227.0
2436.0,562.0,560.0,581.0,230.0,251.0,252.0
2293.0,507.0,529.0,550.0,232.0,239.0,236.0
2479.0,563.0,595.0,566.0,252.0,253.0,250.0
2309.0,546.0,547.0,533.0,223.0,238.0,222.0
2347.0,540.0,558.0,546.0,232.0,241.0,230.0
2488.0,572.0,578.0,589.0,233.0,253.0,263.0
2255.0,547.0,507.0,524.0,218.0,231.0,228.0
2251.0,531.0,537.0,521.0,228.0,220.0,214.0
2398.0,570.0,553.0,574.0,227.0,238.0,236.0
2204.0,518.0,521.0,519.0,211.0,212.0,223.0
2319.0,555.0,511.0,556.0,223.0,238.0,236.0
2287.0,528.0,522.0,559.0,218.0,232.0,228.0
2172.0,513.0,493.0,509.0,207.0,219.0,231.0
2317.0,544.0,538.0,540.0,234.0,235.0,226.0
2188.0,506.0,518.0,520.0,207.0,218.0,219.0
2257.0,543.0,509.0,517.0,225.0,231.0,232.0
2309.0,567.0,538.0,501.0,230.0,245.0,228.0
2231.0,493.0,515.0,546.0,226.0,225.0,226.0
2137.0,484.0,470.0,531.0,223.0,212.0,217.0
2182.0,517.0,521.0,496.0,215.0,229.0,204.0
2320.0,521.0,566.0,549.0,231.0,227.0,226.0
2176.0,518.0,504.0,469.0,236.0,220.0,229.0
2309.0,511.0,548.0,548.0,233.0,249.0,220.0
2360.0,545.0,550.0,548.0,256.0,225.0,236.0
2268.0,525.0,529.0,510.0,237.0,218.0,249.0
2355.0,542.0,578.0,523.0,230.0,239.0,243.0
2246.0,527.0,505.0,518.0,236.0,229.0,231.0
2380.0,536.0,562.0,564.0,250.0,224.0,244.0
2213.0,510.0,499.0,532.0,233.0,216.0,223.0
2334.0,566.0,516.0,534.0,244.0,239.0,235.0
2431.0,572.0,563.0,569.0,247.0,236.0,244.0
2183.0,523.0,487.0,499.0,228.0,223.0,223.0
2329.0,556.0,534.0,526.0,241.0,234.0,238.0
2276.0,552.0,514.0,527.0,241.0,218.0,224.0
2346.0,543.0,539.0,553.0,244.0,230.0,237.0
2341.0,552.0,531.0,541.0,239.0,239.0,239.0
2423.0,596.0,559.0,550.0,253.0,238.0,227.0
2379.0,576.0,538.0,547.0,234.0,240.0,244.0
2497.0,602.0,570.0,574.0,254.0,240.0,257.0
2340.0,558.0,547.0,524.0,246.0,229.0,236.0
2510.0,604.0,556.0,599.0,260.0,248.0,243.0
2392.0,574.0,544.0,568.0,239.0,235.0,232.0
2411.0,570.0,556.0,571.0,241.0,231.0,242.0
2458.0,582.0,545.0,607.0,239.0,242.0,243.0
2532.0,564.0,626.0,605.0,256.0,247.0,234.0
2444.0,534.0,596.0,605.0,231.0,245.0,233.0
2587.0,579.0,625.0,614.0,259.0,256.0,254.0
2603.0,607.0,635.0,606.0,250.0,252.0,253.0
2397.0,568.0,544.0,583.0,241.0,226.0,235.0
2398.0,538.0,584.0,550.0,242.0,242.0,242.0
2436.0,557.0,568.0,577.0,247.0,237.0,250.0
2476.0,573.0,591.0,582.0,244.0,246.0,240.0
2343.0,536.0,563.0,552.0,234.0,228.0,230.0
2365.0,531.0,547.0,590.0,229.0,239.0,229.0
2408.0,572.0,579.0,553.0,231.0,237.0,236.0
2445.0,569.0,590.0,587.0,227.0,245.0,227.0
2405.0,532.0,579.0,572.0,237.0,252.0,233.0
2363.0,549.0,555.0,556.0,231.0,239.0,233.0
2349.0,548.0,541.0,569.0,228.0,231.0,232.0
2537.0,614.0,572.0,601.0,249.0,256.0,245.0
2422.0,576.0,554.0,584.0,228.0,247.0,233.0
2356.0,556.0,554.0,550.0,229.0,242.0,225.0
2315.0,555.0,535.0,550.0,209.0,242.0,224.0
2340.0,560.0,552.0,530.0,226.0,237.0,235.0
2339.0,563.0,542.0,524.0,236.0,244.0,230.0
2323.0,556.0,520.0,533.0,241.0,238.0,235.0
2335.0,572.0,534.0,530.0,238.0,234.0,227.0
2364.0,548.0,550.0,551.0,239.0,252.0,224.0
2252.0,528.0,507.0,523.0,238.0,223.0,233.0
2379.0,534.0,559.0,565.0,235.0,252.0,234.0
2338.0,551.0,545.0,525.0,242.0,244.0,231.0
2516.0,593.0,567.0,575.0,262.0,264.0,255.0
2372.0,555.0,560.0,537.0,237.0,247.0,236.0
2483.0,576.0,582.0,574.0,247.0,251.0,253.0
2368.0,554.0,538.0,552.0,238.0,240.0,246.0
2388.0,549.0,556.0,559.0,239.0,246.0,239.0
2405.0,561.0,581.0,534.0,242.0,241.0,246.0
2400.0,545.0,568.0,562.0,236.0,248.0,241.0
2367.0,554.0,566.0,530.0,242.0,233.0,242.0
2502.0,572.0,588.0,584.0,245.0,263.0,250.0
2456.0,553.0,573.0,558.0,254.0,249.0,269.0
2506.0,582.0,587.0,569.0,253.0,248.0,267.0
2553.0,614.0,568.0,573.0,267.0,261.0,270.0
2473.0,568.0,598.0,560.0,255.0,247.0,245.0
2479.0,578.0,610.0,548.0,235.0,256.0,252.0
2462.0,560.0,582.0,580.0,255.0,238.0,247.0
2541.0,594.0,595.0,587.0,250.0,251.0,264.0
2543.0,600.0,590.0,592.0,253.0,250.0,258.0
2574.0,596.0,612.0,565.0,266.0,259.0,276.0
2548.0,594.0,626.0,575.0,253.0,245.0,255.0
2512.0,572.0,602.0,594.0,249.0,236.0,259.0
2518.0,588.0,590.0,581.0,258.0,241.0,260.0
2636.0,605.0,613.0,611.0,266.0,271.0,270.0
2486.0,571.0,586.0,592.0,254.0,239.0,244.0
2496.0,559.0,610.0,581.0,249.0,237.0,260.0
2469.0,592.0,556.0,576.0,248.0,248.0,249.0
2579.0,611.0,591.0,607.0,262.0,250.0,258.0
2673.0,596.0,617.0,651.0,260.0,266.0,283.0
2663.0,609.0,617.0,632.0,269.0,262.0,274.0
2706.0,606.0,622.0,662.0,264.0,262.0,290.0
2543.0,569.0,611.0,586.0,271.0,247.0,259.0
2522.0,559.0,592.0,617.0,250.0,245.0,259.0
2447.0,573.0,536.0,600.0,244.0,244.0,250.0
2572.0,593.0,576.0,600.0,267.0,260.0,276.0
2497.0,588.0,574.0,602.0,245.0,242.0,246.0
2492.0,590.0,578.0,590.0,249.0,236.0,249.0
2540.0,611.0,589.0,592.0,257.0,250.0,241.0
2514.0,564.0,573.0,621.0,251.0,250.0,255.0
2639.0,642.0,601.0,625.0,257.0,257.0,257.0
2459.0,604.0,555.0,573.0,244.0,236.0,247.0
2428.0,590.0,552.0,559.0,235.0,244.0,248.0
2508.0,624.0,573.0,585.0,240.0,245.0,241.0
2503.0,599.0,598.0,572.0,253.0,235.0,246.0
2537.0,623.0,578.0,598.0,239.0,250.0,249.0
2559.0,596.0,613.0,601.0,248.0,249.0,252.0
2542.0,624.0,594.0,585.0,245.0,248.0,246.0
2488.0,599.0,578.0,565.0,240.0,249.0,257.0
2394.0,567.0,583.0,531.0,238.0,243.0,232.0
2650.0,654.0,619.0,603.0,256.0,262.0,256.0
2542.0,596.0,610.0,592.0,246.0,247.0,251.0
2376.0,568.0,576.0,507.0,246.0,245.0,234.0
2403.0,563.0,578.0,550.0,240.0,236.0,236.0
2411.0,549.0,576.0,554.0,234.0,254.0,244.0
2470.0,587.0,609.0,531.0,248.0,256.0,239.0
2367.0,558.0,558.0,546.0,235.0,242.0,228.0
2559.0,590.0,629.0,563.0,253.0,257.0,267.0
2420.0,520.0,594.0,564.0,250.0,251.0,241.0
2469.0,572.0,592.0,584.0,243.0,245.0,233.0
2405.0,550.0,582.0,539.0,245.0,247.0,242.0
2440.0,551.0,591.0,559.0,262.0,243.0,234.0
2483.0,577.0,601.0,568.0,248.0,255.0,234.0
2570.0,594.0,608.0,581.0,275.0,260.0,252.0
2549.0,578.0,601.0,573.0,274.0,275.0,248.0
2526.0,615.0,580.0,580.0,255.0,247.0,249.0
2520.0,571.0,605.0,572.0,264.0,261.0,247.0
2653.0,594.0,631.0,623.0,264.0,278.0,263.0
2612.0,599.0,620.0,593.0,273.0,265.0,262.0
2498.0,604.0,555.0,594.0,254.0,251.0,240.0
2660.0,622.0,620.0,618.0,270.0,271.0,259.0
2567.0,609.0,581.0,586.0,265.0,276.0,250.0
2485.0,585.0,569.0,570.0,255.0,260.0,246.0
2552.0,595.0,584.0,611.0,258.0,255.0,249.0
2653.0,620.0,601.0,627.0,270.0,273.0,262.0
2588.0,596.0,591.0,627.0,267.0,253.0,254.0
2810.0,662.0,642.0,665.0,276.0,283.0,282.0
2567.0,619.0,583.0,602.0,247.0,259.0,257.0
2727.0,612.0,620.0,660.0,285.0,272.0,278.0
2604.0,617.0,594.0,614.0,258.0,269.0,252.0
2751.0,630.0,659.0,627.0,270.0,286.0,279.0
2597.0,589.0,602.0,636.0,257.0,256.0,257.0
2670.0,598.0,626.0,649.0,269.0,267.0,261.0
2634.0,589.0,625.0,623.0,266.0,268.0,263.0
2706.0,599.0,657.0,633.0,281.0,268.0,268.0
2754.0,625.0,641.0,656.0,282.0,278.0,272.0
2717.0,607.0,660.0,636.0,272.0,275.0,267.0
2703.0,621.0,660.0,631.0,265.0,263.0,263.0
2532.0,573.0,605.0,601.0,250.0,248.0,255.0
2613.0,611.0,625.0,600.0,259.0,252.0,266.0
2649.0,606.0,642.0,607.0,260.0,264.0,270.0
2486.0,576.0,586.0,586.0,243.0,237.0,258.0
2671.0,616.0,634.0,627.0,264.0,254.0,276.0
2569.0,598.0,627.0,585.0,254.0,251.0,254.0
2641.0,620.0,639.0,597.0,259.0,261.0,265.0
2544.0,623.0,581.0,594.0,253.0,243.0,250.0
2504.0,609.0,581.0,571.0,239.0,252.0,252.0
2561.0,620.0,607.0,567.0,249.0,256.0,262.0
2636.0,645.0,599.0,597.0,259.0,260.0,276.0
2489.0,607.0,571.0,552.0,247.0,249.0,263.0
2603.0,628.0,584.0,601.0,257.0,264.0,269.0
2600.0,619.0,619.0,585.0,251.0,249.0,277.0
2459.0,598.0,577.0,540.0,245.0,236.0,263.0
2552.0,606.0,561.0,610.0,256.0,249.0,270.0
2593.0,630.0,613.0,590.0,241.0,242.0,277.0
2576.0,618.0,598.0,586.0,251.0,253.0,270.0
2697.0,644.0,613.0,614.0,260.0,277.0,289.0
2440.0,560.0,551.0,566.0,257.0,249.0,257.0
2537.0,589.0,598.0,581.0,251.0,260.0,258.0
2489.0,569.0,569.0,600.0,241.0,246.0,264.0
2447.0,568.0,571.0,575.0,237.0,245.0,251.0
2461.0,561.0,555.0,589.0,254.0,251.0,251.0
2493.0,580.0,551.0,599.0,251.0,255.0,257.0
2621.0,596.0,620.0,607.0,264.0,267.0,267.0
2602.0,600.0,588.0,612.0,270.0,255.0,277.0
2511.0,578.0,579.0,579.0,261.0,261.0,253.0
2421.0,564.0,564.0,565.0,239.0,239.0,250.0
2830.0,668.0,668.0,660.0,281.0,270.0,283.0
2644.0,600.0,607.0,637.0,272.0,256.0,272.0
2650.0,614.0,623.0,633.0,267.0,256.0,257.0
2755.0,631.0,660.0,650.0,276.0,268.0,270.0
2608.0,616.0,614.0,604.0,255.0,254.0,265.0
2817.0,660.0,650.0,660.0,275.0,300.0,272.0
2908.0,680.0,696.0,682.0,287.0,288.0,275.0
2771.0,638.0,639.0,670.0,283.0,279.0,262.0
2863.0,674.0,667.0,667.0,290.0,289.0,276.0
2811.0,648.0,672.0,675.0,276.0,277.0,263.0
2866.0,664.0,665.0,691.0,282.0,296.0,268.0
2838.0,671.0,653.0,649.0,294.0,289.0,282.0
2845.0,652.0,689.0,666.0,283.0,286.0,269.0
2834.0,638.0,669.0,671.0,283.0,294.0,279.0
2657.0,623.0,642.0,608.0,269.0,269.0,246.0
2701.0,630.0,631.0,630.0,273.0,271.0,266.0
2840.0,664.0,686.0,650.0,284.0,291.0,265.0
2843.0,679.0,649.0,662.0,296.0,290.0,267.0
2699.0,616.0,629.0,630.0,283.0,271.0,270.0
2682.0,629.0,623.0,619.0,278.0,268.0,265.0
2703.0,616.0,640.0,635.0,277.0,280.0,255.0
2772.0,644.0,625.0,664.0,290.0,284.0,265.0
2659.0,612.0,625.0,621.0,271.0,271.0,259.0
2720.0,632.0,623.0,638.0,274.0,283.0,270.0
2644.0,613.0,591.0,620.0,274.0,277.0,269.0
2710.0,633.0,635.0,612.0,279.0,283.0,268.0
2722.0,646.0,604.0,642.0,278.0,295.0,257.0
2680.0,640.0,625.0,607.0,262.0,281.0,265.0
2724.0,669.0,611.0,621.0,271.0,286.0,266.0
2601.0,609.0,606.0,605.0,251.0,278.0,252.0
2652.0,613.0,625.0,636.0,262.0,256.0,260.0
2697.0,639.0,670.0,572.0,269.0,280.0,267.0
2587.0,630.0,562.0,609.0,254.0,268.0,264.0
2627.0,644.0,603.0,594.0,259.0,262.0,265.0
2820.0,669.0,676.0,641.0,267.0,289.0,278.0
2787.0,682.0,630.0,651.0,273.0,274.0,277.0
2621.0,645.0,612.0,583.0,257.0,268.0,256.0
2719.0,649.0,637.0,621.0,271.0,267.0,274.0
2626.0,616.0,610.0,614.0,269.0,259.0,258.0
2621.0,605.0,643.0,592.0,252.0,252.0,277.0
2799.0,654.0,668.0,634.0,274.0,277.0,292.0
2728.0,633.0,644.0,637.0,267.0,269.0,278.0
2564.0,574.0,638.0,587.0,256.0,250.0,259.0
2688.0,611.0,634.0,632.0,264.0,263.0,284.0
2764.0,631.0,662.0,656.0,260.0,271.0,284.0
2538.0,581.0,610.0,589.0,241.0,249.0,268.0
2795.0,626.0,688.0,657.0,271.0,270.0,283.0
2576.0,597.0,610.0,604.0,251.0,249.0,265.0
2708.0,612.0,628.0,654.0,274.0,262.0,278.0
2773.0,628.0,670.0,654.0,272.0,273.0,276.0
2598.0,608.0,606.0,617.0,253.0,254.0,260.0
2840.0,649.0,658.0,679.0,293.0,275.0,286.0
2812.0,640.0,652.0,680.0,275.0,274.0,291.0
2864.0,674.0,663.0,682.0,281.0,282.0,282.0
2839.0,666.0,638.0,695.0,281.0,267.0,292.0
2748.0,648.0,635.0,647.0,266.0,270.0,282.0
2891.0,678.0,650.0,698.0,293.0,281.0,291.0
2870.0,679.0,652.0,684.0,283.0,277.0,295.0
2876.0,685.0,642.0,687.0,291.0,271.0,300.0
2834.0,665.0,641.0,686.0,279.0,274.0,289.0
2950.0,689.0,692.0,692.0,306.0,281.0,290.0
2887.0,673.0,651.0,699.0,280.0,287.0,297.0
2916.0,678.0,665.0,691.0,293.0,290.0,299.0
2794.0,641.0,660.0,650.0,293.0,267.0,283.0
2842.0,660.0,664.0,667.0,296.0,268.0,287.0
2819.0,681.0,652.0,648.0,288.0,268.0,282.0
2796.0,653.0,646.0,632.0,285.0,286.0,294.0
2824.0,660.0,656.0,668.0,289.0,270.0,281.0
2794.0,649.0,638.0,646.0,286.0,289.0,286.0
2808.0,636.0,679.0,647.0,278.0,291.0,277.0
2902.0,684.0,672.0,661.0,296.0,298.0,291.0
2836.0,665.0,641.0,638.0,291.0,292.0,309.0
2740.0,603.0,680.0,625.0,282.0,277.0,273.0
2911.0,678.0,670.0,684.0,298.0,276.0,305.0
2781.0,630.0,670.0,634.0,286.0,275.0,286.0
3022.0,680.0,715.0,683.0,308.0,327.0,309.0
2954.0,684.0,708.0,660.0,303.0,296.0,303.0
2843.0,656.0,666.0,657.0,292.0,287.0,285.0
2873.0,681.0,671.0,661.0,294.0,283.0,283.0
2863.0,671.0,673.0,672.0,278.0,282.0,287.0
2820.0,628.0,708.0,630.0,293.0,276.0,285.0
2853.0,658.0,680.0,657.0,280.0,302.0,276.0
2674.0,635.0,635.0,588.0,268.0,279.0,269.0
2781.0,649.0,664.0,638.0,274.0,282.0,274.0
2757.0,639.0,657.0,630.0,273.0,282.0,276.0
2823.0,667.0,680.0,657.0,270.0,277.0,272.0
2863.0,683.0,673.0,648.0,283.0,288.0,288.0
2797.0,657.0,657.0,639.0,278.0,289.0,277.0
2681.0,647.0,630.0,610.0,262.0,272.0,260.0
2727.0,640.0,636.0,617.0,285.0,275.0,274.0
2717.0,625.0,653.0,629.0,263.0,280.0,267.0
2630.0,607.0,629.0,608.0,265.0,267.0,254.0
2809.0,657.0,661.0,651.0,283.0,285.0,272.0
2784.0,646.0,672.0,635.0,277.0,292.0,262.0
2768.0,638.0,634.0,673.0,268.0,271.0,284.0
2753.0,618.0,652.0,662.0,278.0,284.0,259.0
2838.0,647.0,658.0,692.0,287.0,282.0,272.0
2770.0,621.0,631.0,665.0,270.0,303.0,280.0
2693.0,609.0,616.0,654.0,267.0,282.0,265.0
2839.0,657.0,655.0,662.0,286.0,294.0,285.0
2880.0,647.0,668.0,689.0,298.0,301.0,277.0
2919.0,681.0,682.0,671.0,289.0,299.0,297.0
2834.0,686.0,659.0,653.0,275.0,278.0,283.0
2748.0,638.0,629.0,656.0,265.0,281.0,279.0
2752.0,625.0,649.0,655.0,272.0,278.0,273.0
2779.0,643.0,641.0,664.0,282.0,284.0,265.0
2799.0,639.0,656.0,676.0,280.0,276.0,272.0
2889.0,676.0,667.0,683.0,288.0,295.0,280.0
2982.0,692.0,701.0,731.0,280.0,290.0,288.0
2872.0,686.0,689.0,666.0,285.0,268.0,278.0
2791.0,653.0,649.0,676.0,264.0,276.0,273.0
2890.0,685.0,683.0,669.0,294.0,272.0,287.0
3094.0,749.0,727.0,717.0,307.0,297.0,297.0
3148.0,764.0,728.0,739.0,309.0,303.0,305.0
3107.0,717.0,737.0,730.0,312.0,309.0,302.0
2947.0,692.0,710.0,680.0,289.0,284.0,292.0
2795.0,660.0,668.0,643.0,274.0,278.0,272.0
2978.0,662.0,714.0,707.0,297.0,298.0,300.0
3025.0,700.0,721.0,701.0,301.0,298.0,304.0
3014.0,703.0,705.0,679.0,314.0,309.0,304.0
2951.0,681.0,699.0,678.0,306.0,289.0,298.0
2985.0,675.0,722.0,693.0,305.0,285.0,305.0
2995.0,682.0,724.0,676.0,313.0,298.0,302.0
2892.0,645.0,707.0,666.0,303.0,285.0,286.0
2955.0,691.0,709.0,662.0,300.0,296.0,297.0
2936.0,668.0,685.0,685.0,306.0,283.0,309.0
2766.0,626.0,637.0,662.0,282.0,274.0,285.0
2881.0,660.0,684.0,672.0,300.0,273.0,292.0
3005.0,713.0,706.0,684.0,312.0,289.0,301.0
3017.0,673.0,698.0,693.0,325.0,310.0,318.0
2948.0,684.0,681.0,679.0,311.0,290.0,303.0
2909.0,694.0,673.0,676.0,293.0,290.0,283.0
2962.0,688.0,685.0,689.0,302.0,298.0,300.0
2876.0,664.0,653.0,681.0,292.0,283.0,303.0
2939.0,695.0,664.0,679.0,298.0,292.0,311.0
2823.0,672.0,649.0,647.0,292.0,277.0,286.0
2890.0,683.0,668.0,650.0,304.0,290.0,295.0
2794.0,649.0,654.0,661.0,279.0,269.0,282.0
2950.0,687.0,676.0,703.0,296.0,285.0,303.0
3032.0,716.0,694.0,720.0,295.0,294.0,313.0
2860.0,651.0,672.0,690.0,283.0,287.0,277.0
2934.0,661.0,668.0,717.0,297.0,296.0,295.0
2896.0,661.0,682.0,690.0,290.0,285.0,288.0
2767.0,652.0,634.0,636.0,282.0,270.0,293.0
2967.0,677.0,698.0,695.0,295.0,298.0,304.0
2796.0,648.0,628.0,683.0,273.0,281.0,283.0
2797.0,643.0,661.0,657.0,268.0,282.0,286.0
2877.0,668.0,658.0,695.0,282.0,278.0,296.0
2938.0,700.0,679.0,701.0,282.0,285.0,291.0
2922.0,669.0,676.0,694.0,297.0,297.0,289.0
2871.0,637.0,675.0,684.0,284.0,293.0,298.0
2918.0,637.0,662.0,713.0,299.0,302.0,305.0
3092.0,688.0,747.0,746.0,297.0,312.0,302.0
2851.0,648.0,668.0,684.0,281.0,285.0,285.0
2949.0,667.0,688.0,715.0,286.0,296.0,297.0
3087.0,701.0,737.0,733.0,307.0,310.0,299.0
2989.0,675.0,731.0,692.0,295.0,294.0,302.0
3151.0,734.0,741.0,735.0,311.0,325.0,305.0
2992.0,689.0,700.0,701.0,301.0,296.0,305.0
3042.0,720.0,700.0,704.0,305.0,309.0,304.0
3068.0,695.0,727.0,722.0,303.0,316.0,305.0
3000.0,715.0,701.0,679.0,296.0,310.0,299.0
2816.0,667.0,689.0,626.0,275.0,282.0,277.0
3045.0,714.0,720.0,712.0,303.0,299.0,297.0
3101.0,760.0,724.0,703.0,302.0,314.0,298.0
2967.0,706.0,683.0,687.0,296.0,297.0,298.0
3059.0,740.0,692.0,704.0,311.0,306.0,306.0
3066.0,717.0,715.0,717.0,299.0,316.0,302.0
3030.0,717.0,686.0,711.0,307.0,313.0,296.0
3085.0,735.0,714.0,705.0,310.0,322.0,299.0
3101.0,734.0,703.0,720.0,313.0,321.0,310.0
3075.0,728.0,718.0,690.0,319.0,317.0,303.0
3223.0,764.0,738.0,740.0,326.0,327.0,328.0
2935.0,663.0,692.0,683.0,305.0,297.0,295.0
2897.0,672.0,653.0,689.0,303.0,291.0,289.0
2870.0,660.0,673.0,664.0,297.0,281.0,295.0
3084.0,723.0,720.0,726.0,314.0,297.0,304.0
3000.0,697.0,679.0,735.0,304.0,299.0,286.0
3000.0,688.0,681.0,726.0,308.0,306.0,291.0
2972.0,681.0,688.0,698.0,314.0,298.0,293.0
3000.0,703.0,690.0,692.0,317.0,303.0,295.0
3015.0,700.0,700.0,713.0,307.0,306.0,289.0
2970.0,696.0,667.0,692.0,315.0,300.0,300.0
2991.0,686.0,705.0,722.0,304.0,287.0,287.0
2987.0,691.0,688.0,701.0,307.0,304.0,296.0
3084.0,735.0,700.0,725.0,321.0,299.0,304.0
2969.0,704.0,685.0,695.0,301.0,290.0,294.0
3204.0,761.0,745.0,749.0,323.0,315.0,311.0
2871.0,690.0,659.0,688.0,285.0,274.0,275.0
3136.0,731.0,753.0,730.0,317.0,300.0,305.0
3002.0,714.0,719.0,705.0,291.0,284.0,289.0
3069.0,705.0,729.0,738.0,310.0,289.0,298.0
3117.0,724.0,728.0,751.0,315.0,292.0,307.0
3013.0,708.0,723.0,705.0,296.0,294.0,287.0
3022.0,731.0,698.0,700.0,296.0,294.0,303.0
3067.0,701.0,715.0,713.0,313.0,311.0,314.0
3096.0,725.0,691.0,746.0,312.0,314.0,308.0
3020.0,706.0,700.0,709.0,302.0,299.0,304.0
2800.0,627.0,654.0,669.0,289.0,279.0,282.0
3159.0,720.0,745.0,753.0,320.0,305.0,316.0
3059.0,696.0,706.0,723.0,308.0,309.0,317.0
2909.0,665.0,681.0,686.0,290.0,292.0,295.0
3021.0,688.0,732.0,697.0,302.0,303.0,299.0
3011.0,698.0,703.0,696.0,300.0,301.0,313.0
2947.0,677.0,683.0,701.0,293.0,294.0,299.0
3085.0,724.0,695.0,736.0,314.0,300.0,316.0
2990.0,700.0,674.0,697.0,305.0,313.0,301.0
3093.0,710.0,739.0,725.0,309.0,306.0,304.0
3022.0,726.0,691.0,702.0,302.0,294.0,307.0
3164.0,753.0,728.0,716.0,313.0,328.0,326.0
3062.0,702.0,701.0,743.0,299.0,303.0,314.0
3149.0,737.0,713.0,737.0,318.0,324.0,320.0
3084.0,739.0,694.0,730.0,282.0,323.0,316.0
3040.0,720.0,714.0,689.0,295.0,309.0,313.0
3101.0,720.0,718.0,726.0,307.0,319.0,311.0
3175.0,769.0,723.0,730.0,310.0,331.0,312.0
3158.0,751.0,724.0,738.0,301.0,313.0,331.0
3154.0,777.0,730.0,718.0,308.0,307.0,314.0
3072.0,736.0,737.0,674.0,299.0,308.0,318.0
3235.0,760.0,754.0,731.0,318.0,343.0,329.0
3118.0,768.0,735.0,697.0,305.0,316.0,297.0
2987.0,707.0,696.0,679.0,292.0,302.0,311.0
3217.0,745.0,753.0,723.0,322.0,340.0,334.0
3201.0,732.0,762.0,739.0,315.0,334.0,319.0
3274.0,764.0,773.0,749.0,326.0,328.0,334.0
3124.0,706.0,753.0,727.0,314.0,312.0,312.0
3079.0,694.0,732.0,703.0,313.0,318.0,319.0
3181.0,729.0,775.0,731.0,310.0,314.0,322.0
3268.0,704.0,789.0,791.0,321.0,330.0,333.0
3284.0,729.0,769.0,787.0,327.0,342.0,330.0
3145.0,726.0,736.0,728.0,312.0,321.0,322.0
3159.0,718.0,748.0,723.0,322.0,341.0,307.0
3223.0,722.0,782.0,746.0,328.0,318.0,327.0
3183.0,755.0,752.0,743.0,318.0,308.0,307.0
3137.0,705.0,746.0,748.0,312.0,312.0,314.0
3215.0,731.0,773.0,758.0,317.0,318.0,318.0
3106.0,714.0,725.0,750.0,296.0,310.0,311.0
3045.0,714.0,706.0,721.0,308.0,294.0,302.0
3278.0,757.0,760.0,777.0,352.0,318.0,314.0
3079.0,725.0,716.0,720.0,310.0,307.0,301.0
3378.0,799.0,750.0,810.0,345.0,335.0,339.0
3045.0,725.0,685.0,730.0,306.0,295.0,304.0
3162.0,744.0,727.0,763.0,314.0,307.0,307.0
3074.0,700.0,722.0,733.0,320.0,304.0,295.0
3192.0,762.0,724.0,739.0,338.0,321.0,308.0
3128.0,719.0,708.0,757.0,318.0,315.0,311.0
2865.0,664.0,655.0,664.0,303.0,294.0,285.0
3015.0,724.0,686.0,711.0,316.0,282.0,296.0
3027.0,689.0,699.0,733.0,312.0,291.0,303.0
2984.0,702.0,700.0,691.0,301.0,291.0,299.0
3032.0,697.0,698.0,713.0,317.0,304.0,303.0
3045.0,689.0,691.0,756.0,313.0,295.0,301.0
3125.0,731.0,744.0,733.0,307.0,309.0,301.0
3104.0,706.0,729.0,745.0,319.0,302.0,303.0
2966.0,690.0,698.0,707.0,299.0,292.0,280.0
3042.0,715.0,699.0,713.0,308.0,308.0,299.0
3080.0,727.0,718.0,718.0,310.0,297.0,310.0
3193.0,730.0,773.0,744.0,325.0,316.0,305.0
3249.0,759.0,781.0,767.0,317.0,306.0,319.0
3259.0,785.0,772.0,733.0,326.0,323.0,320.0
3204.0,761.0,759.0,737.0,315.0,309.0,323.0
3143.0,744.0,749.0,713.0,310.0,320.0,307.0
3279.0,765.0,801.0,758.0,313.0,332.0,310.0
3129.0,779.0,704.0,707.0,313.0,309.0,317.0
3136.0,774.0,744.0,705.0,298.0,305.0,310.0
3116.0,744.0,708.0,724.0,306.0,314.0,320.0
3271.0,788.0,786.0,742.0,316.0,318.0,321.0
3449.0,816.0,829.0,791.0,337.0,347.0,329.0
3298.0,786.0,780.0,753.0,320.0,325.0,334.0
3346.0,797.0,793.0,763.0,337.0,331.0,325.0
3200.0,766.0,762.0,721.0,312.0,314.0,325.0
3191.0,762.0,762.0,732.0,304.0,314.0,317.0
3054.0,730.0,690.0,704.0,308.0,303.0,319.0
3310.0,784.0,770.0,779.0,326.0,321.0,330.0
3284.0,785.0,766.0,753.0,324.0,333.0,323.0
3299.0,776.0,764.0,771.0,329.0,331.0,328.0
3206.0,755.0,736.0,752.0,321.0,322.0,320.0
3198.0,754.0,726.0,769.0,306.0,319.0,324.0
3249.0,781.0,752.0,732.0,315.0,337.0,332.0
3157.0,741.0,727.0,751.0,313.0,315.0,310.0
3327.0,762.0,774.0,792.0,336.0,334.0,329.0
3365.0,772.0,770.0,795.0,342.0,347.0,339.0
3094.0,705.0,708.0,739.0,312.0,318.0,312.0
3231.0,751.0,745.0,764.0,320.0,331.0,320.0
3224.0,730.0,757.0,764.0,318.0,324.0,331.0
3356.0,769.0,770.0,794.0,334.0,349.0,340.0
3296.0,770.0,750.0,772.0,330.0,341.0,333.0
3189.0,741.0,744.0,747.0,314.0,324.0,319.0
3174.0,745.0,716.0,749.0,322.0,321.0,321.0
3321.0,772.0,766.0,796.0,335.0,330.0,322.0
3250.0,776.0,745.0,747.0,331.0,328.0,323.0
3249.0,769.0,761.0,740.0,325.0,319.0,335.0
3241.0,774.0,713.0,770.0,320.0,333.0,331.0
3167.0,753.0,736.0,734.0,318.0,308.0,318.0
3270.0,764.0,746.0,766.0,335.0,336.0,323.0
3203.0,744.0,745.0,742.0,323.0,328.0,321.0
3203.0,746.0,759.0,726.0,322.0,325.0,325.0
3118.0,732.0,731.0,722.0,319.0,315.0,299.0
3267.0,760.0,791.0,736.0,331.0,325.0,324.0
3204.0,725.0,763.0,735.0,315.0,333.0,333.0
3169.0,759.0,728.0,713.0,329.0,327.0,313.0
3191.0,741.0,754.0,716.0,341.0,316.0,323.0
3199.0,739.0,755.0,748.0,322.0,317.0,318.0
3187.0,723.0,759.0,726.0,328.0,330.0,321.0
3215.0,742.0,777.0,727.0,327.0,315.0,327.0
3189.0,734.0,743.0,745.0,317.0,328.0,322.0
3279.0,752.0,780.0,758.0,332.0,323.0,334.0
3198.0,742.0,770.0,706.0,324.0,327.0,329.0
3202.0,726.0,751.0,779.0,315.0,311.0,320.0
3268.0,746.0,766.0,757.0,346.0,329.0,324.0
3306.0,758.0,765.0,783.0,337.0,331.0,332.0
3259.0,754.0,761.0,740.0,335.0,331.0,338.0
3330.0,782.0,794.0,754.0,338.0,327.0,335.0
3169.0,767.0,728.0,723.0,311.0,320.0,320.0
3157.0,737.0,745.0,733.0,308.0,326.0,308.0
3244.0,757.0,755.0,764.0,335.0,319.0,314.0
3303.0,781.0,764.0,756.0,328.0,324.0,350.0
3354.0,802.0,789.0,760.0,332.0,339.0,332.0
3242.0,786.0,743.0,745.0,321.0,323.0,324.0
3372.0,796.0,787.0,800.0,331.0,331.0,327.0
3325.0,801.0,755.0,777.0,332.0,330.0,330.0
3282.0,767.0,763.0,780.0,325.0,325.0,322.0
3477.0,823.0,800.0,812.0,342.0,350.0,350.0
3487.0,828.0,784.0,824.0,350.0,352.0,349.0
3446.0,813.0,786.0,826.0,345.0,332.0,344.0
3419.0,798.0,809.0,794.0,335.0,344.0,339.0
3294.0,741.0,781.0,798.0,332.0,321.0,321.0
3336.0,783.0,779.0,788.0,337.0,333.0,316.0
3301.0,765.0,764.0,806.0,312.0,325.0,329.0
3417.0,771.0,814.0,819.0,339.0,341.0,333.0
3535.0,828.0,851.0,841.0,336.0,345.0,334.0
3344.0,765.0,790.0,780.0,336.0,336.0,337.0
3457.0,791.0,816.0,832.0,344.0,335.0,339.0
3369.0,793.0,784.0,791.0,328.0,338.0,335.0
3356.0,764.0,794.0,802.0,321.0,338.0,337.0
3411.0,796.0,801.0,799.0,334.0,339.0,342.0
3346.0,788.0,789.0,771.0,325.0,333.0,340.0
3314.0,769.0,784.0,784.0,335.0,333.0,309.0
3375.0,788.0,810.0,788.0,334.0,318.0,337.0
3349.0,783.0,808.0,780.0,326.0,331.0,321.0
3391.0,778.0,805.0,813.0,336.0,331.0,328.0
3448.0,832.0,794.0,798.0,332.0,345.0,347.0
3436.0,785.0,811.0,828.0,341.0,334.0,337.0
3481.0,801.0,828.0,820.0,341.0,351.0,340.0
3301.0,769.0,758.0,766.0,335.0,337.0,336.0
3171.0,761.0,737.0,711.0,321.0,328.0,313.0
3225.0,788.0,715.0,753.0,328.0,317.0,324.0
3478.0,840.0,779.0,820.0,341.0,351.0,347.0
3262.0,764.0,769.0,761.0,320.0,321.0,327.0
3302.0,759.0,780.0,787.0,326.0,321.0,329.0
3379.0,779.0,783.0,783.0,348.0,351.0,335.0
3302.0,758.0,758.0,775.0,348.0,334.0,329.0
3223.0,772.0,736.0,745.0,330.0,315.0,325.0
3069.0,708.0,724.0,690.0,319.0,319.0,309.0
3297.0,778.0,754.0,755.0,330.0,343.0,337.0
3323.0,764.0,790.0,771.0,339.0,333.0,326.0
3328.0,770.0,780.0,762.0,339.0,341.0,336.0
3398.0,804.0,796.0,761.0,347.0,351.0,339.0
3128.0,719.0,730.0,730.0,309.0,323.0,317.0
3263.0,771.0,739.0,754.0,339.0,331.0,329.0
3402.0,761.0,805.0,778.0,354.0,351.0,353.0
3394.0,772.0,783.0,792.0,355.0,345.0,347.0
3281.0,748.0,756.0,764.0,332.0,344.0,337.0
3260.0,745.0,780.0,741.0,318.0,334.0,342.0
3326.0,775.0,782.0,776.0,331.0,333.0,329.0
3436.0,804.0,795.0,795.0,347.0,347.0,348.0
3581.0,837.0,841.0,816.0,354.0,359.0,374.0
3450.0,797.0,833.0,782.0,341.0,343.0,354.0
3467.0,796.0,777.0,828.0,354.0,355.0,357.0
3538.0,810.0,828.0,832.0,354.0,356.0,358.0
3503.0,832.0,833.0,781.0,354.0,347.0,356.0
3529.0,848.0,822.0,814.0,349.0,348.0,348.0
3554.0,835.0,828.0,821.0,347.0,356.0,367.0
3410.0,788.0,832.0,771.0,337.0,343.0,339.0
3459.0,794.0,855.0,784.0,339.0,342.0,345.0
3505.0,807.0,837.0,811.0,340.0,351.0,359.0
3604.0,860.0,863.0,821.0,355.0,346.0,359.0
3411.0,794.0,795.0,792.0,342.0,345.0,343.0
3550.0,812.0,834.0,851.0,350.0,349.0,354.0
3533.0,811.0,838.0,837.0,349.0,340.0,358.0
3570.0,818.0,851.0,843.0,341.0,349.0,368.0
3487.0,805.0,810.0,837.0,343.0,334.0,358.0
3487.0,791.0,835.0,819.0,343.0,339.0,360.0
3529.0,797.0,829.0,841.0,347.0,359.0,356.0
3522.0,799.0,826.0,849.0,346.0,348.0,354.0
3388.0,779.0,805.0,809.0,338.0,333.0,324.0
3504.0,819.0,822.0,824.0,338.0,343.0,358.0
3306.0,774.0,753.0,778.0,326.0,333.0,342.0
3440.0,803.0,788.0,820.0,345.0,339.0,345.0
3359.0,763.0,773.0,798.0,350.0,332.0,343.0
3411.0,780.0,780.0,830.0,335.0,338.0,348.0
3422.0,804.0,783.0,826.0,333.0,326.0,350.0
3504.0,809.0,804.0,838.0,361.0,350.0,342.0
3548.0,833.0,811.0,833.0,357.0,353.0,361.0
3483.0,815.0,801.0,833.0,336.0,350.0,348.0
3348.0,786.0,778.0,786.0,334.0,332.0,332.0
3328.0,808.0,759.0,751.0,341.0,333.0,336.0
3304.0,787.0,777.0,774.0,320.0,317.0,329.0
3469.0,852.0,774.0,794.0,348.0,345.0,356.0
3442.0,809.0,810.0,810.0,339.0,336.0,338.0
3369.0,812.0,782.0,782.0,335.0,330.0,328.0
3323.0,795.0,781.0,780.0,323.0,328.0,316.0
3432.0,771.0,841.0,791.0,339.0,351.0,339.0
3375.0,792.0,810.0,762.0,344.0,336.0,331.0
3387.0,808.0,797.0,774.0,340.0,330.0,338.0
3450.0,809.0,804.0,807.0,342.0,342.0,346.0
3331.0,772.0,808.0,742.0,340.0,337.0,332.0
3287.0,764.0,788.0,755.0,329.0,322.0,329.0
3411.0,772.0,812.0,800.0,347.0,338.0,342.0
3549.0,813.0,857.0,817.0,354.0,360.0,348.0
3258.0,727.0,789.0,761.0,342.0,327.0,312.0
3549.0,801.0,853.0,822.0,371.0,356.0,346.0
3359.0,786.0,797.0,780.0,328.0,332.0,336.0
3524.0,813.0,826.0,811.0,357.0,374.0,343.0
3347.0,774.0,770.0,792.0,341.0,336.0,334.0
3541.0,818.0,843.0,812.0,369.0,348.0,351.0
3554.0,853.0,832.0,815.0,354.0,356.0,344.0
3463.0,826.0,818.0,788.0,347.0,352.0,332.0
3355.0,785.0,778.0,780.0,338.0,338.0,336.0
3615.0,870.0,829.0,841.0,358.0,364.0,353.0
3532.0,829.0,816.0,822.0,351.0,361.0,353.0
3457.0,833.0,781.0,804.0,344.0,360.0,335.0
3567.0,835.0,819.0,841.0,360.0,367.0,345.0
3625.0,843.0,835.0,864.0,364.0,364.0,355.0
3564.0,855.0,815.0,829.0,353.0,358.0,354.0
3539.0,823.0,789.0,849.0,357.0,371.0,350.0
3505.0,820.0,800.0,840.0,347.0,351.0,347.0
3556.0,846.0,796.0,858.0,348.0,346.0,362.0
3444.0,801.0,776.0,829.0,338.0,355.0,345.0
3607.0,832.0,814.0,858.0,369.0,369.0,365.0
3584.0,841.0,817.0,856.0,355.0,363.0,352.0
3596.0,816.0,825.0,869.0,367.0,363.0,356.0
3691.0,846.0,884.0,861.0,375.0,370.0,355.0
3589.0,830.0,837.0,848.0,350.0,361.0,363.0
3590.0,806.0,836.0,862.0,357.0,364.0,365.0
3511.0,802.0,827.0,820.0,347.0,365.0,350.0
3612.0,845.0,837.0,834.0,356.0,373.0,367.0
3670.0,841.0,864.0,878.0,355.0,366.0,366.0
3490.0,791.0,830.0,807.0,355.0,346.0,361.0
3622.0,838.0,857.0,840.0,353.0,362.0,372.0
3501.0,827.0,828.0,809.0,334.0,356.0,347.0
3576.0,818.0,827.0,841.0,358.0,368.0,364.0
3541.0,826.0,849.0,802.0,359.0,337.0,368.0
3546.0,854.0,834.0,803.0,347.0,349.0,359.0
3609.0,847.0,849.0,839.0,360.0,355.0,359.0
3518.0,834.0,844.0,804.0,334.0,358.0,344.0
3653.0,864.0,867.0,831.0,367.0,355.0,369.0
3333.0,780.0,776.0,767.0,348.0,331.0,331.0
3538.0,844.0,834.0,798.0,344.0,355.0,363.0
3643.0,861.0,881.0,836.0,344.0,347.0,374.0
3611.0,857.0,835.0,832.0,360.0,357.0,370.0
3532.0,835.0,843.0,812.0,346.0,348.0,348.0
3549.0,826.0,842.0,815.0,358.0,351.0,357.0
3571.0,839.0,851.0,822.0,356.0,352.0,351.0
3454.0,807.0,813.0,797.0,343.0,338.0,356.0
3508.0,822.0,801.0,818.0,350.0,357.0,360.0
3447.0,824.0,779.0,792.0,343.0,355.0,354.0
3518.0,822.0,830.0,812.0,353.0,347.0,354.0
3556.0,831.0,820.0,839.0,356.0,352.0,358.0
3488.0,838.0,792.0,803.0,360.0,341.0,354.0
3424.0,817.0,797.0,786.0,339.0,332.0,353.0
3674.0,836.0,848.0,871.0,374.0,368.0,377.0
3450.0,789.0,790.0,814.0,348.0,346.0,363.0
3541.0,844.0,805.0,814.0,358.0,353.0,367.0
3687.0,838.0,858.0,863.0,385.0,364.0,379.0
3487.0,811.0,789.0,817.0,368.0,346.0,356.0
3588.0,858.0,843.0,803.0,368.0,359.0,357.0
3561.0,842.0,800.0,859.0,352.0,348.0,360.0
3753.0,864.0,859.0,906.0,382.0,367.0,375.0
3659.0,845.0,853.0,873.0,367.0,361.0,360.0
3652.0,835.0,832.0,880.0,372.0,369.0,364.0
3680.0,852.0,852.0,873.0,371.0,365.0,367.0
3770.0,873.0,871.0,895.0,384.0,378.0,369.0
3722.0,874.0,875.0,876.0,369.0,374.0,354.0
3738.0,877.0,857.0,891.0,372.0,372.0,369.0
3645.0,855.0,864.0,851.0,364.0,364.0,347.0
3566.0,879.0,807.0,822.0,354.0,345.0,359.0
3689.0,872.0,863.0,864.0,368.0,369.0,353.0
3765.0,900.0,877.0,849.0,370.0,395.0,374.0
3828.0,890.0,890.0,920.0,381.0,375.0,372.0
3634.0,841.0,863.0,865.0,359.0,358.0,348.0
3740.0,884.0,873.0,875.0,374.0,383.0,351.0
3677.0,840.0,886.0,843.0,375.0,368.0,365.0
3716.0,855.0,878.0,871.0,381.0,368.0,363.0
3834.0,871.0,919.0,891.0,389.0,388.0,376.0
3783.0,869.0,900.0,871.0,386.0,385.0,372.0
3600.0,848.0,838.0,826.0,370.0,366.0,352.0
3638.0,834.0,870.0,853.0,355.0,363.0,363.0
3778.0,889.0,871.0,883.0,376.0,384.0,375.0
3602.0,834.0,848.0,839.0,355.0,369.0,357.0
3677.0,866.0,864.0,848.0,366.0,380.0,353.0
3705.0,883.0,847.0,864.0,370.0,379.0,362.0
3790.0,878.0,878.0,888.0,385.0,387.0,374.0
3765.0,882.0,870.0,886.0,368.0,392.0,367.0
3621.0,832.0,845.0,827.0,370.0,378.0,369.0
3641.0,853.0,844.0,844.0,352.0,384.0,364.0
3554.0,845.0,834.0,834.0,345.0,357.0,339.0
3466.0,807.0,814.0,796.0,346.0,353.0,350.0
3537.0,840.0,825.0,813.0,349.0,364.0,346.0
3446.0,838.0,775.0,795.0,340.0,349.0,349.0
3587.0,835.0,830.0,835.0,361.0,373.0,353.0
3687.0,899.0,830.0,851.0,367.0,374.0,366.0
3722.0,885.0,841.0,883.0,359.0,380.0,374.0
3579.0,849.0,815.0,812.0,362.0,372.0,369.0
3463.0,827.0,782.0,811.0,354.0,347.0,342.0
3518.0,839.0,814.0,816.0,349.0,347.0,353.0
3573.0,822.0,851.0,838.0,341.0,369.0,352.0
3710.0,892.0,845.0,871.0,371.0,365.0,366.0
3550.0,826.0,845.0,810.0,356.0,360.0,353.0
3676.0,842.0,843.0,889.0,374.0,361.0,367.0
3621.0,859.0,856.0,824.0,361.0,369.0,352.0
3610.0,845.0,872.0,821.0,361.0,352.0,359.0
3662.0,859.0,868.0,857.0,362.0,347.0,369.0
3707.0,869.0,859.0,867.0,363.0,375.0,374.0
3681.0,845.0,866.0,889.0,361.0,357.0,363.0
3708.0,834.0,875.0,859.0,377.0,381.0,382.0
3627.0,822.0,852.0,868.0,364.0,360.0,361.0
3693.0,841.0,894.0,868.0,370.0,358.0,362.0
3856.0,886.0,903.0,919.0,391.0,369.0,388.0
3540.0,800.0,841.0,831.0,357.0,356.0,355.0
3773.0,878.0,891.0,871.0,393.0,358.0,382.0
3847.0,917.0,892.0,884.0,387.0,376.0,391.0
3552.0,858.0,828.0,822.0,357.0,341.0,346.0
3754.0,868.0,856.0,896.0,380.0,377.0,377.0
3675.0,870.0,843.0,880.0,372.0,349.0,361.0
3737.0,854.0,871.0,884.0,385.0,363.0,380.0
3772.0,918.0,872.0,867.0,373.0,369.0,373.0
3899.0,894.0,918.0,911.0,406.0,372.0,398.0
3824.0,902.0,882.0,909.0,373.0,369.0,389.0
3801.0,903.0,891.0,883.0,383.0,373.0,368.0
3797.0,911.0,881.0,895.0,379.0,368.0,363.0
3851.0,907.0,879.0,896.0,393.0,382.0,394.0
3875.0,892.0,898.0,929.0,399.0,377.0,380.0
3825.0,887.0,907.0,891.0,398.0,366.0,376.0
3877.0,905.0,898.0,899.0,402.0,380.0,393.0
3758.0,876.0,872.0,893.0,373.0,370.0,374.0
3849.0,898.0,896.0,897.0,384.0,381.0,393.0
3803.0,883.0,860.0,897.0,401.0,367.0,395.0
3846.0,915.0,892.0,876.0,385.0,382.0,396.0
3734.0,868.0,865.0,853.0,386.0,372.0,390.0
3719.0,858.0,860.0,867.0,380.0,370.0,384.0
3768.0,889.0,890.0,859.0,383.0,371.0,376.0
3717.0,865.0,861.0,861.0,373.0,381.0,376.0
3720.0,870.0,866.0,872.0,363.0,368.0,381.0
3752.0,877.0,874.0,872.0,365.0,381.0,383.0
3711.0,841.0,859.0,868.0,371.0,388.0,384.0
3806.0,892.0,908.0,864.0,387.0,384.0,371.0
3594.0,844.0,838.0,834.0,361.0,359.0,358.0
3702.0,863.0,848.0,860.0,370.0,387.0,374.0
3789.0,896.0,889.0,856.0,370.0,390.0,388.0
3687.0,859.0,866.0,847.0,378.0,377.0,360.0
3674.0,861.0,880.0,842.0,367.0,369.0,355.0
3836.0,919.0,904.0,888.0,370.0,383.0,372.0
3801.0,889.0,909.0,873.0,383.0,384.0,363.0
3719.0,862.0,873.0,893.0,356.0,370.0,365.0
3492.0,820.0,837.0,789.0,342.0,360.0,344.0
3813.0,923.0,881.0,872.0,379.0,381.0,377.0
3715.0,856.0,891.0,845.0,362.0,395.0,366.0
3751.0,893.0,881.0,865.0,365.0,376.0,371.0
3712.0,876.0,890.0,844.0,372.0,375.0,355.0
3738.0,897.0,875.0,861.0,360.0,378.0,367.0
3741.0,892.0,867.0,869.0,369.0,370.0,374.0
3831.0,878.0,916.0,913.0,368.0,380.0,376.0
3721.0,846.0,877.0,876.0,369.0,386.0,367.0
3668.0,858.0,883.0,871.0,356.0,363.0,337.0
3721.0,866.0,858.0,870.0,375.0,387.0,365.0
3612.0,819.0,848.0,859.0,360.0,367.0,359.0
3744.0,878.0,884.0,867.0,363.0,376.0,376.0
3683.0,840.0,869.0,866.0,358.0,376.0,374.0
3803.0,868.0,891.0,917.0,366.0,384.0,377.0
3881.0,873.0,896.0,950.0,388.0,390.0,384.0
3859.0,902.0,889.0,923.0,379.0,396.0,370.0
3795.0,885.0,859.0,931.0,374.0,380.0,366.0
3935.0,924.0,882.0,950.0,400.0,397.0,382.0
3754.0,891.0,877.0,870.0,375.0,372.0,369.0
3890.0,914.0,891.0,928.0,393.0,390.0,374.0
3760.0,880.0,848.0,901.0,378.0,383.0,370.0
3957.0,944.0,884.0,939.0,404.0,393.0,393.0
3881.0,905.0,916.0,900.0,387.0,388.0,385.0
3867.0,916.0,892.0,913.0,381.0,383.0,382.0
3891.0,904.0,880.0,934.0,396.0,389.0,388.0
3777.0,886.0,877.0,879.0,392.0,365.0,378.0
3897.0,915.0,915.0,912.0,389.0,379.0,387.0
3958.0,942.0,920.0,928.0,401.0,374.0,393.0
3983.0,952.0,936.0,922.0,393.0,393.0,387.0
3865.0,903.0,870.0,911.0,398.0,388.0,395.0
3940.0,919.0,943.0,913.0,391.0,385.0,389.0
4015.0,931.0,938.0,937.0,406.0,402.0,401.0
3880.0,907.0,924.0,899.0,384.0,382.0,384.0
3929.0,916.0,926.0,892.0,401.0,396.0,398.0
3798.0,878.0,909.0,886.0,388.0,367.0,370.0
3840.0,883.0,939.0,864.0,390.0,376.0,388.0
3851.0,891.0,932.0,873.0,388.0,375.0,392.0
4038.0,931.0,950.0,944.0,411.0,395.0,407.0
4020.0,919.0,967.0,912.0,419.0,392.0,411.0
3760.0,894.0,897.0,848.0,376.0,369.0,376.0
3898.0,907.0,922.0,904.0,377.0,395.0,393.0
3811.0,881.0,906.0,881.0,379.0,378.0,386.0
3881.0,896.0,920.0,910.0,368.0,390.0,397.0
3875.0,913.0,889.0,900.0,383.0,389.0,401.0
3763.0,858.0,900.0,865.0,368.0,380.0,392.0
3939.0,921.0,911.0,913.0,405.0,388.0,401.0
3870.0,926.0,903.0,916.0,371.0,359.0,395.0
3949.0,952.0,900.0,925.0,391.0,383.0,398.0
3681.0,868.0,832.0,877.0,372.0,349.0,383.0
3729.0,907.0,843.0,870.0,368.0,366.0,375.0
3776.0,903.0,863.0,878.0,377.0,377.0,378.0
3861.0,926.0,872.0,896.0,388.0,390.0,389.0
3877.0,923.0,889.0,910.0,386.0,385.0,384.0
3705.0,890.0,828.0,867.0,358.0,381.0,381.0
3600.0,858.0,804.0,856.0,350.0,363.0,369.0
3771.0,872.0,880.0,899.0,366.0,369.0,385.0
3950.0,902.0,901.0,962.0,390.0,403.0,392.0
3862.0,893.0,869.0,939.0,393.0,387.0,381.0
3845.0,898.0,877.0,918.0,373.0,384.0,395.0
3844.0,888.0,877.0,922.0,380.0,386.0,391.0
3840.0,900.0,891.0,889.0,379.0,395.0,386.0
3838.0,894.0,881.0,916.0,367.0,388.0,392.0
3790.0,855.0,863.0,906.0,391.0,382.0,393.0
3863.0,900.0,887.0,905.0,393.0,390.0,388.0
3820.0,871.0,882.0,896.0,377.0,402.0,392.0
3930.0,912.0,909.0,931.0,385.0,403.0,390.0
3891.0,889.0,906.0,929.0,376.0,397.0,394.0
3932.0,910.0,916.0,935.0,393.0,396.0,382.0
3737.0,866.0,885.0,865.0,383.0,353.0,385.0
4017.0,939.0,944.0,930.0,399.0,409.0,396.0
3905.0,891.0,900.0,923.0,395.0,397.0,399.0
4042.0,954.0,956.0,934.0,402.0,410.0,386.0
3999.0,928.0,949.0,924.0,402.0,406.0,390.0
3908.0,883.0,935.0,904.0,397.0,400.0,389.0
3922.0,939.0,926.0,890.0,387.0,396.0,384.0
4059.0,977.0,935.0,947.0,405.0,409.0,386.0
3900.0,912.0,916.0,888.0,402.0,395.0,387.0
3991.0,953.0,925.0,928.0,403.0,394.0,388.0
3939.0,923.0,916.0,916.0,395.0,387.0,402.0
3934.0,898.0,950.0,911.0,399.0,394.0,382.0
4056.0,944.0,951.0,944.0,410.0,411.0,396.0
4033.0,938.0,955.0,939.0,405.0,405.0,391.0
3960.0,922.0,933.0,917.0,400.0,400.0,388.0
3989.0,932.0,933.0,908.0,413.0,405.0,398.0
4061.0,949.0,939.0,936.0,419.0,420.0,398.0
3978.0,927.0,926.0,917.0,407.0,410.0,391.0
3962.0,927.0,923.0,920.0,410.0,390.0,392.0
3902.0,901.0,896.0,912.0,412.0,391.0,390.0
3927.0,909.0,898.0,913.0,405.0,401.0,401.0
3996.0,917.0,927.0,940.0,409.0,409.0,394.0
3904.0,911.0,894.0,905.0,403.0,401.0,390.0
3860.0,889.0,901.0,890.0,397.0,392.0,391.0
3780.0,879.0,860.0,895.0,391.0,383.0,372.0
4013.0,930.0,941.0,938.0,399.0,399.0,406.0
3921.0,914.0,899.0,930.0,401.0,384.0,393.0
3957.0,928.0,915.0,922.0,403.0,388.0,401.0
4033.0,936.0,931.0,957.0,413.0,398.0,398.0
3947.0,929.0,901.0,925.0,391.0,405.0,396.0
3819.0,910.0,862.0,899.0,394.0,375.0,379.0
3981.0,950.0,918.0,927.0,395.0,392.0,399.0
3959.0,909.0,945.0,917.0,392.0,405.0,391.0
4116.0,963.0,963.0,975.0,410.0,411.0,394.0
3995.0,949.0,947.0,921.0,401.0,380.0,397.0
4050.0,946.0,971.0,959.0,391.0,390.0,393.0
3897.0,928.0,920.0,901.0,390.0,371.0,387.0
3935.0,930.0,925.0,915.0,386.0,384.0,395.0
3912.0,899.0,939.0,922.0,387.0,379.0,386.0
3837.0,909.0,902.0,901.0,371.0,366.0,388.0
3910.0,892.0,911.0,936.0,386.0,396.0,389.0
3984.0,933.0,917.0,952.0,397.0,394.0,391.0
3983.0,916.0,927.0,971.0,389.0,386.0,394.0
3842.0,864.0,914.0,935.0,378.0,372.0,379.0
3843.0,885.0,911.0,905.0,371.0,381.0,390.0
3770.0,884.0,885.0,886.0,358.0,364.0,393.0
3895.0,895.0,910.0,920.0,386.0,387.0,397.0
4029.0,912.0,944.0,955.0,402.0,405.0,411.0
3931.0,906.0,930.0,912.0,386.0,393.0,404.0
3846.0,886.0,884.0,896.0,394.0,387.0,399.0
3843.0,877.0,892.0,908.0,384.0,391.0,391.0
4079.0,946.0,976.0,943.0,398.0,392.0,424.0
3995.0,933.0,935.0,927.0,397.0,397.0,406.0
4007.0,929.0,949.0,941.0,391.0,400.0,397.0
3908.0,938.0,883.0,892.0,390.0,398.0,407.0
3991.0,941.0,925.0,933.0,391.0,391.0,410.0
3984.0,941.0,926.0,921.0,394.0,392.0,410.0
4267.0,1009.0,979.0,995.0,420.0,427.0,437.0
4104.0,984.0,945.0,936.0,406.0,425.0,408.0
4096.0,982.0,949.0,934.0,405.0,404.0,422.0
4073.0,954.0,948.0,931.0,410.0,409.0,421.0
4092.0,970.0,950.0,930.0,399.0,432.0,411.0
4027.0,955.0,906.0,931.0,413.0,411.0,411.0
4084.0,959.0,950.0,936.0,407.0,421.0,411.0
4125.0,966.0,944.0,952.0,426.0,420.0,417.0
4048.0,942.0,938.0,925.0,411.0,419.0,413.0
4135.0,961.0,977.0,946.0,412.0,421.0,418.0
4068.0,943.0,949.0,935.0,409.0,417.0,415.0
4094.0,931.0,936.0,984.0,407.0,425.0,411.0
4158.0,942.0,961.0,984.0,418.0,422.0,431.0
4174.0,961.0,976.0,963.0,432.0,422.0,420.0
4223.0,974.0,984.0,982.0,430.0,422.0,431.0
4173.0,975.0,992.0,957.0,423.0,426.0,400.0
4042.0,933.0,958.0,936.0,417.0,398.0,400.0
4256.0,978.0,1018.0,968.0,441.0,424.0,427.0
4106.0,959.0,967.0,933.0,425.0,409.0,413.0
3860.0,892.0,901.0,894.0,396.0,392.0,385.0
4019.0,914.0,969.0,933.0,411.0,404.0,388.0
4022.0,926.0,947.0,918.0,405.0,411.0,415.0
4050.0,950.0,960.0,936.0,407.0,407.0,390.0
4073.0,923.0,978.0,951.0,417.0,398.0,406.0
4140.0,973.0,975.0,965.0,412.0,409.0,406.0
4159.0,984.0,972.0,982.0,406.0,417.0,398.0
4112.0,960.0,972.0,967.0,411.0,408.0,394.0
4108.0,951.0,972.0,955.0,416.0,411.0,403.0
4063.0,951.0,931.0,963.0,412.0,401.0,405.0
3975.0,942.0,902.0,944.0,392.0,408.0,387.0
4079.0,964.0,956.0,950.0,406.0,400.0,403.0
4010.0,947.0,934.0,919.0,404.0,406.0,400.0
3931.0,941.0,883.0,929.0,393.0,389.0,396.0
4051.0,963.0,948.0,936.0,398.0,406.0,400.0
3894.0,907.0,887.0,938.0,383.0,399.0,380.0
3998.0,934.0,920.0,967.0,385.0,401.0,391.0
4064.0,960.0,926.0,983.0,405.0,398.0,392.0
3925.0,927.0,907.0,927.0,394.0,389.0,381.0
3947.0,921.0,911.0,945.0,388.0,392.0,390.0
4023.0,948.0,921.0,945.0,411.0,395.0,403.0
4098.0,958.0,959.0,959.0,405.0,406.0,411.0
3902.0,893.0,916.0,937.0,390.0,390.0,376.0
4120.0,935.0,967.0,967.0,414.0,407.0,430.0
3996.0,909.0,950.0,943.0,396.0,404.0,394.0
3996.0,946.0,942.0,940.0,391.0,383.0,394.0
4124.0,951.0,974.0,964.0,406.0,411.0,418.0
4124.0,957.0,968.0,968.0,412.0,411.0,408.0
3954.0,924.0,921.0,957.0,387.0,381.0,384.0
4173.0,989.0,982.0,963.0,411.0,419.0,409.0
4082.0,945.0,968.0,953.0,414.0,399.0,403.0
4132.0,977.0,951.0,968.0,410.0,413.0,413.0
4163.0,998.0,986.0,951.0,413.0,406.0,409.0
4208.0,1007.0,973.0,975.0,420.0,411.0,422.0
4420.0,1046.0,1061.0,1020.0,430.0,438.0,425.0
4200.0,988.0,1020.0,957.0,420.0,399.0,416.0
4177.0,1010.0,995.0,953.0,407.0,410.0,402.0
4240.0,984.0,994.0,996.0,423.0,431.0,412.0
4188.0,1002.0,991.0,955.0,423.0,392.0,425.0
4346.0,1038.0,1019.0,984.0,435.0,428.0,442.0
4152.0,988.0,974.0,934.0,419.0,422.0,415.0
4219.0,995.0,985.0,984.0,422.0,416.0,417.0
4176.0,980.0,985.0,959.0,425.0,415.0,412.0
4253.0,1004.0,1003.0,970.0,432.0,424.0,420.0
4131.0,949.0,978.0,948.0,431.0,415.0,410.0
4136.0,941.0,978.0,968.0,421.0,425.0,403.0
4292.0,994.0,989.0,1006.0,439.0,439.0,425.0
4259.0,965.0,994.0,992.0,444.0,434.0,430.0
4278.0,982.0,1007.0,1006.0,430.0,424.0,429.0
4249.0,995.0,970.0,1023.0,420.0,419.0,422.0
4286.0,973.0,994.0,1022.0,435.0,425.0,437.0
4213.0,981.0,961.0,995.0,428.0,420.0,428.0
4204.0,972.0,950.0,1006.0,423.0,438.0,415.0
4297.0,1020.0,976.0,1011.0,433.0,432.0,425.0
4134.0,944.0,968.0,964.0,428.0,416.0,414.0
4157.0,962.0,951.0,996.0,420.0,411.0,417.0
4253.0,980.0,972.0,1018.0,425.0,431.0,427.0
4289.0,1020.0,982.0,1002.0,425.0,422.0,438.0
4178.0,966.0,933.0,989.0,430.0,429.0,431.0
4220.0,1017.0,922.0,992.0,439.0,423.0,427.0
4117.0,989.0,917.0,977.0,406.0,421.0,407.0
4094.0,978.0,932.0,969.0,393.0,414.0,408.0
4095.0,964.0,923.0,978.0,405.0,414.0,411.0
4220.0,978.0,968.0,977.0,430.0,441.0,426.0
4148.0,973.0,928.0,996.0,419.0,415.0,417.0
4131.0,948.0,964.0,967.0,423.0,416.0,413.0
4272.0,989.0,1007.0,989.0,419.0,428.0,440.0
4186.0,975.0,995.0,960.0,412.0,416.0,428.0
3980.0,919.0,940.0,929.0,390.0,403.0,399.0
4077.0,957.0,945.0,957.0,408.0,410.0,400.0
4090.0,940.0,969.0,955.0,410.0,404.0,412.0
4062.0,925.0,943.0,951.0,421.0,406.0,416.0
4018.0,916.0,972.0,910.0,409.0,406.0,405.0
4120.0,929.0,991.0,952.0,412.0,423.0,413.0
4165.0,955.0,977.0,957.0,418.0,431.0,427.0
4123.0,965.0,980.0,948.0,409.0,418.0,403.0
4269.0,991.0,1016.0,967.0,425.0,438.0,432.0
4231.0,981.0,1004.0,975.0,407.0,436.0,428.0
4245.0,970.0,1038.0,966.0,426.0,419.0,426.0
4107.0,981.0,963.0,933.0,401.0,412.0,417.0
4178.0,978.0,970.0,967.0,422.0,426.0,415.0
4199.0,1014.0,963.0,968.0,421.0,414.0,419.0
4243.0,984.0,1012.0,989.0,412.0,424.0,422.0
4200.0,992.0,968.0,977.0,407.0,441.0,415.0
4357.0,1069.0,1018.0,961.0,429.0,436.0,444.0
4282.0,1011.0,985.0,1000.0,426.0,423.0,437.0
4238.0,1013.0,993.0,970.0,415.0,421.0,426.0
4221.0,1007.0,984.0,979.0,419.0,411.0,421.0
4241.0,994.0,995.0,992.0,415.0,425.0,420.0
4246.0,1032.0,948.0,997.0,424.0,433.0,412.0
4209.0,989.0,954.0,1016.0,416.0,421.0,413.0
4320.0,1035.0,991.0,1014.0,426.0,431.0,423.0
4369.0,1049.0,1001.0,1030.0,430.0,431.0,428.0
4132.0,948.0,963.0,996.0,410.0,404.0,411.0
4291.0,987.0,1000.0,1011.0,424.0,435.0,434.0
4249.0,973.0,991.0,1018.0,425.0,422.0,420.0
4248.0,977.0,980.0,1029.0,427.0,417.0,418.0
4382.0,1021.0,1038.0,1033.0,431.0,431.0,428.0
4465.0,1048.0,1014.0,1066.0,448.0,442.0,447.0
4327.0,1001.0,1009.0,1018.0,433.0,437.0,429.0
4294.0,998.0,991.0,1019.0,431.0,425.0,430.0
4221.0,990.0,965.0,1026.0,415.0,416.0,409.0
4371.0,1005.0,1039.0,1043.0,430.0,432.0,422.0
4366.0,1007.0,1039.0,1014.0,442.0,435.0,429.0
4311.0,981.0,1024.0,1020.0,441.0,430.0,415.0
4251.0,997.0,989.0,997.0,435.0,417.0,416.0
4293.0,997.0,1017.0,988.0,436.0,426.0,429.0
4130.0,950.0,981.0,978.0,417.0,401.0,403.0
4205.0,980.0,1000.0,986.0,420.0,411.0,408.0
4335.0,1016.0,1015.0,1022.0,436.0,414.0,432.0
4237.0,1006.0,1001.0,983.0,414.0,426.0,407.0
4223.0,982.0,1004.0,993.0,422.0,408.0,414.0
4271.0,971.0,1022.0,1016.0,429.0,421.0,412.0
4354.0,1033.0,1039.0,1004.0,432.0,430.0,416.0
4264.0,988.0,994.0,1008.0,428.0,427.0,419.0
4299.0,1025.0,1018.0,954.0,443.0,427.0,432.0
4289.0,1007.0,990.0,1002.0,431.0,428.0,431.0
4342.0,1046.0,983.0,1015.0,435.0,437.0,426.0
4302.0,999.0,1010.0,996.0,430.0,436.0,431.0
4301.0,1007.0,976.0,1009.0,439.0,436.0,434.0
4176.0,962.0,983.0,952.0,429.0,431.0,419.0
4167.0,943.0,974.0,966.0,426.0,432.0,426.0
4397.0,1022.0,1020.0,1027.0,450.0,439.0,439.0
4346.0,1007.0,1024.0,1000.0,441.0,434.0,440.0
4292.0,1016.0,1025.0,954.0,432.0,431.0,434.0
4231.0,978.0,985.0,973.0,425.0,433.0,437.0
4225.0,962.0,990.0,996.0,422.0,424.0,431.0
4220.0,968.0,989.0,968.0,426.0,437.0,432.0
4288.0,990.0,988.0,1019.0,435.0,437.0,419.0
4309.0,1013.0,984.0,985.0,435.0,443.0,449.0
4221.0,963.0,986.0,981.0,421.0,438.0,432.0
4389.0,1018.0,1026.0,1027.0,441.0,443.0,434.0
4204.0,976.0,967.0,975.0,421.0,431.0,434.0
4421.0,1015.0,1051.0,1024.0,444.0,451.0,436.0
4374.0,1029.0,1007.0,1014.0,440.0,444.0,440.0
4305.0,1028.0,981.0,976.0,440.0,444.0,436.0
4335.0,1014.0,1003.0,1009.0,426.0,438.0,445.0
4362.0,1007.0,1019.0,1008.0,427.0,448.0,453.0
4363.0,1033.0,1035.0,997.0,417.0,447.0,434.0
4492.0,1066.0,1032.0,1050.0,436.0,454.0,454.0
4453.0,1069.0,1045.0,1028.0,425.0,444.0,442.0
4442.0,1039.0,1036.0,1043.0,440.0,439.0,445.0
4440.0,1034.0,1033.0,1034.0,441.0,439.0,459.0
4405.0,1010.0,1040.0,1010.0,436.0,457.0,452.0
4385.0,994.0,1047.0,1038.0,424.0,439.0,443.0
4567.0,1071.0,1056.0,1075.0,457.0,450.0,458.0
4416.0,1028.0,1059.0,1032.0,429.0,431.0,437.0
4496.0,1048.0,1052.0,1050.0,445.0,449.0,452.0
4388.0,1000.0,1039.0,1054.0,420.0,431.0,444.0
4370.0,985.0,1025.0,1032.0,438.0,440.0,450.0
4334.0,976.0,1038.0,1029.0,431.0,429.0,431.0
4505.0,1020.0,1053.0,1090.0,442.0,446.0,454.0
4292.0,985.0,993.0,1028.0,419.0,431.0,436.0
4360.0,1027.0,1001.0,1036.0,434.0,420.0,442.0
4345.0,989.0,1022.0,1029.0,441.0,426.0,438.0
4422.0,1054.0,1025.0,1021.0,428.0,446.0,448.0
4432.0,1022.0,1025.0,1052.0,448.0,442.0,443.0
4463.0,1032.0,1043.0,1071.0,439.0,429.0,449.0
4529.0,1060.0,1046.0,1063.0,453.0,456.0,451.0
4523.0,1048.0,1034.0,1087.0,452.0,454.0,448.0
4374.0,1002.0,1010.0,1031.0,445.0,443.0,443.0
4213.0,987.0,958.0,990.0,425.0,424.0,429.0
4318.0,1043.0,986.0,998.0,438.0,428.0,425.0
4308.0,1002.0,980.0,1017.0,442.0,430.0,437.0
4379.0,1006.0,1030.0,1036.0,435.0,431.0,441.0
4299.0,1014.0,1007.0,1004.0,426.0,414.0,434.0
4373.0,1033.0,1010.0,1024.0,444.0,426.0,436.0
4265.0,996.0,1006.0,992.0,428.0,420.0,423.0
4472.0,1049.0,1046.0,1044.0,451.0,437.0,445.0
4187.0,993.0,976.0,964.0,421.0,415.0,418.0
4321.0,1008.0,998.0,1006.0,446.0,424.0,439.0
4267.0,1007.0,992.0,989.0,444.0,425.0,410.0
4320.0,1019.0,1029.0,983.0,440.0,419.0,430.0
4294.0,1004.0,1016.0,963.0,450.0,421.0,440.0
4286.0,1001.0,998.0,993.0,439.0,433.0,422.0
4344.0,1035.0,1007.0,1013.0,436.0,424.0,429.0
4296.0,1008.0,995.0,991.0,447.0,426.0,429.0
4288.0,958.0,1027.0,997.0,441.0,433.0,432.0
4293.0,987.0,1026.0,991.0,439.0,424.0,426.0
4290.0,970.0,1026.0,1008.0,441.0,426.0,419.0
4470.0,1033.0,1058.0,1031.0,448.0,447.0,453.0
4327.0,1011.0,1030.0,989.0,437.0,433.0,427.0
4520.0,1038.0,1079.0,1058.0,446.0,452.0,447.0
4242.0,985.0,983.0,991.0,423.0,434.0,426.0
4223.0,1004.0,986.0,985.0,421.0,415.0,412.0
4488.0,1024.0,1044.0,1069.0,443.0,459.0,449.0
4538.0,1057.0,1059.0,1073.0,443.0,461.0,445.0
4417.0,1045.0,1037.0,1025.0,431.0,449.0,430.0
4252.0,1001.0,988.0,992.0,426.0,425.0,420.0
4509.0,1045.0,1057.0,1073.0,442.0,453.0,439.0
4490.0,1064.0,1012.0,1056.0,445.0,463.0,450.0
4436.0,1058.0,1034.0,1033.0,432.0,446.0,433.0
4566.0,1078.0,1044.0,1090.0,447.0,454.0,453.0
4595.0,1083.0,1087.0,1064.0,456.0,451.0,454.0
4472.0,1059.0,1011.0,1070.0,437.0,448.0,447.0
4441.0,1060.0,1019.0,1030.0,441.0,443.0,448.0
4443.0,1034.0,1022.0,1056.0,441.0,449.0,441.0
4507.0,1044.0,1051.0,1062.0,437.0,456.0,457.0
4496.0,1057.0,1015.0,1074.0,442.0,463.0,445.0
4528.0,1020.0,1059.0,1059.0,456.0,467.0,467.0
4563.0,1066.0,1063.0,1059.0,455.0,453.0,467.0
4541.0,1051.0,1044.0,1079.0,442.0,467.0,458.0
4596.0,1056.0,1048.0,1095.0,461.0,462.0,474.0
4335.0,994.0,1003.0,1012.0,430.0,446.0,450.0
4441.0,1019.0,1021.0,1045.0,455.0,445.0,456.0
4529.0,1050.0,1041.0,1086.0,439.0,462.0,451.0
4615.0,1060.0,1057.0,1091.0,468.0,480.0,459.0
4472.0,1051.0,1048.0,1029.0,441.0,449.0,454.0
4419.0,1026.0,1027.0,1053.0,422.0,444.0,447.0
4534.0,1038.0,1069.0,1066.0,439.0,461.0,461.0
4375.0,1010.0,1034.0,1026.0,424.0,439.0,442.0
4442.0,1043.0,1029.0,1040.0,434.0,443.0,453.0
4471.0,1052.0,1033.0,1032.0,454.0,454.0,446.0
4514.0,1057.0,1073.0,1034.0,455.0,442.0,453.0
4470.0,1054.0,1020.0,1035.0,457.0,448.0,456.0
4476.0,1054.0,1070.0,1013.0,437.0,447.0,455.0
4572.0,1070.0,1094.0,1046.0,454.0,449.0,459.0
4426.0,1057.0,1043.0,992.0,440.0,439.0,455.0
4547.0,1050.0,1074.0,1056.0,459.0,452.0,456.0
4532.0,1056.0,1095.0,1049.0,444.0,434.0,454.0
4517.0,1045.0,1063.0,1048.0,460.0,450.0,451.0
4745.0,1110.0,1125.0,1094.0,480.0,456.0,480.0
4495.0,1053.0,1065.0,1018.0,450.0,453.0,456.0
4307.0,1007.0,1008.0,1008.0,425.0,423.0,436.0
4432.0,999.0,1058.0,1021.0,458.0,446.0,450.0
4370.0,1043.0,1042.0,971.0,429.0,442.0,443.0
4322.0,1024.0,1016.0,977.0,440.0,420.0,445.0
4423.0,1023.0,1056.0,1018.0,446.0,435.0,445.0
4467.0,1042.0,1042.0,1025.0,459.0,447.0,452.0
4373.0,989.0,1015.0,1032.0,455.0,445.0,437.0
4528.0,1050.0,1058.0,1056.0,458.0,456.0,450.0
4633.0,1077.0,1089.0,1072.0,476.0,452.0,467.0
4361.0,995.0,1039.0,996.0,447.0,443.0,441.0
4548.0,1077.0,1053.0,1065.0,468.0,435.0,450.0
4469.0,1031.0,1031.0,1040.0,463.0,445.0,459.0
4450.0,1043.0,1041.0,1038.0,450.0,431.0,447.0
4513.0,1053.0,1027.0,1060.0,466.0,445.0,462.0
4578.0,1077.0,1043.0,1079.0,459.0,462.0,458.0
4557.0,1049.0,1066.0,1087.0,447.0,449.0,459.0
4628.0,1076.0,1077.0,1066.0,477.0,459.0,473.0
4570.0,1066.0,1069.0,1080.0,456.0,444.0,455.0
4620.0,1072.0,1081.0,1078.0,469.0,451.0,469.0
4655.0,1094.0,1070.0,1104.0,467.0,455.0,465.0
4632.0,1105.0,1049.0,1090.0,472.0,453.0,463.0
4541.0,1057.0,1032.0,1093.0,460.0,454.0,445.0
4711.0,1089.0,1096.0,1118.0,467.0,474.0,467.0
4641.0,1089.0,1083.0,1092.0,456.0,461.0,460.0
4599.0,1073.0,1108.0,1055.0,452.0,451.0,460.0
4670.0,1087.0,1095.0,1108.0,468.0,461.0,451.0
4735.0,1104.0,1120.0,1103.0,469.0,481.0,458.0
4628.0,1055.0,1108.0,1097.0,450.0,465.0,453.0
4738.0,1091.0,1114.0,1131.0,462.0,473.0,467.0
4637.0,1063.0,1119.0,1085.0,462.0,453.0,455.0
4584.0,1059.0,1106.0,1065.0,451.0,469.0,434.0
4534.0,1057.0,1075.0,1047.0,445.0,460.0,450.0
4522.0,1056.0,1051.0,1055.0,441.0,471.0,448.0
4655.0,1087.0,1100.0,1063.0,464.0,477.0,464.0
4662.0,1066.0,1113.0,1075.0,468.0,482.0,458.0
4616.0,1056.0,1095.0,1080.0,452.0,472.0,461.0
4601.0,1049.0,1117.0,1071.0,443.0,467.0,454.0
4496.0,1016.0,1077.0,1046.0,446.0,466.0,445.0
4409.0,1011.0,1043.0,1007.0,441.0,465.0,442.0
4662.0,1078.0,1100.0,1084.0,465.0,470.0,465.0
4596.0,1075.0,1077.0,1059.0,455.0,470.0,460.0
4512.0,1033.0,1059.0,1055.0,453.0,461.0,451.0
4642.0,1106.0,1074.0,1091.0,462.0,456.0,453.0
4437.0,1059.0,1037.0,1005.0,446.0,446.0,444.0
4435.0,1078.0,1020.0,988.0,450.0,456.0,443.0
4539.0,1075.0,1052.0,1048.0,444.0,463.0,457.0
4277.0,1022.0,977.0,987.0,427.0,440.0,424.0
4567.0,1075.0,1035.0,1072.0,452.0,467.0,466.0
4715.0,1135.0,1082.0,1086.0,476.0,473.0,463.0
4408.0,1042.0,991.0,1033.0,448.0,447.0,447.0
4449.0,1052.0,1012.0,1032.0,450.0,449.0,454.0
4568.0,1087.0,1033.0,1079.0,457.0,451.0,461.0
4377.0,1061.0,978.0,1008.0,440.0,450.0,440.0
4631.0,1076.0,1062.0,1086.0,468.0,470.0,469.0
4591.0,1055.0,1067.0,1086.0,457.0,464.0,462.0
4413.0,1001.0,1032.0,1041.0,449.0,443.0,447.0
4567.0,1084.0,1039.0,1069.0,446.0,465.0,464.0
4591.0,1068.0,1082.0,1065.0,461.0,451.0,464.0
4522.0,1015.0,1062.0,1080.0,459.0,457.0,449.0
4519.0,1054.0,1033.0,1076.0,461.0,444.0,451.0
4624.0,1069.0,1086.0,1088.0,462.0,452.0,467.0
4622.0,1057.0,1079.0,1090.0,470.0,466.0,460.0
4647.0,1049.0,1076.0,1112.0,475.0,462.0,473.0
4631.0,1069.0,1070.0,1103.0,473.0,458.0,458.0
4559.0,1058.0,1062.0,1059.0,464.0,463.0,453.0
4666.0,1086.0,1081.0,1099.0,470.0,457.0,473.0
4749.0,1110.0,1105.0,1122.0,472.0,470.0,470.0
4769.0,1118.0,1100.0,1121.0,472.0,465.0,493.0
4715.0,1105.0,1094.0,1114.0,474.0,458.0,470.0
4788.0,1118.0,1121.0,1122.0,472.0,470.0,485.0
4891.0,1124.0,1141.0,1160.0,485.0,485.0,496.0
4654.0,1079.0,1074.0,1112.0,469.0,452.0,468.0
4720.0,1114.0,1085.0,1118.0,461.0,476.0,466.0
4751.0,1118.0,1119.0,1099.0,471.0,467.0,477.0
4704.0,1101.0,1113.0,1106.0,465.0,456.0,463.0
4714.0,1118.0,1100.0,1096.0,469.0,456.0,475.0
4773.0,1120.0,1118.0,1111.0,473.0,470.0,481.0
4843.0,1148.0,1129.0,1106.0,485.0,483.0,492.0
4768.0,1102.0,1118.0,1120.0,485.0,462.0,481.0
4747.0,1113.0,1110.0,1095.0,472.0,456.0,501.0
4696.0,1104.0,1126.0,1084.0,456.0,455.0,471.0
4716.0,1084.0,1092.0,1108.0,469.0,487.0,476.0
4708.0,1115.0,1083.0,1102.0,469.0,464.0,475.0
4735.0,1119.0,1111.0,1080.0,467.0,477.0,481.0
4722.0,1107.0,1104.0,1104.0,471.0,464.0,472.0
4748.0,1104.0,1102.0,1107.0,473.0,487.0,475.0
4687.0,1076.0,1085.0,1113.0,475.0,459.0,479.0
4679.0,1080.0,1090.0,1110.0,464.0,461.0,474.0
4621.0,1088.0,1079.0,1070.0,454.0,462.0,468.0
4618.0,1076.0,1075.0,1085.0,459.0,459.0,464.0
4636.0,1086.0,1097.0,1064.0,458.0,462.0,469.0
4796.0,1130.0,1129.0,1100.0,477.0,482.0,478.0
4844.0,1128.0,1146.0,1118.0,480.0,473.0,499.0
4713.0,1114.0,1105.0,1096.0,458.0,470.0,470.0
4668.0,1113.0,1056.0,1084.0,463.0,473.0,479.0
4635.0,1083.0,1070.0,1084.0,465.0,459.0,474.0
4528.0,1078.0,1053.0,1041.0,442.0,448.0,466.0
4675.0,1112.0,1098.0,1058.0,464.0,480.0,463.0
4648.0,1100.0,1088.0,1084.0,458.0,459.0,459.0
4680.0,1109.0,1088.0,1084.0,459.0,470.0,470.0
4684.0,1090.0,1111.0,1091.0,466.0,458.0,468.0
4549.0,1092.0,1053.0,1056.0,448.0,461.0,439.0
4766.0,1100.0,1128.0,1109.0,481.0,475.0,473.0
4670.0,1073.0,1114.0,1080.0,468.0,472.0,463.0
4635.0,1086.0,1091.0,1081.0,462.0,465.0,450.0
4621.0,1079.0,1096.0,1079.0,457.0,459.0,451.0
4745.0,1083.0,1149.0,1090.0,480.0,477.0,466.0
4697.0,1078.0,1112.0,1097.0,481.0,468.0,461.0
4809.0,1105.0,1121.0,1145.0,477.0,490.0,471.0
4646.0,1058.0,1075.0,1120.0,464.0,477.0,452.0
4898.0,1131.0,1139.0,1167.0,495.0,489.0,477.0
4656.0,1061.0,1108.0,1088.0,475.0,474.0,450.0
4525.0,1051.0,1057.0,1062.0,461.0,456.0,438.0
4616.0,1076.0,1085.0,1073.0,459.0,467.0,456.0
4783.0,1104.0,1105.0,1124.0,482.0,486.0,482.0
4775.0,1099.0,1103.0,1121.0,492.0,486.0,474.0
4657.0,1072.0,1077.0,1114.0,479.0,469.0,446.0
4827.0,1120.0,1123.0,1130.0,486.0,495.0,473.0
4768.0,1100.0,1097.0,1118.0,496.0,484.0,473.0
4892.0,1156.0,1130.0,1160.0,481.0,491.0,474.0
4670.0,1069.0,1085.0,1097.0,482.0,473.0,464.0
4795.0,1141.0,1123.0,1093.0,480.0,479.0,479.0
4825.0,1103.0,1135.0,1143.0,488.0,483.0,473.0
4918.0,1159.0,1136.0,1158.0,498.0,490.0,477.0
4725.0,1104.0,1105.0,1100.0,470.0,487.0,459.0
4799.0,1144.0,1105.0,1109.0,492.0,473.0,476.0
4690.0,1099.0,1072.0,1099.0,488.0,463.0,469.0
4751.0,1112.0,1118.0,1084.0,495.0,474.0,468.0
4774.0,1122.0,1082.0,1135.0,479.0,480.0,476.0
4874.0,1120.0,1158.0,1142.0,488.0,483.0,483.0
4839.0,1115.0,1126.0,1121.0,499.0,485.0,493.0
4795.0,1139.0,1119.0,1095.0,471.0,483.0,488.0
4693.0,1075.0,1109.0,1079.0,477.0,473.0,480.0
4824.0,1135.0,1117.0,1126.0,485.0,481.0,480.0
4773.0,1108.0,1093.0,1121.0,487.0,466.0,498.0
4707.0,1089.0,1118.0,1094.0,469.0,474.0,463.0
4726.0,1091.0,1109.0,1093.0,476.0,475.0,482.0
4873.0,1119.0,1140.0,1144.0,488.0,485.0,497.0
4700.0,1106.0,1113.0,1084.0,461.0,463.0,473.0
4592.0,1056.0,1099.0,1049.0,460.0,464.0,464.0
4734.0,1077.0,1146.0,1083.0,470.0,473.0,485.0
4768.0,1106.0,1137.0,1084.0,497.0,468.0,476.0
4782.0,1088.0,1159.0,1107.0,473.0,476.0,479.0
4764.0,1103.0,1142.0,1100.0,472.0,474.0,473.0
4948.0,1161.0,1153.0,1156.0,492.0,494.0,492.0
4670.0,1106.0,1085.0,1086.0,457.0,463.0,473.0
4798.0,1120.0,1139.0,1112.0,465.0,466.0,496.0
4685.0,1101.0,1105.0,1077.0,470.0,469.0,463.0
4659.0,1091.0,1096.0,1088.0,454.0,459.0,471.0
4825.0,1130.0,1139.0,1101.0,482.0,481.0,492.0
4864.0,1157.0,1142.0,1121.0,485.0,476.0,483.0
4747.0,1123.0,1105.0,1088.0,479.0,470.0,482.0
4784.0,1128.0,1102.0,1144.0,467.0,464.0,479.0
4887.0,1143.0,1143.0,1132.0,489.0,487.0,493.0
4782.0,1101.0,1123.0,1135.0,471.0,470.0,482.0
4731.0,1123.0,1087.0,1111.0,466.0,462.0,482.0
4826.0,1140.0,1105.0,1145.0,466.0,473.0,497.0
4681.0,1071.0,1089.0,1100.0,475.0,475.0,471.0
4596.0,1079.0,1052.0,1068.0,466.0,456.0,475.0
4776.0,1095.0,1092.0,1131.0,478.0,486.0,494.0
4705.0,1079.0,1105.0,1118.0,452.0,479.0,472.0
4904.0,1108.0,1150.0,1169.0,491.0,495.0,491.0
4914.0,1142.0,1138.0,1166.0,491.0,484.0,493.0
4674.0,1066.0,1068.0,1108.0,479.0,478.0,475.0
4760.0,1082.0,1099.0,1127.0,477.0,486.0,489.0
4754.0,1080.0,1093.0,1142.0,477.0,484.0,478.0
4784.0,1108.0,1123.0,1114.0,476.0,487.0,476.0
4964.0,1135.0,1166.0,1158.0,509.0,492.0,504.0
4768.0,1089.0,1112.0,1119.0,490.0,481.0,477.0
4836.0,1148.0,1101.0,1131.0,487.0,489.0,480.0
4870.0,1151.0,1124.0,1143.0,489.0,481.0,482.0
4887.0,1131.0,1124.0,1155.0,497.0,491.0,489.0
4880.0,1152.0,1143.0,1126.0,486.0,488.0,485.0
4843.0,1127.0,1121.0,1110.0,511.0,486.0,488.0
4976.0,1168.0,1186.0,1133.0,502.0,487.0,500.0
4891.0,1178.0,1118.0,1112.0,496.0,500.0,487.0
4943.0,1157.0,1149.0,1148.0,491.0,511.0,487.0
5042.0,1206.0,1172.0,1154.0,510.0,516.0,484.0
4789.0,1132.0,1127.0,1080.0,488.0,491.0,471.0
4822.0,1133.0,1135.0,1120.0,483.0,483.0,468.0
4980.0,1190.0,1171.0,1118.0,502.0,506.0,493.0
4996.0,1165.0,1196.0,1157.0,499.0,496.0,483.0
4975.0,1148.0,1187.0,1144.0,500.0,514.0,482.0
4989.0,1167.0,1144.0,1155.0,511.0,516.0,496.0
4774.0,1095.0,1124.0,1098.0,496.0,476.0,485.0
4811.0,1105.0,1137.0,1107.0,483.0,491.0,488.0
5095.0,1171.0,1214.0,1177.0,514.0,505.0,514.0
4878.0,1136.0,1140.0,1137.0,489.0,489.0,487.0
4932.0,1130.0,1179.0,1143.0,486.0,509.0,485.0
4875.0,1124.0,1134.0,1131.0,496.0,504.0,486.0
4930.0,1144.0,1122.0,1157.0,502.0,505.0,500.0
4850.0,1133.0,1140.0,1130.0,491.0,479.0,477.0
4937.0,1140.0,1170.0,1144.0,498.0,494.0,491.0
4939.0,1133.0,1140.0,1164.0,505.0,498.0,499.0
4759.0,1088.0,1122.0,1115.0,473.0,487.0,474.0
4736.0,1106.0,1102.0,1110.0,470.0,482.0,466.0
5047.0,1182.0,1185.0,1177.0,513.0,499.0,491.0
5048.0,1190.0,1171.0,1189.0,501.0,507.0,490.0
5027.0,1185.0,1155.0,1189.0,491.0,497.0,510.0
4850.0,1139.0,1120.0,1144.0,475.0,489.0,483.0
4943.0,1160.0,1158.0,1149.0,494.0,486.0,496.0
4966.0,1187.0,1145.0,1160.0,498.0,478.0,498.0
4874.0,1134.0,1126.0,1154.0,478.0,494.0,488.0
4863.0,1157.0,1132.0,1135.0,475.0,479.0,485.0
4925.0,1132.0,1150.0,1172.0,499.0,490.0,482.0
4945.0,1164.0,1176.0,1152.0,477.0,488.0,488.0
4767.0,1113.0,1106.0,1136.0,468.0,470.0,474.0
4886.0,1125.0,1151.0,1162.0,476.0,477.0,495.0
4833.0,1142.0,1118.0,1141.0,478.0,468.0,486.0
4950.0,1132.0,1163.0,1176.0,493.0,490.0,496.0
4912.0,1137.0,1139.0,1168.0,489.0,485.0,494.0
4938.0,1152.0,1173.0,1144.0,487.0,483.0,499.0
4909.0,1113.0,1168.0,1180.0,471.0,486.0,491.0
4965.0,1134.0,1172.0,1195.0,485.0,492.0,487.0
4765.0,1095.0,1116.0,1118.0,481.0,469.0,486.0
4889.0,1128.0,1180.0,1138.0,481.0,473.0,489.0
4998.0,1118.0,1205.0,1192.0,497.0,491.0,495.0
4883.0,1144.0,1136.0,1149.0,479.0,487.0,488.0
4946.0,1139.0,1158.0,1153.0,506.0,493.0,497.0
4855.0,1126.0,1141.0,1128.0,485.0,481.0,494.0
5033.0,1153.0,1174.0,1178.0,515.0,495.0,518.0
5024.0,1166.0,1173.0,1176.0,497.0,494.0,518.0
4955.0,1171.0,1156.0,1151.0,486.0,490.0,501.0
4884.0,1149.0,1126.0,1133.0,497.0,492.0,487.0
5041.0,1167.0,1188.0,1168.0,504.0,508.0,506.0
4889.0,1150.0,1140.0,1132.0,494.0,477.0,496.0
5025.0,1193.0,1166.0,1149.0,516.0,505.0,496.0
5035.0,1189.0,1187.0,1159.0,500.0,492.0,508.0
5087.0,1192.0,1189.0,1166.0,525.0,509.0,506.0
5077.0,1205.0,1169.0,1174.0,515.0,497.0,517.0
5048.0,1200.0,1160.0,1148.0,511.0,511.0,518.0
4921.0,1151.0,1146.0,1116.0,493.0,507.0,508.0
4948.0,1149.0,1148.0,1147.0,501.0,487.0,516.0
5189.0,1216.0,1203.0,1184.0,527.0,523.0,536.0
5114.0,1222.0,1155.0,1174.0,523.0,525.0,515.0
5027.0,1163.0,1154.0,1193.0,510.0,500.0,507.0
5039.0,1168.0,1153.0,1180.0,519.0,512.0,507.0
5264.0,1243.0,1214.0,1206.0,535.0,533.0,533.0
5001.0,1181.0,1155.0,1150.0,503.0,514.0,498.0
5053.0,1174.0,1171.0,1171.0,509.0,515.0,513.0
5025.0,1171.0,1142.0,1196.0,520.0,497.0,499.0
5097.0,1189.0,1190.0,1182.0,512.0,515.0,509.0
5018.0,1145.0,1183.0,1175.0,495.0,511.0,509.0
4946.0,1125.0,1139.0,1172.0,496.0,504.0,510.0
5063.0,1159.0,1193.0,1169.0,519.0,515.0,508.0
5049.0,1163.0,1178.0,1184.0,515.0,502.0,507.0
5096.0,1176.0,1202.0,1193.0,509.0,514.0,502.0
4923.0,1134.0,1148.0,1160.0,487.0,492.0,502.0
4973.0,1144.0,1170.0,1173.0,491.0,497.0,498.0
5066.0,1165.0,1210.0,1168.0,509.0,511.0,503.0
5088.0,1162.0,1189.0,1208.0,506.0,512.0,511.0
5070.0,1187.0,1190.0,1178.0,483.0,523.0,509.0
4977.0,1140.0,1162.0,1193.0,488.0,508.0,486.0
5022.0,1183.0,1163.0,1177.0,494.0,503.0,502.0
4964.0,1155.0,1174.0,1163.0,482.0,499.0,491.0
4956.0,1156.0,1166.0,1162.0,489.0,486.0,497.0
5044.0,1212.0,1176.0,1170.0,489.0,507.0,490.0
4910.0,1157.0,1138.0,1140.0,476.0,504.0,495.0
4984.0,1160.0,1166.0,1174.0,496.0,494.0,494.0
4915.0,1149.0,1151.0,1140.0,490.0,504.0,481.0
5096.0,1178.0,1188.0,1221.0,495.0,511.0,503.0
4934.0,1176.0,1131.0,1151.0,491.0,494.0,491.0
5138.0,1204.0,1197.0,1214.0,513.0,504.0,506.0
5057.0,1172.0,1179.0,1195.0,506.0,503.0,502.0
5125.0,1185.0,1193.0,1218.0,501.0,511.0,517.0
4828.0,1113.0,1105.0,1157.0,482.0,489.0,482.0
4826.0,1133.0,1089.0,1161.0,479.0,482.0,482.0
4903.0,1129.0,1155.0,1141.0,495.0,507.0,476.0
4943.0,1149.0,1142.0,1171.0,491.0,494.0,496.0
4983.0,1178.0,1135.0,1171.0,488.0,506.0,505.0
5112.0,1192.0,1174.0,1221.0,506.0,514.0,505.0
4903.0,1138.0,1136.0,1148.0,499.0,498.0,484.0
5062.0,1193.0,1159.0,1184.0,501.0,512.0,513.0
5040.0,1201.0,1173.0,1158.0,499.0,503.0,506.0
5004.0,1190.0,1141.0,1165.0,497.0,508.0,503.0
4989.0,1187.0,1144.0,1173.0,493.0,504.0,488.0
4973.0,1170.0,1134.0,1172.0,496.0,505.0,496.0
4968.0,1183.0,1167.0,1132.0,503.0,496.0,487.0
4963.0,1203.0,1111.0,1162.0,509.0,480.0,498.0
5110.0,1189.0,1210.0,1169.0,522.0,514.0,506.0
5140.0,1220.0,1199.0,1195.0,511.0,507.0,508.0
5180.0,1225.0,1212.0,1199.0,518.0,505.0,521.0
5214.0,1244.0,1217.0,1216.0,518.0,506.0,513.0
4957.0,1173.0,1185.0,1108.0,496.0,493.0,502.0
5218.0,1194.0,1222.0,1232.0,530.0,523.0,517.0
5277.0,1264.0,1240.0,1216.0,531.0,510.0,516.0
5226.0,1198.0,1256.0,1212.0,516.0,515.0,529.0
5270.0,1233.0,1230.0,1214.0,533.0,525.0,535.0
5192.0,1199.0,1215.0,1211.0,530.0,518.0,519.0
5215.0,1207.0,1241.0,1208.0,528.0,519.0,512.0
5126.0,1192.0,1218.0,1185.0,514.0,511.0,506.0
5105.0,1168.0,1200.0,1198.0,523.0,496.0,520.0
5153.0,1193.0,1218.0,1197.0,516.0,507.0,522.0
5107.0,1184.0,1193.0,1188.0,515.0,513.0,514.0
5205.0,1211.0,1221.0,1208.0,523.0,516.0,526.0
5243.0,1196.0,1227.0,1241.0,518.0,526.0,535.0
5075.0,1176.0,1188.0,1185.0,507.0,512.0,507.0
5024.0,1176.0,1146.0,1203.0,499.0,497.0,503.0
5060.0,1168.0,1171.0,1197.0,503.0,511.0,510.0
5105.0,1193.0,1165.0,1197.0,516.0,507.0,527.0
5202.0,1215.0,1203.0,1215.0,521.0,522.0,526.0
5342.0,1255.0,1241.0,1235.0,540.0,529.0,542.0
5014.0,1175.0,1146.0,1169.0,503.0,513.0,508.0
4963.0,1168.0,1165.0,1166.0,493.0,482.0,489.0
5089.0,1202.0,1172.0,1169.0,516.0,516.0,514.0
5168.0,1233.0,1159.0,1235.0,513.0,513.0,515.0
5074.0,1194.0,1159.0,1188.0,495.0,529.0,509.0
5075.0,1197.0,1160.0,1200.0,498.0,510.0,510.0
5156.0,1219.0,1194.0,1193.0,522.0,507.0,521.0
5047.0,1188.0,1161.0,1176.0,498.0,508.0,516.0
5118.0,1195.0,1170.0,1188.0,519.0,524.0,522.0
4944.0,1158.0,1147.0,1155.0,489.0,498.0,497.0
4995.0,1167.0,1148.0,1168.0,491.0,507.0,514.0
5020.0,1150.0,1147.0,1197.0,510.0,512.0,504.0
5067.0,1172.0,1188.0,1191.0,499.0,510.0,507.0
5104.0,1175.0,1192.0,1202.0,502.0,508.0,525.0
5066.0,1147.0,1197.0,1178.0,509.0,517.0,518.0
5108.0,1161.0,1193.0,1217.0,496.0,530.0,511.0
5099.0,1191.0,1228.0,1159.0,498.0,513.0,510.0
5171.0,1172.0,1230.0,1221.0,514.0,520.0,514.0
5264.0,1204.0,1257.0,1220.0,519.0,533.0,531.0
5027.0,1146.0,1171.0,1180.0,510.0,519.0,501.0
5085.0,1204.0,1179.0,1183.0,499.0,506.0,514.0
5178.0,1205.0,1216.0,1205.0,503.0,523.0,526.0
5160.0,1208.0,1239.0,1187.0,514.0,501.0,511.0
5143.0,1191.0,1228.0,1180.0,508.0,522.0,514.0
5215.0,1209.0,1216.0,1230.0,515.0,518.0,527.0
5187.0,1202.0,1242.0,1200.0,507.0,524.0,512.0
5139.0,1200.0,1195.0,1195.0,512.0,516.0,521.0
5117.0,1216.0,1194.0,1184.0,500.0,515.0,508.0
5150.0,1225.0,1197.0,1173.0,515.0,519.0,521.0
5204.0,1234.0,1221.0,1210.0,508.0,511.0,520.0
5250.0,1266.0,1215.0,1226.0,517.0,512.0,514.0
5210.0,1230.0,1222.0,1213.0,504.0,521.0,520.0
5347.0,1269.0,1231.0,1242.0,544.0,529.0,532.0
5389.0,1272.0,1262.0,1255.0,531.0,545.0,524.0
5225.0,1212.0,1219.0,1225.0,535.0,519.0,515.0
5245.0,1238.0,1212.0,1225.0,525.0,522.0,523.0
5312.0,1225.0,1232.0,1258.0,543.0,523.0,531.0
5311.0,1256.0,1230.0,1239.0,546.0,528.0,512.0
5319.0,1235.0,1223.0,1257.0,544.0,540.0,520.0
5249.0,1242.0,1194.0,1254.0,537.0,515.0,507.0
5308.0,1244.0,1237.0,1253.0,537.0,514.0,523.0
5322.0,1223.0,1248.0,1275.0,535.0,521.0,520.0
5244.0,1192.0,1237.0,1262.0,533.0,507.0,513.0
5254.0,1209.0,1208.0,1239.0,525.0,544.0,529.0
5337.0,1242.0,1235.0,1268.0,532.0,528.0,532.0
5194.0,1195.0,1213.0,1230.0,525.0,519.0,512.0
5332.0,1230.0,1233.0,1288.0,528.0,522.0,531.0
5234.0,1211.0,1226.0,1229.0,534.0,524.0,510.0
5282.0,1239.0,1227.0,1244.0,532.0,518.0,522.0
5236.0,1228.0,1235.0,1242.0,512.0,507.0,512.0
5198.0,1210.0,1202.0,1222.0,532.0,524.0,508.0
5196.0,1217.0,1213.0,1229.0,521.0,511.0,505.0
5247.0,1222.0,1253.0,1227.0,523.0,517.0,505.0
5103.0,1179.0,1187.0,1194.0,509.0,520.0,514.0
5260.0,1229.0,1227.0,1242.0,537.0,512.0,513.0
5229.0,1218.0,1215.0,1225.0,527.0,537.0,507.0
5161.0,1221.0,1191.0,1200.0,511.0,520.0,518.0
5220.0,1219.0,1240.0,1206.0,521.0,518.0,516.0
5171.0,1190.0,1250.0,1210.0,514.0,507.0,500.0
5072.0,1194.0,1201.0,1163.0,510.0,495.0,509.0
5118.0,1194.0,1222.0,1176.0,514.0,498.0,514.0
5164.0,1200.0,1203.0,1217.0,521.0,514.0,509.0
5071.0,1176.0,1199.0,1174.0,512.0,497.0,513.0
5175.0,1208.0,1210.0,1199.0,527.0,517.0,514.0
5202.0,1228.0,1199.0,1205.0,511.0,536.0,523.0
5199.0,1211.0,1201.0,1217.0,519.0,521.0,530.0
5191.0,1211.0,1218.0,1212.0,517.0,513.0,520.0
4948.0,1125.0,1157.0,1162.0,499.0,502.0,503.0
5241.0,1202.0,1238.0,1211.0,530.0,532.0,528.0
5203.0,1186.0,1225.0,1195.0,533.0,541.0,523.0
5207.0,1206.0,1223.0,1189.0,506.0,541.0,542.0
5076.0,1189.0,1166.0,1194.0,495.0,513.0,519.0
5262.0,1209.0,1241.0,1215.0,520.0,543.0,534.0
5266.0,1199.0,1227.0,1227.0,526.0,542.0,545.0
5171.0,1212.0,1215.0,1198.0,502.0,524.0,520.0
5305.0,1228.0,1248.0,1231.0,526.0,538.0,534.0
5126.0,1208.0,1195.0,1162.0,506.0,530.0,525.0
5217.0,1216.0,1229.0,1204.0,518.0,529.0,521.0
5115.0,1206.0,1181.0,1188.0,501.0,526.0,513.0
5253.0,1225.0,1203.0,1235.0,518.0,536.0,536.0
5303.0,1255.0,1207.0,1242.0,528.0,535.0,536.0
5536.0,1305.0,1272.0,1294.0,542.0,560.0,563.0
5311.0,1278.0,1222.0,1233.0,509.0,527.0,542.0
5400.0,1276.0,1229.0,1261.0,541.0,541.0,552.0
5457.0,1277.0,1277.0,1271.0,533.0,552.0,547.0
5435.0,1252.0,1276.0,1275.0,551.0,549.0,532.0
5463.0,1275.0,1266.0,1290.0,540.0,543.0,549.0
5360.0,1254.0,1281.0,1246.0,525.0,526.0,528.0
5353.0,1242.0,1244.0,1271.0,529.0,527.0,540.0
5286.0,1253.0,1245.0,1216.0,525.0,519.0,528.0
5393.0,1249.0,1279.0,1269.0,530.0,538.0,528.0
5352.0,1223.0,1276.0,1244.0,541.0,533.0,535.0
5424.0,1240.0,1280.0,1281.0,533.0,545.0,545.0
5472.0,1251.0,1291.0,1276.0,546.0,556.0,552.0
5407.0,1240.0,1276.0,1259.0,547.0,549.0,536.0
5396.0,1235.0,1261.0,1267.0,545.0,538.0,550.0
5372.0,1245.0,1250.0,1256.0,546.0,541.0,534.0
5338.0,1220.0,1239.0,1268.0,541.0,535.0,535.0
5382.0,1233.0,1270.0,1258.0,542.0,535.0,544.0
5479.0,1272.0,1304.0,1283.0,537.0,545.0,538.0
5287.0,1217.0,1237.0,1257.0,533.0,512.0,531.0
5346.0,1243.0,1254.0,1237.0,543.0,531.0,538.0
5378.0,1266.0,1272.0,1263.0,535.0,519.0,523.0
5359.0,1253.0,1244.0,1265.0,538.0,527.0,532.0
5353.0,1254.0,1246.0,1242.0,541.0,529.0,541.0
5411.0,1260.0,1257.0,1258.0,555.0,543.0,538.0
5119.0,1197.0,1199.0,1181.0,514.0,517.0,511.0
5125.0,1240.0,1165.0,1187.0,515.0,508.0,510.0
5360.0,1264.0,1254.0,1233.0,547.0,529.0,533.0
5286.0,1269.0,1222.0,1238.0,523.0,511.0,523.0
5137.0,1219.0,1173.0,1202.0,520.0,516.0,507.0
5342.0,1274.0,1258.0,1221.0,538.0,523.0,528.0
5166.0,1217.0,1193.0,1198.0,528.0,519.0,511.0
5252.0,1252.0,1202.0,1212.0,527.0,536.0,523.0
5104.0,1225.0,1185.0,1152.0,529.0,506.0,507.0
5337.0,1259.0,1250.0,1228.0,530.0,535.0,535.0
5215.0,1232.0,1199.0,1235.0,516.0,498.0,535.0
5235.0,1192.0,1221.0,1237.0,534.0,526.0,525.0
5340.0,1241.0,1246.0,1242.0,546.0,532.0,533.0
5149.0,1215.0,1202.0,1196.0,508.0,518.0,510.0
5215.0,1211.0,1223.0,1216.0,525.0,524.0,516.0
5159.0,1207.0,1222.0,1185.0,513.0,515.0,517.0
5231.0,1206.0,1237.0,1222.0,530.0,513.0,523.0
5255.0,1205.0,1235.0,1247.0,520.0,522.0,526.0
5163.0,1183.0,1234.0,1211.0,513.0,510.0,512.0
5418.0,1250.0,1286.0,1248.0,550.0,550.0,534.0
5463.0,1283.0,1279.0,1279.0,542.0,543.0,537.0
5298.0,1231.0,1270.0,1220.0,528.0,526.0,523.0
5422.0,1255.0,1279.0,1254.0,532.0,555.0,547.0
5385.0,1248.0,1280.0,1251.0,534.0,537.0,535.0
5351.0,1276.0,1235.0,1243.0,527.0,537.0,533.0
5493.0,1276.0,1294.0,1298.0,539.0,534.0,552.0
5474.0,1268.0,1292.0,1291.0,533.0,547.0,543.0
5448.0,1271.0,1296.0,1260.0,541.0,549.0,531.0
5440.0,1265.0,1269.0,1275.0,543.0,544.0,544.0
5499.0,1304.0,1277.0,1291.0,540.0,542.0,545.0
5509.0,1293.0,1288.0,1292.0,544.0,553.0,539.0
5495.0,1273.0,1284.0,1307.0,547.0,544.0,540.0
5485.0,1276.0,1289.0,1297.0,536.0,541.0,546.0
5573.0,1316.0,1289.0,1312.0,550.0,557.0,549.0
5553.0,1290.0,1320.0,1304.0,541.0,558.0,540.0
5443.0,1269.0,1246.0,1293.0,543.0,552.0,540.0
5642.0,1311.0,1322.0,1328.0,551.0,565.0,565.0
5411.0,1257.0,1257.0,1266.0,534.0,551.0,546.0
5528.0,1278.0,1300.0,1300.0,533.0,556.0,561.0
5329.0,1205.0,1258.0,1249.0,534.0,548.0,535.0
5379.0,1226.0,1251.0,1284.0,529.0,547.0,542.0
5470.0,1291.0,1262.0,1272.0,546.0,552.0,547.0
5340.0,1220.0,1244.0,1240.0,540.0,547.0,549.0
5535.0,1282.0,1276.0,1304.0,564.0,543.0,566.0
5485.0,1271.0,1258.0,1282.0,559.0,558.0,557.0
5526.0,1289.0,1283.0,1278.0,558.0,557.0,561.0
5413.0,1291.0,1241.0,1261.0,540.0,542.0,538.0
5338.0,1242.0,1246.0,1244.0,535.0,529.0,542.0
5521.0,1271.0,1297.0,1277.0,565.0,562.0,549.0
5394.0,1268.0,1248.0,1254.0,544.0,537.0,543.0
5407.0,1265.0,1233.0,1269.0,546.0,549.0,545.0
5330.0,1274.0,1214.0,1227.0,538.0,541.0,536.0
5527.0,1311.0,1266.0,1275.0,553.0,559.0,563.0
5302.0,1243.0,1225.0,1225.0,541.0,534.0,534.0
5395.0,1273.0,1252.0,1237.0,545.0,538.0,550.0
5405.0,1281.0,1273.0,1240.0,532.0,534.0,545.0
5268.0,1254.0,1227.0,1196.0,532.0,528.0,531.0
5201.0,1211.0,1219.0,1203.0,536.0,509.0,523.0
5334.0,1232.0,1235.0,1235.0,554.0,533.0,545.0
5311.0,1221.0,1237.0,1242.0,543.0,528.0,540.0
5509.0,1299.0,1297.0,1241.0,553.0,553.0,566.0
5457.0,1264.0,1283.0,1278.0,544.0,545.0,543.0
5359.0,1216.0,1281.0,1244.0,539.0,537.0,542.0
5279.0,1221.0,1250.0,1232.0,533.0,510.0,533.0
5406.0,1226.0,1303.0,1252.0,552.0,535.0,538.0
5367.0,1249.0,1248.0,1246.0,542.0,529.0,553.0
5392.0,1239.0,1294.0,1237.0,542.0,538.0,542.0
5301.0,1221.0,1249.0,1246.0,528.0,516.0,541.0
5403.0,1251.0,1290.0,1243.0,544.0,542.0,533.0
5325.0,1219.0,1253.0,1265.0,520.0,538.0,530.0
5417.0,1253.0,1274.0,1276.0,537.0,535.0,542.0
5420.0,1278.0,1253.0,1255.0,531.0,548.0,555.0
5416.0,1284.0,1255.0,1266.0,541.0,535.0,535.0
5541.0,1299.0,1297.0,1287.0,542.0,556.0,560.0
5416.0,1269.0,1253.0,1267.0,541.0,539.0,547.0
5413.0,1274.0,1258.0,1270.0,523.0,540.0,548.0
5350.0,1250.0,1256.0,1245.0,542.0,523.0,534.0
5489.0,1281.0,1272.0,1304.0,539.0,543.0,550.0
5427.0,1269.0,1238.0,1303.0,527.0,544.0,546.0
5505.0,1303.0,1259.0,1310.0,539.0,550.0,544.0
5586.0,1336.0,1284.0,1307.0,549.0,551.0,559.0
5539.0,1331.0,1281.0,1291.0,557.0,539.0,540.0
5533.0,1327.0,1276.0,1310.0,542.0,541.0,537.0
5553.0,1316.0,1267.0,1315.0,556.0,547.0,552.0
5630.0,1307.0,1315.0,1335.0,554.0,558.0,561.0
5662.0,1326.0,1319.0,1344.0,559.0,561.0,553.0
5621.0,1317.0,1315.0,1315.0,556.0,555.0,563.0
5462.0,1277.0,1254.0,1289.0,551.0,547.0,544.0
5633.0,1333.0,1286.0,1333.0,558.0,559.0,564.0
5590.0,1292.0,1321.0,1306.0,546.0,562.0,563.0
5454.0,1257.0,1285.0,1278.0,543.0,541.0,550.0
5514.0,1294.0,1269.0,1290.0,547.0,559.0,555.0
5546.0,1308.0,1303.0,1275.0,558.0,548.0,554.0
5472.0,1252.0,1292.0,1292.0,547.0,550.0,539.0
5506.0,1262.0,1317.0,1284.0,552.0,554.0,537.0
5657.0,1322.0,1342.0,1295.0,564.0,575.0,559.0
5533.0,1266.0,1311.0,1298.0,547.0,558.0,553.0
5453.0,1299.0,1275.0,1261.0,542.0,543.0,533.0
5587.0,1285.0,1334.0,1285.0,567.0,557.0,559.0
5408.0,1282.0,1252.0,1249.0,539.0,550.0,536.0
5564.0,1299.0,1299.0,1274.0,567.0,564.0,561.0
5562.0,1313.0,1287.0,1280.0,569.0,558.0,555.0
5483.0,1277.0,1255.0,1284.0,551.0,571.0,545.0
5437.0,1257.0,1266.0,1275.0,549.0,551.0,539.0
5548.0,1310.0,1296.0,1288.0,556.0,556.0,542.0
5392.0,1266.0,1258.0,1256.0,539.0,531.0,542.0
5533.0,1293.0,1311.0,1282.0,548.0,551.0,548.0
5413.0,1267.0,1238.0,1259.0,553.0,551.0,545.0
5489.0,1281.0,1268.0,1282.0,552.0,560.0,546.0
5349.0,1276.0,1223.0,1235.0,541.0,543.0,531.0
5361.0,1243.0,1244.0,1246.0,550.0,538.0,540.0
5322.0,1246.0,1226.0,1238.0,536.0,533.0,543.0
5574.0,1324.0,1286.0,1282.0,557.0,562.0,563.0
5552.0,1288.0,1282.0,1300.0,557.0,565.0,560.0
5630.0,1314.0,1312.0,1304.0,571.0,565.0,564.0
5434.0,1266.0,1214.0,1299.0,555.0,554.0,546.0
5373.0,1252.0,1251.0,1235.0,556.0,539.0,540.0
5475.0,1270.0,1264.0,1263.0,564.0,561.0,553.0
5508.0,1294.0,1274.0,1281.0,552.0,551.0,556.0
5463.0,1268.0,1251.0,1292.0,556.0,548.0,548.0
5559.0,1275.0,1300.0,1291.0,568.0,553.0,572.0
5396.0,1224.0,1238.0,1287.0,561.0,538.0,548.0
5399.0,1228.0,1265.0,1276.0,549.0,534.0,547.0
5597.0,1285.0,1310.0,1320.0,567.0,560.0,555.0
5434.0,1242.0,1276.0,1274.0,557.0,541.0,544.0
5590.0,1300.0,1287.0,1327.0,554.0,562.0,560.0
5595.0,1299.0,1287.0,1326.0,559.0,564.0,560.0
5650.0,1326.0,1297.0,1327.0,556.0,562.0,582.0
5591.0,1289.0,1289.0,1338.0,554.0,556.0,565.0
5593.0,1303.0,1323.0,1304.0,547.0,547.0,569.0
5540.0,1302.0,1290.0,1299.0,546.0,542.0,561.0
5625.0,1318.0,1319.0,1307.0,556.0,560.0,565.0
5662.0,1324.0,1318.0,1348.0,552.0,550.0,570.0
5648.0,1303.0,1325.0,1340.0,558.0,551.0,571.0
5777.0,1365.0,1356.0,1338.0,568.0,571.0,579.0
5834.0,1375.0,1371.0,1368.0,566.0,567.0,587.0
5684.0,1324.0,1348.0,1329.0,558.0,553.0,572.0
5710.0,1356.0,1327.0,1330.0,562.0,557.0,578.0
5675.0,1348.0,1314.0,1331.0,559.0,565.0,558.0
5591.0,1310.0,1317.0,1303.0,557.0,540.0,564.0
5673.0,1332.0,1326.0,1321.0,568.0,561.0,565.0
5719.0,1326.0,1336.0,1341.0,564.0,575.0,577.0
5722.0,1320.0,1378.0,1315.0,561.0,578.0,570.0
5719.0,1339.0,1353.0,1325.0,560.0,562.0,580.0
5712.0,1330.0,1311.0,1356.0,566.0,567.0,582.0
5618.0,1296.0,1333.0,1300.0,557.0,562.0,570.0
5720.0,1331.0,1335.0,1338.0,572.0,568.0,576.0
5660.0,1331.0,1296.0,1327.0,569.0,566.0,571.0
5647.0,1318.0,1325.0,1302.0,562.0,566.0,574.0
5601.0,1294.0,1320.0,1295.0,565.0,562.0,565.0
5645.0,1323.0,1295.0,1319.0,558.0,575.0,575.0
5639.0,1327.0,1307.0,1317.0,563.0,567.0,558.0
5638.0,1313.0,1315.0,1314.0,556.0,561.0,579.0
5513.0,1302.0,1272.0,1279.0,548.0,557.0,555.0
5685.0,1336.0,1312.0,1322.0,559.0,579.0,577.0
5724.0,1357.0,1321.0,1344.0,572.0,562.0,568.0
5598.0,1331.0,1302.0,1279.0,555.0,572.0,559.0
5604.0,1309.0,1301.0,1305.0,560.0,565.0,564.0
5432.0,1267.0,1246.0,1290.0,539.0,545.0,545.0
5620.0,1343.0,1297.0,1301.0,559.0,569.0,551.0
5569.0,1316.0,1306.0,1263.0,559.0,565.0,560.0
5569.0,1319.0,1284.0,1293.0,560.0,562.0,551.0
5441.0,1271.0,1279.0,1262.0,544.0,548.0,537.0
5494.0,1296.0,1275.0,1279.0,546.0,547.0,551.0
5477.0,1266.0,1272.0,1282.0,556.0,558.0,543.0
5456.0,1275.0,1242.0,1287.0,562.0,548.0,542.0
5601.0,1297.0,1308.0,1318.0,568.0,563.0,547.0
5701.0,1315.0,1340.0,1327.0,577.0,573.0,569.0
5630.0,1290.0,1324.0,1325.0,561.0,577.0,553.0
5614.0,1288.0,1319.0,1314.0,566.0,566.0,561.0
5750.0,1316.0,1342.0,1357.0,573.0,597.0,565.0
5776.0,1333.0,1352.0,1369.0,564.0,582.0,576.0
5744.0,1335.0,1338.0,1351.0,573.0,580.0,567.0
5601.0,1285.0,1333.0,1305.0,564.0,558.0,556.0
5565.0,1283.0,1304.0,1311.0,553.0,571.0,543.0
5680.0,1288.0,1345.0,1329.0,572.0,576.0,570.0
5660.0,1292.0,1330.0,1337.0,567.0,570.0,564.0
5808.0,1361.0,1379.0,1359.0,569.0,580.0,560.0
5704.0,1310.0,1337.0,1343.0,578.0,578.0,558.0
5642.0,1332.0,1309.0,1322.0,560.0,563.0,556.0
5771.0,1345.0,1359.0,1344.0,572.0,582.0,569.0
5795.0,1332.0,1365.0,1341.0,594.0,578.0,585.0
5761.0,1365.0,1343.0,1342.0,562.0,578.0,571.0
5784.0,1364.0,1320.0,1372.0,582.0,575.0,571.0
5670.0,1343.0,1302.0,1323.0,568.0,573.0,561.0
5755.0,1367.0,1316.0,1341.0,586.0,580.0,565.0
5788.0,1364.0,1301.0,1370.0,582.0,587.0,584.0
5799.0,1375.0,1321.0,1361.0,572.0,586.0,584.0
5870.0,1366.0,1370.0,1387.0,580.0,588.0,579.0
5804.0,1355.0,1349.0,1356.0,580.0,590.0,574.0
5803.0,1372.0,1337.0,1347.0,575.0,590.0,582.0
5672.0,1326.0,1295.0,1352.0,561.0,570.0,568.0
5821.0,1365.0,1348.0,1360.0,574.0,577.0,597.0
5791.0,1365.0,1341.0,1348.0,570.0,584.0,583.0
5753.0,1327.0,1340.0,1351.0,579.0,586.0,570.0
5935.0,1376.0,1392.0,1383.0,595.0,593.0,596.0
5713.0,1321.0,1335.0,1336.0,575.0,570.0,576.0
5771.0,1342.0,1372.0,1329.0,567.0,580.0,581.0
5788.0,1366.0,1318.0,1359.0,584.0,576.0,585.0
5790.0,1330.0,1372.0,1337.0,577.0,580.0,594.0
5817.0,1320.0,1389.0,1356.0,589.0,575.0,588.0
5535.0,1303.0,1306.0,1267.0,554.0,556.0,549.0
5785.0,1351.0,1352.0,1336.0,587.0,571.0,588.0
5707.0,1322.0,1340.0,1337.0,560.0,559.0,589.0
5660.0,1322.0,1319.0,1319.0,555.0,572.0,573.0
5777.0,1343.0,1353.0,1347.0,574.0,568.0,592.0
5754.0,1363.0,1328.0,1336.0,572.0,572.0,583.0
5623.0,1330.0,1327.0,1296.0,551.0,547.0,572.0
5674.0,1340.0,1326.0,1317.0,561.0,555.0,575.0
5814.0,1362.0,1364.0,1365.0,566.0,562.0,595.0
5691.0,1302.0,1341.0,1343.0,562.0,554.0,589.0
5730.0,1333.0,1351.0,1349.0,564.0,556.0,577.0
5760.0,1356.0,1333.0,1342.0,577.0,568.0,584.0
5708.0,1307.0,1328.0,1344.0,582.0,568.0,579.0
5782.0,1351.0,1350.0,1342.0,575.0,573.0,591.0
5798.0,1345.0,1340.0,1377.0,570.0,579.0,587.0
5722.0,1337.0,1330.0,1349.0,562.0,573.0,571.0
5706.0,1317.0,1327.0,1351.0,564.0,559.0,588.0
5640.0,1322.0,1303.0,1331.0,557.0,555.0,572.0
5849.0,1358.0,1354.0,1384.0,590.0,582.0,581.0
5793.0,1345.0,1340.0,1366.0,590.0,575.0,577.0
5740.0,1304.0,1329.0,1373.0,581.0,574.0,579.0
5615.0,1309.0,1293.0,1324.0,571.0,557.0,561.0
5695.0,1340.0,1302.0,1359.0,564.0,561.0,569.0
5686.0,1288.0,1349.0,1320.0,578.0,575.0,576.0
5681.0,1315.0,1315.0,1349.0,580.0,565.0,557.0
5774.0,1351.0,1319.0,1360.0,588.0,574.0,582.0
5827.0,1347.0,1343.0,1377.0,588.0,588.0,584.0
5742.0,1332.0,1322.0,1362.0,588.0,567.0,571.0
5774.0,1348.0,1331.0,1346.0,589.0,581.0,579.0
5567.0,1305.0,1292.0,1300.0,562.0,554.0,554.0
5912.0,1370.0,1375.0,1371.0,605.0,596.0,595.0
5714.0,1332.0,1339.0,1333.0,566.0,582.0,562.0
5921.0,1389.0,1393.0,1369.0,593.0,598.0,579.0
5896.0,1391.0,1385.0,1362.0,590.0,581.0,587.0
5895.0,1403.0,1386.0,1358.0,594.0,580.0,574.0
5801.0,1371.0,1366.0,1332.0,583.0,573.0,576.0
5948.0,1391.0,1396.0,1387.0,586.0,601.0,587.0
5837.0,1382.0,1382.0,1336.0,584.0,576.0,577.0
5867.0,1374.0,1376.0,1343.0,592.0,597.0,585.0
5846.0,1373.0,1381.0,1329.0,583.0,593.0,587.0
5749.0,1344.0,1373.0,1310.0,581.0,585.0,556.0
5854.0,1349.0,1382.0,1365.0,587.0,590.0,581.0
5862.0,1379.0,1376.0,1339.0,598.0,590.0,580.0
5903.0,1363.0,1390.0,1360.0,593.0,604.0,593.0
5911.0,1370.0,1401.0,1364.0,593.0,598.0,585.0
5922.0,1384.0,1376.0,1394.0,589.0,592.0,587.0
5814.0,1357.0,1359.0,1342.0,587.0,600.0,569.0
5777.0,1340.0,1370.0,1327.0,567.0,593.0,580.0
5840.0,1341.0,1374.0,1350.0,581.0,597.0,597.0
5847.0,1350.0,1386.0,1348.0,584.0,593.0,586.0
5839.0,1341.0,1374.0,1362.0,582.0,592.0,588.0
5890.0,1351.0,1390.0,1387.0,575.0,591.0,596.0
5811.0,1345.0,1336.0,1374.0,590.0,590.0,576.0
5824.0,1356.0,1363.0,1354.0,578.0,596.0,577.0
5790.0,1339.0,1370.0,1343.0,575.0,585.0,578.0
5791.0,1360.0,1343.0,1344.0,575.0,586.0,583.0
5915.0,1390.0,1380.0,1386.0,585.0,584.0,590.0
5857.0,1377.0,1374.0,1378.0,570.0,584.0,574.0
5900.0,1404.0,1365.0,1379.0,577.0,591.0,584.0
5782.0,1376.0,1332.0,1337.0,576.0,582.0,579.0
5803.0,1367.0,1345.0,1353.0,586.0,577.0,575.0
5690.0,1345.0,1299.0,1316.0,585.0,573.0,572.0
5777.0,1344.0,1336.0,1363.0,575.0,577.0,582.0
5935.0,1393.0,1380.0,1401.0,594.0,582.0,585.0
5667.0,1328.0,1314.0,1350.0,552.0,565.0,558.0
5832.0,1356.0,1344.0,1377.0,579.0,590.0,586.0
5801.0,1357.0,1340.0,1375.0,578.0,576.0,575.0
5933.0,1393.0,1356.0,1408.0,593.0,589.0,594.0
5662.0,1327.0,1316.0,1317.0,563.0,566.0,573.0
5847.0,1357.0,1365.0,1387.0,583.0,578.0,577.0
5840.0,1338.0,1352.0,1396.0,587.0,576.0,591.0
5572.0,1289.0,1307.0,1291.0,571.0,559.0,555.0
5795.0,1360.0,1325.0,1378.0,586.0,568.0,578.0
5641.0,1286.0,1347.0,1308.0,569.0,560.0,571.0
5829.0,1346.0,1356.0,1362.0,590.0,577.0,598.0
5776.0,1336.0,1358.0,1349.0,575.0,573.0,585.0
5838.0,1348.0,1380.0,1342.0,591.0,582.0,595.0
5814.0,1359.0,1368.0,1349.0,587.0,571.0,580.0
5825.0,1363.0,1351.0,1368.0,587.0,570.0,586.0
5952.0,1370.0,1386.0,1398.0,602.0,592.0,604.0
5953.0,1402.0,1400.0,1370.0,598.0,588.0,595.0
5919.0,1358.0,1402.0,1399.0,600.0,569.0,591.0
5935.0,1387.0,1378.0,1382.0,606.0,585.0,597.0
5981.0,1423.0,1385.0,1389.0,596.0,587.0,601.0
5812.0,1358.0,1369.0,1335.0,588.0,582.0,580.0
5927.0,1399.0,1382.0,1360.0,597.0,584.0,605.0
5953.0,1430.0,1383.0,1361.0,588.0,594.0,597.0
5988.0,1397.0,1404.0,1373.0,602.0,608.0,604.0
5890.0,1391.0,1371.0,1344.0,594.0,591.0,599.0
5912.0,1394.0,1381.0,1336.0,607.0,589.0,605.0
6056.0,1408.0,1423.0,1406.0,607.0,597.0,615.0
5974.0,1407.0,1383.0,1375.0,606.0,597.0,606.0
6144.0,1431.0,1419.0,1418.0,617.0,629.0,630.0
6035.0,1441.0,1376.0,1398.0,617.0,600.0,603.0
5895.0,1383.0,1350.0,1372.0,592.0,595.0,603.0
5939.0,1392.0,1377.0,1374.0,594.0,590.0,612.0
6043.0,1409.0,1392.0,1427.0,594.0,612.0,609.0
6019.0,1406.0,1378.0,1414.0,605.0,598.0,618.0
6026.0,1397.0,1391.0,1407.0,608.0,612.0,611.0
5965.0,1384.0,1377.0,1390.0,603.0,608.0,603.0
5826.0,1352.0,1337.0,1355.0,582.0,601.0,599.0
5877.0,1358.0,1359.0,1384.0,596.0,594.0,586.0
5717.0,1339.0,1310.0,1362.0,565.0,571.0,570.0
5824.0,1323.0,1335.0,1396.0,585.0,599.0,586.0
5987.0,1371.0,1404.0,1398.0,600.0,619.0,595.0
5966.0,1384.0,1397.0,1413.0,581.0,597.0,594.0
5796.0,1359.0,1325.0,1355.0,577.0,591.0,589.0
5792.0,1352.0,1342.0,1363.0,577.0,580.0,578.0
6007.0,1405.0,1401.0,1405.0,586.0,606.0,604.0
5907.0,1378.0,1376.0,1402.0,585.0,580.0,586.0
5954.0,1364.0,1390.0,1413.0,585.0,600.0,602.0
6033.0,1423.0,1406.0,1406.0,599.0,603.0,596.0
5920.0,1388.0,1388.0,1384.0,586.0,585.0,589.0
6000.0,1386.0,1375.0,1436.0,590.0,602.0,611.0
5828.0,1384.0,1360.0,1354.0,568.0,590.0,572.0
5962.0,1409.0,1404.0,1379.0,581.0,592.0,597.0
5998.0,1402.0,1394.0,1413.0,595.0,606.0,588.0
5994.0,1416.0,1407.0,1399.0,589.0,592.0,591.0
6179.0,1442.0,1457.0,1446.0,605.0,616.0,613.0
5797.0,1365.0,1352.0,1367.0,565.0,576.0,572.0
5963.0,1378.0,1402.0,1395.0,593.0,599.0,596.0
5802.0,1343.0,1362.0,1370.0,568.0,581.0,578.0
5964.0,1360.0,1427.0,1395.0,586.0,606.0,590.0
5933.0,1365.0,1402.0,1381.0,597.0,600.0,588.0
5857.0,1336.0,1380.0,1368.0,600.0,587.0,586.0
5863.0,1379.0,1346.0,1361.0,597.0,597.0,583.0
5905.0,1348.0,1384.0,1406.0,595.0,587.0,585.0
5972.0,1387.0,1382.0,1422.0,594.0,601.0,586.0
5893.0,1344.0,1396.0,1381.0,595.0,584.0,593.0
5876.0,1356.0,1383.0,1385.0,581.0,593.0,578.0
5994.0,1379.0,1417.0,1389.0,606.0,610.0,593.0
6061.0,1419.0,1418.0,1408.0,607.0,605.0,604.0
5854.0,1353.0,1347.0,1380.0,595.0,595.0,584.0
5924.0,1381.0,1391.0,1370.0,594.0,588.0,600.0
6000.0,1421.0,1392.0,1382.0,608.0,591.0,606.0
6082.0,1429.0,1424.0,1392.0,620.0,612.0,605.0
6034.0,1427.0,1395.0,1393.0,617.0,600.0,602.0
5932.0,1396.0,1359.0,1375.0,608.0,597.0,597.0
5869.0,1368.0,1348.0,1387.0,591.0,596.0,579.0
5890.0,1390.0,1363.0,1346.0,606.0,593.0,592.0
5982.0,1409.0,1409.0,1368.0,597.0,600.0,599.0
6042.0,1462.0,1398.0,1366.0,613.0,599.0,604.0
6012.0,1422.0,1399.0,1384.0,609.0,596.0,602.0
6230.0,1475.0,1450.0,1441.0,622.0,610.0,632.0
6104.0,1417.0,1443.0,1415.0,609.0,609.0,611.0
6020.0,1400.0,1414.0,1398.0,610.0,592.0,606.0
6093.0,1429.0,1413.0,1425.0,617.0,602.0,607.0
6012.0,1396.0,1418.0,1399.0,603.0,594.0,602.0
6087.0,1408.0,1452.0,1405.0,615.0,601.0,606.0
6157.0,1451.0,1451.0,1428.0,618.0,601.0,608.0
6030.0,1378.0,1425.0,1418.0,597.0,603.0,609.0
6126.0,1410.0,1420.0,1448.0,622.0,617.0,609.0
6174.0,1421.0,1470.0,1413.0,628.0,618.0,624.0
6084.0,1394.0,1436.0,1413.0,612.0,609.0,620.0
6183.0,1404.0,1468.0,1458.0,616.0,611.0,626.0
6168.0,1434.0,1435.0,1449.0,604.0,620.0,626.0
6015.0,1378.0,1412.0,1424.0,599.0,597.0,605.0
6066.0,1391.0,1442.0,1422.0,608.0,590.0,613.0
6078.0,1412.0,1401.0,1436.0,605.0,606.0,618.0
5985.0,1381.0,1392.0,1410.0,596.0,590.0,616.0
6091.0,1422.0,1426.0,1428.0,602.0,607.0,606.0
5985.0,1406.0,1367.0,1423.0,588.0,600.0,601.0
6101.0,1420.0,1408.0,1450.0,602.0,608.0,613.0
6012.0,1396.0,1400.0,1424.0,595.0,602.0,595.0
6030.0,1400.0,1381.0,1444.0,600.0,597.0,608.0
5940.0,1393.0,1352.0,1404.0,599.0,591.0,601.0
6011.0,1435.0,1381.0,1380.0,595.0,613.0,607.0
6101.0,1443.0,1416.0,1422.0,596.0,613.0,611.0
6008.0,1406.0,1379.0,1419.0,591.0,609.0,604.0
5908.0,1412.0,1344.0,1369.0,590.0,597.0,596.0
5969.0,1389.0,1395.0,1384.0,594.0,607.0,600.0
5886.0,1359.0,1358.0,1398.0,594.0,585.0,592.0
5886.0,1347.0,1366.0,1371.0,597.0,595.0,610.0
6131.0,1403.0,1452.0,1432.0,613.0,615.0,616.0
6034.0,1407.0,1391.0,1419.0,595.0,613.0,609.0
5956.0,1384.0,1361.0,1390.0,594.0,611.0,616.0
5913.0,1383.0,1376.0,1383.0,587.0,589.0,595.0
6032.0,1405.0,1422.0,1390.0,597.0,605.0,613.0
6005.0,1388.0,1407.0,1390.0,600.0,612.0,608.0
6019.0,1393.0,1421.0,1382.0,608.0,603.0,612.0
6036.0,1393.0,1420.0,1395.0,620.0,598.0,610.0
5961.0,1393.0,1405.0,1373.0,587.0,602.0,601.0
6151.0,1408.0,1460.0,1408.0,624.0,623.0,628.0
6052.0,1411.0,1402.0,1408.0,606.0,615.0,610.0
6078.0,1407.0,1430.0,1401.0,619.0,615.0,606.0
6109.0,1432.0,1433.0,1411.0,606.0,623.0,604.0
6179.0,1438.0,1472.0,1418.0,604.0,624.0,623.0
5967.0,1398.0,1391.0,1362.0,597.0,616.0,603.0
6091.0,1400.0,1430.0,1417.0,614.0,616.0,614.0
6231.0,1468.0,1451.0,1442.0,632.0,631.0,607.0
6235.0,1465.0,1459.0,1429.0,636.0,622.0,624.0
6161.0,1441.0,1461.0,1399.0,624.0,619.0,617.0
6135.0,1431.0,1445.0,1438.0,615.0,600.0,606.0
6182.0,1447.0,1465.0,1433.0,614.0,614.0,609.0
6272.0,1448.0,1490.0,1451.0,637.0,616.0,630.0
6140.0,1435.0,1447.0,1414.0,619.0,609.0,616.0
6071.0,1412.0,1408.0,1423.0,622.0,601.0,605.0
6216.0,1483.0,1422.0,1446.0,627.0,624.0,614.0
6324.0,1485.0,1465.0,1481.0,641.0,625.0,627.0
6331.0,1484.0,1476.0,1486.0,630.0,632.0,623.0
6179.0,1470.0,1417.0,1444.0,623.0,621.0,604.0
6246.0,1473.0,1454.0,1452.0,635.0,616.0,616.0
6178.0,1427.0,1440.0,1445.0,627.0,617.0,622.0
6200.0,1420.0,1447.0,1474.0,631.0,618.0,610.0
6293.0,1455.0,1487.0,1475.0,635.0,620.0,621.0
6199.0,1430.0,1433.0,1484.0,624.0,613.0,615.0
6126.0,1421.0,1426.0,1447.0,611.0,610.0,611.0
6190.0,1430.0,1449.0,1447.0,629.0,622.0,613.0
6227.0,1464.0,1458.0,1444.0,629.0,618.0,614.0
6108.0,1421.0,1414.0,1458.0,607.0,598.0,610.0
6220.0,1467.0,1425.0,1452.0,632.0,617.0,627.0
6278.0,1488.0,1449.0,1478.0,626.0,617.0,620.0
6129.0,1434.0,1415.0,1448.0,609.0,603.0,620.0
6139.0,1433.0,1423.0,1443.0,619.0,621.0,600.0
6103.0,1451.0,1414.0,1417.0,606.0,593.0,622.0
6128.0,1466.0,1407.0,1436.0,613.0,604.0,602.0
6276.0,1483.0,1467.0,1440.0,636.0,628.0,622.0
6087.0,1442.0,1400.0,1424.0,617.0,599.0,605.0
6107.0,1437.0,1414.0,1432.0,605.0,616.0,603.0
6145.0,1454.0,1438.0,1418.0,611.0,613.0,611.0
6016.0,1424.0,1388.0,1397.0,602.0,604.0,601.0
6276.0,1473.0,1486.0,1452.0,617.0,629.0,619.0
6121.0,1428.0,1426.0,1431.0,600.0,616.0,620.0
5942.0,1386.0,1386.0,1386.0,597.0,588.0,599.0
6036.0,1410.0,1436.0,1384.0,596.0,601.0,609.0
6146.0,1454.0,1456.0,1386.0,612.0,612.0,626.0
5974.0,1391.0,1414.0,1378.0,590.0,612.0,589.0
6073.0,1404.0,1443.0,1386.0,606.0,610.0,624.0
6010.0,1397.0,1407.0,1409.0,582.0,603.0,612.0
6029.0,1401.0,1439.0,1383.0,602.0,602.0,602.0
6017.0,1380.0,1442.0,1382.0,595.0,604.0,614.0
5975.0,1396.0,1390.0,1390.0,598.0,599.0,602.0
6134.0,1435.0,1432.0,1418.0,607.0,617.0,625.0
6188.0,1452.0,1439.0,1437.0,621.0,621.0,618.0
6273.0,1461.0,1481.0,1450.0,615.0,631.0,635.0
6100.0,1424.0,1411.0,1414.0,620.0,617.0,614.0
6166.0,1415.0,1443.0,1431.0,623.0,625.0,629.0
6241.0,1468.0,1448.0,1436.0,619.0,631.0,639.0
6203.0,1454.0,1438.0,1413.0,623.0,645.0,630.0
6154.0,1460.0,1413.0,1416.0,618.0,622.0,625.0
6231.0,1458.0,1442.0,1448.0,630.0,628.0,625.0
6206.0,1457.0,1434.0,1424.0,633.0,638.0,620.0
6424.0,1502.0,1512.0,1488.0,640.0,632.0,650.0
6287.0,1468.0,1446.0,1468.0,633.0,633.0,639.0
6188.0,1444.0,1447.0,1441.0,623.0,621.0,612.0
6328.0,1487.0,1468.0,1472.0,635.0,638.0,628.0
6200.0,1471.0,1413.0,1454.0,616.0,619.0,627.0
6307.0,1481.0,1468.0,1452.0,638.0,634.0,634.0
6468.0,1513.0,1497.0,1527.0,642.0,650.0,639.0
6380.0,1494.0,1465.0,1507.0,637.0,631.0,646.0
6412.0,1483.0,1480.0,1518.0,640.0,640.0,651.0
6413.0,1495.0,1487.0,1494.0,636.0,648.0,653.0
6340.0,1449.0,1478.0,1497.0,640.0,635.0,641.0
6351.0,1473.0,1495.0,1468.0,636.0,638.0,641.0
6238.0,1434.0,1469.0,1457.0,626.0,624.0,628.0
6421.0,1459.0,1531.0,1491.0,654.0,651.0,635.0
6351.0,1482.0,1476.0,1487.0,641.0,629.0,636.0
6325.0,1433.0,1477.0,1480.0,646.0,643.0,646.0
6451.0,1490.0,1528.0,1500.0,646.0,643.0,644.0
6334.0,1483.0,1472.0,1495.0,627.0,626.0,631.0
6356.0,1462.0,1511.0,1483.0,634.0,628.0,638.0
6368.0,1469.0,1491.0,1496.0,639.0,631.0,642.0
6257.0,1437.0,1473.0,1471.0,633.0,619.0,624.0
6388.0,1473.0,1503.0,1505.0,637.0,629.0,641.0
6309.0,1486.0,1483.0,1457.0,630.0,625.0,628.0
6320.0,1470.0,1505.0,1463.0,631.0,627.0,624.0
6149.0,1438.0,1436.0,1429.0,621.0,612.0,613.0
6346.0,1458.0,1521.0,1487.0,624.0,625.0,631.0
6295.0,1493.0,1461.0,1464.0,634.0,624.0,619.0
6338.0,1496.0,1473.0,1490.0,624.0,632.0,623.0
6286.0,1484.0,1474.0,1445.0,637.0,624.0,622.0
6258.0,1483.0,1457.0,1442.0,639.0,621.0,616.0
6175.0,1452.0,1436.0,1427.0,625.0,623.0,612.0
6177.0,1453.0,1436.0,1449.0,613.0,611.0,615.0
6343.0,1516.0,1460.0,1472.0,633.0,626.0,636.0
6318.0,1473.0,1493.0,1456.0,629.0,634.0,633.0
6102.0,1446.0,1405.0,1430.0,608.0,602.0,611.0
6109.0,1440.0,1410.0,1419.0,618.0,609.0,613.0
6058.0,1425.0,1411.0,1391.0,619.0,611.0,601.0
6161.0,1442.0,1434.0,1441.0,618.0,611.0,615.0
6109.0,1416.0,1413.0,1416.0,623.0,622.0,619.0
6277.0,1466.0,1455.0,1487.0,623.0,626.0,620.0
6137.0,1428.0,1425.0,1449.0,613.0,615.0,607.0
6301.0,1460.0,1485.0,1476.0,637.0,624.0,619.0
6101.0,1412.0,1435.0,1429.0,604.0,613.0,608.0
6272.0,1445.0,1480.0,1481.0,620.0,619.0,627.0
6066.0,1409.0,1416.0,1433.0,601.0,605.0,602.0
6120.0,1439.0,1419.0,1421.0,610.0,614.0,617.0
6337.0,1479.0,1493.0,1475.0,620.0,644.0,626.0
6277.0,1491.0,1459.0,1469.0,632.0,618.0,608.0
6311.0,1493.0,1465.0,1475.0,616.0,628.0,634.0
6280.0,1465.0,1463.0,1475.0,620.0,625.0,632.0
6323.0,1479.0,1487.0,1480.0,638.0,621.0,618.0
6424.0,1508.0,1479.0,1516.0,634.0,646.0,641.0
6316.0,1473.0,1470.0,1490.0,637.0,630.0,616.0
6327.0,1485.0,1501.0,1472.0,625.0,615.0,629.0
6306.0,1499.0,1461.0,1477.0,626.0,626.0,617.0
6412.0,1503.0,1517.0,1491.0,639.0,628.0,634.0
6514.0,1516.0,1538.0,1527.0,653.0,647.0,633.0
6429.0,1488.0,1515.0,1498.0,643.0,649.0,636.0
6486.0,1493.0,1523.0,1530.0,648.0,641.0,651.0
6502.0,1511.0,1522.0,1514.0,654.0,648.0,653.0
6415.0,1478.0,1529.0,1485.0,646.0,635.0,642.0
6349.0,1476.0,1489.0,1497.0,628.0,622.0,637.0
6475.0,1516.0,1518.0,1513.0,648.0,637.0,643.0
6640.0,1517.0,1553.0,1564.0,676.0,664.0,666.0
6503.0,1503.0,1521.0,1513.0,661.0,653.0,652.0
6455.0,1497.0,1508.0,1498.0,653.0,650.0,649.0
6406.0,1480.0,1467.0,1501.0,651.0,656.0,651.0
6582.0,1517.0,1531.0,1543.0,669.0,657.0,665.0
6255.0,1451.0,1467.0,1439.0,627.0,635.0,636.0
6384.0,1497.0,1472.0,1479.0,641.0,652.0,643.0
6367.0,1453.0,1466.0,1511.0,646.0,641.0,650.0
6335.0,1461.0,1464.0,1478.0,650.0,640.0,642.0
6370.0,1489.0,1488.0,1477.0,632.0,646.0,638.0
6377.0,1504.0,1480.0,1483.0,636.0,643.0,631.0
6348.0,1468.0,1471.0,1470.0,646.0,657.0,636.0
6392.0,1508.0,1465.0,1481.0,646.0,640.0,652.0
6286.0,1479.0,1444.0,1445.0,638.0,646.0,634.0
6130.0,1440.0,1414.0,1418.0,623.0,612.0,623.0
6324.0,1480.0,1460.0,1466.0,649.0,633.0,636.0
6421.0,1514.0,1490.0,1475.0,641.0,644.0,657.0
6516.0,1539.0,1527.0,1479.0,646.0,661.0,664.0
6372.0,1487.0,1447.0,1500.0,649.0,639.0,650.0
6288.0,1479.0,1448.0,1462.0,629.0,633.0,637.0
6303.0,1478.0,1477.0,1454.0,633.0,635.0,626.0
6433.0,1486.0,1529.0,1493.0,638.0,645.0,642.0
6423.0,1530.0,1485.0,1478.0,637.0,640.0,653.0
6201.0,1433.0,1450.0,1455.0,615.0,627.0,621.0
6269.0,1456.0,1488.0,1434.0,618.0,639.0,634.0
6367.0,1466.0,1513.0,1469.0,641.0,635.0,643.0
6194.0,1444.0,1442.0,1424.0,624.0,626.0,634.0
6224.0,1450.0,1445.0,1465.0,621.0,610.0,633.0
6357.0,1476.0,1491.0,1489.0,624.0,630.0,647.0
6416.0,1472.0,1493.0,1509.0,645.0,648.0,649.0
6345.0,1470.0,1500.0,1477.0,624.0,631.0,643.0
6384.0,1483.0,1523.0,1472.0,638.0,629.0,639.0
6351.0,1478.0,1479.0,1500.0,628.0,632.0,634.0
6444.0,1503.0,1515.0,1505.0,647.0,637.0,637.0
6324.0,1493.0,1473.0,1482.0,615.0,628.0,633.0
6384.0,1495.0,1483.0,1507.0,622.0,638.0,639.0
6537.0,1515.0,1539.0,1533.0,648.0,652.0,650.0
6454.0,1503.0,1514.0,1510.0,637.0,630.0,660.0
6317.0,1489.0,1482.0,1462.0,629.0,627.0,628.0
6394.0,1487.0,1492.0,1526.0,629.0,615.0,645.0
6537.0,1514.0,1532.0,1548.0,647.0,652.0,644.0
6434.0,1516.0,1470.0,1534.0,635.0,627.0,652.0
6520.0,1513.0,1533.0,1528.0,649.0,653.0,644.0
6461.0,1527.0,1472.0,1540.0,629.0,647.0,646.0
6553.0,1525.0,1523.0,1546.0,654.0,652.0,653.0
6401.0,1497.0,1509.0,1485.0,640.0,639.0,631.0
6477.0,1529.0,1477.0,1532.0,651.0,642.0,646.0
6603.0,1575.0,1524.0,1564.0,650.0,646.0,644.0
6410.0,1513.0,1482.0,1513.0,640.0,630.0,632.0
6518.0,1518.0,1501.0,1548.0,658.0,651.0,642.0
6401.0,1507.0,1483.0,1489.0,642.0,651.0,629.0
6572.0,1543.0,1538.0,1524.0,653.0,652.0,662.0
6612.0,1527.0,1538.0,1566.0,674.0,659.0,648.0
6591.0,1537.0,1537.0,1553.0,649.0,659.0,656.0
6388.0,1479.0,1492.0,1496.0,638.0,647.0,636.0
6365.0,1484.0,1480.0,1497.0,647.0,631.0,626.0
6590.0,1519.0,1555.0,1540.0,659.0,664.0,653.0
6456.0,1510.0,1515.0,1501.0,658.0,640.0,632.0
6417.0,1492.0,1496.0,1489.0,651.0,649.0,640.0
6345.0,1485.0,1484.0,1460.0,649.0,629.0,638.0
6491.0,1489.0,1521.0,1527.0,660.0,645.0,649.0
6348.0,1482.0,1488.0,1462.0,636.0,640.0,640.0
6303.0,1468.0,1490.0,1455.0,646.0,625.0,619.0
6519.0,1521.0,1528.0,1506.0,666.0,659.0,639.0
6396.0,1485.0,1502.0,1468.0,646.0,652.0,643.0
6341.0,1479.0,1497.0,1435.0,651.0,648.0,631.0
6520.0,1499.0,1554.0,1506.0,652.0,661.0,648.0
6480.0,1524.0,1517.0,1489.0,656.0,646.0,648.0
6411.0,1482.0,1511.0,1485.0,656.0,645.0,632.0
6472.0,1522.0,1497.0,1519.0,664.0,634.0,636.0
6400.0,1505.0,1492.0,1481.0,641.0,636.0,645.0
6404.0,1496.0,1497.0,1470.0,649.0,651.0,641.0
6446.0,1489.0,1536.0,1487.0,637.0,652.0,645.0
6356.0,1497.0,1500.0,1473.0,639.0,639.0,608.0
6290.0,1474.0,1440.0,1483.0,628.0,634.0,631.0
6265.0,1445.0,1454.0,1471.0,628.0,642.0,625.0
6381.0,1488.0,1498.0,1486.0,627.0,644.0,638.0
6337.0,1472.0,1464.0,1486.0,623.0,646.0,646.0
6330.0,1482.0,1440.0,1488.0,641.0,645.0,634.0
6467.0,1509.0,1495.0,1523.0,644.0,655.0,641.0
6411.0,1471.0,1495.0,1503.0,650.0,650.0,642.0
6528.0,1517.0,1511.0,1540.0,653.0,649.0,658.0
6450.0,1457.0,1498.0,1531.0,646.0,661.0,657.0
6441.0,1490.0,1501.0,1518.0,637.0,647.0,648.0
6470.0,1471.0,1502.0,1535.0,661.0,641.0,660.0
6438.0,1527.0,1473.0,1508.0,636.0,644.0,650.0
6520.0,1518.0,1499.0,1525.0,653.0,661.0,664.0
6566.0,1518.0,1512.0,1550.0,653.0,671.0,662.0
6503.0,1520.0,1505.0,1534.0,636.0,647.0,661.0
6544.0,1517.0,1523.0,1542.0,647.0,647.0,668.0
6586.0,1540.0,1500.0,1571.0,642.0,664.0,669.0
6661.0,1546.0,1545.0,1568.0,669.0,670.0,663.0
6617.0,1550.0,1516.0,1577.0,653.0,659.0,662.0
6546.0,1528.0,1517.0,1551.0,638.0,649.0,663.0
6622.0,1553.0,1557.0,1537.0,653.0,654.0,668.0
6525.0,1531.0,1508.0,1516.0,651.0,656.0,663.0
6670.0,1562.0,1544.0,1567.0,659.0,664.0,674.0
6622.0,1556.0,1537.0,1564.0,656.0,651.0,658.0
6513.0,1524.0,1516.0,1513.0,655.0,642.0,663.0
6523.0,1536.0,1549.0,1492.0,649.0,652.0,645.0
6695.0,1564.0,1559.0,1570.0,669.0,666.0,667.0
6649.0,1548.0,1568.0,1528.0,662.0,663.0,680.0
6631.0,1537.0,1561.0,1565.0,647.0,654.0,667.0
6631.0,1534.0,1570.0,1543.0,656.0,666.0,662.0
6609.0,1526.0,1563.0,1533.0,651.0,658.0,678.0
6624.0,1530.0,1580.0,1529.0,656.0,659.0,670.0
6638.0,1539.0,1550.0,1555.0,666.0,656.0,672.0
6549.0,1515.0,1537.0,1517.0,658.0,657.0,665.0
6704.0,1543.0,1576.0,1583.0,669.0,658.0,675.0
6753.0,1576.0,1581.0,1577.0,672.0,660.0,687.0
6483.0,1516.0,1525.0,1489.0,654.0,654.0,645.0
6540.0,1539.0,1537.0,1502.0,669.0,635.0,658.0
6574.0,1546.0,1529.0,1518.0,667.0,655.0,659.0
6511.0,1511.0,1520.0,1524.0,655.0,649.0,652.0
6482.0,1502.0,1506.0,1516.0,661.0,650.0,647.0
6524.0,1522.0,1517.0,1511.0,662.0,656.0,656.0
6613.0,1565.0,1516.0,1538.0,674.0,657.0,663.0
6560.0,1564.0,1507.0,1518.0,657.0,657.0,657.0
6413.0,1495.0,1485.0,1493.0,652.0,642.0,646.0
6551.0,1516.0,1528.0,1538.0,661.0,654.0,654.0
6632.0,1573.0,1535.0,1546.0,657.0,662.0,659.0
6568.0,1575.0,1510.0,1505.0,668.0,654.0,656.0
6499.0,1529.0,1519.0,1498.0,660.0,649.0,644.0
6456.0,1522.0,1503.0,1489.0,657.0,644.0,641.0
6412.0,1517.0,1467.0,1502.0,644.0,646.0,636.0
6502.0,1538.0,1495.0,1516.0,660.0,645.0,648.0
6398.0,1484.0,1494.0,1514.0,650.0,633.0,623.0
6467.0,1504.0,1504.0,1525.0,661.0,643.0,630.0
6517.0,1521.0,1503.0,1538.0,660.0,650.0,645.0
6465.0,1502.0,1502.0,1526.0,652.0,645.0,638.0
6513.0,1521.0,1502.0,1541.0,658.0,649.0,642.0
6456.0,1503.0,1498.0,1506.0,644.0,661.0,644.0
6599.0,1510.0,1543.0,1564.0,665.0,659.0,658.0
6574.0,1526.0,1547.0,1543.0,653.0,655.0,650.0
6511.0,1498.0,1519.0,1560.0,645.0,658.0,631.0
6531.0,1514.0,1524.0,1554.0,648.0,652.0,639.0
6494.0,1516.0,1514.0,1521.0,646.0,667.0,630.0
6540.0,1504.0,1540.0,1548.0,645.0,659.0,644.0
6624.0,1549.0,1535.0,1558.0,658.0,672.0,652.0
6539.0,1512.0,1540.0,1540.0,653.0,651.0,643.0
6717.0,1558.0,1600.0,1568.0,659.0,670.0,662.0
6608.0,1534.0,1548.0,1551.0,653.0,665.0,657.0
6640.0,1565.0,1546.0,1539.0,663.0,669.0,658.0
6655.0,1544.0,1571.0,1566.0,654.0,667.0,653.0
6762.0,1575.0,1565.0,1592.0,674.0,691.0,665.0
6744.0,1563.0,1584.0,1594.0,668.0,681.0,654.0
6723.0,1571.0,1571.0,1572.0,660.0,687.0,662.0
6648.0,1557.0,1541.0,1556.0,664.0,668.0,662.0
6703.0,1579.0,1578.0,1536.0,658.0,683.0,669.0
6596.0,1562.0,1523.0,1552.0,645.0,656.0,658.0
6759.0,1583.0,1571.0,1581.0,671.0,675.0,678.0
6669.0,1567.0,1546.0,1533.0,674.0,678.0,671.0
6613.0,1537.0,1532.0,1557.0,662.0,669.0,656.0
6771.0,1584.0,1580.0,1577.0,683.0,675.0,672.0
6713.0,1565.0,1560.0,1561.0,668.0,684.0,675.0
6725.0,1575.0,1555.0,1555.0,677.0,681.0,682.0
6721.0,1550.0,1592.0,1556.0,663.0,679.0,681.0
6694.0,1574.0,1558.0,1549.0,660.0,677.0,676.0
6509.0,1519.0,1540.0,1483.0,651.0,657.0,659.0
6778.0,1558.0,1592.0,1596.0,672.0,680.0,680.0
6820.0,1586.0,1598.0,1604.0,673.0,682.0,677.0
6771.0,1588.0,1559.0,1579.0,682.0,672.0,691.0
6715.0,1559.0,1587.0,1548.0,677.0,669.0,675.0
6811.0,1559.0,1579.0,1609.0,684.0,683.0,697.0
6702.0,1559.0,1570.0,1554.0,667.0,672.0,680.0
6567.0,1550.0,1528.0,1526.0,672.0,637.0,654.0
6708.0,1537.0,1583.0,1575.0,669.0,675.0,669.0
6757.0,1582.0,1583.0,1561.0,662.0,673.0,696.0
6679.0,1559.0,1547.0,1562.0,673.0,670.0,668.0
6640.0,1548.0,1564.0,1539.0,675.0,658.0,656.0
6745.0,1582.0,1571.0,1576.0,679.0,658.0,679.0
6640.0,1561.0,1569.0,1527.0,662.0,647.0,674.0
6695.0,1575.0,1565.0,1537.0,668.0,669.0,681.0
6785.0,1571.0,1585.0,1598.0,685.0,658.0,688.0
6589.0,1536.0,1536.0,1560.0,658.0,644.0,655.0
6855.0,1589.0,1614.0,1589.0,697.0,687.0,679.0
6764.0,1570.0,1596.0,1587.0,674.0,662.0,675.0
6804.0,1610.0,1587.0,1585.0,681.0,665.0,676.0
6699.0,1555.0,1560.0,1566.0,681.0,658.0,679.0
6593.0,1536.0,1543.0,1533.0,668.0,653.0,660.0
6793.0,1571.0,1592.0,1589.0,679.0,673.0,689.0
6661.0,1518.0,1602.0,1549.0,672.0,651.0,669.0
6620.0,1528.0,1555.0,1543.0,673.0,657.0,664.0
6675.0,1522.0,1561.0,1577.0,676.0,664.0,675.0
6717.0,1544.0,1583.0,1593.0,656.0,675.0,666.0
6624.0,1519.0,1542.0,1555.0,674.0,660.0,674.0
6540.0,1506.0,1521.0,1546.0,656.0,655.0,656.0
6737.0,1545.0,1597.0,1548.0,694.0,677.0,676.0
6636.0,1548.0,1552.0,1545.0,668.0,667.0,656.0
6670.0,1557.0,1556.0,1564.0,662.0,662.0,669.0
6722.0,1575.0,1547.0,1583.0,682.0,657.0,678.0
6675.0,1567.0,1541.0,1552.0,680.0,669.0,666.0
6772.0,1587.0,1561.0,1591.0,681.0,667.0,685.0
6705.0,1580.0,1542.0,1573.0,675.0,665.0,670.0
6882.0,1638.0,1557.0,1617.0,688.0,684.0,698.0
6557.0,1535.0,1527.0,1520.0,656.0,657.0,662.0
6793.0,1594.0,1578.0,1589.0,672.0,682.0,678.0
6749.0,1571.0,1570.0,1583.0,675.0,678.0,672.0
6708.0,1568.0,1560.0,1570.0,663.0,681.0,666.0
6747.0,1597.0,1576.0,1563.0,668.0,676.0,667.0
6945.0,1644.0,1607.0,1610.0,690.0,704.0,690.0
6750.0,1566.0,1596.0,1565.0,669.0,681.0,673.0
6837.0,1596.0,1640.0,1582.0,662.0,685.0,672.0
6730.0,1594.0,1573.0,1542.0,667.0,675.0,679.0
7033.0,1640.0,1669.0,1614.0,690.0,719.0,701.0
6820.0,1598.0,1616.0,1582.0,675.0,673.0,676.0
6771.0,1578.0,1610.0,1558.0,671.0,682.0,672.0
6745.0,1592.0,1592.0,1533.0,674.0,681.0,673.0
6858.0,1603.0,1612.0,1596.0,670.0,690.0,687.0
6701.0,1534.0,1596.0,1548.0,673.0,683.0,667.0
6808.0,1588.0,1600.0,1593.0,674.0,683.0,670.0
6829.0,1565.0,1625.0,1590.0,683.0,687.0,679.0
6754.0,1543.0,1626.0,1560.0,675.0,688.0,662.0
6719.0,1565.0,1576.0,1545.0,683.0,686.0,664.0
6829.0,1580.0,1602.0,1583.0,676.0,697.0,691.0
6783.0,1557.0,1583.0,1599.0,679.0,686.0,679.0
6893.0,1592.0,1637.0,1606.0,687.0,689.0,682.0
6907.0,1623.0,1620.0,1599.0,681.0,693.0,691.0
6872.0,1571.0,1605.0,1635.0,683.0,691.0,687.0
6692.0,1558.0,1550.0,1558.0,675.0,682.0,669.0
6742.0,1565.0,1579.0,1561.0,680.0,684.0,673.0
6811.0,1581.0,1581.0,1611.0,678.0,670.0,690.0
6775.0,1581.0,1591.0,1576.0,674.0,678.0,675.0
6774.0,1572.0,1571.0,1606.0,677.0,676.0,672.0
6852.0,1609.0,1596.0,1598.0,686.0,693.0,670.0
6773.0,1584.0,1549.0,1616.0,685.0,675.0,664.0
6761.0,1592.0,1565.0,1577.0,668.0,683.0,676.0
6725.0,1606.0,1546.0,1582.0,678.0,648.0,665.0
6699.0,1549.0,1551.0,1583.0,680.0,676.0,660.0
6898.0,1599.0,1599.0,1630.0,701.0,687.0,682.0
6889.0,1606.0,1575.0,1635.0,691.0,694.0,688.0
6630.0,1538.0,1551.0,1543.0,663.0,668.0,667.0
6778.0,1570.0,1583.0,1593.0,682.0,671.0,679.0
6792.0,1583.0,1595.0,1581.0,691.0,665.0,677.0
6746.0,1555.0,1567.0,1598.0,677.0,673.0,676.0
6808.0,1590.0,1590.0,1582.0,694.0,666.0,686.0
6773.0,1566.0,1584.0,1594.0,677.0,670.0,682.0
6706.0,1554.0,1564.0,1565.0,672.0,671.0,680.0
6677.0,1541.0,1557.0,1559.0,671.0,664.0,685.0
6891.0,1595.0,1592.0,1624.0,696.0,678.0,706.0
6840.0,1592.0,1602.0,1583.0,686.0,674.0,703.0
6732.0,1560.0,1578.0,1575.0,675.0,669.0,675.0
6721.0,1537.0,1603.0,1551.0,677.0,668.0,685.0
6694.0,1557.0,1567.0,1566.0,663.0,668.0,673.0
6832.0,1600.0,1617.0,1598.0,672.0,665.0,680.0
6853.0,1600.0,1592.0,1590.0,684.0,690.0,697.0
6713.0,1569.0,1572.0,1549.0,673.0,667.0,683.0
6927.0,1630.0,1623.0,1613.0,682.0,679.0,700.0
6973.0,1611.0,1654.0,1615.0,687.0,701.0,705.0
7004.0,1645.0,1660.0,1616.0,697.0,683.0,703.0
6677.0,1551.0,1560.0,1537.0,677.0,669.0,683.0
6859.0,1614.0,1595.0,1599.0,680.0,675.0,696.0
7061.0,1671.0,1652.0,1628.0,698.0,702.0,710.0
6885.0,1622.0,1573.0,1602.0,695.0,700.0,693.0
7032.0,1653.0,1657.0,1622.0,691.0,698.0,711.0
7053.0,1661.0,1649.0,1627.0,699.0,699.0,718.0
6843.0,1597.0,1631.0,1584.0,674.0,672.0,685.0
6912.0,1610.0,1599.0,1613.0,691.0,689.0,710.0
6818.0,1613.0,1597.0,1568.0,682.0,676.0,682.0
6854.0,1605.0,1576.0,1605.0,697.0,681.0,690.0
6792.0,1603.0,1558.0,1577.0,672.0,688.0,694.0
6910.0,1611.0,1594.0,1616.0,684.0,708.0,697.0
6953.0,1598.0,1627.0,1633.0,693.0,703.0,699.0
6822.0,1577.0,1575.0,1612.0,681.0,689.0,688.0
6728.0,1541.0,1592.0,1565.0,676.0,681.0,673.0
6833.0,1571.0,1603.0,1602.0,676.0,686.0,695.0
6960.0,1602.0,1623.0,1640.0,691.0,703.0,701.0
6852.0,1585.0,1581.0,1606.0,686.0,698.0,696.0
6912.0,1594.0,1620.0,1612.0,695.0,699.0,692.0
6801.0,1589.0,1570.0,1589.0,680.0,692.0,681.0
6949.0,1620.0,1608.0,1642.0,686.0,704.0,689.0
6901.0,1613.0,1622.0,1606.0,677.0,697.0,686.0
6993.0,1652.0,1637.0,1610.0,693.0,704.0,697.0
6877.0,1596.0,1599.0,1640.0,668.0,691.0,683.0
6819.0,1588.0,1578.0,1608.0,684.0,680.0,681.0
6830.0,1582.0,1600.0,1609.0,683.0,684.0,672.0
6916.0,1603.0,1621.0,1624.0,688.0,685.0,695.0
6844.0,1586.0,1614.0,1596.0,670.0,694.0,684.0
6812.0,1602.0,1573.0,1596.0,674.0,687.0,680.0
6852.0,1599.0,1604.0,1591.0,685.0,688.0,685.0
6749.0,1570.0,1591.0,1580.0,672.0,675.0,661.0
6972.0,1626.0,1631.0,1629.0,703.0,701.0,682.0
6928.0,1612.0,1627.0,1622.0,692.0,690.0,685.0
6883.0,1615.0,1593.0,1620.0,687.0,692.0,676.0
6872.0,1594.0,1611.0,1589.0,701.0,694.0,683.0
6999.0,1629.0,1608.0,1646.0,719.0,694.0,703.0
6782.0,1583.0,1601.0,1578.0,685.0,677.0,658.0
6882.0,1587.0,1611.0,1620.0,694.0,691.0,679.0
6652.0,1554.0,1575.0,1523.0,669.0,674.0,657.0
6944.0,1605.0,1629.0,1620.0,706.0,697.0,687.0
6770.0,1578.0,1601.0,1565.0,675.0,689.0,662.0
6844.0,1592.0,1596.0,1594.0,691.0,686.0,685.0
6840.0,1589.0,1605.0,1565.0,702.0,699.0,680.0
6801.0,1576.0,1576.0,1596.0,686.0,689.0,678.0
6961.0,1620.0,1623.0,1631.0,697.0,692.0,698.0
6950.0,1614.0,1630.0,1617.0,708.0,686.0,695.0
6963.0,1627.0,1624.0,1632.0,695.0,692.0,693.0
6910.0,1620.0,1592.0,1591.0,705.0,701.0,701.0
6868.0,1620.0,1584.0,1597.0,688.0,686.0,693.0
6926.0,1652.0,1605.0,1616.0,689.0,690.0,674.0
6972.0,1661.0,1613.0,1616.0,697.0,694.0,691.0
7006.0,1669.0,1607.0,1618.0,716.0,695.0,701.0
6832.0,1628.0,1586.0,1574.0,685.0,682.0,677.0
6986.0,1651.0,1628.0,1621.0,692.0,693.0,701.0
6898.0,1616.0,1587.0,1610.0,698.0,698.0,689.0
6888.0,1617.0,1585.0,1616.0,692.0,680.0,698.0
6939.0,1643.0,1604.0,1599.0,703.0,690.0,700.0
7084.0,1687.0,1645.0,1637.0,712.0,702.0,701.0
6897.0,1623.0,1616.0,1608.0,679.0,682.0,689.0
7009.0,1636.0,1645.0,1630.0,702.0,700.0,696.0
6935.0,1620.0,1617.0,1643.0,686.0,676.0,693.0
6967.0,1605.0,1626.0,1643.0,696.0,697.0,700.0
6945.0,1606.0,1610.0,1644.0,691.0,694.0,700.0
7111.0,1643.0,1662.0,1689.0,710.0,708.0,699.0
6860.0,1606.0,1616.0,1598.0,678.0,676.0,686.0
6873.0,1587.0,1617.0,1617.0,683.0,678.0,691.0
7028.0,1626.0,1670.0,1638.0,690.0,696.0,708.0
6977.0,1590.0,1634.0,1663.0,693.0,700.0,697.0
7021.0,1629.0,1658.0,1640.0,692.0,695.0,707.0
7024.0,1641.0,1627.0,1665.0,696.0,691.0,704.0
6907.0,1599.0,1630.0,1617.0,678.0,691.0,692.0
6974.0,1609.0,1645.0,1631.0,694.0,691.0,704.0
7178.0,1708.0,1663.0,1675.0,703.0,709.0,720.0
6981.0,1622.0,1668.0,1642.0,671.0,685.0,693.0
6973.0,1632.0,1634.0,1640.0,685.0,682.0,700.0
6907.0,1613.0,1598.0,1621.0,681.0,695.0,699.0
7005.0,1621.0,1638.0,1657.0,695.0,691.0,703.0
6949.0,1606.0,1629.0,1633.0,695.0,692.0,694.0
6912.0,1628.0,1616.0,1616.0,682.0,681.0,689.0
6934.0,1603.0,1605.0,1643.0,696.0,683.0,704.0
6751.0,1570.0,1572.0,1572.0,672.0,680.0,685.0
6905.0,1614.0,1594.0,1622.0,694.0,685.0,696.0
6950.0,1632.0,1610.0,1605.0,683.0,708.0,712.0
6902.0,1609.0,1593.0,1625.0,684.0,689.0,702.0
6781.0,1579.0,1575.0,1574.0,687.0,684.0,682.0
6976.0,1618.0,1622.0,1626.0,704.0,707.0,699.0
6893.0,1616.0,1590.0,1598.0,697.0,696.0,696.0
6996.0,1602.0,1619.0,1648.0,710.0,707.0,710.0
6995.0,1617.0,1614.0,1637.0,705.0,711.0,711.0
6895.0,1607.0,1607.0,1574.0,697.0,709.0,701.0
7041.0,1647.0,1639.0,1641.0,706.0,700.0,708.0
6997.0,1628.0,1641.0,1606.0,700.0,713.0,709.0
6785.0,1593.0,1578.0,1558.0,692.0,684.0,680.0
6864.0,1594.0,1590.0,1603.0,696.0,694.0,687.0
7074.0,1658.0,1639.0,1634.0,713.0,713.0,717.0
6917.0,1613.0,1599.0,1611.0,694.0,710.0,690.0
7092.0,1672.0,1630.0,1663.0,722.0,707.0,698.0
6874.0,1612.0,1580.0,1588.0,689.0,697.0,708.0
6896.0,1606.0,1601.0,1612.0,687.0,693.0,697.0
6986.0,1637.0,1636.0,1590.0,715.0,714.0,694.0
7026.0,1617.0,1668.0,1612.0,707.0,712.0,710.0
7081.0,1667.0,1661.0,1634.0,708.0,704.0,707.0
7039.0,1653.0,1658.0,1605.0,712.0,710.0,701.0
7108.0,1683.0,1650.0,1643.0,712.0,709.0,711.0
7244.0,1718.0,1700.0,1660.0,728.0,723.0,715.0
7127.0,1674.0,1682.0,1643.0,716.0,711.0,701.0
7012.0,1647.0,1645.0,1612.0,707.0,711.0,690.0
7094.0,1655.0,1674.0,1650.0,710.0,705.0,700.0
6974.0,1640.0,1621.0,1631.0,699.0,697.0,686.0
7069.0,1674.0,1650.0,1655.0,699.0,700.0,691.0
7094.0,1667.0,1668.0,1633.0,712.0,704.0,710.0
7177.0,1681.0,1662.0,1712.0,713.0,710.0,699.0
7126.0,1668.0,1659.0,1680.0,702.0,721.0,696.0
7080.0,1626.0,1667.0,1670.0,706.0,707.0,704.0
7125.0,1660.0,1647.0,1670.0,715.0,717.0,716.0
7110.0,1618.0,1676.0,1661.0,720.0,712.0,723.0
7219.0,1688.0,1679.0,1711.0,718.0,709.0,714.0
7061.0,1608.0,1640.0,1689.0,721.0,707.0,696.0
7036.0,1645.0,1633.0,1655.0,706.0,699.0,698.0
6932.0,1593.0,1630.0,1635.0,693.0,683.0,698.0
7078.0,1682.0,1629.0,1653.0,709.0,705.0,700.0
7060.0,1621.0,1656.0,1670.0,711.0,701.0,701.0
7079.0,1648.0,1643.0,1674.0,709.0,705.0,700.0
7053.0,1661.0,1632.0,1652.0,705.0,704.0,699.0
6944.0,1626.0,1595.0,1652.0,693.0,693.0,685.0
7074.0,1662.0,1656.0,1642.0,712.0,694.0,708.0
7076.0,1662.0,1633.0,1674.0,699.0,706.0,702.0
7129.0,1685.0,1673.0,1653.0,698.0,716.0,704.0
7042.0,1641.0,1645.0,1640.0,707.0,697.0,712.0
7036.0,1663.0,1625.0,1632.0,697.0,717.0,702.0
6999.0,1648.0,1636.0,1640.0,698.0,696.0,681.0
7019.0,1670.0,1627.0,1626.0,705.0,704.0,687.0
7075.0,1668.0,1666.0,1637.0,698.0,697.0,709.0
7225.0,1692.0,1676.0,1701.0,712.0,720.0,724.0
6940.0,1607.0,1612.0,1632.0,694.0,696.0,699.0
7162.0,1701.0,1678.0,1645.0,720.0,704.0,714.0
6888.0,1627.0,1627.0,1582.0,690.0,673.0,689.0
6981.0,1659.0,1622.0,1616.0,686.0,700.0,698.0
7150.0,1670.0,1704.0,1642.0,719.0,704.0,711.0
7171.0,1663.0,1683.0,1687.0,708.0,708.0,722.0
6908.0,1607.0,1641.0,1594.0,683.0,686.0,697.0
7054.0,1613.0,1678.0,1650.0,696.0,706.0,711.0
6985.0,1622.0,1639.0,1618.0,704.0,699.0,703.0
6999.0,1630.0,1639.0,1624.0,698.0,699.0,709.0
7060.0,1642.0,1652.0,1644.0,705.0,707.0,710.0
7132.0,1632.0,1697.0,1639.0,720.0,719.0,725.0
7188.0,1676.0,1691.0,1662.0,726.0,717.0,716.0
7068.0,1621.0,1673.0,1636.0,716.0,711.0,711.0
7143.0,1657.0,1691.0,1640.0,719.0,711.0,725.0
7290.0,1710.0,1707.0,1678.0,739.0,721.0,735.0
7134.0,1649.0,1688.0,1652.0,717.0,705.0,723.0
7307.0,1703.0,1709.0,1694.0,728.0,740.0,733.0
7103.0,1664.0,1651.0,1652.0,710.0,714.0,712.0
7179.0,1680.0,1672.0,1659.0,713.0,718.0,737.0
7218.0,1681.0,1673.0,1669.0,728.0,730.0,737.0
7213.0,1674.0,1684.0,1665.0,738.0,733.0,719.0
7169.0,1664.0,1661.0,1661.0,719.0,725.0,739.0
7188.0,1711.0,1665.0,1647.0,717.0,724.0,724.0
7151.0,1690.0,1651.0,1656.0,717.0,719.0,718.0
7304.0,1734.0,1681.0,1692.0,732.0,738.0,727.0
7358.0,1716.0,1689.0,1719.0,739.0,742.0,753.0
7382.0,1729.0,1719.0,1718.0,741.0,740.0,735.0
7332.0,1708.0,1695.0,1717.0,735.0,747.0,730.0
7409.0,1701.0,1731.0,1752.0,747.0,738.0,740.0
7203.0,1693.0,1625.0,1702.0,730.0,725.0,728.0
7217.0,1664.0,1666.0,1705.0,735.0,722.0,725.0
7294.0,1689.0,1682.0,1729.0,728.0,742.0,724.0
7125.0,1652.0,1657.0,1670.0,720.0,713.0,713.0
7048.0,1633.0,1647.0,1646.0,712.0,699.0,711.0
7128.0,1643.0,1643.0,1677.0,720.0,724.0,721.0
7171.0,1622.0,1709.0,1670.0,719.0,721.0,730.0
7241.0,1656.0,1708.0,1714.0,711.0,727.0,725.0
7225.0,1679.0,1694.0,1690.0,718.0,720.0,724.0
7220.0,1703.0,1692.0,1675.0,716.0,719.0,715.0
7237.0,1685.0,1707.0,1684.0,720.0,721.0,720.0
7336.0,1721.0,1702.0,1715.0,722.0,746.0,730.0
7284.0,1670.0,1715.0,1709.0,719.0,741.0,730.0
7110.0,1677.0,1660.0,1668.0,702.0,703.0,700.0
7179.0,1657.0,1674.0,1680.0,722.0,724.0,722.0
7379.0,1706.0,1739.0,1734.0,727.0,731.0,742.0
7094.0,1662.0,1664.0,1648.0,706.0,715.0,699.0
7282.0,1706.0,1708.0,1696.0,727.0,724.0,721.0
7107.0,1657.0,1690.0,1644.0,703.0,710.0,703.0
7026.0,1657.0,1651.0,1627.0,691.0,696.0,704.0
7227.0,1684.0,1723.0,1669.0,713.0,712.0,726.0
7127.0,1677.0,1668.0,1668.0,697.0,710.0,707.0
7057.0,1648.0,1665.0,1636.0,709.0,706.0,693.0
7208.0,1701.0,1684.0,1684.0,709.0,723.0,707.0
7116.0,1653.0,1665.0,1656.0,704.0,717.0,721.0
7124.0,1652.0,1669.0,1670.0,704.0,715.0,714.0
7084.0,1647.0,1670.0,1651.0,701.0,706.0,709.0
7107.0,1676.0,1658.0,1653.0,700.0,707.0,713.0
7049.0,1623.0,1668.0,1636.0,702.0,706.0,714.0
7048.0,1669.0,1634.0,1627.0,710.0,709.0,699.0
7091.0,1655.0,1643.0,1644.0,725.0,714.0,710.0
7159.0,1674.0,1653.0,1684.0,716.0,714.0,718.0
7140.0,1631.0,1670.0,1662.0,728.0,722.0,727.0
7119.0,1646.0,1665.0,1655.0,712.0,724.0,717.0
7269.0,1695.0,1698.0,1700.0,728.0,728.0,720.0
7082.0,1677.0,1657.0,1644.0,706.0,704.0,694.0
6998.0,1628.0,1628.0,1635.0,714.0,706.0,687.0
7042.0,1667.0,1629.0,1648.0,707.0,697.0,694.0
7214.0,1689.0,1647.0,1710.0,727.0,716.0,725.0
7394.0,1736.0,1711.0,1726.0,741.0,729.0,751.0
7288.0,1697.0,1711.0,1704.0,724.0,721.0,731.0
7315.0,1736.0,1696.0,1703.0,739.0,724.0,717.0
7250.0,1671.0,1695.0,1707.0,741.0,711.0,725.0
7329.0,1730.0,1716.0,1701.0,731.0,731.0,720.0
7385.0,1739.0,1717.0,1714.0,751.0,736.0,728.0
7314.0,1716.0,1713.0,1710.0,733.0,726.0,716.0
7409.0,1721.0,1740.0,1722.0,760.0,734.0,732.0
7546.0,1767.0,1758.0,1775.0,750.0,745.0,751.0
7257.0,1706.0,1674.0,1710.0,729.0,724.0,714.0
7375.0,1706.0,1734.0,1731.0,745.0,730.0,729.0
7431.0,1739.0,1738.0,1728.0,748.0,740.0,738.0
7384.0,1723.0,1722.0,1732.0,729.0,744.0,734.0
7415.0,1699.0,1744.0,1743.0,748.0,738.0,743.0
7501.0,1757.0,1745.0,1765.0,748.0,736.0,750.0
7315.0,1693.0,1694.0,1727.0,740.0,736.0,725.0
7294.0,1684.0,1704.0,1702.0,730.0,744.0,730.0
7435.0,1726.0,1757.0,1722.0,740.0,745.0,745.0
7275.0,1664.0,1701.0,1713.0,733.0,731.0,733.0
7377.0,1714.0,1732.0,1723.0,737.0,735.0,736.0
7357.0,1693.0,1716.0,1735.0,737.0,735.0,741.0
7262.0,1674.0,1705.0,1691.0,726.0,733.0,733.0
7333.0,1705.0,1696.0,1722.0,741.0,726.0,743.0
7223.0,1680.0,1689.0,1676.0,719.0,728.0,731.0
7155.0,1678.0,1675.0,1643.0,710.0,730.0,719.0
7328.0,1724.0,1713.0,1699.0,726.0,729.0,737.0
7270.0,1714.0,1678.0,1682.0,732.0,736.0,728.0
7426.0,1746.0,1748.0,1704.0,737.0,749.0,742.0
7231.0,1710.0,1683.0,1659.0,723.0,727.0,729.0
7298.0,1687.0,1714.0,1691.0,727.0,738.0,741.0
7264.0,1712.0,1680.0,1703.0,724.0,727.0,718.0
7337.0,1773.0,1688.0,1662.0,724.0,734.0,756.0
7210.0,1686.0,1678.0,1668.0,722.0,725.0,731.0
7300.0,1734.0,1679.0,1701.0,725.0,728.0,733.0
7154.0,1661.0,1676.0,1645.0,709.0,733.0,730.0
7292.0,1699.0,1691.0,1699.0,731.0,739.0,733.0
7110.0,1675.0,1670.0,1614.0,718.0,711.0,722.0
7302.0,1698.0,1689.0,1689.0,736.0,754.0,736.0
7158.0,1664.0,1672.0,1656.0,721.0,720.0,725.0
7290.0,1700.0,1715.0,1694.0,728.0,725.0,728.0
7165.0,1673.0,1666.0,1671.0,727.0,713.0,715.0
7216.0,1684.0,1664.0,1705.0,703.0,731.0,729.0
7394.0,1707.0,1765.0,1716.0,738.0,728.0,740.0
7093.0,1621.0,1685.0,1650.0,707.0,720.0,710.0
7226.0,1683.0,1678.0,1691.0,722.0,719.0,733.0
7324.0,1702.0,1721.0,1696.0,726.0,736.0,743.0
7392.0,1705.0,1741.0,1736.0,732.0,731.0,747.0
7200.0,1686.0,1699.0,1673.0,719.0,710.0,713.0
7313.0,1677.0,1719.0,1710.0,739.0,734.0,734.0
7382.0,1703.0,1740.0,1731.0,734.0,731.0,743.0
7314.0,1684.0,1736.0,1703.0,733.0,721.0,737.0
7349.0,1714.0,1724.0,1720.0,730.0,730.0,731.0
7436.0,1721.0,1753.0,1758.0,733.0,733.0,738.0
7251.0,1712.0,1702.0,1672.0,727.0,721.0,717.0
7555.0,1768.0,1771.0,1769.0,752.0,741.0,754.0
7482.0,1749.0,1732.0,1774.0,745.0,732.0,750.0
7585.0,1784.0,1750.0,1804.0,760.0,736.0,751.0
7520.0,1781.0,1744.0,1758.0,751.0,746.0,740.0
7507.0,1770.0,1734.0,1763.0,752.0,746.0,742.0
7352.0,1720.0,1691.0,1721.0,736.0,734.0,750.0
7514.0,1759.0,1746.0,1775.0,758.0,732.0,744.0
7333.0,1706.0,1711.0,1731.0,737.0,719.0,729.0
7471.0,1749.0,1728.0,1757.0,755.0,742.0,740.0
7468.0,1747.0,1724.0,1768.0,744.0,744.0,741.0
7396.0,1736.0,1678.0,1749.0,749.0,746.0,738.0
7519.0,1762.0,1736.0,1795.0,750.0,743.0,733.0
7322.0,1692.0,1698.0,1739.0,744.0,730.0,719.0
7416.0,1730.0,1703.0,1753.0,756.0,736.0,738.0
7425.0,1723.0,1747.0,1744.0,747.0,739.0,725.0
7546.0,1737.0,1759.0,1784.0,767.0,752.0,747.0
7371.0,1744.0,1710.0,1714.0,746.0,730.0,727.0
7335.0,1710.0,1717.0,1720.0,738.0,719.0,731.0
7388.0,1708.0,1715.0,1742.0,743.0,740.0,740.0
7275.0,1685.0,1708.0,1687.0,737.0,727.0,731.0
7520.0,1752.0,1751.0,1745.0,760.0,749.0,763.0
7438.0,1754.0,1741.0,1704.0,752.0,738.0,749.0
7520.0,1742.0,1788.0,1753.0,751.0,732.0,754.0
7350.0,1720.0,1722.0,1692.0,749.0,741.0,726.0
7226.0,1679.0,1686.0,1689.0,727.0,727.0,718.0
7417.0,1744.0,1732.0,1720.0,741.0,743.0,737.0
7422.0,1752.0,1746.0,1710.0,742.0,742.0,730.0
7424.0,1747.0,1720.0,1719.0,748.0,741.0,749.0
7367.0,1727.0,1720.0,1725.0,743.0,733.0,719.0
7438.0,1757.0,1725.0,1736.0,744.0,736.0,740.0
7357.0,1718.0,1728.0,1697.0,736.0,748.0,730.0
7385.0,1729.0,1751.0,1708.0,720.0,738.0,739.0
7390.0,1737.0,1742.0,1714.0,727.0,741.0,729.0
7302.0,1695.0,1717.0,1705.0,726.0,728.0,731.0
7600.0,1806.0,1779.0,1749.0,744.0,766.0,756.0
7447.0,1735.0,1766.0,1718.0,739.0,755.0,734.0
7275.0,1677.0,1697.0,1709.0,741.0,728.0,723.0
7294.0,1718.0,1714.0,1681.0,723.0,734.0,724.0
7234.0,1687.0,1701.0,1678.0,713.0,740.0,715.0
7378.0,1713.0,1723.0,1723.0,734.0,746.0,739.0
7497.0,1741.0,1738.0,1764.0,743.0,757.0,754.0
7381.0,1706.0,1728.0,1739.0,726.0,745.0,737.0
7336.0,1698.0,1710.0,1729.0,722.0,739.0,738.0
7300.0,1692.0,1709.0,1721.0,720.0,730.0,728.0
7452.0,1728.0,1745.0,1729.0,736.0,760.0,754.0
7392.0,1732.0,1708.0,1730.0,742.0,738.0,742.0
7414.0,1720.0,1723.0,1741.0,724.0,751.0,755.0
7354.0,1709.0,1702.0,1738.0,719.0,743.0,743.0
7593.0,1776.0,1752.0,1779.0,762.0,764.0,760.0
7462.0,1752.0,1718.0,1741.0,739.0,751.0,761.0
7370.0,1737.0,1698.0,1689.0,741.0,756.0,749.0
7436.0,1750.0,1692.0,1756.0,731.0,757.0,750.0
7547.0,1788.0,1725.0,1766.0,752.0,755.0,761.0
7502.0,1744.0,1727.0,1779.0,742.0,755.0,755.0
7500.0,1736.0,1740.0,1765.0,753.0,757.0,749.0
7532.0,1771.0,1716.0,1777.0,754.0,754.0,760.0
7572.0,1786.0,1756.0,1738.0,762.0,764.0,766.0
7611.0,1773.0,1770.0,1785.0,754.0,755.0,774.0
7327.0,1714.0,1699.0,1715.0,740.0,729.0,730.0
7438.0,1737.0,1716.0,1744.0,740.0,750.0,751.0
7503.0,1747.0,1743.0,1758.0,750.0,755.0,750.0
7556.0,1773.0,1760.0,1756.0,758.0,745.0,764.0
7444.0,1739.0,1746.0,1728.0,742.0,743.0,746.0
7559.0,1738.0,1792.0,1750.0,764.0,753.0,762.0
7749.0,1803.0,1846.0,1775.0,785.0,763.0,777.0
7472.0,1732.0,1775.0,1731.0,751.0,739.0,744.0
7605.0,1763.0,1789.0,1762.0,773.0,757.0,761.0
7566.0,1741.0,1802.0,1747.0,765.0,745.0,766.0
7527.0,1749.0,1756.0,1752.0,771.0,746.0,753.0
7597.0,1774.0,1799.0,1734.0,771.0,758.0,761.0
7666.0,1773.0,1812.0,1774.0,774.0,765.0,768.0
7484.0,1729.0,1761.0,1728.0,757.0,752.0,757.0
7596.0,1766.0,1787.0,1744.0,778.0,762.0,759.0
7510.0,1767.0,1767.0,1732.0,754.0,745.0,745.0
7477.0,1747.0,1758.0,1744.0,753.0,736.0,739.0
7359.0,1720.0,1735.0,1689.0,740.0,736.0,739.0
7383.0,1763.0,1724.0,1680.0,749.0,731.0,736.0
7526.0,1793.0,1763.0,1726.0,753.0,746.0,745.0
7368.0,1728.0,1705.0,1710.0,749.0,730.0,746.0
7530.0,1783.0,1749.0,1734.0,759.0,748.0,757.0
7463.0,1744.0,1735.0,1739.0,744.0,744.0,757.0
7369.0,1742.0,1688.0,1726.0,736.0,737.0,740.0
7436.0,1780.0,1725.0,1714.0,755.0,734.0,728.0
7529.0,1788.0,1743.0,1723.0,773.0,750.0,752.0
7385.0,1732.0,1708.0,1719.0,740.0,738.0,748.0
7389.0,1739.0,1704.0,1736.0,732.0,741.0,737.0
7406.0,1708.0,1709.0,1746.0,755.0,750.0,738.0
7440.0,1727.0,1723.0,1774.0,740.0,731.0,745.0
7369.0,1718.0,1713.0,1740.0,744.0,726.0,728.0
7419.0,1728.0,1717.0,1741.0,749.0,745.0,739.0
7519.0,1770.0,1720.0,1775.0,752.0,754.0,748.0
7365.0,1715.0,1724.0,1712.0,740.0,743.0,731.0
7458.0,1749.0,1748.0,1760.0,734.0,735.0,732.0
7634.0,1772.0,1777.0,1781.0,781.0,766.0,757.0
7402.0,1719.0,1713.0,1758.0,747.0,737.0,728.0
7429.0,1734.0,1715.0,1756.0,735.0,751.0,738.0
7554.0,1777.0,1752.0,1755.0,760.0,762.0,748.0
7549.0,1766.0,1774.0,1750.0,752.0,759.0,748.0
7530.0,1730.0,1763.0,1782.0,743.0,764.0,748.0
7512.0,1734.0,1777.0,1766.0,734.0,760.0,741.0
7620.0,1796.0,1775.0,1787.0,750.0,762.0,750.0
7559.0,1748.0,1768.0,1795.0,747.0,748.0,753.0
7658.0,1808.0,1760.0,1809.0,760.0,763.0,758.0
7651.0,1803.0,1764.0,1789.0,759.0,773.0,763.0
7407.0,1739.0,1717.0,1727.0,741.0,759.0,724.0
7599.0,1759.0,1767.0,1802.0,760.0,758.0,753.0
7691.0,1796.0,1818.0,1778.0,763.0,764.0,772.0
7644.0,1812.0,1794.0,1758.0,761.0,763.0,756.0
7581.0,1783.0,1774.0,1765.0,748.0,759.0,752.0
7619.0,1788.0,1774.0,1781.0,757.0,758.0,761.0
7520.0,1773.0,1777.0,1723.0,738.0,757.0,752.0
7599.0,1768.0,1781.0,1778.0,757.0,767.0,748.0
7791.0,1824.0,1799.0,1821.0,782.0,787.0,778.0
7575.0,1764.0,1763.0,1765.0,771.0,761.0,751.0
7616.0,1776.0,1766.0,1772.0,761.0,768.0,773.0
7678.0,1784.0,1790.0,1778.0,776.0,780.0,770.0
7640.0,1768.0,1790.0,1779.0,771.0,769.0,763.0
7421.0,1728.0,1733.0,1710.0,747.0,751.0,752.0
7774.0,1816.0,1807.0,1780.0,787.0,791.0,793.0
7573.0,1758.0,1748.0,1771.0,764.0,769.0,763.0
7844.0,1802.0,1803.0,1844.0,791.0,806.0,798.0
7629.0,1756.0,1796.0,1758.0,770.0,775.0,774.0
7533.0,1753.0,1742.0,1750.0,763.0,761.0,764.0
7634.0,1782.0,1763.0,1781.0,771.0,766.0,771.0
7533.0,1740.0,1756.0,1755.0,755.0,764.0,763.0
7610.0,1776.0,1787.0,1757.0,768.0,757.0,765.0
7390.0,1705.0,1713.0,1725.0,746.0,747.0,754.0
7602.0,1777.0,1765.0,1767.0,762.0,765.0,766.0
7726.0,1798.0,1833.0,1766.0,777.0,773.0,779.0
7591.0,1759.0,1784.0,1768.0,758.0,754.0,768.0
7523.0,1770.0,1748.0,1746.0,756.0,745.0,758.0
7621.0,1783.0,1780.0,1761.0,780.0,752.0,765.0
7559.0,1768.0,1747.0,1766.0,757.0,757.0,764.0
7589.0,1788.0,1764.0,1757.0,770.0,752.0,758.0
7537.0,1753.0,1776.0,1747.0,756.0,757.0,748.0
7559.0,1769.0,1753.0,1758.0,757.0,760.0,762.0
7639.0,1801.0,1764.0,1796.0,764.0,752.0,762.0
7559.0,1771.0,1758.0,1765.0,757.0,749.0,759.0
7624.0,1769.0,1796.0,1772.0,755.0,768.0,764.0
7531.0,1759.0,1776.0,1748.0,754.0,740.0,754.0
7606.0,1780.0,1776.0,1773.0,757.0,752.0,768.0
7504.0,1729.0,1762.0,1762.0,760.0,747.0,744.0
7496.0,1738.0,1762.0,1765.0,742.0,738.0,751.0
7529.0,1745.0,1765.0,1763.0,752.0,744.0,760.0
7538.0,1756.0,1767.0,1782.0,737.0,741.0,755.0
7729.0,1770.0,1797.0,1836.0,771.0,774.0,781.0
7659.0,1794.0,1779.0,1786.0,760.0,767.0,773.0
7610.0,1770.0,1768.0,1801.0,761.0,751.0,759.0
7604.0,1788.0,1782.0,1765.0,750.0,756.0,763.0
7606.0,1758.0,1780.0,1792.0,762.0,759.0,755.0
7777.0,1803.0,1836.0,1809.0,776.0,769.0,784.0
7506.0,1744.0,1729.0,1775.0,749.0,744.0,765.0
7533.0,1757.0,1761.0,1749.0,757.0,750.0,759.0
7533.0,1747.0,1748.0,1778.0,755.0,760.0,745.0
7684.0,1788.0,1758.0,1815.0,776.0,780.0,767.0
7604.0,1784.0,1766.0,1762.0,764.0,762.0,766.0
7547.0,1772.0,1759.0,1766.0,741.0,751.0,758.0
7678.0,1810.0,1782.0,1787.0,764.0,773.0,762.0
7910.0,1886.0,1813.0,1846.0,790.0,789.0,786.0
7789.0,1858.0,1801.0,1803.0,778.0,777.0,772.0
7614.0,1799.0,1770.0,1761.0,759.0,769.0,756.0
7737.0,1831.0,1783.0,1797.0,777.0,777.0,772.0
7666.0,1805.0,1778.0,1775.0,769.0,773.0,766.0
7673.0,1806.0,1776.0,1803.0,765.0,764.0,759.0
7726.0,1819.0,1815.0,1761.0,769.0,784.0,778.0
7706.0,1797.0,1794.0,1817.0,759.0,775.0,764.0
7760.0,1844.0,1796.0,1787.0,783.0,779.0,771.0
7646.0,1799.0,1768.0,1773.0,764.0,775.0,767.0
7740.0,1783.0,1816.0,1812.0,775.0,777.0,777.0
7803.0,1793.0,1831.0,1817.0,792.0,795.0,775.0
7812.0,1819.0,1814.0,1846.0,779.0,785.0,769.0
7741.0,1812.0,1789.0,1808.0,782.0,776.0,774.0
7642.0,1771.0,1784.0,1768.0,779.0,775.0,765.0
7745.0,1779.0,1837.0,1801.0,784.0,778.0,766.0
7812.0,1824.0,1833.0,1817.0,780.0,786.0,772.0
7748.0,1792.0,1832.0,1818.0,786.0,769.0,751.0
7567.0,1748.0,1769.0,1793.0,759.0,759.0,739.0
7710.0,1823.0,1795.0,1795.0,767.0,775.0,755.0
7632.0,1779.0,1791.0,1755.0,773.0,772.0,762.0
7682.0,1785.0,1777.0,1796.0,789.0,790.0,745.0
7636.0,1781.0,1803.0,1774.0,758.0,769.0,751.0
7617.0,1765.0,1803.0,1766.0,774.0,754.0,755.0
7818.0,1814.0,1828.0,1846.0,776.0,782.0,772.0
7612.0,1795.0,1761.0,1768.0,775.0,760.0,753.0
7714.0,1796.0,1807.0,1800.0,779.0,771.0,761.0
7707.0,1811.0,1783.0,1811.0,774.0,769.0,759.0
7629.0,1770.0,1777.0,1789.0,778.0,765.0,750.0
7641.0,1793.0,1758.0,1784.0,776.0,772.0,758.0
7755.0,1790.0,1817.0,1818.0,789.0,771.0,770.0
7688.0,1785.0,1773.0,1816.0,771.0,764.0,779.0
7472.0,1780.0,1695.0,1750.0,750.0,750.0,747.0
7670.0,1791.0,1775.0,1799.0,770.0,763.0,772.0
7670.0,1795.0,1790.0,1793.0,773.0,767.0,752.0
7647.0,1784.0,1766.0,1787.0,772.0,767.0,771.0
7719.0,1775.0,1802.0,1809.0,766.0,790.0,777.0
7630.0,1763.0,1781.0,1794.0,767.0,764.0,761.0
7765.0,1798.0,1811.0,1829.0,781.0,764.0,782.0
7668.0,1797.0,1787.0,1790.0,763.0,763.0,768.0
7842.0,1814.0,1832.0,1842.0,787.0,779.0,788.0
7603.0,1774.0,1776.0,1756.0,766.0,766.0,765.0
7681.0,1804.0,1780.0,1801.0,766.0,754.0,776.0
7698.0,1781.0,1780.0,1825.0,757.0,764.0,791.0
7662.0,1759.0,1778.0,1825.0,773.0,763.0,764.0
7728.0,1819.0,1799.0,1800.0,772.0,768.0,770.0
7780.0,1795.0,1830.0,1811.0,779.0,777.0,788.0
7622.0,1771.0,1783.0,1774.0,764.0,759.0,771.0
7869.0,1860.0,1820.0,1837.0,775.0,783.0,794.0
7667.0,1794.0,1807.0,1779.0,755.0,754.0,778.0
7743.0,1807.0,1810.0,1805.0,777.0,772.0,772.0
7817.0,1826.0,1850.0,1820.0,769.0,765.0,787.0
7814.0,1850.0,1824.0,1812.0,759.0,779.0,790.0
7830.0,1826.0,1829.0,1817.0,776.0,786.0,796.0
7821.0,1852.0,1836.0,1787.0,781.0,778.0,787.0
7953.0,1892.0,1860.0,1849.0,784.0,782.0,786.0
7732.0,1814.0,1818.0,1792.0,772.0,757.0,779.0
7748.0,1798.0,1817.0,1802.0,776.0,769.0,786.0
7807.0,1827.0,1855.0,1792.0,769.0,778.0,786.0
7992.0,1871.0,1887.0,1852.0,789.0,796.0,797.0
7953.0,1857.0,1879.0,1841.0,792.0,786.0,798.0
7895.0,1852.0,1849.0,1815.0,787.0,786.0,806.0
7939.0,1854.0,1882.0,1827.0,776.0,793.0,807.0
7765.0,1817.0,1846.0,1791.0,769.0,765.0,777.0
8088.0,1890.0,1895.0,1882.0,813.0,802.0,806.0
7812.0,1811.0,1824.0,1836.0,786.0,770.0,785.0
7833.0,1785.0,1850.0,1851.0,782.0,772.0,793.0
7897.0,1845.0,1821.0,1844.0,804.0,789.0,794.0
7921.0,1838.0,1852.0,1865.0,785.0,782.0,799.0
7907.0,1839.0,1850.0,1838.0,794.0,782.0,804.0
7840.0,1833.0,1809.0,1828.0,792.0,786.0,792.0
7877.0,1856.0,1806.0,1848.0,786.0,789.0,792.0
7830.0,1846.0,1818.0,1823.0,788.0,781.0,774.0
7750.0,1793.0,1797.0,1824.0,784.0,775.0,777.0
7824.0,1823.0,1824.0,1831.0,783.0,786.0,777.0
7628.0,1788.0,1750.0,1783.0,773.0,768.0,766.0
7885.0,1840.0,1838.0,1838.0,791.0,794.0,784.0
7711.0,1805.0,1799.0,1800.0,763.0,767.0,777.0
7616.0,1772.0,1760.0,1786.0,769.0,769.0,760.0
7790.0,1836.0,1786.0,1828.0,774.0,792.0,774.0
7875.0,1822.0,1850.0,1870.0,781.0,779.0,773.0
7856.0,1827.0,1835.0,1831.0,782.0,796.0,785.0
7814.0,1815.0,1822.0,1830.0,781.0,786.0,780.0
7895.0,1841.0,1856.0,1830.0,795.0,800.0,773.0
7763.0,1814.0,1800.0,1824.0,773.0,782.0,770.0
7644.0,1755.0,1780.0,1808.0,764.0,775.0,762.0
7730.0,1810.0,1820.0,1779.0,782.0,786.0,753.0
7709.0,1772.0,1796.0,1827.0,771.0,776.0,767.0
7898.0,1858.0,1853.0,1829.0,800.0,778.0,780.0
7686.0,1767.0,1805.0,1782.0,778.0,790.0,764.0
7672.0,1799.0,1783.0,1773.0,777.0,771.0,769.0
7753.0,1800.0,1835.0,1796.0,778.0,781.0,763.0
7508.0,1728.0,1777.0,1739.0,765.0,756.0,743.0
7723.0,1778.0,1817.0,1798.0,779.0,786.0,765.0
7901.0,1821.0,1891.0,1836.0,778.0,796.0,779.0
7955.0,1850.0,1883.0,1864.0,787.0,787.0,784.0
7898.0,1844.0,1843.0,1837.0,796.0,795.0,783.0
7812.0,1831.0,1832.0,1818.0,787.0,773.0,771.0
7915.0,1856.0,1854.0,1828.0,793.0,801.0,783.0
7903.0,1856.0,1859.0,1820.0,786.0,796.0,786.0
7645.0,1802.0,1789.0,1768.0,767.0,759.0,760.0
7895.0,1865.0,1847.0,1818.0,782.0,789.0,794.0
7788.0,1841.0,1821.0,1786.0,780.0,780.0,780.0
7934.0,1888.0,1811.0,1862.0,794.0,796.0,783.0
7848.0,1851.0,1821.0,1822.0,791.0,782.0,781.0
7920.0,1875.0,1843.0,1841.0,792.0,794.0,775.0
7887.0,1878.0,1821.0,1836.0,791.0,780.0,781.0
7825.0,1856.0,1825.0,1795.0,784.0,785.0,780.0
7770.0,1820.0,1822.0,1806.0,761.0,776.0,785.0
7903.0,1865.0,1828.0,1823.0,789.0,791.0,807.0
7851.0,1858.0,1806.0,1819.0,789.0,781.0,798.0
8071.0,1907.0,1846.0,1901.0,804.0,807.0,806.0
7903.0,1857.0,1830.0,1839.0,790.0,793.0,794.0
7988.0,1859.0,1877.0,1864.0,791.0,800.0,797.0
7968.0,1858.0,1873.0,1856.0,801.0,786.0,794.0
8009.0,1863.0,1845.0,1897.0,798.0,800.0,806.0
7911.0,1840.0,1841.0,1845.0,792.0,786.0,807.0
8077.0,1889.0,1882.0,1894.0,813.0,794.0,805.0
7882.0,1814.0,1851.0,1856.0,786.0,793.0,782.0
7845.0,1837.0,1827.0,1843.0,776.0,766.0,796.0
7957.0,1840.0,1868.0,1873.0,789.0,792.0,795.0
7836.0,1826.0,1820.0,1842.0,776.0,782.0,790.0
7974.0,1846.0,1848.0,1888.0,800.0,785.0,807.0
7701.0,1781.0,1794.0,1829.0,762.0,765.0,770.0
7956.0,1842.0,1870.0,1876.0,788.0,781.0,799.0
7881.0,1848.0,1851.0,1853.0,776.0,778.0,775.0
7886.0,1814.0,1840.0,1867.0,787.0,779.0,799.0
8006.0,1872.0,1866.0,1870.0,804.0,792.0,802.0
7894.0,1834.0,1857.0,1850.0,793.0,775.0,785.0
8058.0,1877.0,1877.0,1930.0,801.0,775.0,798.0
7989.0,1884.0,1845.0,1874.0,802.0,794.0,790.0
7854.0,1824.0,1847.0,1856.0,774.0,776.0,777.0
7944.0,1846.0,1847.0,1859.0,792.0,796.0,804.0
7907.0,1833.0,1826.0,1864.0,797.0,791.0,796.0
7876.0,1820.0,1851.0,1831.0,793.0,791.0,790.0
7874.0,1838.0,1858.0,1831.0,786.0,785.0,776.0
7835.0,1823.0,1826.0,1826.0,795.0,777.0,788.0
7787.0,1822.0,1816.0,1807.0,781.0,773.0,788.0
7973.0,1866.0,1865.0,1842.0,811.0,787.0,802.0
8004.0,1841.0,1880.0,1883.0,796.0,796.0,808.0
7901.0,1857.0,1806.0,1844.0,801.0,791.0,802.0
7894.0,1856.0,1832.0,1819.0,811.0,793.0,783.0
7851.0,1816.0,1828.0,1831.0,786.0,806.0,784.0
7847.0,1824.0,1817.0,1831.0,794.0,790.0,791.0
7708.0,1799.0,1787.0,1798.0,775.0,770.0,779.0
7749.0,1805.0,1798.0,1799.0,778.0,787.0,782.0
7872.0,1814.0,1828.0,1834.0,795.0,796.0,805.0
7886.0,1841.0,1842.0,1828.0,795.0,797.0,783.0
7969.0,1859.0,1863.0,1851.0,795.0,802.0,799.0
7843.0,1824.0,1822.0,1825.0,791.0,793.0,788.0
8043.0,1892.0,1870.0,1865.0,812.0,806.0,798.0
7913.0,1851.0,1844.0,1833.0,786.0,799.0,800.0
8128.0,1885.0,1914.0,1875.0,818.0,824.0,812.0
7905.0,1848.0,1842.0,1850.0,786.0,793.0,786.0
7933.0,1854.0,1843.0,1838.0,798.0,809.0,791.0
8155.0,1906.0,1906.0,1894.0,810.0,820.0,819.0
7892.0,1855.0,1833.0,1831.0,793.0,802.0,778.0
8099.0,1898.0,1890.0,1879.0,816.0,812.0,804.0
8244.0,1920.0,1953.0,1912.0,809.0,824.0,826.0
8148.0,1905.0,1918.0,1883.0,803.0,819.0,820.0
7988.0,1891.0,1882.0,1833.0,790.0,803.0,789.0
8062.0,1881.0,1912.0,1882.0,791.0,805.0,791.0
8044.0,1884.0,1887.0,1853.0,799.0,819.0,802.0
8055.0,1856.0,1896.0,1899.0,798.0,802.0,804.0
8083.0,1867.0,1918.0,1870.0,800.0,818.0,810.0
7976.0,1834.0,1882.0,1892.0,795.0,791.0,782.0
8047.0,1871.0,1898.0,1883.0,787.0,820.0,788.0
8016.0,1858.0,1863.0,1882.0,798.0,807.0,808.0
8087.0,1886.0,1888.0,1909.0,787.0,815.0,802.0
8122.0,1890.0,1910.0,1897.0,796.0,823.0,806.0
7949.0,1837.0,1868.0,1855.0,795.0,791.0,803.0
8094.0,1867.0,1896.0,1906.0,812.0,813.0,800.0
8047.0,1860.0,1892.0,1897.0,800.0,802.0,796.0
8058.0,1866.0,1868.0,1907.0,798.0,818.0,801.0
8031.0,1865.0,1906.0,1880.0,790.0,795.0,795.0
8131.0,1891.0,1902.0,1916.0,809.0,801.0,812.0
8053.0,1887.0,1858.0,1902.0,799.0,806.0,801.0
8072.0,1887.0,1871.0,1909.0,803.0,806.0,796.0
8036.0,1889.0,1884.0,1845.0,809.0,806.0,803.0
7986.0,1882.0,1864.0,1853.0,803.0,791.0,793.0
8004.0,1884.0,1862.0,1861.0,795.0,798.0,804.0
8015.0,1894.0,1863.0,1867.0,802.0,796.0,793.0
7919.0,1867.0,1805.0,1857.0,796.0,795.0,799.0
8006.0,1870.0,1854.0,1884.0,790.0,803.0,805.0
7906.0,1858.0,1836.0,1850.0,787.0,788.0,787.0
7906.0,1858.0,1847.0,1845.0,790.0,789.0,777.0
8088.0,1908.0,1874.0,1871.0,822.0,801.0,812.0
8045.0,1899.0,1856.0,1889.0,804.0,796.0,801.0
7898.0,1862.0,1825.0,1845.0,788.0,788.0,790.0
7905.0,1832.0,1858.0,1860.0,792.0,786.0,777.0
7918.0,1854.0,1845.0,1833.0,794.0,791.0,801.0
8084.0,1876.0,1880.0,1881.0,831.0,810.0,806.0
7959.0,1867.0,1841.0,1845.0,805.0,796.0,805.0
7846.0,1830.0,1821.0,1821.0,801.0,780.0,793.0
8017.0,1891.0,1877.0,1851.0,803.0,793.0,802.0
7935.0,1863.0,1848.0,1847.0,797.0,786.0,794.0
7905.0,1825.0,1866.0,1823.0,812.0,791.0,788.0
7998.0,1846.0,1878.0,1850.0,820.0,796.0,808.0
7937.0,1830.0,1882.0,1844.0,793.0,786.0,802.0
8110.0,1869.0,1912.0,1890.0,817.0,805.0,817.0
7987.0,1846.0,1874.0,1842.0,810.0,804.0,811.0
7952.0,1828.0,1875.0,1830.0,806.0,800.0,813.0
8031.0,1872.0,1904.0,1861.0,806.0,790.0,798.0
8075.0,1860.0,1900.0,1882.0,806.0,806.0,821.0
8103.0,1892.0,1878.0,1888.0,816.0,817.0,812.0
7952.0,1849.0,1864.0,1829.0,797.0,803.0,810.0
8056.0,1877.0,1872.0,1891.0,810.0,801.0,805.0
8058.0,1893.0,1884.0,1869.0,805.0,802.0,805.0
8065.0,1907.0,1864.0,1855.0,813.0,809.0,817.0
8120.0,1903.0,1889.0,1907.0,807.0,807.0,807.0
8146.0,1892.0,1909.0,1885.0,825.0,812.0,823.0
8213.0,1911.0,1899.0,1925.0,817.0,824.0,837.0
8211.0,1929.0,1898.0,1904.0,825.0,828.0,827.0
8172.0,1898.0,1881.0,1942.0,808.0,815.0,828.0
8189.0,1899.0,1899.0,1930.0,809.0,831.0,821.0
8131.0,1903.0,1864.0,1914.0,816.0,819.0,815.0
8274.0,1958.0,1898.0,1938.0,814.0,833.0,833.0
8197.0,1904.0,1885.0,1930.0,816.0,827.0,835.0
8246.0,1912.0,1930.0,1945.0,821.0,812.0,826.0
8209.0,1899.0,1912.0,1923.0,821.0,833.0,821.0
8133.0,1869.0,1884.0,1935.0,804.0,825.0,816.0
8129.0,1878.0,1888.0,1923.0,806.0,808.0,826.0
8268.0,1902.0,1945.0,1951.0,812.0,839.0,819.0
8184.0,1890.0,1904.0,1917.0,826.0,820.0,827.0
8164.0,1897.0,1920.0,1892.0,807.0,820.0,828.0
8136.0,1887.0,1884.0,1918.0,807.0,825.0,815.0
8120.0,1863.0,1881.0,1929.0,808.0,814.0,825.0
8243.0,1911.0,1902.0,1965.0,812.0,830.0,823.0
8093.0,1885.0,1885.0,1886.0,811.0,821.0,805.0
8082.0,1867.0,1901.0,1886.0,807.0,817.0,804.0
7946.0,1844.0,1854.0,1863.0,795.0,801.0,789.0
8136.0,1884.0,1910.0,1913.0,804.0,825.0,800.0
8196.0,1921.0,1929.0,1891.0,812.0,821.0,822.0
8228.0,1908.0,1941.0,1912.0,812.0,821.0,834.0
8141.0,1917.0,1896.0,1898.0,800.0,830.0,800.0
8010.0,1877.0,1870.0,1853.0,806.0,800.0,804.0
8050.0,1901.0,1893.0,1846.0,796.0,806.0,808.0
7983.0,1871.0,1866.0,1871.0,798.0,805.0,772.0
8035.0,1882.0,1894.0,1860.0,795.0,800.0,804.0
8051.0,1898.0,1877.0,1898.0,792.0,783.0,803.0
7883.0,1867.0,1871.0,1792.0,790.0,785.0,778.0
8108.0,1898.0,1913.0,1882.0,802.0,809.0,804.0
8108.0,1883.0,1907.0,1879.0,824.0,812.0,803.0
8104.0,1903.0,1912.0,1865.0,801.0,810.0,813.0
8020.0,1875.0,1879.0,1875.0,801.0,795.0,795.0
8088.0,1875.0,1893.0,1895.0,811.0,813.0,801.0
8019.0,1867.0,1851.0,1905.0,793.0,800.0,803.0
8044.0,1857.0,1881.0,1878.0,815.0,814.0,799.0
8111.0,1877.0,1902.0,1911.0,815.0,809.0,797.0
8070.0,1885.0,1892.0,1888.0,816.0,799.0,790.0
7948.0,1845.0,1838.0,1866.0,802.0,802.0,795.0
8035.0,1864.0,1888.0,1866.0,820.0,809.0,788.0
8124.0,1898.0,1897.0,1888.0,826.0,817.0,798.0
8271.0,1949.0,1935.0,1923.0,827.0,817.0,820.0
8057.0,1893.0,1868.0,1877.0,811.0,805.0,803.0
8048.0,1857.0,1891.0,1881.0,818.0,793.0,808.0
8007.0,1874.0,1848.0,1884.0,801.0,795.0,805.0
8119.0,1896.0,1899.0,1904.0,819.0,801.0,800.0
8261.0,1948.0,1906.0,1941.0,831.0,817.0,818.0
8246.0,1936.0,1926.0,1924.0,829.0,808.0,823.0
8333.0,1978.0,1931.0,1944.0,830.0,828.0,822.0
8267.0,1938.0,1920.0,1939.0,828.0,817.0,825.0
8316.0,1915.0,1938.0,1972.0,846.0,833.0,812.0
8178.0,1908.0,1910.0,1903.0,833.0,806.0,818.0
8322.0,1953.0,1940.0,1932.0,843.0,815.0,839.0
8220.0,1923.0,1916.0,1921.0,826.0,812.0,822.0
8379.0,1949.0,1951.0,1977.0,839.0,837.0,826.0
8211.0,1919.0,1927.0,1914.0,824.0,809.0,818.0
8334.0,1968.0,1938.0,1946.0,827.0,831.0,824.0
8284.0,1910.0,1933.0,1968.0,825.0,820.0,828.0
8447.0,1962.0,1980.0,1980.0,833.0,844.0,848.0
8422.0,1932.0,1977.0,1981.0,843.0,844.0,845.0
8221.0,1895.0,1922.0,1942.0,826.0,815.0,821.0
8375.0,1948.0,1954.0,1965.0,846.0,828.0,834.0
8206.0,1902.0,1917.0,1914.0,825.0,824.0,824.0
8250.0,1897.0,1952.0,1934.0,826.0,816.0,825.0
8243.0,1903.0,1936.0,1930.0,818.0,824.0,832.0
8254.0,1909.0,1943.0,1910.0,828.0,835.0,829.0
8188.0,1916.0,1893.0,1901.0,821.0,831.0,826.0
8229.0,1926.0,1935.0,1902.0,822.0,821.0,823.0
8269.0,1940.0,1923.0,1913.0,825.0,840.0,828.0
8170.0,1913.0,1926.0,1897.0,805.0,823.0,806.0
8247.0,1936.0,1918.0,1923.0,820.0,817.0,833.0
8225.0,1907.0,1927.0,1924.0,813.0,828.0,826.0
8282.0,1949.0,1928.0,1911.0,821.0,832.0,841.0
8203.0,1947.0,1895.0,1896.0,818.0,819.0,828.0
8278.0,1945.0,1934.0,1908.0,825.0,831.0,835.0
8275.0,1957.0,1931.0,1905.0,817.0,835.0,830.0
8150.0,1920.0,1884.0,1870.0,817.0,832.0,827.0
8343.0,1960.0,1931.0,1932.0,824.0,853.0,843.0
8259.0,1930.0,1900.0,1937.0,823.0,838.0,831.0
8204.0,1910.0,1893.0,1922.0,816.0,838.0,825.0
8160.0,1900.0,1893.0,1898.0,812.0,827.0,830.0
8125.0,1882.0,1914.0,1889.0,805.0,826.0,809.0
8270.0,1953.0,1894.0,1923.0,825.0,840.0,835.0
8160.0,1949.0,1878.0,1871.0,817.0,822.0,823.0
8190.0,1914.0,1884.0,1910.0,836.0,831.0,815.0
8066.0,1872.0,1852.0,1902.0,818.0,816.0,806.0
8164.0,1898.0,1910.0,1894.0,814.0,817.0,831.0
8238.0,1933.0,1908.0,1909.0,825.0,837.0,826.0
8190.0,1906.0,1904.0,1896.0,830.0,825.0,829.0
8134.0,1895.0,1898.0,1892.0,823.0,811.0,815.0
8263.0,1908.0,1933.0,1907.0,838.0,839.0,838.0
8276.0,1915.0,1939.0,1940.0,832.0,821.0,829.0
8242.0,1896.0,1962.0,1910.0,823.0,825.0,826.0
8304.0,1934.0,1933.0,1938.0,840.0,827.0,832.0
8289.0,1915.0,1940.0,1939.0,827.0,841.0,827.0
8368.0,1931.0,1950.0,1980.0,850.0,828.0,829.0
8418.0,1931.0,1982.0,2001.0,843.0,832.0,829.0
8295.0,1942.0,1937.0,1928.0,827.0,822.0,839.0
8367.0,1986.0,1949.0,1952.0,833.0,823.0,824.0
8235.0,1911.0,1928.0,1927.0,828.0,821.0,820.0
8353.0,1950.0,1956.0,1955.0,839.0,828.0,825.0
8292.0,1929.0,1945.0,1935.0,837.0,832.0,814.0
8377.0,1971.0,1976.0,1944.0,833.0,830.0,823.0
8416.0,1978.0,1956.0,1974.0,844.0,837.0,827.0
8373.0,1963.0,1954.0,1958.0,850.0,829.0,819.0
8339.0,1955.0,1946.0,1951.0,835.0,825.0,827.0
8314.0,1927.0,1945.0,1948.0,838.0,823.0,833.0
8471.0,1972.0,1994.0,1989.0,844.0,827.0,845.0
8325.0,1939.0,1938.0,1946.0,840.0,831.0,831.0
8284.0,1913.0,1929.0,1934.0,836.0,826.0,846.0
8395.0,1940.0,1976.0,1975.0,842.0,825.0,837.0
8266.0,1918.0,1929.0,1926.0,845.0,825.0,823.0
8296.0,1934.0,1902.0,1965.0,839.0,828.0,828.0
8268.0,1912.0,1921.0,1938.0,846.0,826.0,825.0
8334.0,1950.0,1935.0,1966.0,843.0,825.0,815.0
8359.0,1917.0,1951.0,1979.0,839.0,845.0,828.0
8267.0,1915.0,1944.0,1926.0,831.0,830.0,821.0
8246.0,1915.0,1939.0,1912.0,838.0,811.0,831.0
8407.0,1958.0,1964.0,1957.0,847.0,841.0,840.0
8193.0,1910.0,1902.0,1918.0,827.0,820.0,816.0
8254.0,1934.0,1913.0,1920.0,832.0,830.0,825.0
8211.0,1936.0,1915.0,1897.0,821.0,814.0,828.0
8358.0,1967.0,1955.0,1942.0,840.0,827.0,827.0
8285.0,1939.0,1932.0,1926.0,840.0,825.0,823.0
8381.0,1986.0,1959.0,1924.0,845.0,833.0,834.0
8436.0,1983.0,1967.0,1954.0,839.0,853.0,840.0
8248.0,1944.0,1936.0,1899.0,823.0,827.0,819.0
8265.0,1937.0,1923.0,1929.0,819.0,829.0,828.0
8187.0,1923.0,1923.0,1893.0,808.0,820.0,820.0
8230.0,1923.0,1926.0,1920.0,816.0,827.0,818.0
8289.0,1958.0,1928.0,1933.0,818.0,825.0,827.0
8139.0,1916.0,1913.0,1886.0,810.0,808.0,806.0
8314.0,1942.0,1963.0,1925.0,823.0,825.0,836.0
8269.0,1913.0,1949.0,1934.0,823.0,824.0,826.0
8251.0,1920.0,1950.0,1911.0,817.0,823.0,830.0
8303.0,1934.0,1943.0,1956.0,822.0,815.0,833.0
8259.0,1898.0,1923.0,1956.0,822.0,829.0,831.0
8331.0,1926.0,1959.0,1960.0,821.0,839.0,826.0
8255.0,1909.0,1929.0,1923.0,822.0,833.0,839.0
8220.0,1895.0,1935.0,1911.0,822.0,831.0,826.0
8375.0,1937.0,1949.0,1979.0,833.0,844.0,833.0
8320.0,1918.0,1948.0,1943.0,825.0,844.0,842.0
8296.0,1904.0,1934.0,1953.0,836.0,828.0,841.0
8483.0,1978.0,1968.0,1984.0,846.0,850.0,857.0
8361.0,1905.0,1958.0,1969.0,836.0,846.0,847.0
8396.0,1957.0,1947.0,1972.0,833.0,841.0,846.0
8358.0,1952.0,1935.0,1959.0,833.0,839.0,840.0
8479.0,1948.0,1977.0,2006.0,842.0,849.0,857.0
8355.0,1943.0,1938.0,1965.0,836.0,846.0,827.0
8292.0,1939.0,1914.0,1936.0,827.0,842.0,834.0
8441.0,1981.0,1931.0,1995.0,844.0,839.0,851.0
8665.0,2017.0,2006.0,2026.0,869.0,880.0,867.0
8519.0,1988.0,1971.0,1988.0,865.0,859.0,848.0
8381.0,1973.0,1926.0,1956.0,844.0,844.0,838.0
8529.0,1984.0,1986.0,2000.0,850.0,843.0,866.0
8550.0,2013.0,1961.0,2012.0,857.0,863.0,844.0
8578.0,2015.0,1983.0,2004.0,854.0,861.0,861.0
8496.0,1981.0,1935.0,1992.0,872.0,855.0,861.0
8428.0,1971.0,1956.0,1968.0,838.0,855.0,840.0
8467.0,1970.0,1968.0,1990.0,850.0,845.0,844.0
8379.0,1939.0,1934.0,1981.0,834.0,850.0,841.0
8485.0,1986.0,1972.0,1969.0,842.0,858.0,858.0
8400.0,1953.0,1956.0,1939.0,851.0,848.0,853.0
8324.0,1933.0,1940.0,1936.0,837.0,829.0,849.0
8489.0,1962.0,1997.0,1989.0,847.0,850.0,844.0
8465.0,1949.0,2014.0,1957.0,852.0,840.0,853.0
8457.0,1975.0,1983.0,1951.0,853.0,839.0,856.0
8436.0,1967.0,1996.0,1947.0,849.0,826.0,851.0
8498.0,1979.0,1983.0,1981.0,852.0,847.0,856.0
8334.0,1956.0,1937.0,1945.0,836.0,824.0,836.0
8378.0,1950.0,1962.0,1958.0,838.0,838.0,832.0
8466.0,1962.0,1996.0,1956.0,850.0,852.0,850.0
8495.0,1995.0,1991.0,1951.0,856.0,839.0,863.0
8416.0,1964.0,1985.0,1945.0,836.0,852.0,834.0
8380.0,1962.0,1974.0,1938.0,839.0,837.0,830.0
8384.0,1970.0,1964.0,1939.0,841.0,830.0,840.0
8355.0,1957.0,1976.0,1950.0,825.0,824.0,823.0
8394.0,1978.0,1964.0,1946.0,832.0,838.0,836.0
8482.0,2015.0,1982.0,1957.0,844.0,835.0,849.0
8522.0,2003.0,1996.0,1981.0,839.0,847.0,856.0
8476.0,1991.0,1985.0,1962.0,839.0,847.0,852.0
8414.0,1964.0,1952.0,1979.0,834.0,835.0,850.0
8440.0,1959.0,1967.0,1992.0,843.0,837.0,842.0
8499.0,1994.0,1972.0,2017.0,841.0,841.0,834.0
8373.0,1964.0,1944.0,1974.0,825.0,836.0,830.0
8290.0,1918.0,1920.0,1945.0,832.0,840.0,835.0
8403.0,1964.0,1961.0,1983.0,831.0,832.0,832.0
8351.0,1960.0,1961.0,1937.0,832.0,822.0,839.0
8236.0,1929.0,1887.0,1940.0,823.0,829.0,828.0
8340.0,1942.0,1951.0,1955.0,835.0,830.0,827.0
8146.0,1882.0,1923.0,1909.0,814.0,804.0,814.0
8490.0,1973.0,1977.0,2005.0,844.0,847.0,844.0
8453.0,1950.0,1970.0,2007.0,848.0,840.0,838.0
8450.0,1959.0,1957.0,1992.0,858.0,841.0,843.0
8310.0,1947.0,1928.0,1961.0,829.0,824.0,821.0
8400.0,1943.0,1977.0,1968.0,841.0,846.0,825.0
8386.0,1959.0,1948.0,1966.0,839.0,838.0,836.0
8568.0,1982.0,1990.0,2038.0,860.0,846.0,852.0
8485.0,1970.0,1981.0,1996.0,844.0,843.0,851.0
8470.0,1996.0,1976.0,1964.0,844.0,857.0,833.0
8526.0,1988.0,1991.0,2004.0,837.0,855.0,851.0
8509.0,1995.0,1982.0,1985.0,860.0,850.0,837.0
8644.0,2019.0,2010.0,2020.0,868.0,872.0,855.0
8656.0,1997.0,2052.0,2004.0,860.0,876.0,867.0
8580.0,2014.0,2015.0,1999.0,858.0,846.0,848.0
8541.0,2002.0,2004.0,1989.0,848.0,854.0,844.0
8563.0,2028.0,2006.0,1964.0,852.0,867.0,846.0
8623.0,2010.0,2026.0,2013.0,865.0,854.0,855.0
8580.0,2005.0,2021.0,1975.0,866.0,863.0,850.0
8588.0,2019.0,2007.0,2013.0,851.0,857.0,841.0
8754.0,2063.0,2020.0,2044.0,880.0,877.0,870.0
8733.0,2040.0,2048.0,2029.0,886.0,869.0,861.0
8548.0,2003.0,2007.0,1962.0,864.0,855.0,857.0
8603.0,1999.0,2004.0,2011.0,867.0,872.0,850.0
8662.0,2012.0,2030.0,2023.0,878.0,852.0,867.0
8500.0,1967.0,1996.0,1961.0,862.0,863.0,851.0
8597.0,2008.0,1998.0,1987.0,874.0,869.0,861.0
8527.0,1980.0,1987.0,1981.0,865.0,857.0,857.0
8495.0,1962.0,2002.0,1960.0,854.0,864.0,853.0
8615.0,2012.0,2004.0,1993.0,873.0,868.0,865.0
8505.0,1975.0,1981.0,1987.0,861.0,854.0,847.0
8617.0,2019.0,1997.0,2011.0,864.0,853.0,873.0
8573.0,1994.0,1980.0,1998.0,867.0,867.0,867.0
8597.0,2010.0,2006.0,1994.0,864.0,850.0,873.0
8494.0,1969.0,1985.0,1976.0,851.0,853.0,860.0
8560.0,2005.0,1978.0,1988.0,865.0,859.0,865.0
8483.0,1974.0,1975.0,1951.0,864.0,870.0,849.0
8440.0,1969.0,1950.0,1985.0,847.0,847.0,842.0
8465.0,1977.0,1955.0,1963.0,848.0,851.0,871.0
8678.0,2050.0,2006.0,2024.0,865.0,872.0,861.0
8489.0,1975.0,1956.0,1994.0,855.0,847.0,862.0
8690.0,2065.0,2005.0,2028.0,861.0,863.0,868.0
8574.0,2025.0,1997.0,1988.0,852.0,852.0,860.0
8430.0,1983.0,1954.0,1970.0,842.0,825.0,856.0
8496.0,1986.0,1988.0,1988.0,836.0,843.0,855.0
8592.0,2021.0,2012.0,1990.0,852.0,860.0,857.0
8594.0,2034.0,2007.0,1989.0,844.0,856.0,864.0
8536.0,1994.0,2006.0,2001.0,837.0,838.0,860.0
8370.0,1953.0,1955.0,1965.0,834.0,827.0,836.0
8422.0,1966.0,1984.0,1973.0,827.0,827.0,845.0
8618.0,2009.0,2037.0,2007.0,845.0,863.0,857.0
8550.0,1987.0,1984.0,2021.0,851.0,848.0,859.0
8505.0,1967.0,1981.0,1988.0,850.0,850.0,869.0
8549.0,1987.0,1999.0,2011.0,838.0,856.0,858.0
8521.0,1961.0,2002.0,2012.0,846.0,853.0,847.0
8567.0,1989.0,2018.0,2006.0,840.0,858.0,856.0
8622.0,2023.0,2004.0,2022.0,856.0,855.0,862.0
8741.0,2036.0,2051.0,2052.0,871.0,857.0,874.0
8694.0,2012.0,2035.0,2049.0,861.0,866.0,871.0
8666.0,2014.0,2016.0,2046.0,856.0,870.0,864.0
8491.0,2003.0,1992.0,1965.0,846.0,837.0,848.0
8666.0,2007.0,2024.0,2044.0,857.0,860.0,874.0
8599.0,2034.0,1989.0,2013.0,859.0,850.0,854.0
8742.0,2043.0,2047.0,2042.0,858.0,871.0,881.0
8700.0,2048.0,1995.0,2030.0,872.0,869.0,886.0
8723.0,2054.0,2030.0,2045.0,870.0,863.0,861.0
8713.0,2087.0,2028.0,1999.0,869.0,872.0,858.0
8606.0,2025.0,2004.0,1992.0,858.0,863.0,864.0
8605.0,2021.0,1994.0,2016.0,862.0,857.0,855.0
8603.0,2029.0,1985.0,2006.0,869.0,854.0,860.0
8728.0,2058.0,2013.0,2044.0,873.0,869.0,871.0
8632.0,2056.0,1997.0,1996.0,865.0,855.0,863.0
8649.0,2021.0,1988.0,2026.0,873.0,871.0,870.0
8577.0,2006.0,1996.0,2010.0,868.0,853.0,844.0
8660.0,2028.0,2027.0,2005.0,878.0,865.0,857.0
8735.0,2043.0,2029.0,2029.0,871.0,883.0,880.0
8684.0,2030.0,2004.0,2032.0,879.0,869.0,870.0
8638.0,2023.0,2022.0,1987.0,870.0,873.0,863.0
8739.0,2042.0,2044.0,2045.0,872.0,883.0,853.0
8670.0,2008.0,2007.0,2040.0,871.0,870.0,874.0
8623.0,1984.0,2028.0,2020.0,868.0,870.0,853.0
8667.0,2005.0,2025.0,2019.0,879.0,879.0,860.0
8672.0,2005.0,2035.0,2016.0,888.0,881.0,847.0
8629.0,1997.0,2044.0,2012.0,869.0,861.0,846.0
8596.0,2010.0,2010.0,1996.0,871.0,868.0,841.0
8582.0,1973.0,1989.0,2006.0,872.0,886.0,856.0
8758.0,2032.0,2048.0,2042.0,892.0,876.0,868.0
8771.0,2058.0,2035.0,2063.0,872.0,876.0,867.0
8726.0,2011.0,2039.0,2058.0,882.0,874.0,862.0
8712.0,2037.0,2024.0,2053.0,872.0,872.0,854.0
8542.0,1980.0,2005.0,1995.0,857.0,856.0,849.0
8754.0,2032.0,2070.0,2036.0,884.0,871.0,861.0
8777.0,2047.0,2062.0,2053.0,874.0,883.0,858.0
8794.0,2082.0,2052.0,2034.0,873.0,880.0,873.0
8676.0,2050.0,2019.0,2023.0,861.0,866.0,857.0
8559.0,2000.0,2011.0,2007.0,849.0,843.0,849.0
8683.0,2045.0,2038.0,2016.0,862.0,862.0,860.0
8600.0,1964.0,2026.0,2031.0,850.0,869.0,860.0
8621.0,2004.0,2002.0,2030.0,853.0,871.0,861.0
8702.0,2021.0,2027.0,2052.0,883.0,856.0,863.0
8679.0,2028.0,2019.0,2030.0,859.0,876.0,867.0
8603.0,1988.0,2002.0,2019.0,862.0,864.0,868.0
8730.0,2018.0,2029.0,2060.0,871.0,865.0,887.0
8586.0,1976.0,1999.0,2018.0,859.0,865.0,869.0
8573.0,1995.0,2007.0,2008.0,841.0,860.0,862.0
8628.0,2008.0,1997.0,2033.0,853.0,864.0,873.0
8571.0,1981.0,2003.0,2018.0,853.0,853.0,863.0
8623.0,2017.0,1993.0,2028.0,861.0,872.0,852.0
8560.0,1986.0,2010.0,2013.0,846.0,841.0,864.0
8791.0,2037.0,2052.0,2071.0,877.0,873.0,881.0
8714.0,2016.0,2008.0,2055.0,871.0,887.0,877.0
8594.0,1982.0,1978.0,2025.0,867.0,859.0,883.0
8704.0,2040.0,2024.0,2030.0,866.0,866.0,878.0
8765.0,2053.0,2051.0,2050.0,862.0,870.0,879.0
8601.0,2022.0,1985.0,2022.0,849.0,857.0,866.0
8758.0,2085.0,2033.0,2032.0,864.0,875.0,869.0
8679.0,2037.0,2023.0,2016.0,873.0,856.0,874.0
8673.0,2029.0,2034.0,2005.0,865.0,862.0,878.0
8730.0,2072.0,2038.0,2029.0,860.0,859.0,872.0
8680.0,2067.0,2027.0,1985.0,850.0,876.0,875.0
8774.0,2045.0,2061.0,2062.0,856.0,875.0,875.0
8730.0,2044.0,2048.0,2021.0,862.0,872.0,883.0
8775.0,2066.0,2062.0,2024.0,863.0,864.0,896.0
8711.0,2039.0,2058.0,2017.0,872.0,854.0,871.0
8738.0,2046.0,2059.0,2014.0,871.0,875.0,873.0
8904.0,2094.0,2079.0,2066.0,885.0,876.0,904.0
8849.0,2067.0,2090.0,2046.0,886.0,870.0,890.0
8906.0,2088.0,2100.0,2069.0,884.0,876.0,889.0
8855.0,2048.0,2085.0,2066.0,892.0,878.0,886.0
8825.0,2052.0,2099.0,2040.0,884.0,864.0,886.0
8806.0,2061.0,2058.0,2041.0,886.0,874.0,886.0
8805.0,2043.0,2080.0,2052.0,879.0,868.0,883.0
8702.0,2046.0,2025.0,2003.0,880.0,871.0,877.0
8688.0,2014.0,2053.0,2011.0,866.0,871.0,873.0
8630.0,2000.0,2027.0,2003.0,863.0,868.0,869.0
8872.0,2077.0,2073.0,2056.0,882.0,891.0,893.0
8851.0,2045.0,2052.0,2084.0,887.0,880.0,903.0
8779.0,2050.0,2034.0,2054.0,885.0,874.0,882.0
8812.0,2035.0,2044.0,2080.0,887.0,889.0,877.0
8788.0,2055.0,2036.0,2083.0,887.0,857.0,870.0
8784.0,2061.0,2035.0,2056.0,876.0,877.0,879.0
8851.0,2084.0,2063.0,2078.0,877.0,876.0,873.0
8876.0,2085.0,2064.0,2060.0,903.0,882.0,882.0
8811.0,2048.0,2052.0,2060.0,894.0,876.0,881.0
8652.0,2010.0,2013.0,2037.0,866.0,865.0,861.0
8695.0,2044.0,1994.0,2052.0,869.0,870.0,866.0
8790.0,2067.0,2030.0,2055.0,878.0,886.0,874.0
8570.0,2014.0,1964.0,2006.0,869.0,861.0,856.0
8634.0,2052.0,1995.0,2008.0,861.0,867.0,851.0
8744.0,2040.0,2044.0,2046.0,869.0,873.0,872.0
8668.0,2011.0,2025.0,2044.0,861.0,870.0,857.0
8720.0,2022.0,2031.0,2057.0,867.0,879.0,864.0
8738.0,2039.0,2031.0,2037.0,873.0,881.0,877.0
8656.0,2014.0,2009.0,2037.0,865.0,868.0,863.0
8705.0,2032.0,2054.0,2016.0,863.0,876.0,864.0
8817.0,2046.0,2066.0,2059.0,886.0,887.0,873.0
8811.0,2060.0,2059.0,2048.0,873.0,891.0,880.0
8672.0,2029.0,2033.0,2012.0,864.0,872.0,862.0
8652.0,2025.0,2029.0,2013.0,872.0,865.0,848.0
8870.0,2042.0,2085.0,2078.0,883.0,896.0,886.0
8736.0,2042.0,2043.0,2033.0,874.0,875.0,869.0
8549.0,2001.0,2004.0,1987.0,850.0,859.0,848.0
8673.0,2002.0,2071.0,2012.0,858.0,870.0,860.0
8691.0,2036.0,2047.0,2012.0,870.0,869.0,857.0
8917.0,2083.0,2105.0,2060.0,883.0,894.0,892.0
8774.0,2070.0,2045.0,2034.0,872.0,881.0,872.0
8892.0,2081.0,2080.0,2050.0,877.0,905.0,899.0
8912.0,2097.0,2085.0,2078.0,886.0,895.0,871.0
8784.0,2040.0,2086.0,2030.0,880.0,884.0,864.0
8857.0,2075.0,2068.0,2068.0,871.0,891.0,884.0
8899.0,2079.0,2090.0,2075.0,886.0,882.0,887.0
8812.0,2063.0,2060.0,2051.0,873.0,885.0,880.0
8788.0,2073.0,2054.0,2036.0,875.0,881.0,869.0
9004.0,2109.0,2111.0,2092.0,886.0,909.0,897.0
8581.0,2011.0,1994.0,1990.0,871.0,857.0,858.0
8787.0,2073.0,2047.0,2035.0,867.0,887.0,878.0
9006.0,2101.0,2087.0,2110.0,896.0,918.0,894.0
8873.0,2078.0,2069.0,2056.0,888.0,889.0,893.0
8953.0,2104.0,2086.0,2084.0,886.0,894.0,899.0
8946.0,2078.0,2081.0,2107.0,898.0,890.0,892.0
8811.0,2066.0,2056.0,2056.0,869.0,880.0,884.0
8978.0,2098.0,2098.0,2075.0,899.0,900.0,908.0
8847.0,2041.0,2043.0,2117.0,890.0,877.0,879.0
8903.0,2047.0,2074.0,2118.0,881.0,893.0,890.0
8933.0,2072.0,2069.0,2097.0,901.0,893.0,901.0
8736.0,2024.0,2022.0,2053.0,878.0,871.0,888.0
9035.0,2081.0,2096.0,2136.0,905.0,904.0,913.0
8953.0,2053.0,2085.0,2135.0,894.0,887.0,899.0
8842.0,2043.0,2025.0,2092.0,902.0,880.0,900.0
8966.0,2080.0,2098.0,2102.0,897.0,888.0,901.0
8736.0,2029.0,2049.0,2047.0,869.0,864.0,878.0
8826.0,2036.0,2063.0,2079.0,877.0,873.0,898.0
8940.0,2084.0,2078.0,2069.0,908.0,889.0,912.0
8854.0,2057.0,2088.0,2070.0,878.0,870.0,891.0
8838.0,2052.0,2067.0,2072.0,881.0,869.0,897.0
8931.0,2092.0,2092.0,2086.0,890.0,874.0,897.0
8939.0,2091.0,2078.0,2081.0,895.0,901.0,893.0
8944.0,2107.0,2096.0,2065.0,898.0,884.0,894.0
8961.0,2106.0,2082.0,2099.0,898.0,886.0,890.0
8833.0,2063.0,2077.0,2047.0,885.0,875.0,886.0
8875.0,2098.0,2059.0,2070.0,891.0,876.0,881.0
8977.0,2103.0,2100.0,2094.0,899.0,886.0,895.0
8875.0,2048.0,2091.0,2080.0,893.0,872.0,891.0
8692.0,2026.0,2038.0,2020.0,872.0,863.0,873.0
8746.0,2033.0,2061.0,2030.0,878.0,870.0,874.0
8812.0,2053.0,2058.0,2061.0,875.0,876.0,889.0
8736.0,2032.0,2033.0,2032.0,884.0,872.0,883.0
8880.0,2041.0,2080.0,2080.0,898.0,891.0,890.0
8834.0,2057.0,2068.0,2053.0,882.0,878.0,896.0
8875.0,2058.0,2096.0,2045.0,888.0,887.0,901.0
8832.0,2032.0,2085.0,2052.0,890.0,888.0,885.0
8882.0,2050.0,2095.0,2045.0,897.0,900.0,895.0
8662.0,2025.0,2010.0,2007.0,883.0,861.0,876.0
8823.0,2046.0,2050.0,2056.0,877.0,895.0,899.0
8746.0,2054.0,2016.0,2045.0,871.0,879.0,881.0
8911.0,2093.0,2052.0,2076.0,889.0,906.0,895.0
8896.0,2078.0,2072.0,2083.0,871.0,904.0,888.0
8865.0,2054.0,2063.0,2073.0,891.0,891.0,893.0
8894.0,2077.0,2039.0,2094.0,882.0,906.0,896.0
8823.0,2049.0,2070.0,2049.0,876.0,897.0,882.0
8861.0,2077.0,2072.0,2049.0,887.0,896.0,880.0
8760.0,2050.0,2054.0,2023.0,874.0,877.0,882.0
9062.0,2145.0,2102.0,2105.0,904.0,908.0,898.0
8877.0,2105.0,2046.0,2057.0,883.0,896.0,890.0
8961.0,2097.0,2093.0,2102.0,880.0,896.0,893.0
9074.0,2111.0,2120.0,2107.0,920.0,913.0,903.0
9031.0,2138.0,2113.0,2082.0,883.0,913.0,902.0
9039.0,2105.0,2113.0,2115.0,893.0,916.0,897.0
8889.0,2055.0,2069.0,2096.0,896.0,889.0,884.0
8927.0,2081.0,2106.0,2066.0,886.0,898.0,890.0
9060.0,2095.0,2135.0,2122.0,894.0,911.0,903.0
9092.0,2118.0,2127.0,2142.0,899.0,909.0,897.0
8981.0,2082.0,2115.0,2110.0,895.0,890.0,889.0
8976.0,2087.0,2100.0,2102.0,893.0,913.0,881.0
8880.0,2082.0,2056.0,2093.0,891.0,891.0,867.0
9057.0,2094.0,2120.0,2134.0,903.0,913.0,893.0
9127.0,2105.0,2137.0,2152.0,910.0,923.0,900.0
9027.0,2120.0,2083.0,2120.0,902.0,908.0,894.0
9064.0,2102.0,2111.0,2133.0,916.0,902.0,900.0
9102.0,2109.0,2135.0,2138.0,911.0,901.0,908.0
9036.0,2086.0,2124.0,2111.0,910.0,917.0,888.0
8963.0,2081.0,2125.0,2076.0,893.0,896.0,892.0
8877.0,2061.0,2090.0,2072.0,884.0,889.0,881.0
9029.0,2118.0,2116.0,2096.0,901.0,899.0,899.0
9039.0,2119.0,2120.0,2105.0,904.0,909.0,882.0
9168.0,2123.0,2166.0,2132.0,913.0,917.0,917.0
8905.0,2103.0,2064.0,2084.0,895.0,882.0,877.0
8931.0,2114.0,2063.0,2084.0,900.0,895.0,875.0
8994.0,2103.0,2088.0,2103.0,905.0,899.0,896.0
8884.0,2072.0,2052.0,2082.0,895.0,885.0,898.0
8941.0,2083.0,2069.0,2114.0,902.0,885.0,888.0
8865.0,2076.0,2065.0,2065.0,883.0,888.0,888.0
9051.0,2108.0,2103.0,2109.0,918.0,904.0,909.0
8938.0,2112.0,2075.0,2073.0,900.0,896.0,882.0
8802.0,2050.0,2051.0,2064.0,885.0,881.0,871.0
8931.0,2078.0,2079.0,2088.0,908.0,889.0,889.0
8846.0,2053.0,2063.0,2086.0,890.0,871.0,883.0
8947.0,2099.0,2087.0,2067.0,903.0,893.0,898.0
8738.0,2035.0,2025.0,2035.0,888.0,873.0,882.0
8807.0,2050.0,2048.0,2040.0,883.0,879.0,907.0
8734.0,2025.0,2033.0,2040.0,888.0,867.0,881.0
8841.0,2055.0,2061.0,2054.0,889.0,884.0,898.0
8806.0,2045.0,2061.0,2063.0,872.0,877.0,888.0
8957.0,2084.0,2128.0,2067.0,899.0,887.0,892.0
8981.0,2070.0,2093.0,2121.0,896.0,896.0,905.0
9118.0,2122.0,2163.0,2118.0,909.0,899.0,907.0
9018.0,2104.0,2103.0,2096.0,902.0,912.0,901.0
8951.0,2082.0,2103.0,2079.0,895.0,891.0,901.0
9074.0,2130.0,2131.0,2084.0,915.0,907.0,907.0
9041.0,2126.0,2123.0,2073.0,904.0,900.0,915.0
8939.0,2070.0,2100.0,2069.0,892.0,902.0,906.0
9000.0,2101.0,2100.0,2104.0,887.0,894.0,914.0
9020.0,2116.0,2116.0,2097.0,899.0,888.0,904.0
9193.0,2162.0,2175.0,2131.0,904.0,904.0,917.0
9144.0,2151.0,2130.0,2134.0,898.0,913.0,918.0
9210.0,2158.0,2165.0,2124.0,929.0,918.0,916.0
9098.0,2161.0,2130.0,2095.0,902.0,893.0,917.0
9121.0,2131.0,2144.0,2117.0,899.0,916.0,914.0
9025.0,2131.0,2116.0,2081.0,892.0,897.0,908.0
9177.0,2136.0,2124.0,2170.0,915.0,913.0,919.0
9188.0,2148.0,2130.0,2149.0,916.0,922.0,923.0
9035.0,2114.0,2112.0,2119.0,890.0,907.0,893.0
8982.0,2076.0,2104.0,2109.0,895.0,896.0,902.0
9159.0,2117.0,2142.0,2164.0,900.0,917.0,919.0
8987.0,2085.0,2086.0,2130.0,889.0,896.0,901.0
9054.0,2119.0,2101.0,2140.0,890.0,899.0,905.0
9089.0,2089.0,2126.0,2153.0,906.0,912.0,903.0
9079.0,2098.0,2094.0,2146.0,903.0,928.0,910.0
9041.0,2108.0,2108.0,2118.0,896.0,909.0,902.0
9047.0,2078.0,2088.0,2133.0,906.0,923.0,919.0
9115.0,2127.0,2120.0,2137.0,904.0,909.0,918.0
9217.0,2140.0,2129.0,2176.0,913.0,927.0,932.0
9003.0,2125.0,2103.0,2084.0,890.0,899.0,902.0
9101.0,2104.0,2123.0,2137.0,905.0,919.0,913.0
9150.0,2145.0,2101.0,2153.0,917.0,919.0,915.0
9040.0,2105.0,2106.0,2117.0,902.0,904.0,906.0
9117.0,2138.0,2112.0,2115.0,907.0,925.0,920.0
9086.0,2113.0,2116.0,2145.0,899.0,912.0,901.0
8896.0,2089.0,2065.0,2072.0,892.0,893.0,885.0
9285.0,2141.0,2169.0,2197.0,931.0,923.0,924.0
9017.0,2080.0,2127.0,2090.0,911.0,912.0,897.0
8956.0,2104.0,2090.0,2078.0,898.0,896.0,890.0
9102.0,2146.0,2145.0,2107.0,916.0,887.0,901.0
9074.0,2124.0,2105.0,2118.0,909.0,921.0,897.0
8992.0,2102.0,2099.0,2091.0,907.0,892.0,901.0
9154.0,2145.0,2141.0,2124.0,913.0,918.0,913.0
9042.0,2101.0,2116.0,2121.0,907.0,908.0,889.0
9041.0,2107.0,2116.0,2097.0,905.0,916.0,900.0
9119.0,2107.0,2160.0,2112.0,922.0,909.0,909.0
9035.0,2091.0,2127.0,2115.0,906.0,902.0,894.0
9156.0,2136.0,2131.0,2146.0,920.0,919.0,904.0
9013.0,2087.0,2117.0,2095.0,913.0,911.0,890.0
9043.0,2112.0,2094.0,2109.0,909.0,916.0,903.0
9014.0,2081.0,2139.0,2082.0,914.0,900.0,898.0
8924.0,2065.0,2087.0,2077.0,907.0,896.0,892.0
9002.0,2092.0,2111.0,2076.0,907.0,900.0,916.0
9208.0,2149.0,2158.0,2130.0,931.0,928.0,912.0
8944.0,2068.0,2094.0,2080.0,915.0,890.0,897.0
9153.0,2136.0,2130.0,2152.0,915.0,906.0,914.0
9069.0,2124.0,2098.0,2128.0,901.0,911.0,907.0
9098.0,2130.0,2095.0,2138.0,916.0,912.0,907.0
9066.0,2122.0,2129.0,2103.0,915.0,901.0,896.0
9241.0,2154.0,2147.0,2163.0,932.0,918.0,927.0
9111.0,2145.0,2111.0,2125.0,918.0,911.0,901.0
9151.0,2126.0,2122.0,2146.0,924.0,915.0,918.0
9262.0,2169.0,2144.0,2183.0,927.0,924.0,915.0
9189.0,2171.0,2128.0,2144.0,914.0,917.0,915.0
9224.0,2159.0,2137.0,2165.0,914.0,938.0,911.0
9209.0,2154.0,2143.0,2166.0,918.0,910.0,918.0
9227.0,2159.0,2136.0,2185.0,924.0,902.0,921.0
9241.0,2161.0,2131.0,2171.0,930.0,919.0,929.0
9276.0,2173.0,2162.0,2165.0,919.0,920.0,937.0
9346.0,2209.0,2161.0,2186.0,919.0,932.0,939.0
9153.0,2131.0,2142.0,2141.0,911.0,913.0,915.0
9295.0,2155.0,2169.0,2193.0,924.0,928.0,926.0
9005.0,2111.0,2067.0,2117.0,898.0,906.0,906.0
9222.0,2130.0,2160.0,2164.0,919.0,924.0,925.0
9159.0,2120.0,2131.0,2160.0,913.0,911.0,924.0
9257.0,2134.0,2172.0,2165.0,919.0,931.0,936.0
9151.0,2089.0,2169.0,2141.0,910.0,913.0,929.0
9311.0,2159.0,2187.0,2176.0,916.0,925.0,948.0
9141.0,2126.0,2141.0,2140.0,910.0,910.0,914.0
9142.0,2144.0,2113.0,2135.0,903.0,922.0,925.0
9202.0,2120.0,2175.0,2148.0,919.0,918.0,922.0
9210.0,2143.0,2152.0,2157.0,914.0,916.0,928.0
9185.0,2127.0,2169.0,2150.0,912.0,913.0,914.0
9146.0,2125.0,2155.0,2132.0,903.0,919.0,912.0
9219.0,2158.0,2156.0,2144.0,917.0,914.0,930.0
9144.0,2138.0,2127.0,2136.0,907.0,923.0,913.0
9154.0,2145.0,2147.0,2131.0,912.0,905.0,914.0
9230.0,2170.0,2150.0,2133.0,921.0,922.0,934.0
9202.0,2137.0,2165.0,2129.0,924.0,911.0,936.0
9164.0,2125.0,2156.0,2124.0,903.0,924.0,932.0
9209.0,2149.0,2137.0,2169.0,908.0,908.0,938.0
9130.0,2135.0,2110.0,2125.0,920.0,905.0,935.0
9114.0,2158.0,2108.0,2102.0,915.0,918.0,913.0
8987.0,2108.0,2080.0,2097.0,897.0,906.0,899.0
9151.0,2150.0,2109.0,2132.0,927.0,911.0,922.0
9055.0,2134.0,2095.0,2082.0,915.0,921.0,908.0
9091.0,2134.0,2090.0,2113.0,902.0,926.0,926.0
9045.0,2110.0,2112.0,2086.0,911.0,921.0,905.0
9032.0,2088.0,2084.0,2113.0,918.0,921.0,908.0
9149.0,2145.0,2102.0,2135.0,927.0,920.0,920.0
9255.0,2168.0,2140.0,2160.0,921.0,932.0,934.0
9235.0,2144.0,2123.0,2159.0,926.0,942.0,941.0
9075.0,2132.0,2107.0,2104.0,911.0,922.0,899.0
9167.0,2118.0,2130.0,2158.0,918.0,924.0,919.0
9104.0,2107.0,2118.0,2122.0,924.0,912.0,921.0
9219.0,2142.0,2142.0,2157.0,933.0,930.0,915.0
9122.0,2112.0,2134.0,2152.0,907.0,914.0,903.0
9170.0,2125.0,2134.0,2152.0,927.0,915.0,917.0
9222.0,2144.0,2145.0,2143.0,925.0,931.0,934.0
9206.0,2116.0,2128.0,2170.0,937.0,938.0,917.0
9209.0,2133.0,2152.0,2151.0,918.0,935.0,920.0
9274.0,2162.0,2140.0,2184.0,932.0,927.0,929.0
9232.0,2165.0,2160.0,2151.0,916.0,923.0,917.0
9335.0,2200.0,2176.0,2174.0,931.0,927.0,927.0
9312.0,2169.0,2179.0,2176.0,927.0,938.0,923.0
9349.0,2191.0,2183.0,2188.0,935.0,934.0,918.0
9231.0,2173.0,2141.0,2163.0,931.0,913.0,910.0
9272.0,2181.0,2169.0,2156.0,932.0,917.0,917.0
9376.0,2209.0,2186.0,2178.0,941.0,936.0,926.0
9393.0,2190.0,2179.0,2217.0,945.0,935.0,927.0
9191.0,2160.0,2141.0,2158.0,915.0,910.0,907.0
9334.0,2183.0,2196.0,2179.0,924.0,932.0,920.0
9251.0,2143.0,2179.0,2165.0,917.0,932.0,915.0
9187.0,2143.0,2166.0,2157.0,908.0,911.0,902.0
9500.0,2215.0,2224.0,2230.0,943.0,948.0,940.0
9273.0,2177.0,2167.0,2161.0,918.0,928.0,922.0
9299.0,2161.0,2172.0,2181.0,934.0,922.0,929.0
9357.0,2176.0,2189.0,2197.0,943.0,928.0,924.0
9222.0,2160.0,2146.0,2149.0,932.0,916.0,919.0
9276.0,2165.0,2169.0,2172.0,922.0,929.0,919.0
9309.0,2185.0,2167.0,2166.0,933.0,936.0,922.0
9010.0,2097.0,2072.0,2120.0,915.0,905.0,901.0
9141.0,2120.0,2137.0,2141.0,913.0,911.0,919.0
9192.0,2137.0,2126.0,2152.0,929.0,915.0,933.0
9160.0,2153.0,2148.0,2123.0,909.0,910.0,917.0
9335.0,2190.0,2189.0,2153.0,938.0,932.0,933.0
9232.0,2143.0,2121.0,2182.0,928.0,932.0,926.0
9170.0,2157.0,2131.0,2130.0,916.0,921.0,915.0
9077.0,2138.0,2099.0,2103.0,909.0,911.0,917.0
9241.0,2183.0,2162.0,2145.0,909.0,930.0,912.0
9107.0,2161.0,2107.0,2112.0,902.0,923.0,902.0
9208.0,2184.0,2133.0,2135.0,924.0,907.0,925.0
9259.0,2189.0,2162.0,2136.0,926.0,927.0,919.0
9291.0,2204.0,2155.0,2144.0,924.0,931.0,933.0
9360.0,2213.0,2177.0,2169.0,931.0,939.0,931.0
9153.0,2148.0,2121.0,2135.0,924.0,913.0,912.0
9280.0,2172.0,2183.0,2166.0,917.0,917.0,925.0
9257.0,2167.0,2193.0,2142.0,917.0,925.0,913.0
9307.0,2178.0,2177.0,2165.0,922.0,938.0,927.0
9225.0,2146.0,2153.0,2157.0,930.0,916.0,923.0
9232.0,2132.0,2159.0,2169.0,920.0,924.0,928.0
9211.0,2158.0,2153.0,2151.0,911.0,922.0,916.0
9245.0,2134.0,2183.0,2152.0,928.0,917.0,931.0
9300.0,2161.0,2175.0,2168.0,923.0,933.0,940.0
9202.0,2150.0,2157.0,2163.0,909.0,911.0,912.0
9271.0,2140.0,2190.0,2161.0,931.0,919.0,930.0
9249.0,2149.0,2148.0,2176.0,927.0,932.0,917.0
9173.0,2133.0,2138.0,2151.0,910.0,927.0,914.0
9272.0,2168.0,2157.0,2158.0,924.0,942.0,923.0
9289.0,2146.0,2175.0,2177.0,949.0,927.0,915.0
9369.0,2186.0,2197.0,2174.0,939.0,933.0,940.0
9465.0,2190.0,2202.0,2219.0,957.0,943.0,954.0
9344.0,2158.0,2191.0,2184.0,942.0,930.0,939.0
9409.0,2213.0,2172.0,2207.0,932.0,943.0,942.0
9488.0,2195.0,2192.0,2249.0,951.0,947.0,954.0
9455.0,2188.0,2192.0,2211.0,949.0,955.0,960.0
9473.0,2208.0,2211.0,2220.0,935.0,949.0,950.0
9327.0,2181.0,2160.0,2174.0,935.0,944.0,933.0
9453.0,2217.0,2181.0,2222.0,943.0,952.0,938.0
9412.0,2194.0,2176.0,2187.0,949.0,950.0,956.0
9431.0,2203.0,2178.0,2213.0,946.0,951.0,940.0
9326.0,2188.0,2170.0,2188.0,928.0,933.0,919.0
9453.0,2198.0,2197.0,2195.0,952.0,945.0,966.0
9393.0,2221.0,2147.0,2176.0,952.0,942.0,955.0
9399.0,2205.0,2185.0,2194.0,938.0,947.0,930.0
9380.0,2207.0,2163.0,2194.0,940.0,945.0,931.0
9440.0,2230.0,2171.0,2192.0,954.0,944.0,949.0
9378.0,2173.0,2177.0,2201.0,935.0,953.0,939.0
9367.0,2168.0,2174.0,2193.0,942.0,945.0,945.0
9261.0,2147.0,2163.0,2186.0,921.0,925.0,919.0
9442.0,2192.0,2215.0,2188.0,943.0,954.0,950.0
9359.0,2183.0,2184.0,2175.0,929.0,941.0,947.0
9399.0,2175.0,2196.0,2185.0,947.0,953.0,943.0
9359.0,2159.0,2199.0,2185.0,926.0,941.0,949.0
9301.0,2182.0,2175.0,2152.0,920.0,933.0,939.0
9329.0,2161.0,2191.0,2155.0,939.0,928.0,955.0
9538.0,2205.0,2247.0,2221.0,949.0,957.0,959.0
9440.0,2205.0,2220.0,2178.0,939.0,949.0,949.0
9357.0,2197.0,2216.0,2163.0,918.0,929.0,934.0
9296.0,2167.0,2181.0,2164.0,926.0,929.0,929.0
9503.0,2228.0,2239.0,2212.0,943.0,946.0,935.0
9450.0,2207.0,2243.0,2192.0,939.0,936.0,933.0
9362.0,2222.0,2188.0,2168.0,924.0,926.0,934.0
9272.0,2196.0,2173.0,2145.0,912.0,919.0,927.0
9400.0,2197.0,2226.0,2166.0,932.0,936.0,943.0
9404.0,2218.0,2208.0,2172.0,939.0,932.0,935.0
9351.0,2184.0,2203.0,2175.0,933.0,932.0,924.0
9322.0,2186.0,2184.0,2174.0,927.0,929.0,922.0
9323.0,2203.0,2183.0,2171.0,928.0,912.0,926.0
9459.0,2202.0,2213.0,2226.0,944.0,938.0,936.0
9384.0,2205.0,2177.0,2215.0,938.0,927.0,922.0
9362.0,2189.0,2197.0,2189.0,925.0,940.0,922.0
9140.0,2143.0,2123.0,2155.0,909.0,906.0,904.0
9462.0,2209.0,2192.0,2210.0,947.0,948.0,956.0
9258.0,2146.0,2178.0,2163.0,934.0,918.0,919.0
9265.0,2141.0,2157.0,2190.0,928.0,921.0,928.0
9192.0,2120.0,2149.0,2178.0,916.0,921.0,908.0
9411.0,2199.0,2176.0,2212.0,948.0,934.0,942.0
9203.0,2128.0,2141.0,2173.0,928.0,923.0,910.0
9436.0,2183.0,2181.0,2247.0,947.0,940.0,938.0
9335.0,2170.0,2159.0,2209.0,937.0,928.0,932.0
9373.0,2177.0,2183.0,2225.0,939.0,936.0,913.0
9409.0,2177.0,2190.0,2208.0,946.0,944.0,944.0
9534.0,2229.0,2212.0,2248.0,966.0,943.0,936.0
9617.0,2245.0,2240.0,2250.0,960.0,974.0,948.0
9416.0,2206.0,2189.0,2217.0,934.0,939.0,931.0
9463.0,2219.0,2190.0,2224.0,945.0,944.0,941.0
9544.0,2230.0,2219.0,2231.0,956.0,957.0,951.0
9280.0,2174.0,2159.0,2158.0,932.0,939.0,918.0
9436.0,2216.0,2181.0,2200.0,957.0,939.0,943.0
9517.0,2203.0,2227.0,2235.0,958.0,964.0,930.0
9388.0,2202.0,2173.0,2179.0,947.0,945.0,942.0
9609.0,2246.0,2240.0,2243.0,966.0,965.0,949.0
9478.0,2245.0,2202.0,2185.0,956.0,943.0,947.0
9449.0,2181.0,2220.0,2210.0,949.0,942.0,947.0
9617.0,2233.0,2236.0,2249.0,973.0,966.0,960.0
9461.0,2231.0,2219.0,2170.0,955.0,940.0,946.0
9491.0,2218.0,2222.0,2207.0,954.0,948.0,942.0
9479.0,2225.0,2204.0,2214.0,933.0,956.0,947.0
9607.0,2238.0,2251.0,2222.0,968.0,962.0,966.0
9535.0,2192.0,2232.0,2239.0,958.0,960.0,954.0
9646.0,2244.0,2271.0,2207.0,973.0,972.0,979.0
9529.0,2208.0,2239.0,2223.0,954.0,955.0,950.0
9493.0,2209.0,2261.0,2179.0,947.0,953.0,944.0
9735.0,2268.0,2301.0,2258.0,960.0,968.0,980.0
9564.0,2230.0,2231.0,2212.0,961.0,968.0,962.0
9456.0,2185.0,2224.0,2199.0,935.0,959.0,954.0
9422.0,2189.0,2185.0,2212.0,948.0,947.0,941.0
9412.0,2167.0,2192.0,2206.0,957.0,949.0,941.0
9377.0,2202.0,2170.0,2174.0,932.0,946.0,953.0
9522.0,2216.0,2218.0,2231.0,944.0,962.0,951.0
9468.0,2205.0,2208.0,2198.0,952.0,949.0,956.0
9516.0,2226.0,2217.0,2206.0,945.0,958.0,964.0
9463.0,2199.0,2198.0,2217.0,946.0,955.0,948.0
9456.0,2237.0,2178.0,2197.0,936.0,952.0,956.0
9593.0,2251.0,2209.0,2260.0,947.0,962.0,964.0
9454.0,2253.0,2164.0,2200.0,938.0,947.0,952.0
9462.0,2214.0,2199.0,2221.0,933.0,944.0,951.0
9361.0,2206.0,2164.0,2194.0,936.0,928.0,933.0
9326.0,2186.0,2148.0,2194.0,928.0,925.0,945.0
9507.0,2214.0,2218.0,2227.0,935.0,957.0,956.0
9435.0,2226.0,2189.0,2199.0,928.0,942.0,951.0
9424.0,2182.0,2215.0,2219.0,925.0,939.0,944.0
9397.0,2217.0,2177.0,2199.0,933.0,932.0,939.0
9405.0,2181.0,2196.0,2218.0,930.0,935.0,945.0
9344.0,2182.0,2180.0,2192.0,923.0,926.0,941.0
9528.0,2198.0,2247.0,2247.0,947.0,939.0,950.0
9391.0,2167.0,2216.0,2202.0,937.0,935.0,934.0
9418.0,2174.0,2221.0,2202.0,941.0,940.0,940.0
9394.0,2173.0,2211.0,2212.0,934.0,928.0,936.0
9458.0,2195.0,2211.0,2206.0,948.0,949.0,949.0
9468.0,2218.0,2214.0,2204.0,938.0,950.0,944.0
9632.0,2231.0,2248.0,2265.0,960.0,954.0,974.0
9582.0,2223.0,2236.0,2257.0,954.0,940.0,972.0
9527.0,2209.0,2235.0,2232.0,964.0,932.0,955.0
9563.0,2222.0,2243.0,2234.0,967.0,955.0,942.0
9466.0,2195.0,2221.0,2217.0,946.0,938.0,949.0
9551.0,2201.0,2259.0,2239.0,960.0,945.0,947.0
9702.0,2252.0,2278.0,2281.0,964.0,962.0,965.0
9415.0,2210.0,2185.0,2208.0,948.0,929.0,935.0
9641.0,2280.0,2232.0,2254.0,963.0,952.0,960.0
9708.0,2287.0,2268.0,2257.0,969.0,963.0,964.0
9686.0,2265.0,2264.0,2255.0,973.0,968.0,961.0
9635.0,2240.0,2252.0,2244.0,980.0,959.0,960.0
9580.0,2225.0,2221.0,2226.0,976.0,963.0,969.0
9498.0,2238.0,2206.0,2200.0,961.0,946.0,947.0
9724.0,2283.0,2291.0,2249.0,979.0,961.0,961.0
9733.0,2314.0,2262.0,2242.0,972.0,972.0,971.0
9534.0,2228.0,2208.0,2227.0,964.0,953.0,954.0
9598.0,2252.0,2228.0,2223.0,973.0,960.0,962.0
9573.0,2233.0,2223.0,2247.0,972.0,952.0,946.0
9711.0,2279.0,2271.0,2254.0,974.0,971.0,962.0
9600.0,2251.0,2223.0,2232.0,981.0,952.0,961.0
9509.0,2207.0,2230.0,2197.0,968.0,959.0,948.0
9601.0,2239.0,2242.0,2230.0,969.0,960.0,961.0
9476.0,2193.0,2201.0,2217.0,960.0,951.0,954.0
9576.0,2236.0,2222.0,2235.0,968.0,959.0,956.0
9583.0,2217.0,2232.0,2229.0,973.0,971.0,961.0
9526.0,2222.0,2234.0,2219.0,948.0,955.0,948.0
9739.0,2282.0,2252.0,2282.0,978.0,978.0,967.0
9606.0,2237.0,2275.0,2224.0,959.0,955.0,956.0
9677.0,2233.0,2269.0,2277.0,972.0,955.0,971.0
9547.0,2223.0,2236.0,2230.0,958.0,960.0,940.0
9448.0,2192.0,2231.0,2186.0,948.0,953.0,938.0
9682.0,2269.0,2257.0,2263.0,971.0,961.0,961.0
9600.0,2244.0,2252.0,2238.0,954.0,958.0,954.0
9530.0,2208.0,2225.0,2243.0,950.0,952.0,952.0
9490.0,2208.0,2242.0,2215.0,937.0,954.0,934.0
9633.0,2257.0,2218.0,2282.0,951.0,976.0,949.0
9601.0,2218.0,2246.0,2268.0,946.0,967.0,956.0
9522.0,2240.0,2220.0,2212.0,953.0,952.0,945.0
9555.0,2238.0,2224.0,2246.0,942.0,954.0,951.0
9665.0,2246.0,2276.0,2263.0,953.0,960.0,967.0
9423.0,2203.0,2224.0,2203.0,921.0,935.0,937.0
9612.0,2248.0,2246.0,2239.0,951.0,971.0,957.0
9484.0,2218.0,2211.0,2220.0,941.0,952.0,942.0
9521.0,2203.0,2222.0,2239.0,945.0,970.0,942.0
9606.0,2222.0,2245.0,2252.0,946.0,972.0,969.0
9562.0,2229.0,2227.0,2242.0,954.0,964.0,946.0
9501.0,2179.0,2211.0,2232.0,949.0,966.0,964.0
9554.0,2232.0,2223.0,2215.0,950.0,969.0,965.0
9474.0,2207.0,2207.0,2242.0,934.0,940.0,944.0
9507.0,2230.0,2211.0,2202.0,947.0,958.0,959.0
9342.0,2139.0,2187.0,2201.0,933.0,939.0,943.0
9658.0,2237.0,2243.0,2281.0,967.0,956.0,974.0
9479.0,2198.0,2214.0,2216.0,938.0,953.0,960.0
9710.0,2285.0,2236.0,2273.0,971.0,974.0,971.0
9571.0,2243.0,2205.0,2229.0,968.0,956.0,970.0
9688.0,2271.0,2229.0,2276.0,962.0,972.0,978.0
9726.0,2283.0,2270.0,2251.0,977.0,975.0,970.0
9816.0,2277.0,2293.0,2286.0,993.0,984.0,983.0
9666.0,2272.0,2247.0,2256.0,972.0,957.0,962.0
9605.0,2219.0,2237.0,2259.0,954.0,967.0,969.0
9716.0,2278.0,2252.0,2265.0,975.0,963.0,983.0
9712.0,2285.0,2300.0,2232.0,968.0,944.0,983.0
9674.0,2273.0,2251.0,2247.0,965.0,955.0,983.0
9647.0,2255.0,2261.0,2241.0,967.0,957.0,966.0
9781.0,2296.0,2274.0,2272.0,979.0,974.0,986.0
9846.0,2299.0,2306.0,2275.0,993.0,982.0,991.0
9784.0,2295.0,2273.0,2281.0,976.0,972.0,987.0
9745.0,2298.0,2274.0,2245.0,977.0,976.0,975.0
9700.0,2270.0,2283.0,2235.0,973.0,966.0,973.0
9659.0,2262.0,2255.0,2225.0,986.0,959.0,972.0
9810.0,2283.0,2297.0,2268.0,983.0,987.0,992.0
9680.0,2241.0,2283.0,2216.0,977.0,976.0,987.0
9575.0,2246.0,2242.0,2206.0,962.0,955.0,964.0
9851.0,2267.0,2316.0,2314.0,987.0,976.0,991.0
9811.0,2272.0,2314.0,2278.0,985.0,974.0,988.0
9720.0,2246.0,2279.0,2279.0,975.0,969.0,972.0
9606.0,2225.0,2268.0,2221.0,977.0,952.0,963.0
9675.0,2243.0,2288.0,2264.0,971.0,947.0,962.0
9808.0,2269.0,2299.0,2299.0,988.0,979.0,974.0
9774.0,2291.0,2271.0,2291.0,978.0,974.0,969.0
9794.0,2283.0,2302.0,2280.0,983.0,968.0,978.0
9800.0,2288.0,2272.0,2298.0,979.0,979.0,984.0
9494.0,2202.0,2234.0,2221.0,956.0,943.0,938.0
9685.0,2253.0,2281.0,2247.0,976.0,960.0,968.0
9719.0,2298.0,2262.0,2272.0,961.0,969.0,957.0
9632.0,2256.0,2260.0,2240.0,973.0,950.0,953.0
9690.0,2278.0,2253.0,2255.0,972.0,956.0,976.0
9694.0,2263.0,2252.0,2288.0,962.0,965.0,964.0
9771.0,2292.0,2280.0,2288.0,969.0,968.0,974.0
9470.0,2220.0,2186.0,2225.0,948.0,938.0,953.0
9669.0,2284.0,2222.0,2284.0,961.0,961.0,957.0
9758.0,2288.0,2246.0,2306.0,978.0,972.0,968.0
9681.0,2273.0,2247.0,2270.0,962.0,964.0,965.0
9551.0,2235.0,2217.0,2238.0,951.0,952.0,958.0
9690.0,2269.0,2237.0,2276.0,969.0,977.0,962.0
9622.0,2245.0,2243.0,2236.0,960.0,975.0,963.0
9589.0,2224.0,2222.0,2268.0,949.0,968.0,958.0
9581.0,2250.0,2209.0,2251.0,961.0,956.0,954.0
9543.0,2214.0,2214.0,2227.0,960.0,967.0,961.0
9657.0,2242.0,2264.0,2255.0,964.0,969.0,963.0
9655.0,2225.0,2271.0,2252.0,962.0,978.0,967.0
9735.0,2256.0,2294.0,2280.0,972.0,975.0,958.0
9544.0,2204.0,2231.0,2227.0,956.0,975.0,951.0
9561.0,2236.0,2225.0,2221.0,943.0,983.0,953.0
9547.0,2211.0,2247.0,2211.0,963.0,962.0,953.0
9601.0,2228.0,2237.0,2253.0,949.0,974.0,960.0
9679.0,2229.0,2276.0,2279.0,963.0,972.0,960.0
9645.0,2259.0,2264.0,2242.0,948.0,969.0,963.0
9605.0,2243.0,2274.0,2214.0,960.0,957.0,957.0
9790.0,2302.0,2307.0,2250.0,976.0,986.0,969.0
9887.0,2300.0,2331.0,2281.0,985.0,1000.0,990.0
9788.0,2311.0,2284.0,2267.0,969.0,987.0,970.0
9764.0,2311.0,2274.0,2245.0,979.0,992.0,963.0
9854.0,2331.0,2310.0,2263.0,977.0,990.0,983.0
9818.0,2289.0,2299.0,2308.0,979.0,977.0,966.0
9913.0,2333.0,2341.0,2290.0,983.0,984.0,982.0
9798.0,2291.0,2295.0,2275.0,983.0,979.0,975.0
9825.0,2311.0,2282.0,2285.0,984.0,985.0,978.0
9852.0,2300.0,2294.0,2305.0,997.0,979.0,977.0
9855.0,2314.0,2306.0,2294.0,983.0,983.0,975.0
9909.0,2317.0,2303.0,2327.0,988.0,993.0,981.0
9767.0,2301.0,2257.0,2271.0,977.0,982.0,979.0
9821.0,2294.0,2283.0,2304.0,994.0,969.0,977.0
9827.0,2290.0,2300.0,2291.0,994.0,973.0,979.0
9866.0,2297.0,2279.0,2307.0,1003.0,984.0,996.0
9901.0,2304.0,2282.0,2328.0,1001.0,997.0,989.0
9836.0,2271.0,2292.0,2324.0,996.0,978.0,975.0
9770.0,2251.0,2297.0,2292.0,987.0,966.0,977.0
9799.0,2263.0,2266.0,2308.0,989.0,982.0,991.0
9761.0,2260.0,2282.0,2283.0,977.0,977.0,982.0
9611.0,2233.0,2221.0,2246.0,974.0,970.0,967.0
9866.0,2331.0,2281.0,2292.0,991.0,991.0,980.0
9722.0,2270.0,2239.0,2274.0,982.0,971.0,986.0
9877.0,2288.0,2290.0,2338.0,988.0,984.0,989.0
9791.0,2293.0,2251.0,2303.0,976.0,974.0,994.0
9867.0,2301.0,2283.0,2342.0,989.0,974.0,978.0
9770.0,2277.0,2288.0,2279.0,977.0,970.0,979.0
9787.0,2301.0,2271.0,2296.0,974.0,972.0,973.0
9909.0,2320.0,2306.0,2323.0,991.0,983.0,986.0
9679.0,2259.0,2242.0,2282.0,968.0,956.0,972.0
9693.0,2260.0,2280.0,2255.0,965.0,964.0,969.0
9802.0,2307.0,2278.0,2288.0,974.0,962.0,993.0
9918.0,2332.0,2311.0,2303.0,993.0,979.0,1000.0
9742.0,2263.0,2268.0,2296.0,970.0,971.0,974.0
9809.0,2296.0,2286.0,2310.0,974.0,965.0,978.0
9765.0,2292.0,2281.0,2264.0,974.0,972.0,982.0
9663.0,2244.0,2285.0,2250.0,965.0,955.0,964.0
9782.0,2277.0,2303.0,2295.0,971.0,961.0,975.0
9813.0,2292.0,2332.0,2274.0,974.0,971.0,970.0
9685.0,2250.0,2276.0,2265.0,960.0,966.0,968.0
9716.0,2236.0,2297.0,2256.0,978.0,966.0,983.0
9659.0,2227.0,2289.0,2228.0,970.0,977.0,968.0
9745.0,2291.0,2280.0,2244.0,971.0,981.0,978.0
9739.0,2259.0,2270.0,2287.0,978.0,973.0,972.0
9709.0,2263.0,2274.0,2260.0,958.0,974.0,980.0
9775.0,2272.0,2265.0,2292.0,979.0,980.0,987.0
9776.0,2288.0,2279.0,2291.0,964.0,966.0,988.0
9758.0,2271.0,2260.0,2288.0,978.0,985.0,976.0
9888.0,2295.0,2323.0,2319.0,981.0,984.0,986.0
9632.0,2258.0,2229.0,2230.0,962.0,979.0,974.0
9869.0,2345.0,2284.0,2256.0,986.0,1001.0,997.0
9894.0,2335.0,2270.0,2302.0,992.0,997.0,998.0
9815.0,2320.0,2250.0,2284.0,975.0,998.0,988.0
9913.0,2308.0,2314.0,2308.0,986.0,996.0,1001.0
9840.0,2306.0,2297.0,2284.0,980.0,994.0,979.0
10022.0,2338.0,2323.0,2349.0,1001.0,1001.0,1010.0
9792.0,2308.0,2274.0,2294.0,966.0,980.0,970.0
9999.0,2345.0,2332.0,2310.0,997.0,1012.0,1003.0
9928.0,2317.0,2329.0,2312.0,986.0,999.0,985.0
9833.0,2306.0,2271.0,2313.0,982.0,980.0,981.0
9950.0,2336.0,2312.0,2333.0,985.0,997.0,987.0
9951.0,2348.0,2315.0,2314.0,990.0,1001.0,983.0
9866.0,2294.0,2289.0,2316.0,994.0,988.0,985.0
9910.0,2317.0,2339.0,2318.0,974.0,988.0,974.0
9932.0,2302.0,2339.0,2326.0,987.0,997.0,981.0
9997.0,2308.0,2333.0,2345.0,1014.0,1001.0,996.0
9998.0,2301.0,2357.0,2335.0,1004.0,1006.0,995.0
9774.0,2265.0,2283.0,2300.0,983.0,985.0,958.0
9948.0,2308.0,2307.0,2347.0,999.0,1004.0,983.0
9924.0,2314.0,2337.0,2318.0,979.0,1000.0,976.0
9969.0,2310.0,2332.0,2343.0,993.0,1005.0,986.0
10001.0,2313.0,2348.0,2328.0,1003.0,1008.0,1001.0
10022.0,2329.0,2359.0,2331.0,1015.0,1002.0,986.0
9964.0,2324.0,2305.0,2351.0,987.0,1010.0,987.0
10016.0,2307.0,2336.0,2347.0,1014.0,1003.0,1009.0
9905.0,2290.0,2315.0,2325.0,999.0,995.0,981.0
10004.0,2315.0,2354.0,2345.0,1013.0,986.0,991.0
9766.0,2287.0,2289.0,2279.0,965.0,976.0,970.0
10007.0,2338.0,2348.0,2314.0,1011.0,1002.0,994.0
9822.0,2286.0,2297.0,2307.0,992.0,968.0,972.0
9813.0,2306.0,2271.0,2297.0,989.0,979.0,971.0
9885.0,2321.0,2308.0,2295.0,979.0,993.0,989.0
9806.0,2312.0,2274.0,2273.0,985.0,979.0,983.0
9851.0,2315.0,2308.0,2293.0,988.0,970.0,977.0
9763.0,2292.0,2284.0,2270.0,971.0,974.0,972.0
9629.0,2248.0,2239.0,2245.0,972.0,970.0,955.0
9765.0,2296.0,2263.0,2267.0,986.0,982.0,971.0
9787.0,2300.0,2289.0,2252.0,987.0,978.0,981.0
9757.0,2258.0,2291.0,2281.0,977.0,975.0,975.0
9855.0,2275.0,2299.0,2317.0,988.0,989.0,987.0
9693.0,2261.0,2258.0,2244.0,974.0,980.0,976.0
9858.0,2300.0,2285.0,2318.0,975.0,988.0,992.0
9815.0,2267.0,2278.0,2302.0,989.0,987.0,992.0
9775.0,2288.0,2289.0,2278.0,966.0,977.0,977.0
9774.0,2277.0,2299.0,2258.0,987.0,971.0,982.0
9898.0,2310.0,2324.0,2294.0,989.0,991.0,990.0
9820.0,2300.0,2284.0,2290.0,980.0,976.0,990.0
9843.0,2289.0,2305.0,2279.0,987.0,990.0,993.0
9865.0,2300.0,2292.0,2304.0,1001.0,984.0,984.0
9830.0,2283.0,2315.0,2282.0,981.0,976.0,993.0
9789.0,2279.0,2288.0,2285.0,970.0,978.0,989.0
9984.0,2347.0,2340.0,2309.0,990.0,991.0,1007.0
10046.0,2347.0,2355.0,2345.0,990.0,1000.0,1009.0
10149.0,2381.0,2361.0,2361.0,1011.0,1016.0,1019.0
10130.0,2377.0,2371.0,2360.0,1001.0,1003.0,1018.0
10013.0,2345.0,2347.0,2327.0,989.0,1001.0,1004.0
10094.0,2367.0,2347.0,2368.0,1001.0,997.0,1014.0
9973.0,2322.0,2334.0,2345.0,989.0,987.0,996.0
9984.0,2329.0,2340.0,2313.0,999.0,996.0,1007.0
10130.0,2378.0,2371.0,2344.0,1006.0,1013.0,1018.0
10048.0,2349.0,2371.0,2319.0,1007.0,994.0,1008.0
10036.0,2352.0,2356.0,2343.0,994.0,995.0,996.0
10130.0,2369.0,2370.0,2364.0,1000.0,1018.0,1009.0
10068.0,2345.0,2360.0,2364.0,999.0,990.0,1010.0
9996.0,2331.0,2336.0,2341.0,984.0,998.0,1006.0
9875.0,2278.0,2306.0,2310.0,998.0,987.0,996.0
10094.0,2332.0,2378.0,2351.0,1001.0,1019.0,1013.0
10213.0,2351.0,2392.0,2414.0,1019.0,1015.0,1022.0
9994.0,2298.0,2329.0,2359.0,994.0,1009.0,1005.0
10002.0,2283.0,2352.0,2369.0,999.0,1001.0,998.0
10073.0,2334.0,2343.0,2370.0,1009.0,996.0,1021.0
10024.0,2307.0,2317.0,2382.0,1003.0,1010.0,1005.0
10060.0,2345.0,2337.0,2347.0,1014.0,1010.0,1007.0
10070.0,2343.0,2348.0,2340.0,1014.0,1011.0,1014.0
9929.0,2308.0,2301.0,2319.0,996.0,1006.0,999.0
9861.0,2269.0,2305.0,2306.0,995.0,994.0,992.0
9779.0,2279.0,2270.0,2286.0,981.0,987.0,976.0
9951.0,2342.0,2313.0,2323.0,992.0,987.0,994.0
10095.0,2352.0,2341.0,2353.0,1014.0,1016.0,1019.0
10065.0,2364.0,2327.0,2346.0,1009.0,1013.0,1006.0
9910.0,2315.0,2297.0,2308.0,998.0,999.0,993.0
9941.0,2327.0,2326.0,2295.0,1001.0,993.0,999.0
9992.0,2371.0,2331.0,2302.0,996.0,994.0,998.0
9855.0,2314.0,2271.0,2315.0,987.0,989.0,979.0
9975.0,2363.0,2283.0,2317.0,1009.0,1016.0,987.0
9911.0,2322.0,2281.0,2315.0,1004.0,996.0,993.0
9851.0,2294.0,2309.0,2262.0,999.0,996.0,991.0
9902.0,2298.0,2322.0,2315.0,999.0,998.0,970.0
10061.0,2357.0,2335.0,2344.0,1016.0,1006.0,1003.0
9949.0,2330.0,2320.0,2319.0,985.0,1000.0,995.0
10026.0,2360.0,2351.0,2315.0,1009.0,1001.0,990.0
9895.0,2297.0,2332.0,2294.0,995.0,987.0,990.0
9946.0,2324.0,2334.0,2298.0,998.0,1004.0,988.0
9932.0,2308.0,2334.0,2312.0,998.0,999.0,981.0
9789.0,2281.0,2304.0,2255.0,988.0,981.0,980.0
9729.0,2238.0,2308.0,2271.0,974.0,968.0,970.0
9902.0,2302.0,2336.0,2314.0,976.0,994.0,980.0
9898.0,2287.0,2314.0,2317.0,990.0,1002.0,988.0
9954.0,2299.0,2346.0,2321.0,992.0,998.0,998.0
9997.0,2342.0,2351.0,2333.0,984.0,995.0,992.0
9993.0,2326.0,2328.0,2346.0,994.0,1001.0,998.0
9965.0,2326.0,2335.0,2328.0,988.0,996.0,992.0
10120.0,2349.0,2359.0,2374.0,1010.0,1016.0,1012.0
10041.0,2313.0,2366.0,2349.0,1015.0,999.0,999.0
10125.0,2350.0,2380.0,2362.0,1014.0,1002.0,1017.0
9984.0,2345.0,2327.0,2325.0,986.0,999.0,1002.0
10063.0,2339.0,2384.0,2352.0,982.0,1008.0,998.0
9987.0,2354.0,2327.0,2328.0,985.0,998.0,995.0
9990.0,2328.0,2344.0,2347.0,991.0,987.0,993.0
10198.0,2387.0,2355.0,2424.0,1012.0,1019.0,1001.0
10097.0,2378.0,2338.0,2377.0,999.0,1008.0,997.0
10206.0,2406.0,2357.0,2385.0,1014.0,1023.0,1021.0
10102.0,2364.0,2355.0,2367.0,998.0,999.0,1019.0
10205.0,2397.0,2387.0,2384.0,1012.0,1007.0,1018.0
9960.0,2334.0,2293.0,2354.0,1002.0,983.0,994.0
10208.0,2389.0,2358.0,2400.0,1016.0,1023.0,1022.0
10138.0,2375.0,2331.0,2396.0,1012.0,1004.0,1020.0
10147.0,2371.0,2357.0,2387.0,1006.0,1010.0,1016.0
10185.0,2351.0,2388.0,2399.0,1011.0,1021.0,1015.0
10166.0,2359.0,2373.0,2380.0,1014.0,1016.0,1024.0
10172.0,2379.0,2375.0,2379.0,1021.0,1011.0,1007.0
10210.0,2369.0,2377.0,2390.0,1025.0,1027.0,1022.0
10102.0,2372.0,2342.0,2361.0,1004.0,1008.0,1015.0
10151.0,2366.0,2373.0,2360.0,1016.0,1019.0,1017.0
10141.0,2369.0,2354.0,2379.0,1012.0,1010.0,1017.0
10093.0,2323.0,2359.0,2374.0,1008.0,1011.0,1018.0
10152.0,2349.0,2371.0,2374.0,1022.0,1010.0,1026.0
10067.0,2369.0,2344.0,2340.0,997.0,1011.0,1006.0
10189.0,2376.0,2388.0,2382.0,1011.0,1016.0,1016.0
10066.0,2346.0,2365.0,2334.0,1007.0,1007.0,1007.0
10054.0,2346.0,2341.0,2326.0,1014.0,1012.0,1015.0
9938.0,2312.0,2345.0,2291.0,993.0,990.0,1007.0
10097.0,2358.0,2362.0,2339.0,1017.0,1012.0,1009.0
10013.0,2337.0,2335.0,2320.0,1003.0,1009.0,1009.0
10040.0,2342.0,2358.0,2339.0,996.0,998.0,1007.0
10015.0,2336.0,2344.0,2317.0,1000.0,1008.0,1010.0
10198.0,2387.0,2396.0,2356.0,1008.0,1017.0,1034.0
10192.0,2396.0,2360.0,2364.0,1024.0,1024.0,1024.0
10172.0,2387.0,2356.0,2362.0,1018.0,1023.0,1026.0
10107.0,2367.0,2348.0,2349.0,1011.0,1017.0,1015.0
10024.0,2364.0,2341.0,2297.0,1004.0,1011.0,1007.0
9915.0,2317.0,2298.0,2296.0,1000.0,1005.0,999.0
10125.0,2372.0,2354.0,2343.0,1018.0,1023.0,1015.0
10059.0,2343.0,2328.0,2334.0,1015.0,1020.0,1019.0
9974.0,2324.0,2297.0,2334.0,1000.0,1015.0,1004.0
9994.0,2316.0,2326.0,2328.0,1010.0,1006.0,1008.0
10064.0,2351.0,2330.0,2344.0,1013.0,1028.0,998.0
10027.0,2330.0,2326.0,2336.0,1017.0,1011.0,1007.0
10055.0,2339.0,2340.0,2340.0,1010.0,1007.0,1019.0
10174.0,2379.0,2338.0,2394.0,1032.0,1015.0,1016.0
10070.0,2314.0,2321.0,2385.0,1030.0,1012.0,1008.0
10063.0,2327.0,2341.0,2362.0,1011.0,1010.0,1012.0
10252.0,2370.0,2364.0,2415.0,1024.0,1042.0,1037.0
10291.0,2417.0,2397.0,2389.0,1027.0,1033.0,1028.0
10224.0,2380.0,2377.0,2383.0,1023.0,1042.0,1019.0
10212.0,2383.0,2358.0,2402.0,1022.0,1025.0,1022.0
10133.0,2356.0,2350.0,2389.0,1003.0,1029.0,1006.0
10304.0,2424.0,2382.0,2425.0,1028.0,1031.0,1014.0
10277.0,2400.0,2395.0,2420.0,1015.0,1029.0,1018.0
10221.0,2411.0,2364.0,2401.0,1014.0,1011.0,1020.0
10301.0,2410.0,2392.0,2433.0,1018.0,1021.0,1027.0
10366.0,2445.0,2407.0,2423.0,1038.0,1033.0,1020.0
10249.0,2405.0,2394.0,2382.0,1022.0,1025.0,1021.0
10273.0,2407.0,2384.0,2412.0,1019.0,1026.0,1025.0
10250.0,2385.0,2397.0,2410.0,1012.0,1028.0,1018.0
10269.0,2419.0,2409.0,2394.0,1007.0,1031.0,1009.0
10193.0,2400.0,2378.0,2374.0,1015.0,1017.0,1009.0
10297.0,2401.0,2422.0,2413.0,1028.0,1020.0,1013.0
10265.0,2387.0,2402.0,2394.0,1016.0,1035.0,1031.0
10278.0,2391.0,2408.0,2411.0,1025.0,1022.0,1021.0
10246.0,2372.0,2407.0,2401.0,1023.0,1025.0,1018.0
10145.0,2364.0,2364.0,2372.0,1008.0,1011.0,1026.0
10279.0,2413.0,2401.0,2402.0,1018.0,1019.0,1026.0
10068.0,2349.0,2348.0,2366.0,1000.0,1001.0,1004.0
10285.0,2383.0,2425.0,2399.0,1024.0,1030.0,1024.0
10175.0,2379.0,2357.0,2397.0,1024.0,1007.0,1011.0
10167.0,2372.0,2376.0,2376.0,1016.0,1008.0,1019.0
10211.0,2359.0,2394.0,2394.0,1022.0,1017.0,1025.0
10287.0,2394.0,2420.0,2392.0,1029.0,1030.0,1022.0
10052.0,2345.0,2367.0,2332.0,1002.0,1002.0,1004.0
10310.0,2407.0,2399.0,2418.0,1035.0,1024.0,1027.0
10153.0,2393.0,2360.0,2363.0,1009.0,1016.0,1012.0
10270.0,2400.0,2390.0,2387.0,1045.0,1011.0,1037.0
10216.0,2404.0,2369.0,2389.0,1023.0,1020.0,1011.0
10119.0,2389.0,2333.0,2351.0,1017.0,1013.0,1016.0
10163.0,2384.0,2392.0,2351.0,1024.0,1005.0,1007.0
10139.0,2381.0,2376.0,2359.0,1011.0,1009.0,1003.0
10258.0,2414.0,2391.0,2374.0,1046.0,1023.0,1010.0
10044.0,2352.0,2337.0,2333.0,1003.0,1019.0,1000.0
10153.0,2393.0,2351.0,2380.0,1018.0,1007.0,1004.0
10097.0,2381.0,2344.0,2350.0,1014.0,1003.0,1005.0
10111.0,2371.0,2349.0,2363.0,1005.0,1003.0,1020.0
10017.0,2354.0,2339.0,2303.0,1016.0,996.0,1009.0
10170.0,2403.0,2373.0,2355.0,1020.0,1009.0,1010.0
10286.0,2400.0,2392.0,2412.0,1033.0,1018.0,1031.0
10182.0,2376.0,2376.0,2373.0,1024.0,1006.0,1027.0
10286.0,2394.0,2393.0,2410.0,1040.0,1022.0,1027.0
10090.0,2341.0,2335.0,2373.0,1024.0,1012.0,1005.0
10214.0,2397.0,2358.0,2377.0,1031.0,1027.0,1024.0
10284.0,2382.0,2427.0,2394.0,1027.0,1024.0,1030.0
10123.0,2306.0,2366.0,2386.0,1021.0,1031.0,1013.0
10314.0,2393.0,2388.0,2421.0,1037.0,1037.0,1038.0
10243.0,2363.0,2394.0,2411.0,1021.0,1026.0,1028.0
10148.0,2339.0,2381.0,2366.0,1023.0,1023.0,1016.0
10290.0,2401.0,2417.0,2410.0,1018.0,1022.0,1022.0
10185.0,2356.0,2383.0,2391.0,1021.0,1018.0,1016.0
10320.0,2390.0,2400.0,2448.0,1033.0,1015.0,1034.0
10212.0,2351.0,2382.0,2391.0,1014.0,1037.0,1037.0
10305.0,2405.0,2396.0,2411.0,1026.0,1042.0,1025.0
10505.0,2452.0,2468.0,2442.0,1038.0,1049.0,1056.0
10326.0,2423.0,2396.0,2401.0,1021.0,1047.0,1038.0
10387.0,2428.0,2420.0,2428.0,1036.0,1040.0,1035.0
10511.0,2449.0,2452.0,2472.0,1039.0,1045.0,1054.0
10366.0,2419.0,2416.0,2415.0,1035.0,1043.0,1038.0
10271.0,2395.0,2380.0,2432.0,1016.0,1027.0,1021.0
10227.0,2397.0,2381.0,2388.0,1013.0,1018.0,1030.0
10274.0,2373.0,2383.0,2420.0,1022.0,1038.0,1038.0
10384.0,2425.0,2388.0,2423.0,1030.0,1061.0,1057.0
10359.0,2422.0,2415.0,2410.0,1037.0,1030.0,1045.0
10335.0,2422.0,2389.0,2406.0,1029.0,1044.0,1045.0
10411.0,2422.0,2416.0,2441.0,1035.0,1049.0,1048.0
10352.0,2437.0,2408.0,2400.0,1029.0,1038.0,1040.0
10430.0,2436.0,2424.0,2436.0,1036.0,1052.0,1046.0
10241.0,2379.0,2391.0,2404.0,1014.0,1030.0,1023.0
10336.0,2410.0,2395.0,2404.0,1042.0,1034.0,1051.0
10330.0,2372.0,2429.0,2421.0,1035.0,1030.0,1043.0
10358.0,2429.0,2386.0,2441.0,1015.0,1054.0,1033.0
10230.0,2387.0,2388.0,2392.0,1008.0,1025.0,1030.0
10455.0,2438.0,2433.0,2435.0,1038.0,1058.0,1053.0
10145.0,2377.0,2354.0,2359.0,1022.0,1013.0,1020.0
10292.0,2398.0,2416.0,2399.0,1008.0,1032.0,1039.0
10354.0,2416.0,2427.0,2404.0,1021.0,1038.0,1048.0
10237.0,2400.0,2370.0,2389.0,1017.0,1026.0,1035.0
10336.0,2399.0,2409.0,2423.0,1020.0,1033.0,1052.0
10249.0,2407.0,2397.0,2382.0,1014.0,1023.0,1026.0
10292.0,2392.0,2420.0,2398.0,1027.0,1031.0,1024.0
10318.0,2423.0,2423.0,2392.0,1026.0,1026.0,1028.0
10165.0,2390.0,2361.0,2376.0,1015.0,1011.0,1012.0
10318.0,2430.0,2413.0,2387.0,1025.0,1027.0,1036.0
10253.0,2403.0,2433.0,2360.0,1014.0,1023.0,1020.0
10467.0,2440.0,2459.0,2442.0,1055.0,1032.0,1039.0
10206.0,2386.0,2392.0,2391.0,1021.0,1008.0,1008.0
10216.0,2391.0,2403.0,2389.0,1011.0,1014.0,1008.0
10280.0,2405.0,2399.0,2391.0,1026.0,1025.0,1034.0
10196.0,2362.0,2378.0,2388.0,1024.0,1020.0,1024.0
10275.0,2398.0,2411.0,2380.0,1035.0,1038.0,1013.0
10266.0,2377.0,2411.0,2407.0,1031.0,1026.0,1014.0
10313.0,2388.0,2424.0,2437.0,1028.0,1015.0,1021.0
10107.0,2351.0,2358.0,2389.0,1014.0,994.0,1001.0
10447.0,2444.0,2444.0,2442.0,1042.0,1033.0,1042.0
10413.0,2433.0,2434.0,2436.0,1047.0,1034.0,1029.0
10217.0,2380.0,2392.0,2401.0,1031.0,1001.0,1012.0
10292.0,2399.0,2377.0,2442.0,1036.0,1020.0,1018.0
10306.0,2394.0,2403.0,2440.0,1025.0,1021.0,1023.0
10203.0,2353.0,2393.0,2372.0,1042.0,1020.0,1023.0
10390.0,2407.0,2428.0,2455.0,1047.0,1027.0,1026.0
10209.0,2371.0,2371.0,2399.0,1034.0,1025.0,1009.0
10418.0,2419.0,2398.0,2469.0,1049.0,1033.0,1050.0
10397.0,2431.0,2429.0,2443.0,1036.0,1033.0,1025.0
10460.0,2441.0,2431.0,2466.0,1053.0,1041.0,1028.0
10483.0,2437.0,2436.0,2454.0,1059.0,1052.0,1045.0
10320.0,2397.0,2416.0,2412.0,1036.0,1028.0,1031.0
10356.0,2437.0,2380.0,2423.0,1046.0,1035.0,1035.0
10444.0,2449.0,2436.0,2447.0,1031.0,1041.0,1040.0
10473.0,2463.0,2423.0,2441.0,1052.0,1047.0,1047.0
10476.0,2458.0,2444.0,2434.0,1051.0,1046.0,1043.0
10374.0,2431.0,2404.0,2443.0,1031.0,1039.0,1026.0
10545.0,2483.0,2451.0,2455.0,1044.0,1062.0,1050.0
10455.0,2465.0,2427.0,2430.0,1041.0,1047.0,1045.0
10474.0,2448.0,2441.0,2433.0,1052.0,1048.0,1052.0
10325.0,2405.0,2426.0,2405.0,1029.0,1035.0,1025.0
10447.0,2426.0,2434.0,2458.0,1045.0,1045.0,1039.0
10449.0,2433.0,2451.0,2408.0,1061.0,1049.0,1047.0
10483.0,2449.0,2446.0,2464.0,1043.0,1041.0,1040.0
10435.0,2412.0,2439.0,2431.0,1051.0,1058.0,1044.0
10347.0,2415.0,2417.0,2402.0,1029.0,1038.0,1046.0
10439.0,2429.0,2451.0,2408.0,1035.0,1059.0,1057.0
10520.0,2440.0,2463.0,2448.0,1057.0,1061.0,1051.0
10331.0,2379.0,2412.0,2408.0,1045.0,1044.0,1043.0
10379.0,2395.0,2458.0,2416.0,1028.0,1045.0,1037.0
10345.0,2406.0,2411.0,2408.0,1024.0,1040.0,1056.0
10306.0,2402.0,2416.0,2383.0,1032.0,1033.0,1040.0
10377.0,2422.0,2421.0,2416.0,1038.0,1042.0,1038.0
10421.0,2423.0,2443.0,2419.0,1039.0,1052.0,1045.0
10343.0,2421.0,2448.0,2369.0,1019.0,1043.0,1043.0
10479.0,2439.0,2456.0,2423.0,1046.0,1060.0,1055.0
10365.0,2424.0,2425.0,2411.0,1026.0,1038.0,1041.0
10514.0,2469.0,2456.0,2433.0,1059.0,1048.0,1049.0
10434.0,2446.0,2437.0,2410.0,1036.0,1050.0,1055.0
10542.0,2452.0,2457.0,2467.0,1049.0,1058.0,1059.0
10265.0,2386.0,2394.0,2407.0,1024.0,1032.0,1022.0
10409.0,2434.0,2421.0,2437.0,1028.0,1045.0,1044.0
10350.0,2442.0,2385.0,2414.0,1027.0,1041.0,1041.0
10535.0,2456.0,2449.0,2471.0,1056.0,1054.0,1049.0
10261.0,2429.0,2366.0,2399.0,1014.0,1019.0,1034.0
10240.0,2403.0,2358.0,2399.0,1016.0,1028.0,1036.0
10373.0,2430.0,2399.0,2430.0,1032.0,1036.0,1046.0
10344.0,2417.0,2402.0,2428.0,1032.0,1032.0,1033.0
10460.0,2449.0,2425.0,2455.0,1045.0,1049.0,1037.0
10359.0,2427.0,2410.0,2428.0,1018.0,1037.0,1039.0
10431.0,2411.0,2426.0,2452.0,1050.0,1042.0,1050.0
10500.0,2427.0,2456.0,2459.0,1052.0,1051.0,1055.0
10339.0,2404.0,2408.0,2427.0,1020.0,1037.0,1043.0
10417.0,2405.0,2438.0,2452.0,1034.0,1046.0,1042.0
10554.0,2471.0,2462.0,2463.0,1064.0,1048.0,1046.0
10339.0,2375.0,2426.0,2420.0,1051.0,1026.0,1041.0
10381.0,2402.0,2422.0,2436.0,1050.0,1035.0,1036.0
10443.0,2407.0,2454.0,2452.0,1053.0,1027.0,1050.0
10520.0,2419.0,2466.0,2459.0,1065.0,1052.0,1059.0
10338.0,2425.0,2421.0,2394.0,1036.0,1019.0,1043.0
10403.0,2425.0,2419.0,2437.0,1049.0,1029.0,1044.0
10514.0,2450.0,2457.0,2463.0,1046.0,1052.0,1046.0
10579.0,2478.0,2484.0,2439.0,1058.0,1057.0,1063.0
10581.0,2457.0,2478.0,2488.0,1063.0,1044.0,1051.0
10490.0,2451.0,2448.0,2450.0,1059.0,1040.0,1042.0
10623.0,2491.0,2494.0,2462.0,1069.0,1057.0,1050.0
10548.0,2465.0,2457.0,2475.0,1058.0,1048.0,1045.0
10466.0,2448.0,2448.0,2437.0,1045.0,1048.0,1040.0
10579.0,2487.0,2487.0,2445.0,1062.0,1051.0,1047.0
10624.0,2504.0,2492.0,2460.0,1062.0,1046.0,1060.0
10411.0,2434.0,2436.0,2421.0,1053.0,1039.0,1028.0
10527.0,2469.0,2473.0,2456.0,1048.0,1037.0,1044.0
10550.0,2459.0,2464.0,2446.0,1060.0,1065.0,1056.0
10559.0,2491.0,2461.0,2441.0,1065.0,1049.0,1052.0
10635.0,2488.0,2475.0,2469.0,1073.0,1070.0,1060.0
10481.0,2445.0,2461.0,2454.0,1041.0,1041.0,1039.0
10595.0,2472.0,2481.0,2478.0,1059.0,1053.0,1052.0
10526.0,2476.0,2448.0,2451.0,1053.0,1055.0,1043.0
10613.0,2479.0,2478.0,2468.0,1058.0,1075.0,1055.0
10596.0,2463.0,2487.0,2467.0,1065.0,1060.0,1054.0
10467.0,2468.0,2414.0,2449.0,1035.0,1046.0,1055.0
10429.0,2452.0,2436.0,2418.0,1048.0,1043.0,1032.0
10538.0,2447.0,2461.0,2469.0,1056.0,1047.0,1058.0
10369.0,2411.0,2402.0,2435.0,1032.0,1045.0,1044.0
10514.0,2439.0,2468.0,2454.0,1047.0,1055.0,1051.0
10424.0,2456.0,2427.0,2432.0,1034.0,1042.0,1033.0
10359.0,2418.0,2408.0,2427.0,1029.0,1046.0,1031.0
10333.0,2432.0,2390.0,2426.0,1022.0,1027.0,1036.0
10649.0,2483.0,2482.0,2501.0,1051.0,1062.0,1070.0
10505.0,2464.0,2434.0,2461.0,1043.0,1056.0,1047.0
10434.0,2447.0,2405.0,2487.0,1034.0,1037.0,1024.0
10501.0,2468.0,2444.0,2439.0,1043.0,1057.0,1050.0
10468.0,2468.0,2453.0,2426.0,1031.0,1045.0,1045.0
10499.0,2482.0,2416.0,2466.0,1043.0,1047.0,1045.0
10471.0,2447.0,2458.0,2443.0,1039.0,1044.0,1040.0
10460.0,2457.0,2406.0,2453.0,1034.0,1062.0,1048.0
10360.0,2420.0,2419.0,2424.0,1032.0,1051.0,1014.0
10439.0,2447.0,2436.0,2438.0,1030.0,1051.0,1037.0
10549.0,2467.0,2479.0,2459.0,1047.0,1055.0,1042.0
10521.0,2439.0,2459.0,2479.0,1042.0,1049.0,1053.0
10471.0,2428.0,2450.0,2476.0,1023.0,1051.0,1043.0
10596.0,2456.0,2485.0,2478.0,1049.0,1070.0,1058.0
10462.0,2417.0,2447.0,2445.0,1050.0,1055.0,1048.0
10519.0,2430.0,2476.0,2457.0,1037.0,1059.0,1060.0
10394.0,2429.0,2437.0,2393.0,1038.0,1047.0,1050.0
10618.0,2475.0,2485.0,2484.0,1060.0,1057.0,1057.0
10492.0,2409.0,2462.0,2457.0,1051.0,1064.0,1049.0
10513.0,2449.0,2472.0,2428.0,1055.0,1054.0,1055.0
10442.0,2422.0,2439.0,2451.0,1043.0,1033.0,1054.0
10504.0,2423.0,2464.0,2455.0,1059.0,1057.0,1046.0
10590.0,2458.0,2489.0,2455.0,1057.0,1064.0,1067.0
10407.0,2424.0,2420.0,2440.0,1041.0,1039.0,1043.0
10593.0,2466.0,2477.0,2463.0,1060.0,1068.0,1059.0
10614.0,2461.0,2463.0,2482.0,1065.0,1074.0,1069.0
10502.0,2447.0,2432.0,2458.0,1048.0,1061.0,1056.0
10548.0,2476.0,2457.0,2442.0,1066.0,1045.0,1062.0
10616.0,2468.0,2458.0,2457.0,1076.0,1077.0,1080.0
10668.0,2519.0,2465.0,2470.0,1076.0,1067.0,1071.0
10749.0,2533.0,2457.0,2522.0,1084.0,1066.0,1087.0
10686.0,2504.0,2471.0,2476.0,1079.0,1070.0,1086.0
10645.0,2510.0,2450.0,2473.0,1073.0,1070.0,1069.0
10674.0,2512.0,2498.0,2466.0,1066.0,1066.0,1066.0
10651.0,2492.0,2475.0,2469.0,1077.0,1067.0,1071.0
10608.0,2477.0,2468.0,2461.0,1075.0,1058.0,1069.0
10686.0,2514.0,2487.0,2464.0,1086.0,1052.0,1083.0
10772.0,2550.0,2482.0,2490.0,1082.0,1079.0,1089.0
10646.0,2495.0,2491.0,2463.0,1073.0,1059.0,1065.0
10747.0,2503.0,2517.0,2502.0,1071.0,1064.0,1090.0
10763.0,2487.0,2525.0,2526.0,1070.0,1065.0,1090.0
10671.0,2490.0,2480.0,2509.0,1071.0,1064.0,1057.0
10668.0,2465.0,2509.0,2493.0,1066.0,1060.0,1075.0
10684.0,2489.0,2495.0,2496.0,1060.0,1063.0,1081.0
10648.0,2472.0,2502.0,2494.0,1055.0,1053.0,1072.0
10538.0,2448.0,2476.0,2442.0,1061.0,1050.0,1061.0
10744.0,2503.0,2515.0,2512.0,1074.0,1071.0,1069.0
10577.0,2480.0,2488.0,2448.0,1052.0,1057.0,1052.0
10682.0,2490.0,2488.0,2494.0,1075.0,1058.0,1077.0
10526.0,2477.0,2470.0,2440.0,1052.0,1041.0,1046.0
10638.0,2486.0,2507.0,2473.0,1063.0,1052.0,1057.0
10718.0,2518.0,2510.0,2498.0,1063.0,1059.0,1070.0
10767.0,2503.0,2503.0,2530.0,1074.0,1076.0,1081.0
10616.0,2496.0,2485.0,2470.0,1052.0,1054.0,1059.0
10558.0,2474.0,2464.0,2459.0,1058.0,1053.0,1050.0
10672.0,2495.0,2506.0,2486.0,1060.0,1063.0,1062.0
10517.0,2446.0,2464.0,2467.0,1039.0,1050.0,1051.0
10565.0,2474.0,2440.0,2482.0,1058.0,1051.0,1060.0
10676.0,2525.0,2488.0,2497.0,1052.0,1052.0,1062.0
10744.0,2530.0,2498.0,2523.0,1063.0,1068.0,1062.0
10630.0,2483.0,2470.0,2503.0,1048.0,1065.0,1061.0
10547.0,2514.0,2434.0,2427.0,1050.0,1065.0,1057.0
10568.0,2477.0,2470.0,2469.0,1045.0,1051.0,1056.0
10529.0,2455.0,2457.0,2454.0,1049.0,1066.0,1048.0
10338.0,2419.0,2419.0,2415.0,1029.0,1036.0,1020.0
10384.0,2438.0,2384.0,2441.0,1041.0,1039.0,1041.0
10517.0,2459.0,2428.0,2475.0,1045.0,1053.0,1057.0
10643.0,2487.0,2481.0,2488.0,1059.0,1073.0,1055.0
10482.0,2444.0,2427.0,2449.0,1043.0,1055.0,1064.0
10515.0,2436.0,2465.0,2466.0,1050.0,1052.0,1046.0
10613.0,2476.0,2455.0,2505.0,1052.0,1073.0,1052.0
10576.0,2450.0,2477.0,2451.0,1068.0,1080.0,1050.0
10618.0,2469.0,2494.0,2476.0,1055.0,1067.0,1057.0
10564.0,2454.0,2486.0,2457.0,1063.0,1056.0,1048.0
10744.0,2497.0,2519.0,2505.0,1063.0,1086.0,1074.0
10683.0,2491.0,2496.0,2505.0,1071.0,1066.0,1054.0
10837.0,2539.0,2531.0,2522.0,1090.0,1078.0,1077.0
10681.0,2486.0,2493.0,2479.0,1076.0,1084.0,1063.0
10529.0,2488.0,2436.0,2452.0,1060.0,1049.0,1044.0
10630.0,2483.0,2473.0,2468.0,1072.0,1068.0,1066.0
10909.0,2556.0,2547.0,2535.0,1087.0,1099.0,1085.0
10803.0,2533.0,2531.0,2489.0,1095.0,1085.0,1070.0
10778.0,2516.0,2541.0,2502.0,1072.0,1080.0,1067.0
10757.0,2522.0,2520.0,2485.0,1093.0,1083.0,1054.0
10694.0,2510.0,2490.0,2489.0,1068.0,1065.0,1072.0
10860.0,2551.0,2556.0,2501.0,1089.0,1088.0,1075.0
10819.0,2557.0,2536.0,2497.0,1078.0,1079.0,1072.0
10769.0,2525.0,2499.0,2489.0,1083.0,1089.0,1084.0
10707.0,2510.0,2488.0,2488.0,1072.0,1078.0,1071.0
10857.0,2496.0,2541.0,2533.0,1096.0,1100.0,1091.0
10738.0,2505.0,2524.0,2494.0,1078.0,1074.0,1063.0
10765.0,2490.0,2516.0,2517.0,1082.0,1088.0,1072.0
10679.0,2472.0,2506.0,2477.0,1081.0,1077.0,1066.0
10792.0,2507.0,2516.0,2519.0,1090.0,1080.0,1080.0
10721.0,2502.0,2508.0,2490.0,1084.0,1070.0,1067.0
10656.0,2478.0,2482.0,2482.0,1077.0,1068.0,1069.0
10752.0,2489.0,2507.0,2522.0,1075.0,1089.0,1070.0
10831.0,2511.0,2531.0,2528.0,1099.0,1086.0,1076.0
10815.0,2514.0,2495.0,2539.0,1096.0,1079.0,1092.0
10867.0,2532.0,2510.0,2541.0,1102.0,1085.0,1097.0
10731.0,2492.0,2466.0,2548.0,1070.0,1075.0,1080.0
10756.0,2493.0,2503.0,2513.0,1080.0,1087.0,1080.0
10845.0,2537.0,2526.0,2537.0,1079.0,1077.0,1089.0
10814.0,2528.0,2508.0,2542.0,1081.0,1079.0,1076.0
10694.0,2498.0,2482.0,2511.0,1067.0,1063.0,1073.0
10810.0,2517.0,2506.0,2533.0,1076.0,1087.0,1091.0
10660.0,2518.0,2455.0,2500.0,1063.0,1055.0,1069.0
10610.0,2476.0,2471.0,2487.0,1058.0,1056.0,1062.0
10715.0,2517.0,2490.0,2505.0,1069.0,1059.0,1075.0
10718.0,2488.0,2503.0,2524.0,1072.0,1054.0,1077.0
10797.0,2537.0,2525.0,2497.0,1088.0,1068.0,1082.0
10631.0,2498.0,2471.0,2493.0,1054.0,1045.0,1070.0
10554.0,2461.0,2445.0,2469.0,1061.0,1062.0,1056.0
10644.0,2502.0,2492.0,2454.0,1058.0,1062.0,1076.0
10650.0,2473.0,2485.0,2509.0,1050.0,1052.0,1081.0
10707.0,2500.0,2494.0,2507.0,1066.0,1065.0,1075.0
10538.0,2445.0,2452.0,2475.0,1055.0,1048.0,1063.0
10630.0,2478.0,2497.0,2469.0,1052.0,1064.0,1070.0
10739.0,2516.0,2517.0,2495.0,1061.0,1061.0,1089.0
10783.0,2494.0,2529.0,2521.0,1075.0,1083.0,1081.0
10531.0,2453.0,2473.0,2447.0,1055.0,1040.0,1063.0
10714.0,2491.0,2507.0,2518.0,1058.0,1060.0,1080.0
10624.0,2442.0,2498.0,2472.0,1061.0,1076.0,1075.0
10788.0,2510.0,2527.0,2506.0,1080.0,1083.0,1082.0
10687.0,2478.0,2504.0,2485.0,1068.0,1072.0,1080.0
10738.0,2498.0,2485.0,2522.0,1074.0,1077.0,1082.0
10614.0,2443.0,2521.0,2450.0,1068.0,1062.0,1070.0
10749.0,2495.0,2528.0,2487.0,1079.0,1084.0,1076.0
10815.0,2510.0,2531.0,2531.0,1083.0,1079.0,1081.0
10722.0,2503.0,2498.0,2495.0,1071.0,1073.0,1082.0
10710.0,2490.0,2497.0,2488.0,1081.0,1083.0,1071.0
10840.0,2519.0,2551.0,2493.0,1082.0,1101.0,1094.0
10765.0,2513.0,2513.0,2517.0,1073.0,1072.0,1077.0
10883.0,2547.0,2544.0,2532.0,1083.0,1092.0,1085.0
10932.0,2563.0,2536.0,2560.0,1089.0,1097.0,1087.0
10863.0,2541.0,2530.0,2526.0,1087.0,1093.0,1086.0
10903.0,2560.0,2542.0,2542.0,1087.0,1089.0,1083.0
10762.0,2513.0,2498.0,2504.0,1085.0,1077.0,1085.0
10767.0,2526.0,2497.0,2514.0,1078.0,1083.0,1069.0
10938.0,2573.0,2509.0,2552.0,1109.0,1091.0,1104.0
10790.0,2524.0,2518.0,2497.0,1091.0,1083.0,1077.0
10810.0,2520.0,2515.0,2531.0,1087.0,1087.0,1070.0
10897.0,2559.0,2534.0,2528.0,1095.0,1108.0,1073.0
10774.0,2505.0,2482.0,2530.0,1084.0,1095.0,1078.0
10933.0,2529.0,2544.0,2563.0,1110.0,1097.0,1090.0
10959.0,2521.0,2545.0,2574.0,1112.0,1117.0,1090.0
10935.0,2532.0,2538.0,2551.0,1109.0,1109.0,1096.0
10854.0,2509.0,2513.0,2574.0,1093.0,1086.0,1079.0
10681.0,2470.0,2482.0,2515.0,1072.0,1080.0,1062.0
10710.0,2515.0,2489.0,2512.0,1068.0,1069.0,1057.0
10915.0,2517.0,2558.0,2556.0,1093.0,1099.0,1092.0
10781.0,2486.0,2521.0,2521.0,1097.0,1087.0,1069.0
10875.0,2521.0,2550.0,2550.0,1086.0,1093.0,1075.0
10937.0,2553.0,2562.0,2548.0,1093.0,1095.0,1086.0
10763.0,2496.0,2513.0,2516.0,1081.0,1090.0,1067.0
10972.0,2557.0,2562.0,2565.0,1108.0,1096.0,1084.0
10880.0,2534.0,2528.0,2557.0,1091.0,1096.0,1074.0
10894.0,2535.0,2556.0,2553.0,1089.0,1089.0,1072.0
10776.0,2516.0,2505.0,2526.0,1087.0,1083.0,1059.0
10848.0,2517.0,2549.0,2536.0,1085.0,1083.0,1078.0
10871.0,2517.0,2570.0,2530.0,1084.0,1096.0,1074.0
10661.0,2502.0,2509.0,2448.0,1059.0,1073.0,1070.0
10688.0,2512.0,2481.0,2495.0,1057.0,1065.0,1078.0
10815.0,2536.0,2539.0,2498.0,1084.0,1079.0,1079.0
10824.0,2522.0,2530.0,2521.0,1094.0,1080.0,1077.0
10635.0,2479.0,2493.0,2481.0,1065.0,1064.0,1053.0
10878.0,2569.0,2534.0,2517.0,1084.0,1090.0,1084.0
10709.0,2489.0,2508.0,2497.0,1070.0,1076.0,1069.0
10647.0,2496.0,2475.0,2502.0,1047.0,1062.0,1065.0
10659.0,2485.0,2493.0,2479.0,1054.0,1074.0,1074.0
10765.0,2520.0,2512.0,2502.0,1082.0,1071.0,1078.0
10718.0,2486.0,2508.0,2506.0,1078.0,1062.0,1078.0
10713.0,2516.0,2491.0,2487.0,1065.0,1079.0,1075.0
10721.0,2492.0,2510.0,2491.0,1074.0,1078.0,1076.0
10967.0,2558.0,2543.0,2558.0,1109.0,1092.0,1107.0
10828.0,2533.0,2507.0,2530.0,1081.0,1086.0,1091.0
10955.0,2584.0,2543.0,2545.0,1098.0,1087.0,1098.0
10852.0,2554.0,2517.0,2527.0,1089.0,1082.0,1083.0
10665.0,2484.0,2487.0,2487.0,1064.0,1067.0,1076.0
10887.0,2557.0,2553.0,2543.0,1071.0,1075.0,1088.0
10790.0,2503.0,2518.0,2523.0,1067.0,1086.0,1093.0
10848.0,2523.0,2522.0,2561.0,1081.0,1076.0,1085.0
10820.0,2543.0,2534.0,2500.0,1074.0,1072.0,1097.0
10857.0,2530.0,2546.0,2528.0,1079.0,1082.0,1092.0
11016.0,2580.0,2559.0,2562.0,1105.0,1100.0,1110.0
10849.0,2552.0,2528.0,2521.0,1080.0,1084.0,1084.0
10949.0,2574.0,2568.0,2542.0,1086.0,1087.0,1092.0
11110.0,2601.0,2585.0,2604.0,1113.0,1095.0,1112.0
10775.0,2548.0,2514.0,2476.0,1084.0,1063.0,1090.0
11014.0,2583.0,2558.0,2569.0,1091.0,1104.0,1109.0
11184.0,2612.0,2614.0,2620.0,1121.0,1102.0,1115.0
10940.0,2566.0,2561.0,2543.0,1087.0,1083.0,1100.0
11019.0,2603.0,2561.0,2543.0,1104.0,1097.0,1111.0
10948.0,2552.0,2547.0,2560.0,1098.0,1093.0,1098.0
11130.0,2599.0,2598.0,2592.0,1114.0,1102.0,1125.0
10971.0,2543.0,2589.0,2555.0,1099.0,1088.0,1097.0
10978.0,2547.0,2556.0,2587.0,1095.0,1094.0,1099.0
10919.0,2511.0,2585.0,2540.0,1084.0,1100.0,1099.0
10957.0,2550.0,2560.0,2567.0,1096.0,1090.0,1094.0
10921.0,2523.0,2548.0,2575.0,1097.0,1082.0,1096.0
10976.0,2528.0,2552.0,2591.0,1100.0,1100.0,1105.0
10898.0,2518.0,2556.0,2539.0,1097.0,1102.0,1086.0
11052.0,2557.0,2560.0,2592.0,1111.0,1116.0,1116.0
10984.0,2574.0,2548.0,2563.0,1105.0,1098.0,1096.0
10834.0,2519.0,2533.0,2522.0,1093.0,1079.0,1088.0
11018.0,2593.0,2542.0,2566.0,1113.0,1102.0,1102.0
10973.0,2540.0,2561.0,2562.0,1108.0,1102.0,1100.0
10769.0,2510.0,2494.0,2522.0,1085.0,1075.0,1083.0
10891.0,2562.0,2540.0,2535.0,1085.0,1084.0,1085.0
10983.0,2549.0,2526.0,2589.0,1104.0,1109.0,1106.0
10998.0,2569.0,2563.0,2562.0,1108.0,1094.0,1102.0
11075.0,2602.0,2587.0,2557.0,1109.0,1110.0,1110.0
10818.0,2528.0,2518.0,2522.0,1075.0,1084.0,1091.0
10927.0,2556.0,2535.0,2552.0,1095.0,1103.0,1086.0
10836.0,2554.0,2511.0,2512.0,1086.0,1099.0,1074.0
10902.0,2556.0,2518.0,2559.0,1090.0,1095.0,1084.0
10866.0,2546.0,2517.0,2537.0,1089.0,1099.0,1078.0
10916.0,2579.0,2555.0,2504.0,1089.0,1099.0,1090.0
11084.0,2606.0,2581.0,2588.0,1103.0,1102.0,1104.0
10856.0,2561.0,2521.0,2519.0,1087.0,1097.0,1071.0
11046.0,2601.0,2587.0,2544.0,1105.0,1112.0,1097.0
10756.0,2514.0,2507.0,2491.0,1083.0,1087.0,1074.0
10830.0,2521.0,2524.0,2530.0,1077.0,1096.0,1082.0
10921.0,2565.0,2551.0,2537.0,1080.0,1102.0,1086.0
10890.0,2542.0,2568.0,2519.0,1089.0,1087.0,1085.0
10930.0,2537.0,2569.0,2543.0,1090.0,1106.0,1085.0
10766.0,2486.0,2510.0,2519.0,1078.0,1090.0,1083.0
10892.0,2550.0,2569.0,2518.0,1087.0,1095.0,1073.0
10954.0,2560.0,2561.0,2549.0,1103.0,1093.0,1088.0
11030.0,2555.0,2593.0,2592.0,1084.0,1103.0,1103.0
10991.0,2554.0,2583.0,2576.0,1085.0,1096.0,1097.0
10829.0,2527.0,2558.0,2525.0,1070.0,1085.0,1064.0
10882.0,2519.0,2555.0,2542.0,1082.0,1094.0,1090.0
11045.0,2591.0,2591.0,2580.0,1093.0,1101.0,1089.0
10992.0,2573.0,2579.0,2559.0,1088.0,1090.0,1103.0
11127.0,2585.0,2615.0,2603.0,1107.0,1109.0,1108.0
10958.0,2568.0,2550.0,2569.0,1091.0,1087.0,1093.0
11042.0,2582.0,2571.0,2594.0,1097.0,1094.0,1104.0
11120.0,2600.0,2569.0,2615.0,1112.0,1115.0,1109.0
11057.0,2589.0,2603.0,2570.0,1102.0,1097.0,1096.0
11007.0,2558.0,2572.0,2578.0,1104.0,1102.0,1093.0
11067.0,2596.0,2575.0,2586.0,1104.0,1099.0,1107.0
11156.0,2629.0,2600.0,2607.0,1092.0,1103.0,1125.0
11115.0,2605.0,2573.0,2613.0,1115.0,1091.0,1118.0
11138.0,2599.0,2591.0,2629.0,1104.0,1107.0,1108.0
11123.0,2600.0,2590.0,2622.0,1097.0,1109.0,1105.0
10943.0,2564.0,2533.0,2567.0,1101.0,1095.0,1083.0
11204.0,2620.0,2617.0,2631.0,1118.0,1106.0,1112.0
11191.0,2612.0,2603.0,2621.0,1119.0,1120.0,1116.0
11106.0,2573.0,2579.0,2617.0,1122.0,1107.0,1108.0
11078.0,2588.0,2569.0,2595.0,1117.0,1100.0,1109.0
11045.0,2556.0,2582.0,2591.0,1104.0,1105.0,1107.0
11083.0,2576.0,2566.0,2614.0,1124.0,1100.0,1103.0
11044.0,2564.0,2570.0,2580.0,1123.0,1102.0,1105.0
11002.0,2563.0,2566.0,2557.0,1098.0,1101.0,1117.0
10985.0,2537.0,2559.0,2570.0,1108.0,1095.0,1116.0
11014.0,2564.0,2555.0,2578.0,1096.0,1096.0,1125.0
10976.0,2594.0,2548.0,2551.0,1100.0,1085.0,1098.0
11083.0,2553.0,2567.0,2609.0,1117.0,1113.0,1124.0
11060.0,2584.0,2577.0,2583.0,1115.0,1093.0,1108.0
11060.0,2592.0,2559.0,2578.0,1108.0,1099.0,1124.0
10804.0,2526.0,2541.0,2504.0,1080.0,1066.0,1087.0
11142.0,2606.0,2595.0,2599.0,1120.0,1104.0,1118.0
11077.0,2578.0,2587.0,2574.0,1118.0,1104.0,1116.0
10893.0,2581.0,2544.0,2506.0,1091.0,1083.0,1088.0
11164.0,2616.0,2615.0,2577.0,1121.0,1109.0,1126.0
11108.0,2606.0,2594.0,2571.0,1109.0,1117.0,1111.0
11024.0,2579.0,2583.0,2555.0,1102.0,1098.0,1107.0
10941.0,2570.0,2534.0,2533.0,1098.0,1094.0,1112.0
11093.0,2583.0,2591.0,2578.0,1113.0,1107.0,1121.0
11066.0,2599.0,2599.0,2538.0,1113.0,1107.0,1110.0
11027.0,2560.0,2579.0,2558.0,1104.0,1119.0,1107.0
10953.0,2546.0,2582.0,2531.0,1099.0,1102.0,1093.0
10967.0,2565.0,2557.0,2543.0,1090.0,1101.0,1111.0
10956.0,2561.0,2572.0,2531.0,1087.0,1099.0,1106.0
11042.0,2576.0,2554.0,2583.0,1104.0,1112.0,1113.0
10878.0,2540.0,2522.0,2533.0,1078.0,1098.0,1107.0
11007.0,2543.0,2567.0,2563.0,1111.0,1120.0,1103.0
10989.0,2565.0,2546.0,2573.0,1097.0,1105.0,1103.0
10950.0,2556.0,2546.0,2558.0,1092.0,1101.0,1097.0
11088.0,2576.0,2580.0,2589.0,1110.0,1109.0,1124.0
11103.0,2573.0,2594.0,2611.0,1105.0,1120.0,1100.0
11044.0,2569.0,2564.0,2589.0,1105.0,1108.0,1109.0
11101.0,2577.0,2581.0,2619.0,1107.0,1102.0,1115.0
11160.0,2606.0,2591.0,2607.0,1112.0,1127.0,1117.0
11100.0,2594.0,2554.0,2619.0,1106.0,1115.0,1112.0
11197.0,2629.0,2606.0,2618.0,1117.0,1111.0,1116.0
10913.0,2545.0,2549.0,2536.0,1086.0,1097.0,1100.0
11096.0,2586.0,2572.0,2617.0,1103.0,1116.0,1102.0
11181.0,2597.0,2612.0,2611.0,1121.0,1126.0,1114.0
11208.0,2622.0,2602.0,2625.0,1116.0,1120.0,1123.0
