demand,Demand_Retailer_0,Demand_Retailer_1,Demand_Retailer_2,Demand_Retailer_3,Demand_Retailer_4,Demand_Retailer_5
1135.0,264.0,284.0,267.0,108.0,109.0,103.0
1015.0,241.0,254.0,242.0,95.0,94.0,89.0
1172.0,286.0,280.0,284.0,96.0,110.0,116.0
921.0,239.0,203.0,202.0,92.0,92.0,93.0
1020.0,246.0,257.0,235.0,101.0,82.0,99.0
1202.0,303.0,288.0,262.0,116.0,113.0,120.0
983.0,249.0,252.0,193.0,97.0,97.0,95.0
969.0,251.0,215.0,233.0,86.0,90.0,94.0
940.0,203.0,197.0,253.0,95.0,90.0,102.0
1120.0,229.0,255.0,289.0,116.0,118.0,113.0
885.0,194.0,175.0,239.0,87.0,90.0,100.0
1030.0,236.0,220.0,231.0,110.0,120.0,113.0
965.0,195.0,246.0,199.0,107.0,99.0,119.0
1066.0,239.0,238.0,261.0,104.0,116.0,108.0
992.0,226.0,226.0,219.0,103.0,98.0,120.0
1202.0,268.0,293.0,291.0,117.0,117.0,116.0
1052.0,244.0,248.0,236.0,98.0,106.0,120.0
991.0,231.0,234.0,225.0,101.0,100.0,100.0
1022.0,242.0,229.0,237.0,99.0,102.0,113.0
1074.0,249.0,264.0,245.0,109.0,103.0,104.0
1021.0,230.0,225.0,256.0,99.0,103.0,108.0
909.0,209.0,231.0,182.0,101.0,87.0,99.0
1076.0,223.0,274.0,276.0,94.0,108.0,101.0
1058.0,232.0,249.0,253.0,112.0,109.0,103.0
999.0,223.0,254.0,241.0,93.0,97.0,91.0
1071.0,243.0,249.0,256.0,113.0,103.0,107.0
945.0,212.0,220.0,222.0,96.0,100.0,95.0
1016.0,232.0,213.0,253.0,102.0,114.0,102.0
1190.0,284.0,256.0,283.0,121.0,123.0,123.0
1219.0,306.0,280.0,288.0,121.0,114.0,110.0
1330.0,315.0,311.0,310.0,134.0,127.0,133.0
1168.0,289.0,275.0,255.0,121.0,117.0,111.0
1011.0,244.0,240.0,229.0,104.0,102.0,92.0
1254.0,301.0,314.0,263.0,127.0,129.0,120.0
1182.0,272.0,279.0,278.0,118.0,120.0,115.0
1081.0,259.0,282.0,228.0,104.0,100.0,108.0
1112.0,257.0,271.0,261.0,107.0,108.0,108.0
1037.0,242.0,285.0,199.0,106.0,109.0,96.0
1040.0,253.0,259.0,224.0,101.0,100.0,103.0
1159.0,284.0,300.0,259.0,110.0,104.0,102.0
1064.0,236.0,270.0,244.0,107.0,99.0,108.0
1135.0,298.0,276.0,260.0,92.0,106.0,103.0
1067.0,275.0,212.0,273.0,109.0,93.0,105.0
979.0,254.0,201.0,239.0,99.0,91.0,95.0
962.0,234.0,210.0,222.0,103.0,103.0,90.0
912.0,215.0,194.0,222.0,91.0,99.0,91.0
1116.0,273.0,231.0,278.0,123.0,102.0,109.0
1051.0,261.0,219.0,246.0,100.0,107.0,118.0
1093.0,269.0,227.0,256.0,118.0,110.0,113.0
1130.0,262.0,258.0,273.0,116.0,118.0,103.0
987.0,227.0,233.0,236.0,100.0,98.0,93.0
960.0,199.0,246.0,209.0,99.0,109.0,98.0
1133.0,259.0,245.0,264.0,125.0,120.0,120.0
1192.0,278.0,301.0,256.0,122.0,114.0,121.0
1096.0,247.0,257.0,243.0,109.0,116.0,124.0
1203.0,289.0,284.0,267.0,117.0,124.0,122.0
1358.0,318.0,342.0,303.0,137.0,125.0,133.0
1282.0,302.0,312.0,278.0,129.0,131.0,130.0
1268.0,288.0,291.0,297.0,114.0,132.0,146.0
1176.0,264.0,300.0,262.0,110.0,119.0,121.0
1134.0,252.0,296.0,247.0,99.0,108.0,132.0
1080.0,223.0,260.0,275.0,104.0,120.0,98.0
1293.0,314.0,306.0,295.0,133.0,128.0,117.0
1083.0,243.0,238.0,262.0,106.0,109.0,125.0
1135.0,264.0,251.0,285.0,105.0,114.0,116.0
1131.0,261.0,242.0,289.0,110.0,111.0,118.0
1206.0,312.0,244.0,298.0,114.0,122.0,116.0
1219.0,315.0,256.0,307.0,111.0,106.0,124.0
1113.0,281.0,240.0,282.0,100.0,105.0,105.0
1131.0,252.0,254.0,287.0,108.0,112.0,118.0
1139.0,274.0,252.0,281.0,120.0,113.0,99.0
1156.0,280.0,260.0,295.0,102.0,104.0,115.0
1055.0,244.0,264.0,251.0,104.0,93.0,99.0
1157.0,243.0,299.0,278.0,126.0,100.0,111.0
1090.0,260.0,299.0,225.0,108.0,100.0,98.0
1004.0,206.0,246.0,239.0,103.0,104.0,106.0
1100.0,232.0,274.0,256.0,120.0,111.0,107.0
1246.0,302.0,306.0,260.0,127.0,129.0,122.0
1171.0,269.0,264.0,267.0,132.0,127.0,112.0
1068.0,290.0,238.0,235.0,106.0,107.0,92.0
1302.0,312.0,304.0,285.0,138.0,137.0,126.0
1123.0,269.0,267.0,240.0,122.0,117.0,108.0
1146.0,281.0,290.0,230.0,121.0,118.0,106.0
1179.0,279.0,252.0,261.0,125.0,138.0,124.0
1193.0,263.0,286.0,279.0,117.0,130.0,118.0
1118.0,274.0,246.0,244.0,114.0,127.0,113.0
1180.0,282.0,257.0,294.0,107.0,123.0,117.0
1298.0,308.0,311.0,299.0,123.0,129.0,128.0
1235.0,268.0,295.0,294.0,128.0,127.0,123.0
1276.0,297.0,314.0,298.0,118.0,121.0,128.0
1285.0,288.0,282.0,330.0,129.0,130.0,126.0
1410.0,329.0,335.0,321.0,138.0,138.0,149.0
1102.0,246.0,246.0,274.0,101.0,122.0,113.0
1193.0,277.0,280.0,268.0,112.0,132.0,124.0
1255.0,300.0,262.0,318.0,119.0,130.0,126.0
1283.0,316.0,304.0,297.0,123.0,122.0,121.0
1053.0,250.0,236.0,263.0,100.0,101.0,103.0
1278.0,285.0,310.0,306.0,111.0,125.0,141.0
986.0,212.0,236.0,232.0,95.0,107.0,104.0
1057.0,229.0,236.0,282.0,113.0,95.0,102.0
954.0,230.0,207.0,217.0,99.0,99.0,102.0
1045.0,250.0,218.0,247.0,111.0,104.0,115.0
1069.0,242.0,222.0,277.0,108.0,108.0,112.0
1256.0,285.0,302.0,271.0,138.0,122.0,138.0
1104.0,282.0,241.0,254.0,120.0,100.0,107.0
1201.0,272.0,269.0,298.0,131.0,117.0,114.0
1369.0,313.0,310.0,332.0,143.0,136.0,135.0
1363.0,345.0,319.0,287.0,152.0,123.0,137.0
1202.0,264.0,294.0,274.0,128.0,114.0,128.0
1371.0,330.0,337.0,314.0,138.0,123.0,129.0
1143.0,254.0,282.0,255.0,123.0,118.0,111.0
1322.0,313.0,313.0,306.0,136.0,127.0,127.0
1266.0,277.0,302.0,314.0,133.0,126.0,114.0
1425.0,319.0,318.0,367.0,150.0,129.0,142.0
1246.0,284.0,290.0,297.0,130.0,124.0,121.0
1377.0,291.0,324.0,343.0,139.0,148.0,132.0
1377.0,323.0,298.0,338.0,144.0,144.0,130.0
1203.0,286.0,273.0,307.0,111.0,115.0,111.0
1261.0,305.0,293.0,290.0,119.0,139.0,115.0
1277.0,321.0,296.0,287.0,130.0,128.0,115.0
1148.0,304.0,226.0,275.0,107.0,123.0,113.0
1128.0,286.0,233.0,284.0,98.0,119.0,108.0
1216.0,303.0,278.0,285.0,115.0,117.0,118.0
1105.0,246.0,274.0,245.0,109.0,120.0,111.0
1100.0,258.0,256.0,235.0,103.0,121.0,127.0
1123.0,237.0,290.0,255.0,101.0,122.0,118.0
1210.0,247.0,302.0,276.0,124.0,121.0,140.0
1172.0,277.0,287.0,260.0,110.0,123.0,115.0
1041.0,229.0,251.0,245.0,110.0,99.0,107.0
1163.0,254.0,281.0,254.0,124.0,120.0,130.0
1148.0,259.0,264.0,258.0,120.0,124.0,123.0
1335.0,319.0,315.0,298.0,134.0,139.0,130.0
1466.0,353.0,364.0,307.0,148.0,145.0,149.0
1428.0,355.0,328.0,310.0,152.0,138.0,145.0
1292.0,309.0,310.0,279.0,146.0,124.0,124.0
1391.0,346.0,302.0,332.0,134.0,133.0,144.0
1310.0,321.0,270.0,327.0,130.0,125.0,137.0
1484.0,355.0,319.0,380.0,143.0,133.0,154.0
1137.0,225.0,242.0,305.0,121.0,125.0,119.0
1356.0,308.0,319.0,339.0,134.0,117.0,139.0
1472.0,332.0,326.0,353.0,155.0,155.0,151.0
1421.0,319.0,333.0,352.0,145.0,141.0,131.0
1436.0,327.0,330.0,358.0,145.0,145.0,131.0
1247.0,303.0,290.0,271.0,134.0,125.0,124.0
1405.0,332.0,342.0,312.0,145.0,138.0,136.0
1306.0,307.0,320.0,298.0,124.0,124.0,133.0
1138.0,243.0,278.0,294.0,108.0,106.0,109.0
1226.0,298.0,300.0,282.0,106.0,117.0,123.0
1180.0,278.0,299.0,233.0,124.0,131.0,115.0
1202.0,299.0,299.0,252.0,110.0,129.0,113.0
1353.0,300.0,343.0,313.0,127.0,135.0,135.0
1240.0,284.0,292.0,289.0,123.0,129.0,123.0
1298.0,288.0,307.0,312.0,126.0,146.0,119.0
1186.0,264.0,263.0,287.0,119.0,126.0,127.0
1163.0,264.0,263.0,286.0,118.0,120.0,112.0
1265.0,279.0,300.0,286.0,129.0,139.0,132.0
1254.0,295.0,303.0,286.0,111.0,141.0,118.0
1173.0,288.0,250.0,266.0,123.0,130.0,116.0
1286.0,302.0,263.0,314.0,135.0,147.0,125.0
1373.0,313.0,317.0,310.0,154.0,145.0,134.0
1358.0,327.0,296.0,331.0,128.0,141.0,135.0
1492.0,352.0,336.0,366.0,147.0,152.0,139.0
1485.0,324.0,370.0,364.0,149.0,144.0,134.0
1553.0,348.0,321.0,415.0,167.0,150.0,152.0
1421.0,334.0,313.0,334.0,155.0,149.0,136.0
1566.0,353.0,376.0,365.0,173.0,146.0,153.0
1433.0,315.0,351.0,340.0,150.0,138.0,139.0
1226.0,250.0,311.0,308.0,124.0,109.0,124.0
1430.0,342.0,333.0,333.0,147.0,130.0,145.0
1499.0,355.0,354.0,339.0,150.0,147.0,154.0
1304.0,334.0,304.0,267.0,137.0,124.0,138.0
1258.0,310.0,264.0,297.0,126.0,121.0,140.0
1317.0,340.0,299.0,283.0,137.0,117.0,141.0
1239.0,320.0,269.0,260.0,123.0,128.0,139.0
1154.0,298.0,227.0,267.0,121.0,117.0,124.0
1188.0,283.0,252.0,284.0,115.0,124.0,130.0
1231.0,281.0,288.0,285.0,118.0,123.0,136.0
1189.0,285.0,268.0,259.0,121.0,123.0,133.0
1201.0,252.0,292.0,273.0,116.0,127.0,141.0
1268.0,280.0,301.0,308.0,129.0,123.0,127.0
1273.0,284.0,330.0,281.0,124.0,126.0,128.0
1386.0,302.0,339.0,313.0,132.0,150.0,150.0
1463.0,342.0,350.0,329.0,149.0,150.0,143.0
1566.0,358.0,391.0,372.0,141.0,152.0,152.0
1527.0,348.0,375.0,378.0,144.0,140.0,142.0
1426.0,353.0,330.0,334.0,125.0,148.0,136.0
1482.0,344.0,353.0,338.0,140.0,157.0,150.0
1418.0,356.0,317.0,332.0,141.0,139.0,133.0
1365.0,321.0,312.0,328.0,124.0,154.0,126.0
1418.0,306.0,335.0,338.0,146.0,161.0,132.0
1312.0,273.0,306.0,323.0,150.0,145.0,115.0
1385.0,305.0,322.0,319.0,154.0,146.0,139.0
1379.0,335.0,297.0,310.0,148.0,146.0,143.0
1404.0,322.0,326.0,314.0,165.0,138.0,139.0
1329.0,308.0,304.0,307.0,141.0,139.0,130.0
1471.0,359.0,335.0,327.0,159.0,144.0,147.0
1461.0,332.0,350.0,351.0,149.0,141.0,138.0
1381.0,331.0,338.0,307.0,156.0,126.0,123.0
1427.0,340.0,354.0,322.0,141.0,137.0,133.0
1437.0,351.0,334.0,330.0,149.0,134.0,139.0
1291.0,299.0,332.0,268.0,133.0,130.0,129.0
1495.0,353.0,348.0,343.0,148.0,147.0,156.0
1464.0,313.0,375.0,347.0,136.0,145.0,148.0
1348.0,321.0,317.0,321.0,132.0,120.0,137.0
1265.0,310.0,296.0,272.0,136.0,128.0,123.0
1345.0,301.0,327.0,310.0,127.0,137.0,143.0
1289.0,296.0,303.0,314.0,125.0,125.0,126.0
1315.0,285.0,322.0,324.0,121.0,128.0,135.0
1311.0,308.0,294.0,316.0,125.0,125.0,143.0
1457.0,363.0,303.0,365.0,137.0,141.0,148.0
1345.0,326.0,298.0,320.0,134.0,131.0,136.0
1516.0,396.0,336.0,379.0,133.0,135.0,137.0
1577.0,376.0,346.0,375.0,153.0,154.0,173.0
1373.0,340.0,310.0,304.0,136.0,135.0,148.0
1433.0,345.0,319.0,340.0,131.0,148.0,150.0
1451.0,339.0,333.0,337.0,150.0,142.0,150.0
1428.0,329.0,342.0,313.0,149.0,147.0,148.0
1528.0,340.0,333.0,399.0,145.0,158.0,153.0
1582.0,349.0,398.0,337.0,168.0,164.0,166.0
1580.0,396.0,372.0,350.0,151.0,161.0,150.0
1487.0,335.0,344.0,359.0,154.0,141.0,154.0
1405.0,291.0,365.0,313.0,153.0,137.0,146.0
1384.0,323.0,345.0,302.0,144.0,148.0,122.0
1323.0,335.0,312.0,267.0,140.0,134.0,135.0
1346.0,328.0,313.0,309.0,142.0,134.0,120.0
1440.0,359.0,324.0,340.0,137.0,146.0,134.0
1386.0,349.0,328.0,302.0,132.0,146.0,129.0
1363.0,321.0,310.0,333.0,128.0,141.0,130.0
1344.0,302.0,307.0,343.0,137.0,131.0,124.0
1468.0,328.0,324.0,378.0,149.0,140.0,149.0
1403.0,308.0,316.0,362.0,137.0,143.0,137.0
1473.0,310.0,353.0,364.0,140.0,155.0,151.0
1456.0,342.0,329.0,360.0,140.0,144.0,141.0
1402.0,344.0,332.0,326.0,129.0,138.0,133.0
1498.0,332.0,350.0,372.0,145.0,159.0,140.0
1450.0,327.0,365.0,346.0,134.0,135.0,143.0
1445.0,332.0,348.0,330.0,151.0,141.0,143.0
1639.0,387.0,388.0,392.0,156.0,159.0,157.0
1451.0,329.0,358.0,326.0,142.0,148.0,148.0
1435.0,335.0,361.0,333.0,141.0,131.0,134.0
1483.0,373.0,359.0,329.0,137.0,129.0,156.0
1538.0,349.0,379.0,344.0,149.0,158.0,159.0
1527.0,369.0,362.0,338.0,145.0,149.0,164.0
1521.0,348.0,344.0,369.0,158.0,145.0,157.0
1512.0,369.0,351.0,342.0,152.0,148.0,150.0
1392.0,327.0,312.0,323.0,141.0,148.0,141.0
1425.0,334.0,322.0,327.0,150.0,146.0,146.0
1609.0,403.0,363.0,362.0,170.0,152.0,159.0
1601.0,376.0,365.0,383.0,154.0,163.0,160.0
1462.0,342.0,328.0,345.0,148.0,134.0,165.0
1518.0,369.0,341.0,340.0,148.0,152.0,168.0
1487.0,359.0,322.0,344.0,160.0,144.0,158.0
1508.0,373.0,326.0,361.0,149.0,151.0,148.0
1366.0,309.0,334.0,306.0,137.0,135.0,145.0
1402.0,318.0,337.0,322.0,144.0,138.0,143.0
1463.0,336.0,353.0,348.0,141.0,141.0,144.0
1412.0,301.0,325.0,338.0,151.0,154.0,143.0
1497.0,324.0,350.0,373.0,143.0,145.0,162.0
1482.0,318.0,355.0,353.0,149.0,162.0,145.0
1704.0,415.0,394.0,387.0,169.0,175.0,164.0
1573.0,363.0,358.0,375.0,160.0,152.0,165.0
1471.0,345.0,351.0,343.0,145.0,146.0,141.0
1568.0,371.0,365.0,346.0,139.0,176.0,171.0
1646.0,393.0,354.0,408.0,159.0,168.0,164.0
1638.0,407.0,350.0,395.0,160.0,164.0,162.0
1559.0,393.0,336.0,357.0,158.0,161.0,154.0
1381.0,335.0,313.0,313.0,145.0,139.0,136.0
1516.0,368.0,364.0,341.0,141.0,147.0,155.0
1593.0,353.0,388.0,369.0,154.0,160.0,169.0
1562.0,356.0,354.0,357.0,162.0,175.0,158.0
1636.0,408.0,391.0,362.0,171.0,153.0,151.0
1629.0,381.0,395.0,387.0,154.0,151.0,161.0
1493.0,343.0,361.0,353.0,156.0,138.0,142.0
1505.0,341.0,363.0,361.0,147.0,145.0,148.0
1795.0,397.0,449.0,426.0,176.0,171.0,176.0
1572.0,377.0,375.0,364.0,159.0,148.0,149.0
1451.0,346.0,352.0,342.0,147.0,132.0,132.0
1490.0,345.0,346.0,350.0,149.0,146.0,154.0
1480.0,326.0,337.0,378.0,154.0,136.0,149.0
1539.0,385.0,336.0,348.0,155.0,159.0,156.0
1528.0,355.0,343.0,366.0,166.0,146.0,152.0
1452.0,327.0,315.0,355.0,160.0,144.0,151.0
1600.0,365.0,355.0,368.0,178.0,162.0,172.0
1543.0,339.0,355.0,374.0,161.0,155.0,159.0
1500.0,306.0,341.0,390.0,156.0,154.0,153.0
1520.0,344.0,368.0,365.0,141.0,141.0,161.0
1486.0,335.0,337.0,362.0,149.0,144.0,159.0
1688.0,386.0,400.0,386.0,158.0,189.0,169.0
1499.0,358.0,359.0,319.0,141.0,158.0,164.0
1740.0,427.0,381.0,392.0,182.0,183.0,175.0
1498.0,361.0,338.0,329.0,150.0,158.0,162.0
1575.0,366.0,365.0,361.0,152.0,166.0,165.0
1687.0,399.0,397.0,385.0,156.0,184.0,166.0
1713.0,405.0,429.0,374.0,156.0,178.0,171.0
1648.0,363.0,392.0,368.0,166.0,178.0,181.0
1566.0,364.0,383.0,343.0,154.0,163.0,159.0
1607.0,357.0,386.0,363.0,150.0,172.0,179.0
1567.0,351.0,401.0,343.0,153.0,164.0,155.0
1706.0,374.0,389.0,415.0,175.0,176.0,177.0
1507.0,364.0,333.0,373.0,153.0,140.0,144.0
1471.0,375.0,335.0,316.0,146.0,155.0,144.0
1515.0,371.0,335.0,368.0,152.0,141.0,148.0
1377.0,357.0,281.0,323.0,150.0,132.0,134.0
1451.0,301.0,331.0,379.0,157.0,145.0,138.0
1553.0,372.0,336.0,373.0,157.0,161.0,154.0
1566.0,369.0,356.0,387.0,167.0,144.0,143.0
1462.0,343.0,332.0,364.0,150.0,129.0,144.0
1647.0,361.0,396.0,390.0,174.0,162.0,164.0
1519.0,343.0,381.0,357.0,154.0,146.0,138.0
1665.0,376.0,406.0,396.0,175.0,154.0,158.0
1582.0,352.0,397.0,370.0,178.0,139.0,146.0
1625.0,369.0,385.0,382.0,166.0,157.0,166.0
1524.0,364.0,345.0,358.0,162.0,154.0,141.0
1653.0,389.0,401.0,364.0,161.0,177.0,161.0
1783.0,435.0,424.0,395.0,177.0,184.0,168.0
1518.0,372.0,370.0,327.0,150.0,149.0,150.0
1804.0,427.0,436.0,398.0,182.0,176.0,185.0
1651.0,389.0,378.0,373.0,166.0,174.0,171.0
1784.0,404.0,407.0,425.0,184.0,179.0,185.0
1709.0,411.0,402.0,382.0,168.0,171.0,175.0
1664.0,385.0,363.0,386.0,163.0,187.0,180.0
1595.0,361.0,364.0,371.0,164.0,170.0,165.0
1591.0,355.0,382.0,372.0,151.0,164.0,167.0
1686.0,380.0,404.0,402.0,159.0,181.0,160.0
1679.0,389.0,388.0,402.0,155.0,167.0,178.0
1646.0,373.0,376.0,420.0,148.0,172.0,157.0
1729.0,413.0,399.0,400.0,170.0,176.0,171.0
1711.0,398.0,405.0,396.0,155.0,174.0,183.0
1518.0,372.0,327.0,355.0,155.0,155.0,154.0
1610.0,364.0,380.0,381.0,153.0,164.0,168.0
1420.0,338.0,345.0,312.0,141.0,144.0,140.0
1551.0,348.0,367.0,359.0,156.0,159.0,162.0
1636.0,381.0,388.0,368.0,166.0,172.0,161.0
1525.0,338.0,356.0,350.0,159.0,161.0,161.0
1635.0,378.0,369.0,385.0,175.0,156.0,172.0
1650.0,374.0,409.0,379.0,170.0,157.0,161.0
1591.0,372.0,371.0,356.0,170.0,160.0,162.0
1633.0,367.0,361.0,388.0,185.0,160.0,172.0
1727.0,412.0,411.0,384.0,185.0,159.0,176.0
1594.0,369.0,373.0,362.0,170.0,154.0,166.0
1734.0,401.0,381.0,419.0,179.0,177.0,177.0
1700.0,408.0,391.0,404.0,169.0,170.0,158.0
1822.0,457.0,429.0,413.0,179.0,175.0,169.0
1893.0,462.0,454.0,433.0,185.0,184.0,175.0
1739.0,409.0,370.0,435.0,178.0,172.0,175.0
1868.0,409.0,444.0,464.0,197.0,181.0,173.0
1797.0,405.0,431.0,431.0,183.0,176.0,171.0
1643.0,374.0,402.0,392.0,161.0,154.0,160.0
1887.0,437.0,451.0,464.0,179.0,174.0,182.0
1730.0,400.0,420.0,405.0,163.0,170.0,172.0
1613.0,348.0,385.0,415.0,133.0,163.0,169.0
1631.0,408.0,358.0,383.0,150.0,171.0,161.0
1713.0,398.0,407.0,403.0,170.0,173.0,162.0
1570.0,365.0,356.0,377.0,160.0,160.0,152.0
1693.0,427.0,380.0,398.0,152.0,179.0,157.0
1734.0,421.0,411.0,366.0,176.0,182.0,178.0
1701.0,400.0,393.0,396.0,167.0,176.0,169.0
1693.0,408.0,389.0,388.0,172.0,172.0,164.0
1738.0,421.0,384.0,385.0,170.0,191.0,187.0
1726.0,421.0,392.0,395.0,166.0,177.0,175.0
1455.0,328.0,339.0,320.0,146.0,161.0,161.0
1708.0,414.0,390.0,379.0,174.0,174.0,177.0
1576.0,368.0,399.0,338.0,159.0,150.0,162.0
1751.0,390.0,411.0,407.0,185.0,176.0,182.0
1767.0,399.0,425.0,397.0,189.0,174.0,183.0
1851.0,414.0,438.0,432.0,185.0,186.0,196.0
1856.0,438.0,447.0,414.0,191.0,180.0,186.0
1885.0,436.0,462.0,415.0,192.0,187.0,193.0
1910.0,431.0,435.0,470.0,199.0,185.0,190.0
1847.0,446.0,440.0,421.0,181.0,174.0,185.0
1883.0,440.0,479.0,416.0,181.0,182.0,185.0
1756.0,413.0,379.0,412.0,192.0,170.0,190.0
1770.0,415.0,399.0,424.0,179.0,174.0,179.0
1797.0,425.0,403.0,446.0,170.0,176.0,177.0
1688.0,378.0,396.0,401.0,160.0,175.0,178.0
1788.0,398.0,408.0,456.0,173.0,180.0,173.0
1864.0,442.0,411.0,469.0,182.0,188.0,172.0
1762.0,400.0,426.0,455.0,162.0,159.0,160.0
1727.0,410.0,389.0,427.0,172.0,173.0,156.0
1684.0,421.0,393.0,401.0,154.0,158.0,157.0
1808.0,423.0,426.0,425.0,172.0,174.0,188.0
1771.0,399.0,424.0,429.0,171.0,175.0,173.0
1688.0,397.0,421.0,381.0,163.0,169.0,157.0
1738.0,412.0,425.0,394.0,165.0,179.0,163.0
1694.0,376.0,429.0,390.0,171.0,176.0,152.0
1645.0,381.0,410.0,349.0,163.0,175.0,167.0
1732.0,385.0,441.0,388.0,164.0,171.0,183.0
1495.0,339.0,348.0,352.0,162.0,151.0,143.0
1551.0,342.0,387.0,353.0,160.0,154.0,155.0
1641.0,377.0,382.0,385.0,164.0,169.0,164.0
1761.0,413.0,400.0,427.0,169.0,182.0,170.0
1826.0,421.0,411.0,437.0,183.0,197.0,177.0
1783.0,426.0,396.0,424.0,182.0,182.0,173.0
1934.0,459.0,401.0,473.0,209.0,196.0,196.0
1801.0,437.0,391.0,413.0,191.0,189.0,180.0
1933.0,456.0,429.0,465.0,208.0,201.0,174.0
1937.0,484.0,436.0,442.0,200.0,191.0,184.0
1891.0,414.0,439.0,466.0,190.0,191.0,191.0
1956.0,452.0,454.0,454.0,200.0,198.0,198.0
1890.0,429.0,453.0,455.0,182.0,180.0,191.0
1835.0,404.0,428.0,433.0,190.0,185.0,195.0
1802.0,409.0,434.0,437.0,166.0,176.0,180.0
1781.0,395.0,442.0,405.0,170.0,174.0,195.0
1877.0,464.0,443.0,422.0,176.0,181.0,191.0
1859.0,426.0,433.0,443.0,170.0,180.0,207.0
1865.0,451.0,451.0,423.0,169.0,189.0,182.0
1746.0,411.0,410.0,384.0,181.0,170.0,190.0
1780.0,455.0,400.0,417.0,163.0,157.0,188.0
1702.0,396.0,404.0,397.0,164.0,171.0,170.0
1760.0,430.0,399.0,399.0,185.0,169.0,178.0
1698.0,396.0,370.0,402.0,166.0,164.0,200.0
1704.0,414.0,394.0,377.0,171.0,170.0,178.0
1704.0,394.0,377.0,401.0,176.0,173.0,183.0
1672.0,337.0,377.0,432.0,171.0,180.0,175.0
1757.0,399.0,387.0,426.0,177.0,177.0,191.0
1718.0,408.0,380.0,401.0,184.0,168.0,177.0
1832.0,415.0,423.0,445.0,183.0,180.0,186.0
1833.0,438.0,423.0,439.0,179.0,178.0,176.0
2105.0,498.0,500.0,500.0,201.0,209.0,197.0
1979.0,461.0,490.0,457.0,199.0,193.0,179.0
1732.0,393.0,421.0,417.0,167.0,170.0,164.0
1994.0,483.0,472.0,450.0,204.0,199.0,186.0
1938.0,466.0,438.0,462.0,199.0,180.0,193.0
1876.0,423.0,433.0,439.0,195.0,208.0,178.0
2084.0,501.0,483.0,492.0,196.0,212.0,200.0
1949.0,436.0,469.0,439.0,205.0,198.0,202.0
1905.0,416.0,451.0,459.0,207.0,196.0,176.0
1873.0,426.0,427.0,438.0,195.0,199.0,188.0
1897.0,460.0,433.0,434.0,197.0,194.0,179.0
1722.0,398.0,384.0,409.0,173.0,190.0,168.0
1875.0,478.0,403.0,421.0,188.0,194.0,191.0
1833.0,432.0,406.0,430.0,172.0,197.0,196.0
1756.0,443.0,402.0,388.0,175.0,178.0,170.0
1793.0,436.0,412.0,395.0,183.0,193.0,174.0
1788.0,431.0,420.0,406.0,175.0,179.0,177.0
1704.0,423.0,413.0,384.0,164.0,164.0,156.0
1753.0,380.0,445.0,410.0,159.0,171.0,188.0
1793.0,423.0,429.0,424.0,168.0,168.0,181.0
1796.0,411.0,437.0,418.0,160.0,175.0,195.0
2001.0,437.0,474.0,508.0,187.0,195.0,200.0
1783.0,416.0,399.0,428.0,180.0,176.0,184.0
1802.0,432.0,441.0,409.0,170.0,167.0,183.0
1926.0,460.0,455.0,443.0,188.0,182.0,198.0
2016.0,497.0,461.0,456.0,208.0,196.0,198.0
1876.0,465.0,416.0,453.0,189.0,174.0,179.0
1863.0,464.0,405.0,429.0,201.0,177.0,187.0
1874.0,450.0,408.0,447.0,192.0,189.0,188.0
1938.0,462.0,435.0,466.0,191.0,194.0,190.0
2006.0,467.0,483.0,466.0,195.0,200.0,195.0
1917.0,447.0,444.0,438.0,197.0,197.0,194.0
1922.0,439.0,466.0,425.0,199.0,188.0,205.0
1814.0,420.0,411.0,437.0,188.0,177.0,181.0
1910.0,445.0,449.0,429.0,198.0,190.0,199.0
1860.0,424.0,460.0,395.0,194.0,199.0,188.0
2013.0,448.0,489.0,468.0,209.0,198.0,201.0
2026.0,466.0,465.0,461.0,213.0,211.0,210.0
1944.0,446.0,460.0,439.0,208.0,205.0,186.0
1884.0,460.0,459.0,404.0,186.0,191.0,184.0
1873.0,437.0,462.0,407.0,190.0,191.0,186.0
1958.0,481.0,453.0,451.0,182.0,202.0,189.0
1744.0,401.0,404.0,407.0,175.0,180.0,177.0
1597.0,353.0,358.0,403.0,160.0,163.0,160.0
1789.0,402.0,414.0,446.0,175.0,179.0,173.0
1699.0,413.0,384.0,389.0,163.0,178.0,172.0
1892.0,447.0,458.0,443.0,187.0,190.0,167.0
1814.0,417.0,434.0,440.0,178.0,174.0,171.0
1801.0,404.0,417.0,439.0,174.0,193.0,174.0
1936.0,439.0,455.0,480.0,195.0,189.0,178.0
2173.0,498.0,504.0,544.0,207.0,216.0,204.0
1878.0,448.0,440.0,440.0,186.0,180.0,184.0
1999.0,447.0,483.0,479.0,194.0,200.0,196.0
1923.0,451.0,465.0,432.0,192.0,194.0,189.0
1980.0,472.0,469.0,456.0,202.0,183.0,198.0
2103.0,516.0,485.0,492.0,213.0,192.0,205.0
2067.0,482.0,487.0,495.0,209.0,195.0,199.0
2090.0,492.0,492.0,474.0,211.0,206.0,215.0
2119.0,474.0,525.0,478.0,214.0,207.0,221.0
1947.0,446.0,465.0,443.0,202.0,187.0,204.0
1827.0,372.0,453.0,433.0,198.0,179.0,192.0
2002.0,462.0,487.0,453.0,204.0,193.0,203.0
1976.0,464.0,451.0,459.0,202.0,190.0,210.0
2199.0,526.0,504.0,508.0,220.0,207.0,234.0
1961.0,465.0,437.0,449.0,203.0,193.0,214.0
1864.0,459.0,424.0,412.0,185.0,187.0,197.0
1906.0,449.0,425.0,454.0,196.0,186.0,196.0
1898.0,430.0,442.0,453.0,190.0,188.0,195.0
1852.0,435.0,426.0,432.0,186.0,187.0,186.0
1890.0,442.0,416.0,451.0,195.0,192.0,194.0
1889.0,450.0,411.0,462.0,182.0,197.0,187.0
2057.0,461.0,505.0,480.0,194.0,208.0,209.0
1869.0,405.0,448.0,453.0,183.0,194.0,186.0
1926.0,428.0,446.0,472.0,193.0,192.0,195.0
1814.0,402.0,439.0,438.0,178.0,176.0,181.0
1960.0,445.0,467.0,464.0,200.0,189.0,195.0
2041.0,478.0,480.0,497.0,184.0,200.0,202.0
1970.0,442.0,466.0,464.0,195.0,204.0,199.0
2130.0,503.0,503.0,498.0,196.0,220.0,210.0
2062.0,515.0,473.0,475.0,193.0,215.0,191.0
2178.0,499.0,508.0,517.0,223.0,216.0,215.0
2012.0,477.0,469.0,478.0,190.0,197.0,201.0
2083.0,508.0,469.0,475.0,212.0,213.0,206.0
2035.0,476.0,467.0,489.0,200.0,207.0,196.0
2093.0,476.0,485.0,493.0,218.0,207.0,214.0
2090.0,481.0,488.0,490.0,215.0,198.0,218.0
1925.0,461.0,448.0,424.0,210.0,192.0,190.0
2017.0,462.0,475.0,486.0,198.0,204.0,192.0
2042.0,473.0,478.0,466.0,212.0,209.0,204.0
2006.0,472.0,459.0,498.0,199.0,192.0,186.0
2017.0,490.0,460.0,470.0,199.0,197.0,201.0
1960.0,449.0,457.0,480.0,213.0,172.0,189.0
2113.0,494.0,479.0,510.0,210.0,219.0,201.0
1967.0,466.0,477.0,447.0,198.0,186.0,193.0
1947.0,457.0,442.0,465.0,193.0,187.0,203.0
2028.0,468.0,482.0,492.0,194.0,197.0,195.0
2096.0,491.0,479.0,506.0,210.0,209.0,201.0
1908.0,419.0,444.0,474.0,186.0,188.0,197.0
2107.0,500.0,482.0,491.0,206.0,201.0,227.0
1904.0,454.0,443.0,429.0,192.0,193.0,193.0
1855.0,405.0,438.0,450.0,183.0,181.0,198.0
2050.0,477.0,451.0,472.0,203.0,221.0,226.0
2041.0,492.0,487.0,451.0,199.0,203.0,209.0
1975.0,469.0,442.0,451.0,198.0,217.0,198.0
1971.0,463.0,445.0,457.0,189.0,213.0,204.0
2028.0,485.0,473.0,454.0,197.0,213.0,206.0
1922.0,481.0,448.0,425.0,178.0,198.0,192.0
2029.0,486.0,470.0,465.0,198.0,211.0,199.0
2118.0,526.0,488.0,479.0,201.0,209.0,215.0
2178.0,504.0,506.0,511.0,211.0,222.0,224.0
2010.0,457.0,505.0,451.0,190.0,211.0,196.0
2149.0,504.0,490.0,507.0,215.0,216.0,217.0
2156.0,487.0,524.0,501.0,208.0,218.0,218.0
2135.0,491.0,490.0,492.0,235.0,219.0,208.0
2044.0,469.0,483.0,474.0,211.0,205.0,202.0
1978.0,481.0,464.0,462.0,199.0,173.0,199.0
2165.0,517.0,483.0,508.0,225.0,223.0,209.0
2127.0,503.0,486.0,505.0,221.0,210.0,202.0
1998.0,465.0,459.0,467.0,211.0,196.0,200.0
2018.0,493.0,444.0,476.0,208.0,200.0,197.0
1972.0,449.0,466.0,456.0,213.0,194.0,194.0
1942.0,440.0,445.0,474.0,198.0,197.0,188.0
2060.0,472.0,491.0,484.0,203.0,207.0,203.0
2076.0,491.0,454.0,496.0,218.0,217.0,200.0
2056.0,478.0,484.0,481.0,208.0,197.0,208.0
2119.0,492.0,503.0,503.0,211.0,205.0,205.0
2052.0,493.0,496.0,464.0,211.0,198.0,190.0
1917.0,431.0,485.0,448.0,190.0,176.0,187.0
2068.0,485.0,512.0,478.0,194.0,202.0,197.0
2109.0,493.0,518.0,486.0,204.0,202.0,206.0
2236.0,544.0,546.0,498.0,221.0,212.0,215.0
2163.0,521.0,513.0,491.0,212.0,218.0,208.0
2134.0,521.0,497.0,494.0,197.0,217.0,208.0
2019.0,479.0,474.0,451.0,198.0,209.0,208.0
2199.0,530.0,503.0,500.0,217.0,227.0,222.0
2118.0,500.0,508.0,477.0,205.0,219.0,209.0
2150.0,477.0,510.0,515.0,205.0,220.0,223.0
2080.0,472.0,476.0,504.0,209.0,216.0,203.0
2185.0,497.0,496.0,536.0,215.0,223.0,218.0
1980.0,431.0,446.0,486.0,207.0,210.0,200.0
1967.0,470.0,442.0,453.0,187.0,206.0,209.0
2070.0,473.0,464.0,511.0,211.0,205.0,206.0
2144.0,484.0,492.0,524.0,220.0,214.0,210.0
2130.0,494.0,496.0,499.0,211.0,209.0,221.0
2046.0,489.0,451.0,474.0,209.0,210.0,213.0
2238.0,546.0,518.0,515.0,217.0,221.0,221.0
2273.0,529.0,536.0,516.0,234.0,225.0,233.0
2136.0,497.0,506.0,490.0,217.0,209.0,217.0
2159.0,511.0,492.0,491.0,223.0,222.0,220.0
2164.0,495.0,514.0,494.0,228.0,220.0,213.0
2098.0,490.0,493.0,481.0,208.0,206.0,220.0
2092.0,471.0,508.0,467.0,221.0,210.0,215.0
2127.0,503.0,510.0,472.0,211.0,220.0,211.0
2062.0,479.0,494.0,469.0,197.0,214.0,209.0
2103.0,508.0,505.0,479.0,204.0,200.0,207.0
2039.0,480.0,483.0,466.0,199.0,198.0,213.0
2066.0,500.0,493.0,449.0,214.0,199.0,211.0
2182.0,538.0,501.0,492.0,224.0,217.0,210.0
2119.0,514.0,475.0,498.0,211.0,213.0,208.0
2257.0,533.0,509.0,545.0,227.0,214.0,229.0
2309.0,545.0,533.0,551.0,231.0,225.0,224.0
2248.0,518.0,525.0,546.0,224.0,212.0,223.0
2274.0,532.0,550.0,531.0,222.0,228.0,211.0
2147.0,470.0,513.0,518.0,222.0,214.0,210.0
1969.0,453.0,464.0,475.0,188.0,193.0,196.0
2232.0,512.0,508.0,547.0,219.0,226.0,220.0
2157.0,483.0,548.0,521.0,202.0,194.0,209.0
2169.0,485.0,512.0,559.0,205.0,213.0,195.0
2211.0,505.0,538.0,512.0,224.0,221.0,211.0
2170.0,509.0,507.0,547.0,204.0,202.0,201.0
2175.0,499.0,529.0,492.0,222.0,221.0,212.0
2038.0,493.0,464.0,470.0,205.0,206.0,200.0
1936.0,453.0,422.0,453.0,210.0,198.0,200.0
2123.0,497.0,470.0,503.0,230.0,221.0,202.0
2162.0,499.0,484.0,501.0,231.0,229.0,218.0
2059.0,465.0,470.0,474.0,222.0,216.0,212.0
2087.0,488.0,487.0,461.0,222.0,218.0,211.0
2133.0,492.0,488.0,482.0,230.0,216.0,225.0
2209.0,488.0,538.0,510.0,231.0,223.0,219.0
2106.0,487.0,505.0,461.0,219.0,213.0,221.0
2196.0,500.0,533.0,491.0,228.0,227.0,217.0
2162.0,505.0,481.0,493.0,228.0,223.0,232.0
2281.0,519.0,551.0,542.0,218.0,225.0,226.0
2255.0,520.0,515.0,534.0,224.0,228.0,234.0
2090.0,491.0,497.0,484.0,201.0,209.0,208.0
2346.0,579.0,545.0,550.0,219.0,228.0,225.0
2287.0,541.0,525.0,546.0,222.0,217.0,236.0
2397.0,564.0,551.0,574.0,230.0,241.0,237.0
2252.0,525.0,542.0,528.0,214.0,220.0,223.0
2240.0,527.0,517.0,528.0,222.0,222.0,224.0
2295.0,510.0,548.0,546.0,229.0,230.0,232.0
2205.0,500.0,501.0,537.0,225.0,226.0,216.0
2222.0,522.0,515.0,523.0,223.0,211.0,228.0
2163.0,516.0,491.0,525.0,211.0,207.0,213.0
2361.0,561.0,554.0,548.0,233.0,226.0,239.0
2232.0,540.0,518.0,522.0,212.0,216.0,224.0
2122.0,517.0,478.0,502.0,208.0,198.0,219.0
2107.0,496.0,494.0,470.0,208.0,216.0,223.0
2167.0,484.0,528.0,505.0,220.0,219.0,211.0
1999.0,463.0,473.0,465.0,196.0,200.0,202.0
2109.0,494.0,499.0,485.0,223.0,210.0,198.0
2243.0,529.0,523.0,507.0,236.0,227.0,221.0
2179.0,512.0,529.0,477.0,236.0,230.0,195.0
2237.0,511.0,529.0,526.0,235.0,223.0,213.0
2139.0,502.0,501.0,492.0,224.0,214.0,206.0
2292.0,532.0,523.0,545.0,238.0,230.0,224.0
2293.0,520.0,548.0,527.0,241.0,230.0,227.0
2188.0,499.0,514.0,516.0,218.0,222.0,219.0
2436.0,579.0,573.0,567.0,241.0,249.0,227.0
2412.0,551.0,549.0,597.0,238.0,242.0,235.0
2369.0,566.0,542.0,550.0,239.0,246.0,226.0
2276.0,548.0,499.0,546.0,235.0,232.0,216.0
2477.0,552.0,553.0,622.0,245.0,256.0,249.0
2432.0,562.0,527.0,607.0,251.0,251.0,234.0
2301.0,541.0,524.0,547.0,220.0,246.0,223.0
2275.0,526.0,514.0,548.0,217.0,239.0,231.0
2304.0,526.0,534.0,559.0,220.0,226.0,239.0
2299.0,531.0,537.0,543.0,220.0,230.0,238.0
2317.0,549.0,548.0,547.0,208.0,229.0,236.0
2219.0,519.0,528.0,508.0,214.0,223.0,227.0
2326.0,560.0,541.0,541.0,226.0,223.0,235.0
2166.0,504.0,541.0,469.0,214.0,202.0,236.0
2282.0,536.0,562.0,491.0,219.0,229.0,245.0
2192.0,526.0,522.0,493.0,214.0,202.0,235.0
2136.0,508.0,497.0,498.0,209.0,205.0,219.0
2291.0,533.0,546.0,519.0,226.0,225.0,242.0
2203.0,506.0,501.0,524.0,221.0,204.0,247.0
2150.0,465.0,516.0,522.0,211.0,211.0,225.0
2203.0,512.0,507.0,516.0,220.0,217.0,231.0
2245.0,498.0,516.0,532.0,241.0,225.0,233.0
2310.0,526.0,551.0,523.0,250.0,227.0,233.0
2459.0,585.0,575.0,567.0,252.0,245.0,235.0
2245.0,522.0,526.0,522.0,235.0,223.0,217.0
2313.0,538.0,529.0,550.0,228.0,228.0,240.0
2405.0,590.0,536.0,560.0,244.0,239.0,236.0
2503.0,597.0,592.0,582.0,263.0,239.0,230.0
2397.0,574.0,552.0,577.0,235.0,233.0,226.0
2427.0,569.0,576.0,574.0,240.0,232.0,236.0
2359.0,558.0,526.0,569.0,233.0,243.0,230.0
2440.0,553.0,565.0,600.0,238.0,250.0,234.0
2370.0,544.0,548.0,560.0,231.0,244.0,243.0
2403.0,549.0,566.0,565.0,245.0,251.0,227.0
2282.0,516.0,545.0,546.0,217.0,236.0,222.0
2337.0,555.0,529.0,538.0,232.0,249.0,234.0
2289.0,565.0,530.0,496.0,225.0,254.0,219.0
2363.0,534.0,537.0,575.0,235.0,249.0,233.0
2263.0,533.0,487.0,557.0,229.0,234.0,223.0
2219.0,552.0,515.0,499.0,210.0,242.0,201.0
2416.0,573.0,573.0,567.0,230.0,244.0,229.0
2096.0,529.0,471.0,446.0,217.0,218.0,215.0
2335.0,541.0,544.0,553.0,224.0,256.0,217.0
2331.0,555.0,538.0,543.0,242.0,225.0,228.0
2230.0,524.0,521.0,506.0,222.0,216.0,241.0
2248.0,515.0,560.0,507.0,209.0,228.0,229.0
2257.0,520.0,519.0,532.0,227.0,229.0,230.0
2419.0,530.0,586.0,587.0,244.0,226.0,246.0
2307.0,514.0,538.0,569.0,234.0,221.0,231.0
2316.0,545.0,528.0,545.0,234.0,232.0,232.0
2476.0,567.0,588.0,595.0,244.0,234.0,248.0
2373.0,556.0,543.0,557.0,240.0,235.0,242.0
2527.0,593.0,587.0,585.0,256.0,247.0,259.0
2438.0,582.0,555.0,577.0,253.0,228.0,243.0
2444.0,557.0,561.0,587.0,252.0,236.0,251.0
2372.0,549.0,535.0,558.0,242.0,240.0,248.0
2423.0,583.0,554.0,558.0,255.0,238.0,235.0
2692.0,633.0,605.0,627.0,268.0,274.0,285.0
2343.0,547.0,528.0,542.0,243.0,230.0,253.0
2381.0,548.0,552.0,535.0,254.0,240.0,252.0
2479.0,580.0,544.0,589.0,261.0,254.0,251.0
2459.0,578.0,556.0,576.0,249.0,251.0,249.0
2375.0,558.0,544.0,550.0,239.0,236.0,248.0
2357.0,562.0,518.0,567.0,229.0,241.0,240.0
2341.0,531.0,579.0,540.0,235.0,236.0,220.0
2338.0,527.0,568.0,558.0,217.0,242.0,226.0
2413.0,559.0,581.0,551.0,238.0,246.0,238.0
2298.0,559.0,560.0,513.0,215.0,228.0,223.0
2408.0,592.0,541.0,567.0,238.0,234.0,236.0
2139.0,493.0,518.0,475.0,213.0,224.0,216.0
2380.0,554.0,547.0,555.0,240.0,239.0,245.0
2443.0,570.0,573.0,571.0,242.0,250.0,237.0
2366.0,542.0,556.0,557.0,240.0,238.0,233.0
2284.0,510.0,513.0,575.0,226.0,238.0,222.0
2352.0,557.0,549.0,544.0,233.0,237.0,232.0
2416.0,562.0,565.0,585.0,233.0,246.0,225.0
2258.0,500.0,528.0,540.0,232.0,239.0,219.0
2421.0,567.0,553.0,569.0,247.0,245.0,240.0
2458.0,580.0,554.0,592.0,249.0,239.0,244.0
2318.0,568.0,515.0,544.0,238.0,229.0,224.0
2427.0,578.0,556.0,577.0,240.0,241.0,235.0
2410.0,564.0,576.0,552.0,246.0,239.0,233.0
2552.0,599.0,608.0,594.0,244.0,256.0,251.0
2405.0,558.0,592.0,533.0,244.0,233.0,245.0
2473.0,571.0,603.0,543.0,260.0,247.0,249.0
2451.0,561.0,582.0,552.0,263.0,239.0,254.0
2597.0,610.0,627.0,582.0,271.0,248.0,259.0
2313.0,517.0,567.0,531.0,239.0,234.0,225.0
2496.0,573.0,587.0,575.0,265.0,234.0,262.0
2395.0,534.0,579.0,566.0,236.0,240.0,240.0
2225.0,531.0,527.0,498.0,227.0,219.0,223.0
2355.0,570.0,529.0,541.0,239.0,234.0,242.0
2487.0,602.0,579.0,572.0,239.0,246.0,249.0
2438.0,586.0,559.0,577.0,232.0,234.0,250.0
2356.0,570.0,519.0,568.0,224.0,229.0,246.0
2339.0,552.0,527.0,571.0,221.0,233.0,235.0
2614.0,618.0,613.0,609.0,250.0,256.0,268.0
2395.0,546.0,552.0,589.0,223.0,244.0,241.0
2495.0,582.0,584.0,588.0,242.0,245.0,254.0
2457.0,555.0,569.0,601.0,229.0,259.0,244.0
2220.0,491.0,513.0,527.0,219.0,227.0,243.0
2515.0,580.0,586.0,590.0,244.0,251.0,264.0
2462.0,592.0,545.0,565.0,249.0,256.0,255.0
2659.0,614.0,641.0,612.0,266.0,270.0,256.0
2608.0,614.0,640.0,581.0,242.0,274.0,257.0
2625.0,605.0,619.0,618.0,268.0,260.0,255.0
2539.0,599.0,594.0,583.0,249.0,258.0,256.0
2492.0,592.0,577.0,575.0,249.0,254.0,245.0
2448.0,566.0,581.0,530.0,258.0,257.0,256.0
2523.0,583.0,618.0,564.0,257.0,254.0,247.0
2489.0,558.0,594.0,584.0,256.0,246.0,251.0
2630.0,604.0,613.0,604.0,279.0,264.0,266.0
2489.0,562.0,575.0,573.0,262.0,267.0,250.0
2429.0,552.0,569.0,576.0,257.0,242.0,233.0
2488.0,557.0,606.0,574.0,256.0,243.0,252.0
2505.0,608.0,562.0,578.0,257.0,256.0,244.0
2517.0,610.0,577.0,585.0,257.0,245.0,243.0
2442.0,559.0,567.0,588.0,236.0,242.0,250.0
2358.0,557.0,553.0,551.0,235.0,229.0,233.0
2490.0,574.0,584.0,601.0,237.0,236.0,258.0
2564.0,588.0,631.0,581.0,267.0,245.0,252.0
2406.0,540.0,585.0,581.0,232.0,229.0,239.0
2512.0,591.0,573.0,607.0,244.0,246.0,251.0
2426.0,555.0,564.0,559.0,247.0,243.0,258.0
2334.0,543.0,557.0,557.0,224.0,225.0,228.0
2511.0,586.0,600.0,587.0,247.0,239.0,252.0
2524.0,600.0,598.0,580.0,254.0,251.0,241.0
2371.0,525.0,547.0,579.0,236.0,239.0,245.0
2549.0,621.0,581.0,593.0,248.0,253.0,253.0
2515.0,621.0,563.0,573.0,252.0,247.0,259.0
2463.0,604.0,551.0,553.0,242.0,254.0,259.0
2611.0,654.0,584.0,595.0,256.0,263.0,259.0
2572.0,617.0,600.0,576.0,267.0,250.0,262.0
2605.0,636.0,581.0,604.0,254.0,265.0,265.0
2869.0,657.0,674.0,667.0,289.0,290.0,292.0
2734.0,651.0,631.0,627.0,275.0,276.0,274.0
2542.0,587.0,584.0,578.0,257.0,264.0,272.0
2538.0,572.0,613.0,569.0,264.0,266.0,254.0
2678.0,632.0,622.0,618.0,269.0,272.0,265.0
2607.0,586.0,621.0,618.0,261.0,259.0,262.0
2395.0,554.0,573.0,524.0,255.0,250.0,239.0
2514.0,578.0,593.0,591.0,257.0,247.0,248.0
2586.0,588.0,601.0,611.0,255.0,270.0,261.0
2389.0,576.0,570.0,529.0,241.0,244.0,229.0
2514.0,606.0,568.0,599.0,249.0,251.0,241.0
2516.0,597.0,593.0,572.0,247.0,246.0,261.0
2535.0,563.0,595.0,611.0,259.0,256.0,251.0
2444.0,582.0,561.0,599.0,237.0,236.0,229.0
2461.0,574.0,575.0,572.0,247.0,245.0,248.0
2408.0,551.0,568.0,569.0,255.0,233.0,232.0
2524.0,591.0,601.0,592.0,247.0,252.0,241.0
2528.0,587.0,595.0,582.0,265.0,248.0,251.0
2490.0,566.0,592.0,564.0,261.0,261.0,246.0
2617.0,641.0,612.0,600.0,256.0,247.0,261.0
2501.0,573.0,618.0,560.0,253.0,249.0,248.0
2584.0,586.0,638.0,594.0,247.0,260.0,259.0
2610.0,607.0,647.0,576.0,263.0,253.0,264.0
2562.0,627.0,601.0,590.0,250.0,246.0,248.0
2623.0,618.0,644.0,590.0,257.0,256.0,258.0
2479.0,587.0,594.0,548.0,248.0,257.0,245.0
2740.0,637.0,660.0,615.0,274.0,278.0,276.0
2710.0,618.0,649.0,637.0,270.0,265.0,271.0
2553.0,578.0,602.0,597.0,258.0,259.0,259.0
2615.0,582.0,615.0,631.0,270.0,253.0,264.0
2542.0,580.0,590.0,603.0,250.0,256.0,263.0
2684.0,632.0,614.0,631.0,260.0,271.0,276.0
2523.0,556.0,568.0,614.0,267.0,253.0,265.0
2481.0,589.0,555.0,586.0,248.0,258.0,245.0
2728.0,634.0,638.0,620.0,269.0,285.0,282.0
2590.0,603.0,582.0,631.0,257.0,257.0,260.0
2633.0,609.0,599.0,635.0,265.0,265.0,260.0
2598.0,601.0,601.0,606.0,262.0,267.0,261.0
2528.0,576.0,603.0,582.0,262.0,253.0,252.0
2490.0,578.0,571.0,584.0,255.0,255.0,247.0
2598.0,588.0,629.0,597.0,259.0,269.0,256.0
2608.0,603.0,639.0,598.0,255.0,259.0,254.0
2498.0,565.0,600.0,582.0,247.0,251.0,253.0
2514.0,587.0,606.0,567.0,249.0,249.0,256.0
2512.0,573.0,613.0,567.0,246.0,257.0,256.0
2499.0,581.0,589.0,583.0,244.0,244.0,258.0
2615.0,608.0,617.0,610.0,258.0,254.0,268.0
2720.0,642.0,654.0,619.0,269.0,271.0,265.0
2623.0,627.0,622.0,595.0,258.0,263.0,258.0
2476.0,618.0,551.0,585.0,247.0,239.0,236.0
2644.0,649.0,597.0,616.0,255.0,269.0,258.0
2584.0,626.0,597.0,589.0,255.0,261.0,256.0
2689.0,651.0,599.0,632.0,268.0,267.0,272.0
2665.0,633.0,604.0,619.0,270.0,269.0,270.0
2783.0,649.0,622.0,672.0,281.0,283.0,276.0
2675.0,610.0,638.0,632.0,265.0,257.0,273.0
2623.0,609.0,622.0,606.0,268.0,252.0,266.0
2417.0,548.0,539.0,604.0,250.0,234.0,242.0
2729.0,642.0,657.0,641.0,261.0,253.0,275.0
2660.0,625.0,631.0,619.0,265.0,258.0,262.0
2690.0,638.0,625.0,619.0,264.0,273.0,271.0
2607.0,601.0,603.0,606.0,278.0,262.0,257.0
2702.0,635.0,648.0,614.0,272.0,274.0,259.0
2576.0,600.0,598.0,611.0,254.0,254.0,259.0
2609.0,617.0,615.0,601.0,257.0,263.0,256.0
2499.0,579.0,568.0,584.0,262.0,259.0,247.0
2418.0,569.0,535.0,567.0,249.0,254.0,244.0
2510.0,573.0,594.0,566.0,258.0,264.0,255.0
2526.0,583.0,568.0,579.0,267.0,258.0,271.0
2460.0,566.0,563.0,552.0,259.0,267.0,253.0
2631.0,614.0,607.0,600.0,261.0,272.0,277.0
2434.0,579.0,569.0,553.0,241.0,241.0,251.0
2483.0,568.0,562.0,586.0,253.0,250.0,264.0
2679.0,629.0,623.0,627.0,264.0,267.0,269.0
2713.0,630.0,645.0,628.0,265.0,270.0,275.0
2733.0,653.0,641.0,623.0,258.0,271.0,287.0
2708.0,639.0,624.0,628.0,254.0,293.0,270.0
2764.0,645.0,665.0,646.0,262.0,276.0,270.0
2707.0,615.0,628.0,657.0,267.0,274.0,266.0
2816.0,650.0,662.0,661.0,277.0,284.0,282.0
2704.0,606.0,653.0,658.0,258.0,265.0,264.0
2921.0,659.0,683.0,714.0,281.0,299.0,285.0
2656.0,613.0,612.0,617.0,271.0,267.0,276.0
2777.0,626.0,671.0,659.0,273.0,274.0,274.0
2714.0,608.0,635.0,650.0,269.0,275.0,277.0
2709.0,644.0,643.0,623.0,273.0,266.0,260.0
2668.0,640.0,609.0,622.0,269.0,258.0,270.0
2494.0,608.0,589.0,565.0,250.0,246.0,236.0
2763.0,690.0,615.0,635.0,289.0,270.0,264.0
2502.0,600.0,570.0,574.0,265.0,239.0,254.0
2699.0,660.0,619.0,611.0,282.0,258.0,269.0
2580.0,608.0,610.0,595.0,267.0,256.0,244.0
2572.0,610.0,584.0,607.0,273.0,253.0,245.0
2638.0,611.0,633.0,607.0,271.0,259.0,257.0
2787.0,644.0,658.0,647.0,282.0,280.0,276.0
2598.0,595.0,603.0,604.0,270.0,263.0,263.0
2539.0,582.0,619.0,570.0,261.0,258.0,249.0
2606.0,608.0,600.0,616.0,264.0,276.0,242.0
2729.0,642.0,657.0,622.0,263.0,279.0,266.0
2808.0,682.0,646.0,648.0,274.0,288.0,270.0
2810.0,652.0,666.0,665.0,265.0,294.0,268.0
2733.0,626.0,649.0,670.0,263.0,261.0,264.0
2974.0,696.0,735.0,655.0,290.0,306.0,292.0
2738.0,654.0,593.0,667.0,263.0,283.0,278.0
2718.0,649.0,617.0,640.0,263.0,274.0,275.0
2706.0,622.0,639.0,641.0,253.0,282.0,269.0
2753.0,650.0,611.0,670.0,268.0,276.0,278.0
2893.0,683.0,665.0,670.0,285.0,302.0,288.0
2717.0,625.0,625.0,640.0,273.0,274.0,280.0
2811.0,641.0,643.0,671.0,290.0,284.0,282.0
2639.0,598.0,638.0,602.0,257.0,259.0,285.0
2767.0,644.0,652.0,624.0,275.0,278.0,294.0
2637.0,619.0,615.0,606.0,262.0,262.0,273.0
2606.0,597.0,642.0,580.0,266.0,255.0,266.0
2690.0,630.0,629.0,611.0,270.0,263.0,287.0
2742.0,646.0,652.0,626.0,266.0,268.0,284.0
2762.0,653.0,657.0,616.0,272.0,271.0,293.0
2649.0,608.0,649.0,600.0,267.0,255.0,270.0
2584.0,611.0,606.0,585.0,264.0,250.0,268.0
2698.0,616.0,618.0,636.0,286.0,262.0,280.0
2660.0,605.0,635.0,615.0,274.0,264.0,267.0
2665.0,626.0,610.0,625.0,272.0,264.0,268.0
2733.0,626.0,620.0,650.0,295.0,267.0,275.0
2608.0,596.0,590.0,632.0,265.0,256.0,269.0
2757.0,655.0,623.0,658.0,278.0,275.0,268.0
2890.0,686.0,637.0,709.0,291.0,275.0,292.0
2695.0,644.0,614.0,636.0,263.0,268.0,270.0
2719.0,645.0,606.0,660.0,276.0,267.0,265.0
2986.0,710.0,682.0,713.0,292.0,292.0,297.0
2926.0,695.0,664.0,700.0,291.0,281.0,295.0
2889.0,668.0,672.0,700.0,279.0,286.0,284.0
2942.0,672.0,716.0,690.0,298.0,288.0,278.0
2672.0,602.0,632.0,649.0,250.0,275.0,264.0
2903.0,652.0,697.0,685.0,283.0,299.0,287.0
2643.0,584.0,660.0,609.0,269.0,263.0,258.0
2781.0,630.0,683.0,645.0,281.0,272.0,270.0
2893.0,691.0,697.0,655.0,285.0,286.0,279.0
2737.0,641.0,653.0,606.0,269.0,290.0,278.0
2834.0,674.0,672.0,657.0,280.0,280.0,271.0
2753.0,659.0,633.0,624.0,272.0,293.0,272.0
2768.0,651.0,667.0,627.0,265.0,294.0,264.0
2764.0,678.0,631.0,621.0,275.0,289.0,270.0
2675.0,651.0,591.0,597.0,269.0,280.0,287.0
2764.0,626.0,672.0,633.0,280.0,282.0,271.0
2755.0,652.0,619.0,656.0,280.0,262.0,286.0
2761.0,628.0,652.0,642.0,283.0,273.0,283.0
2706.0,603.0,629.0,627.0,277.0,293.0,277.0
2754.0,630.0,651.0,634.0,284.0,271.0,284.0
2758.0,627.0,638.0,660.0,284.0,271.0,278.0
2830.0,662.0,654.0,674.0,290.0,269.0,281.0
2781.0,645.0,647.0,677.0,269.0,262.0,281.0
2917.0,645.0,724.0,675.0,302.0,273.0,298.0
2956.0,680.0,697.0,702.0,289.0,298.0,290.0
2979.0,706.0,698.0,678.0,297.0,295.0,305.0
2863.0,667.0,675.0,675.0,281.0,276.0,289.0
3012.0,695.0,708.0,706.0,298.0,295.0,310.0
2952.0,690.0,702.0,703.0,284.0,278.0,295.0
2846.0,669.0,660.0,657.0,284.0,277.0,299.0
2809.0,647.0,652.0,652.0,283.0,283.0,292.0
2796.0,661.0,650.0,644.0,278.0,277.0,286.0
2844.0,657.0,657.0,647.0,300.0,283.0,300.0
2919.0,666.0,696.0,674.0,287.0,296.0,300.0
2961.0,685.0,703.0,678.0,301.0,296.0,298.0
2774.0,656.0,652.0,630.0,281.0,278.0,277.0
2662.0,632.0,646.0,588.0,265.0,275.0,256.0
2977.0,705.0,688.0,700.0,289.0,287.0,308.0
2770.0,642.0,665.0,642.0,279.0,281.0,261.0
2883.0,676.0,681.0,678.0,291.0,282.0,275.0
2905.0,667.0,678.0,672.0,284.0,313.0,291.0
2785.0,638.0,656.0,654.0,278.0,288.0,271.0
2725.0,631.0,648.0,617.0,277.0,282.0,270.0
2644.0,586.0,633.0,620.0,279.0,277.0,249.0
2871.0,659.0,689.0,649.0,290.0,295.0,289.0
2830.0,673.0,672.0,644.0,282.0,280.0,279.0
2969.0,678.0,689.0,702.0,296.0,306.0,298.0
2878.0,646.0,681.0,680.0,294.0,294.0,283.0
2932.0,674.0,674.0,696.0,307.0,303.0,278.0
2932.0,669.0,679.0,703.0,303.0,294.0,284.0
2772.0,652.0,628.0,650.0,286.0,288.0,268.0
2903.0,678.0,670.0,707.0,281.0,286.0,281.0
2871.0,690.0,677.0,659.0,293.0,272.0,280.0
2943.0,688.0,675.0,705.0,287.0,296.0,292.0
2950.0,694.0,692.0,676.0,306.0,283.0,299.0
2899.0,693.0,680.0,666.0,293.0,283.0,284.0
3126.0,744.0,726.0,729.0,310.0,306.0,311.0
3073.0,691.0,736.0,719.0,310.0,310.0,307.0
2917.0,667.0,711.0,671.0,285.0,285.0,298.0
2953.0,684.0,713.0,678.0,286.0,296.0,296.0
2804.0,614.0,679.0,666.0,273.0,282.0,290.0
2935.0,680.0,701.0,682.0,282.0,289.0,301.0
2795.0,661.0,649.0,631.0,281.0,286.0,287.0
2776.0,656.0,647.0,644.0,275.0,270.0,284.0
2850.0,663.0,674.0,672.0,277.0,270.0,294.0
2882.0,677.0,677.0,663.0,287.0,285.0,293.0
2747.0,630.0,649.0,651.0,275.0,270.0,272.0
2826.0,675.0,653.0,654.0,275.0,284.0,285.0
2784.0,640.0,625.0,675.0,280.0,270.0,294.0
2841.0,645.0,632.0,707.0,280.0,285.0,292.0
2940.0,669.0,679.0,714.0,298.0,284.0,296.0
2848.0,669.0,656.0,672.0,290.0,279.0,282.0
2821.0,618.0,645.0,668.0,300.0,296.0,294.0
2985.0,684.0,688.0,703.0,310.0,300.0,300.0
2915.0,689.0,679.0,685.0,290.0,297.0,275.0
3025.0,698.0,710.0,706.0,305.0,310.0,296.0
2868.0,659.0,667.0,675.0,288.0,288.0,291.0
3052.0,720.0,711.0,695.0,307.0,309.0,310.0
2999.0,709.0,714.0,674.0,310.0,301.0,291.0
3113.0,728.0,747.0,686.0,328.0,319.0,305.0
3029.0,693.0,737.0,700.0,305.0,300.0,294.0
3061.0,698.0,730.0,714.0,311.0,304.0,304.0
2984.0,688.0,708.0,697.0,295.0,297.0,299.0
3020.0,672.0,731.0,718.0,305.0,310.0,284.0
2993.0,661.0,699.0,723.0,308.0,308.0,294.0
2921.0,659.0,698.0,690.0,298.0,293.0,283.0
2857.0,674.0,660.0,652.0,295.0,281.0,295.0
2835.0,656.0,666.0,660.0,284.0,285.0,284.0
2875.0,684.0,641.0,699.0,282.0,286.0,283.0
2823.0,674.0,658.0,661.0,270.0,279.0,281.0
2866.0,694.0,645.0,691.0,279.0,269.0,288.0
2940.0,729.0,671.0,700.0,280.0,276.0,284.0
3030.0,719.0,694.0,719.0,307.0,297.0,294.0
2855.0,652.0,667.0,681.0,282.0,280.0,293.0
2767.0,613.0,626.0,680.0,285.0,275.0,288.0
2995.0,671.0,727.0,726.0,289.0,290.0,292.0
2928.0,667.0,689.0,704.0,292.0,281.0,295.0
2853.0,642.0,669.0,693.0,282.0,276.0,291.0
2987.0,676.0,716.0,708.0,304.0,289.0,294.0
2923.0,660.0,714.0,672.0,297.0,278.0,302.0
2928.0,686.0,683.0,676.0,299.0,294.0,290.0
2919.0,679.0,673.0,676.0,305.0,280.0,306.0
2898.0,696.0,652.0,661.0,303.0,288.0,298.0
3182.0,730.0,738.0,739.0,327.0,322.0,326.0
3040.0,730.0,693.0,679.0,314.0,311.0,313.0
2998.0,709.0,715.0,662.0,307.0,299.0,306.0
3025.0,702.0,702.0,704.0,314.0,297.0,306.0
2978.0,717.0,686.0,674.0,302.0,303.0,296.0
3009.0,693.0,689.0,700.0,311.0,304.0,312.0
3093.0,722.0,700.0,718.0,323.0,312.0,318.0
2960.0,664.0,696.0,701.0,293.0,308.0,298.0
3146.0,717.0,722.0,748.0,320.0,327.0,312.0
3140.0,727.0,738.0,728.0,313.0,328.0,306.0
2990.0,694.0,690.0,704.0,295.0,309.0,298.0
2903.0,680.0,690.0,660.0,292.0,298.0,283.0
2855.0,678.0,662.0,664.0,276.0,288.0,287.0
3001.0,683.0,716.0,708.0,297.0,301.0,296.0
3036.0,713.0,692.0,732.0,300.0,302.0,297.0
2968.0,691.0,700.0,698.0,291.0,289.0,299.0
3024.0,716.0,708.0,724.0,292.0,290.0,294.0
2955.0,691.0,668.0,737.0,285.0,295.0,279.0
2925.0,672.0,661.0,721.0,288.0,300.0,283.0
2923.0,669.0,673.0,697.0,299.0,296.0,289.0
3091.0,724.0,707.0,721.0,317.0,316.0,306.0
2911.0,677.0,671.0,693.0,289.0,300.0,281.0
2879.0,679.0,641.0,670.0,300.0,295.0,294.0
3035.0,704.0,711.0,727.0,304.0,295.0,294.0
3006.0,707.0,689.0,695.0,305.0,309.0,301.0
3087.0,748.0,699.0,712.0,318.0,302.0,308.0
3107.0,747.0,717.0,712.0,314.0,306.0,311.0
3084.0,741.0,719.0,705.0,311.0,305.0,303.0
3028.0,728.0,700.0,710.0,302.0,293.0,295.0
3031.0,701.0,735.0,693.0,309.0,293.0,300.0
3108.0,726.0,751.0,721.0,305.0,299.0,306.0
3030.0,678.0,726.0,723.0,311.0,291.0,301.0
3158.0,713.0,740.0,759.0,324.0,303.0,319.0
3140.0,718.0,751.0,735.0,314.0,314.0,308.0
3217.0,762.0,736.0,747.0,320.0,321.0,331.0
3074.0,695.0,703.0,717.0,318.0,319.0,322.0
3035.0,712.0,658.0,733.0,308.0,316.0,308.0
3160.0,748.0,710.0,741.0,317.0,321.0,323.0
2912.0,669.0,656.0,692.0,300.0,298.0,297.0
3049.0,715.0,695.0,723.0,307.0,301.0,308.0
2822.0,662.0,631.0,660.0,281.0,293.0,295.0
2975.0,699.0,682.0,692.0,293.0,306.0,303.0
3163.0,736.0,758.0,719.0,312.0,324.0,314.0
2939.0,689.0,687.0,667.0,289.0,301.0,306.0
2908.0,669.0,684.0,678.0,285.0,297.0,295.0
3042.0,710.0,702.0,712.0,306.0,301.0,311.0
3013.0,698.0,702.0,688.0,304.0,320.0,301.0
2995.0,679.0,743.0,687.0,297.0,299.0,290.0
3079.0,733.0,732.0,700.0,306.0,301.0,307.0
3102.0,735.0,740.0,687.0,306.0,321.0,313.0
3178.0,728.0,750.0,760.0,311.0,312.0,317.0
3174.0,744.0,737.0,736.0,323.0,322.0,312.0
3226.0,775.0,740.0,762.0,299.0,331.0,319.0
3148.0,745.0,747.0,718.0,312.0,313.0,313.0
3098.0,715.0,721.0,738.0,314.0,311.0,299.0
3118.0,747.0,709.0,736.0,314.0,317.0,295.0
3113.0,726.0,710.0,754.0,308.0,299.0,316.0
3203.0,770.0,736.0,761.0,326.0,302.0,308.0
3222.0,750.0,765.0,743.0,328.0,313.0,323.0
3125.0,714.0,720.0,741.0,321.0,321.0,308.0
3131.0,756.0,729.0,734.0,319.0,306.0,287.0
3104.0,725.0,715.0,737.0,315.0,301.0,311.0
3078.0,711.0,713.0,716.0,317.0,313.0,308.0
3169.0,732.0,747.0,751.0,318.0,317.0,304.0
3198.0,761.0,748.0,744.0,323.0,307.0,315.0
3040.0,706.0,727.0,715.0,308.0,291.0,293.0
3075.0,715.0,726.0,705.0,313.0,307.0,309.0
3015.0,711.0,733.0,691.0,292.0,289.0,299.0
2946.0,647.0,711.0,712.0,287.0,292.0,297.0
3016.0,681.0,704.0,718.0,298.0,313.0,302.0
3035.0,712.0,707.0,695.0,298.0,310.0,313.0
2925.0,671.0,688.0,661.0,295.0,321.0,289.0
3025.0,682.0,730.0,692.0,304.0,303.0,314.0
2957.0,710.0,691.0,681.0,291.0,292.0,292.0
2998.0,680.0,704.0,706.0,292.0,306.0,310.0
3132.0,721.0,743.0,729.0,301.0,318.0,320.0
3215.0,750.0,741.0,765.0,298.0,329.0,332.0
3085.0,734.0,708.0,720.0,303.0,305.0,315.0
3075.0,717.0,709.0,720.0,322.0,304.0,303.0
3250.0,767.0,758.0,751.0,317.0,330.0,327.0
3290.0,773.0,738.0,782.0,327.0,332.0,338.0
3184.0,744.0,732.0,757.0,311.0,314.0,326.0
3238.0,740.0,765.0,777.0,315.0,318.0,323.0
3199.0,701.0,776.0,760.0,327.0,320.0,315.0
3163.0,725.0,744.0,730.0,331.0,321.0,312.0
3316.0,733.0,779.0,798.0,334.0,336.0,336.0
3263.0,733.0,772.0,752.0,341.0,335.0,330.0
3133.0,736.0,733.0,731.0,327.0,293.0,313.0
3127.0,706.0,736.0,747.0,321.0,300.0,317.0
3305.0,782.0,781.0,753.0,333.0,322.0,334.0
3189.0,748.0,735.0,735.0,333.0,318.0,320.0
3243.0,756.0,732.0,787.0,333.0,313.0,322.0
3046.0,737.0,716.0,699.0,300.0,300.0,294.0
2935.0,690.0,678.0,691.0,303.0,285.0,288.0
3052.0,730.0,707.0,715.0,309.0,301.0,290.0
3045.0,730.0,689.0,705.0,310.0,310.0,301.0
3005.0,718.0,692.0,695.0,304.0,292.0,304.0
3130.0,717.0,752.0,727.0,320.0,313.0,301.0
2978.0,694.0,714.0,705.0,290.0,282.0,293.0
3238.0,777.0,764.0,732.0,322.0,324.0,319.0
3257.0,769.0,769.0,756.0,317.0,318.0,328.0
3146.0,741.0,747.0,723.0,306.0,323.0,306.0
3330.0,775.0,807.0,782.0,313.0,340.0,313.0
3307.0,819.0,737.0,763.0,326.0,330.0,332.0
3287.0,807.0,768.0,758.0,308.0,324.0,322.0
3244.0,768.0,724.0,775.0,315.0,331.0,331.0
3399.0,808.0,800.0,795.0,326.0,337.0,333.0
3398.0,788.0,799.0,805.0,332.0,349.0,325.0
3255.0,755.0,751.0,770.0,318.0,329.0,332.0
3251.0,751.0,751.0,767.0,332.0,331.0,319.0
3168.0,733.0,735.0,737.0,316.0,320.0,327.0
3320.0,769.0,773.0,782.0,325.0,335.0,336.0
3164.0,737.0,698.0,742.0,329.0,322.0,336.0
3187.0,744.0,726.0,756.0,324.0,314.0,323.0
3109.0,741.0,714.0,709.0,316.0,319.0,310.0
3280.0,777.0,753.0,755.0,336.0,329.0,330.0
3201.0,766.0,733.0,732.0,329.0,320.0,321.0
3183.0,767.0,727.0,741.0,312.0,313.0,323.0
3182.0,783.0,747.0,688.0,315.0,324.0,325.0
3262.0,781.0,768.0,746.0,329.0,318.0,320.0
3249.0,754.0,778.0,745.0,334.0,317.0,321.0
3275.0,757.0,774.0,748.0,338.0,328.0,330.0
3097.0,707.0,736.0,718.0,316.0,308.0,312.0
3125.0,724.0,747.0,722.0,312.0,311.0,309.0
3293.0,743.0,797.0,768.0,327.0,321.0,337.0
3246.0,742.0,764.0,761.0,323.0,328.0,328.0
3157.0,740.0,731.0,737.0,315.0,317.0,317.0
3223.0,756.0,760.0,756.0,314.0,317.0,320.0
3373.0,802.0,765.0,800.0,338.0,331.0,337.0
3220.0,762.0,742.0,780.0,319.0,310.0,307.0
3437.0,835.0,785.0,800.0,343.0,338.0,336.0
3202.0,771.0,747.0,739.0,313.0,307.0,325.0
3417.0,823.0,752.0,823.0,331.0,345.0,343.0
3262.0,777.0,760.0,768.0,322.0,313.0,322.0
3312.0,769.0,762.0,788.0,334.0,338.0,321.0
3205.0,735.0,755.0,753.0,319.0,328.0,315.0
3311.0,759.0,797.0,759.0,330.0,337.0,329.0
3381.0,783.0,806.0,788.0,343.0,343.0,318.0
3247.0,748.0,799.0,732.0,326.0,327.0,315.0
3273.0,740.0,789.0,748.0,320.0,344.0,332.0
3297.0,797.0,764.0,736.0,340.0,343.0,317.0
3173.0,752.0,750.0,702.0,338.0,318.0,313.0
3273.0,778.0,766.0,756.0,328.0,328.0,317.0
3081.0,724.0,723.0,692.0,317.0,323.0,302.0
3250.0,776.0,768.0,729.0,331.0,323.0,323.0
3107.0,738.0,703.0,723.0,310.0,325.0,308.0
3187.0,748.0,737.0,739.0,324.0,319.0,320.0
3236.0,761.0,757.0,722.0,330.0,336.0,330.0
3127.0,710.0,713.0,775.0,309.0,309.0,311.0
3252.0,738.0,744.0,770.0,346.0,332.0,322.0
3172.0,718.0,719.0,771.0,324.0,321.0,319.0
3343.0,761.0,771.0,781.0,342.0,341.0,347.0
3286.0,759.0,778.0,764.0,331.0,323.0,331.0
3228.0,769.0,741.0,755.0,312.0,324.0,327.0
3325.0,766.0,788.0,789.0,318.0,339.0,325.0
3360.0,774.0,791.0,805.0,339.0,325.0,326.0
3355.0,783.0,789.0,779.0,324.0,323.0,357.0
3432.0,809.0,823.0,786.0,331.0,341.0,342.0
3488.0,828.0,819.0,807.0,338.0,343.0,353.0
3328.0,766.0,797.0,793.0,321.0,323.0,328.0
3510.0,822.0,818.0,821.0,347.0,347.0,355.0
3452.0,782.0,821.0,819.0,340.0,342.0,348.0
3285.0,754.0,770.0,765.0,323.0,333.0,340.0
3482.0,807.0,793.0,817.0,352.0,354.0,359.0
3206.0,743.0,735.0,761.0,326.0,311.0,330.0
3329.0,772.0,787.0,760.0,332.0,339.0,339.0
3208.0,724.0,755.0,762.0,330.0,317.0,320.0
3351.0,799.0,772.0,772.0,346.0,339.0,323.0
3227.0,767.0,733.0,767.0,312.0,322.0,326.0
3284.0,762.0,769.0,766.0,334.0,332.0,321.0
3250.0,785.0,770.0,754.0,315.0,320.0,306.0
3315.0,777.0,771.0,754.0,341.0,338.0,334.0
3263.0,759.0,760.0,771.0,334.0,321.0,318.0
3329.0,790.0,768.0,768.0,334.0,340.0,329.0
3221.0,732.0,758.0,761.0,317.0,331.0,322.0
3223.0,746.0,754.0,749.0,324.0,328.0,322.0
3167.0,738.0,744.0,725.0,316.0,323.0,321.0
3449.0,793.0,810.0,814.0,357.0,354.0,321.0
3480.0,808.0,827.0,812.0,351.0,336.0,346.0
3401.0,795.0,810.0,791.0,336.0,343.0,326.0
3525.0,813.0,822.0,844.0,353.0,352.0,341.0
3503.0,853.0,791.0,810.0,339.0,356.0,354.0
3528.0,815.0,816.0,848.0,351.0,349.0,349.0
3360.0,781.0,785.0,790.0,328.0,344.0,332.0
3515.0,823.0,796.0,814.0,355.0,363.0,364.0
3350.0,802.0,772.0,751.0,337.0,350.0,338.0
3366.0,814.0,747.0,785.0,339.0,334.0,347.0
3568.0,850.0,806.0,840.0,346.0,361.0,365.0
3612.0,831.0,863.0,842.0,349.0,355.0,372.0
3441.0,776.0,831.0,819.0,332.0,331.0,352.0
3406.0,772.0,811.0,788.0,342.0,347.0,346.0
3345.0,759.0,792.0,783.0,342.0,329.0,340.0
3371.0,805.0,794.0,777.0,333.0,317.0,345.0
3275.0,760.0,795.0,736.0,327.0,325.0,332.0
3568.0,851.0,837.0,818.0,344.0,353.0,365.0
3347.0,783.0,812.0,779.0,328.0,317.0,328.0
3250.0,765.0,773.0,751.0,319.0,315.0,327.0
3427.0,823.0,811.0,779.0,339.0,335.0,340.0
3160.0,734.0,740.0,754.0,304.0,310.0,318.0
3362.0,798.0,760.0,798.0,344.0,325.0,337.0
3326.0,741.0,782.0,785.0,343.0,331.0,344.0
3263.0,736.0,744.0,788.0,342.0,321.0,332.0
3257.0,735.0,740.0,785.0,331.0,334.0,332.0
3365.0,764.0,792.0,790.0,330.0,339.0,350.0
3380.0,785.0,782.0,809.0,339.0,334.0,331.0
3379.0,792.0,769.0,798.0,344.0,339.0,337.0
3334.0,784.0,773.0,769.0,332.0,333.0,343.0
3434.0,800.0,822.0,783.0,342.0,342.0,345.0
3476.0,806.0,776.0,830.0,357.0,358.0,349.0
3426.0,789.0,803.0,802.0,345.0,349.0,338.0
3498.0,833.0,837.0,773.0,356.0,352.0,347.0
3471.0,832.0,818.0,792.0,346.0,350.0,333.0
3432.0,798.0,810.0,784.0,338.0,354.0,348.0
3476.0,792.0,859.0,778.0,348.0,361.0,338.0
3453.0,779.0,864.0,776.0,342.0,354.0,338.0
3510.0,797.0,845.0,807.0,344.0,363.0,354.0
3523.0,836.0,846.0,797.0,350.0,350.0,344.0
3337.0,778.0,774.0,770.0,338.0,348.0,329.0
3233.0,747.0,750.0,774.0,321.0,326.0,315.0
3427.0,803.0,799.0,808.0,341.0,336.0,340.0
3394.0,800.0,793.0,798.0,325.0,336.0,342.0
3354.0,800.0,761.0,802.0,331.0,323.0,337.0
3405.0,797.0,799.0,796.0,337.0,332.0,344.0
3389.0,785.0,783.0,805.0,336.0,345.0,335.0
3500.0,808.0,814.0,840.0,348.0,344.0,346.0
3318.0,769.0,788.0,788.0,337.0,324.0,312.0
3284.0,766.0,778.0,767.0,322.0,318.0,333.0
3284.0,761.0,761.0,765.0,331.0,328.0,338.0
3312.0,761.0,777.0,780.0,340.0,323.0,331.0
3369.0,752.0,797.0,787.0,359.0,330.0,344.0
3407.0,767.0,801.0,813.0,343.0,334.0,349.0
3416.0,794.0,803.0,805.0,340.0,322.0,352.0
3449.0,791.0,809.0,805.0,363.0,342.0,339.0
3538.0,828.0,823.0,809.0,363.0,351.0,364.0
3481.0,813.0,810.0,813.0,342.0,350.0,353.0
3398.0,795.0,795.0,781.0,344.0,339.0,344.0
3524.0,849.0,806.0,784.0,366.0,356.0,363.0
3582.0,841.0,840.0,832.0,352.0,351.0,366.0
3411.0,823.0,755.0,780.0,345.0,347.0,361.0
3470.0,795.0,810.0,822.0,343.0,348.0,352.0
3520.0,825.0,809.0,828.0,349.0,355.0,354.0
3526.0,821.0,819.0,843.0,340.0,358.0,345.0
3382.0,740.0,819.0,797.0,328.0,356.0,342.0
3333.0,769.0,789.0,771.0,331.0,341.0,332.0
3444.0,816.0,798.0,807.0,334.0,342.0,347.0
3516.0,826.0,807.0,842.0,334.0,353.0,354.0
3374.0,790.0,806.0,770.0,328.0,344.0,336.0
3432.0,811.0,809.0,806.0,326.0,339.0,341.0
3504.0,808.0,822.0,839.0,339.0,348.0,348.0
3422.0,797.0,816.0,804.0,325.0,348.0,332.0
3358.0,761.0,801.0,800.0,338.0,338.0,320.0
3403.0,774.0,808.0,803.0,346.0,342.0,330.0
3533.0,831.0,827.0,835.0,337.0,350.0,353.0
3400.0,786.0,786.0,794.0,340.0,362.0,332.0
3302.0,765.0,748.0,791.0,335.0,331.0,332.0
3451.0,800.0,811.0,796.0,360.0,338.0,346.0
3465.0,839.0,800.0,795.0,347.0,345.0,339.0
3493.0,843.0,815.0,791.0,354.0,351.0,339.0
3400.0,808.0,781.0,782.0,347.0,337.0,345.0
3455.0,847.0,788.0,792.0,346.0,341.0,341.0
3734.0,889.0,864.0,855.0,376.0,373.0,377.0
3500.0,851.0,798.0,799.0,353.0,355.0,344.0
3602.0,844.0,842.0,835.0,368.0,360.0,353.0
3439.0,793.0,813.0,808.0,350.0,334.0,341.0
3583.0,845.0,846.0,822.0,359.0,349.0,362.0
3602.0,817.0,835.0,855.0,367.0,366.0,362.0
3541.0,804.0,841.0,842.0,353.0,344.0,357.0
3581.0,828.0,834.0,859.0,352.0,338.0,370.0
3556.0,806.0,831.0,852.0,349.0,357.0,361.0
3449.0,782.0,800.0,818.0,351.0,344.0,354.0
3502.0,818.0,813.0,833.0,344.0,346.0,348.0
3423.0,781.0,792.0,825.0,345.0,338.0,342.0
3545.0,826.0,850.0,822.0,355.0,349.0,343.0
3495.0,827.0,809.0,820.0,336.0,347.0,356.0
3478.0,802.0,799.0,829.0,342.0,350.0,356.0
3402.0,798.0,788.0,788.0,333.0,353.0,342.0
3620.0,865.0,825.0,828.0,356.0,375.0,371.0
3548.0,825.0,823.0,842.0,344.0,358.0,356.0
3403.0,777.0,801.0,779.0,349.0,343.0,354.0
3453.0,801.0,811.0,792.0,340.0,352.0,357.0
3567.0,842.0,840.0,815.0,346.0,370.0,354.0
3463.0,789.0,800.0,805.0,354.0,364.0,351.0
3655.0,851.0,876.0,818.0,379.0,355.0,376.0
3685.0,887.0,866.0,825.0,370.0,369.0,368.0
3653.0,860.0,858.0,841.0,374.0,364.0,356.0
3554.0,846.0,850.0,807.0,347.0,366.0,338.0
3426.0,814.0,810.0,777.0,354.0,335.0,336.0
3676.0,860.0,848.0,852.0,394.0,368.0,354.0
3830.0,908.0,892.0,878.0,385.0,387.0,380.0
3728.0,871.0,889.0,875.0,364.0,358.0,371.0
3585.0,836.0,815.0,852.0,369.0,357.0,356.0
3450.0,796.0,809.0,824.0,349.0,343.0,329.0
3481.0,788.0,811.0,833.0,362.0,347.0,340.0
3367.0,771.0,788.0,809.0,345.0,334.0,320.0
3568.0,817.0,825.0,857.0,361.0,351.0,357.0
3559.0,824.0,800.0,860.0,358.0,363.0,354.0
3412.0,814.0,761.0,809.0,339.0,351.0,338.0
3612.0,850.0,846.0,852.0,359.0,354.0,351.0
3542.0,841.0,815.0,847.0,347.0,348.0,344.0
3707.0,906.0,848.0,858.0,371.0,360.0,364.0
3483.0,849.0,822.0,797.0,332.0,335.0,348.0
3554.0,823.0,837.0,835.0,349.0,354.0,356.0
3453.0,801.0,813.0,802.0,335.0,346.0,356.0
3525.0,847.0,826.0,795.0,342.0,354.0,361.0
3454.0,785.0,830.0,792.0,349.0,345.0,353.0
3523.0,817.0,823.0,807.0,360.0,356.0,360.0
3559.0,848.0,859.0,777.0,355.0,364.0,356.0
3633.0,856.0,833.0,858.0,350.0,364.0,372.0
3721.0,855.0,863.0,881.0,371.0,373.0,378.0
3576.0,828.0,838.0,837.0,352.0,362.0,359.0
3668.0,844.0,834.0,868.0,368.0,381.0,373.0
3644.0,851.0,836.0,851.0,362.0,372.0,372.0
3648.0,851.0,832.0,856.0,368.0,375.0,366.0
3718.0,877.0,862.0,868.0,367.0,382.0,362.0
3791.0,887.0,858.0,899.0,377.0,386.0,384.0
3818.0,886.0,895.0,891.0,383.0,389.0,374.0
3704.0,896.0,833.0,856.0,370.0,366.0,383.0
3885.0,897.0,907.0,913.0,391.0,394.0,383.0
3603.0,839.0,840.0,815.0,358.0,383.0,368.0
3571.0,808.0,833.0,864.0,359.0,352.0,355.0
3531.0,800.0,842.0,843.0,352.0,348.0,346.0
3772.0,883.0,882.0,881.0,380.0,385.0,361.0
3625.0,828.0,873.0,827.0,372.0,359.0,366.0
3726.0,868.0,877.0,866.0,383.0,363.0,369.0
3551.0,824.0,846.0,816.0,361.0,352.0,352.0
3695.0,875.0,868.0,840.0,377.0,368.0,367.0
3411.0,833.0,781.0,771.0,351.0,338.0,337.0
3582.0,850.0,843.0,831.0,349.0,348.0,361.0
3605.0,875.0,817.0,836.0,359.0,357.0,361.0
3595.0,852.0,834.0,834.0,355.0,360.0,360.0
3519.0,843.0,818.0,811.0,351.0,355.0,341.0
3720.0,894.0,843.0,871.0,373.0,372.0,367.0
3522.0,818.0,812.0,831.0,360.0,351.0,350.0
3649.0,854.0,844.0,867.0,357.0,370.0,357.0
3442.0,787.0,808.0,794.0,352.0,349.0,352.0
3639.0,849.0,851.0,854.0,351.0,372.0,362.0
3615.0,855.0,859.0,859.0,350.0,350.0,342.0
3596.0,831.0,857.0,838.0,358.0,353.0,359.0
3516.0,827.0,835.0,820.0,346.0,349.0,339.0
3808.0,910.0,874.0,893.0,377.0,373.0,381.0
3712.0,845.0,875.0,880.0,376.0,375.0,361.0
3718.0,882.0,851.0,876.0,374.0,369.0,366.0
3771.0,867.0,865.0,913.0,369.0,380.0,377.0
3676.0,838.0,847.0,852.0,380.0,380.0,379.0
3766.0,865.0,858.0,898.0,393.0,377.0,375.0
3810.0,878.0,882.0,897.0,389.0,378.0,386.0
3727.0,835.0,883.0,884.0,366.0,388.0,371.0
3788.0,898.0,854.0,893.0,389.0,376.0,378.0
3564.0,827.0,835.0,810.0,366.0,366.0,360.0
3688.0,853.0,830.0,884.0,382.0,366.0,373.0
3580.0,867.0,830.0,800.0,362.0,369.0,352.0
3669.0,882.0,871.0,816.0,370.0,362.0,368.0
3616.0,873.0,845.0,825.0,359.0,346.0,368.0
3650.0,879.0,837.0,832.0,357.0,373.0,372.0
3810.0,894.0,892.0,898.0,372.0,375.0,379.0
3551.0,810.0,839.0,804.0,358.0,370.0,370.0
3563.0,815.0,842.0,838.0,353.0,358.0,357.0
3682.0,842.0,898.0,854.0,364.0,362.0,362.0
3698.0,851.0,873.0,874.0,369.0,357.0,374.0
3580.0,810.0,856.0,837.0,354.0,364.0,359.0
3745.0,876.0,886.0,864.0,382.0,359.0,378.0
3694.0,890.0,854.0,850.0,363.0,364.0,373.0
3742.0,914.0,866.0,871.0,367.0,363.0,361.0
3585.0,842.0,806.0,864.0,355.0,363.0,355.0
3642.0,876.0,822.0,881.0,362.0,349.0,352.0
3706.0,857.0,852.0,886.0,376.0,364.0,371.0
3862.0,946.0,883.0,898.0,378.0,382.0,375.0
3837.0,879.0,897.0,906.0,398.0,372.0,385.0
3973.0,930.0,916.0,953.0,386.0,391.0,397.0
3836.0,899.0,904.0,898.0,387.0,384.0,364.0
3693.0,871.0,868.0,874.0,370.0,366.0,344.0
3814.0,882.0,887.0,886.0,391.0,387.0,381.0
3585.0,809.0,851.0,855.0,373.0,356.0,341.0
3814.0,875.0,928.0,877.0,398.0,372.0,364.0
3718.0,865.0,885.0,846.0,387.0,370.0,365.0
3844.0,901.0,915.0,894.0,381.0,384.0,369.0
3800.0,897.0,906.0,865.0,377.0,381.0,374.0
3700.0,874.0,853.0,852.0,388.0,361.0,372.0
3779.0,915.0,890.0,842.0,376.0,379.0,377.0
3543.0,837.0,829.0,795.0,364.0,357.0,361.0
3713.0,865.0,863.0,860.0,376.0,374.0,375.0
3645.0,864.0,860.0,831.0,368.0,364.0,358.0
3615.0,840.0,832.0,845.0,360.0,376.0,362.0
3660.0,850.0,843.0,873.0,355.0,366.0,373.0
3569.0,826.0,818.0,850.0,343.0,367.0,365.0
3575.0,799.0,812.0,860.0,354.0,377.0,373.0
3757.0,873.0,879.0,878.0,378.0,380.0,369.0
3629.0,847.0,828.0,868.0,360.0,361.0,365.0
3899.0,906.0,877.0,930.0,385.0,403.0,398.0
3882.0,917.0,896.0,899.0,374.0,394.0,402.0
3835.0,892.0,889.0,901.0,389.0,384.0,380.0
3984.0,930.0,944.0,931.0,396.0,391.0,392.0
3836.0,912.0,900.0,901.0,369.0,374.0,380.0
3792.0,875.0,908.0,881.0,384.0,373.0,371.0
3868.0,880.0,910.0,936.0,376.0,376.0,390.0
3711.0,852.0,893.0,845.0,371.0,373.0,377.0
3992.0,947.0,926.0,915.0,407.0,390.0,407.0
3772.0,853.0,906.0,857.0,380.0,392.0,384.0
3779.0,890.0,886.0,866.0,381.0,370.0,386.0
3773.0,889.0,898.0,850.0,393.0,372.0,371.0
3836.0,928.0,887.0,872.0,384.0,379.0,386.0
3750.0,912.0,854.0,856.0,384.0,362.0,382.0
3818.0,899.0,896.0,894.0,380.0,369.0,380.0
3656.0,858.0,845.0,844.0,374.0,370.0,365.0
3859.0,930.0,912.0,899.0,386.0,374.0,358.0
3804.0,909.0,866.0,874.0,393.0,387.0,375.0
3555.0,822.0,830.0,833.0,362.0,355.0,353.0
3648.0,864.0,864.0,834.0,359.0,361.0,366.0
3744.0,855.0,892.0,872.0,368.0,378.0,379.0
3712.0,840.0,886.0,890.0,358.0,372.0,366.0
3708.0,822.0,876.0,905.0,370.0,371.0,364.0
3737.0,863.0,884.0,890.0,363.0,383.0,354.0
3915.0,903.0,911.0,954.0,380.0,392.0,375.0
3985.0,929.0,917.0,956.0,396.0,403.0,384.0
3923.0,928.0,937.0,902.0,382.0,391.0,383.0
3980.0,936.0,929.0,941.0,391.0,402.0,381.0
3899.0,915.0,894.0,925.0,380.0,402.0,383.0
3957.0,946.0,894.0,931.0,393.0,398.0,395.0
3941.0,918.0,937.0,907.0,383.0,401.0,395.0
3951.0,931.0,916.0,927.0,381.0,400.0,396.0
3957.0,910.0,898.0,947.0,395.0,405.0,402.0
3856.0,892.0,896.0,896.0,394.0,383.0,395.0
3835.0,886.0,900.0,898.0,378.0,382.0,391.0
3852.0,903.0,894.0,904.0,387.0,372.0,392.0
3954.0,935.0,926.0,916.0,386.0,397.0,394.0
3770.0,875.0,844.0,890.0,385.0,383.0,393.0
3766.0,880.0,897.0,873.0,369.0,369.0,378.0
3772.0,881.0,874.0,882.0,377.0,377.0,381.0
3861.0,915.0,911.0,897.0,377.0,377.0,384.0
3833.0,909.0,894.0,874.0,386.0,381.0,389.0
3879.0,912.0,916.0,913.0,392.0,369.0,377.0
3804.0,887.0,918.0,867.0,382.0,367.0,383.0
3766.0,879.0,898.0,869.0,376.0,362.0,382.0
3736.0,863.0,864.0,894.0,380.0,361.0,374.0
3685.0,838.0,872.0,857.0,386.0,356.0,376.0
3878.0,916.0,906.0,901.0,389.0,381.0,385.0
3782.0,873.0,875.0,903.0,366.0,385.0,380.0
3789.0,870.0,881.0,900.0,378.0,379.0,381.0
3903.0,898.0,905.0,936.0,372.0,397.0,395.0
3855.0,910.0,866.0,912.0,381.0,392.0,394.0
3859.0,885.0,907.0,898.0,377.0,396.0,396.0
3912.0,921.0,894.0,911.0,402.0,393.0,391.0
3953.0,952.0,918.0,935.0,378.0,375.0,395.0
3976.0,963.0,910.0,925.0,392.0,395.0,391.0
3911.0,920.0,898.0,922.0,393.0,382.0,396.0
3852.0,928.0,892.0,886.0,380.0,389.0,377.0
3923.0,923.0,925.0,898.0,392.0,402.0,383.0
3762.0,884.0,882.0,858.0,379.0,391.0,368.0
4021.0,935.0,958.0,928.0,402.0,411.0,387.0
3973.0,932.0,926.0,913.0,387.0,418.0,397.0
3932.0,919.0,913.0,918.0,386.0,405.0,391.0
3775.0,863.0,907.0,885.0,370.0,376.0,374.0
3730.0,850.0,868.0,897.0,372.0,385.0,358.0
3891.0,908.0,885.0,933.0,401.0,392.0,372.0
3792.0,901.0,866.0,894.0,374.0,378.0,379.0
3811.0,901.0,864.0,905.0,383.0,381.0,377.0
3785.0,910.0,867.0,869.0,382.0,386.0,371.0
3983.0,949.0,901.0,946.0,390.0,397.0,400.0
3768.0,865.0,843.0,900.0,400.0,374.0,386.0
3831.0,904.0,866.0,898.0,401.0,380.0,382.0
3729.0,855.0,850.0,876.0,380.0,385.0,383.0
3905.0,908.0,895.0,927.0,394.0,392.0,389.0
3944.0,899.0,914.0,942.0,393.0,393.0,403.0
3912.0,904.0,911.0,928.0,401.0,383.0,385.0
3832.0,888.0,909.0,882.0,402.0,351.0,400.0
3991.0,936.0,941.0,916.0,403.0,395.0,400.0
3891.0,893.0,900.0,910.0,399.0,383.0,406.0
4185.0,996.0,992.0,956.0,419.0,413.0,409.0
3907.0,916.0,929.0,893.0,394.0,385.0,390.0
3948.0,899.0,945.0,906.0,400.0,394.0,404.0
4005.0,962.0,943.0,906.0,393.0,397.0,404.0
3934.0,946.0,902.0,920.0,389.0,391.0,386.0
3936.0,912.0,918.0,904.0,402.0,396.0,404.0
3941.0,929.0,906.0,929.0,393.0,387.0,397.0
3877.0,893.0,892.0,919.0,383.0,381.0,409.0
4004.0,898.0,956.0,949.0,399.0,401.0,401.0
3978.0,912.0,921.0,949.0,394.0,404.0,398.0
4104.0,946.0,959.0,980.0,401.0,412.0,406.0
3937.0,914.0,916.0,934.0,385.0,397.0,391.0
4031.0,945.0,934.0,938.0,403.0,408.0,403.0
3953.0,931.0,908.0,928.0,394.0,407.0,385.0
3998.0,941.0,928.0,936.0,394.0,409.0,390.0
3881.0,917.0,907.0,912.0,388.0,379.0,378.0
3899.0,906.0,903.0,920.0,399.0,388.0,383.0
3966.0,919.0,919.0,928.0,398.0,403.0,399.0
3876.0,885.0,914.0,916.0,389.0,396.0,376.0
3887.0,898.0,908.0,903.0,396.0,399.0,383.0
3766.0,856.0,896.0,868.0,384.0,384.0,378.0
3905.0,897.0,905.0,921.0,402.0,398.0,382.0
3865.0,887.0,919.0,897.0,385.0,387.0,390.0
4144.0,962.0,959.0,973.0,425.0,410.0,415.0
3932.0,923.0,912.0,904.0,404.0,390.0,399.0
3894.0,910.0,897.0,910.0,403.0,388.0,386.0
3968.0,944.0,901.0,914.0,397.0,411.0,401.0
4170.0,1003.0,937.0,965.0,433.0,414.0,418.0
3909.0,942.0,895.0,895.0,392.0,388.0,397.0
3985.0,919.0,947.0,911.0,398.0,411.0,399.0
4032.0,941.0,941.0,946.0,405.0,406.0,393.0
4121.0,969.0,977.0,945.0,417.0,396.0,417.0
4220.0,970.0,1015.0,996.0,410.0,411.0,418.0
4041.0,944.0,960.0,933.0,406.0,388.0,410.0
3986.0,923.0,943.0,927.0,392.0,393.0,408.0
4035.0,912.0,973.0,952.0,399.0,394.0,405.0
3981.0,933.0,938.0,934.0,384.0,383.0,409.0
3963.0,902.0,922.0,947.0,389.0,403.0,400.0
3997.0,944.0,912.0,952.0,396.0,397.0,396.0
3890.0,909.0,893.0,944.0,377.0,379.0,388.0
4041.0,929.0,943.0,975.0,397.0,395.0,402.0
3963.0,935.0,918.0,925.0,384.0,397.0,404.0
3962.0,950.0,907.0,922.0,379.0,389.0,415.0
3840.0,899.0,874.0,899.0,386.0,388.0,394.0
3939.0,902.0,902.0,925.0,401.0,405.0,404.0
3884.0,901.0,901.0,892.0,391.0,398.0,401.0
3947.0,910.0,894.0,910.0,415.0,408.0,410.0
3908.0,889.0,899.0,913.0,403.0,407.0,397.0
4041.0,933.0,964.0,922.0,406.0,398.0,418.0
4038.0,939.0,947.0,924.0,413.0,409.0,406.0
4196.0,970.0,1000.0,972.0,420.0,425.0,409.0
3981.0,953.0,912.0,896.0,406.0,409.0,405.0
4025.0,947.0,949.0,930.0,402.0,396.0,401.0
4072.0,958.0,965.0,934.0,408.0,401.0,406.0
4159.0,977.0,974.0,968.0,413.0,415.0,412.0
4100.0,972.0,966.0,939.0,408.0,422.0,393.0
4106.0,967.0,974.0,948.0,407.0,401.0,409.0
3987.0,912.0,948.0,930.0,402.0,396.0,399.0
4144.0,958.0,979.0,968.0,404.0,432.0,403.0
4026.0,930.0,919.0,961.0,411.0,406.0,399.0
4070.0,934.0,955.0,967.0,403.0,413.0,398.0
4090.0,942.0,939.0,979.0,418.0,409.0,403.0
4140.0,957.0,957.0,980.0,414.0,420.0,412.0
3940.0,919.0,925.0,931.0,384.0,392.0,389.0
3976.0,935.0,918.0,940.0,390.0,397.0,396.0
4017.0,935.0,906.0,987.0,388.0,406.0,395.0
3887.0,906.0,887.0,935.0,380.0,383.0,396.0
4011.0,952.0,930.0,934.0,405.0,393.0,397.0
3973.0,943.0,921.0,927.0,395.0,385.0,402.0
3866.0,927.0,920.0,885.0,383.0,385.0,366.0
3873.0,910.0,923.0,892.0,393.0,372.0,383.0
4073.0,946.0,982.0,918.0,418.0,398.0,411.0
3968.0,933.0,944.0,891.0,408.0,389.0,403.0
4090.0,949.0,963.0,936.0,417.0,411.0,414.0
4132.0,943.0,1002.0,947.0,422.0,412.0,406.0
4029.0,932.0,950.0,906.0,406.0,411.0,424.0
4067.0,961.0,961.0,926.0,411.0,408.0,400.0
4207.0,963.0,1001.0,970.0,433.0,412.0,428.0
4084.0,970.0,949.0,941.0,409.0,406.0,409.0
4365.0,1041.0,1004.0,1021.0,430.0,441.0,428.0
4108.0,965.0,953.0,961.0,415.0,411.0,403.0
4158.0,962.0,967.0,964.0,425.0,421.0,419.0
4109.0,954.0,927.0,975.0,421.0,412.0,420.0
4161.0,971.0,936.0,990.0,415.0,433.0,416.0
4280.0,990.0,1000.0,1001.0,429.0,427.0,433.0
4063.0,935.0,949.0,935.0,411.0,418.0,415.0
4127.0,962.0,937.0,976.0,414.0,414.0,424.0
4053.0,942.0,962.0,934.0,397.0,411.0,407.0
4113.0,942.0,955.0,983.0,402.0,424.0,407.0
4134.0,958.0,972.0,987.0,394.0,416.0,407.0
4079.0,965.0,950.0,970.0,400.0,400.0,394.0
4151.0,989.0,980.0,960.0,409.0,410.0,403.0
4160.0,985.0,979.0,973.0,402.0,411.0,410.0
4105.0,985.0,955.0,942.0,413.0,401.0,409.0
4122.0,981.0,977.0,944.0,403.0,406.0,411.0
3936.0,915.0,933.0,927.0,390.0,392.0,379.0
4209.0,965.0,993.0,974.0,422.0,416.0,439.0
3854.0,880.0,918.0,902.0,383.0,390.0,381.0
4021.0,953.0,945.0,943.0,397.0,386.0,397.0
4042.0,929.0,949.0,946.0,403.0,404.0,411.0
4065.0,940.0,944.0,960.0,412.0,406.0,403.0
4013.0,934.0,922.0,980.0,400.0,387.0,390.0
4279.0,1012.0,991.0,999.0,429.0,429.0,419.0
3987.0,920.0,930.0,944.0,413.0,388.0,392.0
4108.0,969.0,929.0,978.0,415.0,409.0,408.0
4308.0,1028.0,1004.0,1001.0,435.0,419.0,421.0
4256.0,1010.0,971.0,1004.0,432.0,415.0,424.0
4207.0,982.0,1001.0,990.0,416.0,417.0,401.0
4185.0,964.0,1008.0,974.0,426.0,399.0,414.0
4299.0,1013.0,1016.0,1003.0,427.0,426.0,414.0
4148.0,932.0,966.0,996.0,421.0,428.0,405.0
4121.0,957.0,968.0,959.0,423.0,392.0,422.0
4139.0,963.0,961.0,952.0,421.0,416.0,426.0
3989.0,931.0,924.0,908.0,407.0,415.0,404.0
4163.0,972.0,957.0,978.0,419.0,420.0,417.0
3991.0,938.0,924.0,916.0,407.0,406.0,400.0
4275.0,1021.0,988.0,970.0,433.0,435.0,428.0
4079.0,957.0,946.0,926.0,422.0,418.0,410.0
3965.0,927.0,920.0,914.0,398.0,415.0,391.0
4097.0,977.0,929.0,943.0,412.0,426.0,410.0
4160.0,968.0,963.0,950.0,425.0,429.0,425.0
4113.0,965.0,967.0,948.0,404.0,412.0,417.0
4095.0,974.0,941.0,969.0,395.0,407.0,409.0
4234.0,968.0,997.0,994.0,419.0,422.0,434.0
4118.0,960.0,961.0,958.0,408.0,411.0,420.0
3981.0,917.0,926.0,942.0,391.0,413.0,392.0
4181.0,990.0,979.0,974.0,411.0,416.0,411.0
4138.0,941.0,1000.0,957.0,420.0,410.0,410.0
4181.0,967.0,986.0,996.0,413.0,405.0,414.0
4297.0,993.0,1008.0,1025.0,422.0,425.0,424.0
4426.0,1057.0,1035.0,1033.0,433.0,424.0,444.0
4280.0,995.0,974.0,1014.0,437.0,427.0,433.0
4218.0,1022.0,934.0,995.0,438.0,411.0,418.0
4167.0,1003.0,938.0,995.0,412.0,416.0,403.0
4181.0,997.0,958.0,997.0,406.0,414.0,409.0
4366.0,1021.0,991.0,1051.0,438.0,434.0,431.0
4148.0,951.0,955.0,970.0,431.0,428.0,413.0
4216.0,978.0,947.0,1021.0,435.0,417.0,418.0
4191.0,952.0,981.0,987.0,439.0,418.0,414.0
4219.0,971.0,998.0,980.0,422.0,419.0,429.0
4166.0,971.0,993.0,955.0,417.0,410.0,420.0
4262.0,993.0,1008.0,990.0,423.0,428.0,420.0
4144.0,989.0,962.0,964.0,418.0,413.0,398.0
4103.0,964.0,973.0,947.0,412.0,402.0,405.0
4108.0,959.0,953.0,951.0,425.0,408.0,412.0
4057.0,949.0,979.0,910.0,410.0,408.0,401.0
4033.0,929.0,967.0,927.0,400.0,413.0,397.0
4209.0,981.0,980.0,967.0,419.0,436.0,426.0
4033.0,953.0,950.0,933.0,396.0,411.0,390.0
4311.0,1003.0,1013.0,989.0,426.0,446.0,434.0
4110.0,950.0,959.0,965.0,392.0,428.0,416.0
4223.0,957.0,1014.0,983.0,422.0,421.0,426.0
4293.0,1018.0,984.0,1001.0,417.0,435.0,438.0
4307.0,1001.0,975.0,1024.0,433.0,443.0,431.0
4303.0,1034.0,962.0,1017.0,430.0,427.0,433.0
4421.0,1021.0,1030.0,1054.0,429.0,444.0,443.0
4165.0,980.0,939.0,988.0,404.0,439.0,415.0
4332.0,1059.0,997.0,970.0,427.0,434.0,445.0
4398.0,1030.0,1003.0,1038.0,440.0,434.0,453.0
4321.0,1019.0,1012.0,996.0,427.0,428.0,439.0
4080.0,954.0,959.0,948.0,411.0,396.0,412.0
4320.0,987.0,1029.0,1008.0,431.0,431.0,434.0
4350.0,1027.0,994.0,1015.0,444.0,442.0,428.0
4351.0,991.0,1013.0,1039.0,440.0,434.0,434.0
4335.0,1010.0,1021.0,1003.0,438.0,432.0,431.0
4270.0,1004.0,1003.0,989.0,430.0,420.0,424.0
4149.0,938.0,989.0,979.0,421.0,404.0,418.0
4284.0,982.0,1014.0,986.0,432.0,432.0,438.0
4061.0,936.0,956.0,949.0,413.0,402.0,405.0
4148.0,970.0,958.0,981.0,422.0,406.0,411.0
4184.0,997.0,988.0,964.0,414.0,411.0,410.0
4157.0,1001.0,933.0,975.0,419.0,411.0,418.0
4072.0,965.0,939.0,943.0,407.0,413.0,405.0
4062.0,963.0,925.0,954.0,407.0,405.0,408.0
4135.0,984.0,933.0,1000.0,403.0,413.0,402.0
4055.0,938.0,956.0,968.0,394.0,407.0,392.0
4250.0,982.0,1005.0,989.0,424.0,431.0,419.0
4190.0,951.0,992.0,996.0,421.0,426.0,404.0
4233.0,990.0,983.0,997.0,424.0,424.0,415.0
4270.0,990.0,1012.0,985.0,423.0,433.0,427.0
4384.0,1009.0,1042.0,1038.0,431.0,435.0,429.0
4381.0,1025.0,1042.0,1026.0,425.0,438.0,425.0
4354.0,1026.0,1019.0,1023.0,427.0,425.0,434.0
4487.0,1071.0,1058.0,1037.0,428.0,460.0,433.0
4375.0,1022.0,1037.0,1023.0,428.0,433.0,432.0
4402.0,1002.0,1049.0,1042.0,436.0,444.0,429.0
4281.0,1012.0,1017.0,983.0,421.0,433.0,415.0
4308.0,989.0,998.0,1016.0,431.0,442.0,432.0
4323.0,1019.0,1017.0,958.0,446.0,439.0,444.0
4281.0,991.0,980.0,1000.0,433.0,436.0,441.0
4371.0,1040.0,980.0,1023.0,442.0,447.0,439.0
4285.0,985.0,997.0,994.0,432.0,438.0,439.0
4299.0,1002.0,967.0,1010.0,442.0,436.0,442.0
4319.0,997.0,1010.0,986.0,445.0,442.0,439.0
4321.0,985.0,1005.0,1004.0,442.0,440.0,445.0
4348.0,1022.0,1006.0,1017.0,444.0,423.0,436.0
4319.0,1014.0,1019.0,996.0,436.0,417.0,437.0
4314.0,1033.0,1036.0,964.0,430.0,417.0,434.0
4359.0,1016.0,1025.0,1011.0,433.0,427.0,447.0
4240.0,968.0,1007.0,1011.0,418.0,407.0,429.0
4193.0,958.0,999.0,977.0,418.0,416.0,425.0
4379.0,1003.0,1026.0,1060.0,439.0,428.0,423.0
4304.0,1001.0,1000.0,1004.0,430.0,425.0,444.0
4377.0,988.0,1037.0,1039.0,432.0,438.0,443.0
4356.0,1001.0,1029.0,1040.0,434.0,426.0,426.0
4365.0,1009.0,1011.0,1031.0,434.0,435.0,445.0
4287.0,983.0,1022.0,1009.0,429.0,427.0,417.0
4210.0,996.0,967.0,988.0,422.0,419.0,418.0
4365.0,1052.0,990.0,997.0,446.0,444.0,436.0
4398.0,1040.0,1012.0,1027.0,434.0,440.0,445.0
4309.0,1005.0,1002.0,995.0,425.0,441.0,441.0
4460.0,1062.0,1055.0,1017.0,431.0,458.0,437.0
4374.0,1039.0,1005.0,1018.0,431.0,446.0,435.0
4331.0,1035.0,1021.0,993.0,422.0,437.0,423.0
4434.0,1026.0,1042.0,1034.0,450.0,445.0,437.0
4281.0,982.0,1006.0,989.0,437.0,431.0,436.0
4236.0,956.0,1011.0,961.0,432.0,449.0,427.0
4289.0,959.0,1034.0,1006.0,428.0,438.0,424.0
4386.0,1024.0,1020.0,1022.0,451.0,439.0,430.0
4318.0,1007.0,1037.0,998.0,432.0,427.0,417.0
4346.0,1023.0,1013.0,1004.0,441.0,439.0,426.0
4338.0,1005.0,1017.0,1033.0,425.0,430.0,428.0
4262.0,981.0,984.0,998.0,437.0,433.0,429.0
4200.0,967.0,987.0,991.0,427.0,419.0,409.0
4249.0,981.0,971.0,1027.0,425.0,424.0,421.0
4380.0,1022.0,991.0,1048.0,436.0,443.0,440.0
4244.0,1012.0,953.0,1010.0,429.0,412.0,428.0
4183.0,956.0,967.0,994.0,431.0,414.0,421.0
4307.0,1029.0,985.0,995.0,421.0,438.0,439.0
4359.0,1003.0,1001.0,1036.0,443.0,437.0,439.0
4287.0,988.0,1001.0,1028.0,421.0,413.0,436.0
4376.0,1023.0,1015.0,1020.0,435.0,442.0,441.0
4383.0,1015.0,1012.0,1044.0,432.0,440.0,440.0
4408.0,1011.0,1035.0,1025.0,440.0,445.0,452.0
4568.0,1072.0,1061.0,1056.0,450.0,458.0,471.0
4614.0,1113.0,1079.0,1049.0,456.0,456.0,461.0
4374.0,1015.0,1022.0,1016.0,436.0,434.0,451.0
4443.0,1013.0,1072.0,1037.0,429.0,437.0,455.0
4605.0,1072.0,1105.0,1066.0,444.0,445.0,473.0
4471.0,1037.0,1056.0,1043.0,442.0,438.0,455.0
4391.0,1002.0,1054.0,1024.0,430.0,436.0,445.0
4468.0,1023.0,1058.0,1051.0,441.0,441.0,454.0
4426.0,1025.0,1038.0,1033.0,436.0,444.0,450.0
4400.0,1007.0,1014.0,1041.0,446.0,438.0,454.0
4450.0,1037.0,1025.0,1050.0,455.0,449.0,434.0
4304.0,1010.0,1009.0,999.0,432.0,422.0,432.0
4554.0,1068.0,1055.0,1043.0,469.0,452.0,467.0
4554.0,1073.0,1036.0,1075.0,459.0,463.0,448.0
4347.0,1049.0,982.0,1031.0,430.0,428.0,427.0
4499.0,1069.0,1019.0,1054.0,462.0,449.0,446.0
4425.0,1000.0,1039.0,1044.0,450.0,450.0,442.0
4324.0,1001.0,1017.0,1010.0,440.0,431.0,425.0
4249.0,962.0,1006.0,1009.0,435.0,426.0,411.0
4363.0,1005.0,1027.0,1013.0,437.0,441.0,440.0
4297.0,999.0,1020.0,986.0,435.0,435.0,422.0
4315.0,984.0,1030.0,1011.0,428.0,436.0,426.0
4203.0,972.0,973.0,980.0,421.0,434.0,423.0
4244.0,1010.0,989.0,985.0,425.0,420.0,415.0
4478.0,1026.0,1037.0,1059.0,444.0,461.0,451.0
4489.0,1056.0,1041.0,1051.0,440.0,457.0,444.0
4458.0,1069.0,1038.0,1023.0,437.0,453.0,438.0
4485.0,1070.0,1032.0,1035.0,451.0,448.0,449.0
4307.0,1011.0,1000.0,1016.0,424.0,431.0,425.0
4316.0,1032.0,963.0,1008.0,430.0,443.0,440.0
4444.0,1062.0,1031.0,1030.0,436.0,443.0,442.0
4538.0,1066.0,1037.0,1082.0,447.0,447.0,459.0
4583.0,1068.0,1090.0,1061.0,459.0,443.0,462.0
4383.0,1021.0,1001.0,1050.0,432.0,432.0,447.0
4437.0,1041.0,1034.0,1030.0,444.0,432.0,456.0
4414.0,1011.0,1034.0,1049.0,441.0,434.0,445.0
4515.0,1033.0,1074.0,1061.0,440.0,444.0,463.0
4387.0,1026.0,1010.0,1043.0,434.0,437.0,437.0
4471.0,1007.0,1066.0,1037.0,452.0,446.0,463.0
4445.0,1046.0,1053.0,1020.0,445.0,425.0,456.0
4304.0,1008.0,1004.0,1010.0,421.0,427.0,434.0
4194.0,976.0,966.0,986.0,425.0,408.0,433.0
4446.0,1033.0,1038.0,1023.0,447.0,445.0,460.0
4406.0,1021.0,1019.0,1022.0,460.0,432.0,452.0
4592.0,1072.0,1058.0,1088.0,455.0,462.0,457.0
4410.0,1015.0,1009.0,1031.0,459.0,457.0,439.0
4413.0,1038.0,1031.0,1005.0,447.0,443.0,449.0
4380.0,1016.0,1013.0,1035.0,430.0,442.0,444.0
4190.0,958.0,982.0,978.0,416.0,430.0,426.0
4369.0,1011.0,1025.0,1018.0,433.0,443.0,439.0
4536.0,1069.0,1043.0,1056.0,451.0,458.0,459.0
4514.0,1069.0,1035.0,1038.0,463.0,465.0,444.0
4566.0,1076.0,1079.0,1045.0,462.0,453.0,451.0
4553.0,1079.0,1035.0,1057.0,465.0,462.0,455.0
4616.0,1089.0,1101.0,1052.0,448.0,467.0,459.0
4685.0,1093.0,1121.0,1085.0,460.0,466.0,460.0
4603.0,1089.0,1087.0,1052.0,451.0,463.0,461.0
4535.0,1031.0,1075.0,1078.0,450.0,457.0,444.0
4688.0,1072.0,1134.0,1116.0,451.0,456.0,459.0
4433.0,1003.0,1044.0,1062.0,444.0,448.0,432.0
4591.0,1054.0,1087.0,1094.0,456.0,446.0,454.0
4561.0,1054.0,1074.0,1069.0,447.0,465.0,452.0
4556.0,1059.0,1054.0,1100.0,440.0,452.0,451.0
4553.0,1029.0,1070.0,1079.0,461.0,461.0,453.0
4467.0,1078.0,1046.0,1018.0,429.0,453.0,443.0
4502.0,1087.0,1037.0,1037.0,449.0,438.0,454.0
4481.0,1062.0,1050.0,1044.0,443.0,440.0,442.0
4300.0,1030.0,986.0,992.0,435.0,429.0,428.0
4495.0,1040.0,1033.0,1061.0,462.0,456.0,443.0
4446.0,1049.0,1035.0,1031.0,446.0,447.0,438.0
4474.0,1051.0,1057.0,1024.0,458.0,436.0,448.0
4493.0,1029.0,1083.0,1012.0,459.0,457.0,453.0
4675.0,1105.0,1101.0,1077.0,481.0,448.0,463.0
4406.0,1009.0,1040.0,1004.0,458.0,440.0,455.0
4611.0,1073.0,1105.0,1052.0,467.0,449.0,465.0
4488.0,1039.0,1048.0,1029.0,464.0,445.0,463.0
4462.0,1045.0,1041.0,1026.0,448.0,453.0,449.0
4609.0,1058.0,1099.0,1075.0,452.0,457.0,468.0
4664.0,1083.0,1101.0,1052.0,480.0,466.0,482.0
4605.0,1073.0,1087.0,1070.0,459.0,452.0,464.0
4776.0,1106.0,1122.0,1101.0,484.0,472.0,491.0
4527.0,1058.0,1041.0,1066.0,453.0,449.0,460.0
4606.0,1088.0,1039.0,1081.0,469.0,460.0,469.0
4662.0,1068.0,1054.0,1124.0,472.0,477.0,467.0
4591.0,1040.0,1062.0,1095.0,455.0,473.0,466.0
4584.0,1055.0,1062.0,1086.0,450.0,466.0,465.0
4725.0,1082.0,1130.0,1091.0,465.0,474.0,483.0
4549.0,1043.0,1061.0,1084.0,455.0,458.0,448.0
4557.0,1055.0,1072.0,1062.0,450.0,470.0,448.0
4664.0,1064.0,1111.0,1102.0,452.0,473.0,462.0
4581.0,1063.0,1072.0,1086.0,445.0,460.0,455.0
4612.0,1073.0,1109.0,1066.0,458.0,451.0,455.0
4594.0,1083.0,1104.0,1052.0,451.0,468.0,436.0
4440.0,1058.0,1049.0,1008.0,437.0,447.0,441.0
4506.0,1074.0,1044.0,1035.0,442.0,464.0,447.0
4462.0,1060.0,1051.0,1003.0,451.0,452.0,445.0
4555.0,1053.0,1083.0,1040.0,466.0,465.0,448.0
4276.0,984.0,1009.0,995.0,428.0,431.0,429.0
4400.0,1005.0,1061.0,1023.0,435.0,440.0,436.0
4563.0,1031.0,1081.0,1066.0,466.0,465.0,454.0
4480.0,1027.0,1045.0,1032.0,462.0,463.0,451.0
4418.0,1021.0,1026.0,1039.0,454.0,435.0,443.0
4648.0,1089.0,1071.0,1087.0,472.0,463.0,466.0
4617.0,1060.0,1065.0,1097.0,475.0,458.0,462.0
4617.0,1103.0,1052.0,1105.0,468.0,439.0,450.0
4697.0,1120.0,1086.0,1086.0,479.0,457.0,469.0
4640.0,1121.0,1063.0,1057.0,475.0,462.0,462.0
4689.0,1098.0,1089.0,1106.0,461.0,464.0,471.0
4849.0,1137.0,1119.0,1143.0,485.0,485.0,480.0
4722.0,1085.0,1087.0,1130.0,467.0,471.0,482.0
4635.0,1086.0,1085.0,1087.0,465.0,455.0,457.0
4519.0,1035.0,1042.0,1076.0,454.0,451.0,461.0
4597.0,1056.0,1072.0,1080.0,458.0,459.0,472.0
4721.0,1099.0,1092.0,1123.0,464.0,463.0,480.0
4666.0,1115.0,1066.0,1077.0,458.0,477.0,473.0
4703.0,1089.0,1093.0,1099.0,464.0,477.0,481.0
4622.0,1070.0,1083.0,1084.0,448.0,468.0,469.0
4539.0,1047.0,1064.0,1057.0,449.0,458.0,464.0
4526.0,1099.0,1027.0,1042.0,429.0,464.0,465.0
4459.0,1064.0,1045.0,1016.0,436.0,443.0,455.0
4489.0,1033.0,1046.0,1055.0,445.0,460.0,450.0
4472.0,1066.0,1013.0,1048.0,447.0,447.0,451.0
4501.0,1057.0,1050.0,1045.0,442.0,448.0,459.0
4531.0,1046.0,1052.0,1056.0,456.0,466.0,455.0
4689.0,1064.0,1083.0,1112.0,475.0,475.0,480.0
4549.0,1052.0,1050.0,1076.0,463.0,457.0,451.0
4597.0,1067.0,1072.0,1061.0,467.0,474.0,456.0
4535.0,1056.0,1052.0,1064.0,456.0,449.0,458.0
4626.0,1084.0,1078.0,1090.0,459.0,462.0,453.0
4780.0,1125.0,1104.0,1121.0,473.0,469.0,488.0
4741.0,1117.0,1100.0,1120.0,478.0,462.0,464.0
4781.0,1122.0,1118.0,1122.0,473.0,471.0,475.0
4671.0,1077.0,1087.0,1112.0,466.0,464.0,465.0
4711.0,1092.0,1084.0,1131.0,479.0,460.0,465.0
4774.0,1124.0,1092.0,1138.0,472.0,485.0,463.0
4872.0,1139.0,1142.0,1136.0,490.0,484.0,481.0
4748.0,1100.0,1118.0,1126.0,477.0,466.0,461.0
4546.0,1068.0,1055.0,1065.0,460.0,446.0,452.0
4442.0,1033.0,1036.0,1040.0,447.0,444.0,442.0
4603.0,1087.0,1069.0,1053.0,467.0,466.0,461.0
4628.0,1070.0,1083.0,1086.0,475.0,454.0,460.0
4606.0,1088.0,1076.0,1056.0,460.0,447.0,479.0
4573.0,1089.0,1099.0,1045.0,443.0,447.0,450.0
4744.0,1109.0,1104.0,1101.0,469.0,493.0,468.0
4622.0,1115.0,1071.0,1067.0,455.0,458.0,456.0
4538.0,1092.0,1077.0,1019.0,440.0,460.0,450.0
4536.0,1077.0,1075.0,1048.0,446.0,447.0,443.0
4558.0,1066.0,1074.0,1054.0,447.0,471.0,446.0
4608.0,1055.0,1084.0,1090.0,462.0,454.0,463.0
4554.0,1041.0,1077.0,1082.0,447.0,452.0,455.0
4605.0,1069.0,1089.0,1072.0,449.0,464.0,462.0
4563.0,1045.0,1071.0,1083.0,452.0,457.0,455.0
4692.0,1081.0,1112.0,1091.0,464.0,471.0,473.0
4727.0,1098.0,1108.0,1101.0,472.0,478.0,470.0
4811.0,1107.0,1128.0,1128.0,480.0,472.0,496.0
4889.0,1146.0,1130.0,1155.0,480.0,489.0,489.0
4740.0,1125.0,1052.0,1118.0,476.0,480.0,489.0
4620.0,1075.0,1045.0,1096.0,471.0,457.0,476.0
4665.0,1104.0,1064.0,1087.0,464.0,461.0,485.0
4829.0,1139.0,1116.0,1106.0,489.0,494.0,485.0
4776.0,1117.0,1105.0,1123.0,481.0,470.0,480.0
4855.0,1132.0,1122.0,1131.0,488.0,485.0,497.0
4639.0,1059.0,1099.0,1083.0,473.0,451.0,474.0
4701.0,1107.0,1092.0,1091.0,474.0,472.0,465.0
4803.0,1090.0,1143.0,1114.0,494.0,474.0,488.0
4805.0,1092.0,1154.0,1104.0,489.0,479.0,487.0
4664.0,1089.0,1106.0,1076.0,470.0,460.0,463.0
4772.0,1121.0,1137.0,1100.0,475.0,465.0,474.0
4703.0,1089.0,1141.0,1065.0,476.0,463.0,469.0
4567.0,1072.0,1079.0,1051.0,466.0,445.0,454.0
4651.0,1099.0,1077.0,1094.0,457.0,464.0,460.0
4552.0,1068.0,1043.0,1088.0,449.0,457.0,447.0
4598.0,1093.0,1057.0,1090.0,458.0,449.0,451.0
4609.0,1076.0,1085.0,1074.0,463.0,461.0,450.0
4619.0,1094.0,1067.0,1085.0,464.0,458.0,451.0
4682.0,1106.0,1091.0,1093.0,458.0,467.0,467.0
4635.0,1077.0,1064.0,1097.0,459.0,466.0,472.0
4704.0,1085.0,1084.0,1112.0,478.0,475.0,470.0
4786.0,1102.0,1109.0,1152.0,484.0,478.0,461.0
4761.0,1104.0,1114.0,1118.0,471.0,486.0,468.0
4699.0,1084.0,1092.0,1102.0,481.0,474.0,466.0
4770.0,1129.0,1117.0,1128.0,460.0,476.0,460.0
4854.0,1112.0,1147.0,1132.0,493.0,489.0,481.0
4916.0,1169.0,1173.0,1109.0,485.0,490.0,490.0
4777.0,1087.0,1148.0,1118.0,478.0,479.0,467.0
4999.0,1169.0,1180.0,1163.0,503.0,499.0,485.0
4815.0,1111.0,1151.0,1106.0,478.0,500.0,469.0
4876.0,1143.0,1146.0,1113.0,501.0,486.0,487.0
4833.0,1110.0,1125.0,1121.0,505.0,484.0,488.0
4737.0,1085.0,1130.0,1072.0,498.0,480.0,472.0
4734.0,1091.0,1082.0,1119.0,480.0,484.0,478.0
4716.0,1067.0,1123.0,1101.0,477.0,474.0,474.0
4844.0,1107.0,1123.0,1120.0,503.0,491.0,500.0
4708.0,1119.0,1087.0,1074.0,464.0,479.0,485.0
4642.0,1070.0,1081.0,1069.0,472.0,471.0,479.0
4709.0,1122.0,1071.0,1103.0,471.0,470.0,472.0
4833.0,1139.0,1086.0,1142.0,489.0,471.0,506.0
4791.0,1126.0,1117.0,1124.0,472.0,480.0,472.0
4697.0,1098.0,1084.0,1100.0,467.0,469.0,479.0
4600.0,1064.0,1062.0,1098.0,454.0,454.0,468.0
4474.0,1056.0,1050.0,1051.0,432.0,437.0,448.0
4669.0,1070.0,1110.0,1090.0,462.0,468.0,469.0
4816.0,1087.0,1161.0,1126.0,473.0,479.0,490.0
4868.0,1119.0,1156.0,1131.0,504.0,475.0,483.0
4865.0,1098.0,1174.0,1148.0,479.0,483.0,483.0
4767.0,1099.0,1135.0,1120.0,471.0,474.0,468.0
4868.0,1143.0,1124.0,1152.0,485.0,486.0,478.0
4842.0,1151.0,1112.0,1136.0,477.0,482.0,484.0
4941.0,1162.0,1157.0,1151.0,484.0,484.0,503.0
4915.0,1165.0,1142.0,1132.0,501.0,497.0,478.0
4734.0,1117.0,1099.0,1104.0,470.0,473.0,471.0
4898.0,1151.0,1144.0,1113.0,502.0,496.0,492.0
4771.0,1134.0,1112.0,1093.0,490.0,476.0,466.0
4743.0,1114.0,1102.0,1078.0,494.0,481.0,474.0
4797.0,1117.0,1109.0,1138.0,484.0,477.0,472.0
4849.0,1116.0,1144.0,1112.0,501.0,495.0,481.0
4873.0,1103.0,1160.0,1143.0,495.0,491.0,481.0
4930.0,1154.0,1152.0,1142.0,499.0,492.0,491.0
4878.0,1141.0,1138.0,1141.0,481.0,487.0,490.0
4720.0,1074.0,1120.0,1091.0,487.0,486.0,462.0
4831.0,1136.0,1127.0,1104.0,495.0,484.0,485.0
4901.0,1132.0,1141.0,1142.0,492.0,501.0,493.0
4901.0,1137.0,1167.0,1147.0,471.0,501.0,478.0
4787.0,1095.0,1136.0,1128.0,477.0,484.0,467.0
4729.0,1113.0,1104.0,1112.0,469.0,466.0,465.0
4813.0,1109.0,1107.0,1134.0,488.0,493.0,482.0
4834.0,1107.0,1120.0,1142.0,479.0,494.0,492.0
4646.0,1059.0,1069.0,1118.0,461.0,473.0,466.0
4641.0,1076.0,1089.0,1083.0,456.0,473.0,464.0
4894.0,1120.0,1147.0,1145.0,496.0,484.0,502.0
4767.0,1091.0,1108.0,1122.0,483.0,479.0,484.0
4604.0,1100.0,1043.0,1077.0,456.0,463.0,465.0
4790.0,1141.0,1101.0,1123.0,473.0,468.0,484.0
4918.0,1150.0,1128.0,1158.0,492.0,488.0,502.0
4975.0,1187.0,1164.0,1142.0,487.0,490.0,505.0
4868.0,1144.0,1128.0,1109.0,506.0,480.0,501.0
5122.0,1210.0,1224.0,1161.0,509.0,492.0,526.0
5031.0,1214.0,1157.0,1140.0,504.0,504.0,512.0
4976.0,1160.0,1164.0,1155.0,490.0,505.0,502.0
5040.0,1195.0,1179.0,1157.0,507.0,506.0,496.0
4904.0,1142.0,1160.0,1115.0,498.0,494.0,495.0
4889.0,1129.0,1154.0,1149.0,490.0,481.0,486.0
4974.0,1169.0,1168.0,1133.0,503.0,498.0,503.0
4966.0,1143.0,1181.0,1171.0,498.0,485.0,488.0
4668.0,1066.0,1101.0,1096.0,471.0,475.0,459.0
4839.0,1131.0,1088.0,1144.0,497.0,493.0,486.0
4922.0,1136.0,1133.0,1156.0,511.0,483.0,503.0
4892.0,1136.0,1128.0,1148.0,490.0,492.0,498.0
4934.0,1150.0,1148.0,1160.0,496.0,483.0,497.0
4908.0,1160.0,1121.0,1163.0,490.0,486.0,488.0
4730.0,1096.0,1111.0,1113.0,463.0,485.0,462.0
4612.0,1071.0,1060.0,1083.0,467.0,475.0,456.0
4756.0,1105.0,1077.0,1127.0,481.0,487.0,479.0
4774.0,1111.0,1127.0,1118.0,480.0,472.0,466.0
4856.0,1112.0,1164.0,1127.0,486.0,488.0,479.0
4802.0,1089.0,1127.0,1129.0,488.0,487.0,482.0
4942.0,1119.0,1188.0,1149.0,487.0,509.0,490.0
4831.0,1119.0,1150.0,1118.0,475.0,496.0,473.0
4738.0,1105.0,1138.0,1087.0,478.0,472.0,458.0
4925.0,1162.0,1165.0,1139.0,485.0,498.0,476.0
4961.0,1173.0,1159.0,1151.0,481.0,494.0,503.0
4890.0,1152.0,1145.0,1131.0,477.0,497.0,488.0
4894.0,1152.0,1157.0,1117.0,489.0,486.0,493.0
4908.0,1173.0,1138.0,1130.0,494.0,477.0,496.0
4898.0,1133.0,1135.0,1147.0,485.0,502.0,496.0
4990.0,1177.0,1161.0,1156.0,494.0,497.0,505.0
4999.0,1133.0,1165.0,1185.0,516.0,503.0,497.0
4986.0,1155.0,1182.0,1161.0,492.0,496.0,500.0
4905.0,1127.0,1133.0,1169.0,493.0,487.0,496.0
4869.0,1105.0,1140.0,1160.0,486.0,477.0,501.0
4979.0,1166.0,1144.0,1175.0,504.0,483.0,507.0
5035.0,1149.0,1174.0,1194.0,512.0,497.0,509.0
4883.0,1135.0,1123.0,1156.0,495.0,480.0,494.0
5060.0,1193.0,1191.0,1164.0,507.0,492.0,513.0
5088.0,1170.0,1200.0,1212.0,496.0,500.0,510.0
4930.0,1142.0,1155.0,1176.0,488.0,486.0,483.0
4885.0,1139.0,1135.0,1134.0,500.0,479.0,498.0
4937.0,1153.0,1183.0,1137.0,492.0,478.0,494.0
4804.0,1082.0,1151.0,1137.0,483.0,475.0,476.0
4951.0,1166.0,1142.0,1156.0,491.0,499.0,497.0
4964.0,1146.0,1152.0,1150.0,513.0,503.0,500.0
4886.0,1135.0,1138.0,1129.0,492.0,494.0,498.0
4942.0,1134.0,1140.0,1152.0,509.0,497.0,510.0
4929.0,1149.0,1138.0,1151.0,487.0,496.0,508.0
4885.0,1163.0,1127.0,1132.0,476.0,495.0,492.0
4898.0,1162.0,1118.0,1135.0,494.0,505.0,484.0
5043.0,1177.0,1181.0,1169.0,497.0,519.0,500.0
4811.0,1139.0,1118.0,1118.0,477.0,479.0,480.0
5018.0,1194.0,1167.0,1155.0,504.0,513.0,485.0
5139.0,1209.0,1220.0,1195.0,498.0,510.0,507.0
5099.0,1182.0,1207.0,1185.0,514.0,517.0,494.0
4983.0,1162.0,1168.0,1172.0,494.0,493.0,494.0
5033.0,1170.0,1182.0,1167.0,498.0,513.0,503.0
5102.0,1163.0,1216.0,1184.0,500.0,527.0,512.0
5029.0,1138.0,1194.0,1193.0,499.0,495.0,510.0
5026.0,1154.0,1189.0,1172.0,502.0,504.0,505.0
5060.0,1194.0,1161.0,1185.0,510.0,515.0,495.0
5018.0,1155.0,1165.0,1212.0,502.0,492.0,492.0
5026.0,1169.0,1156.0,1194.0,512.0,502.0,493.0
4981.0,1191.0,1147.0,1153.0,502.0,495.0,493.0
4970.0,1195.0,1142.0,1151.0,498.0,500.0,484.0
4976.0,1181.0,1144.0,1157.0,501.0,496.0,497.0
4951.0,1179.0,1114.0,1180.0,514.0,478.0,486.0
4941.0,1175.0,1144.0,1143.0,500.0,488.0,491.0
4864.0,1126.0,1139.0,1135.0,485.0,485.0,494.0
4815.0,1106.0,1104.0,1136.0,489.0,481.0,499.0
4953.0,1141.0,1166.0,1135.0,515.0,495.0,501.0
4965.0,1148.0,1160.0,1154.0,513.0,485.0,505.0
4944.0,1144.0,1171.0,1145.0,500.0,490.0,494.0
4930.0,1139.0,1155.0,1149.0,492.0,484.0,511.0
5149.0,1190.0,1217.0,1200.0,511.0,507.0,524.0
5108.0,1182.0,1225.0,1164.0,515.0,507.0,515.0
5022.0,1155.0,1176.0,1181.0,499.0,498.0,513.0
5094.0,1200.0,1195.0,1174.0,484.0,520.0,521.0
5049.0,1161.0,1176.0,1204.0,494.0,511.0,503.0
5075.0,1195.0,1170.0,1187.0,499.0,507.0,517.0
4932.0,1141.0,1159.0,1158.0,478.0,497.0,499.0
5159.0,1192.0,1203.0,1215.0,510.0,509.0,530.0
5128.0,1216.0,1184.0,1198.0,499.0,520.0,511.0
4965.0,1151.0,1138.0,1162.0,485.0,516.0,513.0
5001.0,1146.0,1157.0,1187.0,501.0,503.0,507.0
4837.0,1117.0,1121.0,1127.0,486.0,503.0,483.0
5018.0,1151.0,1159.0,1204.0,491.0,510.0,503.0
4898.0,1167.0,1113.0,1137.0,492.0,496.0,493.0
4983.0,1175.0,1155.0,1166.0,502.0,492.0,493.0
4965.0,1162.0,1156.0,1156.0,501.0,497.0,493.0
4957.0,1161.0,1157.0,1157.0,488.0,495.0,499.0
4896.0,1143.0,1130.0,1148.0,493.0,496.0,486.0
4945.0,1173.0,1130.0,1163.0,496.0,493.0,490.0
4934.0,1143.0,1180.0,1123.0,504.0,509.0,475.0
4950.0,1151.0,1163.0,1150.0,499.0,494.0,493.0
4984.0,1174.0,1156.0,1153.0,495.0,505.0,501.0
4940.0,1143.0,1153.0,1168.0,496.0,495.0,485.0
4880.0,1121.0,1146.0,1135.0,505.0,495.0,478.0
5082.0,1187.0,1174.0,1186.0,510.0,513.0,512.0
5047.0,1195.0,1178.0,1162.0,505.0,502.0,505.0
4944.0,1171.0,1124.0,1160.0,494.0,500.0,495.0
5004.0,1190.0,1138.0,1190.0,496.0,503.0,487.0
4918.0,1158.0,1107.0,1178.0,489.0,497.0,489.0
5089.0,1212.0,1179.0,1182.0,512.0,506.0,498.0
5033.0,1218.0,1110.0,1204.0,511.0,485.0,505.0
5110.0,1182.0,1195.0,1196.0,516.0,514.0,507.0
5184.0,1218.0,1197.0,1235.0,507.0,512.0,515.0
5203.0,1212.0,1209.0,1234.0,512.0,509.0,527.0
5278.0,1237.0,1228.0,1259.0,515.0,515.0,524.0
5132.0,1189.0,1226.0,1173.0,504.0,515.0,525.0
5117.0,1147.0,1200.0,1228.0,510.0,519.0,513.0
5142.0,1215.0,1211.0,1198.0,506.0,503.0,509.0
5170.0,1174.0,1245.0,1207.0,499.0,516.0,529.0
5211.0,1219.0,1215.0,1200.0,516.0,526.0,535.0
5165.0,1202.0,1204.0,1198.0,516.0,523.0,522.0
5108.0,1201.0,1207.0,1170.0,508.0,517.0,505.0
4983.0,1183.0,1172.0,1136.0,491.0,505.0,496.0
5047.0,1181.0,1171.0,1166.0,511.0,499.0,519.0
5019.0,1188.0,1169.0,1147.0,498.0,504.0,513.0
4975.0,1176.0,1145.0,1139.0,500.0,510.0,505.0
4892.0,1155.0,1132.0,1119.0,492.0,495.0,499.0
4995.0,1148.0,1156.0,1170.0,495.0,512.0,514.0
4995.0,1162.0,1160.0,1156.0,502.0,513.0,502.0
5014.0,1174.0,1139.0,1192.0,502.0,504.0,503.0
5108.0,1178.0,1182.0,1201.0,512.0,522.0,513.0
5123.0,1195.0,1174.0,1195.0,521.0,512.0,526.0
5143.0,1201.0,1199.0,1195.0,517.0,516.0,515.0
5163.0,1214.0,1213.0,1187.0,524.0,509.0,516.0
5249.0,1231.0,1220.0,1218.0,526.0,532.0,522.0
5210.0,1226.0,1246.0,1219.0,517.0,500.0,502.0
5185.0,1223.0,1221.0,1188.0,524.0,518.0,511.0
5274.0,1252.0,1212.0,1259.0,523.0,515.0,513.0
5226.0,1220.0,1223.0,1224.0,510.0,536.0,513.0
5236.0,1221.0,1226.0,1240.0,515.0,518.0,516.0
5322.0,1243.0,1259.0,1235.0,541.0,515.0,529.0
5122.0,1190.0,1202.0,1198.0,508.0,508.0,516.0
5240.0,1211.0,1216.0,1220.0,535.0,530.0,528.0
5009.0,1167.0,1174.0,1173.0,499.0,498.0,498.0
5029.0,1178.0,1162.0,1176.0,498.0,503.0,512.0
5108.0,1182.0,1169.0,1216.0,522.0,513.0,506.0
5008.0,1178.0,1170.0,1173.0,496.0,496.0,495.0
5089.0,1197.0,1181.0,1193.0,503.0,498.0,517.0
4943.0,1146.0,1159.0,1143.0,500.0,496.0,499.0
5026.0,1169.0,1164.0,1193.0,491.0,513.0,496.0
5073.0,1208.0,1213.0,1150.0,499.0,502.0,501.0
4989.0,1145.0,1180.0,1179.0,500.0,495.0,490.0
5023.0,1155.0,1195.0,1168.0,500.0,503.0,502.0
4961.0,1129.0,1151.0,1173.0,510.0,507.0,491.0
5007.0,1178.0,1155.0,1178.0,498.0,494.0,504.0
5248.0,1209.0,1225.0,1238.0,517.0,527.0,532.0
5085.0,1177.0,1210.0,1188.0,515.0,491.0,504.0
5316.0,1219.0,1253.0,1241.0,533.0,538.0,532.0
5122.0,1177.0,1174.0,1230.0,514.0,508.0,519.0
5095.0,1174.0,1197.0,1199.0,505.0,515.0,505.0
5220.0,1215.0,1187.0,1234.0,526.0,526.0,532.0
5182.0,1229.0,1181.0,1217.0,512.0,524.0,519.0
5312.0,1259.0,1208.0,1226.0,537.0,539.0,543.0
5276.0,1244.0,1215.0,1240.0,520.0,523.0,534.0
5439.0,1299.0,1241.0,1281.0,540.0,537.0,541.0
5290.0,1232.0,1231.0,1239.0,515.0,535.0,538.0
5194.0,1214.0,1193.0,1209.0,531.0,520.0,527.0
5216.0,1210.0,1228.0,1214.0,513.0,534.0,517.0
5273.0,1202.0,1244.0,1230.0,538.0,529.0,530.0
5174.0,1206.0,1215.0,1196.0,513.0,519.0,525.0
5232.0,1197.0,1237.0,1223.0,528.0,517.0,530.0
5259.0,1243.0,1244.0,1205.0,531.0,524.0,512.0
5140.0,1201.0,1208.0,1191.0,514.0,521.0,505.0
5250.0,1258.0,1219.0,1228.0,523.0,513.0,509.0
5155.0,1228.0,1224.0,1192.0,507.0,496.0,508.0
5090.0,1190.0,1213.0,1198.0,498.0,495.0,496.0
5119.0,1182.0,1224.0,1214.0,507.0,492.0,500.0
5118.0,1193.0,1187.0,1193.0,500.0,530.0,515.0
5019.0,1179.0,1167.0,1186.0,491.0,496.0,500.0
5259.0,1216.0,1231.0,1242.0,524.0,527.0,519.0
5053.0,1166.0,1166.0,1224.0,495.0,497.0,505.0
5203.0,1203.0,1214.0,1226.0,527.0,525.0,508.0
5124.0,1201.0,1182.0,1212.0,514.0,507.0,508.0
5322.0,1248.0,1245.0,1266.0,520.0,521.0,522.0
5247.0,1223.0,1202.0,1236.0,537.0,535.0,514.0
5264.0,1238.0,1218.0,1244.0,528.0,524.0,512.0
5336.0,1248.0,1265.0,1244.0,533.0,532.0,514.0
5290.0,1226.0,1224.0,1231.0,529.0,546.0,534.0
5323.0,1244.0,1239.0,1248.0,545.0,526.0,521.0
5263.0,1222.0,1223.0,1223.0,533.0,549.0,513.0
5411.0,1270.0,1252.0,1248.0,539.0,555.0,547.0
5316.0,1226.0,1266.0,1219.0,535.0,539.0,531.0
5259.0,1192.0,1275.0,1223.0,527.0,527.0,515.0
5198.0,1203.0,1233.0,1187.0,527.0,519.0,529.0
5267.0,1210.0,1256.0,1207.0,533.0,524.0,537.0
5260.0,1208.0,1220.0,1238.0,533.0,534.0,527.0
5107.0,1178.0,1196.0,1183.0,517.0,509.0,524.0
5293.0,1238.0,1220.0,1229.0,538.0,535.0,533.0
5215.0,1242.0,1180.0,1213.0,510.0,540.0,530.0
5127.0,1211.0,1160.0,1207.0,508.0,514.0,527.0
5236.0,1241.0,1204.0,1232.0,517.0,515.0,527.0
5148.0,1191.0,1181.0,1222.0,514.0,516.0,524.0
5204.0,1209.0,1211.0,1218.0,521.0,521.0,524.0
5156.0,1184.0,1202.0,1203.0,523.0,527.0,517.0
5134.0,1190.0,1201.0,1192.0,495.0,523.0,533.0
5174.0,1207.0,1191.0,1238.0,502.0,510.0,526.0
5294.0,1205.0,1259.0,1243.0,522.0,532.0,533.0
5186.0,1165.0,1225.0,1227.0,518.0,519.0,532.0
5357.0,1241.0,1279.0,1257.0,522.0,526.0,532.0
5147.0,1178.0,1234.0,1206.0,514.0,505.0,510.0
5328.0,1247.0,1264.0,1216.0,531.0,533.0,537.0
5262.0,1223.0,1260.0,1217.0,530.0,517.0,515.0
5431.0,1281.0,1272.0,1260.0,542.0,542.0,534.0
5292.0,1238.0,1226.0,1240.0,532.0,527.0,529.0
5230.0,1241.0,1201.0,1219.0,533.0,517.0,519.0
5389.0,1273.0,1246.0,1253.0,541.0,537.0,539.0
5383.0,1294.0,1245.0,1242.0,531.0,529.0,542.0
5192.0,1222.0,1186.0,1206.0,536.0,517.0,525.0
5108.0,1186.0,1200.0,1185.0,514.0,517.0,506.0
5370.0,1226.0,1264.0,1255.0,560.0,545.0,520.0
5377.0,1245.0,1249.0,1266.0,544.0,538.0,535.0
5202.0,1211.0,1247.0,1205.0,520.0,514.0,505.0
5192.0,1205.0,1208.0,1228.0,520.0,515.0,516.0
5245.0,1251.0,1236.0,1199.0,524.0,519.0,516.0
5440.0,1274.0,1290.0,1273.0,534.0,546.0,523.0
5284.0,1227.0,1259.0,1221.0,530.0,529.0,518.0
5271.0,1227.0,1242.0,1239.0,510.0,533.0,520.0
5304.0,1235.0,1249.0,1231.0,519.0,543.0,527.0
5236.0,1222.0,1232.0,1215.0,519.0,536.0,512.0
5297.0,1229.0,1233.0,1243.0,524.0,533.0,535.0
5205.0,1218.0,1205.0,1218.0,519.0,530.0,515.0
5262.0,1209.0,1213.0,1254.0,524.0,534.0,528.0
5170.0,1187.0,1212.0,1213.0,512.0,521.0,525.0
5328.0,1239.0,1258.0,1252.0,513.0,538.0,528.0
5149.0,1187.0,1192.0,1227.0,513.0,506.0,524.0
5243.0,1223.0,1217.0,1213.0,527.0,528.0,535.0
5347.0,1266.0,1252.0,1253.0,526.0,522.0,528.0
5362.0,1263.0,1233.0,1259.0,534.0,532.0,541.0
5421.0,1279.0,1254.0,1248.0,544.0,539.0,557.0
5313.0,1244.0,1230.0,1224.0,542.0,535.0,538.0
5423.0,1271.0,1272.0,1240.0,542.0,548.0,550.0
5442.0,1310.0,1248.0,1250.0,545.0,539.0,550.0
5377.0,1255.0,1273.0,1228.0,548.0,530.0,543.0
5432.0,1283.0,1277.0,1266.0,537.0,524.0,545.0
5307.0,1231.0,1237.0,1239.0,538.0,531.0,531.0
5541.0,1290.0,1330.0,1268.0,558.0,541.0,554.0
5209.0,1195.0,1227.0,1213.0,532.0,521.0,521.0
5398.0,1258.0,1256.0,1254.0,541.0,548.0,541.0
5298.0,1249.0,1244.0,1208.0,546.0,523.0,528.0
5313.0,1241.0,1250.0,1235.0,524.0,530.0,533.0
5159.0,1216.0,1184.0,1236.0,505.0,490.0,528.0
5358.0,1225.0,1240.0,1281.0,541.0,536.0,535.0
5355.0,1255.0,1234.0,1262.0,541.0,532.0,531.0
5383.0,1283.0,1236.0,1267.0,525.0,542.0,530.0
5162.0,1212.0,1188.0,1220.0,514.0,521.0,507.0
5182.0,1223.0,1206.0,1206.0,510.0,521.0,516.0
5263.0,1219.0,1225.0,1243.0,529.0,522.0,525.0
5348.0,1227.0,1242.0,1280.0,525.0,539.0,535.0
5211.0,1191.0,1235.0,1230.0,515.0,524.0,516.0
5143.0,1181.0,1215.0,1187.0,521.0,532.0,507.0
5357.0,1254.0,1251.0,1252.0,531.0,542.0,527.0
5201.0,1206.0,1247.0,1190.0,519.0,525.0,514.0
5321.0,1233.0,1257.0,1218.0,523.0,553.0,537.0
5329.0,1239.0,1268.0,1222.0,531.0,539.0,530.0
5296.0,1270.0,1223.0,1212.0,525.0,537.0,529.0
5545.0,1295.0,1306.0,1290.0,550.0,544.0,560.0
5505.0,1280.0,1297.0,1281.0,544.0,554.0,549.0
5441.0,1271.0,1290.0,1243.0,551.0,551.0,535.0
5238.0,1213.0,1216.0,1217.0,536.0,526.0,530.0
5581.0,1314.0,1288.0,1304.0,562.0,552.0,561.0
5487.0,1274.0,1274.0,1285.0,558.0,551.0,545.0
5643.0,1291.0,1308.0,1344.0,578.0,558.0,564.0
5410.0,1243.0,1261.0,1284.0,544.0,530.0,548.0
5341.0,1250.0,1224.0,1262.0,542.0,528.0,535.0
5576.0,1289.0,1316.0,1313.0,556.0,552.0,550.0
5262.0,1228.0,1196.0,1252.0,535.0,523.0,528.0
5404.0,1263.0,1262.0,1271.0,534.0,528.0,546.0
5288.0,1242.0,1228.0,1232.0,526.0,523.0,537.0
5348.0,1253.0,1264.0,1250.0,516.0,521.0,544.0
5485.0,1259.0,1306.0,1274.0,548.0,547.0,551.0
5479.0,1265.0,1291.0,1294.0,536.0,541.0,552.0
5400.0,1287.0,1268.0,1242.0,534.0,529.0,540.0
5133.0,1178.0,1222.0,1178.0,514.0,513.0,528.0
5289.0,1227.0,1246.0,1234.0,533.0,507.0,542.0
5315.0,1231.0,1246.0,1231.0,535.0,532.0,540.0
5315.0,1238.0,1258.0,1219.0,530.0,530.0,540.0
5353.0,1278.0,1247.0,1239.0,525.0,532.0,532.0
5441.0,1269.0,1285.0,1262.0,537.0,537.0,551.0
5448.0,1261.0,1288.0,1257.0,549.0,554.0,539.0
5345.0,1267.0,1239.0,1242.0,530.0,533.0,534.0
5485.0,1295.0,1248.0,1291.0,545.0,559.0,547.0
5470.0,1318.0,1240.0,1267.0,544.0,558.0,543.0
5430.0,1296.0,1235.0,1264.0,535.0,554.0,546.0
5539.0,1299.0,1272.0,1298.0,558.0,563.0,549.0
5363.0,1258.0,1238.0,1251.0,537.0,542.0,537.0
5439.0,1275.0,1277.0,1274.0,531.0,544.0,538.0
5572.0,1304.0,1296.0,1296.0,560.0,565.0,551.0
5440.0,1242.0,1275.0,1290.0,558.0,540.0,535.0
5488.0,1243.0,1272.0,1302.0,568.0,555.0,548.0
5486.0,1240.0,1277.0,1313.0,560.0,551.0,545.0
5498.0,1283.0,1292.0,1264.0,551.0,556.0,552.0
5663.0,1307.0,1325.0,1348.0,564.0,569.0,550.0
5562.0,1268.0,1319.0,1308.0,559.0,559.0,549.0
5347.0,1251.0,1252.0,1260.0,539.0,517.0,528.0
5459.0,1258.0,1299.0,1272.0,558.0,540.0,532.0
5452.0,1292.0,1249.0,1269.0,551.0,538.0,553.0
5286.0,1238.0,1249.0,1212.0,532.0,529.0,526.0
5285.0,1238.0,1226.0,1240.0,529.0,516.0,536.0
5402.0,1267.0,1274.0,1238.0,546.0,545.0,532.0
5501.0,1271.0,1282.0,1300.0,540.0,558.0,550.0
5464.0,1270.0,1278.0,1278.0,544.0,543.0,551.0
5408.0,1278.0,1248.0,1240.0,532.0,550.0,560.0
5459.0,1296.0,1267.0,1262.0,546.0,542.0,546.0
5349.0,1255.0,1260.0,1226.0,522.0,539.0,547.0
5409.0,1269.0,1264.0,1246.0,538.0,540.0,552.0
5530.0,1303.0,1301.0,1277.0,531.0,552.0,566.0
5533.0,1293.0,1318.0,1267.0,556.0,541.0,558.0
5562.0,1296.0,1310.0,1302.0,542.0,550.0,562.0
5503.0,1280.0,1278.0,1304.0,530.0,552.0,559.0
5602.0,1314.0,1303.0,1319.0,546.0,561.0,559.0
5538.0,1307.0,1293.0,1286.0,543.0,549.0,560.0
5568.0,1315.0,1306.0,1291.0,561.0,546.0,549.0
5672.0,1332.0,1322.0,1340.0,559.0,561.0,558.0
5623.0,1303.0,1292.0,1331.0,569.0,561.0,567.0
5542.0,1260.0,1298.0,1314.0,553.0,557.0,560.0
5484.0,1264.0,1275.0,1301.0,550.0,552.0,542.0
5551.0,1289.0,1290.0,1295.0,558.0,557.0,562.0
5487.0,1281.0,1246.0,1288.0,563.0,558.0,551.0
5666.0,1348.0,1277.0,1330.0,571.0,569.0,571.0
5388.0,1260.0,1256.0,1245.0,535.0,547.0,545.0
5516.0,1292.0,1281.0,1275.0,559.0,552.0,557.0
5449.0,1301.0,1238.0,1256.0,549.0,556.0,549.0
5402.0,1295.0,1257.0,1223.0,552.0,536.0,539.0
5307.0,1228.0,1247.0,1237.0,538.0,535.0,522.0
5336.0,1231.0,1274.0,1231.0,542.0,538.0,520.0
5451.0,1278.0,1294.0,1237.0,548.0,555.0,539.0
5451.0,1246.0,1294.0,1274.0,542.0,549.0,546.0
5383.0,1280.0,1261.0,1245.0,537.0,534.0,526.0
5422.0,1243.0,1296.0,1252.0,551.0,536.0,544.0
5559.0,1317.0,1284.0,1295.0,552.0,559.0,552.0
5450.0,1275.0,1265.0,1263.0,551.0,545.0,551.0
5506.0,1305.0,1262.0,1287.0,557.0,544.0,551.0
5454.0,1278.0,1232.0,1302.0,540.0,558.0,544.0
5536.0,1287.0,1271.0,1327.0,550.0,550.0,551.0
5745.0,1361.0,1323.0,1366.0,566.0,564.0,565.0
5524.0,1297.0,1273.0,1321.0,542.0,532.0,559.0
5555.0,1291.0,1303.0,1323.0,541.0,542.0,555.0
5500.0,1274.0,1251.0,1314.0,552.0,549.0,560.0
5554.0,1277.0,1282.0,1329.0,550.0,557.0,559.0
5540.0,1299.0,1272.0,1307.0,552.0,553.0,557.0
5610.0,1279.0,1313.0,1325.0,567.0,554.0,572.0
5652.0,1304.0,1320.0,1328.0,562.0,556.0,582.0
5607.0,1320.0,1314.0,1293.0,553.0,556.0,571.0
5649.0,1306.0,1327.0,1318.0,560.0,565.0,573.0
5553.0,1299.0,1316.0,1273.0,557.0,549.0,559.0
5580.0,1311.0,1269.0,1313.0,564.0,561.0,562.0
5456.0,1287.0,1290.0,1229.0,560.0,541.0,549.0
5403.0,1271.0,1264.0,1218.0,554.0,550.0,546.0
5620.0,1338.0,1313.0,1280.0,562.0,559.0,568.0
5503.0,1292.0,1270.0,1276.0,560.0,552.0,553.0
5543.0,1281.0,1302.0,1265.0,569.0,554.0,572.0
5513.0,1256.0,1268.0,1297.0,576.0,555.0,561.0
5487.0,1251.0,1285.0,1283.0,562.0,549.0,557.0
5546.0,1273.0,1294.0,1299.0,566.0,563.0,551.0
5337.0,1219.0,1247.0,1246.0,551.0,540.0,534.0
5555.0,1294.0,1271.0,1316.0,553.0,567.0,554.0
5553.0,1293.0,1268.0,1316.0,556.0,568.0,552.0
5660.0,1335.0,1291.0,1329.0,557.0,570.0,578.0
5702.0,1322.0,1308.0,1366.0,565.0,573.0,568.0
5650.0,1323.0,1333.0,1319.0,551.0,558.0,566.0
5589.0,1317.0,1301.0,1313.0,550.0,552.0,556.0
5638.0,1321.0,1325.0,1313.0,556.0,566.0,557.0
5830.0,1357.0,1364.0,1392.0,569.0,571.0,577.0
5822.0,1332.0,1374.0,1386.0,576.0,574.0,580.0
5675.0,1327.0,1341.0,1319.0,561.0,566.0,561.0
5652.0,1318.0,1337.0,1330.0,552.0,554.0,561.0
5623.0,1297.0,1339.0,1318.0,558.0,552.0,559.0
5520.0,1305.0,1283.0,1287.0,550.0,543.0,552.0
5506.0,1310.0,1270.0,1290.0,550.0,553.0,533.0
5634.0,1329.0,1317.0,1309.0,570.0,548.0,561.0
5564.0,1324.0,1287.0,1289.0,566.0,552.0,546.0
5553.0,1310.0,1279.0,1294.0,557.0,561.0,552.0
5639.0,1326.0,1340.0,1286.0,562.0,571.0,554.0
5522.0,1318.0,1289.0,1271.0,549.0,542.0,553.0
5473.0,1294.0,1240.0,1294.0,551.0,543.0,551.0
5673.0,1320.0,1336.0,1310.0,571.0,568.0,568.0
5549.0,1293.0,1291.0,1298.0,563.0,551.0,553.0
5471.0,1280.0,1253.0,1287.0,557.0,547.0,547.0
5733.0,1324.0,1352.0,1329.0,576.0,575.0,577.0
5615.0,1277.0,1334.0,1307.0,571.0,564.0,562.0
5638.0,1299.0,1306.0,1328.0,559.0,575.0,571.0
5848.0,1354.0,1368.0,1377.0,584.0,589.0,576.0
5758.0,1322.0,1354.0,1353.0,566.0,574.0,589.0
5682.0,1326.0,1320.0,1330.0,560.0,575.0,571.0
5619.0,1309.0,1302.0,1318.0,546.0,574.0,570.0
5807.0,1367.0,1342.0,1374.0,573.0,573.0,578.0
5904.0,1394.0,1372.0,1361.0,578.0,606.0,593.0
5833.0,1352.0,1351.0,1369.0,575.0,593.0,593.0
5734.0,1324.0,1312.0,1370.0,562.0,582.0,584.0
5669.0,1340.0,1304.0,1321.0,557.0,581.0,566.0
5638.0,1315.0,1319.0,1286.0,559.0,580.0,579.0
5647.0,1322.0,1300.0,1315.0,561.0,577.0,572.0
5711.0,1320.0,1341.0,1326.0,565.0,582.0,577.0
5707.0,1338.0,1325.0,1325.0,561.0,573.0,585.0
5734.0,1326.0,1333.0,1334.0,575.0,586.0,580.0
5569.0,1310.0,1270.0,1302.0,566.0,559.0,562.0
5665.0,1329.0,1325.0,1317.0,567.0,566.0,561.0
5781.0,1357.0,1361.0,1328.0,577.0,575.0,583.0
5688.0,1330.0,1340.0,1321.0,560.0,574.0,563.0
5666.0,1328.0,1332.0,1310.0,565.0,562.0,569.0
5572.0,1300.0,1301.0,1303.0,551.0,568.0,549.0
5605.0,1314.0,1311.0,1321.0,544.0,554.0,561.0
5732.0,1348.0,1333.0,1345.0,571.0,567.0,568.0
5527.0,1277.0,1311.0,1289.0,559.0,540.0,551.0
5632.0,1304.0,1312.0,1332.0,563.0,568.0,553.0
5643.0,1281.0,1327.0,1329.0,573.0,563.0,570.0
5737.0,1312.0,1336.0,1364.0,581.0,569.0,575.0
5593.0,1316.0,1315.0,1317.0,553.0,550.0,542.0
5530.0,1275.0,1283.0,1309.0,566.0,553.0,544.0
5703.0,1356.0,1311.0,1340.0,570.0,562.0,564.0
5658.0,1327.0,1324.0,1318.0,565.0,564.0,560.0
5849.0,1352.0,1375.0,1350.0,602.0,578.0,592.0
5832.0,1385.0,1363.0,1351.0,571.0,581.0,581.0
5836.0,1374.0,1343.0,1375.0,588.0,577.0,579.0
5802.0,1364.0,1351.0,1343.0,581.0,585.0,578.0
5936.0,1392.0,1383.0,1372.0,604.0,598.0,587.0
5788.0,1341.0,1330.0,1358.0,581.0,589.0,589.0
5795.0,1348.0,1352.0,1349.0,569.0,588.0,589.0
5800.0,1324.0,1384.0,1360.0,570.0,584.0,578.0
5715.0,1312.0,1355.0,1326.0,568.0,585.0,569.0
5756.0,1347.0,1346.0,1327.0,566.0,589.0,581.0
5840.0,1358.0,1346.0,1385.0,573.0,590.0,588.0
5831.0,1369.0,1354.0,1358.0,570.0,580.0,600.0
5660.0,1344.0,1305.0,1316.0,552.0,572.0,571.0
5604.0,1305.0,1293.0,1319.0,561.0,571.0,555.0
5709.0,1338.0,1320.0,1338.0,570.0,571.0,572.0
5695.0,1329.0,1308.0,1344.0,573.0,568.0,573.0
5661.0,1325.0,1323.0,1320.0,557.0,568.0,568.0
5820.0,1376.0,1302.0,1387.0,591.0,578.0,586.0
5824.0,1334.0,1359.0,1367.0,586.0,583.0,595.0
5771.0,1300.0,1361.0,1369.0,591.0,570.0,580.0
5570.0,1300.0,1300.0,1297.0,565.0,559.0,549.0
5697.0,1320.0,1322.0,1334.0,587.0,560.0,574.0
5686.0,1308.0,1328.0,1347.0,568.0,555.0,580.0
5601.0,1303.0,1300.0,1316.0,559.0,564.0,559.0
5662.0,1316.0,1323.0,1325.0,572.0,554.0,572.0
5670.0,1347.0,1306.0,1317.0,573.0,562.0,565.0
5806.0,1378.0,1368.0,1336.0,578.0,565.0,581.0
5735.0,1360.0,1339.0,1326.0,576.0,562.0,572.0
5913.0,1388.0,1386.0,1383.0,584.0,575.0,597.0
5923.0,1355.0,1393.0,1393.0,594.0,583.0,605.0
5752.0,1333.0,1354.0,1350.0,575.0,567.0,573.0
5802.0,1359.0,1341.0,1348.0,588.0,583.0,583.0
5866.0,1335.0,1363.0,1379.0,604.0,595.0,590.0
5688.0,1322.0,1326.0,1318.0,569.0,576.0,577.0
5573.0,1289.0,1286.0,1322.0,548.0,569.0,559.0
5770.0,1350.0,1340.0,1357.0,564.0,590.0,569.0
5781.0,1343.0,1344.0,1363.0,566.0,577.0,588.0
5913.0,1400.0,1369.0,1388.0,575.0,591.0,590.0
5930.0,1395.0,1378.0,1394.0,586.0,598.0,579.0
5769.0,1359.0,1342.0,1351.0,574.0,579.0,564.0
5818.0,1340.0,1359.0,1381.0,574.0,587.0,577.0
5785.0,1363.0,1349.0,1353.0,573.0,579.0,568.0
5897.0,1396.0,1368.0,1397.0,569.0,586.0,581.0
5775.0,1310.0,1391.0,1333.0,574.0,589.0,578.0
5716.0,1320.0,1345.0,1350.0,572.0,573.0,556.0
5783.0,1346.0,1342.0,1355.0,580.0,579.0,581.0
5738.0,1318.0,1340.0,1350.0,572.0,583.0,575.0
5673.0,1308.0,1320.0,1339.0,576.0,563.0,567.0
5937.0,1382.0,1377.0,1375.0,603.0,600.0,600.0
5676.0,1332.0,1320.0,1316.0,572.0,565.0,571.0
5771.0,1343.0,1339.0,1328.0,592.0,581.0,588.0
5771.0,1353.0,1346.0,1336.0,574.0,586.0,576.0
5958.0,1407.0,1393.0,1368.0,600.0,598.0,592.0
5843.0,1385.0,1364.0,1341.0,589.0,572.0,592.0
5998.0,1429.0,1403.0,1377.0,609.0,584.0,596.0
5868.0,1382.0,1377.0,1347.0,595.0,573.0,594.0
5909.0,1370.0,1386.0,1382.0,587.0,589.0,595.0
5948.0,1391.0,1409.0,1370.0,600.0,578.0,600.0
5653.0,1303.0,1330.0,1305.0,575.0,566.0,574.0
5824.0,1347.0,1380.0,1340.0,583.0,580.0,594.0
5702.0,1315.0,1365.0,1317.0,577.0,568.0,560.0
5812.0,1327.0,1372.0,1376.0,581.0,573.0,583.0
5722.0,1343.0,1338.0,1328.0,581.0,562.0,570.0
5970.0,1383.0,1396.0,1398.0,595.0,596.0,602.0
5852.0,1368.0,1372.0,1373.0,581.0,578.0,580.0
5759.0,1364.0,1318.0,1378.0,567.0,562.0,570.0
5941.0,1407.0,1365.0,1393.0,594.0,601.0,581.0
5735.0,1349.0,1335.0,1338.0,559.0,579.0,575.0
5833.0,1355.0,1348.0,1368.0,577.0,589.0,596.0
5793.0,1348.0,1351.0,1353.0,578.0,583.0,580.0
5744.0,1323.0,1333.0,1355.0,574.0,580.0,579.0
5703.0,1307.0,1332.0,1354.0,560.0,572.0,578.0
5631.0,1300.0,1285.0,1336.0,578.0,573.0,559.0
5726.0,1329.0,1338.0,1329.0,575.0,588.0,567.0
5820.0,1343.0,1380.0,1341.0,585.0,590.0,581.0
5881.0,1379.0,1373.0,1349.0,591.0,598.0,591.0
5940.0,1395.0,1399.0,1370.0,596.0,589.0,591.0
5886.0,1384.0,1399.0,1359.0,581.0,589.0,574.0
6038.0,1435.0,1418.0,1383.0,599.0,607.0,596.0
5961.0,1413.0,1397.0,1350.0,603.0,603.0,595.0
5973.0,1397.0,1409.0,1366.0,612.0,597.0,592.0
5879.0,1373.0,1367.0,1337.0,614.0,596.0,592.0
5832.0,1335.0,1371.0,1358.0,591.0,586.0,591.0
6050.0,1395.0,1425.0,1416.0,615.0,599.0,600.0
5934.0,1365.0,1389.0,1405.0,588.0,597.0,590.0
5996.0,1371.0,1390.0,1412.0,603.0,611.0,609.0
5874.0,1357.0,1358.0,1392.0,591.0,587.0,589.0
5829.0,1360.0,1327.0,1385.0,586.0,581.0,590.0
5843.0,1370.0,1349.0,1360.0,582.0,585.0,597.0
5866.0,1372.0,1355.0,1392.0,582.0,580.0,585.0
5883.0,1366.0,1347.0,1405.0,586.0,579.0,600.0
5721.0,1346.0,1327.0,1323.0,579.0,573.0,573.0
5884.0,1406.0,1332.0,1394.0,586.0,576.0,590.0
5711.0,1325.0,1355.0,1318.0,566.0,566.0,581.0
5799.0,1357.0,1345.0,1348.0,577.0,574.0,598.0
5778.0,1349.0,1359.0,1343.0,565.0,574.0,588.0
5866.0,1363.0,1391.0,1341.0,584.0,587.0,600.0
5865.0,1375.0,1386.0,1354.0,583.0,580.0,587.0
5867.0,1374.0,1368.0,1372.0,583.0,579.0,591.0
5791.0,1334.0,1353.0,1355.0,578.0,582.0,589.0
5801.0,1371.0,1366.0,1330.0,576.0,580.0,578.0
5837.0,1345.0,1380.0,1377.0,586.0,569.0,580.0
5839.0,1374.0,1348.0,1359.0,592.0,583.0,583.0
5820.0,1397.0,1335.0,1353.0,576.0,580.0,579.0
5926.0,1394.0,1380.0,1368.0,597.0,603.0,584.0
5956.0,1412.0,1372.0,1377.0,599.0,597.0,599.0
5906.0,1419.0,1355.0,1366.0,583.0,600.0,583.0
6043.0,1401.0,1403.0,1407.0,608.0,625.0,599.0
6011.0,1403.0,1390.0,1397.0,608.0,613.0,600.0
5731.0,1329.0,1334.0,1321.0,592.0,580.0,575.0
6002.0,1368.0,1411.0,1422.0,604.0,600.0,597.0
6106.0,1410.0,1420.0,1434.0,620.0,617.0,605.0
5930.0,1355.0,1379.0,1393.0,596.0,613.0,594.0
5924.0,1396.0,1363.0,1393.0,605.0,591.0,576.0
6026.0,1402.0,1396.0,1418.0,602.0,608.0,600.0
5853.0,1369.0,1373.0,1364.0,581.0,579.0,587.0
5896.0,1380.0,1374.0,1397.0,573.0,593.0,579.0
5919.0,1394.0,1370.0,1390.0,589.0,582.0,594.0
5916.0,1387.0,1379.0,1377.0,591.0,594.0,588.0
5797.0,1361.0,1350.0,1343.0,581.0,584.0,578.0
5741.0,1347.0,1327.0,1326.0,570.0,586.0,585.0
5771.0,1345.0,1342.0,1350.0,584.0,577.0,573.0
5788.0,1365.0,1333.0,1370.0,571.0,571.0,578.0
5650.0,1289.0,1298.0,1346.0,569.0,575.0,573.0
5821.0,1337.0,1367.0,1350.0,586.0,596.0,585.0
5868.0,1367.0,1373.0,1381.0,575.0,580.0,592.0
5893.0,1389.0,1345.0,1367.0,591.0,593.0,608.0
5950.0,1398.0,1375.0,1389.0,597.0,587.0,604.0
5860.0,1381.0,1363.0,1359.0,576.0,582.0,599.0
5952.0,1399.0,1382.0,1402.0,595.0,574.0,600.0
5952.0,1371.0,1388.0,1403.0,591.0,588.0,611.0
6156.0,1455.0,1433.0,1427.0,619.0,604.0,618.0
6240.0,1460.0,1463.0,1454.0,627.0,606.0,630.0
6071.0,1392.0,1393.0,1451.0,607.0,600.0,628.0
6159.0,1445.0,1439.0,1432.0,612.0,616.0,615.0
6075.0,1414.0,1432.0,1408.0,605.0,598.0,618.0
6066.0,1394.0,1409.0,1434.0,615.0,609.0,605.0
5976.0,1391.0,1398.0,1399.0,601.0,588.0,599.0
6109.0,1409.0,1433.0,1433.0,611.0,608.0,615.0
5981.0,1400.0,1382.0,1411.0,595.0,595.0,598.0
5962.0,1380.0,1384.0,1392.0,603.0,601.0,602.0
5949.0,1389.0,1376.0,1398.0,591.0,598.0,597.0
5871.0,1357.0,1384.0,1364.0,583.0,599.0,584.0
6002.0,1405.0,1397.0,1384.0,608.0,610.0,598.0
5747.0,1335.0,1337.0,1327.0,591.0,580.0,577.0
5827.0,1393.0,1325.0,1337.0,593.0,598.0,581.0
5944.0,1374.0,1388.0,1400.0,597.0,596.0,589.0
5897.0,1379.0,1367.0,1391.0,582.0,599.0,579.0
5891.0,1346.0,1407.0,1369.0,588.0,589.0,592.0
5921.0,1362.0,1410.0,1388.0,577.0,602.0,582.0
5986.0,1368.0,1437.0,1382.0,595.0,613.0,591.0
5823.0,1353.0,1387.0,1351.0,571.0,584.0,577.0
5812.0,1333.0,1361.0,1372.0,577.0,592.0,577.0
6008.0,1393.0,1432.0,1395.0,587.0,596.0,605.0
5910.0,1395.0,1388.0,1370.0,583.0,581.0,593.0
6134.0,1437.0,1449.0,1417.0,609.0,615.0,607.0
6214.0,1465.0,1445.0,1452.0,620.0,615.0,617.0
6017.0,1410.0,1381.0,1416.0,603.0,603.0,604.0
6043.0,1399.0,1387.0,1452.0,597.0,612.0,596.0
5887.0,1375.0,1356.0,1372.0,598.0,592.0,594.0
6167.0,1433.0,1445.0,1440.0,609.0,619.0,621.0
6045.0,1441.0,1390.0,1394.0,610.0,600.0,610.0
5970.0,1389.0,1379.0,1400.0,604.0,594.0,604.0
5907.0,1378.0,1365.0,1387.0,590.0,580.0,607.0
6007.0,1377.0,1412.0,1407.0,601.0,602.0,608.0
6069.0,1401.0,1418.0,1417.0,617.0,599.0,617.0
5997.0,1406.0,1383.0,1402.0,608.0,595.0,603.0
6108.0,1426.0,1434.0,1413.0,613.0,606.0,616.0
6198.0,1449.0,1472.0,1416.0,626.0,614.0,621.0
6004.0,1436.0,1410.0,1371.0,603.0,589.0,595.0
5959.0,1383.0,1403.0,1378.0,590.0,600.0,605.0
5976.0,1396.0,1380.0,1390.0,607.0,607.0,596.0
5837.0,1360.0,1387.0,1311.0,596.0,591.0,592.0
5978.0,1382.0,1406.0,1369.0,602.0,607.0,612.0
5990.0,1366.0,1416.0,1398.0,598.0,602.0,610.0
6109.0,1424.0,1412.0,1424.0,600.0,626.0,623.0
5845.0,1340.0,1362.0,1377.0,584.0,593.0,589.0
5964.0,1369.0,1406.0,1395.0,599.0,592.0,603.0
5907.0,1376.0,1347.0,1396.0,588.0,600.0,600.0
6050.0,1402.0,1393.0,1426.0,603.0,607.0,619.0
6138.0,1441.0,1424.0,1440.0,606.0,621.0,606.0
6030.0,1425.0,1368.0,1435.0,592.0,611.0,599.0
6084.0,1423.0,1400.0,1448.0,599.0,611.0,603.0
6266.0,1458.0,1462.0,1485.0,621.0,630.0,610.0
6240.0,1445.0,1440.0,1494.0,623.0,619.0,619.0
6106.0,1422.0,1409.0,1444.0,618.0,607.0,606.0
6131.0,1447.0,1435.0,1407.0,611.0,623.0,608.0
6233.0,1453.0,1478.0,1451.0,615.0,623.0,613.0
6098.0,1404.0,1434.0,1437.0,608.0,613.0,602.0
6134.0,1443.0,1431.0,1416.0,622.0,614.0,608.0
6093.0,1401.0,1456.0,1405.0,617.0,612.0,602.0
6032.0,1384.0,1419.0,1422.0,621.0,590.0,596.0
5978.0,1369.0,1407.0,1381.0,618.0,594.0,609.0
6066.0,1399.0,1450.0,1404.0,618.0,596.0,599.0
6180.0,1460.0,1430.0,1441.0,620.0,615.0,614.0
6014.0,1421.0,1373.0,1393.0,611.0,603.0,613.0
6012.0,1432.0,1391.0,1400.0,607.0,585.0,597.0
6201.0,1468.0,1450.0,1427.0,623.0,609.0,624.0
6006.0,1406.0,1394.0,1393.0,609.0,600.0,604.0
5890.0,1374.0,1378.0,1361.0,602.0,579.0,596.0
6190.0,1433.0,1443.0,1445.0,641.0,603.0,625.0
5870.0,1370.0,1373.0,1371.0,581.0,583.0,592.0
6014.0,1369.0,1419.0,1398.0,611.0,601.0,616.0
6079.0,1408.0,1401.0,1439.0,606.0,611.0,614.0
6132.0,1411.0,1436.0,1438.0,619.0,614.0,614.0
6164.0,1439.0,1439.0,1448.0,603.0,623.0,612.0
6308.0,1464.0,1495.0,1471.0,606.0,633.0,639.0
6164.0,1442.0,1429.0,1429.0,604.0,633.0,627.0
6282.0,1443.0,1466.0,1480.0,620.0,634.0,639.0
6134.0,1444.0,1419.0,1436.0,609.0,622.0,604.0
6266.0,1467.0,1456.0,1451.0,627.0,629.0,636.0
6239.0,1450.0,1469.0,1430.0,622.0,633.0,635.0
6188.0,1431.0,1447.0,1462.0,612.0,613.0,623.0
6149.0,1425.0,1448.0,1434.0,604.0,620.0,618.0
5994.0,1367.0,1416.0,1391.0,605.0,599.0,616.0
6141.0,1422.0,1439.0,1415.0,616.0,620.0,629.0
6015.0,1390.0,1388.0,1406.0,613.0,606.0,612.0
6286.0,1499.0,1433.0,1452.0,631.0,640.0,631.0
6131.0,1446.0,1417.0,1421.0,619.0,612.0,616.0
6194.0,1465.0,1444.0,1434.0,614.0,623.0,614.0
6252.0,1506.0,1437.0,1437.0,627.0,631.0,614.0
5971.0,1429.0,1398.0,1362.0,604.0,589.0,589.0
6075.0,1421.0,1429.0,1395.0,614.0,605.0,611.0
6011.0,1391.0,1419.0,1406.0,610.0,597.0,588.0
6093.0,1418.0,1460.0,1408.0,613.0,596.0,598.0
6043.0,1396.0,1418.0,1432.0,607.0,594.0,596.0
6037.0,1397.0,1427.0,1415.0,601.0,598.0,599.0
6069.0,1394.0,1441.0,1411.0,617.0,608.0,598.0
6055.0,1415.0,1435.0,1399.0,612.0,599.0,595.0
6128.0,1417.0,1431.0,1461.0,609.0,599.0,611.0
6081.0,1430.0,1400.0,1419.0,618.0,602.0,612.0
6189.0,1467.0,1429.0,1457.0,617.0,608.0,611.0
6190.0,1452.0,1425.0,1461.0,614.0,611.0,627.0
6159.0,1444.0,1420.0,1446.0,620.0,626.0,603.0
6225.0,1488.0,1433.0,1442.0,617.0,609.0,636.0
6131.0,1473.0,1398.0,1432.0,612.0,610.0,606.0
6300.0,1490.0,1465.0,1440.0,638.0,638.0,629.0
6220.0,1469.0,1426.0,1449.0,631.0,621.0,624.0
6182.0,1443.0,1430.0,1444.0,614.0,634.0,617.0
6369.0,1490.0,1492.0,1465.0,635.0,646.0,641.0
6185.0,1443.0,1432.0,1431.0,621.0,632.0,626.0
6197.0,1434.0,1472.0,1428.0,612.0,632.0,619.0
6207.0,1431.0,1449.0,1446.0,611.0,635.0,635.0
6253.0,1447.0,1458.0,1454.0,631.0,628.0,635.0
6139.0,1430.0,1455.0,1404.0,609.0,618.0,623.0
6230.0,1478.0,1464.0,1402.0,623.0,626.0,637.0
6130.0,1437.0,1432.0,1414.0,609.0,632.0,606.0
6206.0,1449.0,1451.0,1421.0,623.0,625.0,637.0
6079.0,1428.0,1395.0,1433.0,594.0,611.0,618.0
6151.0,1442.0,1437.0,1424.0,621.0,614.0,613.0
6150.0,1420.0,1443.0,1430.0,615.0,616.0,626.0
6004.0,1406.0,1368.0,1418.0,609.0,600.0,603.0
6122.0,1430.0,1403.0,1440.0,614.0,613.0,622.0
6139.0,1434.0,1407.0,1450.0,625.0,612.0,611.0
6258.0,1448.0,1463.0,1470.0,622.0,624.0,631.0
6212.0,1441.0,1429.0,1461.0,638.0,622.0,621.0
6128.0,1398.0,1434.0,1439.0,625.0,613.0,619.0
6199.0,1454.0,1445.0,1438.0,619.0,616.0,627.0
6194.0,1451.0,1450.0,1416.0,624.0,632.0,621.0
6261.0,1488.0,1459.0,1440.0,628.0,620.0,626.0
6339.0,1486.0,1493.0,1469.0,639.0,626.0,626.0
6262.0,1472.0,1478.0,1429.0,636.0,632.0,615.0
6378.0,1491.0,1535.0,1468.0,632.0,616.0,636.0
6264.0,1458.0,1476.0,1454.0,627.0,621.0,628.0
6364.0,1478.0,1523.0,1474.0,637.0,630.0,622.0
6258.0,1460.0,1484.0,1450.0,625.0,625.0,614.0
6270.0,1478.0,1457.0,1466.0,619.0,621.0,629.0
6280.0,1467.0,1484.0,1443.0,632.0,628.0,626.0
6210.0,1451.0,1452.0,1466.0,612.0,621.0,608.0
6305.0,1481.0,1456.0,1489.0,624.0,622.0,633.0
6136.0,1431.0,1417.0,1453.0,606.0,611.0,618.0
6310.0,1491.0,1459.0,1469.0,619.0,636.0,636.0
5997.0,1394.0,1390.0,1415.0,599.0,599.0,600.0
6050.0,1431.0,1414.0,1395.0,599.0,607.0,604.0
6204.0,1453.0,1451.0,1447.0,616.0,620.0,617.0
6203.0,1430.0,1472.0,1438.0,627.0,629.0,607.0
6260.0,1478.0,1448.0,1465.0,627.0,621.0,621.0
6133.0,1397.0,1428.0,1434.0,624.0,626.0,624.0
6252.0,1446.0,1481.0,1452.0,625.0,626.0,622.0
6300.0,1473.0,1464.0,1485.0,623.0,627.0,628.0
6251.0,1432.0,1487.0,1455.0,625.0,623.0,629.0
6294.0,1446.0,1472.0,1474.0,634.0,629.0,639.0
6231.0,1428.0,1463.0,1458.0,634.0,622.0,626.0
6339.0,1464.0,1483.0,1485.0,635.0,630.0,642.0
6301.0,1490.0,1469.0,1444.0,633.0,630.0,635.0
6233.0,1458.0,1470.0,1432.0,625.0,624.0,624.0
6243.0,1468.0,1442.0,1441.0,633.0,627.0,632.0
6341.0,1463.0,1503.0,1478.0,626.0,631.0,640.0
6279.0,1492.0,1442.0,1455.0,635.0,627.0,628.0
6344.0,1492.0,1463.0,1489.0,627.0,638.0,635.0
6145.0,1439.0,1434.0,1414.0,624.0,614.0,620.0
6455.0,1510.0,1501.0,1494.0,659.0,644.0,647.0
6182.0,1430.0,1441.0,1438.0,625.0,626.0,622.0
6379.0,1475.0,1491.0,1508.0,631.0,631.0,643.0
6235.0,1467.0,1446.0,1459.0,618.0,614.0,631.0
6303.0,1450.0,1503.0,1465.0,622.0,629.0,634.0
6201.0,1456.0,1442.0,1465.0,611.0,606.0,621.0
6225.0,1461.0,1450.0,1457.0,622.0,613.0,622.0
6380.0,1500.0,1497.0,1476.0,643.0,635.0,629.0
6282.0,1475.0,1470.0,1479.0,622.0,615.0,621.0
6159.0,1434.0,1429.0,1436.0,622.0,620.0,618.0
6318.0,1481.0,1466.0,1506.0,624.0,624.0,617.0
6186.0,1443.0,1435.0,1469.0,617.0,616.0,606.0
6176.0,1431.0,1451.0,1455.0,627.0,610.0,602.0
6166.0,1423.0,1443.0,1451.0,616.0,621.0,612.0
6142.0,1409.0,1441.0,1455.0,615.0,610.0,612.0
6211.0,1436.0,1439.0,1468.0,626.0,626.0,616.0
6205.0,1454.0,1427.0,1438.0,630.0,631.0,625.0
6272.0,1462.0,1466.0,1452.0,626.0,646.0,620.0
6216.0,1479.0,1433.0,1443.0,638.0,621.0,602.0
6190.0,1470.0,1427.0,1431.0,615.0,625.0,622.0
6355.0,1488.0,1473.0,1473.0,638.0,642.0,641.0
6330.0,1487.0,1484.0,1461.0,648.0,630.0,620.0
6415.0,1509.0,1475.0,1494.0,641.0,654.0,642.0
6362.0,1481.0,1482.0,1483.0,649.0,643.0,624.0
6375.0,1489.0,1517.0,1468.0,635.0,628.0,638.0
6511.0,1534.0,1515.0,1514.0,650.0,655.0,643.0
6410.0,1485.0,1522.0,1485.0,642.0,635.0,641.0
6350.0,1459.0,1504.0,1488.0,637.0,637.0,625.0
6310.0,1443.0,1488.0,1473.0,630.0,643.0,633.0
6398.0,1461.0,1499.0,1515.0,636.0,635.0,652.0
6310.0,1463.0,1468.0,1476.0,630.0,630.0,643.0
6308.0,1459.0,1491.0,1466.0,629.0,623.0,640.0
6255.0,1469.0,1451.0,1481.0,610.0,609.0,635.0
6342.0,1509.0,1469.0,1486.0,624.0,618.0,636.0
6331.0,1472.0,1464.0,1494.0,635.0,625.0,641.0
6177.0,1456.0,1431.0,1437.0,618.0,611.0,624.0
6295.0,1486.0,1463.0,1458.0,627.0,624.0,637.0
6237.0,1462.0,1427.0,1457.0,625.0,628.0,638.0
6306.0,1467.0,1474.0,1473.0,634.0,618.0,640.0
6354.0,1482.0,1506.0,1455.0,630.0,633.0,648.0
6223.0,1461.0,1457.0,1432.0,620.0,625.0,628.0
6249.0,1423.0,1466.0,1473.0,631.0,618.0,638.0
6286.0,1446.0,1483.0,1456.0,642.0,624.0,635.0
6328.0,1476.0,1510.0,1456.0,626.0,630.0,630.0
6438.0,1518.0,1523.0,1486.0,641.0,638.0,632.0
6451.0,1493.0,1520.0,1485.0,656.0,658.0,639.0
6371.0,1506.0,1480.0,1471.0,644.0,629.0,641.0
6405.0,1509.0,1486.0,1472.0,651.0,651.0,636.0
6508.0,1529.0,1511.0,1512.0,662.0,644.0,650.0
6510.0,1520.0,1506.0,1522.0,670.0,649.0,643.0
6351.0,1488.0,1473.0,1478.0,637.0,636.0,639.0
6553.0,1532.0,1531.0,1513.0,654.0,666.0,657.0
6458.0,1487.0,1460.0,1551.0,661.0,651.0,648.0
6490.0,1504.0,1487.0,1543.0,652.0,658.0,646.0
6329.0,1462.0,1474.0,1495.0,638.0,643.0,617.0
6619.0,1511.0,1563.0,1569.0,658.0,669.0,649.0
6357.0,1504.0,1460.0,1491.0,630.0,638.0,634.0
6569.0,1516.0,1526.0,1565.0,649.0,668.0,645.0
6468.0,1508.0,1526.0,1498.0,633.0,662.0,641.0
6291.0,1461.0,1487.0,1462.0,628.0,630.0,623.0
6326.0,1492.0,1465.0,1460.0,632.0,641.0,636.0
6215.0,1468.0,1436.0,1463.0,614.0,612.0,622.0
6204.0,1460.0,1450.0,1449.0,604.0,617.0,624.0
6255.0,1451.0,1450.0,1465.0,627.0,635.0,627.0
6206.0,1449.0,1462.0,1436.0,611.0,621.0,627.0
6253.0,1460.0,1486.0,1431.0,628.0,621.0,627.0
6518.0,1522.0,1510.0,1528.0,650.0,654.0,654.0
6152.0,1438.0,1437.0,1426.0,625.0,613.0,613.0
6414.0,1517.0,1482.0,1491.0,633.0,642.0,649.0
6255.0,1469.0,1440.0,1464.0,619.0,629.0,634.0
6520.0,1517.0,1521.0,1515.0,657.0,653.0,657.0
6385.0,1494.0,1485.0,1479.0,641.0,624.0,662.0
6331.0,1499.0,1475.0,1450.0,641.0,629.0,637.0
6456.0,1505.0,1500.0,1527.0,645.0,620.0,659.0
6568.0,1519.0,1538.0,1543.0,660.0,654.0,654.0
6540.0,1532.0,1499.0,1549.0,655.0,636.0,669.0
6440.0,1477.0,1526.0,1500.0,650.0,644.0,643.0
6343.0,1475.0,1462.0,1506.0,625.0,635.0,640.0
6586.0,1502.0,1553.0,1549.0,664.0,656.0,662.0
6450.0,1476.0,1545.0,1492.0,650.0,645.0,642.0
6473.0,1497.0,1501.0,1526.0,654.0,644.0,651.0
6572.0,1543.0,1539.0,1551.0,648.0,646.0,645.0
6486.0,1514.0,1518.0,1522.0,647.0,642.0,643.0
6464.0,1498.0,1501.0,1524.0,650.0,651.0,640.0
6519.0,1539.0,1517.0,1503.0,649.0,668.0,643.0
6267.0,1487.0,1467.0,1437.0,616.0,627.0,633.0
6401.0,1498.0,1484.0,1501.0,645.0,645.0,628.0
6256.0,1484.0,1450.0,1459.0,606.0,634.0,623.0
6378.0,1501.0,1479.0,1480.0,627.0,655.0,636.0
6289.0,1487.0,1452.0,1468.0,629.0,633.0,620.0
6289.0,1464.0,1475.0,1462.0,619.0,644.0,625.0
6307.0,1484.0,1473.0,1462.0,634.0,635.0,619.0
6373.0,1485.0,1481.0,1478.0,638.0,653.0,638.0
6354.0,1487.0,1484.0,1465.0,640.0,637.0,641.0
6238.0,1427.0,1461.0,1474.0,626.0,625.0,625.0
6566.0,1531.0,1538.0,1522.0,648.0,665.0,662.0
6424.0,1495.0,1517.0,1495.0,649.0,637.0,631.0
6482.0,1512.0,1517.0,1512.0,654.0,653.0,634.0
6333.0,1471.0,1483.0,1471.0,632.0,641.0,635.0
6475.0,1510.0,1521.0,1488.0,658.0,654.0,644.0
6448.0,1480.0,1527.0,1514.0,640.0,646.0,641.0
6561.0,1537.0,1524.0,1536.0,661.0,645.0,658.0
6593.0,1513.0,1541.0,1558.0,674.0,654.0,653.0
6578.0,1531.0,1508.0,1576.0,677.0,635.0,651.0
6714.0,1559.0,1551.0,1586.0,677.0,658.0,683.0
6586.0,1519.0,1526.0,1542.0,672.0,660.0,667.0
6439.0,1469.0,1522.0,1511.0,642.0,642.0,653.0
6364.0,1487.0,1490.0,1494.0,646.0,630.0,617.0
6531.0,1525.0,1488.0,1551.0,657.0,647.0,663.0
6551.0,1515.0,1516.0,1541.0,659.0,659.0,661.0
6549.0,1539.0,1536.0,1520.0,645.0,648.0,661.0
6384.0,1500.0,1479.0,1484.0,627.0,639.0,655.0
6462.0,1534.0,1480.0,1500.0,652.0,646.0,650.0
6536.0,1547.0,1526.0,1515.0,648.0,650.0,650.0
6494.0,1509.0,1534.0,1496.0,654.0,649.0,652.0
6481.0,1520.0,1524.0,1503.0,644.0,636.0,654.0
6319.0,1433.0,1494.0,1476.0,629.0,642.0,645.0
6450.0,1494.0,1530.0,1498.0,635.0,644.0,649.0
6433.0,1459.0,1519.0,1509.0,655.0,635.0,656.0
6378.0,1509.0,1481.0,1480.0,628.0,638.0,642.0
6450.0,1497.0,1499.0,1498.0,645.0,656.0,655.0
6504.0,1501.0,1507.0,1529.0,647.0,668.0,652.0
6626.0,1550.0,1536.0,1558.0,649.0,664.0,669.0
6466.0,1503.0,1501.0,1522.0,642.0,644.0,654.0
6554.0,1539.0,1484.0,1563.0,643.0,667.0,658.0
6709.0,1564.0,1545.0,1581.0,680.0,680.0,659.0
6507.0,1528.0,1479.0,1554.0,650.0,655.0,641.0
6587.0,1536.0,1517.0,1565.0,652.0,660.0,657.0
6572.0,1535.0,1538.0,1529.0,660.0,656.0,654.0
6661.0,1550.0,1538.0,1551.0,678.0,677.0,667.0
6579.0,1524.0,1524.0,1548.0,664.0,663.0,656.0
6667.0,1547.0,1553.0,1576.0,676.0,662.0,653.0
6501.0,1503.0,1521.0,1508.0,669.0,648.0,652.0
6481.0,1514.0,1546.0,1477.0,660.0,653.0,631.0
6694.0,1558.0,1565.0,1562.0,682.0,670.0,657.0
6695.0,1562.0,1581.0,1528.0,678.0,671.0,675.0
6611.0,1545.0,1554.0,1550.0,654.0,653.0,655.0
6397.0,1500.0,1508.0,1477.0,640.0,643.0,629.0
6505.0,1527.0,1527.0,1499.0,645.0,647.0,660.0
6505.0,1529.0,1536.0,1495.0,647.0,647.0,651.0
6516.0,1536.0,1503.0,1526.0,654.0,643.0,654.0
6508.0,1525.0,1508.0,1512.0,653.0,653.0,657.0
6550.0,1520.0,1521.0,1558.0,650.0,643.0,658.0
6359.0,1490.0,1471.0,1501.0,627.0,622.0,648.0
6441.0,1505.0,1500.0,1499.0,643.0,652.0,642.0
6398.0,1500.0,1493.0,1492.0,645.0,623.0,645.0
6467.0,1512.0,1497.0,1517.0,644.0,646.0,651.0
6509.0,1500.0,1517.0,1547.0,641.0,650.0,654.0
6823.0,1572.0,1587.0,1617.0,679.0,685.0,683.0
6505.0,1509.0,1518.0,1524.0,643.0,655.0,656.0
6659.0,1568.0,1536.0,1563.0,661.0,662.0,669.0
6680.0,1583.0,1548.0,1557.0,651.0,671.0,670.0
6710.0,1551.0,1571.0,1570.0,666.0,674.0,678.0
6646.0,1522.0,1568.0,1565.0,657.0,667.0,667.0
6870.0,1608.0,1610.0,1604.0,669.0,691.0,688.0
6681.0,1578.0,1555.0,1531.0,671.0,672.0,674.0
6729.0,1557.0,1589.0,1549.0,678.0,681.0,675.0
6592.0,1528.0,1548.0,1516.0,669.0,667.0,664.0
6556.0,1530.0,1509.0,1528.0,659.0,670.0,660.0
6496.0,1522.0,1497.0,1504.0,662.0,654.0,657.0
6664.0,1541.0,1554.0,1563.0,680.0,668.0,658.0
6677.0,1557.0,1546.0,1558.0,686.0,671.0,659.0
6556.0,1544.0,1502.0,1529.0,668.0,658.0,655.0
6503.0,1532.0,1499.0,1516.0,659.0,651.0,646.0
6535.0,1552.0,1495.0,1527.0,663.0,651.0,647.0
6460.0,1530.0,1489.0,1490.0,646.0,659.0,646.0
6444.0,1497.0,1499.0,1513.0,651.0,640.0,644.0
6565.0,1542.0,1541.0,1530.0,653.0,649.0,650.0
6642.0,1541.0,1549.0,1584.0,659.0,664.0,645.0
6609.0,1538.0,1544.0,1570.0,657.0,652.0,648.0
6458.0,1509.0,1510.0,1514.0,643.0,655.0,627.0
6531.0,1501.0,1543.0,1550.0,644.0,649.0,644.0
6492.0,1518.0,1506.0,1533.0,645.0,649.0,641.0
6665.0,1543.0,1569.0,1576.0,666.0,653.0,658.0
6641.0,1546.0,1578.0,1556.0,652.0,652.0,657.0
6613.0,1545.0,1541.0,1558.0,654.0,655.0,660.0
6605.0,1570.0,1527.0,1534.0,660.0,656.0,658.0
6649.0,1555.0,1558.0,1567.0,655.0,657.0,657.0
6749.0,1583.0,1549.0,1590.0,676.0,682.0,669.0
6729.0,1565.0,1570.0,1591.0,671.0,673.0,659.0
6595.0,1540.0,1535.0,1541.0,654.0,669.0,656.0
6669.0,1554.0,1544.0,1559.0,674.0,666.0,672.0
6668.0,1557.0,1573.0,1524.0,663.0,677.0,674.0
6634.0,1552.0,1540.0,1556.0,659.0,657.0,670.0
6630.0,1532.0,1553.0,1544.0,668.0,661.0,672.0
6550.0,1519.0,1534.0,1497.0,672.0,664.0,664.0
6752.0,1553.0,1581.0,1580.0,684.0,680.0,674.0
6722.0,1562.0,1585.0,1555.0,685.0,666.0,669.0
6720.0,1562.0,1576.0,1552.0,674.0,681.0,675.0
6630.0,1554.0,1545.0,1524.0,671.0,666.0,670.0
6678.0,1544.0,1590.0,1540.0,661.0,670.0,673.0
6544.0,1545.0,1527.0,1512.0,647.0,657.0,656.0
6625.0,1551.0,1566.0,1513.0,664.0,665.0,666.0
6704.0,1542.0,1571.0,1589.0,665.0,670.0,667.0
6584.0,1528.0,1535.0,1564.0,650.0,658.0,649.0
6684.0,1561.0,1528.0,1579.0,674.0,664.0,678.0
6637.0,1532.0,1556.0,1552.0,670.0,663.0,664.0
6781.0,1542.0,1559.0,1626.0,680.0,683.0,691.0
6715.0,1555.0,1559.0,1580.0,666.0,677.0,678.0
6716.0,1582.0,1549.0,1581.0,684.0,656.0,664.0
6564.0,1504.0,1539.0,1559.0,649.0,664.0,649.0
6808.0,1600.0,1586.0,1584.0,661.0,681.0,696.0
6701.0,1574.0,1547.0,1574.0,668.0,675.0,663.0
6771.0,1589.0,1594.0,1572.0,680.0,674.0,662.0
6809.0,1606.0,1590.0,1590.0,678.0,667.0,678.0
6728.0,1587.0,1599.0,1544.0,663.0,660.0,675.0
6709.0,1579.0,1581.0,1536.0,662.0,676.0,675.0
6732.0,1553.0,1587.0,1581.0,675.0,659.0,677.0
6679.0,1549.0,1572.0,1577.0,663.0,660.0,658.0
6847.0,1577.0,1626.0,1584.0,694.0,694.0,672.0
6786.0,1567.0,1610.0,1590.0,675.0,672.0,672.0
6748.0,1594.0,1578.0,1569.0,675.0,667.0,665.0
6532.0,1519.0,1519.0,1525.0,664.0,649.0,656.0
6628.0,1555.0,1542.0,1539.0,672.0,663.0,657.0
6700.0,1567.0,1557.0,1564.0,670.0,670.0,672.0
6584.0,1523.0,1566.0,1528.0,664.0,649.0,654.0
6642.0,1559.0,1541.0,1544.0,675.0,665.0,658.0
6731.0,1559.0,1556.0,1586.0,682.0,675.0,673.0
6689.0,1558.0,1562.0,1583.0,653.0,677.0,656.0
6616.0,1531.0,1532.0,1549.0,673.0,664.0,667.0
6655.0,1538.0,1547.0,1567.0,667.0,673.0,663.0
6715.0,1537.0,1599.0,1536.0,692.0,681.0,670.0
6621.0,1536.0,1562.0,1533.0,666.0,672.0,652.0
6683.0,1548.0,1577.0,1557.0,662.0,669.0,670.0
6694.0,1556.0,1561.0,1563.0,678.0,660.0,676.0
6524.0,1521.0,1528.0,1500.0,663.0,659.0,653.0
6790.0,1584.0,1587.0,1577.0,680.0,673.0,689.0
6778.0,1594.0,1579.0,1570.0,678.0,676.0,681.0
6874.0,1636.0,1571.0,1596.0,683.0,686.0,702.0
6680.0,1564.0,1568.0,1531.0,664.0,672.0,681.0
6709.0,1574.0,1567.0,1555.0,660.0,675.0,678.0
6830.0,1587.0,1592.0,1593.0,681.0,687.0,690.0
6707.0,1559.0,1561.0,1566.0,662.0,682.0,677.0
6732.0,1581.0,1570.0,1562.0,667.0,675.0,677.0
6799.0,1593.0,1569.0,1585.0,677.0,688.0,687.0
6574.0,1505.0,1550.0,1538.0,654.0,660.0,667.0
6714.0,1547.0,1605.0,1571.0,653.0,668.0,670.0
6622.0,1552.0,1540.0,1536.0,660.0,657.0,677.0
6726.0,1557.0,1588.0,1563.0,663.0,678.0,677.0
6772.0,1583.0,1594.0,1592.0,673.0,655.0,675.0
6772.0,1581.0,1599.0,1578.0,674.0,667.0,673.0
6679.0,1586.0,1565.0,1536.0,670.0,657.0,665.0
6894.0,1625.0,1608.0,1621.0,677.0,675.0,688.0
6676.0,1542.0,1577.0,1559.0,675.0,662.0,661.0
6768.0,1591.0,1578.0,1599.0,676.0,661.0,663.0
6762.0,1558.0,1597.0,1589.0,684.0,664.0,670.0
6723.0,1541.0,1607.0,1566.0,681.0,671.0,657.0
6551.0,1528.0,1524.0,1517.0,677.0,658.0,647.0
6551.0,1515.0,1524.0,1528.0,659.0,661.0,664.0
6771.0,1553.0,1567.0,1603.0,690.0,679.0,679.0
6784.0,1567.0,1597.0,1584.0,688.0,675.0,673.0
6764.0,1594.0,1573.0,1563.0,677.0,677.0,680.0
6655.0,1527.0,1542.0,1578.0,670.0,669.0,669.0
6621.0,1552.0,1523.0,1531.0,674.0,676.0,665.0
6690.0,1564.0,1560.0,1534.0,679.0,682.0,671.0
6874.0,1605.0,1595.0,1609.0,686.0,680.0,699.0
6842.0,1602.0,1613.0,1574.0,680.0,688.0,685.0
6749.0,1565.0,1577.0,1584.0,670.0,679.0,674.0
7008.0,1637.0,1652.0,1619.0,696.0,714.0,690.0
6829.0,1581.0,1587.0,1616.0,684.0,687.0,674.0
6875.0,1597.0,1622.0,1593.0,670.0,701.0,692.0
6832.0,1606.0,1603.0,1599.0,678.0,665.0,681.0
6919.0,1575.0,1633.0,1629.0,691.0,704.0,687.0
7000.0,1602.0,1650.0,1650.0,699.0,702.0,697.0
6773.0,1565.0,1569.0,1604.0,667.0,687.0,681.0
6844.0,1584.0,1616.0,1589.0,671.0,692.0,692.0
6825.0,1586.0,1601.0,1600.0,674.0,677.0,687.0
6827.0,1606.0,1603.0,1584.0,682.0,669.0,683.0
6867.0,1604.0,1588.0,1620.0,679.0,685.0,691.0
6859.0,1625.0,1591.0,1587.0,691.0,671.0,694.0
6700.0,1571.0,1555.0,1570.0,664.0,663.0,677.0
6725.0,1577.0,1556.0,1563.0,670.0,674.0,685.0
6725.0,1566.0,1557.0,1564.0,675.0,670.0,693.0
6678.0,1554.0,1534.0,1568.0,676.0,659.0,687.0
6790.0,1585.0,1586.0,1564.0,684.0,671.0,700.0
6700.0,1553.0,1569.0,1561.0,676.0,668.0,673.0
6695.0,1530.0,1599.0,1537.0,679.0,668.0,682.0
6752.0,1571.0,1583.0,1572.0,673.0,676.0,677.0
6823.0,1601.0,1619.0,1589.0,674.0,665.0,675.0
6791.0,1590.0,1580.0,1570.0,681.0,685.0,685.0
6927.0,1625.0,1622.0,1596.0,697.0,690.0,697.0
6862.0,1620.0,1606.0,1600.0,677.0,675.0,684.0
6975.0,1614.0,1650.0,1623.0,688.0,705.0,695.0
6968.0,1634.0,1644.0,1622.0,694.0,685.0,689.0
6798.0,1570.0,1578.0,1586.0,691.0,688.0,685.0
6968.0,1626.0,1608.0,1652.0,691.0,694.0,697.0
6877.0,1610.0,1595.0,1617.0,680.0,693.0,682.0
6886.0,1601.0,1558.0,1637.0,696.0,711.0,683.0
6969.0,1618.0,1626.0,1643.0,685.0,703.0,694.0
6826.0,1592.0,1581.0,1608.0,675.0,686.0,684.0
6815.0,1580.0,1611.0,1607.0,669.0,678.0,670.0
6987.0,1624.0,1604.0,1654.0,696.0,704.0,705.0
6652.0,1579.0,1550.0,1545.0,661.0,665.0,652.0
6957.0,1640.0,1596.0,1637.0,703.0,695.0,686.0
6749.0,1606.0,1549.0,1567.0,664.0,686.0,677.0
6825.0,1605.0,1581.0,1590.0,673.0,700.0,676.0
6733.0,1558.0,1589.0,1569.0,670.0,681.0,666.0
6799.0,1579.0,1587.0,1591.0,680.0,685.0,677.0
6924.0,1589.0,1659.0,1592.0,699.0,699.0,686.0
6684.0,1534.0,1591.0,1546.0,667.0,669.0,677.0
6633.0,1519.0,1570.0,1542.0,667.0,667.0,668.0
6897.0,1589.0,1612.0,1595.0,701.0,698.0,702.0
6828.0,1569.0,1616.0,1572.0,698.0,686.0,687.0
6925.0,1616.0,1609.0,1598.0,705.0,698.0,699.0
6874.0,1604.0,1594.0,1607.0,691.0,690.0,688.0
6873.0,1613.0,1614.0,1584.0,686.0,685.0,691.0
6848.0,1627.0,1597.0,1563.0,690.0,680.0,691.0
6900.0,1609.0,1595.0,1637.0,681.0,683.0,695.0
7029.0,1643.0,1617.0,1652.0,715.0,690.0,712.0
6923.0,1604.0,1613.0,1630.0,701.0,683.0,692.0
7034.0,1625.0,1643.0,1655.0,707.0,686.0,718.0
6982.0,1606.0,1645.0,1634.0,689.0,698.0,710.0
6952.0,1618.0,1608.0,1637.0,691.0,692.0,706.0
6956.0,1605.0,1634.0,1624.0,696.0,690.0,707.0
6852.0,1576.0,1623.0,1613.0,681.0,677.0,682.0
6929.0,1603.0,1628.0,1625.0,695.0,690.0,688.0
7066.0,1639.0,1665.0,1658.0,699.0,698.0,707.0
7003.0,1647.0,1624.0,1647.0,691.0,699.0,695.0
6999.0,1637.0,1640.0,1614.0,704.0,702.0,702.0
6926.0,1634.0,1585.0,1621.0,701.0,684.0,701.0
6850.0,1626.0,1608.0,1585.0,681.0,682.0,668.0
6831.0,1605.0,1586.0,1598.0,678.0,686.0,678.0
6858.0,1631.0,1608.0,1561.0,680.0,697.0,681.0
6897.0,1618.0,1603.0,1601.0,693.0,697.0,685.0
6791.0,1601.0,1591.0,1564.0,671.0,697.0,667.0
6853.0,1605.0,1585.0,1594.0,686.0,694.0,689.0
6985.0,1627.0,1629.0,1598.0,713.0,721.0,697.0
6772.0,1568.0,1563.0,1591.0,680.0,693.0,677.0
6961.0,1616.0,1620.0,1635.0,694.0,698.0,698.0
6904.0,1597.0,1620.0,1612.0,700.0,686.0,689.0
6859.0,1596.0,1604.0,1614.0,681.0,684.0,680.0
6979.0,1629.0,1615.0,1614.0,708.0,709.0,704.0
7017.0,1647.0,1629.0,1640.0,698.0,700.0,703.0
6937.0,1645.0,1620.0,1629.0,685.0,688.0,670.0
7082.0,1673.0,1653.0,1655.0,704.0,701.0,696.0
6984.0,1645.0,1617.0,1628.0,711.0,689.0,694.0
6947.0,1631.0,1628.0,1618.0,693.0,691.0,686.0
7003.0,1626.0,1646.0,1644.0,692.0,693.0,702.0
6893.0,1584.0,1597.0,1629.0,697.0,696.0,690.0
7167.0,1652.0,1658.0,1701.0,720.0,707.0,729.0
7090.0,1652.0,1643.0,1651.0,719.0,705.0,720.0
6934.0,1634.0,1609.0,1615.0,697.0,687.0,692.0
6864.0,1607.0,1603.0,1608.0,675.0,679.0,692.0
6982.0,1632.0,1630.0,1625.0,698.0,697.0,700.0
6951.0,1635.0,1609.0,1642.0,686.0,678.0,701.0
6865.0,1601.0,1589.0,1609.0,683.0,687.0,696.0
6827.0,1603.0,1570.0,1601.0,676.0,683.0,694.0
6975.0,1638.0,1619.0,1638.0,694.0,696.0,690.0
6931.0,1647.0,1625.0,1594.0,683.0,685.0,697.0
6888.0,1609.0,1617.0,1599.0,684.0,683.0,696.0
6897.0,1609.0,1639.0,1587.0,677.0,688.0,697.0
6979.0,1596.0,1637.0,1646.0,695.0,706.0,699.0
6869.0,1594.0,1626.0,1589.0,680.0,687.0,693.0
7048.0,1644.0,1634.0,1659.0,703.0,702.0,706.0
6888.0,1591.0,1625.0,1603.0,683.0,698.0,688.0
6855.0,1579.0,1614.0,1596.0,690.0,688.0,688.0
7028.0,1675.0,1619.0,1636.0,696.0,703.0,699.0
6980.0,1626.0,1654.0,1640.0,680.0,694.0,686.0
7157.0,1681.0,1659.0,1683.0,714.0,710.0,710.0
7085.0,1661.0,1620.0,1664.0,710.0,722.0,708.0
7030.0,1630.0,1624.0,1666.0,711.0,703.0,696.0
7136.0,1649.0,1656.0,1681.0,727.0,720.0,703.0
7028.0,1649.0,1631.0,1648.0,707.0,702.0,691.0
6932.0,1590.0,1599.0,1647.0,709.0,692.0,695.0
6885.0,1585.0,1605.0,1606.0,698.0,702.0,689.0
7120.0,1645.0,1653.0,1673.0,728.0,713.0,708.0
7208.0,1674.0,1686.0,1663.0,718.0,738.0,729.0
7332.0,1695.0,1714.0,1720.0,734.0,734.0,735.0
7102.0,1646.0,1676.0,1639.0,723.0,715.0,703.0
6965.0,1616.0,1646.0,1611.0,703.0,702.0,687.0
7097.0,1673.0,1665.0,1630.0,714.0,710.0,705.0
7087.0,1638.0,1667.0,1654.0,713.0,707.0,708.0
7203.0,1686.0,1686.0,1671.0,717.0,721.0,722.0
6879.0,1626.0,1623.0,1559.0,685.0,695.0,691.0
6988.0,1656.0,1643.0,1623.0,690.0,681.0,695.0
6951.0,1634.0,1642.0,1597.0,684.0,695.0,699.0
6985.0,1651.0,1632.0,1614.0,700.0,691.0,697.0
6908.0,1610.0,1603.0,1629.0,689.0,686.0,691.0
7009.0,1645.0,1621.0,1641.0,696.0,694.0,712.0
6917.0,1611.0,1593.0,1638.0,683.0,699.0,693.0
6989.0,1645.0,1596.0,1669.0,702.0,685.0,692.0
6918.0,1620.0,1578.0,1628.0,684.0,691.0,717.0
7201.0,1676.0,1658.0,1713.0,709.0,712.0,733.0
6961.0,1632.0,1616.0,1611.0,704.0,701.0,697.0
7236.0,1666.0,1704.0,1685.0,721.0,724.0,736.0
7202.0,1695.0,1679.0,1682.0,714.0,707.0,725.0
7058.0,1655.0,1655.0,1625.0,709.0,705.0,709.0
7146.0,1684.0,1655.0,1665.0,713.0,708.0,721.0
7256.0,1708.0,1701.0,1671.0,729.0,722.0,725.0
7244.0,1684.0,1711.0,1675.0,729.0,723.0,722.0
7001.0,1624.0,1644.0,1612.0,709.0,713.0,699.0
7078.0,1630.0,1672.0,1646.0,713.0,708.0,709.0
7062.0,1642.0,1641.0,1647.0,714.0,712.0,706.0
7163.0,1685.0,1667.0,1669.0,714.0,717.0,711.0
7098.0,1665.0,1660.0,1622.0,718.0,713.0,720.0
7087.0,1666.0,1628.0,1677.0,708.0,709.0,699.0
7104.0,1679.0,1638.0,1658.0,702.0,727.0,700.0
6876.0,1601.0,1601.0,1604.0,687.0,694.0,689.0
7053.0,1670.0,1612.0,1635.0,708.0,715.0,713.0
6868.0,1588.0,1604.0,1587.0,695.0,693.0,701.0
6977.0,1655.0,1611.0,1639.0,692.0,689.0,691.0
6897.0,1586.0,1597.0,1638.0,702.0,694.0,680.0
6993.0,1644.0,1625.0,1635.0,699.0,697.0,693.0
7004.0,1610.0,1657.0,1644.0,697.0,692.0,704.0
7029.0,1666.0,1633.0,1636.0,700.0,701.0,693.0
7055.0,1610.0,1676.0,1664.0,707.0,700.0,698.0
6990.0,1616.0,1646.0,1648.0,697.0,695.0,688.0
7203.0,1686.0,1691.0,1681.0,717.0,717.0,711.0
7214.0,1681.0,1681.0,1708.0,718.0,717.0,709.0
7082.0,1660.0,1677.0,1635.0,712.0,692.0,706.0
7193.0,1688.0,1676.0,1692.0,711.0,715.0,711.0
7077.0,1673.0,1672.0,1630.0,696.0,709.0,697.0
7080.0,1649.0,1660.0,1638.0,716.0,700.0,717.0
7092.0,1672.0,1641.0,1635.0,711.0,723.0,710.0
7134.0,1671.0,1667.0,1663.0,722.0,712.0,699.0
7077.0,1671.0,1638.0,1632.0,724.0,714.0,698.0
7130.0,1664.0,1675.0,1643.0,718.0,708.0,722.0
7237.0,1675.0,1673.0,1699.0,728.0,728.0,734.0
7165.0,1641.0,1658.0,1680.0,731.0,726.0,729.0
7059.0,1662.0,1646.0,1617.0,723.0,700.0,711.0
7047.0,1654.0,1655.0,1615.0,717.0,695.0,711.0
7207.0,1708.0,1664.0,1665.0,717.0,728.0,725.0
7098.0,1661.0,1681.0,1626.0,719.0,703.0,708.0
7102.0,1655.0,1654.0,1669.0,703.0,705.0,716.0
6898.0,1616.0,1625.0,1593.0,681.0,688.0,695.0
7204.0,1660.0,1699.0,1691.0,707.0,723.0,724.0
7071.0,1652.0,1644.0,1648.0,707.0,710.0,710.0
6862.0,1605.0,1591.0,1607.0,677.0,689.0,693.0
7094.0,1652.0,1644.0,1672.0,700.0,714.0,712.0
6961.0,1590.0,1641.0,1623.0,694.0,707.0,706.0
6989.0,1625.0,1627.0,1643.0,698.0,702.0,694.0
7060.0,1614.0,1653.0,1663.0,706.0,715.0,709.0
7139.0,1652.0,1672.0,1666.0,710.0,716.0,723.0
7146.0,1677.0,1656.0,1669.0,716.0,710.0,718.0
7052.0,1634.0,1654.0,1653.0,700.0,700.0,711.0
7097.0,1663.0,1649.0,1660.0,698.0,720.0,707.0
7104.0,1676.0,1645.0,1662.0,701.0,713.0,707.0
7273.0,1714.0,1695.0,1685.0,714.0,725.0,740.0
7061.0,1653.0,1646.0,1632.0,705.0,711.0,714.0
7145.0,1662.0,1686.0,1645.0,726.0,721.0,705.0
7211.0,1671.0,1697.0,1664.0,719.0,724.0,736.0
7193.0,1704.0,1699.0,1639.0,716.0,718.0,717.0
7371.0,1728.0,1741.0,1698.0,739.0,733.0,732.0
7095.0,1670.0,1673.0,1633.0,712.0,709.0,698.0
7194.0,1662.0,1692.0,1670.0,725.0,717.0,728.0
7165.0,1667.0,1705.0,1657.0,723.0,709.0,704.0
7164.0,1664.0,1687.0,1668.0,721.0,720.0,704.0
7082.0,1628.0,1678.0,1666.0,718.0,694.0,698.0
7112.0,1685.0,1618.0,1672.0,724.0,704.0,709.0
7182.0,1676.0,1663.0,1690.0,734.0,707.0,712.0
7144.0,1678.0,1645.0,1689.0,715.0,716.0,701.0
7188.0,1692.0,1664.0,1681.0,729.0,710.0,712.0
7072.0,1662.0,1642.0,1650.0,716.0,694.0,708.0
7112.0,1659.0,1627.0,1674.0,720.0,716.0,716.0
7137.0,1626.0,1690.0,1665.0,717.0,714.0,725.0
7145.0,1640.0,1676.0,1695.0,702.0,716.0,716.0
7260.0,1689.0,1695.0,1700.0,722.0,724.0,730.0
7038.0,1659.0,1645.0,1632.0,698.0,703.0,701.0
7166.0,1666.0,1689.0,1664.0,712.0,717.0,718.0
7181.0,1684.0,1666.0,1673.0,705.0,734.0,719.0
7042.0,1614.0,1660.0,1643.0,692.0,721.0,712.0
7177.0,1697.0,1676.0,1671.0,706.0,714.0,713.0
7241.0,1676.0,1687.0,1681.0,726.0,735.0,736.0
7157.0,1659.0,1685.0,1669.0,703.0,714.0,727.0
7242.0,1699.0,1694.0,1670.0,721.0,736.0,722.0
7410.0,1733.0,1731.0,1718.0,741.0,743.0,744.0
7359.0,1708.0,1740.0,1699.0,731.0,742.0,739.0
7305.0,1709.0,1704.0,1693.0,725.0,731.0,743.0
7239.0,1667.0,1712.0,1679.0,721.0,721.0,739.0
7296.0,1695.0,1692.0,1719.0,723.0,733.0,734.0
7215.0,1663.0,1685.0,1688.0,734.0,727.0,718.0
7244.0,1691.0,1675.0,1709.0,722.0,730.0,717.0
7016.0,1615.0,1624.0,1651.0,703.0,707.0,716.0
7208.0,1663.0,1672.0,1707.0,720.0,721.0,725.0
7233.0,1680.0,1691.0,1701.0,722.0,716.0,723.0
7345.0,1735.0,1703.0,1722.0,728.0,723.0,734.0
7110.0,1643.0,1676.0,1661.0,711.0,704.0,715.0
7191.0,1709.0,1667.0,1669.0,726.0,714.0,706.0
7039.0,1647.0,1636.0,1638.0,721.0,699.0,698.0
7205.0,1684.0,1674.0,1700.0,721.0,710.0,716.0
7177.0,1634.0,1693.0,1674.0,732.0,719.0,725.0
7210.0,1658.0,1703.0,1678.0,721.0,729.0,721.0
7206.0,1670.0,1700.0,1685.0,721.0,720.0,710.0
7046.0,1659.0,1665.0,1633.0,701.0,701.0,687.0
7191.0,1665.0,1687.0,1675.0,732.0,727.0,705.0
7206.0,1703.0,1676.0,1678.0,721.0,718.0,710.0
7132.0,1673.0,1632.0,1680.0,715.0,714.0,718.0
7114.0,1679.0,1645.0,1648.0,708.0,709.0,725.0
7364.0,1726.0,1725.0,1708.0,725.0,738.0,742.0
7389.0,1766.0,1708.0,1706.0,739.0,742.0,728.0
7266.0,1684.0,1693.0,1698.0,735.0,724.0,732.0
7246.0,1715.0,1692.0,1670.0,715.0,736.0,718.0
7391.0,1739.0,1716.0,1707.0,744.0,750.0,735.0
7291.0,1702.0,1709.0,1699.0,723.0,737.0,721.0
7390.0,1701.0,1740.0,1714.0,752.0,745.0,738.0
7342.0,1701.0,1716.0,1726.0,723.0,737.0,739.0
7187.0,1671.0,1664.0,1694.0,715.0,728.0,715.0
7312.0,1676.0,1724.0,1717.0,733.0,732.0,730.0
7411.0,1724.0,1735.0,1723.0,741.0,745.0,743.0
7278.0,1697.0,1695.0,1706.0,713.0,738.0,729.0
7317.0,1683.0,1714.0,1718.0,734.0,730.0,738.0
7267.0,1719.0,1678.0,1707.0,720.0,712.0,731.0
7188.0,1685.0,1649.0,1693.0,725.0,721.0,715.0
7101.0,1663.0,1641.0,1652.0,710.0,721.0,714.0
7246.0,1706.0,1694.0,1673.0,722.0,722.0,729.0
7137.0,1653.0,1650.0,1677.0,722.0,712.0,723.0
7300.0,1712.0,1698.0,1701.0,734.0,722.0,733.0
7138.0,1653.0,1653.0,1681.0,720.0,707.0,724.0
7360.0,1704.0,1721.0,1710.0,742.0,737.0,746.0
7060.0,1645.0,1631.0,1654.0,720.0,692.0,718.0
7140.0,1663.0,1674.0,1652.0,716.0,712.0,723.0
7173.0,1685.0,1689.0,1642.0,716.0,722.0,719.0
7275.0,1716.0,1716.0,1681.0,722.0,712.0,728.0
7243.0,1713.0,1691.0,1670.0,729.0,721.0,719.0
7387.0,1741.0,1762.0,1691.0,731.0,732.0,730.0
7403.0,1753.0,1748.0,1698.0,737.0,731.0,736.0
7461.0,1723.0,1779.0,1733.0,739.0,742.0,745.0
7483.0,1756.0,1758.0,1763.0,742.0,737.0,727.0
7358.0,1765.0,1718.0,1681.0,723.0,725.0,746.0
7340.0,1696.0,1731.0,1719.0,733.0,730.0,731.0
7521.0,1763.0,1748.0,1779.0,745.0,744.0,742.0
7278.0,1663.0,1718.0,1704.0,721.0,741.0,731.0
7424.0,1706.0,1727.0,1762.0,745.0,750.0,734.0
7345.0,1711.0,1724.0,1700.0,744.0,733.0,733.0
7324.0,1692.0,1686.0,1723.0,741.0,756.0,726.0
7356.0,1707.0,1705.0,1726.0,745.0,740.0,733.0
7213.0,1689.0,1679.0,1694.0,725.0,718.0,708.0
7180.0,1690.0,1650.0,1687.0,734.0,715.0,704.0
7305.0,1723.0,1665.0,1732.0,718.0,741.0,726.0
7333.0,1712.0,1733.0,1702.0,738.0,724.0,724.0
7246.0,1674.0,1707.0,1680.0,730.0,738.0,717.0
7489.0,1758.0,1730.0,1742.0,757.0,748.0,754.0
7327.0,1711.0,1716.0,1683.0,736.0,741.0,740.0
7194.0,1661.0,1694.0,1674.0,723.0,716.0,726.0
7075.0,1656.0,1671.0,1627.0,717.0,703.0,701.0
7264.0,1662.0,1709.0,1680.0,746.0,735.0,732.0
7349.0,1693.0,1733.0,1705.0,741.0,733.0,744.0
7353.0,1692.0,1743.0,1695.0,746.0,730.0,747.0
7432.0,1737.0,1738.0,1723.0,745.0,743.0,746.0
7462.0,1735.0,1749.0,1750.0,740.0,739.0,749.0
7350.0,1745.0,1711.0,1684.0,740.0,734.0,736.0
7349.0,1730.0,1707.0,1713.0,733.0,723.0,743.0
7399.0,1737.0,1697.0,1751.0,736.0,726.0,752.0
7266.0,1712.0,1661.0,1731.0,725.0,706.0,731.0
7285.0,1722.0,1679.0,1707.0,724.0,725.0,728.0
7474.0,1751.0,1720.0,1762.0,744.0,746.0,751.0
7324.0,1697.0,1685.0,1722.0,727.0,734.0,759.0
7451.0,1724.0,1738.0,1768.0,743.0,729.0,749.0
7497.0,1723.0,1762.0,1775.0,744.0,738.0,755.0
7409.0,1716.0,1731.0,1744.0,738.0,738.0,742.0
7269.0,1689.0,1698.0,1718.0,712.0,725.0,727.0
7168.0,1678.0,1646.0,1687.0,714.0,724.0,719.0
7467.0,1754.0,1746.0,1769.0,731.0,738.0,729.0
7342.0,1707.0,1723.0,1726.0,733.0,732.0,721.0
7403.0,1742.0,1718.0,1728.0,743.0,736.0,736.0
7260.0,1702.0,1724.0,1683.0,720.0,724.0,707.0
7271.0,1689.0,1707.0,1699.0,731.0,728.0,717.0
7303.0,1742.0,1702.0,1679.0,733.0,728.0,719.0
7381.0,1730.0,1731.0,1715.0,740.0,730.0,735.0
7220.0,1672.0,1675.0,1693.0,725.0,732.0,723.0
7280.0,1685.0,1705.0,1683.0,738.0,737.0,732.0
7333.0,1705.0,1699.0,1701.0,743.0,740.0,745.0
7354.0,1731.0,1710.0,1688.0,746.0,738.0,741.0
7362.0,1701.0,1738.0,1724.0,737.0,724.0,738.0
7454.0,1742.0,1731.0,1727.0,761.0,758.0,735.0
7263.0,1686.0,1679.0,1712.0,731.0,735.0,720.0
7481.0,1758.0,1732.0,1751.0,747.0,752.0,741.0
7487.0,1765.0,1748.0,1744.0,746.0,750.0,734.0
7541.0,1768.0,1737.0,1767.0,758.0,752.0,759.0
7542.0,1757.0,1754.0,1789.0,758.0,749.0,735.0
7589.0,1776.0,1755.0,1797.0,757.0,748.0,756.0
7492.0,1728.0,1758.0,1755.0,747.0,758.0,746.0
7520.0,1736.0,1782.0,1766.0,731.0,748.0,757.0
7527.0,1745.0,1772.0,1771.0,740.0,750.0,749.0
7413.0,1700.0,1740.0,1753.0,737.0,733.0,750.0
7477.0,1765.0,1744.0,1738.0,731.0,747.0,752.0
7418.0,1724.0,1750.0,1724.0,737.0,744.0,739.0
7394.0,1710.0,1711.0,1743.0,755.0,731.0,744.0
7308.0,1738.0,1702.0,1684.0,726.0,725.0,733.0
7333.0,1735.0,1707.0,1695.0,725.0,739.0,732.0
7502.0,1771.0,1737.0,1740.0,749.0,747.0,758.0
7310.0,1728.0,1682.0,1705.0,728.0,726.0,741.0
7452.0,1750.0,1737.0,1738.0,738.0,740.0,749.0
7434.0,1741.0,1732.0,1732.0,739.0,738.0,752.0
7370.0,1722.0,1732.0,1718.0,735.0,726.0,737.0
7503.0,1744.0,1770.0,1722.0,751.0,756.0,760.0
7302.0,1709.0,1706.0,1692.0,743.0,720.0,732.0
7424.0,1715.0,1749.0,1728.0,735.0,744.0,753.0
7412.0,1713.0,1741.0,1737.0,735.0,741.0,745.0
7483.0,1742.0,1752.0,1740.0,761.0,746.0,742.0
7429.0,1738.0,1734.0,1721.0,744.0,742.0,750.0
7465.0,1756.0,1741.0,1701.0,758.0,761.0,748.0
7514.0,1767.0,1726.0,1767.0,746.0,762.0,746.0
7427.0,1760.0,1708.0,1733.0,747.0,742.0,737.0
7424.0,1725.0,1716.0,1759.0,740.0,748.0,736.0
7516.0,1736.0,1747.0,1770.0,761.0,762.0,740.0
7587.0,1777.0,1730.0,1793.0,766.0,766.0,755.0
7541.0,1768.0,1749.0,1736.0,764.0,770.0,754.0
7553.0,1746.0,1756.0,1778.0,753.0,760.0,760.0
7518.0,1745.0,1744.0,1766.0,762.0,759.0,742.0
7431.0,1724.0,1715.0,1747.0,740.0,761.0,744.0
7487.0,1737.0,1741.0,1756.0,747.0,765.0,741.0
7548.0,1772.0,1760.0,1752.0,754.0,754.0,756.0
7434.0,1745.0,1746.0,1721.0,734.0,750.0,738.0
7566.0,1756.0,1795.0,1744.0,757.0,760.0,754.0
7564.0,1782.0,1804.0,1723.0,756.0,749.0,750.0
7464.0,1756.0,1774.0,1720.0,738.0,741.0,735.0
7411.0,1744.0,1743.0,1710.0,741.0,739.0,734.0
7478.0,1743.0,1779.0,1724.0,744.0,737.0,751.0
7381.0,1733.0,1717.0,1720.0,745.0,732.0,734.0
7375.0,1734.0,1740.0,1690.0,739.0,736.0,736.0
7523.0,1745.0,1768.0,1755.0,751.0,751.0,753.0
7409.0,1710.0,1730.0,1731.0,743.0,745.0,750.0
7495.0,1738.0,1746.0,1745.0,763.0,752.0,751.0
7488.0,1756.0,1741.0,1754.0,748.0,743.0,746.0
7314.0,1704.0,1697.0,1734.0,734.0,719.0,726.0
7456.0,1739.0,1734.0,1738.0,748.0,745.0,752.0
7644.0,1823.0,1762.0,1764.0,773.0,756.0,766.0
7571.0,1802.0,1754.0,1757.0,755.0,749.0,754.0
7611.0,1781.0,1747.0,1783.0,772.0,754.0,774.0
7459.0,1760.0,1725.0,1729.0,750.0,740.0,755.0
7576.0,1757.0,1762.0,1773.0,754.0,757.0,773.0
7697.0,1799.0,1774.0,1806.0,768.0,772.0,778.0
7515.0,1774.0,1760.0,1731.0,762.0,746.0,742.0
7452.0,1741.0,1748.0,1699.0,765.0,748.0,751.0
7423.0,1710.0,1744.0,1718.0,743.0,749.0,759.0
7507.0,1739.0,1759.0,1750.0,743.0,760.0,756.0
7537.0,1716.0,1766.0,1759.0,767.0,772.0,757.0
7476.0,1722.0,1753.0,1762.0,742.0,743.0,754.0
7593.0,1767.0,1782.0,1769.0,763.0,757.0,755.0
7500.0,1755.0,1745.0,1736.0,754.0,760.0,750.0
7514.0,1786.0,1721.0,1750.0,747.0,760.0,750.0
7398.0,1745.0,1728.0,1697.0,739.0,753.0,736.0
7435.0,1769.0,1734.0,1735.0,728.0,738.0,731.0
7416.0,1744.0,1715.0,1714.0,757.0,749.0,737.0
7431.0,1745.0,1707.0,1754.0,749.0,744.0,732.0
7467.0,1756.0,1712.0,1759.0,739.0,758.0,743.0
7513.0,1775.0,1732.0,1744.0,758.0,759.0,745.0
7507.0,1758.0,1757.0,1741.0,752.0,754.0,745.0
7476.0,1715.0,1746.0,1772.0,743.0,757.0,743.0
7476.0,1722.0,1766.0,1761.0,737.0,752.0,738.0
7539.0,1775.0,1755.0,1770.0,750.0,747.0,742.0
7530.0,1741.0,1761.0,1789.0,752.0,737.0,750.0
7513.0,1778.0,1726.0,1773.0,754.0,738.0,744.0
7599.0,1796.0,1751.0,1773.0,764.0,756.0,759.0
7471.0,1760.0,1730.0,1737.0,759.0,753.0,732.0
7638.0,1772.0,1773.0,1806.0,777.0,750.0,760.0
7530.0,1760.0,1776.0,1735.0,761.0,737.0,761.0
7651.0,1811.0,1791.0,1756.0,776.0,754.0,763.0
7468.0,1749.0,1742.0,1737.0,752.0,739.0,749.0
7633.0,1780.0,1771.0,1784.0,774.0,752.0,772.0
7540.0,1765.0,1774.0,1729.0,754.0,753.0,765.0
7557.0,1746.0,1764.0,1770.0,765.0,758.0,754.0
7741.0,1803.0,1780.0,1812.0,786.0,777.0,783.0
7572.0,1759.0,1755.0,1767.0,776.0,755.0,760.0
7473.0,1745.0,1727.0,1741.0,748.0,747.0,765.0
7490.0,1748.0,1742.0,1736.0,754.0,755.0,755.0
7502.0,1748.0,1757.0,1749.0,749.0,748.0,751.0
7586.0,1780.0,1773.0,1752.0,752.0,760.0,769.0
7531.0,1772.0,1756.0,1728.0,749.0,759.0,767.0
7568.0,1765.0,1757.0,1778.0,747.0,762.0,759.0
7541.0,1733.0,1745.0,1785.0,743.0,771.0,764.0
7572.0,1739.0,1798.0,1758.0,747.0,766.0,764.0
7532.0,1743.0,1758.0,1767.0,746.0,759.0,759.0
7633.0,1769.0,1778.0,1800.0,754.0,766.0,766.0
7603.0,1742.0,1785.0,1791.0,747.0,773.0,765.0
7752.0,1797.0,1829.0,1808.0,769.0,775.0,774.0
7651.0,1758.0,1778.0,1802.0,761.0,777.0,775.0
7743.0,1808.0,1797.0,1813.0,767.0,784.0,774.0
7521.0,1754.0,1781.0,1727.0,749.0,758.0,752.0
7535.0,1753.0,1764.0,1761.0,748.0,754.0,755.0
7574.0,1792.0,1752.0,1759.0,759.0,756.0,756.0
7785.0,1830.0,1811.0,1798.0,797.0,775.0,774.0
7799.0,1829.0,1799.0,1818.0,784.0,788.0,781.0
7578.0,1785.0,1761.0,1749.0,774.0,759.0,750.0
7534.0,1746.0,1780.0,1740.0,763.0,764.0,741.0
7635.0,1777.0,1779.0,1769.0,772.0,775.0,763.0
7589.0,1777.0,1764.0,1778.0,767.0,753.0,750.0
7724.0,1797.0,1809.0,1797.0,782.0,771.0,768.0
7708.0,1780.0,1827.0,1784.0,771.0,781.0,765.0
7673.0,1790.0,1819.0,1773.0,774.0,758.0,759.0
7528.0,1768.0,1762.0,1747.0,754.0,746.0,751.0
7522.0,1747.0,1766.0,1759.0,764.0,750.0,736.0
7653.0,1795.0,1792.0,1795.0,758.0,755.0,758.0
7555.0,1776.0,1759.0,1764.0,754.0,748.0,754.0
7654.0,1810.0,1777.0,1807.0,747.0,753.0,760.0
7551.0,1752.0,1736.0,1794.0,752.0,759.0,758.0
7696.0,1823.0,1768.0,1796.0,762.0,774.0,773.0
7484.0,1755.0,1719.0,1775.0,747.0,743.0,745.0
7596.0,1794.0,1764.0,1766.0,748.0,761.0,763.0
7638.0,1767.0,1775.0,1801.0,764.0,770.0,761.0
7486.0,1733.0,1760.0,1740.0,747.0,748.0,758.0
7530.0,1745.0,1732.0,1776.0,751.0,755.0,771.0
7611.0,1770.0,1782.0,1758.0,764.0,766.0,771.0
7445.0,1722.0,1735.0,1743.0,746.0,758.0,741.0
7647.0,1776.0,1761.0,1788.0,772.0,783.0,767.0
7600.0,1780.0,1781.0,1739.0,764.0,767.0,769.0
7696.0,1802.0,1812.0,1778.0,757.0,770.0,777.0
7838.0,1839.0,1840.0,1801.0,783.0,793.0,782.0
7928.0,1878.0,1837.0,1830.0,795.0,795.0,793.0
7970.0,1881.0,1863.0,1830.0,802.0,799.0,795.0
7753.0,1807.0,1820.0,1784.0,780.0,786.0,776.0
7685.0,1790.0,1784.0,1782.0,781.0,774.0,774.0
7786.0,1803.0,1814.0,1805.0,792.0,787.0,785.0
7875.0,1825.0,1825.0,1859.0,796.0,784.0,786.0
7791.0,1812.0,1825.0,1789.0,786.0,789.0,790.0
7726.0,1786.0,1787.0,1839.0,770.0,773.0,771.0
7707.0,1826.0,1767.0,1794.0,785.0,767.0,768.0
7769.0,1831.0,1776.0,1822.0,781.0,778.0,781.0
7669.0,1776.0,1777.0,1817.0,770.0,759.0,770.0
7736.0,1792.0,1794.0,1822.0,786.0,775.0,767.0
7634.0,1795.0,1752.0,1824.0,760.0,753.0,750.0
7730.0,1826.0,1771.0,1824.0,778.0,760.0,771.0
7560.0,1764.0,1754.0,1767.0,767.0,752.0,756.0
7637.0,1762.0,1808.0,1792.0,768.0,753.0,754.0
7709.0,1804.0,1809.0,1808.0,764.0,762.0,762.0
7695.0,1781.0,1824.0,1817.0,774.0,752.0,747.0
7749.0,1791.0,1817.0,1844.0,771.0,767.0,759.0
7441.0,1764.0,1737.0,1737.0,733.0,739.0,731.0
7530.0,1762.0,1771.0,1731.0,755.0,755.0,756.0
7547.0,1764.0,1747.0,1761.0,768.0,771.0,736.0
7677.0,1805.0,1810.0,1778.0,755.0,769.0,760.0
7648.0,1790.0,1804.0,1766.0,770.0,754.0,764.0
7556.0,1770.0,1759.0,1776.0,744.0,755.0,752.0
7766.0,1846.0,1787.0,1795.0,786.0,776.0,776.0
7922.0,1853.0,1848.0,1842.0,796.0,794.0,789.0
7874.0,1851.0,1817.0,1844.0,789.0,789.0,784.0
7768.0,1795.0,1808.0,1818.0,791.0,784.0,772.0
7774.0,1809.0,1792.0,1813.0,789.0,791.0,780.0
7891.0,1801.0,1857.0,1848.0,803.0,790.0,792.0
7815.0,1793.0,1815.0,1844.0,784.0,781.0,798.0
7810.0,1839.0,1789.0,1825.0,783.0,788.0,786.0
7761.0,1797.0,1813.0,1814.0,778.0,775.0,784.0
7708.0,1795.0,1817.0,1793.0,774.0,772.0,757.0
7717.0,1799.0,1799.0,1791.0,776.0,774.0,778.0
7866.0,1814.0,1852.0,1829.0,776.0,804.0,791.0
7770.0,1805.0,1827.0,1810.0,777.0,777.0,774.0
7757.0,1808.0,1820.0,1811.0,776.0,762.0,780.0
7695.0,1816.0,1802.0,1780.0,763.0,765.0,769.0
7722.0,1797.0,1810.0,1800.0,773.0,767.0,775.0
7612.0,1784.0,1781.0,1745.0,766.0,769.0,767.0
7697.0,1813.0,1784.0,1794.0,768.0,759.0,779.0
7720.0,1788.0,1784.0,1823.0,760.0,770.0,795.0
7818.0,1797.0,1811.0,1856.0,790.0,783.0,781.0
7855.0,1852.0,1824.0,1824.0,786.0,785.0,784.0
7702.0,1782.0,1807.0,1789.0,772.0,773.0,779.0
7570.0,1766.0,1765.0,1759.0,760.0,757.0,763.0
7689.0,1828.0,1772.0,1794.0,757.0,767.0,771.0
7834.0,1843.0,1842.0,1818.0,771.0,772.0,788.0
7837.0,1836.0,1829.0,1831.0,786.0,782.0,773.0
7759.0,1816.0,1835.0,1814.0,763.0,760.0,771.0
8032.0,1898.0,1875.0,1875.0,781.0,802.0,801.0
7871.0,1824.0,1840.0,1844.0,783.0,792.0,788.0
7835.0,1838.0,1841.0,1813.0,786.0,781.0,776.0
7841.0,1843.0,1834.0,1850.0,778.0,774.0,762.0
7745.0,1792.0,1818.0,1825.0,780.0,762.0,768.0
7800.0,1785.0,1822.0,1846.0,789.0,779.0,779.0
7790.0,1803.0,1839.0,1818.0,776.0,782.0,772.0
7828.0,1820.0,1831.0,1842.0,782.0,785.0,768.0
7820.0,1822.0,1825.0,1834.0,789.0,778.0,772.0
7850.0,1848.0,1812.0,1822.0,792.0,787.0,789.0
7782.0,1831.0,1818.0,1802.0,769.0,783.0,779.0
7772.0,1837.0,1822.0,1797.0,778.0,772.0,766.0
7789.0,1840.0,1802.0,1812.0,791.0,778.0,766.0
7769.0,1819.0,1797.0,1820.0,789.0,772.0,772.0
7814.0,1793.0,1837.0,1836.0,786.0,777.0,785.0
7726.0,1812.0,1781.0,1790.0,792.0,778.0,773.0
7799.0,1811.0,1833.0,1819.0,776.0,776.0,784.0
7868.0,1826.0,1858.0,1809.0,792.0,783.0,800.0
7767.0,1809.0,1815.0,1789.0,785.0,783.0,786.0
7610.0,1786.0,1771.0,1763.0,757.0,765.0,768.0
7732.0,1818.0,1824.0,1777.0,773.0,772.0,768.0
7895.0,1824.0,1858.0,1836.0,792.0,789.0,796.0
7984.0,1861.0,1886.0,1847.0,791.0,800.0,799.0
7776.0,1826.0,1805.0,1801.0,778.0,779.0,787.0
7902.0,1849.0,1858.0,1829.0,782.0,791.0,793.0
7989.0,1873.0,1875.0,1858.0,780.0,789.0,814.0
7867.0,1830.0,1826.0,1843.0,784.0,788.0,796.0
7820.0,1839.0,1797.0,1839.0,768.0,788.0,789.0
7823.0,1800.0,1840.0,1867.0,768.0,767.0,781.0
7931.0,1831.0,1853.0,1861.0,784.0,796.0,806.0
7856.0,1810.0,1831.0,1854.0,780.0,783.0,798.0
7819.0,1810.0,1837.0,1825.0,784.0,785.0,778.0
7775.0,1807.0,1802.0,1837.0,771.0,775.0,783.0
7804.0,1789.0,1816.0,1852.0,777.0,781.0,789.0
7916.0,1860.0,1862.0,1823.0,798.0,794.0,779.0
7871.0,1823.0,1832.0,1861.0,785.0,781.0,789.0
7855.0,1868.0,1842.0,1809.0,794.0,762.0,780.0
7765.0,1809.0,1822.0,1787.0,785.0,787.0,775.0
7713.0,1834.0,1791.0,1768.0,780.0,765.0,775.0
7840.0,1844.0,1853.0,1801.0,788.0,781.0,773.0
7806.0,1816.0,1844.0,1795.0,797.0,780.0,774.0
7792.0,1807.0,1828.0,1804.0,789.0,790.0,774.0
7800.0,1805.0,1861.0,1807.0,772.0,785.0,770.0
7721.0,1799.0,1819.0,1809.0,768.0,764.0,762.0
7680.0,1793.0,1779.0,1790.0,779.0,775.0,764.0
7755.0,1817.0,1802.0,1813.0,785.0,771.0,767.0
7779.0,1825.0,1804.0,1807.0,781.0,792.0,770.0
7848.0,1844.0,1827.0,1821.0,781.0,794.0,781.0
7805.0,1841.0,1807.0,1822.0,781.0,779.0,775.0
8043.0,1901.0,1865.0,1870.0,793.0,807.0,807.0
7864.0,1857.0,1826.0,1823.0,783.0,790.0,785.0
7975.0,1891.0,1813.0,1892.0,792.0,802.0,785.0
8018.0,1877.0,1861.0,1882.0,801.0,801.0,796.0
8001.0,1873.0,1869.0,1881.0,793.0,804.0,781.0
7982.0,1873.0,1857.0,1878.0,794.0,790.0,790.0
7908.0,1843.0,1863.0,1832.0,787.0,794.0,789.0
7889.0,1813.0,1872.0,1848.0,769.0,789.0,798.0
7830.0,1815.0,1834.0,1816.0,779.0,784.0,802.0
7846.0,1830.0,1827.0,1822.0,787.0,780.0,800.0
7847.0,1836.0,1811.0,1848.0,782.0,784.0,786.0
7783.0,1822.0,1814.0,1804.0,779.0,779.0,785.0
7892.0,1840.0,1860.0,1829.0,785.0,788.0,790.0
7850.0,1844.0,1845.0,1811.0,794.0,771.0,785.0
7878.0,1853.0,1808.0,1846.0,792.0,784.0,795.0
7775.0,1831.0,1799.0,1791.0,787.0,770.0,797.0
7917.0,1874.0,1833.0,1834.0,807.0,777.0,792.0
7878.0,1832.0,1837.0,1835.0,797.0,793.0,784.0
7848.0,1851.0,1816.0,1825.0,789.0,768.0,799.0
7803.0,1811.0,1823.0,1821.0,787.0,779.0,782.0
7655.0,1787.0,1771.0,1787.0,770.0,767.0,773.0
8009.0,1852.0,1852.0,1886.0,816.0,792.0,811.0
7729.0,1785.0,1798.0,1828.0,775.0,772.0,771.0
7843.0,1814.0,1844.0,1843.0,784.0,774.0,784.0
7942.0,1862.0,1865.0,1862.0,788.0,789.0,776.0
7987.0,1839.0,1863.0,1888.0,800.0,795.0,802.0
7861.0,1843.0,1831.0,1834.0,791.0,783.0,779.0
7892.0,1838.0,1855.0,1850.0,791.0,782.0,776.0
7975.0,1861.0,1855.0,1914.0,790.0,775.0,780.0
8063.0,1903.0,1857.0,1897.0,806.0,812.0,788.0
8164.0,1893.0,1914.0,1936.0,801.0,820.0,800.0
8086.0,1872.0,1875.0,1901.0,803.0,824.0,811.0
7920.0,1826.0,1824.0,1877.0,795.0,807.0,791.0
7932.0,1822.0,1860.0,1854.0,794.0,812.0,790.0
8007.0,1860.0,1885.0,1869.0,795.0,814.0,784.0
7964.0,1848.0,1854.0,1860.0,803.0,804.0,795.0
7869.0,1843.0,1834.0,1827.0,783.0,792.0,790.0
7807.0,1837.0,1827.0,1799.0,787.0,779.0,778.0
8134.0,1887.0,1914.0,1905.0,800.0,815.0,813.0
7813.0,1857.0,1792.0,1813.0,783.0,784.0,784.0
7856.0,1870.0,1834.0,1798.0,798.0,787.0,769.0
7867.0,1841.0,1846.0,1823.0,778.0,803.0,776.0
7959.0,1867.0,1861.0,1848.0,796.0,794.0,793.0
7948.0,1865.0,1863.0,1848.0,792.0,785.0,795.0
7952.0,1855.0,1867.0,1846.0,792.0,796.0,796.0
7942.0,1825.0,1865.0,1856.0,798.0,791.0,807.0
7806.0,1812.0,1842.0,1820.0,784.0,776.0,772.0
7963.0,1845.0,1876.0,1865.0,793.0,787.0,797.0
8011.0,1850.0,1869.0,1885.0,807.0,795.0,805.0
7922.0,1854.0,1843.0,1859.0,800.0,779.0,787.0
7966.0,1857.0,1852.0,1869.0,791.0,789.0,808.0
7912.0,1832.0,1854.0,1848.0,796.0,787.0,795.0
7973.0,1864.0,1844.0,1890.0,792.0,785.0,798.0
8046.0,1882.0,1854.0,1886.0,809.0,806.0,809.0
8109.0,1895.0,1880.0,1903.0,806.0,803.0,822.0
8067.0,1892.0,1861.0,1889.0,811.0,809.0,805.0
8076.0,1885.0,1876.0,1887.0,815.0,801.0,812.0
8105.0,1874.0,1918.0,1890.0,796.0,804.0,823.0
8113.0,1879.0,1912.0,1881.0,801.0,812.0,828.0
7986.0,1872.0,1888.0,1834.0,791.0,801.0,800.0
8049.0,1861.0,1917.0,1876.0,790.0,804.0,801.0
7954.0,1851.0,1875.0,1823.0,790.0,811.0,804.0
7958.0,1828.0,1880.0,1864.0,789.0,794.0,803.0
8103.0,1875.0,1926.0,1858.0,802.0,823.0,819.0
7886.0,1825.0,1859.0,1852.0,786.0,785.0,779.0
7977.0,1875.0,1875.0,1846.0,780.0,816.0,785.0
7958.0,1869.0,1837.0,1849.0,793.0,805.0,805.0
8039.0,1901.0,1860.0,1880.0,784.0,815.0,799.0
8125.0,1915.0,1891.0,1882.0,801.0,828.0,808.0
7811.0,1824.0,1815.0,1812.0,787.0,783.0,790.0
7940.0,1843.0,1840.0,1864.0,805.0,803.0,785.0
8026.0,1860.0,1869.0,1889.0,807.0,806.0,795.0
7789.0,1803.0,1790.0,1844.0,781.0,797.0,774.0
8029.0,1859.0,1895.0,1879.0,801.0,800.0,795.0
7960.0,1844.0,1857.0,1875.0,802.0,788.0,794.0
8039.0,1877.0,1854.0,1895.0,808.0,807.0,798.0
7939.0,1850.0,1845.0,1872.0,799.0,793.0,780.0
8133.0,1907.0,1917.0,1858.0,827.0,815.0,809.0
8221.0,1934.0,1933.0,1895.0,833.0,812.0,814.0
8248.0,1937.0,1938.0,1903.0,825.0,819.0,826.0
8155.0,1921.0,1918.0,1883.0,821.0,807.0,805.0
8003.0,1877.0,1849.0,1861.0,808.0,801.0,807.0
8085.0,1874.0,1897.0,1888.0,801.0,810.0,815.0
8131.0,1893.0,1912.0,1890.0,811.0,811.0,814.0
8064.0,1875.0,1905.0,1872.0,807.0,806.0,799.0
8094.0,1889.0,1893.0,1865.0,823.0,804.0,820.0
8118.0,1898.0,1885.0,1902.0,809.0,807.0,817.0
8097.0,1896.0,1877.0,1890.0,804.0,812.0,818.0
7964.0,1840.0,1871.0,1875.0,792.0,795.0,791.0
7993.0,1874.0,1855.0,1853.0,793.0,803.0,815.0
7959.0,1857.0,1837.0,1857.0,808.0,801.0,799.0
7960.0,1884.0,1825.0,1851.0,793.0,798.0,809.0
7954.0,1875.0,1828.0,1855.0,797.0,793.0,806.0
8144.0,1940.0,1888.0,1892.0,800.0,808.0,816.0
8021.0,1899.0,1851.0,1882.0,790.0,797.0,802.0
7991.0,1854.0,1872.0,1860.0,806.0,804.0,795.0
8044.0,1858.0,1878.0,1881.0,811.0,805.0,811.0
8025.0,1846.0,1894.0,1887.0,790.0,800.0,808.0
7979.0,1829.0,1875.0,1882.0,794.0,798.0,801.0
7914.0,1818.0,1851.0,1847.0,795.0,803.0,800.0
8007.0,1831.0,1881.0,1863.0,806.0,812.0,814.0
8076.0,1876.0,1905.0,1889.0,807.0,802.0,797.0
8011.0,1843.0,1874.0,1881.0,798.0,807.0,808.0
8080.0,1890.0,1859.0,1892.0,814.0,822.0,803.0
8074.0,1885.0,1878.0,1863.0,811.0,821.0,816.0
8038.0,1883.0,1852.0,1890.0,812.0,805.0,796.0
8152.0,1925.0,1892.0,1891.0,820.0,817.0,807.0
8017.0,1902.0,1842.0,1842.0,815.0,810.0,806.0
8190.0,1921.0,1900.0,1920.0,822.0,819.0,808.0
7960.0,1844.0,1868.0,1837.0,815.0,798.0,798.0
8065.0,1867.0,1873.0,1885.0,811.0,812.0,817.0
8154.0,1904.0,1900.0,1885.0,827.0,823.0,815.0
8187.0,1889.0,1906.0,1939.0,816.0,815.0,822.0
8038.0,1854.0,1889.0,1887.0,798.0,812.0,798.0
8104.0,1893.0,1886.0,1898.0,815.0,809.0,803.0
8120.0,1925.0,1891.0,1892.0,798.0,807.0,807.0
7972.0,1860.0,1861.0,1866.0,791.0,792.0,802.0
7983.0,1866.0,1895.0,1872.0,790.0,771.0,789.0
8072.0,1886.0,1903.0,1881.0,802.0,804.0,796.0
8061.0,1872.0,1886.0,1910.0,792.0,802.0,799.0
8153.0,1902.0,1908.0,1923.0,804.0,795.0,821.0
8244.0,1911.0,1950.0,1942.0,807.0,823.0,811.0
8013.0,1860.0,1869.0,1877.0,809.0,791.0,807.0
8048.0,1875.0,1895.0,1866.0,798.0,798.0,816.0
8084.0,1876.0,1870.0,1908.0,806.0,812.0,812.0
8011.0,1836.0,1851.0,1905.0,803.0,798.0,818.0
8134.0,1885.0,1869.0,1939.0,808.0,815.0,818.0
8154.0,1900.0,1890.0,1896.0,826.0,825.0,817.0
8137.0,1883.0,1904.0,1891.0,823.0,820.0,816.0
8195.0,1907.0,1902.0,1910.0,830.0,825.0,821.0
8224.0,1910.0,1921.0,1920.0,823.0,834.0,816.0
8181.0,1922.0,1918.0,1872.0,821.0,820.0,828.0
8257.0,1914.0,1943.0,1903.0,826.0,826.0,845.0
8268.0,1941.0,1923.0,1915.0,823.0,845.0,821.0
8168.0,1901.0,1906.0,1880.0,833.0,820.0,828.0
8222.0,1922.0,1933.0,1881.0,824.0,828.0,834.0
8253.0,1910.0,1928.0,1935.0,834.0,838.0,808.0
8232.0,1901.0,1937.0,1913.0,822.0,826.0,833.0
8191.0,1905.0,1902.0,1943.0,813.0,803.0,825.0
8053.0,1887.0,1898.0,1847.0,812.0,807.0,802.0
8149.0,1895.0,1905.0,1911.0,807.0,818.0,813.0
8139.0,1886.0,1891.0,1908.0,826.0,818.0,810.0
8155.0,1920.0,1897.0,1899.0,802.0,817.0,820.0
8198.0,1929.0,1892.0,1939.0,811.0,813.0,814.0
8181.0,1914.0,1887.0,1939.0,810.0,821.0,810.0
8115.0,1907.0,1849.0,1949.0,791.0,808.0,811.0
8133.0,1894.0,1884.0,1917.0,811.0,821.0,806.0
7990.0,1860.0,1864.0,1900.0,789.0,795.0,782.0
8234.0,1929.0,1929.0,1940.0,819.0,813.0,804.0
7969.0,1849.0,1851.0,1881.0,790.0,802.0,796.0
8067.0,1866.0,1912.0,1879.0,810.0,811.0,789.0
7969.0,1854.0,1884.0,1852.0,798.0,800.0,781.0
8053.0,1891.0,1911.0,1867.0,793.0,794.0,797.0
8040.0,1884.0,1892.0,1862.0,799.0,803.0,800.0
8132.0,1874.0,1939.0,1885.0,817.0,801.0,816.0
8231.0,1928.0,1926.0,1917.0,815.0,818.0,827.0
8160.0,1910.0,1930.0,1893.0,817.0,806.0,804.0
8265.0,1954.0,1923.0,1921.0,827.0,820.0,820.0
8266.0,1944.0,1942.0,1910.0,829.0,814.0,827.0
8227.0,1953.0,1913.0,1903.0,819.0,824.0,815.0
8166.0,1909.0,1899.0,1903.0,820.0,815.0,820.0
8217.0,1879.0,1914.0,1941.0,841.0,833.0,809.0
8207.0,1899.0,1914.0,1905.0,841.0,820.0,828.0
8301.0,1929.0,1930.0,1926.0,847.0,824.0,845.0
8204.0,1900.0,1906.0,1918.0,830.0,822.0,828.0
8355.0,1927.0,1938.0,1972.0,841.0,846.0,831.0
8279.0,1925.0,1935.0,1930.0,833.0,825.0,831.0
8092.0,1910.0,1873.0,1887.0,803.0,815.0,804.0
8301.0,1919.0,1928.0,1967.0,826.0,828.0,833.0
8175.0,1910.0,1908.0,1909.0,803.0,822.0,823.0
8050.0,1861.0,1882.0,1885.0,802.0,810.0,810.0
8252.0,1921.0,1922.0,1939.0,824.0,821.0,825.0
8288.0,1946.0,1927.0,1935.0,833.0,821.0,826.0
8067.0,1886.0,1878.0,1871.0,808.0,812.0,812.0
8106.0,1875.0,1912.0,1892.0,810.0,804.0,813.0
8101.0,1878.0,1897.0,1890.0,803.0,812.0,821.0
8181.0,1898.0,1919.0,1888.0,822.0,829.0,825.0
7970.0,1870.0,1834.0,1847.0,802.0,810.0,807.0
8191.0,1923.0,1917.0,1891.0,822.0,817.0,821.0
8182.0,1928.0,1893.0,1891.0,821.0,829.0,820.0
8239.0,1939.0,1932.0,1913.0,817.0,826.0,812.0
8194.0,1936.0,1897.0,1912.0,820.0,805.0,824.0
8252.0,1924.0,1927.0,1933.0,822.0,822.0,824.0
8203.0,1939.0,1908.0,1898.0,820.0,813.0,825.0
8298.0,1973.0,1920.0,1926.0,835.0,816.0,828.0
8224.0,1928.0,1930.0,1907.0,827.0,813.0,819.0
8244.0,1937.0,1939.0,1913.0,822.0,819.0,814.0
8268.0,1926.0,1932.0,1916.0,838.0,830.0,826.0
8353.0,1934.0,1957.0,1957.0,835.0,840.0,830.0
8300.0,1908.0,1935.0,1971.0,837.0,828.0,821.0
8178.0,1872.0,1912.0,1941.0,823.0,822.0,808.0
8265.0,1898.0,1940.0,1946.0,831.0,825.0,825.0
8242.0,1890.0,1959.0,1938.0,824.0,826.0,805.0
8204.0,1930.0,1888.0,1925.0,824.0,823.0,814.0
8238.0,1970.0,1899.0,1903.0,830.0,820.0,816.0
8223.0,1933.0,1889.0,1927.0,842.0,827.0,805.0
8127.0,1904.0,1858.0,1922.0,825.0,817.0,801.0
8159.0,1919.0,1898.0,1895.0,813.0,813.0,821.0
8347.0,1981.0,1920.0,1933.0,836.0,847.0,830.0
8201.0,1929.0,1894.0,1894.0,830.0,828.0,826.0
8127.0,1909.0,1886.0,1884.0,820.0,815.0,813.0
8256.0,1916.0,1925.0,1897.0,834.0,845.0,839.0
8143.0,1889.0,1905.0,1899.0,814.0,816.0,820.0
8266.0,1904.0,1969.0,1904.0,820.0,836.0,833.0
8225.0,1917.0,1918.0,1906.0,825.0,828.0,831.0
8173.0,1890.0,1917.0,1898.0,807.0,838.0,823.0
8210.0,1898.0,1918.0,1928.0,825.0,820.0,821.0
8316.0,1913.0,1962.0,1963.0,822.0,829.0,827.0
8421.0,1979.0,1968.0,1944.0,829.0,841.0,860.0
8362.0,1993.0,1947.0,1940.0,822.0,828.0,832.0
8437.0,1962.0,1972.0,1968.0,839.0,846.0,850.0
8437.0,1969.0,1970.0,1972.0,841.0,842.0,843.0
8195.0,1900.0,1915.0,1915.0,822.0,827.0,816.0
8349.0,1954.0,1960.0,1944.0,827.0,832.0,832.0
8342.0,1945.0,1928.0,1966.0,836.0,835.0,832.0
8292.0,1926.0,1923.0,1950.0,844.0,826.0,823.0
8276.0,1924.0,1920.0,1946.0,831.0,823.0,832.0
8310.0,1913.0,1933.0,1954.0,841.0,826.0,843.0
8426.0,1955.0,1974.0,1981.0,843.0,824.0,849.0
8368.0,1950.0,1941.0,1953.0,847.0,836.0,841.0
8209.0,1903.0,1908.0,1908.0,830.0,818.0,842.0
8232.0,1916.0,1939.0,1922.0,826.0,807.0,822.0
8209.0,1922.0,1922.0,1893.0,838.0,817.0,817.0
8129.0,1912.0,1874.0,1904.0,820.0,809.0,810.0
8263.0,1925.0,1936.0,1913.0,844.0,823.0,822.0
8284.0,1948.0,1943.0,1932.0,835.0,819.0,807.0
8306.0,1907.0,1961.0,1947.0,831.0,840.0,820.0
8363.0,1934.0,1989.0,1932.0,838.0,842.0,828.0
8201.0,1897.0,1949.0,1890.0,831.0,810.0,824.0
8366.0,1939.0,1971.0,1941.0,839.0,842.0,834.0
8232.0,1909.0,1922.0,1926.0,827.0,830.0,818.0
8435.0,1968.0,1959.0,1966.0,846.0,855.0,841.0
8112.0,1908.0,1889.0,1882.0,806.0,811.0,816.0
8405.0,1975.0,1956.0,1965.0,840.0,839.0,830.0
8336.0,1950.0,1928.0,1955.0,841.0,836.0,826.0
8227.0,1949.0,1904.0,1907.0,826.0,824.0,817.0
8461.0,1985.0,1953.0,1983.0,838.0,861.0,841.0
8526.0,1999.0,1983.0,1988.0,849.0,860.0,847.0
8458.0,1966.0,1952.0,2000.0,839.0,853.0,848.0
8350.0,1939.0,1949.0,1956.0,826.0,841.0,839.0
8363.0,1927.0,1949.0,1975.0,834.0,844.0,834.0
8362.0,1947.0,1941.0,1971.0,831.0,834.0,838.0
8438.0,1959.0,1981.0,1972.0,847.0,839.0,840.0
8518.0,1968.0,2009.0,1983.0,852.0,844.0,862.0
8209.0,1886.0,1934.0,1924.0,826.0,815.0,824.0
8354.0,1942.0,1970.0,1932.0,837.0,828.0,845.0
8503.0,1989.0,1982.0,1994.0,853.0,828.0,857.0
8278.0,1919.0,1918.0,1947.0,834.0,823.0,837.0
8267.0,1935.0,1931.0,1929.0,825.0,823.0,824.0
8156.0,1913.0,1891.0,1882.0,823.0,813.0,834.0
8212.0,1920.0,1917.0,1892.0,833.0,820.0,830.0
8340.0,1953.0,1925.0,1956.0,841.0,831.0,834.0
8288.0,1930.0,1928.0,1923.0,832.0,831.0,844.0
8247.0,1906.0,1912.0,1932.0,841.0,815.0,841.0
8336.0,1953.0,1929.0,1943.0,839.0,826.0,846.0
8305.0,1896.0,1945.0,1952.0,836.0,832.0,844.0
8255.0,1927.0,1919.0,1937.0,821.0,818.0,833.0
8415.0,1969.0,1958.0,1971.0,838.0,835.0,844.0
8382.0,1928.0,1970.0,1982.0,828.0,830.0,844.0
8327.0,1941.0,1950.0,1957.0,826.0,835.0,818.0
8473.0,1986.0,1979.0,1977.0,836.0,852.0,843.0
8544.0,2009.0,1981.0,2018.0,843.0,842.0,851.0
8419.0,1960.0,1977.0,1968.0,833.0,850.0,831.0
8588.0,2000.0,2017.0,2004.0,860.0,863.0,844.0
8580.0,2010.0,2003.0,2004.0,853.0,863.0,847.0
8525.0,1969.0,2014.0,2002.0,840.0,845.0,855.0
8410.0,1964.0,1954.0,1982.0,835.0,854.0,821.0
8535.0,1988.0,1994.0,1996.0,844.0,864.0,849.0
8500.0,1967.0,1952.0,1995.0,868.0,864.0,854.0
8334.0,1941.0,1943.0,1946.0,826.0,855.0,823.0
8511.0,1979.0,1981.0,1998.0,853.0,859.0,841.0
8373.0,1945.0,1930.0,1975.0,832.0,858.0,833.0
8375.0,1977.0,1939.0,1935.0,830.0,855.0,839.0
8429.0,1982.0,1952.0,1936.0,853.0,858.0,848.0
8383.0,1972.0,1941.0,1940.0,843.0,840.0,847.0
8272.0,1936.0,1933.0,1931.0,825.0,833.0,814.0
8418.0,1958.0,1992.0,1941.0,847.0,838.0,842.0
8224.0,1934.0,1920.0,1895.0,830.0,818.0,827.0
8356.0,1955.0,1971.0,1932.0,841.0,819.0,838.0
8299.0,1932.0,1932.0,1943.0,832.0,827.0,833.0
8330.0,1947.0,1932.0,1958.0,835.0,824.0,834.0
8492.0,1966.0,1983.0,2003.0,849.0,848.0,843.0
8430.0,1942.0,1979.0,1969.0,845.0,847.0,848.0
8446.0,1974.0,1968.0,1963.0,849.0,832.0,860.0
8443.0,1964.0,1976.0,1975.0,836.0,852.0,840.0
8666.0,2027.0,2021.0,2029.0,865.0,862.0,862.0
8371.0,1967.0,1939.0,1959.0,836.0,826.0,844.0
8362.0,1960.0,1954.0,1973.0,822.0,823.0,830.0
8518.0,2007.0,1970.0,1995.0,841.0,849.0,856.0
8405.0,1994.0,1943.0,1956.0,834.0,828.0,850.0
8469.0,1982.0,1969.0,1982.0,832.0,844.0,860.0
8399.0,1958.0,1958.0,1953.0,831.0,843.0,856.0
8425.0,1947.0,1953.0,1986.0,836.0,841.0,862.0
8513.0,1953.0,1990.0,2008.0,852.0,850.0,860.0
8406.0,1950.0,1962.0,1988.0,834.0,838.0,834.0
8393.0,1950.0,1965.0,1965.0,829.0,844.0,840.0
8505.0,1955.0,1990.0,1975.0,856.0,867.0,862.0
8579.0,1999.0,2024.0,1999.0,850.0,854.0,853.0
8521.0,2002.0,2021.0,1946.0,852.0,843.0,857.0
8328.0,1959.0,1927.0,1929.0,834.0,842.0,837.0
8426.0,1974.0,1987.0,1943.0,847.0,842.0,833.0
8447.0,1966.0,2005.0,1949.0,849.0,837.0,841.0
8423.0,1970.0,1969.0,1963.0,843.0,844.0,834.0
8386.0,1943.0,1958.0,1971.0,848.0,838.0,828.0
8268.0,1920.0,1914.0,1935.0,849.0,828.0,822.0
8369.0,1961.0,1938.0,1966.0,844.0,835.0,825.0
8400.0,1939.0,1970.0,1964.0,851.0,852.0,824.0
8487.0,1977.0,1962.0,1990.0,859.0,853.0,846.0
8482.0,1957.0,1958.0,2020.0,861.0,842.0,844.0
8515.0,1975.0,1976.0,2005.0,855.0,849.0,855.0
8562.0,2019.0,1986.0,1987.0,860.0,868.0,842.0
8439.0,1973.0,1961.0,1984.0,832.0,846.0,843.0
8487.0,1997.0,1970.0,1978.0,860.0,846.0,836.0
8530.0,2000.0,1981.0,1990.0,857.0,857.0,845.0
8589.0,1987.0,2038.0,1984.0,851.0,865.0,864.0
8606.0,2023.0,2027.0,2001.0,858.0,842.0,855.0
8536.0,1998.0,2012.0,1984.0,844.0,848.0,850.0
8578.0,2024.0,2021.0,1965.0,850.0,863.0,855.0
8503.0,1971.0,2010.0,1985.0,848.0,836.0,853.0
8518.0,1978.0,2017.0,1962.0,855.0,851.0,855.0
8764.0,2050.0,2055.0,2059.0,863.0,868.0,869.0
8519.0,2003.0,1967.0,1995.0,850.0,846.0,858.0
8454.0,1976.0,1979.0,1971.0,851.0,833.0,844.0
8470.0,1993.0,1978.0,1952.0,849.0,839.0,859.0
8413.0,1971.0,1944.0,1977.0,840.0,843.0,838.0
8515.0,1999.0,1976.0,2000.0,855.0,826.0,859.0
8480.0,1986.0,1970.0,1969.0,851.0,851.0,853.0
8551.0,2020.0,1967.0,1992.0,860.0,854.0,858.0
8472.0,1985.0,1957.0,1985.0,852.0,841.0,852.0
8484.0,1970.0,1988.0,1976.0,846.0,853.0,851.0
8422.0,1969.0,1954.0,1968.0,847.0,840.0,844.0
8563.0,1982.0,1997.0,2021.0,862.0,852.0,849.0
8561.0,1993.0,1993.0,2018.0,854.0,841.0,862.0
8454.0,1949.0,1966.0,1988.0,852.0,851.0,848.0
8697.0,2016.0,2046.0,2031.0,871.0,857.0,876.0
8545.0,1966.0,2016.0,1997.0,854.0,856.0,856.0
8522.0,1986.0,1988.0,1983.0,859.0,855.0,851.0
8457.0,1962.0,1987.0,1945.0,860.0,868.0,835.0
8547.0,1992.0,1990.0,2006.0,857.0,860.0,842.0
8652.0,2022.0,2011.0,2000.0,866.0,874.0,879.0
8672.0,2051.0,2014.0,2015.0,865.0,877.0,850.0
8642.0,2011.0,1999.0,2021.0,873.0,870.0,868.0
8719.0,2070.0,2017.0,2027.0,867.0,875.0,863.0
8587.0,2022.0,2004.0,1985.0,858.0,864.0,854.0
8579.0,2009.0,1992.0,2000.0,862.0,851.0,865.0
8303.0,1931.0,1947.0,1939.0,821.0,835.0,830.0
8557.0,2004.0,2007.0,1978.0,853.0,867.0,848.0
8576.0,2025.0,2006.0,1980.0,846.0,863.0,856.0
8691.0,2031.0,2044.0,2032.0,855.0,860.0,869.0
8647.0,2025.0,2021.0,2024.0,863.0,859.0,855.0
8465.0,1990.0,1994.0,1976.0,832.0,833.0,840.0
8518.0,2005.0,2012.0,1976.0,835.0,853.0,837.0
8619.0,2025.0,1997.0,2030.0,858.0,853.0,856.0
8508.0,1990.0,1977.0,1982.0,851.0,848.0,860.0
8456.0,1985.0,1971.0,1984.0,831.0,844.0,841.0
8547.0,1981.0,2001.0,2015.0,853.0,854.0,843.0
8635.0,2014.0,2025.0,2020.0,853.0,864.0,859.0
8494.0,1997.0,1962.0,1992.0,852.0,843.0,848.0
8422.0,1962.0,1963.0,1977.0,850.0,827.0,843.0
8516.0,1968.0,1978.0,2007.0,855.0,852.0,856.0
8447.0,1960.0,1948.0,1992.0,847.0,853.0,847.0
8539.0,2014.0,1985.0,1970.0,864.0,847.0,859.0
8548.0,1981.0,1978.0,2008.0,858.0,854.0,869.0
8612.0,2042.0,1975.0,2004.0,872.0,857.0,862.0
8748.0,2049.0,2035.0,2029.0,869.0,878.0,888.0
8646.0,2038.0,1974.0,2001.0,875.0,870.0,888.0
8683.0,2043.0,2019.0,2020.0,872.0,865.0,864.0
8755.0,2090.0,2043.0,1993.0,877.0,883.0,869.0
8763.0,2046.0,2053.0,2016.0,876.0,886.0,886.0
8661.0,2010.0,2025.0,2021.0,868.0,870.0,867.0
8645.0,2009.0,2018.0,2012.0,871.0,865.0,870.0
8672.0,2013.0,2024.0,2032.0,862.0,870.0,871.0
8679.0,2035.0,2032.0,2012.0,862.0,865.0,873.0
8657.0,1995.0,2011.0,2036.0,864.0,876.0,875.0
8648.0,2002.0,2028.0,2039.0,863.0,862.0,854.0
8725.0,2033.0,2051.0,2035.0,870.0,871.0,865.0
8622.0,2016.0,2004.0,2019.0,844.0,871.0,868.0
8857.0,2079.0,2038.0,2091.0,880.0,883.0,886.0
8591.0,2027.0,2000.0,1995.0,849.0,863.0,857.0
8600.0,2028.0,1996.0,2033.0,843.0,863.0,837.0
8551.0,1998.0,1962.0,2033.0,845.0,852.0,861.0
8585.0,1990.0,2003.0,2032.0,852.0,860.0,848.0
8561.0,1991.0,1987.0,2013.0,859.0,861.0,850.0
8422.0,1953.0,1967.0,1974.0,856.0,849.0,823.0
8600.0,1993.0,2032.0,2019.0,861.0,850.0,845.0
8659.0,2026.0,2024.0,2019.0,875.0,866.0,849.0
8665.0,1993.0,2011.0,2029.0,880.0,885.0,867.0
8745.0,2032.0,2050.0,2037.0,891.0,865.0,870.0
8660.0,2039.0,2015.0,2031.0,862.0,855.0,858.0
8718.0,2018.0,2044.0,2046.0,884.0,862.0,864.0
8723.0,2051.0,2032.0,2042.0,877.0,863.0,858.0
8704.0,2029.0,2047.0,2019.0,878.0,862.0,869.0
8700.0,2029.0,2060.0,2010.0,884.0,857.0,860.0
8694.0,2033.0,2042.0,2023.0,872.0,868.0,856.0
8660.0,2051.0,2018.0,1995.0,867.0,862.0,867.0
8797.0,2072.0,2043.0,2048.0,881.0,875.0,878.0
8658.0,2012.0,2028.0,2031.0,866.0,852.0,869.0
8740.0,2045.0,2043.0,2033.0,875.0,868.0,876.0
8834.0,2003.0,2072.0,2092.0,879.0,894.0,894.0
8567.0,1980.0,1980.0,2023.0,851.0,868.0,865.0
8704.0,2015.0,2018.0,2057.0,885.0,858.0,871.0
8605.0,2012.0,1994.0,2014.0,850.0,870.0,865.0
8649.0,2006.0,2007.0,2027.0,863.0,869.0,877.0
8594.0,1998.0,1996.0,2021.0,852.0,851.0,876.0
8701.0,2017.0,2029.0,2034.0,864.0,876.0,881.0
8747.0,2050.0,2056.0,2034.0,851.0,877.0,879.0
8574.0,2007.0,1998.0,2004.0,840.0,859.0,866.0
8699.0,2018.0,2050.0,2030.0,860.0,867.0,874.0
8578.0,2009.0,2003.0,1999.0,852.0,870.0,845.0
8633.0,2000.0,2050.0,2012.0,851.0,851.0,869.0
8503.0,1963.0,2006.0,1987.0,849.0,848.0,850.0
8630.0,1988.0,2008.0,2020.0,866.0,882.0,866.0
8632.0,1984.0,2001.0,2020.0,876.0,867.0,884.0
8587.0,2009.0,2005.0,1991.0,861.0,858.0,863.0
8635.0,2023.0,2023.0,2010.0,858.0,860.0,861.0
8676.0,2044.0,1999.0,2033.0,866.0,867.0,867.0
8673.0,2072.0,2005.0,2009.0,866.0,869.0,852.0
8738.0,2056.0,2025.0,2032.0,891.0,863.0,871.0
8850.0,2072.0,2063.0,2053.0,895.0,881.0,886.0
8870.0,2102.0,2059.0,2075.0,886.0,873.0,875.0
8725.0,2068.0,2028.0,2014.0,866.0,881.0,868.0
8763.0,2025.0,2051.0,2084.0,866.0,874.0,863.0
8869.0,2054.0,2076.0,2081.0,886.0,887.0,885.0
8740.0,2032.0,2053.0,2045.0,868.0,861.0,881.0
8826.0,2041.0,2085.0,2074.0,890.0,866.0,870.0
8791.0,2038.0,2071.0,2056.0,880.0,881.0,865.0
8803.0,2057.0,2053.0,2069.0,876.0,867.0,881.0
8843.0,2062.0,2084.0,2067.0,883.0,870.0,877.0
8703.0,2047.0,2044.0,2040.0,859.0,857.0,856.0
8726.0,2032.0,2043.0,2049.0,873.0,867.0,862.0
8665.0,2036.0,2047.0,2011.0,860.0,851.0,860.0
8664.0,2053.0,2007.0,2012.0,863.0,865.0,864.0
8639.0,2029.0,2023.0,2015.0,853.0,858.0,861.0
8727.0,2074.0,2013.0,2007.0,873.0,883.0,877.0
8671.0,2027.0,2034.0,2003.0,856.0,880.0,871.0
8730.0,2035.0,2038.0,2020.0,865.0,890.0,882.0
8627.0,2027.0,2009.0,1989.0,849.0,880.0,873.0
8759.0,2026.0,2028.0,2051.0,870.0,884.0,900.0
8590.0,2007.0,1993.0,1995.0,859.0,867.0,869.0
8712.0,2012.0,2028.0,2040.0,869.0,889.0,874.0
8749.0,2047.0,2038.0,2056.0,875.0,861.0,872.0
8862.0,2080.0,2069.0,2054.0,876.0,890.0,893.0
8757.0,2063.0,2060.0,2036.0,859.0,870.0,869.0
8834.0,2074.0,2075.0,2031.0,892.0,879.0,883.0
8783.0,2036.0,2069.0,2038.0,885.0,872.0,883.0
8848.0,2045.0,2082.0,2071.0,881.0,882.0,887.0
8779.0,2047.0,2036.0,2064.0,875.0,875.0,882.0
8870.0,2064.0,2070.0,2070.0,886.0,890.0,890.0
8859.0,2057.0,2049.0,2074.0,900.0,885.0,894.0
8738.0,2052.0,2033.0,2035.0,875.0,872.0,871.0
8879.0,2050.0,2084.0,2082.0,887.0,881.0,895.0
8786.0,2023.0,2056.0,2076.0,878.0,875.0,878.0
8788.0,2031.0,2045.0,2076.0,878.0,878.0,880.0
8686.0,2032.0,2012.0,2025.0,872.0,866.0,879.0
8606.0,2016.0,1988.0,2022.0,863.0,852.0,865.0
8786.0,2074.0,2062.0,2028.0,873.0,872.0,877.0
8792.0,2068.0,2050.0,2044.0,884.0,872.0,874.0
8509.0,2019.0,1980.0,1967.0,842.0,848.0,853.0
8690.0,2060.0,2032.0,2005.0,865.0,862.0,866.0
8636.0,2043.0,2024.0,1999.0,869.0,853.0,848.0
8671.0,2010.0,2041.0,2024.0,862.0,866.0,868.0
8745.0,2053.0,2049.0,2030.0,874.0,867.0,872.0
8708.0,2040.0,2046.0,2023.0,866.0,868.0,865.0
8839.0,2039.0,2114.0,2053.0,874.0,881.0,878.0
8723.0,2041.0,2055.0,2025.0,874.0,867.0,861.0
8771.0,2047.0,2066.0,2035.0,869.0,876.0,878.0
8548.0,2017.0,1982.0,1995.0,850.0,855.0,849.0
8794.0,2060.0,2041.0,2043.0,868.0,893.0,889.0
8832.0,2080.0,2045.0,2079.0,881.0,885.0,862.0
8830.0,2051.0,2072.0,2063.0,888.0,888.0,868.0
8831.0,2066.0,2036.0,2086.0,873.0,889.0,881.0
8967.0,2086.0,2081.0,2117.0,899.0,890.0,894.0
8852.0,2057.0,2047.0,2087.0,885.0,891.0,885.0
9066.0,2115.0,2102.0,2126.0,912.0,912.0,899.0
8973.0,2073.0,2094.0,2107.0,892.0,910.0,897.0
8820.0,2035.0,2046.0,2064.0,905.0,885.0,885.0
8930.0,2075.0,2083.0,2080.0,891.0,905.0,896.0
8926.0,2055.0,2077.0,2096.0,897.0,913.0,888.0
8708.0,2019.0,2044.0,2015.0,878.0,874.0,878.0
8775.0,2052.0,2060.0,2032.0,873.0,876.0,882.0
8721.0,2024.0,2046.0,2036.0,879.0,867.0,869.0
8934.0,2103.0,2102.0,2061.0,882.0,890.0,896.0
8725.0,2053.0,2056.0,1988.0,873.0,872.0,883.0
8737.0,2032.0,2032.0,2063.0,878.0,864.0,868.0
8772.0,2034.0,2057.0,2061.0,865.0,878.0,877.0
8766.0,2049.0,2041.0,2034.0,881.0,875.0,886.0
8756.0,2040.0,2035.0,2037.0,877.0,874.0,893.0
8719.0,2015.0,2028.0,2048.0,870.0,874.0,884.0
8650.0,1987.0,2017.0,2055.0,859.0,860.0,872.0
8888.0,2057.0,2035.0,2098.0,902.0,889.0,907.0
8853.0,2058.0,2069.0,2074.0,880.0,881.0,891.0
8886.0,2070.0,2080.0,2083.0,877.0,883.0,893.0
8933.0,2069.0,2083.0,2107.0,879.0,888.0,907.0
8903.0,2085.0,2065.0,2064.0,895.0,890.0,904.0
8749.0,2043.0,2060.0,2050.0,858.0,864.0,874.0
8883.0,2071.0,2077.0,2087.0,876.0,878.0,894.0
9007.0,2116.0,2111.0,2108.0,889.0,887.0,896.0
9013.0,2109.0,2099.0,2103.0,896.0,915.0,891.0
9116.0,2142.0,2142.0,2110.0,910.0,910.0,902.0
9068.0,2120.0,2115.0,2129.0,906.0,907.0,891.0
8929.0,2071.0,2107.0,2074.0,894.0,896.0,887.0
8861.0,2079.0,2062.0,2070.0,891.0,888.0,871.0
8831.0,2055.0,2069.0,2062.0,888.0,885.0,872.0
8953.0,2057.0,2108.0,2098.0,905.0,893.0,892.0
8949.0,2085.0,2091.0,2077.0,903.0,902.0,891.0
8844.0,2063.0,2073.0,2047.0,893.0,892.0,876.0
8784.0,2063.0,2036.0,2047.0,876.0,884.0,878.0
8877.0,2088.0,2048.0,2056.0,901.0,895.0,889.0
8875.0,2065.0,2060.0,2070.0,900.0,898.0,882.0
8916.0,2102.0,2070.0,2065.0,891.0,891.0,897.0
8863.0,2077.0,2080.0,2037.0,887.0,889.0,893.0
8866.0,2053.0,2086.0,2059.0,893.0,893.0,882.0
8825.0,2042.0,2081.0,2034.0,889.0,894.0,885.0
8715.0,2034.0,2028.0,2026.0,886.0,864.0,877.0
8897.0,2053.0,2078.0,2085.0,880.0,898.0,903.0
8832.0,2059.0,2052.0,2080.0,873.0,880.0,888.0
8818.0,2055.0,2048.0,2071.0,873.0,887.0,884.0
8881.0,2060.0,2087.0,2097.0,861.0,890.0,886.0
8938.0,2058.0,2097.0,2108.0,890.0,884.0,901.0
8964.0,2084.0,2069.0,2128.0,881.0,898.0,904.0
8924.0,2066.0,2104.0,2089.0,879.0,891.0,895.0
8944.0,2092.0,2098.0,2084.0,890.0,888.0,892.0
8963.0,2093.0,2105.0,2084.0,891.0,882.0,908.0
9054.0,2137.0,2100.0,2117.0,903.0,893.0,904.0
8958.0,2114.0,2063.0,2088.0,894.0,891.0,908.0
9095.0,2114.0,2121.0,2144.0,899.0,899.0,918.0
8927.0,2060.0,2083.0,2080.0,914.0,889.0,901.0
9062.0,2129.0,2118.0,2092.0,897.0,908.0,918.0
8976.0,2075.0,2096.0,2100.0,899.0,903.0,903.0
8958.0,2060.0,2083.0,2107.0,916.0,890.0,902.0
8996.0,2094.0,2121.0,2070.0,906.0,899.0,906.0
8921.0,2066.0,2100.0,2073.0,893.0,892.0,897.0
8900.0,2085.0,2079.0,2076.0,892.0,885.0,883.0
8822.0,2062.0,2075.0,2050.0,890.0,869.0,876.0
8972.0,2108.0,2094.0,2077.0,902.0,909.0,882.0
8936.0,2117.0,2064.0,2084.0,905.0,894.0,872.0
9000.0,2099.0,2101.0,2102.0,905.0,906.0,887.0
8975.0,2084.0,2094.0,2102.0,902.0,908.0,885.0
8853.0,2089.0,2034.0,2070.0,890.0,893.0,877.0
8951.0,2080.0,2074.0,2103.0,910.0,895.0,889.0
9021.0,2091.0,2104.0,2119.0,907.0,899.0,901.0
8917.0,2057.0,2082.0,2087.0,901.0,912.0,878.0
8928.0,2072.0,2102.0,2074.0,890.0,900.0,890.0
8952.0,2080.0,2091.0,2095.0,890.0,905.0,891.0
8969.0,2109.0,2087.0,2086.0,891.0,901.0,895.0
9032.0,2125.0,2105.0,2106.0,898.0,915.0,883.0
9206.0,2140.0,2166.0,2140.0,909.0,928.0,923.0
9090.0,2154.0,2104.0,2124.0,905.0,906.0,897.0
9201.0,2182.0,2129.0,2141.0,917.0,927.0,905.0
9059.0,2117.0,2115.0,2111.0,901.0,909.0,906.0
9013.0,2094.0,2102.0,2103.0,898.0,901.0,915.0
9006.0,2083.0,2111.0,2120.0,898.0,895.0,899.0
9084.0,2106.0,2147.0,2107.0,895.0,913.0,916.0
9128.0,2102.0,2154.0,2118.0,917.0,914.0,923.0
9054.0,2116.0,2135.0,2092.0,903.0,909.0,899.0
8905.0,2054.0,2104.0,2081.0,888.0,891.0,887.0
8967.0,2073.0,2110.0,2090.0,905.0,892.0,897.0
9138.0,2116.0,2145.0,2150.0,913.0,898.0,916.0
9006.0,2117.0,2106.0,2078.0,903.0,896.0,906.0
8906.0,2085.0,2061.0,2075.0,899.0,886.0,900.0
8993.0,2108.0,2080.0,2088.0,897.0,894.0,926.0
8854.0,2069.0,2043.0,2077.0,896.0,876.0,893.0
8982.0,2102.0,2073.0,2100.0,900.0,896.0,911.0
9110.0,2126.0,2109.0,2152.0,900.0,906.0,917.0
8993.0,2096.0,2114.0,2097.0,902.0,891.0,893.0
8936.0,2056.0,2063.0,2135.0,891.0,893.0,898.0
8892.0,2062.0,2094.0,2089.0,886.0,880.0,881.0
8950.0,2078.0,2074.0,2103.0,895.0,910.0,890.0
8963.0,2074.0,2097.0,2102.0,895.0,898.0,897.0
9013.0,2108.0,2111.0,2085.0,908.0,907.0,894.0
9120.0,2141.0,2137.0,2102.0,910.0,915.0,915.0
9207.0,2132.0,2160.0,2137.0,916.0,937.0,925.0
9063.0,2119.0,2113.0,2121.0,891.0,908.0,911.0
9004.0,2118.0,2111.0,2091.0,895.0,895.0,894.0
9304.0,2194.0,2200.0,2152.0,914.0,925.0,919.0
9175.0,2162.0,2135.0,2136.0,902.0,927.0,913.0
9045.0,2120.0,2125.0,2080.0,915.0,913.0,892.0
8910.0,2115.0,2084.0,2046.0,887.0,886.0,892.0
9099.0,2118.0,2137.0,2108.0,903.0,926.0,907.0
8931.0,2101.0,2092.0,2056.0,890.0,899.0,893.0
8933.0,2071.0,2065.0,2111.0,899.0,898.0,889.0
9065.0,2115.0,2099.0,2118.0,912.0,916.0,905.0
8954.0,2096.0,2091.0,2096.0,891.0,902.0,878.0
9013.0,2090.0,2111.0,2111.0,906.0,898.0,897.0
8883.0,2066.0,2079.0,2092.0,879.0,885.0,882.0
8947.0,2093.0,2081.0,2112.0,892.0,883.0,886.0
9094.0,2148.0,2118.0,2139.0,900.0,891.0,898.0
8992.0,2084.0,2115.0,2120.0,903.0,888.0,882.0
9037.0,2102.0,2100.0,2125.0,905.0,909.0,896.0
9002.0,2108.0,2118.0,2100.0,899.0,888.0,889.0
9036.0,2077.0,2107.0,2122.0,913.0,906.0,911.0
9057.0,2110.0,2128.0,2116.0,907.0,887.0,909.0
9043.0,2092.0,2110.0,2129.0,905.0,894.0,913.0
8945.0,2104.0,2108.0,2064.0,893.0,879.0,897.0
9078.0,2092.0,2132.0,2125.0,911.0,904.0,914.0
9056.0,2120.0,2088.0,2123.0,915.0,899.0,911.0
9041.0,2107.0,2110.0,2109.0,908.0,894.0,913.0
9154.0,2153.0,2119.0,2114.0,916.0,921.0,931.0
9122.0,2130.0,2119.0,2144.0,906.0,909.0,914.0
9031.0,2130.0,2089.0,2094.0,907.0,902.0,909.0
9182.0,2124.0,2137.0,2166.0,920.0,910.0,925.0
9071.0,2094.0,2133.0,2099.0,914.0,917.0,914.0
9086.0,2130.0,2116.0,2108.0,907.0,910.0,915.0
9209.0,2160.0,2168.0,2136.0,922.0,900.0,923.0
9213.0,2139.0,2138.0,2159.0,916.0,939.0,922.0
9090.0,2103.0,2124.0,2126.0,909.0,907.0,921.0
9241.0,2144.0,2164.0,2159.0,911.0,932.0,931.0
9074.0,2089.0,2124.0,2146.0,899.0,916.0,900.0
9065.0,2099.0,2120.0,2121.0,895.0,922.0,908.0
9138.0,2105.0,2158.0,2136.0,911.0,914.0,914.0
8972.0,2079.0,2100.0,2120.0,886.0,898.0,889.0
9019.0,2114.0,2081.0,2134.0,893.0,907.0,890.0
9009.0,2101.0,2094.0,2114.0,900.0,912.0,888.0
8920.0,2101.0,2040.0,2100.0,886.0,904.0,889.0
9043.0,2104.0,2119.0,2108.0,909.0,904.0,899.0
8927.0,2079.0,2062.0,2095.0,902.0,898.0,891.0
9051.0,2112.0,2099.0,2104.0,909.0,907.0,920.0
9008.0,2106.0,2091.0,2097.0,911.0,911.0,892.0
8968.0,2073.0,2085.0,2096.0,919.0,895.0,900.0
9016.0,2102.0,2090.0,2125.0,903.0,895.0,901.0
9072.0,2122.0,2097.0,2128.0,904.0,913.0,908.0
8964.0,2096.0,2069.0,2100.0,905.0,900.0,894.0
9034.0,2115.0,2132.0,2082.0,914.0,898.0,893.0
9109.0,2125.0,2133.0,2114.0,920.0,904.0,913.0
8987.0,2119.0,2103.0,2073.0,906.0,898.0,888.0
9120.0,2121.0,2139.0,2115.0,921.0,910.0,914.0
9107.0,2131.0,2135.0,2123.0,911.0,907.0,900.0
9257.0,2181.0,2172.0,2138.0,920.0,923.0,923.0
9317.0,2169.0,2186.0,2168.0,923.0,948.0,923.0
9242.0,2145.0,2175.0,2159.0,921.0,916.0,926.0
9146.0,2119.0,2138.0,2157.0,916.0,898.0,918.0
9076.0,2100.0,2108.0,2127.0,913.0,908.0,920.0
9219.0,2139.0,2158.0,2150.0,913.0,921.0,938.0
9152.0,2148.0,2118.0,2141.0,898.0,920.0,927.0
9106.0,2111.0,2127.0,2131.0,905.0,915.0,917.0
9085.0,2106.0,2109.0,2144.0,901.0,914.0,911.0
9057.0,2132.0,2064.0,2127.0,901.0,918.0,915.0
9058.0,2106.0,2104.0,2121.0,901.0,914.0,912.0
9110.0,2127.0,2101.0,2142.0,906.0,912.0,922.0
9141.0,2126.0,2128.0,2129.0,907.0,925.0,926.0
9169.0,2110.0,2159.0,2134.0,913.0,921.0,932.0
9203.0,2147.0,2151.0,2138.0,908.0,921.0,938.0
9061.0,2115.0,2116.0,2109.0,907.0,908.0,906.0
9142.0,2145.0,2111.0,2122.0,910.0,929.0,925.0
9175.0,2111.0,2169.0,2129.0,926.0,921.0,919.0
9227.0,2143.0,2157.0,2149.0,927.0,923.0,928.0
9190.0,2124.0,2170.0,2140.0,925.0,918.0,913.0
9217.0,2140.0,2169.0,2139.0,923.0,930.0,916.0
9175.0,2151.0,2139.0,2128.0,925.0,911.0,921.0
9104.0,2135.0,2107.0,2123.0,916.0,920.0,903.0
9216.0,2169.0,2147.0,2146.0,930.0,910.0,914.0
9186.0,2170.0,2124.0,2128.0,927.0,915.0,922.0
9163.0,2135.0,2140.0,2132.0,930.0,902.0,924.0
9077.0,2107.0,2121.0,2122.0,902.0,910.0,915.0
9333.0,2173.0,2154.0,2223.0,927.0,914.0,942.0
9375.0,2180.0,2162.0,2212.0,949.0,922.0,950.0
9235.0,2169.0,2137.0,2163.0,930.0,921.0,915.0
9222.0,2142.0,2141.0,2187.0,920.0,920.0,912.0
9335.0,2172.0,2163.0,2209.0,943.0,918.0,930.0
9249.0,2161.0,2157.0,2159.0,928.0,928.0,916.0
9107.0,2126.0,2114.0,2144.0,894.0,914.0,915.0
9102.0,2119.0,2148.0,2121.0,905.0,912.0,897.0
9142.0,2117.0,2132.0,2155.0,916.0,917.0,905.0
9136.0,2154.0,2120.0,2142.0,910.0,904.0,906.0
9286.0,2193.0,2167.0,2171.0,908.0,921.0,926.0
9171.0,2149.0,2126.0,2144.0,904.0,924.0,924.0
9174.0,2175.0,2145.0,2123.0,908.0,922.0,901.0
9225.0,2149.0,2156.0,2165.0,912.0,923.0,920.0
9158.0,2133.0,2140.0,2126.0,921.0,914.0,924.0
9255.0,2160.0,2156.0,2156.0,931.0,933.0,919.0
9208.0,2138.0,2157.0,2162.0,912.0,924.0,915.0
9060.0,2102.0,2108.0,2115.0,915.0,908.0,912.0
9154.0,2131.0,2126.0,2114.0,919.0,929.0,935.0
9218.0,2123.0,2125.0,2160.0,939.0,945.0,926.0
9184.0,2133.0,2139.0,2131.0,917.0,939.0,925.0
9192.0,2150.0,2113.0,2150.0,925.0,925.0,929.0
9202.0,2165.0,2146.0,2130.0,914.0,925.0,922.0
9115.0,2154.0,2119.0,2110.0,910.0,910.0,912.0
9339.0,2176.0,2181.0,2172.0,931.0,946.0,933.0
9559.0,2235.0,2229.0,2230.0,958.0,960.0,947.0
9332.0,2184.0,2165.0,2183.0,944.0,928.0,928.0
9465.0,2209.0,2215.0,2200.0,954.0,942.0,945.0
9230.0,2153.0,2153.0,2147.0,929.0,927.0,921.0
9316.0,2149.0,2161.0,2204.0,940.0,933.0,929.0
9329.0,2171.0,2170.0,2196.0,932.0,929.0,931.0
9270.0,2154.0,2175.0,2169.0,919.0,930.0,923.0
9207.0,2127.0,2158.0,2158.0,913.0,932.0,919.0
9369.0,2190.0,2194.0,2200.0,926.0,932.0,927.0
9229.0,2166.0,2143.0,2163.0,915.0,923.0,919.0
9166.0,2174.0,2123.0,2129.0,906.0,918.0,916.0
9212.0,2167.0,2133.0,2151.0,923.0,914.0,924.0
9159.0,2157.0,2128.0,2138.0,921.0,908.0,907.0
9102.0,2157.0,2108.0,2107.0,918.0,904.0,908.0
9132.0,2150.0,2132.0,2124.0,906.0,914.0,906.0
9214.0,2174.0,2149.0,2130.0,923.0,926.0,912.0
9034.0,2104.0,2088.0,2114.0,918.0,907.0,903.0
9119.0,2109.0,2148.0,2126.0,912.0,909.0,915.0
9042.0,2091.0,2111.0,2109.0,916.0,900.0,915.0
9220.0,2153.0,2183.0,2132.0,917.0,916.0,919.0
9268.0,2160.0,2193.0,2135.0,934.0,925.0,921.0
9146.0,2109.0,2117.0,2163.0,923.0,923.0,911.0
9433.0,2207.0,2204.0,2194.0,946.0,947.0,935.0
9184.0,2153.0,2130.0,2134.0,924.0,921.0,922.0
9500.0,2233.0,2223.0,2216.0,940.0,956.0,932.0
9337.0,2203.0,2156.0,2180.0,930.0,948.0,920.0
9516.0,2240.0,2196.0,2225.0,961.0,941.0,953.0
9428.0,2208.0,2189.0,2197.0,950.0,949.0,935.0
9251.0,2170.0,2132.0,2157.0,928.0,934.0,930.0
9277.0,2166.0,2143.0,2173.0,931.0,939.0,925.0
9235.0,2139.0,2126.0,2176.0,940.0,929.0,925.0
9311.0,2154.0,2178.0,2191.0,926.0,929.0,933.0
9466.0,2196.0,2231.0,2203.0,943.0,953.0,940.0
9433.0,2196.0,2198.0,2200.0,937.0,957.0,945.0
9216.0,2143.0,2144.0,2154.0,929.0,919.0,927.0
9344.0,2166.0,2180.0,2188.0,928.0,938.0,944.0
9232.0,2181.0,2154.0,2143.0,907.0,925.0,922.0
9232.0,2154.0,2178.0,2132.0,920.0,914.0,934.0
9239.0,2173.0,2160.0,2135.0,908.0,925.0,938.0
9452.0,2235.0,2215.0,2203.0,925.0,933.0,941.0
9216.0,2150.0,2179.0,2131.0,917.0,910.0,929.0
9244.0,2167.0,2147.0,2162.0,918.0,928.0,922.0
9122.0,2136.0,2126.0,2131.0,897.0,918.0,914.0
9046.0,2127.0,2102.0,2101.0,895.0,915.0,906.0
9398.0,2180.0,2197.0,2203.0,955.0,933.0,930.0
9121.0,2138.0,2134.0,2119.0,910.0,902.0,918.0
9312.0,2164.0,2159.0,2189.0,938.0,921.0,941.0
9327.0,2166.0,2179.0,2187.0,937.0,921.0,937.0
9243.0,2189.0,2126.0,2175.0,912.0,918.0,923.0
9339.0,2173.0,2153.0,2222.0,934.0,923.0,934.0
9282.0,2159.0,2152.0,2177.0,930.0,928.0,936.0
9367.0,2190.0,2193.0,2200.0,924.0,929.0,931.0
9479.0,2216.0,2209.0,2214.0,951.0,950.0,939.0
9359.0,2188.0,2180.0,2203.0,935.0,935.0,918.0
9376.0,2171.0,2195.0,2180.0,948.0,940.0,942.0
9439.0,2185.0,2212.0,2214.0,951.0,947.0,930.0
9397.0,2183.0,2221.0,2202.0,939.0,937.0,915.0
9396.0,2163.0,2218.0,2176.0,951.0,938.0,950.0
9286.0,2180.0,2154.0,2143.0,945.0,930.0,934.0
9302.0,2174.0,2190.0,2160.0,931.0,938.0,909.0
9348.0,2201.0,2175.0,2174.0,939.0,943.0,916.0
9375.0,2226.0,2167.0,2162.0,949.0,939.0,932.0
9249.0,2161.0,2151.0,2157.0,921.0,943.0,916.0
9289.0,2172.0,2152.0,2164.0,933.0,940.0,928.0
9194.0,2156.0,2138.0,2162.0,912.0,922.0,904.0
9322.0,2186.0,2174.0,2156.0,928.0,947.0,931.0
9121.0,2144.0,2113.0,2121.0,902.0,922.0,919.0
9209.0,2140.0,2137.0,2148.0,925.0,939.0,920.0
9311.0,2149.0,2174.0,2186.0,918.0,941.0,943.0
9357.0,2191.0,2175.0,2182.0,922.0,943.0,944.0
9243.0,2132.0,2160.0,2154.0,927.0,923.0,947.0
9344.0,2148.0,2192.0,2197.0,926.0,940.0,941.0
9400.0,2184.0,2201.0,2190.0,932.0,946.0,947.0
9418.0,2202.0,2221.0,2199.0,921.0,934.0,941.0
9570.0,2224.0,2235.0,2248.0,951.0,954.0,958.0
9487.0,2219.0,2224.0,2226.0,941.0,941.0,936.0
9333.0,2175.0,2204.0,2180.0,928.0,921.0,925.0
9490.0,2247.0,2204.0,2211.0,940.0,936.0,952.0
9542.0,2251.0,2222.0,2219.0,945.0,944.0,961.0
9384.0,2181.0,2209.0,2171.0,939.0,934.0,950.0
9589.0,2245.0,2237.0,2223.0,969.0,952.0,963.0
9428.0,2183.0,2207.0,2198.0,955.0,942.0,943.0
9397.0,2184.0,2189.0,2193.0,950.0,940.0,941.0
9424.0,2210.0,2194.0,2192.0,954.0,926.0,948.0
9327.0,2159.0,2172.0,2188.0,946.0,929.0,933.0
9378.0,2199.0,2167.0,2201.0,951.0,930.0,930.0
9326.0,2183.0,2183.0,2163.0,932.0,940.0,925.0
9320.0,2195.0,2162.0,2175.0,935.0,927.0,926.0
9463.0,2225.0,2194.0,2185.0,951.0,950.0,958.0
9367.0,2189.0,2210.0,2161.0,946.0,931.0,930.0
9347.0,2177.0,2187.0,2183.0,935.0,931.0,934.0
9407.0,2184.0,2215.0,2204.0,933.0,945.0,926.0
9218.0,2163.0,2149.0,2145.0,923.0,918.0,920.0
9425.0,2182.0,2214.0,2208.0,943.0,949.0,929.0
9401.0,2171.0,2195.0,2227.0,934.0,942.0,932.0
9474.0,2195.0,2212.0,2234.0,941.0,948.0,944.0
9417.0,2178.0,2211.0,2232.0,933.0,948.0,915.0
9346.0,2154.0,2189.0,2192.0,928.0,946.0,937.0
9297.0,2170.0,2165.0,2193.0,931.0,927.0,911.0
9453.0,2208.0,2203.0,2212.0,932.0,966.0,932.0
9568.0,2247.0,2222.0,2253.0,938.0,961.0,947.0
9468.0,2229.0,2185.0,2224.0,935.0,951.0,944.0
9515.0,2233.0,2204.0,2223.0,944.0,960.0,951.0
9475.0,2228.0,2197.0,2202.0,944.0,963.0,941.0
9539.0,2244.0,2199.0,2222.0,962.0,953.0,959.0
9544.0,2207.0,2231.0,2239.0,958.0,970.0,939.0
9536.0,2228.0,2210.0,2211.0,960.0,962.0,965.0
9524.0,2213.0,2225.0,2221.0,958.0,957.0,950.0
9357.0,2201.0,2182.0,2155.0,945.0,930.0,944.0
9527.0,2183.0,2247.0,2227.0,960.0,946.0,964.0
9507.0,2195.0,2218.0,2222.0,965.0,949.0,958.0
9418.0,2215.0,2214.0,2159.0,953.0,928.0,949.0
9465.0,2213.0,2216.0,2202.0,954.0,934.0,946.0
9403.0,2217.0,2181.0,2200.0,926.0,935.0,944.0
9388.0,2202.0,2188.0,2177.0,947.0,926.0,948.0
9591.0,2224.0,2228.0,2262.0,964.0,950.0,963.0
9300.0,2185.0,2169.0,2140.0,938.0,922.0,946.0
9328.0,2180.0,2168.0,2195.0,934.0,920.0,931.0
9471.0,2219.0,2231.0,2197.0,944.0,937.0,943.0
9334.0,2184.0,2183.0,2191.0,919.0,916.0,941.0
9651.0,2254.0,2230.0,2261.0,969.0,966.0,971.0
9427.0,2176.0,2201.0,2221.0,931.0,947.0,951.0
9316.0,2158.0,2149.0,2216.0,936.0,929.0,928.0
9417.0,2161.0,2188.0,2232.0,955.0,943.0,938.0
9557.0,2238.0,2213.0,2234.0,947.0,959.0,966.0
9516.0,2211.0,2224.0,2242.0,939.0,957.0,943.0
9480.0,2206.0,2224.0,2206.0,949.0,946.0,949.0
9458.0,2213.0,2222.0,2190.0,935.0,950.0,948.0
9453.0,2196.0,2219.0,2207.0,941.0,954.0,936.0
9437.0,2231.0,2200.0,2181.0,932.0,951.0,942.0
9768.0,2287.0,2278.0,2287.0,964.0,982.0,970.0
9744.0,2311.0,2260.0,2252.0,970.0,981.0,970.0
9589.0,2229.0,2256.0,2236.0,951.0,964.0,953.0
9507.0,2223.0,2223.0,2214.0,958.0,951.0,938.0
9479.0,2203.0,2203.0,2218.0,953.0,950.0,952.0
9529.0,2202.0,2237.0,2221.0,950.0,969.0,950.0
9554.0,2243.0,2224.0,2217.0,953.0,963.0,954.0
9555.0,2208.0,2246.0,2241.0,951.0,960.0,949.0
9435.0,2231.0,2180.0,2199.0,949.0,942.0,934.0
9460.0,2207.0,2197.0,2222.0,947.0,946.0,941.0
9540.0,2247.0,2211.0,2229.0,954.0,948.0,951.0
9548.0,2225.0,2236.0,2244.0,959.0,942.0,942.0
9600.0,2238.0,2250.0,2244.0,967.0,956.0,945.0
9474.0,2206.0,2222.0,2209.0,954.0,945.0,938.0
9451.0,2200.0,2216.0,2221.0,946.0,932.0,936.0
9402.0,2190.0,2193.0,2189.0,948.0,942.0,940.0
9393.0,2203.0,2195.0,2184.0,934.0,942.0,935.0
9379.0,2170.0,2189.0,2204.0,937.0,929.0,950.0
9558.0,2213.0,2232.0,2249.0,953.0,938.0,973.0
9405.0,2177.0,2207.0,2201.0,952.0,921.0,947.0
9450.0,2196.0,2214.0,2203.0,954.0,946.0,937.0
9539.0,2216.0,2233.0,2228.0,950.0,948.0,964.0
9682.0,2239.0,2281.0,2263.0,968.0,962.0,969.0
9644.0,2249.0,2252.0,2261.0,952.0,961.0,969.0
9493.0,2240.0,2189.0,2219.0,949.0,943.0,953.0
9654.0,2293.0,2221.0,2251.0,957.0,960.0,972.0
9609.0,2268.0,2232.0,2231.0,951.0,961.0,966.0
9565.0,2234.0,2226.0,2227.0,952.0,965.0,961.0
9580.0,2216.0,2233.0,2235.0,967.0,963.0,966.0
9530.0,2194.0,2209.0,2221.0,962.0,968.0,976.0
9610.0,2241.0,2236.0,2235.0,964.0,967.0,967.0
9639.0,2238.0,2279.0,2240.0,961.0,961.0,960.0
9554.0,2248.0,2231.0,2211.0,945.0,961.0,958.0
9532.0,2207.0,2220.0,2239.0,953.0,957.0,956.0
9646.0,2250.0,2251.0,2245.0,967.0,967.0,966.0
9532.0,2216.0,2225.0,2247.0,957.0,948.0,939.0
9611.0,2255.0,2257.0,2240.0,953.0,960.0,946.0
9604.0,2256.0,2231.0,2241.0,971.0,950.0,955.0
9593.0,2232.0,2254.0,2225.0,968.0,964.0,950.0
9350.0,2186.0,2185.0,2180.0,938.0,932.0,929.0
9582.0,2222.0,2225.0,2250.0,967.0,959.0,959.0
9491.0,2218.0,2199.0,2224.0,958.0,948.0,944.0
9529.0,2203.0,2216.0,2225.0,968.0,963.0,954.0
9371.0,2183.0,2193.0,2191.0,934.0,938.0,932.0
9456.0,2214.0,2180.0,2222.0,953.0,947.0,940.0
9496.0,2212.0,2243.0,2201.0,952.0,941.0,947.0
9474.0,2189.0,2216.0,2229.0,955.0,931.0,954.0
9748.0,2278.0,2279.0,2272.0,981.0,975.0,963.0
9531.0,2223.0,2248.0,2196.0,959.0,955.0,950.0
9731.0,2294.0,2268.0,2263.0,978.0,958.0,970.0
9580.0,2252.0,2250.0,2220.0,953.0,948.0,957.0
9571.0,2228.0,2241.0,2239.0,955.0,947.0,961.0
9642.0,2248.0,2286.0,2239.0,954.0,960.0,955.0
9560.0,2238.0,2211.0,2257.0,945.0,960.0,949.0
9612.0,2212.0,2259.0,2266.0,949.0,960.0,966.0
9413.0,2202.0,2204.0,2185.0,945.0,934.0,943.0
9648.0,2245.0,2252.0,2270.0,955.0,956.0,970.0
9559.0,2206.0,2254.0,2243.0,947.0,943.0,966.0
9644.0,2243.0,2273.0,2261.0,948.0,951.0,968.0
9435.0,2202.0,2196.0,2202.0,939.0,948.0,948.0
9536.0,2234.0,2207.0,2236.0,953.0,952.0,954.0
9598.0,2232.0,2220.0,2259.0,959.0,973.0,955.0
9574.0,2232.0,2215.0,2243.0,949.0,964.0,971.0
9561.0,2251.0,2203.0,2237.0,961.0,960.0,949.0
9490.0,2197.0,2188.0,2222.0,955.0,962.0,966.0
9638.0,2270.0,2227.0,2224.0,967.0,975.0,975.0
9618.0,2254.0,2232.0,2263.0,957.0,953.0,959.0
9459.0,2226.0,2198.0,2176.0,952.0,953.0,954.0
9470.0,2167.0,2224.0,2215.0,955.0,954.0,955.0
9650.0,2228.0,2256.0,2262.0,976.0,957.0,971.0
9589.0,2214.0,2260.0,2224.0,957.0,967.0,967.0
9521.0,2230.0,2215.0,2211.0,959.0,959.0,947.0
9880.0,2306.0,2302.0,2283.0,1004.0,991.0,994.0
9713.0,2271.0,2259.0,2266.0,967.0,977.0,973.0
9782.0,2294.0,2304.0,2251.0,983.0,984.0,966.0
9564.0,2218.0,2251.0,2219.0,967.0,962.0,947.0
9812.0,2308.0,2293.0,2288.0,984.0,974.0,965.0
9832.0,2271.0,2298.0,2317.0,973.0,992.0,981.0
9725.0,2277.0,2257.0,2279.0,971.0,968.0,973.0
9602.0,2251.0,2274.0,2227.0,951.0,937.0,962.0
9667.0,2258.0,2247.0,2273.0,958.0,958.0,973.0
9716.0,2253.0,2273.0,2291.0,968.0,968.0,963.0
9816.0,2285.0,2277.0,2317.0,975.0,982.0,980.0
9632.0,2231.0,2250.0,2263.0,964.0,964.0,960.0
9706.0,2263.0,2249.0,2300.0,959.0,966.0,969.0
9701.0,2281.0,2258.0,2267.0,963.0,972.0,960.0
9783.0,2290.0,2297.0,2281.0,971.0,974.0,970.0
9682.0,2276.0,2255.0,2251.0,977.0,960.0,963.0
9678.0,2268.0,2261.0,2251.0,959.0,972.0,967.0
9678.0,2261.0,2278.0,2223.0,966.0,974.0,976.0
9565.0,2266.0,2235.0,2205.0,952.0,953.0,954.0
9847.0,2287.0,2310.0,2311.0,980.0,976.0,983.0
9551.0,2229.0,2249.0,2211.0,955.0,950.0,957.0
9605.0,2232.0,2247.0,2244.0,962.0,962.0,958.0
9574.0,2226.0,2254.0,2203.0,975.0,955.0,961.0
9697.0,2252.0,2285.0,2258.0,976.0,958.0,968.0
9672.0,2239.0,2257.0,2255.0,979.0,976.0,966.0
9745.0,2287.0,2252.0,2271.0,981.0,982.0,972.0
9885.0,2308.0,2309.0,2287.0,998.0,988.0,995.0
9618.0,2251.0,2215.0,2241.0,965.0,972.0,974.0
9657.0,2246.0,2258.0,2244.0,976.0,970.0,963.0
9807.0,2288.0,2298.0,2261.0,990.0,982.0,988.0
9862.0,2336.0,2288.0,2292.0,976.0,991.0,979.0
9878.0,2312.0,2316.0,2285.0,998.0,982.0,985.0
9749.0,2284.0,2273.0,2259.0,976.0,968.0,989.0
9775.0,2266.0,2284.0,2300.0,968.0,978.0,979.0
9929.0,2306.0,2336.0,2320.0,982.0,988.0,997.0
9896.0,2291.0,2309.0,2322.0,988.0,983.0,1003.0
9855.0,2298.0,2292.0,2326.0,976.0,981.0,982.0
9860.0,2283.0,2297.0,2328.0,985.0,982.0,985.0
9918.0,2306.0,2328.0,2322.0,982.0,986.0,994.0
9705.0,2257.0,2275.0,2268.0,963.0,963.0,979.0
9644.0,2255.0,2241.0,2257.0,962.0,967.0,962.0
9717.0,2275.0,2274.0,2248.0,967.0,977.0,976.0
9684.0,2263.0,2247.0,2278.0,957.0,969.0,970.0
9587.0,2275.0,2207.0,2239.0,962.0,947.0,957.0
9498.0,2230.0,2196.0,2203.0,958.0,952.0,959.0
9508.0,2233.0,2220.0,2208.0,954.0,943.0,950.0
9585.0,2230.0,2245.0,2225.0,962.0,960.0,963.0
9676.0,2257.0,2271.0,2259.0,975.0,959.0,955.0
9501.0,2203.0,2214.0,2212.0,963.0,960.0,949.0
9506.0,2227.0,2206.0,2207.0,950.0,967.0,949.0
9671.0,2239.0,2273.0,2241.0,988.0,963.0,967.0
9651.0,2236.0,2246.0,2270.0,966.0,968.0,965.0
9655.0,2218.0,2269.0,2281.0,972.0,958.0,957.0
9814.0,2296.0,2300.0,2291.0,975.0,974.0,978.0
9794.0,2285.0,2313.0,2270.0,988.0,964.0,974.0
9848.0,2314.0,2313.0,2279.0,989.0,981.0,972.0
9825.0,2282.0,2307.0,2285.0,985.0,984.0,982.0
9985.0,2352.0,2318.0,2335.0,993.0,999.0,988.0
9764.0,2302.0,2260.0,2270.0,983.0,986.0,963.0
9866.0,2321.0,2297.0,2293.0,981.0,988.0,986.0
9808.0,2268.0,2280.0,2336.0,980.0,976.0,968.0
9828.0,2292.0,2305.0,2299.0,975.0,978.0,979.0
9746.0,2256.0,2267.0,2291.0,977.0,979.0,976.0
9737.0,2271.0,2247.0,2287.0,973.0,982.0,977.0
9806.0,2274.0,2271.0,2312.0,988.0,981.0,980.0
9700.0,2271.0,2259.0,2268.0,961.0,974.0,967.0
9620.0,2251.0,2229.0,2262.0,950.0,970.0,958.0
9895.0,2341.0,2285.0,2294.0,978.0,1000.0,997.0
9672.0,2275.0,2251.0,2255.0,967.0,958.0,966.0
9881.0,2323.0,2321.0,2283.0,985.0,982.0,987.0
9664.0,2270.0,2246.0,2235.0,968.0,967.0,978.0
9554.0,2242.0,2221.0,2220.0,952.0,964.0,955.0
9815.0,2279.0,2311.0,2293.0,981.0,978.0,973.0
9749.0,2253.0,2319.0,2262.0,974.0,966.0,975.0
9691.0,2239.0,2268.0,2261.0,969.0,974.0,980.0
9739.0,2252.0,2302.0,2260.0,968.0,977.0,980.0
9658.0,2240.0,2254.0,2243.0,974.0,976.0,971.0
9674.0,2282.0,2253.0,2237.0,969.0,974.0,959.0
9704.0,2264.0,2245.0,2264.0,979.0,971.0,981.0
9778.0,2267.0,2271.0,2312.0,978.0,975.0,975.0
9840.0,2311.0,2261.0,2314.0,982.0,979.0,993.0
9842.0,2304.0,2271.0,2338.0,989.0,972.0,968.0
9658.0,2259.0,2253.0,2257.0,969.0,960.0,960.0
9826.0,2317.0,2271.0,2310.0,982.0,978.0,968.0
9906.0,2321.0,2298.0,2328.0,996.0,986.0,977.0
9638.0,2245.0,2229.0,2279.0,970.0,956.0,959.0
9786.0,2272.0,2302.0,2283.0,981.0,979.0,969.0
9885.0,2312.0,2302.0,2312.0,988.0,977.0,994.0
9950.0,2323.0,2326.0,2314.0,1002.0,990.0,995.0
9910.0,2286.0,2317.0,2336.0,992.0,997.0,982.0
10019.0,2334.0,2344.0,2357.0,998.0,996.0,990.0
9901.0,2320.0,2320.0,2289.0,990.0,995.0,987.0
9748.0,2268.0,2309.0,2261.0,974.0,973.0,963.0
9839.0,2303.0,2315.0,2298.0,976.0,976.0,971.0
9905.0,2335.0,2347.0,2284.0,981.0,989.0,969.0
9659.0,2268.0,2258.0,2249.0,955.0,972.0,957.0
9714.0,2261.0,2280.0,2249.0,975.0,974.0,975.0
9828.0,2289.0,2309.0,2264.0,985.0,1002.0,979.0
9577.0,2269.0,2219.0,2207.0,953.0,972.0,957.0
9770.0,2276.0,2255.0,2302.0,981.0,984.0,972.0
9867.0,2303.0,2289.0,2310.0,974.0,997.0,994.0
9477.0,2198.0,2176.0,2239.0,951.0,956.0,957.0
9794.0,2283.0,2268.0,2315.0,967.0,971.0,990.0
9886.0,2288.0,2279.0,2338.0,994.0,998.0,989.0
9799.0,2260.0,2296.0,2318.0,975.0,973.0,977.0
9814.0,2287.0,2269.0,2290.0,983.0,993.0,992.0
9917.0,2345.0,2298.0,2281.0,994.0,997.0,1002.0
9766.0,2294.0,2247.0,2283.0,983.0,974.0,985.0
10025.0,2357.0,2310.0,2341.0,1000.0,1007.0,1010.0
9898.0,2290.0,2325.0,2310.0,990.0,981.0,1002.0
9886.0,2300.0,2325.0,2298.0,991.0,985.0,987.0
9833.0,2273.0,2297.0,2307.0,990.0,969.0,997.0
9999.0,2334.0,2341.0,2343.0,996.0,988.0,997.0
9856.0,2287.0,2317.0,2275.0,993.0,987.0,997.0
10078.0,2329.0,2380.0,2344.0,1011.0,1004.0,1010.0
9966.0,2319.0,2314.0,2340.0,1004.0,984.0,1005.0
9844.0,2301.0,2294.0,2302.0,982.0,977.0,988.0
10041.0,2368.0,2338.0,2325.0,1006.0,1001.0,1003.0
9647.0,2252.0,2236.0,2254.0,976.0,957.0,972.0
9827.0,2316.0,2315.0,2285.0,966.0,971.0,974.0
9855.0,2310.0,2313.0,2293.0,978.0,981.0,980.0
9798.0,2291.0,2279.0,2284.0,990.0,973.0,981.0
9858.0,2299.0,2318.0,2289.0,983.0,984.0,985.0
9811.0,2301.0,2287.0,2298.0,979.0,982.0,964.0
9738.0,2281.0,2256.0,2291.0,968.0,978.0,964.0
9804.0,2301.0,2311.0,2285.0,956.0,985.0,966.0
9885.0,2298.0,2316.0,2322.0,974.0,996.0,979.0
9729.0,2252.0,2289.0,2266.0,965.0,981.0,976.0
10023.0,2328.0,2363.0,2335.0,1005.0,1004.0,988.0
9845.0,2295.0,2279.0,2328.0,966.0,1001.0,976.0
9916.0,2283.0,2310.0,2328.0,996.0,998.0,1001.0
9858.0,2282.0,2297.0,2317.0,988.0,996.0,978.0
9983.0,2316.0,2338.0,2342.0,1006.0,990.0,991.0
9973.0,2345.0,2323.0,2328.0,981.0,1003.0,993.0
10040.0,2355.0,2339.0,2320.0,1012.0,1013.0,1001.0
9931.0,2318.0,2306.0,2330.0,1003.0,987.0,987.0
9966.0,2344.0,2293.0,2329.0,1005.0,1003.0,992.0
9877.0,2315.0,2296.0,2289.0,982.0,1001.0,994.0
9953.0,2336.0,2304.0,2302.0,1004.0,1002.0,1005.0
9957.0,2324.0,2334.0,2312.0,1004.0,988.0,995.0
9985.0,2323.0,2343.0,2316.0,998.0,1003.0,1002.0
9898.0,2289.0,2314.0,2301.0,1003.0,1002.0,989.0
9812.0,2287.0,2290.0,2270.0,994.0,989.0,982.0
9807.0,2290.0,2312.0,2248.0,990.0,980.0,987.0
9771.0,2252.0,2313.0,2276.0,977.0,974.0,979.0
9920.0,2288.0,2332.0,2325.0,990.0,991.0,994.0
9727.0,2274.0,2281.0,2246.0,971.0,977.0,978.0
9891.0,2316.0,2304.0,2323.0,971.0,984.0,993.0
9815.0,2276.0,2286.0,2305.0,980.0,979.0,989.0
9938.0,2334.0,2331.0,2324.0,973.0,986.0,990.0
9949.0,2322.0,2340.0,2312.0,997.0,982.0,996.0
9861.0,2302.0,2311.0,2304.0,978.0,982.0,984.0
9719.0,2273.0,2253.0,2289.0,964.0,963.0,977.0
9863.0,2286.0,2299.0,2309.0,985.0,991.0,993.0
9905.0,2301.0,2289.0,2339.0,1002.0,989.0,985.0
9818.0,2273.0,2299.0,2302.0,978.0,977.0,989.0
9806.0,2279.0,2278.0,2309.0,971.0,983.0,986.0
9992.0,2348.0,2329.0,2325.0,991.0,997.0,1002.0
9848.0,2304.0,2297.0,2307.0,972.0,986.0,982.0
10047.0,2362.0,2328.0,2339.0,1005.0,1013.0,1000.0
10023.0,2357.0,2340.0,2333.0,996.0,999.0,998.0
10024.0,2351.0,2348.0,2323.0,997.0,1010.0,995.0
10196.0,2389.0,2373.0,2382.0,1021.0,1017.0,1014.0
9972.0,2315.0,2339.0,2334.0,1000.0,998.0,986.0
9889.0,2295.0,2325.0,2278.0,1003.0,999.0,989.0
10022.0,2338.0,2354.0,2307.0,1010.0,1015.0,998.0
9887.0,2295.0,2340.0,2271.0,1007.0,991.0,983.0
10018.0,2333.0,2355.0,2329.0,1009.0,1006.0,986.0
10197.0,2375.0,2384.0,2371.0,1022.0,1037.0,1008.0
10065.0,2342.0,2352.0,2356.0,1014.0,1000.0,1001.0
10019.0,2343.0,2329.0,2340.0,999.0,1008.0,1000.0
9889.0,2296.0,2293.0,2307.0,1010.0,994.0,989.0
9893.0,2307.0,2313.0,2299.0,988.0,1001.0,985.0
9947.0,2315.0,2311.0,2349.0,997.0,988.0,987.0
9910.0,2305.0,2294.0,2337.0,987.0,998.0,989.0
9949.0,2293.0,2328.0,2356.0,993.0,992.0,987.0
9833.0,2295.0,2283.0,2313.0,983.0,966.0,993.0
9856.0,2278.0,2282.0,2343.0,982.0,986.0,985.0
10071.0,2352.0,2351.0,2349.0,1009.0,1003.0,1007.0
9995.0,2324.0,2350.0,2321.0,999.0,994.0,1007.0
10094.0,2342.0,2365.0,2354.0,1003.0,1012.0,1018.0
10059.0,2309.0,2381.0,2347.0,1005.0,1002.0,1015.0
10023.0,2333.0,2357.0,2335.0,994.0,999.0,1005.0
10014.0,2357.0,2357.0,2327.0,987.0,980.0,1006.0
10041.0,2343.0,2355.0,2328.0,997.0,997.0,1021.0
9938.0,2341.0,2320.0,2304.0,985.0,987.0,1001.0
10040.0,2352.0,2346.0,2326.0,1000.0,1001.0,1015.0
10105.0,2370.0,2378.0,2324.0,1009.0,999.0,1025.0
10051.0,2387.0,2353.0,2310.0,996.0,991.0,1014.0
10102.0,2367.0,2332.0,2373.0,1007.0,1007.0,1016.0
10172.0,2399.0,2329.0,2368.0,1026.0,1031.0,1019.0
10091.0,2348.0,2320.0,2367.0,1022.0,1011.0,1023.0
10058.0,2323.0,2353.0,2324.0,1020.0,1015.0,1023.0
9961.0,2292.0,2328.0,2346.0,1006.0,1003.0,986.0
10101.0,2349.0,2335.0,2372.0,1021.0,1009.0,1015.0
9978.0,2324.0,2316.0,2345.0,988.0,1002.0,1003.0
10027.0,2355.0,2339.0,2333.0,1008.0,999.0,993.0
10063.0,2336.0,2357.0,2351.0,1010.0,1002.0,1007.0
9961.0,2334.0,2323.0,2317.0,997.0,1003.0,987.0
9982.0,2330.0,2331.0,2339.0,999.0,1001.0,982.0
9976.0,2336.0,2333.0,2313.0,1002.0,998.0,994.0
10017.0,2315.0,2361.0,2352.0,998.0,997.0,994.0
10136.0,2364.0,2377.0,2382.0,996.0,1018.0,999.0
9928.0,2298.0,2307.0,2336.0,991.0,1008.0,988.0
10020.0,2315.0,2348.0,2347.0,997.0,1009.0,1004.0
10020.0,2347.0,2342.0,2348.0,985.0,1003.0,995.0
10107.0,2351.0,2341.0,2379.0,1006.0,1019.0,1011.0
9935.0,2319.0,2314.0,2324.0,986.0,1000.0,992.0
10002.0,2325.0,2318.0,2346.0,999.0,1011.0,1003.0
9980.0,2305.0,2340.0,2329.0,1010.0,1000.0,996.0
10169.0,2371.0,2380.0,2362.0,1019.0,1012.0,1025.0
9966.0,2353.0,2317.0,2307.0,985.0,1001.0,1003.0
10073.0,2352.0,2386.0,2338.0,983.0,1012.0,1002.0
10090.0,2384.0,2356.0,2335.0,996.0,1011.0,1008.0
10233.0,2383.0,2414.0,2386.0,1017.0,1012.0,1021.0
10136.0,2363.0,2359.0,2394.0,1008.0,1014.0,998.0
10253.0,2397.0,2398.0,2398.0,1019.0,1024.0,1017.0
10034.0,2341.0,2345.0,2332.0,1002.0,1006.0,1008.0
10188.0,2356.0,2404.0,2377.0,1012.0,1007.0,1032.0
10088.0,2342.0,2387.0,2347.0,1007.0,995.0,1010.0
10115.0,2346.0,2353.0,2382.0,1024.0,997.0,1013.0
10099.0,2345.0,2350.0,2366.0,1013.0,1011.0,1014.0
10160.0,2371.0,2345.0,2393.0,1022.0,1005.0,1024.0
10158.0,2374.0,2361.0,2380.0,1015.0,1010.0,1018.0
10028.0,2322.0,2347.0,2352.0,1002.0,1005.0,1000.0
10043.0,2345.0,2333.0,2340.0,1008.0,1005.0,1012.0
9986.0,2353.0,2316.0,2324.0,1009.0,995.0,989.0
9915.0,2318.0,2291.0,2310.0,1002.0,1001.0,993.0
9996.0,2362.0,2300.0,2325.0,1000.0,1004.0,1005.0
9857.0,2307.0,2289.0,2281.0,993.0,998.0,989.0
9978.0,2336.0,2304.0,2331.0,1002.0,1003.0,1002.0
9945.0,2288.0,2318.0,2330.0,998.0,1007.0,1004.0
10007.0,2314.0,2334.0,2331.0,1010.0,1006.0,1012.0
10050.0,2365.0,2339.0,2327.0,996.0,1020.0,1003.0
10100.0,2357.0,2369.0,2353.0,1000.0,1017.0,1004.0
10100.0,2357.0,2376.0,2335.0,1006.0,1020.0,1006.0
10162.0,2377.0,2370.0,2347.0,1018.0,1030.0,1020.0
10226.0,2386.0,2415.0,2358.0,1014.0,1025.0,1028.0
10086.0,2363.0,2360.0,2340.0,1007.0,1016.0,1000.0
10064.0,2355.0,2345.0,2342.0,998.0,1018.0,1006.0
10234.0,2388.0,2400.0,2402.0,1006.0,1020.0,1018.0
10102.0,2352.0,2358.0,2363.0,1000.0,1019.0,1010.0
10388.0,2422.0,2433.0,2432.0,1019.0,1037.0,1045.0
10247.0,2396.0,2364.0,2413.0,1023.0,1030.0,1021.0
10110.0,2357.0,2331.0,2388.0,1007.0,1015.0,1012.0
10209.0,2376.0,2361.0,2414.0,1017.0,1024.0,1017.0
10121.0,2376.0,2354.0,2358.0,1010.0,1015.0,1008.0
9985.0,2328.0,2305.0,2347.0,1004.0,1004.0,997.0
10040.0,2354.0,2328.0,2352.0,1006.0,1004.0,996.0
10140.0,2371.0,2344.0,2374.0,1019.0,1016.0,1016.0
9985.0,2342.0,2301.0,2350.0,997.0,1001.0,994.0
10134.0,2367.0,2365.0,2367.0,1020.0,1004.0,1011.0
10155.0,2392.0,2363.0,2364.0,1019.0,1021.0,996.0
10161.0,2378.0,2375.0,2360.0,1028.0,1009.0,1011.0
10027.0,2344.0,2356.0,2322.0,1006.0,989.0,1010.0
10216.0,2395.0,2373.0,2389.0,1037.0,1006.0,1016.0
10083.0,2318.0,2351.0,2372.0,1033.0,1002.0,1007.0
10030.0,2317.0,2359.0,2336.0,1010.0,998.0,1010.0
10197.0,2353.0,2374.0,2384.0,1022.0,1030.0,1034.0
10107.0,2372.0,2372.0,2327.0,1012.0,1010.0,1014.0
10274.0,2392.0,2401.0,2377.0,1030.0,1044.0,1030.0
10141.0,2370.0,2347.0,2369.0,1016.0,1017.0,1022.0
10132.0,2362.0,2349.0,2374.0,1004.0,1029.0,1014.0
10283.0,2429.0,2371.0,2408.0,1025.0,1030.0,1020.0
10288.0,2411.0,2388.0,2413.0,1015.0,1033.0,1028.0
10146.0,2399.0,2336.0,2377.0,1005.0,1007.0,1022.0
10178.0,2380.0,2353.0,2402.0,1004.0,1014.0,1025.0
10241.0,2408.0,2370.0,2394.0,1024.0,1027.0,1018.0
10341.0,2411.0,2411.0,2406.0,1031.0,1041.0,1041.0
10387.0,2413.0,2409.0,2443.0,1030.0,1045.0,1047.0
10286.0,2370.0,2407.0,2423.0,1016.0,1039.0,1031.0
10268.0,2396.0,2411.0,2397.0,1008.0,1038.0,1018.0
10165.0,2375.0,2374.0,2368.0,1015.0,1020.0,1013.0
10264.0,2382.0,2414.0,2403.0,1027.0,1022.0,1016.0
10234.0,2377.0,2392.0,2380.0,1017.0,1036.0,1032.0
10198.0,2380.0,2382.0,2382.0,1021.0,1016.0,1017.0
10034.0,2338.0,2346.0,2338.0,1007.0,1006.0,999.0
10015.0,2355.0,2318.0,2326.0,1002.0,999.0,1015.0
10132.0,2403.0,2348.0,2352.0,1012.0,1005.0,1012.0
10025.0,2362.0,2318.0,2341.0,1006.0,997.0,1001.0
10050.0,2347.0,2350.0,2331.0,1012.0,1008.0,1002.0
10073.0,2369.0,2314.0,2364.0,1026.0,998.0,1002.0
10055.0,2353.0,2333.0,2344.0,1018.0,998.0,1009.0
10109.0,2336.0,2358.0,2367.0,1024.0,1008.0,1016.0
10115.0,2350.0,2372.0,2352.0,1023.0,1013.0,1005.0
10150.0,2362.0,2386.0,2357.0,1021.0,1011.0,1013.0
10285.0,2394.0,2393.0,2417.0,1038.0,1020.0,1023.0
10174.0,2391.0,2369.0,2374.0,1013.0,1016.0,1011.0
10302.0,2401.0,2405.0,2402.0,1048.0,1010.0,1036.0
10493.0,2462.0,2444.0,2463.0,1046.0,1044.0,1034.0
10330.0,2429.0,2395.0,2412.0,1031.0,1031.0,1032.0
10211.0,2382.0,2419.0,2376.0,1020.0,1007.0,1007.0
10158.0,2368.0,2397.0,2380.0,1002.0,1010.0,1001.0
10319.0,2406.0,2422.0,2407.0,1040.0,1030.0,1014.0
10124.0,2343.0,2372.0,2372.0,999.0,1030.0,1008.0
10230.0,2382.0,2382.0,2419.0,1014.0,1020.0,1013.0
10304.0,2400.0,2401.0,2419.0,1023.0,1031.0,1030.0
10197.0,2366.0,2373.0,2401.0,1002.0,1021.0,1034.0
10163.0,2370.0,2374.0,2350.0,1019.0,1020.0,1030.0
10288.0,2422.0,2396.0,2390.0,1022.0,1030.0,1028.0
10127.0,2365.0,2345.0,2377.0,1007.0,1012.0,1021.0
10243.0,2402.0,2378.0,2383.0,1020.0,1021.0,1039.0
10255.0,2407.0,2372.0,2392.0,1028.0,1027.0,1029.0
10183.0,2388.0,2344.0,2379.0,1025.0,1028.0,1019.0
10261.0,2435.0,2358.0,2369.0,1029.0,1038.0,1032.0
10208.0,2388.0,2402.0,2356.0,1014.0,1022.0,1026.0
10242.0,2353.0,2390.0,2394.0,1030.0,1047.0,1028.0
10101.0,2357.0,2339.0,2352.0,1015.0,1018.0,1020.0
10115.0,2340.0,2368.0,2365.0,1009.0,1015.0,1018.0
10179.0,2348.0,2394.0,2361.0,1028.0,1027.0,1021.0
10226.0,2386.0,2407.0,2387.0,1015.0,1014.0,1017.0
10238.0,2368.0,2399.0,2398.0,1031.0,1021.0,1021.0
10229.0,2371.0,2379.0,2425.0,1029.0,1002.0,1023.0
10327.0,2383.0,2405.0,2419.0,1031.0,1043.0,1046.0
10327.0,2420.0,2393.0,2420.0,1034.0,1037.0,1023.0
10476.0,2458.0,2451.0,2441.0,1040.0,1038.0,1048.0
10284.0,2427.0,2374.0,2400.0,1021.0,1034.0,1028.0
10327.0,2426.0,2394.0,2424.0,1035.0,1026.0,1022.0
10347.0,2418.0,2405.0,2446.0,1027.0,1020.0,1031.0
10448.0,2439.0,2431.0,2446.0,1048.0,1044.0,1040.0
10442.0,2430.0,2421.0,2484.0,1038.0,1037.0,1032.0
10344.0,2415.0,2416.0,2426.0,1029.0,1023.0,1035.0
10294.0,2364.0,2402.0,2432.0,1028.0,1034.0,1034.0
10291.0,2390.0,2387.0,2404.0,1023.0,1046.0,1041.0
10235.0,2383.0,2411.0,2379.0,1027.0,1011.0,1024.0
10306.0,2410.0,2410.0,2392.0,1026.0,1036.0,1032.0
10407.0,2423.0,2443.0,2428.0,1034.0,1042.0,1037.0
10183.0,2406.0,2396.0,2345.0,1010.0,1014.0,1012.0
10144.0,2383.0,2382.0,2352.0,1005.0,1017.0,1005.0
10294.0,2408.0,2424.0,2399.0,1017.0,1029.0,1017.0
10367.0,2435.0,2418.0,2396.0,1044.0,1031.0,1043.0
10228.0,2362.0,2415.0,2386.0,1025.0,1016.0,1024.0
10130.0,2385.0,2337.0,2383.0,994.0,1029.0,1002.0
10212.0,2386.0,2383.0,2389.0,1009.0,1023.0,1022.0
10275.0,2393.0,2384.0,2400.0,1026.0,1041.0,1031.0
10287.0,2402.0,2375.0,2405.0,1044.0,1029.0,1032.0
10298.0,2388.0,2401.0,2418.0,1017.0,1035.0,1039.0
10221.0,2372.0,2377.0,2393.0,1016.0,1028.0,1035.0
10213.0,2383.0,2342.0,2405.0,1023.0,1026.0,1034.0
10480.0,2423.0,2420.0,2478.0,1042.0,1049.0,1068.0
10376.0,2430.0,2405.0,2431.0,1033.0,1036.0,1041.0
10389.0,2409.0,2423.0,2438.0,1042.0,1041.0,1036.0
10497.0,2459.0,2448.0,2448.0,1049.0,1044.0,1049.0
10442.0,2447.0,2413.0,2453.0,1046.0,1039.0,1044.0
10476.0,2456.0,2442.0,2433.0,1044.0,1043.0,1058.0
10496.0,2445.0,2487.0,2423.0,1040.0,1049.0,1052.0
10368.0,2398.0,2437.0,2424.0,1047.0,1024.0,1038.0
10220.0,2368.0,2398.0,2398.0,1023.0,1013.0,1020.0
10269.0,2384.0,2419.0,2402.0,1016.0,1024.0,1024.0
10433.0,2425.0,2436.0,2425.0,1041.0,1045.0,1061.0
10571.0,2440.0,2465.0,2471.0,1060.0,1062.0,1073.0
10231.0,2388.0,2396.0,2362.0,1027.0,1038.0,1020.0
10177.0,2367.0,2381.0,2376.0,1017.0,1021.0,1015.0
10332.0,2412.0,2416.0,2429.0,1023.0,1021.0,1031.0
10314.0,2427.0,2392.0,2424.0,1026.0,1017.0,1028.0
10311.0,2443.0,2397.0,2396.0,1019.0,1022.0,1034.0
10267.0,2430.0,2388.0,2387.0,1022.0,1023.0,1017.0
10177.0,2397.0,2374.0,2380.0,1016.0,1000.0,1010.0
10185.0,2393.0,2349.0,2407.0,1015.0,1012.0,1009.0
10369.0,2419.0,2421.0,2447.0,1021.0,1031.0,1030.0
10223.0,2359.0,2408.0,2370.0,1035.0,1027.0,1024.0
10322.0,2385.0,2428.0,2434.0,1032.0,1025.0,1018.0
10266.0,2374.0,2405.0,2407.0,1032.0,1036.0,1012.0
10297.0,2378.0,2392.0,2435.0,1031.0,1026.0,1035.0
10444.0,2431.0,2463.0,2447.0,1035.0,1042.0,1026.0
10331.0,2402.0,2422.0,2428.0,1035.0,1033.0,1011.0
10464.0,2427.0,2450.0,2440.0,1053.0,1055.0,1039.0
10315.0,2393.0,2429.0,2399.0,1033.0,1033.0,1028.0
10480.0,2465.0,2419.0,2439.0,1058.0,1054.0,1045.0
10442.0,2447.0,2442.0,2435.0,1031.0,1047.0,1040.0
10397.0,2441.0,2408.0,2413.0,1047.0,1047.0,1041.0
10467.0,2448.0,2442.0,2423.0,1054.0,1054.0,1046.0
10512.0,2452.0,2435.0,2469.0,1049.0,1061.0,1046.0
10482.0,2453.0,2434.0,2436.0,1043.0,1064.0,1052.0
10265.0,2404.0,2380.0,2383.0,1028.0,1035.0,1035.0
10404.0,2416.0,2422.0,2416.0,1050.0,1046.0,1054.0
10431.0,2418.0,2447.0,2430.0,1042.0,1049.0,1045.0
10353.0,2398.0,2407.0,2437.0,1037.0,1036.0,1038.0
10321.0,2404.0,2416.0,2380.0,1048.0,1033.0,1040.0
10366.0,2431.0,2413.0,2439.0,1028.0,1022.0,1033.0
10303.0,2395.0,2401.0,2405.0,1033.0,1035.0,1034.0
10375.0,2440.0,2416.0,2416.0,1025.0,1028.0,1050.0
10289.0,2412.0,2407.0,2384.0,1013.0,1030.0,1043.0
10308.0,2406.0,2404.0,2414.0,1030.0,1025.0,1029.0
10280.0,2378.0,2389.0,2416.0,1036.0,1023.0,1038.0
10496.0,2428.0,2474.0,2468.0,1037.0,1041.0,1048.0
10248.0,2384.0,2375.0,2413.0,1014.0,1016.0,1046.0
10305.0,2400.0,2401.0,2412.0,1034.0,1019.0,1039.0
10425.0,2430.0,2415.0,2456.0,1047.0,1035.0,1042.0
10433.0,2423.0,2428.0,2449.0,1047.0,1042.0,1044.0
10412.0,2437.0,2446.0,2408.0,1034.0,1040.0,1047.0
10395.0,2422.0,2420.0,2421.0,1048.0,1042.0,1042.0
10435.0,2446.0,2427.0,2439.0,1044.0,1037.0,1042.0
10474.0,2468.0,2436.0,2429.0,1067.0,1037.0,1037.0
10411.0,2447.0,2428.0,2404.0,1046.0,1042.0,1044.0
10473.0,2440.0,2444.0,2445.0,1055.0,1047.0,1042.0
10439.0,2425.0,2446.0,2438.0,1054.0,1047.0,1029.0
10520.0,2451.0,2467.0,2450.0,1051.0,1056.0,1045.0
10486.0,2459.0,2444.0,2430.0,1053.0,1056.0,1044.0
10532.0,2435.0,2480.0,2455.0,1068.0,1057.0,1037.0
10690.0,2507.0,2501.0,2483.0,1067.0,1066.0,1066.0
10441.0,2429.0,2439.0,2430.0,1044.0,1054.0,1045.0
10334.0,2404.0,2421.0,2405.0,1034.0,1038.0,1032.0
10481.0,2440.0,2460.0,2446.0,1049.0,1051.0,1035.0
10467.0,2451.0,2446.0,2443.0,1046.0,1055.0,1026.0
10508.0,2472.0,2455.0,2452.0,1029.0,1057.0,1043.0
10497.0,2444.0,2445.0,2458.0,1051.0,1053.0,1046.0
10415.0,2429.0,2433.0,2433.0,1036.0,1047.0,1037.0
10275.0,2414.0,2385.0,2408.0,1004.0,1035.0,1029.0
10380.0,2420.0,2418.0,2443.0,1020.0,1047.0,1032.0
10452.0,2467.0,2426.0,2441.0,1044.0,1042.0,1032.0
10284.0,2376.0,2403.0,2411.0,1035.0,1025.0,1034.0
10514.0,2441.0,2445.0,2471.0,1053.0,1053.0,1051.0
10342.0,2386.0,2426.0,2432.0,1034.0,1021.0,1043.0
10423.0,2396.0,2441.0,2439.0,1047.0,1046.0,1054.0
10384.0,2436.0,2432.0,2403.0,1032.0,1027.0,1054.0
10563.0,2463.0,2459.0,2470.0,1057.0,1047.0,1067.0
10462.0,2441.0,2448.0,2444.0,1033.0,1048.0,1048.0
10392.0,2440.0,2443.0,2385.0,1033.0,1039.0,1052.0
10554.0,2458.0,2473.0,2470.0,1055.0,1042.0,1056.0
10603.0,2484.0,2474.0,2464.0,1067.0,1052.0,1062.0
10513.0,2470.0,2466.0,2426.0,1056.0,1047.0,1048.0
10650.0,2489.0,2475.0,2492.0,1069.0,1060.0,1065.0
10375.0,2420.0,2419.0,2413.0,1038.0,1043.0,1042.0
10423.0,2438.0,2441.0,2411.0,1050.0,1040.0,1043.0
10603.0,2481.0,2475.0,2463.0,1065.0,1049.0,1070.0
10519.0,2438.0,2446.0,2459.0,1069.0,1057.0,1050.0
10425.0,2424.0,2434.0,2449.0,1042.0,1033.0,1043.0
10489.0,2426.0,2433.0,2450.0,1057.0,1065.0,1058.0
10518.0,2468.0,2434.0,2450.0,1062.0,1050.0,1054.0
10424.0,2431.0,2410.0,2437.0,1051.0,1053.0,1042.0
10480.0,2444.0,2447.0,2470.0,1036.0,1044.0,1039.0
10536.0,2462.0,2458.0,2478.0,1046.0,1049.0,1043.0
10445.0,2464.0,2424.0,2443.0,1037.0,1047.0,1030.0
10407.0,2437.0,2430.0,2429.0,1028.0,1055.0,1028.0
10286.0,2395.0,2420.0,2402.0,1024.0,1029.0,1016.0
10522.0,2482.0,2438.0,2467.0,1030.0,1052.0,1053.0
10422.0,2447.0,2449.0,2419.0,1038.0,1044.0,1025.0
10411.0,2409.0,2449.0,2442.0,1035.0,1036.0,1040.0
10436.0,2416.0,2435.0,2451.0,1032.0,1055.0,1047.0
10332.0,2385.0,2442.0,2409.0,1025.0,1040.0,1031.0
10483.0,2463.0,2454.0,2440.0,1037.0,1051.0,1038.0
10390.0,2422.0,2425.0,2426.0,1032.0,1051.0,1034.0
10382.0,2446.0,2405.0,2427.0,1029.0,1033.0,1042.0
10636.0,2488.0,2479.0,2484.0,1053.0,1061.0,1071.0
10529.0,2480.0,2436.0,2452.0,1051.0,1058.0,1052.0
10478.0,2469.0,2409.0,2483.0,1046.0,1039.0,1032.0
10614.0,2504.0,2464.0,2451.0,1064.0,1065.0,1066.0
10555.0,2493.0,2468.0,2434.0,1051.0,1049.0,1060.0
10665.0,2519.0,2452.0,2495.0,1073.0,1058.0,1068.0
10512.0,2447.0,2468.0,2446.0,1057.0,1042.0,1052.0
10620.0,2479.0,2447.0,2487.0,1065.0,1070.0,1072.0
10657.0,2470.0,2494.0,2492.0,1077.0,1072.0,1052.0
10744.0,2499.0,2513.0,2510.0,1075.0,1072.0,1075.0
10535.0,2448.0,2481.0,2457.0,1059.0,1043.0,1047.0
10680.0,2467.0,2498.0,2517.0,1070.0,1053.0,1075.0
10720.0,2486.0,2507.0,2534.0,1057.0,1063.0,1073.0
10667.0,2481.0,2495.0,2493.0,1064.0,1064.0,1070.0
10572.0,2459.0,2462.0,2468.0,1066.0,1054.0,1063.0
10547.0,2459.0,2468.0,2460.0,1043.0,1050.0,1067.0
10503.0,2480.0,2445.0,2415.0,1051.0,1048.0,1064.0
10539.0,2482.0,2448.0,2462.0,1052.0,1042.0,1053.0
10406.0,2411.0,2424.0,2434.0,1042.0,1051.0,1044.0
10399.0,2439.0,2430.0,2398.0,1043.0,1041.0,1048.0
10498.0,2447.0,2441.0,2461.0,1046.0,1039.0,1064.0
10385.0,2402.0,2430.0,2423.0,1044.0,1048.0,1038.0
10616.0,2468.0,2493.0,2457.0,1055.0,1071.0,1072.0
10454.0,2437.0,2435.0,2445.0,1039.0,1049.0,1049.0
10540.0,2456.0,2474.0,2444.0,1046.0,1068.0,1052.0
10625.0,2466.0,2479.0,2478.0,1056.0,1080.0,1066.0
10640.0,2482.0,2482.0,2484.0,1050.0,1079.0,1063.0
10709.0,2517.0,2516.0,2474.0,1069.0,1065.0,1068.0
10400.0,2418.0,2431.0,2403.0,1041.0,1060.0,1047.0
10602.0,2500.0,2474.0,2455.0,1057.0,1064.0,1052.0
10597.0,2488.0,2445.0,2493.0,1058.0,1054.0,1059.0
10768.0,2507.0,2513.0,2508.0,1078.0,1082.0,1080.0
10774.0,2518.0,2500.0,2523.0,1078.0,1087.0,1068.0
10672.0,2486.0,2514.0,2490.0,1060.0,1070.0,1052.0
10648.0,2464.0,2485.0,2496.0,1074.0,1071.0,1058.0
10605.0,2451.0,2472.0,2491.0,1074.0,1061.0,1056.0
10582.0,2471.0,2461.0,2470.0,1076.0,1044.0,1060.0
10648.0,2511.0,2445.0,2489.0,1070.0,1068.0,1065.0
10503.0,2460.0,2445.0,2454.0,1060.0,1045.0,1039.0
10537.0,2462.0,2452.0,2473.0,1051.0,1042.0,1057.0
10643.0,2474.0,2479.0,2512.0,1059.0,1052.0,1067.0
10502.0,2471.0,2423.0,2478.0,1055.0,1045.0,1030.0
10540.0,2457.0,2465.0,2466.0,1054.0,1045.0,1053.0
10444.0,2455.0,2429.0,2437.0,1036.0,1037.0,1050.0
10562.0,2469.0,2477.0,2467.0,1047.0,1044.0,1058.0
10659.0,2488.0,2503.0,2461.0,1074.0,1063.0,1070.0
10426.0,2435.0,2444.0,2426.0,1043.0,1041.0,1037.0
10435.0,2450.0,2459.0,2401.0,1039.0,1046.0,1040.0
10458.0,2438.0,2441.0,2427.0,1053.0,1040.0,1059.0
10409.0,2450.0,2446.0,2397.0,1041.0,1035.0,1040.0
10599.0,2479.0,2498.0,2448.0,1059.0,1055.0,1060.0
10629.0,2502.0,2484.0,2463.0,1053.0,1058.0,1069.0
10631.0,2479.0,2462.0,2485.0,1059.0,1070.0,1076.0
10727.0,2531.0,2496.0,2484.0,1063.0,1074.0,1079.0
10700.0,2515.0,2480.0,2483.0,1072.0,1076.0,1074.0
10729.0,2513.0,2500.0,2493.0,1067.0,1078.0,1078.0
10588.0,2461.0,2463.0,2480.0,1048.0,1068.0,1068.0
10638.0,2482.0,2442.0,2500.0,1068.0,1069.0,1077.0
10895.0,2560.0,2529.0,2550.0,1078.0,1084.0,1094.0
10767.0,2513.0,2498.0,2531.0,1071.0,1080.0,1074.0
10651.0,2461.0,2476.0,2510.0,1056.0,1076.0,1072.0
10594.0,2499.0,2452.0,2436.0,1062.0,1077.0,1068.0
10588.0,2457.0,2486.0,2469.0,1055.0,1058.0,1063.0
10648.0,2464.0,2500.0,2472.0,1068.0,1081.0,1063.0
10655.0,2483.0,2510.0,2474.0,1067.0,1068.0,1053.0
10694.0,2509.0,2473.0,2494.0,1078.0,1068.0,1072.0
10722.0,2514.0,2493.0,2500.0,1071.0,1069.0,1075.0
10629.0,2496.0,2493.0,2460.0,1063.0,1066.0,1051.0
10494.0,2462.0,2443.0,2427.0,1050.0,1050.0,1062.0
10845.0,2529.0,2553.0,2520.0,1089.0,1077.0,1077.0
10666.0,2502.0,2476.0,2499.0,1063.0,1070.0,1056.0
10545.0,2452.0,2475.0,2430.0,1072.0,1069.0,1047.0
10624.0,2476.0,2499.0,2470.0,1061.0,1060.0,1058.0
10539.0,2451.0,2480.0,2450.0,1066.0,1045.0,1047.0
10594.0,2463.0,2481.0,2475.0,1051.0,1063.0,1061.0
10538.0,2458.0,2457.0,2481.0,1058.0,1042.0,1042.0
10572.0,2480.0,2461.0,2474.0,1063.0,1041.0,1053.0
10567.0,2463.0,2458.0,2470.0,1061.0,1062.0,1053.0
10830.0,2565.0,2497.0,2543.0,1084.0,1066.0,1075.0
10669.0,2498.0,2474.0,2500.0,1067.0,1059.0,1071.0
10661.0,2502.0,2483.0,2502.0,1052.0,1061.0,1061.0
10730.0,2516.0,2510.0,2499.0,1076.0,1065.0,1064.0
10771.0,2509.0,2537.0,2530.0,1059.0,1068.0,1068.0
10727.0,2503.0,2514.0,2508.0,1078.0,1070.0,1054.0
10733.0,2502.0,2501.0,2528.0,1061.0,1061.0,1080.0
10682.0,2488.0,2517.0,2488.0,1061.0,1065.0,1063.0
10686.0,2504.0,2505.0,2492.0,1057.0,1063.0,1065.0
10677.0,2484.0,2475.0,2490.0,1067.0,1079.0,1082.0
10723.0,2500.0,2485.0,2509.0,1068.0,1080.0,1081.0
10595.0,2428.0,2469.0,2484.0,1066.0,1075.0,1073.0
10701.0,2501.0,2501.0,2489.0,1071.0,1073.0,1066.0
10626.0,2472.0,2465.0,2481.0,1066.0,1077.0,1065.0
10679.0,2493.0,2486.0,2467.0,1080.0,1081.0,1072.0
10710.0,2514.0,2478.0,2485.0,1081.0,1076.0,1076.0
10685.0,2520.0,2484.0,2462.0,1081.0,1071.0,1067.0
10517.0,2469.0,2439.0,2428.0,1064.0,1059.0,1058.0
10756.0,2507.0,2504.0,2500.0,1077.0,1095.0,1073.0
10607.0,2468.0,2483.0,2454.0,1079.0,1069.0,1054.0
10760.0,2503.0,2493.0,2506.0,1093.0,1078.0,1087.0
10388.0,2417.0,2416.0,2410.0,1056.0,1041.0,1048.0
10651.0,2465.0,2470.0,2513.0,1063.0,1071.0,1069.0
10746.0,2482.0,2526.0,2495.0,1079.0,1089.0,1075.0
10877.0,2537.0,2560.0,2531.0,1081.0,1082.0,1086.0
10716.0,2500.0,2509.0,2509.0,1069.0,1070.0,1059.0
10700.0,2498.0,2505.0,2505.0,1064.0,1064.0,1064.0
10783.0,2511.0,2517.0,2522.0,1070.0,1084.0,1079.0
10735.0,2539.0,2486.0,2515.0,1067.0,1062.0,1066.0
10855.0,2535.0,2538.0,2545.0,1080.0,1081.0,1076.0
10780.0,2531.0,2512.0,2524.0,1074.0,1067.0,1072.0
10749.0,2490.0,2514.0,2537.0,1076.0,1060.0,1072.0
10811.0,2532.0,2531.0,2508.0,1092.0,1073.0,1075.0
10665.0,2494.0,2481.0,2509.0,1061.0,1054.0,1066.0
10811.0,2508.0,2506.0,2536.0,1092.0,1094.0,1075.0
10650.0,2492.0,2494.0,2460.0,1065.0,1069.0,1070.0
10795.0,2499.0,2520.0,2544.0,1071.0,1073.0,1088.0
10786.0,2517.0,2513.0,2522.0,1081.0,1079.0,1074.0
10746.0,2499.0,2499.0,2516.0,1083.0,1074.0,1075.0
10704.0,2508.0,2512.0,2475.0,1066.0,1075.0,1068.0
10644.0,2512.0,2491.0,2459.0,1058.0,1055.0,1069.0
10924.0,2547.0,2557.0,2540.0,1096.0,1100.0,1084.0
10667.0,2505.0,2498.0,2466.0,1075.0,1056.0,1067.0
10753.0,2517.0,2507.0,2518.0,1069.0,1067.0,1075.0
10646.0,2457.0,2492.0,2473.0,1072.0,1082.0,1070.0
10795.0,2516.0,2515.0,2509.0,1089.0,1089.0,1077.0
10828.0,2509.0,2520.0,2526.0,1091.0,1092.0,1090.0
10718.0,2486.0,2460.0,2531.0,1081.0,1082.0,1078.0
10640.0,2438.0,2504.0,2475.0,1079.0,1072.0,1072.0
10573.0,2443.0,2462.0,2468.0,1068.0,1073.0,1059.0
10886.0,2517.0,2521.0,2571.0,1095.0,1092.0,1090.0
10827.0,2521.0,2495.0,2543.0,1084.0,1088.0,1096.0
10810.0,2508.0,2496.0,2534.0,1092.0,1096.0,1084.0
10839.0,2516.0,2531.0,2512.0,1079.0,1103.0,1098.0
10856.0,2531.0,2520.0,2555.0,1078.0,1081.0,1091.0
10853.0,2534.0,2531.0,2538.0,1073.0,1089.0,1088.0
10962.0,2560.0,2546.0,2577.0,1084.0,1099.0,1096.0
10841.0,2520.0,2537.0,2528.0,1077.0,1088.0,1091.0
10933.0,2547.0,2570.0,2553.0,1080.0,1089.0,1094.0
10923.0,2526.0,2564.0,2541.0,1092.0,1089.0,1111.0
10841.0,2519.0,2548.0,2527.0,1075.0,1086.0,1086.0
10958.0,2557.0,2548.0,2549.0,1101.0,1088.0,1115.0
10852.0,2524.0,2566.0,2500.0,1088.0,1082.0,1092.0
10697.0,2487.0,2518.0,2491.0,1066.0,1068.0,1067.0
10712.0,2521.0,2514.0,2468.0,1067.0,1080.0,1062.0
10819.0,2530.0,2509.0,2523.0,1080.0,1088.0,1089.0
10780.0,2516.0,2517.0,2510.0,1087.0,1070.0,1080.0
10808.0,2514.0,2512.0,2522.0,1091.0,1090.0,1079.0
10616.0,2488.0,2460.0,2462.0,1072.0,1066.0,1068.0
10790.0,2522.0,2491.0,2549.0,1083.0,1069.0,1076.0
10740.0,2507.0,2488.0,2522.0,1076.0,1076.0,1071.0
10812.0,2556.0,2505.0,2533.0,1078.0,1070.0,1070.0
10726.0,2482.0,2507.0,2513.0,1076.0,1072.0,1076.0
10787.0,2490.0,2518.0,2526.0,1101.0,1081.0,1071.0
10788.0,2500.0,2527.0,2534.0,1080.0,1079.0,1068.0
10795.0,2517.0,2528.0,2519.0,1082.0,1076.0,1073.0
10799.0,2502.0,2521.0,2527.0,1088.0,1090.0,1071.0
10839.0,2526.0,2531.0,2534.0,1097.0,1080.0,1071.0
11029.0,2571.0,2563.0,2590.0,1108.0,1109.0,1088.0
10851.0,2529.0,2545.0,2539.0,1086.0,1084.0,1068.0
10866.0,2542.0,2524.0,2541.0,1098.0,1093.0,1068.0
10973.0,2549.0,2574.0,2559.0,1099.0,1099.0,1093.0
10876.0,2517.0,2566.0,2525.0,1087.0,1102.0,1079.0
10793.0,2528.0,2534.0,2473.0,1075.0,1094.0,1089.0
10945.0,2563.0,2534.0,2552.0,1085.0,1099.0,1112.0
11043.0,2576.0,2585.0,2549.0,1110.0,1112.0,1111.0
10863.0,2516.0,2531.0,2529.0,1101.0,1095.0,1091.0
10820.0,2508.0,2527.0,2524.0,1086.0,1093.0,1082.0
10791.0,2538.0,2504.0,2497.0,1076.0,1091.0,1085.0
10787.0,2501.0,2517.0,2515.0,1078.0,1091.0,1085.0
10689.0,2506.0,2476.0,2512.0,1049.0,1071.0,1075.0
10856.0,2537.0,2532.0,2524.0,1070.0,1096.0,1097.0
10764.0,2529.0,2507.0,2501.0,1078.0,1070.0,1079.0
10795.0,2515.0,2525.0,2524.0,1081.0,1066.0,1084.0
10806.0,2547.0,2515.0,2511.0,1070.0,1082.0,1081.0
10834.0,2524.0,2543.0,2522.0,1081.0,1082.0,1082.0
10822.0,2523.0,2518.0,2532.0,1092.0,1070.0,1087.0
10898.0,2543.0,2534.0,2557.0,1087.0,1085.0,1092.0
10724.0,2518.0,2502.0,2504.0,1076.0,1056.0,1068.0
10938.0,2558.0,2548.0,2562.0,1101.0,1084.0,1085.0
10769.0,2490.0,2520.0,2527.0,1080.0,1072.0,1080.0
10845.0,2532.0,2548.0,2549.0,1074.0,1066.0,1076.0
10823.0,2499.0,2527.0,2544.0,1078.0,1086.0,1089.0
10908.0,2531.0,2532.0,2585.0,1096.0,1081.0,1083.0
10808.0,2540.0,2524.0,2503.0,1083.0,1070.0,1088.0
10817.0,2525.0,2527.0,2521.0,1085.0,1079.0,1080.0
10904.0,2561.0,2522.0,2535.0,1104.0,1092.0,1090.0
10950.0,2582.0,2542.0,2541.0,1100.0,1100.0,1085.0
11085.0,2609.0,2594.0,2568.0,1108.0,1108.0,1098.0
11048.0,2584.0,2569.0,2583.0,1115.0,1099.0,1098.0
10923.0,2576.0,2552.0,2503.0,1106.0,1089.0,1097.0
10916.0,2549.0,2542.0,2538.0,1087.0,1108.0,1092.0
10916.0,2537.0,2562.0,2550.0,1097.0,1089.0,1081.0
10852.0,2533.0,2553.0,2515.0,1079.0,1088.0,1084.0
10886.0,2564.0,2542.0,2504.0,1089.0,1097.0,1090.0
10730.0,2499.0,2506.0,2502.0,1071.0,1084.0,1068.0
10886.0,2548.0,2547.0,2527.0,1083.0,1089.0,1092.0
11034.0,2572.0,2604.0,2563.0,1096.0,1105.0,1094.0
10810.0,2529.0,2511.0,2543.0,1067.0,1086.0,1074.0
11023.0,2561.0,2598.0,2561.0,1083.0,1118.0,1102.0
10867.0,2557.0,2524.0,2545.0,1076.0,1087.0,1078.0
10695.0,2496.0,2478.0,2524.0,1064.0,1065.0,1068.0
10823.0,2514.0,2499.0,2559.0,1075.0,1089.0,1087.0
10815.0,2515.0,2520.0,2524.0,1081.0,1098.0,1077.0
10856.0,2520.0,2501.0,2552.0,1086.0,1099.0,1098.0
10876.0,2554.0,2513.0,2542.0,1090.0,1088.0,1089.0
10686.0,2485.0,2494.0,2490.0,1076.0,1063.0,1078.0
10829.0,2549.0,2498.0,2521.0,1092.0,1080.0,1089.0
11008.0,2548.0,2575.0,2565.0,1111.0,1100.0,1109.0
10845.0,2528.0,2523.0,2530.0,1092.0,1075.0,1097.0
10924.0,2572.0,2564.0,2529.0,1088.0,1077.0,1094.0
11187.0,2599.0,2594.0,2620.0,1124.0,1117.0,1133.0
10951.0,2559.0,2576.0,2533.0,1103.0,1076.0,1104.0
10952.0,2571.0,2585.0,2511.0,1097.0,1083.0,1105.0
11097.0,2586.0,2610.0,2574.0,1104.0,1097.0,1126.0
11058.0,2574.0,2591.0,2573.0,1110.0,1103.0,1107.0
10930.0,2558.0,2557.0,2530.0,1097.0,1095.0,1093.0
10847.0,2520.0,2525.0,2549.0,1087.0,1078.0,1088.0
10925.0,2536.0,2545.0,2560.0,1097.0,1094.0,1093.0
10857.0,2543.0,2549.0,2504.0,1084.0,1084.0,1093.0
11016.0,2572.0,2565.0,2591.0,1097.0,1086.0,1105.0
10933.0,2569.0,2532.0,2558.0,1093.0,1096.0,1085.0
10961.0,2579.0,2553.0,2547.0,1094.0,1095.0,1093.0
10887.0,2550.0,2519.0,2544.0,1092.0,1092.0,1090.0
10754.0,2515.0,2485.0,2535.0,1063.0,1081.0,1075.0
11051.0,2612.0,2559.0,2588.0,1086.0,1108.0,1098.0
10875.0,2555.0,2544.0,2534.0,1080.0,1080.0,1082.0
10912.0,2547.0,2547.0,2556.0,1082.0,1100.0,1080.0
10700.0,2479.0,2481.0,2518.0,1066.0,1082.0,1074.0
10839.0,2542.0,2548.0,2517.0,1078.0,1089.0,1065.0
10957.0,2559.0,2557.0,2558.0,1102.0,1095.0,1086.0
10931.0,2526.0,2568.0,2575.0,1075.0,1096.0,1091.0
10947.0,2537.0,2571.0,2567.0,1084.0,1096.0,1092.0
10959.0,2552.0,2586.0,2552.0,1089.0,1103.0,1077.0
10916.0,2524.0,2559.0,2542.0,1093.0,1104.0,1094.0
11087.0,2603.0,2593.0,2579.0,1106.0,1112.0,1094.0
10899.0,2558.0,2546.0,2522.0,1089.0,1088.0,1096.0
11015.0,2568.0,2575.0,2561.0,1108.0,1104.0,1099.0
10985.0,2584.0,2541.0,2559.0,1106.0,1096.0,1099.0
11076.0,2597.0,2563.0,2586.0,1115.0,1103.0,1112.0
10949.0,2562.0,2515.0,2562.0,1109.0,1104.0,1097.0
11076.0,2589.0,2597.0,2563.0,1119.0,1104.0,1104.0
11024.0,2550.0,2570.0,2574.0,1120.0,1109.0,1101.0
11103.0,2587.0,2584.0,2588.0,1120.0,1107.0,1117.0
10953.0,2560.0,2558.0,2556.0,1082.0,1086.0,1111.0
11001.0,2556.0,2557.0,2583.0,1112.0,1080.0,1113.0
11119.0,2574.0,2602.0,2621.0,1106.0,1105.0,1111.0
10998.0,2556.0,2579.0,2588.0,1085.0,1094.0,1096.0
11092.0,2591.0,2587.0,2595.0,1113.0,1106.0,1100.0
11029.0,2580.0,2596.0,2580.0,1094.0,1083.0,1096.0
11101.0,2599.0,2600.0,2589.0,1100.0,1106.0,1107.0
10952.0,2550.0,2560.0,2568.0,1095.0,1087.0,1092.0
10972.0,2579.0,2558.0,2557.0,1094.0,1086.0,1098.0
10906.0,2539.0,2561.0,2546.0,1077.0,1090.0,1093.0
11074.0,2588.0,2572.0,2601.0,1110.0,1100.0,1103.0
10831.0,2524.0,2527.0,2521.0,1090.0,1084.0,1085.0
11167.0,2608.0,2608.0,2587.0,1104.0,1124.0,1136.0
10870.0,2514.0,2533.0,2537.0,1087.0,1093.0,1106.0
10886.0,2537.0,2524.0,2543.0,1075.0,1093.0,1114.0
11005.0,2604.0,2551.0,2553.0,1096.0,1099.0,1102.0
10928.0,2521.0,2526.0,2569.0,1095.0,1109.0,1108.0
11042.0,2587.0,2566.0,2575.0,1107.0,1103.0,1104.0
11038.0,2596.0,2547.0,2570.0,1100.0,1108.0,1117.0
11065.0,2595.0,2596.0,2564.0,1102.0,1102.0,1106.0
11176.0,2621.0,2598.0,2610.0,1119.0,1116.0,1112.0
10984.0,2558.0,2563.0,2559.0,1105.0,1103.0,1096.0
11104.0,2626.0,2592.0,2566.0,1111.0,1111.0,1098.0
11238.0,2621.0,2633.0,2611.0,1128.0,1123.0,1122.0
11185.0,2606.0,2613.0,2611.0,1118.0,1131.0,1106.0
11165.0,2589.0,2616.0,2615.0,1119.0,1117.0,1109.0
11163.0,2597.0,2584.0,2616.0,1124.0,1120.0,1122.0
11119.0,2566.0,2592.0,2618.0,1119.0,1112.0,1112.0
11073.0,2583.0,2591.0,2572.0,1118.0,1109.0,1100.0
11219.0,2596.0,2610.0,2634.0,1127.0,1137.0,1115.0
11140.0,2591.0,2608.0,2603.0,1120.0,1117.0,1101.0
10917.0,2565.0,2524.0,2555.0,1086.0,1091.0,1096.0
10985.0,2588.0,2558.0,2555.0,1090.0,1094.0,1100.0
10991.0,2590.0,2523.0,2584.0,1098.0,1097.0,1099.0
10816.0,2553.0,2492.0,2525.0,1070.0,1082.0,1094.0
10876.0,2537.0,2527.0,2534.0,1097.0,1096.0,1085.0
10930.0,2572.0,2531.0,2556.0,1089.0,1088.0,1094.0
10987.0,2579.0,2562.0,2559.0,1095.0,1093.0,1099.0
11041.0,2573.0,2585.0,2567.0,1104.0,1092.0,1120.0
10980.0,2546.0,2589.0,2568.0,1091.0,1096.0,1090.0
11061.0,2570.0,2596.0,2576.0,1106.0,1099.0,1114.0
11241.0,2606.0,2645.0,2633.0,1120.0,1104.0,1133.0
11123.0,2594.0,2613.0,2578.0,1108.0,1112.0,1118.0
10929.0,2553.0,2542.0,2558.0,1089.0,1087.0,1100.0
11198.0,2630.0,2630.0,2597.0,1118.0,1101.0,1122.0
11058.0,2580.0,2602.0,2551.0,1102.0,1102.0,1121.0
11155.0,2601.0,2598.0,2616.0,1113.0,1113.0,1114.0
11258.0,2613.0,2637.0,2618.0,1134.0,1127.0,1129.0
11268.0,2630.0,2618.0,2631.0,1129.0,1122.0,1138.0
