demand,Demand_Retailer_0,Demand_Retailer_1,Demand_Retailer_2,Demand_Retailer_3,Demand_Retailer_4,Demand_Retailer_5
999.0,233.0,244.0,234.0,97.0,97.0,94.0
1042.0,248.0,253.0,244.0,100.0,100.0,97.0
1078.0,261.0,254.0,255.0,95.0,104.0,109.0
1042.0,255.0,233.0,233.0,105.0,107.0,109.0
1045.0,241.0,251.0,241.0,106.0,98.0,108.0
1019.0,242.0,236.0,227.0,103.0,103.0,108.0
1033.0,248.0,248.0,220.0,105.0,107.0,105.0
1002.0,249.0,222.0,236.0,96.0,99.0,100.0
996.0,227.0,217.0,250.0,101.0,98.0,103.0
1001.0,216.0,232.0,250.0,103.0,103.0,97.0
973.0,214.0,214.0,250.0,98.0,97.0,100.0
974.0,214.0,221.0,229.0,104.0,107.0,99.0
973.0,200.0,242.0,221.0,106.0,98.0,106.0
1055.0,238.0,239.0,260.0,106.0,110.0,102.0
1039.0,244.0,235.0,239.0,107.0,102.0,112.0
1092.0,254.0,260.0,261.0,108.0,106.0,103.0
1078.0,253.0,255.0,246.0,104.0,107.0,113.0
1087.0,250.0,264.0,250.0,109.0,107.0,107.0
1073.0,249.0,256.0,249.0,103.0,105.0,111.0
1080.0,253.0,269.0,248.0,106.0,101.0,103.0
1005.0,241.0,229.0,244.0,95.0,96.0,100.0
1021.0,253.0,245.0,221.0,104.0,95.0,103.0
973.0,227.0,231.0,243.0,87.0,94.0,91.0
976.0,228.0,219.0,234.0,101.0,98.0,96.0
1003.0,230.0,240.0,240.0,98.0,99.0,96.0
1002.0,228.0,232.0,235.0,105.0,99.0,103.0
1054.0,239.0,251.0,239.0,107.0,110.0,108.0
1091.0,251.0,250.0,252.0,109.0,117.0,112.0
1142.0,266.0,267.0,258.0,114.0,118.0,119.0
1146.0,270.0,278.0,262.0,112.0,112.0,112.0
1112.0,247.0,270.0,259.0,110.0,110.0,116.0
1077.0,246.0,255.0,248.0,109.0,110.0,109.0
1074.0,248.0,248.0,258.0,107.0,108.0,105.0
1051.0,252.0,246.0,240.0,104.0,106.0,103.0
1039.0,249.0,230.0,255.0,102.0,102.0,101.0
1007.0,246.0,241.0,230.0,98.0,93.0,99.0
976.0,228.0,228.0,235.0,97.0,94.0,94.0
984.0,226.0,253.0,207.0,104.0,101.0,93.0
1032.0,243.0,249.0,228.0,108.0,102.0,102.0
1096.0,264.0,268.0,242.0,114.0,106.0,102.0
1100.0,255.0,261.0,245.0,117.0,110.0,112.0
1130.0,287.0,261.0,252.0,106.0,115.0,109.0
1173.0,286.0,246.0,281.0,123.0,117.0,120.0
1132.0,269.0,248.0,267.0,116.0,116.0,116.0
1151.0,261.0,267.0,266.0,117.0,125.0,115.0
1100.0,250.0,257.0,259.0,105.0,117.0,112.0
1111.0,268.0,254.0,264.0,109.0,105.0,111.0
1085.0,271.0,248.0,247.0,96.0,107.0,116.0
1050.0,263.0,236.0,239.0,102.0,102.0,108.0
1030.0,247.0,242.0,241.0,99.0,102.0,99.0
1002.0,236.0,237.0,235.0,99.0,96.0,99.0
1035.0,230.0,254.0,232.0,106.0,107.0,106.0
1100.0,259.0,244.0,256.0,119.0,109.0,113.0
1168.0,279.0,284.0,261.0,121.0,108.0,115.0
1174.0,272.0,275.0,272.0,119.0,115.0,121.0
1216.0,283.0,288.0,287.0,122.0,119.0,117.0
1221.0,274.0,301.0,294.0,125.0,113.0,114.0
1193.0,268.0,284.0,286.0,121.0,120.0,114.0
1107.0,249.0,247.0,278.0,103.0,114.0,116.0
1099.0,257.0,259.0,262.0,104.0,112.0,105.0
1060.0,253.0,253.0,243.0,95.0,105.0,111.0
1048.0,240.0,242.0,256.0,101.0,114.0,95.0
1048.0,257.0,248.0,234.0,107.0,107.0,95.0
1045.0,236.0,245.0,238.0,104.0,108.0,114.0
1099.0,251.0,263.0,254.0,107.0,112.0,112.0
1140.0,261.0,267.0,265.0,115.0,113.0,119.0
1183.0,293.0,263.0,272.0,119.0,118.0,118.0
1217.0,300.0,270.0,289.0,121.0,111.0,126.0
1224.0,291.0,272.0,296.0,122.0,119.0,124.0
1184.0,257.0,266.0,292.0,122.0,119.0,128.0
1186.0,270.0,264.0,289.0,127.0,120.0,116.0
1160.0,272.0,261.0,286.0,110.0,111.0,120.0
1161.0,275.0,278.0,268.0,114.0,111.0,115.0
1114.0,257.0,275.0,255.0,113.0,104.0,110.0
1109.0,275.0,283.0,233.0,104.0,109.0,105.0
1038.0,234.0,246.0,240.0,99.0,111.0,108.0
1086.0,242.0,258.0,253.0,109.0,116.0,108.0
1102.0,264.0,257.0,245.0,107.0,119.0,110.0
1158.0,269.0,254.0,275.0,120.0,127.0,113.0
1203.0,305.0,265.0,284.0,116.0,122.0,111.0
1274.0,298.0,294.0,299.0,128.0,131.0,124.0
1257.0,285.0,301.0,293.0,129.0,126.0,123.0
1245.0,280.0,316.0,280.0,127.0,122.0,120.0
1196.0,263.0,281.0,278.0,124.0,125.0,125.0
1202.0,263.0,297.0,282.0,119.0,119.0,122.0
1141.0,279.0,263.0,252.0,115.0,115.0,117.0
1098.0,275.0,245.0,258.0,103.0,105.0,112.0
1101.0,277.0,258.0,245.0,106.0,103.0,112.0
1071.0,250.0,251.0,246.0,110.0,104.0,110.0
1136.0,269.0,274.0,261.0,109.0,107.0,116.0
1122.0,256.0,253.0,277.0,114.0,111.0,111.0
1245.0,292.0,296.0,284.0,124.0,122.0,127.0
1251.0,289.0,285.0,301.0,122.0,132.0,122.0
1248.0,292.0,290.0,286.0,125.0,134.0,121.0
1274.0,298.0,275.0,314.0,131.0,134.0,122.0
1273.0,298.0,294.0,299.0,134.0,130.0,118.0
1234.0,283.0,277.0,300.0,130.0,127.0,117.0
1218.0,275.0,287.0,286.0,120.0,125.0,125.0
1178.0,271.0,277.0,269.0,121.0,125.0,115.0
1132.0,265.0,262.0,275.0,119.0,107.0,104.0
1122.0,274.0,262.0,252.0,112.0,112.0,110.0
1127.0,267.0,259.0,264.0,112.0,110.0,115.0
1130.0,254.0,258.0,286.0,107.0,111.0,114.0
1159.0,258.0,281.0,270.0,115.0,112.0,123.0
1206.0,292.0,269.0,294.0,118.0,113.0,120.0
1239.0,285.0,274.0,313.0,122.0,122.0,123.0
1309.0,301.0,291.0,323.0,128.0,132.0,134.0
1280.0,308.0,293.0,288.0,133.0,124.0,134.0
1268.0,274.0,303.0,294.0,130.0,129.0,138.0
1260.0,288.0,307.0,287.0,127.0,124.0,127.0
1244.0,278.0,301.0,274.0,131.0,133.0,127.0
1180.0,284.0,275.0,262.0,121.0,120.0,118.0
1195.0,282.0,275.0,277.0,124.0,123.0,114.0
1150.0,275.0,249.0,280.0,120.0,110.0,116.0
1148.0,273.0,257.0,269.0,119.0,116.0,114.0
1178.0,260.0,270.0,289.0,119.0,124.0,116.0
1225.0,286.0,272.0,298.0,126.0,124.0,119.0
1251.0,295.0,294.0,307.0,118.0,117.0,120.0
1301.0,311.0,315.0,297.0,124.0,131.0,123.0
1319.0,320.0,323.0,295.0,132.0,124.0,125.0
1291.0,316.0,294.0,299.0,126.0,126.0,130.0
1312.0,308.0,302.0,314.0,127.0,129.0,132.0
1254.0,293.0,296.0,291.0,128.0,118.0,128.0
1247.0,280.0,298.0,283.0,131.0,126.0,129.0
1233.0,293.0,278.0,276.0,125.0,125.0,136.0
1231.0,282.0,290.0,286.0,121.0,125.0,127.0
1215.0,270.0,283.0,286.0,126.0,118.0,132.0
1179.0,277.0,275.0,277.0,115.0,120.0,115.0
1193.0,264.0,279.0,292.0,122.0,117.0,119.0
1219.0,269.0,286.0,286.0,125.0,126.0,127.0
1251.0,287.0,283.0,295.0,125.0,134.0,127.0
1288.0,311.0,295.0,298.0,125.0,136.0,123.0
1316.0,320.0,313.0,288.0,129.0,136.0,130.0
1333.0,326.0,306.0,297.0,136.0,136.0,132.0
1320.0,308.0,319.0,293.0,140.0,134.0,126.0
1306.0,310.0,304.0,305.0,126.0,131.0,130.0
1300.0,309.0,299.0,309.0,127.0,128.0,128.0
1285.0,309.0,299.0,311.0,123.0,119.0,124.0
1235.0,274.0,286.0,303.0,125.0,128.0,119.0
1253.0,296.0,300.0,299.0,123.0,113.0,122.0
1214.0,280.0,274.0,286.0,126.0,127.0,121.0
1249.0,283.0,289.0,302.0,128.0,128.0,119.0
1260.0,288.0,286.0,305.0,128.0,132.0,121.0
1269.0,304.0,289.0,280.0,133.0,133.0,130.0
1349.0,320.0,318.0,298.0,137.0,139.0,137.0
1373.0,322.0,328.0,309.0,132.0,138.0,144.0
1384.0,304.0,331.0,336.0,134.0,138.0,141.0
1341.0,308.0,322.0,313.0,124.0,134.0,140.0
1331.0,299.0,321.0,294.0,138.0,142.0,137.0
1321.0,312.0,309.0,304.0,128.0,136.0,132.0
1303.0,298.0,305.0,316.0,128.0,125.0,131.0
1263.0,301.0,279.0,307.0,129.0,122.0,125.0
1221.0,285.0,276.0,300.0,124.0,122.0,114.0
1222.0,280.0,275.0,298.0,127.0,117.0,125.0
1247.0,282.0,294.0,301.0,131.0,118.0,121.0
1251.0,277.0,309.0,283.0,131.0,124.0,127.0
1320.0,308.0,330.0,295.0,126.0,134.0,127.0
1322.0,320.0,307.0,292.0,136.0,135.0,132.0
1347.0,319.0,300.0,312.0,138.0,144.0,134.0
1342.0,307.0,315.0,302.0,142.0,140.0,136.0
1385.0,322.0,312.0,331.0,131.0,145.0,144.0
1343.0,307.0,305.0,327.0,129.0,141.0,134.0
1377.0,305.0,333.0,333.0,133.0,139.0,134.0
1343.0,310.0,286.0,343.0,135.0,134.0,135.0
1326.0,322.0,295.0,307.0,134.0,138.0,130.0
1259.0,298.0,296.0,288.0,131.0,121.0,125.0
1278.0,294.0,304.0,296.0,130.0,127.0,127.0
1263.0,276.0,304.0,304.0,129.0,121.0,129.0
1291.0,308.0,294.0,298.0,135.0,125.0,131.0
1345.0,321.0,309.0,306.0,138.0,135.0,136.0
1352.0,338.0,310.0,295.0,141.0,132.0,136.0
1409.0,339.0,312.0,335.0,142.0,138.0,143.0
1418.0,341.0,334.0,326.0,144.0,133.0,140.0
1406.0,329.0,330.0,324.0,138.0,144.0,141.0
1388.0,322.0,314.0,337.0,139.0,141.0,135.0
1388.0,316.0,319.0,340.0,133.0,143.0,137.0
1294.0,299.0,304.0,308.0,124.0,131.0,128.0
1312.0,320.0,295.0,298.0,131.0,136.0,132.0
1263.0,290.0,292.0,288.0,125.0,134.0,134.0
1274.0,295.0,292.0,298.0,133.0,130.0,126.0
1275.0,291.0,312.0,280.0,132.0,131.0,129.0
1313.0,292.0,314.0,290.0,135.0,141.0,141.0
1385.0,324.0,328.0,305.0,147.0,141.0,140.0
1435.0,333.0,349.0,329.0,140.0,139.0,145.0
1459.0,337.0,349.0,348.0,145.0,135.0,145.0
1431.0,342.0,328.0,336.0,137.0,142.0,146.0
1431.0,325.0,333.0,336.0,141.0,144.0,152.0
1417.0,338.0,318.0,339.0,141.0,136.0,145.0
1390.0,325.0,318.0,334.0,130.0,144.0,139.0
1392.0,319.0,329.0,327.0,136.0,144.0,137.0
1330.0,305.0,317.0,312.0,137.0,134.0,125.0
1280.0,300.0,310.0,286.0,129.0,127.0,128.0
1298.0,315.0,304.0,287.0,129.0,131.0,132.0
1316.0,301.0,320.0,295.0,141.0,129.0,130.0
1335.0,306.0,315.0,310.0,136.0,137.0,131.0
1423.0,338.0,326.0,328.0,148.0,142.0,141.0
1432.0,329.0,331.0,350.0,144.0,141.0,137.0
1461.0,343.0,339.0,345.0,156.0,141.0,137.0
1493.0,343.0,352.0,357.0,149.0,148.0,144.0
1495.0,343.0,344.0,360.0,153.0,146.0,149.0
1464.0,325.0,359.0,333.0,149.0,149.0,149.0
1399.0,322.0,326.0,326.0,138.0,140.0,147.0
1375.0,310.0,337.0,320.0,130.0,137.0,141.0
1348.0,333.0,309.0,309.0,132.0,126.0,139.0
1300.0,328.0,294.0,280.0,135.0,132.0,131.0
1290.0,304.0,300.0,291.0,126.0,132.0,137.0
1319.0,308.0,304.0,310.0,133.0,132.0,132.0
1343.0,299.0,322.0,319.0,132.0,135.0,136.0
1404.0,327.0,325.0,329.0,141.0,139.0,143.0
1473.0,355.0,331.0,353.0,146.0,146.0,142.0
1518.0,356.0,357.0,353.0,156.0,152.0,144.0
1534.0,372.0,361.0,368.0,148.0,148.0,137.0
1470.0,334.0,341.0,345.0,150.0,151.0,149.0
1456.0,340.0,341.0,329.0,150.0,150.0,146.0
1406.0,333.0,319.0,328.0,137.0,149.0,140.0
1401.0,337.0,320.0,322.0,143.0,141.0,138.0
1358.0,331.0,316.0,302.0,136.0,139.0,134.0
1345.0,319.0,296.0,338.0,125.0,136.0,131.0
1343.0,309.0,329.0,300.0,134.0,133.0,138.0
1401.0,342.0,330.0,328.0,129.0,136.0,136.0
1410.0,319.0,326.0,352.0,138.0,129.0,146.0
1447.0,315.0,353.0,346.0,147.0,135.0,151.0
1481.0,348.0,347.0,349.0,148.0,146.0,143.0
1492.0,365.0,338.0,337.0,152.0,144.0,156.0
1497.0,353.0,341.0,355.0,155.0,145.0,148.0
1540.0,362.0,352.0,365.0,153.0,153.0,155.0
1477.0,348.0,355.0,329.0,146.0,151.0,148.0
1455.0,335.0,347.0,337.0,142.0,148.0,146.0
1458.0,336.0,350.0,341.0,146.0,144.0,141.0
1405.0,329.0,328.0,332.0,139.0,136.0,141.0
1407.0,327.0,328.0,335.0,136.0,143.0,138.0
1390.0,310.0,332.0,329.0,132.0,146.0,141.0
1424.0,333.0,324.0,344.0,138.0,145.0,140.0
1434.0,343.0,332.0,336.0,137.0,146.0,140.0
1458.0,332.0,334.0,354.0,144.0,153.0,141.0
1511.0,349.0,364.0,355.0,147.0,146.0,150.0
1497.0,347.0,354.0,341.0,157.0,148.0,150.0
1524.0,353.0,360.0,356.0,154.0,150.0,151.0
1471.0,327.0,357.0,332.0,153.0,150.0,152.0
1489.0,336.0,362.0,344.0,156.0,143.0,148.0
1485.0,358.0,346.0,336.0,149.0,139.0,157.0
1472.0,342.0,341.0,336.0,149.0,151.0,153.0
1429.0,351.0,320.0,327.0,139.0,142.0,150.0
1402.0,331.0,308.0,343.0,141.0,137.0,142.0
1429.0,343.0,328.0,337.0,138.0,143.0,140.0
1436.0,329.0,332.0,345.0,137.0,151.0,142.0
1457.0,332.0,345.0,346.0,141.0,150.0,143.0
1547.0,372.0,367.0,357.0,151.0,152.0,148.0
1544.0,362.0,366.0,366.0,143.0,158.0,149.0
1530.0,360.0,357.0,357.0,149.0,148.0,159.0
1546.0,370.0,358.0,350.0,151.0,157.0,160.0
1540.0,362.0,349.0,356.0,163.0,153.0,157.0
1524.0,364.0,344.0,360.0,155.0,153.0,148.0
1495.0,345.0,360.0,340.0,154.0,146.0,150.0
1524.0,360.0,363.0,350.0,157.0,145.0,149.0
1485.0,358.0,353.0,347.0,147.0,138.0,142.0
1441.0,333.0,332.0,340.0,151.0,144.0,141.0
1478.0,338.0,342.0,360.0,145.0,139.0,154.0
1458.0,327.0,341.0,347.0,147.0,150.0,146.0
1493.0,361.0,340.0,344.0,149.0,150.0,149.0
1492.0,350.0,335.0,351.0,151.0,146.0,159.0
1541.0,366.0,359.0,354.0,152.0,154.0,156.0
1572.0,370.0,367.0,348.0,146.0,170.0,171.0
1622.0,375.0,370.0,386.0,159.0,166.0,166.0
1595.0,369.0,366.0,377.0,159.0,162.0,162.0
1583.0,366.0,366.0,367.0,162.0,162.0,160.0
1543.0,353.0,361.0,359.0,161.0,155.0,154.0
1502.0,355.0,354.0,350.0,146.0,146.0,151.0
1495.0,343.0,348.0,355.0,149.0,147.0,153.0
1438.0,337.0,316.0,340.0,150.0,152.0,143.0
1490.0,366.0,342.0,344.0,156.0,142.0,140.0
1481.0,345.0,348.0,355.0,145.0,141.0,147.0
1477.0,341.0,351.0,347.0,152.0,142.0,144.0
1502.0,347.0,360.0,351.0,146.0,148.0,150.0
1614.0,370.0,397.0,372.0,155.0,159.0,161.0
1597.0,383.0,379.0,363.0,156.0,158.0,158.0
1625.0,383.0,386.0,377.0,159.0,161.0,159.0
1613.0,368.0,372.0,378.0,158.0,167.0,170.0
1602.0,355.0,363.0,396.0,161.0,161.0,166.0
1566.0,376.0,346.0,361.0,155.0,166.0,162.0
1566.0,368.0,354.0,368.0,161.0,157.0,158.0
1525.0,357.0,343.0,358.0,158.0,153.0,156.0
1495.0,351.0,346.0,336.0,157.0,150.0,155.0
1519.0,344.0,364.0,352.0,155.0,151.0,153.0
1469.0,315.0,351.0,357.0,151.0,147.0,148.0
1543.0,352.0,379.0,360.0,149.0,145.0,158.0
1546.0,357.0,359.0,367.0,156.0,148.0,159.0
1589.0,373.0,373.0,368.0,153.0,166.0,156.0
1600.0,383.0,375.0,364.0,155.0,159.0,164.0
1663.0,398.0,371.0,395.0,171.0,166.0,162.0
1589.0,367.0,365.0,378.0,160.0,158.0,161.0
1608.0,362.0,376.0,392.0,159.0,160.0,159.0
1634.0,378.0,383.0,393.0,158.0,167.0,155.0
1585.0,376.0,382.0,366.0,152.0,158.0,151.0
1539.0,358.0,353.0,354.0,158.0,159.0,157.0
1517.0,366.0,351.0,340.0,156.0,155.0,149.0
1511.0,350.0,347.0,341.0,152.0,160.0,161.0
1543.0,353.0,374.0,339.0,160.0,162.0,155.0
1527.0,341.0,350.0,356.0,161.0,160.0,159.0
1595.0,378.0,367.0,372.0,163.0,156.0,159.0
1644.0,401.0,389.0,356.0,163.0,170.0,165.0
1702.0,404.0,400.0,396.0,167.0,164.0,171.0
1655.0,398.0,376.0,383.0,168.0,162.0,168.0
1656.0,351.0,393.0,411.0,167.0,167.0,167.0
1655.0,380.0,377.0,396.0,161.0,170.0,171.0
1608.0,375.0,369.0,389.0,162.0,155.0,158.0
1566.0,375.0,354.0,377.0,154.0,147.0,159.0
1582.0,371.0,369.0,366.0,159.0,157.0,160.0
1546.0,368.0,372.0,354.0,153.0,152.0,147.0
1552.0,362.0,371.0,359.0,159.0,150.0,151.0
1553.0,351.0,379.0,360.0,167.0,148.0,148.0
1572.0,357.0,368.0,370.0,160.0,158.0,159.0
1670.0,392.0,376.0,397.0,173.0,172.0,160.0
1654.0,388.0,381.0,384.0,163.0,176.0,162.0
1728.0,412.0,393.0,405.0,171.0,180.0,167.0
1703.0,400.0,395.0,398.0,168.0,172.0,170.0
1690.0,383.0,399.0,396.0,169.0,169.0,174.0
1697.0,383.0,396.0,399.0,168.0,175.0,176.0
1677.0,375.0,396.0,397.0,169.0,166.0,174.0
1634.0,390.0,396.0,364.0,159.0,158.0,167.0
1601.0,381.0,371.0,358.0,157.0,165.0,169.0
1544.0,365.0,364.0,345.0,158.0,153.0,159.0
1514.0,352.0,364.0,343.0,151.0,147.0,157.0
1599.0,368.0,380.0,372.0,162.0,161.0,156.0
1629.0,380.0,375.0,384.0,164.0,157.0,169.0
1670.0,387.0,381.0,410.0,165.0,166.0,161.0
1690.0,404.0,388.0,393.0,174.0,167.0,164.0
1735.0,406.0,408.0,404.0,169.0,173.0,175.0
1716.0,407.0,388.0,403.0,177.0,174.0,167.0
1759.0,395.0,418.0,416.0,174.0,181.0,175.0
1693.0,392.0,406.0,386.0,169.0,176.0,164.0
1636.0,375.0,383.0,380.0,162.0,172.0,164.0
1632.0,392.0,377.0,371.0,160.0,174.0,158.0
1622.0,385.0,370.0,373.0,160.0,171.0,163.0
1585.0,382.0,356.0,371.0,159.0,157.0,160.0
1599.0,371.0,388.0,373.0,156.0,156.0,155.0
1612.0,371.0,383.0,374.0,162.0,161.0,161.0
1643.0,365.0,382.0,396.0,172.0,160.0,168.0
1742.0,403.0,420.0,404.0,177.0,162.0,176.0
1715.0,393.0,405.0,402.0,175.0,164.0,176.0
1765.0,405.0,398.0,426.0,179.0,176.0,181.0
1787.0,415.0,411.0,426.0,179.0,179.0,177.0
1741.0,414.0,405.0,402.0,174.0,173.0,173.0
1701.0,399.0,401.0,390.0,170.0,172.0,169.0
1681.0,392.0,370.0,402.0,171.0,172.0,174.0
1670.0,380.0,393.0,394.0,172.0,169.0,162.0
1644.0,388.0,388.0,377.0,164.0,167.0,160.0
1613.0,383.0,384.0,371.0,157.0,159.0,159.0
1667.0,393.0,390.0,397.0,161.0,163.0,163.0
1642.0,381.0,385.0,384.0,161.0,167.0,164.0
1642.0,366.0,378.0,408.0,152.0,168.0,170.0
1703.0,415.0,374.0,400.0,168.0,176.0,170.0
1726.0,405.0,400.0,403.0,178.0,172.0,168.0
1766.0,412.0,407.0,413.0,185.0,174.0,175.0
1803.0,433.0,422.0,416.0,177.0,180.0,175.0
1756.0,406.0,431.0,381.0,183.0,174.0,181.0
1768.0,400.0,429.0,407.0,179.0,173.0,180.0
1723.0,403.0,412.0,395.0,175.0,166.0,172.0
1693.0,408.0,387.0,383.0,165.0,171.0,179.0
1656.0,408.0,376.0,387.0,157.0,160.0,168.0
1607.0,379.0,365.0,375.0,154.0,164.0,170.0
1657.0,400.0,372.0,391.0,160.0,164.0,170.0
1665.0,387.0,400.0,388.0,160.0,161.0,169.0
1707.0,384.0,397.0,411.0,170.0,172.0,173.0
1731.0,396.0,410.0,403.0,175.0,174.0,173.0
1786.0,410.0,420.0,419.0,175.0,182.0,180.0
1796.0,425.0,427.0,406.0,182.0,181.0,175.0
1799.0,417.0,432.0,403.0,184.0,185.0,178.0
1812.0,409.0,415.0,435.0,191.0,185.0,177.0
1767.0,416.0,416.0,405.0,180.0,177.0,173.0
1736.0,406.0,427.0,389.0,173.0,174.0,167.0
1687.0,403.0,376.0,391.0,179.0,167.0,171.0
1704.0,410.0,394.0,398.0,170.0,167.0,165.0
1702.0,409.0,397.0,406.0,161.0,166.0,163.0
1661.0,380.0,401.0,387.0,157.0,168.0,168.0
1681.0,377.0,399.0,411.0,162.0,168.0,164.0
1715.0,400.0,394.0,415.0,168.0,174.0,164.0
1810.0,415.0,432.0,441.0,173.0,174.0,175.0
1790.0,425.0,404.0,424.0,180.0,183.0,174.0
1841.0,447.0,422.0,427.0,180.0,183.0,182.0
1830.0,422.0,423.0,425.0,184.0,184.0,192.0
1850.0,409.0,435.0,441.0,188.0,189.0,188.0
1801.0,405.0,434.0,418.0,183.0,184.0,177.0
1806.0,414.0,429.0,422.0,180.0,185.0,176.0
1785.0,405.0,427.0,423.0,181.0,181.0,168.0
1709.0,405.0,400.0,389.0,170.0,174.0,171.0
1691.0,393.0,401.0,397.0,162.0,164.0,174.0
1658.0,388.0,374.0,400.0,171.0,163.0,162.0
1676.0,382.0,400.0,394.0,168.0,163.0,169.0
1733.0,403.0,407.0,408.0,169.0,171.0,175.0
1783.0,421.0,420.0,421.0,169.0,176.0,176.0
1823.0,428.0,433.0,422.0,176.0,184.0,180.0
1848.0,439.0,439.0,425.0,181.0,181.0,183.0
1842.0,430.0,418.0,434.0,190.0,181.0,189.0
1864.0,434.0,432.0,427.0,192.0,189.0,190.0
1841.0,422.0,423.0,438.0,193.0,188.0,177.0
1791.0,432.0,406.0,413.0,184.0,178.0,178.0
1799.0,409.0,410.0,433.0,181.0,182.0,184.0
1756.0,418.0,398.0,405.0,178.0,178.0,179.0
1755.0,413.0,409.0,412.0,171.0,172.0,178.0
1735.0,396.0,403.0,401.0,177.0,177.0,181.0
1758.0,404.0,420.0,414.0,167.0,177.0,176.0
1742.0,395.0,423.0,396.0,169.0,175.0,184.0
1811.0,441.0,423.0,411.0,174.0,181.0,181.0
1813.0,425.0,416.0,430.0,172.0,180.0,190.0
1874.0,451.0,437.0,438.0,178.0,190.0,180.0
1862.0,433.0,428.0,434.0,192.0,185.0,190.0
1865.0,445.0,424.0,453.0,182.0,175.0,186.0
1879.0,422.0,446.0,455.0,188.0,188.0,180.0
1818.0,424.0,424.0,429.0,191.0,176.0,174.0
1835.0,425.0,421.0,436.0,184.0,178.0,191.0
1803.0,435.0,425.0,406.0,183.0,179.0,175.0
1742.0,411.0,398.0,401.0,180.0,177.0,175.0
1750.0,382.0,402.0,423.0,180.0,186.0,177.0
1727.0,397.0,388.0,404.0,176.0,180.0,182.0
1744.0,412.0,391.0,399.0,182.0,179.0,181.0
1825.0,422.0,419.0,428.0,181.0,186.0,189.0
1878.0,449.0,432.0,438.0,181.0,189.0,189.0
1940.0,459.0,458.0,454.0,182.0,195.0,192.0
1936.0,447.0,471.0,449.0,189.0,191.0,189.0
1892.0,425.0,455.0,453.0,181.0,187.0,191.0
1898.0,444.0,448.0,440.0,190.0,187.0,189.0
1852.0,439.0,420.0,442.0,187.0,173.0,191.0
1836.0,430.0,417.0,429.0,187.0,190.0,183.0
1802.0,446.0,410.0,419.0,174.0,175.0,178.0
1781.0,420.0,419.0,400.0,185.0,173.0,184.0
1768.0,403.0,420.0,414.0,188.0,174.0,169.0
1779.0,407.0,420.0,412.0,183.0,179.0,178.0
1812.0,427.0,431.0,416.0,185.0,179.0,174.0
1860.0,426.0,436.0,441.0,184.0,192.0,181.0
1923.0,468.0,435.0,446.0,189.0,193.0,192.0
1949.0,453.0,442.0,467.0,184.0,202.0,201.0
1950.0,465.0,446.0,457.0,192.0,198.0,192.0
1945.0,450.0,444.0,455.0,196.0,206.0,194.0
1895.0,436.0,438.0,447.0,188.0,194.0,192.0
1871.0,445.0,440.0,432.0,186.0,186.0,182.0
1882.0,426.0,456.0,434.0,181.0,187.0,198.0
1854.0,446.0,435.0,424.0,182.0,179.0,188.0
1803.0,428.0,428.0,406.0,174.0,177.0,190.0
1818.0,414.0,425.0,436.0,181.0,179.0,183.0
1794.0,421.0,403.0,419.0,188.0,179.0,184.0
1817.0,432.0,428.0,415.0,183.0,176.0,183.0
1880.0,448.0,434.0,435.0,190.0,184.0,189.0
1943.0,473.0,443.0,446.0,200.0,193.0,188.0
1951.0,473.0,444.0,465.0,195.0,190.0,184.0
1985.0,474.0,457.0,461.0,203.0,197.0,193.0
1930.0,446.0,452.0,455.0,191.0,199.0,187.0
1933.0,445.0,462.0,456.0,186.0,199.0,185.0
1936.0,447.0,477.0,445.0,184.0,199.0,184.0
1862.0,441.0,440.0,422.0,183.0,194.0,182.0
1868.0,444.0,445.0,416.0,186.0,188.0,189.0
1816.0,436.0,409.0,430.0,182.0,182.0,177.0
1837.0,434.0,422.0,424.0,186.0,184.0,187.0
1838.0,421.0,437.0,417.0,188.0,190.0,185.0
1912.0,428.0,453.0,458.0,196.0,185.0,192.0
1907.0,437.0,436.0,451.0,197.0,189.0,197.0
1963.0,452.0,457.0,462.0,204.0,194.0,194.0
2015.0,481.0,476.0,460.0,200.0,195.0,203.0
2016.0,466.0,480.0,462.0,204.0,197.0,207.0
1966.0,465.0,452.0,462.0,190.0,196.0,201.0
1926.0,440.0,444.0,452.0,195.0,193.0,202.0
1894.0,431.0,432.0,455.0,191.0,189.0,196.0
1886.0,439.0,439.0,446.0,187.0,186.0,189.0
1869.0,457.0,434.0,417.0,183.0,189.0,189.0
1875.0,449.0,456.0,425.0,186.0,186.0,173.0
1870.0,433.0,454.0,435.0,187.0,182.0,179.0
1888.0,425.0,449.0,445.0,189.0,197.0,183.0
1925.0,435.0,456.0,462.0,199.0,192.0,181.0
1950.0,447.0,451.0,474.0,195.0,197.0,186.0
1956.0,464.0,451.0,455.0,200.0,193.0,193.0
1990.0,455.0,467.0,468.0,200.0,202.0,198.0
1981.0,460.0,468.0,449.0,202.0,202.0,200.0
1996.0,462.0,472.0,460.0,204.0,194.0,204.0
2000.0,471.0,468.0,466.0,201.0,192.0,202.0
1974.0,456.0,466.0,468.0,195.0,191.0,198.0
1976.0,469.0,461.0,455.0,192.0,195.0,204.0
1921.0,448.0,456.0,445.0,185.0,188.0,199.0
1877.0,444.0,430.0,442.0,184.0,183.0,194.0
1840.0,403.0,430.0,448.0,186.0,183.0,190.0
1892.0,436.0,442.0,449.0,187.0,188.0,190.0
1935.0,448.0,441.0,462.0,193.0,193.0,198.0
2021.0,475.0,469.0,474.0,200.0,198.0,205.0
2002.0,470.0,464.0,460.0,203.0,201.0,204.0
2026.0,484.0,480.0,452.0,202.0,207.0,201.0
2032.0,470.0,479.0,471.0,208.0,205.0,199.0
2041.0,459.0,491.0,475.0,207.0,207.0,202.0
1988.0,458.0,470.0,459.0,202.0,204.0,195.0
1957.0,457.0,445.0,460.0,201.0,199.0,195.0
1967.0,475.0,438.0,470.0,193.0,200.0,191.0
1958.0,462.0,466.0,456.0,188.0,192.0,194.0
1922.0,445.0,451.0,458.0,189.0,190.0,189.0
1933.0,446.0,449.0,465.0,194.0,186.0,193.0
1948.0,443.0,466.0,464.0,195.0,185.0,195.0
1937.0,444.0,459.0,454.0,201.0,183.0,196.0
2016.0,474.0,469.0,478.0,196.0,194.0,205.0
1996.0,461.0,461.0,463.0,205.0,200.0,206.0
2053.0,485.0,472.0,475.0,203.0,208.0,210.0
2038.0,491.0,463.0,470.0,204.0,209.0,201.0
2062.0,463.0,479.0,489.0,215.0,206.0,210.0
2083.0,474.0,489.0,496.0,205.0,207.0,212.0
2045.0,478.0,474.0,477.0,205.0,207.0,204.0
2030.0,470.0,476.0,488.0,195.0,204.0,197.0
1942.0,449.0,456.0,462.0,190.0,191.0,194.0
1933.0,452.0,454.0,459.0,187.0,186.0,195.0
1927.0,459.0,449.0,442.0,194.0,193.0,190.0
1939.0,448.0,453.0,467.0,185.0,197.0,189.0
1938.0,451.0,450.0,449.0,194.0,199.0,195.0
1994.0,472.0,458.0,479.0,196.0,196.0,193.0
2032.0,492.0,467.0,466.0,200.0,202.0,205.0
2102.0,490.0,492.0,494.0,220.0,198.0,208.0
2105.0,488.0,487.0,494.0,211.0,217.0,208.0
2101.0,484.0,504.0,480.0,214.0,207.0,212.0
2053.0,470.0,471.0,485.0,207.0,205.0,215.0
2056.0,472.0,477.0,492.0,203.0,207.0,205.0
2040.0,483.0,457.0,485.0,205.0,208.0,202.0
2004.0,465.0,453.0,481.0,196.0,203.0,206.0
1986.0,479.0,449.0,458.0,194.0,197.0,209.0
1984.0,473.0,463.0,447.0,197.0,204.0,200.0
1958.0,438.0,470.0,459.0,192.0,196.0,203.0
1989.0,459.0,464.0,451.0,196.0,210.0,209.0
2013.0,477.0,491.0,447.0,198.0,200.0,200.0
2056.0,485.0,480.0,470.0,207.0,214.0,200.0
2106.0,493.0,487.0,493.0,210.0,215.0,208.0
2120.0,496.0,494.0,495.0,215.0,213.0,207.0
2078.0,492.0,481.0,490.0,208.0,206.0,201.0
2064.0,477.0,475.0,497.0,212.0,205.0,198.0
2058.0,493.0,472.0,489.0,206.0,197.0,201.0
2054.0,481.0,474.0,492.0,205.0,200.0,202.0
2003.0,472.0,485.0,461.0,195.0,199.0,191.0
2014.0,484.0,461.0,472.0,201.0,197.0,199.0
2000.0,466.0,477.0,462.0,194.0,200.0,201.0
1974.0,461.0,453.0,453.0,208.0,202.0,197.0
1970.0,459.0,458.0,453.0,198.0,201.0,201.0
2066.0,499.0,478.0,476.0,203.0,197.0,213.0
2107.0,504.0,475.0,487.0,210.0,219.0,212.0
2124.0,501.0,491.0,496.0,211.0,214.0,211.0
2131.0,488.0,501.0,495.0,215.0,214.0,218.0
2145.0,497.0,499.0,502.0,215.0,216.0,216.0
2141.0,476.0,519.0,495.0,222.0,213.0,216.0
2087.0,470.0,494.0,495.0,210.0,210.0,208.0
2074.0,482.0,494.0,479.0,205.0,207.0,207.0
2009.0,485.0,448.0,467.0,207.0,205.0,197.0
2034.0,487.0,470.0,467.0,206.0,198.0,206.0
1983.0,470.0,461.0,463.0,199.0,195.0,195.0
1973.0,470.0,467.0,451.0,201.0,195.0,189.0
2018.0,459.0,491.0,474.0,200.0,195.0,199.0
2092.0,487.0,504.0,491.0,200.0,208.0,202.0
2173.0,506.0,518.0,512.0,210.0,214.0,213.0
2184.0,519.0,516.0,508.0,215.0,214.0,212.0
2191.0,511.0,506.0,518.0,217.0,224.0,215.0
2174.0,506.0,495.0,520.0,211.0,225.0,217.0
2133.0,488.0,488.0,498.0,216.0,223.0,220.0
2107.0,495.0,477.0,487.0,215.0,218.0,215.0
2083.0,492.0,490.0,469.0,210.0,213.0,209.0
2069.0,478.0,490.0,476.0,206.0,207.0,212.0
2062.0,483.0,485.0,475.0,210.0,206.0,203.0
2045.0,474.0,484.0,477.0,205.0,201.0,204.0
2031.0,455.0,480.0,478.0,210.0,204.0,204.0
2055.0,485.0,481.0,472.0,200.0,205.0,212.0
2101.0,488.0,484.0,507.0,211.0,203.0,208.0
2148.0,500.0,496.0,519.0,215.0,209.0,209.0
2179.0,514.0,506.0,516.0,213.0,211.0,219.0
2176.0,516.0,494.0,513.0,216.0,218.0,219.0
2198.0,521.0,516.0,515.0,213.0,218.0,215.0
2175.0,500.0,519.0,502.0,220.0,217.0,217.0
2154.0,501.0,513.0,496.0,216.0,215.0,213.0
2137.0,511.0,492.0,486.0,217.0,220.0,211.0
2108.0,501.0,490.0,480.0,217.0,216.0,204.0
2079.0,499.0,475.0,479.0,207.0,209.0,210.0
2060.0,477.0,479.0,473.0,214.0,209.0,208.0
2060.0,482.0,478.0,476.0,206.0,213.0,205.0
2108.0,484.0,493.0,497.0,205.0,216.0,213.0
2178.0,512.0,516.0,512.0,211.0,211.0,216.0
2191.0,508.0,520.0,513.0,212.0,213.0,225.0
2207.0,518.0,531.0,500.0,220.0,213.0,225.0
2266.0,534.0,536.0,520.0,227.0,224.0,225.0
2202.0,511.0,513.0,515.0,219.0,221.0,223.0
2178.0,500.0,504.0,515.0,220.0,213.0,226.0
2166.0,506.0,501.0,505.0,220.0,216.0,218.0
2119.0,498.0,488.0,496.0,216.0,207.0,214.0
2135.0,512.0,501.0,486.0,215.0,216.0,205.0
2098.0,483.0,489.0,488.0,219.0,212.0,207.0
2079.0,485.0,484.0,487.0,208.0,209.0,206.0
2100.0,482.0,481.0,501.0,213.0,216.0,207.0
2163.0,488.0,528.0,514.0,213.0,208.0,212.0
2183.0,497.0,507.0,540.0,214.0,220.0,205.0
2224.0,517.0,523.0,516.0,225.0,226.0,217.0
2255.0,532.0,518.0,548.0,218.0,220.0,219.0
2236.0,516.0,530.0,512.0,225.0,228.0,225.0
2237.0,525.0,519.0,518.0,222.0,226.0,227.0
2174.0,499.0,500.0,508.0,222.0,218.0,227.0
2179.0,504.0,508.0,512.0,222.0,217.0,216.0
2189.0,510.0,512.0,508.0,220.0,217.0,222.0
2139.0,498.0,503.0,497.0,215.0,209.0,217.0
2120.0,502.0,499.0,486.0,214.0,207.0,212.0
2120.0,493.0,488.0,498.0,218.0,205.0,218.0
2130.0,478.0,505.0,510.0,218.0,208.0,211.0
2105.0,485.0,492.0,488.0,217.0,208.0,215.0
2158.0,497.0,508.0,501.0,222.0,219.0,211.0
2250.0,529.0,507.0,521.0,233.0,230.0,230.0
2277.0,527.0,543.0,535.0,223.0,228.0,221.0
2249.0,519.0,523.0,525.0,226.0,231.0,225.0
2261.0,523.0,540.0,521.0,224.0,232.0,221.0
2240.0,535.0,525.0,521.0,217.0,227.0,215.0
2189.0,516.0,503.0,516.0,217.0,218.0,219.0
2190.0,524.0,498.0,517.0,214.0,224.0,213.0
2139.0,514.0,498.0,498.0,208.0,213.0,208.0
2134.0,513.0,487.0,499.0,214.0,212.0,209.0
2121.0,484.0,502.0,498.0,215.0,211.0,211.0
2165.0,493.0,505.0,514.0,223.0,218.0,212.0
2191.0,506.0,522.0,506.0,224.0,211.0,222.0
2223.0,520.0,523.0,519.0,224.0,215.0,222.0
2261.0,532.0,538.0,514.0,228.0,219.0,230.0
2252.0,535.0,527.0,516.0,222.0,222.0,230.0
2265.0,535.0,517.0,529.0,226.0,222.0,236.0
2281.0,523.0,529.0,523.0,227.0,237.0,242.0
2278.0,506.0,539.0,540.0,228.0,235.0,230.0
2222.0,509.0,516.0,529.0,214.0,227.0,227.0
2240.0,525.0,520.0,530.0,222.0,226.0,217.0
2252.0,536.0,518.0,526.0,222.0,228.0,222.0
2223.0,529.0,524.0,510.0,223.0,230.0,207.0
2186.0,508.0,508.0,521.0,219.0,218.0,212.0
2160.0,507.0,499.0,507.0,219.0,216.0,212.0
2219.0,518.0,504.0,527.0,227.0,222.0,221.0
2235.0,518.0,523.0,515.0,232.0,222.0,225.0
2246.0,525.0,524.0,521.0,227.0,222.0,227.0
2308.0,549.0,546.0,529.0,232.0,228.0,224.0
2302.0,527.0,542.0,549.0,231.0,224.0,229.0
2309.0,534.0,551.0,532.0,234.0,230.0,228.0
2314.0,536.0,540.0,546.0,236.0,228.0,228.0
2304.0,515.0,536.0,561.0,228.0,230.0,234.0
2267.0,529.0,510.0,549.0,229.0,227.0,223.0
2237.0,536.0,511.0,524.0,215.0,230.0,221.0
2195.0,522.0,494.0,518.0,212.0,226.0,223.0
2207.0,516.0,506.0,523.0,215.0,220.0,227.0
2199.0,511.0,510.0,512.0,217.0,224.0,225.0
2273.0,534.0,534.0,528.0,218.0,230.0,229.0
2265.0,529.0,535.0,518.0,227.0,230.0,226.0
2341.0,558.0,544.0,542.0,236.0,231.0,230.0
2379.0,554.0,572.0,537.0,243.0,231.0,242.0
2356.0,545.0,560.0,537.0,237.0,238.0,239.0
2360.0,547.0,548.0,558.0,240.0,228.0,239.0
2294.0,529.0,525.0,555.0,232.0,226.0,227.0
2303.0,531.0,537.0,546.0,230.0,228.0,231.0
2265.0,528.0,517.0,545.0,224.0,216.0,235.0
2251.0,514.0,536.0,539.0,217.0,221.0,224.0
2226.0,527.0,525.0,516.0,215.0,220.0,223.0
2190.0,500.0,521.0,507.0,221.0,220.0,221.0
2221.0,509.0,541.0,499.0,226.0,223.0,223.0
2277.0,536.0,542.0,517.0,226.0,232.0,224.0
2288.0,534.0,538.0,523.0,231.0,234.0,228.0
2331.0,547.0,534.0,542.0,228.0,237.0,243.0
2369.0,571.0,531.0,548.0,238.0,241.0,240.0
2395.0,561.0,558.0,557.0,248.0,237.0,234.0
2413.0,559.0,558.0,575.0,241.0,241.0,239.0
2345.0,536.0,554.0,554.0,235.0,230.0,236.0
2351.0,548.0,535.0,559.0,235.0,238.0,236.0
2290.0,531.0,530.0,548.0,226.0,229.0,226.0
2236.0,532.0,512.0,520.0,220.0,223.0,229.0
2263.0,538.0,523.0,525.0,229.0,227.0,221.0
2211.0,518.0,516.0,522.0,215.0,220.0,220.0
2214.0,527.0,503.0,514.0,221.0,225.0,224.0
2268.0,547.0,527.0,512.0,225.0,235.0,222.0
2314.0,528.0,536.0,559.0,230.0,232.0,229.0
2356.0,549.0,533.0,573.0,237.0,233.0,231.0
2413.0,575.0,570.0,561.0,235.0,246.0,226.0
2457.0,564.0,587.0,585.0,241.0,243.0,237.0
2403.0,564.0,556.0,546.0,249.0,244.0,244.0
2388.0,538.0,557.0,570.0,239.0,253.0,231.0
2362.0,550.0,542.0,553.0,247.0,234.0,236.0
2302.0,544.0,528.0,524.0,234.0,229.0,243.0
2308.0,547.0,550.0,518.0,223.0,235.0,235.0
2273.0,540.0,521.0,521.0,228.0,232.0,231.0
2277.0,519.0,544.0,534.0,227.0,221.0,232.0
2259.0,515.0,531.0,538.0,225.0,223.0,227.0
2316.0,544.0,536.0,541.0,229.0,234.0,232.0
2364.0,550.0,556.0,563.0,230.0,230.0,235.0
2385.0,565.0,544.0,563.0,236.0,239.0,238.0
2413.0,571.0,555.0,566.0,240.0,240.0,241.0
2426.0,573.0,554.0,577.0,247.0,237.0,238.0
2417.0,549.0,562.0,578.0,246.0,241.0,241.0
2393.0,546.0,557.0,561.0,243.0,246.0,240.0
2383.0,561.0,563.0,546.0,246.0,240.0,227.0
2353.0,554.0,549.0,538.0,234.0,241.0,237.0
2351.0,557.0,548.0,534.0,239.0,235.0,238.0
2286.0,537.0,536.0,515.0,236.0,232.0,230.0
2335.0,548.0,524.0,552.0,239.0,240.0,232.0
2289.0,533.0,518.0,545.0,229.0,234.0,230.0
2335.0,542.0,530.0,556.0,232.0,234.0,241.0
2374.0,558.0,525.0,579.0,231.0,239.0,242.0
2454.0,563.0,583.0,582.0,243.0,243.0,240.0
2459.0,561.0,583.0,590.0,235.0,245.0,245.0
2472.0,568.0,588.0,576.0,246.0,244.0,250.0
2483.0,581.0,596.0,569.0,244.0,242.0,251.0
2408.0,570.0,551.0,564.0,246.0,232.0,245.0
2396.0,555.0,566.0,540.0,248.0,240.0,247.0
2343.0,556.0,533.0,538.0,244.0,229.0,243.0
2348.0,564.0,539.0,538.0,241.0,233.0,233.0
2316.0,548.0,536.0,535.0,239.0,228.0,230.0
2299.0,528.0,526.0,555.0,232.0,232.0,226.0
2339.0,547.0,555.0,540.0,233.0,233.0,231.0
2392.0,551.0,573.0,567.0,232.0,241.0,228.0
2395.0,539.0,573.0,563.0,238.0,248.0,234.0
2449.0,573.0,575.0,569.0,241.0,248.0,243.0
2508.0,590.0,580.0,591.0,246.0,250.0,251.0
2458.0,586.0,561.0,573.0,244.0,249.0,245.0
2462.0,574.0,569.0,580.0,241.0,251.0,247.0
2424.0,559.0,573.0,560.0,243.0,246.0,243.0
2416.0,562.0,569.0,563.0,233.0,245.0,244.0
2420.0,567.0,579.0,549.0,241.0,237.0,247.0
2359.0,556.0,559.0,534.0,240.0,233.0,237.0
2370.0,554.0,551.0,549.0,245.0,230.0,241.0
2370.0,557.0,556.0,551.0,243.0,228.0,235.0
2373.0,537.0,559.0,564.0,242.0,239.0,232.0
2374.0,545.0,545.0,564.0,247.0,230.0,243.0
2403.0,547.0,562.0,575.0,238.0,243.0,238.0
2477.0,588.0,576.0,569.0,250.0,250.0,244.0
2502.0,598.0,574.0,576.0,251.0,255.0,248.0
2515.0,594.0,598.0,575.0,246.0,256.0,246.0
2515.0,585.0,600.0,583.0,245.0,253.0,249.0
2474.0,577.0,580.0,579.0,242.0,249.0,247.0
2465.0,573.0,579.0,581.0,241.0,250.0,241.0
2430.0,576.0,574.0,559.0,240.0,241.0,240.0
2408.0,567.0,555.0,574.0,235.0,242.0,235.0
2396.0,571.0,552.0,560.0,241.0,234.0,238.0
2375.0,550.0,544.0,570.0,235.0,241.0,235.0
2366.0,537.0,545.0,558.0,242.0,234.0,250.0
2442.0,565.0,569.0,570.0,246.0,238.0,254.0
2468.0,588.0,561.0,566.0,252.0,245.0,256.0
2486.0,581.0,594.0,569.0,250.0,244.0,248.0
2516.0,594.0,606.0,567.0,240.0,254.0,255.0
2550.0,589.0,597.0,599.0,256.0,251.0,258.0
2515.0,583.0,583.0,589.0,246.0,253.0,261.0
2498.0,580.0,574.0,591.0,246.0,253.0,254.0
2452.0,564.0,571.0,562.0,247.0,252.0,256.0
2460.0,572.0,586.0,571.0,241.0,246.0,244.0
2441.0,562.0,576.0,580.0,239.0,241.0,243.0
2411.0,561.0,566.0,562.0,243.0,240.0,239.0
2400.0,547.0,566.0,558.0,242.0,250.0,237.0
2395.0,544.0,570.0,564.0,246.0,240.0,231.0
2428.0,548.0,589.0,559.0,247.0,241.0,244.0
2468.0,590.0,565.0,565.0,252.0,252.0,244.0
2480.0,597.0,570.0,569.0,254.0,246.0,244.0
2519.0,587.0,582.0,590.0,249.0,253.0,258.0
2542.0,595.0,594.0,588.0,256.0,252.0,257.0
2553.0,583.0,600.0,605.0,250.0,250.0,265.0
2550.0,578.0,618.0,585.0,262.0,250.0,257.0
2502.0,566.0,599.0,595.0,244.0,245.0,253.0
2489.0,588.0,569.0,591.0,243.0,247.0,251.0
2450.0,577.0,560.0,564.0,247.0,247.0,255.0
2439.0,580.0,563.0,572.0,240.0,242.0,242.0
2402.0,567.0,557.0,556.0,242.0,238.0,242.0
2418.0,571.0,562.0,553.0,249.0,247.0,236.0
2436.0,550.0,563.0,576.0,250.0,250.0,247.0
2510.0,599.0,582.0,577.0,253.0,253.0,246.0
2547.0,613.0,590.0,580.0,259.0,253.0,252.0
2570.0,612.0,598.0,586.0,257.0,261.0,256.0
2620.0,627.0,610.0,610.0,260.0,261.0,252.0
2575.0,596.0,611.0,602.0,263.0,251.0,252.0
2539.0,596.0,582.0,610.0,248.0,253.0,250.0
2530.0,580.0,592.0,608.0,250.0,250.0,250.0
2513.0,602.0,576.0,595.0,247.0,247.0,246.0
2468.0,588.0,564.0,576.0,242.0,245.0,253.0
2453.0,577.0,582.0,561.0,245.0,245.0,243.0
2464.0,589.0,576.0,568.0,243.0,243.0,245.0
2455.0,563.0,585.0,573.0,244.0,241.0,249.0
2467.0,574.0,587.0,549.0,256.0,251.0,250.0
2536.0,591.0,593.0,586.0,258.0,251.0,257.0
2576.0,598.0,592.0,599.0,257.0,265.0,265.0
2595.0,619.0,602.0,586.0,263.0,265.0,260.0
2634.0,621.0,596.0,622.0,264.0,267.0,264.0
2627.0,606.0,615.0,606.0,262.0,264.0,274.0
2600.0,576.0,614.0,619.0,263.0,265.0,263.0
2591.0,602.0,610.0,617.0,253.0,256.0,253.0
2536.0,592.0,604.0,581.0,251.0,253.0,255.0
2483.0,582.0,594.0,571.0,252.0,242.0,242.0
2486.0,591.0,594.0,570.0,243.0,247.0,241.0
2470.0,580.0,582.0,564.0,254.0,244.0,246.0
2442.0,562.0,574.0,558.0,253.0,252.0,243.0
2530.0,606.0,585.0,587.0,254.0,245.0,253.0
2540.0,585.0,604.0,586.0,260.0,253.0,252.0
2612.0,598.0,621.0,613.0,259.0,261.0,260.0
2647.0,611.0,632.0,609.0,270.0,260.0,265.0
2680.0,630.0,622.0,633.0,269.0,263.0,263.0
2675.0,610.0,639.0,624.0,269.0,267.0,266.0
2611.0,599.0,613.0,601.0,265.0,271.0,262.0
2591.0,597.0,608.0,594.0,261.0,267.0,264.0
2548.0,593.0,592.0,595.0,253.0,257.0,258.0
2498.0,588.0,576.0,575.0,248.0,256.0,255.0
2504.0,583.0,583.0,585.0,250.0,249.0,254.0
2510.0,586.0,588.0,581.0,243.0,254.0,258.0
2501.0,588.0,590.0,578.0,239.0,251.0,255.0
2559.0,576.0,603.0,606.0,258.0,254.0,262.0
2565.0,604.0,602.0,599.0,251.0,258.0,251.0
2687.0,628.0,641.0,617.0,263.0,269.0,269.0
2635.0,617.0,609.0,632.0,262.0,256.0,259.0
2673.0,619.0,619.0,640.0,271.0,263.0,261.0
2649.0,609.0,617.0,624.0,271.0,266.0,262.0
2624.0,599.0,622.0,612.0,273.0,260.0,258.0
2603.0,606.0,603.0,609.0,268.0,262.0,255.0
2577.0,600.0,616.0,591.0,259.0,261.0,250.0
2568.0,610.0,616.0,587.0,253.0,254.0,248.0
2559.0,599.0,605.0,594.0,252.0,256.0,253.0
2519.0,593.0,593.0,580.0,249.0,252.0,252.0
2537.0,583.0,598.0,591.0,249.0,260.0,256.0
2545.0,588.0,584.0,609.0,250.0,254.0,260.0
2624.0,608.0,601.0,627.0,260.0,260.0,268.0
2678.0,627.0,624.0,627.0,266.0,268.0,266.0
2670.0,626.0,624.0,620.0,266.0,267.0,267.0
2671.0,635.0,612.0,629.0,270.0,261.0,264.0
2678.0,626.0,626.0,621.0,267.0,270.0,268.0
2653.0,616.0,632.0,603.0,269.0,266.0,267.0
2670.0,629.0,619.0,613.0,272.0,265.0,272.0
2558.0,608.0,591.0,581.0,262.0,256.0,260.0
2589.0,617.0,586.0,604.0,263.0,261.0,258.0
2542.0,599.0,594.0,589.0,253.0,249.0,258.0
2533.0,597.0,590.0,584.0,255.0,250.0,257.0
2534.0,584.0,573.0,615.0,255.0,253.0,254.0
2606.0,610.0,619.0,613.0,248.0,254.0,262.0
2630.0,616.0,620.0,613.0,256.0,264.0,261.0
2733.0,646.0,636.0,631.0,264.0,281.0,275.0
2707.0,630.0,627.0,627.0,276.0,277.0,270.0
2709.0,633.0,639.0,621.0,269.0,279.0,268.0
2700.0,622.0,624.0,636.0,268.0,274.0,276.0
2661.0,618.0,620.0,617.0,266.0,271.0,269.0
2634.0,609.0,601.0,616.0,273.0,269.0,266.0
2620.0,618.0,591.0,614.0,266.0,265.0,266.0
2637.0,616.0,621.0,605.0,266.0,263.0,266.0
2595.0,607.0,599.0,604.0,265.0,252.0,268.0
2583.0,597.0,605.0,599.0,263.0,259.0,260.0
2594.0,599.0,611.0,609.0,255.0,255.0,265.0
2625.0,613.0,620.0,616.0,259.0,253.0,264.0
2652.0,612.0,610.0,632.0,267.0,260.0,271.0
2696.0,637.0,625.0,635.0,267.0,266.0,266.0
2737.0,642.0,643.0,636.0,272.0,272.0,272.0
2744.0,649.0,642.0,630.0,270.0,275.0,278.0
2718.0,632.0,634.0,628.0,268.0,288.0,268.0
2704.0,622.0,649.0,626.0,270.0,275.0,262.0
2681.0,613.0,627.0,634.0,273.0,274.0,260.0
2660.0,622.0,621.0,616.0,270.0,271.0,260.0
2649.0,616.0,622.0,629.0,263.0,264.0,255.0
2652.0,618.0,607.0,635.0,264.0,271.0,257.0
2582.0,605.0,586.0,602.0,265.0,261.0,263.0
2643.0,605.0,623.0,624.0,264.0,264.0,263.0
2649.0,602.0,618.0,626.0,264.0,268.0,271.0
2695.0,635.0,641.0,617.0,268.0,267.0,267.0
2729.0,648.0,641.0,627.0,268.0,267.0,278.0
2757.0,657.0,663.0,624.0,268.0,273.0,272.0
2780.0,667.0,647.0,638.0,278.0,275.0,275.0
2767.0,641.0,649.0,641.0,279.0,272.0,285.0
2755.0,646.0,640.0,639.0,278.0,272.0,280.0
2718.0,630.0,633.0,641.0,273.0,274.0,267.0
2684.0,634.0,604.0,642.0,274.0,268.0,262.0
2675.0,629.0,620.0,629.0,268.0,267.0,262.0
2667.0,626.0,615.0,628.0,266.0,269.0,263.0
2672.0,618.0,615.0,628.0,272.0,272.0,267.0
2643.0,608.0,630.0,607.0,269.0,269.0,260.0
2658.0,618.0,615.0,624.0,269.0,277.0,255.0
2696.0,635.0,638.0,616.0,265.0,275.0,267.0
2754.0,666.0,631.0,632.0,273.0,280.0,272.0
2764.0,650.0,645.0,644.0,269.0,283.0,273.0
2769.0,640.0,650.0,662.0,273.0,267.0,277.0
2767.0,640.0,673.0,623.0,274.0,278.0,279.0
2748.0,639.0,623.0,658.0,271.0,275.0,282.0
2729.0,638.0,638.0,639.0,270.0,266.0,278.0
2752.0,637.0,659.0,643.0,266.0,272.0,275.0
2722.0,647.0,626.0,643.0,270.0,263.0,273.0
2685.0,639.0,626.0,615.0,269.0,269.0,267.0
2650.0,617.0,615.0,614.0,271.0,263.0,270.0
2653.0,611.0,610.0,622.0,277.0,267.0,266.0
2703.0,620.0,640.0,618.0,273.0,270.0,282.0
2719.0,636.0,633.0,619.0,275.0,276.0,280.0
2781.0,655.0,645.0,643.0,278.0,281.0,279.0
2798.0,648.0,671.0,641.0,281.0,280.0,277.0
2827.0,655.0,662.0,661.0,280.0,283.0,286.0
2814.0,648.0,665.0,666.0,272.0,282.0,281.0
2768.0,639.0,652.0,650.0,269.0,277.0,281.0
2785.0,640.0,661.0,659.0,274.0,275.0,276.0
2729.0,649.0,627.0,641.0,270.0,269.0,273.0
2698.0,637.0,611.0,640.0,274.0,265.0,271.0
2676.0,629.0,626.0,621.0,269.0,266.0,265.0
2663.0,630.0,617.0,618.0,268.0,265.0,265.0
2688.0,619.0,628.0,624.0,281.0,266.0,270.0
2774.0,635.0,652.0,647.0,280.0,276.0,284.0
2783.0,653.0,652.0,643.0,280.0,279.0,276.0
2816.0,663.0,645.0,664.0,282.0,276.0,286.0
2834.0,668.0,656.0,658.0,279.0,286.0,287.0
2857.0,666.0,648.0,680.0,288.0,288.0,287.0
2870.0,665.0,657.0,682.0,283.0,290.0,293.0
2816.0,652.0,642.0,671.0,281.0,281.0,289.0
2773.0,639.0,642.0,662.0,271.0,280.0,279.0
2793.0,648.0,666.0,649.0,281.0,277.0,272.0
2730.0,637.0,640.0,642.0,263.0,276.0,272.0
2717.0,632.0,643.0,629.0,269.0,274.0,270.0
2677.0,613.0,647.0,615.0,275.0,263.0,264.0
2702.0,621.0,645.0,628.0,279.0,262.0,267.0
2728.0,646.0,641.0,630.0,278.0,265.0,268.0
2745.0,643.0,638.0,631.0,279.0,277.0,277.0
2872.0,679.0,667.0,679.0,290.0,277.0,280.0
2875.0,677.0,663.0,673.0,288.0,289.0,285.0
2893.0,666.0,693.0,677.0,283.0,292.0,282.0
2889.0,675.0,679.0,672.0,286.0,291.0,286.0
2840.0,660.0,659.0,655.0,281.0,288.0,297.0
2819.0,638.0,686.0,652.0,278.0,284.0,281.0
2796.0,662.0,644.0,655.0,275.0,272.0,288.0
2740.0,644.0,642.0,629.0,271.0,274.0,280.0
2759.0,643.0,637.0,631.0,273.0,292.0,283.0
2754.0,645.0,643.0,629.0,276.0,278.0,283.0
2726.0,630.0,631.0,640.0,275.0,275.0,275.0
2787.0,651.0,647.0,655.0,282.0,275.0,277.0
2860.0,666.0,668.0,681.0,281.0,279.0,285.0
2897.0,659.0,701.0,672.0,296.0,280.0,289.0
2928.0,680.0,686.0,692.0,291.0,295.0,284.0
2902.0,681.0,676.0,672.0,293.0,291.0,289.0
2887.0,667.0,675.0,683.0,290.0,286.0,286.0
2874.0,660.0,671.0,676.0,290.0,288.0,289.0
2859.0,668.0,673.0,674.0,282.0,280.0,282.0
2808.0,666.0,654.0,645.0,280.0,279.0,284.0
2751.0,648.0,645.0,632.0,273.0,278.0,275.0
2741.0,652.0,647.0,628.0,269.0,274.0,271.0
2751.0,637.0,648.0,630.0,281.0,276.0,279.0
2770.0,629.0,663.0,646.0,272.0,281.0,279.0
2788.0,636.0,659.0,651.0,282.0,281.0,279.0
2866.0,666.0,665.0,669.0,291.0,288.0,287.0
2916.0,683.0,683.0,672.0,294.0,297.0,287.0
2934.0,687.0,668.0,696.0,293.0,287.0,303.0
2925.0,672.0,686.0,685.0,300.0,294.0,288.0
2951.0,679.0,692.0,693.0,303.0,290.0,294.0
2911.0,662.0,683.0,674.0,293.0,301.0,298.0
2850.0,656.0,673.0,661.0,288.0,286.0,286.0
2816.0,664.0,665.0,637.0,285.0,281.0,284.0
2803.0,654.0,660.0,647.0,286.0,281.0,275.0
2791.0,663.0,655.0,635.0,277.0,278.0,283.0
2789.0,670.0,651.0,642.0,274.0,273.0,279.0
2808.0,651.0,649.0,665.0,276.0,283.0,284.0
2826.0,645.0,666.0,668.0,282.0,284.0,281.0
2883.0,667.0,673.0,680.0,291.0,292.0,280.0
2913.0,672.0,688.0,686.0,292.0,290.0,285.0
2971.0,694.0,697.0,687.0,299.0,303.0,291.0
3015.0,696.0,714.0,712.0,295.0,301.0,297.0
2956.0,688.0,705.0,677.0,301.0,290.0,295.0
2896.0,664.0,674.0,683.0,288.0,295.0,292.0
2894.0,673.0,674.0,667.0,298.0,286.0,296.0
2848.0,679.0,657.0,660.0,286.0,282.0,284.0
2875.0,689.0,657.0,675.0,284.0,283.0,287.0
2863.0,661.0,669.0,677.0,284.0,286.0,286.0
2814.0,650.0,668.0,663.0,274.0,275.0,284.0
2821.0,650.0,669.0,666.0,274.0,281.0,281.0
2827.0,631.0,671.0,679.0,277.0,283.0,286.0
2886.0,670.0,677.0,680.0,283.0,286.0,290.0
2917.0,691.0,670.0,672.0,295.0,297.0,292.0
2947.0,697.0,678.0,685.0,299.0,294.0,294.0
2933.0,682.0,685.0,685.0,297.0,290.0,294.0
2958.0,684.0,695.0,679.0,305.0,301.0,294.0
2949.0,671.0,701.0,686.0,304.0,299.0,288.0
2919.0,683.0,690.0,668.0,294.0,298.0,286.0
2898.0,672.0,674.0,680.0,293.0,288.0,291.0
2909.0,676.0,670.0,694.0,288.0,293.0,288.0
2872.0,668.0,672.0,680.0,287.0,282.0,283.0
2823.0,666.0,656.0,662.0,282.0,279.0,278.0
2815.0,635.0,648.0,664.0,288.0,290.0,290.0
2870.0,664.0,662.0,675.0,290.0,287.0,292.0
2916.0,691.0,677.0,683.0,286.0,292.0,287.0
2960.0,693.0,692.0,687.0,293.0,296.0,299.0
2970.0,691.0,694.0,693.0,294.0,292.0,306.0
3014.0,705.0,707.0,693.0,300.0,298.0,311.0
3011.0,698.0,715.0,693.0,306.0,296.0,303.0
2993.0,688.0,709.0,686.0,310.0,299.0,301.0
2955.0,676.0,699.0,699.0,298.0,289.0,294.0
2931.0,678.0,678.0,698.0,296.0,287.0,294.0
2891.0,679.0,665.0,687.0,286.0,285.0,289.0
2907.0,667.0,682.0,695.0,291.0,293.0,279.0
2872.0,650.0,668.0,690.0,290.0,292.0,282.0
2893.0,657.0,692.0,681.0,290.0,291.0,282.0
2882.0,670.0,682.0,659.0,291.0,288.0,292.0
2968.0,686.0,710.0,682.0,294.0,300.0,296.0
2976.0,704.0,688.0,698.0,292.0,299.0,295.0
3014.0,713.0,709.0,693.0,295.0,302.0,302.0
3027.0,718.0,694.0,712.0,301.0,295.0,307.0
3035.0,724.0,698.0,714.0,301.0,296.0,302.0
3002.0,697.0,690.0,708.0,309.0,298.0,300.0
2971.0,680.0,689.0,702.0,301.0,294.0,305.0
2926.0,667.0,666.0,699.0,303.0,290.0,301.0
2981.0,689.0,706.0,705.0,296.0,291.0,294.0
2925.0,682.0,681.0,687.0,296.0,285.0,294.0
2871.0,662.0,667.0,679.0,289.0,283.0,291.0
2926.0,672.0,688.0,684.0,299.0,292.0,291.0
2920.0,670.0,693.0,673.0,296.0,290.0,298.0
2976.0,700.0,687.0,689.0,300.0,305.0,295.0
3024.0,710.0,696.0,703.0,306.0,302.0,307.0
3044.0,723.0,697.0,706.0,306.0,309.0,303.0
3059.0,699.0,720.0,721.0,304.0,312.0,303.0
3027.0,703.0,711.0,703.0,301.0,309.0,300.0
3055.0,701.0,738.0,707.0,303.0,305.0,301.0
2977.0,683.0,704.0,708.0,299.0,292.0,291.0
3000.0,715.0,699.0,698.0,299.0,298.0,291.0
2933.0,691.0,673.0,688.0,298.0,289.0,294.0
2954.0,704.0,671.0,688.0,304.0,290.0,297.0
2906.0,673.0,676.0,682.0,292.0,291.0,292.0
2913.0,674.0,672.0,683.0,298.0,293.0,293.0
2988.0,696.0,703.0,688.0,301.0,302.0,298.0
3016.0,705.0,702.0,699.0,301.0,303.0,306.0
3053.0,719.0,721.0,695.0,306.0,306.0,306.0
3084.0,729.0,716.0,715.0,302.0,307.0,315.0
3103.0,710.0,729.0,730.0,308.0,311.0,315.0
3084.0,713.0,703.0,738.0,308.0,310.0,312.0
3015.0,692.0,700.0,712.0,300.0,301.0,310.0
3022.0,707.0,700.0,716.0,299.0,298.0,302.0
2972.0,698.0,678.0,714.0,294.0,299.0,289.0
3003.0,704.0,690.0,710.0,300.0,305.0,294.0
2969.0,692.0,695.0,686.0,304.0,299.0,293.0
2930.0,685.0,687.0,671.0,302.0,296.0,289.0
2956.0,683.0,696.0,690.0,299.0,300.0,288.0
2948.0,686.0,675.0,686.0,306.0,298.0,297.0
3009.0,697.0,702.0,718.0,303.0,295.0,294.0
3057.0,717.0,698.0,720.0,308.0,309.0,305.0
3104.0,739.0,702.0,734.0,313.0,306.0,310.0
3106.0,730.0,713.0,735.0,308.0,308.0,312.0
3109.0,724.0,723.0,733.0,307.0,311.0,311.0
3106.0,724.0,722.0,738.0,304.0,308.0,310.0
3026.0,697.0,723.0,702.0,299.0,301.0,304.0
3037.0,715.0,721.0,702.0,294.0,301.0,304.0
3003.0,698.0,704.0,701.0,300.0,298.0,302.0
2975.0,696.0,686.0,696.0,300.0,295.0,302.0
2981.0,697.0,697.0,688.0,298.0,304.0,297.0
2971.0,703.0,679.0,685.0,298.0,302.0,304.0
3018.0,690.0,696.0,700.0,310.0,312.0,310.0
3027.0,708.0,683.0,717.0,307.0,310.0,302.0
3139.0,739.0,728.0,732.0,314.0,314.0,312.0
3123.0,721.0,731.0,734.0,317.0,311.0,309.0
3179.0,738.0,750.0,749.0,319.0,310.0,313.0
3124.0,722.0,728.0,732.0,313.0,314.0,315.0
3064.0,711.0,718.0,716.0,306.0,307.0,306.0
3067.0,716.0,731.0,705.0,306.0,307.0,302.0
3029.0,720.0,705.0,694.0,302.0,302.0,306.0
2986.0,708.0,694.0,693.0,297.0,297.0,297.0
2984.0,709.0,686.0,696.0,302.0,292.0,299.0
2999.0,701.0,696.0,693.0,305.0,307.0,297.0
3002.0,684.0,723.0,701.0,303.0,298.0,293.0
3061.0,715.0,716.0,714.0,310.0,301.0,305.0
3121.0,729.0,726.0,719.0,314.0,318.0,315.0
3144.0,724.0,723.0,755.0,314.0,312.0,316.0
3169.0,739.0,722.0,746.0,323.0,321.0,318.0
3185.0,749.0,725.0,755.0,307.0,327.0,322.0
3130.0,725.0,736.0,723.0,312.0,316.0,318.0
3095.0,706.0,729.0,727.0,311.0,313.0,309.0
3106.0,730.0,728.0,720.0,308.0,315.0,305.0
3076.0,722.0,723.0,719.0,299.0,300.0,313.0
3053.0,737.0,719.0,705.0,300.0,293.0,299.0
3037.0,719.0,725.0,693.0,299.0,297.0,304.0
3033.0,705.0,706.0,710.0,303.0,308.0,301.0
3052.0,727.0,710.0,715.0,306.0,303.0,291.0
3033.0,707.0,698.0,718.0,305.0,301.0,304.0
3072.0,714.0,707.0,717.0,312.0,314.0,308.0
3186.0,742.0,743.0,748.0,320.0,322.0,311.0
3209.0,758.0,748.0,742.0,324.0,318.0,319.0
3179.0,734.0,754.0,739.0,322.0,316.0,314.0
3187.0,731.0,751.0,732.0,324.0,325.0,324.0
3172.0,734.0,757.0,731.0,314.0,316.0,320.0
3102.0,697.0,731.0,739.0,306.0,313.0,316.0
3116.0,720.0,715.0,738.0,308.0,320.0,315.0
3081.0,733.0,704.0,717.0,302.0,310.0,315.0
3040.0,712.0,702.0,706.0,302.0,316.0,302.0
3040.0,697.0,720.0,713.0,303.0,298.0,309.0
3097.0,728.0,729.0,730.0,306.0,299.0,305.0
3092.0,702.0,735.0,734.0,306.0,304.0,311.0
3153.0,725.0,756.0,739.0,311.0,308.0,314.0
3188.0,744.0,749.0,752.0,310.0,314.0,319.0
3187.0,754.0,743.0,740.0,323.0,310.0,317.0
3212.0,748.0,748.0,747.0,339.0,316.0,314.0
3195.0,745.0,748.0,739.0,324.0,322.0,317.0
3142.0,731.0,717.0,739.0,321.0,318.0,316.0
3135.0,732.0,726.0,737.0,313.0,313.0,314.0
3164.0,737.0,744.0,747.0,311.0,315.0,310.0
3112.0,713.0,742.0,730.0,311.0,313.0,303.0
3093.0,727.0,723.0,715.0,311.0,314.0,303.0
3081.0,703.0,718.0,734.0,303.0,314.0,309.0
3031.0,693.0,708.0,704.0,306.0,313.0,307.0
3123.0,733.0,723.0,730.0,316.0,305.0,316.0
3156.0,727.0,733.0,744.0,317.0,312.0,323.0
3179.0,753.0,743.0,726.0,317.0,315.0,325.0
3223.0,756.0,748.0,740.0,329.0,322.0,328.0
3258.0,752.0,755.0,772.0,331.0,319.0,329.0
3239.0,755.0,773.0,748.0,321.0,320.0,322.0
3216.0,735.0,761.0,757.0,327.0,315.0,321.0
3195.0,743.0,751.0,754.0,320.0,315.0,312.0
3157.0,746.0,723.0,742.0,316.0,317.0,313.0
3147.0,750.0,720.0,740.0,313.0,309.0,315.0
3115.0,727.0,727.0,734.0,312.0,313.0,302.0
3124.0,732.0,729.0,742.0,305.0,307.0,309.0
3111.0,737.0,724.0,717.0,309.0,316.0,308.0
3170.0,742.0,743.0,736.0,312.0,318.0,319.0
3194.0,750.0,753.0,732.0,315.0,329.0,315.0
3250.0,761.0,777.0,750.0,316.0,332.0,314.0
3265.0,792.0,741.0,747.0,328.0,328.0,329.0
3272.0,784.0,761.0,752.0,322.0,326.0,327.0
3212.0,748.0,725.0,759.0,325.0,325.0,330.0
3240.0,755.0,754.0,759.0,326.0,320.0,326.0
3250.0,752.0,757.0,767.0,328.0,325.0,321.0
3202.0,749.0,740.0,752.0,320.0,314.0,327.0
3177.0,747.0,740.0,741.0,323.0,311.0,315.0
3160.0,743.0,745.0,729.0,313.0,308.0,322.0
3155.0,737.0,750.0,732.0,308.0,310.0,318.0
3114.0,726.0,719.0,723.0,314.0,309.0,323.0
3156.0,736.0,738.0,739.0,314.0,311.0,318.0
3206.0,761.0,746.0,737.0,319.0,325.0,318.0
3247.0,771.0,749.0,754.0,324.0,327.0,322.0
3273.0,779.0,751.0,762.0,328.0,330.0,323.0
3301.0,781.0,757.0,782.0,323.0,331.0,327.0
3284.0,777.0,768.0,752.0,325.0,336.0,326.0
3290.0,765.0,772.0,777.0,330.0,328.0,318.0
3279.0,755.0,775.0,772.0,333.0,326.0,318.0
3241.0,755.0,756.0,757.0,330.0,325.0,318.0
3163.0,741.0,736.0,739.0,320.0,316.0,311.0
3157.0,748.0,735.0,733.0,316.0,315.0,310.0
3137.0,727.0,739.0,729.0,314.0,310.0,318.0
3115.0,722.0,726.0,724.0,312.0,315.0,316.0
3187.0,746.0,742.0,736.0,319.0,321.0,323.0
3229.0,756.0,765.0,745.0,317.0,321.0,325.0
3288.0,776.0,765.0,763.0,327.0,325.0,332.0
3309.0,775.0,779.0,779.0,327.0,324.0,325.0
3350.0,790.0,784.0,775.0,334.0,333.0,334.0
3309.0,769.0,780.0,766.0,329.0,327.0,338.0
3302.0,770.0,746.0,785.0,329.0,337.0,335.0
3260.0,763.0,755.0,763.0,329.0,323.0,327.0
3250.0,761.0,742.0,761.0,332.0,333.0,321.0
3210.0,753.0,743.0,743.0,325.0,328.0,318.0
3180.0,746.0,749.0,723.0,322.0,323.0,317.0
3189.0,746.0,752.0,736.0,325.0,323.0,307.0
3212.0,743.0,775.0,732.0,324.0,322.0,316.0
3220.0,736.0,766.0,746.0,318.0,329.0,325.0
3226.0,770.0,745.0,743.0,326.0,326.0,316.0
3277.0,776.0,761.0,757.0,335.0,322.0,326.0
3345.0,792.0,771.0,795.0,329.0,328.0,330.0
3330.0,776.0,772.0,782.0,333.0,335.0,332.0
3342.0,779.0,785.0,781.0,333.0,327.0,337.0
3280.0,760.0,759.0,777.0,323.0,331.0,330.0
3305.0,766.0,779.0,771.0,330.0,325.0,334.0
3241.0,762.0,770.0,730.0,324.0,326.0,329.0
3259.0,759.0,762.0,772.0,321.0,320.0,325.0
3207.0,747.0,747.0,739.0,332.0,323.0,319.0
3214.0,743.0,741.0,755.0,327.0,325.0,323.0
3138.0,723.0,726.0,725.0,321.0,321.0,322.0
3277.0,761.0,767.0,760.0,331.0,329.0,329.0
3274.0,776.0,752.0,765.0,322.0,332.0,327.0
3341.0,778.0,783.0,788.0,325.0,341.0,326.0
3362.0,781.0,788.0,798.0,337.0,333.0,325.0
3365.0,782.0,792.0,785.0,330.0,332.0,344.0
3385.0,786.0,808.0,784.0,333.0,341.0,333.0
3340.0,780.0,785.0,777.0,332.0,334.0,332.0
3321.0,769.0,784.0,784.0,330.0,329.0,325.0
3289.0,779.0,758.0,765.0,332.0,328.0,327.0
3253.0,760.0,757.0,762.0,328.0,324.0,322.0
3213.0,754.0,743.0,745.0,323.0,324.0,324.0
3233.0,753.0,740.0,757.0,330.0,327.0,326.0
3257.0,749.0,756.0,771.0,332.0,321.0,328.0
3286.0,751.0,780.0,763.0,329.0,333.0,330.0
3322.0,750.0,785.0,790.0,336.0,331.0,330.0
3402.0,797.0,791.0,794.0,343.0,344.0,333.0
3420.0,801.0,786.0,812.0,331.0,344.0,346.0
3380.0,779.0,787.0,794.0,337.0,344.0,339.0
3366.0,791.0,790.0,787.0,327.0,338.0,333.0
3348.0,776.0,779.0,770.0,337.0,342.0,344.0
3335.0,777.0,778.0,779.0,334.0,332.0,335.0
3290.0,785.0,764.0,754.0,325.0,331.0,331.0
3274.0,768.0,769.0,759.0,320.0,328.0,330.0
3272.0,775.0,765.0,754.0,326.0,324.0,328.0
3244.0,765.0,758.0,747.0,324.0,322.0,328.0
3282.0,762.0,765.0,774.0,337.0,328.0,316.0
3333.0,777.0,780.0,783.0,338.0,321.0,334.0
3345.0,785.0,782.0,783.0,335.0,332.0,328.0
3383.0,789.0,784.0,802.0,341.0,334.0,333.0
3413.0,819.0,783.0,788.0,336.0,342.0,345.0
3428.0,789.0,806.0,808.0,342.0,340.0,343.0
3434.0,786.0,819.0,798.0,338.0,349.0,344.0
3377.0,775.0,791.0,779.0,338.0,346.0,348.0
3336.0,781.0,785.0,756.0,332.0,344.0,338.0
3336.0,796.0,758.0,776.0,332.0,333.0,341.0
3328.0,794.0,753.0,783.0,324.0,336.0,338.0
3339.0,780.0,778.0,786.0,326.0,330.0,339.0
3311.0,758.0,776.0,793.0,326.0,323.0,335.0
3323.0,757.0,775.0,785.0,337.0,336.0,333.0
3353.0,763.0,783.0,795.0,345.0,331.0,336.0
3352.0,790.0,784.0,783.0,338.0,322.0,335.0
3408.0,794.0,812.0,780.0,346.0,338.0,338.0
3471.0,823.0,811.0,799.0,345.0,346.0,347.0
3466.0,809.0,826.0,805.0,348.0,340.0,338.0
3424.0,799.0,807.0,793.0,343.0,342.0,340.0
3406.0,804.0,800.0,782.0,340.0,344.0,336.0
3351.0,781.0,783.0,790.0,326.0,338.0,333.0
3375.0,803.0,775.0,791.0,336.0,337.0,333.0
3350.0,773.0,790.0,781.0,333.0,338.0,335.0
3325.0,770.0,775.0,786.0,332.0,332.0,330.0
3300.0,757.0,771.0,780.0,325.0,337.0,330.0
3336.0,762.0,795.0,777.0,325.0,337.0,340.0
3369.0,780.0,790.0,794.0,335.0,336.0,334.0
3418.0,800.0,788.0,797.0,345.0,343.0,345.0
3441.0,811.0,796.0,791.0,345.0,343.0,355.0
3493.0,818.0,822.0,800.0,351.0,346.0,356.0
3456.0,800.0,783.0,817.0,354.0,348.0,354.0
3456.0,790.0,809.0,813.0,350.0,344.0,350.0
3442.0,800.0,818.0,788.0,349.0,339.0,348.0
3429.0,806.0,804.0,802.0,342.0,337.0,338.0
3386.0,791.0,790.0,793.0,333.0,336.0,343.0
3368.0,785.0,802.0,780.0,333.0,337.0,331.0
3331.0,773.0,797.0,772.0,329.0,332.0,328.0
3337.0,772.0,781.0,782.0,329.0,338.0,335.0
3350.0,790.0,787.0,773.0,336.0,333.0,331.0
3349.0,779.0,777.0,776.0,341.0,344.0,332.0
3405.0,789.0,797.0,796.0,344.0,344.0,335.0
3452.0,807.0,815.0,796.0,349.0,343.0,342.0
3487.0,815.0,828.0,801.0,345.0,348.0,350.0
3518.0,822.0,822.0,819.0,355.0,347.0,353.0
3495.0,803.0,829.0,809.0,353.0,347.0,354.0
3479.0,795.0,812.0,818.0,351.0,354.0,349.0
3455.0,796.0,802.0,820.0,346.0,344.0,347.0
3436.0,805.0,802.0,810.0,345.0,339.0,335.0
3398.0,806.0,791.0,791.0,332.0,333.0,345.0
3379.0,799.0,780.0,785.0,333.0,337.0,345.0
3341.0,781.0,782.0,780.0,333.0,330.0,335.0
3357.0,766.0,793.0,780.0,343.0,334.0,341.0
3411.0,781.0,802.0,803.0,338.0,341.0,346.0
3451.0,807.0,807.0,808.0,341.0,339.0,349.0
3462.0,806.0,803.0,809.0,355.0,350.0,339.0
3532.0,829.0,813.0,821.0,358.0,357.0,354.0
3532.0,820.0,815.0,837.0,350.0,360.0,350.0
3527.0,811.0,821.0,832.0,357.0,358.0,348.0
3529.0,822.0,817.0,818.0,362.0,359.0,351.0
3503.0,809.0,828.0,827.0,346.0,347.0,346.0
3452.0,820.0,791.0,802.0,345.0,347.0,347.0
3413.0,795.0,806.0,803.0,335.0,338.0,336.0
3410.0,807.0,795.0,796.0,336.0,339.0,337.0
3397.0,799.0,795.0,799.0,331.0,339.0,334.0
3347.0,757.0,800.0,781.0,329.0,341.0,339.0
3406.0,793.0,800.0,786.0,341.0,341.0,345.0
3476.0,824.0,805.0,807.0,344.0,341.0,355.0
3539.0,835.0,816.0,832.0,347.0,348.0,361.0
3543.0,830.0,837.0,812.0,353.0,352.0,359.0
3566.0,832.0,838.0,834.0,352.0,349.0,361.0
3555.0,811.0,833.0,844.0,356.0,351.0,360.0
3558.0,816.0,838.0,836.0,354.0,358.0,356.0
3485.0,795.0,816.0,823.0,357.0,350.0,344.0
3471.0,805.0,806.0,812.0,355.0,349.0,344.0
3448.0,822.0,794.0,803.0,338.0,345.0,346.0
3392.0,800.0,780.0,783.0,339.0,355.0,335.0
3364.0,788.0,774.0,789.0,336.0,340.0,337.0
3412.0,791.0,809.0,786.0,345.0,340.0,341.0
3480.0,824.0,821.0,804.0,341.0,348.0,342.0
3485.0,825.0,826.0,803.0,342.0,349.0,340.0
3501.0,823.0,817.0,818.0,345.0,347.0,351.0
3574.0,854.0,825.0,838.0,350.0,353.0,354.0
3571.0,835.0,826.0,840.0,354.0,356.0,360.0
3551.0,836.0,813.0,835.0,355.0,358.0,354.0
3542.0,816.0,822.0,836.0,359.0,355.0,354.0
3518.0,810.0,822.0,828.0,356.0,348.0,354.0
3503.0,827.0,820.0,804.0,351.0,346.0,355.0
3489.0,812.0,808.0,811.0,353.0,354.0,351.0
3449.0,804.0,811.0,800.0,344.0,342.0,348.0
3454.0,809.0,802.0,808.0,342.0,339.0,354.0
3411.0,785.0,791.0,802.0,338.0,349.0,346.0
3446.0,792.0,794.0,810.0,349.0,351.0,350.0
3535.0,829.0,814.0,835.0,350.0,357.0,350.0
3546.0,822.0,818.0,844.0,356.0,356.0,350.0
3592.0,839.0,853.0,836.0,360.0,358.0,346.0
3605.0,842.0,848.0,844.0,354.0,359.0,358.0
3589.0,819.0,848.0,847.0,359.0,359.0,357.0
3555.0,819.0,846.0,823.0,357.0,360.0,350.0
3524.0,829.0,827.0,807.0,355.0,355.0,351.0
3526.0,828.0,827.0,824.0,353.0,347.0,347.0
3466.0,813.0,811.0,794.0,358.0,340.0,350.0
3467.0,820.0,805.0,800.0,349.0,343.0,350.0
3469.0,821.0,806.0,805.0,345.0,348.0,344.0
3451.0,793.0,794.0,815.0,351.0,350.0,348.0
3504.0,811.0,826.0,812.0,357.0,340.0,358.0
3570.0,845.0,833.0,827.0,353.0,354.0,358.0
3621.0,848.0,844.0,851.0,360.0,359.0,359.0
3643.0,858.0,857.0,847.0,352.0,371.0,358.0
3611.0,845.0,843.0,838.0,362.0,360.0,363.0
3597.0,832.0,828.0,841.0,371.0,366.0,359.0
3617.0,844.0,838.0,835.0,361.0,371.0,368.0
3585.0,836.0,844.0,834.0,352.0,355.0,364.0
3534.0,831.0,812.0,822.0,358.0,356.0,355.0
3500.0,823.0,823.0,813.0,351.0,349.0,341.0
3481.0,807.0,821.0,811.0,354.0,346.0,342.0
3514.0,813.0,834.0,824.0,355.0,348.0,340.0
3499.0,804.0,824.0,826.0,352.0,345.0,348.0
3523.0,814.0,811.0,838.0,354.0,356.0,350.0
3561.0,841.0,811.0,838.0,355.0,362.0,354.0
3633.0,856.0,845.0,852.0,361.0,361.0,358.0
3653.0,864.0,840.0,861.0,361.0,365.0,362.0
3661.0,875.0,841.0,847.0,367.0,365.0,366.0
3627.0,857.0,853.0,834.0,355.0,361.0,367.0
3637.0,833.0,856.0,849.0,361.0,370.0,368.0
3597.0,830.0,843.0,835.0,355.0,365.0,369.0
3616.0,860.0,839.0,827.0,357.0,365.0,368.0
3571.0,829.0,834.0,827.0,361.0,358.0,362.0
3541.0,831.0,809.0,825.0,362.0,356.0,358.0
3517.0,833.0,820.0,802.0,356.0,355.0,351.0
3556.0,831.0,809.0,850.0,353.0,354.0,359.0
3573.0,821.0,826.0,853.0,361.0,354.0,358.0
3631.0,841.0,854.0,855.0,362.0,360.0,359.0
3623.0,840.0,844.0,853.0,363.0,363.0,360.0
3655.0,854.0,863.0,849.0,363.0,362.0,364.0
3678.0,855.0,868.0,856.0,368.0,368.0,363.0
3652.0,851.0,868.0,849.0,360.0,368.0,356.0
3618.0,841.0,842.0,852.0,358.0,364.0,361.0
3627.0,846.0,854.0,846.0,360.0,366.0,355.0
3565.0,862.0,811.0,826.0,353.0,353.0,360.0
3585.0,847.0,831.0,839.0,356.0,361.0,351.0
3530.0,836.0,818.0,808.0,348.0,366.0,354.0
3567.0,823.0,830.0,849.0,356.0,355.0,354.0
3581.0,820.0,846.0,845.0,358.0,358.0,354.0
3613.0,842.0,843.0,841.0,364.0,369.0,354.0
3628.0,837.0,858.0,831.0,370.0,364.0,368.0
3672.0,861.0,852.0,849.0,375.0,365.0,370.0
3678.0,859.0,858.0,846.0,373.0,370.0,372.0
3691.0,865.0,858.0,848.0,375.0,371.0,374.0
3634.0,858.0,838.0,838.0,369.0,364.0,367.0
3705.0,858.0,873.0,868.0,364.0,365.0,377.0
3646.0,859.0,844.0,855.0,361.0,360.0,367.0
3655.0,857.0,858.0,857.0,358.0,361.0,364.0
3628.0,862.0,849.0,846.0,358.0,360.0,353.0
3569.0,851.0,819.0,839.0,356.0,353.0,351.0
3576.0,832.0,826.0,844.0,364.0,356.0,354.0
3572.0,832.0,824.0,845.0,357.0,363.0,351.0
3549.0,816.0,824.0,821.0,366.0,363.0,359.0
3662.0,855.0,849.0,850.0,366.0,376.0,366.0
3680.0,869.0,863.0,857.0,367.0,367.0,357.0
3712.0,863.0,876.0,854.0,375.0,372.0,372.0
3730.0,869.0,881.0,862.0,373.0,377.0,368.0
3734.0,873.0,866.0,871.0,373.0,373.0,378.0
3715.0,845.0,872.0,876.0,374.0,377.0,371.0
3672.0,863.0,843.0,865.0,366.0,366.0,369.0
3686.0,862.0,842.0,882.0,359.0,368.0,373.0
3622.0,850.0,829.0,843.0,363.0,364.0,373.0
3578.0,843.0,818.0,845.0,361.0,352.0,359.0
3611.0,845.0,843.0,844.0,361.0,352.0,366.0
3607.0,823.0,863.0,845.0,354.0,362.0,360.0
3667.0,862.0,856.0,854.0,371.0,359.0,365.0
3657.0,850.0,872.0,835.0,371.0,365.0,364.0
3730.0,868.0,864.0,881.0,381.0,366.0,370.0
3735.0,890.0,873.0,854.0,377.0,377.0,364.0
3750.0,884.0,883.0,863.0,379.0,372.0,369.0
3763.0,883.0,875.0,885.0,377.0,369.0,374.0
3734.0,875.0,857.0,880.0,370.0,381.0,371.0
3718.0,864.0,864.0,890.0,366.0,371.0,363.0
3662.0,847.0,855.0,851.0,365.0,377.0,367.0
3662.0,855.0,856.0,861.0,361.0,369.0,360.0
3656.0,854.0,872.0,848.0,361.0,363.0,358.0
3607.0,842.0,844.0,843.0,360.0,356.0,362.0
3580.0,824.0,843.0,830.0,359.0,364.0,360.0
3678.0,861.0,858.0,846.0,378.0,361.0,374.0
3690.0,881.0,848.0,846.0,372.0,367.0,376.0
3709.0,893.0,855.0,856.0,373.0,364.0,368.0
3762.0,880.0,859.0,886.0,380.0,378.0,379.0
3777.0,887.0,872.0,894.0,382.0,368.0,374.0
3768.0,857.0,884.0,889.0,384.0,373.0,381.0
3758.0,884.0,881.0,873.0,373.0,375.0,372.0
3725.0,850.0,881.0,871.0,380.0,368.0,375.0
3702.0,868.0,861.0,871.0,361.0,370.0,371.0
3688.0,875.0,863.0,853.0,366.0,373.0,358.0
3650.0,871.0,849.0,851.0,360.0,368.0,351.0
3649.0,855.0,844.0,845.0,365.0,374.0,366.0
3636.0,835.0,854.0,859.0,366.0,367.0,355.0
3706.0,855.0,886.0,861.0,375.0,368.0,361.0
3735.0,869.0,881.0,866.0,377.0,373.0,369.0
3798.0,889.0,894.0,895.0,373.0,377.0,370.0
3854.0,904.0,905.0,901.0,381.0,381.0,382.0
3855.0,899.0,886.0,911.0,396.0,375.0,388.0
3824.0,900.0,889.0,888.0,383.0,378.0,386.0
3810.0,884.0,883.0,886.0,390.0,377.0,390.0
3738.0,868.0,865.0,875.0,380.0,369.0,381.0
3757.0,891.0,882.0,862.0,379.0,368.0,375.0
3676.0,868.0,856.0,848.0,365.0,369.0,370.0
3680.0,867.0,864.0,855.0,359.0,362.0,373.0
3667.0,856.0,863.0,851.0,356.0,369.0,372.0
3657.0,832.0,855.0,858.0,362.0,376.0,374.0
3703.0,859.0,875.0,859.0,371.0,374.0,365.0
3762.0,879.0,869.0,888.0,375.0,377.0,374.0
3814.0,892.0,866.0,902.0,381.0,392.0,381.0
3815.0,899.0,878.0,888.0,378.0,388.0,384.0
3810.0,883.0,882.0,895.0,391.0,386.0,373.0
3865.0,892.0,912.0,904.0,393.0,387.0,377.0
3839.0,895.0,903.0,898.0,385.0,382.0,376.0
3814.0,881.0,907.0,883.0,392.0,380.0,371.0
3760.0,872.0,881.0,890.0,375.0,370.0,372.0
3708.0,872.0,874.0,848.0,373.0,372.0,369.0
3705.0,888.0,850.0,855.0,375.0,365.0,372.0
3661.0,846.0,858.0,847.0,366.0,375.0,369.0
3683.0,864.0,853.0,862.0,366.0,365.0,373.0
3721.0,868.0,874.0,865.0,374.0,370.0,370.0
3790.0,898.0,881.0,883.0,370.0,377.0,381.0
3840.0,912.0,890.0,893.0,379.0,377.0,389.0
3891.0,905.0,921.0,913.0,379.0,383.0,390.0
3841.0,887.0,902.0,892.0,383.0,390.0,387.0
3885.0,909.0,923.0,904.0,386.0,386.0,377.0
3857.0,900.0,893.0,888.0,393.0,395.0,388.0
3783.0,875.0,882.0,877.0,384.0,383.0,382.0
3743.0,889.0,875.0,853.0,373.0,374.0,379.0
3739.0,876.0,876.0,861.0,372.0,376.0,378.0
3711.0,865.0,873.0,871.0,364.0,369.0,369.0
3750.0,857.0,881.0,894.0,375.0,371.0,372.0
3762.0,873.0,887.0,889.0,370.0,377.0,366.0
3779.0,876.0,882.0,908.0,371.0,372.0,370.0
3804.0,890.0,878.0,906.0,379.0,377.0,374.0
3868.0,917.0,909.0,897.0,381.0,380.0,384.0
3890.0,918.0,901.0,915.0,387.0,387.0,382.0
3912.0,915.0,900.0,921.0,389.0,395.0,392.0
3877.0,909.0,889.0,907.0,392.0,388.0,392.0
3852.0,886.0,916.0,888.0,384.0,388.0,390.0
3842.0,892.0,903.0,894.0,381.0,385.0,387.0
3805.0,878.0,881.0,896.0,383.0,383.0,384.0
3776.0,879.0,883.0,876.0,384.0,373.0,381.0
3796.0,883.0,888.0,890.0,377.0,377.0,381.0
3774.0,881.0,873.0,893.0,379.0,369.0,379.0
3789.0,886.0,879.0,893.0,374.0,381.0,376.0
3755.0,869.0,847.0,896.0,379.0,381.0,383.0
3845.0,899.0,901.0,904.0,377.0,382.0,382.0
3885.0,912.0,900.0,912.0,384.0,390.0,387.0
3898.0,923.0,918.0,907.0,380.0,386.0,384.0
3905.0,920.0,918.0,897.0,388.0,392.0,390.0
3912.0,912.0,928.0,915.0,391.0,385.0,381.0
3840.0,891.0,919.0,883.0,384.0,381.0,382.0
3846.0,899.0,907.0,891.0,384.0,381.0,384.0
3868.0,908.0,890.0,914.0,390.0,383.0,383.0
3792.0,887.0,881.0,881.0,389.0,375.0,379.0
3816.0,909.0,883.0,886.0,382.0,380.0,376.0
3781.0,880.0,877.0,891.0,371.0,386.0,376.0
3790.0,871.0,890.0,889.0,378.0,383.0,379.0
3857.0,885.0,909.0,907.0,374.0,393.0,389.0
3846.0,899.0,891.0,894.0,380.0,391.0,391.0
3912.0,903.0,926.0,900.0,384.0,399.0,400.0
3934.0,923.0,911.0,909.0,398.0,395.0,398.0
3957.0,936.0,921.0,928.0,385.0,385.0,402.0
3945.0,931.0,908.0,924.0,392.0,392.0,398.0
3885.0,900.0,894.0,922.0,392.0,380.0,397.0
3851.0,909.0,889.0,904.0,384.0,381.0,384.0
3857.0,906.0,899.0,902.0,387.0,382.0,381.0
3831.0,905.0,889.0,892.0,387.0,381.0,377.0
3866.0,908.0,906.0,905.0,390.0,381.0,376.0
3807.0,894.0,880.0,888.0,380.0,385.0,380.0
3800.0,887.0,876.0,893.0,383.0,382.0,379.0
3824.0,882.0,899.0,897.0,385.0,379.0,382.0
3884.0,899.0,897.0,918.0,393.0,395.0,382.0
3924.0,922.0,899.0,922.0,402.0,395.0,384.0
3941.0,932.0,912.0,915.0,390.0,396.0,396.0
3997.0,934.0,929.0,933.0,398.0,403.0,400.0
3955.0,925.0,931.0,909.0,392.0,404.0,394.0
3960.0,921.0,925.0,930.0,385.0,399.0,400.0
3872.0,888.0,895.0,913.0,393.0,388.0,395.0
3886.0,916.0,894.0,906.0,392.0,388.0,390.0
3840.0,899.0,881.0,896.0,382.0,391.0,391.0
3859.0,911.0,884.0,905.0,385.0,387.0,387.0
3861.0,897.0,891.0,909.0,385.0,386.0,393.0
3828.0,890.0,889.0,898.0,390.0,380.0,381.0
3839.0,892.0,905.0,885.0,397.0,366.0,394.0
3903.0,915.0,918.0,898.0,395.0,389.0,388.0
3921.0,910.0,910.0,915.0,399.0,390.0,397.0
3997.0,945.0,939.0,925.0,401.0,399.0,388.0
3988.0,928.0,935.0,932.0,401.0,400.0,392.0
3961.0,900.0,930.0,934.0,400.0,402.0,395.0
3969.0,930.0,922.0,930.0,393.0,401.0,393.0
3927.0,926.0,899.0,935.0,389.0,397.0,381.0
3889.0,906.0,903.0,908.0,392.0,393.0,387.0
3912.0,926.0,905.0,919.0,389.0,388.0,385.0
3860.0,901.0,901.0,902.0,382.0,382.0,392.0
3859.0,881.0,926.0,898.0,387.0,385.0,382.0
3877.0,892.0,914.0,904.0,390.0,390.0,387.0
3937.0,909.0,929.0,919.0,395.0,392.0,393.0
3944.0,919.0,921.0,919.0,397.0,392.0,396.0
3977.0,935.0,920.0,919.0,405.0,395.0,403.0
4015.0,945.0,923.0,937.0,406.0,402.0,402.0
4027.0,941.0,934.0,943.0,403.0,402.0,404.0
3984.0,926.0,932.0,938.0,400.0,388.0,400.0
3984.0,917.0,930.0,940.0,403.0,393.0,401.0
3981.0,922.0,929.0,932.0,395.0,398.0,405.0
3943.0,917.0,925.0,924.0,389.0,397.0,391.0
3885.0,917.0,901.0,899.0,386.0,394.0,388.0
3849.0,902.0,899.0,886.0,384.0,390.0,388.0
3837.0,897.0,883.0,898.0,387.0,392.0,380.0
3901.0,904.0,914.0,908.0,387.0,395.0,393.0
3929.0,912.0,910.0,923.0,397.0,394.0,393.0
3957.0,923.0,922.0,920.0,400.0,395.0,397.0
4045.0,940.0,943.0,950.0,409.0,403.0,400.0
4076.0,953.0,945.0,952.0,405.0,414.0,407.0
4063.0,951.0,936.0,954.0,414.0,403.0,405.0
4041.0,942.0,940.0,945.0,404.0,402.0,408.0
4006.0,913.0,947.0,934.0,400.0,408.0,404.0
3983.0,924.0,927.0,937.0,399.0,400.0,396.0
3952.0,933.0,924.0,910.0,397.0,386.0,402.0
3954.0,929.0,933.0,920.0,387.0,389.0,396.0
3908.0,926.0,917.0,895.0,391.0,383.0,396.0
3895.0,912.0,916.0,896.0,386.0,389.0,396.0
3925.0,899.0,936.0,913.0,392.0,391.0,394.0
3972.0,927.0,932.0,925.0,393.0,393.0,402.0
3983.0,917.0,922.0,940.0,399.0,408.0,397.0
4047.0,954.0,922.0,955.0,409.0,409.0,398.0
4080.0,955.0,932.0,975.0,409.0,407.0,402.0
4070.0,938.0,943.0,971.0,411.0,407.0,400.0
4046.0,940.0,941.0,946.0,405.0,410.0,404.0
4037.0,946.0,941.0,940.0,399.0,402.0,409.0
3993.0,929.0,934.0,928.0,402.0,401.0,399.0
3980.0,924.0,935.0,924.0,400.0,400.0,397.0
3957.0,932.0,934.0,907.0,392.0,395.0,397.0
3904.0,917.0,904.0,902.0,396.0,390.0,395.0
3903.0,904.0,907.0,916.0,391.0,392.0,393.0
3955.0,917.0,934.0,923.0,391.0,385.0,405.0
3990.0,927.0,928.0,937.0,399.0,396.0,403.0
4029.0,934.0,944.0,953.0,398.0,400.0,400.0
4024.0,953.0,922.0,934.0,403.0,403.0,409.0
4075.0,953.0,952.0,955.0,404.0,400.0,411.0
4118.0,957.0,969.0,957.0,412.0,407.0,416.0
4107.0,950.0,962.0,958.0,411.0,411.0,415.0
4094.0,953.0,960.0,943.0,412.0,420.0,406.0
4025.0,942.0,943.0,927.0,404.0,402.0,407.0
4002.0,932.0,935.0,924.0,404.0,403.0,404.0
3994.0,942.0,929.0,922.0,393.0,413.0,395.0
3944.0,928.0,902.0,924.0,398.0,399.0,393.0
3959.0,920.0,928.0,928.0,391.0,401.0,391.0
3943.0,910.0,920.0,931.0,397.0,395.0,390.0
4027.0,928.0,948.0,945.0,401.0,405.0,400.0
4056.0,942.0,963.0,949.0,399.0,402.0,401.0
4072.0,954.0,953.0,951.0,404.0,405.0,405.0
4094.0,953.0,941.0,978.0,405.0,411.0,406.0
4092.0,949.0,943.0,966.0,411.0,407.0,416.0
4105.0,957.0,952.0,953.0,421.0,409.0,413.0
4085.0,951.0,945.0,951.0,416.0,406.0,416.0
4113.0,968.0,965.0,947.0,416.0,414.0,403.0
4018.0,943.0,942.0,929.0,408.0,396.0,400.0
4072.0,954.0,961.0,932.0,413.0,403.0,409.0
4025.0,949.0,941.0,924.0,406.0,400.0,405.0
3981.0,927.0,925.0,930.0,398.0,401.0,400.0
4043.0,928.0,955.0,949.0,405.0,407.0,399.0
4020.0,932.0,933.0,934.0,399.0,409.0,413.0
4092.0,965.0,953.0,953.0,406.0,412.0,403.0
4093.0,951.0,963.0,954.0,411.0,404.0,410.0
4115.0,975.0,963.0,953.0,408.0,408.0,408.0
4163.0,983.0,978.0,969.0,410.0,416.0,407.0
4133.0,960.0,984.0,960.0,416.0,409.0,404.0
4112.0,946.0,981.0,950.0,418.0,409.0,408.0
4119.0,956.0,961.0,964.0,420.0,406.0,412.0
4079.0,959.0,940.0,958.0,409.0,411.0,402.0
4050.0,954.0,945.0,943.0,407.0,398.0,403.0
4022.0,945.0,932.0,930.0,406.0,405.0,404.0
4006.0,942.0,913.0,944.0,402.0,399.0,406.0
4045.0,943.0,949.0,938.0,400.0,408.0,407.0
4030.0,929.0,937.0,952.0,397.0,412.0,403.0
4094.0,952.0,960.0,963.0,397.0,413.0,409.0
4147.0,978.0,966.0,970.0,409.0,413.0,411.0
4155.0,983.0,973.0,958.0,412.0,416.0,413.0
4170.0,977.0,972.0,972.0,411.0,418.0,420.0
4152.0,973.0,959.0,964.0,421.0,414.0,421.0
4165.0,970.0,971.0,970.0,416.0,416.0,422.0
4113.0,949.0,958.0,975.0,415.0,411.0,405.0
4119.0,950.0,959.0,966.0,416.0,406.0,422.0
4089.0,946.0,962.0,962.0,409.0,407.0,403.0
4088.0,965.0,961.0,960.0,406.0,394.0,402.0
4033.0,930.0,953.0,944.0,403.0,399.0,404.0
4062.0,937.0,955.0,954.0,409.0,405.0,402.0
4064.0,943.0,948.0,971.0,404.0,399.0,399.0
4114.0,969.0,958.0,954.0,410.0,416.0,407.0
4114.0,961.0,957.0,960.0,416.0,411.0,409.0
4164.0,984.0,951.0,975.0,414.0,422.0,418.0
4210.0,994.0,981.0,975.0,419.0,422.0,419.0
4210.0,983.0,972.0,987.0,421.0,422.0,425.0
4203.0,970.0,995.0,986.0,414.0,424.0,414.0
4181.0,963.0,995.0,974.0,419.0,411.0,419.0
4151.0,979.0,972.0,967.0,411.0,414.0,408.0
4093.0,947.0,945.0,969.0,411.0,416.0,405.0
4078.0,963.0,944.0,947.0,415.0,394.0,415.0
4051.0,953.0,933.0,935.0,412.0,403.0,415.0
4049.0,949.0,937.0,930.0,413.0,410.0,410.0
4069.0,951.0,944.0,951.0,411.0,404.0,408.0
4137.0,971.0,970.0,954.0,419.0,411.0,412.0
4179.0,991.0,983.0,957.0,420.0,415.0,413.0
4205.0,983.0,993.0,969.0,426.0,419.0,415.0
4218.0,977.0,996.0,987.0,421.0,426.0,411.0
4221.0,983.0,980.0,993.0,423.0,427.0,415.0
4249.0,976.0,990.0,998.0,431.0,431.0,423.0
4165.0,968.0,972.0,982.0,414.0,417.0,412.0
4146.0,982.0,949.0,986.0,409.0,413.0,407.0
4136.0,964.0,959.0,972.0,415.0,413.0,413.0
4106.0,969.0,950.0,953.0,413.0,411.0,410.0
4100.0,954.0,952.0,957.0,412.0,421.0,404.0
4129.0,970.0,966.0,953.0,416.0,415.0,409.0
4112.0,944.0,980.0,944.0,420.0,412.0,412.0
4160.0,968.0,973.0,973.0,417.0,411.0,418.0
4220.0,985.0,980.0,991.0,419.0,421.0,424.0
4247.0,1009.0,983.0,989.0,418.0,416.0,432.0
4259.0,989.0,973.0,1005.0,429.0,427.0,436.0
4225.0,998.0,957.0,997.0,428.0,418.0,427.0
4223.0,991.0,973.0,1002.0,414.0,423.0,420.0
4195.0,984.0,981.0,989.0,405.0,418.0,418.0
4180.0,979.0,972.0,986.0,411.0,416.0,416.0
4109.0,958.0,962.0,948.0,413.0,419.0,409.0
4131.0,970.0,949.0,973.0,416.0,413.0,410.0
4085.0,943.0,957.0,950.0,418.0,412.0,405.0
4132.0,956.0,969.0,959.0,414.0,417.0,417.0
4133.0,961.0,970.0,957.0,415.0,415.0,415.0
4191.0,975.0,977.0,982.0,418.0,424.0,415.0
4259.0,1006.0,982.0,1002.0,427.0,427.0,415.0
4296.0,1003.0,1006.0,1009.0,429.0,424.0,425.0
4268.0,987.0,990.0,1007.0,433.0,423.0,428.0
4266.0,982.0,1014.0,990.0,428.0,426.0,426.0
4247.0,972.0,1004.0,996.0,423.0,427.0,425.0
4211.0,979.0,976.0,982.0,420.0,425.0,429.0
4187.0,993.0,973.0,973.0,415.0,417.0,416.0
4159.0,985.0,966.0,954.0,415.0,418.0,421.0
4134.0,975.0,960.0,958.0,405.0,417.0,419.0
4114.0,951.0,980.0,948.0,416.0,404.0,415.0
4182.0,984.0,977.0,965.0,417.0,416.0,423.0
4186.0,969.0,975.0,979.0,426.0,421.0,416.0
4259.0,1007.0,983.0,995.0,431.0,421.0,422.0
4289.0,994.0,1009.0,1009.0,426.0,428.0,423.0
4270.0,1001.0,981.0,1005.0,423.0,441.0,419.0
4300.0,1027.0,996.0,982.0,430.0,434.0,431.0
4245.0,985.0,977.0,1001.0,427.0,427.0,428.0
4263.0,994.0,998.0,990.0,424.0,431.0,426.0
4222.0,986.0,991.0,982.0,422.0,421.0,420.0
4217.0,981.0,997.0,980.0,416.0,425.0,418.0
4223.0,1007.0,973.0,980.0,421.0,428.0,414.0
4163.0,971.0,969.0,983.0,412.0,416.0,412.0
4172.0,979.0,975.0,974.0,414.0,416.0,414.0
4182.0,980.0,972.0,983.0,416.0,414.0,417.0
4236.0,968.0,989.0,1010.0,425.0,417.0,427.0
4224.0,973.0,980.0,994.0,423.0,424.0,430.0
4285.0,992.0,994.0,1013.0,431.0,425.0,430.0
4339.0,1009.0,1003.0,1027.0,437.0,429.0,434.0
4350.0,1016.0,1027.0,1010.0,432.0,432.0,433.0
4312.0,1007.0,998.0,1006.0,433.0,432.0,436.0
4303.0,996.0,1014.0,992.0,430.0,438.0,433.0
4247.0,992.0,990.0,983.0,424.0,429.0,429.0
4244.0,1006.0,977.0,997.0,416.0,428.0,420.0
4241.0,998.0,993.0,990.0,415.0,428.0,417.0
4200.0,988.0,981.0,970.0,418.0,426.0,417.0
4210.0,975.0,983.0,989.0,423.0,427.0,413.0
4187.0,979.0,970.0,983.0,422.0,419.0,414.0
4239.0,983.0,997.0,984.0,426.0,425.0,424.0
4282.0,991.0,1010.0,1008.0,429.0,421.0,423.0
4303.0,1008.0,1015.0,1004.0,429.0,424.0,423.0
4376.0,1029.0,1021.0,1022.0,440.0,425.0,439.0
4374.0,1033.0,1024.0,1013.0,434.0,438.0,432.0
4344.0,1007.0,1019.0,1015.0,438.0,428.0,437.0
4312.0,984.0,1015.0,1016.0,436.0,430.0,431.0
4283.0,1005.0,1006.0,992.0,427.0,428.0,425.0
4275.0,993.0,991.0,1005.0,425.0,430.0,431.0
4256.0,1007.0,999.0,966.0,427.0,425.0,432.0
4233.0,988.0,983.0,993.0,416.0,424.0,429.0
4256.0,1003.0,979.0,1003.0,418.0,429.0,424.0
4257.0,977.0,1001.0,1001.0,418.0,431.0,429.0
4289.0,993.0,985.0,1016.0,428.0,434.0,433.0
4280.0,991.0,1000.0,994.0,430.0,437.0,428.0
4294.0,993.0,996.0,1003.0,432.0,437.0,433.0
4367.0,1028.0,1010.0,1020.0,442.0,434.0,433.0
4395.0,1029.0,1032.0,1016.0,445.0,435.0,438.0
4337.0,1021.0,1034.0,984.0,438.0,429.0,431.0
4320.0,1000.0,1020.0,1001.0,435.0,430.0,434.0
4319.0,994.0,1023.0,1016.0,432.0,424.0,430.0
4274.0,994.0,1009.0,992.0,428.0,426.0,425.0
4304.0,1008.0,1000.0,1023.0,431.0,425.0,417.0
4249.0,1004.0,978.0,991.0,423.0,423.0,430.0
4250.0,980.0,990.0,1004.0,421.0,428.0,427.0
4226.0,978.0,986.0,1001.0,422.0,421.0,418.0
4274.0,989.0,991.0,1002.0,426.0,431.0,435.0
4311.0,994.0,1023.0,1003.0,431.0,434.0,426.0
4384.0,1029.0,1023.0,1013.0,439.0,441.0,439.0
4405.0,1042.0,1023.0,1003.0,447.0,447.0,443.0
4426.0,1029.0,1036.0,1024.0,443.0,445.0,449.0
4403.0,1010.0,1033.0,1020.0,442.0,448.0,450.0
4382.0,1018.0,1032.0,1014.0,436.0,445.0,437.0
4388.0,1026.0,1008.0,1032.0,441.0,441.0,440.0
4359.0,1033.0,1011.0,1019.0,432.0,433.0,431.0
4313.0,1011.0,998.0,1018.0,435.0,424.0,427.0
4277.0,998.0,993.0,1003.0,431.0,421.0,431.0
4250.0,978.0,1002.0,985.0,427.0,431.0,427.0
4281.0,976.0,1020.0,1009.0,424.0,426.0,426.0
4271.0,998.0,998.0,999.0,430.0,422.0,424.0
4338.0,1018.0,1030.0,1005.0,429.0,428.0,428.0
4359.0,1032.0,1013.0,1007.0,436.0,437.0,434.0
4415.0,1034.0,1028.0,1037.0,434.0,440.0,442.0
4414.0,1022.0,1021.0,1029.0,446.0,448.0,448.0
4415.0,1014.0,1036.0,1035.0,446.0,444.0,440.0
4460.0,1022.0,1036.0,1060.0,446.0,448.0,448.0
4370.0,1011.0,1011.0,1031.0,435.0,442.0,440.0
4386.0,1035.0,1012.0,1028.0,439.0,431.0,441.0
4325.0,1004.0,1012.0,1010.0,437.0,429.0,433.0
4298.0,1024.0,996.0,988.0,422.0,434.0,434.0
4284.0,996.0,992.0,1003.0,432.0,430.0,431.0
4318.0,1002.0,1007.0,1019.0,428.0,425.0,437.0
4311.0,1009.0,1000.0,1003.0,430.0,436.0,433.0
4364.0,1018.0,1009.0,1029.0,433.0,439.0,436.0
4378.0,1017.0,1022.0,1020.0,437.0,441.0,441.0
4439.0,1041.0,1032.0,1035.0,440.0,445.0,446.0
4459.0,1055.0,1043.0,1035.0,444.0,443.0,439.0
4455.0,1022.0,1040.0,1053.0,448.0,446.0,446.0
4449.0,1010.0,1055.0,1056.0,441.0,443.0,444.0
4409.0,1020.0,1036.0,1040.0,437.0,435.0,441.0
4370.0,1019.0,1012.0,1030.0,440.0,435.0,434.0
4351.0,1012.0,1017.0,1018.0,435.0,437.0,432.0
4327.0,1009.0,1009.0,1011.0,433.0,433.0,432.0
4307.0,1004.0,1008.0,997.0,430.0,435.0,433.0
4351.0,1001.0,1018.0,1012.0,440.0,437.0,443.0
4372.0,1015.0,1028.0,1014.0,442.0,441.0,432.0
4421.0,1033.0,1050.0,1016.0,439.0,437.0,446.0
4471.0,1048.0,1051.0,1022.0,449.0,443.0,458.0
4490.0,1055.0,1039.0,1051.0,445.0,450.0,450.0
4480.0,1063.0,1029.0,1058.0,440.0,440.0,450.0
4496.0,1053.0,1031.0,1059.0,453.0,445.0,455.0
4424.0,1006.0,1035.0,1046.0,445.0,442.0,450.0
4437.0,1029.0,1040.0,1040.0,446.0,437.0,445.0
4402.0,1018.0,1035.0,1034.0,445.0,434.0,436.0
4349.0,1021.0,1019.0,1005.0,435.0,431.0,438.0
4357.0,1028.0,1025.0,999.0,439.0,434.0,432.0
4364.0,1013.0,1029.0,1015.0,436.0,437.0,434.0
4338.0,1009.0,1002.0,1011.0,437.0,443.0,436.0
4362.0,1028.0,1008.0,1019.0,439.0,436.0,432.0
4418.0,1020.0,1015.0,1047.0,440.0,452.0,444.0
4485.0,1052.0,1033.0,1059.0,441.0,455.0,445.0
4507.0,1064.0,1046.0,1054.0,442.0,456.0,445.0
4524.0,1057.0,1051.0,1061.0,450.0,453.0,452.0
4510.0,1036.0,1061.0,1069.0,444.0,452.0,448.0
4464.0,1037.0,1029.0,1048.0,444.0,453.0,453.0
4444.0,1040.0,1044.0,1032.0,440.0,443.0,445.0
4433.0,1041.0,1025.0,1040.0,441.0,438.0,448.0
4401.0,1038.0,1035.0,1010.0,444.0,430.0,444.0
4366.0,1031.0,999.0,1022.0,439.0,432.0,443.0
4323.0,1020.0,1001.0,995.0,440.0,426.0,441.0
4357.0,1007.0,1015.0,1020.0,443.0,433.0,439.0
4422.0,1019.0,1043.0,1031.0,441.0,440.0,448.0
4464.0,1043.0,1034.0,1050.0,447.0,448.0,442.0
4490.0,1029.0,1060.0,1043.0,453.0,452.0,453.0
4561.0,1071.0,1072.0,1056.0,455.0,450.0,457.0
4567.0,1066.0,1063.0,1073.0,449.0,462.0,454.0
4506.0,1044.0,1041.0,1061.0,452.0,453.0,455.0
4470.0,1035.0,1041.0,1039.0,446.0,456.0,453.0
4470.0,1040.0,1037.0,1039.0,455.0,449.0,450.0
4451.0,1048.0,1033.0,1043.0,438.0,450.0,439.0
4434.0,1040.0,1029.0,1029.0,448.0,452.0,436.0
4421.0,1046.0,1043.0,1012.0,440.0,439.0,441.0
4422.0,1030.0,1039.0,1039.0,434.0,438.0,442.0
4424.0,1015.0,1045.0,1039.0,439.0,441.0,445.0
4454.0,1027.0,1047.0,1051.0,442.0,440.0,447.0
4479.0,1048.0,1033.0,1058.0,446.0,441.0,453.0
4540.0,1069.0,1040.0,1064.0,461.0,453.0,453.0
4589.0,1077.0,1070.0,1070.0,462.0,450.0,460.0
4554.0,1067.0,1042.0,1068.0,461.0,454.0,462.0
4544.0,1057.0,1075.0,1050.0,447.0,455.0,460.0
4535.0,1048.0,1079.0,1052.0,449.0,452.0,455.0
4512.0,1058.0,1064.0,1033.0,446.0,454.0,457.0
4486.0,1039.0,1055.0,1047.0,447.0,452.0,446.0
4501.0,1052.0,1067.0,1051.0,440.0,445.0,446.0
4407.0,1024.0,1023.0,1036.0,443.0,446.0,435.0
4453.0,1037.0,1036.0,1048.0,448.0,441.0,443.0
4444.0,1031.0,1034.0,1039.0,445.0,453.0,442.0
4472.0,1037.0,1035.0,1064.0,445.0,447.0,444.0
4537.0,1036.0,1066.0,1065.0,462.0,457.0,451.0
4553.0,1081.0,1073.0,1041.0,449.0,458.0,451.0
4563.0,1082.0,1070.0,1048.0,458.0,448.0,457.0
4602.0,1075.0,1091.0,1064.0,459.0,455.0,458.0
4565.0,1068.0,1068.0,1053.0,460.0,457.0,459.0
4552.0,1046.0,1060.0,1067.0,462.0,461.0,456.0
4528.0,1060.0,1054.0,1054.0,450.0,457.0,453.0
4530.0,1067.0,1057.0,1048.0,453.0,448.0,457.0
4466.0,1042.0,1051.0,1026.0,444.0,453.0,450.0
4512.0,1070.0,1049.0,1053.0,450.0,442.0,448.0
4473.0,1034.0,1044.0,1042.0,449.0,450.0,454.0
4505.0,1044.0,1064.0,1051.0,448.0,447.0,451.0
4482.0,1036.0,1042.0,1047.0,454.0,450.0,453.0
4554.0,1064.0,1056.0,1062.0,455.0,463.0,454.0
4587.0,1065.0,1075.0,1074.0,455.0,460.0,458.0
4598.0,1075.0,1072.0,1052.0,471.0,463.0,465.0
4624.0,1079.0,1083.0,1075.0,466.0,460.0,461.0
4597.0,1062.0,1083.0,1062.0,468.0,458.0,464.0
4574.0,1061.0,1071.0,1069.0,461.0,454.0,458.0
4563.0,1070.0,1061.0,1063.0,462.0,451.0,456.0
4522.0,1050.0,1052.0,1069.0,454.0,451.0,446.0
4532.0,1051.0,1065.0,1065.0,448.0,452.0,451.0
4496.0,1052.0,1053.0,1055.0,442.0,445.0,449.0
4465.0,1036.0,1061.0,1035.0,442.0,440.0,451.0
4460.0,1031.0,1039.0,1055.0,449.0,443.0,443.0
4522.0,1050.0,1056.0,1054.0,453.0,458.0,451.0
4597.0,1060.0,1080.0,1076.0,457.0,463.0,461.0
4647.0,1084.0,1081.0,1086.0,463.0,466.0,467.0
4656.0,1084.0,1103.0,1072.0,470.0,461.0,466.0
4644.0,1082.0,1102.0,1067.0,466.0,472.0,455.0
4607.0,1073.0,1082.0,1060.0,462.0,466.0,464.0
4621.0,1077.0,1069.0,1076.0,461.0,473.0,465.0
4619.0,1081.0,1073.0,1067.0,465.0,468.0,465.0
4585.0,1067.0,1066.0,1069.0,462.0,465.0,456.0
4534.0,1060.0,1048.0,1069.0,448.0,455.0,454.0
4487.0,1044.0,1057.0,1056.0,438.0,447.0,445.0
4478.0,1029.0,1054.0,1054.0,445.0,451.0,445.0
4506.0,1038.0,1060.0,1047.0,451.0,458.0,452.0
4513.0,1043.0,1066.0,1055.0,451.0,447.0,451.0
4580.0,1070.0,1077.0,1061.0,457.0,457.0,458.0
4619.0,1070.0,1083.0,1077.0,466.0,461.0,462.0
4674.0,1107.0,1083.0,1095.0,470.0,457.0,462.0
4681.0,1102.0,1088.0,1079.0,475.0,466.0,471.0
4639.0,1095.0,1069.0,1066.0,473.0,469.0,467.0
4620.0,1069.0,1071.0,1085.0,461.0,466.0,468.0
4616.0,1074.0,1065.0,1084.0,463.0,467.0,463.0
4582.0,1063.0,1055.0,1083.0,454.0,461.0,466.0
4590.0,1084.0,1068.0,1069.0,457.0,456.0,456.0
4514.0,1053.0,1042.0,1060.0,450.0,452.0,457.0
4518.0,1052.0,1050.0,1054.0,450.0,452.0,460.0
4550.0,1064.0,1052.0,1071.0,451.0,451.0,461.0
4563.0,1083.0,1046.0,1057.0,454.0,462.0,461.0
4616.0,1078.0,1069.0,1078.0,461.0,463.0,467.0
4641.0,1085.0,1082.0,1088.0,459.0,462.0,465.0
4638.0,1077.0,1087.0,1086.0,465.0,459.0,464.0
4706.0,1115.0,1090.0,1100.0,462.0,469.0,470.0
4682.0,1090.0,1109.0,1092.0,468.0,458.0,465.0
4667.0,1063.0,1103.0,1108.0,470.0,465.0,458.0
4657.0,1089.0,1079.0,1102.0,470.0,458.0,459.0
4629.0,1085.0,1082.0,1085.0,461.0,456.0,460.0
4584.0,1074.0,1062.0,1072.0,461.0,462.0,453.0
4584.0,1065.0,1055.0,1079.0,462.0,462.0,461.0
4568.0,1069.0,1053.0,1071.0,460.0,461.0,454.0
4545.0,1061.0,1058.0,1049.0,456.0,467.0,454.0
4604.0,1074.0,1072.0,1070.0,458.0,463.0,467.0
4670.0,1095.0,1092.0,1087.0,459.0,471.0,466.0
4695.0,1105.0,1090.0,1091.0,461.0,468.0,480.0
4720.0,1110.0,1096.0,1105.0,469.0,468.0,472.0
4747.0,1108.0,1105.0,1112.0,469.0,473.0,480.0
4709.0,1082.0,1091.0,1117.0,470.0,472.0,477.0
4671.0,1077.0,1074.0,1114.0,473.0,463.0,470.0
4667.0,1091.0,1071.0,1104.0,465.0,472.0,464.0
4647.0,1091.0,1085.0,1078.0,467.0,462.0,464.0
4633.0,1087.0,1090.0,1080.0,464.0,457.0,455.0
4591.0,1084.0,1077.0,1060.0,461.0,453.0,456.0
4554.0,1063.0,1075.0,1053.0,455.0,456.0,452.0
4565.0,1068.0,1074.0,1047.0,458.0,462.0,456.0
4607.0,1064.0,1083.0,1078.0,465.0,459.0,458.0
4646.0,1089.0,1083.0,1078.0,461.0,461.0,474.0
4705.0,1110.0,1108.0,1095.0,459.0,468.0,465.0
4749.0,1107.0,1094.0,1118.0,470.0,489.0,471.0
4774.0,1126.0,1101.0,1122.0,473.0,478.0,474.0
4771.0,1116.0,1119.0,1104.0,472.0,483.0,477.0
4756.0,1105.0,1119.0,1113.0,475.0,472.0,472.0
4698.0,1090.0,1101.0,1093.0,470.0,477.0,467.0
4651.0,1078.0,1086.0,1089.0,472.0,457.0,469.0
4656.0,1088.0,1087.0,1088.0,467.0,458.0,468.0
4608.0,1088.0,1074.0,1064.0,461.0,457.0,464.0
4598.0,1073.0,1069.0,1076.0,463.0,455.0,462.0
4635.0,1078.0,1088.0,1076.0,465.0,460.0,468.0
4639.0,1081.0,1088.0,1080.0,465.0,462.0,463.0
4704.0,1091.0,1109.0,1100.0,467.0,460.0,477.0
4758.0,1116.0,1118.0,1117.0,465.0,471.0,471.0
4788.0,1128.0,1103.0,1124.0,473.0,479.0,481.0
4795.0,1112.0,1117.0,1130.0,478.0,476.0,482.0
4754.0,1108.0,1110.0,1110.0,470.0,475.0,481.0
4724.0,1101.0,1105.0,1091.0,474.0,484.0,469.0
4727.0,1104.0,1099.0,1106.0,474.0,474.0,470.0
4668.0,1098.0,1078.0,1084.0,468.0,471.0,469.0
4649.0,1086.0,1087.0,1080.0,470.0,460.0,466.0
4652.0,1103.0,1076.0,1080.0,467.0,468.0,458.0
4659.0,1073.0,1096.0,1085.0,474.0,463.0,468.0
4675.0,1070.0,1107.0,1089.0,472.0,467.0,470.0
4707.0,1092.0,1104.0,1104.0,472.0,466.0,469.0
4714.0,1100.0,1104.0,1106.0,469.0,463.0,472.0
4784.0,1111.0,1128.0,1111.0,480.0,473.0,481.0
4775.0,1118.0,1109.0,1117.0,481.0,470.0,480.0
4800.0,1122.0,1107.0,1133.0,475.0,480.0,483.0
4782.0,1108.0,1104.0,1133.0,475.0,482.0,480.0
4777.0,1114.0,1112.0,1120.0,478.0,475.0,478.0
4711.0,1092.0,1116.0,1087.0,474.0,474.0,468.0
4702.0,1107.0,1103.0,1084.0,473.0,470.0,465.0
4704.0,1112.0,1106.0,1080.0,466.0,472.0,468.0
4688.0,1098.0,1088.0,1088.0,470.0,472.0,472.0
4642.0,1078.0,1075.0,1083.0,473.0,470.0,463.0
4662.0,1077.0,1079.0,1106.0,476.0,469.0,455.0
4700.0,1090.0,1092.0,1102.0,473.0,478.0,465.0
4747.0,1101.0,1098.0,1112.0,485.0,478.0,473.0
4806.0,1134.0,1120.0,1129.0,472.0,479.0,472.0
4819.0,1116.0,1134.0,1122.0,485.0,481.0,481.0
4850.0,1142.0,1152.0,1108.0,479.0,481.0,488.0
4818.0,1101.0,1151.0,1126.0,480.0,479.0,481.0
4773.0,1109.0,1126.0,1114.0,476.0,473.0,475.0
4734.0,1098.0,1118.0,1099.0,467.0,479.0,473.0
4745.0,1119.0,1103.0,1099.0,477.0,468.0,479.0
4713.0,1103.0,1086.0,1104.0,479.0,465.0,476.0
4691.0,1093.0,1099.0,1085.0,478.0,467.0,469.0
4686.0,1087.0,1077.0,1113.0,469.0,470.0,470.0
4762.0,1084.0,1130.0,1122.0,477.0,474.0,475.0
4716.0,1077.0,1106.0,1102.0,481.0,474.0,476.0
4770.0,1118.0,1118.0,1102.0,472.0,481.0,479.0
4784.0,1108.0,1124.0,1106.0,482.0,483.0,481.0
4850.0,1146.0,1121.0,1130.0,486.0,488.0,479.0
4813.0,1128.0,1102.0,1127.0,486.0,480.0,490.0
4868.0,1135.0,1138.0,1137.0,485.0,494.0,479.0
4799.0,1116.0,1115.0,1120.0,481.0,485.0,482.0
4768.0,1107.0,1107.0,1124.0,475.0,477.0,478.0
4749.0,1123.0,1111.0,1109.0,466.0,470.0,470.0
4737.0,1107.0,1115.0,1101.0,471.0,474.0,469.0
4717.0,1091.0,1119.0,1099.0,468.0,468.0,472.0
4722.0,1097.0,1108.0,1098.0,486.0,465.0,468.0
4722.0,1080.0,1117.0,1109.0,474.0,471.0,471.0
4751.0,1099.0,1112.0,1112.0,479.0,476.0,473.0
4825.0,1131.0,1108.0,1130.0,489.0,486.0,481.0
4835.0,1143.0,1110.0,1124.0,485.0,486.0,487.0
4873.0,1141.0,1138.0,1127.0,485.0,485.0,497.0
4887.0,1141.0,1145.0,1125.0,495.0,496.0,485.0
4875.0,1127.0,1148.0,1135.0,484.0,491.0,490.0
4856.0,1119.0,1148.0,1119.0,488.0,492.0,490.0
4822.0,1125.0,1134.0,1121.0,482.0,483.0,477.0
4780.0,1119.0,1113.0,1109.0,480.0,481.0,478.0
4752.0,1116.0,1096.0,1131.0,468.0,471.0,470.0
4759.0,1112.0,1108.0,1111.0,477.0,478.0,473.0
4707.0,1085.0,1103.0,1113.0,470.0,469.0,467.0
4782.0,1120.0,1113.0,1119.0,479.0,473.0,478.0
4764.0,1114.0,1113.0,1115.0,472.0,471.0,479.0
4831.0,1115.0,1142.0,1117.0,493.0,485.0,479.0
4836.0,1140.0,1132.0,1107.0,492.0,478.0,487.0
4872.0,1135.0,1136.0,1128.0,492.0,489.0,492.0
4905.0,1140.0,1157.0,1142.0,484.0,494.0,488.0
4926.0,1130.0,1157.0,1156.0,496.0,495.0,492.0
4893.0,1139.0,1137.0,1150.0,490.0,486.0,491.0
4822.0,1114.0,1110.0,1134.0,487.0,490.0,487.0
4851.0,1124.0,1125.0,1138.0,480.0,491.0,493.0
4791.0,1112.0,1111.0,1131.0,473.0,484.0,480.0
4781.0,1119.0,1127.0,1106.0,469.0,483.0,477.0
4793.0,1107.0,1134.0,1109.0,481.0,477.0,485.0
4755.0,1093.0,1120.0,1105.0,480.0,479.0,478.0
4801.0,1131.0,1110.0,1114.0,481.0,484.0,481.0
4835.0,1142.0,1120.0,1126.0,485.0,479.0,483.0
4881.0,1143.0,1123.0,1144.0,495.0,487.0,489.0
4904.0,1161.0,1139.0,1138.0,491.0,486.0,489.0
4930.0,1149.0,1140.0,1146.0,511.0,489.0,495.0
4919.0,1143.0,1163.0,1144.0,496.0,480.0,493.0
4903.0,1152.0,1134.0,1143.0,495.0,491.0,488.0
4881.0,1130.0,1140.0,1151.0,484.0,493.0,483.0
4854.0,1147.0,1130.0,1132.0,485.0,487.0,473.0
4794.0,1130.0,1119.0,1107.0,479.0,483.0,476.0
4797.0,1127.0,1116.0,1125.0,475.0,479.0,475.0
4796.0,1134.0,1114.0,1101.0,478.0,486.0,483.0
4810.0,1117.0,1131.0,1124.0,477.0,482.0,479.0
4776.0,1102.0,1123.0,1110.0,475.0,489.0,477.0
4871.0,1138.0,1120.0,1134.0,490.0,497.0,492.0
4925.0,1142.0,1151.0,1142.0,499.0,489.0,502.0
4939.0,1146.0,1158.0,1147.0,491.0,495.0,502.0
4978.0,1151.0,1173.0,1162.0,498.0,490.0,504.0
4963.0,1152.0,1155.0,1168.0,497.0,491.0,500.0
4931.0,1134.0,1160.0,1158.0,490.0,497.0,492.0
4868.0,1129.0,1125.0,1142.0,493.0,490.0,489.0
4852.0,1138.0,1107.0,1140.0,490.0,486.0,491.0
4833.0,1142.0,1129.0,1125.0,485.0,473.0,479.0
4820.0,1128.0,1140.0,1114.0,482.0,476.0,480.0
4796.0,1110.0,1124.0,1119.0,483.0,478.0,482.0
4776.0,1096.0,1138.0,1111.0,473.0,482.0,476.0
4829.0,1121.0,1140.0,1125.0,478.0,487.0,478.0
4938.0,1152.0,1165.0,1149.0,497.0,491.0,484.0
4974.0,1169.0,1158.0,1166.0,494.0,500.0,487.0
5005.0,1175.0,1154.0,1178.0,494.0,500.0,504.0
4995.0,1163.0,1155.0,1175.0,497.0,506.0,499.0
4998.0,1155.0,1169.0,1165.0,505.0,500.0,504.0
4967.0,1157.0,1157.0,1157.0,504.0,491.0,501.0
4966.0,1142.0,1161.0,1160.0,498.0,504.0,501.0
4893.0,1148.0,1150.0,1127.0,488.0,487.0,493.0
4884.0,1128.0,1148.0,1135.0,497.0,489.0,487.0
4885.0,1145.0,1158.0,1123.0,483.0,486.0,490.0
4826.0,1123.0,1124.0,1129.0,482.0,481.0,487.0
4832.0,1113.0,1131.0,1136.0,480.0,479.0,493.0
4859.0,1139.0,1122.0,1141.0,486.0,479.0,492.0
4915.0,1137.0,1144.0,1160.0,491.0,490.0,493.0
4941.0,1157.0,1141.0,1165.0,493.0,491.0,494.0
5037.0,1185.0,1182.0,1168.0,500.0,499.0,503.0
5020.0,1158.0,1183.0,1188.0,492.0,502.0,497.0
5017.0,1157.0,1178.0,1188.0,499.0,504.0,491.0
4952.0,1147.0,1154.0,1153.0,504.0,498.0,496.0
4961.0,1157.0,1172.0,1147.0,498.0,495.0,492.0
4926.0,1136.0,1158.0,1154.0,497.0,496.0,485.0
4886.0,1161.0,1121.0,1136.0,488.0,495.0,485.0
4871.0,1142.0,1125.0,1129.0,497.0,493.0,485.0
4841.0,1130.0,1127.0,1125.0,485.0,487.0,487.0
4884.0,1123.0,1139.0,1145.0,494.0,487.0,496.0
4937.0,1142.0,1155.0,1162.0,486.0,490.0,502.0
4990.0,1170.0,1167.0,1170.0,487.0,495.0,501.0
4986.0,1171.0,1155.0,1168.0,497.0,498.0,497.0
5013.0,1167.0,1174.0,1174.0,495.0,501.0,502.0
5017.0,1174.0,1167.0,1175.0,501.0,493.0,507.0
5010.0,1173.0,1165.0,1164.0,508.0,502.0,498.0
4993.0,1162.0,1175.0,1162.0,498.0,493.0,503.0
4981.0,1155.0,1171.0,1153.0,508.0,499.0,495.0
4974.0,1167.0,1162.0,1154.0,502.0,491.0,498.0
4934.0,1161.0,1153.0,1134.0,496.0,496.0,494.0
4902.0,1139.0,1155.0,1129.0,489.0,499.0,491.0
4870.0,1122.0,1143.0,1142.0,488.0,484.0,491.0
4944.0,1143.0,1156.0,1153.0,496.0,499.0,497.0
4945.0,1161.0,1134.0,1160.0,497.0,504.0,489.0
4975.0,1154.0,1148.0,1187.0,496.0,497.0,493.0
5031.0,1177.0,1159.0,1186.0,504.0,507.0,498.0
5048.0,1197.0,1172.0,1169.0,501.0,506.0,503.0
5060.0,1196.0,1182.0,1171.0,500.0,510.0,501.0
5027.0,1172.0,1181.0,1165.0,499.0,504.0,506.0
5068.0,1183.0,1177.0,1192.0,513.0,498.0,505.0
4999.0,1172.0,1174.0,1157.0,499.0,496.0,501.0
4980.0,1159.0,1168.0,1161.0,493.0,495.0,504.0
4902.0,1142.0,1125.0,1154.0,492.0,488.0,501.0
4927.0,1149.0,1143.0,1146.0,502.0,491.0,496.0
4957.0,1152.0,1145.0,1166.0,505.0,489.0,500.0
4968.0,1149.0,1160.0,1168.0,500.0,496.0,495.0
4969.0,1147.0,1157.0,1170.0,496.0,495.0,504.0
5003.0,1158.0,1174.0,1173.0,497.0,500.0,501.0
5016.0,1167.0,1188.0,1156.0,502.0,504.0,499.0
5066.0,1175.0,1184.0,1185.0,504.0,510.0,508.0
5056.0,1186.0,1183.0,1168.0,492.0,519.0,508.0
5044.0,1163.0,1175.0,1190.0,501.0,515.0,500.0
5014.0,1172.0,1160.0,1171.0,501.0,506.0,504.0
5014.0,1165.0,1173.0,1172.0,498.0,505.0,501.0
5015.0,1171.0,1171.0,1172.0,502.0,495.0,504.0
4988.0,1186.0,1161.0,1159.0,495.0,496.0,491.0
4971.0,1164.0,1157.0,1156.0,494.0,499.0,501.0
4974.0,1150.0,1167.0,1167.0,503.0,489.0,498.0
4959.0,1146.0,1165.0,1152.0,503.0,498.0,495.0
4969.0,1144.0,1161.0,1175.0,496.0,494.0,499.0
5011.0,1184.0,1154.0,1161.0,506.0,499.0,507.0
5085.0,1199.0,1179.0,1183.0,512.0,501.0,511.0
5078.0,1191.0,1179.0,1180.0,510.0,506.0,512.0
5127.0,1196.0,1194.0,1196.0,506.0,513.0,522.0
5095.0,1179.0,1182.0,1197.0,507.0,516.0,514.0
5088.0,1185.0,1175.0,1201.0,504.0,511.0,512.0
5046.0,1164.0,1193.0,1172.0,504.0,516.0,497.0
5057.0,1179.0,1178.0,1189.0,500.0,506.0,505.0
5033.0,1190.0,1157.0,1180.0,494.0,508.0,504.0
5002.0,1171.0,1151.0,1187.0,497.0,502.0,494.0
4954.0,1151.0,1146.0,1164.0,503.0,501.0,489.0
4991.0,1165.0,1149.0,1171.0,501.0,503.0,502.0
5027.0,1181.0,1172.0,1164.0,505.0,502.0,503.0
5029.0,1184.0,1163.0,1169.0,504.0,506.0,503.0
5069.0,1197.0,1178.0,1183.0,505.0,507.0,499.0
5108.0,1197.0,1184.0,1196.0,509.0,513.0,509.0
5134.0,1205.0,1209.0,1184.0,515.0,512.0,509.0
5139.0,1212.0,1174.0,1211.0,518.0,506.0,518.0
5103.0,1173.0,1197.0,1192.0,513.0,516.0,512.0
5092.0,1188.0,1178.0,1203.0,502.0,510.0,511.0
5067.0,1186.0,1170.0,1193.0,501.0,504.0,513.0
5058.0,1194.0,1167.0,1192.0,498.0,502.0,505.0
4988.0,1169.0,1172.0,1144.0,494.0,503.0,506.0
5017.0,1148.0,1171.0,1183.0,504.0,509.0,502.0
5023.0,1179.0,1179.0,1164.0,503.0,499.0,499.0
5066.0,1161.0,1204.0,1176.0,503.0,509.0,513.0
5103.0,1194.0,1186.0,1178.0,515.0,514.0,516.0
5129.0,1200.0,1188.0,1193.0,520.0,516.0,512.0
5133.0,1207.0,1197.0,1193.0,517.0,514.0,505.0
5147.0,1210.0,1200.0,1200.0,514.0,515.0,508.0
5145.0,1192.0,1197.0,1213.0,520.0,506.0,517.0
5121.0,1192.0,1201.0,1201.0,508.0,507.0,512.0
5105.0,1192.0,1194.0,1195.0,507.0,510.0,507.0
5079.0,1195.0,1193.0,1182.0,501.0,502.0,506.0
5092.0,1188.0,1195.0,1193.0,497.0,508.0,511.0
5035.0,1184.0,1181.0,1167.0,497.0,506.0,500.0
5038.0,1186.0,1162.0,1184.0,499.0,503.0,504.0
4981.0,1157.0,1158.0,1162.0,497.0,505.0,502.0
5026.0,1175.0,1158.0,1166.0,507.0,505.0,515.0
5103.0,1194.0,1186.0,1180.0,513.0,515.0,515.0
5174.0,1216.0,1208.0,1189.0,523.0,516.0,522.0
5184.0,1213.0,1205.0,1200.0,520.0,525.0,521.0
5209.0,1214.0,1233.0,1215.0,520.0,512.0,515.0
5176.0,1202.0,1215.0,1197.0,523.0,520.0,519.0
5158.0,1204.0,1191.0,1223.0,515.0,512.0,513.0
5115.0,1190.0,1189.0,1198.0,505.0,522.0,511.0
5116.0,1202.0,1186.0,1202.0,506.0,509.0,511.0
5039.0,1192.0,1175.0,1166.0,508.0,494.0,504.0
5036.0,1186.0,1173.0,1169.0,500.0,501.0,507.0
5000.0,1166.0,1165.0,1158.0,506.0,503.0,502.0
5051.0,1175.0,1191.0,1175.0,505.0,503.0,502.0
5092.0,1183.0,1194.0,1187.0,507.0,509.0,512.0
5130.0,1184.0,1193.0,1211.0,521.0,514.0,507.0
5181.0,1208.0,1214.0,1215.0,518.0,515.0,511.0
5226.0,1217.0,1213.0,1231.0,523.0,517.0,525.0
5239.0,1206.0,1219.0,1229.0,531.0,528.0,526.0
5213.0,1198.0,1203.0,1242.0,519.0,532.0,519.0
5221.0,1217.0,1228.0,1209.0,521.0,524.0,522.0
5170.0,1189.0,1210.0,1219.0,519.0,518.0,515.0
5139.0,1194.0,1209.0,1192.0,511.0,516.0,517.0
5105.0,1188.0,1186.0,1191.0,514.0,516.0,510.0
5070.0,1204.0,1175.0,1178.0,500.0,502.0,511.0
5085.0,1188.0,1187.0,1186.0,500.0,508.0,516.0
5058.0,1181.0,1193.0,1179.0,506.0,493.0,506.0
5126.0,1189.0,1200.0,1198.0,511.0,513.0,515.0
5161.0,1201.0,1188.0,1228.0,515.0,509.0,520.0
5231.0,1220.0,1223.0,1230.0,519.0,521.0,518.0
5220.0,1220.0,1204.0,1230.0,524.0,519.0,523.0
5237.0,1229.0,1218.0,1229.0,521.0,522.0,518.0
5240.0,1222.0,1223.0,1215.0,529.0,526.0,525.0
5232.0,1216.0,1232.0,1223.0,521.0,519.0,521.0
5198.0,1225.0,1212.0,1214.0,519.0,516.0,512.0
5178.0,1213.0,1213.0,1203.0,510.0,522.0,517.0
5122.0,1210.0,1182.0,1187.0,518.0,514.0,511.0
5123.0,1204.0,1194.0,1191.0,506.0,522.0,506.0
5071.0,1173.0,1182.0,1187.0,511.0,511.0,507.0
5095.0,1185.0,1185.0,1193.0,505.0,513.0,514.0
5149.0,1181.0,1205.0,1215.0,515.0,513.0,520.0
5217.0,1221.0,1221.0,1217.0,523.0,520.0,515.0
5244.0,1221.0,1222.0,1229.0,524.0,527.0,521.0
5288.0,1249.0,1223.0,1244.0,530.0,520.0,522.0
5276.0,1238.0,1235.0,1231.0,528.0,516.0,528.0
5256.0,1217.0,1233.0,1235.0,527.0,519.0,525.0
5207.0,1198.0,1225.0,1225.0,527.0,511.0,521.0
5172.0,1203.0,1198.0,1199.0,518.0,530.0,524.0
5188.0,1221.0,1207.0,1206.0,517.0,517.0,520.0
5168.0,1209.0,1212.0,1199.0,517.0,518.0,513.0
5110.0,1193.0,1194.0,1204.0,502.0,508.0,509.0
5141.0,1194.0,1212.0,1197.0,514.0,519.0,505.0
5177.0,1207.0,1212.0,1213.0,513.0,519.0,513.0
5207.0,1214.0,1225.0,1228.0,507.0,519.0,514.0
5193.0,1211.0,1200.0,1219.0,520.0,530.0,513.0
5259.0,1237.0,1218.0,1236.0,521.0,528.0,519.0
5306.0,1244.0,1245.0,1236.0,526.0,533.0,522.0
5279.0,1226.0,1225.0,1228.0,526.0,539.0,535.0
5265.0,1222.0,1230.0,1231.0,534.0,523.0,525.0
5284.0,1220.0,1235.0,1229.0,534.0,540.0,526.0
5225.0,1220.0,1216.0,1211.0,523.0,525.0,530.0
5213.0,1213.0,1228.0,1206.0,524.0,518.0,524.0
5208.0,1206.0,1233.0,1219.0,522.0,512.0,516.0
5170.0,1212.0,1204.0,1202.0,521.0,508.0,523.0
5156.0,1197.0,1205.0,1206.0,519.0,507.0,522.0
5155.0,1191.0,1189.0,1226.0,519.0,515.0,515.0
5190.0,1199.0,1211.0,1220.0,521.0,514.0,525.0
5229.0,1220.0,1216.0,1223.0,526.0,523.0,521.0
5290.0,1249.0,1224.0,1231.0,520.0,538.0,528.0
5300.0,1244.0,1231.0,1237.0,526.0,531.0,531.0
5338.0,1251.0,1252.0,1243.0,531.0,532.0,529.0
5274.0,1214.0,1233.0,1235.0,532.0,533.0,527.0
5275.0,1218.0,1237.0,1226.0,535.0,534.0,525.0
5263.0,1215.0,1227.0,1222.0,539.0,538.0,522.0
5230.0,1223.0,1216.0,1212.0,519.0,531.0,529.0
5214.0,1229.0,1198.0,1230.0,518.0,518.0,521.0
5215.0,1211.0,1223.0,1218.0,522.0,522.0,519.0
5214.0,1195.0,1222.0,1225.0,524.0,521.0,527.0
5228.0,1213.0,1237.0,1223.0,517.0,517.0,521.0
5219.0,1203.0,1237.0,1219.0,521.0,517.0,522.0
5251.0,1230.0,1234.0,1206.0,522.0,527.0,532.0
5289.0,1238.0,1246.0,1224.0,527.0,526.0,528.0
5334.0,1257.0,1239.0,1238.0,528.0,537.0,535.0
5349.0,1247.0,1237.0,1252.0,532.0,539.0,542.0
5339.0,1247.0,1234.0,1249.0,535.0,536.0,538.0
5341.0,1240.0,1244.0,1250.0,530.0,538.0,539.0
5315.0,1250.0,1241.0,1239.0,521.0,529.0,535.0
5259.0,1229.0,1219.0,1230.0,529.0,525.0,527.0
5230.0,1219.0,1229.0,1221.0,519.0,525.0,517.0
5244.0,1211.0,1231.0,1230.0,534.0,527.0,511.0
5193.0,1207.0,1207.0,1224.0,522.0,518.0,515.0
5209.0,1213.0,1231.0,1215.0,522.0,516.0,512.0
5224.0,1215.0,1213.0,1230.0,525.0,519.0,522.0
5259.0,1247.0,1231.0,1210.0,528.0,520.0,523.0
5314.0,1250.0,1252.0,1236.0,527.0,528.0,521.0
5346.0,1249.0,1266.0,1233.0,536.0,530.0,532.0
5390.0,1255.0,1271.0,1258.0,530.0,537.0,539.0
5362.0,1242.0,1263.0,1247.0,532.0,539.0,539.0
5363.0,1242.0,1259.0,1250.0,537.0,540.0,535.0
5291.0,1228.0,1227.0,1242.0,529.0,528.0,537.0
5319.0,1250.0,1224.0,1244.0,535.0,534.0,532.0
5287.0,1235.0,1212.0,1246.0,531.0,531.0,532.0
5260.0,1227.0,1221.0,1225.0,528.0,527.0,532.0
5241.0,1224.0,1231.0,1220.0,518.0,527.0,521.0
5242.0,1211.0,1226.0,1228.0,528.0,521.0,528.0
5272.0,1224.0,1240.0,1214.0,532.0,531.0,531.0
5352.0,1256.0,1265.0,1243.0,532.0,529.0,527.0
5370.0,1260.0,1252.0,1253.0,535.0,536.0,534.0
5378.0,1263.0,1253.0,1248.0,536.0,538.0,540.0
5396.0,1257.0,1254.0,1262.0,542.0,544.0,537.0
5362.0,1244.0,1253.0,1256.0,532.0,542.0,535.0
5354.0,1262.0,1233.0,1260.0,531.0,535.0,533.0
5341.0,1242.0,1254.0,1250.0,534.0,530.0,531.0
5351.0,1262.0,1251.0,1260.0,525.0,523.0,530.0
5267.0,1236.0,1225.0,1234.0,525.0,526.0,521.0
5285.0,1243.0,1252.0,1218.0,527.0,521.0,524.0
5264.0,1224.0,1232.0,1222.0,532.0,529.0,525.0
5245.0,1226.0,1217.0,1214.0,527.0,534.0,527.0
5286.0,1242.0,1231.0,1210.0,541.0,531.0,531.0
5347.0,1251.0,1245.0,1237.0,533.0,540.0,541.0
5395.0,1269.0,1241.0,1269.0,535.0,530.0,551.0
5457.0,1258.0,1267.0,1284.0,548.0,550.0,550.0
5442.0,1264.0,1268.0,1273.0,546.0,545.0,546.0
5471.0,1276.0,1279.0,1281.0,537.0,551.0,547.0
5413.0,1251.0,1270.0,1270.0,538.0,544.0,540.0
5368.0,1252.0,1263.0,1248.0,530.0,536.0,539.0
5359.0,1250.0,1254.0,1253.0,536.0,529.0,537.0
5320.0,1243.0,1236.0,1252.0,527.0,529.0,533.0
5257.0,1227.0,1232.0,1228.0,525.0,521.0,524.0
5242.0,1222.0,1226.0,1212.0,533.0,528.0,521.0
5324.0,1246.0,1240.0,1243.0,537.0,530.0,528.0
5325.0,1236.0,1260.0,1232.0,539.0,529.0,529.0
5350.0,1241.0,1255.0,1241.0,536.0,540.0,537.0
5432.0,1264.0,1278.0,1264.0,546.0,540.0,540.0
5435.0,1285.0,1254.0,1267.0,544.0,543.0,542.0
5437.0,1261.0,1266.0,1283.0,543.0,536.0,548.0
5465.0,1260.0,1273.0,1290.0,543.0,550.0,549.0
5403.0,1250.0,1264.0,1259.0,543.0,548.0,539.0
5369.0,1243.0,1243.0,1256.0,540.0,542.0,545.0
5386.0,1269.0,1247.0,1254.0,535.0,538.0,543.0
5323.0,1250.0,1243.0,1233.0,529.0,536.0,532.0
5351.0,1244.0,1255.0,1248.0,535.0,533.0,536.0
5314.0,1233.0,1255.0,1238.0,527.0,526.0,535.0
5311.0,1240.0,1241.0,1238.0,532.0,529.0,531.0
5366.0,1243.0,1271.0,1253.0,534.0,534.0,531.0
5400.0,1261.0,1244.0,1273.0,545.0,539.0,538.0
5459.0,1280.0,1271.0,1281.0,543.0,539.0,545.0
5456.0,1281.0,1265.0,1275.0,546.0,544.0,545.0
5456.0,1274.0,1280.0,1278.0,538.0,540.0,546.0
5467.0,1255.0,1293.0,1276.0,550.0,550.0,543.0
5469.0,1259.0,1289.0,1286.0,543.0,548.0,544.0
5439.0,1282.0,1278.0,1256.0,542.0,543.0,538.0
5374.0,1250.0,1267.0,1237.0,537.0,542.0,541.0
5346.0,1258.0,1247.0,1242.0,535.0,527.0,537.0
5347.0,1256.0,1239.0,1241.0,535.0,540.0,536.0
5355.0,1254.0,1247.0,1242.0,534.0,539.0,539.0
5369.0,1267.0,1241.0,1257.0,532.0,538.0,534.0
5368.0,1245.0,1255.0,1260.0,534.0,533.0,541.0
5445.0,1257.0,1279.0,1272.0,549.0,547.0,541.0
5506.0,1290.0,1284.0,1288.0,550.0,544.0,550.0
5533.0,1292.0,1281.0,1300.0,554.0,552.0,554.0
5536.0,1304.0,1282.0,1287.0,556.0,553.0,554.0
5499.0,1285.0,1275.0,1281.0,551.0,550.0,557.0
5434.0,1261.0,1263.0,1269.0,551.0,543.0,547.0
5410.0,1265.0,1256.0,1257.0,545.0,539.0,548.0
5390.0,1272.0,1259.0,1253.0,532.0,534.0,540.0
5361.0,1271.0,1244.0,1240.0,535.0,536.0,535.0
5346.0,1247.0,1248.0,1253.0,538.0,529.0,531.0
5337.0,1232.0,1241.0,1255.0,539.0,536.0,534.0
5374.0,1232.0,1255.0,1274.0,538.0,539.0,536.0
5415.0,1262.0,1270.0,1256.0,537.0,547.0,543.0
5469.0,1270.0,1274.0,1294.0,542.0,551.0,538.0
5479.0,1266.0,1283.0,1285.0,547.0,553.0,545.0
5507.0,1291.0,1278.0,1291.0,553.0,545.0,549.0
5524.0,1277.0,1298.0,1286.0,561.0,554.0,548.0
5464.0,1277.0,1262.0,1270.0,553.0,547.0,555.0
5481.0,1269.0,1295.0,1263.0,553.0,551.0,550.0
5463.0,1269.0,1281.0,1274.0,547.0,539.0,553.0
5453.0,1276.0,1290.0,1255.0,546.0,545.0,541.0
5460.0,1272.0,1280.0,1282.0,536.0,546.0,544.0
5401.0,1262.0,1264.0,1266.0,534.0,534.0,541.0
5398.0,1269.0,1249.0,1258.0,530.0,543.0,549.0
5429.0,1276.0,1257.0,1274.0,541.0,540.0,541.0
5436.0,1268.0,1267.0,1269.0,535.0,548.0,549.0
5454.0,1276.0,1266.0,1272.0,544.0,547.0,549.0
5528.0,1300.0,1291.0,1284.0,542.0,556.0,555.0
5533.0,1294.0,1306.0,1273.0,559.0,551.0,550.0
5554.0,1291.0,1306.0,1292.0,554.0,558.0,553.0
5521.0,1277.0,1289.0,1293.0,549.0,561.0,552.0
5511.0,1281.0,1285.0,1288.0,553.0,559.0,545.0
5506.0,1292.0,1281.0,1277.0,553.0,554.0,549.0
5502.0,1301.0,1278.0,1276.0,559.0,547.0,541.0
5442.0,1290.0,1258.0,1277.0,542.0,541.0,534.0
5433.0,1276.0,1250.0,1278.0,547.0,540.0,542.0
5434.0,1255.0,1273.0,1280.0,540.0,541.0,545.0
5448.0,1261.0,1280.0,1283.0,542.0,541.0,541.0
5472.0,1270.0,1291.0,1274.0,543.0,541.0,553.0
5494.0,1282.0,1280.0,1280.0,551.0,547.0,554.0
5563.0,1317.0,1285.0,1295.0,552.0,550.0,564.0
5530.0,1295.0,1297.0,1278.0,546.0,552.0,562.0
5555.0,1296.0,1295.0,1289.0,557.0,552.0,566.0
5545.0,1302.0,1273.0,1291.0,556.0,559.0,564.0
5563.0,1306.0,1292.0,1286.0,564.0,553.0,562.0
5499.0,1270.0,1281.0,1294.0,554.0,552.0,548.0
5505.0,1277.0,1293.0,1287.0,554.0,551.0,543.0
5512.0,1296.0,1291.0,1275.0,550.0,555.0,545.0
5489.0,1272.0,1285.0,1289.0,545.0,551.0,547.0
5449.0,1288.0,1266.0,1272.0,543.0,544.0,536.0
5453.0,1259.0,1282.0,1271.0,550.0,545.0,546.0
5436.0,1280.0,1252.0,1269.0,542.0,550.0,543.0
5501.0,1290.0,1272.0,1276.0,554.0,554.0,555.0
5518.0,1306.0,1271.0,1281.0,556.0,550.0,554.0
5553.0,1302.0,1275.0,1303.0,553.0,564.0,556.0
5582.0,1294.0,1301.0,1314.0,558.0,556.0,559.0
5618.0,1308.0,1317.0,1318.0,560.0,556.0,559.0
5571.0,1288.0,1307.0,1313.0,555.0,545.0,563.0
5545.0,1281.0,1308.0,1304.0,550.0,546.0,556.0
5509.0,1280.0,1268.0,1298.0,556.0,550.0,557.0
5488.0,1278.0,1266.0,1293.0,550.0,550.0,551.0
5483.0,1293.0,1257.0,1281.0,551.0,550.0,551.0
5479.0,1267.0,1272.0,1282.0,555.0,548.0,555.0
5457.0,1266.0,1269.0,1273.0,546.0,547.0,556.0
5533.0,1297.0,1294.0,1277.0,549.0,557.0,559.0
5546.0,1289.0,1301.0,1290.0,549.0,560.0,557.0
5595.0,1312.0,1319.0,1292.0,556.0,559.0,557.0
5632.0,1322.0,1294.0,1327.0,561.0,567.0,561.0
5604.0,1313.0,1314.0,1297.0,564.0,559.0,557.0
5578.0,1300.0,1298.0,1299.0,562.0,563.0,556.0
5586.0,1310.0,1298.0,1309.0,556.0,555.0,558.0
5565.0,1300.0,1285.0,1315.0,560.0,553.0,552.0
5546.0,1292.0,1297.0,1290.0,561.0,547.0,559.0
5517.0,1281.0,1280.0,1297.0,564.0,544.0,551.0
5525.0,1282.0,1302.0,1287.0,559.0,543.0,552.0
5491.0,1273.0,1296.0,1276.0,556.0,546.0,544.0
5454.0,1256.0,1288.0,1263.0,557.0,544.0,546.0
5555.0,1293.0,1292.0,1297.0,556.0,559.0,558.0
5576.0,1302.0,1288.0,1303.0,559.0,564.0,560.0
5603.0,1321.0,1287.0,1305.0,555.0,563.0,572.0
5644.0,1314.0,1298.0,1334.0,561.0,568.0,569.0
5662.0,1319.0,1325.0,1322.0,557.0,566.0,573.0
5633.0,1310.0,1312.0,1322.0,558.0,563.0,568.0
5637.0,1305.0,1322.0,1316.0,560.0,569.0,565.0
5625.0,1304.0,1314.0,1329.0,556.0,559.0,563.0
5585.0,1292.0,1308.0,1313.0,558.0,555.0,559.0
5565.0,1313.0,1299.0,1287.0,557.0,556.0,553.0
5526.0,1302.0,1288.0,1287.0,551.0,547.0,551.0
5511.0,1285.0,1290.0,1284.0,556.0,546.0,550.0
5493.0,1292.0,1271.0,1280.0,555.0,545.0,550.0
5536.0,1303.0,1280.0,1296.0,559.0,555.0,543.0
5638.0,1320.0,1319.0,1316.0,569.0,553.0,561.0
5635.0,1325.0,1314.0,1315.0,567.0,559.0,555.0
5691.0,1329.0,1327.0,1335.0,564.0,571.0,565.0
5707.0,1324.0,1355.0,1326.0,563.0,575.0,564.0
5690.0,1328.0,1336.0,1330.0,560.0,566.0,570.0
5622.0,1307.0,1293.0,1332.0,558.0,565.0,567.0
5601.0,1300.0,1311.0,1304.0,556.0,566.0,564.0
5614.0,1316.0,1300.0,1309.0,560.0,565.0,564.0
5573.0,1317.0,1279.0,1297.0,558.0,562.0,560.0
5572.0,1306.0,1304.0,1283.0,556.0,561.0,562.0
5552.0,1284.0,1310.0,1283.0,560.0,558.0,557.0
5576.0,1293.0,1299.0,1301.0,556.0,564.0,563.0
5618.0,1305.0,1315.0,1315.0,564.0,563.0,556.0
5652.0,1310.0,1323.0,1325.0,562.0,561.0,571.0
5647.0,1325.0,1308.0,1324.0,563.0,564.0,563.0
5683.0,1331.0,1314.0,1336.0,562.0,570.0,570.0
5752.0,1350.0,1332.0,1360.0,574.0,566.0,570.0
5698.0,1333.0,1331.0,1326.0,565.0,575.0,568.0
5653.0,1306.0,1325.0,1325.0,562.0,568.0,567.0
5618.0,1300.0,1312.0,1326.0,555.0,563.0,562.0
5600.0,1321.0,1312.0,1297.0,553.0,564.0,553.0
5578.0,1311.0,1315.0,1275.0,554.0,563.0,560.0
5569.0,1310.0,1295.0,1292.0,555.0,562.0,555.0
5614.0,1305.0,1314.0,1307.0,560.0,567.0,561.0
5594.0,1304.0,1295.0,1309.0,558.0,562.0,566.0
5583.0,1288.0,1289.0,1313.0,564.0,567.0,562.0
5624.0,1313.0,1282.0,1326.0,572.0,565.0,566.0
5725.0,1336.0,1326.0,1343.0,576.0,573.0,571.0
5755.0,1343.0,1343.0,1338.0,577.0,573.0,581.0
5743.0,1333.0,1346.0,1341.0,570.0,578.0,575.0
5724.0,1327.0,1343.0,1331.0,572.0,571.0,580.0
5694.0,1319.0,1330.0,1329.0,566.0,578.0,572.0
5648.0,1322.0,1317.0,1321.0,553.0,563.0,572.0
5597.0,1324.0,1296.0,1303.0,554.0,558.0,562.0
5606.0,1318.0,1312.0,1300.0,558.0,555.0,563.0
5566.0,1308.0,1293.0,1302.0,550.0,561.0,552.0
5565.0,1284.0,1306.0,1301.0,556.0,558.0,560.0
5616.0,1292.0,1318.0,1322.0,561.0,561.0,562.0
5694.0,1328.0,1348.0,1332.0,562.0,567.0,557.0
5669.0,1309.0,1331.0,1329.0,571.0,570.0,559.0
5748.0,1354.0,1338.0,1340.0,573.0,573.0,570.0
5758.0,1346.0,1350.0,1336.0,575.0,579.0,572.0
5744.0,1328.0,1347.0,1327.0,586.0,575.0,581.0
5774.0,1352.0,1347.0,1340.0,573.0,581.0,581.0
5762.0,1342.0,1332.0,1352.0,581.0,576.0,579.0
5650.0,1321.0,1314.0,1313.0,566.0,568.0,568.0
5691.0,1337.0,1323.0,1322.0,573.0,568.0,568.0
5644.0,1322.0,1300.0,1326.0,562.0,563.0,571.0
5619.0,1318.0,1305.0,1318.0,553.0,558.0,567.0
5677.0,1311.0,1336.0,1342.0,561.0,561.0,566.0
5673.0,1310.0,1327.0,1336.0,567.0,567.0,566.0
5643.0,1317.0,1308.0,1324.0,563.0,565.0,566.0
5711.0,1332.0,1313.0,1356.0,570.0,569.0,571.0
5716.0,1343.0,1324.0,1335.0,571.0,566.0,577.0
5759.0,1359.0,1337.0,1338.0,575.0,577.0,573.0
5795.0,1346.0,1355.0,1351.0,587.0,586.0,570.0
5795.0,1344.0,1364.0,1346.0,586.0,581.0,574.0
5763.0,1332.0,1353.0,1344.0,583.0,579.0,572.0
5744.0,1337.0,1357.0,1331.0,571.0,579.0,569.0
5718.0,1350.0,1308.0,1344.0,575.0,573.0,568.0
5679.0,1324.0,1323.0,1326.0,565.0,571.0,570.0
5678.0,1312.0,1327.0,1337.0,570.0,566.0,566.0
5659.0,1329.0,1314.0,1321.0,565.0,570.0,560.0
5647.0,1314.0,1310.0,1323.0,569.0,562.0,569.0
5672.0,1312.0,1325.0,1335.0,562.0,561.0,577.0
5718.0,1334.0,1332.0,1335.0,567.0,575.0,575.0
5773.0,1348.0,1349.0,1343.0,578.0,570.0,585.0
5786.0,1366.0,1338.0,1341.0,581.0,577.0,583.0
5814.0,1366.0,1360.0,1345.0,581.0,574.0,588.0
5803.0,1356.0,1347.0,1352.0,585.0,577.0,586.0
5783.0,1342.0,1343.0,1361.0,577.0,573.0,587.0
5756.0,1320.0,1340.0,1360.0,577.0,573.0,586.0
5725.0,1330.0,1335.0,1350.0,570.0,569.0,571.0
5711.0,1339.0,1322.0,1336.0,571.0,573.0,570.0
5674.0,1307.0,1324.0,1334.0,571.0,573.0,565.0
5679.0,1319.0,1333.0,1322.0,563.0,573.0,569.0
5665.0,1309.0,1324.0,1334.0,558.0,575.0,565.0
5720.0,1332.0,1339.0,1338.0,563.0,581.0,567.0
5754.0,1340.0,1342.0,1345.0,569.0,576.0,582.0
5798.0,1371.0,1344.0,1349.0,574.0,579.0,581.0
5815.0,1369.0,1350.0,1355.0,583.0,582.0,576.0
5839.0,1368.0,1359.0,1360.0,590.0,582.0,580.0
5860.0,1348.0,1370.0,1379.0,590.0,585.0,588.0
5817.0,1354.0,1360.0,1360.0,587.0,576.0,580.0
5835.0,1368.0,1359.0,1374.0,578.0,574.0,582.0
5784.0,1333.0,1372.0,1340.0,580.0,577.0,582.0
5704.0,1336.0,1329.0,1338.0,573.0,565.0,563.0
5733.0,1351.0,1322.0,1339.0,575.0,569.0,577.0
5717.0,1332.0,1326.0,1338.0,570.0,576.0,575.0
5695.0,1324.0,1322.0,1336.0,573.0,569.0,571.0
5737.0,1338.0,1336.0,1330.0,575.0,580.0,578.0
5772.0,1352.0,1352.0,1338.0,574.0,579.0,577.0
5846.0,1363.0,1372.0,1350.0,586.0,589.0,586.0
5851.0,1367.0,1379.0,1360.0,576.0,592.0,577.0
5910.0,1379.0,1394.0,1373.0,588.0,595.0,581.0
5852.0,1363.0,1375.0,1367.0,585.0,580.0,582.0
5835.0,1364.0,1366.0,1366.0,588.0,577.0,574.0
5816.0,1358.0,1357.0,1361.0,587.0,574.0,579.0
5784.0,1349.0,1344.0,1363.0,577.0,577.0,574.0
5783.0,1363.0,1352.0,1344.0,582.0,567.0,575.0
5684.0,1329.0,1326.0,1317.0,574.0,568.0,570.0
5692.0,1328.0,1339.0,1312.0,570.0,568.0,575.0
5710.0,1325.0,1355.0,1317.0,575.0,572.0,566.0
5761.0,1328.0,1355.0,1347.0,576.0,574.0,581.0
5815.0,1364.0,1356.0,1344.0,586.0,580.0,585.0
5845.0,1363.0,1357.0,1360.0,583.0,589.0,593.0
5876.0,1375.0,1364.0,1372.0,586.0,589.0,590.0
5904.0,1384.0,1354.0,1397.0,587.0,589.0,593.0
5888.0,1372.0,1359.0,1380.0,592.0,598.0,587.0
5835.0,1352.0,1363.0,1361.0,579.0,591.0,589.0
5831.0,1346.0,1361.0,1359.0,584.0,588.0,593.0
5839.0,1359.0,1372.0,1352.0,587.0,585.0,584.0
5765.0,1342.0,1350.0,1339.0,580.0,576.0,578.0
5752.0,1337.0,1349.0,1343.0,573.0,572.0,578.0
5741.0,1337.0,1326.0,1345.0,586.0,575.0,572.0
5752.0,1340.0,1342.0,1338.0,579.0,580.0,573.0
5787.0,1342.0,1360.0,1346.0,581.0,578.0,580.0
5815.0,1363.0,1352.0,1354.0,581.0,581.0,584.0
5934.0,1393.0,1388.0,1389.0,589.0,583.0,592.0
5937.0,1391.0,1398.0,1393.0,582.0,587.0,586.0
5950.0,1397.0,1394.0,1391.0,585.0,591.0,592.0
5931.0,1384.0,1388.0,1378.0,591.0,594.0,596.0
5905.0,1368.0,1385.0,1375.0,595.0,590.0,592.0
5801.0,1351.0,1344.0,1340.0,593.0,586.0,587.0
5824.0,1352.0,1354.0,1356.0,585.0,586.0,591.0
5820.0,1363.0,1354.0,1352.0,588.0,581.0,582.0
5779.0,1350.0,1345.0,1348.0,575.0,583.0,578.0
5782.0,1339.0,1346.0,1344.0,581.0,588.0,584.0
5805.0,1344.0,1357.0,1356.0,584.0,583.0,581.0
5870.0,1364.0,1365.0,1375.0,589.0,588.0,589.0
5851.0,1366.0,1371.0,1358.0,582.0,586.0,588.0
5921.0,1384.0,1384.0,1392.0,588.0,588.0,585.0
5959.0,1388.0,1381.0,1409.0,593.0,591.0,597.0
5902.0,1381.0,1375.0,1374.0,594.0,592.0,586.0
5943.0,1399.0,1364.0,1404.0,595.0,590.0,591.0
5882.0,1361.0,1386.0,1367.0,589.0,589.0,590.0
5871.0,1371.0,1365.0,1365.0,590.0,587.0,593.0
5829.0,1368.0,1365.0,1351.0,579.0,583.0,583.0
5820.0,1366.0,1368.0,1334.0,584.0,584.0,584.0
5800.0,1366.0,1359.0,1340.0,582.0,578.0,575.0
5805.0,1360.0,1346.0,1357.0,583.0,579.0,580.0
5844.0,1349.0,1353.0,1374.0,589.0,590.0,589.0
5842.0,1367.0,1355.0,1362.0,586.0,588.0,584.0
5908.0,1365.0,1373.0,1401.0,594.0,585.0,590.0
5945.0,1392.0,1367.0,1397.0,598.0,595.0,596.0
5978.0,1414.0,1378.0,1400.0,591.0,596.0,599.0
5969.0,1390.0,1399.0,1389.0,594.0,601.0,596.0
5948.0,1387.0,1394.0,1381.0,591.0,593.0,602.0
5922.0,1393.0,1389.0,1371.0,582.0,594.0,593.0
5901.0,1368.0,1390.0,1367.0,587.0,597.0,592.0
5867.0,1377.0,1371.0,1356.0,586.0,587.0,590.0
5817.0,1369.0,1357.0,1339.0,588.0,579.0,585.0
5832.0,1358.0,1363.0,1368.0,584.0,576.0,583.0
5836.0,1363.0,1354.0,1366.0,589.0,582.0,582.0
5840.0,1348.0,1357.0,1370.0,587.0,592.0,586.0
5887.0,1380.0,1362.0,1382.0,598.0,585.0,580.0
5914.0,1378.0,1374.0,1387.0,592.0,593.0,590.0
5957.0,1395.0,1393.0,1386.0,594.0,592.0,597.0
5985.0,1401.0,1393.0,1405.0,590.0,602.0,594.0
5986.0,1402.0,1387.0,1399.0,598.0,597.0,603.0
5982.0,1392.0,1390.0,1393.0,600.0,606.0,601.0
5960.0,1387.0,1383.0,1386.0,598.0,605.0,601.0
5903.0,1378.0,1365.0,1370.0,588.0,601.0,601.0
5888.0,1376.0,1367.0,1376.0,591.0,590.0,588.0
5872.0,1384.0,1359.0,1382.0,580.0,581.0,586.0
5870.0,1355.0,1361.0,1389.0,587.0,589.0,589.0
5890.0,1358.0,1386.0,1376.0,591.0,592.0,587.0
5893.0,1364.0,1384.0,1390.0,585.0,582.0,588.0
5897.0,1375.0,1361.0,1380.0,595.0,589.0,597.0
5909.0,1381.0,1369.0,1385.0,598.0,585.0,591.0
5959.0,1401.0,1382.0,1388.0,596.0,594.0,598.0
5989.0,1407.0,1388.0,1403.0,604.0,590.0,597.0
6013.0,1391.0,1401.0,1408.0,604.0,603.0,606.0
6011.0,1407.0,1405.0,1393.0,606.0,602.0,598.0
5994.0,1393.0,1410.0,1393.0,602.0,597.0,599.0
5979.0,1380.0,1387.0,1411.0,595.0,601.0,605.0
5939.0,1399.0,1387.0,1379.0,586.0,600.0,588.0
5917.0,1394.0,1382.0,1373.0,584.0,591.0,593.0
5884.0,1376.0,1359.0,1384.0,587.0,593.0,585.0
5874.0,1378.0,1363.0,1376.0,585.0,584.0,588.0
5916.0,1374.0,1379.0,1387.0,589.0,591.0,596.0
5926.0,1385.0,1375.0,1391.0,590.0,589.0,596.0
5971.0,1387.0,1396.0,1388.0,601.0,595.0,604.0
6005.0,1403.0,1406.0,1397.0,598.0,595.0,606.0
6066.0,1406.0,1439.0,1402.0,605.0,605.0,609.0
6055.0,1408.0,1426.0,1398.0,611.0,603.0,609.0
5982.0,1379.0,1405.0,1390.0,609.0,594.0,605.0
6006.0,1407.0,1386.0,1397.0,607.0,604.0,605.0
5987.0,1383.0,1394.0,1417.0,599.0,595.0,599.0
5983.0,1401.0,1381.0,1418.0,591.0,599.0,593.0
5944.0,1379.0,1393.0,1396.0,590.0,590.0,596.0
5962.0,1388.0,1398.0,1404.0,584.0,600.0,588.0
5921.0,1367.0,1400.0,1380.0,588.0,600.0,586.0
5925.0,1376.0,1397.0,1381.0,587.0,595.0,589.0
5929.0,1367.0,1385.0,1391.0,594.0,602.0,590.0
5992.0,1394.0,1411.0,1388.0,597.0,600.0,602.0
6029.0,1421.0,1404.0,1392.0,605.0,601.0,606.0
6063.0,1422.0,1416.0,1397.0,612.0,611.0,605.0
6064.0,1421.0,1406.0,1410.0,614.0,606.0,607.0
6031.0,1400.0,1394.0,1411.0,611.0,606.0,609.0
6007.0,1382.0,1394.0,1424.0,601.0,606.0,600.0
6004.0,1393.0,1401.0,1397.0,606.0,601.0,606.0
5996.0,1396.0,1414.0,1394.0,591.0,598.0,603.0
5949.0,1413.0,1385.0,1372.0,591.0,590.0,598.0
5964.0,1398.0,1390.0,1388.0,593.0,594.0,601.0
5922.0,1388.0,1377.0,1381.0,585.0,588.0,603.0
5939.0,1374.0,1392.0,1385.0,588.0,600.0,600.0
5940.0,1379.0,1385.0,1384.0,596.0,596.0,600.0
6007.0,1409.0,1389.0,1401.0,602.0,605.0,601.0
6052.0,1417.0,1414.0,1405.0,604.0,608.0,604.0
6093.0,1424.0,1435.0,1408.0,611.0,611.0,604.0
6137.0,1445.0,1438.0,1425.0,615.0,611.0,603.0
6109.0,1408.0,1433.0,1434.0,609.0,616.0,609.0
6087.0,1408.0,1409.0,1437.0,616.0,616.0,601.0
6048.0,1405.0,1418.0,1400.0,614.0,608.0,603.0
6009.0,1401.0,1397.0,1401.0,604.0,603.0,603.0
5989.0,1394.0,1397.0,1405.0,598.0,595.0,600.0
5978.0,1409.0,1382.0,1395.0,590.0,600.0,602.0
5923.0,1377.0,1385.0,1386.0,591.0,590.0,594.0
5971.0,1381.0,1415.0,1387.0,598.0,588.0,602.0
6012.0,1399.0,1402.0,1402.0,600.0,600.0,609.0
6026.0,1399.0,1412.0,1402.0,602.0,597.0,614.0
6075.0,1424.0,1424.0,1411.0,604.0,606.0,606.0
6075.0,1427.0,1399.0,1427.0,604.0,609.0,609.0
6151.0,1431.0,1422.0,1450.0,615.0,616.0,617.0
6152.0,1420.0,1431.0,1451.0,619.0,619.0,612.0
6098.0,1404.0,1408.0,1447.0,617.0,610.0,612.0
6062.0,1407.0,1400.0,1424.0,617.0,607.0,607.0
6047.0,1424.0,1409.0,1391.0,607.0,613.0,603.0
6043.0,1420.0,1420.0,1397.0,601.0,606.0,599.0
5998.0,1400.0,1403.0,1398.0,598.0,604.0,595.0
5959.0,1405.0,1387.0,1376.0,599.0,599.0,593.0
5974.0,1385.0,1409.0,1385.0,599.0,602.0,594.0
6010.0,1390.0,1402.0,1417.0,607.0,596.0,598.0
6044.0,1398.0,1408.0,1413.0,610.0,603.0,612.0
6125.0,1422.0,1442.0,1435.0,612.0,606.0,608.0
6150.0,1443.0,1426.0,1448.0,609.0,612.0,612.0
6141.0,1432.0,1420.0,1440.0,614.0,614.0,621.0
6197.0,1444.0,1451.0,1455.0,619.0,610.0,618.0
6156.0,1429.0,1452.0,1431.0,615.0,610.0,619.0
6094.0,1414.0,1427.0,1416.0,613.0,611.0,613.0
6067.0,1417.0,1420.0,1400.0,614.0,604.0,612.0
6045.0,1415.0,1406.0,1399.0,617.0,599.0,609.0
6014.0,1417.0,1398.0,1391.0,598.0,604.0,606.0
6036.0,1397.0,1411.0,1395.0,610.0,609.0,614.0
5997.0,1396.0,1386.0,1404.0,599.0,607.0,605.0
6047.0,1399.0,1415.0,1412.0,608.0,609.0,604.0
6145.0,1436.0,1436.0,1438.0,606.0,619.0,610.0
6147.0,1434.0,1449.0,1435.0,600.0,614.0,615.0
6142.0,1439.0,1427.0,1431.0,608.0,621.0,616.0
6193.0,1431.0,1444.0,1459.0,618.0,620.0,621.0
6175.0,1443.0,1432.0,1450.0,622.0,620.0,608.0
6095.0,1420.0,1417.0,1420.0,619.0,607.0,612.0
6115.0,1424.0,1434.0,1412.0,619.0,612.0,614.0
6093.0,1422.0,1425.0,1427.0,613.0,600.0,606.0
6066.0,1422.0,1428.0,1407.0,605.0,602.0,602.0
6027.0,1396.0,1425.0,1395.0,609.0,595.0,607.0
6040.0,1403.0,1423.0,1398.0,606.0,602.0,608.0
6036.0,1393.0,1408.0,1415.0,610.0,603.0,607.0
6099.0,1433.0,1407.0,1425.0,608.0,615.0,611.0
6171.0,1444.0,1428.0,1447.0,615.0,617.0,620.0
6157.0,1447.0,1427.0,1443.0,606.0,619.0,615.0
6210.0,1475.0,1427.0,1447.0,615.0,627.0,619.0
6198.0,1461.0,1443.0,1436.0,618.0,619.0,621.0
6161.0,1429.0,1445.0,1428.0,615.0,619.0,625.0
6175.0,1424.0,1455.0,1441.0,619.0,619.0,617.0
6163.0,1433.0,1464.0,1423.0,617.0,611.0,615.0
6133.0,1431.0,1435.0,1433.0,614.0,608.0,612.0
6090.0,1430.0,1425.0,1414.0,607.0,606.0,608.0
6053.0,1415.0,1417.0,1402.0,612.0,606.0,601.0
6075.0,1427.0,1420.0,1407.0,614.0,604.0,603.0
6070.0,1410.0,1410.0,1435.0,607.0,601.0,607.0
6106.0,1429.0,1412.0,1426.0,617.0,609.0,613.0
6152.0,1447.0,1431.0,1441.0,613.0,611.0,609.0
6187.0,1447.0,1442.0,1447.0,613.0,616.0,622.0
6272.0,1464.0,1467.0,1460.0,626.0,636.0,619.0
6247.0,1469.0,1461.0,1443.0,619.0,621.0,634.0
6189.0,1455.0,1436.0,1439.0,618.0,623.0,618.0
6200.0,1446.0,1449.0,1426.0,626.0,630.0,623.0
6155.0,1441.0,1418.0,1434.0,623.0,619.0,620.0
6148.0,1439.0,1417.0,1436.0,615.0,624.0,617.0
6141.0,1444.0,1423.0,1424.0,616.0,617.0,617.0
6117.0,1435.0,1409.0,1427.0,617.0,614.0,615.0
6107.0,1419.0,1433.0,1425.0,610.0,611.0,609.0
6125.0,1414.0,1426.0,1441.0,612.0,613.0,619.0
6104.0,1413.0,1421.0,1434.0,618.0,604.0,614.0
6171.0,1440.0,1448.0,1433.0,618.0,612.0,620.0
6237.0,1476.0,1455.0,1432.0,626.0,619.0,629.0
6215.0,1462.0,1446.0,1444.0,620.0,629.0,614.0
6230.0,1457.0,1455.0,1439.0,625.0,624.0,630.0
6214.0,1452.0,1443.0,1458.0,612.0,624.0,625.0
6189.0,1442.0,1459.0,1435.0,619.0,620.0,614.0
6202.0,1436.0,1468.0,1439.0,615.0,622.0,622.0
6178.0,1449.0,1438.0,1444.0,616.0,618.0,613.0
6143.0,1444.0,1430.0,1432.0,609.0,615.0,613.0
6157.0,1446.0,1428.0,1442.0,617.0,616.0,608.0
6150.0,1432.0,1438.0,1439.0,610.0,616.0,615.0
6137.0,1426.0,1418.0,1438.0,624.0,617.0,614.0
6142.0,1413.0,1430.0,1437.0,623.0,618.0,621.0
6190.0,1451.0,1438.0,1435.0,620.0,619.0,627.0
6213.0,1457.0,1448.0,1426.0,625.0,630.0,627.0
6279.0,1482.0,1463.0,1446.0,630.0,625.0,633.0
6286.0,1465.0,1477.0,1458.0,632.0,624.0,630.0
6252.0,1453.0,1470.0,1444.0,631.0,629.0,625.0
6257.0,1449.0,1485.0,1457.0,622.0,614.0,630.0
6203.0,1439.0,1446.0,1456.0,619.0,618.0,625.0
6194.0,1444.0,1452.0,1452.0,618.0,616.0,612.0
6174.0,1449.0,1437.0,1446.0,615.0,617.0,610.0
6159.0,1452.0,1420.0,1448.0,611.0,613.0,615.0
6165.0,1439.0,1445.0,1430.0,620.0,618.0,613.0
6181.0,1436.0,1449.0,1451.0,616.0,621.0,608.0
6197.0,1443.0,1448.0,1449.0,621.0,617.0,619.0
6241.0,1451.0,1460.0,1456.0,625.0,625.0,624.0
6304.0,1481.0,1473.0,1454.0,628.0,635.0,633.0
6287.0,1464.0,1467.0,1464.0,632.0,630.0,630.0
6287.0,1475.0,1470.0,1451.0,629.0,631.0,631.0
6270.0,1458.0,1465.0,1462.0,627.0,627.0,631.0
6242.0,1439.0,1470.0,1455.0,628.0,628.0,622.0
6263.0,1470.0,1453.0,1468.0,624.0,619.0,629.0
6203.0,1435.0,1445.0,1451.0,621.0,621.0,630.0
6233.0,1461.0,1467.0,1449.0,616.0,616.0,624.0
6200.0,1462.0,1443.0,1453.0,610.0,611.0,621.0
6177.0,1436.0,1457.0,1437.0,613.0,611.0,623.0
6178.0,1434.0,1441.0,1443.0,619.0,615.0,626.0
6152.0,1424.0,1436.0,1438.0,622.0,614.0,618.0
6244.0,1453.0,1453.0,1460.0,627.0,623.0,628.0
6292.0,1485.0,1463.0,1454.0,632.0,630.0,628.0
6332.0,1480.0,1487.0,1468.0,635.0,635.0,627.0
6316.0,1471.0,1472.0,1473.0,637.0,635.0,628.0
6321.0,1447.0,1502.0,1486.0,627.0,632.0,627.0
6334.0,1474.0,1478.0,1486.0,636.0,635.0,625.0
6289.0,1463.0,1467.0,1485.0,622.0,632.0,620.0
6238.0,1459.0,1458.0,1453.0,626.0,624.0,618.0
6237.0,1468.0,1448.0,1452.0,628.0,623.0,618.0
6186.0,1449.0,1435.0,1441.0,621.0,623.0,617.0
6166.0,1440.0,1434.0,1446.0,613.0,614.0,619.0
6226.0,1463.0,1445.0,1449.0,622.0,618.0,629.0
6234.0,1442.0,1474.0,1442.0,623.0,624.0,629.0
6275.0,1470.0,1462.0,1464.0,627.0,620.0,632.0
6323.0,1482.0,1472.0,1468.0,638.0,627.0,636.0
6369.0,1492.0,1486.0,1472.0,646.0,637.0,636.0
6362.0,1483.0,1479.0,1490.0,640.0,632.0,638.0
6345.0,1466.0,1467.0,1483.0,645.0,642.0,642.0
6326.0,1468.0,1462.0,1498.0,633.0,635.0,630.0
6293.0,1463.0,1456.0,1483.0,631.0,634.0,626.0
6273.0,1462.0,1467.0,1466.0,631.0,627.0,620.0
6244.0,1458.0,1463.0,1453.0,619.0,629.0,622.0
6224.0,1448.0,1467.0,1453.0,615.0,621.0,620.0
6197.0,1442.0,1455.0,1447.0,615.0,622.0,616.0
6216.0,1452.0,1453.0,1441.0,620.0,626.0,624.0
6255.0,1456.0,1470.0,1455.0,619.0,634.0,621.0
6300.0,1487.0,1461.0,1474.0,634.0,625.0,619.0
6325.0,1493.0,1460.0,1481.0,627.0,629.0,635.0
6361.0,1488.0,1470.0,1495.0,636.0,632.0,640.0
6372.0,1486.0,1485.0,1496.0,646.0,628.0,631.0
6375.0,1482.0,1473.0,1502.0,639.0,638.0,641.0
6380.0,1473.0,1489.0,1499.0,647.0,637.0,635.0
6339.0,1474.0,1497.0,1472.0,634.0,624.0,638.0
6331.0,1492.0,1472.0,1471.0,633.0,632.0,631.0
6268.0,1471.0,1471.0,1448.0,627.0,622.0,629.0
6275.0,1467.0,1468.0,1458.0,628.0,630.0,624.0
6224.0,1446.0,1453.0,1444.0,622.0,633.0,626.0
6221.0,1436.0,1450.0,1459.0,621.0,624.0,631.0
6278.0,1459.0,1463.0,1463.0,628.0,631.0,634.0
6344.0,1472.0,1497.0,1473.0,633.0,633.0,636.0
6390.0,1496.0,1496.0,1499.0,630.0,631.0,638.0
6429.0,1513.0,1507.0,1500.0,639.0,634.0,636.0
6458.0,1495.0,1513.0,1514.0,651.0,642.0,643.0
6356.0,1479.0,1489.0,1479.0,643.0,633.0,633.0
6385.0,1489.0,1493.0,1482.0,646.0,637.0,638.0
6321.0,1477.0,1459.0,1473.0,641.0,636.0,635.0
6314.0,1479.0,1470.0,1469.0,639.0,625.0,632.0
6268.0,1477.0,1469.0,1441.0,626.0,626.0,629.0
6298.0,1487.0,1466.0,1456.0,628.0,632.0,629.0
6278.0,1449.0,1466.0,1477.0,628.0,625.0,633.0
6293.0,1453.0,1476.0,1471.0,632.0,629.0,632.0
6343.0,1474.0,1495.0,1482.0,623.0,636.0,633.0
6378.0,1494.0,1491.0,1494.0,628.0,638.0,633.0
6409.0,1489.0,1491.0,1498.0,639.0,652.0,640.0
6449.0,1516.0,1487.0,1507.0,642.0,645.0,652.0
6411.0,1499.0,1482.0,1491.0,643.0,652.0,644.0
6396.0,1487.0,1487.0,1491.0,645.0,640.0,646.0
6403.0,1482.0,1494.0,1492.0,652.0,641.0,642.0
6381.0,1486.0,1497.0,1476.0,640.0,638.0,644.0
6355.0,1488.0,1499.0,1459.0,634.0,637.0,638.0
6322.0,1474.0,1460.0,1485.0,641.0,628.0,634.0
6320.0,1480.0,1467.0,1480.0,634.0,629.0,630.0
6295.0,1467.0,1471.0,1475.0,633.0,628.0,621.0
6319.0,1457.0,1486.0,1491.0,630.0,630.0,625.0
6326.0,1489.0,1459.0,1485.0,630.0,629.0,634.0
6363.0,1478.0,1477.0,1507.0,632.0,638.0,631.0
6428.0,1504.0,1507.0,1494.0,634.0,648.0,641.0
6438.0,1501.0,1513.0,1496.0,644.0,642.0,642.0
6449.0,1510.0,1501.0,1491.0,647.0,650.0,650.0
6441.0,1503.0,1497.0,1507.0,644.0,641.0,649.0
6441.0,1499.0,1503.0,1501.0,641.0,646.0,651.0
6386.0,1480.0,1476.0,1492.0,646.0,648.0,644.0
6369.0,1491.0,1479.0,1480.0,637.0,639.0,643.0
6355.0,1492.0,1481.0,1470.0,641.0,634.0,637.0
6380.0,1496.0,1469.0,1499.0,639.0,639.0,638.0
6338.0,1479.0,1475.0,1483.0,640.0,631.0,630.0
6335.0,1482.0,1474.0,1485.0,627.0,632.0,635.0
6370.0,1483.0,1485.0,1497.0,630.0,637.0,638.0
6414.0,1489.0,1509.0,1498.0,639.0,640.0,639.0
6455.0,1510.0,1514.0,1500.0,641.0,636.0,654.0
6478.0,1528.0,1518.0,1494.0,647.0,646.0,645.0
6472.0,1510.0,1512.0,1520.0,643.0,636.0,651.0
6478.0,1500.0,1519.0,1516.0,648.0,652.0,643.0
6432.0,1500.0,1487.0,1513.0,643.0,640.0,649.0
6416.0,1482.0,1512.0,1493.0,644.0,648.0,637.0
6376.0,1492.0,1476.0,1498.0,631.0,643.0,636.0
6405.0,1486.0,1501.0,1496.0,642.0,643.0,637.0
6390.0,1484.0,1510.0,1480.0,641.0,643.0,632.0
6406.0,1492.0,1484.0,1502.0,645.0,642.0,641.0
6393.0,1497.0,1488.0,1502.0,636.0,637.0,633.0
6377.0,1488.0,1482.0,1493.0,639.0,637.0,638.0
6412.0,1494.0,1483.0,1503.0,645.0,645.0,642.0
6447.0,1520.0,1497.0,1489.0,643.0,653.0,645.0
6489.0,1530.0,1519.0,1494.0,642.0,646.0,658.0
6516.0,1517.0,1525.0,1522.0,653.0,649.0,650.0
6521.0,1521.0,1532.0,1522.0,640.0,650.0,656.0
6482.0,1503.0,1523.0,1513.0,642.0,650.0,651.0
6413.0,1497.0,1497.0,1505.0,642.0,634.0,638.0
6464.0,1506.0,1513.0,1515.0,641.0,645.0,644.0
6393.0,1506.0,1484.0,1496.0,643.0,633.0,631.0
6358.0,1491.0,1467.0,1488.0,640.0,638.0,634.0
6356.0,1489.0,1472.0,1481.0,644.0,632.0,638.0
6370.0,1468.0,1483.0,1501.0,644.0,637.0,637.0
6427.0,1496.0,1501.0,1492.0,643.0,649.0,646.0
6458.0,1505.0,1518.0,1498.0,653.0,645.0,639.0
6499.0,1520.0,1520.0,1506.0,654.0,656.0,643.0
6459.0,1507.0,1510.0,1494.0,644.0,655.0,649.0
6496.0,1514.0,1519.0,1498.0,654.0,659.0,652.0
6541.0,1505.0,1536.0,1532.0,649.0,661.0,658.0
6532.0,1520.0,1516.0,1531.0,653.0,652.0,660.0
6510.0,1502.0,1516.0,1534.0,655.0,651.0,652.0
6489.0,1517.0,1497.0,1537.0,654.0,636.0,648.0
6459.0,1513.0,1501.0,1513.0,642.0,636.0,654.0
6413.0,1494.0,1499.0,1491.0,644.0,639.0,646.0
6430.0,1483.0,1525.0,1496.0,638.0,640.0,648.0
6437.0,1500.0,1519.0,1498.0,649.0,640.0,631.0
6425.0,1497.0,1487.0,1507.0,646.0,641.0,647.0
6477.0,1504.0,1506.0,1514.0,652.0,653.0,648.0
6532.0,1534.0,1524.0,1519.0,649.0,654.0,652.0
6538.0,1533.0,1512.0,1528.0,648.0,659.0,658.0
6569.0,1542.0,1511.0,1540.0,660.0,663.0,653.0
6581.0,1535.0,1534.0,1547.0,654.0,662.0,649.0
6543.0,1508.0,1538.0,1534.0,656.0,659.0,648.0
6531.0,1520.0,1530.0,1534.0,649.0,649.0,649.0
6468.0,1488.0,1515.0,1521.0,644.0,653.0,647.0
6473.0,1516.0,1515.0,1511.0,641.0,646.0,644.0
6424.0,1489.0,1498.0,1504.0,651.0,636.0,646.0
6419.0,1519.0,1484.0,1491.0,642.0,639.0,644.0
6433.0,1500.0,1493.0,1492.0,651.0,646.0,651.0
6462.0,1498.0,1503.0,1506.0,653.0,651.0,651.0
6548.0,1531.0,1529.0,1524.0,654.0,648.0,662.0
6561.0,1528.0,1538.0,1527.0,658.0,646.0,664.0
6609.0,1545.0,1529.0,1553.0,657.0,659.0,666.0
6622.0,1535.0,1547.0,1550.0,669.0,661.0,660.0
6596.0,1531.0,1527.0,1561.0,659.0,659.0,659.0
6565.0,1519.0,1525.0,1551.0,651.0,657.0,662.0
6553.0,1527.0,1531.0,1528.0,653.0,656.0,658.0
6478.0,1517.0,1496.0,1508.0,649.0,656.0,652.0
6478.0,1520.0,1498.0,1513.0,645.0,653.0,649.0
6472.0,1520.0,1504.0,1514.0,646.0,648.0,640.0
6429.0,1499.0,1502.0,1489.0,649.0,645.0,645.0
6460.0,1508.0,1529.0,1485.0,649.0,652.0,637.0
6516.0,1516.0,1521.0,1523.0,657.0,655.0,644.0
6533.0,1524.0,1529.0,1512.0,657.0,655.0,656.0
6572.0,1536.0,1528.0,1549.0,653.0,653.0,653.0
6608.0,1545.0,1537.0,1548.0,661.0,662.0,655.0
6613.0,1541.0,1537.0,1549.0,659.0,659.0,668.0
6605.0,1533.0,1548.0,1544.0,659.0,658.0,663.0
6582.0,1529.0,1529.0,1549.0,659.0,653.0,663.0
6565.0,1526.0,1535.0,1529.0,656.0,657.0,662.0
6555.0,1525.0,1537.0,1538.0,649.0,648.0,658.0
6548.0,1540.0,1531.0,1523.0,645.0,647.0,662.0
6510.0,1530.0,1525.0,1500.0,647.0,658.0,650.0
6463.0,1518.0,1511.0,1494.0,649.0,641.0,650.0
6473.0,1513.0,1502.0,1507.0,648.0,653.0,650.0
6522.0,1510.0,1516.0,1534.0,651.0,658.0,653.0
6565.0,1521.0,1523.0,1544.0,660.0,663.0,654.0
6640.0,1546.0,1544.0,1552.0,666.0,670.0,662.0
6671.0,1565.0,1545.0,1562.0,671.0,666.0,662.0
6663.0,1564.0,1551.0,1555.0,664.0,668.0,661.0
6635.0,1531.0,1556.0,1553.0,668.0,665.0,662.0
6631.0,1523.0,1561.0,1558.0,666.0,663.0,660.0
6625.0,1551.0,1549.0,1547.0,657.0,662.0,659.0
6529.0,1547.0,1515.0,1507.0,656.0,651.0,653.0
6496.0,1527.0,1519.0,1503.0,651.0,648.0,648.0
6471.0,1520.0,1512.0,1499.0,648.0,645.0,647.0
6481.0,1519.0,1503.0,1517.0,643.0,650.0,649.0
6517.0,1521.0,1519.0,1523.0,651.0,648.0,655.0
6577.0,1518.0,1546.0,1550.0,657.0,653.0,653.0
6643.0,1542.0,1553.0,1561.0,667.0,661.0,659.0
6650.0,1555.0,1541.0,1560.0,665.0,663.0,666.0
6693.0,1565.0,1551.0,1568.0,670.0,669.0,670.0
6679.0,1566.0,1538.0,1565.0,673.0,668.0,669.0
6635.0,1550.0,1533.0,1540.0,666.0,676.0,670.0
6621.0,1531.0,1539.0,1549.0,669.0,665.0,668.0
6629.0,1550.0,1550.0,1539.0,663.0,663.0,664.0
6581.0,1537.0,1533.0,1544.0,656.0,661.0,650.0
6583.0,1547.0,1536.0,1539.0,655.0,654.0,652.0
6515.0,1534.0,1520.0,1515.0,648.0,657.0,641.0
6517.0,1515.0,1528.0,1532.0,645.0,650.0,647.0
6517.0,1524.0,1510.0,1533.0,649.0,653.0,648.0
6543.0,1520.0,1526.0,1543.0,655.0,648.0,651.0
6617.0,1544.0,1551.0,1551.0,656.0,656.0,659.0
6649.0,1556.0,1544.0,1559.0,663.0,662.0,665.0
6680.0,1575.0,1551.0,1549.0,671.0,667.0,667.0
6712.0,1560.0,1578.0,1567.0,670.0,669.0,668.0
6710.0,1554.0,1565.0,1565.0,678.0,679.0,669.0
6693.0,1541.0,1577.0,1565.0,674.0,673.0,663.0
6651.0,1542.0,1559.0,1546.0,666.0,674.0,664.0
6635.0,1546.0,1541.0,1546.0,670.0,665.0,667.0
6588.0,1545.0,1539.0,1520.0,656.0,666.0,662.0
6577.0,1545.0,1517.0,1547.0,653.0,654.0,661.0
6592.0,1533.0,1530.0,1550.0,658.0,657.0,664.0
6551.0,1521.0,1524.0,1527.0,660.0,659.0,660.0
6581.0,1520.0,1536.0,1553.0,658.0,658.0,656.0
6676.0,1555.0,1569.0,1560.0,669.0,660.0,663.0
6681.0,1562.0,1566.0,1555.0,664.0,668.0,666.0
6712.0,1577.0,1568.0,1554.0,673.0,668.0,672.0
6717.0,1562.0,1588.0,1557.0,668.0,670.0,672.0
6718.0,1576.0,1569.0,1560.0,670.0,672.0,671.0
6689.0,1561.0,1573.0,1543.0,674.0,669.0,669.0
6672.0,1545.0,1561.0,1570.0,668.0,666.0,662.0
6657.0,1557.0,1554.0,1565.0,663.0,663.0,655.0
6652.0,1564.0,1538.0,1557.0,668.0,660.0,665.0
6622.0,1543.0,1558.0,1541.0,664.0,660.0,656.0
6614.0,1521.0,1541.0,1563.0,660.0,664.0,665.0
6621.0,1533.0,1552.0,1548.0,657.0,666.0,665.0
6657.0,1557.0,1550.0,1557.0,671.0,659.0,663.0
6676.0,1542.0,1563.0,1567.0,662.0,675.0,667.0
6746.0,1585.0,1568.0,1565.0,662.0,678.0,688.0
6739.0,1581.0,1556.0,1573.0,673.0,680.0,676.0
6742.0,1573.0,1577.0,1567.0,678.0,675.0,672.0
6738.0,1569.0,1572.0,1576.0,676.0,667.0,678.0
6703.0,1559.0,1580.0,1556.0,669.0,663.0,676.0
6724.0,1567.0,1574.0,1561.0,672.0,673.0,677.0
6693.0,1551.0,1562.0,1577.0,674.0,658.0,671.0
6676.0,1559.0,1551.0,1578.0,668.0,660.0,660.0
6630.0,1543.0,1546.0,1549.0,671.0,667.0,654.0
6620.0,1539.0,1545.0,1557.0,663.0,659.0,657.0
6666.0,1566.0,1548.0,1557.0,668.0,666.0,661.0
6610.0,1537.0,1538.0,1542.0,667.0,663.0,663.0
6678.0,1563.0,1562.0,1546.0,670.0,673.0,664.0
6772.0,1584.0,1589.0,1568.0,671.0,682.0,678.0
6742.0,1565.0,1607.0,1555.0,670.0,673.0,672.0
6734.0,1570.0,1583.0,1558.0,673.0,678.0,672.0
6762.0,1559.0,1583.0,1583.0,676.0,681.0,680.0
6760.0,1565.0,1585.0,1591.0,663.0,683.0,673.0
6697.0,1552.0,1555.0,1568.0,674.0,671.0,677.0
6666.0,1554.0,1545.0,1565.0,666.0,668.0,668.0
6652.0,1549.0,1562.0,1533.0,676.0,665.0,667.0
6655.0,1561.0,1558.0,1543.0,668.0,664.0,661.0
6655.0,1554.0,1563.0,1547.0,664.0,659.0,668.0
6687.0,1559.0,1564.0,1557.0,676.0,657.0,674.0
6631.0,1548.0,1554.0,1532.0,672.0,662.0,663.0
6724.0,1573.0,1570.0,1564.0,675.0,665.0,677.0
6778.0,1596.0,1574.0,1578.0,679.0,674.0,677.0
6800.0,1610.0,1559.0,1590.0,678.0,678.0,685.0
6770.0,1580.0,1578.0,1578.0,675.0,680.0,679.0
6773.0,1573.0,1580.0,1592.0,671.0,682.0,675.0
6791.0,1565.0,1588.0,1601.0,678.0,684.0,675.0
6736.0,1557.0,1577.0,1585.0,668.0,681.0,668.0
6748.0,1578.0,1583.0,1574.0,671.0,675.0,667.0
6722.0,1577.0,1565.0,1565.0,672.0,676.0,667.0
6677.0,1548.0,1571.0,1553.0,669.0,669.0,667.0
6654.0,1545.0,1576.0,1547.0,660.0,664.0,662.0
6632.0,1552.0,1542.0,1534.0,669.0,662.0,673.0
6673.0,1550.0,1564.0,1545.0,668.0,673.0,673.0
6741.0,1577.0,1577.0,1572.0,676.0,662.0,677.0
6777.0,1586.0,1589.0,1573.0,677.0,672.0,680.0
6822.0,1609.0,1594.0,1575.0,682.0,676.0,686.0
6858.0,1604.0,1602.0,1607.0,675.0,679.0,691.0
6823.0,1572.0,1606.0,1596.0,682.0,682.0,685.0
6832.0,1591.0,1593.0,1610.0,678.0,679.0,681.0
6796.0,1572.0,1591.0,1595.0,679.0,678.0,681.0
6750.0,1567.0,1587.0,1571.0,675.0,680.0,670.0
6717.0,1582.0,1553.0,1555.0,680.0,678.0,669.0
6654.0,1558.0,1543.0,1544.0,664.0,674.0,671.0
6681.0,1549.0,1552.0,1564.0,674.0,673.0,669.0
6725.0,1557.0,1586.0,1564.0,677.0,673.0,668.0
6769.0,1581.0,1589.0,1568.0,677.0,677.0,677.0
6799.0,1565.0,1591.0,1603.0,681.0,680.0,679.0
6805.0,1588.0,1581.0,1586.0,686.0,684.0,680.0
6808.0,1586.0,1589.0,1585.0,685.0,682.0,681.0
6850.0,1591.0,1590.0,1618.0,683.0,675.0,693.0
6853.0,1591.0,1604.0,1604.0,683.0,682.0,689.0
6821.0,1575.0,1590.0,1611.0,680.0,679.0,686.0
6804.0,1585.0,1595.0,1585.0,678.0,682.0,679.0
6800.0,1586.0,1582.0,1597.0,680.0,676.0,679.0
6774.0,1590.0,1590.0,1564.0,668.0,679.0,683.0
6734.0,1592.0,1575.0,1562.0,673.0,658.0,674.0
6731.0,1556.0,1579.0,1568.0,678.0,678.0,672.0
6763.0,1562.0,1583.0,1581.0,683.0,678.0,676.0
6750.0,1567.0,1560.0,1586.0,677.0,683.0,677.0
6812.0,1584.0,1591.0,1584.0,681.0,689.0,683.0
6882.0,1605.0,1604.0,1610.0,689.0,688.0,686.0
6896.0,1617.0,1615.0,1603.0,693.0,685.0,683.0
6903.0,1604.0,1612.0,1620.0,688.0,693.0,686.0
6892.0,1609.0,1621.0,1599.0,692.0,684.0,687.0
6852.0,1591.0,1614.0,1600.0,680.0,684.0,683.0
6811.0,1590.0,1598.0,1581.0,676.0,684.0,682.0
6744.0,1579.0,1575.0,1565.0,670.0,674.0,681.0
6771.0,1593.0,1566.0,1581.0,675.0,672.0,684.0
6731.0,1585.0,1566.0,1559.0,670.0,669.0,682.0
6734.0,1573.0,1567.0,1576.0,671.0,673.0,674.0
6716.0,1547.0,1582.0,1564.0,673.0,671.0,679.0
6789.0,1576.0,1583.0,1595.0,674.0,680.0,681.0
6854.0,1599.0,1609.0,1610.0,678.0,676.0,682.0
6872.0,1603.0,1594.0,1605.0,686.0,692.0,692.0
6926.0,1617.0,1611.0,1612.0,694.0,694.0,698.0
6920.0,1618.0,1609.0,1619.0,688.0,690.0,696.0
6886.0,1587.0,1612.0,1607.0,686.0,700.0,694.0
6901.0,1606.0,1614.0,1607.0,691.0,690.0,693.0
6802.0,1576.0,1578.0,1581.0,688.0,690.0,689.0
6825.0,1600.0,1582.0,1596.0,678.0,683.0,686.0
6795.0,1601.0,1585.0,1579.0,672.0,681.0,677.0
6756.0,1583.0,1559.0,1582.0,677.0,684.0,671.0
6777.0,1579.0,1596.0,1583.0,669.0,675.0,675.0
6776.0,1577.0,1587.0,1587.0,674.0,673.0,678.0
6800.0,1577.0,1607.0,1596.0,676.0,671.0,673.0
6834.0,1591.0,1581.0,1609.0,687.0,679.0,687.0
6863.0,1621.0,1596.0,1597.0,691.0,679.0,679.0
6910.0,1625.0,1591.0,1619.0,703.0,685.0,687.0
6899.0,1625.0,1592.0,1603.0,692.0,693.0,694.0
6918.0,1612.0,1609.0,1610.0,694.0,700.0,693.0
6931.0,1599.0,1631.0,1614.0,696.0,697.0,694.0
6854.0,1590.0,1601.0,1601.0,687.0,688.0,687.0
6880.0,1594.0,1626.0,1592.0,690.0,692.0,686.0
6834.0,1590.0,1602.0,1592.0,677.0,684.0,689.0
6761.0,1571.0,1575.0,1585.0,671.0,680.0,679.0
6811.0,1582.0,1576.0,1596.0,680.0,688.0,689.0
6801.0,1571.0,1590.0,1591.0,682.0,685.0,682.0
6827.0,1589.0,1586.0,1597.0,683.0,688.0,684.0
6872.0,1602.0,1602.0,1612.0,684.0,689.0,683.0
6935.0,1624.0,1635.0,1606.0,688.0,692.0,690.0
6952.0,1638.0,1638.0,1596.0,696.0,692.0,692.0
6944.0,1615.0,1629.0,1628.0,690.0,691.0,691.0
6967.0,1618.0,1628.0,1626.0,707.0,691.0,697.0
6940.0,1605.0,1628.0,1623.0,703.0,692.0,689.0
6896.0,1599.0,1612.0,1613.0,695.0,683.0,694.0
6868.0,1598.0,1606.0,1602.0,683.0,690.0,689.0
6850.0,1610.0,1582.0,1604.0,682.0,686.0,686.0
6844.0,1598.0,1597.0,1595.0,683.0,684.0,687.0
6846.0,1589.0,1608.0,1604.0,680.0,684.0,681.0
6867.0,1592.0,1609.0,1606.0,686.0,690.0,684.0
6884.0,1597.0,1615.0,1608.0,684.0,689.0,691.0
6904.0,1619.0,1600.0,1614.0,686.0,694.0,691.0
6949.0,1628.0,1616.0,1604.0,700.0,700.0,701.0
6953.0,1636.0,1594.0,1620.0,705.0,692.0,706.0
6983.0,1641.0,1627.0,1620.0,702.0,698.0,695.0
6972.0,1621.0,1620.0,1632.0,702.0,697.0,700.0
6914.0,1615.0,1622.0,1597.0,694.0,693.0,693.0
6975.0,1621.0,1631.0,1630.0,704.0,693.0,696.0
6934.0,1624.0,1630.0,1613.0,689.0,693.0,685.0
6901.0,1618.0,1608.0,1614.0,689.0,683.0,689.0
6887.0,1611.0,1610.0,1597.0,694.0,690.0,685.0
6841.0,1593.0,1587.0,1611.0,682.0,685.0,683.0
6873.0,1600.0,1601.0,1617.0,682.0,684.0,689.0
6875.0,1598.0,1607.0,1608.0,689.0,684.0,689.0
6909.0,1615.0,1612.0,1618.0,683.0,691.0,690.0
6952.0,1630.0,1614.0,1607.0,696.0,704.0,701.0
6999.0,1643.0,1631.0,1627.0,693.0,702.0,703.0
7026.0,1652.0,1644.0,1639.0,695.0,704.0,692.0
7026.0,1642.0,1643.0,1638.0,699.0,704.0,700.0
6999.0,1631.0,1625.0,1633.0,708.0,700.0,702.0
6973.0,1629.0,1624.0,1627.0,698.0,699.0,696.0
6944.0,1622.0,1614.0,1626.0,691.0,692.0,699.0
6903.0,1609.0,1591.0,1620.0,695.0,695.0,693.0
6886.0,1607.0,1590.0,1619.0,690.0,683.0,697.0
6854.0,1603.0,1594.0,1591.0,691.0,683.0,692.0
6893.0,1616.0,1614.0,1599.0,691.0,685.0,688.0
6918.0,1613.0,1631.0,1610.0,684.0,687.0,693.0
6969.0,1626.0,1642.0,1616.0,695.0,696.0,694.0
7004.0,1643.0,1637.0,1642.0,693.0,691.0,698.0
7003.0,1633.0,1630.0,1641.0,698.0,702.0,699.0
7027.0,1639.0,1625.0,1655.0,700.0,706.0,702.0
7063.0,1641.0,1638.0,1671.0,708.0,710.0,695.0
6993.0,1635.0,1629.0,1637.0,698.0,700.0,694.0
6985.0,1622.0,1628.0,1640.0,701.0,699.0,695.0
6988.0,1631.0,1640.0,1626.0,696.0,700.0,695.0
6936.0,1608.0,1617.0,1629.0,696.0,700.0,686.0
6927.0,1621.0,1624.0,1605.0,693.0,693.0,691.0
6920.0,1621.0,1605.0,1617.0,695.0,691.0,691.0
6901.0,1604.0,1617.0,1602.0,690.0,696.0,692.0
6918.0,1606.0,1617.0,1607.0,697.0,693.0,698.0
6983.0,1656.0,1612.0,1622.0,694.0,697.0,702.0
7023.0,1645.0,1651.0,1641.0,689.0,696.0,701.0
7098.0,1666.0,1654.0,1661.0,704.0,700.0,713.0
7034.0,1641.0,1634.0,1648.0,698.0,704.0,709.0
7065.0,1630.0,1657.0,1665.0,705.0,700.0,708.0
7049.0,1621.0,1658.0,1655.0,708.0,703.0,704.0
7026.0,1638.0,1648.0,1643.0,701.0,697.0,699.0
6982.0,1618.0,1624.0,1641.0,705.0,693.0,701.0
6910.0,1613.0,1609.0,1604.0,696.0,696.0,692.0
6912.0,1617.0,1601.0,1611.0,701.0,692.0,690.0
6878.0,1608.0,1600.0,1589.0,688.0,700.0,693.0
6944.0,1612.0,1617.0,1624.0,697.0,698.0,696.0
6927.0,1607.0,1624.0,1608.0,701.0,699.0,688.0
7003.0,1626.0,1644.0,1631.0,703.0,706.0,693.0
7049.0,1653.0,1645.0,1639.0,705.0,706.0,701.0
7087.0,1642.0,1654.0,1667.0,708.0,708.0,708.0
7123.0,1657.0,1656.0,1673.0,709.0,713.0,715.0
7093.0,1654.0,1656.0,1646.0,708.0,715.0,714.0
7071.0,1653.0,1648.0,1659.0,704.0,698.0,709.0
7038.0,1644.0,1647.0,1633.0,700.0,704.0,710.0
6984.0,1646.0,1628.0,1615.0,702.0,693.0,700.0
6977.0,1636.0,1625.0,1624.0,700.0,693.0,699.0
6981.0,1642.0,1629.0,1614.0,699.0,693.0,704.0
6948.0,1621.0,1621.0,1618.0,695.0,699.0,694.0
7002.0,1638.0,1626.0,1643.0,707.0,694.0,694.0
6993.0,1630.0,1617.0,1632.0,699.0,703.0,712.0
7021.0,1635.0,1626.0,1654.0,698.0,702.0,706.0
7085.0,1661.0,1643.0,1646.0,714.0,717.0,704.0
7104.0,1648.0,1661.0,1658.0,708.0,716.0,713.0
7140.0,1673.0,1663.0,1671.0,708.0,713.0,712.0
7078.0,1649.0,1660.0,1644.0,707.0,713.0,705.0
7081.0,1655.0,1653.0,1653.0,704.0,708.0,708.0
7085.0,1662.0,1665.0,1640.0,706.0,708.0,704.0
7028.0,1647.0,1654.0,1629.0,701.0,700.0,697.0
6989.0,1643.0,1633.0,1616.0,700.0,702.0,695.0
6984.0,1634.0,1633.0,1628.0,699.0,693.0,697.0
6953.0,1628.0,1608.0,1630.0,700.0,692.0,695.0
7007.0,1643.0,1625.0,1646.0,700.0,694.0,699.0
7031.0,1641.0,1639.0,1636.0,708.0,697.0,710.0
7063.0,1650.0,1634.0,1674.0,705.0,698.0,702.0
7129.0,1671.0,1658.0,1672.0,706.0,714.0,708.0
7114.0,1651.0,1668.0,1664.0,708.0,709.0,714.0
7137.0,1668.0,1657.0,1661.0,713.0,717.0,721.0
7094.0,1632.0,1666.0,1646.0,713.0,714.0,723.0
7101.0,1661.0,1653.0,1660.0,707.0,708.0,712.0
7042.0,1627.0,1635.0,1653.0,712.0,711.0,704.0
7032.0,1656.0,1631.0,1633.0,703.0,706.0,703.0
7025.0,1639.0,1645.0,1634.0,701.0,700.0,706.0
7002.0,1661.0,1623.0,1622.0,700.0,701.0,695.0
7016.0,1621.0,1651.0,1641.0,706.0,700.0,697.0
7009.0,1625.0,1643.0,1643.0,705.0,699.0,694.0
7086.0,1653.0,1657.0,1653.0,713.0,707.0,703.0
7104.0,1656.0,1650.0,1672.0,715.0,708.0,703.0
7125.0,1671.0,1667.0,1651.0,721.0,703.0,712.0
7128.0,1672.0,1652.0,1669.0,714.0,711.0,710.0
7130.0,1674.0,1670.0,1649.0,710.0,716.0,711.0
7163.0,1660.0,1678.0,1661.0,723.0,715.0,726.0
7103.0,1656.0,1657.0,1643.0,710.0,722.0,715.0
7112.0,1656.0,1672.0,1655.0,711.0,713.0,705.0
7085.0,1664.0,1656.0,1639.0,709.0,714.0,703.0
7070.0,1655.0,1663.0,1637.0,699.0,705.0,711.0
7097.0,1653.0,1649.0,1667.0,701.0,713.0,714.0
7031.0,1622.0,1630.0,1656.0,703.0,711.0,709.0
7032.0,1645.0,1634.0,1638.0,708.0,702.0,705.0
7055.0,1648.0,1645.0,1643.0,710.0,702.0,707.0
7086.0,1669.0,1636.0,1654.0,706.0,713.0,708.0
7158.0,1677.0,1681.0,1656.0,722.0,711.0,711.0
7184.0,1679.0,1676.0,1682.0,717.0,713.0,717.0
7192.0,1681.0,1694.0,1666.0,718.0,715.0,718.0
7180.0,1658.0,1694.0,1679.0,715.0,717.0,717.0
7131.0,1661.0,1666.0,1662.0,718.0,712.0,712.0
7115.0,1666.0,1654.0,1664.0,710.0,709.0,712.0
7072.0,1661.0,1637.0,1660.0,703.0,706.0,705.0
7052.0,1643.0,1646.0,1645.0,704.0,707.0,707.0
7046.0,1655.0,1636.0,1651.0,703.0,702.0,699.0
7075.0,1636.0,1656.0,1659.0,707.0,710.0,707.0
7068.0,1638.0,1662.0,1646.0,705.0,706.0,711.0
7108.0,1657.0,1665.0,1652.0,713.0,708.0,713.0
7161.0,1659.0,1688.0,1664.0,716.0,713.0,721.0
7195.0,1681.0,1682.0,1669.0,717.0,726.0,720.0
7185.0,1685.0,1671.0,1669.0,718.0,722.0,720.0
7236.0,1691.0,1685.0,1677.0,722.0,725.0,736.0
7186.0,1667.0,1671.0,1670.0,724.0,725.0,729.0
7167.0,1655.0,1677.0,1668.0,728.0,723.0,716.0
7132.0,1650.0,1665.0,1664.0,713.0,715.0,725.0
7182.0,1692.0,1681.0,1664.0,713.0,715.0,717.0
7115.0,1672.0,1666.0,1658.0,706.0,706.0,707.0
7093.0,1672.0,1659.0,1652.0,703.0,706.0,701.0
7091.0,1650.0,1656.0,1659.0,705.0,707.0,714.0
7113.0,1658.0,1673.0,1659.0,709.0,709.0,705.0
7082.0,1650.0,1654.0,1654.0,707.0,714.0,703.0
7143.0,1658.0,1675.0,1672.0,717.0,711.0,710.0
7181.0,1697.0,1647.0,1675.0,724.0,719.0,719.0
7255.0,1695.0,1688.0,1690.0,734.0,724.0,724.0
7266.0,1695.0,1693.0,1698.0,727.0,733.0,720.0
7258.0,1687.0,1701.0,1688.0,732.0,726.0,724.0
7232.0,1678.0,1698.0,1682.0,729.0,719.0,726.0
7218.0,1674.0,1676.0,1688.0,727.0,727.0,726.0
7163.0,1651.0,1688.0,1667.0,717.0,716.0,724.0
7138.0,1661.0,1666.0,1677.0,705.0,713.0,716.0
7103.0,1668.0,1651.0,1657.0,707.0,706.0,714.0
7097.0,1675.0,1652.0,1648.0,706.0,706.0,710.0
7100.0,1657.0,1666.0,1650.0,708.0,706.0,713.0
7140.0,1673.0,1663.0,1662.0,708.0,719.0,715.0
7155.0,1656.0,1683.0,1668.0,711.0,719.0,718.0
7245.0,1708.0,1693.0,1689.0,721.0,716.0,718.0
7257.0,1688.0,1691.0,1694.0,731.0,726.0,727.0
7290.0,1690.0,1705.0,1713.0,728.0,724.0,730.0
7254.0,1687.0,1687.0,1700.0,732.0,730.0,718.0
7256.0,1683.0,1685.0,1707.0,734.0,726.0,721.0
7207.0,1670.0,1686.0,1688.0,724.0,724.0,715.0
7224.0,1690.0,1680.0,1688.0,722.0,722.0,722.0
7168.0,1668.0,1687.0,1667.0,715.0,714.0,717.0
7152.0,1672.0,1671.0,1672.0,708.0,717.0,712.0
7136.0,1656.0,1679.0,1658.0,717.0,718.0,708.0
7119.0,1660.0,1667.0,1661.0,705.0,718.0,708.0
7127.0,1649.0,1666.0,1661.0,708.0,719.0,724.0
7227.0,1678.0,1685.0,1692.0,717.0,726.0,729.0
7226.0,1688.0,1685.0,1688.0,716.0,721.0,728.0
7270.0,1712.0,1685.0,1699.0,719.0,722.0,733.0
7277.0,1685.0,1705.0,1701.0,725.0,725.0,736.0
7303.0,1711.0,1698.0,1703.0,733.0,729.0,729.0
7253.0,1682.0,1691.0,1693.0,736.0,724.0,727.0
7255.0,1689.0,1689.0,1703.0,726.0,721.0,727.0
7199.0,1661.0,1687.0,1674.0,729.0,722.0,726.0
7193.0,1677.0,1682.0,1668.0,720.0,726.0,720.0
7166.0,1679.0,1672.0,1666.0,718.0,720.0,711.0
7135.0,1682.0,1666.0,1653.0,713.0,717.0,704.0
7118.0,1655.0,1658.0,1658.0,720.0,723.0,704.0
7171.0,1682.0,1668.0,1673.0,716.0,721.0,711.0
7239.0,1690.0,1673.0,1702.0,722.0,727.0,725.0
7304.0,1710.0,1702.0,1703.0,724.0,729.0,736.0
7334.0,1708.0,1724.0,1713.0,723.0,732.0,734.0
7342.0,1723.0,1713.0,1714.0,733.0,733.0,726.0
7326.0,1685.0,1715.0,1723.0,739.0,727.0,737.0
7286.0,1699.0,1703.0,1698.0,728.0,730.0,728.0
7296.0,1705.0,1694.0,1697.0,739.0,730.0,731.0
7252.0,1699.0,1689.0,1688.0,729.0,723.0,724.0
7229.0,1688.0,1688.0,1672.0,737.0,719.0,725.0
7208.0,1689.0,1679.0,1678.0,721.0,715.0,726.0
7171.0,1678.0,1666.0,1673.0,720.0,717.0,717.0
7215.0,1668.0,1698.0,1683.0,726.0,718.0,722.0
7239.0,1687.0,1695.0,1683.0,725.0,724.0,725.0
7293.0,1705.0,1698.0,1707.0,719.0,735.0,729.0
7315.0,1700.0,1705.0,1717.0,729.0,732.0,732.0
7364.0,1738.0,1701.0,1730.0,728.0,732.0,735.0
7341.0,1717.0,1693.0,1728.0,734.0,741.0,728.0
7327.0,1706.0,1704.0,1712.0,729.0,746.0,730.0
7313.0,1706.0,1719.0,1697.0,727.0,735.0,729.0
7298.0,1691.0,1709.0,1704.0,732.0,733.0,729.0
7278.0,1707.0,1710.0,1687.0,727.0,725.0,722.0
7254.0,1695.0,1696.0,1691.0,727.0,721.0,724.0
7233.0,1688.0,1696.0,1678.0,725.0,722.0,724.0
7193.0,1680.0,1669.0,1684.0,727.0,710.0,723.0
7207.0,1677.0,1681.0,1683.0,722.0,718.0,726.0
7198.0,1681.0,1679.0,1675.0,719.0,722.0,722.0
7316.0,1714.0,1707.0,1712.0,727.0,722.0,734.0
7333.0,1723.0,1702.0,1712.0,733.0,730.0,733.0
7376.0,1728.0,1738.0,1710.0,730.0,734.0,736.0
7384.0,1729.0,1734.0,1711.0,735.0,735.0,740.0
7368.0,1696.0,1742.0,1716.0,733.0,739.0,742.0
7383.0,1717.0,1729.0,1730.0,737.0,738.0,732.0
7291.0,1726.0,1696.0,1674.0,725.0,730.0,740.0
7266.0,1694.0,1695.0,1689.0,730.0,730.0,728.0
7322.0,1727.0,1692.0,1711.0,733.0,731.0,728.0
7229.0,1678.0,1690.0,1680.0,725.0,732.0,724.0
7248.0,1679.0,1688.0,1701.0,732.0,729.0,719.0
7265.0,1689.0,1709.0,1683.0,737.0,723.0,724.0
7298.0,1686.0,1703.0,1708.0,738.0,739.0,724.0
7327.0,1700.0,1717.0,1712.0,740.0,729.0,729.0
7391.0,1729.0,1733.0,1727.0,741.0,730.0,731.0
7384.0,1734.0,1715.0,1727.0,746.0,730.0,732.0
7389.0,1734.0,1705.0,1739.0,730.0,740.0,741.0
7382.0,1718.0,1738.0,1719.0,739.0,729.0,739.0
7333.0,1695.0,1722.0,1708.0,734.0,738.0,736.0
7329.0,1715.0,1700.0,1710.0,733.0,730.0,741.0
7365.0,1725.0,1720.0,1706.0,732.0,738.0,744.0
7308.0,1705.0,1709.0,1707.0,726.0,725.0,736.0
7269.0,1707.0,1701.0,1690.0,727.0,722.0,722.0
7292.0,1684.0,1701.0,1705.0,737.0,734.0,731.0
7279.0,1682.0,1698.0,1708.0,730.0,729.0,732.0
7291.0,1684.0,1705.0,1703.0,736.0,729.0,734.0
7334.0,1713.0,1702.0,1714.0,736.0,737.0,732.0
7371.0,1720.0,1718.0,1728.0,735.0,736.0,734.0
7430.0,1753.0,1734.0,1713.0,747.0,745.0,738.0
7437.0,1740.0,1744.0,1728.0,743.0,739.0,743.0
7420.0,1727.0,1734.0,1738.0,740.0,737.0,744.0
7381.0,1721.0,1724.0,1735.0,738.0,728.0,735.0
7372.0,1729.0,1724.0,1718.0,734.0,736.0,731.0
7336.0,1722.0,1705.0,1716.0,731.0,733.0,729.0
7310.0,1711.0,1689.0,1709.0,728.0,732.0,741.0
7315.0,1711.0,1698.0,1722.0,732.0,723.0,729.0
7304.0,1695.0,1703.0,1718.0,731.0,725.0,732.0
7318.0,1699.0,1702.0,1715.0,736.0,733.0,733.0
7313.0,1698.0,1704.0,1715.0,729.0,734.0,733.0
7352.0,1717.0,1698.0,1716.0,739.0,743.0,739.0
7449.0,1745.0,1738.0,1743.0,741.0,744.0,738.0
7470.0,1739.0,1745.0,1742.0,750.0,750.0,744.0
7445.0,1741.0,1726.0,1735.0,749.0,746.0,748.0
7446.0,1732.0,1748.0,1736.0,742.0,748.0,740.0
7424.0,1717.0,1730.0,1744.0,744.0,746.0,743.0
7413.0,1746.0,1721.0,1729.0,739.0,739.0,739.0
7402.0,1734.0,1728.0,1736.0,733.0,731.0,740.0
7344.0,1714.0,1709.0,1729.0,726.0,732.0,734.0
7328.0,1708.0,1721.0,1709.0,729.0,728.0,733.0
7327.0,1707.0,1715.0,1710.0,730.0,727.0,738.0
7318.0,1713.0,1718.0,1695.0,733.0,725.0,734.0
7381.0,1711.0,1744.0,1725.0,737.0,724.0,740.0
7416.0,1735.0,1730.0,1719.0,751.0,744.0,737.0
7393.0,1727.0,1714.0,1728.0,744.0,742.0,738.0
7467.0,1755.0,1731.0,1738.0,749.0,748.0,746.0
7501.0,1759.0,1749.0,1743.0,752.0,752.0,746.0
7469.0,1738.0,1731.0,1745.0,752.0,749.0,754.0
7458.0,1727.0,1739.0,1757.0,750.0,746.0,739.0
7467.0,1739.0,1734.0,1757.0,745.0,743.0,749.0
7405.0,1720.0,1729.0,1730.0,737.0,748.0,741.0
7384.0,1724.0,1729.0,1726.0,724.0,738.0,743.0
7359.0,1724.0,1714.0,1722.0,727.0,737.0,735.0
7319.0,1699.0,1703.0,1718.0,730.0,730.0,739.0
7376.0,1735.0,1715.0,1714.0,731.0,740.0,741.0
7383.0,1718.0,1734.0,1714.0,740.0,741.0,736.0
7384.0,1714.0,1721.0,1727.0,752.0,733.0,737.0
7452.0,1757.0,1747.0,1721.0,747.0,740.0,740.0
7501.0,1759.0,1760.0,1740.0,750.0,751.0,741.0
7502.0,1751.0,1754.0,1750.0,754.0,747.0,746.0
7501.0,1746.0,1744.0,1762.0,753.0,748.0,748.0
7503.0,1741.0,1751.0,1767.0,749.0,750.0,745.0
7440.0,1733.0,1729.0,1751.0,742.0,744.0,741.0
7434.0,1740.0,1732.0,1745.0,740.0,741.0,736.0
7404.0,1736.0,1729.0,1716.0,736.0,747.0,740.0
7361.0,1733.0,1713.0,1710.0,737.0,735.0,733.0
7348.0,1712.0,1724.0,1707.0,724.0,741.0,740.0
7361.0,1710.0,1728.0,1715.0,727.0,741.0,740.0
7400.0,1725.0,1733.0,1716.0,743.0,743.0,740.0
7455.0,1746.0,1738.0,1726.0,743.0,747.0,755.0
7452.0,1754.0,1731.0,1711.0,750.0,754.0,752.0
7504.0,1764.0,1726.0,1758.0,747.0,755.0,754.0
7512.0,1766.0,1732.0,1756.0,756.0,747.0,755.0
7524.0,1741.0,1746.0,1776.0,754.0,751.0,756.0
7524.0,1733.0,1759.0,1768.0,761.0,752.0,751.0
7509.0,1749.0,1741.0,1763.0,756.0,747.0,753.0
7446.0,1745.0,1745.0,1716.0,749.0,745.0,746.0
7422.0,1732.0,1740.0,1730.0,738.0,737.0,745.0
7399.0,1732.0,1729.0,1722.0,744.0,738.0,734.0
7354.0,1717.0,1709.0,1717.0,732.0,743.0,736.0
7362.0,1713.0,1713.0,1722.0,735.0,746.0,733.0
7445.0,1742.0,1731.0,1736.0,744.0,746.0,746.0
7456.0,1745.0,1738.0,1739.0,741.0,751.0,742.0
7524.0,1749.0,1764.0,1752.0,753.0,756.0,750.0
7574.0,1772.0,1783.0,1754.0,759.0,754.0,752.0
7593.0,1768.0,1786.0,1772.0,758.0,757.0,752.0
7562.0,1756.0,1769.0,1766.0,762.0,756.0,753.0
7562.0,1748.0,1779.0,1762.0,761.0,751.0,761.0
7495.0,1749.0,1737.0,1752.0,760.0,747.0,750.0
7463.0,1755.0,1740.0,1721.0,752.0,746.0,749.0
7443.0,1745.0,1733.0,1728.0,746.0,743.0,748.0
7431.0,1737.0,1729.0,1724.0,745.0,745.0,751.0
7385.0,1724.0,1725.0,1710.0,744.0,741.0,741.0
7408.0,1734.0,1737.0,1723.0,736.0,739.0,739.0
7470.0,1738.0,1754.0,1752.0,742.0,742.0,742.0
7479.0,1743.0,1757.0,1740.0,742.0,749.0,748.0
7557.0,1787.0,1762.0,1750.0,753.0,754.0,751.0
7596.0,1794.0,1771.0,1767.0,753.0,760.0,751.0
7545.0,1760.0,1745.0,1768.0,758.0,757.0,757.0
7588.0,1774.0,1761.0,1768.0,762.0,764.0,759.0
7542.0,1746.0,1756.0,1765.0,754.0,762.0,759.0
7506.0,1752.0,1738.0,1755.0,752.0,758.0,751.0
7490.0,1767.0,1751.0,1729.0,757.0,748.0,738.0
7478.0,1759.0,1749.0,1716.0,760.0,748.0,746.0
7425.0,1732.0,1737.0,1722.0,743.0,743.0,748.0
7450.0,1737.0,1738.0,1742.0,741.0,746.0,746.0
7436.0,1710.0,1732.0,1748.0,751.0,749.0,746.0
7459.0,1725.0,1735.0,1768.0,742.0,737.0,752.0
7538.0,1756.0,1753.0,1775.0,755.0,745.0,754.0
7551.0,1766.0,1750.0,1768.0,755.0,753.0,759.0
7600.0,1790.0,1753.0,1781.0,756.0,757.0,763.0
7612.0,1778.0,1784.0,1764.0,761.0,762.0,763.0
7609.0,1780.0,1790.0,1774.0,754.0,753.0,758.0
7586.0,1762.0,1778.0,1754.0,772.0,760.0,760.0
7544.0,1759.0,1757.0,1760.0,763.0,754.0,751.0
7502.0,1762.0,1737.0,1745.0,751.0,757.0,750.0
7504.0,1775.0,1735.0,1731.0,760.0,756.0,747.0
7506.0,1767.0,1746.0,1735.0,756.0,755.0,747.0
7460.0,1730.0,1733.0,1752.0,747.0,754.0,744.0
7500.0,1737.0,1757.0,1759.0,746.0,756.0,745.0
7509.0,1759.0,1748.0,1760.0,748.0,750.0,744.0
7534.0,1749.0,1760.0,1777.0,750.0,746.0,752.0
7613.0,1794.0,1761.0,1787.0,758.0,755.0,758.0
7614.0,1793.0,1763.0,1775.0,759.0,761.0,763.0
7565.0,1774.0,1756.0,1761.0,759.0,763.0,752.0
7561.0,1753.0,1756.0,1779.0,761.0,752.0,760.0
7592.0,1766.0,1779.0,1761.0,762.0,754.0,770.0
7578.0,1780.0,1767.0,1753.0,762.0,754.0,762.0
7529.0,1764.0,1753.0,1754.0,753.0,749.0,756.0
7559.0,1769.0,1757.0,1766.0,758.0,749.0,760.0
7519.0,1760.0,1767.0,1739.0,748.0,750.0,755.0
7540.0,1745.0,1766.0,1769.0,756.0,755.0,749.0
7552.0,1750.0,1753.0,1774.0,760.0,758.0,757.0
7538.0,1746.0,1755.0,1768.0,763.0,755.0,751.0
7567.0,1764.0,1754.0,1770.0,756.0,760.0,763.0
7595.0,1776.0,1764.0,1768.0,762.0,766.0,759.0
7641.0,1786.0,1783.0,1782.0,764.0,766.0,760.0
7622.0,1785.0,1781.0,1766.0,760.0,766.0,764.0
7632.0,1784.0,1786.0,1762.0,764.0,768.0,768.0
7614.0,1770.0,1780.0,1781.0,760.0,764.0,759.0
7583.0,1754.0,1767.0,1781.0,756.0,765.0,760.0
7575.0,1760.0,1786.0,1760.0,756.0,757.0,756.0
7543.0,1767.0,1754.0,1764.0,755.0,750.0,753.0
7536.0,1766.0,1746.0,1769.0,755.0,748.0,752.0
7558.0,1754.0,1759.0,1775.0,755.0,757.0,758.0
7545.0,1755.0,1765.0,1762.0,758.0,750.0,755.0
7562.0,1747.0,1759.0,1772.0,760.0,760.0,764.0
7649.0,1784.0,1785.0,1781.0,763.0,768.0,768.0
7663.0,1787.0,1814.0,1761.0,764.0,768.0,769.0
7711.0,1793.0,1817.0,1790.0,764.0,771.0,776.0
7675.0,1796.0,1796.0,1780.0,763.0,769.0,771.0
7700.0,1790.0,1804.0,1787.0,775.0,771.0,773.0
7651.0,1777.0,1777.0,1792.0,761.0,773.0,771.0
7619.0,1781.0,1769.0,1779.0,764.0,765.0,761.0
7569.0,1762.0,1768.0,1769.0,755.0,764.0,751.0
7574.0,1774.0,1753.0,1773.0,755.0,763.0,756.0
7566.0,1777.0,1751.0,1780.0,756.0,752.0,750.0
7551.0,1762.0,1761.0,1766.0,758.0,753.0,751.0
7584.0,1756.0,1786.0,1765.0,758.0,764.0,755.0
7583.0,1767.0,1786.0,1759.0,764.0,753.0,754.0
7657.0,1796.0,1787.0,1776.0,769.0,763.0,766.0
7645.0,1786.0,1783.0,1779.0,774.0,766.0,757.0
7684.0,1804.0,1789.0,1791.0,767.0,766.0,767.0
7710.0,1805.0,1792.0,1795.0,772.0,772.0,774.0
7699.0,1801.0,1792.0,1806.0,760.0,769.0,771.0
7687.0,1775.0,1785.0,1810.0,766.0,777.0,774.0
7656.0,1793.0,1780.0,1783.0,759.0,772.0,769.0
7654.0,1790.0,1780.0,1796.0,761.0,764.0,763.0
7648.0,1803.0,1787.0,1771.0,755.0,766.0,766.0
7610.0,1774.0,1776.0,1777.0,761.0,764.0,758.0
7564.0,1761.0,1774.0,1753.0,758.0,756.0,762.0
7523.0,1749.0,1739.0,1761.0,758.0,753.0,763.0
7588.0,1768.0,1770.0,1757.0,769.0,760.0,764.0
7625.0,1774.0,1773.0,1781.0,772.0,767.0,758.0
7639.0,1783.0,1766.0,1785.0,775.0,769.0,761.0
7701.0,1803.0,1801.0,1783.0,777.0,767.0,770.0
7736.0,1804.0,1817.0,1807.0,769.0,767.0,772.0
7719.0,1796.0,1810.0,1804.0,772.0,772.0,765.0
7756.0,1815.0,1802.0,1821.0,776.0,772.0,770.0
7701.0,1806.0,1793.0,1800.0,770.0,768.0,764.0
7640.0,1789.0,1779.0,1784.0,761.0,768.0,759.0
7616.0,1791.0,1761.0,1778.0,762.0,764.0,760.0
7588.0,1777.0,1763.0,1765.0,760.0,764.0,759.0
7568.0,1766.0,1762.0,1773.0,756.0,757.0,754.0
7613.0,1772.0,1792.0,1750.0,761.0,770.0,768.0
7676.0,1777.0,1798.0,1799.0,763.0,771.0,768.0
7692.0,1808.0,1791.0,1778.0,776.0,769.0,770.0
7737.0,1815.0,1793.0,1799.0,775.0,776.0,779.0
7788.0,1808.0,1813.0,1826.0,781.0,775.0,785.0
7769.0,1799.0,1805.0,1821.0,786.0,779.0,779.0
7758.0,1807.0,1790.0,1839.0,776.0,772.0,774.0
7751.0,1810.0,1786.0,1825.0,780.0,770.0,780.0
7684.0,1789.0,1784.0,1796.0,775.0,767.0,773.0
7691.0,1789.0,1807.0,1796.0,770.0,763.0,766.0
7716.0,1816.0,1805.0,1797.0,765.0,766.0,767.0
7642.0,1787.0,1798.0,1786.0,765.0,755.0,751.0
7611.0,1773.0,1777.0,1791.0,759.0,759.0,752.0
7631.0,1797.0,1774.0,1780.0,759.0,765.0,756.0
7618.0,1778.0,1775.0,1766.0,767.0,768.0,764.0
7657.0,1787.0,1765.0,1793.0,778.0,780.0,754.0
7762.0,1817.0,1810.0,1812.0,773.0,780.0,770.0
7785.0,1813.0,1822.0,1815.0,785.0,774.0,776.0
7784.0,1805.0,1816.0,1834.0,775.0,779.0,775.0
7795.0,1817.0,1814.0,1818.0,788.0,779.0,779.0
7777.0,1798.0,1827.0,1816.0,782.0,777.0,777.0
7751.0,1807.0,1807.0,1813.0,776.0,773.0,775.0
7699.0,1791.0,1799.0,1794.0,776.0,770.0,769.0
7648.0,1797.0,1771.0,1776.0,768.0,767.0,769.0
7657.0,1781.0,1792.0,1782.0,770.0,761.0,771.0
7624.0,1774.0,1772.0,1785.0,760.0,757.0,776.0
7626.0,1796.0,1761.0,1779.0,760.0,762.0,768.0
7720.0,1796.0,1806.0,1803.0,770.0,767.0,778.0
7749.0,1810.0,1823.0,1806.0,774.0,771.0,765.0
7773.0,1818.0,1815.0,1810.0,778.0,775.0,777.0
7857.0,1825.0,1843.0,1833.0,779.0,794.0,783.0
7845.0,1824.0,1836.0,1834.0,787.0,786.0,778.0
7797.0,1812.0,1822.0,1825.0,784.0,776.0,778.0
7751.0,1814.0,1809.0,1803.0,776.0,778.0,771.0
7752.0,1805.0,1811.0,1806.0,779.0,778.0,773.0
7712.0,1811.0,1803.0,1775.0,775.0,779.0,769.0
7748.0,1829.0,1805.0,1798.0,772.0,770.0,774.0
7714.0,1800.0,1799.0,1805.0,761.0,770.0,779.0
7694.0,1779.0,1799.0,1812.0,770.0,769.0,765.0
7695.0,1799.0,1800.0,1796.0,766.0,768.0,766.0
7714.0,1782.0,1809.0,1806.0,770.0,771.0,776.0
7762.0,1805.0,1806.0,1820.0,776.0,774.0,781.0
7831.0,1845.0,1804.0,1839.0,776.0,780.0,787.0
7852.0,1838.0,1829.0,1836.0,780.0,777.0,792.0
7825.0,1822.0,1818.0,1833.0,789.0,782.0,781.0
7855.0,1823.0,1845.0,1836.0,785.0,778.0,788.0
7834.0,1829.0,1830.0,1824.0,778.0,786.0,787.0
7786.0,1804.0,1820.0,1811.0,783.0,785.0,783.0
7738.0,1816.0,1809.0,1784.0,780.0,777.0,772.0
7774.0,1835.0,1808.0,1813.0,776.0,776.0,766.0
7707.0,1803.0,1793.0,1800.0,774.0,769.0,768.0
7697.0,1784.0,1786.0,1808.0,774.0,775.0,770.0
7704.0,1791.0,1803.0,1800.0,765.0,777.0,768.0
7721.0,1797.0,1804.0,1813.0,766.0,777.0,764.0
7775.0,1813.0,1821.0,1820.0,774.0,776.0,771.0
7867.0,1846.0,1836.0,1827.0,783.0,786.0,789.0
7862.0,1843.0,1852.0,1821.0,774.0,785.0,787.0
7843.0,1838.0,1852.0,1816.0,781.0,776.0,780.0
7839.0,1832.0,1835.0,1823.0,790.0,778.0,781.0
7838.0,1823.0,1828.0,1833.0,792.0,776.0,786.0
7809.0,1802.0,1830.0,1831.0,786.0,772.0,788.0
7775.0,1826.0,1794.0,1810.0,790.0,774.0,781.0
7786.0,1823.0,1813.0,1822.0,776.0,769.0,783.0
7764.0,1814.0,1815.0,1805.0,778.0,768.0,784.0
7745.0,1807.0,1803.0,1806.0,777.0,773.0,779.0
7761.0,1812.0,1805.0,1818.0,772.0,776.0,778.0
7784.0,1819.0,1824.0,1813.0,777.0,778.0,773.0
7785.0,1806.0,1820.0,1821.0,779.0,780.0,779.0
7838.0,1833.0,1834.0,1824.0,779.0,788.0,780.0
7820.0,1837.0,1811.0,1817.0,784.0,788.0,783.0
7877.0,1841.0,1843.0,1827.0,787.0,794.0,785.0
7886.0,1838.0,1850.0,1832.0,784.0,789.0,793.0
7813.0,1810.0,1827.0,1821.0,787.0,786.0,782.0
7829.0,1829.0,1824.0,1827.0,781.0,788.0,780.0
7821.0,1812.0,1846.0,1839.0,779.0,772.0,773.0
7787.0,1814.0,1828.0,1813.0,777.0,777.0,778.0
7762.0,1805.0,1815.0,1817.0,776.0,772.0,777.0
7760.0,1806.0,1819.0,1808.0,780.0,776.0,771.0
7759.0,1806.0,1801.0,1823.0,774.0,775.0,780.0
7763.0,1792.0,1804.0,1828.0,775.0,780.0,784.0
7853.0,1842.0,1836.0,1815.0,787.0,791.0,782.0
7883.0,1836.0,1834.0,1847.0,782.0,790.0,794.0
7919.0,1870.0,1853.0,1828.0,791.0,783.0,794.0
7908.0,1838.0,1853.0,1828.0,790.0,803.0,796.0
7894.0,1850.0,1838.0,1827.0,789.0,792.0,798.0
7895.0,1838.0,1853.0,1835.0,787.0,793.0,789.0
7874.0,1828.0,1841.0,1835.0,793.0,790.0,787.0
7807.0,1819.0,1812.0,1827.0,783.0,787.0,779.0
7815.0,1824.0,1831.0,1829.0,774.0,782.0,775.0
7836.0,1836.0,1827.0,1843.0,779.0,774.0,777.0
7804.0,1824.0,1812.0,1827.0,786.0,779.0,776.0
7789.0,1818.0,1822.0,1822.0,785.0,769.0,773.0
7842.0,1831.0,1839.0,1822.0,786.0,785.0,779.0
7861.0,1841.0,1849.0,1820.0,783.0,784.0,784.0
7854.0,1848.0,1838.0,1823.0,785.0,777.0,783.0
7909.0,1863.0,1847.0,1833.0,784.0,787.0,795.0
7939.0,1864.0,1851.0,1841.0,793.0,793.0,797.0
7929.0,1860.0,1823.0,1868.0,792.0,795.0,791.0
7919.0,1842.0,1840.0,1857.0,794.0,792.0,794.0
7906.0,1844.0,1842.0,1854.0,789.0,793.0,784.0
7879.0,1848.0,1830.0,1845.0,788.0,783.0,785.0
7842.0,1837.0,1835.0,1816.0,785.0,786.0,783.0
7818.0,1817.0,1837.0,1821.0,774.0,782.0,787.0
7816.0,1821.0,1822.0,1810.0,785.0,785.0,793.0
7780.0,1816.0,1806.0,1805.0,787.0,779.0,787.0
7847.0,1835.0,1811.0,1837.0,790.0,788.0,786.0
7889.0,1848.0,1831.0,1832.0,794.0,793.0,791.0
7918.0,1852.0,1853.0,1841.0,791.0,793.0,788.0
7959.0,1865.0,1866.0,1850.0,800.0,788.0,790.0
7959.0,1858.0,1849.0,1872.0,794.0,793.0,793.0
7935.0,1846.0,1858.0,1852.0,793.0,789.0,797.0
7943.0,1853.0,1861.0,1862.0,796.0,785.0,786.0
7923.0,1836.0,1859.0,1861.0,790.0,795.0,782.0
7883.0,1853.0,1834.0,1845.0,783.0,779.0,789.0
7854.0,1838.0,1830.0,1837.0,783.0,786.0,780.0
7811.0,1836.0,1806.0,1822.0,780.0,785.0,782.0
7833.0,1826.0,1811.0,1833.0,791.0,784.0,788.0
7838.0,1820.0,1822.0,1836.0,786.0,790.0,784.0
7866.0,1825.0,1843.0,1833.0,789.0,787.0,789.0
7922.0,1854.0,1856.0,1843.0,790.0,794.0,785.0
7978.0,1850.0,1861.0,1866.0,799.0,798.0,804.0
7992.0,1871.0,1860.0,1860.0,802.0,799.0,800.0
7994.0,1859.0,1868.0,1871.0,802.0,796.0,798.0
7990.0,1856.0,1855.0,1901.0,796.0,786.0,796.0
7985.0,1867.0,1844.0,1879.0,800.0,800.0,795.0
7943.0,1845.0,1855.0,1875.0,786.0,792.0,790.0
7897.0,1841.0,1836.0,1848.0,786.0,792.0,794.0
7859.0,1833.0,1825.0,1842.0,787.0,786.0,786.0
7843.0,1823.0,1846.0,1820.0,786.0,786.0,782.0
7859.0,1832.0,1858.0,1824.0,785.0,785.0,775.0
7849.0,1822.0,1841.0,1827.0,793.0,783.0,783.0
7915.0,1845.0,1852.0,1841.0,795.0,790.0,792.0
7901.0,1849.0,1845.0,1835.0,799.0,786.0,787.0
8004.0,1860.0,1868.0,1881.0,797.0,799.0,799.0
8023.0,1889.0,1842.0,1879.0,806.0,804.0,803.0
8008.0,1880.0,1860.0,1864.0,809.0,803.0,792.0
8045.0,1865.0,1879.0,1884.0,799.0,817.0,801.0
8039.0,1867.0,1878.0,1881.0,802.0,806.0,805.0
8032.0,1874.0,1879.0,1874.0,797.0,801.0,807.0
7940.0,1858.0,1857.0,1844.0,786.0,797.0,798.0
7931.0,1850.0,1851.0,1844.0,789.0,793.0,804.0
7874.0,1849.0,1841.0,1828.0,784.0,787.0,785.0
7864.0,1839.0,1838.0,1832.0,781.0,784.0,790.0
7901.0,1837.0,1840.0,1848.0,792.0,789.0,795.0
7938.0,1855.0,1850.0,1856.0,798.0,788.0,791.0
7992.0,1864.0,1867.0,1868.0,795.0,795.0,803.0
8018.0,1862.0,1886.0,1869.0,804.0,799.0,798.0
8056.0,1879.0,1884.0,1894.0,802.0,799.0,798.0
8040.0,1870.0,1877.0,1879.0,807.0,808.0,799.0
8090.0,1877.0,1893.0,1893.0,808.0,810.0,809.0
7998.0,1862.0,1861.0,1869.0,805.0,808.0,793.0
8012.0,1868.0,1865.0,1868.0,807.0,805.0,799.0
7982.0,1861.0,1873.0,1857.0,790.0,800.0,801.0
7917.0,1854.0,1851.0,1835.0,784.0,796.0,797.0
7904.0,1862.0,1852.0,1825.0,784.0,794.0,787.0
7940.0,1847.0,1872.0,1854.0,785.0,793.0,789.0
7914.0,1840.0,1855.0,1837.0,789.0,798.0,795.0
7951.0,1832.0,1864.0,1872.0,793.0,790.0,800.0
7983.0,1850.0,1874.0,1858.0,797.0,799.0,805.0
8051.0,1870.0,1876.0,1899.0,809.0,795.0,802.0
8071.0,1891.0,1877.0,1886.0,803.0,810.0,804.0
8047.0,1880.0,1857.0,1881.0,810.0,803.0,816.0
8059.0,1884.0,1871.0,1886.0,801.0,807.0,810.0
8037.0,1875.0,1881.0,1864.0,802.0,808.0,807.0
8005.0,1863.0,1877.0,1852.0,806.0,797.0,810.0
7977.0,1860.0,1869.0,1853.0,802.0,799.0,794.0
7960.0,1861.0,1868.0,1852.0,793.0,795.0,791.0
7964.0,1861.0,1851.0,1862.0,791.0,806.0,793.0
7954.0,1854.0,1872.0,1855.0,787.0,795.0,791.0
7943.0,1847.0,1852.0,1865.0,792.0,793.0,794.0
7996.0,1866.0,1849.0,1881.0,797.0,806.0,797.0
8012.0,1870.0,1860.0,1883.0,800.0,805.0,794.0
8044.0,1886.0,1884.0,1853.0,809.0,809.0,803.0
8093.0,1899.0,1896.0,1871.0,815.0,806.0,806.0
8102.0,1893.0,1901.0,1874.0,811.0,809.0,814.0
8119.0,1894.0,1907.0,1880.0,818.0,810.0,810.0
8060.0,1876.0,1870.0,1876.0,814.0,809.0,815.0
8029.0,1863.0,1874.0,1875.0,801.0,805.0,811.0
8050.0,1882.0,1874.0,1877.0,805.0,803.0,809.0
8005.0,1875.0,1867.0,1868.0,799.0,799.0,797.0
7964.0,1867.0,1849.0,1853.0,801.0,792.0,802.0
7972.0,1862.0,1851.0,1876.0,791.0,794.0,798.0
7994.0,1861.0,1862.0,1877.0,792.0,801.0,801.0
8027.0,1852.0,1890.0,1890.0,796.0,804.0,795.0
8038.0,1874.0,1880.0,1871.0,798.0,808.0,807.0
8105.0,1890.0,1888.0,1888.0,817.0,817.0,805.0
8073.0,1899.0,1869.0,1875.0,809.0,813.0,808.0
8106.0,1899.0,1877.0,1885.0,819.0,815.0,811.0
8094.0,1904.0,1882.0,1880.0,811.0,811.0,806.0
8115.0,1902.0,1882.0,1895.0,815.0,813.0,808.0
8047.0,1870.0,1882.0,1871.0,818.0,808.0,798.0
8072.0,1880.0,1884.0,1881.0,817.0,805.0,805.0
8020.0,1869.0,1883.0,1876.0,797.0,795.0,800.0
8021.0,1866.0,1878.0,1882.0,800.0,795.0,800.0
7999.0,1858.0,1867.0,1869.0,801.0,800.0,804.0
7982.0,1845.0,1867.0,1864.0,799.0,799.0,808.0
8017.0,1870.0,1878.0,1877.0,798.0,794.0,800.0
8082.0,1877.0,1883.0,1893.0,802.0,808.0,819.0
8085.0,1897.0,1868.0,1887.0,807.0,814.0,812.0
8126.0,1900.0,1895.0,1879.0,810.0,819.0,823.0
8204.0,1912.0,1911.0,1919.0,821.0,820.0,821.0
8164.0,1902.0,1914.0,1898.0,816.0,818.0,816.0
8122.0,1895.0,1893.0,1882.0,817.0,817.0,818.0
8096.0,1882.0,1891.0,1900.0,809.0,810.0,804.0
8072.0,1873.0,1888.0,1879.0,816.0,808.0,808.0
8052.0,1876.0,1864.0,1890.0,805.0,808.0,809.0
8024.0,1881.0,1858.0,1871.0,807.0,807.0,800.0
8023.0,1864.0,1858.0,1897.0,800.0,801.0,803.0
8036.0,1862.0,1877.0,1887.0,800.0,810.0,800.0
8044.0,1877.0,1873.0,1881.0,807.0,805.0,801.0
8091.0,1908.0,1888.0,1881.0,800.0,807.0,807.0
8118.0,1900.0,1897.0,1888.0,808.0,809.0,816.0
8194.0,1918.0,1931.0,1908.0,816.0,805.0,816.0
8174.0,1907.0,1916.0,1900.0,818.0,818.0,815.0
8169.0,1893.0,1903.0,1922.0,814.0,819.0,818.0
8153.0,1892.0,1898.0,1916.0,815.0,808.0,824.0
8164.0,1892.0,1912.0,1915.0,813.0,820.0,812.0
8112.0,1889.0,1887.0,1892.0,820.0,808.0,816.0
8112.0,1897.0,1902.0,1877.0,810.0,809.0,817.0
8061.0,1880.0,1877.0,1882.0,806.0,810.0,806.0
8031.0,1855.0,1874.0,1883.0,805.0,803.0,811.0
8092.0,1877.0,1883.0,1902.0,807.0,813.0,810.0
8097.0,1885.0,1892.0,1879.0,815.0,817.0,809.0
8089.0,1881.0,1894.0,1880.0,812.0,814.0,808.0
8162.0,1908.0,1897.0,1905.0,819.0,819.0,814.0
8206.0,1915.0,1913.0,1924.0,816.0,825.0,813.0
8211.0,1922.0,1920.0,1910.0,818.0,819.0,822.0
8239.0,1906.0,1934.0,1930.0,820.0,819.0,830.0
8193.0,1908.0,1912.0,1925.0,814.0,824.0,810.0
8130.0,1890.0,1899.0,1901.0,819.0,808.0,813.0
8140.0,1907.0,1905.0,1891.0,813.0,810.0,814.0
8103.0,1895.0,1884.0,1903.0,815.0,811.0,795.0
8055.0,1883.0,1878.0,1877.0,806.0,803.0,808.0
8074.0,1891.0,1869.0,1900.0,806.0,797.0,811.0
8045.0,1885.0,1883.0,1854.0,811.0,807.0,805.0
8126.0,1892.0,1899.0,1893.0,810.0,817.0,815.0
8182.0,1901.0,1911.0,1903.0,825.0,823.0,819.0
8216.0,1927.0,1924.0,1903.0,811.0,824.0,827.0
8266.0,1934.0,1930.0,1934.0,818.0,824.0,826.0
8260.0,1920.0,1927.0,1939.0,819.0,830.0,825.0
8242.0,1916.0,1907.0,1955.0,811.0,824.0,829.0
8173.0,1891.0,1903.0,1920.0,817.0,824.0,818.0
8171.0,1899.0,1903.0,1927.0,814.0,816.0,812.0
8157.0,1914.0,1900.0,1910.0,816.0,810.0,807.0
8086.0,1894.0,1872.0,1891.0,809.0,811.0,809.0
8119.0,1897.0,1905.0,1883.0,819.0,813.0,802.0
8075.0,1886.0,1896.0,1872.0,814.0,809.0,798.0
8108.0,1897.0,1910.0,1881.0,810.0,804.0,806.0
8110.0,1893.0,1899.0,1885.0,813.0,812.0,808.0
8165.0,1890.0,1921.0,1904.0,821.0,812.0,817.0
8199.0,1918.0,1903.0,1922.0,815.0,820.0,821.0
8285.0,1935.0,1934.0,1941.0,826.0,827.0,822.0
8255.0,1933.0,1912.0,1939.0,821.0,827.0,823.0
8269.0,1924.0,1933.0,1934.0,823.0,825.0,830.0
8235.0,1925.0,1922.0,1922.0,815.0,829.0,822.0
8238.0,1916.0,1929.0,1922.0,818.0,825.0,828.0
8199.0,1893.0,1924.0,1919.0,823.0,826.0,814.0
8167.0,1906.0,1917.0,1886.0,822.0,814.0,822.0
8139.0,1906.0,1904.0,1879.0,819.0,807.0,824.0
8098.0,1889.0,1890.0,1881.0,815.0,807.0,816.0
8152.0,1893.0,1897.0,1910.0,821.0,817.0,814.0
8144.0,1899.0,1901.0,1898.0,821.0,808.0,817.0
8193.0,1929.0,1900.0,1913.0,819.0,817.0,815.0
8263.0,1924.0,1921.0,1948.0,826.0,819.0,825.0
8235.0,1927.0,1923.0,1926.0,817.0,820.0,822.0
8294.0,1923.0,1943.0,1943.0,829.0,829.0,827.0
8271.0,1920.0,1934.0,1942.0,828.0,824.0,823.0
8243.0,1924.0,1923.0,1927.0,829.0,821.0,819.0
8197.0,1915.0,1908.0,1907.0,822.0,826.0,819.0
8174.0,1909.0,1911.0,1905.0,818.0,817.0,814.0
8131.0,1905.0,1891.0,1893.0,810.0,817.0,815.0
8136.0,1904.0,1896.0,1884.0,817.0,822.0,813.0
8131.0,1905.0,1880.0,1891.0,818.0,822.0,815.0
8183.0,1908.0,1917.0,1902.0,822.0,817.0,817.0
8201.0,1912.0,1911.0,1910.0,824.0,825.0,819.0
8266.0,1927.0,1941.0,1930.0,825.0,825.0,818.0
8279.0,1938.0,1926.0,1938.0,830.0,816.0,831.0
8324.0,1936.0,1942.0,1952.0,832.0,828.0,834.0
8301.0,1943.0,1930.0,1933.0,832.0,825.0,838.0
8296.0,1947.0,1923.0,1934.0,834.0,823.0,835.0
8262.0,1924.0,1933.0,1921.0,829.0,824.0,831.0
8234.0,1928.0,1930.0,1910.0,820.0,823.0,823.0
8217.0,1924.0,1919.0,1900.0,823.0,826.0,825.0
8224.0,1925.0,1923.0,1912.0,815.0,828.0,821.0
8176.0,1904.0,1905.0,1919.0,815.0,820.0,813.0
8181.0,1895.0,1907.0,1924.0,816.0,826.0,813.0
8173.0,1890.0,1907.0,1918.0,817.0,823.0,818.0
8192.0,1892.0,1923.0,1924.0,818.0,826.0,809.0
8246.0,1935.0,1899.0,1933.0,827.0,831.0,821.0
8271.0,1961.0,1910.0,1918.0,831.0,828.0,823.0
8310.0,1948.0,1922.0,1939.0,844.0,835.0,822.0
8321.0,1940.0,1929.0,1950.0,841.0,834.0,827.0
8334.0,1940.0,1958.0,1933.0,833.0,830.0,840.0
8316.0,1946.0,1943.0,1927.0,833.0,835.0,832.0
8249.0,1926.0,1927.0,1911.0,830.0,823.0,832.0
8260.0,1938.0,1926.0,1921.0,828.0,819.0,828.0
8228.0,1924.0,1914.0,1908.0,825.0,825.0,832.0
8211.0,1920.0,1909.0,1926.0,818.0,813.0,825.0
8182.0,1899.0,1922.0,1910.0,813.0,816.0,822.0
8193.0,1908.0,1904.0,1920.0,822.0,816.0,823.0
8234.0,1907.0,1923.0,1929.0,820.0,831.0,824.0
8304.0,1925.0,1937.0,1952.0,837.0,827.0,826.0
8369.0,1938.0,1964.0,1966.0,837.0,835.0,829.0
8351.0,1959.0,1948.0,1933.0,835.0,836.0,840.0
8361.0,1973.0,1946.0,1940.0,837.0,836.0,829.0
8349.0,1938.0,1947.0,1944.0,842.0,843.0,835.0
8310.0,1933.0,1937.0,1939.0,837.0,837.0,827.0
8298.0,1929.0,1936.0,1935.0,835.0,840.0,823.0
8270.0,1940.0,1937.0,1923.0,822.0,828.0,820.0
8276.0,1942.0,1925.0,1937.0,824.0,828.0,820.0
8223.0,1923.0,1922.0,1923.0,823.0,819.0,813.0
8205.0,1913.0,1922.0,1920.0,814.0,816.0,820.0
8207.0,1897.0,1925.0,1922.0,819.0,817.0,827.0
8302.0,1928.0,1951.0,1943.0,824.0,820.0,836.0
8304.0,1938.0,1933.0,1933.0,832.0,831.0,837.0
8302.0,1935.0,1929.0,1927.0,833.0,830.0,848.0
8358.0,1950.0,1955.0,1946.0,837.0,829.0,841.0
8353.0,1948.0,1948.0,1935.0,846.0,837.0,839.0
8356.0,1946.0,1935.0,1956.0,842.0,838.0,839.0
8371.0,1936.0,1957.0,1951.0,848.0,840.0,839.0
8351.0,1947.0,1951.0,1956.0,839.0,833.0,825.0
8367.0,1934.0,1957.0,1967.0,835.0,844.0,830.0
8308.0,1936.0,1946.0,1938.0,828.0,835.0,825.0
8235.0,1921.0,1926.0,1919.0,826.0,818.0,825.0
8272.0,1928.0,1927.0,1934.0,827.0,831.0,825.0
8230.0,1915.0,1913.0,1930.0,825.0,827.0,820.0
8264.0,1928.0,1923.0,1928.0,828.0,831.0,826.0
8299.0,1947.0,1942.0,1924.0,828.0,825.0,833.0
8358.0,1961.0,1961.0,1941.0,837.0,828.0,830.0
8405.0,1964.0,1968.0,1954.0,848.0,834.0,837.0
8412.0,1973.0,1970.0,1946.0,849.0,834.0,840.0
8413.0,1957.0,1963.0,1963.0,844.0,844.0,842.0
8401.0,1954.0,1962.0,1959.0,846.0,839.0,841.0
8360.0,1941.0,1935.0,1967.0,839.0,836.0,842.0
8354.0,1949.0,1941.0,1953.0,835.0,835.0,841.0
8339.0,1944.0,1934.0,1956.0,834.0,836.0,835.0
8325.0,1952.0,1930.0,1949.0,828.0,831.0,835.0
8271.0,1930.0,1936.0,1926.0,827.0,826.0,826.0
8325.0,1932.0,1958.0,1935.0,829.0,832.0,839.0
8343.0,1930.0,1960.0,1948.0,833.0,836.0,836.0
8359.0,1950.0,1961.0,1939.0,832.0,837.0,840.0
8419.0,1974.0,1957.0,1973.0,838.0,834.0,843.0
8370.0,1951.0,1936.0,1970.0,837.0,838.0,838.0
8426.0,1966.0,1961.0,1980.0,839.0,844.0,836.0
8416.0,1958.0,1955.0,1970.0,845.0,842.0,846.0
8394.0,1946.0,1964.0,1963.0,845.0,839.0,837.0
8423.0,1959.0,1962.0,1984.0,845.0,839.0,834.0
8338.0,1942.0,1952.0,1945.0,834.0,832.0,833.0
8338.0,1941.0,1947.0,1949.0,841.0,825.0,835.0
8315.0,1953.0,1936.0,1934.0,833.0,826.0,833.0
8319.0,1922.0,1948.0,1942.0,835.0,834.0,838.0
8319.0,1943.0,1936.0,1940.0,830.0,832.0,838.0
8351.0,1952.0,1942.0,1945.0,834.0,838.0,840.0
8366.0,1939.0,1955.0,1959.0,831.0,838.0,844.0
8438.0,1971.0,1969.0,1969.0,839.0,850.0,840.0
8482.0,1984.0,1978.0,1973.0,841.0,855.0,851.0
8509.0,1987.0,1978.0,1997.0,845.0,848.0,854.0
8485.0,1964.0,1987.0,1983.0,847.0,856.0,848.0
8469.0,1961.0,1981.0,1979.0,853.0,851.0,844.0
8424.0,1966.0,1958.0,1967.0,847.0,845.0,841.0
8388.0,1953.0,1960.0,1961.0,839.0,831.0,844.0
8349.0,1964.0,1932.0,1953.0,838.0,837.0,825.0
8351.0,1961.0,1944.0,1944.0,835.0,834.0,833.0
8286.0,1931.0,1918.0,1934.0,843.0,829.0,831.0
8345.0,1944.0,1957.0,1944.0,832.0,840.0,828.0
8382.0,1947.0,1968.0,1963.0,838.0,835.0,831.0
8402.0,1952.0,1960.0,1977.0,832.0,845.0,836.0
8437.0,1980.0,1968.0,1967.0,832.0,847.0,843.0
8474.0,1983.0,1971.0,1973.0,845.0,852.0,850.0
8465.0,1977.0,1964.0,1983.0,842.0,846.0,853.0
8495.0,1973.0,1980.0,2000.0,843.0,854.0,845.0
8445.0,1955.0,1982.0,1970.0,843.0,846.0,849.0
8422.0,1969.0,1961.0,1956.0,844.0,843.0,849.0
8412.0,1971.0,1972.0,1948.0,842.0,834.0,845.0
8404.0,1970.0,1955.0,1954.0,840.0,841.0,844.0
8337.0,1960.0,1936.0,1940.0,835.0,830.0,836.0
8362.0,1950.0,1949.0,1953.0,838.0,838.0,834.0
8372.0,1942.0,1956.0,1949.0,842.0,842.0,841.0
8386.0,1961.0,1948.0,1951.0,844.0,834.0,848.0
8419.0,1965.0,1960.0,1969.0,839.0,848.0,838.0
8482.0,1987.0,1974.0,1985.0,847.0,847.0,842.0
8470.0,1987.0,1970.0,1982.0,845.0,841.0,845.0
8486.0,1979.0,1993.0,1994.0,840.0,842.0,838.0
8501.0,1982.0,1991.0,1987.0,844.0,851.0,846.0
8489.0,1986.0,1990.0,1974.0,846.0,845.0,848.0
8493.0,1979.0,1992.0,1978.0,843.0,851.0,850.0
8408.0,1965.0,1966.0,1949.0,839.0,846.0,843.0
8383.0,1956.0,1945.0,1960.0,838.0,841.0,843.0
8387.0,1948.0,1949.0,1965.0,844.0,842.0,839.0
8399.0,1957.0,1949.0,1977.0,841.0,842.0,833.0
8415.0,1954.0,1958.0,1975.0,841.0,847.0,840.0
8425.0,1941.0,1962.0,1972.0,849.0,852.0,849.0
8478.0,1971.0,1985.0,1988.0,844.0,844.0,846.0
8552.0,2001.0,2009.0,1983.0,853.0,846.0,860.0
8525.0,1997.0,1974.0,1991.0,851.0,853.0,859.0
8544.0,1994.0,2001.0,1990.0,854.0,850.0,855.0
8509.0,1976.0,2002.0,1980.0,851.0,843.0,857.0
8529.0,1988.0,1990.0,1992.0,851.0,851.0,857.0
8465.0,1969.0,1976.0,1981.0,849.0,842.0,848.0
8446.0,1976.0,1965.0,1966.0,853.0,840.0,846.0
8423.0,1984.0,1964.0,1961.0,842.0,835.0,837.0
8406.0,1960.0,1979.0,1952.0,842.0,842.0,831.0
8383.0,1957.0,1959.0,1953.0,842.0,837.0,835.0
8464.0,1958.0,1975.0,1994.0,853.0,841.0,843.0
8478.0,1966.0,1979.0,1988.0,850.0,846.0,849.0
8495.0,1993.0,1975.0,1975.0,853.0,858.0,841.0
8525.0,1994.0,1979.0,1996.0,847.0,857.0,852.0
8551.0,2007.0,1983.0,1991.0,863.0,857.0,850.0
8559.0,2000.0,1988.0,1994.0,859.0,863.0,855.0
8564.0,1979.0,2019.0,1984.0,853.0,865.0,864.0
8565.0,1996.0,2013.0,1992.0,856.0,850.0,858.0
8535.0,1990.0,2005.0,1986.0,847.0,852.0,855.0
8479.0,1995.0,1985.0,1958.0,842.0,850.0,849.0
8436.0,1971.0,1972.0,1973.0,841.0,833.0,846.0
8456.0,1977.0,1974.0,1968.0,848.0,842.0,847.0
8470.0,1982.0,1966.0,1998.0,842.0,840.0,842.0
8483.0,1984.0,1955.0,1998.0,852.0,844.0,850.0
8482.0,1974.0,1977.0,1989.0,857.0,841.0,844.0
8499.0,1988.0,1985.0,1973.0,856.0,846.0,851.0
8528.0,1992.0,1987.0,1994.0,856.0,855.0,844.0
8593.0,2009.0,2012.0,2004.0,864.0,848.0,856.0
8580.0,1999.0,2013.0,1987.0,862.0,865.0,854.0
8586.0,2007.0,2002.0,1994.0,863.0,865.0,855.0
8530.0,1987.0,1988.0,1991.0,856.0,857.0,851.0
8550.0,1989.0,2003.0,1991.0,851.0,864.0,852.0
8504.0,1997.0,1974.0,1984.0,849.0,853.0,847.0
8480.0,1986.0,1973.0,1991.0,845.0,846.0,839.0
8472.0,1989.0,1970.0,1989.0,840.0,836.0,848.0
8466.0,1970.0,1972.0,1986.0,845.0,846.0,847.0
8487.0,1974.0,1993.0,1983.0,847.0,836.0,854.0
8496.0,1967.0,1997.0,1985.0,848.0,845.0,854.0
8533.0,1993.0,1989.0,1986.0,858.0,849.0,858.0
8539.0,1993.0,1994.0,1973.0,864.0,861.0,854.0
8594.0,2009.0,1995.0,2010.0,864.0,857.0,859.0
8604.0,2007.0,1997.0,1998.0,864.0,862.0,876.0
8639.0,2021.0,2010.0,2015.0,865.0,867.0,861.0
8585.0,1985.0,1998.0,2013.0,864.0,860.0,865.0
8589.0,2013.0,2002.0,2007.0,853.0,859.0,855.0
8551.0,2002.0,2003.0,1991.0,849.0,855.0,851.0
8544.0,2000.0,1993.0,1998.0,850.0,848.0,855.0
8485.0,1980.0,1986.0,1986.0,838.0,850.0,845.0
8489.0,1986.0,1985.0,1975.0,845.0,856.0,842.0
8483.0,1991.0,1978.0,1971.0,842.0,854.0,847.0
8529.0,1990.0,1994.0,1992.0,849.0,851.0,853.0
8558.0,2003.0,1993.0,1995.0,861.0,855.0,851.0
8590.0,2017.0,2012.0,1995.0,857.0,853.0,856.0
8639.0,2028.0,2030.0,1998.0,861.0,865.0,857.0
8640.0,2019.0,2010.0,2019.0,869.0,860.0,863.0
8644.0,2009.0,2015.0,2011.0,871.0,864.0,874.0
8634.0,2010.0,2013.0,2021.0,860.0,865.0,865.0
8614.0,1998.0,2007.0,2024.0,863.0,863.0,859.0
8589.0,2010.0,1998.0,2008.0,852.0,861.0,860.0
8556.0,2019.0,1972.0,2001.0,853.0,854.0,857.0
8535.0,2002.0,1983.0,1994.0,852.0,848.0,856.0
8500.0,1978.0,1980.0,1989.0,845.0,855.0,853.0
8518.0,1980.0,1985.0,1992.0,846.0,862.0,853.0
8518.0,1996.0,1999.0,1967.0,851.0,853.0,852.0
8597.0,1996.0,2012.0,2006.0,856.0,863.0,864.0
8642.0,2036.0,2007.0,2010.0,866.0,864.0,859.0
8662.0,2025.0,2022.0,2017.0,861.0,869.0,868.0
8664.0,2028.0,1996.0,2023.0,873.0,870.0,874.0
8672.0,2022.0,2016.0,2039.0,872.0,864.0,859.0
8669.0,2038.0,2019.0,2016.0,871.0,868.0,857.0
8616.0,2006.0,2011.0,2013.0,863.0,862.0,861.0
8593.0,2004.0,2004.0,2018.0,860.0,854.0,853.0
8552.0,2003.0,1993.0,1998.0,858.0,847.0,853.0
8565.0,2006.0,1998.0,2004.0,852.0,850.0,855.0
8526.0,2005.0,1992.0,1979.0,849.0,846.0,855.0
8500.0,1974.0,1976.0,1989.0,850.0,853.0,858.0
8549.0,1989.0,1996.0,2002.0,856.0,853.0,853.0
8587.0,2007.0,2006.0,1997.0,860.0,858.0,859.0
8629.0,2020.0,2003.0,2011.0,855.0,868.0,872.0
8749.0,2048.0,2024.0,2049.0,875.0,874.0,879.0
8732.0,2040.0,2041.0,2027.0,871.0,877.0,876.0
8749.0,2035.0,2048.0,2053.0,870.0,878.0,865.0
8703.0,2013.0,2025.0,2048.0,870.0,870.0,877.0
8670.0,2004.0,2032.0,2034.0,868.0,869.0,863.0
8663.0,2019.0,2018.0,2022.0,871.0,870.0,863.0
8581.0,2007.0,1999.0,1998.0,867.0,862.0,848.0
8581.0,2008.0,2010.0,2001.0,859.0,853.0,850.0
8532.0,2003.0,1987.0,1986.0,857.0,854.0,845.0
8509.0,1971.0,1976.0,1990.0,856.0,863.0,853.0
8631.0,2008.0,2019.0,2016.0,868.0,859.0,861.0
8676.0,2035.0,2021.0,2038.0,858.0,861.0,863.0
8698.0,2021.0,2032.0,2047.0,869.0,864.0,865.0
8737.0,2046.0,2031.0,2056.0,870.0,869.0,865.0
8722.0,2026.0,2036.0,2045.0,872.0,870.0,873.0
8732.0,2024.0,2045.0,2042.0,879.0,871.0,871.0
8717.0,2024.0,2032.0,2043.0,873.0,877.0,868.0
8680.0,2037.0,2016.0,2015.0,869.0,871.0,872.0
8646.0,2032.0,2008.0,2009.0,865.0,866.0,866.0
8632.0,2019.0,2021.0,2006.0,863.0,857.0,866.0
8605.0,2020.0,2020.0,1987.0,859.0,858.0,861.0
8614.0,1980.0,2030.0,2012.0,858.0,867.0,867.0
8611.0,1997.0,2013.0,2013.0,857.0,866.0,865.0
8632.0,2003.0,2017.0,2024.0,871.0,854.0,863.0
8663.0,2026.0,2017.0,2025.0,860.0,868.0,867.0
8728.0,2036.0,2028.0,2045.0,872.0,870.0,877.0
8742.0,2041.0,2031.0,2054.0,872.0,864.0,880.0
8751.0,2034.0,2041.0,2050.0,875.0,874.0,877.0
8741.0,2038.0,2053.0,2041.0,866.0,871.0,872.0
8718.0,2030.0,2039.0,2038.0,870.0,869.0,872.0
8708.0,2023.0,2049.0,2029.0,873.0,866.0,868.0
8668.0,2034.0,2023.0,2015.0,871.0,871.0,854.0
8640.0,2022.0,2029.0,2009.0,863.0,855.0,862.0
8612.0,2010.0,2010.0,2009.0,866.0,860.0,857.0
8627.0,2004.0,1996.0,2021.0,868.0,875.0,863.0
8595.0,1986.0,1987.0,2019.0,868.0,864.0,871.0
8651.0,2015.0,2014.0,2024.0,864.0,866.0,868.0
8723.0,2034.0,2040.0,2044.0,863.0,871.0,871.0
8752.0,2048.0,2033.0,2055.0,866.0,874.0,876.0
8805.0,2076.0,2054.0,2052.0,870.0,880.0,873.0
8770.0,2046.0,2051.0,2045.0,878.0,871.0,879.0
8738.0,2030.0,2049.0,2033.0,874.0,872.0,880.0
8767.0,2054.0,2046.0,2047.0,873.0,871.0,876.0
8683.0,2043.0,2022.0,2008.0,863.0,875.0,872.0
8687.0,2025.0,2026.0,2040.0,862.0,869.0,865.0
8669.0,2029.0,2020.0,2019.0,866.0,867.0,868.0
8615.0,2019.0,2012.0,2005.0,858.0,855.0,866.0
8664.0,2016.0,2034.0,2025.0,872.0,858.0,859.0
8634.0,2005.0,2026.0,2015.0,865.0,868.0,855.0
8690.0,2026.0,2025.0,2037.0,867.0,866.0,869.0
8766.0,2044.0,2052.0,2048.0,876.0,874.0,872.0
8789.0,2064.0,2049.0,2055.0,872.0,877.0,872.0
8792.0,2053.0,2046.0,2057.0,879.0,882.0,875.0
8820.0,2064.0,2066.0,2050.0,879.0,879.0,882.0
8768.0,2055.0,2038.0,2038.0,876.0,881.0,880.0
8768.0,2042.0,2058.0,2042.0,872.0,875.0,879.0
8743.0,2054.0,2037.0,2019.0,876.0,878.0,879.0
8749.0,2043.0,2058.0,2026.0,869.0,876.0,877.0
8705.0,2035.0,2038.0,2020.0,867.0,871.0,874.0
8720.0,2047.0,2034.0,2026.0,866.0,871.0,876.0
8666.0,2012.0,2010.0,2037.0,867.0,861.0,879.0
8699.0,2028.0,2017.0,2039.0,875.0,866.0,874.0
8707.0,2016.0,2022.0,2050.0,875.0,874.0,870.0
8743.0,2044.0,2032.0,2058.0,878.0,861.0,870.0
8799.0,2065.0,2050.0,2049.0,876.0,879.0,880.0
8797.0,2068.0,2065.0,2048.0,870.0,875.0,871.0
8852.0,2072.0,2081.0,2045.0,889.0,884.0,881.0
8830.0,2047.0,2080.0,2051.0,885.0,884.0,883.0
8787.0,2034.0,2066.0,2052.0,874.0,884.0,877.0
8754.0,2044.0,2034.0,2051.0,871.0,880.0,874.0
8736.0,2046.0,2031.0,2038.0,869.0,881.0,871.0
8700.0,2040.0,2009.0,2033.0,874.0,873.0,871.0
8736.0,2059.0,2028.0,2035.0,871.0,875.0,868.0
8722.0,2027.0,2043.0,2039.0,870.0,869.0,874.0
8709.0,2013.0,2044.0,2044.0,869.0,869.0,870.0
8742.0,2023.0,2050.0,2048.0,873.0,873.0,875.0
8800.0,2052.0,2058.0,2043.0,882.0,877.0,888.0
8822.0,2063.0,2056.0,2056.0,883.0,876.0,888.0
8862.0,2081.0,2079.0,2047.0,883.0,882.0,890.0
8887.0,2078.0,2072.0,2067.0,892.0,886.0,892.0
8822.0,2067.0,2052.0,2052.0,877.0,884.0,890.0
8801.0,2059.0,2051.0,2050.0,877.0,880.0,884.0
8779.0,2057.0,2046.0,2050.0,879.0,875.0,872.0
8820.0,2050.0,2060.0,2068.0,876.0,883.0,883.0
8785.0,2062.0,2046.0,2052.0,875.0,875.0,875.0
8732.0,2048.0,2036.0,2039.0,869.0,873.0,867.0
8737.0,2026.0,2059.0,2039.0,870.0,875.0,868.0
8724.0,2037.0,2037.0,2033.0,879.0,873.0,865.0
8764.0,2044.0,2046.0,2038.0,879.0,879.0,878.0
8782.0,2065.0,2033.0,2045.0,883.0,880.0,876.0
8840.0,2073.0,2051.0,2049.0,885.0,891.0,891.0
8871.0,2084.0,2064.0,2070.0,891.0,885.0,877.0
8859.0,2057.0,2086.0,2060.0,892.0,884.0,880.0
8884.0,2064.0,2077.0,2083.0,883.0,886.0,891.0
8903.0,2060.0,2090.0,2090.0,890.0,880.0,893.0
8819.0,2047.0,2062.0,2070.0,877.0,878.0,885.0
8794.0,2057.0,2050.0,2058.0,876.0,875.0,878.0
8796.0,2054.0,2051.0,2059.0,869.0,881.0,882.0
8714.0,2035.0,2021.0,2035.0,879.0,869.0,875.0
8727.0,2041.0,2031.0,2033.0,867.0,878.0,877.0
8743.0,2028.0,2035.0,2045.0,875.0,887.0,873.0
8765.0,2038.0,2053.0,2032.0,880.0,881.0,881.0
8845.0,2068.0,2073.0,2051.0,882.0,886.0,885.0
8883.0,2069.0,2079.0,2072.0,893.0,888.0,882.0
8926.0,2094.0,2090.0,2073.0,887.0,894.0,888.0
8905.0,2082.0,2084.0,2062.0,893.0,894.0,890.0
8912.0,2064.0,2068.0,2112.0,896.0,890.0,882.0
8882.0,2053.0,2070.0,2102.0,883.0,892.0,882.0
8864.0,2065.0,2058.0,2080.0,889.0,887.0,885.0
8796.0,2054.0,2044.0,2060.0,878.0,878.0,882.0
8778.0,2046.0,2046.0,2058.0,873.0,877.0,878.0
8780.0,2039.0,2057.0,2065.0,871.0,872.0,876.0
8764.0,2038.0,2036.0,2049.0,882.0,875.0,884.0
8766.0,2038.0,2061.0,2039.0,874.0,874.0,880.0
8808.0,2050.0,2068.0,2049.0,877.0,879.0,885.0
8832.0,2051.0,2061.0,2063.0,880.0,883.0,894.0
8871.0,2077.0,2056.0,2053.0,896.0,890.0,899.0
8916.0,2081.0,2082.0,2079.0,888.0,890.0,896.0
8945.0,2079.0,2082.0,2093.0,894.0,894.0,903.0
8979.0,2089.0,2098.0,2100.0,897.0,895.0,900.0
8932.0,2073.0,2082.0,2085.0,894.0,906.0,892.0
8947.0,2089.0,2097.0,2076.0,895.0,897.0,893.0
8868.0,2077.0,2066.0,2072.0,885.0,888.0,880.0
8844.0,2071.0,2071.0,2052.0,881.0,886.0,883.0
8779.0,2072.0,2037.0,2045.0,876.0,878.0,871.0
8800.0,2062.0,2051.0,2053.0,879.0,879.0,876.0
8775.0,2034.0,2055.0,2056.0,879.0,873.0,878.0
8783.0,2048.0,2053.0,2049.0,878.0,877.0,878.0
8880.0,2071.0,2083.0,2070.0,888.0,885.0,883.0
8926.0,2089.0,2084.0,2090.0,886.0,886.0,891.0
8984.0,2100.0,2094.0,2098.0,902.0,893.0,897.0
8971.0,2078.0,2098.0,2105.0,902.0,895.0,893.0
8962.0,2086.0,2093.0,2095.0,896.0,891.0,901.0
8972.0,2083.0,2103.0,2086.0,899.0,897.0,904.0
8918.0,2066.0,2087.0,2080.0,897.0,895.0,893.0
8863.0,2064.0,2073.0,2050.0,891.0,894.0,891.0
8840.0,2077.0,2051.0,2049.0,892.0,881.0,890.0
8828.0,2060.0,2056.0,2053.0,876.0,890.0,893.0
8809.0,2062.0,2050.0,2055.0,874.0,883.0,885.0
8856.0,2066.0,2063.0,2066.0,880.0,893.0,888.0
8884.0,2065.0,2083.0,2084.0,873.0,893.0,886.0
8914.0,2066.0,2083.0,2092.0,891.0,889.0,893.0
8920.0,2082.0,2060.0,2104.0,886.0,895.0,893.0
8963.0,2086.0,2094.0,2099.0,894.0,897.0,893.0
8963.0,2092.0,2092.0,2094.0,901.0,894.0,890.0
8950.0,2080.0,2097.0,2087.0,901.0,889.0,896.0
8968.0,2095.0,2094.0,2094.0,904.0,891.0,890.0
8907.0,2086.0,2075.0,2070.0,896.0,889.0,891.0
8919.0,2079.0,2094.0,2082.0,889.0,886.0,889.0
8886.0,2068.0,2084.0,2060.0,901.0,887.0,886.0
8894.0,2092.0,2083.0,2056.0,881.0,892.0,890.0
8839.0,2054.0,2063.0,2067.0,881.0,890.0,884.0
8847.0,2044.0,2055.0,2083.0,891.0,886.0,888.0
8870.0,2062.0,2073.0,2068.0,884.0,891.0,892.0
8926.0,2071.0,2083.0,2093.0,885.0,896.0,898.0
9015.0,2108.0,2097.0,2116.0,894.0,900.0,900.0
8982.0,2096.0,2101.0,2101.0,896.0,890.0,898.0
9029.0,2108.0,2108.0,2104.0,901.0,909.0,899.0
9006.0,2109.0,2092.0,2104.0,906.0,900.0,895.0
8953.0,2080.0,2091.0,2090.0,900.0,897.0,895.0
8960.0,2085.0,2088.0,2091.0,902.0,899.0,895.0
8915.0,2105.0,2054.0,2076.0,898.0,891.0,891.0
8885.0,2086.0,2056.0,2073.0,900.0,882.0,888.0
8861.0,2075.0,2062.0,2069.0,891.0,877.0,887.0
8884.0,2066.0,2077.0,2072.0,894.0,894.0,881.0
8842.0,2055.0,2084.0,2056.0,882.0,883.0,882.0
8896.0,2065.0,2092.0,2078.0,884.0,891.0,886.0
8972.0,2099.0,2104.0,2087.0,891.0,896.0,895.0
9017.0,2114.0,2113.0,2098.0,896.0,907.0,889.0
9051.0,2107.0,2127.0,2102.0,898.0,910.0,907.0
9048.0,2126.0,2102.0,2108.0,904.0,907.0,901.0
9036.0,2119.0,2096.0,2102.0,907.0,913.0,899.0
8995.0,2090.0,2096.0,2095.0,903.0,907.0,904.0
8947.0,2076.0,2082.0,2086.0,899.0,898.0,906.0
8974.0,2085.0,2093.0,2103.0,901.0,894.0,898.0
8975.0,2093.0,2102.0,2088.0,893.0,898.0,901.0
8960.0,2080.0,2096.0,2089.0,901.0,894.0,900.0
8935.0,2088.0,2088.0,2084.0,894.0,893.0,888.0
8915.0,2063.0,2085.0,2097.0,891.0,891.0,888.0
8970.0,2079.0,2092.0,2107.0,902.0,894.0,896.0
8999.0,2092.0,2098.0,2121.0,897.0,892.0,899.0
9020.0,2119.0,2103.0,2096.0,899.0,901.0,902.0
9041.0,2117.0,2103.0,2107.0,904.0,905.0,905.0
9048.0,2114.0,2114.0,2100.0,898.0,907.0,915.0
9071.0,2108.0,2124.0,2116.0,909.0,908.0,906.0
9030.0,2099.0,2115.0,2102.0,901.0,908.0,905.0
9020.0,2100.0,2111.0,2112.0,893.0,905.0,899.0
8997.0,2103.0,2115.0,2091.0,899.0,899.0,890.0
8954.0,2085.0,2074.0,2113.0,892.0,898.0,892.0
8961.0,2096.0,2094.0,2097.0,894.0,893.0,887.0
8921.0,2082.0,2065.0,2091.0,893.0,902.0,888.0
8945.0,2078.0,2086.0,2094.0,896.0,895.0,896.0
8975.0,2096.0,2098.0,2083.0,903.0,899.0,896.0
9030.0,2115.0,2114.0,2088.0,903.0,901.0,909.0
9066.0,2111.0,2124.0,2103.0,904.0,910.0,914.0
9068.0,2122.0,2115.0,2115.0,898.0,902.0,916.0
9071.0,2124.0,2120.0,2112.0,905.0,899.0,911.0
9099.0,2128.0,2135.0,2120.0,903.0,902.0,911.0
9015.0,2106.0,2093.0,2113.0,895.0,903.0,905.0
9038.0,2108.0,2109.0,2104.0,912.0,904.0,901.0
8998.0,2120.0,2096.0,2091.0,899.0,891.0,901.0
9003.0,2102.0,2106.0,2099.0,897.0,903.0,896.0
8969.0,2104.0,2100.0,2081.0,896.0,895.0,893.0
8965.0,2081.0,2088.0,2108.0,902.0,896.0,890.0
8979.0,2088.0,2094.0,2095.0,905.0,903.0,894.0
9015.0,2101.0,2111.0,2103.0,903.0,907.0,890.0
9037.0,2101.0,2114.0,2106.0,910.0,905.0,901.0
9063.0,2116.0,2115.0,2117.0,903.0,908.0,904.0
9093.0,2130.0,2114.0,2128.0,907.0,907.0,907.0
9122.0,2142.0,2125.0,2134.0,905.0,906.0,910.0
9090.0,2105.0,2134.0,2133.0,908.0,906.0,904.0
9079.0,2105.0,2118.0,2130.0,904.0,913.0,909.0
9084.0,2120.0,2133.0,2121.0,902.0,902.0,906.0
9006.0,2089.0,2098.0,2109.0,900.0,902.0,908.0
9070.0,2128.0,2117.0,2116.0,902.0,896.0,911.0
8986.0,2100.0,2085.0,2105.0,896.0,894.0,906.0
8967.0,2111.0,2094.0,2076.0,895.0,891.0,900.0
8982.0,2083.0,2097.0,2096.0,902.0,901.0,903.0
9001.0,2103.0,2085.0,2101.0,908.0,902.0,902.0
9037.0,2106.0,2114.0,2102.0,907.0,903.0,905.0
9103.0,2133.0,2124.0,2106.0,910.0,917.0,913.0
9142.0,2130.0,2140.0,2141.0,909.0,915.0,907.0
9117.0,2130.0,2129.0,2126.0,912.0,914.0,906.0
9156.0,2110.0,2142.0,2164.0,915.0,913.0,912.0
9100.0,2096.0,2136.0,2131.0,913.0,917.0,907.0
9069.0,2116.0,2110.0,2127.0,905.0,907.0,904.0
9110.0,2138.0,2129.0,2131.0,911.0,895.0,906.0
8997.0,2106.0,2084.0,2111.0,897.0,904.0,895.0
9002.0,2104.0,2097.0,2103.0,902.0,892.0,904.0
9010.0,2103.0,2107.0,2099.0,898.0,899.0,904.0
9023.0,2091.0,2113.0,2115.0,904.0,901.0,899.0
9026.0,2097.0,2111.0,2101.0,904.0,906.0,907.0
9089.0,2108.0,2133.0,2115.0,915.0,904.0,914.0
9112.0,2123.0,2122.0,2135.0,912.0,908.0,912.0
9192.0,2154.0,2121.0,2159.0,920.0,920.0,918.0
9159.0,2133.0,2125.0,2145.0,919.0,922.0,915.0
9146.0,2134.0,2109.0,2148.0,912.0,924.0,919.0
9174.0,2123.0,2152.0,2141.0,918.0,920.0,920.0
9117.0,2117.0,2126.0,2132.0,911.0,917.0,914.0
9103.0,2126.0,2129.0,2111.0,904.0,913.0,920.0
9075.0,2129.0,2123.0,2103.0,904.0,914.0,902.0
9027.0,2106.0,2110.0,2097.0,907.0,903.0,904.0
9009.0,2107.0,2098.0,2108.0,896.0,899.0,901.0
9006.0,2106.0,2089.0,2107.0,896.0,906.0,902.0
9013.0,2105.0,2085.0,2112.0,905.0,905.0,901.0
9101.0,2127.0,2130.0,2117.0,916.0,907.0,904.0
9169.0,2140.0,2136.0,2143.0,922.0,911.0,917.0
9184.0,2152.0,2141.0,2142.0,922.0,916.0,911.0
9223.0,2137.0,2156.0,2159.0,927.0,920.0,924.0
9202.0,2135.0,2151.0,2160.0,921.0,919.0,916.0
9145.0,2132.0,2137.0,2132.0,912.0,916.0,916.0
9133.0,2123.0,2130.0,2133.0,908.0,927.0,912.0
9111.0,2126.0,2125.0,2125.0,908.0,911.0,916.0
9088.0,2126.0,2111.0,2125.0,908.0,904.0,914.0
9032.0,2111.0,2095.0,2101.0,905.0,908.0,912.0
9044.0,2109.0,2116.0,2097.0,899.0,908.0,915.0
9056.0,2118.0,2113.0,2105.0,897.0,911.0,912.0
9092.0,2108.0,2137.0,2116.0,908.0,913.0,910.0
9160.0,2125.0,2145.0,2145.0,915.0,918.0,912.0
9141.0,2143.0,2113.0,2138.0,916.0,918.0,913.0
9211.0,2145.0,2148.0,2153.0,925.0,922.0,918.0
9209.0,2147.0,2136.0,2161.0,926.0,917.0,922.0
9178.0,2131.0,2139.0,2144.0,922.0,921.0,921.0
9185.0,2120.0,2156.0,2144.0,924.0,917.0,924.0
9169.0,2140.0,2144.0,2135.0,914.0,913.0,923.0
9146.0,2145.0,2137.0,2128.0,916.0,910.0,910.0
9121.0,2151.0,2116.0,2118.0,907.0,915.0,914.0
9108.0,2122.0,2141.0,2118.0,910.0,909.0,908.0
9104.0,2126.0,2123.0,2128.0,907.0,908.0,912.0
9109.0,2114.0,2133.0,2136.0,908.0,910.0,908.0
9082.0,2111.0,2118.0,2129.0,903.0,914.0,907.0
9171.0,2144.0,2125.0,2149.0,916.0,915.0,922.0
9206.0,2154.0,2127.0,2160.0,919.0,927.0,919.0
9266.0,2169.0,2156.0,2167.0,928.0,921.0,925.0
9246.0,2162.0,2151.0,2151.0,928.0,924.0,930.0
9253.0,2140.0,2174.0,2153.0,933.0,919.0,934.0
9229.0,2131.0,2172.0,2148.0,921.0,926.0,931.0
9183.0,2133.0,2143.0,2157.0,915.0,908.0,927.0
9154.0,2137.0,2127.0,2137.0,922.0,906.0,925.0
9117.0,2149.0,2115.0,2120.0,915.0,910.0,908.0
9088.0,2129.0,2108.0,2133.0,907.0,907.0,904.0
9134.0,2136.0,2116.0,2147.0,918.0,905.0,912.0
9089.0,2124.0,2116.0,2122.0,910.0,913.0,904.0
9126.0,2128.0,2121.0,2142.0,903.0,917.0,915.0
9171.0,2136.0,2153.0,2138.0,914.0,921.0,909.0
9229.0,2145.0,2151.0,2163.0,925.0,928.0,917.0
9284.0,2179.0,2156.0,2167.0,930.0,927.0,925.0
9283.0,2176.0,2161.0,2164.0,923.0,930.0,929.0
9266.0,2157.0,2147.0,2161.0,928.0,938.0,935.0
9257.0,2169.0,2155.0,2148.0,929.0,935.0,921.0
9239.0,2148.0,2150.0,2162.0,925.0,928.0,926.0
9203.0,2147.0,2144.0,2140.0,926.0,919.0,927.0
9208.0,2155.0,2146.0,2147.0,923.0,921.0,916.0
9182.0,2140.0,2152.0,2154.0,909.0,914.0,913.0
9147.0,2125.0,2140.0,2144.0,914.0,908.0,916.0
9146.0,2125.0,2138.0,2134.0,910.0,915.0,924.0
9165.0,2117.0,2131.0,2157.0,920.0,923.0,917.0
9225.0,2148.0,2153.0,2156.0,916.0,928.0,924.0
9242.0,2167.0,2137.0,2166.0,923.0,922.0,927.0
9289.0,2185.0,2166.0,2160.0,923.0,928.0,927.0
9254.0,2177.0,2157.0,2150.0,924.0,923.0,923.0
9266.0,2156.0,2170.0,2156.0,927.0,934.0,923.0
9291.0,2164.0,2176.0,2165.0,933.0,933.0,920.0
9218.0,2153.0,2149.0,2150.0,931.0,921.0,914.0
9250.0,2166.0,2161.0,2149.0,931.0,924.0,919.0
9197.0,2159.0,2138.0,2139.0,924.0,924.0,913.0
9184.0,2142.0,2123.0,2160.0,924.0,922.0,913.0
9171.0,2144.0,2124.0,2152.0,917.0,919.0,915.0
9150.0,2130.0,2134.0,2140.0,911.0,921.0,914.0
9195.0,2131.0,2150.0,2149.0,915.0,929.0,921.0
9242.0,2158.0,2166.0,2158.0,916.0,923.0,921.0
9293.0,2176.0,2173.0,2163.0,922.0,929.0,930.0
9311.0,2190.0,2177.0,2156.0,923.0,931.0,934.0
9326.0,2176.0,2180.0,2170.0,934.0,927.0,939.0
9311.0,2169.0,2176.0,2173.0,937.0,926.0,930.0
9281.0,2169.0,2158.0,2162.0,937.0,924.0,931.0
9240.0,2158.0,2150.0,2162.0,924.0,924.0,922.0
9264.0,2175.0,2147.0,2161.0,931.0,929.0,921.0
9165.0,2143.0,2111.0,2151.0,928.0,918.0,914.0
9192.0,2140.0,2144.0,2151.0,921.0,918.0,918.0
9213.0,2139.0,2143.0,2155.0,929.0,921.0,926.0
9215.0,2148.0,2166.0,2141.0,919.0,922.0,919.0
9210.0,2145.0,2166.0,2132.0,924.0,925.0,918.0
9253.0,2147.0,2146.0,2171.0,928.0,936.0,925.0
9320.0,2186.0,2171.0,2165.0,930.0,939.0,929.0
9279.0,2178.0,2151.0,2155.0,927.0,934.0,934.0
9364.0,2195.0,2186.0,2182.0,927.0,943.0,931.0
9325.0,2183.0,2166.0,2177.0,927.0,942.0,930.0
9347.0,2182.0,2176.0,2185.0,937.0,926.0,941.0
9327.0,2175.0,2183.0,2174.0,933.0,930.0,932.0
9294.0,2177.0,2166.0,2164.0,927.0,926.0,934.0
9252.0,2169.0,2157.0,2157.0,924.0,921.0,924.0
9224.0,2153.0,2143.0,2158.0,931.0,916.0,923.0
9216.0,2146.0,2157.0,2156.0,920.0,913.0,924.0
9217.0,2146.0,2164.0,2144.0,922.0,922.0,919.0
9239.0,2155.0,2152.0,2153.0,923.0,930.0,926.0
9276.0,2164.0,2157.0,2165.0,934.0,926.0,930.0
9363.0,2182.0,2182.0,2190.0,932.0,939.0,938.0
9377.0,2205.0,2187.0,2187.0,927.0,940.0,931.0
9357.0,2177.0,2198.0,2181.0,933.0,933.0,935.0
9412.0,2193.0,2199.0,2200.0,932.0,945.0,943.0
9389.0,2194.0,2193.0,2208.0,928.0,936.0,930.0
9295.0,2162.0,2176.0,2175.0,929.0,926.0,927.0
9315.0,2184.0,2154.0,2188.0,931.0,935.0,923.0
9229.0,2169.0,2138.0,2160.0,918.0,926.0,918.0
9240.0,2176.0,2142.0,2148.0,924.0,930.0,920.0
9223.0,2149.0,2155.0,2150.0,937.0,918.0,914.0
9252.0,2161.0,2172.0,2142.0,930.0,919.0,928.0
9263.0,2151.0,2168.0,2156.0,935.0,920.0,933.0
9303.0,2162.0,2187.0,2162.0,935.0,922.0,935.0
9382.0,2208.0,2181.0,2188.0,931.0,934.0,940.0
9407.0,2191.0,2184.0,2213.0,938.0,936.0,945.0
9405.0,2185.0,2186.0,2201.0,938.0,944.0,951.0
9413.0,2188.0,2198.0,2209.0,930.0,943.0,945.0
9359.0,2176.0,2179.0,2190.0,933.0,944.0,937.0
9392.0,2190.0,2186.0,2204.0,933.0,945.0,934.0
9321.0,2171.0,2177.0,2166.0,932.0,938.0,937.0
9295.0,2171.0,2172.0,2167.0,928.0,935.0,922.0
9289.0,2174.0,2182.0,2164.0,925.0,929.0,915.0
9258.0,2151.0,2172.0,2145.0,931.0,926.0,933.0
9237.0,2165.0,2142.0,2142.0,935.0,925.0,928.0
9313.0,2175.0,2176.0,2173.0,935.0,934.0,920.0
9372.0,2200.0,2173.0,2192.0,942.0,938.0,927.0
9398.0,2217.0,2173.0,2191.0,947.0,934.0,936.0
9423.0,2198.0,2193.0,2212.0,939.0,944.0,937.0
9435.0,2194.0,2199.0,2214.0,944.0,941.0,943.0
9416.0,2186.0,2206.0,2220.0,935.0,935.0,934.0
9416.0,2186.0,2212.0,2195.0,937.0,943.0,943.0
9344.0,2181.0,2184.0,2178.0,926.0,934.0,941.0
9367.0,2184.0,2183.0,2180.0,938.0,943.0,939.0
9298.0,2169.0,2168.0,2167.0,922.0,933.0,939.0
9286.0,2185.0,2155.0,2154.0,923.0,933.0,936.0
9254.0,2153.0,2154.0,2148.0,932.0,927.0,940.0
9329.0,2159.0,2179.0,2179.0,935.0,940.0,937.0
9351.0,2174.0,2185.0,2175.0,937.0,942.0,938.0
9387.0,2192.0,2203.0,2187.0,933.0,937.0,935.0
9455.0,2202.0,2206.0,2213.0,947.0,946.0,941.0
9492.0,2219.0,2218.0,2223.0,949.0,947.0,936.0
9467.0,2205.0,2221.0,2214.0,948.0,943.0,936.0
9442.0,2216.0,2194.0,2207.0,942.0,941.0,942.0
9393.0,2201.0,2187.0,2192.0,935.0,938.0,940.0
9359.0,2180.0,2195.0,2174.0,935.0,936.0,939.0
9338.0,2193.0,2181.0,2166.0,935.0,931.0,932.0
9361.0,2188.0,2195.0,2177.0,935.0,935.0,931.0
9334.0,2182.0,2186.0,2173.0,931.0,933.0,929.0
9328.0,2184.0,2186.0,2172.0,931.0,923.0,932.0
9333.0,2161.0,2185.0,2190.0,934.0,932.0,931.0
9385.0,2187.0,2180.0,2207.0,942.0,936.0,933.0
9392.0,2189.0,2190.0,2195.0,936.0,946.0,936.0
9476.0,2220.0,2193.0,2222.0,948.0,947.0,946.0
9487.0,2220.0,2194.0,2209.0,951.0,954.0,959.0
9504.0,2212.0,2224.0,2209.0,957.0,951.0,951.0
9453.0,2191.0,2208.0,2209.0,947.0,947.0,951.0
9443.0,2186.0,2218.0,2206.0,942.0,949.0,942.0
9398.0,2197.0,2196.0,2183.0,941.0,937.0,944.0
9367.0,2185.0,2194.0,2181.0,937.0,938.0,932.0
9364.0,2189.0,2181.0,2195.0,932.0,933.0,934.0
9322.0,2183.0,2168.0,2184.0,928.0,927.0,932.0
9306.0,2171.0,2171.0,2191.0,927.0,929.0,917.0
9353.0,2170.0,2182.0,2192.0,935.0,936.0,938.0
9377.0,2187.0,2185.0,2204.0,943.0,930.0,928.0
9475.0,2211.0,2215.0,2213.0,944.0,953.0,939.0
9473.0,2218.0,2214.0,2216.0,941.0,943.0,941.0
9500.0,2224.0,2216.0,2217.0,948.0,948.0,947.0
9542.0,2225.0,2231.0,2219.0,955.0,957.0,955.0
9487.0,2210.0,2216.0,2202.0,952.0,959.0,948.0
9471.0,2208.0,2199.0,2204.0,956.0,950.0,954.0
9434.0,2185.0,2201.0,2207.0,947.0,956.0,938.0
9427.0,2206.0,2181.0,2193.0,945.0,950.0,952.0
9381.0,2194.0,2179.0,2193.0,936.0,942.0,937.0
9345.0,2200.0,2170.0,2173.0,932.0,931.0,939.0
9375.0,2166.0,2196.0,2203.0,933.0,934.0,943.0
9379.0,2171.0,2186.0,2206.0,938.0,937.0,941.0
9440.0,2209.0,2210.0,2195.0,944.0,936.0,946.0
9455.0,2210.0,2206.0,2213.0,945.0,939.0,942.0
9499.0,2236.0,2201.0,2225.0,940.0,948.0,949.0
9470.0,2223.0,2202.0,2203.0,952.0,942.0,948.0
9517.0,2213.0,2212.0,2233.0,958.0,951.0,950.0
9517.0,2223.0,2224.0,2200.0,961.0,952.0,957.0
9523.0,2215.0,2228.0,2227.0,957.0,950.0,946.0
9486.0,2213.0,2240.0,2198.0,949.0,947.0,939.0
9485.0,2219.0,2230.0,2211.0,939.0,941.0,945.0
9461.0,2216.0,2205.0,2204.0,945.0,949.0,942.0
9368.0,2180.0,2192.0,2192.0,926.0,942.0,936.0
9380.0,2184.0,2175.0,2210.0,938.0,940.0,933.0
9374.0,2166.0,2179.0,2207.0,944.0,942.0,936.0
9420.0,2202.0,2183.0,2200.0,937.0,947.0,951.0
9458.0,2203.0,2204.0,2216.0,940.0,950.0,945.0
9492.0,2216.0,2218.0,2205.0,952.0,947.0,954.0
9567.0,2237.0,2240.0,2216.0,955.0,956.0,963.0
9579.0,2224.0,2244.0,2233.0,962.0,958.0,958.0
9552.0,2233.0,2229.0,2220.0,956.0,954.0,960.0
9560.0,2222.0,2228.0,2244.0,956.0,953.0,957.0
9503.0,2233.0,2200.0,2218.0,954.0,947.0,951.0
9470.0,2208.0,2206.0,2223.0,946.0,942.0,945.0
9471.0,2223.0,2197.0,2221.0,952.0,939.0,939.0
9401.0,2198.0,2178.0,2208.0,941.0,935.0,941.0
9409.0,2186.0,2202.0,2202.0,935.0,946.0,938.0
9439.0,2207.0,2208.0,2198.0,937.0,947.0,942.0
9460.0,2190.0,2232.0,2211.0,937.0,949.0,941.0
9475.0,2227.0,2214.0,2201.0,944.0,948.0,941.0
9544.0,2229.0,2234.0,2224.0,948.0,957.0,952.0
9574.0,2249.0,2232.0,2226.0,952.0,958.0,957.0
9583.0,2232.0,2243.0,2240.0,958.0,956.0,954.0
9569.0,2223.0,2238.0,2234.0,961.0,960.0,953.0
9524.0,2210.0,2226.0,2223.0,958.0,955.0,952.0
9530.0,2216.0,2226.0,2234.0,955.0,947.0,952.0
9509.0,2220.0,2214.0,2215.0,956.0,951.0,953.0
9483.0,2229.0,2210.0,2204.0,945.0,948.0,947.0
9441.0,2203.0,2200.0,2206.0,943.0,937.0,952.0
9441.0,2200.0,2200.0,2209.0,943.0,934.0,955.0
9440.0,2196.0,2205.0,2203.0,952.0,935.0,949.0
9472.0,2207.0,2209.0,2207.0,954.0,952.0,943.0
9478.0,2210.0,2209.0,2212.0,946.0,949.0,952.0
9565.0,2225.0,2239.0,2234.0,956.0,958.0,953.0
9622.0,2245.0,2246.0,2254.0,954.0,964.0,959.0
9580.0,2240.0,2227.0,2245.0,958.0,958.0,952.0
9648.0,2256.0,2245.0,2261.0,961.0,965.0,960.0
9634.0,2243.0,2254.0,2254.0,960.0,966.0,957.0
9574.0,2222.0,2239.0,2242.0,958.0,963.0,950.0
9544.0,2215.0,2226.0,2234.0,963.0,956.0,950.0
9508.0,2211.0,2203.0,2219.0,961.0,957.0,957.0
9500.0,2228.0,2204.0,2211.0,957.0,950.0,950.0
9497.0,2218.0,2227.0,2207.0,953.0,945.0,947.0
9464.0,2223.0,2208.0,2193.0,944.0,946.0,950.0
9512.0,2212.0,2220.0,2221.0,953.0,949.0,957.0
9555.0,2233.0,2234.0,2219.0,956.0,951.0,962.0
9598.0,2241.0,2243.0,2248.0,958.0,951.0,957.0
9666.0,2267.0,2264.0,2252.0,957.0,961.0,965.0
9645.0,2258.0,2243.0,2254.0,966.0,955.0,969.0
9623.0,2235.0,2250.0,2245.0,964.0,964.0,965.0
9618.0,2239.0,2240.0,2251.0,961.0,961.0,966.0
9570.0,2222.0,2222.0,2244.0,960.0,959.0,963.0
9548.0,2235.0,2217.0,2229.0,958.0,955.0,954.0
9501.0,2215.0,2215.0,2207.0,957.0,956.0,951.0
9506.0,2224.0,2230.0,2207.0,947.0,952.0,946.0
9528.0,2229.0,2220.0,2220.0,956.0,955.0,948.0
9548.0,2221.0,2256.0,2212.0,956.0,951.0,952.0
9533.0,2206.0,2234.0,2234.0,958.0,945.0,956.0
9583.0,2236.0,2237.0,2240.0,961.0,959.0,950.0
9605.0,2241.0,2247.0,2236.0,962.0,961.0,958.0
9650.0,2264.0,2240.0,2262.0,965.0,956.0,963.0
9683.0,2261.0,2260.0,2267.0,964.0,962.0,969.0
9657.0,2236.0,2254.0,2272.0,964.0,960.0,971.0
9625.0,2230.0,2267.0,2251.0,957.0,960.0,960.0
9625.0,2243.0,2234.0,2264.0,958.0,965.0,961.0
9583.0,2222.0,2241.0,2244.0,954.0,959.0,963.0
9519.0,2236.0,2216.0,2204.0,958.0,950.0,955.0
9525.0,2232.0,2211.0,2221.0,953.0,951.0,957.0
9507.0,2212.0,2221.0,2215.0,953.0,948.0,958.0
9508.0,2215.0,2224.0,2217.0,949.0,949.0,954.0
9553.0,2227.0,2224.0,2224.0,958.0,963.0,957.0
9625.0,2249.0,2240.0,2248.0,964.0,965.0,959.0
9647.0,2246.0,2250.0,2258.0,963.0,974.0,956.0
9698.0,2260.0,2266.0,2266.0,962.0,974.0,970.0
9705.0,2270.0,2265.0,2268.0,970.0,973.0,959.0
9638.0,2230.0,2249.0,2256.0,964.0,971.0,968.0
9643.0,2256.0,2248.0,2239.0,963.0,970.0,967.0
9620.0,2253.0,2242.0,2257.0,956.0,955.0,957.0
9594.0,2262.0,2232.0,2220.0,960.0,959.0,961.0
9542.0,2220.0,2231.0,2228.0,956.0,952.0,955.0
9544.0,2229.0,2226.0,2233.0,958.0,943.0,955.0
9541.0,2219.0,2238.0,2224.0,951.0,952.0,957.0
9571.0,2236.0,2228.0,2237.0,961.0,955.0,954.0
9597.0,2234.0,2233.0,2240.0,969.0,957.0,964.0
9675.0,2256.0,2244.0,2272.0,965.0,968.0,970.0
9681.0,2265.0,2257.0,2254.0,971.0,970.0,964.0
9713.0,2257.0,2264.0,2270.0,977.0,975.0,970.0
9723.0,2273.0,2261.0,2275.0,974.0,971.0,969.0
9708.0,2240.0,2266.0,2281.0,965.0,980.0,976.0
9699.0,2255.0,2263.0,2265.0,969.0,971.0,976.0
9650.0,2251.0,2284.0,2233.0,958.0,954.0,970.0
9623.0,2249.0,2254.0,2240.0,955.0,958.0,967.0
9642.0,2251.0,2264.0,2247.0,960.0,961.0,959.0
9612.0,2249.0,2241.0,2245.0,958.0,960.0,959.0
9554.0,2224.0,2232.0,2231.0,959.0,955.0,953.0
9576.0,2232.0,2222.0,2253.0,957.0,955.0,957.0
9610.0,2250.0,2232.0,2246.0,964.0,963.0,955.0
9658.0,2258.0,2254.0,2253.0,968.0,964.0,961.0
9677.0,2270.0,2249.0,2251.0,978.0,964.0,965.0
9731.0,2276.0,2270.0,2262.0,972.0,977.0,974.0
9716.0,2263.0,2280.0,2241.0,974.0,979.0,979.0
9733.0,2280.0,2276.0,2252.0,972.0,977.0,976.0
9728.0,2254.0,2277.0,2276.0,969.0,975.0,977.0
9678.0,2255.0,2264.0,2249.0,964.0,972.0,974.0
9655.0,2254.0,2244.0,2258.0,960.0,971.0,968.0
9614.0,2250.0,2241.0,2232.0,963.0,963.0,965.0
9604.0,2244.0,2243.0,2248.0,956.0,954.0,959.0
9612.0,2234.0,2240.0,2254.0,960.0,965.0,959.0
9619.0,2246.0,2238.0,2255.0,959.0,963.0,958.0
9702.0,2257.0,2277.0,2262.0,971.0,965.0,970.0
9682.0,2259.0,2255.0,2262.0,968.0,968.0,970.0
9721.0,2265.0,2282.0,2264.0,978.0,967.0,965.0
9777.0,2284.0,2295.0,2264.0,985.0,972.0,977.0
9758.0,2297.0,2275.0,2269.0,975.0,974.0,968.0
9747.0,2275.0,2285.0,2262.0,986.0,969.0,970.0
9705.0,2266.0,2267.0,2255.0,976.0,965.0,976.0
9697.0,2256.0,2267.0,2272.0,967.0,968.0,967.0
9703.0,2267.0,2276.0,2263.0,964.0,965.0,968.0
9667.0,2259.0,2255.0,2259.0,964.0,961.0,969.0
9658.0,2264.0,2247.0,2266.0,959.0,962.0,960.0
9684.0,2255.0,2253.0,2275.0,968.0,967.0,966.0
9647.0,2246.0,2252.0,2256.0,961.0,965.0,967.0
9650.0,2246.0,2248.0,2253.0,965.0,965.0,973.0
9712.0,2270.0,2250.0,2266.0,975.0,977.0,974.0
9766.0,2286.0,2275.0,2260.0,980.0,982.0,983.0
9800.0,2287.0,2278.0,2288.0,980.0,982.0,985.0
9791.0,2297.0,2274.0,2279.0,986.0,973.0,982.0
9808.0,2279.0,2290.0,2278.0,990.0,981.0,990.0
9752.0,2265.0,2290.0,2272.0,979.0,969.0,977.0
9721.0,2252.0,2281.0,2269.0,973.0,970.0,976.0
9711.0,2265.0,2273.0,2276.0,971.0,963.0,963.0
9664.0,2255.0,2245.0,2263.0,967.0,970.0,964.0
9651.0,2266.0,2234.0,2257.0,957.0,974.0,963.0
9632.0,2242.0,2247.0,2249.0,968.0,963.0,963.0
9622.0,2236.0,2237.0,2262.0,956.0,968.0,963.0
9657.0,2232.0,2262.0,2270.0,964.0,967.0,962.0
9711.0,2271.0,2273.0,2261.0,963.0,973.0,970.0
9779.0,2286.0,2299.0,2263.0,980.0,975.0,976.0
9813.0,2302.0,2298.0,2269.0,983.0,985.0,976.0
9811.0,2281.0,2295.0,2279.0,984.0,988.0,984.0
9812.0,2294.0,2277.0,2292.0,982.0,987.0,980.0
9762.0,2282.0,2261.0,2276.0,984.0,985.0,974.0
9785.0,2290.0,2275.0,2280.0,978.0,979.0,983.0
9765.0,2271.0,2271.0,2305.0,976.0,970.0,972.0
9747.0,2283.0,2285.0,2273.0,968.0,965.0,973.0
9678.0,2257.0,2264.0,2261.0,966.0,961.0,969.0
9659.0,2257.0,2254.0,2255.0,963.0,962.0,968.0
9684.0,2251.0,2265.0,2267.0,972.0,961.0,968.0
9729.0,2274.0,2279.0,2268.0,968.0,969.0,971.0
9742.0,2280.0,2268.0,2281.0,969.0,974.0,970.0
9786.0,2308.0,2267.0,2276.0,975.0,981.0,979.0
9820.0,2305.0,2282.0,2296.0,986.0,975.0,976.0
9849.0,2302.0,2302.0,2297.0,989.0,981.0,978.0
9836.0,2290.0,2287.0,2299.0,992.0,985.0,983.0
9830.0,2285.0,2287.0,2305.0,988.0,990.0,975.0
9815.0,2274.0,2300.0,2306.0,986.0,981.0,968.0
9774.0,2270.0,2299.0,2282.0,980.0,974.0,969.0
9759.0,2275.0,2270.0,2281.0,977.0,980.0,976.0
9709.0,2267.0,2271.0,2258.0,967.0,975.0,971.0
9655.0,2254.0,2244.0,2245.0,969.0,975.0,968.0
9670.0,2275.0,2250.0,2240.0,966.0,974.0,965.0
9698.0,2264.0,2254.0,2256.0,971.0,973.0,980.0
9805.0,2281.0,2290.0,2296.0,975.0,980.0,983.0
9858.0,2311.0,2292.0,2301.0,977.0,982.0,995.0
9900.0,2312.0,2310.0,2326.0,986.0,982.0,984.0
9883.0,2300.0,2320.0,2304.0,985.0,985.0,989.0
9890.0,2307.0,2305.0,2318.0,986.0,988.0,986.0
9881.0,2297.0,2302.0,2317.0,991.0,989.0,985.0
9806.0,2281.0,2273.0,2305.0,985.0,980.0,982.0
9791.0,2283.0,2287.0,2280.0,981.0,984.0,976.0
9749.0,2291.0,2262.0,2269.0,975.0,973.0,979.0
9734.0,2284.0,2267.0,2257.0,978.0,975.0,973.0
9726.0,2260.0,2270.0,2276.0,973.0,980.0,967.0
9780.0,2279.0,2286.0,2290.0,976.0,978.0,971.0
9756.0,2279.0,2281.0,2267.0,974.0,981.0,974.0
9805.0,2284.0,2302.0,2288.0,978.0,980.0,973.0
9852.0,2305.0,2299.0,2313.0,979.0,978.0,978.0
9943.0,2333.0,2328.0,2321.0,988.0,990.0,983.0
9911.0,2315.0,2305.0,2328.0,986.0,989.0,988.0
9855.0,2283.0,2304.0,2306.0,991.0,981.0,990.0
9860.0,2283.0,2314.0,2294.0,992.0,990.0,987.0
9838.0,2306.0,2296.0,2281.0,986.0,984.0,985.0
9829.0,2292.0,2291.0,2298.0,989.0,978.0,981.0
9783.0,2291.0,2286.0,2272.0,975.0,976.0,983.0
9729.0,2272.0,2257.0,2271.0,979.0,971.0,979.0
9798.0,2291.0,2280.0,2291.0,977.0,972.0,987.0
9783.0,2274.0,2266.0,2294.0,984.0,985.0,980.0
9814.0,2276.0,2292.0,2306.0,980.0,980.0,980.0
9834.0,2296.0,2278.0,2295.0,983.0,994.0,988.0
9905.0,2334.0,2299.0,2294.0,987.0,998.0,993.0
9892.0,2320.0,2290.0,2314.0,987.0,992.0,989.0
9907.0,2319.0,2299.0,2317.0,984.0,998.0,990.0
9919.0,2296.0,2330.0,2319.0,988.0,992.0,994.0
9882.0,2295.0,2320.0,2304.0,988.0,992.0,983.0
9818.0,2280.0,2291.0,2298.0,985.0,978.0,986.0
9836.0,2307.0,2292.0,2299.0,981.0,979.0,978.0
9794.0,2294.0,2285.0,2268.0,984.0,981.0,982.0
9796.0,2286.0,2295.0,2280.0,982.0,976.0,977.0
9791.0,2284.0,2277.0,2295.0,984.0,970.0,981.0
9795.0,2281.0,2290.0,2294.0,977.0,974.0,979.0
9845.0,2301.0,2303.0,2295.0,983.0,981.0,982.0
9905.0,2302.0,2310.0,2321.0,993.0,985.0,994.0
9958.0,2331.0,2340.0,2326.0,981.0,989.0,991.0
9929.0,2317.0,2324.0,2320.0,984.0,992.0,992.0
9954.0,2317.0,2315.0,2326.0,999.0,996.0,1001.0
9932.0,2305.0,2324.0,2313.0,992.0,999.0,999.0
9903.0,2307.0,2306.0,2314.0,991.0,998.0,987.0
9878.0,2307.0,2293.0,2308.0,988.0,995.0,987.0
9869.0,2317.0,2314.0,2289.0,977.0,991.0,981.0
9873.0,2311.0,2307.0,2299.0,983.0,990.0,983.0
9814.0,2291.0,2298.0,2277.0,982.0,983.0,983.0
9817.0,2291.0,2301.0,2284.0,990.0,978.0,973.0
9831.0,2294.0,2277.0,2313.0,980.0,988.0,979.0
9858.0,2283.0,2290.0,2313.0,995.0,984.0,993.0
9895.0,2302.0,2299.0,2323.0,996.0,989.0,986.0
9919.0,2313.0,2315.0,2323.0,998.0,981.0,989.0
9955.0,2336.0,2324.0,2321.0,986.0,993.0,995.0
9963.0,2328.0,2335.0,2308.0,998.0,997.0,997.0
9960.0,2313.0,2337.0,2327.0,997.0,990.0,996.0
9948.0,2319.0,2322.0,2320.0,994.0,997.0,996.0
9887.0,2306.0,2316.0,2295.0,978.0,996.0,996.0
9888.0,2318.0,2300.0,2295.0,987.0,992.0,996.0
9856.0,2309.0,2300.0,2297.0,983.0,981.0,986.0
9848.0,2302.0,2294.0,2298.0,979.0,988.0,987.0
9808.0,2279.0,2279.0,2297.0,985.0,989.0,979.0
9859.0,2295.0,2291.0,2304.0,992.0,992.0,985.0
9852.0,2294.0,2307.0,2288.0,991.0,986.0,986.0
9936.0,2300.0,2336.0,2323.0,994.0,993.0,990.0
9968.0,2313.0,2335.0,2333.0,997.0,997.0,993.0
9970.0,2332.0,2332.0,2312.0,998.0,1001.0,995.0
10023.0,2344.0,2336.0,2346.0,994.0,1002.0,1001.0
9940.0,2308.0,2316.0,2327.0,997.0,997.0,995.0
9959.0,2329.0,2330.0,2326.0,987.0,996.0,991.0
9905.0,2312.0,2321.0,2304.0,994.0,987.0,987.0
9900.0,2318.0,2316.0,2308.0,985.0,990.0,983.0
9910.0,2326.0,2307.0,2318.0,985.0,987.0,987.0
9866.0,2300.0,2308.0,2299.0,985.0,990.0,984.0
9860.0,2294.0,2298.0,2309.0,994.0,987.0,978.0
9903.0,2294.0,2325.0,2311.0,991.0,990.0,992.0
9903.0,2298.0,2310.0,2316.0,990.0,995.0,994.0
9949.0,2329.0,2318.0,2310.0,996.0,997.0,999.0
9997.0,2338.0,2326.0,2330.0,998.0,1003.0,1002.0
10021.0,2350.0,2321.0,2329.0,1007.0,1009.0,1005.0
10045.0,2350.0,2341.0,2339.0,1004.0,1003.0,1008.0
10022.0,2334.0,2344.0,2333.0,1000.0,1006.0,1005.0
10028.0,2333.0,2339.0,2351.0,1002.0,998.0,1005.0
9961.0,2311.0,2332.0,2341.0,993.0,991.0,993.0
9920.0,2311.0,2320.0,2312.0,993.0,990.0,994.0
9958.0,2335.0,2323.0,2320.0,992.0,994.0,994.0
9876.0,2310.0,2311.0,2298.0,991.0,981.0,985.0
9875.0,2310.0,2303.0,2312.0,987.0,984.0,979.0
9922.0,2315.0,2312.0,2319.0,991.0,998.0,987.0
9935.0,2314.0,2321.0,2324.0,997.0,987.0,992.0
9978.0,2332.0,2330.0,2323.0,996.0,1000.0,997.0
9997.0,2328.0,2336.0,2320.0,1012.0,1002.0,999.0
10025.0,2337.0,2357.0,2319.0,1002.0,1010.0,1000.0
10058.0,2335.0,2356.0,2352.0,1008.0,1004.0,1003.0
10070.0,2332.0,2350.0,2358.0,1006.0,1015.0,1009.0
10017.0,2308.0,2346.0,2356.0,1002.0,1004.0,1001.0
9984.0,2325.0,2320.0,2341.0,998.0,992.0,1008.0
9944.0,2313.0,2301.0,2345.0,991.0,997.0,997.0
9946.0,2334.0,2312.0,2318.0,993.0,993.0,996.0
9923.0,2323.0,2319.0,2304.0,990.0,989.0,998.0
9923.0,2314.0,2319.0,2309.0,989.0,994.0,998.0
9898.0,2288.0,2331.0,2304.0,991.0,988.0,996.0
9918.0,2310.0,2326.0,2307.0,991.0,991.0,993.0
9985.0,2344.0,2338.0,2321.0,996.0,987.0,999.0
10012.0,2341.0,2334.0,2327.0,1004.0,999.0,1007.0
10060.0,2362.0,2336.0,2344.0,1008.0,1005.0,1005.0
10053.0,2345.0,2338.0,2348.0,1010.0,1007.0,1005.0
10064.0,2341.0,2356.0,2344.0,1011.0,1004.0,1008.0
10103.0,2364.0,2365.0,2353.0,1008.0,1006.0,1007.0
10065.0,2343.0,2341.0,2369.0,1004.0,1008.0,1000.0
9997.0,2346.0,2316.0,2335.0,1000.0,1009.0,991.0
9991.0,2334.0,2320.0,2338.0,999.0,1001.0,999.0
9910.0,2308.0,2322.0,2295.0,992.0,997.0,996.0
9930.0,2305.0,2324.0,2325.0,992.0,998.0,986.0
9967.0,2325.0,2315.0,2330.0,998.0,997.0,1002.0
9956.0,2324.0,2315.0,2328.0,987.0,998.0,1004.0
9997.0,2347.0,2331.0,2324.0,1000.0,995.0,1000.0
10076.0,2351.0,2355.0,2348.0,1008.0,1000.0,1014.0
10104.0,2366.0,2358.0,2351.0,1010.0,1008.0,1011.0
10098.0,2352.0,2360.0,2363.0,1011.0,1005.0,1007.0
10137.0,2359.0,2371.0,2361.0,1019.0,1008.0,1019.0
10056.0,2323.0,2360.0,2360.0,1007.0,998.0,1008.0
10045.0,2341.0,2345.0,2356.0,997.0,1004.0,1002.0
10018.0,2336.0,2322.0,2347.0,1002.0,1008.0,1003.0
10016.0,2339.0,2332.0,2337.0,999.0,1004.0,1005.0
9955.0,2342.0,2319.0,2321.0,985.0,996.0,992.0
9966.0,2327.0,2317.0,2330.0,992.0,1003.0,997.0
9961.0,2322.0,2331.0,2322.0,990.0,1002.0,994.0
10003.0,2322.0,2337.0,2339.0,997.0,1008.0,1000.0
10024.0,2319.0,2356.0,2340.0,1007.0,1004.0,998.0
10093.0,2349.0,2364.0,2354.0,1009.0,1006.0,1011.0
10120.0,2371.0,2355.0,2360.0,1006.0,1014.0,1014.0
10137.0,2355.0,2380.0,2372.0,1003.0,1016.0,1011.0
10098.0,2358.0,2350.0,2359.0,1009.0,1011.0,1011.0
10080.0,2335.0,2360.0,2362.0,1011.0,1002.0,1010.0
10071.0,2342.0,2341.0,2370.0,1010.0,1007.0,1001.0
10090.0,2361.0,2354.0,2353.0,1009.0,1007.0,1006.0
10025.0,2351.0,2338.0,2323.0,1003.0,1003.0,1007.0
9993.0,2332.0,2345.0,2319.0,995.0,993.0,1009.0
10005.0,2336.0,2352.0,2321.0,998.0,995.0,1003.0
9980.0,2324.0,2321.0,2336.0,1003.0,995.0,1001.0
9981.0,2325.0,2319.0,2334.0,996.0,1006.0,1001.0
10101.0,2362.0,2335.0,2371.0,1009.0,1011.0,1013.0
10125.0,2370.0,2353.0,2371.0,1006.0,1015.0,1010.0
10122.0,2353.0,2368.0,2370.0,1007.0,1019.0,1005.0
10161.0,2366.0,2375.0,2370.0,1015.0,1021.0,1014.0
10187.0,2378.0,2387.0,2373.0,1023.0,1020.0,1006.0
10132.0,2354.0,2371.0,2359.0,1020.0,1021.0,1007.0
10118.0,2373.0,2358.0,2351.0,1013.0,1014.0,1009.0
10071.0,2361.0,2351.0,2332.0,1013.0,1011.0,1003.0
10041.0,2362.0,2328.0,2339.0,1008.0,1002.0,1002.0
9997.0,2329.0,2325.0,2338.0,1003.0,1000.0,1002.0
10006.0,2330.0,2327.0,2339.0,1007.0,997.0,1006.0
9994.0,2343.0,2323.0,2334.0,994.0,1001.0,999.0
10102.0,2353.0,2361.0,2370.0,1003.0,1007.0,1008.0
10120.0,2358.0,2369.0,2364.0,1007.0,1010.0,1012.0
10125.0,2365.0,2357.0,2361.0,1011.0,1014.0,1017.0
10171.0,2371.0,2384.0,2367.0,1011.0,1014.0,1024.0
10185.0,2376.0,2373.0,2376.0,1019.0,1022.0,1019.0
10181.0,2369.0,2366.0,2376.0,1018.0,1027.0,1025.0
10127.0,2353.0,2363.0,2370.0,1010.0,1015.0,1016.0
10099.0,2350.0,2352.0,2352.0,1011.0,1019.0,1015.0
10114.0,2364.0,2363.0,2351.0,1006.0,1013.0,1017.0
10111.0,2371.0,2346.0,2356.0,1014.0,1015.0,1009.0
10065.0,2354.0,2340.0,2350.0,1007.0,1009.0,1005.0
10046.0,2341.0,2343.0,2352.0,1004.0,1006.0,1000.0
10061.0,2351.0,2355.0,2341.0,1005.0,1007.0,1002.0
10023.0,2333.0,2332.0,2348.0,1004.0,1006.0,1000.0
10097.0,2363.0,2349.0,2362.0,1008.0,1010.0,1005.0
10144.0,2375.0,2351.0,2372.0,1013.0,1016.0,1017.0
10159.0,2382.0,2350.0,2382.0,1010.0,1019.0,1016.0
10177.0,2375.0,2374.0,2375.0,1017.0,1015.0,1021.0
10202.0,2385.0,2380.0,2376.0,1019.0,1028.0,1014.0
10192.0,2372.0,2385.0,2370.0,1023.0,1020.0,1022.0
10126.0,2360.0,2374.0,2351.0,1011.0,1009.0,1021.0
10148.0,2378.0,2356.0,2371.0,1021.0,1009.0,1013.0
10125.0,2351.0,2349.0,2377.0,1024.0,1012.0,1012.0
10111.0,2354.0,2353.0,2365.0,1014.0,1011.0,1014.0
10076.0,2338.0,2331.0,2367.0,1008.0,1017.0,1015.0
10087.0,2358.0,2349.0,2351.0,1009.0,1011.0,1009.0
10105.0,2349.0,2355.0,2359.0,1012.0,1021.0,1009.0
10150.0,2367.0,2361.0,2376.0,1015.0,1016.0,1015.0
10207.0,2381.0,2384.0,2387.0,1013.0,1027.0,1015.0
10232.0,2405.0,2388.0,2387.0,1020.0,1020.0,1012.0
10241.0,2392.0,2402.0,2391.0,1016.0,1022.0,1018.0
10177.0,2385.0,2374.0,2376.0,1014.0,1010.0,1018.0
10187.0,2374.0,2376.0,2390.0,1015.0,1013.0,1019.0
10151.0,2380.0,2361.0,2370.0,1020.0,1012.0,1008.0
10147.0,2377.0,2363.0,2362.0,1018.0,1013.0,1014.0
10132.0,2373.0,2348.0,2373.0,1014.0,1011.0,1013.0
10100.0,2352.0,2354.0,2368.0,1008.0,1011.0,1007.0
10121.0,2366.0,2367.0,2361.0,1007.0,1015.0,1005.0
10107.0,2358.0,2358.0,2354.0,1016.0,1012.0,1009.0
10187.0,2366.0,2387.0,2378.0,1024.0,1017.0,1015.0
10182.0,2370.0,2373.0,2366.0,1018.0,1028.0,1027.0
10228.0,2391.0,2379.0,2382.0,1025.0,1025.0,1026.0
10227.0,2388.0,2379.0,2381.0,1024.0,1029.0,1026.0
10214.0,2391.0,2366.0,2377.0,1019.0,1025.0,1036.0
10252.0,2404.0,2382.0,2390.0,1020.0,1025.0,1031.0
10208.0,2381.0,2375.0,2391.0,1016.0,1020.0,1025.0
10199.0,2371.0,2391.0,2380.0,1016.0,1021.0,1020.0
10164.0,2380.0,2359.0,2387.0,1018.0,1007.0,1013.0
10134.0,2373.0,2363.0,2370.0,1011.0,1004.0,1013.0
10150.0,2360.0,2370.0,2380.0,1016.0,1009.0,1015.0
10144.0,2363.0,2373.0,2369.0,1017.0,1013.0,1009.0
10099.0,2351.0,2363.0,2355.0,1013.0,1009.0,1008.0
10152.0,2364.0,2360.0,2379.0,1023.0,1013.0,1013.0
10201.0,2393.0,2372.0,2376.0,1020.0,1023.0,1017.0
10263.0,2398.0,2392.0,2384.0,1038.0,1020.0,1031.0
10307.0,2415.0,2403.0,2403.0,1030.0,1033.0,1023.0
10294.0,2408.0,2396.0,2395.0,1029.0,1034.0,1032.0
10282.0,2388.0,2423.0,2392.0,1028.0,1027.0,1024.0
10261.0,2382.0,2409.0,2401.0,1018.0,1029.0,1022.0
10241.0,2385.0,2391.0,2391.0,1029.0,1027.0,1018.0
10207.0,2377.0,2375.0,2388.0,1012.0,1033.0,1022.0
10185.0,2387.0,2360.0,2393.0,1014.0,1016.0,1015.0
10192.0,2388.0,2369.0,2382.0,1017.0,1016.0,1020.0
10139.0,2363.0,2364.0,2372.0,1007.0,1010.0,1023.0
10136.0,2362.0,2377.0,2345.0,1021.0,1010.0,1021.0
10191.0,2386.0,2391.0,2363.0,1021.0,1013.0,1017.0
10271.0,2396.0,2402.0,2397.0,1030.0,1018.0,1028.0
10278.0,2406.0,2402.0,2391.0,1031.0,1017.0,1031.0
10337.0,2420.0,2405.0,2415.0,1040.0,1027.0,1030.0
10317.0,2409.0,2389.0,2421.0,1039.0,1033.0,1026.0
10290.0,2414.0,2377.0,2406.0,1032.0,1034.0,1027.0
10312.0,2399.0,2414.0,2413.0,1026.0,1031.0,1029.0
10259.0,2368.0,2390.0,2415.0,1025.0,1039.0,1022.0
10241.0,2394.0,2376.0,2399.0,1020.0,1029.0,1023.0
10246.0,2391.0,2392.0,2398.0,1015.0,1028.0,1022.0
10161.0,2368.0,2379.0,2362.0,1015.0,1023.0,1014.0
10165.0,2380.0,2382.0,2368.0,1007.0,1016.0,1012.0
10195.0,2370.0,2381.0,2379.0,1022.0,1023.0,1020.0
10194.0,2372.0,2368.0,2395.0,1023.0,1012.0,1024.0
10209.0,2371.0,2372.0,2381.0,1021.0,1030.0,1034.0
10279.0,2409.0,2383.0,2398.0,1030.0,1032.0,1027.0
10308.0,2413.0,2409.0,2398.0,1027.0,1025.0,1036.0
10339.0,2419.0,2406.0,2409.0,1030.0,1037.0,1038.0
10343.0,2406.0,2418.0,2421.0,1036.0,1029.0,1033.0
10348.0,2400.0,2425.0,2431.0,1030.0,1026.0,1036.0
10257.0,2385.0,2401.0,2394.0,1026.0,1025.0,1026.0
10261.0,2394.0,2389.0,2415.0,1020.0,1023.0,1020.0
10217.0,2397.0,2382.0,2382.0,1016.0,1017.0,1023.0
10204.0,2372.0,2374.0,2390.0,1018.0,1027.0,1023.0
10161.0,2372.0,2355.0,2367.0,1013.0,1031.0,1023.0
10203.0,2377.0,2389.0,2373.0,1024.0,1019.0,1021.0
10223.0,2384.0,2385.0,2379.0,1022.0,1030.0,1023.0
10334.0,2404.0,2416.0,2415.0,1033.0,1037.0,1029.0
10352.0,2430.0,2421.0,2405.0,1034.0,1033.0,1029.0
10358.0,2421.0,2417.0,2420.0,1035.0,1036.0,1029.0
10395.0,2420.0,2428.0,2439.0,1038.0,1037.0,1033.0
10341.0,2409.0,2402.0,2416.0,1044.0,1029.0,1041.0
10328.0,2384.0,2418.0,2423.0,1039.0,1026.0,1038.0
10310.0,2415.0,2385.0,2423.0,1022.0,1036.0,1029.0
10279.0,2407.0,2398.0,2400.0,1020.0,1022.0,1032.0
10262.0,2405.0,2393.0,2386.0,1021.0,1026.0,1031.0
10193.0,2392.0,2377.0,2368.0,1022.0,1011.0,1023.0
10260.0,2392.0,2411.0,2391.0,1012.0,1022.0,1032.0
10215.0,2377.0,2396.0,2380.0,1012.0,1020.0,1030.0
10276.0,2397.0,2386.0,2407.0,1024.0,1028.0,1034.0
10324.0,2399.0,2398.0,2428.0,1025.0,1032.0,1042.0
10386.0,2434.0,2411.0,2431.0,1034.0,1039.0,1037.0
10392.0,2420.0,2419.0,2436.0,1041.0,1043.0,1033.0
10401.0,2430.0,2424.0,2430.0,1041.0,1041.0,1035.0
10387.0,2421.0,2412.0,2436.0,1043.0,1041.0,1034.0
10375.0,2418.0,2425.0,2415.0,1039.0,1040.0,1038.0
10318.0,2402.0,2434.0,2389.0,1029.0,1036.0,1028.0
10318.0,2403.0,2417.0,2405.0,1039.0,1027.0,1027.0
10268.0,2401.0,2397.0,2399.0,1027.0,1023.0,1021.0
10233.0,2395.0,2390.0,2391.0,1016.0,1022.0,1019.0
10225.0,2387.0,2375.0,2387.0,1020.0,1024.0,1032.0
10264.0,2379.0,2384.0,2409.0,1027.0,1029.0,1036.0
10281.0,2393.0,2398.0,2398.0,1029.0,1036.0,1027.0
10307.0,2394.0,2408.0,2417.0,1028.0,1030.0,1030.0
10415.0,2424.0,2437.0,2448.0,1034.0,1031.0,1041.0
10413.0,2433.0,2429.0,2442.0,1038.0,1031.0,1040.0
10450.0,2446.0,2443.0,2432.0,1040.0,1040.0,1049.0
10434.0,2437.0,2438.0,2427.0,1046.0,1044.0,1042.0
10417.0,2429.0,2433.0,2428.0,1048.0,1037.0,1042.0
10345.0,2419.0,2395.0,2422.0,1039.0,1037.0,1033.0
10312.0,2412.0,2400.0,2410.0,1027.0,1033.0,1030.0
10290.0,2399.0,2406.0,2380.0,1039.0,1035.0,1031.0
10301.0,2403.0,2409.0,2409.0,1030.0,1028.0,1022.0
10280.0,2393.0,2403.0,2401.0,1029.0,1034.0,1020.0
10299.0,2389.0,2399.0,2422.0,1027.0,1028.0,1034.0
10335.0,2408.0,2428.0,2421.0,1023.0,1031.0,1024.0
10359.0,2416.0,2422.0,2431.0,1032.0,1033.0,1025.0
10397.0,2426.0,2425.0,2428.0,1039.0,1041.0,1038.0
10411.0,2429.0,2436.0,2427.0,1039.0,1037.0,1043.0
10445.0,2450.0,2419.0,2435.0,1049.0,1044.0,1048.0
10459.0,2440.0,2447.0,2440.0,1039.0,1044.0,1049.0
10381.0,2421.0,2421.0,2414.0,1043.0,1038.0,1044.0
10412.0,2426.0,2441.0,2416.0,1045.0,1040.0,1044.0
10375.0,2420.0,2421.0,2427.0,1035.0,1037.0,1035.0
10348.0,2424.0,2414.0,2408.0,1029.0,1038.0,1035.0
10302.0,2413.0,2396.0,2401.0,1028.0,1031.0,1033.0
10314.0,2400.0,2400.0,2410.0,1034.0,1033.0,1037.0
10326.0,2395.0,2410.0,2422.0,1030.0,1037.0,1032.0
10339.0,2398.0,2399.0,2439.0,1033.0,1037.0,1033.0
10381.0,2420.0,2419.0,2415.0,1046.0,1042.0,1039.0
10450.0,2449.0,2431.0,2453.0,1039.0,1040.0,1038.0
10420.0,2429.0,2430.0,2430.0,1044.0,1048.0,1039.0
10449.0,2447.0,2440.0,2431.0,1041.0,1043.0,1047.0
10453.0,2438.0,2449.0,2425.0,1042.0,1050.0,1049.0
10396.0,2419.0,2428.0,2427.0,1047.0,1040.0,1035.0
10394.0,2413.0,2416.0,2432.0,1053.0,1039.0,1041.0
10390.0,2421.0,2429.0,2432.0,1040.0,1035.0,1033.0
10331.0,2421.0,2389.0,2420.0,1033.0,1028.0,1040.0
10335.0,2420.0,2401.0,2413.0,1040.0,1027.0,1034.0
10344.0,2415.0,2403.0,2424.0,1040.0,1031.0,1031.0
10351.0,2404.0,2419.0,2419.0,1038.0,1036.0,1035.0
10363.0,2415.0,2441.0,2399.0,1030.0,1038.0,1040.0
10403.0,2421.0,2438.0,2415.0,1040.0,1045.0,1044.0
10439.0,2442.0,2441.0,2428.0,1038.0,1044.0,1046.0
10488.0,2461.0,2448.0,2431.0,1053.0,1047.0,1048.0
10446.0,2444.0,2437.0,2421.0,1041.0,1050.0,1053.0
10512.0,2440.0,2451.0,2459.0,1051.0,1056.0,1055.0
10454.0,2422.0,2441.0,2451.0,1048.0,1049.0,1043.0
10457.0,2432.0,2441.0,2450.0,1042.0,1047.0,1045.0
10404.0,2437.0,2419.0,2431.0,1039.0,1039.0,1039.0
10407.0,2423.0,2435.0,2438.0,1046.0,1035.0,1030.0
10378.0,2437.0,2419.0,2425.0,1035.0,1027.0,1035.0
10366.0,2419.0,2415.0,2424.0,1037.0,1034.0,1037.0
10346.0,2411.0,2414.0,2418.0,1037.0,1031.0,1035.0
10397.0,2425.0,2428.0,2430.0,1043.0,1037.0,1034.0
10433.0,2445.0,2431.0,2433.0,1045.0,1045.0,1034.0
10469.0,2462.0,2442.0,2436.0,1036.0,1048.0,1045.0
10493.0,2449.0,2450.0,2445.0,1050.0,1050.0,1049.0
10519.0,2449.0,2468.0,2447.0,1048.0,1055.0,1052.0
10504.0,2447.0,2460.0,2451.0,1036.0,1056.0,1054.0
10507.0,2434.0,2466.0,2459.0,1040.0,1058.0,1050.0
10514.0,2460.0,2457.0,2450.0,1051.0,1051.0,1045.0
10439.0,2423.0,2439.0,2437.0,1049.0,1043.0,1048.0
10442.0,2438.0,2425.0,2441.0,1048.0,1046.0,1044.0
10365.0,2413.0,2416.0,2423.0,1041.0,1030.0,1042.0
10399.0,2412.0,2423.0,2424.0,1049.0,1044.0,1047.0
10368.0,2427.0,2420.0,2403.0,1040.0,1032.0,1046.0
10401.0,2425.0,2423.0,2425.0,1047.0,1036.0,1045.0
10468.0,2444.0,2448.0,2440.0,1043.0,1048.0,1045.0
10494.0,2461.0,2460.0,2425.0,1047.0,1049.0,1052.0
10557.0,2463.0,2468.0,2473.0,1054.0,1048.0,1051.0
10565.0,2467.0,2461.0,2473.0,1058.0,1054.0,1052.0
10544.0,2461.0,2461.0,2465.0,1054.0,1056.0,1047.0
10513.0,2445.0,2440.0,2480.0,1049.0,1053.0,1046.0
10465.0,2437.0,2434.0,2456.0,1041.0,1054.0,1043.0
10454.0,2446.0,2441.0,2438.0,1043.0,1047.0,1039.0
10444.0,2450.0,2439.0,2432.0,1040.0,1041.0,1042.0
10443.0,2435.0,2440.0,2433.0,1049.0,1049.0,1037.0
10409.0,2426.0,2442.0,2428.0,1037.0,1038.0,1038.0
10392.0,2409.0,2430.0,2414.0,1043.0,1052.0,1044.0
10430.0,2439.0,2431.0,2420.0,1050.0,1044.0,1046.0
10466.0,2443.0,2431.0,2435.0,1053.0,1054.0,1050.0
10575.0,2471.0,2465.0,2475.0,1053.0,1054.0,1057.0
10580.0,2474.0,2463.0,2477.0,1055.0,1053.0,1058.0
10589.0,2483.0,2460.0,2476.0,1056.0,1057.0,1057.0
10575.0,2463.0,2470.0,2473.0,1051.0,1061.0,1057.0
10536.0,2445.0,2474.0,2465.0,1051.0,1048.0,1053.0
10554.0,2474.0,2456.0,2471.0,1043.0,1049.0,1061.0
10471.0,2459.0,2452.0,2433.0,1045.0,1041.0,1041.0
10483.0,2449.0,2451.0,2447.0,1046.0,1040.0,1050.0
10414.0,2434.0,2420.0,2433.0,1038.0,1044.0,1045.0
10389.0,2419.0,2432.0,2419.0,1039.0,1041.0,1039.0
10417.0,2441.0,2428.0,2426.0,1042.0,1044.0,1036.0
10466.0,2437.0,2439.0,2444.0,1049.0,1054.0,1043.0
10498.0,2458.0,2440.0,2455.0,1049.0,1047.0,1049.0
10631.0,2478.0,2484.0,2486.0,1059.0,1060.0,1064.0
10611.0,2480.0,2471.0,2480.0,1060.0,1063.0,1057.0
10627.0,2479.0,2467.0,2511.0,1060.0,1058.0,1052.0
10572.0,2464.0,2466.0,2464.0,1057.0,1060.0,1061.0
10553.0,2464.0,2468.0,2456.0,1050.0,1054.0,1061.0
10515.0,2466.0,2430.0,2463.0,1051.0,1049.0,1056.0
10493.0,2453.0,2451.0,2443.0,1047.0,1045.0,1054.0
10471.0,2460.0,2419.0,2441.0,1043.0,1052.0,1056.0
10454.0,2445.0,2441.0,2433.0,1046.0,1049.0,1040.0
10436.0,2440.0,2440.0,2428.0,1039.0,1043.0,1046.0
10507.0,2448.0,2469.0,2444.0,1051.0,1047.0,1048.0
10554.0,2448.0,2468.0,2474.0,1055.0,1050.0,1059.0
10553.0,2456.0,2462.0,2480.0,1047.0,1054.0,1054.0
10599.0,2473.0,2468.0,2477.0,1060.0,1063.0,1058.0
10612.0,2475.0,2463.0,2480.0,1069.0,1065.0,1060.0
10637.0,2478.0,2480.0,2485.0,1060.0,1068.0,1066.0
10618.0,2485.0,2475.0,2459.0,1066.0,1068.0,1065.0
10619.0,2480.0,2480.0,2478.0,1063.0,1062.0,1056.0
10555.0,2448.0,2475.0,2460.0,1056.0,1065.0,1051.0
10530.0,2468.0,2474.0,2431.0,1052.0,1054.0,1051.0
10521.0,2464.0,2462.0,2452.0,1047.0,1043.0,1053.0
10458.0,2438.0,2451.0,2436.0,1046.0,1047.0,1040.0
10504.0,2450.0,2462.0,2442.0,1045.0,1051.0,1054.0
10494.0,2446.0,2442.0,2463.0,1047.0,1045.0,1051.0
10538.0,2453.0,2460.0,2465.0,1052.0,1054.0,1054.0
10551.0,2452.0,2452.0,2476.0,1055.0,1057.0,1059.0
10618.0,2476.0,2468.0,2491.0,1058.0,1061.0,1064.0
10649.0,2492.0,2489.0,2479.0,1069.0,1053.0,1067.0
10651.0,2471.0,2487.0,2477.0,1072.0,1070.0,1074.0
10669.0,2492.0,2490.0,2481.0,1072.0,1066.0,1068.0
10615.0,2475.0,2461.0,2487.0,1066.0,1058.0,1068.0
10584.0,2465.0,2465.0,2462.0,1063.0,1063.0,1066.0
10582.0,2481.0,2452.0,2466.0,1059.0,1067.0,1057.0
10560.0,2478.0,2468.0,2455.0,1049.0,1060.0,1050.0
10503.0,2453.0,2446.0,2450.0,1050.0,1057.0,1047.0
10501.0,2442.0,2451.0,2455.0,1051.0,1054.0,1048.0
10524.0,2454.0,2461.0,2454.0,1055.0,1047.0,1053.0
10593.0,2481.0,2463.0,2473.0,1055.0,1063.0,1058.0
10601.0,2476.0,2484.0,2473.0,1059.0,1057.0,1052.0
10640.0,2485.0,2489.0,2486.0,1058.0,1057.0,1065.0
10673.0,2486.0,2493.0,2502.0,1062.0,1060.0,1070.0
10676.0,2499.0,2476.0,2504.0,1072.0,1066.0,1059.0
10637.0,2472.0,2485.0,2484.0,1067.0,1061.0,1068.0
10638.0,2483.0,2475.0,2482.0,1063.0,1062.0,1073.0
10635.0,2480.0,2485.0,2483.0,1060.0,1058.0,1069.0
10603.0,2478.0,2478.0,2459.0,1064.0,1059.0,1065.0
10544.0,2470.0,2460.0,2459.0,1051.0,1053.0,1051.0
10581.0,2484.0,2475.0,2456.0,1051.0,1060.0,1055.0
10543.0,2459.0,2451.0,2464.0,1055.0,1053.0,1061.0
10549.0,2470.0,2460.0,2458.0,1052.0,1056.0,1053.0
10571.0,2466.0,2468.0,2467.0,1056.0,1059.0,1055.0
10635.0,2494.0,2472.0,2481.0,1059.0,1065.0,1064.0
10663.0,2490.0,2470.0,2493.0,1067.0,1074.0,1069.0
10666.0,2507.0,2487.0,2474.0,1065.0,1069.0,1064.0
10691.0,2500.0,2497.0,2479.0,1077.0,1073.0,1065.0
10677.0,2485.0,2509.0,2477.0,1072.0,1070.0,1064.0
10678.0,2474.0,2508.0,2489.0,1070.0,1070.0,1067.0
10661.0,2483.0,2480.0,2490.0,1076.0,1064.0,1068.0
10643.0,2500.0,2483.0,2482.0,1063.0,1054.0,1061.0
10635.0,2496.0,2472.0,2489.0,1063.0,1058.0,1057.0
10582.0,2470.0,2458.0,2484.0,1054.0,1057.0,1059.0
10537.0,2483.0,2441.0,2442.0,1054.0,1058.0,1059.0
10575.0,2463.0,2474.0,2470.0,1052.0,1054.0,1062.0
10584.0,2458.0,2480.0,2463.0,1056.0,1066.0,1061.0
10632.0,2481.0,2497.0,2471.0,1059.0,1064.0,1060.0
10678.0,2504.0,2480.0,2485.0,1067.0,1068.0,1074.0
10745.0,2517.0,2501.0,2501.0,1069.0,1075.0,1082.0
10722.0,2508.0,2505.0,2490.0,1069.0,1078.0,1072.0
10691.0,2492.0,2484.0,2488.0,1069.0,1074.0,1084.0
10744.0,2494.0,2511.0,2511.0,1077.0,1075.0,1076.0
10653.0,2486.0,2469.0,2503.0,1063.0,1070.0,1062.0
10645.0,2478.0,2485.0,2477.0,1073.0,1072.0,1060.0
10631.0,2483.0,2489.0,2483.0,1059.0,1059.0,1058.0
10627.0,2478.0,2495.0,2479.0,1066.0,1054.0,1055.0
10604.0,2467.0,2489.0,2479.0,1052.0,1059.0,1058.0
10614.0,2470.0,2486.0,2490.0,1062.0,1053.0,1053.0
10591.0,2475.0,2476.0,2474.0,1061.0,1049.0,1056.0
10653.0,2486.0,2484.0,2483.0,1067.0,1069.0,1064.0
10676.0,2519.0,2471.0,2492.0,1068.0,1061.0,1065.0
10711.0,2509.0,2486.0,2497.0,1073.0,1070.0,1076.0
10757.0,2516.0,2505.0,2512.0,1070.0,1078.0,1076.0
10727.0,2499.0,2507.0,2497.0,1079.0,1074.0,1071.0
10727.0,2487.0,2518.0,2510.0,1068.0,1073.0,1071.0
10739.0,2498.0,2511.0,2506.0,1082.0,1077.0,1065.0
10698.0,2496.0,2487.0,2506.0,1068.0,1066.0,1075.0
10678.0,2499.0,2494.0,2484.0,1068.0,1068.0,1065.0
10651.0,2503.0,2478.0,2480.0,1063.0,1063.0,1064.0
10599.0,2476.0,2452.0,2469.0,1064.0,1068.0,1070.0
10585.0,2471.0,2454.0,2471.0,1060.0,1064.0,1065.0
10627.0,2455.0,2479.0,2483.0,1068.0,1071.0,1071.0
10696.0,2500.0,2507.0,2488.0,1068.0,1068.0,1065.0
10749.0,2506.0,2514.0,2508.0,1072.0,1077.0,1072.0
10777.0,2516.0,2528.0,2504.0,1078.0,1078.0,1073.0
10766.0,2514.0,2516.0,2515.0,1076.0,1072.0,1073.0
10747.0,2511.0,2515.0,2508.0,1076.0,1070.0,1067.0
10716.0,2497.0,2497.0,2507.0,1075.0,1071.0,1069.0
10722.0,2496.0,2496.0,2516.0,1070.0,1079.0,1065.0
10698.0,2498.0,2493.0,2498.0,1078.0,1071.0,1060.0
10667.0,2497.0,2469.0,2492.0,1075.0,1066.0,1068.0
10620.0,2486.0,2467.0,2469.0,1072.0,1063.0,1063.0
10637.0,2477.0,2471.0,2492.0,1064.0,1069.0,1064.0
10650.0,2470.0,2498.0,2469.0,1070.0,1077.0,1066.0
10699.0,2495.0,2510.0,2483.0,1068.0,1071.0,1072.0
10736.0,2508.0,2507.0,2501.0,1073.0,1077.0,1070.0
10759.0,2516.0,2507.0,2509.0,1073.0,1076.0,1078.0
10793.0,2519.0,2509.0,2519.0,1074.0,1086.0,1086.0
10806.0,2537.0,2503.0,2529.0,1077.0,1077.0,1083.0
10814.0,2513.0,2525.0,2534.0,1079.0,1081.0,1082.0
10794.0,2514.0,2522.0,2525.0,1078.0,1074.0,1081.0
10771.0,2494.0,2527.0,2527.0,1078.0,1067.0,1078.0
10754.0,2515.0,2525.0,2491.0,1083.0,1068.0,1072.0
10699.0,2507.0,2501.0,2494.0,1069.0,1060.0,1068.0
10668.0,2489.0,2485.0,2483.0,1077.0,1073.0,1061.0
10628.0,2487.0,2486.0,2456.0,1068.0,1066.0,1065.0
10655.0,2473.0,2483.0,2497.0,1067.0,1065.0,1070.0
10685.0,2490.0,2483.0,2498.0,1075.0,1073.0,1066.0
10740.0,2499.0,2492.0,2517.0,1081.0,1078.0,1073.0
10790.0,2523.0,2517.0,2514.0,1075.0,1085.0,1076.0
10843.0,2542.0,2528.0,2528.0,1077.0,1082.0,1086.0
10864.0,2524.0,2537.0,2544.0,1083.0,1094.0,1082.0
10810.0,2517.0,2527.0,2525.0,1080.0,1077.0,1084.0
10810.0,2515.0,2519.0,2541.0,1072.0,1078.0,1085.0
10761.0,2493.0,2510.0,2512.0,1075.0,1087.0,1084.0
10726.0,2511.0,2491.0,2498.0,1074.0,1076.0,1076.0
10700.0,2504.0,2484.0,2491.0,1071.0,1071.0,1079.0
10682.0,2501.0,2465.0,2501.0,1071.0,1069.0,1075.0
10655.0,2469.0,2504.0,2472.0,1074.0,1064.0,1072.0
10685.0,2480.0,2503.0,2485.0,1076.0,1071.0,1070.0
10763.0,2495.0,2517.0,2523.0,1081.0,1071.0,1076.0
10834.0,2523.0,2526.0,2533.0,1085.0,1080.0,1087.0
10819.0,2518.0,2520.0,2529.0,1089.0,1085.0,1078.0
10866.0,2529.0,2542.0,2526.0,1085.0,1095.0,1089.0
10865.0,2531.0,2530.0,2552.0,1083.0,1085.0,1084.0
10835.0,2522.0,2528.0,2536.0,1079.0,1089.0,1081.0
10835.0,2523.0,2522.0,2542.0,1079.0,1090.0,1079.0
10784.0,2510.0,2521.0,2514.0,1075.0,1086.0,1078.0
10773.0,2519.0,2524.0,2509.0,1070.0,1079.0,1072.0
10737.0,2505.0,2512.0,2494.0,1073.0,1074.0,1079.0
10720.0,2506.0,2508.0,2496.0,1068.0,1074.0,1068.0
10743.0,2510.0,2495.0,2505.0,1080.0,1070.0,1083.0
10700.0,2489.0,2505.0,2488.0,1076.0,1069.0,1073.0
10768.0,2502.0,2511.0,2523.0,1081.0,1075.0,1076.0
10825.0,2534.0,2519.0,2522.0,1085.0,1086.0,1079.0
10833.0,2529.0,2506.0,2538.0,1086.0,1085.0,1089.0
10876.0,2533.0,2534.0,2541.0,1095.0,1081.0,1092.0
10895.0,2526.0,2542.0,2545.0,1096.0,1094.0,1092.0
10865.0,2525.0,2539.0,2525.0,1092.0,1090.0,1094.0
10863.0,2522.0,2537.0,2546.0,1086.0,1083.0,1089.0
10814.0,2517.0,2527.0,2522.0,1078.0,1086.0,1084.0
10799.0,2544.0,2516.0,2513.0,1072.0,1078.0,1076.0
10766.0,2514.0,2513.0,2507.0,1071.0,1081.0,1080.0
10732.0,2503.0,2498.0,2502.0,1079.0,1080.0,1070.0
10723.0,2500.0,2501.0,2509.0,1068.0,1078.0,1067.0
10753.0,2509.0,2510.0,2510.0,1074.0,1078.0,1072.0
10800.0,2508.0,2519.0,2526.0,1083.0,1089.0,1075.0
10845.0,2528.0,2532.0,2534.0,1091.0,1083.0,1077.0
10889.0,2542.0,2534.0,2548.0,1093.0,1091.0,1081.0
10923.0,2550.0,2555.0,2550.0,1095.0,1089.0,1084.0
10906.0,2547.0,2536.0,2547.0,1101.0,1091.0,1084.0
10884.0,2527.0,2545.0,2540.0,1094.0,1086.0,1092.0
10817.0,2506.0,2537.0,2520.0,1085.0,1086.0,1083.0
10802.0,2525.0,2526.0,2498.0,1079.0,1083.0,1091.0
10832.0,2538.0,2514.0,2529.0,1076.0,1079.0,1096.0
10800.0,2528.0,2526.0,2507.0,1079.0,1076.0,1084.0
10789.0,2511.0,2521.0,2519.0,1082.0,1076.0,1080.0
10805.0,2509.0,2531.0,2529.0,1079.0,1080.0,1077.0
10802.0,2523.0,2520.0,2519.0,1077.0,1083.0,1080.0
10821.0,2507.0,2528.0,2533.0,1083.0,1088.0,1082.0
10844.0,2534.0,2517.0,2546.0,1077.0,1087.0,1083.0
10907.0,2549.0,2538.0,2541.0,1088.0,1099.0,1092.0
10937.0,2565.0,2543.0,2543.0,1102.0,1094.0,1090.0
10948.0,2550.0,2556.0,2553.0,1104.0,1092.0,1093.0
10925.0,2556.0,2549.0,2538.0,1095.0,1099.0,1088.0
10894.0,2531.0,2557.0,2534.0,1095.0,1093.0,1084.0
10890.0,2538.0,2542.0,2540.0,1098.0,1085.0,1087.0
10881.0,2547.0,2534.0,2543.0,1086.0,1087.0,1084.0
10814.0,2548.0,2517.0,2523.0,1080.0,1072.0,1074.0
10817.0,2543.0,2512.0,2531.0,1081.0,1076.0,1074.0
10754.0,2506.0,2504.0,2521.0,1072.0,1074.0,1077.0
10814.0,2527.0,2528.0,2537.0,1070.0,1073.0,1079.0
10803.0,2505.0,2522.0,2531.0,1073.0,1085.0,1087.0
10896.0,2534.0,2541.0,2559.0,1088.0,1086.0,1088.0
10892.0,2552.0,2553.0,2520.0,1085.0,1086.0,1096.0
10947.0,2551.0,2569.0,2541.0,1093.0,1096.0,1097.0
10979.0,2561.0,2561.0,2549.0,1104.0,1103.0,1101.0
10962.0,2557.0,2559.0,2549.0,1099.0,1103.0,1095.0
10937.0,2549.0,2558.0,2547.0,1094.0,1098.0,1091.0
10908.0,2540.0,2533.0,2558.0,1097.0,1090.0,1090.0
10873.0,2554.0,2526.0,2523.0,1094.0,1085.0,1091.0
10840.0,2539.0,2513.0,2536.0,1078.0,1090.0,1084.0
10880.0,2541.0,2538.0,2551.0,1088.0,1082.0,1080.0
10839.0,2534.0,2537.0,2528.0,1078.0,1080.0,1082.0
10817.0,2537.0,2526.0,2509.0,1081.0,1081.0,1083.0
10833.0,2525.0,2531.0,2528.0,1083.0,1084.0,1082.0
10878.0,2548.0,2541.0,2528.0,1087.0,1082.0,1092.0
10938.0,2559.0,2565.0,2540.0,1094.0,1089.0,1091.0
10951.0,2566.0,2542.0,2561.0,1094.0,1094.0,1094.0
10993.0,2558.0,2576.0,2554.0,1096.0,1105.0,1104.0
10997.0,2569.0,2560.0,2569.0,1102.0,1098.0,1099.0
10941.0,2540.0,2549.0,2567.0,1098.0,1090.0,1097.0
10930.0,2534.0,2544.0,2566.0,1094.0,1095.0,1097.0
10948.0,2548.0,2562.0,2548.0,1096.0,1102.0,1092.0
10884.0,2538.0,2528.0,2541.0,1087.0,1095.0,1095.0
10896.0,2559.0,2533.0,2536.0,1088.0,1090.0,1090.0
10845.0,2530.0,2533.0,2522.0,1086.0,1084.0,1090.0
10849.0,2546.0,2515.0,2524.0,1087.0,1088.0,1089.0
10855.0,2523.0,2535.0,2529.0,1087.0,1090.0,1091.0
10879.0,2542.0,2531.0,2538.0,1088.0,1086.0,1094.0
10974.0,2580.0,2568.0,2551.0,1089.0,1091.0,1095.0
11028.0,2569.0,2564.0,2585.0,1101.0,1103.0,1106.0
11009.0,2566.0,2583.0,2568.0,1102.0,1090.0,1100.0
11017.0,2567.0,2589.0,2563.0,1101.0,1096.0,1101.0
10990.0,2550.0,2574.0,2575.0,1096.0,1093.0,1102.0
10956.0,2547.0,2554.0,2571.0,1099.0,1095.0,1090.0
10949.0,2564.0,2545.0,2556.0,1098.0,1098.0,1088.0
10896.0,2549.0,2525.0,2558.0,1091.0,1088.0,1085.0
10882.0,2543.0,2528.0,2544.0,1091.0,1092.0,1084.0
10872.0,2547.0,2547.0,2513.0,1086.0,1090.0,1089.0
10912.0,2545.0,2553.0,2547.0,1087.0,1087.0,1093.0
10897.0,2548.0,2546.0,2533.0,1088.0,1096.0,1086.0
10995.0,2575.0,2578.0,2545.0,1095.0,1102.0,1100.0
10982.0,2568.0,2560.0,2553.0,1097.0,1102.0,1102.0
11026.0,2575.0,2563.0,2581.0,1095.0,1106.0,1106.0
11074.0,2597.0,2572.0,2589.0,1098.0,1109.0,1109.0
11038.0,2575.0,2576.0,2578.0,1104.0,1098.0,1107.0
11013.0,2559.0,2566.0,2580.0,1103.0,1104.0,1101.0
10934.0,2537.0,2539.0,2565.0,1098.0,1095.0,1100.0
10965.0,2571.0,2567.0,2547.0,1100.0,1092.0,1088.0
10942.0,2567.0,2551.0,2546.0,1104.0,1085.0,1089.0
10912.0,2545.0,2554.0,2551.0,1086.0,1085.0,1091.0
10907.0,2543.0,2552.0,2547.0,1089.0,1086.0,1090.0
10926.0,2549.0,2562.0,2547.0,1092.0,1093.0,1083.0
10919.0,2535.0,2547.0,2551.0,1094.0,1097.0,1095.0
10968.0,2570.0,2553.0,2565.0,1093.0,1098.0,1089.0
11013.0,2580.0,2563.0,2570.0,1095.0,1100.0,1105.0
11066.0,2578.0,2582.0,2591.0,1102.0,1108.0,1105.0
11048.0,2579.0,2570.0,2589.0,1101.0,1104.0,1105.0
11075.0,2573.0,2584.0,2597.0,1104.0,1106.0,1111.0
11040.0,2562.0,2567.0,2587.0,1106.0,1111.0,1107.0
11002.0,2560.0,2585.0,2555.0,1102.0,1100.0,1100.0
10964.0,2548.0,2561.0,2553.0,1103.0,1101.0,1098.0
10944.0,2564.0,2546.0,2542.0,1099.0,1093.0,1100.0
10962.0,2575.0,2553.0,2546.0,1089.0,1091.0,1108.0
10921.0,2551.0,2537.0,2548.0,1101.0,1082.0,1102.0
10916.0,2538.0,2549.0,2556.0,1091.0,1089.0,1093.0
10990.0,2558.0,2572.0,2574.0,1092.0,1097.0,1097.0
11024.0,2575.0,2573.0,2575.0,1105.0,1102.0,1094.0
11076.0,2591.0,2598.0,2588.0,1102.0,1098.0,1099.0
11124.0,2603.0,2600.0,2597.0,1106.0,1113.0,1105.0
11081.0,2580.0,2585.0,2597.0,1109.0,1109.0,1101.0
11084.0,2590.0,2581.0,2589.0,1109.0,1110.0,1105.0
11028.0,2563.0,2578.0,2577.0,1099.0,1111.0,1100.0
11010.0,2570.0,2559.0,2577.0,1107.0,1104.0,1093.0
10941.0,2557.0,2551.0,2542.0,1102.0,1100.0,1089.0
10967.0,2570.0,2563.0,2538.0,1092.0,1103.0,1101.0
10952.0,2549.0,2560.0,2547.0,1098.0,1098.0,1100.0
10956.0,2553.0,2556.0,2555.0,1091.0,1096.0,1105.0
11001.0,2579.0,2565.0,2563.0,1101.0,1095.0,1098.0
11002.0,2541.0,2556.0,2588.0,1104.0,1104.0,1109.0
11048.0,2579.0,2568.0,2590.0,1108.0,1097.0,1106.0
11065.0,2593.0,2557.0,2593.0,1104.0,1101.0,1117.0
11109.0,2600.0,2592.0,2594.0,1106.0,1101.0,1116.0
11131.0,2601.0,2588.0,2608.0,1111.0,1106.0,1117.0
11068.0,2571.0,2585.0,2586.0,1108.0,1105.0,1113.0
11059.0,2593.0,2588.0,2567.0,1102.0,1103.0,1106.0
11077.0,2583.0,2597.0,2573.0,1106.0,1105.0,1113.0
11035.0,2582.0,2577.0,2567.0,1099.0,1109.0,1101.0
11006.0,2575.0,2569.0,2565.0,1098.0,1100.0,1099.0
11000.0,2578.0,2545.0,2567.0,1102.0,1103.0,1105.0
10955.0,2549.0,2544.0,2568.0,1099.0,1098.0,1097.0
10998.0,2567.0,2563.0,2561.0,1107.0,1104.0,1096.0
11046.0,2562.0,2570.0,2587.0,1109.0,1117.0,1101.0
11114.0,2586.0,2602.0,2593.0,1115.0,1115.0,1103.0
11118.0,2603.0,2590.0,2592.0,1108.0,1112.0,1113.0
11152.0,2613.0,2613.0,2589.0,1109.0,1113.0,1115.0
11163.0,2611.0,2595.0,2608.0,1115.0,1116.0,1118.0
11126.0,2601.0,2590.0,2592.0,1106.0,1114.0,1123.0
11079.0,2574.0,2585.0,2581.0,1114.0,1114.0,1111.0
11069.0,2591.0,2570.0,2586.0,1105.0,1105.0,1112.0
11014.0,2584.0,2560.0,2570.0,1098.0,1098.0,1104.0
11036.0,2583.0,2568.0,2574.0,1102.0,1095.0,1114.0
11002.0,2565.0,2571.0,2578.0,1096.0,1098.0,1094.0
11028.0,2566.0,2574.0,2581.0,1104.0,1098.0,1105.0
11074.0,2567.0,2591.0,2601.0,1108.0,1097.0,1110.0
11074.0,2575.0,2588.0,2584.0,1110.0,1110.0,1107.0
11097.0,2588.0,2576.0,2601.0,1113.0,1110.0,1109.0
11147.0,2614.0,2600.0,2594.0,1119.0,1109.0,1111.0
11135.0,2602.0,2601.0,2580.0,1117.0,1118.0,1117.0
11133.0,2596.0,2591.0,2602.0,1117.0,1119.0,1108.0
11130.0,2583.0,2607.0,2588.0,1121.0,1120.0,1111.0
11162.0,2597.0,2610.0,2602.0,1118.0,1117.0,1118.0
