demand,Demand_Retailer_0,Demand_Retailer_1,Demand_Retailer_2,Demand_Retailer_3,Demand_Retailer_4,Demand_Retailer_5
973.0,226.0,254.0,230.0,89.0,91.0,83.0
1018.0,244.0,262.0,244.0,93.0,92.0,83.0
1176.0,292.0,284.0,289.0,87.0,108.0,116.0
1098.0,290.0,240.0,237.0,109.0,110.0,112.0
1141.0,278.0,293.0,261.0,113.0,86.0,110.0
1143.0,299.0,277.0,240.0,109.0,104.0,114.0
1087.0,282.0,286.0,202.0,107.0,106.0,104.0
1179.0,310.0,259.0,284.0,103.0,109.0,114.0
1163.0,248.0,240.0,319.0,118.0,110.0,128.0
1238.0,242.0,280.0,328.0,130.0,133.0,125.0
1163.0,254.0,227.0,317.0,114.0,118.0,133.0
1060.0,241.0,219.0,234.0,116.0,130.0,120.0
1014.0,193.0,266.0,200.0,116.0,105.0,134.0
1094.0,241.0,240.0,273.0,106.0,123.0,111.0
928.0,209.0,209.0,199.0,98.0,91.0,122.0
1064.0,231.0,267.0,263.0,102.0,101.0,100.0
1024.0,237.0,242.0,225.0,93.0,104.0,123.0
995.0,232.0,236.0,224.0,102.0,100.0,101.0
1051.0,250.0,232.0,243.0,100.0,105.0,121.0
969.0,224.0,245.0,218.0,99.0,91.0,92.0
924.0,204.0,197.0,241.0,88.0,94.0,100.0
875.0,200.0,231.0,162.0,101.0,82.0,99.0
774.0,141.0,213.0,216.0,58.0,78.0,68.0
986.0,209.0,233.0,239.0,107.0,103.0,95.0
959.0,210.0,254.0,235.0,86.0,91.0,83.0
1009.0,225.0,234.0,245.0,109.0,95.0,101.0
1070.0,238.0,249.0,252.0,109.0,115.0,107.0
1021.0,231.0,204.0,261.0,103.0,119.0,103.0
1216.0,292.0,252.0,292.0,125.0,128.0,127.0
1087.0,284.0,248.0,259.0,107.0,97.0,92.0
1263.0,302.0,296.0,294.0,128.0,117.0,126.0
1317.0,331.0,311.0,282.0,138.0,132.0,123.0
1118.0,272.0,267.0,251.0,116.0,113.0,99.0
1116.0,272.0,291.0,218.0,114.0,117.0,104.0
1177.0,270.0,279.0,277.0,117.0,121.0,113.0
1168.0,282.0,314.0,239.0,111.0,106.0,116.0
1164.0,268.0,288.0,274.0,110.0,112.0,112.0
1092.0,255.0,316.0,194.0,112.0,117.0,98.0
1061.0,262.0,271.0,221.0,102.0,100.0,105.0
1311.0,325.0,348.0,289.0,123.0,114.0,112.0
1202.0,263.0,311.0,275.0,121.0,109.0,123.0
966.0,272.0,241.0,219.0,66.0,86.0,82.0
1058.0,283.0,195.0,281.0,109.0,87.0,103.0
1053.0,282.0,206.0,261.0,107.0,96.0,101.0
928.0,230.0,196.0,213.0,102.0,103.0,84.0
946.0,224.0,194.0,234.0,95.0,105.0,94.0
942.0,238.0,178.0,245.0,111.0,80.0,90.0
951.0,244.0,185.0,223.0,88.0,98.0,113.0
897.0,229.0,170.0,210.0,102.0,91.0,95.0
1117.0,258.0,252.0,274.0,116.0,119.0,98.0
924.0,211.0,219.0,224.0,94.0,91.0,85.0
808.0,153.0,220.0,167.0,85.0,99.0,84.0
1199.0,272.0,253.0,279.0,136.0,130.0,129.0
1199.0,280.0,312.0,248.0,124.0,112.0,123.0
1244.0,278.0,292.0,272.0,124.0,133.0,145.0
1283.0,311.0,304.0,280.0,124.0,133.0,131.0
1334.0,313.0,347.0,292.0,135.0,118.0,129.0
1153.0,273.0,287.0,239.0,116.0,120.0,118.0
1280.0,287.0,291.0,301.0,110.0,135.0,156.0
1277.0,284.0,334.0,280.0,117.0,130.0,132.0
1103.0,239.0,302.0,233.0,89.0,104.0,136.0
1122.0,220.0,274.0,294.0,107.0,129.0,98.0
1232.0,305.0,293.0,279.0,129.0,121.0,105.0
1103.0,244.0,235.0,271.0,107.0,112.0,134.0
1263.0,294.0,276.0,323.0,114.0,127.0,129.0
1113.0,256.0,229.0,295.0,106.0,108.0,119.0
1158.0,314.0,217.0,294.0,106.0,118.0,109.0
1175.0,318.0,234.0,306.0,102.0,95.0,120.0
996.0,263.0,204.0,264.0,83.0,91.0,91.0
848.0,180.0,184.0,231.0,78.0,83.0,92.0
1206.0,293.0,262.0,303.0,129.0,120.0,99.0
1025.0,253.0,226.0,276.0,83.0,86.0,101.0
1169.0,269.0,298.0,279.0,115.0,100.0,108.0
1112.0,221.0,301.0,271.0,126.0,88.0,105.0
1044.0,252.0,307.0,202.0,103.0,91.0,89.0
966.0,186.0,241.0,232.0,101.0,102.0,104.0
1152.0,234.0,293.0,267.0,130.0,117.0,111.0
1111.0,276.0,281.0,216.0,114.0,117.0,107.0
1127.0,257.0,250.0,254.0,133.0,127.0,106.0
1195.0,337.0,263.0,259.0,118.0,120.0,98.0
1267.0,307.0,296.0,269.0,137.0,137.0,121.0
1198.0,289.0,287.0,248.0,134.0,126.0,114.0
1257.0,313.0,326.0,240.0,134.0,130.0,114.0
1336.0,317.0,279.0,292.0,144.0,162.0,142.0
1293.0,280.0,313.0,302.0,126.0,145.0,127.0
1327.0,328.0,289.0,285.0,136.0,155.0,134.0
1207.0,291.0,256.0,308.0,105.0,127.0,120.0
1266.0,303.0,307.0,290.0,117.0,125.0,124.0
1175.0,246.0,284.0,283.0,124.0,122.0,116.0
1405.0,327.0,351.0,329.0,126.0,131.0,141.0
1117.0,244.0,235.0,304.0,112.0,114.0,108.0
1374.0,321.0,330.0,309.0,133.0,133.0,148.0
1169.0,257.0,256.0,297.0,104.0,134.0,121.0
1154.0,268.0,271.0,254.0,106.0,134.0,121.0
1089.0,264.0,210.0,290.0,100.0,116.0,109.0
1173.0,297.0,280.0,270.0,110.0,109.0,107.0
997.0,239.0,219.0,258.0,92.0,93.0,96.0
1125.0,244.0,279.0,274.0,89.0,108.0,131.0
930.0,191.0,225.0,220.0,88.0,105.0,101.0
1006.0,210.0,220.0,285.0,111.0,85.0,95.0
949.0,232.0,200.0,214.0,99.0,100.0,104.0
1096.0,265.0,218.0,260.0,119.0,109.0,125.0
1158.0,260.0,231.0,309.0,118.0,117.0,123.0
970.0,214.0,239.0,195.0,115.0,92.0,115.0
1071.0,285.0,226.0,245.0,121.0,92.0,102.0
1161.0,259.0,255.0,296.0,132.0,112.0,107.0
1338.0,303.0,299.0,330.0,142.0,133.0,131.0
1234.0,326.0,289.0,244.0,146.0,104.0,125.0
1352.0,291.0,335.0,306.0,146.0,127.0,147.0
1439.0,350.0,360.0,327.0,145.0,124.0,133.0
1483.0,328.0,368.0,329.0,161.0,154.0,143.0
1394.0,331.0,331.0,322.0,144.0,133.0,133.0
1445.0,311.0,347.0,363.0,153.0,144.0,127.0
1379.0,303.0,302.0,371.0,148.0,118.0,137.0
1348.0,305.0,314.0,323.0,142.0,134.0,130.0
1449.0,295.0,342.0,369.0,146.0,160.0,137.0
1278.0,300.0,265.0,323.0,136.0,137.0,117.0
1279.0,307.0,287.0,335.0,115.0,120.0,115.0
1364.0,333.0,317.0,312.0,126.0,155.0,121.0
1188.0,310.0,275.0,261.0,122.0,119.0,101.0
956.0,275.0,164.0,233.0,84.0,107.0,93.0
1055.0,278.0,202.0,276.0,85.0,115.0,99.0
1074.0,278.0,242.0,253.0,98.0,101.0,102.0
1162.0,255.0,294.0,252.0,114.0,130.0,117.0
1113.0,262.0,259.0,229.0,102.0,126.0,135.0
1120.0,226.0,300.0,252.0,96.0,125.0,121.0
1190.0,228.0,305.0,268.0,124.0,119.0,146.0
995.0,237.0,251.0,213.0,89.0,108.0,97.0
1105.0,238.0,270.0,260.0,118.0,104.0,115.0
1346.0,289.0,327.0,290.0,146.0,140.0,154.0
1253.0,280.0,286.0,278.0,133.0,139.0,137.0
1410.0,340.0,334.0,310.0,141.0,149.0,136.0
1375.0,337.0,351.0,271.0,140.0,135.0,141.0
1350.0,346.0,307.0,282.0,148.0,128.0,139.0
1420.0,342.0,344.0,300.0,166.0,134.0,134.0
1313.0,337.0,274.0,316.0,124.0,123.0,139.0
1395.0,347.0,275.0,355.0,138.0,131.0,149.0
1392.0,337.0,286.0,373.0,132.0,118.0,146.0
1400.0,269.0,294.0,383.0,150.0,157.0,147.0
1409.0,317.0,332.0,361.0,139.0,114.0,146.0
1402.0,311.0,302.0,341.0,152.0,151.0,145.0
1398.0,308.0,328.0,356.0,144.0,138.0,124.0
1349.0,303.0,308.0,347.0,137.0,137.0,117.0
1168.0,289.0,271.0,244.0,130.0,118.0,116.0
1229.0,292.0,307.0,264.0,129.0,120.0,117.0
1094.0,259.0,277.0,245.0,100.0,100.0,113.0
1173.0,242.0,291.0,315.0,109.0,106.0,110.0
1305.0,322.0,325.0,298.0,106.0,123.0,131.0
1032.0,245.0,274.0,180.0,112.0,122.0,99.0
1240.0,316.0,316.0,248.0,110.0,136.0,114.0
1251.0,270.0,331.0,288.0,114.0,124.0,124.0
1095.0,248.0,259.0,255.0,108.0,117.0,108.0
1074.0,229.0,256.0,264.0,102.0,131.0,92.0
1178.0,257.0,255.0,290.0,118.0,128.0,130.0
1245.0,280.0,279.0,311.0,127.0,129.0,119.0
1210.0,259.0,290.0,270.0,124.0,139.0,128.0
1439.0,339.0,350.0,326.0,124.0,166.0,134.0
1282.0,319.0,266.0,288.0,136.0,146.0,127.0
1356.0,320.0,263.0,336.0,145.0,162.0,130.0
1186.0,266.0,272.0,262.0,142.0,130.0,114.0
1613.0,391.0,347.0,396.0,150.0,169.0,160.0
1391.0,330.0,307.0,350.0,136.0,143.0,125.0
1547.0,329.0,395.0,385.0,156.0,148.0,134.0
1413.0,309.0,271.0,405.0,158.0,134.0,136.0
1768.0,416.0,385.0,416.0,196.0,187.0,168.0
1382.0,305.0,337.0,322.0,162.0,123.0,133.0
1506.0,324.0,375.0,359.0,160.0,143.0,145.0
1378.0,270.0,357.0,353.0,139.0,118.0,141.0
1582.0,380.0,368.0,368.0,164.0,140.0,162.0
1409.0,336.0,334.0,314.0,141.0,137.0,147.0
1386.0,366.0,323.0,271.0,147.0,129.0,150.0
1279.0,321.0,256.0,304.0,129.0,121.0,148.0
1270.0,343.0,285.0,262.0,134.0,105.0,141.0
1171.0,318.0,244.0,232.0,115.0,123.0,139.0
1113.0,301.0,200.0,257.0,119.0,113.0,123.0
1320.0,316.0,273.0,317.0,127.0,139.0,148.0
984.0,221.0,231.0,226.0,92.0,98.0,116.0
1125.0,273.0,250.0,237.0,115.0,118.0,132.0
1291.0,261.0,318.0,290.0,124.0,139.0,159.0
1244.0,268.0,298.0,307.0,128.0,119.0,124.0
1286.0,282.0,347.0,277.0,124.0,127.0,129.0
1245.0,259.0,313.0,276.0,115.0,141.0,141.0
1353.0,317.0,328.0,298.0,139.0,141.0,130.0
1477.0,334.0,382.0,354.0,125.0,141.0,141.0
1571.0,355.0,393.0,398.0,144.0,139.0,142.0
1530.0,386.0,352.0,359.0,128.0,161.0,144.0
1506.0,349.0,362.0,340.0,139.0,163.0,153.0
1608.0,411.0,355.0,377.0,159.0,157.0,149.0
1611.0,379.0,367.0,389.0,144.0,186.0,146.0
1564.0,329.0,371.0,375.0,162.0,184.0,143.0
1440.0,289.0,336.0,360.0,171.0,163.0,121.0
1320.0,283.0,306.0,302.0,154.0,142.0,133.0
1379.0,340.0,287.0,305.0,152.0,149.0,146.0
1454.0,331.0,337.0,320.0,180.0,142.0,144.0
1401.0,323.0,318.0,323.0,152.0,149.0,136.0
1480.0,367.0,333.0,322.0,166.0,144.0,148.0
1323.0,296.0,322.0,323.0,137.0,124.0,121.0
1258.0,306.0,316.0,272.0,152.0,108.0,104.0
1385.0,332.0,353.0,308.0,136.0,131.0,125.0
1345.0,336.0,312.0,307.0,143.0,120.0,127.0
1158.0,267.0,315.0,223.0,121.0,117.0,115.0
1150.0,275.0,267.0,260.0,112.0,112.0,124.0
1344.0,273.0,361.0,321.0,120.0,132.0,137.0
1305.0,314.0,308.0,313.0,127.0,110.0,133.0
1086.0,275.0,254.0,220.0,122.0,111.0,104.0
1116.0,242.0,279.0,256.0,101.0,115.0,123.0
1216.0,277.0,287.0,303.0,116.0,116.0,117.0
1365.0,287.0,340.0,343.0,122.0,131.0,142.0
1486.0,349.0,330.0,361.0,140.0,140.0,166.0
1499.0,383.0,297.0,386.0,137.0,143.0,153.0
1506.0,369.0,329.0,361.0,150.0,145.0,152.0
1491.0,408.0,322.0,383.0,123.0,126.0,129.0
1535.0,369.0,327.0,368.0,147.0,149.0,175.0
1505.0,379.0,337.0,328.0,149.0,147.0,165.0
1515.0,369.0,331.0,361.0,134.0,158.0,162.0
1635.0,382.0,374.0,380.0,170.0,159.0,170.0
1614.0,371.0,390.0,348.0,170.0,167.0,168.0
1510.0,328.0,318.0,413.0,141.0,159.0,151.0
1531.0,329.0,398.0,311.0,167.0,161.0,165.0
1592.0,410.0,376.0,345.0,149.0,164.0,148.0
1471.0,327.0,339.0,360.0,154.0,136.0,155.0
1513.0,300.0,406.0,332.0,169.0,147.0,159.0
1350.0,315.0,346.0,285.0,143.0,149.0,112.0
1337.0,350.0,317.0,252.0,145.0,136.0,137.0
1291.0,320.0,299.0,294.0,140.0,129.0,109.0
1290.0,334.0,284.0,307.0,119.0,132.0,114.0
1394.0,362.0,332.0,295.0,129.0,150.0,126.0
1423.0,336.0,320.0,353.0,130.0,150.0,134.0
1336.0,295.0,302.0,354.0,137.0,129.0,119.0
1241.0,269.0,263.0,340.0,128.0,114.0,127.0
1375.0,294.0,304.0,370.0,133.0,141.0,133.0
1461.0,294.0,354.0,370.0,135.0,157.0,151.0
1353.0,318.0,301.0,345.0,127.0,133.0,129.0
1340.0,336.0,320.0,311.0,118.0,131.0,124.0
1510.0,328.0,353.0,384.0,144.0,164.0,137.0
1511.0,336.0,391.0,364.0,135.0,137.0,148.0
1561.0,357.0,380.0,354.0,165.0,151.0,154.0
1604.0,380.0,382.0,388.0,150.0,153.0,151.0
1491.0,335.0,376.0,330.0,144.0,153.0,153.0
1645.0,384.0,422.0,381.0,161.0,146.0,151.0
1707.0,436.0,416.0,374.0,155.0,144.0,182.0
1629.0,366.0,409.0,359.0,156.0,169.0,170.0
1495.0,367.0,357.0,323.0,139.0,144.0,165.0
1422.0,322.0,316.0,352.0,151.0,132.0,149.0
1461.0,364.0,338.0,326.0,147.0,141.0,145.0
1600.0,377.0,355.0,370.0,162.0,173.0,163.0
1467.0,344.0,328.0,335.0,157.0,152.0,151.0
1519.0,393.0,337.0,335.0,165.0,140.0,149.0
1486.0,350.0,335.0,360.0,140.0,153.0,148.0
1348.0,315.0,296.0,320.0,138.0,118.0,161.0
1437.0,357.0,316.0,315.0,138.0,144.0,167.0
1332.0,328.0,275.0,306.0,150.0,126.0,147.0
1385.0,354.0,286.0,336.0,136.0,139.0,134.0
1326.0,296.0,332.0,291.0,133.0,130.0,144.0
1520.0,341.0,369.0,347.0,158.0,149.0,156.0
1415.0,323.0,347.0,339.0,134.0,134.0,138.0
1440.0,296.0,330.0,348.0,158.0,162.0,146.0
1545.0,325.0,361.0,394.0,145.0,148.0,172.0
1529.0,317.0,370.0,367.0,154.0,173.0,148.0
1562.0,390.0,360.0,349.0,154.0,162.0,147.0
1484.0,341.0,333.0,357.0,153.0,141.0,159.0
1522.0,358.0,367.0,354.0,149.0,150.0,144.0
1465.0,349.0,341.0,313.0,121.0,174.0,167.0
1681.0,405.0,350.0,426.0,160.0,173.0,167.0
1670.0,425.0,344.0,408.0,161.0,168.0,164.0
1688.0,436.0,355.0,384.0,171.0,175.0,167.0
1604.0,392.0,361.0,361.0,170.0,162.0,158.0
1515.0,373.0,369.0,335.0,136.0,145.0,157.0
1637.0,356.0,405.0,378.0,156.0,165.0,177.0
1597.0,360.0,357.0,362.0,168.0,187.0,163.0
1535.0,396.0,371.0,329.0,165.0,139.0,135.0
1786.0,418.0,438.0,427.0,166.0,162.0,175.0
1440.0,329.0,354.0,343.0,153.0,127.0,134.0
1515.0,339.0,370.0,367.0,147.0,144.0,148.0
1615.0,346.0,420.0,387.0,157.0,149.0,156.0
1366.0,333.0,331.0,314.0,140.0,124.0,124.0
1578.0,379.0,388.0,373.0,160.0,139.0,139.0
1550.0,358.0,360.0,364.0,155.0,151.0,162.0
1525.0,329.0,344.0,403.0,161.0,135.0,153.0
1381.0,359.0,289.0,307.0,140.0,145.0,141.0
1530.0,355.0,338.0,369.0,172.0,144.0,152.0
1437.0,319.0,302.0,358.0,166.0,141.0,151.0
1347.0,303.0,288.0,307.0,160.0,137.0,152.0
1495.0,319.0,341.0,369.0,159.0,151.0,156.0
1433.0,272.0,321.0,392.0,151.0,149.0,148.0
1552.0,347.0,382.0,377.0,140.0,139.0,167.0
1535.0,342.0,344.0,380.0,154.0,146.0,169.0
1498.0,338.0,359.0,338.0,134.0,178.0,151.0
1626.0,391.0,393.0,336.0,150.0,174.0,182.0
1545.0,390.0,325.0,341.0,166.0,167.0,156.0
1676.0,407.0,375.0,361.0,168.0,180.0,185.0
1639.0,381.0,378.0,373.0,156.0,176.0,175.0
1879.0,446.0,443.0,426.0,169.0,210.0,185.0
1733.0,412.0,446.0,368.0,152.0,182.0,173.0
1544.0,329.0,371.0,337.0,156.0,173.0,178.0
1743.0,405.0,431.0,375.0,171.0,183.0,178.0
1587.0,344.0,386.0,353.0,144.0,175.0,185.0
1692.0,374.0,446.0,362.0,164.0,179.0,167.0
1584.0,336.0,356.0,394.0,165.0,166.0,167.0
1596.0,390.0,347.0,403.0,162.0,144.0,150.0
1483.0,391.0,335.0,307.0,147.0,160.0,143.0
1675.0,416.0,365.0,411.0,168.0,153.0,162.0
1411.0,380.0,272.0,331.0,159.0,133.0,136.0
1466.0,289.0,331.0,400.0,163.0,147.0,136.0
1395.0,339.0,288.0,341.0,142.0,147.0,138.0
1515.0,359.0,340.0,383.0,167.0,134.0,132.0
1470.0,346.0,329.0,376.0,153.0,122.0,144.0
1524.0,322.0,373.0,363.0,165.0,149.0,152.0
1572.0,350.0,405.0,370.0,160.0,149.0,138.0
1476.0,327.0,369.0,354.0,160.0,130.0,136.0
1628.0,355.0,419.0,382.0,191.0,136.0,145.0
1534.0,344.0,367.0,362.0,158.0,145.0,158.0
1629.0,392.0,365.0,383.0,176.0,166.0,147.0
1473.0,348.0,365.0,313.0,141.0,164.0,142.0
1676.0,418.0,403.0,360.0,166.0,176.0,153.0
1671.0,415.0,413.0,351.0,165.0,163.0,164.0
1800.0,429.0,441.0,387.0,182.0,174.0,187.0
1764.0,417.0,401.0,395.0,177.0,189.0,185.0
1789.0,400.0,404.0,429.0,187.0,180.0,189.0
1857.0,450.0,438.0,410.0,181.0,186.0,192.0
1737.0,400.0,369.0,402.0,169.0,203.0,194.0
1793.0,402.0,407.0,417.0,185.0,195.0,187.0
1551.0,339.0,377.0,363.0,144.0,162.0,166.0
1738.0,386.0,421.0,418.0,160.0,191.0,162.0
1898.0,439.0,437.0,457.0,172.0,188.0,205.0
1501.0,335.0,340.0,401.0,126.0,160.0,139.0
1596.0,386.0,366.0,368.0,155.0,164.0,157.0
1680.0,391.0,400.0,387.0,145.0,172.0,185.0
1555.0,388.0,324.0,364.0,160.0,160.0,159.0
1601.0,356.0,379.0,381.0,149.0,165.0,171.0
1713.0,409.0,419.0,372.0,170.0,175.0,168.0
1502.0,331.0,358.0,346.0,151.0,156.0,160.0
1657.0,385.0,395.0,368.0,169.0,178.0,162.0
1543.0,335.0,361.0,352.0,163.0,166.0,166.0
1542.0,355.0,342.0,364.0,171.0,144.0,166.0
1646.0,369.0,418.0,376.0,171.0,153.0,159.0
1615.0,377.0,376.0,355.0,178.0,163.0,166.0
1511.0,333.0,324.0,362.0,182.0,146.0,164.0
1856.0,446.0,445.0,406.0,203.0,166.0,190.0
1663.0,384.0,389.0,374.0,182.0,158.0,176.0
1757.0,405.0,377.0,430.0,184.0,181.0,180.0
1856.0,449.0,425.0,443.0,184.0,186.0,169.0
1781.0,461.0,421.0,399.0,173.0,168.0,159.0
1781.0,445.0,433.0,403.0,172.0,170.0,158.0
1790.0,423.0,367.0,459.0,184.0,176.0,181.0
1834.0,389.0,440.0,467.0,198.0,176.0,164.0
1760.0,390.0,427.0,427.0,181.0,171.0,164.0
1798.0,406.0,446.0,432.0,175.0,165.0,174.0
1874.0,433.0,452.0,470.0,174.0,167.0,178.0
1865.0,430.0,458.0,437.0,173.0,182.0,185.0
1815.0,383.0,435.0,478.0,142.0,184.0,193.0
1708.0,437.0,366.0,402.0,152.0,183.0,168.0
1637.0,380.0,392.0,387.0,161.0,166.0,151.0
1509.0,350.0,337.0,367.0,156.0,155.0,144.0
1646.0,429.0,362.0,389.0,140.0,178.0,148.0
1580.0,392.0,378.0,314.0,162.0,170.0,164.0
1590.0,375.0,365.0,370.0,155.0,167.0,158.0
1481.0,365.0,337.0,336.0,151.0,152.0,140.0
1548.0,383.0,331.0,332.0,149.0,180.0,173.0
1461.0,366.0,326.0,330.0,137.0,152.0,150.0
1320.0,292.0,307.0,280.0,133.0,154.0,154.0
1552.0,384.0,349.0,335.0,160.0,160.0,164.0
1722.0,403.0,446.0,359.0,174.0,161.0,179.0
1667.0,362.0,393.0,387.0,180.0,168.0,177.0
1769.0,394.0,430.0,391.0,195.0,174.0,185.0
1790.0,393.0,427.0,418.0,178.0,180.0,194.0
1950.0,462.0,475.0,428.0,203.0,186.0,196.0
1924.0,443.0,481.0,414.0,197.0,191.0,198.0
1957.0,435.0,441.0,492.0,207.0,188.0,194.0
2010.0,490.0,483.0,455.0,195.0,186.0,201.0
1855.0,434.0,489.0,400.0,175.0,177.0,180.0
1636.0,387.0,338.0,385.0,186.0,156.0,184.0
1982.0,465.0,443.0,479.0,201.0,193.0,201.0
1878.0,446.0,415.0,476.0,174.0,183.0,184.0
1687.0,371.0,397.0,403.0,156.0,178.0,182.0
1887.0,413.0,427.0,495.0,181.0,190.0,181.0
1795.0,429.0,384.0,467.0,174.0,182.0,159.0
1886.0,424.0,462.0,503.0,168.0,163.0,166.0
1691.0,405.0,374.0,429.0,167.0,170.0,146.0
1656.0,427.0,386.0,398.0,145.0,151.0,149.0
1571.0,369.0,372.0,371.0,145.0,147.0,167.0
1609.0,355.0,391.0,397.0,152.0,158.0,156.0
1563.0,369.0,403.0,346.0,148.0,157.0,140.0
1480.0,354.0,374.0,328.0,136.0,155.0,133.0
1700.0,369.0,445.0,389.0,172.0,180.0,145.0
1636.0,377.0,419.0,332.0,162.0,179.0,167.0
1471.0,316.0,396.0,321.0,134.0,143.0,161.0
1621.0,364.0,377.0,383.0,180.0,165.0,152.0
1753.0,380.0,445.0,396.0,183.0,174.0,175.0
1827.0,417.0,426.0,429.0,183.0,190.0,182.0
1839.0,432.0,414.0,452.0,174.0,192.0,175.0
1810.0,415.0,401.0,438.0,181.0,202.0,173.0
1981.0,477.0,434.0,474.0,203.0,203.0,190.0
1941.0,464.0,381.0,484.0,217.0,197.0,198.0
2095.0,513.0,447.0,479.0,225.0,222.0,209.0
1926.0,457.0,418.0,469.0,213.0,204.0,165.0
1978.0,507.0,439.0,447.0,206.0,194.0,185.0
1961.0,419.0,454.0,492.0,198.0,199.0,199.0
1864.0,428.0,431.0,432.0,193.0,190.0,190.0
1785.0,399.0,433.0,437.0,169.0,165.0,182.0
1912.0,412.0,446.0,453.0,200.0,194.0,207.0
1689.0,378.0,414.0,418.0,148.0,163.0,168.0
1857.0,405.0,471.0,418.0,174.0,179.0,210.0
1867.0,473.0,442.0,412.0,170.0,178.0,192.0
1758.0,398.0,410.0,424.0,153.0,167.0,206.0
1833.0,450.0,450.0,411.0,158.0,187.0,177.0
1802.0,426.0,424.0,387.0,189.0,174.0,202.0
1736.0,461.0,383.0,407.0,153.0,144.0,188.0
1677.0,390.0,402.0,391.0,158.0,169.0,167.0
1603.0,402.0,357.0,357.0,173.0,150.0,164.0
1739.0,405.0,369.0,414.0,168.0,166.0,217.0
1540.0,383.0,354.0,330.0,155.0,154.0,164.0
1563.0,360.0,335.0,369.0,165.0,160.0,174.0
1624.0,304.0,360.0,438.0,168.0,181.0,173.0
1749.0,392.0,376.0,431.0,177.0,177.0,196.0
1730.0,414.0,374.0,404.0,190.0,168.0,180.0
2032.0,456.0,468.0,499.0,203.0,199.0,207.0
2075.0,499.0,477.0,500.0,202.0,200.0,197.0
2054.0,489.0,492.0,492.0,192.0,203.0,186.0
2126.0,495.0,536.0,489.0,215.0,205.0,186.0
2015.0,454.0,494.0,488.0,193.0,197.0,189.0
2022.0,497.0,481.0,450.0,209.0,201.0,184.0
2037.0,494.0,456.0,489.0,212.0,183.0,203.0
2021.0,451.0,464.0,473.0,212.0,232.0,189.0
2034.0,495.0,470.0,483.0,186.0,208.0,192.0
1999.0,439.0,487.0,444.0,214.0,204.0,211.0
1825.0,385.0,435.0,446.0,206.0,191.0,162.0
1874.0,421.0,423.0,439.0,198.0,204.0,189.0
1808.0,447.0,408.0,409.0,191.0,187.0,166.0
1746.0,402.0,382.0,418.0,176.0,199.0,169.0
1837.0,486.0,379.0,405.0,185.0,193.0,189.0
1687.0,400.0,363.0,397.0,152.0,188.0,187.0
1770.0,460.0,402.0,382.0,176.0,180.0,170.0
1809.0,448.0,413.0,388.0,186.0,200.0,174.0
1610.0,395.0,380.0,359.0,156.0,162.0,158.0
1696.0,432.0,418.0,376.0,161.0,160.0,149.0
1671.0,348.0,442.0,391.0,144.0,161.0,185.0
1799.0,426.0,435.0,428.0,164.0,164.0,182.0
1789.0,406.0,443.0,416.0,151.0,172.0,201.0
1706.0,356.0,409.0,457.0,151.0,163.0,170.0
1950.0,455.0,431.0,472.0,198.0,191.0,203.0
1851.0,449.0,461.0,416.0,170.0,166.0,189.0
1948.0,469.0,463.0,445.0,188.0,180.0,203.0
1993.0,503.0,452.0,444.0,209.0,191.0,194.0
1962.0,497.0,426.0,479.0,199.0,177.0,184.0
1923.0,490.0,406.0,441.0,213.0,179.0,194.0
1879.0,457.0,397.0,452.0,194.0,190.0,189.0
1962.0,472.0,434.0,477.0,192.0,196.0,191.0
2050.0,477.0,500.0,475.0,197.0,204.0,197.0
2024.0,472.0,468.0,459.0,210.0,209.0,206.0
1967.0,446.0,484.0,425.0,207.0,190.0,215.0
1977.0,457.0,443.0,480.0,208.0,192.0,197.0
1991.0,463.0,470.0,441.0,209.0,198.0,210.0
1970.0,446.0,496.0,404.0,208.0,216.0,200.0
2008.0,438.0,497.0,466.0,211.0,196.0,200.0
1897.0,433.0,431.0,426.0,205.0,201.0,201.0
1947.0,443.0,463.0,434.0,214.0,210.0,183.0
2026.0,502.0,500.0,422.0,199.0,206.0,197.0
1969.0,460.0,495.0,417.0,200.0,202.0,195.0
1730.0,438.0,398.0,396.0,153.0,181.0,164.0
1677.0,383.0,387.0,391.0,169.0,176.0,171.0
1775.0,387.0,393.0,457.0,178.0,182.0,178.0
1689.0,372.0,389.0,434.0,164.0,169.0,161.0
1831.0,451.0,409.0,416.0,174.0,195.0,186.0
1771.0,421.0,436.0,416.0,174.0,178.0,146.0
1910.0,436.0,460.0,469.0,187.0,181.0,177.0
1800.0,397.0,415.0,447.0,172.0,198.0,171.0
1985.0,445.0,468.0,503.0,201.0,192.0,176.0
1965.0,446.0,453.0,512.0,182.0,195.0,177.0
1856.0,447.0,436.0,436.0,183.0,174.0,180.0
1945.0,426.0,478.0,472.0,186.0,194.0,189.0
2056.0,483.0,502.0,456.0,206.0,208.0,201.0
2094.0,503.0,499.0,480.0,215.0,188.0,209.0
2011.0,505.0,461.0,471.0,205.0,176.0,193.0
2160.0,503.0,511.0,522.0,219.0,199.0,206.0
2216.0,524.0,524.0,497.0,224.0,217.0,230.0
2126.0,467.0,540.0,473.0,216.0,205.0,225.0
1946.0,442.0,470.0,438.0,205.0,183.0,208.0
1971.0,383.0,497.0,470.0,218.0,192.0,211.0
2152.0,495.0,531.0,482.0,220.0,205.0,219.0
2063.0,486.0,467.0,479.0,212.0,195.0,224.0
2120.0,513.0,482.0,488.0,212.0,193.0,232.0
1948.0,466.0,425.0,443.0,204.0,190.0,220.0
1925.0,483.0,433.0,417.0,191.0,194.0,207.0
1951.0,461.0,427.0,469.0,203.0,189.0,202.0
1788.0,399.0,416.0,432.0,179.0,176.0,186.0
1785.0,421.0,408.0,416.0,179.0,182.0,179.0
1723.0,403.0,367.0,417.0,180.0,176.0,180.0
1846.0,444.0,388.0,461.0,174.0,197.0,182.0
1883.0,413.0,475.0,440.0,171.0,191.0,193.0
1873.0,392.0,454.0,462.0,181.0,197.0,187.0
2020.0,441.0,467.0,503.0,202.0,202.0,205.0
1941.0,423.0,475.0,474.0,190.0,186.0,193.0
2005.0,450.0,482.0,477.0,207.0,190.0,199.0
1979.0,464.0,467.0,491.0,170.0,192.0,195.0
2119.0,469.0,503.0,501.0,209.0,222.0,215.0
2113.0,501.0,501.0,495.0,187.0,222.0,207.0
2110.0,540.0,480.0,484.0,193.0,224.0,189.0
2091.0,475.0,488.0,501.0,216.0,206.0,205.0
2205.0,525.0,514.0,527.0,204.0,214.0,221.0
2339.0,578.0,522.0,530.0,239.0,240.0,230.0
2125.0,498.0,485.0,517.0,207.0,217.0,201.0
1985.0,445.0,459.0,469.0,211.0,195.0,206.0
2050.0,469.0,479.0,482.0,214.0,189.0,217.0
2029.0,491.0,472.0,438.0,227.0,202.0,199.0
2105.0,479.0,497.0,513.0,205.0,214.0,197.0
2056.0,475.0,482.0,465.0,216.0,213.0,205.0
2041.0,482.0,464.0,518.0,202.0,192.0,183.0
1835.0,455.0,413.0,428.0,180.0,177.0,182.0
1944.0,442.0,453.0,485.0,219.0,161.0,184.0
2067.0,484.0,462.0,507.0,205.0,217.0,192.0
1995.0,476.0,491.0,448.0,202.0,184.0,194.0
1946.0,458.0,437.0,469.0,192.0,184.0,206.0
1849.0,424.0,444.0,459.0,172.0,177.0,173.0
1985.0,466.0,449.0,487.0,199.0,198.0,186.0
1877.0,401.0,436.0,479.0,181.0,184.0,196.0
2004.0,480.0,454.0,467.0,194.0,186.0,223.0
2088.0,501.0,485.0,466.0,212.0,212.0,212.0
1898.0,403.0,450.0,468.0,186.0,183.0,208.0
1922.0,447.0,410.0,439.0,189.0,215.0,222.0
2045.0,500.0,493.0,441.0,197.0,202.0,212.0
2022.0,483.0,446.0,458.0,203.0,230.0,202.0
1935.0,456.0,431.0,447.0,182.0,216.0,203.0
2236.0,538.0,521.0,494.0,216.0,239.0,228.0
2184.0,555.0,509.0,477.0,199.0,226.0,218.0
2104.0,508.0,486.0,479.0,204.0,222.0,205.0
2134.0,543.0,490.0,476.0,198.0,209.0,218.0
2121.0,489.0,492.0,499.0,202.0,218.0,221.0
2138.0,482.0,550.0,474.0,198.0,228.0,206.0
2157.0,506.0,487.0,511.0,216.0,218.0,219.0
2202.0,491.0,543.0,511.0,210.0,223.0,224.0
2158.0,493.0,492.0,495.0,247.0,224.0,207.0
2014.0,459.0,478.0,466.0,210.0,202.0,199.0
2127.0,524.0,500.0,496.0,214.0,178.0,215.0
2111.0,509.0,462.0,496.0,224.0,220.0,200.0
2008.0,479.0,454.0,481.0,212.0,197.0,185.0
1931.0,449.0,440.0,452.0,209.0,188.0,193.0
2003.0,499.0,429.0,474.0,209.0,198.0,194.0
1879.0,422.0,447.0,432.0,211.0,183.0,184.0
1806.0,403.0,410.0,451.0,186.0,184.0,172.0
2030.0,462.0,488.0,479.0,198.0,205.0,198.0
1956.0,466.0,414.0,472.0,210.0,209.0,185.0
1850.0,429.0,438.0,433.0,189.0,172.0,189.0
2083.0,482.0,498.0,498.0,208.0,198.0,199.0
1791.0,438.0,443.0,397.0,187.0,169.0,157.0
2001.0,444.0,520.0,468.0,197.0,178.0,194.0
2085.0,490.0,529.0,480.0,191.0,201.0,194.0
2255.0,528.0,563.0,517.0,216.0,213.0,218.0
2117.0,526.0,528.0,460.0,208.0,195.0,200.0
2265.0,552.0,540.0,509.0,220.0,229.0,215.0
2408.0,595.0,560.0,557.0,217.0,246.0,233.0
2127.0,508.0,500.0,468.0,207.0,223.0,221.0
2263.0,552.0,513.0,510.0,222.0,237.0,229.0
2330.0,552.0,563.0,519.0,223.0,244.0,229.0
2290.0,500.0,546.0,553.0,215.0,236.0,240.0
2163.0,486.0,491.0,531.0,218.0,227.0,210.0
2139.0,481.0,480.0,536.0,209.0,220.0,213.0
2254.0,482.0,503.0,561.0,238.0,242.0,228.0
2144.0,516.0,476.0,492.0,200.0,228.0,232.0
2292.0,520.0,508.0,575.0,235.0,226.0,228.0
2202.0,491.0,502.0,548.0,228.0,220.0,213.0
2142.0,496.0,499.0,502.0,211.0,208.0,226.0
2084.0,503.0,449.0,482.0,214.0,216.0,220.0
2120.0,529.0,489.0,484.0,202.0,208.0,208.0
1997.0,464.0,474.0,446.0,209.0,196.0,208.0
2051.0,477.0,489.0,466.0,210.0,199.0,210.0
2028.0,483.0,456.0,455.0,213.0,212.0,209.0
2042.0,461.0,489.0,461.0,221.0,210.0,200.0
2089.0,488.0,493.0,475.0,206.0,204.0,223.0
2042.0,452.0,505.0,447.0,220.0,205.0,213.0
2092.0,498.0,508.0,453.0,207.0,219.0,207.0
2060.0,478.0,499.0,463.0,193.0,217.0,210.0
2230.0,545.0,541.0,504.0,214.0,208.0,218.0
2069.0,489.0,493.0,469.0,200.0,198.0,220.0
2171.0,532.0,522.0,460.0,228.0,206.0,223.0
2351.0,589.0,537.0,523.0,244.0,234.0,224.0
2245.0,552.0,497.0,529.0,223.0,226.0,218.0
2249.0,534.0,499.0,550.0,227.0,209.0,230.0
2371.0,563.0,545.0,570.0,237.0,229.0,227.0
2205.0,505.0,515.0,546.0,220.0,202.0,217.0
2361.0,553.0,578.0,552.0,228.0,237.0,213.0
2258.0,483.0,544.0,551.0,236.0,225.0,219.0
2242.0,514.0,529.0,546.0,211.0,219.0,223.0
2194.0,500.0,494.0,549.0,213.0,223.0,215.0
2297.0,507.0,599.0,561.0,210.0,199.0,221.0
2157.0,474.0,512.0,579.0,198.0,210.0,184.0
2157.0,488.0,535.0,498.0,219.0,216.0,201.0
2198.0,517.0,514.0,570.0,201.0,199.0,197.0
2199.0,501.0,544.0,491.0,226.0,225.0,212.0
2010.0,494.0,453.0,461.0,203.0,204.0,195.0
1865.0,438.0,393.0,437.0,209.0,192.0,196.0
2070.0,485.0,447.0,494.0,232.0,219.0,193.0
2030.0,466.0,444.0,469.0,225.0,221.0,205.0
1908.0,423.0,431.0,436.0,214.0,205.0,199.0
1985.0,464.0,463.0,426.0,218.0,212.0,202.0
2157.0,495.0,489.0,481.0,240.0,220.0,232.0
2057.0,441.0,512.0,473.0,220.0,208.0,203.0
1990.0,458.0,484.0,420.0,211.0,203.0,214.0
2130.0,479.0,526.0,467.0,225.0,224.0,209.0
2283.0,534.0,499.0,516.0,245.0,238.0,251.0
2406.0,542.0,588.0,575.0,227.0,236.0,238.0
2163.0,496.0,489.0,517.0,214.0,219.0,228.0
2302.0,542.0,550.0,532.0,219.0,230.0,229.0
2355.0,595.0,546.0,553.0,213.0,226.0,222.0
2382.0,566.0,543.0,574.0,229.0,221.0,249.0
2291.0,542.0,523.0,555.0,215.0,231.0,225.0
2266.0,528.0,552.0,532.0,210.0,220.0,224.0
2305.0,544.0,530.0,545.0,228.0,228.0,230.0
2250.0,488.0,543.0,540.0,225.0,226.0,228.0
2130.0,477.0,478.0,529.0,219.0,221.0,206.0
2306.0,543.0,534.0,544.0,231.0,215.0,239.0
2392.0,574.0,538.0,587.0,232.0,226.0,235.0
2161.0,518.0,508.0,500.0,212.0,202.0,221.0
2163.0,532.0,501.0,506.0,200.0,206.0,218.0
2025.0,504.0,447.0,483.0,196.0,183.0,212.0
2091.0,495.0,491.0,457.0,205.0,216.0,227.0
2124.0,465.0,527.0,494.0,217.0,216.0,205.0
1950.0,450.0,465.0,453.0,189.0,195.0,198.0
2051.0,482.0,489.0,468.0,222.0,204.0,186.0
2196.0,521.0,512.0,489.0,236.0,223.0,215.0
2144.0,506.0,529.0,456.0,240.0,232.0,181.0
2249.0,509.0,535.0,530.0,241.0,224.0,210.0
2181.0,514.0,512.0,499.0,232.0,218.0,206.0
2192.0,507.0,494.0,526.0,232.0,221.0,212.0
2392.0,537.0,576.0,546.0,256.0,241.0,236.0
2224.0,502.0,524.0,527.0,222.0,226.0,223.0
2348.0,563.0,555.0,546.0,231.0,242.0,211.0
2392.0,542.0,539.0,607.0,234.0,240.0,230.0
2363.0,570.0,537.0,547.0,240.0,249.0,220.0
2236.0,546.0,476.0,543.0,234.0,230.0,207.0
2450.0,534.0,536.0,635.0,242.0,257.0,246.0
2556.0,588.0,539.0,653.0,267.0,267.0,242.0
2360.0,557.0,532.0,565.0,221.0,259.0,226.0
2297.0,529.0,512.0,560.0,215.0,247.0,234.0
2358.0,534.0,545.0,581.0,221.0,229.0,248.0
2325.0,535.0,544.0,552.0,218.0,232.0,244.0
2335.0,557.0,555.0,553.0,200.0,230.0,240.0
2325.0,544.0,557.0,529.0,222.0,234.0,239.0
2288.0,558.0,532.0,531.0,219.0,216.0,232.0
2434.0,566.0,620.0,517.0,239.0,222.0,270.0
2219.0,522.0,560.0,459.0,209.0,223.0,246.0
2149.0,522.0,516.0,475.0,208.0,190.0,238.0
2001.0,481.0,465.0,466.0,193.0,188.0,208.0
2159.0,501.0,520.0,482.0,212.0,210.0,234.0
2131.0,487.0,478.0,511.0,214.0,190.0,251.0
2000.0,415.0,487.0,495.0,195.0,194.0,214.0
2099.0,487.0,480.0,493.0,209.0,205.0,225.0
1941.0,416.0,442.0,464.0,218.0,195.0,206.0
2309.0,520.0,556.0,515.0,258.0,226.0,234.0
2253.0,541.0,528.0,516.0,234.0,224.0,210.0
2192.0,508.0,515.0,509.0,235.0,217.0,208.0
2336.0,543.0,530.0,559.0,229.0,229.0,246.0
2343.0,588.0,511.0,545.0,239.0,232.0,228.0
2304.0,556.0,549.0,534.0,249.0,214.0,202.0
2682.0,646.0,615.0,651.0,262.0,259.0,249.0
2411.0,566.0,576.0,574.0,238.0,226.0,231.0
2345.0,558.0,512.0,574.0,231.0,244.0,226.0
2514.0,563.0,581.0,630.0,243.0,260.0,237.0
2463.0,562.0,567.0,585.0,238.0,257.0,254.0
2421.0,548.0,572.0,571.0,249.0,258.0,223.0
2354.0,526.0,567.0,568.0,220.0,247.0,226.0
2264.0,543.0,505.0,518.0,224.0,248.0,226.0
2378.0,599.0,549.0,500.0,232.0,274.0,224.0
2271.0,505.0,510.0,563.0,225.0,245.0,223.0
2312.0,547.0,482.0,580.0,235.0,242.0,226.0
2347.0,597.0,544.0,521.0,218.0,263.0,204.0
2333.0,557.0,558.0,549.0,217.0,237.0,215.0
2102.0,547.0,465.0,429.0,221.0,222.0,218.0
2108.0,486.0,491.0,504.0,197.0,243.0,187.0
2160.0,520.0,496.0,503.0,228.0,204.0,209.0
2169.0,511.0,507.0,485.0,216.0,207.0,243.0
2184.0,497.0,560.0,484.0,196.0,223.0,224.0
2178.0,499.0,498.0,516.0,220.0,222.0,223.0
2207.0,466.0,546.0,547.0,224.0,198.0,226.0
2286.0,499.0,533.0,577.0,233.0,215.0,229.0
2452.0,579.0,555.0,579.0,249.0,245.0,245.0
2488.0,565.0,595.0,605.0,244.0,230.0,249.0
2337.0,548.0,530.0,551.0,238.0,230.0,240.0
2450.0,576.0,569.0,565.0,250.0,236.0,254.0
2665.0,641.0,602.0,633.0,280.0,244.0,265.0
2636.0,597.0,602.0,639.0,274.0,251.0,273.0
2610.0,603.0,583.0,616.0,267.0,265.0,276.0
2633.0,639.0,598.0,604.0,281.0,258.0,253.0
2479.0,585.0,546.0,577.0,246.0,255.0,270.0
2475.0,578.0,551.0,571.0,260.0,241.0,274.0
2339.0,535.0,540.0,517.0,257.0,237.0,253.0
2483.0,581.0,530.0,595.0,267.0,257.0,253.0
2343.0,553.0,521.0,550.0,239.0,241.0,239.0
2367.0,557.0,539.0,546.0,239.0,235.0,251.0
2415.0,581.0,519.0,587.0,232.0,249.0,247.0
2387.0,535.0,603.0,549.0,241.0,241.0,218.0
2400.0,533.0,593.0,578.0,216.0,251.0,229.0
2312.0,534.0,566.0,522.0,226.0,238.0,226.0
2262.0,559.0,562.0,495.0,205.0,224.0,217.0
2205.0,557.0,485.0,522.0,217.0,210.0,214.0
2290.0,526.0,561.0,500.0,228.0,243.0,232.0
2198.0,511.0,500.0,513.0,223.0,221.0,230.0
2300.0,537.0,540.0,537.0,227.0,239.0,220.0
2188.0,496.0,516.0,517.0,224.0,221.0,214.0
2319.0,508.0,513.0,601.0,229.0,245.0,223.0
2362.0,563.0,552.0,545.0,233.0,238.0,231.0
2367.0,550.0,555.0,582.0,224.0,243.0,213.0
2494.0,543.0,583.0,601.0,259.0,268.0,240.0
2489.0,585.0,563.0,587.0,256.0,252.0,246.0
2568.0,608.0,572.0,625.0,262.0,247.0,254.0
2436.0,607.0,532.0,573.0,252.0,240.0,232.0
2510.0,603.0,572.0,600.0,247.0,249.0,239.0
2544.0,597.0,613.0,579.0,261.0,252.0,242.0
2501.0,589.0,601.0,581.0,234.0,252.0,244.0
2609.0,604.0,652.0,568.0,266.0,251.0,268.0
2620.0,603.0,648.0,563.0,280.0,262.0,264.0
2379.0,539.0,570.0,527.0,263.0,230.0,250.0
2586.0,609.0,633.0,570.0,275.0,242.0,257.0
2510.0,553.0,625.0,573.0,262.0,255.0,242.0
2319.0,527.0,548.0,530.0,254.0,210.0,250.0
2351.0,513.0,578.0,559.0,230.0,235.0,236.0
2428.0,583.0,577.0,537.0,249.0,238.0,244.0
2351.0,578.0,519.0,537.0,240.0,233.0,244.0
2340.0,576.0,544.0,534.0,221.0,230.0,235.0
2372.0,578.0,539.0,565.0,220.0,224.0,246.0
2316.0,569.0,496.0,566.0,216.0,222.0,247.0
2359.0,559.0,524.0,585.0,218.0,235.0,238.0
2185.0,521.0,514.0,508.0,203.0,211.0,228.0
2230.0,502.0,511.0,564.0,199.0,229.0,225.0
2249.0,524.0,528.0,533.0,215.0,218.0,231.0
2471.0,551.0,571.0,616.0,223.0,266.0,244.0
2273.0,493.0,523.0,543.0,223.0,234.0,257.0
2403.0,551.0,559.0,565.0,230.0,240.0,258.0
2598.0,631.0,565.0,593.0,264.0,273.0,272.0
2517.0,578.0,617.0,575.0,252.0,257.0,238.0
2542.0,601.0,639.0,554.0,227.0,273.0,248.0
2578.0,591.0,611.0,609.0,265.0,255.0,247.0
2524.0,599.0,591.0,576.0,245.0,258.0,255.0
2517.0,602.0,581.0,578.0,252.0,258.0,246.0
2543.0,586.0,608.0,534.0,273.0,271.0,271.0
2569.0,591.0,641.0,564.0,264.0,260.0,249.0
2555.0,564.0,615.0,601.0,265.0,251.0,259.0
2479.0,565.0,577.0,564.0,271.0,250.0,252.0
2562.0,571.0,590.0,587.0,274.0,282.0,258.0
2356.0,529.0,553.0,562.0,256.0,235.0,221.0
2447.0,538.0,607.0,561.0,255.0,236.0,250.0
2372.0,587.0,522.0,544.0,246.0,245.0,228.0
2430.0,599.0,553.0,563.0,251.0,234.0,230.0
2329.0,528.0,539.0,570.0,221.0,230.0,241.0
2351.0,558.0,553.0,549.0,235.0,225.0,231.0
2289.0,524.0,538.0,563.0,212.0,211.0,241.0
2432.0,553.0,615.0,542.0,259.0,227.0,236.0
2336.0,515.0,578.0,573.0,221.0,217.0,232.0
2281.0,540.0,513.0,562.0,218.0,221.0,227.0
2349.0,533.0,546.0,538.0,241.0,235.0,256.0
2216.0,515.0,535.0,535.0,208.0,209.0,214.0
2298.0,536.0,557.0,538.0,225.0,212.0,230.0
2449.0,587.0,585.0,558.0,247.0,243.0,229.0
2476.0,538.0,568.0,614.0,246.0,251.0,259.0
2530.0,627.0,570.0,588.0,244.0,250.0,251.0
2602.0,656.0,573.0,587.0,261.0,254.0,271.0
2512.0,627.0,552.0,556.0,246.0,262.0,269.0
2675.0,688.0,589.0,604.0,260.0,270.0,264.0
2716.0,658.0,634.0,599.0,285.0,262.0,278.0
2589.0,644.0,566.0,599.0,249.0,266.0,265.0
2760.0,627.0,651.0,640.0,279.0,280.0,283.0
2616.0,629.0,600.0,594.0,264.0,266.0,263.0
2669.0,614.0,610.0,602.0,271.0,280.0,292.0
2658.0,592.0,650.0,587.0,280.0,283.0,266.0
2671.0,634.0,619.0,613.0,269.0,273.0,263.0
2541.0,561.0,611.0,607.0,255.0,251.0,256.0
2492.0,574.0,602.0,532.0,272.0,264.0,248.0
2536.0,580.0,601.0,598.0,261.0,247.0,249.0
2537.0,570.0,589.0,602.0,248.0,270.0,258.0
2488.0,607.0,599.0,540.0,251.0,256.0,235.0
2555.0,624.0,570.0,613.0,252.0,255.0,241.0
2511.0,600.0,595.0,564.0,244.0,244.0,264.0
2383.0,515.0,561.0,584.0,246.0,242.0,235.0
2466.0,592.0,563.0,616.0,236.0,234.0,225.0
2381.0,556.0,556.0,551.0,240.0,237.0,241.0
2333.0,529.0,553.0,555.0,253.0,222.0,221.0
2387.0,560.0,574.0,562.0,231.0,238.0,222.0
2444.0,567.0,578.0,558.0,262.0,237.0,242.0
2456.0,552.0,588.0,549.0,263.0,263.0,241.0
2557.0,640.0,599.0,581.0,248.0,234.0,255.0
2422.0,550.0,615.0,532.0,246.0,240.0,239.0
2613.0,585.0,660.0,597.0,246.0,263.0,262.0
2543.0,591.0,647.0,546.0,257.0,243.0,259.0
2686.0,668.0,631.0,616.0,260.0,254.0,257.0
2682.0,634.0,671.0,595.0,261.0,259.0,262.0
2849.0,678.0,686.0,622.0,285.0,298.0,280.0
2800.0,650.0,683.0,618.0,281.0,285.0,283.0
2553.0,576.0,619.0,602.0,254.0,247.0,255.0
2708.0,607.0,641.0,634.0,275.0,276.0,275.0
2764.0,605.0,652.0,674.0,289.0,264.0,280.0
2759.0,626.0,639.0,657.0,270.0,278.0,289.0
2689.0,636.0,610.0,634.0,257.0,272.0,280.0
2687.0,581.0,597.0,664.0,289.0,269.0,287.0
2544.0,608.0,560.0,603.0,254.0,269.0,250.0
2518.0,584.0,590.0,564.0,246.0,269.0,265.0
2550.0,593.0,563.0,632.0,253.0,252.0,257.0
2681.0,617.0,604.0,655.0,270.0,271.0,264.0
2504.0,577.0,576.0,584.0,254.0,261.0,252.0
2404.0,541.0,580.0,549.0,254.0,241.0,239.0
2491.0,577.0,567.0,585.0,258.0,258.0,246.0
2440.0,543.0,602.0,556.0,243.0,257.0,239.0
2589.0,596.0,647.0,589.0,251.0,257.0,249.0
2532.0,565.0,616.0,590.0,249.0,255.0,257.0
2484.0,580.0,606.0,552.0,246.0,245.0,255.0
2587.0,585.0,642.0,576.0,252.0,267.0,265.0
2531.0,587.0,599.0,591.0,245.0,245.0,264.0
2715.0,631.0,643.0,633.0,267.0,260.0,281.0
2527.0,600.0,617.0,568.0,249.0,251.0,242.0
2535.0,613.0,606.0,567.0,247.0,255.0,247.0
2680.0,683.0,586.0,636.0,267.0,256.0,252.0
2630.0,659.0,586.0,612.0,249.0,270.0,254.0
2692.0,662.0,620.0,609.0,264.0,272.0,265.0
2884.0,707.0,632.0,679.0,287.0,286.0,293.0
2720.0,651.0,609.0,631.0,277.0,275.0,277.0
2725.0,635.0,597.0,668.0,277.0,279.0,269.0
2668.0,602.0,642.0,634.0,264.0,252.0,274.0
2650.0,614.0,632.0,609.0,274.0,250.0,271.0
2648.0,596.0,582.0,675.0,276.0,254.0,265.0
2564.0,606.0,627.0,605.0,239.0,228.0,259.0
2646.0,623.0,633.0,615.0,263.0,254.0,258.0
2740.0,653.0,635.0,628.0,267.0,280.0,277.0
2570.0,590.0,592.0,596.0,282.0,259.0,251.0
2504.0,591.0,609.0,561.0,253.0,256.0,234.0
2439.0,567.0,565.0,584.0,238.0,239.0,246.0
2472.0,589.0,586.0,565.0,242.0,250.0,240.0
2519.0,582.0,567.0,589.0,270.0,264.0,247.0
2586.0,610.0,563.0,608.0,268.0,275.0,262.0
2553.0,578.0,608.0,567.0,265.0,274.0,261.0
2378.0,546.0,524.0,540.0,258.0,246.0,264.0
2602.0,596.0,591.0,576.0,279.0,290.0,270.0
2572.0,600.0,591.0,580.0,254.0,270.0,277.0
2684.0,642.0,628.0,605.0,264.0,266.0,279.0
2713.0,617.0,608.0,642.0,278.0,274.0,294.0
2721.0,641.0,632.0,637.0,267.0,271.0,273.0
2785.0,646.0,667.0,642.0,269.0,277.0,284.0
2792.0,673.0,656.0,631.0,258.0,276.0,298.0
2900.0,687.0,665.0,671.0,266.0,321.0,290.0
2860.0,667.0,696.0,668.0,266.0,285.0,278.0
2750.0,619.0,637.0,677.0,270.0,279.0,268.0
2756.0,633.0,650.0,648.0,269.0,280.0,276.0
2824.0,623.0,690.0,697.0,265.0,275.0,274.0
2953.0,657.0,691.0,735.0,279.0,305.0,286.0
2696.0,619.0,618.0,625.0,277.0,272.0,285.0
2823.0,627.0,691.0,675.0,276.0,277.0,277.0
2738.0,603.0,640.0,663.0,271.0,279.0,282.0
2777.0,664.0,663.0,635.0,281.0,271.0,263.0
2572.0,625.0,581.0,599.0,260.0,245.0,262.0
2684.0,663.0,637.0,602.0,269.0,264.0,249.0
2643.0,681.0,574.0,603.0,283.0,256.0,246.0
2606.0,630.0,589.0,594.0,281.0,245.0,267.0
2562.0,641.0,582.0,571.0,274.0,239.0,255.0
2493.0,590.0,594.0,571.0,262.0,247.0,229.0
2571.0,614.0,577.0,609.0,280.0,251.0,240.0
2576.0,595.0,626.0,589.0,268.0,251.0,247.0
2606.0,600.0,618.0,602.0,266.0,263.0,257.0
2683.0,610.0,621.0,623.0,283.0,273.0,273.0
2661.0,607.0,659.0,589.0,276.0,271.0,259.0
2673.0,624.0,612.0,635.0,272.0,289.0,241.0
2654.0,627.0,648.0,599.0,251.0,274.0,255.0
2837.0,700.0,649.0,651.0,274.0,294.0,269.0
2891.0,670.0,689.0,687.0,267.0,307.0,271.0
2818.0,641.0,673.0,704.0,267.0,264.0,269.0
2892.0,678.0,733.0,619.0,278.0,302.0,282.0
2904.0,699.0,612.0,717.0,275.0,304.0,297.0
2830.0,682.0,635.0,669.0,271.0,286.0,287.0
2934.0,671.0,696.0,698.0,268.0,310.0,291.0
2888.0,685.0,629.0,713.0,279.0,290.0,292.0
2617.0,622.0,596.0,604.0,255.0,280.0,260.0
2865.0,656.0,656.0,677.0,288.0,290.0,298.0
2719.0,613.0,616.0,656.0,284.0,276.0,274.0
2842.0,638.0,695.0,643.0,274.0,277.0,315.0
2771.0,645.0,656.0,616.0,274.0,278.0,302.0
2736.0,643.0,638.0,625.0,272.0,272.0,286.0
2634.0,599.0,662.0,575.0,271.0,256.0,271.0
2815.0,661.0,658.0,634.0,283.0,273.0,306.0
2592.0,614.0,622.0,585.0,247.0,251.0,273.0
2630.0,626.0,632.0,573.0,257.0,255.0,287.0
2639.0,602.0,660.0,589.0,267.0,250.0,271.0
2709.0,644.0,636.0,607.0,278.0,259.0,285.0
2681.0,607.0,609.0,634.0,291.0,258.0,282.0
2656.0,598.0,640.0,612.0,277.0,262.0,267.0
2407.0,567.0,545.0,567.0,249.0,237.0,242.0
2668.0,606.0,598.0,640.0,297.0,258.0,269.0
2711.0,615.0,606.0,666.0,276.0,265.0,283.0
2808.0,671.0,627.0,676.0,284.0,280.0,270.0
2779.0,665.0,596.0,697.0,281.0,258.0,282.0
3027.0,728.0,685.0,717.0,294.0,300.0,303.0
2944.0,702.0,646.0,724.0,300.0,288.0,284.0
3058.0,732.0,692.0,737.0,296.0,297.0,304.0
2950.0,706.0,662.0,713.0,293.0,278.0,298.0
2844.0,655.0,661.0,701.0,270.0,280.0,277.0
2928.0,662.0,725.0,689.0,299.0,284.0,269.0
2863.0,638.0,680.0,704.0,262.0,297.0,282.0
2988.0,661.0,725.0,708.0,288.0,312.0,294.0
2731.0,591.0,699.0,627.0,279.0,271.0,264.0
2906.0,651.0,727.0,673.0,294.0,282.0,279.0
2865.0,692.0,700.0,640.0,280.0,282.0,271.0
2764.0,648.0,666.0,599.0,270.0,299.0,282.0
2741.0,658.0,654.0,634.0,269.0,269.0,257.0
2626.0,636.0,600.0,587.0,258.0,288.0,257.0
2752.0,649.0,673.0,615.0,258.0,300.0,257.0
2713.0,679.0,614.0,599.0,270.0,289.0,262.0
2646.0,655.0,570.0,579.0,267.0,283.0,292.0
2760.0,617.0,683.0,627.0,281.0,284.0,268.0
2698.0,643.0,596.0,648.0,276.0,250.0,285.0
2534.0,568.0,602.0,589.0,263.0,249.0,263.0
2672.0,583.0,620.0,617.0,276.0,299.0,277.0
2876.0,653.0,683.0,659.0,300.0,282.0,299.0
2724.0,612.0,628.0,659.0,284.0,266.0,275.0
2790.0,654.0,641.0,670.0,289.0,260.0,276.0
3029.0,701.0,705.0,746.0,290.0,280.0,307.0
2908.0,628.0,740.0,670.0,306.0,264.0,300.0
2896.0,662.0,686.0,693.0,280.0,293.0,282.0
3038.0,724.0,713.0,684.0,303.0,300.0,314.0
2919.0,679.0,691.0,691.0,285.0,277.0,296.0
3051.0,701.0,719.0,716.0,301.0,296.0,318.0
3142.0,735.0,751.0,753.0,299.0,290.0,314.0
2988.0,704.0,692.0,687.0,298.0,288.0,319.0
2875.0,659.0,667.0,666.0,290.0,290.0,303.0
3076.0,730.0,715.0,706.0,305.0,304.0,316.0
2816.0,647.0,648.0,634.0,305.0,279.0,303.0
2868.0,647.0,690.0,659.0,280.0,293.0,299.0
2849.0,656.0,682.0,646.0,292.0,285.0,288.0
2794.0,664.0,658.0,627.0,285.0,280.0,280.0
2758.0,659.0,678.0,597.0,274.0,289.0,261.0
2760.0,659.0,634.0,652.0,263.0,261.0,291.0
2847.0,657.0,691.0,658.0,288.0,290.0,263.0
2806.0,660.0,666.0,662.0,285.0,271.0,262.0
2704.0,615.0,632.0,623.0,261.0,302.0,271.0
2713.0,616.0,642.0,639.0,270.0,285.0,261.0
2674.0,618.0,641.0,597.0,274.0,280.0,264.0
2715.0,589.0,657.0,637.0,292.0,290.0,250.0
2739.0,624.0,666.0,610.0,278.0,285.0,276.0
2991.0,716.0,715.0,675.0,298.0,294.0,293.0
2896.0,654.0,671.0,688.0,288.0,303.0,292.0
2777.0,611.0,662.0,660.0,287.0,286.0,271.0
2902.0,663.0,662.0,694.0,310.0,304.0,269.0
2901.0,656.0,670.0,703.0,303.0,291.0,278.0
2908.0,686.0,652.0,683.0,303.0,306.0,278.0
3178.0,743.0,731.0,784.0,304.0,312.0,304.0
2976.0,723.0,704.0,679.0,306.0,276.0,288.0
2905.0,680.0,661.0,705.0,280.0,292.0,287.0
3129.0,738.0,735.0,713.0,329.0,296.0,318.0
2929.0,707.0,689.0,668.0,297.0,283.0,285.0
2967.0,713.0,688.0,692.0,293.0,287.0,294.0
3049.0,674.0,738.0,714.0,309.0,309.0,305.0
2775.0,629.0,691.0,633.0,268.0,268.0,286.0
2958.0,683.0,724.0,675.0,282.0,297.0,297.0
2814.0,599.0,692.0,674.0,271.0,283.0,295.0
3041.0,703.0,732.0,705.0,288.0,298.0,315.0
2811.0,669.0,651.0,625.0,283.0,291.0,292.0
2857.0,678.0,666.0,661.0,282.0,275.0,295.0
2775.0,645.0,660.0,657.0,266.0,256.0,291.0
2936.0,691.0,691.0,672.0,292.0,290.0,300.0
2894.0,660.0,686.0,689.0,290.0,283.0,286.0
2785.0,672.0,641.0,642.0,268.0,280.0,282.0
2730.0,623.0,602.0,673.0,275.0,261.0,296.0
2746.0,615.0,597.0,704.0,268.0,276.0,286.0
2720.0,610.0,625.0,674.0,278.0,258.0,275.0
2676.0,631.0,612.0,635.0,275.0,259.0,264.0
2726.0,578.0,618.0,650.0,298.0,293.0,289.0
2840.0,645.0,651.0,672.0,301.0,285.0,286.0
2845.0,677.0,662.0,671.0,282.0,292.0,261.0
3022.0,694.0,711.0,705.0,306.0,313.0,293.0
3045.0,696.0,707.0,719.0,307.0,306.0,310.0
3138.0,743.0,731.0,708.0,317.0,319.0,320.0
3208.0,762.0,769.0,712.0,335.0,322.0,308.0
3166.0,741.0,768.0,682.0,340.0,328.0,307.0
3100.0,704.0,767.0,714.0,313.0,305.0,297.0
3144.0,711.0,756.0,734.0,321.0,311.0,311.0
2999.0,688.0,717.0,700.0,295.0,298.0,301.0
3125.0,682.0,767.0,748.0,317.0,324.0,287.0
3013.0,650.0,704.0,738.0,314.0,314.0,293.0
3033.0,676.0,732.0,719.0,311.0,304.0,291.0
2855.0,677.0,657.0,645.0,298.0,279.0,299.0
2865.0,660.0,675.0,667.0,287.0,289.0,287.0
2889.0,693.0,631.0,714.0,281.0,287.0,283.0
2819.0,679.0,657.0,661.0,265.0,277.0,280.0
2950.0,724.0,655.0,720.0,284.0,270.0,297.0
2849.0,726.0,643.0,685.0,265.0,259.0,271.0
2900.0,694.0,659.0,694.0,295.0,281.0,277.0
2912.0,659.0,681.0,701.0,286.0,283.0,302.0
2856.0,620.0,639.0,715.0,297.0,283.0,302.0
2878.0,632.0,711.0,710.0,273.0,275.0,277.0
2839.0,639.0,671.0,692.0,283.0,267.0,287.0
2875.0,637.0,676.0,709.0,283.0,274.0,296.0
2914.0,650.0,707.0,696.0,299.0,278.0,284.0
2935.0,653.0,730.0,671.0,301.0,273.0,307.0
2994.0,702.0,698.0,689.0,308.0,301.0,296.0
3051.0,709.0,700.0,704.0,324.0,289.0,325.0
3066.0,744.0,681.0,693.0,325.0,305.0,318.0
3062.0,697.0,707.0,709.0,319.0,312.0,318.0
2988.0,727.0,674.0,654.0,313.0,309.0,311.0
3185.0,757.0,766.0,690.0,328.0,317.0,327.0
3105.0,719.0,719.0,722.0,327.0,303.0,315.0
3051.0,743.0,699.0,683.0,311.0,313.0,302.0
3102.0,711.0,704.0,721.0,325.0,314.0,327.0
3247.0,758.0,727.0,752.0,344.0,329.0,337.0
3162.0,700.0,745.0,753.0,312.0,333.0,319.0
3070.0,692.0,699.0,736.0,315.0,324.0,304.0
3023.0,697.0,713.0,699.0,301.0,322.0,291.0
2841.0,657.0,651.0,672.0,279.0,299.0,283.0
2960.0,695.0,709.0,666.0,298.0,307.0,285.0
2931.0,702.0,678.0,681.0,279.0,296.0,295.0
2920.0,657.0,704.0,693.0,287.0,293.0,286.0
2896.0,682.0,652.0,709.0,285.0,287.0,281.0
2854.0,664.0,676.0,674.0,277.0,274.0,289.0
2776.0,663.0,650.0,674.0,263.0,260.0,266.0
2865.0,670.0,638.0,736.0,272.0,286.0,263.0
2865.0,654.0,638.0,723.0,280.0,297.0,273.0
2841.0,644.0,650.0,684.0,293.0,290.0,280.0
2761.0,648.0,625.0,644.0,287.0,286.0,271.0
2933.0,682.0,673.0,704.0,290.0,305.0,279.0
2771.0,657.0,602.0,644.0,295.0,287.0,286.0
3014.0,697.0,707.0,730.0,302.0,290.0,288.0
2916.0,688.0,662.0,671.0,298.0,304.0,293.0
3116.0,767.0,697.0,715.0,325.0,302.0,310.0
3161.0,769.0,727.0,719.0,320.0,310.0,316.0
3081.0,749.0,719.0,699.0,311.0,303.0,300.0
3322.0,806.0,766.0,780.0,331.0,318.0,321.0
3197.0,737.0,786.0,725.0,328.0,305.0,316.0
3278.0,767.0,802.0,758.0,320.0,311.0,320.0
3312.0,731.0,799.0,796.0,343.0,314.0,329.0
3240.0,723.0,761.0,787.0,336.0,305.0,328.0
3167.0,718.0,766.0,742.0,317.0,316.0,308.0
3180.0,758.0,721.0,737.0,316.0,317.0,331.0
3153.0,704.0,716.0,735.0,330.0,332.0,336.0
3065.0,720.0,644.0,751.0,313.0,324.0,313.0
3193.0,761.0,706.0,750.0,320.0,326.0,330.0
3026.0,691.0,673.0,724.0,315.0,312.0,311.0
3083.0,724.0,697.0,735.0,312.0,302.0,313.0
2904.0,683.0,638.0,680.0,289.0,305.0,309.0
2879.0,679.0,654.0,669.0,281.0,300.0,296.0
3065.0,712.0,744.0,688.0,300.0,317.0,304.0
2944.0,691.0,689.0,660.0,288.0,304.0,312.0
2888.0,660.0,682.0,673.0,281.0,297.0,295.0
2949.0,688.0,677.0,690.0,298.0,291.0,305.0
2903.0,671.0,676.0,655.0,295.0,316.0,290.0
2944.0,659.0,750.0,669.0,291.0,294.0,281.0
2963.0,713.0,710.0,665.0,294.0,286.0,295.0
3021.0,721.0,728.0,652.0,297.0,317.0,306.0
3112.0,707.0,739.0,752.0,301.0,303.0,310.0
3355.0,788.0,778.0,776.0,343.0,342.0,328.0
3292.0,799.0,750.0,781.0,296.0,341.0,325.0
3225.0,768.0,771.0,729.0,318.0,320.0,319.0
3086.0,709.0,717.0,741.0,315.0,310.0,294.0
3222.0,779.0,725.0,764.0,326.0,329.0,299.0
3155.0,735.0,713.0,775.0,311.0,298.0,323.0
3298.0,802.0,753.0,788.0,338.0,304.0,313.0
3219.0,749.0,770.0,739.0,330.0,308.0,323.0
3342.0,758.0,767.0,797.0,347.0,346.0,327.0
3241.0,792.0,754.0,761.0,333.0,314.0,287.0
3134.0,732.0,719.0,749.0,319.0,301.0,314.0
3032.0,698.0,700.0,704.0,316.0,311.0,303.0
3111.0,715.0,737.0,743.0,313.0,311.0,292.0
3182.0,763.0,746.0,739.0,322.0,300.0,312.0
2946.0,683.0,713.0,695.0,300.0,276.0,279.0
2982.0,692.0,709.0,677.0,306.0,297.0,301.0
3026.0,717.0,748.0,687.0,290.0,285.0,299.0
2860.0,610.0,701.0,702.0,275.0,282.0,290.0
2987.0,664.0,697.0,717.0,294.0,315.0,300.0
2908.0,684.0,677.0,660.0,283.0,300.0,304.0
2879.0,655.0,680.0,641.0,292.0,329.0,282.0
2942.0,653.0,720.0,667.0,297.0,295.0,310.0
3084.0,748.0,721.0,707.0,301.0,303.0,304.0
3040.0,682.0,715.0,718.0,293.0,313.0,319.0
3153.0,722.0,753.0,733.0,298.0,322.0,325.0
3222.0,752.0,738.0,773.0,289.0,333.0,337.0
3243.0,777.0,740.0,756.0,316.0,320.0,334.0
3296.0,768.0,757.0,773.0,350.0,325.0,323.0
3243.0,768.0,757.0,747.0,313.0,331.0,327.0
3417.0,806.0,755.0,818.0,338.0,345.0,355.0
3266.0,763.0,746.0,783.0,316.0,320.0,338.0
3365.0,763.0,798.0,816.0,324.0,329.0,335.0
3186.0,679.0,786.0,763.0,328.0,319.0,311.0
3318.0,756.0,783.0,762.0,353.0,338.0,326.0
3206.0,690.0,755.0,783.0,324.0,327.0,327.0
3026.0,666.0,721.0,693.0,323.0,315.0,308.0
3137.0,739.0,735.0,732.0,333.0,285.0,313.0
3315.0,740.0,782.0,798.0,344.0,313.0,338.0
3137.0,748.0,747.0,706.0,317.0,301.0,318.0
3079.0,724.0,706.0,705.0,328.0,306.0,310.0
2913.0,679.0,644.0,723.0,304.0,275.0,288.0
3082.0,757.0,727.0,702.0,302.0,301.0,293.0
2914.0,687.0,671.0,689.0,305.0,279.0,283.0
2956.0,715.0,682.0,694.0,301.0,290.0,274.0
2845.0,692.0,633.0,656.0,293.0,292.0,279.0
2751.0,665.0,629.0,633.0,280.0,264.0,280.0
2995.0,680.0,730.0,694.0,309.0,300.0,282.0
3103.0,723.0,751.0,738.0,299.0,288.0,304.0
3063.0,745.0,727.0,681.0,304.0,307.0,299.0
3154.0,749.0,748.0,730.0,303.0,305.0,319.0
3214.0,760.0,768.0,734.0,309.0,334.0,309.0
3352.0,779.0,826.0,789.0,307.0,345.0,306.0
3426.0,867.0,751.0,788.0,335.0,341.0,344.0
3412.0,853.0,798.0,783.0,311.0,335.0,332.0
3345.0,796.0,734.0,806.0,321.0,344.0,344.0
3429.0,821.0,810.0,803.0,324.0,338.0,333.0
3564.0,824.0,841.0,849.0,346.0,369.0,335.0
3253.0,753.0,747.0,773.0,315.0,330.0,335.0
3389.0,779.0,780.0,803.0,349.0,347.0,331.0
3327.0,768.0,770.0,773.0,331.0,338.0,347.0
3374.0,779.0,785.0,797.0,328.0,342.0,343.0
3185.0,742.0,686.0,749.0,336.0,326.0,346.0
3184.0,743.0,718.0,760.0,326.0,312.0,325.0
3240.0,779.0,739.0,732.0,332.0,336.0,322.0
3295.0,786.0,751.0,754.0,341.0,331.0,332.0
3102.0,751.0,704.0,702.0,323.0,310.0,312.0
3181.0,777.0,719.0,740.0,309.0,311.0,325.0
3161.0,795.0,744.0,660.0,311.0,325.0,326.0
3259.0,789.0,770.0,739.0,330.0,314.0,317.0
3015.0,699.0,731.0,684.0,314.0,291.0,296.0
3058.0,703.0,728.0,690.0,321.0,307.0,309.0
3002.0,678.0,720.0,693.0,310.0,298.0,303.0
3081.0,711.0,744.0,709.0,307.0,306.0,304.0
3011.0,666.0,743.0,702.0,298.0,289.0,313.0
3086.0,698.0,729.0,725.0,307.0,314.0,313.0
3254.0,764.0,752.0,760.0,324.0,327.0,327.0
3329.0,782.0,788.0,782.0,321.0,326.0,330.0
3309.0,793.0,741.0,791.0,332.0,321.0,331.0
3127.0,745.0,716.0,770.0,309.0,296.0,291.0
3288.0,814.0,744.0,764.0,328.0,320.0,318.0
3405.0,828.0,794.0,783.0,331.0,322.0,347.0
3390.0,828.0,727.0,827.0,324.0,343.0,341.0
3419.0,821.0,796.0,808.0,336.0,323.0,335.0
3509.0,814.0,803.0,840.0,354.0,361.0,337.0
3305.0,753.0,781.0,779.0,328.0,341.0,323.0
3341.0,761.0,814.0,759.0,332.0,343.0,332.0
3406.0,786.0,819.0,793.0,347.0,348.0,313.0
3375.0,774.0,847.0,751.0,340.0,340.0,323.0
3253.0,725.0,795.0,736.0,315.0,349.0,333.0
3156.0,775.0,729.0,689.0,330.0,335.0,298.0
3175.0,757.0,755.0,686.0,347.0,319.0,311.0
3256.0,781.0,763.0,748.0,327.0,326.0,311.0
3201.0,754.0,752.0,709.0,333.0,342.0,311.0
3188.0,770.0,758.0,701.0,327.0,316.0,316.0
3080.0,737.0,688.0,716.0,307.0,328.0,304.0
3028.0,712.0,696.0,700.0,311.0,304.0,305.0
2974.0,703.0,697.0,647.0,306.0,315.0,306.0
3187.0,716.0,720.0,808.0,314.0,313.0,316.0
3122.0,699.0,707.0,744.0,342.0,322.0,308.0
3246.0,726.0,728.0,802.0,334.0,329.0,327.0
3071.0,690.0,704.0,718.0,318.0,316.0,325.0
3471.0,800.0,826.0,805.0,350.0,339.0,351.0
3352.0,805.0,765.0,785.0,320.0,336.0,341.0
3443.0,789.0,821.0,821.0,324.0,354.0,334.0
3283.0,752.0,775.0,795.0,333.0,313.0,315.0
3527.0,823.0,832.0,817.0,337.0,335.0,383.0
3613.0,854.0,875.0,821.0,344.0,359.0,360.0
3468.0,829.0,817.0,799.0,332.0,339.0,352.0
3330.0,762.0,806.0,800.0,316.0,320.0,326.0
3552.0,833.0,828.0,832.0,349.0,349.0,361.0
3349.0,747.0,803.0,801.0,328.0,331.0,339.0
3381.0,771.0,794.0,786.0,331.0,344.0,355.0
3280.0,758.0,737.0,772.0,334.0,336.0,343.0
3271.0,756.0,744.0,782.0,335.0,314.0,340.0
3161.0,731.0,752.0,713.0,315.0,325.0,325.0
3210.0,714.0,758.0,768.0,334.0,316.0,320.0
3242.0,781.0,742.0,742.0,340.0,330.0,307.0
3295.0,789.0,740.0,789.0,314.0,329.0,334.0
3236.0,750.0,758.0,755.0,331.0,329.0,313.0
3142.0,771.0,750.0,726.0,300.0,308.0,287.0
3165.0,744.0,735.0,710.0,331.0,325.0,320.0
3265.0,759.0,761.0,775.0,337.0,319.0,314.0
3232.0,773.0,742.0,742.0,324.0,333.0,318.0
3068.0,688.0,725.0,729.0,299.0,320.0,307.0
3195.0,737.0,749.0,741.0,322.0,327.0,319.0
3170.0,738.0,747.0,720.0,316.0,326.0,323.0
3302.0,754.0,778.0,783.0,347.0,344.0,296.0
3500.0,811.0,838.0,816.0,354.0,333.0,348.0
3458.0,809.0,830.0,803.0,340.0,350.0,326.0
3352.0,769.0,782.0,812.0,336.0,334.0,319.0
3399.0,844.0,755.0,782.0,324.0,349.0,345.0
3392.0,780.0,780.0,827.0,337.0,334.0,334.0
3525.0,818.0,824.0,831.0,341.0,364.0,347.0
3444.0,808.0,769.0,795.0,349.0,361.0,362.0
3331.0,806.0,764.0,734.0,335.0,354.0,338.0
3365.0,826.0,730.0,785.0,340.0,333.0,351.0
3402.0,818.0,756.0,805.0,324.0,347.0,352.0
3570.0,816.0,862.0,832.0,340.0,348.0,372.0
3542.0,788.0,866.0,849.0,337.0,336.0,366.0
3414.0,764.0,820.0,787.0,343.0,351.0,349.0
3466.0,778.0,825.0,812.0,357.0,339.0,355.0
3242.0,782.0,768.0,743.0,318.0,296.0,335.0
3253.0,753.0,803.0,719.0,324.0,321.0,333.0
3333.0,804.0,784.0,757.0,315.0,328.0,345.0
3322.0,778.0,819.0,773.0,323.0,307.0,322.0
3346.0,791.0,802.0,770.0,326.0,320.0,337.0
3293.0,802.0,784.0,739.0,324.0,319.0,325.0
3254.0,754.0,764.0,783.0,308.0,316.0,329.0
3267.0,781.0,728.0,781.0,337.0,312.0,328.0
3257.0,710.0,769.0,773.0,341.0,323.0,341.0
3318.0,738.0,750.0,813.0,353.0,324.0,340.0
3117.0,692.0,699.0,763.0,319.0,323.0,321.0
3351.0,752.0,792.0,789.0,326.0,338.0,354.0
3348.0,776.0,772.0,811.0,336.0,329.0,324.0
3437.0,807.0,775.0,815.0,352.0,345.0,343.0
3597.0,848.0,833.0,826.0,358.0,359.0,373.0
3592.0,837.0,868.0,812.0,357.0,357.0,361.0
3586.0,829.0,787.0,863.0,372.0,374.0,361.0
3431.0,786.0,806.0,804.0,346.0,352.0,337.0
3435.0,825.0,831.0,740.0,352.0,347.0,340.0
3709.0,897.0,876.0,840.0,370.0,375.0,351.0
3347.0,777.0,794.0,757.0,328.0,350.0,341.0
3307.0,744.0,840.0,725.0,331.0,350.0,317.0
3496.0,778.0,899.0,773.0,345.0,362.0,339.0
3520.0,790.0,859.0,804.0,342.0,369.0,356.0
3486.0,833.0,847.0,778.0,346.0,345.0,337.0
3293.0,768.0,762.0,756.0,335.0,349.0,323.0
3410.0,785.0,790.0,823.0,338.0,345.0,329.0
3421.0,804.0,797.0,810.0,339.0,333.0,338.0
3280.0,777.0,767.0,774.0,307.0,323.0,332.0
3169.0,764.0,708.0,767.0,311.0,300.0,319.0
3136.0,735.0,739.0,734.0,309.0,301.0,318.0
3475.0,803.0,800.0,831.0,343.0,356.0,342.0
3374.0,775.0,784.0,820.0,334.0,329.0,332.0
3259.0,753.0,780.0,780.0,333.0,315.0,298.0
3451.0,805.0,822.0,805.0,336.0,331.0,352.0
3166.0,731.0,732.0,737.0,320.0,316.0,330.0
3304.0,754.0,777.0,781.0,343.0,319.0,330.0
3354.0,734.0,798.0,783.0,367.0,326.0,346.0
3421.0,759.0,807.0,824.0,345.0,333.0,353.0
3476.0,807.0,819.0,822.0,346.0,320.0,362.0
3442.0,783.0,810.0,803.0,370.0,340.0,336.0
3627.0,850.0,843.0,823.0,375.0,359.0,377.0
3359.0,785.0,781.0,785.0,327.0,338.0,343.0
3513.0,823.0,823.0,802.0,358.0,350.0,357.0
3651.0,889.0,828.0,798.0,384.0,371.0,381.0
3534.0,832.0,830.0,819.0,345.0,343.0,365.0
3656.0,892.0,795.0,830.0,371.0,375.0,393.0
3478.0,791.0,812.0,829.0,342.0,349.0,355.0
3545.0,833.0,809.0,837.0,350.0,359.0,357.0
3590.0,835.0,832.0,866.0,341.0,367.0,349.0
3379.0,719.0,831.0,800.0,323.0,363.0,343.0
3545.0,815.0,843.0,818.0,351.0,365.0,353.0
3441.0,821.0,795.0,807.0,329.0,341.0,348.0
3423.0,807.0,780.0,829.0,318.0,344.0,345.0
3264.0,766.0,788.0,737.0,313.0,336.0,324.0
3297.0,784.0,782.0,777.0,305.0,323.0,326.0
3379.0,774.0,795.0,819.0,322.0,334.0,335.0
3586.0,834.0,861.0,844.0,335.0,367.0,345.0
3285.0,734.0,792.0,790.0,332.0,331.0,306.0
3317.0,745.0,794.0,787.0,340.0,334.0,317.0
3316.0,783.0,778.0,788.0,309.0,327.0,331.0
3392.0,781.0,781.0,792.0,339.0,371.0,328.0
3189.0,737.0,713.0,773.0,325.0,320.0,321.0
3245.0,750.0,765.0,744.0,346.0,315.0,325.0
3427.0,844.0,788.0,780.0,343.0,340.0,332.0
3437.0,842.0,802.0,768.0,350.0,346.0,329.0
3511.0,840.0,802.0,803.0,361.0,347.0,358.0
3615.0,902.0,818.0,823.0,362.0,355.0,355.0
3637.0,873.0,839.0,825.0,368.0,363.0,369.0
3489.0,863.0,788.0,789.0,353.0,356.0,340.0
3632.0,853.0,849.0,839.0,375.0,363.0,353.0
3579.0,821.0,850.0,843.0,367.0,344.0,354.0
3608.0,855.0,857.0,822.0,361.0,347.0,366.0
3580.0,802.0,828.0,856.0,367.0,367.0,360.0
3629.0,816.0,868.0,869.0,361.0,348.0,367.0
3574.0,824.0,831.0,867.0,348.0,329.0,375.0
3613.0,810.0,845.0,875.0,351.0,363.0,369.0
3488.0,782.0,807.0,833.0,357.0,347.0,362.0
3485.0,815.0,807.0,836.0,339.0,343.0,345.0
3527.0,798.0,813.0,860.0,357.0,347.0,352.0
3479.0,810.0,845.0,804.0,349.0,340.0,331.0
3421.0,815.0,789.0,804.0,323.0,338.0,352.0
3444.0,790.0,786.0,828.0,336.0,348.0,356.0
3255.0,765.0,752.0,751.0,315.0,344.0,328.0
3239.0,785.0,728.0,732.0,315.0,343.0,336.0
3170.0,736.0,733.0,760.0,301.0,321.0,319.0
3281.0,742.0,775.0,744.0,340.0,332.0,348.0
3402.0,787.0,802.0,775.0,333.0,349.0,356.0
3481.0,826.0,823.0,788.0,333.0,367.0,344.0
3351.0,755.0,770.0,778.0,346.0,360.0,342.0
3538.0,823.0,858.0,776.0,373.0,339.0,369.0
3514.0,859.0,829.0,771.0,353.0,352.0,350.0
3729.0,881.0,879.0,854.0,385.0,371.0,359.0
3777.0,905.0,911.0,849.0,365.0,393.0,354.0
3729.0,890.0,885.0,838.0,390.0,362.0,364.0
3689.0,864.0,847.0,853.0,406.0,370.0,349.0
3951.0,942.0,920.0,899.0,398.0,401.0,391.0
3775.0,882.0,908.0,888.0,365.0,357.0,375.0
3658.0,852.0,823.0,875.0,381.0,364.0,363.0
3677.0,845.0,864.0,884.0,374.0,365.0,345.0
3605.0,807.0,839.0,871.0,380.0,359.0,349.0
3609.0,822.0,846.0,876.0,372.0,356.0,337.0
3664.0,833.0,845.0,890.0,372.0,358.0,366.0
3627.0,838.0,803.0,888.0,366.0,373.0,359.0
3561.0,857.0,781.0,849.0,352.0,370.0,352.0
3537.0,836.0,830.0,838.0,350.0,344.0,339.0
3682.0,880.0,843.0,888.0,358.0,359.0,354.0
3590.0,896.0,813.0,827.0,360.0,344.0,350.0
3307.0,823.0,785.0,749.0,308.0,312.0,330.0
3592.0,829.0,849.0,847.0,349.0,358.0,360.0
3304.0,765.0,781.0,766.0,315.0,331.0,346.0
3429.0,835.0,805.0,761.0,328.0,345.0,355.0
3494.0,785.0,850.0,795.0,354.0,349.0,361.0
3421.0,791.0,800.0,777.0,353.0,347.0,353.0
3511.0,844.0,860.0,743.0,349.0,363.0,352.0
3536.0,837.0,805.0,839.0,334.0,355.0,366.0
3601.0,822.0,833.0,858.0,358.0,362.0,368.0
3726.0,861.0,875.0,873.0,364.0,379.0,374.0
3622.0,829.0,814.0,863.0,363.0,382.0,371.0
3726.0,870.0,850.0,870.0,370.0,383.0,383.0
3858.0,900.0,873.0,907.0,391.0,400.0,387.0
3651.0,865.0,844.0,852.0,358.0,380.0,352.0
3678.0,862.0,820.0,879.0,365.0,378.0,374.0
3811.0,883.0,896.0,889.0,382.0,391.0,370.0
3777.0,926.0,837.0,869.0,377.0,372.0,396.0
3778.0,868.0,882.0,891.0,382.0,386.0,369.0
3752.0,873.0,875.0,839.0,372.0,407.0,386.0
3661.0,819.0,854.0,898.0,369.0,358.0,363.0
3708.0,831.0,891.0,892.0,370.0,364.0,360.0
3638.0,853.0,851.0,850.0,368.0,375.0,341.0
3612.0,817.0,882.0,816.0,375.0,356.0,366.0
3539.0,824.0,837.0,821.0,369.0,340.0,348.0
3687.0,854.0,885.0,842.0,377.0,365.0,364.0
3527.0,841.0,832.0,791.0,364.0,350.0,349.0
3284.0,819.0,745.0,731.0,343.0,324.0,322.0
3606.0,862.0,851.0,835.0,348.0,346.0,364.0
3436.0,850.0,767.0,794.0,342.0,339.0,344.0
3520.0,840.0,815.0,814.0,346.0,352.0,353.0
3511.0,851.0,814.0,805.0,350.0,355.0,336.0
3323.0,812.0,740.0,779.0,334.0,332.0,326.0
3480.0,806.0,799.0,825.0,359.0,346.0,345.0
3412.0,800.0,786.0,818.0,330.0,348.0,330.0
3576.0,812.0,841.0,821.0,369.0,365.0,368.0
3771.0,880.0,883.0,887.0,358.0,388.0,375.0
3717.0,884.0,889.0,889.0,355.0,356.0,344.0
3775.0,869.0,907.0,879.0,375.0,368.0,377.0
3825.0,901.0,913.0,892.0,375.0,379.0,365.0
3792.0,915.0,865.0,891.0,373.0,369.0,379.0
3992.0,901.0,944.0,951.0,406.0,405.0,385.0
3882.0,926.0,883.0,917.0,391.0,385.0,380.0
3787.0,865.0,862.0,931.0,367.0,383.0,379.0
3864.0,874.0,886.0,894.0,404.0,403.0,403.0
3624.0,826.0,816.0,873.0,386.0,363.0,360.0
3826.0,877.0,883.0,905.0,394.0,378.0,389.0
3722.0,819.0,888.0,889.0,363.0,393.0,370.0
3688.0,881.0,818.0,873.0,383.0,365.0,368.0
3627.0,840.0,851.0,816.0,377.0,376.0,367.0
3652.0,841.0,809.0,885.0,384.0,362.0,371.0
3559.0,875.0,823.0,780.0,361.0,372.0,348.0
3493.0,852.0,836.0,758.0,354.0,342.0,351.0
3571.0,875.0,835.0,806.0,354.0,335.0,366.0
3543.0,866.0,806.0,798.0,343.0,366.0,364.0
3565.0,839.0,837.0,845.0,344.0,347.0,353.0
3528.0,797.0,838.0,788.0,357.0,374.0,374.0
3667.0,832.0,871.0,865.0,362.0,369.0,368.0
3656.0,829.0,909.0,846.0,359.0,356.0,357.0
3476.0,794.0,826.0,827.0,346.0,330.0,353.0
3526.0,787.0,852.0,825.0,347.0,361.0,354.0
3802.0,890.0,905.0,873.0,391.0,358.0,385.0
3629.0,887.0,835.0,830.0,354.0,355.0,368.0
3776.0,940.0,871.0,878.0,367.0,361.0,359.0
3621.0,852.0,802.0,883.0,358.0,368.0,358.0
3756.0,914.0,838.0,920.0,372.0,354.0,358.0
3648.0,840.0,833.0,882.0,373.0,355.0,365.0
3801.0,950.0,861.0,883.0,368.0,375.0,364.0
3905.0,888.0,914.0,927.0,410.0,374.0,392.0
3768.0,883.0,864.0,916.0,361.0,368.0,376.0
3810.0,894.0,902.0,893.0,386.0,382.0,353.0
3764.0,891.0,887.0,896.0,378.0,372.0,340.0
3760.0,866.0,873.0,872.0,390.0,384.0,375.0
3794.0,846.0,906.0,912.0,400.0,376.0,354.0
3882.0,884.0,960.0,888.0,412.0,375.0,363.0
3653.0,849.0,878.0,821.0,387.0,363.0,355.0
3666.0,861.0,882.0,851.0,361.0,366.0,345.0
3718.0,882.0,895.0,836.0,368.0,373.0,364.0
3638.0,864.0,834.0,833.0,390.0,351.0,366.0
3731.0,918.0,882.0,814.0,370.0,375.0,372.0
3582.0,851.0,839.0,791.0,372.0,362.0,367.0
3611.0,841.0,837.0,833.0,368.0,365.0,367.0
3705.0,884.0,878.0,837.0,376.0,369.0,361.0
3471.0,804.0,793.0,813.0,345.0,368.0,348.0
3622.0,839.0,829.0,872.0,346.0,363.0,373.0
3652.0,842.0,832.0,876.0,346.0,379.0,377.0
3689.0,811.0,829.0,898.0,365.0,396.0,390.0
3771.0,875.0,883.0,882.0,380.0,383.0,368.0
3749.0,875.0,849.0,905.0,370.0,372.0,378.0
3842.0,892.0,850.0,926.0,377.0,402.0,395.0
3834.0,910.0,880.0,885.0,364.0,391.0,404.0
3857.0,896.0,891.0,909.0,393.0,387.0,381.0
3981.0,929.0,950.0,931.0,394.0,388.0,389.0
3981.0,953.0,937.0,937.0,378.0,384.0,392.0
3899.0,896.0,942.0,904.0,397.0,382.0,378.0
3961.0,893.0,936.0,971.0,380.0,380.0,401.0
3855.0,880.0,938.0,869.0,385.0,389.0,394.0
3820.0,913.0,884.0,868.0,393.0,369.0,393.0
3800.0,848.0,924.0,853.0,384.0,401.0,390.0
3701.0,876.0,869.0,841.0,375.0,359.0,381.0
3664.0,867.0,880.0,811.0,389.0,359.0,358.0
3753.0,923.0,864.0,842.0,376.0,369.0,379.0
3603.0,893.0,811.0,814.0,373.0,342.0,370.0
3858.0,912.0,908.0,904.0,383.0,367.0,384.0
3647.0,858.0,840.0,838.0,377.0,371.0,363.0
3627.0,889.0,863.0,844.0,363.0,345.0,323.0
3774.0,911.0,851.0,861.0,395.0,387.0,369.0
3545.0,817.0,828.0,832.0,364.0,353.0,351.0
3647.0,870.0,869.0,827.0,356.0,359.0,366.0
3653.0,826.0,878.0,850.0,356.0,371.0,372.0
3749.0,838.0,903.0,908.0,356.0,376.0,368.0
3693.0,801.0,877.0,918.0,368.0,369.0,360.0
3878.0,892.0,922.0,930.0,373.0,401.0,360.0
3804.0,873.0,884.0,945.0,364.0,381.0,357.0
3854.0,898.0,881.0,936.0,382.0,392.0,365.0
4029.0,958.0,971.0,921.0,388.0,401.0,390.0
3918.0,924.0,915.0,932.0,382.0,397.0,368.0
4047.0,952.0,922.0,966.0,391.0,421.0,395.0
3948.0,954.0,879.0,932.0,391.0,399.0,393.0
3871.0,901.0,928.0,886.0,371.0,397.0,388.0
3926.0,929.0,907.0,924.0,372.0,400.0,394.0
3879.0,886.0,869.0,939.0,387.0,401.0,397.0
3784.0,872.0,877.0,877.0,391.0,375.0,392.0
3874.0,892.0,911.0,908.0,380.0,385.0,398.0
3970.0,933.0,919.0,934.0,399.0,378.0,407.0
3883.0,924.0,911.0,897.0,375.0,390.0,386.0
3738.0,866.0,821.0,887.0,385.0,382.0,397.0
3960.0,926.0,950.0,916.0,385.0,385.0,398.0
3697.0,864.0,854.0,866.0,369.0,369.0,375.0
3808.0,909.0,903.0,883.0,368.0,367.0,378.0
3810.0,910.0,888.0,860.0,385.0,378.0,389.0
3731.0,881.0,886.0,881.0,379.0,347.0,357.0
3630.0,846.0,890.0,817.0,366.0,344.0,367.0
3768.0,879.0,907.0,866.0,376.0,356.0,384.0
3762.0,866.0,867.0,909.0,385.0,358.0,377.0
3700.0,833.0,880.0,860.0,394.0,352.0,381.0
3883.0,922.0,907.0,901.0,390.0,378.0,385.0
3773.0,867.0,870.0,910.0,360.0,387.0,379.0
3710.0,845.0,861.0,889.0,370.0,371.0,374.0
4048.0,927.0,936.0,981.0,378.0,414.0,412.0
3675.0,872.0,810.0,875.0,361.0,377.0,380.0
3827.0,870.0,902.0,889.0,371.0,398.0,397.0
3988.0,943.0,904.0,928.0,413.0,401.0,399.0
3951.0,965.0,916.0,939.0,370.0,367.0,394.0
4003.0,984.0,909.0,931.0,392.0,396.0,391.0
4071.0,961.0,929.0,963.0,410.0,394.0,414.0
3934.0,960.0,909.0,899.0,386.0,399.0,381.0
3905.0,922.0,925.0,886.0,390.0,405.0,377.0
3938.0,928.0,925.0,890.0,398.0,415.0,382.0
4030.0,936.0,968.0,926.0,403.0,415.0,382.0
3951.0,929.0,920.0,902.0,381.0,424.0,395.0
3947.0,923.0,915.0,922.0,385.0,411.0,391.0
3830.0,868.0,931.0,900.0,372.0,381.0,378.0
3908.0,882.0,908.0,950.0,390.0,408.0,370.0
3838.0,896.0,863.0,931.0,401.0,388.0,359.0
3864.0,925.0,875.0,915.0,378.0,385.0,386.0
3884.0,923.0,870.0,929.0,391.0,388.0,383.0
3826.0,931.0,870.0,873.0,387.0,393.0,372.0
3806.0,916.0,847.0,912.0,370.0,378.0,383.0
3548.0,808.0,777.0,857.0,388.0,350.0,368.0
3670.0,871.0,816.0,862.0,393.0,362.0,366.0
3725.0,848.0,840.0,878.0,382.0,390.0,387.0
3867.0,897.0,880.0,924.0,392.0,389.0,385.0
3964.0,895.0,917.0,956.0,394.0,394.0,408.0
3935.0,905.0,915.0,940.0,408.0,382.0,385.0
3919.0,906.0,936.0,897.0,418.0,346.0,416.0
3874.0,911.0,918.0,882.0,393.0,381.0,389.0
4002.0,913.0,922.0,937.0,414.0,392.0,424.0
4030.0,968.0,963.0,911.0,404.0,395.0,389.0
4296.0,1008.0,1027.0,976.0,434.0,422.0,429.0
3898.0,878.0,943.0,888.0,397.0,389.0,403.0
3939.0,958.0,931.0,878.0,384.0,389.0,399.0
4009.0,976.0,913.0,938.0,395.0,397.0,390.0
4024.0,930.0,939.0,918.0,415.0,405.0,417.0
4061.0,961.0,928.0,961.0,405.0,396.0,410.0
3854.0,883.0,881.0,920.0,378.0,376.0,416.0
3911.0,861.0,944.0,934.0,389.0,392.0,391.0
4016.0,914.0,927.0,966.0,396.0,411.0,402.0
4016.0,921.0,939.0,968.0,389.0,404.0,395.0
3996.0,926.0,929.0,954.0,387.0,405.0,395.0
3976.0,934.0,918.0,923.0,398.0,405.0,398.0
3911.0,925.0,892.0,920.0,389.0,408.0,377.0
3934.0,930.0,911.0,922.0,385.0,407.0,379.0
3888.0,923.0,909.0,916.0,389.0,376.0,375.0
3828.0,888.0,884.0,907.0,396.0,380.0,373.0
3973.0,918.0,918.0,931.0,399.0,406.0,401.0
3861.0,873.0,915.0,918.0,388.0,398.0,369.0
3796.0,873.0,886.0,880.0,390.0,395.0,372.0
3751.0,843.0,900.0,859.0,386.0,386.0,377.0
3799.0,866.0,878.0,900.0,397.0,391.0,367.0
3775.0,860.0,905.0,874.0,375.0,379.0,382.0
3924.0,909.0,904.0,924.0,408.0,386.0,393.0
3992.0,940.0,924.0,913.0,414.0,394.0,407.0
4014.0,939.0,920.0,939.0,420.0,399.0,397.0
4044.0,969.0,909.0,927.0,404.0,424.0,411.0
4037.0,984.0,892.0,931.0,426.0,399.0,405.0
4138.0,1008.0,941.0,942.0,415.0,410.0,422.0
4079.0,936.0,976.0,925.0,407.0,426.0,409.0
4032.0,941.0,942.0,948.0,405.0,408.0,388.0
4052.0,956.0,968.0,921.0,412.0,383.0,412.0
4198.0,959.0,1022.0,995.0,403.0,404.0,415.0
4058.0,948.0,971.0,933.0,408.0,384.0,414.0
4118.0,951.0,979.0,957.0,402.0,404.0,425.0
4079.0,910.0,996.0,967.0,401.0,394.0,411.0
4036.0,948.0,954.0,950.0,383.0,382.0,419.0
4033.0,909.0,937.0,973.0,393.0,413.0,408.0
4047.0,960.0,915.0,972.0,400.0,401.0,399.0
4164.0,974.0,950.0,1024.0,400.0,402.0,414.0
3905.0,892.0,912.0,957.0,380.0,377.0,387.0
3735.0,886.0,862.0,872.0,355.0,375.0,385.0
3896.0,946.0,884.0,906.0,365.0,379.0,416.0
3906.0,916.0,880.0,915.0,393.0,397.0,405.0
3758.0,853.0,853.0,886.0,385.0,391.0,390.0
3753.0,868.0,868.0,855.0,379.0,389.0,394.0
3795.0,870.0,847.0,870.0,408.0,398.0,402.0
3816.0,858.0,872.0,891.0,399.0,405.0,391.0
3974.0,913.0,957.0,897.0,401.0,388.0,418.0
3999.0,928.0,940.0,907.0,413.0,408.0,403.0
3926.0,903.0,946.0,906.0,394.0,400.0,377.0
3848.0,932.0,875.0,851.0,396.0,400.0,394.0
4087.0,964.0,968.0,941.0,407.0,400.0,407.0
4140.0,977.0,987.0,943.0,416.0,405.0,412.0
4299.0,1012.0,1009.0,999.0,426.0,428.0,425.0
4368.0,1041.0,1032.0,994.0,434.0,454.0,413.0
4259.0,1007.0,1016.0,979.0,421.0,412.0,424.0
4261.0,968.0,1020.0,993.0,431.0,423.0,426.0
4114.0,947.0,978.0,961.0,396.0,437.0,395.0
4102.0,944.0,928.0,988.0,422.0,415.0,405.0
4144.0,945.0,974.0,991.0,408.0,424.0,402.0
4025.0,922.0,917.0,974.0,415.0,403.0,394.0
4050.0,932.0,932.0,965.0,404.0,414.0,403.0
3982.0,929.0,937.0,946.0,384.0,395.0,391.0
4074.0,961.0,936.0,967.0,397.0,407.0,406.0
3916.0,910.0,870.0,984.0,373.0,397.0,382.0
3804.0,886.0,859.0,928.0,368.0,372.0,391.0
3912.0,935.0,904.0,910.0,397.0,380.0,386.0
3843.0,919.0,888.0,897.0,381.0,367.0,391.0
4035.0,977.0,967.0,917.0,399.0,401.0,374.0
3725.0,878.0,896.0,853.0,381.0,351.0,366.0
3880.0,899.0,951.0,859.0,403.0,375.0,393.0
4018.0,948.0,963.0,887.0,418.0,391.0,411.0
3895.0,901.0,921.0,883.0,401.0,392.0,397.0
3955.0,892.0,976.0,898.0,409.0,394.0,386.0
3895.0,897.0,923.0,860.0,395.0,400.0,420.0
4187.0,994.0,994.0,944.0,424.0,421.0,410.0
4113.0,933.0,987.0,943.0,429.0,399.0,422.0
4169.0,997.0,967.0,956.0,418.0,413.0,418.0
4421.0,1064.0,1011.0,1035.0,433.0,448.0,430.0
4264.0,1004.0,987.0,998.0,432.0,427.0,416.0
4276.0,986.0,993.0,989.0,441.0,435.0,432.0
4399.0,1020.0,982.0,1049.0,454.0,441.0,453.0
4131.0,964.0,914.0,992.0,411.0,437.0,413.0
4224.0,974.0,987.0,988.0,424.0,421.0,430.0
4391.0,1006.0,1026.0,1006.0,446.0,456.0,451.0
4078.0,951.0,915.0,970.0,409.0,410.0,423.0
4308.0,1000.0,1028.0,989.0,419.0,439.0,433.0
4125.0,938.0,956.0,995.0,399.0,431.0,406.0
4171.0,964.0,984.0,1005.0,389.0,421.0,408.0
4144.0,985.0,964.0,993.0,404.0,403.0,395.0
3963.0,954.0,940.0,912.0,388.0,390.0,379.0
4086.0,974.0,965.0,956.0,389.0,402.0,400.0
4026.0,978.0,936.0,916.0,406.0,389.0,401.0
3954.0,950.0,944.0,897.0,382.0,387.0,394.0
3880.0,900.0,926.0,918.0,383.0,386.0,367.0
3879.0,881.0,921.0,894.0,390.0,380.0,413.0
4015.0,909.0,964.0,941.0,398.0,408.0,395.0
4024.0,960.0,948.0,945.0,395.0,380.0,396.0
3880.0,885.0,914.0,909.0,386.0,388.0,398.0
4007.0,923.0,928.0,951.0,409.0,400.0,396.0
4195.0,976.0,958.0,1041.0,418.0,399.0,403.0
4029.0,959.0,930.0,940.0,405.0,405.0,390.0
4032.0,927.0,940.0,960.0,423.0,389.0,393.0
4157.0,985.0,928.0,997.0,422.0,413.0,412.0
4249.0,1024.0,990.0,986.0,431.0,408.0,410.0
4452.0,1063.0,1008.0,1054.0,454.0,430.0,443.0
4331.0,1011.0,1038.0,1022.0,427.0,427.0,406.0
4362.0,1000.0,1062.0,1014.0,447.0,409.0,430.0
4436.0,1049.0,1054.0,1035.0,439.0,438.0,421.0
4291.0,950.0,999.0,1042.0,438.0,447.0,415.0
4338.0,1006.0,1022.0,1008.0,449.0,405.0,448.0
4090.0,951.0,948.0,934.0,418.0,412.0,427.0
4177.0,975.0,965.0,942.0,429.0,440.0,426.0
4107.0,959.0,938.0,968.0,414.0,416.0,412.0
4187.0,986.0,966.0,956.0,430.0,429.0,420.0
4060.0,981.0,934.0,908.0,414.0,417.0,406.0
4227.0,993.0,978.0,950.0,443.0,437.0,426.0
4089.0,957.0,947.0,938.0,411.0,435.0,401.0
4021.0,968.0,900.0,920.0,405.0,425.0,403.0
4069.0,946.0,938.0,920.0,420.0,426.0,419.0
4067.0,956.0,960.0,932.0,397.0,408.0,414.0
4033.0,968.0,921.0,960.0,382.0,399.0,403.0
4083.0,924.0,966.0,961.0,402.0,406.0,424.0
3936.0,918.0,919.0,914.0,388.0,392.0,405.0
4126.0,946.0,958.0,982.0,402.0,434.0,404.0
4018.0,958.0,943.0,935.0,392.0,398.0,392.0
4044.0,909.0,993.0,931.0,413.0,399.0,399.0
4083.0,941.0,968.0,982.0,401.0,389.0,402.0
4247.0,977.0,999.0,1022.0,414.0,418.0,417.0
4328.0,1045.0,1014.0,1009.0,419.0,407.0,434.0
4192.0,973.0,943.0,1000.0,432.0,418.0,426.0
4326.0,1063.0,938.0,1025.0,455.0,418.0,427.0
4389.0,1069.0,975.0,1056.0,432.0,438.0,419.0
4237.0,1019.0,964.0,1020.0,406.0,417.0,411.0
4376.0,1025.0,981.0,1067.0,440.0,433.0,430.0
4269.0,972.0,978.0,999.0,450.0,446.0,424.0
4359.0,1009.0,965.0,1070.0,455.0,430.0,430.0
4257.0,956.0,998.0,1007.0,454.0,424.0,418.0
4294.0,983.0,1021.0,995.0,430.0,426.0,439.0
4256.0,992.0,1023.0,968.0,426.0,417.0,430.0
4175.0,971.0,994.0,968.0,414.0,420.0,408.0
4281.0,1030.0,991.0,995.0,433.0,427.0,405.0
4190.0,987.0,999.0,964.0,422.0,407.0,411.0
4134.0,965.0,957.0,954.0,433.0,409.0,416.0
4092.0,957.0,1001.0,902.0,416.0,413.0,403.0
4074.0,934.0,987.0,930.0,403.0,422.0,398.0
4047.0,942.0,942.0,923.0,402.0,426.0,412.0
4026.0,956.0,952.0,928.0,392.0,414.0,384.0
4022.0,934.0,949.0,914.0,395.0,423.0,407.0
4141.0,953.0,967.0,974.0,387.0,439.0,421.0
4166.0,932.0,1013.0,969.0,416.0,415.0,421.0
4185.0,999.0,951.0,976.0,401.0,427.0,431.0
4096.0,950.0,914.0,982.0,413.0,427.0,410.0
4316.0,1050.0,947.0,1026.0,431.0,427.0,435.0
4260.0,979.0,991.0,1026.0,408.0,429.0,427.0
4208.0,994.0,935.0,1005.0,402.0,453.0,419.0
4382.0,1091.0,1002.0,964.0,430.0,439.0,456.0
4349.0,1020.0,982.0,1031.0,435.0,427.0,454.0
4315.0,1023.0,1012.0,989.0,424.0,426.0,441.0
4303.0,1006.0,1015.0,999.0,434.0,413.0,436.0
4458.0,1010.0,1070.0,1041.0,444.0,445.0,448.0
4565.0,1082.0,1035.0,1065.0,469.0,467.0,447.0
4275.0,963.0,995.0,1031.0,434.0,426.0,426.0
4298.0,1001.0,1017.0,991.0,436.0,427.0,426.0
4224.0,996.0,996.0,975.0,427.0,412.0,418.0
4437.0,993.0,1065.0,1050.0,453.0,428.0,448.0
4141.0,941.0,987.0,947.0,419.0,420.0,427.0
4159.0,954.0,983.0,973.0,425.0,410.0,414.0
4240.0,992.0,976.0,1008.0,435.0,411.0,418.0
4214.0,1013.0,1000.0,966.0,415.0,411.0,409.0
4097.0,1000.0,903.0,963.0,415.0,403.0,413.0
3959.0,945.0,907.0,914.0,396.0,404.0,393.0
3916.0,936.0,881.0,923.0,392.0,390.0,394.0
4073.0,977.0,905.0,1001.0,393.0,406.0,391.0
4086.0,942.0,967.0,985.0,393.0,410.0,389.0
4051.0,931.0,964.0,941.0,404.0,414.0,397.0
4324.0,971.0,1029.0,1034.0,435.0,443.0,412.0
4177.0,978.0,968.0,987.0,419.0,419.0,406.0
4109.0,950.0,981.0,942.0,406.0,419.0,411.0
4322.0,989.0,1035.0,1030.0,421.0,428.0,419.0
4243.0,994.0,1018.0,995.0,406.0,424.0,406.0
4411.0,1043.0,1034.0,1039.0,429.0,426.0,440.0
4427.0,1068.0,1048.0,1018.0,413.0,459.0,421.0
4546.0,1062.0,1084.0,1064.0,441.0,448.0,447.0
4249.0,955.0,1023.0,1013.0,419.0,430.0,409.0
4465.0,1062.0,1068.0,1019.0,436.0,453.0,427.0
4475.0,1022.0,1034.0,1060.0,447.0,463.0,449.0
4407.0,1043.0,1040.0,956.0,461.0,450.0,457.0
4355.0,1005.0,990.0,1018.0,442.0,447.0,453.0
4409.0,1058.0,973.0,1033.0,447.0,454.0,444.0
4380.0,1001.0,1018.0,1013.0,444.0,451.0,453.0
4325.0,1007.0,958.0,1019.0,450.0,441.0,450.0
4248.0,975.0,994.0,961.0,444.0,439.0,435.0
4148.0,935.0,963.0,961.0,429.0,426.0,434.0
4252.0,1003.0,980.0,995.0,438.0,409.0,427.0
4324.0,1018.0,1025.0,992.0,438.0,412.0,439.0
4146.0,1005.0,1009.0,907.0,413.0,394.0,418.0
4142.0,965.0,978.0,958.0,410.0,402.0,429.0
4185.0,946.0,1002.0,1008.0,410.0,394.0,425.0
4020.0,910.0,967.0,935.0,400.0,397.0,411.0
4199.0,953.0,986.0,1034.0,421.0,406.0,399.0
4291.0,996.0,995.0,1001.0,428.0,422.0,449.0
4269.0,948.0,1019.0,1021.0,419.0,427.0,435.0
4250.0,969.0,1010.0,1026.0,423.0,411.0,411.0
4380.0,1008.0,1012.0,1040.0,435.0,435.0,450.0
4235.0,964.0,1020.0,1000.0,423.0,421.0,407.0
4433.0,1054.0,1013.0,1042.0,445.0,441.0,438.0
4358.0,1065.0,977.0,986.0,449.0,446.0,435.0
4407.0,1048.0,1008.0,1030.0,432.0,442.0,447.0
4406.0,1027.0,1023.0,1014.0,432.0,455.0,455.0
4376.0,1051.0,1042.0,987.0,417.0,454.0,425.0
4555.0,1089.0,1040.0,1059.0,447.0,467.0,453.0
4583.0,1104.0,1084.0,1045.0,442.0,464.0,444.0
4554.0,1051.0,1073.0,1062.0,464.0,457.0,447.0
4315.0,983.0,1017.0,992.0,444.0,436.0,443.0
4246.0,944.0,1024.0,951.0,437.0,460.0,430.0
4435.0,976.0,1082.0,1042.0,442.0,456.0,437.0
4271.0,997.0,992.0,994.0,445.0,428.0,415.0
4329.0,1010.0,1053.0,996.0,433.0,426.0,411.0
4357.0,1029.0,1015.0,1002.0,445.0,442.0,424.0
4426.0,1023.0,1039.0,1062.0,430.0,438.0,434.0
4357.0,997.0,1002.0,1022.0,451.0,445.0,440.0
4132.0,945.0,974.0,980.0,423.0,412.0,398.0
4228.0,972.0,958.0,1037.0,423.0,421.0,417.0
4145.0,967.0,923.0,1004.0,411.0,422.0,418.0
4208.0,1013.0,929.0,1010.0,427.0,403.0,426.0
4161.0,943.0,958.0,996.0,434.0,409.0,421.0
4175.0,1009.0,946.0,960.0,403.0,428.0,429.0
4223.0,966.0,962.0,1011.0,433.0,424.0,427.0
4300.0,985.0,1004.0,1042.0,420.0,408.0,441.0
4291.0,1004.0,993.0,1000.0,425.0,435.0,434.0
4285.0,989.0,984.0,1030.0,420.0,431.0,431.0
4519.0,1030.0,1063.0,1049.0,451.0,458.0,468.0
4424.0,1041.0,1025.0,1019.0,433.0,444.0,462.0
4541.0,1112.0,1063.0,1020.0,447.0,446.0,453.0
4588.0,1062.0,1072.0,1064.0,457.0,455.0,478.0
4591.0,1038.0,1122.0,1072.0,437.0,448.0,474.0
4576.0,1064.0,1111.0,1056.0,434.0,436.0,475.0
4618.0,1068.0,1096.0,1077.0,455.0,449.0,473.0
4768.0,1080.0,1155.0,1111.0,464.0,473.0,485.0
4609.0,1048.0,1097.0,1087.0,453.0,453.0,471.0
4450.0,1027.0,1046.0,1038.0,436.0,447.0,456.0
4541.0,1031.0,1042.0,1080.0,463.0,451.0,474.0
4405.0,1026.0,1009.0,1045.0,455.0,446.0,424.0
4603.0,1082.0,1081.0,1067.0,462.0,449.0,462.0
4440.0,1043.0,1025.0,1008.0,464.0,439.0,461.0
4386.0,1038.0,985.0,1041.0,444.0,450.0,428.0
4526.0,1105.0,1011.0,1080.0,446.0,443.0,441.0
4266.0,1023.0,952.0,1001.0,444.0,425.0,421.0
4044.0,898.0,952.0,959.0,416.0,415.0,404.0
4261.0,983.0,1007.0,996.0,436.0,424.0,415.0
4350.0,973.0,1036.0,1040.0,449.0,437.0,415.0
4274.0,979.0,1010.0,991.0,428.0,434.0,432.0
4240.0,984.0,1014.0,966.0,432.0,431.0,413.0
4333.0,978.0,1044.0,1017.0,428.0,440.0,426.0
4167.0,960.0,961.0,971.0,418.0,437.0,420.0
4301.0,1031.0,1002.0,996.0,431.0,424.0,417.0
4303.0,977.0,993.0,1024.0,425.0,449.0,435.0
4471.0,1055.0,1034.0,1049.0,434.0,459.0,440.0
4312.0,1047.0,1003.0,982.0,418.0,442.0,420.0
4468.0,1077.0,1022.0,1026.0,450.0,446.0,447.0
4550.0,1070.0,1055.0,1078.0,446.0,455.0,446.0
4541.0,1095.0,997.0,1061.0,452.0,470.0,466.0
4520.0,1090.0,1047.0,1044.0,440.0,450.0,449.0
4599.0,1083.0,1042.0,1105.0,451.0,450.0,468.0
4578.0,1067.0,1097.0,1056.0,459.0,436.0,463.0
4556.0,1061.0,1032.0,1102.0,447.0,446.0,468.0
4459.0,1049.0,1038.0,1033.0,446.0,430.0,463.0
4544.0,1033.0,1066.0,1088.0,454.0,444.0,459.0
4492.0,1019.0,1077.0,1059.0,433.0,438.0,466.0
4452.0,1042.0,1020.0,1066.0,438.0,443.0,443.0
4311.0,955.0,1038.0,996.0,439.0,429.0,454.0
4521.0,1068.0,1078.0,1030.0,453.0,424.0,468.0
4461.0,1046.0,1040.0,1049.0,433.0,442.0,451.0
4169.0,969.0,955.0,984.0,425.0,400.0,436.0
4343.0,1007.0,1015.0,993.0,438.0,434.0,456.0
4341.0,1003.0,1000.0,1004.0,462.0,422.0,450.0
4251.0,992.0,973.0,1015.0,420.0,429.0,422.0
4279.0,979.0,970.0,1002.0,453.0,450.0,425.0
4303.0,1016.0,1006.0,969.0,438.0,433.0,441.0
4349.0,1006.0,1002.0,1033.0,424.0,441.0,443.0
4517.0,1025.0,1061.0,1054.0,447.0,468.0,462.0
4381.0,1010.0,1030.0,1020.0,432.0,447.0,442.0
4438.0,1051.0,1013.0,1032.0,440.0,450.0,452.0
4453.0,1062.0,1013.0,1017.0,462.0,464.0,435.0
4679.0,1107.0,1111.0,1063.0,475.0,463.0,460.0
4637.0,1106.0,1043.0,1074.0,477.0,473.0,464.0
4658.0,1104.0,1121.0,1051.0,446.0,473.0,463.0
4821.0,1125.0,1164.0,1113.0,470.0,479.0,470.0
4677.0,1112.0,1110.0,1060.0,455.0,471.0,469.0
4760.0,1072.0,1134.0,1139.0,471.0,481.0,463.0
4893.0,1111.0,1199.0,1173.0,464.0,471.0,475.0
4526.0,1011.0,1070.0,1096.0,453.0,459.0,437.0
4726.0,1079.0,1125.0,1135.0,468.0,454.0,465.0
4559.0,1050.0,1078.0,1070.0,443.0,468.0,450.0
4548.0,1055.0,1049.0,1113.0,433.0,450.0,448.0
4493.0,1001.0,1059.0,1073.0,457.0,457.0,446.0
4426.0,1084.0,1037.0,998.0,417.0,452.0,438.0
4362.0,1070.0,999.0,999.0,434.0,419.0,441.0
4550.0,1085.0,1068.0,1059.0,448.0,444.0,446.0
4432.0,1072.0,1010.0,1018.0,450.0,442.0,440.0
4351.0,1003.0,992.0,1032.0,453.0,445.0,426.0
4294.0,1019.0,998.0,993.0,431.0,433.0,420.0
4292.0,1012.0,1020.0,973.0,444.0,413.0,430.0
4232.0,960.0,1036.0,935.0,437.0,435.0,429.0
4544.0,1081.0,1075.0,1040.0,473.0,427.0,448.0
4573.0,1040.0,1084.0,1033.0,482.0,457.0,477.0
4510.0,1048.0,1094.0,1018.0,460.0,433.0,457.0
4486.0,1036.0,1048.0,1021.0,470.0,443.0,468.0
4636.0,1088.0,1081.0,1060.0,466.0,473.0,468.0
4531.0,1032.0,1090.0,1057.0,441.0,448.0,463.0
4743.0,1100.0,1124.0,1056.0,493.0,474.0,496.0
4635.0,1079.0,1099.0,1075.0,461.0,452.0,469.0
4760.0,1098.0,1122.0,1091.0,485.0,469.0,495.0
4756.0,1112.0,1088.0,1123.0,476.0,471.0,486.0
4806.0,1140.0,1072.0,1130.0,492.0,479.0,493.0
4662.0,1060.0,1040.0,1139.0,474.0,481.0,468.0
4618.0,1033.0,1064.0,1111.0,456.0,482.0,472.0
4611.0,1055.0,1065.0,1099.0,449.0,472.0,471.0
4658.0,1058.0,1126.0,1070.0,455.0,468.0,481.0
4571.0,1041.0,1065.0,1098.0,458.0,461.0,448.0
4659.0,1075.0,1099.0,1086.0,458.0,486.0,455.0
4712.0,1065.0,1131.0,1119.0,451.0,481.0,465.0
4635.0,1074.0,1086.0,1105.0,445.0,466.0,459.0
4523.0,1051.0,1102.0,1041.0,448.0,438.0,443.0
4550.0,1077.0,1108.0,1032.0,444.0,467.0,422.0
4352.0,1047.0,1035.0,975.0,425.0,439.0,431.0
4418.0,1064.0,1020.0,1007.0,430.0,461.0,436.0
4413.0,1057.0,1043.0,976.0,448.0,449.0,440.0
4402.0,1014.0,1056.0,994.0,455.0,453.0,430.0
4401.0,1007.0,1043.0,1023.0,441.0,445.0,442.0
4172.0,943.0,1022.0,969.0,410.0,417.0,411.0
4373.0,973.0,1044.0,1022.0,451.0,449.0,434.0
4275.0,971.0,997.0,979.0,447.0,449.0,432.0
4518.0,1040.0,1047.0,1067.0,469.0,442.0,453.0
4647.0,1091.0,1065.0,1087.0,476.0,462.0,466.0
4558.0,1039.0,1047.0,1092.0,474.0,450.0,456.0
4869.0,1172.0,1101.0,1175.0,496.0,455.0,470.0
4776.0,1148.0,1101.0,1100.0,491.0,460.0,476.0
4588.0,1126.0,1042.0,1034.0,474.0,456.0,456.0
4641.0,1089.0,1075.0,1100.0,453.0,457.0,467.0
4713.0,1107.0,1082.0,1116.0,472.0,471.0,465.0
4911.0,1123.0,1125.0,1186.0,483.0,489.0,505.0
4753.0,1116.0,1113.0,1117.0,477.0,464.0,466.0
4488.0,1019.0,1029.0,1078.0,452.0,448.0,462.0
4740.0,1083.0,1105.0,1116.0,472.0,473.0,491.0
4770.0,1110.0,1100.0,1143.0,465.0,464.0,488.0
4698.0,1133.0,1064.0,1079.0,458.0,485.0,479.0
4775.0,1102.0,1109.0,1116.0,469.0,487.0,492.0
4703.0,1085.0,1104.0,1105.0,450.0,478.0,481.0
4412.0,1012.0,1036.0,1026.0,435.0,447.0,456.0
4501.0,1111.0,1009.0,1031.0,417.0,466.0,467.0
4522.0,1089.0,1062.0,1020.0,438.0,448.0,465.0
4329.0,990.0,1008.0,1020.0,428.0,449.0,434.0
4396.0,1058.0,983.0,1032.0,439.0,439.0,445.0
4379.0,1032.0,1021.0,1014.0,427.0,435.0,450.0
4524.0,1040.0,1048.0,1054.0,457.0,470.0,455.0
4567.0,1023.0,1050.0,1091.0,466.0,465.0,472.0
4528.0,1043.0,1041.0,1077.0,464.0,456.0,447.0
4512.0,1045.0,1052.0,1037.0,461.0,471.0,446.0
4637.0,1079.0,1074.0,1090.0,467.0,457.0,470.0
4632.0,1088.0,1079.0,1096.0,458.0,462.0,449.0
4733.0,1118.0,1088.0,1113.0,467.0,460.0,487.0
4731.0,1119.0,1095.0,1123.0,479.0,456.0,459.0
4826.0,1136.0,1130.0,1134.0,476.0,472.0,478.0
4956.0,1137.0,1152.0,1188.0,494.0,492.0,493.0
4903.0,1135.0,1122.0,1189.0,502.0,474.0,481.0
4802.0,1135.0,1090.0,1154.0,472.0,491.0,460.0
4939.0,1156.0,1159.0,1151.0,498.0,489.0,486.0
4786.0,1106.0,1131.0,1142.0,482.0,466.0,459.0
4854.0,1143.0,1125.0,1138.0,493.0,474.0,481.0
4561.0,1060.0,1063.0,1069.0,460.0,456.0,453.0
4463.0,1060.0,1034.0,1011.0,456.0,454.0,448.0
4713.0,1086.0,1104.0,1109.0,488.0,459.0,467.0
4424.0,1051.0,1035.0,1005.0,441.0,423.0,469.0
4645.0,1116.0,1129.0,1053.0,443.0,450.0,454.0
4410.0,1032.0,1024.0,1021.0,433.0,468.0,432.0
4631.0,1133.0,1070.0,1064.0,453.0,457.0,454.0
4561.0,1111.0,1090.0,1007.0,437.0,465.0,451.0
4665.0,1115.0,1112.0,1074.0,455.0,458.0,451.0
4466.0,1045.0,1057.0,1028.0,435.0,468.0,433.0
4396.0,997.0,1038.0,1047.0,441.0,430.0,443.0
4555.0,1032.0,1083.0,1091.0,444.0,450.0,455.0
4562.0,1057.0,1085.0,1061.0,440.0,461.0,458.0
4566.0,1038.0,1074.0,1091.0,450.0,458.0,455.0
4681.0,1072.0,1117.0,1087.0,461.0,471.0,473.0
4640.0,1076.0,1091.0,1079.0,463.0,471.0,460.0
4637.0,1060.0,1090.0,1089.0,462.0,451.0,485.0
4806.0,1130.0,1106.0,1141.0,468.0,481.0,480.0
4909.0,1172.0,1069.0,1162.0,493.0,500.0,513.0
4859.0,1130.0,1087.0,1159.0,498.0,479.0,506.0
4973.0,1182.0,1126.0,1158.0,494.0,489.0,524.0
4948.0,1172.0,1139.0,1124.0,504.0,511.0,498.0
4841.0,1133.0,1116.0,1141.0,489.0,474.0,488.0
4894.0,1141.0,1126.0,1139.0,493.0,489.0,506.0
4826.0,1092.0,1150.0,1127.0,496.0,464.0,497.0
4844.0,1144.0,1123.0,1121.0,490.0,488.0,478.0
4804.0,1077.0,1153.0,1111.0,500.0,472.0,491.0
4794.0,1077.0,1165.0,1093.0,492.0,478.0,489.0
4710.0,1101.0,1124.0,1081.0,476.0,462.0,466.0
4710.0,1109.0,1132.0,1080.0,468.0,454.0,467.0
4705.0,1086.0,1159.0,1051.0,479.0,461.0,469.0
4492.0,1058.0,1067.0,1028.0,462.0,432.0,445.0
4563.0,1084.0,1053.0,1077.0,445.0,454.0,450.0
4666.0,1098.0,1062.0,1125.0,457.0,469.0,455.0
4416.0,1059.0,1007.0,1055.0,439.0,427.0,429.0
4372.0,1022.0,1034.0,1018.0,440.0,437.0,421.0
4540.0,1083.0,1044.0,1070.0,456.0,448.0,439.0
4672.0,1109.0,1088.0,1092.0,452.0,466.0,465.0
4607.0,1068.0,1050.0,1097.0,455.0,464.0,473.0
4506.0,1033.0,1033.0,1072.0,461.0,456.0,451.0
4405.0,1007.0,1017.0,1077.0,448.0,440.0,416.0
4864.0,1126.0,1140.0,1145.0,479.0,500.0,474.0
4835.0,1111.0,1122.0,1136.0,499.0,489.0,478.0
4802.0,1143.0,1126.0,1141.0,456.0,479.0,457.0
4837.0,1099.0,1150.0,1128.0,494.0,489.0,477.0
4937.0,1184.0,1189.0,1098.0,484.0,491.0,491.0
4870.0,1097.0,1184.0,1141.0,488.0,488.0,472.0
4969.0,1163.0,1179.0,1154.0,501.0,496.0,476.0
4854.0,1115.0,1172.0,1108.0,480.0,511.0,468.0
4887.0,1148.0,1152.0,1106.0,507.0,486.0,488.0
4841.0,1104.0,1126.0,1120.0,515.0,485.0,491.0
4958.0,1128.0,1192.0,1109.0,530.0,505.0,494.0
4815.0,1105.0,1091.0,1144.0,490.0,496.0,489.0
4840.0,1081.0,1162.0,1130.0,492.0,488.0,487.0
4781.0,1083.0,1105.0,1100.0,505.0,488.0,500.0
4726.0,1131.0,1087.0,1068.0,463.0,484.0,493.0
4532.0,1039.0,1055.0,1037.0,464.0,462.0,475.0
4885.0,1173.0,1100.0,1146.0,489.0,488.0,489.0
4783.0,1132.0,1058.0,1136.0,486.0,461.0,510.0
4823.0,1137.0,1124.0,1134.0,472.0,484.0,472.0
4720.0,1104.0,1085.0,1107.0,468.0,471.0,485.0
4638.0,1069.0,1066.0,1117.0,455.0,455.0,476.0
4625.0,1097.0,1087.0,1089.0,441.0,448.0,463.0
4574.0,1040.0,1096.0,1068.0,450.0,459.0,461.0
4812.0,1071.0,1175.0,1126.0,469.0,477.0,494.0
4743.0,1083.0,1135.0,1100.0,498.0,458.0,469.0
4603.0,1021.0,1129.0,1092.0,450.0,455.0,456.0
4838.0,1110.0,1161.0,1140.0,476.0,480.0,471.0
4785.0,1126.0,1100.0,1140.0,475.0,478.0,466.0
4825.0,1156.0,1101.0,1135.0,472.0,479.0,482.0
4841.0,1142.0,1136.0,1127.0,470.0,469.0,497.0
4952.0,1181.0,1149.0,1135.0,508.0,503.0,476.0
4993.0,1182.0,1157.0,1164.0,495.0,499.0,496.0
4905.0,1156.0,1147.0,1102.0,507.0,500.0,493.0
4905.0,1174.0,1143.0,1115.0,509.0,489.0,475.0
4871.0,1147.0,1130.0,1096.0,515.0,497.0,486.0
4802.0,1117.0,1106.0,1147.0,486.0,477.0,469.0
4996.0,1144.0,1184.0,1138.0,522.0,514.0,494.0
4892.0,1093.0,1174.0,1150.0,500.0,494.0,481.0
4830.0,1132.0,1129.0,1115.0,491.0,482.0,481.0
4994.0,1169.0,1166.0,1169.0,490.0,498.0,502.0
4847.0,1093.0,1158.0,1116.0,506.0,504.0,470.0
4785.0,1129.0,1117.0,1083.0,495.0,480.0,481.0
4780.0,1099.0,1111.0,1113.0,481.0,494.0,482.0
4832.0,1119.0,1161.0,1132.0,456.0,498.0,466.0
4796.0,1088.0,1146.0,1135.0,477.0,487.0,463.0
4799.0,1133.0,1121.0,1133.0,474.0,470.0,468.0
4656.0,1067.0,1063.0,1102.0,476.0,482.0,466.0
4729.0,1074.0,1092.0,1123.0,467.0,488.0,485.0
4597.0,1037.0,1051.0,1121.0,454.0,472.0,462.0
4613.0,1067.0,1085.0,1076.0,449.0,474.0,462.0
4780.0,1084.0,1123.0,1119.0,488.0,471.0,495.0
4700.0,1066.0,1091.0,1110.0,479.0,474.0,480.0
4830.0,1163.0,1082.0,1131.0,477.0,487.0,490.0
4805.0,1155.0,1098.0,1128.0,472.0,465.0,487.0
4863.0,1138.0,1107.0,1150.0,487.0,480.0,501.0
4805.0,1159.0,1125.0,1094.0,466.0,469.0,492.0
5071.0,1195.0,1172.0,1145.0,534.0,497.0,528.0
5040.0,1198.0,1217.0,1127.0,500.0,475.0,523.0
5027.0,1230.0,1148.0,1125.0,504.0,504.0,516.0
5023.0,1170.0,1177.0,1164.0,491.0,512.0,509.0
5179.0,1236.0,1213.0,1181.0,522.0,521.0,506.0
4919.0,1145.0,1170.0,1106.0,503.0,497.0,498.0
5000.0,1150.0,1185.0,1178.0,502.0,489.0,496.0
4886.0,1153.0,1150.0,1101.0,496.0,489.0,497.0
5003.0,1145.0,1199.0,1184.0,502.0,484.0,489.0
4865.0,1103.0,1152.0,1144.0,492.0,499.0,475.0
4876.0,1140.0,1080.0,1158.0,506.0,501.0,491.0
4857.0,1115.0,1112.0,1144.0,513.0,473.0,500.0
4838.0,1122.0,1109.0,1138.0,485.0,488.0,496.0
4776.0,1112.0,1110.0,1127.0,482.0,462.0,483.0
4754.0,1130.0,1076.0,1134.0,474.0,469.0,471.0
4736.0,1094.0,1116.0,1118.0,460.0,491.0,457.0
4685.0,1086.0,1070.0,1103.0,477.0,488.0,461.0
4630.0,1074.0,1034.0,1104.0,471.0,479.0,468.0
4751.0,1105.0,1127.0,1114.0,479.0,467.0,459.0
4660.0,1057.0,1132.0,1078.0,467.0,469.0,457.0
4760.0,1066.0,1120.0,1122.0,487.0,486.0,479.0
4667.0,1040.0,1139.0,1083.0,456.0,488.0,461.0
4899.0,1132.0,1175.0,1130.0,478.0,508.0,476.0
5140.0,1199.0,1246.0,1173.0,520.0,511.0,491.0
4872.0,1155.0,1160.0,1122.0,476.0,496.0,463.0
5051.0,1200.0,1181.0,1169.0,483.0,503.0,515.0
5039.0,1192.0,1181.0,1162.0,487.0,515.0,502.0
5023.0,1186.0,1193.0,1137.0,502.0,497.0,508.0
5011.0,1210.0,1159.0,1147.0,506.0,481.0,508.0
5042.0,1163.0,1165.0,1183.0,497.0,521.0,513.0
5004.0,1185.0,1163.0,1156.0,494.0,497.0,509.0
5126.0,1148.0,1194.0,1223.0,535.0,517.0,509.0
5077.0,1173.0,1211.0,1181.0,498.0,504.0,510.0
5025.0,1147.0,1156.0,1208.0,507.0,497.0,510.0
5041.0,1133.0,1182.0,1210.0,502.0,490.0,524.0
4856.0,1140.0,1108.0,1152.0,494.0,464.0,498.0
5061.0,1145.0,1179.0,1208.0,518.0,497.0,514.0
4782.0,1110.0,1092.0,1139.0,488.0,466.0,487.0
4977.0,1178.0,1176.0,1137.0,500.0,478.0,508.0
4943.0,1129.0,1172.0,1188.0,476.0,482.0,496.0
4977.0,1150.0,1167.0,1197.0,491.0,488.0,484.0
4691.0,1093.0,1088.0,1086.0,485.0,456.0,483.0
4791.0,1119.0,1162.0,1096.0,477.0,457.0,480.0
4921.0,1092.0,1191.0,1171.0,496.0,485.0,486.0
4823.0,1140.0,1107.0,1126.0,477.0,488.0,485.0
4774.0,1097.0,1105.0,1102.0,501.0,486.0,483.0
4795.0,1111.0,1116.0,1103.0,485.0,487.0,493.0
4677.0,1064.0,1074.0,1089.0,488.0,472.0,490.0
4853.0,1131.0,1116.0,1133.0,477.0,490.0,506.0
4790.0,1150.0,1100.0,1107.0,461.0,488.0,484.0
4931.0,1178.0,1115.0,1139.0,499.0,515.0,485.0
5072.0,1184.0,1189.0,1173.0,497.0,528.0,501.0
4885.0,1163.0,1134.0,1133.0,483.0,485.0,487.0
5052.0,1212.0,1173.0,1156.0,509.0,521.0,481.0
5153.0,1216.0,1232.0,1196.0,493.0,510.0,506.0
5089.0,1176.0,1212.0,1180.0,515.0,519.0,487.0
5149.0,1201.0,1209.0,1215.0,508.0,507.0,509.0
5195.0,1206.0,1223.0,1202.0,512.0,533.0,519.0
5099.0,1150.0,1226.0,1180.0,496.0,534.0,513.0
4966.0,1109.0,1188.0,1187.0,491.0,485.0,506.0
5067.0,1156.0,1205.0,1181.0,505.0,509.0,511.0
5079.0,1204.0,1157.0,1191.0,513.0,521.0,493.0
5122.0,1173.0,1187.0,1253.0,512.0,499.0,498.0
4958.0,1152.0,1133.0,1187.0,509.0,495.0,482.0
4953.0,1197.0,1134.0,1142.0,501.0,491.0,488.0
4790.0,1168.0,1092.0,1105.0,480.0,484.0,461.0
4800.0,1148.0,1096.0,1114.0,485.0,478.0,479.0
4917.0,1181.0,1088.0,1183.0,518.0,468.0,479.0
4846.0,1162.0,1118.0,1117.0,493.0,476.0,480.0
4787.0,1105.0,1123.0,1117.0,476.0,477.0,489.0
4783.0,1091.0,1088.0,1133.0,489.0,478.0,504.0
4701.0,1075.0,1112.0,1068.0,498.0,469.0,479.0
4906.0,1130.0,1147.0,1138.0,514.0,474.0,503.0
4981.0,1149.0,1187.0,1150.0,505.0,492.0,498.0
5001.0,1151.0,1174.0,1164.0,498.0,488.0,526.0
4964.0,1142.0,1180.0,1156.0,492.0,485.0,509.0
5042.0,1163.0,1223.0,1137.0,510.0,499.0,510.0
5157.0,1179.0,1210.0,1216.0,511.0,510.0,531.0
5201.0,1230.0,1223.0,1192.0,484.0,536.0,536.0
5082.0,1162.0,1183.0,1222.0,492.0,517.0,506.0
5107.0,1208.0,1171.0,1195.0,498.0,510.0,525.0
5116.0,1180.0,1205.0,1203.0,491.0,517.0,520.0
5105.0,1174.0,1191.0,1207.0,502.0,501.0,530.0
5196.0,1240.0,1195.0,1214.0,500.0,530.0,517.0
5072.0,1173.0,1155.0,1189.0,491.0,534.0,530.0
5153.0,1173.0,1188.0,1231.0,517.0,519.0,525.0
5005.0,1152.0,1156.0,1165.0,504.0,528.0,500.0
5067.0,1154.0,1166.0,1229.0,492.0,518.0,508.0
5003.0,1202.0,1125.0,1159.0,503.0,509.0,505.0
5047.0,1195.0,1166.0,1182.0,510.0,496.0,498.0
4948.0,1159.0,1151.0,1151.0,502.0,495.0,490.0
4925.0,1155.0,1150.0,1149.0,482.0,492.0,497.0
4928.0,1151.0,1132.0,1158.0,498.0,502.0,487.0
4855.0,1160.0,1099.0,1146.0,488.0,483.0,479.0
4755.0,1097.0,1150.0,1070.0,491.0,498.0,449.0
5003.0,1162.0,1179.0,1160.0,506.0,499.0,497.0
4973.0,1176.0,1150.0,1146.0,493.0,507.0,501.0
4923.0,1135.0,1149.0,1170.0,496.0,494.0,479.0
4823.0,1100.0,1136.0,1120.0,506.0,492.0,469.0
5060.0,1183.0,1164.0,1181.0,509.0,512.0,511.0
5007.0,1193.0,1169.0,1146.0,501.0,497.0,501.0
5003.0,1193.0,1125.0,1176.0,500.0,508.0,501.0
4912.0,1178.0,1104.0,1178.0,485.0,495.0,472.0
5095.0,1203.0,1132.0,1232.0,506.0,517.0,505.0
5147.0,1236.0,1189.0,1193.0,519.0,511.0,499.0
5217.0,1280.0,1125.0,1259.0,533.0,496.0,524.0
5171.0,1192.0,1210.0,1212.0,524.0,521.0,512.0
5302.0,1249.0,1219.0,1273.0,514.0,522.0,525.0
5196.0,1210.0,1206.0,1240.0,508.0,503.0,529.0
5138.0,1206.0,1194.0,1237.0,496.0,496.0,509.0
5063.0,1169.0,1222.0,1147.0,493.0,509.0,523.0
4981.0,1095.0,1172.0,1211.0,495.0,508.0,500.0
5203.0,1236.0,1230.0,1211.0,509.0,504.0,513.0
5026.0,1127.0,1227.0,1173.0,477.0,502.0,520.0
5207.0,1219.0,1214.0,1192.0,514.0,528.0,540.0
5198.0,1209.0,1211.0,1203.0,519.0,529.0,527.0
5051.0,1191.0,1201.0,1148.0,501.0,513.0,497.0
4879.0,1168.0,1153.0,1100.0,477.0,497.0,484.0
5002.0,1172.0,1158.0,1150.0,509.0,492.0,521.0
4852.0,1156.0,1130.0,1097.0,480.0,488.0,501.0
4810.0,1144.0,1100.0,1091.0,484.0,499.0,492.0
4925.0,1168.0,1136.0,1117.0,496.0,501.0,507.0
5012.0,1145.0,1156.0,1176.0,495.0,518.0,522.0
5025.0,1167.0,1165.0,1159.0,506.0,522.0,506.0
4988.0,1170.0,1120.0,1196.0,499.0,502.0,501.0
5033.0,1154.0,1160.0,1188.0,505.0,519.0,507.0
4974.0,1161.0,1131.0,1160.0,509.0,497.0,516.0
5170.0,1207.0,1206.0,1199.0,521.0,520.0,517.0
5267.0,1242.0,1242.0,1204.0,537.0,516.0,526.0
5319.0,1250.0,1235.0,1232.0,534.0,541.0,527.0
5257.0,1242.0,1270.0,1231.0,520.0,496.0,498.0
5295.0,1254.0,1251.0,1205.0,538.0,528.0,519.0
5161.0,1235.0,1178.0,1244.0,510.0,498.0,496.0
5237.0,1222.0,1227.0,1229.0,506.0,543.0,510.0
5302.0,1236.0,1244.0,1263.0,518.0,522.0,519.0
5177.0,1209.0,1233.0,1198.0,530.0,494.0,513.0
5319.0,1234.0,1250.0,1245.0,526.0,526.0,538.0
5231.0,1204.0,1212.0,1217.0,539.0,531.0,528.0
5127.0,1194.0,1204.0,1202.0,510.0,509.0,508.0
5152.0,1208.0,1186.0,1206.0,508.0,516.0,528.0
5022.0,1158.0,1139.0,1206.0,518.0,506.0,495.0
4914.0,1160.0,1149.0,1153.0,485.0,485.0,482.0
4923.0,1162.0,1139.0,1157.0,484.0,477.0,504.0
4983.0,1152.0,1171.0,1148.0,506.0,501.0,505.0
5094.0,1183.0,1176.0,1217.0,493.0,525.0,500.0
5035.0,1209.0,1216.0,1127.0,492.0,496.0,495.0
5064.0,1154.0,1204.0,1203.0,508.0,501.0,494.0
4996.0,1141.0,1198.0,1160.0,497.0,501.0,499.0
5019.0,1130.0,1161.0,1193.0,522.0,518.0,495.0
5025.0,1186.0,1153.0,1186.0,499.0,494.0,507.0
5193.0,1189.0,1212.0,1230.0,509.0,523.0,530.0
4963.0,1144.0,1192.0,1161.0,505.0,472.0,489.0
5283.0,1202.0,1251.0,1233.0,531.0,538.0,528.0
5155.0,1177.0,1173.0,1252.0,518.0,510.0,525.0
5433.0,1247.0,1280.0,1282.0,536.0,551.0,537.0
5261.0,1224.0,1183.0,1250.0,532.0,531.0,541.0
5281.0,1261.0,1192.0,1243.0,520.0,536.0,529.0
5461.0,1302.0,1230.0,1255.0,554.0,557.0,563.0
5400.0,1279.0,1237.0,1272.0,529.0,533.0,550.0
5173.0,1250.0,1167.0,1223.0,512.0,507.0,514.0
5524.0,1286.0,1284.0,1296.0,532.0,561.0,565.0
5372.0,1256.0,1226.0,1250.0,554.0,538.0,548.0
5406.0,1251.0,1277.0,1257.0,528.0,559.0,534.0
5278.0,1192.0,1251.0,1231.0,543.0,530.0,531.0
5096.0,1187.0,1200.0,1174.0,503.0,512.0,520.0
5234.0,1187.0,1244.0,1224.0,530.0,515.0,534.0
5133.0,1220.0,1222.0,1166.0,521.0,510.0,494.0
5269.0,1232.0,1241.0,1217.0,527.0,537.0,515.0
5195.0,1258.0,1204.0,1217.0,517.0,502.0,497.0
5022.0,1207.0,1202.0,1156.0,490.0,475.0,492.0
4935.0,1155.0,1188.0,1166.0,477.0,473.0,476.0
5007.0,1151.0,1210.0,1196.0,494.0,472.0,484.0
4940.0,1151.0,1143.0,1151.0,477.0,519.0,499.0
5201.0,1225.0,1208.0,1234.0,504.0,512.0,518.0
5033.0,1158.0,1180.0,1196.0,501.0,504.0,494.0
4948.0,1136.0,1136.0,1219.0,480.0,483.0,494.0
5175.0,1192.0,1207.0,1224.0,528.0,524.0,500.0
5245.0,1232.0,1205.0,1247.0,527.0,517.0,517.0
5208.0,1224.0,1220.0,1250.0,503.0,505.0,506.0
5082.0,1184.0,1154.0,1202.0,526.0,523.0,493.0
5311.0,1252.0,1225.0,1262.0,533.0,528.0,511.0
5381.0,1260.0,1284.0,1254.0,537.0,536.0,510.0
5393.0,1247.0,1244.0,1253.0,540.0,563.0,546.0
5350.0,1251.0,1244.0,1256.0,554.0,526.0,519.0
5370.0,1244.0,1246.0,1245.0,547.0,570.0,518.0
5319.0,1252.0,1226.0,1221.0,529.0,551.0,540.0
5311.0,1219.0,1276.0,1209.0,536.0,541.0,530.0
5312.0,1189.0,1308.0,1233.0,533.0,533.0,516.0
5370.0,1239.0,1282.0,1216.0,547.0,536.0,550.0
5374.0,1227.0,1293.0,1222.0,546.0,534.0,552.0
5088.0,1160.0,1177.0,1202.0,519.0,520.0,510.0
5260.0,1208.0,1234.0,1215.0,535.0,523.0,545.0
5214.0,1221.0,1196.0,1208.0,534.0,529.0,526.0
5209.0,1252.0,1164.0,1210.0,504.0,547.0,532.0
5041.0,1197.0,1125.0,1192.0,497.0,506.0,524.0
5188.0,1239.0,1185.0,1225.0,509.0,506.0,524.0
5090.0,1173.0,1159.0,1217.0,508.0,511.0,522.0
5099.0,1183.0,1185.0,1194.0,511.0,511.0,515.0
4998.0,1139.0,1164.0,1165.0,511.0,517.0,502.0
5085.0,1176.0,1191.0,1178.0,482.0,522.0,536.0
5013.0,1169.0,1147.0,1214.0,479.0,491.0,513.0
5168.0,1163.0,1239.0,1217.0,506.0,521.0,522.0
5249.0,1161.0,1245.0,1249.0,525.0,525.0,544.0
5071.0,1170.0,1224.0,1193.0,488.0,494.0,502.0
5318.0,1209.0,1287.0,1247.0,531.0,519.0,525.0
5425.0,1272.0,1295.0,1227.0,540.0,543.0,548.0
5317.0,1234.0,1286.0,1225.0,537.0,519.0,516.0
5411.0,1282.0,1269.0,1252.0,539.0,540.0,529.0
5418.0,1268.0,1252.0,1272.0,546.0,538.0,542.0
5525.0,1319.0,1262.0,1287.0,567.0,543.0,547.0
5255.0,1248.0,1210.0,1219.0,529.0,523.0,526.0
5394.0,1313.0,1243.0,1239.0,529.0,526.0,544.0
5372.0,1269.0,1217.0,1246.0,561.0,534.0,545.0
5183.0,1201.0,1221.0,1199.0,523.0,527.0,512.0
5329.0,1205.0,1259.0,1246.0,566.0,544.0,509.0
5304.0,1224.0,1230.0,1253.0,540.0,531.0,526.0
5458.0,1270.0,1320.0,1261.0,545.0,537.0,525.0
5210.0,1206.0,1210.0,1239.0,522.0,516.0,517.0
5204.0,1253.0,1232.0,1179.0,520.0,512.0,508.0
5248.0,1231.0,1253.0,1230.0,511.0,528.0,495.0
5267.0,1220.0,1266.0,1212.0,529.0,528.0,512.0
5183.0,1206.0,1227.0,1221.0,495.0,526.0,508.0
5227.0,1216.0,1236.0,1210.0,507.0,540.0,518.0
5246.0,1224.0,1239.0,1214.0,519.0,542.0,508.0
5206.0,1204.0,1210.0,1225.0,512.0,526.0,529.0
5047.0,1183.0,1164.0,1183.0,502.0,518.0,497.0
5098.0,1163.0,1169.0,1226.0,506.0,521.0,513.0
5237.0,1194.0,1230.0,1231.0,516.0,530.0,536.0
5164.0,1199.0,1226.0,1217.0,489.0,523.0,510.0
5217.0,1197.0,1205.0,1254.0,518.0,509.0,534.0
5226.0,1219.0,1211.0,1204.0,526.0,528.0,538.0
5407.0,1288.0,1267.0,1269.0,529.0,522.0,532.0
5374.0,1271.0,1228.0,1265.0,534.0,532.0,544.0
5447.0,1291.0,1255.0,1247.0,547.0,541.0,566.0
5423.0,1272.0,1253.0,1243.0,557.0,547.0,551.0
5478.0,1286.0,1288.0,1242.0,547.0,556.0,559.0
5504.0,1341.0,1253.0,1255.0,552.0,544.0,559.0
5498.0,1283.0,1310.0,1245.0,564.0,539.0,557.0
5494.0,1304.0,1295.0,1280.0,540.0,522.0,553.0
5415.0,1253.0,1261.0,1265.0,552.0,542.0,542.0
5571.0,1295.0,1353.0,1265.0,563.0,538.0,557.0
5453.0,1244.0,1289.0,1269.0,561.0,545.0,545.0
5258.0,1225.0,1223.0,1218.0,527.0,537.0,528.0
5433.0,1286.0,1280.0,1227.0,566.0,533.0,541.0
5259.0,1229.0,1242.0,1220.0,515.0,524.0,529.0
5214.0,1234.0,1189.0,1262.0,506.0,484.0,539.0
5510.0,1250.0,1272.0,1329.0,558.0,551.0,550.0
5291.0,1243.0,1212.0,1252.0,537.0,524.0,523.0
5241.0,1262.0,1195.0,1238.0,504.0,529.0,513.0
5248.0,1235.0,1202.0,1246.0,521.0,532.0,512.0
5137.0,1218.0,1195.0,1194.0,501.0,518.0,511.0
5249.0,1213.0,1220.0,1246.0,528.0,519.0,523.0
5272.0,1200.0,1221.0,1276.0,514.0,534.0,527.0
5122.0,1160.0,1222.0,1215.0,504.0,516.0,505.0
5119.0,1168.0,1216.0,1176.0,521.0,537.0,501.0
5416.0,1269.0,1265.0,1267.0,535.0,551.0,529.0
5227.0,1209.0,1267.0,1186.0,521.0,530.0,514.0
5228.0,1207.0,1242.0,1186.0,510.0,553.0,530.0
5573.0,1294.0,1336.0,1269.0,554.0,566.0,554.0
5425.0,1315.0,1248.0,1231.0,536.0,553.0,542.0
5590.0,1306.0,1322.0,1300.0,553.0,543.0,566.0
5545.0,1287.0,1312.0,1288.0,546.0,560.0,552.0
5408.0,1264.0,1291.0,1224.0,550.0,551.0,528.0
5550.0,1282.0,1287.0,1287.0,572.0,558.0,564.0
5646.0,1334.0,1297.0,1320.0,571.0,556.0,568.0
5462.0,1265.0,1265.0,1281.0,560.0,550.0,541.0
5651.0,1282.0,1307.0,1356.0,585.0,556.0,565.0
5455.0,1245.0,1271.0,1304.0,550.0,530.0,555.0
5323.0,1248.0,1211.0,1264.0,544.0,523.0,533.0
5435.0,1251.0,1289.0,1285.0,541.0,536.0,533.0
5265.0,1228.0,1184.0,1263.0,539.0,522.0,529.0
5472.0,1280.0,1279.0,1291.0,538.0,529.0,555.0
5213.0,1228.0,1209.0,1213.0,517.0,514.0,532.0
5364.0,1259.0,1274.0,1254.0,510.0,517.0,550.0
5228.0,1190.0,1257.0,1212.0,522.0,520.0,527.0
5250.0,1206.0,1243.0,1248.0,508.0,515.0,530.0
5420.0,1303.0,1275.0,1239.0,534.0,527.0,542.0
5241.0,1195.0,1257.0,1195.0,525.0,524.0,545.0
5200.0,1204.0,1231.0,1213.0,525.0,489.0,538.0
5277.0,1218.0,1240.0,1218.0,532.0,529.0,540.0
5290.0,1232.0,1260.0,1204.0,527.0,526.0,541.0
5359.0,1291.0,1247.0,1236.0,522.0,532.0,531.0
5179.0,1207.0,1230.0,1198.0,508.0,508.0,528.0
5540.0,1278.0,1317.0,1272.0,560.0,568.0,545.0
5422.0,1294.0,1253.0,1258.0,536.0,540.0,541.0
5421.0,1287.0,1220.0,1280.0,537.0,557.0,540.0
5494.0,1341.0,1231.0,1268.0,545.0,566.0,543.0
5643.0,1358.0,1271.0,1313.0,553.0,580.0,568.0
5350.0,1258.0,1220.0,1255.0,541.0,548.0,528.0
5601.0,1317.0,1288.0,1306.0,561.0,568.0,561.0
5544.0,1301.0,1305.0,1301.0,536.0,555.0,546.0
5423.0,1272.0,1259.0,1259.0,546.0,554.0,533.0
5647.0,1279.0,1325.0,1347.0,585.0,559.0,552.0
5637.0,1261.0,1303.0,1346.0,592.0,572.0,563.0
5632.0,1257.0,1310.0,1361.0,580.0,566.0,558.0
5518.0,1287.0,1301.0,1261.0,554.0,560.0,555.0
5574.0,1280.0,1306.0,1339.0,554.0,561.0,534.0
5506.0,1242.0,1315.0,1300.0,555.0,554.0,540.0
5418.0,1269.0,1270.0,1282.0,548.0,517.0,532.0
5275.0,1208.0,1267.0,1228.0,545.0,519.0,508.0
5218.0,1246.0,1185.0,1213.0,530.0,511.0,533.0
5275.0,1237.0,1253.0,1201.0,533.0,528.0,523.0
5082.0,1193.0,1176.0,1195.0,509.0,490.0,519.0
5162.0,1214.0,1223.0,1172.0,525.0,523.0,505.0
5490.0,1263.0,1279.0,1304.0,535.0,561.0,548.0
5335.0,1238.0,1249.0,1249.0,530.0,529.0,540.0
5146.0,1224.0,1181.0,1170.0,502.0,528.0,541.0
5364.0,1283.0,1243.0,1234.0,537.0,531.0,536.0
5447.0,1281.0,1288.0,1239.0,526.0,551.0,562.0
5599.0,1316.0,1309.0,1284.0,556.0,558.0,576.0
5532.0,1309.0,1306.0,1272.0,523.0,551.0,571.0
5564.0,1301.0,1337.0,1264.0,560.0,539.0,563.0
5529.0,1288.0,1308.0,1296.0,532.0,544.0,561.0
5680.0,1320.0,1317.0,1353.0,539.0,571.0,580.0
5632.0,1324.0,1309.0,1331.0,543.0,564.0,561.0
5738.0,1360.0,1340.0,1329.0,559.0,567.0,583.0
5727.0,1358.0,1346.0,1325.0,579.0,557.0,562.0
5704.0,1343.0,1329.0,1354.0,559.0,562.0,557.0
5753.0,1331.0,1314.0,1369.0,585.0,573.0,581.0
5557.0,1250.0,1304.0,1326.0,553.0,560.0,564.0
5543.0,1271.0,1287.0,1324.0,557.0,560.0,544.0
5552.0,1286.0,1288.0,1296.0,560.0,557.0,565.0
5565.0,1300.0,1250.0,1309.0,577.0,569.0,560.0
5665.0,1359.0,1258.0,1332.0,573.0,570.0,573.0
5365.0,1256.0,1250.0,1234.0,531.0,549.0,545.0
5521.0,1295.0,1280.0,1271.0,562.0,553.0,560.0
5392.0,1300.0,1211.0,1236.0,545.0,555.0,545.0
5444.0,1319.0,1266.0,1216.0,561.0,539.0,543.0
5263.0,1214.0,1240.0,1227.0,536.0,533.0,513.0
5259.0,1208.0,1268.0,1207.0,537.0,532.0,507.0
5359.0,1260.0,1283.0,1200.0,540.0,549.0,527.0
5424.0,1229.0,1297.0,1269.0,538.0,548.0,543.0
5260.0,1262.0,1234.0,1211.0,524.0,520.0,509.0
5367.0,1221.0,1296.0,1234.0,549.0,528.0,539.0
5483.0,1307.0,1261.0,1276.0,543.0,553.0,543.0
5620.0,1316.0,1302.0,1299.0,571.0,562.0,570.0
5459.0,1303.0,1242.0,1277.0,555.0,536.0,546.0
5645.0,1325.0,1260.0,1359.0,557.0,582.0,562.0
5459.0,1267.0,1244.0,1324.0,541.0,541.0,542.0
5726.0,1366.0,1312.0,1372.0,560.0,557.0,559.0
5706.0,1343.0,1308.0,1377.0,556.0,542.0,580.0
5593.0,1298.0,1315.0,1342.0,538.0,541.0,559.0
5539.0,1279.0,1246.0,1336.0,557.0,553.0,568.0
5639.0,1289.0,1296.0,1363.0,556.0,566.0,569.0
5688.0,1336.0,1299.0,1347.0,566.0,567.0,573.0
5530.0,1248.0,1296.0,1313.0,562.0,543.0,568.0
5536.0,1271.0,1293.0,1304.0,549.0,541.0,578.0
5631.0,1330.0,1322.0,1292.0,552.0,557.0,578.0
5439.0,1252.0,1282.0,1269.0,536.0,544.0,556.0
5598.0,1311.0,1336.0,1273.0,562.0,551.0,565.0
5431.0,1280.0,1220.0,1283.0,552.0,547.0,549.0
5364.0,1272.0,1275.0,1189.0,557.0,530.0,541.0
5257.0,1242.0,1231.0,1166.0,545.0,539.0,534.0
5431.0,1306.0,1269.0,1222.0,543.0,539.0,552.0
5405.0,1272.0,1241.0,1250.0,555.0,543.0,544.0
5303.0,1220.0,1249.0,1197.0,551.0,530.0,556.0
5444.0,1228.0,1244.0,1285.0,580.0,549.0,558.0
5410.0,1220.0,1269.0,1266.0,560.0,542.0,553.0
5472.0,1247.0,1277.0,1284.0,563.0,559.0,542.0
5440.0,1232.0,1271.0,1270.0,569.0,553.0,545.0
5555.0,1293.0,1260.0,1324.0,552.0,572.0,554.0
5744.0,1337.0,1301.0,1368.0,576.0,592.0,570.0
5674.0,1345.0,1282.0,1336.0,555.0,572.0,584.0
5758.0,1331.0,1312.0,1394.0,568.0,580.0,573.0
5849.0,1371.0,1386.0,1366.0,565.0,575.0,586.0
5691.0,1346.0,1324.0,1341.0,556.0,559.0,565.0
5758.0,1351.0,1357.0,1340.0,565.0,579.0,566.0
5778.0,1344.0,1353.0,1393.0,557.0,561.0,570.0
5696.0,1291.0,1351.0,1369.0,561.0,558.0,566.0
5663.0,1326.0,1346.0,1314.0,557.0,564.0,556.0
5790.0,1350.0,1376.0,1367.0,560.0,564.0,573.0
5776.0,1326.0,1386.0,1356.0,572.0,563.0,573.0
5535.0,1316.0,1284.0,1290.0,550.0,542.0,553.0
5312.0,1275.0,1218.0,1247.0,531.0,534.0,507.0
5758.0,1364.0,1347.0,1335.0,585.0,554.0,573.0
5599.0,1343.0,1290.0,1292.0,574.0,554.0,546.0
5528.0,1311.0,1266.0,1287.0,555.0,560.0,549.0
5528.0,1304.0,1325.0,1248.0,550.0,563.0,538.0
5448.0,1314.0,1272.0,1246.0,540.0,531.0,545.0
5571.0,1324.0,1247.0,1325.0,562.0,551.0,562.0
5350.0,1244.0,1265.0,1228.0,541.0,536.0,536.0
5458.0,1271.0,1268.0,1278.0,557.0,541.0,543.0
5489.0,1286.0,1247.0,1295.0,563.0,549.0,549.0
5500.0,1263.0,1304.0,1270.0,554.0,553.0,556.0
5529.0,1243.0,1324.0,1286.0,566.0,556.0,554.0
5459.0,1250.0,1260.0,1292.0,539.0,562.0,556.0
5668.0,1308.0,1328.0,1340.0,565.0,573.0,554.0
5692.0,1298.0,1343.0,1342.0,555.0,566.0,588.0
5592.0,1306.0,1296.0,1310.0,548.0,569.0,563.0
5807.0,1352.0,1342.0,1364.0,558.0,598.0,593.0
6034.0,1425.0,1389.0,1435.0,593.0,592.0,600.0
5816.0,1380.0,1350.0,1333.0,564.0,604.0,585.0
5716.0,1321.0,1320.0,1344.0,560.0,585.0,586.0
5674.0,1304.0,1287.0,1370.0,551.0,580.0,582.0
5703.0,1355.0,1304.0,1328.0,556.0,591.0,569.0
5775.0,1347.0,1353.0,1305.0,571.0,600.0,599.0
5573.0,1306.0,1276.0,1297.0,552.0,575.0,567.0
5830.0,1343.0,1373.0,1351.0,574.0,598.0,591.0
5663.0,1331.0,1312.0,1312.0,552.0,570.0,586.0
5575.0,1284.0,1294.0,1296.0,560.0,575.0,566.0
5542.0,1308.0,1251.0,1296.0,568.0,557.0,562.0
5695.0,1339.0,1334.0,1322.0,570.0,569.0,561.0
5629.0,1325.0,1331.0,1284.0,562.0,558.0,569.0
5332.0,1249.0,1262.0,1235.0,520.0,541.0,525.0
5480.0,1287.0,1293.0,1262.0,546.0,541.0,551.0
5431.0,1267.0,1269.0,1271.0,534.0,559.0,531.0
5439.0,1278.0,1274.0,1287.0,521.0,534.0,545.0
5553.0,1311.0,1289.0,1306.0,552.0,547.0,548.0
5453.0,1255.0,1302.0,1271.0,554.0,527.0,544.0
5556.0,1282.0,1294.0,1322.0,555.0,562.0,541.0
5557.0,1246.0,1311.0,1314.0,569.0,554.0,563.0
5643.0,1279.0,1313.0,1353.0,574.0,557.0,567.0
5722.0,1350.0,1350.0,1352.0,564.0,559.0,547.0
5489.0,1260.0,1270.0,1308.0,567.0,549.0,535.0
5809.0,1391.0,1328.0,1368.0,581.0,569.0,572.0
5735.0,1348.0,1344.0,1335.0,572.0,571.0,565.0
5654.0,1301.0,1334.0,1298.0,589.0,556.0,576.0
5973.0,1429.0,1397.0,1380.0,579.0,594.0,594.0
6092.0,1439.0,1395.0,1440.0,615.0,600.0,603.0
5727.0,1351.0,1332.0,1321.0,574.0,580.0,569.0
5819.0,1368.0,1354.0,1339.0,596.0,589.0,573.0
5745.0,1327.0,1311.0,1351.0,578.0,589.0,589.0
5826.0,1354.0,1359.0,1354.0,568.0,595.0,596.0
5879.0,1330.0,1416.0,1381.0,574.0,594.0,584.0
5749.0,1311.0,1372.0,1330.0,570.0,594.0,572.0
5644.0,1322.0,1322.0,1294.0,551.0,583.0,572.0
5887.0,1368.0,1350.0,1405.0,573.0,597.0,594.0
5677.0,1337.0,1315.0,1321.0,549.0,563.0,592.0
5602.0,1340.0,1285.0,1300.0,541.0,569.0,567.0
5614.0,1307.0,1288.0,1326.0,562.0,577.0,554.0
5809.0,1364.0,1338.0,1363.0,580.0,581.0,583.0
5577.0,1302.0,1272.0,1323.0,562.0,556.0,562.0
5564.0,1304.0,1302.0,1297.0,543.0,559.0,559.0
5793.0,1377.0,1272.0,1393.0,592.0,574.0,585.0
5622.0,1276.0,1312.0,1324.0,567.0,563.0,580.0
5590.0,1238.0,1325.0,1336.0,579.0,549.0,563.0
5659.0,1321.0,1321.0,1317.0,578.0,568.0,554.0
5754.0,1329.0,1332.0,1349.0,600.0,562.0,582.0
5752.0,1315.0,1344.0,1371.0,574.0,556.0,592.0
5768.0,1340.0,1336.0,1358.0,575.0,583.0,576.0
5793.0,1344.0,1354.0,1358.0,588.0,562.0,587.0
5829.0,1393.0,1336.0,1352.0,591.0,576.0,581.0
5735.0,1371.0,1357.0,1312.0,570.0,551.0,574.0
5805.0,1386.0,1355.0,1338.0,584.0,564.0,578.0
5775.0,1360.0,1356.0,1352.0,568.0,554.0,585.0
5718.0,1296.0,1350.0,1350.0,574.0,558.0,590.0
5799.0,1341.0,1370.0,1364.0,579.0,568.0,577.0
5905.0,1385.0,1360.0,1370.0,602.0,594.0,594.0
5699.0,1282.0,1322.0,1344.0,594.0,582.0,575.0
5828.0,1352.0,1358.0,1346.0,583.0,594.0,595.0
5754.0,1326.0,1322.0,1374.0,562.0,592.0,578.0
5643.0,1322.0,1308.0,1332.0,545.0,583.0,553.0
5665.0,1313.0,1315.0,1342.0,549.0,565.0,581.0
5798.0,1382.0,1338.0,1364.0,556.0,580.0,578.0
5747.0,1357.0,1333.0,1356.0,565.0,581.0,555.0
5601.0,1326.0,1301.0,1313.0,556.0,563.0,542.0
5772.0,1322.0,1349.0,1380.0,566.0,585.0,570.0
5693.0,1348.0,1327.0,1333.0,561.0,570.0,554.0
5721.0,1364.0,1324.0,1365.0,542.0,567.0,559.0
5561.0,1245.0,1360.0,1276.0,551.0,572.0,557.0
5677.0,1305.0,1341.0,1347.0,568.0,570.0,546.0
5754.0,1339.0,1332.0,1350.0,578.0,576.0,579.0
5699.0,1299.0,1332.0,1345.0,568.0,583.0,572.0
5617.0,1289.0,1305.0,1332.0,575.0,555.0,561.0
5735.0,1333.0,1326.0,1324.0,587.0,582.0,583.0
5691.0,1338.0,1322.0,1315.0,576.0,566.0,574.0
5924.0,1377.0,1372.0,1355.0,614.0,598.0,608.0
5803.0,1364.0,1353.0,1338.0,576.0,593.0,579.0
6019.0,1429.0,1408.0,1372.0,608.0,606.0,596.0
5749.0,1373.0,1342.0,1310.0,581.0,557.0,586.0
5861.0,1410.0,1372.0,1335.0,599.0,564.0,581.0
5987.0,1415.0,1408.0,1365.0,611.0,579.0,609.0
6104.0,1412.0,1434.0,1428.0,605.0,608.0,617.0
6033.0,1412.0,1438.0,1382.0,611.0,579.0,611.0
5837.0,1339.0,1377.0,1342.0,597.0,585.0,597.0
5891.0,1358.0,1405.0,1347.0,589.0,586.0,606.0
5754.0,1321.0,1392.0,1324.0,585.0,572.0,560.0
5835.0,1320.0,1384.0,1389.0,584.0,571.0,587.0
5908.0,1390.0,1383.0,1368.0,603.0,576.0,588.0
5935.0,1370.0,1389.0,1392.0,590.0,593.0,601.0
5918.0,1385.0,1391.0,1391.0,586.0,581.0,584.0
5877.0,1400.0,1334.0,1420.0,575.0,568.0,580.0
5683.0,1355.0,1296.0,1336.0,568.0,578.0,550.0
5654.0,1335.0,1315.0,1319.0,544.0,573.0,568.0
5435.0,1259.0,1249.0,1278.0,535.0,552.0,562.0
5655.0,1314.0,1319.0,1321.0,563.0,571.0,567.0
5574.0,1276.0,1291.0,1321.0,557.0,565.0,564.0
5622.0,1278.0,1314.0,1345.0,547.0,565.0,573.0
5686.0,1307.0,1286.0,1358.0,589.0,583.0,563.0
5630.0,1304.0,1316.0,1304.0,566.0,585.0,555.0
5828.0,1338.0,1391.0,1335.0,587.0,595.0,582.0
5635.0,1324.0,1316.0,1282.0,568.0,577.0,568.0
5999.0,1413.0,1419.0,1377.0,602.0,593.0,595.0
5943.0,1402.0,1423.0,1366.0,583.0,595.0,574.0
5947.0,1425.0,1401.0,1350.0,587.0,600.0,584.0
6095.0,1454.0,1431.0,1364.0,619.0,619.0,608.0
6054.0,1418.0,1434.0,1373.0,627.0,605.0,597.0
5941.0,1388.0,1380.0,1337.0,631.0,605.0,600.0
5877.0,1335.0,1386.0,1368.0,598.0,592.0,598.0
6001.0,1377.0,1419.0,1406.0,615.0,591.0,593.0
5790.0,1323.0,1358.0,1380.0,571.0,584.0,574.0
5966.0,1352.0,1379.0,1411.0,601.0,613.0,610.0
6101.0,1404.0,1406.0,1454.0,615.0,610.0,612.0
5962.0,1391.0,1344.0,1426.0,600.0,594.0,607.0
5922.0,1391.0,1361.0,1377.0,589.0,594.0,610.0
5750.0,1346.0,1323.0,1374.0,569.0,566.0,572.0
5896.0,1367.0,1339.0,1421.0,586.0,577.0,606.0
5724.0,1352.0,1325.0,1318.0,582.0,573.0,574.0
5779.0,1395.0,1291.0,1378.0,574.0,560.0,581.0
5724.0,1325.0,1368.0,1315.0,565.0,565.0,586.0
5550.0,1301.0,1284.0,1287.0,551.0,546.0,581.0
5679.0,1327.0,1340.0,1317.0,550.0,563.0,582.0
5538.0,1284.0,1324.0,1253.0,550.0,554.0,573.0
5706.0,1340.0,1357.0,1310.0,566.0,562.0,571.0
5707.0,1340.0,1330.0,1335.0,565.0,560.0,577.0
5950.0,1363.0,1391.0,1394.0,594.0,599.0,609.0
5857.0,1392.0,1384.0,1332.0,580.0,586.0,583.0
6077.0,1394.0,1444.0,1440.0,611.0,586.0,602.0
5755.0,1359.0,1322.0,1338.0,587.0,575.0,574.0
5896.0,1431.0,1344.0,1369.0,581.0,586.0,585.0
6039.0,1426.0,1406.0,1388.0,610.0,618.0,591.0
5876.0,1403.0,1345.0,1353.0,593.0,589.0,593.0
5986.0,1456.0,1364.0,1380.0,588.0,611.0,587.0
5995.0,1386.0,1389.0,1394.0,605.0,628.0,593.0
6041.0,1410.0,1391.0,1402.0,614.0,621.0,603.0
6023.0,1394.0,1401.0,1382.0,628.0,613.0,605.0
6049.0,1365.0,1427.0,1442.0,611.0,604.0,600.0
5984.0,1375.0,1389.0,1409.0,612.0,608.0,591.0
6168.0,1398.0,1433.0,1453.0,621.0,645.0,618.0
5994.0,1419.0,1371.0,1414.0,617.0,597.0,576.0
6043.0,1405.0,1396.0,1426.0,603.0,612.0,601.0
5943.0,1392.0,1397.0,1384.0,588.0,585.0,597.0
5869.0,1376.0,1367.0,1399.0,564.0,591.0,572.0
5723.0,1354.0,1320.0,1348.0,568.0,558.0,575.0
5771.0,1356.0,1344.0,1341.0,577.0,581.0,572.0
5930.0,1396.0,1380.0,1370.0,595.0,599.0,590.0
5738.0,1350.0,1321.0,1319.0,568.0,591.0,589.0
5740.0,1338.0,1333.0,1344.0,583.0,574.0,568.0
5839.0,1383.0,1337.0,1390.0,573.0,573.0,583.0
5824.0,1317.0,1330.0,1399.0,588.0,597.0,593.0
5796.0,1323.0,1365.0,1340.0,585.0,599.0,584.0
5785.0,1347.0,1355.0,1366.0,562.0,569.0,586.0
5796.0,1373.0,1309.0,1341.0,582.0,585.0,606.0
5847.0,1378.0,1346.0,1365.0,588.0,573.0,597.0
6079.0,1438.0,1412.0,1407.0,594.0,602.0,626.0
5994.0,1413.0,1390.0,1417.0,599.0,569.0,606.0
6178.0,1416.0,1440.0,1462.0,612.0,608.0,640.0
6160.0,1464.0,1433.0,1424.0,620.0,600.0,619.0
6075.0,1422.0,1428.0,1414.0,612.0,582.0,617.0
6041.0,1374.0,1376.0,1459.0,604.0,594.0,634.0
6233.0,1466.0,1457.0,1447.0,618.0,623.0,622.0
6000.0,1395.0,1420.0,1386.0,597.0,587.0,615.0
6070.0,1386.0,1407.0,1443.0,619.0,610.0,605.0
6174.0,1436.0,1446.0,1447.0,622.0,604.0,619.0
6000.0,1377.0,1410.0,1410.0,601.0,596.0,606.0
5896.0,1382.0,1356.0,1397.0,586.0,585.0,590.0
5859.0,1351.0,1357.0,1368.0,596.0,593.0,594.0
5885.0,1374.0,1356.0,1387.0,583.0,593.0,592.0
5979.0,1377.0,1415.0,1386.0,592.0,615.0,594.0
5818.0,1364.0,1353.0,1334.0,593.0,596.0,578.0
5614.0,1301.0,1305.0,1290.0,585.0,569.0,564.0
5851.0,1413.0,1317.0,1333.0,599.0,607.0,582.0
5788.0,1332.0,1353.0,1369.0,582.0,581.0,571.0
5782.0,1354.0,1337.0,1371.0,567.0,591.0,562.0
5846.0,1323.0,1410.0,1357.0,583.0,584.0,589.0
5951.0,1360.0,1430.0,1397.0,574.0,610.0,580.0
5898.0,1335.0,1433.0,1355.0,585.0,611.0,579.0
5807.0,1347.0,1395.0,1343.0,565.0,583.0,574.0
5847.0,1331.0,1371.0,1387.0,579.0,600.0,579.0
6001.0,1387.0,1444.0,1390.0,580.0,594.0,606.0
5932.0,1407.0,1397.0,1371.0,582.0,578.0,597.0
6159.0,1445.0,1463.0,1416.0,610.0,618.0,607.0
6082.0,1441.0,1411.0,1422.0,606.0,600.0,602.0
6123.0,1437.0,1396.0,1446.0,614.0,614.0,616.0
6026.0,1390.0,1373.0,1467.0,592.0,613.0,591.0
5914.0,1382.0,1355.0,1378.0,604.0,596.0,599.0
6216.0,1442.0,1459.0,1452.0,611.0,624.0,628.0
6137.0,1476.0,1402.0,1409.0,622.0,607.0,621.0
6214.0,1444.0,1430.0,1460.0,631.0,617.0,632.0
5981.0,1395.0,1377.0,1408.0,597.0,583.0,621.0
6134.0,1397.0,1446.0,1439.0,613.0,615.0,624.0
6102.0,1403.0,1426.0,1425.0,624.0,600.0,624.0
6145.0,1444.0,1411.0,1437.0,627.0,607.0,619.0
5886.0,1375.0,1386.0,1355.0,592.0,582.0,596.0
6111.0,1430.0,1463.0,1382.0,620.0,603.0,613.0
5965.0,1442.0,1405.0,1350.0,600.0,580.0,588.0
5925.0,1372.0,1401.0,1364.0,584.0,599.0,605.0
5879.0,1374.0,1352.0,1365.0,601.0,602.0,585.0
5858.0,1364.0,1403.0,1294.0,603.0,596.0,598.0
5866.0,1350.0,1385.0,1332.0,593.0,600.0,606.0
5838.0,1317.0,1389.0,1362.0,583.0,588.0,599.0
6034.0,1406.0,1390.0,1406.0,587.0,625.0,620.0
5836.0,1328.0,1359.0,1381.0,582.0,595.0,591.0
6095.0,1390.0,1443.0,1426.0,613.0,603.0,620.0
6033.0,1404.0,1363.0,1433.0,600.0,617.0,616.0
5928.0,1369.0,1357.0,1404.0,590.0,595.0,613.0
5965.0,1405.0,1381.0,1403.0,585.0,606.0,585.0
6130.0,1456.0,1375.0,1470.0,597.0,625.0,607.0
6253.0,1464.0,1431.0,1499.0,612.0,630.0,617.0
6227.0,1447.0,1453.0,1486.0,614.0,628.0,599.0
6173.0,1425.0,1418.0,1495.0,615.0,610.0,610.0
6320.0,1470.0,1452.0,1502.0,643.0,627.0,626.0
6215.0,1474.0,1456.0,1416.0,619.0,636.0,614.0
6318.0,1472.0,1507.0,1469.0,620.0,632.0,618.0
6159.0,1410.0,1453.0,1457.0,613.0,621.0,605.0
6016.0,1421.0,1403.0,1382.0,614.0,602.0,594.0
6026.0,1377.0,1455.0,1382.0,614.0,606.0,592.0
6060.0,1381.0,1431.0,1435.0,631.0,587.0,595.0
6098.0,1386.0,1441.0,1403.0,639.0,604.0,625.0
6123.0,1405.0,1478.0,1412.0,628.0,598.0,602.0
6009.0,1428.0,1385.0,1400.0,605.0,596.0,595.0
5956.0,1416.0,1346.0,1375.0,609.0,598.0,612.0
6121.0,1470.0,1412.0,1424.0,620.0,589.0,606.0
5971.0,1423.0,1398.0,1365.0,602.0,581.0,602.0
5845.0,1371.0,1354.0,1352.0,596.0,583.0,589.0
5886.0,1373.0,1378.0,1354.0,607.0,575.0,599.0
5980.0,1379.0,1394.0,1397.0,629.0,575.0,606.0
5892.0,1375.0,1380.0,1376.0,580.0,584.0,597.0
6076.0,1369.0,1440.0,1410.0,622.0,607.0,628.0
6005.0,1386.0,1376.0,1430.0,598.0,605.0,610.0
6091.0,1393.0,1429.0,1432.0,617.0,610.0,610.0
6219.0,1452.0,1452.0,1465.0,603.0,631.0,616.0
6236.0,1444.0,1488.0,1454.0,589.0,626.0,635.0
6099.0,1428.0,1410.0,1409.0,593.0,634.0,625.0
6310.0,1440.0,1473.0,1493.0,619.0,639.0,646.0
6258.0,1478.0,1443.0,1467.0,620.0,638.0,612.0
6163.0,1446.0,1430.0,1422.0,617.0,619.0,629.0
6418.0,1490.0,1517.0,1461.0,639.0,654.0,657.0
6224.0,1434.0,1457.0,1478.0,613.0,614.0,628.0
6304.0,1457.0,1490.0,1470.0,614.0,638.0,635.0
6277.0,1420.0,1489.0,1454.0,635.0,627.0,652.0
5973.0,1378.0,1402.0,1369.0,600.0,605.0,619.0
6124.0,1410.0,1407.0,1432.0,629.0,619.0,627.0
5972.0,1439.0,1346.0,1372.0,601.0,614.0,600.0
6224.0,1474.0,1433.0,1438.0,631.0,622.0,626.0
5941.0,1414.0,1385.0,1370.0,586.0,599.0,587.0
6016.0,1470.0,1373.0,1373.0,604.0,610.0,586.0
6011.0,1453.0,1409.0,1359.0,611.0,589.0,590.0
5815.0,1362.0,1373.0,1325.0,591.0,578.0,586.0
6074.0,1400.0,1441.0,1423.0,620.0,601.0,589.0
6098.0,1417.0,1477.0,1403.0,616.0,591.0,594.0
5949.0,1368.0,1400.0,1419.0,599.0,580.0,583.0
6034.0,1391.0,1434.0,1416.0,600.0,596.0,597.0
6077.0,1387.0,1454.0,1410.0,622.0,609.0,595.0
6150.0,1438.0,1467.0,1415.0,625.0,605.0,600.0
6045.0,1392.0,1412.0,1454.0,600.0,585.0,602.0
6103.0,1440.0,1397.0,1424.0,624.0,602.0,616.0
6276.0,1498.0,1443.0,1482.0,625.0,612.0,616.0
6194.0,1456.0,1418.0,1469.0,613.0,608.0,630.0
6418.0,1508.0,1473.0,1510.0,648.0,656.0,623.0
6350.0,1532.0,1454.0,1466.0,627.0,616.0,655.0
6355.0,1543.0,1436.0,1485.0,635.0,631.0,625.0
6319.0,1503.0,1468.0,1432.0,643.0,643.0,630.0
6206.0,1473.0,1412.0,1446.0,633.0,619.0,623.0
6277.0,1466.0,1447.0,1467.0,621.0,650.0,626.0
6423.0,1505.0,1507.0,1468.0,639.0,656.0,648.0
6197.0,1447.0,1430.0,1428.0,623.0,639.0,630.0
6246.0,1441.0,1495.0,1431.0,614.0,642.0,623.0
6284.0,1441.0,1467.0,1463.0,615.0,649.0,649.0
6166.0,1422.0,1438.0,1431.0,624.0,620.0,631.0
6122.0,1425.0,1461.0,1387.0,606.0,618.0,625.0
5991.0,1433.0,1413.0,1324.0,599.0,603.0,619.0
6135.0,1441.0,1435.0,1409.0,607.0,640.0,603.0
6085.0,1421.0,1424.0,1381.0,612.0,615.0,632.0
6171.0,1453.0,1407.0,1461.0,597.0,621.0,632.0
6071.0,1426.0,1420.0,1400.0,615.0,606.0,604.0
6088.0,1399.0,1431.0,1414.0,609.0,610.0,625.0
5942.0,1393.0,1339.0,1411.0,607.0,594.0,598.0
5951.0,1391.0,1353.0,1404.0,598.0,596.0,609.0
6056.0,1415.0,1377.0,1438.0,622.0,603.0,601.0
5926.0,1366.0,1387.0,1397.0,587.0,590.0,599.0
6176.0,1429.0,1412.0,1458.0,642.0,618.0,617.0
6041.0,1364.0,1415.0,1423.0,621.0,605.0,613.0
6218.0,1462.0,1449.0,1438.0,620.0,617.0,632.0
6356.0,1491.0,1490.0,1441.0,642.0,654.0,638.0
6269.0,1501.0,1460.0,1433.0,630.0,618.0,627.0
6353.0,1493.0,1503.0,1467.0,643.0,624.0,623.0
6409.0,1511.0,1519.0,1450.0,655.0,649.0,625.0
6355.0,1487.0,1549.0,1454.0,627.0,605.0,633.0
6295.0,1464.0,1489.0,1458.0,630.0,622.0,632.0
6334.0,1467.0,1532.0,1463.0,634.0,625.0,613.0
6255.0,1460.0,1494.0,1444.0,624.0,624.0,609.0
6386.0,1511.0,1482.0,1495.0,627.0,630.0,641.0
6248.0,1460.0,1485.0,1426.0,630.0,625.0,622.0
6190.0,1447.0,1449.0,1468.0,606.0,619.0,601.0
6333.0,1492.0,1456.0,1503.0,624.0,621.0,637.0
6193.0,1444.0,1424.0,1475.0,609.0,616.0,625.0
6293.0,1495.0,1449.0,1463.0,612.0,637.0,637.0
6099.0,1415.0,1410.0,1446.0,609.0,609.0,610.0
6308.0,1499.0,1476.0,1448.0,622.0,633.0,630.0
6292.0,1476.0,1473.0,1467.0,622.0,629.0,625.0
6126.0,1405.0,1465.0,1416.0,622.0,625.0,593.0
6056.0,1438.0,1395.0,1418.0,608.0,598.0,599.0
6118.0,1379.0,1424.0,1431.0,627.0,630.0,627.0
6155.0,1419.0,1467.0,1426.0,615.0,617.0,611.0
6330.0,1481.0,1468.0,1498.0,624.0,629.0,630.0
6280.0,1428.0,1505.0,1460.0,628.0,625.0,634.0
6308.0,1440.0,1476.0,1479.0,638.0,631.0,644.0
5991.0,1361.0,1411.0,1403.0,614.0,598.0,604.0
6202.0,1425.0,1453.0,1455.0,622.0,615.0,632.0
6325.0,1504.0,1475.0,1438.0,636.0,633.0,639.0
6451.0,1510.0,1528.0,1473.0,648.0,646.0,646.0
6373.0,1504.0,1466.0,1464.0,650.0,641.0,648.0
6304.0,1447.0,1505.0,1468.0,619.0,625.0,640.0
6328.0,1514.0,1444.0,1462.0,642.0,632.0,634.0
6417.0,1514.0,1473.0,1510.0,631.0,647.0,642.0
6167.0,1446.0,1439.0,1411.0,630.0,617.0,624.0
6409.0,1501.0,1489.0,1478.0,660.0,638.0,643.0
6402.0,1476.0,1492.0,1487.0,650.0,651.0,646.0
6385.0,1471.0,1494.0,1517.0,628.0,629.0,646.0
6327.0,1494.0,1464.0,1482.0,625.0,619.0,643.0
6097.0,1393.0,1469.0,1414.0,598.0,608.0,615.0
6164.0,1451.0,1431.0,1464.0,603.0,597.0,618.0
6106.0,1437.0,1421.0,1431.0,610.0,597.0,610.0
6113.0,1443.0,1438.0,1409.0,618.0,607.0,598.0
6154.0,1449.0,1442.0,1454.0,607.0,596.0,606.0
6052.0,1407.0,1401.0,1411.0,614.0,611.0,608.0
6018.0,1414.0,1393.0,1449.0,590.0,591.0,581.0
6253.0,1458.0,1447.0,1495.0,624.0,622.0,607.0
5985.0,1382.0,1411.0,1416.0,612.0,588.0,576.0
6090.0,1399.0,1427.0,1438.0,609.0,615.0,602.0
6289.0,1433.0,1478.0,1499.0,630.0,624.0,625.0
6219.0,1432.0,1437.0,1478.0,629.0,628.0,615.0
6109.0,1434.0,1396.0,1411.0,625.0,625.0,618.0
6106.0,1422.0,1428.0,1409.0,609.0,638.0,600.0
6252.0,1500.0,1434.0,1448.0,648.0,624.0,598.0
6301.0,1506.0,1445.0,1451.0,625.0,639.0,635.0
6404.0,1502.0,1480.0,1480.0,644.0,650.0,648.0
6357.0,1497.0,1493.0,1460.0,658.0,632.0,617.0
6514.0,1537.0,1490.0,1515.0,651.0,669.0,652.0
6586.0,1532.0,1534.0,1534.0,676.0,669.0,641.0
6464.0,1510.0,1550.0,1481.0,643.0,633.0,647.0
6463.0,1529.0,1501.0,1501.0,645.0,652.0,635.0
6526.0,1508.0,1561.0,1507.0,654.0,644.0,652.0
6472.0,1478.0,1542.0,1519.0,650.0,650.0,633.0
6405.0,1453.0,1518.0,1495.0,639.0,657.0,643.0
6302.0,1425.0,1479.0,1502.0,625.0,624.0,647.0
6378.0,1475.0,1483.0,1493.0,637.0,636.0,654.0
6375.0,1470.0,1515.0,1479.0,635.0,626.0,650.0
6214.0,1464.0,1438.0,1480.0,599.0,598.0,635.0
6393.0,1533.0,1476.0,1500.0,626.0,616.0,642.0
6402.0,1487.0,1475.0,1517.0,642.0,629.0,652.0
6113.0,1447.0,1412.0,1420.0,611.0,602.0,621.0
6192.0,1470.0,1437.0,1429.0,615.0,611.0,630.0
6071.0,1426.0,1377.0,1419.0,609.0,613.0,627.0
6205.0,1441.0,1452.0,1450.0,625.0,603.0,634.0
6313.0,1472.0,1507.0,1433.0,624.0,628.0,649.0
6345.0,1494.0,1488.0,1452.0,631.0,638.0,642.0
6243.0,1406.0,1468.0,1478.0,633.0,615.0,643.0
6209.0,1419.0,1472.0,1433.0,640.0,615.0,630.0
6416.0,1497.0,1544.0,1468.0,632.0,638.0,637.0
6360.0,1507.0,1514.0,1461.0,631.0,628.0,619.0
6391.0,1474.0,1512.0,1463.0,655.0,657.0,630.0
6491.0,1543.0,1505.0,1492.0,658.0,638.0,655.0
6303.0,1492.0,1458.0,1439.0,645.0,645.0,624.0
6416.0,1512.0,1486.0,1487.0,658.0,632.0,641.0
6549.0,1530.0,1510.0,1532.0,682.0,651.0,644.0
6571.0,1542.0,1520.0,1527.0,660.0,659.0,663.0
6552.0,1533.0,1532.0,1506.0,653.0,670.0,658.0
6427.0,1471.0,1433.0,1562.0,665.0,650.0,646.0
6594.0,1525.0,1499.0,1579.0,664.0,672.0,655.0
6416.0,1477.0,1493.0,1523.0,648.0,656.0,619.0
6417.0,1450.0,1524.0,1533.0,636.0,651.0,623.0
6508.0,1548.0,1485.0,1530.0,642.0,654.0,649.0
6302.0,1446.0,1461.0,1516.0,619.0,646.0,614.0
6418.0,1495.0,1521.0,1482.0,622.0,664.0,634.0
6333.0,1468.0,1505.0,1469.0,632.0,634.0,625.0
6254.0,1482.0,1444.0,1436.0,624.0,638.0,630.0
6267.0,1488.0,1442.0,1481.0,616.0,612.0,628.0
6319.0,1492.0,1478.0,1476.0,609.0,627.0,637.0
6164.0,1426.0,1425.0,1446.0,618.0,630.0,619.0
6170.0,1442.0,1459.0,1422.0,603.0,617.0,627.0
6324.0,1478.0,1514.0,1435.0,636.0,626.0,635.0
6331.0,1479.0,1462.0,1487.0,630.0,637.0,636.0
6276.0,1468.0,1467.0,1450.0,642.0,625.0,624.0
6114.0,1457.0,1406.0,1418.0,599.0,612.0,622.0
6395.0,1506.0,1464.0,1498.0,631.0,644.0,652.0
6266.0,1455.0,1462.0,1453.0,634.0,628.0,634.0
6443.0,1509.0,1496.0,1488.0,648.0,624.0,678.0
6514.0,1551.0,1516.0,1482.0,663.0,645.0,657.0
6567.0,1531.0,1523.0,1561.0,657.0,620.0,675.0
6583.0,1517.0,1543.0,1551.0,663.0,654.0,655.0
6613.0,1552.0,1504.0,1575.0,663.0,636.0,683.0
6460.0,1471.0,1541.0,1504.0,654.0,646.0,644.0
6462.0,1500.0,1482.0,1545.0,633.0,647.0,655.0
6498.0,1467.0,1539.0,1533.0,658.0,646.0,655.0
6557.0,1488.0,1587.0,1511.0,663.0,656.0,652.0
6455.0,1488.0,1493.0,1528.0,655.0,640.0,651.0
6619.0,1558.0,1552.0,1569.0,649.0,646.0,645.0
6551.0,1529.0,1536.0,1541.0,653.0,645.0,647.0
6420.0,1484.0,1488.0,1521.0,647.0,648.0,632.0
6484.0,1538.0,1507.0,1487.0,644.0,672.0,636.0
6410.0,1530.0,1503.0,1460.0,626.0,641.0,650.0
6362.0,1491.0,1471.0,1495.0,643.0,643.0,619.0
6360.0,1518.0,1470.0,1483.0,609.0,647.0,633.0
6262.0,1479.0,1448.0,1449.0,611.0,651.0,624.0
6038.0,1437.0,1386.0,1410.0,604.0,610.0,591.0
6327.0,1471.0,1487.0,1468.0,619.0,654.0,628.0
6321.0,1493.0,1477.0,1460.0,637.0,638.0,616.0
6196.0,1443.0,1437.0,1433.0,620.0,643.0,620.0
6317.0,1480.0,1475.0,1449.0,639.0,634.0,640.0
6351.0,1442.0,1490.0,1508.0,638.0,637.0,636.0
6384.0,1488.0,1498.0,1475.0,627.0,650.0,646.0
6367.0,1481.0,1511.0,1480.0,646.0,629.0,620.0
6529.0,1523.0,1530.0,1523.0,661.0,659.0,633.0
6411.0,1486.0,1504.0,1486.0,639.0,652.0,644.0
6495.0,1515.0,1530.0,1482.0,665.0,659.0,644.0
6536.0,1490.0,1558.0,1538.0,647.0,655.0,648.0
6597.0,1548.0,1530.0,1546.0,667.0,644.0,662.0
6626.0,1509.0,1550.0,1574.0,684.0,655.0,654.0
6594.0,1534.0,1500.0,1596.0,687.0,627.0,650.0
6674.0,1547.0,1535.0,1585.0,675.0,648.0,684.0
6658.0,1528.0,1538.0,1561.0,685.0,668.0,678.0
6423.0,1452.0,1526.0,1511.0,639.0,640.0,655.0
6510.0,1522.0,1527.0,1531.0,664.0,642.0,624.0
6429.0,1502.0,1449.0,1538.0,648.0,635.0,657.0
6377.0,1469.0,1470.0,1505.0,644.0,643.0,646.0
6551.0,1544.0,1540.0,1517.0,641.0,646.0,663.0
6489.0,1529.0,1499.0,1506.0,633.0,649.0,673.0
6310.0,1510.0,1433.0,1460.0,639.0,631.0,637.0
6457.0,1538.0,1508.0,1493.0,637.0,641.0,640.0
6389.0,1482.0,1518.0,1464.0,645.0,638.0,642.0
6268.0,1474.0,1479.0,1449.0,621.0,610.0,635.0
6208.0,1389.0,1477.0,1451.0,617.0,635.0,639.0
6351.0,1467.0,1517.0,1472.0,620.0,634.0,641.0
6339.0,1419.0,1505.0,1490.0,650.0,623.0,652.0
6399.0,1523.0,1482.0,1482.0,626.0,640.0,646.0
6445.0,1493.0,1495.0,1494.0,645.0,660.0,658.0
6391.0,1467.0,1476.0,1507.0,635.0,664.0,642.0
6543.0,1532.0,1513.0,1544.0,635.0,656.0,663.0
6580.0,1528.0,1525.0,1554.0,651.0,654.0,668.0
6654.0,1567.0,1488.0,1601.0,648.0,681.0,669.0
6728.0,1567.0,1541.0,1592.0,686.0,686.0,656.0
6638.0,1563.0,1493.0,1600.0,662.0,670.0,650.0
6707.0,1564.0,1536.0,1604.0,661.0,673.0,669.0
6672.0,1559.0,1564.0,1550.0,671.0,666.0,662.0
6491.0,1509.0,1491.0,1510.0,666.0,665.0,650.0
6791.0,1569.0,1569.0,1603.0,688.0,686.0,676.0
6608.0,1530.0,1538.0,1570.0,674.0,655.0,641.0
6456.0,1487.0,1512.0,1494.0,673.0,642.0,648.0
6597.0,1542.0,1588.0,1489.0,676.0,666.0,636.0
6609.0,1537.0,1546.0,1542.0,679.0,662.0,643.0
6571.0,1533.0,1560.0,1485.0,669.0,659.0,665.0
6498.0,1520.0,1533.0,1526.0,640.0,638.0,641.0
6542.0,1537.0,1549.0,1504.0,654.0,659.0,639.0
6535.0,1538.0,1538.0,1497.0,646.0,649.0,667.0
6352.0,1498.0,1509.0,1449.0,630.0,630.0,636.0
6389.0,1513.0,1466.0,1498.0,642.0,627.0,643.0
6391.0,1501.0,1476.0,1482.0,642.0,642.0,648.0
6508.0,1506.0,1508.0,1561.0,644.0,634.0,655.0
6428.0,1509.0,1482.0,1524.0,630.0,623.0,660.0
6368.0,1489.0,1483.0,1480.0,635.0,648.0,633.0
6469.0,1520.0,1510.0,1507.0,655.0,622.0,655.0
6422.0,1503.0,1481.0,1510.0,639.0,641.0,648.0
6619.0,1518.0,1542.0,1585.0,648.0,660.0,666.0
6642.0,1521.0,1543.0,1585.0,660.0,668.0,665.0
6605.0,1528.0,1542.0,1550.0,650.0,667.0,668.0
6710.0,1586.0,1541.0,1578.0,664.0,666.0,675.0
6627.0,1581.0,1532.0,1543.0,639.0,666.0,666.0
6770.0,1559.0,1587.0,1585.0,670.0,682.0,687.0
6932.0,1576.0,1643.0,1638.0,682.0,696.0,697.0
6828.0,1601.0,1603.0,1594.0,658.0,689.0,683.0
6731.0,1598.0,1565.0,1530.0,677.0,679.0,682.0
6806.0,1569.0,1615.0,1558.0,688.0,692.0,684.0
6658.0,1540.0,1568.0,1522.0,679.0,677.0,672.0
6610.0,1543.0,1513.0,1540.0,665.0,682.0,667.0
6670.0,1565.0,1530.0,1540.0,685.0,673.0,677.0
6612.0,1522.0,1541.0,1554.0,681.0,664.0,650.0
6749.0,1574.0,1558.0,1575.0,701.0,679.0,662.0
6646.0,1571.0,1511.0,1550.0,682.0,668.0,664.0
6601.0,1561.0,1514.0,1538.0,672.0,661.0,655.0
6528.0,1562.0,1481.0,1526.0,666.0,649.0,644.0
6412.0,1529.0,1469.0,1471.0,642.0,660.0,641.0
6494.0,1506.0,1509.0,1529.0,658.0,643.0,649.0
6386.0,1506.0,1503.0,1487.0,633.0,628.0,629.0
6459.0,1494.0,1506.0,1555.0,639.0,646.0,619.0
6520.0,1516.0,1525.0,1560.0,646.0,639.0,634.0
6410.0,1498.0,1500.0,1506.0,637.0,654.0,615.0
6452.0,1473.0,1532.0,1542.0,632.0,640.0,633.0
6462.0,1512.0,1496.0,1534.0,640.0,646.0,634.0
6533.0,1507.0,1544.0,1554.0,653.0,634.0,641.0
6650.0,1547.0,1592.0,1561.0,647.0,648.0,655.0
6760.0,1580.0,1575.0,1598.0,666.0,667.0,674.0
6638.0,1590.0,1529.0,1539.0,663.0,657.0,660.0
6815.0,1596.0,1599.0,1612.0,667.0,670.0,671.0
6740.0,1585.0,1536.0,1594.0,676.0,684.0,665.0
6779.0,1575.0,1581.0,1612.0,675.0,678.0,658.0
6693.0,1564.0,1555.0,1565.0,661.0,683.0,665.0
6766.0,1576.0,1561.0,1582.0,687.0,676.0,684.0
6713.0,1568.0,1591.0,1521.0,666.0,686.0,681.0
6721.0,1574.0,1557.0,1579.0,666.0,664.0,681.0
6619.0,1523.0,1553.0,1540.0,669.0,659.0,675.0
6815.0,1577.0,1598.0,1545.0,705.0,695.0,695.0
6600.0,1508.0,1548.0,1546.0,673.0,667.0,658.0
6794.0,1576.0,1609.0,1566.0,698.0,671.0,674.0
6653.0,1544.0,1563.0,1530.0,668.0,678.0,670.0
6597.0,1550.0,1536.0,1506.0,671.0,665.0,669.0
6634.0,1527.0,1593.0,1522.0,654.0,667.0,671.0
6587.0,1562.0,1537.0,1516.0,648.0,663.0,661.0
6634.0,1555.0,1577.0,1501.0,666.0,667.0,668.0
6609.0,1510.0,1551.0,1576.0,654.0,661.0,657.0
6593.0,1527.0,1537.0,1578.0,647.0,658.0,646.0
6483.0,1515.0,1468.0,1540.0,656.0,642.0,662.0
6511.0,1495.0,1530.0,1524.0,660.0,651.0,651.0
6542.0,1469.0,1493.0,1589.0,657.0,662.0,672.0
6704.0,1547.0,1554.0,1583.0,663.0,678.0,679.0
6613.0,1564.0,1518.0,1562.0,679.0,639.0,651.0
6672.0,1518.0,1567.0,1595.0,657.0,678.0,657.0
6823.0,1609.0,1588.0,1586.0,654.0,683.0,703.0
6547.0,1542.0,1504.0,1542.0,652.0,662.0,645.0
6888.0,1620.0,1627.0,1596.0,693.0,684.0,668.0
6706.0,1589.0,1567.0,1567.0,666.0,651.0,666.0
6693.0,1586.0,1602.0,1525.0,656.0,651.0,673.0
6914.0,1633.0,1635.0,1571.0,679.0,698.0,698.0
6888.0,1582.0,1631.0,1622.0,691.0,668.0,694.0
6806.0,1574.0,1608.0,1614.0,674.0,669.0,667.0
6817.0,1561.0,1631.0,1571.0,695.0,695.0,664.0
6779.0,1558.0,1620.0,1591.0,673.0,669.0,668.0
6859.0,1628.0,1605.0,1593.0,686.0,675.0,672.0
6566.0,1525.0,1525.0,1533.0,672.0,650.0,661.0
6633.0,1560.0,1542.0,1536.0,676.0,664.0,655.0
6599.0,1546.0,1531.0,1540.0,659.0,660.0,663.0
6604.0,1522.0,1584.0,1529.0,668.0,647.0,654.0
6500.0,1530.0,1504.0,1508.0,666.0,651.0,641.0
6620.0,1528.0,1525.0,1567.0,674.0,665.0,661.0
6589.0,1534.0,1540.0,1568.0,636.0,671.0,640.0
6490.0,1496.0,1498.0,1521.0,666.0,653.0,656.0
6426.0,1478.0,1491.0,1520.0,645.0,653.0,639.0
6543.0,1485.0,1572.0,1483.0,683.0,668.0,652.0
6829.0,1582.0,1617.0,1577.0,688.0,697.0,668.0
6647.0,1534.0,1577.0,1547.0,656.0,666.0,667.0
6655.0,1544.0,1552.0,1554.0,678.0,652.0,675.0
6731.0,1569.0,1579.0,1539.0,688.0,683.0,673.0
6932.0,1617.0,1622.0,1607.0,694.0,684.0,708.0
6701.0,1581.0,1560.0,1547.0,671.0,668.0,674.0
6971.0,1673.0,1580.0,1615.0,691.0,694.0,718.0
6858.0,1609.0,1614.0,1560.0,680.0,691.0,704.0
6844.0,1609.0,1599.0,1582.0,669.0,691.0,694.0
6869.0,1593.0,1601.0,1601.0,684.0,693.0,697.0
6791.0,1577.0,1579.0,1586.0,666.0,695.0,688.0
6914.0,1628.0,1612.0,1600.0,683.0,694.0,697.0
6881.0,1615.0,1581.0,1603.0,684.0,700.0,698.0
6906.0,1570.0,1634.0,1617.0,686.0,695.0,704.0
6617.0,1517.0,1598.0,1550.0,635.0,657.0,660.0
6705.0,1575.0,1557.0,1552.0,667.0,663.0,691.0
6745.0,1557.0,1600.0,1565.0,660.0,682.0,681.0
6804.0,1591.0,1608.0,1605.0,675.0,648.0,677.0
6777.0,1583.0,1608.0,1578.0,673.0,663.0,672.0
6702.0,1603.0,1573.0,1532.0,673.0,654.0,667.0
6788.0,1607.0,1583.0,1602.0,661.0,658.0,677.0
6544.0,1504.0,1555.0,1528.0,665.0,647.0,645.0
6778.0,1599.0,1580.0,1609.0,677.0,655.0,658.0
6664.0,1527.0,1583.0,1571.0,677.0,649.0,657.0
6514.0,1481.0,1574.0,1516.0,664.0,649.0,630.0
6585.0,1536.0,1530.0,1521.0,689.0,662.0,647.0
6587.0,1517.0,1530.0,1535.0,665.0,668.0,672.0
6578.0,1497.0,1516.0,1568.0,676.0,660.0,661.0
6740.0,1550.0,1593.0,1573.0,688.0,669.0,667.0
6814.0,1612.0,1583.0,1569.0,682.0,682.0,686.0
6792.0,1549.0,1569.0,1621.0,685.0,684.0,684.0
6678.0,1568.0,1527.0,1538.0,685.0,688.0,672.0
6680.0,1563.0,1558.0,1520.0,682.0,686.0,671.0
6844.0,1599.0,1584.0,1604.0,682.0,674.0,701.0
7037.0,1650.0,1665.0,1610.0,697.0,710.0,705.0
6956.0,1609.0,1627.0,1636.0,689.0,701.0,694.0
6855.0,1602.0,1623.0,1576.0,679.0,705.0,670.0
7044.0,1626.0,1635.0,1676.0,705.0,710.0,692.0
6922.0,1605.0,1640.0,1599.0,668.0,711.0,699.0
7013.0,1653.0,1649.0,1644.0,694.0,675.0,698.0
6934.0,1562.0,1644.0,1638.0,692.0,711.0,687.0
6894.0,1564.0,1633.0,1632.0,688.0,692.0,685.0
6827.0,1571.0,1577.0,1627.0,668.0,696.0,688.0
6863.0,1583.0,1629.0,1590.0,667.0,697.0,697.0
6904.0,1602.0,1623.0,1621.0,678.0,683.0,697.0
6859.0,1619.0,1615.0,1586.0,685.0,667.0,687.0
6721.0,1570.0,1549.0,1593.0,661.0,670.0,678.0
6817.0,1626.0,1578.0,1571.0,688.0,661.0,693.0
6654.0,1564.0,1540.0,1562.0,657.0,655.0,676.0
6710.0,1578.0,1547.0,1557.0,667.0,673.0,688.0
6481.0,1507.0,1495.0,1505.0,651.0,645.0,678.0
6650.0,1546.0,1517.0,1565.0,677.0,652.0,693.0
6659.0,1554.0,1556.0,1525.0,673.0,655.0,696.0
6758.0,1563.0,1585.0,1573.0,684.0,673.0,680.0
6748.0,1529.0,1627.0,1539.0,688.0,672.0,693.0
6750.0,1569.0,1586.0,1569.0,673.0,676.0,677.0
6869.0,1616.0,1640.0,1598.0,676.0,663.0,676.0
6713.0,1575.0,1559.0,1545.0,674.0,680.0,680.0
6883.0,1618.0,1615.0,1577.0,694.0,685.0,694.0
6951.0,1649.0,1628.0,1620.0,682.0,679.0,693.0
6846.0,1578.0,1630.0,1591.0,671.0,695.0,681.0
7084.0,1665.0,1679.0,1647.0,704.0,692.0,697.0
6906.0,1589.0,1600.0,1611.0,706.0,702.0,698.0
7049.0,1645.0,1620.0,1681.0,697.0,701.0,705.0
6923.0,1623.0,1602.0,1632.0,682.0,700.0,684.0
6920.0,1606.0,1546.0,1658.0,702.0,724.0,684.0
6903.0,1599.0,1612.0,1634.0,673.0,699.0,686.0
6939.0,1618.0,1602.0,1641.0,683.0,699.0,696.0
6849.0,1584.0,1627.0,1622.0,667.0,680.0,669.0
6929.0,1608.0,1580.0,1650.0,689.0,701.0,701.0
6751.0,1613.0,1572.0,1565.0,670.0,675.0,656.0
6894.0,1632.0,1570.0,1628.0,700.0,688.0,676.0
6831.0,1639.0,1557.0,1582.0,668.0,699.0,686.0
6746.0,1592.0,1558.0,1570.0,661.0,700.0,665.0
6890.0,1590.0,1633.0,1605.0,684.0,699.0,679.0
6714.0,1556.0,1568.0,1573.0,671.0,679.0,667.0
6751.0,1537.0,1637.0,1541.0,685.0,685.0,666.0
6715.0,1530.0,1612.0,1548.0,669.0,673.0,683.0
6689.0,1520.0,1592.0,1553.0,674.0,675.0,675.0
6798.0,1557.0,1590.0,1566.0,695.0,692.0,698.0
6661.0,1520.0,1586.0,1524.0,688.0,671.0,672.0
6763.0,1578.0,1568.0,1553.0,694.0,685.0,685.0
6814.0,1590.0,1576.0,1594.0,687.0,685.0,682.0
7016.0,1650.0,1651.0,1609.0,700.0,699.0,707.0
6977.0,1669.0,1627.0,1579.0,705.0,690.0,707.0
6951.0,1621.0,1601.0,1660.0,682.0,685.0,702.0
7042.0,1647.0,1610.0,1660.0,721.0,686.0,718.0
7055.0,1630.0,1643.0,1667.0,718.0,692.0,705.0
6986.0,1607.0,1633.0,1649.0,703.0,674.0,720.0
7024.0,1606.0,1661.0,1646.0,689.0,702.0,720.0
7009.0,1630.0,1615.0,1656.0,695.0,696.0,717.0
7062.0,1622.0,1663.0,1649.0,707.0,698.0,723.0
7039.0,1610.0,1677.0,1662.0,697.0,693.0,700.0
6984.0,1610.0,1646.0,1642.0,701.0,694.0,691.0
7108.0,1644.0,1682.0,1671.0,700.0,699.0,712.0
6842.0,1615.0,1582.0,1615.0,671.0,682.0,677.0
6767.0,1585.0,1589.0,1551.0,682.0,680.0,680.0
6800.0,1612.0,1543.0,1594.0,692.0,667.0,692.0
6840.0,1636.0,1609.0,1576.0,678.0,680.0,661.0
6845.0,1613.0,1587.0,1603.0,677.0,688.0,677.0
6703.0,1608.0,1576.0,1508.0,661.0,686.0,664.0
6854.0,1612.0,1590.0,1587.0,691.0,695.0,679.0
6764.0,1601.0,1588.0,1549.0,664.0,702.0,660.0
6776.0,1590.0,1561.0,1573.0,679.0,690.0,683.0
6765.0,1575.0,1577.0,1534.0,697.0,708.0,674.0
6617.0,1527.0,1520.0,1560.0,665.0,684.0,661.0
7057.0,1635.0,1641.0,1662.0,702.0,709.0,708.0
6890.0,1588.0,1621.0,1609.0,702.0,683.0,687.0
6830.0,1587.0,1599.0,1613.0,676.0,681.0,674.0
6977.0,1629.0,1609.0,1608.0,711.0,714.0,706.0
7251.0,1706.0,1680.0,1696.0,719.0,723.0,727.0
7187.0,1715.0,1679.0,1692.0,706.0,711.0,684.0
7053.0,1675.0,1646.0,1649.0,699.0,696.0,688.0
7256.0,1715.0,1675.0,1691.0,743.0,712.0,720.0
7070.0,1664.0,1660.0,1646.0,705.0,701.0,694.0
7027.0,1629.0,1656.0,1654.0,691.0,692.0,705.0
7155.0,1635.0,1653.0,1699.0,726.0,725.0,717.0
7049.0,1616.0,1625.0,1685.0,709.0,691.0,723.0
6852.0,1596.0,1583.0,1594.0,699.0,679.0,701.0
6949.0,1644.0,1609.0,1617.0,700.0,686.0,693.0
6942.0,1627.0,1622.0,1629.0,678.0,684.0,702.0
7043.0,1647.0,1645.0,1637.0,705.0,703.0,706.0
7016.0,1656.0,1619.0,1666.0,688.0,677.0,710.0
6833.0,1593.0,1576.0,1604.0,679.0,685.0,696.0
6757.0,1591.0,1544.0,1588.0,667.0,676.0,691.0
6901.0,1625.0,1599.0,1625.0,685.0,688.0,679.0
6696.0,1605.0,1573.0,1529.0,655.0,659.0,675.0
6848.0,1601.0,1612.0,1586.0,678.0,676.0,695.0
6965.0,1624.0,1668.0,1594.0,678.0,694.0,707.0
6898.0,1563.0,1622.0,1634.0,686.0,702.0,691.0
6865.0,1590.0,1634.0,1583.0,677.0,686.0,695.0
6997.0,1632.0,1619.0,1653.0,697.0,695.0,701.0
6919.0,1591.0,1640.0,1608.0,684.0,705.0,691.0
7019.0,1609.0,1657.0,1633.0,709.0,705.0,706.0
7034.0,1691.0,1612.0,1635.0,694.0,704.0,698.0
7094.0,1651.0,1692.0,1671.0,684.0,704.0,692.0
7267.0,1711.0,1681.0,1714.0,725.0,718.0,718.0
6986.0,1641.0,1583.0,1645.0,701.0,718.0,698.0
7157.0,1656.0,1647.0,1706.0,726.0,716.0,706.0
7267.0,1672.0,1683.0,1718.0,746.0,736.0,712.0
7139.0,1679.0,1653.0,1677.0,720.0,713.0,697.0
7222.0,1646.0,1659.0,1727.0,745.0,720.0,725.0
6980.0,1598.0,1626.0,1628.0,712.0,717.0,699.0
7119.0,1638.0,1649.0,1678.0,734.0,713.0,707.0
7025.0,1628.0,1645.0,1612.0,699.0,727.0,714.0
6969.0,1604.0,1631.0,1639.0,698.0,698.0,699.0
7049.0,1629.0,1671.0,1619.0,723.0,712.0,695.0
7021.0,1625.0,1669.0,1617.0,712.0,710.0,688.0
6925.0,1640.0,1629.0,1579.0,699.0,692.0,686.0
6806.0,1566.0,1607.0,1588.0,687.0,678.0,680.0
6898.0,1618.0,1617.0,1596.0,685.0,690.0,692.0
6920.0,1644.0,1641.0,1549.0,688.0,702.0,696.0
6872.0,1640.0,1621.0,1593.0,674.0,662.0,682.0
6861.0,1618.0,1630.0,1565.0,670.0,686.0,692.0
6825.0,1623.0,1595.0,1569.0,685.0,672.0,681.0
6743.0,1571.0,1560.0,1598.0,672.0,667.0,675.0
6885.0,1620.0,1587.0,1614.0,681.0,679.0,704.0
6988.0,1626.0,1600.0,1665.0,687.0,709.0,701.0
7147.0,1688.0,1619.0,1722.0,719.0,695.0,704.0
7030.0,1648.0,1589.0,1660.0,692.0,702.0,739.0
7057.0,1641.0,1615.0,1693.0,690.0,694.0,724.0
7017.0,1648.0,1626.0,1618.0,713.0,709.0,703.0
7136.0,1634.0,1688.0,1660.0,709.0,713.0,732.0
7379.0,1743.0,1719.0,1724.0,729.0,720.0,744.0
7074.0,1662.0,1662.0,1620.0,712.0,706.0,712.0
7326.0,1733.0,1692.0,1705.0,731.0,723.0,742.0
7329.0,1732.0,1722.0,1678.0,737.0,728.0,732.0
7324.0,1700.0,1738.0,1688.0,739.0,730.0,729.0
7146.0,1654.0,1683.0,1636.0,727.0,733.0,713.0
7057.0,1617.0,1676.0,1638.0,713.0,706.0,707.0
7083.0,1645.0,1643.0,1651.0,719.0,717.0,708.0
7054.0,1665.0,1640.0,1642.0,702.0,707.0,698.0
7007.0,1648.0,1641.0,1586.0,712.0,705.0,715.0
6950.0,1640.0,1585.0,1655.0,694.0,695.0,681.0
7026.0,1670.0,1611.0,1640.0,691.0,726.0,688.0
6965.0,1620.0,1621.0,1625.0,696.0,705.0,698.0
7022.0,1673.0,1590.0,1623.0,706.0,717.0,713.0
6845.0,1576.0,1599.0,1575.0,696.0,694.0,705.0
6911.0,1651.0,1589.0,1628.0,683.0,678.0,682.0
6914.0,1580.0,1596.0,1654.0,709.0,697.0,678.0
6904.0,1629.0,1602.0,1615.0,690.0,687.0,681.0
6884.0,1572.0,1639.0,1620.0,683.0,676.0,694.0
6887.0,1644.0,1597.0,1601.0,685.0,685.0,675.0
7025.0,1588.0,1681.0,1665.0,704.0,695.0,692.0
6998.0,1612.0,1654.0,1657.0,697.0,694.0,684.0
7204.0,1689.0,1696.0,1681.0,716.0,715.0,707.0
6985.0,1627.0,1626.0,1665.0,694.0,692.0,681.0
7283.0,1711.0,1734.0,1674.0,734.0,705.0,725.0
7166.0,1686.0,1669.0,1691.0,705.0,710.0,705.0
7235.0,1719.0,1718.0,1657.0,707.0,725.0,709.0
7097.0,1652.0,1668.0,1636.0,721.0,698.0,722.0
7154.0,1694.0,1650.0,1641.0,718.0,735.0,716.0
7204.0,1691.0,1684.0,1678.0,733.0,718.0,700.0
7089.0,1682.0,1635.0,1627.0,732.0,718.0,695.0
6990.0,1632.0,1647.0,1602.0,706.0,692.0,711.0
7272.0,1678.0,1675.0,1712.0,733.0,733.0,741.0
7187.0,1632.0,1658.0,1689.0,739.0,732.0,737.0
7243.0,1711.0,1689.0,1647.0,749.0,716.0,731.0
7063.0,1662.0,1664.0,1605.0,724.0,693.0,715.0
7202.0,1718.0,1656.0,1657.0,715.0,730.0,726.0
7068.0,1655.0,1684.0,1606.0,720.0,698.0,705.0
7107.0,1656.0,1654.0,1675.0,700.0,703.0,719.0
7036.0,1651.0,1664.0,1618.0,691.0,701.0,711.0
6961.0,1594.0,1650.0,1638.0,677.0,701.0,701.0
7052.0,1649.0,1637.0,1642.0,705.0,710.0,709.0
6989.0,1637.0,1617.0,1639.0,686.0,702.0,708.0
6972.0,1623.0,1611.0,1650.0,684.0,704.0,700.0
6941.0,1570.0,1643.0,1618.0,692.0,710.0,708.0
6988.0,1623.0,1625.0,1647.0,697.0,704.0,692.0
7012.0,1588.0,1645.0,1658.0,701.0,715.0,705.0
7003.0,1615.0,1643.0,1635.0,694.0,703.0,713.0
7145.0,1681.0,1651.0,1669.0,716.0,709.0,719.0
7206.0,1666.0,1693.0,1692.0,713.0,713.0,729.0
7001.0,1644.0,1623.0,1639.0,683.0,715.0,697.0
7148.0,1694.0,1650.0,1674.0,701.0,719.0,710.0
7321.0,1733.0,1704.0,1690.0,714.0,729.0,751.0
7300.0,1711.0,1701.0,1681.0,729.0,737.0,741.0
7216.0,1676.0,1711.0,1652.0,738.0,731.0,708.0
7135.0,1649.0,1686.0,1638.0,711.0,717.0,734.0
7144.0,1704.0,1697.0,1610.0,710.0,712.0,711.0
7263.0,1706.0,1725.0,1663.0,729.0,721.0,719.0
7066.0,1668.0,1674.0,1616.0,711.0,706.0,691.0
7357.0,1694.0,1735.0,1704.0,744.0,732.0,748.0
7192.0,1671.0,1726.0,1656.0,728.0,709.0,702.0
7190.0,1667.0,1699.0,1672.0,726.0,725.0,701.0
7243.0,1656.0,1726.0,1710.0,738.0,704.0,709.0
7214.0,1719.0,1624.0,1701.0,740.0,711.0,719.0
7313.0,1706.0,1688.0,1726.0,754.0,716.0,723.0
7067.0,1665.0,1618.0,1680.0,708.0,709.0,687.0
7119.0,1683.0,1642.0,1667.0,726.0,699.0,702.0
6951.0,1639.0,1610.0,1622.0,708.0,676.0,696.0
7074.0,1650.0,1604.0,1671.0,720.0,715.0,714.0
7023.0,1583.0,1674.0,1638.0,707.0,703.0,718.0
7081.0,1614.0,1665.0,1691.0,691.0,710.0,710.0
7004.0,1627.0,1636.0,1643.0,695.0,697.0,706.0
7103.0,1682.0,1662.0,1643.0,702.0,708.0,706.0
6950.0,1613.0,1646.0,1610.0,689.0,695.0,697.0
7215.0,1696.0,1670.0,1679.0,703.0,744.0,723.0
7113.0,1618.0,1684.0,1659.0,695.0,735.0,722.0
7335.0,1743.0,1714.0,1706.0,717.0,728.0,727.0
7434.0,1715.0,1732.0,1722.0,746.0,759.0,760.0
7161.0,1655.0,1692.0,1669.0,698.0,714.0,733.0
7375.0,1734.0,1727.0,1692.0,733.0,754.0,735.0
7295.0,1708.0,1705.0,1686.0,730.0,732.0,734.0
7258.0,1681.0,1726.0,1667.0,719.0,735.0,730.0
7468.0,1749.0,1742.0,1726.0,739.0,747.0,765.0
7354.0,1685.0,1749.0,1701.0,732.0,731.0,756.0
7286.0,1690.0,1686.0,1723.0,719.0,733.0,735.0
7189.0,1648.0,1679.0,1684.0,737.0,727.0,714.0
7275.0,1698.0,1676.0,1724.0,724.0,735.0,718.0
7143.0,1635.0,1648.0,1686.0,717.0,722.0,735.0
7363.0,1691.0,1705.0,1754.0,735.0,736.0,742.0
7225.0,1675.0,1690.0,1705.0,720.0,713.0,722.0
7137.0,1695.0,1650.0,1677.0,704.0,698.0,713.0
7085.0,1630.0,1678.0,1656.0,709.0,698.0,714.0
7109.0,1703.0,1643.0,1646.0,721.0,703.0,693.0
6961.0,1630.0,1615.0,1618.0,721.0,690.0,687.0
7071.0,1655.0,1640.0,1676.0,707.0,693.0,700.0
7116.0,1603.0,1687.0,1659.0,732.0,713.0,722.0
7034.0,1607.0,1671.0,1635.0,703.0,715.0,703.0
7199.0,1663.0,1707.0,1684.0,721.0,719.0,705.0
7167.0,1694.0,1702.0,1656.0,712.0,711.0,692.0
7187.0,1659.0,1690.0,1672.0,737.0,731.0,698.0
7163.0,1702.0,1664.0,1666.0,716.0,713.0,702.0
7232.0,1700.0,1642.0,1710.0,726.0,724.0,730.0
7329.0,1737.0,1689.0,1693.0,728.0,729.0,753.0
7299.0,1714.0,1713.0,1688.0,714.0,732.0,738.0
7256.0,1752.0,1671.0,1667.0,726.0,730.0,710.0
7292.0,1686.0,1698.0,1705.0,741.0,725.0,737.0
7354.0,1751.0,1718.0,1686.0,722.0,751.0,726.0
7339.0,1733.0,1701.0,1686.0,741.0,749.0,729.0
7499.0,1751.0,1761.0,1747.0,741.0,761.0,738.0
7468.0,1709.0,1764.0,1728.0,765.0,756.0,746.0
7425.0,1715.0,1736.0,1751.0,727.0,746.0,750.0
7317.0,1699.0,1688.0,1732.0,727.0,745.0,726.0
7458.0,1697.0,1766.0,1755.0,749.0,747.0,744.0
7344.0,1707.0,1722.0,1705.0,734.0,739.0,737.0
7322.0,1708.0,1704.0,1719.0,711.0,746.0,734.0
7367.0,1685.0,1728.0,1733.0,740.0,735.0,746.0
7250.0,1725.0,1667.0,1708.0,716.0,704.0,730.0
7354.0,1726.0,1676.0,1738.0,745.0,739.0,730.0
7276.0,1706.0,1675.0,1691.0,727.0,744.0,733.0
7077.0,1673.0,1655.0,1626.0,705.0,704.0,714.0
7058.0,1629.0,1625.0,1663.0,718.0,704.0,719.0
7127.0,1676.0,1655.0,1659.0,719.0,702.0,716.0
7194.0,1661.0,1660.0,1700.0,729.0,710.0,734.0
7179.0,1656.0,1680.0,1665.0,727.0,719.0,732.0
7248.0,1688.0,1668.0,1700.0,745.0,705.0,742.0
7118.0,1657.0,1672.0,1641.0,714.0,709.0,725.0
7023.0,1655.0,1661.0,1593.0,700.0,709.0,705.0
7165.0,1698.0,1698.0,1648.0,709.0,695.0,717.0
7263.0,1728.0,1696.0,1666.0,733.0,721.0,719.0
7333.0,1736.0,1766.0,1664.0,723.0,723.0,721.0
7450.0,1775.0,1768.0,1697.0,741.0,731.0,738.0
7397.0,1701.0,1780.0,1714.0,730.0,733.0,739.0
7512.0,1767.0,1770.0,1777.0,742.0,735.0,721.0
7253.0,1761.0,1695.0,1641.0,707.0,710.0,739.0
7427.0,1709.0,1759.0,1742.0,741.0,737.0,739.0
7597.0,1783.0,1763.0,1807.0,750.0,748.0,746.0
7358.0,1667.0,1745.0,1725.0,727.0,754.0,740.0
7504.0,1713.0,1744.0,1793.0,754.0,761.0,739.0
7192.0,1674.0,1693.0,1658.0,732.0,717.0,718.0
7413.0,1706.0,1697.0,1750.0,753.0,774.0,733.0
7151.0,1656.0,1653.0,1682.0,728.0,721.0,711.0
7146.0,1675.0,1662.0,1684.0,719.0,710.0,696.0
7450.0,1760.0,1703.0,1755.0,767.0,740.0,725.0
7320.0,1735.0,1652.0,1746.0,714.0,747.0,726.0
7312.0,1708.0,1738.0,1692.0,739.0,717.0,718.0
7102.0,1633.0,1681.0,1642.0,718.0,729.0,699.0
7207.0,1696.0,1657.0,1674.0,733.0,720.0,727.0
7273.0,1699.0,1707.0,1659.0,733.0,738.0,737.0
7133.0,1639.0,1686.0,1657.0,719.0,709.0,723.0
7159.0,1678.0,1699.0,1636.0,730.0,710.0,706.0
7016.0,1590.0,1658.0,1616.0,729.0,714.0,709.0
7233.0,1656.0,1714.0,1674.0,732.0,721.0,736.0
7106.0,1625.0,1696.0,1628.0,726.0,703.0,728.0
7234.0,1692.0,1693.0,1672.0,726.0,723.0,728.0
7378.0,1712.0,1733.0,1734.0,729.0,728.0,742.0
7525.0,1799.0,1750.0,1711.0,760.0,751.0,754.0
7489.0,1769.0,1736.0,1745.0,746.0,732.0,761.0
7556.0,1778.0,1721.0,1798.0,750.0,736.0,773.0
7472.0,1768.0,1695.0,1793.0,745.0,718.0,753.0
7541.0,1792.0,1729.0,1770.0,747.0,749.0,754.0
7468.0,1753.0,1709.0,1768.0,741.0,745.0,752.0
7570.0,1749.0,1732.0,1785.0,749.0,760.0,795.0
7558.0,1743.0,1763.0,1805.0,753.0,733.0,761.0
7383.0,1685.0,1741.0,1759.0,731.0,721.0,746.0
7560.0,1747.0,1767.0,1785.0,752.0,751.0,758.0
7360.0,1707.0,1720.0,1748.0,715.0,733.0,737.0
7405.0,1736.0,1691.0,1748.0,736.0,750.0,744.0
7389.0,1740.0,1730.0,1762.0,716.0,727.0,714.0
7154.0,1661.0,1684.0,1687.0,713.0,713.0,696.0
7317.0,1729.0,1695.0,1708.0,735.0,725.0,725.0
7209.0,1694.0,1725.0,1666.0,712.0,719.0,693.0
7291.0,1691.0,1716.0,1704.0,734.0,731.0,715.0
7221.0,1739.0,1682.0,1649.0,726.0,719.0,706.0
7239.0,1700.0,1702.0,1679.0,726.0,713.0,719.0
7179.0,1657.0,1661.0,1687.0,722.0,732.0,720.0
7100.0,1637.0,1667.0,1634.0,724.0,722.0,716.0
7371.0,1711.0,1703.0,1705.0,751.0,747.0,754.0
7271.0,1718.0,1689.0,1656.0,742.0,731.0,735.0
7473.0,1720.0,1772.0,1752.0,749.0,730.0,750.0
7452.0,1743.0,1727.0,1721.0,767.0,763.0,731.0
7439.0,1724.0,1713.0,1759.0,751.0,757.0,735.0
7470.0,1761.0,1724.0,1751.0,745.0,752.0,737.0
7614.0,1802.0,1778.0,1772.0,758.0,763.0,741.0
7725.0,1815.0,1771.0,1812.0,778.0,770.0,779.0
7732.0,1800.0,1795.0,1846.0,779.0,766.0,746.0
7618.0,1785.0,1756.0,1814.0,759.0,746.0,758.0
7425.0,1704.0,1747.0,1741.0,740.0,755.0,738.0
7490.0,1721.0,1786.0,1764.0,720.0,743.0,756.0
7615.0,1760.0,1800.0,1798.0,743.0,758.0,756.0
7605.0,1732.0,1789.0,1808.0,754.0,749.0,773.0
7517.0,1783.0,1753.0,1744.0,728.0,751.0,758.0
7650.0,1775.0,1812.0,1775.0,758.0,769.0,761.0
7182.0,1655.0,1656.0,1701.0,740.0,706.0,724.0
7303.0,1751.0,1699.0,1673.0,724.0,723.0,733.0
7392.0,1758.0,1720.0,1702.0,727.0,747.0,738.0
7226.0,1715.0,1667.0,1671.0,721.0,718.0,734.0
7580.0,1800.0,1735.0,1767.0,754.0,751.0,773.0
7272.0,1713.0,1694.0,1695.0,717.0,720.0,733.0
7189.0,1687.0,1674.0,1674.0,712.0,711.0,731.0
7436.0,1738.0,1752.0,1733.0,741.0,728.0,744.0
7282.0,1690.0,1726.0,1659.0,729.0,736.0,742.0
7324.0,1716.0,1712.0,1692.0,751.0,718.0,735.0
7250.0,1667.0,1716.0,1685.0,714.0,727.0,741.0
7296.0,1679.0,1719.0,1713.0,720.0,730.0,735.0
7386.0,1717.0,1732.0,1715.0,757.0,735.0,730.0
7526.0,1763.0,1756.0,1739.0,755.0,751.0,762.0
7374.0,1740.0,1719.0,1662.0,754.0,759.0,740.0
7465.0,1762.0,1703.0,1761.0,738.0,762.0,739.0
7641.0,1821.0,1747.0,1783.0,771.0,763.0,756.0
7699.0,1786.0,1773.0,1834.0,767.0,778.0,761.0
7599.0,1747.0,1764.0,1796.0,774.0,775.0,743.0
7663.0,1797.0,1731.0,1820.0,776.0,777.0,762.0
7561.0,1776.0,1749.0,1730.0,770.0,779.0,757.0
7587.0,1746.0,1762.0,1793.0,755.0,765.0,766.0
7433.0,1721.0,1720.0,1751.0,758.0,754.0,729.0
7389.0,1710.0,1698.0,1742.0,735.0,764.0,740.0
7447.0,1723.0,1729.0,1750.0,743.0,768.0,734.0
7645.0,1799.0,1782.0,1771.0,763.0,764.0,766.0
7469.0,1758.0,1759.0,1723.0,734.0,756.0,739.0
7388.0,1710.0,1766.0,1693.0,739.0,744.0,736.0
7398.0,1750.0,1782.0,1666.0,740.0,729.0,731.0
7522.0,1776.0,1801.0,1725.0,740.0,744.0,736.0
7478.0,1766.0,1765.0,1717.0,748.0,744.0,738.0
7575.0,1765.0,1816.0,1737.0,753.0,742.0,762.0
7247.0,1706.0,1684.0,1688.0,735.0,716.0,718.0
7302.0,1723.0,1731.0,1660.0,732.0,728.0,728.0
7437.0,1720.0,1754.0,1735.0,742.0,741.0,745.0
7177.0,1648.0,1676.0,1678.0,721.0,723.0,731.0
7294.0,1686.0,1699.0,1696.0,748.0,733.0,732.0
7490.0,1761.0,1739.0,1756.0,748.0,741.0,745.0
7463.0,1738.0,1728.0,1780.0,749.0,729.0,739.0
7494.0,1748.0,1740.0,1747.0,752.0,748.0,759.0
7533.0,1814.0,1727.0,1730.0,765.0,741.0,756.0
7602.0,1824.0,1756.0,1760.0,758.0,749.0,755.0
7636.0,1789.0,1741.0,1792.0,778.0,753.0,783.0
7789.0,1845.0,1795.0,1801.0,785.0,771.0,792.0
7630.0,1766.0,1772.0,1788.0,757.0,762.0,785.0
7563.0,1770.0,1733.0,1778.0,753.0,760.0,769.0
7562.0,1794.0,1774.0,1732.0,772.0,748.0,742.0
7675.0,1794.0,1804.0,1734.0,796.0,771.0,776.0
7475.0,1713.0,1761.0,1724.0,749.0,757.0,771.0
7649.0,1767.0,1796.0,1782.0,754.0,778.0,772.0
7533.0,1697.0,1768.0,1758.0,773.0,779.0,758.0
7624.0,1747.0,1792.0,1804.0,754.0,756.0,771.0
7549.0,1755.0,1776.0,1758.0,761.0,751.0,748.0
7474.0,1751.0,1737.0,1723.0,753.0,762.0,748.0
7391.0,1771.0,1678.0,1720.0,733.0,751.0,738.0
7276.0,1725.0,1700.0,1656.0,727.0,746.0,722.0
7335.0,1760.0,1710.0,1712.0,712.0,725.0,716.0
7513.0,1773.0,1731.0,1730.0,773.0,762.0,744.0
7280.0,1714.0,1661.0,1728.0,736.0,729.0,712.0
7285.0,1719.0,1657.0,1723.0,718.0,744.0,724.0
7262.0,1726.0,1665.0,1681.0,736.0,737.0,717.0
7314.0,1716.0,1714.0,1691.0,733.0,736.0,724.0
7273.0,1655.0,1700.0,1736.0,720.0,741.0,721.0
7544.0,1729.0,1791.0,1783.0,739.0,761.0,741.0
7574.0,1790.0,1762.0,1783.0,751.0,748.0,740.0
7443.0,1714.0,1743.0,1782.0,743.0,721.0,740.0
7704.0,1833.0,1759.0,1826.0,775.0,752.0,759.0
7530.0,1790.0,1726.0,1756.0,759.0,748.0,751.0
7522.0,1779.0,1737.0,1746.0,769.0,761.0,730.0
7592.0,1757.0,1758.0,1805.0,778.0,740.0,754.0
7760.0,1815.0,1838.0,1780.0,787.0,753.0,787.0
7907.0,1881.0,1853.0,1803.0,807.0,775.0,788.0
7618.0,1787.0,1777.0,1769.0,769.0,751.0,765.0
7691.0,1793.0,1780.0,1799.0,784.0,753.0,782.0
7676.0,1799.0,1813.0,1747.0,768.0,766.0,783.0
7636.0,1757.0,1783.0,1792.0,777.0,766.0,761.0
7594.0,1768.0,1735.0,1779.0,776.0,763.0,773.0
7548.0,1751.0,1745.0,1761.0,781.0,752.0,758.0
7433.0,1736.0,1711.0,1730.0,744.0,743.0,769.0
7420.0,1732.0,1723.0,1715.0,749.0,750.0,751.0
7724.0,1799.0,1811.0,1800.0,771.0,770.0,773.0
7437.0,1750.0,1740.0,1709.0,734.0,746.0,758.0
7339.0,1733.0,1711.0,1670.0,728.0,743.0,754.0
7497.0,1748.0,1736.0,1767.0,736.0,757.0,753.0
7390.0,1687.0,1704.0,1760.0,723.0,763.0,753.0
7603.0,1735.0,1818.0,1762.0,746.0,773.0,769.0
7404.0,1707.0,1728.0,1741.0,730.0,749.0,749.0
7451.0,1722.0,1734.0,1765.0,733.0,749.0,748.0
7435.0,1690.0,1751.0,1759.0,724.0,761.0,750.0
7607.0,1758.0,1804.0,1774.0,752.0,760.0,759.0
7571.0,1728.0,1757.0,1790.0,751.0,774.0,771.0
7692.0,1797.0,1782.0,1803.0,759.0,782.0,769.0
7541.0,1758.0,1796.0,1720.0,750.0,763.0,754.0
7651.0,1778.0,1794.0,1788.0,757.0,766.0,768.0
7721.0,1836.0,1780.0,1790.0,774.0,771.0,770.0
7929.0,1869.0,1842.0,1824.0,819.0,788.0,787.0
7783.0,1829.0,1787.0,1814.0,784.0,789.0,780.0
7761.0,1835.0,1801.0,1784.0,799.0,777.0,765.0
7676.0,1773.0,1823.0,1766.0,781.0,783.0,750.0
7647.0,1777.0,1782.0,1767.0,777.0,781.0,763.0
7702.0,1806.0,1787.0,1807.0,782.0,762.0,758.0
7797.0,1812.0,1829.0,1811.0,793.0,778.0,774.0
7627.0,1753.0,1821.0,1758.0,763.0,777.0,755.0
7674.0,1791.0,1831.0,1766.0,776.0,754.0,756.0
7709.0,1815.0,1807.0,1785.0,772.0,761.0,769.0
7593.0,1760.0,1787.0,1777.0,776.0,757.0,736.0
7531.0,1771.0,1766.0,1771.0,743.0,738.0,742.0
7610.0,1794.0,1771.0,1777.0,759.0,750.0,759.0
7517.0,1788.0,1742.0,1783.0,725.0,735.0,744.0
7565.0,1751.0,1729.0,1811.0,752.0,762.0,760.0
7414.0,1769.0,1690.0,1730.0,731.0,748.0,746.0
7438.0,1748.0,1698.0,1776.0,742.0,736.0,738.0
7518.0,1785.0,1743.0,1745.0,735.0,754.0,756.0
7481.0,1724.0,1735.0,1772.0,749.0,757.0,744.0
7437.0,1715.0,1755.0,1726.0,741.0,743.0,757.0
7369.0,1703.0,1684.0,1746.0,734.0,739.0,763.0
7526.0,1748.0,1765.0,1730.0,757.0,759.0,767.0
7521.0,1734.0,1751.0,1763.0,754.0,772.0,747.0
7621.0,1767.0,1746.0,1783.0,772.0,788.0,765.0
7725.0,1813.0,1813.0,1754.0,778.0,782.0,785.0
7782.0,1825.0,1839.0,1790.0,760.0,779.0,789.0
7772.0,1828.0,1829.0,1774.0,775.0,791.0,775.0
7864.0,1875.0,1817.0,1807.0,790.0,789.0,786.0
7870.0,1867.0,1841.0,1793.0,794.0,790.0,785.0
7865.0,1832.0,1851.0,1799.0,794.0,802.0,787.0
7754.0,1805.0,1797.0,1792.0,794.0,783.0,783.0
7699.0,1777.0,1792.0,1780.0,789.0,782.0,779.0
7803.0,1802.0,1804.0,1852.0,792.0,775.0,778.0
7739.0,1797.0,1816.0,1764.0,784.0,788.0,790.0
7817.0,1800.0,1803.0,1875.0,778.0,782.0,779.0
7764.0,1851.0,1767.0,1805.0,797.0,771.0,773.0
7571.0,1793.0,1714.0,1780.0,763.0,758.0,763.0
7592.0,1753.0,1754.0,1810.0,764.0,748.0,763.0
7602.0,1756.0,1758.0,1797.0,778.0,762.0,751.0
7638.0,1802.0,1741.0,1843.0,759.0,749.0,744.0
7578.0,1800.0,1722.0,1797.0,765.0,740.0,754.0
7474.0,1745.0,1730.0,1747.0,763.0,742.0,747.0
7487.0,1718.0,1784.0,1761.0,755.0,734.0,735.0
7578.0,1776.0,1783.0,1781.0,747.0,746.0,745.0
7473.0,1723.0,1784.0,1774.0,754.0,723.0,715.0
7566.0,1741.0,1778.0,1817.0,751.0,745.0,734.0
7616.0,1816.0,1779.0,1778.0,745.0,755.0,743.0
7554.0,1769.0,1783.0,1726.0,759.0,758.0,759.0
7483.0,1750.0,1726.0,1746.0,767.0,772.0,722.0
7702.0,1817.0,1824.0,1778.0,752.0,772.0,759.0
7726.0,1810.0,1831.0,1776.0,781.0,757.0,771.0
7648.0,1794.0,1779.0,1803.0,748.0,764.0,760.0
7884.0,1888.0,1805.0,1815.0,802.0,787.0,787.0
7866.0,1842.0,1834.0,1826.0,793.0,789.0,782.0
7797.0,1839.0,1790.0,1829.0,782.0,782.0,775.0
7888.0,1816.0,1834.0,1848.0,809.0,799.0,782.0
7805.0,1815.0,1790.0,1820.0,797.0,799.0,784.0
7884.0,1783.0,1862.0,1849.0,809.0,789.0,792.0
7917.0,1803.0,1835.0,1876.0,795.0,792.0,816.0
7843.0,1854.0,1783.0,1833.0,787.0,795.0,791.0
7954.0,1836.0,1859.0,1860.0,798.0,794.0,807.0
7819.0,1819.0,1851.0,1816.0,787.0,784.0,762.0
7816.0,1821.0,1821.0,1810.0,788.0,785.0,791.0
7840.0,1799.0,1853.0,1820.0,769.0,809.0,790.0
7739.0,1795.0,1826.0,1802.0,773.0,774.0,769.0
7713.0,1798.0,1814.0,1801.0,772.0,751.0,777.0
7583.0,1799.0,1779.0,1747.0,749.0,752.0,757.0
7557.0,1756.0,1775.0,1760.0,757.0,749.0,760.0
7383.0,1734.0,1731.0,1678.0,745.0,749.0,746.0
7732.0,1829.0,1787.0,1801.0,771.0,758.0,786.0
7603.0,1756.0,1750.0,1804.0,743.0,757.0,793.0
7608.0,1736.0,1757.0,1820.0,773.0,762.0,760.0
7649.0,1811.0,1773.0,1772.0,766.0,765.0,762.0
7809.0,1800.0,1836.0,1810.0,784.0,785.0,794.0
7879.0,1837.0,1837.0,1828.0,792.0,788.0,797.0
7797.0,1867.0,1788.0,1819.0,763.0,777.0,783.0
7814.0,1844.0,1843.0,1810.0,764.0,765.0,788.0
7927.0,1860.0,1850.0,1853.0,796.0,790.0,778.0
7983.0,1871.0,1898.0,1868.0,780.0,775.0,791.0
7948.0,1889.0,1856.0,1856.0,763.0,793.0,791.0
7912.0,1829.0,1850.0,1857.0,785.0,798.0,793.0
7838.0,1842.0,1847.0,1807.0,788.0,781.0,773.0
7713.0,1819.0,1806.0,1828.0,763.0,757.0,740.0
7949.0,1833.0,1870.0,1880.0,803.0,777.0,786.0
7848.0,1781.0,1834.0,1868.0,798.0,784.0,783.0
7889.0,1819.0,1871.0,1842.0,785.0,793.0,779.0
7863.0,1826.0,1841.0,1856.0,785.0,790.0,765.0
7707.0,1795.0,1799.0,1811.0,780.0,766.0,756.0
7712.0,1822.0,1772.0,1786.0,781.0,775.0,776.0
7638.0,1804.0,1786.0,1763.0,750.0,770.0,765.0
7756.0,1843.0,1822.0,1787.0,776.0,768.0,760.0
7452.0,1771.0,1717.0,1730.0,763.0,744.0,727.0
7649.0,1794.0,1763.0,1795.0,782.0,757.0,758.0
7606.0,1732.0,1794.0,1793.0,767.0,754.0,766.0
7466.0,1756.0,1711.0,1723.0,774.0,755.0,747.0
7733.0,1792.0,1823.0,1803.0,768.0,768.0,779.0
7736.0,1791.0,1837.0,1766.0,781.0,769.0,792.0
7756.0,1805.0,1814.0,1777.0,787.0,785.0,788.0
7667.0,1804.0,1782.0,1771.0,761.0,772.0,777.0
7709.0,1818.0,1827.0,1760.0,771.0,770.0,763.0
7836.0,1802.0,1851.0,1819.0,788.0,783.0,793.0
7723.0,1800.0,1835.0,1780.0,761.0,774.0,773.0
7801.0,1837.0,1807.0,1800.0,781.0,782.0,794.0
7976.0,1868.0,1881.0,1840.0,786.0,799.0,802.0
7998.0,1879.0,1882.0,1857.0,773.0,786.0,821.0
7872.0,1829.0,1822.0,1847.0,784.0,789.0,801.0
7884.0,1860.0,1801.0,1860.0,768.0,797.0,798.0
7886.0,1804.0,1861.0,1899.0,768.0,767.0,787.0
7884.0,1812.0,1843.0,1854.0,775.0,793.0,807.0
7921.0,1815.0,1846.0,1877.0,785.0,789.0,809.0
7984.0,1842.0,1881.0,1864.0,801.0,803.0,793.0
8015.0,1861.0,1853.0,1902.0,792.0,798.0,809.0
7888.0,1795.0,1834.0,1884.0,785.0,790.0,800.0
7886.0,1858.0,1861.0,1806.0,798.0,792.0,771.0
7791.0,1799.0,1812.0,1852.0,776.0,771.0,781.0
7925.0,1900.0,1862.0,1815.0,805.0,759.0,784.0
7784.0,1812.0,1831.0,1780.0,791.0,794.0,776.0
7650.0,1834.0,1773.0,1739.0,778.0,756.0,770.0
7749.0,1829.0,1842.0,1767.0,781.0,771.0,759.0
7656.0,1779.0,1818.0,1750.0,789.0,764.0,756.0
7618.0,1762.0,1792.0,1757.0,776.0,777.0,754.0
7749.0,1787.0,1866.0,1790.0,763.0,782.0,761.0
7731.0,1800.0,1829.0,1814.0,767.0,762.0,759.0
7705.0,1800.0,1780.0,1794.0,786.0,781.0,764.0
7804.0,1832.0,1811.0,1825.0,794.0,774.0,768.0
7972.0,1874.0,1845.0,1849.0,802.0,816.0,786.0
7872.0,1855.0,1831.0,1822.0,781.0,801.0,782.0
7884.0,1868.0,1820.0,1840.0,789.0,786.0,781.0
8004.0,1902.0,1851.0,1858.0,784.0,804.0,805.0
8065.0,1913.0,1869.0,1865.0,801.0,812.0,805.0
8006.0,1911.0,1800.0,1912.0,793.0,807.0,783.0
8077.0,1894.0,1870.0,1901.0,806.0,806.0,800.0
8002.0,1876.0,1870.0,1887.0,791.0,805.0,773.0
8017.0,1886.0,1863.0,1892.0,796.0,790.0,790.0
7964.0,1855.0,1884.0,1839.0,791.0,801.0,794.0
7852.0,1793.0,1877.0,1842.0,757.0,785.0,798.0
7894.0,1825.0,1852.0,1826.0,784.0,791.0,816.0
7870.0,1836.0,1830.0,1824.0,791.0,781.0,808.0
7958.0,1865.0,1828.0,1881.0,792.0,794.0,798.0
8051.0,1887.0,1875.0,1862.0,807.0,806.0,814.0
7754.0,1807.0,1836.0,1791.0,769.0,774.0,777.0
7881.0,1856.0,1858.0,1809.0,801.0,769.0,788.0
7795.0,1840.0,1776.0,1830.0,785.0,774.0,790.0
7603.0,1798.0,1753.0,1740.0,774.0,750.0,788.0
7737.0,1844.0,1785.0,1786.0,796.0,752.0,774.0
7835.0,1819.0,1827.0,1823.0,797.0,791.0,778.0
7687.0,1822.0,1772.0,1785.0,775.0,744.0,789.0
7766.0,1798.0,1816.0,1812.0,786.0,775.0,779.0
7745.0,1808.0,1786.0,1808.0,781.0,777.0,785.0
7709.0,1776.0,1775.0,1823.0,792.0,758.0,785.0
7744.0,1780.0,1800.0,1841.0,777.0,774.0,772.0
7869.0,1813.0,1856.0,1855.0,787.0,772.0,786.0
7952.0,1868.0,1872.0,1868.0,786.0,789.0,769.0
8137.0,1864.0,1898.0,1933.0,815.0,808.0,819.0
8031.0,1886.0,1869.0,1874.0,810.0,799.0,793.0
7998.0,1861.0,1885.0,1878.0,803.0,790.0,781.0
8074.0,1885.0,1875.0,1959.0,797.0,776.0,782.0
8186.0,1941.0,1876.0,1932.0,818.0,827.0,792.0
8121.0,1877.0,1908.0,1939.0,791.0,817.0,789.0
8083.0,1865.0,1870.0,1906.0,800.0,830.0,812.0
8070.0,1852.0,1848.0,1924.0,811.0,829.0,806.0
8032.0,1833.0,1887.0,1878.0,805.0,830.0,799.0
7927.0,1838.0,1873.0,1851.0,785.0,811.0,769.0
7919.0,1834.0,1841.0,1851.0,801.0,802.0,790.0
7903.0,1854.0,1841.0,1830.0,785.0,798.0,795.0
8006.0,1890.0,1876.0,1835.0,810.0,798.0,797.0
7864.0,1819.0,1858.0,1845.0,768.0,788.0,786.0
7903.0,1893.0,1800.0,1829.0,793.0,794.0,794.0
7828.0,1879.0,1828.0,1776.0,800.0,785.0,760.0
7819.0,1832.0,1839.0,1806.0,770.0,805.0,767.0
7983.0,1877.0,1868.0,1850.0,799.0,795.0,794.0
7924.0,1864.0,1861.0,1840.0,788.0,778.0,793.0
7754.0,1808.0,1825.0,1796.0,771.0,777.0,777.0
7783.0,1776.0,1832.0,1820.0,784.0,774.0,797.0
7873.0,1824.0,1866.0,1835.0,792.0,781.0,775.0
7833.0,1809.0,1853.0,1838.0,778.0,771.0,784.0
8070.0,1856.0,1883.0,1905.0,815.0,798.0,813.0
8025.0,1880.0,1865.0,1888.0,814.0,783.0,795.0
8059.0,1878.0,1870.0,1895.0,798.0,795.0,823.0
8083.0,1866.0,1897.0,1889.0,815.0,802.0,814.0
8032.0,1879.0,1851.0,1916.0,796.0,786.0,804.0
8015.0,1876.0,1837.0,1882.0,808.0,804.0,808.0
8107.0,1896.0,1875.0,1907.0,803.0,800.0,826.0
8121.0,1909.0,1865.0,1904.0,819.0,815.0,809.0
8138.0,1900.0,1887.0,1902.0,824.0,805.0,820.0
8194.0,1887.0,1950.0,1910.0,799.0,810.0,838.0
8126.0,1877.0,1923.0,1878.0,798.0,813.0,837.0
8031.0,1886.0,1909.0,1831.0,792.0,807.0,806.0
8158.0,1879.0,1959.0,1900.0,795.0,814.0,811.0
7922.0,1841.0,1875.0,1802.0,785.0,815.0,804.0
7981.0,1821.0,1895.0,1872.0,788.0,796.0,809.0
7889.0,1819.0,1891.0,1794.0,777.0,807.0,801.0
7866.0,1814.0,1863.0,1852.0,783.0,781.0,773.0
7874.0,1856.0,1857.0,1815.0,762.0,814.0,770.0
7834.0,1845.0,1800.0,1816.0,779.0,797.0,797.0
7815.0,1860.0,1801.0,1829.0,753.0,797.0,775.0
7862.0,1861.0,1828.0,1815.0,769.0,809.0,780.0
7842.0,1832.0,1819.0,1815.0,793.0,786.0,797.0
7893.0,1828.0,1823.0,1857.0,805.0,803.0,777.0
7861.0,1816.0,1829.0,1857.0,793.0,791.0,775.0
7871.0,1816.0,1798.0,1874.0,790.0,813.0,780.0
7782.0,1796.0,1846.0,1824.0,775.0,774.0,767.0
7971.0,1841.0,1859.0,1886.0,806.0,785.0,794.0
8167.0,1907.0,1875.0,1934.0,822.0,821.0,808.0
8013.0,1866.0,1860.0,1898.0,808.0,800.0,781.0
7988.0,1878.0,1891.0,1807.0,818.0,801.0,793.0
8093.0,1911.0,1910.0,1855.0,825.0,795.0,797.0
8194.0,1930.0,1932.0,1881.0,819.0,811.0,821.0
8298.0,1962.0,1958.0,1908.0,837.0,818.0,815.0
8007.0,1882.0,1842.0,1859.0,812.0,802.0,810.0
8183.0,1892.0,1925.0,1911.0,807.0,821.0,827.0
8371.0,1947.0,1974.0,1943.0,835.0,834.0,838.0
8225.0,1909.0,1953.0,1906.0,824.0,822.0,811.0
7973.0,1861.0,1866.0,1827.0,817.0,790.0,812.0
8092.0,1893.0,1875.0,1900.0,806.0,802.0,816.0
7961.0,1867.0,1840.0,1859.0,788.0,799.0,808.0
8049.0,1853.0,1896.0,1901.0,798.0,804.0,797.0
7956.0,1870.0,1842.0,1839.0,787.0,800.0,818.0
8075.0,1885.0,1856.0,1883.0,824.0,815.0,812.0
7854.0,1870.0,1786.0,1824.0,781.0,789.0,804.0
7980.0,1889.0,1822.0,1860.0,801.0,795.0,813.0
7848.0,1888.0,1814.0,1819.0,765.0,776.0,786.0
8076.0,1923.0,1856.0,1899.0,790.0,800.0,808.0
7938.0,1837.0,1863.0,1846.0,804.0,800.0,788.0
7960.0,1831.0,1859.0,1862.0,806.0,797.0,805.0
7868.0,1798.0,1867.0,1856.0,769.0,783.0,795.0
7999.0,1819.0,1886.0,1895.0,795.0,800.0,804.0
8013.0,1828.0,1876.0,1870.0,807.0,818.0,814.0
7857.0,1780.0,1852.0,1826.0,793.0,802.0,804.0
8094.0,1877.0,1918.0,1895.0,809.0,801.0,794.0
8010.0,1832.0,1876.0,1886.0,796.0,809.0,811.0
8184.0,1917.0,1872.0,1919.0,827.0,838.0,811.0
8209.0,1917.0,1906.0,1886.0,826.0,841.0,833.0
8305.0,1949.0,1905.0,1958.0,842.0,832.0,819.0
8180.0,1941.0,1894.0,1892.0,825.0,821.0,807.0
8022.0,1917.0,1832.0,1830.0,821.0,814.0,808.0
8191.0,1926.0,1896.0,1924.0,823.0,819.0,803.0
8081.0,1867.0,1901.0,1856.0,835.0,810.0,812.0
8228.0,1899.0,1908.0,1925.0,829.0,830.0,837.0
8110.0,1895.0,1888.0,1866.0,828.0,822.0,811.0
8116.0,1864.0,1887.0,1934.0,808.0,806.0,817.0
8136.0,1867.0,1918.0,1915.0,805.0,825.0,806.0
8189.0,1914.0,1904.0,1921.0,825.0,816.0,809.0
8097.0,1933.0,1884.0,1885.0,789.0,803.0,803.0
7935.0,1852.0,1853.0,1859.0,785.0,786.0,800.0
8234.0,1926.0,1967.0,1934.0,812.0,785.0,810.0
7966.0,1863.0,1887.0,1855.0,789.0,791.0,781.0
8086.0,1875.0,1894.0,1928.0,788.0,803.0,798.0
7975.0,1861.0,1869.0,1890.0,781.0,769.0,805.0
8000.0,1849.0,1904.0,1893.0,775.0,798.0,781.0
7947.0,1841.0,1854.0,1864.0,805.0,780.0,803.0
7973.0,1857.0,1885.0,1843.0,787.0,788.0,813.0
8037.0,1861.0,1853.0,1906.0,800.0,809.0,808.0
7921.0,1802.0,1822.0,1899.0,794.0,788.0,816.0
7971.0,1842.0,1819.0,1918.0,790.0,799.0,803.0
8103.0,1888.0,1873.0,1881.0,825.0,823.0,813.0
8179.0,1886.0,1916.0,1897.0,831.0,828.0,821.0
8272.0,1923.0,1916.0,1927.0,843.0,834.0,829.0
8253.0,1913.0,1929.0,1927.0,826.0,842.0,816.0
8227.0,1938.0,1933.0,1867.0,827.0,825.0,837.0
8358.0,1933.0,1973.0,1917.0,836.0,836.0,863.0
8372.0,1970.0,1945.0,1933.0,832.0,864.0,828.0
8309.0,1932.0,1939.0,1902.0,854.0,835.0,847.0
8427.0,1971.0,1988.0,1913.0,845.0,851.0,859.0
8298.0,1914.0,1939.0,1950.0,842.0,848.0,805.0
8243.0,1896.0,1946.0,1912.0,823.0,828.0,838.0
8385.0,1949.0,1944.0,2001.0,829.0,816.0,846.0
8271.0,1941.0,1957.0,1884.0,836.0,830.0,823.0
8268.0,1920.0,1934.0,1942.0,816.0,831.0,825.0
8195.0,1893.0,1901.0,1925.0,836.0,826.0,814.0
8211.0,1941.0,1908.0,1910.0,801.0,823.0,828.0
8155.0,1926.0,1873.0,1940.0,803.0,806.0,807.0
8028.0,1881.0,1842.0,1915.0,792.0,807.0,791.0
8081.0,1905.0,1822.0,1964.0,779.0,803.0,808.0
8057.0,1875.0,1861.0,1908.0,802.0,816.0,795.0
8018.0,1865.0,1871.0,1921.0,787.0,796.0,778.0
8008.0,1880.0,1880.0,1895.0,794.0,786.0,773.0
7978.0,1847.0,1850.0,1892.0,788.0,805.0,796.0
8129.0,1874.0,1939.0,1892.0,818.0,818.0,788.0
7939.0,1845.0,1887.0,1842.0,795.0,798.0,772.0
8220.0,1936.0,1964.0,1900.0,805.0,805.0,810.0
8160.0,1915.0,1927.0,1884.0,809.0,814.0,811.0
8143.0,1867.0,1959.0,1882.0,820.0,797.0,818.0
8192.0,1922.0,1919.0,1906.0,808.0,812.0,825.0
8341.0,1955.0,1984.0,1930.0,835.0,820.0,817.0
8183.0,1946.0,1901.0,1898.0,819.0,810.0,809.0
8344.0,1969.0,1966.0,1919.0,838.0,817.0,835.0
8288.0,1982.0,1924.0,1910.0,824.0,831.0,817.0
8412.0,1968.0,1954.0,1959.0,847.0,838.0,846.0
8371.0,1899.0,1949.0,1987.0,864.0,853.0,819.0
8427.0,1943.0,1965.0,1952.0,872.0,842.0,853.0
8186.0,1899.0,1900.0,1894.0,842.0,811.0,840.0
8291.0,1915.0,1923.0,1939.0,843.0,831.0,840.0
8319.0,1909.0,1925.0,1973.0,840.0,846.0,826.0
8196.0,1903.0,1917.0,1909.0,827.0,816.0,824.0
8234.0,1953.0,1900.0,1919.0,815.0,831.0,816.0
8352.0,1923.0,1937.0,1992.0,829.0,832.0,839.0
8042.0,1881.0,1877.0,1878.0,784.0,810.0,812.0
8269.0,1906.0,1935.0,1938.0,823.0,834.0,833.0
8090.0,1882.0,1882.0,1906.0,808.0,803.0,809.0
8127.0,1914.0,1886.0,1897.0,819.0,802.0,809.0
8066.0,1887.0,1876.0,1866.0,808.0,815.0,814.0
8187.0,1887.0,1940.0,1911.0,818.0,809.0,822.0
7889.0,1823.0,1851.0,1841.0,779.0,791.0,804.0
8169.0,1890.0,1921.0,1876.0,822.0,833.0,827.0
8098.0,1905.0,1852.0,1871.0,817.0,829.0,824.0
8151.0,1919.0,1910.0,1873.0,819.0,812.0,818.0
8040.0,1903.0,1852.0,1850.0,808.0,820.0,807.0
8184.0,1933.0,1924.0,1896.0,809.0,821.0,801.0
8231.0,1954.0,1899.0,1920.0,825.0,803.0,830.0
8343.0,1945.0,1949.0,1957.0,830.0,830.0,832.0
8328.0,1979.0,1934.0,1920.0,832.0,823.0,840.0
8325.0,1995.0,1919.0,1928.0,840.0,813.0,830.0
8391.0,1971.0,1974.0,1941.0,846.0,825.0,834.0
8465.0,1994.0,1998.0,1960.0,843.0,838.0,832.0
8274.0,1926.0,1935.0,1912.0,844.0,831.0,826.0
8446.0,1950.0,1982.0,1982.0,844.0,851.0,837.0
8369.0,1912.0,1950.0,2002.0,847.0,834.0,824.0
8390.0,1906.0,1963.0,2004.0,847.0,845.0,825.0
8429.0,1923.0,1983.0,1992.0,849.0,841.0,841.0
8384.0,1909.0,2007.0,1977.0,839.0,841.0,811.0
8361.0,1973.0,1914.0,1966.0,842.0,840.0,826.0
8206.0,1982.0,1882.0,1887.0,829.0,816.0,810.0
8170.0,1927.0,1864.0,1918.0,845.0,824.0,792.0
8101.0,1901.0,1836.0,1927.0,828.0,816.0,793.0
8125.0,1918.0,1887.0,1883.0,809.0,808.0,820.0
8005.0,1916.0,1829.0,1846.0,802.0,818.0,794.0
8007.0,1890.0,1840.0,1840.0,815.0,812.0,810.0
8140.0,1917.0,1885.0,1882.0,825.0,817.0,814.0
8160.0,1889.0,1902.0,1862.0,828.0,844.0,835.0
8141.0,1884.0,1906.0,1898.0,814.0,817.0,822.0
8040.0,1840.0,1933.0,1841.0,795.0,817.0,814.0
8226.0,1917.0,1918.0,1901.0,826.0,830.0,834.0
8335.0,1921.0,1960.0,1931.0,819.0,863.0,841.0
8187.0,1886.0,1914.0,1928.0,824.0,817.0,818.0
8301.0,1898.0,1968.0,1969.0,816.0,826.0,824.0
8474.0,1998.0,1982.0,1947.0,829.0,845.0,873.0
8428.0,2026.0,1961.0,1950.0,823.0,831.0,837.0
8463.0,1966.0,1980.0,1973.0,840.0,849.0,855.0
8418.0,1965.0,1966.0,1969.0,838.0,839.0,841.0
8516.0,1970.0,1991.0,1992.0,855.0,862.0,846.0
8363.0,1960.0,1968.0,1945.0,825.0,832.0,833.0
8514.0,1985.0,1960.0,2014.0,854.0,852.0,849.0
8527.0,1978.0,1973.0,2011.0,873.0,848.0,844.0
8262.0,1918.0,1912.0,1949.0,831.0,820.0,832.0
8229.0,1883.0,1912.0,1941.0,837.0,816.0,840.0
8382.0,1941.0,1967.0,1977.0,838.0,812.0,847.0
8337.0,1942.0,1929.0,1945.0,848.0,833.0,840.0
8238.0,1905.0,1912.0,1911.0,837.0,819.0,854.0
8269.0,1922.0,1956.0,1931.0,831.0,804.0,825.0
8168.0,1915.0,1915.0,1874.0,841.0,811.0,812.0
8325.0,1965.0,1910.0,1952.0,843.0,827.0,828.0
8113.0,1889.0,1904.0,1872.0,836.0,807.0,805.0
8158.0,1925.0,1919.0,1901.0,825.0,803.0,785.0
8261.0,1884.0,1960.0,1940.0,827.0,840.0,810.0
8407.0,1937.0,2016.0,1934.0,842.0,849.0,829.0
8151.0,1878.0,1953.0,1868.0,830.0,801.0,821.0
8205.0,1896.0,1941.0,1899.0,825.0,828.0,816.0
8265.0,1912.0,1930.0,1936.0,832.0,836.0,819.0
8099.0,1890.0,1877.0,1887.0,813.0,826.0,806.0
8395.0,1981.0,1953.0,1943.0,832.0,839.0,847.0
8231.0,1941.0,1913.0,1927.0,822.0,820.0,808.0
8550.0,2003.0,1971.0,2008.0,865.0,858.0,845.0
8533.0,2033.0,1969.0,1973.0,858.0,855.0,845.0
8645.0,2032.0,1987.0,2029.0,853.0,886.0,858.0
8586.0,2018.0,1994.0,2001.0,853.0,869.0,851.0
8440.0,1958.0,1938.0,2007.0,834.0,855.0,848.0
8477.0,1965.0,1979.0,1989.0,835.0,856.0,853.0
8587.0,1969.0,2000.0,2037.0,855.0,870.0,856.0
8468.0,1970.0,1962.0,2004.0,839.0,844.0,849.0
8312.0,1925.0,1957.0,1944.0,836.0,824.0,826.0
8523.0,1961.0,2020.0,1982.0,852.0,842.0,866.0
8427.0,1924.0,1993.0,1978.0,851.0,834.0,847.0
8417.0,1953.0,1994.0,1939.0,844.0,831.0,856.0
8383.0,1963.0,1954.0,1970.0,842.0,806.0,848.0
8343.0,1929.0,1927.0,1969.0,843.0,827.0,848.0
8115.0,1902.0,1896.0,1893.0,809.0,807.0,808.0
8250.0,1939.0,1908.0,1895.0,836.0,821.0,851.0
8132.0,1903.0,1899.0,1863.0,829.0,812.0,826.0
8145.0,1911.0,1871.0,1914.0,824.0,810.0,815.0
8056.0,1874.0,1871.0,1864.0,811.0,809.0,827.0
8060.0,1855.0,1864.0,1891.0,829.0,792.0,829.0
8339.0,1957.0,1922.0,1943.0,841.0,824.0,852.0
8402.0,1901.0,1971.0,1980.0,848.0,842.0,860.0
8436.0,1970.0,1958.0,1983.0,838.0,833.0,854.0
8410.0,1970.0,1955.0,1972.0,836.0,832.0,845.0
8388.0,1918.0,1977.0,1994.0,825.0,827.0,847.0
8572.0,1997.0,2011.0,2020.0,848.0,860.0,836.0
8508.0,1998.0,1988.0,1985.0,834.0,858.0,845.0
8655.0,2041.0,2002.0,2054.0,849.0,848.0,861.0
8802.0,2048.0,2072.0,2059.0,867.0,891.0,865.0
8664.0,2016.0,2041.0,2022.0,868.0,872.0,845.0
8512.0,1998.0,1987.0,1988.0,845.0,858.0,836.0
8578.0,1973.0,2037.0,2019.0,840.0,847.0,862.0
8468.0,1978.0,1964.0,2004.0,838.0,866.0,818.0
8589.0,1999.0,2008.0,2011.0,846.0,873.0,852.0
8398.0,1937.0,1915.0,1976.0,866.0,859.0,845.0
8392.0,1953.0,1956.0,1959.0,828.0,871.0,825.0
8449.0,1962.0,1965.0,1988.0,848.0,856.0,830.0
8297.0,1925.0,1902.0,1966.0,822.0,859.0,823.0
8318.0,1974.0,1919.0,1914.0,821.0,857.0,833.0
8324.0,1964.0,1921.0,1898.0,847.0,854.0,840.0
8241.0,1946.0,1902.0,1900.0,830.0,827.0,836.0
8220.0,1926.0,1923.0,1919.0,819.0,830.0,803.0
8364.0,1943.0,1991.0,1919.0,843.0,832.0,836.0
8257.0,1949.0,1928.0,1892.0,837.0,819.0,832.0
8295.0,1943.0,1966.0,1909.0,838.0,806.0,833.0
8315.0,1933.0,1933.0,1950.0,835.0,828.0,836.0
8219.0,1923.0,1901.0,1938.0,825.0,808.0,824.0
8311.0,1917.0,1941.0,1970.0,831.0,830.0,822.0
8386.0,1921.0,1974.0,1960.0,842.0,844.0,845.0
8450.0,1977.0,1968.0,1960.0,851.0,827.0,867.0
8372.0,1945.0,1962.0,1961.0,825.0,848.0,831.0
8447.0,1977.0,1970.0,1980.0,842.0,839.0,839.0
8528.0,2010.0,1969.0,1998.0,851.0,837.0,863.0
8398.0,1972.0,1963.0,1991.0,820.0,821.0,831.0
8597.0,2034.0,1981.0,2016.0,845.0,856.0,865.0
8573.0,2047.0,1975.0,1993.0,848.0,839.0,871.0
8677.0,2033.0,2014.0,2033.0,847.0,863.0,887.0
8519.0,1986.0,1985.0,1978.0,840.0,856.0,874.0
8561.0,1970.0,1980.0,2026.0,847.0,854.0,884.0
8419.0,1918.0,1969.0,1995.0,843.0,840.0,854.0
8563.0,1983.0,1999.0,2035.0,846.0,853.0,847.0
8564.0,1986.0,2008.0,2007.0,842.0,864.0,857.0
8572.0,1958.0,2009.0,1987.0,865.0,880.0,873.0
8612.0,2006.0,2040.0,2005.0,851.0,856.0,854.0
8522.0,2008.0,2036.0,1929.0,851.0,839.0,859.0
8396.0,1982.0,1937.0,1938.0,842.0,852.0,845.0
8554.0,2008.0,2026.0,1962.0,862.0,855.0,841.0
8456.0,1966.0,2022.0,1941.0,852.0,835.0,840.0
8326.0,1950.0,1948.0,1939.0,834.0,835.0,820.0
8381.0,1936.0,1958.0,1976.0,852.0,837.0,822.0
8362.0,1939.0,1930.0,1959.0,867.0,838.0,829.0
8305.0,1950.0,1916.0,1956.0,841.0,828.0,814.0
8245.0,1894.0,1939.0,1929.0,840.0,841.0,802.0
8219.0,1913.0,1892.0,1931.0,837.0,828.0,818.0
8424.0,1934.0,1936.0,2023.0,861.0,834.0,836.0
8639.0,1999.0,2001.0,2042.0,869.0,860.0,868.0
8659.0,2051.0,2003.0,2005.0,871.0,883.0,846.0
8525.0,1995.0,1978.0,2010.0,836.0,855.0,851.0
8540.0,2017.0,1978.0,1989.0,870.0,850.0,836.0
8630.0,2028.0,2000.0,2013.0,869.0,868.0,852.0
8803.0,2030.0,2102.0,2025.0,870.0,889.0,887.0
8688.0,2048.0,2054.0,2016.0,866.0,843.0,861.0
8840.0,2071.0,2091.0,2052.0,871.0,876.0,879.0
8466.0,2007.0,2003.0,1924.0,835.0,854.0,843.0
8401.0,1941.0,1998.0,1961.0,837.0,820.0,844.0
8601.0,1994.0,2049.0,1971.0,864.0,859.0,864.0
8615.0,2018.0,2025.0,2029.0,843.0,849.0,851.0
8663.0,2043.0,1992.0,2031.0,864.0,858.0,875.0
8484.0,1984.0,1988.0,1978.0,857.0,831.0,846.0
8496.0,2006.0,1985.0,1948.0,852.0,838.0,867.0
8335.0,1956.0,1918.0,1964.0,832.0,836.0,829.0
8346.0,1965.0,1932.0,1966.0,839.0,799.0,845.0
8451.0,1982.0,1960.0,1958.0,850.0,849.0,852.0
8416.0,1999.0,1924.0,1958.0,849.0,840.0,846.0
8242.0,1934.0,1895.0,1935.0,831.0,815.0,832.0
8451.0,1958.0,1984.0,1967.0,841.0,852.0,849.0
8368.0,1958.0,1937.0,1956.0,844.0,834.0,839.0
8439.0,1947.0,1968.0,2001.0,852.0,838.0,833.0
8330.0,1938.0,1937.0,1972.0,830.0,811.0,842.0
8463.0,1942.0,1965.0,1996.0,856.0,854.0,850.0
8499.0,1965.0,2008.0,1985.0,852.0,831.0,858.0
8535.0,1952.0,2023.0,1996.0,852.0,856.0,856.0
8593.0,2001.0,2005.0,1997.0,869.0,863.0,858.0
8508.0,1969.0,2005.0,1944.0,871.0,883.0,836.0
8587.0,2001.0,1997.0,2021.0,862.0,866.0,840.0
8554.0,2001.0,1985.0,1969.0,857.0,867.0,875.0
8689.0,2067.0,2014.0,2014.0,866.0,883.0,845.0
8809.0,2048.0,2031.0,2062.0,893.0,889.0,886.0
8685.0,2077.0,2002.0,2015.0,862.0,873.0,856.0
8644.0,2043.0,2018.0,1990.0,863.0,872.0,858.0
8733.0,2048.0,2024.0,2034.0,879.0,864.0,884.0
8603.0,1998.0,2021.0,2009.0,848.0,867.0,860.0
8629.0,2024.0,2028.0,1986.0,860.0,879.0,852.0
8587.0,2038.0,2011.0,1974.0,842.0,866.0,856.0
8600.0,2011.0,2030.0,2012.0,840.0,848.0,859.0
8561.0,2008.0,2002.0,2006.0,854.0,848.0,843.0
8432.0,1989.0,1995.0,1968.0,822.0,824.0,834.0
8552.0,2021.0,2030.0,1979.0,831.0,856.0,835.0
8593.0,2025.0,1985.0,2031.0,854.0,847.0,851.0
8503.0,1991.0,1973.0,1979.0,850.0,846.0,864.0
8505.0,2002.0,1982.0,2000.0,829.0,848.0,844.0
8492.0,1962.0,1991.0,2011.0,847.0,848.0,833.0
8691.0,2027.0,2042.0,2035.0,854.0,870.0,863.0
8492.0,2004.0,1954.0,1995.0,852.0,840.0,847.0
8258.0,1922.0,1924.0,1944.0,837.0,804.0,827.0
8448.0,1944.0,1958.0,2000.0,850.0,845.0,851.0
8467.0,1960.0,1943.0,2006.0,850.0,858.0,850.0
8567.0,2029.0,1988.0,1968.0,871.0,847.0,864.0
8664.0,2002.0,1998.0,2041.0,871.0,865.0,887.0
8528.0,2036.0,1941.0,1982.0,868.0,847.0,854.0
8673.0,2035.0,2015.0,2006.0,859.0,871.0,887.0
8683.0,2056.0,1965.0,2002.0,883.0,876.0,901.0
8643.0,2041.0,2007.0,2008.0,869.0,860.0,858.0
8877.0,2138.0,2071.0,2001.0,891.0,898.0,878.0
8694.0,2030.0,2040.0,1988.0,869.0,883.0,884.0
8889.0,2059.0,2080.0,2074.0,891.0,894.0,891.0
8771.0,2035.0,2047.0,2039.0,886.0,878.0,886.0
8825.0,2044.0,2060.0,2071.0,876.0,886.0,888.0
8690.0,2042.0,2038.0,2009.0,860.0,865.0,876.0
8582.0,1967.0,1990.0,2026.0,856.0,872.0,871.0
8698.0,2007.0,2044.0,2060.0,867.0,866.0,854.0
8650.0,2014.0,2040.0,2017.0,862.0,863.0,854.0
8563.0,2004.0,1987.0,2008.0,831.0,868.0,865.0
8725.0,2054.0,1996.0,2070.0,864.0,868.0,873.0
8691.0,2060.0,2022.0,2014.0,854.0,875.0,866.0
8625.0,2043.0,1998.0,2050.0,838.0,866.0,830.0
8475.0,1981.0,1930.0,2031.0,834.0,843.0,856.0
8681.0,2007.0,2025.0,2066.0,859.0,870.0,854.0
8431.0,1958.0,1952.0,1989.0,847.0,851.0,834.0
8419.0,1947.0,1967.0,1977.0,862.0,851.0,815.0
8570.0,1980.0,2035.0,2017.0,859.0,843.0,836.0
8557.0,2005.0,2001.0,1995.0,869.0,855.0,832.0
8378.0,1914.0,1939.0,1965.0,857.0,864.0,839.0
8599.0,1995.0,2020.0,2000.0,884.0,847.0,853.0
8635.0,2041.0,2007.0,2029.0,858.0,848.0,852.0
8902.0,2054.0,2091.0,2093.0,908.0,877.0,879.0
8651.0,2041.0,2014.0,2027.0,872.0,852.0,845.0
8739.0,2037.0,2063.0,2021.0,884.0,862.0,872.0
8753.0,2041.0,2085.0,2013.0,895.0,857.0,862.0
8893.0,2081.0,2095.0,2067.0,893.0,887.0,870.0
8746.0,2084.0,2037.0,2005.0,876.0,868.0,876.0
8886.0,2101.0,2060.0,2067.0,890.0,882.0,886.0
8857.0,2055.0,2078.0,2081.0,887.0,866.0,890.0
8952.0,2097.0,2095.0,2079.0,896.0,887.0,898.0
8744.0,1958.0,2055.0,2084.0,868.0,890.0,889.0
8674.0,1997.0,1997.0,2058.0,860.0,883.0,879.0
8615.0,1988.0,1992.0,2046.0,882.0,844.0,863.0
8673.0,2029.0,2004.0,2032.0,853.0,881.0,874.0
8711.0,2015.0,2018.0,2045.0,868.0,877.0,888.0
8711.0,2023.0,2019.0,2055.0,860.0,859.0,895.0
8733.0,2020.0,2036.0,2042.0,864.0,882.0,889.0
8621.0,2025.0,2033.0,2002.0,828.0,865.0,868.0
8524.0,1999.0,1985.0,1993.0,828.0,854.0,865.0
8468.0,1959.0,2005.0,1976.0,832.0,843.0,853.0
8486.0,1990.0,1983.0,1976.0,841.0,865.0,831.0
8515.0,1967.0,2037.0,1983.0,834.0,834.0,860.0
8658.0,1990.0,2052.0,2024.0,864.0,863.0,865.0
8522.0,1952.0,1980.0,1997.0,856.0,880.0,857.0
8469.0,1933.0,1958.0,1985.0,865.0,852.0,876.0
8565.0,2007.0,2001.0,1980.0,860.0,855.0,862.0
8794.0,2064.0,2064.0,2045.0,871.0,874.0,876.0
8785.0,2077.0,2013.0,2062.0,877.0,878.0,878.0
8757.0,2112.0,2017.0,2023.0,874.0,877.0,854.0
8753.0,2067.0,2023.0,2032.0,899.0,860.0,872.0
8844.0,2074.0,2061.0,2047.0,898.0,878.0,886.0
8875.0,2117.0,2055.0,2078.0,886.0,868.0,871.0
8887.0,2120.0,2062.0,2042.0,880.0,901.0,882.0
9057.0,2086.0,2122.0,2169.0,891.0,903.0,886.0
8887.0,2051.0,2084.0,2090.0,887.0,889.0,886.0
8783.0,2039.0,2069.0,2058.0,869.0,860.0,888.0
8919.0,2055.0,2118.0,2102.0,902.0,868.0,874.0
8723.0,2016.0,2064.0,2042.0,873.0,875.0,853.0
8771.0,2051.0,2045.0,2068.0,871.0,858.0,878.0
8859.0,2065.0,2096.0,2073.0,884.0,866.0,875.0
8749.0,2065.0,2060.0,2054.0,859.0,856.0,855.0
8659.0,2015.0,2030.0,2038.0,867.0,858.0,851.0
8694.0,2049.0,2064.0,2013.0,860.0,848.0,860.0
8579.0,2047.0,1981.0,1988.0,853.0,856.0,854.0
8657.0,2039.0,2030.0,2018.0,851.0,857.0,862.0
8458.0,2028.0,1941.0,1931.0,847.0,860.0,851.0
8538.0,1998.0,2008.0,1963.0,838.0,872.0,859.0
8473.0,1975.0,1978.0,1952.0,836.0,872.0,860.0
8677.0,2045.0,2019.0,1991.0,848.0,892.0,882.0
8603.0,1982.0,1985.0,2017.0,852.0,872.0,895.0
8784.0,2054.0,2033.0,2037.0,878.0,889.0,893.0
8684.0,1996.0,2020.0,2036.0,866.0,894.0,872.0
8901.0,2085.0,2072.0,2097.0,891.0,870.0,886.0
8802.0,2071.0,2055.0,2034.0,866.0,886.0,890.0
8877.0,2099.0,2095.0,2061.0,864.0,880.0,878.0
9024.0,2124.0,2126.0,2062.0,914.0,896.0,902.0
8970.0,2074.0,2121.0,2076.0,907.0,888.0,904.0
8938.0,2058.0,2110.0,2094.0,889.0,890.0,897.0
8980.0,2094.0,2078.0,2117.0,894.0,894.0,903.0
8931.0,2076.0,2084.0,2084.0,892.0,898.0,897.0
8933.0,2070.0,2059.0,2094.0,913.0,892.0,905.0
8886.0,2093.0,2065.0,2068.0,890.0,886.0,884.0
8924.0,2051.0,2100.0,2097.0,891.0,882.0,903.0
8840.0,2024.0,2071.0,2100.0,883.0,879.0,883.0
8737.0,2012.0,2031.0,2074.0,872.0,873.0,875.0
8790.0,2058.0,2030.0,2048.0,884.0,876.0,894.0
8589.0,2016.0,1976.0,2024.0,862.0,846.0,865.0
8661.0,2055.0,2038.0,1989.0,858.0,857.0,864.0
8720.0,2058.0,2032.0,2024.0,879.0,862.0,865.0
8508.0,2033.0,1978.0,1958.0,838.0,847.0,854.0
8635.0,2061.0,2021.0,1982.0,858.0,854.0,859.0
8530.0,2030.0,2003.0,1967.0,861.0,838.0,831.0
8725.0,2017.0,2062.0,2036.0,865.0,871.0,874.0
8768.0,2064.0,2058.0,2031.0,876.0,866.0,873.0
8579.0,2014.0,2022.0,1988.0,851.0,854.0,850.0
8465.0,1942.0,2048.0,1961.0,833.0,843.0,838.0
8499.0,1991.0,2011.0,1968.0,852.0,843.0,834.0
8876.0,2072.0,2099.0,2054.0,876.0,886.0,889.0
8888.0,2106.0,2057.0,2073.0,882.0,889.0,881.0
8844.0,2075.0,2048.0,2050.0,869.0,904.0,898.0
8748.0,2069.0,2019.0,2066.0,871.0,878.0,845.0
8863.0,2055.0,2085.0,2071.0,893.0,894.0,865.0
8864.0,2076.0,2033.0,2105.0,872.0,895.0,883.0
9271.0,2154.0,2147.0,2198.0,930.0,918.0,924.0
8995.0,2087.0,2073.0,2129.0,899.0,908.0,899.0
8857.0,2066.0,2048.0,2082.0,893.0,893.0,875.0
8965.0,2062.0,2092.0,2111.0,889.0,915.0,896.0
8850.0,2032.0,2048.0,2073.0,918.0,890.0,889.0
8869.0,2058.0,2068.0,2064.0,884.0,904.0,891.0
9062.0,2075.0,2106.0,2134.0,912.0,935.0,900.0
8867.0,2051.0,2086.0,2044.0,897.0,892.0,897.0
8901.0,2084.0,2095.0,2054.0,884.0,888.0,896.0
8771.0,2031.0,2063.0,2048.0,887.0,869.0,873.0
8851.0,2091.0,2090.0,2032.0,869.0,880.0,889.0
8824.0,2083.0,2088.0,1991.0,883.0,882.0,897.0
8820.0,2049.0,2049.0,2093.0,888.0,868.0,873.0
8766.0,2027.0,2060.0,2065.0,859.0,878.0,877.0
8686.0,2032.0,2020.0,2010.0,875.0,867.0,882.0
8585.0,2000.0,1991.0,1995.0,860.0,856.0,883.0
8427.0,1939.0,1957.0,1985.0,840.0,846.0,860.0
8722.0,1991.0,2033.0,2087.0,864.0,865.0,882.0
8691.0,2004.0,1973.0,2062.0,888.0,869.0,895.0
8618.0,2000.0,2016.0,2022.0,854.0,856.0,870.0
8737.0,2034.0,2048.0,2052.0,857.0,866.0,880.0
8789.0,2028.0,2049.0,2083.0,859.0,872.0,898.0
8819.0,2069.0,2040.0,2038.0,889.0,881.0,902.0
8973.0,2097.0,2120.0,2105.0,873.0,882.0,896.0
8918.0,2079.0,2086.0,2101.0,875.0,877.0,900.0
9052.0,2132.0,2126.0,2121.0,889.0,886.0,898.0
9131.0,2139.0,2125.0,2130.0,906.0,933.0,898.0
9203.0,2169.0,2169.0,2123.0,918.0,917.0,907.0
8955.0,2096.0,2088.0,2108.0,894.0,896.0,873.0
9031.0,2089.0,2141.0,2093.0,905.0,908.0,895.0
9098.0,2139.0,2115.0,2126.0,917.0,912.0,889.0
8954.0,2081.0,2102.0,2091.0,902.0,898.0,880.0
8839.0,2016.0,2090.0,2075.0,898.0,881.0,879.0
8979.0,2090.0,2100.0,2079.0,909.0,908.0,893.0
8885.0,2073.0,2087.0,2049.0,901.0,899.0,876.0
8763.0,2064.0,2025.0,2041.0,873.0,884.0,876.0
8893.0,2098.0,2042.0,2053.0,909.0,900.0,891.0
8785.0,2042.0,2034.0,2048.0,897.0,894.0,870.0
8906.0,2108.0,2064.0,2056.0,890.0,890.0,898.0
8764.0,2057.0,2062.0,2000.0,877.0,881.0,887.0
8824.0,2037.0,2084.0,2045.0,891.0,891.0,876.0
8754.0,2018.0,2074.0,2007.0,885.0,891.0,879.0
8788.0,2051.0,2043.0,2040.0,899.0,868.0,887.0
8766.0,2013.0,2049.0,2058.0,862.0,888.0,896.0
8861.0,2066.0,2055.0,2094.0,872.0,881.0,893.0
8772.0,2044.0,2033.0,2065.0,865.0,885.0,880.0
8960.0,2073.0,2112.0,2126.0,858.0,899.0,892.0
8818.0,2018.0,2074.0,2089.0,877.0,868.0,892.0
8979.0,2084.0,2063.0,2147.0,876.0,900.0,909.0
8776.0,2024.0,2079.0,2057.0,859.0,876.0,881.0
9002.0,2108.0,2116.0,2096.0,894.0,891.0,897.0
9094.0,2124.0,2141.0,2112.0,902.0,889.0,926.0
9131.0,2165.0,2113.0,2137.0,909.0,895.0,912.0
8955.0,2124.0,2051.0,2086.0,892.0,889.0,913.0
9074.0,2106.0,2116.0,2147.0,893.0,892.0,920.0
8982.0,2063.0,2096.0,2092.0,928.0,893.0,910.0
9113.0,2147.0,2131.0,2095.0,898.0,914.0,928.0
8914.0,2052.0,2082.0,2088.0,893.0,900.0,899.0
8979.0,2052.0,2085.0,2118.0,927.0,890.0,907.0
8726.0,2028.0,2067.0,1995.0,882.0,872.0,882.0
8965.0,2070.0,2118.0,2079.0,898.0,897.0,903.0
8977.0,2107.0,2099.0,2094.0,900.0,890.0,887.0
8870.0,2075.0,2093.0,2058.0,898.0,868.0,878.0
8792.0,2072.0,2053.0,2029.0,886.0,895.0,857.0
8873.0,2116.0,2041.0,2068.0,904.0,887.0,857.0
8792.0,2051.0,2053.0,2053.0,887.0,888.0,860.0
8772.0,2033.0,2047.0,2058.0,883.0,892.0,859.0
8822.0,2092.0,2013.0,2065.0,889.0,893.0,870.0
8824.0,2047.0,2039.0,2079.0,904.0,882.0,873.0
8748.0,2021.0,2040.0,2062.0,882.0,870.0,873.0
8851.0,2031.0,2068.0,2074.0,899.0,914.0,865.0
8678.0,2009.0,2052.0,2011.0,864.0,878.0,864.0
8858.0,2055.0,2071.0,2076.0,878.0,899.0,879.0
8923.0,2105.0,2074.0,2073.0,884.0,898.0,889.0
9078.0,2143.0,2115.0,2116.0,900.0,925.0,879.0
9082.0,2108.0,2145.0,2108.0,892.0,918.0,911.0
9129.0,2178.0,2106.0,2133.0,907.0,909.0,896.0
9051.0,2162.0,2087.0,2104.0,900.0,915.0,883.0
9126.0,2134.0,2132.0,2125.0,905.0,917.0,913.0
8963.0,2078.0,2090.0,2092.0,891.0,896.0,916.0
9160.0,2111.0,2151.0,2163.0,913.0,908.0,914.0
9094.0,2103.0,2162.0,2103.0,891.0,915.0,920.0
9139.0,2093.0,2167.0,2115.0,921.0,915.0,928.0
9056.0,2118.0,2144.0,2083.0,903.0,911.0,897.0
8963.0,2058.0,2129.0,2095.0,892.0,898.0,891.0
9116.0,2100.0,2153.0,2123.0,924.0,904.0,912.0
9103.0,2101.0,2143.0,2149.0,909.0,887.0,914.0
8878.0,2094.0,2078.0,2038.0,891.0,881.0,896.0
8917.0,2090.0,2056.0,2077.0,904.0,885.0,905.0
8888.0,2088.0,2048.0,2059.0,885.0,881.0,927.0
8986.0,2101.0,2064.0,2113.0,914.0,885.0,909.0
8793.0,2061.0,2019.0,2058.0,882.0,876.0,897.0
8906.0,2078.0,2055.0,2115.0,875.0,884.0,899.0
8810.0,2052.0,2079.0,2053.0,884.0,869.0,873.0
8897.0,2035.0,2045.0,2146.0,886.0,889.0,896.0
8913.0,2061.0,2107.0,2100.0,887.0,878.0,880.0
8868.0,2055.0,2049.0,2090.0,886.0,908.0,880.0
8995.0,2074.0,2107.0,2113.0,898.0,902.0,901.0
9007.0,2109.0,2112.0,2076.0,910.0,909.0,891.0
8897.0,2094.0,2089.0,2039.0,887.0,894.0,894.0
9088.0,2098.0,2138.0,2105.0,902.0,931.0,914.0
9024.0,2112.0,2103.0,2114.0,880.0,905.0,910.0
9189.0,2169.0,2158.0,2130.0,911.0,912.0,909.0
9199.0,2179.0,2187.0,2119.0,897.0,913.0,904.0
9184.0,2173.0,2135.0,2136.0,896.0,932.0,912.0
9185.0,2156.0,2163.0,2100.0,934.0,931.0,901.0
9144.0,2184.0,2141.0,2087.0,909.0,907.0,916.0
9246.0,2151.0,2177.0,2136.0,915.0,947.0,920.0
8973.0,2118.0,2105.0,2054.0,893.0,905.0,898.0
9213.0,2131.0,2122.0,2187.0,929.0,928.0,916.0
8880.0,2072.0,2049.0,2076.0,896.0,901.0,886.0
9127.0,2140.0,2133.0,2139.0,906.0,922.0,887.0
9154.0,2118.0,2147.0,2147.0,922.0,911.0,909.0
8936.0,2076.0,2094.0,2112.0,881.0,888.0,885.0
8952.0,2097.0,2079.0,2123.0,891.0,879.0,883.0
9131.0,2167.0,2125.0,2155.0,900.0,887.0,897.0
9011.0,2083.0,2126.0,2133.0,906.0,886.0,877.0
8962.0,2082.0,2079.0,2115.0,898.0,903.0,885.0
9083.0,2130.0,2144.0,2118.0,907.0,891.0,893.0
8700.0,1986.0,2028.0,2049.0,883.0,873.0,881.0
8960.0,2086.0,2112.0,2094.0,898.0,870.0,900.0
9085.0,2094.0,2120.0,2147.0,909.0,894.0,921.0
8886.0,2097.0,2103.0,2040.0,886.0,867.0,893.0
8885.0,2036.0,2093.0,2082.0,893.0,884.0,897.0
8999.0,2110.0,2064.0,2114.0,914.0,890.0,907.0
9181.0,2139.0,2143.0,2141.0,924.0,904.0,930.0
9066.0,2140.0,2091.0,2084.0,907.0,914.0,930.0
9215.0,2153.0,2137.0,2172.0,912.0,917.0,924.0
9081.0,2152.0,2093.0,2100.0,913.0,907.0,916.0
9191.0,2118.0,2137.0,2178.0,921.0,908.0,929.0
9090.0,2089.0,2145.0,2095.0,919.0,923.0,919.0
9064.0,2129.0,2109.0,2097.0,905.0,908.0,916.0
9266.0,2178.0,2190.0,2143.0,928.0,897.0,930.0
9146.0,2118.0,2118.0,2147.0,907.0,940.0,916.0
9106.0,2100.0,2130.0,2131.0,910.0,907.0,928.0
9333.0,2160.0,2189.0,2181.0,915.0,944.0,944.0
9127.0,2090.0,2140.0,2170.0,900.0,925.0,902.0
9034.0,2085.0,2115.0,2115.0,887.0,926.0,906.0
9257.0,2122.0,2197.0,2165.0,921.0,926.0,926.0
9104.0,2104.0,2134.0,2162.0,894.0,911.0,899.0
9120.0,2142.0,2095.0,2170.0,899.0,919.0,895.0
9105.0,2122.0,2113.0,2141.0,910.0,926.0,893.0
8880.0,2100.0,2013.0,2098.0,879.0,906.0,884.0
9041.0,2101.0,2123.0,2106.0,910.0,904.0,897.0
8967.0,2087.0,2062.0,2110.0,909.0,904.0,895.0
8979.0,2096.0,2077.0,2083.0,903.0,901.0,919.0
8919.0,2087.0,2066.0,2074.0,906.0,906.0,880.0
8898.0,2048.0,2066.0,2081.0,921.0,887.0,895.0
9008.0,2099.0,2082.0,2132.0,903.0,892.0,900.0
8961.0,2099.0,2062.0,2107.0,892.0,904.0,897.0
9168.0,2146.0,2107.0,2150.0,930.0,921.0,914.0
8980.0,2105.0,2130.0,2058.0,914.0,890.0,883.0
9191.0,2145.0,2155.0,2128.0,932.0,909.0,922.0
9172.0,2171.0,2149.0,2106.0,928.0,916.0,902.0
9314.0,2163.0,2190.0,2154.0,944.0,928.0,935.0
9371.0,2196.0,2201.0,2183.0,938.0,932.0,921.0
9196.0,2176.0,2162.0,2114.0,912.0,916.0,916.0
9325.0,2169.0,2192.0,2167.0,920.0,956.0,921.0
9175.0,2124.0,2168.0,2145.0,913.0,905.0,920.0
9386.0,2169.0,2196.0,2222.0,940.0,915.0,944.0
9289.0,2142.0,2154.0,2181.0,937.0,929.0,946.0
9401.0,2176.0,2204.0,2192.0,927.0,939.0,963.0
9243.0,2175.0,2132.0,2164.0,900.0,931.0,941.0
9089.0,2102.0,2123.0,2129.0,901.0,916.0,918.0
9187.0,2124.0,2128.0,2178.0,908.0,927.0,922.0
9059.0,2140.0,2044.0,2134.0,899.0,923.0,919.0
9045.0,2101.0,2097.0,2121.0,897.0,916.0,913.0
9029.0,2109.0,2072.0,2130.0,896.0,904.0,918.0
9058.0,2104.0,2107.0,2107.0,896.0,921.0,923.0
9198.0,2104.0,2174.0,2139.0,915.0,925.0,941.0
9056.0,2112.0,2119.0,2100.0,888.0,906.0,931.0
9159.0,2138.0,2140.0,2129.0,917.0,919.0,916.0
9082.0,2137.0,2087.0,2103.0,903.0,929.0,923.0
9091.0,2079.0,2161.0,2104.0,921.0,915.0,911.0
9090.0,2107.0,2127.0,2115.0,915.0,909.0,917.0
9051.0,2083.0,2149.0,2106.0,913.0,904.0,896.0
9069.0,2102.0,2142.0,2100.0,908.0,918.0,899.0
9106.0,2139.0,2122.0,2106.0,922.0,901.0,916.0
9124.0,2145.0,2105.0,2127.0,920.0,925.0,902.0
9208.0,2176.0,2144.0,2142.0,933.0,904.0,909.0
9218.0,2189.0,2123.0,2129.0,934.0,917.0,926.0
9289.0,2163.0,2170.0,2158.0,949.0,909.0,940.0
9328.0,2161.0,2181.0,2182.0,925.0,936.0,943.0
9291.0,2162.0,2135.0,2232.0,920.0,901.0,941.0
9274.0,2154.0,2127.0,2198.0,944.0,906.0,945.0
9337.0,2199.0,2153.0,2190.0,943.0,930.0,922.0
9228.0,2139.0,2138.0,2203.0,920.0,919.0,909.0
9351.0,2173.0,2161.0,2226.0,948.0,913.0,930.0
9191.0,2149.0,2143.0,2145.0,924.0,924.0,906.0
9154.0,2137.0,2120.0,2163.0,892.0,920.0,922.0
9234.0,2148.0,2189.0,2151.0,915.0,926.0,905.0
9109.0,2102.0,2124.0,2157.0,913.0,915.0,898.0
9110.0,2157.0,2110.0,2140.0,906.0,897.0,900.0
9197.0,2183.0,2146.0,2152.0,891.0,909.0,916.0
8966.0,2105.0,2072.0,2097.0,879.0,906.0,907.0
9005.0,2150.0,2108.0,2075.0,887.0,908.0,877.0
9030.0,2102.0,2112.0,2125.0,888.0,904.0,899.0
9058.0,2108.0,2118.0,2098.0,913.0,903.0,918.0
9114.0,2127.0,2122.0,2121.0,919.0,922.0,903.0
9001.0,2085.0,2112.0,2119.0,888.0,905.0,892.0
9053.0,2096.0,2104.0,2114.0,917.0,908.0,914.0
9141.0,2126.0,2118.0,2102.0,919.0,934.0,942.0
9088.0,2080.0,2084.0,2133.0,934.0,942.0,915.0
9122.0,2114.0,2123.0,2111.0,910.0,942.0,922.0
9324.0,2183.0,2131.0,2183.0,941.0,940.0,946.0
9426.0,2224.0,2198.0,2175.0,934.0,950.0,945.0
9320.0,2213.0,2164.0,2150.0,930.0,930.0,933.0
9413.0,2192.0,2200.0,2186.0,937.0,958.0,940.0
9503.0,2224.0,2216.0,2216.0,953.0,956.0,938.0
9393.0,2202.0,2174.0,2199.0,954.0,932.0,932.0
9574.0,2235.0,2243.0,2222.0,968.0,951.0,955.0
9323.0,2175.0,2174.0,2165.0,941.0,938.0,930.0
9362.0,2149.0,2166.0,2228.0,948.0,939.0,932.0
9329.0,2169.0,2167.0,2204.0,931.0,928.0,930.0
9176.0,2128.0,2158.0,2150.0,906.0,922.0,912.0
9244.0,2126.0,2171.0,2171.0,914.0,940.0,922.0
9185.0,2149.0,2154.0,2162.0,903.0,912.0,905.0
9262.0,2180.0,2146.0,2174.0,916.0,926.0,920.0
9192.0,2195.0,2122.0,2130.0,904.0,922.0,919.0
9064.0,2140.0,2092.0,2116.0,909.0,896.0,911.0
9043.0,2139.0,2097.0,2111.0,912.0,893.0,891.0
8961.0,2138.0,2068.0,2067.0,908.0,887.0,893.0
8827.0,2087.0,2062.0,2050.0,872.0,884.0,872.0
9053.0,2147.0,2111.0,2084.0,907.0,912.0,892.0
8999.0,2094.0,2072.0,2108.0,921.0,905.0,899.0
8995.0,2072.0,2128.0,2096.0,900.0,895.0,904.0
9269.0,2136.0,2164.0,2162.0,943.0,921.0,943.0
9234.0,2158.0,2200.0,2127.0,916.0,914.0,919.0
9164.0,2135.0,2182.0,2099.0,926.0,913.0,909.0
9305.0,2135.0,2148.0,2211.0,942.0,943.0,926.0
9383.0,2198.0,2194.0,2180.0,942.0,943.0,926.0
9316.0,2188.0,2156.0,2161.0,939.0,936.0,936.0
9338.0,2202.0,2189.0,2177.0,919.0,943.0,908.0
9499.0,2251.0,2184.0,2218.0,945.0,970.0,931.0
9538.0,2254.0,2191.0,2231.0,967.0,939.0,956.0
9676.0,2269.0,2242.0,2253.0,978.0,977.0,957.0
9399.0,2210.0,2155.0,2191.0,944.0,952.0,947.0
9474.0,2213.0,2180.0,2222.0,952.0,963.0,944.0
9429.0,2177.0,2160.0,2229.0,967.0,951.0,945.0
9480.0,2186.0,2219.0,2238.0,941.0,945.0,951.0
9434.0,2184.0,2233.0,2194.0,938.0,952.0,933.0
9206.0,2141.0,2143.0,2146.0,912.0,940.0,924.0
9310.0,2162.0,2163.0,2177.0,942.0,927.0,939.0
9460.0,2188.0,2207.0,2218.0,936.0,951.0,960.0
9247.0,2196.0,2158.0,2141.0,902.0,927.0,923.0
9146.0,2134.0,2168.0,2102.0,910.0,902.0,930.0
9197.0,2171.0,2152.0,2115.0,898.0,921.0,940.0
9326.0,2218.0,2190.0,2172.0,904.0,915.0,927.0
9106.0,2124.0,2165.0,2097.0,904.0,894.0,922.0
9174.0,2155.0,2127.0,2147.0,909.0,922.0,914.0
9055.0,2123.0,2110.0,2116.0,884.0,913.0,909.0
9207.0,2171.0,2136.0,2134.0,908.0,936.0,922.0
9219.0,2133.0,2157.0,2165.0,944.0,912.0,908.0
9176.0,2154.0,2149.0,2128.0,915.0,904.0,926.0
9230.0,2141.0,2134.0,2176.0,933.0,909.0,937.0
9367.0,2171.0,2190.0,2200.0,943.0,920.0,943.0
9363.0,2231.0,2141.0,2211.0,919.0,927.0,934.0
9406.0,2187.0,2157.0,2255.0,941.0,925.0,941.0
9394.0,2182.0,2173.0,2207.0,942.0,939.0,951.0
9404.0,2201.0,2204.0,2215.0,922.0,929.0,933.0
9399.0,2200.0,2189.0,2196.0,944.0,943.0,927.0
9522.0,2228.0,2216.0,2249.0,951.0,951.0,927.0
9598.0,2215.0,2250.0,2228.0,975.0,964.0,966.0
9511.0,2194.0,2233.0,2236.0,961.0,956.0,931.0
9539.0,2212.0,2267.0,2239.0,953.0,950.0,918.0
9458.0,2166.0,2243.0,2184.0,962.0,943.0,960.0
9527.0,2242.0,2205.0,2189.0,976.0,955.0,960.0
9475.0,2216.0,2238.0,2196.0,949.0,958.0,918.0
9325.0,2204.0,2168.0,2165.0,938.0,944.0,906.0
9240.0,2211.0,2127.0,2120.0,940.0,926.0,916.0
9190.0,2148.0,2134.0,2143.0,914.0,944.0,907.0
9236.0,2162.0,2134.0,2150.0,929.0,939.0,922.0
9138.0,2147.0,2122.0,2156.0,903.0,918.0,892.0
9165.0,2154.0,2137.0,2111.0,911.0,937.0,915.0
9053.0,2135.0,2092.0,2101.0,891.0,919.0,915.0
9216.0,2138.0,2133.0,2149.0,928.0,947.0,921.0
9116.0,2094.0,2129.0,2146.0,893.0,926.0,928.0
9214.0,2161.0,2138.0,2148.0,902.0,932.0,933.0
9165.0,2103.0,2144.0,2135.0,920.0,914.0,949.0
9435.0,2156.0,2218.0,2225.0,932.0,951.0,953.0
9450.0,2193.0,2216.0,2200.0,933.0,953.0,955.0
9569.0,2239.0,2266.0,2234.0,928.0,946.0,956.0
9410.0,2183.0,2199.0,2216.0,933.0,936.0,943.0
9659.0,2261.0,2269.0,2271.0,955.0,955.0,948.0
9673.0,2254.0,2294.0,2260.0,960.0,950.0,955.0
9535.0,2271.0,2211.0,2220.0,940.0,935.0,958.0
9440.0,2238.0,2197.0,2192.0,931.0,929.0,953.0
9576.0,2222.0,2262.0,2208.0,959.0,951.0,974.0
9584.0,2247.0,2236.0,2215.0,973.0,948.0,965.0
9570.0,2210.0,2244.0,2230.0,974.0,955.0,957.0
9554.0,2217.0,2224.0,2230.0,970.0,956.0,957.0
9334.0,2194.0,2172.0,2168.0,949.0,910.0,941.0
9362.0,2160.0,2178.0,2201.0,955.0,931.0,937.0
9468.0,2224.0,2179.0,2227.0,966.0,936.0,936.0
9387.0,2200.0,2201.0,2171.0,938.0,949.0,928.0
9400.0,2222.0,2176.0,2193.0,945.0,932.0,932.0
9333.0,2202.0,2157.0,2144.0,941.0,939.0,950.0
9108.0,2131.0,2159.0,2090.0,924.0,903.0,901.0
9280.0,2159.0,2175.0,2168.0,928.0,923.0,927.0
9284.0,2150.0,2195.0,2179.0,918.0,934.0,908.0
9232.0,2172.0,2153.0,2146.0,924.0,917.0,920.0
9295.0,2145.0,2190.0,2181.0,930.0,939.0,910.0
9267.0,2131.0,2164.0,2210.0,918.0,929.0,915.0
9309.0,2150.0,2174.0,2206.0,921.0,932.0,926.0
9327.0,2149.0,2196.0,2225.0,920.0,942.0,895.0
9374.0,2150.0,2199.0,2203.0,928.0,953.0,941.0
9463.0,2209.0,2201.0,2242.0,948.0,943.0,920.0
9501.0,2220.0,2214.0,2226.0,931.0,979.0,931.0
9500.0,2237.0,2202.0,2245.0,923.0,956.0,937.0
9548.0,2256.0,2194.0,2249.0,938.0,961.0,950.0
9551.0,2247.0,2206.0,2232.0,944.0,967.0,955.0
9465.0,2233.0,2189.0,2195.0,941.0,969.0,938.0
9512.0,2245.0,2182.0,2214.0,962.0,950.0,959.0
9603.0,2213.0,2247.0,2258.0,965.0,982.0,938.0
9697.0,2267.0,2241.0,2242.0,979.0,982.0,986.0
9695.0,2249.0,2267.0,2260.0,977.0,976.0,966.0
9525.0,2248.0,2221.0,2181.0,966.0,944.0,965.0
9542.0,2169.0,2261.0,2232.0,964.0,945.0,971.0
9535.0,2191.0,2225.0,2230.0,974.0,951.0,964.0
9603.0,2266.0,2264.0,2186.0,976.0,940.0,971.0
9347.0,2187.0,2192.0,2172.0,945.0,917.0,934.0
9540.0,2259.0,2208.0,2234.0,934.0,946.0,959.0
9264.0,2179.0,2159.0,2142.0,937.0,908.0,939.0
9322.0,2156.0,2161.0,2209.0,939.0,920.0,937.0
9180.0,2163.0,2141.0,2099.0,929.0,907.0,941.0
9413.0,2201.0,2185.0,2222.0,943.0,923.0,939.0
9404.0,2207.0,2225.0,2176.0,936.0,926.0,934.0
9471.0,2218.0,2218.0,2229.0,927.0,922.0,957.0
9302.0,2173.0,2140.0,2184.0,936.0,931.0,938.0
9253.0,2125.0,2161.0,2190.0,908.0,932.0,937.0
9411.0,2174.0,2161.0,2256.0,947.0,937.0,936.0
9294.0,2116.0,2156.0,2217.0,949.0,931.0,925.0
9289.0,2180.0,2144.0,2173.0,916.0,933.0,943.0
9585.0,2223.0,2242.0,2267.0,941.0,966.0,946.0
9427.0,2192.0,2217.0,2191.0,944.0,940.0,943.0
9642.0,2258.0,2271.0,2226.0,949.0,971.0,967.0
9663.0,2241.0,2273.0,2257.0,961.0,978.0,953.0
9547.0,2269.0,2225.0,2197.0,938.0,965.0,953.0
9741.0,2284.0,2272.0,2283.0,956.0,982.0,964.0
9710.0,2320.0,2247.0,2235.0,964.0,980.0,964.0
9515.0,2208.0,2247.0,2218.0,940.0,959.0,943.0
9642.0,2256.0,2256.0,2244.0,975.0,965.0,946.0
9476.0,2199.0,2199.0,2219.0,955.0,951.0,953.0
9570.0,2203.0,2253.0,2230.0,952.0,980.0,952.0
9570.0,2253.0,2226.0,2215.0,953.0,968.0,955.0
9598.0,2210.0,2263.0,2255.0,954.0,966.0,950.0
9382.0,2232.0,2158.0,2186.0,946.0,936.0,924.0
9563.0,2230.0,2217.0,2253.0,958.0,956.0,949.0
9399.0,2223.0,2172.0,2198.0,939.0,932.0,935.0
9390.0,2187.0,2202.0,2214.0,945.0,921.0,921.0
9233.0,2152.0,2169.0,2160.0,933.0,917.0,902.0
9379.0,2182.0,2205.0,2186.0,948.0,934.0,924.0
9389.0,2183.0,2206.0,2213.0,941.0,920.0,926.0
9446.0,2198.0,2203.0,2198.0,956.0,947.0,944.0
9589.0,2253.0,2242.0,2227.0,952.0,962.0,953.0
9351.0,2156.0,2183.0,2204.0,934.0,922.0,952.0
9456.0,2182.0,2209.0,2233.0,942.0,920.0,970.0
9431.0,2176.0,2218.0,2209.0,959.0,916.0,953.0
9511.0,2206.0,2233.0,2216.0,964.0,952.0,940.0
9339.0,2166.0,2190.0,2182.0,928.0,925.0,948.0
9535.0,2197.0,2256.0,2229.0,953.0,945.0,955.0
9645.0,2249.0,2253.0,2265.0,947.0,959.0,972.0
9466.0,2245.0,2172.0,2214.0,946.0,937.0,952.0
9706.0,2323.0,2220.0,2262.0,958.0,963.0,980.0
9757.0,2314.0,2262.0,2261.0,961.0,976.0,983.0
9654.0,2255.0,2245.0,2246.0,959.0,977.0,972.0
9631.0,2219.0,2245.0,2246.0,976.0,970.0,975.0
9527.0,2181.0,2202.0,2219.0,966.0,974.0,985.0
9691.0,2259.0,2252.0,2251.0,973.0,978.0,978.0
9633.0,2231.0,2290.0,2235.0,960.0,959.0,958.0
9649.0,2279.0,2254.0,2225.0,949.0,973.0,969.0
9575.0,2209.0,2229.0,2255.0,957.0,963.0,962.0
9645.0,2249.0,2251.0,2242.0,968.0,968.0,967.0
9544.0,2216.0,2228.0,2260.0,959.0,947.0,934.0
9690.0,2279.0,2282.0,2257.0,957.0,967.0,948.0
9526.0,2244.0,2209.0,2222.0,968.0,938.0,945.0
9548.0,2220.0,2250.0,2208.0,967.0,962.0,941.0
9511.0,2226.0,2223.0,2217.0,955.0,947.0,943.0
9589.0,2218.0,2222.0,2258.0,971.0,960.0,960.0
9408.0,2200.0,2173.0,2208.0,954.0,940.0,933.0
9374.0,2158.0,2176.0,2190.0,959.0,952.0,939.0
9410.0,2191.0,2205.0,2201.0,937.0,942.0,934.0
9494.0,2226.0,2177.0,2237.0,960.0,952.0,942.0
9534.0,2219.0,2264.0,2203.0,957.0,941.0,950.0
9393.0,2161.0,2199.0,2217.0,951.0,916.0,949.0
9678.0,2263.0,2265.0,2254.0,977.0,968.0,951.0
9533.0,2223.0,2259.0,2185.0,961.0,956.0,949.0
9676.0,2292.0,2254.0,2246.0,974.0,947.0,963.0
9712.0,2290.0,2287.0,2244.0,964.0,957.0,970.0
9666.0,2247.0,2266.0,2264.0,964.0,952.0,973.0
9739.0,2270.0,2324.0,2258.0,959.0,967.0,961.0
9621.0,2256.0,2217.0,2282.0,947.0,967.0,952.0
9724.0,2225.0,2292.0,2302.0,955.0,971.0,979.0
9573.0,2241.0,2245.0,2218.0,963.0,947.0,959.0
9644.0,2241.0,2252.0,2276.0,951.0,952.0,972.0
9757.0,2242.0,2310.0,2294.0,964.0,957.0,990.0
9581.0,2225.0,2268.0,2250.0,935.0,939.0,964.0
9575.0,2235.0,2226.0,2235.0,951.0,964.0,964.0
9541.0,2239.0,2201.0,2241.0,953.0,952.0,955.0
9552.0,2218.0,2201.0,2256.0,954.0,974.0,949.0
9687.0,2258.0,2233.0,2274.0,957.0,978.0,987.0
9523.0,2251.0,2183.0,2230.0,959.0,958.0,942.0
9394.0,2168.0,2154.0,2203.0,948.0,958.0,963.0
9491.0,2245.0,2184.0,2179.0,954.0,965.0,964.0
9605.0,2255.0,2223.0,2268.0,954.0,949.0,956.0
9530.0,2250.0,2211.0,2179.0,961.0,964.0,965.0
9429.0,2140.0,2221.0,2207.0,955.0,952.0,954.0
9554.0,2196.0,2235.0,2244.0,970.0,945.0,964.0
9389.0,2157.0,2223.0,2171.0,936.0,951.0,951.0
9529.0,2236.0,2214.0,2208.0,963.0,962.0,946.0
9608.0,2243.0,2237.0,2210.0,984.0,964.0,970.0
9733.0,2277.0,2260.0,2271.0,968.0,982.0,975.0
9836.0,2311.0,2325.0,2250.0,991.0,992.0,967.0
9671.0,2237.0,2285.0,2238.0,982.0,975.0,954.0
9730.0,2296.0,2276.0,2267.0,978.0,963.0,950.0
9669.0,2224.0,2262.0,2288.0,952.0,980.0,963.0
9822.0,2303.0,2275.0,2306.0,980.0,975.0,983.0
9719.0,2283.0,2316.0,2248.0,959.0,939.0,974.0
9684.0,2263.0,2247.0,2285.0,956.0,956.0,977.0
9894.0,2290.0,2317.0,2342.0,984.0,984.0,977.0
9834.0,2287.0,2275.0,2332.0,975.0,983.0,982.0
9705.0,2241.0,2269.0,2286.0,971.0,972.0,966.0
9658.0,2251.0,2231.0,2303.0,949.0,960.0,964.0
9656.0,2277.0,2245.0,2258.0,955.0,969.0,952.0
9678.0,2269.0,2278.0,2256.0,957.0,962.0,956.0
9707.0,2289.0,2259.0,2253.0,983.0,960.0,963.0
9597.0,2253.0,2243.0,2229.0,947.0,966.0,959.0
9481.0,2216.0,2241.0,2161.0,946.0,957.0,960.0
9601.0,2289.0,2245.0,2201.0,954.0,955.0,957.0
9719.0,2253.0,2286.0,2286.0,965.0,960.0,969.0
9631.0,2248.0,2276.0,2222.0,962.0,957.0,966.0
9676.0,2245.0,2266.0,2262.0,970.0,969.0,964.0
9446.0,2193.0,2233.0,2160.0,969.0,942.0,949.0
9553.0,2214.0,2261.0,2222.0,965.0,939.0,952.0
9478.0,2187.0,2211.0,2209.0,965.0,960.0,946.0
9464.0,2227.0,2178.0,2204.0,955.0,957.0,943.0
9678.0,2261.0,2262.0,2230.0,981.0,967.0,977.0
9541.0,2236.0,2185.0,2221.0,959.0,969.0,971.0
9704.0,2254.0,2271.0,2251.0,985.0,977.0,966.0
9820.0,2291.0,2305.0,2252.0,996.0,983.0,993.0
9901.0,2360.0,2292.0,2296.0,976.0,997.0,980.0
9880.0,2316.0,2321.0,2277.0,1002.0,980.0,984.0
9869.0,2316.0,2300.0,2280.0,989.0,977.0,1007.0
9836.0,2274.0,2300.0,2322.0,970.0,984.0,986.0
9879.0,2290.0,2333.0,2309.0,973.0,981.0,993.0
9993.0,2306.0,2332.0,2349.0,997.0,990.0,1019.0
9936.0,2316.0,2308.0,2355.0,981.0,987.0,989.0
9902.0,2286.0,2305.0,2349.0,989.0,984.0,989.0
9803.0,2275.0,2307.0,2298.0,966.0,973.0,984.0
9674.0,2246.0,2272.0,2263.0,957.0,957.0,979.0
9692.0,2268.0,2249.0,2271.0,965.0,973.0,966.0
9785.0,2294.0,2293.0,2255.0,972.0,986.0,985.0
9684.0,2264.0,2241.0,2286.0,953.0,969.0,971.0
9707.0,2320.0,2222.0,2268.0,975.0,954.0,968.0
9631.0,2267.0,2219.0,2228.0,975.0,966.0,976.0
9589.0,2258.0,2240.0,2222.0,964.0,948.0,957.0
9389.0,2181.0,2203.0,2175.0,944.0,941.0,945.0
9612.0,2242.0,2262.0,2245.0,972.0,948.0,943.0
9465.0,2189.0,2204.0,2202.0,965.0,961.0,944.0
9552.0,2241.0,2212.0,2213.0,954.0,979.0,953.0
9543.0,2201.0,2250.0,2205.0,984.0,949.0,954.0
9478.0,2189.0,2204.0,2236.0,949.0,952.0,948.0
9634.0,2199.0,2270.0,2288.0,973.0,953.0,951.0
9595.0,2247.0,2253.0,2240.0,951.0,949.0,955.0
9721.0,2268.0,2307.0,2246.0,984.0,951.0,965.0
9864.0,2325.0,2324.0,2274.0,992.0,981.0,968.0
9900.0,2296.0,2331.0,2299.0,993.0,992.0,989.0
10067.0,2381.0,2332.0,2356.0,999.0,1007.0,992.0
9853.0,2333.0,2273.0,2287.0,995.0,999.0,966.0
10089.0,2381.0,2347.0,2341.0,1001.0,1011.0,1008.0
10183.0,2347.0,2364.0,2444.0,1017.0,1011.0,1000.0
10042.0,2341.0,2360.0,2352.0,993.0,998.0,998.0
9866.0,2277.0,2292.0,2326.0,990.0,992.0,989.0
9782.0,2281.0,2247.0,2304.0,977.0,990.0,983.0
9864.0,2282.0,2277.0,2335.0,997.0,987.0,986.0
9915.0,2325.0,2308.0,2319.0,978.0,998.0,987.0
9854.0,2308.0,2277.0,2323.0,969.0,997.0,980.0
9670.0,2303.0,2222.0,2235.0,951.0,982.0,977.0
9653.0,2279.0,2244.0,2249.0,964.0,953.0,964.0
9772.0,2304.0,2303.0,2248.0,973.0,968.0,976.0
9709.0,2287.0,2253.0,2237.0,974.0,971.0,987.0
9707.0,2283.0,2253.0,2252.0,966.0,983.0,970.0
9657.0,2238.0,2283.0,2257.0,965.0,960.0,954.0
9463.0,2178.0,2271.0,2189.0,945.0,934.0,946.0
9711.0,2234.0,2276.0,2266.0,971.0,977.0,987.0
9541.0,2197.0,2269.0,2209.0,946.0,958.0,962.0
9512.0,2200.0,2220.0,2205.0,963.0,966.0,958.0
9719.0,2304.0,2262.0,2238.0,974.0,981.0,960.0
9724.0,2269.0,2242.0,2269.0,984.0,973.0,987.0
9755.0,2256.0,2261.0,2319.0,976.0,972.0,971.0
9905.0,2333.0,2261.0,2336.0,987.0,984.0,1004.0
10030.0,2351.0,2304.0,2399.0,1010.0,986.0,980.0
9890.0,2315.0,2307.0,2312.0,994.0,981.0,981.0
9996.0,2366.0,2302.0,2357.0,999.0,993.0,979.0
10073.0,2364.0,2331.0,2374.0,1015.0,1001.0,988.0
9956.0,2318.0,2295.0,2366.0,1004.0,984.0,989.0
9912.0,2297.0,2339.0,2312.0,994.0,992.0,978.0
9928.0,2325.0,2310.0,2324.0,992.0,977.0,1000.0
9851.0,2301.0,2305.0,2287.0,995.0,978.0,985.0
9960.0,2287.0,2331.0,2357.0,997.0,1004.0,984.0
9839.0,2291.0,2304.0,2323.0,979.0,975.0,967.0
9792.0,2299.0,2299.0,2255.0,979.0,986.0,974.0
9763.0,2269.0,2327.0,2258.0,975.0,974.0,960.0
9863.0,2312.0,2328.0,2305.0,975.0,975.0,968.0
9838.0,2329.0,2346.0,2257.0,970.0,982.0,954.0
9765.0,2300.0,2284.0,2271.0,961.0,985.0,964.0
9592.0,2230.0,2258.0,2212.0,965.0,963.0,964.0
9541.0,2220.0,2249.0,2185.0,957.0,982.0,948.0
9536.0,2274.0,2203.0,2185.0,947.0,975.0,952.0
9715.0,2262.0,2232.0,2298.0,977.0,982.0,964.0
9712.0,2266.0,2248.0,2276.0,954.0,986.0,982.0
9594.0,2219.0,2189.0,2278.0,964.0,971.0,973.0
9840.0,2292.0,2272.0,2338.0,967.0,972.0,999.0
9826.0,2266.0,2253.0,2337.0,990.0,997.0,983.0
9942.0,2283.0,2333.0,2364.0,987.0,984.0,991.0
9878.0,2301.0,2275.0,2304.0,991.0,1004.0,1003.0
10017.0,2381.0,2315.0,2290.0,1005.0,1010.0,1016.0
9884.0,2328.0,2262.0,2312.0,997.0,984.0,1001.0
9978.0,2354.0,2287.0,2331.0,994.0,1004.0,1008.0
10098.0,2329.0,2378.0,2357.0,1010.0,997.0,1027.0
10031.0,2331.0,2367.0,2328.0,1006.0,998.0,1001.0
9997.0,2303.0,2337.0,2350.0,1009.0,979.0,1019.0
10142.0,2368.0,2378.0,2380.0,1008.0,997.0,1011.0
10163.0,2353.0,2396.0,2336.0,1027.0,1018.0,1033.0
9898.0,2277.0,2350.0,2299.0,994.0,984.0,994.0
9927.0,2307.0,2300.0,2337.0,1004.0,974.0,1005.0
9963.0,2331.0,2321.0,2331.0,993.0,986.0,1001.0
9862.0,2338.0,2295.0,2276.0,988.0,981.0,984.0
9979.0,2330.0,2307.0,2332.0,1014.0,987.0,1009.0
9808.0,2322.0,2320.0,2277.0,957.0,964.0,968.0
9600.0,2255.0,2260.0,2231.0,949.0,953.0,952.0
9528.0,2230.0,2213.0,2220.0,968.0,943.0,954.0
9799.0,2285.0,2311.0,2270.0,976.0,978.0,979.0
9673.0,2274.0,2254.0,2269.0,964.0,969.0,943.0
9734.0,2284.0,2249.0,2297.0,966.0,979.0,959.0
9769.0,2298.0,2313.0,2276.0,943.0,983.0,956.0
9857.0,2288.0,2314.0,2322.0,965.0,996.0,972.0
9677.0,2232.0,2285.0,2252.0,957.0,979.0,972.0
9815.0,2275.0,2325.0,2285.0,986.0,984.0,960.0
9841.0,2293.0,2270.0,2340.0,958.0,1008.0,972.0
9881.0,2262.0,2301.0,2326.0,994.0,997.0,1001.0
10005.0,2309.0,2331.0,2358.0,1003.0,1015.0,989.0
9759.0,2259.0,2290.0,2294.0,987.0,964.0,965.0
9958.0,2349.0,2318.0,2324.0,973.0,1004.0,990.0
10090.0,2372.0,2349.0,2322.0,1021.0,1022.0,1004.0
10154.0,2371.0,2354.0,2386.0,1029.0,1007.0,1007.0
9995.0,2359.0,2286.0,2338.0,1012.0,1008.0,992.0
10041.0,2358.0,2331.0,2321.0,995.0,1023.0,1013.0
10103.0,2377.0,2331.0,2328.0,1023.0,1020.0,1024.0
9891.0,2308.0,2323.0,2292.0,1001.0,979.0,988.0
10117.0,2351.0,2380.0,2340.0,1011.0,1018.0,1017.0
9944.0,2292.0,2327.0,2308.0,1013.0,1011.0,993.0
9948.0,2318.0,2322.0,2294.0,1013.0,1006.0,995.0
9875.0,2307.0,2338.0,2246.0,1001.0,987.0,996.0
9935.0,2279.0,2366.0,2312.0,993.0,989.0,996.0
9992.0,2294.0,2356.0,2346.0,997.0,997.0,1002.0
9772.0,2286.0,2296.0,2247.0,975.0,983.0,985.0
9962.0,2336.0,2319.0,2346.0,970.0,989.0,1002.0
9893.0,2288.0,2303.0,2329.0,988.0,986.0,999.0
9891.0,2330.0,2325.0,2315.0,960.0,977.0,984.0
9706.0,2266.0,2291.0,2251.0,973.0,952.0,973.0
9706.0,2267.0,2279.0,2269.0,959.0,965.0,967.0
9747.0,2282.0,2253.0,2304.0,963.0,963.0,982.0
9682.0,2238.0,2256.0,2269.0,966.0,975.0,978.0
9816.0,2276.0,2259.0,2329.0,998.0,980.0,974.0
9972.0,2301.0,2338.0,2343.0,992.0,991.0,1007.0
9900.0,2297.0,2296.0,2340.0,976.0,994.0,997.0
9758.0,2301.0,2273.0,2267.0,965.0,972.0,980.0
10040.0,2351.0,2341.0,2356.0,986.0,1006.0,1000.0
10028.0,2365.0,2317.0,2333.0,1003.0,1014.0,996.0
10223.0,2411.0,2388.0,2377.0,1013.0,1018.0,1016.0
10217.0,2401.0,2397.0,2360.0,1014.0,1033.0,1012.0
10267.0,2411.0,2387.0,2399.0,1028.0,1023.0,1019.0
10032.0,2324.0,2359.0,2350.0,1007.0,1005.0,987.0
9865.0,2284.0,2328.0,2260.0,1006.0,1001.0,986.0
10318.0,2407.0,2430.0,2362.0,1043.0,1050.0,1026.0
9972.0,2310.0,2374.0,2275.0,1023.0,1001.0,989.0
9996.0,2326.0,2357.0,2320.0,1010.0,1006.0,977.0
10125.0,2356.0,2369.0,2351.0,1016.0,1037.0,996.0
10171.0,2364.0,2378.0,2384.0,1027.0,1008.0,1010.0
10070.0,2358.0,2337.0,2352.0,1003.0,1016.0,1004.0
9911.0,2297.0,2292.0,2312.0,1021.0,998.0,991.0
9724.0,2267.0,2275.0,2255.0,971.0,990.0,966.0
9843.0,2288.0,2283.0,2336.0,988.0,975.0,973.0
9856.0,2289.0,2273.0,2335.0,980.0,996.0,983.0
9721.0,2228.0,2278.0,2317.0,970.0,968.0,960.0
9963.0,2326.0,2308.0,2351.0,996.0,972.0,1010.0
9820.0,2260.0,2266.0,2353.0,977.0,982.0,982.0
9840.0,2299.0,2299.0,2294.0,987.0,978.0,983.0
9832.0,2283.0,2320.0,2278.0,982.0,975.0,994.0
10031.0,2322.0,2354.0,2339.0,995.0,1006.0,1015.0
9885.0,2253.0,2354.0,2306.0,987.0,983.0,1002.0
9936.0,2310.0,2345.0,2313.0,982.0,989.0,997.0
10073.0,2379.0,2380.0,2336.0,987.0,977.0,1014.0
9778.0,2282.0,2300.0,2260.0,967.0,968.0,1001.0
10086.0,2385.0,2355.0,2332.0,996.0,999.0,1019.0
10030.0,2353.0,2345.0,2317.0,998.0,998.0,1019.0
10097.0,2374.0,2384.0,2307.0,1008.0,994.0,1030.0
10185.0,2436.0,2388.0,2326.0,1005.0,998.0,1032.0
10193.0,2393.0,2343.0,2400.0,1015.0,1015.0,1027.0
10184.0,2412.0,2313.0,2368.0,1032.0,1038.0,1021.0
10098.0,2347.0,2307.0,2374.0,1028.0,1012.0,1030.0
10050.0,2311.0,2354.0,2312.0,1025.0,1018.0,1030.0
10117.0,2314.0,2367.0,2392.0,1025.0,1022.0,997.0
10103.0,2347.0,2326.0,2379.0,1025.0,1009.0,1017.0
10008.0,2330.0,2318.0,2359.0,987.0,1006.0,1008.0
9922.0,2337.0,2314.0,2306.0,1000.0,987.0,978.0
10093.0,2339.0,2368.0,2359.0,1014.0,1003.0,1010.0
10132.0,2378.0,2363.0,2354.0,1014.0,1022.0,1001.0
9844.0,2298.0,2300.0,2310.0,985.0,989.0,962.0
10084.0,2365.0,2360.0,2331.0,1015.0,1009.0,1004.0
9843.0,2266.0,2330.0,2317.0,979.0,977.0,974.0
9910.0,2311.0,2329.0,2336.0,966.0,997.0,971.0
10056.0,2320.0,2333.0,2374.0,1003.0,1027.0,999.0
10083.0,2320.0,2367.0,2366.0,1001.0,1018.0,1011.0
9768.0,2292.0,2285.0,2293.0,953.0,979.0,966.0
10097.0,2346.0,2331.0,2385.0,1003.0,1022.0,1010.0
9998.0,2335.0,2327.0,2341.0,989.0,1009.0,997.0
9925.0,2303.0,2293.0,2333.0,991.0,1008.0,997.0
9854.0,2266.0,2315.0,2300.0,1002.0,988.0,983.0
10116.0,2358.0,2371.0,2345.0,1015.0,1004.0,1023.0
10016.0,2376.0,2325.0,2311.0,985.0,1008.0,1011.0
10223.0,2387.0,2436.0,2368.0,988.0,1029.0,1015.0
10051.0,2388.0,2348.0,2317.0,987.0,1007.0,1004.0
10097.0,2350.0,2393.0,2353.0,1001.0,994.0,1006.0
10136.0,2362.0,2357.0,2406.0,1006.0,1014.0,991.0
10284.0,2407.0,2408.0,2408.0,1019.0,1026.0,1016.0
10051.0,2345.0,2350.0,2332.0,1003.0,1009.0,1012.0
9987.0,2300.0,2368.0,2330.0,989.0,982.0,1018.0
10238.0,2372.0,2436.0,2379.0,1022.0,1004.0,1025.0
10143.0,2346.0,2357.0,2397.0,1033.0,994.0,1016.0
10093.0,2340.0,2346.0,2368.0,1013.0,1011.0,1015.0
10146.0,2368.0,2332.0,2398.0,1023.0,999.0,1026.0
10197.0,2385.0,2367.0,2393.0,1018.0,1011.0,1023.0
10122.0,2337.0,2371.0,2379.0,1012.0,1015.0,1008.0
9982.0,2331.0,2314.0,2324.0,1004.0,999.0,1010.0
10078.0,2385.0,2331.0,2343.0,1022.0,1003.0,994.0
9977.0,2334.0,2296.0,2323.0,1013.0,1012.0,999.0
9861.0,2343.0,2255.0,2290.0,987.0,992.0,994.0
9905.0,2322.0,2296.0,2283.0,1001.0,1008.0,995.0
9916.0,2325.0,2280.0,2317.0,997.0,999.0,998.0
9913.0,2268.0,2309.0,2326.0,996.0,1009.0,1005.0
9968.0,2296.0,2324.0,2320.0,1010.0,1005.0,1013.0
10003.0,2362.0,2326.0,2308.0,987.0,1022.0,998.0
10055.0,2346.0,2364.0,2340.0,992.0,1016.0,997.0
10157.0,2371.0,2397.0,2340.0,1010.0,1029.0,1010.0
10074.0,2359.0,2349.0,2316.0,1010.0,1027.0,1013.0
10277.0,2399.0,2439.0,2357.0,1015.0,1031.0,1036.0
10138.0,2380.0,2375.0,2347.0,1011.0,1024.0,1001.0
10357.0,2426.0,2412.0,2408.0,1024.0,1052.0,1035.0
10197.0,2380.0,2396.0,2399.0,995.0,1015.0,1012.0
10101.0,2350.0,2359.0,2364.0,995.0,1023.0,1010.0
10253.0,2390.0,2405.0,2403.0,998.0,1023.0,1034.0
10376.0,2428.0,2383.0,2452.0,1035.0,1045.0,1033.0
10216.0,2381.0,2345.0,2424.0,1015.0,1028.0,1023.0
10240.0,2381.0,2360.0,2434.0,1018.0,1028.0,1019.0
10103.0,2378.0,2347.0,2352.0,1007.0,1015.0,1004.0
9907.0,2309.0,2277.0,2336.0,998.0,999.0,988.0
9918.0,2331.0,2293.0,2327.0,995.0,991.0,981.0
10005.0,2342.0,2303.0,2346.0,1008.0,1003.0,1003.0
9936.0,2336.0,2278.0,2347.0,991.0,997.0,987.0
10154.0,2372.0,2371.0,2372.0,1025.0,1002.0,1012.0
10072.0,2381.0,2341.0,2342.0,1013.0,1015.0,980.0
10110.0,2369.0,2365.0,2343.0,1029.0,1000.0,1004.0
10012.0,2343.0,2360.0,2310.0,1006.0,981.0,1012.0
10139.0,2382.0,2351.0,2373.0,1036.0,991.0,1006.0
9923.0,2266.0,2313.0,2343.0,1027.0,984.0,990.0
10166.0,2339.0,2399.0,2366.0,1027.0,1009.0,1026.0
10094.0,2318.0,2348.0,2362.0,1012.0,1024.0,1030.0
10019.0,2358.0,2357.0,2294.0,1003.0,1000.0,1007.0
10109.0,2351.0,2364.0,2330.0,1015.0,1035.0,1014.0
10223.0,2391.0,2358.0,2389.0,1025.0,1026.0,1034.0
10176.0,2371.0,2353.0,2389.0,1004.0,1040.0,1019.0
10358.0,2459.0,2376.0,2429.0,1031.0,1039.0,1024.0
10365.0,2434.0,2401.0,2436.0,1017.0,1042.0,1035.0
10111.0,2404.0,2315.0,2373.0,997.0,1000.0,1022.0
10288.0,2408.0,2370.0,2439.0,1009.0,1023.0,1039.0
10169.0,2399.0,2345.0,2379.0,1017.0,1020.0,1009.0
10349.0,2413.0,2412.0,2405.0,1030.0,1044.0,1045.0
10400.0,2412.0,2406.0,2454.0,1028.0,1049.0,1051.0
10212.0,2340.0,2392.0,2415.0,1004.0,1036.0,1025.0
10270.0,2397.0,2418.0,2398.0,1000.0,1043.0,1014.0
10349.0,2420.0,2417.0,2409.0,1033.0,1040.0,1030.0
10245.0,2372.0,2418.0,2401.0,1026.0,1018.0,1010.0
10272.0,2382.0,2402.0,2385.0,1018.0,1045.0,1040.0
10119.0,2362.0,2365.0,2364.0,1014.0,1007.0,1007.0
10107.0,2354.0,2365.0,2354.0,1016.0,1014.0,1004.0
10076.0,2377.0,2325.0,2335.0,1008.0,1004.0,1027.0
10067.0,2404.0,2326.0,2332.0,1005.0,995.0,1005.0
9992.0,2364.0,2301.0,2334.0,1004.0,992.0,997.0
9980.0,2332.0,2336.0,2308.0,1008.0,1002.0,994.0
9823.0,2318.0,2241.0,2311.0,1009.0,969.0,975.0
10087.0,2364.0,2335.0,2350.0,1026.0,998.0,1014.0
10115.0,2328.0,2359.0,2372.0,1030.0,1007.0,1019.0
9980.0,2315.0,2345.0,2317.0,1014.0,1000.0,989.0
10212.0,2374.0,2408.0,2367.0,1029.0,1016.0,1018.0
10121.0,2353.0,2352.0,2386.0,1026.0,1000.0,1004.0
10305.0,2429.0,2397.0,2404.0,1025.0,1029.0,1021.0
10310.0,2402.0,2407.0,2403.0,1056.0,1003.0,1039.0
10373.0,2440.0,2415.0,2441.0,1032.0,1030.0,1015.0
10383.0,2450.0,2401.0,2425.0,1035.0,1035.0,1037.0
10346.0,2414.0,2466.0,2404.0,1033.0,1015.0,1014.0
10232.0,2384.0,2426.0,2401.0,1003.0,1015.0,1003.0
10392.0,2423.0,2445.0,2423.0,1051.0,1036.0,1014.0
10363.0,2391.0,2431.0,2432.0,1017.0,1062.0,1030.0
10478.0,2438.0,2438.0,2490.0,1035.0,1043.0,1034.0
10352.0,2410.0,2412.0,2436.0,1025.0,1035.0,1034.0
10343.0,2394.0,2405.0,2444.0,1009.0,1036.0,1055.0
10199.0,2378.0,2383.0,2350.0,1024.0,1025.0,1039.0
10358.0,2448.0,2410.0,2402.0,1025.0,1038.0,1035.0
10327.0,2412.0,2385.0,2429.0,1024.0,1032.0,1045.0
10250.0,2409.0,2375.0,2381.0,1019.0,1020.0,1046.0
10250.0,2412.0,2362.0,2390.0,1029.0,1027.0,1030.0
10219.0,2402.0,2339.0,2388.0,1031.0,1036.0,1023.0
10147.0,2426.0,2316.0,2331.0,1018.0,1032.0,1024.0
10103.0,2367.0,2386.0,2320.0,1001.0,1011.0,1018.0
10025.0,2287.0,2340.0,2344.0,1011.0,1035.0,1008.0
10050.0,2345.0,2320.0,2338.0,1011.0,1017.0,1019.0
10215.0,2355.0,2395.0,2390.0,1018.0,1026.0,1031.0
10102.0,2319.0,2384.0,2336.0,1025.0,1023.0,1015.0
10240.0,2390.0,2419.0,2389.0,1014.0,1012.0,1016.0
10246.0,2361.0,2406.0,2404.0,1035.0,1020.0,1020.0
10347.0,2392.0,2403.0,2469.0,1043.0,1005.0,1035.0
10230.0,2350.0,2381.0,2400.0,1020.0,1037.0,1042.0
10300.0,2419.0,2380.0,2418.0,1031.0,1036.0,1016.0
10339.0,2432.0,2422.0,2408.0,1022.0,1020.0,1035.0
10385.0,2462.0,2387.0,2423.0,1028.0,1047.0,1038.0
10477.0,2467.0,2422.0,2466.0,1051.0,1038.0,1033.0
10471.0,2449.0,2430.0,2488.0,1036.0,1026.0,1042.0
10294.0,2404.0,2392.0,2413.0,1034.0,1028.0,1023.0
10399.0,2417.0,2405.0,2494.0,1031.0,1030.0,1022.0
10248.0,2393.0,2395.0,2408.0,1017.0,1009.0,1026.0
10392.0,2371.0,2425.0,2468.0,1037.0,1046.0,1045.0
10237.0,2373.0,2368.0,2393.0,1015.0,1048.0,1040.0
10126.0,2355.0,2395.0,2350.0,1017.0,996.0,1013.0
10123.0,2370.0,2370.0,2344.0,1006.0,1019.0,1014.0
10367.0,2411.0,2440.0,2419.0,1027.0,1039.0,1031.0
10343.0,2457.0,2441.0,2369.0,1022.0,1029.0,1025.0
10186.0,2399.0,2399.0,2355.0,1005.0,1022.0,1006.0
10130.0,2373.0,2395.0,2360.0,995.0,1012.0,995.0
10074.0,2373.0,2349.0,2318.0,1017.0,1000.0,1017.0
10150.0,2334.0,2409.0,2368.0,1018.0,1005.0,1016.0
10118.0,2392.0,2323.0,2387.0,985.0,1035.0,996.0
10025.0,2344.0,2339.0,2348.0,986.0,1005.0,1003.0
10198.0,2373.0,2361.0,2383.0,1017.0,1039.0,1025.0
10091.0,2357.0,2319.0,2361.0,1030.0,1010.0,1014.0
10199.0,2359.0,2378.0,2401.0,1001.0,1027.0,1033.0
10230.0,2369.0,2376.0,2398.0,1015.0,1031.0,1041.0
10294.0,2402.0,2344.0,2433.0,1032.0,1036.0,1047.0
10207.0,2350.0,2346.0,2428.0,1012.0,1022.0,1049.0
10559.0,2477.0,2440.0,2477.0,1050.0,1054.0,1061.0
10415.0,2409.0,2429.0,2449.0,1046.0,1044.0,1038.0
10547.0,2475.0,2460.0,2459.0,1053.0,1046.0,1054.0
10489.0,2463.0,2414.0,2470.0,1052.0,1041.0,1049.0
10499.0,2467.0,2447.0,2433.0,1045.0,1043.0,1064.0
10507.0,2446.0,2506.0,2415.0,1037.0,1049.0,1054.0
10636.0,2452.0,2507.0,2488.0,1078.0,1045.0,1066.0
10565.0,2442.0,2484.0,2484.0,1058.0,1043.0,1054.0
10339.0,2395.0,2445.0,2421.0,1019.0,1029.0,1030.0
10358.0,2403.0,2420.0,2403.0,1033.0,1038.0,1061.0
10416.0,2393.0,2428.0,2436.0,1046.0,1048.0,1065.0
10213.0,2384.0,2395.0,2347.0,1027.0,1043.0,1017.0
10181.0,2364.0,2385.0,2378.0,1016.0,1024.0,1014.0
10157.0,2372.0,2377.0,2396.0,1001.0,998.0,1013.0
10098.0,2385.0,2336.0,2380.0,1002.0,990.0,1005.0
10280.0,2452.0,2387.0,2384.0,1010.0,1015.0,1032.0
10366.0,2467.0,2408.0,2407.0,1030.0,1031.0,1023.0
10184.0,2408.0,2376.0,2383.0,1016.0,993.0,1008.0
10168.0,2396.0,2334.0,2415.0,1012.0,1008.0,1003.0
10145.0,2367.0,2370.0,2406.0,992.0,1006.0,1004.0
10176.0,2336.0,2407.0,2353.0,1036.0,1024.0,1020.0
10294.0,2369.0,2430.0,2438.0,1029.0,1019.0,1009.0
10382.0,2392.0,2436.0,2439.0,1046.0,1051.0,1018.0
10377.0,2386.0,2406.0,2467.0,1039.0,1033.0,1046.0
10315.0,2398.0,2444.0,2421.0,1018.0,1028.0,1006.0
10367.0,2407.0,2435.0,2443.0,1040.0,1037.0,1005.0
10538.0,2438.0,2470.0,2456.0,1064.0,1066.0,1044.0
10533.0,2438.0,2489.0,2447.0,1056.0,1055.0,1048.0
10670.0,2518.0,2452.0,2481.0,1081.0,1075.0,1063.0
10584.0,2485.0,2477.0,2467.0,1040.0,1063.0,1052.0
10375.0,2442.0,2396.0,2402.0,1047.0,1048.0,1040.0
10489.0,2456.0,2447.0,2420.0,1059.0,1059.0,1048.0
10463.0,2440.0,2416.0,2464.0,1044.0,1060.0,1039.0
10399.0,2437.0,2409.0,2412.0,1033.0,1063.0,1045.0
10360.0,2430.0,2396.0,2400.0,1038.0,1048.0,1048.0
10359.0,2401.0,2409.0,2400.0,1050.0,1044.0,1055.0
10432.0,2411.0,2453.0,2429.0,1042.0,1051.0,1046.0
10443.0,2412.0,2425.0,2467.0,1046.0,1045.0,1048.0
10315.0,2401.0,2418.0,2366.0,1054.0,1033.0,1043.0
10406.0,2445.0,2420.0,2457.0,1028.0,1020.0,1036.0
10385.0,2411.0,2419.0,2424.0,1042.0,1045.0,1044.0
10400.0,2453.0,2420.0,2419.0,1023.0,1027.0,1058.0
10345.0,2430.0,2423.0,2390.0,1012.0,1036.0,1054.0
10195.0,2380.0,2377.0,2391.0,1019.0,1011.0,1017.0
10314.0,2377.0,2394.0,2431.0,1043.0,1024.0,1045.0
10263.0,2365.0,2430.0,2421.0,1009.0,1014.0,1024.0
10191.0,2368.0,2355.0,2409.0,1004.0,1006.0,1049.0
10244.0,2383.0,2385.0,2401.0,1030.0,1008.0,1037.0
10257.0,2389.0,2369.0,2427.0,1032.0,1015.0,1025.0
10294.0,2385.0,2393.0,2422.0,1035.0,1028.0,1031.0
10256.0,2404.0,2417.0,2362.0,1016.0,1024.0,1033.0
10303.0,2399.0,2396.0,2398.0,1042.0,1034.0,1034.0
10295.0,2419.0,2391.0,2407.0,1030.0,1020.0,1028.0
10522.0,2489.0,2445.0,2433.0,1080.0,1037.0,1038.0
10504.0,2477.0,2449.0,2414.0,1057.0,1052.0,1055.0
10553.0,2457.0,2463.0,2464.0,1066.0,1055.0,1048.0
10656.0,2471.0,2502.0,2489.0,1080.0,1070.0,1044.0
10487.0,2442.0,2464.0,2440.0,1048.0,1054.0,1039.0
10389.0,2442.0,2420.0,2401.0,1045.0,1049.0,1032.0
10371.0,2388.0,2452.0,2416.0,1058.0,1042.0,1015.0
10424.0,2451.0,2442.0,2416.0,1039.0,1038.0,1038.0
10726.0,2493.0,2507.0,2493.0,1073.0,1086.0,1074.0
10509.0,2442.0,2466.0,2443.0,1052.0,1058.0,1048.0
10571.0,2459.0,2487.0,2467.0,1058.0,1062.0,1038.0
10554.0,2476.0,2468.0,2463.0,1054.0,1067.0,1026.0
10465.0,2470.0,2447.0,2441.0,1016.0,1055.0,1036.0
10279.0,2391.0,2392.0,2411.0,1030.0,1033.0,1022.0
10373.0,2420.0,2424.0,2423.0,1030.0,1045.0,1031.0
10466.0,2466.0,2424.0,2457.0,1014.0,1057.0,1048.0
10240.0,2387.0,2383.0,2418.0,999.0,1037.0,1016.0
10160.0,2412.0,2353.0,2373.0,1014.0,1011.0,997.0
10340.0,2379.0,2417.0,2429.0,1044.0,1029.0,1042.0
10223.0,2368.0,2374.0,2411.0,1025.0,1024.0,1021.0
10329.0,2372.0,2428.0,2437.0,1033.0,1014.0,1045.0
10332.0,2360.0,2424.0,2420.0,1039.0,1039.0,1050.0
10342.0,2432.0,2426.0,2385.0,1025.0,1018.0,1056.0
10360.0,2415.0,2409.0,2425.0,1037.0,1023.0,1051.0
10536.0,2459.0,2468.0,2462.0,1035.0,1056.0,1056.0
10570.0,2488.0,2492.0,2410.0,1048.0,1057.0,1075.0
10705.0,2492.0,2513.0,2508.0,1070.0,1051.0,1071.0
10762.0,2525.0,2511.0,2497.0,1086.0,1064.0,1079.0
10707.0,2523.0,2517.0,2459.0,1077.0,1065.0,1066.0
10677.0,2496.0,2478.0,2501.0,1073.0,1061.0,1068.0
10640.0,2482.0,2480.0,2471.0,1065.0,1071.0,1071.0
10553.0,2471.0,2475.0,2432.0,1066.0,1052.0,1057.0
10535.0,2469.0,2459.0,2442.0,1060.0,1038.0,1067.0
10735.0,2482.0,2494.0,2511.0,1098.0,1080.0,1070.0
10561.0,2452.0,2466.0,2487.0,1056.0,1043.0,1057.0
10375.0,2391.0,2401.0,2424.0,1048.0,1061.0,1050.0
10422.0,2452.0,2403.0,2425.0,1057.0,1040.0,1045.0
10400.0,2425.0,2396.0,2433.0,1052.0,1055.0,1039.0
10675.0,2489.0,2493.0,2526.0,1051.0,1062.0,1054.0
10536.0,2464.0,2458.0,2486.0,1043.0,1047.0,1038.0
10379.0,2460.0,2403.0,2430.0,1027.0,1042.0,1017.0
10474.0,2457.0,2447.0,2445.0,1029.0,1067.0,1029.0
10338.0,2405.0,2441.0,2415.0,1027.0,1034.0,1016.0
10425.0,2470.0,2408.0,2450.0,1011.0,1042.0,1044.0
10510.0,2473.0,2477.0,2434.0,1046.0,1053.0,1027.0
10499.0,2421.0,2478.0,2467.0,1041.0,1043.0,1049.0
10290.0,2374.0,2401.0,2424.0,1013.0,1044.0,1034.0
10407.0,2393.0,2472.0,2426.0,1029.0,1050.0,1037.0
10457.0,2464.0,2451.0,2431.0,1030.0,1050.0,1031.0
10371.0,2416.0,2420.0,2422.0,1028.0,1055.0,1030.0
10438.0,2469.0,2412.0,2441.0,1030.0,1037.0,1049.0
10692.0,2504.0,2491.0,2498.0,1055.0,1065.0,1079.0
10561.0,2498.0,2435.0,2457.0,1053.0,1063.0,1055.0
10572.0,2501.0,2416.0,2521.0,1054.0,1045.0,1035.0
10571.0,2505.0,2449.0,2430.0,1061.0,1062.0,1064.0
10639.0,2525.0,2490.0,2441.0,1058.0,1055.0,1070.0
10615.0,2520.0,2425.0,2486.0,1071.0,1050.0,1063.0
10750.0,2500.0,2530.0,2498.0,1084.0,1062.0,1076.0
10693.0,2496.0,2451.0,2507.0,1074.0,1081.0,1084.0
10586.0,2447.0,2481.0,2478.0,1074.0,1067.0,1039.0
10565.0,2454.0,2474.0,2469.0,1057.0,1053.0,1058.0
10745.0,2493.0,2539.0,2505.0,1083.0,1059.0,1066.0
10867.0,2500.0,2545.0,2571.0,1089.0,1065.0,1097.0
10615.0,2456.0,2484.0,2523.0,1040.0,1049.0,1063.0
10623.0,2467.0,2488.0,2484.0,1058.0,1059.0,1067.0
10479.0,2434.0,2439.0,2446.0,1061.0,1043.0,1056.0
10558.0,2460.0,2474.0,2462.0,1039.0,1050.0,1073.0
10446.0,2479.0,2429.0,2386.0,1046.0,1041.0,1065.0
10560.0,2496.0,2448.0,2468.0,1054.0,1039.0,1055.0
10367.0,2394.0,2414.0,2427.0,1039.0,1051.0,1042.0
10422.0,2450.0,2437.0,2391.0,1046.0,1044.0,1054.0
10324.0,2406.0,2397.0,2425.0,1027.0,1017.0,1052.0
10246.0,2361.0,2400.0,2390.0,1032.0,1039.0,1024.0
10479.0,2433.0,2468.0,2416.0,1038.0,1061.0,1063.0
10472.0,2440.0,2438.0,2452.0,1038.0,1052.0,1052.0
10594.0,2467.0,2493.0,2450.0,1048.0,1079.0,1057.0
10587.0,2452.0,2470.0,2468.0,1049.0,1084.0,1064.0
10552.0,2461.0,2461.0,2463.0,1036.0,1077.0,1054.0
10725.0,2528.0,2527.0,2467.0,1070.0,1064.0,1069.0
10763.0,2499.0,2518.0,2478.0,1078.0,1104.0,1086.0
10852.0,2570.0,2532.0,2506.0,1081.0,1090.0,1073.0
10706.0,2520.0,2459.0,2527.0,1068.0,1063.0,1069.0
10806.0,2514.0,2522.0,2515.0,1082.0,1088.0,1085.0
10845.0,2537.0,2511.0,2542.0,1086.0,1098.0,1071.0
10747.0,2502.0,2542.0,2507.0,1065.0,1078.0,1053.0
10764.0,2482.0,2513.0,2528.0,1090.0,1085.0,1066.0
10690.0,2461.0,2491.0,2517.0,1088.0,1070.0,1063.0
10677.0,2493.0,2480.0,2492.0,1093.0,1048.0,1071.0
10678.0,2529.0,2436.0,2498.0,1075.0,1072.0,1068.0
10470.0,2457.0,2435.0,2448.0,1060.0,1039.0,1031.0
10561.0,2469.0,2455.0,2484.0,1052.0,1040.0,1061.0
10629.0,2467.0,2474.0,2521.0,1055.0,1045.0,1067.0
10536.0,2488.0,2419.0,2498.0,1060.0,1046.0,1025.0
10596.0,2469.0,2481.0,2481.0,1059.0,1047.0,1059.0
10435.0,2460.0,2423.0,2435.0,1032.0,1033.0,1052.0
10565.0,2472.0,2483.0,2469.0,1043.0,1038.0,1060.0
10331.0,2412.0,2433.0,2373.0,1045.0,1028.0,1040.0
10395.0,2429.0,2441.0,2416.0,1040.0,1037.0,1032.0
10550.0,2483.0,2497.0,2414.0,1048.0,1058.0,1050.0
10378.0,2418.0,2423.0,2403.0,1048.0,1030.0,1056.0
10436.0,2465.0,2460.0,2390.0,1044.0,1035.0,1042.0
10502.0,2459.0,2485.0,2415.0,1050.0,1043.0,1050.0
10715.0,2532.0,2506.0,2475.0,1058.0,1064.0,1080.0
10630.0,2478.0,2454.0,2486.0,1058.0,1073.0,1081.0
10653.0,2526.0,2477.0,2458.0,1051.0,1067.0,1074.0
10655.0,2512.0,2463.0,2466.0,1069.0,1074.0,1071.0
10874.0,2551.0,2533.0,2522.0,1079.0,1095.0,1094.0
10828.0,2513.0,2516.0,2540.0,1068.0,1095.0,1096.0
10757.0,2510.0,2453.0,2534.0,1082.0,1083.0,1095.0
10918.0,2573.0,2528.0,2558.0,1076.0,1084.0,1099.0
10814.0,2525.0,2504.0,2549.0,1073.0,1086.0,1077.0
10823.0,2492.0,2512.0,2560.0,1070.0,1097.0,1092.0
10710.0,2537.0,2470.0,2448.0,1075.0,1096.0,1084.0
10655.0,2467.0,2508.0,2484.0,1060.0,1065.0,1071.0
10795.0,2490.0,2540.0,2500.0,1084.0,1103.0,1078.0
10619.0,2473.0,2511.0,2461.0,1064.0,1066.0,1044.0
10602.0,2494.0,2442.0,2472.0,1072.0,1059.0,1063.0
10713.0,2516.0,2487.0,2497.0,1070.0,1067.0,1076.0
10541.0,2483.0,2478.0,2431.0,1054.0,1058.0,1037.0
10477.0,2464.0,2437.0,2413.0,1049.0,1048.0,1066.0
10726.0,2500.0,2535.0,2488.0,1079.0,1062.0,1062.0
10496.0,2468.0,2431.0,2463.0,1045.0,1055.0,1034.0
10342.0,2401.0,2434.0,2370.0,1059.0,1055.0,1023.0
10371.0,2416.0,2448.0,2407.0,1035.0,1034.0,1031.0
10561.0,2452.0,2494.0,2451.0,1073.0,1044.0,1047.0
10574.0,2454.0,2481.0,2471.0,1046.0,1062.0,1060.0
10402.0,2425.0,2424.0,2458.0,1047.0,1024.0,1024.0
10468.0,2461.0,2435.0,2452.0,1055.0,1024.0,1041.0
10632.0,2477.0,2470.0,2487.0,1069.0,1071.0,1058.0
10711.0,2553.0,2457.0,2521.0,1072.0,1048.0,1060.0
10728.0,2515.0,2481.0,2518.0,1073.0,1062.0,1079.0
10880.0,2560.0,2532.0,2559.0,1067.0,1081.0,1081.0
10765.0,2530.0,2521.0,2505.0,1080.0,1065.0,1064.0
10784.0,2510.0,2551.0,2539.0,1053.0,1065.0,1066.0
11020.0,2572.0,2587.0,2578.0,1110.0,1098.0,1075.0
10914.0,2543.0,2542.0,2580.0,1074.0,1074.0,1101.0
10796.0,2513.0,2554.0,2513.0,1069.0,1075.0,1072.0
10876.0,2553.0,2554.0,2536.0,1071.0,1079.0,1083.0
10821.0,2514.0,2501.0,2523.0,1082.0,1098.0,1103.0
10647.0,2481.0,2460.0,2494.0,1059.0,1076.0,1077.0
10679.0,2429.0,2488.0,2508.0,1077.0,1090.0,1087.0
10654.0,2492.0,2491.0,2474.0,1067.0,1070.0,1060.0
10902.0,2532.0,2524.0,2546.0,1095.0,1111.0,1094.0
10664.0,2490.0,2480.0,2453.0,1084.0,1085.0,1072.0
10715.0,2521.0,2470.0,2480.0,1086.0,1079.0,1079.0
10745.0,2545.0,2494.0,2463.0,1092.0,1078.0,1073.0
10524.0,2477.0,2434.0,2419.0,1070.0,1063.0,1061.0
10617.0,2474.0,2469.0,2464.0,1063.0,1089.0,1058.0
10478.0,2436.0,2456.0,2414.0,1073.0,1060.0,1039.0
10519.0,2444.0,2430.0,2447.0,1075.0,1055.0,1068.0
10429.0,2423.0,2423.0,2413.0,1067.0,1047.0,1056.0
10573.0,2438.0,2445.0,2506.0,1055.0,1066.0,1063.0
10619.0,2441.0,2504.0,2460.0,1069.0,1083.0,1062.0
10781.0,2514.0,2546.0,2506.0,1069.0,1070.0,1076.0
10766.0,2512.0,2525.0,2524.0,1073.0,1074.0,1058.0
10829.0,2529.0,2539.0,2538.0,1075.0,1074.0,1074.0
10851.0,2525.0,2534.0,2540.0,1073.0,1093.0,1086.0
10807.0,2570.0,2495.0,2536.0,1072.0,1065.0,1069.0
10935.0,2554.0,2559.0,2568.0,1086.0,1088.0,1080.0
10961.0,2581.0,2552.0,2569.0,1090.0,1081.0,1088.0
10901.0,2519.0,2552.0,2585.0,1091.0,1068.0,1086.0
10937.0,2566.0,2564.0,2531.0,1109.0,1082.0,1085.0
10698.0,2505.0,2485.0,2525.0,1062.0,1052.0,1069.0
10820.0,2504.0,2501.0,2543.0,1098.0,1101.0,1073.0
10801.0,2530.0,2533.0,2484.0,1080.0,1086.0,1088.0
10692.0,2467.0,2497.0,2530.0,1057.0,1059.0,1082.0
10675.0,2492.0,2485.0,2498.0,1071.0,1067.0,1062.0
10521.0,2443.0,2444.0,2467.0,1064.0,1051.0,1052.0
10701.0,2512.0,2518.0,2464.0,1064.0,1077.0,1066.0
10745.0,2547.0,2519.0,2471.0,1066.0,1061.0,1081.0
10940.0,2550.0,2564.0,2540.0,1099.0,1105.0,1082.0
10567.0,2488.0,2479.0,2432.0,1069.0,1042.0,1057.0
10657.0,2498.0,2484.0,2499.0,1057.0,1054.0,1065.0
10604.0,2436.0,2485.0,2458.0,1071.0,1086.0,1068.0
10669.0,2485.0,2484.0,2475.0,1081.0,1080.0,1064.0
10641.0,2457.0,2474.0,2482.0,1076.0,1077.0,1075.0
10647.0,2463.0,2427.0,2527.0,1077.0,1080.0,1073.0
10420.0,2368.0,2462.0,2420.0,1063.0,1053.0,1054.0
10625.0,2445.0,2472.0,2480.0,1078.0,1085.0,1065.0
10692.0,2462.0,2468.0,2538.0,1078.0,1074.0,1072.0
10808.0,2515.0,2478.0,2545.0,1083.0,1088.0,1099.0
10938.0,2532.0,2515.0,2568.0,1109.0,1115.0,1099.0
10825.0,2507.0,2528.0,2501.0,1076.0,1110.0,1103.0
11131.0,2594.0,2579.0,2628.0,1102.0,1107.0,1121.0
10921.0,2551.0,2547.0,2556.0,1075.0,1097.0,1095.0
10867.0,2539.0,2519.0,2563.0,1070.0,1090.0,1086.0
10977.0,2548.0,2572.0,2559.0,1087.0,1103.0,1108.0
10889.0,2536.0,2568.0,2543.0,1070.0,1082.0,1090.0
10850.0,2500.0,2554.0,2521.0,1084.0,1080.0,1111.0
10931.0,2535.0,2576.0,2547.0,1081.0,1096.0,1096.0
10837.0,2528.0,2517.0,2517.0,1091.0,1072.0,1112.0
10859.0,2522.0,2582.0,2488.0,1089.0,1082.0,1096.0
10787.0,2505.0,2548.0,2509.0,1074.0,1076.0,1075.0
10790.0,2548.0,2539.0,2472.0,1073.0,1092.0,1066.0
10595.0,2480.0,2451.0,2470.0,1056.0,1069.0,1069.0
10695.0,2496.0,2498.0,2487.0,1082.0,1059.0,1073.0
10703.0,2486.0,2484.0,2498.0,1084.0,1083.0,1068.0
10742.0,2522.0,2482.0,2485.0,1090.0,1080.0,1083.0
10701.0,2503.0,2460.0,2541.0,1076.0,1055.0,1066.0
10686.0,2495.0,2468.0,2516.0,1071.0,1071.0,1065.0
10643.0,2531.0,2458.0,2498.0,1060.0,1048.0,1048.0
10708.0,2469.0,2505.0,2513.0,1076.0,1070.0,1075.0
10627.0,2442.0,2481.0,2492.0,1094.0,1066.0,1052.0
10697.0,2471.0,2511.0,2519.0,1072.0,1070.0,1054.0
10840.0,2527.0,2542.0,2529.0,1088.0,1079.0,1075.0
10858.0,2509.0,2536.0,2543.0,1097.0,1100.0,1073.0
10835.0,2524.0,2531.0,2535.0,1102.0,1078.0,1065.0
10982.0,2559.0,2547.0,2585.0,1106.0,1107.0,1078.0
10883.0,2535.0,2558.0,2549.0,1090.0,1087.0,1064.0
10898.0,2553.0,2526.0,2550.0,1106.0,1099.0,1064.0
11003.0,2551.0,2587.0,2565.0,1103.0,1103.0,1094.0
10920.0,2519.0,2589.0,2530.0,1091.0,1112.0,1079.0
10814.0,2537.0,2545.0,2459.0,1075.0,1102.0,1096.0
11120.0,2608.0,2566.0,2591.0,1099.0,1119.0,1137.0
11000.0,2566.0,2578.0,2527.0,1108.0,1111.0,1110.0
10933.0,2524.0,2546.0,2543.0,1114.0,1106.0,1100.0
10790.0,2494.0,2521.0,2517.0,1084.0,1095.0,1079.0
10958.0,2585.0,2538.0,2527.0,1092.0,1112.0,1104.0
10761.0,2489.0,2511.0,2508.0,1075.0,1093.0,1085.0
10786.0,2534.0,2491.0,2541.0,1051.0,1082.0,1087.0
10874.0,2542.0,2536.0,2524.0,1066.0,1102.0,1104.0
10799.0,2545.0,2514.0,2505.0,1082.0,1070.0,1083.0
10847.0,2525.0,2540.0,2539.0,1087.0,1065.0,1091.0
10843.0,2567.0,2521.0,2515.0,1069.0,1086.0,1085.0
10886.0,2534.0,2562.0,2531.0,1085.0,1087.0,1087.0
10815.0,2521.0,2514.0,2532.0,1095.0,1064.0,1089.0
10744.0,2507.0,2495.0,2526.0,1071.0,1068.0,1077.0
10680.0,2514.0,2491.0,2494.0,1074.0,1045.0,1062.0
10845.0,2539.0,2525.0,2544.0,1095.0,1070.0,1072.0
10712.0,2468.0,2511.0,2519.0,1075.0,1064.0,1075.0
10701.0,2500.0,2522.0,2522.0,1054.0,1044.0,1059.0
10835.0,2491.0,2531.0,2554.0,1078.0,1089.0,1092.0
10768.0,2493.0,2494.0,2569.0,1085.0,1062.0,1065.0
10787.0,2544.0,2520.0,2489.0,1081.0,1064.0,1089.0
10923.0,2550.0,2553.0,2544.0,1097.0,1089.0,1090.0
11205.0,2639.0,2583.0,2601.0,1139.0,1123.0,1120.0
10985.0,2602.0,2545.0,2543.0,1105.0,1105.0,1085.0
10964.0,2590.0,2569.0,2532.0,1096.0,1096.0,1081.0
10868.0,2545.0,2523.0,2543.0,1101.0,1078.0,1078.0
10923.0,2588.0,2553.0,2483.0,1112.0,1088.0,1099.0
10962.0,2561.0,2551.0,2545.0,1089.0,1119.0,1097.0
11135.0,2583.0,2620.0,2602.0,1122.0,1109.0,1099.0
10999.0,2569.0,2596.0,2541.0,1091.0,1104.0,1098.0
10872.0,2571.0,2539.0,2485.0,1088.0,1100.0,1089.0
10842.0,2523.0,2533.0,2527.0,1082.0,1100.0,1077.0
10894.0,2554.0,2551.0,2524.0,1081.0,1090.0,1094.0
11007.0,2565.0,2610.0,2551.0,1091.0,1102.0,1088.0
11019.0,2582.0,2555.0,2600.0,1082.0,1109.0,1091.0
10937.0,2536.0,2590.0,2536.0,1066.0,1116.0,1093.0
10717.0,2531.0,2484.0,2514.0,1056.0,1073.0,1059.0
10889.0,2542.0,2516.0,2580.0,1081.0,1083.0,1087.0
10774.0,2497.0,2477.0,2562.0,1067.0,1087.0,1084.0
10770.0,2501.0,2508.0,2514.0,1077.0,1100.0,1070.0
10757.0,2492.0,2464.0,2536.0,1076.0,1095.0,1094.0
10924.0,2572.0,2514.0,2555.0,1096.0,1093.0,1094.0
10705.0,2486.0,2499.0,2493.0,1081.0,1063.0,1083.0
10870.0,2569.0,2496.0,2527.0,1100.0,1083.0,1095.0
10900.0,2514.0,2553.0,2538.0,1104.0,1089.0,1102.0
10934.0,2548.0,2541.0,2550.0,1104.0,1080.0,1111.0
10997.0,2599.0,2588.0,2537.0,1093.0,1078.0,1102.0
11060.0,2564.0,2557.0,2595.0,1114.0,1104.0,1126.0
11044.0,2582.0,2607.0,2545.0,1116.0,1077.0,1117.0
11098.0,2612.0,2632.0,2526.0,1112.0,1093.0,1123.0
11092.0,2583.0,2618.0,2565.0,1102.0,1091.0,1133.0
11066.0,2573.0,2598.0,2572.0,1112.0,1102.0,1109.0
11192.0,2622.0,2621.0,2583.0,1125.0,1122.0,1119.0
11040.0,2561.0,2568.0,2602.0,1107.0,1094.0,1108.0
11172.0,2588.0,2601.0,2622.0,1123.0,1120.0,1118.0
10806.0,2535.0,2544.0,2479.0,1079.0,1078.0,1091.0
11046.0,2580.0,2570.0,2606.0,1098.0,1083.0,1109.0
10877.0,2563.0,2511.0,2547.0,1088.0,1092.0,1076.0
11107.0,2622.0,2586.0,2576.0,1107.0,1109.0,1107.0
10888.0,2555.0,2510.0,2546.0,1093.0,1094.0,1090.0
10799.0,2528.0,2486.0,2556.0,1063.0,1087.0,1079.0
10894.0,2589.0,2515.0,2555.0,1063.0,1093.0,1079.0
10844.0,2556.0,2540.0,2525.0,1074.0,1073.0,1076.0
10849.0,2533.0,2533.0,2545.0,1072.0,1097.0,1069.0
10696.0,2471.0,2474.0,2526.0,1064.0,1086.0,1075.0
10859.0,2552.0,2560.0,2516.0,1078.0,1094.0,1059.0
10904.0,2548.0,2545.0,2546.0,1099.0,1090.0,1076.0
10753.0,2474.0,2533.0,2543.0,1050.0,1080.0,1073.0
10938.0,2527.0,2577.0,2570.0,1079.0,1096.0,1089.0
10997.0,2559.0,2608.0,2558.0,1090.0,1110.0,1072.0
10872.0,2505.0,2554.0,2530.0,1089.0,1104.0,1090.0
10946.0,2577.0,2563.0,2542.0,1091.0,1099.0,1074.0
10940.0,2574.0,2557.0,2523.0,1093.0,1091.0,1102.0
10988.0,2561.0,2570.0,2551.0,1108.0,1103.0,1095.0
10900.0,2573.0,2512.0,2537.0,1101.0,1087.0,1090.0
11139.0,2617.0,2569.0,2602.0,1124.0,1107.0,1120.0
11046.0,2589.0,2521.0,2587.0,1125.0,1117.0,1107.0
11192.0,2619.0,2629.0,2580.0,1135.0,1115.0,1114.0
11143.0,2568.0,2597.0,2602.0,1139.0,1124.0,1113.0
11126.0,2590.0,2586.0,2592.0,1127.0,1108.0,1123.0
11193.0,2618.0,2615.0,2612.0,1100.0,1106.0,1142.0
11125.0,2580.0,2582.0,2619.0,1129.0,1084.0,1131.0
11061.0,2552.0,2592.0,2618.0,1097.0,1097.0,1105.0
11183.0,2595.0,2628.0,2640.0,1097.0,1110.0,1113.0
11221.0,2623.0,2617.0,2627.0,1127.0,1118.0,1109.0
10956.0,2566.0,2588.0,2566.0,1083.0,1068.0,1085.0
11081.0,2598.0,2600.0,2583.0,1094.0,1102.0,1104.0
10981.0,2554.0,2569.0,2580.0,1097.0,1087.0,1094.0
11026.0,2600.0,2570.0,2567.0,1098.0,1087.0,1104.0
10847.0,2523.0,2554.0,2532.0,1066.0,1083.0,1089.0
10989.0,2570.0,2548.0,2588.0,1103.0,1088.0,1092.0
10582.0,2465.0,2469.0,2459.0,1068.0,1060.0,1061.0
10976.0,2565.0,2565.0,2534.0,1079.0,1108.0,1125.0
10733.0,2473.0,2499.0,2505.0,1074.0,1081.0,1101.0
10862.0,2530.0,2512.0,2538.0,1066.0,1093.0,1123.0
10869.0,2588.0,2512.0,2515.0,1080.0,1085.0,1089.0
10860.0,2492.0,2500.0,2561.0,1090.0,1109.0,1108.0
11009.0,2583.0,2555.0,2566.0,1106.0,1099.0,1100.0
10959.0,2586.0,2517.0,2550.0,1091.0,1101.0,1114.0
11275.0,2649.0,2652.0,2605.0,1121.0,1121.0,1127.0
11161.0,2623.0,2591.0,2607.0,1118.0,1114.0,1108.0
11252.0,2618.0,2625.0,2620.0,1135.0,1132.0,1122.0
11252.0,2676.0,2627.0,2590.0,1126.0,1126.0,1107.0
11193.0,2611.0,2627.0,2595.0,1126.0,1118.0,1116.0
11242.0,2617.0,2627.0,2625.0,1124.0,1142.0,1107.0
11234.0,2599.0,2637.0,2635.0,1126.0,1124.0,1113.0
11346.0,2637.0,2618.0,2663.0,1145.0,1140.0,1143.0
11133.0,2557.0,2594.0,2630.0,1124.0,1114.0,1114.0
11089.0,2587.0,2598.0,2571.0,1124.0,1111.0,1098.0
11170.0,2575.0,2595.0,2629.0,1124.0,1139.0,1108.0
11147.0,2589.0,2613.0,2606.0,1123.0,1119.0,1097.0
11033.0,2599.0,2542.0,2585.0,1095.0,1102.0,1110.0
10944.0,2589.0,2546.0,2542.0,1083.0,1088.0,1096.0
10871.0,2573.0,2477.0,2564.0,1085.0,1085.0,1087.0
10933.0,2593.0,2506.0,2553.0,1077.0,1093.0,1111.0
10945.0,2553.0,2539.0,2548.0,1108.0,1106.0,1091.0
10878.0,2569.0,2510.0,2546.0,1083.0,1081.0,1089.0
10857.0,2555.0,2531.0,2527.0,1080.0,1078.0,1086.0
10979.0,2557.0,2574.0,2548.0,1098.0,1081.0,1121.0
10825.0,2503.0,2564.0,2534.0,1073.0,1080.0,1071.0
10903.0,2529.0,2566.0,2537.0,1090.0,1080.0,1101.0
11156.0,2579.0,2634.0,2618.0,1110.0,1087.0,1128.0
10940.0,2551.0,2578.0,2527.0,1088.0,1094.0,1102.0
11144.0,2604.0,2590.0,2612.0,1108.0,1106.0,1124.0
11214.0,2642.0,2641.0,2594.0,1119.0,1094.0,1124.0
11259.0,2627.0,2657.0,2586.0,1121.0,1121.0,1147.0
11271.0,2627.0,2623.0,2648.0,1123.0,1124.0,1126.0
11140.0,2580.0,2614.0,2586.0,1126.0,1116.0,1118.0
11420.0,2666.0,2648.0,2668.0,1146.0,1135.0,1157.0
