demand,Demand_Retailer_0,Demand_Retailer_1,Demand_Retailer_2,Demand_Retailer_3,Demand_Retailer_4,Demand_Retailer_5
1009.0,235.0,258.0,237.0,94.0,96.0,89.0
1087.0,265.0,273.0,255.0,100.0,100.0,94.0
1179.0,295.0,280.0,281.0,92.0,111.0,120.0
1105.0,281.0,238.0,239.0,111.0,116.0,120.0
1076.0,246.0,264.0,246.0,111.0,94.0,115.0
1030.0,250.0,237.0,219.0,105.0,105.0,114.0
1064.0,262.0,262.0,206.0,110.0,113.0,111.0
938.0,250.0,195.0,223.0,85.0,92.0,93.0
983.0,219.0,199.0,264.0,101.0,95.0,105.0
975.0,192.0,224.0,260.0,104.0,104.0,91.0
920.0,189.0,189.0,260.0,93.0,92.0,97.0
941.0,193.0,207.0,224.0,107.0,113.0,97.0
942.0,166.0,250.0,207.0,111.0,96.0,112.0
1076.0,235.0,236.0,278.0,109.0,117.0,101.0
1053.0,249.0,232.0,238.0,112.0,101.0,121.0
1169.0,271.0,283.0,286.0,115.0,110.0,104.0
1142.0,270.0,274.0,255.0,106.0,112.0,125.0
1122.0,256.0,282.0,254.0,112.0,109.0,109.0
1116.0,257.0,272.0,258.0,104.0,106.0,119.0
1123.0,265.0,295.0,254.0,108.0,99.0,102.0
997.0,246.0,223.0,251.0,88.0,91.0,98.0
999.0,263.0,246.0,199.0,104.0,85.0,102.0
899.0,210.0,218.0,241.0,70.0,83.0,77.0
889.0,209.0,190.0,220.0,95.0,90.0,85.0
957.0,215.0,235.0,235.0,91.0,93.0,88.0
979.0,216.0,225.0,231.0,108.0,96.0,103.0
1051.0,232.0,254.0,231.0,108.0,115.0,111.0
1146.0,260.0,259.0,262.0,114.0,131.0,120.0
1209.0,282.0,282.0,265.0,121.0,128.0,131.0
1231.0,292.0,309.0,277.0,119.0,117.0,117.0
1189.0,253.0,298.0,277.0,117.0,116.0,128.0
1107.0,248.0,267.0,252.0,113.0,114.0,113.0
1062.0,242.0,242.0,262.0,106.0,108.0,102.0
1050.0,259.0,246.0,235.0,103.0,106.0,101.0
1011.0,248.0,212.0,260.0,97.0,98.0,96.0
920.0,237.0,227.0,205.0,86.0,77.0,88.0
851.0,199.0,200.0,213.0,84.0,77.0,78.0
898.0,203.0,255.0,165.0,102.0,95.0,78.0
978.0,233.0,244.0,202.0,107.0,96.0,96.0
1121.0,279.0,286.0,234.0,120.0,105.0,97.0
1136.0,261.0,273.0,242.0,128.0,114.0,118.0
1195.0,325.0,273.0,256.0,106.0,123.0,112.0
1252.0,317.0,238.0,307.0,136.0,124.0,130.0
1190.0,287.0,246.0,284.0,124.0,125.0,124.0
1189.0,263.0,274.0,272.0,123.0,138.0,119.0
1132.0,251.0,264.0,270.0,102.0,127.0,118.0
1132.0,281.0,254.0,274.0,110.0,101.0,112.0
1069.0,285.0,240.0,237.0,82.0,103.0,122.0
1003.0,270.0,217.0,222.0,94.0,94.0,106.0
978.0,241.0,231.0,230.0,91.0,96.0,89.0
918.0,218.0,221.0,217.0,90.0,83.0,89.0
964.0,203.0,250.0,206.0,101.0,103.0,101.0
1071.0,255.0,225.0,249.0,124.0,105.0,113.0
1236.0,302.0,312.0,266.0,131.0,105.0,120.0
1214.0,279.0,286.0,280.0,125.0,116.0,128.0
1308.0,304.0,314.0,313.0,131.0,125.0,121.0
1340.0,290.0,346.0,331.0,139.0,116.0,118.0
1274.0,276.0,308.0,313.0,131.0,129.0,117.0
1091.0,236.0,233.0,293.0,95.0,115.0,119.0
1066.0,249.0,253.0,260.0,95.0,111.0,98.0
1021.0,250.0,249.0,229.0,81.0,100.0,112.0
980.0,220.0,224.0,252.0,90.0,116.0,78.0
981.0,254.0,236.0,208.0,102.0,102.0,79.0
958.0,208.0,226.0,212.0,95.0,102.0,115.0
1052.0,234.0,259.0,240.0,100.0,109.0,110.0
1145.0,257.0,269.0,266.0,117.0,112.0,124.0
1235.0,321.0,262.0,281.0,125.0,123.0,123.0
1309.0,337.0,278.0,315.0,129.0,110.0,140.0
1304.0,315.0,277.0,325.0,130.0,123.0,134.0
1220.0,247.0,265.0,316.0,129.0,123.0,140.0
1233.0,274.0,263.0,312.0,140.0,126.0,118.0
1188.0,279.0,259.0,307.0,107.0,109.0,127.0
1200.0,288.0,295.0,275.0,115.0,109.0,118.0
1097.0,250.0,286.0,247.0,113.0,95.0,106.0
1060.0,280.0,295.0,196.0,93.0,102.0,94.0
947.0,205.0,228.0,215.0,86.0,110.0,103.0
1004.0,211.0,244.0,233.0,101.0,115.0,100.0
1025.0,253.0,240.0,215.0,95.0,120.0,102.0
1164.0,269.0,240.0,281.0,124.0,138.0,112.0
1245.0,339.0,259.0,297.0,115.0,129.0,106.0
1357.0,319.0,310.0,319.0,137.0,143.0,129.0
1340.0,297.0,328.0,312.0,141.0,134.0,128.0
1312.0,285.0,357.0,285.0,137.0,126.0,122.0
1238.0,257.0,292.0,287.0,133.0,135.0,134.0
1214.0,249.0,316.0,286.0,119.0,120.0,124.0
1129.0,288.0,258.0,234.0,115.0,115.0,119.0
1042.0,280.0,221.0,247.0,91.0,94.0,109.0
1011.0,275.0,238.0,213.0,93.0,87.0,105.0
946.0,221.0,222.0,213.0,101.0,89.0,100.0
1067.0,257.0,267.0,241.0,97.0,93.0,112.0
1074.0,240.0,233.0,281.0,110.0,106.0,104.0
1289.0,304.0,312.0,289.0,128.0,123.0,133.0
1322.0,302.0,295.0,327.0,126.0,146.0,126.0
1325.0,311.0,305.0,299.0,133.0,151.0,126.0
1357.0,318.0,272.0,351.0,142.0,149.0,125.0
1358.0,319.0,312.0,321.0,148.0,141.0,117.0
1265.0,284.0,274.0,318.0,140.0,134.0,115.0
1224.0,267.0,292.0,288.0,120.0,129.0,128.0
1123.0,254.0,267.0,250.0,118.0,127.0,107.0
1075.0,253.0,247.0,273.0,118.0,94.0,90.0
1038.0,267.0,242.0,223.0,103.0,104.0,99.0
1060.0,256.0,240.0,249.0,104.0,101.0,110.0
1079.0,232.0,241.0,295.0,96.0,104.0,111.0
1099.0,232.0,277.0,254.0,109.0,102.0,125.0
1190.0,299.0,253.0,302.0,113.0,104.0,119.0
1282.0,290.0,270.0,346.0,125.0,124.0,127.0
1374.0,312.0,291.0,356.0,131.0,140.0,144.0
1357.0,335.0,306.0,295.0,146.0,127.0,148.0
1310.0,263.0,320.0,302.0,137.0,135.0,153.0
1325.0,297.0,334.0,295.0,135.0,129.0,135.0
1275.0,274.0,319.0,266.0,140.0,144.0,132.0
1153.0,286.0,269.0,242.0,121.0,120.0,115.0
1177.0,281.0,267.0,271.0,127.0,125.0,106.0
1094.0,269.0,217.0,278.0,120.0,99.0,111.0
1071.0,260.0,229.0,252.0,115.0,110.0,105.0
1099.0,226.0,247.0,284.0,113.0,123.0,106.0
1208.0,282.0,255.0,307.0,127.0,124.0,113.0
1248.0,298.0,295.0,321.0,111.0,109.0,114.0
1365.0,333.0,342.0,306.0,124.0,137.0,123.0
1417.0,355.0,361.0,305.0,142.0,126.0,128.0
1337.0,341.0,297.0,308.0,127.0,128.0,136.0
1358.0,320.0,308.0,332.0,128.0,132.0,138.0
1275.0,298.0,304.0,295.0,132.0,113.0,133.0
1234.0,266.0,302.0,272.0,136.0,126.0,132.0
1192.0,289.0,258.0,255.0,123.0,123.0,144.0
1213.0,273.0,289.0,281.0,117.0,124.0,129.0
1170.0,246.0,272.0,278.0,126.0,111.0,137.0
1099.0,260.0,256.0,261.0,104.0,114.0,104.0
1132.0,236.0,265.0,291.0,119.0,109.0,112.0
1175.0,243.0,277.0,278.0,123.0,126.0,128.0
1206.0,271.0,265.0,288.0,120.0,138.0,124.0
1327.0,330.0,299.0,304.0,125.0,148.0,121.0
1351.0,342.0,328.0,278.0,129.0,143.0,131.0
1411.0,359.0,320.0,302.0,146.0,146.0,138.0
1347.0,314.0,337.0,285.0,150.0,139.0,122.0
1329.0,321.0,309.0,311.0,124.0,133.0,131.0
1350.0,326.0,306.0,327.0,129.0,131.0,131.0
1283.0,317.0,298.0,322.0,117.0,109.0,120.0
1188.0,249.0,273.0,306.0,122.0,128.0,110.0
1242.0,297.0,305.0,304.0,119.0,100.0,117.0
1160.0,265.0,252.0,276.0,126.0,127.0,114.0
1197.0,263.0,275.0,301.0,125.0,125.0,108.0
1228.0,274.0,270.0,309.0,127.0,135.0,113.0
1250.0,307.0,278.0,259.0,137.0,137.0,132.0
1408.0,339.0,336.0,295.0,144.0,149.0,145.0
1436.0,339.0,350.0,312.0,133.0,146.0,156.0
1468.0,305.0,359.0,368.0,138.0,146.0,152.0
1425.0,321.0,351.0,332.0,123.0,143.0,155.0
1358.0,294.0,338.0,284.0,145.0,154.0,143.0
1339.0,321.0,315.0,303.0,126.0,141.0,133.0
1335.0,300.0,313.0,334.0,129.0,123.0,136.0
1226.0,299.0,256.0,310.0,127.0,114.0,120.0
1149.0,268.0,250.0,298.0,118.0,116.0,99.0
1144.0,257.0,247.0,291.0,124.0,104.0,121.0
1193.0,261.0,286.0,298.0,131.0,105.0,112.0
1195.0,249.0,314.0,260.0,131.0,118.0,123.0
1347.0,314.0,358.0,288.0,123.0,139.0,125.0
1346.0,336.0,312.0,282.0,142.0,140.0,134.0
1384.0,332.0,295.0,319.0,145.0,156.0,137.0
1363.0,307.0,321.0,296.0,151.0,148.0,140.0
1463.0,339.0,319.0,357.0,132.0,160.0,156.0
1378.0,309.0,305.0,348.0,127.0,151.0,138.0
1414.0,298.0,353.0,354.0,131.0,145.0,133.0
1338.0,306.0,258.0,371.0,134.0,134.0,135.0
1322.0,334.0,279.0,303.0,135.0,143.0,128.0
1194.0,287.0,283.0,267.0,130.0,110.0,117.0
1201.0,272.0,292.0,276.0,125.0,118.0,118.0
1162.0,235.0,290.0,289.0,121.0,106.0,121.0
1273.0,310.0,283.0,292.0,139.0,118.0,131.0
1352.0,330.0,306.0,301.0,142.0,136.0,137.0
1361.0,362.0,308.0,277.0,147.0,130.0,137.0
1456.0,360.0,307.0,352.0,147.0,140.0,150.0
1513.0,374.0,360.0,343.0,155.0,134.0,147.0
1450.0,341.0,342.0,331.0,139.0,151.0,146.0
1422.0,329.0,312.0,358.0,143.0,146.0,134.0
1408.0,313.0,319.0,360.0,130.0,150.0,136.0
1267.0,290.0,299.0,308.0,116.0,130.0,124.0
1295.0,329.0,280.0,286.0,129.0,140.0,131.0
1154.0,259.0,264.0,256.0,113.0,131.0,131.0
1191.0,273.0,268.0,280.0,130.0,124.0,116.0
1206.0,268.0,311.0,246.0,130.0,128.0,123.0
1273.0,269.0,313.0,264.0,135.0,146.0,146.0
1408.0,330.0,339.0,292.0,157.0,146.0,144.0
1498.0,346.0,378.0,338.0,143.0,140.0,153.0
1554.0,356.0,380.0,378.0,154.0,133.0,153.0
1520.0,371.0,343.0,359.0,139.0,150.0,158.0
1490.0,330.0,346.0,351.0,145.0,151.0,167.0
1440.0,350.0,311.0,353.0,144.0,132.0,150.0
1397.0,327.0,314.0,345.0,121.0,150.0,140.0
1389.0,312.0,332.0,328.0,133.0,149.0,135.0
1241.0,279.0,303.0,293.0,131.0,127.0,108.0
1180.0,278.0,298.0,250.0,121.0,115.0,118.0
1206.0,305.0,283.0,250.0,119.0,123.0,126.0
1241.0,278.0,315.0,265.0,143.0,119.0,121.0
1274.0,285.0,305.0,295.0,132.0,135.0,122.0
1458.0,353.0,328.0,331.0,157.0,145.0,144.0
1462.0,330.0,334.0,372.0,148.0,143.0,135.0
1533.0,362.0,353.0,366.0,174.0,143.0,135.0
1569.0,355.0,372.0,384.0,156.0,155.0,147.0
1589.0,359.0,361.0,393.0,167.0,152.0,157.0
1508.0,319.0,388.0,334.0,155.0,156.0,156.0
1400.0,319.0,326.0,326.0,136.0,139.0,154.0
1367.0,297.0,352.0,317.0,122.0,135.0,144.0
1278.0,335.0,287.0,288.0,122.0,110.0,136.0
1167.0,322.0,254.0,226.0,127.0,120.0,118.0
1173.0,280.0,272.0,254.0,112.0,123.0,132.0
1234.0,289.0,280.0,292.0,126.0,124.0,123.0
1298.0,275.0,320.0,313.0,126.0,131.0,133.0
1395.0,324.0,321.0,327.0,141.0,137.0,145.0
1552.0,385.0,337.0,380.0,153.0,153.0,144.0
1605.0,379.0,380.0,371.0,169.0,161.0,145.0
1649.0,413.0,390.0,406.0,154.0,154.0,132.0
1520.0,337.0,352.0,359.0,158.0,159.0,155.0
1494.0,349.0,350.0,327.0,159.0,159.0,150.0
1366.0,328.0,302.0,319.0,129.0,153.0,135.0
1395.0,345.0,311.0,316.0,145.0,142.0,136.0
1287.0,328.0,299.0,270.0,130.0,134.0,126.0
1253.0,303.0,257.0,340.0,106.0,128.0,119.0
1238.0,280.0,321.0,263.0,122.0,122.0,130.0
1352.0,345.0,321.0,317.0,114.0,128.0,127.0
1394.0,306.0,319.0,370.0,133.0,116.0,150.0
1467.0,298.0,373.0,359.0,151.0,127.0,159.0
1504.0,356.0,354.0,358.0,150.0,146.0,140.0
1555.0,396.0,343.0,340.0,162.0,145.0,169.0
1546.0,368.0,344.0,372.0,166.0,145.0,151.0
1635.0,387.0,368.0,393.0,161.0,161.0,165.0
1527.0,362.0,377.0,325.0,150.0,160.0,153.0
1468.0,333.0,358.0,338.0,140.0,152.0,147.0
1454.0,331.0,359.0,341.0,146.0,141.0,136.0
1341.0,315.0,313.0,320.0,132.0,126.0,135.0
1316.0,304.0,307.0,321.0,122.0,136.0,126.0
1308.0,277.0,320.0,315.0,118.0,144.0,134.0
1348.0,317.0,298.0,337.0,126.0,140.0,130.0
1383.0,339.0,318.0,326.0,126.0,143.0,131.0
1436.0,318.0,323.0,363.0,140.0,159.0,133.0
1535.0,351.0,380.0,363.0,145.0,144.0,152.0
1544.0,356.0,370.0,343.0,169.0,151.0,155.0
1575.0,362.0,377.0,368.0,161.0,153.0,154.0
1460.0,308.0,368.0,318.0,158.0,152.0,156.0
1520.0,332.0,383.0,348.0,166.0,141.0,150.0
1476.0,366.0,344.0,323.0,149.0,129.0,165.0
1470.0,341.0,339.0,328.0,150.0,154.0,158.0
1378.0,356.0,296.0,309.0,130.0,135.0,152.0
1334.0,319.0,274.0,342.0,135.0,127.0,137.0
1382.0,341.0,312.0,330.0,128.0,138.0,133.0
1359.0,305.0,312.0,336.0,123.0,151.0,132.0
1396.0,309.0,336.0,336.0,131.0,149.0,135.0
1586.0,392.0,382.0,362.0,152.0,153.0,145.0
1597.0,377.0,384.0,383.0,138.0,167.0,148.0
1570.0,373.0,366.0,366.0,149.0,148.0,168.0
1597.0,390.0,368.0,351.0,152.0,165.0,171.0
1563.0,371.0,344.0,359.0,174.0,154.0,161.0
1542.0,377.0,336.0,369.0,160.0,155.0,145.0
1465.0,334.0,365.0,324.0,155.0,139.0,148.0
1531.0,365.0,371.0,346.0,163.0,139.0,147.0
1463.0,364.0,355.0,343.0,142.0,125.0,134.0
1388.0,318.0,316.0,331.0,152.0,138.0,133.0
1416.0,317.0,326.0,360.0,135.0,124.0,154.0
1370.0,293.0,321.0,333.0,140.0,146.0,137.0
1473.0,368.0,326.0,335.0,147.0,149.0,148.0
1448.0,342.0,312.0,343.0,149.0,139.0,163.0
1574.0,380.0,367.0,355.0,154.0,157.0,161.0
1614.0,384.0,377.0,339.0,140.0,186.0,188.0
1698.0,389.0,378.0,411.0,164.0,178.0,178.0
1646.0,378.0,372.0,394.0,163.0,169.0,170.0
1643.0,377.0,377.0,379.0,171.0,172.0,167.0
1543.0,346.0,362.0,359.0,168.0,155.0,153.0
1477.0,354.0,352.0,343.0,140.0,139.0,149.0
1452.0,328.0,337.0,351.0,143.0,141.0,152.0
1367.0,323.0,280.0,327.0,148.0,154.0,135.0
1431.0,371.0,322.0,326.0,157.0,129.0,126.0
1446.0,337.0,343.0,355.0,138.0,131.0,142.0
1387.0,316.0,337.0,329.0,146.0,127.0,132.0
1460.0,334.0,359.0,342.0,138.0,142.0,145.0
1663.0,375.0,429.0,379.0,154.0,161.0,165.0
1657.0,408.0,399.0,367.0,159.0,163.0,161.0
1682.0,400.0,406.0,388.0,162.0,165.0,161.0
1667.0,372.0,380.0,392.0,161.0,178.0,184.0
1644.0,345.0,363.0,427.0,166.0,166.0,177.0
1575.0,389.0,329.0,358.0,154.0,176.0,169.0
1568.0,371.0,343.0,371.0,166.0,157.0,160.0
1500.0,353.0,325.0,354.0,161.0,151.0,156.0
1439.0,340.0,329.0,309.0,160.0,145.0,156.0
1455.0,318.0,358.0,335.0,152.0,144.0,148.0
1366.0,263.0,335.0,347.0,144.0,138.0,139.0
1518.0,338.0,391.0,353.0,142.0,134.0,160.0
1509.0,345.0,349.0,364.0,154.0,138.0,159.0
1609.0,380.0,380.0,370.0,149.0,175.0,155.0
1638.0,401.0,386.0,363.0,155.0,162.0,171.0
1732.0,424.0,371.0,417.0,183.0,172.0,165.0
1622.0,371.0,367.0,393.0,165.0,161.0,165.0
1610.0,350.0,377.0,408.0,158.0,160.0,157.0
1676.0,384.0,395.0,415.0,156.0,175.0,151.0
1582.0,382.0,393.0,361.0,146.0,157.0,143.0
1516.0,352.0,342.0,343.0,160.0,161.0,158.0
1439.0,359.0,331.0,308.0,152.0,150.0,139.0
1433.0,329.0,324.0,311.0,145.0,161.0,163.0
1492.0,334.0,376.0,307.0,160.0,165.0,150.0
1505.0,321.0,339.0,350.0,168.0,164.0,163.0
1626.0,391.0,369.0,379.0,170.0,156.0,161.0
1669.0,425.0,400.0,333.0,164.0,179.0,168.0
1797.0,433.0,425.0,417.0,172.0,168.0,182.0
1711.0,422.0,380.0,393.0,175.0,165.0,176.0
1698.0,327.0,410.0,445.0,172.0,172.0,172.0
1712.0,387.0,381.0,419.0,163.0,180.0,182.0
1615.0,376.0,365.0,405.0,163.0,150.0,156.0
1530.0,376.0,335.0,380.0,147.0,134.0,158.0
1526.0,359.0,356.0,350.0,154.0,151.0,156.0
1467.0,357.0,364.0,329.0,143.0,142.0,132.0
1482.0,345.0,364.0,340.0,155.0,139.0,139.0
1496.0,327.0,382.0,344.0,173.0,135.0,135.0
1533.0,339.0,361.0,363.0,159.0,155.0,156.0
1681.0,398.0,365.0,406.0,180.0,179.0,153.0
1652.0,389.0,376.0,381.0,160.0,187.0,159.0
1816.0,442.0,403.0,427.0,179.0,196.0,169.0
1782.0,420.0,411.0,417.0,174.0,182.0,178.0
1754.0,387.0,418.0,413.0,175.0,175.0,186.0
1745.0,381.0,407.0,412.0,172.0,186.0,187.0
1696.0,364.0,406.0,407.0,171.0,166.0,182.0
1618.0,395.0,407.0,343.0,153.0,151.0,169.0
1593.0,387.0,366.0,342.0,153.0,168.0,177.0
1478.0,355.0,353.0,315.0,155.0,144.0,156.0
1403.0,324.0,349.0,306.0,140.0,132.0,152.0
1525.0,346.0,370.0,353.0,156.0,155.0,145.0
1593.0,371.0,361.0,379.0,162.0,148.0,172.0
1656.0,380.0,369.0,427.0,163.0,164.0,153.0
1719.0,421.0,389.0,399.0,181.0,168.0,161.0
1800.0,423.0,426.0,419.0,171.0,178.0,183.0
1765.0,425.0,387.0,418.0,187.0,180.0,168.0
1859.0,403.0,449.0,445.0,181.0,196.0,185.0
1726.0,396.0,425.0,385.0,172.0,186.0,162.0
1619.0,365.0,380.0,374.0,160.0,178.0,162.0
1615.0,399.0,370.0,357.0,156.0,183.0,150.0
1572.0,381.0,350.0,355.0,152.0,175.0,159.0
1518.0,378.0,328.0,356.0,152.0,149.0,155.0
1488.0,344.0,376.0,346.0,141.0,142.0,139.0
1557.0,353.0,376.0,359.0,157.0,156.0,156.0
1617.0,341.0,374.0,403.0,176.0,153.0,170.0
1793.0,411.0,445.0,414.0,185.0,156.0,182.0
1731.0,390.0,413.0,408.0,179.0,159.0,182.0
1859.0,420.0,406.0,463.0,190.0,185.0,195.0
1869.0,433.0,424.0,454.0,188.0,187.0,183.0
1826.0,441.0,424.0,418.0,183.0,180.0,180.0
1702.0,402.0,406.0,384.0,170.0,173.0,167.0
1667.0,388.0,344.0,408.0,173.0,175.0,179.0
1660.0,369.0,394.0,396.0,176.0,169.0,156.0
1616.0,385.0,386.0,364.0,161.0,166.0,154.0
1552.0,375.0,378.0,351.0,147.0,151.0,150.0
1624.0,387.0,382.0,395.0,151.0,154.0,155.0
1555.0,360.0,367.0,364.0,149.0,160.0,155.0
1595.0,338.0,362.0,421.0,136.0,168.0,170.0
1704.0,432.0,351.0,403.0,166.0,182.0,170.0
1785.0,422.0,411.0,417.0,189.0,177.0,169.0
1843.0,430.0,419.0,432.0,202.0,180.0,180.0
1889.0,464.0,443.0,431.0,183.0,189.0,179.0
1842.0,422.0,472.0,373.0,199.0,181.0,195.0
1811.0,398.0,455.0,411.0,186.0,174.0,187.0
1723.0,404.0,422.0,388.0,177.0,160.0,172.0
1680.0,417.0,376.0,369.0,159.0,172.0,187.0
1591.0,414.0,350.0,373.0,141.0,149.0,164.0
1479.0,354.0,325.0,344.0,135.0,154.0,167.0
1589.0,398.0,341.0,379.0,148.0,156.0,167.0
1617.0,375.0,400.0,376.0,149.0,151.0,166.0
1680.0,363.0,389.0,418.0,166.0,171.0,173.0
1733.0,388.0,418.0,403.0,177.0,174.0,173.0
1843.0,416.0,438.0,434.0,177.0,191.0,187.0
1875.0,450.0,453.0,412.0,193.0,189.0,178.0
1870.0,431.0,460.0,402.0,196.0,198.0,183.0
1883.0,413.0,423.0,463.0,208.0,195.0,181.0
1795.0,426.0,426.0,404.0,186.0,180.0,173.0
1762.0,412.0,454.0,379.0,176.0,177.0,164.0
1631.0,400.0,346.0,374.0,184.0,159.0,168.0
1672.0,415.0,383.0,391.0,166.0,160.0,157.0
1665.0,412.0,389.0,407.0,148.0,157.0,152.0
1548.0,347.0,389.0,359.0,137.0,158.0,158.0
1634.0,351.0,395.0,417.0,152.0,164.0,155.0
1681.0,392.0,379.0,422.0,161.0,173.0,154.0
1876.0,424.0,457.0,475.0,172.0,173.0,175.0
1841.0,444.0,402.0,442.0,187.0,192.0,174.0
1898.0,478.0,427.0,438.0,181.0,188.0,186.0
1890.0,430.0,433.0,437.0,190.0,192.0,208.0
1939.0,407.0,459.0,471.0,200.0,202.0,200.0
1855.0,403.0,460.0,428.0,191.0,194.0,179.0
1833.0,413.0,443.0,429.0,182.0,192.0,174.0
1805.0,398.0,442.0,433.0,186.0,186.0,160.0
1656.0,398.0,389.0,368.0,163.0,172.0,166.0
1611.0,374.0,388.0,381.0,147.0,150.0,171.0
1545.0,363.0,335.0,387.0,165.0,148.0,147.0
1574.0,349.0,385.0,374.0,158.0,148.0,160.0
1697.0,392.0,400.0,404.0,162.0,166.0,173.0
1804.0,430.0,429.0,431.0,162.0,175.0,177.0
1861.0,439.0,448.0,428.0,174.0,190.0,182.0
1890.0,457.0,456.0,428.0,182.0,181.0,186.0
1904.0,444.0,422.0,453.0,202.0,184.0,199.0
1931.0,449.0,444.0,435.0,203.0,199.0,201.0
1888.0,424.0,428.0,457.0,207.0,197.0,175.0
1786.0,445.0,394.0,407.0,188.0,176.0,176.0
1809.0,401.0,402.0,448.0,184.0,185.0,189.0
1723.0,420.0,378.0,392.0,178.0,177.0,178.0
1694.0,403.0,394.0,400.0,161.0,162.0,174.0
1665.0,372.0,384.0,381.0,173.0,174.0,181.0
1703.0,385.0,417.0,404.0,154.0,172.0,171.0
1665.0,365.0,422.0,367.0,157.0,169.0,185.0
1801.0,457.0,421.0,397.0,166.0,179.0,181.0
1809.0,426.0,407.0,436.0,163.0,178.0,199.0
1962.0,484.0,458.0,458.0,178.0,202.0,182.0
1917.0,444.0,435.0,446.0,204.0,189.0,199.0
1910.0,466.0,423.0,481.0,182.0,168.0,190.0
1955.0,423.0,472.0,489.0,196.0,196.0,179.0
1824.0,425.0,426.0,435.0,200.0,172.0,166.0
1844.0,424.0,416.0,445.0,185.0,174.0,200.0
1749.0,436.0,417.0,379.0,180.0,172.0,165.0
1665.0,398.0,372.0,378.0,178.0,171.0,168.0
1657.0,334.0,373.0,417.0,176.0,188.0,169.0
1619.0,366.0,348.0,379.0,169.0,176.0,181.0
1657.0,396.0,355.0,371.0,181.0,175.0,179.0
1839.0,421.0,416.0,433.0,181.0,192.0,196.0
1928.0,472.0,438.0,449.0,179.0,195.0,195.0
2065.0,494.0,492.0,484.0,184.0,209.0,202.0
2038.0,466.0,514.0,471.0,194.0,199.0,194.0
1963.0,425.0,485.0,481.0,180.0,192.0,200.0
1959.0,459.0,467.0,451.0,196.0,191.0,195.0
1880.0,452.0,415.0,457.0,192.0,164.0,200.0
1796.0,422.0,396.0,420.0,187.0,193.0,178.0
1765.0,463.0,390.0,409.0,163.0,167.0,173.0
1705.0,407.0,405.0,367.0,184.0,160.0,182.0
1677.0,372.0,406.0,395.0,190.0,162.0,152.0
1709.0,383.0,408.0,392.0,182.0,173.0,171.0
1782.0,424.0,432.0,403.0,186.0,174.0,163.0
1856.0,418.0,436.0,446.0,182.0,198.0,176.0
1967.0,498.0,431.0,453.0,190.0,199.0,196.0
1995.0,461.0,440.0,490.0,179.0,213.0,212.0
2014.0,489.0,452.0,474.0,196.0,207.0,196.0
2009.0,461.0,449.0,472.0,204.0,223.0,200.0
1935.0,440.0,443.0,461.0,191.0,202.0,198.0
1884.0,456.0,447.0,431.0,185.0,187.0,178.0
1870.0,410.0,470.0,426.0,173.0,185.0,206.0
1842.0,457.0,435.0,412.0,178.0,171.0,189.0
1709.0,412.0,413.0,369.0,159.0,165.0,191.0
1739.0,386.0,407.0,429.0,172.0,169.0,176.0
1735.0,410.0,374.0,405.0,191.0,173.0,182.0
1755.0,425.0,418.0,392.0,177.0,164.0,179.0
1870.0,455.0,427.0,429.0,191.0,178.0,190.0
2012.0,510.0,448.0,455.0,212.0,198.0,189.0
2019.0,506.0,449.0,491.0,201.0,192.0,180.0
2050.0,501.0,466.0,473.0,215.0,202.0,193.0
1988.0,455.0,467.0,474.0,194.0,211.0,187.0
1981.0,450.0,484.0,472.0,184.0,210.0,181.0
1985.0,453.0,513.0,449.0,180.0,210.0,180.0
1845.0,443.0,442.0,405.0,179.0,200.0,176.0
1823.0,442.0,443.0,386.0,180.0,185.0,187.0
1739.0,429.0,377.0,418.0,175.0,174.0,166.0
1758.0,421.0,397.0,401.0,181.0,176.0,182.0
1756.0,395.0,425.0,386.0,184.0,188.0,178.0
1893.0,406.0,455.0,466.0,198.0,178.0,190.0
1904.0,428.0,427.0,458.0,202.0,187.0,202.0
2030.0,462.0,472.0,481.0,217.0,199.0,199.0
2124.0,517.0,508.0,475.0,209.0,199.0,216.0
2115.0,485.0,512.0,477.0,216.0,202.0,223.0
2022.0,485.0,458.0,478.0,190.0,200.0,211.0
1933.0,432.0,440.0,455.0,198.0,195.0,213.0
1859.0,412.0,413.0,460.0,190.0,185.0,199.0
1867.0,434.0,434.0,447.0,183.0,182.0,187.0
1814.0,466.0,419.0,386.0,173.0,185.0,185.0
1816.0,447.0,461.0,398.0,179.0,178.0,153.0
1828.0,420.0,462.0,424.0,183.0,173.0,166.0
1798.0,389.0,436.0,428.0,181.0,196.0,168.0
1927.0,421.0,464.0,475.0,205.0,191.0,171.0
1982.0,447.0,456.0,500.0,198.0,201.0,180.0
1976.0,476.0,451.0,457.0,207.0,193.0,192.0
2022.0,453.0,477.0,479.0,205.0,207.0,201.0
2065.0,478.0,494.0,456.0,214.0,214.0,209.0
2055.0,472.0,492.0,468.0,214.0,194.0,215.0
2054.0,489.0,482.0,478.0,207.0,189.0,209.0
2004.0,459.0,479.0,482.0,195.0,188.0,201.0
1995.0,482.0,465.0,453.0,188.0,195.0,212.0
1899.0,443.0,459.0,436.0,176.0,182.0,203.0
1803.0,433.0,405.0,429.0,173.0,171.0,192.0
1714.0,347.0,401.0,438.0,175.0,170.0,183.0
1824.0,415.0,427.0,441.0,177.0,180.0,184.0
1885.0,432.0,419.0,462.0,187.0,187.0,198.0
2081.0,493.0,480.0,490.0,204.0,200.0,214.0
2025.0,478.0,467.0,458.0,207.0,205.0,210.0
2077.0,507.0,500.0,443.0,206.0,216.0,205.0
2119.0,487.0,505.0,487.0,221.0,215.0,204.0
2104.0,457.0,520.0,488.0,217.0,217.0,205.0
1983.0,451.0,475.0,454.0,205.0,208.0,190.0
1951.0,457.0,432.0,462.0,206.0,201.0,193.0
1937.0,484.0,411.0,473.0,186.0,200.0,183.0
1912.0,457.0,464.0,444.0,176.0,184.0,187.0
1875.0,430.0,443.0,457.0,181.0,183.0,181.0
1864.0,425.0,431.0,463.0,187.0,172.0,186.0
1908.0,422.0,468.0,464.0,192.0,170.0,192.0
1872.0,421.0,450.0,442.0,201.0,166.0,192.0
2051.0,485.0,476.0,494.0,194.0,190.0,212.0
2006.0,458.0,458.0,462.0,212.0,202.0,214.0
2122.0,508.0,481.0,487.0,208.0,217.0,221.0
2085.0,517.0,461.0,476.0,209.0,219.0,203.0
2114.0,457.0,489.0,508.0,229.0,211.0,220.0
2148.0,477.0,507.0,521.0,208.0,212.0,223.0
2084.0,487.0,480.0,486.0,209.0,214.0,208.0
2054.0,473.0,484.0,507.0,190.0,207.0,193.0
1884.0,431.0,446.0,456.0,181.0,182.0,188.0
1854.0,435.0,438.0,448.0,174.0,170.0,189.0
1855.0,452.0,432.0,418.0,189.0,185.0,179.0
1892.0,432.0,443.0,471.0,172.0,195.0,179.0
1878.0,436.0,434.0,431.0,188.0,198.0,191.0
1977.0,475.0,446.0,489.0,190.0,192.0,185.0
2049.0,513.0,464.0,463.0,198.0,203.0,208.0
2161.0,503.0,507.0,511.0,236.0,192.0,212.0
2193.0,506.0,503.0,517.0,221.0,232.0,214.0
2170.0,494.0,534.0,486.0,224.0,211.0,221.0
2087.0,468.0,471.0,499.0,213.0,208.0,228.0
2073.0,469.0,479.0,508.0,201.0,210.0,206.0
2075.0,498.0,447.0,502.0,209.0,216.0,203.0
1939.0,447.0,423.0,480.0,186.0,199.0,204.0
1958.0,489.0,429.0,446.0,186.0,192.0,216.0
1911.0,466.0,446.0,414.0,189.0,202.0,194.0
1868.0,399.0,462.0,439.0,180.0,188.0,200.0
1950.0,445.0,454.0,430.0,190.0,217.0,214.0
2014.0,484.0,513.0,425.0,195.0,198.0,199.0
2068.0,493.0,482.0,464.0,210.0,224.0,195.0
2159.0,507.0,496.0,506.0,214.0,225.0,211.0
2172.0,509.0,505.0,507.0,223.0,220.0,208.0
2132.0,512.0,490.0,507.0,213.0,209.0,201.0
2059.0,471.0,467.0,512.0,217.0,203.0,189.0
2097.0,515.0,473.0,507.0,210.0,192.0,200.0
2069.0,486.0,472.0,508.0,207.0,196.0,200.0
1990.0,473.0,500.0,452.0,189.0,196.0,180.0
1964.0,486.0,441.0,462.0,196.0,188.0,191.0
1941.0,452.0,473.0,444.0,183.0,193.0,196.0
1886.0,441.0,425.0,424.0,210.0,199.0,187.0
1903.0,443.0,441.0,431.0,191.0,199.0,198.0
2055.0,513.0,471.0,468.0,198.0,186.0,219.0
2157.0,528.0,470.0,494.0,215.0,232.0,218.0
2207.0,525.0,506.0,515.0,218.0,225.0,218.0
2199.0,496.0,522.0,508.0,223.0,221.0,229.0
2226.0,513.0,517.0,522.0,223.0,225.0,226.0
2202.0,467.0,552.0,505.0,235.0,219.0,224.0
2080.0,452.0,499.0,501.0,211.0,211.0,206.0
2073.0,480.0,504.0,473.0,203.0,207.0,206.0
1933.0,484.0,410.0,446.0,205.0,202.0,186.0
1994.0,491.0,457.0,450.0,204.0,188.0,204.0
1872.0,451.0,434.0,436.0,189.0,181.0,181.0
1884.0,459.0,452.0,421.0,196.0,184.0,172.0
1962.0,435.0,497.0,464.0,192.0,182.0,192.0
2106.0,489.0,522.0,497.0,192.0,209.0,197.0
2239.0,521.0,544.0,532.0,210.0,217.0,215.0
2283.0,551.0,545.0,529.0,221.0,220.0,217.0
2268.0,529.0,518.0,543.0,222.0,237.0,219.0
2256.0,524.0,502.0,553.0,212.0,240.0,225.0
2170.0,488.0,488.0,506.0,222.0,235.0,231.0
2098.0,496.0,460.0,481.0,218.0,225.0,218.0
2085.0,499.0,494.0,454.0,211.0,218.0,209.0
2040.0,467.0,490.0,463.0,201.0,205.0,214.0
2020.0,474.0,480.0,458.0,210.0,202.0,196.0
1939.0,445.0,466.0,452.0,196.0,188.0,192.0
1929.0,413.0,462.0,458.0,207.0,195.0,194.0
2007.0,480.0,471.0,453.0,190.0,200.0,213.0
2111.0,488.0,480.0,526.0,213.0,197.0,207.0
2197.0,510.0,502.0,548.0,220.0,208.0,209.0
2252.0,536.0,521.0,540.0,215.0,212.0,228.0
2238.0,538.0,494.0,533.0,222.0,225.0,226.0
2264.0,545.0,535.0,532.0,213.0,223.0,216.0
2199.0,498.0,536.0,502.0,224.0,220.0,219.0
2185.0,507.0,530.0,497.0,220.0,218.0,213.0
2138.0,524.0,485.0,474.0,220.0,226.0,209.0
2084.0,504.0,483.0,463.0,221.0,218.0,195.0
2005.0,495.0,449.0,455.0,199.0,202.0,205.0
1963.0,450.0,455.0,443.0,212.0,203.0,200.0
2004.0,470.0,463.0,459.0,200.0,214.0,198.0
2081.0,470.0,488.0,496.0,196.0,219.0,212.0
2202.0,520.0,530.0,522.0,207.0,206.0,217.0
2230.0,514.0,539.0,524.0,208.0,210.0,235.0
2255.0,533.0,558.0,497.0,224.0,210.0,233.0
2368.0,563.0,567.0,535.0,237.0,232.0,234.0
2240.0,517.0,522.0,526.0,221.0,225.0,229.0
2212.0,500.0,507.0,530.0,226.0,212.0,237.0
2145.0,502.0,492.0,500.0,221.0,213.0,217.0
2069.0,490.0,470.0,486.0,215.0,197.0,211.0
2124.0,524.0,500.0,471.0,215.0,218.0,196.0
2035.0,462.0,474.0,472.0,222.0,208.0,197.0
2001.0,467.0,464.0,470.0,200.0,203.0,197.0
2068.0,466.0,465.0,505.0,212.0,219.0,201.0
2155.0,470.0,549.0,521.0,208.0,200.0,207.0
2203.0,490.0,509.0,574.0,212.0,224.0,194.0
2267.0,525.0,537.0,523.0,232.0,234.0,216.0
2328.0,556.0,527.0,587.0,217.0,222.0,219.0
2314.0,529.0,557.0,521.0,234.0,239.0,234.0
2292.0,541.0,529.0,528.0,225.0,233.0,236.0
2155.0,487.0,489.0,504.0,225.0,216.0,234.0
2177.0,500.0,507.0,515.0,225.0,216.0,214.0
2196.0,511.0,515.0,507.0,222.0,216.0,225.0
2070.0,481.0,490.0,479.0,210.0,197.0,213.0
2085.0,501.0,495.0,470.0,212.0,198.0,209.0
2032.0,471.0,461.0,480.0,216.0,189.0,215.0
2075.0,447.0,501.0,509.0,218.0,197.0,203.0
1996.0,454.0,467.0,459.0,212.0,196.0,208.0
2135.0,485.0,508.0,492.0,227.0,219.0,204.0
2309.0,547.0,503.0,531.0,247.0,240.0,241.0
2343.0,537.0,570.0,553.0,226.0,235.0,222.0
2321.0,530.0,539.0,542.0,234.0,244.0,232.0
2322.0,532.0,566.0,529.0,228.0,245.0,222.0
2294.0,559.0,540.0,532.0,216.0,236.0,211.0
2182.0,519.0,494.0,519.0,214.0,217.0,219.0
2145.0,527.0,474.0,513.0,205.0,224.0,202.0
2089.0,517.0,485.0,486.0,197.0,207.0,197.0
2057.0,510.0,458.0,482.0,207.0,203.0,197.0
2036.0,453.0,489.0,482.0,209.0,202.0,201.0
2095.0,464.0,489.0,505.0,223.0,213.0,201.0
2138.0,488.0,520.0,488.0,224.0,197.0,221.0
2212.0,519.0,524.0,517.0,225.0,207.0,220.0
2309.0,547.0,558.0,511.0,236.0,218.0,239.0
2301.0,556.0,540.0,519.0,223.0,224.0,239.0
2322.0,554.0,519.0,543.0,232.0,223.0,251.0
2344.0,529.0,541.0,529.0,233.0,251.0,261.0
2272.0,480.0,545.0,546.0,227.0,242.0,232.0
2225.0,500.0,514.0,540.0,207.0,232.0,232.0
2254.0,531.0,520.0,540.0,222.0,230.0,211.0
2249.0,546.0,510.0,526.0,218.0,230.0,219.0
2195.0,533.0,523.0,495.0,221.0,234.0,189.0
2103.0,487.0,487.0,513.0,210.0,209.0,197.0
2096.0,495.0,479.0,495.0,215.0,210.0,202.0
2179.0,509.0,481.0,527.0,228.0,218.0,216.0
2207.0,509.0,518.0,502.0,238.0,217.0,223.0
2238.0,524.0,522.0,516.0,229.0,218.0,229.0
2362.0,573.0,566.0,532.0,238.0,231.0,222.0
2371.0,533.0,563.0,577.0,238.0,225.0,235.0
2363.0,542.0,576.0,538.0,243.0,234.0,230.0
2371.0,546.0,554.0,565.0,246.0,230.0,230.0
2344.0,502.0,545.0,594.0,229.0,233.0,241.0
2259.0,528.0,489.0,567.0,230.0,226.0,219.0
2219.0,546.0,495.0,522.0,204.0,235.0,217.0
2102.0,510.0,455.0,502.0,195.0,223.0,217.0
2125.0,498.0,478.0,512.0,201.0,211.0,225.0
2166.0,502.0,499.0,503.0,210.0,224.0,228.0
2222.0,526.0,526.0,514.0,203.0,227.0,226.0
2269.0,531.0,542.0,508.0,228.0,234.0,226.0
2388.0,580.0,553.0,549.0,242.0,233.0,231.0
2479.0,576.0,612.0,543.0,257.0,234.0,257.0
2441.0,561.0,590.0,544.0,247.0,248.0,251.0
2421.0,558.0,560.0,579.0,250.0,226.0,248.0
2324.0,530.0,523.0,582.0,237.0,225.0,227.0
2296.0,523.0,534.0,553.0,229.0,226.0,231.0
2252.0,524.0,503.0,558.0,221.0,204.0,242.0
2189.0,488.0,533.0,538.0,203.0,210.0,217.0
2143.0,516.0,511.0,493.0,198.0,209.0,216.0
2135.0,476.0,518.0,490.0,217.0,216.0,218.0
2175.0,489.0,552.0,468.0,226.0,220.0,220.0
2245.0,533.0,546.0,495.0,221.0,233.0,217.0
2257.0,528.0,535.0,505.0,230.0,235.0,224.0
2358.0,557.0,530.0,546.0,226.0,243.0,256.0
2439.0,606.0,526.0,560.0,245.0,253.0,249.0
2494.0,586.0,581.0,579.0,265.0,245.0,238.0
2506.0,577.0,574.0,609.0,249.0,250.0,247.0
2419.0,541.0,579.0,578.0,244.0,233.0,244.0
2375.0,552.0,528.0,574.0,238.0,244.0,239.0
2278.0,525.0,523.0,558.0,222.0,228.0,222.0
2156.0,523.0,484.0,500.0,209.0,214.0,226.0
2196.0,533.0,502.0,507.0,225.0,221.0,208.0
2098.0,494.0,489.0,501.0,198.0,209.0,207.0
2107.0,512.0,464.0,487.0,211.0,218.0,215.0
2235.0,556.0,517.0,487.0,220.0,241.0,214.0
2293.0,511.0,528.0,573.0,227.0,230.0,224.0
2411.0,562.0,530.0,609.0,243.0,235.0,232.0
2507.0,609.0,600.0,580.0,238.0,260.0,220.0
2557.0,578.0,625.0,619.0,247.0,250.0,238.0
2490.0,588.0,571.0,552.0,267.0,256.0,256.0
2451.0,533.0,572.0,597.0,246.0,273.0,230.0
2367.0,550.0,535.0,556.0,258.0,232.0,236.0
2266.0,542.0,511.0,502.0,234.0,224.0,253.0
2264.0,544.0,551.0,487.0,212.0,235.0,235.0
2205.0,534.0,496.0,496.0,222.0,229.0,228.0
2184.0,485.0,536.0,514.0,218.0,205.0,226.0
2174.0,484.0,514.0,529.0,215.0,212.0,220.0
2294.0,543.0,527.0,536.0,224.0,234.0,230.0
2382.0,552.0,565.0,578.0,225.0,226.0,236.0
2413.0,581.0,539.0,575.0,235.0,242.0,241.0
2486.0,596.0,564.0,586.0,245.0,246.0,249.0
2486.0,595.0,557.0,601.0,257.0,237.0,239.0
2480.0,549.0,574.0,606.0,257.0,247.0,247.0
2429.0,542.0,564.0,571.0,251.0,256.0,245.0
2439.0,578.0,583.0,548.0,260.0,248.0,222.0
2334.0,555.0,545.0,522.0,231.0,245.0,236.0
2337.0,562.0,544.0,517.0,241.0,233.0,240.0
2206.0,521.0,520.0,477.0,236.0,228.0,224.0
2305.0,544.0,497.0,552.0,242.0,243.0,227.0
2202.0,512.0,482.0,534.0,221.0,231.0,222.0
2300.0,531.0,507.0,559.0,228.0,231.0,244.0
2388.0,565.0,500.0,606.0,226.0,243.0,248.0
2530.0,571.0,611.0,609.0,249.0,248.0,242.0
2556.0,571.0,614.0,629.0,233.0,255.0,254.0
2543.0,575.0,615.0,591.0,253.0,248.0,261.0
2587.0,607.0,637.0,582.0,251.0,246.0,264.0
2446.0,587.0,549.0,575.0,256.0,226.0,253.0
2399.0,551.0,574.0,522.0,256.0,241.0,255.0
2304.0,556.0,510.0,521.0,250.0,220.0,247.0
2314.0,572.0,523.0,520.0,243.0,228.0,228.0
2215.0,532.0,509.0,505.0,236.0,214.0,219.0
2202.0,498.0,493.0,550.0,225.0,224.0,212.0
2298.0,539.0,555.0,524.0,228.0,228.0,224.0
2369.0,538.0,582.0,571.0,222.0,241.0,215.0
2374.0,515.0,582.0,562.0,235.0,254.0,226.0
2499.0,587.0,589.0,578.0,243.0,256.0,246.0
2569.0,609.0,589.0,611.0,248.0,255.0,257.0
2489.0,607.0,555.0,579.0,246.0,256.0,246.0
2518.0,587.0,577.0,598.0,242.0,261.0,253.0
2443.0,557.0,584.0,559.0,245.0,252.0,246.0
2417.0,562.0,574.0,563.0,224.0,248.0,246.0
2419.0,569.0,592.0,533.0,240.0,233.0,252.0
2331.0,555.0,561.0,511.0,242.0,227.0,235.0
2291.0,536.0,531.0,526.0,245.0,216.0,237.0
2328.0,551.0,549.0,540.0,244.0,215.0,229.0
2305.0,505.0,548.0,558.0,240.0,234.0,220.0
2337.0,528.0,527.0,565.0,253.0,219.0,245.0
2384.0,529.0,558.0,584.0,235.0,245.0,233.0
2522.0,610.0,585.0,570.0,256.0,257.0,244.0
2581.0,630.0,583.0,586.0,261.0,267.0,254.0
2575.0,616.0,623.0,577.0,246.0,267.0,246.0
2608.0,606.0,635.0,600.0,248.0,263.0,256.0
2502.0,583.0,589.0,586.0,240.0,254.0,250.0
2488.0,577.0,589.0,591.0,239.0,255.0,237.0
2406.0,580.0,576.0,545.0,234.0,237.0,234.0
2351.0,558.0,535.0,573.0,224.0,237.0,224.0
2346.0,571.0,534.0,550.0,237.0,223.0,231.0
2294.0,528.0,515.0,567.0,224.0,236.0,224.0
2278.0,502.0,517.0,543.0,239.0,223.0,254.0
2438.0,559.0,567.0,570.0,247.0,231.0,264.0
2509.0,609.0,555.0,566.0,262.0,248.0,269.0
2498.0,585.0,610.0,561.0,253.0,241.0,248.0
2571.0,614.0,637.0,560.0,234.0,261.0,265.0
2624.0,601.0,616.0,620.0,265.0,254.0,268.0
2544.0,587.0,586.0,598.0,243.0,257.0,273.0
2524.0,583.0,571.0,606.0,244.0,258.0,262.0
2438.0,553.0,566.0,548.0,247.0,258.0,266.0
2455.0,570.0,596.0,567.0,235.0,246.0,241.0
2413.0,548.0,576.0,583.0,232.0,234.0,240.0
2349.0,544.0,555.0,547.0,239.0,233.0,231.0
2341.0,520.0,557.0,542.0,239.0,254.0,229.0
2330.0,515.0,567.0,553.0,245.0,234.0,216.0
2364.0,515.0,595.0,537.0,245.0,233.0,239.0
2460.0,603.0,552.0,552.0,257.0,257.0,239.0
2508.0,622.0,568.0,565.0,262.0,248.0,243.0
2540.0,590.0,581.0,598.0,249.0,256.0,266.0
2605.0,612.0,609.0,598.0,264.0,257.0,265.0
2637.0,590.0,623.0,634.0,253.0,254.0,283.0
2593.0,572.0,651.0,585.0,272.0,250.0,263.0
2532.0,556.0,620.0,613.0,242.0,242.0,259.0
2484.0,594.0,556.0,600.0,237.0,245.0,252.0
2387.0,568.0,534.0,541.0,243.0,242.0,259.0
2339.0,568.0,534.0,551.0,226.0,230.0,230.0
2318.0,555.0,533.0,532.0,236.0,227.0,235.0
2359.0,564.0,546.0,529.0,250.0,246.0,224.0
2398.0,523.0,548.0,575.0,253.0,253.0,246.0
2533.0,617.0,583.0,574.0,258.0,258.0,243.0
2584.0,639.0,594.0,575.0,267.0,256.0,253.0
2643.0,641.0,614.0,590.0,264.0,271.0,263.0
2725.0,667.0,633.0,633.0,268.0,271.0,253.0
2659.0,611.0,641.0,622.0,276.0,253.0,256.0
2574.0,608.0,579.0,636.0,246.0,256.0,249.0
2571.0,579.0,603.0,635.0,252.0,251.0,251.0
2478.0,610.0,558.0,595.0,239.0,238.0,238.0
2414.0,588.0,540.0,563.0,232.0,238.0,253.0
2362.0,560.0,570.0,529.0,236.0,236.0,231.0
2400.0,588.0,561.0,547.0,233.0,234.0,237.0
2396.0,540.0,584.0,559.0,236.0,231.0,246.0
2418.0,561.0,587.0,510.0,260.0,251.0,249.0
2529.0,588.0,594.0,580.0,261.0,247.0,259.0
2643.0,610.0,599.0,612.0,263.0,280.0,279.0
2660.0,648.0,615.0,582.0,272.0,276.0,267.0
2710.0,646.0,595.0,647.0,273.0,278.0,271.0
2713.0,620.0,637.0,620.0,269.0,273.0,294.0
2658.0,558.0,635.0,644.0,272.0,276.0,273.0
2639.0,611.0,626.0,640.0,252.0,258.0,252.0
2510.0,587.0,610.0,564.0,245.0,250.0,254.0
2417.0,568.0,592.0,547.0,250.0,230.0,230.0
2420.0,587.0,593.0,544.0,230.0,239.0,227.0
2396.0,568.0,571.0,534.0,253.0,233.0,237.0
2349.0,532.0,557.0,525.0,253.0,250.0,232.0
2473.0,608.0,567.0,571.0,249.0,231.0,247.0
2529.0,575.0,613.0,576.0,265.0,251.0,249.0
2661.0,599.0,643.0,628.0,262.0,266.0,263.0
2719.0,622.0,663.0,617.0,283.0,262.0,272.0
2804.0,664.0,648.0,670.0,282.0,270.0,270.0
2764.0,617.0,675.0,644.0,279.0,275.0,274.0
2669.0,602.0,630.0,607.0,274.0,287.0,269.0
2627.0,599.0,619.0,593.0,266.0,278.0,272.0
2534.0,589.0,587.0,591.0,250.0,257.0,260.0
2451.0,582.0,558.0,557.0,241.0,258.0,255.0
2453.0,570.0,569.0,574.0,245.0,242.0,253.0
2449.0,573.0,577.0,561.0,229.0,250.0,259.0
2436.0,577.0,580.0,557.0,222.0,246.0,254.0
2548.0,553.0,606.0,612.0,260.0,250.0,267.0
2553.0,607.0,602.0,597.0,245.0,257.0,245.0
2769.0,648.0,674.0,625.0,266.0,278.0,278.0
2682.0,630.0,615.0,660.0,265.0,253.0,259.0
2764.0,636.0,635.0,678.0,283.0,268.0,264.0
2676.0,608.0,622.0,636.0,280.0,269.0,261.0
2640.0,589.0,635.0,614.0,286.0,260.0,256.0
2607.0,606.0,600.0,611.0,276.0,264.0,250.0
2555.0,593.0,625.0,576.0,259.0,261.0,241.0
2531.0,612.0,624.0,567.0,245.0,248.0,235.0
2493.0,585.0,597.0,576.0,242.0,249.0,244.0
2419.0,575.0,575.0,550.0,235.0,241.0,243.0
2469.0,557.0,588.0,575.0,238.0,259.0,252.0
2466.0,564.0,556.0,605.0,238.0,245.0,258.0
2623.0,604.0,590.0,641.0,257.0,257.0,274.0
2741.0,644.0,638.0,644.0,271.0,274.0,270.0
2734.0,645.0,640.0,631.0,271.0,274.0,273.0
2713.0,656.0,611.0,644.0,278.0,260.0,264.0
2753.0,644.0,646.0,634.0,275.0,279.0,275.0
2678.0,619.0,650.0,592.0,276.0,269.0,272.0
2710.0,644.0,624.0,613.0,281.0,267.0,281.0
2476.0,600.0,567.0,547.0,259.0,248.0,255.0
2541.0,618.0,556.0,593.0,262.0,259.0,253.0
2453.0,583.0,575.0,564.0,243.0,235.0,253.0
2436.0,581.0,566.0,555.0,247.0,237.0,250.0
2439.0,554.0,532.0,617.0,246.0,244.0,246.0
2564.0,601.0,620.0,607.0,232.0,244.0,260.0
2635.0,620.0,628.0,614.0,249.0,265.0,259.0
2788.0,668.0,647.0,637.0,260.0,294.0,282.0
2762.0,641.0,635.0,636.0,286.0,289.0,275.0
2780.0,650.0,663.0,626.0,275.0,294.0,272.0
2737.0,623.0,627.0,650.0,270.0,281.0,286.0
2667.0,616.0,620.0,615.0,267.0,276.0,273.0
2628.0,603.0,586.0,617.0,281.0,273.0,268.0
2585.0,617.0,564.0,608.0,267.0,263.0,266.0
2625.0,613.0,624.0,593.0,267.0,261.0,267.0
2548.0,597.0,581.0,592.0,265.0,240.0,273.0
2487.0,568.0,586.0,573.0,258.0,251.0,251.0
2532.0,578.0,603.0,598.0,245.0,244.0,264.0
2592.0,606.0,619.0,612.0,252.0,241.0,262.0
2657.0,607.0,603.0,645.0,268.0,256.0,278.0
2723.0,651.0,628.0,646.0,268.0,264.0,266.0
2809.0,663.0,664.0,650.0,277.0,278.0,277.0
2790.0,669.0,655.0,629.0,270.0,280.0,287.0
2776.0,643.0,648.0,635.0,270.0,311.0,269.0
2763.0,628.0,680.0,635.0,275.0,285.0,260.0
2696.0,604.0,632.0,645.0,280.0,282.0,253.0
2669.0,627.0,623.0,614.0,274.0,276.0,255.0
2611.0,605.0,616.0,630.0,258.0,260.0,242.0
2635.0,614.0,591.0,647.0,260.0,275.0,248.0
2493.0,587.0,548.0,580.0,264.0,255.0,259.0
2592.0,581.0,617.0,619.0,259.0,259.0,257.0
2629.0,581.0,614.0,629.0,260.0,270.0,275.0
2701.0,643.0,655.0,608.0,266.0,265.0,264.0
2780.0,671.0,657.0,629.0,268.0,266.0,289.0
2831.0,688.0,700.0,622.0,269.0,277.0,275.0
2889.0,710.0,670.0,653.0,289.0,283.0,284.0
2824.0,650.0,665.0,650.0,287.0,274.0,298.0
2776.0,655.0,642.0,641.0,282.0,270.0,286.0
2733.0,629.0,637.0,651.0,276.0,277.0,263.0
2669.0,637.0,579.0,653.0,278.0,267.0,255.0
2670.0,633.0,614.0,633.0,268.0,266.0,256.0
2612.0,616.0,594.0,621.0,260.0,267.0,254.0
2633.0,604.0,598.0,623.0,273.0,272.0,263.0
2571.0,582.0,627.0,580.0,266.0,267.0,249.0
2597.0,602.0,595.0,613.0,266.0,283.0,238.0
2707.0,643.0,650.0,606.0,262.0,281.0,265.0
2785.0,697.0,628.0,628.0,273.0,288.0,271.0
2799.0,664.0,653.0,652.0,265.0,292.0,273.0
2793.0,640.0,659.0,683.0,271.0,261.0,279.0
2821.0,646.0,712.0,613.0,278.0,285.0,287.0
2777.0,644.0,612.0,681.0,270.0,277.0,293.0
2727.0,640.0,640.0,640.0,266.0,259.0,282.0
2776.0,638.0,681.0,648.0,259.0,272.0,278.0
2700.0,653.0,612.0,645.0,266.0,252.0,272.0
2617.0,636.0,609.0,588.0,263.0,262.0,259.0
2579.0,600.0,594.0,594.0,271.0,253.0,267.0
2569.0,583.0,581.0,605.0,281.0,260.0,259.0
2678.0,604.0,643.0,600.0,273.0,266.0,292.0
2712.0,637.0,630.0,602.0,277.0,279.0,287.0
2806.0,667.0,647.0,643.0,281.0,286.0,282.0
2865.0,658.0,705.0,645.0,289.0,287.0,281.0
2922.0,673.0,685.0,685.0,286.0,293.0,300.0
2867.0,653.0,686.0,688.0,267.0,288.0,285.0
2808.0,642.0,667.0,664.0,266.0,281.0,288.0
2806.0,636.0,677.0,672.0,272.0,274.0,275.0
2699.0,654.0,610.0,638.0,265.0,262.0,270.0
2644.0,631.0,580.0,638.0,274.0,255.0,266.0
2586.0,613.0,607.0,597.0,261.0,255.0,253.0
2575.0,618.0,592.0,593.0,262.0,254.0,256.0
2629.0,597.0,615.0,607.0,288.0,257.0,265.0
2759.0,620.0,654.0,643.0,281.0,273.0,288.0
2780.0,656.0,654.0,636.0,281.0,280.0,273.0
2898.0,688.0,652.0,690.0,291.0,278.0,299.0
2941.0,700.0,675.0,679.0,286.0,299.0,302.0
2923.0,681.0,645.0,708.0,296.0,298.0,295.0
2956.0,681.0,665.0,714.0,288.0,301.0,307.0
2863.0,659.0,638.0,695.0,285.0,285.0,301.0
2807.0,639.0,646.0,685.0,268.0,285.0,284.0
2806.0,648.0,683.0,649.0,284.0,276.0,266.0
2678.0,625.0,630.0,635.0,248.0,274.0,266.0
2634.0,611.0,633.0,604.0,258.0,268.0,260.0
2574.0,578.0,645.0,580.0,272.0,248.0,251.0
2611.0,591.0,638.0,605.0,278.0,245.0,254.0
2688.0,646.0,635.0,614.0,280.0,254.0,259.0
2739.0,644.0,635.0,620.0,283.0,278.0,279.0
2917.0,698.0,675.0,698.0,298.0,271.0,277.0
2937.0,698.0,669.0,690.0,295.0,297.0,288.0
2990.0,681.0,733.0,702.0,286.0,304.0,284.0
2986.0,699.0,706.0,692.0,294.0,302.0,293.0
2910.0,674.0,671.0,663.0,285.0,299.0,318.0
2842.0,624.0,719.0,652.0,277.0,288.0,282.0
2798.0,672.0,636.0,657.0,271.0,265.0,297.0
2672.0,632.0,629.0,602.0,261.0,268.0,280.0
2722.0,633.0,623.0,609.0,267.0,305.0,285.0
2669.0,628.0,623.0,596.0,268.0,272.0,282.0
2653.0,606.0,609.0,626.0,271.0,270.0,271.0
2753.0,645.0,636.0,651.0,282.0,267.0,272.0
2886.0,671.0,674.0,701.0,278.0,275.0,287.0
2977.0,660.0,745.0,687.0,311.0,278.0,296.0
3013.0,697.0,708.0,721.0,297.0,306.0,284.0
2991.0,706.0,696.0,687.0,305.0,300.0,297.0
2922.0,668.0,683.0,701.0,295.0,287.0,288.0
2912.0,659.0,680.0,690.0,296.0,292.0,295.0
2880.0,674.0,684.0,686.0,280.0,276.0,280.0
2770.0,668.0,644.0,627.0,275.0,273.0,283.0
2688.0,640.0,633.0,607.0,265.0,274.0,269.0
2661.0,646.0,635.0,597.0,256.0,266.0,261.0
2671.0,613.0,636.0,600.0,279.0,268.0,275.0
2700.0,595.0,662.0,629.0,261.0,279.0,274.0
2750.0,613.0,659.0,643.0,281.0,279.0,275.0
2876.0,667.0,664.0,671.0,296.0,290.0,288.0
2957.0,695.0,695.0,672.0,301.0,307.0,287.0
3018.0,710.0,672.0,726.0,301.0,289.0,320.0
3020.0,684.0,711.0,710.0,317.0,304.0,294.0
3024.0,686.0,713.0,715.0,319.0,292.0,299.0
2959.0,657.0,699.0,679.0,299.0,316.0,309.0
2847.0,647.0,680.0,656.0,290.0,287.0,287.0
2790.0,665.0,667.0,611.0,285.0,278.0,284.0
2743.0,640.0,651.0,627.0,286.0,276.0,263.0
2726.0,660.0,644.0,604.0,268.0,270.0,280.0
2731.0,676.0,637.0,620.0,263.0,261.0,274.0
2733.0,629.0,626.0,656.0,263.0,279.0,280.0
2779.0,619.0,662.0,666.0,276.0,281.0,275.0
2911.0,668.0,680.0,693.0,297.0,299.0,274.0
2954.0,673.0,706.0,701.0,297.0,293.0,284.0
3036.0,710.0,715.0,696.0,307.0,316.0,292.0
3138.0,717.0,753.0,749.0,301.0,313.0,305.0
3037.0,705.0,740.0,683.0,314.0,293.0,302.0
2926.0,660.0,679.0,697.0,289.0,303.0,298.0
2917.0,677.0,679.0,664.0,308.0,285.0,304.0
2855.0,694.0,652.0,656.0,289.0,280.0,284.0
2836.0,698.0,634.0,670.0,276.0,275.0,283.0
2810.0,642.0,657.0,673.0,277.0,281.0,280.0
2713.0,621.0,656.0,645.0,256.0,259.0,276.0
2767.0,631.0,667.0,661.0,260.0,274.0,274.0
2769.0,590.0,668.0,685.0,266.0,277.0,283.0
2895.0,669.0,682.0,689.0,278.0,285.0,292.0
2919.0,701.0,660.0,664.0,299.0,303.0,292.0
2977.0,713.0,676.0,688.0,306.0,297.0,297.0
2965.0,688.0,693.0,692.0,303.0,291.0,298.0
3019.0,693.0,714.0,682.0,319.0,313.0,298.0
3017.0,670.0,730.0,699.0,320.0,310.0,288.0
2961.0,696.0,708.0,665.0,299.0,308.0,285.0
2884.0,665.0,669.0,680.0,295.0,285.0,290.0
2902.0,671.0,661.0,708.0,284.0,294.0,284.0
2824.0,656.0,662.0,678.0,283.0,271.0,274.0
2736.0,653.0,633.0,644.0,273.0,267.0,266.0
2702.0,587.0,614.0,644.0,284.0,287.0,286.0
2807.0,644.0,641.0,665.0,286.0,280.0,291.0
2900.0,697.0,670.0,681.0,279.0,291.0,282.0
3008.0,707.0,705.0,695.0,294.0,301.0,306.0
3027.0,704.0,708.0,706.0,296.0,292.0,321.0
3113.0,729.0,734.0,706.0,309.0,304.0,331.0
3087.0,711.0,745.0,701.0,319.0,299.0,312.0
3025.0,685.0,728.0,680.0,323.0,302.0,307.0
2950.0,662.0,707.0,707.0,299.0,282.0,293.0
2935.0,674.0,674.0,712.0,299.0,282.0,294.0
2853.0,675.0,647.0,690.0,279.0,277.0,285.0
2875.0,649.0,678.0,704.0,288.0,292.0,264.0
2797.0,613.0,648.0,692.0,286.0,289.0,269.0
2845.0,628.0,698.0,675.0,286.0,287.0,271.0
2831.0,656.0,680.0,634.0,288.0,282.0,291.0
2958.0,678.0,725.0,668.0,291.0,302.0,294.0
2997.0,718.0,687.0,706.0,289.0,303.0,294.0
3079.0,739.0,730.0,698.0,294.0,309.0,309.0
3099.0,746.0,699.0,734.0,307.0,295.0,318.0
3085.0,751.0,699.0,732.0,303.0,293.0,307.0
3053.0,705.0,691.0,727.0,323.0,302.0,305.0
2974.0,667.0,686.0,711.0,306.0,291.0,313.0
2891.0,643.0,641.0,708.0,309.0,284.0,306.0
2975.0,680.0,716.0,712.0,294.0,283.0,290.0
2893.0,675.0,672.0,684.0,296.0,274.0,292.0
2783.0,633.0,643.0,668.0,282.0,271.0,286.0
2896.0,655.0,686.0,679.0,302.0,288.0,286.0
2887.0,651.0,696.0,657.0,297.0,285.0,301.0
2942.0,698.0,671.0,676.0,299.0,310.0,288.0
3044.0,719.0,691.0,705.0,312.0,304.0,313.0
3088.0,746.0,695.0,712.0,311.0,317.0,307.0
3151.0,706.0,747.0,750.0,311.0,327.0,310.0
3073.0,710.0,728.0,710.0,305.0,319.0,301.0
3104.0,702.0,774.0,712.0,306.0,309.0,301.0
2973.0,670.0,712.0,720.0,300.0,286.0,285.0
3005.0,732.0,698.0,697.0,298.0,297.0,283.0
2870.0,684.0,647.0,677.0,296.0,278.0,288.0
2896.0,704.0,639.0,672.0,307.0,280.0,294.0
2818.0,647.0,655.0,665.0,284.0,283.0,284.0
2833.0,650.0,646.0,667.0,297.0,287.0,286.0
2958.0,687.0,702.0,671.0,301.0,302.0,295.0
3008.0,704.0,699.0,693.0,299.0,303.0,310.0
3096.0,735.0,740.0,688.0,311.0,311.0,311.0
3138.0,751.0,725.0,722.0,301.0,312.0,327.0
3186.0,716.0,753.0,755.0,315.0,320.0,327.0
3128.0,716.0,698.0,766.0,312.0,316.0,320.0
3052.0,690.0,706.0,728.0,303.0,304.0,321.0
3023.0,708.0,695.0,727.0,296.0,295.0,302.0
2931.0,693.0,653.0,725.0,286.0,297.0,277.0
2975.0,700.0,673.0,712.0,298.0,307.0,285.0
2932.0,683.0,689.0,671.0,307.0,297.0,285.0
2819.0,662.0,665.0,632.0,299.0,288.0,273.0
2878.0,659.0,684.0,672.0,295.0,296.0,272.0
2846.0,660.0,639.0,660.0,307.0,291.0,289.0
2997.0,689.0,698.0,731.0,304.0,288.0,287.0
3071.0,723.0,686.0,730.0,312.0,314.0,306.0
3194.0,775.0,701.0,765.0,325.0,310.0,318.0
3194.0,756.0,722.0,764.0,314.0,315.0,323.0
3164.0,736.0,734.0,754.0,308.0,316.0,316.0
3184.0,741.0,738.0,770.0,305.0,314.0,316.0
3026.0,687.0,740.0,698.0,296.0,299.0,306.0
3029.0,719.0,731.0,694.0,284.0,298.0,303.0
2962.0,686.0,698.0,691.0,296.0,292.0,299.0
2908.0,682.0,662.0,682.0,296.0,287.0,299.0
2902.0,680.0,680.0,662.0,290.0,302.0,288.0
2893.0,694.0,647.0,659.0,291.0,299.0,303.0
3000.0,673.0,684.0,691.0,316.0,320.0,316.0
3023.0,709.0,659.0,727.0,310.0,317.0,301.0
3223.0,766.0,743.0,750.0,323.0,322.0,319.0
3208.0,734.0,752.0,759.0,330.0,319.0,314.0
3278.0,757.0,781.0,778.0,331.0,313.0,318.0
3192.0,731.0,744.0,751.0,320.0,322.0,324.0
3047.0,703.0,718.0,714.0,303.0,306.0,303.0
3069.0,717.0,747.0,695.0,306.0,307.0,297.0
3005.0,727.0,698.0,675.0,299.0,299.0,307.0
2875.0,693.0,666.0,664.0,284.0,284.0,284.0
2897.0,703.0,656.0,675.0,296.0,277.0,290.0
2912.0,682.0,671.0,667.0,301.0,305.0,286.0
2916.0,648.0,725.0,681.0,297.0,287.0,278.0
3064.0,716.0,718.0,715.0,314.0,296.0,305.0
3169.0,741.0,735.0,721.0,321.0,329.0,322.0
3223.0,732.0,732.0,794.0,322.0,317.0,326.0
3239.0,755.0,721.0,769.0,336.0,333.0,325.0
3264.0,773.0,727.0,784.0,304.0,343.0,333.0
3196.0,735.0,758.0,731.0,318.0,325.0,329.0
3106.0,692.0,738.0,735.0,313.0,318.0,310.0
3109.0,737.0,731.0,716.0,305.0,320.0,300.0
3065.0,723.0,727.0,718.0,289.0,292.0,316.0
3010.0,751.0,715.0,688.0,291.0,277.0,288.0
2935.0,706.0,718.0,653.0,285.0,280.0,293.0
2964.0,687.0,689.0,696.0,295.0,306.0,291.0
2990.0,729.0,694.0,703.0,300.0,294.0,270.0
2954.0,689.0,669.0,709.0,298.0,291.0,298.0
3053.0,707.0,694.0,712.0,316.0,318.0,306.0
3265.0,759.0,761.0,770.0,329.0,334.0,312.0
3307.0,789.0,771.0,759.0,336.0,325.0,327.0
3259.0,745.0,785.0,755.0,334.0,322.0,318.0
3248.0,733.0,773.0,734.0,336.0,337.0,335.0
3233.0,742.0,787.0,735.0,317.0,322.0,330.0
3099.0,670.0,737.0,752.0,302.0,316.0,322.0
3099.0,709.0,699.0,745.0,303.0,326.0,317.0
3042.0,737.0,680.0,706.0,292.0,309.0,318.0
2977.0,700.0,680.0,688.0,294.0,322.0,293.0
2935.0,660.0,707.0,692.0,291.0,281.0,304.0
3063.0,725.0,728.0,728.0,299.0,286.0,297.0
3069.0,677.0,744.0,741.0,300.0,296.0,311.0
3178.0,721.0,781.0,747.0,310.0,304.0,315.0
3230.0,755.0,763.0,769.0,306.0,314.0,323.0
3265.0,782.0,762.0,754.0,334.0,310.0,323.0
3279.0,762.0,763.0,760.0,363.0,318.0,313.0
3233.0,753.0,759.0,741.0,333.0,329.0,318.0
3201.0,743.0,715.0,759.0,333.0,327.0,324.0
3156.0,738.0,725.0,747.0,315.0,315.0,316.0
3170.0,738.0,750.0,756.0,306.0,315.0,305.0
3052.0,687.0,744.0,720.0,304.0,309.0,288.0
3051.0,722.0,715.0,698.0,309.0,315.0,292.0
3006.0,669.0,700.0,731.0,290.0,313.0,303.0
2897.0,648.0,678.0,670.0,295.0,309.0,297.0
3094.0,731.0,710.0,724.0,317.0,295.0,317.0
3132.0,713.0,723.0,746.0,317.0,305.0,328.0
3214.0,773.0,753.0,718.0,319.0,315.0,336.0
3261.0,768.0,753.0,737.0,340.0,325.0,338.0
3342.0,764.0,769.0,804.0,344.0,320.0,341.0
3301.0,768.0,805.0,754.0,325.0,322.0,327.0
3241.0,725.0,777.0,770.0,335.0,311.0,323.0
3210.0,745.0,759.0,765.0,323.0,313.0,305.0
3129.0,749.0,703.0,740.0,314.0,316.0,307.0
3096.0,754.0,694.0,733.0,306.0,299.0,310.0
3057.0,714.0,713.0,728.0,306.0,308.0,288.0
3068.0,722.0,716.0,743.0,292.0,296.0,299.0
3017.0,726.0,701.0,686.0,297.0,312.0,295.0
3156.0,742.0,743.0,729.0,305.0,318.0,319.0
3174.0,750.0,756.0,714.0,309.0,337.0,308.0
3331.0,782.0,814.0,761.0,315.0,348.0,311.0
3352.0,842.0,740.0,752.0,339.0,339.0,340.0
3351.0,822.0,777.0,759.0,326.0,332.0,335.0
3230.0,750.0,705.0,772.0,331.0,331.0,341.0
3296.0,768.0,765.0,775.0,333.0,322.0,333.0
3276.0,752.0,761.0,782.0,334.0,328.0,319.0
3185.0,748.0,729.0,752.0,318.0,306.0,332.0
3141.0,744.0,731.0,732.0,324.0,301.0,309.0
3101.0,735.0,738.0,706.0,305.0,295.0,322.0
3106.0,726.0,753.0,717.0,296.0,299.0,315.0
3026.0,704.0,691.0,698.0,309.0,298.0,326.0
3100.0,723.0,727.0,728.0,307.0,300.0,315.0
3209.0,775.0,745.0,726.0,317.0,330.0,316.0
3257.0,787.0,742.0,752.0,325.0,330.0,321.0
3324.0,805.0,750.0,773.0,334.0,338.0,324.0
3374.0,808.0,761.0,811.0,324.0,339.0,331.0
3334.0,800.0,781.0,750.0,326.0,349.0,328.0
3360.0,779.0,793.0,803.0,338.0,333.0,314.0
3335.0,758.0,798.0,793.0,343.0,329.0,314.0
3261.0,758.0,761.0,762.0,338.0,329.0,313.0
3086.0,725.0,716.0,723.0,316.0,307.0,299.0
3076.0,739.0,715.0,710.0,308.0,307.0,297.0
3028.0,696.0,721.0,700.0,303.0,296.0,312.0
2996.0,689.0,697.0,693.0,301.0,308.0,308.0
3112.0,731.0,723.0,711.0,311.0,316.0,320.0
3206.0,753.0,772.0,731.0,309.0,316.0,325.0
3337.0,796.0,775.0,770.0,330.0,326.0,340.0
3352.0,787.0,797.0,795.0,327.0,322.0,324.0
3433.0,817.0,806.0,787.0,342.0,339.0,342.0
3365.0,779.0,802.0,773.0,333.0,328.0,350.0
3369.0,785.0,738.0,815.0,334.0,350.0,347.0
3288.0,772.0,756.0,771.0,335.0,324.0,330.0
3250.0,763.0,726.0,763.0,340.0,341.0,317.0
3161.0,746.0,725.0,724.0,325.0,330.0,311.0
3134.0,739.0,745.0,694.0,321.0,324.0,311.0
3138.0,737.0,748.0,715.0,326.0,321.0,291.0
3155.0,725.0,787.0,702.0,321.0,316.0,304.0
3177.0,710.0,771.0,730.0,309.0,332.0,325.0
3188.0,778.0,729.0,724.0,326.0,326.0,305.0
3283.0,788.0,759.0,751.0,343.0,318.0,324.0
3426.0,822.0,781.0,827.0,332.0,330.0,334.0
3387.0,788.0,780.0,800.0,338.0,344.0,337.0
3408.0,794.0,805.0,798.0,338.0,327.0,346.0
3295.0,758.0,757.0,791.0,320.0,335.0,334.0
3327.0,766.0,791.0,776.0,331.0,323.0,340.0
3216.0,762.0,778.0,698.0,321.0,326.0,331.0
3255.0,756.0,763.0,783.0,316.0,313.0,324.0
3169.0,736.0,737.0,721.0,339.0,322.0,314.0
3165.0,725.0,721.0,749.0,327.0,323.0,320.0
3034.0,689.0,696.0,694.0,317.0,318.0,320.0
3259.0,752.0,766.0,750.0,333.0,329.0,329.0
3265.0,785.0,738.0,763.0,316.0,336.0,327.0
3406.0,792.0,802.0,810.0,323.0,355.0,324.0
3413.0,790.0,804.0,823.0,343.0,334.0,319.0
3442.0,796.0,818.0,803.0,331.0,336.0,358.0
3486.0,805.0,850.0,802.0,338.0,353.0,338.0
3358.0,785.0,795.0,779.0,331.0,336.0,332.0
3329.0,765.0,795.0,794.0,329.0,327.0,319.0
3283.0,789.0,748.0,761.0,334.0,327.0,324.0
3182.0,745.0,738.0,748.0,323.0,316.0,312.0
3114.0,735.0,714.0,717.0,316.0,316.0,316.0
3195.0,743.0,717.0,751.0,333.0,327.0,324.0
3198.0,724.0,739.0,769.0,332.0,310.0,324.0
3277.0,734.0,791.0,757.0,329.0,336.0,330.0
3336.0,729.0,799.0,807.0,341.0,330.0,330.0
3469.0,816.0,804.0,810.0,352.0,354.0,333.0
3509.0,824.0,795.0,847.0,329.0,355.0,359.0
3429.0,781.0,798.0,811.0,340.0,355.0,344.0
3408.0,806.0,805.0,798.0,322.0,344.0,333.0
3384.0,778.0,786.0,768.0,343.0,353.0,356.0
3365.0,783.0,786.0,787.0,337.0,333.0,339.0
3233.0,789.0,747.0,727.0,315.0,327.0,328.0
3224.0,761.0,762.0,743.0,308.0,323.0,327.0
3192.0,768.0,748.0,726.0,316.0,313.0,321.0
3143.0,750.0,736.0,713.0,313.0,309.0,322.0
3235.0,748.0,753.0,771.0,341.0,323.0,299.0
3328.0,775.0,780.0,786.0,343.0,309.0,335.0
3351.0,791.0,785.0,787.0,336.0,330.0,322.0
3436.0,802.0,792.0,826.0,348.0,335.0,333.0
3476.0,856.0,784.0,795.0,336.0,350.0,355.0
3510.0,798.0,831.0,835.0,349.0,346.0,351.0
3527.0,793.0,858.0,816.0,342.0,364.0,354.0
3411.0,770.0,803.0,777.0,342.0,358.0,361.0
3318.0,780.0,786.0,730.0,329.0,353.0,340.0
3291.0,804.0,727.0,763.0,326.0,328.0,343.0
3291.0,803.0,722.0,780.0,312.0,335.0,339.0
3306.0,772.0,769.0,784.0,316.0,323.0,342.0
3255.0,731.0,765.0,801.0,316.0,310.0,332.0
3280.0,729.0,764.0,784.0,338.0,335.0,330.0
3341.0,742.0,781.0,804.0,353.0,326.0,335.0
3373.0,802.0,791.0,788.0,343.0,312.0,337.0
3446.0,802.0,837.0,773.0,354.0,340.0,340.0
3518.0,848.0,824.0,799.0,347.0,349.0,351.0
3527.0,825.0,857.0,815.0,355.0,339.0,336.0
3475.0,811.0,826.0,799.0,349.0,347.0,343.0
3436.0,821.0,812.0,776.0,343.0,350.0,334.0
3351.0,780.0,784.0,797.0,318.0,342.0,330.0
3372.0,818.0,761.0,794.0,335.0,336.0,328.0
3324.0,758.0,793.0,774.0,328.0,338.0,333.0
3295.0,757.0,767.0,788.0,329.0,329.0,325.0
3191.0,720.0,746.0,764.0,309.0,333.0,319.0
3279.0,733.0,798.0,762.0,310.0,335.0,341.0
3353.0,770.0,791.0,797.0,331.0,334.0,330.0
3428.0,805.0,781.0,799.0,349.0,345.0,349.0
3467.0,825.0,796.0,786.0,348.0,344.0,368.0
3580.0,841.0,850.0,805.0,361.0,351.0,372.0
3522.0,810.0,776.0,842.0,369.0,357.0,368.0
3523.0,790.0,828.0,834.0,360.0,350.0,361.0
3478.0,806.0,840.0,780.0,358.0,338.0,356.0
3455.0,818.0,815.0,809.0,343.0,333.0,337.0
3384.0,792.0,789.0,796.0,327.0,334.0,346.0
3300.0,768.0,803.0,758.0,323.0,330.0,318.0
3244.0,748.0,796.0,747.0,316.0,322.0,315.0
3249.0,745.0,762.0,765.0,316.0,333.0,328.0
3271.0,779.0,774.0,746.0,329.0,324.0,319.0
3301.0,765.0,762.0,758.0,342.0,349.0,325.0
3377.0,777.0,793.0,792.0,344.0,344.0,327.0
3487.0,817.0,833.0,794.0,356.0,344.0,343.0
3569.0,836.0,861.0,807.0,350.0,356.0,359.0
3597.0,841.0,841.0,836.0,366.0,350.0,363.0
3577.0,809.0,861.0,822.0,365.0,353.0,367.0
3513.0,787.0,820.0,832.0,357.0,363.0,354.0
3503.0,797.0,809.0,845.0,351.0,347.0,354.0
3441.0,809.0,804.0,819.0,347.0,335.0,327.0
3350.0,808.0,778.0,778.0,319.0,322.0,345.0
3298.0,790.0,754.0,761.0,321.0,328.0,344.0
3228.0,755.0,758.0,753.0,321.0,315.0,326.0
3242.0,722.0,776.0,749.0,339.0,321.0,335.0
3377.0,759.0,801.0,802.0,331.0,337.0,347.0
3441.0,807.0,806.0,808.0,336.0,331.0,353.0
3481.0,809.0,803.0,815.0,365.0,355.0,334.0
3622.0,855.0,823.0,839.0,371.0,370.0,364.0
3600.0,831.0,822.0,865.0,354.0,374.0,354.0
3600.0,816.0,837.0,858.0,368.0,370.0,351.0
3571.0,831.0,820.0,822.0,374.0,370.0,354.0
3530.0,808.0,844.0,843.0,344.0,347.0,344.0
3437.0,830.0,774.0,795.0,343.0,348.0,347.0
3370.0,784.0,804.0,800.0,325.0,331.0,326.0
3365.0,809.0,784.0,785.0,327.0,332.0,328.0
3312.0,785.0,778.0,785.0,314.0,330.0,320.0
3241.0,708.0,795.0,755.0,313.0,337.0,333.0
3348.0,778.0,793.0,763.0,336.0,335.0,343.0
3479.0,837.0,801.0,803.0,341.0,335.0,362.0
3580.0,853.0,816.0,847.0,345.0,347.0,372.0
3610.0,849.0,862.0,814.0,359.0,356.0,370.0
3631.0,847.0,860.0,851.0,355.0,347.0,371.0
3622.0,809.0,852.0,873.0,364.0,353.0,371.0
3628.0,819.0,862.0,858.0,359.0,367.0,363.0
3494.0,780.0,821.0,835.0,366.0,352.0,340.0
3439.0,793.0,795.0,805.0,360.0,348.0,338.0
3400.0,828.0,773.0,790.0,326.0,340.0,343.0
3318.0,792.0,752.0,757.0,331.0,362.0,324.0
3263.0,768.0,739.0,769.0,326.0,333.0,328.0
3337.0,768.0,805.0,759.0,341.0,331.0,333.0
3470.0,834.0,828.0,792.0,333.0,348.0,335.0
3484.0,836.0,838.0,792.0,336.0,350.0,332.0
3534.0,837.0,825.0,827.0,343.0,347.0,355.0
3648.0,892.0,833.0,859.0,350.0,356.0,358.0
3654.0,856.0,838.0,866.0,359.0,363.0,372.0
3586.0,851.0,805.0,850.0,358.0,365.0,357.0
3566.0,812.0,823.0,850.0,366.0,359.0,356.0
3529.0,801.0,826.0,838.0,362.0,345.0,357.0
3480.0,832.0,817.0,786.0,349.0,339.0,357.0
3439.0,799.0,790.0,795.0,352.0,354.0,349.0
3360.0,783.0,796.0,774.0,335.0,330.0,342.0
3385.0,796.0,781.0,794.0,332.0,326.0,356.0
3322.0,754.0,766.0,788.0,326.0,347.0,341.0
3381.0,766.0,768.0,800.0,347.0,351.0,349.0
3526.0,831.0,802.0,842.0,345.0,360.0,346.0
3543.0,816.0,808.0,859.0,357.0,357.0,346.0
3658.0,855.0,884.0,849.0,367.0,363.0,340.0
3650.0,854.0,865.0,857.0,353.0,361.0,360.0
3677.0,822.0,880.0,876.0,368.0,367.0,364.0
3561.0,810.0,865.0,818.0,359.0,364.0,345.0
3509.0,833.0,828.0,788.0,357.0,355.0,348.0
3512.0,829.0,829.0,821.0,352.0,340.0,341.0
3387.0,799.0,795.0,761.0,361.0,326.0,345.0
3417.0,819.0,790.0,779.0,347.0,334.0,348.0
3389.0,815.0,784.0,781.0,335.0,341.0,333.0
3352.0,758.0,760.0,801.0,347.0,345.0,341.0
3468.0,797.0,827.0,797.0,359.0,326.0,362.0
3595.0,863.0,839.0,827.0,351.0,353.0,362.0
3712.0,872.0,865.0,877.0,367.0,366.0,365.0
3751.0,892.0,889.0,869.0,350.0,388.0,363.0
3673.0,863.0,857.0,847.0,369.0,365.0,372.0
3631.0,833.0,825.0,851.0,385.0,375.0,362.0
3676.0,859.0,846.0,840.0,366.0,385.0,380.0
3617.0,843.0,860.0,838.0,349.0,355.0,372.0
3507.0,831.0,793.0,813.0,360.0,355.0,355.0
3449.0,817.0,819.0,797.0,346.0,343.0,327.0
3388.0,781.0,808.0,787.0,351.0,334.0,327.0
3486.0,800.0,842.0,821.0,356.0,341.0,326.0
3435.0,776.0,817.0,821.0,348.0,333.0,340.0
3492.0,799.0,794.0,846.0,352.0,356.0,345.0
3546.0,848.0,788.0,842.0,351.0,366.0,351.0
3699.0,879.0,858.0,871.0,366.0,365.0,360.0
3735.0,895.0,848.0,890.0,364.0,372.0,366.0
3756.0,918.0,851.0,862.0,377.0,373.0,375.0
3676.0,879.0,871.0,833.0,352.0,365.0,376.0
3685.0,829.0,874.0,860.0,364.0,380.0,378.0
3599.0,821.0,847.0,830.0,351.0,371.0,379.0
3616.0,876.0,835.0,809.0,353.0,369.0,374.0
3557.0,821.0,831.0,818.0,364.0,358.0,365.0
3462.0,817.0,774.0,805.0,362.0,350.0,354.0
3445.0,828.0,803.0,767.0,352.0,352.0,343.0
3527.0,825.0,782.0,863.0,348.0,349.0,360.0
3568.0,807.0,818.0,871.0,364.0,350.0,358.0
3665.0,843.0,868.0,871.0,364.0,360.0,359.0
3663.0,844.0,853.0,869.0,367.0,368.0,362.0
3707.0,868.0,885.0,857.0,365.0,365.0,367.0
3773.0,875.0,899.0,876.0,377.0,378.0,368.0
3703.0,863.0,895.0,858.0,360.0,375.0,352.0
3642.0,844.0,845.0,864.0,357.0,369.0,363.0
3611.0,843.0,858.0,842.0,356.0,367.0,345.0
3522.0,881.0,781.0,811.0,344.0,345.0,360.0
3528.0,844.0,812.0,829.0,348.0,358.0,337.0
3462.0,833.0,797.0,776.0,337.0,372.0,347.0
3532.0,807.0,820.0,857.0,352.0,349.0,347.0
3547.0,797.0,849.0,847.0,354.0,354.0,346.0
3597.0,837.0,839.0,834.0,366.0,375.0,346.0
3630.0,828.0,869.0,815.0,378.0,366.0,374.0
3729.0,878.0,861.0,854.0,389.0,369.0,378.0
3725.0,871.0,869.0,845.0,383.0,376.0,381.0
3776.0,889.0,875.0,854.0,389.0,381.0,388.0
3658.0,874.0,834.0,833.0,378.0,366.0,373.0
3778.0,869.0,899.0,889.0,365.0,366.0,390.0
3652.0,869.0,839.0,861.0,357.0,357.0,369.0
3637.0,857.0,858.0,856.0,349.0,355.0,362.0
3614.0,874.0,848.0,843.0,352.0,355.0,342.0
3534.0,862.0,797.0,837.0,351.0,346.0,341.0
3512.0,815.0,803.0,838.0,363.0,349.0,344.0
3500.0,813.0,797.0,839.0,351.0,361.0,339.0
3475.0,787.0,802.0,797.0,370.0,363.0,356.0
3671.0,858.0,846.0,848.0,366.0,387.0,366.0
3700.0,884.0,872.0,859.0,369.0,368.0,348.0
3746.0,868.0,893.0,850.0,382.0,377.0,376.0
3785.0,881.0,905.0,866.0,379.0,385.0,369.0
3811.0,893.0,880.0,888.0,379.0,381.0,390.0
3763.0,834.0,889.0,897.0,381.0,387.0,375.0
3705.0,877.0,836.0,881.0,367.0,369.0,375.0
3684.0,863.0,824.0,903.0,349.0,367.0,378.0
3572.0,843.0,801.0,829.0,359.0,362.0,378.0
3510.0,834.0,786.0,839.0,358.0,339.0,354.0
3559.0,835.0,832.0,833.0,355.0,339.0,365.0
3536.0,787.0,868.0,831.0,340.0,357.0,353.0
3665.0,867.0,856.0,853.0,375.0,351.0,363.0
3642.0,844.0,887.0,813.0,374.0,363.0,361.0
3783.0,878.0,871.0,903.0,394.0,365.0,372.0
3816.0,927.0,894.0,857.0,388.0,388.0,362.0
3837.0,914.0,911.0,872.0,391.0,377.0,372.0
3843.0,907.0,891.0,910.0,386.0,370.0,379.0
3762.0,884.0,850.0,895.0,370.0,392.0,371.0
3755.0,869.0,869.0,920.0,364.0,374.0,359.0
3668.0,841.0,857.0,848.0,365.0,388.0,369.0
3632.0,849.0,851.0,861.0,353.0,368.0,350.0
3608.0,845.0,880.0,831.0,351.0,356.0,345.0
3528.0,824.0,828.0,826.0,352.0,343.0,355.0
3444.0,781.0,818.0,793.0,346.0,357.0,349.0
3641.0,855.0,850.0,824.0,384.0,352.0,376.0
3673.0,896.0,831.0,828.0,373.0,364.0,381.0
3712.0,921.0,845.0,847.0,376.0,358.0,365.0
3809.0,893.0,852.0,905.0,389.0,384.0,386.0
3871.0,914.0,885.0,929.0,395.0,368.0,380.0
3813.0,846.0,900.0,908.0,396.0,374.0,389.0
3814.0,905.0,898.0,881.0,376.0,380.0,374.0
3721.0,830.0,891.0,871.0,388.0,363.0,378.0
3714.0,875.0,861.0,881.0,353.0,371.0,373.0
3659.0,883.0,858.0,839.0,360.0,375.0,344.0
3561.0,869.0,826.0,829.0,346.0,363.0,328.0
3545.0,836.0,813.0,814.0,354.0,372.0,356.0
3526.0,796.0,834.0,844.0,358.0,360.0,334.0
3674.0,837.0,900.0,850.0,376.0,363.0,348.0
3734.0,867.0,891.0,860.0,380.0,372.0,364.0
3869.0,908.0,919.0,920.0,374.0,380.0,368.0
3961.0,933.0,936.0,927.0,388.0,387.0,390.0
3960.0,923.0,897.0,946.0,417.0,375.0,402.0
3929.0,933.0,910.0,908.0,395.0,384.0,399.0
3848.0,889.0,886.0,891.0,403.0,377.0,402.0
3738.0,864.0,858.0,878.0,385.0,365.0,388.0
3740.0,901.0,883.0,844.0,380.0,359.0,373.0
3617.0,864.0,841.0,824.0,357.0,365.0,366.0
3602.0,858.0,851.0,832.0,342.0,349.0,370.0
3583.0,837.0,850.0,827.0,338.0,363.0,368.0
3573.0,791.0,837.0,842.0,351.0,378.0,374.0
3683.0,850.0,881.0,849.0,370.0,375.0,358.0
3776.0,883.0,863.0,901.0,375.0,380.0,374.0
3863.0,905.0,854.0,925.0,385.0,408.0,386.0
3874.0,921.0,879.0,900.0,380.0,401.0,393.0
3870.0,892.0,888.0,915.0,406.0,397.0,372.0
3945.0,901.0,940.0,925.0,408.0,395.0,376.0
3908.0,911.0,927.0,916.0,392.0,387.0,375.0
3819.0,873.0,924.0,878.0,403.0,380.0,361.0
3772.0,869.0,887.0,905.0,375.0,366.0,370.0
3641.0,863.0,867.0,815.0,369.0,366.0,361.0
3633.0,894.0,820.0,828.0,373.0,352.0,366.0
3555.0,813.0,837.0,815.0,355.0,374.0,361.0
3605.0,850.0,828.0,846.0,356.0,354.0,371.0
3650.0,852.0,864.0,844.0,369.0,361.0,360.0
3812.0,917.0,882.0,887.0,363.0,377.0,386.0
3874.0,936.0,892.0,899.0,377.0,373.0,397.0
3987.0,926.0,956.0,941.0,378.0,386.0,400.0
3904.0,893.0,923.0,903.0,388.0,402.0,395.0
3967.0,930.0,959.0,921.0,391.0,392.0,374.0
3920.0,914.0,900.0,891.0,407.0,411.0,397.0
3766.0,864.0,877.0,868.0,388.0,385.0,384.0
3733.0,902.0,874.0,831.0,370.0,374.0,382.0
3683.0,867.0,866.0,836.0,364.0,373.0,377.0
3662.0,852.0,868.0,864.0,353.0,363.0,362.0
3642.0,815.0,862.0,887.0,364.0,356.0,358.0
3719.0,859.0,887.0,889.0,360.0,373.0,351.0
3750.0,863.0,875.0,928.0,362.0,364.0,358.0
3826.0,899.0,873.0,929.0,380.0,376.0,369.0
3928.0,945.0,930.0,905.0,382.0,380.0,386.0
3963.0,945.0,911.0,940.0,392.0,392.0,383.0
4009.0,940.0,909.0,952.0,397.0,409.0,402.0
3916.0,923.0,883.0,919.0,399.0,392.0,400.0
3872.0,877.0,938.0,882.0,386.0,393.0,396.0
3847.0,889.0,910.0,893.0,378.0,387.0,390.0
3805.0,868.0,875.0,903.0,386.0,386.0,387.0
3753.0,872.0,880.0,865.0,388.0,366.0,382.0
3753.0,871.0,881.0,883.0,371.0,369.0,378.0
3747.0,876.0,860.0,897.0,377.0,359.0,378.0
3783.0,887.0,873.0,901.0,368.0,382.0,372.0
3670.0,843.0,798.0,895.0,374.0,378.0,382.0
3830.0,897.0,902.0,906.0,369.0,378.0,378.0
3915.0,925.0,901.0,924.0,382.0,395.0,388.0
3951.0,948.0,939.0,917.0,375.0,388.0,384.0
3985.0,947.0,944.0,901.0,394.0,402.0,397.0
3964.0,923.0,955.0,929.0,397.0,383.0,377.0
3831.0,884.0,940.0,867.0,383.0,377.0,380.0
3850.0,902.0,918.0,885.0,384.0,377.0,384.0
3859.0,911.0,876.0,922.0,393.0,379.0,378.0
3758.0,882.0,869.0,869.0,395.0,368.0,375.0
3754.0,913.0,861.0,867.0,376.0,373.0,364.0
3687.0,856.0,850.0,878.0,355.0,384.0,364.0
3716.0,841.0,878.0,876.0,370.0,379.0,372.0
3867.0,873.0,921.0,916.0,363.0,401.0,393.0
3832.0,897.0,881.0,888.0,374.0,396.0,396.0
3978.0,909.0,955.0,903.0,383.0,413.0,415.0
4017.0,947.0,925.0,919.0,410.0,405.0,411.0
4049.0,970.0,941.0,954.0,384.0,383.0,417.0
4016.0,958.0,912.0,944.0,397.0,397.0,408.0
3892.0,895.0,882.0,939.0,396.0,373.0,407.0
3844.0,918.0,878.0,907.0,382.0,377.0,382.0
3838.0,908.0,893.0,899.0,387.0,377.0,374.0
3772.0,902.0,870.0,877.0,385.0,373.0,365.0
3841.0,908.0,904.0,902.0,391.0,373.0,363.0
3718.0,880.0,851.0,867.0,371.0,379.0,370.0
3690.0,862.0,840.0,873.0,375.0,373.0,367.0
3773.0,861.0,894.0,889.0,382.0,371.0,376.0
3881.0,890.0,888.0,929.0,397.0,402.0,375.0
3967.0,939.0,892.0,938.0,415.0,403.0,380.0
4007.0,960.0,920.0,926.0,393.0,404.0,404.0
4086.0,957.0,947.0,954.0,404.0,415.0,409.0
4018.0,942.0,954.0,910.0,395.0,418.0,399.0
4029.0,933.0,943.0,953.0,381.0,408.0,411.0
3848.0,866.0,881.0,917.0,397.0,386.0,401.0
3897.0,927.0,885.0,908.0,396.0,388.0,393.0
3767.0,885.0,848.0,879.0,373.0,391.0,391.0
3801.0,909.0,854.0,897.0,377.0,382.0,382.0
3796.0,878.0,866.0,903.0,377.0,379.0,393.0
3779.0,876.0,874.0,892.0,393.0,371.0,373.0
3761.0,871.0,896.0,855.0,403.0,341.0,395.0
3893.0,917.0,923.0,883.0,398.0,386.0,386.0
3948.0,911.0,912.0,921.0,408.0,391.0,405.0
4084.0,978.0,966.0,938.0,410.0,407.0,385.0
4085.0,948.0,962.0,955.0,413.0,411.0,396.0
4003.0,887.0,945.0,954.0,407.0,411.0,399.0
3993.0,939.0,924.0,940.0,391.0,408.0,391.0
3974.0,948.0,893.0,963.0,390.0,405.0,375.0
3859.0,898.0,891.0,902.0,391.0,395.0,382.0
3890.0,934.0,893.0,919.0,384.0,383.0,377.0
3784.0,883.0,883.0,886.0,371.0,370.0,391.0
3751.0,836.0,926.0,870.0,377.0,374.0,368.0
3823.0,868.0,910.0,891.0,387.0,386.0,381.0
3927.0,897.0,937.0,917.0,396.0,389.0,391.0
3957.0,921.0,925.0,920.0,400.0,391.0,400.0
4018.0,952.0,922.0,920.0,416.0,396.0,412.0
4095.0,972.0,928.0,956.0,418.0,411.0,410.0
4114.0,963.0,949.0,967.0,412.0,410.0,413.0
4071.0,943.0,954.0,967.0,411.0,386.0,410.0
4023.0,914.0,939.0,960.0,411.0,391.0,408.0
3997.0,919.0,932.0,939.0,394.0,400.0,413.0
3961.0,918.0,934.0,933.0,386.0,401.0,389.0
3823.0,914.0,881.0,876.0,378.0,393.0,381.0
3753.0,883.0,878.0,852.0,373.0,386.0,381.0
3735.0,876.0,847.0,877.0,379.0,389.0,367.0
3821.0,880.0,900.0,886.0,375.0,391.0,389.0
3899.0,900.0,897.0,921.0,399.0,392.0,390.0
3963.0,924.0,923.0,917.0,404.0,395.0,400.0
4120.0,954.0,960.0,973.0,422.0,409.0,402.0
4191.0,982.0,966.0,979.0,414.0,432.0,418.0
4162.0,977.0,948.0,983.0,431.0,409.0,414.0
4123.0,961.0,956.0,966.0,412.0,407.0,421.0
4050.0,902.0,970.0,943.0,404.0,419.0,412.0
3996.0,922.0,927.0,947.0,401.0,404.0,395.0
3947.0,943.0,925.0,896.0,398.0,377.0,408.0
3936.0,931.0,939.0,913.0,377.0,381.0,395.0
3814.0,919.0,901.0,855.0,381.0,366.0,392.0
3815.0,897.0,905.0,864.0,374.0,380.0,395.0
3878.0,872.0,945.0,899.0,386.0,385.0,391.0
3957.0,924.0,933.0,919.0,387.0,388.0,406.0
3989.0,906.0,917.0,951.0,401.0,417.0,397.0
4107.0,978.0,914.0,980.0,419.0,419.0,397.0
4160.0,977.0,932.0,1016.0,417.0,415.0,403.0
4149.0,946.0,955.0,1010.0,422.0,415.0,401.0
4070.0,943.0,944.0,954.0,407.0,417.0,405.0
4070.0,958.0,948.0,945.0,398.0,404.0,417.0
3987.0,925.0,934.0,922.0,405.0,403.0,398.0
3944.0,911.0,933.0,910.0,398.0,399.0,393.0
3894.0,926.0,930.0,876.0,382.0,388.0,392.0
3813.0,901.0,877.0,871.0,392.0,381.0,391.0
3800.0,874.0,879.0,898.0,381.0,384.0,384.0
3903.0,900.0,932.0,912.0,381.0,369.0,409.0
3962.0,917.0,919.0,937.0,396.0,390.0,403.0
4017.0,926.0,946.0,963.0,392.0,395.0,395.0
4069.0,978.0,916.0,939.0,407.0,408.0,421.0
4164.0,976.0,974.0,980.0,410.0,401.0,423.0
4217.0,977.0,1000.0,976.0,422.0,412.0,430.0
4206.0,964.0,989.0,981.0,421.0,422.0,429.0
4177.0,971.0,985.0,949.0,422.0,439.0,411.0
4038.0,949.0,950.0,918.0,406.0,402.0,413.0
3967.0,922.0,927.0,906.0,404.0,403.0,405.0
3962.0,945.0,918.0,904.0,384.0,424.0,387.0
3851.0,915.0,862.0,906.0,392.0,394.0,382.0
3872.0,896.0,912.0,911.0,378.0,398.0,377.0
3857.0,880.0,900.0,921.0,392.0,387.0,377.0
4008.0,912.0,952.0,946.0,396.0,406.0,396.0
4078.0,943.0,984.0,957.0,394.0,402.0,398.0
4112.0,967.0,966.0,961.0,404.0,407.0,407.0
4157.0,967.0,942.0,1014.0,407.0,419.0,408.0
4140.0,955.0,942.0,988.0,417.0,410.0,428.0
4150.0,966.0,956.0,959.0,437.0,413.0,419.0
4099.0,953.0,942.0,952.0,424.0,404.0,424.0
4172.0,990.0,984.0,949.0,426.0,423.0,400.0
3983.0,940.0,938.0,913.0,411.0,386.0,395.0
4076.0,959.0,973.0,915.0,418.0,400.0,411.0
3976.0,948.0,931.0,899.0,404.0,392.0,402.0
3903.0,907.0,902.0,913.0,390.0,397.0,394.0
4002.0,904.0,957.0,945.0,401.0,405.0,390.0
3948.0,908.0,912.0,914.0,388.0,409.0,417.0
4124.0,982.0,959.0,959.0,406.0,417.0,401.0
4133.0,956.0,980.0,962.0,417.0,403.0,415.0
4141.0,996.0,972.0,952.0,407.0,407.0,407.0
4246.0,1014.0,1005.0,986.0,413.0,423.0,405.0
4184.0,967.0,1015.0,968.0,423.0,411.0,400.0
4170.0,946.0,1016.0,954.0,431.0,413.0,410.0
4121.0,951.0,961.0,968.0,428.0,401.0,412.0
4056.0,961.0,923.0,959.0,407.0,412.0,394.0
4028.0,958.0,939.0,936.0,407.0,389.0,399.0
3966.0,938.0,914.0,909.0,404.0,402.0,399.0
3913.0,928.0,869.0,931.0,394.0,389.0,402.0
3990.0,929.0,942.0,920.0,390.0,406.0,403.0
3963.0,902.0,918.0,947.0,385.0,415.0,396.0
4091.0,948.0,964.0,969.0,384.0,417.0,409.0
4215.0,1004.0,981.0,988.0,410.0,418.0,414.0
4212.0,1009.0,990.0,959.0,414.0,423.0,417.0
4264.0,1002.0,993.0,993.0,415.0,429.0,432.0
4201.0,989.0,961.0,970.0,432.0,417.0,432.0
4205.0,978.0,979.0,978.0,420.0,419.0,431.0
4123.0,941.0,959.0,992.0,419.0,411.0,401.0
4115.0,938.0,956.0,969.0,420.0,400.0,432.0
4068.0,934.0,965.0,964.0,408.0,402.0,395.0
4078.0,973.0,965.0,964.0,403.0,379.0,394.0
3958.0,902.0,947.0,930.0,394.0,388.0,397.0
4007.0,913.0,950.0,948.0,407.0,397.0,392.0
4016.0,926.0,936.0,981.0,398.0,388.0,387.0
4129.0,982.0,961.0,951.0,409.0,422.0,404.0
4105.0,960.0,953.0,958.0,419.0,409.0,406.0
4226.0,1010.0,945.0,993.0,418.0,434.0,426.0
4281.0,1022.0,996.0,984.0,424.0,430.0,425.0
4289.0,1003.0,980.0,1010.0,428.0,431.0,437.0
4283.0,978.0,1029.0,1009.0,416.0,436.0,415.0
4240.0,964.0,1028.0,986.0,426.0,410.0,426.0
4182.0,996.0,983.0,973.0,409.0,416.0,405.0
4049.0,929.0,925.0,972.0,409.0,417.0,397.0
4030.0,963.0,926.0,931.0,417.0,375.0,418.0
3947.0,937.0,897.0,900.0,408.0,391.0,414.0
3955.0,931.0,906.0,893.0,412.0,407.0,406.0
4022.0,942.0,927.0,941.0,411.0,397.0,404.0
4118.0,973.0,970.0,937.0,423.0,407.0,408.0
4219.0,1017.0,1000.0,949.0,426.0,415.0,412.0
4243.0,994.0,1014.0,965.0,436.0,421.0,413.0
4283.0,986.0,1023.0,1004.0,426.0,437.0,407.0
4265.0,991.0,985.0,1011.0,428.0,437.0,413.0
4317.0,976.0,1005.0,1020.0,444.0,444.0,428.0
4197.0,972.0,979.0,999.0,415.0,420.0,412.0
4157.0,999.0,933.0,1007.0,404.0,413.0,401.0
4105.0,956.0,946.0,971.0,412.0,410.0,410.0
4036.0,962.0,926.0,932.0,408.0,405.0,403.0
4055.0,942.0,936.0,946.0,409.0,428.0,394.0
4104.0,972.0,963.0,936.0,416.0,414.0,403.0
4054.0,915.0,987.0,915.0,424.0,407.0,406.0
4151.0,963.0,974.0,973.0,418.0,405.0,418.0
4266.0,995.0,986.0,1008.0,421.0,425.0,431.0
4313.0,1043.0,991.0,1002.0,419.0,413.0,445.0
4326.0,1000.0,969.0,1032.0,438.0,435.0,452.0
4301.0,1027.0,946.0,1026.0,441.0,422.0,439.0
4285.0,1012.0,975.0,1032.0,412.0,430.0,424.0
4218.0,995.0,988.0,1005.0,394.0,418.0,418.0
4187.0,984.0,970.0,997.0,405.0,416.0,415.0
4047.0,943.0,951.0,922.0,409.0,421.0,401.0
4037.0,955.0,913.0,960.0,409.0,403.0,397.0
3990.0,911.0,939.0,924.0,418.0,406.0,392.0
4038.0,926.0,952.0,931.0,405.0,412.0,412.0
4107.0,952.0,970.0,943.0,414.0,414.0,414.0
4179.0,970.0,973.0,983.0,416.0,428.0,409.0
4303.0,1028.0,981.0,1020.0,433.0,432.0,409.0
4385.0,1024.0,1029.0,1036.0,438.0,428.0,430.0
4332.0,992.0,1000.0,1032.0,446.0,426.0,436.0
4325.0,983.0,1046.0,998.0,436.0,430.0,432.0
4287.0,963.0,1026.0,1010.0,424.0,434.0,430.0
4212.0,976.0,969.0,980.0,420.0,430.0,437.0
4154.0,1002.0,961.0,960.0,409.0,413.0,409.0
4096.0,986.0,946.0,923.0,407.0,413.0,421.0
4047.0,965.0,936.0,930.0,389.0,411.0,416.0
4024.0,922.0,979.0,914.0,411.0,389.0,409.0
4144.0,982.0,969.0,946.0,412.0,411.0,424.0
4156.0,955.0,965.0,974.0,430.0,421.0,411.0
4300.0,1030.0,982.0,1005.0,440.0,420.0,423.0
4348.0,1001.0,1031.0,1031.0,428.0,434.0,423.0
4325.0,1018.0,979.0,1026.0,425.0,460.0,417.0
4406.0,1075.0,1013.0,985.0,441.0,449.0,443.0
4291.0,990.0,974.0,1022.0,434.0,435.0,436.0
4290.0,1000.0,1006.0,992.0,425.0,438.0,429.0
4207.0,984.0,992.0,976.0,420.0,418.0,417.0
4205.0,975.0,1008.0,973.0,409.0,427.0,413.0
4197.0,1023.0,956.0,969.0,416.0,431.0,402.0
4085.0,952.0,948.0,977.0,400.0,408.0,400.0
4076.0,962.0,954.0,951.0,402.0,406.0,401.0
4097.0,964.0,948.0,971.0,406.0,401.0,407.0
4196.0,938.0,980.0,1022.0,422.0,407.0,427.0
4207.0,957.0,971.0,997.0,422.0,424.0,436.0
4319.0,992.0,995.0,1034.0,437.0,426.0,435.0
4421.0,1025.0,1012.0,1061.0,449.0,431.0,443.0
4430.0,1035.0,1058.0,1023.0,437.0,437.0,440.0
4366.0,1021.0,1002.0,1018.0,440.0,438.0,447.0
4329.0,995.0,1029.0,986.0,432.0,449.0,438.0
4236.0,991.0,987.0,972.0,422.0,432.0,432.0
4210.0,1013.0,956.0,995.0,405.0,429.0,412.0
4238.0,1006.0,996.0,988.0,406.0,432.0,410.0
4141.0,982.0,968.0,945.0,411.0,426.0,409.0
4109.0,944.0,962.0,972.0,414.0,422.0,395.0
4108.0,963.0,945.0,970.0,417.0,411.0,402.0
4200.0,969.0,995.0,970.0,423.0,422.0,421.0
4295.0,987.0,1024.0,1019.0,431.0,416.0,418.0
4340.0,1021.0,1035.0,1012.0,431.0,421.0,420.0
4495.0,1065.0,1050.0,1050.0,454.0,424.0,452.0
4470.0,1067.0,1050.0,1027.0,440.0,449.0,437.0
4385.0,1011.0,1034.0,1026.0,445.0,425.0,444.0
4343.0,970.0,1030.0,1033.0,443.0,433.0,434.0
4286.0,1011.0,1013.0,985.0,426.0,428.0,423.0
4258.0,985.0,980.0,1008.0,422.0,431.0,432.0
4212.0,1010.0,995.0,929.0,424.0,420.0,434.0
4175.0,975.0,964.0,985.0,404.0,419.0,428.0
4212.0,1002.0,955.0,1003.0,406.0,428.0,418.0
4234.0,956.0,1003.0,1002.0,409.0,434.0,430.0
4306.0,990.0,974.0,1034.0,429.0,441.0,438.0
4265.0,980.0,997.0,986.0,431.0,444.0,427.0
4302.0,986.0,992.0,1005.0,436.0,446.0,437.0
4429.0,1051.0,1016.0,1035.0,454.0,437.0,436.0
4466.0,1049.0,1055.0,1023.0,457.0,438.0,444.0
4370.0,1038.0,1063.0,964.0,445.0,428.0,432.0
4365.0,1003.0,1042.0,1004.0,442.0,433.0,441.0
4323.0,982.0,1040.0,1025.0,432.0,416.0,428.0
4219.0,978.0,1007.0,974.0,423.0,419.0,418.0
4299.0,1011.0,995.0,1041.0,430.0,419.0,403.0
4176.0,999.0,947.0,974.0,415.0,414.0,427.0
4184.0,954.0,973.0,1000.0,410.0,424.0,423.0
4159.0,954.0,971.0,1000.0,414.0,413.0,407.0
4210.0,966.0,971.0,992.0,418.0,428.0,435.0
4289.0,977.0,1035.0,994.0,428.0,435.0,420.0
4415.0,1043.0,1030.0,1011.0,443.0,446.0,442.0
4465.0,1070.0,1033.0,992.0,460.0,459.0,451.0
4522.0,1048.0,1062.0,1039.0,452.0,457.0,464.0
4461.0,1006.0,1052.0,1026.0,450.0,461.0,466.0
4374.0,1012.0,1039.0,1004.0,433.0,451.0,435.0
4437.0,1039.0,1004.0,1052.0,447.0,448.0,447.0
4377.0,1053.0,1009.0,1025.0,430.0,432.0,428.0
4300.0,1012.0,986.0,1026.0,438.0,416.0,422.0
4198.0,979.0,970.0,990.0,426.0,406.0,427.0
4153.0,941.0,990.0,956.0,419.0,428.0,419.0
4229.0,941.0,1030.0,1006.0,414.0,419.0,419.0
4196.0,983.0,981.0,983.0,426.0,410.0,413.0
4313.0,1018.0,1042.0,992.0,423.0,419.0,419.0
4386.0,1054.0,1015.0,1003.0,439.0,440.0,435.0
4489.0,1056.0,1043.0,1061.0,434.0,445.0,450.0
4474.0,1029.0,1026.0,1042.0,457.0,459.0,461.0
4469.0,1010.0,1055.0,1053.0,455.0,452.0,444.0
4562.0,1027.0,1055.0,1102.0,457.0,461.0,460.0
4382.0,1005.0,1006.0,1045.0,434.0,447.0,445.0
4363.0,1041.0,995.0,1026.0,438.0,422.0,441.0
4285.0,989.0,1005.0,1001.0,438.0,422.0,430.0
4237.0,1032.0,975.0,959.0,408.0,432.0,431.0
4185.0,970.0,961.0,983.0,426.0,422.0,423.0
4254.0,981.0,993.0,1014.0,418.0,412.0,436.0
4243.0,995.0,978.0,983.0,423.0,435.0,429.0
4345.0,1014.0,995.0,1035.0,428.0,440.0,433.0
4411.0,1020.0,1030.0,1026.0,440.0,448.0,447.0
4502.0,1061.0,1043.0,1049.0,442.0,452.0,455.0
4545.0,1090.0,1065.0,1050.0,451.0,449.0,440.0
4525.0,1022.0,1057.0,1082.0,457.0,453.0,454.0
4500.0,994.0,1083.0,1086.0,442.0,447.0,448.0
4459.0,1023.0,1055.0,1063.0,438.0,435.0,445.0
4357.0,1016.0,1001.0,1037.0,441.0,432.0,430.0
4291.0,996.0,1005.0,1006.0,429.0,432.0,423.0
4257.0,992.0,992.0,996.0,427.0,426.0,424.0
4196.0,978.0,986.0,963.0,418.0,428.0,423.0
4288.0,973.0,1006.0,994.0,438.0,432.0,445.0
4319.0,998.0,1024.0,995.0,441.0,440.0,421.0
4452.0,1042.0,1077.0,1007.0,439.0,435.0,452.0
4531.0,1067.0,1072.0,1015.0,458.0,444.0,475.0
4558.0,1079.0,1046.0,1069.0,448.0,458.0,458.0
4563.0,1099.0,1032.0,1089.0,441.0,441.0,461.0
4549.0,1069.0,1026.0,1080.0,462.0,446.0,466.0
4446.0,985.0,1043.0,1065.0,449.0,445.0,459.0
4444.0,1025.0,1046.0,1045.0,450.0,431.0,447.0
4383.0,1004.0,1039.0,1037.0,447.0,427.0,429.0
4296.0,1016.0,1011.0,982.0,429.0,422.0,436.0
4301.0,1026.0,1021.0,968.0,437.0,426.0,423.0
4301.0,993.0,1025.0,997.0,429.0,431.0,426.0
4222.0,979.0,964.0,984.0,428.0,440.0,427.0
4299.0,1025.0,983.0,1006.0,435.0,429.0,421.0
4396.0,1005.0,994.0,1058.0,436.0,460.0,443.0
4517.0,1065.0,1027.0,1079.0,437.0,465.0,444.0
4573.0,1092.0,1056.0,1071.0,440.0,468.0,446.0
4593.0,1075.0,1063.0,1082.0,455.0,460.0,458.0
4582.0,1037.0,1086.0,1102.0,445.0,460.0,452.0
4512.0,1043.0,1028.0,1066.0,447.0,464.0,464.0
4482.0,1053.0,1060.0,1036.0,439.0,445.0,449.0
4415.0,1043.0,1011.0,1041.0,438.0,431.0,451.0
4355.0,1038.0,1032.0,983.0,444.0,415.0,443.0
4277.0,1023.0,958.0,1004.0,432.0,419.0,441.0
4192.0,1001.0,963.0,951.0,434.0,407.0,436.0
4251.0,973.0,989.0,999.0,439.0,420.0,431.0
4417.0,1004.0,1052.0,1030.0,440.0,437.0,454.0
4474.0,1047.0,1029.0,1060.0,448.0,451.0,439.0
4518.0,1018.0,1079.0,1044.0,459.0,457.0,461.0
4654.0,1100.0,1101.0,1069.0,464.0,453.0,467.0
4648.0,1085.0,1079.0,1099.0,450.0,476.0,459.0
4521.0,1040.0,1035.0,1075.0,455.0,456.0,460.0
4496.0,1034.0,1046.0,1041.0,447.0,467.0,461.0
4477.0,1039.0,1033.0,1038.0,463.0,451.0,453.0
4420.0,1050.0,1020.0,1041.0,428.0,451.0,430.0
4384.0,1033.0,1012.0,1011.0,448.0,455.0,425.0
4367.0,1048.0,1041.0,980.0,433.0,430.0,435.0
4366.0,1015.0,1033.0,1033.0,420.0,429.0,436.0
4384.0,989.0,1049.0,1036.0,431.0,436.0,443.0
4409.0,1004.0,1045.0,1050.0,435.0,431.0,444.0
4500.0,1055.0,1026.0,1075.0,447.0,437.0,460.0
4597.0,1091.0,1035.0,1082.0,473.0,458.0,458.0
4684.0,1105.0,1091.0,1092.0,475.0,450.0,471.0
4599.0,1083.0,1032.0,1083.0,471.0,458.0,472.0
4617.0,1071.0,1107.0,1056.0,447.0,463.0,473.0
4591.0,1051.0,1112.0,1058.0,451.0,457.0,462.0
4516.0,1065.0,1076.0,1014.0,442.0,456.0,463.0
4497.0,1033.0,1066.0,1050.0,446.0,457.0,445.0
4510.0,1056.0,1085.0,1054.0,432.0,440.0,443.0
4296.0,994.0,991.0,1018.0,435.0,440.0,418.0
4396.0,1021.0,1020.0,1044.0,445.0,431.0,435.0
4390.0,1012.0,1018.0,1028.0,441.0,456.0,435.0
4423.0,1019.0,1015.0,1073.0,437.0,443.0,436.0
4533.0,1013.0,1073.0,1070.0,470.0,460.0,447.0
4605.0,1111.0,1096.0,1032.0,448.0,465.0,453.0
4613.0,1111.0,1087.0,1043.0,465.0,444.0,463.0
4683.0,1095.0,1127.0,1074.0,466.0,458.0,463.0
4621.0,1084.0,1084.0,1055.0,469.0,463.0,466.0
4596.0,1041.0,1067.0,1082.0,473.0,472.0,461.0
4520.0,1062.0,1050.0,1049.0,447.0,459.0,453.0
4554.0,1083.0,1062.0,1045.0,455.0,446.0,463.0
4403.0,1028.0,1045.0,996.0,435.0,452.0,447.0
4498.0,1084.0,1042.0,1050.0,447.0,431.0,444.0
4417.0,1012.0,1032.0,1026.0,446.0,446.0,455.0
4459.0,1027.0,1067.0,1039.0,441.0,438.0,447.0
4433.0,1014.0,1027.0,1037.0,454.0,447.0,454.0
4563.0,1068.0,1051.0,1063.0,456.0,472.0,453.0
4619.0,1067.0,1087.0,1084.0,454.0,465.0,462.0
4658.0,1092.0,1085.0,1046.0,488.0,472.0,475.0
4687.0,1093.0,1103.0,1084.0,476.0,465.0,466.0
4683.0,1072.0,1113.0,1071.0,485.0,465.0,477.0
4590.0,1059.0,1078.0,1074.0,466.0,453.0,460.0
4590.0,1081.0,1064.0,1067.0,470.0,449.0,459.0
4499.0,1039.0,1044.0,1078.0,453.0,447.0,438.0
4491.0,1035.0,1063.0,1063.0,438.0,447.0,445.0
4445.0,1042.0,1045.0,1049.0,430.0,436.0,443.0
4399.0,1015.0,1065.0,1012.0,430.0,428.0,449.0
4384.0,1004.0,1019.0,1051.0,444.0,433.0,433.0
4490.0,1037.0,1049.0,1045.0,451.0,461.0,447.0
4631.0,1056.0,1095.0,1087.0,458.0,469.0,466.0
4718.0,1100.0,1094.0,1104.0,469.0,474.0,477.0
4789.0,1113.0,1150.0,1089.0,488.0,469.0,480.0
4733.0,1101.0,1141.0,1071.0,476.0,488.0,456.0
4674.0,1088.0,1105.0,1060.0,470.0,477.0,474.0
4682.0,1090.0,1075.0,1087.0,466.0,491.0,473.0
4642.0,1090.0,1073.0,1062.0,471.0,476.0,470.0
4577.0,1063.0,1061.0,1067.0,464.0,470.0,452.0
4465.0,1046.0,1023.0,1064.0,436.0,449.0,447.0
4392.0,1019.0,1044.0,1043.0,418.0,436.0,432.0
4378.0,990.0,1039.0,1038.0,433.0,445.0,433.0
4418.0,1004.0,1049.0,1022.0,442.0,457.0,444.0
4478.0,1025.0,1070.0,1049.0,448.0,439.0,447.0
4554.0,1066.0,1079.0,1047.0,453.0,453.0,456.0
4651.0,1070.0,1096.0,1084.0,473.0,462.0,466.0
4748.0,1141.0,1092.0,1117.0,480.0,454.0,464.0
4760.0,1131.0,1103.0,1085.0,489.0,471.0,481.0
4682.0,1118.0,1066.0,1058.0,487.0,478.0,475.0
4662.0,1071.0,1074.0,1102.0,464.0,473.0,478.0
4659.0,1082.0,1063.0,1100.0,469.0,477.0,468.0
4566.0,1053.0,1038.0,1092.0,449.0,462.0,472.0
4593.0,1097.0,1066.0,1067.0,456.0,454.0,453.0
4423.0,1031.0,1009.0,1045.0,440.0,444.0,454.0
4430.0,1029.0,1026.0,1032.0,439.0,444.0,460.0
4498.0,1054.0,1031.0,1069.0,441.0,441.0,462.0
4524.0,1092.0,1019.0,1040.0,447.0,464.0,462.0
4601.0,1075.0,1058.0,1075.0,459.0,463.0,471.0
4696.0,1099.0,1094.0,1106.0,460.0,466.0,471.0
4666.0,1078.0,1098.0,1096.0,470.0,457.0,467.0
4776.0,1148.0,1098.0,1117.0,461.0,475.0,477.0
4750.0,1103.0,1142.0,1106.0,475.0,455.0,469.0
4734.0,1053.0,1132.0,1141.0,480.0,471.0,457.0
4658.0,1091.0,1072.0,1117.0,474.0,452.0,452.0
4633.0,1091.0,1085.0,1091.0,459.0,450.0,457.0
4536.0,1067.0,1043.0,1063.0,459.0,462.0,442.0
4538.0,1050.0,1031.0,1077.0,461.0,460.0,459.0
4492.0,1055.0,1023.0,1058.0,456.0,457.0,443.0
4453.0,1039.0,1035.0,1015.0,448.0,471.0,445.0
4538.0,1059.0,1056.0,1050.0,448.0,459.0,466.0
4673.0,1101.0,1094.0,1085.0,452.0,476.0,465.0
4780.0,1135.0,1105.0,1107.0,460.0,474.0,499.0
4826.0,1143.0,1116.0,1134.0,477.0,474.0,482.0
4853.0,1133.0,1127.0,1142.0,474.0,482.0,495.0
4789.0,1084.0,1102.0,1153.0,477.0,482.0,491.0
4704.0,1071.0,1066.0,1145.0,483.0,462.0,477.0
4691.0,1099.0,1059.0,1124.0,466.0,480.0,463.0
4646.0,1097.0,1086.0,1072.0,469.0,460.0,462.0
4626.0,1091.0,1098.0,1078.0,464.0,449.0,446.0
4531.0,1083.0,1069.0,1035.0,456.0,441.0,447.0
4448.0,1038.0,1063.0,1019.0,444.0,445.0,439.0
4490.0,1054.0,1066.0,1010.0,453.0,460.0,447.0
4552.0,1039.0,1079.0,1068.0,465.0,452.0,449.0
4628.0,1089.0,1078.0,1068.0,456.0,455.0,482.0
4751.0,1133.0,1128.0,1103.0,453.0,470.0,464.0
4822.0,1122.0,1098.0,1145.0,472.0,511.0,474.0
4872.0,1160.0,1110.0,1154.0,479.0,488.0,481.0
4831.0,1134.0,1139.0,1109.0,472.0,494.0,483.0
4836.0,1119.0,1146.0,1135.0,483.0,477.0,476.0
4714.0,1087.0,1110.0,1093.0,473.0,485.0,466.0
4639.0,1068.0,1085.0,1089.0,477.0,448.0,472.0
4597.0,1076.0,1074.0,1076.0,463.0,444.0,464.0
4525.0,1082.0,1054.0,1033.0,452.0,444.0,460.0
4502.0,1051.0,1042.0,1057.0,457.0,440.0,455.0
4577.0,1062.0,1082.0,1056.0,460.0,450.0,467.0
4579.0,1066.0,1080.0,1063.0,460.0,454.0,456.0
4705.0,1084.0,1121.0,1102.0,464.0,450.0,484.0
4852.0,1144.0,1147.0,1146.0,464.0,476.0,475.0
4902.0,1166.0,1115.0,1156.0,479.0,491.0,495.0
4873.0,1123.0,1134.0,1159.0,485.0,481.0,491.0
4832.0,1126.0,1129.0,1129.0,472.0,482.0,494.0
4746.0,1105.0,1114.0,1085.0,477.0,497.0,468.0
4720.0,1103.0,1094.0,1108.0,474.0,475.0,466.0
4627.0,1098.0,1058.0,1069.0,464.0,471.0,467.0
4582.0,1071.0,1074.0,1060.0,468.0,449.0,460.0
4589.0,1106.0,1052.0,1058.0,463.0,465.0,445.0
4589.0,1043.0,1089.0,1067.0,475.0,453.0,462.0
4638.0,1040.0,1115.0,1078.0,474.0,462.0,469.0
4694.0,1084.0,1106.0,1106.0,472.0,460.0,466.0
4734.0,1106.0,1113.0,1117.0,468.0,456.0,474.0
4823.0,1116.0,1150.0,1114.0,485.0,471.0,487.0
4825.0,1133.0,1114.0,1132.0,490.0,468.0,488.0
4853.0,1137.0,1106.0,1157.0,475.0,486.0,492.0
4853.0,1117.0,1109.0,1166.0,479.0,493.0,489.0
4822.0,1123.0,1120.0,1136.0,483.0,477.0,483.0
4696.0,1082.0,1130.0,1070.0,475.0,476.0,463.0
4662.0,1109.0,1099.0,1062.0,471.0,466.0,455.0
4695.0,1125.0,1112.0,1060.0,461.0,472.0,465.0
4636.0,1091.0,1071.0,1069.0,465.0,471.0,469.0
4540.0,1050.0,1043.0,1059.0,472.0,465.0,451.0
4572.0,1046.0,1050.0,1101.0,476.0,463.0,436.0
4671.0,1078.0,1081.0,1100.0,472.0,483.0,457.0
4752.0,1097.0,1091.0,1117.0,495.0,481.0,471.0
4854.0,1159.0,1130.0,1147.0,468.0,482.0,468.0
4871.0,1119.0,1155.0,1131.0,494.0,486.0,486.0
4954.0,1177.0,1197.0,1108.0,484.0,487.0,501.0
4878.0,1093.0,1191.0,1142.0,483.0,482.0,487.0
4822.0,1116.0,1149.0,1126.0,479.0,474.0,478.0
4729.0,1090.0,1130.0,1092.0,461.0,485.0,471.0
4719.0,1126.0,1092.0,1085.0,477.0,459.0,480.0
4648.0,1091.0,1057.0,1092.0,480.0,453.0,475.0
4604.0,1071.0,1083.0,1056.0,479.0,456.0,459.0
4615.0,1064.0,1045.0,1116.0,461.0,464.0,465.0
4770.0,1060.0,1150.0,1135.0,478.0,473.0,474.0
4675.0,1045.0,1102.0,1094.0,486.0,472.0,476.0
4752.0,1119.0,1118.0,1086.0,465.0,484.0,480.0
4794.0,1102.0,1134.0,1098.0,487.0,489.0,484.0
4932.0,1180.0,1130.0,1147.0,494.0,499.0,482.0
4877.0,1148.0,1097.0,1146.0,498.0,484.0,504.0
4955.0,1155.0,1160.0,1157.0,493.0,510.0,480.0
4790.0,1110.0,1108.0,1118.0,481.0,490.0,483.0
4752.0,1099.0,1098.0,1131.0,471.0,476.0,477.0
4699.0,1127.0,1102.0,1097.0,453.0,460.0,460.0
4712.0,1103.0,1119.0,1091.0,465.0,471.0,463.0
4659.0,1068.0,1123.0,1083.0,459.0,459.0,467.0
4656.0,1078.0,1099.0,1079.0,492.0,451.0,457.0
4675.0,1048.0,1120.0,1105.0,471.0,466.0,465.0
4746.0,1089.0,1114.0,1113.0,483.0,477.0,470.0
4857.0,1143.0,1099.0,1142.0,498.0,492.0,483.0
4880.0,1168.0,1103.0,1130.0,491.0,493.0,495.0
4960.0,1165.0,1160.0,1137.0,491.0,492.0,515.0
4942.0,1155.0,1162.0,1123.0,507.0,508.0,487.0
4966.0,1138.0,1179.0,1153.0,490.0,504.0,502.0
4912.0,1118.0,1176.0,1118.0,496.0,505.0,499.0
4836.0,1129.0,1145.0,1119.0,484.0,485.0,474.0
4766.0,1120.0,1108.0,1099.0,481.0,482.0,476.0
4700.0,1111.0,1071.0,1140.0,456.0,462.0,460.0
4740.0,1110.0,1101.0,1107.0,476.0,478.0,468.0
4596.0,1047.0,1083.0,1101.0,457.0,455.0,453.0
4743.0,1115.0,1102.0,1112.0,475.0,464.0,475.0
4710.0,1104.0,1102.0,1106.0,462.0,460.0,476.0
4810.0,1099.0,1152.0,1102.0,500.0,485.0,472.0
4859.0,1157.0,1141.0,1091.0,503.0,475.0,492.0
4940.0,1150.0,1152.0,1135.0,503.0,497.0,503.0
4996.0,1158.0,1191.0,1161.0,486.0,506.0,494.0
5010.0,1131.0,1184.0,1182.0,508.0,506.0,499.0
4970.0,1154.0,1150.0,1176.0,499.0,491.0,500.0
4792.0,1096.0,1089.0,1135.0,489.0,494.0,489.0
4872.0,1121.0,1122.0,1149.0,478.0,500.0,502.0
4723.0,1091.0,1088.0,1127.0,460.0,482.0,475.0
4708.0,1105.0,1121.0,1079.0,453.0,481.0,469.0
4754.0,1086.0,1140.0,1091.0,479.0,471.0,487.0
4685.0,1061.0,1114.0,1084.0,477.0,475.0,474.0
4713.0,1121.0,1080.0,1087.0,473.0,479.0,473.0
4860.0,1162.0,1118.0,1129.0,489.0,477.0,485.0
4891.0,1151.0,1109.0,1151.0,502.0,486.0,492.0
4944.0,1187.0,1142.0,1141.0,496.0,486.0,492.0
5001.0,1165.0,1146.0,1158.0,536.0,492.0,504.0
4989.0,1155.0,1193.0,1156.0,508.0,476.0,501.0
4929.0,1167.0,1130.0,1147.0,502.0,494.0,489.0
4911.0,1129.0,1148.0,1170.0,483.0,500.0,481.0
4878.0,1167.0,1132.0,1137.0,486.0,492.0,464.0
4735.0,1127.0,1105.0,1082.0,473.0,481.0,467.0
4705.0,1113.0,1091.0,1109.0,461.0,470.0,461.0
4722.0,1132.0,1092.0,1066.0,468.0,485.0,479.0
4728.0,1093.0,1121.0,1107.0,465.0,474.0,468.0
4702.0,1072.0,1114.0,1088.0,466.0,494.0,468.0
4886.0,1143.0,1107.0,1135.0,494.0,508.0,499.0
4965.0,1144.0,1163.0,1144.0,509.0,490.0,515.0
4996.0,1153.0,1176.0,1155.0,494.0,502.0,516.0
5058.0,1159.0,1203.0,1181.0,507.0,490.0,518.0
5050.0,1167.0,1172.0,1199.0,506.0,494.0,512.0
4955.0,1123.0,1175.0,1172.0,489.0,502.0,494.0
4830.0,1115.0,1106.0,1138.0,495.0,489.0,487.0
4816.0,1136.0,1075.0,1139.0,491.0,482.0,493.0
4791.0,1147.0,1121.0,1112.0,482.0,458.0,471.0
4710.0,1105.0,1129.0,1078.0,471.0,460.0,467.0
4715.0,1082.0,1110.0,1100.0,479.0,468.0,476.0
4691.0,1058.0,1141.0,1088.0,460.0,478.0,466.0
4750.0,1096.0,1135.0,1105.0,465.0,484.0,465.0
4965.0,1158.0,1185.0,1152.0,502.0,490.0,478.0
5034.0,1191.0,1170.0,1185.0,497.0,508.0,483.0
5096.0,1203.0,1161.0,1210.0,497.0,508.0,517.0
5080.0,1180.0,1165.0,1204.0,503.0,520.0,508.0
5081.0,1164.0,1191.0,1183.0,519.0,508.0,516.0
5051.0,1175.0,1174.0,1175.0,520.0,493.0,514.0
4991.0,1131.0,1170.0,1166.0,501.0,515.0,508.0
4892.0,1154.0,1158.0,1112.0,487.0,485.0,496.0
4845.0,1108.0,1148.0,1121.0,502.0,485.0,481.0
4831.0,1138.0,1164.0,1093.0,472.0,478.0,486.0
4763.0,1106.0,1107.0,1117.0,475.0,473.0,485.0
4759.0,1082.0,1118.0,1127.0,469.0,468.0,495.0
4800.0,1131.0,1097.0,1134.0,479.0,467.0,492.0
4932.0,1131.0,1144.0,1176.0,493.0,491.0,497.0
4951.0,1163.0,1132.0,1179.0,492.0,490.0,495.0
5150.0,1222.0,1216.0,1187.0,507.0,505.0,513.0
5127.0,1170.0,1220.0,1230.0,492.0,512.0,503.0
5087.0,1160.0,1202.0,1221.0,503.0,514.0,487.0
4982.0,1145.0,1161.0,1158.0,515.0,503.0,500.0
4983.0,1162.0,1191.0,1142.0,502.0,496.0,490.0
4916.0,1121.0,1164.0,1156.0,500.0,498.0,477.0
4837.0,1170.0,1092.0,1120.0,482.0,497.0,476.0
4796.0,1130.0,1096.0,1104.0,499.0,491.0,476.0
4753.0,1109.0,1105.0,1100.0,477.0,481.0,481.0
4833.0,1094.0,1126.0,1139.0,495.0,481.0,498.0
4896.0,1122.0,1150.0,1162.0,475.0,482.0,505.0
5016.0,1181.0,1176.0,1182.0,478.0,493.0,506.0
5036.0,1190.0,1158.0,1185.0,500.0,503.0,500.0
5114.0,1188.0,1202.0,1202.0,499.0,510.0,513.0
5069.0,1190.0,1176.0,1191.0,505.0,490.0,517.0
5062.0,1189.0,1173.0,1171.0,519.0,509.0,501.0
5027.0,1167.0,1194.0,1167.0,499.0,491.0,509.0
5006.0,1154.0,1186.0,1149.0,521.0,502.0,494.0
4963.0,1171.0,1161.0,1145.0,505.0,484.0,497.0
4881.0,1158.0,1143.0,1104.0,493.0,494.0,489.0
4847.0,1122.0,1154.0,1101.0,482.0,502.0,486.0
4779.0,1086.0,1129.0,1127.0,480.0,471.0,486.0
4916.0,1127.0,1152.0,1146.0,495.0,500.0,496.0
4931.0,1165.0,1110.0,1162.0,498.0,513.0,483.0
4966.0,1146.0,1134.0,1211.0,493.0,495.0,487.0
5081.0,1192.0,1156.0,1209.0,510.0,515.0,499.0
5110.0,1230.0,1180.0,1175.0,504.0,513.0,508.0
5152.0,1233.0,1205.0,1182.0,504.0,523.0,505.0
5091.0,1186.0,1205.0,1172.0,502.0,511.0,515.0
5104.0,1191.0,1181.0,1210.0,523.0,492.0,507.0
4996.0,1176.0,1181.0,1148.0,498.0,492.0,501.0
4965.0,1153.0,1170.0,1156.0,487.0,491.0,508.0
4837.0,1126.0,1092.0,1148.0,487.0,479.0,505.0
4833.0,1127.0,1115.0,1120.0,502.0,480.0,489.0
4891.0,1133.0,1118.0,1160.0,507.0,476.0,497.0
4930.0,1130.0,1152.0,1168.0,499.0,492.0,489.0
4933.0,1126.0,1146.0,1172.0,491.0,490.0,508.0
5019.0,1153.0,1184.0,1182.0,496.0,500.0,504.0
5052.0,1172.0,1214.0,1149.0,507.0,510.0,500.0
5128.0,1183.0,1200.0,1202.0,508.0,520.0,515.0
5114.0,1206.0,1199.0,1170.0,485.0,538.0,516.0
5091.0,1160.0,1183.0,1214.0,503.0,530.0,501.0
5034.0,1179.0,1155.0,1175.0,503.0,513.0,509.0
4996.0,1156.0,1173.0,1169.0,492.0,507.0,499.0
4963.0,1160.0,1159.0,1162.0,498.0,483.0,501.0
4964.0,1203.0,1153.0,1148.0,488.0,491.0,481.0
4900.0,1152.0,1138.0,1135.0,484.0,494.0,497.0
4916.0,1126.0,1161.0,1160.0,502.0,475.0,492.0
4909.0,1125.0,1161.0,1136.0,504.0,495.0,488.0
4912.0,1116.0,1149.0,1176.0,489.0,486.0,496.0
5000.0,1197.0,1136.0,1150.0,510.0,496.0,511.0
5120.0,1219.0,1180.0,1187.0,520.0,497.0,517.0
5145.0,1213.0,1189.0,1190.0,519.0,511.0,523.0
5224.0,1219.0,1214.0,1219.0,509.0,523.0,540.0
5160.0,1184.0,1191.0,1220.0,512.0,528.0,525.0
5098.0,1186.0,1165.0,1217.0,500.0,514.0,516.0
5037.0,1150.0,1206.0,1165.0,502.0,526.0,488.0
5061.0,1180.0,1176.0,1198.0,495.0,507.0,505.0
4995.0,1196.0,1131.0,1177.0,481.0,509.0,501.0
4948.0,1162.0,1124.0,1194.0,488.0,498.0,482.0
4870.0,1127.0,1117.0,1151.0,503.0,497.0,475.0
4935.0,1153.0,1121.0,1163.0,497.0,502.0,499.0
4988.0,1180.0,1162.0,1145.0,503.0,498.0,500.0
5009.0,1189.0,1147.0,1160.0,504.0,507.0,502.0
5074.0,1213.0,1174.0,1184.0,503.0,509.0,491.0
5158.0,1214.0,1188.0,1210.0,513.0,520.0,513.0
5193.0,1226.0,1234.0,1184.0,522.0,517.0,510.0
5191.0,1237.0,1161.0,1234.0,528.0,503.0,528.0
5083.0,1150.0,1199.0,1189.0,514.0,519.0,512.0
5144.0,1200.0,1180.0,1230.0,500.0,516.0,518.0
5052.0,1186.0,1155.0,1199.0,494.0,500.0,518.0
5036.0,1203.0,1149.0,1198.0,488.0,496.0,502.0
4920.0,1158.0,1164.0,1107.0,483.0,501.0,507.0
4929.0,1105.0,1151.0,1174.0,497.0,508.0,494.0
4974.0,1176.0,1174.0,1144.0,499.0,491.0,490.0
5032.0,1133.0,1218.0,1161.0,497.0,508.0,515.0
5108.0,1199.0,1183.0,1166.0,520.0,519.0,521.0
5173.0,1214.0,1189.0,1200.0,531.0,523.0,516.0
5197.0,1230.0,1212.0,1202.0,528.0,521.0,504.0
5192.0,1230.0,1210.0,1209.0,518.0,519.0,506.0
5209.0,1199.0,1208.0,1240.0,531.0,505.0,526.0
5157.0,1197.0,1216.0,1215.0,508.0,505.0,516.0
5114.0,1196.0,1199.0,1200.0,504.0,510.0,505.0
5066.0,1202.0,1198.0,1175.0,493.0,496.0,502.0
5081.0,1185.0,1199.0,1195.0,485.0,506.0,511.0
4948.0,1173.0,1166.0,1139.0,482.0,499.0,489.0
4947.0,1175.0,1128.0,1171.0,485.0,493.0,495.0
4865.0,1126.0,1126.0,1135.0,483.0,501.0,494.0
4966.0,1163.0,1130.0,1145.0,506.0,502.0,520.0
5106.0,1199.0,1182.0,1169.0,516.0,520.0,520.0
5248.0,1242.0,1226.0,1188.0,535.0,523.0,534.0
5282.0,1239.0,1223.0,1213.0,532.0,542.0,533.0
5294.0,1233.0,1271.0,1235.0,527.0,511.0,517.0
5214.0,1206.0,1231.0,1195.0,531.0,527.0,524.0
5235.0,1223.0,1197.0,1260.0,521.0,515.0,519.0
5127.0,1190.0,1188.0,1205.0,500.0,533.0,511.0
5105.0,1207.0,1176.0,1207.0,500.0,506.0,509.0
4953.0,1187.0,1155.0,1136.0,503.0,476.0,496.0
4935.0,1174.0,1147.0,1139.0,487.0,488.0,500.0
4867.0,1134.0,1132.0,1118.0,499.0,493.0,491.0
4958.0,1149.0,1182.0,1150.0,495.0,492.0,490.0
5027.0,1162.0,1184.0,1170.0,499.0,503.0,509.0
5134.0,1172.0,1190.0,1226.0,530.0,515.0,501.0
5226.0,1218.0,1229.0,1232.0,522.0,517.0,508.0
5306.0,1234.0,1225.0,1261.0,531.0,520.0,535.0
5317.0,1208.0,1233.0,1253.0,547.0,540.0,536.0
5290.0,1198.0,1208.0,1284.0,525.0,550.0,525.0
5274.0,1229.0,1250.0,1213.0,525.0,531.0,526.0
5215.0,1182.0,1225.0,1241.0,525.0,524.0,518.0
5120.0,1185.0,1215.0,1181.0,506.0,516.0,517.0
5044.0,1171.0,1167.0,1175.0,512.0,516.0,503.0
4978.0,1203.0,1147.0,1151.0,484.0,487.0,506.0
5031.0,1178.0,1175.0,1174.0,485.0,501.0,518.0
4980.0,1164.0,1188.0,1159.0,498.0,473.0,498.0
5096.0,1175.0,1197.0,1193.0,506.0,511.0,514.0
5156.0,1197.0,1170.0,1251.0,513.0,502.0,523.0
5269.0,1228.0,1235.0,1249.0,519.0,522.0,516.0
5282.0,1237.0,1204.0,1257.0,532.0,521.0,531.0
5320.0,1256.0,1233.0,1254.0,527.0,529.0,521.0
5319.0,1241.0,1242.0,1225.0,543.0,535.0,533.0
5302.0,1228.0,1259.0,1241.0,526.0,522.0,526.0
5237.0,1246.0,1221.0,1223.0,523.0,516.0,508.0
5186.0,1220.0,1220.0,1200.0,503.0,527.0,516.0
5071.0,1212.0,1157.0,1167.0,519.0,511.0,505.0
5103.0,1208.0,1188.0,1183.0,497.0,530.0,497.0
4987.0,1143.0,1161.0,1172.0,507.0,506.0,498.0
5018.0,1164.0,1164.0,1178.0,493.0,509.0,510.0
5104.0,1151.0,1198.0,1218.0,511.0,506.0,520.0
5279.0,1239.0,1241.0,1231.0,530.0,524.0,514.0
5306.0,1234.0,1235.0,1248.0,530.0,535.0,524.0
5389.0,1288.0,1236.0,1276.0,541.0,522.0,526.0
5388.0,1271.0,1265.0,1256.0,540.0,516.0,540.0
5329.0,1225.0,1257.0,1261.0,536.0,519.0,531.0
5238.0,1189.0,1243.0,1241.0,536.0,505.0,524.0
5140.0,1192.0,1181.0,1184.0,516.0,539.0,528.0
5191.0,1232.0,1204.0,1202.0,515.0,516.0,522.0
5118.0,1202.0,1206.0,1180.0,511.0,515.0,504.0
4987.0,1165.0,1166.0,1187.0,482.0,492.0,495.0
5061.0,1171.0,1205.0,1175.0,505.0,517.0,488.0
5148.0,1199.0,1210.0,1211.0,505.0,517.0,506.0
5193.0,1210.0,1231.0,1238.0,492.0,516.0,506.0
5172.0,1206.0,1184.0,1221.0,518.0,538.0,505.0
5265.0,1249.0,1210.0,1246.0,516.0,532.0,512.0
5395.0,1271.0,1273.0,1255.0,530.0,544.0,522.0
5319.0,1229.0,1227.0,1234.0,528.0,555.0,546.0
5331.0,1231.0,1247.0,1248.0,549.0,526.0,530.0
5316.0,1215.0,1245.0,1233.0,543.0,554.0,526.0
5255.0,1228.0,1219.0,1210.0,526.0,531.0,541.0
5210.0,1210.0,1239.0,1195.0,526.0,514.0,526.0
5180.0,1191.0,1245.0,1215.0,519.0,501.0,509.0
5123.0,1206.0,1191.0,1187.0,520.0,494.0,525.0
5070.0,1172.0,1187.0,1188.0,513.0,490.0,520.0
5048.0,1154.0,1150.0,1224.0,512.0,503.0,505.0
5110.0,1169.0,1192.0,1210.0,515.0,501.0,523.0
5208.0,1215.0,1207.0,1222.0,526.0,522.0,516.0
5347.0,1277.0,1227.0,1241.0,517.0,553.0,532.0
5367.0,1267.0,1241.0,1252.0,529.0,539.0,539.0
5458.0,1284.0,1287.0,1268.0,541.0,541.0,537.0
5315.0,1208.0,1245.0,1248.0,540.0,543.0,531.0
5309.0,1214.0,1251.0,1230.0,546.0,543.0,525.0
5258.0,1201.0,1225.0,1216.0,550.0,549.0,517.0
5192.0,1217.0,1202.0,1195.0,512.0,536.0,530.0
5201.0,1239.0,1177.0,1240.0,514.0,513.0,518.0
5178.0,1196.0,1221.0,1210.0,518.0,520.0,513.0
5178.0,1166.0,1219.0,1223.0,524.0,517.0,529.0
5191.0,1199.0,1245.0,1217.0,507.0,508.0,515.0
5179.0,1179.0,1247.0,1210.0,517.0,508.0,518.0
5238.0,1232.0,1240.0,1184.0,518.0,527.0,537.0
5313.0,1247.0,1263.0,1219.0,528.0,526.0,530.0
5383.0,1282.0,1245.0,1242.0,527.0,545.0,542.0
5417.0,1263.0,1242.0,1271.0,536.0,549.0,556.0
5411.0,1265.0,1239.0,1269.0,543.0,545.0,550.0
5399.0,1247.0,1256.0,1267.0,532.0,548.0,549.0
5365.0,1272.0,1253.0,1250.0,516.0,531.0,543.0
5262.0,1231.0,1211.0,1233.0,533.0,525.0,529.0
5184.0,1207.0,1227.0,1211.0,510.0,523.0,506.0
5210.0,1192.0,1230.0,1228.0,540.0,526.0,494.0
5111.0,1183.0,1183.0,1216.0,517.0,509.0,503.0
5136.0,1193.0,1230.0,1197.0,516.0,504.0,496.0
5130.0,1190.0,1185.0,1219.0,518.0,506.0,512.0
5242.0,1263.0,1232.0,1189.0,528.0,512.0,518.0
5339.0,1267.0,1269.0,1237.0,525.0,527.0,514.0
5387.0,1261.0,1294.0,1228.0,542.0,529.0,533.0
5447.0,1266.0,1297.0,1271.0,527.0,541.0,545.0
5417.0,1245.0,1289.0,1255.0,533.0,547.0,548.0
5412.0,1245.0,1278.0,1260.0,542.0,548.0,539.0
5270.0,1216.0,1215.0,1244.0,527.0,525.0,543.0
5325.0,1261.0,1208.0,1248.0,538.0,537.0,533.0
5239.0,1226.0,1179.0,1247.0,529.0,528.0,530.0
5211.0,1215.0,1204.0,1211.0,525.0,524.0,532.0
5209.0,1218.0,1232.0,1208.0,509.0,527.0,515.0
5179.0,1184.0,1215.0,1218.0,526.0,511.0,525.0
5235.0,1209.0,1242.0,1188.0,534.0,532.0,530.0
5393.0,1273.0,1291.0,1246.0,533.0,528.0,522.0
5413.0,1277.0,1262.0,1263.0,537.0,540.0,534.0
5470.0,1292.0,1272.0,1263.0,544.0,547.0,552.0
5484.0,1275.0,1270.0,1285.0,554.0,557.0,543.0
5399.0,1246.0,1263.0,1269.0,531.0,552.0,538.0
5375.0,1280.0,1222.0,1275.0,529.0,536.0,533.0
5340.0,1238.0,1261.0,1253.0,534.0,527.0,527.0
5337.0,1273.0,1250.0,1268.0,513.0,510.0,523.0
5190.0,1226.0,1203.0,1221.0,515.0,518.0,507.0
5253.0,1246.0,1263.0,1194.0,522.0,511.0,517.0
5205.0,1206.0,1222.0,1202.0,531.0,526.0,518.0
5160.0,1208.0,1190.0,1184.0,521.0,535.0,522.0
5230.0,1238.0,1215.0,1173.0,548.0,527.0,529.0
5347.0,1255.0,1243.0,1225.0,532.0,546.0,546.0
5460.0,1295.0,1239.0,1294.0,536.0,527.0,569.0
5553.0,1266.0,1283.0,1317.0,560.0,564.0,563.0
5518.0,1276.0,1285.0,1293.0,555.0,554.0,555.0
5609.0,1308.0,1315.0,1317.0,541.0,568.0,560.0
5454.0,1248.0,1286.0,1287.0,538.0,552.0,543.0
5368.0,1252.0,1274.0,1242.0,523.0,536.0,541.0
5351.0,1248.0,1256.0,1253.0,535.0,522.0,537.0
5271.0,1233.0,1219.0,1251.0,517.0,521.0,530.0
5165.0,1207.0,1216.0,1207.0,515.0,507.0,513.0
5132.0,1194.0,1204.0,1174.0,532.0,521.0,507.0
5268.0,1237.0,1224.0,1231.0,536.0,521.0,519.0
5290.0,1221.0,1270.0,1213.0,542.0,522.0,522.0
5342.0,1232.0,1260.0,1231.0,536.0,545.0,538.0
5469.0,1269.0,1296.0,1269.0,553.0,541.0,541.0
5493.0,1315.0,1253.0,1279.0,550.0,549.0,547.0
5545.0,1279.0,1290.0,1322.0,552.0,539.0,563.0
5535.0,1261.0,1287.0,1320.0,548.0,561.0,558.0
5410.0,1241.0,1269.0,1259.0,546.0,556.0,539.0
5360.0,1232.0,1232.0,1256.0,542.0,546.0,552.0
5404.0,1286.0,1242.0,1255.0,532.0,539.0,550.0
5272.0,1246.0,1232.0,1212.0,522.0,534.0,526.0
5291.0,1226.0,1248.0,1234.0,529.0,524.0,530.0
5236.0,1208.0,1251.0,1218.0,514.0,513.0,532.0
5250.0,1227.0,1229.0,1223.0,526.0,520.0,525.0
5331.0,1226.0,1281.0,1246.0,527.0,529.0,522.0
5409.0,1265.0,1230.0,1287.0,551.0,539.0,537.0
5494.0,1294.0,1277.0,1295.0,544.0,536.0,548.0
5491.0,1298.0,1265.0,1285.0,550.0,545.0,548.0
5526.0,1291.0,1303.0,1299.0,538.0,542.0,553.0
5527.0,1249.0,1325.0,1289.0,559.0,559.0,546.0
5551.0,1262.0,1321.0,1314.0,547.0,557.0,550.0
5463.0,1301.0,1292.0,1248.0,542.0,545.0,535.0
5342.0,1239.0,1273.0,1212.0,533.0,544.0,541.0
5290.0,1255.0,1234.0,1223.0,530.0,514.0,534.0
5276.0,1248.0,1214.0,1218.0,528.0,538.0,530.0
5299.0,1246.0,1232.0,1221.0,527.0,537.0,536.0
5310.0,1267.0,1215.0,1247.0,521.0,534.0,526.0
5315.0,1225.0,1245.0,1255.0,526.0,524.0,540.0
5471.0,1250.0,1294.0,1280.0,555.0,552.0,540.0
5605.0,1318.0,1306.0,1315.0,559.0,547.0,560.0
5643.0,1318.0,1297.0,1335.0,566.0,562.0,565.0
5635.0,1339.0,1295.0,1306.0,569.0,561.0,565.0
5546.0,1299.0,1278.0,1290.0,557.0,554.0,568.0
5446.0,1257.0,1261.0,1272.0,560.0,544.0,552.0
5378.0,1261.0,1242.0,1244.0,546.0,534.0,551.0
5345.0,1275.0,1250.0,1238.0,521.0,524.0,537.0
5296.0,1275.0,1222.0,1214.0,528.0,529.0,528.0
5243.0,1224.0,1224.0,1234.0,531.0,513.0,517.0
5247.0,1198.0,1216.0,1243.0,536.0,528.0,526.0
5314.0,1197.0,1242.0,1279.0,533.0,534.0,529.0
5363.0,1249.0,1264.0,1236.0,527.0,547.0,540.0
5482.0,1266.0,1276.0,1314.0,538.0,557.0,531.0
5549.0,1271.0,1303.0,1307.0,554.0,565.0,549.0
5548.0,1306.0,1281.0,1305.0,560.0,544.0,552.0
5585.0,1280.0,1321.0,1296.0,576.0,562.0,550.0
5503.0,1288.0,1258.0,1275.0,563.0,551.0,568.0
5509.0,1265.0,1318.0,1254.0,560.0,557.0,555.0
5453.0,1261.0,1285.0,1271.0,546.0,531.0,559.0
5422.0,1271.0,1301.0,1231.0,544.0,542.0,533.0
5475.0,1273.0,1290.0,1293.0,527.0,548.0,544.0
5362.0,1255.0,1259.0,1263.0,523.0,524.0,538.0
5304.0,1257.0,1216.0,1234.0,512.0,536.0,549.0
5384.0,1274.0,1237.0,1271.0,534.0,533.0,535.0
5400.0,1260.0,1258.0,1261.0,523.0,548.0,550.0
5425.0,1273.0,1252.0,1265.0,540.0,546.0,549.0
5568.0,1319.0,1301.0,1287.0,536.0,563.0,562.0
5592.0,1310.0,1334.0,1269.0,571.0,555.0,553.0
5615.0,1300.0,1331.0,1302.0,558.0,567.0,557.0
5616.0,1288.0,1312.0,1320.0,556.0,579.0,561.0
5584.0,1294.0,1302.0,1306.0,561.0,574.0,547.0
5512.0,1301.0,1279.0,1270.0,556.0,557.0,549.0
5505.0,1320.0,1273.0,1268.0,568.0,544.0,532.0
5391.0,1298.0,1235.0,1272.0,535.0,532.0,519.0
5390.0,1275.0,1222.0,1277.0,547.0,532.0,537.0
5393.0,1233.0,1269.0,1282.0,532.0,534.0,543.0
5391.0,1238.0,1276.0,1281.0,532.0,532.0,532.0
5468.0,1262.0,1304.0,1269.0,539.0,535.0,559.0
5489.0,1282.0,1276.0,1277.0,552.0,544.0,558.0
5619.0,1348.0,1286.0,1305.0,554.0,550.0,576.0
5585.0,1312.0,1317.0,1279.0,544.0,556.0,577.0
5611.0,1309.0,1307.0,1295.0,564.0,554.0,582.0
5565.0,1314.0,1257.0,1292.0,560.0,566.0,576.0
5614.0,1326.0,1298.0,1287.0,576.0,555.0,572.0
5489.0,1255.0,1277.0,1302.0,557.0,553.0,545.0
5519.0,1273.0,1305.0,1292.0,558.0,554.0,537.0
5494.0,1301.0,1291.0,1259.0,548.0,557.0,538.0
5442.0,1253.0,1278.0,1287.0,536.0,548.0,540.0
5376.0,1287.0,1243.0,1256.0,533.0,536.0,521.0
5366.0,1226.0,1271.0,1248.0,546.0,536.0,539.0
5377.0,1278.0,1223.0,1256.0,534.0,550.0,536.0
5466.0,1288.0,1253.0,1259.0,555.0,554.0,557.0
5524.0,1326.0,1256.0,1276.0,560.0,549.0,557.0
5577.0,1314.0,1261.0,1315.0,553.0,574.0,560.0
5637.0,1299.0,1313.0,1337.0,563.0,560.0,565.0
5707.0,1327.0,1345.0,1346.0,567.0,558.0,564.0
5622.0,1288.0,1325.0,1338.0,558.0,538.0,575.0
5591.0,1278.0,1333.0,1325.0,551.0,542.0,562.0
5503.0,1274.0,1249.0,1308.0,561.0,548.0,563.0
5452.0,1267.0,1243.0,1297.0,547.0,548.0,550.0
5428.0,1294.0,1223.0,1269.0,549.0,546.0,547.0
5412.0,1240.0,1250.0,1269.0,556.0,542.0,555.0
5370.0,1238.0,1245.0,1252.0,538.0,539.0,558.0
5504.0,1296.0,1290.0,1257.0,542.0,558.0,561.0
5565.0,1288.0,1313.0,1291.0,545.0,567.0,561.0
5624.0,1325.0,1339.0,1285.0,555.0,562.0,558.0
5704.0,1347.0,1291.0,1355.0,567.0,579.0,565.0
5655.0,1331.0,1332.0,1298.0,572.0,563.0,559.0
5613.0,1306.0,1303.0,1304.0,570.0,572.0,558.0
5626.0,1326.0,1303.0,1324.0,557.0,556.0,560.0
5570.0,1303.0,1273.0,1331.0,564.0,550.0,549.0
5539.0,1289.0,1299.0,1285.0,566.0,538.0,562.0
5489.0,1268.0,1267.0,1299.0,574.0,534.0,547.0
5440.0,1255.0,1295.0,1264.0,557.0,526.0,543.0
5384.0,1240.0,1286.0,1245.0,552.0,532.0,529.0
5333.0,1212.0,1276.0,1225.0,556.0,530.0,534.0
5557.0,1291.0,1289.0,1298.0,556.0,563.0,560.0
5583.0,1304.0,1277.0,1307.0,561.0,571.0,563.0
5639.0,1342.0,1275.0,1311.0,554.0,569.0,588.0
5677.0,1320.0,1287.0,1358.0,560.0,575.0,577.0
5724.0,1331.0,1344.0,1337.0,555.0,571.0,586.0
5704.0,1322.0,1326.0,1346.0,560.0,571.0,579.0
5706.0,1311.0,1345.0,1332.0,564.0,581.0,573.0
5635.0,1298.0,1319.0,1348.0,550.0,556.0,564.0
5585.0,1281.0,1313.0,1322.0,557.0,552.0,560.0
5523.0,1317.0,1290.0,1265.0,553.0,552.0,546.0
5451.0,1298.0,1269.0,1267.0,542.0,533.0,542.0
5434.0,1266.0,1277.0,1264.0,553.0,533.0,541.0
5398.0,1281.0,1238.0,1255.0,552.0,531.0,541.0
5476.0,1300.0,1255.0,1287.0,557.0,550.0,527.0
5664.0,1330.0,1329.0,1322.0,577.0,546.0,560.0
5653.0,1340.0,1318.0,1319.0,572.0,556.0,548.0
5773.0,1349.0,1346.0,1361.0,568.0,580.0,569.0
5792.0,1337.0,1399.0,1340.0,563.0,588.0,565.0
5756.0,1343.0,1359.0,1347.0,558.0,570.0,579.0
5629.0,1304.0,1276.0,1354.0,554.0,568.0,573.0
5603.0,1293.0,1315.0,1301.0,552.0,573.0,569.0
5596.0,1318.0,1287.0,1304.0,557.0,566.0,564.0
5488.0,1314.0,1238.0,1274.0,551.0,557.0,554.0
5533.0,1303.0,1299.0,1257.0,551.0,561.0,562.0
5486.0,1258.0,1309.0,1255.0,558.0,554.0,552.0
5521.0,1273.0,1284.0,1288.0,549.0,565.0,562.0
5611.0,1298.0,1318.0,1317.0,565.0,563.0,550.0
5662.0,1304.0,1330.0,1333.0,560.0,557.0,578.0
5690.0,1343.0,1309.0,1339.0,565.0,568.0,566.0
5766.0,1356.0,1322.0,1364.0,564.0,581.0,579.0
5842.0,1379.0,1343.0,1399.0,581.0,566.0,574.0
5751.0,1349.0,1345.0,1334.0,566.0,586.0,571.0
5667.0,1297.0,1335.0,1334.0,560.0,571.0,570.0
5620.0,1290.0,1313.0,1340.0,549.0,565.0,563.0
5553.0,1325.0,1306.0,1276.0,541.0,564.0,541.0
5526.0,1309.0,1317.0,1235.0,545.0,564.0,556.0
5510.0,1307.0,1277.0,1270.0,547.0,561.0,548.0
5545.0,1284.0,1302.0,1287.0,552.0,566.0,554.0
5529.0,1288.0,1269.0,1297.0,550.0,558.0,567.0
5515.0,1259.0,1259.0,1306.0,563.0,569.0,559.0
5600.0,1308.0,1246.0,1333.0,580.0,565.0,568.0
5797.0,1354.0,1334.0,1367.0,586.0,580.0,576.0
5877.0,1371.0,1372.0,1361.0,591.0,584.0,598.0
5812.0,1342.0,1368.0,1357.0,574.0,588.0,583.0
5786.0,1333.0,1365.0,1340.0,578.0,576.0,594.0
5723.0,1317.0,1338.0,1336.0,565.0,590.0,577.0
5637.0,1323.0,1313.0,1321.0,541.0,561.0,578.0
5587.0,1339.0,1284.0,1297.0,548.0,556.0,563.0
5530.0,1311.0,1298.0,1273.0,549.0,541.0,558.0
5490.0,1300.0,1269.0,1287.0,536.0,558.0,540.0
5465.0,1247.0,1292.0,1279.0,545.0,549.0,553.0
5552.0,1259.0,1311.0,1318.0,554.0,555.0,555.0
5719.0,1333.0,1373.0,1341.0,557.0,567.0,548.0
5666.0,1295.0,1338.0,1334.0,576.0,572.0,551.0
5812.0,1382.0,1350.0,1353.0,578.0,578.0,571.0
5837.0,1368.0,1374.0,1346.0,583.0,589.0,577.0
5802.0,1329.0,1366.0,1327.0,604.0,582.0,594.0
5825.0,1369.0,1359.0,1344.0,574.0,590.0,589.0
5822.0,1355.0,1333.0,1373.0,592.0,581.0,588.0
5629.0,1319.0,1305.0,1302.0,565.0,569.0,569.0
5671.0,1341.0,1314.0,1311.0,575.0,565.0,565.0
5597.0,1315.0,1273.0,1323.0,556.0,557.0,573.0
5563.0,1312.0,1286.0,1311.0,538.0,549.0,567.0
5666.0,1295.0,1344.0,1357.0,553.0,554.0,563.0
5613.0,1283.0,1317.0,1334.0,560.0,561.0,558.0
5599.0,1307.0,1289.0,1320.0,557.0,562.0,564.0
5743.0,1339.0,1301.0,1386.0,573.0,570.0,574.0
5728.0,1355.0,1317.0,1340.0,571.0,561.0,584.0
5794.0,1382.0,1338.0,1340.0,578.0,582.0,574.0
5898.0,1364.0,1382.0,1374.0,605.0,602.0,571.0
5883.0,1356.0,1396.0,1361.0,601.0,592.0,577.0
5809.0,1331.0,1372.0,1354.0,594.0,586.0,572.0
5768.0,1340.0,1379.0,1328.0,569.0,586.0,566.0
5705.0,1363.0,1279.0,1351.0,578.0,572.0,562.0
5662.0,1319.0,1317.0,1323.0,561.0,572.0,570.0
5621.0,1286.0,1316.0,1335.0,567.0,559.0,558.0
5594.0,1322.0,1294.0,1306.0,557.0,567.0,548.0
5583.0,1296.0,1288.0,1312.0,567.0,553.0,567.0
5639.0,1294.0,1318.0,1338.0,553.0,552.0,584.0
5728.0,1336.0,1332.0,1338.0,563.0,579.0,580.0
5801.0,1356.0,1357.0,1345.0,581.0,566.0,596.0
5875.0,1402.0,1348.0,1353.0,592.0,583.0,597.0
5876.0,1390.0,1378.0,1347.0,587.0,573.0,601.0
5856.0,1371.0,1352.0,1362.0,594.0,579.0,598.0
5829.0,1346.0,1348.0,1382.0,580.0,572.0,601.0
5792.0,1305.0,1345.0,1385.0,583.0,574.0,600.0
5704.0,1320.0,1329.0,1358.0,565.0,564.0,568.0
5680.0,1339.0,1304.0,1332.0,568.0,572.0,565.0
5611.0,1276.0,1309.0,1329.0,569.0,571.0,557.0
5626.0,1302.0,1328.0,1306.0,552.0,573.0,565.0
5594.0,1280.0,1309.0,1330.0,542.0,576.0,557.0
5676.0,1320.0,1333.0,1330.0,550.0,586.0,557.0
5749.0,1337.0,1341.0,1345.0,563.0,575.0,588.0
5827.0,1395.0,1343.0,1352.0,571.0,582.0,584.0
5885.0,1397.0,1359.0,1369.0,592.0,590.0,578.0
5891.0,1387.0,1367.0,1369.0,601.0,585.0,582.0
5939.0,1348.0,1392.0,1408.0,602.0,591.0,598.0
5865.0,1362.0,1374.0,1373.0,597.0,575.0,584.0
5905.0,1391.0,1372.0,1402.0,580.0,572.0,588.0
5786.0,1317.0,1394.0,1331.0,583.0,576.0,585.0
5627.0,1323.0,1309.0,1328.0,567.0,551.0,549.0
5703.0,1356.0,1301.0,1332.0,573.0,563.0,578.0
5673.0,1319.0,1308.0,1332.0,564.0,576.0,574.0
5611.0,1300.0,1297.0,1323.0,567.0,559.0,565.0
5710.0,1331.0,1327.0,1315.0,574.0,584.0,579.0
5754.0,1354.0,1354.0,1324.0,569.0,579.0,574.0
5875.0,1369.0,1387.0,1343.0,590.0,597.0,589.0
5910.0,1382.0,1407.0,1368.0,573.0,605.0,575.0
6003.0,1401.0,1431.0,1389.0,595.0,607.0,580.0
5947.0,1382.0,1407.0,1391.0,594.0,585.0,588.0
5871.0,1375.0,1379.0,1380.0,596.0,573.0,568.0
5831.0,1362.0,1361.0,1368.0,594.0,569.0,577.0
5734.0,1337.0,1327.0,1364.0,570.0,571.0,565.0
5782.0,1377.0,1354.0,1338.0,585.0,556.0,572.0
5614.0,1316.0,1310.0,1291.0,573.0,560.0,564.0
5598.0,1307.0,1329.0,1273.0,561.0,557.0,571.0
5607.0,1293.0,1354.0,1278.0,569.0,562.0,551.0
5705.0,1298.0,1353.0,1336.0,571.0,567.0,580.0
5807.0,1370.0,1353.0,1330.0,590.0,577.0,587.0
5868.0,1368.0,1356.0,1361.0,583.0,596.0,604.0
5929.0,1392.0,1370.0,1385.0,589.0,595.0,598.0
5995.0,1412.0,1352.0,1437.0,593.0,596.0,605.0
5989.0,1395.0,1367.0,1408.0,606.0,618.0,595.0
5869.0,1350.0,1374.0,1368.0,578.0,602.0,597.0
5847.0,1336.0,1365.0,1361.0,586.0,595.0,604.0
5848.0,1358.0,1384.0,1344.0,590.0,587.0,585.0
5696.0,1323.0,1339.0,1317.0,576.0,569.0,572.0
5708.0,1323.0,1346.0,1332.0,566.0,564.0,577.0
5654.0,1315.0,1292.0,1329.0,590.0,568.0,560.0
5656.0,1315.0,1321.0,1311.0,574.0,574.0,561.0
5732.0,1321.0,1357.0,1329.0,578.0,572.0,575.0
5769.0,1358.0,1337.0,1340.0,576.0,575.0,583.0
6008.0,1419.0,1409.0,1410.0,592.0,580.0,598.0
6029.0,1419.0,1432.0,1421.0,580.0,589.0,588.0
6047.0,1427.0,1423.0,1415.0,585.0,598.0,599.0
5995.0,1399.0,1408.0,1386.0,596.0,601.0,605.0
5967.0,1373.0,1407.0,1387.0,606.0,595.0,599.0
5771.0,1341.0,1328.0,1320.0,603.0,588.0,591.0
5806.0,1341.0,1345.0,1348.0,587.0,588.0,597.0
5769.0,1357.0,1339.0,1334.0,588.0,574.0,577.0
5711.0,1337.0,1325.0,1331.0,566.0,581.0,571.0
5708.0,1312.0,1325.0,1321.0,577.0,590.0,583.0
5777.0,1328.0,1354.0,1350.0,584.0,583.0,578.0
5873.0,1360.0,1362.0,1381.0,590.0,589.0,591.0
5838.0,1364.0,1374.0,1347.0,578.0,586.0,589.0
5999.0,1405.0,1405.0,1420.0,591.0,592.0,586.0
6048.0,1406.0,1393.0,1448.0,600.0,595.0,606.0
5963.0,1399.0,1387.0,1385.0,605.0,600.0,587.0
6003.0,1425.0,1356.0,1434.0,602.0,592.0,594.0
5888.0,1352.0,1401.0,1363.0,590.0,590.0,592.0
5846.0,1367.0,1355.0,1354.0,589.0,584.0,597.0
5777.0,1364.0,1358.0,1329.0,571.0,578.0,577.0
5790.0,1367.0,1371.0,1303.0,584.0,583.0,582.0
5763.0,1371.0,1355.0,1317.0,581.0,573.0,566.0
5736.0,1350.0,1321.0,1343.0,579.0,571.0,572.0
5785.0,1321.0,1328.0,1370.0,588.0,590.0,588.0
5797.0,1360.0,1337.0,1351.0,583.0,587.0,579.0
5950.0,1361.0,1378.0,1433.0,601.0,583.0,594.0
6003.0,1411.0,1360.0,1419.0,607.0,602.0,604.0
6073.0,1455.0,1384.0,1427.0,593.0,604.0,610.0
6034.0,1403.0,1420.0,1399.0,598.0,612.0,602.0
6013.0,1401.0,1415.0,1389.0,594.0,598.0,616.0
5942.0,1409.0,1400.0,1365.0,574.0,598.0,596.0
5914.0,1363.0,1405.0,1360.0,585.0,605.0,596.0
5829.0,1377.0,1364.0,1334.0,581.0,584.0,589.0
5746.0,1365.0,1339.0,1303.0,588.0,569.0,582.0
5750.0,1337.0,1347.0,1354.0,576.0,561.0,575.0
5759.0,1346.0,1329.0,1351.0,587.0,573.0,573.0
5771.0,1318.0,1335.0,1361.0,584.0,592.0,581.0
5843.0,1377.0,1340.0,1380.0,603.0,577.0,566.0
5936.0,1381.0,1374.0,1399.0,595.0,596.0,591.0
6003.0,1410.0,1408.0,1393.0,597.0,592.0,603.0
6074.0,1426.0,1411.0,1434.0,590.0,615.0,598.0
6049.0,1421.0,1392.0,1416.0,604.0,602.0,614.0
6037.0,1401.0,1397.0,1403.0,607.0,619.0,610.0
5956.0,1383.0,1375.0,1380.0,600.0,613.0,605.0
5880.0,1374.0,1346.0,1357.0,583.0,610.0,610.0
5880.0,1377.0,1359.0,1375.0,592.0,590.0,587.0
5818.0,1386.0,1336.0,1380.0,568.0,569.0,579.0
5796.0,1324.0,1336.0,1390.0,580.0,583.0,583.0
5852.0,1333.0,1389.0,1368.0,589.0,592.0,581.0
5821.0,1337.0,1376.0,1388.0,573.0,567.0,580.0
5835.0,1360.0,1332.0,1369.0,594.0,583.0,597.0
5904.0,1382.0,1358.0,1390.0,604.0,579.0,591.0
5981.0,1416.0,1379.0,1390.0,598.0,595.0,603.0
6033.0,1426.0,1390.0,1419.0,614.0,585.0,599.0
6063.0,1392.0,1411.0,1423.0,611.0,610.0,616.0
6063.0,1423.0,1420.0,1396.0,616.0,608.0,600.0
6040.0,1398.0,1432.0,1398.0,609.0,600.0,603.0
6002.0,1370.0,1384.0,1431.0,595.0,607.0,615.0
5959.0,1417.0,1393.0,1377.0,581.0,607.0,584.0
5862.0,1394.0,1372.0,1353.0,570.0,584.0,589.0
5783.0,1356.0,1322.0,1372.0,575.0,587.0,571.0
5815.0,1371.0,1342.0,1368.0,577.0,575.0,582.0
5860.0,1354.0,1364.0,1381.0,582.0,584.0,595.0
5876.0,1376.0,1356.0,1387.0,582.0,581.0,594.0
5976.0,1382.0,1400.0,1384.0,605.0,594.0,611.0
6043.0,1413.0,1420.0,1402.0,600.0,594.0,614.0
6163.0,1420.0,1485.0,1411.0,612.0,614.0,621.0
6150.0,1424.0,1462.0,1406.0,626.0,610.0,622.0
6026.0,1373.0,1424.0,1394.0,624.0,595.0,616.0
6034.0,1420.0,1377.0,1398.0,617.0,610.0,612.0
5997.0,1372.0,1393.0,1439.0,601.0,591.0,601.0
5991.0,1408.0,1367.0,1441.0,585.0,601.0,589.0
5922.0,1367.0,1394.0,1400.0,583.0,584.0,594.0
5936.0,1379.0,1398.0,1411.0,569.0,601.0,578.0
5857.0,1338.0,1403.0,1363.0,578.0,602.0,573.0
5839.0,1350.0,1392.0,1359.0,572.0,590.0,576.0
5876.0,1338.0,1374.0,1386.0,589.0,607.0,582.0
5986.0,1389.0,1423.0,1376.0,593.0,601.0,604.0
6062.0,1443.0,1409.0,1385.0,611.0,602.0,612.0
6136.0,1446.0,1434.0,1397.0,625.0,623.0,611.0
6125.0,1442.0,1411.0,1419.0,627.0,612.0,614.0
6089.0,1407.0,1394.0,1428.0,625.0,615.0,620.0
6035.0,1369.0,1394.0,1453.0,604.0,614.0,601.0
6000.0,1385.0,1400.0,1392.0,611.0,601.0,611.0
5992.0,1392.0,1428.0,1388.0,583.0,596.0,605.0
5881.0,1422.0,1367.0,1339.0,581.0,578.0,594.0
5905.0,1392.0,1375.0,1371.0,583.0,585.0,599.0
5826.0,1371.0,1351.0,1358.0,568.0,575.0,603.0
5862.0,1345.0,1381.0,1366.0,575.0,597.0,598.0
5877.0,1358.0,1369.0,1367.0,591.0,592.0,600.0
6004.0,1416.0,1375.0,1400.0,604.0,608.0,601.0
6085.0,1430.0,1423.0,1405.0,606.0,615.0,606.0
6170.0,1444.0,1467.0,1412.0,621.0,620.0,606.0
6226.0,1479.0,1464.0,1439.0,625.0,617.0,602.0
6170.0,1405.0,1455.0,1457.0,612.0,628.0,613.0
6138.0,1408.0,1410.0,1465.0,629.0,628.0,598.0
6068.0,1403.0,1429.0,1394.0,624.0,614.0,604.0
5986.0,1395.0,1386.0,1394.0,605.0,603.0,603.0
5918.0,1374.0,1380.0,1395.0,590.0,585.0,594.0
5914.0,1408.0,1354.0,1380.0,577.0,596.0,599.0
5807.0,1344.0,1361.0,1362.0,578.0,577.0,585.0
5869.0,1345.0,1413.0,1357.0,589.0,568.0,597.0
5966.0,1385.0,1391.0,1390.0,594.0,594.0,612.0
6012.0,1390.0,1414.0,1395.0,599.0,590.0,624.0
6118.0,1440.0,1440.0,1415.0,605.0,609.0,609.0
6153.0,1455.0,1398.0,1454.0,609.0,618.0,619.0
6237.0,1446.0,1430.0,1484.0,624.0,625.0,628.0
6254.0,1430.0,1450.0,1490.0,633.0,633.0,618.0
6127.0,1392.0,1400.0,1478.0,627.0,613.0,617.0
6093.0,1406.0,1392.0,1441.0,631.0,611.0,612.0
6048.0,1437.0,1407.0,1371.0,610.0,621.0,602.0
6043.0,1430.0,1430.0,1385.0,597.0,608.0,593.0
5914.0,1382.0,1387.0,1376.0,588.0,599.0,582.0
5851.0,1395.0,1359.0,1336.0,591.0,590.0,580.0
5872.0,1353.0,1400.0,1351.0,591.0,596.0,581.0
5926.0,1359.0,1381.0,1412.0,605.0,582.0,587.0
6018.0,1379.0,1400.0,1409.0,614.0,599.0,617.0
6190.0,1430.0,1469.0,1456.0,618.0,606.0,611.0
6227.0,1470.0,1435.0,1478.0,611.0,616.0,617.0
6225.0,1451.0,1428.0,1467.0,621.0,622.0,636.0
6318.0,1471.0,1485.0,1492.0,630.0,612.0,628.0
6219.0,1437.0,1482.0,1440.0,620.0,611.0,629.0
6126.0,1414.0,1441.0,1418.0,619.0,615.0,619.0
6040.0,1413.0,1418.0,1378.0,618.0,598.0,615.0
6001.0,1410.0,1391.0,1377.0,625.0,589.0,609.0
5959.0,1417.0,1380.0,1366.0,590.0,601.0,605.0
5992.0,1375.0,1404.0,1371.0,613.0,609.0,620.0
5926.0,1376.0,1357.0,1393.0,592.0,606.0,602.0
6007.0,1379.0,1409.0,1403.0,607.0,609.0,600.0
6176.0,1445.0,1446.0,1449.0,601.0,627.0,608.0
6231.0,1453.0,1483.0,1454.0,594.0,623.0,624.0
6197.0,1458.0,1434.0,1441.0,608.0,634.0,622.0
6263.0,1434.0,1459.0,1489.0,624.0,627.0,630.0
6257.0,1464.0,1442.0,1478.0,635.0,631.0,607.0
6098.0,1419.0,1412.0,1419.0,628.0,606.0,614.0
6133.0,1426.0,1445.0,1401.0,629.0,614.0,618.0
6069.0,1418.0,1422.0,1426.0,614.0,588.0,601.0
6022.0,1417.0,1430.0,1387.0,600.0,594.0,594.0
5958.0,1370.0,1428.0,1368.0,608.0,581.0,603.0
5942.0,1373.0,1415.0,1363.0,598.0,590.0,603.0
5961.0,1361.0,1391.0,1403.0,608.0,595.0,603.0
6063.0,1434.0,1383.0,1418.0,603.0,617.0,608.0
6197.0,1454.0,1423.0,1460.0,616.0,619.0,625.0
6193.0,1466.0,1426.0,1457.0,599.0,626.0,619.0
6283.0,1518.0,1422.0,1463.0,616.0,640.0,624.0
6256.0,1489.0,1454.0,1440.0,621.0,624.0,628.0
6195.0,1429.0,1459.0,1427.0,618.0,625.0,637.0
6200.0,1413.0,1475.0,1447.0,624.0,623.0,618.0
6192.0,1434.0,1497.0,1415.0,620.0,609.0,617.0
6139.0,1432.0,1441.0,1436.0,615.0,604.0,611.0
6065.0,1432.0,1424.0,1401.0,603.0,600.0,605.0
5973.0,1399.0,1402.0,1373.0,611.0,598.0,590.0
6041.0,1429.0,1415.0,1389.0,616.0,598.0,594.0
5983.0,1384.0,1383.0,1433.0,599.0,586.0,598.0
6067.0,1423.0,1390.0,1418.0,620.0,604.0,612.0
6154.0,1459.0,1427.0,1446.0,611.0,607.0,604.0
6211.0,1456.0,1446.0,1456.0,610.0,616.0,627.0
6385.0,1491.0,1497.0,1482.0,637.0,656.0,622.0
6347.0,1504.0,1487.0,1451.0,624.0,628.0,653.0
6264.0,1484.0,1447.0,1450.0,625.0,634.0,624.0
6242.0,1455.0,1461.0,1415.0,636.0,644.0,631.0
6155.0,1446.0,1401.0,1431.0,630.0,622.0,625.0
6129.0,1439.0,1396.0,1433.0,613.0,632.0,616.0
6139.0,1455.0,1414.0,1414.0,617.0,620.0,619.0
6056.0,1428.0,1377.0,1413.0,615.0,611.0,612.0
6065.0,1403.0,1431.0,1416.0,606.0,607.0,602.0
6065.0,1385.0,1409.0,1439.0,605.0,608.0,619.0
6030.0,1384.0,1400.0,1427.0,618.0,591.0,610.0
6167.0,1439.0,1456.0,1425.0,619.0,607.0,621.0
6271.0,1505.0,1462.0,1416.0,632.0,619.0,637.0
6232.0,1478.0,1446.0,1441.0,621.0,637.0,609.0
6253.0,1466.0,1462.0,1429.0,629.0,628.0,639.0
6236.0,1459.0,1442.0,1470.0,605.0,629.0,631.0
6201.0,1443.0,1476.0,1428.0,621.0,623.0,610.0
6247.0,1435.0,1500.0,1441.0,615.0,629.0,627.0
6162.0,1453.0,1431.0,1442.0,613.0,617.0,606.0
6093.0,1443.0,1416.0,1419.0,598.0,611.0,606.0
6095.0,1442.0,1405.0,1432.0,612.0,609.0,595.0
6100.0,1417.0,1430.0,1430.0,601.0,612.0,610.0
6069.0,1405.0,1387.0,1428.0,627.0,614.0,608.0
6067.0,1376.0,1410.0,1423.0,624.0,614.0,620.0
6164.0,1451.0,1425.0,1419.0,619.0,617.0,633.0
6236.0,1469.0,1452.0,1408.0,632.0,641.0,634.0
6338.0,1513.0,1474.0,1442.0,637.0,628.0,644.0
6393.0,1489.0,1512.0,1474.0,646.0,631.0,641.0
6282.0,1455.0,1488.0,1436.0,640.0,636.0,627.0
6285.0,1445.0,1515.0,1461.0,621.0,606.0,637.0
6196.0,1429.0,1443.0,1461.0,618.0,615.0,630.0
6162.0,1435.0,1451.0,1451.0,613.0,610.0,602.0
6145.0,1451.0,1427.0,1444.0,610.0,614.0,599.0
6093.0,1452.0,1389.0,1442.0,599.0,604.0,607.0
6072.0,1418.0,1430.0,1399.0,614.0,611.0,600.0
6144.0,1422.0,1448.0,1450.0,610.0,620.0,594.0
6186.0,1438.0,1448.0,1449.0,620.0,614.0,617.0
6244.0,1447.0,1465.0,1456.0,625.0,626.0,625.0
6372.0,1508.0,1491.0,1453.0,632.0,647.0,641.0
6341.0,1475.0,1479.0,1473.0,642.0,636.0,636.0
6344.0,1496.0,1487.0,1448.0,635.0,638.0,640.0
6326.0,1467.0,1480.0,1474.0,632.0,633.0,640.0
6264.0,1427.0,1489.0,1458.0,634.0,633.0,623.0
6291.0,1485.0,1452.0,1480.0,625.0,615.0,634.0
6181.0,1418.0,1438.0,1448.0,619.0,620.0,638.0
6214.0,1464.0,1474.0,1439.0,607.0,607.0,623.0
6160.0,1469.0,1430.0,1450.0,595.0,598.0,618.0
6097.0,1412.0,1454.0,1414.0,601.0,597.0,619.0
6102.0,1408.0,1423.0,1427.0,613.0,605.0,626.0
6060.0,1392.0,1415.0,1417.0,620.0,604.0,612.0
6252.0,1451.0,1451.0,1465.0,630.0,622.0,633.0
6342.0,1513.0,1470.0,1451.0,640.0,636.0,632.0
6395.0,1497.0,1511.0,1473.0,644.0,643.0,627.0
6370.0,1482.0,1484.0,1483.0,648.0,643.0,630.0
6410.0,1441.0,1549.0,1517.0,631.0,641.0,631.0
6399.0,1486.0,1494.0,1509.0,645.0,643.0,622.0
6334.0,1469.0,1477.0,1513.0,619.0,640.0,616.0
6207.0,1456.0,1453.0,1442.0,625.0,621.0,610.0
6211.0,1475.0,1435.0,1442.0,630.0,619.0,610.0
6079.0,1430.0,1402.0,1412.0,613.0,617.0,605.0
6063.0,1417.0,1406.0,1429.0,600.0,600.0,611.0
6163.0,1458.0,1423.0,1430.0,616.0,608.0,628.0
6174.0,1416.0,1479.0,1416.0,617.0,618.0,628.0
6256.0,1472.0,1455.0,1459.0,625.0,611.0,634.0
6362.0,1498.0,1478.0,1469.0,647.0,626.0,644.0
6419.0,1510.0,1498.0,1470.0,660.0,641.0,640.0
6460.0,1505.0,1497.0,1519.0,653.0,637.0,649.0
6388.0,1463.0,1464.0,1495.0,659.0,654.0,653.0
6365.0,1470.0,1458.0,1528.0,637.0,641.0,631.0
6313.0,1462.0,1449.0,1502.0,634.0,641.0,625.0
6251.0,1456.0,1465.0,1462.0,632.0,625.0,611.0
6198.0,1449.0,1459.0,1438.0,608.0,630.0,614.0
6171.0,1431.0,1470.0,1441.0,603.0,614.0,612.0
6106.0,1417.0,1443.0,1427.0,601.0,615.0,603.0
6119.0,1432.0,1432.0,1408.0,609.0,621.0,617.0
6210.0,1441.0,1471.0,1440.0,608.0,637.0,613.0
6281.0,1499.0,1448.0,1473.0,637.0,618.0,606.0
6329.0,1511.0,1445.0,1487.0,622.0,627.0,637.0
6433.0,1508.0,1473.0,1522.0,643.0,636.0,651.0
6436.0,1500.0,1497.0,1519.0,662.0,626.0,632.0
6449.0,1493.0,1476.0,1534.0,648.0,646.0,652.0
6446.0,1474.0,1504.0,1525.0,663.0,642.0,638.0
6352.0,1472.0,1518.0,1468.0,636.0,615.0,643.0
6338.0,1508.0,1468.0,1466.0,634.0,631.0,631.0
6218.0,1468.0,1468.0,1421.0,622.0,612.0,627.0
6235.0,1461.0,1462.0,1442.0,625.0,628.0,617.0
6123.0,1416.0,1430.0,1413.0,612.0,632.0,620.0
6137.0,1402.0,1429.0,1446.0,611.0,618.0,631.0
6241.0,1445.0,1452.0,1452.0,624.0,632.0,636.0
6370.0,1470.0,1520.0,1471.0,635.0,634.0,640.0
6436.0,1511.0,1512.0,1517.0,627.0,627.0,642.0
6532.0,1550.0,1538.0,1523.0,646.0,635.0,640.0
6562.0,1508.0,1544.0,1545.0,667.0,648.0,650.0
6413.0,1488.0,1509.0,1489.0,656.0,636.0,635.0
6433.0,1500.0,1508.0,1486.0,658.0,640.0,641.0
6296.0,1473.0,1437.0,1465.0,647.0,638.0,636.0
6285.0,1479.0,1459.0,1458.0,644.0,616.0,629.0
6191.0,1473.0,1457.0,1402.0,618.0,617.0,624.0
6244.0,1493.0,1451.0,1429.0,620.0,628.0,623.0
6197.0,1414.0,1449.0,1469.0,620.0,615.0,630.0
6210.0,1418.0,1464.0,1454.0,626.0,621.0,627.0
6312.0,1461.0,1503.0,1475.0,609.0,635.0,629.0
6391.0,1503.0,1498.0,1502.0,619.0,640.0,629.0
6466.0,1496.0,1500.0,1513.0,643.0,669.0,645.0
6544.0,1549.0,1493.0,1531.0,649.0,654.0,668.0
6457.0,1513.0,1479.0,1496.0,650.0,667.0,652.0
6431.0,1491.0,1490.0,1498.0,654.0,643.0,655.0
6450.0,1482.0,1505.0,1501.0,668.0,646.0,648.0
6400.0,1488.0,1509.0,1468.0,643.0,639.0,653.0
6358.0,1494.0,1515.0,1435.0,634.0,639.0,641.0
6293.0,1467.0,1439.0,1488.0,646.0,621.0,632.0
6245.0,1468.0,1442.0,1467.0,628.0,619.0,621.0
6190.0,1442.0,1449.0,1457.0,625.0,616.0,601.0
6240.0,1422.0,1479.0,1488.0,621.0,619.0,611.0
6269.0,1489.0,1430.0,1481.0,621.0,619.0,629.0
6363.0,1472.0,1469.0,1529.0,627.0,640.0,626.0
6490.0,1523.0,1528.0,1502.0,632.0,660.0,645.0
6506.0,1516.0,1541.0,1505.0,650.0,647.0,647.0
6467.0,1519.0,1502.0,1482.0,651.0,657.0,656.0
6489.0,1514.0,1503.0,1522.0,650.0,642.0,658.0
6446.0,1496.0,1505.0,1500.0,639.0,648.0,658.0
6394.0,1472.0,1465.0,1496.0,654.0,658.0,649.0
6347.0,1490.0,1467.0,1468.0,635.0,640.0,647.0
6330.0,1496.0,1474.0,1451.0,644.0,629.0,636.0
6364.0,1499.0,1446.0,1505.0,639.0,638.0,637.0
6296.0,1470.0,1461.0,1476.0,642.0,625.0,622.0
6259.0,1468.0,1452.0,1474.0,614.0,623.0,628.0
6366.0,1478.0,1484.0,1507.0,623.0,636.0,638.0
6403.0,1480.0,1520.0,1495.0,636.0,637.0,635.0
6500.0,1524.0,1533.0,1505.0,641.0,631.0,666.0
6547.0,1559.0,1541.0,1493.0,653.0,652.0,649.0
6539.0,1526.0,1529.0,1545.0,646.0,632.0,661.0
6516.0,1497.0,1534.0,1529.0,652.0,661.0,643.0
6444.0,1502.0,1477.0,1527.0,644.0,638.0,656.0
6412.0,1467.0,1526.0,1488.0,646.0,654.0,631.0
6321.0,1484.0,1452.0,1495.0,619.0,643.0,628.0
6382.0,1473.0,1502.0,1492.0,642.0,643.0,630.0
6368.0,1472.0,1524.0,1463.0,641.0,644.0,624.0
6387.0,1485.0,1468.0,1505.0,648.0,642.0,639.0
6366.0,1497.0,1477.0,1505.0,630.0,632.0,625.0
6350.0,1482.0,1470.0,1491.0,638.0,634.0,635.0
6375.0,1483.0,1462.0,1500.0,645.0,646.0,639.0
6495.0,1547.0,1501.0,1484.0,646.0,667.0,650.0
6536.0,1557.0,1535.0,1485.0,639.0,648.0,672.0
6585.0,1530.0,1546.0,1538.0,662.0,654.0,655.0
6605.0,1540.0,1562.0,1542.0,637.0,656.0,668.0
6493.0,1497.0,1537.0,1515.0,636.0,653.0,655.0
6412.0,1498.0,1497.0,1513.0,642.0,627.0,635.0
6467.0,1504.0,1519.0,1521.0,637.0,644.0,642.0
6364.0,1514.0,1470.0,1493.0,644.0,623.0,620.0
6274.0,1478.0,1432.0,1473.0,635.0,632.0,624.0
6255.0,1471.0,1438.0,1455.0,642.0,619.0,630.0
6275.0,1428.0,1457.0,1493.0,642.0,627.0,628.0
6382.0,1482.0,1492.0,1474.0,639.0,650.0,645.0
6432.0,1498.0,1523.0,1482.0,658.0,641.0,630.0
6505.0,1525.0,1525.0,1497.0,659.0,663.0,636.0
6470.0,1510.0,1515.0,1483.0,644.0,665.0,653.0
6536.0,1522.0,1533.0,1489.0,663.0,672.0,657.0
6611.0,1501.0,1562.0,1554.0,651.0,674.0,669.0
6560.0,1523.0,1514.0,1544.0,655.0,654.0,670.0
6543.0,1493.0,1522.0,1556.0,661.0,654.0,657.0
6469.0,1517.0,1475.0,1555.0,656.0,621.0,645.0
6459.0,1519.0,1495.0,1519.0,639.0,626.0,661.0
6375.0,1483.0,1493.0,1477.0,642.0,633.0,647.0
6375.0,1454.0,1536.0,1478.0,629.0,632.0,646.0
6388.0,1487.0,1524.0,1483.0,648.0,632.0,614.0
6392.0,1487.0,1468.0,1507.0,646.0,636.0,648.0
6449.0,1491.0,1494.0,1509.0,653.0,656.0,646.0
6579.0,1555.0,1536.0,1524.0,649.0,659.0,656.0
6577.0,1550.0,1508.0,1538.0,647.0,668.0,666.0
6612.0,1562.0,1500.0,1556.0,668.0,673.0,653.0
6641.0,1549.0,1547.0,1571.0,656.0,672.0,646.0
6621.0,1509.0,1567.0,1559.0,665.0,671.0,650.0
6560.0,1524.0,1542.0,1550.0,648.0,648.0,648.0
6443.0,1462.0,1516.0,1526.0,638.0,657.0,644.0
6466.0,1521.0,1519.0,1510.0,634.0,643.0,639.0
6346.0,1460.0,1479.0,1490.0,653.0,621.0,643.0
6346.0,1524.0,1453.0,1466.0,635.0,629.0,639.0
6337.0,1477.0,1462.0,1459.0,650.0,639.0,650.0
6400.0,1475.0,1483.0,1490.0,653.0,650.0,649.0
6574.0,1539.0,1537.0,1526.0,656.0,644.0,672.0
6614.0,1538.0,1557.0,1536.0,666.0,641.0,676.0
6686.0,1566.0,1535.0,1581.0,660.0,665.0,679.0
6751.0,1555.0,1580.0,1585.0,688.0,673.0,670.0
6671.0,1541.0,1533.0,1599.0,666.0,665.0,667.0
6607.0,1517.0,1529.0,1579.0,650.0,661.0,671.0
6575.0,1529.0,1538.0,1532.0,653.0,659.0,664.0
6425.0,1511.0,1468.0,1491.0,645.0,659.0,651.0
6442.0,1521.0,1477.0,1505.0,638.0,655.0,646.0
6405.0,1514.0,1483.0,1502.0,638.0,642.0,626.0
6335.0,1477.0,1482.0,1456.0,645.0,638.0,637.0
6395.0,1494.0,1535.0,1447.0,646.0,652.0,621.0
6480.0,1503.0,1514.0,1517.0,658.0,654.0,634.0
6514.0,1518.0,1529.0,1495.0,659.0,655.0,658.0
6594.0,1544.0,1528.0,1569.0,651.0,650.0,652.0
6703.0,1571.0,1554.0,1576.0,671.0,673.0,658.0
6701.0,1559.0,1552.0,1575.0,666.0,665.0,684.0
6668.0,1540.0,1570.0,1560.0,664.0,662.0,672.0
6633.0,1534.0,1535.0,1572.0,666.0,654.0,672.0
6582.0,1525.0,1542.0,1529.0,657.0,660.0,669.0
6598.0,1531.0,1554.0,1556.0,647.0,645.0,665.0
6540.0,1550.0,1533.0,1516.0,635.0,638.0,668.0
6427.0,1522.0,1511.0,1463.0,635.0,656.0,640.0
6365.0,1505.0,1491.0,1458.0,642.0,625.0,644.0
6398.0,1498.0,1476.0,1486.0,642.0,651.0,645.0
6473.0,1487.0,1499.0,1534.0,645.0,658.0,650.0
6585.0,1515.0,1518.0,1561.0,666.0,672.0,653.0
6700.0,1558.0,1553.0,1568.0,674.0,681.0,666.0
6782.0,1600.0,1559.0,1592.0,686.0,676.0,669.0
6757.0,1595.0,1569.0,1577.0,671.0,679.0,666.0
6692.0,1527.0,1576.0,1571.0,679.0,672.0,667.0
6670.0,1509.0,1583.0,1577.0,672.0,667.0,662.0
6652.0,1562.0,1558.0,1554.0,654.0,665.0,659.0
6489.0,1561.0,1498.0,1480.0,655.0,645.0,650.0
6404.0,1517.0,1502.0,1468.0,642.0,638.0,637.0
6394.0,1513.0,1496.0,1469.0,641.0,635.0,640.0
6352.0,1496.0,1464.0,1491.0,625.0,639.0,637.0
6472.0,1511.0,1507.0,1514.0,646.0,640.0,654.0
6575.0,1501.0,1557.0,1564.0,657.0,648.0,648.0
6701.0,1548.0,1570.0,1584.0,675.0,664.0,660.0
6706.0,1572.0,1543.0,1581.0,671.0,667.0,672.0
6781.0,1590.0,1561.0,1594.0,680.0,677.0,679.0
6778.0,1597.0,1541.0,1594.0,687.0,679.0,680.0
6687.0,1564.0,1531.0,1545.0,673.0,693.0,681.0
6657.0,1526.0,1542.0,1560.0,680.0,671.0,678.0
6643.0,1557.0,1557.0,1533.0,665.0,664.0,667.0
6550.0,1532.0,1524.0,1544.0,651.0,660.0,639.0
6566.0,1554.0,1532.0,1538.0,650.0,648.0,644.0
6416.0,1525.0,1496.0,1486.0,635.0,653.0,621.0
6409.0,1484.0,1510.0,1518.0,628.0,637.0,632.0
6401.0,1501.0,1472.0,1518.0,635.0,642.0,633.0
6478.0,1499.0,1511.0,1543.0,649.0,635.0,641.0
6629.0,1548.0,1561.0,1559.0,652.0,652.0,657.0
6669.0,1565.0,1541.0,1570.0,664.0,662.0,667.0
6733.0,1604.0,1555.0,1552.0,680.0,671.0,671.0
6789.0,1572.0,1608.0,1585.0,677.0,675.0,672.0
6794.0,1563.0,1584.0,1583.0,693.0,695.0,676.0
6779.0,1541.0,1612.0,1588.0,687.0,686.0,665.0
6663.0,1534.0,1569.0,1543.0,668.0,684.0,665.0
6628.0,1543.0,1533.0,1541.0,675.0,666.0,670.0
6561.0,1546.0,1535.0,1496.0,651.0,670.0,663.0
6504.0,1538.0,1483.0,1542.0,640.0,644.0,657.0
6516.0,1509.0,1504.0,1544.0,650.0,648.0,661.0
6482.0,1498.0,1504.0,1509.0,657.0,656.0,658.0
6535.0,1494.0,1527.0,1559.0,653.0,653.0,649.0
6753.0,1571.0,1598.0,1580.0,678.0,660.0,666.0
6708.0,1571.0,1580.0,1557.0,662.0,671.0,667.0
6762.0,1600.0,1581.0,1554.0,679.0,671.0,677.0
6779.0,1571.0,1623.0,1562.0,670.0,674.0,679.0
6791.0,1602.0,1588.0,1569.0,676.0,679.0,677.0
6726.0,1570.0,1595.0,1533.0,683.0,673.0,672.0
6687.0,1538.0,1568.0,1586.0,671.0,666.0,658.0
6654.0,1560.0,1554.0,1576.0,660.0,660.0,644.0
6631.0,1571.0,1520.0,1557.0,669.0,652.0,662.0
6559.0,1527.0,1557.0,1521.0,659.0,651.0,644.0
6558.0,1485.0,1527.0,1569.0,654.0,660.0,663.0
6605.0,1518.0,1556.0,1547.0,650.0,669.0,665.0
6648.0,1559.0,1545.0,1557.0,676.0,652.0,659.0
6661.0,1523.0,1564.0,1573.0,655.0,682.0,664.0
6796.0,1607.0,1574.0,1567.0,655.0,687.0,706.0
6780.0,1599.0,1550.0,1583.0,677.0,690.0,681.0
6827.0,1594.0,1601.0,1580.0,690.0,684.0,678.0
6804.0,1582.0,1587.0,1594.0,684.0,668.0,689.0
6757.0,1566.0,1609.0,1560.0,674.0,661.0,687.0
6762.0,1573.0,1589.0,1561.0,675.0,678.0,686.0
6678.0,1537.0,1559.0,1588.0,677.0,645.0,672.0
6657.0,1556.0,1540.0,1593.0,667.0,650.0,651.0
6548.0,1520.0,1526.0,1531.0,671.0,663.0,637.0
6518.0,1510.0,1522.0,1544.0,653.0,647.0,642.0
6632.0,1568.0,1533.0,1551.0,667.0,661.0,652.0
6534.0,1514.0,1516.0,1524.0,665.0,658.0,657.0
6685.0,1570.0,1568.0,1535.0,672.0,679.0,661.0
6815.0,1598.0,1608.0,1565.0,669.0,691.0,684.0
6815.0,1574.0,1658.0,1553.0,674.0,679.0,677.0
6774.0,1579.0,1604.0,1554.0,677.0,686.0,674.0
6821.0,1555.0,1602.0,1601.0,682.0,692.0,689.0
6807.0,1564.0,1604.0,1614.0,655.0,695.0,675.0
6692.0,1540.0,1546.0,1572.0,678.0,672.0,684.0
6642.0,1547.0,1530.0,1568.0,663.0,666.0,668.0
6600.0,1533.0,1560.0,1502.0,682.0,660.0,663.0
6595.0,1556.0,1548.0,1519.0,664.0,657.0,651.0
6590.0,1539.0,1559.0,1526.0,656.0,646.0,664.0
6648.0,1549.0,1558.0,1545.0,680.0,641.0,675.0
6560.0,1532.0,1544.0,1500.0,673.0,654.0,657.0
6733.0,1580.0,1573.0,1561.0,678.0,658.0,683.0
6811.0,1618.0,1574.0,1582.0,684.0,674.0,679.0
6861.0,1648.0,1546.0,1608.0,682.0,682.0,695.0
6789.0,1585.0,1582.0,1580.0,675.0,684.0,683.0
6815.0,1576.0,1589.0,1613.0,670.0,690.0,677.0
6845.0,1559.0,1604.0,1630.0,682.0,693.0,677.0
6743.0,1545.0,1584.0,1599.0,663.0,689.0,663.0
6778.0,1588.0,1598.0,1580.0,671.0,679.0,662.0
6696.0,1580.0,1556.0,1556.0,668.0,677.0,659.0
6618.0,1525.0,1570.0,1535.0,664.0,664.0,660.0
6545.0,1513.0,1574.0,1515.0,644.0,652.0,647.0
6521.0,1531.0,1512.0,1494.0,663.0,650.0,671.0
6633.0,1534.0,1562.0,1523.0,665.0,674.0,675.0
6707.0,1574.0,1572.0,1562.0,675.0,647.0,677.0
6817.0,1601.0,1606.0,1573.0,680.0,670.0,687.0
6876.0,1639.0,1610.0,1570.0,687.0,675.0,695.0
6977.0,1636.0,1632.0,1642.0,676.0,683.0,708.0
6870.0,1562.0,1631.0,1610.0,687.0,687.0,693.0
6924.0,1609.0,1614.0,1647.0,682.0,683.0,689.0
6834.0,1567.0,1606.0,1612.0,682.0,680.0,687.0
6726.0,1554.0,1593.0,1562.0,673.0,682.0,662.0
6655.0,1582.0,1526.0,1527.0,681.0,679.0,660.0
6547.0,1538.0,1509.0,1509.0,653.0,672.0,666.0
6579.0,1515.0,1522.0,1545.0,669.0,668.0,660.0
6652.0,1527.0,1586.0,1541.0,675.0,666.0,657.0
6730.0,1573.0,1590.0,1548.0,672.0,674.0,673.0
6821.0,1550.0,1601.0,1624.0,684.0,681.0,681.0
6816.0,1591.0,1577.0,1587.0,692.0,689.0,680.0
6863.0,1597.0,1602.0,1594.0,695.0,689.0,686.0
6911.0,1599.0,1596.0,1651.0,687.0,670.0,708.0
6936.0,1602.0,1629.0,1628.0,688.0,687.0,702.0
6833.0,1562.0,1591.0,1633.0,679.0,677.0,691.0
6806.0,1584.0,1603.0,1582.0,676.0,684.0,677.0
6804.0,1587.0,1578.0,1608.0,681.0,672.0,678.0
6743.0,1593.0,1592.0,1541.0,655.0,677.0,685.0
6669.0,1597.0,1564.0,1537.0,666.0,637.0,668.0
6668.0,1527.0,1572.0,1551.0,676.0,677.0,665.0
6695.0,1531.0,1572.0,1568.0,683.0,673.0,668.0
6685.0,1543.0,1530.0,1581.0,673.0,685.0,673.0
6797.0,1575.0,1589.0,1575.0,679.0,695.0,684.0
6962.0,1624.0,1621.0,1631.0,698.0,696.0,692.0
6974.0,1642.0,1639.0,1615.0,705.0,688.0,685.0
6984.0,1617.0,1633.0,1648.0,694.0,703.0,689.0
6975.0,1630.0,1652.0,1609.0,704.0,687.0,693.0
6872.0,1588.0,1634.0,1605.0,677.0,685.0,683.0
6806.0,1590.0,1606.0,1571.0,670.0,686.0,683.0
6707.0,1576.0,1568.0,1547.0,662.0,670.0,684.0
6739.0,1598.0,1544.0,1575.0,670.0,664.0,688.0
6653.0,1582.0,1543.0,1529.0,659.0,656.0,684.0
6626.0,1549.0,1538.0,1555.0,659.0,661.0,664.0
6633.0,1508.0,1577.0,1541.0,666.0,663.0,678.0
6734.0,1555.0,1569.0,1593.0,665.0,675.0,677.0
6861.0,1601.0,1621.0,1621.0,671.0,668.0,679.0
6924.0,1616.0,1596.0,1618.0,690.0,702.0,702.0
7012.0,1638.0,1627.0,1627.0,704.0,704.0,712.0
7010.0,1642.0,1624.0,1645.0,692.0,698.0,709.0
6937.0,1581.0,1629.0,1619.0,688.0,716.0,704.0
6939.0,1610.0,1628.0,1612.0,696.0,694.0,699.0
6784.0,1561.0,1566.0,1570.0,693.0,698.0,696.0
6780.0,1596.0,1562.0,1589.0,670.0,679.0,684.0
6745.0,1604.0,1574.0,1560.0,660.0,678.0,669.0
6654.0,1566.0,1517.0,1563.0,668.0,683.0,657.0
6721.0,1565.0,1597.0,1571.0,655.0,667.0,666.0
6709.0,1558.0,1578.0,1576.0,664.0,662.0,671.0
6746.0,1555.0,1615.0,1593.0,666.0,656.0,661.0
6853.0,1592.0,1572.0,1627.0,692.0,677.0,693.0
6873.0,1643.0,1593.0,1594.0,696.0,673.0,674.0
6961.0,1650.0,1582.0,1636.0,720.0,684.0,689.0
6917.0,1645.0,1579.0,1599.0,696.0,697.0,701.0
6994.0,1627.0,1622.0,1624.0,704.0,716.0,701.0
6989.0,1594.0,1659.0,1624.0,706.0,706.0,700.0
6867.0,1583.0,1606.0,1604.0,690.0,693.0,691.0
6879.0,1582.0,1646.0,1579.0,691.0,696.0,685.0
6781.0,1573.0,1597.0,1576.0,665.0,680.0,690.0
6665.0,1543.0,1551.0,1569.0,656.0,674.0,672.0
6705.0,1550.0,1538.0,1578.0,668.0,685.0,686.0
6754.0,1545.0,1582.0,1584.0,679.0,685.0,679.0
6780.0,1574.0,1568.0,1589.0,679.0,689.0,681.0
6878.0,1601.0,1602.0,1622.0,681.0,692.0,680.0
6983.0,1641.0,1663.0,1605.0,688.0,695.0,691.0
7031.0,1672.0,1672.0,1589.0,705.0,696.0,697.0
7025.0,1628.0,1658.0,1654.0,693.0,696.0,696.0
7006.0,1620.0,1639.0,1635.0,721.0,690.0,701.0
7005.0,1606.0,1651.0,1642.0,719.0,696.0,691.0
6910.0,1593.0,1618.0,1620.0,702.0,678.0,699.0
6826.0,1584.0,1600.0,1592.0,675.0,688.0,687.0
6766.0,1602.0,1547.0,1589.0,671.0,678.0,679.0
6806.0,1591.0,1588.0,1584.0,677.0,680.0,686.0
6769.0,1563.0,1602.0,1592.0,667.0,676.0,669.0
6821.0,1572.0,1605.0,1598.0,681.0,689.0,676.0
6862.0,1584.0,1618.0,1605.0,677.0,687.0,691.0
6898.0,1626.0,1588.0,1614.0,681.0,698.0,691.0
6983.0,1643.0,1619.0,1594.0,708.0,708.0,711.0
7008.0,1662.0,1578.0,1631.0,720.0,695.0,722.0
7064.0,1672.0,1644.0,1629.0,714.0,705.0,700.0
7036.0,1630.0,1629.0,1652.0,713.0,703.0,709.0
6939.0,1623.0,1636.0,1586.0,700.0,697.0,697.0
7049.0,1632.0,1652.0,1649.0,717.0,696.0,703.0
6932.0,1630.0,1641.0,1607.0,685.0,692.0,677.0
6897.0,1625.0,1605.0,1617.0,687.0,675.0,688.0
6843.0,1606.0,1602.0,1576.0,694.0,688.0,677.0
6766.0,1572.0,1561.0,1608.0,672.0,679.0,674.0
6829.0,1586.0,1587.0,1619.0,673.0,677.0,687.0
6807.0,1576.0,1595.0,1596.0,684.0,673.0,683.0
6867.0,1608.0,1603.0,1614.0,672.0,686.0,684.0
6976.0,1644.0,1612.0,1598.0,699.0,714.0,709.0
7087.0,1674.0,1649.0,1640.0,696.0,713.0,715.0
7118.0,1686.0,1671.0,1660.0,696.0,714.0,691.0
7105.0,1662.0,1666.0,1655.0,704.0,713.0,705.0
7088.0,1650.0,1638.0,1653.0,725.0,708.0,714.0
6970.0,1630.0,1621.0,1626.0,698.0,700.0,695.0
6932.0,1620.0,1606.0,1629.0,686.0,689.0,702.0
6863.0,1599.0,1562.0,1620.0,696.0,695.0,691.0
6821.0,1592.0,1559.0,1615.0,686.0,670.0,699.0
6761.0,1586.0,1567.0,1561.0,687.0,670.0,690.0
6824.0,1607.0,1604.0,1573.0,685.0,675.0,680.0
6864.0,1600.0,1636.0,1592.0,670.0,677.0,689.0
6980.0,1628.0,1661.0,1609.0,694.0,696.0,692.0
7053.0,1663.0,1652.0,1661.0,690.0,686.0,701.0
7053.0,1644.0,1639.0,1659.0,700.0,709.0,702.0
7075.0,1650.0,1621.0,1681.0,703.0,714.0,706.0
7140.0,1652.0,1647.0,1711.0,717.0,722.0,691.0
7049.0,1651.0,1639.0,1654.0,703.0,707.0,695.0
6993.0,1617.0,1628.0,1652.0,704.0,701.0,691.0
7007.0,1636.0,1655.0,1625.0,695.0,704.0,692.0
6892.0,1587.0,1605.0,1629.0,694.0,702.0,675.0
6881.0,1615.0,1622.0,1582.0,688.0,689.0,685.0
6851.0,1611.0,1579.0,1603.0,691.0,684.0,683.0
6826.0,1581.0,1605.0,1576.0,683.0,695.0,686.0
6859.0,1584.0,1606.0,1586.0,696.0,688.0,699.0
6958.0,1676.0,1589.0,1609.0,688.0,692.0,704.0
7070.0,1662.0,1675.0,1654.0,680.0,694.0,705.0
7191.0,1698.0,1674.0,1687.0,707.0,700.0,725.0
7105.0,1657.0,1643.0,1670.0,701.0,712.0,722.0
7147.0,1631.0,1684.0,1700.0,712.0,702.0,718.0
7104.0,1611.0,1685.0,1678.0,716.0,706.0,708.0
7078.0,1649.0,1669.0,1657.0,705.0,697.0,701.0
6966.0,1603.0,1615.0,1648.0,710.0,687.0,703.0
6810.0,1590.0,1582.0,1572.0,690.0,692.0,684.0
6837.0,1604.0,1572.0,1592.0,703.0,685.0,681.0
6778.0,1588.0,1572.0,1548.0,679.0,702.0,689.0
6861.0,1584.0,1596.0,1608.0,691.0,693.0,689.0
6854.0,1580.0,1615.0,1582.0,702.0,698.0,677.0
7005.0,1619.0,1654.0,1628.0,706.0,711.0,687.0
7070.0,1666.0,1651.0,1638.0,707.0,709.0,699.0
7147.0,1644.0,1669.0,1693.0,714.0,714.0,713.0
7223.0,1676.0,1674.0,1707.0,715.0,724.0,727.0
7137.0,1664.0,1667.0,1647.0,711.0,724.0,724.0
7122.0,1667.0,1658.0,1680.0,705.0,695.0,717.0
7042.0,1647.0,1653.0,1624.0,696.0,705.0,717.0
6974.0,1660.0,1623.0,1598.0,705.0,687.0,701.0
6956.0,1640.0,1618.0,1615.0,700.0,686.0,697.0
6942.0,1646.0,1621.0,1590.0,695.0,684.0,706.0
6865.0,1601.0,1602.0,1595.0,686.0,695.0,686.0
6951.0,1630.0,1606.0,1639.0,709.0,684.0,683.0
6961.0,1621.0,1596.0,1624.0,696.0,703.0,721.0
6992.0,1626.0,1606.0,1661.0,692.0,700.0,707.0
7107.0,1674.0,1639.0,1643.0,722.0,727.0,702.0
7181.0,1656.0,1683.0,1676.0,713.0,730.0,723.0
7245.0,1704.0,1685.0,1701.0,713.0,722.0,720.0
7122.0,1657.0,1679.0,1646.0,711.0,722.0,707.0
7136.0,1670.0,1666.0,1667.0,705.0,714.0,714.0
7124.0,1681.0,1686.0,1635.0,708.0,711.0,703.0
6977.0,1642.0,1656.0,1605.0,695.0,693.0,686.0
6922.0,1639.0,1620.0,1585.0,695.0,699.0,684.0
6907.0,1620.0,1618.0,1608.0,693.0,680.0,688.0
6852.0,1611.0,1571.0,1613.0,694.0,679.0,684.0
6963.0,1641.0,1604.0,1647.0,695.0,684.0,692.0
7018.0,1639.0,1634.0,1627.0,712.0,690.0,716.0
7067.0,1653.0,1622.0,1700.0,705.0,690.0,697.0
7227.0,1701.0,1675.0,1703.0,709.0,726.0,713.0
7177.0,1657.0,1691.0,1683.0,712.0,712.0,722.0
7200.0,1686.0,1664.0,1671.0,718.0,726.0,735.0
7132.0,1619.0,1686.0,1645.0,720.0,722.0,740.0
7134.0,1673.0,1657.0,1670.0,706.0,710.0,718.0
7029.0,1609.0,1625.0,1659.0,718.0,716.0,702.0
6982.0,1660.0,1610.0,1612.0,698.0,704.0,698.0
6984.0,1630.0,1641.0,1618.0,695.0,694.0,706.0
6957.0,1678.0,1603.0,1598.0,696.0,697.0,685.0
6970.0,1594.0,1655.0,1634.0,705.0,694.0,688.0
6940.0,1598.0,1635.0,1634.0,702.0,691.0,680.0
7079.0,1651.0,1660.0,1651.0,717.0,704.0,696.0
7125.0,1660.0,1648.0,1690.0,722.0,707.0,698.0
7152.0,1686.0,1678.0,1646.0,732.0,696.0,714.0
7205.0,1699.0,1659.0,1692.0,722.0,718.0,715.0
7180.0,1696.0,1688.0,1646.0,713.0,724.0,713.0
7208.0,1660.0,1694.0,1661.0,734.0,719.0,740.0
7124.0,1659.0,1662.0,1634.0,711.0,736.0,722.0
7129.0,1656.0,1689.0,1654.0,712.0,717.0,701.0
7070.0,1671.0,1655.0,1621.0,708.0,718.0,697.0
7035.0,1652.0,1669.0,1616.0,687.0,700.0,711.0
7110.0,1653.0,1645.0,1680.0,695.0,718.0,719.0
6975.0,1592.0,1606.0,1658.0,698.0,712.0,709.0
6981.0,1638.0,1616.0,1622.0,708.0,696.0,701.0
6984.0,1633.0,1627.0,1623.0,708.0,691.0,702.0
7091.0,1686.0,1621.0,1654.0,704.0,718.0,708.0
7223.0,1699.0,1707.0,1658.0,735.0,712.0,712.0
7272.0,1703.0,1697.0,1708.0,724.0,716.0,724.0
7272.0,1703.0,1728.0,1672.0,725.0,719.0,725.0
7251.0,1658.0,1730.0,1698.0,719.0,723.0,723.0
7150.0,1663.0,1673.0,1664.0,725.0,713.0,712.0
7082.0,1663.0,1641.0,1659.0,705.0,704.0,710.0
7044.0,1665.0,1618.0,1663.0,696.0,702.0,700.0
6990.0,1626.0,1633.0,1630.0,696.0,702.0,703.0
6987.0,1653.0,1615.0,1643.0,695.0,694.0,687.0
6994.0,1604.0,1642.0,1647.0,698.0,704.0,699.0
7021.0,1616.0,1663.0,1632.0,698.0,701.0,711.0
7078.0,1649.0,1664.0,1639.0,712.0,702.0,712.0
7185.0,1653.0,1711.0,1663.0,718.0,712.0,728.0
7237.0,1693.0,1696.0,1668.0,718.0,737.0,725.0
7242.0,1706.0,1680.0,1674.0,724.0,731.0,727.0
7334.0,1716.0,1704.0,1687.0,731.0,737.0,759.0
7227.0,1667.0,1674.0,1673.0,734.0,735.0,744.0
7203.0,1648.0,1690.0,1671.0,742.0,733.0,719.0
7118.0,1632.0,1664.0,1661.0,711.0,715.0,735.0
7190.0,1710.0,1688.0,1654.0,708.0,713.0,717.0
7072.0,1674.0,1661.0,1645.0,696.0,697.0,699.0
7045.0,1677.0,1652.0,1637.0,692.0,699.0,688.0
7000.0,1624.0,1637.0,1642.0,692.0,696.0,709.0
7059.0,1644.0,1674.0,1644.0,702.0,701.0,694.0
6998.0,1628.0,1637.0,1635.0,697.0,712.0,689.0
7143.0,1649.0,1683.0,1677.0,720.0,708.0,706.0
7187.0,1719.0,1621.0,1676.0,730.0,721.0,720.0
7315.0,1711.0,1697.0,1701.0,748.0,730.0,728.0
7354.0,1716.0,1711.0,1720.0,736.0,748.0,723.0
7343.0,1701.0,1729.0,1702.0,747.0,734.0,730.0
7323.0,1689.0,1730.0,1698.0,744.0,724.0,738.0
7234.0,1668.0,1672.0,1696.0,733.0,733.0,732.0
7183.0,1635.0,1710.0,1667.0,719.0,718.0,734.0
7102.0,1648.0,1659.0,1680.0,693.0,708.0,714.0
7047.0,1665.0,1631.0,1644.0,697.0,697.0,713.0
6996.0,1671.0,1625.0,1616.0,692.0,692.0,700.0
6979.0,1629.0,1646.0,1615.0,695.0,691.0,703.0
7097.0,1670.0,1650.0,1648.0,698.0,719.0,712.0
7115.0,1634.0,1687.0,1656.0,702.0,719.0,717.0
7292.0,1737.0,1707.0,1698.0,722.0,712.0,716.0
7347.0,1704.0,1709.0,1715.0,746.0,735.0,738.0
7386.0,1702.0,1731.0,1747.0,737.0,728.0,741.0
7297.0,1692.0,1692.0,1717.0,742.0,738.0,716.0
7313.0,1687.0,1691.0,1733.0,748.0,732.0,722.0
7214.0,1660.0,1693.0,1695.0,728.0,728.0,710.0
7243.0,1699.0,1680.0,1694.0,724.0,723.0,723.0
7087.0,1644.0,1682.0,1642.0,705.0,704.0,710.0
7098.0,1663.0,1660.0,1662.0,696.0,714.0,703.0
7050.0,1627.0,1673.0,1630.0,712.0,714.0,694.0
7036.0,1639.0,1653.0,1642.0,691.0,715.0,696.0
7043.0,1615.0,1649.0,1638.0,696.0,718.0,727.0
7212.0,1667.0,1680.0,1694.0,709.0,727.0,735.0
7238.0,1692.0,1688.0,1693.0,711.0,720.0,734.0
7338.0,1744.0,1690.0,1717.0,717.0,724.0,746.0
7329.0,1685.0,1724.0,1716.0,727.0,727.0,750.0
7400.0,1741.0,1714.0,1724.0,746.0,737.0,738.0
7289.0,1681.0,1698.0,1701.0,750.0,726.0,733.0
7275.0,1690.0,1691.0,1717.0,729.0,718.0,730.0
7191.0,1641.0,1692.0,1666.0,737.0,723.0,732.0
7162.0,1669.0,1678.0,1650.0,717.0,730.0,718.0
7134.0,1679.0,1664.0,1652.0,716.0,720.0,703.0
7051.0,1679.0,1648.0,1622.0,703.0,712.0,687.0
7031.0,1629.0,1636.0,1634.0,719.0,725.0,688.0
7104.0,1676.0,1647.0,1657.0,708.0,718.0,698.0
7236.0,1691.0,1656.0,1714.0,719.0,730.0,726.0
7381.0,1735.0,1718.0,1719.0,725.0,735.0,749.0
7459.0,1733.0,1767.0,1744.0,725.0,743.0,747.0
7432.0,1755.0,1734.0,1735.0,740.0,740.0,728.0
7421.0,1684.0,1743.0,1758.0,755.0,731.0,750.0
7327.0,1708.0,1716.0,1705.0,731.0,736.0,731.0
7360.0,1723.0,1701.0,1705.0,755.0,737.0,739.0
7246.0,1705.0,1686.0,1682.0,731.0,720.0,722.0
7199.0,1682.0,1683.0,1650.0,747.0,712.0,725.0
7154.0,1684.0,1664.0,1661.0,715.0,704.0,726.0
7076.0,1661.0,1637.0,1651.0,713.0,707.0,707.0
7174.0,1644.0,1703.0,1672.0,726.0,711.0,718.0
7213.0,1679.0,1695.0,1671.0,723.0,722.0,723.0
7326.0,1716.0,1702.0,1720.0,713.0,744.0,731.0
7351.0,1702.0,1711.0,1734.0,731.0,737.0,736.0
7454.0,1778.0,1705.0,1763.0,730.0,736.0,742.0
7419.0,1739.0,1691.0,1761.0,742.0,756.0,730.0
7365.0,1712.0,1707.0,1722.0,730.0,762.0,732.0
7375.0,1720.0,1745.0,1701.0,730.0,746.0,733.0
7321.0,1685.0,1720.0,1711.0,736.0,738.0,731.0
7245.0,1709.0,1714.0,1668.0,723.0,718.0,713.0
7202.0,1685.0,1688.0,1677.0,723.0,711.0,718.0
7186.0,1679.0,1693.0,1656.0,723.0,716.0,719.0
7139.0,1669.0,1647.0,1676.0,730.0,695.0,722.0
7143.0,1657.0,1666.0,1669.0,717.0,710.0,724.0
7131.0,1667.0,1664.0,1655.0,711.0,717.0,717.0
7318.0,1722.0,1708.0,1717.0,723.0,712.0,736.0
7370.0,1744.0,1702.0,1720.0,737.0,731.0,736.0
7463.0,1755.0,1775.0,1720.0,732.0,739.0,742.0
7472.0,1756.0,1765.0,1719.0,740.0,741.0,751.0
7419.0,1685.0,1777.0,1724.0,734.0,747.0,752.0
7437.0,1725.0,1747.0,1749.0,740.0,744.0,732.0
7266.0,1745.0,1686.0,1640.0,718.0,728.0,749.0
7243.0,1687.0,1690.0,1676.0,731.0,731.0,728.0
7307.0,1741.0,1673.0,1708.0,733.0,729.0,723.0
7154.0,1653.0,1676.0,1655.0,719.0,733.0,718.0
7192.0,1655.0,1672.0,1697.0,733.0,727.0,708.0
7231.0,1675.0,1715.0,1662.0,743.0,717.0,719.0
7288.0,1667.0,1700.0,1710.0,746.0,747.0,718.0
7328.0,1692.0,1724.0,1714.0,747.0,725.0,726.0
7430.0,1742.0,1751.0,1739.0,747.0,724.0,727.0
7457.0,1762.0,1725.0,1747.0,761.0,729.0,733.0
7462.0,1761.0,1704.0,1770.0,729.0,748.0,750.0
7428.0,1724.0,1764.0,1725.0,745.0,725.0,745.0
7325.0,1678.0,1731.0,1703.0,733.0,743.0,737.0
7337.0,1722.0,1692.0,1711.0,734.0,728.0,750.0
7371.0,1733.0,1723.0,1695.0,729.0,739.0,752.0
7265.0,1695.0,1704.0,1697.0,717.0,716.0,736.0
7206.0,1703.0,1691.0,1669.0,720.0,711.0,712.0
7209.0,1648.0,1681.0,1689.0,736.0,730.0,725.0
7219.0,1652.0,1684.0,1703.0,727.0,723.0,730.0
7265.0,1661.0,1702.0,1698.0,741.0,727.0,736.0
7344.0,1718.0,1695.0,1719.0,740.0,741.0,731.0
7397.0,1726.0,1723.0,1741.0,735.0,738.0,734.0
7508.0,1791.0,1752.0,1710.0,759.0,755.0,741.0
7516.0,1763.0,1770.0,1739.0,751.0,743.0,750.0
7482.0,1738.0,1752.0,1759.0,745.0,737.0,751.0
7437.0,1733.0,1740.0,1760.0,743.0,724.0,737.0
7385.0,1741.0,1732.0,1717.0,733.0,736.0,726.0
7292.0,1722.0,1688.0,1710.0,724.0,727.0,721.0
7217.0,1696.0,1651.0,1690.0,715.0,723.0,742.0
7234.0,1696.0,1671.0,1717.0,725.0,706.0,719.0
7236.0,1669.0,1686.0,1716.0,725.0,714.0,726.0
7283.0,1683.0,1689.0,1714.0,736.0,731.0,730.0
7289.0,1684.0,1696.0,1717.0,724.0,735.0,733.0
7359.0,1720.0,1683.0,1717.0,744.0,752.0,743.0
7512.0,1767.0,1752.0,1763.0,743.0,750.0,737.0
7541.0,1752.0,1763.0,1757.0,760.0,761.0,748.0
7497.0,1756.0,1727.0,1745.0,759.0,754.0,756.0
7495.0,1738.0,1769.0,1746.0,745.0,756.0,741.0
7489.0,1718.0,1744.0,1771.0,751.0,755.0,750.0
7445.0,1770.0,1721.0,1735.0,739.0,740.0,740.0
7409.0,1743.0,1731.0,1746.0,727.0,722.0,740.0
7303.0,1705.0,1695.0,1735.0,714.0,725.0,729.0
7270.0,1694.0,1719.0,1694.0,719.0,717.0,727.0
7268.0,1691.0,1707.0,1696.0,722.0,715.0,737.0
7239.0,1700.0,1710.0,1663.0,727.0,711.0,728.0
7357.0,1694.0,1760.0,1722.0,733.0,709.0,739.0
7414.0,1739.0,1729.0,1707.0,761.0,746.0,732.0
7387.0,1728.0,1703.0,1728.0,749.0,743.0,736.0
7532.0,1783.0,1736.0,1749.0,758.0,755.0,751.0
7609.0,1793.0,1774.0,1761.0,765.0,764.0,752.0
7546.0,1752.0,1738.0,1764.0,765.0,758.0,769.0
7489.0,1721.0,1746.0,1780.0,756.0,750.0,736.0
7521.0,1749.0,1739.0,1783.0,749.0,745.0,756.0
7396.0,1711.0,1729.0,1729.0,733.0,754.0,740.0
7365.0,1721.0,1731.0,1725.0,707.0,735.0,746.0
7316.0,1720.0,1702.0,1717.0,714.0,733.0,730.0
7251.0,1675.0,1683.0,1712.0,721.0,721.0,739.0
7303.0,1732.0,1692.0,1689.0,717.0,735.0,738.0
7321.0,1699.0,1731.0,1690.0,735.0,738.0,728.0
7345.0,1696.0,1709.0,1722.0,762.0,724.0,732.0
7484.0,1782.0,1762.0,1711.0,752.0,739.0,738.0
7564.0,1783.0,1785.0,1744.0,756.0,758.0,738.0
7581.0,1770.0,1776.0,1768.0,766.0,752.0,749.0
7589.0,1762.0,1759.0,1795.0,765.0,754.0,754.0
7575.0,1749.0,1769.0,1799.0,756.0,756.0,746.0
7445.0,1730.0,1724.0,1766.0,741.0,745.0,739.0
7448.0,1749.0,1732.0,1758.0,738.0,740.0,731.0
7363.0,1735.0,1720.0,1695.0,727.0,750.0,736.0
7278.0,1729.0,1689.0,1683.0,730.0,725.0,722.0
7270.0,1691.0,1716.0,1681.0,706.0,739.0,737.0
7287.0,1686.0,1721.0,1695.0,710.0,739.0,736.0
7369.0,1717.0,1732.0,1698.0,743.0,742.0,737.0
7445.0,1751.0,1734.0,1709.0,740.0,748.0,763.0
7457.0,1770.0,1725.0,1684.0,756.0,762.0,760.0
7552.0,1788.0,1713.0,1775.0,749.0,764.0,763.0
7580.0,1795.0,1728.0,1774.0,767.0,750.0,766.0
7584.0,1741.0,1751.0,1809.0,762.0,756.0,765.0
7590.0,1726.0,1778.0,1795.0,775.0,759.0,757.0
7557.0,1757.0,1741.0,1785.0,766.0,749.0,759.0
7433.0,1749.0,1749.0,1692.0,753.0,744.0,746.0
7388.0,1725.0,1741.0,1719.0,731.0,728.0,744.0
7305.0,1716.0,1709.0,1696.0,738.0,728.0,718.0
7236.0,1690.0,1675.0,1690.0,717.0,739.0,725.0
7265.0,1686.0,1686.0,1703.0,724.0,746.0,720.0
7381.0,1732.0,1711.0,1719.0,737.0,741.0,741.0
7431.0,1745.0,1731.0,1732.0,733.0,754.0,736.0
7581.0,1756.0,1786.0,1762.0,759.0,765.0,753.0
7683.0,1803.0,1824.0,1766.0,771.0,761.0,758.0
7722.0,1795.0,1830.0,1802.0,769.0,768.0,758.0
7638.0,1765.0,1791.0,1785.0,775.0,764.0,758.0
7635.0,1749.0,1811.0,1776.0,773.0,754.0,772.0
7525.0,1756.0,1732.0,1761.0,774.0,748.0,754.0
7430.0,1762.0,1732.0,1692.0,754.0,742.0,748.0
7385.0,1740.0,1716.0,1705.0,743.0,736.0,745.0
7326.0,1717.0,1699.0,1689.0,736.0,737.0,748.0
7288.0,1703.0,1705.0,1674.0,740.0,733.0,733.0
7329.0,1720.0,1727.0,1699.0,724.0,729.0,730.0
7476.0,1735.0,1766.0,1762.0,738.0,737.0,738.0
7469.0,1739.0,1767.0,1732.0,734.0,750.0,747.0
7652.0,1833.0,1783.0,1759.0,760.0,761.0,756.0
7708.0,1841.0,1796.0,1788.0,757.0,771.0,755.0
7601.0,1773.0,1743.0,1788.0,767.0,765.0,765.0
7636.0,1789.0,1764.0,1776.0,769.0,773.0,765.0
7559.0,1737.0,1756.0,1773.0,756.0,771.0,766.0
7510.0,1754.0,1726.0,1759.0,754.0,765.0,752.0
7481.0,1785.0,1752.0,1708.0,764.0,746.0,726.0
7445.0,1766.0,1745.0,1678.0,769.0,746.0,741.0
7344.0,1713.0,1722.0,1692.0,736.0,736.0,745.0
7390.0,1722.0,1724.0,1731.0,730.0,741.0,742.0
7353.0,1667.0,1709.0,1740.0,751.0,745.0,741.0
7391.0,1695.0,1714.0,1779.0,731.0,721.0,751.0
7551.0,1757.0,1750.0,1794.0,757.0,737.0,756.0
7564.0,1773.0,1741.0,1777.0,757.0,752.0,764.0
7699.0,1830.0,1755.0,1812.0,762.0,764.0,776.0
7694.0,1799.0,1812.0,1770.0,769.0,771.0,773.0
7696.0,1804.0,1825.0,1792.0,757.0,754.0,764.0
7625.0,1764.0,1795.0,1746.0,789.0,766.0,765.0
7569.0,1763.0,1761.0,1765.0,774.0,756.0,750.0
7448.0,1761.0,1711.0,1727.0,747.0,758.0,744.0
7460.0,1789.0,1709.0,1701.0,765.0,757.0,739.0
7441.0,1767.0,1726.0,1703.0,755.0,752.0,738.0
7373.0,1699.0,1706.0,1742.0,739.0,754.0,733.0
7433.0,1708.0,1749.0,1752.0,735.0,756.0,733.0
7488.0,1761.0,1740.0,1762.0,743.0,747.0,735.0
7517.0,1736.0,1759.0,1791.0,745.0,737.0,749.0
7680.0,1828.0,1762.0,1812.0,762.0,755.0,761.0
7646.0,1818.0,1758.0,1780.0,759.0,763.0,768.0
7569.0,1784.0,1748.0,1758.0,762.0,769.0,748.0
7568.0,1743.0,1750.0,1795.0,767.0,748.0,765.0
7633.0,1771.0,1796.0,1760.0,769.0,752.0,785.0
7588.0,1795.0,1768.0,1739.0,768.0,751.0,767.0
7517.0,1769.0,1746.0,1748.0,751.0,745.0,758.0
7531.0,1768.0,1744.0,1761.0,757.0,739.0,762.0
7475.0,1756.0,1768.0,1714.0,739.0,744.0,754.0
7523.0,1726.0,1769.0,1775.0,756.0,754.0,743.0
7497.0,1726.0,1732.0,1772.0,758.0,756.0,753.0
7495.0,1723.0,1742.0,1766.0,768.0,752.0,744.0
7546.0,1757.0,1738.0,1770.0,753.0,761.0,767.0
7612.0,1784.0,1760.0,1768.0,766.0,775.0,759.0
7699.0,1803.0,1796.0,1794.0,770.0,774.0,762.0
7676.0,1804.0,1796.0,1766.0,763.0,775.0,772.0
7677.0,1798.0,1802.0,1753.0,769.0,778.0,777.0
7638.0,1770.0,1789.0,1791.0,761.0,768.0,759.0
7601.0,1743.0,1770.0,1796.0,756.0,773.0,763.0
7565.0,1751.0,1802.0,1749.0,754.0,755.0,754.0
7491.0,1762.0,1736.0,1755.0,751.0,741.0,746.0
7484.0,1762.0,1721.0,1768.0,751.0,737.0,745.0
7509.0,1732.0,1744.0,1775.0,750.0,753.0,755.0
7482.0,1735.0,1755.0,1748.0,756.0,739.0,749.0
7496.0,1714.0,1739.0,1764.0,756.0,757.0,766.0
7682.0,1792.0,1792.0,1785.0,765.0,774.0,774.0
7706.0,1796.0,1849.0,1744.0,766.0,775.0,776.0
7788.0,1806.0,1852.0,1798.0,765.0,779.0,788.0
7739.0,1816.0,1816.0,1784.0,766.0,776.0,781.0
7792.0,1805.0,1833.0,1798.0,789.0,782.0,785.0
7691.0,1778.0,1778.0,1808.0,761.0,786.0,780.0
7642.0,1789.0,1766.0,1785.0,769.0,771.0,762.0
7522.0,1747.0,1759.0,1761.0,748.0,766.0,741.0
7521.0,1768.0,1727.0,1764.0,748.0,764.0,750.0
7491.0,1772.0,1720.0,1776.0,748.0,739.0,736.0
7503.0,1751.0,1749.0,1759.0,755.0,746.0,743.0
7515.0,1728.0,1786.0,1744.0,751.0,762.0,744.0
7534.0,1754.0,1791.0,1737.0,764.0,743.0,745.0
7677.0,1810.0,1792.0,1770.0,774.0,763.0,768.0
7661.0,1792.0,1787.0,1777.0,785.0,769.0,751.0
7767.0,1835.0,1804.0,1808.0,773.0,773.0,774.0
7758.0,1823.0,1796.0,1801.0,778.0,778.0,782.0
7745.0,1815.0,1799.0,1826.0,755.0,773.0,777.0
7737.0,1768.0,1789.0,1838.0,768.0,790.0,784.0
7700.0,1809.0,1784.0,1789.0,756.0,784.0,778.0
7685.0,1801.0,1782.0,1812.0,760.0,766.0,764.0
7641.0,1819.0,1789.0,1756.0,745.0,766.0,766.0
7574.0,1764.0,1768.0,1769.0,757.0,764.0,752.0
7460.0,1732.0,1759.0,1717.0,750.0,745.0,757.0
7369.0,1707.0,1687.0,1730.0,748.0,738.0,759.0
7510.0,1747.0,1752.0,1724.0,771.0,754.0,762.0
7596.0,1762.0,1761.0,1775.0,778.0,769.0,751.0
7636.0,1783.0,1749.0,1786.0,786.0,774.0,758.0
7747.0,1820.0,1816.0,1779.0,789.0,769.0,774.0
7825.0,1823.0,1850.0,1829.0,774.0,770.0,779.0
7783.0,1806.0,1834.0,1821.0,779.0,778.0,765.0
7839.0,1840.0,1814.0,1850.0,785.0,777.0,773.0
7687.0,1813.0,1786.0,1800.0,768.0,764.0,756.0
7623.0,1792.0,1772.0,1780.0,757.0,770.0,752.0
7580.0,1796.0,1737.0,1771.0,759.0,762.0,755.0
7490.0,1761.0,1733.0,1736.0,751.0,759.0,750.0
7472.0,1743.0,1736.0,1758.0,746.0,747.0,742.0
7563.0,1756.0,1796.0,1711.0,756.0,774.0,770.0
7646.0,1756.0,1798.0,1799.0,756.0,771.0,766.0
7679.0,1818.0,1784.0,1759.0,781.0,768.0,769.0
7786.0,1837.0,1793.0,1803.0,782.0,782.0,789.0
7866.0,1818.0,1828.0,1851.0,791.0,780.0,798.0
7857.0,1806.0,1818.0,1850.0,803.0,791.0,789.0
7822.0,1819.0,1785.0,1881.0,783.0,775.0,779.0
7797.0,1823.0,1774.0,1851.0,790.0,769.0,790.0
7642.0,1776.0,1766.0,1788.0,778.0,761.0,773.0
7673.0,1779.0,1816.0,1793.0,769.0,755.0,761.0
7735.0,1837.0,1813.0,1797.0,760.0,763.0,765.0
7588.0,1779.0,1799.0,1776.0,761.0,740.0,733.0
7534.0,1752.0,1761.0,1787.0,749.0,749.0,736.0
7555.0,1796.0,1751.0,1761.0,747.0,759.0,741.0
7548.0,1763.0,1756.0,1738.0,765.0,767.0,759.0
7617.0,1778.0,1734.0,1791.0,786.0,790.0,738.0
7800.0,1832.0,1818.0,1821.0,774.0,788.0,767.0
7838.0,1822.0,1839.0,1826.0,798.0,775.0,778.0
7861.0,1813.0,1834.0,1869.0,779.0,787.0,779.0
7882.0,1836.0,1830.0,1837.0,805.0,787.0,787.0
7838.0,1795.0,1854.0,1832.0,792.0,783.0,782.0
7775.0,1811.0,1812.0,1822.0,779.0,774.0,777.0
7690.0,1783.0,1799.0,1790.0,781.0,769.0,768.0
7574.0,1792.0,1741.0,1749.0,764.0,762.0,766.0
7587.0,1759.0,1783.0,1760.0,767.0,749.0,769.0
7534.0,1748.0,1744.0,1769.0,748.0,744.0,781.0
7538.0,1791.0,1723.0,1757.0,749.0,753.0,765.0
7704.0,1788.0,1808.0,1800.0,766.0,760.0,782.0
7774.0,1818.0,1844.0,1809.0,775.0,770.0,758.0
7827.0,1835.0,1829.0,1819.0,783.0,778.0,783.0
7999.0,1850.0,1885.0,1865.0,787.0,817.0,795.0
7953.0,1844.0,1868.0,1862.0,799.0,798.0,782.0
7847.0,1817.0,1836.0,1842.0,794.0,777.0,781.0
7744.0,1818.0,1807.0,1795.0,777.0,781.0,766.0
7782.0,1809.0,1820.0,1810.0,787.0,783.0,773.0
7669.0,1813.0,1796.0,1741.0,774.0,783.0,762.0
7753.0,1851.0,1804.0,1789.0,770.0,766.0,773.0
7654.0,1787.0,1784.0,1796.0,744.0,763.0,780.0
7638.0,1751.0,1790.0,1815.0,765.0,763.0,754.0
7644.0,1791.0,1792.0,1784.0,757.0,762.0,758.0
7697.0,1761.0,1814.0,1807.0,766.0,769.0,780.0
7721.0,1790.0,1792.0,1818.0,772.0,768.0,781.0
7875.0,1873.0,1792.0,1860.0,774.0,781.0,795.0
7943.0,1866.0,1847.0,1860.0,785.0,778.0,807.0
7868.0,1829.0,1821.0,1849.0,800.0,785.0,784.0
7949.0,1835.0,1879.0,1860.0,794.0,780.0,801.0
7891.0,1842.0,1846.0,1833.0,779.0,794.0,797.0
7808.0,1797.0,1827.0,1811.0,789.0,794.0,790.0
7693.0,1817.0,1803.0,1752.0,781.0,775.0,765.0
7758.0,1852.0,1799.0,1808.0,773.0,773.0,753.0
7650.0,1795.0,1775.0,1788.0,772.0,761.0,759.0
7597.0,1749.0,1754.0,1797.0,767.0,770.0,760.0
7617.0,1764.0,1789.0,1781.0,752.0,775.0,756.0
7660.0,1778.0,1792.0,1810.0,755.0,775.0,750.0
7751.0,1806.0,1822.0,1819.0,769.0,772.0,763.0
7959.0,1878.0,1859.0,1839.0,789.0,794.0,800.0
7929.0,1867.0,1886.0,1823.0,769.0,789.0,795.0
7882.0,1855.0,1884.0,1810.0,781.0,772.0,780.0
7910.0,1852.0,1857.0,1832.0,804.0,780.0,785.0
7875.0,1826.0,1836.0,1845.0,804.0,771.0,793.0
7825.0,1787.0,1841.0,1843.0,792.0,765.0,797.0
7740.0,1830.0,1766.0,1797.0,799.0,767.0,781.0
7770.0,1825.0,1806.0,1823.0,773.0,758.0,785.0
7704.0,1804.0,1804.0,1784.0,774.0,753.0,785.0
7694.0,1794.0,1787.0,1793.0,775.0,767.0,778.0
7685.0,1796.0,1781.0,1806.0,760.0,769.0,773.0
7767.0,1818.0,1829.0,1806.0,773.0,776.0,765.0
7781.0,1794.0,1823.0,1825.0,778.0,782.0,779.0
7840.0,1838.0,1840.0,1819.0,774.0,793.0,776.0
7826.0,1851.0,1799.0,1810.0,786.0,795.0,785.0
7927.0,1855.0,1859.0,1827.0,792.0,806.0,788.0
7957.0,1853.0,1877.0,1840.0,786.0,796.0,805.0
7824.0,1800.0,1834.0,1821.0,794.0,792.0,783.0
7863.0,1840.0,1829.0,1834.0,783.0,796.0,781.0
7798.0,1795.0,1863.0,1846.0,773.0,759.0,762.0
7748.0,1801.0,1830.0,1800.0,771.0,772.0,774.0
7697.0,1785.0,1804.0,1806.0,769.0,761.0,772.0
7650.0,1775.0,1801.0,1780.0,773.0,766.0,755.0
7700.0,1788.0,1778.0,1822.0,766.0,769.0,777.0
7696.0,1758.0,1781.0,1829.0,767.0,776.0,785.0
7871.0,1856.0,1844.0,1802.0,790.0,798.0,781.0
7923.0,1843.0,1837.0,1864.0,780.0,795.0,804.0
8006.0,1912.0,1878.0,1828.0,799.0,784.0,805.0
7956.0,1843.0,1873.0,1822.0,793.0,820.0,805.0
7938.0,1868.0,1845.0,1822.0,794.0,799.0,810.0
7958.0,1848.0,1879.0,1841.0,792.0,804.0,794.0
7894.0,1823.0,1849.0,1837.0,801.0,795.0,789.0
7734.0,1799.0,1785.0,1815.0,778.0,787.0,770.0
7789.0,1819.0,1832.0,1827.0,764.0,780.0,767.0
7790.0,1832.0,1815.0,1846.0,771.0,761.0,765.0
7713.0,1806.0,1782.0,1811.0,783.0,768.0,763.0
7728.0,1805.0,1813.0,1811.0,784.0,754.0,761.0
7834.0,1830.0,1847.0,1812.0,788.0,784.0,773.0
7835.0,1842.0,1857.0,1800.0,778.0,779.0,779.0
7860.0,1865.0,1845.0,1814.0,786.0,769.0,781.0
7982.0,1898.0,1866.0,1837.0,785.0,790.0,806.0
7997.0,1889.0,1863.0,1842.0,798.0,798.0,807.0
7984.0,1883.0,1809.0,1898.0,797.0,802.0,795.0
7986.0,1853.0,1848.0,1881.0,803.0,798.0,803.0
7928.0,1848.0,1845.0,1868.0,790.0,798.0,779.0
7853.0,1851.0,1816.0,1845.0,785.0,776.0,780.0
7794.0,1834.0,1828.0,1791.0,780.0,783.0,778.0
7754.0,1795.0,1834.0,1802.0,760.0,777.0,786.0
7728.0,1799.0,1799.0,1776.0,780.0,779.0,795.0
7687.0,1795.0,1775.0,1773.0,786.0,771.0,787.0
7818.0,1832.0,1785.0,1836.0,792.0,789.0,784.0
7875.0,1852.0,1819.0,1820.0,798.0,795.0,791.0
7964.0,1867.0,1870.0,1844.0,795.0,798.0,790.0
8042.0,1893.0,1895.0,1861.0,812.0,789.0,792.0
8029.0,1876.0,1857.0,1902.0,799.0,798.0,797.0
8002.0,1856.0,1881.0,1868.0,799.0,791.0,807.0
7991.0,1863.0,1880.0,1881.0,803.0,781.0,783.0
7925.0,1824.0,1871.0,1873.0,787.0,798.0,772.0
7863.0,1863.0,1824.0,1846.0,776.0,767.0,787.0
7809.0,1833.0,1817.0,1830.0,776.0,783.0,770.0
7742.0,1833.0,1774.0,1805.0,772.0,783.0,775.0
7717.0,1798.0,1768.0,1811.0,787.0,772.0,781.0
7737.0,1787.0,1792.0,1818.0,779.0,786.0,775.0
7819.0,1804.0,1840.0,1820.0,786.0,782.0,787.0
7934.0,1863.0,1866.0,1840.0,789.0,797.0,779.0
8013.0,1847.0,1868.0,1878.0,804.0,802.0,814.0
8076.0,1897.0,1875.0,1874.0,814.0,807.0,809.0
8079.0,1873.0,1891.0,1897.0,812.0,801.0,805.0
8032.0,1858.0,1856.0,1946.0,797.0,777.0,798.0
8054.0,1888.0,1841.0,1910.0,808.0,809.0,798.0
7942.0,1836.0,1857.0,1895.0,778.0,790.0,786.0
7886.0,1837.0,1827.0,1849.0,782.0,793.0,798.0
7786.0,1816.0,1799.0,1832.0,781.0,779.0,779.0
7742.0,1794.0,1839.0,1786.0,777.0,777.0,769.0
7771.0,1810.0,1861.0,1793.0,776.0,776.0,755.0
7772.0,1795.0,1833.0,1804.0,794.0,773.0,773.0
7882.0,1836.0,1849.0,1827.0,795.0,785.0,790.0
7921.0,1859.0,1850.0,1831.0,810.0,784.0,787.0
8082.0,1871.0,1886.0,1912.0,802.0,806.0,805.0
8125.0,1929.0,1837.0,1910.0,820.0,815.0,814.0
8088.0,1911.0,1870.0,1877.0,825.0,814.0,791.0
8144.0,1876.0,1904.0,1914.0,804.0,839.0,807.0
8103.0,1873.0,1895.0,1901.0,806.0,815.0,813.0
8080.0,1885.0,1896.0,1886.0,795.0,803.0,815.0
7947.0,1866.0,1863.0,1837.0,779.0,800.0,802.0
7900.0,1842.0,1845.0,1830.0,781.0,790.0,812.0
7790.0,1841.0,1825.0,1799.0,772.0,778.0,775.0
7777.0,1823.0,1821.0,1809.0,767.0,772.0,785.0
7824.0,1813.0,1818.0,1835.0,786.0,780.0,792.0
7891.0,1848.0,1838.0,1848.0,797.0,777.0,783.0
7997.0,1864.0,1871.0,1872.0,792.0,791.0,807.0
8048.0,1861.0,1909.0,1873.0,809.0,799.0,797.0
8109.0,1891.0,1901.0,1919.0,804.0,798.0,796.0
8110.0,1881.0,1894.0,1898.0,818.0,818.0,801.0
8180.0,1888.0,1920.0,1919.0,816.0,819.0,818.0
8014.0,1861.0,1860.0,1876.0,811.0,818.0,788.0
8027.0,1870.0,1865.0,1870.0,814.0,810.0,798.0
7959.0,1855.0,1878.0,1846.0,779.0,800.0,801.0
7832.0,1841.0,1835.0,1803.0,768.0,792.0,793.0
7818.0,1859.0,1840.0,1785.0,769.0,789.0,776.0
7908.0,1834.0,1884.0,1848.0,772.0,789.0,781.0
7826.0,1813.0,1843.0,1806.0,777.0,797.0,790.0
7930.0,1805.0,1868.0,1883.0,789.0,782.0,803.0
8002.0,1842.0,1890.0,1857.0,797.0,802.0,814.0
8110.0,1875.0,1888.0,1932.0,818.0,791.0,806.0
8105.0,1906.0,1880.0,1896.0,802.0,816.0,805.0
8074.0,1888.0,1843.0,1890.0,819.0,804.0,830.0
8142.0,1908.0,1881.0,1910.0,805.0,816.0,822.0
8087.0,1886.0,1898.0,1865.0,805.0,817.0,816.0
8034.0,1865.0,1893.0,1843.0,814.0,796.0,823.0
7947.0,1852.0,1869.0,1838.0,803.0,797.0,788.0
7925.0,1856.0,1870.0,1838.0,787.0,790.0,784.0
7915.0,1853.0,1832.0,1854.0,780.0,811.0,785.0
7870.0,1833.0,1868.0,1833.0,771.0,787.0,778.0
7858.0,1821.0,1831.0,1856.0,781.0,784.0,785.0
7975.0,1862.0,1827.0,1890.0,792.0,811.0,793.0
7983.0,1864.0,1844.0,1890.0,796.0,806.0,783.0
8064.0,1901.0,1895.0,1834.0,816.0,815.0,803.0
8163.0,1926.0,1921.0,1870.0,827.0,810.0,809.0
8195.0,1918.0,1934.0,1878.0,821.0,818.0,826.0
8204.0,1915.0,1939.0,1885.0,832.0,816.0,817.0
8052.0,1870.0,1858.0,1869.0,821.0,811.0,823.0
8046.0,1857.0,1878.0,1880.0,801.0,809.0,821.0
8060.0,1888.0,1873.0,1878.0,805.0,803.0,813.0
7948.0,1869.0,1853.0,1854.0,792.0,792.0,788.0
7923.0,1866.0,1830.0,1838.0,801.0,784.0,804.0
7899.0,1847.0,1825.0,1873.0,779.0,783.0,792.0
7934.0,1843.0,1846.0,1873.0,778.0,797.0,797.0
8009.0,1828.0,1903.0,1902.0,788.0,803.0,785.0
8041.0,1874.0,1886.0,1867.0,792.0,812.0,810.0
8160.0,1901.0,1897.0,1898.0,830.0,828.0,806.0
8086.0,1917.0,1858.0,1869.0,812.0,820.0,810.0
8160.0,1920.0,1875.0,1892.0,832.0,824.0,817.0
8124.0,1927.0,1883.0,1877.0,816.0,816.0,805.0
8169.0,1923.0,1884.0,1910.0,824.0,819.0,809.0
8062.0,1867.0,1890.0,1868.0,832.0,813.0,792.0
8080.0,1879.0,1886.0,1880.0,827.0,803.0,805.0
7990.0,1861.0,1888.0,1873.0,789.0,784.0,795.0
7969.0,1848.0,1873.0,1880.0,792.0,783.0,793.0
7945.0,1837.0,1855.0,1859.0,796.0,795.0,803.0
7897.0,1808.0,1851.0,1845.0,791.0,792.0,810.0
7983.0,1860.0,1877.0,1875.0,792.0,783.0,796.0
8044.0,1860.0,1872.0,1891.0,792.0,804.0,825.0
8104.0,1912.0,1855.0,1892.0,807.0,821.0,817.0
8182.0,1917.0,1908.0,1875.0,812.0,830.0,840.0
8314.0,1936.0,1933.0,1948.0,833.0,831.0,833.0
8245.0,1919.0,1942.0,1909.0,824.0,827.0,824.0
8159.0,1904.0,1899.0,1877.0,826.0,826.0,827.0
8128.0,1883.0,1900.0,1918.0,812.0,813.0,802.0
8048.0,1858.0,1887.0,1869.0,822.0,806.0,806.0
8005.0,1863.0,1839.0,1889.0,801.0,805.0,808.0
7950.0,1872.0,1826.0,1852.0,805.0,804.0,791.0
7946.0,1837.0,1827.0,1903.0,790.0,792.0,797.0
7997.0,1840.0,1871.0,1889.0,792.0,812.0,793.0
8003.0,1867.0,1861.0,1876.0,805.0,801.0,793.0
8084.0,1925.0,1886.0,1872.0,791.0,805.0,805.0
8138.0,1910.0,1904.0,1887.0,806.0,809.0,822.0
8278.0,1944.0,1969.0,1924.0,821.0,799.0,821.0
8229.0,1920.0,1938.0,1906.0,823.0,824.0,818.0
8216.0,1891.0,1913.0,1948.0,816.0,825.0,823.0
8192.0,1891.0,1904.0,1937.0,819.0,805.0,836.0
8198.0,1887.0,1928.0,1933.0,812.0,826.0,812.0
8116.0,1886.0,1882.0,1892.0,830.0,805.0,821.0
8095.0,1898.0,1907.0,1857.0,807.0,805.0,821.0
8013.0,1868.0,1863.0,1871.0,802.0,808.0,801.0
7949.0,1817.0,1855.0,1872.0,799.0,795.0,811.0
8059.0,1858.0,1872.0,1907.0,801.0,813.0,808.0
8078.0,1877.0,1889.0,1863.0,819.0,823.0,807.0
8076.0,1871.0,1898.0,1869.0,814.0,818.0,806.0
8178.0,1915.0,1894.0,1910.0,823.0,823.0,813.0
8287.0,1934.0,1930.0,1952.0,820.0,838.0,813.0
8302.0,1949.0,1945.0,1925.0,824.0,826.0,833.0
8331.0,1912.0,1967.0,1958.0,825.0,824.0,845.0
8257.0,1919.0,1927.0,1953.0,815.0,836.0,807.0
8135.0,1884.0,1902.0,1906.0,826.0,803.0,814.0
8126.0,1911.0,1908.0,1879.0,810.0,805.0,813.0
8079.0,1895.0,1872.0,1908.0,817.0,810.0,777.0
7981.0,1870.0,1860.0,1856.0,799.0,793.0,803.0
7977.0,1875.0,1833.0,1892.0,796.0,777.0,804.0
7951.0,1871.0,1868.0,1807.0,809.0,800.0,796.0
8097.0,1882.0,1895.0,1882.0,805.0,818.0,815.0
8200.0,1898.0,1917.0,1900.0,834.0,829.0,822.0
8270.0,1949.0,1944.0,1901.0,806.0,831.0,839.0
8387.0,1968.0,1959.0,1967.0,822.0,833.0,838.0
8363.0,1937.0,1952.0,1975.0,822.0,843.0,834.0
8309.0,1925.0,1907.0,2001.0,805.0,831.0,840.0
8189.0,1879.0,1903.0,1937.0,818.0,832.0,820.0
8176.0,1893.0,1902.0,1947.0,811.0,816.0,807.0
8171.0,1928.0,1900.0,1919.0,818.0,806.0,800.0
8003.0,1882.0,1839.0,1875.0,801.0,805.0,801.0
8081.0,1891.0,1907.0,1862.0,823.0,810.0,788.0
7983.0,1867.0,1886.0,1838.0,812.0,801.0,779.0
8054.0,1890.0,1916.0,1856.0,804.0,793.0,795.0
8052.0,1880.0,1893.0,1864.0,809.0,806.0,800.0
8160.0,1874.0,1937.0,1901.0,825.0,806.0,817.0
8246.0,1934.0,1904.0,1941.0,815.0,824.0,828.0
8379.0,1960.0,1957.0,1971.0,833.0,834.0,824.0
8333.0,1959.0,1916.0,1969.0,825.0,836.0,828.0
8332.0,1934.0,1952.0,1952.0,825.0,830.0,839.0
8268.0,1938.0,1930.0,1930.0,809.0,838.0,823.0
8264.0,1915.0,1942.0,1928.0,815.0,829.0,835.0
8209.0,1875.0,1938.0,1927.0,827.0,833.0,809.0
8109.0,1893.0,1915.0,1853.0,821.0,806.0,821.0
8072.0,1898.0,1893.0,1842.0,818.0,794.0,827.0
7967.0,1859.0,1860.0,1841.0,807.0,791.0,809.0
8106.0,1873.0,1882.0,1906.0,821.0,815.0,809.0
8101.0,1887.0,1891.0,1886.0,824.0,798.0,815.0
8172.0,1941.0,1884.0,1909.0,817.0,813.0,808.0
8315.0,1932.0,1927.0,1980.0,831.0,817.0,828.0
8264.0,1940.0,1932.0,1936.0,813.0,820.0,823.0
8390.0,1934.0,1972.0,1973.0,839.0,838.0,834.0
8352.0,1930.0,1957.0,1972.0,838.0,828.0,827.0
8278.0,1933.0,1931.0,1938.0,837.0,822.0,817.0
8184.0,1916.0,1900.0,1897.0,824.0,831.0,816.0
8166.0,1908.0,1914.0,1900.0,818.0,815.0,811.0
8030.0,1891.0,1861.0,1865.0,797.0,810.0,806.0
8062.0,1892.0,1877.0,1851.0,813.0,823.0,806.0
8042.0,1892.0,1842.0,1863.0,814.0,822.0,809.0
8123.0,1893.0,1910.0,1880.0,821.0,810.0,809.0
8213.0,1913.0,1912.0,1908.0,830.0,831.0,819.0
8282.0,1930.0,1957.0,1935.0,825.0,824.0,811.0
8318.0,1954.0,1929.0,1953.0,836.0,809.0,837.0
8443.0,1957.0,1970.0,1990.0,844.0,835.0,847.0
8362.0,1964.0,1938.0,1943.0,839.0,827.0,851.0
8352.0,1971.0,1924.0,1944.0,844.0,822.0,847.0
8294.0,1928.0,1946.0,1921.0,835.0,824.0,840.0
8245.0,1937.0,1942.0,1901.0,817.0,824.0,824.0
8187.0,1924.0,1914.0,1875.0,821.0,828.0,825.0
8204.0,1926.0,1923.0,1900.0,806.0,832.0,817.0
8105.0,1885.0,1886.0,1912.0,805.0,816.0,801.0
8102.0,1864.0,1888.0,1920.0,806.0,825.0,799.0
8130.0,1864.0,1897.0,1919.0,812.0,824.0,814.0
8137.0,1860.0,1922.0,1922.0,812.0,828.0,793.0
8232.0,1943.0,1871.0,1937.0,828.0,836.0,817.0
8302.0,1999.0,1897.0,1912.0,839.0,833.0,822.0
8348.0,1966.0,1915.0,1948.0,860.0,843.0,816.0
8381.0,1952.0,1931.0,1972.0,856.0,842.0,828.0
8427.0,1957.0,1994.0,1943.0,843.0,835.0,855.0
8356.0,1961.0,1956.0,1922.0,838.0,842.0,837.0
8261.0,1931.0,1932.0,1899.0,836.0,823.0,840.0
8273.0,1952.0,1928.0,1917.0,831.0,813.0,832.0
8210.0,1925.0,1905.0,1891.0,825.0,825.0,839.0
8169.0,1915.0,1892.0,1925.0,811.0,801.0,825.0
8075.0,1864.0,1910.0,1885.0,798.0,803.0,815.0
8149.0,1894.0,1885.0,1918.0,820.0,809.0,823.0
8210.0,1887.0,1920.0,1930.0,815.0,836.0,822.0
8296.0,1912.0,1934.0,1964.0,842.0,823.0,821.0
8421.0,1937.0,1987.0,1991.0,842.0,838.0,826.0
8434.0,1988.0,1968.0,1937.0,843.0,845.0,853.0
8427.0,2011.0,1957.0,1945.0,844.0,842.0,828.0
8414.0,1944.0,1962.0,1955.0,855.0,857.0,841.0
8340.0,1935.0,1942.0,1945.0,846.0,846.0,826.0
8329.0,1929.0,1943.0,1940.0,844.0,853.0,820.0
8238.0,1944.0,1937.0,1908.0,813.0,826.0,810.0
8255.0,1948.0,1914.0,1937.0,818.0,827.0,811.0
8160.0,1913.0,1911.0,1911.0,817.0,810.0,798.0
8115.0,1891.0,1908.0,1904.0,799.0,803.0,810.0
8095.0,1854.0,1909.0,1901.0,806.0,802.0,823.0
8288.0,1916.0,1962.0,1945.0,817.0,808.0,840.0
8320.0,1942.0,1933.0,1932.0,835.0,833.0,845.0
8318.0,1937.0,1925.0,1920.0,837.0,832.0,867.0
8407.0,1962.0,1971.0,1953.0,842.0,828.0,851.0
8425.0,1964.0,1965.0,1936.0,864.0,846.0,850.0
8406.0,1954.0,1931.0,1974.0,853.0,846.0,848.0
8424.0,1931.0,1973.0,1961.0,865.0,848.0,846.0
8387.0,1954.0,1962.0,1972.0,846.0,835.0,818.0
8406.0,1925.0,1970.0,1990.0,837.0,856.0,828.0
8289.0,1929.0,1950.0,1932.0,824.0,838.0,816.0
8166.0,1904.0,1915.0,1899.0,823.0,806.0,819.0
8229.0,1916.0,1915.0,1927.0,822.0,830.0,819.0
8146.0,1889.0,1887.0,1920.0,818.0,822.0,810.0
8203.0,1913.0,1904.0,1913.0,824.0,830.0,819.0
8294.0,1956.0,1946.0,1910.0,826.0,820.0,836.0
8380.0,1977.0,1976.0,1937.0,841.0,823.0,826.0
8506.0,1991.0,1999.0,1969.0,866.0,838.0,843.0
8464.0,1996.0,1990.0,1940.0,862.0,833.0,843.0
8513.0,1974.0,1987.0,1986.0,857.0,856.0,853.0
8438.0,1956.0,1972.0,1966.0,856.0,842.0,846.0
8406.0,1943.0,1931.0,1993.0,846.0,841.0,852.0
8356.0,1950.0,1934.0,1957.0,834.0,835.0,846.0
8287.0,1930.0,1911.0,1954.0,829.0,833.0,830.0
8285.0,1952.0,1908.0,1946.0,821.0,825.0,833.0
8193.0,1913.0,1924.0,1904.0,818.0,817.0,817.0
8262.0,1908.0,1959.0,1912.0,819.0,825.0,839.0
8324.0,1910.0,1969.0,1944.0,830.0,835.0,836.0
8335.0,1945.0,1966.0,1922.0,825.0,835.0,842.0
8462.0,1994.0,1961.0,1990.0,839.0,830.0,848.0
8417.0,1960.0,1931.0,1997.0,841.0,844.0,844.0
8496.0,1983.0,1972.0,2010.0,843.0,852.0,836.0
8444.0,1959.0,1954.0,1982.0,850.0,845.0,854.0
8417.0,1939.0,1975.0,1972.0,853.0,841.0,837.0
8469.0,1964.0,1970.0,2013.0,852.0,840.0,830.0
8339.0,1939.0,1958.0,1945.0,834.0,830.0,833.0
8318.0,1933.0,1944.0,1947.0,846.0,814.0,834.0
8250.0,1951.0,1917.0,1912.0,828.0,814.0,828.0
8229.0,1883.0,1934.0,1921.0,828.0,828.0,835.0
8239.0,1927.0,1913.0,1919.0,820.0,825.0,835.0
8303.0,1945.0,1925.0,1929.0,827.0,836.0,841.0
8337.0,1919.0,1952.0,1958.0,822.0,837.0,849.0
8468.0,1981.0,1976.0,1975.0,837.0,860.0,839.0
8565.0,2009.0,1996.0,1986.0,842.0,871.0,861.0
8621.0,2014.0,1997.0,2035.0,851.0,855.0,869.0
8575.0,1970.0,2016.0,2007.0,854.0,872.0,856.0
8536.0,1962.0,2002.0,1997.0,866.0,862.0,847.0
8455.0,1974.0,1959.0,1976.0,854.0,850.0,842.0
8353.0,1940.0,1956.0,1957.0,835.0,820.0,845.0
8269.0,1961.0,1897.0,1939.0,833.0,832.0,807.0
8296.0,1960.0,1927.0,1925.0,830.0,828.0,826.0
8180.0,1904.0,1878.0,1909.0,847.0,819.0,823.0
8269.0,1923.0,1950.0,1923.0,821.0,837.0,815.0
8362.0,1934.0,1976.0,1965.0,836.0,829.0,822.0
8397.0,1943.0,1959.0,1991.0,824.0,849.0,831.0
8444.0,1994.0,1969.0,1966.0,821.0,852.0,842.0
8538.0,2005.0,1979.0,1983.0,850.0,862.0,859.0
8500.0,1987.0,1961.0,1999.0,841.0,849.0,863.0
8552.0,1978.0,1991.0,2031.0,841.0,865.0,846.0
8511.0,1955.0,2009.0,1985.0,849.0,854.0,859.0
8425.0,1974.0,1959.0,1948.0,845.0,844.0,855.0
8378.0,1971.0,1973.0,1925.0,839.0,824.0,846.0
8386.0,1975.0,1946.0,1942.0,838.0,840.0,845.0
8221.0,1947.0,1900.0,1908.0,825.0,815.0,826.0
8293.0,1933.0,1931.0,1938.0,833.0,833.0,825.0
8289.0,1911.0,1939.0,1925.0,838.0,839.0,837.0
8311.0,1947.0,1923.0,1927.0,842.0,822.0,850.0
8385.0,1958.0,1949.0,1965.0,832.0,851.0,830.0
8556.0,2013.0,1986.0,2008.0,854.0,852.0,843.0
8525.0,2010.0,1977.0,1999.0,849.0,841.0,849.0
8560.0,1996.0,2023.0,2024.0,838.0,843.0,836.0
8562.0,1996.0,2013.0,2004.0,844.0,858.0,847.0
8553.0,2007.0,2014.0,1982.0,850.0,847.0,853.0
8542.0,1988.0,2014.0,1985.0,841.0,858.0,856.0
8384.0,1963.0,1965.0,1930.0,834.0,849.0,843.0
8321.0,1942.0,1919.0,1948.0,832.0,838.0,842.0
8317.0,1924.0,1925.0,1956.0,842.0,838.0,832.0
8333.0,1939.0,1923.0,1978.0,836.0,837.0,820.0
8365.0,1934.0,1941.0,1974.0,835.0,847.0,834.0
8398.0,1910.0,1952.0,1971.0,853.0,859.0,853.0
8508.0,1971.0,1999.0,2005.0,844.0,842.0,847.0
8619.0,2022.0,2039.0,1985.0,858.0,843.0,872.0
8593.0,2021.0,1976.0,2008.0,856.0,860.0,872.0
8643.0,2018.0,2032.0,2008.0,864.0,855.0,866.0
8557.0,1978.0,2029.0,1986.0,856.0,840.0,868.0
8561.0,1993.0,1998.0,2002.0,852.0,852.0,864.0
8462.0,1963.0,1977.0,1986.0,851.0,837.0,848.0
8386.0,1967.0,1946.0,1947.0,855.0,829.0,842.0
8374.0,1992.0,1951.0,1945.0,836.0,823.0,827.0
8335.0,1942.0,1980.0,1926.0,837.0,836.0,814.0
8289.0,1936.0,1941.0,1928.0,835.0,826.0,823.0
8427.0,1933.0,1967.0,2004.0,856.0,832.0,835.0
8488.0,1957.0,1983.0,1998.0,853.0,846.0,851.0
8500.0,2006.0,1969.0,1969.0,856.0,867.0,833.0
8569.0,2010.0,1979.0,2012.0,846.0,865.0,857.0
8625.0,2037.0,1988.0,2004.0,878.0,867.0,851.0
8624.0,2018.0,1995.0,2006.0,869.0,876.0,860.0
8616.0,1972.0,2053.0,1982.0,855.0,878.0,876.0
8626.0,2008.0,2042.0,2000.0,861.0,849.0,866.0
8567.0,1996.0,2025.0,1988.0,845.0,853.0,860.0
8440.0,2003.0,1983.0,1929.0,832.0,848.0,845.0
8379.0,1960.0,1962.0,1964.0,833.0,817.0,843.0
8395.0,1966.0,1961.0,1948.0,844.0,833.0,843.0
8441.0,1981.0,1949.0,2011.0,834.0,831.0,835.0
8447.0,1980.0,1922.0,2007.0,852.0,837.0,849.0
8433.0,1958.0,1963.0,1988.0,860.0,829.0,835.0
8496.0,1992.0,1987.0,1962.0,861.0,841.0,853.0
8545.0,1998.0,1988.0,2002.0,860.0,860.0,837.0
8648.0,2026.0,2032.0,2016.0,874.0,842.0,858.0
8643.0,2011.0,2039.0,1987.0,872.0,878.0,856.0
8655.0,2028.0,2016.0,2000.0,875.0,878.0,858.0
8549.0,1988.0,1991.0,1995.0,861.0,862.0,852.0
8563.0,1987.0,2013.0,1989.0,849.0,874.0,851.0
8480.0,2004.0,1959.0,1978.0,845.0,853.0,841.0
8431.0,1982.0,1955.0,1991.0,837.0,840.0,826.0
8404.0,1986.0,1948.0,1984.0,826.0,819.0,841.0
8401.0,1949.0,1953.0,1980.0,838.0,839.0,842.0
8431.0,1955.0,1993.0,1972.0,839.0,819.0,853.0
8460.0,1943.0,2004.0,1978.0,843.0,837.0,855.0
8528.0,1994.0,1986.0,1979.0,863.0,844.0,862.0
8564.0,2000.0,2002.0,1958.0,877.0,871.0,856.0
8631.0,2022.0,1993.0,2022.0,873.0,859.0,862.0
8650.0,2018.0,1998.0,1998.0,873.0,867.0,896.0
8751.0,2052.0,2030.0,2040.0,878.0,882.0,869.0
8645.0,1982.0,2007.0,2036.0,875.0,867.0,878.0
8626.0,2031.0,2008.0,2018.0,851.0,862.0,856.0
8559.0,2011.0,2013.0,1988.0,844.0,856.0,847.0
8514.0,2000.0,1985.0,1995.0,843.0,838.0,853.0
8401.0,1960.0,1974.0,1972.0,819.0,843.0,833.0
8414.0,1973.0,1971.0,1952.0,834.0,856.0,828.0
8423.0,1989.0,1962.0,1949.0,831.0,853.0,839.0
8503.0,1984.0,1992.0,1987.0,842.0,847.0,851.0
8536.0,2004.0,1985.0,1988.0,863.0,852.0,844.0
8588.0,2030.0,2019.0,1985.0,855.0,846.0,853.0
8723.0,2060.0,2063.0,2000.0,867.0,875.0,858.0
8713.0,2040.0,2022.0,2037.0,882.0,863.0,869.0
8714.0,2017.0,2029.0,2022.0,885.0,871.0,890.0
8684.0,2018.0,2023.0,2039.0,862.0,870.0,872.0
8654.0,1997.0,2014.0,2046.0,868.0,868.0,861.0
8589.0,2017.0,1992.0,2011.0,844.0,864.0,861.0
8530.0,2035.0,1943.0,1998.0,847.0,851.0,856.0
8467.0,1997.0,1959.0,1981.0,843.0,836.0,851.0
8439.0,1959.0,1962.0,1980.0,834.0,853.0,851.0
8435.0,1953.0,1963.0,1978.0,833.0,863.0,845.0
8470.0,1993.0,2000.0,1935.0,846.0,848.0,848.0
8607.0,1989.0,2020.0,2009.0,853.0,867.0,869.0
8706.0,2071.0,2013.0,2018.0,874.0,870.0,860.0
8743.0,2049.0,2042.0,2032.0,863.0,880.0,877.0
8725.0,2049.0,1985.0,2039.0,886.0,879.0,887.0
8718.0,2032.0,2020.0,2064.0,881.0,866.0,855.0
8728.0,2068.0,2028.0,2022.0,881.0,876.0,853.0
8642.0,2008.0,2018.0,2021.0,868.0,864.0,863.0
8563.0,1996.0,1997.0,2022.0,859.0,845.0,844.0
8486.0,1996.0,1976.0,1984.0,854.0,832.0,844.0
8499.0,1998.0,1982.0,1992.0,842.0,838.0,847.0
8437.0,1999.0,1975.0,1948.0,836.0,830.0,849.0
8427.0,1948.0,1951.0,1977.0,843.0,849.0,859.0
8498.0,1972.0,1985.0,1997.0,852.0,845.0,847.0
8578.0,2008.0,2006.0,1987.0,861.0,857.0,859.0
8662.0,2035.0,2001.0,2015.0,851.0,877.0,883.0
8867.0,2082.0,2035.0,2083.0,886.0,885.0,896.0
8830.0,2066.0,2068.0,2039.0,879.0,890.0,888.0
8869.0,2058.0,2082.0,2092.0,877.0,893.0,867.0
8767.0,2011.0,2034.0,2081.0,876.0,876.0,889.0
8698.0,1993.0,2049.0,2050.0,871.0,873.0,862.0
8638.0,2012.0,2008.0,2016.0,873.0,871.0,858.0
8519.0,1997.0,1982.0,1979.0,870.0,860.0,831.0
8511.0,1997.0,2002.0,1983.0,853.0,841.0,835.0
8449.0,1996.0,1964.0,1961.0,853.0,847.0,828.0
8389.0,1930.0,1940.0,1966.0,848.0,863.0,842.0
8607.0,1997.0,2019.0,2012.0,870.0,852.0,857.0
8712.0,2053.0,2026.0,2059.0,853.0,859.0,862.0
8761.0,2027.0,2050.0,2078.0,875.0,865.0,866.0
8793.0,2066.0,2037.0,2087.0,871.0,870.0,862.0
8798.0,2035.0,2055.0,2072.0,879.0,876.0,881.0
8797.0,2025.0,2068.0,2062.0,892.0,875.0,875.0
8787.0,2030.0,2047.0,2068.0,882.0,889.0,871.0
8703.0,2054.0,2012.0,2009.0,873.0,876.0,879.0
8646.0,2047.0,1999.0,2000.0,866.0,867.0,867.0
8590.0,2014.0,2019.0,1988.0,858.0,847.0,864.0
8538.0,2016.0,2016.0,1950.0,852.0,848.0,856.0
8535.0,1932.0,2032.0,1995.0,846.0,865.0,865.0
8546.0,1970.0,2001.0,2000.0,847.0,865.0,863.0
8604.0,1987.0,2014.0,2027.0,876.0,841.0,859.0
8668.0,2032.0,2014.0,2029.0,855.0,870.0,868.0
8747.0,2040.0,2025.0,2057.0,873.0,870.0,882.0
8793.0,2055.0,2034.0,2080.0,874.0,859.0,891.0
8847.0,2049.0,2063.0,2079.0,885.0,882.0,889.0
8823.0,2056.0,2085.0,2060.0,867.0,877.0,878.0
8764.0,2037.0,2055.0,2051.0,872.0,871.0,878.0
8737.0,2021.0,2072.0,2033.0,878.0,864.0,869.0
8646.0,2041.0,2018.0,2002.0,873.0,873.0,839.0
8614.0,2022.0,2036.0,1995.0,860.0,843.0,858.0
8536.0,1994.0,1993.0,1991.0,863.0,850.0,845.0
8536.0,1974.0,1958.0,2007.0,864.0,879.0,854.0
8512.0,1947.0,1950.0,2013.0,868.0,860.0,874.0
8611.0,2003.0,1999.0,2019.0,860.0,863.0,867.0
8748.0,2038.0,2051.0,2058.0,856.0,872.0,873.0
8814.0,2069.0,2038.0,2083.0,862.0,880.0,882.0
8910.0,2122.0,2078.0,2072.0,870.0,891.0,877.0
8846.0,2064.0,2073.0,2061.0,887.0,872.0,889.0
8774.0,2029.0,2068.0,2035.0,877.0,875.0,890.0
8793.0,2068.0,2053.0,2054.0,872.0,867.0,879.0
8682.0,2060.0,2018.0,1989.0,858.0,882.0,875.0
8674.0,2020.0,2022.0,2050.0,854.0,868.0,860.0
8633.0,2027.0,2009.0,2006.0,862.0,864.0,865.0
8504.0,2002.0,1989.0,1973.0,844.0,837.0,859.0
8631.0,2004.0,2040.0,2019.0,873.0,847.0,848.0
8576.0,1982.0,2024.0,2002.0,861.0,866.0,841.0
8660.0,2018.0,2016.0,2038.0,863.0,859.0,866.0
8800.0,2052.0,2066.0,2058.0,879.0,874.0,871.0
8897.0,2103.0,2073.0,2084.0,876.0,886.0,875.0
8879.0,2075.0,2060.0,2082.0,888.0,894.0,880.0
8903.0,2089.0,2095.0,2060.0,884.0,885.0,890.0
8821.0,2076.0,2044.0,2042.0,881.0,890.0,888.0
8816.0,2049.0,2080.0,2049.0,873.0,879.0,886.0
8745.0,2068.0,2036.0,1998.0,877.0,882.0,884.0
8760.0,2047.0,2077.0,2013.0,864.0,878.0,881.0
8698.0,2037.0,2044.0,2007.0,862.0,871.0,877.0
8702.0,2056.0,2029.0,2012.0,859.0,868.0,878.0
8608.0,1988.0,1985.0,2037.0,862.0,850.0,886.0
8649.0,2014.0,1993.0,2037.0,875.0,856.0,874.0
8667.0,1992.0,2003.0,2058.0,875.0,873.0,866.0
8758.0,2052.0,2027.0,2079.0,884.0,849.0,867.0
8845.0,2088.0,2059.0,2056.0,876.0,882.0,884.0
8887.0,2105.0,2098.0,2063.0,869.0,880.0,872.0
8966.0,2106.0,2122.0,2051.0,904.0,895.0,888.0
8928.0,2057.0,2123.0,2064.0,897.0,895.0,892.0
8816.0,2025.0,2088.0,2061.0,873.0,891.0,878.0
8753.0,2045.0,2026.0,2058.0,866.0,885.0,873.0
8713.0,2049.0,2018.0,2031.0,863.0,886.0,866.0
8647.0,2038.0,1977.0,2023.0,872.0,871.0,866.0
8694.0,2070.0,2008.0,2022.0,864.0,872.0,858.0
8683.0,2010.0,2042.0,2034.0,863.0,862.0,872.0
8638.0,1978.0,2040.0,2038.0,861.0,860.0,861.0
8743.0,2006.0,2061.0,2055.0,872.0,872.0,877.0
8817.0,2056.0,2067.0,2035.0,885.0,876.0,898.0
8859.0,2077.0,2063.0,2061.0,888.0,873.0,897.0
8960.0,2118.0,2113.0,2049.0,889.0,888.0,903.0
8984.0,2105.0,2094.0,2082.0,905.0,893.0,905.0
8870.0,2087.0,2057.0,2056.0,877.0,890.0,903.0
8827.0,2072.0,2054.0,2052.0,877.0,882.0,890.0
8782.0,2066.0,2045.0,2052.0,881.0,872.0,866.0
8837.0,2047.0,2066.0,2082.0,871.0,886.0,885.0
8777.0,2073.0,2040.0,2052.0,871.0,871.0,870.0
8689.0,2048.0,2025.0,2030.0,861.0,868.0,857.0
8664.0,1997.0,2063.0,2022.0,859.0,868.0,855.0
8614.0,2012.0,2013.0,2005.0,874.0,862.0,848.0
8735.0,2036.0,2041.0,2025.0,879.0,878.0,876.0
8775.0,2079.0,2016.0,2038.0,888.0,881.0,873.0
8883.0,2093.0,2050.0,2044.0,890.0,903.0,903.0
8952.0,2117.0,2077.0,2089.0,903.0,892.0,874.0
8918.0,2061.0,2118.0,2067.0,904.0,889.0,879.0
8947.0,2070.0,2096.0,2108.0,884.0,890.0,899.0
8978.0,2062.0,2121.0,2119.0,896.0,877.0,903.0
8837.0,2041.0,2070.0,2086.0,874.0,876.0,890.0
8754.0,2053.0,2040.0,2054.0,868.0,867.0,872.0
8761.0,2048.0,2041.0,2057.0,856.0,879.0,880.0
8619.0,2015.0,1986.0,2014.0,876.0,858.0,870.0
8649.0,2028.0,2008.0,2010.0,854.0,876.0,873.0
8668.0,1998.0,2013.0,2032.0,867.0,893.0,865.0
8714.0,2020.0,2049.0,2006.0,879.0,880.0,880.0
8877.0,2080.0,2089.0,2045.0,883.0,892.0,888.0
8936.0,2078.0,2098.0,2083.0,903.0,893.0,881.0
9034.0,2130.0,2122.0,2089.0,892.0,906.0,895.0
8998.0,2108.0,2111.0,2068.0,905.0,907.0,899.0
8975.0,2065.0,2071.0,2159.0,907.0,895.0,878.0
8899.0,2039.0,2071.0,2134.0,879.0,898.0,878.0
8868.0,2063.0,2049.0,2091.0,892.0,888.0,885.0
8767.0,2050.0,2029.0,2060.0,873.0,873.0,882.0
8742.0,2036.0,2037.0,2059.0,864.0,872.0,874.0
8728.0,2018.0,2053.0,2068.0,859.0,861.0,869.0
8690.0,2014.0,2010.0,2035.0,881.0,866.0,884.0
8677.0,2010.0,2056.0,2011.0,863.0,863.0,874.0
8765.0,2035.0,2070.0,2032.0,869.0,874.0,885.0
8853.0,2047.0,2066.0,2069.0,879.0,885.0,907.0
8885.0,2087.0,2046.0,2038.0,906.0,895.0,913.0
9003.0,2103.0,2105.0,2097.0,893.0,896.0,909.0
9034.0,2092.0,2098.0,2120.0,902.0,902.0,920.0
9095.0,2111.0,2128.0,2130.0,908.0,904.0,914.0
8995.0,2077.0,2095.0,2100.0,901.0,925.0,897.0
9018.0,2108.0,2122.0,2081.0,903.0,906.0,898.0
8855.0,2083.0,2059.0,2071.0,881.0,889.0,872.0
8804.0,2069.0,2069.0,2030.0,874.0,884.0,878.0
8682.0,2073.0,2002.0,2019.0,865.0,868.0,855.0
8733.0,2055.0,2034.0,2036.0,870.0,872.0,866.0
8665.0,1995.0,2037.0,2038.0,870.0,858.0,867.0
8692.0,2026.0,2035.0,2027.0,869.0,867.0,868.0
8869.0,2068.0,2093.0,2065.0,887.0,880.0,876.0
8982.0,2108.0,2098.0,2110.0,885.0,886.0,895.0
9056.0,2121.0,2108.0,2116.0,913.0,895.0,903.0
9077.0,2087.0,2127.0,2141.0,918.0,904.0,900.0
9040.0,2100.0,2113.0,2117.0,903.0,894.0,913.0
9026.0,2086.0,2125.0,2090.0,906.0,902.0,917.0
8940.0,2057.0,2099.0,2083.0,904.0,901.0,896.0
8835.0,2054.0,2072.0,2026.0,892.0,899.0,892.0
8784.0,2078.0,2027.0,2022.0,894.0,873.0,890.0
8772.0,2048.0,2040.0,2032.0,863.0,892.0,897.0
8725.0,2049.0,2025.0,2035.0,859.0,876.0,881.0
8781.0,2049.0,2043.0,2048.0,867.0,892.0,882.0
8870.0,2054.0,2089.0,2090.0,857.0,897.0,883.0
8924.0,2055.0,2089.0,2106.0,891.0,887.0,896.0
8954.0,2091.0,2047.0,2134.0,884.0,901.0,897.0
9006.0,2091.0,2108.0,2115.0,896.0,902.0,894.0
9025.0,2107.0,2107.0,2110.0,913.0,899.0,889.0
9002.0,2084.0,2118.0,2097.0,912.0,888.0,903.0
9020.0,2111.0,2107.0,2106.0,916.0,891.0,889.0
8893.0,2091.0,2069.0,2058.0,899.0,886.0,890.0
8920.0,2077.0,2107.0,2083.0,887.0,880.0,886.0
8840.0,2053.0,2084.0,2036.0,908.0,881.0,878.0
8841.0,2096.0,2078.0,2024.0,868.0,889.0,886.0
8757.0,2026.0,2045.0,2052.0,869.0,889.0,876.0
8754.0,2002.0,2024.0,2080.0,888.0,878.0,882.0
8809.0,2040.0,2063.0,2051.0,875.0,889.0,891.0
8925.0,2060.0,2084.0,2102.0,878.0,899.0,902.0
9092.0,2130.0,2108.0,2146.0,895.0,906.0,907.0
9041.0,2110.0,2120.0,2119.0,899.0,889.0,904.0
9130.0,2133.0,2133.0,2124.0,910.0,925.0,905.0
9078.0,2134.0,2100.0,2123.0,919.0,906.0,896.0
8969.0,2075.0,2097.0,2094.0,907.0,900.0,896.0
8980.0,2085.0,2090.0,2096.0,909.0,904.0,896.0
8870.0,2119.0,2018.0,2060.0,900.0,886.0,887.0
8790.0,2077.0,2018.0,2050.0,902.0,866.0,877.0
8778.0,2063.0,2038.0,2051.0,887.0,860.0,879.0
8816.0,2044.0,2065.0,2056.0,893.0,892.0,866.0
8765.0,2029.0,2088.0,2030.0,872.0,873.0,873.0
8844.0,2043.0,2096.0,2068.0,874.0,886.0,877.0
9000.0,2112.0,2121.0,2086.0,888.0,898.0,895.0
9092.0,2141.0,2139.0,2110.0,898.0,920.0,884.0
9126.0,2120.0,2160.0,2109.0,898.0,923.0,916.0
9156.0,2166.0,2118.0,2130.0,915.0,919.0,908.0
9072.0,2138.0,2093.0,2104.0,913.0,926.0,898.0
9042.0,2092.0,2105.0,2102.0,911.0,918.0,914.0
8937.0,2063.0,2074.0,2081.0,902.0,900.0,917.0
8968.0,2075.0,2090.0,2110.0,904.0,891.0,898.0
8947.0,2085.0,2104.0,2074.0,886.0,896.0,902.0
8951.0,2068.0,2099.0,2085.0,905.0,890.0,904.0
8918.0,2087.0,2087.0,2079.0,892.0,891.0,882.0
8824.0,2026.0,2068.0,2092.0,881.0,881.0,876.0
8954.0,2063.0,2088.0,2116.0,904.0,890.0,893.0
9035.0,2094.0,2105.0,2150.0,898.0,887.0,901.0
9058.0,2142.0,2110.0,2096.0,900.0,905.0,905.0
9107.0,2141.0,2113.0,2119.0,910.0,912.0,912.0
9111.0,2131.0,2132.0,2103.0,898.0,915.0,932.0
9135.0,2116.0,2146.0,2130.0,917.0,915.0,911.0
9041.0,2095.0,2126.0,2099.0,899.0,915.0,907.0
9066.0,2106.0,2128.0,2130.0,888.0,913.0,901.0
9009.0,2110.0,2133.0,2086.0,899.0,900.0,881.0
8951.0,2080.0,2057.0,2135.0,889.0,901.0,889.0
8928.0,2093.0,2090.0,2095.0,889.0,886.0,875.0
8847.0,2066.0,2032.0,2082.0,887.0,904.0,876.0
8877.0,2053.0,2069.0,2084.0,891.0,889.0,891.0
8920.0,2085.0,2089.0,2058.0,903.0,895.0,890.0
9048.0,2129.0,2125.0,2073.0,904.0,900.0,917.0
9113.0,2118.0,2143.0,2102.0,906.0,918.0,926.0
9126.0,2143.0,2127.0,2128.0,894.0,903.0,931.0
9117.0,2144.0,2134.0,2118.0,907.0,895.0,919.0
9192.0,2155.0,2169.0,2137.0,905.0,904.0,922.0
9058.0,2118.0,2093.0,2131.0,893.0,909.0,914.0
9056.0,2112.0,2114.0,2103.0,922.0,906.0,899.0
9002.0,2142.0,2093.0,2084.0,898.0,883.0,902.0
8966.0,2095.0,2103.0,2088.0,890.0,903.0,887.0
8910.0,2103.0,2094.0,2054.0,889.0,887.0,883.0
8904.0,2056.0,2070.0,2109.0,902.0,890.0,877.0
8901.0,2062.0,2075.0,2077.0,904.0,901.0,882.0
8983.0,2092.0,2111.0,2094.0,901.0,910.0,875.0
9047.0,2096.0,2123.0,2105.0,916.0,907.0,900.0
9094.0,2125.0,2123.0,2126.0,902.0,913.0,905.0
9141.0,2150.0,2118.0,2144.0,910.0,909.0,910.0
9193.0,2173.0,2139.0,2155.0,905.0,906.0,915.0
9119.0,2096.0,2154.0,2151.0,910.0,906.0,902.0
9140.0,2106.0,2133.0,2155.0,907.0,924.0,915.0
9121.0,2129.0,2154.0,2130.0,900.0,900.0,908.0
8987.0,2073.0,2090.0,2112.0,897.0,901.0,914.0
9082.0,2142.0,2120.0,2118.0,899.0,887.0,916.0
8947.0,2095.0,2065.0,2104.0,889.0,885.0,909.0
8888.0,2110.0,2077.0,2041.0,886.0,878.0,896.0
8895.0,2050.0,2079.0,2075.0,897.0,895.0,899.0
8954.0,2095.0,2060.0,2090.0,911.0,898.0,900.0
9037.0,2104.0,2120.0,2095.0,910.0,902.0,906.0
9133.0,2149.0,2131.0,2095.0,913.0,926.0,919.0
9228.0,2147.0,2168.0,2169.0,912.0,924.0,908.0
9167.0,2145.0,2142.0,2137.0,917.0,920.0,906.0
9245.0,2105.0,2169.0,2212.0,923.0,919.0,917.0
9110.0,2071.0,2152.0,2141.0,917.0,924.0,905.0
9067.0,2116.0,2104.0,2137.0,903.0,906.0,901.0
9150.0,2159.0,2142.0,2145.0,915.0,884.0,905.0
8969.0,2107.0,2062.0,2115.0,892.0,906.0,887.0
8914.0,2086.0,2074.0,2085.0,895.0,875.0,899.0
8960.0,2092.0,2100.0,2084.0,891.0,891.0,902.0
8950.0,2060.0,2103.0,2107.0,899.0,892.0,889.0
8979.0,2077.0,2105.0,2084.0,901.0,905.0,907.0
9114.0,2102.0,2151.0,2114.0,924.0,902.0,921.0
9166.0,2133.0,2131.0,2156.0,918.0,910.0,918.0
9297.0,2187.0,2123.0,2197.0,930.0,932.0,928.0
9229.0,2144.0,2130.0,2169.0,929.0,936.0,921.0
9196.0,2146.0,2096.0,2173.0,914.0,938.0,929.0
9238.0,2121.0,2179.0,2156.0,925.0,929.0,928.0
9120.0,2108.0,2126.0,2137.0,911.0,922.0,916.0
9093.0,2126.0,2132.0,2095.0,897.0,914.0,929.0
9045.0,2134.0,2121.0,2081.0,897.0,918.0,894.0
8922.0,2081.0,2089.0,2063.0,901.0,893.0,895.0
8910.0,2090.0,2070.0,2089.0,882.0,888.0,891.0
8928.0,2092.0,2058.0,2094.0,884.0,904.0,896.0
8927.0,2087.0,2047.0,2101.0,901.0,899.0,892.0
9072.0,2125.0,2130.0,2102.0,919.0,901.0,895.0
9248.0,2158.0,2151.0,2165.0,934.0,914.0,926.0
9238.0,2174.0,2151.0,2153.0,931.0,919.0,910.0
9325.0,2147.0,2183.0,2188.0,943.0,928.0,936.0
9272.0,2140.0,2171.0,2189.0,929.0,925.0,918.0
9198.0,2143.0,2152.0,2142.0,915.0,923.0,923.0
9136.0,2116.0,2129.0,2135.0,903.0,941.0,912.0
9111.0,2126.0,2125.0,2124.0,905.0,911.0,920.0
9058.0,2125.0,2095.0,2121.0,904.0,897.0,916.0
8951.0,2095.0,2064.0,2075.0,899.0,905.0,913.0
8978.0,2093.0,2107.0,2068.0,886.0,906.0,918.0
8989.0,2108.0,2097.0,2081.0,881.0,911.0,911.0
9050.0,2085.0,2142.0,2100.0,903.0,913.0,907.0
9203.0,2124.0,2162.0,2162.0,918.0,924.0,913.0
9174.0,2161.0,2102.0,2149.0,921.0,925.0,916.0
9272.0,2156.0,2162.0,2171.0,934.0,928.0,921.0
9289.0,2163.0,2142.0,2192.0,940.0,922.0,930.0
9213.0,2129.0,2146.0,2154.0,930.0,927.0,927.0
9218.0,2105.0,2177.0,2152.0,933.0,919.0,932.0
9163.0,2140.0,2147.0,2128.0,911.0,908.0,929.0
9117.0,2149.0,2134.0,2114.0,914.0,903.0,903.0
9061.0,2160.0,2091.0,2093.0,895.0,912.0,910.0
9081.0,2113.0,2151.0,2104.0,906.0,904.0,903.0
9034.0,2111.0,2106.0,2115.0,896.0,899.0,907.0
9051.0,2089.0,2128.0,2132.0,899.0,904.0,899.0
9051.0,2095.0,2111.0,2131.0,894.0,917.0,903.0
9183.0,2152.0,2114.0,2159.0,916.0,914.0,928.0
9217.0,2162.0,2109.0,2174.0,918.0,935.0,919.0
9349.0,2195.0,2170.0,2191.0,938.0,924.0,931.0
9323.0,2184.0,2164.0,2162.0,939.0,931.0,943.0
9339.0,2142.0,2209.0,2166.0,950.0,921.0,951.0
9303.0,2126.0,2208.0,2160.0,926.0,936.0,947.0
9174.0,2122.0,2141.0,2169.0,912.0,896.0,934.0
9124.0,2131.0,2111.0,2130.0,926.0,894.0,932.0
9052.0,2156.0,2088.0,2097.0,912.0,901.0,898.0
9007.0,2119.0,2077.0,2126.0,897.0,897.0,891.0
9089.0,2130.0,2091.0,2150.0,918.0,893.0,907.0
9009.0,2108.0,2093.0,2104.0,904.0,908.0,892.0
9049.0,2108.0,2095.0,2136.0,886.0,913.0,911.0
9162.0,2131.0,2164.0,2134.0,910.0,923.0,900.0
9234.0,2139.0,2150.0,2172.0,928.0,933.0,912.0
9365.0,2211.0,2165.0,2186.0,940.0,934.0,929.0
9376.0,2208.0,2177.0,2183.0,927.0,941.0,940.0
9309.0,2163.0,2142.0,2170.0,933.0,953.0,948.0
9274.0,2182.0,2154.0,2140.0,934.0,946.0,918.0
9245.0,2142.0,2147.0,2168.0,926.0,933.0,929.0
9209.0,2148.0,2142.0,2134.0,932.0,919.0,934.0
9221.0,2164.0,2147.0,2148.0,926.0,923.0,913.0
9133.0,2127.0,2151.0,2154.0,895.0,904.0,902.0
9070.0,2099.0,2128.0,2135.0,905.0,894.0,909.0
9064.0,2098.0,2124.0,2115.0,897.0,906.0,924.0
9118.0,2086.0,2113.0,2164.0,919.0,924.0,912.0
9236.0,2147.0,2156.0,2162.0,910.0,934.0,927.0
9248.0,2179.0,2120.0,2177.0,922.0,920.0,930.0
9347.0,2217.0,2178.0,2166.0,922.0,933.0,931.0
9279.0,2201.0,2161.0,2145.0,926.0,923.0,923.0
9297.0,2157.0,2186.0,2157.0,930.0,944.0,923.0
9340.0,2172.0,2195.0,2173.0,942.0,942.0,916.0
9233.0,2160.0,2151.0,2152.0,941.0,921.0,908.0
9279.0,2181.0,2171.0,2146.0,940.0,926.0,915.0
9159.0,2164.0,2120.0,2122.0,925.0,925.0,903.0
9136.0,2130.0,2093.0,2164.0,925.0,921.0,903.0
9113.0,2135.0,2095.0,2150.0,911.0,915.0,907.0
9053.0,2104.0,2111.0,2121.0,897.0,917.0,903.0
9163.0,2110.0,2147.0,2145.0,906.0,936.0,919.0
9238.0,2159.0,2176.0,2157.0,907.0,921.0,918.0
9360.0,2199.0,2194.0,2173.0,922.0,935.0,937.0
9387.0,2225.0,2199.0,2157.0,923.0,938.0,945.0
9401.0,2195.0,2202.0,2181.0,942.0,929.0,952.0
9375.0,2180.0,2196.0,2188.0,948.0,927.0,936.0
9313.0,2180.0,2158.0,2165.0,949.0,924.0,937.0
9239.0,2159.0,2143.0,2167.0,925.0,925.0,920.0
9249.0,2186.0,2129.0,2156.0,935.0,929.0,914.0
9086.0,2129.0,2065.0,2145.0,932.0,911.0,904.0
9114.0,2116.0,2124.0,2139.0,916.0,909.0,910.0
9162.0,2117.0,2125.0,2147.0,932.0,916.0,925.0
9155.0,2131.0,2169.0,2118.0,911.0,916.0,910.0
9160.0,2129.0,2171.0,2103.0,923.0,924.0,910.0
9258.0,2137.0,2135.0,2183.0,931.0,947.0,925.0
9380.0,2211.0,2181.0,2168.0,935.0,952.0,933.0
9261.0,2187.0,2134.0,2140.0,925.0,938.0,937.0
9450.0,2226.0,2208.0,2198.0,926.0,958.0,934.0
9373.0,2201.0,2168.0,2189.0,927.0,955.0,933.0
9382.0,2192.0,2180.0,2196.0,943.0,921.0,950.0
9388.0,2188.0,2204.0,2185.0,940.0,934.0,937.0
9297.0,2187.0,2164.0,2160.0,926.0,922.0,938.0
9240.0,2175.0,2153.0,2152.0,922.0,916.0,922.0
9149.0,2136.0,2116.0,2145.0,932.0,903.0,917.0
9134.0,2123.0,2145.0,2141.0,910.0,897.0,918.0
9132.0,2122.0,2158.0,2117.0,914.0,913.0,908.0
9183.0,2141.0,2135.0,2137.0,917.0,931.0,922.0
9253.0,2159.0,2145.0,2160.0,938.0,922.0,929.0
9395.0,2187.0,2186.0,2202.0,932.0,945.0,943.0
9467.0,2243.0,2207.0,2205.0,926.0,952.0,934.0
9427.0,2187.0,2229.0,2195.0,936.0,938.0,942.0
9508.0,2212.0,2225.0,2226.0,932.0,959.0,954.0
9451.0,2212.0,2210.0,2239.0,924.0,939.0,927.0
9291.0,2155.0,2182.0,2180.0,928.0,922.0,924.0
9328.0,2197.0,2138.0,2205.0,932.0,940.0,916.0
9132.0,2163.0,2100.0,2142.0,904.0,920.0,903.0
9150.0,2176.0,2108.0,2119.0,914.0,926.0,907.0
9130.0,2125.0,2136.0,2126.0,943.0,903.0,897.0
9188.0,2149.0,2170.0,2110.0,928.0,906.0,925.0
9212.0,2129.0,2163.0,2139.0,938.0,908.0,935.0
9286.0,2149.0,2199.0,2150.0,938.0,913.0,937.0
9447.0,2241.0,2188.0,2202.0,930.0,937.0,949.0
9488.0,2206.0,2192.0,2249.0,944.0,939.0,958.0
9472.0,2192.0,2194.0,2222.0,942.0,954.0,968.0
9496.0,2200.0,2219.0,2240.0,927.0,953.0,957.0
9400.0,2178.0,2184.0,2205.0,934.0,957.0,942.0
9421.0,2195.0,2188.0,2223.0,930.0,954.0,931.0
9305.0,2163.0,2175.0,2153.0,930.0,943.0,941.0
9245.0,2162.0,2164.0,2153.0,921.0,935.0,910.0
9254.0,2173.0,2189.0,2152.0,917.0,926.0,897.0
9198.0,2128.0,2170.0,2116.0,931.0,920.0,933.0
9143.0,2153.0,2108.0,2106.0,936.0,917.0,923.0
9267.0,2167.0,2168.0,2161.0,933.0,933.0,905.0
9398.0,2219.0,2166.0,2203.0,949.0,941.0,920.0
9430.0,2249.0,2161.0,2196.0,957.0,931.0,936.0
9488.0,2213.0,2202.0,2240.0,943.0,952.0,938.0
9529.0,2209.0,2219.0,2247.0,954.0,948.0,952.0
9470.0,2188.0,2228.0,2254.0,934.0,934.0,932.0
9462.0,2186.0,2238.0,2202.0,937.0,949.0,950.0
9340.0,2181.0,2187.0,2174.0,918.0,934.0,946.0
9351.0,2180.0,2177.0,2170.0,937.0,948.0,939.0
9255.0,2159.0,2156.0,2154.0,911.0,932.0,943.0
9228.0,2190.0,2130.0,2128.0,912.0,931.0,937.0
9133.0,2119.0,2122.0,2107.0,926.0,916.0,943.0
9277.0,2130.0,2170.0,2168.0,931.0,941.0,937.0
9375.0,2173.0,2193.0,2172.0,942.0,952.0,943.0
9395.0,2196.0,2217.0,2185.0,929.0,937.0,931.0
9522.0,2215.0,2221.0,2234.0,956.0,953.0,943.0
9610.0,2251.0,2249.0,2258.0,961.0,957.0,934.0
9553.0,2221.0,2253.0,2239.0,957.0,948.0,935.0
9490.0,2240.0,2197.0,2221.0,945.0,942.0,945.0
9400.0,2212.0,2184.0,2194.0,932.0,937.0,941.0
9351.0,2175.0,2204.0,2162.0,933.0,936.0,941.0
9332.0,2205.0,2182.0,2152.0,936.0,928.0,929.0
9319.0,2182.0,2196.0,2159.0,931.0,930.0,921.0
9290.0,2177.0,2184.0,2157.0,924.0,928.0,920.0
9242.0,2172.0,2175.0,2147.0,921.0,905.0,922.0
9280.0,2132.0,2179.0,2189.0,930.0,926.0,924.0
9393.0,2186.0,2173.0,2225.0,945.0,935.0,929.0
9402.0,2190.0,2192.0,2201.0,933.0,953.0,933.0
9539.0,2244.0,2190.0,2247.0,954.0,953.0,951.0
9564.0,2245.0,2191.0,2221.0,962.0,968.0,977.0
9570.0,2222.0,2246.0,2215.0,970.0,958.0,959.0
9511.0,2190.0,2225.0,2224.0,955.0,954.0,963.0
9487.0,2179.0,2244.0,2218.0,944.0,958.0,944.0
9414.0,2205.0,2202.0,2176.0,944.0,937.0,950.0
9341.0,2177.0,2197.0,2170.0,934.0,937.0,926.0
9314.0,2181.0,2165.0,2193.0,923.0,925.0,927.0
9248.0,2174.0,2143.0,2174.0,917.0,915.0,925.0
9200.0,2147.0,2146.0,2185.0,913.0,916.0,893.0
9308.0,2148.0,2171.0,2190.0,930.0,932.0,937.0
9353.0,2181.0,2177.0,2215.0,945.0,920.0,915.0
9500.0,2217.0,2225.0,2221.0,943.0,960.0,934.0
9536.0,2240.0,2233.0,2236.0,941.0,946.0,940.0
9606.0,2257.0,2240.0,2241.0,957.0,956.0,955.0
9645.0,2247.0,2260.0,2235.0,967.0,970.0,966.0
9519.0,2214.0,2227.0,2197.0,959.0,972.0,950.0
9495.0,2211.0,2194.0,2203.0,968.0,955.0,964.0
9444.0,2171.0,2203.0,2215.0,952.0,969.0,934.0
9396.0,2205.0,2156.0,2179.0,943.0,955.0,958.0
9334.0,2188.0,2158.0,2185.0,929.0,942.0,932.0
9291.0,2206.0,2147.0,2152.0,924.0,923.0,939.0
9319.0,2132.0,2191.0,2204.0,923.0,925.0,944.0
9315.0,2139.0,2169.0,2207.0,933.0,930.0,937.0
9432.0,2214.0,2216.0,2184.0,943.0,927.0,948.0
9478.0,2219.0,2212.0,2224.0,947.0,934.0,942.0
9512.0,2259.0,2190.0,2236.0,931.0,947.0,949.0
9465.0,2235.0,2192.0,2195.0,957.0,937.0,949.0
9565.0,2218.0,2215.0,2256.0,969.0,954.0,953.0
9571.0,2238.0,2241.0,2191.0,975.0,958.0,968.0
9548.0,2214.0,2240.0,2237.0,964.0,950.0,943.0
9516.0,2220.0,2273.0,2189.0,952.0,949.0,933.0
9517.0,2232.0,2254.0,2216.0,933.0,937.0,945.0
9420.0,2216.0,2193.0,2190.0,941.0,947.0,933.0
9305.0,2160.0,2184.0,2183.0,909.0,941.0,928.0
9300.0,2160.0,2143.0,2213.0,930.0,934.0,920.0
9290.0,2125.0,2152.0,2206.0,943.0,938.0,926.0
9342.0,2188.0,2151.0,2182.0,925.0,944.0,952.0
9467.0,2203.0,2203.0,2226.0,935.0,955.0,945.0
9513.0,2222.0,2227.0,2199.0,957.0,947.0,961.0
9653.0,2262.0,2268.0,2220.0,962.0,963.0,978.0
9659.0,2232.0,2272.0,2249.0,973.0,966.0,967.0
9604.0,2250.0,2242.0,2222.0,962.0,957.0,971.0
9627.0,2230.0,2240.0,2272.0,963.0,956.0,966.0
9512.0,2251.0,2186.0,2220.0,958.0,944.0,953.0
9453.0,2204.0,2198.0,2231.0,943.0,935.0,942.0
9413.0,2222.0,2170.0,2217.0,952.0,926.0,926.0
9336.0,2187.0,2147.0,2207.0,936.0,923.0,936.0
9326.0,2158.0,2190.0,2188.0,921.0,943.0,926.0
9406.0,2204.0,2207.0,2185.0,927.0,946.0,937.0
9413.0,2163.0,2246.0,2202.0,923.0,947.0,932.0
9486.0,2245.0,2220.0,2193.0,941.0,951.0,936.0
9598.0,2244.0,2253.0,2233.0,948.0,965.0,955.0
9630.0,2276.0,2244.0,2230.0,952.0,965.0,963.0
9670.0,2248.0,2271.0,2263.0,967.0,962.0,959.0
9600.0,2221.0,2251.0,2242.0,968.0,965.0,953.0
9568.0,2208.0,2241.0,2234.0,967.0,962.0,956.0
9540.0,2211.0,2231.0,2246.0,958.0,943.0,951.0
9513.0,2223.0,2210.0,2211.0,961.0,952.0,956.0
9452.0,2239.0,2201.0,2188.0,938.0,944.0,942.0
9368.0,2187.0,2179.0,2192.0,935.0,923.0,952.0
9379.0,2183.0,2183.0,2200.0,935.0,918.0,960.0
9363.0,2171.0,2189.0,2185.0,952.0,919.0,947.0
9413.0,2191.0,2195.0,2190.0,954.0,950.0,933.0
9458.0,2205.0,2201.0,2207.0,942.0,948.0,955.0
9625.0,2233.0,2261.0,2250.0,961.0,964.0,956.0
9701.0,2262.0,2266.0,2281.0,954.0,975.0,963.0
9666.0,2265.0,2239.0,2274.0,966.0,967.0,955.0
9773.0,2290.0,2268.0,2300.0,970.0,978.0,967.0
9731.0,2261.0,2284.0,2282.0,966.0,978.0,960.0
9611.0,2219.0,2252.0,2258.0,963.0,972.0,947.0
9537.0,2202.0,2224.0,2237.0,972.0,957.0,945.0
9456.0,2191.0,2177.0,2207.0,965.0,958.0,958.0
9438.0,2224.0,2178.0,2191.0,957.0,945.0,943.0
9440.0,2207.0,2225.0,2185.0,951.0,934.0,938.0
9375.0,2217.0,2187.0,2156.0,933.0,937.0,945.0
9466.0,2193.0,2210.0,2212.0,950.0,942.0,959.0
9557.0,2237.0,2240.0,2209.0,956.0,947.0,968.0
9637.0,2252.0,2256.0,2264.0,960.0,946.0,959.0
9761.0,2301.0,2296.0,2271.0,957.0,964.0,972.0
9733.0,2286.0,2255.0,2278.0,977.0,955.0,982.0
9691.0,2240.0,2271.0,2260.0,973.0,973.0,974.0
9646.0,2240.0,2244.0,2263.0,963.0,963.0,973.0
9585.0,2215.0,2215.0,2258.0,965.0,962.0,970.0
9507.0,2233.0,2197.0,2219.0,957.0,952.0,949.0
9448.0,2201.0,2202.0,2184.0,958.0,957.0,946.0
9438.0,2214.0,2227.0,2179.0,937.0,946.0,935.0
9439.0,2214.0,2196.0,2196.0,951.0,948.0,934.0
9535.0,2211.0,2280.0,2193.0,956.0,947.0,948.0
9514.0,2184.0,2239.0,2239.0,960.0,935.0,957.0
9591.0,2237.0,2240.0,2245.0,965.0,961.0,943.0
9625.0,2246.0,2258.0,2235.0,965.0,964.0,957.0
9755.0,2301.0,2253.0,2296.0,976.0,957.0,972.0
9775.0,2285.0,2282.0,2296.0,968.0,965.0,979.0
9742.0,2239.0,2275.0,2311.0,970.0,963.0,984.0
9676.0,2227.0,2300.0,2267.0,956.0,963.0,963.0
9646.0,2245.0,2227.0,2286.0,956.0,970.0,962.0
9582.0,2208.0,2246.0,2251.0,950.0,959.0,968.0
9450.0,2236.0,2196.0,2170.0,958.0,940.0,950.0
9446.0,2223.0,2182.0,2200.0,945.0,942.0,954.0
9441.0,2190.0,2208.0,2195.0,949.0,940.0,959.0
9413.0,2191.0,2208.0,2192.0,937.0,938.0,947.0
9492.0,2211.0,2205.0,2204.0,955.0,965.0,952.0
9610.0,2249.0,2231.0,2245.0,965.0,966.0,954.0
9696.0,2253.0,2260.0,2276.0,967.0,988.0,952.0
9794.0,2280.0,2292.0,2291.0,964.0,987.0,980.0
9780.0,2293.0,2284.0,2289.0,976.0,982.0,956.0
9667.0,2218.0,2256.0,2269.0,967.0,981.0,976.0
9667.0,2267.0,2252.0,2233.0,965.0,978.0,972.0
9646.0,2267.0,2246.0,2275.0,953.0,950.0,955.0
9545.0,2274.0,2215.0,2190.0,955.0,954.0,957.0
9470.0,2198.0,2219.0,2212.0,950.0,942.0,949.0
9469.0,2213.0,2208.0,2222.0,954.0,924.0,948.0
9466.0,2194.0,2232.0,2203.0,941.0,943.0,953.0
9531.0,2229.0,2215.0,2231.0,960.0,949.0,947.0
9591.0,2227.0,2226.0,2239.0,978.0,953.0,968.0
9721.0,2266.0,2241.0,2296.0,968.0,972.0,978.0
9774.0,2293.0,2278.0,2270.0,983.0,981.0,969.0
9785.0,2266.0,2278.0,2289.0,990.0,986.0,976.0
9794.0,2294.0,2271.0,2297.0,983.0,977.0,972.0
9779.0,2232.0,2284.0,2312.0,966.0,997.0,988.0
9759.0,2261.0,2278.0,2280.0,973.0,979.0,988.0
9664.0,2254.0,2319.0,2217.0,953.0,945.0,976.0
9589.0,2246.0,2254.0,2226.0,945.0,950.0,968.0
9638.0,2251.0,2278.0,2242.0,956.0,958.0,953.0
9555.0,2242.0,2227.0,2233.0,949.0,952.0,952.0
9479.0,2201.0,2218.0,2215.0,955.0,947.0,943.0
9493.0,2211.0,2191.0,2252.0,947.0,944.0,948.0
9567.0,2247.0,2213.0,2239.0,962.0,960.0,946.0
9659.0,2262.0,2255.0,2252.0,971.0,962.0,957.0
9694.0,2286.0,2245.0,2247.0,991.0,962.0,963.0
9813.0,2301.0,2289.0,2272.0,979.0,990.0,982.0
9767.0,2271.0,2305.0,2227.0,981.0,992.0,991.0
9783.0,2301.0,2292.0,2244.0,976.0,986.0,984.0
9798.0,2254.0,2301.0,2298.0,973.0,984.0,988.0
9704.0,2259.0,2276.0,2246.0,963.0,978.0,982.0
9648.0,2254.0,2234.0,2261.0,954.0,976.0,969.0
9569.0,2247.0,2228.0,2209.0,961.0,960.0,964.0
9519.0,2228.0,2226.0,2234.0,942.0,940.0,949.0
9537.0,2208.0,2220.0,2246.0,952.0,961.0,950.0
9545.0,2230.0,2214.0,2248.0,949.0,957.0,947.0
9709.0,2252.0,2292.0,2261.0,973.0,960.0,971.0
9698.0,2263.0,2255.0,2268.0,969.0,969.0,974.0
9738.0,2267.0,2300.0,2262.0,986.0,964.0,959.0
9855.0,2305.0,2327.0,2264.0,1001.0,974.0,984.0
9865.0,2343.0,2298.0,2287.0,984.0,983.0,970.0
9809.0,2290.0,2310.0,2264.0,1004.0,969.0,972.0
9671.0,2260.0,2261.0,2237.0,979.0,956.0,978.0
9687.0,2247.0,2269.0,2279.0,963.0,966.0,963.0
9711.0,2272.0,2290.0,2263.0,959.0,961.0,966.0
9626.0,2253.0,2244.0,2253.0,957.0,951.0,968.0
9618.0,2266.0,2231.0,2269.0,947.0,955.0,950.0
9655.0,2245.0,2239.0,2282.0,964.0,964.0,961.0
9586.0,2228.0,2239.0,2246.0,951.0,959.0,963.0
9620.0,2234.0,2238.0,2247.0,962.0,962.0,977.0
9729.0,2278.0,2239.0,2269.0,981.0,984.0,978.0
9801.0,2301.0,2280.0,2248.0,987.0,992.0,993.0
9879.0,2307.0,2288.0,2308.0,987.0,991.0,998.0
9873.0,2329.0,2283.0,2292.0,1002.0,974.0,993.0
9880.0,2286.0,2308.0,2285.0,1006.0,989.0,1006.0
9794.0,2264.0,2314.0,2278.0,987.0,967.0,984.0
9736.0,2240.0,2298.0,2272.0,975.0,970.0,981.0
9718.0,2265.0,2283.0,2287.0,972.0,955.0,956.0
9609.0,2242.0,2223.0,2258.0,962.0,967.0,957.0
9573.0,2263.0,2198.0,2243.0,941.0,975.0,953.0
9553.0,2219.0,2229.0,2231.0,965.0,954.0,955.0
9549.0,2211.0,2212.0,2261.0,943.0,966.0,956.0
9610.0,2201.0,2260.0,2275.0,958.0,963.0,953.0
9715.0,2277.0,2282.0,2256.0,956.0,975.0,969.0
9811.0,2298.0,2324.0,2252.0,985.0,975.0,977.0
9885.0,2331.0,2323.0,2265.0,992.0,996.0,978.0
9907.0,2296.0,2322.0,2291.0,997.0,1004.0,997.0
9871.0,2313.0,2279.0,2307.0,989.0,998.0,985.0
9791.0,2294.0,2251.0,2280.0,995.0,997.0,974.0
9805.0,2302.0,2272.0,2281.0,979.0,982.0,989.0
9763.0,2264.0,2264.0,2330.0,976.0,962.0,967.0
9730.0,2289.0,2291.0,2267.0,960.0,953.0,970.0
9602.0,2239.0,2252.0,2245.0,957.0,947.0,962.0
9552.0,2236.0,2230.0,2231.0,949.0,947.0,959.0
9619.0,2228.0,2256.0,2258.0,968.0,947.0,962.0
9685.0,2268.0,2278.0,2255.0,959.0,961.0,964.0
9727.0,2283.0,2260.0,2284.0,963.0,973.0,964.0
9838.0,2344.0,2262.0,2281.0,977.0,989.0,985.0
9878.0,2332.0,2286.0,2314.0,997.0,973.0,976.0
9914.0,2322.0,2321.0,2311.0,1000.0,983.0,977.0
9911.0,2303.0,2297.0,2321.0,1007.0,993.0,990.0
9888.0,2290.0,2295.0,2330.0,998.0,1002.0,973.0
9839.0,2265.0,2315.0,2326.0,993.0,983.0,957.0
9779.0,2261.0,2320.0,2284.0,982.0,971.0,961.0
9728.0,2266.0,2256.0,2277.0,975.0,981.0,973.0
9633.0,2251.0,2259.0,2233.0,956.0,971.0,963.0
9554.0,2233.0,2211.0,2212.0,963.0,974.0,961.0
9599.0,2278.0,2227.0,2208.0,957.0,974.0,955.0
9617.0,2247.0,2227.0,2230.0,963.0,968.0,982.0
9815.0,2278.0,2295.0,2306.0,970.0,980.0,986.0
9931.0,2338.0,2302.0,2317.0,976.0,986.0,1012.0
10033.0,2346.0,2341.0,2372.0,995.0,987.0,992.0
9955.0,2311.0,2351.0,2318.0,989.0,988.0,998.0
9956.0,2322.0,2319.0,2343.0,990.0,993.0,989.0
9959.0,2308.0,2316.0,2346.0,1002.0,997.0,990.0
9800.0,2272.0,2257.0,2320.0,989.0,979.0,983.0
9798.0,2284.0,2291.0,2276.0,984.0,989.0,974.0
9712.0,2298.0,2242.0,2255.0,971.0,967.0,979.0
9674.0,2283.0,2250.0,2228.0,976.0,970.0,967.0
9659.0,2236.0,2255.0,2265.0,967.0,981.0,955.0
9737.0,2266.0,2281.0,2287.0,969.0,974.0,960.0
9700.0,2269.0,2273.0,2244.0,968.0,980.0,966.0
9783.0,2275.0,2311.0,2282.0,974.0,977.0,964.0
9873.0,2317.0,2304.0,2331.0,975.0,974.0,972.0
10033.0,2369.0,2357.0,2342.0,991.0,994.0,980.0
9992.0,2336.0,2317.0,2361.0,989.0,996.0,993.0
9894.0,2276.0,2318.0,2320.0,1001.0,980.0,999.0
9901.0,2276.0,2338.0,2297.0,1002.0,997.0,991.0
9850.0,2320.0,2300.0,2268.0,989.0,985.0,988.0
9826.0,2290.0,2288.0,2301.0,996.0,972.0,979.0
9744.0,2291.0,2280.0,2252.0,968.0,969.0,984.0
9639.0,2254.0,2223.0,2250.0,976.0,961.0,975.0
9757.0,2286.0,2264.0,2286.0,970.0,961.0,990.0
9697.0,2245.0,2231.0,2284.0,982.0,982.0,973.0
9792.0,2257.0,2290.0,2316.0,976.0,976.0,977.0
9813.0,2294.0,2257.0,2290.0,980.0,1002.0,990.0
10002.0,2380.0,2310.0,2299.0,994.0,1015.0,1004.0
9939.0,2343.0,2284.0,2329.0,990.0,999.0,994.0
9962.0,2340.0,2300.0,2334.0,983.0,1011.0,994.0
9979.0,2291.0,2358.0,2337.0,991.0,999.0,1003.0
9907.0,2291.0,2340.0,2307.0,990.0,998.0,981.0
9795.0,2264.0,2285.0,2300.0,986.0,972.0,988.0
9836.0,2318.0,2290.0,2301.0,979.0,975.0,973.0
9710.0,2284.0,2266.0,2231.0,980.0,973.0,976.0
9727.0,2270.0,2289.0,2257.0,977.0,966.0,968.0
9708.0,2264.0,2250.0,2286.0,980.0,953.0,975.0
9730.0,2262.0,2279.0,2287.0,968.0,961.0,973.0
9852.0,2306.0,2311.0,2294.0,982.0,978.0,981.0
9944.0,2302.0,2319.0,2339.0,999.0,983.0,1002.0
10025.0,2354.0,2372.0,2344.0,973.0,989.0,993.0
10001.0,2335.0,2348.0,2338.0,983.0,999.0,998.0
10006.0,2324.0,2319.0,2342.0,1008.0,1002.0,1011.0
9996.0,2308.0,2345.0,2324.0,997.0,1011.0,1011.0
9938.0,2312.0,2310.0,2325.0,996.0,1008.0,987.0
9888.0,2311.0,2284.0,2313.0,989.0,1003.0,988.0
9844.0,2324.0,2320.0,2270.0,964.0,993.0,973.0
9864.0,2316.0,2309.0,2292.0,978.0,992.0,977.0
9745.0,2276.0,2290.0,2248.0,976.0,977.0,978.0
9736.0,2272.0,2292.0,2258.0,990.0,967.0,957.0
9775.0,2281.0,2247.0,2318.0,972.0,987.0,970.0
9786.0,2250.0,2264.0,2308.0,997.0,975.0,992.0
9891.0,2295.0,2289.0,2334.0,1001.0,989.0,983.0
9947.0,2318.0,2323.0,2337.0,1007.0,973.0,989.0
10020.0,2365.0,2340.0,2335.0,982.0,997.0,1001.0
10031.0,2347.0,2361.0,2306.0,1007.0,1005.0,1005.0
10013.0,2315.0,2362.0,2341.0,1004.0,989.0,1002.0
9980.0,2325.0,2330.0,2325.0,997.0,1003.0,1000.0
9883.0,2305.0,2324.0,2282.0,967.0,1003.0,1002.0
9886.0,2328.0,2293.0,2282.0,984.0,996.0,1003.0
9797.0,2305.0,2286.0,2280.0,975.0,971.0,980.0
9807.0,2298.0,2280.0,2289.0,969.0,987.0,984.0
9719.0,2249.0,2249.0,2283.0,981.0,988.0,969.0
9795.0,2275.0,2267.0,2292.0,992.0,992.0,977.0
9784.0,2274.0,2300.0,2260.0,989.0,981.0,980.0
9939.0,2283.0,2354.0,2328.0,995.0,992.0,987.0
10022.0,2313.0,2357.0,2353.0,1002.0,1002.0,995.0
9983.0,2341.0,2342.0,2299.0,1000.0,1006.0,995.0
10109.0,2369.0,2354.0,2372.0,995.0,1011.0,1008.0
9952.0,2299.0,2316.0,2337.0,1001.0,1001.0,998.0
9982.0,2339.0,2341.0,2334.0,981.0,999.0,988.0
9906.0,2314.0,2331.0,2296.0,997.0,984.0,984.0
9874.0,2320.0,2317.0,2298.0,978.0,988.0,973.0
9857.0,2327.0,2290.0,2310.0,974.0,978.0,978.0
9804.0,2284.0,2300.0,2280.0,977.0,988.0,975.0
9820.0,2279.0,2286.0,2308.0,997.0,984.0,966.0
9881.0,2272.0,2334.0,2305.0,990.0,988.0,992.0
9871.0,2279.0,2302.0,2313.0,986.0,997.0,994.0
9944.0,2335.0,2315.0,2296.0,997.0,998.0,1003.0
10032.0,2352.0,2328.0,2334.0,1000.0,1010.0,1008.0
10098.0,2380.0,2323.0,2338.0,1019.0,1023.0,1015.0
10129.0,2376.0,2357.0,2353.0,1012.0,1010.0,1021.0
10093.0,2347.0,2366.0,2344.0,1006.0,1016.0,1014.0
10081.0,2340.0,2350.0,2373.0,1006.0,999.0,1013.0
9979.0,2303.0,2344.0,2361.0,992.0,987.0,992.0
9882.0,2299.0,2317.0,2300.0,990.0,984.0,992.0
9944.0,2343.0,2319.0,2312.0,987.0,992.0,991.0
9806.0,2300.0,2302.0,2275.0,987.0,967.0,975.0
9787.0,2295.0,2282.0,2299.0,977.0,972.0,962.0
9853.0,2299.0,2293.0,2306.0,983.0,997.0,975.0
9886.0,2300.0,2312.0,2318.0,995.0,976.0,985.0
9986.0,2338.0,2334.0,2319.0,995.0,1003.0,997.0
10039.0,2333.0,2350.0,2317.0,1028.0,1008.0,1003.0
10083.0,2348.0,2388.0,2313.0,1008.0,1023.0,1003.0
10144.0,2344.0,2386.0,2376.0,1019.0,1011.0,1008.0
10167.0,2337.0,2374.0,2388.0,1015.0,1032.0,1021.0
10037.0,2284.0,2360.0,2378.0,1004.0,1009.0,1002.0
9982.0,2320.0,2310.0,2352.0,998.0,985.0,1017.0
9897.0,2295.0,2272.0,2358.0,983.0,994.0,995.0
9919.0,2342.0,2297.0,2308.0,989.0,988.0,995.0
9879.0,2320.0,2313.0,2283.0,983.0,981.0,999.0
9876.0,2302.0,2313.0,2292.0,980.0,990.0,999.0
9827.0,2251.0,2336.0,2281.0,986.0,979.0,994.0
9859.0,2292.0,2324.0,2286.0,985.0,984.0,988.0
9992.0,2359.0,2349.0,2313.0,994.0,977.0,1000.0
10041.0,2352.0,2340.0,2325.0,1009.0,1000.0,1015.0
10140.0,2395.0,2345.0,2359.0,1018.0,1012.0,1011.0
10090.0,2353.0,2339.0,2358.0,1019.0,1012.0,1009.0
10150.0,2354.0,2384.0,2359.0,1025.0,1011.0,1017.0
10179.0,2389.0,2390.0,2366.0,1012.0,1010.0,1012.0
10101.0,2345.0,2343.0,2397.0,1005.0,1013.0,998.0
10011.0,2362.0,2303.0,2340.0,1002.0,1020.0,984.0
9955.0,2329.0,2300.0,2336.0,996.0,999.0,995.0
9834.0,2286.0,2315.0,2260.0,985.0,995.0,993.0
9834.0,2272.0,2309.0,2309.0,982.0,994.0,968.0
9899.0,2309.0,2289.0,2317.0,993.0,991.0,1000.0
9879.0,2308.0,2291.0,2314.0,970.0,992.0,1004.0
10010.0,2365.0,2332.0,2318.0,1002.0,992.0,1001.0
10136.0,2365.0,2374.0,2358.0,1014.0,999.0,1026.0
10180.0,2393.0,2376.0,2361.0,1017.0,1013.0,1020.0
10177.0,2367.0,2383.0,2387.0,1020.0,1008.0,1012.0
10226.0,2375.0,2398.0,2376.0,1033.0,1012.0,1032.0
10095.0,2310.0,2382.0,2382.0,1012.0,995.0,1014.0
10063.0,2342.0,2351.0,2372.0,992.0,1005.0,1001.0
9973.0,2323.0,2296.0,2346.0,998.0,1010.0,1000.0
9976.0,2332.0,2319.0,2326.0,992.0,1003.0,1004.0
9866.0,2340.0,2295.0,2297.0,965.0,989.0,980.0
9883.0,2310.0,2290.0,2315.0,979.0,1001.0,988.0
9918.0,2310.0,2328.0,2310.0,979.0,1003.0,988.0
9946.0,2296.0,2327.0,2330.0,989.0,1010.0,994.0
10023.0,2299.0,2373.0,2341.0,1011.0,1005.0,994.0
10159.0,2358.0,2389.0,2368.0,1016.0,1009.0,1019.0
10180.0,2394.0,2363.0,2373.0,1006.0,1022.0,1022.0
10214.0,2363.0,2412.0,2396.0,1001.0,1026.0,1016.0
10145.0,2371.0,2354.0,2373.0,1012.0,1017.0,1018.0
10072.0,2317.0,2366.0,2369.0,1014.0,995.0,1011.0
10096.0,2340.0,2338.0,2395.0,1016.0,1009.0,998.0
10114.0,2374.0,2359.0,2356.0,1011.0,1008.0,1006.0
9988.0,2354.0,2329.0,2297.0,1000.0,1000.0,1008.0
9898.0,2311.0,2337.0,2283.0,981.0,978.0,1008.0
9940.0,2323.0,2354.0,2291.0,989.0,984.0,999.0
9899.0,2301.0,2294.0,2324.0,1000.0,985.0,995.0
9917.0,2307.0,2294.0,2323.0,988.0,1007.0,998.0
10107.0,2368.0,2315.0,2387.0,1008.0,1012.0,1017.0
10174.0,2389.0,2355.0,2389.0,1005.0,1023.0,1013.0
10183.0,2360.0,2388.0,2393.0,1007.0,1032.0,1003.0
10246.0,2381.0,2400.0,2388.0,1022.0,1034.0,1021.0
10276.0,2400.0,2418.0,2389.0,1036.0,1030.0,1003.0
10185.0,2357.0,2391.0,2366.0,1031.0,1033.0,1007.0
10141.0,2391.0,2361.0,2346.0,1017.0,1018.0,1008.0
10058.0,2369.0,2350.0,2311.0,1017.0,1013.0,998.0
9956.0,2361.0,2294.0,2316.0,1003.0,991.0,991.0
9917.0,2307.0,2299.0,2324.0,998.0,993.0,996.0
9908.0,2303.0,2297.0,2320.0,1003.0,983.0,1002.0
9910.0,2335.0,2295.0,2316.0,980.0,994.0,990.0
10100.0,2348.0,2364.0,2381.0,996.0,1004.0,1007.0
10139.0,2360.0,2382.0,2370.0,1004.0,1010.0,1013.0
10165.0,2376.0,2362.0,2368.0,1013.0,1020.0,1026.0
10255.0,2389.0,2415.0,2379.0,1012.0,1020.0,1040.0
10263.0,2394.0,2389.0,2393.0,1027.0,1033.0,1027.0
10240.0,2376.0,2371.0,2390.0,1024.0,1042.0,1037.0
10153.0,2350.0,2369.0,2383.0,1009.0,1020.0,1022.0
10094.0,2343.0,2346.0,2346.0,1012.0,1028.0,1019.0
10112.0,2367.0,2366.0,2341.0,1001.0,1014.0,1023.0
10084.0,2377.0,2327.0,2345.0,1015.0,1016.0,1004.0
9998.0,2345.0,2317.0,2335.0,1000.0,1004.0,997.0
9989.0,2325.0,2330.0,2346.0,997.0,1001.0,990.0
10010.0,2343.0,2350.0,2321.0,999.0,1004.0,993.0
9944.0,2309.0,2307.0,2338.0,998.0,1001.0,991.0
10038.0,2357.0,2328.0,2354.0,1000.0,1004.0,995.0
10161.0,2387.0,2339.0,2381.0,1014.0,1019.0,1021.0
10174.0,2398.0,2333.0,2396.0,1006.0,1024.0,1017.0
10238.0,2390.0,2388.0,2389.0,1023.0,1019.0,1029.0
10255.0,2403.0,2392.0,2384.0,1023.0,1040.0,1013.0
10239.0,2377.0,2403.0,2373.0,1032.0,1025.0,1029.0
10141.0,2361.0,2389.0,2343.0,1012.0,1006.0,1030.0
10158.0,2390.0,2348.0,2376.0,1027.0,1004.0,1013.0
10098.0,2335.0,2329.0,2384.0,1033.0,1008.0,1009.0
10084.0,2343.0,2341.0,2364.0,1013.0,1008.0,1015.0
10029.0,2315.0,2300.0,2371.0,1004.0,1021.0,1018.0
10026.0,2348.0,2331.0,2333.0,1004.0,1006.0,1004.0
10081.0,2335.0,2347.0,2353.0,1011.0,1030.0,1005.0
10179.0,2374.0,2360.0,2390.0,1018.0,1019.0,1018.0
10271.0,2395.0,2402.0,2407.0,1012.0,1039.0,1016.0
10297.0,2437.0,2403.0,2402.0,1023.0,1024.0,1008.0
10338.0,2417.0,2437.0,2414.0,1018.0,1030.0,1022.0
10197.0,2401.0,2378.0,2381.0,1013.0,1004.0,1020.0
10214.0,2378.0,2381.0,2409.0,1014.0,1009.0,1023.0
10135.0,2388.0,2349.0,2367.0,1024.0,1008.0,999.0
10106.0,2377.0,2348.0,2346.0,1017.0,1008.0,1010.0
10114.0,2378.0,2329.0,2377.0,1012.0,1007.0,1011.0
9994.0,2322.0,2327.0,2354.0,996.0,1001.0,994.0
10067.0,2358.0,2360.0,2347.0,997.0,1013.0,992.0
10048.0,2344.0,2345.0,2336.0,1015.0,1007.0,1001.0
10196.0,2358.0,2399.0,2381.0,1031.0,1016.0,1011.0
10200.0,2369.0,2374.0,2360.0,1020.0,1039.0,1038.0
10284.0,2409.0,2385.0,2390.0,1033.0,1032.0,1035.0
10285.0,2404.0,2386.0,2388.0,1032.0,1040.0,1035.0
10240.0,2405.0,2355.0,2376.0,1019.0,1031.0,1054.0
10334.0,2434.0,2392.0,2406.0,1024.0,1033.0,1045.0
10221.0,2384.0,2371.0,2402.0,1013.0,1021.0,1030.0
10244.0,2372.0,2414.0,2391.0,1016.0,1026.0,1025.0
10137.0,2382.0,2341.0,2396.0,1016.0,996.0,1006.0
10090.0,2371.0,2351.0,2365.0,1005.0,991.0,1007.0
10074.0,2335.0,2354.0,2373.0,1009.0,995.0,1008.0
10114.0,2352.0,2372.0,2363.0,1018.0,1009.0,1000.0
10017.0,2327.0,2351.0,2333.0,1008.0,999.0,999.0
10113.0,2351.0,2342.0,2380.0,1027.0,1007.0,1006.0
10175.0,2399.0,2358.0,2364.0,1018.0,1024.0,1012.0
10337.0,2418.0,2407.0,2391.0,1058.0,1020.0,1043.0
10416.0,2451.0,2426.0,2425.0,1040.0,1047.0,1027.0
10363.0,2431.0,2406.0,2404.0,1035.0,1046.0,1041.0
10354.0,2394.0,2464.0,2401.0,1035.0,1033.0,1027.0
10286.0,2376.0,2430.0,2412.0,1013.0,1034.0,1021.0
10265.0,2386.0,2398.0,2397.0,1036.0,1033.0,1015.0
10179.0,2367.0,2362.0,2387.0,1001.0,1042.0,1020.0
10151.0,2390.0,2337.0,2401.0,1005.0,1010.0,1008.0
10163.0,2391.0,2353.0,2379.0,1012.0,1010.0,1018.0
10058.0,2342.0,2343.0,2359.0,993.0,997.0,1024.0
10035.0,2336.0,2365.0,2302.0,1018.0,996.0,1018.0
10162.0,2388.0,2398.0,2342.0,1020.0,1003.0,1011.0
10307.0,2403.0,2416.0,2406.0,1036.0,1013.0,1033.0
10343.0,2430.0,2422.0,2397.0,1040.0,1014.0,1040.0
10435.0,2452.0,2421.0,2441.0,1055.0,1031.0,1035.0
10387.0,2428.0,2387.0,2451.0,1053.0,1041.0,1027.0
10338.0,2439.0,2365.0,2421.0,1040.0,1043.0,1030.0
10390.0,2410.0,2441.0,2437.0,1029.0,1039.0,1034.0
10301.0,2352.0,2396.0,2445.0,1029.0,1057.0,1022.0
10273.0,2407.0,2369.0,2415.0,1019.0,1038.0,1025.0
10250.0,2393.0,2395.0,2405.0,1006.0,1031.0,1020.0
10062.0,2342.0,2365.0,2329.0,1003.0,1021.0,1002.0
10107.0,2375.0,2378.0,2350.0,993.0,1009.0,1002.0
10121.0,2345.0,2366.0,2361.0,1017.0,1019.0,1013.0
10128.0,2350.0,2342.0,2395.0,1020.0,999.0,1022.0
10194.0,2357.0,2359.0,2375.0,1020.0,1038.0,1045.0
10291.0,2423.0,2371.0,2399.0,1033.0,1037.0,1028.0
10384.0,2439.0,2431.0,2407.0,1031.0,1027.0,1049.0
10424.0,2446.0,2419.0,2425.0,1035.0,1048.0,1051.0
10434.0,2420.0,2445.0,2448.0,1047.0,1034.0,1040.0
10427.0,2404.0,2454.0,2465.0,1033.0,1025.0,1046.0
10281.0,2383.0,2414.0,2400.0,1029.0,1027.0,1028.0
10250.0,2391.0,2382.0,2432.0,1013.0,1018.0,1014.0
10177.0,2401.0,2372.0,2370.0,1006.0,1008.0,1020.0
10129.0,2347.0,2349.0,2380.0,1008.0,1026.0,1019.0
10062.0,2350.0,2316.0,2339.0,1000.0,1036.0,1021.0
10111.0,2353.0,2375.0,2344.0,1019.0,1008.0,1012.0
10145.0,2365.0,2366.0,2354.0,1015.0,1030.0,1015.0
10389.0,2409.0,2434.0,2431.0,1038.0,1046.0,1031.0
10426.0,2462.0,2443.0,2411.0,1040.0,1039.0,1031.0
10415.0,2440.0,2431.0,2435.0,1039.0,1042.0,1028.0
10471.0,2432.0,2449.0,2470.0,1043.0,1043.0,1034.0
10385.0,2415.0,2401.0,2430.0,1059.0,1028.0,1052.0
10370.0,2369.0,2436.0,2446.0,1049.0,1023.0,1047.0
10309.0,2424.0,2364.0,2440.0,1014.0,1040.0,1027.0
10250.0,2409.0,2392.0,2394.0,1009.0,1013.0,1033.0
10223.0,2407.0,2383.0,2368.0,1012.0,1022.0,1031.0
10100.0,2384.0,2354.0,2336.0,1015.0,994.0,1017.0
10212.0,2379.0,2417.0,2375.0,993.0,1014.0,1034.0
10143.0,2354.0,2392.0,2360.0,995.0,1012.0,1030.0
10233.0,2387.0,2364.0,2405.0,1016.0,1024.0,1037.0
10354.0,2396.0,2395.0,2453.0,1020.0,1035.0,1055.0
10445.0,2459.0,2413.0,2452.0,1035.0,1045.0,1041.0
10467.0,2433.0,2432.0,2464.0,1050.0,1054.0,1034.0
10489.0,2454.0,2442.0,2453.0,1051.0,1051.0,1038.0
10448.0,2433.0,2415.0,2461.0,1054.0,1050.0,1035.0
10434.0,2429.0,2443.0,2421.0,1047.0,1049.0,1045.0
10345.0,2404.0,2466.0,2377.0,1029.0,1043.0,1026.0
10311.0,2397.0,2425.0,2399.0,1046.0,1022.0,1022.0
10214.0,2394.0,2385.0,2388.0,1023.0,1014.0,1010.0
10153.0,2384.0,2374.0,2375.0,1001.0,1013.0,1006.0
10133.0,2368.0,2343.0,2365.0,1009.0,1016.0,1032.0
10197.0,2347.0,2359.0,2406.0,1021.0,1025.0,1039.0
10231.0,2376.0,2387.0,2385.0,1024.0,1038.0,1021.0
10278.0,2376.0,2405.0,2422.0,1022.0,1027.0,1026.0
10477.0,2433.0,2460.0,2479.0,1032.0,1027.0,1046.0
10513.0,2459.0,2452.0,2477.0,1045.0,1031.0,1049.0
10592.0,2487.0,2480.0,2458.0,1050.0,1050.0,1067.0
10529.0,2462.0,2463.0,2441.0,1058.0,1055.0,1050.0
10475.0,2441.0,2450.0,2437.0,1060.0,1038.0,1049.0
10376.0,2431.0,2384.0,2437.0,1047.0,1042.0,1035.0
10287.0,2413.0,2388.0,2408.0,1020.0,1032.0,1026.0
10217.0,2380.0,2394.0,2342.0,1041.0,1034.0,1026.0
10240.0,2389.0,2401.0,2399.0,1023.0,1020.0,1008.0
10205.0,2370.0,2390.0,2386.0,1022.0,1033.0,1004.0
10225.0,2359.0,2378.0,2424.0,1016.0,1018.0,1030.0
10331.0,2403.0,2445.0,2429.0,1013.0,1027.0,1014.0
10344.0,2412.0,2424.0,2441.0,1027.0,1028.0,1012.0
10435.0,2434.0,2434.0,2439.0,1042.0,1045.0,1041.0
10439.0,2435.0,2450.0,2431.0,1040.0,1036.0,1047.0
10532.0,2482.0,2422.0,2453.0,1063.0,1051.0,1061.0
10536.0,2458.0,2472.0,2457.0,1040.0,1049.0,1060.0
10409.0,2426.0,2427.0,2411.0,1051.0,1041.0,1053.0
10434.0,2427.0,2459.0,2406.0,1052.0,1041.0,1049.0
10366.0,2417.0,2420.0,2430.0,1031.0,1036.0,1032.0
10334.0,2429.0,2411.0,2397.0,1022.0,1040.0,1035.0
10210.0,2401.0,2368.0,2376.0,1016.0,1023.0,1026.0
10234.0,2374.0,2375.0,2394.0,1029.0,1027.0,1035.0
10269.0,2368.0,2398.0,2419.0,1022.0,1036.0,1026.0
10270.0,2368.0,2370.0,2448.0,1025.0,1033.0,1026.0
10395.0,2421.0,2420.0,2410.0,1055.0,1047.0,1042.0
10507.0,2473.0,2437.0,2480.0,1039.0,1040.0,1038.0
10481.0,2442.0,2444.0,2442.0,1052.0,1059.0,1042.0
10508.0,2469.0,2456.0,2437.0,1043.0,1047.0,1056.0
10529.0,2455.0,2477.0,2428.0,1047.0,1062.0,1060.0
10427.0,2420.0,2438.0,2435.0,1058.0,1043.0,1033.0
10386.0,2399.0,2406.0,2437.0,1065.0,1038.0,1041.0
10377.0,2415.0,2431.0,2436.0,1039.0,1030.0,1026.0
10257.0,2413.0,2351.0,2411.0,1026.0,1016.0,1040.0
10277.0,2415.0,2377.0,2400.0,1041.0,1015.0,1029.0
10260.0,2397.0,2373.0,2415.0,1037.0,1019.0,1019.0
10291.0,2379.0,2409.0,2409.0,1034.0,1032.0,1028.0
10337.0,2406.0,2458.0,2373.0,1021.0,1038.0,1041.0
10392.0,2413.0,2445.0,2400.0,1039.0,1049.0,1046.0
10476.0,2458.0,2455.0,2428.0,1035.0,1048.0,1052.0
10579.0,2497.0,2470.0,2435.0,1067.0,1055.0,1055.0
10516.0,2466.0,2453.0,2421.0,1045.0,1063.0,1068.0
10608.0,2451.0,2472.0,2486.0,1060.0,1070.0,1069.0
10488.0,2412.0,2452.0,2470.0,1053.0,1057.0,1044.0
10478.0,2429.0,2448.0,2464.0,1040.0,1050.0,1047.0
10375.0,2440.0,2405.0,2426.0,1035.0,1035.0,1034.0
10411.0,2420.0,2443.0,2447.0,1051.0,1029.0,1021.0
10320.0,2440.0,2403.0,2415.0,1026.0,1010.0,1026.0
10303.0,2405.0,2396.0,2415.0,1032.0,1025.0,1030.0
10283.0,2394.0,2399.0,2407.0,1034.0,1021.0,1028.0
10376.0,2419.0,2425.0,2428.0,1045.0,1032.0,1027.0
10430.0,2456.0,2427.0,2431.0,1047.0,1045.0,1024.0
10502.0,2489.0,2450.0,2437.0,1028.0,1052.0,1046.0
10564.0,2467.0,2468.0,2457.0,1058.0,1057.0,1057.0
10610.0,2465.0,2502.0,2461.0,1054.0,1067.0,1061.0
10568.0,2458.0,2485.0,2465.0,1029.0,1067.0,1064.0
10555.0,2429.0,2491.0,2477.0,1035.0,1069.0,1054.0
10541.0,2473.0,2467.0,2453.0,1053.0,1053.0,1042.0
10413.0,2404.0,2437.0,2432.0,1052.0,1039.0,1049.0
10414.0,2434.0,2408.0,2438.0,1049.0,1044.0,1041.0
10291.0,2391.0,2396.0,2410.0,1038.0,1016.0,1040.0
10325.0,2380.0,2403.0,2405.0,1050.0,1040.0,1047.0
10290.0,2417.0,2402.0,2367.0,1036.0,1020.0,1048.0
10343.0,2409.0,2406.0,2409.0,1048.0,1026.0,1045.0
10457.0,2443.0,2451.0,2434.0,1038.0,1049.0,1042.0
10528.0,2482.0,2479.0,2409.0,1048.0,1052.0,1058.0
10629.0,2480.0,2489.0,2499.0,1060.0,1048.0,1053.0
10669.0,2494.0,2481.0,2505.0,1070.0,1061.0,1058.0
10608.0,2476.0,2478.0,2484.0,1059.0,1064.0,1047.0
10563.0,2449.0,2440.0,2517.0,1051.0,1060.0,1046.0
10488.0,2438.0,2432.0,2475.0,1037.0,1064.0,1042.0
10438.0,2450.0,2439.0,2433.0,1038.0,1048.0,1030.0
10423.0,2458.0,2437.0,2422.0,1033.0,1035.0,1038.0
10403.0,2424.0,2435.0,2420.0,1049.0,1050.0,1025.0
10335.0,2406.0,2439.0,2409.0,1026.0,1028.0,1027.0
10327.0,2380.0,2420.0,2388.0,1040.0,1057.0,1042.0
10394.0,2436.0,2420.0,2397.0,1054.0,1042.0,1045.0
10434.0,2436.0,2414.0,2420.0,1057.0,1057.0,1050.0
10682.0,2500.0,2488.0,2506.0,1059.0,1061.0,1068.0
10675.0,2502.0,2480.0,2507.0,1062.0,1057.0,1067.0
10657.0,2511.0,2466.0,2497.0,1059.0,1061.0,1063.0
10653.0,2477.0,2491.0,2496.0,1052.0,1072.0,1065.0
10557.0,2437.0,2495.0,2475.0,1051.0,1045.0,1054.0
10579.0,2492.0,2455.0,2485.0,1032.0,1045.0,1070.0
10475.0,2476.0,2462.0,2424.0,1043.0,1036.0,1034.0
10461.0,2448.0,2451.0,2442.0,1041.0,1029.0,1050.0
10330.0,2420.0,2391.0,2415.0,1026.0,1038.0,1040.0
10302.0,2393.0,2420.0,2393.0,1031.0,1035.0,1030.0
10346.0,2435.0,2409.0,2405.0,1035.0,1038.0,1024.0
10400.0,2416.0,2421.0,2430.0,1045.0,1055.0,1033.0
10477.0,2461.0,2427.0,2454.0,1046.0,1042.0,1047.0
10737.0,2500.0,2512.0,2516.0,1066.0,1068.0,1075.0
10705.0,2507.0,2488.0,2505.0,1068.0,1074.0,1063.0
10738.0,2504.0,2481.0,2568.0,1069.0,1064.0,1052.0
10618.0,2473.0,2476.0,2471.0,1061.0,1068.0,1069.0
10590.0,2475.0,2482.0,2458.0,1049.0,1056.0,1070.0
10505.0,2477.0,2404.0,2469.0,1050.0,1045.0,1060.0
10508.0,2461.0,2458.0,2440.0,1047.0,1042.0,1060.0
10401.0,2460.0,2379.0,2422.0,1031.0,1050.0,1059.0
10368.0,2432.0,2422.0,2405.0,1038.0,1045.0,1026.0
10345.0,2423.0,2424.0,2398.0,1026.0,1034.0,1040.0
10471.0,2437.0,2477.0,2428.0,1048.0,1039.0,1042.0
10560.0,2435.0,2475.0,2485.0,1056.0,1045.0,1064.0
10557.0,2451.0,2463.0,2499.0,1039.0,1053.0,1052.0
10663.0,2489.0,2478.0,2495.0,1066.0,1073.0,1062.0
10671.0,2488.0,2465.0,2497.0,1082.0,1075.0,1064.0
10723.0,2494.0,2499.0,2508.0,1065.0,1081.0,1076.0
10670.0,2505.0,2486.0,2453.0,1074.0,1079.0,1073.0
10686.0,2498.0,2498.0,2494.0,1071.0,1068.0,1057.0
10544.0,2430.0,2484.0,2454.0,1056.0,1074.0,1046.0
10515.0,2476.0,2487.0,2401.0,1050.0,1054.0,1047.0
10463.0,2459.0,2456.0,2435.0,1035.0,1029.0,1049.0
10356.0,2412.0,2438.0,2407.0,1036.0,1039.0,1024.0
10425.0,2431.0,2455.0,2415.0,1032.0,1043.0,1049.0
10423.0,2426.0,2420.0,2460.0,1037.0,1034.0,1046.0
10550.0,2450.0,2463.0,2473.0,1052.0,1056.0,1056.0
10551.0,2442.0,2442.0,2490.0,1055.0,1058.0,1064.0
10688.0,2491.0,2475.0,2519.0,1062.0,1068.0,1073.0
10722.0,2516.0,2511.0,2490.0,1081.0,1048.0,1076.0
10724.0,2475.0,2505.0,2485.0,1086.0,1083.0,1090.0
10755.0,2515.0,2512.0,2491.0,1085.0,1074.0,1078.0
10636.0,2479.0,2450.0,2501.0,1073.0,1057.0,1076.0
10577.0,2459.0,2460.0,2452.0,1066.0,1067.0,1073.0
10573.0,2492.0,2434.0,2459.0,1059.0,1074.0,1055.0
10545.0,2489.0,2469.0,2441.0,1041.0,1063.0,1042.0
10443.0,2442.0,2427.0,2434.0,1044.0,1058.0,1038.0
10419.0,2416.0,2433.0,2440.0,1044.0,1049.0,1037.0
10464.0,2439.0,2452.0,2437.0,1052.0,1036.0,1048.0
10593.0,2491.0,2455.0,2473.0,1051.0,1066.0,1057.0
10596.0,2477.0,2494.0,2470.0,1058.0,1054.0,1043.0
10696.0,2500.0,2509.0,2502.0,1057.0,1056.0,1072.0
10762.0,2502.0,2517.0,2534.0,1066.0,1062.0,1081.0
10762.0,2528.0,2482.0,2536.0,1084.0,1073.0,1059.0
10672.0,2471.0,2495.0,2494.0,1074.0,1062.0,1076.0
10664.0,2490.0,2475.0,2487.0,1065.0,1063.0,1084.0
10659.0,2484.0,2494.0,2489.0,1060.0,1055.0,1077.0
10588.0,2478.0,2479.0,2440.0,1067.0,1056.0,1068.0
10488.0,2466.0,2446.0,2444.0,1043.0,1047.0,1042.0
10546.0,2491.0,2473.0,2435.0,1040.0,1059.0,1048.0
10461.0,2440.0,2423.0,2449.0,1047.0,1044.0,1058.0
10490.0,2465.0,2446.0,2440.0,1044.0,1050.0,1045.0
10524.0,2455.0,2459.0,2455.0,1050.0,1056.0,1049.0
10610.0,2502.0,2458.0,2474.0,1051.0,1064.0,1061.0
10696.0,2501.0,2461.0,2505.0,1070.0,1084.0,1075.0
10706.0,2534.0,2494.0,2469.0,1068.0,1075.0,1066.0
10751.0,2520.0,2513.0,2478.0,1090.0,1083.0,1067.0
10748.0,2496.0,2543.0,2478.0,1084.0,1079.0,1068.0
10692.0,2461.0,2528.0,2489.0,1073.0,1073.0,1068.0
10676.0,2482.0,2477.0,2496.0,1087.0,1063.0,1071.0
10661.0,2521.0,2487.0,2484.0,1063.0,1046.0,1060.0
10616.0,2507.0,2459.0,2492.0,1060.0,1050.0,1048.0
10511.0,2455.0,2431.0,2481.0,1042.0,1049.0,1053.0
10412.0,2479.0,2395.0,2395.0,1042.0,1050.0,1051.0
10504.0,2442.0,2465.0,2455.0,1040.0,1043.0,1059.0
10555.0,2441.0,2483.0,2449.0,1050.0,1071.0,1061.0
10626.0,2481.0,2512.0,2459.0,1053.0,1065.0,1056.0
10707.0,2524.0,2476.0,2485.0,1068.0,1071.0,1083.0
10817.0,2543.0,2512.0,2511.0,1071.0,1083.0,1097.0
10786.0,2529.0,2524.0,2492.0,1073.0,1090.0,1078.0
10761.0,2507.0,2491.0,2496.0,1075.0,1087.0,1105.0
10843.0,2504.0,2539.0,2537.0,1090.0,1085.0,1088.0
10658.0,2488.0,2453.0,2520.0,1062.0,1075.0,1060.0
10614.0,2466.0,2479.0,2462.0,1078.0,1077.0,1052.0
10605.0,2480.0,2492.0,2478.0,1053.0,1052.0,1050.0
10581.0,2465.0,2501.0,2467.0,1065.0,1040.0,1043.0
10527.0,2442.0,2486.0,2465.0,1037.0,1049.0,1048.0
10554.0,2451.0,2482.0,2489.0,1056.0,1038.0,1038.0
10515.0,2461.0,2464.0,2457.0,1055.0,1032.0,1046.0
10607.0,2476.0,2472.0,2468.0,1064.0,1069.0,1058.0
10671.0,2546.0,2451.0,2492.0,1068.0,1053.0,1061.0
10761.0,2530.0,2485.0,2506.0,1079.0,1075.0,1086.0
10806.0,2533.0,2511.0,2525.0,1070.0,1085.0,1082.0
10779.0,2508.0,2523.0,2503.0,1090.0,1080.0,1075.0
10770.0,2481.0,2543.0,2527.0,1067.0,1078.0,1074.0
10799.0,2504.0,2530.0,2520.0,1097.0,1086.0,1062.0
10706.0,2498.0,2481.0,2517.0,1066.0,1063.0,1081.0
10656.0,2501.0,2491.0,2471.0,1066.0,1066.0,1061.0
10593.0,2507.0,2458.0,2460.0,1055.0,1056.0,1057.0
10522.0,2462.0,2413.0,2446.0,1061.0,1068.0,1072.0
10456.0,2443.0,2409.0,2441.0,1048.0,1056.0,1059.0
10550.0,2413.0,2462.0,2468.0,1065.0,1071.0,1071.0
10698.0,2506.0,2518.0,2480.0,1067.0,1066.0,1061.0
10790.0,2515.0,2529.0,2517.0,1073.0,1083.0,1073.0
10827.0,2529.0,2554.0,2505.0,1083.0,1082.0,1074.0
10815.0,2528.0,2532.0,2528.0,1080.0,1073.0,1074.0
10799.0,2527.0,2534.0,2519.0,1083.0,1071.0,1065.0
10736.0,2499.0,2499.0,2517.0,1080.0,1072.0,1069.0
10740.0,2495.0,2495.0,2533.0,1070.0,1088.0,1059.0
10665.0,2493.0,2482.0,2490.0,1083.0,1070.0,1047.0
10611.0,2493.0,2437.0,2481.0,1078.0,1059.0,1063.0
10524.0,2472.0,2434.0,2437.0,1072.0,1054.0,1055.0
10519.0,2444.0,2434.0,2474.0,1052.0,1062.0,1053.0
10569.0,2437.0,2492.0,2435.0,1066.0,1080.0,1059.0
10679.0,2489.0,2519.0,2465.0,1064.0,1070.0,1072.0
10745.0,2512.0,2511.0,2499.0,1074.0,1081.0,1068.0
10801.0,2533.0,2514.0,2516.0,1074.0,1080.0,1084.0
10865.0,2537.0,2517.0,2536.0,1076.0,1100.0,1099.0
10900.0,2575.0,2507.0,2558.0,1083.0,1083.0,1094.0
10869.0,2516.0,2540.0,2556.0,1082.0,1086.0,1089.0
10842.0,2521.0,2538.0,2542.0,1081.0,1073.0,1087.0
10805.0,2484.0,2549.0,2547.0,1083.0,1060.0,1082.0
10777.0,2526.0,2547.0,2478.0,1092.0,1063.0,1071.0
10674.0,2512.0,2500.0,2486.0,1065.0,1047.0,1064.0
10571.0,2466.0,2458.0,2454.0,1077.0,1070.0,1046.0
10516.0,2469.0,2466.0,2405.0,1062.0,1058.0,1056.0
10572.0,2441.0,2461.0,2487.0,1060.0,1056.0,1067.0
10611.0,2470.0,2456.0,2485.0,1074.0,1070.0,1056.0
10693.0,2482.0,2467.0,2516.0,1083.0,1077.0,1068.0
10862.0,2544.0,2534.0,2526.0,1079.0,1099.0,1080.0
10928.0,2574.0,2547.0,2545.0,1078.0,1088.0,1096.0
10957.0,2535.0,2561.0,2575.0,1089.0,1110.0,1087.0
10847.0,2521.0,2540.0,2535.0,1083.0,1078.0,1090.0
10862.0,2519.0,2529.0,2571.0,1068.0,1081.0,1094.0
10778.0,2479.0,2513.0,2517.0,1076.0,1099.0,1094.0
10708.0,2515.0,2476.0,2488.0,1073.0,1078.0,1078.0
10647.0,2499.0,2460.0,2472.0,1067.0,1067.0,1082.0
10614.0,2493.0,2423.0,2493.0,1068.0,1062.0,1075.0
10534.0,2425.0,2493.0,2429.0,1070.0,1050.0,1067.0
10598.0,2447.0,2493.0,2457.0,1074.0,1064.0,1063.0
10750.0,2476.0,2520.0,2531.0,1084.0,1065.0,1074.0
10874.0,2529.0,2533.0,2547.0,1090.0,1080.0,1095.0
10857.0,2520.0,2525.0,2542.0,1099.0,1092.0,1079.0
10918.0,2535.0,2561.0,2529.0,1088.0,1108.0,1097.0
10963.0,2550.0,2548.0,2590.0,1090.0,1093.0,1092.0
10888.0,2529.0,2541.0,2556.0,1079.0,1100.0,1083.0
10865.0,2525.0,2523.0,2562.0,1077.0,1100.0,1078.0
10769.0,2501.0,2522.0,2507.0,1071.0,1092.0,1076.0
10753.0,2520.0,2530.0,2499.0,1061.0,1078.0,1065.0
10694.0,2495.0,2509.0,2472.0,1069.0,1070.0,1079.0
10667.0,2498.0,2502.0,2478.0,1059.0,1071.0,1059.0
10666.0,2496.0,2465.0,2484.0,1079.0,1058.0,1084.0
10623.0,2463.0,2496.0,2460.0,1075.0,1060.0,1069.0
10719.0,2480.0,2498.0,2522.0,1079.0,1069.0,1071.0
10845.0,2547.0,2517.0,2522.0,1090.0,1092.0,1077.0
10859.0,2536.0,2491.0,2554.0,1091.0,1089.0,1098.0
10953.0,2547.0,2549.0,2562.0,1110.0,1082.0,1103.0
10984.0,2532.0,2563.0,2567.0,1111.0,1107.0,1104.0
10926.0,2530.0,2558.0,2528.0,1103.0,1099.0,1108.0
10934.0,2527.0,2556.0,2573.0,1092.0,1087.0,1099.0
10803.0,2509.0,2528.0,2518.0,1073.0,1090.0,1085.0
10767.0,2562.0,2505.0,2499.0,1060.0,1072.0,1069.0
10722.0,2506.0,2504.0,2490.0,1062.0,1081.0,1079.0
10660.0,2485.0,2476.0,2482.0,1078.0,1079.0,1060.0
10669.0,2486.0,2488.0,2502.0,1059.0,1078.0,1056.0
10707.0,2499.0,2501.0,2499.0,1067.0,1076.0,1065.0
10760.0,2487.0,2510.0,2522.0,1082.0,1093.0,1066.0
10858.0,2530.0,2536.0,2539.0,1100.0,1082.0,1071.0
10956.0,2560.0,2544.0,2571.0,1103.0,1099.0,1079.0
10978.0,2564.0,2574.0,2564.0,1103.0,1091.0,1082.0
10982.0,2568.0,2545.0,2566.0,1119.0,1099.0,1085.0
10926.0,2525.0,2560.0,2549.0,1104.0,1088.0,1100.0
10809.0,2486.0,2548.0,2513.0,1088.0,1090.0,1084.0
10776.0,2523.0,2526.0,2468.0,1075.0,1084.0,1100.0
10810.0,2544.0,2496.0,2524.0,1067.0,1072.0,1107.0
10756.0,2526.0,2522.0,2483.0,1074.0,1067.0,1084.0
10734.0,2493.0,2511.0,2508.0,1080.0,1067.0,1075.0
10767.0,2488.0,2532.0,2527.0,1073.0,1076.0,1071.0
10720.0,2507.0,2501.0,2497.0,1065.0,1078.0,1072.0
10799.0,2485.0,2527.0,2536.0,1081.0,1091.0,1079.0
10824.0,2533.0,2500.0,2557.0,1067.0,1087.0,1080.0
10973.0,2569.0,2547.0,2552.0,1091.0,1114.0,1100.0
11003.0,2593.0,2550.0,2550.0,1117.0,1101.0,1092.0
11006.0,2559.0,2571.0,2565.0,1120.0,1095.0,1096.0
10970.0,2574.0,2559.0,2537.0,1101.0,1110.0,1089.0
10936.0,2530.0,2582.0,2535.0,1104.0,1102.0,1083.0
10942.0,2548.0,2555.0,2551.0,1112.0,1086.0,1090.0
10874.0,2554.0,2527.0,2545.0,1084.0,1085.0,1079.0
10759.0,2559.0,2497.0,2509.0,1074.0,1058.0,1062.0
10753.0,2547.0,2485.0,2522.0,1074.0,1065.0,1060.0
10651.0,2479.0,2476.0,2508.0,1058.0,1062.0,1068.0
10743.0,2515.0,2517.0,2533.0,1051.0,1058.0,1069.0
10757.0,2479.0,2512.0,2530.0,1061.0,1086.0,1089.0
10907.0,2528.0,2542.0,2578.0,1087.0,1084.0,1088.0
10959.0,2578.0,2580.0,2513.0,1089.0,1089.0,1110.0
11017.0,2564.0,2600.0,2544.0,1099.0,1104.0,1106.0
11071.0,2582.0,2582.0,2557.0,1119.0,1117.0,1114.0
11033.0,2573.0,2577.0,2556.0,1109.0,1117.0,1101.0
11014.0,2564.0,2582.0,2559.0,1103.0,1109.0,1097.0
10928.0,2540.0,2526.0,2575.0,1105.0,1091.0,1091.0
10828.0,2561.0,2505.0,2497.0,1096.0,1079.0,1090.0
10789.0,2537.0,2485.0,2530.0,1067.0,1092.0,1078.0
10851.0,2538.0,2530.0,2555.0,1085.0,1073.0,1070.0
10763.0,2521.0,2528.0,2508.0,1064.0,1069.0,1073.0
10735.0,2532.0,2509.0,2474.0,1072.0,1073.0,1075.0
10783.0,2511.0,2522.0,2517.0,1078.0,1080.0,1075.0
10865.0,2554.0,2541.0,2515.0,1085.0,1076.0,1094.0
10971.0,2574.0,2584.0,2535.0,1098.0,1088.0,1092.0
10986.0,2586.0,2537.0,2574.0,1096.0,1096.0,1097.0
11089.0,2573.0,2610.0,2565.0,1103.0,1121.0,1117.0
11051.0,2584.0,2567.0,2584.0,1110.0,1102.0,1104.0
10979.0,2536.0,2554.0,2589.0,1106.0,1090.0,1104.0
10963.0,2525.0,2546.0,2588.0,1098.0,1101.0,1105.0
10966.0,2546.0,2574.0,2545.0,1099.0,1111.0,1091.0
10868.0,2533.0,2514.0,2538.0,1084.0,1099.0,1100.0
10863.0,2568.0,2516.0,2521.0,1084.0,1088.0,1086.0
10765.0,2512.0,2517.0,2494.0,1079.0,1075.0,1088.0
10769.0,2543.0,2480.0,2497.0,1081.0,1082.0,1086.0
10763.0,2492.0,2516.0,2503.0,1080.0,1085.0,1087.0
10846.0,2538.0,2517.0,2529.0,1084.0,1081.0,1097.0
10998.0,2605.0,2581.0,2546.0,1084.0,1087.0,1095.0
11118.0,2587.0,2576.0,2617.0,1108.0,1112.0,1118.0
11078.0,2579.0,2614.0,2583.0,1110.0,1086.0,1106.0
11096.0,2583.0,2626.0,2573.0,1108.0,1098.0,1108.0
11028.0,2544.0,2593.0,2594.0,1097.0,1091.0,1109.0
10966.0,2541.0,2555.0,2586.0,1103.0,1096.0,1085.0
10912.0,2565.0,2527.0,2547.0,1098.0,1097.0,1078.0
10858.0,2546.0,2499.0,2564.0,1089.0,1082.0,1078.0
10832.0,2536.0,2506.0,2536.0,1088.0,1091.0,1075.0
10765.0,2533.0,2532.0,2463.0,1074.0,1083.0,1080.0
10867.0,2534.0,2550.0,2536.0,1079.0,1078.0,1090.0
10859.0,2544.0,2542.0,2514.0,1082.0,1098.0,1079.0
11021.0,2590.0,2596.0,2531.0,1094.0,1107.0,1103.0
11019.0,2583.0,2566.0,2552.0,1100.0,1109.0,1109.0
11054.0,2584.0,2559.0,2595.0,1090.0,1113.0,1113.0
11153.0,2629.0,2579.0,2612.0,1097.0,1118.0,1118.0
11103.0,2589.0,2593.0,2594.0,1111.0,1099.0,1117.0
11062.0,2560.0,2575.0,2601.0,1109.0,1111.0,1106.0
10924.0,2521.0,2524.0,2575.0,1102.0,1096.0,1106.0
10948.0,2581.0,2571.0,2531.0,1101.0,1086.0,1078.0
10902.0,2572.0,2540.0,2528.0,1109.0,1072.0,1081.0
10833.0,2526.0,2544.0,2537.0,1073.0,1071.0,1082.0
10859.0,2530.0,2549.0,2537.0,1083.0,1076.0,1084.0
10849.0,2531.0,2556.0,2526.0,1084.0,1086.0,1066.0
10846.0,2507.0,2529.0,2537.0,1088.0,1095.0,1090.0
10949.0,2577.0,2543.0,2565.0,1087.0,1097.0,1080.0
11056.0,2601.0,2567.0,2580.0,1094.0,1102.0,1112.0
11141.0,2592.0,2600.0,2616.0,1106.0,1117.0,1110.0
11111.0,2595.0,2578.0,2614.0,1103.0,1110.0,1111.0
11141.0,2578.0,2599.0,2625.0,1106.0,1112.0,1121.0
11083.0,2559.0,2569.0,2608.0,1111.0,1122.0,1114.0
11020.0,2558.0,2608.0,2547.0,1105.0,1101.0,1101.0
10923.0,2529.0,2554.0,2537.0,1106.0,1102.0,1095.0
10872.0,2557.0,2523.0,2512.0,1096.0,1085.0,1099.0
10905.0,2578.0,2535.0,2521.0,1076.0,1081.0,1114.0
10843.0,2536.0,2508.0,2529.0,1102.0,1064.0,1104.0
10832.0,2510.0,2532.0,2545.0,1082.0,1078.0,1085.0
10952.0,2544.0,2572.0,2573.0,1082.0,1091.0,1090.0
11030.0,2580.0,2576.0,2578.0,1108.0,1101.0,1087.0
11119.0,2609.0,2622.0,2602.0,1100.0,1092.0,1094.0
11224.0,2634.0,2628.0,2621.0,1110.0,1123.0,1108.0
11145.0,2590.0,2600.0,2623.0,1115.0,1116.0,1101.0
11149.0,2609.0,2592.0,2606.0,1116.0,1118.0,1108.0
11040.0,2556.0,2587.0,2582.0,1096.0,1120.0,1099.0
11019.0,2573.0,2552.0,2586.0,1113.0,1108.0,1087.0
10855.0,2542.0,2530.0,2510.0,1101.0,1097.0,1075.0
10919.0,2570.0,2556.0,2506.0,1083.0,1104.0,1100.0
10862.0,2521.0,2544.0,2518.0,1092.0,1091.0,1096.0
10904.0,2537.0,2544.0,2541.0,1081.0,1091.0,1110.0
10957.0,2582.0,2553.0,2547.0,1097.0,1086.0,1092.0
10992.0,2513.0,2543.0,2606.0,1107.0,1107.0,1116.0
11043.0,2579.0,2558.0,2601.0,1110.0,1089.0,1106.0
11092.0,2612.0,2539.0,2609.0,1104.0,1098.0,1130.0
11159.0,2620.0,2604.0,2607.0,1107.0,1096.0,1125.0
11215.0,2624.0,2599.0,2638.0,1118.0,1108.0,1128.0
11122.0,2573.0,2600.0,2602.0,1114.0,1108.0,1125.0
11096.0,2614.0,2604.0,2561.0,1103.0,1104.0,1110.0
11100.0,2588.0,2615.0,2567.0,1106.0,1104.0,1120.0
11039.0,2590.0,2581.0,2560.0,1095.0,1115.0,1098.0
10957.0,2571.0,2560.0,2549.0,1090.0,1095.0,1092.0
10946.0,2577.0,2511.0,2553.0,1099.0,1101.0,1105.0
10846.0,2516.0,2507.0,2553.0,1092.0,1090.0,1088.0
10915.0,2549.0,2541.0,2535.0,1106.0,1100.0,1084.0
11020.0,2541.0,2558.0,2591.0,1110.0,1126.0,1094.0
11151.0,2587.0,2620.0,2600.0,1123.0,1123.0,1098.0
11192.0,2629.0,2604.0,2607.0,1111.0,1120.0,1121.0
11219.0,2640.0,2638.0,2591.0,1110.0,1118.0,1122.0
11234.0,2635.0,2603.0,2627.0,1120.0,1123.0,1126.0
11150.0,2611.0,2590.0,2593.0,1102.0,1118.0,1136.0
11090.0,2566.0,2588.0,2579.0,1120.0,1122.0,1115.0
11077.0,2602.0,2559.0,2591.0,1103.0,1104.0,1118.0
10977.0,2590.0,2542.0,2560.0,1091.0,1090.0,1104.0
11006.0,2584.0,2554.0,2565.0,1098.0,1084.0,1121.0
10894.0,2538.0,2550.0,2563.0,1081.0,1084.0,1078.0
10966.0,2546.0,2560.0,2573.0,1099.0,1087.0,1101.0
11071.0,2550.0,2597.0,2617.0,1109.0,1086.0,1112.0
11072.0,2567.0,2592.0,2583.0,1112.0,1112.0,1106.0
11117.0,2592.0,2568.0,2615.0,1118.0,1113.0,1111.0
11199.0,2639.0,2612.0,2599.0,1129.0,1108.0,1112.0
11176.0,2616.0,2613.0,2571.0,1125.0,1126.0,1125.0
11172.0,2604.0,2594.0,2615.0,1124.0,1128.0,1107.0
11168.0,2578.0,2626.0,2588.0,1133.0,1131.0,1112.0
11203.0,2600.0,2625.0,2608.0,1124.0,1122.0,1124.0
