demand,Demand_Retailer_0,Demand_Retailer_1,Demand_Retailer_2,Demand_Retailer_3,Demand_Retailer_4,Demand_Retailer_5
1013.0,236.0,242.0,237.0,100.0,100.0,98.0
1032.0,245.0,245.0,240.0,101.0,101.0,100.0
1050.0,247.0,245.0,246.0,99.0,105.0,108.0
982.0,232.0,221.0,224.0,100.0,102.0,103.0
991.0,232.0,233.0,229.0,100.0,96.0,101.0
990.0,233.0,232.0,226.0,100.0,99.0,100.0
1010.0,233.0,242.0,229.0,103.0,103.0,100.0
1011.0,242.0,229.0,241.0,100.0,100.0,99.0
1028.0,241.0,230.0,249.0,104.0,101.0,103.0
1060.0,239.0,249.0,255.0,107.0,107.0,103.0
1023.0,234.0,237.0,249.0,101.0,100.0,102.0
1008.0,237.0,232.0,235.0,102.0,103.0,99.0
984.0,222.0,234.0,227.0,102.0,97.0,102.0
1014.0,229.0,232.0,245.0,103.0,104.0,101.0
1031.0,236.0,241.0,236.0,106.0,103.0,109.0
1085.0,249.0,261.0,252.0,108.0,108.0,107.0
1050.0,241.0,249.0,241.0,103.0,106.0,110.0
1034.0,238.0,241.0,244.0,103.0,103.0,105.0
1028.0,245.0,233.0,244.0,100.0,101.0,105.0
1017.0,240.0,241.0,238.0,101.0,98.0,99.0
994.0,230.0,232.0,236.0,99.0,98.0,99.0
1050.0,250.0,251.0,231.0,109.0,103.0,106.0
1050.0,248.0,247.0,246.0,102.0,105.0,102.0
1091.0,255.0,252.0,254.0,110.0,111.0,109.0
1078.0,249.0,259.0,254.0,103.0,107.0,106.0
1033.0,242.0,244.0,242.0,100.0,101.0,104.0
1021.0,237.0,241.0,237.0,100.0,102.0,104.0
1008.0,230.0,230.0,239.0,102.0,104.0,103.0
1040.0,242.0,239.0,242.0,107.0,104.0,106.0
1090.0,259.0,258.0,254.0,110.0,105.0,104.0
1111.0,252.0,266.0,263.0,112.0,109.0,109.0
1090.0,251.0,257.0,256.0,110.0,110.0,106.0
1038.0,245.0,239.0,245.0,103.0,106.0,100.0
1029.0,244.0,242.0,232.0,102.0,107.0,102.0
1041.0,239.0,244.0,242.0,104.0,107.0,105.0
1059.0,250.0,254.0,237.0,106.0,104.0,108.0
1087.0,258.0,249.0,254.0,109.0,107.0,110.0
1104.0,258.0,260.0,250.0,114.0,111.0,111.0
1102.0,258.0,255.0,256.0,112.0,109.0,112.0
1075.0,257.0,257.0,246.0,106.0,105.0,104.0
1037.0,239.0,250.0,236.0,103.0,104.0,105.0
1048.0,250.0,248.0,241.0,99.0,107.0,103.0
1087.0,259.0,240.0,260.0,110.0,109.0,109.0
1115.0,267.0,251.0,263.0,113.0,111.0,110.0
1128.0,260.0,264.0,262.0,116.0,115.0,111.0
1110.0,255.0,261.0,258.0,112.0,112.0,112.0
1086.0,262.0,248.0,251.0,111.0,104.0,110.0
1054.0,257.0,240.0,240.0,102.0,104.0,111.0
1048.0,250.0,241.0,242.0,104.0,104.0,107.0
1107.0,261.0,262.0,260.0,107.0,111.0,106.0
1134.0,269.0,268.0,267.0,110.0,112.0,108.0
1126.0,256.0,269.0,261.0,113.0,117.0,110.0
1108.0,256.0,251.0,261.0,116.0,114.0,110.0
1114.0,263.0,266.0,253.0,113.0,109.0,110.0
1076.0,248.0,254.0,250.0,107.0,107.0,110.0
1091.0,251.0,257.0,259.0,107.0,107.0,110.0
1127.0,261.0,265.0,270.0,111.0,107.0,113.0
1150.0,271.0,264.0,271.0,114.0,114.0,116.0
1147.0,263.0,263.0,272.0,112.0,116.0,121.0
1130.0,258.0,273.0,259.0,113.0,114.0,113.0
1128.0,264.0,272.0,255.0,110.0,112.0,115.0
1091.0,250.0,253.0,262.0,110.0,113.0,103.0
1100.0,260.0,256.0,259.0,112.0,110.0,103.0
1113.0,259.0,257.0,264.0,110.0,110.0,113.0
1173.0,277.0,276.0,275.0,114.0,115.0,116.0
1170.0,271.0,273.0,274.0,117.0,116.0,119.0
1141.0,271.0,258.0,265.0,116.0,116.0,115.0
1115.0,268.0,251.0,261.0,112.0,109.0,114.0
1123.0,264.0,258.0,265.0,111.0,113.0,112.0
1099.0,243.0,258.0,262.0,110.0,113.0,113.0
1148.0,267.0,265.0,270.0,116.0,118.0,112.0
1157.0,278.0,263.0,273.0,111.0,115.0,117.0
1192.0,280.0,280.0,276.0,119.0,118.0,119.0
1160.0,264.0,279.0,271.0,119.0,112.0,115.0
1153.0,276.0,280.0,260.0,114.0,111.0,112.0
1112.0,255.0,257.0,264.0,112.0,111.0,113.0
1118.0,253.0,258.0,265.0,115.0,113.0,114.0
1143.0,272.0,265.0,259.0,113.0,117.0,117.0
1188.0,279.0,274.0,273.0,119.0,123.0,120.0
1185.0,284.0,277.0,273.0,114.0,120.0,117.0
1186.0,272.0,279.0,277.0,118.0,121.0,119.0
1148.0,268.0,267.0,269.0,116.0,114.0,114.0
1123.0,263.0,269.0,258.0,114.0,110.0,109.0
1125.0,256.0,263.0,262.0,116.0,115.0,113.0
1165.0,266.0,282.0,270.0,116.0,117.0,114.0
1206.0,290.0,280.0,273.0,120.0,123.0,120.0
1197.0,283.0,273.0,285.0,115.0,121.0,120.0
1200.0,282.0,281.0,281.0,116.0,120.0,120.0
1157.0,269.0,272.0,270.0,116.0,115.0,115.0
1177.0,278.0,280.0,271.0,116.0,114.0,118.0
1128.0,260.0,257.0,268.0,118.0,112.0,113.0
1192.0,282.0,276.0,271.0,124.0,117.0,122.0
1228.0,289.0,280.0,289.0,124.0,124.0,122.0
1229.0,284.0,289.0,285.0,123.0,126.0,122.0
1215.0,280.0,277.0,295.0,121.0,123.0,119.0
1190.0,284.0,276.0,279.0,118.0,119.0,114.0
1155.0,272.0,263.0,273.0,116.0,117.0,114.0
1160.0,263.0,275.0,270.0,114.0,118.0,120.0
1204.0,275.0,286.0,277.0,121.0,124.0,121.0
1236.0,286.0,287.0,297.0,126.0,119.0,121.0
1233.0,290.0,282.0,291.0,123.0,123.0,124.0
1230.0,288.0,278.0,294.0,123.0,122.0,125.0
1190.0,280.0,271.0,287.0,115.0,119.0,118.0
1169.0,272.0,281.0,264.0,117.0,117.0,118.0
1176.0,277.0,275.0,274.0,119.0,117.0,114.0
1203.0,275.0,276.0,289.0,123.0,123.0,117.0
1271.0,294.0,288.0,306.0,128.0,130.0,125.0
1245.0,291.0,289.0,288.0,128.0,123.0,126.0
1236.0,276.0,295.0,289.0,124.0,123.0,129.0
1218.0,289.0,289.0,280.0,119.0,118.0,123.0
1174.0,274.0,274.0,268.0,118.0,119.0,121.0
1176.0,276.0,270.0,274.0,118.0,117.0,121.0
1225.0,283.0,284.0,291.0,124.0,122.0,121.0
1276.0,299.0,292.0,305.0,130.0,123.0,127.0
1284.0,300.0,299.0,298.0,131.0,129.0,127.0
1250.0,285.0,291.0,293.0,127.0,130.0,124.0
1234.0,295.0,280.0,285.0,126.0,126.0,122.0
1203.0,285.0,283.0,282.0,117.0,117.0,119.0
1214.0,280.0,291.0,281.0,119.0,122.0,121.0
1260.0,296.0,298.0,292.0,127.0,122.0,125.0
1259.0,303.0,281.0,297.0,126.0,124.0,128.0
1279.0,299.0,291.0,304.0,128.0,128.0,129.0
1250.0,291.0,295.0,289.0,127.0,123.0,125.0
1234.0,285.0,297.0,281.0,124.0,125.0,122.0
1202.0,282.0,280.0,276.0,118.0,123.0,123.0
1224.0,277.0,289.0,292.0,119.0,125.0,122.0
1249.0,285.0,291.0,297.0,125.0,123.0,128.0
1254.0,301.0,293.0,291.0,123.0,124.0,122.0
1284.0,297.0,302.0,301.0,132.0,124.0,128.0
1264.0,290.0,295.0,291.0,131.0,126.0,131.0
1232.0,289.0,278.0,287.0,126.0,126.0,126.0
1236.0,291.0,283.0,290.0,123.0,127.0,122.0
1227.0,282.0,294.0,282.0,121.0,125.0,123.0
1281.0,301.0,301.0,294.0,128.0,130.0,127.0
1300.0,307.0,308.0,294.0,133.0,132.0,126.0
1296.0,308.0,298.0,302.0,128.0,131.0,129.0
1279.0,301.0,292.0,302.0,129.0,128.0,127.0
1263.0,300.0,293.0,301.0,124.0,121.0,124.0
1244.0,281.0,289.0,299.0,125.0,127.0,123.0
1258.0,291.0,298.0,298.0,123.0,121.0,127.0
1278.0,300.0,292.0,296.0,127.0,133.0,130.0
1345.0,318.0,314.0,312.0,132.0,137.0,132.0
1331.0,308.0,313.0,311.0,132.0,137.0,130.0
1298.0,302.0,305.0,296.0,133.0,132.0,130.0
1280.0,300.0,298.0,297.0,131.0,128.0,126.0
1258.0,293.0,291.0,297.0,127.0,124.0,126.0
1271.0,284.0,298.0,310.0,129.0,124.0,126.0
1279.0,300.0,304.0,298.0,124.0,125.0,128.0
1323.0,311.0,315.0,296.0,134.0,135.0,132.0
1340.0,316.0,313.0,309.0,132.0,136.0,134.0
1332.0,303.0,311.0,317.0,132.0,133.0,136.0
1292.0,302.0,296.0,305.0,130.0,129.0,130.0
1276.0,294.0,298.0,300.0,128.0,130.0,126.0
1282.0,293.0,298.0,300.0,130.0,128.0,133.0
1296.0,304.0,300.0,304.0,131.0,127.0,130.0
1328.0,311.0,311.0,306.0,133.0,132.0,135.0
1364.0,317.0,326.0,319.0,131.0,137.0,134.0
1313.0,304.0,308.0,307.0,132.0,132.0,130.0
1281.0,298.0,293.0,302.0,130.0,132.0,126.0
1256.0,290.0,293.0,286.0,132.0,129.0,126.0
1283.0,298.0,294.0,299.0,129.0,132.0,131.0
1322.0,308.0,307.0,308.0,132.0,135.0,132.0
1370.0,316.0,329.0,321.0,135.0,135.0,134.0
1368.0,315.0,307.0,336.0,137.0,135.0,138.0
1350.0,318.0,305.0,319.0,136.0,137.0,135.0
1303.0,311.0,301.0,302.0,133.0,127.0,129.0
1292.0,304.0,305.0,298.0,131.0,128.0,126.0
1307.0,295.0,314.0,308.0,132.0,129.0,129.0
1349.0,319.0,313.0,315.0,136.0,134.0,132.0
1380.0,327.0,317.0,323.0,137.0,140.0,136.0
1352.0,320.0,312.0,312.0,135.0,137.0,136.0
1357.0,314.0,311.0,322.0,134.0,137.0,139.0
1329.0,317.0,314.0,302.0,132.0,129.0,135.0
1295.0,308.0,300.0,293.0,129.0,131.0,134.0
1301.0,305.0,292.0,307.0,134.0,131.0,132.0
1354.0,314.0,308.0,323.0,137.0,136.0,136.0
1374.0,319.0,322.0,323.0,137.0,137.0,136.0
1410.0,329.0,330.0,325.0,142.0,143.0,141.0
1351.0,307.0,320.0,312.0,134.0,140.0,138.0
1342.0,317.0,310.0,313.0,135.0,135.0,132.0
1313.0,309.0,312.0,298.0,131.0,132.0,131.0
1322.0,300.0,313.0,306.0,132.0,135.0,136.0
1370.0,319.0,322.0,317.0,140.0,135.0,137.0
1402.0,327.0,330.0,329.0,139.0,136.0,141.0
1405.0,324.0,329.0,333.0,142.0,136.0,141.0
1379.0,325.0,320.0,319.0,135.0,140.0,140.0
1359.0,318.0,322.0,309.0,133.0,139.0,138.0
1341.0,320.0,312.0,311.0,132.0,134.0,132.0
1348.0,311.0,314.0,320.0,130.0,141.0,132.0
1392.0,319.0,323.0,329.0,140.0,144.0,137.0
1409.0,325.0,329.0,331.0,146.0,142.0,136.0
1402.0,323.0,333.0,321.0,145.0,138.0,142.0
1386.0,327.0,323.0,316.0,140.0,137.0,143.0
1366.0,322.0,319.0,314.0,140.0,132.0,139.0
1338.0,313.0,308.0,316.0,132.0,133.0,136.0
1370.0,318.0,318.0,322.0,137.0,136.0,139.0
1396.0,319.0,332.0,332.0,137.0,138.0,138.0
1425.0,334.0,339.0,328.0,147.0,140.0,137.0
1409.0,326.0,334.0,328.0,142.0,141.0,138.0
1414.0,330.0,325.0,333.0,146.0,140.0,140.0
1390.0,324.0,329.0,320.0,140.0,139.0,138.0
1357.0,317.0,315.0,320.0,134.0,134.0,137.0
1365.0,307.0,327.0,325.0,132.0,136.0,138.0
1398.0,332.0,321.0,327.0,139.0,137.0,142.0
1409.0,342.0,321.0,316.0,145.0,144.0,141.0
1443.0,335.0,338.0,329.0,145.0,149.0,147.0
1429.0,330.0,336.0,333.0,145.0,145.0,140.0
1405.0,324.0,333.0,330.0,139.0,141.0,138.0
1377.0,324.0,317.0,323.0,138.0,137.0,138.0
1385.0,327.0,315.0,329.0,138.0,139.0,137.0
1426.0,335.0,336.0,329.0,143.0,142.0,141.0
1484.0,359.0,351.0,346.0,143.0,143.0,142.0
1464.0,338.0,342.0,341.0,147.0,146.0,150.0
1439.0,335.0,333.0,333.0,146.0,145.0,147.0
1399.0,330.0,318.0,330.0,138.0,142.0,141.0
1414.0,331.0,328.0,329.0,143.0,141.0,142.0
1397.0,324.0,332.0,319.0,140.0,141.0,141.0
1428.0,333.0,326.0,345.0,138.0,144.0,142.0
1448.0,342.0,340.0,331.0,145.0,144.0,146.0
1475.0,356.0,339.0,347.0,144.0,146.0,143.0
1463.0,337.0,338.0,354.0,147.0,141.0,146.0
1432.0,325.0,344.0,335.0,146.0,139.0,143.0
1415.0,331.0,334.0,327.0,143.0,143.0,137.0
1397.0,329.0,324.0,316.0,142.0,142.0,144.0
1426.0,334.0,331.0,333.0,143.0,143.0,142.0
1507.0,357.0,350.0,355.0,145.0,150.0,150.0
1486.0,348.0,354.0,344.0,143.0,149.0,148.0
1457.0,336.0,341.0,347.0,142.0,145.0,146.0
1441.0,337.0,334.0,342.0,146.0,140.0,142.0
1408.0,329.0,325.0,332.0,144.0,136.0,142.0
1427.0,327.0,337.0,335.0,144.0,142.0,142.0
1468.0,335.0,351.0,342.0,144.0,149.0,147.0
1523.0,361.0,351.0,358.0,149.0,153.0,151.0
1505.0,356.0,349.0,350.0,147.0,153.0,150.0
1474.0,336.0,342.0,348.0,147.0,153.0,148.0
1456.0,337.0,348.0,335.0,144.0,144.0,148.0
1421.0,328.0,335.0,323.0,148.0,142.0,145.0
1425.0,327.0,331.0,336.0,145.0,142.0,144.0
1444.0,331.0,335.0,338.0,147.0,146.0,147.0
1505.0,352.0,352.0,356.0,150.0,148.0,147.0
1515.0,358.0,357.0,353.0,147.0,148.0,152.0
1512.0,347.0,360.0,349.0,149.0,156.0,151.0
1461.0,350.0,339.0,334.0,143.0,148.0,147.0
1447.0,340.0,329.0,342.0,147.0,145.0,144.0
1463.0,344.0,339.0,342.0,147.0,146.0,145.0
1502.0,350.0,349.0,354.0,149.0,151.0,149.0
1532.0,360.0,357.0,358.0,153.0,151.0,153.0
1550.0,368.0,361.0,360.0,156.0,151.0,154.0
1500.0,348.0,351.0,354.0,146.0,151.0,150.0
1472.0,345.0,344.0,343.0,145.0,144.0,151.0
1474.0,346.0,347.0,340.0,144.0,148.0,149.0
1468.0,339.0,341.0,345.0,150.0,147.0,146.0
1506.0,356.0,343.0,357.0,151.0,152.0,147.0
1526.0,359.0,357.0,351.0,154.0,152.0,153.0
1555.0,363.0,367.0,357.0,157.0,154.0,157.0
1506.0,353.0,359.0,348.0,148.0,147.0,151.0
1497.0,350.0,347.0,348.0,151.0,150.0,151.0
1485.0,347.0,340.0,354.0,145.0,145.0,154.0
1478.0,338.0,342.0,350.0,149.0,151.0,148.0
1535.0,366.0,355.0,354.0,155.0,154.0,151.0
1535.0,360.0,357.0,355.0,157.0,152.0,154.0
1547.0,359.0,367.0,357.0,157.0,155.0,152.0
1513.0,350.0,354.0,348.0,148.0,158.0,155.0
1507.0,353.0,342.0,363.0,149.0,150.0,150.0
1476.0,347.0,338.0,354.0,145.0,145.0,147.0
1495.0,348.0,348.0,351.0,150.0,148.0,150.0
1519.0,354.0,355.0,352.0,155.0,150.0,153.0
1542.0,366.0,360.0,353.0,153.0,152.0,158.0
1569.0,359.0,368.0,364.0,157.0,159.0,162.0
1555.0,357.0,359.0,362.0,157.0,163.0,157.0
1551.0,372.0,363.0,358.0,155.0,153.0,150.0
1522.0,358.0,356.0,360.0,147.0,150.0,151.0
1490.0,346.0,346.0,352.0,150.0,148.0,148.0
1522.0,355.0,354.0,357.0,151.0,152.0,153.0
1584.0,367.0,377.0,368.0,158.0,156.0,158.0
1594.0,370.0,376.0,370.0,161.0,158.0,159.0
1573.0,363.0,369.0,370.0,159.0,156.0,156.0
1545.0,360.0,354.0,362.0,153.0,157.0,159.0
1521.0,350.0,350.0,363.0,151.0,152.0,155.0
1526.0,360.0,354.0,348.0,150.0,158.0,156.0
1560.0,365.0,367.0,359.0,157.0,156.0,156.0
1581.0,373.0,364.0,368.0,161.0,157.0,158.0
1583.0,370.0,364.0,368.0,164.0,157.0,160.0
1579.0,363.0,369.0,375.0,161.0,155.0,156.0
1531.0,349.0,359.0,368.0,154.0,151.0,150.0
1540.0,359.0,370.0,359.0,149.0,149.0,154.0
1534.0,352.0,359.0,361.0,153.0,152.0,157.0
1575.0,365.0,368.0,367.0,153.0,164.0,158.0
1603.0,376.0,375.0,369.0,157.0,162.0,164.0
1627.0,378.0,374.0,383.0,166.0,164.0,162.0
1576.0,363.0,365.0,369.0,161.0,158.0,160.0
1553.0,363.0,357.0,365.0,158.0,155.0,155.0
1560.0,369.0,359.0,365.0,156.0,158.0,153.0
1549.0,363.0,368.0,357.0,153.0,155.0,153.0
1600.0,370.0,375.0,371.0,160.0,162.0,162.0
1618.0,383.0,380.0,374.0,160.0,162.0,159.0
1634.0,378.0,379.0,381.0,161.0,167.0,168.0
1618.0,374.0,383.0,371.0,163.0,165.0,162.0
1593.0,369.0,368.0,370.0,163.0,161.0,162.0
1563.0,369.0,365.0,362.0,159.0,152.0,156.0
1554.0,366.0,368.0,351.0,156.0,157.0,156.0
1615.0,379.0,374.0,381.0,161.0,158.0,162.0
1628.0,391.0,369.0,381.0,164.0,161.0,162.0
1630.0,365.0,384.0,391.0,164.0,165.0,161.0
1620.0,375.0,379.0,376.0,161.0,167.0,162.0
1602.0,377.0,375.0,371.0,163.0,160.0,156.0
1552.0,365.0,357.0,364.0,156.0,154.0,156.0
1594.0,364.0,370.0,374.0,162.0,162.0,162.0
1617.0,376.0,381.0,380.0,159.0,161.0,160.0
1668.0,391.0,392.0,392.0,164.0,162.0,167.0
1652.0,382.0,391.0,387.0,168.0,159.0,165.0
1623.0,377.0,375.0,381.0,162.0,161.0,167.0
1612.0,383.0,366.0,378.0,163.0,163.0,159.0
1576.0,367.0,369.0,365.0,157.0,162.0,156.0
1616.0,373.0,381.0,378.0,162.0,165.0,157.0
1642.0,382.0,387.0,382.0,164.0,165.0,162.0
1651.0,387.0,386.0,382.0,165.0,165.0,166.0
1668.0,387.0,387.0,387.0,167.0,170.0,170.0
1663.0,380.0,391.0,389.0,168.0,165.0,170.0
1632.0,386.0,387.0,373.0,162.0,159.0,165.0
1618.0,378.0,372.0,377.0,162.0,163.0,166.0
1594.0,367.0,368.0,374.0,164.0,160.0,161.0
1644.0,382.0,386.0,382.0,165.0,164.0,165.0
1690.0,397.0,401.0,389.0,168.0,172.0,163.0
1683.0,393.0,398.0,388.0,166.0,169.0,169.0
1681.0,389.0,393.0,400.0,164.0,171.0,164.0
1641.0,390.0,378.0,382.0,164.0,165.0,162.0
1624.0,380.0,377.0,381.0,159.0,162.0,165.0
1628.0,379.0,374.0,382.0,167.0,162.0,164.0
1663.0,383.0,391.0,388.0,167.0,165.0,169.0
1691.0,400.0,396.0,385.0,171.0,169.0,170.0
1685.0,390.0,390.0,392.0,170.0,171.0,172.0
1684.0,392.0,392.0,393.0,167.0,173.0,167.0
1659.0,386.0,387.0,389.0,163.0,169.0,165.0
1634.0,383.0,379.0,386.0,162.0,162.0,162.0
1630.0,377.0,388.0,382.0,162.0,162.0,159.0
1660.0,391.0,386.0,383.0,169.0,166.0,165.0
1703.0,398.0,392.0,398.0,176.0,168.0,171.0
1747.0,406.0,416.0,404.0,177.0,169.0,175.0
1686.0,384.0,399.0,396.0,169.0,167.0,171.0
1671.0,386.0,383.0,399.0,165.0,169.0,169.0
1661.0,388.0,383.0,393.0,163.0,169.0,165.0
1650.0,387.0,388.0,381.0,163.0,167.0,164.0
1663.0,391.0,395.0,381.0,165.0,168.0,163.0
1731.0,407.0,393.0,408.0,176.0,174.0,173.0
1717.0,392.0,398.0,410.0,178.0,171.0,168.0
1708.0,395.0,395.0,405.0,174.0,170.0,169.0
1672.0,395.0,390.0,391.0,167.0,163.0,166.0
1679.0,397.0,394.0,392.0,165.0,163.0,168.0
1668.0,389.0,395.0,382.0,165.0,167.0,170.0
1695.0,390.0,394.0,400.0,163.0,172.0,176.0
1738.0,417.0,392.0,403.0,172.0,177.0,177.0
1748.0,402.0,409.0,409.0,178.0,175.0,175.0
1727.0,394.0,405.0,406.0,177.0,172.0,173.0
1708.0,406.0,399.0,397.0,167.0,171.0,168.0
1659.0,392.0,392.0,374.0,168.0,166.0,167.0
1675.0,388.0,394.0,392.0,167.0,167.0,167.0
1716.0,403.0,404.0,401.0,171.0,169.0,168.0
1766.0,418.0,410.0,409.0,173.0,178.0,178.0
1753.0,412.0,407.0,412.0,173.0,175.0,174.0
1706.0,394.0,395.0,396.0,171.0,175.0,175.0
1718.0,412.0,393.0,395.0,172.0,172.0,174.0
1696.0,401.0,404.0,386.0,168.0,166.0,171.0
1701.0,390.0,400.0,400.0,170.0,169.0,172.0
1730.0,401.0,406.0,406.0,173.0,170.0,174.0
1767.0,411.0,408.0,421.0,174.0,175.0,178.0
1781.0,415.0,416.0,417.0,180.0,177.0,176.0
1746.0,402.0,416.0,401.0,177.0,176.0,174.0
1733.0,401.0,404.0,407.0,177.0,174.0,170.0
1707.0,403.0,402.0,392.0,170.0,171.0,169.0
1723.0,399.0,412.0,396.0,170.0,175.0,171.0
1714.0,402.0,389.0,401.0,174.0,172.0,176.0
1781.0,421.0,414.0,415.0,176.0,177.0,178.0
1793.0,421.0,421.0,419.0,176.0,178.0,178.0
1746.0,404.0,413.0,401.0,174.0,177.0,177.0
1738.0,407.0,402.0,409.0,175.0,174.0,171.0
1719.0,406.0,394.0,407.0,173.0,174.0,165.0
1754.0,400.0,418.0,423.0,173.0,172.0,168.0
1774.0,412.0,413.0,422.0,177.0,180.0,170.0
1800.0,428.0,419.0,422.0,175.0,180.0,176.0
1780.0,412.0,413.0,417.0,177.0,179.0,182.0
1783.0,406.0,417.0,421.0,179.0,179.0,181.0
1765.0,411.0,417.0,409.0,177.0,175.0,176.0
1756.0,409.0,412.0,411.0,175.0,174.0,175.0
1747.0,398.0,411.0,414.0,177.0,175.0,172.0
1750.0,410.0,407.0,404.0,175.0,177.0,177.0
1781.0,418.0,421.0,411.0,173.0,177.0,181.0
1798.0,419.0,420.0,419.0,181.0,181.0,178.0
1790.0,411.0,428.0,415.0,178.0,179.0,179.0
1768.0,415.0,410.0,415.0,175.0,177.0,176.0
1760.0,412.0,405.0,419.0,174.0,175.0,175.0
1755.0,402.0,408.0,415.0,176.0,177.0,177.0
1776.0,414.0,417.0,413.0,178.0,175.0,179.0
1797.0,422.0,413.0,419.0,182.0,177.0,184.0
1823.0,428.0,422.0,420.0,183.0,184.0,186.0
1807.0,420.0,417.0,426.0,183.0,184.0,177.0
1758.0,422.0,407.0,407.0,175.0,175.0,172.0
1768.0,406.0,415.0,418.0,176.0,178.0,175.0
1755.0,408.0,412.0,406.0,178.0,177.0,174.0
1809.0,425.0,423.0,421.0,181.0,179.0,180.0
1818.0,428.0,418.0,421.0,185.0,182.0,184.0
1845.0,431.0,432.0,436.0,180.0,182.0,184.0
1801.0,413.0,428.0,421.0,176.0,178.0,185.0
1810.0,432.0,420.0,422.0,176.0,179.0,181.0
1759.0,408.0,404.0,417.0,172.0,176.0,182.0
1791.0,416.0,418.0,417.0,178.0,184.0,178.0
1803.0,417.0,421.0,413.0,186.0,183.0,183.0
1846.0,440.0,429.0,431.0,183.0,180.0,183.0
1865.0,428.0,440.0,441.0,186.0,188.0,182.0
1816.0,424.0,420.0,429.0,185.0,180.0,178.0
1796.0,422.0,410.0,425.0,177.0,177.0,185.0
1769.0,421.0,415.0,405.0,176.0,176.0,176.0
1771.0,410.0,414.0,410.0,179.0,178.0,180.0
1813.0,409.0,421.0,430.0,184.0,186.0,183.0
1845.0,432.0,419.0,433.0,186.0,186.0,189.0
1864.0,436.0,425.0,436.0,191.0,187.0,189.0
1840.0,422.0,430.0,435.0,183.0,185.0,185.0
1817.0,429.0,425.0,424.0,178.0,181.0,180.0
1793.0,423.0,423.0,417.0,175.0,179.0,176.0
1787.0,415.0,424.0,415.0,180.0,178.0,175.0
1829.0,424.0,429.0,431.0,182.0,181.0,182.0
1886.0,447.0,441.0,436.0,190.0,186.0,186.0
1864.0,436.0,432.0,439.0,188.0,181.0,188.0
1873.0,431.0,434.0,437.0,189.0,194.0,188.0
1841.0,441.0,424.0,427.0,178.0,185.0,186.0
1816.0,424.0,426.0,415.0,181.0,182.0,188.0
1816.0,415.0,430.0,427.0,183.0,181.0,180.0
1867.0,433.0,437.0,438.0,186.0,186.0,187.0
1896.0,450.0,439.0,444.0,191.0,186.0,186.0
1877.0,434.0,432.0,446.0,190.0,189.0,186.0
1876.0,444.0,430.0,435.0,190.0,188.0,189.0
1844.0,430.0,429.0,429.0,181.0,187.0,188.0
1823.0,431.0,428.0,419.0,181.0,183.0,181.0
1832.0,424.0,426.0,426.0,184.0,189.0,183.0
1865.0,435.0,430.0,439.0,185.0,188.0,188.0
1914.0,455.0,445.0,446.0,191.0,189.0,188.0
1912.0,436.0,456.0,446.0,189.0,189.0,196.0
1890.0,442.0,444.0,439.0,190.0,185.0,190.0
1853.0,438.0,432.0,427.0,183.0,184.0,189.0
1842.0,429.0,424.0,441.0,182.0,184.0,182.0
1849.0,432.0,423.0,437.0,186.0,187.0,184.0
1877.0,443.0,445.0,434.0,183.0,187.0,185.0
1916.0,454.0,450.0,440.0,189.0,192.0,191.0
1932.0,457.0,449.0,441.0,197.0,196.0,192.0
1893.0,446.0,436.0,441.0,193.0,189.0,188.0
1869.0,444.0,430.0,430.0,193.0,185.0,187.0
1861.0,434.0,432.0,436.0,187.0,186.0,186.0
1866.0,431.0,438.0,442.0,184.0,186.0,185.0
1901.0,443.0,451.0,445.0,185.0,190.0,187.0
1918.0,454.0,447.0,443.0,190.0,194.0,190.0
1945.0,453.0,463.0,445.0,194.0,195.0,195.0
1921.0,447.0,449.0,452.0,193.0,192.0,188.0
1904.0,448.0,444.0,442.0,191.0,190.0,189.0
1864.0,436.0,436.0,430.0,188.0,189.0,185.0
1875.0,430.0,437.0,446.0,189.0,185.0,188.0
1915.0,446.0,442.0,447.0,193.0,191.0,196.0
1953.0,456.0,458.0,452.0,197.0,195.0,195.0
1961.0,460.0,463.0,450.0,195.0,195.0,198.0
1950.0,450.0,458.0,453.0,197.0,195.0,197.0
1902.0,450.0,436.0,448.0,188.0,191.0,189.0
1877.0,434.0,435.0,441.0,190.0,189.0,188.0
1891.0,430.0,441.0,449.0,192.0,190.0,189.0
1922.0,445.0,451.0,451.0,193.0,191.0,191.0
1947.0,467.0,450.0,445.0,193.0,195.0,197.0
1958.0,461.0,463.0,454.0,195.0,193.0,192.0
1954.0,453.0,464.0,458.0,194.0,190.0,195.0
1933.0,449.0,454.0,452.0,192.0,193.0,193.0
1922.0,446.0,451.0,451.0,195.0,189.0,190.0
1898.0,437.0,442.0,448.0,191.0,191.0,189.0
1916.0,449.0,448.0,441.0,194.0,192.0,192.0
1967.0,453.0,466.0,458.0,195.0,199.0,196.0
1971.0,454.0,468.0,457.0,196.0,200.0,196.0
1943.0,450.0,455.0,458.0,194.0,192.0,194.0
1936.0,461.0,443.0,457.0,194.0,189.0,192.0
1915.0,449.0,442.0,453.0,193.0,188.0,190.0
1935.0,451.0,452.0,447.0,195.0,194.0,196.0
1967.0,454.0,466.0,454.0,197.0,196.0,200.0
1981.0,465.0,458.0,462.0,198.0,197.0,201.0
1959.0,442.0,457.0,466.0,197.0,198.0,199.0
1960.0,455.0,459.0,460.0,193.0,197.0,196.0
1949.0,459.0,454.0,455.0,191.0,194.0,196.0
1948.0,460.0,458.0,451.0,192.0,192.0,195.0
1915.0,445.0,446.0,445.0,194.0,191.0,194.0
1954.0,461.0,454.0,452.0,196.0,195.0,196.0
1995.0,466.0,462.0,471.0,201.0,197.0,198.0
2022.0,461.0,479.0,477.0,202.0,201.0,202.0
1983.0,458.0,469.0,461.0,197.0,200.0,198.0
1958.0,461.0,451.0,454.0,196.0,198.0,198.0
1928.0,458.0,439.0,450.0,191.0,197.0,193.0
1950.0,450.0,462.0,451.0,194.0,196.0,197.0
1996.0,460.0,470.0,468.0,201.0,199.0,198.0
2035.0,476.0,472.0,480.0,207.0,199.0,201.0
2019.0,469.0,472.0,476.0,205.0,197.0,200.0
1969.0,459.0,458.0,461.0,202.0,193.0,196.0
1977.0,468.0,460.0,464.0,193.0,195.0,197.0
1932.0,446.0,454.0,450.0,193.0,195.0,194.0
1962.0,452.0,461.0,461.0,192.0,199.0,197.0
1994.0,470.0,459.0,469.0,197.0,202.0,197.0
2034.0,470.0,469.0,481.0,207.0,202.0,205.0
2039.0,472.0,477.0,480.0,203.0,201.0,206.0
2019.0,472.0,473.0,467.0,203.0,201.0,203.0
2011.0,472.0,471.0,472.0,198.0,199.0,199.0
1942.0,453.0,452.0,458.0,193.0,191.0,195.0
1978.0,458.0,461.0,469.0,196.0,194.0,200.0
2015.0,475.0,470.0,467.0,203.0,201.0,199.0
2057.0,481.0,483.0,482.0,202.0,207.0,202.0
2066.0,480.0,484.0,475.0,208.0,211.0,208.0
2037.0,474.0,470.0,481.0,204.0,205.0,203.0
2007.0,476.0,460.0,467.0,198.0,202.0,204.0
1997.0,462.0,464.0,474.0,202.0,194.0,201.0
1996.0,459.0,464.0,474.0,196.0,203.0,200.0
2031.0,474.0,479.0,471.0,202.0,201.0,204.0
2025.0,478.0,464.0,472.0,202.0,203.0,206.0
2039.0,475.0,475.0,477.0,204.0,206.0,202.0
2062.0,481.0,479.0,481.0,209.0,210.0,202.0
2046.0,474.0,478.0,482.0,203.0,206.0,203.0
2016.0,477.0,466.0,469.0,200.0,200.0,204.0
2006.0,471.0,466.0,465.0,201.0,202.0,201.0
2018.0,466.0,473.0,474.0,200.0,199.0,206.0
2051.0,483.0,475.0,471.0,204.0,207.0,211.0
2072.0,485.0,495.0,473.0,207.0,204.0,208.0
2042.0,472.0,475.0,476.0,208.0,208.0,203.0
2031.0,473.0,467.0,479.0,204.0,206.0,202.0
2012.0,469.0,468.0,471.0,202.0,204.0,198.0
2008.0,470.0,473.0,467.0,198.0,203.0,197.0
2023.0,473.0,475.0,471.0,201.0,205.0,198.0
2089.0,501.0,484.0,484.0,205.0,207.0,208.0
2096.0,489.0,483.0,495.0,209.0,209.0,211.0
2074.0,480.0,489.0,486.0,206.0,207.0,206.0
2058.0,486.0,473.0,485.0,207.0,201.0,206.0
2056.0,480.0,484.0,479.0,204.0,203.0,206.0
2017.0,470.0,466.0,468.0,209.0,203.0,201.0
2040.0,479.0,474.0,472.0,205.0,206.0,204.0
2092.0,500.0,487.0,485.0,207.0,204.0,209.0
2124.0,496.0,494.0,497.0,212.0,216.0,209.0
2080.0,481.0,489.0,489.0,209.0,208.0,204.0
2054.0,479.0,480.0,478.0,208.0,204.0,205.0
2029.0,480.0,467.0,471.0,206.0,202.0,203.0
2035.0,466.0,483.0,468.0,209.0,203.0,206.0
2069.0,477.0,488.0,482.0,206.0,208.0,208.0
2114.0,493.0,500.0,490.0,206.0,212.0,213.0
2110.0,494.0,482.0,497.0,210.0,216.0,211.0
2126.0,495.0,493.0,499.0,211.0,213.0,215.0
2070.0,487.0,482.0,483.0,206.0,207.0,205.0
2032.0,481.0,479.0,465.0,206.0,203.0,198.0
2046.0,470.0,488.0,477.0,207.0,201.0,203.0
2091.0,488.0,490.0,491.0,208.0,208.0,206.0
2131.0,499.0,495.0,503.0,212.0,210.0,212.0
2126.0,497.0,498.0,498.0,212.0,209.0,212.0
2114.0,490.0,496.0,494.0,210.0,213.0,211.0
2086.0,492.0,485.0,485.0,204.0,211.0,209.0
2039.0,477.0,472.0,469.0,205.0,208.0,208.0
2067.0,482.0,475.0,480.0,210.0,211.0,209.0
2115.0,494.0,497.0,490.0,212.0,213.0,209.0
2143.0,496.0,505.0,504.0,212.0,213.0,213.0
2150.0,499.0,504.0,507.0,215.0,214.0,211.0
2095.0,489.0,488.0,494.0,208.0,209.0,207.0
2064.0,482.0,479.0,482.0,208.0,208.0,205.0
2086.0,494.0,487.0,479.0,205.0,210.0,211.0
2088.0,480.0,489.0,493.0,211.0,207.0,208.0
2144.0,493.0,500.0,507.0,217.0,214.0,213.0
2145.0,501.0,498.0,501.0,215.0,213.0,217.0
2134.0,499.0,490.0,497.0,215.0,216.0,217.0
2138.0,503.0,502.0,495.0,211.0,213.0,214.0
2119.0,498.0,500.0,488.0,211.0,209.0,213.0
2093.0,492.0,490.0,489.0,208.0,206.0,208.0
2109.0,494.0,483.0,497.0,213.0,212.0,210.0
2137.0,499.0,495.0,502.0,217.0,214.0,210.0
2180.0,515.0,506.0,507.0,217.0,217.0,218.0
2185.0,506.0,517.0,502.0,221.0,220.0,219.0
2137.0,500.0,502.0,491.0,212.0,218.0,214.0
2124.0,499.0,494.0,494.0,207.0,216.0,214.0
2119.0,499.0,496.0,496.0,207.0,209.0,212.0
2107.0,484.0,498.0,495.0,208.0,208.0,214.0
2135.0,497.0,507.0,491.0,216.0,210.0,214.0
2185.0,516.0,510.0,503.0,223.0,218.0,215.0
2160.0,505.0,499.0,503.0,220.0,218.0,215.0
2161.0,500.0,501.0,508.0,219.0,216.0,217.0
2143.0,501.0,500.0,502.0,214.0,215.0,211.0
2128.0,494.0,498.0,502.0,211.0,211.0,212.0
2141.0,498.0,503.0,499.0,212.0,217.0,212.0
2155.0,498.0,500.0,503.0,219.0,217.0,218.0
2186.0,517.0,506.0,506.0,218.0,217.0,222.0
2211.0,515.0,512.0,516.0,223.0,221.0,224.0
2194.0,505.0,525.0,514.0,218.0,212.0,220.0
2164.0,502.0,501.0,521.0,214.0,215.0,211.0
2133.0,496.0,498.0,499.0,214.0,215.0,211.0
2146.0,497.0,501.0,514.0,210.0,213.0,211.0
2163.0,500.0,516.0,497.0,216.0,219.0,215.0
2219.0,523.0,519.0,512.0,221.0,223.0,221.0
2188.0,507.0,503.0,513.0,224.0,219.0,222.0
2192.0,507.0,503.0,520.0,225.0,219.0,218.0
2198.0,513.0,507.0,517.0,222.0,218.0,221.0
2134.0,495.0,500.0,498.0,215.0,211.0,215.0
2146.0,500.0,508.0,494.0,215.0,214.0,215.0
2193.0,515.0,510.0,507.0,220.0,219.0,222.0
2222.0,518.0,522.0,519.0,222.0,222.0,219.0
2202.0,512.0,518.0,510.0,221.0,221.0,220.0
2207.0,507.0,524.0,515.0,223.0,222.0,216.0
2194.0,513.0,504.0,512.0,224.0,220.0,221.0
2151.0,499.0,504.0,507.0,214.0,213.0,214.0
2136.0,494.0,493.0,502.0,215.0,214.0,218.0
2222.0,519.0,521.0,517.0,220.0,222.0,223.0
2259.0,538.0,527.0,527.0,221.0,223.0,223.0
2254.0,526.0,522.0,531.0,224.0,223.0,228.0
2226.0,520.0,512.0,524.0,223.0,226.0,221.0
2198.0,519.0,513.0,508.0,220.0,221.0,217.0
2181.0,516.0,508.0,501.0,221.0,220.0,215.0
2181.0,501.0,519.0,504.0,221.0,220.0,216.0
2213.0,515.0,516.0,519.0,223.0,223.0,217.0
2239.0,529.0,520.0,523.0,223.0,220.0,224.0
2247.0,525.0,521.0,532.0,223.0,222.0,224.0
2241.0,519.0,529.0,521.0,224.0,222.0,226.0
2188.0,513.0,515.0,506.0,216.0,218.0,220.0
2188.0,513.0,507.0,509.0,219.0,217.0,223.0
2194.0,505.0,510.0,508.0,220.0,225.0,226.0
2231.0,510.0,523.0,526.0,223.0,226.0,223.0
2263.0,528.0,528.0,534.0,221.0,226.0,226.0
2280.0,531.0,534.0,536.0,228.0,227.0,224.0
2235.0,524.0,519.0,521.0,225.0,223.0,223.0
2237.0,532.0,520.0,513.0,228.0,226.0,218.0
2193.0,515.0,507.0,514.0,222.0,217.0,218.0
2223.0,518.0,517.0,520.0,225.0,221.0,222.0
2271.0,528.0,525.0,536.0,228.0,226.0,228.0
2293.0,533.0,535.0,534.0,230.0,229.0,232.0
2263.0,523.0,527.0,530.0,224.0,228.0,231.0
2252.0,525.0,530.0,523.0,223.0,227.0,224.0
2236.0,519.0,525.0,526.0,221.0,222.0,223.0
2210.0,518.0,521.0,512.0,222.0,220.0,217.0
2221.0,518.0,514.0,524.0,227.0,220.0,218.0
2261.0,520.0,521.0,541.0,228.0,226.0,225.0
2310.0,542.0,529.0,546.0,235.0,231.0,227.0
2304.0,540.0,540.0,533.0,228.0,235.0,228.0
2282.0,532.0,533.0,530.0,225.0,232.0,230.0
2270.0,533.0,526.0,532.0,223.0,226.0,230.0
2237.0,525.0,515.0,526.0,222.0,223.0,226.0
2261.0,528.0,526.0,534.0,222.0,224.0,227.0
2267.0,528.0,531.0,529.0,228.0,225.0,226.0
2301.0,544.0,535.0,536.0,232.0,226.0,228.0
2316.0,538.0,548.0,533.0,234.0,228.0,235.0
2280.0,529.0,536.0,526.0,227.0,231.0,231.0
2258.0,530.0,527.0,528.0,223.0,223.0,227.0
2244.0,523.0,523.0,530.0,221.0,224.0,223.0
2254.0,518.0,530.0,527.0,224.0,227.0,228.0
2284.0,530.0,526.0,537.0,229.0,226.0,236.0
2319.0,536.0,542.0,544.0,231.0,231.0,235.0
2321.0,542.0,542.0,539.0,232.0,231.0,235.0
2312.0,531.0,544.0,541.0,234.0,230.0,232.0
2289.0,534.0,541.0,530.0,230.0,227.0,227.0
2276.0,538.0,532.0,531.0,225.0,228.0,222.0
2248.0,522.0,527.0,523.0,226.0,228.0,222.0
2293.0,534.0,536.0,532.0,228.0,232.0,231.0
2342.0,556.0,544.0,538.0,235.0,236.0,233.0
2339.0,545.0,551.0,542.0,239.0,232.0,230.0
2342.0,546.0,541.0,554.0,234.0,233.0,234.0
2288.0,537.0,531.0,538.0,227.0,224.0,231.0
2271.0,535.0,521.0,535.0,224.0,227.0,229.0
2271.0,524.0,532.0,536.0,224.0,227.0,228.0
2288.0,535.0,531.0,532.0,227.0,230.0,233.0
2341.0,551.0,540.0,545.0,237.0,237.0,231.0
2350.0,545.0,546.0,555.0,234.0,237.0,233.0
2345.0,548.0,541.0,549.0,236.0,238.0,233.0
2318.0,551.0,541.0,531.0,231.0,236.0,228.0
2278.0,527.0,529.0,539.0,227.0,229.0,227.0
2265.0,525.0,518.0,539.0,228.0,226.0,229.0
2332.0,551.0,545.0,541.0,230.0,235.0,230.0
2373.0,553.0,560.0,557.0,234.0,234.0,235.0
2378.0,557.0,555.0,547.0,242.0,237.0,240.0
2356.0,540.0,551.0,557.0,236.0,241.0,231.0
2322.0,546.0,537.0,542.0,237.0,230.0,230.0
2301.0,541.0,535.0,530.0,231.0,230.0,234.0
2310.0,536.0,553.0,531.0,226.0,234.0,230.0
2347.0,550.0,547.0,548.0,233.0,236.0,233.0
2392.0,556.0,560.0,566.0,238.0,234.0,238.0
2367.0,549.0,545.0,564.0,238.0,234.0,237.0
2374.0,557.0,546.0,555.0,240.0,238.0,238.0
2355.0,551.0,552.0,548.0,235.0,233.0,236.0
2319.0,543.0,540.0,535.0,233.0,234.0,234.0
2328.0,540.0,543.0,540.0,233.0,236.0,236.0
2343.0,549.0,540.0,551.0,235.0,235.0,233.0
2398.0,556.0,557.0,567.0,238.0,241.0,239.0
2382.0,550.0,557.0,559.0,237.0,241.0,238.0
2377.0,556.0,560.0,551.0,241.0,237.0,232.0
2353.0,555.0,545.0,545.0,235.0,236.0,237.0
2334.0,549.0,538.0,542.0,237.0,231.0,237.0
2323.0,538.0,543.0,539.0,236.0,232.0,235.0
2394.0,559.0,551.0,565.0,240.0,240.0,239.0
2421.0,569.0,560.0,568.0,239.0,243.0,242.0
2416.0,564.0,559.0,565.0,241.0,242.0,245.0
2404.0,562.0,548.0,568.0,240.0,243.0,243.0
2388.0,554.0,564.0,556.0,242.0,238.0,234.0
2355.0,541.0,556.0,557.0,234.0,235.0,232.0
2356.0,541.0,555.0,554.0,238.0,234.0,234.0
2413.0,567.0,565.0,563.0,240.0,238.0,240.0
2400.0,572.0,547.0,564.0,241.0,236.0,240.0
2426.0,564.0,571.0,557.0,243.0,245.0,246.0
2391.0,556.0,558.0,552.0,241.0,239.0,245.0
2400.0,564.0,560.0,554.0,240.0,241.0,241.0
2361.0,552.0,547.0,550.0,239.0,235.0,238.0
2352.0,542.0,540.0,561.0,237.0,236.0,236.0
2398.0,565.0,562.0,554.0,240.0,237.0,240.0
2443.0,575.0,578.0,568.0,240.0,242.0,240.0
2406.0,554.0,570.0,559.0,241.0,243.0,239.0
2398.0,558.0,560.0,559.0,240.0,241.0,240.0
2396.0,561.0,554.0,565.0,239.0,238.0,239.0
2375.0,558.0,549.0,557.0,238.0,238.0,235.0
2390.0,551.0,559.0,563.0,238.0,241.0,238.0
2416.0,561.0,568.0,560.0,243.0,243.0,241.0
2447.0,576.0,569.0,569.0,240.0,247.0,246.0
2462.0,574.0,579.0,568.0,245.0,246.0,250.0
2428.0,565.0,572.0,562.0,243.0,243.0,243.0
2408.0,563.0,562.0,562.0,242.0,238.0,241.0
2392.0,564.0,559.0,558.0,240.0,236.0,235.0
2389.0,551.0,559.0,560.0,242.0,243.0,234.0
2415.0,563.0,560.0,562.0,248.0,240.0,242.0
2467.0,571.0,581.0,575.0,246.0,250.0,244.0
2493.0,580.0,587.0,576.0,251.0,251.0,248.0
2454.0,571.0,568.0,575.0,246.0,247.0,247.0
2444.0,575.0,568.0,572.0,241.0,244.0,244.0
2412.0,566.0,562.0,565.0,238.0,238.0,243.0
2409.0,562.0,562.0,563.0,240.0,238.0,244.0
2459.0,574.0,577.0,573.0,246.0,244.0,245.0
2464.0,582.0,578.0,568.0,247.0,244.0,245.0
2482.0,577.0,576.0,587.0,247.0,250.0,245.0
2470.0,577.0,576.0,579.0,246.0,247.0,245.0
2430.0,568.0,567.0,572.0,237.0,247.0,239.0
2388.0,555.0,558.0,555.0,237.0,239.0,244.0
2437.0,568.0,568.0,566.0,243.0,243.0,249.0
2458.0,582.0,560.0,570.0,249.0,246.0,251.0
2478.0,579.0,579.0,578.0,250.0,245.0,247.0
2510.0,582.0,594.0,583.0,247.0,252.0,252.0
2489.0,571.0,583.0,589.0,251.0,247.0,248.0
2452.0,575.0,569.0,573.0,242.0,246.0,247.0
2414.0,568.0,558.0,564.0,239.0,244.0,241.0
2403.0,556.0,565.0,551.0,242.0,245.0,244.0
2463.0,572.0,587.0,570.0,244.0,246.0,244.0
2503.0,580.0,589.0,589.0,249.0,246.0,250.0
2497.0,579.0,581.0,585.0,253.0,247.0,252.0
2473.0,571.0,574.0,578.0,250.0,250.0,250.0
2445.0,571.0,573.0,569.0,246.0,242.0,244.0
2445.0,565.0,584.0,563.0,243.0,242.0,248.0
2446.0,573.0,570.0,567.0,243.0,248.0,245.0
2479.0,583.0,574.0,579.0,247.0,249.0,247.0
2522.0,585.0,583.0,596.0,249.0,255.0,254.0
2510.0,582.0,587.0,586.0,253.0,252.0,250.0
2500.0,576.0,588.0,585.0,250.0,249.0,252.0
2482.0,578.0,589.0,567.0,255.0,246.0,247.0
2441.0,567.0,572.0,571.0,244.0,242.0,245.0
2452.0,573.0,563.0,579.0,244.0,246.0,247.0
2498.0,582.0,578.0,581.0,251.0,251.0,255.0
2527.0,595.0,591.0,590.0,249.0,251.0,251.0
2536.0,593.0,595.0,588.0,254.0,252.0,254.0
2511.0,590.0,586.0,579.0,255.0,254.0,247.0
2474.0,574.0,572.0,581.0,251.0,249.0,247.0
2476.0,586.0,576.0,578.0,247.0,246.0,243.0
2483.0,582.0,580.0,581.0,249.0,245.0,246.0
2511.0,590.0,584.0,586.0,249.0,251.0,251.0
2560.0,611.0,591.0,598.0,253.0,254.0,253.0
2534.0,592.0,594.0,587.0,256.0,251.0,254.0
2531.0,593.0,588.0,590.0,252.0,254.0,254.0
2517.0,583.0,592.0,587.0,252.0,251.0,252.0
2489.0,585.0,577.0,581.0,249.0,249.0,248.0
2480.0,576.0,571.0,582.0,248.0,250.0,253.0
2518.0,587.0,589.0,585.0,252.0,254.0,251.0
2568.0,611.0,598.0,596.0,254.0,255.0,254.0
2557.0,595.0,603.0,597.0,254.0,253.0,255.0
2520.0,589.0,592.0,578.0,256.0,254.0,251.0
2505.0,588.0,580.0,587.0,253.0,248.0,249.0
2502.0,580.0,578.0,588.0,250.0,254.0,252.0
2511.0,585.0,592.0,578.0,252.0,254.0,250.0
2542.0,595.0,592.0,592.0,253.0,256.0,254.0
2586.0,608.0,607.0,591.0,256.0,259.0,265.0
2570.0,589.0,602.0,601.0,258.0,259.0,261.0
2558.0,597.0,597.0,604.0,253.0,253.0,254.0
2528.0,591.0,594.0,587.0,253.0,250.0,253.0
2515.0,584.0,593.0,587.0,257.0,247.0,247.0
2524.0,588.0,594.0,588.0,254.0,252.0,248.0
2556.0,599.0,595.0,590.0,261.0,256.0,255.0
2581.0,603.0,603.0,592.0,262.0,264.0,257.0
2625.0,618.0,614.0,609.0,260.0,261.0,263.0
2576.0,591.0,611.0,599.0,257.0,259.0,259.0
2557.0,590.0,600.0,600.0,252.0,257.0,258.0
2522.0,586.0,591.0,584.0,255.0,250.0,256.0
2560.0,599.0,595.0,598.0,258.0,253.0,257.0
2582.0,600.0,612.0,596.0,260.0,256.0,258.0
2592.0,608.0,608.0,597.0,260.0,262.0,257.0
2625.0,610.0,614.0,611.0,262.0,266.0,262.0
2577.0,596.0,600.0,610.0,256.0,259.0,256.0
2562.0,598.0,597.0,599.0,254.0,259.0,255.0
2554.0,592.0,601.0,597.0,256.0,254.0,254.0
2541.0,590.0,597.0,589.0,253.0,255.0,257.0
2577.0,607.0,599.0,597.0,256.0,257.0,261.0
2629.0,610.0,607.0,618.0,267.0,260.0,267.0
2626.0,614.0,611.0,615.0,261.0,263.0,262.0
2617.0,605.0,621.0,606.0,258.0,263.0,264.0
2557.0,598.0,598.0,601.0,252.0,254.0,254.0
2566.0,598.0,598.0,601.0,256.0,259.0,254.0
2558.0,592.0,598.0,596.0,257.0,260.0,255.0
2589.0,599.0,610.0,602.0,263.0,259.0,256.0
2659.0,621.0,619.0,623.0,268.0,266.0,262.0
2641.0,610.0,622.0,618.0,265.0,264.0,262.0
2611.0,609.0,613.0,611.0,260.0,258.0,260.0
2586.0,607.0,601.0,604.0,257.0,256.0,261.0
2558.0,603.0,599.0,591.0,254.0,253.0,258.0
2566.0,593.0,607.0,595.0,255.0,258.0,258.0
2599.0,605.0,604.0,612.0,259.0,258.0,261.0
2666.0,623.0,616.0,628.0,268.0,265.0,266.0
2660.0,618.0,622.0,622.0,269.0,267.0,262.0
2639.0,613.0,622.0,612.0,265.0,266.0,261.0
2584.0,612.0,601.0,602.0,259.0,256.0,254.0
2582.0,609.0,601.0,601.0,255.0,259.0,257.0
2576.0,601.0,601.0,600.0,257.0,258.0,259.0
2636.0,619.0,606.0,618.0,263.0,263.0,267.0
2643.0,621.0,613.0,612.0,265.0,265.0,267.0
2666.0,620.0,618.0,621.0,269.0,270.0,268.0
2647.0,613.0,623.0,611.0,266.0,265.0,269.0
2605.0,615.0,606.0,598.0,262.0,261.0,263.0
2583.0,604.0,591.0,611.0,259.0,259.0,259.0
2604.0,608.0,615.0,610.0,254.0,256.0,261.0
2633.0,616.0,619.0,615.0,260.0,261.0,262.0
2692.0,635.0,624.0,625.0,267.0,270.0,271.0
2656.0,617.0,614.0,618.0,272.0,267.0,268.0
2643.0,614.0,620.0,611.0,266.0,267.0,265.0
2640.0,614.0,615.0,618.0,262.0,264.0,267.0
2608.0,608.0,611.0,609.0,257.0,262.0,261.0
2624.0,605.0,607.0,620.0,263.0,266.0,263.0
2636.0,618.0,604.0,621.0,262.0,267.0,264.0
2685.0,629.0,629.0,621.0,268.0,270.0,268.0
2673.0,623.0,624.0,620.0,271.0,265.0,270.0
2674.0,621.0,627.0,619.0,272.0,269.0,266.0
2647.0,622.0,615.0,617.0,265.0,263.0,265.0
2628.0,618.0,611.0,615.0,263.0,259.0,262.0
2620.0,603.0,608.0,618.0,264.0,261.0,266.0
2661.0,619.0,625.0,621.0,264.0,266.0,266.0
2708.0,631.0,639.0,626.0,269.0,271.0,272.0
2697.0,630.0,630.0,624.0,268.0,270.0,275.0
2676.0,622.0,619.0,626.0,267.0,274.0,268.0
2687.0,628.0,629.0,630.0,269.0,266.0,265.0
2638.0,612.0,615.0,623.0,267.0,262.0,259.0
2642.0,614.0,619.0,616.0,266.0,265.0,262.0
2666.0,621.0,625.0,625.0,265.0,267.0,263.0
2722.0,639.0,630.0,638.0,269.0,277.0,269.0
2693.0,629.0,625.0,624.0,270.0,273.0,272.0
2726.0,628.0,645.0,638.0,270.0,274.0,271.0
2699.0,624.0,630.0,633.0,269.0,272.0,271.0
2655.0,623.0,621.0,615.0,267.0,265.0,264.0
2656.0,620.0,617.0,618.0,268.0,264.0,269.0
2695.0,633.0,637.0,621.0,269.0,269.0,266.0
2735.0,650.0,637.0,634.0,274.0,271.0,269.0
2730.0,635.0,639.0,639.0,273.0,271.0,273.0
2703.0,633.0,627.0,634.0,271.0,269.0,269.0
2700.0,632.0,628.0,633.0,270.0,272.0,265.0
2665.0,625.0,616.0,624.0,270.0,267.0,263.0
2688.0,623.0,634.0,623.0,270.0,269.0,269.0
2705.0,632.0,630.0,629.0,270.0,271.0,273.0
2757.0,647.0,633.0,646.0,276.0,275.0,280.0
2738.0,638.0,639.0,639.0,273.0,273.0,276.0
2724.0,635.0,631.0,643.0,271.0,275.0,269.0
2698.0,634.0,635.0,624.0,266.0,270.0,269.0
2682.0,635.0,622.0,620.0,268.0,271.0,266.0
2679.0,620.0,626.0,626.0,268.0,274.0,265.0
2712.0,627.0,634.0,641.0,272.0,269.0,269.0
2757.0,643.0,657.0,631.0,275.0,277.0,274.0
2752.0,641.0,635.0,650.0,273.0,276.0,277.0
2737.0,640.0,638.0,638.0,272.0,272.0,277.0
2719.0,637.0,638.0,631.0,267.0,272.0,274.0
2699.0,637.0,623.0,630.0,270.0,267.0,272.0
2703.0,632.0,634.0,624.0,272.0,271.0,270.0
2737.0,637.0,640.0,638.0,276.0,272.0,274.0
2766.0,646.0,640.0,650.0,281.0,276.0,273.0
2778.0,644.0,652.0,647.0,277.0,277.0,281.0
2732.0,636.0,639.0,633.0,273.0,275.0,276.0
2732.0,641.0,640.0,634.0,271.0,273.0,273.0
2700.0,626.0,642.0,624.0,270.0,268.0,270.0
2710.0,627.0,630.0,636.0,272.0,269.0,276.0
2749.0,640.0,637.0,648.0,273.0,273.0,278.0
2781.0,652.0,646.0,647.0,277.0,276.0,283.0
2809.0,649.0,664.0,653.0,281.0,280.0,282.0
2764.0,645.0,648.0,640.0,276.0,277.0,278.0
2740.0,642.0,633.0,640.0,275.0,275.0,275.0
2716.0,635.0,634.0,634.0,270.0,274.0,269.0
2710.0,633.0,629.0,638.0,270.0,272.0,268.0
2768.0,643.0,645.0,650.0,281.0,275.0,274.0
2815.0,657.0,656.0,659.0,282.0,279.0,282.0
2786.0,652.0,648.0,649.0,281.0,279.0,277.0
2777.0,648.0,640.0,653.0,280.0,275.0,281.0
2754.0,647.0,641.0,639.0,272.0,277.0,278.0
2743.0,639.0,637.0,645.0,273.0,275.0,274.0
2751.0,637.0,642.0,647.0,272.0,276.0,277.0
2769.0,648.0,639.0,650.0,277.0,276.0,279.0
2802.0,657.0,648.0,657.0,280.0,280.0,280.0
2820.0,655.0,665.0,654.0,288.0,280.0,278.0
2784.0,644.0,653.0,654.0,277.0,278.0,278.0
2783.0,648.0,651.0,652.0,278.0,277.0,277.0
2731.0,633.0,641.0,640.0,275.0,270.0,272.0
2765.0,639.0,648.0,650.0,277.0,274.0,277.0
2795.0,658.0,655.0,647.0,278.0,278.0,279.0
2832.0,663.0,665.0,648.0,282.0,287.0,287.0
2858.0,665.0,671.0,666.0,287.0,284.0,285.0
2813.0,654.0,652.0,657.0,283.0,285.0,282.0
2800.0,652.0,657.0,655.0,278.0,282.0,276.0
2782.0,655.0,649.0,648.0,277.0,278.0,275.0
2774.0,648.0,647.0,643.0,276.0,278.0,282.0
2799.0,647.0,668.0,649.0,278.0,280.0,277.0
2839.0,671.0,656.0,664.0,283.0,279.0,286.0
2843.0,660.0,665.0,663.0,285.0,284.0,286.0
2844.0,654.0,664.0,663.0,285.0,292.0,286.0
2852.0,666.0,668.0,661.0,286.0,284.0,287.0
2782.0,649.0,646.0,651.0,279.0,278.0,279.0
2772.0,650.0,642.0,648.0,279.0,275.0,278.0
2825.0,663.0,657.0,664.0,278.0,279.0,284.0
2856.0,661.0,680.0,661.0,287.0,281.0,286.0
2879.0,666.0,677.0,677.0,285.0,290.0,284.0
2837.0,660.0,662.0,661.0,285.0,286.0,283.0
2810.0,656.0,652.0,659.0,282.0,282.0,279.0
2815.0,655.0,655.0,655.0,283.0,284.0,283.0
2818.0,653.0,665.0,658.0,280.0,281.0,281.0
2842.0,664.0,666.0,657.0,283.0,284.0,288.0
2845.0,665.0,662.0,663.0,283.0,285.0,287.0
2865.0,671.0,665.0,671.0,285.0,285.0,288.0
2837.0,658.0,660.0,662.0,289.0,281.0,287.0
2820.0,656.0,665.0,655.0,282.0,281.0,281.0
2798.0,651.0,661.0,646.0,284.0,279.0,277.0
2828.0,658.0,663.0,655.0,287.0,284.0,281.0
2836.0,662.0,666.0,656.0,285.0,288.0,279.0
2889.0,676.0,669.0,681.0,286.0,286.0,291.0
2900.0,668.0,684.0,681.0,290.0,291.0,286.0
2871.0,664.0,674.0,675.0,288.0,284.0,286.0
2837.0,661.0,658.0,659.0,283.0,288.0,288.0
2804.0,654.0,650.0,653.0,283.0,281.0,283.0
2823.0,656.0,659.0,652.0,287.0,283.0,286.0
2863.0,661.0,672.0,668.0,291.0,288.0,283.0
2924.0,686.0,686.0,675.0,291.0,293.0,293.0
2911.0,687.0,680.0,674.0,288.0,291.0,291.0
2878.0,671.0,669.0,671.0,285.0,292.0,290.0
2859.0,666.0,672.0,662.0,286.0,288.0,285.0
2844.0,663.0,667.0,661.0,287.0,285.0,281.0
2839.0,652.0,668.0,667.0,287.0,281.0,284.0
2866.0,666.0,665.0,672.0,289.0,287.0,287.0
2942.0,686.0,684.0,697.0,290.0,291.0,294.0
2920.0,682.0,688.0,678.0,292.0,287.0,293.0
2900.0,671.0,681.0,680.0,285.0,292.0,291.0
2878.0,674.0,676.0,666.0,288.0,286.0,288.0
2852.0,673.0,663.0,665.0,285.0,285.0,281.0
2870.0,672.0,663.0,677.0,287.0,287.0,284.0
2898.0,670.0,677.0,682.0,292.0,291.0,286.0
2915.0,682.0,686.0,679.0,290.0,288.0,290.0
2917.0,681.0,685.0,678.0,290.0,292.0,291.0
2877.0,660.0,673.0,677.0,287.0,289.0,291.0
2880.0,674.0,669.0,673.0,285.0,288.0,291.0
2856.0,667.0,662.0,664.0,286.0,290.0,287.0
2880.0,665.0,673.0,675.0,289.0,289.0,289.0
2893.0,669.0,678.0,678.0,290.0,288.0,290.0
2935.0,687.0,684.0,679.0,297.0,296.0,292.0
2947.0,682.0,692.0,686.0,299.0,296.0,292.0
2928.0,685.0,688.0,678.0,292.0,294.0,291.0
2890.0,675.0,674.0,678.0,288.0,285.0,290.0
2880.0,670.0,667.0,684.0,285.0,286.0,288.0
2894.0,671.0,674.0,683.0,290.0,286.0,290.0
2901.0,683.0,675.0,673.0,292.0,288.0,290.0
2935.0,679.0,684.0,678.0,299.0,298.0,297.0
2959.0,686.0,693.0,686.0,300.0,297.0,297.0
2925.0,682.0,683.0,685.0,292.0,294.0,289.0
2920.0,682.0,677.0,687.0,291.0,293.0,290.0
2879.0,669.0,668.0,681.0,286.0,286.0,289.0
2900.0,674.0,679.0,677.0,289.0,289.0,292.0
2942.0,688.0,693.0,681.0,296.0,292.0,292.0
2951.0,692.0,692.0,678.0,300.0,295.0,294.0
2973.0,688.0,696.0,697.0,299.0,296.0,297.0
2956.0,681.0,689.0,697.0,297.0,294.0,298.0
2929.0,683.0,684.0,687.0,289.0,291.0,295.0
2931.0,676.0,692.0,689.0,290.0,294.0,290.0
2904.0,666.0,678.0,685.0,291.0,292.0,292.0
2937.0,683.0,689.0,686.0,294.0,292.0,293.0
2963.0,698.0,690.0,685.0,299.0,292.0,299.0
2999.0,694.0,707.0,700.0,301.0,298.0,299.0
2961.0,687.0,688.0,701.0,297.0,294.0,294.0
2943.0,690.0,687.0,686.0,293.0,294.0,293.0
2924.0,688.0,675.0,685.0,292.0,290.0,294.0
2928.0,690.0,681.0,682.0,290.0,292.0,293.0
2966.0,693.0,692.0,689.0,298.0,298.0,296.0
2988.0,695.0,697.0,697.0,298.0,299.0,302.0
2994.0,689.0,688.0,709.0,304.0,300.0,304.0
2991.0,690.0,699.0,707.0,300.0,297.0,298.0
2959.0,693.0,687.0,693.0,299.0,292.0,295.0
2929.0,683.0,684.0,685.0,294.0,291.0,292.0
2932.0,679.0,691.0,685.0,295.0,293.0,289.0
2970.0,690.0,698.0,692.0,297.0,296.0,297.0
3027.0,711.0,700.0,709.0,302.0,306.0,299.0
3028.0,701.0,704.0,711.0,305.0,302.0,305.0
2995.0,696.0,697.0,698.0,303.0,300.0,301.0
2968.0,687.0,695.0,691.0,299.0,297.0,299.0
2923.0,687.0,679.0,674.0,295.0,293.0,295.0
2931.0,681.0,691.0,678.0,295.0,291.0,295.0
2980.0,692.0,698.0,701.0,298.0,294.0,297.0
3030.0,716.0,709.0,706.0,299.0,302.0,298.0
3019.0,702.0,704.0,708.0,301.0,302.0,302.0
3007.0,704.0,695.0,701.0,304.0,302.0,301.0
2984.0,697.0,694.0,696.0,298.0,302.0,297.0
2963.0,692.0,687.0,692.0,299.0,298.0,295.0
2986.0,693.0,700.0,696.0,300.0,300.0,297.0
3002.0,700.0,696.0,705.0,299.0,300.0,302.0
3033.0,713.0,705.0,704.0,304.0,303.0,304.0
3027.0,709.0,702.0,705.0,301.0,303.0,307.0
3004.0,692.0,708.0,699.0,301.0,301.0,303.0
3003.0,702.0,698.0,701.0,302.0,300.0,300.0
2981.0,694.0,697.0,694.0,300.0,297.0,299.0
2981.0,694.0,693.0,703.0,299.0,296.0,296.0
2989.0,698.0,688.0,712.0,298.0,299.0,294.0
3055.0,714.0,709.0,720.0,304.0,306.0,302.0
3059.0,710.0,718.0,713.0,307.0,305.0,306.0
3012.0,703.0,702.0,699.0,303.0,302.0,303.0
3004.0,705.0,696.0,703.0,299.0,301.0,300.0
2984.0,698.0,684.0,698.0,302.0,300.0,302.0
2996.0,689.0,702.0,709.0,300.0,298.0,298.0
3044.0,706.0,708.0,711.0,306.0,309.0,304.0
3065.0,722.0,707.0,713.0,309.0,308.0,306.0
3059.0,716.0,709.0,713.0,306.0,309.0,306.0
3041.0,711.0,708.0,710.0,303.0,306.0,303.0
3028.0,713.0,704.0,713.0,299.0,300.0,299.0
2998.0,698.0,706.0,701.0,299.0,296.0,298.0
3016.0,702.0,707.0,707.0,300.0,299.0,301.0
3043.0,706.0,708.0,714.0,307.0,302.0,306.0
3072.0,719.0,713.0,717.0,309.0,305.0,309.0
3097.0,721.0,730.0,718.0,308.0,312.0,308.0
3073.0,721.0,716.0,714.0,304.0,309.0,309.0
3051.0,711.0,707.0,712.0,305.0,309.0,307.0
2993.0,703.0,683.0,707.0,299.0,303.0,298.0
3038.0,709.0,707.0,709.0,305.0,304.0,304.0
3047.0,706.0,715.0,709.0,309.0,304.0,304.0
3107.0,727.0,729.0,721.0,314.0,307.0,309.0
3095.0,719.0,718.0,722.0,312.0,311.0,313.0
3058.0,710.0,710.0,716.0,306.0,308.0,308.0
3076.0,718.0,724.0,714.0,305.0,309.0,306.0
3035.0,710.0,711.0,702.0,301.0,305.0,306.0
3012.0,699.0,707.0,702.0,300.0,302.0,302.0
3040.0,714.0,703.0,709.0,308.0,301.0,305.0
3094.0,729.0,713.0,719.0,314.0,312.0,307.0
3099.0,718.0,731.0,726.0,313.0,306.0,305.0
3113.0,728.0,729.0,729.0,313.0,306.0,308.0
3072.0,722.0,718.0,712.0,306.0,308.0,306.0
3051.0,709.0,709.0,721.0,303.0,304.0,305.0
3048.0,707.0,707.0,712.0,307.0,309.0,306.0
3089.0,722.0,717.0,723.0,302.0,314.0,311.0
3132.0,731.0,736.0,726.0,312.0,313.0,314.0
3122.0,719.0,730.0,735.0,314.0,313.0,311.0
3109.0,726.0,720.0,731.0,312.0,312.0,308.0
3069.0,720.0,711.0,721.0,305.0,303.0,309.0
3047.0,722.0,713.0,708.0,304.0,299.0,301.0
3057.0,713.0,726.0,704.0,304.0,304.0,306.0
3116.0,726.0,728.0,726.0,310.0,316.0,310.0
3154.0,750.0,732.0,734.0,314.0,316.0,308.0
3117.0,727.0,721.0,730.0,312.0,313.0,314.0
3111.0,720.0,725.0,722.0,314.0,316.0,314.0
3107.0,724.0,729.0,721.0,311.0,312.0,310.0
3079.0,723.0,719.0,713.0,308.0,305.0,311.0
3059.0,708.0,716.0,718.0,307.0,303.0,307.0
3105.0,722.0,722.0,727.0,311.0,310.0,313.0
3165.0,742.0,744.0,740.0,312.0,312.0,315.0
3144.0,718.0,741.0,745.0,313.0,314.0,313.0
3137.0,723.0,730.0,738.0,315.0,319.0,312.0
3108.0,732.0,719.0,720.0,312.0,314.0,311.0
3082.0,720.0,717.0,713.0,311.0,316.0,305.0
3089.0,711.0,730.0,721.0,309.0,307.0,311.0
3145.0,739.0,738.0,736.0,311.0,309.0,312.0
3156.0,734.0,738.0,742.0,312.0,312.0,318.0
3179.0,737.0,746.0,744.0,316.0,316.0,320.0
3156.0,732.0,738.0,740.0,312.0,316.0,318.0
3112.0,729.0,729.0,723.0,313.0,308.0,310.0
3119.0,724.0,731.0,728.0,319.0,310.0,307.0
3114.0,722.0,729.0,729.0,311.0,314.0,309.0
3144.0,735.0,722.0,742.0,314.0,316.0,315.0
3163.0,744.0,733.0,741.0,313.0,315.0,317.0
3185.0,741.0,750.0,745.0,315.0,316.0,318.0
3149.0,724.0,746.0,733.0,317.0,314.0,315.0
3143.0,739.0,730.0,727.0,319.0,314.0,314.0
3112.0,721.0,719.0,733.0,313.0,312.0,314.0
3093.0,713.0,721.0,721.0,314.0,313.0,311.0
3159.0,740.0,738.0,736.0,318.0,312.0,315.0
3196.0,743.0,749.0,746.0,319.0,319.0,320.0
3183.0,745.0,747.0,736.0,316.0,320.0,319.0
3172.0,737.0,738.0,739.0,320.0,320.0,318.0
3175.0,738.0,735.0,753.0,318.0,315.0,316.0
3135.0,733.0,738.0,732.0,311.0,311.0,310.0
3132.0,722.0,734.0,737.0,316.0,310.0,313.0
3141.0,735.0,731.0,735.0,315.0,313.0,312.0
3184.0,752.0,734.0,739.0,318.0,321.0,320.0
3214.0,753.0,748.0,747.0,320.0,321.0,325.0
3208.0,741.0,757.0,749.0,320.0,323.0,318.0
3190.0,747.0,747.0,750.0,314.0,315.0,317.0
3144.0,743.0,729.0,730.0,315.0,315.0,312.0
3160.0,739.0,734.0,739.0,317.0,314.0,317.0
3192.0,748.0,746.0,739.0,321.0,321.0,317.0
3227.0,755.0,762.0,750.0,320.0,323.0,317.0
3226.0,763.0,742.0,750.0,323.0,322.0,326.0
3223.0,759.0,748.0,753.0,317.0,322.0,324.0
3157.0,740.0,721.0,744.0,313.0,318.0,321.0
3184.0,746.0,745.0,740.0,316.0,318.0,319.0
3187.0,738.0,751.0,741.0,319.0,322.0,316.0
3218.0,751.0,752.0,746.0,323.0,322.0,324.0
3221.0,757.0,749.0,749.0,326.0,321.0,319.0
3246.0,759.0,757.0,757.0,325.0,322.0,326.0
3226.0,752.0,758.0,757.0,319.0,319.0,321.0
3180.0,747.0,737.0,743.0,318.0,315.0,320.0
3169.0,743.0,739.0,741.0,316.0,314.0,316.0
3168.0,742.0,737.0,734.0,318.0,320.0,317.0
3210.0,751.0,745.0,747.0,323.0,322.0,322.0
3240.0,760.0,752.0,755.0,326.0,324.0,323.0
3262.0,761.0,758.0,768.0,323.0,325.0,327.0
3225.0,758.0,753.0,746.0,320.0,324.0,324.0
3201.0,756.0,743.0,749.0,319.0,317.0,317.0
3181.0,745.0,744.0,742.0,319.0,316.0,315.0
3181.0,740.0,746.0,740.0,320.0,319.0,316.0
3216.0,748.0,753.0,751.0,323.0,322.0,319.0
3265.0,766.0,761.0,763.0,326.0,327.0,322.0
3258.0,754.0,761.0,764.0,326.0,326.0,327.0
3241.0,751.0,755.0,757.0,324.0,329.0,325.0
3220.0,756.0,752.0,744.0,321.0,324.0,323.0
3193.0,747.0,753.0,738.0,316.0,319.0,320.0
3209.0,748.0,747.0,749.0,322.0,320.0,323.0
3216.0,751.0,748.0,759.0,322.0,318.0,318.0
3281.0,774.0,762.0,764.0,330.0,326.0,325.0
3273.0,763.0,771.0,758.0,329.0,324.0,328.0
3268.0,764.0,756.0,764.0,327.0,330.0,327.0
3233.0,762.0,754.0,749.0,324.0,322.0,322.0
3220.0,754.0,744.0,751.0,323.0,327.0,321.0
3213.0,744.0,750.0,752.0,320.0,325.0,322.0
3283.0,763.0,772.0,763.0,326.0,329.0,330.0
3279.0,769.0,766.0,766.0,328.0,326.0,324.0
3304.0,770.0,777.0,765.0,333.0,328.0,331.0
3254.0,753.0,760.0,756.0,326.0,329.0,330.0
3232.0,766.0,748.0,745.0,327.0,325.0,321.0
3228.0,756.0,756.0,746.0,327.0,322.0,321.0
3251.0,755.0,760.0,766.0,323.0,325.0,322.0
3254.0,757.0,758.0,761.0,325.0,330.0,323.0
3294.0,775.0,769.0,765.0,328.0,328.0,329.0
3273.0,764.0,761.0,764.0,326.0,330.0,328.0
3288.0,764.0,773.0,764.0,330.0,326.0,331.0
3254.0,764.0,764.0,748.0,326.0,324.0,328.0
3249.0,756.0,753.0,773.0,322.0,320.0,325.0
3239.0,750.0,752.0,762.0,328.0,324.0,323.0
3299.0,767.0,767.0,777.0,329.0,330.0,329.0
3301.0,772.0,773.0,763.0,329.0,333.0,331.0
3339.0,779.0,787.0,772.0,334.0,335.0,332.0
3284.0,771.0,762.0,764.0,328.0,332.0,327.0
3265.0,762.0,761.0,765.0,325.0,330.0,322.0
3256.0,756.0,760.0,767.0,330.0,322.0,321.0
3257.0,753.0,765.0,760.0,325.0,322.0,332.0
3307.0,772.0,778.0,766.0,329.0,331.0,331.0
3337.0,787.0,775.0,773.0,332.0,334.0,336.0
3336.0,775.0,780.0,782.0,332.0,334.0,333.0
3337.0,776.0,777.0,780.0,334.0,336.0,334.0
3304.0,766.0,774.0,776.0,330.0,331.0,327.0
3276.0,763.0,762.0,766.0,328.0,330.0,327.0
3278.0,762.0,756.0,769.0,332.0,331.0,328.0
3303.0,772.0,766.0,774.0,333.0,328.0,330.0
3335.0,781.0,785.0,771.0,331.0,334.0,333.0
3344.0,769.0,789.0,786.0,335.0,332.0,333.0
3338.0,777.0,779.0,782.0,335.0,334.0,331.0
3314.0,775.0,764.0,783.0,327.0,331.0,334.0
3292.0,763.0,767.0,771.0,331.0,331.0,329.0
3288.0,766.0,775.0,765.0,327.0,329.0,326.0
3336.0,777.0,782.0,769.0,336.0,336.0,336.0
3346.0,784.0,779.0,782.0,335.0,333.0,333.0
3359.0,790.0,777.0,785.0,334.0,337.0,336.0
3324.0,772.0,774.0,783.0,328.0,333.0,334.0
3298.0,776.0,769.0,767.0,328.0,328.0,330.0
3292.0,775.0,770.0,759.0,328.0,328.0,332.0
3301.0,769.0,770.0,767.0,335.0,333.0,327.0
3348.0,784.0,780.0,776.0,337.0,332.0,339.0
3383.0,794.0,790.0,786.0,336.0,339.0,338.0
3397.0,785.0,796.0,800.0,338.0,339.0,339.0
3362.0,788.0,783.0,784.0,331.0,337.0,339.0
3336.0,776.0,779.0,785.0,332.0,331.0,333.0
3318.0,773.0,776.0,775.0,331.0,332.0,331.0
3299.0,765.0,768.0,768.0,334.0,331.0,333.0
3350.0,784.0,785.0,773.0,338.0,337.0,333.0
3381.0,798.0,779.0,791.0,340.0,335.0,338.0
3397.0,796.0,782.0,800.0,337.0,341.0,341.0
3392.0,787.0,793.0,795.0,336.0,339.0,342.0
3365.0,782.0,790.0,788.0,332.0,334.0,339.0
3344.0,777.0,785.0,776.0,334.0,337.0,335.0
3337.0,769.0,781.0,781.0,338.0,333.0,335.0
3362.0,789.0,780.0,788.0,338.0,330.0,337.0
3381.0,790.0,789.0,787.0,341.0,337.0,337.0
3404.0,796.0,793.0,795.0,339.0,341.0,340.0
3388.0,786.0,803.0,790.0,338.0,337.0,334.0
3382.0,793.0,795.0,783.0,336.0,339.0,336.0
3326.0,785.0,777.0,768.0,330.0,335.0,331.0
3323.0,771.0,775.0,781.0,328.0,335.0,333.0
3409.0,799.0,789.0,799.0,342.0,339.0,341.0
3416.0,791.0,803.0,795.0,343.0,340.0,344.0
3404.0,789.0,794.0,796.0,345.0,338.0,342.0
3381.0,785.0,786.0,790.0,339.0,340.0,341.0
3352.0,784.0,786.0,778.0,331.0,335.0,338.0
3356.0,786.0,786.0,787.0,332.0,334.0,331.0
3375.0,784.0,789.0,793.0,336.0,338.0,335.0
3406.0,794.0,796.0,795.0,338.0,341.0,342.0
3455.0,807.0,809.0,802.0,345.0,346.0,346.0
3422.0,793.0,786.0,805.0,347.0,346.0,345.0
3400.0,784.0,795.0,795.0,343.0,341.0,342.0
3380.0,793.0,794.0,778.0,340.0,335.0,340.0
3371.0,793.0,784.0,788.0,336.0,334.0,336.0
3368.0,783.0,781.0,791.0,335.0,337.0,341.0
3388.0,788.0,797.0,787.0,338.0,340.0,338.0
3447.0,803.0,818.0,795.0,344.0,345.0,342.0
3460.0,802.0,816.0,801.0,346.0,349.0,346.0
3436.0,805.0,807.0,794.0,346.0,343.0,341.0
3402.0,797.0,787.0,793.0,344.0,343.0,338.0
3387.0,788.0,787.0,798.0,339.0,338.0,337.0
3386.0,784.0,796.0,794.0,338.0,334.0,340.0
3431.0,799.0,809.0,798.0,338.0,340.0,347.0
3445.0,809.0,802.0,802.0,344.0,340.0,348.0
3444.0,800.0,807.0,799.0,346.0,343.0,349.0
3434.0,794.0,801.0,803.0,345.0,347.0,344.0
3438.0,799.0,804.0,806.0,344.0,344.0,341.0
3412.0,795.0,803.0,798.0,342.0,341.0,333.0
3405.0,795.0,798.0,793.0,338.0,341.0,340.0
3413.0,802.0,791.0,792.0,341.0,344.0,343.0
3439.0,809.0,800.0,800.0,344.0,343.0,343.0
3473.0,803.0,813.0,810.0,352.0,346.0,349.0
3453.0,796.0,806.0,815.0,345.0,344.0,347.0
3437.0,803.0,797.0,809.0,343.0,339.0,346.0
3409.0,792.0,789.0,800.0,346.0,343.0,339.0
3420.0,793.0,797.0,796.0,344.0,345.0,345.0
3448.0,801.0,808.0,805.0,340.0,349.0,345.0
3474.0,811.0,815.0,809.0,345.0,349.0,345.0
3490.0,818.0,810.0,811.0,351.0,351.0,349.0
3478.0,809.0,812.0,820.0,345.0,345.0,347.0
3441.0,813.0,792.0,802.0,345.0,343.0,346.0
3430.0,798.0,806.0,802.0,343.0,340.0,341.0
3435.0,802.0,804.0,800.0,344.0,342.0,343.0
3472.0,813.0,809.0,813.0,344.0,348.0,345.0
3498.0,808.0,821.0,818.0,346.0,354.0,351.0
3499.0,813.0,820.0,816.0,348.0,352.0,350.0
3499.0,816.0,818.0,818.0,347.0,349.0,351.0
3464.0,812.0,805.0,811.0,344.0,345.0,347.0
3416.0,800.0,800.0,788.0,344.0,342.0,342.0
3414.0,797.0,797.0,796.0,343.0,339.0,342.0
3480.0,808.0,813.0,817.0,349.0,345.0,348.0
3524.0,823.0,827.0,824.0,348.0,352.0,350.0
3523.0,813.0,826.0,829.0,353.0,352.0,350.0
3490.0,808.0,814.0,817.0,350.0,351.0,350.0
3474.0,819.0,806.0,809.0,342.0,347.0,351.0
3455.0,808.0,804.0,800.0,345.0,352.0,346.0
3463.0,804.0,805.0,811.0,348.0,346.0,349.0
3501.0,815.0,819.0,816.0,354.0,346.0,351.0
3547.0,840.0,822.0,828.0,353.0,352.0,352.0
3524.0,828.0,823.0,821.0,351.0,352.0,349.0
3495.0,814.0,818.0,815.0,348.0,349.0,351.0
3491.0,825.0,816.0,809.0,345.0,349.0,347.0
3462.0,809.0,808.0,804.0,344.0,349.0,348.0
3470.0,811.0,802.0,811.0,347.0,352.0,347.0
3495.0,812.0,811.0,820.0,351.0,352.0,349.0
3552.0,826.0,829.0,833.0,356.0,353.0,355.0
3536.0,826.0,829.0,821.0,352.0,352.0,356.0
3506.0,813.0,815.0,821.0,351.0,354.0,352.0
3491.0,818.0,812.0,817.0,347.0,347.0,350.0
3472.0,816.0,804.0,817.0,344.0,342.0,349.0
3490.0,807.0,814.0,822.0,348.0,351.0,348.0
3528.0,818.0,822.0,826.0,356.0,354.0,352.0
3553.0,834.0,826.0,829.0,356.0,356.0,352.0
3535.0,819.0,822.0,828.0,358.0,355.0,353.0
3534.0,820.0,835.0,818.0,357.0,353.0,351.0
3504.0,820.0,822.0,815.0,347.0,348.0,352.0
3505.0,812.0,821.0,823.0,348.0,348.0,353.0
3483.0,807.0,816.0,815.0,348.0,349.0,348.0
3528.0,828.0,818.0,820.0,354.0,354.0,354.0
3578.0,838.0,835.0,836.0,358.0,356.0,355.0
3565.0,827.0,839.0,824.0,362.0,356.0,357.0
3567.0,830.0,838.0,828.0,357.0,358.0,356.0
3539.0,834.0,824.0,824.0,350.0,357.0,350.0
3497.0,815.0,806.0,823.0,350.0,353.0,350.0
3493.0,813.0,818.0,813.0,352.0,344.0,353.0
3562.0,839.0,833.0,824.0,355.0,353.0,358.0
3594.0,843.0,839.0,835.0,362.0,356.0,359.0
3586.0,838.0,839.0,833.0,358.0,361.0,357.0
3559.0,829.0,828.0,830.0,361.0,354.0,357.0
3555.0,829.0,823.0,833.0,362.0,356.0,352.0
3550.0,830.0,829.0,827.0,352.0,358.0,354.0
3549.0,824.0,838.0,830.0,349.0,353.0,355.0
3550.0,831.0,823.0,829.0,355.0,357.0,355.0
3583.0,841.0,836.0,835.0,358.0,358.0,355.0
3582.0,830.0,838.0,837.0,362.0,357.0,358.0
3599.0,834.0,846.0,843.0,362.0,357.0,357.0
3573.0,832.0,834.0,837.0,357.0,354.0,359.0
3532.0,825.0,814.0,828.0,353.0,356.0,356.0
3525.0,825.0,813.0,822.0,351.0,359.0,355.0
3583.0,837.0,840.0,832.0,356.0,361.0,357.0
3623.0,849.0,846.0,846.0,359.0,364.0,359.0
3636.0,854.0,844.0,848.0,366.0,363.0,361.0
3569.0,837.0,831.0,834.0,356.0,355.0,356.0
3571.0,832.0,828.0,839.0,359.0,357.0,356.0
3552.0,828.0,828.0,829.0,355.0,354.0,358.0
3562.0,835.0,833.0,823.0,355.0,356.0,360.0
3603.0,837.0,844.0,837.0,361.0,360.0,364.0
3629.0,852.0,838.0,846.0,364.0,364.0,365.0
3629.0,852.0,848.0,838.0,362.0,366.0,363.0
3634.0,848.0,842.0,856.0,360.0,364.0,364.0
3590.0,836.0,838.0,841.0,360.0,358.0,357.0
3577.0,834.0,839.0,834.0,358.0,357.0,355.0
3550.0,822.0,825.0,834.0,357.0,357.0,355.0
3588.0,836.0,837.0,841.0,358.0,358.0,358.0
3648.0,851.0,852.0,856.0,363.0,364.0,362.0
3644.0,847.0,858.0,854.0,360.0,365.0,360.0
3630.0,843.0,845.0,851.0,361.0,365.0,365.0
3602.0,843.0,841.0,835.0,361.0,363.0,359.0
3570.0,847.0,823.0,823.0,358.0,357.0,362.0
3584.0,834.0,840.0,834.0,359.0,360.0,357.0
3609.0,846.0,844.0,833.0,358.0,366.0,362.0
3656.0,855.0,850.0,863.0,363.0,362.0,363.0
3650.0,850.0,852.0,860.0,363.0,363.0,362.0
3640.0,853.0,848.0,850.0,364.0,366.0,359.0
3613.0,843.0,851.0,833.0,364.0,360.0,362.0
3595.0,838.0,842.0,835.0,364.0,358.0,358.0
3598.0,830.0,842.0,839.0,364.0,362.0,361.0
3638.0,847.0,845.0,848.0,367.0,366.0,365.0
3640.0,858.0,841.0,845.0,366.0,365.0,365.0
3689.0,858.0,867.0,860.0,365.0,367.0,372.0
3643.0,854.0,849.0,848.0,363.0,363.0,366.0
3623.0,851.0,844.0,843.0,361.0,361.0,363.0
3605.0,850.0,837.0,840.0,362.0,360.0,356.0
3608.0,846.0,834.0,847.0,363.0,360.0,358.0
3662.0,852.0,853.0,858.0,370.0,366.0,363.0
3692.0,865.0,859.0,863.0,367.0,372.0,366.0
3671.0,851.0,856.0,851.0,370.0,372.0,371.0
3664.0,853.0,852.0,854.0,363.0,372.0,370.0
3625.0,851.0,848.0,848.0,358.0,360.0,360.0
3622.0,840.0,851.0,845.0,362.0,359.0,365.0
3630.0,841.0,852.0,850.0,364.0,361.0,362.0
3652.0,857.0,844.0,855.0,367.0,362.0,367.0
3692.0,860.0,859.0,862.0,373.0,371.0,367.0
3703.0,869.0,860.0,862.0,372.0,371.0,369.0
3699.0,860.0,863.0,869.0,366.0,372.0,369.0
3657.0,854.0,851.0,850.0,366.0,369.0,367.0
3624.0,847.0,837.0,853.0,364.0,362.0,361.0
3638.0,847.0,846.0,853.0,365.0,362.0,365.0
3692.0,854.0,869.0,863.0,367.0,370.0,369.0
3743.0,882.0,871.0,870.0,377.0,369.0,374.0
3709.0,863.0,873.0,858.0,373.0,370.0,372.0
3697.0,856.0,856.0,875.0,373.0,367.0,370.0
3670.0,865.0,854.0,854.0,365.0,369.0,363.0
3647.0,855.0,858.0,847.0,363.0,363.0,361.0
3662.0,855.0,861.0,854.0,364.0,363.0,365.0
3683.0,865.0,857.0,855.0,367.0,372.0,367.0
3727.0,875.0,865.0,873.0,373.0,371.0,370.0
3712.0,861.0,863.0,863.0,375.0,375.0,375.0
3713.0,860.0,866.0,874.0,372.0,370.0,371.0
3708.0,865.0,873.0,867.0,369.0,366.0,368.0
3664.0,857.0,853.0,859.0,365.0,362.0,368.0
3633.0,842.0,848.0,847.0,363.0,368.0,365.0
3705.0,868.0,864.0,857.0,375.0,369.0,372.0
3745.0,885.0,871.0,864.0,375.0,376.0,374.0
3737.0,879.0,873.0,869.0,375.0,373.0,368.0
3714.0,861.0,860.0,875.0,374.0,375.0,369.0
3698.0,870.0,854.0,870.0,371.0,367.0,366.0
3650.0,848.0,851.0,853.0,367.0,364.0,367.0
3657.0,861.0,857.0,846.0,363.0,365.0,365.0
3702.0,857.0,872.0,860.0,373.0,367.0,373.0
3753.0,879.0,873.0,879.0,370.0,374.0,378.0
3772.0,880.0,879.0,882.0,378.0,379.0,374.0
3754.0,877.0,875.0,881.0,376.0,376.0,369.0
3720.0,870.0,867.0,864.0,373.0,374.0,372.0
3689.0,857.0,866.0,863.0,371.0,368.0,364.0
3695.0,858.0,872.0,861.0,372.0,367.0,365.0
3720.0,870.0,867.0,868.0,374.0,370.0,371.0
3771.0,884.0,879.0,888.0,373.0,374.0,373.0
3782.0,880.0,887.0,885.0,376.0,376.0,378.0
3774.0,876.0,878.0,883.0,383.0,373.0,381.0
3744.0,883.0,872.0,863.0,374.0,375.0,377.0
3713.0,870.0,862.0,857.0,375.0,373.0,376.0
3699.0,858.0,862.0,864.0,371.0,371.0,373.0
3769.0,883.0,886.0,876.0,375.0,375.0,374.0
3763.0,881.0,878.0,880.0,373.0,377.0,374.0
3763.0,879.0,877.0,885.0,373.0,373.0,376.0
3755.0,877.0,874.0,878.0,374.0,376.0,376.0
3716.0,864.0,864.0,867.0,374.0,374.0,373.0
3731.0,872.0,878.0,863.0,377.0,372.0,369.0
3723.0,864.0,869.0,872.0,374.0,372.0,372.0
3761.0,875.0,867.0,884.0,376.0,381.0,378.0
3803.0,892.0,881.0,885.0,376.0,384.0,385.0
3785.0,878.0,883.0,883.0,382.0,381.0,378.0
3797.0,881.0,895.0,882.0,382.0,379.0,378.0
3763.0,885.0,880.0,876.0,376.0,373.0,373.0
3748.0,874.0,876.0,875.0,380.0,373.0,370.0
3740.0,865.0,868.0,889.0,374.0,372.0,372.0
3768.0,877.0,883.0,878.0,377.0,378.0,375.0
3822.0,902.0,889.0,887.0,382.0,381.0,381.0
3790.0,878.0,891.0,877.0,377.0,387.0,380.0
3789.0,887.0,881.0,880.0,378.0,381.0,382.0
3748.0,880.0,875.0,867.0,377.0,375.0,374.0
3775.0,889.0,878.0,878.0,376.0,376.0,378.0
3757.0,878.0,876.0,877.0,377.0,371.0,378.0
3796.0,883.0,892.0,890.0,378.0,374.0,379.0
3798.0,888.0,885.0,884.0,380.0,381.0,380.0
3832.0,899.0,901.0,894.0,381.0,381.0,376.0
3813.0,891.0,890.0,885.0,382.0,385.0,380.0
3779.0,880.0,886.0,882.0,376.0,378.0,377.0
3751.0,880.0,878.0,871.0,372.0,374.0,376.0
3772.0,874.0,881.0,880.0,376.0,379.0,382.0
3804.0,885.0,888.0,890.0,378.0,380.0,383.0
3842.0,893.0,898.0,900.0,384.0,381.0,386.0
3848.0,898.0,903.0,897.0,382.0,385.0,383.0
3814.0,888.0,888.0,901.0,378.0,379.0,380.0
3802.0,892.0,876.0,896.0,380.0,380.0,378.0
3789.0,889.0,886.0,882.0,377.0,378.0,377.0
3809.0,884.0,891.0,892.0,383.0,383.0,376.0
3828.0,891.0,893.0,893.0,384.0,387.0,380.0
3849.0,905.0,890.0,897.0,388.0,385.0,384.0
3846.0,893.0,901.0,896.0,384.0,386.0,386.0
3836.0,893.0,894.0,902.0,380.0,382.0,385.0
3815.0,887.0,886.0,901.0,379.0,379.0,383.0
3774.0,879.0,884.0,881.0,378.0,372.0,380.0
3794.0,881.0,889.0,887.0,379.0,377.0,381.0
3821.0,896.0,888.0,892.0,384.0,378.0,383.0
3876.0,913.0,903.0,902.0,386.0,389.0,383.0
3848.0,894.0,889.0,905.0,387.0,388.0,385.0
3852.0,894.0,906.0,904.0,382.0,385.0,381.0
3825.0,895.0,887.0,898.0,380.0,384.0,381.0
3783.0,889.0,881.0,884.0,374.0,378.0,377.0
3803.0,888.0,887.0,882.0,381.0,382.0,383.0
3848.0,898.0,903.0,898.0,386.0,381.0,382.0
3860.0,902.0,909.0,893.0,386.0,383.0,387.0
3887.0,905.0,908.0,907.0,389.0,387.0,391.0
3877.0,902.0,897.0,913.0,389.0,388.0,388.0
3843.0,897.0,899.0,891.0,387.0,384.0,385.0
3820.0,901.0,896.0,882.0,379.0,383.0,379.0
3815.0,889.0,894.0,890.0,376.0,386.0,380.0
3844.0,897.0,897.0,899.0,383.0,385.0,383.0
3895.0,910.0,906.0,916.0,384.0,390.0,389.0
3894.0,908.0,902.0,914.0,389.0,389.0,392.0
3887.0,895.0,916.0,905.0,388.0,390.0,393.0
3854.0,900.0,898.0,895.0,389.0,385.0,387.0
3835.0,901.0,894.0,897.0,378.0,379.0,386.0
3845.0,900.0,891.0,900.0,383.0,385.0,386.0
3872.0,901.0,898.0,912.0,388.0,384.0,389.0
3899.0,918.0,907.0,911.0,389.0,388.0,386.0
3910.0,912.0,913.0,913.0,394.0,391.0,387.0
3867.0,905.0,897.0,900.0,392.0,388.0,385.0
3875.0,911.0,902.0,901.0,391.0,386.0,384.0
3840.0,903.0,891.0,892.0,382.0,387.0,385.0
3826.0,891.0,891.0,896.0,380.0,384.0,384.0
3890.0,902.0,912.0,913.0,385.0,387.0,391.0
3926.0,913.0,909.0,926.0,391.0,396.0,391.0
3928.0,914.0,908.0,923.0,398.0,394.0,391.0
3901.0,909.0,910.0,908.0,391.0,390.0,393.0
3886.0,909.0,907.0,905.0,390.0,387.0,388.0
3841.0,903.0,897.0,890.0,385.0,385.0,381.0
3868.0,904.0,897.0,910.0,384.0,386.0,387.0
3858.0,896.0,892.0,907.0,390.0,385.0,388.0
3928.0,924.0,914.0,913.0,394.0,392.0,391.0
3916.0,910.0,915.0,908.0,391.0,398.0,394.0
3934.0,918.0,915.0,916.0,394.0,397.0,394.0
3921.0,916.0,908.0,917.0,391.0,394.0,395.0
3877.0,906.0,898.0,910.0,390.0,387.0,386.0
3877.0,900.0,908.0,906.0,392.0,379.0,392.0
3909.0,913.0,915.0,911.0,390.0,390.0,390.0
3911.0,913.0,907.0,915.0,392.0,390.0,394.0
3937.0,923.0,919.0,917.0,394.0,395.0,389.0
3937.0,915.0,921.0,919.0,396.0,395.0,391.0
3911.0,903.0,918.0,913.0,394.0,393.0,390.0
3897.0,913.0,911.0,907.0,389.0,390.0,387.0
3903.0,912.0,904.0,917.0,391.0,392.0,387.0
3912.0,911.0,909.0,910.0,395.0,393.0,394.0
3972.0,935.0,922.0,926.0,397.0,394.0,398.0
3955.0,920.0,925.0,924.0,393.0,391.0,402.0
3939.0,907.0,932.0,923.0,393.0,391.0,393.0
3921.0,914.0,913.0,922.0,392.0,390.0,390.0
3910.0,912.0,911.0,919.0,391.0,390.0,387.0
3903.0,906.0,913.0,913.0,392.0,391.0,388.0
3930.0,917.0,921.0,909.0,396.0,395.0,392.0
3985.0,934.0,930.0,924.0,399.0,402.0,396.0
3986.0,930.0,929.0,930.0,397.0,402.0,398.0
3938.0,918.0,916.0,924.0,394.0,391.0,395.0
3940.0,920.0,914.0,924.0,396.0,390.0,396.0
3912.0,912.0,911.0,912.0,392.0,389.0,396.0
3919.0,908.0,918.0,915.0,394.0,392.0,392.0
3924.0,918.0,911.0,911.0,396.0,395.0,393.0
3963.0,927.0,922.0,920.0,398.0,398.0,398.0
3985.0,927.0,925.0,936.0,399.0,402.0,396.0
4001.0,927.0,941.0,937.0,395.0,401.0,400.0
3947.0,922.0,919.0,926.0,393.0,393.0,394.0
3922.0,918.0,912.0,913.0,393.0,391.0,395.0
3951.0,917.0,920.0,924.0,399.0,394.0,397.0
3981.0,929.0,925.0,926.0,398.0,401.0,402.0
4008.0,940.0,929.0,935.0,404.0,398.0,402.0
4006.0,935.0,933.0,936.0,399.0,400.0,403.0
3986.0,919.0,934.0,931.0,397.0,405.0,400.0
3958.0,925.0,921.0,926.0,394.0,400.0,392.0
3945.0,925.0,926.0,912.0,395.0,393.0,394.0
3954.0,917.0,935.0,922.0,393.0,395.0,392.0
3990.0,934.0,934.0,926.0,402.0,396.0,398.0
4010.0,942.0,931.0,935.0,402.0,399.0,401.0
4020.0,932.0,940.0,943.0,404.0,399.0,402.0
4001.0,935.0,935.0,933.0,398.0,396.0,404.0
3974.0,925.0,927.0,927.0,396.0,400.0,399.0
3959.0,929.0,917.0,923.0,396.0,398.0,396.0
3966.0,921.0,919.0,935.0,396.0,398.0,397.0
3996.0,925.0,930.0,943.0,400.0,400.0,398.0
4016.0,939.0,937.0,938.0,400.0,402.0,400.0
4048.0,947.0,946.0,944.0,402.0,402.0,407.0
3998.0,931.0,932.0,933.0,402.0,400.0,400.0
3971.0,927.0,923.0,926.0,399.0,398.0,398.0
3947.0,925.0,922.0,916.0,393.0,394.0,397.0
3970.0,921.0,924.0,926.0,400.0,398.0,401.0
3997.0,926.0,932.0,937.0,399.0,402.0,401.0
4070.0,951.0,953.0,947.0,405.0,403.0,411.0
4064.0,947.0,946.0,946.0,409.0,408.0,408.0
4031.0,936.0,945.0,940.0,404.0,405.0,401.0
3984.0,938.0,926.0,921.0,399.0,400.0,400.0
3971.0,928.0,931.0,929.0,394.0,393.0,396.0
3980.0,925.0,932.0,935.0,396.0,394.0,398.0
4031.0,941.0,936.0,949.0,401.0,401.0,403.0
4068.0,957.0,947.0,946.0,406.0,409.0,403.0
4060.0,948.0,953.0,941.0,406.0,404.0,408.0
4037.0,934.0,949.0,936.0,406.0,405.0,407.0
4029.0,942.0,939.0,935.0,400.0,410.0,403.0
3997.0,934.0,920.0,937.0,402.0,402.0,402.0
3997.0,927.0,934.0,937.0,397.0,402.0,400.0
4045.0,942.0,944.0,946.0,405.0,404.0,404.0
4070.0,952.0,952.0,945.0,407.0,408.0,406.0
4075.0,950.0,956.0,948.0,407.0,407.0,407.0
4054.0,944.0,944.0,946.0,408.0,407.0,405.0
4026.0,936.0,931.0,952.0,402.0,405.0,400.0
4008.0,929.0,932.0,944.0,400.0,401.0,402.0
4024.0,934.0,940.0,940.0,404.0,404.0,402.0
4054.0,948.0,941.0,946.0,405.0,405.0,409.0
4095.0,966.0,955.0,949.0,408.0,411.0,406.0
4087.0,955.0,956.0,951.0,411.0,405.0,409.0
4091.0,951.0,963.0,949.0,413.0,405.0,410.0
4069.0,956.0,949.0,945.0,411.0,402.0,406.0
4026.0,943.0,933.0,941.0,406.0,402.0,401.0
4029.0,935.0,945.0,941.0,406.0,404.0,398.0
4038.0,943.0,944.0,933.0,403.0,408.0,407.0
4109.0,966.0,965.0,951.0,408.0,413.0,406.0
4096.0,947.0,965.0,955.0,410.0,408.0,411.0
4085.0,953.0,952.0,956.0,407.0,408.0,409.0
4071.0,956.0,945.0,955.0,404.0,406.0,405.0
4039.0,942.0,946.0,943.0,405.0,401.0,402.0
4041.0,935.0,953.0,938.0,407.0,403.0,405.0
4082.0,952.0,951.0,952.0,411.0,406.0,410.0
4108.0,966.0,950.0,960.0,408.0,415.0,409.0
4111.0,960.0,961.0,960.0,409.0,411.0,410.0
4107.0,955.0,962.0,955.0,410.0,415.0,410.0
4080.0,958.0,947.0,952.0,407.0,408.0,408.0
4059.0,952.0,951.0,938.0,405.0,407.0,406.0
4030.0,936.0,935.0,944.0,404.0,407.0,404.0
4084.0,953.0,950.0,958.0,406.0,408.0,409.0
4133.0,970.0,961.0,971.0,412.0,408.0,411.0
4136.0,965.0,968.0,968.0,412.0,411.0,412.0
4110.0,956.0,959.0,967.0,407.0,410.0,411.0
4069.0,957.0,942.0,948.0,409.0,406.0,407.0
4070.0,954.0,950.0,944.0,407.0,408.0,407.0
4066.0,941.0,955.0,951.0,409.0,409.0,401.0
4114.0,952.0,965.0,958.0,414.0,410.0,415.0
4161.0,967.0,974.0,975.0,415.0,416.0,414.0
4172.0,977.0,972.0,980.0,415.0,411.0,417.0
4107.0,953.0,960.0,961.0,408.0,410.0,415.0
4112.0,960.0,962.0,958.0,410.0,410.0,412.0
4080.0,952.0,952.0,959.0,406.0,404.0,407.0
4112.0,958.0,959.0,958.0,412.0,414.0,411.0
4109.0,953.0,955.0,964.0,416.0,411.0,410.0
4180.0,978.0,964.0,982.0,419.0,420.0,417.0
4173.0,975.0,977.0,973.0,418.0,416.0,414.0
4149.0,969.0,967.0,969.0,415.0,414.0,415.0
4114.0,965.0,965.0,958.0,408.0,411.0,407.0
4093.0,957.0,960.0,952.0,410.0,404.0,410.0
4093.0,958.0,956.0,956.0,408.0,408.0,407.0
4138.0,957.0,964.0,974.0,415.0,416.0,412.0
4203.0,986.0,980.0,978.0,423.0,413.0,423.0
4164.0,974.0,967.0,965.0,419.0,418.0,421.0
4155.0,972.0,965.0,960.0,418.0,422.0,418.0
4112.0,965.0,956.0,959.0,410.0,412.0,410.0
4093.0,958.0,959.0,952.0,409.0,409.0,406.0
4124.0,963.0,966.0,961.0,414.0,411.0,409.0
4151.0,966.0,969.0,969.0,421.0,414.0,412.0
4161.0,971.0,969.0,972.0,419.0,418.0,412.0
4175.0,974.0,971.0,972.0,422.0,420.0,416.0
4210.0,974.0,987.0,976.0,426.0,424.0,423.0
4150.0,969.0,972.0,966.0,413.0,414.0,416.0
4131.0,971.0,955.0,973.0,408.0,412.0,412.0
4134.0,957.0,962.0,974.0,412.0,413.0,416.0
4171.0,976.0,970.0,974.0,417.0,416.0,418.0
4213.0,987.0,981.0,983.0,421.0,424.0,417.0
4211.0,990.0,983.0,979.0,423.0,419.0,417.0
4171.0,968.0,979.0,970.0,423.0,416.0,415.0
4169.0,975.0,969.0,979.0,417.0,414.0,415.0
4145.0,964.0,967.0,975.0,411.0,415.0,413.0
4166.0,972.0,976.0,972.0,412.0,415.0,419.0
4189.0,973.0,972.0,978.0,420.0,423.0,423.0
4184.0,989.0,960.0,972.0,423.0,419.0,421.0
4210.0,988.0,973.0,984.0,420.0,424.0,421.0
4192.0,979.0,978.0,982.0,416.0,418.0,419.0
4184.0,978.0,973.0,984.0,417.0,416.0,416.0
4143.0,964.0,966.0,967.0,416.0,417.0,413.0
4153.0,968.0,959.0,981.0,416.0,415.0,414.0
4186.0,973.0,978.0,977.0,421.0,420.0,417.0
4237.0,990.0,994.0,983.0,420.0,424.0,426.0
4251.0,989.0,1000.0,987.0,423.0,425.0,427.0
4216.0,977.0,985.0,988.0,421.0,423.0,422.0
4198.0,985.0,969.0,986.0,421.0,419.0,418.0
4169.0,973.0,971.0,976.0,418.0,413.0,418.0
4155.0,963.0,969.0,971.0,420.0,413.0,419.0
4204.0,979.0,992.0,972.0,421.0,419.0,421.0
4234.0,987.0,992.0,987.0,422.0,425.0,421.0
4237.0,987.0,982.0,991.0,425.0,428.0,424.0
4228.0,988.0,985.0,990.0,423.0,425.0,417.0
4220.0,987.0,986.0,979.0,423.0,425.0,420.0
4177.0,976.0,977.0,971.0,415.0,421.0,417.0
4172.0,966.0,984.0,967.0,420.0,416.0,419.0
4231.0,997.0,982.0,982.0,421.0,422.0,427.0
4259.0,998.0,987.0,996.0,426.0,426.0,426.0
4272.0,1003.0,992.0,1000.0,427.0,423.0,427.0
4248.0,983.0,999.0,997.0,422.0,423.0,424.0
4195.0,982.0,972.0,980.0,418.0,426.0,417.0
4189.0,992.0,974.0,961.0,421.0,421.0,420.0
4188.0,973.0,974.0,978.0,422.0,420.0,421.0
4243.0,991.0,995.0,986.0,423.0,425.0,423.0
4267.0,999.0,998.0,997.0,425.0,423.0,425.0
4259.0,988.0,996.0,1000.0,423.0,426.0,426.0
4254.0,998.0,980.0,998.0,426.0,428.0,424.0
4216.0,984.0,978.0,990.0,421.0,421.0,422.0
4219.0,989.0,986.0,980.0,422.0,421.0,421.0
4213.0,983.0,983.0,983.0,422.0,421.0,421.0
4264.0,987.0,994.0,1004.0,427.0,426.0,426.0
4279.0,995.0,995.0,1002.0,426.0,432.0,429.0
4279.0,991.0,1001.0,1005.0,426.0,430.0,426.0
4260.0,987.0,998.0,1000.0,425.0,426.0,424.0
4244.0,995.0,999.0,985.0,421.0,423.0,421.0
4196.0,986.0,970.0,980.0,421.0,418.0,421.0
4216.0,981.0,981.0,984.0,424.0,423.0,423.0
4258.0,994.0,989.0,996.0,427.0,424.0,428.0
4312.0,1012.0,1000.0,1013.0,428.0,430.0,429.0
4316.0,1004.0,1013.0,1008.0,428.0,433.0,430.0
4274.0,996.0,1000.0,990.0,427.0,432.0,429.0
4251.0,992.0,992.0,990.0,426.0,429.0,422.0
4244.0,996.0,988.0,988.0,426.0,424.0,422.0
4240.0,985.0,995.0,986.0,426.0,424.0,424.0
4268.0,992.0,999.0,1001.0,429.0,423.0,424.0
4287.0,1005.0,1000.0,1001.0,429.0,426.0,426.0
4316.0,1009.0,1004.0,1008.0,433.0,427.0,435.0
4306.0,1007.0,1009.0,1000.0,426.0,434.0,430.0
4290.0,1000.0,1007.0,1001.0,425.0,427.0,430.0
4263.0,985.0,999.0,1003.0,424.0,427.0,425.0
4254.0,991.0,994.0,995.0,424.0,427.0,423.0
4290.0,996.0,996.0,1008.0,430.0,431.0,429.0
4327.0,1017.0,1015.0,994.0,437.0,431.0,433.0
4311.0,1005.0,1007.0,1005.0,432.0,430.0,432.0
4304.0,1011.0,997.0,1008.0,430.0,430.0,428.0
4288.0,1002.0,998.0,1004.0,426.0,429.0,429.0
4282.0,1001.0,988.0,1008.0,427.0,429.0,429.0
4282.0,990.0,1004.0,998.0,429.0,432.0,429.0
4288.0,990.0,1004.0,999.0,430.0,433.0,432.0
4339.0,1015.0,1010.0,1010.0,437.0,433.0,434.0
4344.0,1012.0,1014.0,1010.0,437.0,434.0,437.0
4302.0,1007.0,1011.0,994.0,431.0,428.0,431.0
4298.0,1004.0,1005.0,1003.0,427.0,428.0,431.0
4289.0,996.0,1007.0,1009.0,425.0,424.0,428.0
4251.0,987.0,997.0,992.0,424.0,426.0,425.0
4318.0,1009.0,1004.0,1014.0,433.0,432.0,426.0
4354.0,1024.0,1010.0,1008.0,437.0,437.0,438.0
4363.0,1009.0,1023.0,1018.0,437.0,439.0,437.0
4355.0,1009.0,1021.0,1021.0,437.0,435.0,432.0
4313.0,1006.0,1001.0,1009.0,431.0,432.0,434.0
4277.0,994.0,1002.0,999.0,428.0,428.0,426.0
4287.0,999.0,1000.0,1000.0,430.0,428.0,430.0
4334.0,1017.0,1011.0,1001.0,437.0,434.0,434.0
4370.0,1022.0,1021.0,1019.0,436.0,435.0,437.0
4368.0,1012.0,1019.0,1021.0,438.0,439.0,439.0
4333.0,1009.0,1013.0,1012.0,432.0,437.0,430.0
4344.0,1018.0,1007.0,1016.0,434.0,436.0,433.0
4325.0,1016.0,1014.0,1004.0,428.0,433.0,430.0
4322.0,1004.0,1012.0,1008.0,433.0,432.0,433.0
4332.0,1010.0,1008.0,1009.0,434.0,432.0,439.0
4348.0,1013.0,1012.0,1010.0,435.0,439.0,439.0
4390.0,1013.0,1029.0,1032.0,438.0,437.0,441.0
4362.0,1016.0,1016.0,1021.0,440.0,433.0,436.0
4335.0,1015.0,1018.0,1008.0,434.0,430.0,430.0
4301.0,1009.0,1000.0,998.0,433.0,432.0,429.0
4336.0,1007.0,1012.0,1017.0,431.0,435.0,434.0
4355.0,1010.0,1016.0,1017.0,436.0,439.0,437.0
4402.0,1023.0,1034.0,1030.0,438.0,440.0,437.0
4439.0,1028.0,1035.0,1047.0,442.0,443.0,444.0
4368.0,1017.0,1012.0,1025.0,436.0,438.0,440.0
4341.0,1024.0,1003.0,1012.0,436.0,429.0,437.0
4314.0,1005.0,1009.0,1003.0,436.0,428.0,433.0
4329.0,1016.0,1012.0,1002.0,429.0,435.0,435.0
4361.0,1016.0,1015.0,1022.0,436.0,437.0,435.0
4421.0,1034.0,1028.0,1041.0,437.0,440.0,441.0
4400.0,1028.0,1022.0,1029.0,438.0,445.0,438.0
4408.0,1023.0,1027.0,1035.0,440.0,445.0,438.0
4370.0,1015.0,1023.0,1016.0,439.0,440.0,437.0
4339.0,1013.0,1008.0,1011.0,436.0,435.0,436.0
4355.0,1020.0,1011.0,1016.0,438.0,435.0,435.0
4402.0,1021.0,1020.0,1035.0,442.0,440.0,444.0
4437.0,1028.0,1041.0,1041.0,439.0,442.0,446.0
4423.0,1028.0,1041.0,1032.0,437.0,440.0,445.0
4414.0,1026.0,1032.0,1030.0,441.0,442.0,443.0
4365.0,1018.0,1021.0,1017.0,435.0,438.0,436.0
4362.0,1016.0,1018.0,1021.0,436.0,436.0,435.0
4362.0,1013.0,1022.0,1020.0,436.0,436.0,435.0
4424.0,1027.0,1033.0,1037.0,444.0,440.0,443.0
4431.0,1039.0,1032.0,1035.0,445.0,442.0,438.0
4435.0,1037.0,1039.0,1030.0,443.0,440.0,446.0
4425.0,1032.0,1036.0,1022.0,445.0,441.0,449.0
4402.0,1030.0,1026.0,1025.0,439.0,442.0,440.0
4389.0,1031.0,1020.0,1027.0,436.0,436.0,439.0
4395.0,1024.0,1018.0,1028.0,444.0,440.0,441.0
4408.0,1018.0,1027.0,1032.0,444.0,444.0,443.0
4450.0,1041.0,1039.0,1035.0,447.0,444.0,444.0
4451.0,1032.0,1046.0,1040.0,447.0,444.0,442.0
4412.0,1028.0,1034.0,1028.0,439.0,440.0,443.0
4408.0,1036.0,1028.0,1027.0,439.0,439.0,439.0
4396.0,1025.0,1023.0,1033.0,437.0,438.0,440.0
4383.0,1019.0,1015.0,1027.0,439.0,441.0,442.0
4431.0,1039.0,1032.0,1032.0,444.0,441.0,443.0
4467.0,1038.0,1039.0,1043.0,446.0,451.0,450.0
4466.0,1040.0,1038.0,1045.0,445.0,450.0,448.0
4443.0,1039.0,1034.0,1038.0,441.0,447.0,444.0
4425.0,1036.0,1028.0,1036.0,442.0,441.0,442.0
4409.0,1025.0,1033.0,1037.0,438.0,439.0,437.0
4401.0,1026.0,1021.0,1030.0,441.0,442.0,441.0
4428.0,1039.0,1033.0,1029.0,444.0,442.0,441.0
4474.0,1050.0,1036.0,1046.0,449.0,446.0,447.0
4489.0,1046.0,1054.0,1042.0,451.0,447.0,449.0
4475.0,1041.0,1040.0,1051.0,446.0,448.0,449.0
4417.0,1037.0,1029.0,1027.0,440.0,440.0,444.0
4393.0,1025.0,1021.0,1028.0,438.0,440.0,441.0
4409.0,1024.0,1031.0,1028.0,439.0,441.0,446.0
4447.0,1041.0,1033.0,1037.0,446.0,446.0,444.0
4482.0,1039.0,1053.0,1039.0,452.0,448.0,451.0
4507.0,1051.0,1056.0,1048.0,454.0,446.0,452.0
4488.0,1044.0,1043.0,1054.0,448.0,451.0,448.0
4449.0,1039.0,1030.0,1043.0,446.0,444.0,447.0
4426.0,1032.0,1034.0,1027.0,441.0,446.0,446.0
4433.0,1029.0,1038.0,1030.0,446.0,443.0,447.0
4484.0,1047.0,1045.0,1049.0,445.0,450.0,448.0
4525.0,1057.0,1047.0,1058.0,456.0,455.0,452.0
4509.0,1055.0,1051.0,1050.0,452.0,448.0,453.0
4497.0,1046.0,1050.0,1058.0,446.0,447.0,450.0
4462.0,1039.0,1048.0,1042.0,442.0,445.0,446.0
4452.0,1040.0,1044.0,1038.0,441.0,445.0,444.0
4435.0,1036.0,1031.0,1038.0,441.0,445.0,444.0
4492.0,1051.0,1042.0,1049.0,451.0,453.0,446.0
4560.0,1066.0,1068.0,1063.0,456.0,454.0,453.0
4533.0,1055.0,1051.0,1062.0,457.0,454.0,454.0
4506.0,1048.0,1057.0,1048.0,450.0,450.0,453.0
4473.0,1046.0,1046.0,1040.0,448.0,444.0,449.0
4435.0,1042.0,1034.0,1026.0,443.0,442.0,448.0
4475.0,1035.0,1049.0,1049.0,447.0,447.0,448.0
4535.0,1054.0,1069.0,1064.0,448.0,448.0,452.0
4525.0,1053.0,1053.0,1063.0,453.0,454.0,449.0
4540.0,1057.0,1058.0,1064.0,456.0,452.0,453.0
4518.0,1052.0,1055.0,1050.0,453.0,457.0,451.0
4487.0,1050.0,1047.0,1047.0,447.0,449.0,447.0
4490.0,1038.0,1055.0,1045.0,452.0,451.0,449.0
4459.0,1045.0,1045.0,1033.0,441.0,448.0,447.0
4497.0,1056.0,1045.0,1048.0,448.0,446.0,454.0
4546.0,1064.0,1063.0,1061.0,451.0,452.0,455.0
4560.0,1065.0,1066.0,1059.0,456.0,457.0,457.0
4542.0,1050.0,1062.0,1060.0,458.0,459.0,453.0
4502.0,1055.0,1049.0,1046.0,451.0,454.0,447.0
4514.0,1057.0,1052.0,1050.0,455.0,451.0,449.0
4488.0,1039.0,1054.0,1044.0,450.0,454.0,447.0
4548.0,1067.0,1063.0,1063.0,455.0,450.0,450.0
4558.0,1065.0,1065.0,1060.0,456.0,455.0,457.0
4556.0,1066.0,1067.0,1059.0,455.0,452.0,457.0
4510.0,1052.0,1047.0,1050.0,455.0,450.0,456.0
4533.0,1062.0,1053.0,1056.0,453.0,455.0,454.0
4509.0,1045.0,1058.0,1056.0,448.0,450.0,452.0
4527.0,1047.0,1061.0,1051.0,457.0,454.0,457.0
4547.0,1058.0,1063.0,1063.0,454.0,454.0,455.0
4581.0,1069.0,1071.0,1064.0,459.0,458.0,460.0
4575.0,1067.0,1069.0,1067.0,457.0,457.0,458.0
4561.0,1065.0,1064.0,1063.0,459.0,454.0,456.0
4542.0,1058.0,1056.0,1068.0,456.0,453.0,451.0
4524.0,1050.0,1053.0,1062.0,454.0,453.0,452.0
4535.0,1054.0,1056.0,1062.0,455.0,453.0,455.0
4565.0,1062.0,1076.0,1055.0,457.0,455.0,460.0
4575.0,1068.0,1072.0,1064.0,458.0,457.0,456.0
4601.0,1071.0,1079.0,1068.0,459.0,465.0,459.0
4600.0,1064.0,1077.0,1079.0,457.0,463.0,460.0
4564.0,1065.0,1060.0,1074.0,454.0,456.0,455.0
4537.0,1056.0,1066.0,1060.0,455.0,449.0,451.0
4535.0,1054.0,1070.0,1056.0,455.0,454.0,446.0
4548.0,1066.0,1064.0,1054.0,456.0,454.0,454.0
4592.0,1081.0,1062.0,1068.0,459.0,463.0,459.0
4618.0,1081.0,1074.0,1071.0,463.0,465.0,464.0
4602.0,1067.0,1077.0,1074.0,460.0,464.0,460.0
4574.0,1064.0,1069.0,1070.0,453.0,459.0,459.0
4556.0,1059.0,1070.0,1063.0,451.0,457.0,456.0
4529.0,1046.0,1059.0,1057.0,455.0,457.0,455.0
4573.0,1064.0,1066.0,1060.0,461.0,462.0,460.0
4616.0,1078.0,1079.0,1076.0,464.0,458.0,461.0
4625.0,1077.0,1082.0,1081.0,462.0,461.0,462.0
4610.0,1065.0,1077.0,1085.0,461.0,461.0,461.0
4575.0,1075.0,1060.0,1077.0,456.0,453.0,454.0
4570.0,1073.0,1065.0,1060.0,457.0,457.0,458.0
4553.0,1067.0,1063.0,1049.0,458.0,459.0,457.0
4588.0,1069.0,1073.0,1067.0,457.0,460.0,462.0
4632.0,1085.0,1074.0,1081.0,464.0,464.0,464.0
4629.0,1076.0,1069.0,1090.0,463.0,463.0,468.0
4618.0,1080.0,1074.0,1081.0,463.0,459.0,461.0
4558.0,1066.0,1059.0,1067.0,455.0,454.0,457.0
4562.0,1067.0,1065.0,1062.0,455.0,455.0,458.0
4578.0,1070.0,1064.0,1073.0,457.0,456.0,458.0
4601.0,1085.0,1061.0,1072.0,460.0,464.0,459.0
4662.0,1088.0,1081.0,1092.0,467.0,468.0,466.0
4683.0,1084.0,1096.0,1099.0,467.0,469.0,468.0
4607.0,1063.0,1081.0,1078.0,462.0,460.0,463.0
4602.0,1085.0,1067.0,1071.0,454.0,461.0,464.0
4578.0,1074.0,1071.0,1063.0,455.0,454.0,461.0
4580.0,1058.0,1073.0,1076.0,457.0,458.0,458.0
4630.0,1083.0,1077.0,1087.0,463.0,459.0,461.0
4686.0,1096.0,1096.0,1096.0,466.0,465.0,467.0
4666.0,1085.0,1087.0,1092.0,469.0,470.0,463.0
4631.0,1073.0,1075.0,1086.0,467.0,466.0,464.0
4629.0,1085.0,1076.0,1080.0,465.0,464.0,459.0
4594.0,1076.0,1074.0,1065.0,459.0,463.0,457.0
4612.0,1074.0,1076.0,1079.0,459.0,460.0,464.0
4646.0,1087.0,1079.0,1091.0,461.0,464.0,464.0
4680.0,1099.0,1081.0,1095.0,466.0,465.0,474.0
4687.0,1094.0,1091.0,1096.0,471.0,466.0,469.0
4674.0,1088.0,1095.0,1087.0,467.0,468.0,469.0
4640.0,1079.0,1083.0,1083.0,464.0,466.0,465.0
4596.0,1071.0,1065.0,1080.0,461.0,461.0,458.0
4619.0,1077.0,1069.0,1088.0,458.0,469.0,458.0
4660.0,1088.0,1090.0,1088.0,463.0,467.0,464.0
4686.0,1095.0,1100.0,1095.0,466.0,466.0,464.0
4686.0,1096.0,1096.0,1090.0,469.0,466.0,469.0
4647.0,1083.0,1084.0,1082.0,467.0,464.0,467.0
4647.0,1092.0,1080.0,1076.0,467.0,465.0,467.0
4634.0,1077.0,1082.0,1085.0,466.0,460.0,464.0
4652.0,1081.0,1089.0,1084.0,464.0,462.0,472.0
4676.0,1093.0,1101.0,1088.0,462.0,466.0,466.0
4698.0,1097.0,1091.0,1096.0,468.0,478.0,468.0
4709.0,1105.0,1094.0,1098.0,471.0,472.0,469.0
4698.0,1099.0,1102.0,1088.0,469.0,472.0,468.0
4686.0,1098.0,1097.0,1094.0,469.0,464.0,464.0
4643.0,1084.0,1082.0,1086.0,465.0,465.0,461.0
4639.0,1075.0,1078.0,1093.0,467.0,460.0,466.0
4674.0,1089.0,1089.0,1096.0,466.0,465.0,469.0
4700.0,1103.0,1100.0,1090.0,466.0,470.0,471.0
4729.0,1100.0,1108.0,1104.0,471.0,473.0,473.0
4701.0,1094.0,1102.0,1094.0,469.0,471.0,471.0
4677.0,1095.0,1089.0,1091.0,469.0,468.0,465.0
4672.0,1088.0,1092.0,1092.0,468.0,463.0,469.0
4673.0,1088.0,1096.0,1093.0,466.0,465.0,465.0
4699.0,1101.0,1092.0,1095.0,470.0,469.0,472.0
4735.0,1107.0,1102.0,1106.0,474.0,470.0,476.0
4730.0,1106.0,1100.0,1104.0,470.0,471.0,479.0
4703.0,1096.0,1097.0,1095.0,470.0,474.0,471.0
4693.0,1096.0,1095.0,1099.0,467.0,467.0,469.0
4669.0,1090.0,1088.0,1088.0,466.0,467.0,470.0
4676.0,1083.0,1095.0,1091.0,471.0,465.0,471.0
4707.0,1107.0,1091.0,1096.0,472.0,472.0,469.0
4746.0,1107.0,1108.0,1107.0,477.0,472.0,475.0
4761.0,1104.0,1119.0,1112.0,476.0,475.0,475.0
4729.0,1102.0,1107.0,1109.0,471.0,471.0,469.0
4692.0,1100.0,1095.0,1097.0,467.0,466.0,467.0
4691.0,1092.0,1100.0,1088.0,472.0,470.0,469.0
4673.0,1085.0,1092.0,1087.0,473.0,468.0,468.0
4724.0,1100.0,1101.0,1103.0,472.0,475.0,473.0
4765.0,1110.0,1107.0,1119.0,475.0,478.0,476.0
4772.0,1113.0,1108.0,1122.0,477.0,475.0,477.0
4715.0,1096.0,1102.0,1103.0,472.0,472.0,470.0
4706.0,1106.0,1097.0,1096.0,471.0,468.0,468.0
4709.0,1106.0,1105.0,1090.0,469.0,469.0,470.0
4701.0,1095.0,1098.0,1093.0,472.0,471.0,472.0
4723.0,1101.0,1098.0,1101.0,477.0,474.0,472.0
4769.0,1114.0,1106.0,1120.0,480.0,477.0,472.0
4771.0,1110.0,1114.0,1114.0,476.0,481.0,476.0
4760.0,1103.0,1113.0,1109.0,479.0,478.0,478.0
4750.0,1115.0,1111.0,1107.0,469.0,474.0,474.0
4700.0,1093.0,1098.0,1094.0,472.0,470.0,473.0
4724.0,1105.0,1106.0,1094.0,472.0,471.0,476.0
4750.0,1098.0,1116.0,1114.0,476.0,473.0,473.0
4796.0,1120.0,1122.0,1123.0,481.0,476.0,474.0
4786.0,1111.0,1124.0,1117.0,477.0,483.0,474.0
4758.0,1112.0,1109.0,1107.0,479.0,476.0,475.0
4736.0,1107.0,1100.0,1104.0,477.0,474.0,474.0
4726.0,1102.0,1110.0,1094.0,475.0,474.0,471.0
4728.0,1097.0,1101.0,1112.0,471.0,474.0,473.0
4802.0,1111.0,1129.0,1126.0,479.0,477.0,480.0
4791.0,1115.0,1113.0,1119.0,484.0,477.0,483.0
4799.0,1124.0,1117.0,1115.0,479.0,480.0,484.0
4760.0,1102.0,1117.0,1105.0,479.0,477.0,480.0
4786.0,1123.0,1116.0,1115.0,477.0,479.0,476.0
4745.0,1108.0,1099.0,1112.0,475.0,473.0,478.0
4765.0,1108.0,1111.0,1119.0,474.0,481.0,472.0
4770.0,1112.0,1107.0,1117.0,477.0,480.0,477.0
4805.0,1121.0,1118.0,1125.0,481.0,480.0,480.0
4801.0,1124.0,1124.0,1116.0,480.0,478.0,479.0
4795.0,1115.0,1123.0,1113.0,482.0,481.0,481.0
4772.0,1111.0,1116.0,1110.0,477.0,477.0,481.0
4760.0,1112.0,1109.0,1108.0,482.0,473.0,476.0
4767.0,1100.0,1122.0,1117.0,474.0,478.0,476.0
4813.0,1120.0,1130.0,1123.0,479.0,483.0,478.0
4851.0,1138.0,1126.0,1132.0,486.0,488.0,481.0
4816.0,1128.0,1116.0,1123.0,483.0,485.0,481.0
4818.0,1121.0,1126.0,1124.0,482.0,481.0,484.0
4785.0,1118.0,1119.0,1114.0,482.0,479.0,473.0
4777.0,1113.0,1118.0,1119.0,475.0,475.0,477.0
4776.0,1109.0,1118.0,1112.0,479.0,478.0,480.0
4785.0,1121.0,1116.0,1113.0,479.0,477.0,479.0
4835.0,1134.0,1127.0,1118.0,486.0,484.0,486.0
4849.0,1129.0,1132.0,1135.0,484.0,484.0,485.0
4858.0,1126.0,1139.0,1130.0,489.0,488.0,486.0
4802.0,1115.0,1122.0,1126.0,481.0,480.0,478.0
4813.0,1129.0,1116.0,1126.0,481.0,480.0,481.0
4777.0,1116.0,1113.0,1119.0,474.0,476.0,479.0
4822.0,1120.0,1133.0,1121.0,484.0,484.0,480.0
4851.0,1139.0,1133.0,1123.0,486.0,483.0,487.0
4847.0,1126.0,1128.0,1132.0,485.0,487.0,489.0
4839.0,1123.0,1131.0,1134.0,480.0,487.0,484.0
4857.0,1126.0,1135.0,1137.0,487.0,487.0,485.0
4821.0,1126.0,1127.0,1124.0,482.0,480.0,482.0
4777.0,1107.0,1114.0,1112.0,482.0,482.0,480.0
4835.0,1125.0,1127.0,1126.0,483.0,487.0,487.0
4843.0,1131.0,1125.0,1135.0,483.0,486.0,483.0
4855.0,1133.0,1138.0,1132.0,483.0,486.0,483.0
4863.0,1127.0,1143.0,1136.0,489.0,482.0,486.0
4828.0,1124.0,1129.0,1127.0,486.0,481.0,481.0
4809.0,1132.0,1112.0,1120.0,483.0,482.0,480.0
4809.0,1125.0,1117.0,1122.0,483.0,480.0,482.0
4842.0,1127.0,1125.0,1131.0,486.0,486.0,487.0
4895.0,1147.0,1145.0,1139.0,485.0,489.0,490.0
4896.0,1137.0,1140.0,1142.0,494.0,490.0,493.0
4878.0,1136.0,1142.0,1138.0,487.0,484.0,491.0
4824.0,1139.0,1114.0,1121.0,484.0,483.0,483.0
4823.0,1126.0,1124.0,1125.0,482.0,485.0,481.0
4835.0,1131.0,1130.0,1124.0,487.0,485.0,478.0
4859.0,1136.0,1135.0,1128.0,488.0,488.0,484.0
4907.0,1149.0,1140.0,1152.0,489.0,490.0,487.0
4909.0,1150.0,1142.0,1142.0,489.0,494.0,492.0
4905.0,1139.0,1152.0,1148.0,487.0,490.0,489.0
4845.0,1128.0,1138.0,1126.0,482.0,488.0,483.0
4842.0,1133.0,1121.0,1127.0,487.0,487.0,487.0
4839.0,1121.0,1127.0,1129.0,491.0,481.0,490.0
4862.0,1130.0,1133.0,1137.0,487.0,485.0,490.0
4912.0,1145.0,1151.0,1148.0,491.0,485.0,492.0
4925.0,1148.0,1152.0,1153.0,490.0,490.0,492.0
4898.0,1137.0,1152.0,1143.0,485.0,494.0,487.0
4841.0,1133.0,1125.0,1126.0,484.0,489.0,484.0
4844.0,1133.0,1119.0,1131.0,486.0,488.0,487.0
4865.0,1132.0,1140.0,1136.0,488.0,484.0,485.0
4900.0,1138.0,1151.0,1143.0,491.0,487.0,490.0
4934.0,1148.0,1146.0,1155.0,497.0,491.0,497.0
4910.0,1138.0,1148.0,1147.0,491.0,492.0,494.0
4889.0,1139.0,1143.0,1140.0,488.0,490.0,489.0
4899.0,1146.0,1151.0,1138.0,491.0,487.0,486.0
4884.0,1142.0,1144.0,1140.0,486.0,489.0,483.0
4888.0,1137.0,1138.0,1148.0,486.0,489.0,490.0
4903.0,1142.0,1139.0,1149.0,490.0,494.0,489.0
4963.0,1159.0,1160.0,1153.0,499.0,495.0,497.0
4951.0,1157.0,1158.0,1149.0,499.0,491.0,497.0
4924.0,1141.0,1153.0,1148.0,492.0,495.0,495.0
4879.0,1145.0,1138.0,1135.0,485.0,485.0,491.0
4884.0,1133.0,1137.0,1147.0,491.0,488.0,488.0
4910.0,1142.0,1153.0,1147.0,487.0,490.0,491.0
4924.0,1145.0,1150.0,1153.0,492.0,492.0,492.0
4961.0,1154.0,1162.0,1156.0,496.0,496.0,497.0
4951.0,1159.0,1151.0,1153.0,498.0,495.0,495.0
4946.0,1147.0,1152.0,1157.0,498.0,498.0,494.0
4895.0,1144.0,1136.0,1146.0,490.0,490.0,489.0
4930.0,1153.0,1156.0,1147.0,490.0,490.0,494.0
4908.0,1135.0,1151.0,1155.0,485.0,490.0,492.0
4926.0,1147.0,1148.0,1157.0,491.0,492.0,491.0
4967.0,1163.0,1152.0,1154.0,501.0,496.0,501.0
4981.0,1161.0,1170.0,1156.0,499.0,496.0,499.0
4972.0,1145.0,1170.0,1166.0,498.0,498.0,495.0
4943.0,1160.0,1148.0,1157.0,491.0,496.0,491.0
4912.0,1147.0,1140.0,1148.0,494.0,494.0,489.0
4898.0,1142.0,1141.0,1144.0,489.0,492.0,490.0
4953.0,1153.0,1155.0,1156.0,498.0,494.0,497.0
4977.0,1165.0,1164.0,1159.0,495.0,494.0,500.0
4986.0,1166.0,1164.0,1164.0,497.0,496.0,499.0
4957.0,1155.0,1149.0,1161.0,500.0,497.0,495.0
4950.0,1152.0,1153.0,1158.0,495.0,497.0,495.0
4920.0,1148.0,1148.0,1148.0,492.0,490.0,494.0
4927.0,1148.0,1155.0,1144.0,494.0,496.0,490.0
4971.0,1161.0,1168.0,1156.0,493.0,496.0,497.0
4998.0,1168.0,1167.0,1164.0,502.0,501.0,496.0
5001.0,1167.0,1163.0,1172.0,502.0,497.0,500.0
4974.0,1159.0,1161.0,1161.0,499.0,497.0,497.0
4953.0,1154.0,1161.0,1151.0,495.0,496.0,496.0
4933.0,1148.0,1154.0,1151.0,494.0,489.0,497.0
4927.0,1147.0,1150.0,1144.0,494.0,494.0,498.0
4977.0,1169.0,1152.0,1157.0,498.0,502.0,499.0
5022.0,1170.0,1170.0,1180.0,499.0,501.0,502.0
5034.0,1168.0,1173.0,1181.0,504.0,505.0,503.0
5006.0,1169.0,1166.0,1167.0,502.0,501.0,501.0
4969.0,1169.0,1153.0,1156.0,498.0,499.0,494.0
4928.0,1155.0,1148.0,1146.0,494.0,493.0,492.0
4955.0,1157.0,1152.0,1163.0,500.0,491.0,492.0
4975.0,1165.0,1165.0,1159.0,496.0,496.0,494.0
5026.0,1173.0,1174.0,1177.0,497.0,503.0,502.0
4998.0,1160.0,1157.0,1177.0,498.0,502.0,504.0
4989.0,1158.0,1165.0,1162.0,502.0,502.0,500.0
4989.0,1165.0,1164.0,1160.0,502.0,497.0,501.0
4977.0,1161.0,1166.0,1156.0,499.0,498.0,497.0
4964.0,1153.0,1156.0,1161.0,497.0,495.0,502.0
5013.0,1167.0,1167.0,1176.0,501.0,499.0,503.0
5027.0,1173.0,1177.0,1172.0,503.0,501.0,501.0
5048.0,1169.0,1180.0,1186.0,504.0,504.0,505.0
5015.0,1169.0,1175.0,1167.0,495.0,506.0,503.0
4995.0,1162.0,1163.0,1170.0,499.0,504.0,497.0
4969.0,1164.0,1151.0,1157.0,499.0,499.0,499.0
4987.0,1156.0,1166.0,1165.0,499.0,501.0,500.0
5032.0,1169.0,1177.0,1176.0,504.0,500.0,506.0
5076.0,1195.0,1184.0,1181.0,504.0,506.0,506.0
5042.0,1178.0,1173.0,1173.0,501.0,507.0,510.0
5023.0,1170.0,1172.0,1172.0,504.0,500.0,505.0
5006.0,1172.0,1169.0,1161.0,502.0,503.0,499.0
4988.0,1160.0,1167.0,1170.0,497.0,498.0,496.0
4993.0,1167.0,1161.0,1165.0,502.0,500.0,498.0
5032.0,1175.0,1171.0,1179.0,506.0,501.0,500.0
5064.0,1184.0,1177.0,1183.0,508.0,507.0,505.0
5078.0,1182.0,1186.0,1186.0,505.0,508.0,511.0
5049.0,1173.0,1178.0,1181.0,504.0,506.0,507.0
5030.0,1180.0,1165.0,1180.0,500.0,500.0,505.0
4993.0,1163.0,1166.0,1165.0,500.0,502.0,497.0
5009.0,1165.0,1163.0,1177.0,502.0,499.0,503.0
5058.0,1184.0,1173.0,1182.0,504.0,507.0,508.0
5098.0,1192.0,1188.0,1192.0,509.0,510.0,507.0
5072.0,1180.0,1185.0,1181.0,510.0,512.0,504.0
5061.0,1182.0,1174.0,1182.0,504.0,511.0,508.0
5050.0,1188.0,1174.0,1176.0,501.0,506.0,505.0
5019.0,1176.0,1164.0,1175.0,498.0,504.0,502.0
5023.0,1171.0,1170.0,1179.0,500.0,503.0,500.0
5054.0,1178.0,1172.0,1184.0,506.0,507.0,507.0
5081.0,1193.0,1184.0,1177.0,511.0,508.0,508.0
5090.0,1196.0,1171.0,1191.0,514.0,506.0,512.0
5069.0,1173.0,1189.0,1181.0,509.0,510.0,507.0
5084.0,1188.0,1186.0,1191.0,504.0,509.0,506.0
5035.0,1176.0,1174.0,1179.0,500.0,503.0,503.0
5056.0,1182.0,1176.0,1186.0,504.0,505.0,503.0
5054.0,1183.0,1184.0,1167.0,506.0,507.0,507.0
5110.0,1187.0,1192.0,1196.0,514.0,512.0,509.0
5126.0,1202.0,1199.0,1194.0,514.0,507.0,510.0
5116.0,1183.0,1201.0,1198.0,509.0,510.0,515.0
5078.0,1189.0,1176.0,1186.0,507.0,508.0,512.0
5053.0,1179.0,1173.0,1182.0,505.0,507.0,507.0
5050.0,1175.0,1185.0,1175.0,504.0,508.0,503.0
5082.0,1188.0,1193.0,1178.0,506.0,511.0,506.0
5121.0,1196.0,1193.0,1194.0,515.0,510.0,513.0
5121.0,1196.0,1193.0,1196.0,513.0,511.0,512.0
5105.0,1191.0,1188.0,1194.0,512.0,511.0,509.0
5086.0,1193.0,1189.0,1184.0,507.0,505.0,508.0
5085.0,1185.0,1191.0,1187.0,504.0,508.0,510.0
5061.0,1181.0,1184.0,1177.0,504.0,508.0,507.0
5093.0,1195.0,1179.0,1193.0,506.0,509.0,511.0
5114.0,1195.0,1189.0,1195.0,509.0,514.0,512.0
5139.0,1197.0,1195.0,1200.0,515.0,514.0,518.0
5132.0,1194.0,1200.0,1196.0,514.0,514.0,514.0
5102.0,1196.0,1191.0,1183.0,513.0,508.0,511.0
5060.0,1186.0,1176.0,1176.0,507.0,509.0,506.0
5062.0,1182.0,1191.0,1181.0,505.0,501.0,502.0
5097.0,1192.0,1195.0,1182.0,510.0,510.0,508.0
5154.0,1210.0,1196.0,1211.0,513.0,512.0,512.0
5157.0,1201.0,1199.0,1207.0,513.0,522.0,515.0
5145.0,1198.0,1195.0,1205.0,515.0,516.0,516.0
5095.0,1193.0,1190.0,1180.0,514.0,507.0,511.0
5096.0,1190.0,1192.0,1182.0,509.0,510.0,513.0
5070.0,1177.0,1183.0,1180.0,510.0,510.0,510.0
5128.0,1197.0,1196.0,1200.0,511.0,512.0,512.0
5172.0,1211.0,1200.0,1212.0,514.0,516.0,519.0
5167.0,1199.0,1201.0,1217.0,520.0,516.0,514.0
5148.0,1196.0,1209.0,1203.0,515.0,513.0,512.0
5117.0,1194.0,1195.0,1193.0,513.0,509.0,513.0
5101.0,1184.0,1190.0,1188.0,514.0,513.0,512.0
5113.0,1183.0,1188.0,1205.0,509.0,517.0,511.0
5161.0,1206.0,1211.0,1200.0,512.0,516.0,516.0
5187.0,1205.0,1215.0,1217.0,516.0,517.0,517.0
5167.0,1200.0,1212.0,1206.0,515.0,516.0,518.0
5139.0,1194.0,1193.0,1203.0,519.0,516.0,514.0
5105.0,1204.0,1181.0,1191.0,511.0,507.0,511.0
5133.0,1200.0,1195.0,1201.0,512.0,512.0,513.0
5133.0,1195.0,1207.0,1200.0,515.0,507.0,509.0
5170.0,1203.0,1210.0,1208.0,516.0,519.0,514.0
5191.0,1213.0,1202.0,1220.0,517.0,519.0,520.0
5202.0,1210.0,1218.0,1214.0,517.0,524.0,519.0
5165.0,1201.0,1203.0,1206.0,516.0,518.0,521.0
5153.0,1208.0,1202.0,1201.0,512.0,514.0,516.0
5139.0,1202.0,1195.0,1196.0,516.0,513.0,517.0
5137.0,1197.0,1196.0,1206.0,513.0,509.0,516.0
5175.0,1216.0,1201.0,1213.0,517.0,513.0,515.0
5212.0,1220.0,1220.0,1214.0,516.0,521.0,521.0
5206.0,1216.0,1216.0,1211.0,522.0,521.0,520.0
5198.0,1211.0,1218.0,1213.0,516.0,525.0,515.0
5165.0,1203.0,1202.0,1209.0,519.0,518.0,514.0
5139.0,1202.0,1194.0,1202.0,513.0,514.0,514.0
5149.0,1190.0,1204.0,1207.0,519.0,512.0,517.0
5194.0,1215.0,1215.0,1207.0,524.0,517.0,516.0
5218.0,1220.0,1215.0,1215.0,524.0,523.0,521.0
5227.0,1226.0,1211.0,1224.0,524.0,521.0,521.0
5209.0,1216.0,1217.0,1218.0,519.0,518.0,521.0
5192.0,1209.0,1217.0,1219.0,515.0,517.0,515.0
5170.0,1199.0,1215.0,1214.0,516.0,514.0,512.0
5167.0,1200.0,1203.0,1205.0,516.0,526.0,517.0
5208.0,1219.0,1211.0,1214.0,521.0,522.0,521.0
5214.0,1219.0,1218.0,1213.0,522.0,522.0,520.0
5215.0,1213.0,1219.0,1224.0,518.0,518.0,523.0
5230.0,1216.0,1226.0,1221.0,522.0,523.0,522.0
5209.0,1222.0,1212.0,1218.0,517.0,518.0,522.0
5187.0,1216.0,1210.0,1214.0,512.0,516.0,519.0
5168.0,1202.0,1203.0,1204.0,520.0,522.0,517.0
5214.0,1217.0,1219.0,1214.0,522.0,523.0,519.0
5274.0,1232.0,1239.0,1226.0,527.0,528.0,522.0
5237.0,1215.0,1218.0,1225.0,524.0,530.0,525.0
5210.0,1212.0,1211.0,1226.0,524.0,519.0,518.0
5215.0,1217.0,1213.0,1221.0,521.0,526.0,517.0
5186.0,1214.0,1208.0,1208.0,515.0,520.0,521.0
5187.0,1205.0,1219.0,1206.0,518.0,519.0,520.0
5227.0,1213.0,1228.0,1221.0,523.0,521.0,521.0
5261.0,1231.0,1224.0,1224.0,529.0,524.0,529.0
5260.0,1222.0,1231.0,1227.0,528.0,524.0,528.0
5248.0,1216.0,1223.0,1233.0,527.0,526.0,523.0
5213.0,1216.0,1219.0,1215.0,522.0,519.0,522.0
5188.0,1215.0,1207.0,1209.0,521.0,519.0,517.0
5198.0,1217.0,1205.0,1214.0,518.0,524.0,520.0
5244.0,1225.0,1219.0,1229.0,524.0,522.0,525.0
5300.0,1240.0,1238.0,1241.0,530.0,524.0,527.0
5276.0,1221.0,1230.0,1239.0,531.0,527.0,528.0
5250.0,1218.0,1225.0,1225.0,529.0,527.0,526.0
5235.0,1219.0,1220.0,1215.0,528.0,529.0,524.0
5224.0,1220.0,1222.0,1209.0,517.0,528.0,528.0
5228.0,1219.0,1219.0,1224.0,518.0,523.0,525.0
5263.0,1223.0,1233.0,1229.0,524.0,528.0,526.0
5303.0,1233.0,1234.0,1243.0,531.0,530.0,532.0
5301.0,1238.0,1239.0,1240.0,529.0,528.0,527.0
5276.0,1225.0,1240.0,1230.0,530.0,526.0,525.0
5257.0,1232.0,1233.0,1213.0,526.0,527.0,526.0
5230.0,1220.0,1228.0,1216.0,523.0,523.0,520.0
5233.0,1219.0,1218.0,1224.0,521.0,528.0,523.0
5284.0,1229.0,1226.0,1241.0,526.0,531.0,531.0
5317.0,1244.0,1235.0,1244.0,531.0,531.0,532.0
5313.0,1237.0,1241.0,1240.0,530.0,531.0,534.0
5292.0,1241.0,1235.0,1231.0,527.0,526.0,532.0
5238.0,1229.0,1213.0,1221.0,528.0,521.0,526.0
5216.0,1218.0,1219.0,1218.0,521.0,521.0,519.0
5255.0,1215.0,1234.0,1232.0,529.0,526.0,519.0
5277.0,1229.0,1234.0,1238.0,525.0,526.0,525.0
5316.0,1245.0,1249.0,1238.0,528.0,529.0,527.0
5315.0,1239.0,1236.0,1244.0,531.0,532.0,533.0
5292.0,1241.0,1237.0,1225.0,531.0,528.0,530.0
5277.0,1233.0,1237.0,1230.0,527.0,526.0,524.0
5261.0,1223.0,1235.0,1225.0,529.0,523.0,526.0
5267.0,1222.0,1230.0,1236.0,525.0,526.0,528.0
5290.0,1233.0,1233.0,1234.0,528.0,531.0,531.0
5312.0,1244.0,1240.0,1234.0,531.0,534.0,529.0
5337.0,1243.0,1248.0,1242.0,534.0,535.0,535.0
5331.0,1244.0,1244.0,1241.0,535.0,537.0,530.0
5288.0,1234.0,1226.0,1239.0,531.0,531.0,527.0
5269.0,1228.0,1225.0,1231.0,529.0,528.0,528.0
5281.0,1230.0,1237.0,1235.0,525.0,528.0,526.0
5304.0,1235.0,1240.0,1241.0,530.0,525.0,533.0
5349.0,1253.0,1252.0,1239.0,534.0,533.0,538.0
5365.0,1256.0,1257.0,1253.0,533.0,531.0,535.0
5321.0,1240.0,1237.0,1249.0,531.0,531.0,533.0
5317.0,1242.0,1238.0,1242.0,531.0,531.0,533.0
5295.0,1231.0,1237.0,1236.0,532.0,532.0,527.0
5285.0,1226.0,1239.0,1230.0,529.0,534.0,527.0
5323.0,1252.0,1234.0,1238.0,533.0,535.0,531.0
5346.0,1252.0,1248.0,1241.0,536.0,535.0,534.0
5369.0,1257.0,1253.0,1257.0,532.0,533.0,537.0
5330.0,1240.0,1243.0,1250.0,531.0,533.0,533.0
5342.0,1251.0,1253.0,1243.0,532.0,529.0,534.0
5300.0,1237.0,1232.0,1237.0,532.0,531.0,531.0
5297.0,1237.0,1229.0,1233.0,531.0,535.0,532.0
5332.0,1251.0,1245.0,1230.0,539.0,534.0,533.0
5378.0,1258.0,1260.0,1248.0,535.0,540.0,537.0
5377.0,1255.0,1252.0,1264.0,533.0,533.0,540.0
5375.0,1242.0,1252.0,1266.0,538.0,540.0,537.0
5327.0,1245.0,1239.0,1246.0,533.0,532.0,532.0
5324.0,1249.0,1243.0,1240.0,529.0,532.0,531.0
5318.0,1237.0,1246.0,1238.0,534.0,531.0,532.0
5348.0,1250.0,1252.0,1241.0,535.0,533.0,537.0
5397.0,1260.0,1256.0,1260.0,543.0,536.0,542.0
5409.0,1255.0,1258.0,1273.0,539.0,541.0,543.0
5377.0,1245.0,1261.0,1260.0,535.0,538.0,538.0
5343.0,1246.0,1252.0,1240.0,535.0,538.0,532.0
5343.0,1253.0,1245.0,1245.0,533.0,535.0,532.0
5322.0,1240.0,1247.0,1237.0,535.0,532.0,531.0
5360.0,1248.0,1249.0,1249.0,537.0,539.0,538.0
5418.0,1263.0,1267.0,1264.0,544.0,539.0,541.0
5406.0,1265.0,1257.0,1262.0,541.0,539.0,542.0
5383.0,1249.0,1257.0,1262.0,538.0,534.0,543.0
5361.0,1250.0,1249.0,1252.0,533.0,538.0,539.0
5332.0,1245.0,1247.0,1237.0,533.0,537.0,533.0
5344.0,1239.0,1248.0,1247.0,536.0,536.0,538.0
5401.0,1262.0,1259.0,1262.0,540.0,538.0,540.0
5422.0,1268.0,1263.0,1268.0,544.0,541.0,538.0
5422.0,1260.0,1262.0,1274.0,547.0,539.0,540.0
5390.0,1254.0,1261.0,1261.0,540.0,535.0,539.0
5359.0,1259.0,1251.0,1247.0,535.0,534.0,533.0
5352.0,1249.0,1261.0,1245.0,531.0,535.0,531.0
5370.0,1250.0,1247.0,1259.0,537.0,540.0,537.0
5409.0,1261.0,1261.0,1266.0,537.0,541.0,543.0
5422.0,1268.0,1262.0,1263.0,541.0,544.0,544.0
5438.0,1265.0,1277.0,1266.0,540.0,543.0,547.0
5412.0,1252.0,1274.0,1257.0,544.0,543.0,542.0
5399.0,1259.0,1261.0,1262.0,538.0,539.0,540.0
5380.0,1267.0,1251.0,1253.0,537.0,536.0,536.0
5381.0,1248.0,1259.0,1257.0,538.0,539.0,540.0
5415.0,1263.0,1265.0,1268.0,542.0,535.0,542.0
5450.0,1275.0,1270.0,1269.0,546.0,546.0,544.0
5476.0,1279.0,1278.0,1271.0,550.0,549.0,549.0
5427.0,1274.0,1260.0,1263.0,544.0,544.0,542.0
5396.0,1261.0,1260.0,1257.0,539.0,537.0,542.0
5411.0,1257.0,1270.0,1262.0,542.0,541.0,539.0
5409.0,1260.0,1264.0,1268.0,539.0,537.0,541.0
5424.0,1266.0,1258.0,1274.0,541.0,542.0,543.0
5468.0,1289.0,1266.0,1274.0,546.0,547.0,546.0
5444.0,1274.0,1267.0,1268.0,544.0,546.0,545.0
5440.0,1264.0,1271.0,1269.0,548.0,546.0,542.0
5422.0,1267.0,1263.0,1264.0,543.0,543.0,542.0
5406.0,1265.0,1260.0,1264.0,537.0,540.0,540.0
5387.0,1258.0,1252.0,1257.0,539.0,541.0,540.0
5414.0,1260.0,1264.0,1265.0,543.0,539.0,543.0
5460.0,1272.0,1272.0,1272.0,549.0,545.0,550.0
5471.0,1269.0,1276.0,1281.0,549.0,545.0,551.0
5445.0,1272.0,1269.0,1265.0,545.0,545.0,549.0
5445.0,1271.0,1265.0,1280.0,544.0,544.0,541.0
5399.0,1251.0,1264.0,1264.0,541.0,541.0,538.0
5398.0,1254.0,1265.0,1263.0,541.0,537.0,538.0
5446.0,1264.0,1281.0,1268.0,546.0,546.0,541.0
5466.0,1283.0,1267.0,1273.0,546.0,547.0,550.0
5483.0,1277.0,1284.0,1276.0,547.0,550.0,549.0
5472.0,1272.0,1278.0,1283.0,546.0,543.0,550.0
5456.0,1274.0,1280.0,1269.0,546.0,544.0,543.0
5450.0,1269.0,1272.0,1277.0,542.0,546.0,544.0
5426.0,1263.0,1266.0,1268.0,543.0,542.0,544.0
5463.0,1282.0,1269.0,1267.0,544.0,551.0,550.0
5507.0,1296.0,1284.0,1280.0,549.0,551.0,547.0
5511.0,1285.0,1292.0,1283.0,546.0,555.0,550.0
5478.0,1276.0,1277.0,1281.0,547.0,550.0,547.0
5467.0,1281.0,1272.0,1276.0,543.0,548.0,547.0
5428.0,1267.0,1270.0,1260.0,548.0,540.0,543.0
5448.0,1265.0,1276.0,1271.0,546.0,543.0,547.0
5484.0,1276.0,1279.0,1283.0,546.0,549.0,551.0
5509.0,1290.0,1280.0,1289.0,548.0,551.0,551.0
5516.0,1291.0,1281.0,1289.0,549.0,552.0,554.0
5511.0,1290.0,1285.0,1285.0,552.0,550.0,549.0
5477.0,1286.0,1279.0,1277.0,545.0,547.0,543.0
5461.0,1278.0,1272.0,1271.0,549.0,546.0,545.0
5471.0,1269.0,1281.0,1277.0,549.0,548.0,547.0
5502.0,1284.0,1283.0,1288.0,552.0,549.0,546.0
5538.0,1296.0,1292.0,1292.0,554.0,550.0,554.0
5541.0,1290.0,1290.0,1297.0,556.0,553.0,555.0
5523.0,1291.0,1284.0,1292.0,550.0,550.0,556.0
5465.0,1276.0,1278.0,1270.0,542.0,548.0,551.0
5466.0,1276.0,1273.0,1271.0,547.0,547.0,552.0
5463.0,1276.0,1266.0,1274.0,547.0,550.0,550.0
5530.0,1295.0,1291.0,1284.0,556.0,551.0,553.0
5532.0,1288.0,1291.0,1297.0,554.0,552.0,550.0
5542.0,1289.0,1297.0,1296.0,556.0,554.0,550.0
5512.0,1290.0,1287.0,1281.0,551.0,553.0,550.0
5500.0,1284.0,1285.0,1284.0,547.0,549.0,551.0
5488.0,1293.0,1280.0,1277.0,546.0,546.0,546.0
5495.0,1273.0,1289.0,1281.0,552.0,548.0,552.0
5518.0,1293.0,1276.0,1290.0,552.0,554.0,553.0
5565.0,1301.0,1288.0,1297.0,560.0,558.0,561.0
5558.0,1298.0,1290.0,1295.0,560.0,556.0,559.0
5538.0,1287.0,1287.0,1295.0,554.0,560.0,555.0
5509.0,1283.0,1285.0,1289.0,550.0,551.0,551.0
5482.0,1284.0,1276.0,1285.0,546.0,546.0,545.0
5488.0,1277.0,1278.0,1292.0,547.0,544.0,550.0
5528.0,1286.0,1296.0,1296.0,550.0,549.0,551.0
5565.0,1298.0,1294.0,1300.0,559.0,557.0,557.0
5573.0,1294.0,1300.0,1302.0,559.0,560.0,558.0
5551.0,1298.0,1288.0,1293.0,557.0,558.0,557.0
5529.0,1288.0,1286.0,1291.0,554.0,553.0,557.0
5516.0,1287.0,1285.0,1290.0,548.0,550.0,556.0
5529.0,1291.0,1293.0,1290.0,549.0,551.0,555.0
5548.0,1292.0,1295.0,1299.0,552.0,554.0,556.0
5574.0,1306.0,1301.0,1296.0,559.0,555.0,557.0
5577.0,1303.0,1288.0,1308.0,562.0,559.0,557.0
5546.0,1293.0,1300.0,1286.0,560.0,554.0,553.0
5535.0,1293.0,1293.0,1285.0,556.0,556.0,552.0
5533.0,1297.0,1290.0,1290.0,550.0,553.0,553.0
5533.0,1289.0,1284.0,1298.0,553.0,555.0,554.0
5564.0,1296.0,1300.0,1293.0,557.0,556.0,562.0
5593.0,1302.0,1303.0,1305.0,564.0,557.0,562.0
5609.0,1301.0,1317.0,1307.0,564.0,557.0,563.0
5581.0,1296.0,1306.0,1305.0,562.0,556.0,556.0
5530.0,1288.0,1289.0,1293.0,558.0,551.0,551.0
5545.0,1296.0,1287.0,1301.0,553.0,556.0,552.0
5555.0,1292.0,1295.0,1301.0,555.0,559.0,553.0
5569.0,1303.0,1298.0,1296.0,553.0,559.0,560.0
5598.0,1306.0,1301.0,1310.0,559.0,562.0,560.0
5603.0,1306.0,1309.0,1306.0,559.0,560.0,563.0
5585.0,1301.0,1299.0,1307.0,560.0,557.0,561.0
5580.0,1302.0,1303.0,1300.0,559.0,557.0,559.0
5556.0,1296.0,1296.0,1303.0,554.0,550.0,557.0
5560.0,1288.0,1299.0,1303.0,557.0,554.0,559.0
5592.0,1311.0,1303.0,1300.0,558.0,560.0,560.0
5626.0,1320.0,1312.0,1313.0,558.0,561.0,562.0
5659.0,1316.0,1327.0,1323.0,564.0,565.0,564.0
5617.0,1312.0,1308.0,1314.0,562.0,561.0,560.0
5588.0,1313.0,1295.0,1307.0,560.0,561.0,552.0
5585.0,1307.0,1300.0,1302.0,562.0,555.0,559.0
5564.0,1299.0,1297.0,1296.0,560.0,556.0,556.0
5602.0,1306.0,1309.0,1307.0,558.0,561.0,561.0
5641.0,1316.0,1328.0,1310.0,559.0,565.0,563.0
5661.0,1322.0,1322.0,1323.0,562.0,564.0,568.0
5597.0,1304.0,1294.0,1318.0,559.0,560.0,562.0
5607.0,1308.0,1311.0,1304.0,561.0,563.0,560.0
5600.0,1308.0,1309.0,1303.0,562.0,561.0,557.0
5566.0,1299.0,1295.0,1299.0,559.0,559.0,555.0
5624.0,1314.0,1313.0,1310.0,562.0,563.0,562.0
5640.0,1316.0,1316.0,1318.0,564.0,563.0,563.0
5653.0,1318.0,1314.0,1326.0,561.0,567.0,567.0
5666.0,1320.0,1325.0,1325.0,565.0,566.0,565.0
5627.0,1312.0,1316.0,1310.0,560.0,561.0,568.0
5589.0,1308.0,1299.0,1300.0,559.0,562.0,561.0
5598.0,1302.0,1302.0,1307.0,559.0,565.0,563.0
5660.0,1321.0,1318.0,1327.0,566.0,564.0,564.0
5674.0,1328.0,1327.0,1320.0,563.0,571.0,565.0
5665.0,1316.0,1325.0,1326.0,564.0,568.0,566.0
5640.0,1311.0,1312.0,1326.0,561.0,565.0,565.0
5607.0,1319.0,1304.0,1305.0,559.0,562.0,558.0
5591.0,1308.0,1309.0,1293.0,560.0,560.0,561.0
5618.0,1308.0,1311.0,1312.0,563.0,562.0,562.0
5664.0,1317.0,1324.0,1323.0,566.0,567.0,567.0
5696.0,1335.0,1321.0,1330.0,567.0,570.0,573.0
5659.0,1316.0,1315.0,1322.0,567.0,571.0,568.0
5653.0,1319.0,1311.0,1320.0,568.0,568.0,567.0
5642.0,1319.0,1319.0,1315.0,563.0,564.0,562.0
5628.0,1314.0,1314.0,1312.0,563.0,562.0,563.0
5617.0,1305.0,1308.0,1318.0,562.0,564.0,560.0
5650.0,1317.0,1314.0,1322.0,567.0,564.0,566.0
5692.0,1329.0,1326.0,1329.0,568.0,573.0,567.0
5702.0,1330.0,1333.0,1330.0,565.0,571.0,573.0
5683.0,1328.0,1324.0,1323.0,566.0,571.0,571.0
5660.0,1323.0,1321.0,1317.0,564.0,566.0,569.0
5641.0,1318.0,1312.0,1319.0,560.0,568.0,564.0
5633.0,1302.0,1320.0,1317.0,563.0,564.0,567.0
5682.0,1319.0,1330.0,1328.0,569.0,566.0,570.0
5722.0,1344.0,1341.0,1331.0,570.0,569.0,567.0
5686.0,1323.0,1327.0,1327.0,573.0,569.0,567.0
5700.0,1334.0,1329.0,1330.0,569.0,569.0,569.0
5662.0,1322.0,1328.0,1320.0,562.0,566.0,564.0
5671.0,1315.0,1331.0,1321.0,569.0,566.0,569.0
5668.0,1322.0,1324.0,1324.0,562.0,568.0,568.0
5716.0,1335.0,1324.0,1339.0,574.0,571.0,573.0
5700.0,1336.0,1325.0,1325.0,572.0,571.0,571.0
5739.0,1340.0,1338.0,1335.0,580.0,573.0,573.0
5718.0,1330.0,1327.0,1341.0,574.0,571.0,575.0
5673.0,1329.0,1316.0,1330.0,564.0,566.0,568.0
5688.0,1325.0,1327.0,1338.0,566.0,567.0,565.0
5672.0,1318.0,1326.0,1327.0,567.0,570.0,564.0
5697.0,1332.0,1331.0,1325.0,568.0,573.0,568.0
5751.0,1344.0,1338.0,1346.0,574.0,576.0,573.0
5736.0,1337.0,1335.0,1340.0,574.0,573.0,577.0
5703.0,1331.0,1324.0,1335.0,570.0,571.0,572.0
5714.0,1330.0,1330.0,1340.0,573.0,572.0,569.0
5686.0,1325.0,1331.0,1328.0,568.0,565.0,569.0
5687.0,1322.0,1331.0,1328.0,569.0,567.0,570.0
5707.0,1334.0,1337.0,1326.0,568.0,571.0,571.0
5749.0,1353.0,1325.0,1345.0,578.0,574.0,574.0
5775.0,1341.0,1350.0,1348.0,579.0,579.0,578.0
5763.0,1330.0,1353.0,1350.0,581.0,576.0,573.0
5737.0,1345.0,1339.0,1334.0,575.0,576.0,568.0
5684.0,1330.0,1321.0,1324.0,572.0,568.0,569.0
5683.0,1322.0,1324.0,1330.0,566.0,567.0,574.0
5729.0,1338.0,1334.0,1337.0,570.0,575.0,575.0
5763.0,1345.0,1344.0,1347.0,575.0,572.0,580.0
5788.0,1352.0,1343.0,1355.0,579.0,578.0,581.0
5739.0,1339.0,1337.0,1341.0,574.0,572.0,576.0
5720.0,1341.0,1328.0,1334.0,573.0,572.0,572.0
5714.0,1334.0,1334.0,1334.0,569.0,570.0,573.0
5723.0,1321.0,1343.0,1339.0,571.0,573.0,576.0
5742.0,1336.0,1344.0,1345.0,571.0,573.0,573.0
5770.0,1352.0,1338.0,1350.0,576.0,577.0,577.0
5773.0,1336.0,1343.0,1356.0,581.0,578.0,579.0
5767.0,1341.0,1348.0,1344.0,577.0,576.0,581.0
5737.0,1338.0,1338.0,1339.0,572.0,574.0,576.0
5747.0,1343.0,1341.0,1338.0,573.0,577.0,575.0
5721.0,1329.0,1333.0,1338.0,571.0,572.0,578.0
5766.0,1349.0,1341.0,1349.0,572.0,577.0,578.0
5798.0,1356.0,1352.0,1357.0,577.0,581.0,575.0
5797.0,1351.0,1356.0,1354.0,580.0,580.0,576.0
5789.0,1342.0,1353.0,1356.0,580.0,580.0,578.0
5744.0,1349.0,1336.0,1337.0,577.0,573.0,572.0
5747.0,1351.0,1335.0,1344.0,573.0,571.0,573.0
5743.0,1328.0,1353.0,1335.0,576.0,575.0,576.0
5755.0,1341.0,1345.0,1348.0,576.0,573.0,572.0
5833.0,1368.0,1354.0,1362.0,582.0,582.0,585.0
5823.0,1357.0,1355.0,1361.0,580.0,586.0,584.0
5786.0,1348.0,1348.0,1352.0,580.0,579.0,579.0
5770.0,1350.0,1347.0,1340.0,579.0,578.0,576.0
5750.0,1344.0,1345.0,1340.0,576.0,573.0,572.0
5757.0,1336.0,1344.0,1345.0,581.0,575.0,576.0
5773.0,1346.0,1347.0,1352.0,576.0,578.0,574.0
5839.0,1367.0,1366.0,1360.0,583.0,583.0,580.0
5822.0,1359.0,1367.0,1354.0,580.0,579.0,583.0
5811.0,1358.0,1364.0,1350.0,580.0,579.0,580.0
5784.0,1354.0,1350.0,1345.0,578.0,577.0,580.0
5774.0,1346.0,1343.0,1353.0,575.0,579.0,578.0
5791.0,1349.0,1353.0,1352.0,581.0,576.0,580.0
5799.0,1350.0,1355.0,1350.0,583.0,581.0,580.0
5831.0,1365.0,1365.0,1352.0,583.0,582.0,584.0
5806.0,1355.0,1362.0,1349.0,583.0,581.0,576.0
5805.0,1348.0,1354.0,1361.0,581.0,580.0,581.0
5805.0,1361.0,1351.0,1352.0,583.0,579.0,579.0
5769.0,1342.0,1346.0,1347.0,577.0,579.0,578.0
5774.0,1340.0,1350.0,1349.0,579.0,579.0,577.0
5824.0,1361.0,1349.0,1364.0,584.0,582.0,584.0
5854.0,1373.0,1357.0,1360.0,589.0,590.0,585.0
5842.0,1362.0,1366.0,1357.0,582.0,587.0,588.0
5835.0,1354.0,1365.0,1361.0,582.0,584.0,589.0
5816.0,1357.0,1361.0,1357.0,580.0,579.0,582.0
5772.0,1345.0,1345.0,1352.0,576.0,576.0,578.0
5777.0,1341.0,1348.0,1355.0,576.0,577.0,580.0
5820.0,1356.0,1352.0,1360.0,588.0,584.0,580.0
5874.0,1373.0,1374.0,1363.0,589.0,590.0,585.0
5872.0,1364.0,1377.0,1366.0,588.0,589.0,588.0
5848.0,1362.0,1360.0,1365.0,585.0,587.0,589.0
5850.0,1368.0,1362.0,1369.0,583.0,581.0,587.0
5820.0,1359.0,1364.0,1360.0,577.0,579.0,581.0
5814.0,1358.0,1362.0,1353.0,578.0,580.0,583.0
5842.0,1368.0,1364.0,1354.0,586.0,584.0,586.0
5874.0,1375.0,1369.0,1366.0,592.0,586.0,586.0
5852.0,1364.0,1359.0,1362.0,594.0,588.0,585.0
5876.0,1361.0,1373.0,1376.0,589.0,589.0,588.0
5865.0,1368.0,1374.0,1370.0,586.0,585.0,582.0
5811.0,1356.0,1358.0,1359.0,576.0,583.0,579.0
5791.0,1346.0,1349.0,1351.0,578.0,584.0,583.0
5860.0,1368.0,1365.0,1368.0,586.0,586.0,587.0
5899.0,1380.0,1371.0,1379.0,590.0,587.0,592.0
5896.0,1374.0,1379.0,1373.0,590.0,588.0,592.0
5874.0,1366.0,1371.0,1377.0,588.0,586.0,586.0
5863.0,1367.0,1361.0,1374.0,587.0,586.0,588.0
5807.0,1358.0,1355.0,1346.0,584.0,585.0,579.0
5842.0,1367.0,1358.0,1366.0,584.0,585.0,582.0
5866.0,1364.0,1379.0,1363.0,585.0,589.0,586.0
5904.0,1381.0,1371.0,1378.0,591.0,590.0,593.0
5895.0,1375.0,1371.0,1379.0,589.0,590.0,591.0
5888.0,1371.0,1374.0,1369.0,592.0,589.0,593.0
5870.0,1377.0,1371.0,1363.0,588.0,584.0,587.0
5848.0,1371.0,1362.0,1363.0,584.0,582.0,586.0
5850.0,1359.0,1361.0,1370.0,585.0,587.0,588.0
5871.0,1376.0,1365.0,1370.0,585.0,589.0,586.0
5932.0,1381.0,1384.0,1395.0,592.0,590.0,590.0
5933.0,1382.0,1382.0,1388.0,596.0,594.0,591.0
5897.0,1380.0,1375.0,1376.0,589.0,589.0,588.0
5862.0,1371.0,1369.0,1362.0,589.0,588.0,583.0
5852.0,1371.0,1361.0,1362.0,587.0,583.0,588.0
5855.0,1372.0,1364.0,1366.0,582.0,585.0,586.0
5892.0,1369.0,1379.0,1376.0,586.0,592.0,590.0
5935.0,1387.0,1385.0,1382.0,591.0,594.0,596.0
5930.0,1383.0,1384.0,1375.0,596.0,595.0,597.0
5912.0,1372.0,1382.0,1380.0,592.0,592.0,594.0
5891.0,1378.0,1372.0,1369.0,592.0,591.0,589.0
5879.0,1368.0,1372.0,1370.0,589.0,592.0,588.0
5894.0,1378.0,1371.0,1380.0,593.0,587.0,585.0
5900.0,1378.0,1370.0,1383.0,589.0,590.0,590.0
5929.0,1390.0,1380.0,1384.0,590.0,589.0,596.0
5947.0,1387.0,1387.0,1393.0,590.0,595.0,595.0
5936.0,1383.0,1385.0,1385.0,594.0,591.0,598.0
5930.0,1384.0,1382.0,1381.0,595.0,594.0,594.0
5894.0,1375.0,1368.0,1376.0,592.0,592.0,591.0
5879.0,1368.0,1363.0,1374.0,589.0,593.0,592.0
5924.0,1380.0,1380.0,1386.0,595.0,593.0,590.0
5946.0,1396.0,1386.0,1391.0,591.0,591.0,591.0
5951.0,1381.0,1387.0,1396.0,596.0,597.0,594.0
5941.0,1380.0,1389.0,1386.0,596.0,598.0,592.0
5912.0,1383.0,1378.0,1386.0,588.0,588.0,589.0
5896.0,1379.0,1367.0,1377.0,591.0,591.0,591.0
5901.0,1372.0,1377.0,1380.0,593.0,589.0,590.0
5956.0,1390.0,1390.0,1386.0,594.0,597.0,599.0
5969.0,1397.0,1388.0,1394.0,597.0,594.0,599.0
5979.0,1386.0,1393.0,1399.0,597.0,600.0,604.0
5960.0,1391.0,1392.0,1390.0,596.0,595.0,596.0
5949.0,1390.0,1391.0,1390.0,595.0,589.0,594.0
5923.0,1377.0,1373.0,1394.0,593.0,590.0,596.0
5937.0,1389.0,1382.0,1384.0,595.0,595.0,592.0
5959.0,1396.0,1391.0,1383.0,597.0,595.0,597.0
5981.0,1399.0,1393.0,1393.0,600.0,600.0,596.0
6004.0,1403.0,1405.0,1398.0,599.0,599.0,600.0
5987.0,1393.0,1399.0,1400.0,595.0,599.0,601.0
5948.0,1394.0,1380.0,1394.0,590.0,594.0,596.0
5938.0,1384.0,1383.0,1386.0,594.0,594.0,597.0
5932.0,1379.0,1388.0,1385.0,592.0,592.0,596.0
5983.0,1389.0,1409.0,1391.0,598.0,598.0,598.0
6004.0,1402.0,1404.0,1396.0,603.0,600.0,599.0
5990.0,1390.0,1397.0,1401.0,604.0,599.0,599.0
5984.0,1400.0,1387.0,1398.0,600.0,602.0,597.0
5983.0,1391.0,1399.0,1404.0,596.0,597.0,596.0
5979.0,1396.0,1394.0,1400.0,594.0,600.0,595.0
5946.0,1377.0,1395.0,1386.0,596.0,594.0,598.0
5995.0,1396.0,1399.0,1401.0,598.0,601.0,600.0
6011.0,1400.0,1406.0,1400.0,602.0,602.0,601.0
6031.0,1404.0,1412.0,1409.0,602.0,600.0,604.0
5989.0,1388.0,1397.0,1406.0,599.0,600.0,599.0
5983.0,1397.0,1399.0,1394.0,595.0,597.0,601.0
5943.0,1394.0,1384.0,1382.0,593.0,594.0,596.0
5954.0,1386.0,1395.0,1383.0,596.0,600.0,594.0
5999.0,1400.0,1401.0,1398.0,601.0,601.0,598.0
6044.0,1410.0,1405.0,1412.0,607.0,606.0,604.0
6011.0,1394.0,1396.0,1415.0,602.0,605.0,599.0
5997.0,1396.0,1395.0,1397.0,604.0,602.0,603.0
5985.0,1399.0,1402.0,1389.0,595.0,599.0,601.0
5946.0,1400.0,1389.0,1374.0,593.0,593.0,597.0
5979.0,1393.0,1398.0,1393.0,597.0,598.0,600.0
5999.0,1403.0,1395.0,1402.0,597.0,599.0,603.0
6041.0,1408.0,1408.0,1413.0,602.0,607.0,603.0
6052.0,1407.0,1413.0,1414.0,608.0,606.0,604.0
6045.0,1409.0,1410.0,1411.0,607.0,606.0,602.0
5989.0,1400.0,1401.0,1393.0,598.0,599.0,598.0
5977.0,1396.0,1399.0,1390.0,598.0,597.0,597.0
5993.0,1404.0,1397.0,1400.0,598.0,596.0,598.0
6026.0,1401.0,1407.0,1413.0,598.0,602.0,605.0
6072.0,1417.0,1411.0,1422.0,608.0,608.0,606.0
6062.0,1411.0,1420.0,1403.0,611.0,608.0,609.0
6039.0,1404.0,1408.0,1403.0,608.0,608.0,608.0
6026.0,1403.0,1406.0,1405.0,604.0,604.0,604.0
6008.0,1406.0,1398.0,1402.0,597.0,604.0,601.0
6008.0,1394.0,1406.0,1409.0,599.0,601.0,599.0
6037.0,1404.0,1416.0,1412.0,603.0,599.0,603.0
6060.0,1419.0,1405.0,1418.0,606.0,605.0,607.0
6053.0,1409.0,1410.0,1412.0,608.0,603.0,611.0
6058.0,1411.0,1418.0,1409.0,608.0,606.0,606.0
6026.0,1409.0,1401.0,1408.0,602.0,603.0,603.0
6018.0,1401.0,1401.0,1410.0,602.0,602.0,602.0
6045.0,1402.0,1409.0,1419.0,605.0,607.0,603.0
6041.0,1405.0,1403.0,1420.0,604.0,604.0,605.0
6075.0,1420.0,1414.0,1418.0,609.0,607.0,607.0
6076.0,1423.0,1422.0,1406.0,608.0,610.0,607.0
6075.0,1419.0,1422.0,1415.0,607.0,607.0,605.0
6044.0,1412.0,1404.0,1416.0,606.0,604.0,602.0
6010.0,1411.0,1393.0,1402.0,604.0,600.0,600.0
6043.0,1401.0,1417.0,1409.0,606.0,606.0,604.0
6077.0,1411.0,1420.0,1422.0,610.0,606.0,608.0
6105.0,1420.0,1425.0,1419.0,612.0,612.0,617.0
6105.0,1416.0,1431.0,1424.0,611.0,611.0,612.0
6098.0,1421.0,1419.0,1428.0,608.0,611.0,611.0
6066.0,1416.0,1409.0,1418.0,607.0,607.0,609.0
6086.0,1423.0,1422.0,1424.0,609.0,603.0,605.0
6049.0,1411.0,1416.0,1409.0,606.0,602.0,605.0
6067.0,1417.0,1415.0,1413.0,608.0,607.0,607.0
6113.0,1431.0,1429.0,1419.0,612.0,610.0,612.0
6122.0,1425.0,1433.0,1427.0,615.0,609.0,613.0
6111.0,1424.0,1430.0,1427.0,606.0,612.0,612.0
6097.0,1418.0,1423.0,1420.0,612.0,610.0,614.0
6045.0,1413.0,1399.0,1414.0,606.0,606.0,607.0
6059.0,1408.0,1414.0,1412.0,612.0,606.0,607.0
6112.0,1429.0,1429.0,1423.0,610.0,612.0,609.0
6131.0,1433.0,1438.0,1426.0,608.0,612.0,614.0
6120.0,1428.0,1423.0,1429.0,610.0,616.0,614.0
6116.0,1417.0,1424.0,1437.0,611.0,614.0,613.0
6100.0,1428.0,1418.0,1426.0,611.0,613.0,604.0
6070.0,1417.0,1417.0,1410.0,610.0,608.0,608.0
6091.0,1415.0,1429.0,1410.0,613.0,612.0,612.0
6114.0,1424.0,1426.0,1430.0,613.0,608.0,613.0
6145.0,1436.0,1434.0,1435.0,612.0,613.0,615.0
6135.0,1422.0,1438.0,1434.0,614.0,609.0,618.0
6121.0,1423.0,1436.0,1428.0,610.0,609.0,615.0
6096.0,1423.0,1422.0,1424.0,610.0,607.0,610.0
6081.0,1432.0,1409.0,1415.0,608.0,610.0,607.0
6106.0,1426.0,1421.0,1424.0,614.0,611.0,610.0
6115.0,1429.0,1428.0,1427.0,610.0,613.0,608.0
6184.0,1454.0,1438.0,1441.0,618.0,620.0,613.0
6171.0,1443.0,1441.0,1437.0,618.0,616.0,616.0
6115.0,1423.0,1427.0,1426.0,611.0,612.0,616.0
6106.0,1424.0,1425.0,1426.0,610.0,610.0,611.0
6096.0,1424.0,1432.0,1415.0,608.0,606.0,611.0
6112.0,1420.0,1430.0,1430.0,611.0,609.0,612.0
6156.0,1435.0,1438.0,1438.0,614.0,615.0,616.0
6176.0,1442.0,1440.0,1439.0,620.0,620.0,615.0
6186.0,1447.0,1445.0,1437.0,621.0,620.0,616.0
6150.0,1432.0,1437.0,1438.0,613.0,615.0,615.0
6143.0,1441.0,1432.0,1424.0,615.0,615.0,616.0
6125.0,1438.0,1428.0,1427.0,610.0,611.0,611.0
6105.0,1421.0,1420.0,1430.0,609.0,609.0,616.0
6178.0,1439.0,1437.0,1446.0,620.0,620.0,616.0
6208.0,1455.0,1446.0,1444.0,621.0,615.0,627.0
6193.0,1449.0,1442.0,1443.0,622.0,618.0,619.0
6183.0,1442.0,1445.0,1432.0,623.0,622.0,619.0
6137.0,1439.0,1422.0,1430.0,617.0,615.0,614.0
6132.0,1433.0,1424.0,1434.0,611.0,619.0,611.0
6149.0,1433.0,1437.0,1435.0,614.0,617.0,613.0
6174.0,1442.0,1436.0,1443.0,618.0,619.0,616.0
6198.0,1450.0,1448.0,1444.0,619.0,620.0,617.0
6184.0,1441.0,1436.0,1445.0,620.0,620.0,622.0
6157.0,1434.0,1432.0,1437.0,621.0,614.0,619.0
6158.0,1439.0,1442.0,1430.0,615.0,614.0,618.0
6149.0,1441.0,1437.0,1424.0,614.0,614.0,619.0
6136.0,1427.0,1431.0,1435.0,611.0,620.0,612.0
6174.0,1439.0,1439.0,1437.0,617.0,620.0,622.0
6208.0,1454.0,1443.0,1451.0,616.0,622.0,622.0
6195.0,1445.0,1455.0,1438.0,622.0,619.0,616.0
6216.0,1443.0,1462.0,1446.0,623.0,620.0,622.0
6161.0,1444.0,1431.0,1441.0,618.0,613.0,614.0
6147.0,1440.0,1427.0,1438.0,613.0,613.0,616.0
6166.0,1440.0,1435.0,1443.0,617.0,615.0,616.0
6213.0,1450.0,1457.0,1446.0,616.0,621.0,623.0
6240.0,1460.0,1454.0,1450.0,626.0,625.0,625.0
6207.0,1440.0,1449.0,1446.0,624.0,624.0,624.0
6214.0,1450.0,1446.0,1448.0,622.0,623.0,625.0
6197.0,1448.0,1443.0,1440.0,622.0,625.0,619.0
6167.0,1444.0,1438.0,1437.0,618.0,615.0,615.0
6185.0,1438.0,1448.0,1445.0,621.0,617.0,616.0
6188.0,1446.0,1445.0,1437.0,622.0,622.0,616.0
6220.0,1455.0,1458.0,1447.0,620.0,617.0,623.0
6249.0,1453.0,1458.0,1460.0,625.0,626.0,627.0
6241.0,1448.0,1465.0,1458.0,625.0,624.0,621.0
6213.0,1450.0,1451.0,1449.0,622.0,622.0,619.0
6193.0,1451.0,1436.0,1447.0,619.0,618.0,622.0
6182.0,1442.0,1445.0,1435.0,621.0,619.0,620.0
6227.0,1455.0,1456.0,1454.0,620.0,622.0,620.0
6266.0,1468.0,1463.0,1464.0,623.0,621.0,627.0
6275.0,1460.0,1465.0,1472.0,625.0,625.0,628.0
6272.0,1463.0,1461.0,1466.0,625.0,628.0,629.0
6215.0,1448.0,1447.0,1455.0,623.0,621.0,621.0
6185.0,1446.0,1448.0,1433.0,619.0,620.0,619.0
6187.0,1438.0,1452.0,1437.0,620.0,620.0,620.0
6231.0,1447.0,1464.0,1446.0,625.0,627.0,622.0
6282.0,1476.0,1458.0,1465.0,627.0,626.0,630.0
6259.0,1452.0,1456.0,1464.0,627.0,628.0,632.0
6268.0,1460.0,1469.0,1463.0,625.0,624.0,627.0
6257.0,1469.0,1459.0,1462.0,622.0,621.0,624.0
6210.0,1450.0,1455.0,1444.0,622.0,618.0,621.0
6198.0,1443.0,1443.0,1448.0,623.0,620.0,621.0
6242.0,1453.0,1455.0,1460.0,627.0,624.0,623.0
6299.0,1468.0,1470.0,1476.0,627.0,629.0,629.0
6284.0,1467.0,1470.0,1465.0,626.0,628.0,628.0
6275.0,1459.0,1472.0,1463.0,625.0,628.0,628.0
6220.0,1455.0,1446.0,1449.0,623.0,622.0,625.0
6222.0,1445.0,1461.0,1453.0,620.0,619.0,624.0
6242.0,1456.0,1456.0,1457.0,628.0,622.0,623.0
6274.0,1463.0,1464.0,1471.0,626.0,626.0,624.0
6305.0,1474.0,1470.0,1470.0,633.0,630.0,628.0
6312.0,1474.0,1469.0,1473.0,635.0,633.0,628.0
6280.0,1462.0,1464.0,1464.0,630.0,634.0,626.0
6266.0,1464.0,1464.0,1462.0,624.0,627.0,625.0
6264.0,1469.0,1460.0,1458.0,625.0,625.0,627.0
6236.0,1447.0,1461.0,1454.0,624.0,625.0,625.0
6266.0,1465.0,1452.0,1469.0,628.0,623.0,629.0
6307.0,1476.0,1464.0,1472.0,634.0,628.0,633.0
6325.0,1475.0,1479.0,1469.0,636.0,633.0,633.0
6291.0,1466.0,1472.0,1466.0,629.0,628.0,630.0
6263.0,1462.0,1457.0,1456.0,628.0,631.0,629.0
6253.0,1462.0,1452.0,1467.0,623.0,627.0,622.0
6267.0,1457.0,1459.0,1472.0,627.0,629.0,623.0
6299.0,1465.0,1476.0,1473.0,633.0,628.0,624.0
6332.0,1477.0,1481.0,1477.0,633.0,633.0,631.0
6322.0,1470.0,1479.0,1478.0,632.0,629.0,634.0
6286.0,1464.0,1464.0,1470.0,629.0,628.0,631.0
6286.0,1473.0,1462.0,1463.0,627.0,628.0,633.0
6270.0,1462.0,1468.0,1462.0,621.0,630.0,627.0
6268.0,1464.0,1461.0,1467.0,628.0,625.0,623.0
6307.0,1476.0,1465.0,1473.0,628.0,632.0,633.0
6353.0,1485.0,1476.0,1482.0,636.0,637.0,637.0
6339.0,1477.0,1482.0,1477.0,640.0,633.0,630.0
6316.0,1471.0,1471.0,1477.0,632.0,634.0,631.0
6310.0,1472.0,1470.0,1478.0,633.0,630.0,627.0
6277.0,1467.0,1467.0,1468.0,625.0,622.0,628.0
6289.0,1471.0,1460.0,1473.0,628.0,628.0,629.0
6309.0,1473.0,1477.0,1468.0,631.0,628.0,632.0
6373.0,1487.0,1493.0,1482.0,639.0,637.0,635.0
6351.0,1476.0,1486.0,1476.0,638.0,639.0,636.0
6338.0,1470.0,1477.0,1484.0,636.0,634.0,637.0
6317.0,1476.0,1469.0,1474.0,633.0,632.0,633.0
6305.0,1469.0,1480.0,1468.0,630.0,628.0,630.0
6292.0,1466.0,1476.0,1472.0,625.0,624.0,629.0
6330.0,1484.0,1482.0,1473.0,632.0,628.0,631.0
6371.0,1487.0,1485.0,1486.0,640.0,635.0,638.0
6356.0,1483.0,1482.0,1480.0,639.0,635.0,637.0
6365.0,1482.0,1487.0,1482.0,639.0,637.0,638.0
6318.0,1474.0,1468.0,1474.0,633.0,635.0,634.0
6310.0,1471.0,1472.0,1472.0,632.0,630.0,633.0
6302.0,1470.0,1474.0,1463.0,628.0,633.0,634.0
6349.0,1489.0,1478.0,1475.0,633.0,638.0,636.0
6369.0,1483.0,1486.0,1491.0,636.0,635.0,638.0
6380.0,1483.0,1492.0,1491.0,641.0,636.0,637.0
6382.0,1487.0,1494.0,1492.0,637.0,637.0,635.0
6351.0,1490.0,1479.0,1484.0,634.0,634.0,630.0
6320.0,1471.0,1474.0,1472.0,635.0,638.0,630.0
6333.0,1477.0,1478.0,1474.0,633.0,634.0,637.0
6366.0,1485.0,1486.0,1479.0,636.0,642.0,638.0
6390.0,1493.0,1488.0,1491.0,638.0,638.0,642.0
6400.0,1489.0,1488.0,1500.0,643.0,639.0,641.0
6392.0,1489.0,1490.0,1493.0,639.0,638.0,643.0
6370.0,1490.0,1493.0,1477.0,636.0,636.0,638.0
6340.0,1477.0,1473.0,1484.0,639.0,632.0,635.0
6341.0,1478.0,1476.0,1482.0,636.0,635.0,634.0
6368.0,1487.0,1484.0,1488.0,637.0,639.0,633.0
6425.0,1496.0,1504.0,1504.0,639.0,643.0,639.0
6425.0,1504.0,1495.0,1500.0,639.0,643.0,644.0
6398.0,1484.0,1494.0,1500.0,638.0,643.0,639.0
6369.0,1488.0,1488.0,1478.0,636.0,640.0,639.0
6341.0,1478.0,1480.0,1474.0,639.0,633.0,637.0
6332.0,1476.0,1472.0,1474.0,638.0,634.0,638.0
6400.0,1495.0,1489.0,1501.0,640.0,634.0,641.0
6421.0,1502.0,1497.0,1504.0,637.0,639.0,642.0
6425.0,1495.0,1492.0,1507.0,643.0,646.0,642.0
6395.0,1492.0,1491.0,1492.0,638.0,642.0,640.0
6385.0,1495.0,1494.0,1480.0,640.0,639.0,637.0
6392.0,1494.0,1489.0,1492.0,640.0,640.0,637.0
6381.0,1486.0,1491.0,1489.0,642.0,637.0,636.0
6392.0,1498.0,1484.0,1495.0,637.0,638.0,640.0
6454.0,1512.0,1497.0,1511.0,642.0,645.0,647.0
6446.0,1500.0,1508.0,1504.0,644.0,644.0,646.0
6411.0,1492.0,1504.0,1491.0,639.0,638.0,647.0
6399.0,1499.0,1498.0,1483.0,640.0,641.0,638.0
6389.0,1489.0,1489.0,1498.0,638.0,635.0,640.0
6399.0,1482.0,1494.0,1501.0,642.0,644.0,636.0
6408.0,1494.0,1488.0,1504.0,641.0,639.0,642.0
6458.0,1502.0,1516.0,1503.0,646.0,648.0,643.0
6427.0,1500.0,1496.0,1503.0,638.0,645.0,645.0
6428.0,1494.0,1502.0,1500.0,643.0,643.0,646.0
6410.0,1497.0,1501.0,1489.0,640.0,641.0,642.0
6430.0,1503.0,1494.0,1504.0,643.0,641.0,645.0
6416.0,1499.0,1499.0,1503.0,639.0,638.0,638.0
6431.0,1502.0,1500.0,1502.0,644.0,642.0,641.0
6458.0,1509.0,1500.0,1508.0,649.0,649.0,643.0
6471.0,1514.0,1508.0,1503.0,648.0,654.0,644.0
6436.0,1503.0,1508.0,1495.0,641.0,644.0,645.0
6433.0,1500.0,1504.0,1506.0,643.0,642.0,638.0
6416.0,1500.0,1497.0,1503.0,635.0,640.0,641.0
6408.0,1491.0,1493.0,1500.0,639.0,642.0,643.0
6424.0,1502.0,1494.0,1501.0,645.0,640.0,642.0
6493.0,1515.0,1519.0,1510.0,649.0,650.0,650.0
6485.0,1514.0,1517.0,1508.0,651.0,648.0,647.0
6463.0,1505.0,1505.0,1508.0,647.0,650.0,648.0
6441.0,1509.0,1496.0,1503.0,644.0,643.0,646.0
6398.0,1489.0,1488.0,1503.0,639.0,639.0,640.0
6422.0,1496.0,1501.0,1498.0,640.0,643.0,644.0
6451.0,1505.0,1512.0,1502.0,649.0,641.0,642.0
6494.0,1519.0,1513.0,1512.0,654.0,649.0,647.0
6462.0,1503.0,1504.0,1507.0,649.0,649.0,650.0
6466.0,1503.0,1508.0,1505.0,651.0,650.0,649.0
6465.0,1500.0,1515.0,1511.0,643.0,648.0,648.0
6440.0,1503.0,1503.0,1501.0,642.0,644.0,647.0
6457.0,1496.0,1509.0,1508.0,648.0,649.0,647.0
6465.0,1511.0,1500.0,1515.0,651.0,643.0,645.0
6527.0,1528.0,1519.0,1523.0,653.0,650.0,654.0
6509.0,1514.0,1521.0,1519.0,654.0,651.0,650.0
6507.0,1507.0,1530.0,1522.0,649.0,649.0,650.0
6483.0,1519.0,1515.0,1515.0,649.0,646.0,639.0
6442.0,1508.0,1492.0,1510.0,643.0,644.0,645.0
6449.0,1498.0,1504.0,1507.0,644.0,650.0,646.0
6487.0,1513.0,1521.0,1510.0,643.0,650.0,650.0
6525.0,1523.0,1520.0,1523.0,648.0,655.0,656.0
6519.0,1522.0,1509.0,1527.0,655.0,654.0,652.0
6491.0,1514.0,1509.0,1521.0,651.0,649.0,647.0
6478.0,1510.0,1513.0,1510.0,652.0,647.0,646.0
6472.0,1514.0,1514.0,1508.0,648.0,642.0,646.0
6460.0,1494.0,1514.0,1511.0,646.0,648.0,647.0
6505.0,1519.0,1519.0,1520.0,648.0,650.0,649.0
6539.0,1521.0,1522.0,1532.0,658.0,651.0,655.0
6548.0,1534.0,1522.0,1528.0,654.0,655.0,655.0
6537.0,1521.0,1525.0,1522.0,657.0,656.0,656.0
6499.0,1515.0,1515.0,1513.0,652.0,653.0,651.0
6488.0,1518.0,1511.0,1511.0,648.0,647.0,653.0
6473.0,1505.0,1511.0,1513.0,648.0,644.0,652.0
6522.0,1522.0,1514.0,1532.0,648.0,652.0,654.0
6568.0,1531.0,1534.0,1536.0,658.0,656.0,653.0
6549.0,1526.0,1524.0,1538.0,654.0,655.0,652.0
6525.0,1519.0,1519.0,1528.0,652.0,654.0,653.0
6510.0,1523.0,1520.0,1511.0,653.0,652.0,651.0
6488.0,1515.0,1510.0,1508.0,652.0,653.0,650.0
6494.0,1509.0,1514.0,1519.0,650.0,651.0,651.0
6532.0,1524.0,1520.0,1533.0,652.0,651.0,652.0
6549.0,1532.0,1521.0,1529.0,656.0,652.0,659.0
6558.0,1534.0,1534.0,1523.0,656.0,656.0,655.0
6556.0,1529.0,1529.0,1530.0,658.0,655.0,655.0
6517.0,1523.0,1525.0,1510.0,653.0,652.0,654.0
6498.0,1515.0,1516.0,1522.0,648.0,649.0,648.0
6509.0,1513.0,1518.0,1524.0,651.0,656.0,647.0
6538.0,1523.0,1524.0,1528.0,651.0,656.0,656.0
6578.0,1536.0,1541.0,1531.0,654.0,659.0,657.0
6584.0,1535.0,1537.0,1537.0,657.0,658.0,660.0
6548.0,1525.0,1529.0,1525.0,655.0,656.0,658.0
6554.0,1530.0,1525.0,1537.0,654.0,651.0,657.0
6525.0,1526.0,1517.0,1528.0,651.0,647.0,656.0
6536.0,1522.0,1528.0,1524.0,655.0,655.0,652.0
6564.0,1535.0,1536.0,1527.0,659.0,652.0,655.0
6585.0,1544.0,1533.0,1532.0,659.0,660.0,657.0
6588.0,1535.0,1536.0,1540.0,657.0,662.0,658.0
6580.0,1529.0,1534.0,1540.0,659.0,662.0,656.0
6562.0,1530.0,1533.0,1531.0,655.0,658.0,655.0
6553.0,1532.0,1525.0,1533.0,656.0,653.0,654.0
6534.0,1526.0,1520.0,1527.0,653.0,653.0,655.0
6556.0,1525.0,1526.0,1531.0,659.0,656.0,659.0
6611.0,1538.0,1544.0,1544.0,661.0,661.0,663.0
6636.0,1549.0,1552.0,1547.0,659.0,665.0,664.0
6589.0,1541.0,1538.0,1532.0,658.0,660.0,660.0
6557.0,1531.0,1531.0,1529.0,654.0,658.0,654.0
6538.0,1528.0,1523.0,1525.0,655.0,655.0,652.0
6533.0,1524.0,1519.0,1528.0,654.0,656.0,652.0
6583.0,1540.0,1536.0,1532.0,662.0,656.0,657.0
6613.0,1543.0,1548.0,1544.0,664.0,657.0,657.0
6631.0,1545.0,1546.0,1551.0,667.0,661.0,661.0
6595.0,1538.0,1531.0,1547.0,660.0,658.0,661.0
6593.0,1540.0,1534.0,1544.0,657.0,658.0,660.0
6587.0,1540.0,1533.0,1540.0,657.0,658.0,659.0
6549.0,1527.0,1527.0,1522.0,654.0,661.0,658.0
6599.0,1536.0,1537.0,1540.0,663.0,661.0,662.0
6625.0,1553.0,1543.0,1544.0,663.0,661.0,661.0
6637.0,1546.0,1546.0,1560.0,663.0,664.0,658.0
6635.0,1546.0,1549.0,1558.0,662.0,660.0,660.0
6578.0,1542.0,1533.0,1535.0,655.0,660.0,653.0
6561.0,1532.0,1530.0,1534.0,653.0,656.0,656.0
6566.0,1535.0,1524.0,1532.0,657.0,660.0,658.0
6602.0,1539.0,1542.0,1539.0,662.0,659.0,661.0
6670.0,1556.0,1564.0,1552.0,665.0,666.0,667.0
6672.0,1551.0,1556.0,1560.0,668.0,668.0,669.0
6653.0,1554.0,1547.0,1552.0,668.0,666.0,666.0
6609.0,1542.0,1543.0,1546.0,659.0,660.0,659.0
6585.0,1537.0,1535.0,1538.0,659.0,660.0,656.0
6617.0,1536.0,1554.0,1549.0,661.0,661.0,656.0
6618.0,1542.0,1547.0,1546.0,660.0,664.0,659.0
6651.0,1553.0,1545.0,1557.0,668.0,664.0,664.0
6659.0,1552.0,1555.0,1550.0,666.0,669.0,667.0
6636.0,1547.0,1546.0,1553.0,663.0,662.0,665.0
6631.0,1547.0,1550.0,1544.0,663.0,662.0,665.0
6591.0,1540.0,1538.0,1528.0,662.0,661.0,662.0
6588.0,1531.0,1534.0,1544.0,660.0,660.0,659.0
6663.0,1555.0,1555.0,1559.0,668.0,662.0,664.0
6683.0,1560.0,1560.0,1562.0,667.0,667.0,667.0
6679.0,1557.0,1560.0,1557.0,671.0,667.0,667.0
6660.0,1546.0,1564.0,1551.0,666.0,667.0,666.0
6621.0,1554.0,1542.0,1539.0,661.0,664.0,661.0
6618.0,1548.0,1549.0,1533.0,662.0,664.0,662.0
6628.0,1536.0,1553.0,1554.0,659.0,664.0,662.0
6665.0,1553.0,1560.0,1563.0,660.0,665.0,664.0
6710.0,1572.0,1558.0,1569.0,670.0,667.0,674.0
6697.0,1561.0,1566.0,1560.0,672.0,667.0,671.0
6683.0,1550.0,1556.0,1566.0,671.0,668.0,672.0
6663.0,1557.0,1559.0,1550.0,666.0,665.0,666.0
6650.0,1558.0,1552.0,1552.0,669.0,659.0,660.0
6623.0,1533.0,1549.0,1556.0,661.0,666.0,658.0
6678.0,1560.0,1555.0,1561.0,661.0,670.0,671.0
6717.0,1570.0,1560.0,1571.0,671.0,676.0,669.0
6716.0,1563.0,1574.0,1564.0,674.0,673.0,668.0
6705.0,1562.0,1566.0,1564.0,673.0,668.0,672.0
6654.0,1557.0,1554.0,1547.0,666.0,661.0,669.0
6651.0,1555.0,1546.0,1550.0,665.0,666.0,669.0
6641.0,1540.0,1547.0,1561.0,666.0,660.0,667.0
6686.0,1557.0,1561.0,1569.0,666.0,667.0,666.0
6718.0,1567.0,1573.0,1562.0,672.0,676.0,668.0
6712.0,1564.0,1570.0,1567.0,669.0,673.0,669.0
6737.0,1578.0,1568.0,1571.0,674.0,675.0,671.0
6667.0,1557.0,1551.0,1556.0,670.0,666.0,667.0
6684.0,1560.0,1561.0,1558.0,671.0,668.0,666.0
6680.0,1552.0,1562.0,1560.0,668.0,667.0,671.0
6688.0,1554.0,1572.0,1556.0,670.0,665.0,671.0
6706.0,1569.0,1564.0,1558.0,672.0,670.0,673.0
6738.0,1565.0,1575.0,1572.0,674.0,675.0,677.0
6719.0,1561.0,1577.0,1572.0,664.0,675.0,670.0
6692.0,1559.0,1561.0,1562.0,670.0,670.0,670.0
6660.0,1553.0,1550.0,1558.0,666.0,669.0,664.0
6682.0,1552.0,1566.0,1549.0,676.0,672.0,667.0
6709.0,1569.0,1571.0,1558.0,672.0,673.0,666.0
6736.0,1578.0,1579.0,1566.0,670.0,671.0,672.0
6768.0,1581.0,1578.0,1581.0,678.0,671.0,679.0
6718.0,1568.0,1564.0,1568.0,674.0,671.0,673.0
6728.0,1574.0,1563.0,1574.0,672.0,669.0,676.0
6709.0,1568.0,1562.0,1566.0,672.0,669.0,672.0
6711.0,1568.0,1559.0,1565.0,673.0,671.0,675.0
6705.0,1562.0,1568.0,1557.0,673.0,672.0,673.0
6742.0,1576.0,1571.0,1573.0,673.0,676.0,673.0
6761.0,1571.0,1576.0,1585.0,677.0,677.0,675.0
6731.0,1563.0,1574.0,1579.0,670.0,674.0,671.0
6741.0,1577.0,1578.0,1573.0,671.0,671.0,671.0
6697.0,1567.0,1561.0,1561.0,669.0,670.0,669.0
6699.0,1554.0,1568.0,1562.0,672.0,671.0,672.0
6735.0,1568.0,1581.0,1569.0,671.0,673.0,673.0
6762.0,1583.0,1576.0,1571.0,676.0,676.0,680.0
6780.0,1575.0,1589.0,1580.0,675.0,682.0,679.0
6761.0,1575.0,1581.0,1582.0,674.0,673.0,676.0
6722.0,1572.0,1570.0,1566.0,670.0,672.0,672.0
6700.0,1574.0,1563.0,1553.0,671.0,669.0,670.0
6722.0,1569.0,1571.0,1569.0,670.0,670.0,673.0
6745.0,1567.0,1581.0,1572.0,678.0,674.0,673.0
6805.0,1593.0,1583.0,1594.0,681.0,677.0,677.0
6810.0,1582.0,1588.0,1595.0,683.0,680.0,682.0
6775.0,1571.0,1588.0,1580.0,678.0,681.0,677.0
6751.0,1580.0,1574.0,1566.0,677.0,678.0,676.0
6726.0,1570.0,1570.0,1563.0,669.0,676.0,678.0
6718.0,1559.0,1564.0,1574.0,673.0,673.0,675.0
6762.0,1575.0,1579.0,1582.0,677.0,673.0,676.0
6817.0,1598.0,1588.0,1590.0,681.0,678.0,682.0
6824.0,1580.0,1595.0,1604.0,683.0,680.0,682.0
6773.0,1576.0,1581.0,1578.0,681.0,679.0,678.0
6721.0,1569.0,1570.0,1560.0,674.0,675.0,673.0
6731.0,1569.0,1567.0,1575.0,671.0,671.0,678.0
6750.0,1568.0,1580.0,1575.0,673.0,677.0,677.0
6796.0,1577.0,1588.0,1594.0,678.0,679.0,680.0
6842.0,1597.0,1600.0,1594.0,684.0,685.0,682.0
6819.0,1587.0,1585.0,1599.0,686.0,681.0,681.0
6812.0,1590.0,1589.0,1585.0,681.0,683.0,684.0
6774.0,1593.0,1579.0,1578.0,679.0,669.0,676.0
6770.0,1574.0,1585.0,1582.0,678.0,678.0,673.0
6788.0,1575.0,1589.0,1591.0,679.0,679.0,675.0
6799.0,1585.0,1579.0,1595.0,678.0,684.0,678.0
6828.0,1595.0,1594.0,1588.0,681.0,687.0,683.0
6851.0,1595.0,1603.0,1595.0,686.0,686.0,686.0
6837.0,1593.0,1606.0,1586.0,687.0,681.0,684.0
6789.0,1583.0,1585.0,1585.0,678.0,678.0,680.0
6783.0,1588.0,1581.0,1580.0,680.0,673.0,681.0
6764.0,1575.0,1578.0,1585.0,673.0,674.0,679.0
6788.0,1585.0,1585.0,1583.0,675.0,679.0,681.0
6829.0,1596.0,1596.0,1588.0,680.0,683.0,686.0
6869.0,1602.0,1600.0,1603.0,688.0,687.0,689.0
6827.0,1594.0,1591.0,1588.0,684.0,684.0,686.0
6809.0,1591.0,1584.0,1592.0,681.0,683.0,678.0
6773.0,1573.0,1587.0,1579.0,677.0,678.0,679.0
6779.0,1577.0,1584.0,1587.0,674.0,679.0,678.0
6827.0,1596.0,1598.0,1596.0,677.0,678.0,682.0
6831.0,1600.0,1586.0,1591.0,681.0,685.0,688.0
6858.0,1600.0,1597.0,1598.0,686.0,687.0,690.0
6856.0,1598.0,1600.0,1604.0,683.0,684.0,687.0
6833.0,1587.0,1600.0,1597.0,681.0,686.0,682.0
6830.0,1594.0,1597.0,1595.0,683.0,681.0,680.0
6789.0,1576.0,1579.0,1585.0,684.0,684.0,681.0
6843.0,1599.0,1591.0,1600.0,683.0,685.0,685.0
6858.0,1608.0,1601.0,1596.0,682.0,686.0,685.0
6864.0,1601.0,1594.0,1605.0,688.0,690.0,686.0
6875.0,1601.0,1608.0,1607.0,685.0,685.0,689.0
6838.0,1600.0,1589.0,1597.0,684.0,681.0,687.0
6824.0,1591.0,1598.0,1592.0,682.0,679.0,682.0
6818.0,1584.0,1589.0,1591.0,685.0,683.0,686.0
6824.0,1598.0,1598.0,1583.0,683.0,682.0,680.0
6886.0,1613.0,1599.0,1608.0,691.0,689.0,686.0
6872.0,1609.0,1593.0,1606.0,685.0,691.0,688.0
6878.0,1603.0,1599.0,1612.0,686.0,692.0,686.0
6860.0,1597.0,1605.0,1604.0,686.0,685.0,683.0
6815.0,1589.0,1590.0,1592.0,683.0,680.0,681.0
6832.0,1585.0,1603.0,1589.0,688.0,684.0,683.0
6856.0,1596.0,1601.0,1598.0,686.0,685.0,690.0
6883.0,1604.0,1605.0,1608.0,687.0,689.0,690.0
6919.0,1608.0,1614.0,1616.0,691.0,695.0,695.0
6885.0,1597.0,1614.0,1606.0,689.0,691.0,688.0
6861.0,1605.0,1597.0,1598.0,687.0,689.0,685.0
6827.0,1596.0,1589.0,1594.0,683.0,685.0,680.0
6835.0,1593.0,1602.0,1590.0,684.0,684.0,682.0
6872.0,1608.0,1611.0,1594.0,689.0,685.0,685.0
6923.0,1613.0,1617.0,1625.0,688.0,690.0,690.0
6927.0,1612.0,1612.0,1624.0,694.0,691.0,694.0
6910.0,1605.0,1613.0,1617.0,692.0,692.0,691.0
6873.0,1602.0,1606.0,1601.0,686.0,686.0,692.0
6855.0,1595.0,1608.0,1592.0,682.0,689.0,689.0
6849.0,1596.0,1596.0,1597.0,685.0,687.0,688.0
6895.0,1607.0,1607.0,1608.0,692.0,689.0,692.0
6930.0,1619.0,1616.0,1621.0,694.0,690.0,690.0
6955.0,1622.0,1623.0,1626.0,698.0,694.0,692.0
6918.0,1612.0,1621.0,1614.0,691.0,689.0,691.0
6883.0,1615.0,1602.0,1606.0,686.0,688.0,686.0
6866.0,1605.0,1599.0,1596.0,689.0,689.0,688.0
6863.0,1600.0,1587.0,1607.0,692.0,686.0,691.0
6924.0,1617.0,1616.0,1616.0,694.0,692.0,689.0
6950.0,1621.0,1620.0,1625.0,695.0,694.0,695.0
6939.0,1622.0,1624.0,1609.0,694.0,695.0,695.0
6952.0,1621.0,1621.0,1621.0,698.0,695.0,696.0
6893.0,1617.0,1610.0,1603.0,686.0,690.0,687.0
6892.0,1612.0,1607.0,1609.0,687.0,687.0,690.0
6903.0,1607.0,1616.0,1607.0,692.0,693.0,688.0
6921.0,1612.0,1611.0,1622.0,691.0,694.0,691.0
6993.0,1635.0,1626.0,1635.0,698.0,699.0,700.0
6958.0,1620.0,1624.0,1622.0,699.0,695.0,698.0
6946.0,1617.0,1624.0,1622.0,693.0,694.0,696.0
6927.0,1617.0,1614.0,1610.0,693.0,695.0,698.0
6907.0,1614.0,1608.0,1615.0,686.0,689.0,695.0
6898.0,1613.0,1606.0,1619.0,685.0,688.0,687.0
6934.0,1624.0,1614.0,1621.0,691.0,691.0,693.0
6978.0,1636.0,1625.0,1623.0,702.0,695.0,697.0
6962.0,1627.0,1630.0,1618.0,697.0,697.0,693.0
6954.0,1620.0,1626.0,1622.0,694.0,697.0,695.0
6928.0,1616.0,1608.0,1621.0,694.0,698.0,691.0
6922.0,1614.0,1607.0,1624.0,691.0,692.0,694.0
6907.0,1610.0,1612.0,1610.0,691.0,691.0,693.0
6970.0,1633.0,1629.0,1621.0,696.0,695.0,696.0
6984.0,1636.0,1632.0,1626.0,695.0,695.0,700.0
7004.0,1633.0,1635.0,1632.0,703.0,700.0,701.0
6965.0,1622.0,1623.0,1634.0,697.0,692.0,697.0
6941.0,1615.0,1618.0,1626.0,694.0,695.0,693.0
6939.0,1616.0,1616.0,1627.0,692.0,696.0,692.0
6948.0,1616.0,1620.0,1630.0,695.0,698.0,689.0
6965.0,1633.0,1624.0,1621.0,694.0,698.0,695.0
6983.0,1633.0,1629.0,1627.0,698.0,698.0,698.0
7011.0,1634.0,1644.0,1632.0,699.0,700.0,702.0
6994.0,1620.0,1632.0,1642.0,701.0,700.0,699.0
6968.0,1629.0,1624.0,1626.0,697.0,694.0,698.0
6947.0,1627.0,1609.0,1627.0,696.0,692.0,696.0
6934.0,1615.0,1621.0,1615.0,692.0,696.0,695.0
6964.0,1622.0,1631.0,1619.0,696.0,698.0,698.0
7012.0,1651.0,1632.0,1631.0,697.0,702.0,699.0
7021.0,1636.0,1646.0,1643.0,696.0,702.0,698.0
7021.0,1637.0,1635.0,1646.0,703.0,700.0,700.0
6962.0,1626.0,1618.0,1627.0,697.0,698.0,696.0
6959.0,1619.0,1628.0,1626.0,698.0,693.0,695.0
6955.0,1613.0,1630.0,1622.0,699.0,695.0,696.0
7005.0,1638.0,1635.0,1633.0,700.0,698.0,701.0
7015.0,1634.0,1630.0,1644.0,702.0,699.0,706.0
7021.0,1631.0,1639.0,1640.0,701.0,705.0,705.0
7021.0,1631.0,1639.0,1643.0,704.0,702.0,702.0
6977.0,1631.0,1628.0,1620.0,696.0,702.0,700.0
6970.0,1627.0,1623.0,1627.0,698.0,697.0,698.0
6932.0,1614.0,1618.0,1614.0,699.0,695.0,692.0
7000.0,1631.0,1636.0,1634.0,702.0,700.0,697.0
7037.0,1647.0,1643.0,1641.0,703.0,701.0,702.0
7045.0,1633.0,1645.0,1653.0,705.0,703.0,706.0
7043.0,1638.0,1639.0,1648.0,704.0,706.0,708.0
7008.0,1640.0,1634.0,1623.0,702.0,705.0,704.0
6992.0,1636.0,1633.0,1627.0,699.0,697.0,700.0
6986.0,1626.0,1639.0,1622.0,698.0,701.0,700.0
7028.0,1644.0,1640.0,1636.0,705.0,702.0,701.0
7067.0,1653.0,1642.0,1656.0,707.0,705.0,704.0
7064.0,1653.0,1644.0,1650.0,705.0,705.0,707.0
7023.0,1639.0,1639.0,1641.0,700.0,704.0,700.0
7031.0,1650.0,1638.0,1642.0,704.0,699.0,698.0
6987.0,1635.0,1624.0,1627.0,698.0,699.0,704.0
6994.0,1627.0,1625.0,1640.0,699.0,700.0,703.0
7045.0,1643.0,1640.0,1640.0,709.0,709.0,704.0
7093.0,1648.0,1661.0,1652.0,708.0,711.0,713.0
7094.0,1655.0,1660.0,1653.0,707.0,708.0,711.0
7030.0,1640.0,1645.0,1633.0,703.0,704.0,705.0
7024.0,1649.0,1632.0,1638.0,701.0,700.0,704.0
7020.0,1647.0,1637.0,1635.0,702.0,699.0,700.0
7019.0,1634.0,1644.0,1640.0,703.0,700.0,698.0
7046.0,1643.0,1646.0,1643.0,707.0,706.0,701.0
7088.0,1655.0,1655.0,1654.0,709.0,708.0,707.0
7079.0,1654.0,1645.0,1653.0,709.0,710.0,708.0
7096.0,1661.0,1653.0,1657.0,706.0,710.0,709.0
7061.0,1653.0,1650.0,1639.0,704.0,705.0,710.0
7029.0,1643.0,1636.0,1652.0,699.0,699.0,700.0
7028.0,1639.0,1636.0,1648.0,700.0,704.0,701.0
7048.0,1640.0,1643.0,1650.0,706.0,703.0,706.0
7082.0,1659.0,1645.0,1649.0,711.0,708.0,710.0
7083.0,1642.0,1661.0,1646.0,713.0,709.0,712.0
7090.0,1656.0,1657.0,1656.0,708.0,706.0,707.0
7056.0,1641.0,1642.0,1655.0,708.0,708.0,702.0
7036.0,1647.0,1635.0,1644.0,703.0,704.0,703.0
7044.0,1635.0,1648.0,1646.0,704.0,703.0,708.0
7080.0,1662.0,1650.0,1644.0,709.0,707.0,708.0
7126.0,1659.0,1669.0,1658.0,716.0,710.0,714.0
7103.0,1656.0,1657.0,1656.0,714.0,709.0,711.0
7110.0,1661.0,1655.0,1658.0,714.0,711.0,711.0
7069.0,1652.0,1643.0,1657.0,706.0,707.0,704.0
7063.0,1649.0,1655.0,1643.0,707.0,704.0,705.0
7047.0,1641.0,1646.0,1648.0,702.0,708.0,702.0
7067.0,1653.0,1654.0,1640.0,704.0,712.0,704.0
7130.0,1663.0,1663.0,1657.0,717.0,714.0,716.0
7115.0,1660.0,1658.0,1655.0,713.0,717.0,712.0
7117.0,1655.0,1666.0,1664.0,714.0,710.0,708.0
7080.0,1658.0,1650.0,1650.0,710.0,707.0,705.0
7052.0,1648.0,1648.0,1643.0,703.0,702.0,708.0
7068.0,1645.0,1645.0,1655.0,705.0,708.0,710.0
7095.0,1649.0,1654.0,1657.0,710.0,713.0,712.0
7156.0,1679.0,1673.0,1660.0,717.0,714.0,713.0
7135.0,1666.0,1669.0,1661.0,716.0,712.0,711.0
7123.0,1667.0,1653.0,1666.0,712.0,715.0,710.0
7100.0,1660.0,1659.0,1653.0,713.0,708.0,707.0
7076.0,1651.0,1651.0,1656.0,705.0,705.0,708.0
7077.0,1649.0,1661.0,1646.0,705.0,706.0,710.0
7119.0,1655.0,1667.0,1664.0,707.0,711.0,715.0
7148.0,1673.0,1660.0,1669.0,715.0,714.0,717.0
7148.0,1668.0,1660.0,1673.0,714.0,715.0,718.0
7135.0,1662.0,1661.0,1670.0,714.0,715.0,713.0
7121.0,1657.0,1668.0,1655.0,714.0,715.0,712.0
7081.0,1657.0,1653.0,1648.0,710.0,709.0,704.0
7090.0,1648.0,1657.0,1654.0,711.0,712.0,708.0
7120.0,1662.0,1664.0,1659.0,711.0,711.0,713.0
7166.0,1679.0,1673.0,1672.0,716.0,711.0,715.0
7181.0,1668.0,1685.0,1679.0,717.0,713.0,719.0
7163.0,1667.0,1673.0,1673.0,715.0,718.0,717.0
7111.0,1664.0,1654.0,1658.0,711.0,712.0,712.0
7117.0,1662.0,1659.0,1654.0,711.0,713.0,718.0
7126.0,1655.0,1665.0,1659.0,714.0,716.0,717.0
7154.0,1662.0,1676.0,1667.0,717.0,719.0,713.0
7164.0,1669.0,1671.0,1673.0,713.0,718.0,720.0
7191.0,1685.0,1677.0,1674.0,717.0,719.0,719.0
7148.0,1671.0,1669.0,1665.0,715.0,714.0,714.0
7143.0,1677.0,1669.0,1658.0,715.0,713.0,711.0
7112.0,1659.0,1660.0,1656.0,713.0,710.0,714.0
7145.0,1664.0,1671.0,1667.0,716.0,714.0,713.0
7158.0,1668.0,1666.0,1674.0,715.0,720.0,715.0
7203.0,1676.0,1683.0,1686.0,719.0,719.0,720.0
7201.0,1683.0,1672.0,1682.0,720.0,721.0,723.0
7197.0,1673.0,1683.0,1679.0,722.0,719.0,721.0
7155.0,1673.0,1666.0,1671.0,715.0,717.0,713.0
7138.0,1669.0,1663.0,1665.0,718.0,711.0,712.0
7147.0,1665.0,1670.0,1669.0,719.0,710.0,714.0
7181.0,1673.0,1673.0,1679.0,721.0,718.0,717.0
7206.0,1674.0,1694.0,1676.0,720.0,720.0,722.0
7205.0,1676.0,1686.0,1684.0,716.0,722.0,721.0
7186.0,1678.0,1676.0,1674.0,717.0,720.0,721.0
7170.0,1685.0,1672.0,1666.0,715.0,716.0,716.0
7142.0,1667.0,1671.0,1664.0,714.0,712.0,714.0
7166.0,1671.0,1668.0,1676.0,716.0,719.0,716.0
7173.0,1666.0,1673.0,1678.0,718.0,719.0,719.0
7223.0,1697.0,1679.0,1687.0,723.0,718.0,719.0
7214.0,1677.0,1682.0,1684.0,725.0,723.0,723.0
7212.0,1674.0,1690.0,1687.0,719.0,720.0,722.0
7191.0,1679.0,1678.0,1679.0,718.0,722.0,715.0
7177.0,1674.0,1670.0,1680.0,719.0,718.0,716.0
7160.0,1663.0,1673.0,1673.0,717.0,718.0,716.0
7220.0,1685.0,1685.0,1682.0,722.0,721.0,725.0
7224.0,1683.0,1696.0,1678.0,722.0,719.0,726.0
7232.0,1686.0,1689.0,1690.0,721.0,722.0,724.0
7212.0,1678.0,1684.0,1686.0,723.0,721.0,720.0
7188.0,1683.0,1672.0,1685.0,714.0,719.0,715.0
7172.0,1669.0,1673.0,1678.0,714.0,719.0,719.0
7205.0,1671.0,1686.0,1686.0,719.0,723.0,720.0
7202.0,1677.0,1686.0,1678.0,720.0,722.0,719.0
7258.0,1702.0,1688.0,1690.0,725.0,727.0,726.0
7236.0,1680.0,1692.0,1688.0,724.0,725.0,727.0
7240.0,1692.0,1687.0,1688.0,725.0,725.0,723.0
7211.0,1684.0,1681.0,1681.0,723.0,720.0,722.0
7192.0,1681.0,1673.0,1683.0,716.0,717.0,722.0
7176.0,1663.0,1675.0,1673.0,721.0,720.0,724.0
7221.0,1682.0,1685.0,1680.0,722.0,727.0,725.0
7285.0,1702.0,1702.0,1697.0,729.0,730.0,725.0
7280.0,1702.0,1704.0,1696.0,727.0,729.0,722.0
7235.0,1682.0,1688.0,1692.0,727.0,728.0,718.0
7223.0,1695.0,1678.0,1688.0,721.0,722.0,719.0
7196.0,1683.0,1668.0,1685.0,719.0,719.0,722.0
7218.0,1683.0,1686.0,1681.0,720.0,720.0,728.0
7255.0,1689.0,1702.0,1690.0,722.0,723.0,729.0
7279.0,1707.0,1695.0,1696.0,730.0,725.0,726.0
7291.0,1690.0,1699.0,1709.0,735.0,726.0,732.0
7264.0,1694.0,1695.0,1694.0,727.0,729.0,725.0
7269.0,1700.0,1696.0,1690.0,730.0,729.0,724.0
7227.0,1689.0,1692.0,1682.0,721.0,725.0,718.0
7239.0,1683.0,1694.0,1685.0,728.0,726.0,723.0
7244.0,1693.0,1686.0,1695.0,722.0,724.0,724.0
7308.0,1712.0,1696.0,1712.0,730.0,730.0,728.0
7306.0,1698.0,1710.0,1709.0,733.0,727.0,729.0
7296.0,1701.0,1705.0,1699.0,732.0,728.0,731.0
7253.0,1698.0,1688.0,1690.0,723.0,727.0,727.0
7230.0,1684.0,1685.0,1686.0,724.0,724.0,727.0
7234.0,1691.0,1684.0,1690.0,721.0,722.0,726.0
7291.0,1700.0,1697.0,1707.0,728.0,732.0,727.0
7309.0,1707.0,1704.0,1706.0,728.0,735.0,729.0
7311.0,1707.0,1709.0,1704.0,730.0,731.0,730.0
7281.0,1693.0,1696.0,1703.0,732.0,728.0,729.0
7262.0,1702.0,1696.0,1690.0,727.0,723.0,724.0
7254.0,1691.0,1695.0,1694.0,726.0,722.0,726.0
7266.0,1689.0,1701.0,1696.0,725.0,727.0,728.0
7292.0,1702.0,1694.0,1709.0,729.0,726.0,732.0
7307.0,1709.0,1701.0,1705.0,727.0,732.0,733.0
7297.0,1704.0,1706.0,1695.0,727.0,734.0,731.0
7315.0,1707.0,1715.0,1701.0,730.0,730.0,732.0
7278.0,1705.0,1697.0,1692.0,731.0,728.0,725.0
7265.0,1699.0,1701.0,1690.0,727.0,725.0,723.0
7269.0,1697.0,1696.0,1697.0,729.0,725.0,725.0
7312.0,1697.0,1714.0,1710.0,730.0,730.0,731.0
7348.0,1718.0,1717.0,1720.0,732.0,732.0,729.0
7313.0,1719.0,1706.0,1693.0,728.0,730.0,737.0
7320.0,1702.0,1709.0,1706.0,734.0,734.0,735.0
7331.0,1718.0,1702.0,1712.0,734.0,732.0,733.0
7278.0,1690.0,1702.0,1696.0,728.0,731.0,731.0
7297.0,1692.0,1705.0,1709.0,732.0,730.0,729.0
7318.0,1709.0,1713.0,1699.0,735.0,729.0,733.0
7349.0,1717.0,1709.0,1713.0,737.0,739.0,734.0
7325.0,1708.0,1710.0,1707.0,735.0,732.0,733.0
7334.0,1709.0,1718.0,1712.0,734.0,731.0,730.0
7322.0,1711.0,1708.0,1711.0,736.0,729.0,727.0
7309.0,1707.0,1696.0,1716.0,727.0,733.0,730.0
7299.0,1696.0,1708.0,1705.0,733.0,728.0,729.0
7307.0,1698.0,1707.0,1703.0,733.0,735.0,731.0
7361.0,1724.0,1713.0,1714.0,736.0,734.0,740.0
7396.0,1726.0,1730.0,1719.0,737.0,740.0,744.0
7347.0,1710.0,1716.0,1720.0,733.0,731.0,737.0
7303.0,1713.0,1701.0,1706.0,730.0,726.0,727.0
7300.0,1700.0,1700.0,1707.0,734.0,730.0,729.0
7310.0,1698.0,1710.0,1708.0,733.0,730.0,731.0
7333.0,1706.0,1720.0,1704.0,737.0,733.0,733.0
7367.0,1724.0,1718.0,1714.0,737.0,739.0,735.0
7365.0,1714.0,1718.0,1725.0,734.0,737.0,737.0
7370.0,1722.0,1719.0,1716.0,737.0,739.0,737.0
7358.0,1718.0,1719.0,1719.0,733.0,732.0,737.0
7337.0,1711.0,1710.0,1718.0,732.0,729.0,737.0
7315.0,1706.0,1702.0,1714.0,734.0,726.0,733.0
7352.0,1722.0,1711.0,1711.0,738.0,736.0,734.0
7368.0,1726.0,1713.0,1718.0,738.0,738.0,735.0
7399.0,1722.0,1724.0,1727.0,739.0,743.0,744.0
7398.0,1721.0,1729.0,1734.0,739.0,738.0,737.0
7360.0,1716.0,1718.0,1722.0,734.0,735.0,735.0
7337.0,1715.0,1707.0,1712.0,734.0,735.0,734.0
7313.0,1704.0,1705.0,1708.0,730.0,733.0,733.0
7375.0,1722.0,1713.0,1721.0,740.0,739.0,740.0
7421.0,1736.0,1730.0,1739.0,740.0,738.0,738.0
7418.0,1724.0,1728.0,1741.0,744.0,741.0,740.0
7373.0,1719.0,1711.0,1729.0,739.0,737.0,738.0
7366.0,1721.0,1724.0,1719.0,733.0,737.0,732.0
7340.0,1709.0,1718.0,1713.0,733.0,736.0,731.0
7357.0,1723.0,1720.0,1711.0,735.0,736.0,732.0
7383.0,1725.0,1723.0,1725.0,738.0,735.0,737.0
7413.0,1730.0,1722.0,1738.0,741.0,741.0,741.0
7425.0,1728.0,1735.0,1733.0,744.0,740.0,745.0
7417.0,1727.0,1733.0,1729.0,742.0,739.0,747.0
7374.0,1729.0,1723.0,1709.0,737.0,734.0,742.0
7371.0,1719.0,1727.0,1719.0,734.0,731.0,741.0
7353.0,1714.0,1714.0,1713.0,737.0,739.0,736.0
7390.0,1719.0,1721.0,1731.0,738.0,742.0,739.0
7442.0,1739.0,1735.0,1739.0,743.0,745.0,741.0
7456.0,1740.0,1742.0,1740.0,747.0,746.0,741.0
7422.0,1731.0,1724.0,1733.0,747.0,742.0,745.0
7373.0,1724.0,1715.0,1725.0,741.0,735.0,733.0
7377.0,1727.0,1717.0,1725.0,737.0,733.0,738.0
7382.0,1715.0,1727.0,1724.0,737.0,740.0,739.0
7415.0,1727.0,1735.0,1734.0,735.0,740.0,744.0
7456.0,1743.0,1736.0,1743.0,743.0,746.0,745.0
7456.0,1733.0,1737.0,1744.0,747.0,746.0,749.0
7446.0,1743.0,1738.0,1730.0,743.0,747.0,745.0
7424.0,1733.0,1741.0,1725.0,743.0,744.0,738.0
7376.0,1717.0,1718.0,1727.0,743.0,736.0,735.0
7386.0,1727.0,1722.0,1725.0,738.0,738.0,736.0
7419.0,1734.0,1731.0,1734.0,739.0,743.0,738.0
7464.0,1745.0,1742.0,1741.0,746.0,745.0,745.0
7467.0,1741.0,1743.0,1742.0,747.0,746.0,748.0
7471.0,1739.0,1746.0,1743.0,747.0,748.0,748.0
7420.0,1733.0,1726.0,1732.0,742.0,743.0,744.0
7421.0,1732.0,1730.0,1736.0,741.0,741.0,741.0
7421.0,1726.0,1737.0,1729.0,740.0,745.0,744.0
7444.0,1741.0,1738.0,1736.0,745.0,741.0,743.0
7454.0,1744.0,1741.0,1737.0,740.0,745.0,747.0
7452.0,1740.0,1738.0,1740.0,743.0,745.0,746.0
7449.0,1739.0,1737.0,1737.0,749.0,744.0,743.0
7435.0,1740.0,1734.0,1731.0,744.0,742.0,744.0
7394.0,1729.0,1725.0,1714.0,743.0,743.0,740.0
7411.0,1728.0,1721.0,1735.0,739.0,746.0,742.0
7453.0,1746.0,1730.0,1737.0,745.0,747.0,748.0
7483.0,1746.0,1742.0,1748.0,745.0,751.0,751.0
7506.0,1743.0,1757.0,1751.0,751.0,753.0,751.0
7489.0,1745.0,1743.0,1753.0,750.0,748.0,750.0
7438.0,1741.0,1733.0,1729.0,747.0,744.0,744.0
7426.0,1731.0,1729.0,1739.0,743.0,740.0,744.0
7416.0,1727.0,1730.0,1733.0,747.0,741.0,738.0
7451.0,1738.0,1738.0,1738.0,744.0,748.0,745.0
7498.0,1751.0,1750.0,1748.0,748.0,754.0,747.0
7517.0,1756.0,1751.0,1753.0,751.0,752.0,754.0
7481.0,1744.0,1743.0,1749.0,746.0,750.0,749.0
7480.0,1741.0,1748.0,1745.0,749.0,748.0,749.0
7448.0,1739.0,1748.0,1729.0,747.0,740.0,745.0
7460.0,1737.0,1750.0,1737.0,748.0,743.0,745.0
7457.0,1742.0,1739.0,1736.0,750.0,745.0,745.0
7524.0,1758.0,1758.0,1752.0,753.0,750.0,753.0
7521.0,1756.0,1750.0,1760.0,754.0,752.0,749.0
7508.0,1752.0,1758.0,1747.0,750.0,753.0,748.0
7480.0,1746.0,1748.0,1745.0,746.0,750.0,745.0
7454.0,1739.0,1736.0,1736.0,747.0,749.0,747.0
7452.0,1737.0,1737.0,1732.0,751.0,749.0,746.0
7483.0,1752.0,1747.0,1741.0,749.0,747.0,747.0
7550.0,1765.0,1764.0,1764.0,754.0,750.0,753.0
7522.0,1752.0,1759.0,1755.0,750.0,752.0,754.0
7520.0,1763.0,1751.0,1751.0,752.0,751.0,752.0
7494.0,1761.0,1747.0,1743.0,746.0,750.0,747.0
7439.0,1737.0,1733.0,1733.0,746.0,745.0,745.0
7490.0,1747.0,1751.0,1741.0,751.0,751.0,749.0
7497.0,1744.0,1750.0,1751.0,749.0,752.0,751.0
7532.0,1762.0,1745.0,1764.0,753.0,755.0,753.0
7554.0,1769.0,1759.0,1763.0,758.0,753.0,752.0
7519.0,1755.0,1756.0,1747.0,756.0,751.0,754.0
7496.0,1750.0,1752.0,1744.0,747.0,748.0,755.0
7484.0,1749.0,1745.0,1745.0,745.0,749.0,751.0
7466.0,1730.0,1737.0,1747.0,752.0,751.0,749.0
7523.0,1750.0,1751.0,1767.0,752.0,750.0,753.0
7587.0,1770.0,1770.0,1775.0,761.0,756.0,755.0
7559.0,1759.0,1765.0,1764.0,759.0,758.0,754.0
7562.0,1768.0,1758.0,1766.0,757.0,758.0,755.0
7495.0,1755.0,1750.0,1740.0,750.0,751.0,749.0
7487.0,1756.0,1749.0,1747.0,745.0,744.0,746.0
7518.0,1750.0,1757.0,1752.0,757.0,750.0,752.0
7554.0,1761.0,1760.0,1769.0,758.0,752.0,754.0
7575.0,1773.0,1758.0,1770.0,757.0,758.0,759.0
7575.0,1774.0,1759.0,1760.0,763.0,760.0,759.0
7553.0,1765.0,1764.0,1752.0,758.0,758.0,756.0
7543.0,1758.0,1762.0,1759.0,752.0,758.0,754.0
7524.0,1754.0,1763.0,1756.0,747.0,754.0,750.0
7534.0,1762.0,1755.0,1763.0,751.0,752.0,751.0
7527.0,1754.0,1751.0,1769.0,752.0,748.0,753.0
7594.0,1783.0,1759.0,1777.0,761.0,756.0,758.0
7590.0,1774.0,1766.0,1768.0,762.0,759.0,761.0
7527.0,1755.0,1754.0,1752.0,757.0,757.0,752.0
7531.0,1754.0,1750.0,1764.0,756.0,752.0,755.0
7541.0,1759.0,1759.0,1758.0,753.0,753.0,759.0
7545.0,1762.0,1760.0,1759.0,754.0,755.0,755.0
7559.0,1764.0,1767.0,1765.0,753.0,755.0,755.0
7606.0,1779.0,1775.0,1774.0,761.0,757.0,760.0
7592.0,1775.0,1777.0,1762.0,759.0,759.0,760.0
7572.0,1762.0,1767.0,1771.0,761.0,757.0,754.0
7564.0,1768.0,1757.0,1770.0,759.0,755.0,755.0
7547.0,1758.0,1761.0,1765.0,758.0,753.0,752.0
7543.0,1754.0,1760.0,1764.0,752.0,755.0,758.0
7561.0,1763.0,1762.0,1762.0,756.0,760.0,758.0
7629.0,1781.0,1779.0,1778.0,763.0,764.0,764.0
7611.0,1774.0,1778.0,1769.0,762.0,763.0,765.0
7617.0,1775.0,1780.0,1770.0,764.0,763.0,765.0
7573.0,1767.0,1763.0,1773.0,758.0,756.0,756.0
7543.0,1755.0,1751.0,1770.0,755.0,757.0,755.0
7542.0,1753.0,1765.0,1758.0,755.0,756.0,755.0
7578.0,1770.0,1768.0,1766.0,757.0,759.0,758.0
7631.0,1786.0,1781.0,1778.0,761.0,763.0,762.0
7631.0,1774.0,1784.0,1782.0,760.0,767.0,764.0
7631.0,1777.0,1783.0,1781.0,764.0,763.0,763.0
7572.0,1762.0,1760.0,1772.0,758.0,759.0,761.0
7602.0,1774.0,1773.0,1774.0,760.0,760.0,761.0
7572.0,1760.0,1783.0,1756.0,757.0,757.0,759.0
7611.0,1772.0,1784.0,1775.0,758.0,759.0,763.0
7620.0,1786.0,1775.0,1777.0,760.0,760.0,762.0
7651.0,1783.0,1785.0,1787.0,768.0,764.0,764.0
7634.0,1776.0,1779.0,1788.0,762.0,766.0,763.0
7621.0,1781.0,1778.0,1776.0,765.0,763.0,758.0
7571.0,1763.0,1771.0,1762.0,759.0,762.0,754.0
7590.0,1768.0,1766.0,1768.0,761.0,765.0,762.0
7609.0,1781.0,1767.0,1778.0,761.0,760.0,762.0
7667.0,1793.0,1787.0,1789.0,765.0,765.0,768.0
7666.0,1783.0,1795.0,1789.0,762.0,769.0,768.0
7625.0,1778.0,1783.0,1779.0,762.0,760.0,763.0
7642.0,1791.0,1777.0,1781.0,764.0,764.0,765.0
7578.0,1767.0,1767.0,1766.0,763.0,761.0,754.0
7606.0,1771.0,1779.0,1774.0,761.0,762.0,759.0
7639.0,1781.0,1785.0,1780.0,765.0,765.0,763.0
7674.0,1797.0,1788.0,1796.0,762.0,766.0,765.0
7668.0,1782.0,1781.0,1800.0,766.0,770.0,769.0
7655.0,1791.0,1781.0,1784.0,763.0,767.0,769.0
7638.0,1788.0,1780.0,1782.0,764.0,760.0,764.0
7618.0,1787.0,1782.0,1766.0,760.0,760.0,763.0
7616.0,1772.0,1778.0,1778.0,765.0,762.0,761.0
7641.0,1781.0,1784.0,1781.0,767.0,763.0,765.0
7657.0,1788.0,1777.0,1793.0,766.0,766.0,767.0
7680.0,1789.0,1797.0,1788.0,769.0,770.0,767.0
7671.0,1783.0,1793.0,1792.0,768.0,772.0,763.0
7614.0,1778.0,1768.0,1778.0,764.0,766.0,760.0
7593.0,1775.0,1769.0,1766.0,762.0,760.0,761.0
7624.0,1774.0,1781.0,1783.0,761.0,760.0,765.0
7672.0,1788.0,1792.0,1791.0,769.0,766.0,766.0
7723.0,1810.0,1795.0,1803.0,774.0,769.0,772.0
7713.0,1805.0,1797.0,1796.0,773.0,771.0,771.0
7675.0,1791.0,1790.0,1786.0,768.0,772.0,768.0
7660.0,1793.0,1783.0,1784.0,766.0,768.0,766.0
7644.0,1784.0,1786.0,1781.0,764.0,766.0,763.0
7648.0,1779.0,1785.0,1795.0,765.0,763.0,761.0
7697.0,1797.0,1798.0,1790.0,771.0,771.0,770.0
7722.0,1803.0,1797.0,1811.0,771.0,770.0,770.0
7712.0,1807.0,1796.0,1793.0,776.0,769.0,771.0
7694.0,1796.0,1794.0,1792.0,769.0,770.0,773.0
7675.0,1786.0,1793.0,1794.0,765.0,766.0,771.0
7674.0,1785.0,1787.0,1795.0,768.0,771.0,768.0
7655.0,1783.0,1776.0,1801.0,764.0,767.0,764.0
7689.0,1797.0,1785.0,1798.0,771.0,768.0,770.0
7718.0,1803.0,1799.0,1795.0,777.0,772.0,772.0
7729.0,1798.0,1811.0,1801.0,777.0,771.0,771.0
7720.0,1804.0,1799.0,1803.0,773.0,771.0,770.0
7689.0,1797.0,1793.0,1802.0,771.0,764.0,762.0
7676.0,1790.0,1788.0,1805.0,765.0,765.0,763.0
7681.0,1797.0,1791.0,1795.0,764.0,768.0,766.0
7698.0,1797.0,1797.0,1788.0,771.0,772.0,773.0
7710.0,1802.0,1788.0,1797.0,777.0,778.0,768.0
7744.0,1806.0,1808.0,1804.0,774.0,777.0,775.0
7721.0,1794.0,1809.0,1800.0,776.0,769.0,773.0
7698.0,1793.0,1799.0,1805.0,766.0,767.0,768.0
7664.0,1794.0,1784.0,1790.0,768.0,763.0,765.0
7662.0,1784.0,1790.0,1791.0,767.0,765.0,765.0
7717.0,1805.0,1797.0,1803.0,771.0,771.0,770.0
7745.0,1806.0,1810.0,1805.0,778.0,775.0,771.0
7745.0,1805.0,1806.0,1805.0,778.0,777.0,774.0
7761.0,1798.0,1815.0,1814.0,781.0,776.0,777.0
7715.0,1797.0,1791.0,1807.0,772.0,771.0,777.0
7686.0,1804.0,1780.0,1793.0,768.0,770.0,771.0
7714.0,1797.0,1804.0,1798.0,770.0,770.0,775.0
7736.0,1808.0,1815.0,1799.0,772.0,772.0,770.0
7753.0,1815.0,1808.0,1805.0,775.0,774.0,776.0
7776.0,1808.0,1816.0,1817.0,775.0,782.0,778.0
7759.0,1804.0,1813.0,1815.0,778.0,776.0,773.0
7737.0,1805.0,1809.0,1806.0,775.0,770.0,772.0
7698.0,1802.0,1801.0,1789.0,768.0,770.0,768.0
7705.0,1793.0,1802.0,1795.0,771.0,772.0,772.0
7729.0,1808.0,1803.0,1794.0,773.0,776.0,775.0
7801.0,1830.0,1815.0,1821.0,777.0,776.0,782.0
7802.0,1815.0,1819.0,1830.0,775.0,777.0,786.0
7785.0,1805.0,1817.0,1830.0,781.0,776.0,776.0
7741.0,1815.0,1803.0,1804.0,776.0,772.0,771.0
7720.0,1799.0,1802.0,1798.0,775.0,774.0,772.0
7711.0,1794.0,1800.0,1798.0,774.0,774.0,771.0
7760.0,1816.0,1807.0,1813.0,772.0,778.0,774.0
7812.0,1824.0,1827.0,1824.0,776.0,780.0,781.0
7787.0,1812.0,1813.0,1824.0,780.0,781.0,777.0
7785.0,1812.0,1818.0,1822.0,777.0,776.0,780.0
7771.0,1821.0,1809.0,1811.0,773.0,777.0,780.0
7744.0,1804.0,1807.0,1804.0,776.0,775.0,778.0
7737.0,1805.0,1808.0,1799.0,777.0,773.0,775.0
7783.0,1823.0,1811.0,1822.0,777.0,776.0,774.0
7811.0,1826.0,1817.0,1828.0,781.0,779.0,780.0
7808.0,1814.0,1821.0,1828.0,781.0,783.0,781.0
7790.0,1814.0,1829.0,1812.0,776.0,782.0,777.0
7763.0,1815.0,1816.0,1807.0,775.0,778.0,772.0
7729.0,1806.0,1804.0,1801.0,775.0,771.0,772.0
7773.0,1814.0,1809.0,1812.0,780.0,776.0,782.0
7809.0,1822.0,1827.0,1820.0,777.0,779.0,784.0
7823.0,1830.0,1835.0,1821.0,779.0,777.0,781.0
7829.0,1828.0,1829.0,1826.0,783.0,781.0,782.0
7804.0,1819.0,1819.0,1824.0,782.0,779.0,781.0
7771.0,1808.0,1816.0,1817.0,776.0,776.0,778.0
7763.0,1816.0,1805.0,1810.0,781.0,777.0,774.0
7782.0,1810.0,1821.0,1822.0,777.0,776.0,776.0
7815.0,1823.0,1827.0,1822.0,783.0,778.0,782.0
7836.0,1836.0,1821.0,1827.0,786.0,782.0,784.0
7831.0,1835.0,1820.0,1827.0,782.0,782.0,785.0
7811.0,1827.0,1827.0,1817.0,781.0,779.0,780.0
7801.0,1817.0,1824.0,1820.0,780.0,778.0,782.0
7777.0,1813.0,1818.0,1815.0,776.0,778.0,777.0
7755.0,1806.0,1802.0,1812.0,779.0,778.0,778.0
7825.0,1823.0,1827.0,1824.0,784.0,785.0,782.0
7856.0,1835.0,1839.0,1827.0,783.0,785.0,787.0
7848.0,1826.0,1836.0,1828.0,787.0,787.0,784.0
7835.0,1830.0,1826.0,1829.0,781.0,786.0,783.0
7795.0,1816.0,1823.0,1830.0,775.0,775.0,776.0
7774.0,1812.0,1815.0,1816.0,774.0,778.0,779.0
7799.0,1811.0,1824.0,1823.0,779.0,780.0,782.0
7835.0,1825.0,1837.0,1820.0,785.0,786.0,782.0
7878.0,1842.0,1834.0,1835.0,787.0,790.0,790.0
7854.0,1824.0,1828.0,1837.0,786.0,790.0,789.0
7884.0,1840.0,1842.0,1833.0,790.0,793.0,786.0
7844.0,1826.0,1829.0,1840.0,781.0,784.0,784.0
7808.0,1831.0,1825.0,1820.0,780.0,774.0,778.0
7792.0,1812.0,1820.0,1817.0,781.0,783.0,779.0
7820.0,1834.0,1817.0,1819.0,785.0,781.0,784.0
7877.0,1845.0,1840.0,1831.0,789.0,787.0,785.0
7884.0,1834.0,1845.0,1836.0,793.0,788.0,788.0
7873.0,1829.0,1838.0,1839.0,788.0,791.0,788.0
7848.0,1830.0,1837.0,1833.0,778.0,786.0,784.0
7844.0,1834.0,1829.0,1836.0,779.0,782.0,784.0
7826.0,1826.0,1823.0,1826.0,783.0,784.0,784.0
7859.0,1838.0,1837.0,1831.0,787.0,781.0,785.0
7907.0,1852.0,1846.0,1840.0,791.0,790.0,788.0
7896.0,1844.0,1843.0,1842.0,790.0,789.0,788.0
7859.0,1835.0,1830.0,1839.0,788.0,783.0,784.0
7864.0,1841.0,1834.0,1833.0,784.0,785.0,787.0
7828.0,1830.0,1831.0,1818.0,782.0,784.0,783.0
7845.0,1833.0,1823.0,1834.0,784.0,787.0,784.0
7895.0,1843.0,1839.0,1841.0,791.0,790.0,791.0
7915.0,1852.0,1842.0,1849.0,792.0,792.0,788.0
7915.0,1849.0,1842.0,1852.0,794.0,787.0,791.0
7877.0,1837.0,1843.0,1834.0,790.0,786.0,787.0
7855.0,1832.0,1839.0,1831.0,783.0,783.0,787.0
7835.0,1833.0,1825.0,1821.0,785.0,784.0,787.0
7815.0,1826.0,1818.0,1821.0,784.0,782.0,784.0
7891.0,1845.0,1834.0,1847.0,787.0,791.0,787.0
7928.0,1853.0,1849.0,1849.0,791.0,795.0,791.0
7938.0,1846.0,1858.0,1854.0,792.0,796.0,792.0
7908.0,1842.0,1848.0,1844.0,795.0,789.0,790.0
7875.0,1840.0,1827.0,1841.0,790.0,787.0,790.0
7848.0,1833.0,1831.0,1824.0,787.0,783.0,790.0
7864.0,1835.0,1839.0,1834.0,789.0,782.0,785.0
7897.0,1838.0,1846.0,1848.0,788.0,791.0,786.0
7932.0,1860.0,1844.0,1855.0,790.0,789.0,794.0
7929.0,1848.0,1849.0,1855.0,792.0,795.0,790.0
7924.0,1849.0,1847.0,1848.0,793.0,796.0,791.0
7890.0,1842.0,1838.0,1840.0,793.0,788.0,789.0
7879.0,1838.0,1836.0,1842.0,788.0,789.0,786.0
7879.0,1833.0,1838.0,1845.0,788.0,786.0,789.0
7925.0,1853.0,1847.0,1856.0,789.0,791.0,789.0
7943.0,1849.0,1852.0,1861.0,792.0,791.0,798.0
7951.0,1855.0,1857.0,1853.0,796.0,794.0,796.0
7914.0,1842.0,1851.0,1845.0,794.0,791.0,791.0
7905.0,1847.0,1838.0,1856.0,792.0,785.0,787.0
7899.0,1849.0,1833.0,1846.0,793.0,793.0,785.0
7902.0,1834.0,1849.0,1854.0,789.0,791.0,785.0
7937.0,1846.0,1852.0,1856.0,793.0,796.0,794.0
7946.0,1853.0,1847.0,1860.0,795.0,796.0,795.0
7942.0,1848.0,1856.0,1851.0,795.0,796.0,796.0
7928.0,1848.0,1857.0,1847.0,792.0,793.0,791.0
7913.0,1846.0,1848.0,1844.0,794.0,788.0,793.0
7939.0,1853.0,1854.0,1851.0,794.0,791.0,796.0
7911.0,1843.0,1847.0,1845.0,795.0,789.0,792.0
7955.0,1849.0,1857.0,1864.0,793.0,796.0,796.0
7984.0,1873.0,1852.0,1861.0,799.0,800.0,799.0
7986.0,1869.0,1867.0,1855.0,801.0,800.0,794.0
7958.0,1852.0,1863.0,1857.0,792.0,801.0,793.0
7945.0,1858.0,1850.0,1857.0,794.0,793.0,793.0
7937.0,1856.0,1846.0,1858.0,793.0,790.0,794.0
7927.0,1847.0,1848.0,1852.0,793.0,793.0,794.0
7961.0,1851.0,1860.0,1856.0,797.0,796.0,801.0
7985.0,1868.0,1868.0,1856.0,798.0,799.0,796.0
7987.0,1864.0,1866.0,1862.0,795.0,800.0,800.0
7987.0,1860.0,1861.0,1868.0,797.0,801.0,800.0
7967.0,1865.0,1857.0,1862.0,795.0,795.0,793.0
7930.0,1850.0,1854.0,1852.0,789.0,792.0,793.0
7938.0,1843.0,1863.0,1850.0,796.0,794.0,792.0
7946.0,1854.0,1854.0,1858.0,795.0,792.0,793.0
7992.0,1868.0,1860.0,1862.0,802.0,801.0,799.0
8032.0,1870.0,1876.0,1876.0,802.0,803.0,805.0
7995.0,1861.0,1866.0,1869.0,799.0,802.0,798.0
7989.0,1864.0,1863.0,1866.0,798.0,799.0,799.0
7961.0,1854.0,1862.0,1858.0,791.0,796.0,800.0
7944.0,1849.0,1855.0,1850.0,793.0,797.0,800.0
7978.0,1868.0,1866.0,1851.0,798.0,798.0,797.0
8045.0,1878.0,1887.0,1876.0,803.0,801.0,800.0
8011.0,1868.0,1871.0,1866.0,802.0,803.0,801.0
7999.0,1857.0,1866.0,1879.0,800.0,797.0,800.0
7969.0,1858.0,1862.0,1857.0,795.0,799.0,798.0
7959.0,1853.0,1861.0,1863.0,795.0,794.0,793.0
7971.0,1857.0,1867.0,1856.0,793.0,803.0,795.0
7983.0,1862.0,1857.0,1860.0,799.0,801.0,804.0
8048.0,1884.0,1869.0,1881.0,801.0,807.0,806.0
8054.0,1879.0,1876.0,1880.0,804.0,808.0,807.0
8023.0,1867.0,1874.0,1871.0,805.0,799.0,807.0
7988.0,1864.0,1867.0,1863.0,800.0,797.0,797.0
7960.0,1859.0,1862.0,1856.0,795.0,794.0,794.0
7975.0,1859.0,1856.0,1864.0,797.0,802.0,797.0
8028.0,1874.0,1880.0,1871.0,800.0,802.0,801.0
8055.0,1880.0,1881.0,1881.0,805.0,803.0,805.0
8071.0,1881.0,1880.0,1887.0,807.0,809.0,807.0
8032.0,1870.0,1872.0,1878.0,805.0,805.0,802.0
7979.0,1868.0,1863.0,1846.0,801.0,800.0,801.0
7979.0,1868.0,1863.0,1852.0,800.0,796.0,800.0
7989.0,1862.0,1870.0,1859.0,797.0,798.0,803.0
8041.0,1878.0,1881.0,1875.0,803.0,802.0,802.0
8041.0,1880.0,1866.0,1880.0,805.0,805.0,805.0
8064.0,1876.0,1878.0,1888.0,805.0,810.0,807.0
8081.0,1882.0,1886.0,1886.0,810.0,811.0,806.0
8038.0,1877.0,1882.0,1870.0,804.0,806.0,799.0
8028.0,1876.0,1875.0,1865.0,806.0,803.0,803.0
8023.0,1871.0,1868.0,1879.0,800.0,802.0,803.0
8042.0,1879.0,1869.0,1883.0,801.0,804.0,806.0
8095.0,1886.0,1891.0,1897.0,807.0,807.0,807.0
8074.0,1882.0,1887.0,1880.0,807.0,807.0,811.0
8057.0,1874.0,1881.0,1877.0,813.0,807.0,805.0
7996.0,1873.0,1858.0,1861.0,802.0,801.0,801.0
8004.0,1871.0,1858.0,1869.0,804.0,802.0,800.0
8024.0,1877.0,1870.0,1874.0,800.0,803.0,800.0
8084.0,1891.0,1884.0,1891.0,805.0,808.0,805.0
8079.0,1886.0,1889.0,1881.0,810.0,809.0,804.0
8103.0,1888.0,1890.0,1888.0,814.0,810.0,813.0
8068.0,1879.0,1885.0,1883.0,806.0,805.0,810.0
8050.0,1877.0,1878.0,1880.0,806.0,802.0,807.0
8032.0,1871.0,1874.0,1873.0,805.0,803.0,806.0
8030.0,1862.0,1877.0,1874.0,804.0,805.0,808.0
8068.0,1884.0,1885.0,1885.0,805.0,805.0,804.0
8096.0,1888.0,1887.0,1891.0,806.0,812.0,812.0
8094.0,1889.0,1884.0,1889.0,809.0,815.0,808.0
8088.0,1882.0,1893.0,1882.0,808.0,812.0,811.0
8080.0,1885.0,1882.0,1893.0,809.0,806.0,805.0
8051.0,1882.0,1876.0,1882.0,806.0,802.0,803.0
8041.0,1878.0,1868.0,1875.0,808.0,804.0,808.0
8077.0,1885.0,1885.0,1889.0,806.0,805.0,807.0
8108.0,1890.0,1899.0,1883.0,812.0,810.0,814.0
8125.0,1890.0,1896.0,1896.0,810.0,815.0,818.0
8102.0,1890.0,1886.0,1889.0,811.0,814.0,812.0
8082.0,1884.0,1877.0,1898.0,806.0,808.0,809.0
8085.0,1882.0,1886.0,1893.0,807.0,811.0,806.0
8049.0,1875.0,1877.0,1881.0,809.0,805.0,802.0
8099.0,1900.0,1887.0,1886.0,808.0,809.0,809.0
8113.0,1898.0,1887.0,1892.0,811.0,811.0,814.0
8137.0,1897.0,1903.0,1902.0,813.0,808.0,814.0
8130.0,1891.0,1902.0,1898.0,812.0,814.0,813.0
8095.0,1883.0,1890.0,1896.0,806.0,811.0,809.0
8084.0,1884.0,1886.0,1889.0,807.0,806.0,812.0
8095.0,1882.0,1894.0,1889.0,809.0,813.0,808.0
8100.0,1889.0,1889.0,1884.0,816.0,810.0,812.0
8139.0,1904.0,1907.0,1888.0,813.0,812.0,815.0
8122.0,1892.0,1897.0,1900.0,811.0,812.0,810.0
8116.0,1884.0,1892.0,1907.0,811.0,809.0,813.0
8111.0,1895.0,1883.0,1906.0,808.0,810.0,809.0
8096.0,1892.0,1886.0,1886.0,812.0,812.0,808.0
8086.0,1878.0,1894.0,1882.0,812.0,811.0,809.0
8129.0,1891.0,1898.0,1895.0,817.0,815.0,813.0
8172.0,1903.0,1906.0,1911.0,817.0,820.0,815.0
8167.0,1904.0,1904.0,1905.0,817.0,817.0,820.0
8163.0,1896.0,1907.0,1909.0,814.0,815.0,822.0
8127.0,1902.0,1895.0,1898.0,808.0,815.0,809.0
8098.0,1891.0,1891.0,1885.0,812.0,808.0,811.0
8097.0,1891.0,1892.0,1883.0,810.0,810.0,811.0
8146.0,1901.0,1894.0,1909.0,818.0,817.0,807.0
8168.0,1907.0,1904.0,1908.0,816.0,816.0,817.0
8195.0,1911.0,1909.0,1924.0,817.0,814.0,820.0
8159.0,1905.0,1912.0,1894.0,816.0,817.0,815.0
8131.0,1901.0,1898.0,1895.0,809.0,814.0,814.0
8113.0,1893.0,1890.0,1891.0,814.0,812.0,813.0
8127.0,1897.0,1899.0,1893.0,809.0,812.0,817.0
8174.0,1907.0,1909.0,1913.0,816.0,813.0,816.0
8206.0,1914.0,1914.0,1922.0,820.0,819.0,817.0
8195.0,1911.0,1902.0,1927.0,817.0,819.0,819.0
8151.0,1897.0,1899.0,1904.0,818.0,820.0,813.0
8136.0,1899.0,1900.0,1901.0,812.0,815.0,809.0
8141.0,1903.0,1905.0,1898.0,812.0,814.0,809.0
8135.0,1892.0,1896.0,1904.0,811.0,817.0,815.0
8187.0,1907.0,1911.0,1912.0,820.0,821.0,816.0
8194.0,1916.0,1908.0,1912.0,821.0,820.0,817.0
8218.0,1922.0,1921.0,1914.0,821.0,818.0,822.0
8181.0,1909.0,1913.0,1903.0,819.0,818.0,819.0
8153.0,1898.0,1911.0,1898.0,817.0,812.0,817.0
8130.0,1899.0,1892.0,1901.0,810.0,814.0,814.0
8158.0,1898.0,1906.0,1911.0,814.0,817.0,812.0
8191.0,1913.0,1908.0,1917.0,817.0,820.0,816.0
8241.0,1925.0,1930.0,1919.0,823.0,821.0,823.0
8212.0,1921.0,1918.0,1911.0,820.0,822.0,820.0
8218.0,1915.0,1917.0,1916.0,824.0,821.0,825.0
8176.0,1900.0,1906.0,1915.0,822.0,818.0,815.0
8169.0,1904.0,1909.0,1904.0,820.0,813.0,819.0
8155.0,1899.0,1908.0,1901.0,816.0,811.0,820.0
8192.0,1911.0,1913.0,1911.0,818.0,819.0,820.0
8231.0,1923.0,1917.0,1922.0,822.0,827.0,820.0
8213.0,1918.0,1918.0,1911.0,824.0,822.0,820.0
8209.0,1921.0,1915.0,1912.0,821.0,823.0,817.0
8198.0,1909.0,1913.0,1920.0,820.0,818.0,818.0
8144.0,1901.0,1900.0,1903.0,812.0,813.0,815.0
8165.0,1896.0,1903.0,1912.0,818.0,817.0,819.0
8201.0,1913.0,1910.0,1918.0,821.0,817.0,822.0
8237.0,1929.0,1920.0,1919.0,825.0,820.0,824.0
8237.0,1921.0,1923.0,1917.0,825.0,825.0,826.0
8241.0,1916.0,1927.0,1925.0,826.0,823.0,824.0
8178.0,1909.0,1902.0,1912.0,818.0,819.0,818.0
8199.0,1913.0,1911.0,1911.0,823.0,823.0,818.0
8187.0,1911.0,1905.0,1909.0,822.0,822.0,818.0
8220.0,1923.0,1925.0,1910.0,823.0,820.0,819.0
8251.0,1935.0,1922.0,1919.0,825.0,826.0,824.0
8253.0,1928.0,1928.0,1927.0,823.0,825.0,822.0
8226.0,1919.0,1915.0,1926.0,823.0,818.0,825.0
8240.0,1917.0,1925.0,1928.0,823.0,823.0,824.0
8212.0,1917.0,1917.0,1911.0,822.0,821.0,824.0
8210.0,1918.0,1912.0,1912.0,824.0,821.0,823.0
8222.0,1920.0,1918.0,1913.0,824.0,824.0,823.0
8276.0,1939.0,1933.0,1926.0,825.0,828.0,825.0
8278.0,1930.0,1933.0,1929.0,828.0,830.0,828.0
8270.0,1925.0,1932.0,1934.0,824.0,829.0,826.0
8244.0,1923.0,1917.0,1933.0,825.0,824.0,822.0
8203.0,1912.0,1908.0,1919.0,822.0,822.0,820.0
8221.0,1911.0,1919.0,1917.0,824.0,824.0,826.0
8246.0,1916.0,1936.0,1921.0,824.0,827.0,822.0
8297.0,1943.0,1928.0,1935.0,828.0,832.0,831.0
8281.0,1943.0,1924.0,1929.0,827.0,829.0,829.0
8266.0,1928.0,1920.0,1935.0,830.0,829.0,824.0
8241.0,1925.0,1915.0,1930.0,826.0,824.0,821.0
8235.0,1924.0,1928.0,1915.0,823.0,820.0,825.0
8231.0,1924.0,1921.0,1915.0,826.0,824.0,821.0
8255.0,1929.0,1922.0,1923.0,830.0,825.0,826.0
8308.0,1945.0,1932.0,1940.0,833.0,829.0,829.0
8323.0,1937.0,1942.0,1939.0,834.0,836.0,835.0
8306.0,1933.0,1942.0,1940.0,829.0,830.0,832.0
8255.0,1924.0,1937.0,1918.0,822.0,827.0,827.0
8240.0,1927.0,1917.0,1919.0,826.0,824.0,827.0
8231.0,1915.0,1918.0,1922.0,824.0,827.0,825.0
8283.0,1927.0,1930.0,1942.0,833.0,825.0,826.0
8326.0,1935.0,1947.0,1955.0,833.0,828.0,828.0
8338.0,1946.0,1946.0,1945.0,833.0,832.0,836.0
8288.0,1943.0,1930.0,1934.0,827.0,828.0,826.0
8258.0,1928.0,1925.0,1925.0,825.0,829.0,826.0
8250.0,1926.0,1927.0,1923.0,824.0,827.0,823.0
8277.0,1922.0,1937.0,1931.0,829.0,832.0,826.0
8299.0,1937.0,1941.0,1934.0,828.0,830.0,829.0
8339.0,1951.0,1937.0,1949.0,835.0,834.0,833.0
8318.0,1941.0,1938.0,1941.0,836.0,831.0,831.0
8301.0,1936.0,1941.0,1934.0,830.0,829.0,831.0
8268.0,1927.0,1935.0,1926.0,826.0,825.0,829.0
8296.0,1936.0,1942.0,1938.0,825.0,826.0,829.0
8289.0,1930.0,1931.0,1938.0,829.0,832.0,829.0
8292.0,1929.0,1931.0,1936.0,830.0,832.0,834.0
8340.0,1943.0,1952.0,1946.0,834.0,832.0,833.0
8335.0,1940.0,1950.0,1937.0,839.0,835.0,834.0
8315.0,1939.0,1933.0,1943.0,834.0,832.0,834.0
8307.0,1939.0,1933.0,1938.0,834.0,830.0,833.0
8287.0,1938.0,1929.0,1941.0,828.0,825.0,826.0
8321.0,1928.0,1945.0,1953.0,830.0,834.0,831.0
8337.0,1941.0,1954.0,1943.0,833.0,834.0,832.0
8351.0,1950.0,1953.0,1941.0,839.0,832.0,836.0
8375.0,1953.0,1953.0,1950.0,841.0,841.0,837.0
8325.0,1939.0,1940.0,1944.0,836.0,835.0,831.0
8328.0,1945.0,1941.0,1943.0,834.0,834.0,831.0
8301.0,1940.0,1939.0,1935.0,828.0,827.0,832.0
8301.0,1935.0,1939.0,1941.0,830.0,827.0,829.0
8343.0,1946.0,1943.0,1948.0,838.0,832.0,836.0
8361.0,1960.0,1950.0,1941.0,839.0,833.0,838.0
8365.0,1949.0,1954.0,1948.0,837.0,839.0,838.0
8363.0,1947.0,1956.0,1948.0,839.0,837.0,836.0
8337.0,1944.0,1938.0,1952.0,834.0,835.0,834.0
8320.0,1942.0,1938.0,1944.0,830.0,834.0,832.0
8319.0,1935.0,1941.0,1947.0,831.0,835.0,830.0
8368.0,1957.0,1952.0,1953.0,834.0,836.0,836.0
8378.0,1961.0,1959.0,1951.0,838.0,834.0,835.0
8399.0,1958.0,1962.0,1960.0,840.0,836.0,843.0
8375.0,1946.0,1952.0,1963.0,840.0,835.0,839.0
8344.0,1947.0,1947.0,1947.0,835.0,831.0,837.0
8348.0,1948.0,1947.0,1954.0,834.0,829.0,836.0
8312.0,1929.0,1938.0,1947.0,831.0,833.0,834.0
8363.0,1951.0,1951.0,1954.0,833.0,839.0,835.0
8374.0,1958.0,1948.0,1952.0,836.0,840.0,840.0
8394.0,1955.0,1961.0,1959.0,840.0,841.0,838.0
8390.0,1953.0,1957.0,1968.0,839.0,838.0,835.0
8353.0,1949.0,1950.0,1949.0,835.0,835.0,835.0
8335.0,1943.0,1941.0,1947.0,838.0,830.0,836.0
8325.0,1945.0,1938.0,1940.0,834.0,832.0,836.0
8382.0,1946.0,1960.0,1956.0,838.0,840.0,842.0
8425.0,1970.0,1966.0,1965.0,838.0,842.0,844.0
8431.0,1967.0,1966.0,1970.0,840.0,844.0,844.0
8381.0,1944.0,1956.0,1965.0,836.0,839.0,841.0
8385.0,1958.0,1954.0,1958.0,840.0,841.0,834.0
8349.0,1951.0,1949.0,1942.0,836.0,837.0,834.0
8368.0,1952.0,1953.0,1956.0,838.0,833.0,836.0
8392.0,1955.0,1961.0,1958.0,840.0,841.0,837.0
8430.0,1969.0,1964.0,1969.0,845.0,843.0,840.0
8429.0,1968.0,1962.0,1970.0,842.0,845.0,842.0
8392.0,1950.0,1965.0,1961.0,836.0,837.0,843.0
8384.0,1961.0,1954.0,1955.0,837.0,842.0,835.0
8389.0,1960.0,1957.0,1953.0,838.0,841.0,840.0
8378.0,1949.0,1943.0,1958.0,846.0,840.0,842.0
8419.0,1965.0,1962.0,1968.0,840.0,844.0,840.0
8465.0,1976.0,1976.0,1983.0,845.0,843.0,842.0
8439.0,1963.0,1969.0,1980.0,839.0,846.0,842.0
8399.0,1962.0,1961.0,1958.0,835.0,843.0,840.0
8388.0,1962.0,1953.0,1950.0,840.0,842.0,841.0
8368.0,1955.0,1948.0,1950.0,837.0,838.0,840.0
8407.0,1953.0,1966.0,1967.0,840.0,843.0,838.0
8445.0,1963.0,1980.0,1969.0,845.0,843.0,845.0
8441.0,1976.0,1966.0,1966.0,844.0,842.0,847.0
8438.0,1972.0,1970.0,1966.0,844.0,839.0,847.0
8440.0,1971.0,1965.0,1971.0,843.0,843.0,847.0
8376.0,1964.0,1951.0,1955.0,835.0,834.0,837.0
8402.0,1962.0,1960.0,1965.0,839.0,840.0,836.0
8400.0,1953.0,1960.0,1963.0,842.0,843.0,839.0
8431.0,1971.0,1960.0,1966.0,846.0,843.0,845.0
8479.0,1981.0,1977.0,1976.0,847.0,854.0,844.0
8490.0,1979.0,1986.0,1976.0,850.0,852.0,847.0
8443.0,1969.0,1973.0,1966.0,844.0,844.0,847.0
8413.0,1965.0,1966.0,1966.0,837.0,839.0,840.0
8406.0,1965.0,1956.0,1965.0,838.0,840.0,842.0
8421.0,1967.0,1963.0,1967.0,842.0,838.0,844.0
8479.0,1977.0,1982.0,1979.0,846.0,846.0,849.0
8484.0,1981.0,1983.0,1973.0,849.0,849.0,849.0
8479.0,1973.0,1975.0,1982.0,849.0,850.0,850.0
8467.0,1967.0,1974.0,1983.0,848.0,849.0,846.0
8453.0,1974.0,1969.0,1983.0,842.0,845.0,840.0
8420.0,1964.0,1965.0,1972.0,837.0,843.0,839.0
8415.0,1951.0,1964.0,1967.0,843.0,845.0,845.0
8455.0,1973.0,1973.0,1976.0,845.0,842.0,846.0
8504.0,1992.0,1986.0,1973.0,853.0,845.0,855.0
8496.0,1983.0,1975.0,1981.0,853.0,850.0,854.0
8487.0,1975.0,1988.0,1978.0,851.0,847.0,848.0
8448.0,1968.0,1980.0,1970.0,844.0,842.0,844.0
8439.0,1970.0,1967.0,1974.0,841.0,845.0,842.0
8438.0,1962.0,1968.0,1976.0,845.0,845.0,842.0
8474.0,1977.0,1976.0,1975.0,852.0,847.0,847.0
8513.0,1995.0,1988.0,1982.0,852.0,848.0,848.0
8506.0,1980.0,1993.0,1981.0,854.0,850.0,848.0
8490.0,1981.0,1976.0,1983.0,852.0,847.0,851.0
8502.0,1983.0,1976.0,1994.0,852.0,845.0,852.0
8467.0,1975.0,1976.0,1977.0,844.0,844.0,851.0
8460.0,1977.0,1979.0,1965.0,844.0,850.0,845.0
8491.0,1981.0,1983.0,1980.0,844.0,852.0,851.0
8532.0,1997.0,1985.0,1988.0,857.0,855.0,850.0
8521.0,1986.0,1982.0,1992.0,856.0,855.0,850.0
8517.0,1975.0,1997.0,1987.0,852.0,854.0,852.0
8514.0,1990.0,1991.0,1987.0,853.0,845.0,848.0
8473.0,1980.0,1980.0,1976.0,846.0,845.0,846.0
8465.0,1981.0,1975.0,1967.0,845.0,849.0,848.0
8490.0,1980.0,1982.0,1983.0,848.0,846.0,851.0
8549.0,1996.0,1998.0,1989.0,855.0,856.0,855.0
8578.0,2001.0,2002.0,2010.0,854.0,857.0,854.0
8551.0,1996.0,1985.0,2002.0,857.0,856.0,855.0
8509.0,1990.0,1982.0,1986.0,855.0,849.0,847.0
8474.0,1984.0,1977.0,1969.0,850.0,846.0,848.0
8465.0,1972.0,1977.0,1979.0,847.0,848.0,842.0
8506.0,1984.0,1990.0,1990.0,850.0,843.0,849.0
8547.0,1995.0,1995.0,1995.0,854.0,855.0,853.0
8557.0,1999.0,1989.0,2000.0,857.0,856.0,856.0
8533.0,1988.0,1988.0,1993.0,856.0,853.0,855.0
8543.0,1992.0,2000.0,1985.0,854.0,857.0,855.0
8503.0,1988.0,1985.0,1976.0,852.0,851.0,851.0
8509.0,1982.0,1985.0,1989.0,853.0,851.0,849.0
8537.0,1997.0,1986.0,1999.0,851.0,849.0,855.0
8560.0,2000.0,1991.0,2004.0,855.0,855.0,855.0
8581.0,2002.0,2009.0,2004.0,856.0,852.0,858.0
8551.0,1989.0,2004.0,1995.0,854.0,854.0,855.0
8513.0,1992.0,1983.0,1982.0,854.0,851.0,851.0
8480.0,1978.0,1977.0,1970.0,854.0,855.0,846.0
8510.0,1978.0,1983.0,1994.0,853.0,853.0,849.0
8561.0,1992.0,1997.0,1997.0,855.0,858.0,862.0
8619.0,2017.0,2010.0,2012.0,858.0,863.0,859.0
8579.0,1996.0,1997.0,2007.0,859.0,858.0,862.0
8558.0,2004.0,1992.0,1997.0,854.0,855.0,856.0
8530.0,1998.0,1992.0,1984.0,853.0,851.0,852.0
8523.0,1991.0,1990.0,1989.0,854.0,846.0,853.0
8524.0,1982.0,1995.0,1994.0,851.0,851.0,851.0
8565.0,2001.0,1998.0,1997.0,857.0,859.0,853.0
8596.0,2018.0,2002.0,1999.0,856.0,862.0,859.0
8607.0,2008.0,2013.0,2007.0,856.0,861.0,862.0
8574.0,1999.0,2005.0,1998.0,857.0,858.0,857.0
8558.0,2001.0,2001.0,1994.0,852.0,853.0,857.0
8542.0,1997.0,1994.0,1991.0,852.0,855.0,853.0
8528.0,1987.0,1980.0,2000.0,856.0,851.0,854.0
8578.0,2000.0,1997.0,2000.0,861.0,858.0,862.0
8613.0,2015.0,2010.0,2007.0,859.0,862.0,860.0
8635.0,2011.0,2018.0,2015.0,864.0,867.0,860.0
8586.0,2004.0,2004.0,2002.0,855.0,864.0,857.0
8585.0,2014.0,1993.0,2005.0,857.0,860.0,856.0
8568.0,2002.0,1998.0,2002.0,857.0,854.0,855.0
8536.0,1984.0,1993.0,1997.0,854.0,854.0,854.0
8585.0,2002.0,1999.0,2006.0,859.0,860.0,859.0
8597.0,2018.0,2004.0,1996.0,862.0,856.0,861.0
8625.0,2008.0,2010.0,2017.0,862.0,861.0,867.0
8616.0,2014.0,2007.0,2013.0,862.0,859.0,861.0
8585.0,2003.0,2007.0,2006.0,852.0,858.0,859.0
8572.0,2003.0,1990.0,2003.0,857.0,859.0,860.0
8563.0,1997.0,1996.0,2004.0,857.0,857.0,852.0
8606.0,2021.0,2006.0,1997.0,862.0,864.0,856.0
8629.0,2017.0,2016.0,2005.0,864.0,864.0,863.0
8634.0,2010.0,2017.0,2018.0,865.0,862.0,862.0
8613.0,2007.0,2006.0,2016.0,863.0,858.0,863.0
8609.0,2013.0,2000.0,2017.0,858.0,858.0,863.0
8559.0,2007.0,1992.0,1996.0,853.0,852.0,859.0
8579.0,1995.0,1999.0,2005.0,858.0,860.0,862.0
8607.0,2006.0,2013.0,2009.0,862.0,860.0,857.0
8627.0,2016.0,2015.0,2008.0,866.0,863.0,859.0
8636.0,2013.0,2010.0,2018.0,863.0,867.0,865.0
8667.0,2020.0,2015.0,2032.0,868.0,866.0,866.0
8618.0,2016.0,2015.0,2006.0,860.0,861.0,860.0
8613.0,2014.0,2015.0,2012.0,856.0,860.0,856.0
8582.0,1998.0,1999.0,2008.0,856.0,857.0,864.0
8620.0,2007.0,2012.0,2015.0,861.0,862.0,863.0
8681.0,2026.0,2021.0,2026.0,870.0,869.0,869.0
8667.0,2015.0,2025.0,2024.0,871.0,869.0,863.0
8677.0,2017.0,2033.0,2028.0,868.0,867.0,864.0
8628.0,2020.0,2010.0,2011.0,864.0,865.0,858.0
8572.0,1998.0,1991.0,2001.0,859.0,865.0,858.0
8629.0,2011.0,2014.0,2014.0,866.0,862.0,862.0
8669.0,2028.0,2020.0,2030.0,863.0,864.0,864.0
8693.0,2024.0,2028.0,2038.0,870.0,866.0,867.0
8691.0,2027.0,2021.0,2039.0,870.0,867.0,867.0
8651.0,2011.0,2017.0,2022.0,868.0,865.0,868.0
8645.0,2016.0,2022.0,2012.0,868.0,863.0,864.0
8634.0,2014.0,2020.0,2011.0,862.0,866.0,861.0
8626.0,2016.0,2015.0,2007.0,860.0,864.0,864.0
8655.0,2026.0,2015.0,2022.0,862.0,865.0,865.0
8690.0,2031.0,2027.0,2034.0,866.0,864.0,868.0
8693.0,2031.0,2033.0,2027.0,869.0,866.0,867.0
8681.0,2009.0,2037.0,2030.0,868.0,869.0,868.0
8651.0,2019.0,2019.0,2017.0,865.0,866.0,865.0
8627.0,2013.0,2011.0,2015.0,869.0,858.0,861.0
8628.0,2012.0,2010.0,2015.0,861.0,866.0,864.0
8667.0,2016.0,2022.0,2025.0,866.0,868.0,870.0
8710.0,2030.0,2033.0,2035.0,868.0,868.0,876.0
8717.0,2026.0,2036.0,2033.0,872.0,874.0,876.0
8684.0,2026.0,2030.0,2023.0,866.0,869.0,870.0
8655.0,2025.0,2014.0,2019.0,866.0,864.0,867.0
8658.0,2019.0,2024.0,2022.0,867.0,862.0,864.0
8644.0,2016.0,2018.0,2022.0,865.0,865.0,858.0
8695.0,2027.0,2036.0,2034.0,866.0,864.0,868.0
8704.0,2033.0,2030.0,2035.0,869.0,869.0,868.0
8730.0,2033.0,2030.0,2040.0,873.0,880.0,874.0
8685.0,2017.0,2023.0,2028.0,872.0,870.0,875.0
8688.0,2030.0,2029.0,2023.0,869.0,867.0,870.0
8686.0,2027.0,2028.0,2030.0,867.0,866.0,868.0
8669.0,2021.0,2014.0,2034.0,867.0,865.0,868.0
8704.0,2041.0,2026.0,2032.0,869.0,870.0,866.0
8730.0,2041.0,2039.0,2034.0,875.0,869.0,872.0
8723.0,2032.0,2044.0,2030.0,872.0,873.0,872.0
8729.0,2041.0,2038.0,2038.0,870.0,872.0,870.0
8698.0,2040.0,2024.0,2024.0,866.0,876.0,868.0
8678.0,2020.0,2023.0,2037.0,864.0,870.0,864.0
8705.0,2024.0,2033.0,2033.0,870.0,873.0,872.0
8693.0,2029.0,2033.0,2024.0,866.0,867.0,874.0
8752.0,2046.0,2046.0,2038.0,876.0,871.0,875.0
8751.0,2043.0,2042.0,2039.0,874.0,877.0,876.0
8716.0,2036.0,2029.0,2038.0,869.0,869.0,875.0
8717.0,2036.0,2038.0,2035.0,870.0,868.0,870.0
8724.0,2039.0,2039.0,2038.0,870.0,870.0,868.0
8688.0,2020.0,2028.0,2031.0,873.0,870.0,866.0
8742.0,2042.0,2044.0,2034.0,876.0,873.0,873.0
8748.0,2051.0,2036.0,2035.0,876.0,876.0,874.0
8773.0,2045.0,2054.0,2047.0,875.0,875.0,877.0
8740.0,2044.0,2038.0,2035.0,873.0,874.0,876.0
8736.0,2041.0,2041.0,2037.0,869.0,873.0,875.0
8698.0,2031.0,2027.0,2028.0,868.0,871.0,873.0
8728.0,2039.0,2037.0,2030.0,871.0,875.0,876.0
8752.0,2038.0,2042.0,2041.0,876.0,875.0,880.0
8787.0,2055.0,2048.0,2047.0,880.0,879.0,878.0
8790.0,2044.0,2048.0,2059.0,879.0,884.0,876.0
8751.0,2041.0,2037.0,2056.0,875.0,871.0,871.0
8738.0,2045.0,2037.0,2040.0,869.0,874.0,873.0
8712.0,2039.0,2040.0,2032.0,865.0,868.0,868.0
8738.0,2038.0,2046.0,2030.0,878.0,871.0,875.0
8748.0,2037.0,2044.0,2038.0,879.0,872.0,878.0
8774.0,2045.0,2046.0,2050.0,878.0,876.0,879.0
8803.0,2052.0,2048.0,2061.0,880.0,880.0,882.0
8790.0,2047.0,2054.0,2051.0,877.0,882.0,879.0
8737.0,2042.0,2035.0,2036.0,874.0,876.0,874.0
8727.0,2049.0,2034.0,2029.0,870.0,875.0,870.0
8753.0,2039.0,2047.0,2041.0,874.0,876.0,876.0
8767.0,2041.0,2051.0,2050.0,875.0,876.0,874.0
8802.0,2051.0,2057.0,2059.0,879.0,878.0,878.0
8822.0,2056.0,2058.0,2059.0,883.0,881.0,885.0
8788.0,2047.0,2046.0,2056.0,880.0,877.0,882.0
8778.0,2055.0,2051.0,2039.0,875.0,878.0,880.0
8759.0,2045.0,2046.0,2039.0,875.0,877.0,877.0
8754.0,2043.0,2046.0,2038.0,871.0,878.0,878.0
8777.0,2052.0,2048.0,2046.0,876.0,878.0,877.0
8800.0,2062.0,2047.0,2055.0,883.0,878.0,875.0
8834.0,2056.0,2059.0,2068.0,885.0,883.0,883.0
8801.0,2056.0,2053.0,2053.0,883.0,877.0,879.0
8780.0,2057.0,2050.0,2044.0,878.0,875.0,876.0
8762.0,2043.0,2054.0,2042.0,874.0,874.0,875.0
8756.0,2044.0,2041.0,2045.0,876.0,875.0,875.0
8828.0,2060.0,2058.0,2061.0,880.0,883.0,886.0
8853.0,2073.0,2059.0,2066.0,884.0,885.0,886.0
8862.0,2065.0,2068.0,2062.0,885.0,890.0,892.0
8824.0,2059.0,2058.0,2060.0,885.0,883.0,879.0
8771.0,2045.0,2051.0,2043.0,881.0,877.0,874.0
8758.0,2045.0,2040.0,2050.0,873.0,875.0,875.0
8798.0,2045.0,2059.0,2062.0,879.0,875.0,878.0
8819.0,2054.0,2061.0,2064.0,879.0,881.0,880.0
8840.0,2068.0,2062.0,2062.0,883.0,884.0,881.0
8851.0,2062.0,2066.0,2065.0,883.0,889.0,886.0
8814.0,2052.0,2054.0,2053.0,889.0,883.0,883.0
8814.0,2060.0,2057.0,2051.0,880.0,884.0,882.0
8807.0,2050.0,2053.0,2060.0,880.0,885.0,879.0
8788.0,2046.0,2051.0,2052.0,879.0,879.0,881.0
8837.0,2066.0,2060.0,2064.0,880.0,882.0,885.0
8872.0,2072.0,2070.0,2074.0,887.0,884.0,885.0
8878.0,2074.0,2079.0,2068.0,884.0,887.0,886.0
8838.0,2061.0,2070.0,2053.0,885.0,885.0,884.0
8823.0,2055.0,2052.0,2073.0,885.0,881.0,877.0
8801.0,2047.0,2049.0,2066.0,878.0,883.0,878.0
8817.0,2052.0,2054.0,2060.0,884.0,884.0,883.0
8832.0,2059.0,2061.0,2059.0,882.0,884.0,887.0
8866.0,2067.0,2070.0,2068.0,884.0,887.0,890.0
8880.0,2064.0,2073.0,2081.0,886.0,886.0,890.0
8862.0,2063.0,2055.0,2076.0,891.0,886.0,891.0
8831.0,2061.0,2061.0,2063.0,883.0,881.0,882.0
8841.0,2061.0,2069.0,2064.0,883.0,882.0,882.0
8811.0,2046.0,2061.0,2059.0,880.0,882.0,883.0
8848.0,2066.0,2061.0,2055.0,889.0,889.0,888.0
8878.0,2074.0,2075.0,2068.0,884.0,889.0,888.0
8898.0,2071.0,2078.0,2078.0,887.0,890.0,894.0
8892.0,2072.0,2080.0,2077.0,886.0,886.0,891.0
8863.0,2070.0,2065.0,2068.0,885.0,889.0,886.0
8846.0,2070.0,2062.0,2058.0,887.0,883.0,886.0
8827.0,2061.0,2054.0,2062.0,886.0,882.0,882.0
8882.0,2073.0,2077.0,2065.0,889.0,889.0,889.0
8891.0,2085.0,2072.0,2072.0,888.0,889.0,885.0
8933.0,2084.0,2086.0,2088.0,891.0,894.0,890.0
8879.0,2062.0,2073.0,2082.0,887.0,888.0,887.0
8852.0,2069.0,2062.0,2067.0,884.0,886.0,884.0
8832.0,2061.0,2066.0,2057.0,884.0,883.0,881.0
8849.0,2062.0,2069.0,2064.0,884.0,883.0,887.0
8890.0,2075.0,2072.0,2071.0,893.0,887.0,892.0
8910.0,2076.0,2075.0,2084.0,893.0,890.0,892.0
8912.0,2079.0,2077.0,2083.0,889.0,889.0,895.0
8913.0,2075.0,2088.0,2077.0,888.0,891.0,894.0
8890.0,2070.0,2084.0,2071.0,888.0,890.0,887.0
8847.0,2062.0,2072.0,2054.0,886.0,889.0,884.0
8844.0,2065.0,2059.0,2060.0,891.0,884.0,885.0
8880.0,2070.0,2068.0,2074.0,888.0,890.0,890.0
8927.0,2090.0,2077.0,2088.0,891.0,890.0,891.0
8942.0,2087.0,2083.0,2091.0,893.0,894.0,894.0
8936.0,2082.0,2087.0,2092.0,887.0,894.0,894.0
8888.0,2072.0,2071.0,2076.0,889.0,888.0,892.0
8863.0,2068.0,2058.0,2073.0,884.0,890.0,890.0
8872.0,2059.0,2079.0,2069.0,886.0,891.0,888.0
8910.0,2075.0,2085.0,2077.0,893.0,892.0,888.0
8946.0,2087.0,2090.0,2086.0,896.0,893.0,894.0
8970.0,2096.0,2088.0,2096.0,900.0,896.0,894.0
8928.0,2087.0,2078.0,2082.0,894.0,893.0,894.0
8913.0,2081.0,2086.0,2081.0,887.0,888.0,890.0
8881.0,2068.0,2078.0,2069.0,892.0,886.0,888.0
8905.0,2080.0,2080.0,2075.0,886.0,891.0,893.0
8928.0,2078.0,2079.0,2090.0,892.0,895.0,894.0
8958.0,2084.0,2083.0,2098.0,901.0,895.0,897.0
8956.0,2085.0,2097.0,2082.0,897.0,897.0,898.0
8945.0,2079.0,2095.0,2085.0,894.0,896.0,896.0
8928.0,2088.0,2081.0,2085.0,891.0,892.0,891.0
8875.0,2073.0,2070.0,2076.0,887.0,883.0,886.0
8900.0,2075.0,2075.0,2083.0,889.0,892.0,886.0
8936.0,2091.0,2080.0,2092.0,895.0,891.0,887.0
8982.0,2097.0,2095.0,2098.0,899.0,898.0,895.0
8986.0,2093.0,2094.0,2098.0,901.0,902.0,898.0
8956.0,2097.0,2076.0,2088.0,899.0,899.0,897.0
8924.0,2085.0,2075.0,2082.0,896.0,892.0,894.0
8917.0,2080.0,2082.0,2082.0,890.0,889.0,894.0
8945.0,2079.0,2091.0,2089.0,895.0,898.0,893.0
8950.0,2089.0,2095.0,2083.0,893.0,894.0,896.0
8963.0,2096.0,2092.0,2087.0,896.0,896.0,896.0
8977.0,2099.0,2099.0,2086.0,899.0,896.0,898.0
8983.0,2096.0,2104.0,2091.0,900.0,900.0,892.0
8969.0,2088.0,2102.0,2089.0,896.0,897.0,897.0
8938.0,2092.0,2079.0,2089.0,894.0,893.0,891.0
8940.0,2088.0,2079.0,2089.0,894.0,898.0,892.0
8975.0,2092.0,2094.0,2093.0,896.0,900.0,900.0
8980.0,2094.0,2096.0,2092.0,897.0,898.0,903.0
9013.0,2096.0,2104.0,2109.0,903.0,899.0,902.0
8988.0,2093.0,2098.0,2099.0,898.0,899.0,901.0
8982.0,2093.0,2092.0,2099.0,902.0,897.0,899.0
8964.0,2096.0,2092.0,2092.0,896.0,897.0,891.0
8933.0,2076.0,2092.0,2089.0,892.0,895.0,889.0
8989.0,2094.0,2101.0,2097.0,900.0,901.0,896.0
9016.0,2104.0,2103.0,2109.0,899.0,901.0,900.0
9020.0,2106.0,2104.0,2101.0,901.0,905.0,903.0
9010.0,2096.0,2100.0,2106.0,903.0,902.0,903.0
8977.0,2094.0,2094.0,2093.0,896.0,896.0,904.0
8969.0,2091.0,2090.0,2095.0,900.0,894.0,899.0
8933.0,2082.0,2081.0,2084.0,894.0,894.0,898.0
8994.0,2100.0,2098.0,2102.0,894.0,899.0,901.0
9038.0,2113.0,2120.0,2103.0,901.0,902.0,899.0
9057.0,2105.0,2114.0,2126.0,901.0,907.0,904.0
9026.0,2103.0,2113.0,2111.0,900.0,902.0,897.0
8979.0,2100.0,2086.0,2098.0,898.0,903.0,894.0
8974.0,2095.0,2092.0,2093.0,899.0,898.0,897.0
8961.0,2092.0,2095.0,2081.0,900.0,897.0,896.0
9006.0,2106.0,2105.0,2091.0,901.0,899.0,904.0
9046.0,2109.0,2110.0,2110.0,903.0,906.0,908.0
9029.0,2105.0,2100.0,2117.0,898.0,901.0,908.0
9017.0,2103.0,2103.0,2109.0,901.0,899.0,902.0
9034.0,2113.0,2116.0,2104.0,900.0,901.0,900.0
8997.0,2103.0,2099.0,2097.0,898.0,902.0,898.0
8976.0,2092.0,2098.0,2087.0,905.0,900.0,894.0
9029.0,2117.0,2104.0,2101.0,904.0,900.0,903.0
9054.0,2114.0,2114.0,2113.0,903.0,906.0,904.0
9050.0,2115.0,2117.0,2108.0,902.0,902.0,906.0
9043.0,2104.0,2109.0,2119.0,904.0,902.0,905.0
8999.0,2104.0,2095.0,2097.0,901.0,900.0,902.0
8998.0,2104.0,2098.0,2097.0,900.0,901.0,898.0
9027.0,2097.0,2110.0,2107.0,906.0,903.0,904.0
9041.0,2103.0,2114.0,2115.0,902.0,904.0,903.0
9086.0,2120.0,2119.0,2128.0,907.0,907.0,905.0
9082.0,2123.0,2117.0,2126.0,905.0,906.0,905.0
9051.0,2106.0,2115.0,2118.0,906.0,905.0,901.0
9025.0,2108.0,2103.0,2106.0,901.0,906.0,901.0
9026.0,2111.0,2113.0,2101.0,901.0,900.0,900.0
9012.0,2092.0,2102.0,2106.0,904.0,903.0,905.0
9074.0,2119.0,2115.0,2119.0,908.0,904.0,909.0
9095.0,2124.0,2113.0,2127.0,909.0,909.0,913.0
9090.0,2128.0,2125.0,2112.0,907.0,908.0,910.0
9080.0,2111.0,2127.0,2116.0,906.0,911.0,909.0
9045.0,2117.0,2105.0,2110.0,904.0,905.0,904.0
9023.0,2107.0,2105.0,2108.0,901.0,900.0,902.0
9016.0,2103.0,2099.0,2106.0,902.0,903.0,903.0
9053.0,2108.0,2113.0,2124.0,904.0,902.0,902.0
9087.0,2124.0,2121.0,2119.0,911.0,906.0,906.0
9107.0,2113.0,2129.0,2133.0,913.0,908.0,911.0
9065.0,2103.0,2121.0,2112.0,910.0,910.0,909.0
9068.0,2120.0,2111.0,2115.0,906.0,908.0,908.0
9070.0,2119.0,2121.0,2117.0,906.0,900.0,907.0
9049.0,2104.0,2109.0,2120.0,903.0,909.0,904.0
9074.0,2115.0,2116.0,2121.0,909.0,904.0,909.0
9125.0,2135.0,2124.0,2128.0,913.0,912.0,913.0
9112.0,2123.0,2123.0,2133.0,914.0,911.0,908.0
9089.0,2117.0,2122.0,2122.0,909.0,911.0,908.0
9092.0,2117.0,2129.0,2122.0,909.0,907.0,908.0
9064.0,2111.0,2115.0,2125.0,903.0,906.0,904.0
9068.0,2114.0,2106.0,2127.0,905.0,910.0,906.0
9080.0,2116.0,2115.0,2119.0,909.0,913.0,908.0
9120.0,2134.0,2119.0,2125.0,911.0,916.0,915.0
9141.0,2126.0,2143.0,2126.0,917.0,913.0,916.0
9107.0,2119.0,2123.0,2127.0,914.0,911.0,913.0
9087.0,2124.0,2115.0,2119.0,908.0,907.0,914.0
9064.0,2120.0,2112.0,2115.0,906.0,907.0,904.0
9063.0,2108.0,2119.0,2115.0,909.0,905.0,907.0
9108.0,2127.0,2127.0,2127.0,907.0,910.0,910.0
9148.0,2142.0,2128.0,2134.0,911.0,918.0,915.0
9143.0,2134.0,2122.0,2138.0,916.0,918.0,915.0
9117.0,2124.0,2130.0,2126.0,914.0,912.0,911.0
9118.0,2125.0,2127.0,2129.0,913.0,910.0,914.0
9088.0,2123.0,2121.0,2118.0,909.0,909.0,908.0
9072.0,2108.0,2118.0,2118.0,909.0,908.0,911.0
9091.0,2122.0,2119.0,2124.0,908.0,910.0,908.0
9142.0,2142.0,2131.0,2129.0,912.0,915.0,913.0
9149.0,2129.0,2137.0,2138.0,913.0,922.0,910.0
9145.0,2126.0,2139.0,2139.0,915.0,914.0,912.0
9135.0,2131.0,2127.0,2138.0,916.0,911.0,912.0
9089.0,2121.0,2113.0,2120.0,913.0,911.0,911.0
9086.0,2117.0,2124.0,2114.0,907.0,910.0,914.0
9138.0,2139.0,2133.0,2127.0,908.0,914.0,917.0
9161.0,2138.0,2143.0,2135.0,914.0,914.0,917.0
9180.0,2136.0,2141.0,2150.0,917.0,917.0,919.0
9128.0,2131.0,2117.0,2135.0,915.0,915.0,915.0
9127.0,2128.0,2130.0,2128.0,915.0,914.0,912.0
9110.0,2124.0,2126.0,2124.0,913.0,912.0,911.0
9105.0,2117.0,2130.0,2120.0,911.0,915.0,912.0
9146.0,2125.0,2139.0,2134.0,914.0,917.0,917.0
9187.0,2148.0,2139.0,2146.0,914.0,918.0,922.0
9192.0,2145.0,2143.0,2150.0,918.0,917.0,919.0
9175.0,2144.0,2135.0,2141.0,916.0,918.0,921.0
9166.0,2137.0,2144.0,2135.0,919.0,914.0,917.0
9130.0,2134.0,2124.0,2130.0,915.0,911.0,916.0
9130.0,2125.0,2132.0,2134.0,915.0,912.0,912.0
9163.0,2136.0,2140.0,2141.0,914.0,918.0,914.0
9208.0,2153.0,2148.0,2151.0,918.0,919.0,919.0
9197.0,2145.0,2143.0,2152.0,917.0,924.0,916.0
9175.0,2141.0,2141.0,2144.0,918.0,916.0,915.0
9130.0,2138.0,2125.0,2126.0,915.0,912.0,914.0
9141.0,2129.0,2138.0,2130.0,918.0,909.0,917.0
9157.0,2124.0,2145.0,2139.0,914.0,915.0,920.0
9186.0,2138.0,2139.0,2158.0,916.0,912.0,923.0
9208.0,2149.0,2138.0,2155.0,922.0,917.0,927.0
9195.0,2150.0,2139.0,2144.0,920.0,922.0,920.0
9190.0,2142.0,2144.0,2147.0,917.0,922.0,918.0
9200.0,2151.0,2144.0,2146.0,922.0,918.0,919.0
9153.0,2141.0,2133.0,2131.0,918.0,918.0,912.0
9133.0,2130.0,2122.0,2138.0,912.0,916.0,915.0
9168.0,2138.0,2140.0,2140.0,919.0,918.0,913.0
9209.0,2146.0,2146.0,2153.0,924.0,921.0,919.0
9232.0,2157.0,2153.0,2154.0,924.0,921.0,923.0
9212.0,2152.0,2149.0,2149.0,917.0,921.0,924.0
9180.0,2145.0,2131.0,2144.0,915.0,922.0,923.0
9178.0,2149.0,2137.0,2140.0,916.0,921.0,915.0
9185.0,2134.0,2144.0,2152.0,917.0,920.0,918.0
9219.0,2147.0,2154.0,2150.0,925.0,920.0,923.0
9262.0,2166.0,2160.0,2159.0,929.0,926.0,922.0
9223.0,2152.0,2155.0,2157.0,920.0,921.0,918.0
9211.0,2147.0,2150.0,2153.0,922.0,919.0,920.0
9207.0,2151.0,2150.0,2146.0,917.0,920.0,923.0
9188.0,2136.0,2141.0,2152.0,920.0,922.0,917.0
9199.0,2139.0,2147.0,2149.0,918.0,925.0,921.0
9217.0,2151.0,2139.0,2154.0,924.0,924.0,925.0
9263.0,2168.0,2161.0,2154.0,925.0,928.0,927.0
9243.0,2160.0,2159.0,2151.0,924.0,924.0,925.0
9238.0,2150.0,2160.0,2156.0,922.0,926.0,924.0
9225.0,2157.0,2149.0,2157.0,921.0,922.0,919.0
9178.0,2148.0,2133.0,2148.0,919.0,915.0,915.0
9196.0,2147.0,2147.0,2144.0,922.0,918.0,918.0
9234.0,2159.0,2156.0,2147.0,926.0,925.0,921.0
9272.0,2165.0,2160.0,2164.0,931.0,928.0,924.0
9277.0,2166.0,2159.0,2167.0,929.0,929.0,927.0
9239.0,2153.0,2154.0,2158.0,923.0,927.0,924.0
9228.0,2150.0,2154.0,2155.0,919.0,927.0,923.0
9215.0,2151.0,2157.0,2152.0,916.0,920.0,919.0
9219.0,2149.0,2155.0,2151.0,920.0,922.0,922.0
9228.0,2161.0,2151.0,2148.0,921.0,923.0,924.0
9277.0,2169.0,2159.0,2165.0,931.0,925.0,928.0
9285.0,2164.0,2166.0,2171.0,933.0,927.0,924.0
9269.0,2162.0,2162.0,2163.0,932.0,926.0,924.0
9251.0,2162.0,2159.0,2159.0,923.0,927.0,921.0
9228.0,2161.0,2148.0,2148.0,923.0,927.0,921.0
9181.0,2140.0,2131.0,2145.0,922.0,922.0,921.0
9235.0,2152.0,2157.0,2154.0,922.0,923.0,927.0
9298.0,2168.0,2166.0,2170.0,932.0,927.0,935.0
9317.0,2174.0,2178.0,2173.0,931.0,928.0,933.0
9282.0,2164.0,2167.0,2163.0,932.0,927.0,929.0
9265.0,2159.0,2149.0,2171.0,930.0,929.0,927.0
9238.0,2159.0,2156.0,2151.0,924.0,926.0,922.0
9209.0,2146.0,2150.0,2144.0,921.0,925.0,923.0
9293.0,2171.0,2173.0,2168.0,924.0,933.0,924.0
9318.0,2183.0,2166.0,2176.0,928.0,937.0,928.0
9326.0,2179.0,2169.0,2179.0,935.0,929.0,935.0
9305.0,2170.0,2174.0,2168.0,933.0,930.0,930.0
9268.0,2170.0,2162.0,2154.0,927.0,925.0,930.0
9254.0,2165.0,2158.0,2154.0,926.0,925.0,926.0
9248.0,2155.0,2151.0,2162.0,929.0,925.0,926.0
9297.0,2168.0,2171.0,2176.0,925.0,928.0,929.0
9340.0,2181.0,2188.0,2179.0,929.0,935.0,928.0
9314.0,2171.0,2177.0,2175.0,928.0,935.0,928.0
9302.0,2166.0,2170.0,2173.0,934.0,930.0,929.0
9276.0,2164.0,2160.0,2167.0,929.0,928.0,928.0
9266.0,2170.0,2158.0,2162.0,925.0,926.0,925.0
9264.0,2154.0,2168.0,2163.0,928.0,922.0,929.0
9298.0,2169.0,2170.0,2172.0,925.0,928.0,934.0
9346.0,2190.0,2178.0,2187.0,928.0,930.0,933.0
9323.0,2173.0,2177.0,2175.0,932.0,931.0,935.0
9317.0,2175.0,2168.0,2176.0,932.0,936.0,930.0
9280.0,2171.0,2164.0,2163.0,926.0,931.0,925.0
9276.0,2171.0,2162.0,2160.0,927.0,932.0,924.0
9273.0,2158.0,2164.0,2170.0,934.0,926.0,921.0
9330.0,2182.0,2176.0,2177.0,933.0,930.0,932.0
9348.0,2184.0,2178.0,2183.0,936.0,931.0,936.0
9359.0,2179.0,2193.0,2181.0,936.0,933.0,937.0
9332.0,2182.0,2177.0,2176.0,929.0,933.0,935.0
9321.0,2172.0,2169.0,2182.0,932.0,931.0,935.0
9299.0,2165.0,2163.0,2172.0,931.0,933.0,935.0
9318.0,2167.0,2177.0,2179.0,929.0,933.0,933.0
9342.0,2177.0,2182.0,2178.0,935.0,937.0,933.0
9376.0,2193.0,2188.0,2188.0,935.0,939.0,933.0
9360.0,2182.0,2185.0,2179.0,937.0,938.0,939.0
9346.0,2179.0,2179.0,2185.0,935.0,936.0,932.0
9323.0,2180.0,2179.0,2181.0,929.0,929.0,925.0
9328.0,2172.0,2181.0,2175.0,934.0,930.0,936.0
9309.0,2174.0,2166.0,2169.0,935.0,930.0,935.0
9352.0,2184.0,2182.0,2181.0,936.0,937.0,932.0
9406.0,2204.0,2187.0,2192.0,941.0,943.0,939.0
9380.0,2196.0,2183.0,2183.0,940.0,939.0,939.0
9372.0,2179.0,2190.0,2192.0,934.0,941.0,936.0
9347.0,2179.0,2180.0,2187.0,933.0,934.0,934.0
9312.0,2173.0,2171.0,2185.0,929.0,928.0,926.0
9311.0,2170.0,2174.0,2172.0,933.0,932.0,930.0
9341.0,2183.0,2180.0,2176.0,934.0,934.0,934.0
9403.0,2194.0,2196.0,2188.0,944.0,943.0,938.0
9384.0,2182.0,2193.0,2192.0,936.0,940.0,941.0
9371.0,2189.0,2181.0,2188.0,933.0,940.0,940.0
9349.0,2180.0,2177.0,2181.0,935.0,934.0,942.0
9341.0,2175.0,2181.0,2182.0,932.0,935.0,936.0
9347.0,2178.0,2186.0,2175.0,935.0,936.0,937.0
9378.0,2192.0,2195.0,2183.0,936.0,935.0,937.0
9400.0,2196.0,2188.0,2195.0,943.0,939.0,939.0
9418.0,2197.0,2197.0,2204.0,943.0,941.0,936.0
9391.0,2185.0,2199.0,2196.0,939.0,938.0,934.0
9381.0,2198.0,2188.0,2188.0,934.0,937.0,936.0
9356.0,2191.0,2182.0,2179.0,931.0,937.0,936.0
9341.0,2174.0,2184.0,2173.0,934.0,938.0,938.0
9385.0,2193.0,2188.0,2184.0,941.0,939.0,940.0
9439.0,2201.0,2205.0,2201.0,946.0,943.0,943.0
9457.0,2202.0,2209.0,2210.0,947.0,944.0,945.0
9410.0,2197.0,2196.0,2199.0,942.0,935.0,941.0
9376.0,2188.0,2185.0,2193.0,938.0,936.0,936.0
9371.0,2193.0,2181.0,2191.0,937.0,936.0,933.0
9354.0,2180.0,2191.0,2180.0,932.0,940.0,931.0
9402.0,2196.0,2194.0,2197.0,938.0,941.0,936.0
9437.0,2205.0,2195.0,2201.0,944.0,946.0,946.0
9445.0,2199.0,2205.0,2204.0,949.0,944.0,944.0
9400.0,2186.0,2192.0,2198.0,942.0,939.0,943.0
9376.0,2185.0,2193.0,2188.0,936.0,937.0,937.0
9362.0,2190.0,2184.0,2179.0,936.0,933.0,940.0
9366.0,2180.0,2187.0,2188.0,937.0,937.0,937.0
9425.0,2197.0,2192.0,2211.0,941.0,942.0,942.0
9456.0,2209.0,2200.0,2213.0,944.0,945.0,945.0
9436.0,2197.0,2206.0,2209.0,944.0,945.0,935.0
9433.0,2193.0,2207.0,2198.0,945.0,946.0,944.0
9409.0,2201.0,2194.0,2194.0,945.0,939.0,936.0
9402.0,2197.0,2192.0,2191.0,939.0,945.0,938.0
9390.0,2190.0,2192.0,2197.0,934.0,938.0,939.0
9431.0,2201.0,2200.0,2206.0,939.0,940.0,945.0
9489.0,2215.0,2215.0,2215.0,946.0,947.0,951.0
9456.0,2206.0,2205.0,2204.0,946.0,949.0,946.0
9440.0,2203.0,2195.0,2201.0,949.0,945.0,947.0
9426.0,2194.0,2201.0,2201.0,945.0,948.0,937.0
9408.0,2196.0,2192.0,2193.0,942.0,944.0,941.0
9399.0,2187.0,2194.0,2200.0,940.0,942.0,936.0
9430.0,2209.0,2194.0,2200.0,943.0,941.0,943.0
9475.0,2208.0,2210.0,2217.0,946.0,945.0,949.0
9473.0,2206.0,2207.0,2214.0,950.0,947.0,949.0
9470.0,2214.0,2215.0,2199.0,950.0,943.0,949.0
9447.0,2208.0,2203.0,2204.0,946.0,942.0,944.0
9423.0,2205.0,2188.0,2206.0,938.0,943.0,943.0
9396.0,2190.0,2187.0,2196.0,941.0,940.0,942.0
9469.0,2202.0,2207.0,2219.0,946.0,949.0,946.0
9478.0,2216.0,2217.0,2199.0,947.0,949.0,950.0
9495.0,2214.0,2220.0,2217.0,948.0,949.0,947.0
9465.0,2210.0,2218.0,2203.0,946.0,945.0,943.0
9471.0,2216.0,2212.0,2212.0,944.0,941.0,946.0
9446.0,2207.0,2201.0,2205.0,947.0,943.0,943.0
9437.0,2193.0,2209.0,2205.0,941.0,944.0,945.0
9474.0,2209.0,2206.0,2216.0,949.0,947.0,947.0
9480.0,2209.0,2207.0,2214.0,952.0,950.0,948.0
9503.0,2221.0,2211.0,2215.0,948.0,953.0,955.0
9492.0,2209.0,2217.0,2221.0,946.0,952.0,947.0
9456.0,2204.0,2210.0,2207.0,947.0,943.0,945.0
9453.0,2205.0,2207.0,2206.0,946.0,944.0,945.0
9455.0,2198.0,2205.0,2213.0,950.0,946.0,943.0
9478.0,2219.0,2206.0,2208.0,949.0,948.0,948.0
9541.0,2230.0,2224.0,2229.0,952.0,953.0,953.0
9518.0,2228.0,2217.0,2219.0,950.0,952.0,952.0
9507.0,2212.0,2220.0,2225.0,947.0,951.0,952.0
9495.0,2220.0,2208.0,2221.0,950.0,948.0,948.0
9467.0,2209.0,2201.0,2213.0,948.0,946.0,950.0
9446.0,2196.0,2211.0,2202.0,944.0,947.0,946.0
9512.0,2225.0,2223.0,2212.0,950.0,950.0,952.0
9542.0,2225.0,2233.0,2228.0,952.0,952.0,952.0
9531.0,2232.0,2218.0,2227.0,953.0,951.0,950.0
9521.0,2217.0,2222.0,2231.0,949.0,951.0,951.0
9490.0,2219.0,2216.0,2215.0,945.0,947.0,948.0
9482.0,2209.0,2222.0,2213.0,947.0,946.0,945.0
9471.0,2203.0,2216.0,2206.0,950.0,950.0,946.0
9489.0,2212.0,2215.0,2209.0,952.0,952.0,949.0
9543.0,2228.0,2226.0,2228.0,955.0,952.0,954.0
9547.0,2225.0,2227.0,2227.0,956.0,956.0,956.0
9538.0,2229.0,2227.0,2224.0,950.0,955.0,953.0
9492.0,2218.0,2210.0,2218.0,947.0,947.0,952.0
9483.0,2217.0,2207.0,2215.0,947.0,945.0,952.0
9479.0,2208.0,2213.0,2212.0,953.0,945.0,948.0
9535.0,2223.0,2227.0,2224.0,958.0,956.0,947.0
9558.0,2228.0,2230.0,2233.0,956.0,956.0,955.0
9580.0,2224.0,2239.0,2242.0,960.0,959.0,956.0
9559.0,2223.0,2229.0,2239.0,954.0,957.0,957.0
9510.0,2224.0,2213.0,2221.0,951.0,949.0,952.0
9513.0,2228.0,2217.0,2219.0,948.0,948.0,953.0
9516.0,2220.0,2224.0,2221.0,949.0,950.0,952.0
9545.0,2225.0,2225.0,2232.0,955.0,955.0,953.0
9573.0,2230.0,2229.0,2239.0,962.0,957.0,956.0
9580.0,2225.0,2231.0,2238.0,963.0,962.0,961.0
9580.0,2234.0,2238.0,2232.0,960.0,960.0,956.0
9558.0,2234.0,2240.0,2223.0,954.0,955.0,952.0
9504.0,2230.0,2214.0,2211.0,946.0,952.0,951.0
9511.0,2215.0,2214.0,2227.0,950.0,951.0,954.0
9559.0,2231.0,2228.0,2232.0,956.0,953.0,959.0
9588.0,2237.0,2237.0,2244.0,960.0,953.0,957.0
9605.0,2242.0,2246.0,2239.0,960.0,958.0,960.0
9564.0,2233.0,2227.0,2229.0,962.0,954.0,959.0
9539.0,2227.0,2227.0,2218.0,957.0,957.0,953.0
9523.0,2224.0,2224.0,2220.0,951.0,953.0,951.0
9537.0,2216.0,2227.0,2232.0,953.0,955.0,954.0
9559.0,2232.0,2228.0,2235.0,955.0,955.0,954.0
9586.0,2237.0,2232.0,2236.0,961.0,960.0,960.0
9590.0,2239.0,2240.0,2236.0,958.0,957.0,960.0
9593.0,2240.0,2235.0,2239.0,962.0,957.0,960.0
9596.0,2240.0,2251.0,2231.0,959.0,954.0,961.0
9557.0,2223.0,2232.0,2238.0,956.0,949.0,959.0
9559.0,2225.0,2229.0,2237.0,956.0,957.0,955.0
9573.0,2230.0,2238.0,2231.0,957.0,960.0,957.0
9616.0,2249.0,2243.0,2242.0,962.0,960.0,960.0
9611.0,2241.0,2250.0,2238.0,961.0,961.0,960.0
9610.0,2234.0,2243.0,2247.0,964.0,960.0,962.0
9576.0,2234.0,2236.0,2237.0,958.0,957.0,954.0
9574.0,2236.0,2220.0,2248.0,957.0,958.0,955.0
9570.0,2220.0,2235.0,2244.0,955.0,957.0,959.0
9564.0,2235.0,2233.0,2226.0,957.0,955.0,958.0
9622.0,2251.0,2241.0,2244.0,959.0,962.0,965.0
9623.0,2242.0,2247.0,2245.0,961.0,962.0,966.0
9592.0,2236.0,2242.0,2239.0,957.0,958.0,960.0
9592.0,2241.0,2238.0,2236.0,959.0,961.0,957.0
9575.0,2237.0,2234.0,2235.0,959.0,956.0,954.0
9551.0,2223.0,2228.0,2233.0,957.0,959.0,951.0
9598.0,2240.0,2238.0,2239.0,958.0,961.0,962.0
9631.0,2256.0,2245.0,2245.0,963.0,963.0,959.0
9616.0,2234.0,2245.0,2245.0,961.0,965.0,966.0
9635.0,2248.0,2249.0,2243.0,963.0,966.0,966.0
9632.0,2251.0,2242.0,2256.0,961.0,960.0,962.0
9609.0,2250.0,2235.0,2235.0,963.0,963.0,963.0
9581.0,2223.0,2239.0,2237.0,961.0,960.0,961.0
9621.0,2242.0,2248.0,2247.0,963.0,958.0,963.0
9650.0,2253.0,2257.0,2250.0,961.0,964.0,965.0
9660.0,2260.0,2247.0,2260.0,965.0,965.0,963.0
9639.0,2250.0,2241.0,2254.0,967.0,962.0,965.0
9629.0,2251.0,2239.0,2254.0,961.0,962.0,962.0
9602.0,2243.0,2247.0,2233.0,962.0,961.0,956.0
9607.0,2230.0,2249.0,2238.0,966.0,964.0,960.0
9637.0,2250.0,2247.0,2249.0,966.0,963.0,962.0
9687.0,2253.0,2257.0,2269.0,965.0,972.0,971.0
9698.0,2259.0,2260.0,2270.0,968.0,968.0,973.0
9665.0,2252.0,2271.0,2252.0,963.0,958.0,969.0
9622.0,2248.0,2247.0,2246.0,959.0,958.0,964.0
9615.0,2244.0,2246.0,2243.0,963.0,960.0,959.0
9620.0,2244.0,2241.0,2246.0,964.0,963.0,962.0
9638.0,2246.0,2251.0,2247.0,967.0,965.0,962.0
9689.0,2263.0,2258.0,2266.0,966.0,969.0,967.0
9704.0,2267.0,2263.0,2263.0,968.0,974.0,969.0
9672.0,2256.0,2258.0,2255.0,965.0,970.0,968.0
9626.0,2254.0,2240.0,2239.0,965.0,963.0,965.0
9618.0,2247.0,2244.0,2238.0,960.0,964.0,965.0
9612.0,2236.0,2250.0,2232.0,963.0,964.0,967.0
9660.0,2260.0,2252.0,2250.0,967.0,965.0,966.0
9711.0,2264.0,2261.0,2276.0,971.0,969.0,970.0
9711.0,2264.0,2266.0,2267.0,971.0,972.0,971.0
9678.0,2254.0,2260.0,2262.0,966.0,971.0,965.0
9653.0,2255.0,2260.0,2242.0,966.0,966.0,964.0
9620.0,2246.0,2251.0,2244.0,960.0,959.0,960.0
9647.0,2245.0,2248.0,2257.0,966.0,967.0,964.0
9677.0,2263.0,2249.0,2264.0,968.0,967.0,966.0
9751.0,2278.0,2278.0,2273.0,976.0,970.0,976.0
9716.0,2266.0,2266.0,2267.0,971.0,971.0,975.0
9680.0,2253.0,2266.0,2256.0,970.0,968.0,967.0
9664.0,2257.0,2260.0,2247.0,967.0,966.0,967.0
9687.0,2270.0,2258.0,2260.0,964.0,971.0,964.0
9672.0,2252.0,2266.0,2256.0,969.0,966.0,963.0
9692.0,2261.0,2265.0,2259.0,970.0,967.0,970.0
9713.0,2266.0,2266.0,2270.0,971.0,970.0,970.0
9732.0,2271.0,2273.0,2268.0,974.0,971.0,975.0
9712.0,2264.0,2264.0,2265.0,974.0,968.0,977.0
9698.0,2270.0,2259.0,2266.0,968.0,965.0,970.0
9697.0,2263.0,2260.0,2269.0,969.0,966.0,970.0
9677.0,2256.0,2258.0,2263.0,965.0,966.0,969.0
9711.0,2266.0,2262.0,2267.0,971.0,971.0,974.0
9748.0,2280.0,2268.0,2272.0,977.0,978.0,973.0
9754.0,2274.0,2282.0,2266.0,978.0,979.0,975.0
9738.0,2265.0,2274.0,2277.0,974.0,975.0,973.0
9696.0,2271.0,2253.0,2266.0,972.0,966.0,968.0
9692.0,2262.0,2254.0,2264.0,971.0,969.0,972.0
9667.0,2251.0,2259.0,2259.0,966.0,964.0,968.0
9714.0,2260.0,2274.0,2264.0,970.0,971.0,975.0
9763.0,2279.0,2285.0,2275.0,976.0,974.0,974.0
9750.0,2269.0,2272.0,2273.0,979.0,980.0,977.0
9751.0,2276.0,2266.0,2275.0,975.0,983.0,976.0
9725.0,2267.0,2268.0,2268.0,977.0,973.0,972.0
9705.0,2262.0,2262.0,2273.0,967.0,972.0,969.0
9710.0,2254.0,2271.0,2276.0,970.0,970.0,969.0
9723.0,2274.0,2268.0,2269.0,968.0,971.0,973.0
9748.0,2280.0,2277.0,2269.0,976.0,971.0,975.0
9778.0,2283.0,2285.0,2277.0,979.0,977.0,977.0
9762.0,2268.0,2283.0,2278.0,977.0,977.0,979.0
9741.0,2278.0,2268.0,2274.0,973.0,975.0,973.0
9703.0,2271.0,2255.0,2260.0,973.0,975.0,969.0
9717.0,2271.0,2265.0,2261.0,970.0,975.0,975.0
9749.0,2272.0,2276.0,2282.0,973.0,974.0,972.0
9815.0,2296.0,2300.0,2286.0,977.0,978.0,978.0
9773.0,2277.0,2283.0,2285.0,978.0,975.0,975.0
9744.0,2274.0,2267.0,2281.0,976.0,973.0,973.0
9752.0,2277.0,2269.0,2283.0,980.0,971.0,972.0
9734.0,2276.0,2273.0,2270.0,973.0,972.0,970.0
9746.0,2271.0,2277.0,2276.0,973.0,976.0,973.0
9773.0,2287.0,2276.0,2276.0,975.0,980.0,979.0
9801.0,2292.0,2281.0,2291.0,980.0,977.0,980.0
9813.0,2289.0,2290.0,2293.0,981.0,979.0,981.0
9780.0,2279.0,2279.0,2285.0,980.0,977.0,980.0
9771.0,2283.0,2277.0,2281.0,979.0,977.0,974.0
9740.0,2271.0,2276.0,2275.0,978.0,971.0,969.0
9725.0,2263.0,2277.0,2269.0,976.0,970.0,970.0
9774.0,2278.0,2276.0,2285.0,978.0,979.0,978.0
9825.0,2292.0,2298.0,2292.0,978.0,984.0,981.0
9811.0,2285.0,2290.0,2289.0,980.0,986.0,981.0
9797.0,2293.0,2284.0,2280.0,978.0,984.0,978.0
9749.0,2280.0,2266.0,2270.0,976.0,978.0,979.0
9775.0,2279.0,2278.0,2283.0,978.0,978.0,979.0
9769.0,2278.0,2276.0,2281.0,977.0,976.0,981.0
9817.0,2288.0,2291.0,2301.0,982.0,978.0,977.0
9814.0,2291.0,2293.0,2291.0,980.0,980.0,979.0
9828.0,2297.0,2289.0,2299.0,980.0,984.0,979.0
9835.0,2294.0,2295.0,2297.0,983.0,986.0,980.0
9777.0,2282.0,2280.0,2282.0,977.0,979.0,977.0
9761.0,2276.0,2286.0,2271.0,975.0,979.0,974.0
9771.0,2279.0,2276.0,2282.0,977.0,976.0,981.0
9818.0,2294.0,2283.0,2292.0,984.0,980.0,985.0
9857.0,2299.0,2293.0,2309.0,985.0,985.0,986.0
9873.0,2304.0,2304.0,2310.0,985.0,983.0,987.0
9798.0,2288.0,2289.0,2280.0,979.0,980.0,982.0
9775.0,2283.0,2286.0,2278.0,977.0,976.0,975.0
9766.0,2281.0,2277.0,2286.0,975.0,974.0,973.0
9809.0,2287.0,2296.0,2290.0,981.0,981.0,974.0
9829.0,2291.0,2295.0,2298.0,982.0,984.0,979.0
9864.0,2297.0,2307.0,2298.0,990.0,986.0,986.0
9850.0,2293.0,2304.0,2291.0,988.0,989.0,985.0
9809.0,2296.0,2285.0,2281.0,981.0,983.0,983.0
9815.0,2292.0,2285.0,2296.0,982.0,979.0,981.0
9791.0,2286.0,2286.0,2287.0,974.0,977.0,981.0
9790.0,2278.0,2279.0,2294.0,980.0,978.0,981.0
9861.0,2303.0,2296.0,2308.0,984.0,982.0,988.0
9875.0,2307.0,2294.0,2307.0,991.0,991.0,985.0
9873.0,2298.0,2309.0,2307.0,988.0,987.0,984.0
9857.0,2298.0,2300.0,2296.0,986.0,991.0,986.0
9853.0,2311.0,2296.0,2289.0,984.0,987.0,986.0
9788.0,2290.0,2271.0,2289.0,979.0,978.0,981.0
9794.0,2287.0,2274.0,2291.0,978.0,981.0,983.0
9852.0,2292.0,2303.0,2299.0,985.0,983.0,990.0
9888.0,2307.0,2314.0,2300.0,990.0,988.0,989.0
9866.0,2294.0,2303.0,2304.0,989.0,985.0,991.0
9868.0,2301.0,2300.0,2309.0,985.0,987.0,986.0
9834.0,2296.0,2293.0,2292.0,982.0,987.0,984.0
9831.0,2291.0,2301.0,2296.0,979.0,984.0,980.0
9842.0,2293.0,2298.0,2303.0,983.0,982.0,983.0
9850.0,2302.0,2301.0,2299.0,982.0,983.0,983.0
9904.0,2323.0,2308.0,2305.0,991.0,989.0,988.0
9908.0,2308.0,2307.0,2316.0,996.0,988.0,993.0
9895.0,2307.0,2318.0,2312.0,985.0,986.0,987.0
9861.0,2299.0,2308.0,2302.0,983.0,984.0,985.0
9826.0,2289.0,2291.0,2294.0,985.0,982.0,985.0
9836.0,2288.0,2299.0,2293.0,983.0,987.0,986.0
9860.0,2303.0,2298.0,2301.0,986.0,989.0,983.0
9914.0,2318.0,2308.0,2315.0,991.0,993.0,989.0
9920.0,2317.0,2322.0,2314.0,988.0,992.0,987.0
9930.0,2314.0,2316.0,2324.0,993.0,993.0,990.0
9846.0,2300.0,2294.0,2296.0,986.0,984.0,986.0
9830.0,2298.0,2295.0,2288.0,986.0,982.0,981.0
9855.0,2300.0,2295.0,2302.0,981.0,990.0,987.0
9879.0,2298.0,2306.0,2303.0,988.0,990.0,994.0
9933.0,2316.0,2314.0,2320.0,993.0,996.0,994.0
9940.0,2312.0,2318.0,2326.0,997.0,992.0,995.0
9921.0,2314.0,2314.0,2318.0,989.0,993.0,993.0
9877.0,2307.0,2309.0,2296.0,991.0,987.0,987.0
9863.0,2300.0,2307.0,2302.0,989.0,981.0,984.0
9863.0,2302.0,2298.0,2304.0,988.0,986.0,985.0
9887.0,2310.0,2305.0,2307.0,984.0,991.0,990.0
9932.0,2325.0,2312.0,2317.0,991.0,993.0,994.0
9938.0,2317.0,2325.0,2321.0,992.0,991.0,992.0
9939.0,2315.0,2325.0,2318.0,991.0,996.0,994.0
9867.0,2302.0,2299.0,2299.0,990.0,991.0,986.0
9885.0,2311.0,2300.0,2301.0,992.0,992.0,989.0
9859.0,2300.0,2304.0,2293.0,988.0,986.0,988.0
9937.0,2310.0,2328.0,2324.0,991.0,992.0,992.0
9954.0,2317.0,2326.0,2332.0,992.0,994.0,993.0
9931.0,2316.0,2317.0,2317.0,992.0,996.0,993.0
9943.0,2319.0,2315.0,2327.0,991.0,997.0,994.0
9886.0,2304.0,2304.0,2307.0,991.0,992.0,988.0
9895.0,2312.0,2315.0,2305.0,986.0,991.0,986.0
9891.0,2302.0,2316.0,2303.0,992.0,989.0,989.0
9920.0,2315.0,2315.0,2315.0,991.0,993.0,991.0
9951.0,2329.0,2314.0,2326.0,992.0,993.0,997.0
9965.0,2322.0,2328.0,2322.0,996.0,998.0,999.0
9958.0,2321.0,2325.0,2323.0,1000.0,995.0,994.0
9928.0,2317.0,2324.0,2311.0,993.0,990.0,993.0
9896.0,2309.0,2306.0,2312.0,990.0,990.0,989.0
9910.0,2313.0,2310.0,2313.0,992.0,992.0,990.0
9953.0,2320.0,2323.0,2328.0,993.0,997.0,992.0
9998.0,2337.0,2331.0,2331.0,999.0,1003.0,997.0
9997.0,2333.0,2335.0,2332.0,997.0,1000.0,1000.0
9956.0,2322.0,2323.0,2321.0,994.0,998.0,998.0
9945.0,2325.0,2312.0,2326.0,994.0,991.0,997.0
9921.0,2311.0,2314.0,2324.0,992.0,988.0,992.0
9927.0,2307.0,2320.0,2316.0,997.0,992.0,995.0
9977.0,2329.0,2328.0,2323.0,1000.0,999.0,998.0
9988.0,2335.0,2333.0,2321.0,1003.0,998.0,998.0
9986.0,2333.0,2331.0,2328.0,999.0,1000.0,995.0
9986.0,2329.0,2333.0,2329.0,996.0,1004.0,995.0
9979.0,2330.0,2332.0,2332.0,995.0,994.0,996.0
9951.0,2324.0,2321.0,2326.0,991.0,994.0,995.0
9919.0,2306.0,2311.0,2318.0,998.0,991.0,995.0
9955.0,2320.0,2326.0,2318.0,996.0,997.0,998.0
10016.0,2335.0,2341.0,2338.0,1003.0,997.0,1002.0
10023.0,2331.0,2343.0,2340.0,1001.0,1004.0,1004.0
9982.0,2315.0,2336.0,2338.0,997.0,999.0,997.0
9965.0,2327.0,2319.0,2331.0,995.0,994.0,999.0
9927.0,2312.0,2309.0,2329.0,991.0,995.0,991.0
9964.0,2324.0,2328.0,2322.0,998.0,998.0,994.0
10005.0,2336.0,2341.0,2325.0,1003.0,1000.0,1000.0
10029.0,2345.0,2338.0,2334.0,1005.0,1004.0,1003.0
10017.0,2329.0,2340.0,2338.0,1005.0,1001.0,1004.0
9999.0,2330.0,2332.0,2337.0,999.0,1000.0,1001.0
9994.0,2339.0,2335.0,2333.0,994.0,993.0,1000.0
9956.0,2321.0,2325.0,2321.0,993.0,996.0,1000.0
9966.0,2325.0,2324.0,2324.0,995.0,999.0,999.0
9994.0,2331.0,2329.0,2329.0,1001.0,1003.0,1001.0
10031.0,2343.0,2344.0,2333.0,1005.0,1002.0,1004.0
10067.0,2354.0,2355.0,2344.0,1006.0,1003.0,1005.0
10043.0,2340.0,2341.0,2355.0,1004.0,1002.0,1001.0
9978.0,2338.0,2316.0,2331.0,999.0,1000.0,994.0
9969.0,2329.0,2316.0,2331.0,998.0,996.0,999.0
9961.0,2318.0,2330.0,2316.0,998.0,998.0,1001.0
10018.0,2330.0,2344.0,2340.0,1002.0,1003.0,999.0
10076.0,2353.0,2346.0,2353.0,1008.0,1007.0,1009.0
10078.0,2349.0,2346.0,2359.0,1005.0,1009.0,1010.0
10037.0,2345.0,2338.0,2343.0,1006.0,1003.0,1002.0
10020.0,2338.0,2340.0,2337.0,1002.0,1000.0,1003.0
9996.0,2337.0,2337.0,2326.0,998.0,1000.0,998.0
9980.0,2326.0,2334.0,2330.0,997.0,998.0,995.0
10031.0,2344.0,2340.0,2337.0,1004.0,1002.0,1004.0
10054.0,2343.0,2347.0,2353.0,1004.0,1002.0,1005.0
10070.0,2347.0,2351.0,2357.0,1003.0,1007.0,1005.0
10067.0,2340.0,2347.0,2353.0,1008.0,1011.0,1008.0
10052.0,2343.0,2347.0,2342.0,1004.0,1007.0,1009.0
10008.0,2343.0,2333.0,2333.0,996.0,1001.0,1002.0
10012.0,2334.0,2329.0,2343.0,999.0,1003.0,1004.0
10054.0,2347.0,2346.0,2350.0,1001.0,1004.0,1006.0
10087.0,2352.0,2352.0,2360.0,1007.0,1008.0,1008.0
10062.0,2336.0,2355.0,2352.0,1011.0,1004.0,1004.0
10066.0,2342.0,2352.0,2348.0,1011.0,1005.0,1008.0
10029.0,2347.0,2336.0,2334.0,1003.0,1005.0,1004.0
10021.0,2334.0,2350.0,2335.0,997.0,1005.0,1000.0
10027.0,2337.0,2344.0,2338.0,999.0,1006.0,1003.0
10054.0,2339.0,2352.0,2351.0,1002.0,1004.0,1006.0
10093.0,2356.0,2346.0,2368.0,1006.0,1011.0,1006.0
10119.0,2363.0,2357.0,2364.0,1011.0,1013.0,1011.0
10073.0,2351.0,2350.0,2345.0,1009.0,1009.0,1009.0
10047.0,2345.0,2351.0,2339.0,1004.0,1001.0,1007.0
10051.0,2348.0,2351.0,2341.0,1006.0,1002.0,1003.0
10029.0,2337.0,2332.0,2350.0,1007.0,1002.0,1001.0
10052.0,2346.0,2339.0,2350.0,1004.0,1009.0,1004.0
10132.0,2369.0,2358.0,2367.0,1012.0,1013.0,1013.0
10106.0,2357.0,2362.0,2356.0,1008.0,1012.0,1011.0
10087.0,2344.0,2361.0,2353.0,1008.0,1012.0,1009.0
10062.0,2349.0,2345.0,2345.0,1008.0,1006.0,1009.0
10056.0,2351.0,2344.0,2346.0,1009.0,1003.0,1003.0
10056.0,2340.0,2347.0,2349.0,1009.0,1006.0,1005.0
10091.0,2361.0,2353.0,2353.0,1007.0,1008.0,1009.0
10107.0,2366.0,2358.0,2351.0,1010.0,1013.0,1009.0
10120.0,2367.0,2355.0,2362.0,1011.0,1014.0,1011.0
10087.0,2346.0,2353.0,2358.0,1008.0,1013.0,1009.0
10091.0,2353.0,2354.0,2356.0,1010.0,1009.0,1009.0
10066.0,2356.0,2345.0,2349.0,1004.0,1008.0,1004.0
10080.0,2349.0,2351.0,2358.0,1008.0,1007.0,1007.0
10096.0,2357.0,2354.0,2354.0,1011.0,1009.0,1011.0
10127.0,2368.0,2357.0,2357.0,1015.0,1013.0,1017.0
10140.0,2362.0,2375.0,2360.0,1012.0,1012.0,1019.0
10112.0,2355.0,2362.0,2361.0,1011.0,1012.0,1011.0
10106.0,2358.0,2352.0,2362.0,1009.0,1014.0,1011.0
10065.0,2347.0,2345.0,2357.0,1004.0,1007.0,1005.0
10089.0,2347.0,2354.0,2356.0,1010.0,1013.0,1009.0
10128.0,2363.0,2370.0,2359.0,1010.0,1012.0,1014.0
10155.0,2376.0,2365.0,2367.0,1016.0,1016.0,1015.0
10156.0,2371.0,2363.0,2374.0,1014.0,1016.0,1018.0
10120.0,2360.0,2355.0,2370.0,1009.0,1012.0,1014.0
10116.0,2369.0,2359.0,2356.0,1008.0,1011.0,1013.0
10074.0,2351.0,2348.0,2350.0,1007.0,1009.0,1009.0
10079.0,2350.0,2353.0,2348.0,1009.0,1011.0,1008.0
10121.0,2361.0,2355.0,2358.0,1015.0,1017.0,1015.0
10158.0,2375.0,2358.0,2373.0,1016.0,1021.0,1015.0
10152.0,2364.0,2369.0,2373.0,1016.0,1016.0,1014.0
10155.0,2369.0,2370.0,2374.0,1014.0,1019.0,1009.0
10140.0,2369.0,2366.0,2367.0,1014.0,1012.0,1012.0
10087.0,2358.0,2353.0,2352.0,1007.0,1005.0,1012.0
10100.0,2360.0,2348.0,2361.0,1014.0,1007.0,1010.0
10145.0,2359.0,2363.0,2374.0,1021.0,1013.0,1015.0
10205.0,2378.0,2383.0,2382.0,1021.0,1019.0,1022.0
10198.0,2371.0,2374.0,2387.0,1019.0,1024.0,1023.0
10170.0,2376.0,2372.0,2371.0,1016.0,1018.0,1017.0
10122.0,2365.0,2359.0,2359.0,1011.0,1018.0,1010.0
10113.0,2363.0,2358.0,2360.0,1010.0,1011.0,1011.0
10109.0,2353.0,2364.0,2362.0,1008.0,1014.0,1008.0
10154.0,2374.0,2367.0,2374.0,1016.0,1013.0,1010.0
10202.0,2383.0,2377.0,2388.0,1019.0,1018.0,1017.0
10178.0,2378.0,2367.0,2381.0,1019.0,1014.0,1019.0
10183.0,2372.0,2375.0,2383.0,1017.0,1016.0,1020.0
10139.0,2373.0,2365.0,2360.0,1015.0,1014.0,1012.0
10134.0,2368.0,2366.0,2355.0,1013.0,1016.0,1016.0
10142.0,2365.0,2360.0,2370.0,1013.0,1017.0,1017.0
10157.0,2366.0,2367.0,2377.0,1014.0,1017.0,1016.0
10212.0,2390.0,2384.0,2383.0,1018.0,1021.0,1016.0
10229.0,2390.0,2387.0,2385.0,1026.0,1021.0,1020.0
10188.0,2375.0,2381.0,2378.0,1023.0,1016.0,1015.0
10161.0,2374.0,2366.0,2366.0,1016.0,1020.0,1019.0
10147.0,2370.0,2364.0,2368.0,1015.0,1015.0,1015.0
10159.0,2362.0,2373.0,2374.0,1015.0,1019.0,1016.0
10189.0,2376.0,2373.0,2379.0,1016.0,1020.0,1025.0
10232.0,2396.0,2380.0,2388.0,1021.0,1022.0,1025.0
10197.0,2381.0,2371.0,2383.0,1021.0,1019.0,1022.0
10193.0,2374.0,2381.0,2375.0,1022.0,1020.0,1021.0
10164.0,2378.0,2365.0,2374.0,1020.0,1012.0,1015.0
10158.0,2373.0,2371.0,2371.0,1016.0,1012.0,1015.0
10150.0,2359.0,2369.0,2377.0,1015.0,1014.0,1016.0
10208.0,2381.0,2382.0,2385.0,1019.0,1023.0,1018.0
10229.0,2390.0,2389.0,2384.0,1020.0,1024.0,1022.0
10257.0,2390.0,2394.0,2395.0,1027.0,1026.0,1025.0
10222.0,2386.0,2386.0,2381.0,1021.0,1025.0,1023.0
10208.0,2382.0,2378.0,2379.0,1027.0,1016.0,1026.0
10196.0,2382.0,2371.0,2386.0,1020.0,1019.0,1018.0
10178.0,2374.0,2368.0,2380.0,1018.0,1017.0,1021.0
10212.0,2380.0,2395.0,2381.0,1020.0,1017.0,1019.0
10233.0,2390.0,2397.0,2386.0,1019.0,1022.0,1019.0
10241.0,2390.0,2392.0,2385.0,1029.0,1026.0,1019.0
10218.0,2379.0,2383.0,2384.0,1022.0,1030.0,1020.0
10205.0,2385.0,2376.0,2388.0,1021.0,1020.0,1015.0
10225.0,2387.0,2386.0,2388.0,1023.0,1021.0,1020.0
10207.0,2376.0,2383.0,2388.0,1017.0,1019.0,1024.0
10205.0,2384.0,2382.0,2373.0,1022.0,1019.0,1025.0
10253.0,2405.0,2391.0,2386.0,1023.0,1022.0,1026.0
10277.0,2397.0,2398.0,2402.0,1026.0,1024.0,1030.0
10255.0,2390.0,2397.0,2394.0,1025.0,1021.0,1028.0
10234.0,2389.0,2385.0,2393.0,1025.0,1021.0,1021.0
10199.0,2380.0,2369.0,2388.0,1024.0,1022.0,1016.0
10194.0,2384.0,2367.0,2378.0,1023.0,1024.0,1018.0
10252.0,2392.0,2400.0,2387.0,1023.0,1026.0,1024.0
10271.0,2389.0,2399.0,2398.0,1026.0,1033.0,1026.0
10291.0,2401.0,2396.0,2405.0,1028.0,1030.0,1031.0
10272.0,2392.0,2393.0,2407.0,1024.0,1026.0,1030.0
10223.0,2384.0,2382.0,2387.0,1024.0,1022.0,1024.0
10241.0,2395.0,2391.0,2391.0,1021.0,1020.0,1023.0
10229.0,2380.0,2391.0,2387.0,1025.0,1023.0,1023.0
10244.0,2388.0,2387.0,2397.0,1026.0,1021.0,1025.0
10271.0,2394.0,2391.0,2396.0,1025.0,1034.0,1031.0
10282.0,2400.0,2393.0,2404.0,1026.0,1034.0,1025.0
10269.0,2394.0,2403.0,2397.0,1022.0,1027.0,1026.0
10256.0,2399.0,2392.0,2391.0,1021.0,1028.0,1025.0
10215.0,2386.0,2384.0,2382.0,1023.0,1020.0,1020.0
10234.0,2384.0,2388.0,2392.0,1024.0,1020.0,1026.0
10257.0,2392.0,2392.0,2390.0,1029.0,1026.0,1028.0
10301.0,2403.0,2401.0,2413.0,1028.0,1028.0,1028.0
10338.0,2409.0,2416.0,2415.0,1030.0,1032.0,1036.0
10295.0,2389.0,2401.0,2412.0,1028.0,1033.0,1032.0
10260.0,2397.0,2383.0,2394.0,1023.0,1033.0,1030.0
10248.0,2394.0,2393.0,2386.0,1027.0,1023.0,1025.0
10230.0,2386.0,2388.0,2383.0,1025.0,1025.0,1023.0
10313.0,2403.0,2409.0,2409.0,1033.0,1030.0,1029.0
10327.0,2419.0,2408.0,2407.0,1033.0,1029.0,1031.0
10312.0,2406.0,2402.0,2412.0,1031.0,1031.0,1030.0
10301.0,2399.0,2406.0,2410.0,1027.0,1030.0,1029.0
10275.0,2401.0,2397.0,2391.0,1028.0,1026.0,1032.0
10251.0,2383.0,2402.0,2391.0,1025.0,1023.0,1027.0
10260.0,2396.0,2386.0,2402.0,1021.0,1031.0,1024.0
10315.0,2408.0,2403.0,2413.0,1029.0,1031.0,1031.0
10343.0,2417.0,2408.0,2416.0,1034.0,1035.0,1033.0
10330.0,2412.0,2409.0,2412.0,1037.0,1029.0,1031.0
10330.0,2408.0,2419.0,2411.0,1028.0,1031.0,1033.0
10273.0,2402.0,2399.0,2394.0,1023.0,1026.0,1029.0
10262.0,2401.0,2384.0,2397.0,1024.0,1027.0,1029.0
10287.0,2391.0,2397.0,2410.0,1025.0,1029.0,1035.0
10340.0,2412.0,2413.0,2415.0,1031.0,1034.0,1035.0
10351.0,2410.0,2417.0,2418.0,1036.0,1036.0,1034.0
10365.0,2418.0,2418.0,2417.0,1038.0,1037.0,1037.0
10321.0,2409.0,2400.0,2412.0,1035.0,1032.0,1033.0
10310.0,2413.0,2404.0,2401.0,1029.0,1030.0,1033.0
10280.0,2400.0,2411.0,2393.0,1023.0,1027.0,1026.0
10292.0,2393.0,2406.0,2410.0,1031.0,1025.0,1027.0
10310.0,2404.0,2403.0,2416.0,1031.0,1029.0,1027.0
10353.0,2419.0,2413.0,2420.0,1033.0,1036.0,1032.0
10380.0,2420.0,2419.0,2418.0,1040.0,1041.0,1042.0
10357.0,2406.0,2417.0,2416.0,1038.0,1040.0,1040.0
10303.0,2405.0,2405.0,2396.0,1032.0,1036.0,1029.0
10269.0,2392.0,2394.0,2402.0,1026.0,1028.0,1027.0
10313.0,2399.0,2406.0,2420.0,1028.0,1028.0,1032.0
10321.0,2409.0,2407.0,2417.0,1030.0,1027.0,1031.0
10388.0,2432.0,2428.0,2419.0,1036.0,1035.0,1038.0
10385.0,2427.0,2427.0,2418.0,1040.0,1038.0,1035.0
10369.0,2420.0,2420.0,2420.0,1040.0,1034.0,1035.0
10328.0,2415.0,2398.0,2419.0,1034.0,1033.0,1029.0
10321.0,2408.0,2408.0,2416.0,1027.0,1032.0,1030.0
10297.0,2392.0,2412.0,2397.0,1032.0,1032.0,1032.0
10356.0,2414.0,2421.0,2419.0,1034.0,1033.0,1035.0
10373.0,2424.0,2417.0,2417.0,1038.0,1039.0,1038.0
10379.0,2419.0,2414.0,2427.0,1039.0,1036.0,1044.0
10381.0,2420.0,2429.0,2424.0,1037.0,1035.0,1036.0
10357.0,2417.0,2419.0,2422.0,1036.0,1033.0,1030.0
10323.0,2405.0,2409.0,2410.0,1034.0,1034.0,1031.0
10314.0,2399.0,2411.0,2407.0,1031.0,1034.0,1032.0
10363.0,2423.0,2410.0,2416.0,1037.0,1040.0,1037.0
10434.0,2439.0,2440.0,2432.0,1036.0,1044.0,1043.0
10390.0,2424.0,2426.0,2422.0,1039.0,1039.0,1040.0
10399.0,2422.0,2429.0,2427.0,1041.0,1039.0,1041.0
10362.0,2420.0,2410.0,2428.0,1035.0,1034.0,1035.0
10347.0,2419.0,2410.0,2414.0,1033.0,1035.0,1036.0
10342.0,2414.0,2414.0,2410.0,1034.0,1034.0,1036.0
10377.0,2420.0,2425.0,2416.0,1038.0,1038.0,1040.0
10416.0,2431.0,2434.0,2430.0,1039.0,1043.0,1039.0
10417.0,2425.0,2424.0,2444.0,1041.0,1044.0,1039.0
10395.0,2421.0,2425.0,2425.0,1045.0,1041.0,1038.0
10405.0,2431.0,2425.0,2437.0,1040.0,1036.0,1036.0
10347.0,2410.0,2414.0,2414.0,1039.0,1036.0,1034.0
10354.0,2416.0,2413.0,2414.0,1037.0,1034.0,1040.0
10386.0,2426.0,2420.0,2418.0,1038.0,1040.0,1044.0
10412.0,2432.0,2424.0,2432.0,1042.0,1041.0,1041.0
10443.0,2427.0,2434.0,2443.0,1047.0,1045.0,1047.0
10440.0,2427.0,2444.0,2441.0,1041.0,1045.0,1042.0
10366.0,2422.0,2410.0,2420.0,1035.0,1038.0,1041.0
10369.0,2425.0,2415.0,2414.0,1041.0,1037.0,1037.0
10364.0,2418.0,2415.0,2419.0,1041.0,1037.0,1034.0
10408.0,2427.0,2432.0,2428.0,1043.0,1040.0,1038.0
10433.0,2440.0,2444.0,2427.0,1039.0,1041.0,1042.0
10431.0,2431.0,2434.0,2436.0,1043.0,1043.0,1044.0
10428.0,2432.0,2432.0,2437.0,1041.0,1041.0,1045.0
10405.0,2434.0,2428.0,2421.0,1044.0,1038.0,1040.0
10379.0,2423.0,2427.0,2411.0,1038.0,1039.0,1041.0
10416.0,2420.0,2434.0,2433.0,1044.0,1043.0,1042.0
10424.0,2425.0,2432.0,2439.0,1045.0,1044.0,1039.0
10468.0,2444.0,2438.0,2449.0,1045.0,1047.0,1045.0
10442.0,2440.0,2433.0,2439.0,1043.0,1044.0,1043.0
10424.0,2426.0,2440.0,2435.0,1044.0,1041.0,1038.0
10415.0,2442.0,2430.0,2427.0,1038.0,1037.0,1041.0
10391.0,2430.0,2418.0,2425.0,1038.0,1039.0,1041.0
10398.0,2424.0,2421.0,2430.0,1041.0,1040.0,1042.0
10463.0,2439.0,2441.0,2445.0,1047.0,1046.0,1045.0
10495.0,2452.0,2449.0,2449.0,1049.0,1051.0,1045.0
10471.0,2445.0,2446.0,2442.0,1041.0,1049.0,1048.0
10447.0,2432.0,2438.0,2438.0,1046.0,1046.0,1047.0
10418.0,2432.0,2433.0,2428.0,1041.0,1042.0,1042.0
10397.0,2430.0,2428.0,2427.0,1033.0,1039.0,1040.0
10415.0,2422.0,2438.0,2437.0,1038.0,1042.0,1038.0
10452.0,2445.0,2440.0,2438.0,1048.0,1042.0,1039.0
10483.0,2443.0,2446.0,2445.0,1054.0,1047.0,1048.0
10510.0,2450.0,2450.0,2451.0,1055.0,1053.0,1051.0
10452.0,2431.0,2445.0,2437.0,1047.0,1044.0,1048.0
10452.0,2433.0,2443.0,2435.0,1045.0,1048.0,1048.0
10422.0,2439.0,2431.0,2427.0,1039.0,1040.0,1046.0
10419.0,2429.0,2423.0,2439.0,1043.0,1040.0,1045.0
10457.0,2441.0,2436.0,2445.0,1043.0,1047.0,1045.0
10484.0,2453.0,2450.0,2435.0,1049.0,1048.0,1049.0
10497.0,2444.0,2454.0,2453.0,1052.0,1047.0,1047.0
10491.0,2445.0,2447.0,2450.0,1052.0,1050.0,1047.0
10467.0,2447.0,2439.0,2442.0,1047.0,1049.0,1043.0
10461.0,2440.0,2433.0,2452.0,1044.0,1048.0,1044.0
10430.0,2427.0,2435.0,2438.0,1039.0,1048.0,1043.0
10486.0,2447.0,2453.0,2441.0,1048.0,1049.0,1048.0
10512.0,2460.0,2453.0,2446.0,1051.0,1048.0,1054.0
10525.0,2453.0,2453.0,2456.0,1058.0,1053.0,1052.0
10493.0,2446.0,2450.0,2454.0,1049.0,1045.0,1049.0
10465.0,2439.0,2442.0,2443.0,1046.0,1049.0,1046.0
10454.0,2445.0,2439.0,2438.0,1045.0,1044.0,1043.0
10443.0,2434.0,2434.0,2438.0,1045.0,1049.0,1043.0
10498.0,2450.0,2451.0,2453.0,1046.0,1051.0,1047.0
10545.0,2464.0,2461.0,2460.0,1053.0,1055.0,1052.0
10531.0,2460.0,2457.0,2456.0,1053.0,1054.0,1051.0
10527.0,2452.0,2459.0,2457.0,1052.0,1055.0,1052.0
10485.0,2446.0,2447.0,2449.0,1050.0,1045.0,1048.0
10487.0,2458.0,2435.0,2451.0,1044.0,1046.0,1053.0
10462.0,2445.0,2444.0,2436.0,1047.0,1045.0,1045.0
10509.0,2450.0,2458.0,2451.0,1049.0,1048.0,1053.0
10525.0,2457.0,2454.0,2457.0,1049.0,1054.0,1054.0
10544.0,2454.0,2464.0,2463.0,1054.0,1056.0,1053.0
10509.0,2455.0,2448.0,2456.0,1051.0,1052.0,1047.0
10488.0,2448.0,2444.0,2450.0,1049.0,1051.0,1046.0
10465.0,2447.0,2440.0,2442.0,1045.0,1043.0,1048.0
10499.0,2445.0,2455.0,2451.0,1047.0,1047.0,1054.0
10514.0,2456.0,2449.0,2454.0,1050.0,1051.0,1054.0
10559.0,2469.0,2452.0,2480.0,1053.0,1051.0,1054.0
10547.0,2461.0,2459.0,2460.0,1054.0,1055.0,1058.0
10539.0,2458.0,2466.0,2455.0,1052.0,1053.0,1055.0
10506.0,2460.0,2442.0,2453.0,1052.0,1050.0,1049.0
10489.0,2449.0,2449.0,2443.0,1051.0,1050.0,1047.0
10481.0,2447.0,2434.0,2447.0,1049.0,1054.0,1050.0
10523.0,2455.0,2456.0,2457.0,1053.0,1056.0,1046.0
10553.0,2468.0,2463.0,2464.0,1051.0,1054.0,1053.0
10595.0,2472.0,2477.0,2474.0,1058.0,1057.0,1057.0
10568.0,2460.0,2463.0,2474.0,1057.0,1054.0,1060.0
10514.0,2455.0,2449.0,2458.0,1048.0,1051.0,1053.0
10515.0,2453.0,2455.0,2448.0,1052.0,1054.0,1053.0
10493.0,2440.0,2451.0,2446.0,1053.0,1052.0,1051.0
10567.0,2461.0,2469.0,2466.0,1053.0,1059.0,1059.0
10574.0,2477.0,2463.0,2460.0,1056.0,1059.0,1059.0
10596.0,2476.0,2470.0,2477.0,1058.0,1058.0,1057.0
10557.0,2455.0,2469.0,2465.0,1056.0,1058.0,1054.0
10548.0,2468.0,2470.0,2448.0,1056.0,1052.0,1054.0
10510.0,2454.0,2453.0,2454.0,1052.0,1044.0,1053.0
10514.0,2445.0,2454.0,2457.0,1056.0,1052.0,1050.0
10577.0,2466.0,2469.0,2467.0,1057.0,1058.0,1060.0
10602.0,2476.0,2472.0,2478.0,1057.0,1059.0,1060.0
10615.0,2473.0,2484.0,2474.0,1058.0,1065.0,1061.0
10563.0,2458.0,2465.0,2466.0,1055.0,1061.0,1058.0
10551.0,2464.0,2456.0,2465.0,1053.0,1058.0,1055.0
10524.0,2460.0,2456.0,2454.0,1055.0,1048.0,1051.0
10546.0,2450.0,2462.0,2462.0,1059.0,1057.0,1056.0
10597.0,2476.0,2472.0,2473.0,1062.0,1057.0,1057.0
10612.0,2483.0,2464.0,2484.0,1062.0,1057.0,1062.0
10598.0,2472.0,2468.0,2471.0,1061.0,1062.0,1064.0
10596.0,2474.0,2466.0,2472.0,1059.0,1064.0,1061.0
10588.0,2474.0,2478.0,2465.0,1054.0,1060.0,1057.0
10558.0,2460.0,2465.0,2464.0,1056.0,1057.0,1056.0
10559.0,2456.0,2463.0,2468.0,1059.0,1056.0,1057.0
10587.0,2474.0,2466.0,2468.0,1064.0,1054.0,1061.0
10631.0,2494.0,2471.0,2475.0,1064.0,1063.0,1064.0
10622.0,2480.0,2486.0,2473.0,1064.0,1060.0,1059.0
10617.0,2474.0,2485.0,2478.0,1058.0,1059.0,1063.0
10584.0,2466.0,2470.0,2479.0,1053.0,1057.0,1059.0
10579.0,2472.0,2458.0,2480.0,1056.0,1060.0,1053.0
10558.0,2454.0,2466.0,2469.0,1055.0,1057.0,1057.0
10605.0,2475.0,2474.0,2473.0,1058.0,1061.0,1064.0
10647.0,2487.0,2487.0,2482.0,1062.0,1062.0,1067.0
10637.0,2482.0,2482.0,2475.0,1067.0,1064.0,1067.0
10600.0,2474.0,2469.0,2478.0,1060.0,1060.0,1059.0
10606.0,2485.0,2475.0,2472.0,1057.0,1060.0,1057.0
10580.0,2472.0,2466.0,2471.0,1058.0,1055.0,1058.0
10582.0,2474.0,2473.0,2464.0,1058.0,1058.0,1055.0
10623.0,2483.0,2481.0,2472.0,1065.0,1063.0,1059.0
10644.0,2494.0,2479.0,2478.0,1065.0,1065.0,1063.0
10656.0,2481.0,2481.0,2489.0,1068.0,1069.0,1068.0
10630.0,2480.0,2483.0,2478.0,1062.0,1063.0,1064.0
10631.0,2483.0,2479.0,2479.0,1064.0,1063.0,1063.0
10598.0,2474.0,2474.0,2471.0,1058.0,1059.0,1062.0
10573.0,2460.0,2469.0,2469.0,1056.0,1058.0,1061.0
10635.0,2482.0,2476.0,2481.0,1066.0,1063.0,1067.0
10667.0,2498.0,2492.0,2484.0,1065.0,1063.0,1065.0
10697.0,2497.0,2496.0,2499.0,1070.0,1070.0,1065.0
10658.0,2481.0,2483.0,2495.0,1065.0,1069.0,1065.0
10613.0,2492.0,2466.0,2465.0,1062.0,1066.0,1062.0
10602.0,2477.0,2479.0,2469.0,1057.0,1059.0,1061.0
10593.0,2466.0,2481.0,2464.0,1058.0,1063.0,1061.0
10634.0,2483.0,2488.0,2477.0,1062.0,1062.0,1062.0
10681.0,2500.0,2479.0,2495.0,1070.0,1065.0,1072.0
10682.0,2492.0,2484.0,2500.0,1068.0,1066.0,1072.0
10657.0,2484.0,2489.0,2488.0,1066.0,1066.0,1064.0
10647.0,2486.0,2483.0,2480.0,1064.0,1065.0,1069.0
10642.0,2482.0,2489.0,2481.0,1064.0,1064.0,1062.0
10601.0,2474.0,2468.0,2480.0,1057.0,1064.0,1058.0
10637.0,2480.0,2484.0,2478.0,1065.0,1069.0,1061.0
10707.0,2500.0,2504.0,2500.0,1066.0,1069.0,1068.0
10713.0,2495.0,2509.0,2501.0,1073.0,1066.0,1069.0
10669.0,2484.0,2493.0,2492.0,1065.0,1066.0,1069.0
10651.0,2489.0,2482.0,2488.0,1067.0,1061.0,1064.0
10628.0,2486.0,2477.0,2477.0,1065.0,1059.0,1064.0
10650.0,2478.0,2487.0,2484.0,1066.0,1069.0,1066.0
10677.0,2497.0,2486.0,2496.0,1066.0,1066.0,1066.0
10708.0,2500.0,2492.0,2503.0,1070.0,1071.0,1072.0
10706.0,2498.0,2493.0,2504.0,1069.0,1073.0,1069.0
10691.0,2494.0,2495.0,2491.0,1074.0,1070.0,1067.0
10665.0,2489.0,2496.0,2486.0,1066.0,1064.0,1064.0
10663.0,2490.0,2491.0,2484.0,1072.0,1065.0,1061.0
10644.0,2481.0,2479.0,2491.0,1064.0,1061.0,1068.0
10693.0,2497.0,2494.0,2496.0,1068.0,1069.0,1069.0
10731.0,2514.0,2501.0,2503.0,1068.0,1072.0,1073.0
10725.0,2502.0,2499.0,2499.0,1071.0,1077.0,1077.0
10687.0,2493.0,2492.0,2491.0,1068.0,1072.0,1071.0
10674.0,2483.0,2489.0,2491.0,1070.0,1072.0,1069.0
10661.0,2491.0,2487.0,2488.0,1068.0,1065.0,1062.0
10676.0,2483.0,2490.0,2500.0,1069.0,1069.0,1065.0
10711.0,2495.0,2505.0,2499.0,1073.0,1071.0,1068.0
10726.0,2506.0,2504.0,2503.0,1072.0,1070.0,1071.0
10726.0,2507.0,2504.0,2498.0,1073.0,1072.0,1072.0
10705.0,2498.0,2495.0,2494.0,1072.0,1073.0,1073.0
10710.0,2499.0,2497.0,2499.0,1069.0,1076.0,1070.0
10686.0,2491.0,2497.0,2491.0,1072.0,1070.0,1065.0
10688.0,2488.0,2489.0,2499.0,1073.0,1068.0,1071.0
10706.0,2500.0,2491.0,2498.0,1075.0,1070.0,1072.0
10743.0,2511.0,2496.0,2515.0,1073.0,1074.0,1074.0
10747.0,2505.0,2512.0,2503.0,1075.0,1078.0,1074.0
10741.0,2507.0,2515.0,2503.0,1071.0,1072.0,1073.0
10702.0,2501.0,2498.0,2500.0,1069.0,1069.0,1065.0
10703.0,2498.0,2494.0,2502.0,1070.0,1070.0,1069.0
10703.0,2490.0,2493.0,2500.0,1071.0,1076.0,1073.0
10749.0,2514.0,2503.0,2506.0,1076.0,1075.0,1075.0
10760.0,2510.0,2516.0,2505.0,1076.0,1077.0,1076.0
10777.0,2515.0,2518.0,2511.0,1078.0,1076.0,1079.0
10742.0,2497.0,2509.0,2514.0,1075.0,1071.0,1076.0
10744.0,2512.0,2508.0,2503.0,1077.0,1071.0,1073.0
10719.0,2504.0,2501.0,2506.0,1070.0,1067.0,1071.0
10703.0,2490.0,2498.0,2499.0,1075.0,1074.0,1067.0
10726.0,2506.0,2507.0,2490.0,1075.0,1075.0,1073.0
10778.0,2514.0,2511.0,2518.0,1077.0,1078.0,1080.0
10773.0,2512.0,2508.0,2517.0,1078.0,1080.0,1078.0
10764.0,2503.0,2508.0,2520.0,1077.0,1078.0,1078.0
10758.0,2511.0,2513.0,2509.0,1071.0,1077.0,1077.0
10723.0,2508.0,2501.0,2500.0,1068.0,1069.0,1077.0
10711.0,2493.0,2497.0,2502.0,1073.0,1073.0,1073.0
10730.0,2507.0,2502.0,2500.0,1077.0,1069.0,1075.0
10796.0,2523.0,2516.0,2524.0,1078.0,1076.0,1079.0
10800.0,2508.0,2523.0,2522.0,1082.0,1085.0,1080.0
10774.0,2511.0,2511.0,2518.0,1078.0,1081.0,1075.0
10758.0,2512.0,2503.0,2513.0,1075.0,1079.0,1076.0
10740.0,2509.0,2493.0,2513.0,1073.0,1077.0,1075.0
10721.0,2490.0,2514.0,2494.0,1074.0,1074.0,1075.0
10771.0,2509.0,2519.0,2507.0,1079.0,1079.0,1078.0
10823.0,2524.0,2522.0,2531.0,1084.0,1079.0,1083.0
10834.0,2525.0,2520.0,2534.0,1085.0,1082.0,1088.0
10784.0,2508.0,2512.0,2521.0,1083.0,1081.0,1079.0
10768.0,2509.0,2520.0,2504.0,1075.0,1081.0,1079.0
10751.0,2507.0,2513.0,2510.0,1072.0,1075.0,1074.0
10749.0,2504.0,2512.0,2508.0,1072.0,1079.0,1074.0
10795.0,2519.0,2513.0,2526.0,1078.0,1082.0,1077.0
10827.0,2526.0,2524.0,2529.0,1083.0,1083.0,1082.0
10841.0,2526.0,2534.0,2534.0,1083.0,1081.0,1083.0
10809.0,2514.0,2525.0,2522.0,1084.0,1078.0,1086.0
10775.0,2518.0,2512.0,2513.0,1077.0,1076.0,1079.0
10756.0,2516.0,2498.0,2508.0,1078.0,1073.0,1083.0
10755.0,2506.0,2515.0,2504.0,1076.0,1076.0,1078.0
10794.0,2515.0,2523.0,2522.0,1077.0,1080.0,1077.0
10855.0,2539.0,2534.0,2528.0,1084.0,1090.0,1080.0
10833.0,2524.0,2520.0,2533.0,1085.0,1088.0,1083.0
10810.0,2516.0,2521.0,2523.0,1087.0,1082.0,1081.0
10800.0,2516.0,2519.0,2518.0,1084.0,1084.0,1079.0
10759.0,2510.0,2512.0,2504.0,1078.0,1077.0,1078.0
10796.0,2512.0,2518.0,2530.0,1079.0,1076.0,1081.0
10806.0,2519.0,2516.0,2529.0,1078.0,1081.0,1083.0
10835.0,2541.0,2520.0,2531.0,1079.0,1081.0,1083.0
10854.0,2526.0,2536.0,2531.0,1085.0,1087.0,1089.0
10833.0,2520.0,2533.0,2522.0,1089.0,1086.0,1083.0
10807.0,2523.0,2525.0,2518.0,1081.0,1082.0,1078.0
10793.0,2524.0,2517.0,2516.0,1079.0,1079.0,1078.0
10790.0,2513.0,2514.0,2523.0,1080.0,1082.0,1078.0
10826.0,2527.0,2525.0,2530.0,1084.0,1080.0,1080.0
10882.0,2542.0,2537.0,2543.0,1087.0,1088.0,1085.0
10860.0,2531.0,2539.0,2535.0,1086.0,1085.0,1084.0
10845.0,2529.0,2524.0,2532.0,1090.0,1087.0,1083.0
10825.0,2523.0,2524.0,2526.0,1085.0,1083.0,1084.0
10795.0,2510.0,2525.0,2519.0,1080.0,1083.0,1078.0
10804.0,2516.0,2528.0,2513.0,1079.0,1084.0,1084.0
10851.0,2534.0,2527.0,2535.0,1081.0,1085.0,1089.0
10864.0,2541.0,2535.0,2528.0,1087.0,1086.0,1087.0
10854.0,2530.0,2532.0,2532.0,1090.0,1085.0,1085.0
10857.0,2528.0,2539.0,2535.0,1088.0,1085.0,1082.0
10842.0,2538.0,2530.0,2526.0,1084.0,1083.0,1081.0
10825.0,2521.0,2526.0,2530.0,1084.0,1083.0,1081.0
10806.0,2520.0,2514.0,2532.0,1078.0,1081.0,1081.0
10873.0,2535.0,2535.0,2535.0,1085.0,1092.0,1091.0
10919.0,2553.0,2549.0,2541.0,1092.0,1092.0,1092.0
10904.0,2538.0,2551.0,2544.0,1091.0,1088.0,1092.0
10869.0,2538.0,2534.0,2536.0,1085.0,1089.0,1087.0
10848.0,2532.0,2529.0,2533.0,1086.0,1085.0,1083.0
10839.0,2531.0,2522.0,2534.0,1089.0,1080.0,1083.0
10839.0,2528.0,2527.0,2532.0,1086.0,1084.0,1082.0
10873.0,2546.0,2538.0,2531.0,1089.0,1085.0,1084.0
10911.0,2557.0,2542.0,2542.0,1092.0,1091.0,1087.0
10897.0,2540.0,2540.0,2545.0,1088.0,1093.0,1091.0
10905.0,2545.0,2547.0,2551.0,1084.0,1089.0,1089.0
10869.0,2531.0,2537.0,2540.0,1082.0,1090.0,1089.0
10882.0,2534.0,2539.0,2548.0,1088.0,1086.0,1087.0
10840.0,2529.0,2534.0,2522.0,1085.0,1082.0,1088.0
10856.0,2531.0,2535.0,2531.0,1087.0,1085.0,1087.0
10907.0,2549.0,2541.0,2543.0,1093.0,1091.0,1090.0
10916.0,2547.0,2550.0,2548.0,1090.0,1093.0,1088.0
10917.0,2546.0,2555.0,2549.0,1088.0,1092.0,1087.0
10875.0,2539.0,2533.0,2544.0,1087.0,1087.0,1085.0
10841.0,2540.0,2525.0,2518.0,1087.0,1084.0,1087.0
10845.0,2529.0,2527.0,2528.0,1084.0,1090.0,1087.0
10916.0,2545.0,2550.0,2547.0,1095.0,1088.0,1091.0
10944.0,2559.0,2555.0,2550.0,1093.0,1091.0,1096.0
10923.0,2556.0,2542.0,2544.0,1094.0,1091.0,1096.0
10897.0,2541.0,2536.0,2549.0,1090.0,1090.0,1091.0
10904.0,2551.0,2542.0,2541.0,1089.0,1088.0,1093.0
10881.0,2539.0,2549.0,2532.0,1087.0,1088.0,1086.0
10867.0,2532.0,2536.0,2539.0,1086.0,1089.0,1085.0
10929.0,2544.0,2556.0,2546.0,1092.0,1098.0,1093.0
10944.0,2560.0,2546.0,2557.0,1095.0,1094.0,1092.0
10938.0,2547.0,2550.0,2561.0,1095.0,1091.0,1094.0
10924.0,2541.0,2549.0,2556.0,1091.0,1092.0,1095.0
10901.0,2545.0,2549.0,2536.0,1089.0,1092.0,1090.0
10875.0,2540.0,2530.0,2536.0,1086.0,1090.0,1093.0
10890.0,2547.0,2535.0,2540.0,1089.0,1089.0,1090.0
10942.0,2553.0,2555.0,2551.0,1096.0,1092.0,1095.0
10982.0,2573.0,2556.0,2560.0,1100.0,1097.0,1096.0
10957.0,2549.0,2560.0,2557.0,1099.0,1098.0,1094.0
10925.0,2547.0,2545.0,2551.0,1095.0,1093.0,1094.0
10917.0,2558.0,2548.0,2542.0,1089.0,1090.0,1090.0
10892.0,2538.0,2536.0,2548.0,1088.0,1090.0,1092.0
10909.0,2539.0,2554.0,2547.0,1090.0,1086.0,1093.0
10931.0,2551.0,2556.0,2547.0,1091.0,1090.0,1096.0
10985.0,2563.0,2561.0,2566.0,1096.0,1096.0,1103.0
10970.0,2555.0,2557.0,2562.0,1099.0,1099.0,1098.0
10946.0,2554.0,2555.0,2548.0,1096.0,1099.0,1094.0
10933.0,2552.0,2550.0,2554.0,1092.0,1094.0,1091.0
10930.0,2550.0,2548.0,2554.0,1092.0,1096.0,1090.0
10907.0,2548.0,2547.0,2542.0,1088.0,1092.0,1090.0
10956.0,2560.0,2554.0,2565.0,1092.0,1091.0,1094.0
10965.0,2568.0,2557.0,2557.0,1096.0,1095.0,1092.0
11001.0,2571.0,2574.0,2557.0,1102.0,1098.0,1099.0
10965.0,2557.0,2558.0,2553.0,1101.0,1097.0,1099.0
10927.0,2551.0,2542.0,2553.0,1092.0,1094.0,1095.0
10943.0,2560.0,2547.0,2555.0,1090.0,1096.0,1095.0
10938.0,2549.0,2558.0,2552.0,1092.0,1093.0,1094.0
10963.0,2555.0,2562.0,2559.0,1094.0,1099.0,1094.0
10999.0,2566.0,2560.0,2568.0,1100.0,1103.0,1102.0
10994.0,2572.0,2567.0,2559.0,1101.0,1100.0,1095.0
10982.0,2565.0,2559.0,2563.0,1104.0,1095.0,1096.0
10970.0,2558.0,2561.0,2568.0,1094.0,1093.0,1096.0
10963.0,2556.0,2559.0,2565.0,1094.0,1093.0,1096.0
10964.0,2556.0,2562.0,2562.0,1094.0,1097.0,1093.0
10977.0,2557.0,2558.0,2563.0,1096.0,1101.0,1102.0
10996.0,2574.0,2564.0,2562.0,1096.0,1101.0,1099.0
11013.0,2569.0,2573.0,2565.0,1099.0,1101.0,1106.0
11012.0,2560.0,2575.0,2572.0,1102.0,1101.0,1102.0
10972.0,2563.0,2553.0,2566.0,1099.0,1094.0,1097.0
10954.0,2557.0,2548.0,2564.0,1097.0,1092.0,1096.0
10955.0,2552.0,2549.0,2563.0,1099.0,1097.0,1095.0
10985.0,2563.0,2575.0,2555.0,1099.0,1097.0,1096.0
10999.0,2564.0,2571.0,2563.0,1101.0,1102.0,1098.0
11018.0,2571.0,2569.0,2570.0,1101.0,1103.0,1104.0
11014.0,2571.0,2567.0,2572.0,1095.0,1102.0,1107.0
11014.0,2571.0,2563.0,2574.0,1103.0,1098.0,1105.0
10984.0,2560.0,2565.0,2566.0,1097.0,1098.0,1098.0
10984.0,2559.0,2568.0,2564.0,1096.0,1099.0,1098.0
11009.0,2573.0,2566.0,2566.0,1104.0,1102.0,1098.0
11032.0,2582.0,2576.0,2574.0,1101.0,1099.0,1100.0
11071.0,2584.0,2585.0,2585.0,1105.0,1108.0,1104.0
11015.0,2562.0,2574.0,2577.0,1102.0,1102.0,1098.0
11007.0,2573.0,2567.0,2567.0,1102.0,1100.0,1098.0
10975.0,2559.0,2562.0,2559.0,1097.0,1101.0,1097.0
10995.0,2563.0,2560.0,2568.0,1105.0,1101.0,1098.0
11016.0,2569.0,2571.0,2565.0,1106.0,1103.0,1102.0
11073.0,2587.0,2587.0,2577.0,1103.0,1107.0,1112.0
11053.0,2571.0,2580.0,2584.0,1104.0,1104.0,1110.0
11045.0,2576.0,2572.0,2584.0,1099.0,1103.0,1111.0
11022.0,2588.0,2565.0,2569.0,1100.0,1099.0,1101.0
10999.0,2560.0,2562.0,2571.0,1101.0,1103.0,1102.0
10999.0,2564.0,2570.0,2566.0,1103.0,1099.0,1097.0
11028.0,2575.0,2566.0,2575.0,1103.0,1104.0,1105.0
11068.0,2586.0,2582.0,2584.0,1105.0,1105.0,1106.0
11089.0,2586.0,2581.0,2597.0,1108.0,1108.0,1109.0
11057.0,2572.0,2581.0,2584.0,1106.0,1106.0,1108.0
11028.0,2585.0,2575.0,2565.0,1100.0,1100.0,1103.0
11014.0,2573.0,2572.0,2564.0,1102.0,1098.0,1105.0
11017.0,2569.0,2566.0,2572.0,1103.0,1104.0,1103.0
11059.0,2579.0,2577.0,2585.0,1107.0,1105.0,1106.0
11107.0,2596.0,2582.0,2594.0,1112.0,1111.0,1112.0
11090.0,2581.0,2589.0,2592.0,1109.0,1110.0,1109.0
11074.0,2586.0,2588.0,2576.0,1108.0,1110.0,1106.0
11052.0,2580.0,2575.0,2577.0,1104.0,1111.0,1105.0
11036.0,2576.0,2579.0,2571.0,1103.0,1105.0,1102.0
11033.0,2573.0,2574.0,2576.0,1101.0,1102.0,1107.0
11058.0,2581.0,2585.0,2578.0,1104.0,1102.0,1108.0
11113.0,2598.0,2582.0,2599.0,1112.0,1109.0,1113.0
11098.0,2592.0,2580.0,2590.0,1109.0,1111.0,1116.0
11072.0,2577.0,2582.0,2581.0,1111.0,1113.0,1108.0
11074.0,2590.0,2581.0,2583.0,1105.0,1109.0,1106.0
11020.0,2576.0,2572.0,2571.0,1099.0,1103.0,1099.0
11057.0,2576.0,2579.0,2584.0,1106.0,1105.0,1107.0
11061.0,2578.0,2580.0,2590.0,1106.0,1107.0,1100.0
11116.0,2597.0,2590.0,2595.0,1114.0,1109.0,1111.0
11139.0,2595.0,2604.0,2602.0,1116.0,1107.0,1115.0
11093.0,2586.0,2593.0,2583.0,1111.0,1109.0,1111.0
11067.0,2586.0,2574.0,2587.0,1106.0,1105.0,1109.0
11049.0,2583.0,2575.0,2580.0,1104.0,1101.0,1106.0
11065.0,2575.0,2586.0,2580.0,1105.0,1108.0,1111.0
11093.0,2583.0,2590.0,2594.0,1108.0,1111.0,1107.0
11131.0,2593.0,2604.0,2591.0,1117.0,1115.0,1111.0
11141.0,2598.0,2600.0,2597.0,1118.0,1113.0,1115.0
