[2026-07-15T17:58:19] Scheduler started
[2026-07-15T17:58:19] Started local_multichannel | local_multichannel_001_yearly_low_mag_noise0_lt1 | run_0 | freq=52 | noise=1 | magnitude=50 | lead_time=1 | PID 1106727 | GPU 0
[2026-07-15T17:58:23] Started local_multichannel | local_multichannel_001_yearly_low_mag_noise0_lt1 | run_1 | freq=52 | noise=1 | magnitude=50 | lead_time=1 | PID 1106737 | GPU 1
[2026-07-15T17:58:26] Started local_multichannel | local_multichannel_001_yearly_low_mag_noise0_lt1 | run_2 | freq=52 | noise=1 | magnitude=50 | lead_time=1 | PID 1106944 | GPU 2
[2026-07-15T17:58:30] Started local_multichannel | local_multichannel_001_yearly_low_mag_noise0_lt1 | run_3 | freq=52 | noise=1 | magnitude=50 | lead_time=1 | PID 1106967 | GPU 3
[2026-07-15T17:58:34] Started local_multichannel | local_multichannel_001_yearly_low_mag_noise0_lt1 | run_4 | freq=52 | noise=1 | magnitude=50 | lead_time=1 | PID 1107014 | GPU 4
[2026-07-15T17:58:37] Started local_multichannel | local_multichannel_001_yearly_low_mag_noise0_lt1 | run_5 | freq=52 | noise=1 | magnitude=50 | lead_time=1 | PID 1107049 | GPU 5
[2026-07-15T17:58:41] Started local_multichannel | local_multichannel_001_yearly_low_mag_noise0_lt1 | run_6 | freq=52 | noise=1 | magnitude=50 | lead_time=1 | PID 1107467 | GPU 6
[2026-07-15T17:58:44] Started local_multichannel | local_multichannel_001_yearly_low_mag_noise0_lt1 | run_7 | freq=52 | noise=1 | magnitude=50 | lead_time=1 | PID 1107485 | GPU 7
[2026-07-15T17:58:47] Started local_multichannel | local_multichannel_001_yearly_low_mag_noise0_lt1 | run_8 | freq=52 | noise=1 | magnitude=50 | lead_time=1 | PID 1107511 | GPU 7
[2026-07-15T17:58:51] Started local_multichannel | local_multichannel_001_yearly_low_mag_noise0_lt1 | run_9 | freq=52 | noise=1 | magnitude=50 | lead_time=1 | PID 1107535 | GPU 4
[2026-07-15T17:58:54] Started local_multichannel | local_multichannel_002_yearly_low_mag_noise0_lt2 | run_0 | freq=52 | noise=1 | magnitude=50 | lead_time=2 | PID 1107606 | GPU 5
[2026-07-15T17:58:57] Started local_multichannel | local_multichannel_002_yearly_low_mag_noise0_lt2 | run_1 | freq=52 | noise=1 | magnitude=50 | lead_time=2 | PID 1107690 | GPU 6
[2026-07-15T17:59:01] Started local_multichannel | local_multichannel_002_yearly_low_mag_noise0_lt2 | run_2 | freq=52 | noise=1 | magnitude=50 | lead_time=2 | PID 1107792 | GPU 6
[2026-07-15T17:59:04] Started local_multichannel | local_multichannel_002_yearly_low_mag_noise0_lt2 | run_3 | freq=52 | noise=1 | magnitude=50 | lead_time=2 | PID 1107863 | GPU 7
[2026-07-15T17:59:07] Started local_multichannel | local_multichannel_002_yearly_low_mag_noise0_lt2 | run_4 | freq=52 | noise=1 | magnitude=50 | lead_time=2 | PID 1107936 | GPU 5
[2026-07-15T17:59:11] Started local_multichannel | local_multichannel_002_yearly_low_mag_noise0_lt2 | run_5 | freq=52 | noise=1 | magnitude=50 | lead_time=2 | PID 1108049 | GPU 4
[2026-07-15T17:59:14] Started local_multichannel | local_multichannel_002_yearly_low_mag_noise0_lt2 | run_6 | freq=52 | noise=1 | magnitude=50 | lead_time=2 | PID 1108077 | GPU 4
[2026-07-15T17:59:18] Started local_multichannel | local_multichannel_002_yearly_low_mag_noise0_lt2 | run_8 | freq=52 | noise=1 | magnitude=50 | lead_time=2 | PID 1108287 | GPU 1
[2026-07-15T17:59:24] Started local_multichannel | local_multichannel_005_yearly_low_mag_noise10_lt2 | run_9 | freq=52 | noise=1 | magnitude=50 | lead_time=2 | PID 1108371 | GPU 2
[2026-07-15T17:59:33] Started local_multichannel | local_multichannel_010_yearly_medium_mag_noise0_lt1 | run_8 | freq=52 | noise=1 | magnitude=100 | lead_time=1 | PID 1108616 | GPU 2
[2026-07-15T17:59:41] Started local_multichannel | local_multichannel_014_yearly_medium_mag_noise10_lt2 | run_7 | freq=52 | noise=1 | magnitude=100 | lead_time=2 | PID 1108722 | GPU 0
[2026-07-15T17:59:45] Started local_multichannel | local_multichannel_015_yearly_medium_mag_noise10_lt3 | run_7 | freq=52 | noise=1 | magnitude=100 | lead_time=3 | PID 1108763 | GPU 7
[2026-07-15T17:59:49] Started local_multichannel | local_multichannel_016_yearly_medium_mag_noise100_lt1 | run_2 | freq=52 | noise=1 | magnitude=100 | lead_time=1 | PID 1108797 | GPU 0
[2026-07-15T17:59:59] Started local_multichannel | local_multichannel_022_yearly_high_mag_noise10_lt1 | run_2 | freq=52 | noise=1 | magnitude=200 | lead_time=1 | PID 1108940 | GPU 3
[2026-07-15T18:00:08] Started local_multichannel | local_multichannel_026_yearly_high_mag_noise100_lt2 | run_6 | freq=52 | noise=1 | magnitude=200 | lead_time=2 | PID 1109554 | GPU 3
[2026-07-15T18:00:52] Started local_multichannel | local_multichannel_060_quarterly_low_mag_noise10_lt3 | run_9 | freq=13 | noise=1 | magnitude=50 | lead_time=3 | PID 1111061 | GPU 5
[2026-07-15T18:01:15] Started local_multichannel | local_multichannel_077_quarterly_high_mag_noise10_lt2 | run_3 | freq=13 | noise=1 | magnitude=200 | lead_time=2 | PID 1111483 | GPU 1
[2026-07-15T18:01:19] Started local_multichannel | local_multichannel_077_quarterly_high_mag_noise10_lt2 | run_4 | freq=13 | noise=1 | magnitude=200 | lead_time=2 | PID 1111705 | GPU 1
[2026-07-15T18:01:46] Started local_multichannel | local_multichannel_096_half_quarterly_medium_mag_noise10_lt3 | run_6 | freq=7 | noise=1 | magnitude=100 | lead_time=3 | PID 1112679 | GPU 6
[2026-07-15T18:03:08] Started split_multichannel | split_multichannel_053_half_yearly_high_mag_noise100_lt2 | run_3 | freq=26 | noise=1 | magnitude=200 | lead_time=2 | PID 1114910 | GPU 2
[2026-07-15T18:03:25] Started split_multichannel | split_multichannel_064_quarterly_medium_mag_noise0_lt1 | run_9 | freq=13 | noise=1 | magnitude=100 | lead_time=1 | PID 1115407 | GPU 0
[2026-07-15T18:04:12] Started split_multichannel | split_multichannel_100_half_quarterly_high_mag_noise0_lt1 | run_7 | freq=7 | noise=1 | magnitude=200 | lead_time=1 | PID 1116643 | GPU 3
[2026-07-15T18:18:09] Started None | no_training_ma_001_yearly_low_mag_noise0_lt1 | run_0 | freq=52 | noise=1 | magnitude=50 | lead_time=1 | PID 1140992 | GPU None
[2026-07-15T18:18:12] Started None | no_training_ma_001_yearly_low_mag_noise0_lt1 | run_1 | freq=52 | noise=1 | magnitude=50 | lead_time=1 | PID 1141077 | GPU None
[2026-07-15T18:18:17] Started None | no_training_ma_001_yearly_low_mag_noise0_lt1 | run_2 | freq=52 | noise=1 | magnitude=50 | lead_time=1 | PID 1141232 | GPU None
[2026-07-15T18:18:20] Started None | no_training_ma_001_yearly_low_mag_noise0_lt1 | run_3 | freq=52 | noise=1 | magnitude=50 | lead_time=1 | PID 1141251 | GPU None
[2026-07-15T18:18:25] Started None | no_training_ma_001_yearly_low_mag_noise0_lt1 | run_4 | freq=52 | noise=1 | magnitude=50 | lead_time=1 | PID 1141282 | GPU None
[2026-07-15T18:18:28] Started None | no_training_ma_001_yearly_low_mag_noise0_lt1 | run_5 | freq=52 | noise=1 | magnitude=50 | lead_time=1 | PID 1141476 | GPU None
[2026-07-15T18:18:32] Started None | no_training_ma_001_yearly_low_mag_noise0_lt1 | run_6 | freq=52 | noise=1 | magnitude=50 | lead_time=1 | PID 1141535 | GPU None
[2026-07-15T18:18:35] Started None | no_training_ma_001_yearly_low_mag_noise0_lt1 | run_7 | freq=52 | noise=1 | magnitude=50 | lead_time=1 | PID 1141553 | GPU None
[2026-07-15T18:18:38] Started None | no_training_ma_001_yearly_low_mag_noise0_lt1 | run_8 | freq=52 | noise=1 | magnitude=50 | lead_time=1 | PID 1141562 | GPU None
[2026-07-15T18:18:41] Started None | no_training_ma_001_yearly_low_mag_noise0_lt1 | run_9 | freq=52 | noise=1 | magnitude=50 | lead_time=1 | PID 1141583 | GPU None
[2026-07-15T18:18:44] Started None | no_training_ma_002_yearly_low_mag_noise0_lt2 | run_0 | freq=52 | noise=1 | magnitude=50 | lead_time=2 | PID 1141591 | GPU None
[2026-07-15T18:18:48] Started None | no_training_ma_002_yearly_low_mag_noise0_lt2 | run_1 | freq=52 | noise=1 | magnitude=50 | lead_time=2 | PID 1141610 | GPU None
[2026-07-15T18:18:51] Started None | no_training_ma_002_yearly_low_mag_noise0_lt2 | run_2 | freq=52 | noise=1 | magnitude=50 | lead_time=2 | PID 1141629 | GPU None
[2026-07-15T18:18:54] Started None | no_training_ma_002_yearly_low_mag_noise0_lt2 | run_3 | freq=52 | noise=1 | magnitude=50 | lead_time=2 | PID 1141637 | GPU None
[2026-07-15T18:18:57] Started None | no_training_ma_002_yearly_low_mag_noise0_lt2 | run_4 | freq=52 | noise=1 | magnitude=50 | lead_time=2 | PID 1141657 | GPU None
[2026-07-15T18:19:01] Started None | no_training_ma_002_yearly_low_mag_noise0_lt2 | run_5 | freq=52 | noise=1 | magnitude=50 | lead_time=2 | PID 1141691 | GPU None
[2026-07-15T18:19:04] Started None | no_training_ma_002_yearly_low_mag_noise0_lt2 | run_6 | freq=52 | noise=1 | magnitude=50 | lead_time=2 | PID 1141695 | GPU None
[2026-07-15T18:19:07] Started None | no_training_ma_002_yearly_low_mag_noise0_lt2 | run_7 | freq=52 | noise=1 | magnitude=50 | lead_time=2 | PID 1141714 | GPU None
[2026-07-15T18:19:10] Finished None | no_training_ma_002_yearly_low_mag_noise0_lt2 | run_5 | freq=52 | noise=1 | magnitude=50 | lead_time=2
[2026-07-15T18:19:11] Started None | no_training_ma_002_yearly_low_mag_noise0_lt2 | run_8 | freq=52 | noise=1 | magnitude=50 | lead_time=2 | PID 1141730 | GPU None
[2026-07-15T18:19:14] Started None | no_training_ma_002_yearly_low_mag_noise0_lt2 | run_9 | freq=52 | noise=1 | magnitude=50 | lead_time=2 | PID 1141782 | GPU None
[2026-07-15T18:19:18] Started None | no_training_ma_003_yearly_low_mag_noise0_lt3 | run_0 | freq=52 | noise=1 | magnitude=50 | lead_time=3 | PID 1141954 | GPU None
[2026-07-15T18:19:21] Started None | no_training_ma_003_yearly_low_mag_noise0_lt3 | run_1 | freq=52 | noise=1 | magnitude=50 | lead_time=3 | PID 1142062 | GPU None
[2026-07-15T18:19:24] Started None | no_training_ma_003_yearly_low_mag_noise0_lt3 | run_2 | freq=52 | noise=1 | magnitude=50 | lead_time=3 | PID 1142136 | GPU None
[2026-07-15T18:19:27] Started None | no_training_ma_003_yearly_low_mag_noise0_lt3 | run_3 | freq=52 | noise=1 | magnitude=50 | lead_time=3 | PID 1142386 | GPU None
[2026-07-15T18:19:31] Started None | no_training_ma_003_yearly_low_mag_noise0_lt3 | run_4 | freq=52 | noise=1 | magnitude=50 | lead_time=3 | PID 1142443 | GPU None
[2026-07-15T18:19:34] Started None | no_training_ma_003_yearly_low_mag_noise0_lt3 | run_5 | freq=52 | noise=1 | magnitude=50 | lead_time=3 | PID 1142473 | GPU None
[2026-07-15T18:19:37] Started None | no_training_ma_003_yearly_low_mag_noise0_lt3 | run_6 | freq=52 | noise=1 | magnitude=50 | lead_time=3 | PID 1142522 | GPU None
[2026-07-15T18:19:40] Started None | no_training_ma_003_yearly_low_mag_noise0_lt3 | run_7 | freq=52 | noise=1 | magnitude=50 | lead_time=3 | PID 1142531 | GPU None
[2026-07-15T18:19:44] Started None | no_training_ma_003_yearly_low_mag_noise0_lt3 | run_8 | freq=52 | noise=1 | magnitude=50 | lead_time=3 | PID 1142557 | GPU None
[2026-07-15T18:19:47] Started None | no_training_ma_003_yearly_low_mag_noise0_lt3 | run_9 | freq=52 | noise=1 | magnitude=50 | lead_time=3 | PID 1142571 | GPU None
[2026-07-15T18:19:50] Started None | no_training_ma_004_yearly_low_mag_noise10_lt1 | run_0 | freq=52 | noise=1 | magnitude=50 | lead_time=1 | PID 1142580 | GPU None
[2026-07-15T18:19:53] Started None | no_training_ma_004_yearly_low_mag_noise10_lt1 | run_1 | freq=52 | noise=1 | magnitude=50 | lead_time=1 | PID 1142599 | GPU None
[2026-07-15T18:19:56] Started None | no_training_ma_004_yearly_low_mag_noise10_lt1 | run_2 | freq=52 | noise=1 | magnitude=50 | lead_time=1 | PID 1142616 | GPU None
[2026-07-15T18:20:00] Started None | no_training_ma_004_yearly_low_mag_noise10_lt1 | run_3 | freq=52 | noise=1 | magnitude=50 | lead_time=1 | PID 1142625 | GPU None
[2026-07-15T18:20:03] Started None | no_training_ma_004_yearly_low_mag_noise10_lt1 | run_4 | freq=52 | noise=1 | magnitude=50 | lead_time=1 | PID 1142668 | GPU None
[2026-07-15T18:20:06] Started None | no_training_ma_004_yearly_low_mag_noise10_lt1 | run_5 | freq=52 | noise=1 | magnitude=50 | lead_time=1 | PID 1142672 | GPU None
[2026-07-15T18:20:09] Started None | no_training_ma_004_yearly_low_mag_noise10_lt1 | run_6 | freq=52 | noise=1 | magnitude=50 | lead_time=1 | PID 1142691 | GPU None
[2026-07-15T18:20:13] Started None | no_training_ma_004_yearly_low_mag_noise10_lt1 | run_7 | freq=52 | noise=1 | magnitude=50 | lead_time=1 | PID 1142722 | GPU None
[2026-07-15T18:20:16] Started None | no_training_ma_004_yearly_low_mag_noise10_lt1 | run_8 | freq=52 | noise=1 | magnitude=50 | lead_time=1 | PID 1142743 | GPU None
[2026-07-15T18:20:19] Started None | no_training_ma_004_yearly_low_mag_noise10_lt1 | run_9 | freq=52 | noise=1 | magnitude=50 | lead_time=1 | PID 1142762 | GPU None
[2026-07-15T18:20:22] Started None | no_training_ma_005_yearly_low_mag_noise10_lt2 | run_0 | freq=52 | noise=1 | magnitude=50 | lead_time=2 | PID 1142885 | GPU None
[2026-07-15T18:20:26] Started None | no_training_ma_005_yearly_low_mag_noise10_lt2 | run_1 | freq=52 | noise=1 | magnitude=50 | lead_time=2 | PID 1142894 | GPU None
[2026-07-15T18:20:29] Started None | no_training_ma_005_yearly_low_mag_noise10_lt2 | run_2 | freq=52 | noise=1 | magnitude=50 | lead_time=2 | PID 1143091 | GPU None
[2026-07-15T18:20:32] Started None | no_training_ma_005_yearly_low_mag_noise10_lt2 | run_3 | freq=52 | noise=1 | magnitude=50 | lead_time=2 | PID 1143164 | GPU None
[2026-07-15T18:20:35] Started None | no_training_ma_005_yearly_low_mag_noise10_lt2 | run_4 | freq=52 | noise=1 | magnitude=50 | lead_time=2 | PID 1143252 | GPU None
[2026-07-15T18:20:39] Started None | no_training_ma_005_yearly_low_mag_noise10_lt2 | run_5 | freq=52 | noise=1 | magnitude=50 | lead_time=2 | PID 1143325 | GPU None
[2026-07-15T18:20:42] Started None | no_training_ma_005_yearly_low_mag_noise10_lt2 | run_6 | freq=52 | noise=1 | magnitude=50 | lead_time=2 | PID 1143415 | GPU None
[2026-07-15T18:20:45] Started None | no_training_ma_005_yearly_low_mag_noise10_lt2 | run_7 | freq=52 | noise=1 | magnitude=50 | lead_time=2 | PID 1143510 | GPU None
[2026-07-15T18:20:48] Started None | no_training_ma_005_yearly_low_mag_noise10_lt2 | run_8 | freq=52 | noise=1 | magnitude=50 | lead_time=2 | PID 1143563 | GPU None
[2026-07-15T18:20:52] Started None | no_training_ma_005_yearly_low_mag_noise10_lt2 | run_9 | freq=52 | noise=1 | magnitude=50 | lead_time=2 | PID 1143572 | GPU None
[2026-07-15T18:20:55] Started None | no_training_ma_006_yearly_low_mag_noise10_lt3 | run_0 | freq=52 | noise=1 | magnitude=50 | lead_time=3 | PID 1143595 | GPU None
[2026-07-15T18:20:58] Started None | no_training_ma_006_yearly_low_mag_noise10_lt3 | run_1 | freq=52 | noise=1 | magnitude=50 | lead_time=3 | PID 1143599 | GPU None
[2026-07-15T18:21:01] Started None | no_training_ma_006_yearly_low_mag_noise10_lt3 | run_2 | freq=52 | noise=1 | magnitude=50 | lead_time=3 | PID 1143618 | GPU None
[2026-07-15T18:21:05] Started None | no_training_ma_006_yearly_low_mag_noise10_lt3 | run_3 | freq=52 | noise=1 | magnitude=50 | lead_time=3 | PID 1143632 | GPU None
[2026-07-15T18:21:08] Started None | no_training_ma_006_yearly_low_mag_noise10_lt3 | run_4 | freq=52 | noise=1 | magnitude=50 | lead_time=3 | PID 1143641 | GPU None
[2026-07-15T18:21:11] Started None | no_training_ma_006_yearly_low_mag_noise10_lt3 | run_5 | freq=52 | noise=1 | magnitude=50 | lead_time=3 | PID 1143660 | GPU None
[2026-07-15T18:21:14] Started None | no_training_ma_006_yearly_low_mag_noise10_lt3 | run_6 | freq=52 | noise=1 | magnitude=50 | lead_time=3 | PID 1143674 | GPU None
[2026-07-15T18:21:18] Started None | no_training_ma_006_yearly_low_mag_noise10_lt3 | run_7 | freq=52 | noise=1 | magnitude=50 | lead_time=3 | PID 1143695 | GPU None
[2026-07-15T18:21:21] Started None | no_training_ma_006_yearly_low_mag_noise10_lt3 | run_8 | freq=52 | noise=1 | magnitude=50 | lead_time=3 | PID 1143714 | GPU None
[2026-07-15T18:21:24] Started None | no_training_ma_006_yearly_low_mag_noise10_lt3 | run_9 | freq=52 | noise=1 | magnitude=50 | lead_time=3 | PID 1143827 | GPU None
[2026-07-15T18:21:27] Started None | no_training_ma_007_yearly_low_mag_noise100_lt1 | run_0 | freq=52 | noise=1 | magnitude=50 | lead_time=1 | PID 1143846 | GPU None
[2026-07-15T18:21:31] Started None | no_training_ma_007_yearly_low_mag_noise100_lt1 | run_1 | freq=52 | noise=1 | magnitude=50 | lead_time=1 | PID 1144043 | GPU None
[2026-07-15T18:21:34] Started None | no_training_ma_007_yearly_low_mag_noise100_lt1 | run_2 | freq=52 | noise=1 | magnitude=50 | lead_time=1 | PID 1144047 | GPU None
[2026-07-15T18:21:37] Started None | no_training_ma_007_yearly_low_mag_noise100_lt1 | run_3 | freq=52 | noise=1 | magnitude=50 | lead_time=1 | PID 1144067 | GPU None
[2026-07-15T18:21:40] Started None | no_training_ma_007_yearly_low_mag_noise100_lt1 | run_4 | freq=52 | noise=1 | magnitude=50 | lead_time=1 | PID 1144081 | GPU None
[2026-07-15T18:21:43] Started None | no_training_ma_007_yearly_low_mag_noise100_lt1 | run_5 | freq=52 | noise=1 | magnitude=50 | lead_time=1 | PID 1144116 | GPU None
[2026-07-15T18:21:47] Finished None | no_training_ma_007_yearly_low_mag_noise100_lt1 | run_3 | freq=52 | noise=1 | magnitude=50 | lead_time=1
[2026-07-15T18:21:47] Started None | no_training_ma_007_yearly_low_mag_noise100_lt1 | run_6 | freq=52 | noise=1 | magnitude=50 | lead_time=1 | PID 1144184 | GPU None
[2026-07-15T18:21:51] Started None | no_training_ma_007_yearly_low_mag_noise100_lt1 | run_7 | freq=52 | noise=1 | magnitude=50 | lead_time=1 | PID 1144274 | GPU None
[2026-07-15T18:21:54] Started None | no_training_ma_007_yearly_low_mag_noise100_lt1 | run_8 | freq=52 | noise=1 | magnitude=50 | lead_time=1 | PID 1144359 | GPU None
[2026-07-15T18:21:57] Started None | no_training_ma_007_yearly_low_mag_noise100_lt1 | run_9 | freq=52 | noise=1 | magnitude=50 | lead_time=1 | PID 1144455 | GPU None
[2026-07-15T18:22:00] Started None | no_training_ma_008_yearly_low_mag_noise100_lt2 | run_0 | freq=52 | noise=1 | magnitude=50 | lead_time=2 | PID 1144540 | GPU None
[2026-07-15T18:22:03] Started None | no_training_ma_008_yearly_low_mag_noise100_lt2 | run_1 | freq=52 | noise=1 | magnitude=50 | lead_time=2 | PID 1144571 | GPU None
[2026-07-15T18:22:07] Started None | no_training_ma_008_yearly_low_mag_noise100_lt2 | run_2 | freq=52 | noise=1 | magnitude=50 | lead_time=2 | PID 1144590 | GPU None
[2026-07-15T18:22:10] Started None | no_training_ma_008_yearly_low_mag_noise100_lt2 | run_3 | freq=52 | noise=1 | magnitude=50 | lead_time=2 | PID 1144609 | GPU None
[2026-07-15T18:22:13] Started None | no_training_ma_008_yearly_low_mag_noise100_lt2 | run_4 | freq=52 | noise=1 | magnitude=50 | lead_time=2 | PID 1144628 | GPU None
[2026-07-15T18:22:16] Started None | no_training_ma_008_yearly_low_mag_noise100_lt2 | run_5 | freq=52 | noise=1 | magnitude=50 | lead_time=2 | PID 1144654 | GPU None
[2026-07-15T18:22:20] Started None | no_training_ma_008_yearly_low_mag_noise100_lt2 | run_6 | freq=52 | noise=1 | magnitude=50 | lead_time=2 | PID 1144663 | GPU None
[2026-07-15T18:22:23] Started None | no_training_ma_008_yearly_low_mag_noise100_lt2 | run_7 | freq=52 | noise=1 | magnitude=50 | lead_time=2 | PID 1144682 | GPU None
[2026-07-15T18:22:26] Started None | no_training_ma_008_yearly_low_mag_noise100_lt2 | run_8 | freq=52 | noise=1 | magnitude=50 | lead_time=2 | PID 1144795 | GPU None
[2026-07-15T18:22:29] Started None | no_training_ma_008_yearly_low_mag_noise100_lt2 | run_9 | freq=52 | noise=1 | magnitude=50 | lead_time=2 | PID 1144992 | GPU None
[2026-07-15T18:22:33] Started None | no_training_ma_009_yearly_low_mag_noise100_lt3 | run_0 | freq=52 | noise=1 | magnitude=50 | lead_time=3 | PID 1145011 | GPU None
[2026-07-15T18:22:36] Started None | no_training_ma_009_yearly_low_mag_noise100_lt3 | run_1 | freq=52 | noise=1 | magnitude=50 | lead_time=3 | PID 1145016 | GPU None
[2026-07-15T18:22:39] Started None | no_training_ma_009_yearly_low_mag_noise100_lt3 | run_2 | freq=52 | noise=1 | magnitude=50 | lead_time=3 | PID 1145035 | GPU None
[2026-07-15T18:22:42] Started None | no_training_ma_009_yearly_low_mag_noise100_lt3 | run_3 | freq=52 | noise=1 | magnitude=50 | lead_time=3 | PID 1145052 | GPU None
[2026-07-15T18:22:46] Started None | no_training_ma_009_yearly_low_mag_noise100_lt3 | run_4 | freq=52 | noise=1 | magnitude=50 | lead_time=3 | PID 1145067 | GPU None
[2026-07-15T18:22:49] Started None | no_training_ma_009_yearly_low_mag_noise100_lt3 | run_5 | freq=52 | noise=1 | magnitude=50 | lead_time=3 | PID 1145108 | GPU None
[2026-07-15T18:22:52] Started None | no_training_ma_009_yearly_low_mag_noise100_lt3 | run_6 | freq=52 | noise=1 | magnitude=50 | lead_time=3 | PID 1145143 | GPU None
[2026-07-15T18:22:55] Started None | no_training_ma_009_yearly_low_mag_noise100_lt3 | run_7 | freq=52 | noise=1 | magnitude=50 | lead_time=3 | PID 1145166 | GPU None
[2026-07-15T18:22:59] Started None | no_training_ma_009_yearly_low_mag_noise100_lt3 | run_8 | freq=52 | noise=1 | magnitude=50 | lead_time=3 | PID 1145185 | GPU None
[2026-07-15T18:23:02] Started None | no_training_ma_009_yearly_low_mag_noise100_lt3 | run_9 | freq=52 | noise=1 | magnitude=50 | lead_time=3 | PID 1145204 | GPU None
[2026-07-15T18:23:05] Started None | no_training_ma_010_yearly_medium_mag_noise0_lt1 | run_0 | freq=52 | noise=1 | magnitude=100 | lead_time=1 | PID 1145293 | GPU None
[2026-07-15T18:23:08] Started None | no_training_ma_010_yearly_medium_mag_noise0_lt1 | run_1 | freq=52 | noise=1 | magnitude=100 | lead_time=1 | PID 1145377 | GPU None
[2026-07-15T18:23:12] Started None | no_training_ma_010_yearly_medium_mag_noise0_lt1 | run_2 | freq=52 | noise=1 | magnitude=100 | lead_time=1 | PID 1145456 | GPU None
[2026-07-15T18:23:15] Started None | no_training_ma_010_yearly_medium_mag_noise0_lt1 | run_3 | freq=52 | noise=1 | magnitude=100 | lead_time=1 | PID 1145571 | GPU None
[2026-07-15T18:23:18] Started None | no_training_ma_010_yearly_medium_mag_noise0_lt1 | run_4 | freq=52 | noise=1 | magnitude=100 | lead_time=1 | PID 1145623 | GPU None
[2026-07-15T18:23:21] Started None | no_training_ma_010_yearly_medium_mag_noise0_lt1 | run_5 | freq=52 | noise=1 | magnitude=100 | lead_time=1 | PID 1145632 | GPU None
[2026-07-15T18:23:25] Started None | no_training_ma_010_yearly_medium_mag_noise0_lt1 | run_6 | freq=52 | noise=1 | magnitude=100 | lead_time=1 | PID 1145659 | GPU None
[2026-07-15T18:23:28] Started None | no_training_ma_010_yearly_medium_mag_noise0_lt1 | run_7 | freq=52 | noise=1 | magnitude=100 | lead_time=1 | PID 1145771 | GPU None
[2026-07-15T18:23:31] Started None | no_training_ma_010_yearly_medium_mag_noise0_lt1 | run_8 | freq=52 | noise=1 | magnitude=100 | lead_time=1 | PID 1145972 | GPU None
[2026-07-15T18:23:34] Started None | no_training_ma_010_yearly_medium_mag_noise0_lt1 | run_9 | freq=52 | noise=1 | magnitude=100 | lead_time=1 | PID 1145987 | GPU None
[2026-07-15T18:23:38] Started None | no_training_ma_011_yearly_medium_mag_noise0_lt2 | run_0 | freq=52 | noise=1 | magnitude=100 | lead_time=2 | PID 1145996 | GPU None
[2026-07-15T18:23:41] Started None | no_training_ma_011_yearly_medium_mag_noise0_lt2 | run_1 | freq=52 | noise=1 | magnitude=100 | lead_time=2 | PID 1146017 | GPU None
[2026-07-15T18:23:44] Started None | no_training_ma_011_yearly_medium_mag_noise0_lt2 | run_2 | freq=52 | noise=1 | magnitude=100 | lead_time=2 | PID 1146035 | GPU None
[2026-07-15T18:23:47] Started None | no_training_ma_011_yearly_medium_mag_noise0_lt2 | run_3 | freq=52 | noise=1 | magnitude=100 | lead_time=2 | PID 1146045 | GPU None
[2026-07-15T18:23:51] Started None | no_training_ma_011_yearly_medium_mag_noise0_lt2 | run_4 | freq=52 | noise=1 | magnitude=100 | lead_time=2 | PID 1146071 | GPU None
[2026-07-15T18:23:54] Started None | no_training_ma_011_yearly_medium_mag_noise0_lt2 | run_5 | freq=52 | noise=1 | magnitude=100 | lead_time=2 | PID 1146122 | GPU None
[2026-07-15T18:23:57] Started None | no_training_ma_011_yearly_medium_mag_noise0_lt2 | run_6 | freq=52 | noise=1 | magnitude=100 | lead_time=2 | PID 1146145 | GPU None
[2026-07-15T18:24:00] Started None | no_training_ma_011_yearly_medium_mag_noise0_lt2 | run_7 | freq=52 | noise=1 | magnitude=100 | lead_time=2 | PID 1146176 | GPU None
[2026-07-15T18:24:04] Started None | no_training_ma_011_yearly_medium_mag_noise0_lt2 | run_8 | freq=52 | noise=1 | magnitude=100 | lead_time=2 | PID 1146185 | GPU None
[2026-07-15T18:24:07] Started None | no_training_ma_011_yearly_medium_mag_noise0_lt2 | run_9 | freq=52 | noise=1 | magnitude=100 | lead_time=2 | PID 1146204 | GPU None
[2026-07-15T18:24:10] Started None | no_training_ma_012_yearly_medium_mag_noise0_lt3 | run_0 | freq=52 | noise=1 | magnitude=100 | lead_time=3 | PID 1146218 | GPU None
[2026-07-15T18:24:13] Started None | no_training_ma_012_yearly_medium_mag_noise0_lt3 | run_1 | freq=52 | noise=1 | magnitude=100 | lead_time=3 | PID 1146227 | GPU None
[2026-07-15T18:24:17] Started None | no_training_ma_012_yearly_medium_mag_noise0_lt3 | run_2 | freq=52 | noise=1 | magnitude=100 | lead_time=3 | PID 1146261 | GPU None
[2026-07-15T18:24:20] Started None | no_training_ma_012_yearly_medium_mag_noise0_lt3 | run_3 | freq=52 | noise=1 | magnitude=100 | lead_time=3 | PID 1146339 | GPU None
[2026-07-15T18:24:23] Finished None | no_training_ma_012_yearly_medium_mag_noise0_lt3 | run_1 | freq=52 | noise=1 | magnitude=100 | lead_time=3
[2026-07-15T18:24:24] Started None | no_training_ma_012_yearly_medium_mag_noise0_lt3 | run_4 | freq=52 | noise=1 | magnitude=100 | lead_time=3 | PID 1146444 | GPU None
[2026-07-15T18:24:27] Started None | no_training_ma_012_yearly_medium_mag_noise0_lt3 | run_5 | freq=52 | noise=1 | magnitude=100 | lead_time=3 | PID 1146534 | GPU None
[2026-07-15T18:24:30] Started None | no_training_ma_012_yearly_medium_mag_noise0_lt3 | run_6 | freq=52 | noise=1 | magnitude=100 | lead_time=3 | PID 1146754 | GPU None
[2026-07-15T18:24:33] Started None | no_training_ma_012_yearly_medium_mag_noise0_lt3 | run_7 | freq=52 | noise=1 | magnitude=100 | lead_time=3 | PID 1146943 | GPU None
[2026-07-15T18:24:37] Started None | no_training_ma_012_yearly_medium_mag_noise0_lt3 | run_8 | freq=52 | noise=1 | magnitude=100 | lead_time=3 | PID 1146963 | GPU None
[2026-07-15T18:24:40] Started None | no_training_ma_012_yearly_medium_mag_noise0_lt3 | run_9 | freq=52 | noise=1 | magnitude=100 | lead_time=3 | PID 1146967 | GPU None
[2026-07-15T18:24:43] Started None | no_training_ma_013_yearly_medium_mag_noise10_lt1 | run_0 | freq=52 | noise=1 | magnitude=100 | lead_time=1 | PID 1146988 | GPU None
[2026-07-15T18:24:46] Started None | no_training_ma_013_yearly_medium_mag_noise10_lt1 | run_1 | freq=52 | noise=1 | magnitude=100 | lead_time=1 | PID 1147006 | GPU None
[2026-07-15T18:24:50] Started None | no_training_ma_013_yearly_medium_mag_noise10_lt1 | run_2 | freq=52 | noise=1 | magnitude=100 | lead_time=1 | PID 1147015 | GPU None
[2026-07-15T18:24:53] Started None | no_training_ma_013_yearly_medium_mag_noise10_lt1 | run_3 | freq=52 | noise=1 | magnitude=100 | lead_time=1 | PID 1147035 | GPU None
[2026-07-15T18:24:56] Started None | no_training_ma_013_yearly_medium_mag_noise10_lt1 | run_4 | freq=52 | noise=1 | magnitude=100 | lead_time=1 | PID 1147073 | GPU None
[2026-07-15T18:24:59] Started None | no_training_ma_013_yearly_medium_mag_noise10_lt1 | run_5 | freq=52 | noise=1 | magnitude=100 | lead_time=1 | PID 1147116 | GPU None
[2026-07-15T18:25:03] Started None | no_training_ma_013_yearly_medium_mag_noise10_lt1 | run_6 | freq=52 | noise=1 | magnitude=100 | lead_time=1 | PID 1147138 | GPU None
[2026-07-15T18:25:06] Started None | no_training_ma_013_yearly_medium_mag_noise10_lt1 | run_7 | freq=52 | noise=1 | magnitude=100 | lead_time=1 | PID 1147142 | GPU None
[2026-07-15T18:25:09] Started None | no_training_ma_013_yearly_medium_mag_noise10_lt1 | run_8 | freq=52 | noise=1 | magnitude=100 | lead_time=1 | PID 1147161 | GPU None
[2026-07-15T18:25:12] Started None | no_training_ma_013_yearly_medium_mag_noise10_lt1 | run_9 | freq=52 | noise=1 | magnitude=100 | lead_time=1 | PID 1147175 | GPU None
[2026-07-15T18:25:16] Started None | no_training_ma_014_yearly_medium_mag_noise10_lt2 | run_0 | freq=52 | noise=1 | magnitude=100 | lead_time=2 | PID 1147188 | GPU None
[2026-07-15T18:25:19] Started None | no_training_ma_014_yearly_medium_mag_noise10_lt2 | run_1 | freq=52 | noise=1 | magnitude=100 | lead_time=2 | PID 1147215 | GPU None
[2026-07-15T18:25:22] Started None | no_training_ma_014_yearly_medium_mag_noise10_lt2 | run_2 | freq=52 | noise=1 | magnitude=100 | lead_time=2 | PID 1147229 | GPU None
[2026-07-15T18:25:25] Started None | no_training_ma_014_yearly_medium_mag_noise10_lt2 | run_3 | freq=52 | noise=1 | magnitude=100 | lead_time=2 | PID 1147238 | GPU None
[2026-07-15T18:25:29] Started None | no_training_ma_014_yearly_medium_mag_noise10_lt2 | run_4 | freq=52 | noise=1 | magnitude=100 | lead_time=2 | PID 1147257 | GPU None
[2026-07-15T18:25:32] Started None | no_training_ma_014_yearly_medium_mag_noise10_lt2 | run_5 | freq=52 | noise=1 | magnitude=100 | lead_time=2 | PID 1147532 | GPU None
[2026-07-15T18:25:35] Started None | no_training_ma_014_yearly_medium_mag_noise10_lt2 | run_6 | freq=52 | noise=1 | magnitude=100 | lead_time=2 | PID 1147638 | GPU None
[2026-07-15T18:25:38] Started None | no_training_ma_014_yearly_medium_mag_noise10_lt2 | run_7 | freq=52 | noise=1 | magnitude=100 | lead_time=2 | PID 1147721 | GPU None
[2026-07-15T18:25:42] Started None | no_training_ma_014_yearly_medium_mag_noise10_lt2 | run_8 | freq=52 | noise=1 | magnitude=100 | lead_time=2 | PID 1147801 | GPU None
[2026-07-15T18:25:45] Started None | no_training_ma_014_yearly_medium_mag_noise10_lt2 | run_9 | freq=52 | noise=1 | magnitude=100 | lead_time=2 | PID 1147895 | GPU None
[2026-07-15T18:25:48] Started None | no_training_ma_015_yearly_medium_mag_noise10_lt3 | run_0 | freq=52 | noise=1 | magnitude=100 | lead_time=3 | PID 1147962 | GPU None
[2026-07-15T18:25:51] Started None | no_training_ma_015_yearly_medium_mag_noise10_lt3 | run_1 | freq=52 | noise=1 | magnitude=100 | lead_time=3 | PID 1147971 | GPU None
[2026-07-15T18:25:55] Started None | no_training_ma_015_yearly_medium_mag_noise10_lt3 | run_2 | freq=52 | noise=1 | magnitude=100 | lead_time=3 | PID 1147990 | GPU None
[2026-07-15T18:25:58] Started None | no_training_ma_015_yearly_medium_mag_noise10_lt3 | run_3 | freq=52 | noise=1 | magnitude=100 | lead_time=3 | PID 1147999 | GPU None
[2026-07-15T18:26:01] Started None | no_training_ma_015_yearly_medium_mag_noise10_lt3 | run_4 | freq=52 | noise=1 | magnitude=100 | lead_time=3 | PID 1148053 | GPU None
[2026-07-15T18:26:04] Started None | no_training_ma_015_yearly_medium_mag_noise10_lt3 | run_5 | freq=52 | noise=1 | magnitude=100 | lead_time=3 | PID 1148085 | GPU None
[2026-07-15T18:26:08] Started None | no_training_ma_015_yearly_medium_mag_noise10_lt3 | run_6 | freq=52 | noise=1 | magnitude=100 | lead_time=3 | PID 1148094 | GPU None
[2026-07-15T18:26:11] Started None | no_training_ma_015_yearly_medium_mag_noise10_lt3 | run_7 | freq=52 | noise=1 | magnitude=100 | lead_time=3 | PID 1148113 | GPU None
[2026-07-15T18:26:14] Started None | no_training_ma_015_yearly_medium_mag_noise10_lt3 | run_8 | freq=52 | noise=1 | magnitude=100 | lead_time=3 | PID 1148144 | GPU None
[2026-07-15T18:26:17] Started None | no_training_ma_015_yearly_medium_mag_noise10_lt3 | run_9 | freq=52 | noise=1 | magnitude=100 | lead_time=3 | PID 1148165 | GPU None
[2026-07-15T18:26:20] Started None | no_training_ma_016_yearly_medium_mag_noise100_lt1 | run_0 | freq=52 | noise=1 | magnitude=100 | lead_time=1 | PID 1148184 | GPU None
[2026-07-15T18:26:24] Started None | no_training_ma_016_yearly_medium_mag_noise100_lt1 | run_1 | freq=52 | noise=1 | magnitude=100 | lead_time=1 | PID 1148198 | GPU None
[2026-07-15T18:26:27] Started None | no_training_ma_016_yearly_medium_mag_noise100_lt1 | run_2 | freq=52 | noise=1 | magnitude=100 | lead_time=1 | PID 1148207 | GPU None
[2026-07-15T18:26:30] Started None | no_training_ma_016_yearly_medium_mag_noise100_lt1 | run_3 | freq=52 | noise=1 | magnitude=100 | lead_time=1 | PID 1148221 | GPU None
[2026-07-15T18:26:33] Started None | no_training_ma_016_yearly_medium_mag_noise100_lt1 | run_4 | freq=52 | noise=1 | magnitude=100 | lead_time=1 | PID 1148413 | GPU None
[2026-07-15T18:26:37] Started None | no_training_ma_016_yearly_medium_mag_noise100_lt1 | run_5 | freq=52 | noise=1 | magnitude=100 | lead_time=1 | PID 1148537 | GPU None
[2026-07-15T18:26:40] Started None | no_training_ma_016_yearly_medium_mag_noise100_lt1 | run_6 | freq=52 | noise=1 | magnitude=100 | lead_time=1 | PID 1148551 | GPU None
[2026-07-15T18:26:43] Started None | no_training_ma_016_yearly_medium_mag_noise100_lt1 | run_7 | freq=52 | noise=1 | magnitude=100 | lead_time=1 | PID 1148563 | GPU None
[2026-07-15T18:26:46] Started None | no_training_ma_016_yearly_medium_mag_noise100_lt1 | run_8 | freq=52 | noise=1 | magnitude=100 | lead_time=1 | PID 1148587 | GPU None
[2026-07-15T18:26:50] Started None | no_training_ma_016_yearly_medium_mag_noise100_lt1 | run_9 | freq=52 | noise=1 | magnitude=100 | lead_time=1 | PID 1148645 | GPU None
[2026-07-15T18:26:53] Started None | no_training_ma_017_yearly_medium_mag_noise100_lt2 | run_0 | freq=52 | noise=1 | magnitude=100 | lead_time=2 | PID 1148724 | GPU None
[2026-07-15T18:26:56] Started None | no_training_ma_017_yearly_medium_mag_noise100_lt2 | run_1 | freq=52 | noise=1 | magnitude=100 | lead_time=2 | PID 1148811 | GPU None
[2026-07-15T18:26:59] Finished None | no_training_ma_016_yearly_medium_mag_noise100_lt1 | run_9 | freq=52 | noise=1 | magnitude=100 | lead_time=1
[2026-07-15T18:27:00] Started None | no_training_ma_017_yearly_medium_mag_noise100_lt2 | run_2 | freq=52 | noise=1 | magnitude=100 | lead_time=2 | PID 1148911 | GPU None
[2026-07-15T18:27:03] Started None | no_training_ma_017_yearly_medium_mag_noise100_lt2 | run_3 | freq=52 | noise=1 | magnitude=100 | lead_time=2 | PID 1148988 | GPU None
[2026-07-15T18:27:06] Started None | no_training_ma_017_yearly_medium_mag_noise100_lt2 | run_4 | freq=52 | noise=1 | magnitude=100 | lead_time=2 | PID 1149053 | GPU None
[2026-07-15T18:27:10] Started None | no_training_ma_017_yearly_medium_mag_noise100_lt2 | run_5 | freq=52 | noise=1 | magnitude=100 | lead_time=2 | PID 1149081 | GPU None
[2026-07-15T18:27:13] Started None | no_training_ma_017_yearly_medium_mag_noise100_lt2 | run_6 | freq=52 | noise=1 | magnitude=100 | lead_time=2 | PID 1149100 | GPU None
[2026-07-15T18:27:16] Started None | no_training_ma_017_yearly_medium_mag_noise100_lt2 | run_7 | freq=52 | noise=1 | magnitude=100 | lead_time=2 | PID 1149131 | GPU None
[2026-07-15T18:27:19] Started None | no_training_ma_017_yearly_medium_mag_noise100_lt2 | run_8 | freq=52 | noise=1 | magnitude=100 | lead_time=2 | PID 1149135 | GPU None
[2026-07-15T18:27:23] Started None | no_training_ma_017_yearly_medium_mag_noise100_lt2 | run_9 | freq=52 | noise=1 | magnitude=100 | lead_time=2 | PID 1149154 | GPU None
[2026-07-15T18:27:26] Started None | no_training_ma_018_yearly_medium_mag_noise100_lt3 | run_0 | freq=52 | noise=1 | magnitude=100 | lead_time=3 | PID 1149158 | GPU None
[2026-07-15T18:27:29] Started None | no_training_ma_018_yearly_medium_mag_noise100_lt3 | run_1 | freq=52 | noise=1 | magnitude=100 | lead_time=3 | PID 1149178 | GPU None
[2026-07-15T18:27:32] Started None | no_training_ma_018_yearly_medium_mag_noise100_lt3 | run_2 | freq=52 | noise=1 | magnitude=100 | lead_time=3 | PID 1149292 | GPU None
[2026-07-15T18:27:36] Started None | no_training_ma_018_yearly_medium_mag_noise100_lt3 | run_3 | freq=52 | noise=1 | magnitude=100 | lead_time=3 | PID 1149384 | GPU None
[2026-07-15T18:27:39] Started None | no_training_ma_018_yearly_medium_mag_noise100_lt3 | run_4 | freq=52 | noise=1 | magnitude=100 | lead_time=3 | PID 1149508 | GPU None
[2026-07-15T18:27:42] Started None | no_training_ma_018_yearly_medium_mag_noise100_lt3 | run_5 | freq=52 | noise=1 | magnitude=100 | lead_time=3 | PID 1149524 | GPU None
[2026-07-15T18:27:45] Started None | no_training_ma_018_yearly_medium_mag_noise100_lt3 | run_6 | freq=52 | noise=1 | magnitude=100 | lead_time=3 | PID 1149537 | GPU None
[2026-07-15T18:27:48] Started None | no_training_ma_018_yearly_medium_mag_noise100_lt3 | run_7 | freq=52 | noise=1 | magnitude=100 | lead_time=3 | PID 1149556 | GPU None
[2026-07-15T18:27:52] Started None | no_training_ma_018_yearly_medium_mag_noise100_lt3 | run_8 | freq=52 | noise=1 | magnitude=100 | lead_time=3 | PID 1149560 | GPU None
[2026-07-15T18:27:55] Started None | no_training_ma_018_yearly_medium_mag_noise100_lt3 | run_9 | freq=52 | noise=1 | magnitude=100 | lead_time=3 | PID 1149579 | GPU None
[2026-07-15T18:27:58] Started None | no_training_ma_019_yearly_high_mag_noise0_lt1 | run_0 | freq=52 | noise=1 | magnitude=200 | lead_time=1 | PID 1149602 | GPU None
[2026-07-15T18:28:01] Started None | no_training_ma_019_yearly_high_mag_noise0_lt1 | run_1 | freq=52 | noise=1 | magnitude=200 | lead_time=1 | PID 1149606 | GPU None
[2026-07-15T18:28:05] Started None | no_training_ma_019_yearly_high_mag_noise0_lt1 | run_2 | freq=52 | noise=1 | magnitude=200 | lead_time=1 | PID 1149625 | GPU None
[2026-07-15T18:28:08] Started None | no_training_ma_019_yearly_high_mag_noise0_lt1 | run_3 | freq=52 | noise=1 | magnitude=200 | lead_time=1 | PID 1149681 | GPU None
[2026-07-15T18:28:11] Started None | no_training_ma_019_yearly_high_mag_noise0_lt1 | run_4 | freq=52 | noise=1 | magnitude=200 | lead_time=1 | PID 1149744 | GPU None
[2026-07-15T18:28:14] Started None | no_training_ma_019_yearly_high_mag_noise0_lt1 | run_5 | freq=52 | noise=1 | magnitude=200 | lead_time=1 | PID 1149850 | GPU None
[2026-07-15T18:28:18] Started None | no_training_ma_019_yearly_high_mag_noise0_lt1 | run_6 | freq=52 | noise=1 | magnitude=200 | lead_time=1 | PID 1149937 | GPU None
[2026-07-15T18:28:21] Started None | no_training_ma_019_yearly_high_mag_noise0_lt1 | run_7 | freq=52 | noise=1 | magnitude=200 | lead_time=1 | PID 1150032 | GPU None
[2026-07-15T18:28:24] Started None | no_training_ma_019_yearly_high_mag_noise0_lt1 | run_8 | freq=52 | noise=1 | magnitude=200 | lead_time=1 | PID 1150106 | GPU None
[2026-07-15T18:28:28] Started None | no_training_ma_019_yearly_high_mag_noise0_lt1 | run_9 | freq=52 | noise=1 | magnitude=200 | lead_time=1 | PID 1150110 | GPU None
[2026-07-15T18:28:31] Started None | no_training_ma_020_yearly_high_mag_noise0_lt2 | run_0 | freq=52 | noise=1 | magnitude=200 | lead_time=2 | PID 1150129 | GPU None
[2026-07-15T18:28:34] Started None | no_training_ma_020_yearly_high_mag_noise0_lt2 | run_1 | freq=52 | noise=1 | magnitude=200 | lead_time=2 | PID 1150327 | GPU None
[2026-07-15T18:28:37] Started None | no_training_ma_020_yearly_high_mag_noise0_lt2 | run_2 | freq=52 | noise=1 | magnitude=200 | lead_time=2 | PID 1150331 | GPU None
[2026-07-15T18:28:41] Started None | no_training_ma_020_yearly_high_mag_noise0_lt2 | run_3 | freq=52 | noise=1 | magnitude=200 | lead_time=2 | PID 1150460 | GPU None
[2026-07-15T18:28:44] Started None | no_training_ma_020_yearly_high_mag_noise0_lt2 | run_4 | freq=52 | noise=1 | magnitude=200 | lead_time=2 | PID 1150466 | GPU None
[2026-07-15T18:28:47] Started None | no_training_ma_020_yearly_high_mag_noise0_lt2 | run_5 | freq=52 | noise=1 | magnitude=200 | lead_time=2 | PID 1150489 | GPU None
[2026-07-15T18:28:50] Started None | no_training_ma_020_yearly_high_mag_noise0_lt2 | run_6 | freq=52 | noise=1 | magnitude=200 | lead_time=2 | PID 1150508 | GPU None
[2026-07-15T18:28:53] Started None | no_training_ma_020_yearly_high_mag_noise0_lt2 | run_7 | freq=52 | noise=1 | magnitude=200 | lead_time=2 | PID 1150512 | GPU None
[2026-07-15T18:28:57] Started None | no_training_ma_020_yearly_high_mag_noise0_lt2 | run_8 | freq=52 | noise=1 | magnitude=200 | lead_time=2 | PID 1150535 | GPU None
[2026-07-15T18:29:00] Started None | no_training_ma_020_yearly_high_mag_noise0_lt2 | run_9 | freq=52 | noise=1 | magnitude=200 | lead_time=2 | PID 1150785 | GPU None
[2026-07-15T18:29:03] Started None | no_training_ma_021_yearly_high_mag_noise0_lt3 | run_0 | freq=52 | noise=1 | magnitude=200 | lead_time=3 | PID 1152388 | GPU None
[2026-07-15T18:29:06] Started None | no_training_ma_021_yearly_high_mag_noise0_lt3 | run_1 | freq=52 | noise=1 | magnitude=200 | lead_time=3 | PID 1152692 | GPU None
[2026-07-15T18:29:10] Started None | no_training_ma_021_yearly_high_mag_noise0_lt3 | run_2 | freq=52 | noise=1 | magnitude=200 | lead_time=3 | PID 1152696 | GPU None
[2026-07-15T18:29:13] Started None | no_training_ma_021_yearly_high_mag_noise0_lt3 | run_3 | freq=52 | noise=1 | magnitude=200 | lead_time=3 | PID 1152716 | GPU None
[2026-07-15T18:29:16] Started None | no_training_ma_021_yearly_high_mag_noise0_lt3 | run_4 | freq=52 | noise=1 | magnitude=200 | lead_time=3 | PID 1152800 | GPU None
[2026-07-15T18:29:19] Started None | no_training_ma_021_yearly_high_mag_noise0_lt3 | run_5 | freq=52 | noise=1 | magnitude=200 | lead_time=3 | PID 1152824 | GPU None
[2026-07-15T18:29:23] Started None | no_training_ma_021_yearly_high_mag_noise0_lt3 | run_6 | freq=52 | noise=1 | magnitude=200 | lead_time=3 | PID 1152843 | GPU None
[2026-07-15T18:29:26] Started None | no_training_ma_021_yearly_high_mag_noise0_lt3 | run_7 | freq=52 | noise=1 | magnitude=200 | lead_time=3 | PID 1152917 | GPU None
[2026-07-15T18:29:29] Started None | no_training_ma_021_yearly_high_mag_noise0_lt3 | run_8 | freq=52 | noise=1 | magnitude=200 | lead_time=3 | PID 1153005 | GPU None
[2026-07-15T18:29:32] Started None | no_training_ma_021_yearly_high_mag_noise0_lt3 | run_9 | freq=52 | noise=1 | magnitude=200 | lead_time=3 | PID 1153100 | GPU None
[2026-07-15T18:29:36] Finished None | no_training_ma_021_yearly_high_mag_noise0_lt3 | run_8 | freq=52 | noise=1 | magnitude=200 | lead_time=3
[2026-07-15T18:29:36] Started None | no_training_ma_022_yearly_high_mag_noise10_lt1 | run_0 | freq=52 | noise=1 | magnitude=200 | lead_time=1 | PID 1153382 | GPU None
[2026-07-15T18:29:40] Started None | no_training_ma_022_yearly_high_mag_noise10_lt1 | run_1 | freq=52 | noise=1 | magnitude=200 | lead_time=1 | PID 1153419 | GPU None
[2026-07-15T18:29:43] Started None | no_training_ma_022_yearly_high_mag_noise10_lt1 | run_2 | freq=52 | noise=1 | magnitude=200 | lead_time=1 | PID 1153549 | GPU None
[2026-07-15T18:29:46] Started None | no_training_ma_022_yearly_high_mag_noise10_lt1 | run_3 | freq=52 | noise=1 | magnitude=200 | lead_time=1 | PID 1153568 | GPU None
[2026-07-15T18:29:49] Started None | no_training_ma_022_yearly_high_mag_noise10_lt1 | run_4 | freq=52 | noise=1 | magnitude=200 | lead_time=1 | PID 1153577 | GPU None
[2026-07-15T18:29:53] Started None | no_training_ma_022_yearly_high_mag_noise10_lt1 | run_5 | freq=52 | noise=1 | magnitude=200 | lead_time=1 | PID 1153596 | GPU None
[2026-07-15T18:29:56] Started None | no_training_ma_022_yearly_high_mag_noise10_lt1 | run_6 | freq=52 | noise=1 | magnitude=200 | lead_time=1 | PID 1153601 | GPU None
[2026-07-15T18:29:59] Started None | no_training_ma_022_yearly_high_mag_noise10_lt1 | run_7 | freq=52 | noise=1 | magnitude=200 | lead_time=1 | PID 1153623 | GPU None
[2026-07-15T18:30:02] Started None | no_training_ma_022_yearly_high_mag_noise10_lt1 | run_8 | freq=52 | noise=1 | magnitude=200 | lead_time=1 | PID 1153637 | GPU None
[2026-07-15T18:30:05] Started None | no_training_ma_022_yearly_high_mag_noise10_lt1 | run_9 | freq=52 | noise=1 | magnitude=200 | lead_time=1 | PID 1153646 | GPU None
[2026-07-15T18:30:09] Started None | no_training_ma_023_yearly_high_mag_noise10_lt2 | run_0 | freq=52 | noise=1 | magnitude=200 | lead_time=2 | PID 1153665 | GPU None
[2026-07-15T18:30:12] Started None | no_training_ma_023_yearly_high_mag_noise10_lt2 | run_1 | freq=52 | noise=1 | magnitude=200 | lead_time=2 | PID 1153673 | GPU None
[2026-07-15T18:30:15] Started None | no_training_ma_023_yearly_high_mag_noise10_lt2 | run_2 | freq=52 | noise=1 | magnitude=200 | lead_time=2 | PID 1153696 | GPU None
[2026-07-15T18:30:19] Started None | no_training_ma_023_yearly_high_mag_noise10_lt2 | run_3 | freq=52 | noise=1 | magnitude=200 | lead_time=2 | PID 1153740 | GPU None
[2026-07-15T18:30:22] Started None | no_training_ma_023_yearly_high_mag_noise10_lt2 | run_4 | freq=52 | noise=1 | magnitude=200 | lead_time=2 | PID 1153782 | GPU None
[2026-07-15T18:30:25] Started None | no_training_ma_023_yearly_high_mag_noise10_lt2 | run_5 | freq=52 | noise=1 | magnitude=200 | lead_time=2 | PID 1153801 | GPU None
[2026-07-15T18:30:28] Started None | no_training_ma_023_yearly_high_mag_noise10_lt2 | run_6 | freq=52 | noise=1 | magnitude=200 | lead_time=2 | PID 1153815 | GPU None
[2026-07-15T18:30:32] Started None | no_training_ma_023_yearly_high_mag_noise10_lt2 | run_7 | freq=52 | noise=1 | magnitude=200 | lead_time=2 | PID 1153824 | GPU None
[2026-07-15T18:30:35] Started None | no_training_ma_023_yearly_high_mag_noise10_lt2 | run_8 | freq=52 | noise=1 | magnitude=200 | lead_time=2 | PID 1154022 | GPU None
[2026-07-15T18:30:38] Started None | no_training_ma_023_yearly_high_mag_noise10_lt2 | run_9 | freq=52 | noise=1 | magnitude=200 | lead_time=2 | PID 1154038 | GPU None
[2026-07-15T18:30:41] Started None | no_training_ma_024_yearly_high_mag_noise10_lt3 | run_0 | freq=52 | noise=1 | magnitude=200 | lead_time=3 | PID 1154124 | GPU None
[2026-07-15T18:30:45] Started None | no_training_ma_024_yearly_high_mag_noise10_lt3 | run_1 | freq=52 | noise=1 | magnitude=200 | lead_time=3 | PID 1154317 | GPU None
[2026-07-15T18:30:48] Started None | no_training_ma_024_yearly_high_mag_noise10_lt3 | run_2 | freq=52 | noise=1 | magnitude=200 | lead_time=3 | PID 1154400 | GPU None
[2026-07-15T18:30:51] Started None | no_training_ma_024_yearly_high_mag_noise10_lt3 | run_3 | freq=52 | noise=1 | magnitude=200 | lead_time=3 | PID 1154483 | GPU None
[2026-07-15T18:30:54] Started None | no_training_ma_024_yearly_high_mag_noise10_lt3 | run_4 | freq=52 | noise=1 | magnitude=200 | lead_time=3 | PID 1154546 | GPU None
[2026-07-15T18:30:58] Started None | no_training_ma_024_yearly_high_mag_noise10_lt3 | run_5 | freq=52 | noise=1 | magnitude=200 | lead_time=3 | PID 1154559 | GPU None
[2026-07-15T18:31:01] Started None | no_training_ma_024_yearly_high_mag_noise10_lt3 | run_6 | freq=52 | noise=1 | magnitude=200 | lead_time=3 | PID 1154578 | GPU None
[2026-07-15T18:31:04] Started None | no_training_ma_024_yearly_high_mag_noise10_lt3 | run_7 | freq=52 | noise=1 | magnitude=200 | lead_time=3 | PID 1154593 | GPU None
[2026-07-15T18:31:07] Started None | no_training_ma_024_yearly_high_mag_noise10_lt3 | run_8 | freq=52 | noise=1 | magnitude=200 | lead_time=3 | PID 1154603 | GPU None
[2026-07-15T18:31:10] Started None | no_training_ma_024_yearly_high_mag_noise10_lt3 | run_9 | freq=52 | noise=1 | magnitude=200 | lead_time=3 | PID 1154622 | GPU None
[2026-07-15T18:31:14] Started None | no_training_ma_025_yearly_high_mag_noise100_lt1 | run_0 | freq=52 | noise=1 | magnitude=200 | lead_time=1 | PID 1154626 | GPU None
[2026-07-15T18:31:17] Started None | no_training_ma_025_yearly_high_mag_noise100_lt1 | run_1 | freq=52 | noise=1 | magnitude=200 | lead_time=1 | PID 1154657 | GPU None
[2026-07-15T18:31:20] Started None | no_training_ma_025_yearly_high_mag_noise100_lt1 | run_2 | freq=52 | noise=1 | magnitude=200 | lead_time=1 | PID 1154672 | GPU None
[2026-07-15T18:31:23] Started None | no_training_ma_025_yearly_high_mag_noise100_lt1 | run_3 | freq=52 | noise=1 | magnitude=200 | lead_time=1 | PID 1154719 | GPU None
[2026-07-15T18:31:27] Started None | no_training_ma_025_yearly_high_mag_noise100_lt1 | run_4 | freq=52 | noise=1 | magnitude=200 | lead_time=1 | PID 1154754 | GPU None
[2026-07-15T18:31:30] Started None | no_training_ma_025_yearly_high_mag_noise100_lt1 | run_5 | freq=52 | noise=1 | magnitude=200 | lead_time=1 | PID 1154768 | GPU None
[2026-07-15T18:31:33] Started None | no_training_ma_025_yearly_high_mag_noise100_lt1 | run_6 | freq=52 | noise=1 | magnitude=200 | lead_time=1 | PID 1154777 | GPU None
[2026-07-15T18:31:36] Started None | no_training_ma_025_yearly_high_mag_noise100_lt1 | run_7 | freq=52 | noise=1 | magnitude=200 | lead_time=1 | PID 1154975 | GPU None
[2026-07-15T18:31:40] Started None | no_training_ma_025_yearly_high_mag_noise100_lt1 | run_8 | freq=52 | noise=1 | magnitude=200 | lead_time=1 | PID 1154979 | GPU None
[2026-07-15T18:31:43] Started None | no_training_ma_025_yearly_high_mag_noise100_lt1 | run_9 | freq=52 | noise=1 | magnitude=200 | lead_time=1 | PID 1155001 | GPU None
[2026-07-15T18:31:46] Started None | no_training_ma_026_yearly_high_mag_noise100_lt2 | run_0 | freq=52 | noise=1 | magnitude=200 | lead_time=2 | PID 1155118 | GPU None
[2026-07-15T18:31:49] Started None | no_training_ma_026_yearly_high_mag_noise100_lt2 | run_1 | freq=52 | noise=1 | magnitude=200 | lead_time=2 | PID 1155138 | GPU None
[2026-07-15T18:31:53] Started None | no_training_ma_026_yearly_high_mag_noise100_lt2 | run_2 | freq=52 | noise=1 | magnitude=200 | lead_time=2 | PID 1155157 | GPU None
[2026-07-15T18:31:56] Started None | no_training_ma_026_yearly_high_mag_noise100_lt2 | run_3 | freq=52 | noise=1 | magnitude=200 | lead_time=2 | PID 1155234 | GPU None
[2026-07-15T18:31:59] Started None | no_training_ma_026_yearly_high_mag_noise100_lt2 | run_4 | freq=52 | noise=1 | magnitude=200 | lead_time=2 | PID 1155319 | GPU None
[2026-07-15T18:32:02] Started None | no_training_ma_026_yearly_high_mag_noise100_lt2 | run_5 | freq=52 | noise=1 | magnitude=200 | lead_time=2 | PID 1155417 | GPU None
[2026-07-15T18:32:06] Started None | no_training_ma_026_yearly_high_mag_noise100_lt2 | run_6 | freq=52 | noise=1 | magnitude=200 | lead_time=2 | PID 1155487 | GPU None
[2026-07-15T18:32:09] Started None | no_training_ma_026_yearly_high_mag_noise100_lt2 | run_7 | freq=52 | noise=1 | magnitude=200 | lead_time=2 | PID 1155570 | GPU None
[2026-07-15T18:32:12] Started None | no_training_ma_026_yearly_high_mag_noise100_lt2 | run_8 | freq=52 | noise=1 | magnitude=200 | lead_time=2 | PID 1155584 | GPU None
[2026-07-15T18:32:15] Finished None | no_training_ma_026_yearly_high_mag_noise100_lt2 | run_6 | freq=52 | noise=1 | magnitude=200 | lead_time=2
[2026-07-15T18:32:16] Started None | no_training_ma_026_yearly_high_mag_noise100_lt2 | run_9 | freq=52 | noise=1 | magnitude=200 | lead_time=2 | PID 1155632 | GPU None
[2026-07-15T18:32:19] Started None | no_training_ma_027_yearly_high_mag_noise100_lt3 | run_0 | freq=52 | noise=1 | magnitude=200 | lead_time=3 | PID 1155643 | GPU None
[2026-07-15T18:32:23] Started None | no_training_ma_027_yearly_high_mag_noise100_lt3 | run_1 | freq=52 | noise=1 | magnitude=200 | lead_time=3 | PID 1155662 | GPU None
[2026-07-15T18:32:26] Started None | no_training_ma_027_yearly_high_mag_noise100_lt3 | run_2 | freq=52 | noise=1 | magnitude=200 | lead_time=3 | PID 1155687 | GPU None
[2026-07-15T18:32:29] Started None | no_training_ma_027_yearly_high_mag_noise100_lt3 | run_3 | freq=52 | noise=1 | magnitude=200 | lead_time=3 | PID 1155740 | GPU None
[2026-07-15T18:32:32] Started None | no_training_ma_027_yearly_high_mag_noise100_lt3 | run_4 | freq=52 | noise=1 | magnitude=200 | lead_time=3 | PID 1155754 | GPU None
[2026-07-15T18:32:36] Started None | no_training_ma_027_yearly_high_mag_noise100_lt3 | run_5 | freq=52 | noise=1 | magnitude=200 | lead_time=3 | PID 1155876 | GPU None
[2026-07-15T18:32:39] Started None | no_training_ma_027_yearly_high_mag_noise100_lt3 | run_6 | freq=52 | noise=1 | magnitude=200 | lead_time=3 | PID 1155961 | GPU None
[2026-07-15T18:32:42] Started None | no_training_ma_027_yearly_high_mag_noise100_lt3 | run_7 | freq=52 | noise=1 | magnitude=200 | lead_time=3 | PID 1155977 | GPU None
[2026-07-15T18:32:45] Started None | no_training_ma_027_yearly_high_mag_noise100_lt3 | run_8 | freq=52 | noise=1 | magnitude=200 | lead_time=3 | PID 1155987 | GPU None
[2026-07-15T18:32:49] Started None | no_training_ma_027_yearly_high_mag_noise100_lt3 | run_9 | freq=52 | noise=1 | magnitude=200 | lead_time=3 | PID 1156119 | GPU None
[2026-07-15T18:32:52] Started None | no_training_ma_028_half_yearly_low_mag_noise0_lt1 | run_0 | freq=26 | noise=1 | magnitude=50 | lead_time=1 | PID 1156126 | GPU None
[2026-07-15T18:32:55] Started None | no_training_ma_028_half_yearly_low_mag_noise0_lt1 | run_1 | freq=26 | noise=1 | magnitude=50 | lead_time=1 | PID 1156145 | GPU None
[2026-07-15T18:32:58] Started None | no_training_ma_028_half_yearly_low_mag_noise0_lt1 | run_2 | freq=26 | noise=1 | magnitude=50 | lead_time=1 | PID 1156162 | GPU None
[2026-07-15T18:33:01] Started None | no_training_ma_028_half_yearly_low_mag_noise0_lt1 | run_3 | freq=26 | noise=1 | magnitude=50 | lead_time=1 | PID 1156171 | GPU None
[2026-07-15T18:33:05] Started None | no_training_ma_028_half_yearly_low_mag_noise0_lt1 | run_4 | freq=26 | noise=1 | magnitude=50 | lead_time=1 | PID 1156190 | GPU None
[2026-07-15T18:33:08] Started None | no_training_ma_028_half_yearly_low_mag_noise0_lt1 | run_5 | freq=26 | noise=1 | magnitude=50 | lead_time=1 | PID 1156208 | GPU None
[2026-07-15T18:33:11] Started None | no_training_ma_028_half_yearly_low_mag_noise0_lt1 | run_6 | freq=26 | noise=1 | magnitude=50 | lead_time=1 | PID 1156293 | GPU None
[2026-07-15T18:33:14] Started None | no_training_ma_028_half_yearly_low_mag_noise0_lt1 | run_7 | freq=26 | noise=1 | magnitude=50 | lead_time=1 | PID 1156380 | GPU None
[2026-07-15T18:33:18] Started None | no_training_ma_028_half_yearly_low_mag_noise0_lt1 | run_8 | freq=26 | noise=1 | magnitude=50 | lead_time=1 | PID 1156477 | GPU None
[2026-07-15T18:33:21] Started None | no_training_ma_028_half_yearly_low_mag_noise0_lt1 | run_9 | freq=26 | noise=1 | magnitude=50 | lead_time=1 | PID 1156558 | GPU None
[2026-07-15T18:33:24] Started None | no_training_ma_029_half_yearly_low_mag_noise0_lt2 | run_0 | freq=26 | noise=1 | magnitude=50 | lead_time=2 | PID 1156611 | GPU None
[2026-07-15T18:33:27] Started None | no_training_ma_029_half_yearly_low_mag_noise0_lt2 | run_1 | freq=26 | noise=1 | magnitude=50 | lead_time=2 | PID 1156620 | GPU None
[2026-07-15T18:33:31] Started None | no_training_ma_029_half_yearly_low_mag_noise0_lt2 | run_2 | freq=26 | noise=1 | magnitude=50 | lead_time=2 | PID 1156656 | GPU None
[2026-07-15T18:33:34] Started None | no_training_ma_029_half_yearly_low_mag_noise0_lt2 | run_3 | freq=26 | noise=1 | magnitude=50 | lead_time=2 | PID 1156708 | GPU None
[2026-07-15T18:33:37] Started None | no_training_ma_029_half_yearly_low_mag_noise0_lt2 | run_4 | freq=26 | noise=1 | magnitude=50 | lead_time=2 | PID 1156896 | GPU None
[2026-07-15T18:33:40] Started None | no_training_ma_029_half_yearly_low_mag_noise0_lt2 | run_5 | freq=26 | noise=1 | magnitude=50 | lead_time=2 | PID 1156915 | GPU None
[2026-07-15T18:33:44] Started None | no_training_ma_029_half_yearly_low_mag_noise0_lt2 | run_6 | freq=26 | noise=1 | magnitude=50 | lead_time=2 | PID 1156931 | GPU None
[2026-07-15T18:33:47] Started None | no_training_ma_029_half_yearly_low_mag_noise0_lt2 | run_7 | freq=26 | noise=1 | magnitude=50 | lead_time=2 | PID 1156944 | GPU None
[2026-07-15T18:33:50] Started None | no_training_ma_029_half_yearly_low_mag_noise0_lt2 | run_8 | freq=26 | noise=1 | magnitude=50 | lead_time=2 | PID 1157053 | GPU None
[2026-07-15T18:33:53] Started None | no_training_ma_029_half_yearly_low_mag_noise0_lt2 | run_9 | freq=26 | noise=1 | magnitude=50 | lead_time=2 | PID 1157076 | GPU None
[2026-07-15T18:33:56] Started None | no_training_ma_030_half_yearly_low_mag_noise0_lt3 | run_0 | freq=26 | noise=1 | magnitude=50 | lead_time=3 | PID 1157095 | GPU None
[2026-07-15T18:34:00] Started None | no_training_ma_030_half_yearly_low_mag_noise0_lt3 | run_1 | freq=26 | noise=1 | magnitude=50 | lead_time=3 | PID 1157112 | GPU None
[2026-07-15T18:34:03] Started None | no_training_ma_030_half_yearly_low_mag_noise0_lt3 | run_2 | freq=26 | noise=1 | magnitude=50 | lead_time=3 | PID 1157123 | GPU None
[2026-07-15T18:34:06] Started None | no_training_ma_030_half_yearly_low_mag_noise0_lt3 | run_3 | freq=26 | noise=1 | magnitude=50 | lead_time=3 | PID 1157158 | GPU None
[2026-07-15T18:34:09] Started None | no_training_ma_030_half_yearly_low_mag_noise0_lt3 | run_4 | freq=26 | noise=1 | magnitude=50 | lead_time=3 | PID 1157172 | GPU None
[2026-07-15T18:34:13] Started None | no_training_ma_030_half_yearly_low_mag_noise0_lt3 | run_5 | freq=26 | noise=1 | magnitude=50 | lead_time=3 | PID 1157181 | GPU None
[2026-07-15T18:34:16] Started None | no_training_ma_030_half_yearly_low_mag_noise0_lt3 | run_6 | freq=26 | noise=1 | magnitude=50 | lead_time=3 | PID 1157212 | GPU None
[2026-07-15T18:34:19] Started None | no_training_ma_030_half_yearly_low_mag_noise0_lt3 | run_7 | freq=26 | noise=1 | magnitude=50 | lead_time=3 | PID 1157216 | GPU None
[2026-07-15T18:34:23] Started None | no_training_ma_030_half_yearly_low_mag_noise0_lt3 | run_8 | freq=26 | noise=1 | magnitude=50 | lead_time=3 | PID 1157235 | GPU None
[2026-07-15T18:34:26] Started None | no_training_ma_030_half_yearly_low_mag_noise0_lt3 | run_9 | freq=26 | noise=1 | magnitude=50 | lead_time=3 | PID 1157317 | GPU None
[2026-07-15T18:34:29] Started None | no_training_ma_031_half_yearly_low_mag_noise10_lt1 | run_0 | freq=26 | noise=1 | magnitude=50 | lead_time=1 | PID 1157391 | GPU None
[2026-07-15T18:34:32] Started None | no_training_ma_031_half_yearly_low_mag_noise10_lt1 | run_1 | freq=26 | noise=1 | magnitude=50 | lead_time=1 | PID 1157465 | GPU None
[2026-07-15T18:34:35] Started None | no_training_ma_031_half_yearly_low_mag_noise10_lt1 | run_2 | freq=26 | noise=1 | magnitude=50 | lead_time=1 | PID 1157539 | GPU None
[2026-07-15T18:34:39] Started None | no_training_ma_031_half_yearly_low_mag_noise10_lt1 | run_3 | freq=26 | noise=1 | magnitude=50 | lead_time=1 | PID 1157813 | GPU None
[2026-07-15T18:34:42] Started None | no_training_ma_031_half_yearly_low_mag_noise10_lt1 | run_4 | freq=26 | noise=1 | magnitude=50 | lead_time=1 | PID 1157890 | GPU None
[2026-07-15T18:34:45] Started None | no_training_ma_031_half_yearly_low_mag_noise10_lt1 | run_5 | freq=26 | noise=1 | magnitude=50 | lead_time=1 | PID 1157897 | GPU None
[2026-07-15T18:34:49] Started None | no_training_ma_031_half_yearly_low_mag_noise10_lt1 | run_6 | freq=26 | noise=1 | magnitude=50 | lead_time=1 | PID 1157922 | GPU None
[2026-07-15T18:34:52] Finished None | no_training_ma_031_half_yearly_low_mag_noise10_lt1 | run_4 | freq=26 | noise=1 | magnitude=50 | lead_time=1
[2026-07-15T18:34:52] Started None | no_training_ma_031_half_yearly_low_mag_noise10_lt1 | run_7 | freq=26 | noise=1 | magnitude=50 | lead_time=1 | PID 1158042 | GPU None
[2026-07-15T18:34:56] Started None | no_training_ma_031_half_yearly_low_mag_noise10_lt1 | run_8 | freq=26 | noise=1 | magnitude=50 | lead_time=1 | PID 1158067 | GPU None
[2026-07-15T18:34:59] Started None | no_training_ma_031_half_yearly_low_mag_noise10_lt1 | run_9 | freq=26 | noise=1 | magnitude=50 | lead_time=1 | PID 1158081 | GPU None
[2026-07-15T18:35:02] Started None | no_training_ma_032_half_yearly_low_mag_noise10_lt2 | run_0 | freq=26 | noise=1 | magnitude=50 | lead_time=2 | PID 1158104 | GPU None
[2026-07-15T18:35:05] Started None | no_training_ma_032_half_yearly_low_mag_noise10_lt2 | run_1 | freq=26 | noise=1 | magnitude=50 | lead_time=2 | PID 1158108 | GPU None
[2026-07-15T18:35:09] Started None | no_training_ma_032_half_yearly_low_mag_noise10_lt2 | run_2 | freq=26 | noise=1 | magnitude=50 | lead_time=2 | PID 1158127 | GPU None
[2026-07-15T18:35:12] Started None | no_training_ma_032_half_yearly_low_mag_noise10_lt2 | run_3 | freq=26 | noise=1 | magnitude=50 | lead_time=2 | PID 1158146 | GPU None
[2026-07-15T18:35:15] Started None | no_training_ma_032_half_yearly_low_mag_noise10_lt2 | run_4 | freq=26 | noise=1 | magnitude=50 | lead_time=2 | PID 1158171 | GPU None
[2026-07-15T18:35:18] Started None | no_training_ma_032_half_yearly_low_mag_noise10_lt2 | run_5 | freq=26 | noise=1 | magnitude=50 | lead_time=2 | PID 1158198 | GPU None
[2026-07-15T18:35:22] Started None | no_training_ma_032_half_yearly_low_mag_noise10_lt2 | run_6 | freq=26 | noise=1 | magnitude=50 | lead_time=2 | PID 1158212 | GPU None
[2026-07-15T18:35:25] Started None | no_training_ma_032_half_yearly_low_mag_noise10_lt2 | run_7 | freq=26 | noise=1 | magnitude=50 | lead_time=2 | PID 1158221 | GPU None
[2026-07-15T18:35:28] Started None | no_training_ma_032_half_yearly_low_mag_noise10_lt2 | run_8 | freq=26 | noise=1 | magnitude=50 | lead_time=2 | PID 1158240 | GPU None
[2026-07-15T18:35:31] Started None | no_training_ma_032_half_yearly_low_mag_noise10_lt2 | run_9 | freq=26 | noise=1 | magnitude=50 | lead_time=2 | PID 1158254 | GPU None
[2026-07-15T18:35:35] Started None | no_training_ma_033_half_yearly_low_mag_noise10_lt3 | run_0 | freq=26 | noise=1 | magnitude=50 | lead_time=3 | PID 1158264 | GPU None
[2026-07-15T18:35:38] Started None | no_training_ma_033_half_yearly_low_mag_noise10_lt3 | run_1 | freq=26 | noise=1 | magnitude=50 | lead_time=3 | PID 1158457 | GPU None
[2026-07-15T18:35:41] Started None | no_training_ma_033_half_yearly_low_mag_noise10_lt3 | run_2 | freq=26 | noise=1 | magnitude=50 | lead_time=3 | PID 1158502 | GPU None
[2026-07-15T18:35:44] Started None | no_training_ma_033_half_yearly_low_mag_noise10_lt3 | run_3 | freq=26 | noise=1 | magnitude=50 | lead_time=3 | PID 1158595 | GPU None
[2026-07-15T18:35:48] Started None | no_training_ma_033_half_yearly_low_mag_noise10_lt3 | run_4 | freq=26 | noise=1 | magnitude=50 | lead_time=3 | PID 1158690 | GPU None
[2026-07-15T18:35:51] Started None | no_training_ma_033_half_yearly_low_mag_noise10_lt3 | run_5 | freq=26 | noise=1 | magnitude=50 | lead_time=3 | PID 1158764 | GPU None
[2026-07-15T18:35:54] Started None | no_training_ma_033_half_yearly_low_mag_noise10_lt3 | run_6 | freq=26 | noise=1 | magnitude=50 | lead_time=3 | PID 1158916 | GPU None
[2026-07-15T18:35:57] Started None | no_training_ma_033_half_yearly_low_mag_noise10_lt3 | run_7 | freq=26 | noise=1 | magnitude=50 | lead_time=3 | PID 1159032 | GPU None
[2026-07-15T18:36:01] Started None | no_training_ma_033_half_yearly_low_mag_noise10_lt3 | run_8 | freq=26 | noise=1 | magnitude=50 | lead_time=3 | PID 1159064 | GPU None
[2026-07-15T18:36:04] Started None | no_training_ma_033_half_yearly_low_mag_noise10_lt3 | run_9 | freq=26 | noise=1 | magnitude=50 | lead_time=3 | PID 1159078 | GPU None
[2026-07-15T18:36:07] Started None | no_training_ma_034_half_yearly_low_mag_noise100_lt1 | run_0 | freq=26 | noise=1 | magnitude=50 | lead_time=1 | PID 1159087 | GPU None
[2026-07-15T18:36:10] Started None | no_training_ma_034_half_yearly_low_mag_noise100_lt1 | run_1 | freq=26 | noise=1 | magnitude=50 | lead_time=1 | PID 1159106 | GPU None
[2026-07-15T18:36:13] Started None | no_training_ma_034_half_yearly_low_mag_noise100_lt1 | run_2 | freq=26 | noise=1 | magnitude=50 | lead_time=1 | PID 1159120 | GPU None
[2026-07-15T18:36:17] Started None | no_training_ma_034_half_yearly_low_mag_noise100_lt1 | run_3 | freq=26 | noise=1 | magnitude=50 | lead_time=1 | PID 1159141 | GPU None
[2026-07-15T18:36:20] Started None | no_training_ma_034_half_yearly_low_mag_noise100_lt1 | run_4 | freq=26 | noise=1 | magnitude=50 | lead_time=1 | PID 1159160 | GPU None
[2026-07-15T18:36:23] Started None | no_training_ma_034_half_yearly_low_mag_noise100_lt1 | run_5 | freq=26 | noise=1 | magnitude=50 | lead_time=1 | PID 1159164 | GPU None
[2026-07-15T18:36:26] Started None | no_training_ma_034_half_yearly_low_mag_noise100_lt1 | run_6 | freq=26 | noise=1 | magnitude=50 | lead_time=1 | PID 1159183 | GPU None
[2026-07-15T18:36:30] Started None | no_training_ma_034_half_yearly_low_mag_noise100_lt1 | run_7 | freq=26 | noise=1 | magnitude=50 | lead_time=1 | PID 1159197 | GPU None
[2026-07-15T18:36:33] Started None | no_training_ma_034_half_yearly_low_mag_noise100_lt1 | run_8 | freq=26 | noise=1 | magnitude=50 | lead_time=1 | PID 1159206 | GPU None
[2026-07-15T18:36:36] Started None | no_training_ma_034_half_yearly_low_mag_noise100_lt1 | run_9 | freq=26 | noise=1 | magnitude=50 | lead_time=1 | PID 1159226 | GPU None
[2026-07-15T18:36:39] Started None | no_training_ma_035_half_yearly_low_mag_noise100_lt2 | run_0 | freq=26 | noise=1 | magnitude=50 | lead_time=2 | PID 1159418 | GPU None
[2026-07-15T18:36:43] Started None | no_training_ma_035_half_yearly_low_mag_noise100_lt2 | run_1 | freq=26 | noise=1 | magnitude=50 | lead_time=2 | PID 1159434 | GPU None
[2026-07-15T18:36:46] Started None | no_training_ma_035_half_yearly_low_mag_noise100_lt2 | run_2 | freq=26 | noise=1 | magnitude=50 | lead_time=2 | PID 1159490 | GPU None
[2026-07-15T18:36:49] Started None | no_training_ma_035_half_yearly_low_mag_noise100_lt2 | run_3 | freq=26 | noise=1 | magnitude=50 | lead_time=2 | PID 1159522 | GPU None
[2026-07-15T18:36:52] Started None | no_training_ma_035_half_yearly_low_mag_noise100_lt2 | run_4 | freq=26 | noise=1 | magnitude=50 | lead_time=2 | PID 1159531 | GPU None
[2026-07-15T18:36:56] Started None | no_training_ma_035_half_yearly_low_mag_noise100_lt2 | run_5 | freq=26 | noise=1 | magnitude=50 | lead_time=2 | PID 1159550 | GPU None
[2026-07-15T18:36:59] Started None | no_training_ma_035_half_yearly_low_mag_noise100_lt2 | run_6 | freq=26 | noise=1 | magnitude=50 | lead_time=2 | PID 1159693 | GPU None
[2026-07-15T18:37:02] Started None | no_training_ma_035_half_yearly_low_mag_noise100_lt2 | run_7 | freq=26 | noise=1 | magnitude=50 | lead_time=2 | PID 1159784 | GPU None
[2026-07-15T18:37:05] Started None | no_training_ma_035_half_yearly_low_mag_noise100_lt2 | run_8 | freq=26 | noise=1 | magnitude=50 | lead_time=2 | PID 1159874 | GPU None
[2026-07-15T18:37:09] Started None | no_training_ma_035_half_yearly_low_mag_noise100_lt2 | run_9 | freq=26 | noise=1 | magnitude=50 | lead_time=2 | PID 1159969 | GPU None
[2026-07-15T18:37:12] Started None | no_training_ma_036_half_yearly_low_mag_noise100_lt3 | run_0 | freq=26 | noise=1 | magnitude=50 | lead_time=3 | PID 1160060 | GPU None
[2026-07-15T18:37:15] Started None | no_training_ma_036_half_yearly_low_mag_noise100_lt3 | run_1 | freq=26 | noise=1 | magnitude=50 | lead_time=3 | PID 1160092 | GPU None
[2026-07-15T18:37:18] Started None | no_training_ma_036_half_yearly_low_mag_noise100_lt3 | run_2 | freq=26 | noise=1 | magnitude=50 | lead_time=3 | PID 1160109 | GPU None
[2026-07-15T18:37:22] Started None | no_training_ma_036_half_yearly_low_mag_noise100_lt3 | run_3 | freq=26 | noise=1 | magnitude=50 | lead_time=3 | PID 1160129 | GPU None
[2026-07-15T18:37:25] Started None | no_training_ma_036_half_yearly_low_mag_noise100_lt3 | run_4 | freq=26 | noise=1 | magnitude=50 | lead_time=3 | PID 1160139 | GPU None
[2026-07-15T18:37:28] Finished None | no_training_ma_036_half_yearly_low_mag_noise100_lt3 | run_2 | freq=26 | noise=1 | magnitude=50 | lead_time=3
[2026-07-15T18:37:29] Started None | no_training_ma_036_half_yearly_low_mag_noise100_lt3 | run_5 | freq=26 | noise=1 | magnitude=50 | lead_time=3 | PID 1160156 | GPU None
[2026-07-15T18:37:32] Started None | no_training_ma_036_half_yearly_low_mag_noise100_lt3 | run_6 | freq=26 | noise=1 | magnitude=50 | lead_time=3 | PID 1160175 | GPU None
[2026-07-15T18:37:35] Started None | no_training_ma_036_half_yearly_low_mag_noise100_lt3 | run_7 | freq=26 | noise=1 | magnitude=50 | lead_time=3 | PID 1160190 | GPU None
[2026-07-15T18:37:38] Started None | no_training_ma_036_half_yearly_low_mag_noise100_lt3 | run_8 | freq=26 | noise=1 | magnitude=50 | lead_time=3 | PID 1160223 | GPU None
[2026-07-15T18:37:42] Started None | no_training_ma_036_half_yearly_low_mag_noise100_lt3 | run_9 | freq=26 | noise=1 | magnitude=50 | lead_time=3 | PID 1160399 | GPU None
[2026-07-15T18:37:45] Started None | no_training_ma_037_half_yearly_medium_mag_noise0_lt1 | run_0 | freq=26 | noise=1 | magnitude=100 | lead_time=1 | PID 1160403 | GPU None
[2026-07-15T18:37:48] Started None | no_training_ma_037_half_yearly_medium_mag_noise0_lt1 | run_1 | freq=26 | noise=1 | magnitude=100 | lead_time=1 | PID 1160452 | GPU None
[2026-07-15T18:37:51] Started None | no_training_ma_037_half_yearly_medium_mag_noise0_lt1 | run_2 | freq=26 | noise=1 | magnitude=100 | lead_time=1 | PID 1160495 | GPU None
[2026-07-15T18:37:55] Started None | no_training_ma_037_half_yearly_medium_mag_noise0_lt1 | run_3 | freq=26 | noise=1 | magnitude=100 | lead_time=1 | PID 1160504 | GPU None
[2026-07-15T18:37:58] Started None | no_training_ma_037_half_yearly_medium_mag_noise0_lt1 | run_4 | freq=26 | noise=1 | magnitude=100 | lead_time=1 | PID 1160523 | GPU None
[2026-07-15T18:38:01] Started None | no_training_ma_037_half_yearly_medium_mag_noise0_lt1 | run_5 | freq=26 | noise=1 | magnitude=100 | lead_time=1 | PID 1160643 | GPU None
[2026-07-15T18:38:04] Started None | no_training_ma_037_half_yearly_medium_mag_noise0_lt1 | run_6 | freq=26 | noise=1 | magnitude=100 | lead_time=1 | PID 1160658 | GPU None
[2026-07-15T18:38:08] Started None | no_training_ma_037_half_yearly_medium_mag_noise0_lt1 | run_7 | freq=26 | noise=1 | magnitude=100 | lead_time=1 | PID 1160677 | GPU None
[2026-07-15T18:38:11] Started None | no_training_ma_037_half_yearly_medium_mag_noise0_lt1 | run_8 | freq=26 | noise=1 | magnitude=100 | lead_time=1 | PID 1160681 | GPU None
[2026-07-15T18:38:14] Started None | no_training_ma_037_half_yearly_medium_mag_noise0_lt1 | run_9 | freq=26 | noise=1 | magnitude=100 | lead_time=1 | PID 1160736 | GPU None
[2026-07-15T18:38:17] Started None | no_training_ma_038_half_yearly_medium_mag_noise0_lt2 | run_0 | freq=26 | noise=1 | magnitude=100 | lead_time=2 | PID 1160856 | GPU None
[2026-07-15T18:38:21] Started None | no_training_ma_038_half_yearly_medium_mag_noise0_lt2 | run_1 | freq=26 | noise=1 | magnitude=100 | lead_time=2 | PID 1160932 | GPU None
[2026-07-15T18:38:24] Started None | no_training_ma_038_half_yearly_medium_mag_noise0_lt2 | run_2 | freq=26 | noise=1 | magnitude=100 | lead_time=2 | PID 1161024 | GPU None
[2026-07-15T18:38:27] Started None | no_training_ma_038_half_yearly_medium_mag_noise0_lt2 | run_3 | freq=26 | noise=1 | magnitude=100 | lead_time=2 | PID 1161109 | GPU None
[2026-07-15T18:38:30] Started None | no_training_ma_038_half_yearly_medium_mag_noise0_lt2 | run_4 | freq=26 | noise=1 | magnitude=100 | lead_time=2 | PID 1161126 | GPU None
[2026-07-15T18:38:34] Started None | no_training_ma_038_half_yearly_medium_mag_noise0_lt2 | run_5 | freq=26 | noise=1 | magnitude=100 | lead_time=2 | PID 1161145 | GPU None
[2026-07-15T18:38:37] Started None | no_training_ma_038_half_yearly_medium_mag_noise0_lt2 | run_6 | freq=26 | noise=1 | magnitude=100 | lead_time=2 | PID 1161150 | GPU None
[2026-07-15T18:38:40] Started None | no_training_ma_038_half_yearly_medium_mag_noise0_lt2 | run_7 | freq=26 | noise=1 | magnitude=100 | lead_time=2 | PID 1161347 | GPU None
[2026-07-15T18:38:43] Started None | no_training_ma_038_half_yearly_medium_mag_noise0_lt2 | run_8 | freq=26 | noise=1 | magnitude=100 | lead_time=2 | PID 1161368 | GPU None
[2026-07-15T18:38:47] Started None | no_training_ma_038_half_yearly_medium_mag_noise0_lt2 | run_9 | freq=26 | noise=1 | magnitude=100 | lead_time=2 | PID 1161373 | GPU None
[2026-07-15T18:38:50] Started None | no_training_ma_039_half_yearly_medium_mag_noise0_lt3 | run_0 | freq=26 | noise=1 | magnitude=100 | lead_time=3 | PID 1161397 | GPU None
[2026-07-15T18:38:53] Started None | no_training_ma_039_half_yearly_medium_mag_noise0_lt3 | run_1 | freq=26 | noise=1 | magnitude=100 | lead_time=3 | PID 1161440 | GPU None
[2026-07-15T18:38:56] Started None | no_training_ma_039_half_yearly_medium_mag_noise0_lt3 | run_2 | freq=26 | noise=1 | magnitude=100 | lead_time=3 | PID 1161476 | GPU None
[2026-07-15T18:38:59] Started None | no_training_ma_039_half_yearly_medium_mag_noise0_lt3 | run_3 | freq=26 | noise=1 | magnitude=100 | lead_time=3 | PID 1161498 | GPU None
[2026-07-15T18:39:03] Started None | no_training_ma_039_half_yearly_medium_mag_noise0_lt3 | run_4 | freq=26 | noise=1 | magnitude=100 | lead_time=3 | PID 1161621 | GPU None
[2026-07-15T18:39:06] Started None | no_training_ma_039_half_yearly_medium_mag_noise0_lt3 | run_5 | freq=26 | noise=1 | magnitude=100 | lead_time=3 | PID 1161647 | GPU None
[2026-07-15T18:39:10] Started None | no_training_ma_039_half_yearly_medium_mag_noise0_lt3 | run_6 | freq=26 | noise=1 | magnitude=100 | lead_time=3 | PID 1161676 | GPU None
[2026-07-15T18:39:14] Started None | no_training_ma_039_half_yearly_medium_mag_noise0_lt3 | run_7 | freq=26 | noise=1 | magnitude=100 | lead_time=3 | PID 1161698 | GPU None
[2026-07-15T18:39:18] Started None | no_training_ma_039_half_yearly_medium_mag_noise0_lt3 | run_8 | freq=26 | noise=1 | magnitude=100 | lead_time=3 | PID 1161724 | GPU None
[2026-07-15T18:39:22] Started None | no_training_ma_039_half_yearly_medium_mag_noise0_lt3 | run_9 | freq=26 | noise=1 | magnitude=100 | lead_time=3 | PID 1161745 | GPU None
[2026-07-15T18:39:26] Started None | no_training_ma_040_half_yearly_medium_mag_noise10_lt1 | run_0 | freq=26 | noise=1 | magnitude=100 | lead_time=1 | PID 1161764 | GPU None
[2026-07-15T18:39:29] Started None | no_training_ma_040_half_yearly_medium_mag_noise10_lt1 | run_1 | freq=26 | noise=1 | magnitude=100 | lead_time=1 | PID 1161813 | GPU None
[2026-07-15T18:39:32] Started None | no_training_ma_040_half_yearly_medium_mag_noise10_lt1 | run_2 | freq=26 | noise=1 | magnitude=100 | lead_time=1 | PID 1161889 | GPU None
[2026-07-15T18:39:35] Started None | no_training_ma_040_half_yearly_medium_mag_noise10_lt1 | run_3 | freq=26 | noise=1 | magnitude=100 | lead_time=1 | PID 1161976 | GPU None
[2026-07-15T18:39:39] Started None | no_training_ma_040_half_yearly_medium_mag_noise10_lt1 | run_4 | freq=26 | noise=1 | magnitude=100 | lead_time=1 | PID 1162063 | GPU None
[2026-07-15T18:39:42] Started None | no_training_ma_040_half_yearly_medium_mag_noise10_lt1 | run_5 | freq=26 | noise=1 | magnitude=100 | lead_time=1 | PID 1162316 | GPU None
[2026-07-15T18:39:45] Started None | no_training_ma_040_half_yearly_medium_mag_noise10_lt1 | run_6 | freq=26 | noise=1 | magnitude=100 | lead_time=1 | PID 1162359 | GPU None
[2026-07-15T18:39:48] Started None | no_training_ma_040_half_yearly_medium_mag_noise10_lt1 | run_7 | freq=26 | noise=1 | magnitude=100 | lead_time=1 | PID 1162367 | GPU None
[2026-07-15T18:39:52] Started None | no_training_ma_040_half_yearly_medium_mag_noise10_lt1 | run_8 | freq=26 | noise=1 | magnitude=100 | lead_time=1 | PID 1162386 | GPU None
[2026-07-15T18:39:55] Started None | no_training_ma_040_half_yearly_medium_mag_noise10_lt1 | run_9 | freq=26 | noise=1 | magnitude=100 | lead_time=1 | PID 1162407 | GPU None
[2026-07-15T18:39:59] Started None | no_training_ma_041_half_yearly_medium_mag_noise10_lt2 | run_0 | freq=26 | noise=1 | magnitude=100 | lead_time=2 | PID 1162459 | GPU None
[2026-07-15T18:40:02] Started None | no_training_ma_041_half_yearly_medium_mag_noise10_lt2 | run_1 | freq=26 | noise=1 | magnitude=100 | lead_time=2 | PID 1162509 | GPU None
[2026-07-15T18:40:05] Started None | no_training_ma_041_half_yearly_medium_mag_noise10_lt2 | run_2 | freq=26 | noise=1 | magnitude=100 | lead_time=2 | PID 1162645 | GPU None
[2026-07-15T18:40:09] Finished None | no_training_ma_040_half_yearly_medium_mag_noise10_lt1 | run_9 | freq=26 | noise=1 | magnitude=100 | lead_time=1
[2026-07-15T18:40:09] Started None | no_training_ma_041_half_yearly_medium_mag_noise10_lt2 | run_3 | freq=26 | noise=1 | magnitude=100 | lead_time=2 | PID 1162670 | GPU None
[2026-07-15T18:40:13] Started None | no_training_ma_041_half_yearly_medium_mag_noise10_lt2 | run_4 | freq=26 | noise=1 | magnitude=100 | lead_time=2 | PID 1162678 | GPU None
[2026-07-15T18:40:16] Started None | no_training_ma_041_half_yearly_medium_mag_noise10_lt2 | run_5 | freq=26 | noise=1 | magnitude=100 | lead_time=2 | PID 1162709 | GPU None
[2026-07-15T18:40:19] Started None | no_training_ma_041_half_yearly_medium_mag_noise10_lt2 | run_6 | freq=26 | noise=1 | magnitude=100 | lead_time=2 | PID 1162713 | GPU None
[2026-07-15T18:40:22] Started None | no_training_ma_041_half_yearly_medium_mag_noise10_lt2 | run_7 | freq=26 | noise=1 | magnitude=100 | lead_time=2 | PID 1162732 | GPU None
[2026-07-15T18:40:26] Started None | no_training_ma_041_half_yearly_medium_mag_noise10_lt2 | run_8 | freq=26 | noise=1 | magnitude=100 | lead_time=2 | PID 1162746 | GPU None
[2026-07-15T18:40:29] Started None | no_training_ma_041_half_yearly_medium_mag_noise10_lt2 | run_9 | freq=26 | noise=1 | magnitude=100 | lead_time=2 | PID 1162755 | GPU None
[2026-07-15T18:40:32] Started None | no_training_ma_042_half_yearly_medium_mag_noise10_lt3 | run_0 | freq=26 | noise=1 | magnitude=100 | lead_time=3 | PID 1162774 | GPU None
[2026-07-15T18:40:35] Started None | no_training_ma_042_half_yearly_medium_mag_noise10_lt3 | run_1 | freq=26 | noise=1 | magnitude=100 | lead_time=3 | PID 1162789 | GPU None
[2026-07-15T18:40:39] Started None | no_training_ma_042_half_yearly_medium_mag_noise10_lt3 | run_2 | freq=26 | noise=1 | magnitude=100 | lead_time=3 | PID 1162798 | GPU None
[2026-07-15T18:40:42] Started None | no_training_ma_042_half_yearly_medium_mag_noise10_lt3 | run_3 | freq=26 | noise=1 | magnitude=100 | lead_time=3 | PID 1162998 | GPU None
[2026-07-15T18:40:45] Started None | no_training_ma_042_half_yearly_medium_mag_noise10_lt3 | run_4 | freq=26 | noise=1 | magnitude=100 | lead_time=3 | PID 1163067 | GPU None
[2026-07-15T18:40:49] Started None | no_training_ma_042_half_yearly_medium_mag_noise10_lt3 | run_5 | freq=26 | noise=1 | magnitude=100 | lead_time=3 | PID 1163146 | GPU None
[2026-07-15T18:40:52] Started None | no_training_ma_042_half_yearly_medium_mag_noise10_lt3 | run_6 | freq=26 | noise=1 | magnitude=100 | lead_time=3 | PID 1163237 | GPU None
[2026-07-15T18:40:56] Started None | no_training_ma_042_half_yearly_medium_mag_noise10_lt3 | run_7 | freq=26 | noise=1 | magnitude=100 | lead_time=3 | PID 1163328 | GPU None
[2026-07-15T18:40:59] Started None | no_training_ma_042_half_yearly_medium_mag_noise10_lt3 | run_8 | freq=26 | noise=1 | magnitude=100 | lead_time=3 | PID 1163395 | GPU None
[2026-07-15T18:41:03] Started None | no_training_ma_042_half_yearly_medium_mag_noise10_lt3 | run_9 | freq=26 | noise=1 | magnitude=100 | lead_time=3 | PID 1163454 | GPU None
[2026-07-15T18:41:06] Started None | no_training_ma_043_half_yearly_medium_mag_noise100_lt1 | run_0 | freq=26 | noise=1 | magnitude=100 | lead_time=1 | PID 1163568 | GPU None
[2026-07-15T18:41:09] Started None | no_training_ma_043_half_yearly_medium_mag_noise100_lt1 | run_1 | freq=26 | noise=1 | magnitude=100 | lead_time=1 | PID 1163606 | GPU None
[2026-07-15T18:41:13] Started None | no_training_ma_043_half_yearly_medium_mag_noise100_lt1 | run_2 | freq=26 | noise=1 | magnitude=100 | lead_time=1 | PID 1163625 | GPU None
[2026-07-15T18:41:16] Started None | no_training_ma_043_half_yearly_medium_mag_noise100_lt1 | run_3 | freq=26 | noise=1 | magnitude=100 | lead_time=1 | PID 1163658 | GPU None
[2026-07-15T18:41:20] Started None | no_training_ma_043_half_yearly_medium_mag_noise100_lt1 | run_4 | freq=26 | noise=1 | magnitude=100 | lead_time=1 | PID 1163677 | GPU None
[2026-07-15T18:41:23] Started None | no_training_ma_043_half_yearly_medium_mag_noise100_lt1 | run_5 | freq=26 | noise=1 | magnitude=100 | lead_time=1 | PID 1163697 | GPU None
[2026-07-15T18:41:26] Started None | no_training_ma_043_half_yearly_medium_mag_noise100_lt1 | run_6 | freq=26 | noise=1 | magnitude=100 | lead_time=1 | PID 1163701 | GPU None
[2026-07-15T18:41:30] Started None | no_training_ma_043_half_yearly_medium_mag_noise100_lt1 | run_7 | freq=26 | noise=1 | magnitude=100 | lead_time=1 | PID 1163720 | GPU None
[2026-07-15T18:41:33] Started None | no_training_ma_043_half_yearly_medium_mag_noise100_lt1 | run_8 | freq=26 | noise=1 | magnitude=100 | lead_time=1 | PID 1163739 | GPU None
[2026-07-15T18:41:37] Started None | no_training_ma_043_half_yearly_medium_mag_noise100_lt1 | run_9 | freq=26 | noise=1 | magnitude=100 | lead_time=1 | PID 1163744 | GPU None
[2026-07-15T18:41:40] Started None | no_training_ma_044_half_yearly_medium_mag_noise100_lt2 | run_0 | freq=26 | noise=1 | magnitude=100 | lead_time=2 | PID 1163764 | GPU None
[2026-07-15T18:41:43] Started None | no_training_ma_044_half_yearly_medium_mag_noise100_lt2 | run_1 | freq=26 | noise=1 | magnitude=100 | lead_time=2 | PID 1163958 | GPU None
[2026-07-15T18:41:47] Started None | no_training_ma_044_half_yearly_medium_mag_noise100_lt2 | run_2 | freq=26 | noise=1 | magnitude=100 | lead_time=2 | PID 1163969 | GPU None
[2026-07-15T18:41:50] Started None | no_training_ma_044_half_yearly_medium_mag_noise100_lt2 | run_3 | freq=26 | noise=1 | magnitude=100 | lead_time=2 | PID 1163992 | GPU None
[2026-07-15T18:41:53] Started None | no_training_ma_044_half_yearly_medium_mag_noise100_lt2 | run_4 | freq=26 | noise=1 | magnitude=100 | lead_time=2 | PID 1164005 | GPU None
[2026-07-15T18:41:57] Started None | no_training_ma_044_half_yearly_medium_mag_noise100_lt2 | run_5 | freq=26 | noise=1 | magnitude=100 | lead_time=2 | PID 1164015 | GPU None
[2026-07-15T18:42:00] Started None | no_training_ma_044_half_yearly_medium_mag_noise100_lt2 | run_6 | freq=26 | noise=1 | magnitude=100 | lead_time=2 | PID 1164037 | GPU None
[2026-07-15T18:42:03] Started None | no_training_ma_044_half_yearly_medium_mag_noise100_lt2 | run_7 | freq=26 | noise=1 | magnitude=100 | lead_time=2 | PID 1164087 | GPU None
[2026-07-15T18:42:07] Started None | no_training_ma_044_half_yearly_medium_mag_noise100_lt2 | run_8 | freq=26 | noise=1 | magnitude=100 | lead_time=2 | PID 1164164 | GPU None
[2026-07-15T18:42:10] Started None | no_training_ma_044_half_yearly_medium_mag_noise100_lt2 | run_9 | freq=26 | noise=1 | magnitude=100 | lead_time=2 | PID 1164361 | GPU None
[2026-07-15T18:42:14] Started None | no_training_ma_045_half_yearly_medium_mag_noise100_lt3 | run_0 | freq=26 | noise=1 | magnitude=100 | lead_time=3 | PID 1164454 | GPU None
[2026-07-15T18:42:17] Started None | no_training_ma_045_half_yearly_medium_mag_noise100_lt3 | run_1 | freq=26 | noise=1 | magnitude=100 | lead_time=3 | PID 1164548 | GPU None
[2026-07-15T18:42:20] Started None | no_training_ma_045_half_yearly_medium_mag_noise100_lt3 | run_2 | freq=26 | noise=1 | magnitude=100 | lead_time=3 | PID 1164652 | GPU None
[2026-07-15T18:42:23] Started None | no_training_ma_045_half_yearly_medium_mag_noise100_lt3 | run_3 | freq=26 | noise=1 | magnitude=100 | lead_time=3 | PID 1164690 | GPU None
[2026-07-15T18:42:26] Started None | no_training_ma_045_half_yearly_medium_mag_noise100_lt3 | run_4 | freq=26 | noise=1 | magnitude=100 | lead_time=3 | PID 1164699 | GPU None
[2026-07-15T18:42:30] Started None | no_training_ma_045_half_yearly_medium_mag_noise100_lt3 | run_5 | freq=26 | noise=1 | magnitude=100 | lead_time=3 | PID 1164718 | GPU None
[2026-07-15T18:42:33] Started None | no_training_ma_045_half_yearly_medium_mag_noise100_lt3 | run_6 | freq=26 | noise=1 | magnitude=100 | lead_time=3 | PID 1164723 | GPU None
[2026-07-15T18:42:36] Started None | no_training_ma_045_half_yearly_medium_mag_noise100_lt3 | run_7 | freq=26 | noise=1 | magnitude=100 | lead_time=3 | PID 1164743 | GPU None
[2026-07-15T18:42:39] Started None | no_training_ma_045_half_yearly_medium_mag_noise100_lt3 | run_8 | freq=26 | noise=1 | magnitude=100 | lead_time=3 | PID 1164751 | GPU None
[2026-07-15T18:42:43] Started None | no_training_ma_045_half_yearly_medium_mag_noise100_lt3 | run_9 | freq=26 | noise=1 | magnitude=100 | lead_time=3 | PID 1164946 | GPU None
[2026-07-15T18:42:46] Finished None | no_training_ma_045_half_yearly_medium_mag_noise100_lt3 | run_7 | freq=26 | noise=1 | magnitude=100 | lead_time=3
[2026-07-15T18:42:47] Started None | no_training_ma_046_half_yearly_high_mag_noise0_lt1 | run_0 | freq=26 | noise=1 | magnitude=200 | lead_time=1 | PID 1164962 | GPU None
[2026-07-15T18:42:50] Started None | no_training_ma_046_half_yearly_high_mag_noise0_lt1 | run_1 | freq=26 | noise=1 | magnitude=200 | lead_time=1 | PID 1164975 | GPU None
[2026-07-15T18:42:53] Started None | no_training_ma_046_half_yearly_high_mag_noise0_lt1 | run_2 | freq=26 | noise=1 | magnitude=200 | lead_time=1 | PID 1164994 | GPU None
[2026-07-15T18:42:56] Started None | no_training_ma_046_half_yearly_high_mag_noise0_lt1 | run_3 | freq=26 | noise=1 | magnitude=200 | lead_time=1 | PID 1165009 | GPU None
[2026-07-15T18:43:00] Started None | no_training_ma_046_half_yearly_high_mag_noise0_lt1 | run_4 | freq=26 | noise=1 | magnitude=200 | lead_time=1 | PID 1165019 | GPU None
[2026-07-15T18:43:03] Started None | no_training_ma_046_half_yearly_high_mag_noise0_lt1 | run_5 | freq=26 | noise=1 | magnitude=200 | lead_time=1 | PID 1165041 | GPU None
[2026-07-15T18:43:06] Started None | no_training_ma_046_half_yearly_high_mag_noise0_lt1 | run_6 | freq=26 | noise=1 | magnitude=200 | lead_time=1 | PID 1165055 | GPU None
[2026-07-15T18:43:09] Started None | no_training_ma_046_half_yearly_high_mag_noise0_lt1 | run_7 | freq=26 | noise=1 | magnitude=200 | lead_time=1 | PID 1165066 | GPU None
[2026-07-15T18:43:12] Started None | no_training_ma_046_half_yearly_high_mag_noise0_lt1 | run_8 | freq=26 | noise=1 | magnitude=200 | lead_time=1 | PID 1165177 | GPU None
[2026-07-15T18:43:16] Started None | no_training_ma_046_half_yearly_high_mag_noise0_lt1 | run_9 | freq=26 | noise=1 | magnitude=200 | lead_time=1 | PID 1165251 | GPU None
[2026-07-15T18:43:19] Started None | no_training_ma_047_half_yearly_high_mag_noise0_lt2 | run_0 | freq=26 | noise=1 | magnitude=200 | lead_time=2 | PID 1165282 | GPU None
[2026-07-15T18:43:22] Started None | no_training_ma_047_half_yearly_high_mag_noise0_lt2 | run_1 | freq=26 | noise=1 | magnitude=200 | lead_time=2 | PID 1165318 | GPU None
[2026-07-15T18:43:26] Started None | no_training_ma_047_half_yearly_high_mag_noise0_lt2 | run_2 | freq=26 | noise=1 | magnitude=200 | lead_time=2 | PID 1165399 | GPU None
[2026-07-15T18:43:29] Started None | no_training_ma_047_half_yearly_high_mag_noise0_lt2 | run_3 | freq=26 | noise=1 | magnitude=200 | lead_time=2 | PID 1165495 | GPU None
[2026-07-15T18:43:32] Started None | no_training_ma_047_half_yearly_high_mag_noise0_lt2 | run_4 | freq=26 | noise=1 | magnitude=200 | lead_time=2 | PID 1165583 | GPU None
[2026-07-15T18:43:36] Started None | no_training_ma_047_half_yearly_high_mag_noise0_lt2 | run_5 | freq=26 | noise=1 | magnitude=200 | lead_time=2 | PID 1165672 | GPU None
[2026-07-15T18:43:39] Started None | no_training_ma_047_half_yearly_high_mag_noise0_lt2 | run_6 | freq=26 | noise=1 | magnitude=200 | lead_time=2 | PID 1165697 | GPU None
[2026-07-15T18:43:43] Started None | no_training_ma_047_half_yearly_high_mag_noise0_lt2 | run_7 | freq=26 | noise=1 | magnitude=200 | lead_time=2 | PID 1165826 | GPU None
[2026-07-15T18:43:46] Started None | no_training_ma_047_half_yearly_high_mag_noise0_lt2 | run_8 | freq=26 | noise=1 | magnitude=200 | lead_time=2 | PID 1165901 | GPU None
[2026-07-15T18:43:49] Started None | no_training_ma_047_half_yearly_high_mag_noise0_lt2 | run_9 | freq=26 | noise=1 | magnitude=200 | lead_time=2 | PID 1165924 | GPU None
[2026-07-15T18:43:53] Started None | no_training_ma_048_half_yearly_high_mag_noise0_lt3 | run_0 | freq=26 | noise=1 | magnitude=200 | lead_time=3 | PID 1165943 | GPU None
[2026-07-15T18:43:56] Started None | no_training_ma_048_half_yearly_high_mag_noise0_lt3 | run_1 | freq=26 | noise=1 | magnitude=200 | lead_time=3 | PID 1165947 | GPU None
[2026-07-15T18:44:00] Started None | no_training_ma_048_half_yearly_high_mag_noise0_lt3 | run_2 | freq=26 | noise=1 | magnitude=200 | lead_time=3 | PID 1165966 | GPU None
[2026-07-15T18:44:03] Started None | no_training_ma_048_half_yearly_high_mag_noise0_lt3 | run_3 | freq=26 | noise=1 | magnitude=200 | lead_time=3 | PID 1165983 | GPU None
[2026-07-15T18:44:07] Started None | no_training_ma_048_half_yearly_high_mag_noise0_lt3 | run_4 | freq=26 | noise=1 | magnitude=200 | lead_time=3 | PID 1166009 | GPU None
[2026-07-15T18:44:10] Started None | no_training_ma_048_half_yearly_high_mag_noise0_lt3 | run_5 | freq=26 | noise=1 | magnitude=200 | lead_time=3 | PID 1166028 | GPU None
[2026-07-15T18:44:14] Started None | no_training_ma_048_half_yearly_high_mag_noise0_lt3 | run_6 | freq=26 | noise=1 | magnitude=200 | lead_time=3 | PID 1166032 | GPU None
[2026-07-15T18:44:17] Started None | no_training_ma_048_half_yearly_high_mag_noise0_lt3 | run_7 | freq=26 | noise=1 | magnitude=200 | lead_time=3 | PID 1166165 | GPU None
[2026-07-15T18:44:20] Started None | no_training_ma_048_half_yearly_high_mag_noise0_lt3 | run_8 | freq=26 | noise=1 | magnitude=200 | lead_time=3 | PID 1166262 | GPU None
[2026-07-15T18:44:24] Started None | no_training_ma_048_half_yearly_high_mag_noise0_lt3 | run_9 | freq=26 | noise=1 | magnitude=200 | lead_time=3 | PID 1166267 | GPU None
[2026-07-15T18:44:27] Started None | no_training_ma_049_half_yearly_high_mag_noise10_lt1 | run_0 | freq=26 | noise=1 | magnitude=200 | lead_time=1 | PID 1166286 | GPU None
[2026-07-15T18:44:30] Started None | no_training_ma_049_half_yearly_high_mag_noise10_lt1 | run_1 | freq=26 | noise=1 | magnitude=200 | lead_time=1 | PID 1166304 | GPU None
[2026-07-15T18:44:34] Started None | no_training_ma_049_half_yearly_high_mag_noise10_lt1 | run_2 | freq=26 | noise=1 | magnitude=200 | lead_time=1 | PID 1166309 | GPU None
[2026-07-15T18:44:37] Started None | no_training_ma_049_half_yearly_high_mag_noise10_lt1 | run_3 | freq=26 | noise=1 | magnitude=200 | lead_time=1 | PID 1166355 | GPU None
[2026-07-15T18:44:41] Started None | no_training_ma_049_half_yearly_high_mag_noise10_lt1 | run_4 | freq=26 | noise=1 | magnitude=200 | lead_time=1 | PID 1166461 | GPU None
[2026-07-15T18:44:44] Started None | no_training_ma_049_half_yearly_high_mag_noise10_lt1 | run_5 | freq=26 | noise=1 | magnitude=200 | lead_time=1 | PID 1166717 | GPU None
[2026-07-15T18:44:48] Started None | no_training_ma_049_half_yearly_high_mag_noise10_lt1 | run_6 | freq=26 | noise=1 | magnitude=200 | lead_time=1 | PID 1166826 | GPU None
[2026-07-15T18:44:51] Started None | no_training_ma_049_half_yearly_high_mag_noise10_lt1 | run_7 | freq=26 | noise=1 | magnitude=200 | lead_time=1 | PID 1166905 | GPU None
[2026-07-15T18:44:54] Started None | no_training_ma_049_half_yearly_high_mag_noise10_lt1 | run_8 | freq=26 | noise=1 | magnitude=200 | lead_time=1 | PID 1166919 | GPU None
[2026-07-15T18:44:58] Started None | no_training_ma_049_half_yearly_high_mag_noise10_lt1 | run_9 | freq=26 | noise=1 | magnitude=200 | lead_time=1 | PID 1166928 | GPU None
[2026-07-15T18:45:01] Started None | no_training_ma_050_half_yearly_high_mag_noise10_lt2 | run_0 | freq=26 | noise=1 | magnitude=200 | lead_time=2 | PID 1166950 | GPU None
[2026-07-15T18:45:04] Started None | no_training_ma_050_half_yearly_high_mag_noise10_lt2 | run_1 | freq=26 | noise=1 | magnitude=200 | lead_time=2 | PID 1166956 | GPU None
[2026-07-15T18:45:08] Started None | no_training_ma_050_half_yearly_high_mag_noise10_lt2 | run_2 | freq=26 | noise=1 | magnitude=200 | lead_time=2 | PID 1166979 | GPU None
[2026-07-15T18:45:12] Started None | no_training_ma_050_half_yearly_high_mag_noise10_lt2 | run_3 | freq=26 | noise=1 | magnitude=200 | lead_time=2 | PID 1167007 | GPU None
[2026-07-15T18:45:16] Started None | no_training_ma_050_half_yearly_high_mag_noise10_lt2 | run_4 | freq=26 | noise=1 | magnitude=200 | lead_time=2 | PID 1167026 | GPU None
[2026-07-15T18:45:19] Started None | no_training_ma_050_half_yearly_high_mag_noise10_lt2 | run_5 | freq=26 | noise=1 | magnitude=200 | lead_time=2 | PID 1167043 | GPU None
[2026-07-15T18:45:22] Started None | no_training_ma_050_half_yearly_high_mag_noise10_lt2 | run_6 | freq=26 | noise=1 | magnitude=200 | lead_time=2 | PID 1167175 | GPU None
[2026-07-15T18:45:25] Started None | no_training_ma_050_half_yearly_high_mag_noise10_lt2 | run_7 | freq=26 | noise=1 | magnitude=200 | lead_time=2 | PID 1167236 | GPU None
[2026-07-15T18:45:29] Finished None | no_training_ma_050_half_yearly_high_mag_noise10_lt2 | run_5 | freq=26 | noise=1 | magnitude=200 | lead_time=2
[2026-07-15T18:45:29] Started None | no_training_ma_050_half_yearly_high_mag_noise10_lt2 | run_8 | freq=26 | noise=1 | magnitude=200 | lead_time=2 | PID 1167251 | GPU None
[2026-07-15T18:45:32] Started None | no_training_ma_050_half_yearly_high_mag_noise10_lt2 | run_9 | freq=26 | noise=1 | magnitude=200 | lead_time=2 | PID 1167270 | GPU None
[2026-07-15T18:45:36] Started None | no_training_ma_051_half_yearly_high_mag_noise10_lt3 | run_0 | freq=26 | noise=1 | magnitude=200 | lead_time=3 | PID 1167285 | GPU None
[2026-07-15T18:45:39] Started None | no_training_ma_051_half_yearly_high_mag_noise10_lt3 | run_1 | freq=26 | noise=1 | magnitude=200 | lead_time=3 | PID 1167294 | GPU None
[2026-07-15T18:45:42] Started None | no_training_ma_051_half_yearly_high_mag_noise10_lt3 | run_2 | freq=26 | noise=1 | magnitude=200 | lead_time=3 | PID 1167315 | GPU None
[2026-07-15T18:45:45] Started None | no_training_ma_051_half_yearly_high_mag_noise10_lt3 | run_3 | freq=26 | noise=1 | magnitude=200 | lead_time=3 | PID 1167507 | GPU None
[2026-07-15T18:45:49] Started None | no_training_ma_051_half_yearly_high_mag_noise10_lt3 | run_4 | freq=26 | noise=1 | magnitude=200 | lead_time=3 | PID 1167516 | GPU None
[2026-07-15T18:45:52] Started None | no_training_ma_051_half_yearly_high_mag_noise10_lt3 | run_5 | freq=26 | noise=1 | magnitude=200 | lead_time=3 | PID 1167559 | GPU None
[2026-07-15T18:45:55] Started None | no_training_ma_051_half_yearly_high_mag_noise10_lt3 | run_6 | freq=26 | noise=1 | magnitude=200 | lead_time=3 | PID 1167630 | GPU None
[2026-07-15T18:45:58] Started None | no_training_ma_051_half_yearly_high_mag_noise10_lt3 | run_7 | freq=26 | noise=1 | magnitude=200 | lead_time=3 | PID 1167722 | GPU None
[2026-07-15T18:46:02] Started None | no_training_ma_051_half_yearly_high_mag_noise10_lt3 | run_8 | freq=26 | noise=1 | magnitude=200 | lead_time=3 | PID 1167811 | GPU None
[2026-07-15T18:46:05] Started None | no_training_ma_051_half_yearly_high_mag_noise10_lt3 | run_9 | freq=26 | noise=1 | magnitude=200 | lead_time=3 | PID 1167898 | GPU None
[2026-07-15T18:46:08] Started None | no_training_ma_052_half_yearly_high_mag_noise100_lt1 | run_0 | freq=26 | noise=1 | magnitude=200 | lead_time=1 | PID 1167938 | GPU None
[2026-07-15T18:46:12] Started None | no_training_ma_052_half_yearly_high_mag_noise100_lt1 | run_1 | freq=26 | noise=1 | magnitude=200 | lead_time=1 | PID 1167957 | GPU None
[2026-07-15T18:46:15] Started None | no_training_ma_052_half_yearly_high_mag_noise100_lt1 | run_2 | freq=26 | noise=1 | magnitude=200 | lead_time=1 | PID 1167977 | GPU None
[2026-07-15T18:46:19] Started None | no_training_ma_052_half_yearly_high_mag_noise100_lt1 | run_3 | freq=26 | noise=1 | magnitude=200 | lead_time=1 | PID 1168005 | GPU None
[2026-07-15T18:46:22] Started None | no_training_ma_052_half_yearly_high_mag_noise100_lt1 | run_4 | freq=26 | noise=1 | magnitude=200 | lead_time=1 | PID 1168018 | GPU None
[2026-07-15T18:46:25] Started None | no_training_ma_052_half_yearly_high_mag_noise100_lt1 | run_5 | freq=26 | noise=1 | magnitude=200 | lead_time=1 | PID 1168122 | GPU None
[2026-07-15T18:46:30] Started None | no_training_ma_052_half_yearly_high_mag_noise100_lt1 | run_6 | freq=26 | noise=1 | magnitude=200 | lead_time=1 | PID 1168212 | GPU None
[2026-07-15T18:46:33] Started None | no_training_ma_052_half_yearly_high_mag_noise100_lt1 | run_7 | freq=26 | noise=1 | magnitude=200 | lead_time=1 | PID 1168242 | GPU None
[2026-07-15T18:46:37] Started None | no_training_ma_052_half_yearly_high_mag_noise100_lt1 | run_8 | freq=26 | noise=1 | magnitude=200 | lead_time=1 | PID 1168257 | GPU None
[2026-07-15T18:46:40] Started None | no_training_ma_052_half_yearly_high_mag_noise100_lt1 | run_9 | freq=26 | noise=1 | magnitude=200 | lead_time=1 | PID 1168266 | GPU None
[2026-07-15T18:46:43] Started None | no_training_ma_053_half_yearly_high_mag_noise100_lt2 | run_0 | freq=26 | noise=1 | magnitude=200 | lead_time=2 | PID 1168289 | GPU None
[2026-07-15T18:46:46] Started None | no_training_ma_053_half_yearly_high_mag_noise100_lt2 | run_1 | freq=26 | noise=1 | magnitude=200 | lead_time=2 | PID 1168471 | GPU None
[2026-07-15T18:46:50] Started None | no_training_ma_053_half_yearly_high_mag_noise100_lt2 | run_2 | freq=26 | noise=1 | magnitude=200 | lead_time=2 | PID 1168490 | GPU None
[2026-07-15T18:46:53] Started None | no_training_ma_053_half_yearly_high_mag_noise100_lt2 | run_3 | freq=26 | noise=1 | magnitude=200 | lead_time=2 | PID 1168513 | GPU None
[2026-07-15T18:46:56] Started None | no_training_ma_053_half_yearly_high_mag_noise100_lt2 | run_4 | freq=26 | noise=1 | magnitude=200 | lead_time=2 | PID 1168517 | GPU None
[2026-07-15T18:46:59] Started None | no_training_ma_053_half_yearly_high_mag_noise100_lt2 | run_5 | freq=26 | noise=1 | magnitude=200 | lead_time=2 | PID 1168536 | GPU None
[2026-07-15T18:47:03] Started None | no_training_ma_053_half_yearly_high_mag_noise100_lt2 | run_6 | freq=26 | noise=1 | magnitude=200 | lead_time=2 | PID 1168558 | GPU None
[2026-07-15T18:47:06] Started None | no_training_ma_053_half_yearly_high_mag_noise100_lt2 | run_7 | freq=26 | noise=1 | magnitude=200 | lead_time=2 | PID 1168561 | GPU None
[2026-07-15T18:47:09] Started None | no_training_ma_053_half_yearly_high_mag_noise100_lt2 | run_8 | freq=26 | noise=1 | magnitude=200 | lead_time=2 | PID 1168678 | GPU None
[2026-07-15T18:47:13] Started None | no_training_ma_053_half_yearly_high_mag_noise100_lt2 | run_9 | freq=26 | noise=1 | magnitude=200 | lead_time=2 | PID 1168764 | GPU None
[2026-07-15T18:47:16] Started None | no_training_ma_054_half_yearly_high_mag_noise100_lt3 | run_0 | freq=26 | noise=1 | magnitude=200 | lead_time=3 | PID 1168864 | GPU None
[2026-07-15T18:47:20] Started None | no_training_ma_054_half_yearly_high_mag_noise100_lt3 | run_1 | freq=26 | noise=1 | magnitude=200 | lead_time=3 | PID 1168971 | GPU None
[2026-07-15T18:47:23] Started None | no_training_ma_054_half_yearly_high_mag_noise100_lt3 | run_2 | freq=26 | noise=1 | magnitude=200 | lead_time=3 | PID 1169016 | GPU None
[2026-07-15T18:47:27] Started None | no_training_ma_054_half_yearly_high_mag_noise100_lt3 | run_3 | freq=26 | noise=1 | magnitude=200 | lead_time=3 | PID 1169022 | GPU None
[2026-07-15T18:47:30] Started None | no_training_ma_054_half_yearly_high_mag_noise100_lt3 | run_4 | freq=26 | noise=1 | magnitude=200 | lead_time=3 | PID 1169153 | GPU None
[2026-07-15T18:47:34] Started None | no_training_ma_054_half_yearly_high_mag_noise100_lt3 | run_5 | freq=26 | noise=1 | magnitude=200 | lead_time=3 | PID 1169206 | GPU None
[2026-07-15T18:47:37] Started None | no_training_ma_054_half_yearly_high_mag_noise100_lt3 | run_6 | freq=26 | noise=1 | magnitude=200 | lead_time=3 | PID 1169231 | GPU None
[2026-07-15T18:47:40] Started None | no_training_ma_054_half_yearly_high_mag_noise100_lt3 | run_7 | freq=26 | noise=1 | magnitude=200 | lead_time=3 | PID 1169250 | GPU None
[2026-07-15T18:47:44] Started None | no_training_ma_054_half_yearly_high_mag_noise100_lt3 | run_8 | freq=26 | noise=1 | magnitude=200 | lead_time=3 | PID 1169271 | GPU None
[2026-07-15T18:47:47] Started None | no_training_ma_054_half_yearly_high_mag_noise100_lt3 | run_9 | freq=26 | noise=1 | magnitude=200 | lead_time=3 | PID 1169454 | GPU None
[2026-07-15T18:47:51] Started None | no_training_ma_055_quarterly_low_mag_noise0_lt1 | run_0 | freq=13 | noise=1 | magnitude=50 | lead_time=1 | PID 1169477 | GPU None
[2026-07-15T18:47:54] Started None | no_training_ma_055_quarterly_low_mag_noise0_lt1 | run_1 | freq=13 | noise=1 | magnitude=50 | lead_time=1 | PID 1169496 | GPU None
[2026-07-15T18:47:57] Started None | no_training_ma_055_quarterly_low_mag_noise0_lt1 | run_2 | freq=13 | noise=1 | magnitude=50 | lead_time=1 | PID 1169500 | GPU None
[2026-07-15T18:48:01] Started None | no_training_ma_055_quarterly_low_mag_noise0_lt1 | run_3 | freq=13 | noise=1 | magnitude=50 | lead_time=1 | PID 1169520 | GPU None
[2026-07-15T18:48:04] Started None | no_training_ma_055_quarterly_low_mag_noise0_lt1 | run_4 | freq=13 | noise=1 | magnitude=50 | lead_time=1 | PID 1169541 | GPU None
[2026-07-15T18:48:08] Started None | no_training_ma_055_quarterly_low_mag_noise0_lt1 | run_5 | freq=13 | noise=1 | magnitude=50 | lead_time=1 | PID 1169554 | GPU None
[2026-07-15T18:48:11] Finished None | no_training_ma_055_quarterly_low_mag_noise0_lt1 | run_3 | freq=13 | noise=1 | magnitude=50 | lead_time=1
[2026-07-15T18:48:12] Started None | no_training_ma_055_quarterly_low_mag_noise0_lt1 | run_6 | freq=13 | noise=1 | magnitude=50 | lead_time=1 | PID 1169566 | GPU None
[2026-07-15T18:48:15] Started None | no_training_ma_055_quarterly_low_mag_noise0_lt1 | run_7 | freq=13 | noise=1 | magnitude=50 | lead_time=1 | PID 1169589 | GPU None
[2026-07-15T18:48:18] Started None | no_training_ma_055_quarterly_low_mag_noise0_lt1 | run_8 | freq=13 | noise=1 | magnitude=50 | lead_time=1 | PID 1169611 | GPU None
[2026-07-15T18:48:22] Started None | no_training_ma_055_quarterly_low_mag_noise0_lt1 | run_9 | freq=13 | noise=1 | magnitude=50 | lead_time=1 | PID 1169639 | GPU None
[2026-07-15T18:48:25] Started None | no_training_ma_056_quarterly_low_mag_noise0_lt2 | run_0 | freq=13 | noise=1 | magnitude=50 | lead_time=2 | PID 1169730 | GPU None
[2026-07-15T18:48:28] Started None | no_training_ma_056_quarterly_low_mag_noise0_lt2 | run_1 | freq=13 | noise=1 | magnitude=50 | lead_time=2 | PID 1169797 | GPU None
[2026-07-15T18:48:31] Started None | no_training_ma_056_quarterly_low_mag_noise0_lt2 | run_2 | freq=13 | noise=1 | magnitude=50 | lead_time=2 | PID 1169977 | GPU None
[2026-07-15T18:48:35] Started None | no_training_ma_056_quarterly_low_mag_noise0_lt2 | run_3 | freq=13 | noise=1 | magnitude=50 | lead_time=2 | PID 1170072 | GPU None
[2026-07-15T18:48:38] Started None | no_training_ma_056_quarterly_low_mag_noise0_lt2 | run_4 | freq=13 | noise=1 | magnitude=50 | lead_time=2 | PID 1170135 | GPU None
[2026-07-15T18:48:42] Started None | no_training_ma_056_quarterly_low_mag_noise0_lt2 | run_5 | freq=13 | noise=1 | magnitude=50 | lead_time=2 | PID 1170201 | GPU None
[2026-07-15T18:48:45] Started None | no_training_ma_056_quarterly_low_mag_noise0_lt2 | run_6 | freq=13 | noise=1 | magnitude=50 | lead_time=2 | PID 1170219 | GPU None
[2026-07-15T18:48:48] Started None | no_training_ma_056_quarterly_low_mag_noise0_lt2 | run_7 | freq=13 | noise=1 | magnitude=50 | lead_time=2 | PID 1170402 | GPU None
[2026-07-15T18:48:52] Started None | no_training_ma_056_quarterly_low_mag_noise0_lt2 | run_8 | freq=13 | noise=1 | magnitude=50 | lead_time=2 | PID 1170424 | GPU None
[2026-07-15T18:48:55] Started None | no_training_ma_056_quarterly_low_mag_noise0_lt2 | run_9 | freq=13 | noise=1 | magnitude=50 | lead_time=2 | PID 1170444 | GPU None
[2026-07-15T18:48:58] Started None | no_training_ma_057_quarterly_low_mag_noise0_lt3 | run_0 | freq=13 | noise=1 | magnitude=50 | lead_time=3 | PID 1170448 | GPU None
[2026-07-15T18:49:01] Started None | no_training_ma_057_quarterly_low_mag_noise0_lt3 | run_1 | freq=13 | noise=1 | magnitude=50 | lead_time=3 | PID 1170473 | GPU None
[2026-07-15T18:49:07] Started None | no_training_ma_057_quarterly_low_mag_noise0_lt3 | run_2 | freq=13 | noise=1 | magnitude=50 | lead_time=3 | PID 1170519 | GPU None
[2026-07-15T18:49:10] Started None | no_training_ma_057_quarterly_low_mag_noise0_lt3 | run_3 | freq=13 | noise=1 | magnitude=50 | lead_time=3 | PID 1170538 | GPU None
[2026-07-15T18:49:15] Started None | no_training_ma_057_quarterly_low_mag_noise0_lt3 | run_4 | freq=13 | noise=1 | magnitude=50 | lead_time=3 | PID 1170564 | GPU None
[2026-07-15T18:49:18] Started None | no_training_ma_057_quarterly_low_mag_noise0_lt3 | run_5 | freq=13 | noise=1 | magnitude=50 | lead_time=3 | PID 1170585 | GPU None
[2026-07-15T18:49:21] Started None | no_training_ma_057_quarterly_low_mag_noise0_lt3 | run_6 | freq=13 | noise=1 | magnitude=50 | lead_time=3 | PID 1170604 | GPU None
[2026-07-15T18:49:24] Started None | no_training_ma_057_quarterly_low_mag_noise0_lt3 | run_7 | freq=13 | noise=1 | magnitude=50 | lead_time=3 | PID 1170608 | GPU None
[2026-07-15T18:49:28] Started None | no_training_ma_057_quarterly_low_mag_noise0_lt3 | run_8 | freq=13 | noise=1 | magnitude=50 | lead_time=3 | PID 1170627 | GPU None
[2026-07-15T18:49:31] Started None | no_training_ma_057_quarterly_low_mag_noise0_lt3 | run_9 | freq=13 | noise=1 | magnitude=50 | lead_time=3 | PID 1170631 | GPU None
[2026-07-15T18:49:34] Started None | no_training_ma_058_quarterly_low_mag_noise10_lt1 | run_0 | freq=13 | noise=1 | magnitude=50 | lead_time=1 | PID 1170759 | GPU None
[2026-07-15T18:49:37] Started None | no_training_ma_058_quarterly_low_mag_noise10_lt1 | run_1 | freq=13 | noise=1 | magnitude=50 | lead_time=1 | PID 1170817 | GPU None
[2026-07-15T18:49:41] Started None | no_training_ma_058_quarterly_low_mag_noise10_lt1 | run_2 | freq=13 | noise=1 | magnitude=50 | lead_time=1 | PID 1171468 | GPU None
[2026-07-15T18:49:44] Started None | no_training_ma_058_quarterly_low_mag_noise10_lt1 | run_3 | freq=13 | noise=1 | magnitude=50 | lead_time=1 | PID 1174629 | GPU None
[2026-07-15T18:49:47] Started None | no_training_ma_058_quarterly_low_mag_noise10_lt1 | run_4 | freq=13 | noise=1 | magnitude=50 | lead_time=1 | PID 1174923 | GPU None
[2026-07-15T18:49:51] Started None | no_training_ma_058_quarterly_low_mag_noise10_lt1 | run_5 | freq=13 | noise=1 | magnitude=50 | lead_time=1 | PID 1175014 | GPU None
[2026-07-15T18:49:54] Started None | no_training_ma_058_quarterly_low_mag_noise10_lt1 | run_6 | freq=13 | noise=1 | magnitude=50 | lead_time=1 | PID 1177508 | GPU None
[2026-07-15T18:49:57] Started None | no_training_ma_058_quarterly_low_mag_noise10_lt1 | run_7 | freq=13 | noise=1 | magnitude=50 | lead_time=1 | PID 1180076 | GPU None
[2026-07-15T18:50:01] Started None | no_training_ma_058_quarterly_low_mag_noise10_lt1 | run_8 | freq=13 | noise=1 | magnitude=50 | lead_time=1 | PID 1180108 | GPU None
[2026-07-15T18:50:04] Started None | no_training_ma_058_quarterly_low_mag_noise10_lt1 | run_9 | freq=13 | noise=1 | magnitude=50 | lead_time=1 | PID 1180796 | GPU None
[2026-07-15T18:50:07] Started None | no_training_ma_059_quarterly_low_mag_noise10_lt2 | run_0 | freq=13 | noise=1 | magnitude=50 | lead_time=2 | PID 1181327 | GPU None
[2026-07-15T18:50:11] Started None | no_training_ma_059_quarterly_low_mag_noise10_lt2 | run_1 | freq=13 | noise=1 | magnitude=50 | lead_time=2 | PID 1181336 | GPU None
[2026-07-15T18:50:14] Started None | no_training_ma_059_quarterly_low_mag_noise10_lt2 | run_2 | freq=13 | noise=1 | magnitude=50 | lead_time=2 | PID 1181355 | GPU None
[2026-07-15T18:50:18] Started None | no_training_ma_059_quarterly_low_mag_noise10_lt2 | run_3 | freq=13 | noise=1 | magnitude=50 | lead_time=2 | PID 1181401 | GPU None
[2026-07-15T18:50:21] Started None | no_training_ma_059_quarterly_low_mag_noise10_lt2 | run_4 | freq=13 | noise=1 | magnitude=50 | lead_time=2 | PID 1181409 | GPU None
[2026-07-15T18:50:24] Started None | no_training_ma_059_quarterly_low_mag_noise10_lt2 | run_5 | freq=13 | noise=1 | magnitude=50 | lead_time=2 | PID 1181429 | GPU None
[2026-07-15T18:50:27] Started None | no_training_ma_059_quarterly_low_mag_noise10_lt2 | run_6 | freq=13 | noise=1 | magnitude=50 | lead_time=2 | PID 1181432 | GPU None
[2026-07-15T18:50:31] Started None | no_training_ma_059_quarterly_low_mag_noise10_lt2 | run_7 | freq=13 | noise=1 | magnitude=50 | lead_time=2 | PID 1181458 | GPU None
[2026-07-15T18:50:36] Started None | no_training_ma_059_quarterly_low_mag_noise10_lt2 | run_8 | freq=13 | noise=1 | magnitude=50 | lead_time=2 | PID 1181587 | GPU None
[2026-07-15T18:50:39] Started None | no_training_ma_059_quarterly_low_mag_noise10_lt2 | run_9 | freq=13 | noise=1 | magnitude=50 | lead_time=2 | PID 1181610 | GPU None
[2026-07-15T18:50:43] Started None | no_training_ma_060_quarterly_low_mag_noise10_lt3 | run_0 | freq=13 | noise=1 | magnitude=50 | lead_time=3 | PID 1181627 | GPU None
[2026-07-15T18:50:47] Started None | no_training_ma_060_quarterly_low_mag_noise10_lt3 | run_1 | freq=13 | noise=1 | magnitude=50 | lead_time=3 | PID 1181650 | GPU None
[2026-07-15T18:50:50] Started None | no_training_ma_060_quarterly_low_mag_noise10_lt3 | run_2 | freq=13 | noise=1 | magnitude=50 | lead_time=3 | PID 1181881 | GPU None
[2026-07-15T18:50:53] Started None | no_training_ma_060_quarterly_low_mag_noise10_lt3 | run_3 | freq=13 | noise=1 | magnitude=50 | lead_time=3 | PID 1181920 | GPU None
[2026-07-15T18:50:58] Finished None | no_training_ma_060_quarterly_low_mag_noise10_lt3 | run_0 | freq=13 | noise=1 | magnitude=50 | lead_time=3
[2026-07-15T18:50:58] Started None | no_training_ma_060_quarterly_low_mag_noise10_lt3 | run_4 | freq=13 | noise=1 | magnitude=50 | lead_time=3 | PID 1181945 | GPU None
[2026-07-15T18:51:02] Started None | no_training_ma_060_quarterly_low_mag_noise10_lt3 | run_5 | freq=13 | noise=1 | magnitude=50 | lead_time=3 | PID 1182031 | GPU None
[2026-07-15T18:51:06] Started None | no_training_ma_060_quarterly_low_mag_noise10_lt3 | run_6 | freq=13 | noise=1 | magnitude=50 | lead_time=3 | PID 1182142 | GPU None
[2026-07-15T18:51:09] Started None | no_training_ma_060_quarterly_low_mag_noise10_lt3 | run_7 | freq=13 | noise=1 | magnitude=50 | lead_time=3 | PID 1182206 | GPU None
[2026-07-15T18:51:12] Started None | no_training_ma_060_quarterly_low_mag_noise10_lt3 | run_8 | freq=13 | noise=1 | magnitude=50 | lead_time=3 | PID 1182285 | GPU None
[2026-07-15T18:51:16] Started None | no_training_ma_060_quarterly_low_mag_noise10_lt3 | run_9 | freq=13 | noise=1 | magnitude=50 | lead_time=3 | PID 1182375 | GPU None
[2026-07-15T18:51:19] Started None | no_training_ma_061_quarterly_low_mag_noise100_lt1 | run_0 | freq=13 | noise=1 | magnitude=50 | lead_time=1 | PID 1182387 | GPU None
[2026-07-15T18:51:22] Started None | no_training_ma_061_quarterly_low_mag_noise100_lt1 | run_1 | freq=13 | noise=1 | magnitude=50 | lead_time=1 | PID 1182406 | GPU None
[2026-07-15T18:51:25] Started None | no_training_ma_061_quarterly_low_mag_noise100_lt1 | run_2 | freq=13 | noise=1 | magnitude=50 | lead_time=1 | PID 1182420 | GPU None
[2026-07-15T18:51:29] Started None | no_training_ma_061_quarterly_low_mag_noise100_lt1 | run_3 | freq=13 | noise=1 | magnitude=50 | lead_time=1 | PID 1182429 | GPU None
[2026-07-15T18:51:32] Started None | no_training_ma_061_quarterly_low_mag_noise100_lt1 | run_4 | freq=13 | noise=1 | magnitude=50 | lead_time=1 | PID 1182448 | GPU None
[2026-07-15T18:51:35] Started None | no_training_ma_061_quarterly_low_mag_noise100_lt1 | run_5 | freq=13 | noise=1 | magnitude=50 | lead_time=1 | PID 1182462 | GPU None
[2026-07-15T18:51:38] Started None | no_training_ma_061_quarterly_low_mag_noise100_lt1 | run_6 | freq=13 | noise=1 | magnitude=50 | lead_time=1 | PID 1182575 | GPU None
[2026-07-15T18:51:42] Started None | no_training_ma_061_quarterly_low_mag_noise100_lt1 | run_7 | freq=13 | noise=1 | magnitude=50 | lead_time=1 | PID 1182601 | GPU None
[2026-07-15T18:51:45] Started None | no_training_ma_061_quarterly_low_mag_noise100_lt1 | run_8 | freq=13 | noise=1 | magnitude=50 | lead_time=1 | PID 1182605 | GPU None
[2026-07-15T18:51:49] Started None | no_training_ma_061_quarterly_low_mag_noise100_lt1 | run_9 | freq=13 | noise=1 | magnitude=50 | lead_time=1 | PID 1182803 | GPU None
[2026-07-15T18:51:52] Started None | no_training_ma_062_quarterly_low_mag_noise100_lt2 | run_0 | freq=13 | noise=1 | magnitude=50 | lead_time=2 | PID 1182843 | GPU None
[2026-07-15T18:51:56] Started None | no_training_ma_062_quarterly_low_mag_noise100_lt2 | run_1 | freq=13 | noise=1 | magnitude=50 | lead_time=2 | PID 1182894 | GPU None
[2026-07-15T18:51:59] Started None | no_training_ma_062_quarterly_low_mag_noise100_lt2 | run_2 | freq=13 | noise=1 | magnitude=50 | lead_time=2 | PID 1182903 | GPU None
[2026-07-15T18:52:02] Started None | no_training_ma_062_quarterly_low_mag_noise100_lt2 | run_3 | freq=13 | noise=1 | magnitude=50 | lead_time=2 | PID 1182924 | GPU None
[2026-07-15T18:52:05] Started None | no_training_ma_062_quarterly_low_mag_noise100_lt2 | run_4 | freq=13 | noise=1 | magnitude=50 | lead_time=2 | PID 1182931 | GPU None
[2026-07-15T18:52:09] Started None | no_training_ma_062_quarterly_low_mag_noise100_lt2 | run_5 | freq=13 | noise=1 | magnitude=50 | lead_time=2 | PID 1182972 | GPU None
[2026-07-15T18:52:14] Started None | no_training_ma_062_quarterly_low_mag_noise100_lt2 | run_6 | freq=13 | noise=1 | magnitude=50 | lead_time=2 | PID 1182997 | GPU None
[2026-07-15T18:52:17] Started None | no_training_ma_062_quarterly_low_mag_noise100_lt2 | run_7 | freq=13 | noise=1 | magnitude=50 | lead_time=2 | PID 1183068 | GPU None
[2026-07-15T18:52:21] Started None | no_training_ma_062_quarterly_low_mag_noise100_lt2 | run_8 | freq=13 | noise=1 | magnitude=50 | lead_time=2 | PID 1183147 | GPU None
[2026-07-15T18:52:25] Started None | no_training_ma_062_quarterly_low_mag_noise100_lt2 | run_9 | freq=13 | noise=1 | magnitude=50 | lead_time=2 | PID 1183254 | GPU None
[2026-07-15T18:52:28] Started None | no_training_ma_063_quarterly_low_mag_noise100_lt3 | run_0 | freq=13 | noise=1 | magnitude=50 | lead_time=3 | PID 1183336 | GPU None
[2026-07-15T18:52:32] Started None | no_training_ma_063_quarterly_low_mag_noise100_lt3 | run_1 | freq=13 | noise=1 | magnitude=50 | lead_time=3 | PID 1183425 | GPU None
[2026-07-15T18:52:36] Started None | no_training_ma_063_quarterly_low_mag_noise100_lt3 | run_2 | freq=13 | noise=1 | magnitude=50 | lead_time=3 | PID 1183447 | GPU None
[2026-07-15T18:52:39] Started None | no_training_ma_063_quarterly_low_mag_noise100_lt3 | run_3 | freq=13 | noise=1 | magnitude=50 | lead_time=3 | PID 1183538 | GPU None
[2026-07-15T18:52:43] Started None | no_training_ma_063_quarterly_low_mag_noise100_lt3 | run_4 | freq=13 | noise=1 | magnitude=50 | lead_time=3 | PID 1183604 | GPU None
[2026-07-15T18:52:47] Started None | no_training_ma_063_quarterly_low_mag_noise100_lt3 | run_5 | freq=13 | noise=1 | magnitude=50 | lead_time=3 | PID 1183613 | GPU None
[2026-07-15T18:52:50] Started None | no_training_ma_063_quarterly_low_mag_noise100_lt3 | run_6 | freq=13 | noise=1 | magnitude=50 | lead_time=3 | PID 1183809 | GPU None
[2026-07-15T18:52:53] Started None | no_training_ma_063_quarterly_low_mag_noise100_lt3 | run_7 | freq=13 | noise=1 | magnitude=50 | lead_time=3 | PID 1183843 | GPU None
[2026-07-15T18:52:58] Started None | no_training_ma_063_quarterly_low_mag_noise100_lt3 | run_8 | freq=13 | noise=1 | magnitude=50 | lead_time=3 | PID 1183915 | GPU None
[2026-07-15T18:53:01] Started None | no_training_ma_063_quarterly_low_mag_noise100_lt3 | run_9 | freq=13 | noise=1 | magnitude=50 | lead_time=3 | PID 1183923 | GPU None
[2026-07-15T18:53:04] Started None | no_training_ma_064_quarterly_medium_mag_noise0_lt1 | run_0 | freq=13 | noise=1 | magnitude=100 | lead_time=1 | PID 1183955 | GPU None
[2026-07-15T18:53:09] Started None | no_training_ma_064_quarterly_medium_mag_noise0_lt1 | run_1 | freq=13 | noise=1 | magnitude=100 | lead_time=1 | PID 1183978 | GPU None
[2026-07-15T18:53:12] Started None | no_training_ma_064_quarterly_medium_mag_noise0_lt1 | run_2 | freq=13 | noise=1 | magnitude=100 | lead_time=1 | PID 1183981 | GPU None
[2026-07-15T18:53:15] Started None | no_training_ma_064_quarterly_medium_mag_noise0_lt1 | run_3 | freq=13 | noise=1 | magnitude=100 | lead_time=1 | PID 1184017 | GPU None
[2026-07-15T18:53:20] Started None | no_training_ma_064_quarterly_medium_mag_noise0_lt1 | run_4 | freq=13 | noise=1 | magnitude=100 | lead_time=1 | PID 1184061 | GPU None
[2026-07-15T18:53:23] Started None | no_training_ma_064_quarterly_medium_mag_noise0_lt1 | run_5 | freq=13 | noise=1 | magnitude=100 | lead_time=1 | PID 1184066 | GPU None
[2026-07-15T18:53:26] Started None | no_training_ma_064_quarterly_medium_mag_noise0_lt1 | run_6 | freq=13 | noise=1 | magnitude=100 | lead_time=1 | PID 1184096 | GPU None
[2026-07-15T18:53:30] Started None | no_training_ma_064_quarterly_medium_mag_noise0_lt1 | run_7 | freq=13 | noise=1 | magnitude=100 | lead_time=1 | PID 1184115 | GPU None
[2026-07-15T18:53:33] Started None | no_training_ma_064_quarterly_medium_mag_noise0_lt1 | run_8 | freq=13 | noise=1 | magnitude=100 | lead_time=1 | PID 1184164 | GPU None
[2026-07-15T18:53:37] Started None | no_training_ma_064_quarterly_medium_mag_noise0_lt1 | run_9 | freq=13 | noise=1 | magnitude=100 | lead_time=1 | PID 1184242 | GPU None
[2026-07-15T18:53:41] Started None | no_training_ma_065_quarterly_medium_mag_noise0_lt2 | run_0 | freq=13 | noise=1 | magnitude=100 | lead_time=2 | PID 1184356 | GPU None
[2026-07-15T18:53:44] Finished None | no_training_ma_064_quarterly_medium_mag_noise0_lt1 | run_9 | freq=13 | noise=1 | magnitude=100 | lead_time=1
[2026-07-15T18:53:45] Started None | no_training_ma_065_quarterly_medium_mag_noise0_lt2 | run_1 | freq=13 | noise=1 | magnitude=100 | lead_time=2 | PID 1184557 | GPU None
[2026-07-15T18:53:48] Started None | no_training_ma_065_quarterly_medium_mag_noise0_lt2 | run_2 | freq=13 | noise=1 | magnitude=100 | lead_time=2 | PID 1184640 | GPU None
[2026-07-15T18:53:52] Started None | no_training_ma_065_quarterly_medium_mag_noise0_lt2 | run_3 | freq=13 | noise=1 | magnitude=100 | lead_time=2 | PID 1184845 | GPU None
[2026-07-15T18:53:55] Started None | no_training_ma_065_quarterly_medium_mag_noise0_lt2 | run_4 | freq=13 | noise=1 | magnitude=100 | lead_time=2 | PID 1184867 | GPU None
[2026-07-15T18:53:58] Started None | no_training_ma_065_quarterly_medium_mag_noise0_lt2 | run_5 | freq=13 | noise=1 | magnitude=100 | lead_time=2 | PID 1184909 | GPU None
[2026-07-15T18:54:03] Started None | no_training_ma_065_quarterly_medium_mag_noise0_lt2 | run_6 | freq=13 | noise=1 | magnitude=100 | lead_time=2 | PID 1184962 | GPU None
[2026-07-15T18:54:06] Started None | no_training_ma_065_quarterly_medium_mag_noise0_lt2 | run_7 | freq=13 | noise=1 | magnitude=100 | lead_time=2 | PID 1184998 | GPU None
[2026-07-15T18:54:10] Started None | no_training_ma_065_quarterly_medium_mag_noise0_lt2 | run_8 | freq=13 | noise=1 | magnitude=100 | lead_time=2 | PID 1185028 | GPU None
[2026-07-15T18:54:14] Started None | no_training_ma_065_quarterly_medium_mag_noise0_lt2 | run_9 | freq=13 | noise=1 | magnitude=100 | lead_time=2 | PID 1185045 | GPU None
[2026-07-15T18:54:17] Started None | no_training_ma_066_quarterly_medium_mag_noise0_lt3 | run_0 | freq=13 | noise=1 | magnitude=100 | lead_time=3 | PID 1185065 | GPU None
[2026-07-15T18:54:21] Started None | no_training_ma_066_quarterly_medium_mag_noise0_lt3 | run_1 | freq=13 | noise=1 | magnitude=100 | lead_time=3 | PID 1185097 | GPU None
[2026-07-15T18:54:25] Started None | no_training_ma_066_quarterly_medium_mag_noise0_lt3 | run_2 | freq=13 | noise=1 | magnitude=100 | lead_time=3 | PID 1185111 | GPU None
[2026-07-15T18:54:28] Started None | no_training_ma_066_quarterly_medium_mag_noise0_lt3 | run_3 | freq=13 | noise=1 | magnitude=100 | lead_time=3 | PID 1185119 | GPU None
[2026-07-15T18:54:31] Started None | no_training_ma_066_quarterly_medium_mag_noise0_lt3 | run_4 | freq=13 | noise=1 | magnitude=100 | lead_time=3 | PID 1185148 | GPU None
[2026-07-15T18:54:35] Started None | no_training_ma_066_quarterly_medium_mag_noise0_lt3 | run_5 | freq=13 | noise=1 | magnitude=100 | lead_time=3 | PID 1185170 | GPU None
[2026-07-15T18:54:39] Started None | no_training_ma_066_quarterly_medium_mag_noise0_lt3 | run_6 | freq=13 | noise=1 | magnitude=100 | lead_time=3 | PID 1185173 | GPU None
[2026-07-15T18:54:42] Started None | no_training_ma_066_quarterly_medium_mag_noise0_lt3 | run_7 | freq=13 | noise=1 | magnitude=100 | lead_time=3 | PID 1185207 | GPU None
[2026-07-15T18:54:46] Started None | no_training_ma_066_quarterly_medium_mag_noise0_lt3 | run_8 | freq=13 | noise=1 | magnitude=100 | lead_time=3 | PID 1185329 | GPU None
[2026-07-15T18:54:49] Started None | no_training_ma_066_quarterly_medium_mag_noise0_lt3 | run_9 | freq=13 | noise=1 | magnitude=100 | lead_time=3 | PID 1185352 | GPU None
[2026-07-15T18:54:52] Started None | no_training_ma_067_quarterly_medium_mag_noise10_lt1 | run_0 | freq=13 | noise=1 | magnitude=100 | lead_time=1 | PID 1185638 | GPU None
[2026-07-15T18:54:57] Started None | no_training_ma_067_quarterly_medium_mag_noise10_lt1 | run_1 | freq=13 | noise=1 | magnitude=100 | lead_time=1 | PID 1185776 | GPU None
[2026-07-15T18:55:00] Started None | no_training_ma_067_quarterly_medium_mag_noise10_lt1 | run_2 | freq=13 | noise=1 | magnitude=100 | lead_time=1 | PID 1185864 | GPU None
[2026-07-15T18:55:03] Started None | no_training_ma_067_quarterly_medium_mag_noise10_lt1 | run_3 | freq=13 | noise=1 | magnitude=100 | lead_time=1 | PID 1185946 | GPU None
[2026-07-15T18:55:08] Started None | no_training_ma_067_quarterly_medium_mag_noise10_lt1 | run_4 | freq=13 | noise=1 | magnitude=100 | lead_time=1 | PID 1186021 | GPU None
[2026-07-15T18:55:11] Started None | no_training_ma_067_quarterly_medium_mag_noise10_lt1 | run_5 | freq=13 | noise=1 | magnitude=100 | lead_time=1 | PID 1186039 | GPU None
[2026-07-15T18:55:14] Started None | no_training_ma_067_quarterly_medium_mag_noise10_lt1 | run_6 | freq=13 | noise=1 | magnitude=100 | lead_time=1 | PID 1186053 | GPU None
[2026-07-15T18:55:19] Started None | no_training_ma_067_quarterly_medium_mag_noise10_lt1 | run_7 | freq=13 | noise=1 | magnitude=100 | lead_time=1 | PID 1186087 | GPU None
[2026-07-15T18:55:22] Started None | no_training_ma_067_quarterly_medium_mag_noise10_lt1 | run_8 | freq=13 | noise=1 | magnitude=100 | lead_time=1 | PID 1186105 | GPU None
[2026-07-15T18:55:25] Started None | no_training_ma_067_quarterly_medium_mag_noise10_lt1 | run_9 | freq=13 | noise=1 | magnitude=100 | lead_time=1 | PID 1186129 | GPU None
[2026-07-15T18:55:30] Started None | no_training_ma_068_quarterly_medium_mag_noise10_lt2 | run_0 | freq=13 | noise=1 | magnitude=100 | lead_time=2 | PID 1186141 | GPU None
[2026-07-15T18:55:33] Started None | no_training_ma_068_quarterly_medium_mag_noise10_lt2 | run_1 | freq=13 | noise=1 | magnitude=100 | lead_time=2 | PID 1186159 | GPU None
[2026-07-15T18:55:36] Started None | no_training_ma_068_quarterly_medium_mag_noise10_lt2 | run_2 | freq=13 | noise=1 | magnitude=100 | lead_time=2 | PID 1186186 | GPU None
[2026-07-15T18:55:40] Started None | no_training_ma_068_quarterly_medium_mag_noise10_lt2 | run_3 | freq=13 | noise=1 | magnitude=100 | lead_time=2 | PID 1186195 | GPU None
[2026-07-15T18:55:43] Started None | no_training_ma_068_quarterly_medium_mag_noise10_lt2 | run_4 | freq=13 | noise=1 | magnitude=100 | lead_time=2 | PID 1186216 | GPU None
[2026-07-15T18:55:47] Started None | no_training_ma_068_quarterly_medium_mag_noise10_lt2 | run_5 | freq=13 | noise=1 | magnitude=100 | lead_time=2 | PID 1186310 | GPU None
[2026-07-15T18:55:51] Started None | no_training_ma_068_quarterly_medium_mag_noise10_lt2 | run_6 | freq=13 | noise=1 | magnitude=100 | lead_time=2 | PID 1186549 | GPU None
[2026-07-15T18:55:54] Started None | no_training_ma_068_quarterly_medium_mag_noise10_lt2 | run_7 | freq=13 | noise=1 | magnitude=100 | lead_time=2 | PID 1186561 | GPU None
[2026-07-15T18:55:58] Started None | no_training_ma_068_quarterly_medium_mag_noise10_lt2 | run_8 | freq=13 | noise=1 | magnitude=100 | lead_time=2 | PID 1186591 | GPU None
[2026-07-15T18:56:02] Started None | no_training_ma_068_quarterly_medium_mag_noise10_lt2 | run_9 | freq=13 | noise=1 | magnitude=100 | lead_time=2 | PID 1186608 | GPU None
[2026-07-15T18:56:05] Started None | no_training_ma_069_quarterly_medium_mag_noise10_lt3 | run_0 | freq=13 | noise=1 | magnitude=100 | lead_time=3 | PID 1186621 | GPU None
[2026-07-15T18:56:09] Started None | no_training_ma_069_quarterly_medium_mag_noise10_lt3 | run_1 | freq=13 | noise=1 | magnitude=100 | lead_time=3 | PID 1186704 | GPU None
[2026-07-15T18:56:13] Started None | no_training_ma_069_quarterly_medium_mag_noise10_lt3 | run_2 | freq=13 | noise=1 | magnitude=100 | lead_time=3 | PID 1186802 | GPU None
[2026-07-15T18:56:16] Started None | no_training_ma_069_quarterly_medium_mag_noise10_lt3 | run_3 | freq=13 | noise=1 | magnitude=100 | lead_time=3 | PID 1186894 | GPU None
[2026-07-15T18:56:20] Started None | no_training_ma_069_quarterly_medium_mag_noise10_lt3 | run_4 | freq=13 | noise=1 | magnitude=100 | lead_time=3 | PID 1187038 | GPU None
[2026-07-15T18:56:24] Started None | no_training_ma_069_quarterly_medium_mag_noise10_lt3 | run_5 | freq=13 | noise=1 | magnitude=100 | lead_time=3 | PID 1187137 | GPU None
[2026-07-15T18:56:28] Started None | no_training_ma_069_quarterly_medium_mag_noise10_lt3 | run_6 | freq=13 | noise=1 | magnitude=100 | lead_time=3 | PID 1187152 | GPU None
[2026-07-15T18:56:31] Started None | no_training_ma_069_quarterly_medium_mag_noise10_lt3 | run_7 | freq=13 | noise=1 | magnitude=100 | lead_time=3 | PID 1187171 | GPU None
[2026-07-15T18:56:36] Started None | no_training_ma_069_quarterly_medium_mag_noise10_lt3 | run_8 | freq=13 | noise=1 | magnitude=100 | lead_time=3 | PID 1187193 | GPU None
[2026-07-15T18:56:39] Started None | no_training_ma_069_quarterly_medium_mag_noise10_lt3 | run_9 | freq=13 | noise=1 | magnitude=100 | lead_time=3 | PID 1187212 | GPU None
[2026-07-15T18:56:44] Finished None | no_training_ma_069_quarterly_medium_mag_noise10_lt3 | run_7 | freq=13 | noise=1 | magnitude=100 | lead_time=3
[2026-07-15T18:56:44] Started None | no_training_ma_070_quarterly_medium_mag_noise100_lt1 | run_0 | freq=13 | noise=1 | magnitude=100 | lead_time=1 | PID 1187248 | GPU None
[2026-07-15T18:56:48] Started None | no_training_ma_070_quarterly_medium_mag_noise100_lt1 | run_1 | freq=13 | noise=1 | magnitude=100 | lead_time=1 | PID 1187263 | GPU None
[2026-07-15T18:56:51] Started None | no_training_ma_070_quarterly_medium_mag_noise100_lt1 | run_2 | freq=13 | noise=1 | magnitude=100 | lead_time=1 | PID 1187427 | GPU None
[2026-07-15T18:56:54] Started None | no_training_ma_070_quarterly_medium_mag_noise100_lt1 | run_3 | freq=13 | noise=1 | magnitude=100 | lead_time=1 | PID 1187578 | GPU None
[2026-07-15T18:56:57] Started None | no_training_ma_070_quarterly_medium_mag_noise100_lt1 | run_4 | freq=13 | noise=1 | magnitude=100 | lead_time=1 | PID 1187586 | GPU None
[2026-07-15T18:57:01] Started None | no_training_ma_070_quarterly_medium_mag_noise100_lt1 | run_5 | freq=13 | noise=1 | magnitude=100 | lead_time=1 | PID 1187605 | GPU None
[2026-07-15T18:57:04] Started None | no_training_ma_070_quarterly_medium_mag_noise100_lt1 | run_6 | freq=13 | noise=1 | magnitude=100 | lead_time=1 | PID 1187622 | GPU None
[2026-07-15T18:57:07] Started None | no_training_ma_070_quarterly_medium_mag_noise100_lt1 | run_7 | freq=13 | noise=1 | magnitude=100 | lead_time=1 | PID 1187632 | GPU None
[2026-07-15T18:57:10] Started None | no_training_ma_070_quarterly_medium_mag_noise100_lt1 | run_8 | freq=13 | noise=1 | magnitude=100 | lead_time=1 | PID 1187666 | GPU None
[2026-07-15T18:57:13] Started None | no_training_ma_070_quarterly_medium_mag_noise100_lt1 | run_9 | freq=13 | noise=1 | magnitude=100 | lead_time=1 | PID 1187685 | GPU None
[2026-07-15T18:57:17] Started None | no_training_ma_071_quarterly_medium_mag_noise100_lt2 | run_0 | freq=13 | noise=1 | magnitude=100 | lead_time=2 | PID 1187754 | GPU None
[2026-07-15T18:57:20] Started None | no_training_ma_071_quarterly_medium_mag_noise100_lt2 | run_1 | freq=13 | noise=1 | magnitude=100 | lead_time=2 | PID 1187775 | GPU None
[2026-07-15T18:57:24] Started None | no_training_ma_071_quarterly_medium_mag_noise100_lt2 | run_2 | freq=13 | noise=1 | magnitude=100 | lead_time=2 | PID 1187789 | GPU None
[2026-07-15T18:57:27] Started None | no_training_ma_071_quarterly_medium_mag_noise100_lt2 | run_3 | freq=13 | noise=1 | magnitude=100 | lead_time=2 | PID 1187859 | GPU None
[2026-07-15T18:57:30] Started None | no_training_ma_071_quarterly_medium_mag_noise100_lt2 | run_4 | freq=13 | noise=1 | magnitude=100 | lead_time=2 | PID 1187945 | GPU None
[2026-07-15T18:57:34] Started None | no_training_ma_071_quarterly_medium_mag_noise100_lt2 | run_5 | freq=13 | noise=1 | magnitude=100 | lead_time=2 | PID 1188040 | GPU None
[2026-07-15T18:57:37] Started None | no_training_ma_071_quarterly_medium_mag_noise100_lt2 | run_6 | freq=13 | noise=1 | magnitude=100 | lead_time=2 | PID 1188124 | GPU None
[2026-07-15T18:57:40] Started None | no_training_ma_071_quarterly_medium_mag_noise100_lt2 | run_7 | freq=13 | noise=1 | magnitude=100 | lead_time=2 | PID 1188189 | GPU None
[2026-07-15T18:57:44] Started None | no_training_ma_071_quarterly_medium_mag_noise100_lt2 | run_8 | freq=13 | noise=1 | magnitude=100 | lead_time=2 | PID 1188204 | GPU None
[2026-07-15T18:57:47] Started None | no_training_ma_071_quarterly_medium_mag_noise100_lt2 | run_9 | freq=13 | noise=1 | magnitude=100 | lead_time=2 | PID 1188214 | GPU None
[2026-07-15T18:57:51] Started None | no_training_ma_072_quarterly_medium_mag_noise100_lt3 | run_0 | freq=13 | noise=1 | magnitude=100 | lead_time=3 | PID 1188235 | GPU None
[2026-07-15T18:57:54] Started None | no_training_ma_072_quarterly_medium_mag_noise100_lt3 | run_1 | freq=13 | noise=1 | magnitude=100 | lead_time=3 | PID 1188533 | GPU None
[2026-07-15T18:57:57] Started None | no_training_ma_072_quarterly_medium_mag_noise100_lt3 | run_2 | freq=13 | noise=1 | magnitude=100 | lead_time=3 | PID 1188546 | GPU None
[2026-07-15T18:58:00] Started None | no_training_ma_072_quarterly_medium_mag_noise100_lt3 | run_3 | freq=13 | noise=1 | magnitude=100 | lead_time=3 | PID 1188566 | GPU None
[2026-07-15T18:58:04] Started None | no_training_ma_072_quarterly_medium_mag_noise100_lt3 | run_4 | freq=13 | noise=1 | magnitude=100 | lead_time=3 | PID 1188571 | GPU None
[2026-07-15T18:58:07] Started None | no_training_ma_072_quarterly_medium_mag_noise100_lt3 | run_5 | freq=13 | noise=1 | magnitude=100 | lead_time=3 | PID 1188593 | GPU None
[2026-07-15T18:58:10] Started None | no_training_ma_072_quarterly_medium_mag_noise100_lt3 | run_6 | freq=13 | noise=1 | magnitude=100 | lead_time=3 | PID 1188607 | GPU None
[2026-07-15T18:58:13] Started None | no_training_ma_072_quarterly_medium_mag_noise100_lt3 | run_7 | freq=13 | noise=1 | magnitude=100 | lead_time=3 | PID 1188616 | GPU None
[2026-07-15T18:58:17] Started None | no_training_ma_072_quarterly_medium_mag_noise100_lt3 | run_8 | freq=13 | noise=1 | magnitude=100 | lead_time=3 | PID 1188650 | GPU None
[2026-07-15T18:58:20] Started None | no_training_ma_072_quarterly_medium_mag_noise100_lt3 | run_9 | freq=13 | noise=1 | magnitude=100 | lead_time=3 | PID 1188702 | GPU None
[2026-07-15T18:58:23] Started None | no_training_ma_073_quarterly_high_mag_noise0_lt1 | run_0 | freq=13 | noise=1 | magnitude=200 | lead_time=1 | PID 1188726 | GPU None
[2026-07-15T18:58:26] Started None | no_training_ma_073_quarterly_high_mag_noise0_lt1 | run_1 | freq=13 | noise=1 | magnitude=200 | lead_time=1 | PID 1188745 | GPU None
[2026-07-15T18:58:30] Started None | no_training_ma_073_quarterly_high_mag_noise0_lt1 | run_2 | freq=13 | noise=1 | magnitude=200 | lead_time=1 | PID 1188759 | GPU None
[2026-07-15T18:58:33] Started None | no_training_ma_073_quarterly_high_mag_noise0_lt1 | run_3 | freq=13 | noise=1 | magnitude=200 | lead_time=1 | PID 1188768 | GPU None
[2026-07-15T18:58:36] Started None | no_training_ma_073_quarterly_high_mag_noise0_lt1 | run_4 | freq=13 | noise=1 | magnitude=200 | lead_time=1 | PID 1188787 | GPU None
[2026-07-15T18:58:39] Started None | no_training_ma_073_quarterly_high_mag_noise0_lt1 | run_5 | freq=13 | noise=1 | magnitude=200 | lead_time=1 | PID 1188791 | GPU None
[2026-07-15T18:58:43] Started None | no_training_ma_073_quarterly_high_mag_noise0_lt1 | run_6 | freq=13 | noise=1 | magnitude=200 | lead_time=1 | PID 1188873 | GPU None
[2026-07-15T18:58:46] Started None | no_training_ma_073_quarterly_high_mag_noise0_lt1 | run_7 | freq=13 | noise=1 | magnitude=200 | lead_time=1 | PID 1188947 | GPU None
[2026-07-15T18:58:49] Started None | no_training_ma_073_quarterly_high_mag_noise0_lt1 | run_8 | freq=13 | noise=1 | magnitude=200 | lead_time=1 | PID 1189024 | GPU None
[2026-07-15T18:58:52] Started None | no_training_ma_073_quarterly_high_mag_noise0_lt1 | run_9 | freq=13 | noise=1 | magnitude=200 | lead_time=1 | PID 1189261 | GPU None
[2026-07-15T18:58:56] Started None | no_training_ma_074_quarterly_high_mag_noise0_lt2 | run_0 | freq=13 | noise=1 | magnitude=200 | lead_time=2 | PID 1189472 | GPU None
[2026-07-15T18:58:59] Started None | no_training_ma_074_quarterly_high_mag_noise0_lt2 | run_1 | freq=13 | noise=1 | magnitude=200 | lead_time=2 | PID 1189501 | GPU None
[2026-07-15T18:59:03] Started None | no_training_ma_074_quarterly_high_mag_noise0_lt2 | run_2 | freq=13 | noise=1 | magnitude=200 | lead_time=2 | PID 1189519 | GPU None
[2026-07-15T18:59:06] Started None | no_training_ma_074_quarterly_high_mag_noise0_lt2 | run_3 | freq=13 | noise=1 | magnitude=200 | lead_time=2 | PID 1189559 | GPU None
[2026-07-15T18:59:10] Started None | no_training_ma_074_quarterly_high_mag_noise0_lt2 | run_4 | freq=13 | noise=1 | magnitude=200 | lead_time=2 | PID 1189576 | GPU None
[2026-07-15T18:59:13] Started None | no_training_ma_074_quarterly_high_mag_noise0_lt2 | run_5 | freq=13 | noise=1 | magnitude=200 | lead_time=2 | PID 1189595 | GPU None
[2026-07-15T18:59:16] Started None | no_training_ma_074_quarterly_high_mag_noise0_lt2 | run_6 | freq=13 | noise=1 | magnitude=200 | lead_time=2 | PID 1189613 | GPU None
[2026-07-15T18:59:19] Started None | no_training_ma_074_quarterly_high_mag_noise0_lt2 | run_7 | freq=13 | noise=1 | magnitude=200 | lead_time=2 | PID 1189647 | GPU None
[2026-07-15T18:59:23] Finished None | no_training_ma_074_quarterly_high_mag_noise0_lt2 | run_5 | freq=13 | noise=1 | magnitude=200 | lead_time=2
[2026-07-15T18:59:23] Started None | no_training_ma_074_quarterly_high_mag_noise0_lt2 | run_8 | freq=13 | noise=1 | magnitude=200 | lead_time=2 | PID 1189689 | GPU None
[2026-07-15T18:59:27] Started None | no_training_ma_074_quarterly_high_mag_noise0_lt2 | run_9 | freq=13 | noise=1 | magnitude=200 | lead_time=2 | PID 1189737 | GPU None
[2026-07-15T18:59:30] Started None | no_training_ma_075_quarterly_high_mag_noise0_lt3 | run_0 | freq=13 | noise=1 | magnitude=200 | lead_time=3 | PID 1189746 | GPU None
[2026-07-15T18:59:33] Started None | no_training_ma_075_quarterly_high_mag_noise0_lt3 | run_1 | freq=13 | noise=1 | magnitude=200 | lead_time=3 | PID 1189765 | GPU None
[2026-07-15T18:59:36] Started None | no_training_ma_075_quarterly_high_mag_noise0_lt3 | run_2 | freq=13 | noise=1 | magnitude=200 | lead_time=3 | PID 1189779 | GPU None
[2026-07-15T18:59:40] Started None | no_training_ma_075_quarterly_high_mag_noise0_lt3 | run_3 | freq=13 | noise=1 | magnitude=200 | lead_time=3 | PID 1189788 | GPU None
[2026-07-15T18:59:43] Started None | no_training_ma_075_quarterly_high_mag_noise0_lt3 | run_4 | freq=13 | noise=1 | magnitude=200 | lead_time=3 | PID 1189809 | GPU None
[2026-07-15T18:59:46] Started None | no_training_ma_075_quarterly_high_mag_noise0_lt3 | run_5 | freq=13 | noise=1 | magnitude=200 | lead_time=3 | PID 1189814 | GPU None
[2026-07-15T18:59:49] Started None | no_training_ma_075_quarterly_high_mag_noise0_lt3 | run_6 | freq=13 | noise=1 | magnitude=200 | lead_time=3 | PID 1189833 | GPU None
[2026-07-15T18:59:53] Started None | no_training_ma_075_quarterly_high_mag_noise0_lt3 | run_7 | freq=13 | noise=1 | magnitude=200 | lead_time=3 | PID 1189880 | GPU None
[2026-07-15T18:59:56] Started None | no_training_ma_075_quarterly_high_mag_noise0_lt3 | run_8 | freq=13 | noise=1 | magnitude=200 | lead_time=3 | PID 1190098 | GPU None
[2026-07-15T19:00:00] Started None | no_training_ma_075_quarterly_high_mag_noise0_lt3 | run_9 | freq=13 | noise=1 | magnitude=200 | lead_time=3 | PID 1190223 | GPU None
[2026-07-15T19:00:03] Started None | no_training_ma_076_quarterly_high_mag_noise10_lt1 | run_0 | freq=13 | noise=1 | magnitude=200 | lead_time=1 | PID 1190678 | GPU None
[2026-07-15T19:00:06] Started None | no_training_ma_076_quarterly_high_mag_noise10_lt1 | run_1 | freq=13 | noise=1 | magnitude=200 | lead_time=1 | PID 1190906 | GPU None
[2026-07-15T19:00:10] Started None | no_training_ma_076_quarterly_high_mag_noise10_lt1 | run_2 | freq=13 | noise=1 | magnitude=200 | lead_time=1 | PID 1191009 | GPU None
[2026-07-15T19:00:13] Started None | no_training_ma_076_quarterly_high_mag_noise10_lt1 | run_3 | freq=13 | noise=1 | magnitude=200 | lead_time=1 | PID 1191087 | GPU None
[2026-07-15T19:00:16] Started None | no_training_ma_076_quarterly_high_mag_noise10_lt1 | run_4 | freq=13 | noise=1 | magnitude=200 | lead_time=1 | PID 1191103 | GPU None
[2026-07-15T19:00:20] Started None | no_training_ma_076_quarterly_high_mag_noise10_lt1 | run_5 | freq=13 | noise=1 | magnitude=200 | lead_time=1 | PID 1191122 | GPU None
[2026-07-15T19:00:24] Started None | no_training_ma_076_quarterly_high_mag_noise10_lt1 | run_6 | freq=13 | noise=1 | magnitude=200 | lead_time=1 | PID 1191135 | GPU None
[2026-07-15T19:00:27] Started None | no_training_ma_076_quarterly_high_mag_noise10_lt1 | run_7 | freq=13 | noise=1 | magnitude=200 | lead_time=1 | PID 1191173 | GPU None
[2026-07-15T19:00:32] Started None | no_training_ma_076_quarterly_high_mag_noise10_lt1 | run_8 | freq=13 | noise=1 | magnitude=200 | lead_time=1 | PID 1191231 | GPU None
[2026-07-15T19:00:35] Started None | no_training_ma_076_quarterly_high_mag_noise10_lt1 | run_9 | freq=13 | noise=1 | magnitude=200 | lead_time=1 | PID 1191249 | GPU None
[2026-07-15T19:00:40] Started None | no_training_ma_077_quarterly_high_mag_noise10_lt2 | run_0 | freq=13 | noise=1 | magnitude=200 | lead_time=2 | PID 1191281 | GPU None
[2026-07-15T19:00:43] Started None | no_training_ma_077_quarterly_high_mag_noise10_lt2 | run_1 | freq=13 | noise=1 | magnitude=200 | lead_time=2 | PID 1191297 | GPU None
[2026-07-15T19:00:47] Started None | no_training_ma_077_quarterly_high_mag_noise10_lt2 | run_2 | freq=13 | noise=1 | magnitude=200 | lead_time=2 | PID 1191307 | GPU None
[2026-07-15T19:00:50] Started None | no_training_ma_077_quarterly_high_mag_noise10_lt2 | run_3 | freq=13 | noise=1 | magnitude=200 | lead_time=2 | PID 1191327 | GPU None
[2026-07-15T19:00:53] Started None | no_training_ma_077_quarterly_high_mag_noise10_lt2 | run_4 | freq=13 | noise=1 | magnitude=200 | lead_time=2 | PID 1191331 | GPU None
[2026-07-15T19:00:56] Started None | no_training_ma_077_quarterly_high_mag_noise10_lt2 | run_5 | freq=13 | noise=1 | magnitude=200 | lead_time=2 | PID 1191528 | GPU None
[2026-07-15T19:01:00] Started None | no_training_ma_077_quarterly_high_mag_noise10_lt2 | run_6 | freq=13 | noise=1 | magnitude=200 | lead_time=2 | PID 1191629 | GPU None
[2026-07-15T19:01:03] Started None | no_training_ma_077_quarterly_high_mag_noise10_lt2 | run_7 | freq=13 | noise=1 | magnitude=200 | lead_time=2 | PID 1191664 | GPU None
[2026-07-15T19:01:06] Started None | no_training_ma_077_quarterly_high_mag_noise10_lt2 | run_8 | freq=13 | noise=1 | magnitude=200 | lead_time=2 | PID 1191687 | GPU None
[2026-07-15T19:01:10] Started None | no_training_ma_077_quarterly_high_mag_noise10_lt2 | run_9 | freq=13 | noise=1 | magnitude=200 | lead_time=2 | PID 1191701 | GPU None
[2026-07-15T19:01:13] Started None | no_training_ma_078_quarterly_high_mag_noise10_lt3 | run_0 | freq=13 | noise=1 | magnitude=200 | lead_time=3 | PID 1191725 | GPU None
[2026-07-15T19:01:16] Started None | no_training_ma_078_quarterly_high_mag_noise10_lt3 | run_1 | freq=13 | noise=1 | magnitude=200 | lead_time=3 | PID 1191835 | GPU None
[2026-07-15T19:01:20] Started None | no_training_ma_078_quarterly_high_mag_noise10_lt3 | run_2 | freq=13 | noise=1 | magnitude=200 | lead_time=3 | PID 1191925 | GPU None
[2026-07-15T19:01:23] Started None | no_training_ma_078_quarterly_high_mag_noise10_lt3 | run_3 | freq=13 | noise=1 | magnitude=200 | lead_time=3 | PID 1192009 | GPU None
[2026-07-15T19:01:27] Started None | no_training_ma_078_quarterly_high_mag_noise10_lt3 | run_4 | freq=13 | noise=1 | magnitude=200 | lead_time=3 | PID 1192100 | GPU None
[2026-07-15T19:01:30] Started None | no_training_ma_078_quarterly_high_mag_noise10_lt3 | run_5 | freq=13 | noise=1 | magnitude=200 | lead_time=3 | PID 1192137 | GPU None
[2026-07-15T19:01:33] Started None | no_training_ma_078_quarterly_high_mag_noise10_lt3 | run_6 | freq=13 | noise=1 | magnitude=200 | lead_time=3 | PID 1192190 | GPU None
[2026-07-15T19:01:37] Started None | no_training_ma_078_quarterly_high_mag_noise10_lt3 | run_7 | freq=13 | noise=1 | magnitude=200 | lead_time=3 | PID 1192210 | GPU None
[2026-07-15T19:01:40] Started None | no_training_ma_078_quarterly_high_mag_noise10_lt3 | run_8 | freq=13 | noise=1 | magnitude=200 | lead_time=3 | PID 1192213 | GPU None
[2026-07-15T19:01:43] Started None | no_training_ma_078_quarterly_high_mag_noise10_lt3 | run_9 | freq=13 | noise=1 | magnitude=200 | lead_time=3 | PID 1192240 | GPU None
[2026-07-15T19:01:47] Started None | no_training_ma_079_quarterly_high_mag_noise100_lt1 | run_0 | freq=13 | noise=1 | magnitude=200 | lead_time=1 | PID 1192268 | GPU None
[2026-07-15T19:01:51] Started None | no_training_ma_079_quarterly_high_mag_noise100_lt1 | run_1 | freq=13 | noise=1 | magnitude=200 | lead_time=1 | PID 1192282 | GPU None
[2026-07-15T19:01:54] Started None | no_training_ma_079_quarterly_high_mag_noise100_lt1 | run_2 | freq=13 | noise=1 | magnitude=200 | lead_time=1 | PID 1192291 | GPU None
[2026-07-15T19:01:57] Started None | no_training_ma_079_quarterly_high_mag_noise100_lt1 | run_3 | freq=13 | noise=1 | magnitude=200 | lead_time=1 | PID 1192492 | GPU None
[2026-07-15T19:02:00] Started None | no_training_ma_079_quarterly_high_mag_noise100_lt1 | run_4 | freq=13 | noise=1 | magnitude=200 | lead_time=1 | PID 1192507 | GPU None
[2026-07-15T19:02:04] Started None | no_training_ma_079_quarterly_high_mag_noise100_lt1 | run_5 | freq=13 | noise=1 | magnitude=200 | lead_time=1 | PID 1192625 | GPU None
[2026-07-15T19:02:07] Finished None | no_training_ma_079_quarterly_high_mag_noise100_lt1 | run_3 | freq=13 | noise=1 | magnitude=200 | lead_time=1
[2026-07-15T19:02:07] Started None | no_training_ma_079_quarterly_high_mag_noise100_lt1 | run_6 | freq=13 | noise=1 | magnitude=200 | lead_time=1 | PID 1192665 | GPU None
[2026-07-15T19:02:11] Started None | no_training_ma_079_quarterly_high_mag_noise100_lt1 | run_7 | freq=13 | noise=1 | magnitude=200 | lead_time=1 | PID 1192679 | GPU None
[2026-07-15T19:02:14] Started None | no_training_ma_079_quarterly_high_mag_noise100_lt1 | run_8 | freq=13 | noise=1 | magnitude=200 | lead_time=1 | PID 1192688 | GPU None
[2026-07-15T19:02:17] Started None | no_training_ma_079_quarterly_high_mag_noise100_lt1 | run_9 | freq=13 | noise=1 | magnitude=200 | lead_time=1 | PID 1192736 | GPU None
[2026-07-15T19:02:21] Started None | no_training_ma_080_quarterly_high_mag_noise100_lt2 | run_0 | freq=13 | noise=1 | magnitude=200 | lead_time=2 | PID 1192751 | GPU None
[2026-07-15T19:02:24] Started None | no_training_ma_080_quarterly_high_mag_noise100_lt2 | run_1 | freq=13 | noise=1 | magnitude=200 | lead_time=2 | PID 1192760 | GPU None
[2026-07-15T19:02:27] Started None | no_training_ma_080_quarterly_high_mag_noise100_lt2 | run_2 | freq=13 | noise=1 | magnitude=200 | lead_time=2 | PID 1192779 | GPU None
[2026-07-15T19:02:30] Started None | no_training_ma_080_quarterly_high_mag_noise100_lt2 | run_3 | freq=13 | noise=1 | magnitude=200 | lead_time=2 | PID 1192847 | GPU None
[2026-07-15T19:02:33] Started None | no_training_ma_080_quarterly_high_mag_noise100_lt2 | run_4 | freq=13 | noise=1 | magnitude=200 | lead_time=2 | PID 1192930 | GPU None
[2026-07-15T19:02:37] Started None | no_training_ma_080_quarterly_high_mag_noise100_lt2 | run_5 | freq=13 | noise=1 | magnitude=200 | lead_time=2 | PID 1193005 | GPU None
[2026-07-15T19:02:40] Started None | no_training_ma_080_quarterly_high_mag_noise100_lt2 | run_6 | freq=13 | noise=1 | magnitude=200 | lead_time=2 | PID 1193107 | GPU None
[2026-07-15T19:02:44] Started None | no_training_ma_080_quarterly_high_mag_noise100_lt2 | run_7 | freq=13 | noise=1 | magnitude=200 | lead_time=2 | PID 1193180 | GPU None
[2026-07-15T19:02:47] Started None | no_training_ma_080_quarterly_high_mag_noise100_lt2 | run_8 | freq=13 | noise=1 | magnitude=200 | lead_time=2 | PID 1193250 | GPU None
[2026-07-15T19:02:50] Started None | no_training_ma_080_quarterly_high_mag_noise100_lt2 | run_9 | freq=13 | noise=1 | magnitude=200 | lead_time=2 | PID 1193255 | GPU None
[2026-07-15T19:02:54] Started None | no_training_ma_081_quarterly_high_mag_noise100_lt3 | run_0 | freq=13 | noise=1 | magnitude=200 | lead_time=3 | PID 1193273 | GPU None
[2026-07-15T19:02:57] Started None | no_training_ma_081_quarterly_high_mag_noise100_lt3 | run_1 | freq=13 | noise=1 | magnitude=200 | lead_time=3 | PID 1193465 | GPU None
[2026-07-15T19:03:00] Started None | no_training_ma_081_quarterly_high_mag_noise100_lt3 | run_2 | freq=13 | noise=1 | magnitude=200 | lead_time=3 | PID 1193478 | GPU None
[2026-07-15T19:03:03] Started None | no_training_ma_081_quarterly_high_mag_noise100_lt3 | run_3 | freq=13 | noise=1 | magnitude=200 | lead_time=3 | PID 1193502 | GPU None
[2026-07-15T19:03:07] Started None | no_training_ma_081_quarterly_high_mag_noise100_lt3 | run_4 | freq=13 | noise=1 | magnitude=200 | lead_time=3 | PID 1193624 | GPU None
[2026-07-15T19:03:10] Started None | no_training_ma_081_quarterly_high_mag_noise100_lt3 | run_5 | freq=13 | noise=1 | magnitude=200 | lead_time=3 | PID 1193633 | GPU None
[2026-07-15T19:03:13] Started None | no_training_ma_081_quarterly_high_mag_noise100_lt3 | run_6 | freq=13 | noise=1 | magnitude=200 | lead_time=3 | PID 1193652 | GPU None
[2026-07-15T19:03:16] Started None | no_training_ma_081_quarterly_high_mag_noise100_lt3 | run_7 | freq=13 | noise=1 | magnitude=200 | lead_time=3 | PID 1193670 | GPU None
[2026-07-15T19:03:19] Started None | no_training_ma_081_quarterly_high_mag_noise100_lt3 | run_8 | freq=13 | noise=1 | magnitude=200 | lead_time=3 | PID 1193688 | GPU None
[2026-07-15T19:03:23] Started None | no_training_ma_081_quarterly_high_mag_noise100_lt3 | run_9 | freq=13 | noise=1 | magnitude=200 | lead_time=3 | PID 1193702 | GPU None
[2026-07-15T19:03:26] Started None | no_training_ma_082_half_quarterly_low_mag_noise0_lt1 | run_0 | freq=7 | noise=1 | magnitude=50 | lead_time=1 | PID 1193711 | GPU None
[2026-07-15T19:03:29] Started None | no_training_ma_082_half_quarterly_low_mag_noise0_lt1 | run_1 | freq=7 | noise=1 | magnitude=50 | lead_time=1 | PID 1193730 | GPU None
[2026-07-15T19:03:32] Started None | no_training_ma_082_half_quarterly_low_mag_noise0_lt1 | run_2 | freq=7 | noise=1 | magnitude=50 | lead_time=1 | PID 1193744 | GPU None
[2026-07-15T19:03:36] Started None | no_training_ma_082_half_quarterly_low_mag_noise0_lt1 | run_3 | freq=7 | noise=1 | magnitude=50 | lead_time=1 | PID 1193753 | GPU None
[2026-07-15T19:03:39] Started None | no_training_ma_082_half_quarterly_low_mag_noise0_lt1 | run_4 | freq=7 | noise=1 | magnitude=50 | lead_time=1 | PID 1193781 | GPU None
[2026-07-15T19:03:42] Started None | no_training_ma_082_half_quarterly_low_mag_noise0_lt1 | run_5 | freq=7 | noise=1 | magnitude=50 | lead_time=1 | PID 1193843 | GPU None
[2026-07-15T19:03:45] Started None | no_training_ma_082_half_quarterly_low_mag_noise0_lt1 | run_6 | freq=7 | noise=1 | magnitude=50 | lead_time=1 | PID 1193852 | GPU None
[2026-07-15T19:03:49] Started None | no_training_ma_082_half_quarterly_low_mag_noise0_lt1 | run_7 | freq=7 | noise=1 | magnitude=50 | lead_time=1 | PID 1193935 | GPU None
[2026-07-15T19:03:52] Started None | no_training_ma_082_half_quarterly_low_mag_noise0_lt1 | run_8 | freq=7 | noise=1 | magnitude=50 | lead_time=1 | PID 1194006 | GPU None
[2026-07-15T19:03:55] Started None | no_training_ma_082_half_quarterly_low_mag_noise0_lt1 | run_9 | freq=7 | noise=1 | magnitude=50 | lead_time=1 | PID 1194159 | GPU None
[2026-07-15T19:03:59] Started None | no_training_ma_083_half_quarterly_low_mag_noise0_lt2 | run_0 | freq=7 | noise=1 | magnitude=50 | lead_time=2 | PID 1194367 | GPU None
[2026-07-15T19:04:02] Started None | no_training_ma_083_half_quarterly_low_mag_noise0_lt2 | run_1 | freq=7 | noise=1 | magnitude=50 | lead_time=2 | PID 1194429 | GPU None
[2026-07-15T19:04:05] Started None | no_training_ma_083_half_quarterly_low_mag_noise0_lt2 | run_2 | freq=7 | noise=1 | magnitude=50 | lead_time=2 | PID 1194469 | GPU None
[2026-07-15T19:04:09] Started None | no_training_ma_083_half_quarterly_low_mag_noise0_lt2 | run_3 | freq=7 | noise=1 | magnitude=50 | lead_time=2 | PID 1194597 | GPU None
[2026-07-15T19:04:12] Started None | no_training_ma_083_half_quarterly_low_mag_noise0_lt2 | run_4 | freq=7 | noise=1 | magnitude=50 | lead_time=2 | PID 1194601 | GPU None
[2026-07-15T19:04:15] Started None | no_training_ma_083_half_quarterly_low_mag_noise0_lt2 | run_5 | freq=7 | noise=1 | magnitude=50 | lead_time=2 | PID 1194625 | GPU None
[2026-07-15T19:04:19] Started None | no_training_ma_083_half_quarterly_low_mag_noise0_lt2 | run_6 | freq=7 | noise=1 | magnitude=50 | lead_time=2 | PID 1194647 | GPU None
[2026-07-15T19:04:22] Started None | no_training_ma_083_half_quarterly_low_mag_noise0_lt2 | run_7 | freq=7 | noise=1 | magnitude=50 | lead_time=2 | PID 1194660 | GPU None
[2026-07-15T19:04:26] Started None | no_training_ma_083_half_quarterly_low_mag_noise0_lt2 | run_8 | freq=7 | noise=1 | magnitude=50 | lead_time=2 | PID 1194688 | GPU None
[2026-07-15T19:04:29] Started None | no_training_ma_083_half_quarterly_low_mag_noise0_lt2 | run_9 | freq=7 | noise=1 | magnitude=50 | lead_time=2 | PID 1194707 | GPU None
[2026-07-15T19:04:32] Started None | no_training_ma_084_half_quarterly_low_mag_noise0_lt3 | run_0 | freq=7 | noise=1 | magnitude=50 | lead_time=3 | PID 1194711 | GPU None
[2026-07-15T19:04:36] Started None | no_training_ma_084_half_quarterly_low_mag_noise0_lt3 | run_1 | freq=7 | noise=1 | magnitude=50 | lead_time=3 | PID 1194730 | GPU None
[2026-07-15T19:04:39] Started None | no_training_ma_084_half_quarterly_low_mag_noise0_lt3 | run_2 | freq=7 | noise=1 | magnitude=50 | lead_time=3 | PID 1194744 | GPU None
[2026-07-15T19:04:42] Started None | no_training_ma_084_half_quarterly_low_mag_noise0_lt3 | run_3 | freq=7 | noise=1 | magnitude=50 | lead_time=3 | PID 1194761 | GPU None
[2026-07-15T19:04:45] Finished None | no_training_ma_084_half_quarterly_low_mag_noise0_lt3 | run_1 | freq=7 | noise=1 | magnitude=50 | lead_time=3
[2026-07-15T19:04:46] Started None | no_training_ma_084_half_quarterly_low_mag_noise0_lt3 | run_4 | freq=7 | noise=1 | magnitude=50 | lead_time=3 | PID 1194832 | GPU None
[2026-07-15T19:04:49] Started None | no_training_ma_084_half_quarterly_low_mag_noise0_lt3 | run_5 | freq=7 | noise=1 | magnitude=50 | lead_time=3 | PID 1194851 | GPU None
[2026-07-15T19:04:53] Started None | no_training_ma_084_half_quarterly_low_mag_noise0_lt3 | run_6 | freq=7 | noise=1 | magnitude=50 | lead_time=3 | PID 1194855 | GPU None
[2026-07-15T19:04:56] Started None | no_training_ma_084_half_quarterly_low_mag_noise0_lt3 | run_7 | freq=7 | noise=1 | magnitude=50 | lead_time=3 | PID 1194883 | GPU None
[2026-07-15T19:04:59] Started None | no_training_ma_084_half_quarterly_low_mag_noise0_lt3 | run_8 | freq=7 | noise=1 | magnitude=50 | lead_time=3 | PID 1195070 | GPU None
[2026-07-15T19:05:02] Started None | no_training_ma_084_half_quarterly_low_mag_noise0_lt3 | run_9 | freq=7 | noise=1 | magnitude=50 | lead_time=3 | PID 1195111 | GPU None
[2026-07-15T19:05:06] Started None | no_training_ma_085_half_quarterly_low_mag_noise10_lt1 | run_0 | freq=7 | noise=1 | magnitude=50 | lead_time=1 | PID 1195206 | GPU None
[2026-07-15T19:05:09] Started None | no_training_ma_085_half_quarterly_low_mag_noise10_lt1 | run_1 | freq=7 | noise=1 | magnitude=50 | lead_time=1 | PID 1195384 | GPU None
[2026-07-15T19:05:12] Started None | no_training_ma_085_half_quarterly_low_mag_noise10_lt1 | run_2 | freq=7 | noise=1 | magnitude=50 | lead_time=1 | PID 1195486 | GPU None
[2026-07-15T19:05:16] Started None | no_training_ma_085_half_quarterly_low_mag_noise10_lt1 | run_3 | freq=7 | noise=1 | magnitude=50 | lead_time=1 | PID 1195591 | GPU None
[2026-07-15T19:05:19] Started None | no_training_ma_085_half_quarterly_low_mag_noise10_lt1 | run_4 | freq=7 | noise=1 | magnitude=50 | lead_time=1 | PID 1195630 | GPU None
[2026-07-15T19:05:23] Started None | no_training_ma_085_half_quarterly_low_mag_noise10_lt1 | run_5 | freq=7 | noise=1 | magnitude=50 | lead_time=1 | PID 1195640 | GPU None
[2026-07-15T19:05:26] Started None | no_training_ma_085_half_quarterly_low_mag_noise10_lt1 | run_6 | freq=7 | noise=1 | magnitude=50 | lead_time=1 | PID 1195658 | GPU None
[2026-07-15T19:05:30] Started None | no_training_ma_085_half_quarterly_low_mag_noise10_lt1 | run_7 | freq=7 | noise=1 | magnitude=50 | lead_time=1 | PID 1195683 | GPU None
[2026-07-15T19:05:34] Started None | no_training_ma_085_half_quarterly_low_mag_noise10_lt1 | run_8 | freq=7 | noise=1 | magnitude=50 | lead_time=1 | PID 1195695 | GPU None
[2026-07-15T19:05:37] Started None | no_training_ma_085_half_quarterly_low_mag_noise10_lt1 | run_9 | freq=7 | noise=1 | magnitude=50 | lead_time=1 | PID 1195713 | GPU None
[2026-07-15T19:05:41] Started None | no_training_ma_086_half_quarterly_low_mag_noise10_lt2 | run_0 | freq=7 | noise=1 | magnitude=50 | lead_time=2 | PID 1195747 | GPU None
[2026-07-15T19:05:44] Started None | no_training_ma_086_half_quarterly_low_mag_noise10_lt2 | run_1 | freq=7 | noise=1 | magnitude=50 | lead_time=2 | PID 1195758 | GPU None
[2026-07-15T19:05:48] Started None | no_training_ma_086_half_quarterly_low_mag_noise10_lt2 | run_2 | freq=7 | noise=1 | magnitude=50 | lead_time=2 | PID 1195794 | GPU None
[2026-07-15T19:05:51] Started None | no_training_ma_086_half_quarterly_low_mag_noise10_lt2 | run_3 | freq=7 | noise=1 | magnitude=50 | lead_time=2 | PID 1195854 | GPU None
[2026-07-15T19:05:56] Started None | no_training_ma_086_half_quarterly_low_mag_noise10_lt2 | run_4 | freq=7 | noise=1 | magnitude=50 | lead_time=2 | PID 1195871 | GPU None
[2026-07-15T19:05:59] Started None | no_training_ma_086_half_quarterly_low_mag_noise10_lt2 | run_5 | freq=7 | noise=1 | magnitude=50 | lead_time=2 | PID 1196063 | GPU None
[2026-07-15T19:06:02] Started None | no_training_ma_086_half_quarterly_low_mag_noise10_lt2 | run_6 | freq=7 | noise=1 | magnitude=50 | lead_time=2 | PID 1196092 | GPU None
[2026-07-15T19:06:07] Started None | no_training_ma_086_half_quarterly_low_mag_noise10_lt2 | run_7 | freq=7 | noise=1 | magnitude=50 | lead_time=2 | PID 1196118 | GPU None
[2026-07-15T19:06:10] Started None | no_training_ma_086_half_quarterly_low_mag_noise10_lt2 | run_8 | freq=7 | noise=1 | magnitude=50 | lead_time=2 | PID 1196126 | GPU None
[2026-07-15T19:06:13] Started None | no_training_ma_086_half_quarterly_low_mag_noise10_lt2 | run_9 | freq=7 | noise=1 | magnitude=50 | lead_time=2 | PID 1196261 | GPU None
[2026-07-15T19:06:18] Started None | no_training_ma_087_half_quarterly_low_mag_noise10_lt3 | run_0 | freq=7 | noise=1 | magnitude=50 | lead_time=3 | PID 1196334 | GPU None
[2026-07-15T19:06:21] Started None | no_training_ma_087_half_quarterly_low_mag_noise10_lt3 | run_1 | freq=7 | noise=1 | magnitude=50 | lead_time=3 | PID 1196410 | GPU None
[2026-07-15T19:06:24] Started None | no_training_ma_087_half_quarterly_low_mag_noise10_lt3 | run_2 | freq=7 | noise=1 | magnitude=50 | lead_time=3 | PID 1196493 | GPU None
[2026-07-15T19:06:29] Started None | no_training_ma_087_half_quarterly_low_mag_noise10_lt3 | run_3 | freq=7 | noise=1 | magnitude=50 | lead_time=3 | PID 1196603 | GPU None
[2026-07-15T19:06:32] Started None | no_training_ma_087_half_quarterly_low_mag_noise10_lt3 | run_4 | freq=7 | noise=1 | magnitude=50 | lead_time=3 | PID 1196694 | GPU None
[2026-07-15T19:06:35] Started None | no_training_ma_087_half_quarterly_low_mag_noise10_lt3 | run_5 | freq=7 | noise=1 | magnitude=50 | lead_time=3 | PID 1196721 | GPU None
[2026-07-15T19:06:40] Started None | no_training_ma_087_half_quarterly_low_mag_noise10_lt3 | run_6 | freq=7 | noise=1 | magnitude=50 | lead_time=3 | PID 1196733 | GPU None
[2026-07-15T19:06:43] Started None | no_training_ma_087_half_quarterly_low_mag_noise10_lt3 | run_7 | freq=7 | noise=1 | magnitude=50 | lead_time=3 | PID 1196754 | GPU None
[2026-07-15T19:06:46] Started None | no_training_ma_087_half_quarterly_low_mag_noise10_lt3 | run_8 | freq=7 | noise=1 | magnitude=50 | lead_time=3 | PID 1196781 | GPU None
[2026-07-15T19:06:50] Started None | no_training_ma_087_half_quarterly_low_mag_noise10_lt3 | run_9 | freq=7 | noise=1 | magnitude=50 | lead_time=3 | PID 1196796 | GPU None
[2026-07-15T19:06:54] Started None | no_training_ma_088_half_quarterly_low_mag_noise100_lt1 | run_0 | freq=7 | noise=1 | magnitude=50 | lead_time=1 | PID 1196846 | GPU None
[2026-07-15T19:06:57] Started None | no_training_ma_088_half_quarterly_low_mag_noise100_lt1 | run_1 | freq=7 | noise=1 | magnitude=50 | lead_time=1 | PID 1196887 | GPU None
[2026-07-15T19:07:01] Started None | no_training_ma_088_half_quarterly_low_mag_noise100_lt1 | run_2 | freq=7 | noise=1 | magnitude=50 | lead_time=1 | PID 1197092 | GPU None
[2026-07-15T19:07:04] Started None | no_training_ma_088_half_quarterly_low_mag_noise100_lt1 | run_3 | freq=7 | noise=1 | magnitude=50 | lead_time=1 | PID 1197100 | GPU None
[2026-07-15T19:07:08] Started None | no_training_ma_088_half_quarterly_low_mag_noise100_lt1 | run_4 | freq=7 | noise=1 | magnitude=50 | lead_time=1 | PID 1197148 | GPU None
[2026-07-15T19:07:12] Started None | no_training_ma_088_half_quarterly_low_mag_noise100_lt1 | run_5 | freq=7 | noise=1 | magnitude=50 | lead_time=1 | PID 1197165 | GPU None
[2026-07-15T19:07:16] Started None | no_training_ma_088_half_quarterly_low_mag_noise100_lt1 | run_6 | freq=7 | noise=1 | magnitude=50 | lead_time=1 | PID 1197286 | GPU None
[2026-07-15T19:07:19] Started None | no_training_ma_088_half_quarterly_low_mag_noise100_lt1 | run_7 | freq=7 | noise=1 | magnitude=50 | lead_time=1 | PID 1197320 | GPU None
[2026-07-15T19:07:23] Started None | no_training_ma_088_half_quarterly_low_mag_noise100_lt1 | run_8 | freq=7 | noise=1 | magnitude=50 | lead_time=1 | PID 1197345 | GPU None
[2026-07-15T19:07:26] Started None | no_training_ma_088_half_quarterly_low_mag_noise100_lt1 | run_9 | freq=7 | noise=1 | magnitude=50 | lead_time=1 | PID 1197350 | GPU None
[2026-07-15T19:07:30] Started None | no_training_ma_089_half_quarterly_low_mag_noise100_lt2 | run_0 | freq=7 | noise=1 | magnitude=50 | lead_time=2 | PID 1197379 | GPU None
[2026-07-15T19:07:34] Started None | no_training_ma_089_half_quarterly_low_mag_noise100_lt2 | run_1 | freq=7 | noise=1 | magnitude=50 | lead_time=2 | PID 1197439 | GPU None
[2026-07-15T19:07:37] Finished None | no_training_ma_088_half_quarterly_low_mag_noise100_lt1 | run_9 | freq=7 | noise=1 | magnitude=50 | lead_time=1
[2026-07-15T19:07:38] Started None | no_training_ma_089_half_quarterly_low_mag_noise100_lt2 | run_2 | freq=7 | noise=1 | magnitude=50 | lead_time=2 | PID 1197541 | GPU None
[2026-07-15T19:07:41] Started None | no_training_ma_089_half_quarterly_low_mag_noise100_lt2 | run_3 | freq=7 | noise=1 | magnitude=50 | lead_time=2 | PID 1197638 | GPU None
[2026-07-15T19:07:45] Started None | no_training_ma_089_half_quarterly_low_mag_noise100_lt2 | run_4 | freq=7 | noise=1 | magnitude=50 | lead_time=2 | PID 1197736 | GPU None
[2026-07-15T19:07:48] Started None | no_training_ma_089_half_quarterly_low_mag_noise100_lt2 | run_5 | freq=7 | noise=1 | magnitude=50 | lead_time=2 | PID 1197808 | GPU None
[2026-07-15T19:07:52] Started None | no_training_ma_089_half_quarterly_low_mag_noise100_lt2 | run_6 | freq=7 | noise=1 | magnitude=50 | lead_time=2 | PID 1197832 | GPU None
[2026-07-15T19:07:57] Started None | no_training_ma_089_half_quarterly_low_mag_noise100_lt2 | run_7 | freq=7 | noise=1 | magnitude=50 | lead_time=2 | PID 1197877 | GPU None
[2026-07-15T19:08:00] Started None | no_training_ma_089_half_quarterly_low_mag_noise100_lt2 | run_8 | freq=7 | noise=1 | magnitude=50 | lead_time=2 | PID 1197932 | GPU None
[2026-07-15T19:08:03] Started None | no_training_ma_089_half_quarterly_low_mag_noise100_lt2 | run_9 | freq=7 | noise=1 | magnitude=50 | lead_time=2 | PID 1197961 | GPU None
[2026-07-15T19:08:08] Started None | no_training_ma_090_half_quarterly_low_mag_noise100_lt3 | run_0 | freq=7 | noise=1 | magnitude=50 | lead_time=3 | PID 1198150 | GPU None
[2026-07-15T19:08:11] Started None | no_training_ma_090_half_quarterly_low_mag_noise100_lt3 | run_1 | freq=7 | noise=1 | magnitude=50 | lead_time=3 | PID 1198163 | GPU None
[2026-07-15T19:08:14] Started None | no_training_ma_090_half_quarterly_low_mag_noise100_lt3 | run_2 | freq=7 | noise=1 | magnitude=50 | lead_time=3 | PID 1198193 | GPU None
[2026-07-15T19:08:19] Started None | no_training_ma_090_half_quarterly_low_mag_noise100_lt3 | run_3 | freq=7 | noise=1 | magnitude=50 | lead_time=3 | PID 1198353 | GPU None
[2026-07-15T19:08:22] Started None | no_training_ma_090_half_quarterly_low_mag_noise100_lt3 | run_4 | freq=7 | noise=1 | magnitude=50 | lead_time=3 | PID 1198360 | GPU None
[2026-07-15T19:08:26] Started None | no_training_ma_090_half_quarterly_low_mag_noise100_lt3 | run_5 | freq=7 | noise=1 | magnitude=50 | lead_time=3 | PID 1198388 | GPU None
[2026-07-15T19:08:29] Started None | no_training_ma_090_half_quarterly_low_mag_noise100_lt3 | run_6 | freq=7 | noise=1 | magnitude=50 | lead_time=3 | PID 1198407 | GPU None
[2026-07-15T19:08:33] Started None | no_training_ma_090_half_quarterly_low_mag_noise100_lt3 | run_7 | freq=7 | noise=1 | magnitude=50 | lead_time=3 | PID 1198410 | GPU None
[2026-07-15T19:08:36] Started None | no_training_ma_090_half_quarterly_low_mag_noise100_lt3 | run_8 | freq=7 | noise=1 | magnitude=50 | lead_time=3 | PID 1198442 | GPU None
[2026-07-15T19:08:40] Started None | no_training_ma_090_half_quarterly_low_mag_noise100_lt3 | run_9 | freq=7 | noise=1 | magnitude=50 | lead_time=3 | PID 1198461 | GPU None
[2026-07-15T19:08:43] Started None | no_training_ma_091_half_quarterly_medium_mag_noise0_lt1 | run_0 | freq=7 | noise=1 | magnitude=100 | lead_time=1 | PID 1198476 | GPU None
[2026-07-15T19:08:46] Started None | no_training_ma_091_half_quarterly_medium_mag_noise0_lt1 | run_1 | freq=7 | noise=1 | magnitude=100 | lead_time=1 | PID 1198496 | GPU None
[2026-07-15T19:08:51] Started None | no_training_ma_091_half_quarterly_medium_mag_noise0_lt1 | run_2 | freq=7 | noise=1 | magnitude=100 | lead_time=1 | PID 1198580 | GPU None
[2026-07-15T19:08:54] Started None | no_training_ma_091_half_quarterly_medium_mag_noise0_lt1 | run_3 | freq=7 | noise=1 | magnitude=100 | lead_time=1 | PID 1198657 | GPU None
[2026-07-15T19:08:57] Started None | no_training_ma_091_half_quarterly_medium_mag_noise0_lt1 | run_4 | freq=7 | noise=1 | magnitude=100 | lead_time=1 | PID 1198748 | GPU None
[2026-07-15T19:09:01] Started None | no_training_ma_091_half_quarterly_medium_mag_noise0_lt1 | run_5 | freq=7 | noise=1 | magnitude=100 | lead_time=1 | PID 1198835 | GPU None
[2026-07-15T19:09:05] Started None | no_training_ma_091_half_quarterly_medium_mag_noise0_lt1 | run_6 | freq=7 | noise=1 | magnitude=100 | lead_time=1 | PID 1198962 | GPU None
[2026-07-15T19:09:08] Started None | no_training_ma_091_half_quarterly_medium_mag_noise0_lt1 | run_7 | freq=7 | noise=1 | magnitude=100 | lead_time=1 | PID 1199028 | GPU None
[2026-07-15T19:09:12] Started None | no_training_ma_091_half_quarterly_medium_mag_noise0_lt1 | run_8 | freq=7 | noise=1 | magnitude=100 | lead_time=1 | PID 1199216 | GPU None
[2026-07-15T19:09:15] Started None | no_training_ma_091_half_quarterly_medium_mag_noise0_lt1 | run_9 | freq=7 | noise=1 | magnitude=100 | lead_time=1 | PID 1199238 | GPU None
[2026-07-15T19:09:18] Started None | no_training_ma_092_half_quarterly_medium_mag_noise0_lt2 | run_0 | freq=7 | noise=1 | magnitude=100 | lead_time=2 | PID 1199360 | GPU None
[2026-07-15T19:09:23] Started None | no_training_ma_092_half_quarterly_medium_mag_noise0_lt2 | run_1 | freq=7 | noise=1 | magnitude=100 | lead_time=2 | PID 1199391 | GPU None
[2026-07-15T19:09:26] Started None | no_training_ma_092_half_quarterly_medium_mag_noise0_lt2 | run_2 | freq=7 | noise=1 | magnitude=100 | lead_time=2 | PID 1199404 | GPU None
[2026-07-15T19:09:30] Started None | no_training_ma_092_half_quarterly_medium_mag_noise0_lt2 | run_3 | freq=7 | noise=1 | magnitude=100 | lead_time=2 | PID 1199424 | GPU None
[2026-07-15T19:09:34] Started None | no_training_ma_092_half_quarterly_medium_mag_noise0_lt2 | run_4 | freq=7 | noise=1 | magnitude=100 | lead_time=2 | PID 1199446 | GPU None
[2026-07-15T19:09:37] Started None | no_training_ma_092_half_quarterly_medium_mag_noise0_lt2 | run_5 | freq=7 | noise=1 | magnitude=100 | lead_time=2 | PID 1199464 | GPU None
[2026-07-15T19:09:41] Started None | no_training_ma_092_half_quarterly_medium_mag_noise0_lt2 | run_6 | freq=7 | noise=1 | magnitude=100 | lead_time=2 | PID 1199488 | GPU None
[2026-07-15T19:09:45] Started None | no_training_ma_092_half_quarterly_medium_mag_noise0_lt2 | run_7 | freq=7 | noise=1 | magnitude=100 | lead_time=2 | PID 1199502 | GPU None
[2026-07-15T19:09:48] Started None | no_training_ma_092_half_quarterly_medium_mag_noise0_lt2 | run_8 | freq=7 | noise=1 | magnitude=100 | lead_time=2 | PID 1199520 | GPU None
[2026-07-15T19:09:53] Started None | no_training_ma_092_half_quarterly_medium_mag_noise0_lt2 | run_9 | freq=7 | noise=1 | magnitude=100 | lead_time=2 | PID 1199552 | GPU None
[2026-07-15T19:09:56] Started None | no_training_ma_093_half_quarterly_medium_mag_noise0_lt3 | run_0 | freq=7 | noise=1 | magnitude=100 | lead_time=3 | PID 1199566 | GPU None
[2026-07-15T19:10:00] Started None | no_training_ma_093_half_quarterly_medium_mag_noise0_lt3 | run_1 | freq=7 | noise=1 | magnitude=100 | lead_time=3 | PID 1199580 | GPU None
[2026-07-15T19:10:03] Started None | no_training_ma_093_half_quarterly_medium_mag_noise0_lt3 | run_2 | freq=7 | noise=1 | magnitude=100 | lead_time=3 | PID 1199601 | GPU None
[2026-07-15T19:10:06] Started None | no_training_ma_093_half_quarterly_medium_mag_noise0_lt3 | run_3 | freq=7 | noise=1 | magnitude=100 | lead_time=3 | PID 1199633 | GPU None
[2026-07-15T19:10:09] Started None | no_training_ma_093_half_quarterly_medium_mag_noise0_lt3 | run_4 | freq=7 | noise=1 | magnitude=100 | lead_time=3 | PID 1199920 | GPU None
[2026-07-15T19:10:13] Started None | no_training_ma_093_half_quarterly_medium_mag_noise0_lt3 | run_5 | freq=7 | noise=1 | magnitude=100 | lead_time=3 | PID 1200012 | GPU None
[2026-07-15T19:10:16] Started None | no_training_ma_093_half_quarterly_medium_mag_noise0_lt3 | run_6 | freq=7 | noise=1 | magnitude=100 | lead_time=3 | PID 1200096 | GPU None
[2026-07-15T19:10:19] Started None | no_training_ma_093_half_quarterly_medium_mag_noise0_lt3 | run_7 | freq=7 | noise=1 | magnitude=100 | lead_time=3 | PID 1200195 | GPU None
[2026-07-15T19:10:23] Started None | no_training_ma_093_half_quarterly_medium_mag_noise0_lt3 | run_8 | freq=7 | noise=1 | magnitude=100 | lead_time=3 | PID 1200375 | GPU None
[2026-07-15T19:10:26] Started None | no_training_ma_093_half_quarterly_medium_mag_noise0_lt3 | run_9 | freq=7 | noise=1 | magnitude=100 | lead_time=3 | PID 1200379 | GPU None
[2026-07-15T19:10:29] Finished None | no_training_ma_093_half_quarterly_medium_mag_noise0_lt3 | run_7 | freq=7 | noise=1 | magnitude=100 | lead_time=3
[2026-07-15T19:10:30] Started None | no_training_ma_094_half_quarterly_medium_mag_noise10_lt1 | run_0 | freq=7 | noise=1 | magnitude=100 | lead_time=1 | PID 1200400 | GPU None
[2026-07-15T19:10:33] Started None | no_training_ma_094_half_quarterly_medium_mag_noise10_lt1 | run_1 | freq=7 | noise=1 | magnitude=100 | lead_time=1 | PID 1200419 | GPU None
[2026-07-15T19:10:37] Started None | no_training_ma_094_half_quarterly_medium_mag_noise10_lt1 | run_2 | freq=7 | noise=1 | magnitude=100 | lead_time=1 | PID 1200433 | GPU None
[2026-07-15T19:10:40] Started None | no_training_ma_094_half_quarterly_medium_mag_noise10_lt1 | run_3 | freq=7 | noise=1 | magnitude=100 | lead_time=1 | PID 1200442 | GPU None
[2026-07-15T19:10:43] Started None | no_training_ma_094_half_quarterly_medium_mag_noise10_lt1 | run_4 | freq=7 | noise=1 | magnitude=100 | lead_time=1 | PID 1200464 | GPU None
[2026-07-15T19:10:46] Started None | no_training_ma_094_half_quarterly_medium_mag_noise10_lt1 | run_5 | freq=7 | noise=1 | magnitude=100 | lead_time=1 | PID 1200468 | GPU None
[2026-07-15T19:10:50] Started None | no_training_ma_094_half_quarterly_medium_mag_noise10_lt1 | run_6 | freq=7 | noise=1 | magnitude=100 | lead_time=1 | PID 1200487 | GPU None
[2026-07-15T19:10:53] Started None | no_training_ma_094_half_quarterly_medium_mag_noise10_lt1 | run_7 | freq=7 | noise=1 | magnitude=100 | lead_time=1 | PID 1200506 | GPU None
[2026-07-15T19:10:56] Started None | no_training_ma_094_half_quarterly_medium_mag_noise10_lt1 | run_8 | freq=7 | noise=1 | magnitude=100 | lead_time=1 | PID 1200510 | GPU None
[2026-07-15T19:11:00] Started None | no_training_ma_094_half_quarterly_medium_mag_noise10_lt1 | run_9 | freq=7 | noise=1 | magnitude=100 | lead_time=1 | PID 1200530 | GPU None
[2026-07-15T19:11:03] Started None | no_training_ma_095_half_quarterly_medium_mag_noise10_lt2 | run_0 | freq=7 | noise=1 | magnitude=100 | lead_time=2 | PID 1200553 | GPU None
[2026-07-15T19:11:07] Started None | no_training_ma_095_half_quarterly_medium_mag_noise10_lt2 | run_1 | freq=7 | noise=1 | magnitude=100 | lead_time=2 | PID 1200558 | GPU None
[2026-07-15T19:11:10] Started None | no_training_ma_095_half_quarterly_medium_mag_noise10_lt2 | run_2 | freq=7 | noise=1 | magnitude=100 | lead_time=2 | PID 1200780 | GPU None
[2026-07-15T19:11:14] Started None | no_training_ma_095_half_quarterly_medium_mag_noise10_lt2 | run_3 | freq=7 | noise=1 | magnitude=100 | lead_time=2 | PID 1200844 | GPU None
[2026-07-15T19:11:17] Started None | no_training_ma_095_half_quarterly_medium_mag_noise10_lt2 | run_4 | freq=7 | noise=1 | magnitude=100 | lead_time=2 | PID 1200860 | GPU None
[2026-07-15T19:11:20] Started None | no_training_ma_095_half_quarterly_medium_mag_noise10_lt2 | run_5 | freq=7 | noise=1 | magnitude=100 | lead_time=2 | PID 1200895 | GPU None
[2026-07-15T19:11:24] Started None | no_training_ma_095_half_quarterly_medium_mag_noise10_lt2 | run_6 | freq=7 | noise=1 | magnitude=100 | lead_time=2 | PID 1201067 | GPU None
[2026-07-15T19:11:29] Started None | no_training_ma_095_half_quarterly_medium_mag_noise10_lt2 | run_7 | freq=7 | noise=1 | magnitude=100 | lead_time=2 | PID 1201198 | GPU None
[2026-07-15T19:11:32] Started None | no_training_ma_095_half_quarterly_medium_mag_noise10_lt2 | run_8 | freq=7 | noise=1 | magnitude=100 | lead_time=2 | PID 1201273 | GPU None
[2026-07-15T19:11:35] Started None | no_training_ma_095_half_quarterly_medium_mag_noise10_lt2 | run_9 | freq=7 | noise=1 | magnitude=100 | lead_time=2 | PID 1201379 | GPU None
[2026-07-15T19:11:40] Started None | no_training_ma_096_half_quarterly_medium_mag_noise10_lt3 | run_0 | freq=7 | noise=1 | magnitude=100 | lead_time=3 | PID 1201440 | GPU None
[2026-07-15T19:11:43] Started None | no_training_ma_096_half_quarterly_medium_mag_noise10_lt3 | run_1 | freq=7 | noise=1 | magnitude=100 | lead_time=3 | PID 1201445 | GPU None
[2026-07-15T19:11:46] Started None | no_training_ma_096_half_quarterly_medium_mag_noise10_lt3 | run_2 | freq=7 | noise=1 | magnitude=100 | lead_time=3 | PID 1201478 | GPU None
[2026-07-15T19:11:50] Started None | no_training_ma_096_half_quarterly_medium_mag_noise10_lt3 | run_3 | freq=7 | noise=1 | magnitude=100 | lead_time=3 | PID 1201497 | GPU None
[2026-07-15T19:11:53] Started None | no_training_ma_096_half_quarterly_medium_mag_noise10_lt3 | run_4 | freq=7 | noise=1 | magnitude=100 | lead_time=3 | PID 1201510 | GPU None
[2026-07-15T19:11:57] Started None | no_training_ma_096_half_quarterly_medium_mag_noise10_lt3 | run_5 | freq=7 | noise=1 | magnitude=100 | lead_time=3 | PID 1201529 | GPU None
[2026-07-15T19:12:01] Started None | no_training_ma_096_half_quarterly_medium_mag_noise10_lt3 | run_6 | freq=7 | noise=1 | magnitude=100 | lead_time=3 | PID 1201556 | GPU None
[2026-07-15T19:12:04] Started None | no_training_ma_096_half_quarterly_medium_mag_noise10_lt3 | run_7 | freq=7 | noise=1 | magnitude=100 | lead_time=3 | PID 1201569 | GPU None
[2026-07-15T19:12:08] Started None | no_training_ma_096_half_quarterly_medium_mag_noise10_lt3 | run_8 | freq=7 | noise=1 | magnitude=100 | lead_time=3 | PID 1201607 | GPU None
[2026-07-15T19:12:12] Started None | no_training_ma_096_half_quarterly_medium_mag_noise10_lt3 | run_9 | freq=7 | noise=1 | magnitude=100 | lead_time=3 | PID 1201813 | GPU None
[2026-07-15T19:12:15] Started None | no_training_ma_097_half_quarterly_medium_mag_noise100_lt1 | run_0 | freq=7 | noise=1 | magnitude=100 | lead_time=1 | PID 1201877 | GPU None
[2026-07-15T19:12:19] Started None | no_training_ma_097_half_quarterly_medium_mag_noise100_lt1 | run_1 | freq=7 | noise=1 | magnitude=100 | lead_time=1 | PID 1201903 | GPU None
[2026-07-15T19:12:24] Started None | no_training_ma_097_half_quarterly_medium_mag_noise100_lt1 | run_2 | freq=7 | noise=1 | magnitude=100 | lead_time=1 | PID 1201928 | GPU None
[2026-07-15T19:12:27] Started None | no_training_ma_097_half_quarterly_medium_mag_noise100_lt1 | run_3 | freq=7 | noise=1 | magnitude=100 | lead_time=1 | PID 1202056 | GPU None
[2026-07-15T19:12:32] Started None | no_training_ma_097_half_quarterly_medium_mag_noise100_lt1 | run_4 | freq=7 | noise=1 | magnitude=100 | lead_time=1 | PID 1202087 | GPU None
[2026-07-15T19:12:35] Started None | no_training_ma_097_half_quarterly_medium_mag_noise100_lt1 | run_5 | freq=7 | noise=1 | magnitude=100 | lead_time=1 | PID 1202101 | GPU None
[2026-07-15T19:12:38] Started None | no_training_ma_097_half_quarterly_medium_mag_noise100_lt1 | run_6 | freq=7 | noise=1 | magnitude=100 | lead_time=1 | PID 1202128 | GPU None
[2026-07-15T19:12:41] Started None | no_training_ma_097_half_quarterly_medium_mag_noise100_lt1 | run_7 | freq=7 | noise=1 | magnitude=100 | lead_time=1 | PID 1202217 | GPU None
[2026-07-15T19:12:45] Started None | no_training_ma_097_half_quarterly_medium_mag_noise100_lt1 | run_8 | freq=7 | noise=1 | magnitude=100 | lead_time=1 | PID 1202296 | GPU None
[2026-07-15T19:12:48] Started None | no_training_ma_097_half_quarterly_medium_mag_noise100_lt1 | run_9 | freq=7 | noise=1 | magnitude=100 | lead_time=1 | PID 1202373 | GPU None
[2026-07-15T19:12:51] Started None | no_training_ma_098_half_quarterly_medium_mag_noise100_lt2 | run_0 | freq=7 | noise=1 | magnitude=100 | lead_time=2 | PID 1202459 | GPU None
[2026-07-15T19:12:54] Started None | no_training_ma_098_half_quarterly_medium_mag_noise100_lt2 | run_1 | freq=7 | noise=1 | magnitude=100 | lead_time=2 | PID 1202507 | GPU None
[2026-07-15T19:12:58] Started None | no_training_ma_098_half_quarterly_medium_mag_noise100_lt2 | run_2 | freq=7 | noise=1 | magnitude=100 | lead_time=2 | PID 1202526 | GPU None
[2026-07-15T19:13:01] Started None | no_training_ma_098_half_quarterly_medium_mag_noise100_lt2 | run_3 | freq=7 | noise=1 | magnitude=100 | lead_time=2 | PID 1202550 | GPU None
[2026-07-15T19:13:04] Started None | no_training_ma_098_half_quarterly_medium_mag_noise100_lt2 | run_4 | freq=7 | noise=1 | magnitude=100 | lead_time=2 | PID 1202554 | GPU None
[2026-07-15T19:13:08] Started None | no_training_ma_098_half_quarterly_medium_mag_noise100_lt2 | run_5 | freq=7 | noise=1 | magnitude=100 | lead_time=2 | PID 1202575 | GPU None
[2026-07-15T19:13:11] Started None | no_training_ma_098_half_quarterly_medium_mag_noise100_lt2 | run_6 | freq=7 | noise=1 | magnitude=100 | lead_time=2 | PID 1202774 | GPU None
[2026-07-15T19:13:15] Started None | no_training_ma_098_half_quarterly_medium_mag_noise100_lt2 | run_7 | freq=7 | noise=1 | magnitude=100 | lead_time=2 | PID 1202778 | GPU None
[2026-07-15T19:13:18] Finished None | no_training_ma_098_half_quarterly_medium_mag_noise100_lt2 | run_5 | freq=7 | noise=1 | magnitude=100 | lead_time=2
[2026-07-15T19:13:19] Started None | no_training_ma_098_half_quarterly_medium_mag_noise100_lt2 | run_8 | freq=7 | noise=1 | magnitude=100 | lead_time=2 | PID 1202849 | GPU None
[2026-07-15T19:13:22] Started None | no_training_ma_098_half_quarterly_medium_mag_noise100_lt2 | run_9 | freq=7 | noise=1 | magnitude=100 | lead_time=2 | PID 1202885 | GPU None
[2026-07-15T19:13:26] Started None | no_training_ma_099_half_quarterly_medium_mag_noise100_lt3 | run_0 | freq=7 | noise=1 | magnitude=100 | lead_time=3 | PID 1202901 | GPU None
[2026-07-15T19:13:29] Started None | no_training_ma_099_half_quarterly_medium_mag_noise100_lt3 | run_1 | freq=7 | noise=1 | magnitude=100 | lead_time=3 | PID 1203019 | GPU None
[2026-07-15T19:13:32] Started None | no_training_ma_099_half_quarterly_medium_mag_noise100_lt3 | run_2 | freq=7 | noise=1 | magnitude=100 | lead_time=3 | PID 1203038 | GPU None
[2026-07-15T19:13:35] Started None | no_training_ma_099_half_quarterly_medium_mag_noise100_lt3 | run_3 | freq=7 | noise=1 | magnitude=100 | lead_time=3 | PID 1203052 | GPU None
[2026-07-15T19:13:39] Started None | no_training_ma_099_half_quarterly_medium_mag_noise100_lt3 | run_4 | freq=7 | noise=1 | magnitude=100 | lead_time=3 | PID 1203061 | GPU None
[2026-07-15T19:13:42] Started None | no_training_ma_099_half_quarterly_medium_mag_noise100_lt3 | run_5 | freq=7 | noise=1 | magnitude=100 | lead_time=3 | PID 1203083 | GPU None
[2026-07-15T19:13:45] Started None | no_training_ma_099_half_quarterly_medium_mag_noise100_lt3 | run_6 | freq=7 | noise=1 | magnitude=100 | lead_time=3 | PID 1203086 | GPU None
[2026-07-15T19:13:49] Started None | no_training_ma_099_half_quarterly_medium_mag_noise100_lt3 | run_7 | freq=7 | noise=1 | magnitude=100 | lead_time=3 | PID 1203106 | GPU None
[2026-07-15T19:13:53] Started None | no_training_ma_099_half_quarterly_medium_mag_noise100_lt3 | run_8 | freq=7 | noise=1 | magnitude=100 | lead_time=3 | PID 1203125 | GPU None
[2026-07-15T19:13:56] Started None | no_training_ma_099_half_quarterly_medium_mag_noise100_lt3 | run_9 | freq=7 | noise=1 | magnitude=100 | lead_time=3 | PID 1203199 | GPU None
[2026-07-15T19:13:59] Started None | no_training_ma_100_half_quarterly_high_mag_noise0_lt1 | run_0 | freq=7 | noise=1 | magnitude=200 | lead_time=1 | PID 1203286 | GPU None
[2026-07-15T19:14:03] Started None | no_training_ma_100_half_quarterly_high_mag_noise0_lt1 | run_1 | freq=7 | noise=1 | magnitude=200 | lead_time=1 | PID 1203371 | GPU None
[2026-07-15T19:14:06] Started None | no_training_ma_100_half_quarterly_high_mag_noise0_lt1 | run_2 | freq=7 | noise=1 | magnitude=200 | lead_time=1 | PID 1203485 | GPU None
[2026-07-15T19:14:11] Started None | no_training_ma_100_half_quarterly_high_mag_noise0_lt1 | run_3 | freq=7 | noise=1 | magnitude=200 | lead_time=1 | PID 1203528 | GPU None
[2026-07-15T19:14:14] Started None | no_training_ma_100_half_quarterly_high_mag_noise0_lt1 | run_4 | freq=7 | noise=1 | magnitude=200 | lead_time=1 | PID 1203725 | GPU None
[2026-07-15T19:14:17] Started None | no_training_ma_100_half_quarterly_high_mag_noise0_lt1 | run_5 | freq=7 | noise=1 | magnitude=200 | lead_time=1 | PID 1203757 | GPU None
[2026-07-15T19:14:21] Started None | no_training_ma_100_half_quarterly_high_mag_noise0_lt1 | run_6 | freq=7 | noise=1 | magnitude=200 | lead_time=1 | PID 1203807 | GPU None
[2026-07-15T19:14:25] Started None | no_training_ma_100_half_quarterly_high_mag_noise0_lt1 | run_7 | freq=7 | noise=1 | magnitude=200 | lead_time=1 | PID 1203846 | GPU None
[2026-07-15T19:14:28] Started None | no_training_ma_100_half_quarterly_high_mag_noise0_lt1 | run_8 | freq=7 | noise=1 | magnitude=200 | lead_time=1 | PID 1203850 | GPU None
[2026-07-15T19:14:31] Started None | no_training_ma_100_half_quarterly_high_mag_noise0_lt1 | run_9 | freq=7 | noise=1 | magnitude=200 | lead_time=1 | PID 1203965 | GPU None
[2026-07-15T19:14:34] Started None | no_training_ma_101_half_quarterly_high_mag_noise0_lt2 | run_0 | freq=7 | noise=1 | magnitude=200 | lead_time=2 | PID 1203969 | GPU None
[2026-07-15T19:14:38] Started None | no_training_ma_101_half_quarterly_high_mag_noise0_lt2 | run_1 | freq=7 | noise=1 | magnitude=200 | lead_time=2 | PID 1203973 | GPU None
[2026-07-15T19:14:41] Started None | no_training_ma_101_half_quarterly_high_mag_noise0_lt2 | run_2 | freq=7 | noise=1 | magnitude=200 | lead_time=2 | PID 1203979 | GPU None
[2026-07-15T19:14:44] Started None | no_training_ma_101_half_quarterly_high_mag_noise0_lt2 | run_3 | freq=7 | noise=1 | magnitude=200 | lead_time=2 | PID 1203983 | GPU None
[2026-07-15T19:14:47] Started None | no_training_ma_101_half_quarterly_high_mag_noise0_lt2 | run_4 | freq=7 | noise=1 | magnitude=200 | lead_time=2 | PID 1203988 | GPU None
[2026-07-15T19:14:51] Started None | no_training_ma_101_half_quarterly_high_mag_noise0_lt2 | run_5 | freq=7 | noise=1 | magnitude=200 | lead_time=2 | PID 1203992 | GPU None
[2026-07-15T19:14:54] Started None | no_training_ma_101_half_quarterly_high_mag_noise0_lt2 | run_6 | freq=7 | noise=1 | magnitude=200 | lead_time=2 | PID 1203995 | GPU None
[2026-07-15T19:14:58] Started None | no_training_ma_101_half_quarterly_high_mag_noise0_lt2 | run_7 | freq=7 | noise=1 | magnitude=200 | lead_time=2 | PID 1204027 | GPU None
[2026-07-15T19:15:01] Started None | no_training_ma_101_half_quarterly_high_mag_noise0_lt2 | run_8 | freq=7 | noise=1 | magnitude=200 | lead_time=2 | PID 1204031 | GPU None
[2026-07-15T19:15:04] Started None | no_training_ma_101_half_quarterly_high_mag_noise0_lt2 | run_9 | freq=7 | noise=1 | magnitude=200 | lead_time=2 | PID 1204079 | GPU None
[2026-07-15T19:15:08] Started None | no_training_ma_102_half_quarterly_high_mag_noise0_lt3 | run_0 | freq=7 | noise=1 | magnitude=200 | lead_time=3 | PID 1204104 | GPU None
[2026-07-15T19:15:12] Started None | no_training_ma_102_half_quarterly_high_mag_noise0_lt3 | run_1 | freq=7 | noise=1 | magnitude=200 | lead_time=3 | PID 1204245 | GPU None
[2026-07-15T19:15:15] Started None | no_training_ma_102_half_quarterly_high_mag_noise0_lt3 | run_2 | freq=7 | noise=1 | magnitude=200 | lead_time=3 | PID 1204423 | GPU None
[2026-07-15T19:15:19] Started None | no_training_ma_102_half_quarterly_high_mag_noise0_lt3 | run_3 | freq=7 | noise=1 | magnitude=200 | lead_time=3 | PID 1204526 | GPU None
[2026-07-15T19:15:23] Started None | no_training_ma_102_half_quarterly_high_mag_noise0_lt3 | run_4 | freq=7 | noise=1 | magnitude=200 | lead_time=3 | PID 1204609 | GPU None
[2026-07-15T19:15:26] Started None | no_training_ma_102_half_quarterly_high_mag_noise0_lt3 | run_5 | freq=7 | noise=1 | magnitude=200 | lead_time=3 | PID 1204675 | GPU None
[2026-07-15T19:15:29] Started None | no_training_ma_102_half_quarterly_high_mag_noise0_lt3 | run_6 | freq=7 | noise=1 | magnitude=200 | lead_time=3 | PID 1204724 | GPU None
[2026-07-15T19:15:33] Started None | no_training_ma_102_half_quarterly_high_mag_noise0_lt3 | run_7 | freq=7 | noise=1 | magnitude=200 | lead_time=3 | PID 1204854 | GPU None
[2026-07-15T19:15:37] Started None | no_training_ma_102_half_quarterly_high_mag_noise0_lt3 | run_8 | freq=7 | noise=1 | magnitude=200 | lead_time=3 | PID 1204866 | GPU None
[2026-07-15T19:15:41] Started None | no_training_ma_102_half_quarterly_high_mag_noise0_lt3 | run_9 | freq=7 | noise=1 | magnitude=200 | lead_time=3 | PID 1204870 | GPU None
[2026-07-15T19:15:44] Started None | no_training_ma_103_half_quarterly_high_mag_noise10_lt1 | run_0 | freq=7 | noise=1 | magnitude=200 | lead_time=1 | PID 1204876 | GPU None
[2026-07-15T19:15:47] Started None | no_training_ma_103_half_quarterly_high_mag_noise10_lt1 | run_1 | freq=7 | noise=1 | magnitude=200 | lead_time=1 | PID 1204880 | GPU None
[2026-07-15T19:15:50] Started None | no_training_ma_103_half_quarterly_high_mag_noise10_lt1 | run_2 | freq=7 | noise=1 | magnitude=200 | lead_time=1 | PID 1204884 | GPU None
[2026-07-15T19:15:54] Started None | no_training_ma_103_half_quarterly_high_mag_noise10_lt1 | run_3 | freq=7 | noise=1 | magnitude=200 | lead_time=1 | PID 1204888 | GPU None
[2026-07-15T19:15:57] Started None | no_training_ma_103_half_quarterly_high_mag_noise10_lt1 | run_4 | freq=7 | noise=1 | magnitude=200 | lead_time=1 | PID 1204892 | GPU None
[2026-07-15T19:16:00] Started None | no_training_ma_103_half_quarterly_high_mag_noise10_lt1 | run_5 | freq=7 | noise=1 | magnitude=200 | lead_time=1 | PID 1204897 | GPU None
[2026-07-15T19:16:03] Finished None | no_training_ma_103_half_quarterly_high_mag_noise10_lt1 | run_3 | freq=7 | noise=1 | magnitude=200 | lead_time=1
[2026-07-15T19:16:04] Started None | no_training_ma_103_half_quarterly_high_mag_noise10_lt1 | run_6 | freq=7 | noise=1 | magnitude=200 | lead_time=1 | PID 1204907 | GPU None
[2026-07-15T19:16:08] Started None | no_training_ma_103_half_quarterly_high_mag_noise10_lt1 | run_7 | freq=7 | noise=1 | magnitude=200 | lead_time=1 | PID 1204912 | GPU None
[2026-07-15T19:16:11] Started None | no_training_ma_103_half_quarterly_high_mag_noise10_lt1 | run_8 | freq=7 | noise=1 | magnitude=200 | lead_time=1 | PID 1204918 | GPU None
[2026-07-15T19:16:15] Started None | no_training_ma_103_half_quarterly_high_mag_noise10_lt1 | run_9 | freq=7 | noise=1 | magnitude=200 | lead_time=1 | PID 1205120 | GPU None
[2026-07-15T19:16:20] Started None | no_training_ma_104_half_quarterly_high_mag_noise10_lt2 | run_0 | freq=7 | noise=1 | magnitude=200 | lead_time=2 | PID 1205142 | GPU None
[2026-07-15T19:16:23] Started None | no_training_ma_104_half_quarterly_high_mag_noise10_lt2 | run_1 | freq=7 | noise=1 | magnitude=200 | lead_time=2 | PID 1205146 | GPU None
[2026-07-15T19:16:26] Started None | no_training_ma_104_half_quarterly_high_mag_noise10_lt2 | run_2 | freq=7 | noise=1 | magnitude=200 | lead_time=2 | PID 1205150 | GPU None
[2026-07-15T19:16:30] Started None | no_training_ma_104_half_quarterly_high_mag_noise10_lt2 | run_3 | freq=7 | noise=1 | magnitude=200 | lead_time=2 | PID 1205171 | GPU None
[2026-07-15T19:16:33] Started None | no_training_ma_104_half_quarterly_high_mag_noise10_lt2 | run_4 | freq=7 | noise=1 | magnitude=200 | lead_time=2 | PID 1205269 | GPU None
[2026-07-15T19:16:36] Started None | no_training_ma_104_half_quarterly_high_mag_noise10_lt2 | run_5 | freq=7 | noise=1 | magnitude=200 | lead_time=2 | PID 1205408 | GPU None
[2026-07-15T19:16:39] Started None | no_training_ma_104_half_quarterly_high_mag_noise10_lt2 | run_6 | freq=7 | noise=1 | magnitude=200 | lead_time=2 | PID 1205493 | GPU None
[2026-07-15T19:16:43] Started None | no_training_ma_104_half_quarterly_high_mag_noise10_lt2 | run_7 | freq=7 | noise=1 | magnitude=200 | lead_time=2 | PID 1205574 | GPU None
[2026-07-15T19:16:46] Started None | no_training_ma_104_half_quarterly_high_mag_noise10_lt2 | run_8 | freq=7 | noise=1 | magnitude=200 | lead_time=2 | PID 1205660 | GPU None
[2026-07-15T19:16:49] Started None | no_training_ma_104_half_quarterly_high_mag_noise10_lt2 | run_9 | freq=7 | noise=1 | magnitude=200 | lead_time=2 | PID 1205676 | GPU None
[2026-07-15T19:16:53] Started None | no_training_ma_105_half_quarterly_high_mag_noise10_lt3 | run_0 | freq=7 | noise=1 | magnitude=200 | lead_time=3 | PID 1205681 | GPU None
[2026-07-15T19:16:56] Started None | no_training_ma_105_half_quarterly_high_mag_noise10_lt3 | run_1 | freq=7 | noise=1 | magnitude=200 | lead_time=3 | PID 1205685 | GPU None
[2026-07-15T19:16:59] Started None | no_training_ma_105_half_quarterly_high_mag_noise10_lt3 | run_2 | freq=7 | noise=1 | magnitude=200 | lead_time=3 | PID 1205690 | GPU None
[2026-07-15T19:17:03] Started None | no_training_ma_105_half_quarterly_high_mag_noise10_lt3 | run_3 | freq=7 | noise=1 | magnitude=200 | lead_time=3 | PID 1205701 | GPU None
[2026-07-15T19:17:06] Started None | no_training_ma_105_half_quarterly_high_mag_noise10_lt3 | run_4 | freq=7 | noise=1 | magnitude=200 | lead_time=3 | PID 1205705 | GPU None
[2026-07-15T19:17:10] Started None | no_training_ma_105_half_quarterly_high_mag_noise10_lt3 | run_5 | freq=7 | noise=1 | magnitude=200 | lead_time=3 | PID 1205728 | GPU None
[2026-07-15T19:17:13] Started None | no_training_ma_105_half_quarterly_high_mag_noise10_lt3 | run_6 | freq=7 | noise=1 | magnitude=200 | lead_time=3 | PID 1205833 | GPU None
[2026-07-15T19:17:17] Started None | no_training_ma_105_half_quarterly_high_mag_noise10_lt3 | run_7 | freq=7 | noise=1 | magnitude=200 | lead_time=3 | PID 1205927 | GPU None
[2026-07-15T19:17:20] Started None | no_training_ma_105_half_quarterly_high_mag_noise10_lt3 | run_8 | freq=7 | noise=1 | magnitude=200 | lead_time=3 | PID 1205955 | GPU None
[2026-07-15T19:17:24] Started None | no_training_ma_105_half_quarterly_high_mag_noise10_lt3 | run_9 | freq=7 | noise=1 | magnitude=200 | lead_time=3 | PID 1205961 | GPU None
[2026-07-15T19:17:27] Started None | no_training_ma_106_half_quarterly_high_mag_noise100_lt1 | run_0 | freq=7 | noise=1 | magnitude=200 | lead_time=1 | PID 1205969 | GPU None
[2026-07-15T19:17:31] Started None | no_training_ma_106_half_quarterly_high_mag_noise100_lt1 | run_1 | freq=7 | noise=1 | magnitude=200 | lead_time=1 | PID 1205973 | GPU None
[2026-07-15T19:17:34] Started None | no_training_ma_106_half_quarterly_high_mag_noise100_lt1 | run_2 | freq=7 | noise=1 | magnitude=200 | lead_time=1 | PID 1205977 | GPU None
[2026-07-15T19:17:38] Started None | no_training_ma_106_half_quarterly_high_mag_noise100_lt1 | run_3 | freq=7 | noise=1 | magnitude=200 | lead_time=1 | PID 1206055 | GPU None
[2026-07-15T19:17:41] Started None | no_training_ma_106_half_quarterly_high_mag_noise100_lt1 | run_4 | freq=7 | noise=1 | magnitude=200 | lead_time=1 | PID 1206151 | GPU None
[2026-07-15T19:17:44] Started None | no_training_ma_106_half_quarterly_high_mag_noise100_lt1 | run_5 | freq=7 | noise=1 | magnitude=200 | lead_time=1 | PID 1206155 | GPU None
[2026-07-15T19:17:48] Started None | no_training_ma_106_half_quarterly_high_mag_noise100_lt1 | run_6 | freq=7 | noise=1 | magnitude=200 | lead_time=1 | PID 1206191 | GPU None
[2026-07-15T19:17:51] Started None | no_training_ma_106_half_quarterly_high_mag_noise100_lt1 | run_7 | freq=7 | noise=1 | magnitude=200 | lead_time=1 | PID 1206273 | GPU None
[2026-07-15T19:17:55] Started None | no_training_ma_106_half_quarterly_high_mag_noise100_lt1 | run_8 | freq=7 | noise=1 | magnitude=200 | lead_time=1 | PID 1206353 | GPU None
[2026-07-15T19:17:58] Started None | no_training_ma_106_half_quarterly_high_mag_noise100_lt1 | run_9 | freq=7 | noise=1 | magnitude=200 | lead_time=1 | PID 1206435 | GPU None
[2026-07-15T19:18:01] Started None | no_training_ma_107_half_quarterly_high_mag_noise100_lt2 | run_0 | freq=7 | noise=1 | magnitude=200 | lead_time=2 | PID 1206507 | GPU None
[2026-07-15T19:18:05] Started None | no_training_ma_107_half_quarterly_high_mag_noise100_lt2 | run_1 | freq=7 | noise=1 | magnitude=200 | lead_time=2 | PID 1206515 | GPU None
[2026-07-15T19:18:08] Started None | no_training_ma_107_half_quarterly_high_mag_noise100_lt2 | run_2 | freq=7 | noise=1 | magnitude=200 | lead_time=2 | PID 1206520 | GPU None
[2026-07-15T19:18:12] Started None | no_training_ma_107_half_quarterly_high_mag_noise100_lt2 | run_3 | freq=7 | noise=1 | magnitude=200 | lead_time=2 | PID 1206527 | GPU None
[2026-07-15T19:18:15] Started None | no_training_ma_107_half_quarterly_high_mag_noise100_lt2 | run_4 | freq=7 | noise=1 | magnitude=200 | lead_time=2 | PID 1206708 | GPU None
[2026-07-15T19:18:19] Started None | no_training_ma_107_half_quarterly_high_mag_noise100_lt2 | run_5 | freq=7 | noise=1 | magnitude=200 | lead_time=2 | PID 1206725 | GPU None
[2026-07-15T19:18:22] Started None | no_training_ma_107_half_quarterly_high_mag_noise100_lt2 | run_6 | freq=7 | noise=1 | magnitude=200 | lead_time=2 | PID 1206729 | GPU None
[2026-07-15T19:18:26] Started None | no_training_ma_107_half_quarterly_high_mag_noise100_lt2 | run_7 | freq=7 | noise=1 | magnitude=200 | lead_time=2 | PID 1206733 | GPU None
[2026-07-15T19:18:29] Started None | no_training_ma_107_half_quarterly_high_mag_noise100_lt2 | run_8 | freq=7 | noise=1 | magnitude=200 | lead_time=2 | PID 1206737 | GPU None
[2026-07-15T19:18:33] Started None | no_training_ma_107_half_quarterly_high_mag_noise100_lt2 | run_9 | freq=7 | noise=1 | magnitude=200 | lead_time=2 | PID 1206741 | GPU None
[2026-07-15T19:18:36] Started None | no_training_ma_108_half_quarterly_high_mag_noise100_lt3 | run_0 | freq=7 | noise=1 | magnitude=200 | lead_time=3 | PID 1206745 | GPU None
[2026-07-15T19:18:40] Started None | no_training_ma_108_half_quarterly_high_mag_noise100_lt3 | run_1 | freq=7 | noise=1 | magnitude=200 | lead_time=3 | PID 1206750 | GPU None
[2026-07-15T19:18:43] Started None | no_training_ma_108_half_quarterly_high_mag_noise100_lt3 | run_2 | freq=7 | noise=1 | magnitude=200 | lead_time=3 | PID 1206863 | GPU None
[2026-07-15T19:18:47] Started None | no_training_ma_108_half_quarterly_high_mag_noise100_lt3 | run_3 | freq=7 | noise=1 | magnitude=200 | lead_time=3 | PID 1206923 | GPU None
[2026-07-15T19:18:50] Finished None | no_training_ma_108_half_quarterly_high_mag_noise100_lt3 | run_1 | freq=7 | noise=1 | magnitude=200 | lead_time=3
[2026-07-15T19:18:51] Started None | no_training_ma_108_half_quarterly_high_mag_noise100_lt3 | run_4 | freq=7 | noise=1 | magnitude=200 | lead_time=3 | PID 1206929 | GPU None
[2026-07-15T19:18:54] Started None | no_training_ma_108_half_quarterly_high_mag_noise100_lt3 | run_5 | freq=7 | noise=1 | magnitude=200 | lead_time=3 | PID 1206933 | GPU None
[2026-07-15T19:18:57] Started None | no_training_ma_108_half_quarterly_high_mag_noise100_lt3 | run_6 | freq=7 | noise=1 | magnitude=200 | lead_time=3 | PID 1206937 | GPU None
[2026-07-15T19:19:01] Started None | no_training_ma_108_half_quarterly_high_mag_noise100_lt3 | run_7 | freq=7 | noise=1 | magnitude=200 | lead_time=3 | PID 1206942 | GPU None
[2026-07-15T19:19:04] Started None | no_training_ma_108_half_quarterly_high_mag_noise100_lt3 | run_8 | freq=7 | noise=1 | magnitude=200 | lead_time=3 | PID 1207001 | GPU None
[2026-07-15T19:19:07] Started None | no_training_ma_108_half_quarterly_high_mag_noise100_lt3 | run_9 | freq=7 | noise=1 | magnitude=200 | lead_time=3 | PID 1207104 | GPU None
[2026-07-15T19:19:11] Started local_multichannel | local_multichannel_002_yearly_low_mag_noise0_lt2 | run_7 | freq=52 | noise=1 | magnitude=50 | lead_time=2 | PID 1207189 | GPU 0
[2026-07-15T19:19:14] Started local_multichannel | local_multichannel_002_yearly_low_mag_noise0_lt2 | run_9 | freq=52 | noise=1 | magnitude=50 | lead_time=2 | PID 1207312 | GPU 1
[2026-07-15T19:19:18] Started local_multichannel | local_multichannel_003_yearly_low_mag_noise0_lt3 | run_0 | freq=52 | noise=1 | magnitude=50 | lead_time=3 | PID 1207518 | GPU 2
[2026-07-15T19:19:22] Started local_multichannel | local_multichannel_003_yearly_low_mag_noise0_lt3 | run_1 | freq=52 | noise=1 | magnitude=50 | lead_time=3 | PID 1207530 | GPU 3
[2026-07-15T19:19:25] Started local_multichannel | local_multichannel_003_yearly_low_mag_noise0_lt3 | run_2 | freq=52 | noise=1 | magnitude=50 | lead_time=3 | PID 1207541 | GPU 4
[2026-07-15T19:19:28] Started local_multichannel | local_multichannel_003_yearly_low_mag_noise0_lt3 | run_3 | freq=52 | noise=1 | magnitude=50 | lead_time=3 | PID 1207552 | GPU 5
[2026-07-15T19:19:32] Started local_multichannel | local_multichannel_003_yearly_low_mag_noise0_lt3 | run_4 | freq=52 | noise=1 | magnitude=50 | lead_time=3 | PID 1207563 | GPU 6
[2026-07-15T19:19:35] Started local_multichannel | local_multichannel_003_yearly_low_mag_noise0_lt3 | run_5 | freq=52 | noise=1 | magnitude=50 | lead_time=3 | PID 1207574 | GPU 7
[2026-07-15T19:19:38] Started local_multichannel | local_multichannel_003_yearly_low_mag_noise0_lt3 | run_6 | freq=52 | noise=1 | magnitude=50 | lead_time=3 | PID 1207585 | GPU 7
[2026-07-15T19:19:42] Started local_multichannel | local_multichannel_003_yearly_low_mag_noise0_lt3 | run_7 | freq=52 | noise=1 | magnitude=50 | lead_time=3 | PID 1207596 | GPU 0
[2026-07-15T19:19:45] Started local_multichannel | local_multichannel_003_yearly_low_mag_noise0_lt3 | run_8 | freq=52 | noise=1 | magnitude=50 | lead_time=3 | PID 1207640 | GPU 1
[2026-07-15T19:19:48] Started local_multichannel | local_multichannel_003_yearly_low_mag_noise0_lt3 | run_9 | freq=52 | noise=1 | magnitude=50 | lead_time=3 | PID 1207738 | GPU 2
[2026-07-15T19:19:52] Started local_multichannel | local_multichannel_004_yearly_low_mag_noise10_lt1 | run_0 | freq=52 | noise=1 | magnitude=50 | lead_time=1 | PID 1207786 | GPU 5
[2026-07-15T19:19:55] Started local_multichannel | local_multichannel_004_yearly_low_mag_noise10_lt1 | run_1 | freq=52 | noise=1 | magnitude=50 | lead_time=1 | PID 1207794 | GPU 3
[2026-07-15T19:19:58] Started local_multichannel | local_multichannel_004_yearly_low_mag_noise10_lt1 | run_2 | freq=52 | noise=1 | magnitude=50 | lead_time=1 | PID 1207802 | GPU 4
[2026-07-15T19:20:02] Started local_multichannel | local_multichannel_004_yearly_low_mag_noise10_lt1 | run_3 | freq=52 | noise=1 | magnitude=50 | lead_time=1 | PID 1207835 | GPU 6
[2026-07-15T19:20:05] Started local_multichannel | local_multichannel_004_yearly_low_mag_noise10_lt1 | run_4 | freq=52 | noise=1 | magnitude=50 | lead_time=1 | PID 1207847 | GPU 6
[2026-07-15T19:20:08] Started local_multichannel | local_multichannel_004_yearly_low_mag_noise10_lt1 | run_5 | freq=52 | noise=1 | magnitude=50 | lead_time=1 | PID 1207856 | GPU 0
[2026-07-15T19:20:11] Started local_multichannel | local_multichannel_004_yearly_low_mag_noise10_lt1 | run_6 | freq=52 | noise=1 | magnitude=50 | lead_time=1 | PID 1207867 | GPU 3
[2026-07-15T19:20:15] Started local_multichannel | local_multichannel_004_yearly_low_mag_noise10_lt1 | run_7 | freq=52 | noise=1 | magnitude=50 | lead_time=1 | PID 1207879 | GPU 4
[2026-07-15T19:20:18] Started local_multichannel | local_multichannel_004_yearly_low_mag_noise10_lt1 | run_8 | freq=52 | noise=1 | magnitude=50 | lead_time=1 | PID 1208121 | GPU 7
[2026-07-15T19:20:22] Started local_multichannel | local_multichannel_004_yearly_low_mag_noise10_lt1 | run_9 | freq=52 | noise=1 | magnitude=50 | lead_time=1 | PID 1208196 | GPU 5
[2026-07-15T19:20:25] Started local_multichannel | local_multichannel_005_yearly_low_mag_noise10_lt2 | run_0 | freq=52 | noise=1 | magnitude=50 | lead_time=2 | PID 1208269 | GPU 1
[2026-07-15T19:20:28] Started local_multichannel | local_multichannel_005_yearly_low_mag_noise10_lt2 | run_1 | freq=52 | noise=1 | magnitude=50 | lead_time=2 | PID 1208341 | GPU 2
[2026-07-15T19:20:32] Started local_multichannel | local_multichannel_005_yearly_low_mag_noise10_lt2 | run_2 | freq=52 | noise=1 | magnitude=50 | lead_time=2 | PID 1208411 | GPU 2
[2026-07-15T19:20:38] Started local_multichannel | local_multichannel_007_yearly_low_mag_noise100_lt1 | run_9 | freq=52 | noise=1 | magnitude=50 | lead_time=1 | PID 1208512 | GPU 6
[2026-07-15T19:20:42] Started local_multichannel | local_multichannel_008_yearly_low_mag_noise100_lt2 | run_5 | freq=52 | noise=1 | magnitude=50 | lead_time=2 | PID 1208531 | GPU 1
[2026-07-15T19:21:05] Started local_multichannel | local_multichannel_027_yearly_high_mag_noise100_lt3 | run_1 | freq=52 | noise=1 | magnitude=200 | lead_time=3 | PID 1209068 | GPU 5
[2026-07-15T19:21:10] Started local_multichannel | local_multichannel_028_half_yearly_low_mag_noise0_lt1 | run_6 | freq=26 | noise=1 | magnitude=50 | lead_time=1 | PID 1209105 | GPU 4
[2026-07-15T19:22:03] Started local_multichannel | local_multichannel_072_quarterly_medium_mag_noise100_lt3 | run_5 | freq=13 | noise=1 | magnitude=100 | lead_time=3 | PID 1210722 | GPU 7
[2026-07-15T19:22:15] Started local_multichannel | local_multichannel_080_quarterly_high_mag_noise100_lt2 | run_8 | freq=13 | noise=1 | magnitude=200 | lead_time=2 | PID 1210917 | GPU 0
[2026-07-15T19:22:49] Started local_multichannel | local_multichannel_107_half_quarterly_high_mag_noise100_lt2 | run_9 | freq=7 | noise=1 | magnitude=200 | lead_time=2 | PID 1211653 | GPU 3
[2026-07-15T19:38:37] Finished local_multichannel | local_multichannel_107_half_quarterly_high_mag_noise100_lt2 | run_9 | freq=7 | noise=1 | magnitude=200 | lead_time=2
[2026-07-15T19:38:38] Started local_multichannel | local_multichannel_005_yearly_low_mag_noise10_lt2 | run_3 | freq=52 | noise=1 | magnitude=50 | lead_time=2 | PID 1243130 | GPU 4
[2026-07-15T19:38:41] Started local_multichannel | local_multichannel_005_yearly_low_mag_noise10_lt2 | run_4 | freq=52 | noise=1 | magnitude=50 | lead_time=2 | PID 1243144 | GPU 5
[2026-07-15T19:38:45] Started local_multichannel | local_multichannel_005_yearly_low_mag_noise10_lt2 | run_5 | freq=52 | noise=1 | magnitude=50 | lead_time=2 | PID 1243167 | GPU 6
[2026-07-15T19:38:48] Started local_multichannel | local_multichannel_005_yearly_low_mag_noise10_lt2 | run_6 | freq=52 | noise=1 | magnitude=50 | lead_time=2 | PID 1243186 | GPU 7
[2026-07-15T19:38:51] Started local_multichannel | local_multichannel_005_yearly_low_mag_noise10_lt2 | run_7 | freq=52 | noise=1 | magnitude=50 | lead_time=2 | PID 1243200 | GPU 2
[2026-07-15T19:38:55] Started local_multichannel | local_multichannel_005_yearly_low_mag_noise10_lt2 | run_8 | freq=52 | noise=1 | magnitude=50 | lead_time=2 | PID 1243208 | GPU 0
[2026-07-15T19:38:58] Started local_multichannel | local_multichannel_006_yearly_low_mag_noise10_lt3 | run_0 | freq=52 | noise=1 | magnitude=50 | lead_time=3 | PID 1243231 | GPU 4
[2026-07-15T19:39:01] Started local_multichannel | local_multichannel_006_yearly_low_mag_noise10_lt3 | run_1 | freq=52 | noise=1 | magnitude=50 | lead_time=3 | PID 1243245 | GPU 5
[2026-07-15T19:39:04] Started local_multichannel | local_multichannel_006_yearly_low_mag_noise10_lt3 | run_2 | freq=52 | noise=1 | magnitude=50 | lead_time=3 | PID 1243270 | GPU 7
[2026-07-15T19:39:08] Started local_multichannel | local_multichannel_006_yearly_low_mag_noise10_lt3 | run_3 | freq=52 | noise=1 | magnitude=50 | lead_time=3 | PID 1243296 | GPU 6
[2026-07-15T19:39:11] Started local_multichannel | local_multichannel_006_yearly_low_mag_noise10_lt3 | run_4 | freq=52 | noise=1 | magnitude=50 | lead_time=3 | PID 1243374 | GPU 6
[2026-07-15T19:39:15] Started local_multichannel | local_multichannel_006_yearly_low_mag_noise10_lt3 | run_5 | freq=52 | noise=1 | magnitude=50 | lead_time=3 | PID 1243395 | GPU 4
[2026-07-15T19:39:18] Started local_multichannel | local_multichannel_006_yearly_low_mag_noise10_lt3 | run_6 | freq=52 | noise=1 | magnitude=50 | lead_time=3 | PID 1243437 | GPU 5
[2026-07-15T19:39:21] Started local_multichannel | local_multichannel_006_yearly_low_mag_noise10_lt3 | run_7 | freq=52 | noise=1 | magnitude=50 | lead_time=3 | PID 1243445 | GPU 7
[2026-07-15T19:39:25] Started local_multichannel | local_multichannel_006_yearly_low_mag_noise10_lt3 | run_8 | freq=52 | noise=1 | magnitude=50 | lead_time=3 | PID 1243463 | GPU 7
[2026-07-15T19:39:28] Started local_multichannel | local_multichannel_006_yearly_low_mag_noise10_lt3 | run_9 | freq=52 | noise=1 | magnitude=50 | lead_time=3 | PID 1243660 | GPU 3
[2026-07-15T19:39:33] Started local_multichannel | local_multichannel_008_yearly_low_mag_noise100_lt2 | run_4 | freq=52 | noise=1 | magnitude=50 | lead_time=2 | PID 1243714 | GPU 0
[2026-07-15T19:39:36] Started local_multichannel | local_multichannel_008_yearly_low_mag_noise100_lt2 | run_6 | freq=52 | noise=1 | magnitude=50 | lead_time=2 | PID 1243892 | GPU 3
[2026-07-15T19:39:45] Started local_multichannel | local_multichannel_013_yearly_medium_mag_noise10_lt1 | run_6 | freq=52 | noise=1 | magnitude=100 | lead_time=1 | PID 1244207 | GPU 1
[2026-07-15T19:39:52] Started local_multichannel | local_multichannel_017_yearly_medium_mag_noise100_lt2 | run_3 | freq=52 | noise=1 | magnitude=100 | lead_time=2 | PID 1244401 | GPU 6
[2026-07-15T19:40:05] Started local_multichannel | local_multichannel_025_yearly_high_mag_noise100_lt1 | run_3 | freq=52 | noise=1 | magnitude=200 | lead_time=1 | PID 1244640 | GPU 2
[2026-07-15T19:40:09] Started local_multichannel | local_multichannel_026_yearly_high_mag_noise100_lt2 | run_2 | freq=52 | noise=1 | magnitude=200 | lead_time=2 | PID 1244674 | GPU 4
[2026-07-15T19:40:23] Started local_multichannel | local_multichannel_035_half_yearly_low_mag_noise100_lt2 | run_5 | freq=26 | noise=1 | magnitude=50 | lead_time=2 | PID 1244976 | GPU 3
[2026-07-15T19:40:29] Started local_multichannel | local_multichannel_037_half_yearly_medium_mag_noise0_lt1 | run_8 | freq=26 | noise=1 | magnitude=100 | lead_time=1 | PID 1245221 | GPU 1
[2026-07-15T19:40:38] Started local_multichannel | local_multichannel_042_half_yearly_medium_mag_noise10_lt3 | run_5 | freq=26 | noise=1 | magnitude=100 | lead_time=3 | PID 1245408 | GPU 1
[2026-07-15T19:40:52] Started local_multichannel | local_multichannel_051_half_yearly_high_mag_noise10_lt3 | run_6 | freq=26 | noise=1 | magnitude=200 | lead_time=3 | PID 1245742 | GPU 2
[2026-07-15T19:41:02] Started local_multichannel | local_multichannel_056_quarterly_low_mag_noise0_lt2 | run_9 | freq=13 | noise=1 | magnitude=50 | lead_time=2 | PID 1246062 | GPU 0
[2026-07-15T19:41:35] Started local_multichannel | local_multichannel_081_quarterly_high_mag_noise100_lt3 | run_8 | freq=13 | noise=1 | magnitude=200 | lead_time=3 | PID 1247021 | GPU 5
[2026-07-15T19:44:30] Started local_timemixer | local_timemixer_007_yearly_low_mag_noise100_lt1 | run_1 | freq=52 | noise=1 | magnitude=50 | lead_time=1 | PID 1251940 | GPU 3
[2026-07-15T19:44:40] Started local_timemixer | local_timemixer_012_yearly_medium_mag_noise0_lt3 | run_7 | freq=52 | noise=1 | magnitude=100 | lead_time=3 | PID 1252279 | GPU 0
[2026-07-15T19:45:05] Started local_timemixer | local_timemixer_029_half_yearly_low_mag_noise0_lt2 | run_2 | freq=26 | noise=1 | magnitude=50 | lead_time=2 | PID 1253143 | GPU 2
[2026-07-15T19:45:41] Started local_timemixer | local_timemixer_054_half_yearly_high_mag_noise100_lt3 | run_7 | freq=26 | noise=1 | magnitude=200 | lead_time=3 | PID 1254321 | GPU 1
[2026-07-15T19:58:26] Finished local_timemixer | local_timemixer_054_half_yearly_high_mag_noise100_lt3 | run_7 | freq=26 | noise=1 | magnitude=200 | lead_time=3
[2026-07-15T19:58:27] Started local_multichannel | local_multichannel_007_yearly_low_mag_noise100_lt1 | run_0 | freq=52 | noise=1 | magnitude=50 | lead_time=1 | PID 1596365 | GPU 4
[2026-07-15T19:58:30] Started local_multichannel | local_multichannel_007_yearly_low_mag_noise100_lt1 | run_1 | freq=52 | noise=1 | magnitude=50 | lead_time=1 | PID 1596384 | GPU 5
[2026-07-15T19:58:34] Started local_multichannel | local_multichannel_007_yearly_low_mag_noise100_lt1 | run_2 | freq=52 | noise=1 | magnitude=50 | lead_time=1 | PID 1596430 | GPU 6
[2026-07-15T19:58:37] Started local_multichannel | local_multichannel_007_yearly_low_mag_noise100_lt1 | run_3 | freq=52 | noise=1 | magnitude=50 | lead_time=1 | PID 1596475 | GPU 7
[2026-07-15T19:58:40] Started local_multichannel | local_multichannel_007_yearly_low_mag_noise100_lt1 | run_4 | freq=52 | noise=1 | magnitude=50 | lead_time=1 | PID 1596662 | GPU 7
[2026-07-15T19:58:44] Started local_multichannel | local_multichannel_007_yearly_low_mag_noise100_lt1 | run_5 | freq=52 | noise=1 | magnitude=50 | lead_time=1 | PID 1596687 | GPU 3
[2026-07-15T19:58:47] Started local_multichannel | local_multichannel_007_yearly_low_mag_noise100_lt1 | run_6 | freq=52 | noise=1 | magnitude=50 | lead_time=1 | PID 1596710 | GPU 0
[2026-07-15T19:58:50] Started local_multichannel | local_multichannel_007_yearly_low_mag_noise100_lt1 | run_7 | freq=52 | noise=1 | magnitude=50 | lead_time=1 | PID 1596728 | GPU 6
[2026-07-15T19:58:54] Started local_multichannel | local_multichannel_007_yearly_low_mag_noise100_lt1 | run_8 | freq=52 | noise=1 | magnitude=50 | lead_time=1 | PID 1596742 | GPU 4
[2026-07-15T19:58:57] Started local_multichannel | local_multichannel_008_yearly_low_mag_noise100_lt2 | run_0 | freq=52 | noise=1 | magnitude=50 | lead_time=2 | PID 1596792 | GPU 5
[2026-07-15T19:59:00] Started local_multichannel | local_multichannel_008_yearly_low_mag_noise100_lt2 | run_1 | freq=52 | noise=1 | magnitude=50 | lead_time=2 | PID 1596860 | GPU 5
[2026-07-15T19:59:04] Started local_multichannel | local_multichannel_008_yearly_low_mag_noise100_lt2 | run_2 | freq=52 | noise=1 | magnitude=50 | lead_time=2 | PID 1596928 | GPU 4
[2026-07-15T19:59:07] Started local_multichannel | local_multichannel_008_yearly_low_mag_noise100_lt2 | run_3 | freq=52 | noise=1 | magnitude=50 | lead_time=2 | PID 1597042 | GPU 7
[2026-07-15T19:59:10] Started local_multichannel | local_multichannel_008_yearly_low_mag_noise100_lt2 | run_7 | freq=52 | noise=1 | magnitude=50 | lead_time=2 | PID 1597133 | GPU 6
[2026-07-15T19:59:14] Started local_multichannel | local_multichannel_008_yearly_low_mag_noise100_lt2 | run_8 | freq=52 | noise=1 | magnitude=50 | lead_time=2 | PID 1597185 | GPU 6
[2026-07-15T19:59:22] Started local_multichannel | local_multichannel_012_yearly_medium_mag_noise0_lt3 | run_8 | freq=52 | noise=1 | magnitude=100 | lead_time=3 | PID 1597336 | GPU 2
[2026-07-15T19:59:26] Started local_multichannel | local_multichannel_013_yearly_medium_mag_noise10_lt1 | run_4 | freq=52 | noise=1 | magnitude=100 | lead_time=1 | PID 1597368 | GPU 3
[2026-07-15T19:59:32] Started local_multichannel | local_multichannel_015_yearly_medium_mag_noise10_lt3 | run_5 | freq=52 | noise=1 | magnitude=100 | lead_time=3 | PID 1597554 | GPU 1
[2026-07-15T19:59:43] Started local_multichannel | local_multichannel_023_yearly_high_mag_noise10_lt2 | run_0 | freq=52 | noise=1 | magnitude=200 | lead_time=2 | PID 1597953 | GPU 2
[2026-07-15T19:59:51] Started local_multichannel | local_multichannel_027_yearly_high_mag_noise100_lt3 | run_3 | freq=52 | noise=1 | magnitude=200 | lead_time=3 | PID 1598068 | GPU 1
[2026-07-15T19:59:55] Started local_multichannel | local_multichannel_027_yearly_high_mag_noise100_lt3 | run_7 | freq=52 | noise=1 | magnitude=200 | lead_time=3 | PID 1598081 | GPU 5
[2026-07-15T20:00:02] Started local_multichannel | local_multichannel_030_half_yearly_low_mag_noise0_lt3 | run_8 | freq=26 | noise=1 | magnitude=50 | lead_time=3 | PID 1598588 | GPU 1
[2026-07-15T20:00:10] Started local_multichannel | local_multichannel_034_half_yearly_low_mag_noise100_lt1 | run_9 | freq=26 | noise=1 | magnitude=50 | lead_time=1 | PID 1598786 | GPU 4
[2026-07-15T20:00:14] Started local_multichannel | local_multichannel_036_half_yearly_low_mag_noise100_lt3 | run_1 | freq=26 | noise=1 | magnitude=50 | lead_time=3 | PID 1598866 | GPU 0
[2026-07-15T20:00:26] Started local_multichannel | local_multichannel_043_half_yearly_medium_mag_noise100_lt1 | run_3 | freq=26 | noise=1 | magnitude=100 | lead_time=1 | PID 1599285 | GPU 3
[2026-07-15T20:00:32] Started local_multichannel | local_multichannel_045_half_yearly_medium_mag_noise100_lt3 | run_1 | freq=26 | noise=1 | magnitude=100 | lead_time=3 | PID 1599525 | GPU 2
[2026-07-15T20:01:00] Started local_multichannel | local_multichannel_066_quarterly_medium_mag_noise0_lt3 | run_7 | freq=13 | noise=1 | magnitude=100 | lead_time=3 | PID 1600264 | GPU 7
[2026-07-15T20:02:03] Started split_multichannel | split_multichannel_008_yearly_low_mag_noise100_lt2 | run_7 | freq=52 | noise=1 | magnitude=50 | lead_time=2 | PID 1602135 | GPU 0
[2026-07-15T20:03:47] Started split_multichannel | split_multichannel_093_half_quarterly_medium_mag_noise0_lt3 | run_7 | freq=7 | noise=1 | magnitude=100 | lead_time=3 | PID 1605144 | GPU 3
[2026-07-15T20:04:06] Started split_multichannel | split_multichannel_105_half_quarterly_high_mag_noise10_lt3 | run_7 | freq=7 | noise=1 | magnitude=200 | lead_time=3 | PID 1605520 | GPU 2
[2026-07-15T20:04:35] Started local_timemixer | local_timemixer_017_yearly_medium_mag_noise100_lt2 | run_9 | freq=52 | noise=1 | magnitude=100 | lead_time=2 | PID 1606336 | GPU 1
[2026-07-15T20:05:31] Started local_timemixer | local_timemixer_058_quarterly_low_mag_noise10_lt1 | run_8 | freq=13 | noise=1 | magnitude=50 | lead_time=1 | PID 1607781 | GPU 0
[2026-07-15T20:18:02] Finished local_timemixer | local_timemixer_058_quarterly_low_mag_noise10_lt1 | run_8 | freq=13 | noise=1 | magnitude=50 | lead_time=1
[2026-07-15T20:18:02] Started local_multichannel | local_multichannel_008_yearly_low_mag_noise100_lt2 | run_9 | freq=52 | noise=1 | magnitude=50 | lead_time=2 | PID 1629691 | GPU 4
[2026-07-15T20:18:06] Started local_multichannel | local_multichannel_009_yearly_low_mag_noise100_lt3 | run_0 | freq=52 | noise=1 | magnitude=50 | lead_time=3 | PID 1629704 | GPU 5
[2026-07-15T20:18:09] Started local_multichannel | local_multichannel_009_yearly_low_mag_noise100_lt3 | run_1 | freq=52 | noise=1 | magnitude=50 | lead_time=3 | PID 1629727 | GPU 6
[2026-07-15T20:18:12] Started local_multichannel | local_multichannel_009_yearly_low_mag_noise100_lt3 | run_2 | freq=52 | noise=1 | magnitude=50 | lead_time=3 | PID 1629873 | GPU 7
[2026-07-15T20:18:16] Started local_multichannel | local_multichannel_009_yearly_low_mag_noise100_lt3 | run_3 | freq=52 | noise=1 | magnitude=50 | lead_time=3 | PID 1629959 | GPU 3
[2026-07-15T20:18:19] Started local_multichannel | local_multichannel_009_yearly_low_mag_noise100_lt3 | run_4 | freq=52 | noise=1 | magnitude=50 | lead_time=3 | PID 1630071 | GPU 7
[2026-07-15T20:18:22] Started local_multichannel | local_multichannel_009_yearly_low_mag_noise100_lt3 | run_5 | freq=52 | noise=1 | magnitude=50 | lead_time=3 | PID 1630170 | GPU 4
[2026-07-15T20:18:26] Started local_multichannel | local_multichannel_009_yearly_low_mag_noise100_lt3 | run_6 | freq=52 | noise=1 | magnitude=50 | lead_time=3 | PID 1630255 | GPU 5
[2026-07-15T20:18:29] Started local_multichannel | local_multichannel_009_yearly_low_mag_noise100_lt3 | run_7 | freq=52 | noise=1 | magnitude=50 | lead_time=3 | PID 1630279 | GPU 6
[2026-07-15T20:18:32] Started local_multichannel | local_multichannel_009_yearly_low_mag_noise100_lt3 | run_8 | freq=52 | noise=1 | magnitude=50 | lead_time=3 | PID 1630287 | GPU 6
[2026-07-15T20:18:36] Started local_multichannel | local_multichannel_009_yearly_low_mag_noise100_lt3 | run_9 | freq=52 | noise=1 | magnitude=50 | lead_time=3 | PID 1630296 | GPU 2
[2026-07-15T20:18:39] Started local_multichannel | local_multichannel_010_yearly_medium_mag_noise0_lt1 | run_0 | freq=52 | noise=1 | magnitude=100 | lead_time=1 | PID 1630319 | GPU 0
[2026-07-15T20:18:42] Started local_multichannel | local_multichannel_010_yearly_medium_mag_noise0_lt1 | run_1 | freq=52 | noise=1 | magnitude=100 | lead_time=1 | PID 1630344 | GPU 0
[2026-07-15T20:18:46] Started local_multichannel | local_multichannel_010_yearly_medium_mag_noise0_lt1 | run_2 | freq=52 | noise=1 | magnitude=100 | lead_time=1 | PID 1630352 | GPU 4
[2026-07-15T20:18:49] Started local_multichannel | local_multichannel_010_yearly_medium_mag_noise0_lt1 | run_3 | freq=52 | noise=1 | magnitude=100 | lead_time=1 | PID 1630375 | GPU 5
[2026-07-15T20:18:52] Started local_multichannel | local_multichannel_010_yearly_medium_mag_noise0_lt1 | run_4 | freq=52 | noise=1 | magnitude=100 | lead_time=1 | PID 1630561 | GPU 7
[2026-07-15T20:18:56] Started local_multichannel | local_multichannel_010_yearly_medium_mag_noise0_lt1 | run_5 | freq=52 | noise=1 | magnitude=100 | lead_time=1 | PID 1630571 | GPU 1
[2026-07-15T20:19:05] Started local_multichannel | local_multichannel_016_yearly_medium_mag_noise100_lt1 | run_6 | freq=52 | noise=1 | magnitude=100 | lead_time=1 | PID 1630800 | GPU 1
[2026-07-15T20:19:09] Started local_multichannel | local_multichannel_017_yearly_medium_mag_noise100_lt2 | run_5 | freq=52 | noise=1 | magnitude=100 | lead_time=2 | PID 1630831 | GPU 4
[2026-07-15T20:19:16] Started local_multichannel | local_multichannel_020_yearly_high_mag_noise0_lt2 | run_7 | freq=52 | noise=1 | magnitude=200 | lead_time=2 | PID 1631035 | GPU 5
[2026-07-15T20:19:24] Started local_multichannel | local_multichannel_024_yearly_high_mag_noise10_lt3 | run_0 | freq=52 | noise=1 | magnitude=200 | lead_time=3 | PID 1631126 | GPU 7
[2026-07-15T20:19:27] Started local_multichannel | local_multichannel_024_yearly_high_mag_noise10_lt3 | run_5 | freq=52 | noise=1 | magnitude=200 | lead_time=3 | PID 1631198 | GPU 2
[2026-07-15T20:19:39] Started local_multichannel | local_multichannel_032_half_yearly_low_mag_noise10_lt2 | run_4 | freq=26 | noise=1 | magnitude=50 | lead_time=2 | PID 1631608 | GPU 2
[2026-07-15T20:19:50] Started local_multichannel | local_multichannel_039_half_yearly_medium_mag_noise0_lt3 | run_6 | freq=26 | noise=1 | magnitude=100 | lead_time=3 | PID 1631863 | GPU 3
[2026-07-15T20:20:01] Started local_multichannel | local_multichannel_046_half_yearly_high_mag_noise0_lt1 | run_6 | freq=26 | noise=1 | magnitude=200 | lead_time=1 | PID 1632244 | GPU 3
[2026-07-15T20:20:16] Started local_multichannel | local_multichannel_056_quarterly_low_mag_noise0_lt2 | run_1 | freq=13 | noise=1 | magnitude=50 | lead_time=2 | PID 1632583 | GPU 0
[2026-07-15T20:20:48] Started local_multichannel | local_multichannel_080_quarterly_high_mag_noise100_lt2 | run_6 | freq=13 | noise=1 | magnitude=200 | lead_time=2 | PID 1633322 | GPU 6
[2026-07-15T20:21:35] Started split_multichannel | split_multichannel_008_yearly_low_mag_noise100_lt2 | run_9 | freq=52 | noise=1 | magnitude=50 | lead_time=2 | PID 1634772 | GPU 1
[2026-07-15T20:22:28] Started split_multichannel | split_multichannel_050_half_yearly_high_mag_noise10_lt2 | run_4 | freq=26 | noise=1 | magnitude=200 | lead_time=2 | PID 1636437 | GPU 1
[2026-07-15T20:23:15] Started split_multichannel | split_multichannel_086_half_quarterly_low_mag_noise10_lt2 | run_7 | freq=7 | noise=1 | magnitude=50 | lead_time=2 | PID 1637463 | GPU 3
[2026-07-15T20:23:56] Started local_timemixer | local_timemixer_008_yearly_low_mag_noise100_lt2 | run_4 | freq=52 | noise=1 | magnitude=50 | lead_time=2 | PID 1638848 | GPU 2
[2026-07-15T20:24:06] Started local_timemixer | local_timemixer_013_yearly_medium_mag_noise10_lt1 | run_8 | freq=52 | noise=1 | magnitude=100 | lead_time=1 | PID 1639022 | GPU 0
[2026-07-15T20:37:41] Finished local_timemixer | local_timemixer_013_yearly_medium_mag_noise10_lt1 | run_8 | freq=52 | noise=1 | magnitude=100 | lead_time=1
[2026-07-15T20:37:42] Started local_multichannel | local_multichannel_010_yearly_medium_mag_noise0_lt1 | run_6 | freq=52 | noise=1 | magnitude=100 | lead_time=1 | PID 1661950 | GPU 0
[2026-07-15T20:37:45] Started local_multichannel | local_multichannel_010_yearly_medium_mag_noise0_lt1 | run_7 | freq=52 | noise=1 | magnitude=100 | lead_time=1 | PID 1661960 | GPU 1
[2026-07-15T20:37:49] Started local_multichannel | local_multichannel_010_yearly_medium_mag_noise0_lt1 | run_9 | freq=52 | noise=1 | magnitude=100 | lead_time=1 | PID 1661971 | GPU 2
[2026-07-15T20:37:52] Started local_multichannel | local_multichannel_011_yearly_medium_mag_noise0_lt2 | run_0 | freq=52 | noise=1 | magnitude=100 | lead_time=2 | PID 1661982 | GPU 3
[2026-07-15T20:37:55] Started local_multichannel | local_multichannel_011_yearly_medium_mag_noise0_lt2 | run_1 | freq=52 | noise=1 | magnitude=100 | lead_time=2 | PID 1661993 | GPU 4
[2026-07-15T20:37:59] Started local_multichannel | local_multichannel_011_yearly_medium_mag_noise0_lt2 | run_2 | freq=52 | noise=1 | magnitude=100 | lead_time=2 | PID 1662019 | GPU 5
[2026-07-15T20:38:02] Started local_multichannel | local_multichannel_011_yearly_medium_mag_noise0_lt2 | run_3 | freq=52 | noise=1 | magnitude=100 | lead_time=2 | PID 1662139 | GPU 6
[2026-07-15T20:38:05] Started local_multichannel | local_multichannel_011_yearly_medium_mag_noise0_lt2 | run_4 | freq=52 | noise=1 | magnitude=100 | lead_time=2 | PID 1662328 | GPU 7
[2026-07-15T20:38:09] Started local_multichannel | local_multichannel_011_yearly_medium_mag_noise0_lt2 | run_5 | freq=52 | noise=1 | magnitude=100 | lead_time=2 | PID 1662339 | GPU 7
[2026-07-15T20:38:12] Started local_multichannel | local_multichannel_011_yearly_medium_mag_noise0_lt2 | run_6 | freq=52 | noise=1 | magnitude=100 | lead_time=2 | PID 1662347 | GPU 0
[2026-07-15T20:38:15] Started local_multichannel | local_multichannel_011_yearly_medium_mag_noise0_lt2 | run_7 | freq=52 | noise=1 | magnitude=100 | lead_time=2 | PID 1662355 | GPU 1
[2026-07-15T20:38:19] Started local_multichannel | local_multichannel_011_yearly_medium_mag_noise0_lt2 | run_8 | freq=52 | noise=1 | magnitude=100 | lead_time=2 | PID 1662385 | GPU 3
[2026-07-15T20:38:22] Started local_multichannel | local_multichannel_011_yearly_medium_mag_noise0_lt2 | run_9 | freq=52 | noise=1 | magnitude=100 | lead_time=2 | PID 1662439 | GPU 4
[2026-07-15T20:38:25] Started local_multichannel | local_multichannel_012_yearly_medium_mag_noise0_lt3 | run_0 | freq=52 | noise=1 | magnitude=100 | lead_time=3 | PID 1662447 | GPU 6
[2026-07-15T20:38:29] Started local_multichannel | local_multichannel_012_yearly_medium_mag_noise0_lt3 | run_1 | freq=52 | noise=1 | magnitude=100 | lead_time=3 | PID 1662472 | GPU 5
[2026-07-15T20:38:32] Started local_multichannel | local_multichannel_012_yearly_medium_mag_noise0_lt3 | run_2 | freq=52 | noise=1 | magnitude=100 | lead_time=3 | PID 1662507 | GPU 2
[2026-07-15T20:38:35] Started local_multichannel | local_multichannel_012_yearly_medium_mag_noise0_lt3 | run_3 | freq=52 | noise=1 | magnitude=100 | lead_time=3 | PID 1662566 | GPU 2
[2026-07-15T20:38:39] Started local_multichannel | local_multichannel_012_yearly_medium_mag_noise0_lt3 | run_4 | freq=52 | noise=1 | magnitude=100 | lead_time=3 | PID 1662647 | GPU 5
[2026-07-15T20:38:42] Started local_multichannel | local_multichannel_012_yearly_medium_mag_noise0_lt3 | run_5 | freq=52 | noise=1 | magnitude=100 | lead_time=3 | PID 1662746 | GPU 7
[2026-07-15T20:38:45] Started local_multichannel | local_multichannel_012_yearly_medium_mag_noise0_lt3 | run_6 | freq=52 | noise=1 | magnitude=100 | lead_time=3 | PID 1662821 | GPU 3
[2026-07-15T20:38:48] Started local_multichannel | local_multichannel_012_yearly_medium_mag_noise0_lt3 | run_7 | freq=52 | noise=1 | magnitude=100 | lead_time=3 | PID 1662893 | GPU 0
[2026-07-15T20:38:52] Started local_multichannel | local_multichannel_012_yearly_medium_mag_noise0_lt3 | run_9 | freq=52 | noise=1 | magnitude=100 | lead_time=3 | PID 1662918 | GPU 4
[2026-07-15T20:38:55] Started local_multichannel | local_multichannel_013_yearly_medium_mag_noise10_lt1 | run_0 | freq=52 | noise=1 | magnitude=100 | lead_time=1 | PID 1662926 | GPU 1
[2026-07-15T20:38:58] Started local_multichannel | local_multichannel_013_yearly_medium_mag_noise10_lt1 | run_1 | freq=52 | noise=1 | magnitude=100 | lead_time=1 | PID 1662934 | GPU 6
[2026-07-15T20:39:02] Started local_multichannel | local_multichannel_013_yearly_medium_mag_noise10_lt1 | run_2 | freq=52 | noise=1 | magnitude=100 | lead_time=1 | PID 1662942 | GPU 6
[2026-07-15T20:39:08] Started local_multichannel | local_multichannel_016_yearly_medium_mag_noise100_lt1 | run_7 | freq=52 | noise=1 | magnitude=100 | lead_time=1 | PID 1663310 | GPU 5
[2026-07-15T20:39:20] Started local_multichannel | local_multichannel_024_yearly_high_mag_noise10_lt3 | run_9 | freq=52 | noise=1 | magnitude=200 | lead_time=3 | PID 1663493 | GPU 7
[2026-07-15T20:39:25] Started local_multichannel | local_multichannel_027_yearly_high_mag_noise100_lt3 | run_2 | freq=52 | noise=1 | magnitude=200 | lead_time=3 | PID 1663587 | GPU 0
[2026-07-15T20:39:32] Started local_multichannel | local_multichannel_030_half_yearly_low_mag_noise0_lt3 | run_5 | freq=26 | noise=1 | magnitude=50 | lead_time=3 | PID 1663662 | GPU 3
[2026-07-15T20:39:50] Started local_multichannel | local_multichannel_044_half_yearly_medium_mag_noise100_lt2 | run_8 | freq=26 | noise=1 | magnitude=100 | lead_time=2 | PID 1664271 | GPU 2
[2026-07-15T20:39:58] Started local_multichannel | local_multichannel_048_half_yearly_high_mag_noise0_lt3 | run_9 | freq=26 | noise=1 | magnitude=200 | lead_time=3 | PID 1664504 | GPU 4
[2026-07-15T20:40:03] Started local_multichannel | local_multichannel_050_half_yearly_high_mag_noise10_lt2 | run_6 | freq=26 | noise=1 | magnitude=200 | lead_time=2 | PID 1664655 | GPU 1
[2026-07-15T20:57:32] Finished local_multichannel | local_multichannel_050_half_yearly_high_mag_noise10_lt2 | run_6 | freq=26 | noise=1 | magnitude=200 | lead_time=2
[2026-07-15T20:57:33] Started local_multichannel | local_multichannel_013_yearly_medium_mag_noise10_lt1 | run_3 | freq=52 | noise=1 | magnitude=100 | lead_time=1 | PID 1702070 | GPU 0
[2026-07-15T20:57:36] Started local_multichannel | local_multichannel_013_yearly_medium_mag_noise10_lt1 | run_5 | freq=52 | noise=1 | magnitude=100 | lead_time=1 | PID 1702166 | GPU 1
[2026-07-15T20:57:40] Started local_multichannel | local_multichannel_013_yearly_medium_mag_noise10_lt1 | run_7 | freq=52 | noise=1 | magnitude=100 | lead_time=1 | PID 1702236 | GPU 2
[2026-07-15T20:57:43] Started local_multichannel | local_multichannel_013_yearly_medium_mag_noise10_lt1 | run_8 | freq=52 | noise=1 | magnitude=100 | lead_time=1 | PID 1702420 | GPU 3
[2026-07-15T20:57:46] Started local_multichannel | local_multichannel_013_yearly_medium_mag_noise10_lt1 | run_9 | freq=52 | noise=1 | magnitude=100 | lead_time=1 | PID 1702533 | GPU 4
[2026-07-15T20:57:50] Started local_multichannel | local_multichannel_014_yearly_medium_mag_noise10_lt2 | run_0 | freq=52 | noise=1 | magnitude=100 | lead_time=2 | PID 1702581 | GPU 5
[2026-07-15T20:57:53] Started local_multichannel | local_multichannel_014_yearly_medium_mag_noise10_lt2 | run_1 | freq=52 | noise=1 | magnitude=100 | lead_time=2 | PID 1702592 | GPU 6
[2026-07-15T20:57:56] Started local_multichannel | local_multichannel_014_yearly_medium_mag_noise10_lt2 | run_2 | freq=52 | noise=1 | magnitude=100 | lead_time=2 | PID 1702603 | GPU 7
[2026-07-15T20:58:00] Started local_multichannel | local_multichannel_014_yearly_medium_mag_noise10_lt2 | run_3 | freq=52 | noise=1 | magnitude=100 | lead_time=2 | PID 1702614 | GPU 7
[2026-07-15T20:58:03] Started local_multichannel | local_multichannel_014_yearly_medium_mag_noise10_lt2 | run_4 | freq=52 | noise=1 | magnitude=100 | lead_time=2 | PID 1702622 | GPU 0
[2026-07-15T20:58:06] Started local_multichannel | local_multichannel_014_yearly_medium_mag_noise10_lt2 | run_5 | freq=52 | noise=1 | magnitude=100 | lead_time=2 | PID 1702631 | GPU 1
[2026-07-15T20:58:10] Started local_multichannel | local_multichannel_014_yearly_medium_mag_noise10_lt2 | run_6 | freq=52 | noise=1 | magnitude=100 | lead_time=2 | PID 1702639 | GPU 3
[2026-07-15T20:58:13] Started local_multichannel | local_multichannel_014_yearly_medium_mag_noise10_lt2 | run_8 | freq=52 | noise=1 | magnitude=100 | lead_time=2 | PID 1702647 | GPU 2
[2026-07-15T20:58:16] Started local_multichannel | local_multichannel_014_yearly_medium_mag_noise10_lt2 | run_9 | freq=52 | noise=1 | magnitude=100 | lead_time=2 | PID 1702668 | GPU 4
[2026-07-15T20:58:20] Started local_multichannel | local_multichannel_015_yearly_medium_mag_noise10_lt3 | run_0 | freq=52 | noise=1 | magnitude=100 | lead_time=3 | PID 1702853 | GPU 5
[2026-07-15T20:58:23] Started local_multichannel | local_multichannel_015_yearly_medium_mag_noise10_lt3 | run_1 | freq=52 | noise=1 | magnitude=100 | lead_time=3 | PID 1702861 | GPU 6
[2026-07-15T20:58:26] Started local_multichannel | local_multichannel_015_yearly_medium_mag_noise10_lt3 | run_2 | freq=52 | noise=1 | magnitude=100 | lead_time=3 | PID 1702869 | GPU 6
[2026-07-15T20:58:29] Started local_multichannel | local_multichannel_015_yearly_medium_mag_noise10_lt3 | run_3 | freq=52 | noise=1 | magnitude=100 | lead_time=3 | PID 1702877 | GPU 2
[2026-07-15T20:58:33] Started local_multichannel | local_multichannel_015_yearly_medium_mag_noise10_lt3 | run_4 | freq=52 | noise=1 | magnitude=100 | lead_time=3 | PID 1702885 | GPU 4
[2026-07-15T20:58:36] Started local_multichannel | local_multichannel_015_yearly_medium_mag_noise10_lt3 | run_6 | freq=52 | noise=1 | magnitude=100 | lead_time=3 | PID 1702897 | GPU 3
[2026-07-15T20:58:39] Started local_multichannel | local_multichannel_015_yearly_medium_mag_noise10_lt3 | run_8 | freq=52 | noise=1 | magnitude=100 | lead_time=3 | PID 1702905 | GPU 5
[2026-07-15T20:58:43] Started local_multichannel | local_multichannel_015_yearly_medium_mag_noise10_lt3 | run_9 | freq=52 | noise=1 | magnitude=100 | lead_time=3 | PID 1702936 | GPU 7
[2026-07-15T20:58:46] Started local_multichannel | local_multichannel_016_yearly_medium_mag_noise100_lt1 | run_0 | freq=52 | noise=1 | magnitude=100 | lead_time=1 | PID 1703061 | GPU 1
[2026-07-15T20:58:49] Started local_multichannel | local_multichannel_016_yearly_medium_mag_noise100_lt1 | run_1 | freq=52 | noise=1 | magnitude=100 | lead_time=1 | PID 1703129 | GPU 0
[2026-07-15T20:58:53] Started local_multichannel | local_multichannel_016_yearly_medium_mag_noise100_lt1 | run_3 | freq=52 | noise=1 | magnitude=100 | lead_time=1 | PID 1703187 | GPU 7
[2026-07-15T20:59:00] Started local_multichannel | local_multichannel_020_yearly_high_mag_noise0_lt2 | run_4 | freq=52 | noise=1 | magnitude=200 | lead_time=2 | PID 1703426 | GPU 5
[2026-07-15T20:59:22] Started local_multichannel | local_multichannel_039_half_yearly_medium_mag_noise0_lt3 | run_1 | freq=26 | noise=1 | magnitude=100 | lead_time=3 | PID 1704080 | GPU 3
[2026-07-15T20:59:29] Started local_multichannel | local_multichannel_042_half_yearly_medium_mag_noise10_lt3 | run_9 | freq=26 | noise=1 | magnitude=100 | lead_time=3 | PID 1704175 | GPU 4
[2026-07-15T20:59:35] Started local_multichannel | local_multichannel_045_half_yearly_medium_mag_noise100_lt3 | run_8 | freq=26 | noise=1 | magnitude=100 | lead_time=3 | PID 1704248 | GPU 6
[2026-07-15T20:59:40] Started local_multichannel | local_multichannel_047_half_yearly_high_mag_noise0_lt2 | run_0 | freq=26 | noise=1 | magnitude=200 | lead_time=2 | PID 1704278 | GPU 1
[2026-07-15T20:59:51] Started local_multichannel | local_multichannel_054_half_yearly_high_mag_noise100_lt3 | run_6 | freq=26 | noise=1 | magnitude=200 | lead_time=3 | PID 1704602 | GPU 0
[2026-07-15T21:00:34] Started local_multichannel | local_multichannel_090_half_quarterly_low_mag_noise100_lt3 | run_3 | freq=7 | noise=1 | magnitude=50 | lead_time=3 | PID 1706363 | GPU 2
[2026-07-15T21:17:13] Finished local_multichannel | local_multichannel_090_half_quarterly_low_mag_noise100_lt3 | run_3 | freq=7 | noise=1 | magnitude=50 | lead_time=3
[2026-07-15T21:17:13] Started local_multichannel | local_multichannel_016_yearly_medium_mag_noise100_lt1 | run_4 | freq=52 | noise=1 | magnitude=100 | lead_time=1 | PID 1732448 | GPU 0
[2026-07-15T21:17:17] Started local_multichannel | local_multichannel_016_yearly_medium_mag_noise100_lt1 | run_5 | freq=52 | noise=1 | magnitude=100 | lead_time=1 | PID 1732468 | GPU 1
[2026-07-15T21:17:20] Started local_multichannel | local_multichannel_016_yearly_medium_mag_noise100_lt1 | run_8 | freq=52 | noise=1 | magnitude=100 | lead_time=1 | PID 1732496 | GPU 2
[2026-07-15T21:17:23] Started local_multichannel | local_multichannel_016_yearly_medium_mag_noise100_lt1 | run_9 | freq=52 | noise=1 | magnitude=100 | lead_time=1 | PID 1732507 | GPU 3
[2026-07-15T21:17:27] Started local_multichannel | local_multichannel_017_yearly_medium_mag_noise100_lt2 | run_0 | freq=52 | noise=1 | magnitude=100 | lead_time=2 | PID 1732522 | GPU 4
[2026-07-15T21:17:30] Started local_multichannel | local_multichannel_017_yearly_medium_mag_noise100_lt2 | run_1 | freq=52 | noise=1 | magnitude=100 | lead_time=2 | PID 1732728 | GPU 5
[2026-07-15T21:17:33] Started local_multichannel | local_multichannel_017_yearly_medium_mag_noise100_lt2 | run_2 | freq=52 | noise=1 | magnitude=100 | lead_time=2 | PID 1732739 | GPU 6
[2026-07-15T21:17:37] Started local_multichannel | local_multichannel_017_yearly_medium_mag_noise100_lt2 | run_4 | freq=52 | noise=1 | magnitude=100 | lead_time=2 | PID 1732859 | GPU 7
[2026-07-15T21:17:40] Started local_multichannel | local_multichannel_017_yearly_medium_mag_noise100_lt2 | run_6 | freq=52 | noise=1 | magnitude=100 | lead_time=2 | PID 1732870 | GPU 7
[2026-07-15T21:17:43] Started local_multichannel | local_multichannel_017_yearly_medium_mag_noise100_lt2 | run_7 | freq=52 | noise=1 | magnitude=100 | lead_time=2 | PID 1732897 | GPU 0
[2026-07-15T21:17:47] Started local_multichannel | local_multichannel_017_yearly_medium_mag_noise100_lt2 | run_8 | freq=52 | noise=1 | magnitude=100 | lead_time=2 | PID 1732977 | GPU 1
[2026-07-15T21:17:50] Started local_multichannel | local_multichannel_017_yearly_medium_mag_noise100_lt2 | run_9 | freq=52 | noise=1 | magnitude=100 | lead_time=2 | PID 1733056 | GPU 3
[2026-07-15T21:17:53] Started local_multichannel | local_multichannel_018_yearly_medium_mag_noise100_lt3 | run_0 | freq=52 | noise=1 | magnitude=100 | lead_time=3 | PID 1733134 | GPU 4
[2026-07-15T21:17:56] Started local_multichannel | local_multichannel_018_yearly_medium_mag_noise100_lt3 | run_1 | freq=52 | noise=1 | magnitude=100 | lead_time=3 | PID 1733213 | GPU 6
[2026-07-15T21:18:00] Started local_multichannel | local_multichannel_018_yearly_medium_mag_noise100_lt3 | run_2 | freq=52 | noise=1 | magnitude=100 | lead_time=3 | PID 1733258 | GPU 2
[2026-07-15T21:18:03] Started local_multichannel | local_multichannel_018_yearly_medium_mag_noise100_lt3 | run_3 | freq=52 | noise=1 | magnitude=100 | lead_time=3 | PID 1733284 | GPU 5
[2026-07-15T21:18:06] Started local_multichannel | local_multichannel_018_yearly_medium_mag_noise100_lt3 | run_4 | freq=52 | noise=1 | magnitude=100 | lead_time=3 | PID 1733331 | GPU 5
[2026-07-15T21:18:10] Started local_multichannel | local_multichannel_018_yearly_medium_mag_noise100_lt3 | run_5 | freq=52 | noise=1 | magnitude=100 | lead_time=3 | PID 1733340 | GPU 1
[2026-07-15T21:18:13] Started local_multichannel | local_multichannel_018_yearly_medium_mag_noise100_lt3 | run_6 | freq=52 | noise=1 | magnitude=100 | lead_time=3 | PID 1733348 | GPU 3
[2026-07-15T21:18:16] Started local_multichannel | local_multichannel_018_yearly_medium_mag_noise100_lt3 | run_7 | freq=52 | noise=1 | magnitude=100 | lead_time=3 | PID 1733356 | GPU 0
[2026-07-15T21:18:20] Started local_multichannel | local_multichannel_018_yearly_medium_mag_noise100_lt3 | run_8 | freq=52 | noise=1 | magnitude=100 | lead_time=3 | PID 1733376 | GPU 2
[2026-07-15T21:18:23] Started local_multichannel | local_multichannel_018_yearly_medium_mag_noise100_lt3 | run_9 | freq=52 | noise=1 | magnitude=100 | lead_time=3 | PID 1733384 | GPU 7
[2026-07-15T21:18:26] Started local_multichannel | local_multichannel_019_yearly_high_mag_noise0_lt1 | run_0 | freq=52 | noise=1 | magnitude=200 | lead_time=1 | PID 1733392 | GPU 6
[2026-07-15T21:18:30] Started local_multichannel | local_multichannel_019_yearly_high_mag_noise0_lt1 | run_1 | freq=52 | noise=1 | magnitude=200 | lead_time=1 | PID 1733578 | GPU 4
[2026-07-15T21:18:33] Started local_multichannel | local_multichannel_019_yearly_high_mag_noise0_lt1 | run_2 | freq=52 | noise=1 | magnitude=200 | lead_time=1 | PID 1733586 | GPU 4
[2026-07-15T21:18:37] Started local_multichannel | local_multichannel_019_yearly_high_mag_noise0_lt1 | run_9 | freq=52 | noise=1 | magnitude=200 | lead_time=1 | PID 1733693 | GPU 3
[2026-07-15T21:19:00] Started local_multichannel | local_multichannel_039_half_yearly_medium_mag_noise0_lt3 | run_8 | freq=26 | noise=1 | magnitude=100 | lead_time=3 | PID 1734117 | GPU 1
[2026-07-15T21:19:29] Started local_multichannel | local_multichannel_064_quarterly_medium_mag_noise0_lt1 | run_5 | freq=13 | noise=1 | magnitude=100 | lead_time=1 | PID 1734996 | GPU 2
[2026-07-15T21:19:39] Started local_multichannel | local_multichannel_070_quarterly_medium_mag_noise100_lt1 | run_1 | freq=13 | noise=1 | magnitude=100 | lead_time=1 | PID 1735346 | GPU 7
[2026-07-15T21:19:42] Started local_multichannel | local_multichannel_070_quarterly_medium_mag_noise100_lt1 | run_3 | freq=13 | noise=1 | magnitude=100 | lead_time=1 | PID 1735414 | GPU 6
[2026-07-15T21:19:45] Started local_multichannel | local_multichannel_070_quarterly_medium_mag_noise100_lt1 | run_4 | freq=13 | noise=1 | magnitude=100 | lead_time=1 | PID 1735422 | GPU 0
[2026-07-15T21:20:32] Started split_multichannel | split_multichannel_001_yearly_low_mag_noise0_lt1 | run_1 | freq=52 | noise=1 | magnitude=50 | lead_time=1 | PID 1736766 | GPU 5
[2026-07-15T21:36:53] Finished split_multichannel | split_multichannel_001_yearly_low_mag_noise0_lt1 | run_1 | freq=52 | noise=1 | magnitude=50 | lead_time=1
[2026-07-15T21:36:54] Started local_multichannel | local_multichannel_019_yearly_high_mag_noise0_lt1 | run_3 | freq=52 | noise=1 | magnitude=200 | lead_time=1 | PID 1762333 | GPU 0
[2026-07-15T21:36:57] Started local_multichannel | local_multichannel_019_yearly_high_mag_noise0_lt1 | run_4 | freq=52 | noise=1 | magnitude=200 | lead_time=1 | PID 1762423 | GPU 1
[2026-07-15T21:37:01] Started local_multichannel | local_multichannel_019_yearly_high_mag_noise0_lt1 | run_5 | freq=52 | noise=1 | magnitude=200 | lead_time=1 | PID 1762487 | GPU 2
[2026-07-15T21:37:04] Started local_multichannel | local_multichannel_019_yearly_high_mag_noise0_lt1 | run_6 | freq=52 | noise=1 | magnitude=200 | lead_time=1 | PID 1762498 | GPU 3
[2026-07-15T21:37:07] Started local_multichannel | local_multichannel_019_yearly_high_mag_noise0_lt1 | run_7 | freq=52 | noise=1 | magnitude=200 | lead_time=1 | PID 1762510 | GPU 4
[2026-07-15T21:37:11] Started local_multichannel | local_multichannel_019_yearly_high_mag_noise0_lt1 | run_8 | freq=52 | noise=1 | magnitude=200 | lead_time=1 | PID 1762537 | GPU 5
[2026-07-15T21:37:14] Started local_multichannel | local_multichannel_020_yearly_high_mag_noise0_lt2 | run_0 | freq=52 | noise=1 | magnitude=200 | lead_time=2 | PID 1762548 | GPU 6
[2026-07-15T21:37:17] Started local_multichannel | local_multichannel_020_yearly_high_mag_noise0_lt2 | run_1 | freq=52 | noise=1 | magnitude=200 | lead_time=2 | PID 1762559 | GPU 7
[2026-07-15T21:37:21] Started local_multichannel | local_multichannel_020_yearly_high_mag_noise0_lt2 | run_2 | freq=52 | noise=1 | magnitude=200 | lead_time=2 | PID 1762649 | GPU 7
[2026-07-15T21:37:24] Started local_multichannel | local_multichannel_020_yearly_high_mag_noise0_lt2 | run_3 | freq=52 | noise=1 | magnitude=200 | lead_time=2 | PID 1762711 | GPU 1
[2026-07-15T21:37:27] Started local_multichannel | local_multichannel_020_yearly_high_mag_noise0_lt2 | run_5 | freq=52 | noise=1 | magnitude=200 | lead_time=2 | PID 1762721 | GPU 2
[2026-07-15T21:37:30] Started local_multichannel | local_multichannel_020_yearly_high_mag_noise0_lt2 | run_6 | freq=52 | noise=1 | magnitude=200 | lead_time=2 | PID 1762762 | GPU 5
[2026-07-15T21:37:34] Started local_multichannel | local_multichannel_020_yearly_high_mag_noise0_lt2 | run_8 | freq=52 | noise=1 | magnitude=200 | lead_time=2 | PID 1762808 | GPU 6
[2026-07-15T21:37:37] Started local_multichannel | local_multichannel_020_yearly_high_mag_noise0_lt2 | run_9 | freq=52 | noise=1 | magnitude=200 | lead_time=2 | PID 1762816 | GPU 3
[2026-07-15T21:37:40] Started local_multichannel | local_multichannel_021_yearly_high_mag_noise0_lt3 | run_0 | freq=52 | noise=1 | magnitude=200 | lead_time=3 | PID 1762824 | GPU 0
[2026-07-15T21:37:44] Started local_multichannel | local_multichannel_021_yearly_high_mag_noise0_lt3 | run_1 | freq=52 | noise=1 | magnitude=200 | lead_time=3 | PID 1763013 | GPU 4
[2026-07-15T21:37:47] Started local_multichannel | local_multichannel_021_yearly_high_mag_noise0_lt3 | run_2 | freq=52 | noise=1 | magnitude=200 | lead_time=3 | PID 1763025 | GPU 4
[2026-07-15T21:37:50] Started local_multichannel | local_multichannel_021_yearly_high_mag_noise0_lt3 | run_3 | freq=52 | noise=1 | magnitude=200 | lead_time=3 | PID 1763033 | GPU 5
[2026-07-15T21:37:54] Started local_multichannel | local_multichannel_021_yearly_high_mag_noise0_lt3 | run_4 | freq=52 | noise=1 | magnitude=200 | lead_time=3 | PID 1763041 | GPU 1
[2026-07-15T21:37:57] Started local_multichannel | local_multichannel_021_yearly_high_mag_noise0_lt3 | run_5 | freq=52 | noise=1 | magnitude=200 | lead_time=3 | PID 1763053 | GPU 3
[2026-07-15T21:38:00] Started local_multichannel | local_multichannel_021_yearly_high_mag_noise0_lt3 | run_6 | freq=52 | noise=1 | magnitude=200 | lead_time=3 | PID 1763075 | GPU 2
[2026-07-15T21:38:04] Started local_multichannel | local_multichannel_021_yearly_high_mag_noise0_lt3 | run_7 | freq=52 | noise=1 | magnitude=200 | lead_time=3 | PID 1763154 | GPU 7
[2026-07-15T21:38:07] Started local_multichannel | local_multichannel_021_yearly_high_mag_noise0_lt3 | run_8 | freq=52 | noise=1 | magnitude=200 | lead_time=3 | PID 1763225 | GPU 6
[2026-07-15T21:38:10] Started local_multichannel | local_multichannel_021_yearly_high_mag_noise0_lt3 | run_9 | freq=52 | noise=1 | magnitude=200 | lead_time=3 | PID 1763302 | GPU 0
[2026-07-15T21:38:14] Started local_multichannel | local_multichannel_022_yearly_high_mag_noise10_lt1 | run_0 | freq=52 | noise=1 | magnitude=200 | lead_time=1 | PID 1763378 | GPU 0
[2026-07-15T21:38:26] Started local_multichannel | local_multichannel_031_half_yearly_low_mag_noise10_lt1 | run_3 | freq=26 | noise=1 | magnitude=50 | lead_time=1 | PID 1763724 | GPU 6
[2026-07-15T21:38:36] Started local_multichannel | local_multichannel_038_half_yearly_medium_mag_noise0_lt2 | run_0 | freq=26 | noise=1 | magnitude=100 | lead_time=2 | PID 1763916 | GPU 1
[2026-07-15T21:38:40] Started local_multichannel | local_multichannel_038_half_yearly_medium_mag_noise0_lt2 | run_8 | freq=26 | noise=1 | magnitude=100 | lead_time=2 | PID 1763949 | GPU 2
[2026-07-15T21:38:49] Started local_multichannel | local_multichannel_044_half_yearly_medium_mag_noise100_lt2 | run_7 | freq=26 | noise=1 | magnitude=100 | lead_time=2 | PID 1764246 | GPU 3
[2026-07-15T21:39:06] Started local_multichannel | local_multichannel_057_quarterly_low_mag_noise0_lt3 | run_7 | freq=13 | noise=1 | magnitude=50 | lead_time=3 | PID 1764511 | GPU 5
[2026-07-15T21:39:15] Started local_multichannel | local_multichannel_063_quarterly_low_mag_noise100_lt3 | run_3 | freq=13 | noise=1 | magnitude=50 | lead_time=3 | PID 1764629 | GPU 7
[2026-07-15T21:39:28] Started local_multichannel | local_multichannel_071_quarterly_medium_mag_noise100_lt2 | run_2 | freq=13 | noise=1 | magnitude=100 | lead_time=2 | PID 1765112 | GPU 4
[2026-07-15T21:56:33] Finished local_multichannel | local_multichannel_071_quarterly_medium_mag_noise100_lt2 | run_2 | freq=13 | noise=1 | magnitude=100 | lead_time=2
[2026-07-15T21:56:33] Started local_multichannel | local_multichannel_022_yearly_high_mag_noise10_lt1 | run_1 | freq=52 | noise=1 | magnitude=200 | lead_time=1 | PID 1801772 | GPU 0
[2026-07-15T21:56:37] Started local_multichannel | local_multichannel_022_yearly_high_mag_noise10_lt1 | run_3 | freq=52 | noise=1 | magnitude=200 | lead_time=1 | PID 1801782 | GPU 1
[2026-07-15T21:56:40] Started local_multichannel | local_multichannel_022_yearly_high_mag_noise10_lt1 | run_4 | freq=52 | noise=1 | magnitude=200 | lead_time=1 | PID 1801794 | GPU 2
[2026-07-15T21:56:43] Started local_multichannel | local_multichannel_022_yearly_high_mag_noise10_lt1 | run_5 | freq=52 | noise=1 | magnitude=200 | lead_time=1 | PID 1801808 | GPU 3
[2026-07-15T21:56:47] Started local_multichannel | local_multichannel_022_yearly_high_mag_noise10_lt1 | run_6 | freq=52 | noise=1 | magnitude=200 | lead_time=1 | PID 1801820 | GPU 4
[2026-07-15T21:56:50] Started local_multichannel | local_multichannel_022_yearly_high_mag_noise10_lt1 | run_7 | freq=52 | noise=1 | magnitude=200 | lead_time=1 | PID 1801856 | GPU 5
[2026-07-15T21:56:53] Started local_multichannel | local_multichannel_022_yearly_high_mag_noise10_lt1 | run_8 | freq=52 | noise=1 | magnitude=200 | lead_time=1 | PID 1801926 | GPU 6
[2026-07-15T21:56:57] Started local_multichannel | local_multichannel_022_yearly_high_mag_noise10_lt1 | run_9 | freq=52 | noise=1 | magnitude=200 | lead_time=1 | PID 1802176 | GPU 7
[2026-07-15T21:57:00] Started local_multichannel | local_multichannel_023_yearly_high_mag_noise10_lt2 | run_1 | freq=52 | noise=1 | magnitude=200 | lead_time=2 | PID 1802253 | GPU 7
[2026-07-15T21:57:03] Started local_multichannel | local_multichannel_023_yearly_high_mag_noise10_lt2 | run_2 | freq=52 | noise=1 | magnitude=200 | lead_time=2 | PID 1802388 | GPU 0
[2026-07-15T21:57:07] Started local_multichannel | local_multichannel_023_yearly_high_mag_noise10_lt2 | run_3 | freq=52 | noise=1 | magnitude=200 | lead_time=2 | PID 1802495 | GPU 1
[2026-07-15T21:57:10] Started local_multichannel | local_multichannel_023_yearly_high_mag_noise10_lt2 | run_4 | freq=52 | noise=1 | magnitude=200 | lead_time=2 | PID 1802575 | GPU 3
[2026-07-15T21:57:13] Started local_multichannel | local_multichannel_023_yearly_high_mag_noise10_lt2 | run_5 | freq=52 | noise=1 | magnitude=200 | lead_time=2 | PID 1802591 | GPU 4
[2026-07-15T21:57:17] Started local_multichannel | local_multichannel_023_yearly_high_mag_noise10_lt2 | run_6 | freq=52 | noise=1 | magnitude=200 | lead_time=2 | PID 1802599 | GPU 6
[2026-07-15T21:57:20] Started local_multichannel | local_multichannel_023_yearly_high_mag_noise10_lt2 | run_7 | freq=52 | noise=1 | magnitude=200 | lead_time=2 | PID 1802621 | GPU 5
[2026-07-15T21:57:23] Started local_multichannel | local_multichannel_023_yearly_high_mag_noise10_lt2 | run_8 | freq=52 | noise=1 | magnitude=200 | lead_time=2 | PID 1802642 | GPU 2
[2026-07-15T21:57:27] Started local_multichannel | local_multichannel_023_yearly_high_mag_noise10_lt2 | run_9 | freq=52 | noise=1 | magnitude=200 | lead_time=2 | PID 1802650 | GPU 2
[2026-07-15T21:57:30] Started local_multichannel | local_multichannel_024_yearly_high_mag_noise10_lt3 | run_1 | freq=52 | noise=1 | magnitude=200 | lead_time=3 | PID 1802658 | GPU 3
[2026-07-15T21:57:33] Started local_multichannel | local_multichannel_024_yearly_high_mag_noise10_lt3 | run_2 | freq=52 | noise=1 | magnitude=200 | lead_time=3 | PID 1802666 | GPU 6
[2026-07-15T21:57:36] Started local_multichannel | local_multichannel_024_yearly_high_mag_noise10_lt3 | run_3 | freq=52 | noise=1 | magnitude=200 | lead_time=3 | PID 1802674 | GPU 1
[2026-07-15T21:57:40] Started local_multichannel | local_multichannel_024_yearly_high_mag_noise10_lt3 | run_4 | freq=52 | noise=1 | magnitude=200 | lead_time=3 | PID 1802683 | GPU 4
[2026-07-15T21:57:43] Started local_multichannel | local_multichannel_024_yearly_high_mag_noise10_lt3 | run_6 | freq=52 | noise=1 | magnitude=200 | lead_time=3 | PID 1802693 | GPU 7
[2026-07-15T21:57:46] Started local_multichannel | local_multichannel_024_yearly_high_mag_noise10_lt3 | run_7 | freq=52 | noise=1 | magnitude=200 | lead_time=3 | PID 1802701 | GPU 0
[2026-07-15T21:57:50] Started local_multichannel | local_multichannel_024_yearly_high_mag_noise10_lt3 | run_8 | freq=52 | noise=1 | magnitude=200 | lead_time=3 | PID 1802709 | GPU 5
[2026-07-15T21:57:53] Started local_multichannel | local_multichannel_025_yearly_high_mag_noise100_lt1 | run_0 | freq=52 | noise=1 | magnitude=200 | lead_time=1 | PID 1802727 | GPU 5
[2026-07-15T21:57:59] Started local_multichannel | local_multichannel_027_yearly_high_mag_noise100_lt3 | run_8 | freq=52 | noise=1 | magnitude=200 | lead_time=3 | PID 1803002 | GPU 4
[2026-07-15T21:58:03] Started local_multichannel | local_multichannel_028_half_yearly_low_mag_noise0_lt1 | run_5 | freq=26 | noise=1 | magnitude=50 | lead_time=1 | PID 1803025 | GPU 0
[2026-07-15T21:58:09] Started local_multichannel | local_multichannel_031_half_yearly_low_mag_noise10_lt1 | run_4 | freq=26 | noise=1 | magnitude=50 | lead_time=1 | PID 1803191 | GPU 7
[2026-07-15T21:58:38] Started local_multichannel | local_multichannel_056_quarterly_low_mag_noise0_lt2 | run_3 | freq=13 | noise=1 | magnitude=50 | lead_time=2 | PID 1804004 | GPU 2
[2026-07-15T21:58:51] Started local_multichannel | local_multichannel_065_quarterly_medium_mag_noise0_lt2 | run_1 | freq=13 | noise=1 | magnitude=100 | lead_time=2 | PID 1804180 | GPU 1
[2026-07-15T21:59:00] Started local_multichannel | local_multichannel_070_quarterly_medium_mag_noise100_lt1 | run_9 | freq=13 | noise=1 | magnitude=100 | lead_time=1 | PID 1804530 | GPU 3
[2026-07-15T21:59:36] Started local_multichannel | local_multichannel_100_half_quarterly_high_mag_noise0_lt1 | run_7 | freq=7 | noise=1 | magnitude=200 | lead_time=1 | PID 1805482 | GPU 6
[2026-07-15T22:16:01] Finished local_multichannel | local_multichannel_100_half_quarterly_high_mag_noise0_lt1 | run_7 | freq=7 | noise=1 | magnitude=200 | lead_time=1
[2026-07-15T22:16:01] Started local_multichannel | local_multichannel_025_yearly_high_mag_noise100_lt1 | run_1 | freq=52 | noise=1 | magnitude=200 | lead_time=1 | PID 1831879 | GPU 0
[2026-07-15T22:16:05] Started local_multichannel | local_multichannel_025_yearly_high_mag_noise100_lt1 | run_2 | freq=52 | noise=1 | magnitude=200 | lead_time=1 | PID 1831960 | GPU 1
[2026-07-15T22:16:08] Started local_multichannel | local_multichannel_025_yearly_high_mag_noise100_lt1 | run_4 | freq=52 | noise=1 | magnitude=200 | lead_time=1 | PID 1832166 | GPU 2
[2026-07-15T22:16:11] Started local_multichannel | local_multichannel_025_yearly_high_mag_noise100_lt1 | run_5 | freq=52 | noise=1 | magnitude=200 | lead_time=1 | PID 1832205 | GPU 3
[2026-07-15T22:16:15] Started local_multichannel | local_multichannel_025_yearly_high_mag_noise100_lt1 | run_6 | freq=52 | noise=1 | magnitude=200 | lead_time=1 | PID 1832247 | GPU 4
[2026-07-15T22:16:18] Started local_multichannel | local_multichannel_025_yearly_high_mag_noise100_lt1 | run_7 | freq=52 | noise=1 | magnitude=200 | lead_time=1 | PID 1832262 | GPU 5
[2026-07-15T22:16:21] Started local_multichannel | local_multichannel_025_yearly_high_mag_noise100_lt1 | run_8 | freq=52 | noise=1 | magnitude=200 | lead_time=1 | PID 1832296 | GPU 6
[2026-07-15T22:16:25] Started local_multichannel | local_multichannel_025_yearly_high_mag_noise100_lt1 | run_9 | freq=52 | noise=1 | magnitude=200 | lead_time=1 | PID 1832307 | GPU 7
[2026-07-15T22:16:28] Started local_multichannel | local_multichannel_026_yearly_high_mag_noise100_lt2 | run_0 | freq=52 | noise=1 | magnitude=200 | lead_time=2 | PID 1832317 | GPU 7
[2026-07-15T22:16:32] Started local_multichannel | local_multichannel_026_yearly_high_mag_noise100_lt2 | run_1 | freq=52 | noise=1 | magnitude=200 | lead_time=2 | PID 1832326 | GPU 0
[2026-07-15T22:16:35] Started local_multichannel | local_multichannel_026_yearly_high_mag_noise100_lt2 | run_3 | freq=52 | noise=1 | magnitude=200 | lead_time=2 | PID 1832334 | GPU 1
[2026-07-15T22:16:38] Started local_multichannel | local_multichannel_026_yearly_high_mag_noise100_lt2 | run_4 | freq=52 | noise=1 | magnitude=200 | lead_time=2 | PID 1832342 | GPU 3
[2026-07-15T22:16:42] Started local_multichannel | local_multichannel_026_yearly_high_mag_noise100_lt2 | run_5 | freq=52 | noise=1 | magnitude=200 | lead_time=2 | PID 1832354 | GPU 5
[2026-07-15T22:16:45] Started local_multichannel | local_multichannel_026_yearly_high_mag_noise100_lt2 | run_7 | freq=52 | noise=1 | magnitude=200 | lead_time=2 | PID 1832363 | GPU 6
[2026-07-15T22:16:48] Started local_multichannel | local_multichannel_026_yearly_high_mag_noise100_lt2 | run_8 | freq=52 | noise=1 | magnitude=200 | lead_time=2 | PID 1832371 | GPU 4
[2026-07-15T22:16:51] Started local_multichannel | local_multichannel_026_yearly_high_mag_noise100_lt2 | run_9 | freq=52 | noise=1 | magnitude=200 | lead_time=2 | PID 1832379 | GPU 2
[2026-07-15T22:16:55] Started local_multichannel | local_multichannel_027_yearly_high_mag_noise100_lt3 | run_0 | freq=52 | noise=1 | magnitude=200 | lead_time=3 | PID 1832479 | GPU 2
[2026-07-15T22:16:58] Started local_multichannel | local_multichannel_027_yearly_high_mag_noise100_lt3 | run_4 | freq=52 | noise=1 | magnitude=200 | lead_time=3 | PID 1832507 | GPU 4
[2026-07-15T22:17:01] Started local_multichannel | local_multichannel_027_yearly_high_mag_noise100_lt3 | run_5 | freq=52 | noise=1 | magnitude=200 | lead_time=3 | PID 1832518 | GPU 0
[2026-07-15T22:17:05] Started local_multichannel | local_multichannel_027_yearly_high_mag_noise100_lt3 | run_6 | freq=52 | noise=1 | magnitude=200 | lead_time=3 | PID 1832541 | GPU 5
[2026-07-15T22:17:08] Started local_multichannel | local_multichannel_027_yearly_high_mag_noise100_lt3 | run_9 | freq=52 | noise=1 | magnitude=200 | lead_time=3 | PID 1832786 | GPU 6
[2026-07-15T22:17:11] Started local_multichannel | local_multichannel_028_half_yearly_low_mag_noise0_lt1 | run_0 | freq=26 | noise=1 | magnitude=50 | lead_time=1 | PID 1832860 | GPU 3
[2026-07-15T22:17:15] Started local_multichannel | local_multichannel_028_half_yearly_low_mag_noise0_lt1 | run_1 | freq=26 | noise=1 | magnitude=50 | lead_time=1 | PID 1832929 | GPU 7
[2026-07-15T22:17:18] Started local_multichannel | local_multichannel_028_half_yearly_low_mag_noise0_lt1 | run_2 | freq=26 | noise=1 | magnitude=50 | lead_time=1 | PID 1832997 | GPU 1
[2026-07-15T22:17:21] Started local_multichannel | local_multichannel_028_half_yearly_low_mag_noise0_lt1 | run_3 | freq=26 | noise=1 | magnitude=50 | lead_time=1 | PID 1833090 | GPU 1
[2026-07-15T22:17:30] Started local_multichannel | local_multichannel_033_half_yearly_low_mag_noise10_lt3 | run_8 | freq=26 | noise=1 | magnitude=50 | lead_time=3 | PID 1833282 | GPU 5
[2026-07-15T22:17:35] Started local_multichannel | local_multichannel_035_half_yearly_low_mag_noise100_lt2 | run_0 | freq=26 | noise=1 | magnitude=50 | lead_time=2 | PID 1833336 | GPU 6
[2026-07-15T22:17:44] Started local_multichannel | local_multichannel_041_half_yearly_medium_mag_noise10_lt2 | run_4 | freq=26 | noise=1 | magnitude=100 | lead_time=2 | PID 1833464 | GPU 0
[2026-07-15T22:17:52] Started local_multichannel | local_multichannel_046_half_yearly_high_mag_noise0_lt1 | run_0 | freq=26 | noise=1 | magnitude=200 | lead_time=1 | PID 1833549 | GPU 3
[2026-07-15T22:18:07] Started local_multichannel | local_multichannel_057_quarterly_low_mag_noise0_lt3 | run_5 | freq=13 | noise=1 | magnitude=50 | lead_time=3 | PID 1833879 | GPU 2
[2026-07-15T22:18:12] Started local_multichannel | local_multichannel_059_quarterly_low_mag_noise10_lt2 | run_7 | freq=13 | noise=1 | magnitude=50 | lead_time=2 | PID 1834110 | GPU 4
[2026-07-15T22:18:29] Started local_multichannel | local_multichannel_072_quarterly_medium_mag_noise100_lt3 | run_3 | freq=13 | noise=1 | magnitude=100 | lead_time=3 | PID 1834483 | GPU 7
[2026-07-15T22:35:30] Finished local_multichannel | local_multichannel_072_quarterly_medium_mag_noise100_lt3 | run_3 | freq=13 | noise=1 | magnitude=100 | lead_time=3
[2026-07-15T22:35:31] Started local_multichannel | local_multichannel_028_half_yearly_low_mag_noise0_lt1 | run_4 | freq=26 | noise=1 | magnitude=50 | lead_time=1 | PID 1861318 | GPU 0
[2026-07-15T22:35:35] Started local_multichannel | local_multichannel_028_half_yearly_low_mag_noise0_lt1 | run_7 | freq=26 | noise=1 | magnitude=50 | lead_time=1 | PID 1861444 | GPU 1
[2026-07-15T22:35:38] Started local_multichannel | local_multichannel_028_half_yearly_low_mag_noise0_lt1 | run_8 | freq=26 | noise=1 | magnitude=50 | lead_time=1 | PID 1861511 | GPU 2
[2026-07-15T22:35:41] Started local_multichannel | local_multichannel_028_half_yearly_low_mag_noise0_lt1 | run_9 | freq=26 | noise=1 | magnitude=50 | lead_time=1 | PID 1861525 | GPU 3
[2026-07-15T22:35:45] Started local_multichannel | local_multichannel_029_half_yearly_low_mag_noise0_lt2 | run_0 | freq=26 | noise=1 | magnitude=50 | lead_time=2 | PID 1861536 | GPU 4
[2026-07-15T22:35:48] Started local_multichannel | local_multichannel_029_half_yearly_low_mag_noise0_lt2 | run_1 | freq=26 | noise=1 | magnitude=50 | lead_time=2 | PID 1861548 | GPU 5
[2026-07-15T22:35:51] Started local_multichannel | local_multichannel_029_half_yearly_low_mag_noise0_lt2 | run_2 | freq=26 | noise=1 | magnitude=50 | lead_time=2 | PID 1861559 | GPU 6
[2026-07-15T22:35:55] Started local_multichannel | local_multichannel_029_half_yearly_low_mag_noise0_lt2 | run_3 | freq=26 | noise=1 | magnitude=50 | lead_time=2 | PID 1861570 | GPU 7
[2026-07-15T22:35:58] Started local_multichannel | local_multichannel_029_half_yearly_low_mag_noise0_lt2 | run_4 | freq=26 | noise=1 | magnitude=50 | lead_time=2 | PID 1861581 | GPU 7
[2026-07-15T22:36:01] Started local_multichannel | local_multichannel_029_half_yearly_low_mag_noise0_lt2 | run_5 | freq=26 | noise=1 | magnitude=50 | lead_time=2 | PID 1861592 | GPU 0
[2026-07-15T22:36:05] Started local_multichannel | local_multichannel_029_half_yearly_low_mag_noise0_lt2 | run_6 | freq=26 | noise=1 | magnitude=50 | lead_time=2 | PID 1861615 | GPU 1
[2026-07-15T22:36:08] Started local_multichannel | local_multichannel_029_half_yearly_low_mag_noise0_lt2 | run_7 | freq=26 | noise=1 | magnitude=50 | lead_time=2 | PID 1861691 | GPU 3
[2026-07-15T22:36:11] Started local_multichannel | local_multichannel_029_half_yearly_low_mag_noise0_lt2 | run_8 | freq=26 | noise=1 | magnitude=50 | lead_time=2 | PID 1861764 | GPU 5
[2026-07-15T22:36:14] Started local_multichannel | local_multichannel_029_half_yearly_low_mag_noise0_lt2 | run_9 | freq=26 | noise=1 | magnitude=50 | lead_time=2 | PID 1861834 | GPU 6
[2026-07-15T22:36:18] Started local_multichannel | local_multichannel_030_half_yearly_low_mag_noise0_lt3 | run_0 | freq=26 | noise=1 | magnitude=50 | lead_time=3 | PID 1861910 | GPU 4
[2026-07-15T22:36:21] Started local_multichannel | local_multichannel_030_half_yearly_low_mag_noise0_lt3 | run_1 | freq=26 | noise=1 | magnitude=50 | lead_time=3 | PID 1862165 | GPU 2
[2026-07-15T22:36:24] Started local_multichannel | local_multichannel_030_half_yearly_low_mag_noise0_lt3 | run_2 | freq=26 | noise=1 | magnitude=50 | lead_time=3 | PID 1862173 | GPU 2
[2026-07-15T22:36:28] Started local_multichannel | local_multichannel_030_half_yearly_low_mag_noise0_lt3 | run_3 | freq=26 | noise=1 | magnitude=50 | lead_time=3 | PID 1862181 | GPU 5
[2026-07-15T22:36:31] Started local_multichannel | local_multichannel_030_half_yearly_low_mag_noise0_lt3 | run_4 | freq=26 | noise=1 | magnitude=50 | lead_time=3 | PID 1862189 | GPU 0
[2026-07-15T22:36:34] Started local_multichannel | local_multichannel_030_half_yearly_low_mag_noise0_lt3 | run_6 | freq=26 | noise=1 | magnitude=50 | lead_time=3 | PID 1862199 | GPU 7
[2026-07-15T22:36:38] Started local_multichannel | local_multichannel_030_half_yearly_low_mag_noise0_lt3 | run_7 | freq=26 | noise=1 | magnitude=50 | lead_time=3 | PID 1862305 | GPU 1
[2026-07-15T22:36:41] Started local_multichannel | local_multichannel_030_half_yearly_low_mag_noise0_lt3 | run_9 | freq=26 | noise=1 | magnitude=50 | lead_time=3 | PID 1862380 | GPU 6
[2026-07-15T22:36:44] Started local_multichannel | local_multichannel_031_half_yearly_low_mag_noise10_lt1 | run_0 | freq=26 | noise=1 | magnitude=50 | lead_time=1 | PID 1862389 | GPU 3
[2026-07-15T22:36:48] Started local_multichannel | local_multichannel_031_half_yearly_low_mag_noise10_lt1 | run_1 | freq=26 | noise=1 | magnitude=50 | lead_time=1 | PID 1862397 | GPU 4
[2026-07-15T22:36:51] Started local_multichannel | local_multichannel_031_half_yearly_low_mag_noise10_lt1 | run_2 | freq=26 | noise=1 | magnitude=50 | lead_time=1 | PID 1862405 | GPU 4
[2026-07-15T22:37:00] Started local_multichannel | local_multichannel_037_half_yearly_medium_mag_noise0_lt1 | run_4 | freq=26 | noise=1 | magnitude=100 | lead_time=1 | PID 1862520 | GPU 5
[2026-07-15T22:37:05] Started local_multichannel | local_multichannel_038_half_yearly_medium_mag_noise0_lt2 | run_6 | freq=26 | noise=1 | magnitude=100 | lead_time=2 | PID 1862548 | GPU 6
[2026-07-15T22:37:09] Started local_multichannel | local_multichannel_040_half_yearly_medium_mag_noise10_lt1 | run_0 | freq=26 | noise=1 | magnitude=100 | lead_time=1 | PID 1862589 | GPU 7
[2026-07-15T22:37:20] Started local_multichannel | local_multichannel_047_half_yearly_high_mag_noise0_lt2 | run_7 | freq=26 | noise=1 | magnitude=200 | lead_time=2 | PID 1862875 | GPU 1
[2026-07-15T22:37:34] Started local_multichannel | local_multichannel_058_quarterly_low_mag_noise10_lt1 | run_4 | freq=13 | noise=1 | magnitude=50 | lead_time=1 | PID 1863394 | GPU 2
[2026-07-15T22:37:45] Started local_multichannel | local_multichannel_065_quarterly_medium_mag_noise0_lt2 | run_6 | freq=13 | noise=1 | magnitude=100 | lead_time=2 | PID 1863775 | GPU 0
[2026-07-15T22:38:03] Started local_multichannel | local_multichannel_079_quarterly_high_mag_noise100_lt1 | run_9 | freq=13 | noise=1 | magnitude=200 | lead_time=1 | PID 1864050 | GPU 3
[2026-07-15T22:54:57] Finished local_multichannel | local_multichannel_079_quarterly_high_mag_noise100_lt1 | run_9 | freq=13 | noise=1 | magnitude=200 | lead_time=1
[2026-07-15T22:54:58] Started local_multichannel | local_multichannel_031_half_yearly_low_mag_noise10_lt1 | run_5 | freq=26 | noise=1 | magnitude=50 | lead_time=1 | PID 1900093 | GPU 0
[2026-07-15T22:55:01] Started local_multichannel | local_multichannel_031_half_yearly_low_mag_noise10_lt1 | run_6 | freq=26 | noise=1 | magnitude=50 | lead_time=1 | PID 1900131 | GPU 1
[2026-07-15T22:55:05] Started local_multichannel | local_multichannel_031_half_yearly_low_mag_noise10_lt1 | run_7 | freq=26 | noise=1 | magnitude=50 | lead_time=1 | PID 1900171 | GPU 2
[2026-07-15T22:55:08] Started local_multichannel | local_multichannel_031_half_yearly_low_mag_noise10_lt1 | run_8 | freq=26 | noise=1 | magnitude=50 | lead_time=1 | PID 1900185 | GPU 3
[2026-07-15T22:55:11] Started local_multichannel | local_multichannel_031_half_yearly_low_mag_noise10_lt1 | run_9 | freq=26 | noise=1 | magnitude=50 | lead_time=1 | PID 1900237 | GPU 4
[2026-07-15T22:55:15] Started local_multichannel | local_multichannel_032_half_yearly_low_mag_noise10_lt2 | run_0 | freq=26 | noise=1 | magnitude=50 | lead_time=2 | PID 1900315 | GPU 5
[2026-07-15T22:55:18] Started local_multichannel | local_multichannel_032_half_yearly_low_mag_noise10_lt2 | run_1 | freq=26 | noise=1 | magnitude=50 | lead_time=2 | PID 1900402 | GPU 6
[2026-07-15T22:55:21] Started local_multichannel | local_multichannel_032_half_yearly_low_mag_noise10_lt2 | run_2 | freq=26 | noise=1 | magnitude=50 | lead_time=2 | PID 1900496 | GPU 7
[2026-07-15T22:55:24] Started local_multichannel | local_multichannel_032_half_yearly_low_mag_noise10_lt2 | run_3 | freq=26 | noise=1 | magnitude=50 | lead_time=2 | PID 1900656 | GPU 7
[2026-07-15T22:55:28] Started local_multichannel | local_multichannel_032_half_yearly_low_mag_noise10_lt2 | run_5 | freq=26 | noise=1 | magnitude=50 | lead_time=2 | PID 1900704 | GPU 0
[2026-07-15T22:55:31] Started local_multichannel | local_multichannel_032_half_yearly_low_mag_noise10_lt2 | run_6 | freq=26 | noise=1 | magnitude=50 | lead_time=2 | PID 1900802 | GPU 1
[2026-07-15T22:55:34] Started local_multichannel | local_multichannel_032_half_yearly_low_mag_noise10_lt2 | run_7 | freq=26 | noise=1 | magnitude=50 | lead_time=2 | PID 1900898 | GPU 4
[2026-07-15T22:55:38] Started local_multichannel | local_multichannel_032_half_yearly_low_mag_noise10_lt2 | run_8 | freq=26 | noise=1 | magnitude=50 | lead_time=2 | PID 1900906 | GPU 6
[2026-07-15T22:55:41] Started local_multichannel | local_multichannel_032_half_yearly_low_mag_noise10_lt2 | run_9 | freq=26 | noise=1 | magnitude=50 | lead_time=2 | PID 1900917 | GPU 3
[2026-07-15T22:55:44] Started local_multichannel | local_multichannel_033_half_yearly_low_mag_noise10_lt3 | run_0 | freq=26 | noise=1 | magnitude=50 | lead_time=3 | PID 1900925 | GPU 5
[2026-07-15T22:55:48] Started local_multichannel | local_multichannel_033_half_yearly_low_mag_noise10_lt3 | run_1 | freq=26 | noise=1 | magnitude=50 | lead_time=3 | PID 1900933 | GPU 2
[2026-07-15T22:55:51] Started local_multichannel | local_multichannel_033_half_yearly_low_mag_noise10_lt3 | run_2 | freq=26 | noise=1 | magnitude=50 | lead_time=3 | PID 1900941 | GPU 2
[2026-07-15T22:55:54] Started local_multichannel | local_multichannel_033_half_yearly_low_mag_noise10_lt3 | run_3 | freq=26 | noise=1 | magnitude=50 | lead_time=3 | PID 1900949 | GPU 3
[2026-07-15T22:55:58] Started local_multichannel | local_multichannel_033_half_yearly_low_mag_noise10_lt3 | run_4 | freq=26 | noise=1 | magnitude=50 | lead_time=3 | PID 1900957 | GPU 7
[2026-07-15T22:56:01] Started local_multichannel | local_multichannel_033_half_yearly_low_mag_noise10_lt3 | run_5 | freq=26 | noise=1 | magnitude=50 | lead_time=3 | PID 1900965 | GPU 5
[2026-07-15T22:56:04] Started local_multichannel | local_multichannel_033_half_yearly_low_mag_noise10_lt3 | run_6 | freq=26 | noise=1 | magnitude=50 | lead_time=3 | PID 1900993 | GPU 6
[2026-07-15T22:56:08] Started local_multichannel | local_multichannel_033_half_yearly_low_mag_noise10_lt3 | run_7 | freq=26 | noise=1 | magnitude=50 | lead_time=3 | PID 1901039 | GPU 4
[2026-07-15T22:56:11] Started local_multichannel | local_multichannel_033_half_yearly_low_mag_noise10_lt3 | run_9 | freq=26 | noise=1 | magnitude=50 | lead_time=3 | PID 1901048 | GPU 1
[2026-07-15T22:56:14] Started local_multichannel | local_multichannel_034_half_yearly_low_mag_noise100_lt1 | run_0 | freq=26 | noise=1 | magnitude=50 | lead_time=1 | PID 1901057 | GPU 0
[2026-07-15T22:56:18] Started local_multichannel | local_multichannel_034_half_yearly_low_mag_noise100_lt1 | run_1 | freq=26 | noise=1 | magnitude=50 | lead_time=1 | PID 1901065 | GPU 0
[2026-07-15T22:56:21] Started local_multichannel | local_multichannel_034_half_yearly_low_mag_noise100_lt1 | run_2 | freq=26 | noise=1 | magnitude=50 | lead_time=1 | PID 1901077 | GPU 4
[2026-07-15T22:56:30] Started local_multichannel | local_multichannel_040_half_yearly_medium_mag_noise10_lt1 | run_3 | freq=26 | noise=1 | magnitude=100 | lead_time=1 | PID 1901380 | GPU 6
[2026-07-15T22:56:36] Started local_multichannel | local_multichannel_043_half_yearly_medium_mag_noise100_lt1 | run_7 | freq=26 | noise=1 | magnitude=100 | lead_time=1 | PID 1901754 | GPU 7
[2026-07-15T22:56:56] Started local_multichannel | local_multichannel_059_quarterly_low_mag_noise10_lt2 | run_9 | freq=13 | noise=1 | magnitude=50 | lead_time=2 | PID 1902188 | GPU 5
[2026-07-15T22:57:07] Started local_multichannel | local_multichannel_067_quarterly_medium_mag_noise10_lt1 | run_7 | freq=13 | noise=1 | magnitude=100 | lead_time=1 | PID 1902348 | GPU 3
[2026-07-15T22:57:23] Started local_multichannel | local_multichannel_080_quarterly_high_mag_noise100_lt2 | run_2 | freq=13 | noise=1 | magnitude=200 | lead_time=2 | PID 1902668 | GPU 2
[2026-07-15T22:57:28] Started local_multichannel | local_multichannel_081_quarterly_high_mag_noise100_lt3 | run_3 | freq=13 | noise=1 | magnitude=200 | lead_time=3 | PID 1902695 | GPU 1
[2026-07-15T23:14:16] Finished local_multichannel | local_multichannel_081_quarterly_high_mag_noise100_lt3 | run_3 | freq=13 | noise=1 | magnitude=200 | lead_time=3
[2026-07-15T23:14:17] Started local_multichannel | local_multichannel_034_half_yearly_low_mag_noise100_lt1 | run_3 | freq=26 | noise=1 | magnitude=50 | lead_time=1 | PID 1929617 | GPU 0
[2026-07-15T23:14:20] Started local_multichannel | local_multichannel_034_half_yearly_low_mag_noise100_lt1 | run_4 | freq=26 | noise=1 | magnitude=50 | lead_time=1 | PID 1929688 | GPU 1
[2026-07-15T23:14:24] Started local_multichannel | local_multichannel_034_half_yearly_low_mag_noise100_lt1 | run_5 | freq=26 | noise=1 | magnitude=50 | lead_time=1 | PID 1929759 | GPU 2
[2026-07-15T23:14:27] Started local_multichannel | local_multichannel_034_half_yearly_low_mag_noise100_lt1 | run_6 | freq=26 | noise=1 | magnitude=50 | lead_time=1 | PID 1929863 | GPU 3
[2026-07-15T23:14:30] Started local_multichannel | local_multichannel_034_half_yearly_low_mag_noise100_lt1 | run_7 | freq=26 | noise=1 | magnitude=50 | lead_time=1 | PID 1929875 | GPU 4
[2026-07-15T23:14:34] Started local_multichannel | local_multichannel_034_half_yearly_low_mag_noise100_lt1 | run_8 | freq=26 | noise=1 | magnitude=50 | lead_time=1 | PID 1929886 | GPU 5
[2026-07-15T23:14:37] Started local_multichannel | local_multichannel_035_half_yearly_low_mag_noise100_lt2 | run_1 | freq=26 | noise=1 | magnitude=50 | lead_time=2 | PID 1929901 | GPU 6
[2026-07-15T23:14:40] Started local_multichannel | local_multichannel_035_half_yearly_low_mag_noise100_lt2 | run_2 | freq=26 | noise=1 | magnitude=50 | lead_time=2 | PID 1929929 | GPU 7
[2026-07-15T23:14:44] Started local_multichannel | local_multichannel_035_half_yearly_low_mag_noise100_lt2 | run_3 | freq=26 | noise=1 | magnitude=50 | lead_time=2 | PID 1930120 | GPU 7
[2026-07-15T23:14:47] Started local_multichannel | local_multichannel_035_half_yearly_low_mag_noise100_lt2 | run_4 | freq=26 | noise=1 | magnitude=50 | lead_time=2 | PID 1930129 | GPU 0
[2026-07-15T23:14:50] Started local_multichannel | local_multichannel_035_half_yearly_low_mag_noise100_lt2 | run_6 | freq=26 | noise=1 | magnitude=50 | lead_time=2 | PID 1930137 | GPU 1
[2026-07-15T23:14:53] Started local_multichannel | local_multichannel_035_half_yearly_low_mag_noise100_lt2 | run_7 | freq=26 | noise=1 | magnitude=50 | lead_time=2 | PID 1930145 | GPU 3
[2026-07-15T23:14:57] Started local_multichannel | local_multichannel_035_half_yearly_low_mag_noise100_lt2 | run_8 | freq=26 | noise=1 | magnitude=50 | lead_time=2 | PID 1930153 | GPU 4
[2026-07-15T23:15:00] Started local_multichannel | local_multichannel_035_half_yearly_low_mag_noise100_lt2 | run_9 | freq=26 | noise=1 | magnitude=50 | lead_time=2 | PID 1930161 | GPU 5
[2026-07-15T23:15:03] Started local_multichannel | local_multichannel_036_half_yearly_low_mag_noise100_lt3 | run_0 | freq=26 | noise=1 | magnitude=50 | lead_time=3 | PID 1930172 | GPU 6
[2026-07-15T23:15:07] Started local_multichannel | local_multichannel_036_half_yearly_low_mag_noise100_lt3 | run_2 | freq=26 | noise=1 | magnitude=50 | lead_time=3 | PID 1930180 | GPU 2
[2026-07-15T23:15:10] Started local_multichannel | local_multichannel_036_half_yearly_low_mag_noise100_lt3 | run_3 | freq=26 | noise=1 | magnitude=50 | lead_time=3 | PID 1930188 | GPU 2
[2026-07-15T23:15:13] Started local_multichannel | local_multichannel_036_half_yearly_low_mag_noise100_lt3 | run_4 | freq=26 | noise=1 | magnitude=50 | lead_time=3 | PID 1930200 | GPU 6
[2026-07-15T23:15:17] Started local_multichannel | local_multichannel_036_half_yearly_low_mag_noise100_lt3 | run_5 | freq=26 | noise=1 | magnitude=50 | lead_time=3 | PID 1930313 | GPU 0
[2026-07-15T23:15:20] Started local_multichannel | local_multichannel_036_half_yearly_low_mag_noise100_lt3 | run_6 | freq=26 | noise=1 | magnitude=50 | lead_time=3 | PID 1930329 | GPU 3
[2026-07-15T23:15:23] Started local_multichannel | local_multichannel_036_half_yearly_low_mag_noise100_lt3 | run_7 | freq=26 | noise=1 | magnitude=50 | lead_time=3 | PID 1930345 | GPU 5
[2026-07-15T23:15:27] Started local_multichannel | local_multichannel_036_half_yearly_low_mag_noise100_lt3 | run_8 | freq=26 | noise=1 | magnitude=50 | lead_time=3 | PID 1930359 | GPU 4
[2026-07-15T23:15:30] Started local_multichannel | local_multichannel_036_half_yearly_low_mag_noise100_lt3 | run_9 | freq=26 | noise=1 | magnitude=50 | lead_time=3 | PID 1930440 | GPU 7
[2026-07-15T23:15:33] Started local_multichannel | local_multichannel_037_half_yearly_medium_mag_noise0_lt1 | run_0 | freq=26 | noise=1 | magnitude=100 | lead_time=1 | PID 1930518 | GPU 1
[2026-07-15T23:15:37] Started local_multichannel | local_multichannel_037_half_yearly_medium_mag_noise0_lt1 | run_1 | freq=26 | noise=1 | magnitude=100 | lead_time=1 | PID 1930586 | GPU 7
[2026-07-15T23:15:41] Started local_multichannel | local_multichannel_039_half_yearly_medium_mag_noise0_lt3 | run_0 | freq=26 | noise=1 | magnitude=100 | lead_time=3 | PID 1930724 | GPU 4
[2026-07-15T23:15:45] Started local_multichannel | local_multichannel_040_half_yearly_medium_mag_noise10_lt1 | run_1 | freq=26 | noise=1 | magnitude=100 | lead_time=1 | PID 1931000 | GPU 5
[2026-07-15T23:15:50] Started local_multichannel | local_multichannel_041_half_yearly_medium_mag_noise10_lt2 | run_5 | freq=26 | noise=1 | magnitude=100 | lead_time=2 | PID 1931030 | GPU 6
[2026-07-15T23:16:03] Started local_multichannel | local_multichannel_051_half_yearly_high_mag_noise10_lt3 | run_2 | freq=26 | noise=1 | magnitude=200 | lead_time=3 | PID 1931203 | GPU 1
[2026-07-15T23:16:21] Started local_multichannel | local_multichannel_066_quarterly_medium_mag_noise0_lt3 | run_3 | freq=13 | noise=1 | magnitude=100 | lead_time=3 | PID 1931598 | GPU 2
[2026-07-15T23:16:30] Started local_multichannel | local_multichannel_071_quarterly_medium_mag_noise100_lt2 | run_7 | freq=13 | noise=1 | magnitude=100 | lead_time=2 | PID 1931707 | GPU 0
[2026-07-15T23:16:35] Started local_multichannel | local_multichannel_073_quarterly_high_mag_noise0_lt1 | run_0 | freq=13 | noise=1 | magnitude=200 | lead_time=1 | PID 1931777 | GPU 3
[2026-07-15T23:33:32] Finished local_multichannel | local_multichannel_073_quarterly_high_mag_noise0_lt1 | run_0 | freq=13 | noise=1 | magnitude=200 | lead_time=1
[2026-07-15T23:33:33] Started local_multichannel | local_multichannel_037_half_yearly_medium_mag_noise0_lt1 | run_2 | freq=26 | noise=1 | magnitude=100 | lead_time=1 | PID 1958463 | GPU 0
[2026-07-15T23:33:36] Started local_multichannel | local_multichannel_037_half_yearly_medium_mag_noise0_lt1 | run_3 | freq=26 | noise=1 | magnitude=100 | lead_time=1 | PID 1958473 | GPU 1
[2026-07-15T23:33:40] Started local_multichannel | local_multichannel_037_half_yearly_medium_mag_noise0_lt1 | run_5 | freq=26 | noise=1 | magnitude=100 | lead_time=1 | PID 1958493 | GPU 2
[2026-07-15T23:33:43] Started local_multichannel | local_multichannel_037_half_yearly_medium_mag_noise0_lt1 | run_6 | freq=26 | noise=1 | magnitude=100 | lead_time=1 | PID 1958548 | GPU 3
[2026-07-15T23:33:46] Started local_multichannel | local_multichannel_037_half_yearly_medium_mag_noise0_lt1 | run_7 | freq=26 | noise=1 | magnitude=100 | lead_time=1 | PID 1958567 | GPU 4
[2026-07-15T23:33:50] Started local_multichannel | local_multichannel_037_half_yearly_medium_mag_noise0_lt1 | run_9 | freq=26 | noise=1 | magnitude=100 | lead_time=1 | PID 1958578 | GPU 5
[2026-07-15T23:33:53] Started local_multichannel | local_multichannel_038_half_yearly_medium_mag_noise0_lt2 | run_1 | freq=26 | noise=1 | magnitude=100 | lead_time=2 | PID 1958589 | GPU 6
[2026-07-15T23:33:56] Started local_multichannel | local_multichannel_038_half_yearly_medium_mag_noise0_lt2 | run_2 | freq=26 | noise=1 | magnitude=100 | lead_time=2 | PID 1958887 | GPU 7
[2026-07-15T23:34:00] Started local_multichannel | local_multichannel_038_half_yearly_medium_mag_noise0_lt2 | run_3 | freq=26 | noise=1 | magnitude=100 | lead_time=2 | PID 1958898 | GPU 7
[2026-07-15T23:34:03] Started local_multichannel | local_multichannel_038_half_yearly_medium_mag_noise0_lt2 | run_4 | freq=26 | noise=1 | magnitude=100 | lead_time=2 | PID 1958906 | GPU 6
[2026-07-15T23:34:06] Started local_multichannel | local_multichannel_038_half_yearly_medium_mag_noise0_lt2 | run_5 | freq=26 | noise=1 | magnitude=100 | lead_time=2 | PID 1958914 | GPU 0
[2026-07-15T23:34:09] Started local_multichannel | local_multichannel_038_half_yearly_medium_mag_noise0_lt2 | run_7 | freq=26 | noise=1 | magnitude=100 | lead_time=2 | PID 1958939 | GPU 1
[2026-07-15T23:34:13] Started local_multichannel | local_multichannel_038_half_yearly_medium_mag_noise0_lt2 | run_9 | freq=26 | noise=1 | magnitude=100 | lead_time=2 | PID 1958948 | GPU 5
[2026-07-15T23:34:16] Started local_multichannel | local_multichannel_039_half_yearly_medium_mag_noise0_lt3 | run_2 | freq=26 | noise=1 | magnitude=100 | lead_time=3 | PID 1958957 | GPU 2
[2026-07-15T23:34:19] Started local_multichannel | local_multichannel_039_half_yearly_medium_mag_noise0_lt3 | run_3 | freq=26 | noise=1 | magnitude=100 | lead_time=3 | PID 1958971 | GPU 4
[2026-07-15T23:34:23] Started local_multichannel | local_multichannel_039_half_yearly_medium_mag_noise0_lt3 | run_4 | freq=26 | noise=1 | magnitude=100 | lead_time=3 | PID 1958987 | GPU 3
[2026-07-15T23:34:26] Started local_multichannel | local_multichannel_039_half_yearly_medium_mag_noise0_lt3 | run_5 | freq=26 | noise=1 | magnitude=100 | lead_time=3 | PID 1958995 | GPU 3
[2026-07-15T23:34:29] Started local_multichannel | local_multichannel_039_half_yearly_medium_mag_noise0_lt3 | run_7 | freq=26 | noise=1 | magnitude=100 | lead_time=3 | PID 1959062 | GPU 1
[2026-07-15T23:34:33] Started local_multichannel | local_multichannel_039_half_yearly_medium_mag_noise0_lt3 | run_9 | freq=26 | noise=1 | magnitude=100 | lead_time=3 | PID 1959124 | GPU 5
[2026-07-15T23:34:36] Started local_multichannel | local_multichannel_040_half_yearly_medium_mag_noise10_lt1 | run_2 | freq=26 | noise=1 | magnitude=100 | lead_time=1 | PID 1959195 | GPU 2
[2026-07-15T23:34:39] Started local_multichannel | local_multichannel_040_half_yearly_medium_mag_noise10_lt1 | run_4 | freq=26 | noise=1 | magnitude=100 | lead_time=1 | PID 1959269 | GPU 7
[2026-07-15T23:34:43] Started local_multichannel | local_multichannel_040_half_yearly_medium_mag_noise10_lt1 | run_5 | freq=26 | noise=1 | magnitude=100 | lead_time=1 | PID 1959352 | GPU 6
[2026-07-15T23:34:46] Started local_multichannel | local_multichannel_040_half_yearly_medium_mag_noise10_lt1 | run_6 | freq=26 | noise=1 | magnitude=100 | lead_time=1 | PID 1959405 | GPU 0
[2026-07-15T23:34:49] Started local_multichannel | local_multichannel_040_half_yearly_medium_mag_noise10_lt1 | run_7 | freq=26 | noise=1 | magnitude=100 | lead_time=1 | PID 1959443 | GPU 4
[2026-07-15T23:34:53] Started local_multichannel | local_multichannel_040_half_yearly_medium_mag_noise10_lt1 | run_8 | freq=26 | noise=1 | magnitude=100 | lead_time=1 | PID 1959451 | GPU 4
[2026-07-15T23:35:02] Started local_multichannel | local_multichannel_047_half_yearly_high_mag_noise0_lt2 | run_4 | freq=26 | noise=1 | magnitude=200 | lead_time=2 | PID 1959854 | GPU 5
[2026-07-15T23:35:06] Started local_multichannel | local_multichannel_048_half_yearly_high_mag_noise0_lt3 | run_5 | freq=26 | noise=1 | magnitude=200 | lead_time=3 | PID 1959879 | GPU 7
[2026-07-15T23:35:14] Started local_multichannel | local_multichannel_053_half_yearly_high_mag_noise100_lt2 | run_3 | freq=26 | noise=1 | magnitude=200 | lead_time=2 | PID 1959975 | GPU 6
[2026-07-15T23:35:23] Started local_multichannel | local_multichannel_059_quarterly_low_mag_noise10_lt2 | run_5 | freq=13 | noise=1 | magnitude=50 | lead_time=2 | PID 1960107 | GPU 1
[2026-07-15T23:35:31] Started local_multichannel | local_multichannel_063_quarterly_low_mag_noise100_lt3 | run_4 | freq=13 | noise=1 | magnitude=50 | lead_time=3 | PID 1960183 | GPU 2
[2026-07-15T23:35:41] Started local_multichannel | local_multichannel_070_quarterly_medium_mag_noise100_lt1 | run_0 | freq=13 | noise=1 | magnitude=100 | lead_time=1 | PID 1960311 | GPU 3
[2026-07-15T23:35:48] Started local_multichannel | local_multichannel_074_quarterly_high_mag_noise0_lt2 | run_2 | freq=13 | noise=1 | magnitude=200 | lead_time=2 | PID 1960409 | GPU 0
[2026-07-15T23:52:43] Finished local_multichannel | local_multichannel_074_quarterly_high_mag_noise0_lt2 | run_2 | freq=13 | noise=1 | magnitude=200 | lead_time=2
[2026-07-15T23:52:44] Started local_multichannel | local_multichannel_040_half_yearly_medium_mag_noise10_lt1 | run_9 | freq=26 | noise=1 | magnitude=100 | lead_time=1 | PID 1997022 | GPU 0
[2026-07-15T23:52:47] Started local_multichannel | local_multichannel_041_half_yearly_medium_mag_noise10_lt2 | run_0 | freq=26 | noise=1 | magnitude=100 | lead_time=2 | PID 1997032 | GPU 1
[2026-07-15T23:52:51] Started local_multichannel | local_multichannel_041_half_yearly_medium_mag_noise10_lt2 | run_1 | freq=26 | noise=1 | magnitude=100 | lead_time=2 | PID 1997047 | GPU 2
[2026-07-15T23:52:54] Started local_multichannel | local_multichannel_041_half_yearly_medium_mag_noise10_lt2 | run_2 | freq=26 | noise=1 | magnitude=100 | lead_time=2 | PID 1997058 | GPU 3
[2026-07-15T23:52:57] Started local_multichannel | local_multichannel_041_half_yearly_medium_mag_noise10_lt2 | run_3 | freq=26 | noise=1 | magnitude=100 | lead_time=2 | PID 1997069 | GPU 4
[2026-07-15T23:53:01] Started local_multichannel | local_multichannel_041_half_yearly_medium_mag_noise10_lt2 | run_6 | freq=26 | noise=1 | magnitude=100 | lead_time=2 | PID 1997080 | GPU 5
[2026-07-15T23:53:04] Started local_multichannel | local_multichannel_041_half_yearly_medium_mag_noise10_lt2 | run_7 | freq=26 | noise=1 | magnitude=100 | lead_time=2 | PID 1997099 | GPU 6
[2026-07-15T23:53:07] Started local_multichannel | local_multichannel_041_half_yearly_medium_mag_noise10_lt2 | run_8 | freq=26 | noise=1 | magnitude=100 | lead_time=2 | PID 1997144 | GPU 7
[2026-07-15T23:53:11] Started local_multichannel | local_multichannel_041_half_yearly_medium_mag_noise10_lt2 | run_9 | freq=26 | noise=1 | magnitude=100 | lead_time=2 | PID 1997346 | GPU 7
[2026-07-15T23:53:14] Started local_multichannel | local_multichannel_042_half_yearly_medium_mag_noise10_lt3 | run_0 | freq=26 | noise=1 | magnitude=100 | lead_time=3 | PID 1997354 | GPU 0
[2026-07-15T23:53:17] Started local_multichannel | local_multichannel_042_half_yearly_medium_mag_noise10_lt3 | run_1 | freq=26 | noise=1 | magnitude=100 | lead_time=3 | PID 1997363 | GPU 1
[2026-07-15T23:53:21] Started local_multichannel | local_multichannel_042_half_yearly_medium_mag_noise10_lt3 | run_2 | freq=26 | noise=1 | magnitude=100 | lead_time=3 | PID 1997375 | GPU 3
[2026-07-15T23:53:24] Started local_multichannel | local_multichannel_042_half_yearly_medium_mag_noise10_lt3 | run_3 | freq=26 | noise=1 | magnitude=100 | lead_time=3 | PID 1997394 | GPU 4
[2026-07-15T23:53:27] Started local_multichannel | local_multichannel_042_half_yearly_medium_mag_noise10_lt3 | run_4 | freq=26 | noise=1 | magnitude=100 | lead_time=3 | PID 1997402 | GPU 6
[2026-07-15T23:53:31] Started local_multichannel | local_multichannel_042_half_yearly_medium_mag_noise10_lt3 | run_6 | freq=26 | noise=1 | magnitude=100 | lead_time=3 | PID 1997410 | GPU 2
[2026-07-15T23:53:34] Started local_multichannel | local_multichannel_042_half_yearly_medium_mag_noise10_lt3 | run_7 | freq=26 | noise=1 | magnitude=100 | lead_time=3 | PID 1997483 | GPU 5
[2026-07-15T23:53:37] Started local_multichannel | local_multichannel_042_half_yearly_medium_mag_noise10_lt3 | run_8 | freq=26 | noise=1 | magnitude=100 | lead_time=3 | PID 1997562 | GPU 5
[2026-07-15T23:53:40] Started local_multichannel | local_multichannel_043_half_yearly_medium_mag_noise100_lt1 | run_0 | freq=26 | noise=1 | magnitude=100 | lead_time=1 | PID 1997633 | GPU 6
[2026-07-15T23:53:44] Started local_multichannel | local_multichannel_043_half_yearly_medium_mag_noise100_lt1 | run_1 | freq=26 | noise=1 | magnitude=100 | lead_time=1 | PID 1997812 | GPU 3
[2026-07-15T23:53:47] Started local_multichannel | local_multichannel_043_half_yearly_medium_mag_noise100_lt1 | run_2 | freq=26 | noise=1 | magnitude=100 | lead_time=1 | PID 1997901 | GPU 4
[2026-07-15T23:53:50] Started local_multichannel | local_multichannel_043_half_yearly_medium_mag_noise100_lt1 | run_4 | freq=26 | noise=1 | magnitude=100 | lead_time=1 | PID 1997923 | GPU 0
[2026-07-15T23:53:54] Started local_multichannel | local_multichannel_043_half_yearly_medium_mag_noise100_lt1 | run_5 | freq=26 | noise=1 | magnitude=100 | lead_time=1 | PID 1997931 | GPU 7
[2026-07-15T23:53:57] Started local_multichannel | local_multichannel_043_half_yearly_medium_mag_noise100_lt1 | run_6 | freq=26 | noise=1 | magnitude=100 | lead_time=1 | PID 1997939 | GPU 2
[2026-07-15T23:54:00] Started local_multichannel | local_multichannel_043_half_yearly_medium_mag_noise100_lt1 | run_8 | freq=26 | noise=1 | magnitude=100 | lead_time=1 | PID 1997947 | GPU 1
[2026-07-15T23:54:04] Started local_multichannel | local_multichannel_043_half_yearly_medium_mag_noise100_lt1 | run_9 | freq=26 | noise=1 | magnitude=100 | lead_time=1 | PID 1997955 | GPU 1
[2026-07-15T23:54:10] Started local_multichannel | local_multichannel_047_half_yearly_high_mag_noise0_lt2 | run_6 | freq=26 | noise=1 | magnitude=200 | lead_time=2 | PID 1998232 | GPU 5
[2026-07-15T23:54:34] Started local_multichannel | local_multichannel_068_quarterly_medium_mag_noise10_lt2 | run_2 | freq=13 | noise=1 | magnitude=100 | lead_time=2 | PID 1998651 | GPU 3
[2026-07-15T23:54:53] Started local_multichannel | local_multichannel_084_half_quarterly_low_mag_noise0_lt3 | run_8 | freq=7 | noise=1 | magnitude=50 | lead_time=3 | PID 1999189 | GPU 6
[2026-07-15T23:55:01] Started local_multichannel | local_multichannel_088_half_quarterly_low_mag_noise100_lt1 | run_6 | freq=7 | noise=1 | magnitude=50 | lead_time=1 | PID 1999413 | GPU 4
[2026-07-15T23:55:07] Started local_multichannel | local_multichannel_091_half_quarterly_medium_mag_noise0_lt1 | run_2 | freq=7 | noise=1 | magnitude=100 | lead_time=1 | PID 1999538 | GPU 7
[2026-07-15T23:55:13] Started local_multichannel | local_multichannel_093_half_quarterly_medium_mag_noise0_lt3 | run_5 | freq=7 | noise=1 | magnitude=100 | lead_time=3 | PID 1999773 | GPU 2
[2026-07-15T23:55:36] Started split_multichannel | split_multichannel_002_yearly_low_mag_noise0_lt2 | run_6 | freq=52 | noise=1 | magnitude=50 | lead_time=2 | PID 2000178 | GPU 0
[2026-07-16T00:11:43] Finished split_multichannel | split_multichannel_002_yearly_low_mag_noise0_lt2 | run_6 | freq=52 | noise=1 | magnitude=50 | lead_time=2
[2026-07-16T00:11:44] Started local_multichannel | local_multichannel_044_half_yearly_medium_mag_noise100_lt2 | run_0 | freq=26 | noise=1 | magnitude=100 | lead_time=2 | PID 2026141 | GPU 0
[2026-07-16T00:11:47] Started local_multichannel | local_multichannel_044_half_yearly_medium_mag_noise100_lt2 | run_1 | freq=26 | noise=1 | magnitude=100 | lead_time=2 | PID 2026168 | GPU 1
[2026-07-16T00:11:51] Started local_multichannel | local_multichannel_044_half_yearly_medium_mag_noise100_lt2 | run_2 | freq=26 | noise=1 | magnitude=100 | lead_time=2 | PID 2026179 | GPU 2
[2026-07-16T00:11:54] Started local_multichannel | local_multichannel_044_half_yearly_medium_mag_noise100_lt2 | run_3 | freq=26 | noise=1 | magnitude=100 | lead_time=2 | PID 2026190 | GPU 3
[2026-07-16T00:11:57] Started local_multichannel | local_multichannel_044_half_yearly_medium_mag_noise100_lt2 | run_4 | freq=26 | noise=1 | magnitude=100 | lead_time=2 | PID 2026205 | GPU 4
[2026-07-16T00:12:01] Started local_multichannel | local_multichannel_044_half_yearly_medium_mag_noise100_lt2 | run_5 | freq=26 | noise=1 | magnitude=100 | lead_time=2 | PID 2026216 | GPU 5
[2026-07-16T00:12:04] Started local_multichannel | local_multichannel_044_half_yearly_medium_mag_noise100_lt2 | run_6 | freq=26 | noise=1 | magnitude=100 | lead_time=2 | PID 2026227 | GPU 6
[2026-07-16T00:12:07] Started local_multichannel | local_multichannel_044_half_yearly_medium_mag_noise100_lt2 | run_9 | freq=26 | noise=1 | magnitude=100 | lead_time=2 | PID 2026238 | GPU 7
[2026-07-16T00:12:11] Started local_multichannel | local_multichannel_045_half_yearly_medium_mag_noise100_lt3 | run_0 | freq=26 | noise=1 | magnitude=100 | lead_time=3 | PID 2026264 | GPU 7
[2026-07-16T00:12:14] Started local_multichannel | local_multichannel_045_half_yearly_medium_mag_noise100_lt3 | run_2 | freq=26 | noise=1 | magnitude=100 | lead_time=3 | PID 2026272 | GPU 0
[2026-07-16T00:12:17] Started local_multichannel | local_multichannel_045_half_yearly_medium_mag_noise100_lt3 | run_3 | freq=26 | noise=1 | magnitude=100 | lead_time=3 | PID 2026280 | GPU 1
[2026-07-16T00:12:20] Started local_multichannel | local_multichannel_045_half_yearly_medium_mag_noise100_lt3 | run_4 | freq=26 | noise=1 | magnitude=100 | lead_time=3 | PID 2026471 | GPU 3
[2026-07-16T00:12:24] Started local_multichannel | local_multichannel_045_half_yearly_medium_mag_noise100_lt3 | run_5 | freq=26 | noise=1 | magnitude=100 | lead_time=3 | PID 2026487 | GPU 5
[2026-07-16T00:12:27] Started local_multichannel | local_multichannel_045_half_yearly_medium_mag_noise100_lt3 | run_6 | freq=26 | noise=1 | magnitude=100 | lead_time=3 | PID 2026605 | GPU 6
[2026-07-16T00:12:30] Started local_multichannel | local_multichannel_045_half_yearly_medium_mag_noise100_lt3 | run_7 | freq=26 | noise=1 | magnitude=100 | lead_time=3 | PID 2026670 | GPU 2
[2026-07-16T00:12:34] Started local_multichannel | local_multichannel_045_half_yearly_medium_mag_noise100_lt3 | run_9 | freq=26 | noise=1 | magnitude=100 | lead_time=3 | PID 2026678 | GPU 4
[2026-07-16T00:12:37] Started local_multichannel | local_multichannel_046_half_yearly_high_mag_noise0_lt1 | run_1 | freq=26 | noise=1 | magnitude=200 | lead_time=1 | PID 2026739 | GPU 4
[2026-07-16T00:12:40] Started local_multichannel | local_multichannel_046_half_yearly_high_mag_noise0_lt1 | run_2 | freq=26 | noise=1 | magnitude=200 | lead_time=1 | PID 2026811 | GPU 3
[2026-07-16T00:12:44] Started local_multichannel | local_multichannel_046_half_yearly_high_mag_noise0_lt1 | run_3 | freq=26 | noise=1 | magnitude=200 | lead_time=1 | PID 2026890 | GPU 2
[2026-07-16T00:12:47] Started local_multichannel | local_multichannel_046_half_yearly_high_mag_noise0_lt1 | run_4 | freq=26 | noise=1 | magnitude=200 | lead_time=1 | PID 2026965 | GPU 0
[2026-07-16T00:12:50] Started local_multichannel | local_multichannel_046_half_yearly_high_mag_noise0_lt1 | run_5 | freq=26 | noise=1 | magnitude=200 | lead_time=1 | PID 2027035 | GPU 6
[2026-07-16T00:12:54] Started local_multichannel | local_multichannel_046_half_yearly_high_mag_noise0_lt1 | run_7 | freq=26 | noise=1 | magnitude=200 | lead_time=1 | PID 2027060 | GPU 5
[2026-07-16T00:12:57] Started local_multichannel | local_multichannel_046_half_yearly_high_mag_noise0_lt1 | run_8 | freq=26 | noise=1 | magnitude=200 | lead_time=1 | PID 2027072 | GPU 7
[2026-07-16T00:13:00] Started local_multichannel | local_multichannel_046_half_yearly_high_mag_noise0_lt1 | run_9 | freq=26 | noise=1 | magnitude=200 | lead_time=1 | PID 2027080 | GPU 1
[2026-07-16T00:13:04] Started local_multichannel | local_multichannel_047_half_yearly_high_mag_noise0_lt2 | run_1 | freq=26 | noise=1 | magnitude=200 | lead_time=2 | PID 2027088 | GPU 1
[2026-07-16T00:13:13] Started local_multichannel | local_multichannel_053_half_yearly_high_mag_noise100_lt2 | run_8 | freq=26 | noise=1 | magnitude=200 | lead_time=2 | PID 2027211 | GPU 5
[2026-07-16T00:13:34] Started local_multichannel | local_multichannel_072_quarterly_medium_mag_noise100_lt3 | run_4 | freq=13 | noise=1 | magnitude=100 | lead_time=3 | PID 2027875 | GPU 3
[2026-07-16T00:13:49] Started local_multichannel | local_multichannel_083_half_quarterly_low_mag_noise0_lt2 | run_5 | freq=7 | noise=1 | magnitude=50 | lead_time=2 | PID 2028101 | GPU 4
[2026-07-16T00:13:57] Started local_multichannel | local_multichannel_088_half_quarterly_low_mag_noise100_lt1 | run_3 | freq=7 | noise=1 | magnitude=50 | lead_time=1 | PID 2028312 | GPU 2
[2026-07-16T00:14:02] Started local_multichannel | local_multichannel_089_half_quarterly_low_mag_noise100_lt2 | run_4 | freq=7 | noise=1 | magnitude=50 | lead_time=2 | PID 2028413 | GPU 0
[2026-07-16T00:14:24] Started local_multichannel | local_multichannel_107_half_quarterly_high_mag_noise100_lt2 | run_1 | freq=7 | noise=1 | magnitude=200 | lead_time=2 | PID 2029119 | GPU 6
[2026-07-16T00:14:30] Started split_multichannel | split_multichannel_001_yearly_low_mag_noise0_lt1 | run_6 | freq=52 | noise=1 | magnitude=50 | lead_time=1 | PID 2029174 | GPU 7
[2026-07-16T00:30:39] Finished split_multichannel | split_multichannel_001_yearly_low_mag_noise0_lt1 | run_6 | freq=52 | noise=1 | magnitude=50 | lead_time=1
[2026-07-16T00:30:40] Started local_multichannel | local_multichannel_047_half_yearly_high_mag_noise0_lt2 | run_2 | freq=26 | noise=1 | magnitude=200 | lead_time=2 | PID 2054584 | GPU 0
[2026-07-16T00:30:43] Started local_multichannel | local_multichannel_047_half_yearly_high_mag_noise0_lt2 | run_3 | freq=26 | noise=1 | magnitude=200 | lead_time=2 | PID 2054598 | GPU 1
[2026-07-16T00:30:47] Started local_multichannel | local_multichannel_047_half_yearly_high_mag_noise0_lt2 | run_5 | freq=26 | noise=1 | magnitude=200 | lead_time=2 | PID 2054649 | GPU 2
[2026-07-16T00:30:50] Started local_multichannel | local_multichannel_047_half_yearly_high_mag_noise0_lt2 | run_8 | freq=26 | noise=1 | magnitude=200 | lead_time=2 | PID 2054675 | GPU 3
[2026-07-16T00:30:53] Started local_multichannel | local_multichannel_047_half_yearly_high_mag_noise0_lt2 | run_9 | freq=26 | noise=1 | magnitude=200 | lead_time=2 | PID 2054686 | GPU 4
[2026-07-16T00:30:57] Started local_multichannel | local_multichannel_048_half_yearly_high_mag_noise0_lt3 | run_0 | freq=26 | noise=1 | magnitude=200 | lead_time=3 | PID 2054697 | GPU 5
[2026-07-16T00:31:00] Started local_multichannel | local_multichannel_048_half_yearly_high_mag_noise0_lt3 | run_1 | freq=26 | noise=1 | magnitude=200 | lead_time=3 | PID 2054708 | GPU 6
[2026-07-16T00:31:03] Started local_multichannel | local_multichannel_048_half_yearly_high_mag_noise0_lt3 | run_2 | freq=26 | noise=1 | magnitude=200 | lead_time=3 | PID 2054719 | GPU 7
[2026-07-16T00:31:07] Started local_multichannel | local_multichannel_048_half_yearly_high_mag_noise0_lt3 | run_3 | freq=26 | noise=1 | magnitude=200 | lead_time=3 | PID 2054734 | GPU 7
[2026-07-16T00:31:10] Started local_multichannel | local_multichannel_048_half_yearly_high_mag_noise0_lt3 | run_4 | freq=26 | noise=1 | magnitude=200 | lead_time=3 | PID 2054823 | GPU 0
[2026-07-16T00:31:13] Started local_multichannel | local_multichannel_048_half_yearly_high_mag_noise0_lt3 | run_6 | freq=26 | noise=1 | magnitude=200 | lead_time=3 | PID 2054859 | GPU 1
[2026-07-16T00:31:17] Started local_multichannel | local_multichannel_048_half_yearly_high_mag_noise0_lt3 | run_7 | freq=26 | noise=1 | magnitude=200 | lead_time=3 | PID 2054867 | GPU 2
[2026-07-16T00:31:20] Started local_multichannel | local_multichannel_048_half_yearly_high_mag_noise0_lt3 | run_8 | freq=26 | noise=1 | magnitude=200 | lead_time=3 | PID 2054876 | GPU 4
[2026-07-16T00:31:23] Started local_multichannel | local_multichannel_049_half_yearly_high_mag_noise10_lt1 | run_0 | freq=26 | noise=1 | magnitude=200 | lead_time=1 | PID 2054896 | GPU 6
[2026-07-16T00:31:26] Started local_multichannel | local_multichannel_049_half_yearly_high_mag_noise10_lt1 | run_1 | freq=26 | noise=1 | magnitude=200 | lead_time=1 | PID 2054904 | GPU 3
[2026-07-16T00:31:30] Started local_multichannel | local_multichannel_049_half_yearly_high_mag_noise10_lt1 | run_2 | freq=26 | noise=1 | magnitude=200 | lead_time=1 | PID 2054912 | GPU 5
[2026-07-16T00:31:33] Started local_multichannel | local_multichannel_049_half_yearly_high_mag_noise10_lt1 | run_3 | freq=26 | noise=1 | magnitude=200 | lead_time=1 | PID 2055101 | GPU 5
[2026-07-16T00:31:36] Started local_multichannel | local_multichannel_049_half_yearly_high_mag_noise10_lt1 | run_4 | freq=26 | noise=1 | magnitude=200 | lead_time=1 | PID 2055126 | GPU 2
[2026-07-16T00:31:40] Started local_multichannel | local_multichannel_049_half_yearly_high_mag_noise10_lt1 | run_5 | freq=26 | noise=1 | magnitude=200 | lead_time=1 | PID 2055197 | GPU 0
[2026-07-16T00:31:43] Started local_multichannel | local_multichannel_049_half_yearly_high_mag_noise10_lt1 | run_6 | freq=26 | noise=1 | magnitude=200 | lead_time=1 | PID 2055272 | GPU 1
[2026-07-16T00:31:46] Started local_multichannel | local_multichannel_049_half_yearly_high_mag_noise10_lt1 | run_7 | freq=26 | noise=1 | magnitude=200 | lead_time=1 | PID 2055350 | GPU 4
[2026-07-16T00:31:50] Started local_multichannel | local_multichannel_049_half_yearly_high_mag_noise10_lt1 | run_8 | freq=26 | noise=1 | magnitude=200 | lead_time=1 | PID 2055417 | GPU 6
[2026-07-16T00:31:53] Started local_multichannel | local_multichannel_049_half_yearly_high_mag_noise10_lt1 | run_9 | freq=26 | noise=1 | magnitude=200 | lead_time=1 | PID 2055491 | GPU 7
[2026-07-16T00:31:56] Started local_multichannel | local_multichannel_050_half_yearly_high_mag_noise10_lt2 | run_0 | freq=26 | noise=1 | magnitude=200 | lead_time=2 | PID 2055545 | GPU 3
[2026-07-16T00:32:00] Started local_multichannel | local_multichannel_050_half_yearly_high_mag_noise10_lt2 | run_1 | freq=26 | noise=1 | magnitude=200 | lead_time=2 | PID 2055553 | GPU 3
[2026-07-16T00:32:06] Started local_multichannel | local_multichannel_053_half_yearly_high_mag_noise100_lt2 | run_2 | freq=26 | noise=1 | magnitude=200 | lead_time=2 | PID 2055620 | GPU 5
[2026-07-16T00:32:13] Started local_multichannel | local_multichannel_057_quarterly_low_mag_noise0_lt3 | run_4 | freq=13 | noise=1 | magnitude=50 | lead_time=3 | PID 2055817 | GPU 7
[2026-07-16T00:32:22] Started local_multichannel | local_multichannel_063_quarterly_low_mag_noise100_lt3 | run_6 | freq=13 | noise=1 | magnitude=50 | lead_time=3 | PID 2055938 | GPU 0
[2026-07-16T00:32:29] Started local_multichannel | local_multichannel_066_quarterly_medium_mag_noise0_lt3 | run_8 | freq=13 | noise=1 | magnitude=100 | lead_time=3 | PID 2056006 | GPU 2
[2026-07-16T00:32:37] Started local_multichannel | local_multichannel_072_quarterly_medium_mag_noise100_lt3 | run_1 | freq=13 | noise=1 | magnitude=100 | lead_time=3 | PID 2056281 | GPU 6
[2026-07-16T00:33:00] Started local_multichannel | local_multichannel_091_half_quarterly_medium_mag_noise0_lt1 | run_7 | freq=7 | noise=1 | magnitude=100 | lead_time=1 | PID 2056773 | GPU 4
[2026-07-16T00:33:37] Started split_multichannel | split_multichannel_014_yearly_medium_mag_noise10_lt2 | run_5 | freq=52 | noise=1 | magnitude=100 | lead_time=2 | PID 2057953 | GPU 1
[2026-07-16T00:49:37] Finished split_multichannel | split_multichannel_014_yearly_medium_mag_noise10_lt2 | run_5 | freq=52 | noise=1 | magnitude=100 | lead_time=2
[2026-07-16T00:49:38] Started local_multichannel | local_multichannel_050_half_yearly_high_mag_noise10_lt2 | run_2 | freq=26 | noise=1 | magnitude=200 | lead_time=2 | PID 2082831 | GPU 0
[2026-07-16T00:49:41] Started local_multichannel | local_multichannel_050_half_yearly_high_mag_noise10_lt2 | run_3 | freq=26 | noise=1 | magnitude=200 | lead_time=2 | PID 2082843 | GPU 1
[2026-07-16T00:49:44] Started local_multichannel | local_multichannel_050_half_yearly_high_mag_noise10_lt2 | run_4 | freq=26 | noise=1 | magnitude=200 | lead_time=2 | PID 2083033 | GPU 2
[2026-07-16T00:49:48] Started local_multichannel | local_multichannel_050_half_yearly_high_mag_noise10_lt2 | run_5 | freq=26 | noise=1 | magnitude=200 | lead_time=2 | PID 2083044 | GPU 3
[2026-07-16T00:49:51] Started local_multichannel | local_multichannel_050_half_yearly_high_mag_noise10_lt2 | run_7 | freq=26 | noise=1 | magnitude=200 | lead_time=2 | PID 2083055 | GPU 4
[2026-07-16T00:49:54] Started local_multichannel | local_multichannel_050_half_yearly_high_mag_noise10_lt2 | run_8 | freq=26 | noise=1 | magnitude=200 | lead_time=2 | PID 2083066 | GPU 5
[2026-07-16T00:49:58] Started local_multichannel | local_multichannel_050_half_yearly_high_mag_noise10_lt2 | run_9 | freq=26 | noise=1 | magnitude=200 | lead_time=2 | PID 2083186 | GPU 6
[2026-07-16T00:50:01] Started local_multichannel | local_multichannel_051_half_yearly_high_mag_noise10_lt3 | run_0 | freq=26 | noise=1 | magnitude=200 | lead_time=3 | PID 2083197 | GPU 7
[2026-07-16T00:50:04] Started local_multichannel | local_multichannel_051_half_yearly_high_mag_noise10_lt3 | run_1 | freq=26 | noise=1 | magnitude=200 | lead_time=3 | PID 2083208 | GPU 7
[2026-07-16T00:50:08] Started local_multichannel | local_multichannel_051_half_yearly_high_mag_noise10_lt3 | run_3 | freq=26 | noise=1 | magnitude=200 | lead_time=3 | PID 2083216 | GPU 4
[2026-07-16T00:50:11] Started local_multichannel | local_multichannel_051_half_yearly_high_mag_noise10_lt3 | run_4 | freq=26 | noise=1 | magnitude=200 | lead_time=3 | PID 2083238 | GPU 6
[2026-07-16T00:50:14] Started local_multichannel | local_multichannel_051_half_yearly_high_mag_noise10_lt3 | run_5 | freq=26 | noise=1 | magnitude=200 | lead_time=3 | PID 2083291 | GPU 0
[2026-07-16T00:50:18] Started local_multichannel | local_multichannel_051_half_yearly_high_mag_noise10_lt3 | run_7 | freq=26 | noise=1 | magnitude=200 | lead_time=3 | PID 2083304 | GPU 1
[2026-07-16T00:50:21] Started local_multichannel | local_multichannel_051_half_yearly_high_mag_noise10_lt3 | run_8 | freq=26 | noise=1 | magnitude=200 | lead_time=3 | PID 2083316 | GPU 3
[2026-07-16T00:50:24] Started local_multichannel | local_multichannel_051_half_yearly_high_mag_noise10_lt3 | run_9 | freq=26 | noise=1 | magnitude=200 | lead_time=3 | PID 2083333 | GPU 5
[2026-07-16T00:50:27] Started local_multichannel | local_multichannel_052_half_yearly_high_mag_noise100_lt1 | run_0 | freq=26 | noise=1 | magnitude=200 | lead_time=1 | PID 2083341 | GPU 2
[2026-07-16T00:50:31] Started local_multichannel | local_multichannel_052_half_yearly_high_mag_noise100_lt1 | run_1 | freq=26 | noise=1 | magnitude=200 | lead_time=1 | PID 2083349 | GPU 2
[2026-07-16T00:50:34] Started local_multichannel | local_multichannel_052_half_yearly_high_mag_noise100_lt1 | run_2 | freq=26 | noise=1 | magnitude=200 | lead_time=1 | PID 2083357 | GPU 0
[2026-07-16T00:50:37] Started local_multichannel | local_multichannel_052_half_yearly_high_mag_noise100_lt1 | run_3 | freq=26 | noise=1 | magnitude=200 | lead_time=1 | PID 2083411 | GPU 3
[2026-07-16T00:50:41] Started local_multichannel | local_multichannel_052_half_yearly_high_mag_noise100_lt1 | run_4 | freq=26 | noise=1 | magnitude=200 | lead_time=1 | PID 2083480 | GPU 5
[2026-07-16T00:50:44] Started local_multichannel | local_multichannel_052_half_yearly_high_mag_noise100_lt1 | run_5 | freq=26 | noise=1 | magnitude=200 | lead_time=1 | PID 2083629 | GPU 1
[2026-07-16T00:50:47] Started local_multichannel | local_multichannel_052_half_yearly_high_mag_noise100_lt1 | run_6 | freq=26 | noise=1 | magnitude=200 | lead_time=1 | PID 2083804 | GPU 6
[2026-07-16T00:50:51] Started local_multichannel | local_multichannel_052_half_yearly_high_mag_noise100_lt1 | run_7 | freq=26 | noise=1 | magnitude=200 | lead_time=1 | PID 2083891 | GPU 4
[2026-07-16T00:50:54] Started local_multichannel | local_multichannel_052_half_yearly_high_mag_noise100_lt1 | run_8 | freq=26 | noise=1 | magnitude=200 | lead_time=1 | PID 2083936 | GPU 7
[2026-07-16T00:50:57] Started local_multichannel | local_multichannel_052_half_yearly_high_mag_noise100_lt1 | run_9 | freq=26 | noise=1 | magnitude=200 | lead_time=1 | PID 2083944 | GPU 7
[2026-07-16T00:51:04] Started local_multichannel | local_multichannel_057_quarterly_low_mag_noise0_lt3 | run_1 | freq=13 | noise=1 | magnitude=50 | lead_time=3 | PID 2084130 | GPU 4
[2026-07-16T00:51:09] Started local_multichannel | local_multichannel_058_quarterly_low_mag_noise10_lt1 | run_7 | freq=13 | noise=1 | magnitude=50 | lead_time=1 | PID 2084159 | GPU 6
[2026-07-16T00:51:26] Started local_multichannel | local_multichannel_074_quarterly_high_mag_noise0_lt2 | run_4 | freq=13 | noise=1 | magnitude=200 | lead_time=2 | PID 2084496 | GPU 2
[2026-07-16T00:51:41] Started local_multichannel | local_multichannel_085_half_quarterly_low_mag_noise10_lt1 | run_2 | freq=7 | noise=1 | magnitude=50 | lead_time=1 | PID 2084703 | GPU 0
[2026-07-16T00:52:01] Started local_multichannel | local_multichannel_101_half_quarterly_high_mag_noise0_lt2 | run_2 | freq=7 | noise=1 | magnitude=200 | lead_time=2 | PID 2085435 | GPU 1
[2026-07-16T00:52:15] Started split_multichannel | split_multichannel_003_yearly_low_mag_noise0_lt3 | run_0 | freq=52 | noise=1 | magnitude=50 | lead_time=3 | PID 2085842 | GPU 5
[2026-07-16T00:52:32] Started split_multichannel | split_multichannel_015_yearly_medium_mag_noise10_lt3 | run_8 | freq=52 | noise=1 | magnitude=100 | lead_time=3 | PID 2086167 | GPU 3
[2026-07-16T01:08:24] Finished split_multichannel | split_multichannel_015_yearly_medium_mag_noise10_lt3 | run_8 | freq=52 | noise=1 | magnitude=100 | lead_time=3
[2026-07-16T01:08:25] Started local_multichannel | local_multichannel_053_half_yearly_high_mag_noise100_lt2 | run_0 | freq=26 | noise=1 | magnitude=200 | lead_time=2 | PID 2121363 | GPU 0
[2026-07-16T01:08:28] Started local_multichannel | local_multichannel_053_half_yearly_high_mag_noise100_lt2 | run_1 | freq=26 | noise=1 | magnitude=200 | lead_time=2 | PID 2121474 | GPU 1
[2026-07-16T01:08:31] Started local_multichannel | local_multichannel_053_half_yearly_high_mag_noise100_lt2 | run_4 | freq=26 | noise=1 | magnitude=200 | lead_time=2 | PID 2121509 | GPU 2
[2026-07-16T01:08:35] Started local_multichannel | local_multichannel_053_half_yearly_high_mag_noise100_lt2 | run_5 | freq=26 | noise=1 | magnitude=200 | lead_time=2 | PID 2121520 | GPU 3
[2026-07-16T01:08:38] Started local_multichannel | local_multichannel_053_half_yearly_high_mag_noise100_lt2 | run_6 | freq=26 | noise=1 | magnitude=200 | lead_time=2 | PID 2121640 | GPU 4
[2026-07-16T01:08:41] Started local_multichannel | local_multichannel_053_half_yearly_high_mag_noise100_lt2 | run_7 | freq=26 | noise=1 | magnitude=200 | lead_time=2 | PID 2121656 | GPU 5
[2026-07-16T01:08:45] Started local_multichannel | local_multichannel_053_half_yearly_high_mag_noise100_lt2 | run_9 | freq=26 | noise=1 | magnitude=200 | lead_time=2 | PID 2121667 | GPU 6
[2026-07-16T01:08:48] Started local_multichannel | local_multichannel_054_half_yearly_high_mag_noise100_lt3 | run_0 | freq=26 | noise=1 | magnitude=200 | lead_time=3 | PID 2121678 | GPU 7
[2026-07-16T01:08:51] Started local_multichannel | local_multichannel_054_half_yearly_high_mag_noise100_lt3 | run_1 | freq=26 | noise=1 | magnitude=200 | lead_time=3 | PID 2121689 | GPU 7
[2026-07-16T01:08:54] Started local_multichannel | local_multichannel_054_half_yearly_high_mag_noise100_lt3 | run_2 | freq=26 | noise=1 | magnitude=200 | lead_time=3 | PID 2121714 | GPU 3
[2026-07-16T01:08:58] Started local_multichannel | local_multichannel_054_half_yearly_high_mag_noise100_lt3 | run_3 | freq=26 | noise=1 | magnitude=200 | lead_time=3 | PID 2121900 | GPU 1
[2026-07-16T01:09:01] Started local_multichannel | local_multichannel_054_half_yearly_high_mag_noise100_lt3 | run_4 | freq=26 | noise=1 | magnitude=200 | lead_time=3 | PID 2121908 | GPU 6
[2026-07-16T01:09:04] Started local_multichannel | local_multichannel_054_half_yearly_high_mag_noise100_lt3 | run_5 | freq=26 | noise=1 | magnitude=200 | lead_time=3 | PID 2121916 | GPU 4
[2026-07-16T01:09:08] Started local_multichannel | local_multichannel_054_half_yearly_high_mag_noise100_lt3 | run_7 | freq=26 | noise=1 | magnitude=200 | lead_time=3 | PID 2121941 | GPU 2
[2026-07-16T01:09:11] Started local_multichannel | local_multichannel_054_half_yearly_high_mag_noise100_lt3 | run_8 | freq=26 | noise=1 | magnitude=200 | lead_time=3 | PID 2121949 | GPU 5
[2026-07-16T01:09:14] Started local_multichannel | local_multichannel_054_half_yearly_high_mag_noise100_lt3 | run_9 | freq=26 | noise=1 | magnitude=200 | lead_time=3 | PID 2121957 | GPU 0
[2026-07-16T01:09:18] Started local_multichannel | local_multichannel_055_quarterly_low_mag_noise0_lt1 | run_0 | freq=13 | noise=1 | magnitude=50 | lead_time=1 | PID 2121966 | GPU 0
[2026-07-16T01:09:21] Started local_multichannel | local_multichannel_055_quarterly_low_mag_noise0_lt1 | run_1 | freq=13 | noise=1 | magnitude=50 | lead_time=1 | PID 2121982 | GPU 5
[2026-07-16T01:09:24] Started local_multichannel | local_multichannel_055_quarterly_low_mag_noise0_lt1 | run_2 | freq=13 | noise=1 | magnitude=50 | lead_time=1 | PID 2121999 | GPU 4
[2026-07-16T01:09:28] Started local_multichannel | local_multichannel_055_quarterly_low_mag_noise0_lt1 | run_3 | freq=13 | noise=1 | magnitude=50 | lead_time=1 | PID 2122024 | GPU 1
[2026-07-16T01:09:31] Started local_multichannel | local_multichannel_055_quarterly_low_mag_noise0_lt1 | run_4 | freq=13 | noise=1 | magnitude=50 | lead_time=1 | PID 2122107 | GPU 3
[2026-07-16T01:09:34] Started local_multichannel | local_multichannel_055_quarterly_low_mag_noise0_lt1 | run_5 | freq=13 | noise=1 | magnitude=50 | lead_time=1 | PID 2122183 | GPU 7
[2026-07-16T01:09:38] Started local_multichannel | local_multichannel_055_quarterly_low_mag_noise0_lt1 | run_6 | freq=13 | noise=1 | magnitude=50 | lead_time=1 | PID 2122258 | GPU 2
[2026-07-16T01:09:41] Started local_multichannel | local_multichannel_055_quarterly_low_mag_noise0_lt1 | run_7 | freq=13 | noise=1 | magnitude=50 | lead_time=1 | PID 2122432 | GPU 6
[2026-07-16T01:09:44] Started local_multichannel | local_multichannel_055_quarterly_low_mag_noise0_lt1 | run_8 | freq=13 | noise=1 | magnitude=50 | lead_time=1 | PID 2122507 | GPU 1
[2026-07-16T01:09:48] Started local_multichannel | local_multichannel_055_quarterly_low_mag_noise0_lt1 | run_9 | freq=13 | noise=1 | magnitude=50 | lead_time=1 | PID 2122555 | GPU 0
[2026-07-16T01:09:52] Started local_multichannel | local_multichannel_057_quarterly_low_mag_noise0_lt3 | run_8 | freq=13 | noise=1 | magnitude=50 | lead_time=3 | PID 2122585 | GPU 7
[2026-07-16T01:10:06] Started local_multichannel | local_multichannel_069_quarterly_medium_mag_noise10_lt3 | run_2 | freq=13 | noise=1 | magnitude=100 | lead_time=3 | PID 2122964 | GPU 3
[2026-07-16T01:10:13] Started local_multichannel | local_multichannel_074_quarterly_high_mag_noise0_lt2 | run_3 | freq=13 | noise=1 | magnitude=200 | lead_time=2 | PID 2123046 | GPU 6
[2026-07-16T01:10:19] Started local_multichannel | local_multichannel_076_quarterly_high_mag_noise10_lt1 | run_9 | freq=13 | noise=1 | magnitude=200 | lead_time=1 | PID 2123120 | GPU 4
[2026-07-16T01:10:23] Started local_multichannel | local_multichannel_077_quarterly_high_mag_noise10_lt2 | run_7 | freq=13 | noise=1 | magnitude=200 | lead_time=2 | PID 2123141 | GPU 5
[2026-07-16T01:10:45] Started local_multichannel | local_multichannel_095_half_quarterly_medium_mag_noise10_lt2 | run_8 | freq=7 | noise=1 | magnitude=100 | lead_time=2 | PID 2123656 | GPU 2
[2026-07-16T01:27:13] Finished local_multichannel | local_multichannel_095_half_quarterly_medium_mag_noise10_lt2 | run_8 | freq=7 | noise=1 | magnitude=100 | lead_time=2
[2026-07-16T01:27:14] Started local_multichannel | local_multichannel_056_quarterly_low_mag_noise0_lt2 | run_0 | freq=13 | noise=1 | magnitude=50 | lead_time=2 | PID 2149409 | GPU 0
[2026-07-16T01:27:17] Started local_multichannel | local_multichannel_056_quarterly_low_mag_noise0_lt2 | run_2 | freq=13 | noise=1 | magnitude=50 | lead_time=2 | PID 2149433 | GPU 1
[2026-07-16T01:27:20] Started local_multichannel | local_multichannel_056_quarterly_low_mag_noise0_lt2 | run_4 | freq=13 | noise=1 | magnitude=50 | lead_time=2 | PID 2149523 | GPU 2
[2026-07-16T01:27:24] Started local_multichannel | local_multichannel_056_quarterly_low_mag_noise0_lt2 | run_5 | freq=13 | noise=1 | magnitude=50 | lead_time=2 | PID 2149606 | GPU 3
[2026-07-16T01:27:27] Started local_multichannel | local_multichannel_056_quarterly_low_mag_noise0_lt2 | run_6 | freq=13 | noise=1 | magnitude=50 | lead_time=2 | PID 2149799 | GPU 4
[2026-07-16T01:27:30] Started local_multichannel | local_multichannel_056_quarterly_low_mag_noise0_lt2 | run_7 | freq=13 | noise=1 | magnitude=50 | lead_time=2 | PID 2149879 | GPU 5
[2026-07-16T01:27:34] Started local_multichannel | local_multichannel_056_quarterly_low_mag_noise0_lt2 | run_8 | freq=13 | noise=1 | magnitude=50 | lead_time=2 | PID 2149931 | GPU 6
[2026-07-16T01:27:37] Started local_multichannel | local_multichannel_057_quarterly_low_mag_noise0_lt3 | run_0 | freq=13 | noise=1 | magnitude=50 | lead_time=3 | PID 2149942 | GPU 7
[2026-07-16T01:27:40] Started local_multichannel | local_multichannel_057_quarterly_low_mag_noise0_lt3 | run_2 | freq=13 | noise=1 | magnitude=50 | lead_time=3 | PID 2149953 | GPU 7
[2026-07-16T01:27:44] Started local_multichannel | local_multichannel_057_quarterly_low_mag_noise0_lt3 | run_3 | freq=13 | noise=1 | magnitude=50 | lead_time=3 | PID 2149981 | GPU 6
[2026-07-16T01:27:47] Started local_multichannel | local_multichannel_057_quarterly_low_mag_noise0_lt3 | run_6 | freq=13 | noise=1 | magnitude=50 | lead_time=3 | PID 2150030 | GPU 0
[2026-07-16T01:27:50] Started local_multichannel | local_multichannel_057_quarterly_low_mag_noise0_lt3 | run_9 | freq=13 | noise=1 | magnitude=50 | lead_time=3 | PID 2150038 | GPU 1
[2026-07-16T01:27:54] Started local_multichannel | local_multichannel_058_quarterly_low_mag_noise10_lt1 | run_0 | freq=13 | noise=1 | magnitude=50 | lead_time=1 | PID 2150046 | GPU 3
[2026-07-16T01:27:57] Started local_multichannel | local_multichannel_058_quarterly_low_mag_noise10_lt1 | run_1 | freq=13 | noise=1 | magnitude=50 | lead_time=1 | PID 2150054 | GPU 2
[2026-07-16T01:28:00] Started local_multichannel | local_multichannel_058_quarterly_low_mag_noise10_lt1 | run_2 | freq=13 | noise=1 | magnitude=50 | lead_time=1 | PID 2150062 | GPU 4
[2026-07-16T01:28:04] Started local_multichannel | local_multichannel_058_quarterly_low_mag_noise10_lt1 | run_3 | freq=13 | noise=1 | magnitude=50 | lead_time=1 | PID 2150070 | GPU 5
[2026-07-16T01:28:07] Started local_multichannel | local_multichannel_058_quarterly_low_mag_noise10_lt1 | run_5 | freq=13 | noise=1 | magnitude=50 | lead_time=1 | PID 2150078 | GPU 5
[2026-07-16T01:28:10] Started local_multichannel | local_multichannel_058_quarterly_low_mag_noise10_lt1 | run_6 | freq=13 | noise=1 | magnitude=50 | lead_time=1 | PID 2150265 | GPU 3
[2026-07-16T01:28:13] Started local_multichannel | local_multichannel_058_quarterly_low_mag_noise10_lt1 | run_8 | freq=13 | noise=1 | magnitude=50 | lead_time=1 | PID 2150273 | GPU 7
[2026-07-16T01:28:17] Started local_multichannel | local_multichannel_058_quarterly_low_mag_noise10_lt1 | run_9 | freq=13 | noise=1 | magnitude=50 | lead_time=1 | PID 2150282 | GPU 4
[2026-07-16T01:28:20] Started local_multichannel | local_multichannel_059_quarterly_low_mag_noise10_lt2 | run_0 | freq=13 | noise=1 | magnitude=50 | lead_time=2 | PID 2150290 | GPU 0
[2026-07-16T01:28:23] Started local_multichannel | local_multichannel_059_quarterly_low_mag_noise10_lt2 | run_1 | freq=13 | noise=1 | magnitude=50 | lead_time=2 | PID 2150302 | GPU 1
[2026-07-16T01:28:27] Started local_multichannel | local_multichannel_059_quarterly_low_mag_noise10_lt2 | run_2 | freq=13 | noise=1 | magnitude=50 | lead_time=2 | PID 2150323 | GPU 2
[2026-07-16T01:28:30] Started local_multichannel | local_multichannel_059_quarterly_low_mag_noise10_lt2 | run_3 | freq=13 | noise=1 | magnitude=50 | lead_time=2 | PID 2150440 | GPU 6
[2026-07-16T01:28:33] Started local_multichannel | local_multichannel_059_quarterly_low_mag_noise10_lt2 | run_4 | freq=13 | noise=1 | magnitude=50 | lead_time=2 | PID 2150469 | GPU 6
[2026-07-16T01:28:40] Started local_multichannel | local_multichannel_062_quarterly_low_mag_noise100_lt2 | run_8 | freq=13 | noise=1 | magnitude=50 | lead_time=2 | PID 2150664 | GPU 5
[2026-07-16T01:28:52] Started local_multichannel | local_multichannel_073_quarterly_high_mag_noise0_lt1 | run_3 | freq=13 | noise=1 | magnitude=200 | lead_time=1 | PID 2151070 | GPU 7
[2026-07-16T01:29:03] Started local_multichannel | local_multichannel_080_quarterly_high_mag_noise100_lt2 | run_9 | freq=13 | noise=1 | magnitude=200 | lead_time=2 | PID 2151209 | GPU 1
[2026-07-16T01:29:10] Started local_multichannel | local_multichannel_084_half_quarterly_low_mag_noise0_lt3 | run_9 | freq=7 | noise=1 | magnitude=50 | lead_time=3 | PID 2151482 | GPU 2
[2026-07-16T01:29:14] Started local_multichannel | local_multichannel_085_half_quarterly_low_mag_noise10_lt1 | run_3 | freq=7 | noise=1 | magnitude=50 | lead_time=1 | PID 2151493 | GPU 4
[2026-07-16T01:29:32] Started local_multichannel | local_multichannel_099_half_quarterly_medium_mag_noise100_lt3 | run_9 | freq=7 | noise=1 | magnitude=100 | lead_time=3 | PID 2151900 | GPU 0
[2026-07-16T01:30:04] Started split_multichannel | split_multichannel_018_yearly_medium_mag_noise100_lt3 | run_4 | freq=52 | noise=1 | magnitude=100 | lead_time=3 | PID 2152688 | GPU 3
[2026-07-16T01:46:00] Finished split_multichannel | split_multichannel_018_yearly_medium_mag_noise100_lt3 | run_4 | freq=52 | noise=1 | magnitude=100 | lead_time=3
[2026-07-16T01:46:00] Started local_multichannel | local_multichannel_059_quarterly_low_mag_noise10_lt2 | run_6 | freq=13 | noise=1 | magnitude=50 | lead_time=2 | PID 2177398 | GPU 0
[2026-07-16T01:46:04] Started local_multichannel | local_multichannel_059_quarterly_low_mag_noise10_lt2 | run_8 | freq=13 | noise=1 | magnitude=50 | lead_time=2 | PID 2177452 | GPU 1
[2026-07-16T01:46:07] Started local_multichannel | local_multichannel_060_quarterly_low_mag_noise10_lt3 | run_0 | freq=13 | noise=1 | magnitude=50 | lead_time=3 | PID 2177558 | GPU 2
[2026-07-16T01:46:10] Started local_multichannel | local_multichannel_060_quarterly_low_mag_noise10_lt3 | run_1 | freq=13 | noise=1 | magnitude=50 | lead_time=3 | PID 2177587 | GPU 3
[2026-07-16T01:46:14] Started local_multichannel | local_multichannel_060_quarterly_low_mag_noise10_lt3 | run_2 | freq=13 | noise=1 | magnitude=50 | lead_time=3 | PID 2177598 | GPU 4
[2026-07-16T01:46:17] Started local_multichannel | local_multichannel_060_quarterly_low_mag_noise10_lt3 | run_3 | freq=13 | noise=1 | magnitude=50 | lead_time=3 | PID 2177634 | GPU 5
[2026-07-16T01:46:20] Started local_multichannel | local_multichannel_060_quarterly_low_mag_noise10_lt3 | run_4 | freq=13 | noise=1 | magnitude=50 | lead_time=3 | PID 2177893 | GPU 6
[2026-07-16T01:46:24] Started local_multichannel | local_multichannel_060_quarterly_low_mag_noise10_lt3 | run_5 | freq=13 | noise=1 | magnitude=50 | lead_time=3 | PID 2177983 | GPU 7
[2026-07-16T01:46:27] Started local_multichannel | local_multichannel_060_quarterly_low_mag_noise10_lt3 | run_6 | freq=13 | noise=1 | magnitude=50 | lead_time=3 | PID 2178069 | GPU 7
[2026-07-16T01:46:30] Started local_multichannel | local_multichannel_060_quarterly_low_mag_noise10_lt3 | run_7 | freq=13 | noise=1 | magnitude=50 | lead_time=3 | PID 2178142 | GPU 1
[2026-07-16T01:46:33] Started local_multichannel | local_multichannel_060_quarterly_low_mag_noise10_lt3 | run_8 | freq=13 | noise=1 | magnitude=50 | lead_time=3 | PID 2178184 | GPU 0
[2026-07-16T01:46:37] Started local_multichannel | local_multichannel_061_quarterly_low_mag_noise100_lt1 | run_0 | freq=13 | noise=1 | magnitude=50 | lead_time=1 | PID 2178192 | GPU 2
[2026-07-16T01:46:40] Started local_multichannel | local_multichannel_061_quarterly_low_mag_noise100_lt1 | run_1 | freq=13 | noise=1 | magnitude=50 | lead_time=1 | PID 2178200 | GPU 3
[2026-07-16T01:46:43] Started local_multichannel | local_multichannel_061_quarterly_low_mag_noise100_lt1 | run_2 | freq=13 | noise=1 | magnitude=50 | lead_time=1 | PID 2178211 | GPU 6
[2026-07-16T01:46:47] Started local_multichannel | local_multichannel_061_quarterly_low_mag_noise100_lt1 | run_3 | freq=13 | noise=1 | magnitude=50 | lead_time=1 | PID 2178219 | GPU 4
[2026-07-16T01:46:50] Started local_multichannel | local_multichannel_061_quarterly_low_mag_noise100_lt1 | run_4 | freq=13 | noise=1 | magnitude=50 | lead_time=1 | PID 2178227 | GPU 5
[2026-07-16T01:46:53] Started local_multichannel | local_multichannel_061_quarterly_low_mag_noise100_lt1 | run_5 | freq=13 | noise=1 | magnitude=50 | lead_time=1 | PID 2178238 | GPU 5
[2026-07-16T01:46:57] Started local_multichannel | local_multichannel_061_quarterly_low_mag_noise100_lt1 | run_6 | freq=13 | noise=1 | magnitude=50 | lead_time=1 | PID 2178246 | GPU 1
[2026-07-16T01:47:00] Started local_multichannel | local_multichannel_061_quarterly_low_mag_noise100_lt1 | run_7 | freq=13 | noise=1 | magnitude=50 | lead_time=1 | PID 2178254 | GPU 2
[2026-07-16T01:47:03] Started local_multichannel | local_multichannel_061_quarterly_low_mag_noise100_lt1 | run_8 | freq=13 | noise=1 | magnitude=50 | lead_time=1 | PID 2178263 | GPU 0
[2026-07-16T01:47:07] Started local_multichannel | local_multichannel_061_quarterly_low_mag_noise100_lt1 | run_9 | freq=13 | noise=1 | magnitude=50 | lead_time=1 | PID 2178307 | GPU 3
[2026-07-16T01:47:10] Started local_multichannel | local_multichannel_062_quarterly_low_mag_noise100_lt2 | run_0 | freq=13 | noise=1 | magnitude=50 | lead_time=2 | PID 2178455 | GPU 7
[2026-07-16T01:47:13] Started local_multichannel | local_multichannel_062_quarterly_low_mag_noise100_lt2 | run_1 | freq=13 | noise=1 | magnitude=50 | lead_time=2 | PID 2178466 | GPU 6
[2026-07-16T01:47:17] Started local_multichannel | local_multichannel_062_quarterly_low_mag_noise100_lt2 | run_2 | freq=13 | noise=1 | magnitude=50 | lead_time=2 | PID 2178475 | GPU 4
[2026-07-16T01:47:20] Started local_multichannel | local_multichannel_062_quarterly_low_mag_noise100_lt2 | run_3 | freq=13 | noise=1 | magnitude=50 | lead_time=2 | PID 2178555 | GPU 4
[2026-07-16T01:47:34] Started local_multichannel | local_multichannel_075_quarterly_high_mag_noise0_lt3 | run_1 | freq=13 | noise=1 | magnitude=200 | lead_time=3 | PID 2178936 | GPU 6
[2026-07-16T01:47:38] Started local_multichannel | local_multichannel_075_quarterly_high_mag_noise0_lt3 | run_2 | freq=13 | noise=1 | magnitude=200 | lead_time=3 | PID 2179005 | GPU 7
[2026-07-16T01:47:43] Started local_multichannel | local_multichannel_077_quarterly_high_mag_noise10_lt2 | run_0 | freq=13 | noise=1 | magnitude=200 | lead_time=2 | PID 2179154 | GPU 1
[2026-07-16T01:47:47] Started local_multichannel | local_multichannel_078_quarterly_high_mag_noise10_lt3 | run_2 | freq=13 | noise=1 | magnitude=200 | lead_time=3 | PID 2179251 | GPU 0
[2026-07-16T01:47:51] Started local_multichannel | local_multichannel_078_quarterly_high_mag_noise10_lt3 | run_8 | freq=13 | noise=1 | magnitude=200 | lead_time=3 | PID 2179305 | GPU 3
[2026-07-16T01:48:04] Started local_multichannel | local_multichannel_089_half_quarterly_low_mag_noise100_lt2 | run_0 | freq=7 | noise=1 | magnitude=50 | lead_time=2 | PID 2179508 | GPU 5
[2026-07-16T01:48:27] Started local_multichannel | local_multichannel_107_half_quarterly_high_mag_noise100_lt2 | run_7 | freq=7 | noise=1 | magnitude=200 | lead_time=2 | PID 2180221 | GPU 2
[2026-07-16T02:04:37] Finished local_multichannel | local_multichannel_107_half_quarterly_high_mag_noise100_lt2 | run_7 | freq=7 | noise=1 | magnitude=200 | lead_time=2
[2026-07-16T02:04:38] Started local_multichannel | local_multichannel_062_quarterly_low_mag_noise100_lt2 | run_4 | freq=13 | noise=1 | magnitude=50 | lead_time=2 | PID 2215852 | GPU 0
[2026-07-16T02:04:41] Started local_multichannel | local_multichannel_062_quarterly_low_mag_noise100_lt2 | run_5 | freq=13 | noise=1 | magnitude=50 | lead_time=2 | PID 2215869 | GPU 1
[2026-07-16T02:04:45] Started local_multichannel | local_multichannel_062_quarterly_low_mag_noise100_lt2 | run_6 | freq=13 | noise=1 | magnitude=50 | lead_time=2 | PID 2215880 | GPU 2
[2026-07-16T02:04:48] Started local_multichannel | local_multichannel_062_quarterly_low_mag_noise100_lt2 | run_7 | freq=13 | noise=1 | magnitude=50 | lead_time=2 | PID 2215891 | GPU 3
[2026-07-16T02:04:52] Started local_multichannel | local_multichannel_062_quarterly_low_mag_noise100_lt2 | run_9 | freq=13 | noise=1 | magnitude=50 | lead_time=2 | PID 2215903 | GPU 4
[2026-07-16T02:04:55] Started local_multichannel | local_multichannel_063_quarterly_low_mag_noise100_lt3 | run_0 | freq=13 | noise=1 | magnitude=50 | lead_time=3 | PID 2216023 | GPU 5
[2026-07-16T02:04:58] Started local_multichannel | local_multichannel_063_quarterly_low_mag_noise100_lt3 | run_1 | freq=13 | noise=1 | magnitude=50 | lead_time=3 | PID 2216037 | GPU 6
[2026-07-16T02:05:01] Started local_multichannel | local_multichannel_063_quarterly_low_mag_noise100_lt3 | run_2 | freq=13 | noise=1 | magnitude=50 | lead_time=3 | PID 2216051 | GPU 7
[2026-07-16T02:05:05] Started local_multichannel | local_multichannel_063_quarterly_low_mag_noise100_lt3 | run_5 | freq=13 | noise=1 | magnitude=50 | lead_time=3 | PID 2216062 | GPU 7
[2026-07-16T02:05:08] Started local_multichannel | local_multichannel_063_quarterly_low_mag_noise100_lt3 | run_7 | freq=13 | noise=1 | magnitude=50 | lead_time=3 | PID 2216070 | GPU 0
[2026-07-16T02:05:11] Started local_multichannel | local_multichannel_063_quarterly_low_mag_noise100_lt3 | run_8 | freq=13 | noise=1 | magnitude=50 | lead_time=3 | PID 2216080 | GPU 1
[2026-07-16T02:05:15] Started local_multichannel | local_multichannel_063_quarterly_low_mag_noise100_lt3 | run_9 | freq=13 | noise=1 | magnitude=50 | lead_time=3 | PID 2216088 | GPU 4
[2026-07-16T02:05:18] Started local_multichannel | local_multichannel_064_quarterly_medium_mag_noise0_lt1 | run_0 | freq=13 | noise=1 | magnitude=100 | lead_time=1 | PID 2216101 | GPU 2
[2026-07-16T02:05:21] Started local_multichannel | local_multichannel_064_quarterly_medium_mag_noise0_lt1 | run_1 | freq=13 | noise=1 | magnitude=100 | lead_time=1 | PID 2216179 | GPU 5
[2026-07-16T02:05:25] Started local_multichannel | local_multichannel_064_quarterly_medium_mag_noise0_lt1 | run_2 | freq=13 | noise=1 | magnitude=100 | lead_time=1 | PID 2216266 | GPU 6
[2026-07-16T02:05:28] Started local_multichannel | local_multichannel_064_quarterly_medium_mag_noise0_lt1 | run_3 | freq=13 | noise=1 | magnitude=100 | lead_time=1 | PID 2216347 | GPU 3
[2026-07-16T02:05:31] Started local_multichannel | local_multichannel_064_quarterly_medium_mag_noise0_lt1 | run_4 | freq=13 | noise=1 | magnitude=100 | lead_time=1 | PID 2216478 | GPU 2
[2026-07-16T02:05:35] Started local_multichannel | local_multichannel_064_quarterly_medium_mag_noise0_lt1 | run_6 | freq=13 | noise=1 | magnitude=100 | lead_time=1 | PID 2216665 | GPU 3
[2026-07-16T02:05:38] Started local_multichannel | local_multichannel_064_quarterly_medium_mag_noise0_lt1 | run_7 | freq=13 | noise=1 | magnitude=100 | lead_time=1 | PID 2216723 | GPU 4
[2026-07-16T02:05:41] Started local_multichannel | local_multichannel_064_quarterly_medium_mag_noise0_lt1 | run_8 | freq=13 | noise=1 | magnitude=100 | lead_time=1 | PID 2216733 | GPU 6
[2026-07-16T02:05:45] Started local_multichannel | local_multichannel_064_quarterly_medium_mag_noise0_lt1 | run_9 | freq=13 | noise=1 | magnitude=100 | lead_time=1 | PID 2216745 | GPU 0
[2026-07-16T02:05:48] Started local_multichannel | local_multichannel_065_quarterly_medium_mag_noise0_lt2 | run_0 | freq=13 | noise=1 | magnitude=100 | lead_time=2 | PID 2216753 | GPU 7
[2026-07-16T02:05:51] Started local_multichannel | local_multichannel_065_quarterly_medium_mag_noise0_lt2 | run_2 | freq=13 | noise=1 | magnitude=100 | lead_time=2 | PID 2216762 | GPU 5
[2026-07-16T02:05:55] Started local_multichannel | local_multichannel_065_quarterly_medium_mag_noise0_lt2 | run_3 | freq=13 | noise=1 | magnitude=100 | lead_time=2 | PID 2216780 | GPU 1
[2026-07-16T02:05:58] Started local_multichannel | local_multichannel_065_quarterly_medium_mag_noise0_lt2 | run_4 | freq=13 | noise=1 | magnitude=100 | lead_time=2 | PID 2216907 | GPU 2
[2026-07-16T02:06:02] Started local_multichannel | local_multichannel_067_quarterly_medium_mag_noise10_lt1 | run_0 | freq=13 | noise=1 | magnitude=100 | lead_time=1 | PID 2216937 | GPU 5
[2026-07-16T02:06:14] Started local_multichannel | local_multichannel_076_quarterly_high_mag_noise10_lt1 | run_8 | freq=13 | noise=1 | magnitude=200 | lead_time=1 | PID 2217098 | GPU 7
[2026-07-16T02:06:22] Started local_multichannel | local_multichannel_082_half_quarterly_low_mag_noise0_lt1 | run_1 | freq=7 | noise=1 | magnitude=50 | lead_time=1 | PID 2217186 | GPU 1
[2026-07-16T02:06:26] Started local_multichannel | local_multichannel_083_half_quarterly_low_mag_noise0_lt2 | run_0 | freq=7 | noise=1 | magnitude=50 | lead_time=2 | PID 2217242 | GPU 4
[2026-07-16T02:06:41] Started local_multichannel | local_multichannel_094_half_quarterly_medium_mag_noise10_lt1 | run_5 | freq=7 | noise=1 | magnitude=100 | lead_time=1 | PID 2217728 | GPU 3
[2026-07-16T02:06:56] Started local_multichannel | local_multichannel_105_half_quarterly_high_mag_noise10_lt3 | run_3 | freq=7 | noise=1 | magnitude=200 | lead_time=3 | PID 2218212 | GPU 0
[2026-07-16T02:07:21] Started split_multichannel | split_multichannel_018_yearly_medium_mag_noise100_lt3 | run_2 | freq=52 | noise=1 | magnitude=100 | lead_time=3 | PID 2218742 | GPU 6
[2026-07-16T02:23:12] Finished split_multichannel | split_multichannel_018_yearly_medium_mag_noise100_lt3 | run_2 | freq=52 | noise=1 | magnitude=100 | lead_time=3
[2026-07-16T02:23:12] Started local_multichannel | local_multichannel_065_quarterly_medium_mag_noise0_lt2 | run_5 | freq=13 | noise=1 | magnitude=100 | lead_time=2 | PID 2243544 | GPU 0
[2026-07-16T02:23:16] Started local_multichannel | local_multichannel_065_quarterly_medium_mag_noise0_lt2 | run_7 | freq=13 | noise=1 | magnitude=100 | lead_time=2 | PID 2243635 | GPU 1
[2026-07-16T02:23:19] Started local_multichannel | local_multichannel_065_quarterly_medium_mag_noise0_lt2 | run_8 | freq=13 | noise=1 | magnitude=100 | lead_time=2 | PID 2243713 | GPU 2
[2026-07-16T02:23:22] Started local_multichannel | local_multichannel_065_quarterly_medium_mag_noise0_lt2 | run_9 | freq=13 | noise=1 | magnitude=100 | lead_time=2 | PID 2243729 | GPU 3
[2026-07-16T02:23:26] Started local_multichannel | local_multichannel_066_quarterly_medium_mag_noise0_lt3 | run_0 | freq=13 | noise=1 | magnitude=100 | lead_time=3 | PID 2243748 | GPU 4
[2026-07-16T02:23:29] Started local_multichannel | local_multichannel_066_quarterly_medium_mag_noise0_lt3 | run_1 | freq=13 | noise=1 | magnitude=100 | lead_time=3 | PID 2243760 | GPU 5
[2026-07-16T02:23:32] Started local_multichannel | local_multichannel_066_quarterly_medium_mag_noise0_lt3 | run_2 | freq=13 | noise=1 | magnitude=100 | lead_time=3 | PID 2243771 | GPU 6
[2026-07-16T02:23:36] Started local_multichannel | local_multichannel_066_quarterly_medium_mag_noise0_lt3 | run_4 | freq=13 | noise=1 | magnitude=100 | lead_time=3 | PID 2243852 | GPU 7
[2026-07-16T02:23:39] Started local_multichannel | local_multichannel_066_quarterly_medium_mag_noise0_lt3 | run_5 | freq=13 | noise=1 | magnitude=100 | lead_time=3 | PID 2243929 | GPU 7
[2026-07-16T02:23:42] Started local_multichannel | local_multichannel_066_quarterly_medium_mag_noise0_lt3 | run_6 | freq=13 | noise=1 | magnitude=100 | lead_time=3 | PID 2243967 | GPU 0
[2026-07-16T02:23:46] Started local_multichannel | local_multichannel_066_quarterly_medium_mag_noise0_lt3 | run_9 | freq=13 | noise=1 | magnitude=100 | lead_time=3 | PID 2244153 | GPU 1
[2026-07-16T02:23:49] Started local_multichannel | local_multichannel_067_quarterly_medium_mag_noise10_lt1 | run_1 | freq=13 | noise=1 | magnitude=100 | lead_time=1 | PID 2244166 | GPU 3
[2026-07-16T02:23:52] Started local_multichannel | local_multichannel_067_quarterly_medium_mag_noise10_lt1 | run_2 | freq=13 | noise=1 | magnitude=100 | lead_time=1 | PID 2244174 | GPU 2
[2026-07-16T02:23:56] Started local_multichannel | local_multichannel_067_quarterly_medium_mag_noise10_lt1 | run_3 | freq=13 | noise=1 | magnitude=100 | lead_time=1 | PID 2244182 | GPU 4
[2026-07-16T02:23:59] Started local_multichannel | local_multichannel_067_quarterly_medium_mag_noise10_lt1 | run_4 | freq=13 | noise=1 | magnitude=100 | lead_time=1 | PID 2244207 | GPU 5
[2026-07-16T02:24:02] Started local_multichannel | local_multichannel_067_quarterly_medium_mag_noise10_lt1 | run_5 | freq=13 | noise=1 | magnitude=100 | lead_time=1 | PID 2244218 | GPU 6
[2026-07-16T02:24:06] Started local_multichannel | local_multichannel_067_quarterly_medium_mag_noise10_lt1 | run_6 | freq=13 | noise=1 | magnitude=100 | lead_time=1 | PID 2244226 | GPU 6
[2026-07-16T02:24:09] Started local_multichannel | local_multichannel_067_quarterly_medium_mag_noise10_lt1 | run_8 | freq=13 | noise=1 | magnitude=100 | lead_time=1 | PID 2244251 | GPU 4
[2026-07-16T02:24:12] Started local_multichannel | local_multichannel_067_quarterly_medium_mag_noise10_lt1 | run_9 | freq=13 | noise=1 | magnitude=100 | lead_time=1 | PID 2244259 | GPU 0
[2026-07-16T02:24:16] Started local_multichannel | local_multichannel_068_quarterly_medium_mag_noise10_lt2 | run_0 | freq=13 | noise=1 | magnitude=100 | lead_time=2 | PID 2244267 | GPU 1
[2026-07-16T02:24:19] Started local_multichannel | local_multichannel_068_quarterly_medium_mag_noise10_lt2 | run_1 | freq=13 | noise=1 | magnitude=100 | lead_time=2 | PID 2244275 | GPU 2
[2026-07-16T02:24:22] Started local_multichannel | local_multichannel_068_quarterly_medium_mag_noise10_lt2 | run_3 | freq=13 | noise=1 | magnitude=100 | lead_time=2 | PID 2244348 | GPU 5
[2026-07-16T02:24:25] Started local_multichannel | local_multichannel_068_quarterly_medium_mag_noise10_lt2 | run_4 | freq=13 | noise=1 | magnitude=100 | lead_time=2 | PID 2244430 | GPU 3
[2026-07-16T02:24:29] Started local_multichannel | local_multichannel_068_quarterly_medium_mag_noise10_lt2 | run_5 | freq=13 | noise=1 | magnitude=100 | lead_time=2 | PID 2244503 | GPU 7
[2026-07-16T02:24:32] Started local_multichannel | local_multichannel_068_quarterly_medium_mag_noise10_lt2 | run_6 | freq=13 | noise=1 | magnitude=100 | lead_time=2 | PID 2244578 | GPU 7
[2026-07-16T02:24:38] Started local_multichannel | local_multichannel_072_quarterly_medium_mag_noise100_lt3 | run_0 | freq=13 | noise=1 | magnitude=100 | lead_time=3 | PID 2244709 | GPU 5
[2026-07-16T02:24:45] Started local_multichannel | local_multichannel_076_quarterly_high_mag_noise10_lt1 | run_0 | freq=13 | noise=1 | magnitude=200 | lead_time=1 | PID 2245099 | GPU 6
[2026-07-16T02:25:03] Started local_multichannel | local_multichannel_092_half_quarterly_medium_mag_noise0_lt2 | run_4 | freq=7 | noise=1 | magnitude=100 | lead_time=2 | PID 2245407 | GPU 3
[2026-07-16T02:25:07] Started local_multichannel | local_multichannel_093_half_quarterly_medium_mag_noise0_lt3 | run_2 | freq=7 | noise=1 | magnitude=100 | lead_time=3 | PID 2245428 | GPU 2
[2026-07-16T02:25:29] Started split_multichannel | split_multichannel_003_yearly_low_mag_noise0_lt3 | run_4 | freq=52 | noise=1 | magnitude=50 | lead_time=3 | PID 2245781 | GPU 1
[2026-07-16T02:25:45] Started split_multichannel | split_multichannel_014_yearly_medium_mag_noise10_lt2 | run_9 | freq=52 | noise=1 | magnitude=100 | lead_time=2 | PID 2246460 | GPU 4
[2026-07-16T02:26:03] Started split_multichannel | split_multichannel_027_yearly_high_mag_noise100_lt3 | run_7 | freq=52 | noise=1 | magnitude=200 | lead_time=3 | PID 2246950 | GPU 0
[2026-07-16T02:41:42] Finished split_multichannel | split_multichannel_027_yearly_high_mag_noise100_lt3 | run_7 | freq=52 | noise=1 | magnitude=200 | lead_time=3
[2026-07-16T02:41:43] Started local_multichannel | local_multichannel_068_quarterly_medium_mag_noise10_lt2 | run_7 | freq=13 | noise=1 | magnitude=100 | lead_time=2 | PID 2271131 | GPU 0
[2026-07-16T02:41:46] Started local_multichannel | local_multichannel_068_quarterly_medium_mag_noise10_lt2 | run_8 | freq=13 | noise=1 | magnitude=100 | lead_time=2 | PID 2271141 | GPU 1
[2026-07-16T02:41:50] Started local_multichannel | local_multichannel_068_quarterly_medium_mag_noise10_lt2 | run_9 | freq=13 | noise=1 | magnitude=100 | lead_time=2 | PID 2271153 | GPU 2
[2026-07-16T02:41:53] Started local_multichannel | local_multichannel_069_quarterly_medium_mag_noise10_lt3 | run_0 | freq=13 | noise=1 | magnitude=100 | lead_time=3 | PID 2271167 | GPU 3
[2026-07-16T02:41:56] Started local_multichannel | local_multichannel_069_quarterly_medium_mag_noise10_lt3 | run_1 | freq=13 | noise=1 | magnitude=100 | lead_time=3 | PID 2271405 | GPU 4
[2026-07-16T02:42:00] Started local_multichannel | local_multichannel_069_quarterly_medium_mag_noise10_lt3 | run_3 | freq=13 | noise=1 | magnitude=100 | lead_time=3 | PID 2271423 | GPU 5
[2026-07-16T02:42:03] Started local_multichannel | local_multichannel_069_quarterly_medium_mag_noise10_lt3 | run_4 | freq=13 | noise=1 | magnitude=100 | lead_time=3 | PID 2271434 | GPU 6
[2026-07-16T02:42:06] Started local_multichannel | local_multichannel_069_quarterly_medium_mag_noise10_lt3 | run_5 | freq=13 | noise=1 | magnitude=100 | lead_time=3 | PID 2271457 | GPU 7
[2026-07-16T02:42:10] Started local_multichannel | local_multichannel_069_quarterly_medium_mag_noise10_lt3 | run_6 | freq=13 | noise=1 | magnitude=100 | lead_time=3 | PID 2271553 | GPU 7
[2026-07-16T02:42:13] Started local_multichannel | local_multichannel_069_quarterly_medium_mag_noise10_lt3 | run_7 | freq=13 | noise=1 | magnitude=100 | lead_time=3 | PID 2271633 | GPU 0
[2026-07-16T02:42:16] Started local_multichannel | local_multichannel_069_quarterly_medium_mag_noise10_lt3 | run_8 | freq=13 | noise=1 | magnitude=100 | lead_time=3 | PID 2271705 | GPU 5
[2026-07-16T02:42:20] Started local_multichannel | local_multichannel_069_quarterly_medium_mag_noise10_lt3 | run_9 | freq=13 | noise=1 | magnitude=100 | lead_time=3 | PID 2271778 | GPU 1
[2026-07-16T02:42:23] Started local_multichannel | local_multichannel_070_quarterly_medium_mag_noise100_lt1 | run_2 | freq=13 | noise=1 | magnitude=100 | lead_time=1 | PID 2271949 | GPU 4
[2026-07-16T02:42:26] Started local_multichannel | local_multichannel_070_quarterly_medium_mag_noise100_lt1 | run_5 | freq=13 | noise=1 | magnitude=100 | lead_time=1 | PID 2271969 | GPU 2
[2026-07-16T02:42:29] Started local_multichannel | local_multichannel_070_quarterly_medium_mag_noise100_lt1 | run_6 | freq=13 | noise=1 | magnitude=100 | lead_time=1 | PID 2271977 | GPU 6
[2026-07-16T02:42:33] Started local_multichannel | local_multichannel_070_quarterly_medium_mag_noise100_lt1 | run_7 | freq=13 | noise=1 | magnitude=100 | lead_time=1 | PID 2271986 | GPU 3
[2026-07-16T02:42:36] Started local_multichannel | local_multichannel_070_quarterly_medium_mag_noise100_lt1 | run_8 | freq=13 | noise=1 | magnitude=100 | lead_time=1 | PID 2271995 | GPU 3
[2026-07-16T02:42:39] Started local_multichannel | local_multichannel_071_quarterly_medium_mag_noise100_lt2 | run_0 | freq=13 | noise=1 | magnitude=100 | lead_time=2 | PID 2272003 | GPU 2
[2026-07-16T02:42:43] Started local_multichannel | local_multichannel_071_quarterly_medium_mag_noise100_lt2 | run_1 | freq=13 | noise=1 | magnitude=100 | lead_time=2 | PID 2272013 | GPU 0
[2026-07-16T02:42:46] Started local_multichannel | local_multichannel_071_quarterly_medium_mag_noise100_lt2 | run_3 | freq=13 | noise=1 | magnitude=100 | lead_time=2 | PID 2272021 | GPU 7
[2026-07-16T02:42:49] Started local_multichannel | local_multichannel_071_quarterly_medium_mag_noise100_lt2 | run_4 | freq=13 | noise=1 | magnitude=100 | lead_time=2 | PID 2272030 | GPU 1
[2026-07-16T02:42:53] Started local_multichannel | local_multichannel_071_quarterly_medium_mag_noise100_lt2 | run_5 | freq=13 | noise=1 | magnitude=100 | lead_time=2 | PID 2272038 | GPU 6
[2026-07-16T02:42:56] Started local_multichannel | local_multichannel_071_quarterly_medium_mag_noise100_lt2 | run_6 | freq=13 | noise=1 | magnitude=100 | lead_time=2 | PID 2272230 | GPU 5
[2026-07-16T02:42:59] Started local_multichannel | local_multichannel_071_quarterly_medium_mag_noise100_lt2 | run_8 | freq=13 | noise=1 | magnitude=100 | lead_time=2 | PID 2272254 | GPU 4
[2026-07-16T02:43:03] Started local_multichannel | local_multichannel_071_quarterly_medium_mag_noise100_lt2 | run_9 | freq=13 | noise=1 | magnitude=100 | lead_time=2 | PID 2272299 | GPU 4
[2026-07-16T02:43:12] Started local_multichannel | local_multichannel_079_quarterly_high_mag_noise100_lt1 | run_5 | freq=13 | noise=1 | magnitude=200 | lead_time=1 | PID 2272419 | GPU 5
[2026-07-16T02:43:15] Started local_multichannel | local_multichannel_079_quarterly_high_mag_noise100_lt1 | run_6 | freq=13 | noise=1 | magnitude=200 | lead_time=1 | PID 2272426 | GPU 6
[2026-07-16T02:43:22] Started local_multichannel | local_multichannel_083_half_quarterly_low_mag_noise0_lt2 | run_4 | freq=7 | noise=1 | magnitude=50 | lead_time=2 | PID 2272491 | GPU 7
[2026-07-16T02:43:25] Started local_multichannel | local_multichannel_083_half_quarterly_low_mag_noise0_lt2 | run_7 | freq=7 | noise=1 | magnitude=50 | lead_time=2 | PID 2272653 | GPU 0
[2026-07-16T02:43:34] Started local_multichannel | local_multichannel_089_half_quarterly_low_mag_noise100_lt2 | run_6 | freq=7 | noise=1 | magnitude=50 | lead_time=2 | PID 2272944 | GPU 1
[2026-07-16T02:43:46] Started local_multichannel | local_multichannel_097_half_quarterly_medium_mag_noise100_lt1 | run_9 | freq=7 | noise=1 | magnitude=100 | lead_time=1 | PID 2273217 | GPU 2
[2026-07-16T02:44:10] Started split_multichannel | split_multichannel_009_yearly_low_mag_noise100_lt3 | run_2 | freq=52 | noise=1 | magnitude=50 | lead_time=3 | PID 2273839 | GPU 3
[2026-07-16T03:00:15] Finished split_multichannel | split_multichannel_009_yearly_low_mag_noise100_lt3 | run_2 | freq=52 | noise=1 | magnitude=50 | lead_time=3
[2026-07-16T03:00:16] Started local_multichannel | local_multichannel_072_quarterly_medium_mag_noise100_lt3 | run_2 | freq=13 | noise=1 | magnitude=100 | lead_time=3 | PID 2309324 | GPU 0
[2026-07-16T03:00:19] Started local_multichannel | local_multichannel_072_quarterly_medium_mag_noise100_lt3 | run_6 | freq=13 | noise=1 | magnitude=100 | lead_time=3 | PID 2309334 | GPU 1
[2026-07-16T03:00:23] Started local_multichannel | local_multichannel_072_quarterly_medium_mag_noise100_lt3 | run_7 | freq=13 | noise=1 | magnitude=100 | lead_time=3 | PID 2309350 | GPU 2
[2026-07-16T03:00:26] Started local_multichannel | local_multichannel_072_quarterly_medium_mag_noise100_lt3 | run_8 | freq=13 | noise=1 | magnitude=100 | lead_time=3 | PID 2309361 | GPU 3
[2026-07-16T03:00:29] Started local_multichannel | local_multichannel_072_quarterly_medium_mag_noise100_lt3 | run_9 | freq=13 | noise=1 | magnitude=100 | lead_time=3 | PID 2309380 | GPU 4
[2026-07-16T03:00:33] Started local_multichannel | local_multichannel_073_quarterly_high_mag_noise0_lt1 | run_1 | freq=13 | noise=1 | magnitude=200 | lead_time=1 | PID 2309391 | GPU 5
[2026-07-16T03:00:36] Started local_multichannel | local_multichannel_073_quarterly_high_mag_noise0_lt1 | run_2 | freq=13 | noise=1 | magnitude=200 | lead_time=1 | PID 2309402 | GPU 6
[2026-07-16T03:00:39] Started local_multichannel | local_multichannel_073_quarterly_high_mag_noise0_lt1 | run_4 | freq=13 | noise=1 | magnitude=200 | lead_time=1 | PID 2309413 | GPU 7
[2026-07-16T03:00:43] Started local_multichannel | local_multichannel_073_quarterly_high_mag_noise0_lt1 | run_5 | freq=13 | noise=1 | magnitude=200 | lead_time=1 | PID 2309426 | GPU 7
[2026-07-16T03:00:46] Started local_multichannel | local_multichannel_073_quarterly_high_mag_noise0_lt1 | run_6 | freq=13 | noise=1 | magnitude=200 | lead_time=1 | PID 2309434 | GPU 0
[2026-07-16T03:00:49] Started local_multichannel | local_multichannel_073_quarterly_high_mag_noise0_lt1 | run_7 | freq=13 | noise=1 | magnitude=200 | lead_time=1 | PID 2309442 | GPU 4
[2026-07-16T03:00:53] Started local_multichannel | local_multichannel_073_quarterly_high_mag_noise0_lt1 | run_8 | freq=13 | noise=1 | magnitude=200 | lead_time=1 | PID 2309450 | GPU 1
[2026-07-16T03:00:56] Started local_multichannel | local_multichannel_073_quarterly_high_mag_noise0_lt1 | run_9 | freq=13 | noise=1 | magnitude=200 | lead_time=1 | PID 2309458 | GPU 2
[2026-07-16T03:00:59] Started local_multichannel | local_multichannel_074_quarterly_high_mag_noise0_lt2 | run_0 | freq=13 | noise=1 | magnitude=200 | lead_time=2 | PID 2309466 | GPU 3
[2026-07-16T03:01:03] Started local_multichannel | local_multichannel_074_quarterly_high_mag_noise0_lt2 | run_1 | freq=13 | noise=1 | magnitude=200 | lead_time=2 | PID 2309474 | GPU 6
[2026-07-16T03:01:06] Started local_multichannel | local_multichannel_074_quarterly_high_mag_noise0_lt2 | run_5 | freq=13 | noise=1 | magnitude=200 | lead_time=2 | PID 2309524 | GPU 5
[2026-07-16T03:01:09] Started local_multichannel | local_multichannel_074_quarterly_high_mag_noise0_lt2 | run_6 | freq=13 | noise=1 | magnitude=200 | lead_time=2 | PID 2309854 | GPU 5
[2026-07-16T03:01:12] Started local_multichannel | local_multichannel_074_quarterly_high_mag_noise0_lt2 | run_7 | freq=13 | noise=1 | magnitude=200 | lead_time=2 | PID 2309952 | GPU 2
[2026-07-16T03:01:16] Started local_multichannel | local_multichannel_074_quarterly_high_mag_noise0_lt2 | run_8 | freq=13 | noise=1 | magnitude=200 | lead_time=2 | PID 2310015 | GPU 6
[2026-07-16T03:01:19] Started local_multichannel | local_multichannel_074_quarterly_high_mag_noise0_lt2 | run_9 | freq=13 | noise=1 | magnitude=200 | lead_time=2 | PID 2310086 | GPU 1
[2026-07-16T03:01:22] Started local_multichannel | local_multichannel_075_quarterly_high_mag_noise0_lt3 | run_0 | freq=13 | noise=1 | magnitude=200 | lead_time=3 | PID 2310178 | GPU 0
[2026-07-16T03:01:26] Started local_multichannel | local_multichannel_075_quarterly_high_mag_noise0_lt3 | run_3 | freq=13 | noise=1 | magnitude=200 | lead_time=3 | PID 2310214 | GPU 3
[2026-07-16T03:01:29] Started local_multichannel | local_multichannel_075_quarterly_high_mag_noise0_lt3 | run_4 | freq=13 | noise=1 | magnitude=200 | lead_time=3 | PID 2310230 | GPU 4
[2026-07-16T03:01:32] Started local_multichannel | local_multichannel_075_quarterly_high_mag_noise0_lt3 | run_5 | freq=13 | noise=1 | magnitude=200 | lead_time=3 | PID 2310238 | GPU 7
[2026-07-16T03:01:36] Started local_multichannel | local_multichannel_075_quarterly_high_mag_noise0_lt3 | run_6 | freq=13 | noise=1 | magnitude=200 | lead_time=3 | PID 2310246 | GPU 7
[2026-07-16T03:01:41] Started local_multichannel | local_multichannel_077_quarterly_high_mag_noise10_lt2 | run_9 | freq=13 | noise=1 | magnitude=200 | lead_time=2 | PID 2310287 | GPU 4
[2026-07-16T03:02:05] Started local_multichannel | local_multichannel_100_half_quarterly_high_mag_noise0_lt1 | run_2 | freq=7 | noise=1 | magnitude=200 | lead_time=1 | PID 2310671 | GPU 1
[2026-07-16T03:02:13] Started local_multichannel | local_multichannel_104_half_quarterly_high_mag_noise10_lt2 | run_6 | freq=7 | noise=1 | magnitude=200 | lead_time=2 | PID 2311066 | GPU 3
[2026-07-16T03:02:18] Started local_multichannel | local_multichannel_106_half_quarterly_high_mag_noise100_lt1 | run_2 | freq=7 | noise=1 | magnitude=200 | lead_time=1 | PID 2311101 | GPU 5
[2026-07-16T03:02:31] Started split_multichannel | split_multichannel_008_yearly_low_mag_noise100_lt2 | run_1 | freq=52 | noise=1 | magnitude=50 | lead_time=2 | PID 2311492 | GPU 6
[2026-07-16T03:03:16] Started split_multichannel | split_multichannel_046_half_yearly_high_mag_noise0_lt1 | run_3 | freq=26 | noise=1 | magnitude=200 | lead_time=1 | PID 2312736 | GPU 2
[2026-07-16T03:03:41] Started split_multichannel | split_multichannel_065_quarterly_medium_mag_noise0_lt2 | run_4 | freq=13 | noise=1 | magnitude=100 | lead_time=2 | PID 2313192 | GPU 0
[2026-07-16T03:18:32] Finished split_multichannel | split_multichannel_065_quarterly_medium_mag_noise0_lt2 | run_4 | freq=13 | noise=1 | magnitude=100 | lead_time=2
[2026-07-16T03:18:33] Started local_multichannel | local_multichannel_075_quarterly_high_mag_noise0_lt3 | run_7 | freq=13 | noise=1 | magnitude=200 | lead_time=3 | PID 2336402 | GPU 0
[2026-07-16T03:18:36] Started local_multichannel | local_multichannel_075_quarterly_high_mag_noise0_lt3 | run_8 | freq=13 | noise=1 | magnitude=200 | lead_time=3 | PID 2336412 | GPU 1
[2026-07-16T03:18:40] Started local_multichannel | local_multichannel_075_quarterly_high_mag_noise0_lt3 | run_9 | freq=13 | noise=1 | magnitude=200 | lead_time=3 | PID 2336423 | GPU 2
[2026-07-16T03:18:43] Started local_multichannel | local_multichannel_076_quarterly_high_mag_noise10_lt1 | run_1 | freq=13 | noise=1 | magnitude=200 | lead_time=1 | PID 2336436 | GPU 3
[2026-07-16T03:18:46] Started local_multichannel | local_multichannel_076_quarterly_high_mag_noise10_lt1 | run_2 | freq=13 | noise=1 | magnitude=200 | lead_time=1 | PID 2336511 | GPU 4
[2026-07-16T03:18:50] Started local_multichannel | local_multichannel_076_quarterly_high_mag_noise10_lt1 | run_3 | freq=13 | noise=1 | magnitude=200 | lead_time=1 | PID 2336603 | GPU 5
[2026-07-16T03:18:53] Started local_multichannel | local_multichannel_076_quarterly_high_mag_noise10_lt1 | run_4 | freq=13 | noise=1 | magnitude=200 | lead_time=1 | PID 2336689 | GPU 6
[2026-07-16T03:18:56] Started local_multichannel | local_multichannel_076_quarterly_high_mag_noise10_lt1 | run_5 | freq=13 | noise=1 | magnitude=200 | lead_time=1 | PID 2336773 | GPU 7
[2026-07-16T03:19:00] Started local_multichannel | local_multichannel_076_quarterly_high_mag_noise10_lt1 | run_6 | freq=13 | noise=1 | magnitude=200 | lead_time=1 | PID 2336851 | GPU 7
[2026-07-16T03:19:03] Started local_multichannel | local_multichannel_076_quarterly_high_mag_noise10_lt1 | run_7 | freq=13 | noise=1 | magnitude=200 | lead_time=1 | PID 2336926 | GPU 0
[2026-07-16T03:19:06] Started local_multichannel | local_multichannel_077_quarterly_high_mag_noise10_lt2 | run_1 | freq=13 | noise=1 | magnitude=200 | lead_time=2 | PID 2336946 | GPU 3
[2026-07-16T03:19:10] Started local_multichannel | local_multichannel_077_quarterly_high_mag_noise10_lt2 | run_2 | freq=13 | noise=1 | magnitude=200 | lead_time=2 | PID 2336972 | GPU 1
[2026-07-16T03:19:13] Started local_multichannel | local_multichannel_077_quarterly_high_mag_noise10_lt2 | run_5 | freq=13 | noise=1 | magnitude=200 | lead_time=2 | PID 2336984 | GPU 4
[2026-07-16T03:19:16] Started local_multichannel | local_multichannel_077_quarterly_high_mag_noise10_lt2 | run_6 | freq=13 | noise=1 | magnitude=200 | lead_time=2 | PID 2336995 | GPU 2
[2026-07-16T03:19:19] Started local_multichannel | local_multichannel_077_quarterly_high_mag_noise10_lt2 | run_8 | freq=13 | noise=1 | magnitude=200 | lead_time=2 | PID 2337181 | GPU 6
[2026-07-16T03:19:23] Started local_multichannel | local_multichannel_078_quarterly_high_mag_noise10_lt3 | run_0 | freq=13 | noise=1 | magnitude=200 | lead_time=3 | PID 2337194 | GPU 5
[2026-07-16T03:19:26] Started local_multichannel | local_multichannel_078_quarterly_high_mag_noise10_lt3 | run_1 | freq=13 | noise=1 | magnitude=200 | lead_time=3 | PID 2337202 | GPU 5
[2026-07-16T03:19:29] Started local_multichannel | local_multichannel_078_quarterly_high_mag_noise10_lt3 | run_3 | freq=13 | noise=1 | magnitude=200 | lead_time=3 | PID 2337220 | GPU 0
[2026-07-16T03:19:33] Started local_multichannel | local_multichannel_078_quarterly_high_mag_noise10_lt3 | run_4 | freq=13 | noise=1 | magnitude=200 | lead_time=3 | PID 2337272 | GPU 4
[2026-07-16T03:19:36] Started local_multichannel | local_multichannel_078_quarterly_high_mag_noise10_lt3 | run_5 | freq=13 | noise=1 | magnitude=200 | lead_time=3 | PID 2337289 | GPU 3
[2026-07-16T03:19:39] Started local_multichannel | local_multichannel_078_quarterly_high_mag_noise10_lt3 | run_6 | freq=13 | noise=1 | magnitude=200 | lead_time=3 | PID 2337297 | GPU 1
[2026-07-16T03:19:43] Started local_multichannel | local_multichannel_078_quarterly_high_mag_noise10_lt3 | run_7 | freq=13 | noise=1 | magnitude=200 | lead_time=3 | PID 2337307 | GPU 7
[2026-07-16T03:19:46] Started local_multichannel | local_multichannel_078_quarterly_high_mag_noise10_lt3 | run_9 | freq=13 | noise=1 | magnitude=200 | lead_time=3 | PID 2337315 | GPU 2
[2026-07-16T03:19:49] Started local_multichannel | local_multichannel_079_quarterly_high_mag_noise100_lt1 | run_0 | freq=13 | noise=1 | magnitude=200 | lead_time=1 | PID 2337408 | GPU 6
[2026-07-16T03:19:53] Started local_multichannel | local_multichannel_079_quarterly_high_mag_noise100_lt1 | run_1 | freq=13 | noise=1 | magnitude=200 | lead_time=1 | PID 2337440 | GPU 6
[2026-07-16T03:19:58] Started local_multichannel | local_multichannel_081_quarterly_high_mag_noise100_lt3 | run_7 | freq=13 | noise=1 | magnitude=200 | lead_time=3 | PID 2337484 | GPU 4
[2026-07-16T03:20:10] Started local_multichannel | local_multichannel_091_half_quarterly_medium_mag_noise0_lt1 | run_3 | freq=7 | noise=1 | magnitude=100 | lead_time=1 | PID 2337791 | GPU 7
[2026-07-16T03:20:16] Started local_multichannel | local_multichannel_094_half_quarterly_medium_mag_noise10_lt1 | run_7 | freq=7 | noise=1 | magnitude=100 | lead_time=1 | PID 2337999 | GPU 0
[2026-07-16T03:20:23] Started local_multichannel | local_multichannel_097_half_quarterly_medium_mag_noise100_lt1 | run_8 | freq=7 | noise=1 | magnitude=100 | lead_time=1 | PID 2338320 | GPU 1
[2026-07-16T03:20:40] Started split_multichannel | split_multichannel_003_yearly_low_mag_noise0_lt3 | run_7 | freq=52 | noise=1 | magnitude=50 | lead_time=3 | PID 2338635 | GPU 5
[2026-07-16T03:20:50] Started split_multichannel | split_multichannel_010_yearly_medium_mag_noise0_lt1 | run_7 | freq=52 | noise=1 | magnitude=100 | lead_time=1 | PID 2338775 | GPU 3
[2026-07-16T03:20:55] Started split_multichannel | split_multichannel_011_yearly_medium_mag_noise0_lt2 | run_7 | freq=52 | noise=1 | magnitude=100 | lead_time=2 | PID 2338909 | GPU 2
[2026-07-16T03:36:59] Finished split_multichannel | split_multichannel_011_yearly_medium_mag_noise0_lt2 | run_7 | freq=52 | noise=1 | magnitude=100 | lead_time=2
[2026-07-16T03:37:00] Started local_multichannel | local_multichannel_079_quarterly_high_mag_noise100_lt1 | run_2 | freq=13 | noise=1 | magnitude=200 | lead_time=1 | PID 2363872 | GPU 0
[2026-07-16T03:37:03] Started local_multichannel | local_multichannel_079_quarterly_high_mag_noise100_lt1 | run_3 | freq=13 | noise=1 | magnitude=200 | lead_time=1 | PID 2363882 | GPU 1
[2026-07-16T03:37:06] Started local_multichannel | local_multichannel_079_quarterly_high_mag_noise100_lt1 | run_4 | freq=13 | noise=1 | magnitude=200 | lead_time=1 | PID 2363893 | GPU 2
[2026-07-16T03:37:10] Started local_multichannel | local_multichannel_079_quarterly_high_mag_noise100_lt1 | run_7 | freq=13 | noise=1 | magnitude=200 | lead_time=1 | PID 2363919 | GPU 3
[2026-07-16T03:37:13] Started local_multichannel | local_multichannel_079_quarterly_high_mag_noise100_lt1 | run_8 | freq=13 | noise=1 | magnitude=200 | lead_time=1 | PID 2363930 | GPU 4
[2026-07-16T03:37:16] Started local_multichannel | local_multichannel_080_quarterly_high_mag_noise100_lt2 | run_0 | freq=13 | noise=1 | magnitude=200 | lead_time=2 | PID 2363941 | GPU 5
[2026-07-16T03:37:20] Started local_multichannel | local_multichannel_080_quarterly_high_mag_noise100_lt2 | run_1 | freq=13 | noise=1 | magnitude=200 | lead_time=2 | PID 2363957 | GPU 6
[2026-07-16T03:37:23] Started local_multichannel | local_multichannel_080_quarterly_high_mag_noise100_lt2 | run_3 | freq=13 | noise=1 | magnitude=200 | lead_time=2 | PID 2363975 | GPU 7
[2026-07-16T03:37:26] Started local_multichannel | local_multichannel_080_quarterly_high_mag_noise100_lt2 | run_4 | freq=13 | noise=1 | magnitude=200 | lead_time=2 | PID 2363986 | GPU 7
[2026-07-16T03:37:30] Started local_multichannel | local_multichannel_080_quarterly_high_mag_noise100_lt2 | run_5 | freq=13 | noise=1 | magnitude=200 | lead_time=2 | PID 2364103 | GPU 5
[2026-07-16T03:37:33] Started local_multichannel | local_multichannel_080_quarterly_high_mag_noise100_lt2 | run_7 | freq=13 | noise=1 | magnitude=200 | lead_time=2 | PID 2364281 | GPU 0
[2026-07-16T03:37:36] Started local_multichannel | local_multichannel_081_quarterly_high_mag_noise100_lt3 | run_0 | freq=13 | noise=1 | magnitude=200 | lead_time=3 | PID 2364306 | GPU 6
[2026-07-16T03:37:39] Started local_multichannel | local_multichannel_081_quarterly_high_mag_noise100_lt3 | run_1 | freq=13 | noise=1 | magnitude=200 | lead_time=3 | PID 2364314 | GPU 1
[2026-07-16T03:37:43] Started local_multichannel | local_multichannel_081_quarterly_high_mag_noise100_lt3 | run_2 | freq=13 | noise=1 | magnitude=200 | lead_time=3 | PID 2364324 | GPU 4
[2026-07-16T03:37:46] Started local_multichannel | local_multichannel_081_quarterly_high_mag_noise100_lt3 | run_4 | freq=13 | noise=1 | magnitude=200 | lead_time=3 | PID 2364332 | GPU 3
[2026-07-16T03:37:49] Started local_multichannel | local_multichannel_081_quarterly_high_mag_noise100_lt3 | run_5 | freq=13 | noise=1 | magnitude=200 | lead_time=3 | PID 2364344 | GPU 2
[2026-07-16T03:37:53] Started local_multichannel | local_multichannel_081_quarterly_high_mag_noise100_lt3 | run_6 | freq=13 | noise=1 | magnitude=200 | lead_time=3 | PID 2364416 | GPU 2
[2026-07-16T03:37:56] Started local_multichannel | local_multichannel_081_quarterly_high_mag_noise100_lt3 | run_9 | freq=13 | noise=1 | magnitude=200 | lead_time=3 | PID 2364505 | GPU 4
[2026-07-16T03:37:59] Started local_multichannel | local_multichannel_082_half_quarterly_low_mag_noise0_lt1 | run_0 | freq=7 | noise=1 | magnitude=50 | lead_time=1 | PID 2364580 | GPU 0
[2026-07-16T03:38:03] Started local_multichannel | local_multichannel_082_half_quarterly_low_mag_noise0_lt1 | run_2 | freq=7 | noise=1 | magnitude=50 | lead_time=1 | PID 2364656 | GPU 5
[2026-07-16T03:38:06] Started local_multichannel | local_multichannel_082_half_quarterly_low_mag_noise0_lt1 | run_3 | freq=7 | noise=1 | magnitude=50 | lead_time=1 | PID 2364734 | GPU 7
[2026-07-16T03:38:10] Started local_multichannel | local_multichannel_082_half_quarterly_low_mag_noise0_lt1 | run_4 | freq=7 | noise=1 | magnitude=50 | lead_time=1 | PID 2364773 | GPU 6
[2026-07-16T03:38:13] Started local_multichannel | local_multichannel_082_half_quarterly_low_mag_noise0_lt1 | run_5 | freq=7 | noise=1 | magnitude=50 | lead_time=1 | PID 2364781 | GPU 3
[2026-07-16T03:38:16] Started local_multichannel | local_multichannel_082_half_quarterly_low_mag_noise0_lt1 | run_6 | freq=7 | noise=1 | magnitude=50 | lead_time=1 | PID 2364789 | GPU 1
[2026-07-16T03:38:20] Started local_multichannel | local_multichannel_082_half_quarterly_low_mag_noise0_lt1 | run_7 | freq=7 | noise=1 | magnitude=50 | lead_time=1 | PID 2364801 | GPU 7
[2026-07-16T03:38:28] Started local_multichannel | local_multichannel_088_half_quarterly_low_mag_noise100_lt1 | run_9 | freq=7 | noise=1 | magnitude=50 | lead_time=1 | PID 2364928 | GPU 5
[2026-07-16T03:38:51] Started local_multichannel | local_multichannel_108_half_quarterly_high_mag_noise100_lt3 | run_0 | freq=7 | noise=1 | magnitude=200 | lead_time=3 | PID 2365554 | GPU 6
[2026-07-16T03:38:55] Started split_multichannel | split_multichannel_001_yearly_low_mag_noise0_lt1 | run_4 | freq=52 | noise=1 | magnitude=50 | lead_time=1 | PID 2365603 | GPU 4
[2026-07-16T03:38:59] Started split_multichannel | split_multichannel_002_yearly_low_mag_noise0_lt2 | run_4 | freq=52 | noise=1 | magnitude=50 | lead_time=2 | PID 2365664 | GPU 3
[2026-07-16T03:39:04] Started split_multichannel | split_multichannel_003_yearly_low_mag_noise0_lt3 | run_9 | freq=52 | noise=1 | magnitude=50 | lead_time=3 | PID 2365692 | GPU 2
[2026-07-16T03:39:07] Started split_multichannel | split_multichannel_004_yearly_low_mag_noise10_lt1 | run_0 | freq=52 | noise=1 | magnitude=50 | lead_time=1 | PID 2365700 | GPU 1
[2026-07-16T03:39:13] Started split_multichannel | split_multichannel_006_yearly_low_mag_noise10_lt3 | run_6 | freq=52 | noise=1 | magnitude=50 | lead_time=3 | PID 2365888 | GPU 0
[2026-07-16T03:55:14] Finished split_multichannel | split_multichannel_006_yearly_low_mag_noise10_lt3 | run_6 | freq=52 | noise=1 | magnitude=50 | lead_time=3
[2026-07-16T03:55:15] Started local_multichannel | local_multichannel_082_half_quarterly_low_mag_noise0_lt1 | run_8 | freq=7 | noise=1 | magnitude=50 | lead_time=1 | PID 2400792 | GPU 0
[2026-07-16T03:55:18] Started local_multichannel | local_multichannel_082_half_quarterly_low_mag_noise0_lt1 | run_9 | freq=7 | noise=1 | magnitude=50 | lead_time=1 | PID 2400803 | GPU 1
[2026-07-16T03:55:22] Started local_multichannel | local_multichannel_083_half_quarterly_low_mag_noise0_lt2 | run_1 | freq=7 | noise=1 | magnitude=50 | lead_time=2 | PID 2400814 | GPU 2
[2026-07-16T03:55:25] Started local_multichannel | local_multichannel_083_half_quarterly_low_mag_noise0_lt2 | run_2 | freq=7 | noise=1 | magnitude=50 | lead_time=2 | PID 2400836 | GPU 3
[2026-07-16T03:55:28] Started local_multichannel | local_multichannel_083_half_quarterly_low_mag_noise0_lt2 | run_3 | freq=7 | noise=1 | magnitude=50 | lead_time=2 | PID 2400855 | GPU 4
[2026-07-16T03:55:32] Started local_multichannel | local_multichannel_083_half_quarterly_low_mag_noise0_lt2 | run_6 | freq=7 | noise=1 | magnitude=50 | lead_time=2 | PID 2400866 | GPU 5
[2026-07-16T03:55:35] Started local_multichannel | local_multichannel_083_half_quarterly_low_mag_noise0_lt2 | run_8 | freq=7 | noise=1 | magnitude=50 | lead_time=2 | PID 2400878 | GPU 6
[2026-07-16T03:55:38] Started local_multichannel | local_multichannel_083_half_quarterly_low_mag_noise0_lt2 | run_9 | freq=7 | noise=1 | magnitude=50 | lead_time=2 | PID 2400916 | GPU 7
[2026-07-16T03:55:42] Started local_multichannel | local_multichannel_084_half_quarterly_low_mag_noise0_lt3 | run_0 | freq=7 | noise=1 | magnitude=50 | lead_time=3 | PID 2401173 | GPU 7
[2026-07-16T03:55:45] Started local_multichannel | local_multichannel_084_half_quarterly_low_mag_noise0_lt3 | run_1 | freq=7 | noise=1 | magnitude=50 | lead_time=3 | PID 2401258 | GPU 0
[2026-07-16T03:55:48] Started local_multichannel | local_multichannel_084_half_quarterly_low_mag_noise0_lt3 | run_2 | freq=7 | noise=1 | magnitude=50 | lead_time=3 | PID 2401337 | GPU 1
[2026-07-16T03:55:51] Started local_multichannel | local_multichannel_084_half_quarterly_low_mag_noise0_lt3 | run_3 | freq=7 | noise=1 | magnitude=50 | lead_time=3 | PID 2401412 | GPU 4
[2026-07-16T03:55:55] Started local_multichannel | local_multichannel_084_half_quarterly_low_mag_noise0_lt3 | run_4 | freq=7 | noise=1 | magnitude=50 | lead_time=3 | PID 2401444 | GPU 2
[2026-07-16T03:55:58] Started local_multichannel | local_multichannel_084_half_quarterly_low_mag_noise0_lt3 | run_5 | freq=7 | noise=1 | magnitude=50 | lead_time=3 | PID 2401452 | GPU 5
[2026-07-16T03:56:01] Started local_multichannel | local_multichannel_084_half_quarterly_low_mag_noise0_lt3 | run_6 | freq=7 | noise=1 | magnitude=50 | lead_time=3 | PID 2401460 | GPU 6
[2026-07-16T03:56:05] Started local_multichannel | local_multichannel_084_half_quarterly_low_mag_noise0_lt3 | run_7 | freq=7 | noise=1 | magnitude=50 | lead_time=3 | PID 2401479 | GPU 3
[2026-07-16T03:56:08] Started local_multichannel | local_multichannel_085_half_quarterly_low_mag_noise10_lt1 | run_0 | freq=7 | noise=1 | magnitude=50 | lead_time=1 | PID 2401532 | GPU 3
[2026-07-16T03:56:11] Started local_multichannel | local_multichannel_085_half_quarterly_low_mag_noise10_lt1 | run_1 | freq=7 | noise=1 | magnitude=50 | lead_time=1 | PID 2401540 | GPU 0
[2026-07-16T03:56:15] Started local_multichannel | local_multichannel_085_half_quarterly_low_mag_noise10_lt1 | run_4 | freq=7 | noise=1 | magnitude=50 | lead_time=1 | PID 2401651 | GPU 2
[2026-07-16T03:56:18] Started local_multichannel | local_multichannel_085_half_quarterly_low_mag_noise10_lt1 | run_5 | freq=7 | noise=1 | magnitude=50 | lead_time=1 | PID 2401665 | GPU 4
[2026-07-16T03:56:21] Started local_multichannel | local_multichannel_085_half_quarterly_low_mag_noise10_lt1 | run_6 | freq=7 | noise=1 | magnitude=50 | lead_time=1 | PID 2401673 | GPU 6
[2026-07-16T03:56:25] Started local_multichannel | local_multichannel_085_half_quarterly_low_mag_noise10_lt1 | run_7 | freq=7 | noise=1 | magnitude=50 | lead_time=1 | PID 2401690 | GPU 5
[2026-07-16T03:56:28] Started local_multichannel | local_multichannel_085_half_quarterly_low_mag_noise10_lt1 | run_8 | freq=7 | noise=1 | magnitude=50 | lead_time=1 | PID 2401708 | GPU 7
[2026-07-16T03:56:31] Started local_multichannel | local_multichannel_085_half_quarterly_low_mag_noise10_lt1 | run_9 | freq=7 | noise=1 | magnitude=50 | lead_time=1 | PID 2401716 | GPU 1
[2026-07-16T03:56:35] Started local_multichannel | local_multichannel_086_half_quarterly_low_mag_noise10_lt2 | run_0 | freq=7 | noise=1 | magnitude=50 | lead_time=2 | PID 2401724 | GPU 1
[2026-07-16T03:56:40] Started local_multichannel | local_multichannel_087_half_quarterly_low_mag_noise10_lt3 | run_7 | freq=7 | noise=1 | magnitude=50 | lead_time=3 | PID 2401765 | GPU 4
[2026-07-16T03:56:44] Started local_multichannel | local_multichannel_088_half_quarterly_low_mag_noise100_lt1 | run_1 | freq=7 | noise=1 | magnitude=50 | lead_time=1 | PID 2401959 | GPU 5
[2026-07-16T03:56:47] Started local_multichannel | local_multichannel_088_half_quarterly_low_mag_noise100_lt1 | run_4 | freq=7 | noise=1 | magnitude=50 | lead_time=1 | PID 2401982 | GPU 6
[2026-07-16T03:56:54] Started local_multichannel | local_multichannel_092_half_quarterly_medium_mag_noise0_lt2 | run_6 | freq=7 | noise=1 | magnitude=100 | lead_time=2 | PID 2402079 | GPU 7
[2026-07-16T03:57:28] Started split_multichannel | split_multichannel_015_yearly_medium_mag_noise10_lt3 | run_4 | freq=52 | noise=1 | magnitude=100 | lead_time=3 | PID 2403128 | GPU 2
[2026-07-16T03:58:46] Started split_multichannel | split_multichannel_083_half_quarterly_low_mag_noise0_lt2 | run_2 | freq=7 | noise=1 | magnitude=50 | lead_time=2 | PID 2405348 | GPU 0
[2026-07-16T03:58:52] Started split_multichannel | split_multichannel_085_half_quarterly_low_mag_noise10_lt1 | run_7 | freq=7 | noise=1 | magnitude=50 | lead_time=1 | PID 2405404 | GPU 3
[2026-07-16T04:13:28] Finished split_multichannel | split_multichannel_085_half_quarterly_low_mag_noise10_lt1 | run_7 | freq=7 | noise=1 | magnitude=50 | lead_time=1
[2026-07-16T04:13:28] Started local_multichannel | local_multichannel_086_half_quarterly_low_mag_noise10_lt2 | run_1 | freq=7 | noise=1 | magnitude=50 | lead_time=2 | PID 2428215 | GPU 0
[2026-07-16T04:13:32] Started local_multichannel | local_multichannel_086_half_quarterly_low_mag_noise10_lt2 | run_2 | freq=7 | noise=1 | magnitude=50 | lead_time=2 | PID 2428295 | GPU 1
[2026-07-16T04:13:35] Started local_multichannel | local_multichannel_086_half_quarterly_low_mag_noise10_lt2 | run_3 | freq=7 | noise=1 | magnitude=50 | lead_time=2 | PID 2428378 | GPU 2
[2026-07-16T04:13:39] Started local_multichannel | local_multichannel_086_half_quarterly_low_mag_noise10_lt2 | run_4 | freq=7 | noise=1 | magnitude=50 | lead_time=2 | PID 2428467 | GPU 3
[2026-07-16T04:13:42] Started local_multichannel | local_multichannel_086_half_quarterly_low_mag_noise10_lt2 | run_5 | freq=7 | noise=1 | magnitude=50 | lead_time=2 | PID 2428552 | GPU 4
[2026-07-16T04:13:45] Started local_multichannel | local_multichannel_086_half_quarterly_low_mag_noise10_lt2 | run_6 | freq=7 | noise=1 | magnitude=50 | lead_time=2 | PID 2428580 | GPU 5
[2026-07-16T04:13:49] Started local_multichannel | local_multichannel_086_half_quarterly_low_mag_noise10_lt2 | run_7 | freq=7 | noise=1 | magnitude=50 | lead_time=2 | PID 2428591 | GPU 6
[2026-07-16T04:13:52] Started local_multichannel | local_multichannel_086_half_quarterly_low_mag_noise10_lt2 | run_8 | freq=7 | noise=1 | magnitude=50 | lead_time=2 | PID 2428602 | GPU 7
[2026-07-16T04:13:55] Started local_multichannel | local_multichannel_086_half_quarterly_low_mag_noise10_lt2 | run_9 | freq=7 | noise=1 | magnitude=50 | lead_time=2 | PID 2428792 | GPU 7
[2026-07-16T04:13:58] Started local_multichannel | local_multichannel_087_half_quarterly_low_mag_noise10_lt3 | run_0 | freq=7 | noise=1 | magnitude=50 | lead_time=3 | PID 2428905 | GPU 0
[2026-07-16T04:14:02] Started local_multichannel | local_multichannel_087_half_quarterly_low_mag_noise10_lt3 | run_1 | freq=7 | noise=1 | magnitude=50 | lead_time=3 | PID 2428917 | GPU 1
[2026-07-16T04:14:05] Started local_multichannel | local_multichannel_087_half_quarterly_low_mag_noise10_lt3 | run_2 | freq=7 | noise=1 | magnitude=50 | lead_time=3 | PID 2428925 | GPU 5
[2026-07-16T04:14:08] Started local_multichannel | local_multichannel_087_half_quarterly_low_mag_noise10_lt3 | run_3 | freq=7 | noise=1 | magnitude=50 | lead_time=3 | PID 2428933 | GPU 3
[2026-07-16T04:14:12] Started local_multichannel | local_multichannel_087_half_quarterly_low_mag_noise10_lt3 | run_4 | freq=7 | noise=1 | magnitude=50 | lead_time=3 | PID 2428958 | GPU 2
[2026-07-16T04:14:15] Started local_multichannel | local_multichannel_087_half_quarterly_low_mag_noise10_lt3 | run_5 | freq=7 | noise=1 | magnitude=50 | lead_time=3 | PID 2428966 | GPU 6
[2026-07-16T04:14:18] Started local_multichannel | local_multichannel_087_half_quarterly_low_mag_noise10_lt3 | run_6 | freq=7 | noise=1 | magnitude=50 | lead_time=3 | PID 2428974 | GPU 4
[2026-07-16T04:14:22] Started local_multichannel | local_multichannel_087_half_quarterly_low_mag_noise10_lt3 | run_8 | freq=7 | noise=1 | magnitude=50 | lead_time=3 | PID 2428982 | GPU 4
[2026-07-16T04:14:25] Started local_multichannel | local_multichannel_087_half_quarterly_low_mag_noise10_lt3 | run_9 | freq=7 | noise=1 | magnitude=50 | lead_time=3 | PID 2428994 | GPU 0
[2026-07-16T04:14:28] Started local_multichannel | local_multichannel_088_half_quarterly_low_mag_noise100_lt1 | run_0 | freq=7 | noise=1 | magnitude=50 | lead_time=1 | PID 2429032 | GPU 7
[2026-07-16T04:14:32] Started local_multichannel | local_multichannel_088_half_quarterly_low_mag_noise100_lt1 | run_2 | freq=7 | noise=1 | magnitude=50 | lead_time=1 | PID 2429076 | GPU 1
[2026-07-16T04:14:35] Started local_multichannel | local_multichannel_088_half_quarterly_low_mag_noise100_lt1 | run_5 | freq=7 | noise=1 | magnitude=50 | lead_time=1 | PID 2429088 | GPU 6
[2026-07-16T04:14:38] Started local_multichannel | local_multichannel_088_half_quarterly_low_mag_noise100_lt1 | run_7 | freq=7 | noise=1 | magnitude=50 | lead_time=1 | PID 2429097 | GPU 3
[2026-07-16T04:14:42] Started local_multichannel | local_multichannel_088_half_quarterly_low_mag_noise100_lt1 | run_8 | freq=7 | noise=1 | magnitude=50 | lead_time=1 | PID 2429107 | GPU 2
[2026-07-16T04:14:45] Started local_multichannel | local_multichannel_089_half_quarterly_low_mag_noise100_lt2 | run_1 | freq=7 | noise=1 | magnitude=50 | lead_time=2 | PID 2429161 | GPU 5
[2026-07-16T04:14:48] Started local_multichannel | local_multichannel_089_half_quarterly_low_mag_noise100_lt2 | run_2 | freq=7 | noise=1 | magnitude=50 | lead_time=2 | PID 2429230 | GPU 5
[2026-07-16T04:14:52] Started local_multichannel | local_multichannel_090_half_quarterly_low_mag_noise100_lt3 | run_0 | freq=7 | noise=1 | magnitude=50 | lead_time=3 | PID 2429325 | GPU 4
[2026-07-16T04:14:56] Started local_multichannel | local_multichannel_091_half_quarterly_medium_mag_noise0_lt1 | run_0 | freq=7 | noise=1 | magnitude=100 | lead_time=1 | PID 2429611 | GPU 3
[2026-07-16T04:15:00] Started local_multichannel | local_multichannel_091_half_quarterly_medium_mag_noise0_lt1 | run_8 | freq=7 | noise=1 | magnitude=100 | lead_time=1 | PID 2429775 | GPU 6
[2026-07-16T04:15:09] Started local_multichannel | local_multichannel_098_half_quarterly_medium_mag_noise100_lt2 | run_1 | freq=7 | noise=1 | magnitude=100 | lead_time=2 | PID 2429916 | GPU 7
[2026-07-16T04:15:34] Started split_multichannel | split_multichannel_012_yearly_medium_mag_noise0_lt3 | run_3 | freq=52 | noise=1 | magnitude=100 | lead_time=3 | PID 2430368 | GPU 0
[2026-07-16T04:15:51] Started split_multichannel | split_multichannel_024_yearly_high_mag_noise10_lt3 | run_7 | freq=52 | noise=1 | magnitude=200 | lead_time=3 | PID 2430629 | GPU 2
[2026-07-16T04:16:22] Started split_multichannel | split_multichannel_049_half_yearly_high_mag_noise10_lt1 | run_9 | freq=26 | noise=1 | magnitude=200 | lead_time=1 | PID 2431754 | GPU 1
[2026-07-16T04:31:37] Finished split_multichannel | split_multichannel_049_half_yearly_high_mag_noise10_lt1 | run_9 | freq=26 | noise=1 | magnitude=200 | lead_time=1
[2026-07-16T04:31:38] Started local_multichannel | local_multichannel_089_half_quarterly_low_mag_noise100_lt2 | run_3 | freq=7 | noise=1 | magnitude=50 | lead_time=2 | PID 2455305 | GPU 0
[2026-07-16T04:31:41] Started local_multichannel | local_multichannel_089_half_quarterly_low_mag_noise100_lt2 | run_5 | freq=7 | noise=1 | magnitude=50 | lead_time=2 | PID 2455406 | GPU 1
[2026-07-16T04:31:44] Started local_multichannel | local_multichannel_089_half_quarterly_low_mag_noise100_lt2 | run_7 | freq=7 | noise=1 | magnitude=50 | lead_time=2 | PID 2455478 | GPU 2
[2026-07-16T04:31:48] Started local_multichannel | local_multichannel_089_half_quarterly_low_mag_noise100_lt2 | run_8 | freq=7 | noise=1 | magnitude=50 | lead_time=2 | PID 2455508 | GPU 3
[2026-07-16T04:31:51] Started local_multichannel | local_multichannel_089_half_quarterly_low_mag_noise100_lt2 | run_9 | freq=7 | noise=1 | magnitude=50 | lead_time=2 | PID 2455519 | GPU 4
[2026-07-16T04:31:54] Started local_multichannel | local_multichannel_090_half_quarterly_low_mag_noise100_lt3 | run_1 | freq=7 | noise=1 | magnitude=50 | lead_time=3 | PID 2455531 | GPU 5
[2026-07-16T04:31:58] Started local_multichannel | local_multichannel_090_half_quarterly_low_mag_noise100_lt3 | run_2 | freq=7 | noise=1 | magnitude=50 | lead_time=3 | PID 2455542 | GPU 6
[2026-07-16T04:32:01] Started local_multichannel | local_multichannel_090_half_quarterly_low_mag_noise100_lt3 | run_4 | freq=7 | noise=1 | magnitude=50 | lead_time=3 | PID 2455553 | GPU 7
[2026-07-16T04:32:04] Started local_multichannel | local_multichannel_090_half_quarterly_low_mag_noise100_lt3 | run_5 | freq=7 | noise=1 | magnitude=50 | lead_time=3 | PID 2455648 | GPU 7
[2026-07-16T04:32:08] Started local_multichannel | local_multichannel_090_half_quarterly_low_mag_noise100_lt3 | run_6 | freq=7 | noise=1 | magnitude=50 | lead_time=3 | PID 2455766 | GPU 1
[2026-07-16T04:32:11] Started local_multichannel | local_multichannel_090_half_quarterly_low_mag_noise100_lt3 | run_7 | freq=7 | noise=1 | magnitude=50 | lead_time=3 | PID 2455774 | GPU 0
[2026-07-16T04:32:14] Started local_multichannel | local_multichannel_090_half_quarterly_low_mag_noise100_lt3 | run_8 | freq=7 | noise=1 | magnitude=50 | lead_time=3 | PID 2455782 | GPU 4
[2026-07-16T04:32:17] Started local_multichannel | local_multichannel_090_half_quarterly_low_mag_noise100_lt3 | run_9 | freq=7 | noise=1 | magnitude=50 | lead_time=3 | PID 2455790 | GPU 5
[2026-07-16T04:32:21] Started local_multichannel | local_multichannel_091_half_quarterly_medium_mag_noise0_lt1 | run_1 | freq=7 | noise=1 | magnitude=100 | lead_time=1 | PID 2455798 | GPU 2
[2026-07-16T04:32:24] Started local_multichannel | local_multichannel_091_half_quarterly_medium_mag_noise0_lt1 | run_4 | freq=7 | noise=1 | magnitude=100 | lead_time=1 | PID 2455822 | GPU 3
[2026-07-16T04:32:27] Started local_multichannel | local_multichannel_091_half_quarterly_medium_mag_noise0_lt1 | run_5 | freq=7 | noise=1 | magnitude=100 | lead_time=1 | PID 2455895 | GPU 6
[2026-07-16T04:32:31] Started local_multichannel | local_multichannel_091_half_quarterly_medium_mag_noise0_lt1 | run_6 | freq=7 | noise=1 | magnitude=100 | lead_time=1 | PID 2455974 | GPU 6
[2026-07-16T04:32:34] Started local_multichannel | local_multichannel_091_half_quarterly_medium_mag_noise0_lt1 | run_9 | freq=7 | noise=1 | magnitude=100 | lead_time=1 | PID 2456052 | GPU 3
[2026-07-16T04:32:37] Started local_multichannel | local_multichannel_092_half_quarterly_medium_mag_noise0_lt2 | run_0 | freq=7 | noise=1 | magnitude=100 | lead_time=2 | PID 2456126 | GPU 1
[2026-07-16T04:32:41] Started local_multichannel | local_multichannel_092_half_quarterly_medium_mag_noise0_lt2 | run_1 | freq=7 | noise=1 | magnitude=100 | lead_time=2 | PID 2456195 | GPU 7
[2026-07-16T04:32:44] Started local_multichannel | local_multichannel_092_half_quarterly_medium_mag_noise0_lt2 | run_2 | freq=7 | noise=1 | magnitude=100 | lead_time=2 | PID 2456275 | GPU 4
[2026-07-16T04:32:47] Started local_multichannel | local_multichannel_092_half_quarterly_medium_mag_noise0_lt2 | run_3 | freq=7 | noise=1 | magnitude=100 | lead_time=2 | PID 2456337 | GPU 2
[2026-07-16T04:32:51] Started local_multichannel | local_multichannel_092_half_quarterly_medium_mag_noise0_lt2 | run_5 | freq=7 | noise=1 | magnitude=100 | lead_time=2 | PID 2456372 | GPU 0
[2026-07-16T04:32:54] Started local_multichannel | local_multichannel_092_half_quarterly_medium_mag_noise0_lt2 | run_7 | freq=7 | noise=1 | magnitude=100 | lead_time=2 | PID 2456394 | GPU 5
[2026-07-16T04:32:57] Started local_multichannel | local_multichannel_092_half_quarterly_medium_mag_noise0_lt2 | run_8 | freq=7 | noise=1 | magnitude=100 | lead_time=2 | PID 2456402 | GPU 5
[2026-07-16T04:33:10] Started local_multichannel | local_multichannel_102_half_quarterly_high_mag_noise0_lt3 | run_4 | freq=7 | noise=1 | magnitude=200 | lead_time=3 | PID 2456753 | GPU 6
[2026-07-16T04:33:14] Started local_multichannel | local_multichannel_103_half_quarterly_high_mag_noise10_lt1 | run_1 | freq=7 | noise=1 | magnitude=200 | lead_time=1 | PID 2456772 | GPU 7
[2026-07-16T04:33:28] Started split_multichannel | split_multichannel_006_yearly_low_mag_noise10_lt3 | run_8 | freq=52 | noise=1 | magnitude=50 | lead_time=3 | PID 2456981 | GPU 4
[2026-07-16T04:33:32] Started split_multichannel | split_multichannel_007_yearly_low_mag_noise100_lt1 | run_2 | freq=52 | noise=1 | magnitude=50 | lead_time=1 | PID 2457003 | GPU 2
[2026-07-16T04:33:49] Started split_multichannel | split_multichannel_020_yearly_high_mag_noise0_lt2 | run_5 | freq=52 | noise=1 | magnitude=200 | lead_time=2 | PID 2457520 | GPU 3
[2026-07-16T04:34:01] Started split_multichannel | split_multichannel_028_half_yearly_low_mag_noise0_lt1 | run_9 | freq=26 | noise=1 | magnitude=50 | lead_time=1 | PID 2457924 | GPU 1
[2026-07-16T04:35:07] Started split_multichannel | split_multichannel_084_half_quarterly_low_mag_noise0_lt3 | run_4 | freq=7 | noise=1 | magnitude=50 | lead_time=3 | PID 2459707 | GPU 0
[2026-07-16T04:49:41] Finished split_multichannel | split_multichannel_084_half_quarterly_low_mag_noise0_lt3 | run_4 | freq=7 | noise=1 | magnitude=50 | lead_time=3
[2026-07-16T04:49:42] Started local_multichannel | local_multichannel_092_half_quarterly_medium_mag_noise0_lt2 | run_9 | freq=7 | noise=1 | magnitude=100 | lead_time=2 | PID 2482194 | GPU 0
[2026-07-16T04:49:46] Started local_multichannel | local_multichannel_093_half_quarterly_medium_mag_noise0_lt3 | run_0 | freq=7 | noise=1 | magnitude=100 | lead_time=3 | PID 2482208 | GPU 1
[2026-07-16T04:49:49] Started local_multichannel | local_multichannel_093_half_quarterly_medium_mag_noise0_lt3 | run_1 | freq=7 | noise=1 | magnitude=100 | lead_time=3 | PID 2482219 | GPU 2
[2026-07-16T04:49:53] Started local_multichannel | local_multichannel_093_half_quarterly_medium_mag_noise0_lt3 | run_3 | freq=7 | noise=1 | magnitude=100 | lead_time=3 | PID 2482230 | GPU 3
[2026-07-16T04:49:56] Started local_multichannel | local_multichannel_093_half_quarterly_medium_mag_noise0_lt3 | run_4 | freq=7 | noise=1 | magnitude=100 | lead_time=3 | PID 2482242 | GPU 4
[2026-07-16T04:49:59] Started local_multichannel | local_multichannel_093_half_quarterly_medium_mag_noise0_lt3 | run_6 | freq=7 | noise=1 | magnitude=100 | lead_time=3 | PID 2482255 | GPU 5
[2026-07-16T04:50:03] Started local_multichannel | local_multichannel_093_half_quarterly_medium_mag_noise0_lt3 | run_7 | freq=7 | noise=1 | magnitude=100 | lead_time=3 | PID 2482301 | GPU 6
[2026-07-16T04:50:06] Started local_multichannel | local_multichannel_093_half_quarterly_medium_mag_noise0_lt3 | run_8 | freq=7 | noise=1 | magnitude=100 | lead_time=3 | PID 2482330 | GPU 7
[2026-07-16T04:50:09] Started local_multichannel | local_multichannel_093_half_quarterly_medium_mag_noise0_lt3 | run_9 | freq=7 | noise=1 | magnitude=100 | lead_time=3 | PID 2482347 | GPU 7
[2026-07-16T04:50:12] Started local_multichannel | local_multichannel_094_half_quarterly_medium_mag_noise10_lt1 | run_0 | freq=7 | noise=1 | magnitude=100 | lead_time=1 | PID 2482420 | GPU 0
[2026-07-16T04:50:16] Started local_multichannel | local_multichannel_094_half_quarterly_medium_mag_noise10_lt1 | run_1 | freq=7 | noise=1 | magnitude=100 | lead_time=1 | PID 2482560 | GPU 1
[2026-07-16T04:50:19] Started local_multichannel | local_multichannel_094_half_quarterly_medium_mag_noise10_lt1 | run_2 | freq=7 | noise=1 | magnitude=100 | lead_time=1 | PID 2482751 | GPU 3
[2026-07-16T04:50:22] Started local_multichannel | local_multichannel_094_half_quarterly_medium_mag_noise10_lt1 | run_3 | freq=7 | noise=1 | magnitude=100 | lead_time=1 | PID 2482838 | GPU 6
[2026-07-16T04:50:26] Started local_multichannel | local_multichannel_094_half_quarterly_medium_mag_noise10_lt1 | run_4 | freq=7 | noise=1 | magnitude=100 | lead_time=1 | PID 2482999 | GPU 4
[2026-07-16T04:50:29] Started local_multichannel | local_multichannel_094_half_quarterly_medium_mag_noise10_lt1 | run_6 | freq=7 | noise=1 | magnitude=100 | lead_time=1 | PID 2483023 | GPU 2
[2026-07-16T04:50:32] Started local_multichannel | local_multichannel_094_half_quarterly_medium_mag_noise10_lt1 | run_8 | freq=7 | noise=1 | magnitude=100 | lead_time=1 | PID 2483031 | GPU 5
[2026-07-16T04:50:36] Started local_multichannel | local_multichannel_094_half_quarterly_medium_mag_noise10_lt1 | run_9 | freq=7 | noise=1 | magnitude=100 | lead_time=1 | PID 2483039 | GPU 5
[2026-07-16T04:50:39] Started local_multichannel | local_multichannel_095_half_quarterly_medium_mag_noise10_lt2 | run_0 | freq=7 | noise=1 | magnitude=100 | lead_time=2 | PID 2483048 | GPU 2
[2026-07-16T04:50:42] Started local_multichannel | local_multichannel_095_half_quarterly_medium_mag_noise10_lt2 | run_1 | freq=7 | noise=1 | magnitude=100 | lead_time=2 | PID 2483061 | GPU 0
[2026-07-16T04:50:46] Started local_multichannel | local_multichannel_095_half_quarterly_medium_mag_noise10_lt2 | run_2 | freq=7 | noise=1 | magnitude=100 | lead_time=2 | PID 2483070 | GPU 3
[2026-07-16T04:50:49] Started local_multichannel | local_multichannel_095_half_quarterly_medium_mag_noise10_lt2 | run_3 | freq=7 | noise=1 | magnitude=100 | lead_time=2 | PID 2483082 | GPU 1
[2026-07-16T04:50:52] Started local_multichannel | local_multichannel_095_half_quarterly_medium_mag_noise10_lt2 | run_4 | freq=7 | noise=1 | magnitude=100 | lead_time=2 | PID 2483090 | GPU 4
[2026-07-16T04:50:56] Started local_multichannel | local_multichannel_095_half_quarterly_medium_mag_noise10_lt2 | run_5 | freq=7 | noise=1 | magnitude=100 | lead_time=2 | PID 2483099 | GPU 6
[2026-07-16T04:50:59] Started local_multichannel | local_multichannel_095_half_quarterly_medium_mag_noise10_lt2 | run_6 | freq=7 | noise=1 | magnitude=100 | lead_time=2 | PID 2483107 | GPU 7
[2026-07-16T04:51:02] Started local_multichannel | local_multichannel_095_half_quarterly_medium_mag_noise10_lt2 | run_7 | freq=7 | noise=1 | magnitude=100 | lead_time=2 | PID 2483116 | GPU 7
[2026-07-16T04:51:08] Started local_multichannel | local_multichannel_098_half_quarterly_medium_mag_noise100_lt2 | run_6 | freq=7 | noise=1 | magnitude=100 | lead_time=2 | PID 2483225 | GPU 4
[2026-07-16T04:51:17] Started local_multichannel | local_multichannel_104_half_quarterly_high_mag_noise10_lt2 | run_1 | freq=7 | noise=1 | magnitude=200 | lead_time=2 | PID 2483490 | GPU 6
[2026-07-16T04:51:24] Started local_multichannel | local_multichannel_108_half_quarterly_high_mag_noise100_lt3 | run_8 | freq=7 | noise=1 | magnitude=200 | lead_time=3 | PID 2483597 | GPU 0
[2026-07-16T04:51:33] Started split_multichannel | split_multichannel_006_yearly_low_mag_noise10_lt3 | run_9 | freq=52 | noise=1 | magnitude=50 | lead_time=3 | PID 2483941 | GPU 3
[2026-07-16T04:51:42] Started split_multichannel | split_multichannel_012_yearly_medium_mag_noise0_lt3 | run_6 | freq=52 | noise=1 | magnitude=100 | lead_time=3 | PID 2484222 | GPU 2
[2026-07-16T04:52:04] Started split_multichannel | split_multichannel_030_half_yearly_low_mag_noise0_lt3 | run_3 | freq=26 | noise=1 | magnitude=50 | lead_time=3 | PID 2484604 | GPU 1
[2026-07-16T04:52:17] Started split_multichannel | split_multichannel_038_half_yearly_medium_mag_noise0_lt2 | run_5 | freq=26 | noise=1 | magnitude=100 | lead_time=2 | PID 2484844 | GPU 5
[2026-07-16T05:07:44] Finished split_multichannel | split_multichannel_038_half_yearly_medium_mag_noise0_lt2 | run_5 | freq=26 | noise=1 | magnitude=100 | lead_time=2
[2026-07-16T05:07:45] Started local_multichannel | local_multichannel_095_half_quarterly_medium_mag_noise10_lt2 | run_9 | freq=7 | noise=1 | magnitude=100 | lead_time=2 | PID 2519842 | GPU 0
[2026-07-16T05:07:48] Started local_multichannel | local_multichannel_096_half_quarterly_medium_mag_noise10_lt3 | run_0 | freq=7 | noise=1 | magnitude=100 | lead_time=3 | PID 2519852 | GPU 1
[2026-07-16T05:07:51] Started local_multichannel | local_multichannel_096_half_quarterly_medium_mag_noise10_lt3 | run_1 | freq=7 | noise=1 | magnitude=100 | lead_time=3 | PID 2519863 | GPU 2
[2026-07-16T05:07:55] Started local_multichannel | local_multichannel_096_half_quarterly_medium_mag_noise10_lt3 | run_2 | freq=7 | noise=1 | magnitude=100 | lead_time=3 | PID 2519878 | GPU 3
[2026-07-16T05:07:58] Started local_multichannel | local_multichannel_096_half_quarterly_medium_mag_noise10_lt3 | run_3 | freq=7 | noise=1 | magnitude=100 | lead_time=3 | PID 2519933 | GPU 4
[2026-07-16T05:08:01] Started local_multichannel | local_multichannel_096_half_quarterly_medium_mag_noise10_lt3 | run_4 | freq=7 | noise=1 | magnitude=100 | lead_time=3 | PID 2520021 | GPU 5
[2026-07-16T05:08:05] Started local_multichannel | local_multichannel_096_half_quarterly_medium_mag_noise10_lt3 | run_5 | freq=7 | noise=1 | magnitude=100 | lead_time=3 | PID 2520105 | GPU 6
[2026-07-16T05:08:08] Started local_multichannel | local_multichannel_096_half_quarterly_medium_mag_noise10_lt3 | run_7 | freq=7 | noise=1 | magnitude=100 | lead_time=3 | PID 2520276 | GPU 7
[2026-07-16T05:08:11] Started local_multichannel | local_multichannel_096_half_quarterly_medium_mag_noise10_lt3 | run_8 | freq=7 | noise=1 | magnitude=100 | lead_time=3 | PID 2520365 | GPU 7
[2026-07-16T05:08:15] Started local_multichannel | local_multichannel_096_half_quarterly_medium_mag_noise10_lt3 | run_9 | freq=7 | noise=1 | magnitude=100 | lead_time=3 | PID 2520382 | GPU 0
[2026-07-16T05:08:18] Started local_multichannel | local_multichannel_097_half_quarterly_medium_mag_noise100_lt1 | run_0 | freq=7 | noise=1 | magnitude=100 | lead_time=1 | PID 2520419 | GPU 1
[2026-07-16T05:08:21] Started local_multichannel | local_multichannel_097_half_quarterly_medium_mag_noise100_lt1 | run_1 | freq=7 | noise=1 | magnitude=100 | lead_time=1 | PID 2520453 | GPU 2
[2026-07-16T05:08:24] Started local_multichannel | local_multichannel_097_half_quarterly_medium_mag_noise100_lt1 | run_2 | freq=7 | noise=1 | magnitude=100 | lead_time=1 | PID 2520465 | GPU 6
[2026-07-16T05:08:28] Started local_multichannel | local_multichannel_097_half_quarterly_medium_mag_noise100_lt1 | run_3 | freq=7 | noise=1 | magnitude=100 | lead_time=1 | PID 2520594 | GPU 4
[2026-07-16T05:08:31] Started local_multichannel | local_multichannel_097_half_quarterly_medium_mag_noise100_lt1 | run_4 | freq=7 | noise=1 | magnitude=100 | lead_time=1 | PID 2520668 | GPU 5
[2026-07-16T05:08:34] Started local_multichannel | local_multichannel_097_half_quarterly_medium_mag_noise100_lt1 | run_5 | freq=7 | noise=1 | magnitude=100 | lead_time=1 | PID 2520676 | GPU 3
[2026-07-16T05:08:38] Started local_multichannel | local_multichannel_097_half_quarterly_medium_mag_noise100_lt1 | run_6 | freq=7 | noise=1 | magnitude=100 | lead_time=1 | PID 2520684 | GPU 3
[2026-07-16T05:08:41] Started local_multichannel | local_multichannel_097_half_quarterly_medium_mag_noise100_lt1 | run_7 | freq=7 | noise=1 | magnitude=100 | lead_time=1 | PID 2520695 | GPU 1
[2026-07-16T05:08:44] Started local_multichannel | local_multichannel_098_half_quarterly_medium_mag_noise100_lt2 | run_0 | freq=7 | noise=1 | magnitude=100 | lead_time=2 | PID 2520706 | GPU 0
[2026-07-16T05:08:48] Started local_multichannel | local_multichannel_098_half_quarterly_medium_mag_noise100_lt2 | run_2 | freq=7 | noise=1 | magnitude=100 | lead_time=2 | PID 2520714 | GPU 4
[2026-07-16T05:08:51] Started local_multichannel | local_multichannel_098_half_quarterly_medium_mag_noise100_lt2 | run_3 | freq=7 | noise=1 | magnitude=100 | lead_time=2 | PID 2520722 | GPU 5
[2026-07-16T05:08:54] Started local_multichannel | local_multichannel_098_half_quarterly_medium_mag_noise100_lt2 | run_4 | freq=7 | noise=1 | magnitude=100 | lead_time=2 | PID 2520734 | GPU 6
[2026-07-16T05:08:58] Started local_multichannel | local_multichannel_098_half_quarterly_medium_mag_noise100_lt2 | run_5 | freq=7 | noise=1 | magnitude=100 | lead_time=2 | PID 2520742 | GPU 7
[2026-07-16T05:09:01] Started local_multichannel | local_multichannel_098_half_quarterly_medium_mag_noise100_lt2 | run_7 | freq=7 | noise=1 | magnitude=100 | lead_time=2 | PID 2520750 | GPU 2
[2026-07-16T05:09:04] Started local_multichannel | local_multichannel_098_half_quarterly_medium_mag_noise100_lt2 | run_8 | freq=7 | noise=1 | magnitude=100 | lead_time=2 | PID 2520758 | GPU 2
[2026-07-16T05:09:13] Started local_multichannel | local_multichannel_104_half_quarterly_high_mag_noise10_lt2 | run_5 | freq=7 | noise=1 | magnitude=200 | lead_time=2 | PID 2521021 | GPU 5
[2026-07-16T05:09:17] Started local_multichannel | local_multichannel_105_half_quarterly_high_mag_noise10_lt3 | run_7 | freq=7 | noise=1 | magnitude=200 | lead_time=3 | PID 2521127 | GPU 6
[2026-07-16T05:09:22] Started local_multichannel | local_multichannel_107_half_quarterly_high_mag_noise100_lt2 | run_3 | freq=7 | noise=1 | magnitude=200 | lead_time=2 | PID 2521253 | GPU 7
[2026-07-16T05:09:28] Started split_multichannel | split_multichannel_002_yearly_low_mag_noise0_lt2 | run_3 | freq=52 | noise=1 | magnitude=50 | lead_time=2 | PID 2521436 | GPU 0
[2026-07-16T05:09:42] Started split_multichannel | split_multichannel_013_yearly_medium_mag_noise10_lt1 | run_6 | freq=52 | noise=1 | magnitude=100 | lead_time=1 | PID 2521877 | GPU 4
[2026-07-16T05:09:50] Started split_multichannel | split_multichannel_017_yearly_medium_mag_noise100_lt2 | run_9 | freq=52 | noise=1 | magnitude=100 | lead_time=2 | PID 2521964 | GPU 3
[2026-07-16T05:10:07] Started split_multichannel | split_multichannel_031_half_yearly_low_mag_noise10_lt1 | run_1 | freq=26 | noise=1 | magnitude=50 | lead_time=1 | PID 2522224 | GPU 1
[2026-07-16T05:25:43] Finished split_multichannel | split_multichannel_031_half_yearly_low_mag_noise10_lt1 | run_1 | freq=26 | noise=1 | magnitude=50 | lead_time=1
[2026-07-16T05:25:44] Started local_multichannel | local_multichannel_098_half_quarterly_medium_mag_noise100_lt2 | run_9 | freq=7 | noise=1 | magnitude=100 | lead_time=2 | PID 2546556 | GPU 0
[2026-07-16T05:25:47] Started local_multichannel | local_multichannel_099_half_quarterly_medium_mag_noise100_lt3 | run_0 | freq=7 | noise=1 | magnitude=100 | lead_time=3 | PID 2546739 | GPU 1
[2026-07-16T05:25:50] Started local_multichannel | local_multichannel_099_half_quarterly_medium_mag_noise100_lt3 | run_1 | freq=7 | noise=1 | magnitude=100 | lead_time=3 | PID 2546828 | GPU 2
[2026-07-16T05:25:54] Started local_multichannel | local_multichannel_099_half_quarterly_medium_mag_noise100_lt3 | run_2 | freq=7 | noise=1 | magnitude=100 | lead_time=3 | PID 2546914 | GPU 3
[2026-07-16T05:25:57] Started local_multichannel | local_multichannel_099_half_quarterly_medium_mag_noise100_lt3 | run_3 | freq=7 | noise=1 | magnitude=100 | lead_time=3 | PID 2546974 | GPU 4
[2026-07-16T05:26:00] Started local_multichannel | local_multichannel_099_half_quarterly_medium_mag_noise100_lt3 | run_4 | freq=7 | noise=1 | magnitude=100 | lead_time=3 | PID 2546985 | GPU 5
[2026-07-16T05:26:04] Started local_multichannel | local_multichannel_099_half_quarterly_medium_mag_noise100_lt3 | run_5 | freq=7 | noise=1 | magnitude=100 | lead_time=3 | PID 2547000 | GPU 6
[2026-07-16T05:26:07] Started local_multichannel | local_multichannel_099_half_quarterly_medium_mag_noise100_lt3 | run_6 | freq=7 | noise=1 | magnitude=100 | lead_time=3 | PID 2547011 | GPU 7
[2026-07-16T05:26:11] Started local_multichannel | local_multichannel_099_half_quarterly_medium_mag_noise100_lt3 | run_7 | freq=7 | noise=1 | magnitude=100 | lead_time=3 | PID 2547022 | GPU 7
[2026-07-16T05:26:14] Started local_multichannel | local_multichannel_099_half_quarterly_medium_mag_noise100_lt3 | run_8 | freq=7 | noise=1 | magnitude=100 | lead_time=3 | PID 2547030 | GPU 1
[2026-07-16T05:26:17] Started local_multichannel | local_multichannel_100_half_quarterly_high_mag_noise0_lt1 | run_0 | freq=7 | noise=1 | magnitude=200 | lead_time=1 | PID 2547038 | GPU 0
[2026-07-16T05:26:20] Started local_multichannel | local_multichannel_100_half_quarterly_high_mag_noise0_lt1 | run_1 | freq=7 | noise=1 | magnitude=200 | lead_time=1 | PID 2547046 | GPU 2
[2026-07-16T05:26:24] Started local_multichannel | local_multichannel_100_half_quarterly_high_mag_noise0_lt1 | run_3 | freq=7 | noise=1 | magnitude=200 | lead_time=1 | PID 2547054 | GPU 3
[2026-07-16T05:26:27] Started local_multichannel | local_multichannel_100_half_quarterly_high_mag_noise0_lt1 | run_4 | freq=7 | noise=1 | magnitude=200 | lead_time=1 | PID 2547067 | GPU 5
[2026-07-16T05:26:30] Started local_multichannel | local_multichannel_100_half_quarterly_high_mag_noise0_lt1 | run_5 | freq=7 | noise=1 | magnitude=200 | lead_time=1 | PID 2547083 | GPU 4
[2026-07-16T05:26:34] Started local_multichannel | local_multichannel_100_half_quarterly_high_mag_noise0_lt1 | run_6 | freq=7 | noise=1 | magnitude=200 | lead_time=1 | PID 2547110 | GPU 6
[2026-07-16T05:26:37] Started local_multichannel | local_multichannel_100_half_quarterly_high_mag_noise0_lt1 | run_8 | freq=7 | noise=1 | magnitude=200 | lead_time=1 | PID 2547149 | GPU 6
[2026-07-16T05:26:40] Started local_multichannel | local_multichannel_100_half_quarterly_high_mag_noise0_lt1 | run_9 | freq=7 | noise=1 | magnitude=200 | lead_time=1 | PID 2547340 | GPU 2
[2026-07-16T05:26:44] Started local_multichannel | local_multichannel_101_half_quarterly_high_mag_noise0_lt2 | run_0 | freq=7 | noise=1 | magnitude=200 | lead_time=2 | PID 2547352 | GPU 3
[2026-07-16T05:26:47] Started local_multichannel | local_multichannel_101_half_quarterly_high_mag_noise0_lt2 | run_1 | freq=7 | noise=1 | magnitude=200 | lead_time=2 | PID 2547360 | GPU 1
[2026-07-16T05:26:50] Started local_multichannel | local_multichannel_101_half_quarterly_high_mag_noise0_lt2 | run_3 | freq=7 | noise=1 | magnitude=200 | lead_time=2 | PID 2547480 | GPU 7
[2026-07-16T05:26:54] Started local_multichannel | local_multichannel_101_half_quarterly_high_mag_noise0_lt2 | run_4 | freq=7 | noise=1 | magnitude=200 | lead_time=2 | PID 2547488 | GPU 4
[2026-07-16T05:26:57] Started local_multichannel | local_multichannel_101_half_quarterly_high_mag_noise0_lt2 | run_5 | freq=7 | noise=1 | magnitude=200 | lead_time=2 | PID 2547516 | GPU 0
[2026-07-16T05:27:00] Started local_multichannel | local_multichannel_101_half_quarterly_high_mag_noise0_lt2 | run_6 | freq=7 | noise=1 | magnitude=200 | lead_time=2 | PID 2547586 | GPU 5
[2026-07-16T05:27:04] Started local_multichannel | local_multichannel_101_half_quarterly_high_mag_noise0_lt2 | run_7 | freq=7 | noise=1 | magnitude=200 | lead_time=2 | PID 2547658 | GPU 5
[2026-07-16T05:27:24] Started split_multichannel | split_multichannel_012_yearly_medium_mag_noise0_lt3 | run_2 | freq=52 | noise=1 | magnitude=100 | lead_time=3 | PID 2548168 | GPU 7
[2026-07-16T05:27:30] Started split_multichannel | split_multichannel_015_yearly_medium_mag_noise10_lt3 | run_3 | freq=52 | noise=1 | magnitude=100 | lead_time=3 | PID 2548239 | GPU 0
[2026-07-16T05:27:35] Started split_multichannel | split_multichannel_017_yearly_medium_mag_noise100_lt2 | run_5 | freq=52 | noise=1 | magnitude=100 | lead_time=2 | PID 2548285 | GPU 2
[2026-07-16T05:27:43] Started split_multichannel | split_multichannel_021_yearly_high_mag_noise0_lt3 | run_8 | freq=52 | noise=1 | magnitude=200 | lead_time=3 | PID 2548605 | GPU 4
[2026-07-16T05:27:50] Started split_multichannel | split_multichannel_025_yearly_high_mag_noise100_lt1 | run_3 | freq=52 | noise=1 | magnitude=200 | lead_time=1 | PID 2548752 | GPU 6
[2026-07-16T05:28:34] Started split_multichannel | split_multichannel_062_quarterly_low_mag_noise100_lt2 | run_1 | freq=13 | noise=1 | magnitude=50 | lead_time=2 | PID 2549863 | GPU 1
[2026-07-16T05:28:49] Started split_multichannel | split_multichannel_072_quarterly_medium_mag_noise100_lt3 | run_1 | freq=13 | noise=1 | magnitude=100 | lead_time=3 | PID 2550304 | GPU 3
[2026-07-16T05:43:33] Finished split_multichannel | split_multichannel_072_quarterly_medium_mag_noise100_lt3 | run_1 | freq=13 | noise=1 | magnitude=100 | lead_time=3
[2026-07-16T05:43:34] Started local_multichannel | local_multichannel_101_half_quarterly_high_mag_noise0_lt2 | run_8 | freq=7 | noise=1 | magnitude=200 | lead_time=2 | PID 2573171 | GPU 0
[2026-07-16T05:43:37] Started local_multichannel | local_multichannel_101_half_quarterly_high_mag_noise0_lt2 | run_9 | freq=7 | noise=1 | magnitude=200 | lead_time=2 | PID 2573260 | GPU 1
[2026-07-16T05:43:40] Started local_multichannel | local_multichannel_102_half_quarterly_high_mag_noise0_lt3 | run_0 | freq=7 | noise=1 | magnitude=200 | lead_time=3 | PID 2573284 | GPU 2
[2026-07-16T05:43:44] Started local_multichannel | local_multichannel_102_half_quarterly_high_mag_noise0_lt3 | run_1 | freq=7 | noise=1 | magnitude=200 | lead_time=3 | PID 2573298 | GPU 3
[2026-07-16T05:43:47] Started local_multichannel | local_multichannel_102_half_quarterly_high_mag_noise0_lt3 | run_2 | freq=7 | noise=1 | magnitude=200 | lead_time=3 | PID 2573309 | GPU 4
[2026-07-16T05:43:51] Started local_multichannel | local_multichannel_102_half_quarterly_high_mag_noise0_lt3 | run_3 | freq=7 | noise=1 | magnitude=200 | lead_time=3 | PID 2573515 | GPU 5
[2026-07-16T05:43:54] Started local_multichannel | local_multichannel_102_half_quarterly_high_mag_noise0_lt3 | run_5 | freq=7 | noise=1 | magnitude=200 | lead_time=3 | PID 2573567 | GPU 6
[2026-07-16T05:43:57] Started local_multichannel | local_multichannel_102_half_quarterly_high_mag_noise0_lt3 | run_6 | freq=7 | noise=1 | magnitude=200 | lead_time=3 | PID 2573578 | GPU 7
[2026-07-16T05:44:00] Started local_multichannel | local_multichannel_102_half_quarterly_high_mag_noise0_lt3 | run_7 | freq=7 | noise=1 | magnitude=200 | lead_time=3 | PID 2573589 | GPU 7
[2026-07-16T05:44:04] Started local_multichannel | local_multichannel_102_half_quarterly_high_mag_noise0_lt3 | run_8 | freq=7 | noise=1 | magnitude=200 | lead_time=3 | PID 2573597 | GPU 2
[2026-07-16T05:44:07] Started local_multichannel | local_multichannel_102_half_quarterly_high_mag_noise0_lt3 | run_9 | freq=7 | noise=1 | magnitude=200 | lead_time=3 | PID 2573605 | GPU 0
[2026-07-16T05:44:10] Started local_multichannel | local_multichannel_103_half_quarterly_high_mag_noise10_lt1 | run_0 | freq=7 | noise=1 | magnitude=200 | lead_time=1 | PID 2573634 | GPU 1
[2026-07-16T05:44:14] Started local_multichannel | local_multichannel_103_half_quarterly_high_mag_noise10_lt1 | run_2 | freq=7 | noise=1 | magnitude=200 | lead_time=1 | PID 2573642 | GPU 3
[2026-07-16T05:44:17] Started local_multichannel | local_multichannel_103_half_quarterly_high_mag_noise10_lt1 | run_3 | freq=7 | noise=1 | magnitude=200 | lead_time=1 | PID 2573650 | GPU 5
[2026-07-16T05:44:20] Started local_multichannel | local_multichannel_103_half_quarterly_high_mag_noise10_lt1 | run_4 | freq=7 | noise=1 | magnitude=200 | lead_time=1 | PID 2573658 | GPU 6
[2026-07-16T05:44:24] Started local_multichannel | local_multichannel_103_half_quarterly_high_mag_noise10_lt1 | run_5 | freq=7 | noise=1 | magnitude=200 | lead_time=1 | PID 2573666 | GPU 4
[2026-07-16T05:44:27] Started local_multichannel | local_multichannel_103_half_quarterly_high_mag_noise10_lt1 | run_6 | freq=7 | noise=1 | magnitude=200 | lead_time=1 | PID 2573679 | GPU 4
[2026-07-16T05:44:30] Started local_multichannel | local_multichannel_103_half_quarterly_high_mag_noise10_lt1 | run_7 | freq=7 | noise=1 | magnitude=200 | lead_time=1 | PID 2573695 | GPU 0
[2026-07-16T05:44:34] Started local_multichannel | local_multichannel_103_half_quarterly_high_mag_noise10_lt1 | run_8 | freq=7 | noise=1 | magnitude=200 | lead_time=1 | PID 2573803 | GPU 2
[2026-07-16T05:44:37] Started local_multichannel | local_multichannel_103_half_quarterly_high_mag_noise10_lt1 | run_9 | freq=7 | noise=1 | magnitude=200 | lead_time=1 | PID 2573820 | GPU 5
[2026-07-16T05:44:40] Started local_multichannel | local_multichannel_104_half_quarterly_high_mag_noise10_lt2 | run_0 | freq=7 | noise=1 | magnitude=200 | lead_time=2 | PID 2573872 | GPU 6
[2026-07-16T05:44:44] Started local_multichannel | local_multichannel_104_half_quarterly_high_mag_noise10_lt2 | run_2 | freq=7 | noise=1 | magnitude=200 | lead_time=2 | PID 2573947 | GPU 7
[2026-07-16T05:44:47] Started local_multichannel | local_multichannel_104_half_quarterly_high_mag_noise10_lt2 | run_3 | freq=7 | noise=1 | magnitude=200 | lead_time=2 | PID 2574026 | GPU 3
[2026-07-16T05:44:50] Started local_multichannel | local_multichannel_104_half_quarterly_high_mag_noise10_lt2 | run_4 | freq=7 | noise=1 | magnitude=200 | lead_time=2 | PID 2574098 | GPU 1
[2026-07-16T05:44:53] Started local_multichannel | local_multichannel_104_half_quarterly_high_mag_noise10_lt2 | run_7 | freq=7 | noise=1 | magnitude=200 | lead_time=2 | PID 2574329 | GPU 1
[2026-07-16T05:44:57] Started local_multichannel | local_multichannel_104_half_quarterly_high_mag_noise10_lt2 | run_8 | freq=7 | noise=1 | magnitude=200 | lead_time=2 | PID 2574397 | GPU 3
[2026-07-16T05:45:03] Started local_multichannel | local_multichannel_107_half_quarterly_high_mag_noise100_lt2 | run_5 | freq=7 | noise=1 | magnitude=200 | lead_time=2 | PID 2574491 | GPU 5
[2026-07-16T05:45:17] Started split_multichannel | split_multichannel_012_yearly_medium_mag_noise0_lt3 | run_1 | freq=52 | noise=1 | magnitude=100 | lead_time=3 | PID 2574704 | GPU 2
[2026-07-16T05:45:21] Started split_multichannel | split_multichannel_013_yearly_medium_mag_noise10_lt1 | run_0 | freq=52 | noise=1 | magnitude=100 | lead_time=1 | PID 2574721 | GPU 0
[2026-07-16T05:45:39] Started split_multichannel | split_multichannel_027_yearly_high_mag_noise100_lt3 | run_3 | freq=52 | noise=1 | magnitude=200 | lead_time=3 | PID 2575108 | GPU 4
[2026-07-16T05:45:42] Started split_multichannel | split_multichannel_027_yearly_high_mag_noise100_lt3 | run_5 | freq=52 | noise=1 | magnitude=200 | lead_time=3 | PID 2575119 | GPU 7
[2026-07-16T05:45:55] Started split_multichannel | split_multichannel_036_half_yearly_low_mag_noise100_lt3 | run_5 | freq=26 | noise=1 | magnitude=50 | lead_time=3 | PID 2575479 | GPU 6
[2026-07-16T06:01:25] Finished split_multichannel | split_multichannel_036_half_yearly_low_mag_noise100_lt3 | run_5 | freq=26 | noise=1 | magnitude=50 | lead_time=3
[2026-07-16T06:01:25] Started local_multichannel | local_multichannel_104_half_quarterly_high_mag_noise10_lt2 | run_9 | freq=7 | noise=1 | magnitude=200 | lead_time=2 | PID 2610595 | GPU 0
[2026-07-16T06:01:29] Started local_multichannel | local_multichannel_105_half_quarterly_high_mag_noise10_lt3 | run_0 | freq=7 | noise=1 | magnitude=200 | lead_time=3 | PID 2610605 | GPU 1
[2026-07-16T06:01:32] Started local_multichannel | local_multichannel_105_half_quarterly_high_mag_noise10_lt3 | run_1 | freq=7 | noise=1 | magnitude=200 | lead_time=3 | PID 2610624 | GPU 2
[2026-07-16T06:01:35] Started local_multichannel | local_multichannel_105_half_quarterly_high_mag_noise10_lt3 | run_2 | freq=7 | noise=1 | magnitude=200 | lead_time=3 | PID 2610635 | GPU 3
[2026-07-16T06:01:39] Started local_multichannel | local_multichannel_105_half_quarterly_high_mag_noise10_lt3 | run_4 | freq=7 | noise=1 | magnitude=200 | lead_time=3 | PID 2610647 | GPU 4
[2026-07-16T06:01:42] Started local_multichannel | local_multichannel_105_half_quarterly_high_mag_noise10_lt3 | run_5 | freq=7 | noise=1 | magnitude=200 | lead_time=3 | PID 2610660 | GPU 5
[2026-07-16T06:01:45] Started local_multichannel | local_multichannel_105_half_quarterly_high_mag_noise10_lt3 | run_6 | freq=7 | noise=1 | magnitude=200 | lead_time=3 | PID 2610672 | GPU 6
[2026-07-16T06:01:49] Started local_multichannel | local_multichannel_105_half_quarterly_high_mag_noise10_lt3 | run_8 | freq=7 | noise=1 | magnitude=200 | lead_time=3 | PID 2610683 | GPU 7
[2026-07-16T06:01:52] Started local_multichannel | local_multichannel_105_half_quarterly_high_mag_noise10_lt3 | run_9 | freq=7 | noise=1 | magnitude=200 | lead_time=3 | PID 2610694 | GPU 7
[2026-07-16T06:01:55] Started local_multichannel | local_multichannel_106_half_quarterly_high_mag_noise100_lt1 | run_0 | freq=7 | noise=1 | magnitude=200 | lead_time=1 | PID 2610702 | GPU 0
[2026-07-16T06:01:59] Started local_multichannel | local_multichannel_106_half_quarterly_high_mag_noise100_lt1 | run_1 | freq=7 | noise=1 | magnitude=200 | lead_time=1 | PID 2610714 | GPU 1
[2026-07-16T06:02:02] Started local_multichannel | local_multichannel_106_half_quarterly_high_mag_noise100_lt1 | run_3 | freq=7 | noise=1 | magnitude=200 | lead_time=1 | PID 2610900 | GPU 3
[2026-07-16T06:02:05] Started local_multichannel | local_multichannel_106_half_quarterly_high_mag_noise100_lt1 | run_4 | freq=7 | noise=1 | magnitude=200 | lead_time=1 | PID 2610908 | GPU 4
[2026-07-16T06:02:09] Started local_multichannel | local_multichannel_106_half_quarterly_high_mag_noise100_lt1 | run_5 | freq=7 | noise=1 | magnitude=200 | lead_time=1 | PID 2610938 | GPU 5
[2026-07-16T06:02:12] Started local_multichannel | local_multichannel_106_half_quarterly_high_mag_noise100_lt1 | run_6 | freq=7 | noise=1 | magnitude=200 | lead_time=1 | PID 2611033 | GPU 2
[2026-07-16T06:02:15] Started local_multichannel | local_multichannel_106_half_quarterly_high_mag_noise100_lt1 | run_7 | freq=7 | noise=1 | magnitude=200 | lead_time=1 | PID 2611112 | GPU 6
[2026-07-16T06:02:19] Started local_multichannel | local_multichannel_106_half_quarterly_high_mag_noise100_lt1 | run_8 | freq=7 | noise=1 | magnitude=200 | lead_time=1 | PID 2611124 | GPU 6
[2026-07-16T06:02:22] Started local_multichannel | local_multichannel_106_half_quarterly_high_mag_noise100_lt1 | run_9 | freq=7 | noise=1 | magnitude=200 | lead_time=1 | PID 2611132 | GPU 3
[2026-07-16T06:02:25] Started local_multichannel | local_multichannel_107_half_quarterly_high_mag_noise100_lt2 | run_0 | freq=7 | noise=1 | magnitude=200 | lead_time=2 | PID 2611167 | GPU 2
[2026-07-16T06:02:28] Started local_multichannel | local_multichannel_107_half_quarterly_high_mag_noise100_lt2 | run_2 | freq=7 | noise=1 | magnitude=200 | lead_time=2 | PID 2611240 | GPU 1
[2026-07-16T06:02:32] Started local_multichannel | local_multichannel_107_half_quarterly_high_mag_noise100_lt2 | run_4 | freq=7 | noise=1 | magnitude=200 | lead_time=2 | PID 2611323 | GPU 7
[2026-07-16T06:02:35] Started local_multichannel | local_multichannel_107_half_quarterly_high_mag_noise100_lt2 | run_6 | freq=7 | noise=1 | magnitude=200 | lead_time=2 | PID 2611396 | GPU 4
[2026-07-16T06:02:38] Started local_multichannel | local_multichannel_107_half_quarterly_high_mag_noise100_lt2 | run_8 | freq=7 | noise=1 | magnitude=200 | lead_time=2 | PID 2611467 | GPU 5
[2026-07-16T06:02:42] Started local_multichannel | local_multichannel_108_half_quarterly_high_mag_noise100_lt3 | run_1 | freq=7 | noise=1 | magnitude=200 | lead_time=3 | PID 2611524 | GPU 0
[2026-07-16T06:02:45] Started local_multichannel | local_multichannel_108_half_quarterly_high_mag_noise100_lt3 | run_2 | freq=7 | noise=1 | magnitude=200 | lead_time=3 | PID 2611533 | GPU 0
[2026-07-16T06:02:50] Started split_multichannel | split_multichannel_002_yearly_low_mag_noise0_lt2 | run_7 | freq=52 | noise=1 | magnitude=50 | lead_time=2 | PID 2611576 | GPU 4
[2026-07-16T06:02:57] Started split_multichannel | split_multichannel_006_yearly_low_mag_noise10_lt3 | run_3 | freq=52 | noise=1 | magnitude=50 | lead_time=3 | PID 2611644 | GPU 6
[2026-07-16T06:03:11] Started split_multichannel | split_multichannel_017_yearly_medium_mag_noise100_lt2 | run_8 | freq=52 | noise=1 | magnitude=100 | lead_time=2 | PID 2612018 | GPU 1
[2026-07-16T06:03:17] Started split_multichannel | split_multichannel_020_yearly_high_mag_noise0_lt2 | run_6 | freq=52 | noise=1 | magnitude=200 | lead_time=2 | PID 2612210 | GPU 3
[2026-07-16T06:03:22] Started split_multichannel | split_multichannel_022_yearly_high_mag_noise10_lt1 | run_5 | freq=52 | noise=1 | magnitude=200 | lead_time=1 | PID 2612283 | GPU 5
[2026-07-16T06:03:45] Started split_multichannel | split_multichannel_041_half_yearly_medium_mag_noise10_lt2 | run_1 | freq=26 | noise=1 | magnitude=100 | lead_time=2 | PID 2612738 | GPU 7
[2026-07-16T06:05:02] Started split_multichannel | split_multichannel_107_half_quarterly_high_mag_noise100_lt2 | run_6 | freq=7 | noise=1 | magnitude=200 | lead_time=2 | PID 2614756 | GPU 2
[2026-07-16T06:19:12] Finished split_multichannel | split_multichannel_107_half_quarterly_high_mag_noise100_lt2 | run_6 | freq=7 | noise=1 | magnitude=200 | lead_time=2
[2026-07-16T06:19:12] Started local_multichannel | local_multichannel_108_half_quarterly_high_mag_noise100_lt3 | run_3 | freq=7 | noise=1 | magnitude=200 | lead_time=3 | PID 2636942 | GPU 0
[2026-07-16T06:19:16] Started local_multichannel | local_multichannel_108_half_quarterly_high_mag_noise100_lt3 | run_4 | freq=7 | noise=1 | magnitude=200 | lead_time=3 | PID 2636985 | GPU 1
[2026-07-16T06:19:19] Started local_multichannel | local_multichannel_108_half_quarterly_high_mag_noise100_lt3 | run_5 | freq=7 | noise=1 | magnitude=200 | lead_time=3 | PID 2636996 | GPU 2
[2026-07-16T06:19:22] Started local_multichannel | local_multichannel_108_half_quarterly_high_mag_noise100_lt3 | run_6 | freq=7 | noise=1 | magnitude=200 | lead_time=3 | PID 2637011 | GPU 3
[2026-07-16T06:19:26] Started local_multichannel | local_multichannel_108_half_quarterly_high_mag_noise100_lt3 | run_7 | freq=7 | noise=1 | magnitude=200 | lead_time=3 | PID 2637026 | GPU 4
[2026-07-16T06:19:29] Started local_multichannel | local_multichannel_108_half_quarterly_high_mag_noise100_lt3 | run_9 | freq=7 | noise=1 | magnitude=200 | lead_time=3 | PID 2637058 | GPU 5
[2026-07-16T06:19:32] Started split_multichannel | split_multichannel_001_yearly_low_mag_noise0_lt1 | run_0 | freq=52 | noise=1 | magnitude=50 | lead_time=1 | PID 2637111 | GPU 6
[2026-07-16T06:19:36] Started split_multichannel | split_multichannel_001_yearly_low_mag_noise0_lt1 | run_2 | freq=52 | noise=1 | magnitude=50 | lead_time=1 | PID 2637122 | GPU 7
[2026-07-16T06:19:39] Started split_multichannel | split_multichannel_001_yearly_low_mag_noise0_lt1 | run_3 | freq=52 | noise=1 | magnitude=50 | lead_time=1 | PID 2637133 | GPU 7
[2026-07-16T06:19:42] Started split_multichannel | split_multichannel_001_yearly_low_mag_noise0_lt1 | run_5 | freq=52 | noise=1 | magnitude=50 | lead_time=1 | PID 2637143 | GPU 0
[2026-07-16T06:19:46] Started split_multichannel | split_multichannel_001_yearly_low_mag_noise0_lt1 | run_7 | freq=52 | noise=1 | magnitude=50 | lead_time=1 | PID 2637151 | GPU 1
[2026-07-16T06:19:49] Started split_multichannel | split_multichannel_001_yearly_low_mag_noise0_lt1 | run_8 | freq=52 | noise=1 | magnitude=50 | lead_time=1 | PID 2637160 | GPU 3
[2026-07-16T06:19:52] Started split_multichannel | split_multichannel_001_yearly_low_mag_noise0_lt1 | run_9 | freq=52 | noise=1 | magnitude=50 | lead_time=1 | PID 2637168 | GPU 2
[2026-07-16T06:19:56] Started split_multichannel | split_multichannel_002_yearly_low_mag_noise0_lt2 | run_0 | freq=52 | noise=1 | magnitude=50 | lead_time=2 | PID 2637176 | GPU 4
[2026-07-16T06:19:59] Started split_multichannel | split_multichannel_002_yearly_low_mag_noise0_lt2 | run_1 | freq=52 | noise=1 | magnitude=50 | lead_time=2 | PID 2637294 | GPU 5
[2026-07-16T06:20:02] Started split_multichannel | split_multichannel_002_yearly_low_mag_noise0_lt2 | run_2 | freq=52 | noise=1 | magnitude=50 | lead_time=2 | PID 2637327 | GPU 6
[2026-07-16T06:20:06] Started split_multichannel | split_multichannel_002_yearly_low_mag_noise0_lt2 | run_5 | freq=52 | noise=1 | magnitude=50 | lead_time=2 | PID 2637337 | GPU 6
[2026-07-16T06:20:09] Started split_multichannel | split_multichannel_002_yearly_low_mag_noise0_lt2 | run_8 | freq=52 | noise=1 | magnitude=50 | lead_time=2 | PID 2637353 | GPU 1
[2026-07-16T06:20:12] Started split_multichannel | split_multichannel_002_yearly_low_mag_noise0_lt2 | run_9 | freq=52 | noise=1 | magnitude=50 | lead_time=2 | PID 2637432 | GPU 4
[2026-07-16T06:20:15] Started split_multichannel | split_multichannel_003_yearly_low_mag_noise0_lt3 | run_1 | freq=52 | noise=1 | magnitude=50 | lead_time=3 | PID 2637681 | GPU 2
[2026-07-16T06:20:19] Started split_multichannel | split_multichannel_003_yearly_low_mag_noise0_lt3 | run_2 | freq=52 | noise=1 | magnitude=50 | lead_time=3 | PID 2637756 | GPU 3
[2026-07-16T06:20:22] Started split_multichannel | split_multichannel_003_yearly_low_mag_noise0_lt3 | run_3 | freq=52 | noise=1 | magnitude=50 | lead_time=3 | PID 2637833 | GPU 5
[2026-07-16T06:20:25] Started split_multichannel | split_multichannel_003_yearly_low_mag_noise0_lt3 | run_5 | freq=52 | noise=1 | magnitude=50 | lead_time=3 | PID 2637901 | GPU 0
[2026-07-16T06:20:29] Started split_multichannel | split_multichannel_003_yearly_low_mag_noise0_lt3 | run_6 | freq=52 | noise=1 | magnitude=50 | lead_time=3 | PID 2637909 | GPU 7
[2026-07-16T06:20:32] Started split_multichannel | split_multichannel_003_yearly_low_mag_noise0_lt3 | run_8 | freq=52 | noise=1 | magnitude=50 | lead_time=3 | PID 2637933 | GPU 7
[2026-07-16T06:20:37] Started split_multichannel | split_multichannel_005_yearly_low_mag_noise10_lt2 | run_7 | freq=52 | noise=1 | magnitude=50 | lead_time=2 | PID 2638020 | GPU 4
[2026-07-16T06:20:42] Started split_multichannel | split_multichannel_007_yearly_low_mag_noise100_lt1 | run_1 | freq=52 | noise=1 | magnitude=50 | lead_time=1 | PID 2638048 | GPU 5
[2026-07-16T06:20:47] Started split_multichannel | split_multichannel_009_yearly_low_mag_noise100_lt3 | run_7 | freq=52 | noise=1 | magnitude=50 | lead_time=3 | PID 2638098 | GPU 0
[2026-07-16T06:20:51] Started split_multichannel | split_multichannel_009_yearly_low_mag_noise100_lt3 | run_9 | freq=52 | noise=1 | magnitude=50 | lead_time=3 | PID 2638107 | GPU 6
[2026-07-16T06:20:54] Started split_multichannel | split_multichannel_010_yearly_medium_mag_noise0_lt1 | run_0 | freq=52 | noise=1 | magnitude=100 | lead_time=1 | PID 2638115 | GPU 3
[2026-07-16T06:20:58] Started split_multichannel | split_multichannel_010_yearly_medium_mag_noise0_lt1 | run_1 | freq=52 | noise=1 | magnitude=100 | lead_time=1 | PID 2638123 | GPU 2
[2026-07-16T06:21:02] Started split_multichannel | split_multichannel_011_yearly_medium_mag_noise0_lt2 | run_4 | freq=52 | noise=1 | magnitude=100 | lead_time=2 | PID 2638263 | GPU 1
[2026-07-16T06:36:58] Finished split_multichannel | split_multichannel_011_yearly_medium_mag_noise0_lt2 | run_4 | freq=52 | noise=1 | magnitude=100 | lead_time=2
[2026-07-16T06:36:59] Started split_multichannel | split_multichannel_004_yearly_low_mag_noise10_lt1 | run_1 | freq=52 | noise=1 | magnitude=50 | lead_time=1 | PID 2665334 | GPU 0
[2026-07-16T06:37:02] Started split_multichannel | split_multichannel_004_yearly_low_mag_noise10_lt1 | run_2 | freq=52 | noise=1 | magnitude=50 | lead_time=1 | PID 2665344 | GPU 1
[2026-07-16T06:37:06] Started split_multichannel | split_multichannel_004_yearly_low_mag_noise10_lt1 | run_3 | freq=52 | noise=1 | magnitude=50 | lead_time=1 | PID 2665355 | GPU 2
[2026-07-16T06:37:09] Started split_multichannel | split_multichannel_004_yearly_low_mag_noise10_lt1 | run_4 | freq=52 | noise=1 | magnitude=50 | lead_time=1 | PID 2665384 | GPU 3
[2026-07-16T06:37:12] Started split_multichannel | split_multichannel_004_yearly_low_mag_noise10_lt1 | run_5 | freq=52 | noise=1 | magnitude=50 | lead_time=1 | PID 2665395 | GPU 4
[2026-07-16T06:37:16] Started split_multichannel | split_multichannel_004_yearly_low_mag_noise10_lt1 | run_6 | freq=52 | noise=1 | magnitude=50 | lead_time=1 | PID 2665406 | GPU 5
[2026-07-16T06:37:19] Started split_multichannel | split_multichannel_004_yearly_low_mag_noise10_lt1 | run_7 | freq=52 | noise=1 | magnitude=50 | lead_time=1 | PID 2665417 | GPU 6
[2026-07-16T06:37:22] Started split_multichannel | split_multichannel_004_yearly_low_mag_noise10_lt1 | run_8 | freq=52 | noise=1 | magnitude=50 | lead_time=1 | PID 2665428 | GPU 7
[2026-07-16T06:37:26] Started split_multichannel | split_multichannel_004_yearly_low_mag_noise10_lt1 | run_9 | freq=52 | noise=1 | magnitude=50 | lead_time=1 | PID 2665622 | GPU 7
[2026-07-16T06:37:29] Started split_multichannel | split_multichannel_005_yearly_low_mag_noise10_lt2 | run_0 | freq=52 | noise=1 | magnitude=50 | lead_time=2 | PID 2665634 | GPU 6
[2026-07-16T06:37:32] Started split_multichannel | split_multichannel_005_yearly_low_mag_noise10_lt2 | run_1 | freq=52 | noise=1 | magnitude=50 | lead_time=2 | PID 2665650 | GPU 0
[2026-07-16T06:37:36] Started split_multichannel | split_multichannel_005_yearly_low_mag_noise10_lt2 | run_2 | freq=52 | noise=1 | magnitude=50 | lead_time=2 | PID 2665658 | GPU 1
[2026-07-16T06:37:39] Started split_multichannel | split_multichannel_005_yearly_low_mag_noise10_lt2 | run_3 | freq=52 | noise=1 | magnitude=50 | lead_time=2 | PID 2665666 | GPU 4
[2026-07-16T06:37:42] Started split_multichannel | split_multichannel_005_yearly_low_mag_noise10_lt2 | run_4 | freq=52 | noise=1 | magnitude=50 | lead_time=2 | PID 2665756 | GPU 2
[2026-07-16T06:37:46] Started split_multichannel | split_multichannel_005_yearly_low_mag_noise10_lt2 | run_5 | freq=52 | noise=1 | magnitude=50 | lead_time=2 | PID 2665793 | GPU 5
[2026-07-16T06:37:49] Started split_multichannel | split_multichannel_005_yearly_low_mag_noise10_lt2 | run_6 | freq=52 | noise=1 | magnitude=50 | lead_time=2 | PID 2665811 | GPU 3
[2026-07-16T06:37:52] Started split_multichannel | split_multichannel_005_yearly_low_mag_noise10_lt2 | run_8 | freq=52 | noise=1 | magnitude=50 | lead_time=2 | PID 2665867 | GPU 3
[2026-07-16T06:37:56] Started split_multichannel | split_multichannel_005_yearly_low_mag_noise10_lt2 | run_9 | freq=52 | noise=1 | magnitude=50 | lead_time=2 | PID 2665960 | GPU 0
[2026-07-16T06:37:59] Started split_multichannel | split_multichannel_006_yearly_low_mag_noise10_lt3 | run_0 | freq=52 | noise=1 | magnitude=50 | lead_time=3 | PID 2666040 | GPU 1
[2026-07-16T06:38:02] Started split_multichannel | split_multichannel_006_yearly_low_mag_noise10_lt3 | run_1 | freq=52 | noise=1 | magnitude=50 | lead_time=3 | PID 2666116 | GPU 2
[2026-07-16T06:38:06] Started split_multichannel | split_multichannel_006_yearly_low_mag_noise10_lt3 | run_2 | freq=52 | noise=1 | magnitude=50 | lead_time=3 | PID 2666191 | GPU 5
[2026-07-16T06:38:09] Started split_multichannel | split_multichannel_006_yearly_low_mag_noise10_lt3 | run_4 | freq=52 | noise=1 | magnitude=50 | lead_time=3 | PID 2666240 | GPU 4
[2026-07-16T06:38:12] Started split_multichannel | split_multichannel_006_yearly_low_mag_noise10_lt3 | run_5 | freq=52 | noise=1 | magnitude=50 | lead_time=3 | PID 2666248 | GPU 6
[2026-07-16T06:38:16] Started split_multichannel | split_multichannel_006_yearly_low_mag_noise10_lt3 | run_7 | freq=52 | noise=1 | magnitude=50 | lead_time=3 | PID 2666256 | GPU 7
[2026-07-16T06:38:19] Started split_multichannel | split_multichannel_007_yearly_low_mag_noise100_lt1 | run_0 | freq=52 | noise=1 | magnitude=50 | lead_time=1 | PID 2666264 | GPU 5
[2026-07-16T06:38:23] Started split_multichannel | split_multichannel_007_yearly_low_mag_noise100_lt1 | run_3 | freq=52 | noise=1 | magnitude=50 | lead_time=1 | PID 2666272 | GPU 3
[2026-07-16T06:38:26] Started split_multichannel | split_multichannel_007_yearly_low_mag_noise100_lt1 | run_4 | freq=52 | noise=1 | magnitude=50 | lead_time=1 | PID 2666462 | GPU 4
[2026-07-16T06:38:29] Started split_multichannel | split_multichannel_007_yearly_low_mag_noise100_lt1 | run_5 | freq=52 | noise=1 | magnitude=50 | lead_time=1 | PID 2666474 | GPU 0
[2026-07-16T06:38:33] Started split_multichannel | split_multichannel_007_yearly_low_mag_noise100_lt1 | run_6 | freq=52 | noise=1 | magnitude=50 | lead_time=1 | PID 2666490 | GPU 6
[2026-07-16T06:38:36] Started split_multichannel | split_multichannel_007_yearly_low_mag_noise100_lt1 | run_7 | freq=52 | noise=1 | magnitude=50 | lead_time=1 | PID 2666498 | GPU 7
[2026-07-16T06:38:39] Started split_multichannel | split_multichannel_007_yearly_low_mag_noise100_lt1 | run_8 | freq=52 | noise=1 | magnitude=50 | lead_time=1 | PID 2666506 | GPU 2
[2026-07-16T06:38:43] Started split_multichannel | split_multichannel_007_yearly_low_mag_noise100_lt1 | run_9 | freq=52 | noise=1 | magnitude=50 | lead_time=1 | PID 2666516 | GPU 1
[2026-07-16T06:54:45] Finished split_multichannel | split_multichannel_007_yearly_low_mag_noise100_lt1 | run_9 | freq=52 | noise=1 | magnitude=50 | lead_time=1
[2026-07-16T06:54:46] Started split_multichannel | split_multichannel_008_yearly_low_mag_noise100_lt2 | run_0 | freq=52 | noise=1 | magnitude=50 | lead_time=2 | PID 2691622 | GPU 0
[2026-07-16T06:54:49] Started split_multichannel | split_multichannel_008_yearly_low_mag_noise100_lt2 | run_2 | freq=52 | noise=1 | magnitude=50 | lead_time=2 | PID 2691632 | GPU 1
[2026-07-16T06:54:52] Started split_multichannel | split_multichannel_008_yearly_low_mag_noise100_lt2 | run_3 | freq=52 | noise=1 | magnitude=50 | lead_time=2 | PID 2691643 | GPU 2
[2026-07-16T06:54:56] Started split_multichannel | split_multichannel_008_yearly_low_mag_noise100_lt2 | run_4 | freq=52 | noise=1 | magnitude=50 | lead_time=2 | PID 2691654 | GPU 3
[2026-07-16T06:54:59] Started split_multichannel | split_multichannel_008_yearly_low_mag_noise100_lt2 | run_5 | freq=52 | noise=1 | magnitude=50 | lead_time=2 | PID 2691666 | GPU 4
[2026-07-16T06:55:02] Started split_multichannel | split_multichannel_008_yearly_low_mag_noise100_lt2 | run_6 | freq=52 | noise=1 | magnitude=50 | lead_time=2 | PID 2691688 | GPU 5
[2026-07-16T06:55:06] Started split_multichannel | split_multichannel_008_yearly_low_mag_noise100_lt2 | run_8 | freq=52 | noise=1 | magnitude=50 | lead_time=2 | PID 2691746 | GPU 6
[2026-07-16T06:55:09] Started split_multichannel | split_multichannel_009_yearly_low_mag_noise100_lt3 | run_0 | freq=52 | noise=1 | magnitude=50 | lead_time=3 | PID 2691757 | GPU 7
[2026-07-16T06:55:12] Started split_multichannel | split_multichannel_009_yearly_low_mag_noise100_lt3 | run_1 | freq=52 | noise=1 | magnitude=50 | lead_time=3 | PID 2691771 | GPU 7
[2026-07-16T06:55:16] Started split_multichannel | split_multichannel_009_yearly_low_mag_noise100_lt3 | run_3 | freq=52 | noise=1 | magnitude=50 | lead_time=3 | PID 2691779 | GPU 1
[2026-07-16T06:55:19] Started split_multichannel | split_multichannel_009_yearly_low_mag_noise100_lt3 | run_4 | freq=52 | noise=1 | magnitude=50 | lead_time=3 | PID 2691854 | GPU 3
[2026-07-16T06:55:22] Started split_multichannel | split_multichannel_009_yearly_low_mag_noise100_lt3 | run_5 | freq=52 | noise=1 | magnitude=50 | lead_time=3 | PID 2691904 | GPU 0
[2026-07-16T06:55:26] Started split_multichannel | split_multichannel_009_yearly_low_mag_noise100_lt3 | run_6 | freq=52 | noise=1 | magnitude=50 | lead_time=3 | PID 2691916 | GPU 4
[2026-07-16T06:55:29] Started split_multichannel | split_multichannel_009_yearly_low_mag_noise100_lt3 | run_8 | freq=52 | noise=1 | magnitude=50 | lead_time=3 | PID 2691944 | GPU 5
[2026-07-16T06:55:32] Started split_multichannel | split_multichannel_010_yearly_medium_mag_noise0_lt1 | run_2 | freq=52 | noise=1 | magnitude=100 | lead_time=1 | PID 2692032 | GPU 2
[2026-07-16T06:55:36] Started split_multichannel | split_multichannel_010_yearly_medium_mag_noise0_lt1 | run_3 | freq=52 | noise=1 | magnitude=100 | lead_time=1 | PID 2692288 | GPU 6
[2026-07-16T06:55:39] Started split_multichannel | split_multichannel_010_yearly_medium_mag_noise0_lt1 | run_4 | freq=52 | noise=1 | magnitude=100 | lead_time=1 | PID 2692363 | GPU 0
[2026-07-16T06:55:42] Started split_multichannel | split_multichannel_010_yearly_medium_mag_noise0_lt1 | run_5 | freq=52 | noise=1 | magnitude=100 | lead_time=1 | PID 2692439 | GPU 4
[2026-07-16T06:55:46] Started split_multichannel | split_multichannel_010_yearly_medium_mag_noise0_lt1 | run_6 | freq=52 | noise=1 | magnitude=100 | lead_time=1 | PID 2692486 | GPU 5
[2026-07-16T06:55:49] Started split_multichannel | split_multichannel_010_yearly_medium_mag_noise0_lt1 | run_8 | freq=52 | noise=1 | magnitude=100 | lead_time=1 | PID 2692495 | GPU 7
[2026-07-16T06:55:52] Started split_multichannel | split_multichannel_010_yearly_medium_mag_noise0_lt1 | run_9 | freq=52 | noise=1 | magnitude=100 | lead_time=1 | PID 2692503 | GPU 2
[2026-07-16T06:55:56] Started split_multichannel | split_multichannel_011_yearly_medium_mag_noise0_lt2 | run_0 | freq=52 | noise=1 | magnitude=100 | lead_time=2 | PID 2692511 | GPU 6
[2026-07-16T06:55:59] Started split_multichannel | split_multichannel_011_yearly_medium_mag_noise0_lt2 | run_1 | freq=52 | noise=1 | magnitude=100 | lead_time=2 | PID 2692557 | GPU 3
[2026-07-16T06:56:02] Started split_multichannel | split_multichannel_011_yearly_medium_mag_noise0_lt2 | run_2 | freq=52 | noise=1 | magnitude=100 | lead_time=2 | PID 2692565 | GPU 1
[2026-07-16T06:56:06] Started split_multichannel | split_multichannel_011_yearly_medium_mag_noise0_lt2 | run_3 | freq=52 | noise=1 | magnitude=100 | lead_time=2 | PID 2694353 | GPU 0
[2026-07-16T06:56:09] Started split_multichannel | split_multichannel_011_yearly_medium_mag_noise0_lt2 | run_5 | freq=52 | noise=1 | magnitude=100 | lead_time=2 | PID 2696304 | GPU 4
[2026-07-16T06:56:20] Started split_multichannel | split_multichannel_019_yearly_high_mag_noise0_lt1 | run_9 | freq=52 | noise=1 | magnitude=200 | lead_time=1 | PID 2701248 | GPU 3
[2026-07-16T06:56:38] Started split_multichannel | split_multichannel_034_half_yearly_low_mag_noise100_lt1 | run_8 | freq=26 | noise=1 | magnitude=50 | lead_time=1 | PID 2703153 | GPU 6
[2026-07-16T06:56:47] Started split_multichannel | split_multichannel_039_half_yearly_medium_mag_noise0_lt3 | run_9 | freq=26 | noise=1 | magnitude=100 | lead_time=3 | PID 2703335 | GPU 2
[2026-07-16T06:57:05] Started split_multichannel | split_multichannel_052_half_yearly_high_mag_noise100_lt1 | run_6 | freq=26 | noise=1 | magnitude=200 | lead_time=1 | PID 2703842 | GPU 5
[2026-07-16T06:57:43] Started split_multichannel | split_multichannel_084_half_quarterly_low_mag_noise0_lt3 | run_1 | freq=7 | noise=1 | magnitude=50 | lead_time=3 | PID 2704845 | GPU 1
[2026-07-16T06:58:25] Started local_timemixer | local_timemixer_011_yearly_medium_mag_noise0_lt2 | run_8 | freq=52 | noise=1 | magnitude=100 | lead_time=2 | PID 2705935 | GPU 7
[2026-07-16T07:12:15] Finished local_timemixer | local_timemixer_011_yearly_medium_mag_noise0_lt2 | run_8 | freq=52 | noise=1 | magnitude=100 | lead_time=2
[2026-07-16T07:12:16] Started split_multichannel | split_multichannel_011_yearly_medium_mag_noise0_lt2 | run_6 | freq=52 | noise=1 | magnitude=100 | lead_time=2 | PID 2727950 | GPU 0
[2026-07-16T07:12:19] Started split_multichannel | split_multichannel_011_yearly_medium_mag_noise0_lt2 | run_8 | freq=52 | noise=1 | magnitude=100 | lead_time=2 | PID 2727995 | GPU 1
[2026-07-16T07:12:23] Started split_multichannel | split_multichannel_011_yearly_medium_mag_noise0_lt2 | run_9 | freq=52 | noise=1 | magnitude=100 | lead_time=2 | PID 2728018 | GPU 2
[2026-07-16T07:12:26] Started split_multichannel | split_multichannel_012_yearly_medium_mag_noise0_lt3 | run_0 | freq=52 | noise=1 | magnitude=100 | lead_time=3 | PID 2728033 | GPU 3
[2026-07-16T07:12:29] Started split_multichannel | split_multichannel_012_yearly_medium_mag_noise0_lt3 | run_4 | freq=52 | noise=1 | magnitude=100 | lead_time=3 | PID 2728045 | GPU 4
[2026-07-16T07:12:33] Started split_multichannel | split_multichannel_012_yearly_medium_mag_noise0_lt3 | run_5 | freq=52 | noise=1 | magnitude=100 | lead_time=3 | PID 2728064 | GPU 5
[2026-07-16T07:12:36] Started split_multichannel | split_multichannel_012_yearly_medium_mag_noise0_lt3 | run_7 | freq=52 | noise=1 | magnitude=100 | lead_time=3 | PID 2728075 | GPU 6
[2026-07-16T07:12:39] Started split_multichannel | split_multichannel_012_yearly_medium_mag_noise0_lt3 | run_8 | freq=52 | noise=1 | magnitude=100 | lead_time=3 | PID 2728086 | GPU 7
[2026-07-16T07:12:43] Started split_multichannel | split_multichannel_012_yearly_medium_mag_noise0_lt3 | run_9 | freq=52 | noise=1 | magnitude=100 | lead_time=3 | PID 2728099 | GPU 7
[2026-07-16T07:12:46] Started split_multichannel | split_multichannel_013_yearly_medium_mag_noise10_lt1 | run_1 | freq=52 | noise=1 | magnitude=100 | lead_time=1 | PID 2728111 | GPU 6
[2026-07-16T07:12:49] Started split_multichannel | split_multichannel_013_yearly_medium_mag_noise10_lt1 | run_2 | freq=52 | noise=1 | magnitude=100 | lead_time=1 | PID 2728119 | GPU 0
[2026-07-16T07:12:53] Started split_multichannel | split_multichannel_013_yearly_medium_mag_noise10_lt1 | run_3 | freq=52 | noise=1 | magnitude=100 | lead_time=1 | PID 2728127 | GPU 1
[2026-07-16T07:12:56] Started split_multichannel | split_multichannel_013_yearly_medium_mag_noise10_lt1 | run_4 | freq=52 | noise=1 | magnitude=100 | lead_time=1 | PID 2728313 | GPU 2
[2026-07-16T07:12:59] Started split_multichannel | split_multichannel_013_yearly_medium_mag_noise10_lt1 | run_5 | freq=52 | noise=1 | magnitude=100 | lead_time=1 | PID 2728321 | GPU 4
[2026-07-16T07:13:03] Started split_multichannel | split_multichannel_013_yearly_medium_mag_noise10_lt1 | run_7 | freq=52 | noise=1 | magnitude=100 | lead_time=1 | PID 2728335 | GPU 3
[2026-07-16T07:13:06] Started split_multichannel | split_multichannel_013_yearly_medium_mag_noise10_lt1 | run_8 | freq=52 | noise=1 | magnitude=100 | lead_time=1 | PID 2728446 | GPU 5
[2026-07-16T07:13:09] Started split_multichannel | split_multichannel_013_yearly_medium_mag_noise10_lt1 | run_9 | freq=52 | noise=1 | magnitude=100 | lead_time=1 | PID 2728454 | GPU 5
[2026-07-16T07:13:13] Started split_multichannel | split_multichannel_014_yearly_medium_mag_noise10_lt2 | run_0 | freq=52 | noise=1 | magnitude=100 | lead_time=2 | PID 2728491 | GPU 2
[2026-07-16T07:13:16] Started split_multichannel | split_multichannel_014_yearly_medium_mag_noise10_lt2 | run_1 | freq=52 | noise=1 | magnitude=100 | lead_time=2 | PID 2728570 | GPU 6
[2026-07-16T07:13:19] Started split_multichannel | split_multichannel_014_yearly_medium_mag_noise10_lt2 | run_2 | freq=52 | noise=1 | magnitude=100 | lead_time=2 | PID 2728648 | GPU 7
[2026-07-16T07:13:23] Started split_multichannel | split_multichannel_014_yearly_medium_mag_noise10_lt2 | run_3 | freq=52 | noise=1 | magnitude=100 | lead_time=2 | PID 2728708 | GPU 1
[2026-07-16T07:13:26] Started split_multichannel | split_multichannel_014_yearly_medium_mag_noise10_lt2 | run_4 | freq=52 | noise=1 | magnitude=100 | lead_time=2 | PID 2728811 | GPU 4
[2026-07-16T07:13:29] Started split_multichannel | split_multichannel_014_yearly_medium_mag_noise10_lt2 | run_6 | freq=52 | noise=1 | magnitude=100 | lead_time=2 | PID 2728885 | GPU 0
[2026-07-16T07:13:33] Started split_multichannel | split_multichannel_014_yearly_medium_mag_noise10_lt2 | run_7 | freq=52 | noise=1 | magnitude=100 | lead_time=2 | PID 2728911 | GPU 3
[2026-07-16T07:13:36] Started split_multichannel | split_multichannel_014_yearly_medium_mag_noise10_lt2 | run_8 | freq=52 | noise=1 | magnitude=100 | lead_time=2 | PID 2728921 | GPU 3
[2026-07-16T07:13:48] Started split_multichannel | split_multichannel_023_yearly_high_mag_noise10_lt2 | run_6 | freq=52 | noise=1 | magnitude=200 | lead_time=2 | PID 2729082 | GPU 4
[2026-07-16T07:13:58] Started split_multichannel | split_multichannel_030_half_yearly_low_mag_noise0_lt3 | run_6 | freq=26 | noise=1 | magnitude=50 | lead_time=3 | PID 2729392 | GPU 0
[2026-07-16T07:14:06] Started split_multichannel | split_multichannel_034_half_yearly_low_mag_noise100_lt1 | run_6 | freq=26 | noise=1 | magnitude=50 | lead_time=1 | PID 2729564 | GPU 6
[2026-07-16T07:14:10] Started split_multichannel | split_multichannel_035_half_yearly_low_mag_noise100_lt2 | run_5 | freq=26 | noise=1 | magnitude=50 | lead_time=2 | PID 2729606 | GPU 2
[2026-07-16T07:14:14] Started split_multichannel | split_multichannel_035_half_yearly_low_mag_noise100_lt2 | run_6 | freq=26 | noise=1 | magnitude=50 | lead_time=2 | PID 2729614 | GPU 1
[2026-07-16T07:14:17] Started split_multichannel | split_multichannel_035_half_yearly_low_mag_noise100_lt2 | run_7 | freq=26 | noise=1 | magnitude=50 | lead_time=2 | PID 2729642 | GPU 7
[2026-07-16T07:14:22] Started split_multichannel | split_multichannel_036_half_yearly_low_mag_noise100_lt3 | run_6 | freq=26 | noise=1 | magnitude=50 | lead_time=3 | PID 2729664 | GPU 5
[2026-07-16T07:29:50] Finished split_multichannel | split_multichannel_036_half_yearly_low_mag_noise100_lt3 | run_6 | freq=26 | noise=1 | magnitude=50 | lead_time=3
[2026-07-16T07:29:51] Started split_multichannel | split_multichannel_015_yearly_medium_mag_noise10_lt3 | run_0 | freq=52 | noise=1 | magnitude=100 | lead_time=3 | PID 2753872 | GPU 0
[2026-07-16T07:29:54] Started split_multichannel | split_multichannel_015_yearly_medium_mag_noise10_lt3 | run_1 | freq=52 | noise=1 | magnitude=100 | lead_time=3 | PID 2753953 | GPU 1
[2026-07-16T07:29:58] Started split_multichannel | split_multichannel_015_yearly_medium_mag_noise10_lt3 | run_2 | freq=52 | noise=1 | magnitude=100 | lead_time=3 | PID 2753964 | GPU 2
[2026-07-16T07:30:01] Started split_multichannel | split_multichannel_015_yearly_medium_mag_noise10_lt3 | run_5 | freq=52 | noise=1 | magnitude=100 | lead_time=3 | PID 2753975 | GPU 3
[2026-07-16T07:30:04] Started split_multichannel | split_multichannel_015_yearly_medium_mag_noise10_lt3 | run_6 | freq=52 | noise=1 | magnitude=100 | lead_time=3 | PID 2753987 | GPU 4
[2026-07-16T07:30:08] Started split_multichannel | split_multichannel_015_yearly_medium_mag_noise10_lt3 | run_7 | freq=52 | noise=1 | magnitude=100 | lead_time=3 | PID 2754176 | GPU 5
[2026-07-16T07:30:11] Started split_multichannel | split_multichannel_015_yearly_medium_mag_noise10_lt3 | run_9 | freq=52 | noise=1 | magnitude=100 | lead_time=3 | PID 2754187 | GPU 6
[2026-07-16T07:30:14] Started split_multichannel | split_multichannel_016_yearly_medium_mag_noise100_lt1 | run_0 | freq=52 | noise=1 | magnitude=100 | lead_time=1 | PID 2754198 | GPU 7
[2026-07-16T07:30:18] Started split_multichannel | split_multichannel_016_yearly_medium_mag_noise100_lt1 | run_1 | freq=52 | noise=1 | magnitude=100 | lead_time=1 | PID 2754213 | GPU 7
[2026-07-16T07:30:21] Started split_multichannel | split_multichannel_016_yearly_medium_mag_noise100_lt1 | run_2 | freq=52 | noise=1 | magnitude=100 | lead_time=1 | PID 2754224 | GPU 6
[2026-07-16T07:30:24] Started split_multichannel | split_multichannel_016_yearly_medium_mag_noise100_lt1 | run_3 | freq=52 | noise=1 | magnitude=100 | lead_time=1 | PID 2754232 | GPU 0
[2026-07-16T07:30:28] Started split_multichannel | split_multichannel_016_yearly_medium_mag_noise100_lt1 | run_4 | freq=52 | noise=1 | magnitude=100 | lead_time=1 | PID 2754244 | GPU 2
[2026-07-16T07:30:31] Started split_multichannel | split_multichannel_016_yearly_medium_mag_noise100_lt1 | run_5 | freq=52 | noise=1 | magnitude=100 | lead_time=1 | PID 2754253 | GPU 1
[2026-07-16T07:30:34] Started split_multichannel | split_multichannel_016_yearly_medium_mag_noise100_lt1 | run_6 | freq=52 | noise=1 | magnitude=100 | lead_time=1 | PID 2754291 | GPU 4
[2026-07-16T07:30:38] Started split_multichannel | split_multichannel_016_yearly_medium_mag_noise100_lt1 | run_7 | freq=52 | noise=1 | magnitude=100 | lead_time=1 | PID 2754332 | GPU 3
[2026-07-16T07:30:41] Started split_multichannel | split_multichannel_016_yearly_medium_mag_noise100_lt1 | run_8 | freq=52 | noise=1 | magnitude=100 | lead_time=1 | PID 2754418 | GPU 5
[2026-07-16T07:30:44] Started split_multichannel | split_multichannel_016_yearly_medium_mag_noise100_lt1 | run_9 | freq=52 | noise=1 | magnitude=100 | lead_time=1 | PID 2754459 | GPU 5
[2026-07-16T07:30:47] Started split_multichannel | split_multichannel_017_yearly_medium_mag_noise100_lt2 | run_0 | freq=52 | noise=1 | magnitude=100 | lead_time=2 | PID 2754467 | GPU 2
[2026-07-16T07:30:51] Started split_multichannel | split_multichannel_017_yearly_medium_mag_noise100_lt2 | run_1 | freq=52 | noise=1 | magnitude=100 | lead_time=2 | PID 2754479 | GPU 0
[2026-07-16T07:30:54] Started split_multichannel | split_multichannel_017_yearly_medium_mag_noise100_lt2 | run_2 | freq=52 | noise=1 | magnitude=100 | lead_time=2 | PID 2754489 | GPU 4
[2026-07-16T07:30:57] Started split_multichannel | split_multichannel_017_yearly_medium_mag_noise100_lt2 | run_3 | freq=52 | noise=1 | magnitude=100 | lead_time=2 | PID 2754565 | GPU 1
[2026-07-16T07:31:01] Started split_multichannel | split_multichannel_017_yearly_medium_mag_noise100_lt2 | run_4 | freq=52 | noise=1 | magnitude=100 | lead_time=2 | PID 2754639 | GPU 3
[2026-07-16T07:31:04] Started split_multichannel | split_multichannel_017_yearly_medium_mag_noise100_lt2 | run_6 | freq=52 | noise=1 | magnitude=100 | lead_time=2 | PID 2754714 | GPU 6
[2026-07-16T07:31:07] Started split_multichannel | split_multichannel_017_yearly_medium_mag_noise100_lt2 | run_7 | freq=52 | noise=1 | magnitude=100 | lead_time=2 | PID 2754965 | GPU 7
[2026-07-16T07:31:11] Started split_multichannel | split_multichannel_018_yearly_medium_mag_noise100_lt3 | run_0 | freq=52 | noise=1 | magnitude=100 | lead_time=3 | PID 2755037 | GPU 7
[2026-07-16T07:31:14] Started split_multichannel | split_multichannel_018_yearly_medium_mag_noise100_lt3 | run_1 | freq=52 | noise=1 | magnitude=100 | lead_time=3 | PID 2755045 | GPU 6
[2026-07-16T07:31:24] Started split_multichannel | split_multichannel_024_yearly_high_mag_noise10_lt3 | run_8 | freq=52 | noise=1 | magnitude=200 | lead_time=3 | PID 2755171 | GPU 5
[2026-07-16T07:31:44] Started split_multichannel | split_multichannel_041_half_yearly_medium_mag_noise10_lt2 | run_6 | freq=26 | noise=1 | magnitude=100 | lead_time=2 | PID 2755645 | GPU 2
[2026-07-16T07:32:07] Started split_multichannel | split_multichannel_059_quarterly_low_mag_noise10_lt2 | run_1 | freq=13 | noise=1 | magnitude=50 | lead_time=2 | PID 2756009 | GPU 4
[2026-07-16T07:32:18] Started split_multichannel | split_multichannel_066_quarterly_medium_mag_noise0_lt3 | run_4 | freq=13 | noise=1 | magnitude=100 | lead_time=3 | PID 2756483 | GPU 1
[2026-07-16T07:32:31] Started split_multichannel | split_multichannel_074_quarterly_high_mag_noise0_lt2 | run_5 | freq=13 | noise=1 | magnitude=200 | lead_time=2 | PID 2756854 | GPU 0
[2026-07-16T07:32:49] Started split_multichannel | split_multichannel_088_half_quarterly_low_mag_noise100_lt1 | run_1 | freq=7 | noise=1 | magnitude=50 | lead_time=1 | PID 2757297 | GPU 3
[2026-07-16T07:47:20] Finished split_multichannel | split_multichannel_088_half_quarterly_low_mag_noise100_lt1 | run_1 | freq=7 | noise=1 | magnitude=50 | lead_time=1
[2026-07-16T07:47:20] Started split_multichannel | split_multichannel_018_yearly_medium_mag_noise100_lt3 | run_3 | freq=52 | noise=1 | magnitude=100 | lead_time=3 | PID 2779561 | GPU 0
[2026-07-16T07:47:24] Started split_multichannel | split_multichannel_018_yearly_medium_mag_noise100_lt3 | run_5 | freq=52 | noise=1 | magnitude=100 | lead_time=3 | PID 2779744 | GPU 1
[2026-07-16T07:47:27] Started split_multichannel | split_multichannel_018_yearly_medium_mag_noise100_lt3 | run_6 | freq=52 | noise=1 | magnitude=100 | lead_time=3 | PID 2779836 | GPU 2
[2026-07-16T07:47:31] Started split_multichannel | split_multichannel_018_yearly_medium_mag_noise100_lt3 | run_7 | freq=52 | noise=1 | magnitude=100 | lead_time=3 | PID 2779928 | GPU 3
[2026-07-16T07:47:34] Started split_multichannel | split_multichannel_018_yearly_medium_mag_noise100_lt3 | run_8 | freq=52 | noise=1 | magnitude=100 | lead_time=3 | PID 2780024 | GPU 4
[2026-07-16T07:47:37] Started split_multichannel | split_multichannel_018_yearly_medium_mag_noise100_lt3 | run_9 | freq=52 | noise=1 | magnitude=100 | lead_time=3 | PID 2780066 | GPU 5
[2026-07-16T07:47:41] Started split_multichannel | split_multichannel_019_yearly_high_mag_noise0_lt1 | run_0 | freq=52 | noise=1 | magnitude=200 | lead_time=1 | PID 2780077 | GPU 6
[2026-07-16T07:47:44] Started split_multichannel | split_multichannel_019_yearly_high_mag_noise0_lt1 | run_1 | freq=52 | noise=1 | magnitude=200 | lead_time=1 | PID 2780090 | GPU 7
[2026-07-16T07:47:47] Started split_multichannel | split_multichannel_019_yearly_high_mag_noise0_lt1 | run_2 | freq=52 | noise=1 | magnitude=200 | lead_time=1 | PID 2780112 | GPU 7
[2026-07-16T07:47:51] Started split_multichannel | split_multichannel_019_yearly_high_mag_noise0_lt1 | run_3 | freq=52 | noise=1 | magnitude=200 | lead_time=1 | PID 2780164 | GPU 5
[2026-07-16T07:47:54] Started split_multichannel | split_multichannel_019_yearly_high_mag_noise0_lt1 | run_4 | freq=52 | noise=1 | magnitude=200 | lead_time=1 | PID 2780172 | GPU 4
[2026-07-16T07:47:57] Started split_multichannel | split_multichannel_019_yearly_high_mag_noise0_lt1 | run_5 | freq=52 | noise=1 | magnitude=200 | lead_time=1 | PID 2780184 | GPU 0
[2026-07-16T07:48:01] Started split_multichannel | split_multichannel_019_yearly_high_mag_noise0_lt1 | run_6 | freq=52 | noise=1 | magnitude=200 | lead_time=1 | PID 2780192 | GPU 1
[2026-07-16T07:48:04] Started split_multichannel | split_multichannel_019_yearly_high_mag_noise0_lt1 | run_7 | freq=52 | noise=1 | magnitude=200 | lead_time=1 | PID 2780200 | GPU 6
[2026-07-16T07:48:07] Started split_multichannel | split_multichannel_019_yearly_high_mag_noise0_lt1 | run_8 | freq=52 | noise=1 | magnitude=200 | lead_time=1 | PID 2780208 | GPU 3
[2026-07-16T07:48:11] Started split_multichannel | split_multichannel_020_yearly_high_mag_noise0_lt2 | run_0 | freq=52 | noise=1 | magnitude=200 | lead_time=2 | PID 2780216 | GPU 2
[2026-07-16T07:48:14] Started split_multichannel | split_multichannel_020_yearly_high_mag_noise0_lt2 | run_1 | freq=52 | noise=1 | magnitude=200 | lead_time=2 | PID 2780224 | GPU 2
[2026-07-16T07:48:17] Started split_multichannel | split_multichannel_020_yearly_high_mag_noise0_lt2 | run_2 | freq=52 | noise=1 | magnitude=200 | lead_time=2 | PID 2780232 | GPU 0
[2026-07-16T07:48:20] Started split_multichannel | split_multichannel_020_yearly_high_mag_noise0_lt2 | run_3 | freq=52 | noise=1 | magnitude=200 | lead_time=2 | PID 2780418 | GPU 1
[2026-07-16T07:48:24] Started split_multichannel | split_multichannel_020_yearly_high_mag_noise0_lt2 | run_4 | freq=52 | noise=1 | magnitude=200 | lead_time=2 | PID 2780430 | GPU 5
[2026-07-16T07:48:27] Started split_multichannel | split_multichannel_020_yearly_high_mag_noise0_lt2 | run_7 | freq=52 | noise=1 | magnitude=200 | lead_time=2 | PID 2780550 | GPU 7
[2026-07-16T07:48:30] Started split_multichannel | split_multichannel_020_yearly_high_mag_noise0_lt2 | run_8 | freq=52 | noise=1 | magnitude=200 | lead_time=2 | PID 2780559 | GPU 3
[2026-07-16T07:48:34] Started split_multichannel | split_multichannel_020_yearly_high_mag_noise0_lt2 | run_9 | freq=52 | noise=1 | magnitude=200 | lead_time=2 | PID 2780575 | GPU 4
[2026-07-16T07:48:37] Started split_multichannel | split_multichannel_021_yearly_high_mag_noise0_lt3 | run_0 | freq=52 | noise=1 | magnitude=200 | lead_time=3 | PID 2780622 | GPU 6
[2026-07-16T07:48:41] Started split_multichannel | split_multichannel_021_yearly_high_mag_noise0_lt3 | run_1 | freq=52 | noise=1 | magnitude=200 | lead_time=3 | PID 2780698 | GPU 6
[2026-07-16T07:50:29] Started local_timemixer | local_timemixer_011_yearly_medium_mag_noise0_lt2 | run_5 | freq=52 | noise=1 | magnitude=100 | lead_time=2 | PID 2783833 | GPU 3
[2026-07-16T07:50:38] Started local_timemixer | local_timemixer_016_yearly_medium_mag_noise100_lt1 | run_6 | freq=52 | noise=1 | magnitude=100 | lead_time=1 | PID 2783983 | GPU 2
[2026-07-16T07:50:45] Started local_timemixer | local_timemixer_020_yearly_high_mag_noise0_lt2 | run_0 | freq=52 | noise=1 | magnitude=200 | lead_time=2 | PID 2784057 | GPU 0
[2026-07-16T07:50:48] Started local_timemixer | local_timemixer_020_yearly_high_mag_noise0_lt2 | run_1 | freq=52 | noise=1 | magnitude=200 | lead_time=2 | PID 2784064 | GPU 1
[2026-07-16T07:50:59] Started local_timemixer | local_timemixer_027_yearly_high_mag_noise100_lt3 | run_0 | freq=52 | noise=1 | magnitude=200 | lead_time=3 | PID 2784214 | GPU 4
[2026-07-16T07:51:03] Started local_timemixer | local_timemixer_027_yearly_high_mag_noise100_lt3 | run_1 | freq=52 | noise=1 | magnitude=200 | lead_time=3 | PID 2784238 | GPU 5
[2026-07-16T07:51:15] Started local_timemixer | local_timemixer_035_half_yearly_low_mag_noise100_lt2 | run_2 | freq=26 | noise=1 | magnitude=50 | lead_time=2 | PID 2784466 | GPU 7
[2026-07-16T08:04:12] Finished local_timemixer | local_timemixer_035_half_yearly_low_mag_noise100_lt2 | run_2 | freq=26 | noise=1 | magnitude=50 | lead_time=2
[2026-07-16T08:04:13] Started split_multichannel | split_multichannel_021_yearly_high_mag_noise0_lt3 | run_2 | freq=52 | noise=1 | magnitude=200 | lead_time=3 | PID 2815480 | GPU 0
[2026-07-16T08:04:17] Started split_multichannel | split_multichannel_021_yearly_high_mag_noise0_lt3 | run_3 | freq=52 | noise=1 | magnitude=200 | lead_time=3 | PID 2815507 | GPU 1
[2026-07-16T08:04:20] Started split_multichannel | split_multichannel_021_yearly_high_mag_noise0_lt3 | run_4 | freq=52 | noise=1 | magnitude=200 | lead_time=3 | PID 2815518 | GPU 2
[2026-07-16T08:04:23] Started split_multichannel | split_multichannel_021_yearly_high_mag_noise0_lt3 | run_5 | freq=52 | noise=1 | magnitude=200 | lead_time=3 | PID 2815529 | GPU 3
[2026-07-16T08:04:27] Started split_multichannel | split_multichannel_021_yearly_high_mag_noise0_lt3 | run_6 | freq=52 | noise=1 | magnitude=200 | lead_time=3 | PID 2815544 | GPU 4
[2026-07-16T08:04:30] Started split_multichannel | split_multichannel_021_yearly_high_mag_noise0_lt3 | run_7 | freq=52 | noise=1 | magnitude=200 | lead_time=3 | PID 2815736 | GPU 5
[2026-07-16T08:04:33] Started split_multichannel | split_multichannel_021_yearly_high_mag_noise0_lt3 | run_9 | freq=52 | noise=1 | magnitude=200 | lead_time=3 | PID 2815755 | GPU 6
[2026-07-16T08:04:37] Started split_multichannel | split_multichannel_022_yearly_high_mag_noise10_lt1 | run_0 | freq=52 | noise=1 | magnitude=200 | lead_time=1 | PID 2815766 | GPU 7
[2026-07-16T08:04:40] Started split_multichannel | split_multichannel_022_yearly_high_mag_noise10_lt1 | run_1 | freq=52 | noise=1 | magnitude=200 | lead_time=1 | PID 2815777 | GPU 7
[2026-07-16T08:04:43] Started split_multichannel | split_multichannel_022_yearly_high_mag_noise10_lt1 | run_2 | freq=52 | noise=1 | magnitude=200 | lead_time=1 | PID 2815787 | GPU 6
[2026-07-16T08:04:47] Started split_multichannel | split_multichannel_022_yearly_high_mag_noise10_lt1 | run_3 | freq=52 | noise=1 | magnitude=200 | lead_time=1 | PID 2815795 | GPU 0
[2026-07-16T08:04:50] Started split_multichannel | split_multichannel_022_yearly_high_mag_noise10_lt1 | run_4 | freq=52 | noise=1 | magnitude=200 | lead_time=1 | PID 2815803 | GPU 1
[2026-07-16T08:04:53] Started split_multichannel | split_multichannel_022_yearly_high_mag_noise10_lt1 | run_6 | freq=52 | noise=1 | magnitude=200 | lead_time=1 | PID 2815811 | GPU 4
[2026-07-16T08:04:57] Started split_multichannel | split_multichannel_022_yearly_high_mag_noise10_lt1 | run_7 | freq=52 | noise=1 | magnitude=200 | lead_time=1 | PID 2815820 | GPU 3
[2026-07-16T08:05:00] Started split_multichannel | split_multichannel_022_yearly_high_mag_noise10_lt1 | run_8 | freq=52 | noise=1 | magnitude=200 | lead_time=1 | PID 2815849 | GPU 2
[2026-07-16T08:05:03] Started split_multichannel | split_multichannel_022_yearly_high_mag_noise10_lt1 | run_9 | freq=52 | noise=1 | magnitude=200 | lead_time=1 | PID 2816003 | GPU 5
[2026-07-16T08:05:07] Started split_multichannel | split_multichannel_023_yearly_high_mag_noise10_lt2 | run_0 | freq=52 | noise=1 | magnitude=200 | lead_time=2 | PID 2816067 | GPU 5
[2026-07-16T08:05:10] Started split_multichannel | split_multichannel_023_yearly_high_mag_noise10_lt2 | run_1 | freq=52 | noise=1 | magnitude=200 | lead_time=2 | PID 2816143 | GPU 0
[2026-07-16T08:05:13] Started split_multichannel | split_multichannel_023_yearly_high_mag_noise10_lt2 | run_2 | freq=52 | noise=1 | magnitude=200 | lead_time=2 | PID 2816219 | GPU 3
[2026-07-16T08:05:17] Started split_multichannel | split_multichannel_023_yearly_high_mag_noise10_lt2 | run_3 | freq=52 | noise=1 | magnitude=200 | lead_time=2 | PID 2816293 | GPU 1
[2026-07-16T08:05:20] Started split_multichannel | split_multichannel_023_yearly_high_mag_noise10_lt2 | run_4 | freq=52 | noise=1 | magnitude=200 | lead_time=2 | PID 2816363 | GPU 4
[2026-07-16T08:05:23] Started split_multichannel | split_multichannel_023_yearly_high_mag_noise10_lt2 | run_5 | freq=52 | noise=1 | magnitude=200 | lead_time=2 | PID 2816386 | GPU 6
[2026-07-16T08:05:26] Started split_multichannel | split_multichannel_023_yearly_high_mag_noise10_lt2 | run_7 | freq=52 | noise=1 | magnitude=200 | lead_time=2 | PID 2816394 | GPU 7
[2026-07-16T08:05:30] Started split_multichannel | split_multichannel_023_yearly_high_mag_noise10_lt2 | run_8 | freq=52 | noise=1 | magnitude=200 | lead_time=2 | PID 2816587 | GPU 2
[2026-07-16T08:05:33] Started split_multichannel | split_multichannel_023_yearly_high_mag_noise10_lt2 | run_9 | freq=52 | noise=1 | magnitude=200 | lead_time=2 | PID 2816603 | GPU 2
[2026-07-16T08:06:35] Started split_multichannel | split_multichannel_079_quarterly_high_mag_noise100_lt1 | run_5 | freq=13 | noise=1 | magnitude=200 | lead_time=1 | PID 2818303 | GPU 3
[2026-07-16T08:07:36] Started local_timemixer | local_timemixer_025_yearly_high_mag_noise100_lt1 | run_0 | freq=52 | noise=1 | magnitude=200 | lead_time=1 | PID 2819769 | GPU 0
[2026-07-16T08:07:39] Started local_timemixer | local_timemixer_025_yearly_high_mag_noise100_lt1 | run_1 | freq=52 | noise=1 | magnitude=200 | lead_time=1 | PID 2819813 | GPU 1
[2026-07-16T08:07:52] Started local_timemixer | local_timemixer_033_half_yearly_low_mag_noise10_lt3 | run_6 | freq=26 | noise=1 | magnitude=50 | lead_time=3 | PID 2820235 | GPU 4
[2026-07-16T08:07:56] Started local_timemixer | local_timemixer_033_half_yearly_low_mag_noise10_lt3 | run_7 | freq=26 | noise=1 | magnitude=50 | lead_time=3 | PID 2820287 | GPU 5
[2026-07-16T08:08:01] Started local_timemixer | local_timemixer_035_half_yearly_low_mag_noise100_lt2 | run_9 | freq=26 | noise=1 | magnitude=50 | lead_time=2 | PID 2820336 | GPU 7
[2026-07-16T08:08:05] Started local_timemixer | local_timemixer_036_half_yearly_low_mag_noise100_lt3 | run_0 | freq=26 | noise=1 | magnitude=50 | lead_time=3 | PID 2820348 | GPU 6
